thisN,thisTrialN,thisRepN,mouse.x,mouse.y,mouse.leftButton,mouse.midButton,mouse.rightButton,mouse.time,mouse.clicked_name,trials.thisRepN,trials.thisTrialN,trials.thisN,trials.thisIndex,thisRow.t,notes,num_distr,trial.started,fixation.started,target.started,mouse.started,trial.stopped,trials.mouse.x,trials.mouse.y,trials.mouse.leftButton,trials.mouse.midButton,trials.mouse.rightButton,trials.mouse.time,trials.mouse.clicked_name,participant,session,date,expName,expVersion,psychopyVersion,frameRate,expStart,
0,0,0,"[np.float64(-0.415), np.float64(-0.41)]","[np.float64(0.24166666666666667), np.float64(0.245)]","[1, 1]","[0, 0]","[0, 0]","[1.6807434000074863, 2.5574037000187673]","[None, 'target']",0,0,0,0,0.04446309997001663,,5,0.029832399974111468,0.04446309997001663,0.04446309997001663,0.029864399984944612,2.5873628999688663,"[np.float64(-0.415), np.float64(-0.41)]","[np.float64(0.24166666666666667), np.float64(0.245)]","[1, 1]","[0, 0]","[0, 0]","[1.6807434000074863, 2.5574037000187673]","[None, 'target']",001,001,2025-09-29_15h41.40.318,Visual Search Experiment Bhumika Bajaj AU2320057,,2025.1.1,61.31377016399075,2025-09-29 15h42.11.677948 +0530,
1,0,1,[np.float64(0.3016666666666667)],[np.float64(-0.45)],[1],[0],[0],[2.177574299974367],['target'],1,0,1,0,2.6292699999758042,,5,2.6101187999593094,2.6292699999758042,2.6292699999758042,0.022536200005561113,4.787821599980816,[np.float64(0.3016666666666667)],[np.float64(-0.45)],[1],[0],[0],[2.177574299974367],['target'],001,001,2025-09-29_15h41.40.318,Visual Search Experiment Bhumika Bajaj AU2320057,,2025.1.1,61.31377016399075,2025-09-29 15h42.11.677948 +0530,
2,0,2,[np.float64(0.35833333333333334)],[np.float64(0.3383333333333333)],[1],[0],[0],[2.498959599994123],['target'],2,0,2,0,4.8457889999845065,,10,4.819909399957396,4.8457889999845065,4.8457889999845065,0.03184409998357296,7.318999799957965,[np.float64(0.35833333333333334)],[np.float64(0.3383333333333333)],[1],[0],[0],[2.498959599994123],['target'],001,001,2025-09-29_15h41.40.318,Visual Search Experiment Bhumika Bajaj AU2320057,,2025.1.1,61.31377016399075,2025-09-29 15h42.11.677948 +0530,
3,0,3,[np.float64(0.09333333333333334)],[np.float64(0.17833333333333334)],[1],[0],[0],[1.63264959998196],['target'],3,0,3,0,7.378837900003418,,10,7.3545470999670215,7.378837900003418,7.378837900003418,0.03526380000403151,8.987327899958473,[np.float64(0.09333333333333334)],[np.float64(0.17833333333333334)],[1],[0],[0],[1.63264959998196],['target'],001,001,2025-09-29_15h41.40.318,Visual Search Experiment Bhumika Bajaj AU2320057,,2025.1.1,61.31377016399075,2025-09-29 15h42.11.677948 +0530,
4,0,4,"[np.float64(0.345), np.float64(0.32666666666666666)]","[np.float64(0.18166666666666667), np.float64(0.20333333333333334)]","[1, 1]","[0, 0]","[0, 0]","[1.668475500016939, 4.0272502999869175]","[None, 'target']",4,0,4,0,9.045558099984191,,10,9.024180099950172,9.045558099984191,9.045558099984191,0.0365812000236474,13.051542999979574,"[np.float64(0.345), np.float64(0.32666666666666666)]","[np.float64(0.18166666666666667), np.float64(0.20333333333333334)]","[1, 1]","[0, 0]","[0, 0]","[1.668475500016939, 4.0272502999869175]","[None, 'target']",001,001,2025-09-29_15h41.40.318,Visual Search Experiment Bhumika Bajaj AU2320057,,2025.1.1,61.31377016399075,2025-09-29 15h42.11.677948 +0530,
5,0,5,[np.float64(-0.023333333333333334)],[np.float64(0.47333333333333333)],[1],[0],[0],[4.2039730999968015],['target'],5,0,5,0,13.094850299996324,,10,13.078392700001132,13.094850299996324,13.094850299996324,0.02655899996170774,17.2824641999905,[np.float64(-0.023333333333333334)],[np.float64(0.47333333333333333)],[1],[0],[0],[4.2039730999968015],['target'],001,001,2025-09-29_15h41.40.318,Visual Search Experiment Bhumika Bajaj AU2320057,,2025.1.1,61.31377016399075,2025-09-29 15h42.11.677948 +0530,
6,0,6,[np.float64(-0.03666666666666667)],[np.float64(-0.085)],[1],[0],[0],[2.1008862999733537],['target'],6,0,6,0,17.345522199990228,,10,17.315298500005156,17.345522199990228,17.345522199990228,0.03263239999068901,19.41633889998775,[np.float64(-0.03666666666666667)],[np.float64(-0.085)],[1],[0],[0],[2.1008862999733537],['target'],001,001,2025-09-29_15h41.40.318,Visual Search Experiment Bhumika Bajaj AU2320057,,2025.1.1,61.31377016399075,2025-09-29 15h42.11.677948 +0530,
7,0,7,[np.float64(0.49)],[np.float64(-0.43833333333333335)],[1],[0],[0],[1.8825691999518313],['target'],7,0,7,0,19.461764899955597,,5,19.44013449997874,19.461764899955597,19.461764899955597,0.023459199990611523,21.322813299950212,[np.float64(0.49)],[np.float64(-0.43833333333333335)],[1],[0],[0],[1.8825691999518313],['target'],001,001,2025-09-29_15h41.40.318,Visual Search Experiment Bhumika Bajaj AU2320057,,2025.1.1,61.31377016399075,2025-09-29 15h42.11.677948 +0530,
8,0,8,[np.float64(0.35)],[np.float64(-0.37666666666666665)],[1],[0],[0],[1.3345830999896862],['target'],8,0,8,0,21.370217799965758,,10,21.355930499965325,21.370217799965758,21.370217799965758,0.03289319999748841,22.69065609999234,[np.float64(0.35)],[np.float64(-0.37666666666666665)],[1],[0],[0],[1.3345830999896862],['target'],001,001,2025-09-29_15h41.40.318,Visual Search Experiment Bhumika Bajaj AU2320057,,2025.1.1,61.31377016399075,2025-09-29 15h42.11.677948 +0530,
9,0,9,[np.float64(-0.10166666666666667)],[np.float64(-0.325)],[1],[0],[0],[1.6417694000410847],['target'],9,0,9,0,22.71967689995654,,5,22.70918869995512,22.71967689995654,22.71967689995654,0.018176599987782538,24.351095099991653,[np.float64(-0.10166666666666667)],[np.float64(-0.325)],[1],[0],[0],[1.6417694000410847],['target'],001,001,2025-09-29_15h41.40.318,Visual Search Experiment Bhumika Bajaj AU2320057,,2025.1.1,61.31377016399075,2025-09-29 15h42.11.677948 +0530,
10,0,10,[np.float64(0.13)],[np.float64(-0.12)],[1],[0],[0],[1.742703900032211],['target'],10,0,10,0,24.411710499960463,,10,24.39063099998748,24.411710499960463,24.411710499960463,0.03930649999529123,26.133467399980873,[np.float64(0.13)],[np.float64(-0.12)],[1],[0],[0],[1.742703900032211],['target'],001,001,2025-09-29_15h41.40.318,Visual Search Experiment Bhumika Bajaj AU2320057,,2025.1.1,61.31377016399075,2025-09-29 15h42.11.677948 +0530,
11,0,11,[np.float64(-0.42833333333333334)],[np.float64(0.19166666666666668)],[1],[0],[0],[3.9598806999856606],['target'],11,0,11,0,26.19475969998166,,10,26.167517099995166,26.19475969998166,26.19475969998166,0.03377320000436157,30.12751959997695,[np.float64(-0.42833333333333334)],[np.float64(0.19166666666666668)],[1],[0],[0],[3.9598806999856606],['target'],001,001,2025-09-29_15h41.40.318,Visual Search Experiment Bhumika Bajaj AU2320057,,2025.1.1,61.31377016399075,2025-09-29 15h42.11.677948 +0530,
12,0,12,[np.float64(0.29333333333333333)],[np.float64(0.49)],[1],[0],[0],[3.012809899984859],['target'],12,0,12,0,30.16950939997332,,5,30.1450041999924,30.16950939997332,30.16950939997332,0.017213599989190698,33.15790989995003,[np.float64(0.29333333333333333)],[np.float64(0.49)],[1],[0],[0],[3.012809899984859],['target'],001,001,2025-09-29_15h41.40.318,Visual Search Experiment Bhumika Bajaj AU2320057,,2025.1.1,61.31377016399075,2025-09-29 15h42.11.677948 +0530,
13,0,13,[np.float64(0.19)],[np.float64(-0.465)],[1],[0],[0],[2.7135315000195988],['target'],13,0,13,0,33.20337010000367,,10,33.18800249998458,33.20337010000367,33.20337010000367,0.029948199982754886,35.901645399979316,[np.float64(0.19)],[np.float64(-0.465)],[1],[0],[0],[2.7135315000195988],['target'],001,001,2025-09-29_15h41.40.318,Visual Search Experiment Bhumika Bajaj AU2320057,,2025.1.1,61.31377016399075,2025-09-29 15h42.11.677948 +0530,
14,0,14,[np.float64(0.03333333333333333)],[np.float64(0.17833333333333334)],[1],[0],[0],[2.1640944000100717],['target'],14,0,14,0,35.962932499998715,,10,35.93535210000118,35.962932499998715,35.962932499998715,0.033447699970565736,38.099561299954075,[np.float64(0.03333333333333333)],[np.float64(0.17833333333333334)],[1],[0],[0],[2.1640944000100717],['target'],001,001,2025-09-29_15h41.40.318,Visual Search Experiment Bhumika Bajaj AU2320057,,2025.1.1,61.31377016399075,2025-09-29 15h42.11.677948 +0530,
15,0,15,[np.float64(0.3383333333333333)],[np.float64(0.045)],[1],[0],[0],[1.9574842000147328],['target'],15,0,15,0,38.145402599999215,,10,38.13134129997343,38.145402599999215,38.145402599999215,0.03146219998598099,40.088928399956785,[np.float64(0.3383333333333333)],[np.float64(0.045)],[1],[0],[0],[1.9574842000147328],['target'],001,001,2025-09-29_15h41.40.318,Visual Search Experiment Bhumika Bajaj AU2320057,,2025.1.1,61.31377016399075,2025-09-29 15h42.11.677948 +0530,
16,0,16,[np.float64(0.475)],[np.float64(-0.4033333333333333)],[1],[0],[0],[1.803795799962245],['target'],16,0,16,0,40.119764400005806,,5,40.10510869999416,40.119764400005806,40.119764400005806,0.015916200005449355,41.90902149997419,[np.float64(0.475)],[np.float64(-0.4033333333333333)],[1],[0],[0],[1.803795799962245],['target'],001,001,2025-09-29_15h41.40.318,Visual Search Experiment Bhumika Bajaj AU2320057,,2025.1.1,61.31377016399075,2025-09-29 15h42.11.677948 +0530,
17,0,17,[np.float64(-0.44166666666666665)],[np.float64(-0.4)],[1],[0],[0],[2.8974764000158757],['target'],17,0,17,0,41.95349980000174,,10,41.936242699972354,41.95349980000174,41.95349980000174,0.027015900006517768,44.83382869994966,[np.float64(-0.44166666666666665)],[np.float64(-0.4)],[1],[0],[0],[2.8974764000158757],['target'],001,001,2025-09-29_15h41.40.318,Visual Search Experiment Bhumika Bajaj AU2320057,,2025.1.1,61.31377016399075,2025-09-29 15h42.11.677948 +0530,
18,0,18,[np.float64(0.14166666666666666)],[np.float64(-0.19833333333333333)],[1],[0],[0],[1.3215323999756947],['target'],18,0,18,0,44.87846489995718,,10,44.86031299998285,44.87846489995718,44.87846489995718,0.0262613000231795,46.181955499981996,[np.float64(0.14166666666666666)],[np.float64(-0.19833333333333333)],[1],[0],[0],[1.3215323999756947],['target'],001,001,2025-09-29_15h41.40.318,Visual Search Experiment Bhumika Bajaj AU2320057,,2025.1.1,61.31377016399075,2025-09-29 15h42.11.677948 +0530,
19,0,19,[np.float64(0.275)],[np.float64(0.22)],[1],[0],[0],[2.637230299995281],['target'],19,0,19,0,46.24652009998681,,10,46.21466759999748,46.24652009998681,46.24652009998681,0.03246240003500134,48.85199439997086,[np.float64(0.275)],[np.float64(0.22)],[1],[0],[0],[2.637230299995281],['target'],001,001,2025-09-29_15h41.40.318,Visual Search Experiment Bhumika Bajaj AU2320057,,2025.1.1,61.31377016399075,2025-09-29 15h42.11.677948 +0530,
20,0,20,[np.float64(0.01)],[np.float64(0.165)],[1],[0],[0],[2.055877499980852],['target'],20,0,20,0,48.89685379998991,,5,48.87120930000674,48.89685379998991,48.89685379998991,0.018984900030773133,50.927233700000215,[np.float64(0.01)],[np.float64(0.165)],[1],[0],[0],[2.055877499980852],['target'],001,001,2025-09-29_15h41.40.318,Visual Search Experiment Bhumika Bajaj AU2320057,,2025.1.1,61.31377016399075,2025-09-29 15h42.11.677948 +0530,
21,0,21,[np.float64(0.06166666666666667)],[np.float64(-0.2966666666666667)],[1],[0],[0],[1.6449533000122756],['target'],21,0,21,0,50.97066960000666,,5,50.947453400003724,50.97066960000666,50.97066960000666,0.020005400001537055,52.59253789996728,[np.float64(0.06166666666666667)],[np.float64(-0.2966666666666667)],[1],[0],[0],[1.6449533000122756],['target'],001,001,2025-09-29_15h41.40.318,Visual Search Experiment Bhumika Bajaj AU2320057,,2025.1.1,61.31377016399075,2025-09-29 15h42.11.677948 +0530,
22,0,22,[np.float64(0.36833333333333335)],[np.float64(0.165)],[1],[0],[0],[2.127271200006362],['target'],22,0,22,0,52.65399099997012,,10,52.62565389997326,52.65399099997012,52.65399099997012,0.032895199954509735,54.75301819999004,[np.float64(0.36833333333333335)],[np.float64(0.165)],[1],[0],[0],[2.127271200006362],['target'],001,001,2025-09-29_15h41.40.318,Visual Search Experiment Bhumika Bajaj AU2320057,,2025.1.1,61.31377016399075,2025-09-29 15h42.11.677948 +0530,
23,0,23,[np.float64(-0.48333333333333334)],[np.float64(-0.245)],[1],[0],[0],[3.396283600013703],['target'],23,0,23,0,54.79538139997749,,10,54.78340600000229,54.79538139997749,54.79538139997749,0.030204799957573414,58.17975959996693,[np.float64(-0.48333333333333334)],[np.float64(-0.245)],[1],[0],[0],[3.396283600013703],['target'],001,001,2025-09-29_15h41.40.318,Visual Search Experiment Bhumika Bajaj AU2320057,,2025.1.1,61.31377016399075,2025-09-29 15h42.11.677948 +0530,
24,0,24,[np.float64(0.42)],[np.float64(0.485)],[1],[0],[0],[3.198747300019022],['target'],24,0,24,0,58.2106797999586,,5,58.191443799994886,58.2106797999586,58.2106797999586,0.01152110000839457,61.390289500006475,[np.float64(0.42)],[np.float64(0.485)],[1],[0],[0],[3.198747300019022],['target'],001,001,2025-09-29_15h41.40.318,Visual Search Experiment Bhumika Bajaj AU2320057,,2025.1.1,61.31377016399075,2025-09-29 15h42.11.677948 +0530,
25,0,25,[np.float64(0.058333333333333334)],[np.float64(0.2833333333333333)],[1],[0],[0],[1.4701056000194512],['target'],25,0,25,0,61.452723899972625,,10,61.42821649997495,61.452723899972625,61.452723899972625,0.03769249998731539,62.89842949999729,[np.float64(0.058333333333333334)],[np.float64(0.2833333333333333)],[1],[0],[0],[1.4701056000194512],['target'],001,001,2025-09-29_15h41.40.318,Visual Search Experiment Bhumika Bajaj AU2320057,,2025.1.1,61.31377016399075,2025-09-29 15h42.11.677948 +0530,
26,0,26,[np.float64(0.43833333333333335)],[np.float64(0.4716666666666667)],[1],[0],[0],[1.5909801999805495],['target'],26,0,26,0,62.92830499995034,,5,62.91712070000358,62.92830499995034,62.92830499995034,0.018499600002542138,64.50822429999243,[np.float64(0.43833333333333335)],[np.float64(0.4716666666666667)],[1],[0],[0],[1.5909801999805495],['target'],001,001,2025-09-29_15h41.40.318,Visual Search Experiment Bhumika Bajaj AU2320057,,2025.1.1,61.31377016399075,2025-09-29 15h42.11.677948 +0530,
27,0,27,[np.float64(-0.38)],[np.float64(-0.14833333333333334)],[1],[0],[0],[2.4368084999732673],['target'],27,0,27,0,64.55410449998453,,10,64.53910649998579,64.55410449998453,64.55410449998453,0.030597800039686263,66.9760527999606,[np.float64(-0.38)],[np.float64(-0.14833333333333334)],[1],[0],[0],[2.4368084999732673],['target'],001,001,2025-09-29_15h41.40.318,Visual Search Experiment Bhumika Bajaj AU2320057,,2025.1.1,61.31377016399075,2025-09-29 15h42.11.677948 +0530,
28,0,28,[np.float64(-0.23666666666666666)],[np.float64(-0.3333333333333333)],[1],[0],[0],[2.498533000005409],['target'],28,0,28,0,67.0364596999716,,10,67.01468449999811,67.0364596999716,67.0364596999716,0.03834359999746084,69.51330089999828,[np.float64(-0.23666666666666666)],[np.float64(-0.3333333333333333)],[1],[0],[0],[2.498533000005409],['target'],001,001,2025-09-29_15h41.40.318,Visual Search Experiment Bhumika Bajaj AU2320057,,2025.1.1,61.31377016399075,2025-09-29 15h42.11.677948 +0530,
29,0,29,[np.float64(-0.16166666666666665)],[np.float64(-0.0033333333333333335)],[1],[0],[0],[1.8390222999732941],['target'],29,0,29,0,69.56169479998061,,10,69.54283869999927,69.56169479998061,69.56169479998061,0.029321699985302985,71.38196809997316,[np.float64(-0.16166666666666665)],[np.float64(-0.0033333333333333335)],[1],[0],[0],[1.8390222999732941],['target'],001,001,2025-09-29_15h41.40.318,Visual Search Experiment Bhumika Bajaj AU2320057,,2025.1.1,61.31377016399075,2025-09-29 15h42.11.677948 +0530,
30,0,30,[np.float64(0.06666666666666667)],[np.float64(0.4216666666666667)],[1],[0],[0],[2.0574642999563366],['target'],30,0,30,0,71.42762049997691,,10,71.41052819998004,71.42762049997691,71.42762049997691,0.02836260001640767,73.46812529995805,[np.float64(0.06666666666666667)],[np.float64(0.4216666666666667)],[1],[0],[0],[2.0574642999563366],['target'],001,001,2025-09-29_15h41.40.318,Visual Search Experiment Bhumika Bajaj AU2320057,,2025.1.1,61.31377016399075,2025-09-29 15h42.11.677948 +0530,
31,0,31,[np.float64(-0.4866666666666667)],[np.float64(0.21666666666666667)],[1],[0],[0],[3.8748829000396654],['target'],31,0,31,0,73.52776059997268,,10,73.50729899998987,73.52776059997268,73.52776059997268,0.03889700002036989,77.38226019998547,[np.float64(-0.4866666666666667)],[np.float64(0.21666666666666667)],[1],[0],[0],[3.8748829000396654],['target'],001,001,2025-09-29_15h41.40.318,Visual Search Experiment Bhumika Bajaj AU2320057,,2025.1.1,61.31377016399075,2025-09-29 15h42.11.677948 +0530,
32,0,32,[np.float64(0.29333333333333333)],[np.float64(-0.22833333333333333)],[1],[0],[0],[4.535483399988152],['target'],32,0,32,0,77.42938729998423,,10,77.40785560000222,77.42938729998423,77.42938729998423,0.02542299998458475,81.94347979995655,[np.float64(0.29333333333333333)],[np.float64(-0.22833333333333333)],[1],[0],[0],[4.535483399988152],['target'],001,001,2025-09-29_15h41.40.318,Visual Search Experiment Bhumika Bajaj AU2320057,,2025.1.1,61.31377016399075,2025-09-29 15h42.11.677948 +0530,
33,0,33,[np.float64(-0.23833333333333334)],[np.float64(0.065)],[1],[0],[0],[2.204131700040307],['target'],33,0,33,0,81.98778689996107,,5,81.96279439999489,81.98778689996107,81.98778689996107,0.01905640005134046,84.16707909997785,[np.float64(-0.23833333333333334)],[np.float64(0.065)],[1],[0],[0],[2.204131700040307],['target'],001,001,2025-09-29_15h41.40.318,Visual Search Experiment Bhumika Bajaj AU2320057,,2025.1.1,61.31377016399075,2025-09-29 15h42.11.677948 +0530,
34,0,34,[np.float64(-0.3333333333333333)],[np.float64(0.45)],[1],[0],[0],[2.724307199998293],['target'],34,0,34,0,84.22958639997523,,10,84.20165020000422,84.22958639997523,84.22958639997523,0.034303000022191554,86.92609459999949,[np.float64(-0.3333333333333333)],[np.float64(0.45)],[1],[0],[0],[2.724307199998293],['target'],001,001,2025-09-29_15h41.40.318,Visual Search Experiment Bhumika Bajaj AU2320057,,2025.1.1,61.31377016399075,2025-09-29 15h42.11.677948 +0530,
35,0,35,[np.float64(0.37833333333333335)],[np.float64(0.08666666666666667)],[1],[0],[0],[2.9600372000131756],['target'],35,0,35,0,86.97027429996524,,5,86.94838799996069,86.97027429996524,86.97027429996524,0.022009600012097508,89.90855309995823,[np.float64(0.37833333333333335)],[np.float64(0.08666666666666667)],[1],[0],[0],[2.9600372000131756],['target'],001,001,2025-09-29_15h41.40.318,Visual Search Experiment Bhumika Bajaj AU2320057,,2025.1.1,61.31377016399075,2025-09-29 15h42.11.677948 +0530,
36,0,36,[np.float64(0.115)],[np.float64(-0.105)],[1],[0],[0],[2.9706677999929525],['target'],36,0,36,0,89.97083179996116,,10,89.94611729995813,89.97083179996116,89.97083179996116,0.037350600003264844,92.9169001999544,[np.float64(0.115)],[np.float64(-0.105)],[1],[0],[0],[2.9706677999929525],['target'],001,001,2025-09-29_15h41.40.318,Visual Search Experiment Bhumika Bajaj AU2320057,,2025.1.1,61.31377016399075,2025-09-29 15h42.11.677948 +0530,
37,0,37,[np.float64(-0.3383333333333333)],[np.float64(-0.43166666666666664)],[1],[0],[0],[5.0519625000306405],['target'],37,0,37,0,92.96124709997093,,10,92.94917849998455,92.96124709997093,92.96124709997093,0.03203379997285083,98.00124879996292,[np.float64(-0.3383333333333333)],[np.float64(-0.43166666666666664)],[1],[0],[0],[5.0519625000306405],['target'],001,001,2025-09-29_15h41.40.318,Visual Search Experiment Bhumika Bajaj AU2320057,,2025.1.1,61.31377016399075,2025-09-29 15h42.11.677948 +0530,
38,0,38,[np.float64(-0.095)],[np.float64(0.02)],[1],[0],[0],[3.7370948999887332],['target'],38,0,38,0,98.02722699998412,,5,98.01818339998135,98.02722699998412,98.02722699998412,0.01668900001095608,101.7553902999498,[np.float64(-0.095)],[np.float64(0.02)],[1],[0],[0],[3.7370948999887332],['target'],001,001,2025-09-29_15h41.40.318,Visual Search Experiment Bhumika Bajaj AU2320057,,2025.1.1,61.31377016399075,2025-09-29 15h42.11.677948 +0530,
39,0,39,[np.float64(0.37)],[np.float64(0.41)],[1],[0],[0],[2.4978489999775775],['target'],39,0,39,0,101.80284039996332,,5,101.78402889997233,101.80284039996332,101.80284039996332,0.028416400018613786,104.28197039995575,[np.float64(0.37)],[np.float64(0.41)],[1],[0],[0],[2.4978489999775775],['target'],001,001,2025-09-29_15h41.40.318,Visual Search Experiment Bhumika Bajaj AU2320057,,2025.1.1,61.31377016399075,2025-09-29 15h42.11.677948 +0530,
40,0,40,[np.float64(0.10166666666666667)],[np.float64(0.056666666666666664)],[1],[0],[0],[3.7116677000303753],['target'],40,0,40,0,104.32761619996745,,10,104.31100659997901,104.32761619996745,104.32761619996745,0.028853099967818707,108.02282919996651,[np.float64(0.10166666666666667)],[np.float64(0.056666666666666664)],[1],[0],[0],[3.7116677000303753],['target'],001,001,2025-09-29_15h41.40.318,Visual Search Experiment Bhumika Bajaj AU2320057,,2025.1.1,61.31377016399075,2025-09-29 15h42.11.677948 +0530,
41,0,41,[np.float64(0.16)],[np.float64(0.46)],[1],[0],[0],[6.36395889997948],['target'],41,0,41,0,108.06889169994975,,10,108.0551218999899,108.06889169994975,108.06889169994975,0.032066899992059916,114.41922049998539,[np.float64(0.16)],[np.float64(0.46)],[1],[0],[0],[6.36395889997948],['target'],001,001,2025-09-29_15h41.40.318,Visual Search Experiment Bhumika Bajaj AU2320057,,2025.1.1,61.31377016399075,2025-09-29 15h42.11.677948 +0530,
42,0,42,[np.float64(0.27166666666666667)],[np.float64(0.465)],[1],[0],[0],[2.017635700001847],['target'],42,0,42,0,114.47924539999804,,10,114.45633309998084,114.47924539999804,114.47924539999804,0.03686260001268238,116.47412769997027,[np.float64(0.27166666666666667)],[np.float64(0.465)],[1],[0],[0],[2.017635700001847],['target'],001,001,2025-09-29_15h41.40.318,Visual Search Experiment Bhumika Bajaj AU2320057,,2025.1.1,61.31377016399075,2025-09-29 15h42.11.677948 +0530,
43,0,43,[np.float64(-0.24)],[np.float64(-0.31333333333333335)],[1],[0],[0],[1.6703103999607265],['target'],43,0,43,0,116.50158529996406,,5,116.49068749998696,116.50158529996406,116.50158529996406,0.01614500000141561,118.16110129997833,[np.float64(-0.24)],[np.float64(-0.31333333333333335)],[1],[0],[0],[1.6703103999607265],['target'],001,001,2025-09-29_15h41.40.318,Visual Search Experiment Bhumika Bajaj AU2320057,,2025.1.1,61.31377016399075,2025-09-29 15h42.11.677948 +0530,
44,0,44,[np.float64(0.28833333333333333)],[np.float64(0.2683333333333333)],[1],[0],[0],[2.8581988000078127],['target'],44,0,44,0,118.20333140000002,,5,118.17751519999001,118.20333140000002,118.20333140000002,0.01623850001487881,121.03585079999175,[np.float64(0.28833333333333333)],[np.float64(0.2683333333333333)],[1],[0],[0],[2.8581988000078127],['target'],001,001,2025-09-29_15h41.40.318,Visual Search Experiment Bhumika Bajaj AU2320057,,2025.1.1,61.31377016399075,2025-09-29 15h42.11.677948 +0530,
45,0,45,[np.float64(-0.49166666666666664)],[np.float64(-0.485)],[1],[0],[0],[1.9797632999834605],['target'],45,0,45,0,121.07835409999825,,5,121.05573349999031,121.07835409999825,121.07835409999825,0.019639500009361655,123.03563090000534,[np.float64(-0.49166666666666664)],[np.float64(-0.485)],[1],[0],[0],[1.9797632999834605],['target'],001,001,2025-09-29_15h41.40.318,Visual Search Experiment Bhumika Bajaj AU2320057,,2025.1.1,61.31377016399075,2025-09-29 15h42.11.677948 +0530,
46,0,46,[np.float64(-0.10666666666666667)],[np.float64(-0.47833333333333333)],[1],[0],[0],[3.0686384000000544],['target'],46,0,46,0,123.09451409999747,,10,123.07091369997943,123.09451409999747,123.09451409999747,0.03504019998945296,126.13967750000302,[np.float64(-0.10666666666666667)],[np.float64(-0.47833333333333333)],[1],[0],[0],[3.0686384000000544],['target'],001,001,2025-09-29_15h41.40.318,Visual Search Experiment Bhumika Bajaj AU2320057,,2025.1.1,61.31377016399075,2025-09-29 15h42.11.677948 +0530,
47,0,47,[np.float64(0.35)],[np.float64(0.255)],[1],[0],[0],[1.8784027000074275],['target'],47,0,47,0,126.16850749996956,,5,126.15630739997141,126.16850749996956,126.16850749996956,0.01629490003688261,128.03486509999493,[np.float64(0.35)],[np.float64(0.255)],[1],[0],[0],[1.8784027000074275],['target'],001,001,2025-09-29_15h41.40.318,Visual Search Experiment Bhumika Bajaj AU2320057,,2025.1.1,61.31377016399075,2025-09-29 15h42.11.677948 +0530,
48,0,48,[np.float64(0.46166666666666667)],[np.float64(0.043333333333333335)],[1],[0],[0],[1.344902099983301],['target'],48,0,48,0,128.09443269995973,,10,128.07101419998799,128.09443269995973,128.09443269995973,0.03574040002422407,129.41606869996758,[np.float64(0.46166666666666667)],[np.float64(0.043333333333333335)],[1],[0],[0],[1.344902099983301],['target'],001,001,2025-09-29_15h41.40.318,Visual Search Experiment Bhumika Bajaj AU2320057,,2025.1.1,61.31377016399075,2025-09-29 15h42.11.677948 +0530,
49,0,49,[np.float64(0.36833333333333335)],[np.float64(0.23666666666666666)],[1],[0],[0],[1.4815308999968693],['target'],49,0,49,0,129.47681349999039,,10,129.44986940000672,129.47681349999039,129.47681349999039,0.03342330001760274,130.93153760000132,[np.float64(0.36833333333333335)],[np.float64(0.23666666666666666)],[1],[0],[0],[1.4815308999968693],['target'],001,001,2025-09-29_15h41.40.318,Visual Search Experiment Bhumika Bajaj AU2320057,,2025.1.1,61.31377016399075,2025-09-29 15h42.11.677948 +0530,
50,0,50,[np.float64(0.255)],[np.float64(-0.4633333333333333)],[1],[0],[0],[2.007348900020588],['target'],50,0,50,0,130.96024069999112,,5,130.94925379997585,130.96024069999112,130.96024069999112,0.017404699989128858,132.95670350000728,[np.float64(0.255)],[np.float64(-0.4633333333333333)],[1],[0],[0],[2.007348900020588],['target'],001,001,2025-09-29_15h41.40.318,Visual Search Experiment Bhumika Bajaj AU2320057,,2025.1.1,61.31377016399075,2025-09-29 15h42.11.677948 +0530,
51,0,51,[np.float64(0.07333333333333333)],[np.float64(0.375)],[1],[0],[0],[2.2333533000200987],['target'],51,0,51,0,133.00376960000722,,5,132.97727779997513,133.00376960000722,133.00376960000722,0.02034230000572279,135.21075629995903,[np.float64(0.07333333333333333)],[np.float64(0.375)],[1],[0],[0],[2.2333533000200987],['target'],001,001,2025-09-29_15h41.40.318,Visual Search Experiment Bhumika Bajaj AU2320057,,2025.1.1,61.31377016399075,2025-09-29 15h42.11.677948 +0530,
52,0,52,[np.float64(-0.175)],[np.float64(-0.145)],[1],[0],[0],[1.3154411999857984],['target'],52,0,52,0,135.2534919999889,,5,135.23467599996366,135.2534919999889,135.2534919999889,0.02374689996941015,136.55018819996621,[np.float64(-0.175)],[np.float64(-0.145)],[1],[0],[0],[1.3154411999857984],['target'],001,001,2025-09-29_15h41.40.318,Visual Search Experiment Bhumika Bajaj AU2320057,,2025.1.1,61.31377016399075,2025-09-29 15h42.11.677948 +0530,
53,0,53,[np.float64(-0.051666666666666666)],[np.float64(0.33666666666666667)],[1],[0],[0],[1.7972874999977648],['target'],53,0,53,0,136.6109635999892,,10,136.58282179996604,136.6109635999892,136.6109635999892,0.032447699981275946,138.38019199995324,[np.float64(-0.051666666666666666)],[np.float64(0.33666666666666667)],[1],[0],[0],[1.7972874999977648],['target'],001,001,2025-09-29_15h41.40.318,Visual Search Experiment Bhumika Bajaj AU2320057,,2025.1.1,61.31377016399075,2025-09-29 15h42.11.677948 +0530,
54,0,54,"[np.float64(0.25666666666666665), np.float64(0.27)]","[np.float64(0.17), np.float64(0.185)]","[1, 1]","[0, 0]","[0, 0]","[1.2039631999796256, 4.553224799979944]","[None, 'target']",54,0,54,0,138.4279653999838,,5,138.40436029998818,138.4279653999838,138.4279653999838,0.02395309996791184,142.95770129997982,"[np.float64(0.25666666666666665), np.float64(0.27)]","[np.float64(0.17), np.float64(0.185)]","[1, 1]","[0, 0]","[0, 0]","[1.2039631999796256, 4.553224799979944]","[None, 'target']",001,001,2025-09-29_15h41.40.318,Visual Search Experiment Bhumika Bajaj AU2320057,,2025.1.1,61.31377016399075,2025-09-29 15h42.11.677948 +0530,
55,0,55,"[np.float64(0.33666666666666667), np.float64(0.37166666666666665), np.float64(0.3616666666666667)]","[np.float64(-0.30333333333333334), np.float64(-0.325), np.float64(-0.325)]","[1, 1, 1]","[0, 0, 0]","[0, 0, 0]","[2.8314332999871112, 5.135908399999607, 6.346514699980617]","[None, None, 'target']",55,0,55,0,143.00349999999162,,5,142.97716229996877,143.00349999999162,143.00349999999162,0.01938240003073588,149.32378749997588,"[np.float64(0.33666666666666667), np.float64(0.37166666666666665), np.float64(0.3616666666666667)]","[np.float64(-0.30333333333333334), np.float64(-0.325), np.float64(-0.325)]","[1, 1, 1]","[0, 0, 0]","[0, 0, 0]","[2.8314332999871112, 5.135908399999607, 6.346514699980617]","[None, None, 'target']",001,001,2025-09-29_15h41.40.318,Visual Search Experiment Bhumika Bajaj AU2320057,,2025.1.1,61.31377016399075,2025-09-29 15h42.11.677948 +0530,
56,0,56,[np.float64(-0.135)],[np.float64(-0.39666666666666667)],[1],[0],[0],[3.0171982999891043],['target'],56,0,56,0,149.46916699997382,,10,149.44455660000676,149.46916699997382,149.46916699997382,0.12055360001977533,152.46189340000274,[np.float64(-0.135)],[np.float64(-0.39666666666666667)],[1],[0],[0],[3.0171982999891043],['target'],001,001,2025-09-29_15h41.40.318,Visual Search Experiment Bhumika Bajaj AU2320057,,2025.1.1,61.31377016399075,2025-09-29 15h42.11.677948 +0530,
57,0,57,[np.float64(0.15833333333333333)],[np.float64(0.31)],[1],[0],[0],[5.5559204000164755],['target'],57,0,57,0,152.5182181999553,,10,152.49489139998332,152.5182181999553,152.5182181999553,0.03274649998638779,158.05086580000352,[np.float64(0.15833333333333333)],[np.float64(0.31)],[1],[0],[0],[5.5559204000164755],['target'],001,001,2025-09-29_15h41.40.318,Visual Search Experiment Bhumika Bajaj AU2320057,,2025.1.1,61.31377016399075,2025-09-29 15h42.11.677948 +0530,
58,0,58,"[np.float64(-0.13), np.float64(-0.10666666666666667), np.float64(-0.12333333333333334)]","[np.float64(0.065), np.float64(0.041666666666666664), np.float64(0.03)]","[1, 1, 1]","[0, 0, 0]","[0, 0, 0]","[1.6999164000153542, 4.267478300025687, 5.319029400008731]","[None, None, 'target']",58,0,58,0,158.09369009995135,,5,158.07360020000488,158.09369009995135,158.09369009995135,0.022460400010459125,163.3927643999923,"[np.float64(-0.13), np.float64(-0.10666666666666667), np.float64(-0.12333333333333334)]","[np.float64(0.065), np.float64(0.041666666666666664), np.float64(0.03)]","[1, 1, 1]","[0, 0, 0]","[0, 0, 0]","[1.6999164000153542, 4.267478300025687, 5.319029400008731]","[None, None, 'target']",001,001,2025-09-29_15h41.40.318,Visual Search Experiment Bhumika Bajaj AU2320057,,2025.1.1,61.31377016399075,2025-09-29 15h42.11.677948 +0530,
59,0,59,[np.float64(0.32)],[np.float64(-0.475)],[1],[0],[0],[3.4033432999858633],['target'],59,0,59,0,163.4523984999978,,10,163.42759419995127,163.4523984999978,163.4523984999978,0.03455649997340515,166.831055299961,[np.float64(0.32)],[np.float64(-0.475)],[1],[0],[0],[3.4033432999858633],['target'],001,001,2025-09-29_15h41.40.318,Visual Search Experiment Bhumika Bajaj AU2320057,,2025.1.1,61.31377016399075,2025-09-29 15h42.11.677948 +0530,
60,0,60,[np.float64(0.13833333333333334)],[np.float64(-0.14166666666666666)],[1],[0],[0],[2.5082812999607995],['target'],60,0,60,0,166.8767062999541,,10,166.85901519999607,166.8767062999541,166.8767062999541,0.027647699986118823,169.367431199993,[np.float64(0.13833333333333334)],[np.float64(-0.14166666666666666)],[1],[0],[0],[2.5082812999607995],['target'],001,001,2025-09-29_15h41.40.318,Visual Search Experiment Bhumika Bajaj AU2320057,,2025.1.1,61.31377016399075,2025-09-29 15h42.11.677948 +0530,
61,0,61,[np.float64(-0.24166666666666667)],[np.float64(-0.275)],[1],[0],[0],[1.992345800041221],['target'],61,0,61,0,169.39398880000226,,5,169.38397009996697,169.39398880000226,169.39398880000226,0.016294099972583354,171.37645079998765,[np.float64(-0.24166666666666667)],[np.float64(-0.275)],[1],[0],[0],[1.992345800041221],['target'],001,001,2025-09-29_15h41.40.318,Visual Search Experiment Bhumika Bajaj AU2320057,,2025.1.1,61.31377016399075,2025-09-29 15h42.11.677948 +0530,
62,0,62,[np.float64(-0.14833333333333334)],[np.float64(-0.20833333333333334)],[1],[0],[0],[1.3953147999709472],['target'],62,0,62,0,171.41869479999878,,10,171.40613429999212,171.41869479999878,171.41869479999878,0.029462900012731552,172.80158289999235,[np.float64(-0.14833333333333334)],[np.float64(-0.20833333333333334)],[1],[0],[0],[1.3953147999709472],['target'],001,001,2025-09-29_15h41.40.318,Visual Search Experiment Bhumika Bajaj AU2320057,,2025.1.1,61.31377016399075,2025-09-29 15h42.11.677948 +0530,
63,0,63,[np.float64(-0.38)],[np.float64(0.24)],[1],[0],[0],[1.411704100028146],['target'],63,0,63,0,172.84426049998729,,5,172.82625270000426,172.84426049998729,172.84426049998729,0.024368799990043044,174.2380615999573,[np.float64(-0.38)],[np.float64(0.24)],[1],[0],[0],[1.411704100028146],['target'],001,001,2025-09-29_15h41.40.318,Visual Search Experiment Bhumika Bajaj AU2320057,,2025.1.1,61.31377016399075,2025-09-29 15h42.11.677948 +0530,
64,0,64,"[np.float64(0.35833333333333334), np.float64(0.365)]","[np.float64(0.4), np.float64(0.39666666666666667)]","[1, 1]","[0, 0]","[0, 0]","[2.297921799996402, 3.464834099984728]","[None, 'target']",64,0,64,0,174.26843100000406,,5,174.25259289995302,174.26843100000406,174.26843100000406,0.014322900038678199,177.71756869996898,"[np.float64(0.35833333333333334), np.float64(0.365)]","[np.float64(0.4), np.float64(0.39666666666666667)]","[1, 1]","[0, 0]","[0, 0]","[2.297921799996402, 3.464834099984728]","[None, 'target']",001,001,2025-09-29_15h41.40.318,Visual Search Experiment Bhumika Bajaj AU2320057,,2025.1.1,61.31377016399075,2025-09-29 15h42.11.677948 +0530,
65,0,65,[np.float64(0.145)],[np.float64(-0.25166666666666665)],[1],[0],[0],[1.7740569000015967],['target'],65,0,65,0,177.76134709996404,,5,177.74251109996112,177.76134709996404,177.76134709996404,0.02468619996216148,179.51668919995427,[np.float64(0.145)],[np.float64(-0.25166666666666665)],[1],[0],[0],[1.7740569000015967],['target'],001,001,2025-09-29_15h41.40.318,Visual Search Experiment Bhumika Bajaj AU2320057,,2025.1.1,61.31377016399075,2025-09-29 15h42.11.677948 +0530,
66,0,66,[np.float64(0.41)],[np.float64(-0.043333333333333335)],[1],[0],[0],[1.9270374999614432],['target'],66,0,66,0,179.56005479994928,,5,179.54680909996387,179.56005479994928,179.56005479994928,0.02543589996639639,181.47394619998522,[np.float64(0.41)],[np.float64(-0.043333333333333335)],[1],[0],[0],[1.9270374999614432],['target'],001,001,2025-09-29_15h41.40.318,Visual Search Experiment Bhumika Bajaj AU2320057,,2025.1.1,61.31377016399075,2025-09-29 15h42.11.677948 +0530,
67,0,67,[np.float64(0.065)],[np.float64(-0.32)],[1],[0],[0],[3.4791404999559745],['target'],67,0,67,0,181.51888369995868,,10,181.50419609999517,181.51888369995868,181.51888369995868,0.03008100000442937,184.9834926999756,[np.float64(0.065)],[np.float64(-0.32)],[1],[0],[0],[3.4791404999559745],['target'],001,001,2025-09-29_15h41.40.318,Visual Search Experiment Bhumika Bajaj AU2320057,,2025.1.1,61.31377016399075,2025-09-29 15h42.11.677948 +0530,
68,0,68,[np.float64(-0.245)],[np.float64(-0.045)],[1],[0],[0],[2.7840294999768957],['target'],68,0,68,0,185.026946900005,,5,185.00871589995222,185.026946900005,185.026946900005,0.024906400009058416,187.79290080000646,[np.float64(-0.245)],[np.float64(-0.045)],[1],[0],[0],[2.7840294999768957],['target'],001,001,2025-09-29_15h41.40.318,Visual Search Experiment Bhumika Bajaj AU2320057,,2025.1.1,61.31377016399075,2025-09-29 15h42.11.677948 +0530,
69,0,69,[np.float64(-0.02)],[np.float64(-0.2633333333333333)],[1],[0],[0],[1.844848299981095],['target'],69,0,69,0,187.83587089995854,,5,187.81412429997,187.83587089995854,187.83587089995854,0.020947800017893314,189.65910369995981,[np.float64(-0.02)],[np.float64(-0.2633333333333333)],[1],[0],[0],[1.844848299981095],['target'],001,001,2025-09-29_15h41.40.318,Visual Search Experiment Bhumika Bajaj AU2320057,,2025.1.1,61.31377016399075,2025-09-29 15h42.11.677948 +0530,
70,0,70,[np.float64(0.11166666666666666)],[np.float64(-0.025)],[1],[0],[0],[2.302897200046573],['target'],70,0,70,0,189.703418399964,,5,189.68024239997612,189.703418399964,189.703418399964,0.02089659997727722,191.98326859995723,[np.float64(0.11166666666666666)],[np.float64(-0.025)],[1],[0],[0],[2.302897200046573],['target'],001,001,2025-09-29_15h41.40.318,Visual Search Experiment Bhumika Bajaj AU2320057,,2025.1.1,61.31377016399075,2025-09-29 15h42.11.677948 +0530,
71,0,71,[np.float64(-0.2833333333333333)],[np.float64(-0.25333333333333335)],[1],[0],[0],[1.6217649999889545],['target'],71,0,71,0,192.02835049998248,,5,192.0032288999646,192.02835049998248,192.02835049998248,0.019726499973330647,193.62512629997218,[np.float64(-0.2833333333333333)],[np.float64(-0.25333333333333335)],[1],[0],[0],[1.6217649999889545],['target'],001,001,2025-09-29_15h41.40.318,Visual Search Experiment Bhumika Bajaj AU2320057,,2025.1.1,61.31377016399075,2025-09-29 15h42.11.677948 +0530,
72,0,72,"[np.float64(0.42833333333333334), np.float64(0.42833333333333334)]","[np.float64(-0.39), np.float64(-0.4116666666666667)]","[1, 1]","[0, 0]","[0, 0]","[2.2962233000434935, 3.367622999998275]","[None, 'target']",72,0,72,0,193.66930459998548,,5,193.6464765999699,193.66930459998548,193.66930459998548,0.02113520004786551,197.0142071999726,"[np.float64(0.42833333333333334), np.float64(0.42833333333333334)]","[np.float64(-0.39), np.float64(-0.4116666666666667)]","[1, 1]","[0, 0]","[0, 0]","[2.2962233000434935, 3.367622999998275]","[None, 'target']",001,001,2025-09-29_15h41.40.318,Visual Search Experiment Bhumika Bajaj AU2320057,,2025.1.1,61.31377016399075,2025-09-29 15h42.11.677948 +0530,
73,0,73,"[np.float64(-0.175), np.float64(-0.175), np.float64(-0.17)]","[np.float64(-0.445), np.float64(-0.445), np.float64(-0.4483333333333333)]","[1, 1, 1]","[0, 0, 0]","[0, 0, 0]","[2.8031289000064135, 2.952043999976013, 4.040933299984317]","[None, None, 'target']",73,0,73,0,197.07631929998752,,10,197.0511211999692,197.07631929998752,197.07631929998752,0.03667599998880178,201.09219469997333,"[np.float64(-0.175), np.float64(-0.175), np.float64(-0.17)]","[np.float64(-0.445), np.float64(-0.445), np.float64(-0.4483333333333333)]","[1, 1, 1]","[0, 0, 0]","[0, 0, 0]","[2.8031289000064135, 2.952043999976013, 4.040933299984317]","[None, None, 'target']",001,001,2025-09-29_15h41.40.318,Visual Search Experiment Bhumika Bajaj AU2320057,,2025.1.1,61.31377016399075,2025-09-29 15h42.11.677948 +0530,
74,0,74,[np.float64(-0.255)],[np.float64(0.4533333333333333)],[1],[0],[0],[4.680225200019777],['target'],74,0,74,0,201.13472360000014,,5,201.1121570999967,201.13472360000014,201.13472360000014,0.019578800012823194,205.79252119996818,[np.float64(-0.255)],[np.float64(0.4533333333333333)],[1],[0],[0],[4.680225200019777],['target'],001,001,2025-09-29_15h41.40.318,Visual Search Experiment Bhumika Bajaj AU2320057,,2025.1.1,61.31377016399075,2025-09-29 15h42.11.677948 +0530,
75,0,75,"[np.float64(-0.4066666666666667), np.float64(-0.405)]","[np.float64(0.04666666666666667), np.float64(0.04666666666666667)]","[1, 1]","[0, 0]","[0, 0]","[1.6129415000323206, 2.479909999994561]","[None, 'target']",75,0,75,0,205.85149709996767,,10,205.82807409996167,205.85149709996767,205.85149709996767,0.03530109999701381,208.30811499996344,"[np.float64(-0.4066666666666667), np.float64(-0.405)]","[np.float64(0.04666666666666667), np.float64(0.04666666666666667)]","[1, 1]","[0, 0]","[0, 0]","[1.6129415000323206, 2.479909999994561]","[None, 'target']",001,001,2025-09-29_15h41.40.318,Visual Search Experiment Bhumika Bajaj AU2320057,,2025.1.1,61.31377016399075,2025-09-29 15h42.11.677948 +0530,
76,0,76,[np.float64(0.17166666666666666)],[np.float64(0.43)],[1],[0],[0],[1.710624800005462],['target'],76,0,76,0,208.35327969997888,,5,208.32724929996766,208.35327969997888,208.35327969997888,0.018837999959941953,210.03799399995478,[np.float64(0.17166666666666666)],[np.float64(0.43)],[1],[0],[0],[1.710624800005462],['target'],001,001,2025-09-29_15h41.40.318,Visual Search Experiment Bhumika Bajaj AU2320057,,2025.1.1,61.31377016399075,2025-09-29 15h42.11.677948 +0530,
77,0,77,[np.float64(-0.07333333333333333)],[np.float64(0.19166666666666668)],[1],[0],[0],[1.4380825000116602],['target'],77,0,77,0,210.08564790000673,,10,210.06659359997138,210.08564790000673,210.08564790000673,0.028407300007529557,211.50478969997494,[np.float64(-0.07333333333333333)],[np.float64(0.19166666666666668)],[1],[0],[0],[1.4380825000116602],['target'],001,001,2025-09-29_15h41.40.318,Visual Search Experiment Bhumika Bajaj AU2320057,,2025.1.1,61.31377016399075,2025-09-29 15h42.11.677948 +0530,
78,0,78,[np.float64(-0.49333333333333335)],[np.float64(-0.42)],[1],[0],[0],[1.6896265000104904],['target'],78,0,78,0,211.53455270000268,,5,211.52069259999553,211.53455270000268,211.53455270000268,0.01560580002842471,213.21044860000256,[np.float64(-0.49333333333333335)],[np.float64(-0.42)],[1],[0],[0],[1.6896265000104904],['target'],001,001,2025-09-29_15h41.40.318,Visual Search Experiment Bhumika Bajaj AU2320057,,2025.1.1,61.31377016399075,2025-09-29 15h42.11.677948 +0530,
79,0,79,[np.float64(-0.075)],[np.float64(-0.30833333333333335)],[1],[0],[0],[1.8263679000083357],['target'],79,0,79,0,213.26983389997622,,10,213.2450389000005,213.26983389997622,213.26983389997622,0.034404999983962625,215.07149659999413,[np.float64(-0.075)],[np.float64(-0.30833333333333335)],[1],[0],[0],[1.8263679000083357],['target'],001,001,2025-09-29_15h41.40.318,Visual Search Experiment Bhumika Bajaj AU2320057,,2025.1.1,61.31377016399075,2025-09-29 15h42.11.677948 +0530,
80,0,80,[np.float64(0.38333333333333336)],[np.float64(0.09)],[1],[0],[0],[2.017686399980448],['target'],80,0,80,0,215.1009880999918,,5,215.0885267999838,215.1009880999918,215.1009880999918,0.016833100002259016,217.10631389997434,[np.float64(0.38333333333333336)],[np.float64(0.09)],[1],[0],[0],[2.017686399980448],['target'],001,001,2025-09-29_15h41.40.318,Visual Search Experiment Bhumika Bajaj AU2320057,,2025.1.1,61.31377016399075,2025-09-29 15h42.11.677948 +0530,
81,0,81,[np.float64(-0.105)],[np.float64(0.235)],[1],[0],[0],[1.6597363000037149],['target'],81,0,81,0,217.1514474999858,,10,217.13919929997064,217.1514474999858,217.1514474999858,0.032701299991458654,218.7990399999544,[np.float64(-0.105)],[np.float64(0.235)],[1],[0],[0],[1.6597363000037149],['target'],001,001,2025-09-29_15h41.40.318,Visual Search Experiment Bhumika Bajaj AU2320057,,2025.1.1,61.31377016399075,2025-09-29 15h42.11.677948 +0530,
82,0,82,[np.float64(-0.22666666666666666)],[np.float64(-0.3)],[1],[0],[0],[2.067811899993103],['target'],82,0,82,0,218.8430928000016,,10,218.82872539997334,218.8430928000016,218.8430928000016,0.0294927999493666,220.89666799997212,[np.float64(-0.22666666666666666)],[np.float64(-0.3)],[1],[0],[0],[2.067811899993103],['target'],001,001,2025-09-29_15h41.40.318,Visual Search Experiment Bhumika Bajaj AU2320057,,2025.1.1,61.31377016399075,2025-09-29 15h42.11.677948 +0530,
83,0,83,[np.float64(0.41833333333333333)],[np.float64(-0.2633333333333333)],[1],[0],[0],[2.02169830002822],['target'],83,0,83,0,220.94267279998166,,5,220.9201075999881,220.94267279998166,220.94267279998166,0.02312759996857494,222.94193579995772,[np.float64(0.41833333333333333)],[np.float64(-0.2633333333333333)],[1],[0],[0],[2.02169830002822],['target'],001,001,2025-09-29_15h41.40.318,Visual Search Experiment Bhumika Bajaj AU2320057,,2025.1.1,61.31377016399075,2025-09-29 15h42.11.677948 +0530,
84,0,84,[np.float64(0.41833333333333333)],[np.float64(-0.38666666666666666)],[1],[0],[0],[2.0354735999717377],['target'],84,0,84,0,223.00226909999037,,10,222.97750199999427,223.00226909999037,223.00226909999037,0.03535289998399094,225.01306959998328,[np.float64(0.41833333333333333)],[np.float64(-0.38666666666666666)],[1],[0],[0],[2.0354735999717377],['target'],001,001,2025-09-29_15h41.40.318,Visual Search Experiment Bhumika Bajaj AU2320057,,2025.1.1,61.31377016399075,2025-09-29 15h42.11.677948 +0530,
85,0,85,[np.float64(0.4116666666666667)],[np.float64(-0.4533333333333333)],[1],[0],[0],[2.1318220000248402],['target'],85,0,85,0,225.05913539999165,,10,225.03934079996543,225.05913539999165,225.05913539999165,0.02604490000521764,227.17131740000332,[np.float64(0.4116666666666667)],[np.float64(-0.4533333333333333)],[1],[0],[0],[2.1318220000248402],['target'],001,001,2025-09-29_15h41.40.318,Visual Search Experiment Bhumika Bajaj AU2320057,,2025.1.1,61.31377016399075,2025-09-29 15h42.11.677948 +0530,
86,0,86,[np.float64(-0.3333333333333333)],[np.float64(0.37833333333333335)],[1],[0],[0],[2.996488400036469],['target'],86,0,86,0,227.21766079997178,,5,227.19294659997104,227.21766079997178,227.21766079997178,0.02131280000321567,230.18959399999585,[np.float64(-0.3333333333333333)],[np.float64(0.37833333333333335)],[1],[0],[0],[2.996488400036469],['target'],001,001,2025-09-29_15h41.40.318,Visual Search Experiment Bhumika Bajaj AU2320057,,2025.1.1,61.31377016399075,2025-09-29 15h42.11.677948 +0530,
87,0,87,[np.float64(-0.44166666666666665)],[np.float64(-0.455)],[1],[0],[0],[1.8243534000357613],['target'],87,0,87,0,230.2354476999608,,5,230.20980599999893,230.2354476999608,230.2354476999608,0.0199381000129506,232.03428619995248,[np.float64(-0.44166666666666665)],[np.float64(-0.455)],[1],[0],[0],[1.8243534000357613],['target'],001,001,2025-09-29_15h41.40.318,Visual Search Experiment Bhumika Bajaj AU2320057,,2025.1.1,61.31377016399075,2025-09-29 15h42.11.677948 +0530,
88,0,88,"[np.float64(-0.13), np.float64(-0.15333333333333332)]","[np.float64(-0.23833333333333334), np.float64(-0.23333333333333334)]","[1, 1]","[0, 0]","[0, 0]","[2.2121094999602064, 3.561439499957487]","[None, 'target']",88,0,88,0,232.09433819999686,,10,232.06894989998545,232.09433819999686,232.09433819999686,0.03442999999970198,235.63048739999067,"[np.float64(-0.13), np.float64(-0.15333333333333332)]","[np.float64(-0.23833333333333334), np.float64(-0.23333333333333334)]","[1, 1]","[0, 0]","[0, 0]","[2.2121094999602064, 3.561439499957487]","[None, 'target']",001,001,2025-09-29_15h41.40.318,Visual Search Experiment Bhumika Bajaj AU2320057,,2025.1.1,61.31377016399075,2025-09-29 15h42.11.677948 +0530,
89,0,89,[np.float64(0.32)],[np.float64(0.41)],[1],[0],[0],[1.486641299969051],['target'],89,0,89,0,235.67598309996538,,5,235.65161399997305,235.67598309996538,235.67598309996538,0.020856000017374754,237.13839679997182,[np.float64(0.32)],[np.float64(0.41)],[1],[0],[0],[1.486641299969051],['target'],001,001,2025-09-29_15h41.40.318,Visual Search Experiment Bhumika Bajaj AU2320057,,2025.1.1,61.31377016399075,2025-09-29 15h42.11.677948 +0530,
90,0,90,"[np.float64(-0.30666666666666664), np.float64(-0.32)]","[np.float64(-0.315), np.float64(-0.315)]","[1, 1]","[0, 0]","[0, 0]","[2.990761199966073, 4.105827399995178]","[None, 'target']",90,0,90,0,237.2016944999923,,10,237.17492550000316,237.2016944999923,237.2016944999923,0.036257100000511855,241.2808393999585,"[np.float64(-0.30666666666666664), np.float64(-0.32)]","[np.float64(-0.315), np.float64(-0.315)]","[1, 1]","[0, 0]","[0, 0]","[2.990761199966073, 4.105827399995178]","[None, 'target']",001,001,2025-09-29_15h41.40.318,Visual Search Experiment Bhumika Bajaj AU2320057,,2025.1.1,61.31377016399075,2025-09-29 15h42.11.677948 +0530,
91,0,91,[np.float64(-0.17166666666666666)],[np.float64(-0.13833333333333334)],[1],[0],[0],[1.3229225999675691],['target'],91,0,91,0,241.309769399988,,5,241.29390879999846,241.309769399988,241.309769399988,0.012875000014901161,242.6169419999933,[np.float64(-0.17166666666666666)],[np.float64(-0.13833333333333334)],[1],[0],[0],[1.3229225999675691],['target'],001,001,2025-09-29_15h41.40.318,Visual Search Experiment Bhumika Bajaj AU2320057,,2025.1.1,61.31377016399075,2025-09-29 15h42.11.677948 +0530,
92,0,92,[np.float64(0.225)],[np.float64(0.40166666666666667)],[1],[0],[0],[4.370604700001422],['target'],92,0,92,0,242.65941659995588,,10,242.6447115999763,242.65941659995588,242.65941659995588,0.027591199963353574,247.0154314999818,[np.float64(0.225)],[np.float64(0.40166666666666667)],[1],[0],[0],[4.370604700001422],['target'],001,001,2025-09-29_15h41.40.318,Visual Search Experiment Bhumika Bajaj AU2320057,,2025.1.1,61.31377016399075,2025-09-29 15h42.11.677948 +0530,
93,0,93,[np.float64(0.19333333333333333)],[np.float64(0.135)],[1],[0],[0],[1.3243466999847442],['target'],93,0,93,0,247.07808339997428,,10,247.04984459996922,247.07808339997428,247.07808339997428,0.03415349998977035,248.3742923999671,[np.float64(0.19333333333333333)],[np.float64(0.135)],[1],[0],[0],[1.3243466999847442],['target'],001,001,2025-09-29_15h41.40.318,Visual Search Experiment Bhumika Bajaj AU2320057,,2025.1.1,61.31377016399075,2025-09-29 15h42.11.677948 +0530,
94,0,94,[np.float64(0.17833333333333334)],[np.float64(0.4066666666666667)],[1],[0],[0],[1.4514724999899045],['target'],94,0,94,0,248.4181241999613,,10,248.40291389997583,248.4181241999613,248.4181241999613,0.028391200001351535,249.85447629995178,[np.float64(0.17833333333333334)],[np.float64(0.4066666666666667)],[1],[0],[0],[1.4514724999899045],['target'],001,001,2025-09-29_15h41.40.318,Visual Search Experiment Bhumika Bajaj AU2320057,,2025.1.1,61.31377016399075,2025-09-29 15h42.11.677948 +0530,
95,0,95,[np.float64(0.03666666666666667)],[np.float64(-0.13)],[1],[0],[0],[1.834937000006903],['target'],95,0,95,0,249.88442659995053,,5,249.8702432999853,249.88442659995053,249.88442659995053,0.015581500018015504,251.70534309995128,[np.float64(0.03666666666666667)],[np.float64(-0.13)],[1],[0],[0],[1.834937000006903],['target'],001,001,2025-09-29_15h41.40.318,Visual Search Experiment Bhumika Bajaj AU2320057,,2025.1.1,61.31377016399075,2025-09-29 15h42.11.677948 +0530,
96,0,96,[np.float64(0.15166666666666667)],[np.float64(-0.4166666666666667)],[1],[0],[0],[2.039601899974514],['target'],96,0,96,0,251.75295150000602,,5,251.7261112999986,251.75295150000602,251.75295150000602,0.020497700024861842,253.76584859995637,[np.float64(0.15166666666666667)],[np.float64(-0.4166666666666667)],[1],[0],[0],[2.039601899974514],['target'],001,001,2025-09-29_15h41.40.318,Visual Search Experiment Bhumika Bajaj AU2320057,,2025.1.1,61.31377016399075,2025-09-29 15h42.11.677948 +0530,
97,0,97,[np.float64(-0.016666666666666666)],[np.float64(-0.31166666666666665)],[1],[0],[0],[1.529847299971152],['target'],97,0,97,0,253.82759929995518,,10,253.80271149997134,253.82759929995518,253.82759929995518,0.03664750000461936,255.33268829999724,[np.float64(-0.016666666666666666)],[np.float64(-0.31166666666666665)],[1],[0],[0],[1.529847299971152],['target'],001,001,2025-09-29_15h41.40.318,Visual Search Experiment Bhumika Bajaj AU2320057,,2025.1.1,61.31377016399075,2025-09-29 15h42.11.677948 +0530,
98,0,98,[np.float64(-0.34)],[np.float64(-0.006666666666666667)],[1],[0],[0],[1.9129288000403903],['target'],98,0,98,0,255.3774666999816,,5,255.35407459997805,255.3774666999816,255.3774666999816,0.0211037999833934,257.2671255999594,[np.float64(-0.34)],[np.float64(-0.006666666666666667)],[1],[0],[0],[1.9129288000403903],['target'],001,001,2025-09-29_15h41.40.318,Visual Search Experiment Bhumika Bajaj AU2320057,,2025.1.1,61.31377016399075,2025-09-29 15h42.11.677948 +0530,
99,0,99,[np.float64(-0.26666666666666666)],[np.float64(-0.0033333333333333335)],[1],[0],[0],[1.3322635000222363],['target'],99,0,99,0,257.3275560999755,,10,257.29748339997604,257.3275560999755,257.3275560999755,0.03014739998616278,258.6299043999752,[np.float64(-0.26666666666666666)],[np.float64(-0.0033333333333333335)],[1],[0],[0],[1.3322635000222363],['target'],001,001,2025-09-29_15h41.40.318,Visual Search Experiment Bhumika Bajaj AU2320057,,2025.1.1,61.31377016399075,2025-09-29 15h42.11.677948 +0530,
100,0,100,[np.float64(0.11)],[np.float64(0.10833333333333334)],[1],[0],[0],[1.6738717000116594],['target'],100,0,100,0,258.67586209997535,,10,258.6644909000024,258.67586209997535,258.67586209997535,0.034247699950356036,260.3384882999817,[np.float64(0.11)],[np.float64(0.10833333333333334)],[1],[0],[0],[1.6738717000116594],['target'],001,001,2025-09-29_15h41.40.318,Visual Search Experiment Bhumika Bajaj AU2320057,,2025.1.1,61.31377016399075,2025-09-29 15h42.11.677948 +0530,
101,0,101,[np.float64(-0.255)],[np.float64(-0.2816666666666667)],[1],[0],[0],[1.569789299974218],['target'],101,0,101,0,260.3839542999631,,10,260.3684016999905,260.3839542999631,260.3839542999631,0.029624300019349903,261.9383409000002,[np.float64(-0.255)],[np.float64(-0.2816666666666667)],[1],[0],[0],[1.569789299974218],['target'],001,001,2025-09-29_15h41.40.318,Visual Search Experiment Bhumika Bajaj AU2320057,,2025.1.1,61.31377016399075,2025-09-29 15h42.11.677948 +0530,
102,0,102,[np.float64(0.29333333333333333)],[np.float64(0.10166666666666667)],[1],[0],[0],[1.6953152000205591],['target'],102,0,102,0,261.984064499964,,10,261.9691263999557,261.984064499964,261.984064499964,0.030440200003795326,263.66461469995556,[np.float64(0.29333333333333333)],[np.float64(0.10166666666666667)],[1],[0],[0],[1.6953152000205591],['target'],001,001,2025-09-29_15h41.40.318,Visual Search Experiment Bhumika Bajaj AU2320057,,2025.1.1,61.31377016399075,2025-09-29 15h42.11.677948 +0530,
103,0,103,[np.float64(-0.32666666666666666)],[np.float64(-0.125)],[1],[0],[0],[3.214578100014478],['target'],103,0,103,0,263.7091111000045,,10,263.6938271999825,263.7091111000045,263.7091111000045,0.02888969995547086,266.9085419999901,[np.float64(-0.32666666666666666)],[np.float64(-0.125)],[1],[0],[0],[3.214578100014478],['target'],001,001,2025-09-29_15h41.40.318,Visual Search Experiment Bhumika Bajaj AU2320057,,2025.1.1,61.31377016399075,2025-09-29 15h42.11.677948 +0530,
104,0,104,"[np.float64(0.265), np.float64(0.2866666666666667)]","[np.float64(0.2966666666666667), np.float64(0.315)]","[1, 1]","[0, 0]","[0, 0]","[1.4187437999644317, 2.4501586999977008]","[None, 'target']",104,0,104,0,266.9529480999918,,5,266.93066839996027,266.9529480999918,266.9529480999918,0.021819200017489493,269.38097409997135,"[np.float64(0.265), np.float64(0.2866666666666667)]","[np.float64(0.2966666666666667), np.float64(0.315)]","[1, 1]","[0, 0]","[0, 0]","[1.4187437999644317, 2.4501586999977008]","[None, 'target']",001,001,2025-09-29_15h41.40.318,Visual Search Experiment Bhumika Bajaj AU2320057,,2025.1.1,61.31377016399075,2025-09-29 15h42.11.677948 +0530,
105,0,105,[np.float64(-0.455)],[np.float64(-0.43)],[1],[0],[0],[1.740597700001672],['target'],105,0,105,0,269.4424349999754,,10,269.4228162000072,269.4424349999754,269.4424349999754,0.0415557999513112,271.1635245999787,[np.float64(-0.455)],[np.float64(-0.43)],[1],[0],[0],[1.740597700001672],['target'],001,001,2025-09-29_15h41.40.318,Visual Search Experiment Bhumika Bajaj AU2320057,,2025.1.1,61.31377016399075,2025-09-29 15h42.11.677948 +0530,
106,0,106,[np.float64(-0.2733333333333333)],[np.float64(-0.195)],[1],[0],[0],[1.8013561999541707],['target'],106,0,106,0,271.193135599955,,5,271.18165779998526,271.193135599955,271.193135599955,0.017838999978266656,272.9831469999626,[np.float64(-0.2733333333333333)],[np.float64(-0.195)],[1],[0],[0],[1.8013561999541707],['target'],001,001,2025-09-29_15h41.40.318,Visual Search Experiment Bhumika Bajaj AU2320057,,2025.1.1,61.31377016399075,2025-09-29 15h42.11.677948 +0530,
107,0,107,"[np.float64(0.22), np.float64(0.22333333333333333)]","[np.float64(-0.051666666666666666), np.float64(-0.045)]","[1, 1]","[0, 0]","[0, 0]","[1.3654231999535114, 2.4064044999540783]","[None, 'target']",107,0,107,0,273.0261473999708,,5,273.00619349995395,273.0261473999708,273.0261473999708,0.022849900007713586,275.41267659998266,"[np.float64(0.22), np.float64(0.22333333333333333)]","[np.float64(-0.051666666666666666), np.float64(-0.045)]","[1, 1]","[0, 0]","[0, 0]","[1.3654231999535114, 2.4064044999540783]","[None, 'target']",001,001,2025-09-29_15h41.40.318,Visual Search Experiment Bhumika Bajaj AU2320057,,2025.1.1,61.31377016399075,2025-09-29 15h42.11.677948 +0530,
108,0,108,[np.float64(0.3016666666666667)],[np.float64(0.34)],[1],[0],[0],[1.6279206000035629],['target'],108,0,108,0,275.4593912999844,,10,275.4453753999551,275.4593912999844,275.4593912999844,0.03247640002518892,277.07343230000697,[np.float64(0.3016666666666667)],[np.float64(0.34)],[1],[0],[0],[1.6279206000035629],['target'],001,001,2025-09-29_15h41.40.318,Visual Search Experiment Bhumika Bajaj AU2320057,,2025.1.1,61.31377016399075,2025-09-29 15h42.11.677948 +0530,
109,0,109,[np.float64(-0.43333333333333335)],[np.float64(-0.4633333333333333)],[1],[0],[0],[2.7956005000160076],['target'],109,0,109,0,277.13443919998826,,10,277.1091816999833,277.13443919998826,277.13443919998826,0.0354695999994874,279.90487189998385,[np.float64(-0.43333333333333335)],[np.float64(-0.4633333333333333)],[1],[0],[0],[2.7956005000160076],['target'],001,001,2025-09-29_15h41.40.318,Visual Search Experiment Bhumika Bajaj AU2320057,,2025.1.1,61.31377016399075,2025-09-29 15h42.11.677948 +0530,
110,0,110,[np.float64(0.08166666666666667)],[np.float64(0.028333333333333332)],[1],[0],[0],[3.1040886000264436],['target'],110,0,110,0,279.9510289999889,,10,279.93433639995055,279.9510289999889,279.9510289999889,0.029268399986904114,283.03852449997794,[np.float64(0.08166666666666667)],[np.float64(0.028333333333333332)],[1],[0],[0],[3.1040886000264436],['target'],001,001,2025-09-29_15h41.40.318,Visual Search Experiment Bhumika Bajaj AU2320057,,2025.1.1,61.31377016399075,2025-09-29 15h42.11.677948 +0530,
111,0,111,[np.float64(0.13666666666666666)],[np.float64(-0.3333333333333333)],[1],[0],[0],[1.5954524999833666],['target'],111,0,111,0,283.0675111999735,,5,283.0541260999744,283.0675111999735,283.0675111999735,0.01540430000750348,284.6496550999582,[np.float64(0.13666666666666666)],[np.float64(-0.3333333333333333)],[1],[0],[0],[1.5954524999833666],['target'],001,001,2025-09-29_15h41.40.318,Visual Search Experiment Bhumika Bajaj AU2320057,,2025.1.1,61.31377016399075,2025-09-29 15h42.11.677948 +0530,
112,0,112,[np.float64(0.165)],[np.float64(-0.035)],[1],[0],[0],[2.021525499993004],['target'],112,0,112,0,284.67573560000164,,5,284.6658882999909,284.67573560000164,284.67573560000164,0.016098099993541837,286.68753999995533,[np.float64(0.165)],[np.float64(-0.035)],[1],[0],[0],[2.021525499993004],['target'],001,001,2025-09-29_15h41.40.318,Visual Search Experiment Bhumika Bajaj AU2320057,,2025.1.1,61.31377016399075,2025-09-29 15h42.11.677948 +0530,
113,0,113,[np.float64(0.15833333333333333)],[np.float64(-0.4633333333333333)],[1],[0],[0],[1.5827581000048667],['target'],113,0,113,0,286.7343400999671,,10,286.72172390000196,286.7343400999671,286.7343400999671,0.033960799977649,288.30459089996293,[np.float64(0.15833333333333333)],[np.float64(-0.4633333333333333)],[1],[0],[0],[1.5827581000048667],['target'],001,001,2025-09-29_15h41.40.318,Visual Search Experiment Bhumika Bajaj AU2320057,,2025.1.1,61.31377016399075,2025-09-29 15h42.11.677948 +0530,
114,0,114,[np.float64(-0.31666666666666665)],[np.float64(0.49666666666666665)],[1],[0],[0],[1.7542216999572702],['target'],114,0,114,0,288.33390249998774,,5,288.32106919999933,288.33390249998774,288.33390249998774,0.016303199983667582,290.0754155999748,[np.float64(-0.31666666666666665)],[np.float64(0.49666666666666665)],[1],[0],[0],[1.7542216999572702],['target'],001,001,2025-09-29_15h41.40.318,Visual Search Experiment Bhumika Bajaj AU2320057,,2025.1.1,61.31377016399075,2025-09-29 15h42.11.677948 +0530,
115,0,115,[np.float64(-0.16333333333333333)],[np.float64(-0.2966666666666667)],[1],[0],[0],[1.6780761000118218],['target'],115,0,115,0,290.1193601999548,,5,290.0952787999995,290.1193601999548,290.1193601999548,0.019643800042103976,291.7734656999819,[np.float64(-0.16333333333333333)],[np.float64(-0.2966666666666667)],[1],[0],[0],[1.6780761000118218],['target'],001,001,2025-09-29_15h41.40.318,Visual Search Experiment Bhumika Bajaj AU2320057,,2025.1.1,61.31377016399075,2025-09-29 15h42.11.677948 +0530,
116,0,116,[np.float64(-0.09333333333333334)],[np.float64(0.058333333333333334)],[1],[0],[0],[1.725861500017345],['target'],116,0,116,0,291.8359777999576,,10,291.80542399996193,291.8359777999576,291.8359777999576,0.03181119996588677,293.5314251999953,[np.float64(-0.09333333333333334)],[np.float64(0.058333333333333334)],[1],[0],[0],[1.725861500017345],['target'],001,001,2025-09-29_15h41.40.318,Visual Search Experiment Bhumika Bajaj AU2320057,,2025.1.1,61.31377016399075,2025-09-29 15h42.11.677948 +0530,
117,0,117,[np.float64(0.32)],[np.float64(-0.38)],[1],[0],[0],[1.5411656000069343],['target'],117,0,117,0,293.59230689995456,,10,293.56640099996,293.59230689995456,293.59230689995456,0.034708700026385486,295.1076553000021,[np.float64(0.32)],[np.float64(-0.38)],[1],[0],[0],[1.5411656000069343],['target'],001,001,2025-09-29_15h41.40.318,Visual Search Experiment Bhumika Bajaj AU2320057,,2025.1.1,61.31377016399075,2025-09-29 15h42.11.677948 +0530,
118,0,118,[np.float64(-0.05)],[np.float64(0.22833333333333333)],[1],[0],[0],[1.5326756999711506],['target'],118,0,118,0,295.13424859999213,,5,295.1224286999786,295.13424859999213,295.13424859999213,0.014591700048185885,296.65520009998,[np.float64(-0.05)],[np.float64(0.22833333333333333)],[1],[0],[0],[1.5326756999711506],['target'],001,001,2025-09-29_15h41.40.318,Visual Search Experiment Bhumika Bajaj AU2320057,,2025.1.1,61.31377016399075,2025-09-29 15h42.11.677948 +0530,
119,0,119,[np.float64(-0.365)],[np.float64(0.245)],[1],[0],[0],[1.5243553000036627],['target'],119,0,119,0,296.7012373000034,,10,296.6847690999857,296.7012373000034,296.7012373000034,0.029405799985397607,298.2092707999982,[np.float64(-0.365)],[np.float64(0.245)],[1],[0],[0],[1.5243553000036627],['target'],001,001,2025-09-29_15h41.40.318,Visual Search Experiment Bhumika Bajaj AU2320057,,2025.1.1,61.31377016399075,2025-09-29 15h42.11.677948 +0530,
120,0,120,[np.float64(-0.27166666666666667)],[np.float64(0.2816666666666667)],[1],[0],[0],[1.6705357999890111],['target'],120,0,120,0,298.2504089999711,,5,298.22915169998305,298.2504089999711,298.2504089999711,0.019565599970519543,299.8998087999644,[np.float64(-0.27166666666666667)],[np.float64(0.2816666666666667)],[1],[0],[0],[1.6705357999890111],['target'],001,001,2025-09-29_15h41.40.318,Visual Search Experiment Bhumika Bajaj AU2320057,,2025.1.1,61.31377016399075,2025-09-29 15h42.11.677948 +0530,
121,0,121,[np.float64(-0.36666666666666664)],[np.float64(-0.30666666666666664)],[1],[0],[0],[1.2937763000372797],['target'],121,0,121,0,299.94367569999304,,5,299.920873199997,299.94367569999304,299.94367569999304,0.020866299979388714,301.21477819996653,[np.float64(-0.36666666666666664)],[np.float64(-0.30666666666666664)],[1],[0],[0],[1.2937763000372797],['target'],001,001,2025-09-29_15h41.40.318,Visual Search Experiment Bhumika Bajaj AU2320057,,2025.1.1,61.31377016399075,2025-09-29 15h42.11.677948 +0530,
122,0,122,[np.float64(0.41333333333333333)],[np.float64(-0.31)],[1],[0],[0],[1.605159399972763],['target'],122,0,122,0,301.2759054999915,,10,301.2512826999882,301.2759054999915,301.2759054999915,0.03629630000796169,302.85652969998773,[np.float64(0.41333333333333333)],[np.float64(-0.31)],[1],[0],[0],[1.605159399972763],['target'],001,001,2025-09-29_15h41.40.318,Visual Search Experiment Bhumika Bajaj AU2320057,,2025.1.1,61.31377016399075,2025-09-29 15h42.11.677948 +0530,
123,0,123,[np.float64(-0.24666666666666667)],[np.float64(0.26)],[1],[0],[0],[1.5846458000014536],['target'],123,0,123,0,302.8838885999867,,5,302.873452299973,302.8838885999867,302.8838885999867,0.016735700017306954,304.4582249999512,[np.float64(-0.24666666666666667)],[np.float64(0.26)],[1],[0],[0],[1.5846458000014536],['target'],001,001,2025-09-29_15h41.40.318,Visual Search Experiment Bhumika Bajaj AU2320057,,2025.1.1,61.31377016399075,2025-09-29 15h42.11.677948 +0530,
124,0,124,[np.float64(-0.15333333333333332)],[np.float64(-0.26)],[1],[0],[0],[1.29001120000612],['target'],124,0,124,0,304.5009943000041,,5,304.4802626000019,304.5009943000041,304.5009943000041,0.021833199949469417,305.7703617999796,[np.float64(-0.15333333333333332)],[np.float64(-0.26)],[1],[0],[0],[1.29001120000612],['target'],001,001,2025-09-29_15h41.40.318,Visual Search Experiment Bhumika Bajaj AU2320057,,2025.1.1,61.31377016399075,2025-09-29 15h42.11.677948 +0530,
125,0,125,[np.float64(-0.23833333333333334)],[np.float64(-0.23166666666666666)],[1],[0],[0],[0.8973582999897189],['target'],125,0,125,0,305.8174919000012,,5,305.7924867999973,305.8174919000012,305.8174919000012,0.021883799985516816,306.68996789999073,[np.float64(-0.23833333333333334)],[np.float64(-0.23166666666666666)],[1],[0],[0],[0.8973582999897189],['target'],001,001,2025-09-29_15h41.40.318,Visual Search Experiment Bhumika Bajaj AU2320057,,2025.1.1,61.31377016399075,2025-09-29 15h42.11.677948 +0530,
126,0,126,"[np.float64(-0.43666666666666665), np.float64(-0.45666666666666667)]","[np.float64(-0.15333333333333332), np.float64(-0.165)]","[1, 1]","[0, 0]","[0, 0]","[1.4381839000270702, 2.4264715000172146]","[None, 'target']",126,0,126,0,306.735318299965,,5,306.7105501999613,306.735318299965,306.735318299965,0.02036309998948127,309.13722029997734,"[np.float64(-0.43666666666666665), np.float64(-0.45666666666666667)]","[np.float64(-0.15333333333333332), np.float64(-0.165)]","[1, 1]","[0, 0]","[0, 0]","[1.4381839000270702, 2.4264715000172146]","[None, 'target']",001,001,2025-09-29_15h41.40.318,Visual Search Experiment Bhumika Bajaj AU2320057,,2025.1.1,61.31377016399075,2025-09-29 15h42.11.677948 +0530,
127,0,127,[np.float64(0.11833333333333333)],[np.float64(-0.3)],[1],[0],[0],[1.947717399976682],['target'],127,0,127,0,309.1832405999885,,5,309.1598752999562,309.1832405999885,309.1832405999885,0.022305999998934567,311.1077400999493,[np.float64(0.11833333333333333)],[np.float64(-0.3)],[1],[0],[0],[1.947717399976682],['target'],001,001,2025-09-29_15h41.40.318,Visual Search Experiment Bhumika Bajaj AU2320057,,2025.1.1,61.31377016399075,2025-09-29 15h42.11.677948 +0530,
128,0,128,[np.float64(-0.405)],[np.float64(0.475)],[1],[0],[0],[5.447100599994883],['target'],128,0,128,0,311.16768579999916,,10,311.14119429996936,311.16768579999916,311.16768579999916,0.03317020001122728,316.5884274999844,[np.float64(-0.405)],[np.float64(0.475)],[1],[0],[0],[5.447100599994883],['target'],001,001,2025-09-29_15h41.40.318,Visual Search Experiment Bhumika Bajaj AU2320057,,2025.1.1,61.31377016399075,2025-09-29 15h42.11.677948 +0530,
129,0,129,[np.float64(-0.2683333333333333)],[np.float64(-0.29833333333333334)],[1],[0],[0],[1.984186400019098],['target'],129,0,129,0,316.650467999978,,10,316.6228625999647,316.650467999978,316.650467999978,0.03413210000144318,318.6072057999554,[np.float64(-0.2683333333333333)],[np.float64(-0.29833333333333334)],[1],[0],[0],[1.984186400019098],['target'],001,001,2025-09-29_15h41.40.318,Visual Search Experiment Bhumika Bajaj AU2320057,,2025.1.1,61.31377016399075,2025-09-29 15h42.11.677948 +0530,
130,0,130,[np.float64(-0.48833333333333334)],[np.float64(0.31833333333333336)],[1],[0],[0],[1.5593803999945521],['target'],130,0,130,0,318.6514841999742,,5,318.6277033999795,318.6514841999742,318.6514841999742,0.020150600001215935,320.18718239996815,[np.float64(-0.48833333333333334)],[np.float64(0.31833333333333336)],[1],[0],[0],[1.5593803999945521],['target'],001,001,2025-09-29_15h41.40.318,Visual Search Experiment Bhumika Bajaj AU2320057,,2025.1.1,61.31377016399075,2025-09-29 15h42.11.677948 +0530,
131,0,131,"[np.float64(-0.36666666666666664), np.float64(-0.3466666666666667)]","[np.float64(0.42833333333333334), np.float64(0.43)]","[1, 1]","[0, 0]","[0, 0]","[1.4387550000101328, 3.1988615000154823]","[None, 'target']",131,0,131,0,320.2516984999529,,10,320.22397979995003,320.2516984999529,320.2516984999529,0.0364562000031583,323.4229764000047,"[np.float64(-0.36666666666666664), np.float64(-0.3466666666666667)]","[np.float64(0.42833333333333334), np.float64(0.43)]","[1, 1]","[0, 0]","[0, 0]","[1.4387550000101328, 3.1988615000154823]","[None, 'target']",001,001,2025-09-29_15h41.40.318,Visual Search Experiment Bhumika Bajaj AU2320057,,2025.1.1,61.31377016399075,2025-09-29 15h42.11.677948 +0530,
132,0,132,[np.float64(-0.4683333333333333)],[np.float64(0.47333333333333333)],[1],[0],[0],[1.365514000004623],['target'],132,0,132,0,323.48404889996164,,10,323.4563070999575,323.48404889996164,323.48404889996164,0.033022699994035065,324.82194160000654,[np.float64(-0.4683333333333333)],[np.float64(0.47333333333333333)],[1],[0],[0],[1.365514000004623],['target'],001,001,2025-09-29_15h41.40.318,Visual Search Experiment Bhumika Bajaj AU2320057,,2025.1.1,61.31377016399075,2025-09-29 15h42.11.677948 +0530,
133,0,133,[np.float64(-0.08666666666666667)],[np.float64(-0.20833333333333334)],[1],[0],[0],[2.2945797000429593],['target'],133,0,133,0,324.8666953999782,,5,324.84365749999415,324.8666953999782,324.8666953999782,0.021417099982500076,327.1383023999515,[np.float64(-0.08666666666666667)],[np.float64(-0.20833333333333334)],[1],[0],[0],[2.2945797000429593],['target'],001,001,2025-09-29_15h41.40.318,Visual Search Experiment Bhumika Bajaj AU2320057,,2025.1.1,61.31377016399075,2025-09-29 15h42.11.677948 +0530,
134,0,134,[np.float64(0.11833333333333333)],[np.float64(0.16666666666666666)],[1],[0],[0],[2.707326300034765],['target'],134,0,134,0,327.18341899994994,,10,327.16300000000047,327.18341899994994,327.18341899994994,0.02456799999345094,329.87041189998854,[np.float64(0.11833333333333333)],[np.float64(0.16666666666666666)],[1],[0],[0],[2.707326300034765],['target'],001,001,2025-09-29_15h41.40.318,Visual Search Experiment Bhumika Bajaj AU2320057,,2025.1.1,61.31377016399075,2025-09-29 15h42.11.677948 +0530,
135,0,135,[np.float64(-0.435)],[np.float64(-0.35)],[1],[0],[0],[1.5134544000029564],['target'],135,0,135,0,329.91671869996935,,10,329.9006081999978,329.91671869996935,329.91671869996935,0.029927800002042204,331.414205899986,[np.float64(-0.435)],[np.float64(-0.35)],[1],[0],[0],[1.5134544000029564],['target'],001,001,2025-09-29_15h41.40.318,Visual Search Experiment Bhumika Bajaj AU2320057,,2025.1.1,61.31377016399075,2025-09-29 15h42.11.677948 +0530,
136,0,136,[np.float64(0.4683333333333333)],[np.float64(-0.26666666666666666)],[1],[0],[0],[2.501114000042435],['target'],136,0,136,0,331.47461049997946,,10,331.4527552999789,331.47461049997946,331.47461049997946,0.038218900037463754,333.95398299995577,[np.float64(0.4683333333333333)],[np.float64(-0.26666666666666666)],[1],[0],[0],[2.501114000042435],['target'],001,001,2025-09-29_15h41.40.318,Visual Search Experiment Bhumika Bajaj AU2320057,,2025.1.1,61.31377016399075,2025-09-29 15h42.11.677948 +0530,
137,0,137,[np.float64(0.06333333333333334)],[np.float64(0.02)],[1],[0],[0],[1.6051108000101522],['target'],137,0,137,0,333.98300049995305,,5,333.9686449999572,333.98300049995305,333.98300049995305,0.014410799951292574,335.5738608999527,[np.float64(0.06333333333333334)],[np.float64(0.02)],[1],[0],[0],[1.6051108000101522],['target'],001,001,2025-09-29_15h41.40.318,Visual Search Experiment Bhumika Bajaj AU2320057,,2025.1.1,61.31377016399075,2025-09-29 15h42.11.677948 +0530,
138,0,138,[np.float64(0.3516666666666667)],[np.float64(-0.445)],[1],[0],[0],[1.895524799998384],['target'],138,0,138,0,335.5999236999778,,5,335.5885348999873,335.5999236999778,335.5999236999778,0.01448860001983121,337.48419509996893,[np.float64(0.3516666666666667)],[np.float64(-0.445)],[1],[0],[0],[1.895524799998384],['target'],001,001,2025-09-29_15h41.40.318,Visual Search Experiment Bhumika Bajaj AU2320057,,2025.1.1,61.31377016399075,2025-09-29 15h42.11.677948 +0530,
139,0,139,[np.float64(0.17666666666666667)],[np.float64(0.39166666666666666)],[1],[0],[0],[2.1818273999961093],['target'],139,0,139,0,337.52480699995067,,5,337.50797739997506,337.52480699995067,337.52480699995067,0.023547599965240806,339.6898990999907,[np.float64(0.17666666666666667)],[np.float64(0.39166666666666666)],[1],[0],[0],[2.1818273999961093],['target'],001,001,2025-09-29_15h41.40.318,Visual Search Experiment Bhumika Bajaj AU2320057,,2025.1.1,61.31377016399075,2025-09-29 15h42.11.677948 +0530,
140,0,140,[np.float64(-0.09333333333333334)],[np.float64(0.205)],[1],[0],[0],[1.6192618000204675],['target'],140,0,140,0,339.73406589997467,,5,339.7113043999998,339.73406589997467,339.73406589997467,0.021230899961665273,341.3307271999656,[np.float64(-0.09333333333333334)],[np.float64(0.205)],[1],[0],[0],[1.6192618000204675],['target'],001,001,2025-09-29_15h41.40.318,Visual Search Experiment Bhumika Bajaj AU2320057,,2025.1.1,61.31377016399075,2025-09-29 15h42.11.677948 +0530,
141,0,141,"[np.float64(0.08), np.float64(0.09833333333333333)]","[np.float64(-0.41833333333333333), np.float64(-0.42)]","[1, 1]","[0, 0]","[0, 0]","[1.4732074000057764, 2.540498699992895]","[None, 'target']",141,0,141,0,341.3584132999531,,5,341.34731069998816,341.3584132999531,341.3584132999531,0.016400299966335297,343.88793639995856,"[np.float64(0.08), np.float64(0.09833333333333333)]","[np.float64(-0.41833333333333333), np.float64(-0.42)]","[1, 1]","[0, 0]","[0, 0]","[1.4732074000057764, 2.540498699992895]","[None, 'target']",001,001,2025-09-29_15h41.40.318,Visual Search Experiment Bhumika Bajaj AU2320057,,2025.1.1,61.31377016399075,2025-09-29 15h42.11.677948 +0530,
142,0,142,[np.float64(-0.24333333333333335)],[np.float64(0.3233333333333333)],[1],[0],[0],[1.9082367999944836],['target'],142,0,142,0,343.9506693999865,,10,343.9220097999787,343.9506693999865,343.9506693999865,0.033791399968322366,345.83038070000475,[np.float64(-0.24333333333333335)],[np.float64(0.3233333333333333)],[1],[0],[0],[1.9082367999944836],['target'],001,001,2025-09-29_15h41.40.318,Visual Search Experiment Bhumika Bajaj AU2320057,,2025.1.1,61.31377016399075,2025-09-29 15h42.11.677948 +0530,
143,0,143,[np.float64(-0.25)],[np.float64(0.115)],[1],[0],[0],[1.3842412999947555],['target'],143,0,143,0,345.87593099998776,,5,345.85334519995376,345.87593099998776,345.87593099998776,0.022675599961075932,347.23768449999625,[np.float64(-0.25)],[np.float64(0.115)],[1],[0],[0],[1.3842412999947555],['target'],001,001,2025-09-29_15h41.40.318,Visual Search Experiment Bhumika Bajaj AU2320057,,2025.1.1,61.31377016399075,2025-09-29 15h42.11.677948 +0530,
144,0,144,"[np.float64(-0.028333333333333332), np.float64(-0.015)]","[np.float64(0.18), np.float64(0.18166666666666667)]","[1, 1]","[0, 0]","[0, 0]","[1.4120949000352994, 2.239265800046269]","[None, 'target']",144,0,144,0,347.2832905999967,,10,347.2658942999551,347.2832905999967,347.2832905999967,0.028053699992597103,349.50531509995926,"[np.float64(-0.028333333333333332), np.float64(-0.015)]","[np.float64(0.18), np.float64(0.18166666666666667)]","[1, 1]","[0, 0]","[0, 0]","[1.4120949000352994, 2.239265800046269]","[None, 'target']",001,001,2025-09-29_15h41.40.318,Visual Search Experiment Bhumika Bajaj AU2320057,,2025.1.1,61.31377016399075,2025-09-29 15h42.11.677948 +0530,
145,0,145,[np.float64(-0.36833333333333335)],[np.float64(0.49)],[1],[0],[0],[1.3492698000045493],['target'],145,0,145,0,349.5498124999576,,10,349.53842739999527,349.5498124999576,349.5498124999576,0.03278900001896545,350.88783349998994,[np.float64(-0.36833333333333335)],[np.float64(0.49)],[1],[0],[0],[1.3492698000045493],['target'],001,001,2025-09-29_15h41.40.318,Visual Search Experiment Bhumika Bajaj AU2320057,,2025.1.1,61.31377016399075,2025-09-29 15h42.11.677948 +0530,
146,0,146,[np.float64(0.07333333333333333)],[np.float64(0.3516666666666667)],[1],[0],[0],[1.3281302999821492],['target'],146,0,146,0,350.93346059997566,,5,350.911111399997,350.93346059997566,350.93346059997566,0.022978699998930097,352.23941039998317,[np.float64(0.07333333333333333)],[np.float64(0.3516666666666667)],[1],[0],[0],[1.3281302999821492],['target'],001,001,2025-09-29_15h41.40.318,Visual Search Experiment Bhumika Bajaj AU2320057,,2025.1.1,61.31377016399075,2025-09-29 15h42.11.677948 +0530,
147,0,147,[np.float64(-0.29833333333333334)],[np.float64(0.10166666666666667)],[1],[0],[0],[2.72830979997525],['target'],147,0,147,0,352.28340449999087,,10,352.26979629998095,352.28340449999087,352.28340449999087,0.03011079999851063,354.9982527999673,[np.float64(-0.29833333333333334)],[np.float64(0.10166666666666667)],[1],[0],[0],[2.72830979997525],['target'],001,001,2025-09-29_15h41.40.318,Visual Search Experiment Bhumika Bajaj AU2320057,,2025.1.1,61.31377016399075,2025-09-29 15h42.11.677948 +0530,
148,0,148,"[np.float64(-0.09333333333333334), np.float64(-0.06)]","[np.float64(-0.445), np.float64(-0.45666666666666667)]","[1, 1]","[0, 0]","[0, 0]","[1.9687228000257164, 5.215391999983694]","[None, 'target']",148,0,148,0,355.0412831999711,,5,355.02174559998093,355.0412831999711,355.0412831999711,0.023180700023658574,360.23725469998317,"[np.float64(-0.09333333333333334), np.float64(-0.06)]","[np.float64(-0.445), np.float64(-0.45666666666666667)]","[1, 1]","[0, 0]","[0, 0]","[1.9687228000257164, 5.215391999983694]","[None, 'target']",001,001,2025-09-29_15h41.40.318,Visual Search Experiment Bhumika Bajaj AU2320057,,2025.1.1,61.31377016399075,2025-09-29 15h42.11.677948 +0530,
149,0,149,[np.float64(0.028333333333333332)],[np.float64(-0.12833333333333333)],[1],[0],[0],[1.1950543000129983],['target'],149,0,149,0,360.28275749995373,,10,360.2677169999806,360.28275749995373,360.28275749995373,0.030181199952494353,361.462920299964,[np.float64(0.028333333333333332)],[np.float64(-0.12833333333333333)],[1],[0],[0],[1.1950543000129983],['target'],001,001,2025-09-29_15h41.40.318,Visual Search Experiment Bhumika Bajaj AU2320057,,2025.1.1,61.31377016399075,2025-09-29 15h42.11.677948 +0530,
150,0,150,[np.float64(-0.45166666666666666)],[np.float64(0.49333333333333335)],[1],[0],[0],[1.68046449997928],['target'],150,0,150,0,361.50799660000484,,5,361.4849061999703,361.50799660000484,361.50799660000484,0.021651600021868944,363.16551669995533,[np.float64(-0.45166666666666666)],[np.float64(0.49333333333333335)],[1],[0],[0],[1.68046449997928],['target'],001,001,2025-09-29_15h41.40.318,Visual Search Experiment Bhumika Bajaj AU2320057,,2025.1.1,61.31377016399075,2025-09-29 15h42.11.677948 +0530,
151,0,151,"[np.float64(-0.2783333333333333), np.float64(-0.27)]","[np.float64(0.16666666666666666), np.float64(0.15833333333333333)]","[1, 1]","[0, 0]","[0, 0]","[1.2429947999771684, 2.2533507000189275]","[None, 'target']",151,0,151,0,363.2249058999587,,10,363.19441739999456,363.2249058999587,363.2249058999587,0.028673900000285357,365.44790379999904,"[np.float64(-0.2783333333333333), np.float64(-0.27)]","[np.float64(0.16666666666666666), np.float64(0.15833333333333333)]","[1, 1]","[0, 0]","[0, 0]","[1.2429947999771684, 2.2533507000189275]","[None, 'target']",001,001,2025-09-29_15h41.40.318,Visual Search Experiment Bhumika Bajaj AU2320057,,2025.1.1,61.31377016399075,2025-09-29 15h42.11.677948 +0530,
152,0,152,[np.float64(-0.12666666666666668)],[np.float64(-0.265)],[1],[0],[0],[1.3253456000238657],['target'],152,0,152,0,365.491271100007,,10,365.47586029995,365.491271100007,365.491271100007,0.02755070000421256,366.8012693999917,[np.float64(-0.12666666666666668)],[np.float64(-0.265)],[1],[0],[0],[1.3253456000238657],['target'],001,001,2025-09-29_15h41.40.318,Visual Search Experiment Bhumika Bajaj AU2320057,,2025.1.1,61.31377016399075,2025-09-29 15h42.11.677948 +0530,
153,0,153,[np.float64(0.33666666666666667)],[np.float64(-0.25833333333333336)],[1],[0],[0],[2.0313641999964602],['target'],153,0,153,0,366.8497115999926,,10,366.8302234999719,366.8497115999926,366.8497115999926,0.028826699999626726,368.86170259997016,[np.float64(0.33666666666666667)],[np.float64(-0.25833333333333336)],[1],[0],[0],[2.0313641999964602],['target'],001,001,2025-09-29_15h41.40.318,Visual Search Experiment Bhumika Bajaj AU2320057,,2025.1.1,61.31377016399075,2025-09-29 15h42.11.677948 +0530,
154,0,154,[np.float64(-0.17666666666666667)],[np.float64(0.345)],[1],[0],[0],[1.41070349997608],['target'],154,0,154,0,368.9081772000063,,10,368.8938095999765,368.9081772000063,368.9081772000063,0.031865700031630695,370.3046680999687,[np.float64(-0.17666666666666667)],[np.float64(0.345)],[1],[0],[0],[1.41070349997608],['target'],001,001,2025-09-29_15h41.40.318,Visual Search Experiment Bhumika Bajaj AU2320057,,2025.1.1,61.31377016399075,2025-09-29 15h42.11.677948 +0530,
155,0,155,[np.float64(0.345)],[np.float64(-0.36333333333333334)],[1],[0],[0],[1.4523444999940693],['target'],155,0,155,0,370.3664322999539,,10,370.34214859997155,370.3664322999539,370.3664322999539,0.03714329999638721,371.7945950999856,[np.float64(0.345)],[np.float64(-0.36333333333333334)],[1],[0],[0],[1.4523444999940693],['target'],001,001,2025-09-29_15h41.40.318,Visual Search Experiment Bhumika Bajaj AU2320057,,2025.1.1,61.31377016399075,2025-09-29 15h42.11.677948 +0530,
156,0,156,[np.float64(0.11333333333333333)],[np.float64(0.4533333333333333)],[1],[0],[0],[2.3184351999661885],['target'],156,0,156,0,371.8249822999933,,5,371.8102593999938,371.8249822999933,371.8249822999933,0.01544430002104491,374.1288104999694,[np.float64(0.11333333333333333)],[np.float64(0.4533333333333333)],[1],[0],[0],[2.3184351999661885],['target'],001,001,2025-09-29_15h41.40.318,Visual Search Experiment Bhumika Bajaj AU2320057,,2025.1.1,61.31377016399075,2025-09-29 15h42.11.677948 +0530,
157,0,157,[np.float64(0.4033333333333333)],[np.float64(0.051666666666666666)],[1],[0],[0],[2.007625700032804],['target'],157,0,157,0,374.1580364999827,,5,374.1454475999926,374.1580364999827,374.1580364999827,0.016382600006181747,376.1531830999884,[np.float64(0.4033333333333333)],[np.float64(0.051666666666666666)],[1],[0],[0],[2.007625700032804],['target'],001,001,2025-09-29_15h41.40.318,Visual Search Experiment Bhumika Bajaj AU2320057,,2025.1.1,61.31377016399075,2025-09-29 15h42.11.677948 +0530,
158,0,158,"[np.float64(0.27166666666666667), np.float64(0.23833333333333334), np.float64(0.24166666666666667)]","[np.float64(0.19666666666666666), np.float64(0.20666666666666667), np.float64(0.205)]","[1, 1, 1]","[0, 0, 0]","[0, 0, 0]","[1.4818154000095092, 2.3409642000333406, 3.2332475000293925]","[None, None, 'target']",158,0,158,0,376.1992127999547,,10,376.1793216999504,376.1992127999547,376.1992127999547,0.025961200008168817,379.4127219999791,"[np.float64(0.27166666666666667), np.float64(0.23833333333333334), np.float64(0.24166666666666667)]","[np.float64(0.19666666666666666), np.float64(0.20666666666666667), np.float64(0.205)]","[1, 1, 1]","[0, 0, 0]","[0, 0, 0]","[1.4818154000095092, 2.3409642000333406, 3.2332475000293925]","[None, None, 'target']",001,001,2025-09-29_15h41.40.318,Visual Search Experiment Bhumika Bajaj AU2320057,,2025.1.1,61.31377016399075,2025-09-29 15h42.11.677948 +0530,
159,0,159,[np.float64(-0.43)],[np.float64(0.43333333333333335)],[1],[0],[0],[1.8452467999886721],['target'],159,0,159,0,379.457848799997,,10,379.4425559999654,379.457848799997,379.457848799997,0.02941129996906966,381.288000200002,[np.float64(-0.43)],[np.float64(0.43333333333333335)],[1],[0],[0],[1.8452467999886721],['target'],001,001,2025-09-29_15h41.40.318,Visual Search Experiment Bhumika Bajaj AU2320057,,2025.1.1,61.31377016399075,2025-09-29 15h42.11.677948 +0530,
160,0,160,[np.float64(-0.49166666666666664)],[np.float64(-0.37333333333333335)],[1],[0],[0],[3.235073400021065],['target'],160,0,160,0,381.33313049998833,,5,381.3104287000024,381.33313049998833,381.33313049998833,0.02217339997878298,384.54559110000264,[np.float64(-0.49166666666666664)],[np.float64(-0.37333333333333335)],[1],[0],[0],[3.235073400021065],['target'],001,001,2025-09-29_15h41.40.318,Visual Search Experiment Bhumika Bajaj AU2320057,,2025.1.1,61.31377016399075,2025-09-29 15h42.11.677948 +0530,
161,0,161,[np.float64(0.4216666666666667)],[np.float64(0.14)],[1],[0],[0],[2.2371762999682687],['target'],161,0,161,0,384.5750970999943,,5,384.560098499991,384.5750970999943,384.5750970999943,0.014353399979881942,386.79736669996055,[np.float64(0.4216666666666667)],[np.float64(0.14)],[1],[0],[0],[2.2371762999682687],['target'],001,001,2025-09-29_15h41.40.318,Visual Search Experiment Bhumika Bajaj AU2320057,,2025.1.1,61.31377016399075,2025-09-29 15h42.11.677948 +0530,
162,0,162,[np.float64(0.48333333333333334)],[np.float64(0.09166666666666666)],[1],[0],[0],[1.1791115999803878],['target'],162,0,162,0,386.8247552999528,,5,386.8124174999539,386.8247552999528,386.8247552999528,0.014904799987562,387.99165149999317,[np.float64(0.48333333333333334)],[np.float64(0.09166666666666666)],[1],[0],[0],[1.1791115999803878],['target'],001,001,2025-09-29_15h41.40.318,Visual Search Experiment Bhumika Bajaj AU2320057,,2025.1.1,61.31377016399075,2025-09-29 15h42.11.677948 +0530,
163,0,163,[np.float64(-0.135)],[np.float64(-0.09166666666666666)],[1],[0],[0],[1.615096200024709],['target'],163,0,163,0,388.03420239995467,,5,388.01328289997764,388.03420239995467,388.03420239995467,0.021390900015830994,389.6284999999916,[np.float64(-0.135)],[np.float64(-0.09166666666666666)],[1],[0],[0],[1.615096200024709],['target'],001,001,2025-09-29_15h41.40.318,Visual Search Experiment Bhumika Bajaj AU2320057,,2025.1.1,61.31377016399075,2025-09-29 15h42.11.677948 +0530,
164,0,164,[np.float64(0.395)],[np.float64(0.01)],[1],[0],[0],[1.2612083000130951],['target'],164,0,164,0,389.67412759998115,,10,389.6544549999526,389.67412759998115,389.67412759998115,0.02564200002234429,390.9157954999828,[np.float64(0.395)],[np.float64(0.01)],[1],[0],[0],[1.2612083000130951],['target'],001,001,2025-09-29_15h41.40.318,Visual Search Experiment Bhumika Bajaj AU2320057,,2025.1.1,61.31377016399075,2025-09-29 15h42.11.677948 +0530,
165,0,165,[np.float64(-0.0033333333333333335)],[np.float64(-0.04)],[1],[0],[0],[3.2575872000306845],['target'],165,0,165,0,390.97426200000336,,10,390.95354630000656,390.97426200000336,390.97426200000336,0.03747099998872727,394.21121709997533,[np.float64(-0.0033333333333333335)],[np.float64(-0.04)],[1],[0],[0],[3.2575872000306845],['target'],001,001,2025-09-29_15h41.40.318,Visual Search Experiment Bhumika Bajaj AU2320057,,2025.1.1,61.31377016399075,2025-09-29 15h42.11.677948 +0530,
166,0,166,[np.float64(-0.15333333333333332)],[np.float64(0.06666666666666667)],[1],[0],[0],[1.1518349999678321],['target'],166,0,166,0,394.2577156999614,,5,394.2345242999727,394.2577156999614,394.2577156999614,0.023058800026774406,395.38649999996414,[np.float64(-0.15333333333333332)],[np.float64(0.06666666666666667)],[1],[0],[0],[1.1518349999678321],['target'],001,001,2025-09-29_15h41.40.318,Visual Search Experiment Bhumika Bajaj AU2320057,,2025.1.1,61.31377016399075,2025-09-29 15h42.11.677948 +0530,
167,0,167,"[np.float64(0.17166666666666666), np.float64(0.18), np.float64(0.19333333333333333)]","[np.float64(-0.2683333333333333), np.float64(-0.25166666666666665), np.float64(-0.24666666666666667)]","[1, 1, 1]","[0, 0, 0]","[0, 0, 0]","[3.349666800000705, 4.19330559996888, 5.231938499957323]","[None, None, 'target']",167,0,167,0,395.4409472999978,,10,395.421177399985,395.4409472999978,395.4409472999978,0.03445170004852116,400.65323979995446,"[np.float64(0.17166666666666666), np.float64(0.18), np.float64(0.19333333333333333)]","[np.float64(-0.2683333333333333), np.float64(-0.25166666666666665), np.float64(-0.24666666666666667)]","[1, 1, 1]","[0, 0, 0]","[0, 0, 0]","[3.349666800000705, 4.19330559996888, 5.231938499957323]","[None, None, 'target']",001,001,2025-09-29_15h41.40.318,Visual Search Experiment Bhumika Bajaj AU2320057,,2025.1.1,61.31377016399075,2025-09-29 15h42.11.677948 +0530,
168,0,168,[np.float64(-0.15)],[np.float64(0.22166666666666668)],[1],[0],[0],[1.329901399964001],['target'],168,0,168,0,400.6831805999973,,5,400.6691513999831,400.6831805999973,400.6831805999973,0.015474199957679957,401.99918639997486,[np.float64(-0.15)],[np.float64(0.22166666666666668)],[1],[0],[0],[1.329901399964001],['target'],001,001,2025-09-29_15h41.40.318,Visual Search Experiment Bhumika Bajaj AU2320057,,2025.1.1,61.31377016399075,2025-09-29 15h42.11.677948 +0530,
169,0,169,[np.float64(0.34)],[np.float64(-0.47833333333333333)],[1],[0],[0],[1.8105073000187986],['target'],169,0,169,0,402.04156449995935,,5,402.02097169996705,402.04156449995935,402.04156449995935,0.02157949999673292,403.8316255999962,[np.float64(0.34)],[np.float64(-0.47833333333333333)],[1],[0],[0],[1.8105073000187986],['target'],001,001,2025-09-29_15h41.40.318,Visual Search Experiment Bhumika Bajaj AU2320057,,2025.1.1,61.31377016399075,2025-09-29 15h42.11.677948 +0530,
170,0,170,[np.float64(-0.3983333333333333)],[np.float64(0.38333333333333336)],[1],[0],[0],[2.829949499981012],['target'],170,0,170,0,403.8907644999563,,10,403.868168099958,403.8907644999563,403.8907644999563,0.036332699994090945,406.6982476999983,[np.float64(-0.3983333333333333)],[np.float64(0.38333333333333336)],[1],[0],[0],[2.829949499981012],['target'],001,001,2025-09-29_15h41.40.318,Visual Search Experiment Bhumika Bajaj AU2320057,,2025.1.1,61.31377016399075,2025-09-29 15h42.11.677948 +0530,
171,0,171,[np.float64(0.22166666666666668)],[np.float64(0.30666666666666664)],[1],[0],[0],[1.5494704999728128],['target'],171,0,171,0,406.7581031000009,,10,406.73607729998184,406.7581031000009,406.7581031000009,0.03727999998955056,408.285663299961,[np.float64(0.22166666666666668)],[np.float64(0.30666666666666664)],[1],[0],[0],[1.5494704999728128],['target'],001,001,2025-09-29_15h41.40.318,Visual Search Experiment Bhumika Bajaj AU2320057,,2025.1.1,61.31377016399075,2025-09-29 15h42.11.677948 +0530,
172,0,172,[np.float64(-0.3416666666666667)],[np.float64(-0.2683333333333333)],[1],[0],[0],[1.661808300006669],['target'],172,0,172,0,408.31684159999713,,5,408.3019299999578,408.31684159999713,408.31684159999713,0.016018500027712435,409.96387419995153,[np.float64(-0.3416666666666667)],[np.float64(-0.2683333333333333)],[1],[0],[0],[1.661808300006669],['target'],001,001,2025-09-29_15h41.40.318,Visual Search Experiment Bhumika Bajaj AU2320057,,2025.1.1,61.31377016399075,2025-09-29 15h42.11.677948 +0530,
173,0,173,[np.float64(0.14166666666666666)],[np.float64(-0.3433333333333333)],[1],[0],[0],[1.4921066999668255],['target'],173,0,173,0,410.0089749000035,,5,409.9859451999655,410.0089749000035,410.0089749000035,0.021868000039830804,411.4781590999919,[np.float64(0.14166666666666666)],[np.float64(-0.3433333333333333)],[1],[0],[0],[1.4921066999668255],['target'],001,001,2025-09-29_15h41.40.318,Visual Search Experiment Bhumika Bajaj AU2320057,,2025.1.1,61.31377016399075,2025-09-29 15h42.11.677948 +0530,
174,0,174,[np.float64(0.35333333333333333)],[np.float64(-0.08833333333333333)],[1],[0],[0],[1.5872619000147097],['target'],174,0,174,0,411.5262464999687,,5,411.4995525999693,411.5262464999687,411.5262464999687,0.0211231000139378,413.0869837999926,[np.float64(0.35333333333333333)],[np.float64(-0.08833333333333333)],[1],[0],[0],[1.5872619000147097],['target'],001,001,2025-09-29_15h41.40.318,Visual Search Experiment Bhumika Bajaj AU2320057,,2025.1.1,61.31377016399075,2025-09-29 15h42.11.677948 +0530,
175,0,175,[np.float64(0.041666666666666664)],[np.float64(-0.035)],[1],[0],[0],[1.284333899966441],['target'],175,0,175,0,413.11742229998345,,5,413.10268489999,413.11742229998345,413.11742229998345,0.015518900007009506,414.3871373999864,[np.float64(0.041666666666666664)],[np.float64(-0.035)],[1],[0],[0],[1.284333899966441],['target'],001,001,2025-09-29_15h41.40.318,Visual Search Experiment Bhumika Bajaj AU2320057,,2025.1.1,61.31377016399075,2025-09-29 15h42.11.677948 +0530,
176,0,176,[np.float64(0.445)],[np.float64(-0.145)],[1],[0],[0],[2.3659860999905504],['target'],176,0,176,0,414.43246919999365,,10,414.41277799999807,414.43246919999365,414.43246919999365,0.02536949998466298,416.7789022999932,[np.float64(0.445)],[np.float64(-0.145)],[1],[0],[0],[2.3659860999905504],['target'],001,001,2025-09-29_15h41.40.318,Visual Search Experiment Bhumika Bajaj AU2320057,,2025.1.1,61.31377016399075,2025-09-29 15h42.11.677948 +0530,
177,0,177,"[np.float64(0.445), np.float64(0.4816666666666667)]","[np.float64(-0.145), np.float64(-0.14)]","[1, 1]","[0, 0]","[0, 0]","[0.5463326000026427, 1.2825762999709696]","[None, 'target']",177,0,177,0,416.8409324999666,,10,416.81431269994937,416.8409324999666,416.8409324999666,0.03511349996551871,418.09702379995724,"[np.float64(0.445), np.float64(0.4816666666666667)]","[np.float64(-0.145), np.float64(-0.14)]","[1, 1]","[0, 0]","[0, 0]","[0.5463326000026427, 1.2825762999709696]","[None, 'target']",001,001,2025-09-29_15h41.40.318,Visual Search Experiment Bhumika Bajaj AU2320057,,2025.1.1,61.31377016399075,2025-09-29 15h42.11.677948 +0530,
178,0,178,[np.float64(-0.4666666666666667)],[np.float64(0.32666666666666666)],[1],[0],[0],[2.6284070999827236],['target'],178,0,178,0,418.158101399953,,10,418.135861799994,418.158101399953,418.158101399953,0.03853689995594323,420.7643750999705,[np.float64(-0.4666666666666667)],[np.float64(0.32666666666666666)],[1],[0],[0],[2.6284070999827236],['target'],001,001,2025-09-29_15h41.40.318,Visual Search Experiment Bhumika Bajaj AU2320057,,2025.1.1,61.31377016399075,2025-09-29 15h42.11.677948 +0530,
179,0,179,[np.float64(-0.29833333333333334)],[np.float64(0.365)],[1],[0],[0],[1.5093108000000939],['target'],179,0,179,0,420.80767489998834,,10,420.79376909998246,420.80767489998834,420.80767489998834,0.029164300009142607,422.30322479997994,[np.float64(-0.29833333333333334)],[np.float64(0.365)],[1],[0],[0],[1.5093108000000939],['target'],001,001,2025-09-29_15h41.40.318,Visual Search Experiment Bhumika Bajaj AU2320057,,2025.1.1,61.31377016399075,2025-09-29 15h42.11.677948 +0530,
180,0,180,[np.float64(0.028333333333333332)],[np.float64(-0.25166666666666665)],[1],[0],[0],[2.2371484999894165],['target'],180,0,180,0,422.3493472999544,,10,422.3352986999671,422.3493472999544,422.3493472999544,0.031779600016307086,424.57255240000086,[np.float64(0.028333333333333332)],[np.float64(-0.25166666666666665)],[1],[0],[0],[2.2371484999894165],['target'],001,001,2025-09-29_15h41.40.318,Visual Search Experiment Bhumika Bajaj AU2320057,,2025.1.1,61.31377016399075,2025-09-29 15h42.11.677948 +0530,
181,0,181,[np.float64(0.30333333333333334)],[np.float64(0.4116666666666667)],[1],[0],[0],[1.6215334999724291],['target'],181,0,181,0,424.61542980000377,,5,424.59346659999574,424.61542980000377,424.61542980000377,0.020672399958129972,426.21514039998874,[np.float64(0.30333333333333334)],[np.float64(0.4116666666666667)],[1],[0],[0],[1.6215334999724291],['target'],001,001,2025-09-29_15h41.40.318,Visual Search Experiment Bhumika Bajaj AU2320057,,2025.1.1,61.31377016399075,2025-09-29 15h42.11.677948 +0530,
182,0,182,[np.float64(0.17833333333333334)],[np.float64(-0.2683333333333333)],[1],[0],[0],[1.6391783999861218],['target'],182,0,182,0,426.2751297999639,,10,426.2484318999923,426.2751297999639,426.2751297999639,0.03306889999657869,427.88769529998535,[np.float64(0.17833333333333334)],[np.float64(-0.2683333333333333)],[1],[0],[0],[1.6391783999861218],['target'],001,001,2025-09-29_15h41.40.318,Visual Search Experiment Bhumika Bajaj AU2320057,,2025.1.1,61.31377016399075,2025-09-29 15h42.11.677948 +0530,
183,0,183,[np.float64(0.3983333333333333)],[np.float64(0.20666666666666667)],[1],[0],[0],[1.8867825000197627],['target'],183,0,183,0,427.9160934999818,,5,427.9025357000064,427.9160934999818,427.9160934999818,0.014641700021456927,429.78941549995216,[np.float64(0.3983333333333333)],[np.float64(0.20666666666666667)],[1],[0],[0],[1.8867825000197627],['target'],001,001,2025-09-29_15h41.40.318,Visual Search Experiment Bhumika Bajaj AU2320057,,2025.1.1,61.31377016399075,2025-09-29 15h42.11.677948 +0530,
184,0,184,"[np.float64(-0.028333333333333332), np.float64(-0.04833333333333333)]","[np.float64(0.011666666666666667), np.float64(0.02)]","[1, 1]","[0, 0]","[0, 0]","[2.850641100027133, 3.9018161999993026]","[None, 'target']",184,0,184,0,429.8160230999929,,5,429.80306929996004,429.8160230999929,429.8160230999929,0.013502299960236996,433.70504929998424,"[np.float64(-0.028333333333333332), np.float64(-0.04833333333333333)]","[np.float64(0.011666666666666667), np.float64(0.02)]","[1, 1]","[0, 0]","[0, 0]","[2.850641100027133, 3.9018161999993026]","[None, 'target']",001,001,2025-09-29_15h41.40.318,Visual Search Experiment Bhumika Bajaj AU2320057,,2025.1.1,61.31377016399075,2025-09-29 15h42.11.677948 +0530,
185,0,185,[np.float64(-0.435)],[np.float64(0.043333333333333335)],[1],[0],[0],[1.5263070999644697],['target'],185,0,185,0,433.76778160000686,,10,433.7428935999633,433.76778160000686,433.76778160000686,0.037598000024445355,435.2692825999693,[np.float64(-0.435)],[np.float64(0.043333333333333335)],[1],[0],[0],[1.5263070999644697],['target'],001,001,2025-09-29_15h41.40.318,Visual Search Experiment Bhumika Bajaj AU2320057,,2025.1.1,61.31377016399075,2025-09-29 15h42.11.677948 +0530,
186,0,186,[np.float64(-0.21)],[np.float64(0.38666666666666666)],[1],[0],[0],[2.4416243000305258],['target'],186,0,186,0,435.2994357999996,,5,435.28982020000694,435.2994357999996,435.2994357999996,0.020319300005212426,437.73159179999493,[np.float64(-0.21)],[np.float64(0.38666666666666666)],[1],[0],[0],[2.4416243000305258],['target'],001,001,2025-09-29_15h41.40.318,Visual Search Experiment Bhumika Bajaj AU2320057,,2025.1.1,61.31377016399075,2025-09-29 15h42.11.677948 +0530,
187,0,187,"[np.float64(-0.44), np.float64(-0.435)]","[np.float64(-0.18166666666666667), np.float64(-0.17333333333333334)]","[1, 1]","[0, 0]","[0, 0]","[1.9321088999859057, 3.019241600006353]","[None, 'target']",187,0,187,0,437.7919327999698,,10,437.7702810000046,437.7919327999698,437.7919327999698,0.0384732999955304,440.789668399957,"[np.float64(-0.44), np.float64(-0.435)]","[np.float64(-0.18166666666666667), np.float64(-0.17333333333333334)]","[1, 1]","[0, 0]","[0, 0]","[1.9321088999859057, 3.019241600006353]","[None, 'target']",001,001,2025-09-29_15h41.40.318,Visual Search Experiment Bhumika Bajaj AU2320057,,2025.1.1,61.31377016399075,2025-09-29 15h42.11.677948 +0530,
188,0,188,"[np.float64(-0.305), np.float64(-0.29333333333333333)]","[np.float64(-0.14833333333333334), np.float64(-0.16166666666666665)]","[1, 1]","[0, 0]","[0, 0]","[2.721473000012338, 4.6332560000009835]","[None, 'target']",188,0,188,0,440.84911759995157,,10,440.82328739995137,440.84911759995157,440.84911759995157,0.033290999999735504,445.45667849999154,"[np.float64(-0.305), np.float64(-0.29333333333333333)]","[np.float64(-0.14833333333333334), np.float64(-0.16166666666666665)]","[1, 1]","[0, 0]","[0, 0]","[2.721473000012338, 4.6332560000009835]","[None, 'target']",001,001,2025-09-29_15h41.40.318,Visual Search Experiment Bhumika Bajaj AU2320057,,2025.1.1,61.31377016399075,2025-09-29 15h42.11.677948 +0530,
189,0,189,[np.float64(-0.4266666666666667)],[np.float64(-0.20833333333333334)],[1],[0],[0],[1.6002333000069484],['target'],189,0,189,0,445.5165957999998,,10,445.4957047000062,445.5165957999998,445.5165957999998,0.038598000013735145,447.0960521999514,[np.float64(-0.4266666666666667)],[np.float64(-0.20833333333333334)],[1],[0],[0],[1.6002333000069484],['target'],001,001,2025-09-29_15h41.40.318,Visual Search Experiment Bhumika Bajaj AU2320057,,2025.1.1,61.31377016399075,2025-09-29 15h42.11.677948 +0530,
190,0,190,[np.float64(0.12666666666666668)],[np.float64(-0.13166666666666665)],[1],[0],[0],[1.9557902999804355],['target'],190,0,190,0,447.12444799998775,,5,447.1144760999596,447.12444799998775,447.12444799998775,0.01810369995655492,449.07033379998757,[np.float64(0.12666666666666668)],[np.float64(-0.13166666666666665)],[1],[0],[0],[1.9557902999804355],['target'],001,001,2025-09-29_15h41.40.318,Visual Search Experiment Bhumika Bajaj AU2320057,,2025.1.1,61.31377016399075,2025-09-29 15h42.11.677948 +0530,
191,0,191,[np.float64(0.385)],[np.float64(0.28)],[1],[0],[0],[1.9413777000154369],['target'],191,0,191,0,449.11558300000615,,10,449.09295689995633,449.11558300000615,449.11558300000615,0.022506400011479855,451.0344501999789,[np.float64(0.385)],[np.float64(0.28)],[1],[0],[0],[1.9413777000154369],['target'],001,001,2025-09-29_15h41.40.318,Visual Search Experiment Bhumika Bajaj AU2320057,,2025.1.1,61.31377016399075,2025-09-29 15h42.11.677948 +0530,
192,0,192,[np.float64(-0.065)],[np.float64(0.42333333333333334)],[1],[0],[0],[1.544654699973762],['target'],192,0,192,0,451.0824123999919,,10,451.06636449997313,451.0824123999919,451.0824123999919,0.03162610001163557,452.6111148999771,[np.float64(-0.065)],[np.float64(0.42333333333333334)],[1],[0],[0],[1.544654699973762],['target'],001,001,2025-09-29_15h41.40.318,Visual Search Experiment Bhumika Bajaj AU2320057,,2025.1.1,61.31377016399075,2025-09-29 15h42.11.677948 +0530,
193,0,193,[np.float64(-0.35333333333333333)],[np.float64(0.08666666666666667)],[1],[0],[0],[1.4370089000440203],['target'],193,0,193,0,452.6406405000016,,5,452.6284172000014,452.6406405000016,452.6406405000016,0.01711570000043139,454.06555030000163,[np.float64(-0.35333333333333333)],[np.float64(0.08666666666666667)],[1],[0],[0],[1.4370089000440203],['target'],001,001,2025-09-29_15h41.40.318,Visual Search Experiment Bhumika Bajaj AU2320057,,2025.1.1,61.31377016399075,2025-09-29 15h42.11.677948 +0530,
194,0,194,"[np.float64(-0.29833333333333334), np.float64(-0.28)]","[np.float64(0.20166666666666666), np.float64(0.20166666666666666)]","[1, 1]","[0, 0]","[0, 0]","[1.7899955000029877, 2.892151999985799]","[None, 'target']",194,0,194,0,454.10747940000147,,10,454.09464319999097,454.10747940000147,454.10747940000147,0.028884500032290816,456.9869114999892,"[np.float64(-0.29833333333333334), np.float64(-0.28)]","[np.float64(0.20166666666666666), np.float64(0.20166666666666666)]","[1, 1]","[0, 0]","[0, 0]","[1.7899955000029877, 2.892151999985799]","[None, 'target']",001,001,2025-09-29_15h41.40.318,Visual Search Experiment Bhumika Bajaj AU2320057,,2025.1.1,61.31377016399075,2025-09-29 15h42.11.677948 +0530,
195,0,195,[np.float64(0.2733333333333333)],[np.float64(-0.07333333333333333)],[1],[0],[0],[1.5223997000139207],['target'],195,0,195,0,457.03227979998337,,5,457.0082326999982,457.03227979998337,457.03227979998337,0.021016200014855713,458.53078519995324,[np.float64(0.2733333333333333)],[np.float64(-0.07333333333333333)],[1],[0],[0],[1.5223997000139207],['target'],001,001,2025-09-29_15h41.40.318,Visual Search Experiment Bhumika Bajaj AU2320057,,2025.1.1,61.31377016399075,2025-09-29 15h42.11.677948 +0530,
196,0,196,[np.float64(-0.15833333333333333)],[np.float64(-0.135)],[1],[0],[0],[2.8564313999959268],['target'],196,0,196,0,458.5903574999538,,10,458.5642372999573,458.5903574999538,458.5903574999538,0.033169300004374236,461.42079599999124,[np.float64(-0.15833333333333333)],[np.float64(-0.135)],[1],[0],[0],[2.8564313999959268],['target'],001,001,2025-09-29_15h41.40.318,Visual Search Experiment Bhumika Bajaj AU2320057,,2025.1.1,61.31377016399075,2025-09-29 15h42.11.677948 +0530,
197,0,197,"[np.float64(0.35833333333333334), np.float64(0.365)]","[np.float64(-0.42833333333333334), np.float64(-0.4266666666666667)]","[1, 1]","[0, 0]","[0, 0]","[2.5550479000085033, 3.4708962999866344]","[None, 'target']",197,0,197,0,461.48182929999894,,10,461.4563755999552,461.48182929999894,461.48182929999894,0.03528459998778999,464.927402500005,"[np.float64(0.35833333333333334), np.float64(0.365)]","[np.float64(-0.42833333333333334), np.float64(-0.4266666666666667)]","[1, 1]","[0, 0]","[0, 0]","[2.5550479000085033, 3.4708962999866344]","[None, 'target']",001,001,2025-09-29_15h41.40.318,Visual Search Experiment Bhumika Bajaj AU2320057,,2025.1.1,61.31377016399075,2025-09-29 15h42.11.677948 +0530,
198,0,198,[np.float64(0.26)],[np.float64(-0.4483333333333333)],[1],[0],[0],[1.2829597999807447],['target'],198,0,198,0,464.9735366999521,,10,464.95273939997423,464.9735366999521,464.9735366999521,0.025100299972109497,466.2357798999874,[np.float64(0.26)],[np.float64(-0.4483333333333333)],[1],[0],[0],[1.2829597999807447],['target'],001,001,2025-09-29_15h41.40.318,Visual Search Experiment Bhumika Bajaj AU2320057,,2025.1.1,61.31377016399075,2025-09-29 15h42.11.677948 +0530,
199,0,199,[np.float64(0.035)],[np.float64(0.08)],[1],[0],[0],[1.3798679999890737],['target'],199,0,199,0,466.28172949998407,,10,466.26382339996053,466.28172949998407,466.28172949998407,0.02786329999798909,467.64380869996967,[np.float64(0.035)],[np.float64(0.08)],[1],[0],[0],[1.3798679999890737],['target'],001,001,2025-09-29_15h41.40.318,Visual Search Experiment Bhumika Bajaj AU2320057,,2025.1.1,61.31377016399075,2025-09-29 15h42.11.677948 +0530,
