pos,corr_resp,thisN,thisTrialN,thisRepN,key_resp.keys,key_resp.corr,key_resp.rt,key_resp.duration,trials.thisRepN,trials.thisTrialN,trials.thisN,trials.thisIndex,trials_2.thisRepN,trials_2.thisTrialN,trials_2.thisN,trials_2.thisIndex,thisRow.t,notes,trial.started,fixation.started,line1.started,line2.started,line3.started,line4.started,fixation.stopped,probe.started,key_resp.started,trial.stopped,trials.key_resp.keys,trials.key_resp.corr,trials.key_resp.rt,trials.key_resp.duration,trials_2.key_resp.keys,trials_2.key_resp.corr,trials_2.key_resp.rt,trials_2.key_resp.duration,participant,session,date,expName,expVersion,psychopyVersion,frameRate,expStart,
-50,x,0,0,0,x,1,2.862357499994687,None,0,0,0,0,,,,,0.04005969999707304,,0.029201700002886355,1.0096044999954756,1.0096044999954756,1.0096044999954756,1.0096044999954756,1.0096044999954756,2.010514499997953,2.010514499997953,2.010514499997953,4.887760300000082,x,1,2.862357499994687,None,,,,,5,001,2025-10-03_17h25.47.437,Motor Sequence Learning Bhumika Bajaj AU2320057,,2025.1.1,59.8393910757107,2025-10-03 17h26.00.612508 +0530,
150,v,1,1,0,v,1,0.8116473000118276,None,0,1,1,1,,,,,4.908605299991905,,4.888288599991938,5.897312899993267,5.897312899993267,5.897312899993267,5.897312899993267,5.897312899993267,6.910306399993715,6.893345599994063,6.893345599994063,7.710408899991307,v,1,0.8116473000118276,None,,,,,5,001,2025-10-03_17h25.47.437,Motor Sequence Learning Bhumika Bajaj AU2320057,,2025.1.1,59.8393910757107,2025-10-03 17h26.00.612508 +0530,
50,c,2,2,0,c,1,0.6127359000092838,None,0,2,2,2,,,,,7.726791399996728,,7.710918299999321,8.727134399989154,8.727134399989154,8.727134399989154,8.727134399989154,8.727134399989154,9.726166799999191,9.70988799999759,9.70988799999759,10.327803799998946,c,1,0.6127359000092838,None,,,,,5,001,2025-10-03_17h25.47.437,Motor Sequence Learning Bhumika Bajaj AU2320057,,2025.1.1,59.8393910757107,2025-10-03 17h26.00.612508 +0530,
-150,z,3,3,0,z,1,0.40708649999578483,None,0,3,3,3,,,,,10.343166899998323,,10.328325099995709,11.347022899994045,11.347022899994045,11.347022899994045,11.347022899994045,11.347022899994045,12.361559099997976,12.34507909999229,12.34507909999229,12.761294299998553,z,1,0.40708649999578483,None,,,,,5,001,2025-10-03_17h25.47.437,Motor Sequence Learning Bhumika Bajaj AU2320057,,2025.1.1,59.8393910757107,2025-10-03 17h26.00.612508 +0530,
-50,x,4,0,1,x,1,0.5282221000088612,None,1,0,4,0,,,,,12.776682399999117,,12.761804599998868,13.776419399990118,13.776419399990118,13.776419399990118,13.776419399990118,13.776419399990118,14.776883099999395,14.776883099999395,14.776883099999395,15.31156309999642,x,1,0.5282221000088612,None,,,,,5,001,2025-10-03_17h25.47.437,Motor Sequence Learning Bhumika Bajaj AU2320057,,2025.1.1,59.8393910757107,2025-10-03 17h26.00.612508 +0530,
150,v,5,1,1,v,1,0.6074152000073809,None,1,1,5,1,,,,,15.32680409999739,,15.312017399992328,16.326516200002516,16.326516200002516,16.326516200002516,16.326516200002516,16.326516200002516,17.326404499995988,17.326404499995988,17.326404499995988,17.94405389999156,v,1,0.6074152000073809,None,,,,,5,001,2025-10-03_17h25.47.437,Motor Sequence Learning Bhumika Bajaj AU2320057,,2025.1.1,59.8393910757107,2025-10-03 17h26.00.612508 +0530,
50,c,6,2,1,c,1,0.6382360999996308,None,1,2,6,2,,,,,17.959834299996146,,17.944594499989762,18.943041799997445,18.943041799997445,18.943041799997445,18.943041799997445,18.943041799997445,19.946524899991346,19.946524899991346,19.946524899991346,20.59431429998949,c,1,0.6382360999996308,None,,,,,5,001,2025-10-03_17h25.47.437,Motor Sequence Learning Bhumika Bajaj AU2320057,,2025.1.1,59.8393910757107,2025-10-03 17h26.00.612508 +0530,
-150,z,7,3,1,z,1,0.5300665999966441,None,1,3,7,3,,,,,20.609993399993982,,20.594849899993278,21.59862279999652,21.59862279999652,21.59862279999652,21.59862279999652,21.59862279999652,22.61003339999297,22.593091999995522,22.593091999995522,23.130001600002288,z,1,0.5300665999966441,None,,,,,5,001,2025-10-03_17h25.47.437,Motor Sequence Learning Bhumika Bajaj AU2320057,,2025.1.1,59.8393910757107,2025-10-03 17h26.00.612508 +0530,
-50,x,8,0,2,x,1,0.5573602000076789,None,2,0,8,0,,,,,23.146630999995978,,23.130607200000668,24.128868699990562,24.128868699990562,24.128868699990562,24.128868699990562,24.128868699990562,25.142099799995776,25.142099799995776,25.142099799995776,25.708456299995305,x,1,0.5573602000076789,None,,,,,5,001,2025-10-03_17h25.47.437,Motor Sequence Learning Bhumika Bajaj AU2320057,,2025.1.1,59.8393910757107,2025-10-03 17h26.00.612508 +0530,
150,v,9,1,2,v,1,0.6058404999930644,None,2,1,9,1,,,,,25.724296899992623,,25.708994200002053,26.713125099995523,26.713125099995523,26.713125099995523,26.713125099995523,26.713125099995523,27.724989399997867,27.710352800000692,27.710352800000692,28.327541299993754,v,1,0.6058404999930644,None,,,,,5,001,2025-10-03_17h25.47.437,Motor Sequence Learning Bhumika Bajaj AU2320057,,2025.1.1,59.8393910757107,2025-10-03 17h26.00.612508 +0530,
50,c,10,2,2,c,1,0.42504759998701047,None,2,2,10,2,,,,,28.343376699995133,,28.3280628999928,29.343419099997845,29.343419099997845,29.343419099997845,29.343419099997845,29.343419099997845,30.343443499994464,30.343443499994464,30.343443499994464,30.775037200000952,c,1,0.42504759998701047,None,,,,,5,001,2025-10-03_17h25.47.437,Motor Sequence Learning Bhumika Bajaj AU2320057,,2025.1.1,59.8393910757107,2025-10-03 17h26.00.612508 +0530,
-150,z,11,3,2,z,1,0.45120669998868834,None,2,3,11,3,,,,,30.790492699990864,,30.775465300001088,31.776858899989747,31.776858899989747,31.776858899989747,31.776858899989747,31.776858899989747,32.77672979999625,32.77672979999625,32.77672979999625,33.24378049999359,z,1,0.45120669998868834,None,,,,,5,001,2025-10-03_17h25.47.437,Motor Sequence Learning Bhumika Bajaj AU2320057,,2025.1.1,59.8393910757107,2025-10-03 17h26.00.612508 +0530,
-50,x,12,0,3,x,1,0.3147975000028964,None,3,0,12,0,,,,,33.260012999991886,,33.2443268999923,34.25941089999105,34.25941089999105,34.25941089999105,34.25941089999105,34.25941089999105,35.26349559999653,35.2468979999976,35.2468979999976,35.57794099999592,x,1,0.3147975000028964,None,,,,,5,001,2025-10-03_17h25.47.437,Motor Sequence Learning Bhumika Bajaj AU2320057,,2025.1.1,59.8393910757107,2025-10-03 17h26.00.612508 +0530,
150,v,13,1,3,v,1,0.542015300001367,None,3,1,13,1,,,,,35.593266399999266,,35.57846319999953,36.580111199989915,36.580111199989915,36.580111199989915,36.580111199989915,36.580111199989915,37.579185399998096,37.579185399998096,37.579185399998096,38.12688470000285,v,1,0.542015300001367,None,,,,,5,001,2025-10-03_17h25.47.437,Motor Sequence Learning Bhumika Bajaj AU2320057,,2025.1.1,59.8393910757107,2025-10-03 17h26.00.612508 +0530,
50,c,14,2,3,c,1,0.6192140000057407,None,3,2,14,2,,,,,38.14337350000278,,38.1274243999942,39.14318849999108,39.14318849999108,39.14318849999108,39.14318849999108,39.14318849999108,40.142667399995844,40.142667399995844,40.142667399995844,40.77454790000047,c,1,0.6192140000057407,None,,,,,5,001,2025-10-03_17h25.47.437,Motor Sequence Learning Bhumika Bajaj AU2320057,,2025.1.1,59.8393910757107,2025-10-03 17h26.00.612508 +0530,
-150,z,15,3,3,z,1,0.6726704000029713,None,3,3,15,3,,,,,40.790523099989514,,40.77505859998928,41.77657439999166,41.77657439999166,41.77657439999166,41.77657439999166,41.77657439999166,42.77592499999446,42.77592499999446,42.77592499999446,43.46020799998951,z,1,0.6726704000029713,None,,,,,5,001,2025-10-03_17h25.47.437,Motor Sequence Learning Bhumika Bajaj AU2320057,,2025.1.1,59.8393910757107,2025-10-03 17h26.00.612508 +0530,
-50,x,16,0,4,x,1,0.7363637999951607,None,4,0,16,0,,,,,43.47615469999437,,43.46072789999016,44.45926089999557,44.45926089999557,44.45926089999557,44.45926089999557,44.45926089999557,45.459038899993175,45.459038899993175,45.459038899993175,46.21039519998885,x,1,0.7363637999951607,None,,,,,5,001,2025-10-03_17h25.47.437,Motor Sequence Learning Bhumika Bajaj AU2320057,,2025.1.1,59.8393910757107,2025-10-03 17h26.00.612508 +0530,
150,v,17,1,4,v,1,0.6305355999938911,None,4,1,17,1,,,,,46.226170800000546,,46.21096799999941,47.22633429999405,47.22633429999405,47.22633429999405,47.22633429999405,47.22633429999405,48.22642449999694,48.20966690000205,48.20966690000205,48.848878899996635,v,1,0.6305355999938911,None,,,,,5,001,2025-10-03_17h25.47.437,Motor Sequence Learning Bhumika Bajaj AU2320057,,2025.1.1,59.8393910757107,2025-10-03 17h26.00.612508 +0530,
50,c,18,2,4,c,1,0.4636973000015132,None,4,2,18,2,,,,,48.865647799990256,,48.84985569999844,49.85899860000063,49.85899860000063,49.85899860000063,49.85899860000063,49.85899860000063,50.85926029999973,50.85926029999973,50.85926029999973,51.32704459999513,c,1,0.4636973000015132,None,,,,,5,001,2025-10-03_17h25.47.437,Motor Sequence Learning Bhumika Bajaj AU2320057,,2025.1.1,59.8393910757107,2025-10-03 17h26.00.612508 +0530,
-150,z,19,3,4,z,1,0.4686507000005804,None,4,3,19,3,,,,,51.344035899994196,,51.32759229998919,52.343017399995006,52.343017399995006,52.343017399995006,52.343017399995006,52.343017399995006,53.34282049999456,53.32557369999995,53.32557369999995,53.81024159998924,z,1,0.4686507000005804,None,,,,,5,001,2025-10-03_17h25.47.437,Motor Sequence Learning Bhumika Bajaj AU2320057,,2025.1.1,59.8393910757107,2025-10-03 17h26.00.612508 +0530,
-50,x,20,0,5,c,0,1.1915126999956556,None,5,0,20,0,,,,,53.82607539999299,,53.81075940000301,54.809710499990615,54.809710499990615,54.809710499990615,54.809710499990615,54.809710499990615,55.80951269999787,55.80951269999787,55.80951269999787,57.01018070000282,c,0,1.1915126999956556,None,,,,,5,001,2025-10-03_17h25.47.437,Motor Sequence Learning Bhumika Bajaj AU2320057,,2025.1.1,59.8393910757107,2025-10-03 17h26.00.612508 +0530,
150,v,21,1,5,v,1,0.6833184999995865,None,5,1,21,1,,,,,57.023643900000025,,57.010691899995436,58.00894590000098,58.00894590000098,58.00894590000098,58.00894590000098,58.00894590000098,59.009539899998344,59.009539899998344,59.009539899998344,59.693701399999554,v,1,0.6833184999995865,None,,,,,5,001,2025-10-03_17h25.47.437,Motor Sequence Learning Bhumika Bajaj AU2320057,,2025.1.1,59.8393910757107,2025-10-03 17h26.00.612508 +0530,
50,c,22,2,5,c,1,0.3951076999946963,None,5,2,22,2,,,,,59.70956760000263,,59.69424389999767,60.69258339999942,60.69258339999942,60.69258339999942,60.69258339999942,60.69258339999942,61.69347649998963,61.69347649998963,61.69347649998963,62.09422469999117,c,1,0.3951076999946963,None,,,,,5,001,2025-10-03_17h25.47.437,Motor Sequence Learning Bhumika Bajaj AU2320057,,2025.1.1,59.8393910757107,2025-10-03 17h26.00.612508 +0530,
-150,z,23,3,5,z,1,0.5165867000032449,None,5,3,23,3,,,,,62.10941479999747,,62.09476029999496,63.10922759999812,63.10922759999812,63.10922759999812,63.10922759999812,63.10922759999812,64.10699119999481,64.10699119999481,64.10699119999481,64.62701039999956,z,1,0.5165867000032449,None,,,,,5,001,2025-10-03_17h25.47.437,Motor Sequence Learning Bhumika Bajaj AU2320057,,2025.1.1,59.8393910757107,2025-10-03 17h26.00.612508 +0530,
-50,x,24,0,6,x,1,0.4714873000048101,None,6,0,24,0,,,,,64.64345599999069,,64.62754760000098,65.64433309999004,65.64433309999004,65.64433309999004,65.64433309999004,65.64433309999004,66.66023609999684,66.62600239999301,66.62600239999301,67.11053920000268,x,1,0.4714873000048101,None,,,,,5,001,2025-10-03_17h25.47.437,Motor Sequence Learning Bhumika Bajaj AU2320057,,2025.1.1,59.8393910757107,2025-10-03 17h26.00.612508 +0530,
150,v,25,1,6,c,0,0.6615533000003779,None,6,1,25,1,,,,,67.12660419999156,,67.1110742000019,68.12611329999345,68.12611329999345,68.12611329999345,68.12611329999345,68.12611329999345,69.12605459999759,69.12605459999759,69.12605459999759,69.79291189998912,c,0,0.6615533000003779,None,,,,,5,001,2025-10-03_17h25.47.437,Motor Sequence Learning Bhumika Bajaj AU2320057,,2025.1.1,59.8393910757107,2025-10-03 17h26.00.612508 +0530,
50,c,26,2,6,c,1,0.5977208000113023,None,6,2,26,2,,,,,69.80892070000118,,69.79343119999976,70.80926609999733,70.80926609999733,70.80926609999733,70.80926609999733,70.80926609999733,71.82387510000262,71.80701079999562,71.80701079999562,72.40977980000025,c,1,0.5977208000113023,None,,,,,5,001,2025-10-03_17h25.47.437,Motor Sequence Learning Bhumika Bajaj AU2320057,,2025.1.1,59.8393910757107,2025-10-03 17h26.00.612508 +0530,
-150,z,27,3,6,z,1,0.5449743999924976,None,6,3,27,3,,,,,72.42527549999068,,72.41030950000277,73.40991309999663,73.40991309999663,73.40991309999663,73.40991309999663,73.40991309999663,74.40937490000215,74.40937490000215,74.40937490000215,74.95937240000057,z,1,0.5449743999924976,None,,,,,5,001,2025-10-03_17h25.47.437,Motor Sequence Learning Bhumika Bajaj AU2320057,,2025.1.1,59.8393910757107,2025-10-03 17h26.00.612508 +0530,
-50,x,28,0,7,x,1,0.5455748999956995,None,7,0,28,0,,,,,74.97591389999434,,74.95991609999328,75.9747795000003,75.9747795000003,75.9747795000003,75.9747795000003,75.9747795000003,76.97575209999923,76.9591356000019,76.9591356000019,77.50958329999412,x,1,0.5455748999956995,None,,,,,5,001,2025-10-03_17h25.47.437,Motor Sequence Learning Bhumika Bajaj AU2320057,,2025.1.1,59.8393910757107,2025-10-03 17h26.00.612508 +0530,
150,v,29,1,7,v,1,0.5372066999989329,None,7,1,29,1,,,,,77.52614940000058,,77.51011560000188,78.50919959999737,78.50919959999737,78.50919959999737,78.50919959999737,78.50919959999737,79.52369629999157,79.52369629999157,79.52369629999157,80.06523690000176,v,1,0.5372066999989329,None,,,,,5,001,2025-10-03_17h25.47.437,Motor Sequence Learning Bhumika Bajaj AU2320057,,2025.1.1,59.8393910757107,2025-10-03 17h26.00.612508 +0530,
50,c,30,2,7,c,1,0.5313693999923998,None,7,2,30,2,,,,,80.07914249999158,,80.06622709998919,81.07889309999882,81.07889309999882,81.07889309999882,81.07889309999882,81.07889309999882,82.0921912999911,82.07781550000072,82.07781550000072,82.61045719998947,c,1,0.5313693999923998,None,,,,,5,001,2025-10-03_17h25.47.437,Motor Sequence Learning Bhumika Bajaj AU2320057,,2025.1.1,59.8393910757107,2025-10-03 17h26.00.612508 +0530,
-150,z,31,3,7,z,1,0.47428840000065975,None,7,3,31,3,,,,,82.62548079999397,,82.61098679999122,83.62600259999454,83.62600259999454,83.62600259999454,83.62600259999454,83.62600259999454,84.62627029999567,84.62627029999567,84.62627029999567,85.10849759999837,z,1,0.47428840000065975,None,,,,,5,001,2025-10-03_17h25.47.437,Motor Sequence Learning Bhumika Bajaj AU2320057,,2025.1.1,59.8393910757107,2025-10-03 17h26.00.612508 +0530,
-50,x,32,0,8,x,1,0.32379340000625234,None,8,0,32,0,,,,,85.12375339999562,,85.10900029999902,86.10674950000248,86.10674950000248,86.10674950000248,86.10674950000248,86.10674950000248,87.10919889999786,87.10919889999786,87.10919889999786,87.44278929999564,x,1,0.32379340000625234,None,,,,,5,001,2025-10-03_17h25.47.437,Motor Sequence Learning Bhumika Bajaj AU2320057,,2025.1.1,59.8393910757107,2025-10-03 17h26.00.612508 +0530,
150,v,33,1,8,v,1,0.5884730999969179,None,8,1,33,1,,,,,87.45994970000174,,87.44340519999969,88.44296639999084,88.44296639999084,88.44296639999084,88.44296639999084,88.44296639999084,89.44330980000086,89.44330980000086,89.44330980000086,90.04272699999274,v,1,0.5884730999969179,None,,,,,5,001,2025-10-03_17h25.47.437,Motor Sequence Learning Bhumika Bajaj AU2320057,,2025.1.1,59.8393910757107,2025-10-03 17h26.00.612508 +0530,
50,c,34,2,8,c,1,0.41856489999918267,None,8,2,34,2,,,,,90.05882399999246,,90.04325039999094,91.04235869999684,91.04235869999684,91.04235869999684,91.04235869999684,91.04235869999684,92.05823029999738,92.05823029999738,92.05823029999738,92.49071659999026,c,1,0.41856489999918267,None,,,,,5,001,2025-10-03_17h25.47.437,Motor Sequence Learning Bhumika Bajaj AU2320057,,2025.1.1,59.8393910757107,2025-10-03 17h26.00.612508 +0530,
-150,z,35,3,8,z,1,0.39324560000386555,None,8,3,35,3,,,,,92.50734149999334,,92.49117919999117,93.49660179999773,93.49660179999773,93.49660179999773,93.49660179999773,93.49660179999773,94.49627689999761,94.49627689999761,94.49627689999761,94.89808990000165,z,1,0.39324560000386555,None,,,,,5,001,2025-10-03_17h25.47.437,Motor Sequence Learning Bhumika Bajaj AU2320057,,2025.1.1,59.8393910757107,2025-10-03 17h26.00.612508 +0530,
-50,x,36,0,9,x,1,0.4368611999962013,None,9,0,36,0,,,,,94.9122328999947,,94.89898519999406,95.90920999999798,95.90920999999798,95.90920999999798,95.90920999999798,95.90920999999798,96.90888829999312,96.90888829999312,96.90888829999312,97.35879980000027,x,1,0.4368611999962013,None,,,,,5,001,2025-10-03_17h25.47.437,Motor Sequence Learning Bhumika Bajaj AU2320057,,2025.1.1,59.8393910757107,2025-10-03 17h26.00.612508 +0530,
150,v,37,1,9,v,1,0.6513605000072857,None,9,1,37,1,,,,,97.37355649999517,,97.35948899999494,98.3585185999982,98.3585185999982,98.3585185999982,98.3585185999982,98.3585185999982,99.37329909999971,99.37329909999971,99.37329909999971,100.02716040000087,v,1,0.6513605000072857,None,,,,,5,001,2025-10-03_17h25.47.437,Motor Sequence Learning Bhumika Bajaj AU2320057,,2025.1.1,59.8393910757107,2025-10-03 17h26.00.612508 +0530,
50,c,38,2,9,c,1,0.8608171999949263,None,9,2,38,2,,,,,100.04276509999181,,100.02770369999052,101.04119679999712,101.04119679999712,101.04119679999712,101.04119679999712,101.04119679999712,102.04284139999072,102.04284139999072,102.04284139999072,102.910037499998,c,1,0.8608171999949263,None,,,,,5,001,2025-10-03_17h25.47.437,Motor Sequence Learning Bhumika Bajaj AU2320057,,2025.1.1,59.8393910757107,2025-10-03 17h26.00.612508 +0530,
-150,z,39,3,9,z,1,0.44264860000112094,None,9,3,39,3,,,,,102.92606139999407,,102.91055819999019,103.90910219999205,103.90910219999205,103.90910219999205,103.90910219999205,103.90910219999205,104.90929640000104,104.92581899999641,104.92581899999641,105.3765132999979,z,1,0.44264860000112094,None,,,,,5,001,2025-10-03_17h25.47.437,Motor Sequence Learning Bhumika Bajaj AU2320057,,2025.1.1,59.8393910757107,2025-10-03 17h26.00.612508 +0530,
-50,x,40,0,10,x,1,0.567153000010876,None,10,0,40,0,,,,,105.39217929998995,,105.37704169999051,106.39164999999048,106.39164999999048,106.39164999999048,106.39164999999048,106.39164999999048,107.40941769999336,107.39231919999293,107.39231919999293,107.96061729999201,x,1,0.567153000010876,None,,,,,5,001,2025-10-03_17h25.47.437,Motor Sequence Learning Bhumika Bajaj AU2320057,,2025.1.1,59.8393910757107,2025-10-03 17h26.00.612508 +0530,
150,v,41,1,10,v,1,0.4948609999992186,None,10,1,41,1,,,,,107.97379720000026,,107.96109270000306,108.97556209999311,108.97556209999311,108.97556209999311,108.97556209999311,108.97556209999311,109.97557219999726,109.97557219999726,109.97557219999726,110.47607429999334,v,1,0.4948609999992186,None,,,,,5,001,2025-10-03_17h25.47.437,Motor Sequence Learning Bhumika Bajaj AU2320057,,2025.1.1,59.8393910757107,2025-10-03 17h26.00.612508 +0530,
50,c,42,2,10,x,0,0.485541000001831,None,10,2,42,2,,,,,110.49226149999595,,110.47658599998977,111.47555999999167,111.47555999999167,111.47555999999167,111.47555999999167,111.47555999999167,112.47541069998988,112.47541069998988,112.47541069998988,112.97616959999141,x,0,0.485541000001831,None,,,,,5,001,2025-10-03_17h25.47.437,Motor Sequence Learning Bhumika Bajaj AU2320057,,2025.1.1,59.8393910757107,2025-10-03 17h26.00.612508 +0530,
-150,z,43,3,10,z,1,1.403506999995443,None,10,3,43,3,,,,,112.99206940000295,,112.97668880000128,113.97535809999681,113.97535809999681,113.97535809999681,113.97535809999681,113.97535809999681,114.97599449999689,114.97599449999689,114.97599449999689,116.3941172999912,z,1,1.403506999995443,None,,,,,5,001,2025-10-03_17h25.47.437,Motor Sequence Learning Bhumika Bajaj AU2320057,,2025.1.1,59.8393910757107,2025-10-03 17h26.00.612508 +0530,
-50,x,44,0,11,x,1,0.635775900009321,None,11,0,44,0,,,,,116.40883489999396,,116.39464630000293,117.40838909999002,117.40838909999002,117.40838909999002,117.40838909999002,117.40838909999002,118.4090520000027,118.4090520000027,118.4090520000027,119.05968340000254,x,1,0.635775900009321,None,,,,,5,001,2025-10-03_17h25.47.437,Motor Sequence Learning Bhumika Bajaj AU2320057,,2025.1.1,59.8393910757107,2025-10-03 17h26.00.612508 +0530,
150,v,45,1,11,v,1,0.4856986999948276,None,11,1,45,1,,,,,119.07515449999482,,119.06057149999833,120.05887110000185,120.05887110000185,120.05887110000185,120.05887110000185,120.05887110000185,121.05880649999017,121.05880649999017,121.05880649999017,121.56026389999897,v,1,0.4856986999948276,None,,,,,5,001,2025-10-03_17h25.47.437,Motor Sequence Learning Bhumika Bajaj AU2320057,,2025.1.1,59.8393910757107,2025-10-03 17h26.00.612508 +0530,
50,c,46,2,11,c,1,0.4687053000088781,None,11,2,46,2,,,,,121.57534650000161,,121.56079209999007,122.55627739999909,122.55627739999909,122.55627739999909,122.55627739999909,122.55627739999909,123.5584680000029,123.57520910000312,123.57520910000312,124.05891589999374,c,1,0.4687053000088781,None,,,,,5,001,2025-10-03_17h25.47.437,Motor Sequence Learning Bhumika Bajaj AU2320057,,2025.1.1,59.8393910757107,2025-10-03 17h26.00.612508 +0530,
-150,z,47,3,11,z,1,0.5527083000051789,None,11,3,47,3,,,,,124.0725928999891,,124.05931419999979,125.07291740000073,125.07291740000073,125.07291740000073,125.07291740000073,125.07291740000073,126.07543289999012,126.0583842999913,126.0583842999913,126.62557069999457,z,1,0.5527083000051789,None,,,,,5,001,2025-10-03_17h25.47.437,Motor Sequence Learning Bhumika Bajaj AU2320057,,2025.1.1,59.8393910757107,2025-10-03 17h26.00.612508 +0530,
-50,x,48,0,12,x,1,0.6148247000091942,None,12,0,48,0,,,,,126.64248840000073,,126.62609740000335,127.62502749999112,127.62502749999112,127.62502749999112,127.62502749999112,127.62502749999112,128.62830009999743,128.62830009999743,128.62830009999743,129.24471499999345,x,1,0.6148247000091942,None,,,,,5,001,2025-10-03_17h25.47.437,Motor Sequence Learning Bhumika Bajaj AU2320057,,2025.1.1,59.8393910757107,2025-10-03 17h26.00.612508 +0530,
150,v,49,1,12,v,1,1.7086534999980358,None,12,1,49,1,,,,,129.26175489999878,,129.24533809999411,130.24609410000267,130.24609410000267,130.24609410000267,130.24609410000267,130.24609410000267,131.24559239999508,131.24559239999508,131.24559239999508,132.9602637999924,v,1,1.7086534999980358,None,,,,,5,001,2025-10-03_17h25.47.437,Motor Sequence Learning Bhumika Bajaj AU2320057,,2025.1.1,59.8393910757107,2025-10-03 17h26.00.612508 +0530,
50,c,50,2,12,c,1,0.49365460000990424,None,12,2,50,2,,,,,132.97591490000195,,132.9607765999972,133.9750875000027,133.9750875000027,133.9750875000027,133.9750875000027,133.9750875000027,134.97685189999174,134.97685189999174,134.97685189999174,135.47646309999982,c,1,0.49365460000990424,None,,,,,5,001,2025-10-03_17h25.47.437,Motor Sequence Learning Bhumika Bajaj AU2320057,,2025.1.1,59.8393910757107,2025-10-03 17h26.00.612508 +0530,
-150,z,51,3,12,z,1,0.7386136999994051,None,12,3,51,3,,,,,135.49216789999628,,135.47697000000335,136.47676829999546,136.47676829999546,136.47676829999546,136.47676829999546,136.47676829999546,137.49573779999628,137.47537020000163,137.47537020000163,138.2437876999902,z,1,0.7386136999994051,None,,,,,5,001,2025-10-03_17h25.47.437,Motor Sequence Learning Bhumika Bajaj AU2320057,,2025.1.1,59.8393910757107,2025-10-03 17h26.00.612508 +0530,
-50,x,52,0,13,x,1,1.2310280999954557,None,13,0,52,0,,,,,138.26198529999238,,138.24481849999574,139.24524689999816,139.24524689999816,139.24524689999816,139.24524689999816,139.24524689999816,140.2591192999971,140.2424189000012,140.2424189000012,141.47823880000215,x,1,1.2310280999954557,None,,,,,5,001,2025-10-03_17h25.47.437,Motor Sequence Learning Bhumika Bajaj AU2320057,,2025.1.1,59.8393910757107,2025-10-03 17h26.00.612508 +0530,
150,v,53,1,13,c,0,0.5901483000052394,None,13,1,53,1,,,,,141.49590259999968,,141.4786737999966,142.49197669999558,142.49197669999558,142.49197669999558,142.49197669999558,142.49197669999558,143.49233319998893,143.49233319998893,143.49233319998893,144.09383060000255,c,0,0.5901483000052394,None,,,,,5,001,2025-10-03_17h25.47.437,Motor Sequence Learning Bhumika Bajaj AU2320057,,2025.1.1,59.8393910757107,2025-10-03 17h26.00.612508 +0530,
50,c,54,2,13,c,1,2.0101623999944422,None,13,2,54,2,,,,,144.1091061999905,,144.09434889999102,145.1078955999983,145.1078955999983,145.1078955999983,145.1078955999983,145.1078955999983,146.10834079999768,146.10834079999768,146.10834079999768,148.12613730000157,c,1,2.0101623999944422,None,,,,,5,001,2025-10-03_17h25.47.437,Motor Sequence Learning Bhumika Bajaj AU2320057,,2025.1.1,59.8393910757107,2025-10-03 17h26.00.612508 +0530,
-150,z,55,3,13,z,1,0.4163016999955289,None,13,3,55,3,,,,,148.14236709999386,,148.12666589999571,149.14010560000315,149.14010560000315,149.14010560000315,149.14010560000315,149.14010560000315,150.14263879999635,150.127007099989,150.127007099989,150.5479284999892,z,1,0.4163016999955289,None,,,,,5,001,2025-10-03_17h25.47.437,Motor Sequence Learning Bhumika Bajaj AU2320057,,2025.1.1,59.8393910757107,2025-10-03 17h26.00.612508 +0530,
-50,x,56,0,14,x,1,0.38672769999539014,None,14,0,56,0,,,,,150.56313870000304,,150.5488624999998,151.55853429999843,151.55853429999843,151.55853429999843,151.55853429999843,151.55853429999843,152.5594718999928,152.5594718999928,152.5594718999928,152.958449999991,x,1,0.38672769999539014,None,,,,,5,001,2025-10-03_17h25.47.437,Motor Sequence Learning Bhumika Bajaj AU2320057,,2025.1.1,59.8393910757107,2025-10-03 17h26.00.612508 +0530,
150,v,57,1,14,v,1,0.5237173999921652,None,14,1,57,1,,,,,152.97441270000127,,152.95894189999672,153.95878649999213,153.95878649999213,153.95878649999213,153.95878649999213,153.95878649999213,154.95885999999882,154.95885999999882,154.95885999999882,155.49131019999913,v,1,0.5237173999921652,None,,,,,5,001,2025-10-03_17h25.47.437,Motor Sequence Learning Bhumika Bajaj AU2320057,,2025.1.1,59.8393910757107,2025-10-03 17h26.00.612508 +0530,
50,c,58,2,14,c,1,0.5488360000017565,None,14,2,58,2,,,,,155.50688210000226,,155.49179610000283,156.49151359999087,156.49151359999087,156.49151359999087,156.49151359999087,156.49151359999087,157.49151880000136,157.49151880000136,157.49151880000136,158.04358830000274,c,1,0.5488360000017565,None,,,,,5,001,2025-10-03_17h25.47.437,Motor Sequence Learning Bhumika Bajaj AU2320057,,2025.1.1,59.8393910757107,2025-10-03 17h26.00.612508 +0530,
-150,z,59,3,14,z,1,0.4144866999995429,None,14,3,59,3,,,,,158.05911019998894,,158.04411950000213,159.05753510000068,159.05753510000068,159.05753510000068,159.05753510000068,159.05753510000068,160.05832559999544,160.05832559999544,160.05832559999544,160.47627729999658,z,1,0.4144866999995429,None,,,,,5,001,2025-10-03_17h25.47.437,Motor Sequence Learning Bhumika Bajaj AU2320057,,2025.1.1,59.8393910757107,2025-10-03 17h26.00.612508 +0530,
-50,x,60,0,15,x,1,0.6247072999976808,None,15,0,60,0,,,,,160.49143999999797,,160.47679139999673,161.4749748000031,161.4749748000031,161.4749748000031,161.4749748000031,161.4749748000031,162.4752834999963,162.49184029999014,162.49184029999014,163.12580049999815,x,1,0.6247072999976808,None,,,,,5,001,2025-10-03_17h25.47.437,Motor Sequence Learning Bhumika Bajaj AU2320057,,2025.1.1,59.8393910757107,2025-10-03 17h26.00.612508 +0530,
150,v,61,1,15,v,1,0.48428319999948144,None,15,1,61,1,,,,,163.1413634999917,,163.1263248000032,164.12535529999877,164.12535529999877,164.12535529999877,164.12535529999877,164.12535529999877,165.12521339999512,165.12521339999512,165.12521339999512,165.6262171999988,v,1,0.48428319999948144,None,,,,,5,001,2025-10-03_17h25.47.437,Motor Sequence Learning Bhumika Bajaj AU2320057,,2025.1.1,59.8393910757107,2025-10-03 17h26.00.612508 +0530,
50,c,62,2,15,c,1,1.4084886000055121,None,15,2,62,2,,,,,165.64225140000053,,165.62673629999335,166.64323289999447,166.64323289999447,166.64323289999447,166.64323289999447,166.64323289999447,167.65629759999865,167.63963530000183,167.63963530000183,169.06043109999155,c,1,1.4084886000055121,None,,,,,5,001,2025-10-03_17h25.47.437,Motor Sequence Learning Bhumika Bajaj AU2320057,,2025.1.1,59.8393910757107,2025-10-03 17h26.00.612508 +0530,
-150,z,63,3,15,z,1,0.5569909000041662,None,15,3,63,3,,,,,169.07585379999364,,169.06091610000294,170.07504569999583,170.07504569999583,170.07504569999583,170.07504569999583,170.07504569999583,171.0751842000027,171.0751842000027,171.0751842000027,171.64329480000015,z,1,0.5569909000041662,None,,,,,5,001,2025-10-03_17h25.47.437,Motor Sequence Learning Bhumika Bajaj AU2320057,,2025.1.1,59.8393910757107,2025-10-03 17h26.00.612508 +0530,
-50,x,64,0,16,x,1,0.3676880999992136,None,16,0,64,0,,,,,171.65804709999065,,171.643885700003,172.65854740000213,172.65854740000213,172.65854740000213,172.65854740000213,172.65854740000213,173.6589254999999,173.6589254999999,173.6589254999999,174.04236379999202,x,1,0.3676880999992136,None,,,,,5,001,2025-10-03_17h25.47.437,Motor Sequence Learning Bhumika Bajaj AU2320057,,2025.1.1,59.8393910757107,2025-10-03 17h26.00.612508 +0530,
150,v,65,1,16,v,1,0.39602539999759756,None,16,1,65,1,,,,,174.05815379999694,,174.04288759999326,175.05573149998963,175.05573149998963,175.05573149998963,175.05573149998963,175.05573149998963,176.0579313999915,176.0579313999915,176.0579313999915,176.45898879999004,v,1,0.39602539999759756,None,,,,,5,001,2025-10-03_17h25.47.437,Motor Sequence Learning Bhumika Bajaj AU2320057,,2025.1.1,59.8393910757107,2025-10-03 17h26.00.612508 +0530,
50,c,66,2,16,x,0,0.3519444999983534,None,16,2,66,2,,,,,176.4750239999994,,176.4595141000027,177.45835259999149,177.45835259999149,177.45835259999149,177.45835259999149,177.45835259999149,178.45770389999961,178.45770389999961,178.45770389999961,178.82613799998944,x,0,0.3519444999983534,None,,,,,5,001,2025-10-03_17h25.47.437,Motor Sequence Learning Bhumika Bajaj AU2320057,,2025.1.1,59.8393910757107,2025-10-03 17h26.00.612508 +0530,
-150,z,67,3,16,z,1,0.8923246000049403,None,16,3,67,3,,,,,178.84154589999525,,178.82668659999035,179.83937349999906,179.83937349999906,179.83937349999906,179.83937349999906,179.83937349999906,180.8415309999982,180.8415309999982,180.8415309999982,181.7420221999928,z,1,0.8923246000049403,None,,,,,5,001,2025-10-03_17h25.47.437,Motor Sequence Learning Bhumika Bajaj AU2320057,,2025.1.1,59.8393910757107,2025-10-03 17h26.00.612508 +0530,
-50,x,68,0,17,x,1,0.5276237999933073,None,17,0,68,0,,,,,181.75839409999026,,181.74257099999522,182.73918930000218,182.73918930000218,182.73918930000218,182.73918930000218,182.73918930000218,183.74108870000055,183.75788229999307,183.75788229999307,184.2919041999994,x,1,0.5276237999933073,None,,,,,5,001,2025-10-03_17h25.47.437,Motor Sequence Learning Bhumika Bajaj AU2320057,,2025.1.1,59.8393910757107,2025-10-03 17h26.00.612508 +0530,
150,v,69,1,17,v,1,0.6911295999889262,None,17,1,69,1,,,,,184.30825229999027,,184.29242309999245,185.2910980000015,185.2910980000015,185.2910980000015,185.2910980000015,185.2910980000015,186.2917851999955,186.2917851999955,186.2917851999955,186.98989179999626,v,1,0.6911295999889262,None,,,,,5,001,2025-10-03_17h25.47.437,Motor Sequence Learning Bhumika Bajaj AU2320057,,2025.1.1,59.8393910757107,2025-10-03 17h26.00.612508 +0530,
50,c,70,2,17,c,1,0.6146789000049466,None,17,2,70,2,,,,,187.0073246999964,,186.99042639999243,187.9915073000011,187.9915073000011,187.9915073000011,187.9915073000011,187.9915073000011,189.00792950000323,188.99051529999997,188.99051529999997,189.60937989999366,c,1,0.6146789000049466,None,,,,,5,001,2025-10-03_17h25.47.437,Motor Sequence Learning Bhumika Bajaj AU2320057,,2025.1.1,59.8393910757107,2025-10-03 17h26.00.612508 +0530,
-150,z,71,3,17,z,1,0.9277034999977332,None,17,3,71,3,,,,,189.62534369999776,,189.6099114999961,190.62456149999343,190.62456149999343,190.62456149999343,190.62456149999343,190.62456149999343,191.624771399991,191.624771399991,191.624771399991,192.5580418999889,z,1,0.9277034999977332,None,,,,,5,001,2025-10-03_17h25.47.437,Motor Sequence Learning Bhumika Bajaj AU2320057,,2025.1.1,59.8393910757107,2025-10-03 17h26.00.612508 +0530,
-50,x,72,0,18,x,1,0.38701160000346135,None,18,0,72,0,,,,,192.5744243999943,,192.55856510000012,193.55791449999379,193.55791449999379,193.55791449999379,193.55791449999379,193.55791449999379,194.55822819999594,194.55822819999594,194.55822819999594,194.95930459999363,x,1,0.38701160000346135,None,,,,,5,001,2025-10-03_17h25.47.437,Motor Sequence Learning Bhumika Bajaj AU2320057,,2025.1.1,59.8393910757107,2025-10-03 17h26.00.612508 +0530,
150,v,73,1,18,v,1,0.5140658999880543,None,18,1,73,1,,,,,194.9748402999976,,194.95982979999098,195.9753453000012,195.9753453000012,195.9753453000012,195.9753453000012,195.9753453000012,196.98903719999362,196.97229759999027,196.97229759999027,197.4916177999985,v,1,0.5140658999880543,None,,,,,5,001,2025-10-03_17h25.47.437,Motor Sequence Learning Bhumika Bajaj AU2320057,,2025.1.1,59.8393910757107,2025-10-03 17h26.00.612508 +0530,
50,c,74,2,18,c,1,0.5595537000044715,None,18,2,74,2,,,,,197.50821319999523,,197.4921544999961,198.49170659999072,198.49170659999072,198.49170659999072,198.49170659999072,198.49170659999072,199.49120399999083,199.49120399999083,199.49120399999083,200.05962519999593,c,1,0.5595537000044715,None,,,,,5,001,2025-10-03_17h25.47.437,Motor Sequence Learning Bhumika Bajaj AU2320057,,2025.1.1,59.8393910757107,2025-10-03 17h26.00.612508 +0530,
-150,z,75,3,18,z,1,0.6092161999986274,None,18,3,75,3,,,,,200.07532859999628,,200.0601580999937,201.07453689999238,201.07453689999238,201.07453689999238,201.07453689999238,201.07453689999238,202.07434189999185,202.07434189999185,202.07434189999185,202.69178329998977,z,1,0.6092161999986274,None,,,,,5,001,2025-10-03_17h25.47.437,Motor Sequence Learning Bhumika Bajaj AU2320057,,2025.1.1,59.8393910757107,2025-10-03 17h26.00.612508 +0530,
-50,x,76,0,19,x,1,0.49472260000766255,None,19,0,76,0,,,,,202.7081477999891,,202.69229639999685,203.69157840000116,203.69157840000116,203.69157840000116,203.69157840000116,203.69157840000116,204.69172329999856,204.69172329999856,204.69172329999856,205.18982569999935,x,1,0.49472260000766255,None,,,,,5,001,2025-10-03_17h25.47.437,Motor Sequence Learning Bhumika Bajaj AU2320057,,2025.1.1,59.8393910757107,2025-10-03 17h26.00.612508 +0530,
150,v,77,1,19,v,1,1.0284775000036461,None,19,1,77,1,,,,,205.20552950000274,,205.19031150000228,206.19095999999263,206.19095999999263,206.19095999999263,206.19095999999263,206.19095999999263,207.19189590000315,207.19189590000315,207.19189590000315,208.22526649999782,v,1,1.0284775000036461,None,,,,,5,001,2025-10-03_17h25.47.437,Motor Sequence Learning Bhumika Bajaj AU2320057,,2025.1.1,59.8393910757107,2025-10-03 17h26.00.612508 +0530,
50,c,78,2,19,c,1,0.8646095000003697,None,19,2,78,2,,,,,208.24145940000017,,208.22579169999517,209.22190829999454,209.22190829999454,209.22190829999454,209.22190829999454,209.22190829999454,210.2246681999968,210.2417657999904,210.2417657999904,211.11099950000062,c,1,0.8646095000003697,None,,,,,5,001,2025-10-03_17h25.47.437,Motor Sequence Learning Bhumika Bajaj AU2320057,,2025.1.1,59.8393910757107,2025-10-03 17h26.00.612508 +0530,
-150,z,79,3,19,z,1,0.3883914000034565,None,19,3,79,3,,,,,211.12714609999966,,211.11154240000178,212.12344699999085,212.12344699999085,212.12344699999085,212.12344699999085,212.12344699999085,213.13874249999935,213.12199410000176,213.12199410000176,213.52226820000215,z,1,0.3883914000034565,None,,,,,5,001,2025-10-03_17h25.47.437,Motor Sequence Learning Bhumika Bajaj AU2320057,,2025.1.1,59.8393910757107,2025-10-03 17h26.00.612508 +0530,
-50,x,80,0,20,x,1,0.7257688999961829,None,20,0,80,0,,,,,213.53881250000268,,213.52277599999798,214.5218554000021,214.5218554000021,214.5218554000021,214.5218554000021,214.5218554000021,215.52299489999132,215.52299489999132,215.52299489999132,216.26001069998892,x,1,0.7257688999961829,None,,,,,5,001,2025-10-03_17h25.47.437,Motor Sequence Learning Bhumika Bajaj AU2320057,,2025.1.1,59.8393910757107,2025-10-03 17h26.00.612508 +0530,
150,v,81,1,20,v,1,3.04566450000857,None,20,1,81,1,,,,,216.27625519999128,,216.26037639999413,217.27468149999913,217.27468149999913,217.27468149999913,217.27468149999913,217.27468149999913,218.27390259999083,218.27390259999083,218.27390259999083,221.3247124999907,v,1,3.04566450000857,None,,,,,5,001,2025-10-03_17h25.47.437,Motor Sequence Learning Bhumika Bajaj AU2320057,,2025.1.1,59.8393910757107,2025-10-03 17h26.00.612508 +0530,
50,c,82,2,20,c,1,0.4567848000006052,None,20,2,82,2,,,,,221.34083950000058,,221.32523550000042,222.32458570000017,222.32458570000017,222.32458570000017,222.32458570000017,222.32458570000017,223.32462759999908,223.32462759999908,223.32462759999908,223.79139549999672,c,1,0.4567848000006052,None,,,,,5,001,2025-10-03_17h25.47.437,Motor Sequence Learning Bhumika Bajaj AU2320057,,2025.1.1,59.8393910757107,2025-10-03 17h26.00.612508 +0530,
-150,z,83,3,20,z,1,0.42594929999904707,None,20,3,83,3,,,,,223.80729539999447,,223.79191600000195,224.79193169999053,224.79193169999053,224.79193169999053,224.79193169999053,224.79193169999053,225.79322669999965,225.79322669999965,225.79322669999965,226.2287240000005,z,1,0.42594929999904707,None,,,,,5,001,2025-10-03_17h25.47.437,Motor Sequence Learning Bhumika Bajaj AU2320057,,2025.1.1,59.8393910757107,2025-10-03 17h26.00.612508 +0530,
-50,x,84,0,21,c,0,0.5006886999908602,None,21,0,84,0,,,,,226.2439633999893,,226.22971349999716,227.23635629999626,227.23635629999626,227.23635629999626,227.23635629999626,227.23635629999626,228.24958259999403,228.23381340000196,228.23381340000196,228.73923639999703,c,0,0.5006886999908602,None,,,,,5,001,2025-10-03_17h25.47.437,Motor Sequence Learning Bhumika Bajaj AU2320057,,2025.1.1,59.8393910757107,2025-10-03 17h26.00.612508 +0530,
150,v,85,1,21,v,1,0.6951810000027763,None,21,1,85,1,,,,,228.74928219999128,,228.73995540000033,229.7491799999989,229.7491799999989,229.7491799999989,229.7491799999989,229.7491799999989,230.74932699999772,230.74932699999772,230.74932699999772,231.44999939999252,v,1,0.6951810000027763,None,,,,,5,001,2025-10-03_17h25.47.437,Motor Sequence Learning Bhumika Bajaj AU2320057,,2025.1.1,59.8393910757107,2025-10-03 17h26.00.612508 +0530,
50,c,86,2,21,x,0,0.45369570000912063,None,21,2,86,2,,,,,231.46599749999586,,231.4505105999997,232.4494313000032,232.4494313000032,232.4494313000032,232.4494313000032,232.4494313000032,233.45069119999243,233.45069119999243,233.45069119999243,233.9194376999949,x,0,0.45369570000912063,None,,,,,5,001,2025-10-03_17h25.47.437,Motor Sequence Learning Bhumika Bajaj AU2320057,,2025.1.1,59.8393910757107,2025-10-03 17h26.00.612508 +0530,
-150,z,87,3,21,z,1,0.7582572000101209,None,21,3,87,3,,,,,233.93443860000116,,233.91994999999588,234.91939199999615,234.91939199999615,234.91939199999615,234.91939199999615,234.91939199999615,235.9198708999902,235.9198708999902,235.9198708999902,236.6837083999999,z,1,0.7582572000101209,None,,,,,5,001,2025-10-03_17h25.47.437,Motor Sequence Learning Bhumika Bajaj AU2320057,,2025.1.1,59.8393910757107,2025-10-03 17h26.00.612508 +0530,
-50,x,88,0,22,x,1,0.576353399999789,None,22,0,88,0,,,,,236.69968130000052,,236.68486480000138,237.6855380999914,237.6855380999914,237.6855380999914,237.6855380999914,237.6855380999914,238.6986171000026,238.68261340000026,238.68261340000026,239.26634000000195,x,1,0.576353399999789,None,,,,,5,001,2025-10-03_17h25.47.437,Motor Sequence Learning Bhumika Bajaj AU2320057,,2025.1.1,59.8393910757107,2025-10-03 17h26.00.612508 +0530,
150,v,89,1,22,v,1,1.9273075999954017,None,22,1,89,1,,,,,239.2824913999939,,239.26685529999668,240.26621639999212,240.26621639999212,240.26621639999212,240.26621639999212,240.26621639999212,241.26740759999666,241.26740759999666,241.26740759999666,243.20017799999914,v,1,1.9273075999954017,None,,,,,5,001,2025-10-03_17h25.47.437,Motor Sequence Learning Bhumika Bajaj AU2320057,,2025.1.1,59.8393910757107,2025-10-03 17h26.00.612508 +0530,
50,c,90,2,22,c,1,0.5344920000061393,None,22,2,90,2,,,,,243.21605449999333,,243.2006948999915,244.21615459999884,244.21615459999884,244.21615459999884,244.21615459999884,244.21615459999884,245.22473390000232,245.20766159999766,245.20766159999766,245.75858059999882,c,1,0.5344920000061393,None,,,,,5,001,2025-10-03_17h25.47.437,Motor Sequence Learning Bhumika Bajaj AU2320057,,2025.1.1,59.8393910757107,2025-10-03 17h26.00.612508 +0530,
-150,z,91,3,22,z,1,0.6752196999877924,None,22,3,91,3,,,,,245.7743555999914,,245.75909929999034,246.7749288999912,246.7749288999912,246.7749288999912,246.7749288999912,246.7749288999912,247.77426629999536,247.77426629999536,247.77426629999536,248.4591919999948,z,1,0.6752196999877924,None,,,,,5,001,2025-10-03_17h25.47.437,Motor Sequence Learning Bhumika Bajaj AU2320057,,2025.1.1,59.8393910757107,2025-10-03 17h26.00.612508 +0530,
-50,x,92,0,23,x,1,0.6850440999987768,None,23,0,92,0,,,,,248.47398619999876,,248.45979139998963,249.4741447999986,249.4741447999986,249.4741447999986,249.4741447999986,249.4741447999986,250.47426540000015,250.47426540000015,250.47426540000015,251.16397699998925,x,1,0.6850440999987768,None,,,,,5,001,2025-10-03_17h25.47.437,Motor Sequence Learning Bhumika Bajaj AU2320057,,2025.1.1,59.8393910757107,2025-10-03 17h26.00.612508 +0530,
150,v,93,1,23,v,1,0.7381659999955446,None,23,1,93,1,,,,,251.17704070000036,,251.1651007999899,252.17336790000263,252.17336790000263,252.17336790000263,252.17336790000263,252.17336790000263,253.17514019999362,253.17514019999362,253.17514019999362,253.92959499999415,v,1,0.7381659999955446,None,,,,,5,001,2025-10-03_17h25.47.437,Motor Sequence Learning Bhumika Bajaj AU2320057,,2025.1.1,59.8393910757107,2025-10-03 17h26.00.612508 +0530,
50,c,94,2,23,c,1,0.5206964999961201,None,23,2,94,2,,,,,253.94444049999584,,253.93034279999847,254.94108089999645,254.94108089999645,254.94108089999645,254.94108089999645,254.94108089999645,255.94400719999976,255.94400719999976,255.94400719999976,256.47562549999566,c,1,0.5206964999961201,None,,,,,5,001,2025-10-03_17h25.47.437,Motor Sequence Learning Bhumika Bajaj AU2320057,,2025.1.1,59.8393910757107,2025-10-03 17h26.00.612508 +0530,
-150,z,95,3,23,z,1,0.6127749000006588,None,23,3,95,3,,,,,256.49086530000204,,256.4761414999957,257.4911642999941,257.4911642999941,257.4911642999941,257.4911642999941,257.4911642999941,258.49161009999807,258.47457459999714,258.47457459999714,259.0920253999939,z,1,0.6127749000006588,None,,,,,5,001,2025-10-03_17h25.47.437,Motor Sequence Learning Bhumika Bajaj AU2320057,,2025.1.1,59.8393910757107,2025-10-03 17h26.00.612508 +0530,
-50,x,96,0,24,x,1,0.5886683999997331,None,24,0,96,0,,,,,259.1082027999946,,259.09258659998886,260.0915357999911,260.0915357999911,260.0915357999911,260.0915357999911,260.0915357999911,261.0915174999973,261.0915174999973,261.0915174999973,261.6920855999924,x,1,0.5886683999997331,None,,,,,5,001,2025-10-03_17h25.47.437,Motor Sequence Learning Bhumika Bajaj AU2320057,,2025.1.1,59.8393910757107,2025-10-03 17h26.00.612508 +0530,
150,v,97,1,24,v,1,0.7594163999892771,None,24,1,97,1,,,,,261.7075909999985,,261.69259979999333,262.6946137999912,262.6946137999912,262.6946137999912,262.6946137999912,262.6946137999912,263.7072377000004,263.6918052999972,263.6918052999972,264.4583713000029,v,1,0.7594163999892771,None,,,,,5,001,2025-10-03_17h25.47.437,Motor Sequence Learning Bhumika Bajaj AU2320057,,2025.1.1,59.8393910757107,2025-10-03 17h26.00.612508 +0530,
50,c,98,2,24,c,1,1.4888581999985036,None,24,2,98,2,,,,,264.4743827999919,,264.4589208999969,265.4577963999909,265.4577963999909,265.4577963999909,265.4577963999909,265.4577963999909,266.457387699993,266.47438069999043,266.47438069999043,267.9747079999943,c,1,1.4888581999985036,None,,,,,5,001,2025-10-03_17h25.47.437,Motor Sequence Learning Bhumika Bajaj AU2320057,,2025.1.1,59.8393910757107,2025-10-03 17h26.00.612508 +0530,
-150,z,99,3,24,z,1,0.5848713000013959,None,24,3,99,3,,,,,267.9916118999972,,267.97522469999967,268.97452389998944,268.97452389998944,268.97452389998944,268.97452389998944,268.97452389998944,269.98842039999727,269.98842039999727,269.98842039999727,270.5759990999941,z,1,0.5848713000013959,None,,,,,5,001,2025-10-03_17h25.47.437,Motor Sequence Learning Bhumika Bajaj AU2320057,,2025.1.1,59.8393910757107,2025-10-03 17h26.00.612508 +0530,
-50,x,100,0,25,x,1,0.5449265999923227,None,25,0,100,0,,,,,270.5914822999912,,270.57652979998966,271.59048359999724,271.59048359999724,271.59048359999724,271.59048359999724,271.59048359999724,272.5907787000033,272.5907787000033,272.5907787000033,273.14099590000114,x,1,0.5449265999923227,None,,,,,5,001,2025-10-03_17h25.47.437,Motor Sequence Learning Bhumika Bajaj AU2320057,,2025.1.1,59.8393910757107,2025-10-03 17h26.00.612508 +0530,
150,v,101,1,25,v,1,0.6447096999909263,None,25,1,101,1,,,,,273.15749099999084,,273.1415210999985,274.1437755999941,274.1437755999941,274.1437755999941,274.1437755999941,274.1437755999941,275.1572613000026,275.1410908999969,275.1410908999969,275.7921139999962,v,1,0.6447096999909263,None,,,,,5,001,2025-10-03_17h25.47.437,Motor Sequence Learning Bhumika Bajaj AU2320057,,2025.1.1,59.8393910757107,2025-10-03 17h26.00.612508 +0530,
50,c,102,2,25,c,1,0.5634247999987565,None,25,2,102,2,,,,,275.80792819999624,,275.7926567999966,276.793829599992,276.793829599992,276.793829599992,276.793829599992,276.793829599992,277.7940069999895,277.7940069999895,277.7940069999895,278.35957669999334,c,1,0.5634247999987565,None,,,,,5,001,2025-10-03_17h25.47.437,Motor Sequence Learning Bhumika Bajaj AU2320057,,2025.1.1,59.8393910757107,2025-10-03 17h26.00.612508 +0530,
-150,z,103,3,25,z,1,1.1080875999905402,None,25,3,103,3,,,,,278.37302539999655,,278.3601426999958,279.3722422999999,279.3722422999999,279.3722422999999,279.3722422999999,279.3722422999999,280.3769721999997,280.36026929999935,280.36026929999935,281.4733038999984,z,1,1.1080875999905402,None,,,,,5,001,2025-10-03_17h25.47.437,Motor Sequence Learning Bhumika Bajaj AU2320057,,2025.1.1,59.8393910757107,2025-10-03 17h26.00.612508 +0530,
-50,x,104,0,26,x,1,0.7490114000102039,None,26,0,104,0,,,,,281.49020899999596,,281.4736642999924,282.4747573999921,282.4747573999921,282.4747573999921,282.4747573999921,282.4747573999921,283.4744856999896,283.4744856999896,283.4744856999896,284.22585390000313,x,1,0.7490114000102039,None,,,,,5,001,2025-10-03_17h25.47.437,Motor Sequence Learning Bhumika Bajaj AU2320057,,2025.1.1,59.8393910757107,2025-10-03 17h26.00.612508 +0530,
150,v,105,1,26,v,1,0.5826707999949576,None,26,1,105,1,,,,,284.24281979999796,,284.22654570000304,285.22386939999706,285.22386939999706,285.22386939999706,285.22386939999706,285.22386939999706,286.22477879999497,286.24034639999445,286.24034639999445,286.84111680000206,v,1,0.5826707999949576,None,,,,,5,001,2025-10-03_17h25.47.437,Motor Sequence Learning Bhumika Bajaj AU2320057,,2025.1.1,59.8393910757107,2025-10-03 17h26.00.612508 +0530,
50,c,106,2,26,c,1,0.5321145000052638,None,26,2,106,2,,,,,286.8568462999974,,286.84154839999974,287.8409307999973,287.8409307999973,287.8409307999973,287.8409307999973,287.8409307999973,288.83786699999473,288.83786699999473,288.83786699999473,289.37450449999596,c,1,0.5321145000052638,None,,,,,5,001,2025-10-03_17h25.47.437,Motor Sequence Learning Bhumika Bajaj AU2320057,,2025.1.1,59.8393910757107,2025-10-03 17h26.00.612508 +0530,
-150,z,107,3,26,z,1,0.6975203999900259,None,26,3,107,3,,,,,289.39038199999777,,289.3748971000023,290.3735646999994,290.3735646999994,290.3735646999994,290.3735646999994,290.3735646999994,291.372629599995,291.372629599995,291.372629599995,292.07575160000124,z,1,0.6975203999900259,None,,,,,5,001,2025-10-03_17h25.47.437,Motor Sequence Learning Bhumika Bajaj AU2320057,,2025.1.1,59.8393910757107,2025-10-03 17h26.00.612508 +0530,
-50,x,108,0,27,x,1,0.5016210000030696,None,27,0,108,0,,,,,292.09051599999657,,292.0762871999905,293.0904690000025,293.0904690000025,293.0904690000025,293.0904690000025,293.0904690000025,294.0913501000032,294.0913501000032,294.0913501000032,294.60878049999883,x,1,0.5016210000030696,None,,,,,5,001,2025-10-03_17h25.47.437,Motor Sequence Learning Bhumika Bajaj AU2320057,,2025.1.1,59.8393910757107,2025-10-03 17h26.00.612508 +0530,
150,v,109,1,27,v,1,0.5575599000003422,None,27,1,109,1,,,,,294.6242682000011,,294.6093503000011,295.6225228999974,295.6225228999974,295.6225228999974,295.6225228999974,295.6225228999974,296.62444899999537,296.62444899999537,296.62444899999537,297.1919820999901,v,1,0.5575599000003422,None,,,,,5,001,2025-10-03_17h25.47.437,Motor Sequence Learning Bhumika Bajaj AU2320057,,2025.1.1,59.8393910757107,2025-10-03 17h26.00.612508 +0530,
50,c,110,2,27,c,1,0.5538284999929601,None,27,2,110,2,,,,,297.2076573999948,,297.19245269999374,298.20677140000043,298.20677140000043,298.20677140000043,298.20677140000043,298.20677140000043,299.20464129999164,299.1881289000012,299.1881289000012,299.7564621999918,c,1,0.5538284999929601,None,,,,,5,001,2025-10-03_17h25.47.437,Motor Sequence Learning Bhumika Bajaj AU2320057,,2025.1.1,59.8393910757107,2025-10-03 17h26.00.612508 +0530,
-150,z,111,3,27,z,1,0.9617372000066098,None,27,3,111,3,,,,,299.77386039998964,,299.75695879998966,300.7717561000027,300.7717561000027,300.7717561000027,300.7717561000027,300.7717561000027,301.77338499999314,301.75732530000096,301.75732530000096,302.7249401000008,z,1,0.9617372000066098,None,,,,,5,001,2025-10-03_17h25.47.437,Motor Sequence Learning Bhumika Bajaj AU2320057,,2025.1.1,59.8393910757107,2025-10-03 17h26.00.612508 +0530,
-50,x,112,0,28,x,1,0.49351680000836495,None,28,0,112,0,,,,,302.74032939999597,,302.72547209999175,303.74028199999884,303.74028199999884,303.74028199999884,303.74028199999884,303.74028199999884,304.7405732999905,304.7405732999905,304.7405732999905,305.2411102999904,x,1,0.49351680000836495,None,,,,,5,001,2025-10-03_17h25.47.437,Motor Sequence Learning Bhumika Bajaj AU2320057,,2025.1.1,59.8393910757107,2025-10-03 17h26.00.612508 +0530,
150,v,113,1,28,v,1,0.830255799999577,None,28,1,113,1,,,,,305.2575930000021,,305.2416312999994,306.24014159999206,306.24014159999206,306.24014159999206,306.24014159999206,306.24014159999206,307.24079039999924,307.2575019999931,307.2575019999931,308.0910662999959,v,1,0.830255799999577,None,,,,,5,001,2025-10-03_17h25.47.437,Motor Sequence Learning Bhumika Bajaj AU2320057,,2025.1.1,59.8393910757107,2025-10-03 17h26.00.612508 +0530,
50,c,114,2,28,c,1,1.5504976000083843,None,28,2,114,2,,,,,308.1073682999995,,308.0914699999994,309.09100059999037,309.09100059999037,309.09100059999037,309.09100059999037,309.09100059999037,310.1076328999916,310.1076328999916,310.1076328999916,311.6743468999921,c,1,1.5504976000083843,None,,,,,5,001,2025-10-03_17h25.47.437,Motor Sequence Learning Bhumika Bajaj AU2320057,,2025.1.1,59.8393910757107,2025-10-03 17h26.00.612508 +0530,
-150,z,115,3,28,z,1,0.5211269999999786,None,28,3,115,3,,,,,311.6902648999967,,311.67469499999424,312.6731463999895,312.6731463999895,312.6731463999895,312.6731463999895,312.6731463999895,313.67450709998957,313.68939829999,313.68939829999,314.2237208000006,z,1,0.5211269999999786,None,,,,,5,001,2025-10-03_17h25.47.437,Motor Sequence Learning Bhumika Bajaj AU2320057,,2025.1.1,59.8393910757107,2025-10-03 17h26.00.612508 +0530,
-50,x,116,0,29,x,1,0.6038717000046745,None,29,0,116,0,,,,,314.23950919999334,,314.2240815999976,315.2233019999985,315.2233019999985,315.2233019999985,315.2233019999985,315.2233019999985,316.2228672999918,316.2228672999918,316.2228672999918,316.8406596999994,x,1,0.6038717000046745,None,,,,,5,001,2025-10-03_17h25.47.437,Motor Sequence Learning Bhumika Bajaj AU2320057,,2025.1.1,59.8393910757107,2025-10-03 17h26.00.612508 +0530,
150,v,117,1,29,v,1,0.5767861000058474,None,29,1,117,1,,,,,316.85775999999896,,316.8413883999892,317.83984780000173,317.83984780000173,317.83984780000173,317.83984780000173,317.83984780000173,318.8400508999912,318.8400508999912,318.8400508999912,319.42453199999,v,1,0.5767861000058474,None,,,,,5,001,2025-10-03_17h25.47.437,Motor Sequence Learning Bhumika Bajaj AU2320057,,2025.1.1,59.8393910757107,2025-10-03 17h26.00.612508 +0530,
50,c,118,2,29,c,1,0.651501600004849,None,29,2,118,2,,,,,319.44118919999164,,319.4253384999902,320.4233443999983,320.4233443999983,320.4233443999983,320.4233443999983,320.4233443999983,321.4238775999984,321.4238775999984,321.4238775999984,322.08878130000085,c,1,0.651501600004849,None,,,,,5,001,2025-10-03_17h25.47.437,Motor Sequence Learning Bhumika Bajaj AU2320057,,2025.1.1,59.8393910757107,2025-10-03 17h26.00.612508 +0530,
-150,z,119,3,29,z,1,1.1514556000038283,None,29,3,119,3,,,,,322.10427830000117,,322.08920629999193,323.0901723999996,323.0901723999996,323.0901723999996,323.0901723999996,323.0901723999996,324.08969359999173,324.08969359999173,324.08969359999173,325.25787819999096,z,1,1.1514556000038283,None,,,,,5,001,2025-10-03_17h25.47.437,Motor Sequence Learning Bhumika Bajaj AU2320057,,2025.1.1,59.8393910757107,2025-10-03 17h26.00.612508 +0530,
-50,x,120,0,30,x,1,0.8972014000028139,None,30,0,120,0,,,,,325.27149649999046,,325.2583469999954,326.27165719999175,326.27165719999175,326.27165719999175,326.27165719999175,326.27165719999175,327.27323349998915,327.27323349998915,327.27323349998915,328.17510959999345,x,1,0.8972014000028139,None,,,,,5,001,2025-10-03_17h25.47.437,Motor Sequence Learning Bhumika Bajaj AU2320057,,2025.1.1,59.8393910757107,2025-10-03 17h26.00.612508 +0530,
150,v,121,1,30,v,1,1.0595877000014298,None,30,1,121,1,,,,,328.19034419998934,,328.1756458000018,329.1878649999999,329.1878649999999,329.1878649999999,329.1878649999999,329.1878649999999,330.19040099999984,330.19040099999984,330.19040099999984,331.2571619999944,v,1,1.0595877000014298,None,,,,,5,001,2025-10-03_17h25.47.437,Motor Sequence Learning Bhumika Bajaj AU2320057,,2025.1.1,59.8393910757107,2025-10-03 17h26.00.612508 +0530,
50,c,122,2,30,c,1,0.6144076999917161,None,30,2,122,2,,,,,331.2720829999889,,331.25770309999643,332.25736449999386,332.25736449999386,332.25736449999386,332.25736449999386,332.25736449999386,333.2573364999989,333.2573364999989,333.2573364999989,333.8749928999896,c,1,0.6144076999917161,None,,,,,5,001,2025-10-03_17h25.47.437,Motor Sequence Learning Bhumika Bajaj AU2320057,,2025.1.1,59.8393910757107,2025-10-03 17h26.00.612508 +0530,
-150,z,123,3,30,z,1,0.36486130001139827,None,30,3,123,3,,,,,333.88787369999045,,333.8753389999911,334.890533999991,334.890533999991,334.890533999991,334.890533999991,334.890533999991,335.89182599999185,335.89182599999185,335.89182599999185,336.2743691999931,z,1,0.36486130001139827,None,,,,,5,001,2025-10-03_17h25.47.437,Motor Sequence Learning Bhumika Bajaj AU2320057,,2025.1.1,59.8393910757107,2025-10-03 17h26.00.612508 +0530,
-50,x,124,0,31,x,1,0.3862978999968618,None,31,0,124,0,,,,,336.29012079999666,,336.2749091000005,337.273529099999,337.273529099999,337.273529099999,337.273529099999,337.273529099999,338.27400489999854,338.2905264000001,338.2905264000001,338.69235359999584,x,1,0.3862978999968618,None,,,,,5,001,2025-10-03_17h25.47.437,Motor Sequence Learning Bhumika Bajaj AU2320057,,2025.1.1,59.8393910757107,2025-10-03 17h26.00.612508 +0530,
150,v,125,1,31,v,1,0.7329171000019414,None,31,1,125,1,,,,,338.7045717000001,,338.6929997999978,339.69012929999735,339.69012929999735,339.69012929999735,339.69012929999735,339.69012929999735,340.68987509999715,340.70646109999507,340.70646109999507,341.44215729999996,v,1,0.7329171000019414,None,,,,,5,001,2025-10-03_17h25.47.437,Motor Sequence Learning Bhumika Bajaj AU2320057,,2025.1.1,59.8393910757107,2025-10-03 17h26.00.612508 +0530,
50,c,126,2,31,c,1,0.37940720000187866,None,31,2,126,2,,,,,341.4570221000031,,341.4426719999901,342.4569285999896,342.4569285999896,342.4569285999896,342.4569285999896,342.4569285999896,343.4559053999983,343.4559053999983,343.4559053999983,343.8399977999943,c,1,0.37940720000187866,None,,,,,5,001,2025-10-03_17h25.47.437,Motor Sequence Learning Bhumika Bajaj AU2320057,,2025.1.1,59.8393910757107,2025-10-03 17h26.00.612508 +0530,
-150,z,127,3,31,z,1,0.4629447000043001,None,31,3,127,3,,,,,343.8566040000005,,343.840452199991,344.83942819999356,344.83942819999356,344.83942819999356,344.83942819999356,344.83942819999356,345.840062999996,345.840062999996,345.840062999996,346.307504700002,z,1,0.4629447000043001,None,,,,,5,001,2025-10-03_17h25.47.437,Motor Sequence Learning Bhumika Bajaj AU2320057,,2025.1.1,59.8393910757107,2025-10-03 17h26.00.612508 +0530,
-50,x,128,0,32,x,1,0.4843951999937417,None,32,0,128,0,,,,,346.32295570000133,,346.3080437000026,347.3240032999893,347.3240032999893,347.3240032999893,347.3240032999893,347.3240032999893,348.3240541999985,348.3240541999985,348.3240541999985,348.8217743999994,x,1,0.4843951999937417,None,,,,,5,001,2025-10-03_17h25.47.437,Motor Sequence Learning Bhumika Bajaj AU2320057,,2025.1.1,59.8393910757107,2025-10-03 17h26.00.612508 +0530,
150,v,129,1,32,v,1,0.547044899998582,None,32,1,129,1,,,,,348.8379585999937,,348.82265049999114,349.823066500001,349.823066500001,349.823066500001,349.823066500001,349.823066500001,350.82072920000064,350.82072920000064,350.82072920000064,351.3717586999992,v,1,0.547044899998582,None,,,,,5,001,2025-10-03_17h25.47.437,Motor Sequence Learning Bhumika Bajaj AU2320057,,2025.1.1,59.8393910757107,2025-10-03 17h26.00.612508 +0530,
50,c,130,2,32,c,1,0.8147598999930779,None,32,2,130,2,,,,,351.38911859999644,,351.3722173999995,352.3742154999927,352.3742154999927,352.3742154999927,352.3742154999927,352.3742154999927,353.38763939999626,353.37074149999535,353.37074149999535,354.18806829999085,c,1,0.8147598999930779,None,,,,,5,001,2025-10-03_17h25.47.437,Motor Sequence Learning Bhumika Bajaj AU2320057,,2025.1.1,59.8393910757107,2025-10-03 17h26.00.612508 +0530,
-150,z,131,3,32,z,1,0.6816628999949899,None,32,3,131,3,,,,,354.20384360000025,,354.1896773999906,355.1877558999986,355.1877558999986,355.1877558999986,355.1877558999986,355.1877558999986,356.18954769999254,356.18954769999254,356.18954769999254,356.8741696999932,z,1,0.6816628999949899,None,,,,,5,001,2025-10-03_17h25.47.437,Motor Sequence Learning Bhumika Bajaj AU2320057,,2025.1.1,59.8393910757107,2025-10-03 17h26.00.612508 +0530,
-50,x,132,0,33,x,1,0.4937264000036521,None,33,0,132,0,,,,,356.8881653999997,,356.8746173999971,357.8904468999972,357.8904468999972,357.8904468999972,357.8904468999972,357.8904468999972,358.90697280000313,358.8875540000008,358.8875540000008,359.38853379999637,x,1,0.4937264000036521,None,,,,,5,001,2025-10-03_17h25.47.437,Motor Sequence Learning Bhumika Bajaj AU2320057,,2025.1.1,59.8393910757107,2025-10-03 17h26.00.612508 +0530,
150,v,133,1,33,v,1,0.7762901999958558,None,33,1,133,1,,,,,359.40634679999494,,359.38891899999,360.3908736000012,360.3908736000012,360.3908736000012,360.3908736000012,360.3908736000012,361.4063058999891,361.3907676999952,361.3907676999952,362.1733361999941,v,1,0.7762901999958558,None,,,,,5,001,2025-10-03_17h25.47.437,Motor Sequence Learning Bhumika Bajaj AU2320057,,2025.1.1,59.8393910757107,2025-10-03 17h26.00.612508 +0530,
50,c,134,2,33,c,1,0.477944700003718,None,33,2,134,2,,,,,362.1892191999941,,362.1737148999964,363.1732985999988,363.1732985999988,363.1732985999988,363.1732985999988,363.1732985999988,364.1878902000026,364.1878902000026,364.1878902000026,364.67482319999544,c,1,0.477944700003718,None,,,,,5,001,2025-10-03_17h25.47.437,Motor Sequence Learning Bhumika Bajaj AU2320057,,2025.1.1,59.8393910757107,2025-10-03 17h26.00.612508 +0530,
-150,z,135,3,33,z,1,0.4505743000045186,None,33,3,135,3,,,,,364.68986420000147,,364.6754762999917,365.69053229999554,365.69053229999554,365.69053229999554,365.69053229999554,365.69053229999554,366.6898680000013,366.6898680000013,366.6898680000013,367.14150979999977,z,1,0.4505743000045186,None,,,,,5,001,2025-10-03_17h25.47.437,Motor Sequence Learning Bhumika Bajaj AU2320057,,2025.1.1,59.8393910757107,2025-10-03 17h26.00.612508 +0530,
-50,x,136,0,34,x,1,0.6293104999931529,None,34,0,136,0,,,,,367.1563826999918,,367.1420469000004,368.1568750000006,368.1568750000006,368.1568750000006,368.1568750000006,368.1568750000006,369.15566239999316,369.15566239999316,369.15566239999316,369.7908252999914,x,1,0.6293104999931529,None,,,,,5,001,2025-10-03_17h25.47.437,Motor Sequence Learning Bhumika Bajaj AU2320057,,2025.1.1,59.8393910757107,2025-10-03 17h26.00.612508 +0530,
150,v,137,1,34,v,1,0.5806059000024106,None,34,1,137,1,,,,,369.8063856999943,,369.7913591999968,370.79111189999094,370.79111189999094,370.79111189999094,370.79111189999094,370.79111189999094,371.79015659999277,371.79015659999277,371.79015659999277,372.3713027999911,v,1,0.5806059000024106,None,,,,,5,001,2025-10-03_17h25.47.437,Motor Sequence Learning Bhumika Bajaj AU2320057,,2025.1.1,59.8393910757107,2025-10-03 17h26.00.612508 +0530,
50,c,138,2,34,c,1,0.9246743999974569,None,34,2,138,2,,,,,372.38953030000266,,372.371962899997,373.371842499997,373.371842499997,373.371842499997,373.371842499997,373.371842499997,374.37416039999516,374.37416039999516,374.37416039999516,375.3067951999983,c,1,0.9246743999974569,None,,,,,5,001,2025-10-03_17h25.47.437,Motor Sequence Learning Bhumika Bajaj AU2320057,,2025.1.1,59.8393910757107,2025-10-03 17h26.00.612508 +0530,
-150,z,139,3,34,z,1,0.06463530000473838,None,34,3,139,3,,,,,375.3222265999939,,375.30721220000123,376.30566479999106,376.30566479999106,376.30566479999106,376.30566479999106,376.30566479999106,377.30717529999674,377.30717529999674,377.30717529999674,377.3752012999903,z,1,0.06463530000473838,None,,,,,5,001,2025-10-03_17h25.47.437,Motor Sequence Learning Bhumika Bajaj AU2320057,,2025.1.1,59.8393910757107,2025-10-03 17h26.00.612508 +0530,
-50,x,140,0,35,z,0,0.2760802999982843,None,35,0,140,0,,,,,377.389442899992,,377.37561649999407,378.39007259999926,378.39007259999926,378.39007259999926,378.39007259999926,378.39007259999926,379.39024339999014,379.39024339999014,379.39024339999014,379.6745472999901,z,0,0.2760802999982843,None,,,,,5,001,2025-10-03_17h25.47.437,Motor Sequence Learning Bhumika Bajaj AU2320057,,2025.1.1,59.8393910757107,2025-10-03 17h26.00.612508 +0530,
150,v,141,1,35,z,0,0.262323999995715,None,35,1,141,1,,,,,379.68974219998927,,379.6751296000002,380.6734268,380.6734268,380.6734268,380.6734268,380.6734268,381.6715116999985,381.68903039999714,381.68903039999714,381.95838979999826,z,0,0.262323999995715,None,,,,,5,001,2025-10-03_17h25.47.437,Motor Sequence Learning Bhumika Bajaj AU2320057,,2025.1.1,59.8393910757107,2025-10-03 17h26.00.612508 +0530,
50,c,142,2,35,c,1,1.844205100002,None,35,2,142,2,,,,,381.9734712999925,,381.9587523999944,382.97259669999767,382.97259669999767,382.97259669999767,382.97259669999767,382.97259669999767,383.9736778999941,383.9736778999941,383.9736778999941,385.82405159999325,c,1,1.844205100002,None,,,,,5,001,2025-10-03_17h25.47.437,Motor Sequence Learning Bhumika Bajaj AU2320057,,2025.1.1,59.8393910757107,2025-10-03 17h26.00.612508 +0530,
-150,z,143,3,35,z,1,0.843549900004291,None,35,3,143,3,,,,,385.8395113000006,,385.8245764000021,386.8387106000009,386.8387106000009,386.8387106000009,386.8387106000009,386.8387106000009,387.84031709999545,387.84031709999545,387.84031709999545,388.6906556000031,z,1,0.843549900004291,None,,,,,5,001,2025-10-03_17h25.47.437,Motor Sequence Learning Bhumika Bajaj AU2320057,,2025.1.1,59.8393910757107,2025-10-03 17h26.00.612508 +0530,
-50,x,144,0,36,x,1,0.6358838000014657,None,36,0,144,0,,,,,388.70635619999666,,388.6910644000018,389.6922247999901,389.6922247999901,389.6922247999901,389.6922247999901,389.6922247999901,390.6924214000028,390.6924214000028,390.6924214000028,391.3405952999892,x,1,0.6358838000014657,None,,,,,5,001,2025-10-03_17h25.47.437,Motor Sequence Learning Bhumika Bajaj AU2320057,,2025.1.1,59.8393910757107,2025-10-03 17h26.00.612508 +0530,
150,v,145,1,36,v,1,1.670002899991232,None,36,1,145,1,,,,,391.3562357999908,,391.34110939998936,392.3410300999967,392.3410300999967,392.3410300999967,392.3410300999967,392.3410300999967,393.3431083000032,393.3431083000032,393.3431083000032,395.0242659999931,v,1,1.670002899991232,None,,,,,5,001,2025-10-03_17h25.47.437,Motor Sequence Learning Bhumika Bajaj AU2320057,,2025.1.1,59.8393910757107,2025-10-03 17h26.00.612508 +0530,
50,c,146,2,36,c,1,1.8172705000033602,None,36,2,146,2,,,,,395.03975419999915,,395.0247822999954,396.0400995999953,396.0400995999953,396.0400995999953,396.0400995999953,396.0400995999953,397.03973530000076,397.03973530000076,397.03973530000076,398.8743049999903,c,1,1.8172705000033602,None,,,,,5,001,2025-10-03_17h25.47.437,Motor Sequence Learning Bhumika Bajaj AU2320057,,2025.1.1,59.8393910757107,2025-10-03 17h26.00.612508 +0530,
-150,z,147,3,36,z,1,0.6767101000004914,None,36,3,147,3,,,,,398.8904515000031,,398.8748504999967,399.89040399999067,399.89040399999067,399.89040399999067,399.89040399999067,399.89040399999067,400.90647419999004,400.88939820000087,400.88939820000087,401.573147099989,z,1,0.6767101000004914,None,,,,,5,001,2025-10-03_17h25.47.437,Motor Sequence Learning Bhumika Bajaj AU2320057,,2025.1.1,59.8393910757107,2025-10-03 17h26.00.612508 +0530,
-50,x,148,0,37,x,1,0.6109701999957906,None,37,0,148,0,,,,,401.5878117999964,,401.57380929999636,402.5728856999922,402.5728856999922,402.5728856999922,402.5728856999922,402.5728856999922,403.5728812000016,403.5728812000016,403.5728812000016,404.1901043999969,x,1,0.6109701999957906,None,,,,,5,001,2025-10-03_17h25.47.437,Motor Sequence Learning Bhumika Bajaj AU2320057,,2025.1.1,59.8393910757107,2025-10-03 17h26.00.612508 +0530,
150,v,149,1,37,v,1,0.6102634999988368,None,37,1,149,1,,,,,404.20612360000086,,404.1906158999918,405.18894579999323,405.18894579999323,405.18894579999323,405.18894579999323,405.18894579999323,406.1890975999995,406.1890975999995,406.1890975999995,406.8068465999968,v,1,0.6102634999988368,None,,,,,5,001,2025-10-03_17h25.47.437,Motor Sequence Learning Bhumika Bajaj AU2320057,,2025.1.1,59.8393910757107,2025-10-03 17h26.00.612508 +0530,
50,c,150,2,37,c,1,3.4776162000052864,None,37,2,150,2,,,,,406.8227726999903,,406.80734810000286,407.80612459999975,407.80612459999975,407.80612459999975,407.80612459999975,407.80612459999975,408.8062147000019,408.8062147000019,408.8062147000019,412.2894961999991,c,1,3.4776162000052864,None,,,,,5,001,2025-10-03_17h25.47.437,Motor Sequence Learning Bhumika Bajaj AU2320057,,2025.1.1,59.8393910757107,2025-10-03 17h26.00.612508 +0530,
-150,z,151,3,37,z,1,0.5361203000065871,None,37,3,151,3,,,,,412.3060511999938,,412.29002980000223,413.30365869999514,413.30365869999514,413.30365869999514,413.30365869999514,413.30365869999514,414.30586089999997,414.28971399999864,414.28971399999864,414.8397463000001,z,1,0.5361203000065871,None,,,,,5,001,2025-10-03_17h25.47.437,Motor Sequence Learning Bhumika Bajaj AU2320057,,2025.1.1,59.8393910757107,2025-10-03 17h26.00.612508 +0530,
-50,x,152,0,38,x,1,0.4641494999959832,None,38,0,152,0,,,,,414.856114299997,,414.8402939999942,415.8394321999949,415.8394321999949,415.8394321999949,415.8394321999949,415.8394321999949,416.8479540999979,416.8479540999979,416.8479540999979,417.31578039999295,x,1,0.4641494999959832,None,,,,,5,001,2025-10-03_17h25.47.437,Motor Sequence Learning Bhumika Bajaj AU2320057,,2025.1.1,59.8393910757107,2025-10-03 17h26.00.612508 +0530,
150,v,153,1,38,v,1,0.5805043000000296,None,38,1,153,1,,,,,417.3311324999959,,417.31630599999335,418.3315422000014,418.3315422000014,418.3315422000014,418.3315422000014,418.3315422000014,419.3312057000003,419.3312057000003,419.3312057000003,419.91631439999037,v,1,0.5805043000000296,None,,,,,5,001,2025-10-03_17h25.47.437,Motor Sequence Learning Bhumika Bajaj AU2320057,,2025.1.1,59.8393910757107,2025-10-03 17h26.00.612508 +0530,
50,c,154,2,38,c,1,0.5137189000088256,None,38,2,154,2,,,,,419.9313239999901,,419.91682749999745,420.9313948999916,420.9313948999916,420.9313948999916,420.9313948999916,420.9313948999916,421.9479408999905,421.93022049999854,421.93022049999854,422.4464871999953,c,1,0.5137189000088256,None,,,,,5,001,2025-10-03_17h25.47.437,Motor Sequence Learning Bhumika Bajaj AU2320057,,2025.1.1,59.8393910757107,2025-10-03 17h26.00.612508 +0530,
-150,z,155,3,38,z,1,0.6837683000048855,None,38,3,155,3,,,,,422.453617399995,,422.446875499998,423.44525319999957,423.44525319999957,423.44525319999957,423.44525319999957,423.44525319999957,424.445154999994,424.445154999994,424.445154999994,425.13312079999014,z,1,0.6837683000048855,None,,,,,5,001,2025-10-03_17h25.47.437,Motor Sequence Learning Bhumika Bajaj AU2320057,,2025.1.1,59.8393910757107,2025-10-03 17h26.00.612508 +0530,
-50,x,156,0,39,x,1,0.5994074999907752,None,39,0,156,0,,,,,425.14815799999633,,425.13364659999206,426.14741689999937,426.14741689999937,426.14741689999937,426.14741689999937,426.14741689999937,427.14817899999616,427.14817899999616,427.14817899999616,427.74872859999596,x,1,0.5994074999907752,None,,,,,5,001,2025-10-03_17h25.47.437,Motor Sequence Learning Bhumika Bajaj AU2320057,,2025.1.1,59.8393910757107,2025-10-03 17h26.00.612508 +0530,
150,v,157,1,39,v,1,0.6754286999930628,None,39,1,157,1,,,,,427.7615991999919,,427.74922849998984,428.7477809999982,428.7477809999982,428.7477809999982,428.7477809999982,428.7477809999982,429.7474355000013,429.7642632999923,429.7642632999923,430.44791239999176,v,1,0.6754286999930628,None,,,,,5,001,2025-10-03_17h25.47.437,Motor Sequence Learning Bhumika Bajaj AU2320057,,2025.1.1,59.8393910757107,2025-10-03 17h26.00.612508 +0530,
50,c,158,2,39,c,1,0.5013123999960953,None,39,2,158,2,,,,,430.4620319999958,,430.44834639999317,431.44787540000107,431.44787540000107,431.44787540000107,431.44787540000107,431.44787540000107,432.4474976999918,432.4474976999918,432.4474976999918,432.9649989000027,c,1,0.5013123999960953,None,,,,,5,001,2025-10-03_17h25.47.437,Motor Sequence Learning Bhumika Bajaj AU2320057,,2025.1.1,59.8393910757107,2025-10-03 17h26.00.612508 +0530,
-150,z,159,3,39,z,1,0.5034360999998171,None,39,3,159,3,,,,,432.9801463999902,,432.9654543999932,433.9800588999933,433.9800588999933,433.9800588999933,433.9800588999933,433.9800588999933,434.9979700999975,434.9618053000013,434.9618053000013,435.4816950999957,z,1,0.5034360999998171,None,,,,,5,001,2025-10-03_17h25.47.437,Motor Sequence Learning Bhumika Bajaj AU2320057,,2025.1.1,59.8393910757107,2025-10-03 17h26.00.612508 +0530,
-50,x,160,0,40,x,1,0.41583680000621825,None,40,0,160,0,,,,,435.4963936999993,,435.48227579999366,436.4960274999903,436.4960274999903,436.4960274999903,436.4960274999903,436.4960274999903,437.4953337999905,437.4953337999905,437.4953337999905,437.91546879999805,x,1,0.41583680000621825,None,,,,,5,001,2025-10-03_17h25.47.437,Motor Sequence Learning Bhumika Bajaj AU2320057,,2025.1.1,59.8393910757107,2025-10-03 17h26.00.612508 +0530,
150,v,161,1,40,v,1,0.7669351999938954,None,40,1,161,1,,,,,437.93026019999525,,437.916006200001,438.93020779998915,438.93020779998915,438.93020779998915,438.93020779998915,438.93020779998915,439.9458162999945,439.9295514999976,439.9295514999976,440.7001884999918,v,1,0.7669351999938954,None,,,,,5,001,2025-10-03_17h25.47.437,Motor Sequence Learning Bhumika Bajaj AU2320057,,2025.1.1,59.8393910757107,2025-10-03 17h26.00.612508 +0530,
50,c,162,2,40,c,1,1.2291036999959033,None,40,2,162,2,,,,,440.7139080999914,,440.7007362000004,441.71339499999885,441.71339499999885,441.71339499999885,441.71339499999885,441.71339499999885,442.71315169999434,442.71315169999434,442.71315169999434,443.94690589999664,c,1,1.2291036999959033,None,,,,,5,001,2025-10-03_17h25.47.437,Motor Sequence Learning Bhumika Bajaj AU2320057,,2025.1.1,59.8393910757107,2025-10-03 17h26.00.612508 +0530,
-150,z,163,3,40,z,1,0.48342479999701027,None,40,3,163,3,,,,,443.9616735000018,,443.9473335999937,444.9467797999969,444.9467797999969,444.9467797999969,444.9467797999969,444.9467797999969,445.94718199998897,445.94718199998897,445.94718199998897,446.4487297000014,z,1,0.48342479999701027,None,,,,,5,001,2025-10-03_17h25.47.437,Motor Sequence Learning Bhumika Bajaj AU2320057,,2025.1.1,59.8393910757107,2025-10-03 17h26.00.612508 +0530,
-50,x,164,0,41,x,1,0.6071532999922056,None,41,0,164,0,,,,,446.46384349999425,,446.4492614999908,447.46485569998913,447.46485569998913,447.46485569998913,447.46485569998913,447.46485569998913,448.4804057000001,448.46410189999733,448.46410189999733,449.0809644999972,x,1,0.6071532999922056,None,,,,,5,001,2025-10-03_17h25.47.437,Motor Sequence Learning Bhumika Bajaj AU2320057,,2025.1.1,59.8393910757107,2025-10-03 17h26.00.612508 +0530,
150,v,165,1,41,v,1,0.4955074000026798,None,41,1,165,1,,,,,449.09756009999546,,449.0815101999906,450.09611829998903,450.09611829998903,450.09611829998903,450.09611829998903,450.09611829998903,451.09719439999026,451.08075819999794,451.08075819999794,451.581912499998,v,1,0.4955074000026798,None,,,,,5,001,2025-10-03_17h25.47.437,Motor Sequence Learning Bhumika Bajaj AU2320057,,2025.1.1,59.8393910757107,2025-10-03 17h26.00.612508 +0530,
50,c,166,2,41,z,0,0.2819439000013517,None,41,2,166,2,,,,,451.5985558999964,,451.58244299999205,452.597898299995,452.597898299995,452.597898299995,452.597898299995,452.597898299995,453.5984519999911,453.5984519999911,453.5984519999911,453.88225260000036,z,0,0.2819439000013517,None,,,,,5,001,2025-10-03_17h25.47.437,Motor Sequence Learning Bhumika Bajaj AU2320057,,2025.1.1,59.8393910757107,2025-10-03 17h26.00.612508 +0530,
-150,z,167,3,41,z,1,0.01105489999463316,None,41,3,167,3,,,,,453.89833359999466,,453.8827920999902,454.89654940000037,454.89654940000037,454.89654940000037,454.89654940000037,454.89654940000037,455.8970155999996,455.8970155999996,455.8970155999996,455.9142606999958,z,1,0.01105489999463316,None,,,,,5,001,2025-10-03_17h25.47.437,Motor Sequence Learning Bhumika Bajaj AU2320057,,2025.1.1,59.8393910757107,2025-10-03 17h26.00.612508 +0530,
-50,x,168,0,42,x,1,0.048108499991940334,None,42,0,168,0,,,,,455.92960329999914,,455.91463079999085,456.9148053999961,456.9148053999961,456.9148053999961,456.9148053999961,456.9148053999961,457.9302781000006,457.91326539999864,457.91326539999864,457.96375579999585,x,1,0.048108499991940334,None,,,,,5,001,2025-10-03_17h25.47.437,Motor Sequence Learning Bhumika Bajaj AU2320057,,2025.1.1,59.8393910757107,2025-10-03 17h26.00.612508 +0530,
150,v,169,1,42,x,0,0.36308930000814144,None,42,1,169,1,,,,,457.9789818999998,,457.9641868999897,458.96182689999114,458.96182689999114,458.96182689999114,458.96182689999114,458.96182689999114,459.9726459999947,459.9726459999947,459.9726459999947,460.33920239999134,x,0,0.36308930000814144,None,,,,,5,001,2025-10-03_17h25.47.437,Motor Sequence Learning Bhumika Bajaj AU2320057,,2025.1.1,59.8393910757107,2025-10-03 17h26.00.612508 +0530,
50,c,170,2,42,c,1,0.6533717999991495,None,42,2,170,2,,,,,460.3555772999971,,460.33973510000214,461.35268579999683,461.35268579999683,461.35268579999683,461.35268579999683,461.35268579999683,462.35538129998895,462.3384265999921,462.3384265999921,463.0062676999951,c,1,0.6533717999991495,None,,,,,5,001,2025-10-03_17h25.47.437,Motor Sequence Learning Bhumika Bajaj AU2320057,,2025.1.1,59.8393910757107,2025-10-03 17h26.00.612508 +0530,
-150,z,171,3,42,z,1,1.6949939999904018,None,42,3,171,3,,,,,463.02208899999096,,463.0067932999955,464.02192379999906,464.02192379999906,464.02192379999906,464.02192379999906,464.02192379999906,465.0220624999929,465.00550909999583,465.00550909999583,466.7059511999978,z,1,1.6949939999904018,None,,,,,5,001,2025-10-03_17h25.47.437,Motor Sequence Learning Bhumika Bajaj AU2320057,,2025.1.1,59.8393910757107,2025-10-03 17h26.00.612508 +0530,
-50,x,172,0,43,x,1,0.8975075000053039,None,43,0,172,0,,,,,466.7225795999984,,466.7064581000013,467.70547200000146,467.70547200000146,467.70547200000146,467.70547200000146,467.70547200000146,468.7087718999974,468.7087718999974,468.7087718999974,469.6236052000022,x,1,0.8975075000053039,None,,,,,5,001,2025-10-03_17h25.47.437,Motor Sequence Learning Bhumika Bajaj AU2320057,,2025.1.1,59.8393910757107,2025-10-03 17h26.00.612508 +0530,
150,v,173,1,43,v,1,0.6614414000068791,None,43,1,173,1,,,,,469.6388828999916,,469.6241471999965,470.6389801999903,470.6389801999903,470.6389801999903,470.6389801999903,470.6389801999903,471.6390071999922,471.6390071999922,471.6390071999922,472.3072000999964,v,1,0.6614414000068791,None,,,,,5,001,2025-10-03_17h25.47.437,Motor Sequence Learning Bhumika Bajaj AU2320057,,2025.1.1,59.8393910757107,2025-10-03 17h26.00.612508 +0530,
50,c,174,2,43,c,1,0.7900332999997772,None,43,2,174,2,,,,,472.3226760999969,,472.30774999999267,473.32180119999975,473.32180119999975,473.32180119999975,473.32180119999975,473.32180119999975,474.32214789999125,474.32214789999125,474.32214789999125,475.1227368999971,c,1,0.7900332999997772,None,,,,,5,001,2025-10-03_17h25.47.437,Motor Sequence Learning Bhumika Bajaj AU2320057,,2025.1.1,59.8393910757107,2025-10-03 17h26.00.612508 +0530,
-150,z,175,3,43,z,1,0.8493419000005815,None,43,3,175,3,,,,,475.13890959999117,,475.1232779999991,476.12193249999837,476.12193249999837,476.12193249999837,476.12193249999837,476.12193249999837,477.12183849999565,477.12183849999565,477.12183849999565,477.9737114000018,z,1,0.8493419000005815,None,,,,,5,001,2025-10-03_17h25.47.437,Motor Sequence Learning Bhumika Bajaj AU2320057,,2025.1.1,59.8393910757107,2025-10-03 17h26.00.612508 +0530,
-50,x,176,0,44,x,1,1.3456203999958234,None,44,0,176,0,,,,,477.9884913999995,,477.9742222999921,478.98894460000156,478.98894460000156,478.98894460000156,478.98894460000156,478.98894460000156,479.98841989999346,479.98841989999346,479.98841989999346,481.33903969998937,x,1,1.3456203999958234,None,,,,,5,001,2025-10-03_17h25.47.437,Motor Sequence Learning Bhumika Bajaj AU2320057,,2025.1.1,59.8393910757107,2025-10-03 17h26.00.612508 +0530,
150,v,177,1,44,v,1,1.241187899999204,None,44,1,177,1,,,,,481.3556660000031,,481.33957050000026,482.34198279998964,482.34198279998964,482.34198279998964,482.34198279998964,482.34198279998964,483.3557102999912,483.3557102999912,483.3557102999912,484.60563120000006,v,1,1.241187899999204,None,,,,,5,001,2025-10-03_17h25.47.437,Motor Sequence Learning Bhumika Bajaj AU2320057,,2025.1.1,59.8393910757107,2025-10-03 17h26.00.612508 +0530,
50,c,178,2,44,c,1,0.36289030000625644,None,44,2,178,2,,,,,484.6218566000025,,484.60614079999505,485.6091624999972,485.6091624999972,485.6091624999972,485.6091624999972,485.6091624999972,486.62189949999447,486.60546330000216,486.60546330000216,486.9749303999997,c,1,0.36289030000625644,None,,,,,5,001,2025-10-03_17h25.47.437,Motor Sequence Learning Bhumika Bajaj AU2320057,,2025.1.1,59.8393910757107,2025-10-03 17h26.00.612508 +0530,
-150,z,179,3,44,z,1,0.5294237999914913,None,44,3,179,3,,,,,486.991872899991,,486.9753977999935,487.9862540000031,487.9862540000031,487.9862540000031,487.9862540000031,487.9862540000031,488.9885168999899,488.9885168999899,488.9885168999899,489.52322289999574,z,1,0.5294237999914913,None,,,,,5,001,2025-10-03_17h25.47.437,Motor Sequence Learning Bhumika Bajaj AU2320057,,2025.1.1,59.8393910757107,2025-10-03 17h26.00.612508 +0530,
-50,x,180,0,45,x,1,0.843940200007637,None,45,0,180,0,,,,,489.5381153999915,,489.5237863999937,490.5377761999989,490.5377761999989,490.5377761999989,490.5377761999989,490.5377761999989,491.5394124000013,491.5394124000013,491.5394124000013,492.38877360000333,x,1,0.843940200007637,None,,,,,5,001,2025-10-03_17h25.47.437,Motor Sequence Learning Bhumika Bajaj AU2320057,,2025.1.1,59.8393910757107,2025-10-03 17h26.00.612508 +0530,
150,v,181,1,45,v,1,0.5163268999895081,None,45,1,181,1,,,,,492.40448430000106,,492.3892924999964,493.40273929999967,493.40273929999967,493.40273929999967,493.40273929999967,493.40273929999967,494.40522699999565,494.3888411999942,494.3888411999942,494.9069709999894,v,1,0.5163268999895081,None,,,,,5,001,2025-10-03_17h25.47.437,Motor Sequence Learning Bhumika Bajaj AU2320057,,2025.1.1,59.8393910757107,2025-10-03 17h26.00.612508 +0530,
50,c,182,2,45,c,1,0.47939449999830686,None,45,2,182,2,,,,,494.92209629999707,,494.90753949999635,495.909771199993,495.909771199993,495.909771199993,495.909771199993,495.909771199993,496.9220123999985,496.9220123999985,496.9220123999985,497.406445399989,c,1,0.47939449999830686,None,,,,,5,001,2025-10-03_17h25.47.437,Motor Sequence Learning Bhumika Bajaj AU2320057,,2025.1.1,59.8393910757107,2025-10-03 17h26.00.612508 +0530,
-150,z,183,3,45,z,1,1.0272614999994403,None,45,3,183,3,,,,,497.42143560000113,,497.40695560000313,498.42190010000195,498.42190010000195,498.42190010000195,498.42190010000195,498.42190010000195,499.4212633999996,499.4212633999996,499.4212633999996,500.45525030000135,z,1,1.0272614999994403,None,,,,,5,001,2025-10-03_17h25.47.437,Motor Sequence Learning Bhumika Bajaj AU2320057,,2025.1.1,59.8393910757107,2025-10-03 17h26.00.612508 +0530,
-50,x,184,0,46,x,1,0.4688709999900311,None,46,0,184,0,,,,,500.4697249000019,,500.45579399999406,501.4556237999932,501.4556237999932,501.4556237999932,501.4556237999932,501.4556237999932,502.4552757999918,502.4552757999918,502.4552757999918,502.938570600003,x,1,0.4688709999900311,None,,,,,5,001,2025-10-03_17h25.47.437,Motor Sequence Learning Bhumika Bajaj AU2320057,,2025.1.1,59.8393910757107,2025-10-03 17h26.00.612508 +0530,
150,v,185,1,46,v,1,0.9765116999915335,None,46,1,185,1,,,,,502.9553031999967,,502.93915469999774,503.9423226999934,503.9423226999934,503.9423226999934,503.9423226999934,503.9423226999934,504.953076699996,504.9380846999993,504.9380846999993,505.92268659999536,v,1,0.9765116999915335,None,,,,,5,001,2025-10-03_17h25.47.437,Motor Sequence Learning Bhumika Bajaj AU2320057,,2025.1.1,59.8393910757107,2025-10-03 17h26.00.612508 +0530,
50,c,186,2,46,c,1,0.6649595000053523,None,46,2,186,2,,,,,505.9385772999958,,505.92329439999594,506.92426479999267,506.92426479999267,506.92426479999267,506.92426479999267,506.92426479999267,507.93899959999544,507.92212049999216,507.92212049999216,508.58996599999955,c,1,0.6649595000053523,None,,,,,5,001,2025-10-03_17h25.47.437,Motor Sequence Learning Bhumika Bajaj AU2320057,,2025.1.1,59.8393910757107,2025-10-03 17h26.00.612508 +0530,
-150,z,187,3,46,z,1,0.49953680000908207,None,46,3,187,3,,,,,508.60528219999105,,508.59049349999987,509.60324159999436,509.60324159999436,509.60324159999436,509.60324159999436,509.60324159999436,510.6039010999957,510.6039010999957,510.6039010999957,511.10395759998937,z,1,0.49953680000908207,None,,,,,5,001,2025-10-03_17h25.47.437,Motor Sequence Learning Bhumika Bajaj AU2320057,,2025.1.1,59.8393910757107,2025-10-03 17h26.00.612508 +0530,
-50,x,188,0,47,x,1,0.5884831000003032,None,47,0,188,0,,,,,511.11083019999205,,511.10436630000186,512.103340200003,512.103340200003,512.103340200003,512.103340200003,512.103340200003,513.1052261000004,513.1052261000004,513.1052261000004,513.7060410999984,x,1,0.5884831000003032,None,,,,,5,001,2025-10-03_17h25.47.437,Motor Sequence Learning Bhumika Bajaj AU2320057,,2025.1.1,59.8393910757107,2025-10-03 17h26.00.612508 +0530,
150,v,189,1,47,v,1,0.7906293999985792,None,47,1,189,1,,,,,513.7216645000008,,513.7065909999947,514.7062759999972,514.7062759999972,514.7062759999972,514.7062759999972,514.7062759999972,515.7046222999925,515.7046222999925,515.7046222999925,516.5036789000005,v,1,0.7906293999985792,None,,,,,5,001,2025-10-03_17h25.47.437,Motor Sequence Learning Bhumika Bajaj AU2320057,,2025.1.1,59.8393910757107,2025-10-03 17h26.00.612508 +0530,
50,c,190,2,47,x,0,0.4891041000082623,None,47,2,190,2,,,,,516.5197180999967,,516.5041941999953,517.5027186999941,517.5027186999941,517.5027186999941,517.5027186999941,517.5027186999941,518.5050873,518.5205977000005,518.5205977000005,519.0224499999895,x,0,0.4891041000082623,None,,,,,5,001,2025-10-03_17h25.47.437,Motor Sequence Learning Bhumika Bajaj AU2320057,,2025.1.1,59.8393910757107,2025-10-03 17h26.00.612508 +0530,
-150,z,191,3,47,c,0,0.1929904999997234,None,47,3,191,3,,,,,519.039082000003,,519.0228298000002,520.0195053999923,520.0195053999923,520.0195053999923,520.0195053999923,520.0195053999923,521.0209253999928,521.0377522999916,521.0377522999916,521.2398612999968,c,0,0.1929904999997234,None,,,,,5,001,2025-10-03_17h25.47.437,Motor Sequence Learning Bhumika Bajaj AU2320057,,2025.1.1,59.8393910757107,2025-10-03 17h26.00.612508 +0530,
-50,x,192,0,48,c,0,0.5623953000031179,None,48,0,192,0,,,,,521.2545608999935,,521.2402510999964,522.2547429999977,522.2547429999977,522.2547429999977,522.2547429999977,522.2547429999977,523.2545109999919,523.2545109999919,523.2545109999919,523.8222286999953,c,0,0.5623953000031179,None,,,,,5,001,2025-10-03_17h25.47.437,Motor Sequence Learning Bhumika Bajaj AU2320057,,2025.1.1,59.8393910757107,2025-10-03 17h26.00.612508 +0530,
150,v,193,1,48,c,0,0.6578878000000259,None,48,1,193,1,,,,,523.8389014999993,,523.8228441999963,524.8362365999928,524.8362365999928,524.8362365999928,524.8362365999928,524.8362365999928,525.8386238999956,525.8386238999956,525.8386238999956,526.5040191000007,c,0,0.6578878000000259,None,,,,,5,001,2025-10-03_17h25.47.437,Motor Sequence Learning Bhumika Bajaj AU2320057,,2025.1.1,59.8393910757107,2025-10-03 17h26.00.612508 +0530,
50,c,194,2,48,c,1,1.0111191000032704,None,48,2,194,2,,,,,526.5204854999902,,526.5046059000015,527.5055801999988,527.5055801999988,527.5055801999988,527.5055801999988,527.5055801999988,528.505153399994,528.505153399994,528.505153399994,529.522487299997,c,1,1.0111191000032704,None,,,,,5,001,2025-10-03_17h25.47.437,Motor Sequence Learning Bhumika Bajaj AU2320057,,2025.1.1,59.8393910757107,2025-10-03 17h26.00.612508 +0530,
-150,z,195,3,48,z,1,1.1988356999936514,None,48,3,195,3,,,,,529.5381993999908,,529.523099699989,530.5364355999918,530.5364355999918,530.5364355999918,530.5364355999918,530.5364355999918,531.5388527999894,531.5220801999967,531.5220801999967,532.7235435999901,z,1,1.1988356999936514,None,,,,,5,001,2025-10-03_17h25.47.437,Motor Sequence Learning Bhumika Bajaj AU2320057,,2025.1.1,59.8393910757107,2025-10-03 17h26.00.612508 +0530,
-50,x,196,0,49,x,1,0.6081981000024825,None,49,0,196,0,,,,,532.7383896999963,,532.7243555000023,533.7392116999981,533.7392116999981,533.7392116999981,533.7392116999981,533.7392116999981,534.736923599994,534.736923599994,534.736923599994,535.3544309999997,x,1,0.6081981000024825,None,,,,,5,001,2025-10-03_17h25.47.437,Motor Sequence Learning Bhumika Bajaj AU2320057,,2025.1.1,59.8393910757107,2025-10-03 17h26.00.612508 +0530,
150,v,197,1,49,x,0,0.6028727999946568,None,49,1,197,1,,,,,535.3706911999907,,535.3548555000016,536.3553030999901,536.3553030999901,536.3553030999901,536.3553030999901,536.3553030999901,537.3714180999959,537.3552524999977,537.3552524999977,537.9696232999995,x,0,0.6028727999946568,None,,,,,5,001,2025-10-03_17h25.47.437,Motor Sequence Learning Bhumika Bajaj AU2320057,,2025.1.1,59.8393910757107,2025-10-03 17h26.00.612508 +0530,
50,c,198,2,49,x,0,0.8751612000050955,None,49,2,198,2,,,,,537.9866312999948,,537.9700137999898,538.9718349000032,538.9718349000032,538.9718349000032,538.9718349000032,538.9718349000032,539.9715002000012,539.9715002000012,539.9715002000012,540.8549278999999,x,0,0.8751612000050955,None,,,,,5,001,2025-10-03_17h25.47.437,Motor Sequence Learning Bhumika Bajaj AU2320057,,2025.1.1,59.8393910757107,2025-10-03 17h26.00.612508 +0530,
-150,z,199,3,49,c,0,0.2398174999980256,None,49,3,199,3,,,,,540.8694052999926,,540.8553807999997,541.8548912999977,541.8548912999977,541.8548912999977,541.8548912999977,541.8548912999977,542.8547524000023,542.8547524000023,542.8547524000023,543.1045382000011,c,0,0.2398174999980256,None,,,,,5,001,2025-10-03_17h25.47.437,Motor Sequence Learning Bhumika Bajaj AU2320057,,2025.1.1,59.8393910757107,2025-10-03 17h26.00.612508 +0530,
-50,x,0,0,0,c,0,0.05774750000273343,None,,,,,0,0,0,0,543.1355355999985,,543.1200983000017,544.1192194000032,544.1192194000032,544.1192194000032,544.1192194000032,544.1192194000032,545.1225714000029,545.1225714000029,545.1225714000029,545.1891441999906,,,,,c,0,0.05774750000273343,None,5,001,2025-10-03_17h25.47.437,Motor Sequence Learning Bhumika Bajaj AU2320057,,2025.1.1,59.8393910757107,2025-10-03 17h26.00.612508 +0530,
50,c,1,1,0,c,1,2.6553979000018444,None,,,,,0,1,1,2,545.204061899989,,545.1897637999937,546.1884400999988,546.1884400999988,546.1884400999988,546.1884400999988,546.1884400999988,547.1887073999969,547.2046464000014,547.2046464000014,549.8720160999947,,,,,c,1,2.6553979000018444,None,5,001,2025-10-03_17h25.47.437,Motor Sequence Learning Bhumika Bajaj AU2320057,,2025.1.1,59.8393910757107,2025-10-03 17h26.00.612508 +0530,
150,v,2,2,0,c,0,1.6185966999910306,None,,,,,0,2,2,1,549.8866901000001,,549.8726561999938,550.8716557000007,550.8716557000007,550.8716557000007,550.8716557000007,550.8716557000007,551.8858271999925,551.8858271999925,551.8858271999925,553.5061560000031,,,,,c,0,1.6185966999910306,None,5,001,2025-10-03_17h25.47.437,Motor Sequence Learning Bhumika Bajaj AU2320057,,2025.1.1,59.8393910757107,2025-10-03 17h26.00.612508 +0530,
-50,x,3,3,1,c,0,1.5410574999987148,None,,,,,1,3,3,0,553.5216144000005,,553.5066873999895,554.5055604999943,554.5055604999943,554.5055604999943,554.5055604999943,554.5055604999943,555.5046836999973,555.5211780999962,555.5211780999962,557.0727943999955,,,,,c,0,1.5410574999987148,None,5,001,2025-10-03_17h25.47.437,Motor Sequence Learning Bhumika Bajaj AU2320057,,2025.1.1,59.8393910757107,2025-10-03 17h26.00.612508 +0530,
-50,x,4,4,2,c,0,0.09407549999014009,None,,,,,2,4,4,0,557.0876423000009,,557.0734248999943,558.0879179999902,558.0879179999902,558.0879179999902,558.0879179999902,558.0879179999902,559.0869183000032,559.0869183000032,559.0869183000032,559.1896839999972,,,,,c,0,0.09407549999014009,None,5,001,2025-10-03_17h25.47.437,Motor Sequence Learning Bhumika Bajaj AU2320057,,2025.1.1,59.8393910757107,2025-10-03 17h26.00.612508 +0530,
150,v,5,5,1,c,0,0.016900099988561124,None,,,,,1,5,5,1,559.2045818999904,,559.1903919000033,560.203202299992,560.203202299992,560.203202299992,560.203202299992,560.203202299992,561.202741999994,561.202741999994,561.202741999994,561.2358153999958,,,,,c,0,0.016900099988561124,None,5,001,2025-10-03_17h25.47.437,Motor Sequence Learning Bhumika Bajaj AU2320057,,2025.1.1,59.8393910757107,2025-10-03 17h26.00.612508 +0530,
-50,x,6,6,3,x,1,0.6068287000089185,None,,,,,3,6,6,0,561.2547855000012,,561.2362845000025,562.2381488999963,562.2381488999963,562.2381488999963,562.2381488999963,562.2381488999963,563.2374602999917,563.2374602999917,563.2374602999917,563.8553340999933,,,,,x,1,0.6068287000089185,None,5,001,2025-10-03_17h25.47.437,Motor Sequence Learning Bhumika Bajaj AU2320057,,2025.1.1,59.8393910757107,2025-10-03 17h26.00.612508 +0530,
150,v,7,7,2,v,1,2.605922000002465,None,,,,,2,7,7,1,563.8708823999914,,563.8558859999903,564.8549905999971,564.8549905999971,564.8549905999971,564.8549905999971,564.8549905999971,565.8546834000008,565.8713356999942,565.8713356999942,568.4898018999957,,,,,v,1,2.605922000002465,None,5,001,2025-10-03_17h25.47.437,Motor Sequence Learning Bhumika Bajaj AU2320057,,2025.1.1,59.8393910757107,2025-10-03 17h26.00.612508 +0530,
-50,x,8,8,4,x,1,0.8040012000128627,None,,,,,4,8,8,0,568.5042133999959,,568.4907374999893,569.484976199994,569.484976199994,569.484976199994,569.484976199994,569.484976199994,570.4884470999968,570.5049853999953,570.5049853999953,571.3214746000012,,,,,x,1,0.8040012000128627,None,5,001,2025-10-03_17h25.47.437,Motor Sequence Learning Bhumika Bajaj AU2320057,,2025.1.1,59.8393910757107,2025-10-03 17h26.00.612508 +0530,
-50,x,9,9,5,x,1,0.45186269999248907,None,,,,,5,9,9,0,571.3381804999954,,571.3219972999941,572.3208096000017,572.3208096000017,572.3208096000017,572.3208096000017,572.3208096000017,573.3207650999975,573.3207650999975,573.3207650999975,573.7879949999915,,,,,x,1,0.45186269999248907,None,5,001,2025-10-03_17h25.47.437,Motor Sequence Learning Bhumika Bajaj AU2320057,,2025.1.1,59.8393910757107,2025-10-03 17h26.00.612508 +0530,
-150,z,10,10,0,x,0,0.9206965999910608,None,,,,,0,10,10,3,573.8047686999926,,573.7885551999934,574.7874216999917,574.7874216999917,574.7874216999917,574.7874216999917,574.7874216999917,575.7937540999992,575.7937540999992,575.7937540999992,576.7301391999936,,,,,x,0,0.9206965999910608,None,5,001,2025-10-03_17h25.47.437,Motor Sequence Learning Bhumika Bajaj AU2320057,,2025.1.1,59.8393910757107,2025-10-03 17h26.00.612508 +0530,
150,v,11,11,3,v,1,0.533968299991102,None,,,,,3,11,11,1,576.7456849000009,,576.730594099994,577.746853699995,577.746853699995,577.746853699995,577.746853699995,577.746853699995,578.762599499998,578.7457632000005,578.7457632000005,579.2806909999927,,,,,v,1,0.533968299991102,None,5,001,2025-10-03_17h25.47.437,Motor Sequence Learning Bhumika Bajaj AU2320057,,2025.1.1,59.8393910757107,2025-10-03 17h26.00.612508 +0530,
50,c,12,12,1,c,1,1.063287600001786,None,,,,,1,12,12,2,579.2948247000022,,579.2811253999971,580.2965828000015,580.2965828000015,580.2965828000015,580.2965828000015,580.2965828000015,581.3108006999973,581.2948923999938,581.2948923999938,582.3631789999927,,,,,c,1,1.063287600001786,None,5,001,2025-10-03_17h25.47.437,Motor Sequence Learning Bhumika Bajaj AU2320057,,2025.1.1,59.8393910757107,2025-10-03 17h26.00.612508 +0530,
150,v,13,13,4,v,1,0.6336919000023045,None,,,,,4,13,13,1,582.380338899995,,582.3635455999902,583.3633036999963,583.3633036999963,583.3633036999963,583.3633036999963,583.3633036999963,584.3792334000027,584.3792334000027,584.3792334000027,585.0136025999964,,,,,v,1,0.6336919000023045,None,5,001,2025-10-03_17h25.47.437,Motor Sequence Learning Bhumika Bajaj AU2320057,,2025.1.1,59.8393910757107,2025-10-03 17h26.00.612508 +0530,
-50,x,14,14,6,x,1,0.4976898000022629,None,,,,,6,14,14,0,585.0292900999921,,585.014125799993,586.0137427000009,586.0137427000009,586.0137427000009,586.0137427000009,586.0137427000009,587.0289792999974,587.0289792999974,587.0289792999974,587.5302528999891,,,,,x,1,0.4976898000022629,None,5,001,2025-10-03_17h25.47.437,Motor Sequence Learning Bhumika Bajaj AU2320057,,2025.1.1,59.8393910757107,2025-10-03 17h26.00.612508 +0530,
150,v,15,15,5,v,1,0.6966110000066692,None,,,,,5,15,15,1,587.5463745000015,,587.5306814999931,588.5473047999985,588.5473047999985,588.5473047999985,588.5473047999985,588.5473047999985,589.5625354999938,589.5455627999909,589.5455627999909,590.246498499997,,,,,v,1,0.6966110000066692,None,5,001,2025-10-03_17h25.47.437,Motor Sequence Learning Bhumika Bajaj AU2320057,,2025.1.1,59.8393910757107,2025-10-03 17h26.00.612508 +0530,
150,v,16,16,6,v,1,0.5103322999930242,None,,,,,6,16,16,1,590.2622762999963,,590.2470655999932,591.2625257999898,591.2625257999898,591.2625257999898,591.2625257999898,591.2625257999898,592.2778723999945,592.2603760999918,592.2603760999918,592.7789903999947,,,,,v,1,0.5103322999930242,None,5,001,2025-10-03_17h25.47.437,Motor Sequence Learning Bhumika Bajaj AU2320057,,2025.1.1,59.8393910757107,2025-10-03 17h26.00.612508 +0530,
-50,x,17,17,7,x,1,0.5519243000017013,None,,,,,7,17,17,0,592.7960346999898,,592.7793415999913,593.7793873999908,593.7793873999908,593.7793873999908,593.7793873999908,593.7793873999908,594.7791961999901,594.7791961999901,594.7791961999901,595.3467386999982,,,,,x,1,0.5519243000017013,None,5,001,2025-10-03_17h25.47.437,Motor Sequence Learning Bhumika Bajaj AU2320057,,2025.1.1,59.8393910757107,2025-10-03 17h26.00.612508 +0530,
150,v,18,18,7,v,1,0.5522454000019934,None,,,,,7,18,18,1,595.3627462000004,,595.3474499000004,596.3603500000027,596.3603500000027,596.3603500000027,596.3603500000027,596.3603500000027,597.3632125000004,597.3459908999939,597.3459908999939,597.9133208999992,,,,,v,1,0.5522454000019934,None,5,001,2025-10-03_17h25.47.437,Motor Sequence Learning Bhumika Bajaj AU2320057,,2025.1.1,59.8393910757107,2025-10-03 17h26.00.612508 +0530,
150,v,19,19,8,v,1,0.700665200012736,None,,,,,8,19,19,1,597.929037599999,,597.9138491999911,598.928233899991,598.928233899991,598.928233899991,598.928233899991,598.928233899991,599.9300816000032,599.9123831000034,599.9123831000034,600.6318881999905,,,,,v,1,0.700665200012736,None,5,001,2025-10-03_17h25.47.437,Motor Sequence Learning Bhumika Bajaj AU2320057,,2025.1.1,59.8393910757107,2025-10-03 17h26.00.612508 +0530,
-50,x,20,20,8,x,1,0.6128054000000702,None,,,,,8,20,20,0,600.6464409999899,,600.6324368999922,601.6454450000019,601.6454450000019,601.6454450000019,601.6454450000019,601.6454450000019,602.6453442999918,602.6453442999918,602.6453442999918,603.2634778999927,,,,,x,1,0.6128054000000702,None,5,001,2025-10-03_17h25.47.437,Motor Sequence Learning Bhumika Bajaj AU2320057,,2025.1.1,59.8393910757107,2025-10-03 17h26.00.612508 +0530,
-50,x,21,21,9,x,1,0.9177784000057727,None,,,,,9,21,21,0,603.2784025000001,,603.2640986999904,604.2626710999903,604.2626710999903,604.2626710999903,604.2626710999903,604.2626710999903,605.263168999998,605.279723899992,605.279723899992,606.2111390999926,,,,,x,1,0.9177784000057727,None,5,001,2025-10-03_17h25.47.437,Motor Sequence Learning Bhumika Bajaj AU2320057,,2025.1.1,59.8393910757107,2025-10-03 17h26.00.612508 +0530,
-50,x,22,22,10,x,1,1.1021700999990571,None,,,,,10,22,22,0,606.2269015999918,,606.2116278999893,607.2126203999942,607.2126203999942,607.2126203999942,607.2126203999942,607.2126203999942,608.2165861999965,608.2165861999965,608.2165861999965,609.3318910999951,,,,,x,1,1.1021700999990571,None,5,001,2025-10-03_17h25.47.437,Motor Sequence Learning Bhumika Bajaj AU2320057,,2025.1.1,59.8393910757107,2025-10-03 17h26.00.612508 +0530,
-150,z,23,23,1,z,1,1.2371221000066726,None,,,,,1,23,23,3,609.3470682999905,,609.332604700001,610.3438218999945,610.3438218999945,610.3438218999945,610.3438218999945,610.3438218999945,611.3355459000013,611.3265658000018,611.3265658000018,612.5791654999921,,,,,z,1,1.2371221000066726,None,5,001,2025-10-03_17h25.47.437,Motor Sequence Learning Bhumika Bajaj AU2320057,,2025.1.1,59.8393910757107,2025-10-03 17h26.00.612508 +0530,
-50,x,24,24,11,x,1,0.7872172000061255,None,,,,,11,24,24,0,612.5950162999943,,612.579705199998,613.5800441000029,613.5800441000029,613.5800441000029,613.5800441000029,613.5800441000029,614.5957893000013,614.577667199992,614.577667199992,615.3803660999984,,,,,x,1,0.7872172000061255,None,5,001,2025-10-03_17h25.47.437,Motor Sequence Learning Bhumika Bajaj AU2320057,,2025.1.1,59.8393910757107,2025-10-03 17h26.00.612508 +0530,
50,c,25,25,2,c,1,0.5963419999898179,None,,,,,2,25,25,2,615.3958273000026,,615.3809245000011,616.3964377999946,616.3964377999946,616.3964377999946,616.3964377999946,616.3964377999946,617.3952621999924,617.3952621999924,617.3952621999924,617.9979254999926,,,,,c,1,0.5963419999898179,None,5,001,2025-10-03_17h25.47.437,Motor Sequence Learning Bhumika Bajaj AU2320057,,2025.1.1,59.8393910757107,2025-10-03 17h26.00.612508 +0530,
-150,z,26,26,2,c,0,0.8587567999929888,None,,,,,2,26,26,3,618.0137031999911,,617.9984745999973,619.0121377999894,619.0121377999894,619.0121377999894,619.0121377999894,619.0121377999894,620.0124884999968,620.0124884999968,620.0124884999968,620.879823700001,,,,,c,0,0.8587567999929888,None,5,001,2025-10-03_17h25.47.437,Motor Sequence Learning Bhumika Bajaj AU2320057,,2025.1.1,59.8393910757107,2025-10-03 17h26.00.612508 +0530,
50,c,27,27,3,c,1,0.7155724999902304,None,,,,,3,27,27,2,620.8954612999951,,620.8803390999965,621.8786781999952,621.8786781999952,621.8786781999952,621.8786781999952,621.8786781999952,622.8813976999954,622.8813976999954,622.8813976999954,623.6139576999994,,,,,c,1,0.7155724999902304,None,5,001,2025-10-03_17h25.47.437,Motor Sequence Learning Bhumika Bajaj AU2320057,,2025.1.1,59.8393910757107,2025-10-03 17h26.00.612508 +0530,
50,c,28,28,4,c,1,0.49560829999973066,None,,,,,4,28,28,2,623.6292474999937,,623.614556799992,624.630513199998,624.630513199998,624.630513199998,624.630513199998,624.630513199998,625.6453564999974,625.6264181000006,625.6264181000006,626.1314971999964,,,,,c,1,0.49560829999973066,None,5,001,2025-10-03_17h25.47.437,Motor Sequence Learning Bhumika Bajaj AU2320057,,2025.1.1,59.8393910757107,2025-10-03 17h26.00.612508 +0530,
50,c,29,29,5,c,1,0.5035284000041429,None,,,,,5,29,29,2,626.1446009999927,,626.1319261999888,627.1447250999918,627.1447250999918,627.1447250999918,627.1447250999918,627.1447250999918,628.146405499996,628.146405499996,628.146405499996,628.6636142999923,,,,,c,1,0.5035284000041429,None,5,001,2025-10-03_17h25.47.437,Motor Sequence Learning Bhumika Bajaj AU2320057,,2025.1.1,59.8393910757107,2025-10-03 17h26.00.612508 +0530,
-50,x,30,30,12,x,1,0.4015784000075655,None,,,,,12,30,30,0,628.6798065999901,,628.6641247999942,629.6621124999947,629.6621124999947,629.6621124999947,629.6621124999947,629.6621124999947,630.6601293999993,630.6780184999952,630.6780184999952,631.0979052999901,,,,,x,1,0.4015784000075655,None,5,001,2025-10-03_17h25.47.437,Motor Sequence Learning Bhumika Bajaj AU2320057,,2025.1.1,59.8393910757107,2025-10-03 17h26.00.612508 +0530,
150,v,31,31,9,v,1,0.8110231000027852,None,,,,,9,31,31,1,631.1127853999933,,631.0984285000013,632.0956543999928,632.0956543999928,632.0956543999928,632.0956543999928,632.0956543999928,633.0963195999939,633.1126670999947,633.1126670999947,633.9287259999983,,,,,v,1,0.8110231000027852,None,5,001,2025-10-03_17h25.47.437,Motor Sequence Learning Bhumika Bajaj AU2320057,,2025.1.1,59.8393910757107,2025-10-03 17h26.00.612508 +0530,
-150,z,32,32,3,z,1,0.45464920000813436,None,,,,,3,32,32,3,633.9448061000003,,633.9290975999902,634.9283067999932,634.9283067999932,634.9283067999932,634.9283067999932,634.9283067999932,635.9293381000025,635.9293381000025,635.9293381000025,636.3949625999958,,,,,z,1,0.45464920000813436,None,5,001,2025-10-03_17h25.47.437,Motor Sequence Learning Bhumika Bajaj AU2320057,,2025.1.1,59.8393910757107,2025-10-03 17h26.00.612508 +0530,
-50,x,33,33,13,x,1,0.6376828000065871,None,,,,,13,33,33,0,636.4127321999986,,636.3954501999979,637.3964978000004,637.3964978000004,637.3964978000004,637.3964978000004,637.3964978000004,638.412116099993,638.3951537999965,638.3951537999965,639.0468729999993,,,,,x,1,0.6376828000065871,None,5,001,2025-10-03_17h25.47.437,Motor Sequence Learning Bhumika Bajaj AU2320057,,2025.1.1,59.8393910757107,2025-10-03 17h26.00.612508 +0530,
150,v,34,34,10,v,1,0.7198474000033457,None,,,,,10,34,34,1,639.0624941999995,,639.0474219000025,640.0624074999942,640.0624074999942,640.0624074999942,640.0624074999942,640.0624074999942,641.0781165999942,641.0615347999992,641.0615347999992,641.7971469999902,,,,,v,1,0.7198474000033457,None,5,001,2025-10-03_17h25.47.437,Motor Sequence Learning Bhumika Bajaj AU2320057,,2025.1.1,59.8393910757107,2025-10-03 17h26.00.612508 +0530,
50,c,35,35,6,c,1,0.5396113000024343,None,,,,,6,35,35,2,641.8116020000016,,641.7976011999999,642.8113930999971,642.8113930999971,642.8113930999971,642.8113930999971,642.8113930999971,643.8127792000014,643.8127792000014,643.8127792000014,644.3630145999923,,,,,c,1,0.5396113000024343,None,5,001,2025-10-03_17h25.47.437,Motor Sequence Learning Bhumika Bajaj AU2320057,,2025.1.1,59.8393910757107,2025-10-03 17h26.00.612508 +0530,
-50,x,36,36,14,x,1,0.5023209000064526,None,,,,,14,36,36,0,644.3794030999998,,644.3635713999975,645.3783938999986,645.3783938999986,645.3783938999986,645.3783938999986,645.3783938999986,646.395786299996,646.3792541000003,646.3792541000003,646.8960221000016,,,,,x,1,0.5023209000064526,None,5,001,2025-10-03_17h25.47.437,Motor Sequence Learning Bhumika Bajaj AU2320057,,2025.1.1,59.8393910757107,2025-10-03 17h26.00.612508 +0530,
-50,x,37,37,15,x,1,0.7599942999950144,None,,,,,15,37,37,0,646.9118785000028,,646.8964357999939,647.9102836999955,647.9102836999955,647.9102836999955,647.9102836999955,647.9102836999955,648.9116108000017,648.8953935000027,648.8953935000027,649.6622432000004,,,,,x,1,0.7599942999950144,None,5,001,2025-10-03_17h25.47.437,Motor Sequence Learning Bhumika Bajaj AU2320057,,2025.1.1,59.8393910757107,2025-10-03 17h26.00.612508 +0530,
50,c,38,38,7,c,1,0.5757102000061423,None,,,,,7,38,38,2,649.6796082999936,,649.6626208999951,650.6618332999933,650.6618332999933,650.6618332999933,650.6618332999933,650.6618332999933,651.6618770999921,651.6618770999921,651.6618770999921,652.2468111999915,,,,,c,1,0.5757102000061423,None,5,001,2025-10-03_17h25.47.437,Motor Sequence Learning Bhumika Bajaj AU2320057,,2025.1.1,59.8393910757107,2025-10-03 17h26.00.612508 +0530,
150,v,39,39,11,c,0,1.3573499000049196,None,,,,,11,39,39,1,652.2620753999945,,652.2473451999977,653.2602899999911,653.2602899999911,653.2602899999911,653.2602899999911,653.2602899999911,654.262303999989,654.262303999989,654.262303999989,655.6293905999919,,,,,c,0,1.3573499000049196,None,5,001,2025-10-03_17h25.47.437,Motor Sequence Learning Bhumika Bajaj AU2320057,,2025.1.1,59.8393910757107,2025-10-03 17h26.00.612508 +0530,
-50,x,40,40,16,x,1,0.7331224999943515,None,,,,,16,40,40,0,655.6459601999959,,655.6299329999893,656.6280529999931,656.6280529999931,656.6280529999931,656.6280529999931,656.6280529999931,657.6450781000021,657.6450781000021,657.6450781000021,658.3811115999997,,,,,x,1,0.7331224999943515,None,5,001,2025-10-03_17h25.47.437,Motor Sequence Learning Bhumika Bajaj AU2320057,,2025.1.1,59.8393910757107,2025-10-03 17h26.00.612508 +0530,
50,c,41,41,8,c,1,8.45869820000371,None,,,,,8,41,41,2,658.3955381999986,,658.3818358999997,659.3934174000024,659.3934174000024,659.3934174000024,659.3934174000024,659.3934174000024,660.3964495999971,660.3964495999971,660.3964495999971,668.8629967000015,,,,,c,1,8.45869820000371,None,5,001,2025-10-03_17h25.47.437,Motor Sequence Learning Bhumika Bajaj AU2320057,,2025.1.1,59.8393910757107,2025-10-03 17h26.00.612508 +0530,
150,v,42,42,12,c,0,3.5775654000026407,None,,,,,12,42,42,1,668.8788572999911,,668.8637030999962,669.862109099995,669.862109099995,669.862109099995,669.862109099995,669.862109099995,670.8607416000013,670.8786856999941,670.8786856999941,674.4627964999963,,,,,c,0,3.5775654000026407,None,5,001,2025-10-03_17h25.47.437,Motor Sequence Learning Bhumika Bajaj AU2320057,,2025.1.1,59.8393910757107,2025-10-03 17h26.00.612508 +0530,
-150,z,43,43,4,z,1,0.7233744999975897,None,,,,,4,43,43,3,674.4786712999921,,674.4633281999995,675.4617381999997,675.4617381999997,675.4617381999997,675.4617381999997,675.4617381999997,676.4613496999955,676.4613496999955,676.4613496999955,677.1938938999956,,,,,z,1,0.7233744999975897,None,5,001,2025-10-03_17h25.47.437,Motor Sequence Learning Bhumika Bajaj AU2320057,,2025.1.1,59.8393910757107,2025-10-03 17h26.00.612508 +0530,
150,v,44,44,13,v,1,0.5667613999976311,None,,,,,13,44,44,1,677.2098548999929,,677.1944491999893,678.1950702999893,678.1950702999893,678.1950702999893,678.1950702999893,678.1950702999893,679.195246599993,679.195246599993,679.195246599993,679.7630677999987,,,,,v,1,0.5667613999976311,None,5,001,2025-10-03_17h25.47.437,Motor Sequence Learning Bhumika Bajaj AU2320057,,2025.1.1,59.8393910757107,2025-10-03 17h26.00.612508 +0530,
-50,x,45,45,17,x,1,0.5570020000013756,None,,,,,17,45,45,0,679.778270099996,,679.7635998999904,680.7785501999897,680.7785501999897,680.7785501999897,680.7785501999897,680.7785501999897,681.7788755999936,681.7788755999936,681.7788755999936,682.3457192999922,,,,,x,1,0.5570020000013756,None,5,001,2025-10-03_17h25.47.437,Motor Sequence Learning Bhumika Bajaj AU2320057,,2025.1.1,59.8393910757107,2025-10-03 17h26.00.612508 +0530,
-150,z,46,46,5,z,1,1.1148690999980317,None,,,,,5,46,46,3,682.3601753999974,,682.3461791000009,683.3451193999936,683.3451193999936,683.3451193999936,683.3451193999936,683.3451193999936,684.353463099993,684.353463099993,684.353463099993,685.4788280999928,,,,,z,1,1.1148690999980317,None,5,001,2025-10-03_17h25.47.437,Motor Sequence Learning Bhumika Bajaj AU2320057,,2025.1.1,59.8393910757107,2025-10-03 17h26.00.612508 +0530,
-150,z,47,47,6,z,1,0.348200899999938,None,,,,,6,47,47,3,685.4933650000021,,685.4792774999951,686.4792260999966,686.4792260999966,686.4792260999966,686.4792260999966,686.4792260999966,687.4783315999957,687.4783315999957,687.4783315999957,687.8294404999906,,,,,z,1,0.348200899999938,None,5,001,2025-10-03_17h25.47.437,Motor Sequence Learning Bhumika Bajaj AU2320057,,2025.1.1,59.8393910757107,2025-10-03 17h26.00.612508 +0530,
-150,z,48,48,7,z,1,0.4136559999897145,None,,,,,7,48,48,3,687.8441100999917,,687.8298352999991,688.8289287999942,688.8289287999942,688.8289287999942,688.8289287999942,688.8289287999942,689.8282690999913,689.8424891000031,689.8424891000031,690.2622588999948,,,,,z,1,0.4136559999897145,None,5,001,2025-10-03_17h25.47.437,Motor Sequence Learning Bhumika Bajaj AU2320057,,2025.1.1,59.8393910757107,2025-10-03 17h26.00.612508 +0530,
-150,z,49,49,8,z,1,0.38822269999946,None,,,,,8,49,49,3,690.2789684000018,,690.2628318999923,691.2616928999923,691.2616928999923,691.2616928999923,691.2616928999923,691.2616928999923,692.2788776999951,692.2788776999951,692.2788776999951,692.6769144999998,,,,,z,1,0.38822269999946,None,5,001,2025-10-03_17h25.47.437,Motor Sequence Learning Bhumika Bajaj AU2320057,,2025.1.1,59.8393910757107,2025-10-03 17h26.00.612508 +0530,
50,c,50,50,9,c,1,1.5197722000011709,None,,,,,9,50,50,2,692.6948097999993,,692.6773957999976,693.678399299999,693.678399299999,693.678399299999,693.678399299999,693.678399299999,694.677867499995,694.677867499995,694.677867499995,696.2124380000023,,,,,c,1,1.5197722000011709,None,5,001,2025-10-03_17h25.47.437,Motor Sequence Learning Bhumika Bajaj AU2320057,,2025.1.1,59.8393910757107,2025-10-03 17h26.00.612508 +0530,
150,v,51,51,14,v,1,0.6647296000010101,None,,,,,14,51,51,1,696.2282588999951,,696.212978399999,697.2112252999941,697.2112252999941,697.2112252999941,697.2112252999941,697.2112252999941,698.2118558999937,698.2279434999946,698.2279434999946,698.8952990999969,,,,,v,1,0.6647296000010101,None,5,001,2025-10-03_17h25.47.437,Motor Sequence Learning Bhumika Bajaj AU2320057,,2025.1.1,59.8393910757107,2025-10-03 17h26.00.612508 +0530,
150,v,52,52,15,v,1,0.8031864000076894,None,,,,,15,52,52,1,698.91152899999,,698.8960520999972,699.8953346999915,699.8953346999915,699.8953346999915,699.8953346999915,699.8953346999915,700.9094752999954,700.9094752999954,700.9094752999954,701.7210338000004,,,,,v,1,0.8031864000076894,None,5,001,2025-10-03_17h25.47.437,Motor Sequence Learning Bhumika Bajaj AU2320057,,2025.1.1,59.8393910757107,2025-10-03 17h26.00.612508 +0530,
-150,z,53,53,9,z,1,0.6039687000011327,None,,,,,9,53,53,3,701.736330499989,,701.7214074999938,702.7371691000008,702.7371691000008,702.7371691000008,702.7371691000008,702.7371691000008,703.736999899993,703.720261800001,703.720261800001,704.3380926999962,,,,,z,1,0.6039687000011327,None,5,001,2025-10-03_17h25.47.437,Motor Sequence Learning Bhumika Bajaj AU2320057,,2025.1.1,59.8393910757107,2025-10-03 17h26.00.612508 +0530,
-150,z,54,54,10,z,1,0.4961280999996234,None,,,,,10,54,54,3,704.3514131999982,,704.3387924999988,705.3523934999976,705.3523934999976,705.3523934999976,705.3523934999976,705.3523934999976,706.3530625999992,706.3530625999992,706.3530625999992,706.8527149000001,,,,,z,1,0.4961280999996234,None,5,001,2025-10-03_17h25.47.437,Motor Sequence Learning Bhumika Bajaj AU2320057,,2025.1.1,59.8393910757107,2025-10-03 17h26.00.612508 +0530,
150,v,55,55,16,v,1,2.4487410000001546,None,,,,,16,55,55,1,706.8694628999947,,706.8532496999978,707.8519245999923,707.8519245999923,707.8519245999923,707.8519245999923,707.8519245999923,708.8544142000028,708.8544142000028,708.8544142000028,711.3090138999978,,,,,v,1,2.4487410000001546,None,5,001,2025-10-03_17h25.47.437,Motor Sequence Learning Bhumika Bajaj AU2320057,,2025.1.1,59.8393910757107,2025-10-03 17h26.00.612508 +0530,
150,v,56,56,17,v,1,1.486605400001281,None,,,,,17,56,56,1,711.3173228999949,,711.309330899996,712.3017434999929,712.3017434999929,712.3017434999929,712.3017434999929,712.3017434999929,713.3092545999971,713.3092545999971,713.3092545999971,714.8044153999945,,,,,v,1,1.486605400001281,None,5,001,2025-10-03_17h25.47.437,Motor Sequence Learning Bhumika Bajaj AU2320057,,2025.1.1,59.8393910757107,2025-10-03 17h26.00.612508 +0530,
150,v,57,57,18,v,1,0.6661063999927137,None,,,,,18,57,57,1,714.8206266999914,,714.8053675999981,715.808976100001,715.808976100001,715.808976100001,715.808976100001,715.808976100001,716.8008998000005,716.8008998000005,716.8008998000005,717.4712396999967,,,,,v,1,0.6661063999927137,None,5,001,2025-10-03_17h25.47.437,Motor Sequence Learning Bhumika Bajaj AU2320057,,2025.1.1,59.8393910757107,2025-10-03 17h26.00.612508 +0530,
-50,x,58,58,18,x,1,0.7592130999983056,None,,,,,18,58,58,0,717.4861266999942,,717.4717819999933,718.4674735000008,718.4674735000008,718.4674735000008,718.4674735000008,718.4674735000008,719.4589250999998,719.4672790999903,719.4672790999903,720.2349716000026,,,,,x,1,0.7592130999983056,None,5,001,2025-10-03_17h25.47.437,Motor Sequence Learning Bhumika Bajaj AU2320057,,2025.1.1,59.8393910757107,2025-10-03 17h26.00.612508 +0530,
50,c,59,59,10,c,1,0.7176306000037584,None,,,,,10,59,59,2,720.2506910999946,,720.2355077999964,721.2336521999969,721.2336521999969,721.2336521999969,721.2336521999969,721.2336521999969,722.2452593999915,722.2452593999915,722.2452593999915,722.9786200999952,,,,,c,1,0.7176306000037584,None,5,001,2025-10-03_17h25.47.437,Motor Sequence Learning Bhumika Bajaj AU2320057,,2025.1.1,59.8393910757107,2025-10-03 17h26.00.612508 +0530,
50,c,60,60,11,c,1,0.8347611999924993,None,,,,,11,60,60,2,722.9943622999999,,722.9791575999989,723.994418199989,723.994418199989,723.994418199989,723.994418199989,723.994418199989,725.0020031000022,724.9857093000028,724.9857093000028,725.8225478999957,,,,,c,1,0.8347611999924993,None,5,001,2025-10-03_17h25.47.437,Motor Sequence Learning Bhumika Bajaj AU2320057,,2025.1.1,59.8393910757107,2025-10-03 17h26.00.612508 +0530,
150,v,61,61,19,v,1,0.5592509999987669,None,,,,,19,61,61,1,725.8370006999903,,725.8231842999958,726.8364523999917,726.8364523999917,726.8364523999917,726.8364523999917,726.8364523999917,727.8364696999924,727.8364696999924,727.8364696999924,728.4012275999994,,,,,v,1,0.5592509999987669,None,5,001,2025-10-03_17h25.47.437,Motor Sequence Learning Bhumika Bajaj AU2320057,,2025.1.1,59.8393910757107,2025-10-03 17h26.00.612508 +0530,
-150,z,62,62,11,z,1,2.2002129000029527,None,,,,,11,62,62,3,728.4174282000022,,728.4017437000002,729.4036605000001,729.4036605000001,729.4036605000001,729.4036605000001,729.4036605000001,730.4092231999966,730.391601700001,730.391601700001,732.6042862000031,,,,,z,1,2.2002129000029527,None,5,001,2025-10-03_17h25.47.437,Motor Sequence Learning Bhumika Bajaj AU2320057,,2025.1.1,59.8393910757107,2025-10-03 17h26.00.612508 +0530,
50,c,63,63,12,c,1,0.8331562000093982,None,,,,,12,63,63,2,732.6198423000023,,732.6048164999956,733.6001125999901,733.6001125999901,733.6001125999901,733.6001125999901,733.6001125999901,734.6144847999967,734.6144847999967,734.6144847999967,735.4596853999974,,,,,c,1,0.8331562000093982,None,5,001,2025-10-03_17h25.47.437,Motor Sequence Learning Bhumika Bajaj AU2320057,,2025.1.1,59.8393910757107,2025-10-03 17h26.00.612508 +0530,
150,v,64,64,20,v,1,0.5406721000035759,None,,,,,20,64,64,1,735.4756065999973,,735.4601801999961,736.4610896999948,736.4610896999948,736.4610896999948,736.4610896999948,736.4610896999948,737.4614669000002,737.4614669000002,737.4614669000002,738.0116424000007,,,,,v,1,0.5406721000035759,None,5,001,2025-10-03_17h25.47.437,Motor Sequence Learning Bhumika Bajaj AU2320057,,2025.1.1,59.8393910757107,2025-10-03 17h26.00.612508 +0530,
-50,x,65,65,19,x,1,0.5710003999993205,None,,,,,19,65,65,0,738.0280995999929,,738.012206200001,739.0111317999981,739.0111317999981,739.0111317999981,739.0111317999981,739.0111317999981,740.011580099992,740.0287817999924,740.0287817999924,740.612295400002,,,,,x,1,0.5710003999993205,None,5,001,2025-10-03_17h25.47.437,Motor Sequence Learning Bhumika Bajaj AU2320057,,2025.1.1,59.8393910757107,2025-10-03 17h26.00.612508 +0530,
50,c,66,66,13,c,1,0.4019230999983847,None,,,,,13,66,66,2,740.6270820999925,,740.6126935999928,741.6113273999945,741.6113273999945,741.6113273999945,741.6113273999945,741.6113273999945,742.6113045999955,742.6113045999955,742.6113045999955,743.0311760999903,,,,,c,1,0.4019230999983847,None,5,001,2025-10-03_17h25.47.437,Motor Sequence Learning Bhumika Bajaj AU2320057,,2025.1.1,59.8393910757107,2025-10-03 17h26.00.612508 +0530,
150,v,67,67,21,v,1,1.040660399987246,None,,,,,21,67,67,1,743.043293499999,,743.0316957000032,744.0478178999911,744.0478178999911,744.0478178999911,744.0478178999911,744.0478178999911,745.0483391000016,745.0312875999953,745.0312875999953,746.0785726000031,,,,,v,1,1.040660399987246,None,5,001,2025-10-03_17h25.47.437,Motor Sequence Learning Bhumika Bajaj AU2320057,,2025.1.1,59.8393910757107,2025-10-03 17h26.00.612508 +0530,
-150,z,68,68,12,z,1,0.5892545999959111,None,,,,,12,68,68,3,746.094437199994,,746.0789541999984,747.0752084999986,747.0752084999986,747.0752084999986,747.0752084999986,747.0752084999986,748.0869992999942,748.0869992999942,748.0869992999942,748.6866717999947,,,,,z,1,0.5892545999959111,None,5,001,2025-10-03_17h25.47.437,Motor Sequence Learning Bhumika Bajaj AU2320057,,2025.1.1,59.8393910757107,2025-10-03 17h26.00.612508 +0530,
50,c,69,69,14,c,1,0.8935159999964526,None,,,,,14,69,69,2,748.7012982000015,,748.6871035999939,749.6859131999954,749.6859131999954,749.6859131999954,749.6859131999954,749.6859131999954,750.7016270000022,750.7016270000022,750.7016270000022,751.6045054999995,,,,,c,1,0.8935159999964526,None,5,001,2025-10-03_17h25.47.437,Motor Sequence Learning Bhumika Bajaj AU2320057,,2025.1.1,59.8393910757107,2025-10-03 17h26.00.612508 +0530,
-50,x,70,70,20,x,1,0.5571283000026597,None,,,,,20,70,70,0,751.6181052999891,,751.6050237000018,752.6016292999993,752.6016292999993,752.6016292999993,752.6016292999993,752.6016292999993,753.6178149999905,753.6178149999905,753.6178149999905,754.1755018999975,,,,,x,1,0.5571283000026597,None,5,001,2025-10-03_17h25.47.437,Motor Sequence Learning Bhumika Bajaj AU2320057,,2025.1.1,59.8393910757107,2025-10-03 17h26.00.612508 +0530,
-150,z,71,71,13,z,1,0.4534319000085816,None,,,,,13,71,71,3,754.1917231999978,,754.1758934999962,755.1785581000004,755.1785581000004,755.1785581000004,755.1785581000004,755.1785581000004,756.1793945999962,756.1793945999962,756.1793945999962,756.6461083999893,,,,,z,1,0.4534319000085816,None,5,001,2025-10-03_17h25.47.437,Motor Sequence Learning Bhumika Bajaj AU2320057,,2025.1.1,59.8393910757107,2025-10-03 17h26.00.612508 +0530,
-150,z,72,72,14,z,1,1.038343399995938,None,,,,,14,72,72,3,756.6614014999941,,756.6466304999922,757.64167859999,757.64167859999,757.64167859999,757.64167859999,757.64167859999,758.6339484999917,758.6417204000027,758.6417204000027,759.685189900003,,,,,z,1,1.038343399995938,None,5,001,2025-10-03_17h25.47.437,Motor Sequence Learning Bhumika Bajaj AU2320057,,2025.1.1,59.8393910757107,2025-10-03 17h26.00.612508 +0530,
50,c,73,73,15,c,1,0.6014757999946596,None,,,,,15,73,73,2,759.7009083000012,,759.6856241999922,760.6860477000009,760.6860477000009,760.6860477000009,760.6860477000009,760.6860477000009,761.695201399998,761.695201399998,761.695201399998,762.3121640000027,,,,,c,1,0.6014757999946596,None,5,001,2025-10-03_17h25.47.437,Motor Sequence Learning Bhumika Bajaj AU2320057,,2025.1.1,59.8393910757107,2025-10-03 17h26.00.612508 +0530,
-150,z,74,74,15,z,1,0.9332692999887513,None,,,,,15,74,74,3,762.327644399993,,762.3126761000021,763.3116100999905,763.3116100999905,763.3116100999905,763.3116100999905,763.3116100999905,764.3112642999913,764.3283962999994,764.3283962999994,765.2805128999898,,,,,z,1,0.9332692999887513,None,5,001,2025-10-03_17h25.47.437,Motor Sequence Learning Bhumika Bajaj AU2320057,,2025.1.1,59.8393910757107,2025-10-03 17h26.00.612508 +0530,
50,c,75,75,16,c,1,0.4309279000008246,None,,,,,16,75,75,2,765.2947368000023,,765.2810574000032,766.294808199993,766.294808199993,766.294808199993,766.294808199993,766.294808199993,767.3085813999933,767.2916267999972,767.2916267999972,767.7280993000022,,,,,c,1,0.4309279000008246,None,5,001,2025-10-03_17h25.47.437,Motor Sequence Learning Bhumika Bajaj AU2320057,,2025.1.1,59.8393910757107,2025-10-03 17h26.00.612508 +0530,
50,c,76,76,17,c,1,0.4535670999903232,None,,,,,17,76,76,2,767.7445456999994,,767.7286384999898,768.7281056999927,768.7281056999927,768.7281056999927,768.7281056999927,768.7281056999927,769.7424972000008,769.7424972000008,769.7424972000008,770.2121995999914,,,,,c,1,0.4535670999903232,None,5,001,2025-10-03_17h25.47.437,Motor Sequence Learning Bhumika Bajaj AU2320057,,2025.1.1,59.8393910757107,2025-10-03 17h26.00.612508 +0530,
-150,z,77,77,16,z,1,0.5432250000012573,None,,,,,16,77,77,3,770.2289010999957,,770.2131263999909,771.211063900002,771.211063900002,771.211063900002,771.211063900002,771.211063900002,772.2257053999929,772.2257053999929,772.2257053999929,772.7785464999906,,,,,z,1,0.5432250000012573,None,5,001,2025-10-03_17h25.47.437,Motor Sequence Learning Bhumika Bajaj AU2320057,,2025.1.1,59.8393910757107,2025-10-03 17h26.00.612508 +0530,
-50,x,78,78,21,z,0,0.49801120000483934,None,,,,,21,78,78,0,772.7943011000025,,772.7791272000031,773.7948547999986,773.7948547999986,773.7948547999986,773.7948547999986,773.7948547999986,774.8094810999901,774.7921194999944,774.7921194999944,775.2956399999966,,,,,z,0,0.49801120000483934,None,5,001,2025-10-03_17h25.47.437,Motor Sequence Learning Bhumika Bajaj AU2320057,,2025.1.1,59.8393910757107,2025-10-03 17h26.00.612508 +0530,
150,v,79,79,22,v,1,0.6516006000019843,None,,,,,22,79,79,1,775.3106669999979,,775.2963359999994,776.2945975999901,776.2945975999901,776.2945975999901,776.2945975999901,776.2945975999901,777.3082865000033,777.3082865000033,777.3082865000033,777.9767995000002,,,,,v,1,0.6516006000019843,None,5,001,2025-10-03_17h25.47.437,Motor Sequence Learning Bhumika Bajaj AU2320057,,2025.1.1,59.8393910757107,2025-10-03 17h26.00.612508 +0530,
-50,x,80,80,22,x,1,0.6473886999883689,None,,,,,22,80,80,0,777.9920705999975,,777.9772024999984,778.9778119999974,778.9778119999974,778.9778119999974,778.9778119999974,778.9778119999974,779.9950757999904,779.9753775999998,779.9753775999998,780.6285400999914,,,,,x,1,0.6473886999883689,None,5,001,2025-10-03_17h25.47.437,Motor Sequence Learning Bhumika Bajaj AU2320057,,2025.1.1,59.8393910757107,2025-10-03 17h26.00.612508 +0530,
-50,x,81,81,23,x,1,0.4342266000021482,None,,,,,23,81,81,0,780.6446066999924,,780.6290708000015,781.62774299999,781.62774299999,781.62774299999,781.62774299999,781.62774299999,782.6422109999985,782.6422109999985,782.6422109999985,783.09242239999,,,,,x,1,0.4342266000021482,None,5,001,2025-10-03_17h25.47.437,Motor Sequence Learning Bhumika Bajaj AU2320057,,2025.1.1,59.8393910757107,2025-10-03 17h26.00.612508 +0530,
-50,x,82,82,24,x,1,0.3875442999997176,None,,,,,24,82,82,0,783.1087989999942,,783.092994599996,784.0935634999914,784.0935634999914,784.0935634999914,784.0935634999914,784.0935634999914,785.0942409999989,785.0942409999989,785.0942409999989,785.493263899989,,,,,x,1,0.3875442999997176,None,5,001,2025-10-03_17h25.47.437,Motor Sequence Learning Bhumika Bajaj AU2320057,,2025.1.1,59.8393910757107,2025-10-03 17h26.00.612508 +0530,
150,v,83,83,23,v,1,0.5323280000011437,None,,,,,23,83,83,1,785.5089933999989,,785.4937156999949,786.5109203000029,786.5109203000029,786.5109203000029,786.5109203000029,786.5109203000029,787.5281542000012,787.4921104999958,787.4921104999958,788.0285839999997,,,,,v,1,0.5323280000011437,None,5,001,2025-10-03_17h25.47.437,Motor Sequence Learning Bhumika Bajaj AU2320057,,2025.1.1,59.8393910757107,2025-10-03 17h26.00.612508 +0530,
50,c,84,84,18,c,1,0.9258763999969233,None,,,,,18,84,84,2,788.0441212000005,,788.0291301999969,789.0443212999962,789.0443212999962,789.0443212999962,789.0443212999962,789.0443212999962,790.0595016000007,790.0418714999978,790.0418714999978,790.9781984000001,,,,,c,1,0.9258763999969233,None,5,001,2025-10-03_17h25.47.437,Motor Sequence Learning Bhumika Bajaj AU2320057,,2025.1.1,59.8393910757107,2025-10-03 17h26.00.612508 +0530,
-50,x,85,85,25,c,0,0.6935057000082452,None,,,,,25,85,85,0,790.9945320999977,,790.9787432000012,791.9922108000028,791.9922108000028,791.9922108000028,791.9922108000028,791.9922108000028,792.994194400002,792.994194400002,792.994194400002,793.6943064999941,,,,,c,0,0.6935057000082452,None,5,001,2025-10-03_17h25.47.437,Motor Sequence Learning Bhumika Bajaj AU2320057,,2025.1.1,59.8393910757107,2025-10-03 17h26.00.612508 +0530,
-150,z,86,86,17,z,1,4.679230499998084,None,,,,,17,86,86,3,793.7092339999945,,793.6947434999893,794.6940174999909,794.6940174999909,794.6940174999909,794.6940174999909,794.6940174999909,795.6940386999922,795.6940386999922,795.6940386999922,800.3791151999903,,,,,z,1,4.679230499998084,None,5,001,2025-10-03_17h25.47.437,Motor Sequence Learning Bhumika Bajaj AU2320057,,2025.1.1,59.8393910757107,2025-10-03 17h26.00.612508 +0530,
50,c,87,87,19,c,1,1.2587263000023086,None,,,,,19,87,87,2,800.3941310999944,,800.3801246999938,801.3943971999979,801.3943971999979,801.3943971999979,801.3943971999979,801.3943971999979,802.4097002999915,802.3923414000019,802.3923414000019,803.6613270999951,,,,,c,1,1.2587263000023086,None,5,001,2025-10-03_17h25.47.437,Motor Sequence Learning Bhumika Bajaj AU2320057,,2025.1.1,59.8393910757107,2025-10-03 17h26.00.612508 +0530,
-150,z,88,88,18,z,1,0.47548779999488033,None,,,,,18,88,88,3,803.676690799999,,803.6618454999989,804.6753468999959,804.6753468999959,804.6753468999959,804.6753468999959,804.6753468999959,805.6768453999975,805.6768453999975,805.6768453999975,806.1602725999983,,,,,z,1,0.47548779999488033,None,5,001,2025-10-03_17h25.47.437,Motor Sequence Learning Bhumika Bajaj AU2320057,,2025.1.1,59.8393910757107,2025-10-03 17h26.00.612508 +0530,
-50,x,89,89,26,x,1,0.858629700000165,None,,,,,26,89,89,0,806.1755278999917,,806.1609096999891,807.1610960999969,807.1610960999969,807.1610960999969,807.1610960999969,807.1610960999969,808.1604091999907,808.1604091999907,808.1604091999907,809.0278592999966,,,,,x,1,0.858629700000165,None,5,001,2025-10-03_17h25.47.437,Motor Sequence Learning Bhumika Bajaj AU2320057,,2025.1.1,59.8393910757107,2025-10-03 17h26.00.612508 +0530,
-50,x,90,90,27,x,1,0.5782781000016257,None,,,,,27,90,90,0,809.0437354000023,,809.0283299000002,810.0436141999962,810.0436141999962,810.0436141999962,810.0436141999962,810.0436141999962,811.0436008999968,811.0267829999939,811.0267829999939,811.609085899996,,,,,x,1,0.5782781000016257,None,5,001,2025-10-03_17h25.47.437,Motor Sequence Learning Bhumika Bajaj AU2320057,,2025.1.1,59.8393910757107,2025-10-03 17h26.00.612508 +0530,
150,v,91,91,24,v,1,1.5381915999896592,None,,,,,24,91,91,1,811.6257366999926,,811.6098490000004,812.6146991999994,812.6146991999994,812.6146991999994,812.6146991999994,812.6146991999994,813.6251425999944,813.6086071000027,813.6086071000027,815.1581850999937,,,,,v,1,1.5381915999896592,None,5,001,2025-10-03_17h25.47.437,Motor Sequence Learning Bhumika Bajaj AU2320057,,2025.1.1,59.8393910757107,2025-10-03 17h26.00.612508 +0530,
150,v,92,92,25,v,1,0.5987341000000015,None,,,,,25,92,92,1,815.174520399989,,815.1585849999974,816.1692868999962,816.1692868999962,816.1692868999962,816.1692868999962,816.1692868999962,817.1829084999918,817.1669334999897,817.1669334999897,817.7697342999891,,,,,v,1,0.5987341000000015,None,5,001,2025-10-03_17h25.47.437,Motor Sequence Learning Bhumika Bajaj AU2320057,,2025.1.1,59.8393910757107,2025-10-03 17h26.00.612508 +0530,
150,v,93,93,26,v,1,0.43575760000385344,None,,,,,26,93,93,1,817.7863886999985,,817.7705824000004,818.7684085999936,818.7684085999936,818.7684085999936,818.7684085999936,818.7684085999936,819.7832704999892,819.7832704999892,819.7832704999892,820.2209263999976,,,,,v,1,0.43575760000385344,None,5,001,2025-10-03_17h25.47.437,Motor Sequence Learning Bhumika Bajaj AU2320057,,2025.1.1,59.8393910757107,2025-10-03 17h26.00.612508 +0530,
-150,z,94,94,19,z,1,0.484226899992791,None,,,,,19,94,94,3,820.2365050999942,,820.2212855999969,821.2354502999951,821.2354502999951,821.2354502999951,821.2354502999951,821.2354502999951,822.2500122999918,822.2333517999941,822.2333517999941,822.7209250000014,,,,,z,1,0.484226899992791,None,5,001,2025-10-03_17h25.47.437,Motor Sequence Learning Bhumika Bajaj AU2320057,,2025.1.1,59.8393910757107,2025-10-03 17h26.00.612508 +0530,
-50,x,95,95,28,x,1,0.7003239000041503,None,,,,,28,95,95,0,822.7361029000022,,822.7214733000001,823.7355429000017,823.7355429000017,823.7355429000017,823.7355429000017,823.7355429000017,824.7346015999938,824.7346015999938,824.7346015999938,825.4373032000003,,,,,x,1,0.7003239000041503,None,5,001,2025-10-03_17h25.47.437,Motor Sequence Learning Bhumika Bajaj AU2320057,,2025.1.1,59.8393910757107,2025-10-03 17h26.00.612508 +0530,
150,v,96,96,27,v,1,0.5932354999968084,None,,,,,27,96,96,1,825.4524550999922,,825.4377034999925,826.452532700001,826.452532700001,826.452532700001,826.452532700001,826.452532700001,827.4523341000022,827.4523341000022,827.4523341000022,828.0593551999918,,,,,v,1,0.5932354999968084,None,5,001,2025-10-03_17h25.47.437,Motor Sequence Learning Bhumika Bajaj AU2320057,,2025.1.1,59.8393910757107,2025-10-03 17h26.00.612508 +0530,
150,v,97,97,28,v,1,0.4839225999894552,None,,,,,28,97,97,1,828.0757769999909,,828.0597723999963,829.0602152999927,829.0602152999927,829.0602152999927,829.0602152999927,829.0602152999927,830.0586923999945,830.0586923999945,830.0586923999945,830.558506100002,,,,,v,1,0.4839225999894552,None,5,001,2025-10-03_17h25.47.437,Motor Sequence Learning Bhumika Bajaj AU2320057,,2025.1.1,59.8393910757107,2025-10-03 17h26.00.612508 +0530,
50,c,98,98,20,c,1,0.5005464999994729,None,,,,,20,98,98,2,830.5749897999922,,830.5590060999966,831.5577912000008,831.5577912000008,831.5577912000008,831.5577912000008,831.5577912000008,832.5584279000032,832.5584279000032,832.5584279000032,833.0698968999932,,,,,c,1,0.5005464999994729,None,5,001,2025-10-03_17h25.47.437,Motor Sequence Learning Bhumika Bajaj AU2320057,,2025.1.1,59.8393910757107,2025-10-03 17h26.00.612508 +0530,
-50,x,99,99,29,x,1,0.6731890999944881,None,,,,,29,99,99,0,833.0835854000034,,833.0703912000026,834.0687981999945,834.0687981999945,834.0687981999945,834.0687981999945,834.0687981999945,835.0693657999946,835.0693657999946,835.0693657999946,835.7531241999968,,,,,x,1,0.6731890999944881,None,5,001,2025-10-03_17h25.47.437,Motor Sequence Learning Bhumika Bajaj AU2320057,,2025.1.1,59.8393910757107,2025-10-03 17h26.00.612508 +0530,
-50,x,100,100,30,x,1,0.5156605999945896,None,,,,,30,100,100,0,835.766277799994,,835.7554186999914,836.7513818000007,836.7513818000007,836.7513818000007,836.7513818000007,836.7513818000007,837.7410066000011,837.7493547999911,837.7493547999911,838.2783227999898,,,,,x,1,0.5156605999945896,None,5,001,2025-10-03_17h25.47.437,Motor Sequence Learning Bhumika Bajaj AU2320057,,2025.1.1,59.8393910757107,2025-10-03 17h26.00.612508 +0530,
50,c,101,101,21,x,0,0.49388229999749456,None,,,,,21,101,101,2,838.2942928999983,,838.2789151999896,839.2943536999956,839.2943536999956,839.2943536999956,839.2943536999956,839.2943536999956,840.2947787000012,840.2947787000012,840.2947787000012,840.7945378000004,,,,,x,0,0.49388229999749456,None,5,001,2025-10-03_17h25.47.437,Motor Sequence Learning Bhumika Bajaj AU2320057,,2025.1.1,59.8393910757107,2025-10-03 17h26.00.612508 +0530,
-150,z,102,102,20,z,1,0.8534232999954838,None,,,,,20,102,102,3,840.8104383000027,,840.7949833000021,841.8001223000028,841.8001223000028,841.8001223000028,841.8001223000028,841.8001223000028,842.8014231999987,842.8014231999987,842.8014231999987,843.659968699998,,,,,z,1,0.8534232999954838,None,5,001,2025-10-03_17h25.47.437,Motor Sequence Learning Bhumika Bajaj AU2320057,,2025.1.1,59.8393910757107,2025-10-03 17h26.00.612508 +0530,
50,c,103,103,22,c,1,0.48276549999718554,None,,,,,22,103,103,2,843.6656096999941,,843.660372600003,844.668920199998,844.668920199998,844.668920199998,844.668920199998,844.668920199998,845.6667756999959,845.6667756999959,845.6667756999959,846.1505637999944,,,,,c,1,0.48276549999718554,None,5,001,2025-10-03_17h25.47.437,Motor Sequence Learning Bhumika Bajaj AU2320057,,2025.1.1,59.8393910757107,2025-10-03 17h26.00.612508 +0530,
150,v,104,104,29,v,1,0.4621396000002278,None,,,,,29,104,104,1,846.1687722999923,,846.1510560000024,847.1519216000015,847.1519216000015,847.1519216000015,847.1519216000015,847.1519216000015,848.1519095999975,848.1519095999975,848.1519095999975,848.619196899992,,,,,v,1,0.4621396000002278,None,5,001,2025-10-03_17h25.47.437,Motor Sequence Learning Bhumika Bajaj AU2320057,,2025.1.1,59.8393910757107,2025-10-03 17h26.00.612508 +0530,
-50,x,105,105,31,x,1,0.3675721000035992,None,,,,,31,105,105,0,848.6351668999996,,848.6197141000011,849.6193558999948,849.6193558999948,849.6193558999948,849.6193558999948,849.6193558999948,850.6183799999999,850.6183799999999,850.6183799999999,850.9868010999926,,,,,x,1,0.3675721000035992,None,5,001,2025-10-03_17h25.47.437,Motor Sequence Learning Bhumika Bajaj AU2320057,,2025.1.1,59.8393910757107,2025-10-03 17h26.00.612508 +0530,
-150,z,106,106,21,z,1,0.4854310000082478,None,,,,,21,106,106,3,851.0026943999983,,850.9874739999941,851.9942393999954,851.9942393999954,851.9942393999954,851.9942393999954,851.9942393999954,852.9992920999939,852.9992920999939,852.9992920999939,853.4918726999895,,,,,z,1,0.4854310000082478,None,5,001,2025-10-03_17h25.47.437,Motor Sequence Learning Bhumika Bajaj AU2320057,,2025.1.1,59.8393910757107,2025-10-03 17h26.00.612508 +0530,
150,v,107,107,30,x,0,0.6990774000005331,None,,,,,30,107,107,1,853.5000310000032,,853.4922744999931,854.5012876999972,854.5012876999972,854.5012876999972,854.5012876999972,854.5012876999972,855.5174438999966,855.5020095999935,855.5020095999935,856.2049741999945,,,,,x,0,0.6990774000005331,None,5,001,2025-10-03_17h25.47.437,Motor Sequence Learning Bhumika Bajaj AU2320057,,2025.1.1,59.8393910757107,2025-10-03 17h26.00.612508 +0530,
-50,x,108,108,32,x,1,0.7025520000024699,None,,,,,32,108,108,0,856.219074099994,,856.2055197000009,857.2197021000029,857.2197021000029,857.2197021000029,857.2197021000029,857.2197021000029,858.2354990000022,858.218208899998,858.218208899998,858.9339746999904,,,,,x,1,0.7025520000024699,None,5,001,2025-10-03_17h25.47.437,Motor Sequence Learning Bhumika Bajaj AU2320057,,2025.1.1,59.8393910757107,2025-10-03 17h26.00.612508 +0530,
-50,x,109,109,33,x,1,0.533924700008356,None,,,,,33,109,109,0,858.9499403999944,,858.934385399989,859.9343864999973,859.9343864999973,859.9343864999973,859.9343864999973,859.9343864999973,860.9344370999897,860.9344370999897,860.9344370999897,861.4852886000008,,,,,x,1,0.533924700008356,None,5,001,2025-10-03_17h25.47.437,Motor Sequence Learning Bhumika Bajaj AU2320057,,2025.1.1,59.8393910757107,2025-10-03 17h26.00.612508 +0530,
-150,z,110,110,22,z,1,0.5586455000011483,None,,,,,22,110,110,3,861.5018016999966,,861.4859548999957,862.4848582999985,862.4848582999985,862.4848582999985,862.4848582999985,862.4848582999985,863.4826013999991,863.4826013999991,863.4826013999991,864.0529798999924,,,,,z,1,0.5586455000011483,None,5,001,2025-10-03_17h25.47.437,Motor Sequence Learning Bhumika Bajaj AU2320057,,2025.1.1,59.8393910757107,2025-10-03 17h26.00.612508 +0530,
-50,x,111,111,34,x,1,0.6093401999969501,None,,,,,34,111,111,0,864.0691138999973,,864.05349749999,865.0691689999949,865.0691689999949,865.0691689999949,865.0691689999949,865.0691689999949,866.0836123999907,866.0670922999998,866.0670922999998,866.6856307999988,,,,,x,1,0.6093401999969501,None,5,001,2025-10-03_17h25.47.437,Motor Sequence Learning Bhumika Bajaj AU2320057,,2025.1.1,59.8393910757107,2025-10-03 17h26.00.612508 +0530,
-150,z,112,112,23,z,1,0.4619888000015635,None,,,,,23,112,112,3,866.7022986999946,,866.6863278999954,867.6859165999922,867.6859165999922,867.6859165999922,867.6859165999922,867.6859165999922,868.685135199994,868.685135199994,868.685135199994,869.1526034999988,,,,,z,1,0.4619888000015635,None,5,001,2025-10-03_17h25.47.437,Motor Sequence Learning Bhumika Bajaj AU2320057,,2025.1.1,59.8393910757107,2025-10-03 17h26.00.612508 +0530,
150,v,113,113,31,v,1,0.500162199998158,None,,,,,31,113,113,1,869.1688446999906,,869.1531326999975,870.1686792999972,870.1686792999972,870.1686792999972,870.1686792999972,870.1686792999972,871.1683542999963,871.1517680999968,871.1517680999968,871.6714358999889,,,,,v,1,0.500162199998158,None,5,001,2025-10-03_17h25.47.437,Motor Sequence Learning Bhumika Bajaj AU2320057,,2025.1.1,59.8393910757107,2025-10-03 17h26.00.612508 +0530,
-150,z,114,114,24,z,1,0.44135130000358913,None,,,,,24,114,114,3,871.6863623999961,,871.671992299991,872.6860489999963,872.6860489999963,872.6860489999963,872.6860489999963,872.6860489999963,873.6856228999968,873.6856228999968,873.6856228999968,874.1380731999961,,,,,z,1,0.44135130000358913,None,5,001,2025-10-03_17h25.47.437,Motor Sequence Learning Bhumika Bajaj AU2320057,,2025.1.1,59.8393910757107,2025-10-03 17h26.00.612508 +0530,
50,c,115,115,23,c,1,0.4945819999993546,None,,,,,23,115,115,2,874.1519834999926,,874.1387531999935,875.1516974999977,875.1516974999977,875.1516974999977,875.1516974999977,875.1516974999977,876.1549142000003,876.1387660999899,876.1387660999899,876.636462800001,,,,,c,1,0.4945819999993546,None,5,001,2025-10-03_17h25.47.437,Motor Sequence Learning Bhumika Bajaj AU2320057,,2025.1.1,59.8393910757107,2025-10-03 17h26.00.612508 +0530,
150,v,116,116,32,v,1,0.46635310001147445,None,,,,,32,116,116,1,876.6516845000006,,876.6369941000012,877.6518178999977,877.6518178999977,877.6518178999977,877.6518178999977,877.6518178999977,878.6548718999984,878.6384400999959,878.6384400999959,879.1069145999936,,,,,v,1,0.46635310001147445,None,5,001,2025-10-03_17h25.47.437,Motor Sequence Learning Bhumika Bajaj AU2320057,,2025.1.1,59.8393910757107,2025-10-03 17h26.00.612508 +0530,
50,c,117,117,24,c,1,0.4616314000013517,None,,,,,24,117,117,2,879.1212399999931,,879.107680599991,880.1158052999963,880.1158052999963,880.1158052999963,880.1158052999963,880.1158052999963,881.1182921,881.1182921,881.1182921,881.5852417999995,,,,,c,1,0.4616314000013517,None,5,001,2025-10-03_17h25.47.437,Motor Sequence Learning Bhumika Bajaj AU2320057,,2025.1.1,59.8393910757107,2025-10-03 17h26.00.612508 +0530,
50,c,118,118,25,c,1,0.3739043999958085,None,,,,,25,118,118,2,881.600990699997,,881.5857724999951,882.5994020999933,882.5994020999933,882.5994020999933,882.5994020999933,882.5994020999933,883.6015699999989,883.5853757000004,883.5853757000004,883.9688287000026,,,,,c,1,0.3739043999958085,None,5,001,2025-10-03_17h25.47.437,Motor Sequence Learning Bhumika Bajaj AU2320057,,2025.1.1,59.8393910757107,2025-10-03 17h26.00.612508 +0530,
-50,x,119,119,35,x,1,1.197098200005712,None,,,,,35,119,119,0,883.9852590999944,,883.9693703999947,884.9677411000011,884.9677411000011,884.9677411000011,884.9677411000011,884.9677411000011,885.9678896999976,885.9678896999976,885.9678896999976,887.1674108000007,,,,,x,1,1.197098200005712,None,5,001,2025-10-03_17h25.47.437,Motor Sequence Learning Bhumika Bajaj AU2320057,,2025.1.1,59.8393910757107,2025-10-03 17h26.00.612508 +0530,
50,c,120,120,26,c,1,0.5752915999910329,None,,,,,26,120,120,2,887.1848382000026,,887.1679632000014,888.1701583999966,888.1701583999966,888.1701583999966,888.1701583999966,888.1701583999966,889.1850118000002,889.1680949000001,889.1680949000001,889.7527976999991,,,,,c,1,0.5752915999910329,None,5,001,2025-10-03_17h25.47.437,Motor Sequence Learning Bhumika Bajaj AU2320057,,2025.1.1,59.8393910757107,2025-10-03 17h26.00.612508 +0530,
50,c,121,121,27,c,1,0.691983299999265,None,,,,,27,121,121,2,889.7679340999894,,889.7533258999902,890.751557399999,890.751557399999,890.751557399999,890.751557399999,890.751557399999,891.7514099999971,891.7514099999971,891.7514099999971,892.4523079999926,,,,,c,1,0.691983299999265,None,5,001,2025-10-03_17h25.47.437,Motor Sequence Learning Bhumika Bajaj AU2320057,,2025.1.1,59.8393910757107,2025-10-03 17h26.00.612508 +0530,
-150,z,122,122,25,z,1,1.1865575999981957,None,,,,,25,122,122,3,892.468444099999,,892.4526999999944,893.4546162999904,893.4546162999904,893.4546162999904,893.4546162999904,893.4546162999904,894.4680320999905,894.4512515999959,894.4512515999959,895.6521891000011,,,,,z,1,1.1865575999981957,None,5,001,2025-10-03_17h25.47.437,Motor Sequence Learning Bhumika Bajaj AU2320057,,2025.1.1,59.8393910757107,2025-10-03 17h26.00.612508 +0530,
50,c,123,123,28,c,1,0.4701978999946732,None,,,,,28,123,123,2,895.6677842999925,,895.6527203000005,896.6687784999958,896.6687784999958,896.6687784999958,896.6687784999958,896.6687784999958,897.6651722999959,897.6485430999892,897.6485430999892,898.1245070000004,,,,,c,1,0.4701978999946732,None,5,001,2025-10-03_17h25.47.437,Motor Sequence Learning Bhumika Bajaj AU2320057,,2025.1.1,59.8393910757107,2025-10-03 17h26.00.612508 +0530,
150,v,124,124,33,c,0,0.5765764000097988,None,,,,,33,124,124,1,898.1319188999914,,898.125079999998,899.1346953999891,899.1346953999891,899.1346953999891,899.1346953999891,899.1346953999891,900.1343163999991,900.1343163999991,900.1343163999991,900.7164402999915,,,,,c,0,0.5765764000097988,None,5,001,2025-10-03_17h25.47.437,Motor Sequence Learning Bhumika Bajaj AU2320057,,2025.1.1,59.8393910757107,2025-10-03 17h26.00.612508 +0530,
-150,z,125,125,26,z,1,0.4976825999910943,None,,,,,26,125,125,3,900.7233151999972,,900.7168431000027,901.7181792999909,901.7181792999909,901.7181792999909,901.7181792999909,901.7181792999909,902.7183315000002,902.7183315000002,902.7183315000002,903.2190956999984,,,,,z,1,0.4976825999910943,None,5,001,2025-10-03_17h25.47.437,Motor Sequence Learning Bhumika Bajaj AU2320057,,2025.1.1,59.8393910757107,2025-10-03 17h26.00.612508 +0530,
-150,z,126,126,27,z,1,0.9278514999896288,None,,,,,27,126,126,3,903.2347064999922,,903.2196472999931,904.2348960999952,904.2348960999952,904.2348960999952,904.2348960999952,904.2348960999952,905.2351250999927,905.2351250999927,905.2351250999927,906.1686244000011,,,,,z,1,0.9278514999896288,None,5,001,2025-10-03_17h25.47.437,Motor Sequence Learning Bhumika Bajaj AU2320057,,2025.1.1,59.8393910757107,2025-10-03 17h26.00.612508 +0530,
-150,z,127,127,28,x,0,0.20140350000292528,None,,,,,28,127,127,3,906.1842976999906,,906.1691547999944,907.1847626999952,907.1847626999952,907.1847626999952,907.1847626999952,907.1847626999952,908.1994970999949,908.1824280000001,908.1824280000001,908.3865819999919,,,,,x,0,0.20140350000292528,None,5,001,2025-10-03_17h25.47.437,Motor Sequence Learning Bhumika Bajaj AU2320057,,2025.1.1,59.8393910757107,2025-10-03 17h26.00.612508 +0530,
150,v,128,128,34,v,1,0.5185488999995869,None,,,,,34,128,128,1,908.4017393999966,,908.3871026999986,909.401452399994,909.401452399994,909.401452399994,909.401452399994,909.401452399994,910.4018523999985,910.4018523999985,910.4018523999985,910.9339202999981,,,,,v,1,0.5185488999995869,None,5,001,2025-10-03_17h25.47.437,Motor Sequence Learning Bhumika Bajaj AU2320057,,2025.1.1,59.8393910757107,2025-10-03 17h26.00.612508 +0530,
-50,x,129,129,36,x,1,0.31398570000601467,None,,,,,36,129,129,0,910.9494493999955,,910.9344530999952,911.9341920000006,911.9341920000006,911.9341920000006,911.9341920000006,911.9341920000006,912.9491613999999,912.9491613999999,912.9491613999999,913.2656789999892,,,,,x,1,0.31398570000601467,None,5,001,2025-10-03_17h25.47.437,Motor Sequence Learning Bhumika Bajaj AU2320057,,2025.1.1,59.8393910757107,2025-10-03 17h26.00.612508 +0530,
150,v,130,130,35,v,1,0.5200214999931632,None,,,,,35,130,130,1,913.2824573999969,,913.2661795000022,914.2681985999952,914.2681985999952,914.2681985999952,914.2681985999952,914.2681985999952,915.282529899996,915.2664349999977,915.2664349999977,915.8021138999902,,,,,v,1,0.5200214999931632,None,5,001,2025-10-03_17h25.47.437,Motor Sequence Learning Bhumika Bajaj AU2320057,,2025.1.1,59.8393910757107,2025-10-03 17h26.00.612508 +0530,
-150,z,131,131,29,z,1,0.3533601999952225,None,,,,,29,131,131,3,915.8175442999927,,915.8026781999943,916.8177341999981,916.8177341999981,916.8177341999981,916.8177341999981,916.8177341999981,917.816198799992,917.8017805999989,917.8017805999989,918.1689246000024,,,,,z,1,0.3533601999952225,None,5,001,2025-10-03_17h25.47.437,Motor Sequence Learning Bhumika Bajaj AU2320057,,2025.1.1,59.8393910757107,2025-10-03 17h26.00.612508 +0530,
-150,z,132,132,30,x,0,0.1383507999998983,None,,,,,30,132,132,3,918.1847598000022,,918.1693144000019,919.1680116999923,919.1680116999923,919.1680116999923,919.1680116999923,919.1680116999923,920.1680583999987,920.1844459999993,920.1844459999993,920.3361955,,,,,x,0,0.1383507999998983,None,5,001,2025-10-03_17h25.47.437,Motor Sequence Learning Bhumika Bajaj AU2320057,,2025.1.1,59.8393910757107,2025-10-03 17h26.00.612508 +0530,
-50,x,133,133,37,z,0,0.32801959999778774,None,,,,,37,133,133,0,920.3513608999929,,920.336768299996,921.3509063999954,921.3509063999954,921.3509063999954,921.3509063999954,921.3509063999954,922.3546836000023,922.3377457000024,922.3377457000024,922.6731384000013,,,,,z,0,0.32801959999778774,None,5,001,2025-10-03_17h25.47.437,Motor Sequence Learning Bhumika Bajaj AU2320057,,2025.1.1,59.8393910757107,2025-10-03 17h26.00.612508 +0530,
50,c,134,134,29,c,1,0.42224759999953676,None,,,,,29,134,134,2,922.6892346999957,,922.674171599996,923.6870229999913,923.6870229999913,923.6870229999913,923.6870229999913,923.6870229999913,924.7016758999962,924.684382899999,924.684382899999,925.1226977999904,,,,,c,1,0.42224759999953676,None,5,001,2025-10-03_17h25.47.437,Motor Sequence Learning Bhumika Bajaj AU2320057,,2025.1.1,59.8393910757107,2025-10-03 17h26.00.612508 +0530,
-150,z,135,135,31,z,1,0.6055928999994649,None,,,,,31,135,135,3,925.1379379999998,,925.1236324999918,926.1349053000013,926.1349053000013,926.1349053000013,926.1349053000013,926.1349053000013,927.1483412999951,927.1317494999967,927.1317494999967,927.7519640999963,,,,,z,1,0.6055928999994649,None,5,001,2025-10-03_17h25.47.437,Motor Sequence Learning Bhumika Bajaj AU2320057,,2025.1.1,59.8393910757107,2025-10-03 17h26.00.612508 +0530,
-50,x,136,136,38,x,1,0.6287685000133933,None,,,,,38,136,136,0,927.7679705999908,,927.7524964999902,928.7675189000001,928.7675189000001,928.7675189000001,928.7675189000001,928.7675189000001,929.7677953999955,929.75222699999,929.75222699999,930.3833407999919,,,,,x,1,0.6287685000133933,None,5,001,2025-10-03_17h25.47.437,Motor Sequence Learning Bhumika Bajaj AU2320057,,2025.1.1,59.8393910757107,2025-10-03 17h26.00.612508 +0530,
50,c,137,137,30,c,1,0.5101756000076421,None,,,,,30,137,137,2,930.3988855999924,,930.3838625999924,931.3849225000013,931.3849225000013,931.3849225000013,931.3849225000013,931.3849225000013,932.3845588999975,932.3845588999975,932.3845588999975,932.9014311999927,,,,,c,1,0.5101756000076421,None,5,001,2025-10-03_17h25.47.437,Motor Sequence Learning Bhumika Bajaj AU2320057,,2025.1.1,59.8393910757107,2025-10-03 17h26.00.612508 +0530,
150,v,138,138,36,v,1,1.0452095000073314,None,,,,,36,138,138,1,932.9176007999922,,932.9018357000023,933.9010904000024,933.9010904000024,933.9010904000024,933.9010904000024,933.9010904000024,934.9008930999989,934.9008930999989,934.9008930999989,935.951837399989,,,,,v,1,1.0452095000073314,None,5,001,2025-10-03_17h25.47.437,Motor Sequence Learning Bhumika Bajaj AU2320057,,2025.1.1,59.8393910757107,2025-10-03 17h26.00.612508 +0530,
-150,z,139,139,32,z,1,0.6535147000104189,None,,,,,32,139,139,3,935.9675342999981,,935.9523651999916,936.9506398999947,936.9506398999947,936.9506398999947,936.9506398999947,936.9506398999947,937.9512101,937.9670292999945,937.9670292999945,938.6349663000001,,,,,z,1,0.6535147000104189,None,5,001,2025-10-03_17h25.47.437,Motor Sequence Learning Bhumika Bajaj AU2320057,,2025.1.1,59.8393910757107,2025-10-03 17h26.00.612508 +0530,
150,v,140,140,37,v,1,0.59648659999948,None,,,,,37,140,140,1,938.650974499993,,938.635483799997,939.6492929999949,939.6492929999949,939.6492929999949,939.6492929999949,939.6492929999949,940.6654756999924,940.6315178999939,940.6315178999939,941.2331728999998,,,,,v,1,0.59648659999948,None,5,001,2025-10-03_17h25.47.437,Motor Sequence Learning Bhumika Bajaj AU2320057,,2025.1.1,59.8393910757107,2025-10-03 17h26.00.612508 +0530,
-50,x,141,141,39,x,1,1.2958702000032645,None,,,,,39,141,141,0,941.2489352999983,,941.2337485000025,942.2343709999986,942.2343709999986,942.2343709999986,942.2343709999986,942.2343709999986,943.2495928999997,943.2495928999997,943.2495928999997,944.5508933999954,,,,,x,1,1.2958702000032645,None,5,001,2025-10-03_17h25.47.437,Motor Sequence Learning Bhumika Bajaj AU2320057,,2025.1.1,59.8393910757107,2025-10-03 17h26.00.612508 +0530,
-150,z,142,142,33,z,1,0.43171440000878647,None,,,,,33,142,142,3,944.5670860999962,,944.5514185999928,945.5512293999927,945.5512293999927,945.5512293999927,945.5512293999927,945.5512293999927,946.5508633999998,946.5508633999998,946.5508633999998,946.9867479999957,,,,,z,1,0.43171440000878647,None,5,001,2025-10-03_17h25.47.437,Motor Sequence Learning Bhumika Bajaj AU2320057,,2025.1.1,59.8393910757107,2025-10-03 17h26.00.612508 +0530,
-150,z,143,143,34,z,1,0.4927451999974437,None,,,,,34,143,143,3,947.0008557999972,,946.9874385000003,948.000895899997,948.000895899997,948.000895899997,948.000895899997,948.000895899997,949.0008791,949.0008791,949.0008791,949.5020447999996,,,,,z,1,0.4927451999974437,None,5,001,2025-10-03_17h25.47.437,Motor Sequence Learning Bhumika Bajaj AU2320057,,2025.1.1,59.8393910757107,2025-10-03 17h26.00.612508 +0530,
150,v,144,144,38,v,1,0.6183423000038601,None,,,,,38,144,144,1,949.5181723999995,,949.5026645999897,950.5178062999912,950.5178062999912,950.5178062999912,950.5178062999912,950.5178062999912,951.533935799991,951.5180180000025,951.5180180000025,952.151884699997,,,,,v,1,0.6183423000038601,None,5,001,2025-10-03_17h25.47.437,Motor Sequence Learning Bhumika Bajaj AU2320057,,2025.1.1,59.8393910757107,2025-10-03 17h26.00.612508 +0530,
-50,x,145,145,40,x,1,0.5455133000068599,None,,,,,40,145,145,0,952.1681182000029,,952.1524260000006,953.1504617000028,953.1504617000028,953.1504617000028,953.1504617000028,953.1504617000028,954.1675016999943,954.1675016999943,954.1675016999943,954.7182895000005,,,,,x,1,0.5455133000068599,None,5,001,2025-10-03_17h25.47.437,Motor Sequence Learning Bhumika Bajaj AU2320057,,2025.1.1,59.8393910757107,2025-10-03 17h26.00.612508 +0530,
150,v,146,146,39,v,1,0.5180369999870891,None,,,,,39,146,146,1,954.7333653999958,,954.7186559999973,955.7183446999989,955.7183446999989,955.7183446999989,955.7183446999989,955.7183446999989,956.7176812999969,956.7176812999969,956.7176812999969,957.2511066000006,,,,,v,1,0.5180369999870891,None,5,001,2025-10-03_17h25.47.437,Motor Sequence Learning Bhumika Bajaj AU2320057,,2025.1.1,59.8393910757107,2025-10-03 17h26.00.612508 +0530,
50,c,147,147,31,c,1,0.5237826999946265,None,,,,,31,147,147,2,957.267801199996,,957.2514771999995,958.2513235999941,958.2513235999941,958.2513235999941,958.2513235999941,958.2513235999941,959.2500466999918,959.2500466999918,959.2500466999918,959.7847031999991,,,,,c,1,0.5237826999946265,None,5,001,2025-10-03_17h25.47.437,Motor Sequence Learning Bhumika Bajaj AU2320057,,2025.1.1,59.8393910757107,2025-10-03 17h26.00.612508 +0530,
-150,z,148,148,35,z,1,3.7552788000029977,None,,,,,35,148,148,3,959.8016500999947,,959.7852354999923,960.798515699993,960.798515699993,960.798515699993,960.798515699993,960.798515699993,961.8004457999923,961.7841678999976,961.7841678999976,965.5490955999994,,,,,z,1,3.7552788000029977,None,5,001,2025-10-03_17h25.47.437,Motor Sequence Learning Bhumika Bajaj AU2320057,,2025.1.1,59.8393910757107,2025-10-03 17h26.00.612508 +0530,
-150,z,149,149,36,z,1,0.712467999997898,None,,,,,36,149,149,3,965.5676905,,965.5495132999931,966.5483980999998,966.5483980999998,966.5483980999998,966.5483980999998,966.5483980999998,967.5502997000003,967.5502997000003,967.5502997000003,968.2680380999955,,,,,z,1,0.712467999997898,None,5,001,2025-10-03_17h25.47.437,Motor Sequence Learning Bhumika Bajaj AU2320057,,2025.1.1,59.8393910757107,2025-10-03 17h26.00.612508 +0530,
-150,z,150,150,37,z,1,0.7532724000047892,None,,,,,37,150,150,3,968.2848420999944,,968.2685437999899,969.281756700002,969.281756700002,969.281756700002,969.281756700002,969.281756700002,970.2826344999921,970.2826344999921,970.2826344999921,971.0366456999909,,,,,z,1,0.7532724000047892,None,5,001,2025-10-03_17h25.47.437,Motor Sequence Learning Bhumika Bajaj AU2320057,,2025.1.1,59.8393910757107,2025-10-03 17h26.00.612508 +0530,
150,v,151,151,40,v,1,0.6604818000050727,None,,,,,40,151,151,1,971.0513153999927,,971.0371893999982,972.0498676999996,972.0498676999996,972.0498676999996,972.0498676999996,972.0498676999996,973.0506732999929,973.0506732999929,973.0506732999929,973.7176985999977,,,,,v,1,0.6604818000050727,None,5,001,2025-10-03_17h25.47.437,Motor Sequence Learning Bhumika Bajaj AU2320057,,2025.1.1,59.8393910757107,2025-10-03 17h26.00.612508 +0530,
-50,x,152,152,41,x,1,0.6002768999896944,None,,,,,41,152,152,0,973.7339949000016,,973.7180746999948,974.7171054999926,974.7171054999926,974.7171054999926,974.7171054999926,974.7171054999926,975.7173086999974,975.7173086999974,975.7173086999974,976.3183495999983,,,,,x,1,0.6002768999896944,None,5,001,2025-10-03_17h25.47.437,Motor Sequence Learning Bhumika Bajaj AU2320057,,2025.1.1,59.8393910757107,2025-10-03 17h26.00.612508 +0530,
50,c,153,153,32,c,1,0.4635340999957407,None,,,,,32,153,153,2,976.3317545000027,,976.3189012999937,977.3328084999957,977.3328084999957,977.3328084999957,977.3328084999957,977.3328084999957,978.350709099992,978.3347542999982,978.3347542999982,978.8021933999989,,,,,c,1,0.4635340999957407,None,5,001,2025-10-03_17h25.47.437,Motor Sequence Learning Bhumika Bajaj AU2320057,,2025.1.1,59.8393910757107,2025-10-03 17h26.00.612508 +0530,
-150,z,154,154,38,z,1,0.5015474000101676,None,,,,,38,154,154,3,978.818262899993,,978.8027607999975,979.8012674999918,979.8012674999918,979.8012674999918,979.8012674999918,979.8012674999918,980.8152793999907,980.8152793999907,980.8152793999907,981.3195491999941,,,,,z,1,0.5015474000101676,None,5,001,2025-10-03_17h25.47.437,Motor Sequence Learning Bhumika Bajaj AU2320057,,2025.1.1,59.8393910757107,2025-10-03 17h26.00.612508 +0530,
50,c,155,155,33,c,1,0.6608700000069803,None,,,,,33,155,155,2,981.3324405000021,,981.319940299989,982.3335702999902,982.3335702999902,982.3335702999902,982.3335702999902,982.3335702999902,983.33407479999,983.33407479999,983.33407479999,983.9990230999974,,,,,c,1,0.6608700000069803,None,5,001,2025-10-03_17h25.47.437,Motor Sequence Learning Bhumika Bajaj AU2320057,,2025.1.1,59.8393910757107,2025-10-03 17h26.00.612508 +0530,
-150,z,156,156,39,z,1,0.8217723999987356,None,,,,,39,156,156,3,984.0148126999993,,983.9995201999991,984.9989084999979,984.9989084999979,984.9989084999979,984.9989084999979,984.9989084999979,986.0012385000009,986.0012385000009,986.0012385000009,986.835158899994,,,,,z,1,0.8217723999987356,None,5,001,2025-10-03_17h25.47.437,Motor Sequence Learning Bhumika Bajaj AU2320057,,2025.1.1,59.8393910757107,2025-10-03 17h26.00.612508 +0530,
-150,z,157,157,40,z,1,0.409717600006843,None,,,,,40,157,157,3,986.8522024999984,,986.8355729000032,987.8350051000016,987.8350051000016,987.8350051000016,987.8350051000016,987.8350051000016,988.8504130999936,988.8504130999936,988.8504130999936,989.2654498999909,,,,,z,1,0.409717600006843,None,5,001,2025-10-03_17h25.47.437,Motor Sequence Learning Bhumika Bajaj AU2320057,,2025.1.1,59.8393910757107,2025-10-03 17h26.00.612508 +0530,
50,c,158,158,34,c,1,0.4413109000015538,None,,,,,34,158,158,2,989.2817963999987,,989.2659500000009,990.2667691999959,990.2667691999959,990.2667691999959,990.2667691999959,990.2667691999959,991.2680396999931,991.2680396999931,991.2680396999931,991.7177583000012,,,,,c,1,0.4413109000015538,None,5,001,2025-10-03_17h25.47.437,Motor Sequence Learning Bhumika Bajaj AU2320057,,2025.1.1,59.8393910757107,2025-10-03 17h26.00.612508 +0530,
-150,z,159,159,41,z,1,3.2349709999980405,None,,,,,41,159,159,3,991.7362117000011,,991.7182283000002,992.7174148999911,992.7174148999911,992.7174148999911,992.7174148999911,992.7174148999911,993.7175193000003,993.7175193000003,993.7175193000003,996.9665619000007,,,,,z,1,3.2349709999980405,None,5,001,2025-10-03_17h25.47.437,Motor Sequence Learning Bhumika Bajaj AU2320057,,2025.1.1,59.8393910757107,2025-10-03 17h26.00.612508 +0530,
50,c,160,160,35,c,1,0.42856230000325013,None,,,,,35,160,160,2,996.9830204000027,,996.9672524999914,997.9669199999917,997.9669199999917,997.9669199999917,997.9669199999917,997.9669199999917,998.9676573999895,998.9676573999895,998.9676573999895,999.399659799994,,,,,c,1,0.42856230000325013,None,5,001,2025-10-03_17h25.47.437,Motor Sequence Learning Bhumika Bajaj AU2320057,,2025.1.1,59.8393910757107,2025-10-03 17h26.00.612508 +0530,
-150,z,161,161,42,z,1,0.36186920000182,None,,,,,42,161,161,3,999.415891800003,,999.4001255999901,1000.4004373999924,1000.4004373999924,1000.4004373999924,1000.4004373999924,1000.4004373999924,1001.41433829999,1001.41433829999,1001.41433829999,1001.7846145999938,,,,,z,1,0.36186920000182,None,5,001,2025-10-03_17h25.47.437,Motor Sequence Learning Bhumika Bajaj AU2320057,,2025.1.1,59.8393910757107,2025-10-03 17h26.00.612508 +0530,
50,c,162,162,36,v,0,0.45659089999389835,None,,,,,36,162,162,2,1001.8005912999943,,1001.78511289999,1002.7840693999897,1002.7840693999897,1002.7840693999897,1002.7840693999897,1002.7840693999897,1003.7839792000013,1003.7839792000013,1003.7839792000013,1004.2510397000005,,,,,v,0,0.45659089999389835,None,5,001,2025-10-03_17h25.47.437,Motor Sequence Learning Bhumika Bajaj AU2320057,,2025.1.1,59.8393910757107,2025-10-03 17h26.00.612508 +0530,
50,c,163,163,37,c,1,1.013353600006667,None,,,,,37,163,163,2,1004.2670276999997,,1004.2516220999969,1005.2500036999991,1005.2500036999991,1005.2500036999991,1005.2500036999991,1005.2500036999991,1006.250323100001,1006.250323100001,1006.250323100001,1007.26754049999,,,,,c,1,1.013353600006667,None,5,001,2025-10-03_17h25.47.437,Motor Sequence Learning Bhumika Bajaj AU2320057,,2025.1.1,59.8393910757107,2025-10-03 17h26.00.612508 +0530,
50,c,164,164,38,c,1,0.2806414000078803,None,,,,,38,164,164,2,1007.2845181000012,,1007.2678541999921,1008.2678826999909,1008.2678826999909,1008.2678826999909,1008.2678826999909,1008.2678826999909,1009.2815414999932,1009.2815414999932,1009.2815414999932,1009.5673625999916,,,,,c,1,0.2806414000078803,None,5,001,2025-10-03_17h25.47.437,Motor Sequence Learning Bhumika Bajaj AU2320057,,2025.1.1,59.8393910757107,2025-10-03 17h26.00.612508 +0530,
150,v,165,165,41,v,1,0.8207801000098698,None,,,,,41,165,165,1,1009.583670699998,,1009.5678862999921,1010.5673170999944,1010.5673170999944,1010.5673170999944,1010.5673170999944,1010.5673170999944,1011.567976499995,1011.567976499995,1011.567976499995,1012.4011983999953,,,,,v,1,0.8207801000098698,None,5,001,2025-10-03_17h25.47.437,Motor Sequence Learning Bhumika Bajaj AU2320057,,2025.1.1,59.8393910757107,2025-10-03 17h26.00.612508 +0530,
50,c,166,166,39,c,1,0.6372145999921486,None,,,,,39,166,166,2,1012.4168519999948,,1012.4017316999962,1013.417172299989,1013.417172299989,1013.417172299989,1013.417172299989,1013.417172299989,1014.4172415999928,1014.4003162000008,1014.4003162000008,1015.0511762999959,,,,,c,1,0.6372145999921486,None,5,001,2025-10-03_17h25.47.437,Motor Sequence Learning Bhumika Bajaj AU2320057,,2025.1.1,59.8393910757107,2025-10-03 17h26.00.612508 +0530,
-50,x,167,167,42,x,1,0.5442676999955438,None,,,,,42,167,167,0,1015.0661611999967,,1015.0518942999915,1016.0492885999993,1016.0492885999993,1016.0492885999993,1016.0492885999993,1016.0492885999993,1017.0487737999938,1017.0669199999975,1017.0669199999975,1017.6170402999996,,,,,x,1,0.5442676999955438,None,5,001,2025-10-03_17h25.47.437,Motor Sequence Learning Bhumika Bajaj AU2320057,,2025.1.1,59.8393910757107,2025-10-03 17h26.00.612508 +0530,
150,v,168,168,42,c,0,1.8184181000106037,None,,,,,42,168,168,1,1017.6338741999934,,1017.6176596000005,1018.6307932999916,1018.6307932999916,1018.6307932999916,1018.6307932999916,1018.6307932999916,1019.6314853999938,1019.6149141999922,1019.6149141999922,1021.4342484999943,,,,,c,0,1.8184181000106037,None,5,001,2025-10-03_17h25.47.437,Motor Sequence Learning Bhumika Bajaj AU2320057,,2025.1.1,59.8393910757107,2025-10-03 17h26.00.612508 +0530,
150,v,169,169,43,v,1,0.5178611000010278,None,,,,,43,169,169,1,1021.4496799999906,,1021.4346598999982,1022.4331275000004,1022.4331275000004,1022.4331275000004,1022.4331275000004,1022.4331275000004,1023.4334623999894,1023.4334623999894,1023.4334623999894,1023.9664967999997,,,,,v,1,0.5178611000010278,None,5,001,2025-10-03_17h25.47.437,Motor Sequence Learning Bhumika Bajaj AU2320057,,2025.1.1,59.8393910757107,2025-10-03 17h26.00.612508 +0530,
-50,x,170,170,43,x,1,2.3662550000008196,None,,,,,43,170,170,0,1023.9814650999906,,1023.9670965999976,1024.9653569999937,1024.9653569999937,1024.9653569999937,1024.9653569999937,1024.9653569999937,1025.9649383999931,1025.981326299996,1025.981326299996,1028.3515970000008,,,,,x,1,2.3662550000008196,None,5,001,2025-10-03_17h25.47.437,Motor Sequence Learning Bhumika Bajaj AU2320057,,2025.1.1,59.8393910757107,2025-10-03 17h26.00.612508 +0530,
150,v,171,171,44,v,1,0.49756030000571627,None,,,,,44,171,171,1,1028.3665192999906,,1028.3521231999912,1029.3668197999941,1029.3668197999941,1029.3668197999941,1029.3668197999941,1029.3668197999941,1030.3810363999946,1030.3643188999995,1030.3643188999995,1030.86732759999,,,,,v,1,0.49756030000571627,None,5,001,2025-10-03_17h25.47.437,Motor Sequence Learning Bhumika Bajaj AU2320057,,2025.1.1,59.8393910757107,2025-10-03 17h26.00.612508 +0530,
-150,z,172,172,43,z,1,0.9047931999957655,None,,,,,43,172,172,3,1030.8835697999893,,1030.8678701999888,1031.866969900002,1031.866969900002,1031.866969900002,1031.866969900002,1031.866969900002,1032.8813985000015,1032.8813985000015,1032.8813985000015,1033.8008289999998,,,,,z,1,0.9047931999957655,None,5,001,2025-10-03_17h25.47.437,Motor Sequence Learning Bhumika Bajaj AU2320057,,2025.1.1,59.8393910757107,2025-10-03 17h26.00.612508 +0530,
150,v,173,173,45,v,1,0.6530178000102751,None,,,,,45,173,173,1,1033.8163929000002,,1033.801366300002,1034.7999197000026,1034.7999197000026,1034.7999197000026,1034.7999197000026,1034.7999197000026,1035.799945699997,1035.8155828000017,1035.8155828000017,1036.4838209000009,,,,,v,1,0.6530178000102751,None,5,001,2025-10-03_17h25.47.437,Motor Sequence Learning Bhumika Bajaj AU2320057,,2025.1.1,59.8393910757107,2025-10-03 17h26.00.612508 +0530,
150,v,174,174,46,v,1,0.7565591000020504,None,,,,,46,174,174,1,1036.5005266999942,,1036.4845115999924,1037.4978695000027,1037.4978695000027,1037.4978695000027,1037.4978695000027,1037.4978695000027,1038.5002851999889,1038.5002851999889,1038.5002851999889,1039.2676954999915,,,,,v,1,0.7565591000020504,None,5,001,2025-10-03_17h25.47.437,Motor Sequence Learning Bhumika Bajaj AU2320057,,2025.1.1,59.8393910757107,2025-10-03 17h26.00.612508 +0530,
-50,x,175,175,44,x,1,0.46004619999439456,None,,,,,44,175,175,0,1039.2831705999997,,1039.2684504999925,1040.2673138999962,1040.2673138999962,1040.2673138999962,1040.2673138999962,1040.2673138999962,1041.281452700001,1041.281452700001,1041.281452700001,1041.7514220000012,,,,,x,1,0.46004619999439456,None,5,001,2025-10-03_17h25.47.437,Motor Sequence Learning Bhumika Bajaj AU2320057,,2025.1.1,59.8393910757107,2025-10-03 17h26.00.612508 +0530,
-150,z,176,176,44,z,1,0.6981751999992412,None,,,,,44,176,176,3,1041.766506400003,,1041.7518705999973,1042.767659499994,1042.767659499994,1042.767659499994,1042.767659499994,1042.767659499994,1043.7824761999946,1043.7664915999922,1043.7664915999922,1044.4676817,,,,,z,1,0.6981751999992412,None,5,001,2025-10-03_17h25.47.437,Motor Sequence Learning Bhumika Bajaj AU2320057,,2025.1.1,59.8393910757107,2025-10-03 17h26.00.612508 +0530,
150,v,177,177,47,v,1,0.4989157999953022,None,,,,,47,177,177,1,1044.4812107999896,,1044.4681629999977,1045.4674152999942,1045.4674152999942,1045.4674152999942,1045.4674152999942,1045.4674152999942,1046.4644852999918,1046.4644852999918,1046.4644852999918,1046.9685555000033,,,,,v,1,0.4989157999953022,None,5,001,2025-10-03_17h25.47.437,Motor Sequence Learning Bhumika Bajaj AU2320057,,2025.1.1,59.8393910757107,2025-10-03 17h26.00.612508 +0530,
-50,x,178,178,45,x,1,0.3708831999974791,None,,,,,45,178,178,0,1046.9812456999935,,1046.9690550999949,1047.9829609000008,1047.9829609000008,1047.9829609000008,1047.9829609000008,1047.9829609000008,1048.9977377999894,1048.9822943999898,1048.9822943999898,1049.3649852999952,,,,,x,1,0.3708831999974791,None,5,001,2025-10-03_17h25.47.437,Motor Sequence Learning Bhumika Bajaj AU2320057,,2025.1.1,59.8393910757107,2025-10-03 17h26.00.612508 +0530,
50,c,179,179,40,c,1,0.6769070000009378,None,,,,,40,179,179,2,1049.3805374999938,,1049.3654881999973,1050.367393099994,1050.367393099994,1050.367393099994,1050.367393099994,1050.367393099994,1051.382561499995,1051.3652382,1051.3652382,1052.049779699999,,,,,c,1,0.6769070000009378,None,5,001,2025-10-03_17h25.47.437,Motor Sequence Learning Bhumika Bajaj AU2320057,,2025.1.1,59.8393910757107,2025-10-03 17h26.00.612508 +0530,
-50,x,180,180,46,x,1,0.45457750000059605,None,,,,,46,180,180,0,1052.0656317999965,,1052.0501573999936,1053.0497537999909,1053.0497537999909,1053.0497537999909,1053.0497537999909,1053.0497537999909,1054.0499360999966,1054.0499360999966,1054.0499360999966,1054.5173229999928,,,,,x,1,0.45457750000059605,None,5,001,2025-10-03_17h25.47.437,Motor Sequence Learning Bhumika Bajaj AU2320057,,2025.1.1,59.8393910757107,2025-10-03 17h26.00.612508 +0530,
50,c,181,181,41,c,1,0.6283058999979403,None,,,,,41,181,181,2,1054.5328332999925,,1054.5180379999947,1055.5165921000007,1055.5165921000007,1055.5165921000007,1055.5165921000007,1055.5165921000007,1056.51752519999,1056.533451299998,1056.533451299998,1057.1654137000005,,,,,c,1,0.6283058999979403,None,5,001,2025-10-03_17h25.47.437,Motor Sequence Learning Bhumika Bajaj AU2320057,,2025.1.1,59.8393910757107,2025-10-03 17h26.00.612508 +0530,
50,c,182,182,42,c,1,0.3775717000098666,None,,,,,42,182,182,2,1057.1810527999914,,1057.1659502999973,1058.1663243999938,1058.1663243999938,1058.1663243999938,1058.1663243999938,1058.1663243999938,1059.165865899995,1059.165865899995,1059.165865899995,1059.5497448999959,,,,,c,1,0.3775717000098666,None,5,001,2025-10-03_17h25.47.437,Motor Sequence Learning Bhumika Bajaj AU2320057,,2025.1.1,59.8393910757107,2025-10-03 17h26.00.612508 +0530,
50,c,183,183,43,c,1,0.7418939000053797,None,,,,,43,183,183,2,1059.5663231999933,,1059.55010149999,1060.5497998999926,1060.5497998999926,1060.5497998999926,1060.5497998999926,1060.5497998999926,1061.5502774999914,1061.5502774999914,1061.5502774999914,1062.3016977999941,,,,,c,1,0.7418939000053797,None,5,001,2025-10-03_17h25.47.437,Motor Sequence Learning Bhumika Bajaj AU2320057,,2025.1.1,59.8393910757107,2025-10-03 17h26.00.612508 +0530,
-150,z,184,184,45,z,1,0.6958462999900803,None,,,,,45,184,184,3,1062.3169944999972,,1062.3022644000011,1063.316668200001,1063.316668200001,1063.316668200001,1063.316668200001,1063.316668200001,1064.317991399992,1064.317991399992,1064.317991399992,1065.0161785999953,,,,,z,1,0.6958462999900803,None,5,001,2025-10-03_17h25.47.437,Motor Sequence Learning Bhumika Bajaj AU2320057,,2025.1.1,59.8393910757107,2025-10-03 17h26.00.612508 +0530,
-50,x,185,185,47,x,1,0.559555999992881,None,,,,,47,185,185,0,1065.0312273000018,,1065.0169005999924,1066.0164335000009,1066.0164335000009,1066.0164335000009,1066.0164335000009,1066.0164335000009,1067.0164178999985,1067.0164178999985,1067.0164178999985,1067.5842552999966,,,,,x,1,0.559555999992881,None,5,001,2025-10-03_17h25.47.437,Motor Sequence Learning Bhumika Bajaj AU2320057,,2025.1.1,59.8393910757107,2025-10-03 17h26.00.612508 +0530,
-50,x,186,186,48,x,1,0.589165099998354,None,,,,,48,186,186,0,1067.5991667999915,,1067.5847231999942,1068.5834788999928,1068.5834788999928,1068.5834788999928,1068.5834788999928,1068.5834788999928,1069.583605599997,1069.583605599997,1069.583605599997,1070.1837621000013,,,,,x,1,0.589165099998354,None,5,001,2025-10-03_17h25.47.437,Motor Sequence Learning Bhumika Bajaj AU2320057,,2025.1.1,59.8393910757107,2025-10-03 17h26.00.612508 +0530,
150,v,187,187,48,v,1,1.4576301000051899,None,,,,,48,187,187,1,1070.1997225999949,,1070.184324899994,1071.1834145999892,1071.1834145999892,1071.1834145999892,1071.1834145999892,1071.1834145999892,1072.1824291999947,1072.1824291999947,1072.1824291999947,1073.6509484999988,,,,,v,1,1.4576301000051899,None,5,001,2025-10-03_17h25.47.437,Motor Sequence Learning Bhumika Bajaj AU2320057,,2025.1.1,59.8393910757107,2025-10-03 17h26.00.612508 +0530,
50,c,188,188,44,c,1,0.48683330000494607,None,,,,,44,188,188,2,1073.6648817999958,,1073.6514961999928,1074.6474362000008,1074.6474362000008,1074.6474362000008,1074.6474362000008,1074.6474362000008,1075.6474295999942,1075.6640839000029,1075.6640839000029,1076.1692301000003,,,,,c,1,0.48683330000494607,None,5,001,2025-10-03_17h25.47.437,Motor Sequence Learning Bhumika Bajaj AU2320057,,2025.1.1,59.8393910757107,2025-10-03 17h26.00.612508 +0530,
50,c,189,189,45,x,0,0.7483250999939628,None,,,,,45,189,189,2,1076.184308099997,,1076.1702053999907,1077.1803837999905,1077.1803837999905,1077.1803837999905,1077.1803837999905,1077.1803837999905,1078.182744299993,1078.182744299993,1078.182744299993,1078.9342390999955,,,,,x,0,0.7483250999939628,None,5,001,2025-10-03_17h25.47.437,Motor Sequence Learning Bhumika Bajaj AU2320057,,2025.1.1,59.8393910757107,2025-10-03 17h26.00.612508 +0530,
50,c,190,190,46,c,1,0.4482964000053471,None,,,,,46,190,190,2,1078.9498607999994,,1078.9348115999892,1079.9339661999984,1079.9339661999984,1079.9339661999984,1079.9339661999984,1079.9339661999984,1080.9477176999935,1080.9477176999935,1080.9477176999935,1081.399087999991,,,,,c,1,0.4482964000053471,None,5,001,2025-10-03_17h25.47.437,Motor Sequence Learning Bhumika Bajaj AU2320057,,2025.1.1,59.8393910757107,2025-10-03 17h26.00.612508 +0530,
50,c,191,191,47,c,1,0.8478223999991314,None,,,,,47,191,191,2,1081.414220599996,,1081.3996183999989,1082.4003330999985,1082.4003330999985,1082.4003330999985,1082.4003330999985,1082.4003330999985,1083.3999356999993,1083.3999356999993,1083.3999356999993,1084.2509449999925,,,,,c,1,0.8478223999991314,None,5,001,2025-10-03_17h25.47.437,Motor Sequence Learning Bhumika Bajaj AU2320057,,2025.1.1,59.8393910757107,2025-10-03 17h26.00.612508 +0530,
-150,z,192,192,46,z,1,0.5388042999984464,None,,,,,46,192,192,3,1084.2667671999952,,1084.2513220999972,1085.2498095999908,1085.2498095999908,1085.2498095999908,1085.2498095999908,1085.2498095999908,1086.2493669999967,1086.2659987999941,1086.2659987999941,1086.816809099997,,,,,z,1,0.5388042999984464,None,5,001,2025-10-03_17h25.47.437,Motor Sequence Learning Bhumika Bajaj AU2320057,,2025.1.1,59.8393910757107,2025-10-03 17h26.00.612508 +0530,
150,v,193,193,49,v,1,0.9052805000101216,None,,,,,49,193,193,1,1086.8315577999892,,1086.817283700002,1087.8307147000014,1087.8307147000014,1087.8307147000014,1087.8307147000014,1087.8307147000014,1088.8308155999985,1088.8308155999985,1088.8308155999985,1089.7511965000012,,,,,v,1,0.9052805000101216,None,5,001,2025-10-03_17h25.47.437,Motor Sequence Learning Bhumika Bajaj AU2320057,,2025.1.1,59.8393910757107,2025-10-03 17h26.00.612508 +0530,
-150,z,194,194,47,z,1,0.4474857000022894,None,,,,,47,194,194,3,1089.7663195999921,,1089.7518099000008,1090.7662398999964,1090.7662398999964,1090.7662398999964,1090.7662398999964,1090.7662398999964,1091.7645623999997,1091.7645623999997,1091.7645623999997,1092.2164020999917,,,,,z,1,0.4474857000022894,None,5,001,2025-10-03_17h25.47.437,Motor Sequence Learning Bhumika Bajaj AU2320057,,2025.1.1,59.8393910757107,2025-10-03 17h26.00.612508 +0530,
-50,x,195,195,49,x,1,0.49123149999650195,None,,,,,49,195,195,0,1092.2328868999903,,1092.2169870999933,1093.2163138000033,1093.2163138000033,1093.2163138000033,1093.2163138000033,1093.2163138000033,1094.2140205999895,1094.2140205999895,1094.2140205999895,1094.715064899996,,,,,x,1,0.49123149999650195,None,5,001,2025-10-03_17h25.47.437,Motor Sequence Learning Bhumika Bajaj AU2320057,,2025.1.1,59.8393910757107,2025-10-03 17h26.00.612508 +0530,
50,c,196,196,48,c,1,0.46246849998715334,None,,,,,48,196,196,2,1094.7314905999956,,1094.715618000002,1095.7167169000022,1095.7167169000022,1095.7167169000022,1095.7167169000022,1095.7167169000022,1096.7166685999982,1096.7166685999982,1096.7166685999982,1097.1812638999982,,,,,c,1,0.46246849998715334,None,5,001,2025-10-03_17h25.47.437,Motor Sequence Learning Bhumika Bajaj AU2320057,,2025.1.1,59.8393910757107,2025-10-03 17h26.00.612508 +0530,
50,c,197,197,49,c,1,0.5741660000057891,None,,,,,49,197,197,2,1097.1971750999946,,1097.181795899989,1098.1829355999944,1098.1829355999944,1098.1829355999944,1098.1829355999944,1098.1829355999944,1099.1990462999966,1099.1990462999966,1099.1990462999966,1099.7847002999915,,,,,c,1,0.5741660000057891,None,5,001,2025-10-03_17h25.47.437,Motor Sequence Learning Bhumika Bajaj AU2320057,,2025.1.1,59.8393910757107,2025-10-03 17h26.00.612508 +0530,
-150,z,198,198,48,z,1,1.4221229999966454,None,,,,,48,198,198,3,1099.8000960999925,,1099.7852357999946,1100.7833422999975,1100.7833422999975,1100.7833422999975,1100.7833422999975,1100.7833422999975,1101.7800071999955,1101.7800071999955,1101.7800071999955,1103.2180525000003,,,,,z,1,1.4221229999966454,None,5,001,2025-10-03_17h25.47.437,Motor Sequence Learning Bhumika Bajaj AU2320057,,2025.1.1,59.8393910757107,2025-10-03 17h26.00.612508 +0530,
-150,z,199,199,49,z,1,0.8179788999987068,None,,,,,49,199,199,3,1103.2330588999903,,1103.218584000002,1104.2331680999923,1104.2331680999923,1104.2331680999923,1104.2331680999923,1104.2331680999923,1105.2482744000008,1105.2316055999981,1105.2316055999981,1106.0515391999943,,,,,z,1,0.8179788999987068,None,5,001,2025-10-03_17h25.47.437,Motor Sequence Learning Bhumika Bajaj AU2320057,,2025.1.1,59.8393910757107,2025-10-03 17h26.00.612508 +0530,
