75.5426 	INFO 	Loaded monitor calibration from ['2025_08_12 09:52']
76.8860 	INFO 	Using renderer 'Intel(R) Arc(TM) Graphics' for graphics
76.8861 	INFO 	OpenGL version supported by driver is 4..
76.9256 	EXP 	Created window1 = Window(allowGUI=True, allowStencil=False, autoLog=True, backendConf=UNKNOWN, backgroundFit=<method-wrapper '__getattribute__' of attributeSetter object at 0x000001AE3FC7AA10>, backgroundImage=<method-wrapper '__getattribute__' of attributeSetter object at 0x000001AE3FC7AA70>, bitsMode=UNKNOWN, blendMode='avg', bpc=(8, 8, 8), color=array([0, 0, 0]), colorSpace='rgb', depthBits=8, fullscr=False, gamma=None, gammaErrorPolicy='raise', infoMsg=UNKNOWN, lms=UNKNOWN, monitor=<psychopy.monitors.calibTools.Monitor object at 0x000001AE4AB49F60>, multiSample=False, name='window1', numSamples=2, pos=[np.float64(640.0), np.float64(400.0)], screen=0, size=array([1280,  800]), stencilBits=0, stereo=False, title='PsychoPy', units='height', useFBO=True, useRetina=False, viewOri=0.0, viewPos=None, viewScale=None, waitBlanking=True, winType='pyglet')
76.9259 	EXP 	window1: backgroundImage = ''
76.9259 	EXP 	window1: backgroundFit = 'none'
77.4302 	EXP 	window1: Attempting to measure frame rate of screen (0) ...
77.4303 	EXP 	window1: recordFrameIntervals = False
77.6077 	EXP 	window1: recordFrameIntervals = True
77.7908 	EXP 	Screen (0) actual frame rate measured at 59.84Hz
77.7909 	EXP 	window1: recordFrameIntervals = False
78.2252 	INFO 	keyboard.Keyboard is using ptb backend.
78.2256 	INFO 	keyboard.Keyboard is using ptb backend.
78.2256 	EXP 	Motor Sequence Learning Bhumika Bajaj AU2320057: status = STARTED
78.2471 	EXP 	Created fixation = ShapeStim(__class__=<class 'psychopy.visual.shape.ShapeStim'>, anchor=('center', 'center'), autoDraw=False, autoLog=True, closeShape=True, color=method-wrapper(...), colorSpace='rgb', contrast=None, depth=0.0, draggable=False, fillColor=array([1, 1, 1]), fillColorSpace='rgb', fillRGB=array([1, 1, 1]), interpolate=True, lineColor=array([1., 1., 1.]), lineColorSpace='rgb', lineRGB=array([1, 1, 1]), lineWidth=1.0, name='fixation', opacity=1, ori=0.0, pos=array([0., 0.]), size=array([10., 10.]), units='pix', vertices=ndarray(...), win=Window(...), windingRule=None)
78.2486 	EXP 	Created line1 = Rect(__class__=<class 'psychopy.visual.rect.Rect'>, anchor=('center', 'center'), autoDraw=False, autoLog=True, closeShape=True, color=method-wrapper(...), colorSpace='rgb', contrast=None, depth=-1.0, draggable=False, fillColor=array([1, 1, 1]), fillColorSpace='rgb', fillRGB=array([1, 1, 1]), interpolate=True, lineColor=array([1., 1., 1.]), lineColorSpace='rgb', lineRGB=array([1, 1, 1]), lineWidth=1.0, name='line1', opacity=1, ori=90.0, pos=array([-150.,    0.]), size=array([100.,  10.]), units='pix', vertices=ndarray(...), win=Window(...))
78.2500 	EXP 	Created line2 = Rect(__class__=<class 'psychopy.visual.rect.Rect'>, anchor=('center', 'center'), autoDraw=False, autoLog=True, closeShape=True, color=method-wrapper(...), colorSpace='rgb', contrast=None, depth=-2.0, draggable=False, fillColor=array([1, 1, 1]), fillColorSpace='rgb', fillRGB=array([1, 1, 1]), interpolate=True, lineColor=array([1., 1., 1.]), lineColorSpace='rgb', lineRGB=array([1, 1, 1]), lineWidth=1.0, name='line2', opacity=1, ori=90.0, pos=array([-50.,   0.]), size=array([100.,  10.]), units='pix', vertices=ndarray(...), win=Window(...))
78.2540 	EXP 	Created line3 = Rect(__class__=<class 'psychopy.visual.rect.Rect'>, anchor=('center', 'center'), autoDraw=False, autoLog=True, closeShape=True, color=method-wrapper(...), colorSpace='rgb', contrast=None, depth=-3.0, draggable=False, fillColor=array([1, 1, 1]), fillColorSpace='rgb', fillRGB=array([1, 1, 1]), interpolate=True, lineColor=array([1., 1., 1.]), lineColorSpace='rgb', lineRGB=array([1, 1, 1]), lineWidth=1.0, name='line3', opacity=1, ori=90.0, pos=array([50.,  0.]), size=array([100.,  10.]), units='pix', vertices=ndarray(...), win=Window(...))
78.2552 	EXP 	Created line4 = Rect(__class__=<class 'psychopy.visual.rect.Rect'>, anchor=('center', 'center'), autoDraw=False, autoLog=True, closeShape=True, color=method-wrapper(...), colorSpace='rgb', contrast=None, depth=-4.0, draggable=False, fillColor=array([1, 1, 1]), fillColorSpace='rgb', fillRGB=array([1, 1, 1]), interpolate=True, lineColor=array([1., 1., 1.]), lineColorSpace='rgb', lineRGB=array([1, 1, 1]), lineWidth=1.0, name='line4', opacity=1, ori=90.0, pos=array([150.,   0.]), size=array([100.,  10.]), units='pix', vertices=ndarray(...), win=Window(...))
78.2569 	EXP 	Created probe = ShapeStim(__class__=<class 'psychopy.visual.shape.ShapeStim'>, anchor=('center', 'center'), autoDraw=False, autoLog=True, closeShape=True, color=method-wrapper(...), colorSpace='rgb', contrast=None, depth=-5.0, draggable=False, fillColor=array([1, 1, 1]), fillColorSpace='rgb', fillRGB=array([1, 1, 1]), interpolate=True, lineColor=array([1., 1., 1.]), lineColorSpace='rgb', lineRGB=array([1, 1, 1]), lineWidth=1.0, name='probe', opacity=1, ori=0.0, pos=array([0., 0.]), size=array([10., 10.]), units='pix', vertices=ndarray(...), win=Window(...), windingRule=None)
78.2588 	EXP 	Created fixation = ShapeStim(__class__=<class 'psychopy.visual.shape.ShapeStim'>, anchor=('center', 'center'), autoDraw=False, autoLog=True, closeShape=True, color=method-wrapper(...), colorSpace='rgb', contrast=None, depth=0.0, draggable=False, fillColor=array([1, 1, 1]), fillColorSpace='rgb', fillRGB=array([1, 1, 1]), interpolate=True, lineColor=array([1., 1., 1.]), lineColorSpace='rgb', lineRGB=array([1, 1, 1]), lineWidth=1.0, name='fixation', opacity=1, ori=0.0, pos=array([0., 0.]), size=array([10., 10.]), units='pix', vertices=ndarray(...), win=Window(...), windingRule=None)
78.2600 	EXP 	Created line1 = Rect(__class__=<class 'psychopy.visual.rect.Rect'>, anchor=('center', 'center'), autoDraw=False, autoLog=True, closeShape=True, color=method-wrapper(...), colorSpace='rgb', contrast=None, depth=-1.0, draggable=False, fillColor=array([1, 1, 1]), fillColorSpace='rgb', fillRGB=array([1, 1, 1]), interpolate=True, lineColor=array([1., 1., 1.]), lineColorSpace='rgb', lineRGB=array([1, 1, 1]), lineWidth=1.0, name='line1', opacity=1, ori=90.0, pos=array([-150.,    0.]), size=array([100.,  10.]), units='pix', vertices=ndarray(...), win=Window(...))
78.2612 	EXP 	Created line2 = Rect(__class__=<class 'psychopy.visual.rect.Rect'>, anchor=('center', 'center'), autoDraw=False, autoLog=True, closeShape=True, color=method-wrapper(...), colorSpace='rgb', contrast=None, depth=-2.0, draggable=False, fillColor=array([1, 1, 1]), fillColorSpace='rgb', fillRGB=array([1, 1, 1]), interpolate=True, lineColor=array([1., 1., 1.]), lineColorSpace='rgb', lineRGB=array([1, 1, 1]), lineWidth=1.0, name='line2', opacity=1, ori=90.0, pos=array([-50.,   0.]), size=array([100.,  10.]), units='pix', vertices=ndarray(...), win=Window(...))
78.2624 	EXP 	Created line3 = Rect(__class__=<class 'psychopy.visual.rect.Rect'>, anchor=('center', 'center'), autoDraw=False, autoLog=True, closeShape=True, color=method-wrapper(...), colorSpace='rgb', contrast=None, depth=-3.0, draggable=False, fillColor=array([1, 1, 1]), fillColorSpace='rgb', fillRGB=array([1, 1, 1]), interpolate=True, lineColor=array([1., 1., 1.]), lineColorSpace='rgb', lineRGB=array([1, 1, 1]), lineWidth=1.0, name='line3', opacity=1, ori=90.0, pos=array([50.,  0.]), size=array([100.,  10.]), units='pix', vertices=ndarray(...), win=Window(...))
78.2636 	EXP 	Created line4 = Rect(__class__=<class 'psychopy.visual.rect.Rect'>, anchor=('center', 'center'), autoDraw=False, autoLog=True, closeShape=True, color=method-wrapper(...), colorSpace='rgb', contrast=None, depth=-4.0, draggable=False, fillColor=array([1, 1, 1]), fillColorSpace='rgb', fillRGB=array([1, 1, 1]), interpolate=True, lineColor=array([1., 1., 1.]), lineColorSpace='rgb', lineRGB=array([1, 1, 1]), lineWidth=1.0, name='line4', opacity=1, ori=90.0, pos=array([150.,   0.]), size=array([100.,  10.]), units='pix', vertices=ndarray(...), win=Window(...))
78.2652 	EXP 	Created probe = ShapeStim(__class__=<class 'psychopy.visual.shape.ShapeStim'>, anchor=('center', 'center'), autoDraw=False, autoLog=True, closeShape=True, color=method-wrapper(...), colorSpace='rgb', contrast=None, depth=-5.0, draggable=False, fillColor=array([1, 1, 1]), fillColorSpace='rgb', fillRGB=array([1, 1, 1]), interpolate=True, lineColor=array([1., 1., 1.]), lineColorSpace='rgb', lineRGB=array([1, 1, 1]), lineWidth=1.0, name='probe', opacity=1, ori=0.0, pos=array([0., 0.]), size=array([10., 10.]), units='pix', vertices=ndarray(...), win=Window(...), windingRule=None)
0.0271 	EXP 	Imported C:/Users/bhumika/OneDrive/Documents/sequence_con.csv.xlsx as conditions, 4 conditions, 2 params
0.0290 	EXP 	New trial (rep=0, index=0): <Trial 0 (0 in rep 0) data={'pos': -50, 'corr_resp': 'x', 'thisN': 0, 'thisTrialN': 0, 'thisRepN': 0}>
1.0096 	EXP 	fixation: autoDraw = True
1.0096 	EXP 	line1: autoDraw = True
1.0096 	EXP 	line2: autoDraw = True
1.0096 	EXP 	line3: autoDraw = True
1.0096 	EXP 	line4: autoDraw = True
2.0107 	INFO 	Keyboard events cleared
2.0105 	EXP 	fixation: autoDraw = False
2.0105 	EXP 	probe: autoDraw = True
4.8871 	EXP 	Device response: <KeyPress from None: t=4.872965799993835, value=x, duration=None>
4.8880 	EXP 	New trial (rep=0, index=1): <Trial 1 (1 in rep 0) data={'pos': 150, 'corr_resp': 'v', 'thisN': 1, 'thisTrialN': 1, 'thisRepN': 0}>
4.8894 	DATA 	Keypress: x
4.9086 	EXP 	fixation: autoDraw = False
4.9086 	EXP 	line1: autoDraw = False
4.9086 	EXP 	line2: autoDraw = False
4.9086 	EXP 	line3: autoDraw = False
4.9086 	EXP 	line4: autoDraw = False
4.9086 	EXP 	probe: autoDraw = False
5.1266 	EXP 	Device response: <KeyPress from None: t=4.872965799993835, value=x, duration=0.23769259999971837>
5.8973 	EXP 	fixation: autoDraw = True
5.8973 	EXP 	line1: autoDraw = True
5.8973 	EXP 	line2: autoDraw = True
5.8973 	EXP 	line3: autoDraw = True
5.8973 	EXP 	line4: autoDraw = True
6.8935 	INFO 	Keyboard events cleared
6.8933 	EXP 	probe: autoDraw = True
6.9103 	EXP 	fixation: autoDraw = False
7.7102 	EXP 	Device response: <KeyPress from None: t=7.705090000003111, value=v, duration=None>
7.7106 	EXP 	New trial (rep=0, index=2): <Trial 2 (2 in rep 0) data={'pos': 50, 'corr_resp': 'c', 'thisN': 2, 'thisTrialN': 2, 'thisRepN': 0}>
7.7119 	DATA 	Keypress: v
7.7268 	EXP 	fixation: autoDraw = False
7.7268 	EXP 	line1: autoDraw = False
7.7268 	EXP 	line2: autoDraw = False
7.7268 	EXP 	line3: autoDraw = False
7.7268 	EXP 	line4: autoDraw = False
7.7268 	EXP 	probe: autoDraw = False
7.8770 	EXP 	Device response: <KeyPress from None: t=7.705090000003111, value=v, duration=0.1610067000001436>
8.7271 	EXP 	fixation: autoDraw = True
8.7271 	EXP 	line1: autoDraw = True
8.7271 	EXP 	line2: autoDraw = True
8.7271 	EXP 	line3: autoDraw = True
8.7271 	EXP 	line4: autoDraw = True
9.7101 	INFO 	Keyboard events cleared
9.7099 	EXP 	probe: autoDraw = True
9.7262 	EXP 	fixation: autoDraw = False
10.3276 	EXP 	Device response: <KeyPress from None: t=10.32271849999961, value=c, duration=None>
10.3280 	EXP 	New trial (rep=0, index=3): <Trial 3 (3 in rep 0) data={'pos': -150, 'corr_resp': 'z', 'thisN': 3, 'thisTrialN': 3, 'thisRepN': 0}>
10.3293 	DATA 	Keypress: c
10.3432 	EXP 	fixation: autoDraw = False
10.3432 	EXP 	line1: autoDraw = False
10.3432 	EXP 	line2: autoDraw = False
10.3432 	EXP 	line3: autoDraw = False
10.3432 	EXP 	line4: autoDraw = False
10.3432 	EXP 	probe: autoDraw = False
10.5112 	EXP 	Device response: <KeyPress from None: t=10.32271849999961, value=c, duration=0.1861093999905279>
11.3470 	EXP 	fixation: autoDraw = True
11.3470 	EXP 	line1: autoDraw = True
11.3470 	EXP 	line2: autoDraw = True
11.3470 	EXP 	line3: autoDraw = True
11.3470 	EXP 	line4: autoDraw = True
12.3454 	INFO 	Keyboard events cleared
12.3451 	EXP 	probe: autoDraw = True
12.3616 	EXP 	fixation: autoDraw = False
12.7611 	EXP 	Device response: <KeyPress from None: t=12.752313099990715, value=z, duration=None>
12.7615 	EXP 	New trial (rep=1, index=0): <Trial 4 (0 in rep 1) data={'pos': -50, 'corr_resp': 'x', 'thisN': 4, 'thisTrialN': 0, 'thisRepN': 1}>
12.7628 	DATA 	Keypress: z
12.7767 	EXP 	fixation: autoDraw = False
12.7767 	EXP 	line1: autoDraw = False
12.7767 	EXP 	line2: autoDraw = False
12.7767 	EXP 	line3: autoDraw = False
12.7767 	EXP 	line4: autoDraw = False
12.7767 	EXP 	probe: autoDraw = False
12.8773 	EXP 	Device response: <KeyPress from None: t=12.752313099990715, value=z, duration=0.12013039999874309>
13.7764 	EXP 	fixation: autoDraw = True
13.7764 	EXP 	line1: autoDraw = True
13.7764 	EXP 	line2: autoDraw = True
13.7764 	EXP 	line3: autoDraw = True
13.7764 	EXP 	line4: autoDraw = True
14.7771 	INFO 	Keyboard events cleared
14.7769 	EXP 	fixation: autoDraw = False
14.7769 	EXP 	probe: autoDraw = True
15.3114 	EXP 	Device response: <KeyPress from None: t=15.30520709999837, value=x, duration=None>
15.3117 	EXP 	New trial (rep=1, index=1): <Trial 5 (1 in rep 1) data={'pos': 150, 'corr_resp': 'v', 'thisN': 5, 'thisTrialN': 1, 'thisRepN': 1}>
15.3129 	DATA 	Keypress: x
15.3268 	EXP 	fixation: autoDraw = False
15.3268 	EXP 	line1: autoDraw = False
15.3268 	EXP 	line2: autoDraw = False
15.3268 	EXP 	line3: autoDraw = False
15.3268 	EXP 	line4: autoDraw = False
15.3268 	EXP 	probe: autoDraw = False
15.4106 	EXP 	Device response: <KeyPress from None: t=15.30520709999837, value=x, duration=0.1047411000035936>
16.3265 	EXP 	fixation: autoDraw = True
16.3265 	EXP 	line1: autoDraw = True
16.3265 	EXP 	line2: autoDraw = True
16.3265 	EXP 	line3: autoDraw = True
16.3265 	EXP 	line4: autoDraw = True
17.3266 	INFO 	Keyboard events cleared
17.3264 	EXP 	fixation: autoDraw = False
17.3264 	EXP 	probe: autoDraw = True
17.9438 	EXP 	Device response: <KeyPress from None: t=17.933941600000253, value=v, duration=None>
17.9443 	EXP 	New trial (rep=1, index=2): <Trial 6 (2 in rep 1) data={'pos': 50, 'corr_resp': 'c', 'thisN': 6, 'thisTrialN': 2, 'thisRepN': 1}>
17.9455 	DATA 	Keypress: v
17.9598 	EXP 	fixation: autoDraw = False
17.9598 	EXP 	line1: autoDraw = False
17.9598 	EXP 	line2: autoDraw = False
17.9598 	EXP 	line3: autoDraw = False
17.9598 	EXP 	line4: autoDraw = False
17.9598 	EXP 	probe: autoDraw = False
18.0945 	EXP 	Device response: <KeyPress from None: t=17.933941600000253, value=v, duration=0.15561400000297>
18.9430 	EXP 	fixation: autoDraw = True
18.9430 	EXP 	line1: autoDraw = True
18.9430 	EXP 	line2: autoDraw = True
18.9430 	EXP 	line3: autoDraw = True
18.9430 	EXP 	line4: autoDraw = True
19.9468 	INFO 	Keyboard events cleared
19.9465 	EXP 	fixation: autoDraw = False
19.9465 	EXP 	probe: autoDraw = True
20.5941 	EXP 	Device response: <KeyPress from None: t=20.58491389999108, value=c, duration=None>
20.5945 	EXP 	New trial (rep=1, index=3): <Trial 7 (3 in rep 1) data={'pos': -150, 'corr_resp': 'z', 'thisN': 7, 'thisTrialN': 3, 'thisRepN': 1}>
20.5959 	DATA 	Keypress: c
20.6100 	EXP 	fixation: autoDraw = False
20.6100 	EXP 	line1: autoDraw = False
20.6100 	EXP 	line2: autoDraw = False
20.6100 	EXP 	line3: autoDraw = False
20.6100 	EXP 	line4: autoDraw = False
20.6100 	EXP 	probe: autoDraw = False
20.7938 	EXP 	Device response: <KeyPress from None: t=20.58491389999108, value=c, duration=0.19313050000346266>
21.5986 	EXP 	fixation: autoDraw = True
21.5986 	EXP 	line1: autoDraw = True
21.5986 	EXP 	line2: autoDraw = True
21.5986 	EXP 	line3: autoDraw = True
21.5986 	EXP 	line4: autoDraw = True
22.5933 	INFO 	Keyboard events cleared
22.5931 	EXP 	probe: autoDraw = True
22.6100 	EXP 	fixation: autoDraw = False
23.1298 	EXP 	Device response: <KeyPress from None: t=23.123252399993362, value=z, duration=None>
23.1302 	EXP 	New trial (rep=2, index=0): <Trial 8 (0 in rep 2) data={'pos': -50, 'corr_resp': 'x', 'thisN': 8, 'thisTrialN': 0, 'thisRepN': 2}>
23.1319 	DATA 	Keypress: z
23.1466 	EXP 	fixation: autoDraw = False
23.1466 	EXP 	line1: autoDraw = False
23.1466 	EXP 	line2: autoDraw = False
23.1466 	EXP 	line3: autoDraw = False
23.1466 	EXP 	line4: autoDraw = False
23.1466 	EXP 	probe: autoDraw = False
23.2631 	EXP 	Device response: <KeyPress from None: t=23.123252399993362, value=z, duration=0.12724149999849033>
24.1289 	EXP 	fixation: autoDraw = True
24.1289 	EXP 	line1: autoDraw = True
24.1289 	EXP 	line2: autoDraw = True
24.1289 	EXP 	line3: autoDraw = True
24.1289 	EXP 	line4: autoDraw = True
25.1424 	INFO 	Keyboard events cleared
25.1421 	EXP 	fixation: autoDraw = False
25.1421 	EXP 	probe: autoDraw = True
25.7082 	EXP 	Device response: <KeyPress from None: t=25.69960130000254, value=x, duration=None>
25.7087 	EXP 	New trial (rep=2, index=1): <Trial 9 (1 in rep 2) data={'pos': 150, 'corr_resp': 'v', 'thisN': 9, 'thisTrialN': 1, 'thisRepN': 2}>
25.7099 	DATA 	Keypress: x
25.7243 	EXP 	fixation: autoDraw = False
25.7243 	EXP 	line1: autoDraw = False
25.7243 	EXP 	line2: autoDraw = False
25.7243 	EXP 	line3: autoDraw = False
25.7243 	EXP 	line4: autoDraw = False
25.7243 	EXP 	probe: autoDraw = False
25.9756 	EXP 	Device response: <KeyPress from None: t=25.69960130000254, value=x, duration=0.27145059999020305>
26.7131 	EXP 	fixation: autoDraw = True
26.7131 	EXP 	line1: autoDraw = True
26.7131 	EXP 	line2: autoDraw = True
26.7131 	EXP 	line3: autoDraw = True
26.7131 	EXP 	line4: autoDraw = True
27.7105 	INFO 	Keyboard events cleared
27.7104 	EXP 	probe: autoDraw = True
27.7250 	EXP 	fixation: autoDraw = False
28.3273 	EXP 	Device response: <KeyPress from None: t=28.316263499989873, value=v, duration=None>
28.3277 	EXP 	New trial (rep=2, index=2): <Trial 10 (2 in rep 2) data={'pos': 50, 'corr_resp': 'c', 'thisN': 10, 'thisTrialN': 2, 'thisRepN': 2}>
28.3290 	DATA 	Keypress: v
28.3434 	EXP 	fixation: autoDraw = False
28.3434 	EXP 	line1: autoDraw = False
28.3434 	EXP 	line2: autoDraw = False
28.3434 	EXP 	line3: autoDraw = False
28.3434 	EXP 	line4: autoDraw = False
28.3434 	EXP 	probe: autoDraw = False
28.5162 	EXP 	Device response: <KeyPress from None: t=28.316263499989873, value=v, duration=0.19476240000221878>
29.3434 	EXP 	fixation: autoDraw = True
29.3434 	EXP 	line1: autoDraw = True
29.3434 	EXP 	line2: autoDraw = True
29.3434 	EXP 	line3: autoDraw = True
29.3434 	EXP 	line4: autoDraw = True
30.3437 	INFO 	Keyboard events cleared
30.3434 	EXP 	fixation: autoDraw = False
30.3434 	EXP 	probe: autoDraw = True
30.7749 	EXP 	Device response: <KeyPress from None: t=30.7685952999891, value=c, duration=None>
30.7752 	EXP 	New trial (rep=2, index=3): <Trial 11 (3 in rep 2) data={'pos': -150, 'corr_resp': 'z', 'thisN': 11, 'thisTrialN': 3, 'thisRepN': 2}>
30.7772 	DATA 	Keypress: c
30.7905 	EXP 	fixation: autoDraw = False
30.7905 	EXP 	line1: autoDraw = False
30.7905 	EXP 	line2: autoDraw = False
30.7905 	EXP 	line3: autoDraw = False
30.7905 	EXP 	line4: autoDraw = False
30.7905 	EXP 	probe: autoDraw = False
30.9950 	EXP 	Device response: <KeyPress from None: t=30.7685952999891, value=c, duration=0.21194040001137182>
31.7769 	EXP 	fixation: autoDraw = True
31.7769 	EXP 	line1: autoDraw = True
31.7769 	EXP 	line2: autoDraw = True
31.7769 	EXP 	line3: autoDraw = True
31.7769 	EXP 	line4: autoDraw = True
32.7769 	INFO 	Keyboard events cleared
32.7767 	EXP 	fixation: autoDraw = False
32.7767 	EXP 	probe: autoDraw = True
33.2291 	DATA 	Keypress: z
33.2435 	EXP 	Device response: <KeyPress from None: t=33.22803459998977, value=z, duration=None>
33.2440 	EXP 	New trial (rep=3, index=0): <Trial 12 (0 in rep 3) data={'pos': -50, 'corr_resp': 'x', 'thisN': 12, 'thisTrialN': 0, 'thisRepN': 3}>
33.2600 	EXP 	fixation: autoDraw = False
33.2600 	EXP 	line1: autoDraw = False
33.2600 	EXP 	line2: autoDraw = False
33.2600 	EXP 	line3: autoDraw = False
33.2600 	EXP 	line4: autoDraw = False
33.2600 	EXP 	probe: autoDraw = False
33.3772 	EXP 	Device response: <KeyPress from None: t=33.22803459998977, value=z, duration=0.1459682000131579>
34.2594 	EXP 	fixation: autoDraw = True
34.2594 	EXP 	line1: autoDraw = True
34.2594 	EXP 	line2: autoDraw = True
34.2594 	EXP 	line3: autoDraw = True
34.2594 	EXP 	line4: autoDraw = True
35.2472 	INFO 	Keyboard events cleared
35.2469 	EXP 	probe: autoDraw = True
35.2635 	EXP 	fixation: autoDraw = False
35.5624 	DATA 	Keypress: x
35.5777 	EXP 	Device response: <KeyPress from None: t=35.56183969999256, value=x, duration=None>
35.5781 	EXP 	New trial (rep=3, index=1): <Trial 13 (1 in rep 3) data={'pos': 150, 'corr_resp': 'v', 'thisN': 13, 'thisTrialN': 1, 'thisRepN': 3}>
35.5933 	EXP 	fixation: autoDraw = False
35.5933 	EXP 	line1: autoDraw = False
35.5933 	EXP 	line2: autoDraw = False
35.5933 	EXP 	line3: autoDraw = False
35.5933 	EXP 	line4: autoDraw = False
35.5933 	EXP 	probe: autoDraw = False
35.7779 	EXP 	Device response: <KeyPress from None: t=35.56183969999256, value=x, duration=0.19870550000632647>
36.5801 	EXP 	fixation: autoDraw = True
36.5801 	EXP 	line1: autoDraw = True
36.5801 	EXP 	line2: autoDraw = True
36.5801 	EXP 	line3: autoDraw = True
36.5801 	EXP 	line4: autoDraw = True
37.5795 	INFO 	Keyboard events cleared
37.5792 	EXP 	fixation: autoDraw = False
37.5792 	EXP 	probe: autoDraw = True
38.1266 	EXP 	Device response: <KeyPress from None: t=38.12135760000092, value=v, duration=None>
38.1271 	EXP 	New trial (rep=3, index=2): <Trial 14 (2 in rep 3) data={'pos': 50, 'corr_resp': 'c', 'thisN': 14, 'thisTrialN': 2, 'thisRepN': 3}>
38.1283 	DATA 	Keypress: v
38.1434 	EXP 	fixation: autoDraw = False
38.1434 	EXP 	line1: autoDraw = False
38.1434 	EXP 	line2: autoDraw = False
38.1434 	EXP 	line3: autoDraw = False
38.1434 	EXP 	line4: autoDraw = False
38.1434 	EXP 	probe: autoDraw = False
38.3275 	EXP 	Device response: <KeyPress from None: t=38.12135760000092, value=v, duration=0.18985840000095777>
39.1432 	EXP 	fixation: autoDraw = True
39.1432 	EXP 	line1: autoDraw = True
39.1432 	EXP 	line2: autoDraw = True
39.1432 	EXP 	line3: autoDraw = True
39.1432 	EXP 	line4: autoDraw = True
40.1429 	INFO 	Keyboard events cleared
40.1427 	EXP 	fixation: autoDraw = False
40.1427 	EXP 	probe: autoDraw = True
40.7744 	EXP 	Device response: <KeyPress from None: t=40.76197500000126, value=c, duration=None>
40.7747 	EXP 	New trial (rep=3, index=3): <Trial 15 (3 in rep 3) data={'pos': -150, 'corr_resp': 'z', 'thisN': 15, 'thisTrialN': 3, 'thisRepN': 3}>
40.7758 	DATA 	Keypress: c
40.7905 	EXP 	fixation: autoDraw = False
40.7905 	EXP 	line1: autoDraw = False
40.7905 	EXP 	line2: autoDraw = False
40.7905 	EXP 	line3: autoDraw = False
40.7905 	EXP 	line4: autoDraw = False
40.7905 	EXP 	probe: autoDraw = False
40.9766 	EXP 	Device response: <KeyPress from None: t=40.76197500000126, value=c, duration=0.20942899999499787>
41.7766 	EXP 	fixation: autoDraw = True
41.7766 	EXP 	line1: autoDraw = True
41.7766 	EXP 	line2: autoDraw = True
41.7766 	EXP 	line3: autoDraw = True
41.7766 	EXP 	line4: autoDraw = True
42.7761 	INFO 	Keyboard events cleared
42.7759 	EXP 	fixation: autoDraw = False
42.7759 	EXP 	probe: autoDraw = True
43.4600 	EXP 	Device response: <KeyPress from None: t=43.44869319999998, value=z, duration=None>
43.4604 	EXP 	New trial (rep=4, index=0): <Trial 16 (0 in rep 4) data={'pos': -50, 'corr_resp': 'x', 'thisN': 16, 'thisTrialN': 0, 'thisRepN': 4}>
43.4619 	DATA 	Keypress: z
43.4762 	EXP 	fixation: autoDraw = False
43.4762 	EXP 	line1: autoDraw = False
43.4762 	EXP 	line2: autoDraw = False
43.4762 	EXP 	line3: autoDraw = False
43.4762 	EXP 	line4: autoDraw = False
43.4762 	EXP 	probe: autoDraw = False
43.5930 	EXP 	Device response: <KeyPress from None: t=43.44869319999998, value=z, duration=0.13931050000246614>
44.4593 	EXP 	fixation: autoDraw = True
44.4593 	EXP 	line1: autoDraw = True
44.4593 	EXP 	line2: autoDraw = True
44.4593 	EXP 	line3: autoDraw = True
44.4593 	EXP 	line4: autoDraw = True
45.4592 	INFO 	Keyboard events cleared
45.4590 	EXP 	fixation: autoDraw = False
45.4590 	EXP 	probe: autoDraw = True
46.2102 	EXP 	Device response: <KeyPress from None: t=46.195500399990124, value=x, duration=None>
46.2106 	EXP 	New trial (rep=4, index=1): <Trial 17 (1 in rep 4) data={'pos': 150, 'corr_resp': 'v', 'thisN': 17, 'thisTrialN': 1, 'thisRepN': 4}>
46.2119 	DATA 	Keypress: x
46.2262 	EXP 	fixation: autoDraw = False
46.2262 	EXP 	line1: autoDraw = False
46.2262 	EXP 	line2: autoDraw = False
46.2262 	EXP 	line3: autoDraw = False
46.2262 	EXP 	line4: autoDraw = False
46.2262 	EXP 	probe: autoDraw = False
46.3432 	EXP 	Device response: <KeyPress from None: t=46.195500399990124, value=x, duration=0.13075270000263117>
47.2263 	EXP 	fixation: autoDraw = True
47.2263 	EXP 	line1: autoDraw = True
47.2263 	EXP 	line2: autoDraw = True
47.2263 	EXP 	line3: autoDraw = True
47.2263 	EXP 	line4: autoDraw = True
48.2099 	INFO 	Keyboard events cleared
48.2097 	EXP 	probe: autoDraw = True
48.2264 	EXP 	fixation: autoDraw = False
48.8485 	EXP 	Device response: <KeyPress from None: t=48.84029969999392, value=v, duration=None>
48.8493 	EXP 	New trial (rep=4, index=2): <Trial 18 (2 in rep 4) data={'pos': 50, 'corr_resp': 'c', 'thisN': 18, 'thisTrialN': 2, 'thisRepN': 4}>
48.8518 	DATA 	Keypress: v
48.8656 	EXP 	fixation: autoDraw = False
48.8656 	EXP 	line1: autoDraw = False
48.8656 	EXP 	line2: autoDraw = False
48.8656 	EXP 	line3: autoDraw = False
48.8656 	EXP 	line4: autoDraw = False
48.8656 	EXP 	probe: autoDraw = False
49.0294 	EXP 	Device response: <KeyPress from None: t=48.84029969999392, value=v, duration=0.18022959999507293>
49.8590 	EXP 	fixation: autoDraw = True
49.8590 	EXP 	line1: autoDraw = True
49.8590 	EXP 	line2: autoDraw = True
49.8590 	EXP 	line3: autoDraw = True
49.8590 	EXP 	line4: autoDraw = True
50.8595 	INFO 	Keyboard events cleared
50.8593 	EXP 	fixation: autoDraw = False
50.8593 	EXP 	probe: autoDraw = True
51.3268 	EXP 	Device response: <KeyPress from None: t=51.323053200001596, value=c, duration=None>
51.3272 	EXP 	New trial (rep=4, index=3): <Trial 19 (3 in rep 4) data={'pos': -150, 'corr_resp': 'z', 'thisN': 19, 'thisTrialN': 3, 'thisRepN': 4}>
51.3285 	DATA 	Keypress: c
51.3440 	EXP 	fixation: autoDraw = False
51.3440 	EXP 	line1: autoDraw = False
51.3440 	EXP 	line2: autoDraw = False
51.3440 	EXP 	line3: autoDraw = False
51.3440 	EXP 	line4: autoDraw = False
51.3440 	EXP 	probe: autoDraw = False
51.4602 	EXP 	Device response: <KeyPress from None: t=51.323053200001596, value=c, duration=0.13395799999125302>
52.3430 	EXP 	fixation: autoDraw = True
52.3430 	EXP 	line1: autoDraw = True
52.3430 	EXP 	line2: autoDraw = True
52.3430 	EXP 	line3: autoDraw = True
52.3430 	EXP 	line4: autoDraw = True
53.3258 	INFO 	Keyboard events cleared
53.3256 	EXP 	probe: autoDraw = True
53.3428 	EXP 	fixation: autoDraw = False
53.7954 	DATA 	Keypress: z
53.8100 	EXP 	Device response: <KeyPress from None: t=53.794318899992504, value=z, duration=None>
53.8104 	EXP 	New trial (rep=5, index=0): <Trial 20 (0 in rep 5) data={'pos': -50, 'corr_resp': 'x', 'thisN': 20, 'thisTrialN': 0, 'thisRepN': 5}>
53.8261 	EXP 	fixation: autoDraw = False
53.8261 	EXP 	line1: autoDraw = False
53.8261 	EXP 	line2: autoDraw = False
53.8261 	EXP 	line3: autoDraw = False
53.8261 	EXP 	line4: autoDraw = False
53.8261 	EXP 	probe: autoDraw = False
53.9773 	EXP 	Device response: <KeyPress from None: t=53.794318899992504, value=z, duration=0.17960100001073442>
54.8097 	EXP 	fixation: autoDraw = True
54.8097 	EXP 	line1: autoDraw = True
54.8097 	EXP 	line2: autoDraw = True
54.8097 	EXP 	line3: autoDraw = True
54.8097 	EXP 	line4: autoDraw = True
55.8097 	INFO 	Keyboard events cleared
55.8095 	EXP 	fixation: autoDraw = False
55.8095 	EXP 	probe: autoDraw = True
57.0100 	EXP 	Device response: <KeyPress from None: t=57.00112069999159, value=c, duration=None>
57.0104 	EXP 	New trial (rep=5, index=1): <Trial 21 (1 in rep 5) data={'pos': 150, 'corr_resp': 'v', 'thisN': 21, 'thisTrialN': 1, 'thisRepN': 5}>
57.0119 	DATA 	Keypress: c
57.0236 	EXP 	fixation: autoDraw = False
57.0236 	EXP 	line1: autoDraw = False
57.0236 	EXP 	line2: autoDraw = False
57.0236 	EXP 	line3: autoDraw = False
57.0236 	EXP 	line4: autoDraw = False
57.0236 	EXP 	probe: autoDraw = False
57.2097 	EXP 	Device response: <KeyPress from None: t=57.00112069999159, value=c, duration=0.20127360000333283>
58.0089 	EXP 	fixation: autoDraw = True
58.0089 	EXP 	line1: autoDraw = True
58.0089 	EXP 	line2: autoDraw = True
58.0089 	EXP 	line3: autoDraw = True
58.0089 	EXP 	line4: autoDraw = True
59.0097 	INFO 	Keyboard events cleared
59.0095 	EXP 	fixation: autoDraw = False
59.0095 	EXP 	probe: autoDraw = True
59.6935 	EXP 	Device response: <KeyPress from None: t=59.69295499999134, value=v, duration=None>
59.6939 	EXP 	New trial (rep=5, index=2): <Trial 22 (2 in rep 5) data={'pos': 50, 'corr_resp': 'c', 'thisN': 22, 'thisTrialN': 2, 'thisRepN': 5}>
59.6951 	DATA 	Keypress: v
59.7096 	EXP 	fixation: autoDraw = False
59.7096 	EXP 	line1: autoDraw = False
59.7096 	EXP 	line2: autoDraw = False
59.7096 	EXP 	line3: autoDraw = False
59.7096 	EXP 	line4: autoDraw = False
59.7096 	EXP 	probe: autoDraw = False
59.8596 	EXP 	Device response: <KeyPress from None: t=59.69295499999134, value=v, duration=0.1593188000115333>
60.6926 	EXP 	fixation: autoDraw = True
60.6926 	EXP 	line1: autoDraw = True
60.6926 	EXP 	line2: autoDraw = True
60.6926 	EXP 	line3: autoDraw = True
60.6926 	EXP 	line4: autoDraw = True
61.6937 	INFO 	Keyboard events cleared
61.6935 	EXP 	fixation: autoDraw = False
61.6935 	EXP 	probe: autoDraw = True
62.0940 	EXP 	Device response: <KeyPress from None: t=62.08869109999796, value=c, duration=None>
62.0944 	EXP 	New trial (rep=5, index=3): <Trial 23 (3 in rep 5) data={'pos': -150, 'corr_resp': 'z', 'thisN': 23, 'thisTrialN': 3, 'thisRepN': 5}>
62.0957 	DATA 	Keypress: c
62.1094 	EXP 	fixation: autoDraw = False
62.1094 	EXP 	line1: autoDraw = False
62.1094 	EXP 	line2: autoDraw = False
62.1094 	EXP 	line3: autoDraw = False
62.1094 	EXP 	line4: autoDraw = False
62.1094 	EXP 	probe: autoDraw = False
62.3095 	EXP 	Device response: <KeyPress from None: t=62.08869109999796, value=c, duration=0.20792400000209454>
63.1092 	EXP 	fixation: autoDraw = True
63.1092 	EXP 	line1: autoDraw = True
63.1092 	EXP 	line2: autoDraw = True
63.1092 	EXP 	line3: autoDraw = True
63.1092 	EXP 	line4: autoDraw = True
64.1071 	INFO 	Keyboard events cleared
64.1070 	EXP 	fixation: autoDraw = False
64.1070 	EXP 	probe: autoDraw = True
64.6268 	EXP 	Device response: <KeyPress from None: t=64.62363570000161, value=z, duration=None>
64.6272 	EXP 	New trial (rep=6, index=0): <Trial 24 (0 in rep 6) data={'pos': -50, 'corr_resp': 'x', 'thisN': 24, 'thisTrialN': 0, 'thisRepN': 6}>
64.6285 	DATA 	Keypress: z
64.6435 	EXP 	fixation: autoDraw = False
64.6435 	EXP 	line1: autoDraw = False
64.6435 	EXP 	line2: autoDraw = False
64.6435 	EXP 	line3: autoDraw = False
64.6435 	EXP 	line4: autoDraw = False
64.6435 	EXP 	probe: autoDraw = False
64.7931 	EXP 	Device response: <KeyPress from None: t=64.62363570000161, value=z, duration=0.15952809998998418>
65.6443 	EXP 	fixation: autoDraw = True
65.6443 	EXP 	line1: autoDraw = True
65.6443 	EXP 	line2: autoDraw = True
65.6443 	EXP 	line3: autoDraw = True
65.6443 	EXP 	line4: autoDraw = True
66.6262 	INFO 	Keyboard events cleared
66.6260 	EXP 	probe: autoDraw = True
66.6602 	EXP 	fixation: autoDraw = False
67.1103 	EXP 	Device response: <KeyPress from None: t=67.09758210000291, value=x, duration=None>
67.1107 	EXP 	New trial (rep=6, index=1): <Trial 25 (1 in rep 6) data={'pos': 150, 'corr_resp': 'v', 'thisN': 25, 'thisTrialN': 1, 'thisRepN': 6}>
67.1121 	DATA 	Keypress: x
67.1266 	EXP 	fixation: autoDraw = False
67.1266 	EXP 	line1: autoDraw = False
67.1266 	EXP 	line2: autoDraw = False
67.1266 	EXP 	line3: autoDraw = False
67.1266 	EXP 	line4: autoDraw = False
67.1266 	EXP 	probe: autoDraw = False
67.2264 	EXP 	Device response: <KeyPress from None: t=67.09758210000291, value=x, duration=0.11817779998818878>
68.1261 	EXP 	fixation: autoDraw = True
68.1261 	EXP 	line1: autoDraw = True
68.1261 	EXP 	line2: autoDraw = True
68.1261 	EXP 	line3: autoDraw = True
68.1261 	EXP 	line4: autoDraw = True
69.1263 	INFO 	Keyboard events cleared
69.1261 	EXP 	fixation: autoDraw = False
69.1261 	EXP 	probe: autoDraw = True
69.7927 	EXP 	Device response: <KeyPress from None: t=69.78770539999823, value=c, duration=None>
69.7931 	EXP 	New trial (rep=6, index=2): <Trial 26 (2 in rep 6) data={'pos': 50, 'corr_resp': 'c', 'thisN': 26, 'thisTrialN': 2, 'thisRepN': 6}>
69.7943 	DATA 	Keypress: c
69.8089 	EXP 	fixation: autoDraw = False
69.8089 	EXP 	line1: autoDraw = False
69.8089 	EXP 	line2: autoDraw = False
69.8089 	EXP 	line3: autoDraw = False
69.8089 	EXP 	line4: autoDraw = False
69.8089 	EXP 	probe: autoDraw = False
69.9927 	EXP 	Device response: <KeyPress from None: t=69.78770539999823, value=c, duration=0.200165799993556>
70.8093 	EXP 	fixation: autoDraw = True
70.8093 	EXP 	line1: autoDraw = True
70.8093 	EXP 	line2: autoDraw = True
70.8093 	EXP 	line3: autoDraw = True
70.8093 	EXP 	line4: autoDraw = True
71.8072 	INFO 	Keyboard events cleared
71.8070 	EXP 	probe: autoDraw = True
71.8239 	EXP 	fixation: autoDraw = False
72.4096 	EXP 	Device response: <KeyPress from None: t=72.40479770000093, value=c, duration=None>
72.4100 	EXP 	New trial (rep=6, index=3): <Trial 27 (3 in rep 6) data={'pos': -150, 'corr_resp': 'z', 'thisN': 27, 'thisTrialN': 3, 'thisRepN': 6}>
72.4112 	DATA 	Keypress: c
72.4253 	EXP 	fixation: autoDraw = False
72.4253 	EXP 	line1: autoDraw = False
72.4253 	EXP 	line2: autoDraw = False
72.4253 	EXP 	line3: autoDraw = False
72.4253 	EXP 	line4: autoDraw = False
72.4253 	EXP 	probe: autoDraw = False
72.5773 	EXP 	Device response: <KeyPress from None: t=72.40479770000093, value=c, duration=0.155187999989721>
73.4099 	EXP 	fixation: autoDraw = True
73.4099 	EXP 	line1: autoDraw = True
73.4099 	EXP 	line2: autoDraw = True
73.4099 	EXP 	line3: autoDraw = True
73.4099 	EXP 	line4: autoDraw = True
74.4096 	INFO 	Keyboard events cleared
74.4094 	EXP 	fixation: autoDraw = False
74.4094 	EXP 	probe: autoDraw = True
74.9592 	EXP 	Device response: <KeyPress from None: t=74.95445049999398, value=z, duration=None>
74.9596 	EXP 	New trial (rep=7, index=0): <Trial 28 (0 in rep 7) data={'pos': -50, 'corr_resp': 'x', 'thisN': 28, 'thisTrialN': 0, 'thisRepN': 7}>
74.9610 	DATA 	Keypress: z
74.9759 	EXP 	fixation: autoDraw = False
74.9759 	EXP 	line1: autoDraw = False
74.9759 	EXP 	line2: autoDraw = False
74.9759 	EXP 	line3: autoDraw = False
74.9759 	EXP 	line4: autoDraw = False
74.9759 	EXP 	probe: autoDraw = False
75.1097 	EXP 	Device response: <KeyPress from None: t=74.95445049999398, value=z, duration=0.14607200000318699>
75.9748 	EXP 	fixation: autoDraw = True
75.9748 	EXP 	line1: autoDraw = True
75.9748 	EXP 	line2: autoDraw = True
75.9748 	EXP 	line3: autoDraw = True
75.9748 	EXP 	line4: autoDraw = True
76.9593 	INFO 	Keyboard events cleared
76.9591 	EXP 	probe: autoDraw = True
76.9758 	EXP 	fixation: autoDraw = False
77.5093 	EXP 	Device response: <KeyPress from None: t=77.50480239999888, value=x, duration=None>
77.5098 	EXP 	New trial (rep=7, index=1): <Trial 29 (1 in rep 7) data={'pos': 150, 'corr_resp': 'v', 'thisN': 29, 'thisTrialN': 1, 'thisRepN': 7}>
77.5110 	DATA 	Keypress: x
77.5261 	EXP 	fixation: autoDraw = False
77.5261 	EXP 	line1: autoDraw = False
77.5261 	EXP 	line2: autoDraw = False
77.5261 	EXP 	line3: autoDraw = False
77.5261 	EXP 	line4: autoDraw = False
77.5261 	EXP 	probe: autoDraw = False
77.6420 	EXP 	Device response: <KeyPress from None: t=77.50480239999888, value=x, duration=0.13437299999350216>
78.5092 	EXP 	fixation: autoDraw = True
78.5092 	EXP 	line1: autoDraw = True
78.5092 	EXP 	line2: autoDraw = True
78.5092 	EXP 	line3: autoDraw = True
78.5092 	EXP 	line4: autoDraw = True
79.5238 	INFO 	Keyboard events cleared
79.5237 	EXP 	fixation: autoDraw = False
79.5237 	EXP 	probe: autoDraw = True
80.0649 	EXP 	Device response: <KeyPress from None: t=80.06096499999694, value=v, duration=None>
80.0656 	EXP 	New trial (rep=7, index=2): <Trial 30 (2 in rep 7) data={'pos': 50, 'corr_resp': 'c', 'thisN': 30, 'thisTrialN': 2, 'thisRepN': 7}>
80.0682 	DATA 	Keypress: v
80.0791 	EXP 	fixation: autoDraw = False
80.0791 	EXP 	line1: autoDraw = False
80.0791 	EXP 	line2: autoDraw = False
80.0791 	EXP 	line3: autoDraw = False
80.0791 	EXP 	line4: autoDraw = False
80.0791 	EXP 	probe: autoDraw = False
80.2312 	EXP 	Device response: <KeyPress from None: t=80.06096499999694, value=v, duration=0.16600929999549408>
81.0789 	EXP 	fixation: autoDraw = True
81.0789 	EXP 	line1: autoDraw = True
81.0789 	EXP 	line2: autoDraw = True
81.0789 	EXP 	line3: autoDraw = True
81.0789 	EXP 	line4: autoDraw = True
82.0780 	INFO 	Keyboard events cleared
82.0778 	EXP 	probe: autoDraw = True
82.0922 	EXP 	fixation: autoDraw = False
82.6102 	EXP 	Device response: <KeyPress from None: t=82.6092687999917, value=c, duration=None>
82.6107 	EXP 	New trial (rep=7, index=3): <Trial 31 (3 in rep 7) data={'pos': -150, 'corr_resp': 'z', 'thisN': 31, 'thisTrialN': 3, 'thisRepN': 7}>
82.6119 	DATA 	Keypress: c
82.6255 	EXP 	fixation: autoDraw = False
82.6255 	EXP 	line1: autoDraw = False
82.6255 	EXP 	line2: autoDraw = False
82.6255 	EXP 	line3: autoDraw = False
82.6255 	EXP 	line4: autoDraw = False
82.6255 	EXP 	probe: autoDraw = False
82.8115 	EXP 	Device response: <KeyPress from None: t=82.6092687999917, value=c, duration=0.1997752000024775>
83.6260 	EXP 	fixation: autoDraw = True
83.6260 	EXP 	line1: autoDraw = True
83.6260 	EXP 	line2: autoDraw = True
83.6260 	EXP 	line3: autoDraw = True
83.6260 	EXP 	line4: autoDraw = True
84.6265 	INFO 	Keyboard events cleared
84.6263 	EXP 	fixation: autoDraw = False
84.6263 	EXP 	probe: autoDraw = True
85.1083 	EXP 	Device response: <KeyPress from None: t=85.10065729999042, value=z, duration=None>
85.1087 	EXP 	New trial (rep=8, index=0): <Trial 32 (0 in rep 8) data={'pos': -50, 'corr_resp': 'x', 'thisN': 32, 'thisTrialN': 0, 'thisRepN': 8}>
85.1099 	DATA 	Keypress: z
85.1238 	EXP 	fixation: autoDraw = False
85.1238 	EXP 	line1: autoDraw = False
85.1238 	EXP 	line2: autoDraw = False
85.1238 	EXP 	line3: autoDraw = False
85.1238 	EXP 	line4: autoDraw = False
85.1238 	EXP 	probe: autoDraw = False
85.2569 	EXP 	Device response: <KeyPress from None: t=85.10065729999042, value=z, duration=0.14862469999934547>
86.1067 	EXP 	fixation: autoDraw = True
86.1067 	EXP 	line1: autoDraw = True
86.1067 	EXP 	line2: autoDraw = True
86.1067 	EXP 	line3: autoDraw = True
86.1067 	EXP 	line4: autoDraw = True
87.1094 	INFO 	Keyboard events cleared
87.1092 	EXP 	fixation: autoDraw = False
87.1092 	EXP 	probe: autoDraw = True
87.4426 	EXP 	Device response: <KeyPress from None: t=87.43308689999685, value=x, duration=None>
87.4430 	EXP 	New trial (rep=8, index=1): <Trial 33 (1 in rep 8) data={'pos': 150, 'corr_resp': 'v', 'thisN': 33, 'thisTrialN': 1, 'thisRepN': 8}>
87.4444 	DATA 	Keypress: x
87.4599 	EXP 	fixation: autoDraw = False
87.4599 	EXP 	line1: autoDraw = False
87.4599 	EXP 	line2: autoDraw = False
87.4599 	EXP 	line3: autoDraw = False
87.4599 	EXP 	line4: autoDraw = False
87.4599 	EXP 	probe: autoDraw = False
87.6441 	EXP 	Device response: <KeyPress from None: t=87.43308689999685, value=x, duration=0.21010709999245591>
88.4430 	EXP 	fixation: autoDraw = True
88.4430 	EXP 	line1: autoDraw = True
88.4430 	EXP 	line2: autoDraw = True
88.4430 	EXP 	line3: autoDraw = True
88.4430 	EXP 	line4: autoDraw = True
89.4435 	INFO 	Keyboard events cleared
89.4433 	EXP 	fixation: autoDraw = False
89.4433 	EXP 	probe: autoDraw = True
90.0425 	EXP 	Device response: <KeyPress from None: t=90.0318901999999, value=v, duration=None>
90.0429 	EXP 	New trial (rep=8, index=2): <Trial 34 (2 in rep 8) data={'pos': 50, 'corr_resp': 'c', 'thisN': 34, 'thisTrialN': 2, 'thisRepN': 8}>
90.0442 	DATA 	Keypress: v
90.0588 	EXP 	fixation: autoDraw = False
90.0588 	EXP 	line1: autoDraw = False
90.0588 	EXP 	line2: autoDraw = False
90.0588 	EXP 	line3: autoDraw = False
90.0588 	EXP 	line4: autoDraw = False
90.0588 	EXP 	probe: autoDraw = False
90.2259 	EXP 	Device response: <KeyPress from None: t=90.0318901999999, value=v, duration=0.182002100002137>
91.0424 	EXP 	fixation: autoDraw = True
91.0424 	EXP 	line1: autoDraw = True
91.0424 	EXP 	line2: autoDraw = True
91.0424 	EXP 	line3: autoDraw = True
91.0424 	EXP 	line4: autoDraw = True
92.0584 	INFO 	Keyboard events cleared
92.0582 	EXP 	fixation: autoDraw = False
92.0582 	EXP 	probe: autoDraw = True
92.4905 	EXP 	Device response: <KeyPress from None: t=92.47687329999462, value=c, duration=None>
92.4909 	EXP 	New trial (rep=8, index=3): <Trial 35 (3 in rep 8) data={'pos': -150, 'corr_resp': 'z', 'thisN': 35, 'thisTrialN': 3, 'thisRepN': 8}>
92.4919 	DATA 	Keypress: c
92.5073 	EXP 	fixation: autoDraw = False
92.5073 	EXP 	line1: autoDraw = False
92.5073 	EXP 	line2: autoDraw = False
92.5073 	EXP 	line3: autoDraw = False
92.5073 	EXP 	line4: autoDraw = False
92.5073 	EXP 	probe: autoDraw = False
92.6740 	EXP 	Device response: <KeyPress from None: t=92.47687329999462, value=c, duration=0.18727370000851806>
93.4966 	EXP 	fixation: autoDraw = True
93.4966 	EXP 	line1: autoDraw = True
93.4966 	EXP 	line2: autoDraw = True
93.4966 	EXP 	line3: autoDraw = True
93.4966 	EXP 	line4: autoDraw = True
94.4966 	INFO 	Keyboard events cleared
94.4963 	EXP 	fixation: autoDraw = False
94.4963 	EXP 	probe: autoDraw = True
94.8978 	EXP 	Device response: <KeyPress from None: t=94.88966169999912, value=z, duration=None>
94.8984 	EXP 	New trial (rep=9, index=0): <Trial 36 (0 in rep 9) data={'pos': -50, 'corr_resp': 'x', 'thisN': 36, 'thisTrialN': 0, 'thisRepN': 9}>
94.9009 	DATA 	Keypress: z
94.9122 	EXP 	fixation: autoDraw = False
94.9122 	EXP 	line1: autoDraw = False
94.9122 	EXP 	line2: autoDraw = False
94.9122 	EXP 	line3: autoDraw = False
94.9122 	EXP 	line4: autoDraw = False
94.9122 	EXP 	probe: autoDraw = False
94.9969 	EXP 	Device response: <KeyPress from None: t=94.88966169999912, value=z, duration=0.09281790000386536>
95.9092 	EXP 	fixation: autoDraw = True
95.9092 	EXP 	line1: autoDraw = True
95.9092 	EXP 	line2: autoDraw = True
95.9092 	EXP 	line3: autoDraw = True
95.9092 	EXP 	line4: autoDraw = True
96.9091 	INFO 	Keyboard events cleared
96.9089 	EXP 	fixation: autoDraw = False
96.9089 	EXP 	probe: autoDraw = True
97.3584 	EXP 	Device response: <KeyPress from None: t=97.3458496999956, value=x, duration=None>
97.3590 	EXP 	New trial (rep=9, index=1): <Trial 37 (1 in rep 9) data={'pos': 150, 'corr_resp': 'v', 'thisN': 37, 'thisTrialN': 1, 'thisRepN': 9}>
97.3597 	EXP 	Device response: <KeyPress from None: t=97.3595062999957, value=c, duration=None>
97.3603 	DATA 	Keypress: x
97.3605 	DATA 	Keypress: c
97.3736 	EXP 	fixation: autoDraw = False
97.3736 	EXP 	line1: autoDraw = False
97.3736 	EXP 	line2: autoDraw = False
97.3736 	EXP 	line3: autoDraw = False
97.3736 	EXP 	line4: autoDraw = False
97.3736 	EXP 	probe: autoDraw = False
97.5259 	EXP 	Device response: <KeyPress from None: t=97.3458496999956, value=x, duration=0.1750298999977531>
97.5599 	EXP 	Device response: <KeyPress from None: t=97.3595062999957, value=c, duration=0.1975042999983998>
98.3585 	EXP 	fixation: autoDraw = True
98.3585 	EXP 	line1: autoDraw = True
98.3585 	EXP 	line2: autoDraw = True
98.3585 	EXP 	line3: autoDraw = True
98.3585 	EXP 	line4: autoDraw = True
99.3734 	INFO 	Keyboard events cleared
99.3733 	EXP 	fixation: autoDraw = False
99.3733 	EXP 	probe: autoDraw = True
100.0269 	EXP 	Device response: <KeyPress from None: t=100.02471440000227, value=v, duration=None>
100.0274 	EXP 	New trial (rep=9, index=2): <Trial 38 (2 in rep 9) data={'pos': 50, 'corr_resp': 'c', 'thisN': 38, 'thisTrialN': 2, 'thisRepN': 9}>
100.0288 	DATA 	Keypress: v
100.0428 	EXP 	fixation: autoDraw = False
100.0428 	EXP 	line1: autoDraw = False
100.0428 	EXP 	line2: autoDraw = False
100.0428 	EXP 	line3: autoDraw = False
100.0428 	EXP 	line4: autoDraw = False
100.0428 	EXP 	probe: autoDraw = False
100.2090 	EXP 	Device response: <KeyPress from None: t=100.02471440000227, value=v, duration=0.17379369999980554>
101.0412 	EXP 	fixation: autoDraw = True
101.0412 	EXP 	line1: autoDraw = True
101.0412 	EXP 	line2: autoDraw = True
101.0412 	EXP 	line3: autoDraw = True
101.0412 	EXP 	line4: autoDraw = True
101.5966 	EXP 	Device response: <KeyPress from None: t=101.59264570000232, value=x, duration=None>
101.5987 	DATA 	Keypress: x
101.6509 	EXP 	Device response: <KeyPress from None: t=101.59264570000232, value=x, duration=0.05452139998669736>
101.8934 	EXP 	Device response: <KeyPress from None: t=101.88925860000018, value=x, duration=None>
101.8952 	DATA 	Keypress: x
101.9927 	EXP 	Device response: <KeyPress from None: t=101.88925860000018, value=x, duration=0.0982642000017222>
102.0431 	INFO 	Keyboard events cleared
102.0428 	EXP 	fixation: autoDraw = False
102.0428 	EXP 	probe: autoDraw = True
102.9098 	EXP 	Device response: <KeyPress from None: t=102.90376149999793, value=c, duration=None>
102.9102 	EXP 	New trial (rep=9, index=3): <Trial 39 (3 in rep 9) data={'pos': -150, 'corr_resp': 'z', 'thisN': 39, 'thisTrialN': 3, 'thisRepN': 9}>
102.9116 	DATA 	Keypress: c
102.9261 	EXP 	fixation: autoDraw = False
102.9261 	EXP 	line1: autoDraw = False
102.9261 	EXP 	line2: autoDraw = False
102.9261 	EXP 	line3: autoDraw = False
102.9261 	EXP 	line4: autoDraw = False
102.9261 	EXP 	probe: autoDraw = False
103.0095 	EXP 	Device response: <KeyPress from None: t=102.90376149999793, value=c, duration=0.09306460000516381>
103.9091 	EXP 	fixation: autoDraw = True
103.9091 	EXP 	line1: autoDraw = True
103.9091 	EXP 	line2: autoDraw = True
103.9091 	EXP 	line3: autoDraw = True
103.9091 	EXP 	line4: autoDraw = True
104.9093 	EXP 	fixation: autoDraw = False
104.9260 	INFO 	Keyboard events cleared
104.9258 	EXP 	probe: autoDraw = True
105.3763 	EXP 	Device response: <KeyPress from None: t=105.36854199999652, value=z, duration=None>
105.3767 	EXP 	New trial (rep=10, index=0): <Trial 40 (0 in rep 10) data={'pos': -50, 'corr_resp': 'x', 'thisN': 40, 'thisTrialN': 0, 'thisRepN': 10}>
105.3780 	DATA 	Keypress: z
105.3922 	EXP 	fixation: autoDraw = False
105.3922 	EXP 	line1: autoDraw = False
105.3922 	EXP 	line2: autoDraw = False
105.3922 	EXP 	line3: autoDraw = False
105.3922 	EXP 	line4: autoDraw = False
105.3922 	EXP 	probe: autoDraw = False
105.5425 	EXP 	Device response: <KeyPress from None: t=105.36854199999652, value=z, duration=0.1687820999941323>
106.3916 	EXP 	fixation: autoDraw = True
106.3916 	EXP 	line1: autoDraw = True
106.3916 	EXP 	line2: autoDraw = True
106.3916 	EXP 	line3: autoDraw = True
106.3916 	EXP 	line4: autoDraw = True
107.3925 	INFO 	Keyboard events cleared
107.3923 	EXP 	probe: autoDraw = True
107.4094 	EXP 	fixation: autoDraw = False
107.9604 	EXP 	Device response: <KeyPress from None: t=107.95956730000034, value=x, duration=None>
107.9608 	EXP 	New trial (rep=10, index=1): <Trial 41 (1 in rep 10) data={'pos': 150, 'corr_resp': 'v', 'thisN': 41, 'thisTrialN': 1, 'thisRepN': 10}>
107.9619 	DATA 	Keypress: x
107.9738 	EXP 	fixation: autoDraw = False
107.9738 	EXP 	line1: autoDraw = False
107.9738 	EXP 	line2: autoDraw = False
107.9738 	EXP 	line3: autoDraw = False
107.9738 	EXP 	line4: autoDraw = False
107.9738 	EXP 	probe: autoDraw = False
108.1426 	EXP 	Device response: <KeyPress from None: t=107.95956730000034, value=x, duration=0.17683840000245254>
108.9756 	EXP 	fixation: autoDraw = True
108.9756 	EXP 	line1: autoDraw = True
108.9756 	EXP 	line2: autoDraw = True
108.9756 	EXP 	line3: autoDraw = True
108.9756 	EXP 	line4: autoDraw = True
109.9758 	INFO 	Keyboard events cleared
109.9756 	EXP 	fixation: autoDraw = False
109.9756 	EXP 	probe: autoDraw = True
110.4759 	EXP 	Device response: <KeyPress from None: t=110.47052829999302, value=v, duration=None>
110.4763 	EXP 	New trial (rep=10, index=2): <Trial 42 (2 in rep 10) data={'pos': 50, 'corr_resp': 'c', 'thisN': 42, 'thisTrialN': 2, 'thisRepN': 10}>
110.4776 	DATA 	Keypress: v
110.4923 	EXP 	fixation: autoDraw = False
110.4923 	EXP 	line1: autoDraw = False
110.4923 	EXP 	line2: autoDraw = False
110.4923 	EXP 	line3: autoDraw = False
110.4923 	EXP 	line4: autoDraw = False
110.4923 	EXP 	probe: autoDraw = False
110.6760 	EXP 	Device response: <KeyPress from None: t=110.47052829999302, value=v, duration=0.19712900000740774>
111.4756 	EXP 	fixation: autoDraw = True
111.4756 	EXP 	line1: autoDraw = True
111.4756 	EXP 	line2: autoDraw = True
111.4756 	EXP 	line3: autoDraw = True
111.4756 	EXP 	line4: autoDraw = True
112.4756 	INFO 	Keyboard events cleared
112.4754 	EXP 	fixation: autoDraw = False
112.4754 	EXP 	probe: autoDraw = True
112.9615 	DATA 	Keypress: x
112.9760 	EXP 	Device response: <KeyPress from None: t=112.9610515999957, value=x, duration=None>
112.9764 	EXP 	New trial (rep=10, index=3): <Trial 43 (3 in rep 10) data={'pos': -150, 'corr_resp': 'z', 'thisN': 43, 'thisTrialN': 3, 'thisRepN': 10}>
112.9921 	EXP 	fixation: autoDraw = False
112.9921 	EXP 	line1: autoDraw = False
112.9921 	EXP 	line2: autoDraw = False
112.9921 	EXP 	line3: autoDraw = False
112.9921 	EXP 	line4: autoDraw = False
112.9921 	EXP 	probe: autoDraw = False
113.4947 	EXP 	Device response: <KeyPress from None: t=112.9610515999957, value=x, duration=0.5308231999952113>
113.9754 	EXP 	fixation: autoDraw = True
113.9754 	EXP 	line1: autoDraw = True
113.9754 	EXP 	line2: autoDraw = True
113.9754 	EXP 	line3: autoDraw = True
113.9754 	EXP 	line4: autoDraw = True
114.9762 	INFO 	Keyboard events cleared
114.9760 	EXP 	fixation: autoDraw = False
114.9760 	EXP 	probe: autoDraw = True
115.5460 	DATA 	Mouse: Left button down, pos=(591,537)
115.7456 	DATA 	Mouse:  Left button up, pos=(591,537)
115.8114 	DATA 	Mouse: Left button down, pos=(591,537)
115.9620 	DATA 	Mouse:  Left button up, pos=(591,537)
116.3939 	EXP 	Device response: <KeyPress from None: t=116.37960519999615, value=z, duration=None>
116.3943 	EXP 	New trial (rep=11, index=0): <Trial 44 (0 in rep 11) data={'pos': -50, 'corr_resp': 'x', 'thisN': 44, 'thisTrialN': 0, 'thisRepN': 11}>
116.3957 	DATA 	Keypress: z
116.4088 	EXP 	fixation: autoDraw = False
116.4088 	EXP 	line1: autoDraw = False
116.4088 	EXP 	line2: autoDraw = False
116.4088 	EXP 	line3: autoDraw = False
116.4088 	EXP 	line4: autoDraw = False
116.4088 	EXP 	probe: autoDraw = False
116.5432 	EXP 	Device response: <KeyPress from None: t=116.37960519999615, value=z, duration=0.15209089999552816>
117.4084 	EXP 	fixation: autoDraw = True
117.4084 	EXP 	line1: autoDraw = True
117.4084 	EXP 	line2: autoDraw = True
117.4084 	EXP 	line3: autoDraw = True
117.4084 	EXP 	line4: autoDraw = True
118.4093 	INFO 	Keyboard events cleared
118.4091 	EXP 	fixation: autoDraw = False
118.4091 	EXP 	probe: autoDraw = True
119.0455 	DATA 	Keypress: x
119.0595 	EXP 	Device response: <KeyPress from None: t=119.04493509999884, value=x, duration=None>
119.0599 	EXP 	New trial (rep=11, index=1): <Trial 45 (1 in rep 11) data={'pos': 150, 'corr_resp': 'v', 'thisN': 45, 'thisTrialN': 1, 'thisRepN': 11}>
119.0752 	EXP 	fixation: autoDraw = False
119.0752 	EXP 	line1: autoDraw = False
119.0752 	EXP 	line2: autoDraw = False
119.0752 	EXP 	line3: autoDraw = False
119.0752 	EXP 	line4: autoDraw = False
119.0752 	EXP 	probe: autoDraw = False
119.1934 	EXP 	Device response: <KeyPress from None: t=119.04493509999884, value=x, duration=0.14400669999304228>
120.0589 	EXP 	fixation: autoDraw = True
120.0589 	EXP 	line1: autoDraw = True
120.0589 	EXP 	line2: autoDraw = True
120.0589 	EXP 	line3: autoDraw = True
120.0589 	EXP 	line4: autoDraw = True
121.0590 	INFO 	Keyboard events cleared
121.0588 	EXP 	fixation: autoDraw = False
121.0588 	EXP 	probe: autoDraw = True
121.5455 	DATA 	Keypress: v
121.5600 	EXP 	Device response: <KeyPress from None: t=121.54460579999432, value=v, duration=None>
121.5605 	EXP 	New trial (rep=11, index=2): <Trial 46 (2 in rep 11) data={'pos': 50, 'corr_resp': 'c', 'thisN': 46, 'thisTrialN': 2, 'thisRepN': 11}>
121.5753 	EXP 	fixation: autoDraw = False
121.5753 	EXP 	line1: autoDraw = False
121.5753 	EXP 	line2: autoDraw = False
121.5753 	EXP 	line3: autoDraw = False
121.5753 	EXP 	line4: autoDraw = False
121.5753 	EXP 	probe: autoDraw = False
121.7253 	EXP 	Device response: <KeyPress from None: t=121.54460579999432, value=v, duration=0.17591010000614915>
122.5563 	EXP 	fixation: autoDraw = True
122.5563 	EXP 	line1: autoDraw = True
122.5563 	EXP 	line2: autoDraw = True
122.5563 	EXP 	line3: autoDraw = True
122.5563 	EXP 	line4: autoDraw = True
123.5585 	EXP 	fixation: autoDraw = False
123.5754 	INFO 	Keyboard events cleared
123.5752 	EXP 	probe: autoDraw = True
124.0450 	DATA 	Keypress: c
124.0587 	EXP 	Device response: <KeyPress from None: t=124.04400429999805, value=c, duration=None>
124.0591 	EXP 	New trial (rep=11, index=3): <Trial 47 (3 in rep 11) data={'pos': -150, 'corr_resp': 'z', 'thisN': 47, 'thisTrialN': 3, 'thisRepN': 11}>
124.0726 	EXP 	fixation: autoDraw = False
124.0726 	EXP 	line1: autoDraw = False
124.0726 	EXP 	line2: autoDraw = False
124.0726 	EXP 	line3: autoDraw = False
124.0726 	EXP 	line4: autoDraw = False
124.0726 	EXP 	probe: autoDraw = False
124.2441 	EXP 	Device response: <KeyPress from None: t=124.04400429999805, value=c, duration=0.19801920000463724>
125.0729 	EXP 	fixation: autoDraw = True
125.0729 	EXP 	line1: autoDraw = True
125.0729 	EXP 	line2: autoDraw = True
125.0729 	EXP 	line3: autoDraw = True
125.0729 	EXP 	line4: autoDraw = True
126.0586 	INFO 	Keyboard events cleared
126.0584 	EXP 	probe: autoDraw = True
126.0754 	EXP 	fixation: autoDraw = False
126.6118 	DATA 	Keypress: z
126.6253 	EXP 	Device response: <KeyPress from None: t=126.611184399997, value=z, duration=None>
126.6258 	EXP 	New trial (rep=12, index=0): <Trial 48 (0 in rep 12) data={'pos': -50, 'corr_resp': 'x', 'thisN': 48, 'thisTrialN': 0, 'thisRepN': 12}>
126.6425 	EXP 	fixation: autoDraw = False
126.6425 	EXP 	line1: autoDraw = False
126.6425 	EXP 	line2: autoDraw = False
126.6425 	EXP 	line3: autoDraw = False
126.6425 	EXP 	line4: autoDraw = False
126.6425 	EXP 	probe: autoDraw = False
126.8255 	EXP 	Device response: <KeyPress from None: t=126.611184399997, value=z, duration=0.20522889999847393>
127.6250 	EXP 	fixation: autoDraw = True
127.6250 	EXP 	line1: autoDraw = True
127.6250 	EXP 	line2: autoDraw = True
127.6250 	EXP 	line3: autoDraw = True
127.6250 	EXP 	line4: autoDraw = True
128.6286 	INFO 	Keyboard events cleared
128.6283 	EXP 	fixation: autoDraw = False
128.6283 	EXP 	probe: autoDraw = True
129.2445 	EXP 	Device response: <KeyPress from None: t=129.2432695000025, value=x, duration=None>
129.2449 	EXP 	New trial (rep=12, index=1): <Trial 49 (1 in rep 12) data={'pos': 150, 'corr_resp': 'v', 'thisN': 49, 'thisTrialN': 1, 'thisRepN': 12}>
129.2476 	DATA 	Keypress: x
129.2618 	EXP 	fixation: autoDraw = False
129.2618 	EXP 	line1: autoDraw = False
129.2618 	EXP 	line2: autoDraw = False
129.2618 	EXP 	line3: autoDraw = False
129.2618 	EXP 	line4: autoDraw = False
129.2618 	EXP 	probe: autoDraw = False
129.4432 	EXP 	Device response: <KeyPress from None: t=129.2432695000025, value=x, duration=0.19147499999962747>
130.2461 	EXP 	fixation: autoDraw = True
130.2461 	EXP 	line1: autoDraw = True
130.2461 	EXP 	line2: autoDraw = True
130.2461 	EXP 	line3: autoDraw = True
130.2461 	EXP 	line4: autoDraw = True
131.2459 	INFO 	Keyboard events cleared
131.2456 	EXP 	fixation: autoDraw = False
131.2456 	EXP 	probe: autoDraw = True
132.9600 	EXP 	Device response: <KeyPress from None: t=132.95438899999135, value=v, duration=None>
132.9604 	EXP 	New trial (rep=12, index=2): <Trial 50 (2 in rep 12) data={'pos': 50, 'corr_resp': 'c', 'thisN': 50, 'thisTrialN': 2, 'thisRepN': 12}>
132.9619 	DATA 	Keypress: v
132.9759 	EXP 	fixation: autoDraw = False
132.9759 	EXP 	line1: autoDraw = False
132.9759 	EXP 	line2: autoDraw = False
132.9759 	EXP 	line3: autoDraw = False
132.9759 	EXP 	line4: autoDraw = False
132.9759 	EXP 	probe: autoDraw = False
133.0926 	EXP 	Device response: <KeyPress from None: t=132.95438899999135, value=v, duration=0.13262020000547636>
133.9275 	DATA 	Mouse: Left button down, pos=(568,536)
133.9751 	EXP 	fixation: autoDraw = True
133.9751 	EXP 	line1: autoDraw = True
133.9751 	EXP 	line2: autoDraw = True
133.9751 	EXP 	line3: autoDraw = True
133.9751 	EXP 	line4: autoDraw = True
134.1463 	DATA 	Mouse:  Left button up, pos=(568,536)
134.9771 	INFO 	Keyboard events cleared
134.9769 	EXP 	fixation: autoDraw = False
134.9769 	EXP 	probe: autoDraw = True
135.4762 	EXP 	Device response: <KeyPress from None: t=135.4706096000009, value=c, duration=None>
135.4766 	EXP 	New trial (rep=12, index=3): <Trial 51 (3 in rep 12) data={'pos': -150, 'corr_resp': 'z', 'thisN': 51, 'thisTrialN': 3, 'thisRepN': 12}>
135.4779 	DATA 	Keypress: c
135.4922 	EXP 	fixation: autoDraw = False
135.4922 	EXP 	line1: autoDraw = False
135.4922 	EXP 	line2: autoDraw = False
135.4922 	EXP 	line3: autoDraw = False
135.4922 	EXP 	line4: autoDraw = False
135.4922 	EXP 	probe: autoDraw = False
135.7092 	EXP 	Device response: <KeyPress from None: t=135.4706096000009, value=c, duration=0.22544109998852946>
136.4768 	EXP 	fixation: autoDraw = True
136.4768 	EXP 	line1: autoDraw = True
136.4768 	EXP 	line2: autoDraw = True
136.4768 	EXP 	line3: autoDraw = True
136.4768 	EXP 	line4: autoDraw = True
137.4756 	INFO 	Keyboard events cleared
137.4754 	EXP 	probe: autoDraw = True
137.4957 	EXP 	fixation: autoDraw = False
138.2178 	DATA 	Keypress: z
138.2434 	EXP 	Device response: <KeyPress from None: t=138.2140795000014, value=z, duration=None>
138.2441 	EXP 	New trial (rep=13, index=0): <Trial 52 (0 in rep 13) data={'pos': -50, 'corr_resp': 'x', 'thisN': 52, 'thisTrialN': 0, 'thisRepN': 13}>
138.2620 	EXP 	fixation: autoDraw = False
138.2620 	EXP 	line1: autoDraw = False
138.2620 	EXP 	line2: autoDraw = False
138.2620 	EXP 	line3: autoDraw = False
138.2620 	EXP 	line4: autoDraw = False
138.2620 	EXP 	probe: autoDraw = False
138.3478 	EXP 	Device response: <KeyPress from None: t=138.2140795000014, value=z, duration=0.12011249999341089>
139.2452 	EXP 	fixation: autoDraw = True
139.2452 	EXP 	line1: autoDraw = True
139.2452 	EXP 	line2: autoDraw = True
139.2452 	EXP 	line3: autoDraw = True
139.2452 	EXP 	line4: autoDraw = True
140.2426 	INFO 	Keyboard events cleared
140.2424 	EXP 	probe: autoDraw = True
140.2591 	EXP 	fixation: autoDraw = False
141.4781 	EXP 	Device response: <KeyPress from None: t=141.4735379999911, value=x, duration=None>
141.4784 	EXP 	New trial (rep=13, index=1): <Trial 53 (1 in rep 13) data={'pos': 150, 'corr_resp': 'v', 'thisN': 53, 'thisTrialN': 1, 'thisRepN': 13}>
141.4796 	DATA 	Keypress: x
141.4959 	EXP 	fixation: autoDraw = False
141.4959 	EXP 	line1: autoDraw = False
141.4959 	EXP 	line2: autoDraw = False
141.4959 	EXP 	line3: autoDraw = False
141.4959 	EXP 	line4: autoDraw = False
141.4959 	EXP 	probe: autoDraw = False
141.6298 	EXP 	Device response: <KeyPress from None: t=141.4735379999911, value=x, duration=0.14765369999804534>
142.4920 	EXP 	fixation: autoDraw = True
142.4920 	EXP 	line1: autoDraw = True
142.4920 	EXP 	line2: autoDraw = True
142.4920 	EXP 	line3: autoDraw = True
142.4920 	EXP 	line4: autoDraw = True
142.8617 	DATA 	Mouse: Left button down, pos=(568,536)
143.0797 	DATA 	Mouse:  Left button up, pos=(568,536)
143.4925 	INFO 	Keyboard events cleared
143.4923 	EXP 	fixation: autoDraw = False
143.4923 	EXP 	probe: autoDraw = True
144.0936 	EXP 	Device response: <KeyPress from None: t=144.08257939999748, value=c, duration=None>
144.0940 	EXP 	New trial (rep=13, index=2): <Trial 54 (2 in rep 13) data={'pos': 50, 'corr_resp': 'c', 'thisN': 54, 'thisTrialN': 2, 'thisRepN': 13}>
144.0954 	DATA 	Keypress: c
144.1091 	EXP 	fixation: autoDraw = False
144.1091 	EXP 	line1: autoDraw = False
144.1091 	EXP 	line2: autoDraw = False
144.1091 	EXP 	line3: autoDraw = False
144.1091 	EXP 	line4: autoDraw = False
144.1091 	EXP 	probe: autoDraw = False
144.4071 	EXP 	Device response: <KeyPress from None: t=144.08257939999748, value=c, duration=0.32011010000132956>
145.1079 	EXP 	fixation: autoDraw = True
145.1079 	EXP 	line1: autoDraw = True
145.1079 	EXP 	line2: autoDraw = True
145.1079 	EXP 	line3: autoDraw = True
145.1079 	EXP 	line4: autoDraw = True
146.1085 	INFO 	Keyboard events cleared
146.1083 	EXP 	fixation: autoDraw = False
146.1083 	EXP 	probe: autoDraw = True
148.1259 	EXP 	Device response: <KeyPress from None: t=148.11860439999145, value=c, duration=None>
148.1263 	EXP 	New trial (rep=13, index=3): <Trial 55 (3 in rep 13) data={'pos': -150, 'corr_resp': 'z', 'thisN': 55, 'thisTrialN': 3, 'thisRepN': 13}>
148.1277 	DATA 	Keypress: c
148.1424 	EXP 	fixation: autoDraw = False
148.1424 	EXP 	line1: autoDraw = False
148.1424 	EXP 	line2: autoDraw = False
148.1424 	EXP 	line3: autoDraw = False
148.1424 	EXP 	line4: autoDraw = False
148.1424 	EXP 	probe: autoDraw = False
148.3429 	EXP 	Device response: <KeyPress from None: t=148.11860439999145, value=c, duration=0.21563109999988228>
149.1401 	EXP 	fixation: autoDraw = True
149.1401 	EXP 	line1: autoDraw = True
149.1401 	EXP 	line2: autoDraw = True
149.1401 	EXP 	line3: autoDraw = True
149.1401 	EXP 	line4: autoDraw = True
150.1272 	INFO 	Keyboard events cleared
150.1270 	EXP 	probe: autoDraw = True
150.1426 	EXP 	fixation: autoDraw = False
150.5476 	EXP 	Device response: <KeyPress from None: t=150.54341719999502, value=z, duration=None>
150.5482 	EXP 	New trial (rep=14, index=0): <Trial 56 (0 in rep 14) data={'pos': -50, 'corr_resp': 'x', 'thisN': 56, 'thisTrialN': 0, 'thisRepN': 14}>
150.5508 	DATA 	Keypress: z
150.5631 	EXP 	fixation: autoDraw = False
150.5631 	EXP 	line1: autoDraw = False
150.5631 	EXP 	line2: autoDraw = False
150.5631 	EXP 	line3: autoDraw = False
150.5631 	EXP 	line4: autoDraw = False
150.5631 	EXP 	probe: autoDraw = False
150.7131 	EXP 	Device response: <KeyPress from None: t=150.54341719999502, value=z, duration=0.16079039999749511>
151.5585 	EXP 	fixation: autoDraw = True
151.5585 	EXP 	line1: autoDraw = True
151.5585 	EXP 	line2: autoDraw = True
151.5585 	EXP 	line3: autoDraw = True
151.5585 	EXP 	line4: autoDraw = True
152.5597 	INFO 	Keyboard events cleared
152.5595 	EXP 	fixation: autoDraw = False
152.5595 	EXP 	probe: autoDraw = True
152.9583 	EXP 	Device response: <KeyPress from None: t=152.9463076999964, value=x, duration=None>
152.9586 	EXP 	New trial (rep=14, index=1): <Trial 57 (1 in rep 14) data={'pos': 150, 'corr_resp': 'v', 'thisN': 57, 'thisTrialN': 1, 'thisRepN': 14}>
152.9597 	DATA 	Keypress: x
152.9744 	EXP 	fixation: autoDraw = False
152.9744 	EXP 	line1: autoDraw = False
152.9744 	EXP 	line2: autoDraw = False
152.9744 	EXP 	line3: autoDraw = False
152.9744 	EXP 	line4: autoDraw = False
152.9744 	EXP 	probe: autoDraw = False
153.1263 	EXP 	Device response: <KeyPress from None: t=152.9463076999964, value=x, duration=0.17613720000372268>
153.9588 	EXP 	fixation: autoDraw = True
153.9588 	EXP 	line1: autoDraw = True
153.9588 	EXP 	line2: autoDraw = True
153.9588 	EXP 	line3: autoDraw = True
153.9588 	EXP 	line4: autoDraw = True
154.9591 	INFO 	Keyboard events cleared
154.9589 	EXP 	fixation: autoDraw = False
154.9589 	EXP 	probe: autoDraw = True
155.4911 	EXP 	Device response: <KeyPress from None: t=155.48267509999278, value=v, duration=None>
155.4915 	EXP 	New trial (rep=14, index=2): <Trial 58 (2 in rep 14) data={'pos': 50, 'corr_resp': 'c', 'thisN': 58, 'thisTrialN': 2, 'thisRepN': 14}>
155.4926 	DATA 	Keypress: v
155.5069 	EXP 	fixation: autoDraw = False
155.5069 	EXP 	line1: autoDraw = False
155.5069 	EXP 	line2: autoDraw = False
155.5069 	EXP 	line3: autoDraw = False
155.5069 	EXP 	line4: autoDraw = False
155.5069 	EXP 	probe: autoDraw = False
155.6925 	EXP 	Device response: <KeyPress from None: t=155.48267509999278, value=v, duration=0.1942748000001302>
156.4915 	EXP 	fixation: autoDraw = True
156.4915 	EXP 	line1: autoDraw = True
156.4915 	EXP 	line2: autoDraw = True
156.4915 	EXP 	line3: autoDraw = True
156.4915 	EXP 	line4: autoDraw = True
157.4917 	INFO 	Keyboard events cleared
157.4915 	EXP 	fixation: autoDraw = False
157.4915 	EXP 	probe: autoDraw = True
158.0434 	EXP 	Device response: <KeyPress from None: t=158.04045139999653, value=c, duration=None>
158.0438 	EXP 	New trial (rep=14, index=3): <Trial 59 (3 in rep 14) data={'pos': -150, 'corr_resp': 'z', 'thisN': 59, 'thisTrialN': 3, 'thisRepN': 14}>
158.0451 	DATA 	Keypress: c
158.0591 	EXP 	fixation: autoDraw = False
158.0591 	EXP 	line1: autoDraw = False
158.0591 	EXP 	line2: autoDraw = False
158.0591 	EXP 	line3: autoDraw = False
158.0591 	EXP 	line4: autoDraw = False
158.0591 	EXP 	probe: autoDraw = False
158.3936 	EXP 	Device response: <KeyPress from None: t=158.04045139999653, value=c, duration=0.35030429999460466>
159.0575 	EXP 	fixation: autoDraw = True
159.0575 	EXP 	line1: autoDraw = True
159.0575 	EXP 	line2: autoDraw = True
159.0575 	EXP 	line3: autoDraw = True
159.0575 	EXP 	line4: autoDraw = True
160.0585 	INFO 	Keyboard events cleared
160.0583 	EXP 	fixation: autoDraw = False
160.0583 	EXP 	probe: autoDraw = True
160.4761 	EXP 	Device response: <KeyPress from None: t=160.47291039999982, value=z, duration=None>
160.4765 	EXP 	New trial (rep=15, index=0): <Trial 60 (0 in rep 15) data={'pos': -50, 'corr_resp': 'x', 'thisN': 60, 'thisTrialN': 0, 'thisRepN': 15}>
160.4777 	DATA 	Keypress: z
160.4914 	EXP 	fixation: autoDraw = False
160.4914 	EXP 	line1: autoDraw = False
160.4914 	EXP 	line2: autoDraw = False
160.4914 	EXP 	line3: autoDraw = False
160.4914 	EXP 	line4: autoDraw = False
160.4914 	EXP 	probe: autoDraw = False
160.6262 	EXP 	Device response: <KeyPress from None: t=160.47291039999982, value=z, duration=0.15007950000290293>
161.4750 	EXP 	fixation: autoDraw = True
161.4750 	EXP 	line1: autoDraw = True
161.4750 	EXP 	line2: autoDraw = True
161.4750 	EXP 	line3: autoDraw = True
161.4750 	EXP 	line4: autoDraw = True
162.4753 	EXP 	fixation: autoDraw = False
162.4920 	INFO 	Keyboard events cleared
162.4918 	EXP 	probe: autoDraw = True
163.1256 	EXP 	Device response: <KeyPress from None: t=163.11664649999875, value=x, duration=None>
163.1260 	EXP 	New trial (rep=15, index=1): <Trial 61 (1 in rep 15) data={'pos': 150, 'corr_resp': 'v', 'thisN': 61, 'thisTrialN': 1, 'thisRepN': 15}>
163.1273 	DATA 	Keypress: x
163.1414 	EXP 	fixation: autoDraw = False
163.1414 	EXP 	line1: autoDraw = False
163.1414 	EXP 	line2: autoDraw = False
163.1414 	EXP 	line3: autoDraw = False
163.1414 	EXP 	line4: autoDraw = False
163.1414 	EXP 	probe: autoDraw = False
163.3092 	EXP 	Device response: <KeyPress from None: t=163.11664649999875, value=x, duration=0.18772239999088924>
164.1254 	EXP 	fixation: autoDraw = True
164.1254 	EXP 	line1: autoDraw = True
164.1254 	EXP 	line2: autoDraw = True
164.1254 	EXP 	line3: autoDraw = True
164.1254 	EXP 	line4: autoDraw = True
165.1254 	INFO 	Keyboard events cleared
165.1252 	EXP 	fixation: autoDraw = False
165.1252 	EXP 	probe: autoDraw = True
165.6106 	DATA 	Keypress: v
165.6260 	EXP 	Device response: <KeyPress from None: t=165.609601499993, value=v, duration=None>
165.6264 	EXP 	New trial (rep=15, index=2): <Trial 62 (2 in rep 15) data={'pos': 50, 'corr_resp': 'c', 'thisN': 62, 'thisTrialN': 2, 'thisRepN': 15}>
165.6423 	EXP 	fixation: autoDraw = False
165.6423 	EXP 	line1: autoDraw = False
165.6423 	EXP 	line2: autoDraw = False
165.6423 	EXP 	line3: autoDraw = False
165.6423 	EXP 	line4: autoDraw = False
165.6423 	EXP 	probe: autoDraw = False
165.8256 	EXP 	Device response: <KeyPress from None: t=165.609601499993, value=v, duration=0.20062620000680909>
166.6432 	EXP 	fixation: autoDraw = True
166.6432 	EXP 	line1: autoDraw = True
166.6432 	EXP 	line2: autoDraw = True
166.6432 	EXP 	line3: autoDraw = True
166.6432 	EXP 	line4: autoDraw = True
167.6398 	INFO 	Keyboard events cleared
167.6396 	EXP 	probe: autoDraw = True
167.6563 	EXP 	fixation: autoDraw = False
169.0602 	EXP 	Device response: <KeyPress from None: t=169.0482106999989, value=c, duration=None>
169.0606 	EXP 	New trial (rep=15, index=3): <Trial 63 (3 in rep 15) data={'pos': -150, 'corr_resp': 'z', 'thisN': 63, 'thisTrialN': 3, 'thisRepN': 15}>
169.0618 	DATA 	Keypress: c
169.0759 	EXP 	fixation: autoDraw = False
169.0759 	EXP 	line1: autoDraw = False
169.0759 	EXP 	line2: autoDraw = False
169.0759 	EXP 	line3: autoDraw = False
169.0759 	EXP 	line4: autoDraw = False
169.0759 	EXP 	probe: autoDraw = False
169.2587 	EXP 	Device response: <KeyPress from None: t=169.0482106999989, value=c, duration=0.2056445999915013>
170.0750 	EXP 	fixation: autoDraw = True
170.0750 	EXP 	line1: autoDraw = True
170.0750 	EXP 	line2: autoDraw = True
170.0750 	EXP 	line3: autoDraw = True
170.0750 	EXP 	line4: autoDraw = True
171.0755 	INFO 	Keyboard events cleared
171.0752 	EXP 	fixation: autoDraw = False
171.0752 	EXP 	probe: autoDraw = True
171.6430 	EXP 	Device response: <KeyPress from None: t=171.63230840000324, value=z, duration=None>
171.6435 	EXP 	New trial (rep=16, index=0): <Trial 64 (0 in rep 16) data={'pos': -50, 'corr_resp': 'x', 'thisN': 64, 'thisTrialN': 0, 'thisRepN': 16}>
171.6448 	DATA 	Keypress: z
171.6580 	EXP 	fixation: autoDraw = False
171.6580 	EXP 	line1: autoDraw = False
171.6580 	EXP 	line2: autoDraw = False
171.6580 	EXP 	line3: autoDraw = False
171.6580 	EXP 	line4: autoDraw = False
171.6580 	EXP 	probe: autoDraw = False
171.7584 	EXP 	Device response: <KeyPress from None: t=171.63230840000324, value=z, duration=0.1211159999947995>
172.6585 	EXP 	fixation: autoDraw = True
172.6585 	EXP 	line1: autoDraw = True
172.6585 	EXP 	line2: autoDraw = True
172.6585 	EXP 	line3: autoDraw = True
172.6585 	EXP 	line4: autoDraw = True
173.6591 	INFO 	Keyboard events cleared
173.6589 	EXP 	fixation: autoDraw = False
173.6589 	EXP 	probe: autoDraw = True
174.0278 	DATA 	Keypress: x
174.0422 	EXP 	Device response: <KeyPress from None: t=174.02671419999388, value=x, duration=None>
174.0426 	EXP 	New trial (rep=16, index=1): <Trial 65 (1 in rep 16) data={'pos': 150, 'corr_resp': 'v', 'thisN': 65, 'thisTrialN': 1, 'thisRepN': 16}>
174.0582 	EXP 	fixation: autoDraw = False
174.0582 	EXP 	line1: autoDraw = False
174.0582 	EXP 	line2: autoDraw = False
174.0582 	EXP 	line3: autoDraw = False
174.0582 	EXP 	line4: autoDraw = False
174.0582 	EXP 	probe: autoDraw = False
174.1747 	EXP 	Device response: <KeyPress from None: t=174.02671419999388, value=x, duration=0.14303550000477117>
175.0557 	EXP 	fixation: autoDraw = True
175.0557 	EXP 	line1: autoDraw = True
175.0557 	EXP 	line2: autoDraw = True
175.0557 	EXP 	line3: autoDraw = True
175.0557 	EXP 	line4: autoDraw = True
176.0581 	INFO 	Keyboard events cleared
176.0579 	EXP 	fixation: autoDraw = False
176.0579 	EXP 	probe: autoDraw = True
176.4588 	EXP 	Device response: <KeyPress from None: t=176.4540554999985, value=v, duration=None>
176.4592 	EXP 	New trial (rep=16, index=2): <Trial 66 (2 in rep 16) data={'pos': 50, 'corr_resp': 'c', 'thisN': 66, 'thisTrialN': 2, 'thisRepN': 16}>
176.4604 	DATA 	Keypress: v
176.4750 	EXP 	fixation: autoDraw = False
176.4750 	EXP 	line1: autoDraw = False
176.4750 	EXP 	line2: autoDraw = False
176.4750 	EXP 	line3: autoDraw = False
176.4750 	EXP 	line4: autoDraw = False
176.4750 	EXP 	probe: autoDraw = False
176.6420 	EXP 	Device response: <KeyPress from None: t=176.4540554999985, value=v, duration=0.1827934000029927>
177.4584 	EXP 	fixation: autoDraw = True
177.4584 	EXP 	line1: autoDraw = True
177.4584 	EXP 	line2: autoDraw = True
177.4584 	EXP 	line3: autoDraw = True
177.4584 	EXP 	line4: autoDraw = True
178.4579 	INFO 	Keyboard events cleared
178.4577 	EXP 	fixation: autoDraw = False
178.4577 	EXP 	probe: autoDraw = True
178.8107 	DATA 	Keypress: x
178.8259 	EXP 	Device response: <KeyPress from None: t=178.80974309999146, value=x, duration=None>
178.8263 	EXP 	New trial (rep=16, index=3): <Trial 67 (3 in rep 16) data={'pos': -150, 'corr_resp': 'z', 'thisN': 67, 'thisTrialN': 3, 'thisRepN': 16}>
178.8415 	EXP 	fixation: autoDraw = False
178.8415 	EXP 	line1: autoDraw = False
178.8415 	EXP 	line2: autoDraw = False
178.8415 	EXP 	line3: autoDraw = False
178.8415 	EXP 	line4: autoDraw = False
178.8415 	EXP 	probe: autoDraw = False
178.9581 	EXP 	Device response: <KeyPress from None: t=178.80974309999146, value=x, duration=0.14007870000205003>
179.8394 	EXP 	fixation: autoDraw = True
179.8394 	EXP 	line1: autoDraw = True
179.8394 	EXP 	line2: autoDraw = True
179.8394 	EXP 	line3: autoDraw = True
179.8394 	EXP 	line4: autoDraw = True
180.8417 	INFO 	Keyboard events cleared
180.8415 	EXP 	fixation: autoDraw = False
180.8415 	EXP 	probe: autoDraw = True
181.7418 	EXP 	Device response: <KeyPress from None: t=181.73395399999572, value=z, duration=None>
181.7422 	EXP 	New trial (rep=17, index=0): <Trial 68 (0 in rep 17) data={'pos': -50, 'corr_resp': 'x', 'thisN': 68, 'thisTrialN': 0, 'thisRepN': 17}>
181.7436 	DATA 	Keypress: z
181.7584 	EXP 	fixation: autoDraw = False
181.7584 	EXP 	line1: autoDraw = False
181.7584 	EXP 	line2: autoDraw = False
181.7584 	EXP 	line3: autoDraw = False
181.7584 	EXP 	line4: autoDraw = False
181.7584 	EXP 	probe: autoDraw = False
181.9431 	EXP 	Device response: <KeyPress from None: t=181.73395399999572, value=z, duration=0.2002344000065932>
182.7392 	EXP 	fixation: autoDraw = True
182.7392 	EXP 	line1: autoDraw = True
182.7392 	EXP 	line2: autoDraw = True
182.7392 	EXP 	line3: autoDraw = True
182.7392 	EXP 	line4: autoDraw = True
183.7411 	EXP 	fixation: autoDraw = False
183.7581 	INFO 	Keyboard events cleared
183.7579 	EXP 	probe: autoDraw = True
184.2917 	EXP 	Device response: <KeyPress from None: t=184.28560039999138, value=x, duration=None>
184.2921 	EXP 	New trial (rep=17, index=1): <Trial 69 (1 in rep 17) data={'pos': 150, 'corr_resp': 'v', 'thisN': 69, 'thisTrialN': 1, 'thisRepN': 17}>
184.2933 	DATA 	Keypress: x
184.3083 	EXP 	fixation: autoDraw = False
184.3083 	EXP 	line1: autoDraw = False
184.3083 	EXP 	line2: autoDraw = False
184.3083 	EXP 	line3: autoDraw = False
184.3083 	EXP 	line4: autoDraw = False
184.3083 	EXP 	probe: autoDraw = False
184.5080 	EXP 	Device response: <KeyPress from None: t=184.28560039999138, value=x, duration=0.209043599999859>
185.2911 	EXP 	fixation: autoDraw = True
185.2911 	EXP 	line1: autoDraw = True
185.2911 	EXP 	line2: autoDraw = True
185.2911 	EXP 	line3: autoDraw = True
185.2911 	EXP 	line4: autoDraw = True
186.2920 	INFO 	Keyboard events cleared
186.2918 	EXP 	fixation: autoDraw = False
186.2918 	EXP 	probe: autoDraw = True
186.9897 	EXP 	Device response: <KeyPress from None: t=186.98301289998926, value=v, duration=None>
186.9901 	EXP 	New trial (rep=17, index=2): <Trial 70 (2 in rep 17) data={'pos': 50, 'corr_resp': 'c', 'thisN': 70, 'thisTrialN': 2, 'thisRepN': 17}>
186.9915 	DATA 	Keypress: v
187.0073 	EXP 	fixation: autoDraw = False
187.0073 	EXP 	line1: autoDraw = False
187.0073 	EXP 	line2: autoDraw = False
187.0073 	EXP 	line3: autoDraw = False
187.0073 	EXP 	line4: autoDraw = False
187.0073 	EXP 	probe: autoDraw = False
187.1922 	EXP 	Device response: <KeyPress from None: t=186.98301289998926, value=v, duration=0.200744300003862>
187.9915 	EXP 	fixation: autoDraw = True
187.9915 	EXP 	line1: autoDraw = True
187.9915 	EXP 	line2: autoDraw = True
187.9915 	EXP 	line3: autoDraw = True
187.9915 	EXP 	line4: autoDraw = True
188.9451 	DATA 	Mouse: Left button down, pos=(568,536)
188.9907 	INFO 	Keyboard events cleared
188.9905 	EXP 	probe: autoDraw = True
189.0079 	EXP 	fixation: autoDraw = False
189.1622 	DATA 	Mouse:  Left button up, pos=(568,536)
189.6092 	EXP 	Device response: <KeyPress from None: t=189.60527719999664, value=c, duration=None>
189.6096 	EXP 	New trial (rep=17, index=3): <Trial 71 (3 in rep 17) data={'pos': -150, 'corr_resp': 'z', 'thisN': 71, 'thisTrialN': 3, 'thisRepN': 17}>
189.6108 	DATA 	Keypress: c
189.6253 	EXP 	fixation: autoDraw = False
189.6253 	EXP 	line1: autoDraw = False
189.6253 	EXP 	line2: autoDraw = False
189.6253 	EXP 	line3: autoDraw = False
189.6253 	EXP 	line4: autoDraw = False
189.6253 	EXP 	probe: autoDraw = False
189.7591 	EXP 	Device response: <KeyPress from None: t=189.60527719999664, value=c, duration=0.14332780000404455>
190.6246 	EXP 	fixation: autoDraw = True
190.6246 	EXP 	line1: autoDraw = True
190.6246 	EXP 	line2: autoDraw = True
190.6246 	EXP 	line3: autoDraw = True
190.6246 	EXP 	line4: autoDraw = True
191.6250 	INFO 	Keyboard events cleared
191.6248 	EXP 	fixation: autoDraw = False
191.6248 	EXP 	probe: autoDraw = True
192.5578 	EXP 	Device response: <KeyPress from None: t=192.552572399989, value=z, duration=None>
192.5582 	EXP 	New trial (rep=18, index=0): <Trial 72 (0 in rep 18) data={'pos': -50, 'corr_resp': 'x', 'thisN': 72, 'thisTrialN': 0, 'thisRepN': 18}>
192.5595 	DATA 	Keypress: z
192.5744 	EXP 	fixation: autoDraw = False
192.5744 	EXP 	line1: autoDraw = False
192.5744 	EXP 	line2: autoDraw = False
192.5744 	EXP 	line3: autoDraw = False
192.5744 	EXP 	line4: autoDraw = False
192.5744 	EXP 	probe: autoDraw = False
192.6928 	EXP 	Device response: <KeyPress from None: t=192.552572399989, value=z, duration=0.13910960000066552>
193.5579 	EXP 	fixation: autoDraw = True
193.5579 	EXP 	line1: autoDraw = True
193.5579 	EXP 	line2: autoDraw = True
193.5579 	EXP 	line3: autoDraw = True
193.5579 	EXP 	line4: autoDraw = True
194.5584 	INFO 	Keyboard events cleared
194.5582 	EXP 	fixation: autoDraw = False
194.5582 	EXP 	probe: autoDraw = True
194.9591 	EXP 	Device response: <KeyPress from None: t=194.94534409999324, value=x, duration=None>
194.9595 	EXP 	New trial (rep=18, index=1): <Trial 73 (1 in rep 18) data={'pos': 150, 'corr_resp': 'v', 'thisN': 73, 'thisTrialN': 1, 'thisRepN': 18}>
194.9609 	DATA 	Keypress: x
194.9748 	EXP 	fixation: autoDraw = False
194.9748 	EXP 	line1: autoDraw = False
194.9748 	EXP 	line2: autoDraw = False
194.9748 	EXP 	line3: autoDraw = False
194.9748 	EXP 	line4: autoDraw = False
194.9748 	EXP 	probe: autoDraw = False
195.0917 	EXP 	Device response: <KeyPress from None: t=194.94534409999324, value=x, duration=0.14121650000743102>
195.9753 	EXP 	fixation: autoDraw = True
195.9753 	EXP 	line1: autoDraw = True
195.9753 	EXP 	line2: autoDraw = True
195.9753 	EXP 	line3: autoDraw = True
195.9753 	EXP 	line4: autoDraw = True
196.9724 	INFO 	Keyboard events cleared
196.9723 	EXP 	probe: autoDraw = True
196.9890 	EXP 	fixation: autoDraw = False
197.4914 	EXP 	Device response: <KeyPress from None: t=197.4864183999889, value=v, duration=None>
197.4918 	EXP 	New trial (rep=18, index=2): <Trial 74 (2 in rep 18) data={'pos': 50, 'corr_resp': 'c', 'thisN': 74, 'thisTrialN': 2, 'thisRepN': 18}>
197.4931 	DATA 	Keypress: v
197.5082 	EXP 	fixation: autoDraw = False
197.5082 	EXP 	line1: autoDraw = False
197.5082 	EXP 	line2: autoDraw = False
197.5082 	EXP 	line3: autoDraw = False
197.5082 	EXP 	line4: autoDraw = False
197.5082 	EXP 	probe: autoDraw = False
197.6434 	EXP 	Device response: <KeyPress from None: t=197.4864183999889, value=v, duration=0.15415630000643432>
198.4917 	EXP 	fixation: autoDraw = True
198.4917 	EXP 	line1: autoDraw = True
198.4917 	EXP 	line2: autoDraw = True
198.4917 	EXP 	line3: autoDraw = True
198.4917 	EXP 	line4: autoDraw = True
199.4914 	INFO 	Keyboard events cleared
199.4912 	EXP 	fixation: autoDraw = False
199.4912 	EXP 	probe: autoDraw = True
200.0594 	EXP 	Device response: <KeyPress from None: t=200.0508542000025, value=c, duration=None>
200.0598 	EXP 	New trial (rep=18, index=3): <Trial 75 (3 in rep 18) data={'pos': -150, 'corr_resp': 'z', 'thisN': 75, 'thisTrialN': 3, 'thisRepN': 18}>
200.0612 	DATA 	Keypress: c
200.0753 	EXP 	fixation: autoDraw = False
200.0753 	EXP 	line1: autoDraw = False
200.0753 	EXP 	line2: autoDraw = False
200.0753 	EXP 	line3: autoDraw = False
200.0753 	EXP 	line4: autoDraw = False
200.0753 	EXP 	probe: autoDraw = False
200.2257 	EXP 	Device response: <KeyPress from None: t=200.0508542000025, value=c, duration=0.1620035999949323>
201.0745 	EXP 	fixation: autoDraw = True
201.0745 	EXP 	line1: autoDraw = True
201.0745 	EXP 	line2: autoDraw = True
201.0745 	EXP 	line3: autoDraw = True
201.0745 	EXP 	line4: autoDraw = True
202.0745 	INFO 	Keyboard events cleared
202.0743 	EXP 	fixation: autoDraw = False
202.0743 	EXP 	probe: autoDraw = True
202.6915 	EXP 	Device response: <KeyPress from None: t=202.68365359999007, value=z, duration=None>
202.6920 	EXP 	New trial (rep=19, index=0): <Trial 76 (0 in rep 19) data={'pos': -50, 'corr_resp': 'x', 'thisN': 76, 'thisTrialN': 0, 'thisRepN': 19}>
202.6932 	DATA 	Keypress: z
202.7081 	EXP 	fixation: autoDraw = False
202.7081 	EXP 	line1: autoDraw = False
202.7081 	EXP 	line2: autoDraw = False
202.7081 	EXP 	line3: autoDraw = False
202.7081 	EXP 	line4: autoDraw = False
202.7081 	EXP 	probe: autoDraw = False
202.8254 	EXP 	Device response: <KeyPress from None: t=202.68365359999007, value=z, duration=0.13391640000918414>
203.6916 	EXP 	fixation: autoDraw = True
203.6916 	EXP 	line1: autoDraw = True
203.6916 	EXP 	line2: autoDraw = True
203.6916 	EXP 	line3: autoDraw = True
203.6916 	EXP 	line4: autoDraw = True
204.6919 	INFO 	Keyboard events cleared
204.6917 	EXP 	fixation: autoDraw = False
204.6917 	EXP 	probe: autoDraw = True
205.1896 	EXP 	Device response: <KeyPress from None: t=205.186540900002, value=x, duration=None>
205.1900 	EXP 	New trial (rep=19, index=1): <Trial 77 (1 in rep 19) data={'pos': 150, 'corr_resp': 'v', 'thisN': 77, 'thisTrialN': 1, 'thisRepN': 19}>
205.1911 	DATA 	Keypress: x
205.2055 	EXP 	fixation: autoDraw = False
205.2055 	EXP 	line1: autoDraw = False
205.2055 	EXP 	line2: autoDraw = False
205.2055 	EXP 	line3: autoDraw = False
205.2055 	EXP 	line4: autoDraw = False
205.2055 	EXP 	probe: autoDraw = False
205.3294 	EXP 	Device response: <KeyPress from None: t=205.186540900002, value=x, duration=0.1268588999955682>
206.1910 	EXP 	fixation: autoDraw = True
206.1910 	EXP 	line1: autoDraw = True
206.1910 	EXP 	line2: autoDraw = True
206.1910 	EXP 	line3: autoDraw = True
206.1910 	EXP 	line4: autoDraw = True
207.1921 	INFO 	Keyboard events cleared
207.1919 	EXP 	fixation: autoDraw = False
207.1919 	EXP 	probe: autoDraw = True
208.2250 	EXP 	Device response: <KeyPress from None: t=208.2204786999937, value=v, duration=None>
208.2254 	EXP 	New trial (rep=19, index=2): <Trial 78 (2 in rep 19) data={'pos': 50, 'corr_resp': 'c', 'thisN': 78, 'thisTrialN': 2, 'thisRepN': 19}>
208.2267 	DATA 	Keypress: v
208.2415 	EXP 	fixation: autoDraw = False
208.2415 	EXP 	line1: autoDraw = False
208.2415 	EXP 	line2: autoDraw = False
208.2415 	EXP 	line3: autoDraw = False
208.2415 	EXP 	line4: autoDraw = False
208.2415 	EXP 	probe: autoDraw = False
208.3916 	EXP 	Device response: <KeyPress from None: t=208.2204786999937, value=v, duration=0.16368559999682475>
209.2219 	EXP 	fixation: autoDraw = True
209.2219 	EXP 	line1: autoDraw = True
209.2219 	EXP 	line2: autoDraw = True
209.2219 	EXP 	line3: autoDraw = True
209.2219 	EXP 	line4: autoDraw = True
210.2247 	EXP 	fixation: autoDraw = False
210.2421 	INFO 	Keyboard events cleared
210.2418 	EXP 	probe: autoDraw = True
211.1107 	EXP 	Device response: <KeyPress from None: t=211.10655519999273, value=c, duration=None>
211.1112 	EXP 	New trial (rep=19, index=3): <Trial 79 (3 in rep 19) data={'pos': -150, 'corr_resp': 'z', 'thisN': 79, 'thisTrialN': 3, 'thisRepN': 19}>
211.1124 	DATA 	Keypress: c
211.1271 	EXP 	fixation: autoDraw = False
211.1271 	EXP 	line1: autoDraw = False
211.1271 	EXP 	line2: autoDraw = False
211.1271 	EXP 	line3: autoDraw = False
211.1271 	EXP 	line4: autoDraw = False
211.1271 	EXP 	probe: autoDraw = False
211.2771 	EXP 	Device response: <KeyPress from None: t=211.10655519999273, value=c, duration=0.16374099999666214>
212.1234 	EXP 	fixation: autoDraw = True
212.1234 	EXP 	line1: autoDraw = True
212.1234 	EXP 	line2: autoDraw = True
212.1234 	EXP 	line3: autoDraw = True
212.1234 	EXP 	line4: autoDraw = True
213.1221 	INFO 	Keyboard events cleared
213.1220 	EXP 	probe: autoDraw = True
213.1387 	EXP 	fixation: autoDraw = False
213.5221 	EXP 	Device response: <KeyPress from None: t=213.5104491999955, value=z, duration=None>
213.5225 	EXP 	New trial (rep=20, index=0): <Trial 80 (0 in rep 20) data={'pos': -50, 'corr_resp': 'x', 'thisN': 80, 'thisTrialN': 0, 'thisRepN': 20}>
213.5235 	DATA 	Keypress: z
213.5388 	EXP 	fixation: autoDraw = False
213.5388 	EXP 	line1: autoDraw = False
213.5388 	EXP 	line2: autoDraw = False
213.5388 	EXP 	line3: autoDraw = False
213.5388 	EXP 	line4: autoDraw = False
213.5388 	EXP 	probe: autoDraw = False
213.6397 	EXP 	Device response: <KeyPress from None: t=213.5104491999955, value=z, duration=0.1266334999963874>
214.5219 	EXP 	fixation: autoDraw = True
214.5219 	EXP 	line1: autoDraw = True
214.5219 	EXP 	line2: autoDraw = True
214.5219 	EXP 	line3: autoDraw = True
214.5219 	EXP 	line4: autoDraw = True
215.5231 	INFO 	Keyboard events cleared
215.5230 	EXP 	fixation: autoDraw = False
215.5230 	EXP 	probe: autoDraw = True
216.2598 	EXP 	Device response: <KeyPress from None: t=216.24882079999952, value=x, duration=None>
216.2601 	EXP 	New trial (rep=20, index=1): <Trial 81 (1 in rep 20) data={'pos': 150, 'corr_resp': 'v', 'thisN': 81, 'thisTrialN': 1, 'thisRepN': 20}>
216.2610 	DATA 	Keypress: x
216.2763 	EXP 	fixation: autoDraw = False
216.2763 	EXP 	line1: autoDraw = False
216.2763 	EXP 	line2: autoDraw = False
216.2763 	EXP 	line3: autoDraw = False
216.2763 	EXP 	line4: autoDraw = False
216.2763 	EXP 	probe: autoDraw = False
216.4922 	EXP 	Device response: <KeyPress from None: t=216.24882079999952, value=x, duration=0.22700250000343658>
217.2747 	EXP 	fixation: autoDraw = True
217.2747 	EXP 	line1: autoDraw = True
217.2747 	EXP 	line2: autoDraw = True
217.2747 	EXP 	line3: autoDraw = True
217.2747 	EXP 	line4: autoDraw = True
218.2740 	INFO 	Keyboard events cleared
218.2739 	EXP 	fixation: autoDraw = False
218.2739 	EXP 	probe: autoDraw = True
221.3245 	EXP 	Device response: <KeyPress from None: t=221.31961700000102, value=v, duration=None>
221.3249 	EXP 	New trial (rep=20, index=2): <Trial 82 (2 in rep 20) data={'pos': 50, 'corr_resp': 'c', 'thisN': 82, 'thisTrialN': 2, 'thisRepN': 20}>
221.3261 	DATA 	Keypress: v
221.3408 	EXP 	fixation: autoDraw = False
221.3408 	EXP 	line1: autoDraw = False
221.3408 	EXP 	line2: autoDraw = False
221.3408 	EXP 	line3: autoDraw = False
221.3408 	EXP 	line4: autoDraw = False
221.3408 	EXP 	probe: autoDraw = False
221.5253 	EXP 	Device response: <KeyPress from None: t=221.31961700000102, value=v, duration=0.1946058999892557>
222.3246 	EXP 	fixation: autoDraw = True
222.3246 	EXP 	line1: autoDraw = True
222.3246 	EXP 	line2: autoDraw = True
222.3246 	EXP 	line3: autoDraw = True
222.3246 	EXP 	line4: autoDraw = True
223.3248 	INFO 	Keyboard events cleared
223.3246 	EXP 	fixation: autoDraw = False
223.3246 	EXP 	probe: autoDraw = True
223.7912 	EXP 	Device response: <KeyPress from None: t=223.78150759999698, value=c, duration=None>
223.7916 	EXP 	New trial (rep=20, index=3): <Trial 83 (3 in rep 20) data={'pos': -150, 'corr_resp': 'z', 'thisN': 83, 'thisTrialN': 3, 'thisRepN': 20}>
223.7931 	DATA 	Keypress: c
223.8073 	EXP 	fixation: autoDraw = False
223.8073 	EXP 	line1: autoDraw = False
223.8073 	EXP 	line2: autoDraw = False
223.8073 	EXP 	line3: autoDraw = False
223.8073 	EXP 	line4: autoDraw = False
223.8073 	EXP 	probe: autoDraw = False
223.9584 	EXP 	Device response: <KeyPress from None: t=223.78150759999698, value=c, duration=0.16909450000093784>
224.7919 	EXP 	fixation: autoDraw = True
224.7919 	EXP 	line1: autoDraw = True
224.7919 	EXP 	line2: autoDraw = True
224.7919 	EXP 	line3: autoDraw = True
224.7919 	EXP 	line4: autoDraw = True
225.7935 	INFO 	Keyboard events cleared
225.7932 	EXP 	fixation: autoDraw = False
225.7932 	EXP 	probe: autoDraw = True
226.2284 	EXP 	Device response: <KeyPress from None: t=226.21930569999677, value=z, duration=None>
226.2291 	EXP 	New trial (rep=21, index=0): <Trial 84 (0 in rep 21) data={'pos': -50, 'corr_resp': 'x', 'thisN': 84, 'thisTrialN': 0, 'thisRepN': 21}>
226.2319 	DATA 	Keypress: z
226.2440 	EXP 	fixation: autoDraw = False
226.2440 	EXP 	line1: autoDraw = False
226.2440 	EXP 	line2: autoDraw = False
226.2440 	EXP 	line3: autoDraw = False
226.2440 	EXP 	line4: autoDraw = False
226.2440 	EXP 	probe: autoDraw = False
226.4132 	EXP 	Device response: <KeyPress from None: t=226.21930569999677, value=z, duration=0.17484249999688473>
227.2364 	EXP 	fixation: autoDraw = True
227.2364 	EXP 	line1: autoDraw = True
227.2364 	EXP 	line2: autoDraw = True
227.2364 	EXP 	line3: autoDraw = True
227.2364 	EXP 	line4: autoDraw = True
228.2339 	INFO 	Keyboard events cleared
228.2338 	EXP 	probe: autoDraw = True
228.2496 	EXP 	fixation: autoDraw = False
228.7389 	EXP 	Device response: <KeyPress from None: t=228.73455709998962, value=c, duration=None>
228.7395 	EXP 	New trial (rep=21, index=1): <Trial 85 (1 in rep 21) data={'pos': 150, 'corr_resp': 'v', 'thisN': 85, 'thisTrialN': 1, 'thisRepN': 21}>
228.7417 	DATA 	Keypress: c
228.7493 	EXP 	fixation: autoDraw = False
228.7493 	EXP 	line1: autoDraw = False
228.7493 	EXP 	line2: autoDraw = False
228.7493 	EXP 	line3: autoDraw = False
228.7493 	EXP 	line4: autoDraw = False
228.7493 	EXP 	probe: autoDraw = False
228.9489 	EXP 	Device response: <KeyPress from None: t=228.73455709998962, value=c, duration=0.21286390000022948>
229.7492 	EXP 	fixation: autoDraw = True
229.7492 	EXP 	line1: autoDraw = True
229.7492 	EXP 	line2: autoDraw = True
229.7492 	EXP 	line3: autoDraw = True
229.7492 	EXP 	line4: autoDraw = True
230.7495 	INFO 	Keyboard events cleared
230.7493 	EXP 	fixation: autoDraw = False
230.7493 	EXP 	probe: autoDraw = True
231.4498 	EXP 	Device response: <KeyPress from None: t=231.44460289999552, value=v, duration=None>
231.4502 	EXP 	New trial (rep=21, index=2): <Trial 86 (2 in rep 21) data={'pos': 50, 'corr_resp': 'c', 'thisN': 86, 'thisTrialN': 2, 'thisRepN': 21}>
231.4514 	DATA 	Keypress: v
231.4660 	EXP 	fixation: autoDraw = False
231.4660 	EXP 	line1: autoDraw = False
231.4660 	EXP 	line2: autoDraw = False
231.4660 	EXP 	line3: autoDraw = False
231.4660 	EXP 	line4: autoDraw = False
231.4660 	EXP 	probe: autoDraw = False
231.6000 	EXP 	Device response: <KeyPress from None: t=231.44460289999552, value=v, duration=0.15434110000205692>
232.4494 	EXP 	fixation: autoDraw = True
232.4494 	EXP 	line1: autoDraw = True
232.4494 	EXP 	line2: autoDraw = True
232.4494 	EXP 	line3: autoDraw = True
232.4494 	EXP 	line4: autoDraw = True
233.4510 	INFO 	Keyboard events cleared
233.4507 	EXP 	fixation: autoDraw = False
233.4507 	EXP 	probe: autoDraw = True
233.9076 	DATA 	Keypress: x
233.9192 	EXP 	Device response: <KeyPress from None: t=233.90453040000284, value=x, duration=None>
233.9196 	EXP 	New trial (rep=21, index=3): <Trial 87 (3 in rep 21) data={'pos': -150, 'corr_resp': 'z', 'thisN': 87, 'thisTrialN': 3, 'thisRepN': 21}>
233.9344 	EXP 	fixation: autoDraw = False
233.9344 	EXP 	line1: autoDraw = False
233.9344 	EXP 	line2: autoDraw = False
233.9344 	EXP 	line3: autoDraw = False
233.9344 	EXP 	line4: autoDraw = False
233.9344 	EXP 	probe: autoDraw = False
234.0891 	EXP 	Device response: <KeyPress from None: t=233.90453040000284, value=x, duration=0.1797554999939166>
234.9194 	EXP 	fixation: autoDraw = True
234.9194 	EXP 	line1: autoDraw = True
234.9194 	EXP 	line2: autoDraw = True
234.9194 	EXP 	line3: autoDraw = True
234.9194 	EXP 	line4: autoDraw = True
235.9202 	INFO 	Keyboard events cleared
235.9199 	EXP 	fixation: autoDraw = False
235.9199 	EXP 	probe: autoDraw = True
236.6833 	EXP 	Device response: <KeyPress from None: t=236.6782908000023, value=z, duration=None>
236.6843 	EXP 	New trial (rep=22, index=0): <Trial 88 (0 in rep 22) data={'pos': -50, 'corr_resp': 'x', 'thisN': 88, 'thisTrialN': 0, 'thisRepN': 22}>
236.6861 	DATA 	Keypress: z
236.6997 	EXP 	fixation: autoDraw = False
236.6997 	EXP 	line1: autoDraw = False
236.6997 	EXP 	line2: autoDraw = False
236.6997 	EXP 	line3: autoDraw = False
236.6997 	EXP 	line4: autoDraw = False
236.6997 	EXP 	probe: autoDraw = False
236.8481 	EXP 	Device response: <KeyPress from None: t=236.6782908000023, value=z, duration=0.1621951999986777>
237.6855 	EXP 	fixation: autoDraw = True
237.6855 	EXP 	line1: autoDraw = True
237.6855 	EXP 	line2: autoDraw = True
237.6855 	EXP 	line3: autoDraw = True
237.6855 	EXP 	line4: autoDraw = True
238.6828 	INFO 	Keyboard events cleared
238.6826 	EXP 	probe: autoDraw = True
238.6986 	EXP 	fixation: autoDraw = False
239.2661 	EXP 	Device response: <KeyPress from None: t=239.2590591999906, value=x, duration=None>
239.2665 	EXP 	New trial (rep=22, index=1): <Trial 89 (1 in rep 22) data={'pos': 150, 'corr_resp': 'v', 'thisN': 89, 'thisTrialN': 1, 'thisRepN': 22}>
239.2678 	DATA 	Keypress: x
239.2825 	EXP 	fixation: autoDraw = False
239.2825 	EXP 	line1: autoDraw = False
239.2825 	EXP 	line2: autoDraw = False
239.2825 	EXP 	line3: autoDraw = False
239.2825 	EXP 	line4: autoDraw = False
239.2825 	EXP 	probe: autoDraw = False
239.4807 	EXP 	Device response: <KeyPress from None: t=239.2590591999906, value=x, duration=0.21329189999960363>
240.2662 	EXP 	fixation: autoDraw = True
240.2662 	EXP 	line1: autoDraw = True
240.2662 	EXP 	line2: autoDraw = True
240.2662 	EXP 	line3: autoDraw = True
240.2662 	EXP 	line4: autoDraw = True
241.2676 	INFO 	Keyboard events cleared
241.2674 	EXP 	fixation: autoDraw = False
241.2674 	EXP 	probe: autoDraw = True
243.1999 	EXP 	Device response: <KeyPress from None: t=243.19481269999233, value=v, duration=None>
243.2004 	EXP 	New trial (rep=22, index=2): <Trial 90 (2 in rep 22) data={'pos': 50, 'corr_resp': 'c', 'thisN': 90, 'thisTrialN': 2, 'thisRepN': 22}>
243.2018 	DATA 	Keypress: v
243.2161 	EXP 	fixation: autoDraw = False
243.2161 	EXP 	line1: autoDraw = False
243.2161 	EXP 	line2: autoDraw = False
243.2161 	EXP 	line3: autoDraw = False
243.2161 	EXP 	line4: autoDraw = False
243.2161 	EXP 	probe: autoDraw = False
243.3499 	EXP 	Device response: <KeyPress from None: t=243.19481269999233, value=v, duration=0.1463423000095645>
244.2162 	EXP 	fixation: autoDraw = True
244.2162 	EXP 	line1: autoDraw = True
244.2162 	EXP 	line2: autoDraw = True
244.2162 	EXP 	line3: autoDraw = True
244.2162 	EXP 	line4: autoDraw = True
245.2079 	INFO 	Keyboard events cleared
245.2077 	EXP 	probe: autoDraw = True
245.2247 	EXP 	fixation: autoDraw = False
245.7431 	DATA 	Keypress: c
245.7584 	EXP 	Device response: <KeyPress from None: t=245.74228819999553, value=c, duration=None>
245.7588 	EXP 	New trial (rep=22, index=3): <Trial 91 (3 in rep 22) data={'pos': -150, 'corr_resp': 'z', 'thisN': 91, 'thisTrialN': 3, 'thisRepN': 22}>
245.7744 	EXP 	fixation: autoDraw = False
245.7744 	EXP 	line1: autoDraw = False
245.7744 	EXP 	line2: autoDraw = False
245.7744 	EXP 	line3: autoDraw = False
245.7744 	EXP 	line4: autoDraw = False
245.7744 	EXP 	probe: autoDraw = False
245.9084 	EXP 	Device response: <KeyPress from None: t=245.74228819999553, value=c, duration=0.15416689999983646>
246.7749 	EXP 	fixation: autoDraw = True
246.7749 	EXP 	line1: autoDraw = True
246.7749 	EXP 	line2: autoDraw = True
246.7749 	EXP 	line3: autoDraw = True
246.7749 	EXP 	line4: autoDraw = True
247.7745 	INFO 	Keyboard events cleared
247.7743 	EXP 	fixation: autoDraw = False
247.7743 	EXP 	probe: autoDraw = True
248.4590 	EXP 	Device response: <KeyPress from None: t=248.44958039998892, value=z, duration=None>
248.4595 	EXP 	New trial (rep=23, index=0): <Trial 92 (0 in rep 23) data={'pos': -50, 'corr_resp': 'x', 'thisN': 92, 'thisTrialN': 0, 'thisRepN': 23}>
248.4607 	DATA 	Keypress: z
248.4740 	EXP 	fixation: autoDraw = False
248.4740 	EXP 	line1: autoDraw = False
248.4740 	EXP 	line2: autoDraw = False
248.4740 	EXP 	line3: autoDraw = False
248.4740 	EXP 	line4: autoDraw = False
248.4740 	EXP 	probe: autoDraw = False
248.6578 	EXP 	Device response: <KeyPress from None: t=248.44958039998892, value=z, duration=0.19579920000978746>
249.4741 	EXP 	fixation: autoDraw = True
249.4741 	EXP 	line1: autoDraw = True
249.4741 	EXP 	line2: autoDraw = True
249.4741 	EXP 	line3: autoDraw = True
249.4741 	EXP 	line4: autoDraw = True
250.4745 	INFO 	Keyboard events cleared
250.4743 	EXP 	fixation: autoDraw = False
250.4743 	EXP 	probe: autoDraw = True
251.1636 	EXP 	Device response: <KeyPress from None: t=251.15940189998946, value=x, duration=None>
251.1644 	EXP 	New trial (rep=23, index=1): <Trial 93 (1 in rep 23) data={'pos': 150, 'corr_resp': 'v', 'thisN': 93, 'thisTrialN': 1, 'thisRepN': 23}>
251.1672 	DATA 	Keypress: x
251.1770 	EXP 	fixation: autoDraw = False
251.1770 	EXP 	line1: autoDraw = False
251.1770 	EXP 	line2: autoDraw = False
251.1770 	EXP 	line3: autoDraw = False
251.1770 	EXP 	line4: autoDraw = False
251.1770 	EXP 	probe: autoDraw = False
251.2767 	EXP 	Device response: <KeyPress from None: t=251.15940189998946, value=x, duration=0.11444060000940226>
252.1734 	EXP 	fixation: autoDraw = True
252.1734 	EXP 	line1: autoDraw = True
252.1734 	EXP 	line2: autoDraw = True
252.1734 	EXP 	line3: autoDraw = True
252.1734 	EXP 	line4: autoDraw = True
252.3777 	DATA 	Mouse: Left button down, pos=(872,671)
252.6115 	DATA 	Mouse:  Left button up, pos=(872,671)
253.1754 	INFO 	Keyboard events cleared
253.1751 	EXP 	fixation: autoDraw = False
253.1751 	EXP 	probe: autoDraw = True
253.9165 	DATA 	Keypress: v
253.9289 	EXP 	Device response: <KeyPress from None: t=253.91341639999882, value=v, duration=None>
253.9299 	EXP 	New trial (rep=23, index=2): <Trial 94 (2 in rep 23) data={'pos': 50, 'corr_resp': 'c', 'thisN': 94, 'thisTrialN': 2, 'thisRepN': 23}>
253.9444 	EXP 	fixation: autoDraw = False
253.9444 	EXP 	line1: autoDraw = False
253.9444 	EXP 	line2: autoDraw = False
253.9444 	EXP 	line3: autoDraw = False
253.9444 	EXP 	line4: autoDraw = False
253.9444 	EXP 	probe: autoDraw = False
254.1287 	EXP 	Device response: <KeyPress from None: t=253.91341639999882, value=v, duration=0.20797409999067895>
254.9411 	EXP 	fixation: autoDraw = True
254.9411 	EXP 	line1: autoDraw = True
254.9411 	EXP 	line2: autoDraw = True
254.9411 	EXP 	line3: autoDraw = True
254.9411 	EXP 	line4: autoDraw = True
255.9442 	INFO 	Keyboard events cleared
255.9440 	EXP 	fixation: autoDraw = False
255.9440 	EXP 	probe: autoDraw = True
256.4754 	EXP 	Device response: <KeyPress from None: t=256.4648218999937, value=c, duration=None>
256.4758 	EXP 	New trial (rep=23, index=3): <Trial 95 (3 in rep 23) data={'pos': -150, 'corr_resp': 'z', 'thisN': 95, 'thisTrialN': 3, 'thisRepN': 23}>
256.4772 	DATA 	Keypress: c
256.4909 	EXP 	fixation: autoDraw = False
256.4909 	EXP 	line1: autoDraw = False
256.4909 	EXP 	line2: autoDraw = False
256.4909 	EXP 	line3: autoDraw = False
256.4909 	EXP 	line4: autoDraw = False
256.4909 	EXP 	probe: autoDraw = False
256.6915 	EXP 	Device response: <KeyPress from None: t=256.4648218999937, value=c, duration=0.21883030000026338>
257.4912 	EXP 	fixation: autoDraw = True
257.4912 	EXP 	line1: autoDraw = True
257.4912 	EXP 	line2: autoDraw = True
257.4912 	EXP 	line3: autoDraw = True
257.4912 	EXP 	line4: autoDraw = True
258.4748 	INFO 	Keyboard events cleared
258.4746 	EXP 	probe: autoDraw = True
258.4916 	EXP 	fixation: autoDraw = False
259.0918 	EXP 	Device response: <KeyPress from None: t=259.08744540000043, value=z, duration=None>
259.0922 	EXP 	New trial (rep=24, index=0): <Trial 96 (0 in rep 24) data={'pos': -50, 'corr_resp': 'x', 'thisN': 96, 'thisTrialN': 0, 'thisRepN': 24}>
259.0936 	DATA 	Keypress: z
259.1082 	EXP 	fixation: autoDraw = False
259.1082 	EXP 	line1: autoDraw = False
259.1082 	EXP 	line2: autoDraw = False
259.1082 	EXP 	line3: autoDraw = False
259.1082 	EXP 	line4: autoDraw = False
259.1082 	EXP 	probe: autoDraw = False
259.2415 	EXP 	Device response: <KeyPress from None: t=259.08744540000043, value=z, duration=0.14840629999525845>
260.0915 	EXP 	fixation: autoDraw = True
260.0915 	EXP 	line1: autoDraw = True
260.0915 	EXP 	line2: autoDraw = True
260.0915 	EXP 	line3: autoDraw = True
260.0915 	EXP 	line4: autoDraw = True
261.0917 	INFO 	Keyboard events cleared
261.0915 	EXP 	fixation: autoDraw = False
261.0915 	EXP 	probe: autoDraw = True
261.6919 	EXP 	Device response: <KeyPress from None: t=261.68029370000295, value=x, duration=None>
261.6923 	EXP 	New trial (rep=24, index=1): <Trial 97 (1 in rep 24) data={'pos': 150, 'corr_resp': 'v', 'thisN': 97, 'thisTrialN': 1, 'thisRepN': 24}>
261.6935 	DATA 	Keypress: x
261.7076 	EXP 	fixation: autoDraw = False
261.7076 	EXP 	line1: autoDraw = False
261.7076 	EXP 	line2: autoDraw = False
261.7076 	EXP 	line3: autoDraw = False
261.7076 	EXP 	line4: autoDraw = False
261.7076 	EXP 	probe: autoDraw = False
261.8419 	EXP 	Device response: <KeyPress from None: t=261.68029370000295, value=x, duration=0.1604081999976188>
262.6946 	EXP 	fixation: autoDraw = True
262.6946 	EXP 	line1: autoDraw = True
262.6946 	EXP 	line2: autoDraw = True
262.6946 	EXP 	line3: autoDraw = True
262.6946 	EXP 	line4: autoDraw = True
263.6920 	INFO 	Keyboard events cleared
263.6918 	EXP 	probe: autoDraw = True
263.7072 	EXP 	fixation: autoDraw = False
264.4582 	EXP 	Device response: <KeyPress from None: t=264.45131779999065, value=v, duration=None>
264.4586 	EXP 	New trial (rep=24, index=2): <Trial 98 (2 in rep 24) data={'pos': 50, 'corr_resp': 'c', 'thisN': 98, 'thisTrialN': 2, 'thisRepN': 24}>
264.4600 	DATA 	Keypress: v
264.4744 	EXP 	fixation: autoDraw = False
264.4744 	EXP 	line1: autoDraw = False
264.4744 	EXP 	line2: autoDraw = False
264.4744 	EXP 	line3: autoDraw = False
264.4744 	EXP 	line4: autoDraw = False
264.4744 	EXP 	probe: autoDraw = False
264.6753 	EXP 	Device response: <KeyPress from None: t=264.45131779999065, value=v, duration=0.21361130000150297>
265.4578 	EXP 	fixation: autoDraw = True
265.4578 	EXP 	line1: autoDraw = True
265.4578 	EXP 	line2: autoDraw = True
265.4578 	EXP 	line3: autoDraw = True
265.4578 	EXP 	line4: autoDraw = True
266.4574 	EXP 	fixation: autoDraw = False
266.4746 	INFO 	Keyboard events cleared
266.4744 	EXP 	probe: autoDraw = True
267.9745 	EXP 	Device response: <KeyPress from None: t=267.963331299994, value=c, duration=None>
267.9749 	EXP 	New trial (rep=24, index=3): <Trial 99 (3 in rep 24) data={'pos': -150, 'corr_resp': 'z', 'thisN': 99, 'thisTrialN': 3, 'thisRepN': 24}>
267.9761 	DATA 	Keypress: c
267.9916 	EXP 	fixation: autoDraw = False
267.9916 	EXP 	line1: autoDraw = False
267.9916 	EXP 	line2: autoDraw = False
267.9916 	EXP 	line3: autoDraw = False
267.9916 	EXP 	line4: autoDraw = False
267.9916 	EXP 	probe: autoDraw = False
268.1577 	EXP 	Device response: <KeyPress from None: t=267.963331299994, value=c, duration=0.18012810000800528>
268.9745 	EXP 	fixation: autoDraw = True
268.9745 	EXP 	line1: autoDraw = True
268.9745 	EXP 	line2: autoDraw = True
268.9745 	EXP 	line3: autoDraw = True
268.9745 	EXP 	line4: autoDraw = True
269.9885 	INFO 	Keyboard events cleared
269.9884 	EXP 	fixation: autoDraw = False
269.9884 	EXP 	probe: autoDraw = True
270.5758 	EXP 	Device response: <KeyPress from None: t=270.5733457000024, value=z, duration=None>
270.5762 	EXP 	New trial (rep=25, index=0): <Trial 100 (0 in rep 25) data={'pos': -50, 'corr_resp': 'x', 'thisN': 100, 'thisTrialN': 0, 'thisRepN': 25}>
270.5775 	DATA 	Keypress: z
270.5915 	EXP 	fixation: autoDraw = False
270.5915 	EXP 	line1: autoDraw = False
270.5915 	EXP 	line2: autoDraw = False
270.5915 	EXP 	line3: autoDraw = False
270.5915 	EXP 	line4: autoDraw = False
270.5915 	EXP 	probe: autoDraw = False
270.7576 	EXP 	Device response: <KeyPress from None: t=270.5733457000024, value=z, duration=0.17681599999195896>
271.5905 	EXP 	fixation: autoDraw = True
271.5905 	EXP 	line1: autoDraw = True
271.5905 	EXP 	line2: autoDraw = True
271.5905 	EXP 	line3: autoDraw = True
271.5905 	EXP 	line4: autoDraw = True
272.5910 	INFO 	Keyboard events cleared
272.5908 	EXP 	fixation: autoDraw = False
272.5908 	EXP 	probe: autoDraw = True
273.1408 	EXP 	Device response: <KeyPress from None: t=273.1357980999892, value=x, duration=None>
273.1412 	EXP 	New trial (rep=25, index=1): <Trial 101 (1 in rep 25) data={'pos': 150, 'corr_resp': 'v', 'thisN': 101, 'thisTrialN': 1, 'thisRepN': 25}>
273.1425 	DATA 	Keypress: x
273.1575 	EXP 	fixation: autoDraw = False
273.1575 	EXP 	line1: autoDraw = False
273.1575 	EXP 	line2: autoDraw = False
273.1575 	EXP 	line3: autoDraw = False
273.1575 	EXP 	line4: autoDraw = False
273.1575 	EXP 	probe: autoDraw = False
273.4059 	EXP 	Device response: <KeyPress from None: t=273.1357980999892, value=x, duration=0.26754970000183675>
274.1438 	EXP 	fixation: autoDraw = True
274.1438 	EXP 	line1: autoDraw = True
274.1438 	EXP 	line2: autoDraw = True
274.1438 	EXP 	line3: autoDraw = True
274.1438 	EXP 	line4: autoDraw = True
275.1413 	INFO 	Keyboard events cleared
275.1411 	EXP 	probe: autoDraw = True
275.1573 	EXP 	fixation: autoDraw = False
275.7919 	EXP 	Device response: <KeyPress from None: t=275.78588739999395, value=v, duration=None>
275.7923 	EXP 	New trial (rep=25, index=2): <Trial 102 (2 in rep 25) data={'pos': 50, 'corr_resp': 'c', 'thisN': 102, 'thisTrialN': 2, 'thisRepN': 25}>
275.7941 	DATA 	Keypress: v
275.8079 	EXP 	fixation: autoDraw = False
275.8079 	EXP 	line1: autoDraw = False
275.8079 	EXP 	line2: autoDraw = False
275.8079 	EXP 	line3: autoDraw = False
275.8079 	EXP 	line4: autoDraw = False
275.8079 	EXP 	probe: autoDraw = False
275.9910 	EXP 	Device response: <KeyPress from None: t=275.78588739999395, value=v, duration=0.20155080000404269>
276.7938 	EXP 	fixation: autoDraw = True
276.7938 	EXP 	line1: autoDraw = True
276.7938 	EXP 	line2: autoDraw = True
276.7938 	EXP 	line3: autoDraw = True
276.7938 	EXP 	line4: autoDraw = True
277.7943 	INFO 	Keyboard events cleared
277.7940 	EXP 	fixation: autoDraw = False
277.7940 	EXP 	probe: autoDraw = True
278.3593 	EXP 	Device response: <KeyPress from None: t=278.3575758999941, value=c, duration=None>
278.3598 	EXP 	New trial (rep=25, index=3): <Trial 103 (3 in rep 25) data={'pos': -150, 'corr_resp': 'z', 'thisN': 103, 'thisTrialN': 3, 'thisRepN': 25}>
278.3611 	DATA 	Keypress: c
278.3730 	EXP 	fixation: autoDraw = False
278.3730 	EXP 	line1: autoDraw = False
278.3730 	EXP 	line2: autoDraw = False
278.3730 	EXP 	line3: autoDraw = False
278.3730 	EXP 	line4: autoDraw = False
278.3730 	EXP 	probe: autoDraw = False
278.5889 	EXP 	Device response: <KeyPress from None: t=278.3575758999941, value=c, duration=0.22235440000076778>
279.3722 	EXP 	fixation: autoDraw = True
279.3722 	EXP 	line1: autoDraw = True
279.3722 	EXP 	line2: autoDraw = True
279.3722 	EXP 	line3: autoDraw = True
279.3722 	EXP 	line4: autoDraw = True
280.3606 	INFO 	Keyboard events cleared
280.3603 	EXP 	probe: autoDraw = True
280.3770 	EXP 	fixation: autoDraw = False
281.4731 	EXP 	Device response: <KeyPress from None: t=281.46849489999295, value=z, duration=None>
281.4734 	EXP 	New trial (rep=26, index=0): <Trial 104 (0 in rep 26) data={'pos': -50, 'corr_resp': 'x', 'thisN': 104, 'thisTrialN': 0, 'thisRepN': 26}>
281.4747 	DATA 	Keypress: z
281.4902 	EXP 	fixation: autoDraw = False
281.4902 	EXP 	line1: autoDraw = False
281.4902 	EXP 	line2: autoDraw = False
281.4902 	EXP 	line3: autoDraw = False
281.4902 	EXP 	line4: autoDraw = False
281.4902 	EXP 	probe: autoDraw = False
281.6590 	EXP 	Device response: <KeyPress from None: t=281.46849489999295, value=z, duration=0.17461470000853296>
282.4748 	EXP 	fixation: autoDraw = True
282.4748 	EXP 	line1: autoDraw = True
282.4748 	EXP 	line2: autoDraw = True
282.4748 	EXP 	line3: autoDraw = True
282.4748 	EXP 	line4: autoDraw = True
283.4747 	INFO 	Keyboard events cleared
283.4745 	EXP 	fixation: autoDraw = False
283.4745 	EXP 	probe: autoDraw = True
284.2256 	EXP 	Device response: <KeyPress from None: t=284.22360990000016, value=x, duration=None>
284.2262 	EXP 	New trial (rep=26, index=1): <Trial 105 (1 in rep 26) data={'pos': 150, 'corr_resp': 'v', 'thisN': 105, 'thisTrialN': 1, 'thisRepN': 26}>
284.2274 	DATA 	Keypress: x
284.2428 	EXP 	fixation: autoDraw = False
284.2428 	EXP 	line1: autoDraw = False
284.2428 	EXP 	line2: autoDraw = False
284.2428 	EXP 	line3: autoDraw = False
284.2428 	EXP 	line4: autoDraw = False
284.2428 	EXP 	probe: autoDraw = False
284.4257 	EXP 	Device response: <KeyPress from None: t=284.22360990000016, value=x, duration=0.18550629999663215>
285.2239 	EXP 	fixation: autoDraw = True
285.2239 	EXP 	line1: autoDraw = True
285.2239 	EXP 	line2: autoDraw = True
285.2239 	EXP 	line3: autoDraw = True
285.2239 	EXP 	line4: autoDraw = True
286.2248 	EXP 	fixation: autoDraw = False
286.2405 	INFO 	Keyboard events cleared
286.2403 	EXP 	probe: autoDraw = True
286.8245 	DATA 	Keypress: v
286.8409 	EXP 	Device response: <KeyPress from None: t=286.8231080999976, value=v, duration=None>
286.8413 	EXP 	New trial (rep=26, index=2): <Trial 106 (2 in rep 26) data={'pos': 50, 'corr_resp': 'c', 'thisN': 106, 'thisTrialN': 2, 'thisRepN': 26}>
286.8568 	EXP 	fixation: autoDraw = False
286.8568 	EXP 	line1: autoDraw = False
286.8568 	EXP 	line2: autoDraw = False
286.8568 	EXP 	line3: autoDraw = False
286.8568 	EXP 	line4: autoDraw = False
286.8568 	EXP 	probe: autoDraw = False
287.0243 	EXP 	Device response: <KeyPress from None: t=286.8231080999976, value=v, duration=0.19874569999228697>
287.8409 	EXP 	fixation: autoDraw = True
287.8409 	EXP 	line1: autoDraw = True
287.8409 	EXP 	line2: autoDraw = True
287.8409 	EXP 	line3: autoDraw = True
287.8409 	EXP 	line4: autoDraw = True
288.8380 	INFO 	Keyboard events cleared
288.8379 	EXP 	fixation: autoDraw = False
288.8379 	EXP 	probe: autoDraw = True
289.3743 	EXP 	Device response: <KeyPress from None: t=289.3700334000023, value=c, duration=None>
289.3747 	EXP 	New trial (rep=26, index=3): <Trial 107 (3 in rep 26) data={'pos': -150, 'corr_resp': 'z', 'thisN': 107, 'thisTrialN': 3, 'thisRepN': 26}>
289.3757 	DATA 	Keypress: c
289.3904 	EXP 	fixation: autoDraw = False
289.3904 	EXP 	line1: autoDraw = False
289.3904 	EXP 	line2: autoDraw = False
289.3904 	EXP 	line3: autoDraw = False
289.3904 	EXP 	line4: autoDraw = False
289.3904 	EXP 	probe: autoDraw = False
289.5410 	EXP 	Device response: <KeyPress from None: t=289.3700334000023, value=c, duration=0.1604481999966083>
290.3736 	EXP 	fixation: autoDraw = True
290.3736 	EXP 	line1: autoDraw = True
290.3736 	EXP 	line2: autoDraw = True
290.3736 	EXP 	line3: autoDraw = True
290.3736 	EXP 	line4: autoDraw = True
291.3728 	INFO 	Keyboard events cleared
291.3726 	EXP 	fixation: autoDraw = False
291.3726 	EXP 	probe: autoDraw = True
292.0755 	EXP 	Device response: <KeyPress from None: t=292.07023889999255, value=z, duration=None>
292.0759 	EXP 	New trial (rep=27, index=0): <Trial 108 (0 in rep 27) data={'pos': -50, 'corr_resp': 'x', 'thisN': 108, 'thisTrialN': 0, 'thisRepN': 27}>
292.0773 	DATA 	Keypress: z
292.0905 	EXP 	fixation: autoDraw = False
292.0905 	EXP 	line1: autoDraw = False
292.0905 	EXP 	line2: autoDraw = False
292.0905 	EXP 	line3: autoDraw = False
292.0905 	EXP 	line4: autoDraw = False
292.0905 	EXP 	probe: autoDraw = False
292.2092 	EXP 	Device response: <KeyPress from None: t=292.07023889999255, value=z, duration=0.12297460000263527>
293.0905 	EXP 	fixation: autoDraw = True
293.0905 	EXP 	line1: autoDraw = True
293.0905 	EXP 	line2: autoDraw = True
293.0905 	EXP 	line3: autoDraw = True
293.0905 	EXP 	line4: autoDraw = True
294.0916 	INFO 	Keyboard events cleared
294.0914 	EXP 	fixation: autoDraw = False
294.0914 	EXP 	probe: autoDraw = True
294.6086 	EXP 	Device response: <KeyPress from None: t=294.59307669999544, value=x, duration=None>
294.6090 	EXP 	New trial (rep=27, index=1): <Trial 109 (1 in rep 27) data={'pos': 150, 'corr_resp': 'v', 'thisN': 109, 'thisTrialN': 1, 'thisRepN': 27}>
294.6103 	DATA 	Keypress: x
294.6243 	EXP 	fixation: autoDraw = False
294.6243 	EXP 	line1: autoDraw = False
294.6243 	EXP 	line2: autoDraw = False
294.6243 	EXP 	line3: autoDraw = False
294.6243 	EXP 	line4: autoDraw = False
294.6243 	EXP 	probe: autoDraw = False
294.8382 	EXP 	Device response: <KeyPress from None: t=294.59307669999544, value=x, duration=0.23789129999931902>
295.6225 	EXP 	fixation: autoDraw = True
295.6225 	EXP 	line1: autoDraw = True
295.6225 	EXP 	line2: autoDraw = True
295.6225 	EXP 	line3: autoDraw = True
295.6225 	EXP 	line4: autoDraw = True
296.6247 	INFO 	Keyboard events cleared
296.6244 	EXP 	fixation: autoDraw = False
296.6244 	EXP 	probe: autoDraw = True
297.1918 	EXP 	Device response: <KeyPress from None: t=297.18213200000173, value=v, duration=None>
297.1922 	EXP 	New trial (rep=27, index=2): <Trial 110 (2 in rep 27) data={'pos': 50, 'corr_resp': 'c', 'thisN': 110, 'thisTrialN': 2, 'thisRepN': 27}>
297.1934 	DATA 	Keypress: v
297.2077 	EXP 	fixation: autoDraw = False
297.2077 	EXP 	line1: autoDraw = False
297.2077 	EXP 	line2: autoDraw = False
297.2077 	EXP 	line3: autoDraw = False
297.2077 	EXP 	line4: autoDraw = False
297.2077 	EXP 	probe: autoDraw = False
297.4421 	EXP 	Device response: <KeyPress from None: t=297.18213200000173, value=v, duration=0.2569699000014225>
298.2068 	EXP 	fixation: autoDraw = True
298.2068 	EXP 	line1: autoDraw = True
298.2068 	EXP 	line2: autoDraw = True
298.2068 	EXP 	line3: autoDraw = True
298.2068 	EXP 	line4: autoDraw = True
299.1883 	INFO 	Keyboard events cleared
299.1881 	EXP 	probe: autoDraw = True
299.2046 	EXP 	fixation: autoDraw = False
299.7563 	EXP 	Device response: <KeyPress from None: t=299.7420129999955, value=c, duration=None>
299.7566 	EXP 	New trial (rep=27, index=3): <Trial 111 (3 in rep 27) data={'pos': -150, 'corr_resp': 'z', 'thisN': 111, 'thisTrialN': 3, 'thisRepN': 27}>
299.7578 	DATA 	Keypress: c
299.7739 	EXP 	fixation: autoDraw = False
299.7739 	EXP 	line1: autoDraw = False
299.7739 	EXP 	line2: autoDraw = False
299.7739 	EXP 	line3: autoDraw = False
299.7739 	EXP 	line4: autoDraw = False
299.7739 	EXP 	probe: autoDraw = False
299.9240 	EXP 	Device response: <KeyPress from None: t=299.7420129999955, value=c, duration=0.17761410000093747>
300.7718 	EXP 	fixation: autoDraw = True
300.7718 	EXP 	line1: autoDraw = True
300.7718 	EXP 	line2: autoDraw = True
300.7718 	EXP 	line3: autoDraw = True
300.7718 	EXP 	line4: autoDraw = True
301.7575 	INFO 	Keyboard events cleared
301.7573 	EXP 	probe: autoDraw = True
301.7734 	EXP 	fixation: autoDraw = False
302.7247 	EXP 	Device response: <KeyPress from None: t=302.7191374999966, value=z, duration=None>
302.7251 	EXP 	New trial (rep=28, index=0): <Trial 112 (0 in rep 28) data={'pos': -50, 'corr_resp': 'x', 'thisN': 112, 'thisTrialN': 0, 'thisRepN': 28}>
302.7263 	DATA 	Keypress: z
302.7403 	EXP 	fixation: autoDraw = False
302.7403 	EXP 	line1: autoDraw = False
302.7403 	EXP 	line2: autoDraw = False
302.7403 	EXP 	line3: autoDraw = False
302.7403 	EXP 	line4: autoDraw = False
302.7403 	EXP 	probe: autoDraw = False
302.9075 	EXP 	Device response: <KeyPress from None: t=302.7191374999966, value=z, duration=0.17235530000471044>
303.7403 	EXP 	fixation: autoDraw = True
303.7403 	EXP 	line1: autoDraw = True
303.7403 	EXP 	line2: autoDraw = True
303.7403 	EXP 	line3: autoDraw = True
303.7403 	EXP 	line4: autoDraw = True
304.7408 	INFO 	Keyboard events cleared
304.7406 	EXP 	fixation: autoDraw = False
304.7406 	EXP 	probe: autoDraw = True
305.2409 	EXP 	Device response: <KeyPress from None: t=305.2341843000031, value=x, duration=None>
305.2413 	EXP 	New trial (rep=28, index=1): <Trial 113 (1 in rep 28) data={'pos': 150, 'corr_resp': 'v', 'thisN': 113, 'thisTrialN': 1, 'thisRepN': 28}>
305.2430 	DATA 	Keypress: x
305.2576 	EXP 	fixation: autoDraw = False
305.2576 	EXP 	line1: autoDraw = False
305.2576 	EXP 	line2: autoDraw = False
305.2576 	EXP 	line3: autoDraw = False
305.2576 	EXP 	line4: autoDraw = False
305.2576 	EXP 	probe: autoDraw = False
305.7416 	EXP 	Device response: <KeyPress from None: t=305.2341843000031, value=x, duration=0.4899612999870442>
306.2401 	EXP 	fixation: autoDraw = True
306.2401 	EXP 	line1: autoDraw = True
306.2401 	EXP 	line2: autoDraw = True
306.2401 	EXP 	line3: autoDraw = True
306.2401 	EXP 	line4: autoDraw = True
307.2408 	EXP 	fixation: autoDraw = False
307.2577 	INFO 	Keyboard events cleared
307.2575 	EXP 	probe: autoDraw = True
308.0908 	EXP 	Device response: <KeyPress from None: t=308.0878609999927, value=v, duration=None>
308.0912 	EXP 	New trial (rep=28, index=2): <Trial 114 (2 in rep 28) data={'pos': 50, 'corr_resp': 'c', 'thisN': 114, 'thisTrialN': 2, 'thisRepN': 28}>
308.0921 	DATA 	Keypress: v
308.1074 	EXP 	fixation: autoDraw = False
308.1074 	EXP 	line1: autoDraw = False
308.1074 	EXP 	line2: autoDraw = False
308.1074 	EXP 	line3: autoDraw = False
308.1074 	EXP 	line4: autoDraw = False
308.1074 	EXP 	probe: autoDraw = False
308.2740 	EXP 	Device response: <KeyPress from None: t=308.0878609999927, value=v, duration=0.17401109999627806>
309.0910 	EXP 	fixation: autoDraw = True
309.0910 	EXP 	line1: autoDraw = True
309.0910 	EXP 	line2: autoDraw = True
309.0910 	EXP 	line3: autoDraw = True
309.0910 	EXP 	line4: autoDraw = True
310.1078 	INFO 	Keyboard events cleared
310.1076 	EXP 	fixation: autoDraw = False
310.1076 	EXP 	probe: autoDraw = True
311.6598 	DATA 	Keypress: c
311.6742 	EXP 	Device response: <KeyPress from None: t=311.6582245000027, value=c, duration=None>
311.6745 	EXP 	New trial (rep=28, index=3): <Trial 115 (3 in rep 28) data={'pos': -150, 'corr_resp': 'z', 'thisN': 115, 'thisTrialN': 3, 'thisRepN': 28}>
311.6903 	EXP 	fixation: autoDraw = False
311.6903 	EXP 	line1: autoDraw = False
311.6903 	EXP 	line2: autoDraw = False
311.6903 	EXP 	line3: autoDraw = False
311.6903 	EXP 	line4: autoDraw = False
311.6903 	EXP 	probe: autoDraw = False
311.8391 	EXP 	Device response: <KeyPress from None: t=311.6582245000027, value=c, duration=0.17105009999067988>
312.6731 	EXP 	fixation: autoDraw = True
312.6731 	EXP 	line1: autoDraw = True
312.6731 	EXP 	line2: autoDraw = True
312.6731 	EXP 	line3: autoDraw = True
312.6731 	EXP 	line4: autoDraw = True
313.6745 	EXP 	fixation: autoDraw = False
313.6896 	INFO 	Keyboard events cleared
313.6894 	EXP 	probe: autoDraw = True
314.2236 	EXP 	Device response: <KeyPress from None: t=314.2106085999985, value=z, duration=None>
314.2239 	EXP 	New trial (rep=29, index=0): <Trial 116 (0 in rep 29) data={'pos': -50, 'corr_resp': 'x', 'thisN': 116, 'thisTrialN': 0, 'thisRepN': 29}>
314.2247 	DATA 	Keypress: z
314.2395 	EXP 	fixation: autoDraw = False
314.2395 	EXP 	line1: autoDraw = False
314.2395 	EXP 	line2: autoDraw = False
314.2395 	EXP 	line3: autoDraw = False
314.2395 	EXP 	line4: autoDraw = False
314.2395 	EXP 	probe: autoDraw = False
314.3906 	EXP 	Device response: <KeyPress from None: t=314.2106085999985, value=z, duration=0.16952239999955054>
315.2233 	EXP 	fixation: autoDraw = True
315.2233 	EXP 	line1: autoDraw = True
315.2233 	EXP 	line2: autoDraw = True
315.2233 	EXP 	line3: autoDraw = True
315.2233 	EXP 	line4: autoDraw = True
316.2233 	INFO 	Keyboard events cleared
316.2229 	EXP 	fixation: autoDraw = False
316.2229 	EXP 	probe: autoDraw = True
316.8405 	EXP 	Device response: <KeyPress from None: t=316.82684110000264, value=x, duration=None>
316.8409 	EXP 	New trial (rep=29, index=1): <Trial 117 (1 in rep 29) data={'pos': 150, 'corr_resp': 'v', 'thisN': 117, 'thisTrialN': 1, 'thisRepN': 29}>
316.8423 	DATA 	Keypress: x
316.8578 	EXP 	fixation: autoDraw = False
316.8578 	EXP 	line1: autoDraw = False
316.8578 	EXP 	line2: autoDraw = False
316.8578 	EXP 	line3: autoDraw = False
316.8578 	EXP 	line4: autoDraw = False
316.8578 	EXP 	probe: autoDraw = False
317.0238 	EXP 	Device response: <KeyPress from None: t=316.82684110000264, value=x, duration=0.18409879998944234>
317.8398 	EXP 	fixation: autoDraw = True
317.8398 	EXP 	line1: autoDraw = True
317.8398 	EXP 	line2: autoDraw = True
317.8398 	EXP 	line3: autoDraw = True
317.8398 	EXP 	line4: autoDraw = True
318.8402 	INFO 	Keyboard events cleared
318.8401 	EXP 	fixation: autoDraw = False
318.8401 	EXP 	probe: autoDraw = True
319.4243 	EXP 	Device response: <KeyPress from None: t=319.41693289999967, value=v, duration=None>
319.4250 	EXP 	New trial (rep=29, index=2): <Trial 118 (2 in rep 29) data={'pos': 50, 'corr_resp': 'c', 'thisN': 118, 'thisTrialN': 2, 'thisRepN': 29}>
319.4263 	DATA 	Keypress: v
319.4412 	EXP 	fixation: autoDraw = False
319.4412 	EXP 	line1: autoDraw = False
319.4412 	EXP 	line2: autoDraw = False
319.4412 	EXP 	line3: autoDraw = False
319.4412 	EXP 	line4: autoDraw = False
319.4412 	EXP 	probe: autoDraw = False
319.6072 	EXP 	Device response: <KeyPress from None: t=319.41693289999967, value=v, duration=0.18746139999711886>
320.4233 	EXP 	fixation: autoDraw = True
320.4233 	EXP 	line1: autoDraw = True
320.4233 	EXP 	line2: autoDraw = True
320.4233 	EXP 	line3: autoDraw = True
320.4233 	EXP 	line4: autoDraw = True
321.4241 	INFO 	Keyboard events cleared
321.4239 	EXP 	fixation: autoDraw = False
321.4239 	EXP 	probe: autoDraw = True
322.0886 	EXP 	Device response: <KeyPress from None: t=322.07547660000273, value=c, duration=None>
322.0890 	EXP 	New trial (rep=29, index=3): <Trial 119 (3 in rep 29) data={'pos': -150, 'corr_resp': 'z', 'thisN': 119, 'thisTrialN': 3, 'thisRepN': 29}>
322.0897 	DATA 	Keypress: c
322.1043 	EXP 	fixation: autoDraw = False
322.1043 	EXP 	line1: autoDraw = False
322.1043 	EXP 	line2: autoDraw = False
322.1043 	EXP 	line3: autoDraw = False
322.1043 	EXP 	line4: autoDraw = False
322.1043 	EXP 	probe: autoDraw = False
322.2579 	EXP 	Device response: <KeyPress from None: t=322.07547660000273, value=c, duration=0.17648329999065027>
323.0902 	EXP 	fixation: autoDraw = True
323.0902 	EXP 	line1: autoDraw = True
323.0902 	EXP 	line2: autoDraw = True
323.0902 	EXP 	line3: autoDraw = True
323.0902 	EXP 	line4: autoDraw = True
324.0899 	INFO 	Keyboard events cleared
324.0897 	EXP 	fixation: autoDraw = False
324.0897 	EXP 	probe: autoDraw = True
325.2418 	DATA 	Keypress: z
325.2577 	EXP 	Device response: <KeyPress from None: t=325.24124380000285, value=z, duration=None>
325.2580 	EXP 	New trial (rep=30, index=0): <Trial 120 (0 in rep 30) data={'pos': -50, 'corr_resp': 'x', 'thisN': 120, 'thisTrialN': 0, 'thisRepN': 30}>
325.2715 	EXP 	fixation: autoDraw = False
325.2715 	EXP 	line1: autoDraw = False
325.2715 	EXP 	line2: autoDraw = False
325.2715 	EXP 	line3: autoDraw = False
325.2715 	EXP 	line4: autoDraw = False
325.2715 	EXP 	probe: autoDraw = False
325.3919 	EXP 	Device response: <KeyPress from None: t=325.24124380000285, value=z, duration=0.14654479999444447>
326.2717 	EXP 	fixation: autoDraw = True
326.2717 	EXP 	line1: autoDraw = True
326.2717 	EXP 	line2: autoDraw = True
326.2717 	EXP 	line3: autoDraw = True
326.2717 	EXP 	line4: autoDraw = True
327.2734 	INFO 	Keyboard events cleared
327.2732 	EXP 	fixation: autoDraw = False
327.2732 	EXP 	probe: autoDraw = True
328.1749 	EXP 	Device response: <KeyPress from None: t=328.1705338000029, value=x, duration=None>
328.1753 	EXP 	New trial (rep=30, index=1): <Trial 121 (1 in rep 30) data={'pos': 150, 'corr_resp': 'v', 'thisN': 121, 'thisTrialN': 1, 'thisRepN': 30}>
328.1769 	DATA 	Keypress: x
328.1903 	EXP 	fixation: autoDraw = False
328.1903 	EXP 	line1: autoDraw = False
328.1903 	EXP 	line2: autoDraw = False
328.1903 	EXP 	line3: autoDraw = False
328.1903 	EXP 	line4: autoDraw = False
328.1903 	EXP 	probe: autoDraw = False
328.2910 	EXP 	Device response: <KeyPress from None: t=328.1705338000029, value=x, duration=0.11817089999385644>
329.1879 	EXP 	fixation: autoDraw = True
329.1879 	EXP 	line1: autoDraw = True
329.1879 	EXP 	line2: autoDraw = True
329.1879 	EXP 	line3: autoDraw = True
329.1879 	EXP 	line4: autoDraw = True
330.1906 	INFO 	Keyboard events cleared
330.1904 	EXP 	fixation: autoDraw = False
330.1904 	EXP 	probe: autoDraw = True
331.2569 	EXP 	Device response: <KeyPress from None: t=331.2500838999986, value=v, duration=None>
331.2574 	EXP 	New trial (rep=30, index=2): <Trial 122 (2 in rep 30) data={'pos': 50, 'corr_resp': 'c', 'thisN': 122, 'thisTrialN': 2, 'thisRepN': 30}>
331.2586 	DATA 	Keypress: v
331.2721 	EXP 	fixation: autoDraw = False
331.2721 	EXP 	line1: autoDraw = False
331.2721 	EXP 	line2: autoDraw = False
331.2721 	EXP 	line3: autoDraw = False
331.2721 	EXP 	line4: autoDraw = False
331.2721 	EXP 	probe: autoDraw = False
331.4070 	EXP 	Device response: <KeyPress from None: t=331.2500838999986, value=v, duration=0.150549999991199>
332.2574 	EXP 	fixation: autoDraw = True
332.2574 	EXP 	line1: autoDraw = True
332.2574 	EXP 	line2: autoDraw = True
332.2574 	EXP 	line3: autoDraw = True
332.2574 	EXP 	line4: autoDraw = True
333.2575 	INFO 	Keyboard events cleared
333.2573 	EXP 	fixation: autoDraw = False
333.2573 	EXP 	probe: autoDraw = True
333.8748 	EXP 	Device response: <KeyPress from None: t=333.8718377999903, value=c, duration=None>
333.8751 	EXP 	New trial (rep=30, index=3): <Trial 123 (3 in rep 30) data={'pos': -150, 'corr_resp': 'z', 'thisN': 123, 'thisTrialN': 3, 'thisRepN': 30}>
333.8760 	DATA 	Keypress: c
333.8879 	EXP 	fixation: autoDraw = False
333.8879 	EXP 	line1: autoDraw = False
333.8879 	EXP 	line2: autoDraw = False
333.8879 	EXP 	line3: autoDraw = False
333.8879 	EXP 	line4: autoDraw = False
333.8879 	EXP 	probe: autoDraw = False
334.0407 	EXP 	Device response: <KeyPress from None: t=333.8718377999903, value=c, duration=0.15877900000486989>
334.8905 	EXP 	fixation: autoDraw = True
334.8905 	EXP 	line1: autoDraw = True
334.8905 	EXP 	line2: autoDraw = True
334.8905 	EXP 	line3: autoDraw = True
334.8905 	EXP 	line4: autoDraw = True
335.8920 	INFO 	Keyboard events cleared
335.8918 	EXP 	fixation: autoDraw = False
335.8918 	EXP 	probe: autoDraw = True
336.2589 	DATA 	Keypress: z
336.2742 	EXP 	Device response: <KeyPress from None: t=336.2567923000024, value=z, duration=None>
336.2746 	EXP 	New trial (rep=31, index=0): <Trial 124 (0 in rep 31) data={'pos': -50, 'corr_resp': 'x', 'thisN': 124, 'thisTrialN': 0, 'thisRepN': 31}>
336.2901 	EXP 	fixation: autoDraw = False
336.2901 	EXP 	line1: autoDraw = False
336.2901 	EXP 	line2: autoDraw = False
336.2901 	EXP 	line3: autoDraw = False
336.2901 	EXP 	line4: autoDraw = False
336.2901 	EXP 	probe: autoDraw = False
336.3907 	EXP 	Device response: <KeyPress from None: t=336.2567923000024, value=z, duration=0.12260809999133926>
337.2735 	EXP 	fixation: autoDraw = True
337.2735 	EXP 	line1: autoDraw = True
337.2735 	EXP 	line2: autoDraw = True
337.2735 	EXP 	line3: autoDraw = True
337.2735 	EXP 	line4: autoDraw = True
338.2740 	EXP 	fixation: autoDraw = False
338.2907 	INFO 	Keyboard events cleared
338.2905 	EXP 	probe: autoDraw = True
338.6919 	EXP 	Device response: <KeyPress from None: t=338.6769176999951, value=x, duration=None>
338.6927 	EXP 	New trial (rep=31, index=1): <Trial 125 (1 in rep 31) data={'pos': 150, 'corr_resp': 'v', 'thisN': 125, 'thisTrialN': 1, 'thisRepN': 31}>
338.6937 	DATA 	Keypress: x
338.7046 	EXP 	fixation: autoDraw = False
338.7046 	EXP 	line1: autoDraw = False
338.7046 	EXP 	line2: autoDraw = False
338.7046 	EXP 	line3: autoDraw = False
338.7046 	EXP 	line4: autoDraw = False
338.7046 	EXP 	probe: autoDraw = False
338.8557 	EXP 	Device response: <KeyPress from None: t=338.6769176999951, value=x, duration=0.1747546999977203>
339.6901 	EXP 	fixation: autoDraw = True
339.6901 	EXP 	line1: autoDraw = True
339.6901 	EXP 	line2: autoDraw = True
339.6901 	EXP 	line3: autoDraw = True
339.6901 	EXP 	line4: autoDraw = True
340.6899 	EXP 	fixation: autoDraw = False
340.7067 	INFO 	Keyboard events cleared
340.7065 	EXP 	probe: autoDraw = True
341.4419 	EXP 	Device response: <KeyPress from None: t=341.4394712999929, value=v, duration=None>
341.4423 	EXP 	New trial (rep=31, index=2): <Trial 126 (2 in rep 31) data={'pos': 50, 'corr_resp': 'c', 'thisN': 126, 'thisTrialN': 2, 'thisRepN': 31}>
341.4436 	DATA 	Keypress: v
341.4570 	EXP 	fixation: autoDraw = False
341.4570 	EXP 	line1: autoDraw = False
341.4570 	EXP 	line2: autoDraw = False
341.4570 	EXP 	line3: autoDraw = False
341.4570 	EXP 	line4: autoDraw = False
341.4570 	EXP 	probe: autoDraw = False
341.6571 	EXP 	Device response: <KeyPress from None: t=341.4394712999929, value=v, duration=0.20283979999658186>
342.4569 	EXP 	fixation: autoDraw = True
342.4569 	EXP 	line1: autoDraw = True
342.4569 	EXP 	line2: autoDraw = True
342.4569 	EXP 	line3: autoDraw = True
342.4569 	EXP 	line4: autoDraw = True
343.4562 	INFO 	Keyboard events cleared
343.4559 	EXP 	fixation: autoDraw = False
343.4559 	EXP 	probe: autoDraw = True
343.8398 	EXP 	Device response: <KeyPress from None: t=343.83547959999123, value=c, duration=None>
343.8402 	EXP 	New trial (rep=31, index=3): <Trial 127 (3 in rep 31) data={'pos': -150, 'corr_resp': 'z', 'thisN': 127, 'thisTrialN': 3, 'thisRepN': 31}>
343.8412 	DATA 	Keypress: c
343.8566 	EXP 	fixation: autoDraw = False
343.8566 	EXP 	line1: autoDraw = False
343.8566 	EXP 	line2: autoDraw = False
343.8566 	EXP 	line3: autoDraw = False
343.8566 	EXP 	line4: autoDraw = False
343.8566 	EXP 	probe: autoDraw = False
343.9897 	EXP 	Device response: <KeyPress from None: t=343.83547959999123, value=c, duration=0.14538770000217482>
344.8394 	EXP 	fixation: autoDraw = True
344.8394 	EXP 	line1: autoDraw = True
344.8394 	EXP 	line2: autoDraw = True
344.8394 	EXP 	line3: autoDraw = True
344.8394 	EXP 	line4: autoDraw = True
345.8403 	INFO 	Keyboard events cleared
345.8401 	EXP 	fixation: autoDraw = False
345.8401 	EXP 	probe: autoDraw = True
346.3073 	EXP 	Device response: <KeyPress from None: t=346.303107300002, value=z, duration=None>
346.3077 	EXP 	New trial (rep=32, index=0): <Trial 128 (0 in rep 32) data={'pos': -50, 'corr_resp': 'x', 'thisN': 128, 'thisTrialN': 0, 'thisRepN': 32}>
346.3090 	DATA 	Keypress: z
346.3230 	EXP 	fixation: autoDraw = False
346.3230 	EXP 	line1: autoDraw = False
346.3230 	EXP 	line2: autoDraw = False
346.3230 	EXP 	line3: autoDraw = False
346.3230 	EXP 	line4: autoDraw = False
346.3230 	EXP 	probe: autoDraw = False
346.4400 	EXP 	Device response: <KeyPress from None: t=346.303107300002, value=z, duration=0.12959879999107216>
347.3240 	EXP 	fixation: autoDraw = True
347.3240 	EXP 	line1: autoDraw = True
347.3240 	EXP 	line2: autoDraw = True
347.3240 	EXP 	line3: autoDraw = True
347.3240 	EXP 	line4: autoDraw = True
348.3242 	INFO 	Keyboard events cleared
348.3241 	EXP 	fixation: autoDraw = False
348.3241 	EXP 	probe: autoDraw = True
348.8216 	EXP 	Device response: <KeyPress from None: t=348.80852619999496, value=x, duration=None>
348.8221 	EXP 	New trial (rep=32, index=1): <Trial 129 (1 in rep 32) data={'pos': 150, 'corr_resp': 'v', 'thisN': 129, 'thisTrialN': 1, 'thisRepN': 32}>
348.8237 	DATA 	Keypress: x
348.8380 	EXP 	fixation: autoDraw = False
348.8380 	EXP 	line1: autoDraw = False
348.8380 	EXP 	line2: autoDraw = False
348.8380 	EXP 	line3: autoDraw = False
348.8380 	EXP 	line4: autoDraw = False
348.8380 	EXP 	probe: autoDraw = False
348.9715 	EXP 	Device response: <KeyPress from None: t=348.80852619999496, value=x, duration=0.15439559999504127>
349.8231 	EXP 	fixation: autoDraw = True
349.8231 	EXP 	line1: autoDraw = True
349.8231 	EXP 	line2: autoDraw = True
349.8231 	EXP 	line3: autoDraw = True
349.8231 	EXP 	line4: autoDraw = True
350.8209 	INFO 	Keyboard events cleared
350.8207 	EXP 	fixation: autoDraw = False
350.8207 	EXP 	probe: autoDraw = True
351.3716 	EXP 	Device response: <KeyPress from None: t=351.3678479999944, value=v, duration=None>
351.3719 	EXP 	New trial (rep=32, index=2): <Trial 130 (2 in rep 32) data={'pos': 50, 'corr_resp': 'c', 'thisN': 130, 'thisTrialN': 2, 'thisRepN': 32}>
351.3729 	DATA 	Keypress: v
351.3891 	EXP 	fixation: autoDraw = False
351.3891 	EXP 	line1: autoDraw = False
351.3891 	EXP 	line2: autoDraw = False
351.3891 	EXP 	line3: autoDraw = False
351.3891 	EXP 	line4: autoDraw = False
351.3891 	EXP 	probe: autoDraw = False
351.5574 	EXP 	Device response: <KeyPress from None: t=351.3678479999944, value=v, duration=0.18268610000086483>
352.3742 	EXP 	fixation: autoDraw = True
352.3742 	EXP 	line1: autoDraw = True
352.3742 	EXP 	line2: autoDraw = True
352.3742 	EXP 	line3: autoDraw = True
352.3742 	EXP 	line4: autoDraw = True
353.3712 	INFO 	Keyboard events cleared
353.3707 	EXP 	probe: autoDraw = True
353.3876 	EXP 	fixation: autoDraw = False
354.1879 	EXP 	Device response: <KeyPress from None: t=354.1858458999923, value=c, duration=None>
354.1882 	EXP 	New trial (rep=32, index=3): <Trial 131 (3 in rep 32) data={'pos': -150, 'corr_resp': 'z', 'thisN': 131, 'thisTrialN': 3, 'thisRepN': 32}>
354.1905 	DATA 	Keypress: c
354.2038 	EXP 	fixation: autoDraw = False
354.2038 	EXP 	line1: autoDraw = False
354.2038 	EXP 	line2: autoDraw = False
354.2038 	EXP 	line3: autoDraw = False
354.2038 	EXP 	line4: autoDraw = False
354.2038 	EXP 	probe: autoDraw = False
354.3570 	EXP 	Device response: <KeyPress from None: t=354.1858458999923, value=c, duration=0.16462199999659788>
355.1878 	EXP 	fixation: autoDraw = True
355.1878 	EXP 	line1: autoDraw = True
355.1878 	EXP 	line2: autoDraw = True
355.1878 	EXP 	line3: autoDraw = True
355.1878 	EXP 	line4: autoDraw = True
356.1898 	INFO 	Keyboard events cleared
356.1895 	EXP 	fixation: autoDraw = False
356.1895 	EXP 	probe: autoDraw = True
356.8740 	EXP 	Device response: <KeyPress from None: t=356.87131019998924, value=z, duration=None>
356.8743 	EXP 	New trial (rep=33, index=0): <Trial 132 (0 in rep 33) data={'pos': -50, 'corr_resp': 'x', 'thisN': 132, 'thisTrialN': 0, 'thisRepN': 33}>
356.8754 	DATA 	Keypress: z
356.8882 	EXP 	fixation: autoDraw = False
356.8882 	EXP 	line1: autoDraw = False
356.8882 	EXP 	line2: autoDraw = False
356.8882 	EXP 	line3: autoDraw = False
356.8882 	EXP 	line4: autoDraw = False
356.8882 	EXP 	probe: autoDraw = False
357.0565 	EXP 	Device response: <KeyPress from None: t=356.87131019998924, value=z, duration=0.18306190001021605>
357.8904 	EXP 	fixation: autoDraw = True
357.8904 	EXP 	line1: autoDraw = True
357.8904 	EXP 	line2: autoDraw = True
357.8904 	EXP 	line3: autoDraw = True
357.8904 	EXP 	line4: autoDraw = True
358.8877 	INFO 	Keyboard events cleared
358.8876 	EXP 	probe: autoDraw = True
358.9070 	EXP 	fixation: autoDraw = False
359.3884 	EXP 	Device response: <KeyPress from None: t=359.38133269999526, value=x, duration=None>
359.3887 	EXP 	New trial (rep=33, index=1): <Trial 133 (1 in rep 33) data={'pos': 150, 'corr_resp': 'v', 'thisN': 133, 'thisTrialN': 1, 'thisRepN': 33}>
359.3896 	DATA 	Keypress: x
359.4063 	EXP 	fixation: autoDraw = False
359.4063 	EXP 	line1: autoDraw = False
359.4063 	EXP 	line2: autoDraw = False
359.4063 	EXP 	line3: autoDraw = False
359.4063 	EXP 	line4: autoDraw = False
359.4063 	EXP 	probe: autoDraw = False
359.5572 	EXP 	Device response: <KeyPress from None: t=359.38133269999526, value=x, duration=0.16307680000318214>
360.3909 	EXP 	fixation: autoDraw = True
360.3909 	EXP 	line1: autoDraw = True
360.3909 	EXP 	line2: autoDraw = True
360.3909 	EXP 	line3: autoDraw = True
360.3909 	EXP 	line4: autoDraw = True
361.3909 	INFO 	Keyboard events cleared
361.3908 	EXP 	probe: autoDraw = True
361.4063 	EXP 	fixation: autoDraw = False
362.1732 	EXP 	Device response: <KeyPress from None: t=362.16713889999664, value=v, duration=None>
362.1735 	EXP 	New trial (rep=33, index=2): <Trial 134 (2 in rep 33) data={'pos': 50, 'corr_resp': 'c', 'thisN': 134, 'thisTrialN': 2, 'thisRepN': 33}>
362.1743 	DATA 	Keypress: v
362.1892 	EXP 	fixation: autoDraw = False
362.1892 	EXP 	line1: autoDraw = False
362.1892 	EXP 	line2: autoDraw = False
362.1892 	EXP 	line3: autoDraw = False
362.1892 	EXP 	line4: autoDraw = False
362.1892 	EXP 	probe: autoDraw = False
362.3908 	EXP 	Device response: <KeyPress from None: t=362.16713889999664, value=v, duration=0.21007499999541324>
363.1733 	EXP 	fixation: autoDraw = True
363.1733 	EXP 	line1: autoDraw = True
363.1733 	EXP 	line2: autoDraw = True
363.1733 	EXP 	line3: autoDraw = True
363.1733 	EXP 	line4: autoDraw = True
364.1881 	INFO 	Keyboard events cleared
364.1879 	EXP 	fixation: autoDraw = False
364.1879 	EXP 	probe: autoDraw = True
364.6746 	EXP 	Device response: <KeyPress from None: t=364.6659109000029, value=c, duration=None>
364.6750 	EXP 	New trial (rep=33, index=3): <Trial 135 (3 in rep 33) data={'pos': -150, 'corr_resp': 'z', 'thisN': 135, 'thisTrialN': 3, 'thisRepN': 33}>
364.6766 	DATA 	Keypress: c
364.6899 	EXP 	fixation: autoDraw = False
364.6899 	EXP 	line1: autoDraw = False
364.6899 	EXP 	line2: autoDraw = False
364.6899 	EXP 	line3: autoDraw = False
364.6899 	EXP 	line4: autoDraw = False
364.6899 	EXP 	probe: autoDraw = False
364.9070 	EXP 	Device response: <KeyPress from None: t=364.6659109000029, value=c, duration=0.22934139998687897>
365.6905 	EXP 	fixation: autoDraw = True
365.6905 	EXP 	line1: autoDraw = True
365.6905 	EXP 	line2: autoDraw = True
365.6905 	EXP 	line3: autoDraw = True
365.6905 	EXP 	line4: autoDraw = True
366.6901 	INFO 	Keyboard events cleared
366.6899 	EXP 	fixation: autoDraw = False
366.6899 	EXP 	probe: autoDraw = True
367.1413 	EXP 	Device response: <KeyPress from None: t=367.140542299996, value=z, duration=None>
367.1417 	EXP 	New trial (rep=34, index=0): <Trial 136 (0 in rep 34) data={'pos': -50, 'corr_resp': 'x', 'thisN': 136, 'thisTrialN': 0, 'thisRepN': 34}>
367.1429 	DATA 	Keypress: z
367.1564 	EXP 	fixation: autoDraw = False
367.1564 	EXP 	line1: autoDraw = False
367.1564 	EXP 	line2: autoDraw = False
367.1564 	EXP 	line3: autoDraw = False
367.1564 	EXP 	line4: autoDraw = False
367.1564 	EXP 	probe: autoDraw = False
367.2724 	EXP 	Device response: <KeyPress from None: t=367.140542299996, value=z, duration=0.12008330000389833>
368.1569 	EXP 	fixation: autoDraw = True
368.1569 	EXP 	line1: autoDraw = True
368.1569 	EXP 	line2: autoDraw = True
368.1569 	EXP 	line3: autoDraw = True
368.1569 	EXP 	line4: autoDraw = True
369.1559 	INFO 	Keyboard events cleared
369.1557 	EXP 	fixation: autoDraw = False
369.1557 	EXP 	probe: autoDraw = True
369.7906 	EXP 	Device response: <KeyPress from None: t=369.7850676999951, value=x, duration=None>
369.7910 	EXP 	New trial (rep=34, index=1): <Trial 137 (1 in rep 34) data={'pos': 150, 'corr_resp': 'v', 'thisN': 137, 'thisTrialN': 1, 'thisRepN': 34}>
369.7927 	DATA 	Keypress: x
369.8064 	EXP 	fixation: autoDraw = False
369.8064 	EXP 	line1: autoDraw = False
369.8064 	EXP 	line2: autoDraw = False
369.8064 	EXP 	line3: autoDraw = False
369.8064 	EXP 	line4: autoDraw = False
369.8064 	EXP 	probe: autoDraw = False
369.9733 	EXP 	Device response: <KeyPress from None: t=369.7850676999951, value=x, duration=0.1796602999966126>
370.7911 	EXP 	fixation: autoDraw = True
370.7911 	EXP 	line1: autoDraw = True
370.7911 	EXP 	line2: autoDraw = True
370.7911 	EXP 	line3: autoDraw = True
370.7911 	EXP 	line4: autoDraw = True
371.7904 	INFO 	Keyboard events cleared
371.7902 	EXP 	fixation: autoDraw = False
371.7902 	EXP 	probe: autoDraw = True
372.3712 	EXP 	Device response: <KeyPress from None: t=372.37085589999333, value=v, duration=None>
372.3717 	EXP 	New trial (rep=34, index=2): <Trial 138 (2 in rep 34) data={'pos': 50, 'corr_resp': 'c', 'thisN': 138, 'thisTrialN': 2, 'thisRepN': 34}>
372.3727 	DATA 	Keypress: v
372.3895 	EXP 	fixation: autoDraw = False
372.3895 	EXP 	line1: autoDraw = False
372.3895 	EXP 	line2: autoDraw = False
372.3895 	EXP 	line3: autoDraw = False
372.3895 	EXP 	line4: autoDraw = False
372.3895 	EXP 	probe: autoDraw = False
372.5905 	EXP 	Device response: <KeyPress from None: t=372.37085589999333, value=v, duration=0.21396340000501368>
373.3718 	EXP 	fixation: autoDraw = True
373.3718 	EXP 	line1: autoDraw = True
373.3718 	EXP 	line2: autoDraw = True
373.3718 	EXP 	line3: autoDraw = True
373.3718 	EXP 	line4: autoDraw = True
374.3744 	INFO 	Keyboard events cleared
374.3742 	EXP 	fixation: autoDraw = False
374.3742 	EXP 	probe: autoDraw = True
375.3067 	EXP 	Device response: <KeyPress from None: t=375.2989235999994, value=c, duration=None>
375.3070 	EXP 	New trial (rep=34, index=3): <Trial 139 (3 in rep 34) data={'pos': -150, 'corr_resp': 'z', 'thisN': 139, 'thisTrialN': 3, 'thisRepN': 34}>
375.3080 	DATA 	Keypress: c
375.3222 	EXP 	fixation: autoDraw = False
375.3222 	EXP 	line1: autoDraw = False
375.3222 	EXP 	line2: autoDraw = False
375.3222 	EXP 	line3: autoDraw = False
375.3222 	EXP 	line4: autoDraw = False
375.3222 	EXP 	probe: autoDraw = False
375.4742 	EXP 	Device response: <KeyPress from None: t=375.2989235999994, value=c, duration=0.16374599999107886>
376.1058 	EXP 	Device response: <KeyPress from None: t=376.09439349999593, value=c, duration=None>
376.1068 	DATA 	Keypress: c
376.3057 	EXP 	fixation: autoDraw = True
376.3057 	EXP 	line1: autoDraw = True
376.3057 	EXP 	line2: autoDraw = True
376.3057 	EXP 	line3: autoDraw = True
376.3057 	EXP 	line4: autoDraw = True
376.3397 	EXP 	Device response: <KeyPress from None: t=376.09439349999593, value=c, duration=0.24070920000667684>
376.6741 	EXP 	Device response: <KeyPress from None: t=376.6672642999911, value=x, duration=None>
376.6762 	DATA 	Keypress: x
376.6940 	DATA 	Keypress: c
376.7077 	EXP 	Device response: <KeyPress from None: t=376.69305729999905, value=c, duration=None>
376.7236 	EXP 	Device response: <KeyPress from None: t=376.71167419999256, value=z, duration=None>
376.7259 	DATA 	Keypress: z
376.7411 	EXP 	Device response: <KeyPress from None: t=376.69305729999905, value=c, duration=0.03097680000064429>
376.8068 	EXP 	Device response: <KeyPress from None: t=376.6672642999911, value=x, duration=0.1339684000122361>
376.8548 	EXP 	Device response: <KeyPress from None: t=376.71167419999256, value=z, duration=0.139875499997288>
376.8894 	EXP 	Device response: <KeyPress from None: t=376.87951309999335, value=c, duration=None>
376.8906 	DATA 	Keypress: c
376.9733 	EXP 	Device response: <KeyPress from None: t=376.87951309999335, value=c, duration=0.08818420000898186>
377.0899 	EXP 	Device response: <KeyPress from None: t=377.0850514999911, value=c, duration=None>
377.0915 	DATA 	Keypress: c
377.1736 	EXP 	Device response: <KeyPress from None: t=377.0850514999911, value=c, duration=0.07328789999883156>
377.1736 	EXP 	Device response: <KeyPress from None: t=377.1657700999931, value=z, duration=None>
377.1751 	DATA 	Keypress: z
377.2566 	EXP 	Device response: <KeyPress from None: t=377.1657700999931, value=z, duration=0.0792970000038622>
377.2922 	EXP 	Device response: <KeyPress from None: t=377.2895789999893, value=c, duration=None>
377.2938 	DATA 	Keypress: c
377.3073 	INFO 	Keyboard events cleared
377.3072 	EXP 	fixation: autoDraw = False
377.3072 	EXP 	probe: autoDraw = True
377.3746 	EXP 	Device response: <KeyPress from None: t=377.2895789999893, value=c, duration=0.07497900001180824>
377.3748 	EXP 	Device response: <KeyPress from None: t=377.3718815000029, value=z, duration=None>
377.3754 	EXP 	New trial (rep=35, index=0): <Trial 140 (0 in rep 35) data={'pos': -50, 'corr_resp': 'x', 'thisN': 140, 'thisTrialN': 0, 'thisRepN': 35}>
377.3764 	DATA 	Keypress: z
377.3894 	EXP 	fixation: autoDraw = False
377.3894 	EXP 	line1: autoDraw = False
377.3894 	EXP 	line2: autoDraw = False
377.3894 	EXP 	line3: autoDraw = False
377.3894 	EXP 	line4: autoDraw = False
377.3894 	EXP 	probe: autoDraw = False
377.4568 	EXP 	Device response: <KeyPress from None: t=377.3718815000029, value=z, duration=0.08224179998796899>
377.5059 	EXP 	Device response: <KeyPress from None: t=377.4930216999928, value=c, duration=None>
377.5067 	DATA 	Keypress: c
377.5743 	EXP 	Device response: <KeyPress from None: t=377.4930216999928, value=c, duration=0.08056309999665245>
377.5900 	EXP 	Device response: <KeyPress from None: t=377.5813880999922, value=z, duration=None>
377.5914 	DATA 	Keypress: z
377.6579 	EXP 	Device response: <KeyPress from None: t=377.5813880999922, value=z, duration=0.06497720000334084>
377.7069 	EXP 	Device response: <KeyPress from None: t=377.69647409999743, value=c, duration=None>
377.7078 	DATA 	Keypress: c
377.7748 	EXP 	Device response: <KeyPress from None: t=377.77146699999867, value=z, duration=None>
377.7762 	DATA 	Keypress: z
377.7903 	EXP 	Device response: <KeyPress from None: t=377.69647409999743, value=c, duration=0.0879616000020178>
377.8578 	EXP 	Device response: <KeyPress from None: t=377.77146699999867, value=z, duration=0.07218789999024011>
377.9081 	EXP 	Device response: <KeyPress from None: t=377.9027735999989, value=c, duration=None>
377.9092 	DATA 	Keypress: c
377.9914 	EXP 	Device response: <KeyPress from None: t=377.9027735999989, value=c, duration=0.07718389999354258>
377.9914 	EXP 	Device response: <KeyPress from None: t=377.9871204999945, value=z, duration=None>
377.9928 	DATA 	Keypress: z
378.0743 	EXP 	Device response: <KeyPress from None: t=377.9871204999945, value=z, duration=0.07160710000607651>
378.1242 	EXP 	Device response: <KeyPress from None: t=378.1157352000009, value=c, duration=None>
378.1253 	DATA 	Keypress: c
378.1905 	EXP 	Device response: <KeyPress from None: t=378.1157352000009, value=c, duration=0.06876929999270942>
378.2249 	EXP 	Device response: <KeyPress from None: t=378.2127241999988, value=z, duration=None>
378.2260 	DATA 	Keypress: z
378.2907 	EXP 	Device response: <KeyPress from None: t=378.2127241999988, value=z, duration=0.0626819000026444>
378.3410 	EXP 	Device response: <KeyPress from None: t=378.3310380999901, value=c, duration=None>
378.3420 	DATA 	Keypress: c
378.3901 	EXP 	fixation: autoDraw = True
378.3901 	EXP 	line1: autoDraw = True
378.3901 	EXP 	line2: autoDraw = True
378.3901 	EXP 	line3: autoDraw = True
378.3901 	EXP 	line4: autoDraw = True
378.4043 	EXP 	Device response: <KeyPress from None: t=378.3310380999901, value=c, duration=0.0674421000003349>
378.4223 	EXP 	Device response: <KeyPress from None: t=378.40655149999657, value=z, duration=None>
378.4235 	DATA 	Keypress: z
378.5059 	EXP 	Device response: <KeyPress from None: t=378.40655149999657, value=z, duration=0.09140649999608286>
378.6587 	EXP 	Device response: <KeyPress from None: t=378.6473310000001, value=c, duration=None>
378.6606 	DATA 	Keypress: c
378.8079 	EXP 	Device response: <KeyPress from None: t=378.6473310000001, value=c, duration=0.15726700000232086>
379.0399 	EXP 	Device response: <KeyPress from None: t=379.02730699999665, value=z, duration=None>
379.0414 	DATA 	Keypress: z
379.1067 	EXP 	Device response: <KeyPress from None: t=379.02730699999665, value=z, duration=0.07687039999291301>
379.3573 	DATA 	Keypress: c
379.3745 	EXP 	Device response: <KeyPress from None: t=379.35661139999866, value=c, duration=None>
379.3745 	EXP 	Device response: <KeyPress from None: t=379.35661139999866, value=c, duration=0.012101899992558174>
379.3905 	INFO 	Keyboard events cleared
379.3902 	EXP 	fixation: autoDraw = False
379.3902 	EXP 	probe: autoDraw = True
379.3926 	DATA 	Keypress: c
379.6743 	EXP 	Device response: <KeyPress from None: t=379.666421499991, value=z, duration=None>
379.6747 	EXP 	New trial (rep=35, index=1): <Trial 141 (1 in rep 35) data={'pos': 150, 'corr_resp': 'v', 'thisN': 141, 'thisTrialN': 1, 'thisRepN': 35}>
379.6766 	DATA 	Keypress: z
379.6897 	EXP 	fixation: autoDraw = False
379.6897 	EXP 	line1: autoDraw = False
379.6897 	EXP 	line2: autoDraw = False
379.6897 	EXP 	line3: autoDraw = False
379.6897 	EXP 	line4: autoDraw = False
379.6897 	EXP 	probe: autoDraw = False
379.7736 	EXP 	Device response: <KeyPress from None: t=379.666421499991, value=z, duration=0.10103980000712909>
379.9754 	EXP 	Device response: <KeyPress from None: t=379.9605589999992, value=c, duration=None>
379.9764 	DATA 	Keypress: c
380.1077 	EXP 	Device response: <KeyPress from None: t=379.9605589999992, value=c, duration=0.14282739999180194>
380.3089 	EXP 	Device response: <KeyPress from None: t=380.291556199998, value=z, duration=None>
380.3099 	DATA 	Keypress: z
380.3918 	EXP 	Device response: <KeyPress from None: t=380.291556199998, value=z, duration=0.0869754000013927>
380.6594 	EXP 	Device response: <KeyPress from None: t=380.65215439999884, value=c, duration=None>
380.6612 	DATA 	Keypress: c
380.6734 	EXP 	fixation: autoDraw = True
380.6734 	EXP 	line1: autoDraw = True
380.6734 	EXP 	line2: autoDraw = True
380.6734 	EXP 	line3: autoDraw = True
380.6734 	EXP 	line4: autoDraw = True
380.7751 	EXP 	Device response: <KeyPress from None: t=380.65215439999884, value=c, duration=0.11193129999446683>
380.9434 	EXP 	Device response: <KeyPress from None: t=380.93762899999274, value=z, duration=None>
380.9465 	DATA 	Keypress: z
381.0582 	EXP 	Device response: <KeyPress from None: t=380.93762899999274, value=z, duration=0.10560570000961889>
381.2932 	DATA 	Keypress: x
381.3072 	EXP 	Device response: <KeyPress from None: t=381.29161829999066, value=x, duration=None>
381.3903 	EXP 	Device response: <KeyPress from None: t=381.29161829999066, value=x, duration=0.09338750000461005>
381.6076 	EXP 	Device response: <KeyPress from None: t=381.60670999999274, value=v, duration=None>
381.6091 	DATA 	Keypress: v
381.6715 	EXP 	fixation: autoDraw = False
381.6892 	INFO 	Keyboard events cleared
381.6890 	EXP 	probe: autoDraw = True
381.7418 	EXP 	Device response: <KeyPress from None: t=381.60670999999274, value=v, duration=0.13363070000195876>
381.9582 	EXP 	Device response: <KeyPress from None: t=381.95142179999675, value=z, duration=None>
381.9585 	EXP 	New trial (rep=35, index=2): <Trial 142 (2 in rep 35) data={'pos': 50, 'corr_resp': 'c', 'thisN': 142, 'thisTrialN': 2, 'thisRepN': 35}>
381.9595 	DATA 	Keypress: z
381.9735 	EXP 	fixation: autoDraw = False
381.9735 	EXP 	line1: autoDraw = False
381.9735 	EXP 	line2: autoDraw = False
381.9735 	EXP 	line3: autoDraw = False
381.9735 	EXP 	line4: autoDraw = False
381.9735 	EXP 	probe: autoDraw = False
382.0394 	EXP 	Device response: <KeyPress from None: t=381.95142179999675, value=z, duration=0.08299629999964964>
382.2564 	EXP 	Device response: <KeyPress from None: t=382.2521252000006, value=v, duration=None>
382.2570 	DATA 	Keypress: v
382.3574 	EXP 	Device response: <KeyPress from None: t=382.2521252000006, value=v, duration=0.09448169999814127>
382.9726 	EXP 	fixation: autoDraw = True
382.9726 	EXP 	line1: autoDraw = True
382.9726 	EXP 	line2: autoDraw = True
382.9726 	EXP 	line3: autoDraw = True
382.9726 	EXP 	line4: autoDraw = True
383.1261 	DATA 	Keypress: c
383.1403 	EXP 	Device response: <KeyPress from None: t=383.1243994999968, value=c, duration=None>
383.1403 	EXP 	Device response: <KeyPress from None: t=383.13459099999454, value=x, duration=None>
383.1420 	DATA 	Keypress: x
383.1576 	EXP 	Device response: <KeyPress from None: t=383.1243994999968, value=c, duration=0.022071500003221445>
383.1577 	EXP 	Device response: <KeyPress from None: t=383.13459099999454, value=x, duration=0.02280639999662526>
383.3240 	EXP 	Device response: <KeyPress from None: t=383.31098629999906, value=z, duration=None>
383.3257 	DATA 	Keypress: z
383.3402 	EXP 	Device response: <KeyPress from None: t=383.31098629999906, value=z, duration=0.01879049999115523>
383.3403 	EXP 	Device response: <KeyPress from None: t=383.33486560000165, value=z, duration=None>
383.3424 	DATA 	Keypress: z
383.3573 	EXP 	Device response: <KeyPress from None: t=383.33486560000165, value=z, duration=0.01640739999129437>
383.5446 	EXP 	Device response: <KeyPress from None: t=383.5362061999913, value=x, duration=None>
383.5485 	DATA 	Keypress: x
383.5489 	DATA 	Keypress: z
383.5611 	EXP 	Device response: <KeyPress from None: t=383.5458428999991, value=z, duration=None>
383.5797 	EXP 	Device response: <KeyPress from None: t=383.5458428999991, value=z, duration=0.015110799999092706>
383.5798 	EXP 	Device response: <KeyPress from None: t=383.5362061999913, value=x, duration=0.040091400005621836>
383.9739 	INFO 	Keyboard events cleared
383.9737 	EXP 	fixation: autoDraw = False
383.9737 	EXP 	probe: autoDraw = True
385.8237 	EXP 	Device response: <KeyPress from None: t=385.81799179999507, value=c, duration=None>
385.8242 	EXP 	New trial (rep=35, index=3): <Trial 143 (3 in rep 35) data={'pos': -150, 'corr_resp': 'z', 'thisN': 143, 'thisTrialN': 3, 'thisRepN': 35}>
385.8256 	DATA 	Keypress: c
385.8395 	EXP 	fixation: autoDraw = False
385.8395 	EXP 	line1: autoDraw = False
385.8395 	EXP 	line2: autoDraw = False
385.8395 	EXP 	line3: autoDraw = False
385.8395 	EXP 	line4: autoDraw = False
385.8395 	EXP 	probe: autoDraw = False
385.9074 	EXP 	Device response: <KeyPress from None: t=385.81799179999507, value=c, duration=0.08596379999653436>
386.0875 	EXP 	Device response: <KeyPress from None: t=386.073263600003, value=c, duration=None>
386.0883 	DATA 	Keypress: c
386.1573 	EXP 	Device response: <KeyPress from None: t=386.073263600003, value=c, duration=0.06818019998900127>
386.2876 	EXP 	Device response: <KeyPress from None: t=386.27645369998936, value=c, duration=None>
386.2882 	DATA 	Keypress: c
386.3566 	EXP 	Device response: <KeyPress from None: t=386.27645369998936, value=c, duration=0.07034490001387894>
386.4577 	EXP 	Device response: <KeyPress from None: t=386.4461053999985, value=c, duration=None>
386.4588 	DATA 	Keypress: c
386.5231 	EXP 	Device response: <KeyPress from None: t=386.4461053999985, value=c, duration=0.07236479999846779>
386.8387 	EXP 	fixation: autoDraw = True
386.8387 	EXP 	line1: autoDraw = True
386.8387 	EXP 	line2: autoDraw = True
386.8387 	EXP 	line3: autoDraw = True
386.8387 	EXP 	line4: autoDraw = True
387.8405 	INFO 	Keyboard events cleared
387.8403 	EXP 	fixation: autoDraw = False
387.8403 	EXP 	probe: autoDraw = True
388.6905 	EXP 	Device response: <KeyPress from None: t=388.6839687000029, value=z, duration=None>
388.6908 	EXP 	New trial (rep=36, index=0): <Trial 144 (0 in rep 36) data={'pos': -50, 'corr_resp': 'x', 'thisN': 144, 'thisTrialN': 0, 'thisRepN': 36}>
388.6919 	DATA 	Keypress: z
388.7064 	EXP 	fixation: autoDraw = False
388.7064 	EXP 	line1: autoDraw = False
388.7064 	EXP 	line2: autoDraw = False
388.7064 	EXP 	line3: autoDraw = False
388.7064 	EXP 	line4: autoDraw = False
388.7064 	EXP 	probe: autoDraw = False
388.8556 	EXP 	Device response: <KeyPress from None: t=388.6839687000029, value=z, duration=0.16104759999143425>
389.4440 	EXP 	Device response: <KeyPress from None: t=389.43516739999177, value=z, duration=None>
389.4459 	DATA 	Keypress: z
389.6452 	EXP 	Device response: <KeyPress from None: t=389.43516739999177, value=z, duration=0.1943911999987904>
389.6922 	EXP 	fixation: autoDraw = True
389.6922 	EXP 	line1: autoDraw = True
389.6922 	EXP 	line2: autoDraw = True
389.6922 	EXP 	line3: autoDraw = True
389.6922 	EXP 	line4: autoDraw = True
389.8603 	EXP 	Device response: <KeyPress from None: t=389.85452979999536, value=z, duration=None>
389.8644 	DATA 	Keypress: z
390.0088 	EXP 	Device response: <KeyPress from None: t=389.85452979999536, value=z, duration=0.1497323000075994>
390.6927 	INFO 	Keyboard events cleared
390.6924 	EXP 	fixation: autoDraw = False
390.6924 	EXP 	probe: autoDraw = True
391.3404 	EXP 	Device response: <KeyPress from None: t=391.32849559999886, value=x, duration=None>
391.3408 	EXP 	New trial (rep=36, index=1): <Trial 145 (1 in rep 36) data={'pos': 150, 'corr_resp': 'v', 'thisN': 145, 'thisTrialN': 1, 'thisRepN': 36}>
391.3421 	DATA 	Keypress: x
391.3562 	EXP 	fixation: autoDraw = False
391.3562 	EXP 	line1: autoDraw = False
391.3562 	EXP 	line2: autoDraw = False
391.3562 	EXP 	line3: autoDraw = False
391.3562 	EXP 	line4: autoDraw = False
391.3562 	EXP 	probe: autoDraw = False
391.4745 	EXP 	Device response: <KeyPress from None: t=391.32849559999886, value=x, duration=0.14360309999028686>
392.3410 	EXP 	fixation: autoDraw = True
392.3410 	EXP 	line1: autoDraw = True
392.3410 	EXP 	line2: autoDraw = True
392.3410 	EXP 	line3: autoDraw = True
392.3410 	EXP 	line4: autoDraw = True
393.3434 	INFO 	Keyboard events cleared
393.3431 	EXP 	fixation: autoDraw = False
393.3431 	EXP 	probe: autoDraw = True
395.0241 	EXP 	Device response: <KeyPress from None: t=395.013251899989, value=v, duration=None>
395.0245 	EXP 	New trial (rep=36, index=2): <Trial 146 (2 in rep 36) data={'pos': 50, 'corr_resp': 'c', 'thisN': 146, 'thisTrialN': 2, 'thisRepN': 36}>
395.0258 	DATA 	Keypress: v
395.0398 	EXP 	fixation: autoDraw = False
395.0398 	EXP 	line1: autoDraw = False
395.0398 	EXP 	line2: autoDraw = False
395.0398 	EXP 	line3: autoDraw = False
395.0398 	EXP 	line4: autoDraw = False
395.0398 	EXP 	probe: autoDraw = False
395.1731 	EXP 	Device response: <KeyPress from None: t=395.013251899989, value=v, duration=0.15469070000108331>
396.0401 	EXP 	fixation: autoDraw = True
396.0401 	EXP 	line1: autoDraw = True
396.0401 	EXP 	line2: autoDraw = True
396.0401 	EXP 	line3: autoDraw = True
396.0401 	EXP 	line4: autoDraw = True
397.0399 	INFO 	Keyboard events cleared
397.0397 	EXP 	fixation: autoDraw = False
397.0397 	EXP 	probe: autoDraw = True
398.8590 	DATA 	Keypress: c
398.8741 	EXP 	Device response: <KeyPress from None: t=398.8571018999937, value=c, duration=None>
398.8745 	EXP 	New trial (rep=36, index=3): <Trial 147 (3 in rep 36) data={'pos': -150, 'corr_resp': 'z', 'thisN': 147, 'thisTrialN': 3, 'thisRepN': 36}>
398.8905 	EXP 	fixation: autoDraw = False
398.8905 	EXP 	line1: autoDraw = False
398.8905 	EXP 	line2: autoDraw = False
398.8905 	EXP 	line3: autoDraw = False
398.8905 	EXP 	line4: autoDraw = False
398.8905 	EXP 	probe: autoDraw = False
398.9745 	EXP 	Device response: <KeyPress from None: t=398.8571018999937, value=c, duration=0.11501850000058766>
399.8904 	EXP 	fixation: autoDraw = True
399.8904 	EXP 	line1: autoDraw = True
399.8904 	EXP 	line2: autoDraw = True
399.8904 	EXP 	line3: autoDraw = True
399.8904 	EXP 	line4: autoDraw = True
400.8897 	INFO 	Keyboard events cleared
400.8894 	EXP 	probe: autoDraw = True
400.9065 	EXP 	fixation: autoDraw = False
401.5729 	EXP 	Device response: <KeyPress from None: t=401.5662897000002, value=z, duration=None>
401.5734 	EXP 	New trial (rep=37, index=0): <Trial 148 (0 in rep 37) data={'pos': -50, 'corr_resp': 'x', 'thisN': 148, 'thisTrialN': 0, 'thisRepN': 37}>
401.5751 	DATA 	Keypress: z
401.5878 	EXP 	fixation: autoDraw = False
401.5878 	EXP 	line1: autoDraw = False
401.5878 	EXP 	line2: autoDraw = False
401.5878 	EXP 	line3: autoDraw = False
401.5878 	EXP 	line4: autoDraw = False
401.5878 	EXP 	probe: autoDraw = False
401.6564 	EXP 	Device response: <KeyPress from None: t=401.5662897000002, value=z, duration=0.07353559999319259>
402.5729 	EXP 	fixation: autoDraw = True
402.5729 	EXP 	line1: autoDraw = True
402.5729 	EXP 	line2: autoDraw = True
402.5729 	EXP 	line3: autoDraw = True
402.5729 	EXP 	line4: autoDraw = True
403.5731 	INFO 	Keyboard events cleared
403.5729 	EXP 	fixation: autoDraw = False
403.5729 	EXP 	probe: autoDraw = True
404.1899 	EXP 	Device response: <KeyPress from None: t=404.1839506999968, value=x, duration=None>
404.1903 	EXP 	New trial (rep=37, index=1): <Trial 149 (1 in rep 37) data={'pos': 150, 'corr_resp': 'v', 'thisN': 149, 'thisTrialN': 1, 'thisRepN': 37}>
404.1916 	DATA 	Keypress: x
404.2061 	EXP 	fixation: autoDraw = False
404.2061 	EXP 	line1: autoDraw = False
404.2061 	EXP 	line2: autoDraw = False
404.2061 	EXP 	line3: autoDraw = False
404.2061 	EXP 	line4: autoDraw = False
404.2061 	EXP 	probe: autoDraw = False
404.3408 	EXP 	Device response: <KeyPress from None: t=404.1839506999968, value=x, duration=0.1447840000037104>
405.1889 	EXP 	fixation: autoDraw = True
405.1889 	EXP 	line1: autoDraw = True
405.1889 	EXP 	line2: autoDraw = True
405.1889 	EXP 	line3: autoDraw = True
405.1889 	EXP 	line4: autoDraw = True
406.1892 	INFO 	Keyboard events cleared
406.1891 	EXP 	fixation: autoDraw = False
406.1891 	EXP 	probe: autoDraw = True
406.8066 	EXP 	Device response: <KeyPress from None: t=406.7994272999931, value=v, duration=None>
406.8070 	EXP 	New trial (rep=37, index=2): <Trial 150 (2 in rep 37) data={'pos': 50, 'corr_resp': 'c', 'thisN': 150, 'thisTrialN': 2, 'thisRepN': 37}>
406.8084 	DATA 	Keypress: v
406.8228 	EXP 	fixation: autoDraw = False
406.8228 	EXP 	line1: autoDraw = False
406.8228 	EXP 	line2: autoDraw = False
406.8228 	EXP 	line3: autoDraw = False
406.8228 	EXP 	line4: autoDraw = False
406.8228 	EXP 	probe: autoDraw = False
406.9736 	EXP 	Device response: <KeyPress from None: t=406.7994272999931, value=v, duration=0.1618575000029523>
407.8061 	EXP 	fixation: autoDraw = True
407.8061 	EXP 	line1: autoDraw = True
407.8061 	EXP 	line2: autoDraw = True
407.8061 	EXP 	line3: autoDraw = True
407.8061 	EXP 	line4: autoDraw = True
408.8064 	INFO 	Keyboard events cleared
408.8062 	EXP 	fixation: autoDraw = False
408.8062 	EXP 	probe: autoDraw = True
412.2893 	EXP 	Device response: <KeyPress from None: t=412.28392539999913, value=c, duration=None>
412.2897 	EXP 	New trial (rep=37, index=3): <Trial 151 (3 in rep 37) data={'pos': -150, 'corr_resp': 'z', 'thisN': 151, 'thisTrialN': 3, 'thisRepN': 37}>
412.2910 	DATA 	Keypress: c
412.3061 	EXP 	fixation: autoDraw = False
412.3061 	EXP 	line1: autoDraw = False
412.3061 	EXP 	line2: autoDraw = False
412.3061 	EXP 	line3: autoDraw = False
412.3061 	EXP 	line4: autoDraw = False
412.3061 	EXP 	probe: autoDraw = False
412.3569 	EXP 	Device response: <KeyPress from None: t=412.28392539999913, value=c, duration=0.07081730000209063>
413.3037 	EXP 	fixation: autoDraw = True
413.3037 	EXP 	line1: autoDraw = True
413.3037 	EXP 	line2: autoDraw = True
413.3037 	EXP 	line3: autoDraw = True
413.3037 	EXP 	line4: autoDraw = True
414.2899 	INFO 	Keyboard events cleared
414.2897 	EXP 	probe: autoDraw = True
414.3059 	EXP 	fixation: autoDraw = False
414.8395 	EXP 	Device response: <KeyPress from None: t=414.8259328999993, value=z, duration=None>
414.8400 	EXP 	New trial (rep=38, index=0): <Trial 152 (0 in rep 38) data={'pos': -50, 'corr_resp': 'x', 'thisN': 152, 'thisTrialN': 0, 'thisRepN': 38}>
414.8412 	DATA 	Keypress: z
414.8561 	EXP 	fixation: autoDraw = False
414.8561 	EXP 	line1: autoDraw = False
414.8561 	EXP 	line2: autoDraw = False
414.8561 	EXP 	line3: autoDraw = False
414.8561 	EXP 	line4: autoDraw = False
414.8561 	EXP 	probe: autoDraw = False
414.9909 	EXP 	Device response: <KeyPress from None: t=414.8259328999993, value=z, duration=0.16356180000002496>
415.8394 	EXP 	fixation: autoDraw = True
415.8394 	EXP 	line1: autoDraw = True
415.8394 	EXP 	line2: autoDraw = True
415.8394 	EXP 	line3: autoDraw = True
415.8394 	EXP 	line4: autoDraw = True
416.8482 	INFO 	Keyboard events cleared
416.8480 	EXP 	fixation: autoDraw = False
416.8480 	EXP 	probe: autoDraw = True
417.3156 	EXP 	Device response: <KeyPress from None: t=417.31220829999074, value=x, duration=None>
417.3160 	EXP 	New trial (rep=38, index=1): <Trial 153 (1 in rep 38) data={'pos': 150, 'corr_resp': 'v', 'thisN': 153, 'thisTrialN': 1, 'thisRepN': 38}>
417.3172 	DATA 	Keypress: x
417.3311 	EXP 	fixation: autoDraw = False
417.3311 	EXP 	line1: autoDraw = False
417.3311 	EXP 	line2: autoDraw = False
417.3311 	EXP 	line3: autoDraw = False
417.3311 	EXP 	line4: autoDraw = False
417.3311 	EXP 	probe: autoDraw = False
417.5122 	EXP 	Device response: <KeyPress from None: t=417.31220829999074, value=x, duration=0.19434020000335295>
418.3315 	EXP 	fixation: autoDraw = True
418.3315 	EXP 	line1: autoDraw = True
418.3315 	EXP 	line2: autoDraw = True
418.3315 	EXP 	line3: autoDraw = True
418.3315 	EXP 	line4: autoDraw = True
419.3316 	INFO 	Keyboard events cleared
419.3312 	EXP 	fixation: autoDraw = False
419.3312 	EXP 	probe: autoDraw = True
419.9161 	EXP 	Device response: <KeyPress from None: t=419.91201079999155, value=v, duration=None>
419.9165 	EXP 	New trial (rep=38, index=2): <Trial 154 (2 in rep 38) data={'pos': 50, 'corr_resp': 'c', 'thisN': 154, 'thisTrialN': 2, 'thisRepN': 38}>
419.9179 	DATA 	Keypress: v
419.9313 	EXP 	fixation: autoDraw = False
419.9313 	EXP 	line1: autoDraw = False
419.9313 	EXP 	line2: autoDraw = False
419.9313 	EXP 	line3: autoDraw = False
419.9313 	EXP 	line4: autoDraw = False
419.9313 	EXP 	probe: autoDraw = False
420.0898 	EXP 	Device response: <KeyPress from None: t=419.91201079999155, value=v, duration=0.17526830000861082>
420.9314 	EXP 	fixation: autoDraw = True
420.9314 	EXP 	line1: autoDraw = True
420.9314 	EXP 	line2: autoDraw = True
420.9314 	EXP 	line3: autoDraw = True
420.9314 	EXP 	line4: autoDraw = True
421.9304 	INFO 	Keyboard events cleared
421.9302 	EXP 	probe: autoDraw = True
421.9479 	EXP 	fixation: autoDraw = False
422.4461 	EXP 	Device response: <KeyPress from None: t=422.44404190000205, value=c, duration=None>
422.4466 	EXP 	New trial (rep=38, index=3): <Trial 155 (3 in rep 38) data={'pos': -150, 'corr_resp': 'z', 'thisN': 155, 'thisTrialN': 3, 'thisRepN': 38}>
422.4475 	DATA 	Keypress: c
422.4536 	EXP 	fixation: autoDraw = False
422.4536 	EXP 	line1: autoDraw = False
422.4536 	EXP 	line2: autoDraw = False
422.4536 	EXP 	line3: autoDraw = False
422.4536 	EXP 	line4: autoDraw = False
422.4536 	EXP 	probe: autoDraw = False
422.6050 	EXP 	Device response: <KeyPress from None: t=422.44404190000205, value=c, duration=0.15671119999024086>
423.4453 	EXP 	fixation: autoDraw = True
423.4453 	EXP 	line1: autoDraw = True
423.4453 	EXP 	line2: autoDraw = True
423.4453 	EXP 	line3: autoDraw = True
423.4453 	EXP 	line4: autoDraw = True
424.4453 	INFO 	Keyboard events cleared
424.4452 	EXP 	fixation: autoDraw = False
424.4452 	EXP 	probe: autoDraw = True
425.1329 	EXP 	Device response: <KeyPress from None: t=425.12898389999464, value=z, duration=None>
425.1333 	EXP 	New trial (rep=39, index=0): <Trial 156 (0 in rep 39) data={'pos': -50, 'corr_resp': 'x', 'thisN': 156, 'thisTrialN': 0, 'thisRepN': 39}>
425.1347 	DATA 	Keypress: z
425.1482 	EXP 	fixation: autoDraw = False
425.1482 	EXP 	line1: autoDraw = False
425.1482 	EXP 	line2: autoDraw = False
425.1482 	EXP 	line3: autoDraw = False
425.1482 	EXP 	line4: autoDraw = False
425.1482 	EXP 	probe: autoDraw = False
425.3321 	EXP 	Device response: <KeyPress from None: t=425.12898389999464, value=z, duration=0.19534210000711028>
426.1474 	EXP 	fixation: autoDraw = True
426.1474 	EXP 	line1: autoDraw = True
426.1474 	EXP 	line2: autoDraw = True
426.1474 	EXP 	line3: autoDraw = True
426.1474 	EXP 	line4: autoDraw = True
427.1485 	INFO 	Keyboard events cleared
427.1482 	EXP 	fixation: autoDraw = False
427.1482 	EXP 	probe: autoDraw = True
427.7485 	EXP 	Device response: <KeyPress from None: t=427.74781429998984, value=x, duration=None>
427.7489 	EXP 	New trial (rep=39, index=1): <Trial 157 (1 in rep 39) data={'pos': 150, 'corr_resp': 'v', 'thisN': 157, 'thisTrialN': 1, 'thisRepN': 39}>
427.7502 	DATA 	Keypress: x
427.7616 	EXP 	fixation: autoDraw = False
427.7616 	EXP 	line1: autoDraw = False
427.7616 	EXP 	line2: autoDraw = False
427.7616 	EXP 	line3: autoDraw = False
427.7616 	EXP 	line4: autoDraw = False
427.7616 	EXP 	probe: autoDraw = False
427.9328 	EXP 	Device response: <KeyPress from None: t=427.74781429998984, value=x, duration=0.17109540000092238>
428.7478 	EXP 	fixation: autoDraw = True
428.7478 	EXP 	line1: autoDraw = True
428.7478 	EXP 	line2: autoDraw = True
428.7478 	EXP 	line3: autoDraw = True
428.7478 	EXP 	line4: autoDraw = True
429.7474 	EXP 	fixation: autoDraw = False
429.7645 	INFO 	Keyboard events cleared
429.7643 	EXP 	probe: autoDraw = True
430.4477 	EXP 	Device response: <KeyPress from None: t=430.4397847999935, value=v, duration=None>
430.4481 	EXP 	New trial (rep=39, index=2): <Trial 158 (2 in rep 39) data={'pos': 50, 'corr_resp': 'c', 'thisN': 158, 'thisTrialN': 2, 'thisRepN': 39}>
430.4491 	DATA 	Keypress: v
430.4620 	EXP 	fixation: autoDraw = False
430.4620 	EXP 	line1: autoDraw = False
430.4620 	EXP 	line2: autoDraw = False
430.4620 	EXP 	line3: autoDraw = False
430.4620 	EXP 	line4: autoDraw = False
430.4620 	EXP 	probe: autoDraw = False
430.6320 	EXP 	Device response: <KeyPress from None: t=430.4397847999935, value=v, duration=0.17704690000391565>
431.4479 	EXP 	fixation: autoDraw = True
431.4479 	EXP 	line1: autoDraw = True
431.4479 	EXP 	line2: autoDraw = True
431.4479 	EXP 	line3: autoDraw = True
431.4479 	EXP 	line4: autoDraw = True
432.4477 	INFO 	Keyboard events cleared
432.4475 	EXP 	fixation: autoDraw = False
432.4475 	EXP 	probe: autoDraw = True
432.9648 	EXP 	Device response: <KeyPress from None: t=432.94890259999374, value=c, duration=None>
432.9652 	EXP 	New trial (rep=39, index=3): <Trial 159 (3 in rep 39) data={'pos': -150, 'corr_resp': 'z', 'thisN': 159, 'thisTrialN': 3, 'thisRepN': 39}>
432.9662 	DATA 	Keypress: c
432.9801 	EXP 	fixation: autoDraw = False
432.9801 	EXP 	line1: autoDraw = False
432.9801 	EXP 	line2: autoDraw = False
432.9801 	EXP 	line3: autoDraw = False
432.9801 	EXP 	line4: autoDraw = False
432.9801 	EXP 	probe: autoDraw = False
433.1307 	EXP 	Device response: <KeyPress from None: t=432.94890259999374, value=c, duration=0.1751805000094464>
433.9801 	EXP 	fixation: autoDraw = True
433.9801 	EXP 	line1: autoDraw = True
433.9801 	EXP 	line2: autoDraw = True
433.9801 	EXP 	line3: autoDraw = True
433.9801 	EXP 	line4: autoDraw = True
434.9619 	INFO 	Keyboard events cleared
434.9618 	EXP 	probe: autoDraw = True
434.9980 	EXP 	fixation: autoDraw = False
435.4671 	DATA 	Keypress: z
435.4812 	EXP 	Device response: <KeyPress from None: t=435.4652936999919, value=z, duration=None>
435.4820 	EXP 	New trial (rep=40, index=0): <Trial 160 (0 in rep 40) data={'pos': -50, 'corr_resp': 'x', 'thisN': 160, 'thisTrialN': 0, 'thisRepN': 40}>
435.4964 	EXP 	fixation: autoDraw = False
435.4964 	EXP 	line1: autoDraw = False
435.4964 	EXP 	line2: autoDraw = False
435.4964 	EXP 	line3: autoDraw = False
435.4964 	EXP 	line4: autoDraw = False
435.4964 	EXP 	probe: autoDraw = False
435.6149 	EXP 	Device response: <KeyPress from None: t=435.4652936999919, value=z, duration=0.1399480000109179>
436.4960 	EXP 	fixation: autoDraw = True
436.4960 	EXP 	line1: autoDraw = True
436.4960 	EXP 	line2: autoDraw = True
436.4960 	EXP 	line3: autoDraw = True
436.4960 	EXP 	line4: autoDraw = True
437.4954 	INFO 	Keyboard events cleared
437.4953 	EXP 	fixation: autoDraw = False
437.4953 	EXP 	probe: autoDraw = True
437.9152 	EXP 	Device response: <KeyPress from None: t=437.9112169, value=x, duration=None>
437.9157 	EXP 	New trial (rep=40, index=1): <Trial 161 (1 in rep 40) data={'pos': 150, 'corr_resp': 'v', 'thisN': 161, 'thisTrialN': 1, 'thisRepN': 40}>
437.9170 	DATA 	Keypress: x
437.9303 	EXP 	fixation: autoDraw = False
437.9303 	EXP 	line1: autoDraw = False
437.9303 	EXP 	line2: autoDraw = False
437.9303 	EXP 	line3: autoDraw = False
437.9303 	EXP 	line4: autoDraw = False
437.9303 	EXP 	probe: autoDraw = False
438.0475 	EXP 	Device response: <KeyPress from None: t=437.9112169, value=x, duration=0.12856209999881685>
438.9302 	EXP 	fixation: autoDraw = True
438.9302 	EXP 	line1: autoDraw = True
438.9302 	EXP 	line2: autoDraw = True
438.9302 	EXP 	line3: autoDraw = True
438.9302 	EXP 	line4: autoDraw = True
439.9298 	INFO 	Keyboard events cleared
439.9296 	EXP 	probe: autoDraw = True
439.9458 	EXP 	fixation: autoDraw = False
440.7000 	EXP 	Device response: <KeyPress from None: t=440.6965785999928, value=v, duration=None>
440.7004 	EXP 	New trial (rep=40, index=2): <Trial 162 (2 in rep 40) data={'pos': 50, 'corr_resp': 'c', 'thisN': 162, 'thisTrialN': 2, 'thisRepN': 40}>
440.7017 	DATA 	Keypress: v
440.7139 	EXP 	fixation: autoDraw = False
440.7139 	EXP 	line1: autoDraw = False
440.7139 	EXP 	line2: autoDraw = False
440.7139 	EXP 	line3: autoDraw = False
440.7139 	EXP 	line4: autoDraw = False
440.7139 	EXP 	probe: autoDraw = False
440.9313 	EXP 	Device response: <KeyPress from None: t=440.6965785999928, value=v, duration=0.22149029999854974>
441.7134 	EXP 	fixation: autoDraw = True
441.7134 	EXP 	line1: autoDraw = True
441.7134 	EXP 	line2: autoDraw = True
441.7134 	EXP 	line3: autoDraw = True
441.7134 	EXP 	line4: autoDraw = True
442.7134 	INFO 	Keyboard events cleared
442.7132 	EXP 	fixation: autoDraw = False
442.7132 	EXP 	probe: autoDraw = True
443.9467 	EXP 	Device response: <KeyPress from None: t=443.942369299999, value=c, duration=None>
443.9471 	EXP 	New trial (rep=40, index=3): <Trial 163 (3 in rep 40) data={'pos': -150, 'corr_resp': 'z', 'thisN': 163, 'thisTrialN': 3, 'thisRepN': 40}>
443.9480 	DATA 	Keypress: c
443.9617 	EXP 	fixation: autoDraw = False
443.9617 	EXP 	line1: autoDraw = False
443.9617 	EXP 	line2: autoDraw = False
443.9617 	EXP 	line3: autoDraw = False
443.9617 	EXP 	line4: autoDraw = False
443.9617 	EXP 	probe: autoDraw = False
444.1812 	EXP 	Device response: <KeyPress from None: t=443.942369299999, value=c, duration=0.22455909999553114>
444.9468 	EXP 	fixation: autoDraw = True
444.9468 	EXP 	line1: autoDraw = True
444.9468 	EXP 	line2: autoDraw = True
444.9468 	EXP 	line3: autoDraw = True
444.9468 	EXP 	line4: autoDraw = True
445.9474 	INFO 	Keyboard events cleared
445.9472 	EXP 	fixation: autoDraw = False
445.9472 	EXP 	probe: autoDraw = True
446.4316 	DATA 	Keypress: z
446.4485 	EXP 	Device response: <KeyPress from None: t=446.4307168999949, value=z, duration=None>
446.4489 	EXP 	New trial (rep=41, index=0): <Trial 164 (0 in rep 41) data={'pos': -50, 'corr_resp': 'x', 'thisN': 164, 'thisTrialN': 0, 'thisRepN': 41}>
446.4638 	EXP 	fixation: autoDraw = False
446.4638 	EXP 	line1: autoDraw = False
446.4638 	EXP 	line2: autoDraw = False
446.4638 	EXP 	line3: autoDraw = False
446.4638 	EXP 	line4: autoDraw = False
446.4638 	EXP 	probe: autoDraw = False
446.5825 	EXP 	Device response: <KeyPress from None: t=446.4307168999949, value=z, duration=0.14588430000003427>
447.4649 	EXP 	fixation: autoDraw = True
447.4649 	EXP 	line1: autoDraw = True
447.4649 	EXP 	line2: autoDraw = True
447.4649 	EXP 	line3: autoDraw = True
447.4649 	EXP 	line4: autoDraw = True
448.4643 	INFO 	Keyboard events cleared
448.4641 	EXP 	probe: autoDraw = True
448.4804 	EXP 	fixation: autoDraw = False
449.0807 	EXP 	Device response: <KeyPress from None: t=449.0713451999909, value=x, duration=None>
449.0812 	EXP 	New trial (rep=41, index=1): <Trial 165 (1 in rep 41) data={'pos': 150, 'corr_resp': 'v', 'thisN': 165, 'thisTrialN': 1, 'thisRepN': 41}>
449.0824 	DATA 	Keypress: x
449.0976 	EXP 	fixation: autoDraw = False
449.0976 	EXP 	line1: autoDraw = False
449.0976 	EXP 	line2: autoDraw = False
449.0976 	EXP 	line3: autoDraw = False
449.0976 	EXP 	line4: autoDraw = False
449.0976 	EXP 	probe: autoDraw = False
449.1986 	EXP 	Device response: <KeyPress from None: t=449.0713451999909, value=x, duration=0.11866849999933038>
450.0961 	EXP 	fixation: autoDraw = True
450.0961 	EXP 	line1: autoDraw = True
450.0961 	EXP 	line2: autoDraw = True
450.0961 	EXP 	line3: autoDraw = True
450.0961 	EXP 	line4: autoDraw = True
451.0810 	INFO 	Keyboard events cleared
451.0808 	EXP 	probe: autoDraw = True
451.0972 	EXP 	fixation: autoDraw = False
451.5817 	EXP 	Device response: <KeyPress from None: t=451.5763620999933, value=v, duration=None>
451.5821 	EXP 	New trial (rep=41, index=2): <Trial 166 (2 in rep 41) data={'pos': 50, 'corr_resp': 'c', 'thisN': 166, 'thisTrialN': 2, 'thisRepN': 41}>
451.5835 	DATA 	Keypress: v
451.5986 	EXP 	fixation: autoDraw = False
451.5986 	EXP 	line1: autoDraw = False
451.5986 	EXP 	line2: autoDraw = False
451.5986 	EXP 	line3: autoDraw = False
451.5986 	EXP 	line4: autoDraw = False
451.5986 	EXP 	probe: autoDraw = False
451.7977 	EXP 	Device response: <KeyPress from None: t=451.5763620999933, value=v, duration=0.21563970000715926>
452.5979 	EXP 	fixation: autoDraw = True
452.5979 	EXP 	line1: autoDraw = True
452.5979 	EXP 	line2: autoDraw = True
452.5979 	EXP 	line3: autoDraw = True
452.5979 	EXP 	line4: autoDraw = True
453.5987 	INFO 	Keyboard events cleared
453.5985 	EXP 	fixation: autoDraw = False
453.5985 	EXP 	probe: autoDraw = True
453.8820 	EXP 	Device response: <KeyPress from None: t=453.88050469999143, value=z, duration=None>
453.8825 	EXP 	New trial (rep=41, index=3): <Trial 167 (3 in rep 41) data={'pos': -150, 'corr_resp': 'z', 'thisN': 167, 'thisTrialN': 3, 'thisRepN': 41}>
453.8838 	DATA 	Keypress: z
453.8983 	EXP 	fixation: autoDraw = False
453.8983 	EXP 	line1: autoDraw = False
453.8983 	EXP 	line2: autoDraw = False
453.8983 	EXP 	line3: autoDraw = False
453.8983 	EXP 	line4: autoDraw = False
453.8983 	EXP 	probe: autoDraw = False
453.8991 	EXP 	Device response: <KeyPress from None: t=453.8901540999941, value=x, duration=None>
453.8999 	DATA 	Keypress: x
453.9978 	EXP 	Device response: <KeyPress from None: t=453.88050469999143, value=z, duration=0.11034900000959169>
454.0651 	DATA 	Keypress: c
454.0816 	EXP 	Device response: <KeyPress from None: t=454.0639513999922, value=c, duration=None>
454.1976 	EXP 	Device response: <KeyPress from None: t=454.0639513999922, value=c, duration=0.12590939999790862>
454.2645 	EXP 	Device response: <KeyPress from None: t=453.8901540999941, value=x, duration=0.3600641000084579>
454.2645 	EXP 	Device response: <KeyPress from None: t=454.25771779999195, value=z, duration=None>
454.2656 	DATA 	Keypress: z
454.2987 	EXP 	Device response: <KeyPress from None: t=454.25771779999195, value=z, duration=0.03798850000021048>
454.3310 	EXP 	Device response: <KeyPress from None: t=454.32427800000005, value=c, duration=None>
454.3321 	DATA 	Keypress: c
454.4482 	EXP 	Device response: <KeyPress from None: t=454.32427800000005, value=c, duration=0.1062744999944698>
454.4483 	EXP 	Device response: <KeyPress from None: t=454.44325739999476, value=z, duration=None>
454.4500 	DATA 	Keypress: z
454.5144 	EXP 	Device response: <KeyPress from None: t=454.44325739999476, value=z, duration=0.06109410000499338>
454.5480 	EXP 	Device response: <KeyPress from None: t=454.5472599999921, value=c, duration=None>
454.5488 	DATA 	Keypress: c
454.6488 	EXP 	Device response: <KeyPress from None: t=454.5472599999921, value=c, duration=0.09766090000630356>
454.6499 	DATA 	Keypress: z
454.6649 	EXP 	Device response: <KeyPress from None: t=454.64890669999295, value=z, duration=None>
454.7145 	EXP 	Device response: <KeyPress from None: t=454.64890669999295, value=z, duration=0.06096810000599362>
454.7811 	EXP 	Device response: <KeyPress from None: t=454.7765472000028, value=c, duration=None>
454.7823 	DATA 	Keypress: c
454.8639 	EXP 	Device response: <KeyPress from None: t=454.8473526000016, value=z, duration=None>
454.8648 	DATA 	Keypress: z
454.8813 	EXP 	Device response: <KeyPress from None: t=454.7765472000028, value=c, duration=0.0900598999869544>
454.8965 	EXP 	fixation: autoDraw = True
454.8965 	EXP 	line1: autoDraw = True
454.8965 	EXP 	line2: autoDraw = True
454.8965 	EXP 	line3: autoDraw = True
454.8965 	EXP 	line4: autoDraw = True
454.9472 	EXP 	Device response: <KeyPress from None: t=454.8473526000016, value=z, duration=0.08580200000142213>
454.9960 	EXP 	Device response: <KeyPress from None: t=454.9853254999907, value=c, duration=None>
454.9974 	DATA 	Keypress: c
455.0814 	EXP 	Device response: <KeyPress from None: t=455.0658475999953, value=z, duration=None>
455.0815 	EXP 	Device response: <KeyPress from None: t=454.9853254999907, value=c, duration=0.09275219999835826>
455.0826 	DATA 	Keypress: z
455.1454 	EXP 	Device response: <KeyPress from None: t=455.0658475999953, value=z, duration=0.07218659999489319>
455.1959 	EXP 	Device response: <KeyPress from None: t=455.1922230999917, value=c, duration=None>
455.1970 	DATA 	Keypress: c
455.2806 	EXP 	Device response: <KeyPress from None: t=455.1922230999917, value=c, duration=0.07298850000370294>
455.2806 	EXP 	Device response: <KeyPress from None: t=455.2725322999904, value=z, duration=None>
455.2819 	DATA 	Keypress: z
455.3460 	EXP 	Device response: <KeyPress from None: t=455.2725322999904, value=z, duration=0.06858450001163874>
455.4149 	EXP 	Device response: <KeyPress from None: t=455.4039119999943, value=c, duration=None>
455.4164 	DATA 	Keypress: c
455.4825 	EXP 	Device response: <KeyPress from None: t=455.4039119999943, value=c, duration=0.06449570000404492>
455.4826 	EXP 	Device response: <KeyPress from None: t=455.47784559999127, value=z, duration=None>
455.4850 	DATA 	Keypress: z
455.5476 	EXP 	Device response: <KeyPress from None: t=455.47784559999127, value=z, duration=0.0642260000022361>
455.6288 	EXP 	Device response: <KeyPress from None: t=455.62130179999804, value=c, duration=None>
455.6302 	DATA 	Keypress: c
455.6984 	EXP 	Device response: <KeyPress from None: t=455.62130179999804, value=c, duration=0.07449479999195319>
455.7120 	EXP 	Device response: <KeyPress from None: t=455.70221609999135, value=z, duration=None>
455.7135 	DATA 	Keypress: z
455.7809 	EXP 	Device response: <KeyPress from None: t=455.70221609999135, value=z, duration=0.06466060000821017>
455.8327 	DATA 	Keypress: c
455.8462 	EXP 	Device response: <KeyPress from None: t=455.8313179999968, value=c, duration=None>
455.8972 	INFO 	Keyboard events cleared
455.8970 	EXP 	fixation: autoDraw = False
455.8970 	EXP 	probe: autoDraw = True
455.9140 	EXP 	Device response: <KeyPress from None: t=455.8313179999968, value=c, duration=0.06912990000273567>
455.9141 	EXP 	Device response: <KeyPress from None: t=455.90816549999, value=z, duration=None>
455.9144 	EXP 	New trial (rep=42, index=0): <Trial 168 (0 in rep 42) data={'pos': -50, 'corr_resp': 'x', 'thisN': 168, 'thisTrialN': 0, 'thisRepN': 42}>
455.9154 	DATA 	Keypress: z
455.9296 	EXP 	fixation: autoDraw = False
455.9296 	EXP 	line1: autoDraw = False
455.9296 	EXP 	line2: autoDraw = False
455.9296 	EXP 	line3: autoDraw = False
455.9296 	EXP 	line4: autoDraw = False
455.9296 	EXP 	probe: autoDraw = False
455.9796 	EXP 	Device response: <KeyPress from None: t=455.90816549999, value=z, duration=0.06010220000462141>
456.0482 	EXP 	Device response: <KeyPress from None: t=456.03924699999334, value=c, duration=None>
456.0491 	DATA 	Keypress: c
456.1305 	EXP 	Device response: <KeyPress from None: t=456.03924699999334, value=c, duration=0.07492359999741893>
456.2653 	EXP 	Device response: <KeyPress from None: t=456.25876119999157, value=c, duration=None>
456.2662 	DATA 	Keypress: c
456.3161 	EXP 	Device response: <KeyPress from None: t=456.25876119999157, value=c, duration=0.0537596000067424>
456.3317 	EXP 	Device response: <KeyPress from None: t=456.3290077999991, value=z, duration=None>
456.3327 	DATA 	Keypress: z
456.3982 	EXP 	Device response: <KeyPress from None: t=456.3290077999991, value=z, duration=0.06888239999534562>
456.4812 	EXP 	Device response: <KeyPress from None: t=456.4752101999911, value=c, duration=None>
456.4821 	DATA 	Keypress: c
456.5650 	EXP 	Device response: <KeyPress from None: t=456.4752101999911, value=c, duration=0.07491229999868665>
456.5665 	DATA 	Keypress: z
456.5816 	EXP 	Device response: <KeyPress from None: t=456.5656377999985, value=z, duration=None>
456.5816 	EXP 	Device response: <KeyPress from None: t=456.5656377999985, value=z, duration=0.01376929999969434>
456.7148 	EXP 	Device response: <KeyPress from None: t=456.70911769999657, value=c, duration=None>
456.7156 	DATA 	Keypress: c
456.7809 	EXP 	Device response: <KeyPress from None: t=456.70911769999657, value=c, duration=0.06465089999255724>
456.7984 	EXP 	Device response: <KeyPress from None: t=456.7829516999918, value=z, duration=None>
456.7994 	DATA 	Keypress: z
456.8651 	EXP 	Device response: <KeyPress from None: t=456.7829516999918, value=z, duration=0.06749250000575557>
456.9148 	EXP 	fixation: autoDraw = True
456.9148 	EXP 	line1: autoDraw = True
456.9148 	EXP 	line2: autoDraw = True
456.9148 	EXP 	line3: autoDraw = True
456.9148 	EXP 	line4: autoDraw = True
457.0136 	EXP 	Device response: <KeyPress from None: t=456.9999633999978, value=z, duration=None>
457.0157 	DATA 	Keypress: z
457.0786 	EXP 	Device response: <KeyPress from None: t=456.9999633999978, value=z, duration=0.06361470000410918>
457.2813 	EXP 	Device response: <KeyPress from None: t=457.27168299999903, value=z, duration=None>
457.2836 	DATA 	Keypress: z
457.2984 	EXP 	Device response: <KeyPress from None: t=457.27168299999903, value=z, duration=0.01708659999712836>
457.4308 	EXP 	Device response: <KeyPress from None: t=457.42508590000216, value=c, duration=None>
457.4322 	DATA 	Keypress: c
457.5314 	EXP 	Device response: <KeyPress from None: t=457.42508590000216, value=c, duration=0.09315580000111368>
457.6983 	EXP 	Device response: <KeyPress from None: t=457.6950843999948, value=c, duration=None>
457.7005 	DATA 	Keypress: c
457.7656 	EXP 	Device response: <KeyPress from None: t=457.6950843999948, value=c, duration=0.06072199999471195>
457.9135 	INFO 	Keyboard events cleared
457.9133 	EXP 	probe: autoDraw = True
457.9303 	EXP 	fixation: autoDraw = False
457.9635 	EXP 	Device response: <KeyPress from None: t=457.9615097999922, value=x, duration=None>
457.9639 	EXP 	New trial (rep=42, index=1): <Trial 169 (1 in rep 42) data={'pos': 150, 'corr_resp': 'v', 'thisN': 169, 'thisTrialN': 1, 'thisRepN': 42}>
457.9656 	DATA 	Keypress: x
457.9790 	EXP 	fixation: autoDraw = False
457.9790 	EXP 	line1: autoDraw = False
457.9790 	EXP 	line2: autoDraw = False
457.9790 	EXP 	line3: autoDraw = False
457.9790 	EXP 	line4: autoDraw = False
457.9790 	EXP 	probe: autoDraw = False
457.9795 	EXP 	Device response: <KeyPress from None: t=457.9615097999922, value=x, duration=0.01253210000868421>
457.9964 	EXP 	Device response: <KeyPress from None: t=457.99486069999693, value=z, duration=None>
457.9972 	DATA 	Keypress: z
458.0127 	EXP 	Device response: <KeyPress from None: t=457.99486069999693, value=z, duration=0.011085699996328913>
458.1818 	DATA 	Keypress: c
458.1981 	EXP 	Device response: <KeyPress from None: t=458.18038720000186, value=c, duration=None>
458.1981 	EXP 	Device response: <KeyPress from None: t=458.1939560000028, value=x, duration=None>
458.1994 	DATA 	Keypress: x
458.2465 	EXP 	Device response: <KeyPress from None: t=458.18038720000186, value=c, duration=0.05507299999590032>
458.2466 	EXP 	Device response: <KeyPress from None: t=458.1939560000028, value=x, duration=0.049786999996285886>
458.9618 	EXP 	fixation: autoDraw = True
458.9618 	EXP 	line1: autoDraw = True
458.9618 	EXP 	line2: autoDraw = True
458.9618 	EXP 	line3: autoDraw = True
458.9618 	EXP 	line4: autoDraw = True
459.9729 	INFO 	Keyboard events cleared
459.9726 	EXP 	fixation: autoDraw = False
459.9726 	EXP 	probe: autoDraw = True
460.3390 	EXP 	Device response: <KeyPress from None: t=460.3358453999972, value=x, duration=None>
460.3394 	EXP 	New trial (rep=42, index=2): <Trial 170 (2 in rep 42) data={'pos': 50, 'corr_resp': 'c', 'thisN': 170, 'thisTrialN': 2, 'thisRepN': 42}>
460.3406 	DATA 	Keypress: x
460.3556 	EXP 	fixation: autoDraw = False
460.3556 	EXP 	line1: autoDraw = False
460.3556 	EXP 	line2: autoDraw = False
460.3556 	EXP 	line3: autoDraw = False
460.3556 	EXP 	line4: autoDraw = False
460.3556 	EXP 	probe: autoDraw = False
460.4222 	EXP 	Device response: <KeyPress from None: t=460.3358453999972, value=x, duration=0.07569250000233296>
461.3527 	EXP 	fixation: autoDraw = True
461.3527 	EXP 	line1: autoDraw = True
461.3527 	EXP 	line2: autoDraw = True
461.3527 	EXP 	line3: autoDraw = True
461.3527 	EXP 	line4: autoDraw = True
462.3386 	INFO 	Keyboard events cleared
462.3384 	EXP 	probe: autoDraw = True
462.3554 	EXP 	fixation: autoDraw = False
462.3765 	DATA 	Mouse: Left button down, pos=(1158,775)
462.5929 	DATA 	Mouse:  Left button up, pos=(1158,775)
463.0061 	EXP 	Device response: <KeyPress from None: t=462.9918828999944, value=c, duration=None>
463.0065 	EXP 	New trial (rep=42, index=3): <Trial 171 (3 in rep 42) data={'pos': -150, 'corr_resp': 'z', 'thisN': 171, 'thisTrialN': 3, 'thisRepN': 42}>
463.0077 	DATA 	Keypress: c
463.0221 	EXP 	fixation: autoDraw = False
463.0221 	EXP 	line1: autoDraw = False
463.0221 	EXP 	line2: autoDraw = False
463.0221 	EXP 	line3: autoDraw = False
463.0221 	EXP 	line4: autoDraw = False
463.0221 	EXP 	probe: autoDraw = False
463.1567 	EXP 	Device response: <KeyPress from None: t=462.9918828999944, value=c, duration=0.1484935000044061>
464.0219 	EXP 	fixation: autoDraw = True
464.0219 	EXP 	line1: autoDraw = True
464.0219 	EXP 	line2: autoDraw = True
464.0219 	EXP 	line3: autoDraw = True
464.0219 	EXP 	line4: autoDraw = True
465.0057 	INFO 	Keyboard events cleared
465.0055 	EXP 	probe: autoDraw = True
465.0221 	EXP 	fixation: autoDraw = False
466.7057 	EXP 	Device response: <KeyPress from None: t=466.70059369999217, value=z, duration=None>
466.7061 	EXP 	New trial (rep=43, index=0): <Trial 172 (0 in rep 43) data={'pos': -50, 'corr_resp': 'x', 'thisN': 172, 'thisTrialN': 0, 'thisRepN': 43}>
466.7073 	DATA 	Keypress: z
466.7226 	EXP 	fixation: autoDraw = False
466.7226 	EXP 	line1: autoDraw = False
466.7226 	EXP 	line2: autoDraw = False
466.7226 	EXP 	line3: autoDraw = False
466.7226 	EXP 	line4: autoDraw = False
466.7226 	EXP 	probe: autoDraw = False
467.1387 	EXP 	Device response: <KeyPress from None: t=466.70059369999217, value=z, duration=0.433194099998218>
467.7055 	EXP 	fixation: autoDraw = True
467.7055 	EXP 	line1: autoDraw = True
467.7055 	EXP 	line2: autoDraw = True
467.7055 	EXP 	line3: autoDraw = True
467.7055 	EXP 	line4: autoDraw = True
468.7091 	INFO 	Keyboard events cleared
468.7088 	EXP 	fixation: autoDraw = False
468.7088 	EXP 	probe: autoDraw = True
469.6076 	DATA 	Keypress: x
469.6234 	EXP 	Device response: <KeyPress from None: t=469.6064030999987, value=x, duration=None>
469.6238 	EXP 	New trial (rep=43, index=1): <Trial 173 (1 in rep 43) data={'pos': 150, 'corr_resp': 'v', 'thisN': 173, 'thisTrialN': 1, 'thisRepN': 43}>
469.6389 	EXP 	fixation: autoDraw = False
469.6389 	EXP 	line1: autoDraw = False
469.6389 	EXP 	line2: autoDraw = False
469.6389 	EXP 	line3: autoDraw = False
469.6389 	EXP 	line4: autoDraw = False
469.6389 	EXP 	probe: autoDraw = False
469.7890 	EXP 	Device response: <KeyPress from None: t=469.6064030999987, value=x, duration=0.17082099999242928>
470.6390 	EXP 	fixation: autoDraw = True
470.6390 	EXP 	line1: autoDraw = True
470.6390 	EXP 	line2: autoDraw = True
470.6390 	EXP 	line3: autoDraw = True
470.6390 	EXP 	line4: autoDraw = True
471.6392 	INFO 	Keyboard events cleared
471.6390 	EXP 	fixation: autoDraw = False
471.6390 	EXP 	probe: autoDraw = True
472.3070 	EXP 	Device response: <KeyPress from None: t=472.3005428000033, value=v, duration=None>
472.3074 	EXP 	New trial (rep=43, index=2): <Trial 174 (2 in rep 43) data={'pos': 50, 'corr_resp': 'c', 'thisN': 174, 'thisTrialN': 2, 'thisRepN': 43}>
472.3090 	DATA 	Keypress: v
472.3227 	EXP 	fixation: autoDraw = False
472.3227 	EXP 	line1: autoDraw = False
472.3227 	EXP 	line2: autoDraw = False
472.3227 	EXP 	line3: autoDraw = False
472.3227 	EXP 	line4: autoDraw = False
472.3227 	EXP 	probe: autoDraw = False
472.4727 	EXP 	Device response: <KeyPress from None: t=472.3005428000033, value=v, duration=0.16162879999319557>
473.3218 	EXP 	fixation: autoDraw = True
473.3218 	EXP 	line1: autoDraw = True
473.3218 	EXP 	line2: autoDraw = True
473.3218 	EXP 	line3: autoDraw = True
473.3218 	EXP 	line4: autoDraw = True
474.3223 	INFO 	Keyboard events cleared
474.3221 	EXP 	fixation: autoDraw = False
474.3221 	EXP 	probe: autoDraw = True
475.1225 	EXP 	Device response: <KeyPress from None: t=475.11227260000305, value=c, duration=None>
475.1229 	EXP 	New trial (rep=43, index=3): <Trial 175 (3 in rep 43) data={'pos': -150, 'corr_resp': 'z', 'thisN': 175, 'thisTrialN': 3, 'thisRepN': 43}>
475.1242 	DATA 	Keypress: c
475.1389 	EXP 	fixation: autoDraw = False
475.1389 	EXP 	line1: autoDraw = False
475.1389 	EXP 	line2: autoDraw = False
475.1389 	EXP 	line3: autoDraw = False
475.1389 	EXP 	line4: autoDraw = False
475.1389 	EXP 	probe: autoDraw = False
475.2724 	EXP 	Device response: <KeyPress from None: t=475.11227260000305, value=c, duration=0.14426869999442715>
476.1219 	EXP 	fixation: autoDraw = True
476.1219 	EXP 	line1: autoDraw = True
476.1219 	EXP 	line2: autoDraw = True
476.1219 	EXP 	line3: autoDraw = True
476.1219 	EXP 	line4: autoDraw = True
477.1220 	INFO 	Keyboard events cleared
477.1218 	EXP 	fixation: autoDraw = False
477.1218 	EXP 	probe: autoDraw = True
477.8240 	DATA 	Mouse: Left button down, pos=(1158,775)
477.9735 	EXP 	Device response: <KeyPress from None: t=477.9712750999897, value=z, duration=None>
477.9739 	EXP 	New trial (rep=44, index=0): <Trial 176 (0 in rep 44) data={'pos': -50, 'corr_resp': 'x', 'thisN': 176, 'thisTrialN': 0, 'thisRepN': 44}>
477.9751 	DATA 	Keypress: z
477.9885 	EXP 	fixation: autoDraw = False
477.9885 	EXP 	line1: autoDraw = False
477.9885 	EXP 	line2: autoDraw = False
477.9885 	EXP 	line3: autoDraw = False
477.9885 	EXP 	line4: autoDraw = False
477.9885 	EXP 	probe: autoDraw = False
478.0425 	DATA 	Mouse:  Left button up, pos=(1158,775)
478.1556 	EXP 	Device response: <KeyPress from None: t=477.9712750999897, value=z, duration=0.1711735000135377>
478.9889 	EXP 	fixation: autoDraw = True
478.9889 	EXP 	line1: autoDraw = True
478.9889 	EXP 	line2: autoDraw = True
478.9889 	EXP 	line3: autoDraw = True
478.9889 	EXP 	line4: autoDraw = True
479.9886 	INFO 	Keyboard events cleared
479.9884 	EXP 	fixation: autoDraw = False
479.9884 	EXP 	probe: autoDraw = True
481.3388 	EXP 	Device response: <KeyPress from None: t=481.33413689999725, value=x, duration=None>
481.3392 	EXP 	New trial (rep=44, index=1): <Trial 177 (1 in rep 44) data={'pos': 150, 'corr_resp': 'v', 'thisN': 177, 'thisTrialN': 1, 'thisRepN': 44}>
481.3404 	DATA 	Keypress: x
481.3557 	EXP 	fixation: autoDraw = False
481.3557 	EXP 	line1: autoDraw = False
481.3557 	EXP 	line2: autoDraw = False
481.3557 	EXP 	line3: autoDraw = False
481.3557 	EXP 	line4: autoDraw = False
481.3557 	EXP 	probe: autoDraw = False
481.4720 	EXP 	Device response: <KeyPress from None: t=481.33413689999725, value=x, duration=0.1330671000032453>
482.3420 	EXP 	fixation: autoDraw = True
482.3420 	EXP 	line1: autoDraw = True
482.3420 	EXP 	line2: autoDraw = True
482.3420 	EXP 	line3: autoDraw = True
482.3420 	EXP 	line4: autoDraw = True
483.3559 	INFO 	Keyboard events cleared
483.3557 	EXP 	fixation: autoDraw = False
483.3557 	EXP 	probe: autoDraw = True
484.6054 	EXP 	Device response: <KeyPress from None: t=484.59700259999954, value=v, duration=None>
484.6058 	EXP 	New trial (rep=44, index=2): <Trial 178 (2 in rep 44) data={'pos': 50, 'corr_resp': 'c', 'thisN': 178, 'thisTrialN': 2, 'thisRepN': 44}>
484.6070 	DATA 	Keypress: v
484.6219 	EXP 	fixation: autoDraw = False
484.6219 	EXP 	line1: autoDraw = False
484.6219 	EXP 	line2: autoDraw = False
484.6219 	EXP 	line3: autoDraw = False
484.6219 	EXP 	line4: autoDraw = False
484.6219 	EXP 	probe: autoDraw = False
484.7723 	EXP 	Device response: <KeyPress from None: t=484.59700259999954, value=v, duration=0.16275150000001304>
485.6092 	EXP 	fixation: autoDraw = True
485.6092 	EXP 	line1: autoDraw = True
485.6092 	EXP 	line2: autoDraw = True
485.6092 	EXP 	line3: autoDraw = True
485.6092 	EXP 	line4: autoDraw = True
486.6057 	INFO 	Keyboard events cleared
486.6055 	EXP 	probe: autoDraw = True
486.6219 	EXP 	fixation: autoDraw = False
486.9747 	EXP 	Device response: <KeyPress from None: t=486.9684444000013, value=c, duration=None>
486.9751 	EXP 	New trial (rep=44, index=3): <Trial 179 (3 in rep 44) data={'pos': -150, 'corr_resp': 'z', 'thisN': 179, 'thisTrialN': 3, 'thisRepN': 44}>
486.9762 	DATA 	Keypress: c
486.9919 	EXP 	fixation: autoDraw = False
486.9919 	EXP 	line1: autoDraw = False
486.9919 	EXP 	line2: autoDraw = False
486.9919 	EXP 	line3: autoDraw = False
486.9919 	EXP 	line4: autoDraw = False
486.9919 	EXP 	probe: autoDraw = False
487.1766 	EXP 	Device response: <KeyPress from None: t=486.9684444000013, value=c, duration=0.19725679999100976>
487.9863 	EXP 	fixation: autoDraw = True
487.9863 	EXP 	line1: autoDraw = True
487.9863 	EXP 	line2: autoDraw = True
487.9863 	EXP 	line3: autoDraw = True
487.9863 	EXP 	line4: autoDraw = True
488.9887 	INFO 	Keyboard events cleared
488.9885 	EXP 	fixation: autoDraw = False
488.9885 	EXP 	probe: autoDraw = True
489.5230 	EXP 	Device response: <KeyPress from None: t=489.51803589999327, value=z, duration=None>
489.5234 	EXP 	New trial (rep=45, index=0): <Trial 180 (0 in rep 45) data={'pos': -50, 'corr_resp': 'x', 'thisN': 180, 'thisTrialN': 0, 'thisRepN': 45}>
489.5248 	DATA 	Keypress: z
489.5381 	EXP 	fixation: autoDraw = False
489.5381 	EXP 	line1: autoDraw = False
489.5381 	EXP 	line2: autoDraw = False
489.5381 	EXP 	line3: autoDraw = False
489.5381 	EXP 	line4: autoDraw = False
489.5381 	EXP 	probe: autoDraw = False
489.6743 	EXP 	Device response: <KeyPress from None: t=489.51803589999327, value=z, duration=0.13728680000349414>
490.5378 	EXP 	fixation: autoDraw = True
490.5378 	EXP 	line1: autoDraw = True
490.5378 	EXP 	line2: autoDraw = True
490.5378 	EXP 	line3: autoDraw = True
490.5378 	EXP 	line4: autoDraw = True
491.5396 	INFO 	Keyboard events cleared
491.5394 	EXP 	fixation: autoDraw = False
491.5394 	EXP 	probe: autoDraw = True
492.3886 	EXP 	Device response: <KeyPress from None: t=492.3834588000027, value=x, duration=None>
492.3890 	EXP 	New trial (rep=45, index=1): <Trial 181 (1 in rep 45) data={'pos': 150, 'corr_resp': 'v', 'thisN': 181, 'thisTrialN': 1, 'thisRepN': 45}>
492.3902 	DATA 	Keypress: x
492.4045 	EXP 	fixation: autoDraw = False
492.4045 	EXP 	line1: autoDraw = False
492.4045 	EXP 	line2: autoDraw = False
492.4045 	EXP 	line3: autoDraw = False
492.4045 	EXP 	line4: autoDraw = False
492.4045 	EXP 	probe: autoDraw = False
492.6233 	EXP 	Device response: <KeyPress from None: t=492.3834588000027, value=x, duration=0.2278531999909319>
493.4027 	EXP 	fixation: autoDraw = True
493.4027 	EXP 	line1: autoDraw = True
493.4027 	EXP 	line2: autoDraw = True
493.4027 	EXP 	line3: autoDraw = True
493.4027 	EXP 	line4: autoDraw = True
494.3890 	INFO 	Keyboard events cleared
494.3888 	EXP 	probe: autoDraw = True
494.4052 	EXP 	fixation: autoDraw = False
494.9067 	EXP 	Device response: <KeyPress from None: t=494.90526059998956, value=v, duration=None>
494.9072 	EXP 	New trial (rep=45, index=2): <Trial 182 (2 in rep 45) data={'pos': 50, 'corr_resp': 'c', 'thisN': 182, 'thisTrialN': 2, 'thisRepN': 45}>
494.9084 	DATA 	Keypress: v
494.9221 	EXP 	fixation: autoDraw = False
494.9221 	EXP 	line1: autoDraw = False
494.9221 	EXP 	line2: autoDraw = False
494.9221 	EXP 	line3: autoDraw = False
494.9221 	EXP 	line4: autoDraw = False
494.9221 	EXP 	probe: autoDraw = False
495.1058 	EXP 	Device response: <KeyPress from None: t=494.90526059998956, value=v, duration=0.1953642000007676>
495.9098 	EXP 	fixation: autoDraw = True
495.9098 	EXP 	line1: autoDraw = True
495.9098 	EXP 	line2: autoDraw = True
495.9098 	EXP 	line3: autoDraw = True
495.9098 	EXP 	line4: autoDraw = True
496.9223 	INFO 	Keyboard events cleared
496.9220 	EXP 	fixation: autoDraw = False
496.9220 	EXP 	probe: autoDraw = True
497.4062 	EXP 	Device response: <KeyPress from None: t=497.40150500000163, value=c, duration=None>
497.4066 	EXP 	New trial (rep=45, index=3): <Trial 183 (3 in rep 45) data={'pos': -150, 'corr_resp': 'z', 'thisN': 183, 'thisTrialN': 3, 'thisRepN': 45}>
497.4078 	DATA 	Keypress: c
497.4214 	EXP 	fixation: autoDraw = False
497.4214 	EXP 	line1: autoDraw = False
497.4214 	EXP 	line2: autoDraw = False
497.4214 	EXP 	line3: autoDraw = False
497.4214 	EXP 	line4: autoDraw = False
497.4214 	EXP 	probe: autoDraw = False
497.6220 	EXP 	Device response: <KeyPress from None: t=497.40150500000163, value=c, duration=0.21029930000077002>
498.4219 	EXP 	fixation: autoDraw = True
498.4219 	EXP 	line1: autoDraw = True
498.4219 	EXP 	line2: autoDraw = True
498.4219 	EXP 	line3: autoDraw = True
498.4219 	EXP 	line4: autoDraw = True
499.4215 	INFO 	Keyboard events cleared
499.4213 	EXP 	fixation: autoDraw = False
499.4213 	EXP 	probe: autoDraw = True
500.4550 	EXP 	Device response: <KeyPress from None: t=500.44862779999676, value=z, duration=None>
500.4555 	EXP 	New trial (rep=46, index=0): <Trial 184 (0 in rep 46) data={'pos': -50, 'corr_resp': 'x', 'thisN': 184, 'thisTrialN': 0, 'thisRepN': 46}>
500.4570 	DATA 	Keypress: z
500.4697 	EXP 	fixation: autoDraw = False
500.4697 	EXP 	line1: autoDraw = False
500.4697 	EXP 	line2: autoDraw = False
500.4697 	EXP 	line3: autoDraw = False
500.4697 	EXP 	line4: autoDraw = False
500.4697 	EXP 	probe: autoDraw = False
500.5733 	EXP 	Device response: <KeyPress from None: t=500.44862779999676, value=z, duration=0.11418279999634251>
501.4556 	EXP 	fixation: autoDraw = True
501.4556 	EXP 	line1: autoDraw = True
501.4556 	EXP 	line2: autoDraw = True
501.4556 	EXP 	line3: autoDraw = True
501.4556 	EXP 	line4: autoDraw = True
502.4555 	INFO 	Keyboard events cleared
502.4553 	EXP 	fixation: autoDraw = False
502.4553 	EXP 	probe: autoDraw = True
502.9249 	DATA 	Keypress: x
502.9383 	EXP 	Device response: <KeyPress from None: t=502.9242397999915, value=x, duration=None>
502.9388 	EXP 	New trial (rep=46, index=1): <Trial 185 (1 in rep 46) data={'pos': 150, 'corr_resp': 'v', 'thisN': 185, 'thisTrialN': 1, 'thisRepN': 46}>
502.9553 	EXP 	fixation: autoDraw = False
502.9553 	EXP 	line1: autoDraw = False
502.9553 	EXP 	line2: autoDraw = False
502.9553 	EXP 	line3: autoDraw = False
502.9553 	EXP 	line4: autoDraw = False
502.9553 	EXP 	probe: autoDraw = False
503.0431 	EXP 	Device response: <KeyPress from None: t=502.9242397999915, value=x, duration=0.11078870001074392>
503.9423 	EXP 	fixation: autoDraw = True
503.9423 	EXP 	line1: autoDraw = True
503.9423 	EXP 	line2: autoDraw = True
503.9423 	EXP 	line3: autoDraw = True
503.9423 	EXP 	line4: autoDraw = True
504.9383 	INFO 	Keyboard events cleared
504.9381 	EXP 	probe: autoDraw = True
504.9531 	EXP 	fixation: autoDraw = False
505.9224 	EXP 	Device response: <KeyPress from None: t=505.91468799998984, value=v, duration=None>
505.9229 	EXP 	New trial (rep=46, index=2): <Trial 186 (2 in rep 46) data={'pos': 50, 'corr_resp': 'c', 'thisN': 186, 'thisTrialN': 2, 'thisRepN': 46}>
505.9244 	DATA 	Keypress: v
505.9386 	EXP 	fixation: autoDraw = False
505.9386 	EXP 	line1: autoDraw = False
505.9386 	EXP 	line2: autoDraw = False
505.9386 	EXP 	line3: autoDraw = False
505.9386 	EXP 	line4: autoDraw = False
505.9386 	EXP 	probe: autoDraw = False
506.1390 	EXP 	Device response: <KeyPress from None: t=505.91468799998984, value=v, duration=0.211332200007746>
506.9243 	EXP 	fixation: autoDraw = True
506.9243 	EXP 	line1: autoDraw = True
506.9243 	EXP 	line2: autoDraw = True
506.9243 	EXP 	line3: autoDraw = True
506.9243 	EXP 	line4: autoDraw = True
507.9223 	INFO 	Keyboard events cleared
507.9221 	EXP 	probe: autoDraw = True
507.9390 	EXP 	fixation: autoDraw = False
508.5897 	EXP 	Device response: <KeyPress from None: t=508.58718089999456, value=c, duration=None>
508.5902 	EXP 	New trial (rep=46, index=3): <Trial 187 (3 in rep 46) data={'pos': -150, 'corr_resp': 'z', 'thisN': 187, 'thisTrialN': 3, 'thisRepN': 46}>
508.5914 	DATA 	Keypress: c
508.6053 	EXP 	fixation: autoDraw = False
508.6053 	EXP 	line1: autoDraw = False
508.6053 	EXP 	line2: autoDraw = False
508.6053 	EXP 	line3: autoDraw = False
508.6053 	EXP 	line4: autoDraw = False
508.6053 	EXP 	probe: autoDraw = False
508.8225 	EXP 	Device response: <KeyPress from None: t=508.58718089999456, value=c, duration=0.23468570000841282>
509.6032 	EXP 	fixation: autoDraw = True
509.6032 	EXP 	line1: autoDraw = True
509.6032 	EXP 	line2: autoDraw = True
509.6032 	EXP 	line3: autoDraw = True
509.6032 	EXP 	line4: autoDraw = True
510.6041 	INFO 	Keyboard events cleared
510.6039 	EXP 	fixation: autoDraw = False
510.6039 	EXP 	probe: autoDraw = True
511.1038 	EXP 	Device response: <KeyPress from None: t=511.1035101000016, value=z, duration=None>
511.1041 	EXP 	New trial (rep=47, index=0): <Trial 188 (0 in rep 47) data={'pos': -50, 'corr_resp': 'x', 'thisN': 188, 'thisTrialN': 0, 'thisRepN': 47}>
511.1053 	DATA 	Keypress: z
511.1108 	EXP 	fixation: autoDraw = False
511.1108 	EXP 	line1: autoDraw = False
511.1108 	EXP 	line2: autoDraw = False
511.1108 	EXP 	line3: autoDraw = False
511.1108 	EXP 	line4: autoDraw = False
511.1108 	EXP 	probe: autoDraw = False
511.2582 	EXP 	Device response: <KeyPress from None: t=511.1035101000016, value=z, duration=0.13789259998884518>
512.1033 	EXP 	fixation: autoDraw = True
512.1033 	EXP 	line1: autoDraw = True
512.1033 	EXP 	line2: autoDraw = True
512.1033 	EXP 	line3: autoDraw = True
512.1033 	EXP 	line4: autoDraw = True
513.1055 	INFO 	Keyboard events cleared
513.1052 	EXP 	fixation: autoDraw = False
513.1052 	EXP 	probe: autoDraw = True
513.7058 	EXP 	Device response: <KeyPress from None: t=513.6937953000015, value=x, duration=None>
513.7062 	EXP 	New trial (rep=47, index=1): <Trial 189 (1 in rep 47) data={'pos': 150, 'corr_resp': 'v', 'thisN': 189, 'thisTrialN': 1, 'thisRepN': 47}>
513.7075 	DATA 	Keypress: x
513.7217 	EXP 	fixation: autoDraw = False
513.7217 	EXP 	line1: autoDraw = False
513.7217 	EXP 	line2: autoDraw = False
513.7217 	EXP 	line3: autoDraw = False
513.7217 	EXP 	line4: autoDraw = False
513.7217 	EXP 	probe: autoDraw = False
513.8895 	EXP 	Device response: <KeyPress from None: t=513.6937953000015, value=x, duration=0.18079869999201037>
514.7063 	EXP 	fixation: autoDraw = True
514.7063 	EXP 	line1: autoDraw = True
514.7063 	EXP 	line2: autoDraw = True
514.7063 	EXP 	line3: autoDraw = True
514.7063 	EXP 	line4: autoDraw = True
515.7048 	INFO 	Keyboard events cleared
515.7046 	EXP 	fixation: autoDraw = False
515.7046 	EXP 	probe: autoDraw = True
516.5035 	EXP 	Device response: <KeyPress from None: t=516.4953118999983, value=v, duration=None>
516.5039 	EXP 	New trial (rep=47, index=2): <Trial 190 (2 in rep 47) data={'pos': 50, 'corr_resp': 'c', 'thisN': 190, 'thisTrialN': 2, 'thisRepN': 47}>
516.5050 	DATA 	Keypress: v
516.5197 	EXP 	fixation: autoDraw = False
516.5197 	EXP 	line1: autoDraw = False
516.5197 	EXP 	line2: autoDraw = False
516.5197 	EXP 	line3: autoDraw = False
516.5197 	EXP 	line4: autoDraw = False
516.5197 	EXP 	probe: autoDraw = False
516.6872 	EXP 	Device response: <KeyPress from None: t=516.4953118999983, value=v, duration=0.17627749999519438>
517.5027 	EXP 	fixation: autoDraw = True
517.5027 	EXP 	line1: autoDraw = True
517.5027 	EXP 	line2: autoDraw = True
517.5027 	EXP 	line3: autoDraw = True
517.5027 	EXP 	line4: autoDraw = True
518.5051 	EXP 	fixation: autoDraw = False
518.5207 	INFO 	Keyboard events cleared
518.5206 	EXP 	probe: autoDraw = True
519.0222 	EXP 	Device response: <KeyPress from None: t=519.0097621000023, value=x, duration=None>
519.0226 	EXP 	New trial (rep=47, index=3): <Trial 191 (3 in rep 47) data={'pos': -150, 'corr_resp': 'z', 'thisN': 191, 'thisTrialN': 3, 'thisRepN': 47}>
519.0236 	DATA 	Keypress: x
519.0391 	EXP 	fixation: autoDraw = False
519.0391 	EXP 	line1: autoDraw = False
519.0391 	EXP 	line2: autoDraw = False
519.0391 	EXP 	line3: autoDraw = False
519.0391 	EXP 	line4: autoDraw = False
519.0391 	EXP 	probe: autoDraw = False
519.2062 	EXP 	Device response: <KeyPress from None: t=519.0097621000023, value=x, duration=0.18037159999948926>
520.0195 	EXP 	fixation: autoDraw = True
520.0195 	EXP 	line1: autoDraw = True
520.0195 	EXP 	line2: autoDraw = True
520.0195 	EXP 	line3: autoDraw = True
520.0195 	EXP 	line4: autoDraw = True
521.0209 	EXP 	fixation: autoDraw = False
521.0379 	INFO 	Keyboard events cleared
521.0378 	EXP 	probe: autoDraw = True
521.2397 	EXP 	Device response: <KeyPress from None: t=521.2308233999938, value=c, duration=None>
521.2400 	EXP 	New trial (rep=48, index=0): <Trial 192 (0 in rep 48) data={'pos': -50, 'corr_resp': 'x', 'thisN': 192, 'thisTrialN': 0, 'thisRepN': 48}>
521.2410 	DATA 	Keypress: c
521.2546 	EXP 	fixation: autoDraw = False
521.2546 	EXP 	line1: autoDraw = False
521.2546 	EXP 	line2: autoDraw = False
521.2546 	EXP 	line3: autoDraw = False
521.2546 	EXP 	line4: autoDraw = False
521.2546 	EXP 	probe: autoDraw = False
521.3895 	EXP 	Device response: <KeyPress from None: t=521.3803470999992, value=z, duration=None>
521.3906 	DATA 	Keypress: z
521.4887 	EXP 	Device response: <KeyPress from None: t=521.2308233999938, value=c, duration=0.25497700000414625>
521.5552 	EXP 	Device response: <KeyPress from None: t=521.3803470999992, value=z, duration=0.1696475999924587>
522.2547 	EXP 	fixation: autoDraw = True
522.2547 	EXP 	line1: autoDraw = True
522.2547 	EXP 	line2: autoDraw = True
522.2547 	EXP 	line3: autoDraw = True
522.2547 	EXP 	line4: autoDraw = True
522.9389 	EXP 	Device response: <KeyPress from None: t=522.9253059999901, value=c, duration=None>
522.9408 	DATA 	Keypress: c
523.0422 	DATA 	Keypress: x
523.0565 	EXP 	Device response: <KeyPress from None: t=523.0415528000012, value=x, duration=None>
523.0719 	EXP 	Device response: <KeyPress from None: t=523.0689023000014, value=z, duration=None>
523.0749 	DATA 	Keypress: z
523.2050 	EXP 	Device response: <KeyPress from None: t=523.0415528000012, value=x, duration=0.158222999991267>
523.2393 	EXP 	Device response: <KeyPress from None: t=522.9253059999901, value=c, duration=0.3029879000096116>
523.2394 	EXP 	Device response: <KeyPress from None: t=523.0689023000014, value=z, duration=0.16755289999127854>
523.2547 	INFO 	Keyboard events cleared
523.2545 	EXP 	fixation: autoDraw = False
523.2545 	EXP 	probe: autoDraw = True
523.8220 	EXP 	Device response: <KeyPress from None: t=523.816982999997, value=c, duration=None>
523.8224 	EXP 	New trial (rep=48, index=1): <Trial 193 (1 in rep 48) data={'pos': 150, 'corr_resp': 'v', 'thisN': 193, 'thisTrialN': 1, 'thisRepN': 48}>
523.8238 	DATA 	Keypress: c
523.8389 	EXP 	fixation: autoDraw = False
523.8389 	EXP 	line1: autoDraw = False
523.8389 	EXP 	line2: autoDraw = False
523.8389 	EXP 	line3: autoDraw = False
523.8389 	EXP 	line4: autoDraw = False
523.8389 	EXP 	probe: autoDraw = False
523.8399 	EXP 	Device response: <KeyPress from None: t=523.8274996999971, value=x, duration=None>
523.8408 	DATA 	Keypress: x
523.9370 	EXP 	Device response: <KeyPress from None: t=523.9296130000002, value=z, duration=None>
523.9379 	DATA 	Keypress: z
523.9562 	EXP 	Device response: <KeyPress from None: t=523.816982999997, value=c, duration=0.12675640000088606>
524.0223 	EXP 	Device response: <KeyPress from None: t=523.8274996999971, value=x, duration=0.19010540000454057>
524.0732 	EXP 	Device response: <KeyPress from None: t=523.9296130000002, value=z, duration=0.14114959999278653>
524.8362 	EXP 	fixation: autoDraw = True
524.8362 	EXP 	line1: autoDraw = True
524.8362 	EXP 	line2: autoDraw = True
524.8362 	EXP 	line3: autoDraw = True
524.8362 	EXP 	line4: autoDraw = True
525.8388 	INFO 	Keyboard events cleared
525.8386 	EXP 	fixation: autoDraw = False
525.8386 	EXP 	probe: autoDraw = True
526.5037 	EXP 	Device response: <KeyPress from None: t=526.496587200003, value=c, duration=None>
526.5042 	EXP 	New trial (rep=48, index=2): <Trial 194 (2 in rep 48) data={'pos': 50, 'corr_resp': 'c', 'thisN': 194, 'thisTrialN': 2, 'thisRepN': 48}>
526.5054 	DATA 	Keypress: c
526.5205 	EXP 	fixation: autoDraw = False
526.5205 	EXP 	line1: autoDraw = False
526.5205 	EXP 	line2: autoDraw = False
526.5205 	EXP 	line3: autoDraw = False
526.5205 	EXP 	line4: autoDraw = False
526.5205 	EXP 	probe: autoDraw = False
526.7027 	EXP 	Device response: <KeyPress from None: t=526.496587200003, value=c, duration=0.192109999989043>
527.5056 	EXP 	fixation: autoDraw = True
527.5056 	EXP 	line1: autoDraw = True
527.5056 	EXP 	line2: autoDraw = True
527.5056 	EXP 	line3: autoDraw = True
527.5056 	EXP 	line4: autoDraw = True
528.5054 	INFO 	Keyboard events cleared
528.5052 	EXP 	fixation: autoDraw = False
528.5052 	EXP 	probe: autoDraw = True
529.5223 	EXP 	Device response: <KeyPress from None: t=529.5163678999961, value=c, duration=None>
529.5228 	EXP 	New trial (rep=48, index=3): <Trial 195 (3 in rep 48) data={'pos': -150, 'corr_resp': 'z', 'thisN': 195, 'thisTrialN': 3, 'thisRepN': 48}>
529.5240 	DATA 	Keypress: c
529.5382 	EXP 	fixation: autoDraw = False
529.5382 	EXP 	line1: autoDraw = False
529.5382 	EXP 	line2: autoDraw = False
529.5382 	EXP 	line3: autoDraw = False
529.5382 	EXP 	line4: autoDraw = False
529.5382 	EXP 	probe: autoDraw = False
529.7363 	EXP 	Device response: <KeyPress from None: t=529.5163678999961, value=c, duration=0.20608780000475235>
530.5364 	EXP 	fixation: autoDraw = True
530.5364 	EXP 	line1: autoDraw = True
530.5364 	EXP 	line2: autoDraw = True
530.5364 	EXP 	line3: autoDraw = True
530.5364 	EXP 	line4: autoDraw = True
531.5223 	INFO 	Keyboard events cleared
531.5221 	EXP 	probe: autoDraw = True
531.5389 	EXP 	fixation: autoDraw = False
532.7233 	EXP 	Device response: <KeyPress from None: t=532.7210080999939, value=z, duration=None>
532.7237 	EXP 	New trial (rep=49, index=0): <Trial 196 (0 in rep 49) data={'pos': -50, 'corr_resp': 'x', 'thisN': 196, 'thisTrialN': 0, 'thisRepN': 49}>
532.7253 	DATA 	Keypress: z
532.7384 	EXP 	fixation: autoDraw = False
532.7384 	EXP 	line1: autoDraw = False
532.7384 	EXP 	line2: autoDraw = False
532.7384 	EXP 	line3: autoDraw = False
532.7384 	EXP 	line4: autoDraw = False
532.7384 	EXP 	probe: autoDraw = False
532.8557 	EXP 	Device response: <KeyPress from None: t=532.7210080999939, value=z, duration=0.1339233000035165>
533.7392 	EXP 	fixation: autoDraw = True
533.7392 	EXP 	line1: autoDraw = True
533.7392 	EXP 	line2: autoDraw = True
533.7392 	EXP 	line3: autoDraw = True
533.7392 	EXP 	line4: autoDraw = True
534.7371 	INFO 	Keyboard events cleared
534.7369 	EXP 	fixation: autoDraw = False
534.7369 	EXP 	probe: autoDraw = True
535.3542 	EXP 	Device response: <KeyPress from None: t=535.3452001999976, value=x, duration=None>
535.3546 	EXP 	New trial (rep=49, index=1): <Trial 197 (1 in rep 49) data={'pos': 150, 'corr_resp': 'v', 'thisN': 197, 'thisTrialN': 1, 'thisRepN': 49}>
535.3556 	DATA 	Keypress: x
535.3707 	EXP 	fixation: autoDraw = False
535.3707 	EXP 	line1: autoDraw = False
535.3707 	EXP 	line2: autoDraw = False
535.3707 	EXP 	line3: autoDraw = False
535.3707 	EXP 	line4: autoDraw = False
535.3707 	EXP 	probe: autoDraw = False
535.5030 	EXP 	Device response: <KeyPress from None: t=535.3452001999976, value=x, duration=0.14235769999504555>
536.3553 	EXP 	fixation: autoDraw = True
536.3553 	EXP 	line1: autoDraw = True
536.3553 	EXP 	line2: autoDraw = True
536.3553 	EXP 	line3: autoDraw = True
536.3553 	EXP 	line4: autoDraw = True
537.3555 	INFO 	Keyboard events cleared
537.3553 	EXP 	probe: autoDraw = True
537.3714 	EXP 	fixation: autoDraw = False
537.9695 	EXP 	Device response: <KeyPress from None: t=537.9582081999979, value=x, duration=None>
537.9698 	EXP 	New trial (rep=49, index=2): <Trial 198 (2 in rep 49) data={'pos': 50, 'corr_resp': 'c', 'thisN': 198, 'thisTrialN': 2, 'thisRepN': 49}>
537.9707 	DATA 	Keypress: x
537.9866 	EXP 	fixation: autoDraw = False
537.9866 	EXP 	line1: autoDraw = False
537.9866 	EXP 	line2: autoDraw = False
537.9866 	EXP 	line3: autoDraw = False
537.9866 	EXP 	line4: autoDraw = False
537.9866 	EXP 	probe: autoDraw = False
537.9871 	EXP 	Device response: <KeyPress from None: t=537.9788843999995, value=v, duration=None>
537.9878 	DATA 	Keypress: v
538.2222 	EXP 	Device response: <KeyPress from None: t=537.9788843999995, value=v, duration=0.2275171999935992>
538.9718 	EXP 	fixation: autoDraw = True
538.9718 	EXP 	line1: autoDraw = True
538.9718 	EXP 	line2: autoDraw = True
538.9718 	EXP 	line3: autoDraw = True
538.9718 	EXP 	line4: autoDraw = True
539.4535 	EXP 	Device response: <KeyPress from None: t=537.9582081999979, value=x, duration=1.4872200999961933>
539.5392 	EXP 	Device response: <KeyPress from None: t=539.531857199996, value=x, duration=None>
539.5414 	DATA 	Keypress: x
539.9717 	INFO 	Keyboard events cleared
539.9715 	EXP 	fixation: autoDraw = False
539.9715 	EXP 	probe: autoDraw = True
540.7710 	EXP 	Device response: <KeyPress from None: t=539.531857199996, value=x, duration=1.230097499996191>
540.8547 	EXP 	Device response: <KeyPress from None: t=540.8467346999969, value=x, duration=None>
540.8551 	EXP 	New trial (rep=49, index=3): <Trial 199 (3 in rep 49) data={'pos': -150, 'corr_resp': 'z', 'thisN': 199, 'thisTrialN': 3, 'thisRepN': 49}>
540.8562 	DATA 	Keypress: x
540.8694 	EXP 	fixation: autoDraw = False
540.8694 	EXP 	line1: autoDraw = False
540.8694 	EXP 	line2: autoDraw = False
540.8694 	EXP 	line3: autoDraw = False
540.8694 	EXP 	line4: autoDraw = False
540.8694 	EXP 	probe: autoDraw = False
541.2893 	EXP 	Device response: <KeyPress from None: t=541.2858047999907, value=c, duration=None>
541.2902 	DATA 	Keypress: c
541.4059 	EXP 	Device response: <KeyPress from None: t=540.8467346999969, value=x, duration=0.5543387999932747>
541.4722 	EXP 	Device response: <KeyPress from None: t=541.2858047999907, value=c, duration=0.1773074000084307>
541.8549 	EXP 	fixation: autoDraw = True
541.8549 	EXP 	line1: autoDraw = True
541.8549 	EXP 	line2: autoDraw = True
541.8549 	EXP 	line3: autoDraw = True
541.8549 	EXP 	line4: autoDraw = True
542.2223 	EXP 	Device response: <KeyPress from None: t=542.2182505999954, value=c, duration=None>
542.2242 	DATA 	Keypress: c
542.5380 	EXP 	Device response: <KeyPress from None: t=542.5317287999933, value=z, duration=None>
542.5399 	DATA 	Keypress: z
542.5550 	EXP 	Device response: <KeyPress from None: t=542.2182505999954, value=c, duration=0.32066919999488164>
542.7550 	EXP 	Device response: <KeyPress from None: t=542.5317287999933, value=z, duration=0.21897549999994226>
542.8550 	INFO 	Keyboard events cleared
542.8548 	EXP 	fixation: autoDraw = False
542.8548 	EXP 	probe: autoDraw = True
543.1043 	EXP 	Device response: <KeyPress from None: t=543.0946646999946, value=c, duration=None>
543.1151 	EXP 	Imported C:/Users/bhumika/OneDrive/Documents/sequence_con.csv.xlsx as conditions, 4 conditions, 2 params
543.1198 	EXP 	New trial (rep=0, index=0): <Trial 0 (0 in rep 0) data={'pos': -50, 'corr_resp': 'x', 'thisN': 0, 'thisTrialN': 0, 'thisRepN': 0}>
543.1210 	DATA 	Keypress: c
543.1355 	EXP 	fixation: autoDraw = False
543.1355 	EXP 	line1: autoDraw = False
543.1355 	EXP 	line2: autoDraw = False
543.1355 	EXP 	line3: autoDraw = False
543.1355 	EXP 	line4: autoDraw = False
543.1355 	EXP 	probe: autoDraw = False
543.2718 	EXP 	Device response: <KeyPress from None: t=543.2630019999924, value=z, duration=None>
543.2728 	DATA 	Keypress: z
543.2890 	EXP 	Device response: <KeyPress from None: t=543.0946646999946, value=c, duration=0.1805954000010388>
543.4219 	EXP 	Device response: <KeyPress from None: t=543.2630019999924, value=z, duration=0.14622039999812841>
544.1192 	EXP 	fixation: autoDraw = True
544.1192 	EXP 	line1: autoDraw = True
544.1192 	EXP 	line2: autoDraw = True
544.1192 	EXP 	line3: autoDraw = True
544.1192 	EXP 	line4: autoDraw = True
544.7393 	EXP 	Device response: <KeyPress from None: t=544.737816599998, value=v, duration=None>
544.7411 	DATA 	Keypress: v
544.8889 	EXP 	Device response: <KeyPress from None: t=544.737816599998, value=v, duration=0.14241509999556>
544.9394 	EXP 	Device response: <KeyPress from None: t=544.9369061999896, value=z, duration=None>
544.9415 	DATA 	Keypress: z
545.0720 	EXP 	Device response: <KeyPress from None: t=544.9369061999896, value=z, duration=0.12299660001008306>
545.1228 	INFO 	Keyboard events cleared
545.1226 	EXP 	fixation: autoDraw = False
545.1226 	EXP 	probe: autoDraw = True
545.1889 	EXP 	Device response: <KeyPress from None: t=545.1804216000019, value=c, duration=None>
545.1895 	EXP 	New trial (rep=0, index=1): <Trial 1 (1 in rep 0) data={'pos': 50, 'corr_resp': 'c', 'thisN': 1, 'thisTrialN': 1, 'thisRepN': 0}>
545.1907 	DATA 	Keypress: c
545.2041 	EXP 	fixation: autoDraw = False
545.2041 	EXP 	line1: autoDraw = False
545.2041 	EXP 	line2: autoDraw = False
545.2041 	EXP 	line3: autoDraw = False
545.2041 	EXP 	line4: autoDraw = False
545.2041 	EXP 	probe: autoDraw = False
545.3222 	EXP 	Device response: <KeyPress from None: t=545.1804216000019, value=c, duration=0.13131319999229163>
545.4531 	EXP 	Device response: <KeyPress from None: t=545.4438201000012, value=z, duration=None>
545.4545 	DATA 	Keypress: z
545.5386 	EXP 	Device response: <KeyPress from None: t=545.4438201000012, value=z, duration=0.0875361999933375>
546.1884 	EXP 	fixation: autoDraw = True
546.1884 	EXP 	line1: autoDraw = True
546.1884 	EXP 	line2: autoDraw = True
546.1884 	EXP 	line3: autoDraw = True
546.1884 	EXP 	line4: autoDraw = True
547.1887 	EXP 	fixation: autoDraw = False
547.2048 	INFO 	Keyboard events cleared
547.2046 	EXP 	probe: autoDraw = True
549.8718 	EXP 	Device response: <KeyPress from None: t=549.860136999996, value=c, duration=None>
549.8722 	EXP 	New trial (rep=0, index=2): <Trial 2 (2 in rep 0) data={'pos': 150, 'corr_resp': 'v', 'thisN': 2, 'thisTrialN': 2, 'thisRepN': 0}>
549.8737 	DATA 	Keypress: c
549.8867 	EXP 	fixation: autoDraw = False
549.8867 	EXP 	line1: autoDraw = False
549.8867 	EXP 	line2: autoDraw = False
549.8867 	EXP 	line3: autoDraw = False
549.8867 	EXP 	line4: autoDraw = False
549.8867 	EXP 	probe: autoDraw = False
550.0530 	EXP 	Device response: <KeyPress from None: t=549.860136999996, value=c, duration=0.18892119999509305>
550.8717 	EXP 	fixation: autoDraw = True
550.8717 	EXP 	line1: autoDraw = True
550.8717 	EXP 	line2: autoDraw = True
550.8717 	EXP 	line3: autoDraw = True
550.8717 	EXP 	line4: autoDraw = True
551.8860 	INFO 	Keyboard events cleared
551.8858 	EXP 	fixation: autoDraw = False
551.8858 	EXP 	probe: autoDraw = True
553.5059 	EXP 	Device response: <KeyPress from None: t=553.5044840999908, value=c, duration=None>
553.5064 	EXP 	New trial (rep=1, index=3): <Trial 3 (3 in rep 1) data={'pos': -50, 'corr_resp': 'x', 'thisN': 3, 'thisTrialN': 3, 'thisRepN': 1}>
553.5076 	DATA 	Keypress: c
553.5216 	EXP 	fixation: autoDraw = False
553.5216 	EXP 	line1: autoDraw = False
553.5216 	EXP 	line2: autoDraw = False
553.5216 	EXP 	line3: autoDraw = False
553.5216 	EXP 	line4: autoDraw = False
553.5216 	EXP 	probe: autoDraw = False
553.5550 	EXP 	Device response: <KeyPress from None: t=553.5513731999963, value=v, duration=None>
553.5560 	DATA 	Keypress: v
553.7054 	EXP 	Device response: <KeyPress from None: t=553.5513731999963, value=v, duration=0.13810270000249147>
553.7719 	EXP 	Device response: <KeyPress from None: t=553.5044840999908, value=c, duration=0.2542044000001624>
554.5056 	EXP 	fixation: autoDraw = True
554.5056 	EXP 	line1: autoDraw = True
554.5056 	EXP 	line2: autoDraw = True
554.5056 	EXP 	line3: autoDraw = True
554.5056 	EXP 	line4: autoDraw = True
555.5047 	EXP 	fixation: autoDraw = False
555.5217 	INFO 	Keyboard events cleared
555.5212 	EXP 	probe: autoDraw = True
557.0725 	EXP 	Device response: <KeyPress from None: t=557.0623231999925, value=c, duration=None>
557.0730 	EXP 	New trial (rep=2, index=4): <Trial 4 (4 in rep 2) data={'pos': -50, 'corr_resp': 'x', 'thisN': 4, 'thisTrialN': 4, 'thisRepN': 2}>
557.0748 	DATA 	Keypress: c
557.0876 	EXP 	fixation: autoDraw = False
557.0876 	EXP 	line1: autoDraw = False
557.0876 	EXP 	line2: autoDraw = False
557.0876 	EXP 	line3: autoDraw = False
557.0876 	EXP 	line4: autoDraw = False
557.0876 	EXP 	probe: autoDraw = False
557.2569 	EXP 	Device response: <KeyPress from None: t=557.2526413000014, value=z, duration=None>
557.2580 	DATA 	Keypress: z
557.2732 	EXP 	Device response: <KeyPress from None: t=557.2624117999949, value=x, duration=None>
557.2742 	DATA 	Keypress: x
557.4716 	EXP 	Device response: <KeyPress from None: t=557.0623231999925, value=c, duration=0.3942393000033917>
557.4891 	EXP 	Device response: <KeyPress from None: t=557.2624117999949, value=x, duration=0.21167220000643283>
557.5718 	EXP 	Device response: <KeyPress from None: t=557.2526413000014, value=z, duration=0.30541029998857994>
558.0879 	EXP 	fixation: autoDraw = True
558.0879 	EXP 	line1: autoDraw = True
558.0879 	EXP 	line2: autoDraw = True
558.0879 	EXP 	line3: autoDraw = True
558.0879 	EXP 	line4: autoDraw = True
558.6378 	EXP 	Device response: <KeyPress from None: t=558.6216983999911, value=c, duration=None>
558.6394 	DATA 	Keypress: c
558.8363 	EXP 	Device response: <KeyPress from None: t=558.8331036000018, value=z, duration=None>
558.8378 	DATA 	Keypress: z
558.9233 	EXP 	Device response: <KeyPress from None: t=558.6216983999911, value=c, duration=0.2976238000119338>
559.0872 	INFO 	Keyboard events cleared
559.0869 	EXP 	fixation: autoDraw = False
559.0869 	EXP 	probe: autoDraw = True
559.1895 	EXP 	Device response: <KeyPress from None: t=559.181070199993, value=c, duration=None>
559.1899 	EXP 	New trial (rep=1, index=5): <Trial 5 (5 in rep 1) data={'pos': 150, 'corr_resp': 'v', 'thisN': 5, 'thisTrialN': 5, 'thisRepN': 1}>
559.1913 	DATA 	Keypress: c
559.2046 	EXP 	fixation: autoDraw = False
559.2046 	EXP 	line1: autoDraw = False
559.2046 	EXP 	line2: autoDraw = False
559.2046 	EXP 	line3: autoDraw = False
559.2046 	EXP 	line4: autoDraw = False
559.2046 	EXP 	probe: autoDraw = False
559.3398 	EXP 	Device response: <KeyPress from None: t=559.3309156000032, value=z, duration=None>
559.3408 	DATA 	Keypress: z
559.3555 	EXP 	Device response: <KeyPress from None: t=559.181070199993, value=c, duration=0.16185129999939818>
559.4388 	EXP 	Device response: <KeyPress from None: t=558.8331036000018, value=z, duration=0.5898114000010537>
559.5714 	EXP 	Device response: <KeyPress from None: t=559.5574874000013, value=c, duration=None>
559.5723 	DATA 	Keypress: c
559.6575 	EXP 	Device response: <KeyPress from None: t=559.6550951999961, value=z, duration=None>
559.6585 	DATA 	Keypress: z
559.6713 	EXP 	Device response: <KeyPress from None: t=559.5574874000013, value=c, duration=0.1095078999933321>
559.7375 	EXP 	Device response: <KeyPress from None: t=559.3309156000032, value=z, duration=0.40485249999619555>
559.8366 	EXP 	Device response: <KeyPress from None: t=559.8301917999925, value=c, duration=None>
559.8373 	DATA 	Keypress: c
559.9047 	EXP 	Device response: <KeyPress from None: t=559.8301917999925, value=c, duration=0.05973490000178572>
559.9203 	EXP 	Device response: <KeyPress from None: t=559.9199135999952, value=z, duration=None>
559.9211 	DATA 	Keypress: z
559.9388 	EXP 	Device response: <KeyPress from None: t=559.6550951999961, value=z, duration=0.28217740000400227>
560.0700 	EXP 	Device response: <KeyPress from None: t=560.0641536999901, value=c, duration=None>
560.0707 	DATA 	Keypress: c
560.1361 	EXP 	Device response: <KeyPress from None: t=560.0641536999901, value=c, duration=0.06156860000919551>
560.1526 	EXP 	Device response: <KeyPress from None: t=560.1381780999945, value=z, duration=None>
560.1534 	DATA 	Keypress: z
560.1692 	EXP 	Device response: <KeyPress from None: t=559.9199135999952, value=z, duration=0.23752059999969788>
560.1693 	EXP 	Device response: <KeyPress from None: t=560.1641019999952, value=z, duration=None>
560.1703 	DATA 	Keypress: z
560.2032 	EXP 	fixation: autoDraw = True
560.2032 	EXP 	line1: autoDraw = True
560.2032 	EXP 	line2: autoDraw = True
560.2032 	EXP 	line3: autoDraw = True
560.2032 	EXP 	line4: autoDraw = True
560.2037 	EXP 	Device response: <KeyPress from None: t=560.1381780999945, value=z, duration=0.05242000000725966>
560.3023 	EXP 	Device response: <KeyPress from None: t=560.2961634999956, value=c, duration=None>
560.3035 	DATA 	Keypress: c
560.3720 	EXP 	Device response: <KeyPress from None: t=560.2961634999956, value=c, duration=0.06046180000703316>
560.3721 	EXP 	Device response: <KeyPress from None: t=560.3643392999948, value=z, duration=None>
560.3739 	DATA 	Keypress: z
560.3890 	EXP 	Device response: <KeyPress from None: t=560.1641019999952, value=z, duration=0.21752780000679195>
560.5220 	EXP 	Device response: <KeyPress from None: t=560.5191479999921, value=c, duration=None>
560.5237 	DATA 	Keypress: c
560.5883 	EXP 	Device response: <KeyPress from None: t=560.5848491999932, value=z, duration=None>
560.5902 	DATA 	Keypress: z
560.6048 	EXP 	Device response: <KeyPress from None: t=560.5191479999921, value=c, duration=0.07731530000455678>
560.6227 	EXP 	Device response: <KeyPress from None: t=560.3643392999948, value=z, duration=0.24153080000542104>
560.7702 	EXP 	Device response: <KeyPress from None: t=560.7588823999977, value=c, duration=None>
560.7718 	DATA 	Keypress: c
560.8042 	EXP 	Device response: <KeyPress from None: t=560.7891264999926, value=x, duration=None>
560.8043 	EXP 	Device response: <KeyPress from None: t=560.7891264999926, value=x, duration=0.013685199999599718>
560.8060 	DATA 	Keypress: x
560.8366 	EXP 	Device response: <KeyPress from None: t=560.7588823999977, value=c, duration=0.06436659999599215>
560.8367 	EXP 	Device response: <KeyPress from None: t=560.8298205000028, value=z, duration=None>
560.8384 	DATA 	Keypress: z
560.8531 	EXP 	Device response: <KeyPress from None: t=560.5848491999932, value=z, duration=0.26019699999596924>
560.9913 	EXP 	Device response: <KeyPress from None: t=560.9856211000006, value=c, duration=None>
560.9932 	DATA 	Keypress: c
561.0552 	EXP 	Device response: <KeyPress from None: t=560.9856211000006, value=c, duration=0.06488900000113063>
561.0588 	DATA 	Keypress: z
561.0722 	EXP 	Device response: <KeyPress from None: t=561.0576779999974, value=z, duration=None>
561.0723 	EXP 	Device response: <KeyPress from None: t=560.8298205000028, value=z, duration=0.24024609998741653>
561.2029 	INFO 	Keyboard events cleared
561.2027 	EXP 	fixation: autoDraw = False
561.2027 	EXP 	probe: autoDraw = True
561.2208 	DATA 	Keypress: c
561.2357 	EXP 	Device response: <KeyPress from None: t=561.2196927999903, value=c, duration=None>
561.2360 	EXP 	New trial (rep=3, index=6): <Trial 6 (6 in rep 3) data={'pos': -50, 'corr_resp': 'x', 'thisN': 6, 'thisTrialN': 6, 'thisRepN': 3}>
561.2548 	EXP 	fixation: autoDraw = False
561.2548 	EXP 	line1: autoDraw = False
561.2548 	EXP 	line2: autoDraw = False
561.2548 	EXP 	line3: autoDraw = False
561.2548 	EXP 	line4: autoDraw = False
561.2548 	EXP 	probe: autoDraw = False
561.2893 	EXP 	Device response: <KeyPress from None: t=561.2196927999903, value=c, duration=0.06672719999914989>
561.3055 	EXP 	Device response: <KeyPress from None: t=561.2912738000014, value=z, duration=None>
561.3066 	DATA 	Keypress: z
561.3220 	EXP 	Device response: <KeyPress from None: t=561.0576779999974, value=z, duration=0.2530493999947794>
561.4721 	EXP 	Device response: <KeyPress from None: t=561.462586900001, value=c, duration=None>
561.4730 	DATA 	Keypress: c
561.5393 	EXP 	Device response: <KeyPress from None: t=561.462586900001, value=c, duration=0.07092249998822808>
562.2381 	EXP 	fixation: autoDraw = True
562.2381 	EXP 	line1: autoDraw = True
562.2381 	EXP 	line2: autoDraw = True
562.2381 	EXP 	line3: autoDraw = True
562.2381 	EXP 	line4: autoDraw = True
563.2377 	INFO 	Keyboard events cleared
563.2375 	EXP 	fixation: autoDraw = False
563.2375 	EXP 	probe: autoDraw = True
563.8551 	EXP 	Device response: <KeyPress from None: t=563.8443828000018, value=x, duration=None>
563.8555 	EXP 	New trial (rep=2, index=7): <Trial 7 (7 in rep 2) data={'pos': 150, 'corr_resp': 'v', 'thisN': 7, 'thisTrialN': 7, 'thisRepN': 2}>
563.8568 	DATA 	Keypress: x
563.8709 	EXP 	fixation: autoDraw = False
563.8709 	EXP 	line1: autoDraw = False
563.8709 	EXP 	line2: autoDraw = False
563.8709 	EXP 	line3: autoDraw = False
563.8709 	EXP 	line4: autoDraw = False
563.8709 	EXP 	probe: autoDraw = False
563.9737 	EXP 	Device response: <KeyPress from None: t=563.8443828000018, value=x, duration=0.11658899999747518>
564.8550 	EXP 	fixation: autoDraw = True
564.8550 	EXP 	line1: autoDraw = True
564.8550 	EXP 	line2: autoDraw = True
564.8550 	EXP 	line3: autoDraw = True
564.8550 	EXP 	line4: autoDraw = True
565.8547 	EXP 	fixation: autoDraw = False
565.8715 	INFO 	Keyboard events cleared
565.8713 	EXP 	probe: autoDraw = True
568.3257 	DATA 	Mouse: Left button down, pos=(1184,772)
568.4896 	EXP 	Device response: <KeyPress from None: t=568.4773497999995, value=v, duration=None>
568.4900 	EXP 	New trial (rep=4, index=8): <Trial 8 (8 in rep 4) data={'pos': -50, 'corr_resp': 'x', 'thisN': 8, 'thisTrialN': 8, 'thisRepN': 4}>
568.4917 	DATA 	Keypress: v
568.4934 	DATA 	Mouse:  Left button up, pos=(1184,772)
568.5042 	EXP 	fixation: autoDraw = False
568.5042 	EXP 	line1: autoDraw = False
568.5042 	EXP 	line2: autoDraw = False
568.5042 	EXP 	line3: autoDraw = False
568.5042 	EXP 	line4: autoDraw = False
568.5042 	EXP 	probe: autoDraw = False
568.6040 	EXP 	Device response: <KeyPress from None: t=568.4773497999995, value=v, duration=0.12174699999741279>
569.4850 	EXP 	fixation: autoDraw = True
569.4850 	EXP 	line1: autoDraw = True
569.4850 	EXP 	line2: autoDraw = True
569.4850 	EXP 	line3: autoDraw = True
569.4850 	EXP 	line4: autoDraw = True
570.4884 	EXP 	fixation: autoDraw = False
570.5052 	INFO 	Keyboard events cleared
570.5050 	EXP 	probe: autoDraw = True
571.3213 	EXP 	Device response: <KeyPress from None: t=571.3090794000018, value=x, duration=None>
571.3217 	EXP 	New trial (rep=5, index=9): <Trial 9 (9 in rep 5) data={'pos': -50, 'corr_resp': 'x', 'thisN': 9, 'thisTrialN': 9, 'thisRepN': 5}>
571.3229 	DATA 	Keypress: x
571.3382 	EXP 	fixation: autoDraw = False
571.3382 	EXP 	line1: autoDraw = False
571.3382 	EXP 	line2: autoDraw = False
571.3382 	EXP 	line3: autoDraw = False
571.3382 	EXP 	line4: autoDraw = False
571.3382 	EXP 	probe: autoDraw = False
571.4385 	EXP 	Device response: <KeyPress from None: t=571.3090794000018, value=x, duration=0.11772929999278858>
572.3208 	EXP 	fixation: autoDraw = True
572.3208 	EXP 	line1: autoDraw = True
572.3208 	EXP 	line2: autoDraw = True
572.3208 	EXP 	line3: autoDraw = True
572.3208 	EXP 	line4: autoDraw = True
572.8390 	DATA 	Mouse: Right button down, pos=(1184,775)
572.8898 	DATA 	Mouse:  Right button up, pos=(1184,775)
573.3210 	INFO 	Keyboard events cleared
573.3208 	EXP 	fixation: autoDraw = False
573.3208 	EXP 	probe: autoDraw = True
573.7734 	DATA 	Keypress: x
573.7878 	EXP 	Device response: <KeyPress from None: t=573.7727194999898, value=x, duration=None>
573.7882 	EXP 	New trial (rep=0, index=10): <Trial 10 (10 in rep 0) data={'pos': -150, 'corr_resp': 'z', 'thisN': 10, 'thisTrialN': 10, 'thisRepN': 0}>
573.8048 	EXP 	fixation: autoDraw = False
573.8048 	EXP 	line1: autoDraw = False
573.8048 	EXP 	line2: autoDraw = False
573.8048 	EXP 	line3: autoDraw = False
573.8048 	EXP 	line4: autoDraw = False
573.8048 	EXP 	probe: autoDraw = False
573.9721 	EXP 	Device response: <KeyPress from None: t=573.7727194999898, value=x, duration=0.1824036000034539>
574.7874 	EXP 	fixation: autoDraw = True
574.7874 	EXP 	line1: autoDraw = True
574.7874 	EXP 	line2: autoDraw = True
574.7874 	EXP 	line3: autoDraw = True
574.7874 	EXP 	line4: autoDraw = True
575.7939 	INFO 	Keyboard events cleared
575.7938 	EXP 	fixation: autoDraw = False
575.7938 	EXP 	probe: autoDraw = True
576.7299 	EXP 	Device response: <KeyPress from None: t=576.7145082999923, value=x, duration=None>
576.7303 	EXP 	New trial (rep=3, index=11): <Trial 11 (11 in rep 3) data={'pos': 150, 'corr_resp': 'v', 'thisN': 11, 'thisTrialN': 11, 'thisRepN': 3}>
576.7315 	DATA 	Keypress: x
576.7457 	EXP 	fixation: autoDraw = False
576.7457 	EXP 	line1: autoDraw = False
576.7457 	EXP 	line2: autoDraw = False
576.7457 	EXP 	line3: autoDraw = False
576.7457 	EXP 	line4: autoDraw = False
576.7457 	EXP 	probe: autoDraw = False
576.7464 	EXP 	Device response: <KeyPress from None: t=576.7348711999948, value=z, duration=None>
576.7470 	DATA 	Keypress: z
576.9134 	EXP 	Device response: <KeyPress from None: t=561.2912738000014, value=z, duration=15.621836899998016>
576.9464 	EXP 	Device response: <KeyPress from None: t=576.7145082999923, value=x, duration=0.2159381000092253>
577.7469 	EXP 	fixation: autoDraw = True
577.7469 	EXP 	line1: autoDraw = True
577.7469 	EXP 	line2: autoDraw = True
577.7469 	EXP 	line3: autoDraw = True
577.7469 	EXP 	line4: autoDraw = True
577.7660 	DATA 	Mouse: Right button down, pos=(1219,758)
577.8135 	DATA 	Mouse:  Right button up, pos=(1219,758)
578.7460 	INFO 	Keyboard events cleared
578.7458 	EXP 	probe: autoDraw = True
578.7626 	EXP 	fixation: autoDraw = False
579.2805 	EXP 	Device response: <KeyPress from None: t=579.2798291999934, value=v, duration=None>
579.2809 	EXP 	New trial (rep=1, index=12): <Trial 12 (12 in rep 1) data={'pos': 50, 'corr_resp': 'c', 'thisN': 12, 'thisTrialN': 12, 'thisRepN': 1}>
579.2818 	DATA 	Keypress: v
579.2948 	EXP 	fixation: autoDraw = False
579.2948 	EXP 	line1: autoDraw = False
579.2948 	EXP 	line2: autoDraw = False
579.2948 	EXP 	line3: autoDraw = False
579.2948 	EXP 	line4: autoDraw = False
579.2948 	EXP 	probe: autoDraw = False
579.4975 	EXP 	Device response: <KeyPress from None: t=579.2798291999934, value=v, duration=0.2062692000035895>
580.2966 	EXP 	fixation: autoDraw = True
580.2966 	EXP 	line1: autoDraw = True
580.2966 	EXP 	line2: autoDraw = True
580.2966 	EXP 	line3: autoDraw = True
580.2966 	EXP 	line4: autoDraw = True
581.2950 	INFO 	Keyboard events cleared
581.2949 	EXP 	probe: autoDraw = True
581.3108 	EXP 	fixation: autoDraw = False
582.3630 	EXP 	Device response: <KeyPress from None: t=582.3582492999994, value=c, duration=None>
582.3633 	EXP 	New trial (rep=4, index=13): <Trial 13 (13 in rep 4) data={'pos': 150, 'corr_resp': 'v', 'thisN': 13, 'thisTrialN': 13, 'thisRepN': 4}>
582.3641 	DATA 	Keypress: c
582.3803 	EXP 	fixation: autoDraw = False
582.3803 	EXP 	line1: autoDraw = False
582.3803 	EXP 	line2: autoDraw = False
582.3803 	EXP 	line3: autoDraw = False
582.3803 	EXP 	line4: autoDraw = False
582.3803 	EXP 	probe: autoDraw = False
582.5479 	EXP 	Device response: <KeyPress from None: t=582.3582492999994, value=c, duration=0.1872947999945609>
583.3633 	EXP 	fixation: autoDraw = True
583.3633 	EXP 	line1: autoDraw = True
583.3633 	EXP 	line2: autoDraw = True
583.3633 	EXP 	line3: autoDraw = True
583.3633 	EXP 	line4: autoDraw = True
584.3794 	INFO 	Keyboard events cleared
584.3792 	EXP 	fixation: autoDraw = False
584.3792 	EXP 	probe: autoDraw = True
585.0134 	EXP 	Device response: <KeyPress from None: t=585.0130190999917, value=v, duration=None>
585.0138 	EXP 	New trial (rep=6, index=14): <Trial 14 (14 in rep 6) data={'pos': -50, 'corr_resp': 'x', 'thisN': 14, 'thisTrialN': 14, 'thisRepN': 6}>
585.0154 	DATA 	Keypress: v
585.0293 	EXP 	fixation: autoDraw = False
585.0293 	EXP 	line1: autoDraw = False
585.0293 	EXP 	line2: autoDraw = False
585.0293 	EXP 	line3: autoDraw = False
585.0293 	EXP 	line4: autoDraw = False
585.0293 	EXP 	probe: autoDraw = False
585.1970 	EXP 	Device response: <KeyPress from None: t=585.0130190999917, value=v, duration=0.1679747000016505>
586.0137 	EXP 	fixation: autoDraw = True
586.0137 	EXP 	line1: autoDraw = True
586.0137 	EXP 	line2: autoDraw = True
586.0137 	EXP 	line3: autoDraw = True
586.0137 	EXP 	line4: autoDraw = True
587.0292 	INFO 	Keyboard events cleared
587.0290 	EXP 	fixation: autoDraw = False
587.0290 	EXP 	probe: autoDraw = True
587.5300 	EXP 	Device response: <KeyPress from None: t=587.5267560999928, value=x, duration=None>
587.5304 	EXP 	New trial (rep=5, index=15): <Trial 15 (15 in rep 5) data={'pos': 150, 'corr_resp': 'v', 'thisN': 15, 'thisTrialN': 15, 'thisRepN': 5}>
587.5314 	DATA 	Keypress: x
587.5464 	EXP 	fixation: autoDraw = False
587.5464 	EXP 	line1: autoDraw = False
587.5464 	EXP 	line2: autoDraw = False
587.5464 	EXP 	line3: autoDraw = False
587.5464 	EXP 	line4: autoDraw = False
587.5464 	EXP 	probe: autoDraw = False
587.7782 	EXP 	Device response: <KeyPress from None: t=587.5267560999928, value=x, duration=0.23677840000891592>
588.5473 	EXP 	fixation: autoDraw = True
588.5473 	EXP 	line1: autoDraw = True
588.5473 	EXP 	line2: autoDraw = True
588.5473 	EXP 	line3: autoDraw = True
588.5473 	EXP 	line4: autoDraw = True
589.5458 	INFO 	Keyboard events cleared
589.5456 	EXP 	probe: autoDraw = True
589.5625 	EXP 	fixation: autoDraw = False
590.2463 	EXP 	Device response: <KeyPress from None: t=590.2422680000018, value=v, duration=None>
590.2467 	EXP 	New trial (rep=6, index=16): <Trial 16 (16 in rep 6) data={'pos': 150, 'corr_resp': 'v', 'thisN': 16, 'thisTrialN': 16, 'thisRepN': 6}>
590.2479 	DATA 	Keypress: v
590.2623 	EXP 	fixation: autoDraw = False
590.2623 	EXP 	line1: autoDraw = False
590.2623 	EXP 	line2: autoDraw = False
590.2623 	EXP 	line3: autoDraw = False
590.2623 	EXP 	line4: autoDraw = False
590.2623 	EXP 	probe: autoDraw = False
590.4627 	EXP 	Device response: <KeyPress from None: t=590.2422680000018, value=v, duration=0.2134718999877805>
591.2625 	EXP 	fixation: autoDraw = True
591.2625 	EXP 	line1: autoDraw = True
591.2625 	EXP 	line2: autoDraw = True
591.2625 	EXP 	line3: autoDraw = True
591.2625 	EXP 	line4: autoDraw = True
592.2605 	INFO 	Keyboard events cleared
592.2604 	EXP 	probe: autoDraw = True
592.2779 	EXP 	fixation: autoDraw = False
592.7789 	EXP 	Device response: <KeyPress from None: t=592.7707763999933, value=v, duration=None>
592.7791 	EXP 	New trial (rep=7, index=17): <Trial 17 (17 in rep 7) data={'pos': -50, 'corr_resp': 'x', 'thisN': 17, 'thisTrialN': 17, 'thisRepN': 7}>
592.7799 	DATA 	Keypress: v
592.7960 	EXP 	fixation: autoDraw = False
592.7960 	EXP 	line1: autoDraw = False
592.7960 	EXP 	line2: autoDraw = False
592.7960 	EXP 	line3: autoDraw = False
592.7960 	EXP 	line4: autoDraw = False
592.7960 	EXP 	probe: autoDraw = False
592.9607 	EXP 	Device response: <KeyPress from None: t=592.7707763999933, value=v, duration=0.18567890000122134>
593.7794 	EXP 	fixation: autoDraw = True
593.7794 	EXP 	line1: autoDraw = True
593.7794 	EXP 	line2: autoDraw = True
593.7794 	EXP 	line3: autoDraw = True
593.7794 	EXP 	line4: autoDraw = True
594.7797 	INFO 	Keyboard events cleared
594.7792 	EXP 	fixation: autoDraw = False
594.7792 	EXP 	probe: autoDraw = True
595.3322 	DATA 	Keypress: x
595.3465 	EXP 	Device response: <KeyPress from None: t=595.3315560999908, value=x, duration=None>
595.3471 	EXP 	New trial (rep=7, index=18): <Trial 18 (18 in rep 7) data={'pos': 150, 'corr_resp': 'v', 'thisN': 18, 'thisTrialN': 18, 'thisRepN': 7}>
595.3627 	EXP 	fixation: autoDraw = False
595.3627 	EXP 	line1: autoDraw = False
595.3627 	EXP 	line2: autoDraw = False
595.3627 	EXP 	line3: autoDraw = False
595.3627 	EXP 	line4: autoDraw = False
595.3627 	EXP 	probe: autoDraw = False
595.4967 	EXP 	Device response: <KeyPress from None: t=595.3315560999908, value=x, duration=0.15660750000097323>
596.3604 	EXP 	fixation: autoDraw = True
596.3604 	EXP 	line1: autoDraw = True
596.3604 	EXP 	line2: autoDraw = True
596.3604 	EXP 	line3: autoDraw = True
596.3604 	EXP 	line4: autoDraw = True
597.3463 	INFO 	Keyboard events cleared
597.3460 	EXP 	probe: autoDraw = True
597.3632 	EXP 	fixation: autoDraw = False
597.9131 	EXP 	Device response: <KeyPress from None: t=597.8984015000024, value=v, duration=None>
597.9135 	EXP 	New trial (rep=8, index=19): <Trial 19 (19 in rep 8) data={'pos': 150, 'corr_resp': 'v', 'thisN': 19, 'thisTrialN': 19, 'thisRepN': 8}>
597.9148 	DATA 	Keypress: v
597.9290 	EXP 	fixation: autoDraw = False
597.9290 	EXP 	line1: autoDraw = False
597.9290 	EXP 	line2: autoDraw = False
597.9290 	EXP 	line3: autoDraw = False
597.9290 	EXP 	line4: autoDraw = False
597.9290 	EXP 	probe: autoDraw = False
598.0802 	EXP 	Device response: <KeyPress from None: t=597.8984015000024, value=v, duration=0.18116839999856893>
598.9282 	EXP 	fixation: autoDraw = True
598.9282 	EXP 	line1: autoDraw = True
598.9282 	EXP 	line2: autoDraw = True
598.9282 	EXP 	line3: autoDraw = True
598.9282 	EXP 	line4: autoDraw = True
599.9126 	INFO 	Keyboard events cleared
599.9124 	EXP 	probe: autoDraw = True
599.9301 	EXP 	fixation: autoDraw = False
600.6142 	DATA 	Keypress: v
600.6317 	EXP 	Device response: <KeyPress from None: t=600.613142000002, value=v, duration=None>
600.6321 	EXP 	New trial (rep=8, index=20): <Trial 20 (20 in rep 8) data={'pos': -50, 'corr_resp': 'x', 'thisN': 20, 'thisTrialN': 20, 'thisRepN': 8}>
600.6464 	EXP 	fixation: autoDraw = False
600.6464 	EXP 	line1: autoDraw = False
600.6464 	EXP 	line2: autoDraw = False
600.6464 	EXP 	line3: autoDraw = False
600.6464 	EXP 	line4: autoDraw = False
600.6464 	EXP 	probe: autoDraw = False
600.7966 	EXP 	Device response: <KeyPress from None: t=600.613142000002, value=v, duration=0.17779489999520592>
601.6454 	EXP 	fixation: autoDraw = True
601.6454 	EXP 	line1: autoDraw = True
601.6454 	EXP 	line2: autoDraw = True
601.6454 	EXP 	line3: autoDraw = True
601.6454 	EXP 	line4: autoDraw = True
602.6455 	INFO 	Keyboard events cleared
602.6453 	EXP 	fixation: autoDraw = False
602.6453 	EXP 	probe: autoDraw = True
603.2632 	EXP 	Device response: <KeyPress from None: t=603.2582464000006, value=x, duration=None>
603.2638 	EXP 	New trial (rep=9, index=21): <Trial 21 (21 in rep 9) data={'pos': -50, 'corr_resp': 'x', 'thisN': 21, 'thisTrialN': 21, 'thisRepN': 9}>
603.2650 	DATA 	Keypress: x
603.2784 	EXP 	fixation: autoDraw = False
603.2784 	EXP 	line1: autoDraw = False
603.2784 	EXP 	line2: autoDraw = False
603.2784 	EXP 	line3: autoDraw = False
603.2784 	EXP 	line4: autoDraw = False
603.2784 	EXP 	probe: autoDraw = False
603.2791 	EXP 	Device response: <KeyPress from None: t=603.270431500001, value=c, duration=None>
603.2804 	DATA 	Keypress: c
603.3964 	EXP 	Device response: <KeyPress from None: t=603.270431500001, value=c, duration=0.12127239999244921>
604.2627 	EXP 	fixation: autoDraw = True
604.2627 	EXP 	line1: autoDraw = True
604.2627 	EXP 	line2: autoDraw = True
604.2627 	EXP 	line3: autoDraw = True
604.2627 	EXP 	line4: autoDraw = True
604.6973 	EXP 	Device response: <KeyPress from None: t=603.2582464000006, value=x, duration=1.4369069999956992>
605.2632 	EXP 	fixation: autoDraw = False
605.2799 	INFO 	Keyboard events cleared
605.2797 	EXP 	probe: autoDraw = True
606.2110 	EXP 	Device response: <KeyPress from None: t=606.1976051999955, value=x, duration=None>
606.2113 	EXP 	New trial (rep=10, index=22): <Trial 22 (22 in rep 10) data={'pos': -50, 'corr_resp': 'x', 'thisN': 22, 'thisTrialN': 22, 'thisRepN': 10}>
606.2123 	DATA 	Keypress: x
606.2269 	EXP 	fixation: autoDraw = False
606.2269 	EXP 	line1: autoDraw = False
606.2269 	EXP 	line2: autoDraw = False
606.2269 	EXP 	line3: autoDraw = False
606.2269 	EXP 	line4: autoDraw = False
606.2269 	EXP 	probe: autoDraw = False
606.4464 	EXP 	Device response: <KeyPress from None: t=606.1976051999955, value=x, duration=0.23299869999755174>
607.2126 	EXP 	fixation: autoDraw = True
607.2126 	EXP 	line1: autoDraw = True
607.2126 	EXP 	line2: autoDraw = True
607.2126 	EXP 	line3: autoDraw = True
607.2126 	EXP 	line4: autoDraw = True
608.2169 	INFO 	Keyboard events cleared
608.2166 	EXP 	fixation: autoDraw = False
608.2166 	EXP 	probe: autoDraw = True
609.3196 	DATA 	Keypress: x
609.3314 	EXP 	Device response: <KeyPress from None: t=609.3189058999997, value=x, duration=None>
609.3321 	EXP 	New trial (rep=1, index=23): <Trial 23 (23 in rep 1) data={'pos': -150, 'corr_resp': 'z', 'thisN': 23, 'thisTrialN': 23, 'thisRepN': 1}>
609.3471 	EXP 	fixation: autoDraw = False
609.3471 	EXP 	line1: autoDraw = False
609.3471 	EXP 	line2: autoDraw = False
609.3471 	EXP 	line3: autoDraw = False
609.3471 	EXP 	line4: autoDraw = False
609.3471 	EXP 	probe: autoDraw = False
609.4689 	EXP 	Device response: <KeyPress from None: t=609.3189058999997, value=x, duration=0.13913689999026246>
610.3438 	EXP 	fixation: autoDraw = True
610.3438 	EXP 	line1: autoDraw = True
610.3438 	EXP 	line2: autoDraw = True
610.3438 	EXP 	line3: autoDraw = True
610.3438 	EXP 	line4: autoDraw = True
611.3267 	INFO 	Keyboard events cleared
611.3266 	EXP 	probe: autoDraw = True
611.3355 	EXP 	fixation: autoDraw = False
612.5644 	DATA 	Keypress: z
612.5789 	EXP 	Device response: <KeyPress from None: t=612.5637301999959, value=z, duration=None>
612.5794 	EXP 	New trial (rep=11, index=24): <Trial 24 (24 in rep 11) data={'pos': -50, 'corr_resp': 'x', 'thisN': 24, 'thisTrialN': 24, 'thisRepN': 11}>
612.5950 	EXP 	fixation: autoDraw = False
612.5950 	EXP 	line1: autoDraw = False
612.5950 	EXP 	line2: autoDraw = False
612.5950 	EXP 	line3: autoDraw = False
612.5950 	EXP 	line4: autoDraw = False
612.5950 	EXP 	probe: autoDraw = False
612.6972 	EXP 	Device response: <KeyPress from None: t=576.7348711999948, value=z, duration=35.947440100004314>
613.5800 	EXP 	fixation: autoDraw = True
613.5800 	EXP 	line1: autoDraw = True
613.5800 	EXP 	line2: autoDraw = True
613.5800 	EXP 	line3: autoDraw = True
613.5800 	EXP 	line4: autoDraw = True
614.5778 	INFO 	Keyboard events cleared
614.5777 	EXP 	probe: autoDraw = True
614.5958 	EXP 	fixation: autoDraw = False
615.3660 	DATA 	Keypress: x
615.3801 	EXP 	Device response: <KeyPress from None: t=615.3649570999987, value=x, duration=None>
615.3806 	EXP 	New trial (rep=2, index=25): <Trial 25 (25 in rep 2) data={'pos': 50, 'corr_resp': 'c', 'thisN': 25, 'thisTrialN': 25, 'thisRepN': 2}>
615.3958 	EXP 	fixation: autoDraw = False
615.3958 	EXP 	line1: autoDraw = False
615.3958 	EXP 	line2: autoDraw = False
615.3958 	EXP 	line3: autoDraw = False
615.3958 	EXP 	line4: autoDraw = False
615.3958 	EXP 	probe: autoDraw = False
615.4959 	EXP 	Device response: <KeyPress from None: t=615.3649570999987, value=x, duration=0.11957049999909941>
616.3964 	EXP 	fixation: autoDraw = True
616.3964 	EXP 	line1: autoDraw = True
616.3964 	EXP 	line2: autoDraw = True
616.3964 	EXP 	line3: autoDraw = True
616.3964 	EXP 	line4: autoDraw = True
617.3955 	INFO 	Keyboard events cleared
617.3953 	EXP 	fixation: autoDraw = False
617.3953 	EXP 	probe: autoDraw = True
617.9977 	EXP 	Device response: <KeyPress from None: t=617.9917139999889, value=c, duration=None>
617.9981 	EXP 	New trial (rep=2, index=26): <Trial 26 (26 in rep 2) data={'pos': -150, 'corr_resp': 'z', 'thisN': 26, 'thisTrialN': 26, 'thisRepN': 2}>
617.9995 	DATA 	Keypress: c
618.0137 	EXP 	fixation: autoDraw = False
618.0137 	EXP 	line1: autoDraw = False
618.0137 	EXP 	line2: autoDraw = False
618.0137 	EXP 	line3: autoDraw = False
618.0137 	EXP 	line4: autoDraw = False
618.0137 	EXP 	probe: autoDraw = False
618.2485 	EXP 	Device response: <KeyPress from None: t=617.9917139999889, value=c, duration=0.2538355000142474>
619.0121 	EXP 	fixation: autoDraw = True
619.0121 	EXP 	line1: autoDraw = True
619.0121 	EXP 	line2: autoDraw = True
619.0121 	EXP 	line3: autoDraw = True
619.0121 	EXP 	line4: autoDraw = True
620.0127 	INFO 	Keyboard events cleared
620.0125 	EXP 	fixation: autoDraw = False
620.0125 	EXP 	probe: autoDraw = True
620.8796 	EXP 	Device response: <KeyPress from None: t=620.8713490999944, value=c, duration=None>
620.8800 	EXP 	New trial (rep=3, index=27): <Trial 27 (27 in rep 3) data={'pos': 50, 'corr_resp': 'c', 'thisN': 27, 'thisTrialN': 27, 'thisRepN': 3}>
620.8813 	DATA 	Keypress: c
620.8955 	EXP 	fixation: autoDraw = False
620.8955 	EXP 	line1: autoDraw = False
620.8955 	EXP 	line2: autoDraw = False
620.8955 	EXP 	line3: autoDraw = False
620.8955 	EXP 	line4: autoDraw = False
620.8955 	EXP 	probe: autoDraw = False
621.0479 	EXP 	Device response: <KeyPress from None: t=620.8713490999944, value=c, duration=0.17337350000161678>
621.8787 	EXP 	fixation: autoDraw = True
621.8787 	EXP 	line1: autoDraw = True
621.8787 	EXP 	line2: autoDraw = True
621.8787 	EXP 	line3: autoDraw = True
621.8787 	EXP 	line4: autoDraw = True
622.8815 	INFO 	Keyboard events cleared
622.8814 	EXP 	fixation: autoDraw = False
622.8814 	EXP 	probe: autoDraw = True
623.5980 	DATA 	Keypress: c
623.6137 	EXP 	Device response: <KeyPress from None: t=623.597030399993, value=c, duration=None>
623.6142 	EXP 	New trial (rep=4, index=28): <Trial 28 (28 in rep 4) data={'pos': 50, 'corr_resp': 'c', 'thisN': 28, 'thisTrialN': 28, 'thisRepN': 4}>
623.6292 	EXP 	fixation: autoDraw = False
623.6292 	EXP 	line1: autoDraw = False
623.6292 	EXP 	line2: autoDraw = False
623.6292 	EXP 	line3: autoDraw = False
623.6292 	EXP 	line4: autoDraw = False
623.6292 	EXP 	probe: autoDraw = False
623.8475 	EXP 	Device response: <KeyPress from None: t=623.597030399993, value=c, duration=0.238820400001714>
624.6305 	EXP 	fixation: autoDraw = True
624.6305 	EXP 	line1: autoDraw = True
624.6305 	EXP 	line2: autoDraw = True
624.6305 	EXP 	line3: autoDraw = True
624.6305 	EXP 	line4: autoDraw = True
625.6265 	INFO 	Keyboard events cleared
625.6264 	EXP 	probe: autoDraw = True
625.6454 	EXP 	fixation: autoDraw = False
626.1312 	EXP 	Device response: <KeyPress from None: t=626.122077699998, value=c, duration=None>
626.1317 	EXP 	New trial (rep=5, index=29): <Trial 29 (29 in rep 5) data={'pos': 50, 'corr_resp': 'c', 'thisN': 29, 'thisTrialN': 29, 'thisRepN': 5}>
626.1327 	DATA 	Keypress: c
626.1446 	EXP 	fixation: autoDraw = False
626.1446 	EXP 	line1: autoDraw = False
626.1446 	EXP 	line2: autoDraw = False
626.1446 	EXP 	line3: autoDraw = False
626.1446 	EXP 	line4: autoDraw = False
626.1446 	EXP 	probe: autoDraw = False
626.3320 	EXP 	Device response: <KeyPress from None: t=626.122077699998, value=c, duration=0.19776500000443775>
627.1447 	EXP 	fixation: autoDraw = True
627.1447 	EXP 	line1: autoDraw = True
627.1447 	EXP 	line2: autoDraw = True
627.1447 	EXP 	line3: autoDraw = True
627.1447 	EXP 	line4: autoDraw = True
628.1466 	INFO 	Keyboard events cleared
628.1464 	EXP 	fixation: autoDraw = False
628.1464 	EXP 	probe: autoDraw = True
628.6634 	EXP 	Device response: <KeyPress from None: t=628.6500349999988, value=c, duration=None>
628.6638 	EXP 	New trial (rep=12, index=30): <Trial 30 (30 in rep 12) data={'pos': -50, 'corr_resp': 'x', 'thisN': 30, 'thisTrialN': 30, 'thisRepN': 12}>
628.6650 	DATA 	Keypress: c
628.6798 	EXP 	fixation: autoDraw = False
628.6798 	EXP 	line1: autoDraw = False
628.6798 	EXP 	line2: autoDraw = False
628.6798 	EXP 	line3: autoDraw = False
628.6798 	EXP 	line4: autoDraw = False
628.6798 	EXP 	probe: autoDraw = False
628.7810 	EXP 	Device response: <KeyPress from None: t=628.6500349999988, value=c, duration=0.12868670000170823>
629.6621 	EXP 	fixation: autoDraw = True
629.6621 	EXP 	line1: autoDraw = True
629.6621 	EXP 	line2: autoDraw = True
629.6621 	EXP 	line3: autoDraw = True
629.6621 	EXP 	line4: autoDraw = True
630.6601 	EXP 	fixation: autoDraw = False
630.6781 	INFO 	Keyboard events cleared
630.6780 	EXP 	probe: autoDraw = True
631.0814 	DATA 	Keypress: x
631.0977 	EXP 	Device response: <KeyPress from None: t=631.0796498999989, value=x, duration=None>
631.0981 	EXP 	New trial (rep=9, index=31): <Trial 31 (31 in rep 9) data={'pos': 150, 'corr_resp': 'v', 'thisN': 31, 'thisTrialN': 31, 'thisRepN': 9}>
631.1128 	EXP 	fixation: autoDraw = False
631.1128 	EXP 	line1: autoDraw = False
631.1128 	EXP 	line2: autoDraw = False
631.1128 	EXP 	line3: autoDraw = False
631.1128 	EXP 	line4: autoDraw = False
631.1128 	EXP 	probe: autoDraw = False
631.2468 	EXP 	Device response: <KeyPress from None: t=631.0796498999989, value=x, duration=0.15622439999424387>
632.0957 	EXP 	fixation: autoDraw = True
632.0957 	EXP 	line1: autoDraw = True
632.0957 	EXP 	line2: autoDraw = True
632.0957 	EXP 	line3: autoDraw = True
632.0957 	EXP 	line4: autoDraw = True
633.0963 	EXP 	fixation: autoDraw = False
633.1132 	INFO 	Keyboard events cleared
633.1127 	EXP 	probe: autoDraw = True
633.7155 	DATA 	Mouse: Left button down, pos=(1229,769)
633.7820 	DATA 	Mouse:  Left button up, pos=(1229,769)
633.9286 	EXP 	Device response: <KeyPress from None: t=633.9239990999922, value=v, duration=None>
633.9289 	EXP 	New trial (rep=3, index=32): <Trial 32 (32 in rep 3) data={'pos': -150, 'corr_resp': 'z', 'thisN': 32, 'thisTrialN': 32, 'thisRepN': 3}>
633.9297 	DATA 	Keypress: v
633.9448 	EXP 	fixation: autoDraw = False
633.9448 	EXP 	line1: autoDraw = False
633.9448 	EXP 	line2: autoDraw = False
633.9448 	EXP 	line3: autoDraw = False
633.9448 	EXP 	line4: autoDraw = False
633.9448 	EXP 	probe: autoDraw = False
634.1465 	EXP 	Device response: <KeyPress from None: t=633.9239990999922, value=v, duration=0.21402290000696667>
634.9283 	EXP 	fixation: autoDraw = True
634.9283 	EXP 	line1: autoDraw = True
634.9283 	EXP 	line2: autoDraw = True
634.9283 	EXP 	line3: autoDraw = True
634.9283 	EXP 	line4: autoDraw = True
635.9296 	INFO 	Keyboard events cleared
635.9293 	EXP 	fixation: autoDraw = False
635.9293 	EXP 	probe: autoDraw = True
636.3948 	EXP 	Device response: <KeyPress from None: t=636.3840931000013, value=z, duration=None>
636.3952 	EXP 	New trial (rep=13, index=33): <Trial 33 (33 in rep 13) data={'pos': -50, 'corr_resp': 'x', 'thisN': 33, 'thisTrialN': 33, 'thisRepN': 13}>
636.3964 	DATA 	Keypress: z
636.4127 	EXP 	fixation: autoDraw = False
636.4127 	EXP 	line1: autoDraw = False
636.4127 	EXP 	line2: autoDraw = False
636.4127 	EXP 	line3: autoDraw = False
636.4127 	EXP 	line4: autoDraw = False
636.4127 	EXP 	probe: autoDraw = False
636.5976 	EXP 	Device response: <KeyPress from None: t=612.5637301999959, value=z, duration=24.016887599995243>
637.3965 	EXP 	fixation: autoDraw = True
637.3965 	EXP 	line1: autoDraw = True
637.3965 	EXP 	line2: autoDraw = True
637.3965 	EXP 	line3: autoDraw = True
637.3965 	EXP 	line4: autoDraw = True
638.3953 	INFO 	Keyboard events cleared
638.3952 	EXP 	probe: autoDraw = True
638.4121 	EXP 	fixation: autoDraw = False
639.0467 	EXP 	Device response: <KeyPress from None: t=639.0329241, value=x, duration=None>
639.0471 	EXP 	New trial (rep=10, index=34): <Trial 34 (34 in rep 10) data={'pos': 150, 'corr_resp': 'v', 'thisN': 34, 'thisTrialN': 34, 'thisRepN': 10}>
639.0483 	DATA 	Keypress: x
639.0625 	EXP 	fixation: autoDraw = False
639.0625 	EXP 	line1: autoDraw = False
639.0625 	EXP 	line2: autoDraw = False
639.0625 	EXP 	line3: autoDraw = False
639.0625 	EXP 	line4: autoDraw = False
639.0625 	EXP 	probe: autoDraw = False
639.2131 	EXP 	Device response: <KeyPress from None: t=639.0329241, value=x, duration=0.17649719999462832>
640.0624 	EXP 	fixation: autoDraw = True
640.0624 	EXP 	line1: autoDraw = True
640.0624 	EXP 	line2: autoDraw = True
640.0624 	EXP 	line3: autoDraw = True
640.0624 	EXP 	line4: autoDraw = True
641.0617 	INFO 	Keyboard events cleared
641.0615 	EXP 	probe: autoDraw = True
641.0781 	EXP 	fixation: autoDraw = False
641.5661 	DATA 	Mouse: Left button down, pos=(1229,769)
641.6468 	DATA 	Mouse:  Left button up, pos=(1229,769)
641.7970 	EXP 	Device response: <KeyPress from None: t=641.7814804999944, value=v, duration=None>
641.7973 	EXP 	New trial (rep=6, index=35): <Trial 35 (35 in rep 6) data={'pos': 50, 'corr_resp': 'c', 'thisN': 35, 'thisTrialN': 35, 'thisRepN': 6}>
641.7986 	DATA 	Keypress: v
641.8116 	EXP 	fixation: autoDraw = False
641.8116 	EXP 	line1: autoDraw = False
641.8116 	EXP 	line2: autoDraw = False
641.8116 	EXP 	line3: autoDraw = False
641.8116 	EXP 	line4: autoDraw = False
641.8116 	EXP 	probe: autoDraw = False
641.9967 	EXP 	Device response: <KeyPress from None: t=641.7814804999944, value=v, duration=0.21296869999787305>
642.8114 	EXP 	fixation: autoDraw = True
642.8114 	EXP 	line1: autoDraw = True
642.8114 	EXP 	line2: autoDraw = True
642.8114 	EXP 	line3: autoDraw = True
642.8114 	EXP 	line4: autoDraw = True
643.8130 	INFO 	Keyboard events cleared
643.8128 	EXP 	fixation: autoDraw = False
643.8128 	EXP 	probe: autoDraw = True
644.3628 	EXP 	Device response: <KeyPress from None: t=644.3524869999965, value=c, duration=None>
644.3632 	EXP 	New trial (rep=14, index=36): <Trial 36 (36 in rep 14) data={'pos': -50, 'corr_resp': 'x', 'thisN': 36, 'thisTrialN': 36, 'thisRepN': 14}>
644.3645 	DATA 	Keypress: c
644.3794 	EXP 	fixation: autoDraw = False
644.3794 	EXP 	line1: autoDraw = False
644.3794 	EXP 	line2: autoDraw = False
644.3794 	EXP 	line3: autoDraw = False
644.3794 	EXP 	line4: autoDraw = False
644.3794 	EXP 	probe: autoDraw = False
644.5808 	EXP 	Device response: <KeyPress from None: t=644.3524869999965, value=c, duration=0.2147636000008788>
645.3784 	EXP 	fixation: autoDraw = True
645.3784 	EXP 	line1: autoDraw = True
645.3784 	EXP 	line2: autoDraw = True
645.3784 	EXP 	line3: autoDraw = True
645.3784 	EXP 	line4: autoDraw = True
646.3795 	INFO 	Keyboard events cleared
646.3793 	EXP 	probe: autoDraw = True
646.3958 	EXP 	fixation: autoDraw = False
646.8959 	EXP 	Device response: <KeyPress from None: t=646.8816751999984, value=x, duration=None>
646.8962 	EXP 	New trial (rep=15, index=37): <Trial 37 (37 in rep 15) data={'pos': -50, 'corr_resp': 'x', 'thisN': 37, 'thisTrialN': 37, 'thisRepN': 15}>
646.8971 	DATA 	Keypress: x
646.9119 	EXP 	fixation: autoDraw = False
646.9119 	EXP 	line1: autoDraw = False
646.9119 	EXP 	line2: autoDraw = False
646.9119 	EXP 	line3: autoDraw = False
646.9119 	EXP 	line4: autoDraw = False
646.9119 	EXP 	probe: autoDraw = False
647.0128 	EXP 	Device response: <KeyPress from None: t=646.8816751999984, value=x, duration=0.12987469999643508>
647.9103 	EXP 	fixation: autoDraw = True
647.9103 	EXP 	line1: autoDraw = True
647.9103 	EXP 	line2: autoDraw = True
647.9103 	EXP 	line3: autoDraw = True
647.9103 	EXP 	line4: autoDraw = True
648.8956 	INFO 	Keyboard events cleared
648.8954 	EXP 	probe: autoDraw = True
648.9116 	EXP 	fixation: autoDraw = False
649.6621 	EXP 	Device response: <KeyPress from None: t=649.6554805999913, value=x, duration=None>
649.6624 	EXP 	New trial (rep=7, index=38): <Trial 38 (38 in rep 7) data={'pos': 50, 'corr_resp': 'c', 'thisN': 38, 'thisTrialN': 38, 'thisRepN': 7}>
649.6633 	DATA 	Keypress: x
649.6796 	EXP 	fixation: autoDraw = False
649.6796 	EXP 	line1: autoDraw = False
649.6796 	EXP 	line2: autoDraw = False
649.6796 	EXP 	line3: autoDraw = False
649.6796 	EXP 	line4: autoDraw = False
649.6796 	EXP 	probe: autoDraw = False
649.8632 	EXP 	Device response: <KeyPress from None: t=649.6554805999913, value=x, duration=0.20161170000210404>
650.6618 	EXP 	fixation: autoDraw = True
650.6618 	EXP 	line1: autoDraw = True
650.6618 	EXP 	line2: autoDraw = True
650.6618 	EXP 	line3: autoDraw = True
650.6618 	EXP 	line4: autoDraw = True
651.6621 	INFO 	Keyboard events cleared
651.6619 	EXP 	fixation: autoDraw = False
651.6619 	EXP 	probe: autoDraw = True
652.2466 	EXP 	Device response: <KeyPress from None: t=652.2376866999984, value=c, duration=None>
652.2470 	EXP 	New trial (rep=11, index=39): <Trial 39 (39 in rep 11) data={'pos': 150, 'corr_resp': 'v', 'thisN': 39, 'thisTrialN': 39, 'thisRepN': 11}>
652.2483 	DATA 	Keypress: c
652.2621 	EXP 	fixation: autoDraw = False
652.2621 	EXP 	line1: autoDraw = False
652.2621 	EXP 	line2: autoDraw = False
652.2621 	EXP 	line3: autoDraw = False
652.2621 	EXP 	line4: autoDraw = False
652.2621 	EXP 	probe: autoDraw = False
652.4299 	EXP 	Device response: <KeyPress from None: t=652.2376866999984, value=c, duration=0.17843099999299739>
653.2603 	EXP 	fixation: autoDraw = True
653.2603 	EXP 	line1: autoDraw = True
653.2603 	EXP 	line2: autoDraw = True
653.2603 	EXP 	line3: autoDraw = True
653.2603 	EXP 	line4: autoDraw = True
654.2625 	INFO 	Keyboard events cleared
654.2623 	EXP 	fixation: autoDraw = False
654.2623 	EXP 	probe: autoDraw = True
655.6292 	EXP 	Device response: <KeyPress from None: t=655.6197590999946, value=c, duration=None>
655.6296 	EXP 	New trial (rep=16, index=40): <Trial 40 (40 in rep 16) data={'pos': -50, 'corr_resp': 'x', 'thisN': 40, 'thisTrialN': 40, 'thisRepN': 16}>
655.6308 	DATA 	Keypress: c
655.6460 	EXP 	fixation: autoDraw = False
655.6460 	EXP 	line1: autoDraw = False
655.6460 	EXP 	line2: autoDraw = False
655.6460 	EXP 	line3: autoDraw = False
655.6460 	EXP 	line4: autoDraw = False
655.6460 	EXP 	probe: autoDraw = False
655.8296 	EXP 	Device response: <KeyPress from None: t=655.6197590999946, value=c, duration=0.20141530000546481>
656.6281 	EXP 	fixation: autoDraw = True
656.6281 	EXP 	line1: autoDraw = True
656.6281 	EXP 	line2: autoDraw = True
656.6281 	EXP 	line3: autoDraw = True
656.6281 	EXP 	line4: autoDraw = True
657.6455 	INFO 	Keyboard events cleared
657.6451 	EXP 	fixation: autoDraw = False
657.6451 	EXP 	probe: autoDraw = True
658.3809 	EXP 	Device response: <KeyPress from None: t=658.3782953999907, value=x, duration=None>
658.3813 	EXP 	New trial (rep=8, index=41): <Trial 41 (41 in rep 8) data={'pos': 50, 'corr_resp': 'c', 'thisN': 41, 'thisTrialN': 41, 'thisRepN': 8}>
658.3828 	DATA 	Keypress: x
658.3955 	EXP 	fixation: autoDraw = False
658.3955 	EXP 	line1: autoDraw = False
658.3955 	EXP 	line2: autoDraw = False
658.3955 	EXP 	line3: autoDraw = False
658.3955 	EXP 	line4: autoDraw = False
658.3955 	EXP 	probe: autoDraw = False
658.6459 	EXP 	Device response: <KeyPress from None: t=658.3782953999907, value=x, duration=0.25185650000639725>
659.3934 	EXP 	fixation: autoDraw = True
659.3934 	EXP 	line1: autoDraw = True
659.3934 	EXP 	line2: autoDraw = True
659.3934 	EXP 	line3: autoDraw = True
659.3934 	EXP 	line4: autoDraw = True
660.3966 	INFO 	Keyboard events cleared
660.3964 	EXP 	fixation: autoDraw = False
660.3964 	EXP 	probe: autoDraw = True
668.8628 	EXP 	Device response: <KeyPress from None: t=668.8552236999967, value=c, duration=None>
668.8632 	EXP 	New trial (rep=12, index=42): <Trial 42 (42 in rep 12) data={'pos': 150, 'corr_resp': 'v', 'thisN': 42, 'thisTrialN': 42, 'thisRepN': 12}>
668.8646 	DATA 	Keypress: c
668.8789 	EXP 	fixation: autoDraw = False
668.8789 	EXP 	line1: autoDraw = False
668.8789 	EXP 	line2: autoDraw = False
668.8789 	EXP 	line3: autoDraw = False
668.8789 	EXP 	line4: autoDraw = False
668.8789 	EXP 	probe: autoDraw = False
669.0292 	EXP 	Device response: <KeyPress from None: t=668.8552236999967, value=c, duration=0.160397900006501>
669.8621 	EXP 	fixation: autoDraw = True
669.8621 	EXP 	line1: autoDraw = True
669.8621 	EXP 	line2: autoDraw = True
669.8621 	EXP 	line3: autoDraw = True
669.8621 	EXP 	line4: autoDraw = True
670.8607 	EXP 	fixation: autoDraw = False
670.8789 	INFO 	Keyboard events cleared
670.8787 	EXP 	probe: autoDraw = True
674.4626 	EXP 	Device response: <KeyPress from None: t=674.4563976999925, value=c, duration=None>
674.4630 	EXP 	New trial (rep=4, index=43): <Trial 43 (43 in rep 4) data={'pos': -150, 'corr_resp': 'z', 'thisN': 43, 'thisTrialN': 43, 'thisRepN': 4}>
674.4646 	DATA 	Keypress: c
674.4787 	EXP 	fixation: autoDraw = False
674.4787 	EXP 	line1: autoDraw = False
674.4787 	EXP 	line2: autoDraw = False
674.4787 	EXP 	line3: autoDraw = False
674.4787 	EXP 	line4: autoDraw = False
674.4787 	EXP 	probe: autoDraw = False
674.7456 	EXP 	Device response: <KeyPress from None: t=674.4563976999925, value=c, duration=0.28240130000631325>
675.4617 	EXP 	fixation: autoDraw = True
675.4617 	EXP 	line1: autoDraw = True
675.4617 	EXP 	line2: autoDraw = True
675.4617 	EXP 	line3: autoDraw = True
675.4617 	EXP 	line4: autoDraw = True
676.4616 	INFO 	Keyboard events cleared
676.4613 	EXP 	fixation: autoDraw = False
676.4613 	EXP 	probe: autoDraw = True
676.6639 	DATA 	Mouse: Left button down, pos=(1229,769)
676.7647 	DATA 	Mouse:  Left button up, pos=(1229,769)
676.8126 	DATA 	Mouse: Left button down, pos=(1229,769)
676.9966 	DATA 	Mouse:  Left button up, pos=(1229,769)
677.1937 	EXP 	Device response: <KeyPress from None: t=677.1848754999955, value=z, duration=None>
677.1941 	EXP 	New trial (rep=13, index=44): <Trial 44 (44 in rep 13) data={'pos': 150, 'corr_resp': 'v', 'thisN': 44, 'thisTrialN': 44, 'thisRepN': 13}>
677.1953 	DATA 	Keypress: z
677.2099 	EXP 	fixation: autoDraw = False
677.2099 	EXP 	line1: autoDraw = False
677.2099 	EXP 	line2: autoDraw = False
677.2099 	EXP 	line3: autoDraw = False
677.2099 	EXP 	line4: autoDraw = False
677.2099 	EXP 	probe: autoDraw = False
677.3451 	EXP 	Device response: <KeyPress from None: t=636.3840931000013, value=z, duration=40.9463085999887>
678.1951 	EXP 	fixation: autoDraw = True
678.1951 	EXP 	line1: autoDraw = True
678.1951 	EXP 	line2: autoDraw = True
678.1951 	EXP 	line3: autoDraw = True
678.1951 	EXP 	line4: autoDraw = True
679.1954 	INFO 	Keyboard events cleared
679.1952 	EXP 	fixation: autoDraw = False
679.1952 	EXP 	probe: autoDraw = True
679.7629 	EXP 	Device response: <KeyPress from None: t=679.7621014999895, value=v, duration=None>
679.7633 	EXP 	New trial (rep=17, index=45): <Trial 45 (45 in rep 17) data={'pos': -50, 'corr_resp': 'x', 'thisN': 45, 'thisTrialN': 45, 'thisRepN': 17}>
679.7645 	DATA 	Keypress: v
679.7783 	EXP 	fixation: autoDraw = False
679.7783 	EXP 	line1: autoDraw = False
679.7783 	EXP 	line2: autoDraw = False
679.7783 	EXP 	line3: autoDraw = False
679.7783 	EXP 	line4: autoDraw = False
679.7783 	EXP 	probe: autoDraw = False
679.9619 	EXP 	Device response: <KeyPress from None: t=679.7621014999895, value=v, duration=0.1923568000056548>
680.7786 	EXP 	fixation: autoDraw = True
680.7786 	EXP 	line1: autoDraw = True
680.7786 	EXP 	line2: autoDraw = True
680.7786 	EXP 	line3: autoDraw = True
680.7786 	EXP 	line4: autoDraw = True
681.7791 	INFO 	Keyboard events cleared
681.7789 	EXP 	fixation: autoDraw = False
681.7789 	EXP 	probe: autoDraw = True
682.3455 	EXP 	Device response: <KeyPress from None: t=682.3359716999985, value=x, duration=None>
682.3459 	EXP 	New trial (rep=5, index=46): <Trial 46 (46 in rep 5) data={'pos': -150, 'corr_resp': 'z', 'thisN': 46, 'thisTrialN': 46, 'thisRepN': 5}>
682.3470 	DATA 	Keypress: x
682.3602 	EXP 	fixation: autoDraw = False
682.3602 	EXP 	line1: autoDraw = False
682.3602 	EXP 	line2: autoDraw = False
682.3602 	EXP 	line3: autoDraw = False
682.3602 	EXP 	line4: autoDraw = False
682.3602 	EXP 	probe: autoDraw = False
682.6288 	EXP 	Device response: <KeyPress from None: t=682.3359716999985, value=x, duration=0.28062109999882523>
683.3451 	EXP 	fixation: autoDraw = True
683.3451 	EXP 	line1: autoDraw = True
683.3451 	EXP 	line2: autoDraw = True
683.3451 	EXP 	line3: autoDraw = True
683.3451 	EXP 	line4: autoDraw = True
683.8653 	DATA 	Mouse: Left button down, pos=(1229,769)
683.9318 	DATA 	Mouse:  Left button up, pos=(1229,769)
683.9986 	DATA 	Mouse: Left button down, pos=(1229,769)
684.0657 	DATA 	Mouse:  Left button up, pos=(1229,769)
684.1140 	DATA 	Mouse: Left button down, pos=(1229,769)
684.3536 	INFO 	Keyboard events cleared
684.3535 	EXP 	fixation: autoDraw = False
684.3535 	EXP 	probe: autoDraw = True
684.3728 	DATA 	Mouse:  Left button up, pos=(1229,770)
684.6631 	DATA 	Mouse: Left button down, pos=(1229,770)
684.7969 	DATA 	Mouse:  Left button up, pos=(1229,770)
685.4786 	EXP 	Device response: <KeyPress from None: t=685.4683934999921, value=z, duration=None>
685.4790 	EXP 	New trial (rep=6, index=47): <Trial 47 (47 in rep 6) data={'pos': -150, 'corr_resp': 'z', 'thisN': 47, 'thisTrialN': 47, 'thisRepN': 6}>
685.4802 	DATA 	Keypress: z
685.4934 	EXP 	fixation: autoDraw = False
685.4934 	EXP 	line1: autoDraw = False
685.4934 	EXP 	line2: autoDraw = False
685.4934 	EXP 	line3: autoDraw = False
685.4934 	EXP 	line4: autoDraw = False
685.4934 	EXP 	probe: autoDraw = False
685.6468 	EXP 	Device response: <KeyPress from None: t=677.1848754999955, value=z, duration=8.446309899998596>
686.4792 	EXP 	fixation: autoDraw = True
686.4792 	EXP 	line1: autoDraw = True
686.4792 	EXP 	line2: autoDraw = True
686.4792 	EXP 	line3: autoDraw = True
686.4792 	EXP 	line4: autoDraw = True
687.4785 	INFO 	Keyboard events cleared
687.4783 	EXP 	fixation: autoDraw = False
687.4783 	EXP 	probe: autoDraw = True
687.8292 	EXP 	Device response: <KeyPress from None: t=687.8266319999966, value=z, duration=None>
687.8296 	EXP 	New trial (rep=7, index=48): <Trial 48 (48 in rep 7) data={'pos': -150, 'corr_resp': 'z', 'thisN': 48, 'thisTrialN': 48, 'thisRepN': 7}>
687.8306 	DATA 	Keypress: z
687.8441 	EXP 	fixation: autoDraw = False
687.8441 	EXP 	line1: autoDraw = False
687.8441 	EXP 	line2: autoDraw = False
687.8441 	EXP 	line3: autoDraw = False
687.8441 	EXP 	line4: autoDraw = False
687.8441 	EXP 	probe: autoDraw = False
687.9790 	EXP 	Device response: <KeyPress from None: t=685.4683934999921, value=z, duration=2.505917100002989>
688.8289 	EXP 	fixation: autoDraw = True
688.8289 	EXP 	line1: autoDraw = True
688.8289 	EXP 	line2: autoDraw = True
688.8289 	EXP 	line3: autoDraw = True
688.8289 	EXP 	line4: autoDraw = True
689.8283 	EXP 	fixation: autoDraw = False
689.8426 	INFO 	Keyboard events cleared
689.8425 	EXP 	probe: autoDraw = True
690.2620 	EXP 	Device response: <KeyPress from None: t=690.256194799993, value=z, duration=None>
690.2625 	EXP 	New trial (rep=8, index=49): <Trial 49 (49 in rep 8) data={'pos': -150, 'corr_resp': 'z', 'thisN': 49, 'thisTrialN': 49, 'thisRepN': 8}>
690.2638 	DATA 	Keypress: z
690.2790 	EXP 	fixation: autoDraw = False
690.2790 	EXP 	line1: autoDraw = False
690.2790 	EXP 	line2: autoDraw = False
690.2790 	EXP 	line3: autoDraw = False
690.2790 	EXP 	line4: autoDraw = False
690.2790 	EXP 	probe: autoDraw = False
690.3957 	EXP 	Device response: <KeyPress from None: t=687.8266319999966, value=z, duration=2.558911200001603>
691.2617 	EXP 	fixation: autoDraw = True
691.2617 	EXP 	line1: autoDraw = True
691.2617 	EXP 	line2: autoDraw = True
691.2617 	EXP 	line3: autoDraw = True
691.2617 	EXP 	line4: autoDraw = True
692.2790 	INFO 	Keyboard events cleared
692.2789 	EXP 	fixation: autoDraw = False
692.2789 	EXP 	probe: autoDraw = True
692.6767 	EXP 	Device response: <KeyPress from None: t=692.6671863999945, value=z, duration=None>
692.6771 	EXP 	New trial (rep=9, index=50): <Trial 50 (50 in rep 9) data={'pos': 50, 'corr_resp': 'c', 'thisN': 50, 'thisTrialN': 50, 'thisRepN': 9}>
692.6781 	DATA 	Keypress: z
692.6948 	EXP 	fixation: autoDraw = False
692.6948 	EXP 	line1: autoDraw = False
692.6948 	EXP 	line2: autoDraw = False
692.6948 	EXP 	line3: autoDraw = False
692.6948 	EXP 	line4: autoDraw = False
692.6948 	EXP 	probe: autoDraw = False
692.7626 	EXP 	Device response: <KeyPress from None: t=690.256194799993, value=z, duration=2.490085099998396>
693.6784 	EXP 	fixation: autoDraw = True
693.6784 	EXP 	line1: autoDraw = True
693.6784 	EXP 	line2: autoDraw = True
693.6784 	EXP 	line3: autoDraw = True
693.6784 	EXP 	line4: autoDraw = True
694.6781 	INFO 	Keyboard events cleared
694.6779 	EXP 	fixation: autoDraw = False
694.6779 	EXP 	probe: autoDraw = True
696.1982 	DATA 	Keypress: c
696.2122 	EXP 	Device response: <KeyPress from None: t=696.1977470999991, value=c, duration=None>
696.2126 	EXP 	New trial (rep=14, index=51): <Trial 51 (51 in rep 14) data={'pos': 150, 'corr_resp': 'v', 'thisN': 51, 'thisTrialN': 51, 'thisRepN': 14}>
696.2283 	EXP 	fixation: autoDraw = False
696.2283 	EXP 	line1: autoDraw = False
696.2283 	EXP 	line2: autoDraw = False
696.2283 	EXP 	line3: autoDraw = False
696.2283 	EXP 	line4: autoDraw = False
696.2283 	EXP 	probe: autoDraw = False
696.4127 	EXP 	Device response: <KeyPress from None: t=696.1977470999991, value=c, duration=0.2125460999959614>
697.2112 	EXP 	fixation: autoDraw = True
697.2112 	EXP 	line1: autoDraw = True
697.2112 	EXP 	line2: autoDraw = True
697.2112 	EXP 	line3: autoDraw = True
697.2112 	EXP 	line4: autoDraw = True
698.2119 	EXP 	fixation: autoDraw = False
698.2281 	INFO 	Keyboard events cleared
698.2279 	EXP 	probe: autoDraw = True
698.8951 	EXP 	Device response: <KeyPress from None: t=698.8927446000016, value=v, duration=None>
698.8957 	EXP 	New trial (rep=15, index=52): <Trial 52 (52 in rep 15) data={'pos': 150, 'corr_resp': 'v', 'thisN': 52, 'thisTrialN': 52, 'thisRepN': 15}>
698.8969 	DATA 	Keypress: v
698.9115 	EXP 	fixation: autoDraw = False
698.9115 	EXP 	line1: autoDraw = False
698.9115 	EXP 	line2: autoDraw = False
698.9115 	EXP 	line3: autoDraw = False
698.9115 	EXP 	line4: autoDraw = False
698.9115 	EXP 	probe: autoDraw = False
699.1121 	EXP 	Device response: <KeyPress from None: t=698.8927446000016, value=v, duration=0.20290639999439009>
699.8953 	EXP 	fixation: autoDraw = True
699.8953 	EXP 	line1: autoDraw = True
699.8953 	EXP 	line2: autoDraw = True
699.8953 	EXP 	line3: autoDraw = True
699.8953 	EXP 	line4: autoDraw = True
700.9096 	INFO 	Keyboard events cleared
700.9095 	EXP 	fixation: autoDraw = False
700.9095 	EXP 	probe: autoDraw = True
701.7209 	EXP 	Device response: <KeyPress from None: t=701.7127183999983, value=v, duration=None>
701.7212 	EXP 	New trial (rep=9, index=53): <Trial 53 (53 in rep 9) data={'pos': -150, 'corr_resp': 'z', 'thisN': 53, 'thisTrialN': 53, 'thisRepN': 9}>
701.7220 	DATA 	Keypress: v
701.7363 	EXP 	fixation: autoDraw = False
701.7363 	EXP 	line1: autoDraw = False
701.7363 	EXP 	line2: autoDraw = False
701.7363 	EXP 	line3: autoDraw = False
701.7363 	EXP 	line4: autoDraw = False
701.7363 	EXP 	probe: autoDraw = False
701.9707 	EXP 	Device response: <KeyPress from None: t=701.7127183999983, value=v, duration=0.24923289999424014>
702.7372 	EXP 	fixation: autoDraw = True
702.7372 	EXP 	line1: autoDraw = True
702.7372 	EXP 	line2: autoDraw = True
702.7372 	EXP 	line3: autoDraw = True
702.7372 	EXP 	line4: autoDraw = True
703.7205 	INFO 	Keyboard events cleared
703.7203 	EXP 	probe: autoDraw = True
703.7370 	EXP 	fixation: autoDraw = False
704.3379 	EXP 	Device response: <KeyPress from None: t=704.3243250999949, value=z, duration=None>
704.3384 	EXP 	New trial (rep=10, index=54): <Trial 54 (54 in rep 10) data={'pos': -150, 'corr_resp': 'z', 'thisN': 54, 'thisTrialN': 54, 'thisRepN': 10}>
704.3406 	DATA 	Keypress: z
704.3514 	EXP 	fixation: autoDraw = False
704.3514 	EXP 	line1: autoDraw = False
704.3514 	EXP 	line2: autoDraw = False
704.3514 	EXP 	line3: autoDraw = False
704.3514 	EXP 	line4: autoDraw = False
704.3514 	EXP 	probe: autoDraw = False
704.5196 	EXP 	Device response: <KeyPress from None: t=692.6671863999945, value=z, duration=11.842830299996422>
705.3524 	EXP 	fixation: autoDraw = True
705.3524 	EXP 	line1: autoDraw = True
705.3524 	EXP 	line2: autoDraw = True
705.3524 	EXP 	line3: autoDraw = True
705.3524 	EXP 	line4: autoDraw = True
706.3532 	INFO 	Keyboard events cleared
706.3531 	EXP 	fixation: autoDraw = False
706.3531 	EXP 	probe: autoDraw = True
706.8525 	EXP 	Device response: <KeyPress from None: t=706.849272099993, value=z, duration=None>
706.8529 	EXP 	New trial (rep=16, index=55): <Trial 55 (55 in rep 16) data={'pos': 150, 'corr_resp': 'v', 'thisN': 55, 'thisTrialN': 55, 'thisRepN': 16}>
706.8546 	DATA 	Keypress: z
706.8695 	EXP 	fixation: autoDraw = False
706.8695 	EXP 	line1: autoDraw = False
706.8695 	EXP 	line2: autoDraw = False
706.8695 	EXP 	line3: autoDraw = False
706.8695 	EXP 	line4: autoDraw = False
706.8695 	EXP 	probe: autoDraw = False
706.9873 	EXP 	Device response: <KeyPress from None: t=704.3243250999949, value=z, duration=2.6625548000010895>
707.8519 	EXP 	fixation: autoDraw = True
707.8519 	EXP 	line1: autoDraw = True
707.8519 	EXP 	line2: autoDraw = True
707.8519 	EXP 	line3: autoDraw = True
707.8519 	EXP 	line4: autoDraw = True
708.8546 	INFO 	Keyboard events cleared
708.8544 	EXP 	fixation: autoDraw = False
708.8544 	EXP 	probe: autoDraw = True
711.3089 	EXP 	Device response: <KeyPress from None: t=711.3032520999986, value=v, duration=None>
711.3091 	EXP 	New trial (rep=17, index=56): <Trial 56 (56 in rep 17) data={'pos': 150, 'corr_resp': 'v', 'thisN': 56, 'thisTrialN': 56, 'thisRepN': 17}>
711.3099 	DATA 	Keypress: v
711.3173 	EXP 	fixation: autoDraw = False
711.3173 	EXP 	line1: autoDraw = False
711.3173 	EXP 	line2: autoDraw = False
711.3173 	EXP 	line3: autoDraw = False
711.3173 	EXP 	line4: autoDraw = False
711.3173 	EXP 	probe: autoDraw = False
711.5605 	EXP 	Device response: <KeyPress from None: t=711.3032520999986, value=v, duration=0.24176099999749567>
712.3017 	EXP 	fixation: autoDraw = True
712.3017 	EXP 	line1: autoDraw = True
712.3017 	EXP 	line2: autoDraw = True
712.3017 	EXP 	line3: autoDraw = True
712.3017 	EXP 	line4: autoDraw = True
713.3094 	INFO 	Keyboard events cleared
713.3093 	EXP 	fixation: autoDraw = False
713.3093 	EXP 	probe: autoDraw = True
714.3050 	DATA 	Mouse: Left button down, pos=(1229,775)
714.4061 	DATA 	Mouse:  Left button up, pos=(1229,775)
714.8042 	EXP 	Device response: <KeyPress from None: t=714.7959580000024, value=v, duration=None>
714.8050 	EXP 	New trial (rep=18, index=57): <Trial 57 (57 in rep 18) data={'pos': 150, 'corr_resp': 'v', 'thisN': 57, 'thisTrialN': 57, 'thisRepN': 18}>
714.8063 	DATA 	Keypress: v
714.8206 	EXP 	fixation: autoDraw = False
714.8206 	EXP 	line1: autoDraw = False
714.8206 	EXP 	line2: autoDraw = False
714.8206 	EXP 	line3: autoDraw = False
714.8206 	EXP 	line4: autoDraw = False
714.8206 	EXP 	probe: autoDraw = False
714.9860 	EXP 	Device response: <KeyPress from None: t=714.7959580000024, value=v, duration=0.17940269999962766>
715.8090 	EXP 	fixation: autoDraw = True
715.8090 	EXP 	line1: autoDraw = True
715.8090 	EXP 	line2: autoDraw = True
715.8090 	EXP 	line3: autoDraw = True
715.8090 	EXP 	line4: autoDraw = True
716.2327 	DATA 	Mouse: Left button down, pos=(1225,792)
716.8010 	INFO 	Keyboard events cleared
716.8009 	EXP 	fixation: autoDraw = False
716.8009 	EXP 	probe: autoDraw = True
716.8127 	DATA 	Mouse:  Left button up, pos=(1225,789)
717.4710 	EXP 	Device response: <KeyPress from None: t=717.4670536999911, value=v, duration=None>
717.4714 	EXP 	New trial (rep=18, index=58): <Trial 58 (58 in rep 18) data={'pos': -50, 'corr_resp': 'x', 'thisN': 58, 'thisTrialN': 58, 'thisRepN': 18}>
717.4728 	DATA 	Keypress: v
717.4861 	EXP 	fixation: autoDraw = False
717.4861 	EXP 	line1: autoDraw = False
717.4861 	EXP 	line2: autoDraw = False
717.4861 	EXP 	line3: autoDraw = False
717.4861 	EXP 	line4: autoDraw = False
717.4861 	EXP 	probe: autoDraw = False
717.6719 	EXP 	Device response: <KeyPress from None: t=717.4670536999911, value=v, duration=0.18825890000152867>
718.4675 	EXP 	fixation: autoDraw = True
718.4675 	EXP 	line1: autoDraw = True
718.4675 	EXP 	line2: autoDraw = True
718.4675 	EXP 	line3: autoDraw = True
718.4675 	EXP 	line4: autoDraw = True
719.4589 	EXP 	fixation: autoDraw = False
719.4674 	INFO 	Keyboard events cleared
719.4673 	EXP 	probe: autoDraw = True
720.2348 	EXP 	Device response: <KeyPress from None: t=720.2265328999929, value=x, duration=None>
720.2352 	EXP 	New trial (rep=10, index=59): <Trial 59 (59 in rep 10) data={'pos': 50, 'corr_resp': 'c', 'thisN': 59, 'thisTrialN': 59, 'thisRepN': 10}>
720.2363 	DATA 	Keypress: x
720.2507 	EXP 	fixation: autoDraw = False
720.2507 	EXP 	line1: autoDraw = False
720.2507 	EXP 	line2: autoDraw = False
720.2507 	EXP 	line3: autoDraw = False
720.2507 	EXP 	line4: autoDraw = False
720.2507 	EXP 	probe: autoDraw = False
720.4868 	EXP 	Device response: <KeyPress from None: t=720.2265328999929, value=x, duration=0.2579829000023892>
721.2337 	EXP 	fixation: autoDraw = True
721.2337 	EXP 	line1: autoDraw = True
721.2337 	EXP 	line2: autoDraw = True
721.2337 	EXP 	line3: autoDraw = True
721.2337 	EXP 	line4: autoDraw = True
722.2455 	INFO 	Keyboard events cleared
722.2453 	EXP 	fixation: autoDraw = False
722.2453 	EXP 	probe: autoDraw = True
722.9635 	DATA 	Keypress: c
722.9784 	EXP 	Device response: <KeyPress from None: t=722.962989599997, value=c, duration=None>
722.9788 	EXP 	New trial (rep=11, index=60): <Trial 60 (60 in rep 11) data={'pos': 50, 'corr_resp': 'c', 'thisN': 60, 'thisTrialN': 60, 'thisRepN': 11}>
722.9944 	EXP 	fixation: autoDraw = False
722.9944 	EXP 	line1: autoDraw = False
722.9944 	EXP 	line2: autoDraw = False
722.9944 	EXP 	line3: autoDraw = False
722.9944 	EXP 	line4: autoDraw = False
722.9944 	EXP 	probe: autoDraw = False
723.1789 	EXP 	Device response: <KeyPress from None: t=722.962989599997, value=c, duration=0.20573240000521764>
723.9944 	EXP 	fixation: autoDraw = True
723.9944 	EXP 	line1: autoDraw = True
723.9944 	EXP 	line2: autoDraw = True
723.9944 	EXP 	line3: autoDraw = True
723.9944 	EXP 	line4: autoDraw = True
724.9859 	INFO 	Keyboard events cleared
724.9857 	EXP 	probe: autoDraw = True
725.0020 	EXP 	fixation: autoDraw = False
725.8223 	EXP 	Device response: <KeyPress from None: t=725.8205524999939, value=c, duration=None>
725.8228 	EXP 	New trial (rep=19, index=61): <Trial 61 (61 in rep 19) data={'pos': 150, 'corr_resp': 'v', 'thisN': 61, 'thisTrialN': 61, 'thisRepN': 19}>
725.8242 	DATA 	Keypress: c
725.8370 	EXP 	fixation: autoDraw = False
725.8370 	EXP 	line1: autoDraw = False
725.8370 	EXP 	line2: autoDraw = False
725.8370 	EXP 	line3: autoDraw = False
725.8370 	EXP 	line4: autoDraw = False
725.8370 	EXP 	probe: autoDraw = False
725.9865 	EXP 	Device response: <KeyPress from None: t=725.8205524999939, value=c, duration=0.1622503999969922>
726.8365 	EXP 	fixation: autoDraw = True
726.8365 	EXP 	line1: autoDraw = True
726.8365 	EXP 	line2: autoDraw = True
726.8365 	EXP 	line3: autoDraw = True
726.8365 	EXP 	line4: autoDraw = True
727.8367 	INFO 	Keyboard events cleared
727.8365 	EXP 	fixation: autoDraw = False
727.8365 	EXP 	probe: autoDraw = True
728.4010 	EXP 	Device response: <KeyPress from None: t=728.3958200999914, value=v, duration=None>
728.4014 	EXP 	New trial (rep=11, index=62): <Trial 62 (62 in rep 11) data={'pos': -150, 'corr_resp': 'z', 'thisN': 62, 'thisTrialN': 62, 'thisRepN': 11}>
728.4025 	DATA 	Keypress: v
728.4174 	EXP 	fixation: autoDraw = False
728.4174 	EXP 	line1: autoDraw = False
728.4174 	EXP 	line2: autoDraw = False
728.4174 	EXP 	line3: autoDraw = False
728.4174 	EXP 	line4: autoDraw = False
728.4174 	EXP 	probe: autoDraw = False
728.5707 	EXP 	Device response: <KeyPress from None: t=728.3958200999914, value=v, duration=0.1632786000118358>
729.4037 	EXP 	fixation: autoDraw = True
729.4037 	EXP 	line1: autoDraw = True
729.4037 	EXP 	line2: autoDraw = True
729.4037 	EXP 	line3: autoDraw = True
729.4037 	EXP 	line4: autoDraw = True
730.3917 	INFO 	Keyboard events cleared
730.3916 	EXP 	probe: autoDraw = True
730.4092 	EXP 	fixation: autoDraw = False
731.8240 	DATA 	Mouse: Left button down, pos=(1224,796)
732.0564 	DATA 	Mouse:  Left button up, pos=(1224,796)
732.6040 	EXP 	Device response: <KeyPress from None: t=732.5918696000008, value=z, duration=None>
732.6045 	EXP 	New trial (rep=12, index=63): <Trial 63 (63 in rep 12) data={'pos': 50, 'corr_resp': 'c', 'thisN': 63, 'thisTrialN': 63, 'thisRepN': 12}>
732.6058 	DATA 	Keypress: z
732.6198 	EXP 	fixation: autoDraw = False
732.6198 	EXP 	line1: autoDraw = False
732.6198 	EXP 	line2: autoDraw = False
732.6198 	EXP 	line3: autoDraw = False
732.6198 	EXP 	line4: autoDraw = False
732.6198 	EXP 	probe: autoDraw = False
732.7538 	EXP 	Device response: <KeyPress from None: t=706.849272099993, value=z, duration=25.89869620000536>
733.6001 	EXP 	fixation: autoDraw = True
733.6001 	EXP 	line1: autoDraw = True
733.6001 	EXP 	line2: autoDraw = True
733.6001 	EXP 	line3: autoDraw = True
733.6001 	EXP 	line4: autoDraw = True
734.6148 	INFO 	Keyboard events cleared
734.6145 	EXP 	fixation: autoDraw = False
734.6145 	EXP 	probe: autoDraw = True
735.4595 	EXP 	Device response: <KeyPress from None: t=735.4477877000027, value=c, duration=None>
735.4599 	EXP 	New trial (rep=20, index=64): <Trial 64 (64 in rep 20) data={'pos': 150, 'corr_resp': 'v', 'thisN': 64, 'thisTrialN': 64, 'thisRepN': 20}>
735.4610 	DATA 	Keypress: c
735.4756 	EXP 	fixation: autoDraw = False
735.4756 	EXP 	line1: autoDraw = False
735.4756 	EXP 	line2: autoDraw = False
735.4756 	EXP 	line3: autoDraw = False
735.4756 	EXP 	line4: autoDraw = False
735.4756 	EXP 	probe: autoDraw = False
735.6280 	EXP 	Device response: <KeyPress from None: t=735.4477877000027, value=c, duration=0.17517049999150913>
736.4611 	EXP 	fixation: autoDraw = True
736.4611 	EXP 	line1: autoDraw = True
736.4611 	EXP 	line2: autoDraw = True
736.4611 	EXP 	line3: autoDraw = True
736.4611 	EXP 	line4: autoDraw = True
737.4617 	INFO 	Keyboard events cleared
737.4615 	EXP 	fixation: autoDraw = False
737.4615 	EXP 	probe: autoDraw = True
738.0114 	EXP 	Device response: <KeyPress from None: t=738.0022402000031, value=v, duration=None>
738.0119 	EXP 	New trial (rep=19, index=65): <Trial 65 (65 in rep 19) data={'pos': -50, 'corr_resp': 'x', 'thisN': 65, 'thisTrialN': 65, 'thisRepN': 19}>
738.0132 	DATA 	Keypress: v
738.0281 	EXP 	fixation: autoDraw = False
738.0281 	EXP 	line1: autoDraw = False
738.0281 	EXP 	line2: autoDraw = False
738.0281 	EXP 	line3: autoDraw = False
738.0281 	EXP 	line4: autoDraw = False
738.0281 	EXP 	probe: autoDraw = False
738.1791 	EXP 	Device response: <KeyPress from None: t=738.0022402000031, value=v, duration=0.15958629999659024>
739.0111 	EXP 	fixation: autoDraw = True
739.0111 	EXP 	line1: autoDraw = True
739.0111 	EXP 	line2: autoDraw = True
739.0111 	EXP 	line3: autoDraw = True
739.0111 	EXP 	line4: autoDraw = True
740.0116 	EXP 	fixation: autoDraw = False
740.0290 	INFO 	Keyboard events cleared
740.0288 	EXP 	probe: autoDraw = True
740.6020 	DATA 	Keypress: x
740.6120 	EXP 	Device response: <KeyPress from None: t=740.599894599989, value=x, duration=None>
740.6125 	EXP 	New trial (rep=13, index=66): <Trial 66 (66 in rep 13) data={'pos': 50, 'corr_resp': 'c', 'thisN': 66, 'thisTrialN': 66, 'thisRepN': 13}>
740.6271 	EXP 	fixation: autoDraw = False
740.6271 	EXP 	line1: autoDraw = False
740.6271 	EXP 	line2: autoDraw = False
740.6271 	EXP 	line3: autoDraw = False
740.6271 	EXP 	line4: autoDraw = False
740.6271 	EXP 	probe: autoDraw = False
740.8456 	EXP 	Device response: <KeyPress from None: t=740.599894599989, value=x, duration=0.2365472000092268>
741.6113 	EXP 	fixation: autoDraw = True
741.6113 	EXP 	line1: autoDraw = True
741.6113 	EXP 	line2: autoDraw = True
741.6113 	EXP 	line3: autoDraw = True
741.6113 	EXP 	line4: autoDraw = True
742.6115 	INFO 	Keyboard events cleared
742.6113 	EXP 	fixation: autoDraw = False
742.6113 	EXP 	probe: autoDraw = True
743.0165 	DATA 	Keypress: c
743.0310 	EXP 	Device response: <KeyPress from None: t=743.0133249999926, value=c, duration=None>
743.0314 	EXP 	New trial (rep=21, index=67): <Trial 67 (67 in rep 21) data={'pos': 150, 'corr_resp': 'v', 'thisN': 67, 'thisTrialN': 67, 'thisRepN': 21}>
743.0433 	EXP 	fixation: autoDraw = False
743.0433 	EXP 	line1: autoDraw = False
743.0433 	EXP 	line2: autoDraw = False
743.0433 	EXP 	line3: autoDraw = False
743.0433 	EXP 	line4: autoDraw = False
743.0433 	EXP 	probe: autoDraw = False
743.2614 	EXP 	Device response: <KeyPress from None: t=743.0133249999926, value=c, duration=0.24421460001030937>
744.0478 	EXP 	fixation: autoDraw = True
744.0478 	EXP 	line1: autoDraw = True
744.0478 	EXP 	line2: autoDraw = True
744.0478 	EXP 	line3: autoDraw = True
744.0478 	EXP 	line4: autoDraw = True
745.0316 	INFO 	Keyboard events cleared
745.0313 	EXP 	probe: autoDraw = True
745.0483 	EXP 	fixation: autoDraw = False
746.0783 	EXP 	Device response: <KeyPress from None: t=746.0720921999891, value=v, duration=None>
746.0787 	EXP 	New trial (rep=12, index=68): <Trial 68 (68 in rep 12) data={'pos': -150, 'corr_resp': 'z', 'thisN': 68, 'thisTrialN': 68, 'thisRepN': 12}>
746.0796 	DATA 	Keypress: v
746.0944 	EXP 	fixation: autoDraw = False
746.0944 	EXP 	line1: autoDraw = False
746.0944 	EXP 	line2: autoDraw = False
746.0944 	EXP 	line3: autoDraw = False
746.0944 	EXP 	line4: autoDraw = False
746.0944 	EXP 	probe: autoDraw = False
746.2623 	EXP 	Device response: <KeyPress from None: t=746.0720921999891, value=v, duration=0.18753680000372697>
747.0752 	EXP 	fixation: autoDraw = True
747.0752 	EXP 	line1: autoDraw = True
747.0752 	EXP 	line2: autoDraw = True
747.0752 	EXP 	line3: autoDraw = True
747.0752 	EXP 	line4: autoDraw = True
748.0871 	INFO 	Keyboard events cleared
748.0870 	EXP 	fixation: autoDraw = False
748.0870 	EXP 	probe: autoDraw = True
748.6862 	EXP 	Device response: <KeyPress from None: t=748.6763148999889, value=z, duration=None>
748.6869 	EXP 	New trial (rep=14, index=69): <Trial 69 (69 in rep 14) data={'pos': 50, 'corr_resp': 'c', 'thisN': 69, 'thisTrialN': 69, 'thisRepN': 14}>
748.6877 	DATA 	Keypress: z
748.7013 	EXP 	fixation: autoDraw = False
748.7013 	EXP 	line1: autoDraw = False
748.7013 	EXP 	line2: autoDraw = False
748.7013 	EXP 	line3: autoDraw = False
748.7013 	EXP 	line4: autoDraw = False
748.7013 	EXP 	probe: autoDraw = False
748.8886 	EXP 	Device response: <KeyPress from None: t=732.5918696000008, value=z, duration=16.294167899992317>
749.6859 	EXP 	fixation: autoDraw = True
749.6859 	EXP 	line1: autoDraw = True
749.6859 	EXP 	line2: autoDraw = True
749.6859 	EXP 	line3: autoDraw = True
749.6859 	EXP 	line4: autoDraw = True
750.7018 	INFO 	Keyboard events cleared
750.7016 	EXP 	fixation: autoDraw = False
750.7016 	EXP 	probe: autoDraw = True
751.6043 	EXP 	Device response: <KeyPress from None: t=751.5952151999954, value=c, duration=None>
751.6047 	EXP 	New trial (rep=20, index=70): <Trial 70 (70 in rep 20) data={'pos': -50, 'corr_resp': 'x', 'thisN': 70, 'thisTrialN': 70, 'thisRepN': 20}>
751.6060 	DATA 	Keypress: c
751.6181 	EXP 	fixation: autoDraw = False
751.6181 	EXP 	line1: autoDraw = False
751.6181 	EXP 	line2: autoDraw = False
751.6181 	EXP 	line3: autoDraw = False
751.6181 	EXP 	line4: autoDraw = False
751.6181 	EXP 	probe: autoDraw = False
751.8695 	EXP 	Device response: <KeyPress from None: t=751.5952151999954, value=c, duration=0.2583165999967605>
752.6016 	EXP 	fixation: autoDraw = True
752.6016 	EXP 	line1: autoDraw = True
752.6016 	EXP 	line2: autoDraw = True
752.6016 	EXP 	line3: autoDraw = True
752.6016 	EXP 	line4: autoDraw = True
753.6180 	INFO 	Keyboard events cleared
753.6178 	EXP 	fixation: autoDraw = False
753.6178 	EXP 	probe: autoDraw = True
754.1754 	EXP 	Device response: <KeyPress from None: t=754.1750064999942, value=x, duration=None>
754.1757 	EXP 	New trial (rep=13, index=71): <Trial 71 (71 in rep 13) data={'pos': -150, 'corr_resp': 'z', 'thisN': 71, 'thisTrialN': 71, 'thisRepN': 13}>
754.1767 	DATA 	Keypress: x
754.1917 	EXP 	fixation: autoDraw = False
754.1917 	EXP 	line1: autoDraw = False
754.1917 	EXP 	line2: autoDraw = False
754.1917 	EXP 	line3: autoDraw = False
754.1917 	EXP 	line4: autoDraw = False
754.1917 	EXP 	probe: autoDraw = False
754.3969 	EXP 	Device response: <KeyPress from None: t=754.1750064999942, value=x, duration=0.21906630000739824>
755.1786 	EXP 	fixation: autoDraw = True
755.1786 	EXP 	line1: autoDraw = True
755.1786 	EXP 	line2: autoDraw = True
755.1786 	EXP 	line3: autoDraw = True
755.1786 	EXP 	line4: autoDraw = True
756.1797 	INFO 	Keyboard events cleared
756.1794 	EXP 	fixation: autoDraw = False
756.1794 	EXP 	probe: autoDraw = True
756.6459 	EXP 	Device response: <KeyPress from None: t=756.6329466000025, value=z, duration=None>
756.6463 	EXP 	New trial (rep=14, index=72): <Trial 72 (72 in rep 14) data={'pos': -150, 'corr_resp': 'z', 'thisN': 72, 'thisTrialN': 72, 'thisRepN': 14}>
756.6476 	DATA 	Keypress: z
756.6614 	EXP 	fixation: autoDraw = False
756.6614 	EXP 	line1: autoDraw = False
756.6614 	EXP 	line2: autoDraw = False
756.6614 	EXP 	line3: autoDraw = False
756.6614 	EXP 	line4: autoDraw = False
756.6614 	EXP 	probe: autoDraw = False
756.8284 	EXP 	Device response: <KeyPress from None: t=748.6763148999889, value=z, duration=8.143474400014384>
757.6417 	EXP 	fixation: autoDraw = True
757.6417 	EXP 	line1: autoDraw = True
757.6417 	EXP 	line2: autoDraw = True
757.6417 	EXP 	line3: autoDraw = True
757.6417 	EXP 	line4: autoDraw = True
758.6339 	EXP 	fixation: autoDraw = False
758.6419 	INFO 	Keyboard events cleared
758.6417 	EXP 	probe: autoDraw = True
759.6850 	EXP 	Device response: <KeyPress from None: t=759.6801182999916, value=z, duration=None>
759.6854 	EXP 	New trial (rep=15, index=73): <Trial 73 (73 in rep 15) data={'pos': 50, 'corr_resp': 'c', 'thisN': 73, 'thisTrialN': 73, 'thisRepN': 15}>
759.6863 	DATA 	Keypress: z
759.7009 	EXP 	fixation: autoDraw = False
759.7009 	EXP 	line1: autoDraw = False
759.7009 	EXP 	line2: autoDraw = False
759.7009 	EXP 	line3: autoDraw = False
759.7009 	EXP 	line4: autoDraw = False
759.7009 	EXP 	probe: autoDraw = False
759.8342 	EXP 	Device response: <KeyPress from None: t=756.6329466000025, value=z, duration=3.188401499995962>
760.6860 	EXP 	fixation: autoDraw = True
760.6860 	EXP 	line1: autoDraw = True
760.6860 	EXP 	line2: autoDraw = True
760.6860 	EXP 	line3: autoDraw = True
760.6860 	EXP 	line4: autoDraw = True
761.6954 	INFO 	Keyboard events cleared
761.6952 	EXP 	fixation: autoDraw = False
761.6952 	EXP 	probe: autoDraw = True
762.2972 	DATA 	Keypress: c
762.3119 	EXP 	Device response: <KeyPress from None: t=762.2967823999934, value=c, duration=None>
762.3124 	EXP 	New trial (rep=15, index=74): <Trial 74 (74 in rep 15) data={'pos': -150, 'corr_resp': 'z', 'thisN': 74, 'thisTrialN': 74, 'thisRepN': 15}>
762.3276 	EXP 	fixation: autoDraw = False
762.3276 	EXP 	line1: autoDraw = False
762.3276 	EXP 	line2: autoDraw = False
762.3276 	EXP 	line3: autoDraw = False
762.3276 	EXP 	line4: autoDraw = False
762.3276 	EXP 	probe: autoDraw = False
762.5117 	EXP 	Device response: <KeyPress from None: t=762.2967823999934, value=c, duration=0.20597969999653287>
763.3116 	EXP 	fixation: autoDraw = True
763.3116 	EXP 	line1: autoDraw = True
763.3116 	EXP 	line2: autoDraw = True
763.3116 	EXP 	line3: autoDraw = True
763.3116 	EXP 	line4: autoDraw = True
764.3113 	EXP 	fixation: autoDraw = False
764.3286 	INFO 	Keyboard events cleared
764.3284 	EXP 	probe: autoDraw = True
765.2637 	DATA 	Keypress: z
765.2803 	EXP 	Device response: <KeyPress from None: t=765.2617613999901, value=z, duration=None>
765.2807 	EXP 	New trial (rep=16, index=75): <Trial 75 (75 in rep 16) data={'pos': 50, 'corr_resp': 'c', 'thisN': 75, 'thisTrialN': 75, 'thisRepN': 16}>
765.2947 	EXP 	fixation: autoDraw = False
765.2947 	EXP 	line1: autoDraw = False
765.2947 	EXP 	line2: autoDraw = False
765.2947 	EXP 	line3: autoDraw = False
765.2947 	EXP 	line4: autoDraw = False
765.2947 	EXP 	probe: autoDraw = False
765.4290 	EXP 	Device response: <KeyPress from None: t=759.6801182999916, value=z, duration=5.737300300010247>
766.2948 	EXP 	fixation: autoDraw = True
766.2948 	EXP 	line1: autoDraw = True
766.2948 	EXP 	line2: autoDraw = True
766.2948 	EXP 	line3: autoDraw = True
766.2948 	EXP 	line4: autoDraw = True
767.2917 	INFO 	Keyboard events cleared
767.2916 	EXP 	probe: autoDraw = True
767.3086 	EXP 	fixation: autoDraw = False
767.7279 	EXP 	Device response: <KeyPress from None: t=767.7226074999926, value=c, duration=None>
767.7283 	EXP 	New trial (rep=17, index=76): <Trial 76 (76 in rep 17) data={'pos': 50, 'corr_resp': 'c', 'thisN': 76, 'thisTrialN': 76, 'thisRepN': 17}>
767.7295 	DATA 	Keypress: c
767.7445 	EXP 	fixation: autoDraw = False
767.7445 	EXP 	line1: autoDraw = False
767.7445 	EXP 	line2: autoDraw = False
767.7445 	EXP 	line3: autoDraw = False
767.7445 	EXP 	line4: autoDraw = False
767.7445 	EXP 	probe: autoDraw = False
767.9127 	EXP 	Device response: <KeyPress from None: t=767.7226074999926, value=c, duration=0.18662530000437982>
768.7281 	EXP 	fixation: autoDraw = True
768.7281 	EXP 	line1: autoDraw = True
768.7281 	EXP 	line2: autoDraw = True
768.7281 	EXP 	line3: autoDraw = True
768.7281 	EXP 	line4: autoDraw = True
769.7426 	INFO 	Keyboard events cleared
769.7425 	EXP 	fixation: autoDraw = False
769.7425 	EXP 	probe: autoDraw = True
770.1966 	DATA 	Keypress: c
770.2120 	EXP 	Device response: <KeyPress from None: t=770.1961176999903, value=c, duration=None>
770.2125 	EXP 	New trial (rep=16, index=77): <Trial 77 (77 in rep 16) data={'pos': -150, 'corr_resp': 'z', 'thisN': 77, 'thisTrialN': 77, 'thisRepN': 16}>
770.2289 	EXP 	fixation: autoDraw = False
770.2289 	EXP 	line1: autoDraw = False
770.2289 	EXP 	line2: autoDraw = False
770.2289 	EXP 	line3: autoDraw = False
770.2289 	EXP 	line4: autoDraw = False
770.2289 	EXP 	probe: autoDraw = False
770.3756 	EXP 	Device response: <KeyPress from None: t=770.1961176999903, value=c, duration=0.17504159999953117>
771.2111 	EXP 	fixation: autoDraw = True
771.2111 	EXP 	line1: autoDraw = True
771.2111 	EXP 	line2: autoDraw = True
771.2111 	EXP 	line3: autoDraw = True
771.2111 	EXP 	line4: autoDraw = True
772.2259 	INFO 	Keyboard events cleared
772.2257 	EXP 	fixation: autoDraw = False
772.2257 	EXP 	probe: autoDraw = True
772.7783 	EXP 	Device response: <KeyPress from None: t=772.769017300001, value=z, duration=None>
772.7788 	EXP 	New trial (rep=21, index=78): <Trial 78 (78 in rep 21) data={'pos': -50, 'corr_resp': 'x', 'thisN': 78, 'thisTrialN': 78, 'thisRepN': 21}>
772.7801 	DATA 	Keypress: z
772.7943 	EXP 	fixation: autoDraw = False
772.7943 	EXP 	line1: autoDraw = False
772.7943 	EXP 	line2: autoDraw = False
772.7943 	EXP 	line3: autoDraw = False
772.7943 	EXP 	line4: autoDraw = False
772.7943 	EXP 	probe: autoDraw = False
772.9441 	EXP 	Device response: <KeyPress from None: t=765.2617613999901, value=z, duration=7.675763600011123>
773.7949 	EXP 	fixation: autoDraw = True
773.7949 	EXP 	line1: autoDraw = True
773.7949 	EXP 	line2: autoDraw = True
773.7949 	EXP 	line3: autoDraw = True
773.7949 	EXP 	line4: autoDraw = True
774.7923 	INFO 	Keyboard events cleared
774.7921 	EXP 	probe: autoDraw = True
774.8095 	EXP 	fixation: autoDraw = False
775.2954 	EXP 	Device response: <KeyPress from None: t=775.2901918999996, value=z, duration=None>
775.2958 	EXP 	New trial (rep=22, index=79): <Trial 79 (79 in rep 22) data={'pos': 150, 'corr_resp': 'v', 'thisN': 79, 'thisTrialN': 79, 'thisRepN': 22}>
775.2972 	DATA 	Keypress: z
775.3107 	EXP 	fixation: autoDraw = False
775.3107 	EXP 	line1: autoDraw = False
775.3107 	EXP 	line2: autoDraw = False
775.3107 	EXP 	line3: autoDraw = False
775.3107 	EXP 	line4: autoDraw = False
775.3107 	EXP 	probe: autoDraw = False
775.3614 	EXP 	Device response: <KeyPress from None: t=775.3576348999923, value=x, duration=None>
775.3622 	DATA 	Keypress: x
775.3788 	EXP 	Device response: <KeyPress from None: t=772.769017300001, value=z, duration=2.599820399991586>
775.4950 	EXP 	Device response: <KeyPress from None: t=775.3576348999923, value=x, duration=0.1245848999969894>
776.2946 	EXP 	fixation: autoDraw = True
776.2946 	EXP 	line1: autoDraw = True
776.2946 	EXP 	line2: autoDraw = True
776.2946 	EXP 	line3: autoDraw = True
776.2946 	EXP 	line4: autoDraw = True
777.3084 	INFO 	Keyboard events cleared
777.3083 	EXP 	fixation: autoDraw = False
777.3083 	EXP 	probe: autoDraw = True
777.9610 	DATA 	Keypress: v
777.9766 	EXP 	Device response: <KeyPress from None: t=777.9599334999948, value=v, duration=None>
777.9770 	EXP 	New trial (rep=22, index=80): <Trial 80 (80 in rep 22) data={'pos': -50, 'corr_resp': 'x', 'thisN': 80, 'thisTrialN': 80, 'thisRepN': 22}>
777.9921 	EXP 	fixation: autoDraw = False
777.9921 	EXP 	line1: autoDraw = False
777.9921 	EXP 	line2: autoDraw = False
777.9921 	EXP 	line3: autoDraw = False
777.9921 	EXP 	line4: autoDraw = False
777.9921 	EXP 	probe: autoDraw = False
778.2789 	EXP 	Device response: <KeyPress from None: t=777.9599334999948, value=v, duration=0.3166971000027843>
778.9778 	EXP 	fixation: autoDraw = True
778.9778 	EXP 	line1: autoDraw = True
778.9778 	EXP 	line2: autoDraw = True
778.9778 	EXP 	line3: autoDraw = True
778.9778 	EXP 	line4: autoDraw = True
779.9755 	INFO 	Keyboard events cleared
779.9754 	EXP 	probe: autoDraw = True
779.9951 	EXP 	fixation: autoDraw = False
780.6283 	EXP 	Device response: <KeyPress from None: t=780.6228182999912, value=x, duration=None>
780.6287 	EXP 	New trial (rep=23, index=81): <Trial 81 (81 in rep 23) data={'pos': -50, 'corr_resp': 'x', 'thisN': 81, 'thisTrialN': 81, 'thisRepN': 23}>
780.6301 	DATA 	Keypress: x
780.6446 	EXP 	fixation: autoDraw = False
780.6446 	EXP 	line1: autoDraw = False
780.6446 	EXP 	line2: autoDraw = False
780.6446 	EXP 	line3: autoDraw = False
780.6446 	EXP 	line4: autoDraw = False
780.6446 	EXP 	probe: autoDraw = False
780.9619 	EXP 	Device response: <KeyPress from None: t=780.6228182999912, value=x, duration=0.336810200009495>
781.6277 	EXP 	fixation: autoDraw = True
781.6277 	EXP 	line1: autoDraw = True
781.6277 	EXP 	line2: autoDraw = True
781.6277 	EXP 	line3: autoDraw = True
781.6277 	EXP 	line4: autoDraw = True
782.6423 	INFO 	Keyboard events cleared
782.6422 	EXP 	fixation: autoDraw = False
782.6422 	EXP 	probe: autoDraw = True
783.0770 	DATA 	Keypress: x
783.0922 	EXP 	Device response: <KeyPress from None: t=783.0764921999944, value=x, duration=None>
783.0926 	EXP 	New trial (rep=24, index=82): <Trial 82 (82 in rep 24) data={'pos': -50, 'corr_resp': 'x', 'thisN': 82, 'thisTrialN': 82, 'thisRepN': 24}>
783.1088 	EXP 	fixation: autoDraw = False
783.1088 	EXP 	line1: autoDraw = False
783.1088 	EXP 	line2: autoDraw = False
783.1088 	EXP 	line3: autoDraw = False
783.1088 	EXP 	line4: autoDraw = False
783.1088 	EXP 	probe: autoDraw = False
783.2925 	EXP 	Device response: <KeyPress from None: t=783.0764921999944, value=x, duration=0.19942089999676682>
784.0936 	EXP 	fixation: autoDraw = True
784.0936 	EXP 	line1: autoDraw = True
784.0936 	EXP 	line2: autoDraw = True
784.0936 	EXP 	line3: autoDraw = True
784.0936 	EXP 	line4: autoDraw = True
785.0944 	INFO 	Keyboard events cleared
785.0942 	EXP 	fixation: autoDraw = False
785.0942 	EXP 	probe: autoDraw = True
785.4930 	EXP 	Device response: <KeyPress from None: t=785.4818503999995, value=x, duration=None>
785.4934 	EXP 	New trial (rep=23, index=83): <Trial 83 (83 in rep 23) data={'pos': 150, 'corr_resp': 'v', 'thisN': 83, 'thisTrialN': 83, 'thisRepN': 23}>
785.4944 	DATA 	Keypress: x
785.5090 	EXP 	fixation: autoDraw = False
785.5090 	EXP 	line1: autoDraw = False
785.5090 	EXP 	line2: autoDraw = False
785.5090 	EXP 	line3: autoDraw = False
785.5090 	EXP 	line4: autoDraw = False
785.5090 	EXP 	probe: autoDraw = False
785.7086 	EXP 	Device response: <KeyPress from None: t=785.4818503999995, value=x, duration=0.21465619999798946>
786.5109 	EXP 	fixation: autoDraw = True
786.5109 	EXP 	line1: autoDraw = True
786.5109 	EXP 	line2: autoDraw = True
786.5109 	EXP 	line3: autoDraw = True
786.5109 	EXP 	line4: autoDraw = True
787.4923 	INFO 	Keyboard events cleared
787.4921 	EXP 	probe: autoDraw = True
787.5282 	EXP 	fixation: autoDraw = False
788.0283 	EXP 	Device response: <KeyPress from None: t=788.0245095999999, value=v, duration=None>
788.0288 	EXP 	New trial (rep=18, index=84): <Trial 84 (84 in rep 18) data={'pos': 50, 'corr_resp': 'c', 'thisN': 84, 'thisTrialN': 84, 'thisRepN': 18}>
788.0300 	DATA 	Keypress: v
788.0441 	EXP 	fixation: autoDraw = False
788.0441 	EXP 	line1: autoDraw = False
788.0441 	EXP 	line2: autoDraw = False
788.0441 	EXP 	line3: autoDraw = False
788.0441 	EXP 	line4: autoDraw = False
788.0441 	EXP 	probe: autoDraw = False
788.2453 	EXP 	Device response: <KeyPress from None: t=788.0245095999999, value=v, duration=0.20518819999415427>
789.0443 	EXP 	fixation: autoDraw = True
789.0443 	EXP 	line1: autoDraw = True
789.0443 	EXP 	line2: autoDraw = True
789.0443 	EXP 	line3: autoDraw = True
789.0443 	EXP 	line4: autoDraw = True
790.0420 	INFO 	Keyboard events cleared
790.0419 	EXP 	probe: autoDraw = True
790.0595 	EXP 	fixation: autoDraw = False
790.9780 	EXP 	Device response: <KeyPress from None: t=790.967814699994, value=c, duration=None>
790.9784 	EXP 	New trial (rep=25, index=85): <Trial 85 (85 in rep 25) data={'pos': -50, 'corr_resp': 'x', 'thisN': 85, 'thisTrialN': 85, 'thisRepN': 25}>
790.9798 	DATA 	Keypress: c
790.9945 	EXP 	fixation: autoDraw = False
790.9945 	EXP 	line1: autoDraw = False
790.9945 	EXP 	line2: autoDraw = False
790.9945 	EXP 	line3: autoDraw = False
790.9945 	EXP 	line4: autoDraw = False
790.9945 	EXP 	probe: autoDraw = False
791.1948 	EXP 	Device response: <KeyPress from None: t=790.967814699994, value=c, duration=0.21115149999968708>
791.9922 	EXP 	fixation: autoDraw = True
791.9922 	EXP 	line1: autoDraw = True
791.9922 	EXP 	line2: autoDraw = True
791.9922 	EXP 	line3: autoDraw = True
791.9922 	EXP 	line4: autoDraw = True
792.9944 	INFO 	Keyboard events cleared
792.9942 	EXP 	fixation: autoDraw = False
792.9942 	EXP 	probe: autoDraw = True
793.6941 	EXP 	Device response: <KeyPress from None: t=793.6877982000005, value=c, duration=None>
793.6945 	EXP 	New trial (rep=17, index=86): <Trial 86 (86 in rep 17) data={'pos': -150, 'corr_resp': 'z', 'thisN': 86, 'thisTrialN': 86, 'thisRepN': 17}>
793.6955 	DATA 	Keypress: c
793.7092 	EXP 	fixation: autoDraw = False
793.7092 	EXP 	line1: autoDraw = False
793.7092 	EXP 	line2: autoDraw = False
793.7092 	EXP 	line3: autoDraw = False
793.7092 	EXP 	line4: autoDraw = False
793.7092 	EXP 	probe: autoDraw = False
793.8778 	EXP 	Device response: <KeyPress from None: t=793.6877982000005, value=c, duration=0.18194409999705385>
794.6940 	EXP 	fixation: autoDraw = True
794.6940 	EXP 	line1: autoDraw = True
794.6940 	EXP 	line2: autoDraw = True
794.6940 	EXP 	line3: autoDraw = True
794.6940 	EXP 	line4: autoDraw = True
795.6942 	INFO 	Keyboard events cleared
795.6940 	EXP 	fixation: autoDraw = False
795.6940 	EXP 	probe: autoDraw = True
800.3789 	EXP 	Device response: <KeyPress from None: t=800.373368799992, value=z, duration=None>
800.3793 	EXP 	New trial (rep=19, index=87): <Trial 87 (87 in rep 19) data={'pos': 50, 'corr_resp': 'c', 'thisN': 87, 'thisTrialN': 87, 'thisRepN': 19}>
800.3814 	DATA 	Keypress: z
800.3941 	EXP 	fixation: autoDraw = False
800.3941 	EXP 	line1: autoDraw = False
800.3941 	EXP 	line2: autoDraw = False
800.3941 	EXP 	line3: autoDraw = False
800.3941 	EXP 	line4: autoDraw = False
800.3941 	EXP 	probe: autoDraw = False
800.5779 	EXP 	Device response: <KeyPress from None: t=775.2901918999996, value=z, duration=25.2818963000027>
801.3944 	EXP 	fixation: autoDraw = True
801.3944 	EXP 	line1: autoDraw = True
801.3944 	EXP 	line2: autoDraw = True
801.3944 	EXP 	line3: autoDraw = True
801.3944 	EXP 	line4: autoDraw = True
802.3925 	INFO 	Keyboard events cleared
802.3923 	EXP 	probe: autoDraw = True
802.4097 	EXP 	fixation: autoDraw = False
803.6611 	EXP 	Device response: <KeyPress from None: t=803.6511406999925, value=c, duration=None>
803.6615 	EXP 	New trial (rep=18, index=88): <Trial 88 (88 in rep 18) data={'pos': -150, 'corr_resp': 'z', 'thisN': 88, 'thisTrialN': 88, 'thisRepN': 18}>
803.6631 	DATA 	Keypress: c
803.6767 	EXP 	fixation: autoDraw = False
803.6767 	EXP 	line1: autoDraw = False
803.6767 	EXP 	line2: autoDraw = False
803.6767 	EXP 	line3: autoDraw = False
803.6767 	EXP 	line4: autoDraw = False
803.6767 	EXP 	probe: autoDraw = False
803.8789 	EXP 	Device response: <KeyPress from None: t=803.6511406999925, value=c, duration=0.22557580001011956>
804.6753 	EXP 	fixation: autoDraw = True
804.6753 	EXP 	line1: autoDraw = True
804.6753 	EXP 	line2: autoDraw = True
804.6753 	EXP 	line3: autoDraw = True
804.6753 	EXP 	line4: autoDraw = True
805.6770 	INFO 	Keyboard events cleared
805.6768 	EXP 	fixation: autoDraw = False
805.6768 	EXP 	probe: autoDraw = True
806.1601 	EXP 	Device response: <KeyPress from None: t=806.1524017999909, value=z, duration=None>
806.1605 	EXP 	New trial (rep=26, index=89): <Trial 89 (89 in rep 26) data={'pos': -50, 'corr_resp': 'x', 'thisN': 89, 'thisTrialN': 89, 'thisRepN': 26}>
806.1619 	DATA 	Keypress: z
806.1755 	EXP 	fixation: autoDraw = False
806.1755 	EXP 	line1: autoDraw = False
806.1755 	EXP 	line2: autoDraw = False
806.1755 	EXP 	line3: autoDraw = False
806.1755 	EXP 	line4: autoDraw = False
806.1755 	EXP 	probe: autoDraw = False
806.3435 	EXP 	Device response: <KeyPress from None: t=800.373368799992, value=z, duration=5.964084300008835>
807.1611 	EXP 	fixation: autoDraw = True
807.1611 	EXP 	line1: autoDraw = True
807.1611 	EXP 	line2: autoDraw = True
807.1611 	EXP 	line3: autoDraw = True
807.1611 	EXP 	line4: autoDraw = True
808.1606 	INFO 	Keyboard events cleared
808.1604 	EXP 	fixation: autoDraw = False
808.1604 	EXP 	probe: autoDraw = True
809.0276 	EXP 	Device response: <KeyPress from None: t=809.0191520999942, value=x, duration=None>
809.0280 	EXP 	New trial (rep=27, index=90): <Trial 90 (90 in rep 27) data={'pos': -50, 'corr_resp': 'x', 'thisN': 90, 'thisTrialN': 90, 'thisRepN': 27}>
809.0291 	DATA 	Keypress: x
809.0437 	EXP 	fixation: autoDraw = False
809.0437 	EXP 	line1: autoDraw = False
809.0437 	EXP 	line2: autoDraw = False
809.0437 	EXP 	line3: autoDraw = False
809.0437 	EXP 	line4: autoDraw = False
809.0437 	EXP 	probe: autoDraw = False
809.3100 	EXP 	Device response: <KeyPress from None: t=809.0191520999942, value=x, duration=0.27632800000719726>
810.0436 	EXP 	fixation: autoDraw = True
810.0436 	EXP 	line1: autoDraw = True
810.0436 	EXP 	line2: autoDraw = True
810.0436 	EXP 	line3: autoDraw = True
810.0436 	EXP 	line4: autoDraw = True
811.0270 	INFO 	Keyboard events cleared
811.0268 	EXP 	probe: autoDraw = True
811.0436 	EXP 	fixation: autoDraw = False
811.6089 	EXP 	Device response: <KeyPress from None: t=811.6051521999907, value=x, duration=None>
811.6093 	EXP 	New trial (rep=24, index=91): <Trial 91 (91 in rep 24) data={'pos': 150, 'corr_resp': 'v', 'thisN': 91, 'thisTrialN': 91, 'thisRepN': 24}>
811.6107 	DATA 	Keypress: x
811.6257 	EXP 	fixation: autoDraw = False
811.6257 	EXP 	line1: autoDraw = False
811.6257 	EXP 	line2: autoDraw = False
811.6257 	EXP 	line3: autoDraw = False
811.6257 	EXP 	line4: autoDraw = False
811.6257 	EXP 	probe: autoDraw = False
811.8758 	EXP 	Device response: <KeyPress from None: t=811.6051521999907, value=x, duration=0.26862719999917317>
812.6147 	EXP 	fixation: autoDraw = True
812.6147 	EXP 	line1: autoDraw = True
812.6147 	EXP 	line2: autoDraw = True
812.6147 	EXP 	line3: autoDraw = True
812.6147 	EXP 	line4: autoDraw = True
813.6087 	INFO 	Keyboard events cleared
813.6086 	EXP 	probe: autoDraw = True
813.6251 	EXP 	fixation: autoDraw = False
815.1580 	EXP 	Device response: <KeyPress from None: t=815.146857499989, value=v, duration=None>
815.1583 	EXP 	New trial (rep=25, index=92): <Trial 92 (92 in rep 25) data={'pos': 150, 'corr_resp': 'v', 'thisN': 92, 'thisTrialN': 92, 'thisRepN': 25}>
815.1591 	DATA 	Keypress: v
815.1745 	EXP 	fixation: autoDraw = False
815.1745 	EXP 	line1: autoDraw = False
815.1745 	EXP 	line2: autoDraw = False
815.1745 	EXP 	line3: autoDraw = False
815.1745 	EXP 	line4: autoDraw = False
815.1745 	EXP 	probe: autoDraw = False
815.3524 	EXP 	Device response: <KeyPress from None: t=815.146857499989, value=v, duration=0.18813770000997465>
816.1693 	EXP 	fixation: autoDraw = True
816.1693 	EXP 	line1: autoDraw = True
816.1693 	EXP 	line2: autoDraw = True
816.1693 	EXP 	line3: autoDraw = True
816.1693 	EXP 	line4: autoDraw = True
817.1671 	INFO 	Keyboard events cleared
817.1669 	EXP 	probe: autoDraw = True
817.1829 	EXP 	fixation: autoDraw = False
817.7695 	EXP 	Device response: <KeyPress from None: t=817.7657248000032, value=v, duration=None>
817.7699 	EXP 	New trial (rep=26, index=93): <Trial 93 (93 in rep 26) data={'pos': 150, 'corr_resp': 'v', 'thisN': 93, 'thisTrialN': 93, 'thisRepN': 26}>
817.7717 	DATA 	Keypress: v
817.7864 	EXP 	fixation: autoDraw = False
817.7864 	EXP 	line1: autoDraw = False
817.7864 	EXP 	line2: autoDraw = False
817.7864 	EXP 	line3: autoDraw = False
817.7864 	EXP 	line4: autoDraw = False
817.7864 	EXP 	probe: autoDraw = False
817.9526 	EXP 	Device response: <KeyPress from None: t=817.7657248000032, value=v, duration=0.17308929999126121>
818.7684 	EXP 	fixation: autoDraw = True
818.7684 	EXP 	line1: autoDraw = True
818.7684 	EXP 	line2: autoDraw = True
818.7684 	EXP 	line3: autoDraw = True
818.7684 	EXP 	line4: autoDraw = True
819.7834 	INFO 	Keyboard events cleared
819.7833 	EXP 	fixation: autoDraw = False
819.7833 	EXP 	probe: autoDraw = True
820.2208 	EXP 	Device response: <KeyPress from None: t=820.2190911999933, value=v, duration=None>
820.2211 	EXP 	New trial (rep=19, index=94): <Trial 94 (94 in rep 19) data={'pos': -150, 'corr_resp': 'z', 'thisN': 94, 'thisTrialN': 94, 'thisRepN': 19}>
820.2219 	DATA 	Keypress: v
820.2365 	EXP 	fixation: autoDraw = False
820.2365 	EXP 	line1: autoDraw = False
820.2365 	EXP 	line2: autoDraw = False
820.2365 	EXP 	line3: autoDraw = False
820.2365 	EXP 	line4: autoDraw = False
820.2365 	EXP 	probe: autoDraw = False
820.3704 	EXP 	Device response: <KeyPress from None: t=820.2190911999933, value=v, duration=0.15007600000535604>
821.2355 	EXP 	fixation: autoDraw = True
821.2355 	EXP 	line1: autoDraw = True
821.2355 	EXP 	line2: autoDraw = True
821.2355 	EXP 	line3: autoDraw = True
821.2355 	EXP 	line4: autoDraw = True
822.2335 	INFO 	Keyboard events cleared
822.2334 	EXP 	probe: autoDraw = True
822.2500 	EXP 	fixation: autoDraw = False
822.7206 	EXP 	Device response: <KeyPress from None: t=822.7176447999955, value=z, duration=None>
822.7211 	EXP 	New trial (rep=28, index=95): <Trial 95 (95 in rep 28) data={'pos': -50, 'corr_resp': 'x', 'thisN': 95, 'thisTrialN': 95, 'thisRepN': 28}>
822.7224 	DATA 	Keypress: z
822.7361 	EXP 	fixation: autoDraw = False
822.7361 	EXP 	line1: autoDraw = False
822.7361 	EXP 	line2: autoDraw = False
822.7361 	EXP 	line3: autoDraw = False
822.7361 	EXP 	line4: autoDraw = False
822.7361 	EXP 	probe: autoDraw = False
822.9172 	EXP 	Device response: <KeyPress from None: t=806.1524017999909, value=z, duration=16.760228300001472>
823.7355 	EXP 	fixation: autoDraw = True
823.7355 	EXP 	line1: autoDraw = True
823.7355 	EXP 	line2: autoDraw = True
823.7355 	EXP 	line3: autoDraw = True
823.7355 	EXP 	line4: autoDraw = True
824.7348 	INFO 	Keyboard events cleared
824.7346 	EXP 	fixation: autoDraw = False
824.7346 	EXP 	probe: autoDraw = True
825.4371 	EXP 	Device response: <KeyPress from None: t=825.4349982999993, value=x, duration=None>
825.4375 	EXP 	New trial (rep=27, index=96): <Trial 96 (96 in rep 27) data={'pos': 150, 'corr_resp': 'v', 'thisN': 96, 'thisTrialN': 96, 'thisRepN': 27}>
825.4383 	DATA 	Keypress: x
825.4525 	EXP 	fixation: autoDraw = False
825.4525 	EXP 	line1: autoDraw = False
825.4525 	EXP 	line2: autoDraw = False
825.4525 	EXP 	line3: autoDraw = False
825.4525 	EXP 	line4: autoDraw = False
825.4525 	EXP 	probe: autoDraw = False
825.6168 	EXP 	Device response: <KeyPress from None: t=825.4349982999993, value=x, duration=0.16794849999132566>
826.4525 	EXP 	fixation: autoDraw = True
826.4525 	EXP 	line1: autoDraw = True
826.4525 	EXP 	line2: autoDraw = True
826.4525 	EXP 	line3: autoDraw = True
826.4525 	EXP 	line4: autoDraw = True
827.4525 	INFO 	Keyboard events cleared
827.4523 	EXP 	fixation: autoDraw = False
827.4523 	EXP 	probe: autoDraw = True
828.0591 	EXP 	Device response: <KeyPress from None: t=828.0456509999931, value=v, duration=None>
828.0595 	EXP 	New trial (rep=28, index=97): <Trial 97 (97 in rep 28) data={'pos': 150, 'corr_resp': 'v', 'thisN': 97, 'thisTrialN': 97, 'thisRepN': 28}>
828.0605 	DATA 	Keypress: v
828.0758 	EXP 	fixation: autoDraw = False
828.0758 	EXP 	line1: autoDraw = False
828.0758 	EXP 	line2: autoDraw = False
828.0758 	EXP 	line3: autoDraw = False
828.0758 	EXP 	line4: autoDraw = False
828.0758 	EXP 	probe: autoDraw = False
828.2447 	EXP 	Device response: <KeyPress from None: t=828.0456509999931, value=v, duration=0.19854060000216123>
829.0602 	EXP 	fixation: autoDraw = True
829.0602 	EXP 	line1: autoDraw = True
829.0602 	EXP 	line2: autoDraw = True
829.0602 	EXP 	line3: autoDraw = True
829.0602 	EXP 	line4: autoDraw = True
830.0589 	INFO 	Keyboard events cleared
830.0587 	EXP 	fixation: autoDraw = False
830.0587 	EXP 	probe: autoDraw = True
830.5432 	DATA 	Keypress: v
830.5583 	EXP 	Device response: <KeyPress from None: t=830.5427135999926, value=v, duration=None>
830.5587 	EXP 	New trial (rep=20, index=98): <Trial 98 (98 in rep 20) data={'pos': 50, 'corr_resp': 'c', 'thisN': 98, 'thisTrialN': 98, 'thisRepN': 20}>
830.5750 	EXP 	fixation: autoDraw = False
830.5750 	EXP 	line1: autoDraw = False
830.5750 	EXP 	line2: autoDraw = False
830.5750 	EXP 	line3: autoDraw = False
830.5750 	EXP 	line4: autoDraw = False
830.5750 	EXP 	probe: autoDraw = False
830.7277 	EXP 	Device response: <KeyPress from None: t=830.5427135999926, value=v, duration=0.17437290000088979>
831.5578 	EXP 	fixation: autoDraw = True
831.5578 	EXP 	line1: autoDraw = True
831.5578 	EXP 	line2: autoDraw = True
831.5578 	EXP 	line3: autoDraw = True
831.5578 	EXP 	line4: autoDraw = True
832.5585 	INFO 	Keyboard events cleared
832.5584 	EXP 	fixation: autoDraw = False
832.5584 	EXP 	probe: autoDraw = True
833.0606 	DATA 	Keypress: c
833.0697 	EXP 	Device response: <KeyPress from None: t=833.0590231999959, value=c, duration=None>
833.0701 	EXP 	New trial (rep=29, index=99): <Trial 99 (99 in rep 29) data={'pos': -50, 'corr_resp': 'x', 'thisN': 99, 'thisTrialN': 99, 'thisRepN': 29}>
833.0836 	EXP 	fixation: autoDraw = False
833.0836 	EXP 	line1: autoDraw = False
833.0836 	EXP 	line2: autoDraw = False
833.0836 	EXP 	line3: autoDraw = False
833.0836 	EXP 	line4: autoDraw = False
833.0836 	EXP 	probe: autoDraw = False
833.3526 	EXP 	Device response: <KeyPress from None: t=833.0590231999959, value=c, duration=0.2816995000030147>
834.0688 	EXP 	fixation: autoDraw = True
834.0688 	EXP 	line1: autoDraw = True
834.0688 	EXP 	line2: autoDraw = True
834.0688 	EXP 	line3: autoDraw = True
834.0688 	EXP 	line4: autoDraw = True
835.0696 	INFO 	Keyboard events cleared
835.0694 	EXP 	fixation: autoDraw = False
835.0694 	EXP 	probe: autoDraw = True
835.7440 	DATA 	Keypress: x
835.7528 	EXP 	Device response: <KeyPress from None: t=835.7426495999971, value=x, duration=None>
835.7535 	EXP 	New trial (rep=30, index=100): <Trial 100 (100 in rep 30) data={'pos': -50, 'corr_resp': 'x', 'thisN': 100, 'thisTrialN': 100, 'thisRepN': 30}>
835.7663 	EXP 	fixation: autoDraw = False
835.7663 	EXP 	line1: autoDraw = False
835.7663 	EXP 	line2: autoDraw = False
835.7663 	EXP 	line3: autoDraw = False
835.7663 	EXP 	line4: autoDraw = False
835.7663 	EXP 	probe: autoDraw = False
835.9200 	EXP 	Device response: <KeyPress from None: t=835.7426495999971, value=x, duration=0.1684326999966288>
836.7514 	EXP 	fixation: autoDraw = True
836.7514 	EXP 	line1: autoDraw = True
836.7514 	EXP 	line2: autoDraw = True
836.7514 	EXP 	line3: autoDraw = True
836.7514 	EXP 	line4: autoDraw = True
837.7410 	EXP 	fixation: autoDraw = False
837.7495 	INFO 	Keyboard events cleared
837.7494 	EXP 	probe: autoDraw = True
838.2780 	EXP 	Device response: <KeyPress from None: t=838.265060699996, value=x, duration=None>
838.2786 	EXP 	New trial (rep=21, index=101): <Trial 101 (101 in rep 21) data={'pos': 50, 'corr_resp': 'c', 'thisN': 101, 'thisTrialN': 101, 'thisRepN': 21}>
838.2801 	DATA 	Keypress: x
838.2943 	EXP 	fixation: autoDraw = False
838.2943 	EXP 	line1: autoDraw = False
838.2943 	EXP 	line2: autoDraw = False
838.2943 	EXP 	line3: autoDraw = False
838.2943 	EXP 	line4: autoDraw = False
838.2943 	EXP 	probe: autoDraw = False
838.4276 	EXP 	Device response: <KeyPress from None: t=838.265060699996, value=x, duration=0.15708140000060666>
839.2944 	EXP 	fixation: autoDraw = True
839.2944 	EXP 	line1: autoDraw = True
839.2944 	EXP 	line2: autoDraw = True
839.2944 	EXP 	line3: autoDraw = True
839.2944 	EXP 	line4: autoDraw = True
840.2950 	INFO 	Keyboard events cleared
840.2948 	EXP 	fixation: autoDraw = False
840.2948 	EXP 	probe: autoDraw = True
840.7943 	EXP 	Device response: <KeyPress from None: t=840.7887644000002, value=x, duration=None>
840.7947 	EXP 	New trial (rep=20, index=102): <Trial 102 (102 in rep 20) data={'pos': -150, 'corr_resp': 'z', 'thisN': 102, 'thisTrialN': 102, 'thisRepN': 20}>
840.7959 	DATA 	Keypress: x
840.8104 	EXP 	fixation: autoDraw = False
840.8104 	EXP 	line1: autoDraw = False
840.8104 	EXP 	line2: autoDraw = False
840.8104 	EXP 	line3: autoDraw = False
840.8104 	EXP 	line4: autoDraw = False
840.8104 	EXP 	probe: autoDraw = False
840.8621 	EXP 	Device response: <KeyPress from None: t=840.8585785000032, value=c, duration=None>
840.8631 	DATA 	Keypress: c
841.0113 	EXP 	Device response: <KeyPress from None: t=840.8585785000032, value=c, duration=0.1449780999973882>
841.0278 	EXP 	Device response: <KeyPress from None: t=840.7887644000002, value=x, duration=0.22314209998876322>
841.8001 	EXP 	fixation: autoDraw = True
841.8001 	EXP 	line1: autoDraw = True
841.8001 	EXP 	line2: autoDraw = True
841.8001 	EXP 	line3: autoDraw = True
841.8001 	EXP 	line4: autoDraw = True
842.8016 	INFO 	Keyboard events cleared
842.8014 	EXP 	fixation: autoDraw = False
842.8014 	EXP 	probe: autoDraw = True
843.6598 	EXP 	Device response: <KeyPress from None: t=843.6549038999947, value=z, duration=None>
843.6601 	EXP 	New trial (rep=22, index=103): <Trial 103 (103 in rep 22) data={'pos': 50, 'corr_resp': 'c', 'thisN': 103, 'thisTrialN': 103, 'thisRepN': 22}>
843.6611 	DATA 	Keypress: z
843.6656 	EXP 	fixation: autoDraw = False
843.6656 	EXP 	line1: autoDraw = False
843.6656 	EXP 	line2: autoDraw = False
843.6656 	EXP 	line3: autoDraw = False
843.6656 	EXP 	line4: autoDraw = False
843.6656 	EXP 	probe: autoDraw = False
843.8352 	EXP 	Device response: <KeyPress from None: t=822.7176447999955, value=z, duration=21.110258000000613>
844.6689 	EXP 	fixation: autoDraw = True
844.6689 	EXP 	line1: autoDraw = True
844.6689 	EXP 	line2: autoDraw = True
844.6689 	EXP 	line3: autoDraw = True
844.6689 	EXP 	line4: autoDraw = True
845.6670 	INFO 	Keyboard events cleared
845.6668 	EXP 	fixation: autoDraw = False
845.6668 	EXP 	probe: autoDraw = True
846.1504 	EXP 	Device response: <KeyPress from None: t=846.1496031999995, value=c, duration=None>
846.1507 	EXP 	New trial (rep=29, index=104): <Trial 104 (104 in rep 29) data={'pos': 150, 'corr_resp': 'v', 'thisN': 104, 'thisTrialN': 104, 'thisRepN': 29}>
846.1524 	DATA 	Keypress: c
846.1688 	EXP 	fixation: autoDraw = False
846.1688 	EXP 	line1: autoDraw = False
846.1688 	EXP 	line2: autoDraw = False
846.1688 	EXP 	line3: autoDraw = False
846.1688 	EXP 	line4: autoDraw = False
846.1688 	EXP 	probe: autoDraw = False
846.3504 	EXP 	Device response: <KeyPress from None: t=846.1496031999995, value=c, duration=0.1942886000033468>
847.1519 	EXP 	fixation: autoDraw = True
847.1519 	EXP 	line1: autoDraw = True
847.1519 	EXP 	line2: autoDraw = True
847.1519 	EXP 	line3: autoDraw = True
847.1519 	EXP 	line4: autoDraw = True
848.1521 	INFO 	Keyboard events cleared
848.1519 	EXP 	fixation: autoDraw = False
848.1519 	EXP 	probe: autoDraw = True
848.6190 	EXP 	Device response: <KeyPress from None: t=848.6141397999891, value=v, duration=None>
848.6194 	EXP 	New trial (rep=31, index=105): <Trial 105 (105 in rep 31) data={'pos': -50, 'corr_resp': 'x', 'thisN': 105, 'thisTrialN': 105, 'thisRepN': 31}>
848.6207 	DATA 	Keypress: v
848.6352 	EXP 	fixation: autoDraw = False
848.6352 	EXP 	line1: autoDraw = False
848.6352 	EXP 	line2: autoDraw = False
848.6352 	EXP 	line3: autoDraw = False
848.6352 	EXP 	line4: autoDraw = False
848.6352 	EXP 	probe: autoDraw = False
848.8002 	EXP 	Device response: <KeyPress from None: t=848.6141397999891, value=v, duration=0.18157640000572428>
849.6194 	EXP 	fixation: autoDraw = True
849.6194 	EXP 	line1: autoDraw = True
849.6194 	EXP 	line2: autoDraw = True
849.6194 	EXP 	line3: autoDraw = True
849.6194 	EXP 	line4: autoDraw = True
850.6185 	INFO 	Keyboard events cleared
850.6184 	EXP 	fixation: autoDraw = False
850.6184 	EXP 	probe: autoDraw = True
850.9866 	EXP 	Device response: <KeyPress from None: t=850.9860292999947, value=x, duration=None>
850.9870 	EXP 	New trial (rep=21, index=106): <Trial 106 (106 in rep 21) data={'pos': -150, 'corr_resp': 'z', 'thisN': 106, 'thisTrialN': 106, 'thisRepN': 21}>
850.9885 	DATA 	Keypress: x
851.0027 	EXP 	fixation: autoDraw = False
851.0027 	EXP 	line1: autoDraw = False
851.0027 	EXP 	line2: autoDraw = False
851.0027 	EXP 	line3: autoDraw = False
851.0027 	EXP 	line4: autoDraw = False
851.0027 	EXP 	probe: autoDraw = False
851.1831 	EXP 	Device response: <KeyPress from None: t=850.9860292999947, value=x, duration=0.19079350000538398>
851.9942 	EXP 	fixation: autoDraw = True
851.9942 	EXP 	line1: autoDraw = True
851.9942 	EXP 	line2: autoDraw = True
851.9942 	EXP 	line3: autoDraw = True
851.9942 	EXP 	line4: autoDraw = True
852.9994 	INFO 	Keyboard events cleared
852.9993 	EXP 	fixation: autoDraw = False
852.9993 	EXP 	probe: autoDraw = True
853.4917 	EXP 	Device response: <KeyPress from None: t=853.4847767000028, value=z, duration=None>
853.4920 	EXP 	New trial (rep=30, index=107): <Trial 107 (107 in rep 30) data={'pos': 150, 'corr_resp': 'v', 'thisN': 107, 'thisTrialN': 107, 'thisRepN': 30}>
853.4929 	DATA 	Keypress: z
853.5000 	EXP 	fixation: autoDraw = False
853.5000 	EXP 	line1: autoDraw = False
853.5000 	EXP 	line2: autoDraw = False
853.5000 	EXP 	line3: autoDraw = False
853.5000 	EXP 	line4: autoDraw = False
853.5000 	EXP 	probe: autoDraw = False
853.6697 	EXP 	Device response: <KeyPress from None: t=843.6549038999947, value=z, duration=10.00177590000385>
854.5013 	EXP 	fixation: autoDraw = True
854.5013 	EXP 	line1: autoDraw = True
854.5013 	EXP 	line2: autoDraw = True
854.5013 	EXP 	line3: autoDraw = True
854.5013 	EXP 	line4: autoDraw = True
855.5022 	INFO 	Keyboard events cleared
855.5020 	EXP 	probe: autoDraw = True
855.5174 	EXP 	fixation: autoDraw = False
856.2047 	EXP 	Device response: <KeyPress from None: t=856.2011571999901, value=x, duration=None>
856.2052 	EXP 	New trial (rep=32, index=108): <Trial 108 (108 in rep 32) data={'pos': -50, 'corr_resp': 'x', 'thisN': 108, 'thisTrialN': 108, 'thisRepN': 32}>
856.2065 	DATA 	Keypress: x
856.2191 	EXP 	fixation: autoDraw = False
856.2191 	EXP 	line1: autoDraw = False
856.2191 	EXP 	line2: autoDraw = False
856.2191 	EXP 	line3: autoDraw = False
856.2191 	EXP 	line4: autoDraw = False
856.2191 	EXP 	probe: autoDraw = False
856.5700 	EXP 	Device response: <KeyPress from None: t=856.2011571999901, value=x, duration=0.35715260000142734>
857.2197 	EXP 	fixation: autoDraw = True
857.2197 	EXP 	line1: autoDraw = True
857.2197 	EXP 	line2: autoDraw = True
857.2197 	EXP 	line3: autoDraw = True
857.2197 	EXP 	line4: autoDraw = True
858.2184 	INFO 	Keyboard events cleared
858.2182 	EXP 	probe: autoDraw = True
858.2355 	EXP 	fixation: autoDraw = False
858.9338 	EXP 	Device response: <KeyPress from None: t=858.9208347999956, value=x, duration=None>
858.9341 	EXP 	New trial (rep=33, index=109): <Trial 109 (109 in rep 33) data={'pos': -50, 'corr_resp': 'x', 'thisN': 109, 'thisTrialN': 109, 'thisRepN': 33}>
858.9350 	DATA 	Keypress: x
858.9499 	EXP 	fixation: autoDraw = False
858.9499 	EXP 	line1: autoDraw = False
858.9499 	EXP 	line2: autoDraw = False
858.9499 	EXP 	line3: autoDraw = False
858.9499 	EXP 	line4: autoDraw = False
858.9499 	EXP 	probe: autoDraw = False
859.1699 	EXP 	Device response: <KeyPress from None: t=858.9208347999956, value=x, duration=0.24879409999994095>
859.9344 	EXP 	fixation: autoDraw = True
859.9344 	EXP 	line1: autoDraw = True
859.9344 	EXP 	line2: autoDraw = True
859.9344 	EXP 	line3: autoDraw = True
859.9344 	EXP 	line4: autoDraw = True
860.9347 	INFO 	Keyboard events cleared
860.9344 	EXP 	fixation: autoDraw = False
860.9344 	EXP 	probe: autoDraw = True
861.4699 	DATA 	Keypress: x
861.4851 	EXP 	Device response: <KeyPress from None: t=861.4684618000028, value=x, duration=None>
861.4857 	EXP 	New trial (rep=22, index=110): <Trial 110 (110 in rep 22) data={'pos': -150, 'corr_resp': 'z', 'thisN': 110, 'thisTrialN': 110, 'thisRepN': 22}>
861.5018 	EXP 	fixation: autoDraw = False
861.5018 	EXP 	line1: autoDraw = False
861.5018 	EXP 	line2: autoDraw = False
861.5018 	EXP 	line3: autoDraw = False
861.5018 	EXP 	line4: autoDraw = False
861.5018 	EXP 	probe: autoDraw = False
861.6360 	EXP 	Device response: <KeyPress from None: t=861.4684618000028, value=x, duration=0.15122279999195598>
862.4849 	EXP 	fixation: autoDraw = True
862.4849 	EXP 	line1: autoDraw = True
862.4849 	EXP 	line2: autoDraw = True
862.4849 	EXP 	line3: autoDraw = True
862.4849 	EXP 	line4: autoDraw = True
863.4827 	INFO 	Keyboard events cleared
863.4826 	EXP 	fixation: autoDraw = False
863.4826 	EXP 	probe: autoDraw = True
864.0528 	EXP 	Device response: <KeyPress from None: t=864.0412947000004, value=z, duration=None>
864.0532 	EXP 	New trial (rep=34, index=111): <Trial 111 (111 in rep 34) data={'pos': -50, 'corr_resp': 'x', 'thisN': 111, 'thisTrialN': 111, 'thisRepN': 34}>
864.0544 	DATA 	Keypress: z
864.0691 	EXP 	fixation: autoDraw = False
864.0691 	EXP 	line1: autoDraw = False
864.0691 	EXP 	line2: autoDraw = False
864.0691 	EXP 	line3: autoDraw = False
864.0691 	EXP 	line4: autoDraw = False
864.0691 	EXP 	probe: autoDraw = False
864.2002 	EXP 	Device response: <KeyPress from None: t=853.4847767000028, value=z, duration=10.708957199996803>
865.0692 	EXP 	fixation: autoDraw = True
865.0692 	EXP 	line1: autoDraw = True
865.0692 	EXP 	line2: autoDraw = True
865.0692 	EXP 	line3: autoDraw = True
865.0692 	EXP 	line4: autoDraw = True
866.0673 	INFO 	Keyboard events cleared
866.0671 	EXP 	probe: autoDraw = True
866.0836 	EXP 	fixation: autoDraw = False
866.6853 	EXP 	Device response: <KeyPress from None: t=866.6765146999969, value=x, duration=None>
866.6859 	EXP 	New trial (rep=23, index=112): <Trial 112 (112 in rep 23) data={'pos': -150, 'corr_resp': 'z', 'thisN': 112, 'thisTrialN': 112, 'thisRepN': 23}>
866.6871 	DATA 	Keypress: x
866.7023 	EXP 	fixation: autoDraw = False
866.7023 	EXP 	line1: autoDraw = False
866.7023 	EXP 	line2: autoDraw = False
866.7023 	EXP 	line3: autoDraw = False
866.7023 	EXP 	line4: autoDraw = False
866.7023 	EXP 	probe: autoDraw = False
866.9200 	EXP 	Device response: <KeyPress from None: t=866.6765146999969, value=x, duration=0.23501809999288525>
867.6859 	EXP 	fixation: autoDraw = True
867.6859 	EXP 	line1: autoDraw = True
867.6859 	EXP 	line2: autoDraw = True
867.6859 	EXP 	line3: autoDraw = True
867.6859 	EXP 	line4: autoDraw = True
868.6853 	INFO 	Keyboard events cleared
868.6851 	EXP 	fixation: autoDraw = False
868.6851 	EXP 	probe: autoDraw = True
869.1524 	EXP 	Device response: <KeyPress from None: t=869.1472235999972, value=z, duration=None>
869.1528 	EXP 	New trial (rep=31, index=113): <Trial 113 (113 in rep 31) data={'pos': 150, 'corr_resp': 'v', 'thisN': 113, 'thisTrialN': 113, 'thisRepN': 31}>
869.1540 	DATA 	Keypress: z
869.1688 	EXP 	fixation: autoDraw = False
869.1688 	EXP 	line1: autoDraw = False
869.1688 	EXP 	line2: autoDraw = False
869.1688 	EXP 	line3: autoDraw = False
869.1688 	EXP 	line4: autoDraw = False
869.1688 	EXP 	probe: autoDraw = False
869.3356 	EXP 	Device response: <KeyPress from None: t=864.0412947000004, value=z, duration=5.283756899996661>
870.1687 	EXP 	fixation: autoDraw = True
870.1687 	EXP 	line1: autoDraw = True
870.1687 	EXP 	line2: autoDraw = True
870.1687 	EXP 	line3: autoDraw = True
870.1687 	EXP 	line4: autoDraw = True
871.1520 	INFO 	Keyboard events cleared
871.1518 	EXP 	probe: autoDraw = True
871.1684 	EXP 	fixation: autoDraw = False
871.6523 	EXP 	Device response: <KeyPress from None: t=871.6520194999903, value=v, duration=None>
871.6536 	DATA 	Keypress: v
871.6717 	EXP 	New trial (rep=24, index=114): <Trial 114 (114 in rep 24) data={'pos': -150, 'corr_resp': 'z', 'thisN': 114, 'thisTrialN': 114, 'thisRepN': 24}>
871.6864 	EXP 	fixation: autoDraw = False
871.6864 	EXP 	line1: autoDraw = False
871.6864 	EXP 	line2: autoDraw = False
871.6864 	EXP 	line3: autoDraw = False
871.6864 	EXP 	line4: autoDraw = False
871.6864 	EXP 	probe: autoDraw = False
871.8369 	EXP 	Device response: <KeyPress from None: t=871.6520194999903, value=v, duration=0.17437420001078863>
872.6860 	EXP 	fixation: autoDraw = True
872.6860 	EXP 	line1: autoDraw = True
872.6860 	EXP 	line2: autoDraw = True
872.6860 	EXP 	line3: autoDraw = True
872.6860 	EXP 	line4: autoDraw = True
873.6858 	INFO 	Keyboard events cleared
873.6856 	EXP 	fixation: autoDraw = False
873.6856 	EXP 	probe: autoDraw = True
874.1378 	EXP 	Device response: <KeyPress from None: t=874.1270775000012, value=z, duration=None>
874.1383 	EXP 	New trial (rep=23, index=115): <Trial 115 (115 in rep 23) data={'pos': 50, 'corr_resp': 'c', 'thisN': 115, 'thisTrialN': 115, 'thisRepN': 23}>
874.1402 	DATA 	Keypress: z
874.1520 	EXP 	fixation: autoDraw = False
874.1520 	EXP 	line1: autoDraw = False
874.1520 	EXP 	line2: autoDraw = False
874.1520 	EXP 	line3: autoDraw = False
874.1520 	EXP 	line4: autoDraw = False
874.1520 	EXP 	probe: autoDraw = False
874.2855 	EXP 	Device response: <KeyPress from None: t=869.1472235999972, value=z, duration=5.129995700001018>
875.1517 	EXP 	fixation: autoDraw = True
875.1517 	EXP 	line1: autoDraw = True
875.1517 	EXP 	line2: autoDraw = True
875.1517 	EXP 	line3: autoDraw = True
875.1517 	EXP 	line4: autoDraw = True
876.1391 	INFO 	Keyboard events cleared
876.1388 	EXP 	probe: autoDraw = True
876.1549 	EXP 	fixation: autoDraw = False
876.6362 	EXP 	Device response: <KeyPress from None: t=876.6334861999931, value=c, duration=None>
876.6367 	EXP 	New trial (rep=32, index=116): <Trial 116 (116 in rep 32) data={'pos': 150, 'corr_resp': 'v', 'thisN': 116, 'thisTrialN': 116, 'thisRepN': 32}>
876.6379 	DATA 	Keypress: c
876.6517 	EXP 	fixation: autoDraw = False
876.6517 	EXP 	line1: autoDraw = False
876.6517 	EXP 	line2: autoDraw = False
876.6517 	EXP 	line3: autoDraw = False
876.6517 	EXP 	line4: autoDraw = False
876.6517 	EXP 	probe: autoDraw = False
876.8863 	EXP 	Device response: <KeyPress from None: t=876.6334861999931, value=c, duration=0.24884390000079293>
877.6518 	EXP 	fixation: autoDraw = True
877.6518 	EXP 	line1: autoDraw = True
877.6518 	EXP 	line2: autoDraw = True
877.6518 	EXP 	line3: autoDraw = True
877.6518 	EXP 	line4: autoDraw = True
878.6387 	INFO 	Keyboard events cleared
878.6384 	EXP 	probe: autoDraw = True
878.6549 	EXP 	fixation: autoDraw = False
879.1066 	EXP 	Device response: <KeyPress from None: t=879.1049321000028, value=v, duration=None>
879.1072 	EXP 	New trial (rep=24, index=117): <Trial 117 (117 in rep 24) data={'pos': 50, 'corr_resp': 'c', 'thisN': 117, 'thisTrialN': 117, 'thisRepN': 24}>
879.1099 	DATA 	Keypress: v
879.1212 	EXP 	fixation: autoDraw = False
879.1212 	EXP 	line1: autoDraw = False
879.1212 	EXP 	line2: autoDraw = False
879.1212 	EXP 	line3: autoDraw = False
879.1212 	EXP 	line4: autoDraw = False
879.1212 	EXP 	probe: autoDraw = False
879.2738 	EXP 	Device response: <KeyPress from None: t=879.1049321000028, value=v, duration=0.16715219999605324>
880.1158 	EXP 	fixation: autoDraw = True
880.1158 	EXP 	line1: autoDraw = True
880.1158 	EXP 	line2: autoDraw = True
880.1158 	EXP 	line3: autoDraw = True
880.1158 	EXP 	line4: autoDraw = True
881.1185 	INFO 	Keyboard events cleared
881.1183 	EXP 	fixation: autoDraw = False
881.1183 	EXP 	probe: autoDraw = True
881.5850 	EXP 	Device response: <KeyPress from None: t=881.5800149999995, value=c, duration=None>
881.5854 	EXP 	New trial (rep=25, index=118): <Trial 118 (118 in rep 25) data={'pos': 50, 'corr_resp': 'c', 'thisN': 118, 'thisTrialN': 118, 'thisRepN': 25}>
881.5867 	DATA 	Keypress: c
881.6010 	EXP 	fixation: autoDraw = False
881.6010 	EXP 	line1: autoDraw = False
881.6010 	EXP 	line2: autoDraw = False
881.6010 	EXP 	line3: autoDraw = False
881.6010 	EXP 	line4: autoDraw = False
881.6010 	EXP 	probe: autoDraw = False
881.7358 	EXP 	Device response: <KeyPress from None: t=881.5800149999995, value=c, duration=0.15331090000108816>
882.5994 	EXP 	fixation: autoDraw = True
882.5994 	EXP 	line1: autoDraw = True
882.5994 	EXP 	line2: autoDraw = True
882.5994 	EXP 	line3: autoDraw = True
882.5994 	EXP 	line4: autoDraw = True
883.5856 	INFO 	Keyboard events cleared
883.5854 	EXP 	probe: autoDraw = True
883.6016 	EXP 	fixation: autoDraw = False
883.9686 	EXP 	Device response: <KeyPress from None: t=883.9593730999914, value=c, duration=None>
883.9690 	EXP 	New trial (rep=35, index=119): <Trial 119 (119 in rep 35) data={'pos': -50, 'corr_resp': 'x', 'thisN': 119, 'thisTrialN': 119, 'thisRepN': 35}>
883.9703 	DATA 	Keypress: c
883.9853 	EXP 	fixation: autoDraw = False
883.9853 	EXP 	line1: autoDraw = False
883.9853 	EXP 	line2: autoDraw = False
883.9853 	EXP 	line3: autoDraw = False
883.9853 	EXP 	line4: autoDraw = False
883.9853 	EXP 	probe: autoDraw = False
884.1520 	EXP 	Device response: <KeyPress from None: t=883.9593730999914, value=c, duration=0.1829013000096893>
884.9677 	EXP 	fixation: autoDraw = True
884.9677 	EXP 	line1: autoDraw = True
884.9677 	EXP 	line2: autoDraw = True
884.9677 	EXP 	line3: autoDraw = True
884.9677 	EXP 	line4: autoDraw = True
885.9681 	INFO 	Keyboard events cleared
885.9679 	EXP 	fixation: autoDraw = False
885.9679 	EXP 	probe: autoDraw = True
887.1672 	EXP 	Device response: <KeyPress from None: t=887.1650811, value=x, duration=None>
887.1677 	EXP 	New trial (rep=26, index=120): <Trial 120 (120 in rep 26) data={'pos': 50, 'corr_resp': 'c', 'thisN': 120, 'thisTrialN': 120, 'thisRepN': 26}>
887.1686 	DATA 	Keypress: x
887.1848 	EXP 	fixation: autoDraw = False
887.1848 	EXP 	line1: autoDraw = False
887.1848 	EXP 	line2: autoDraw = False
887.1848 	EXP 	line3: autoDraw = False
887.1848 	EXP 	line4: autoDraw = False
887.1848 	EXP 	probe: autoDraw = False
887.3182 	EXP 	Device response: <KeyPress from None: t=887.1650811, value=x, duration=0.14808980000088923>
888.1702 	EXP 	fixation: autoDraw = True
888.1702 	EXP 	line1: autoDraw = True
888.1702 	EXP 	line2: autoDraw = True
888.1702 	EXP 	line3: autoDraw = True
888.1702 	EXP 	line4: autoDraw = True
889.1683 	INFO 	Keyboard events cleared
889.1681 	EXP 	probe: autoDraw = True
889.1850 	EXP 	fixation: autoDraw = False
889.7526 	EXP 	Device response: <KeyPress from None: t=889.7434761999903, value=c, duration=None>
889.7530 	EXP 	New trial (rep=27, index=121): <Trial 121 (121 in rep 27) data={'pos': 50, 'corr_resp': 'c', 'thisN': 121, 'thisTrialN': 121, 'thisRepN': 27}>
889.7543 	DATA 	Keypress: c
889.7679 	EXP 	fixation: autoDraw = False
889.7679 	EXP 	line1: autoDraw = False
889.7679 	EXP 	line2: autoDraw = False
889.7679 	EXP 	line3: autoDraw = False
889.7679 	EXP 	line4: autoDraw = False
889.7679 	EXP 	probe: autoDraw = False
889.9522 	EXP 	Device response: <KeyPress from None: t=889.7434761999903, value=c, duration=0.19742490000498947>
890.7516 	EXP 	fixation: autoDraw = True
890.7516 	EXP 	line1: autoDraw = True
890.7516 	EXP 	line2: autoDraw = True
890.7516 	EXP 	line3: autoDraw = True
890.7516 	EXP 	line4: autoDraw = True
891.7516 	INFO 	Keyboard events cleared
891.7514 	EXP 	fixation: autoDraw = False
891.7514 	EXP 	probe: autoDraw = True
892.4518 	EXP 	Device response: <KeyPress from None: t=892.4434886999952, value=c, duration=None>
892.4525 	EXP 	New trial (rep=25, index=122): <Trial 122 (122 in rep 25) data={'pos': -150, 'corr_resp': 'z', 'thisN': 122, 'thisTrialN': 122, 'thisRepN': 25}>
892.4534 	DATA 	Keypress: c
892.4684 	EXP 	fixation: autoDraw = False
892.4684 	EXP 	line1: autoDraw = False
892.4684 	EXP 	line2: autoDraw = False
892.4684 	EXP 	line3: autoDraw = False
892.4684 	EXP 	line4: autoDraw = False
892.4684 	EXP 	probe: autoDraw = False
892.7016 	EXP 	Device response: <KeyPress from None: t=892.4434886999952, value=c, duration=0.2530324999970617>
893.4546 	EXP 	fixation: autoDraw = True
893.4546 	EXP 	line1: autoDraw = True
893.4546 	EXP 	line2: autoDraw = True
893.4546 	EXP 	line3: autoDraw = True
893.4546 	EXP 	line4: autoDraw = True
894.4514 	INFO 	Keyboard events cleared
894.4513 	EXP 	probe: autoDraw = True
894.4680 	EXP 	fixation: autoDraw = False
895.6385 	DATA 	Keypress: z
895.6520 	EXP 	Device response: <KeyPress from None: t=895.637899399997, value=z, duration=None>
895.6524 	EXP 	New trial (rep=28, index=123): <Trial 123 (123 in rep 28) data={'pos': 50, 'corr_resp': 'c', 'thisN': 123, 'thisTrialN': 123, 'thisRepN': 28}>
895.6678 	EXP 	fixation: autoDraw = False
895.6678 	EXP 	line1: autoDraw = False
895.6678 	EXP 	line2: autoDraw = False
895.6678 	EXP 	line3: autoDraw = False
895.6678 	EXP 	line4: autoDraw = False
895.6678 	EXP 	probe: autoDraw = False
895.8669 	EXP 	Device response: <KeyPress from None: t=874.1270775000012, value=z, duration=21.739468599989777>
896.6688 	EXP 	fixation: autoDraw = True
896.6688 	EXP 	line1: autoDraw = True
896.6688 	EXP 	line2: autoDraw = True
896.6688 	EXP 	line3: autoDraw = True
896.6688 	EXP 	line4: autoDraw = True
897.6487 	INFO 	Keyboard events cleared
897.6485 	EXP 	probe: autoDraw = True
897.6652 	EXP 	fixation: autoDraw = False
898.1243 	EXP 	Device response: <KeyPress from None: t=898.1188219999894, value=c, duration=None>
898.1247 	EXP 	New trial (rep=33, index=124): <Trial 124 (124 in rep 33) data={'pos': 150, 'corr_resp': 'v', 'thisN': 124, 'thisTrialN': 124, 'thisRepN': 33}>
898.1261 	DATA 	Keypress: c
898.1319 	EXP 	fixation: autoDraw = False
898.1319 	EXP 	line1: autoDraw = False
898.1319 	EXP 	line2: autoDraw = False
898.1319 	EXP 	line3: autoDraw = False
898.1319 	EXP 	line4: autoDraw = False
898.1319 	EXP 	probe: autoDraw = False
898.3410 	EXP 	Device response: <KeyPress from None: t=898.1188219999894, value=c, duration=0.2177028000005521>
899.1347 	EXP 	fixation: autoDraw = True
899.1347 	EXP 	line1: autoDraw = True
899.1347 	EXP 	line2: autoDraw = True
899.1347 	EXP 	line3: autoDraw = True
899.1347 	EXP 	line4: autoDraw = True
900.1345 	INFO 	Keyboard events cleared
900.1343 	EXP 	fixation: autoDraw = False
900.1343 	EXP 	probe: autoDraw = True
900.7163 	EXP 	Device response: <KeyPress from None: t=900.7110042999993, value=c, duration=None>
900.7166 	EXP 	New trial (rep=26, index=125): <Trial 125 (125 in rep 26) data={'pos': -150, 'corr_resp': 'z', 'thisN': 125, 'thisTrialN': 125, 'thisRepN': 26}>
900.7174 	DATA 	Keypress: c
900.7233 	EXP 	fixation: autoDraw = False
900.7233 	EXP 	line1: autoDraw = False
900.7233 	EXP 	line2: autoDraw = False
900.7233 	EXP 	line3: autoDraw = False
900.7233 	EXP 	line4: autoDraw = False
900.7233 	EXP 	probe: autoDraw = False
901.0163 	EXP 	Device response: <KeyPress from None: t=900.7110042999993, value=c, duration=0.297770599994692>
901.7182 	EXP 	fixation: autoDraw = True
901.7182 	EXP 	line1: autoDraw = True
901.7182 	EXP 	line2: autoDraw = True
901.7182 	EXP 	line3: autoDraw = True
901.7182 	EXP 	line4: autoDraw = True
902.7185 	INFO 	Keyboard events cleared
902.7183 	EXP 	fixation: autoDraw = False
902.7183 	EXP 	probe: autoDraw = True
903.2189 	EXP 	Device response: <KeyPress from None: t=903.2161170999898, value=z, duration=None>
903.2193 	EXP 	New trial (rep=27, index=126): <Trial 126 (126 in rep 27) data={'pos': -150, 'corr_resp': 'z', 'thisN': 126, 'thisTrialN': 126, 'thisRepN': 27}>
903.2205 	DATA 	Keypress: z
903.2347 	EXP 	fixation: autoDraw = False
903.2347 	EXP 	line1: autoDraw = False
903.2347 	EXP 	line2: autoDraw = False
903.2347 	EXP 	line3: autoDraw = False
903.2347 	EXP 	line4: autoDraw = False
903.2347 	EXP 	probe: autoDraw = False
903.4022 	EXP 	Device response: <KeyPress from None: t=895.637899399997, value=z, duration=7.749074999999721>
904.2349 	EXP 	fixation: autoDraw = True
904.2349 	EXP 	line1: autoDraw = True
904.2349 	EXP 	line2: autoDraw = True
904.2349 	EXP 	line3: autoDraw = True
904.2349 	EXP 	line4: autoDraw = True
904.8517 	EXP 	Device response: <KeyPress from None: t=904.8462921000028, value=x, duration=None>
904.8535 	DATA 	Keypress: x
905.0688 	EXP 	Device response: <KeyPress from None: t=905.0569523000013, value=z, duration=None>
905.0705 	DATA 	Keypress: z
905.2353 	INFO 	Keyboard events cleared
905.2351 	EXP 	fixation: autoDraw = False
905.2351 	EXP 	probe: autoDraw = True
905.4186 	EXP 	Device response: <KeyPress from None: t=903.2161170999898, value=z, duration=2.1893478000129107>
906.1684 	EXP 	Device response: <KeyPress from None: t=906.1630787999893, value=z, duration=None>
906.1688 	EXP 	New trial (rep=28, index=127): <Trial 127 (127 in rep 28) data={'pos': -150, 'corr_resp': 'z', 'thisN': 127, 'thisTrialN': 127, 'thisRepN': 28}>
906.1701 	DATA 	Keypress: z
906.1843 	EXP 	fixation: autoDraw = False
906.1843 	EXP 	line1: autoDraw = False
906.1843 	EXP 	line2: autoDraw = False
906.1843 	EXP 	line3: autoDraw = False
906.1843 	EXP 	line4: autoDraw = False
906.1843 	EXP 	probe: autoDraw = False
906.3855 	EXP 	Device response: <KeyPress from None: t=904.8462921000028, value=x, duration=1.5379092999937711>
906.4190 	EXP 	Device response: <KeyPress from None: t=905.0569523000013, value=z, duration=1.360861399996793>
907.1848 	EXP 	fixation: autoDraw = True
907.1848 	EXP 	line1: autoDraw = True
907.1848 	EXP 	line2: autoDraw = True
907.1848 	EXP 	line3: autoDraw = True
907.1848 	EXP 	line4: autoDraw = True
908.1826 	INFO 	Keyboard events cleared
908.1824 	EXP 	probe: autoDraw = True
908.1995 	EXP 	fixation: autoDraw = False
908.3863 	EXP 	Device response: <KeyPress from None: t=908.374561699995, value=c, duration=None>
908.3864 	EXP 	Device response: <KeyPress from None: t=908.3838862999983, value=x, duration=None>
908.3868 	EXP 	New trial (rep=34, index=128): <Trial 128 (128 in rep 34) data={'pos': 150, 'corr_resp': 'v', 'thisN': 128, 'thisTrialN': 128, 'thisRepN': 34}>
908.3880 	DATA 	Keypress: c
908.3883 	DATA 	Keypress: x
908.4017 	EXP 	fixation: autoDraw = False
908.4017 	EXP 	line1: autoDraw = False
908.4017 	EXP 	line2: autoDraw = False
908.4017 	EXP 	line3: autoDraw = False
908.4017 	EXP 	line4: autoDraw = False
908.4017 	EXP 	probe: autoDraw = False
908.4026 	EXP 	Device response: <KeyPress from None: t=908.3938582999981, value=z, duration=None>
908.4036 	DATA 	Keypress: z
908.7019 	EXP 	Device response: <KeyPress from None: t=906.1630787999893, value=z, duration=2.523309500000323>
908.7181 	EXP 	Device response: <KeyPress from None: t=908.374561699995, value=c, duration=0.3291940000053728>
908.7182 	EXP 	Device response: <KeyPress from None: t=908.3838862999983, value=x, duration=0.3295561999984784>
909.4015 	EXP 	fixation: autoDraw = True
909.4015 	EXP 	line1: autoDraw = True
909.4015 	EXP 	line2: autoDraw = True
909.4015 	EXP 	line3: autoDraw = True
909.4015 	EXP 	line4: autoDraw = True
910.4021 	INFO 	Keyboard events cleared
910.4019 	EXP 	fixation: autoDraw = False
910.4019 	EXP 	probe: autoDraw = True
910.9337 	EXP 	Device response: <KeyPress from None: t=910.9205045999988, value=v, duration=None>
910.9341 	EXP 	New trial (rep=36, index=129): <Trial 129 (129 in rep 36) data={'pos': -50, 'corr_resp': 'x', 'thisN': 129, 'thisTrialN': 129, 'thisRepN': 36}>
910.9353 	DATA 	Keypress: v
910.9494 	EXP 	fixation: autoDraw = False
910.9494 	EXP 	line1: autoDraw = False
910.9494 	EXP 	line2: autoDraw = False
910.9494 	EXP 	line3: autoDraw = False
910.9494 	EXP 	line4: autoDraw = False
910.9494 	EXP 	probe: autoDraw = False
911.0492 	EXP 	Device response: <KeyPress from None: t=910.9205045999988, value=v, duration=0.12375240000255872>
911.9342 	EXP 	fixation: autoDraw = True
911.9342 	EXP 	line1: autoDraw = True
911.9342 	EXP 	line2: autoDraw = True
911.9342 	EXP 	line3: autoDraw = True
911.9342 	EXP 	line4: autoDraw = True
912.9493 	INFO 	Keyboard events cleared
912.9492 	EXP 	fixation: autoDraw = False
912.9492 	EXP 	probe: autoDraw = True
913.2655 	EXP 	Device response: <KeyPress from None: t=913.2632071999979, value=x, duration=None>
913.2659 	EXP 	New trial (rep=35, index=130): <Trial 130 (130 in rep 35) data={'pos': 150, 'corr_resp': 'v', 'thisN': 130, 'thisTrialN': 130, 'thisRepN': 35}>
913.2669 	DATA 	Keypress: x
913.2825 	EXP 	fixation: autoDraw = False
913.2825 	EXP 	line1: autoDraw = False
913.2825 	EXP 	line2: autoDraw = False
913.2825 	EXP 	line3: autoDraw = False
913.2825 	EXP 	line4: autoDraw = False
913.2825 	EXP 	probe: autoDraw = False
913.7355 	EXP 	Device response: <KeyPress from None: t=913.2632071999979, value=x, duration=0.460403299992322>
914.2682 	EXP 	fixation: autoDraw = True
914.2682 	EXP 	line1: autoDraw = True
914.2682 	EXP 	line2: autoDraw = True
914.2682 	EXP 	line3: autoDraw = True
914.2682 	EXP 	line4: autoDraw = True
915.2666 	INFO 	Keyboard events cleared
915.2664 	EXP 	probe: autoDraw = True
915.2825 	EXP 	fixation: autoDraw = False
915.8019 	EXP 	Device response: <KeyPress from None: t=915.7865201999957, value=v, duration=None>
915.8023 	EXP 	New trial (rep=29, index=131): <Trial 131 (131 in rep 29) data={'pos': -150, 'corr_resp': 'z', 'thisN': 131, 'thisTrialN': 131, 'thisRepN': 29}>
915.8037 	DATA 	Keypress: v
915.8175 	EXP 	fixation: autoDraw = False
915.8175 	EXP 	line1: autoDraw = False
915.8175 	EXP 	line2: autoDraw = False
915.8175 	EXP 	line3: autoDraw = False
915.8175 	EXP 	line4: autoDraw = False
915.8175 	EXP 	probe: autoDraw = False
915.9854 	EXP 	Device response: <KeyPress from None: t=915.7865201999957, value=v, duration=0.19778750000114087>
916.8177 	EXP 	fixation: autoDraw = True
916.8177 	EXP 	line1: autoDraw = True
916.8177 	EXP 	line2: autoDraw = True
916.8177 	EXP 	line3: autoDraw = True
916.8177 	EXP 	line4: autoDraw = True
917.8020 	INFO 	Keyboard events cleared
917.8018 	EXP 	probe: autoDraw = True
917.8162 	EXP 	fixation: autoDraw = False
918.1688 	EXP 	Device response: <KeyPress from None: t=918.155254799989, value=z, duration=None>
918.1691 	EXP 	New trial (rep=30, index=132): <Trial 132 (132 in rep 30) data={'pos': -150, 'corr_resp': 'z', 'thisN': 132, 'thisTrialN': 132, 'thisRepN': 30}>
918.1699 	DATA 	Keypress: z
918.1848 	EXP 	fixation: autoDraw = False
918.1848 	EXP 	line1: autoDraw = False
918.1848 	EXP 	line2: autoDraw = False
918.1848 	EXP 	line3: autoDraw = False
918.1848 	EXP 	line4: autoDraw = False
918.1848 	EXP 	probe: autoDraw = False
918.2853 	EXP 	Device response: <KeyPress from None: t=908.3938582999981, value=z, duration=9.886354499991285>
919.1680 	EXP 	fixation: autoDraw = True
919.1680 	EXP 	line1: autoDraw = True
919.1680 	EXP 	line2: autoDraw = True
919.1680 	EXP 	line3: autoDraw = True
919.1680 	EXP 	line4: autoDraw = True
920.1681 	EXP 	fixation: autoDraw = False
920.1846 	INFO 	Keyboard events cleared
920.1844 	EXP 	probe: autoDraw = True
920.3360 	EXP 	Device response: <KeyPress from None: t=920.3228864999983, value=x, duration=None>
920.3364 	EXP 	New trial (rep=37, index=133): <Trial 133 (133 in rep 37) data={'pos': -50, 'corr_resp': 'x', 'thisN': 133, 'thisTrialN': 133, 'thisRepN': 37}>
920.3377 	DATA 	Keypress: x
920.3514 	EXP 	fixation: autoDraw = False
920.3514 	EXP 	line1: autoDraw = False
920.3514 	EXP 	line2: autoDraw = False
920.3514 	EXP 	line3: autoDraw = False
920.3514 	EXP 	line4: autoDraw = False
920.3514 	EXP 	probe: autoDraw = False
920.5351 	EXP 	Device response: <KeyPress from None: t=920.3228864999983, value=x, duration=0.20618739999190439>
921.3509 	EXP 	fixation: autoDraw = True
921.3509 	EXP 	line1: autoDraw = True
921.3509 	EXP 	line2: autoDraw = True
921.3509 	EXP 	line3: autoDraw = True
921.3509 	EXP 	line4: autoDraw = True
922.3380 	INFO 	Keyboard events cleared
922.3377 	EXP 	probe: autoDraw = True
922.3547 	EXP 	fixation: autoDraw = False
922.6727 	EXP 	Device response: <KeyPress from None: t=922.6659014999896, value=z, duration=None>
922.6735 	EXP 	New trial (rep=29, index=134): <Trial 134 (134 in rep 29) data={'pos': 50, 'corr_resp': 'c', 'thisN': 134, 'thisTrialN': 134, 'thisRepN': 29}>
922.6761 	DATA 	Keypress: z
922.6892 	EXP 	fixation: autoDraw = False
922.6892 	EXP 	line1: autoDraw = False
922.6892 	EXP 	line2: autoDraw = False
922.6892 	EXP 	line3: autoDraw = False
922.6892 	EXP 	line4: autoDraw = False
922.6892 	EXP 	probe: autoDraw = False
922.9015 	EXP 	Device response: <KeyPress from None: t=918.155254799989, value=z, duration=4.733231400008663>
923.6870 	EXP 	fixation: autoDraw = True
923.6870 	EXP 	line1: autoDraw = True
923.6870 	EXP 	line2: autoDraw = True
923.6870 	EXP 	line3: autoDraw = True
923.6870 	EXP 	line4: autoDraw = True
924.6846 	INFO 	Keyboard events cleared
924.6844 	EXP 	probe: autoDraw = True
924.7017 	EXP 	fixation: autoDraw = False
925.1096 	DATA 	Keypress: c
925.1223 	EXP 	Device response: <KeyPress from None: t=925.1067189000023, value=c, duration=None>
925.1230 	EXP 	New trial (rep=31, index=135): <Trial 135 (135 in rep 31) data={'pos': -150, 'corr_resp': 'z', 'thisN': 135, 'thisTrialN': 135, 'thisRepN': 31}>
925.1379 	EXP 	fixation: autoDraw = False
925.1379 	EXP 	line1: autoDraw = False
925.1379 	EXP 	line2: autoDraw = False
925.1379 	EXP 	line3: autoDraw = False
925.1379 	EXP 	line4: autoDraw = False
925.1379 	EXP 	probe: autoDraw = False
925.4354 	EXP 	Device response: <KeyPress from None: t=925.1067189000023, value=c, duration=0.313499399999273>
926.1349 	EXP 	fixation: autoDraw = True
926.1349 	EXP 	line1: autoDraw = True
926.1349 	EXP 	line2: autoDraw = True
926.1349 	EXP 	line3: autoDraw = True
926.1349 	EXP 	line4: autoDraw = True
927.1319 	INFO 	Keyboard events cleared
927.1317 	EXP 	probe: autoDraw = True
927.1483 	EXP 	fixation: autoDraw = False
927.7517 	EXP 	Device response: <KeyPress from None: t=927.7373908000009, value=z, duration=None>
927.7522 	EXP 	New trial (rep=38, index=136): <Trial 136 (136 in rep 38) data={'pos': -50, 'corr_resp': 'x', 'thisN': 136, 'thisTrialN': 136, 'thisRepN': 38}>
927.7534 	DATA 	Keypress: z
927.7680 	EXP 	fixation: autoDraw = False
927.7680 	EXP 	line1: autoDraw = False
927.7680 	EXP 	line2: autoDraw = False
927.7680 	EXP 	line3: autoDraw = False
927.7680 	EXP 	line4: autoDraw = False
927.7680 	EXP 	probe: autoDraw = False
927.9013 	EXP 	Device response: <KeyPress from None: t=922.6659014999896, value=z, duration=5.222782700002426>
928.7675 	EXP 	fixation: autoDraw = True
928.7675 	EXP 	line1: autoDraw = True
928.7675 	EXP 	line2: autoDraw = True
928.7675 	EXP 	line3: autoDraw = True
928.7675 	EXP 	line4: autoDraw = True
929.7525 	INFO 	Keyboard events cleared
929.7522 	EXP 	probe: autoDraw = True
929.7549 	DATA 	Keypress: x
929.7678 	EXP 	fixation: autoDraw = False
930.3832 	EXP 	Device response: <KeyPress from None: t=930.3810853000032, value=x, duration=None>
930.3836 	EXP 	New trial (rep=30, index=137): <Trial 137 (137 in rep 30) data={'pos': 50, 'corr_resp': 'c', 'thisN': 137, 'thisTrialN': 137, 'thisRepN': 30}>
930.3846 	DATA 	Keypress: x
930.3989 	EXP 	fixation: autoDraw = False
930.3989 	EXP 	line1: autoDraw = False
930.3989 	EXP 	line2: autoDraw = False
930.3989 	EXP 	line3: autoDraw = False
930.3989 	EXP 	line4: autoDraw = False
930.3989 	EXP 	probe: autoDraw = False
930.5349 	EXP 	Device response: <KeyPress from None: t=930.3810853000032, value=x, duration=0.14064359999611042>
931.3849 	EXP 	fixation: autoDraw = True
931.3849 	EXP 	line1: autoDraw = True
931.3849 	EXP 	line2: autoDraw = True
931.3849 	EXP 	line3: autoDraw = True
931.3849 	EXP 	line4: autoDraw = True
932.3848 	INFO 	Keyboard events cleared
932.3846 	EXP 	fixation: autoDraw = False
932.3846 	EXP 	probe: autoDraw = True
932.9013 	EXP 	Device response: <KeyPress from None: t=932.8948275000002, value=c, duration=None>
932.9016 	EXP 	New trial (rep=36, index=138): <Trial 138 (138 in rep 36) data={'pos': 150, 'corr_resp': 'v', 'thisN': 138, 'thisTrialN': 138, 'thisRepN': 36}>
932.9027 	DATA 	Keypress: c
932.9176 	EXP 	fixation: autoDraw = False
932.9176 	EXP 	line1: autoDraw = False
932.9176 	EXP 	line2: autoDraw = False
932.9176 	EXP 	line3: autoDraw = False
932.9176 	EXP 	line4: autoDraw = False
932.9176 	EXP 	probe: autoDraw = False
933.0849 	EXP 	Device response: <KeyPress from None: t=932.8948275000002, value=c, duration=0.1813761999947019>
933.9011 	EXP 	fixation: autoDraw = True
933.9011 	EXP 	line1: autoDraw = True
933.9011 	EXP 	line2: autoDraw = True
933.9011 	EXP 	line3: autoDraw = True
933.9011 	EXP 	line4: autoDraw = True
934.9011 	INFO 	Keyboard events cleared
934.9009 	EXP 	fixation: autoDraw = False
934.9009 	EXP 	probe: autoDraw = True
935.9516 	EXP 	Device response: <KeyPress from None: t=935.9462261000008, value=v, duration=None>
935.9520 	EXP 	New trial (rep=32, index=139): <Trial 139 (139 in rep 32) data={'pos': -150, 'corr_resp': 'z', 'thisN': 139, 'thisTrialN': 139, 'thisRepN': 32}>
935.9533 	DATA 	Keypress: v
935.9675 	EXP 	fixation: autoDraw = False
935.9675 	EXP 	line1: autoDraw = False
935.9675 	EXP 	line2: autoDraw = False
935.9675 	EXP 	line3: autoDraw = False
935.9675 	EXP 	line4: autoDraw = False
935.9675 	EXP 	probe: autoDraw = False
936.1511 	EXP 	Device response: <KeyPress from None: t=935.9462261000008, value=v, duration=0.19804889999795705>
936.9506 	EXP 	fixation: autoDraw = True
936.9506 	EXP 	line1: autoDraw = True
936.9506 	EXP 	line2: autoDraw = True
936.9506 	EXP 	line3: autoDraw = True
936.9506 	EXP 	line4: autoDraw = True
937.9512 	EXP 	fixation: autoDraw = False
937.9673 	INFO 	Keyboard events cleared
937.9670 	EXP 	probe: autoDraw = True
938.6348 	EXP 	Device response: <KeyPress from None: t=938.6206886, value=z, duration=None>
938.6352 	EXP 	New trial (rep=37, index=140): <Trial 140 (140 in rep 37) data={'pos': 150, 'corr_resp': 'v', 'thisN': 140, 'thisTrialN': 140, 'thisRepN': 37}>
938.6365 	DATA 	Keypress: z
938.6510 	EXP 	fixation: autoDraw = False
938.6510 	EXP 	line1: autoDraw = False
938.6510 	EXP 	line2: autoDraw = False
938.6510 	EXP 	line3: autoDraw = False
938.6510 	EXP 	line4: autoDraw = False
938.6510 	EXP 	probe: autoDraw = False
938.8194 	EXP 	Device response: <KeyPress from None: t=927.7373908000009, value=z, duration=11.073709399992367>
939.6493 	EXP 	fixation: autoDraw = True
939.6493 	EXP 	line1: autoDraw = True
939.6493 	EXP 	line2: autoDraw = True
939.6493 	EXP 	line3: autoDraw = True
939.6493 	EXP 	line4: autoDraw = True
940.6317 	INFO 	Keyboard events cleared
940.6315 	EXP 	probe: autoDraw = True
940.6655 	EXP 	fixation: autoDraw = False
941.2329 	EXP 	Device response: <KeyPress from None: t=941.228065999996, value=v, duration=None>
941.2334 	EXP 	New trial (rep=39, index=141): <Trial 141 (141 in rep 39) data={'pos': -50, 'corr_resp': 'x', 'thisN': 141, 'thisTrialN': 141, 'thisRepN': 39}>
941.2346 	DATA 	Keypress: v
941.2489 	EXP 	fixation: autoDraw = False
941.2489 	EXP 	line1: autoDraw = False
941.2489 	EXP 	line2: autoDraw = False
941.2489 	EXP 	line3: autoDraw = False
941.2489 	EXP 	line4: autoDraw = False
941.2489 	EXP 	probe: autoDraw = False
941.4515 	EXP 	Device response: <KeyPress from None: t=941.228065999996, value=v, duration=0.20846029999665916>
942.2344 	EXP 	fixation: autoDraw = True
942.2344 	EXP 	line1: autoDraw = True
942.2344 	EXP 	line2: autoDraw = True
942.2344 	EXP 	line3: autoDraw = True
942.2344 	EXP 	line4: autoDraw = True
943.2497 	INFO 	Keyboard events cleared
943.2496 	EXP 	fixation: autoDraw = False
943.2496 	EXP 	probe: autoDraw = True
944.5507 	EXP 	Device response: <KeyPress from None: t=944.5455158999976, value=x, duration=None>
944.5512 	EXP 	New trial (rep=33, index=142): <Trial 142 (142 in rep 33) data={'pos': -150, 'corr_resp': 'z', 'thisN': 142, 'thisTrialN': 142, 'thisRepN': 33}>
944.5521 	DATA 	Keypress: x
944.5671 	EXP 	fixation: autoDraw = False
944.5671 	EXP 	line1: autoDraw = False
944.5671 	EXP 	line2: autoDraw = False
944.5671 	EXP 	line3: autoDraw = False
944.5671 	EXP 	line4: autoDraw = False
944.5671 	EXP 	probe: autoDraw = False
944.7332 	EXP 	Device response: <KeyPress from None: t=944.5455158999976, value=x, duration=0.17856570000003558>
945.5512 	EXP 	fixation: autoDraw = True
945.5512 	EXP 	line1: autoDraw = True
945.5512 	EXP 	line2: autoDraw = True
945.5512 	EXP 	line3: autoDraw = True
945.5512 	EXP 	line4: autoDraw = True
946.5510 	INFO 	Keyboard events cleared
946.5509 	EXP 	fixation: autoDraw = False
946.5509 	EXP 	probe: autoDraw = True
946.9865 	EXP 	Device response: <KeyPress from None: t=946.9826361000014, value=z, duration=None>
946.9869 	EXP 	New trial (rep=34, index=143): <Trial 143 (143 in rep 34) data={'pos': -150, 'corr_resp': 'z', 'thisN': 143, 'thisTrialN': 143, 'thisRepN': 34}>
946.9884 	DATA 	Keypress: z
947.0009 	EXP 	fixation: autoDraw = False
947.0009 	EXP 	line1: autoDraw = False
947.0009 	EXP 	line2: autoDraw = False
947.0009 	EXP 	line3: autoDraw = False
947.0009 	EXP 	line4: autoDraw = False
947.0009 	EXP 	probe: autoDraw = False
947.1191 	EXP 	Device response: <KeyPress from None: t=938.6206886, value=z, duration=8.495734099997208>
948.0009 	EXP 	fixation: autoDraw = True
948.0009 	EXP 	line1: autoDraw = True
948.0009 	EXP 	line2: autoDraw = True
948.0009 	EXP 	line3: autoDraw = True
948.0009 	EXP 	line4: autoDraw = True
949.0011 	INFO 	Keyboard events cleared
949.0009 	EXP 	fixation: autoDraw = False
949.0009 	EXP 	probe: autoDraw = True
949.5018 	EXP 	Device response: <KeyPress from None: t=949.4937355000002, value=z, duration=None>
949.5023 	EXP 	New trial (rep=38, index=144): <Trial 144 (144 in rep 38) data={'pos': 150, 'corr_resp': 'v', 'thisN': 144, 'thisTrialN': 144, 'thisRepN': 38}>
949.5036 	DATA 	Keypress: z
949.5182 	EXP 	fixation: autoDraw = False
949.5182 	EXP 	line1: autoDraw = False
949.5182 	EXP 	line2: autoDraw = False
949.5182 	EXP 	line3: autoDraw = False
949.5182 	EXP 	line4: autoDraw = False
949.5182 	EXP 	probe: autoDraw = False
949.7021 	EXP 	Device response: <KeyPress from None: t=946.9826361000014, value=z, duration=2.7172653000016>
950.5178 	EXP 	fixation: autoDraw = True
950.5178 	EXP 	line1: autoDraw = True
950.5178 	EXP 	line2: autoDraw = True
950.5178 	EXP 	line3: autoDraw = True
950.5178 	EXP 	line4: autoDraw = True
951.5182 	INFO 	Keyboard events cleared
951.5180 	EXP 	probe: autoDraw = True
951.5339 	EXP 	fixation: autoDraw = False
952.1517 	EXP 	Device response: <KeyPress from None: t=952.1364606999996, value=v, duration=None>
952.1521 	EXP 	New trial (rep=40, index=145): <Trial 145 (145 in rep 40) data={'pos': -50, 'corr_resp': 'x', 'thisN': 145, 'thisTrialN': 145, 'thisRepN': 40}>
952.1537 	DATA 	Keypress: v
952.1681 	EXP 	fixation: autoDraw = False
952.1681 	EXP 	line1: autoDraw = False
952.1681 	EXP 	line2: autoDraw = False
952.1681 	EXP 	line3: autoDraw = False
952.1681 	EXP 	line4: autoDraw = False
952.1681 	EXP 	probe: autoDraw = False
952.3501 	EXP 	Device response: <KeyPress from None: t=952.1364606999996, value=v, duration=0.20054829999571666>
953.1505 	EXP 	fixation: autoDraw = True
953.1505 	EXP 	line1: autoDraw = True
953.1505 	EXP 	line2: autoDraw = True
953.1505 	EXP 	line3: autoDraw = True
953.1505 	EXP 	line4: autoDraw = True
954.1677 	INFO 	Keyboard events cleared
954.1675 	EXP 	fixation: autoDraw = False
954.1675 	EXP 	probe: autoDraw = True
954.7181 	EXP 	Device response: <KeyPress from None: t=954.7131519999966, value=x, duration=None>
954.7184 	EXP 	New trial (rep=39, index=146): <Trial 146 (146 in rep 39) data={'pos': 150, 'corr_resp': 'v', 'thisN': 146, 'thisTrialN': 146, 'thisRepN': 39}>
954.7193 	DATA 	Keypress: x
954.7334 	EXP 	fixation: autoDraw = False
954.7334 	EXP 	line1: autoDraw = False
954.7334 	EXP 	line2: autoDraw = False
954.7334 	EXP 	line3: autoDraw = False
954.7334 	EXP 	line4: autoDraw = False
954.7334 	EXP 	probe: autoDraw = False
954.9020 	EXP 	Device response: <KeyPress from None: t=954.7131519999966, value=x, duration=0.17581509999581613>
955.7183 	EXP 	fixation: autoDraw = True
955.7183 	EXP 	line1: autoDraw = True
955.7183 	EXP 	line2: autoDraw = True
955.7183 	EXP 	line3: autoDraw = True
955.7183 	EXP 	line4: autoDraw = True
956.7179 	INFO 	Keyboard events cleared
956.7177 	EXP 	fixation: autoDraw = False
956.7177 	EXP 	probe: autoDraw = True
957.2364 	DATA 	Keypress: v
957.2509 	EXP 	Device response: <KeyPress from None: t=957.2358165999904, value=v, duration=None>
957.2512 	EXP 	New trial (rep=31, index=147): <Trial 147 (147 in rep 31) data={'pos': 50, 'corr_resp': 'c', 'thisN': 147, 'thisTrialN': 147, 'thisRepN': 31}>
957.2678 	EXP 	fixation: autoDraw = False
957.2678 	EXP 	line1: autoDraw = False
957.2678 	EXP 	line2: autoDraw = False
957.2678 	EXP 	line3: autoDraw = False
957.2678 	EXP 	line4: autoDraw = False
957.2678 	EXP 	probe: autoDraw = False
957.4183 	EXP 	Device response: <KeyPress from None: t=957.2358165999904, value=v, duration=0.17274410001118667>
958.2513 	EXP 	fixation: autoDraw = True
958.2513 	EXP 	line1: autoDraw = True
958.2513 	EXP 	line2: autoDraw = True
958.2513 	EXP 	line3: autoDraw = True
958.2513 	EXP 	line4: autoDraw = True
959.2502 	INFO 	Keyboard events cleared
959.2500 	EXP 	fixation: autoDraw = False
959.2500 	EXP 	probe: autoDraw = True
959.7845 	EXP 	Device response: <KeyPress from None: t=959.7739139999903, value=c, duration=None>
959.7849 	EXP 	New trial (rep=35, index=148): <Trial 148 (148 in rep 35) data={'pos': -150, 'corr_resp': 'z', 'thisN': 148, 'thisTrialN': 148, 'thisRepN': 35}>
959.7865 	DATA 	Keypress: c
959.8017 	EXP 	fixation: autoDraw = False
959.8017 	EXP 	line1: autoDraw = False
959.8017 	EXP 	line2: autoDraw = False
959.8017 	EXP 	line3: autoDraw = False
959.8017 	EXP 	line4: autoDraw = False
959.8017 	EXP 	probe: autoDraw = False
959.9682 	EXP 	Device response: <KeyPress from None: t=959.7739139999903, value=c, duration=0.18858030000410508>
960.7985 	EXP 	fixation: autoDraw = True
960.7985 	EXP 	line1: autoDraw = True
960.7985 	EXP 	line2: autoDraw = True
960.7985 	EXP 	line3: autoDraw = True
960.7985 	EXP 	line4: autoDraw = True
961.7844 	INFO 	Keyboard events cleared
961.7842 	EXP 	probe: autoDraw = True
961.8004 	EXP 	fixation: autoDraw = False
965.5489 	EXP 	Device response: <KeyPress from None: t=965.5395381999988, value=z, duration=None>
965.5493 	EXP 	New trial (rep=36, index=149): <Trial 149 (149 in rep 36) data={'pos': -150, 'corr_resp': 'z', 'thisN': 149, 'thisTrialN': 149, 'thisRepN': 36}>
965.5502 	DATA 	Keypress: z
965.5677 	EXP 	fixation: autoDraw = False
965.5677 	EXP 	line1: autoDraw = False
965.5677 	EXP 	line2: autoDraw = False
965.5677 	EXP 	line3: autoDraw = False
965.5677 	EXP 	line4: autoDraw = False
965.5677 	EXP 	probe: autoDraw = False
965.7678 	EXP 	Device response: <KeyPress from None: t=949.4937355000002, value=z, duration=16.261814799989224>
966.5484 	EXP 	fixation: autoDraw = True
966.5484 	EXP 	line1: autoDraw = True
966.5484 	EXP 	line2: autoDraw = True
966.5484 	EXP 	line3: autoDraw = True
966.5484 	EXP 	line4: autoDraw = True
967.5505 	INFO 	Keyboard events cleared
967.5503 	EXP 	fixation: autoDraw = False
967.5503 	EXP 	probe: autoDraw = True
968.2678 	EXP 	Device response: <KeyPress from None: t=968.2628612999979, value=z, duration=None>
968.2682 	EXP 	New trial (rep=37, index=150): <Trial 150 (150 in rep 37) data={'pos': -150, 'corr_resp': 'z', 'thisN': 150, 'thisTrialN': 150, 'thisRepN': 37}>
968.2694 	DATA 	Keypress: z
968.2848 	EXP 	fixation: autoDraw = False
968.2848 	EXP 	line1: autoDraw = False
968.2848 	EXP 	line2: autoDraw = False
968.2848 	EXP 	line3: autoDraw = False
968.2848 	EXP 	line4: autoDraw = False
968.2848 	EXP 	probe: autoDraw = False
968.4513 	EXP 	Device response: <KeyPress from None: t=965.5395381999988, value=z, duration=2.9066178999928525>
969.2818 	EXP 	fixation: autoDraw = True
969.2818 	EXP 	line1: autoDraw = True
969.2818 	EXP 	line2: autoDraw = True
969.2818 	EXP 	line3: autoDraw = True
969.2818 	EXP 	line4: autoDraw = True
970.2828 	INFO 	Keyboard events cleared
970.2826 	EXP 	fixation: autoDraw = False
970.2826 	EXP 	probe: autoDraw = True
971.0364 	EXP 	Device response: <KeyPress from None: t=971.0359590000007, value=z, duration=None>
971.0368 	EXP 	New trial (rep=40, index=151): <Trial 151 (151 in rep 40) data={'pos': 150, 'corr_resp': 'v', 'thisN': 151, 'thisTrialN': 151, 'thisRepN': 40}>
971.0381 	DATA 	Keypress: z
971.0513 	EXP 	fixation: autoDraw = False
971.0513 	EXP 	line1: autoDraw = False
971.0513 	EXP 	line2: autoDraw = False
971.0513 	EXP 	line3: autoDraw = False
971.0513 	EXP 	line4: autoDraw = False
971.0513 	EXP 	probe: autoDraw = False
971.2058 	EXP 	Device response: <KeyPress from None: t=968.2628612999979, value=z, duration=2.9370430999988457>
972.0499 	EXP 	fixation: autoDraw = True
972.0499 	EXP 	line1: autoDraw = True
972.0499 	EXP 	line2: autoDraw = True
972.0499 	EXP 	line3: autoDraw = True
972.0499 	EXP 	line4: autoDraw = True
973.0510 	INFO 	Keyboard events cleared
973.0507 	EXP 	fixation: autoDraw = False
973.0507 	EXP 	probe: autoDraw = True
973.7175 	EXP 	Device response: <KeyPress from None: t=973.7112407999957, value=v, duration=None>
973.7178 	EXP 	New trial (rep=41, index=152): <Trial 152 (152 in rep 41) data={'pos': -50, 'corr_resp': 'x', 'thisN': 152, 'thisTrialN': 152, 'thisRepN': 41}>
973.7187 	DATA 	Keypress: v
973.7340 	EXP 	fixation: autoDraw = False
973.7340 	EXP 	line1: autoDraw = False
973.7340 	EXP 	line2: autoDraw = False
973.7340 	EXP 	line3: autoDraw = False
973.7340 	EXP 	line4: autoDraw = False
973.7340 	EXP 	probe: autoDraw = False
973.8689 	EXP 	Device response: <KeyPress from None: t=973.7112407999957, value=v, duration=0.15613200000370853>
974.7171 	EXP 	fixation: autoDraw = True
974.7171 	EXP 	line1: autoDraw = True
974.7171 	EXP 	line2: autoDraw = True
974.7171 	EXP 	line3: autoDraw = True
974.7171 	EXP 	line4: autoDraw = True
975.7175 	INFO 	Keyboard events cleared
975.7173 	EXP 	fixation: autoDraw = False
975.7173 	EXP 	probe: autoDraw = True
976.3181 	EXP 	Device response: <KeyPress from None: t=976.3176700999902, value=x, duration=None>
976.3185 	EXP 	New trial (rep=32, index=153): <Trial 153 (153 in rep 32) data={'pos': 50, 'corr_resp': 'c', 'thisN': 153, 'thisTrialN': 153, 'thisRepN': 32}>
976.3198 	DATA 	Keypress: x
976.3318 	EXP 	fixation: autoDraw = False
976.3318 	EXP 	line1: autoDraw = False
976.3318 	EXP 	line2: autoDraw = False
976.3318 	EXP 	line3: autoDraw = False
976.3318 	EXP 	line4: autoDraw = False
976.3318 	EXP 	probe: autoDraw = False
976.5031 	EXP 	Device response: <KeyPress from None: t=976.3176700999902, value=x, duration=0.18197290001262445>
977.3328 	EXP 	fixation: autoDraw = True
977.3328 	EXP 	line1: autoDraw = True
977.3328 	EXP 	line2: autoDraw = True
977.3328 	EXP 	line3: autoDraw = True
977.3328 	EXP 	line4: autoDraw = True
978.3350 	INFO 	Keyboard events cleared
978.3348 	EXP 	probe: autoDraw = True
978.3507 	EXP 	fixation: autoDraw = False
978.8020 	EXP 	Device response: <KeyPress from None: t=978.7983844999981, value=c, duration=None>
978.8024 	EXP 	New trial (rep=38, index=154): <Trial 154 (154 in rep 38) data={'pos': -150, 'corr_resp': 'z', 'thisN': 154, 'thisTrialN': 154, 'thisRepN': 38}>
978.8037 	DATA 	Keypress: c
978.8183 	EXP 	fixation: autoDraw = False
978.8183 	EXP 	line1: autoDraw = False
978.8183 	EXP 	line2: autoDraw = False
978.8183 	EXP 	line3: autoDraw = False
978.8183 	EXP 	line4: autoDraw = False
978.8183 	EXP 	probe: autoDraw = False
978.9842 	EXP 	Device response: <KeyPress from None: t=978.7983844999981, value=c, duration=0.1829925999918487>
979.8013 	EXP 	fixation: autoDraw = True
979.8013 	EXP 	line1: autoDraw = True
979.8013 	EXP 	line2: autoDraw = True
979.8013 	EXP 	line3: autoDraw = True
979.8013 	EXP 	line4: autoDraw = True
980.8154 	INFO 	Keyboard events cleared
980.8153 	EXP 	fixation: autoDraw = False
980.8153 	EXP 	probe: autoDraw = True
981.3194 	EXP 	Device response: <KeyPress from None: t=981.3168879000004, value=z, duration=None>
981.3197 	EXP 	New trial (rep=33, index=155): <Trial 155 (155 in rep 33) data={'pos': 50, 'corr_resp': 'c', 'thisN': 155, 'thisTrialN': 155, 'thisRepN': 33}>
981.3206 	DATA 	Keypress: z
981.3324 	EXP 	fixation: autoDraw = False
981.3324 	EXP 	line1: autoDraw = False
981.3324 	EXP 	line2: autoDraw = False
981.3324 	EXP 	line3: autoDraw = False
981.3324 	EXP 	line4: autoDraw = False
981.3324 	EXP 	probe: autoDraw = False
981.4849 	EXP 	Device response: <KeyPress from None: t=971.0359590000007, value=z, duration=10.435859799996251>
982.3336 	EXP 	fixation: autoDraw = True
982.3336 	EXP 	line1: autoDraw = True
982.3336 	EXP 	line2: autoDraw = True
982.3336 	EXP 	line3: autoDraw = True
982.3336 	EXP 	line4: autoDraw = True
983.3343 	INFO 	Keyboard events cleared
983.3341 	EXP 	fixation: autoDraw = False
983.3341 	EXP 	probe: autoDraw = True
983.9988 	EXP 	Device response: <KeyPress from None: t=983.9950408000004, value=c, duration=None>
983.9992 	EXP 	New trial (rep=39, index=156): <Trial 156 (156 in rep 39) data={'pos': -150, 'corr_resp': 'z', 'thisN': 156, 'thisTrialN': 156, 'thisRepN': 39}>
984.0003 	DATA 	Keypress: c
984.0148 	EXP 	fixation: autoDraw = False
984.0148 	EXP 	line1: autoDraw = False
984.0148 	EXP 	line2: autoDraw = False
984.0148 	EXP 	line3: autoDraw = False
984.0148 	EXP 	line4: autoDraw = False
984.0148 	EXP 	probe: autoDraw = False
984.1857 	EXP 	Device response: <KeyPress from None: t=983.9950408000004, value=c, duration=0.17687549999391194>
984.9989 	EXP 	fixation: autoDraw = True
984.9989 	EXP 	line1: autoDraw = True
984.9989 	EXP 	line2: autoDraw = True
984.9989 	EXP 	line3: autoDraw = True
984.9989 	EXP 	line4: autoDraw = True
986.0014 	INFO 	Keyboard events cleared
986.0012 	EXP 	fixation: autoDraw = False
986.0012 	EXP 	probe: autoDraw = True
986.8350 	EXP 	Device response: <KeyPress from None: t=986.8231086000014, value=z, duration=None>
986.8353 	EXP 	New trial (rep=40, index=157): <Trial 157 (157 in rep 40) data={'pos': -150, 'corr_resp': 'z', 'thisN': 157, 'thisTrialN': 157, 'thisRepN': 40}>
986.8364 	DATA 	Keypress: z
986.8522 	EXP 	fixation: autoDraw = False
986.8522 	EXP 	line1: autoDraw = False
986.8522 	EXP 	line2: autoDraw = False
986.8522 	EXP 	line3: autoDraw = False
986.8522 	EXP 	line4: autoDraw = False
986.8522 	EXP 	probe: autoDraw = False
986.9667 	EXP 	Device response: <KeyPress from None: t=981.3168879000004, value=z, duration=5.647252900002059>
987.8350 	EXP 	fixation: autoDraw = True
987.8350 	EXP 	line1: autoDraw = True
987.8350 	EXP 	line2: autoDraw = True
987.8350 	EXP 	line3: autoDraw = True
987.8350 	EXP 	line4: autoDraw = True
988.8506 	INFO 	Keyboard events cleared
988.8504 	EXP 	fixation: autoDraw = False
988.8504 	EXP 	probe: autoDraw = True
989.2653 	EXP 	Device response: <KeyPress from None: t=989.260205300001, value=z, duration=None>
989.2656 	EXP 	New trial (rep=34, index=158): <Trial 158 (158 in rep 34) data={'pos': 50, 'corr_resp': 'c', 'thisN': 158, 'thisTrialN': 158, 'thisRepN': 34}>
989.2668 	DATA 	Keypress: z
989.2818 	EXP 	fixation: autoDraw = False
989.2818 	EXP 	line1: autoDraw = False
989.2818 	EXP 	line2: autoDraw = False
989.2818 	EXP 	line3: autoDraw = False
989.2818 	EXP 	line4: autoDraw = False
989.2818 	EXP 	probe: autoDraw = False
989.4667 	EXP 	Device response: <KeyPress from None: t=986.8231086000014, value=z, duration=2.637776199990185>
990.2668 	EXP 	fixation: autoDraw = True
990.2668 	EXP 	line1: autoDraw = True
990.2668 	EXP 	line2: autoDraw = True
990.2668 	EXP 	line3: autoDraw = True
990.2668 	EXP 	line4: autoDraw = True
991.2683 	INFO 	Keyboard events cleared
991.2680 	EXP 	fixation: autoDraw = False
991.2680 	EXP 	probe: autoDraw = True
991.7176 	EXP 	Device response: <KeyPress from None: t=991.7094746999937, value=c, duration=None>
991.7179 	EXP 	New trial (rep=41, index=159): <Trial 159 (159 in rep 41) data={'pos': -150, 'corr_resp': 'z', 'thisN': 159, 'thisTrialN': 159, 'thisRepN': 41}>
991.7190 	DATA 	Keypress: c
991.7362 	EXP 	fixation: autoDraw = False
991.7362 	EXP 	line1: autoDraw = False
991.7362 	EXP 	line2: autoDraw = False
991.7362 	EXP 	line3: autoDraw = False
991.7362 	EXP 	line4: autoDraw = False
991.7362 	EXP 	probe: autoDraw = False
991.9013 	EXP 	Device response: <KeyPress from None: t=991.7094746999937, value=c, duration=0.18915610000840388>
992.7174 	EXP 	fixation: autoDraw = True
992.7174 	EXP 	line1: autoDraw = True
992.7174 	EXP 	line2: autoDraw = True
992.7174 	EXP 	line3: autoDraw = True
992.7174 	EXP 	line4: autoDraw = True
993.7177 	INFO 	Keyboard events cleared
993.7175 	EXP 	fixation: autoDraw = False
993.7175 	EXP 	probe: autoDraw = True
996.9542 	DATA 	Keypress: z
996.9662 	EXP 	Device response: <KeyPress from None: t=996.9525946999929, value=z, duration=None>
996.9668 	EXP 	New trial (rep=35, index=160): <Trial 160 (160 in rep 35) data={'pos': 50, 'corr_resp': 'c', 'thisN': 160, 'thisTrialN': 160, 'thisRepN': 35}>
996.9830 	EXP 	fixation: autoDraw = False
996.9830 	EXP 	line1: autoDraw = False
996.9830 	EXP 	line2: autoDraw = False
996.9830 	EXP 	line3: autoDraw = False
996.9830 	EXP 	line4: autoDraw = False
996.9830 	EXP 	probe: autoDraw = False
997.1001 	EXP 	Device response: <KeyPress from None: t=989.260205300001, value=z, duration=7.829161899993778>
997.9669 	EXP 	fixation: autoDraw = True
997.9669 	EXP 	line1: autoDraw = True
997.9669 	EXP 	line2: autoDraw = True
997.9669 	EXP 	line3: autoDraw = True
997.9669 	EXP 	line4: autoDraw = True
998.9679 	INFO 	Keyboard events cleared
998.9677 	EXP 	fixation: autoDraw = False
998.9677 	EXP 	probe: autoDraw = True
999.3995 	EXP 	Device response: <KeyPress from None: t=999.396313499994, value=c, duration=None>
999.3998 	EXP 	New trial (rep=42, index=161): <Trial 161 (161 in rep 42) data={'pos': -150, 'corr_resp': 'z', 'thisN': 161, 'thisTrialN': 161, 'thisRepN': 42}>
999.4015 	DATA 	Keypress: c
999.4159 	EXP 	fixation: autoDraw = False
999.4159 	EXP 	line1: autoDraw = False
999.4159 	EXP 	line2: autoDraw = False
999.4159 	EXP 	line3: autoDraw = False
999.4159 	EXP 	line4: autoDraw = False
999.4159 	EXP 	probe: autoDraw = False
999.6511 	EXP 	Device response: <KeyPress from None: t=999.396313499994, value=c, duration=0.24677450000308454>
1000.4004 	EXP 	fixation: autoDraw = True
1000.4004 	EXP 	line1: autoDraw = True
1000.4004 	EXP 	line2: autoDraw = True
1000.4004 	EXP 	line3: autoDraw = True
1000.4004 	EXP 	line4: autoDraw = True
1001.4145 	INFO 	Keyboard events cleared
1001.4143 	EXP 	fixation: autoDraw = False
1001.4143 	EXP 	probe: autoDraw = True
1001.7843 	EXP 	Device response: <KeyPress from None: t=1001.7762599999987, value=z, duration=None>
1001.7848 	EXP 	New trial (rep=36, index=162): <Trial 162 (162 in rep 36) data={'pos': 50, 'corr_resp': 'c', 'thisN': 162, 'thisTrialN': 162, 'thisRepN': 36}>
1001.7860 	DATA 	Keypress: z
1001.8006 	EXP 	fixation: autoDraw = False
1001.8006 	EXP 	line1: autoDraw = False
1001.8006 	EXP 	line2: autoDraw = False
1001.8006 	EXP 	line3: autoDraw = False
1001.8006 	EXP 	line4: autoDraw = False
1001.8006 	EXP 	probe: autoDraw = False
1001.9515 	EXP 	Device response: <KeyPress from None: t=996.9525946999929, value=z, duration=4.9808336999994935>
1002.7841 	EXP 	fixation: autoDraw = True
1002.7841 	EXP 	line1: autoDraw = True
1002.7841 	EXP 	line2: autoDraw = True
1002.7841 	EXP 	line3: autoDraw = True
1002.7841 	EXP 	line4: autoDraw = True
1003.7842 	INFO 	Keyboard events cleared
1003.7840 	EXP 	fixation: autoDraw = False
1003.7840 	EXP 	probe: autoDraw = True
1004.2507 	EXP 	Device response: <KeyPress from None: t=1004.2406688999909, value=v, duration=None>
1004.2513 	EXP 	New trial (rep=37, index=163): <Trial 163 (163 in rep 37) data={'pos': 50, 'corr_resp': 'c', 'thisN': 163, 'thisTrialN': 163, 'thisRepN': 37}>
1004.2527 	DATA 	Keypress: v
1004.2670 	EXP 	fixation: autoDraw = False
1004.2670 	EXP 	line1: autoDraw = False
1004.2670 	EXP 	line2: autoDraw = False
1004.2670 	EXP 	line3: autoDraw = False
1004.2670 	EXP 	line4: autoDraw = False
1004.2670 	EXP 	probe: autoDraw = False
1004.4339 	EXP 	Device response: <KeyPress from None: t=1004.2406688999909, value=v, duration=0.17735260000335984>
1005.2500 	EXP 	fixation: autoDraw = True
1005.2500 	EXP 	line1: autoDraw = True
1005.2500 	EXP 	line2: autoDraw = True
1005.2500 	EXP 	line3: autoDraw = True
1005.2500 	EXP 	line4: autoDraw = True
1006.2505 	INFO 	Keyboard events cleared
1006.2503 	EXP 	fixation: autoDraw = False
1006.2503 	EXP 	probe: autoDraw = True
1007.2674 	EXP 	Device response: <KeyPress from None: t=1007.2637711999996, value=c, duration=None>
1007.2677 	EXP 	New trial (rep=38, index=164): <Trial 164 (164 in rep 38) data={'pos': 50, 'corr_resp': 'c', 'thisN': 164, 'thisTrialN': 164, 'thisRepN': 38}>
1007.2685 	DATA 	Keypress: c
1007.2845 	EXP 	fixation: autoDraw = False
1007.2845 	EXP 	line1: autoDraw = False
1007.2845 	EXP 	line2: autoDraw = False
1007.2845 	EXP 	line3: autoDraw = False
1007.2845 	EXP 	line4: autoDraw = False
1007.2845 	EXP 	probe: autoDraw = False
1007.4671 	EXP 	Device response: <KeyPress from None: t=1007.2637711999996, value=c, duration=0.1913524999981746>
1008.2679 	EXP 	fixation: autoDraw = True
1008.2679 	EXP 	line1: autoDraw = True
1008.2679 	EXP 	line2: autoDraw = True
1008.2679 	EXP 	line3: autoDraw = True
1008.2679 	EXP 	line4: autoDraw = True
1009.2817 	INFO 	Keyboard events cleared
1009.2815 	EXP 	fixation: autoDraw = False
1009.2815 	EXP 	probe: autoDraw = True
1009.5672 	EXP 	Device response: <KeyPress from None: t=1009.5622363000002, value=c, duration=None>
1009.5676 	EXP 	New trial (rep=41, index=165): <Trial 165 (165 in rep 41) data={'pos': 150, 'corr_resp': 'v', 'thisN': 165, 'thisTrialN': 165, 'thisRepN': 41}>
1009.5689 	DATA 	Keypress: c
1009.5837 	EXP 	fixation: autoDraw = False
1009.5837 	EXP 	line1: autoDraw = False
1009.5837 	EXP 	line2: autoDraw = False
1009.5837 	EXP 	line3: autoDraw = False
1009.5837 	EXP 	line4: autoDraw = False
1009.5837 	EXP 	probe: autoDraw = False
1009.7354 	EXP 	Device response: <KeyPress from None: t=1009.5622363000002, value=c, duration=0.16387649999524>
1010.5673 	EXP 	fixation: autoDraw = True
1010.5673 	EXP 	line1: autoDraw = True
1010.5673 	EXP 	line2: autoDraw = True
1010.5673 	EXP 	line3: autoDraw = True
1010.5673 	EXP 	line4: autoDraw = True
1011.5682 	INFO 	Keyboard events cleared
1011.5680 	EXP 	fixation: autoDraw = False
1011.5680 	EXP 	probe: autoDraw = True
1012.4010 	EXP 	Device response: <KeyPress from None: t=1012.3888593000011, value=v, duration=None>
1012.4014 	EXP 	New trial (rep=39, index=166): <Trial 166 (166 in rep 39) data={'pos': 50, 'corr_resp': 'c', 'thisN': 166, 'thisTrialN': 166, 'thisRepN': 39}>
1012.4028 	DATA 	Keypress: v
1012.4169 	EXP 	fixation: autoDraw = False
1012.4169 	EXP 	line1: autoDraw = False
1012.4169 	EXP 	line2: autoDraw = False
1012.4169 	EXP 	line3: autoDraw = False
1012.4169 	EXP 	line4: autoDraw = False
1012.4169 	EXP 	probe: autoDraw = False
1012.5843 	EXP 	Device response: <KeyPress from None: t=1012.3888593000011, value=v, duration=0.19003529999463353>
1013.4172 	EXP 	fixation: autoDraw = True
1013.4172 	EXP 	line1: autoDraw = True
1013.4172 	EXP 	line2: autoDraw = True
1013.4172 	EXP 	line3: autoDraw = True
1013.4172 	EXP 	line4: autoDraw = True
1014.4006 	INFO 	Keyboard events cleared
1014.4003 	EXP 	probe: autoDraw = True
1014.4172 	EXP 	fixation: autoDraw = False
1015.0509 	EXP 	Device response: <KeyPress from None: t=1015.0376323999953, value=c, duration=None>
1015.0515 	EXP 	New trial (rep=42, index=167): <Trial 167 (167 in rep 42) data={'pos': -50, 'corr_resp': 'x', 'thisN': 167, 'thisTrialN': 167, 'thisRepN': 42}>
1015.0528 	DATA 	Keypress: c
1015.0662 	EXP 	fixation: autoDraw = False
1015.0662 	EXP 	line1: autoDraw = False
1015.0662 	EXP 	line2: autoDraw = False
1015.0662 	EXP 	line3: autoDraw = False
1015.0662 	EXP 	line4: autoDraw = False
1015.0662 	EXP 	probe: autoDraw = False
1015.2518 	EXP 	Device response: <KeyPress from None: t=1015.0376323999953, value=c, duration=0.21196230000350624>
1016.0493 	EXP 	fixation: autoDraw = True
1016.0493 	EXP 	line1: autoDraw = True
1016.0493 	EXP 	line2: autoDraw = True
1016.0493 	EXP 	line3: autoDraw = True
1016.0493 	EXP 	line4: autoDraw = True
1017.0488 	EXP 	fixation: autoDraw = False
1017.0671 	INFO 	Keyboard events cleared
1017.0669 	EXP 	probe: autoDraw = True
1017.6168 	EXP 	Device response: <KeyPress from None: t=1017.6112629999989, value=x, duration=None>
1017.6174 	EXP 	New trial (rep=42, index=168): <Trial 168 (168 in rep 42) data={'pos': 150, 'corr_resp': 'v', 'thisN': 168, 'thisTrialN': 168, 'thisRepN': 42}>
1017.6183 	DATA 	Keypress: x
1017.6339 	EXP 	fixation: autoDraw = False
1017.6339 	EXP 	line1: autoDraw = False
1017.6339 	EXP 	line2: autoDraw = False
1017.6339 	EXP 	line3: autoDraw = False
1017.6339 	EXP 	line4: autoDraw = False
1017.6339 	EXP 	probe: autoDraw = False
1017.8196 	EXP 	Device response: <KeyPress from None: t=1017.6112629999989, value=x, duration=0.20642919999954756>
1018.6308 	EXP 	fixation: autoDraw = True
1018.6308 	EXP 	line1: autoDraw = True
1018.6308 	EXP 	line2: autoDraw = True
1018.6308 	EXP 	line3: autoDraw = True
1018.6308 	EXP 	line4: autoDraw = True
1019.6151 	INFO 	Keyboard events cleared
1019.6149 	EXP 	probe: autoDraw = True
1019.6315 	EXP 	fixation: autoDraw = False
1021.4340 	EXP 	Device response: <KeyPress from None: t=1021.4333934000024, value=c, duration=None>
1021.4344 	EXP 	New trial (rep=43, index=169): <Trial 169 (169 in rep 43) data={'pos': 150, 'corr_resp': 'v', 'thisN': 169, 'thisTrialN': 169, 'thisRepN': 43}>
1021.4355 	DATA 	Keypress: c
1021.4497 	EXP 	fixation: autoDraw = False
1021.4497 	EXP 	line1: autoDraw = False
1021.4497 	EXP 	line2: autoDraw = False
1021.4497 	EXP 	line3: autoDraw = False
1021.4497 	EXP 	line4: autoDraw = False
1021.4497 	EXP 	probe: autoDraw = False
1021.8005 	EXP 	Device response: <KeyPress from None: t=1021.4333934000024, value=c, duration=0.36162519999197684>
1022.4331 	EXP 	fixation: autoDraw = True
1022.4331 	EXP 	line1: autoDraw = True
1022.4331 	EXP 	line2: autoDraw = True
1022.4331 	EXP 	line3: autoDraw = True
1022.4331 	EXP 	line4: autoDraw = True
1023.4337 	INFO 	Keyboard events cleared
1023.4335 	EXP 	fixation: autoDraw = False
1023.4335 	EXP 	probe: autoDraw = True
1023.9663 	EXP 	Device response: <KeyPress from None: t=1023.9514445999957, value=v, duration=None>
1023.9667 	EXP 	New trial (rep=43, index=170): <Trial 170 (170 in rep 43) data={'pos': -50, 'corr_resp': 'x', 'thisN': 170, 'thisTrialN': 170, 'thisRepN': 43}>
1023.9678 	DATA 	Keypress: v
1023.9815 	EXP 	fixation: autoDraw = False
1023.9815 	EXP 	line1: autoDraw = False
1023.9815 	EXP 	line2: autoDraw = False
1023.9815 	EXP 	line3: autoDraw = False
1023.9815 	EXP 	line4: autoDraw = False
1023.9815 	EXP 	probe: autoDraw = False
1024.1677 	EXP 	Device response: <KeyPress from None: t=1023.9514445999957, value=v, duration=0.20897819999663625>
1024.9654 	EXP 	fixation: autoDraw = True
1024.9654 	EXP 	line1: autoDraw = True
1024.9654 	EXP 	line2: autoDraw = True
1024.9654 	EXP 	line3: autoDraw = True
1024.9654 	EXP 	line4: autoDraw = True
1025.9649 	EXP 	fixation: autoDraw = False
1025.9814 	INFO 	Keyboard events cleared
1025.9813 	EXP 	probe: autoDraw = True
1028.3514 	EXP 	Device response: <KeyPress from None: t=1028.3476274999994, value=x, duration=None>
1028.3518 	EXP 	New trial (rep=44, index=171): <Trial 171 (171 in rep 44) data={'pos': 150, 'corr_resp': 'v', 'thisN': 171, 'thisTrialN': 171, 'thisRepN': 44}>
1028.3532 	DATA 	Keypress: x
1028.3665 	EXP 	fixation: autoDraw = False
1028.3665 	EXP 	line1: autoDraw = False
1028.3665 	EXP 	line2: autoDraw = False
1028.3665 	EXP 	line3: autoDraw = False
1028.3665 	EXP 	line4: autoDraw = False
1028.3665 	EXP 	probe: autoDraw = False
1028.5182 	EXP 	Device response: <KeyPress from None: t=1028.3476274999994, value=x, duration=0.15805929999623913>
1029.3668 	EXP 	fixation: autoDraw = True
1029.3668 	EXP 	line1: autoDraw = True
1029.3668 	EXP 	line2: autoDraw = True
1029.3668 	EXP 	line3: autoDraw = True
1029.3668 	EXP 	line4: autoDraw = True
1030.3646 	INFO 	Keyboard events cleared
1030.3643 	EXP 	probe: autoDraw = True
1030.3810 	EXP 	fixation: autoDraw = False
1030.8671 	EXP 	Device response: <KeyPress from None: t=1030.8619283000007, value=v, duration=None>
1030.8675 	EXP 	New trial (rep=43, index=172): <Trial 172 (172 in rep 43) data={'pos': -150, 'corr_resp': 'z', 'thisN': 172, 'thisTrialN': 172, 'thisRepN': 43}>
1030.8690 	DATA 	Keypress: v
1030.8836 	EXP 	fixation: autoDraw = False
1030.8836 	EXP 	line1: autoDraw = False
1030.8836 	EXP 	line2: autoDraw = False
1030.8836 	EXP 	line3: autoDraw = False
1030.8836 	EXP 	line4: autoDraw = False
1030.8836 	EXP 	probe: autoDraw = False
1031.0851 	EXP 	Device response: <KeyPress from None: t=1030.8619283000007, value=v, duration=0.2214133999950718>
1031.8670 	EXP 	fixation: autoDraw = True
1031.8670 	EXP 	line1: autoDraw = True
1031.8670 	EXP 	line2: autoDraw = True
1031.8670 	EXP 	line3: autoDraw = True
1031.8670 	EXP 	line4: autoDraw = True
1032.8816 	INFO 	Keyboard events cleared
1032.8814 	EXP 	fixation: autoDraw = False
1032.8814 	EXP 	probe: autoDraw = True
1033.7870 	DATA 	Keypress: z
1033.8004 	EXP 	Device response: <KeyPress from None: t=1033.7862635999918, value=z, duration=None>
1033.8010 	EXP 	New trial (rep=45, index=173): <Trial 173 (173 in rep 45) data={'pos': 150, 'corr_resp': 'v', 'thisN': 173, 'thisTrialN': 173, 'thisRepN': 45}>
1033.8164 	EXP 	fixation: autoDraw = False
1033.8164 	EXP 	line1: autoDraw = False
1033.8164 	EXP 	line2: autoDraw = False
1033.8164 	EXP 	line3: autoDraw = False
1033.8164 	EXP 	line4: autoDraw = False
1033.8164 	EXP 	probe: autoDraw = False
1033.9667 	EXP 	Device response: <KeyPress from None: t=1001.7762599999987, value=z, duration=32.17820159999246>
1034.7999 	EXP 	fixation: autoDraw = True
1034.7999 	EXP 	line1: autoDraw = True
1034.7999 	EXP 	line2: autoDraw = True
1034.7999 	EXP 	line3: autoDraw = True
1034.7999 	EXP 	line4: autoDraw = True
1035.7999 	EXP 	fixation: autoDraw = False
1035.8158 	INFO 	Keyboard events cleared
1035.8156 	EXP 	probe: autoDraw = True
1036.4704 	DATA 	Keypress: v
1036.4836 	EXP 	Device response: <KeyPress from None: t=1036.4686794000008, value=v, duration=None>
1036.4842 	EXP 	New trial (rep=46, index=174): <Trial 174 (174 in rep 46) data={'pos': 150, 'corr_resp': 'v', 'thisN': 174, 'thisTrialN': 174, 'thisRepN': 46}>
1036.5005 	EXP 	fixation: autoDraw = False
1036.5005 	EXP 	line1: autoDraw = False
1036.5005 	EXP 	line2: autoDraw = False
1036.5005 	EXP 	line3: autoDraw = False
1036.5005 	EXP 	line4: autoDraw = False
1036.5005 	EXP 	probe: autoDraw = False
1036.6836 	EXP 	Device response: <KeyPress from None: t=1036.4686794000008, value=v, duration=0.2001715999940643>
1037.4979 	EXP 	fixation: autoDraw = True
1037.4979 	EXP 	line1: autoDraw = True
1037.4979 	EXP 	line2: autoDraw = True
1037.4979 	EXP 	line3: autoDraw = True
1037.4979 	EXP 	line4: autoDraw = True
1038.5005 	INFO 	Keyboard events cleared
1038.5003 	EXP 	fixation: autoDraw = False
1038.5003 	EXP 	probe: autoDraw = True
1039.2675 	EXP 	Device response: <KeyPress from None: t=1039.2569371999998, value=v, duration=None>
1039.2679 	EXP 	New trial (rep=44, index=175): <Trial 175 (175 in rep 44) data={'pos': -50, 'corr_resp': 'x', 'thisN': 175, 'thisTrialN': 175, 'thisRepN': 44}>
1039.2694 	DATA 	Keypress: v
1039.2832 	EXP 	fixation: autoDraw = False
1039.2832 	EXP 	line1: autoDraw = False
1039.2832 	EXP 	line2: autoDraw = False
1039.2832 	EXP 	line3: autoDraw = False
1039.2832 	EXP 	line4: autoDraw = False
1039.2832 	EXP 	probe: autoDraw = False
1039.4817 	EXP 	Device response: <KeyPress from None: t=1039.2569371999998, value=v, duration=0.20952439999382477>
1040.2673 	EXP 	fixation: autoDraw = True
1040.2673 	EXP 	line1: autoDraw = True
1040.2673 	EXP 	line2: autoDraw = True
1040.2673 	EXP 	line3: autoDraw = True
1040.2673 	EXP 	line4: autoDraw = True
1041.2816 	INFO 	Keyboard events cleared
1041.2815 	EXP 	fixation: autoDraw = False
1041.2815 	EXP 	probe: autoDraw = True
1041.7511 	EXP 	Device response: <KeyPress from None: t=1041.7415616999933, value=x, duration=None>
1041.7516 	EXP 	New trial (rep=44, index=176): <Trial 176 (176 in rep 44) data={'pos': -150, 'corr_resp': 'z', 'thisN': 176, 'thisTrialN': 176, 'thisRepN': 44}>
1041.7527 	DATA 	Keypress: x
1041.7665 	EXP 	fixation: autoDraw = False
1041.7665 	EXP 	line1: autoDraw = False
1041.7665 	EXP 	line2: autoDraw = False
1041.7665 	EXP 	line3: autoDraw = False
1041.7665 	EXP 	line4: autoDraw = False
1041.7665 	EXP 	probe: autoDraw = False
1041.9508 	EXP 	Device response: <KeyPress from None: t=1041.7415616999933, value=x, duration=0.19412270000611898>
1042.7677 	EXP 	fixation: autoDraw = True
1042.7677 	EXP 	line1: autoDraw = True
1042.7677 	EXP 	line2: autoDraw = True
1042.7677 	EXP 	line3: autoDraw = True
1042.7677 	EXP 	line4: autoDraw = True
1043.7670 	INFO 	Keyboard events cleared
1043.7665 	EXP 	probe: autoDraw = True
1043.7825 	EXP 	fixation: autoDraw = False
1044.4674 	EXP 	Device response: <KeyPress from None: t=1044.4650865000003, value=z, duration=None>
1044.4679 	EXP 	New trial (rep=47, index=177): <Trial 177 (177 in rep 47) data={'pos': 150, 'corr_resp': 'v', 'thisN': 177, 'thisTrialN': 177, 'thisRepN': 47}>
1044.4693 	DATA 	Keypress: z
1044.4812 	EXP 	fixation: autoDraw = False
1044.4812 	EXP 	line1: autoDraw = False
1044.4812 	EXP 	line2: autoDraw = False
1044.4812 	EXP 	line3: autoDraw = False
1044.4812 	EXP 	line4: autoDraw = False
1044.4812 	EXP 	probe: autoDraw = False
1044.6180 	EXP 	Device response: <KeyPress from None: t=1033.7862635999918, value=z, duration=10.830234900000505>
1045.4674 	EXP 	fixation: autoDraw = True
1045.4674 	EXP 	line1: autoDraw = True
1045.4674 	EXP 	line2: autoDraw = True
1045.4674 	EXP 	line3: autoDraw = True
1045.4674 	EXP 	line4: autoDraw = True
1046.4647 	INFO 	Keyboard events cleared
1046.4645 	EXP 	fixation: autoDraw = False
1046.4645 	EXP 	probe: autoDraw = True
1046.9683 	EXP 	Device response: <KeyPress from None: t=1046.9635105999914, value=v, duration=None>
1046.9688 	EXP 	New trial (rep=45, index=178): <Trial 178 (178 in rep 45) data={'pos': -50, 'corr_resp': 'x', 'thisN': 178, 'thisTrialN': 178, 'thisRepN': 45}>
1046.9701 	DATA 	Keypress: v
1046.9812 	EXP 	fixation: autoDraw = False
1046.9812 	EXP 	line1: autoDraw = False
1046.9812 	EXP 	line2: autoDraw = False
1046.9812 	EXP 	line3: autoDraw = False
1046.9812 	EXP 	line4: autoDraw = False
1046.9812 	EXP 	probe: autoDraw = False
1047.2003 	EXP 	Device response: <KeyPress from None: t=1046.9635105999914, value=v, duration=0.23154819999763276>
1047.9830 	EXP 	fixation: autoDraw = True
1047.9830 	EXP 	line1: autoDraw = True
1047.9830 	EXP 	line2: autoDraw = True
1047.9830 	EXP 	line3: autoDraw = True
1047.9830 	EXP 	line4: autoDraw = True
1048.9824 	INFO 	Keyboard events cleared
1048.9823 	EXP 	probe: autoDraw = True
1048.9977 	EXP 	fixation: autoDraw = False
1049.3648 	EXP 	Device response: <KeyPress from None: t=1049.3532424000005, value=x, duration=None>
1049.3652 	EXP 	New trial (rep=40, index=179): <Trial 179 (179 in rep 40) data={'pos': 50, 'corr_resp': 'c', 'thisN': 179, 'thisTrialN': 179, 'thisRepN': 40}>
1049.3662 	DATA 	Keypress: x
1049.3805 	EXP 	fixation: autoDraw = False
1049.3805 	EXP 	line1: autoDraw = False
1049.3805 	EXP 	line2: autoDraw = False
1049.3805 	EXP 	line3: autoDraw = False
1049.3805 	EXP 	line4: autoDraw = False
1049.3805 	EXP 	probe: autoDraw = False
1049.5509 	EXP 	Device response: <KeyPress from None: t=1049.3532424000005, value=x, duration=0.1946107999974629>
1050.3674 	EXP 	fixation: autoDraw = True
1050.3674 	EXP 	line1: autoDraw = True
1050.3674 	EXP 	line2: autoDraw = True
1050.3674 	EXP 	line3: autoDraw = True
1050.3674 	EXP 	line4: autoDraw = True
1051.3655 	INFO 	Keyboard events cleared
1051.3652 	EXP 	probe: autoDraw = True
1051.3826 	EXP 	fixation: autoDraw = False
1052.0496 	EXP 	Device response: <KeyPress from None: t=1052.042300999994, value=c, duration=None>
1052.0499 	EXP 	New trial (rep=46, index=180): <Trial 180 (180 in rep 46) data={'pos': -50, 'corr_resp': 'x', 'thisN': 180, 'thisTrialN': 180, 'thisRepN': 46}>
1052.0508 	DATA 	Keypress: c
1052.0656 	EXP 	fixation: autoDraw = False
1052.0656 	EXP 	line1: autoDraw = False
1052.0656 	EXP 	line2: autoDraw = False
1052.0656 	EXP 	line3: autoDraw = False
1052.0656 	EXP 	line4: autoDraw = False
1052.0656 	EXP 	probe: autoDraw = False
1052.2511 	EXP 	Device response: <KeyPress from None: t=1052.042300999994, value=c, duration=0.20685640000738204>
1053.0498 	EXP 	fixation: autoDraw = True
1053.0498 	EXP 	line1: autoDraw = True
1053.0498 	EXP 	line2: autoDraw = True
1053.0498 	EXP 	line3: autoDraw = True
1053.0498 	EXP 	line4: autoDraw = True
1054.0501 	INFO 	Keyboard events cleared
1054.0499 	EXP 	fixation: autoDraw = False
1054.0499 	EXP 	probe: autoDraw = True
1054.5054 	DATA 	Keypress: x
1054.5171 	EXP 	Device response: <KeyPress from None: t=1054.5046086999937, value=x, duration=None>
1054.5177 	EXP 	New trial (rep=41, index=181): <Trial 181 (181 in rep 41) data={'pos': 50, 'corr_resp': 'c', 'thisN': 181, 'thisTrialN': 181, 'thisRepN': 41}>
1054.5328 	EXP 	fixation: autoDraw = False
1054.5328 	EXP 	line1: autoDraw = False
1054.5328 	EXP 	line2: autoDraw = False
1054.5328 	EXP 	line3: autoDraw = False
1054.5328 	EXP 	line4: autoDraw = False
1054.5328 	EXP 	probe: autoDraw = False
1054.6675 	EXP 	Device response: <KeyPress from None: t=1054.5046086999937, value=x, duration=0.1550344999996014>
1055.5166 	EXP 	fixation: autoDraw = True
1055.5166 	EXP 	line1: autoDraw = True
1055.5166 	EXP 	line2: autoDraw = True
1055.5166 	EXP 	line3: autoDraw = True
1055.5166 	EXP 	line4: autoDraw = True
1056.5175 	EXP 	fixation: autoDraw = False
1056.5336 	INFO 	Keyboard events cleared
1056.5335 	EXP 	probe: autoDraw = True
1057.1652 	EXP 	Device response: <KeyPress from None: t=1057.1618504999933, value=c, duration=None>
1057.1656 	EXP 	New trial (rep=42, index=182): <Trial 182 (182 in rep 42) data={'pos': 50, 'corr_resp': 'c', 'thisN': 182, 'thisTrialN': 182, 'thisRepN': 42}>
1057.1669 	DATA 	Keypress: c
1057.1811 	EXP 	fixation: autoDraw = False
1057.1811 	EXP 	line1: autoDraw = False
1057.1811 	EXP 	line2: autoDraw = False
1057.1811 	EXP 	line3: autoDraw = False
1057.1811 	EXP 	line4: autoDraw = False
1057.1811 	EXP 	probe: autoDraw = False
1057.3321 	EXP 	Device response: <KeyPress from None: t=1057.1618504999933, value=c, duration=0.16918450000230223>
1058.1663 	EXP 	fixation: autoDraw = True
1058.1663 	EXP 	line1: autoDraw = True
1058.1663 	EXP 	line2: autoDraw = True
1058.1663 	EXP 	line3: autoDraw = True
1058.1663 	EXP 	line4: autoDraw = True
1059.1660 	INFO 	Keyboard events cleared
1059.1659 	EXP 	fixation: autoDraw = False
1059.1659 	EXP 	probe: autoDraw = True
1059.5496 	EXP 	Device response: <KeyPress from None: t=1059.5434827999998, value=c, duration=None>
1059.5499 	EXP 	New trial (rep=43, index=183): <Trial 183 (183 in rep 43) data={'pos': 50, 'corr_resp': 'c', 'thisN': 183, 'thisTrialN': 183, 'thisRepN': 43}>
1059.5507 	DATA 	Keypress: c
1059.5663 	EXP 	fixation: autoDraw = False
1059.5663 	EXP 	line1: autoDraw = False
1059.5663 	EXP 	line2: autoDraw = False
1059.5663 	EXP 	line3: autoDraw = False
1059.5663 	EXP 	line4: autoDraw = False
1059.5663 	EXP 	probe: autoDraw = False
1059.7504 	EXP 	Device response: <KeyPress from None: t=1059.5434827999998, value=c, duration=0.20242410000355449>
1060.5498 	EXP 	fixation: autoDraw = True
1060.5498 	EXP 	line1: autoDraw = True
1060.5498 	EXP 	line2: autoDraw = True
1060.5498 	EXP 	line3: autoDraw = True
1060.5498 	EXP 	line4: autoDraw = True
1061.5507 	INFO 	Keyboard events cleared
1061.5503 	EXP 	fixation: autoDraw = False
1061.5503 	EXP 	probe: autoDraw = True
1062.3014 	EXP 	Device response: <KeyPress from None: t=1062.2922761999944, value=c, duration=None>
1062.3019 	EXP 	New trial (rep=45, index=184): <Trial 184 (184 in rep 45) data={'pos': -150, 'corr_resp': 'z', 'thisN': 184, 'thisTrialN': 184, 'thisRepN': 45}>
1062.3031 	DATA 	Keypress: c
1062.3170 	EXP 	fixation: autoDraw = False
1062.3170 	EXP 	line1: autoDraw = False
1062.3170 	EXP 	line2: autoDraw = False
1062.3170 	EXP 	line3: autoDraw = False
1062.3170 	EXP 	line4: autoDraw = False
1062.3170 	EXP 	probe: autoDraw = False
1062.5010 	EXP 	Device response: <KeyPress from None: t=1062.2922761999944, value=c, duration=0.20578790000581648>
1063.3167 	EXP 	fixation: autoDraw = True
1063.3167 	EXP 	line1: autoDraw = True
1063.3167 	EXP 	line2: autoDraw = True
1063.3167 	EXP 	line3: autoDraw = True
1063.3167 	EXP 	line4: autoDraw = True
1064.3182 	INFO 	Keyboard events cleared
1064.3180 	EXP 	fixation: autoDraw = False
1064.3180 	EXP 	probe: autoDraw = True
1065.0160 	EXP 	Device response: <KeyPress from None: t=1065.0139436999889, value=z, duration=None>
1065.0165 	EXP 	New trial (rep=47, index=185): <Trial 185 (185 in rep 47) data={'pos': -50, 'corr_resp': 'x', 'thisN': 185, 'thisTrialN': 185, 'thisRepN': 47}>
1065.0182 	DATA 	Keypress: z
1065.0312 	EXP 	fixation: autoDraw = False
1065.0312 	EXP 	line1: autoDraw = False
1065.0312 	EXP 	line2: autoDraw = False
1065.0312 	EXP 	line3: autoDraw = False
1065.0312 	EXP 	line4: autoDraw = False
1065.0312 	EXP 	probe: autoDraw = False
1065.1991 	EXP 	Device response: <KeyPress from None: t=1044.4650865000003, value=z, duration=20.73162219999358>
1066.0164 	EXP 	fixation: autoDraw = True
1066.0164 	EXP 	line1: autoDraw = True
1066.0164 	EXP 	line2: autoDraw = True
1066.0164 	EXP 	line3: autoDraw = True
1066.0164 	EXP 	line4: autoDraw = True
1067.0166 	INFO 	Keyboard events cleared
1067.0164 	EXP 	fixation: autoDraw = False
1067.0164 	EXP 	probe: autoDraw = True
1067.5841 	EXP 	Device response: <KeyPress from None: t=1067.576069799994, value=x, duration=None>
1067.5844 	EXP 	New trial (rep=48, index=186): <Trial 186 (186 in rep 48) data={'pos': -50, 'corr_resp': 'x', 'thisN': 186, 'thisTrialN': 186, 'thisRepN': 48}>
1067.5856 	DATA 	Keypress: x
1067.5992 	EXP 	fixation: autoDraw = False
1067.5992 	EXP 	line1: autoDraw = False
1067.5992 	EXP 	line2: autoDraw = False
1067.5992 	EXP 	line3: autoDraw = False
1067.5992 	EXP 	line4: autoDraw = False
1067.5992 	EXP 	probe: autoDraw = False
1067.7168 	EXP 	Device response: <KeyPress from None: t=1067.576069799994, value=x, duration=0.12676600000122562>
1068.5835 	EXP 	fixation: autoDraw = True
1068.5835 	EXP 	line1: autoDraw = True
1068.5835 	EXP 	line2: autoDraw = True
1068.5835 	EXP 	line3: autoDraw = True
1068.5835 	EXP 	line4: autoDraw = True
1069.5843 	INFO 	Keyboard events cleared
1069.5836 	EXP 	fixation: autoDraw = False
1069.5836 	EXP 	probe: autoDraw = True
1070.1835 	EXP 	Device response: <KeyPress from None: t=1070.1728762999992, value=x, duration=None>
1070.1840 	EXP 	New trial (rep=48, index=187): <Trial 187 (187 in rep 48) data={'pos': 150, 'corr_resp': 'v', 'thisN': 187, 'thisTrialN': 187, 'thisRepN': 48}>
1070.1852 	DATA 	Keypress: x
1070.1997 	EXP 	fixation: autoDraw = False
1070.1997 	EXP 	line1: autoDraw = False
1070.1997 	EXP 	line2: autoDraw = False
1070.1997 	EXP 	line3: autoDraw = False
1070.1997 	EXP 	line4: autoDraw = False
1070.1997 	EXP 	probe: autoDraw = False
1070.3179 	EXP 	Device response: <KeyPress from None: t=1070.1728762999992, value=x, duration=0.13725119999435265>
1071.1834 	EXP 	fixation: autoDraw = True
1071.1834 	EXP 	line1: autoDraw = True
1071.1834 	EXP 	line2: autoDraw = True
1071.1834 	EXP 	line3: autoDraw = True
1071.1834 	EXP 	line4: autoDraw = True
1072.1826 	INFO 	Keyboard events cleared
1072.1824 	EXP 	fixation: autoDraw = False
1072.1824 	EXP 	probe: autoDraw = True
1073.6507 	EXP 	Device response: <KeyPress from None: t=1073.6401705000026, value=v, duration=None>
1073.6512 	EXP 	New trial (rep=44, index=188): <Trial 188 (188 in rep 44) data={'pos': 50, 'corr_resp': 'c', 'thisN': 188, 'thisTrialN': 188, 'thisRepN': 44}>
1073.6527 	DATA 	Keypress: v
1073.6649 	EXP 	fixation: autoDraw = False
1073.6649 	EXP 	line1: autoDraw = False
1073.6649 	EXP 	line2: autoDraw = False
1073.6649 	EXP 	line3: autoDraw = False
1073.6649 	EXP 	line4: autoDraw = False
1073.6649 	EXP 	probe: autoDraw = False
1073.8679 	EXP 	Device response: <KeyPress from None: t=1073.6401705000026, value=v, duration=0.211070599994855>
1074.6474 	EXP 	fixation: autoDraw = True
1074.6474 	EXP 	line1: autoDraw = True
1074.6474 	EXP 	line2: autoDraw = True
1074.6474 	EXP 	line3: autoDraw = True
1074.6474 	EXP 	line4: autoDraw = True
1075.6474 	EXP 	fixation: autoDraw = False
1075.6642 	INFO 	Keyboard events cleared
1075.6641 	EXP 	probe: autoDraw = True
1076.1522 	DATA 	Keypress: c
1076.1690 	EXP 	Device response: <KeyPress from None: t=1076.1509710999962, value=c, duration=None>
1076.1695 	EXP 	New trial (rep=45, index=189): <Trial 189 (189 in rep 45) data={'pos': 50, 'corr_resp': 'c', 'thisN': 189, 'thisTrialN': 189, 'thisRepN': 45}>
1076.1843 	EXP 	fixation: autoDraw = False
1076.1843 	EXP 	line1: autoDraw = False
1076.1843 	EXP 	line2: autoDraw = False
1076.1843 	EXP 	line3: autoDraw = False
1076.1843 	EXP 	line4: autoDraw = False
1076.1843 	EXP 	probe: autoDraw = False
1076.3346 	EXP 	Device response: <KeyPress from None: t=1076.1509710999962, value=c, duration=0.1748414000030607>
1077.1804 	EXP 	fixation: autoDraw = True
1077.1804 	EXP 	line1: autoDraw = True
1077.1804 	EXP 	line2: autoDraw = True
1077.1804 	EXP 	line3: autoDraw = True
1077.1804 	EXP 	line4: autoDraw = True
1078.1829 	INFO 	Keyboard events cleared
1078.1827 	EXP 	fixation: autoDraw = False
1078.1827 	EXP 	probe: autoDraw = True
1078.9340 	EXP 	Device response: <KeyPress from None: t=1078.9311638999934, value=x, duration=None>
1078.9345 	EXP 	New trial (rep=46, index=190): <Trial 190 (190 in rep 46) data={'pos': 50, 'corr_resp': 'c', 'thisN': 190, 'thisTrialN': 190, 'thisRepN': 46}>
1078.9359 	DATA 	Keypress: x
1078.9499 	EXP 	fixation: autoDraw = False
1078.9499 	EXP 	line1: autoDraw = False
1078.9499 	EXP 	line2: autoDraw = False
1078.9499 	EXP 	line3: autoDraw = False
1078.9499 	EXP 	line4: autoDraw = False
1078.9499 	EXP 	probe: autoDraw = False
1079.1015 	EXP 	Device response: <KeyPress from None: t=1078.9311638999934, value=x, duration=0.1570549000025494>
1079.9340 	EXP 	fixation: autoDraw = True
1079.9340 	EXP 	line1: autoDraw = True
1079.9340 	EXP 	line2: autoDraw = True
1079.9340 	EXP 	line3: autoDraw = True
1079.9340 	EXP 	line4: autoDraw = True
1080.9479 	INFO 	Keyboard events cleared
1080.9477 	EXP 	fixation: autoDraw = False
1080.9477 	EXP 	probe: autoDraw = True
1081.3989 	EXP 	Device response: <KeyPress from None: t=1081.3960806999967, value=c, duration=None>
1081.3993 	EXP 	New trial (rep=47, index=191): <Trial 191 (191 in rep 47) data={'pos': 50, 'corr_resp': 'c', 'thisN': 191, 'thisTrialN': 191, 'thisRepN': 47}>
1081.4004 	DATA 	Keypress: c
1081.4142 	EXP 	fixation: autoDraw = False
1081.4142 	EXP 	line1: autoDraw = False
1081.4142 	EXP 	line2: autoDraw = False
1081.4142 	EXP 	line3: autoDraw = False
1081.4142 	EXP 	line4: autoDraw = False
1081.4142 	EXP 	probe: autoDraw = False
1081.6014 	EXP 	Device response: <KeyPress from None: t=1081.5970315000013, value=x, duration=None>
1081.6023 	DATA 	Keypress: x
1081.6673 	EXP 	Device response: <KeyPress from None: t=1081.6554503999942, value=z, duration=None>
1081.6688 	DATA 	Keypress: z
1081.6829 	EXP 	Device response: <KeyPress from None: t=1081.3960806999967, value=c, duration=0.2718304000009084>
1081.7494 	EXP 	Device response: <KeyPress from None: t=1081.5970315000013, value=x, duration=0.14466039999388158>
1081.8172 	EXP 	Device response: <KeyPress from None: t=1065.0139436999889, value=z, duration=16.787659900001017>
1082.2014 	DATA 	Keypress: c
1082.2166 	EXP 	Device response: <KeyPress from None: t=1082.2007583999948, value=c, duration=None>
1082.3510 	EXP 	Device response: <KeyPress from None: t=1082.2007583999948, value=c, duration=0.1424068000051193>
1082.3510 	EXP 	Device response: <KeyPress from None: t=1082.348696000001, value=x, duration=None>
1082.3521 	DATA 	Keypress: x
1082.4003 	EXP 	fixation: autoDraw = True
1082.4003 	EXP 	line1: autoDraw = True
1082.4003 	EXP 	line2: autoDraw = True
1082.4003 	EXP 	line3: autoDraw = True
1082.4003 	EXP 	line4: autoDraw = True
1082.4345 	EXP 	Device response: <KeyPress from None: t=1082.348696000001, value=x, duration=0.0723252999887336>
1082.6020 	DATA 	Keypress: c
1082.6172 	EXP 	Device response: <KeyPress from None: t=1082.6009327999927, value=c, duration=None>
1082.6998 	EXP 	Device response: <KeyPress from None: t=1082.6009327999927, value=c, duration=0.09249750000890344>
1082.9020 	DATA 	Keypress: c
1082.9175 	EXP 	Device response: <KeyPress from None: t=1082.899642999997, value=c, duration=None>
1082.9533 	DATA 	Keypress: x
1082.9681 	EXP 	Device response: <KeyPress from None: t=1082.9528036999982, value=x, duration=None>
1082.9681 	EXP 	Device response: <KeyPress from None: t=1082.899642999997, value=c, duration=0.06615790000068955>
1083.0171 	EXP 	Device response: <KeyPress from None: t=1082.9528036999982, value=x, duration=0.061054899997543544>
1083.1497 	EXP 	Device response: <KeyPress from None: t=1083.1435797000013, value=c, duration=None>
1083.1509 	DATA 	Keypress: c
1083.1816 	EXP 	Device response: <KeyPress from None: t=1083.1702681000024, value=x, duration=None>
1083.1845 	DATA 	Keypress: x
1083.1979 	EXP 	Device response: <KeyPress from None: t=1083.1702681000024, value=x, duration=0.012444799998775125>
1083.2147 	EXP 	Device response: <KeyPress from None: t=1083.1435797000013, value=c, duration=0.05707759999495465>
1083.4002 	INFO 	Keyboard events cleared
1083.3999 	EXP 	fixation: autoDraw = False
1083.3999 	EXP 	probe: autoDraw = True
1084.2508 	EXP 	Device response: <KeyPress from None: t=1084.2478577000002, value=c, duration=None>
1084.2511 	EXP 	New trial (rep=46, index=192): <Trial 192 (192 in rep 46) data={'pos': -150, 'corr_resp': 'z', 'thisN': 192, 'thisTrialN': 192, 'thisRepN': 46}>
1084.2521 	DATA 	Keypress: c
1084.2668 	EXP 	fixation: autoDraw = False
1084.2668 	EXP 	line1: autoDraw = False
1084.2668 	EXP 	line2: autoDraw = False
1084.2668 	EXP 	line3: autoDraw = False
1084.2668 	EXP 	line4: autoDraw = False
1084.2668 	EXP 	probe: autoDraw = False
1084.4005 	EXP 	Device response: <KeyPress from None: t=1084.2478577000002, value=c, duration=0.15070069998910185>
1085.2498 	EXP 	fixation: autoDraw = True
1085.2498 	EXP 	line1: autoDraw = True
1085.2498 	EXP 	line2: autoDraw = True
1085.2498 	EXP 	line3: autoDraw = True
1085.2498 	EXP 	line4: autoDraw = True
1086.2494 	EXP 	fixation: autoDraw = False
1086.2662 	INFO 	Keyboard events cleared
1086.2660 	EXP 	probe: autoDraw = True
1086.8166 	EXP 	Device response: <KeyPress from None: t=1086.8048968999938, value=z, duration=None>
1086.8170 	EXP 	New trial (rep=49, index=193): <Trial 193 (193 in rep 49) data={'pos': 150, 'corr_resp': 'v', 'thisN': 193, 'thisTrialN': 193, 'thisRepN': 49}>
1086.8181 	DATA 	Keypress: z
1086.8316 	EXP 	fixation: autoDraw = False
1086.8316 	EXP 	line1: autoDraw = False
1086.8316 	EXP 	line2: autoDraw = False
1086.8316 	EXP 	line3: autoDraw = False
1086.8316 	EXP 	line4: autoDraw = False
1086.8316 	EXP 	probe: autoDraw = False
1086.9813 	EXP 	Device response: <KeyPress from None: t=1081.6554503999942, value=z, duration=5.316327900000033>
1087.8307 	EXP 	fixation: autoDraw = True
1087.8307 	EXP 	line1: autoDraw = True
1087.8307 	EXP 	line2: autoDraw = True
1087.8307 	EXP 	line3: autoDraw = True
1087.8307 	EXP 	line4: autoDraw = True
1088.8310 	INFO 	Keyboard events cleared
1088.8308 	EXP 	fixation: autoDraw = False
1088.8308 	EXP 	probe: autoDraw = True
1089.7508 	EXP 	Device response: <KeyPress from None: t=1089.7361622000026, value=v, duration=None>
1089.7514 	EXP 	New trial (rep=47, index=194): <Trial 194 (194 in rep 47) data={'pos': -150, 'corr_resp': 'z', 'thisN': 194, 'thisTrialN': 194, 'thisRepN': 47}>
1089.7528 	DATA 	Keypress: v
1089.7663 	EXP 	fixation: autoDraw = False
1089.7663 	EXP 	line1: autoDraw = False
1089.7663 	EXP 	line2: autoDraw = False
1089.7663 	EXP 	line3: autoDraw = False
1089.7663 	EXP 	line4: autoDraw = False
1089.7663 	EXP 	probe: autoDraw = False
1089.9335 	EXP 	Device response: <KeyPress from None: t=1089.7361622000026, value=v, duration=0.1945967999927234>
1090.7662 	EXP 	fixation: autoDraw = True
1090.7662 	EXP 	line1: autoDraw = True
1090.7662 	EXP 	line2: autoDraw = True
1090.7662 	EXP 	line3: autoDraw = True
1090.7662 	EXP 	line4: autoDraw = True
1091.7647 	INFO 	Keyboard events cleared
1091.7646 	EXP 	fixation: autoDraw = False
1091.7646 	EXP 	probe: autoDraw = True
1092.2162 	EXP 	Device response: <KeyPress from None: t=1092.2121088999993, value=z, duration=None>
1092.2167 	EXP 	New trial (rep=49, index=195): <Trial 195 (195 in rep 49) data={'pos': -50, 'corr_resp': 'x', 'thisN': 195, 'thisTrialN': 195, 'thisRepN': 49}>
1092.2176 	DATA 	Keypress: z
1092.2329 	EXP 	fixation: autoDraw = False
1092.2329 	EXP 	line1: autoDraw = False
1092.2329 	EXP 	line2: autoDraw = False
1092.2329 	EXP 	line3: autoDraw = False
1092.2329 	EXP 	line4: autoDraw = False
1092.2329 	EXP 	probe: autoDraw = False
1092.4163 	EXP 	Device response: <KeyPress from None: t=1086.8048968999938, value=z, duration=5.602724399999715>
1093.2163 	EXP 	fixation: autoDraw = True
1093.2163 	EXP 	line1: autoDraw = True
1093.2163 	EXP 	line2: autoDraw = True
1093.2163 	EXP 	line3: autoDraw = True
1093.2163 	EXP 	line4: autoDraw = True
1094.2143 	INFO 	Keyboard events cleared
1094.2140 	EXP 	fixation: autoDraw = False
1094.2140 	EXP 	probe: autoDraw = True
1094.7149 	EXP 	Device response: <KeyPress from None: t=1094.7054310999956, value=x, duration=None>
1094.7153 	EXP 	New trial (rep=48, index=196): <Trial 196 (196 in rep 48) data={'pos': 50, 'corr_resp': 'c', 'thisN': 196, 'thisTrialN': 196, 'thisRepN': 48}>
1094.7166 	DATA 	Keypress: x
1094.7315 	EXP 	fixation: autoDraw = False
1094.7315 	EXP 	line1: autoDraw = False
1094.7315 	EXP 	line2: autoDraw = False
1094.7315 	EXP 	line3: autoDraw = False
1094.7315 	EXP 	line4: autoDraw = False
1094.7315 	EXP 	probe: autoDraw = False
1094.8820 	EXP 	Device response: <KeyPress from None: t=1094.7054310999956, value=x, duration=0.16491799999494106>
1095.7167 	EXP 	fixation: autoDraw = True
1095.7167 	EXP 	line1: autoDraw = True
1095.7167 	EXP 	line2: autoDraw = True
1095.7167 	EXP 	line3: autoDraw = True
1095.7167 	EXP 	line4: autoDraw = True
1096.7169 	INFO 	Keyboard events cleared
1096.7167 	EXP 	fixation: autoDraw = False
1096.7167 	EXP 	probe: autoDraw = True
1097.1810 	EXP 	Device response: <KeyPress from None: t=1097.1792484999896, value=c, duration=None>
1097.1815 	EXP 	New trial (rep=49, index=197): <Trial 197 (197 in rep 49) data={'pos': 50, 'corr_resp': 'c', 'thisN': 197, 'thisTrialN': 197, 'thisRepN': 49}>
1097.1828 	DATA 	Keypress: c
1097.1972 	EXP 	fixation: autoDraw = False
1097.1972 	EXP 	line1: autoDraw = False
1097.1972 	EXP 	line2: autoDraw = False
1097.1972 	EXP 	line3: autoDraw = False
1097.1972 	EXP 	line4: autoDraw = False
1097.1972 	EXP 	probe: autoDraw = False
1097.3828 	EXP 	Device response: <KeyPress from None: t=1097.1792484999896, value=c, duration=0.20153790000767913>
1098.1829 	EXP 	fixation: autoDraw = True
1098.1829 	EXP 	line1: autoDraw = True
1098.1829 	EXP 	line2: autoDraw = True
1098.1829 	EXP 	line3: autoDraw = True
1098.1829 	EXP 	line4: autoDraw = True
1099.1992 	INFO 	Keyboard events cleared
1099.1990 	EXP 	fixation: autoDraw = False
1099.1990 	EXP 	probe: autoDraw = True
1099.7845 	EXP 	Device response: <KeyPress from None: t=1099.773270699996, value=c, duration=None>
1099.7849 	EXP 	New trial (rep=48, index=198): <Trial 198 (198 in rep 48) data={'pos': -150, 'corr_resp': 'z', 'thisN': 198, 'thisTrialN': 198, 'thisRepN': 48}>
1099.7861 	DATA 	Keypress: c
1099.8001 	EXP 	fixation: autoDraw = False
1099.8001 	EXP 	line1: autoDraw = False
1099.8001 	EXP 	line2: autoDraw = False
1099.8001 	EXP 	line3: autoDraw = False
1099.8001 	EXP 	line4: autoDraw = False
1099.8001 	EXP 	probe: autoDraw = False
1099.9662 	EXP 	Device response: <KeyPress from None: t=1099.773270699996, value=c, duration=0.18875869999465067>
1100.7833 	EXP 	fixation: autoDraw = True
1100.7833 	EXP 	line1: autoDraw = True
1100.7833 	EXP 	line2: autoDraw = True
1100.7833 	EXP 	line3: autoDraw = True
1100.7833 	EXP 	line4: autoDraw = True
1101.7802 	INFO 	Keyboard events cleared
1101.7800 	EXP 	fixation: autoDraw = False
1101.7800 	EXP 	probe: autoDraw = True
1103.2028 	DATA 	Keypress: z
1103.2178 	EXP 	Device response: <KeyPress from None: t=1103.2021978999983, value=z, duration=None>
1103.2183 	EXP 	New trial (rep=49, index=199): <Trial 199 (199 in rep 49) data={'pos': -150, 'corr_resp': 'z', 'thisN': 199, 'thisTrialN': 199, 'thisRepN': 49}>
1103.2331 	EXP 	fixation: autoDraw = False
1103.2331 	EXP 	line1: autoDraw = False
1103.2331 	EXP 	line2: autoDraw = False
1103.2331 	EXP 	line3: autoDraw = False
1103.2331 	EXP 	line4: autoDraw = False
1103.2331 	EXP 	probe: autoDraw = False
1103.3840 	EXP 	Device response: <KeyPress from None: t=1092.2121088999993, value=z, duration=11.165666100001545>
1104.2332 	EXP 	fixation: autoDraw = True
1104.2332 	EXP 	line1: autoDraw = True
1104.2332 	EXP 	line2: autoDraw = True
1104.2332 	EXP 	line3: autoDraw = True
1104.2332 	EXP 	line4: autoDraw = True
1105.2318 	INFO 	Keyboard events cleared
1105.2316 	EXP 	probe: autoDraw = True
1105.2483 	EXP 	fixation: autoDraw = False
1106.0513 	EXP 	Device response: <KeyPress from None: t=1106.0496475999971, value=z, duration=None>
1106.0527 	DATA 	Keypress: z
1106.0662 	EXP 	fixation: autoDraw = False
1106.0662 	EXP 	line1: autoDraw = False
1106.0662 	EXP 	line2: autoDraw = False
1106.0662 	EXP 	line3: autoDraw = False
1106.0662 	EXP 	line4: autoDraw = False
1106.0662 	EXP 	probe: autoDraw = False
1106.0665 	EXP 	Motor Sequence Learning Bhumika Bajaj AU2320057: status = STOPPED
1106.2283 	INFO 	saved data to 'C:\\Users\\bhumika\\PSYLAB310\\Motor Sequence Learning Bhumika Bajaj AU2320057\\data\\5_Motor Sequence Learning Bhumika Bajaj AU2320057_2025-10-03_17h25.47.437.csv'
1106.2348 	INFO 	saved data to C:\Users\bhumika\PSYLAB310\Motor Sequence Learning Bhumika Bajaj AU2320057\data\5_Motor Sequence Learning Bhumika Bajaj AU2320057_2025-10-03_17h25.47.437.psydat
1106.6306 	WARNING 	Stopping key buffers but this could be dangerous ifother keyboards rely on the same.
1106.6450 	WARNING 	Stopping key buffers but this could be dangerous ifother keyboards rely on the same.
