delay,freq,condition,thisN,thisTrialN,thisRepN,key_resp.keys,key_resp.rt,key_resp.duration,textbox.text,button.numClicks,button.timesOn,button.timesOff,trials.thisRepN,trials.thisTrialN,trials.thisN,trials.thisIndex,thisRow.t,notes,trial.started,polygon.started,polygon_2.started,key_resp.started,polygon.stopped,trial.stopped,trials.key_resp.keys,trials.key_resp.rt,trials.key_resp.duration,beep.started,sound_1.started,sound_1.stopped,beep.stopped,response.started,text.started,textbox.started,button.started,response.stopped,trials.textbox.text,trials.button.numClicks,trials.button.timesOn,trials.button.timesOff,participant,session,date,expName,expVersion,psychopyVersion,frameRate,expStart
0.1,1000,expected,0,0,0,space,0.5868942,None,65,1,[2.405303100007586],[2.405318300006911],0,0,0,9,0.0591927,,0.0549749,0.0591927,1.0141968,1.0141968,1.0646677,1.6153391,space,0.5868942,None,1.6165861,1.714768867,2.0325139,2.0120915,2.0132812,2.0325139,2.0325139,2.0325139,4.438526,65,1,[2.405303100007586],[2.405318300006911],P1,1,2025-11-14_11h38.40.092,Intentional Binding PSY310 Bhumika Bajaj AU2320057,,2025.1.1,59.98778648,2025-11-14 13h03.41.428781 +0530
0.1,400,unexp,1,1,0,space,0.3184112,None,76,1,[1.4280254000041168],[1.4280335000075866],0,1,1,0,4.4479087,,4.4389184,4.4479087,5.4475853,5.4475853,5.4475853,5.7819045,space,0.3184112,None,5.7826283,5.897366367,6.2042027,6.1938263,6.1944065,6.2042027,6.2042027,6.2042027,7.632601,76,1,[1.4280254000041168],[1.4280335000075866],P1,1,2025-11-14_11h38.40.092,Intentional Binding PSY310 Bhumika Bajaj AU2320057,,2025.1.1,59.98778648,2025-11-14 13h03.41.428781 +0530
0.1,1000,expected,2,2,0,space,0.2453397,None,65,1,[1.2932039000152145],[1.293237300007604],0,2,2,6,7.6482879,,7.6329379,7.6482879,8.6476638,8.6476638,8.6476638,8.898454,space,0.2453397,None,8.8993161,8.997683567,9.3062969,9.2957649,9.2963239,9.3062969,9.3062969,9.3062969,10.5998718,65,1,[1.2932039000152145],[1.293237300007604],P1,1,2025-11-14_11h38.40.092,Intentional Binding PSY310 Bhumika Bajaj AU2320057,,2025.1.1,59.98778648,2025-11-14 13h03.41.428781 +0530
0.4,1000,expected,3,3,0,space,0.0916992,None,444,1,[2.440639399981592],[2.4406504000071436],0,3,3,4,10.613973,,10.6002104,10.613973,11.6152213,11.6152213,11.6152213,11.7158063,space,0.0916992,None,11.7169568,12.11567097,12.4261539,12.4126208,12.4134941,12.4261539,12.4261539,12.4261539,14.867221,444,1,[2.440639399981592],[2.4406504000071436],P1,1,2025-11-14_11h38.40.092,Intentional Binding PSY310 Bhumika Bajaj AU2320057,,2025.1.1,59.98778648,2025-11-14 13h03.41.428781 +0530
0.7,1000,expected,4,4,0,space,0.22041,None,334,1,[2.173257799993735],[2.173276599991368],0,4,4,8,14.8814791,,14.8676127,14.8814791,15.8806029,15.8806029,15.8806029,16.1153812,space,0.22041,None,16.1163326,16.81458327,17.126217,17.1124214,17.1137617,17.126217,17.126217,17.126217,19.3000876,334,1,[2.173257799993735],[2.173276599991368],P1,1,2025-11-14_11h38.40.092,Intentional Binding PSY310 Bhumika Bajaj AU2320057,,2025.1.1,59.98778648,2025-11-14 13h03.41.428781 +0530
0.1,1000,expected,5,5,0,space,0.9462927,None,123,1,[2.3187322999874596],[2.3187483999936376],0,5,5,3,19.3139422,,19.3006142,19.3139422,20.3141593,20.3141593,20.3141593,21.2645562,space,0.9462927,None,21.2655379,21.36486717,21.6795572,21.6654058,21.6660663,21.6795572,21.6795572,21.6795572,23.9987764,123,1,[2.3187322999874596],[2.3187483999936376],P1,1,2025-11-14_11h38.40.092,Intentional Binding PSY310 Bhumika Bajaj AU2320057,,2025.1.1,59.98778648,2025-11-14 13h03.41.428781 +0530
0.4,400,unexp,6,6,0,space,0.0407713,None,1234,1,[2.5033197999873664],[2.503332899999805],0,6,6,1,24.0140876,,23.9991504,24.0140876,25.0138597,25.0138597,25.0138597,25.0644609,space,0.0407713,None,25.0653956,25.46411297,25.7797264,25.7653252,25.7661667,25.7797264,25.7797264,25.7797264,28.2835724,1234,1,[2.5033197999873664],[2.503332899999805],P1,1,2025-11-14_11h38.40.092,Intentional Binding PSY310 Bhumika Bajaj AU2320057,,2025.1.1,59.98778648,2025-11-14 13h03.41.428781 +0530
0.7,1000,expected,7,7,0,space,0.0244459,None,123,1,[5.802445800014539],[5.802462099993136],0,7,7,5,28.2974345,,28.2840146,28.2974345,29.2974106,29.2974106,29.2974106,29.3310261,space,0.0244459,None,29.3319543,30.03043847,30.3463036,30.3322063,30.3346847,30.3463036,30.3463036,30.3463036,36.1493651,123,1,[5.802445800014539],[5.802462099993136],P1,1,2025-11-14_11h38.40.092,Intentional Binding PSY310 Bhumika Bajaj AU2320057,,2025.1.1,59.98778648,2025-11-14 13h03.41.428781 +0530
0.7,1000,expected,8,8,0,space,0.3915864,None,87,1,[2.7387154000170995],[2.7387326000025496],0,8,8,11,36.1641486,,36.1499953,36.1641486,37.1639996,37.1639996,37.1639996,37.5648469,space,0.3915864,None,37.5658571,38.26408497,38.5759254,38.561866,38.5628486,38.5759254,38.5759254,38.5759254,41.315203,87,1,[2.7387154000170995],[2.7387326000025496],P1,1,2025-11-14_11h38.40.092,Intentional Binding PSY310 Bhumika Bajaj AU2320057,,2025.1.1,59.98778648,2025-11-14 13h03.41.428781 +0530
0.7,400,unexp,9,9,0,space,0.0116149,None,12,1,[2.0196053000108805],[2.019616000005044],0,9,9,2,41.3312015,,41.3157871,41.3312015,42.3151479,42.3151479,42.3324625,42.3332965,space,0.0116149,None,42.334336,43.04819217,43.3628376,43.3477133,43.3484554,43.3628376,43.3628376,43.3628376,45.3828836,12,1,[2.0196053000108805],[2.019616000005044],P1,1,2025-11-14_11h38.40.092,Intentional Binding PSY310 Bhumika Bajaj AU2320057,,2025.1.1,59.98778648,2025-11-14 13h03.41.428781 +0530
0.4,1000,expected,10,10,0,space,0.1764086,None,31,1,[2.287917899986496],[2.287934599997243],0,10,10,10,45.3973298,,45.3832594,45.3973298,46.3984771,46.3984771,46.3984771,46.5825873,space,0.1764086,None,46.5836388,46.99823317,47.3104993,47.2965992,47.2973588,47.3104993,47.3104993,47.3104993,49.5990467,31,1,[2.287917899986496],[2.287934599997243],P1,1,2025-11-14_11h38.40.092,Intentional Binding PSY310 Bhumika Bajaj AU2320057,,2025.1.1,59.98778648,2025-11-14 13h03.41.428781 +0530
0.4,1000,expected,11,11,0,space,0.3894207,None,14,1,[1.8382777000078931],[1.838293100008741],0,11,11,7,49.6141702,,49.5996322,49.6141702,50.5986442,50.5986442,50.6143901,50.9991459,space,0.3894207,None,51.0001397,51.39830717,51.7108653,51.6967996,51.6977157,51.7108653,51.7108653,51.7108653,53.549667,14,1,[1.8382777000078931],[1.838293100008741],P1,1,2025-11-14_11h38.40.092,Intentional Binding PSY310 Bhumika Bajaj AU2320057,,2025.1.1,59.98778648,2025-11-14 13h03.41.428781 +0530
0.4,1000,expected,12,0,1,space,0.0691818,None,15,1,[2.5683555999712553],[2.568363699974725],1,0,12,7,53.5633629,,53.5500842,53.5633629,54.5645145,54.5645145,54.5645145,54.6496601,space,0.0691818,None,54.6506057,55.06511717,55.3967368,55.3680222,55.3722717,55.3967368,55.3967368,55.3967368,57.9657984,15,1,[2.5683555999712553],[2.568363699974725],P1,1,2025-11-14_11h38.40.092,Intentional Binding PSY310 Bhumika Bajaj AU2320057,,2025.1.1,59.98778648,2025-11-14 13h03.41.428781 +0530
0.7,1000,expected,13,1,1,space,0.0401648,None,16,1,[1.6363285999977961],[1.636339799995767],1,1,13,5,57.9805758,,57.9660184,57.9805758,58.9648778,58.9648778,58.9813989,59.0156401,space,0.0401648,None,59.0169522,59.71487047,60.0298961,60.0155947,60.0164512,60.0298961,60.0298961,60.0298961,61.6666821,16,1,[1.6363285999977961],[1.636339799995767],P1,1,2025-11-14_11h38.40.092,Intentional Binding PSY310 Bhumika Bajaj AU2320057,,2025.1.1,59.98778648,2025-11-14 13h03.41.428781 +0530
0.4,1000,expected,14,2,1,space,0.0307499,None,17,1,[1.6944554000219796],[1.69446450000396],1,2,14,4,61.6807023,,61.6670009,61.6807023,62.681412,62.681412,62.681412,62.7163909,space,0.0307499,None,62.7175841,63.13160977,63.4526672,63.435438,63.4379135,63.4526672,63.4526672,63.4526672,65.1475586,17,1,[1.6944554000219796],[1.69446450000396],P1,1,2025-11-14_11h38.40.092,Intentional Binding PSY310 Bhumika Bajaj AU2320057,,2025.1.1,59.98778648,2025-11-14 13h03.41.428781 +0530
0.7,400,unexp,15,3,1,space,0.3064239,None,81,1,[2.003125200018985],[2.0031361000146717],1,3,15,2,65.163848,,65.1477991,65.163848,66.1484776,66.1484776,66.165327,66.4652022,space,0.3064239,None,66.4662811,67.16469947,67.4964219,67.463847,67.4652654,67.4964219,67.4964219,67.4964219,69.5000331,81,1,[2.003125200018985],[2.0031361000146717],P1,1,2025-11-14_11h38.40.092,Intentional Binding PSY310 Bhumika Bajaj AU2320057,,2025.1.1,59.98778648,2025-11-14 13h03.41.428781 +0530
0.7,1000,expected,16,4,1,space,0.3246302,None,91,1,[1.9180861999921035],[1.9180997999792453],1,4,16,8,69.5139787,,69.5003304,69.5139787,70.5141651,70.5141651,70.5141651,70.8489621,space,0.3246302,None,70.8500153,71.56395077,71.8791485,71.8648577,71.8656603,71.8791485,71.8791485,71.8791485,73.7977774,91,1,[1.9180861999921035],[1.9180997999792453],P1,1,2025-11-14_11h38.40.092,Intentional Binding PSY310 Bhumika Bajaj AU2320057,,2025.1.1,59.98778648,2025-11-14 13h03.41.428781 +0530
0.1,1000,expected,17,5,1,space,0.4146582,None,123,1,[2.8303317000099923],[2.8303446999925654],1,5,17,6,73.8136797,,73.7981822,73.8136797,74.7975374,74.7975374,74.8147312,75.215252,space,0.4146582,None,75.2162333,75.33083727,75.6520097,75.6271546,75.6286319,75.6520097,75.6520097,75.6520097,78.4828584,123,1,[2.8303317000099923],[2.8303446999925654],P1,1,2025-11-14_11h38.40.092,Intentional Binding PSY310 Bhumika Bajaj AU2320057,,2025.1.1,59.98778648,2025-11-14 13h03.41.428781 +0530
0.1,400,unexp,18,6,1,space,0.3503679,None,124,1,[2.056680299981963],[2.0566914999799337],1,6,18,0,78.4972079,,78.4833411,78.4972079,79.4971318,79.4971318,79.4971318,79.8485859,space,0.3503679,None,79.8495803,79.94809997,80.2574791,80.2434669,80.2441856,80.2574791,80.2574791,80.2574791,82.3144802,124,1,[2.056680299981963],[2.0566914999799337],P1,1,2025-11-14_11h38.40.092,Intentional Binding PSY310 Bhumika Bajaj AU2320057,,2025.1.1,59.98778648,2025-11-14 13h03.41.428781 +0530
0.1,1000,expected,19,7,1,space,0.2053956,None,125,1,[2.2193329999863636],[2.2193442000134382],1,7,19,9,82.3308294,,82.314727,82.3308294,83.3140686,83.3140686,83.3316386,83.5319444,space,0.2053956,None,83.5329676,83.64828137,83.9635959,83.9494213,83.9500647,83.9635959,83.9635959,83.9635959,86.1832927,125,1,[2.2193329999863636],[2.2193442000134382],P1,1,2025-11-14_11h38.40.092,Intentional Binding PSY310 Bhumika Bajaj AU2320057,,2025.1.1,59.98778648,2025-11-14 13h03.41.428781 +0530
0.7,1000,expected,20,8,1,space,0.4400692,None,126,1,[1.8896494999935385],[1.8896632999822032],1,8,20,11,86.1969587,,86.1835719,86.1969587,87.1977845,87.1977845,87.1977845,87.6486806,space,0.4400692,None,87.6496825,88.36480947,88.692794,88.6633985,88.6645532,88.692794,88.692794,88.692794,90.5829491,126,1,[1.8896494999935385],[1.8896632999822032],P1,1,2025-11-14_11h38.40.092,Intentional Binding PSY310 Bhumika Bajaj AU2320057,,2025.1.1,59.98778648,2025-11-14 13h03.41.428781 +0530
0.4,1000,expected,21,9,1,space,0.1553574,None,127,1,[2.337260599975707],[2.337275799975032],1,9,21,10,90.5968917,,90.583316,90.5968917,91.5977696,91.5977696,91.5977696,91.7648298,space,0.1553574,None,91.7658065,92.16419587,92.4811354,92.4667646,92.4676521,92.4811354,92.4811354,92.4811354,94.818891,127,1,[2.337260599975707],[2.337275799975032],P1,1,2025-11-14_11h38.40.092,Intentional Binding PSY310 Bhumika Bajaj AU2320057,,2025.1.1,59.98778648,2025-11-14 13h03.41.428781 +0530
0.4,400,unexp,22,10,1,space,0.3220761,None,127,1,[7.013405300007435],[7.013416400004644],1,10,22,1,94.8303062,,94.8194218,94.8303062,95.830024,95.830024,95.830024,96.1635977,space,0.3220761,None,96.1645425,96.56334167,96.877633,96.8632416,96.863995,96.877633,96.877633,96.877633,103.8913522,127,1,[7.013405300007435],[7.013416400004644],P1,1,2025-11-14_11h38.40.092,Intentional Binding PSY310 Bhumika Bajaj AU2320057,,2025.1.1,59.98778648,2025-11-14 13h03.41.428781 +0530
0.1,1000,expected,23,11,1,space,2.9381812,None,87,1,[3.9696949000062887],[3.969705499999691],1,11,23,3,103.9044062,,103.891636,103.9044062,104.9050912,104.9050912,104.9050912,107.858284,space,2.9381812,None,107.8593256,107.9729846,108.2883454,108.2737826,108.2745611,108.2883454,108.2883454,108.2883454,112.258387,87,1,[3.9696949000062887],[3.969705499999691],P1,1,2025-11-14_11h38.40.092,Intentional Binding PSY310 Bhumika Bajaj AU2320057,,2025.1.1,59.98778648,2025-11-14 13h03.41.428781 +0530
0.1,1000,expected,24,0,2,space,2.8354845,None,76,1,[2.804440899984911],[2.8044551000057254],2,0,24,9,112.2736509,,112.2587083,112.2736509,113.2731636,113.2731636,113.2731636,116.1100121,space,2.8354845,None,116.1109883,116.2260812,116.538045,116.5228668,116.5241069,116.538045,116.538045,116.538045,119.3429986,76,1,[2.804440899984911],[2.8044551000057254],P1,1,2025-11-14_11h38.40.092,Intentional Binding PSY310 Bhumika Bajaj AU2320057,,2025.1.1,59.98778648,2025-11-14 13h03.41.428781 +0530
0.1,1000,expected,25,1,2,space,5.5575814,None,76,1,[1.9881426000210922],[1.9881749000051059],2,1,25,3,119.359676,,119.3434706,119.359676,120.3615056,120.3615056,120.3673033,125.9288208,space,5.5575814,None,125.9294914,126.0283747,126.3404793,126.3268351,126.3276883,126.3404793,126.3404793,126.3404793,128.3290998,76,1,[1.9881426000210922],[1.9881749000051059],P1,1,2025-11-14_11h38.40.092,Intentional Binding PSY310 Bhumika Bajaj AU2320057,,2025.1.1,59.98778648,2025-11-14 13h03.41.428781 +0530
0.4,400,unexp,26,2,2,space,1.4740632,None,96,1,[2.878187900001649],[2.8782005999819376],2,2,26,1,128.34497,,128.3295285,128.34497,129.3449491,129.3449491,129.3449491,130.8293191,space,1.4740632,None,130.8304138,131.2289137,131.5364475,131.5228607,131.5239588,131.5364475,131.5364475,131.5364475,134.4150789,96,1,[2.878187900001649],[2.8782005999819376],P1,1,2025-11-14_11h38.40.092,Intentional Binding PSY310 Bhumika Bajaj AU2320057,,2025.1.1,59.98778648,2025-11-14 13h03.41.428781 +0530
0.4,1000,expected,27,3,2,space,3.1839532,None,89,1,[2.6413902000058442],[2.641402500012191],2,3,27,7,134.4276706,,134.4154794,134.4276706,135.4280207,135.4280207,135.4280207,138.6173641,space,3.1839532,None,138.6184703,139.0165136,139.327824,139.3128842,139.3136255,139.327824,139.327824,139.327824,141.9696702,89,1,[2.6413902000058442],[2.641402500012191],P1,1,2025-11-14_11h38.40.092,Intentional Binding PSY310 Bhumika Bajaj AU2320057,,2025.1.1,59.98778648,2025-11-14 13h03.41.428781 +0530
0.7,1000,expected,28,4,2,space,1.2109105,None,657,1,[2.8242949999985285],[2.8243109000031836],2,4,28,8,141.98328,,141.9700927,141.98328,142.9843933,142.9843933,142.9843933,144.2014782,space,1.2109105,None,144.2024951,144.9009077,145.2285098,145.1984391,145.1995967,145.2285098,145.2285098,145.2285098,148.0533836,657,1,[2.8242949999985285],[2.8243109000031836],P1,1,2025-11-14_11h38.40.092,Intentional Binding PSY310 Bhumika Bajaj AU2320057,,2025.1.1,59.98778648,2025-11-14 13h03.41.428781 +0530
0.1,400,unexp,29,5,2,space,3.2146042,None,456,1,[2.369978600007016],[2.3699924999964423],2,5,29,0,148.0664002,,148.0538672,148.0664002,149.0990253,149.0990253,149.0990253,152.3302926,space,3.2146042,None,152.3313367,152.4456689,152.7612057,152.7465834,152.7472817,152.7612057,152.7612057,152.7612057,155.1317878,456,1,[2.369978600007016],[2.3699924999964423],P1,1,2025-11-14_11h38.40.092,Intentional Binding PSY310 Bhumika Bajaj AU2320057,,2025.1.1,59.98778648,2025-11-14 13h03.41.428781 +0530
0.4,1000,expected,30,6,2,space,0.0268786,None,876,1,[2.5531747000059113],[2.553189199999906],2,6,30,4,155.1446284,,155.1322226,155.1446284,156.1447191,156.1447191,156.1447191,156.1796411,space,0.0268786,None,156.1805975,156.5953276,156.908379,156.8947755,156.8955195,156.908379,156.908379,156.908379,159.4620808,876,1,[2.5531747000059113],[2.553189199999906],P1,1,2025-11-14_11h38.40.092,Intentional Binding PSY310 Bhumika Bajaj AU2320057,,2025.1.1,59.98778648,2025-11-14 13h03.41.428781 +0530
0.7,400,unexp,31,7,2,space,0.7766489,None,987,1,[2.3030499999877065],[2.303063300001668],2,7,31,2,159.4780662,,159.4625274,159.4780662,160.4625829,160.4625829,160.4788098,161.2461322,space,0.7766489,None,161.2472987,161.9459688,162.2620329,162.2484791,162.2489272,162.2620329,162.2620329,162.2620329,164.56556,987,1,[2.3030499999877065],[2.303063300001668],P1,1,2025-11-14_11h38.40.092,Intentional Binding PSY310 Bhumika Bajaj AU2320057,,2025.1.1,59.98778648,2025-11-14 13h03.41.428781 +0530
0.4,1000,expected,32,8,2,space,0.1294321,None,999,1,[2.2714161000039894],[2.2714318999787793],2,8,32,10,164.5788147,,164.566115,164.5788147,165.5788208,165.5788208,165.5788208,165.7134227,space,0.1294321,None,165.7144479,166.1292366,166.4405777,166.4264903,166.4274942,166.4405777,166.4405777,166.4405777,168.7124732,999,1,[2.2714161000039894],[2.2714318999787793],P1,1,2025-11-14_11h38.40.092,Intentional Binding PSY310 Bhumika Bajaj AU2320057,,2025.1.1,59.98778648,2025-11-14 13h03.41.428781 +0530
0.1,1000,expected,33,9,2,space,0.1083577,None,987,1,[2.251420099986717],[2.251434399979189],2,9,33,6,168.7279312,,168.7129861,168.7279312,169.7128059,169.7128059,169.7287149,169.8291778,space,0.1083577,None,169.8302362,169.9446474,170.2604782,170.2429529,170.2445836,170.2604782,170.2604782,170.2604782,172.5124799,987,1,[2.251420099986717],[2.251434399979189],P1,1,2025-11-14_11h38.40.092,Intentional Binding PSY310 Bhumika Bajaj AU2320057,,2025.1.1,59.98778648,2025-11-14 13h03.41.428781 +0530
0.7,1000,expected,34,10,2,space,0.1813085,None,989,1,[1.9683535000076517],[1.9683678000001237],2,10,34,5,172.5278047,,172.5129603,172.5278047,173.5123443,173.5123443,173.5288104,173.6970448,space,0.1813085,None,173.6989908,174.4115837,174.7269262,174.7152377,174.7157918,174.7269262,174.7269262,174.7269262,176.6961479,989,1,[1.9683535000076517],[1.9683678000001237],P1,1,2025-11-14_11h38.40.092,Intentional Binding PSY310 Bhumika Bajaj AU2320057,,2025.1.1,59.98778648,2025-11-14 13h03.41.428781 +0530
0.7,1000,expected,35,11,2,space,0.1657681,None,969,1,[3.331639499985613],[3.3316521999950055],2,11,35,11,176.7117888,,176.6966222,176.7117888,177.6957738,177.6957738,177.7123518,177.8647115,space,0.1657681,None,177.8665779,178.5782917,178.8991407,178.877862,178.8787975,178.8991407,178.8991407,178.8991407,182.2312873,969,1,[3.331639499985613],[3.3316521999950055],P1,1,2025-11-14_11h38.40.092,Intentional Binding PSY310 Bhumika Bajaj AU2320057,,2025.1.1,59.98778648,2025-11-14 13h03.41.428781 +0530
0.1,1000,expected,36,0,3,space,0.1289937,None,967,1,[3.372629899997264],[3.372650400007842],3,0,36,6,182.2445293,,182.2319178,182.2445293,183.2453092,183.2453092,183.2453092,183.3800257,space,0.1289937,None,183.3823729,183.4792571,183.8055965,183.7835609,183.7848388,183.8055965,183.8055965,183.8055965,187.1789179,967,1,[3.372629899997264],[3.372650400007842],P1,1,2025-11-14_11h38.40.092,Intentional Binding PSY310 Bhumika Bajaj AU2320057,,2025.1.1,59.98778648,2025-11-14 13h03.41.428781 +0530
0.4,1000,expected,37,1,3,space,0.366119,None,453,1,[2.4853462999744806],[2.4853598999907263],3,1,37,7,187.1944588,,187.1794665,187.1944588,188.178711,188.178711,188.1957412,188.5460027,space,0.366119,None,188.5469844,188.9458283,189.259618,189.244779,189.2455378,189.259618,189.259618,189.259618,191.7454043,453,1,[2.4853462999744806],[2.4853598999907263],P1,1,2025-11-14_11h38.40.092,Intentional Binding PSY310 Bhumika Bajaj AU2320057,,2025.1.1,59.98778648,2025-11-14 13h03.41.428781 +0530
0.1,1000,expected,38,2,3,space,1.1883793,None,674,1,[2.149900599993998],[2.149915499991039],3,2,38,3,191.761075,,191.7456504,191.761075,192.7447365,192.7447365,192.7614042,193.9452159,space,1.1883793,None,193.9461975,194.04466,194.3611012,194.3464345,194.3473251,194.3611012,194.3611012,194.3611012,196.5116668,674,1,[2.149900599993998],[2.149915499991039],P1,1,2025-11-14_11h38.40.092,Intentional Binding PSY310 Bhumika Bajaj AU2320057,,2025.1.1,59.98778648,2025-11-14 13h03.41.428781 +0530
0.1,400,unexp,39,3,3,space,0.7252982,None,654,1,[2.8107895999855828],[2.810801599989645],3,3,39,0,196.5274928,,196.5119453,196.5274928,197.5116859,197.5116859,197.5288914,198.2457949,space,0.7252982,None,198.2468045,198.3611125,198.669158,198.6591284,198.6596545,198.669158,198.669158,198.669158,201.4804043,654,1,[2.8107895999855828],[2.810801599989645],P1,1,2025-11-14_11h38.40.092,Intentional Binding PSY310 Bhumika Bajaj AU2320057,,2025.1.1,59.98778648,2025-11-14 13h03.41.428781 +0530
0.4,400,unexp,40,4,3,space,0.2885021,None,726,1,[1.9221029999898747],[1.9221145999908913],3,4,40,1,201.4947064,,201.4808017,201.4947064,202.4946224,202.4946224,202.4946224,202.7948553,space,0.2885021,None,202.7958559,203.1948119,203.5071197,203.4934715,203.494376,203.5071197,203.5071197,203.5071197,205.4296501,726,1,[1.9221029999898747],[1.9221145999908913],P1,1,2025-11-14_11h38.40.092,Intentional Binding PSY310 Bhumika Bajaj AU2320057,,2025.1.1,59.98778648,2025-11-14 13h03.41.428781 +0530
0.7,400,unexp,41,5,3,space,0.4203573,None,254,1,[2.3928188999998383],[2.3928320999839343],3,5,41,2,205.4440257,,205.4299841,205.4440257,206.4446139,206.4446139,206.4446139,206.8777399,space,0.4203573,None,206.8786634,207.5782136,207.8875015,207.8743438,207.8749332,207.8875015,207.8875015,207.8875015,210.2808441,254,1,[2.3928188999998383],[2.3928320999839343],P1,1,2025-11-14_11h38.40.092,Intentional Binding PSY310 Bhumika Bajaj AU2320057,,2025.1.1,59.98778648,2025-11-14 13h03.41.428781 +0530
0.1,1000,expected,42,6,3,space,0.2167635,None,453,1,[2.8996382000041194],[2.899654400011059],3,6,42,9,210.2945033,,210.2812576,210.2945033,211.2951586,211.2951586,211.2951586,211.5129967,space,0.2167635,None,211.5140476,211.6285188,211.9452933,211.931273,211.9319612,211.9452933,211.9452933,211.9452933,214.8454391,453,1,[2.8996382000041194],[2.899654400011059],P1,1,2025-11-14_11h38.40.092,Intentional Binding PSY310 Bhumika Bajaj AU2320057,,2025.1.1,59.98778648,2025-11-14 13h03.41.428781 +0530
0.7,1000,expected,43,7,3,space,0.2354153,None,765,1,[2.4234190999995917],[2.4234322999836877],3,7,43,5,214.8611932,,214.8458676,214.8611932,215.8604743,215.8604743,215.8604743,216.1124785,space,0.2354153,None,216.1134335,216.8115768,217.1209225,217.1062475,217.1069892,217.1209225,217.1209225,217.1209225,219.5447765,765,1,[2.4234190999995917],[2.4234322999836877],P1,1,2025-11-14_11h38.40.092,Intentional Binding PSY310 Bhumika Bajaj AU2320057,,2025.1.1,59.98778648,2025-11-14 13h03.41.428781 +0530
0.4,1000,expected,44,8,3,space,0.1517673,None,243,1,[3.109045799996238],[3.1090574999980163],3,8,44,4,219.5604995,,219.5451969,219.5604995,220.5441987,220.5441987,220.56056,220.7127718,space,0.1517673,None,220.7138188,221.1278789,221.4393237,221.4256959,221.4264508,221.4393237,221.4393237,221.4393237,224.5487344,243,1,[3.109045799996238],[3.1090574999980163],P1,1,2025-11-14_11h38.40.092,Intentional Binding PSY310 Bhumika Bajaj AU2320057,,2025.1.1,59.98778648,2025-11-14 13h03.41.428781 +0530
0.7,1000,expected,45,9,3,space,0.1328686,None,564,1,[2.6432641000137664],[2.643275200010976],3,9,45,8,224.5608685,,224.5490402,224.5608685,225.5615763,225.5615763,225.5615763,225.6968809,space,0.1328686,None,225.6981665,226.4119879,226.7364505,226.7064832,226.7076267,226.7364505,226.7364505,226.7364505,229.3801508,564,1,[2.6432641000137664],[2.643275200010976],P1,1,2025-11-14_11h38.40.092,Intentional Binding PSY310 Bhumika Bajaj AU2320057,,2025.1.1,59.98778648,2025-11-14 13h03.41.428781 +0530
0.7,1000,expected,46,10,3,space,0.5384718,None,342,1,[3.3838427999871783],[3.3838561000011396],3,10,46,11,229.3938851,,229.3804689,229.3938851,230.3945106,230.3945106,230.3945106,230.9453928,space,0.5384718,None,230.9463963,231.6615108,231.977334,231.9605236,231.9612089,231.977334,231.977334,231.977334,235.3617895,342,1,[3.3838427999871783],[3.3838561000011396],P1,1,2025-11-14_11h38.40.092,Intentional Binding PSY310 Bhumika Bajaj AU2320057,,2025.1.1,59.98778648,2025-11-14 13h03.41.428781 +0530
0.4,1000,expected,47,11,3,space,0.019137,None,563,1,[3.1693819999927655],[3.1693952000059653],3,11,47,10,235.3772915,,235.3622412,235.3772915,236.3611138,236.3611138,236.3773303,236.395698,space,0.019137,None,236.3966755,236.8110172,237.1267763,237.1129348,237.1136927,237.1267763,237.1267763,237.1267763,240.2966443,563,1,[3.1693819999927655],[3.1693952000059653],P1,1,2025-11-14_11h38.40.092,Intentional Binding PSY310 Bhumika Bajaj AU2320057,,2025.1.1,59.98778648,2025-11-14 13h03.41.428781 +0530
0.1,1000,expected,48,0,4,space,0.9188654,None,876,1,[6.823174899996957],[6.823185500019463],4,0,48,3,240.3107701,,240.2970246,240.3107701,241.3106305,241.3106305,241.3106305,242.2458092,space,0.9188654,None,242.2465469,242.3608398,242.672304,242.6593884,242.6601387,242.672304,242.672304,242.672304,249.4960641,876,1,[6.823174899996957],[6.823185500019463],P1,1,2025-11-14_11h38.40.092,Intentional Binding PSY310 Bhumika Bajaj AU2320057,,2025.1.1,59.98778648,2025-11-14 13h03.41.428781 +0530
0.4,1000,expected,49,1,4,space,0.7590285,None,876,1,[2.620273199980147],[2.6202901999931782],4,1,49,10,249.5105008,,249.4964681,249.5105008,250.5102337,250.5102337,250.5102337,251.2780161,space,0.7590285,None,251.2789829,251.6938262,252.0115633,251.9971046,251.997865,252.0115633,252.0115633,252.0115633,254.6323866,876,1,[2.620273199980147],[2.6202901999931782],P1,1,2025-11-14_11h38.40.092,Intentional Binding PSY310 Bhumika Bajaj AU2320057,,2025.1.1,59.98778648,2025-11-14 13h03.41.428781 +0530
0.4,1000,expected,50,2,4,space,1.1307942,None,978,1,[2.0057489999744575],[2.0057657999859657],4,2,50,7,254.6443192,,254.632796,254.6443192,255.6445529,255.6445529,255.6445529,256.7776206,space,1.1307942,None,256.77853,257.177751,257.4888731,257.4743385,257.4762405,257.4888731,257.4888731,257.4888731,259.4951899,978,1,[2.0057489999744575],[2.0057657999859657],P1,1,2025-11-14_11h38.40.092,Intentional Binding PSY310 Bhumika Bajaj AU2320057,,2025.1.1,59.98778648,2025-11-14 13h03.41.428781 +0530
0.1,1000,expected,51,3,4,space,0.1146565,None,764,1,[3.1074413000023924],[3.1074511000188068],4,3,51,6,259.5113406,,259.4956314,259.5113406,260.4939663,260.4939663,260.5113515,260.611136,space,0.1146565,None,260.6124845,260.7110639,261.0220369,261.0087627,261.0094299,261.0220369,261.0220369,261.0220369,264.1298428,764,1,[3.1074413000023924],[3.1074511000188068],P1,1,2025-11-14_11h38.40.092,Intentional Binding PSY310 Bhumika Bajaj AU2320057,,2025.1.1,59.98778648,2025-11-14 13h03.41.428781 +0530
0.1,400,unexp,52,4,4,space,0.5655473,None,982,1,[4.893633799976669],[4.893644199997652],4,4,52,0,264.1434174,,264.1303731,264.1434174,265.1446554,265.1446554,265.1446554,265.7113281,space,0.5655473,None,265.7124092,265.810818,266.1192866,266.1044752,266.1054237,266.1192866,266.1192866,266.1192866,271.0132916,982,1,[4.893633799976669],[4.893644199997652],P1,1,2025-11-14_11h38.40.092,Intentional Binding PSY310 Bhumika Bajaj AU2320057,,2025.1.1,59.98778648,2025-11-14 13h03.41.428781 +0530
0.7,400,unexp,53,5,4,space,0.9199245,None,76,1,[3.5206259999831673],[3.5206409000093117],4,5,53,2,271.0268167,,271.0135813,271.0268167,272.0266297,272.0266297,272.0266297,272.9619677,space,0.9199245,None,272.9630724,273.6617276,273.9766217,273.9604211,273.9611359,273.9766217,273.9766217,273.9766217,277.4977483,76,1,[3.5206259999831673],[3.5206409000093117],P1,1,2025-11-14_11h38.40.092,Intentional Binding PSY310 Bhumika Bajaj AU2320057,,2025.1.1,59.98778648,2025-11-14 13h03.41.428781 +0530
0.4,1000,expected,54,6,4,space,0.3181744,None,657,1,[3.088150299998233],[3.0881625000038184],4,6,54,4,277.5105511,,277.4982578,277.5105511,278.511198,278.511198,278.511198,278.8452903,space,0.3181744,None,278.8462771,279.2602609,279.5911053,279.5644378,279.5655749,279.5911053,279.5911053,279.5911053,282.6798708,657,1,[3.088150299998233],[3.0881625000038184],P1,1,2025-11-14_11h38.40.092,Intentional Binding PSY310 Bhumika Bajaj AU2320057,,2025.1.1,59.98778648,2025-11-14 13h03.41.428781 +0530
0.7,1000,expected,55,7,4,space,1.9919232,None,768,1,[2.014473300019745],[2.014496300020255],4,7,55,11,282.6941085,,282.6802013,282.6941085,283.6954232,283.6954232,283.6954232,285.6951309,space,1.9919232,None,285.6961435,286.4101543,286.7330478,286.713118,286.7143192,286.7330478,286.7330478,286.7330478,288.74821,768,1,[2.014473300019745],[2.014496300020255],P1,1,2025-11-14_11h38.40.092,Intentional Binding PSY310 Bhumika Bajaj AU2320057,,2025.1.1,59.98778648,2025-11-14 13h03.41.428781 +0530
0.4,400,unexp,56,8,4,space,4.0472675,None,67,1,[2.4898249999969266],[2.4898384000116494],4,8,56,1,288.7604988,,288.7486499,288.7604988,289.7613568,289.7613568,289.7613568,293.8116961,space,4.0472675,None,293.8127382,294.2112168,294.5203055,294.506584,294.5072925,294.5203055,294.5203055,294.5203055,297.0104845,67,1,[2.4898249999969266],[2.4898384000116494],P1,1,2025-11-14_11h38.40.092,Intentional Binding PSY310 Bhumika Bajaj AU2320057,,2025.1.1,59.98778648,2025-11-14 13h03.41.428781 +0530
0.7,1000,expected,57,9,4,space,2.6316671,None,765,1,[2.7795693000080064],[2.779581299982965],4,9,57,8,297.026408,,297.0107573,297.026408,298.0113278,298.0113278,298.0273782,300.6471536,space,2.6316671,None,300.6489786,301.3610837,301.6667668,301.6527976,301.6535355,301.6667668,301.6667668,301.6667668,304.4468543,765,1,[2.7795693000080064],[2.779581299982965],P1,1,2025-11-14_11h38.40.092,Intentional Binding PSY310 Bhumika Bajaj AU2320057,,2025.1.1,59.98778648,2025-11-14 13h03.41.428781 +0530
0.1,1000,expected,58,10,4,space,0.2583513,None,456,1,[2.6691083000041544],[2.6691251000156626],4,10,58,9,304.4597229,,304.4471849,304.4597229,305.4606232,305.4606232,305.4606232,305.7293766,space,0.2583513,None,305.731145,305.8438956,306.1610398,306.1468257,306.1476498,306.1610398,306.1610398,306.1610398,308.8306534,456,1,[2.6691083000041544],[2.6691251000156626],P1,1,2025-11-14_11h38.40.092,Intentional Binding PSY310 Bhumika Bajaj AU2320057,,2025.1.1,59.98778648,2025-11-14 13h03.41.428781 +0530
0.7,1000,expected,59,11,4,space,0.4278042,None,345,1,[3.4922989000042435],[3.4923150000104215],4,11,59,5,308.8427711,,308.83108,308.8427711,309.8447733,309.8447733,309.8447733,310.2782953,space,0.4278042,None,310.2792777,310.993502,311.3024578,311.2873237,311.2880931,311.3024578,311.3024578,311.3024578,314.7953072,345,1,[3.4922989000042435],[3.4923150000104215],P1,1,2025-11-14_11h38.40.092,Intentional Binding PSY310 Bhumika Bajaj AU2320057,,2025.1.1,59.98778648,2025-11-14 13h03.41.428781 +0530
0.4,1000,expected,60,0,5,space,0.0223947,None,987,1,[2.6257973999890964],[2.6258136999967974],5,0,60,7,314.8096072,,314.7959479,314.8096072,315.8098199,315.8098199,315.8098199,315.8448217,space,0.0223947,None,315.8458409,316.2606019,316.5725704,316.5596496,316.5603942,316.5725704,316.5725704,316.5725704,319.1989794,987,1,[2.6257973999890964],[2.6258136999967974],P1,1,2025-11-14_11h38.40.092,Intentional Binding PSY310 Bhumika Bajaj AU2320057,,2025.1.1,59.98778648,2025-11-14 13h03.41.428781 +0530
0.1,1000,expected,61,1,5,space,0.2911579,None,876,1,[2.8841737000038847],[2.884187700023176],5,1,61,6,319.2102062,,319.1995338,319.2102062,320.2108074,320.2108074,320.2108074,320.51124,space,0.2911579,None,320.5123633,320.6109378,320.9277238,320.9106069,320.9113375,320.9277238,320.9277238,320.9277238,323.8123022,876,1,[2.8841737000038847],[2.884187700023176],P1,1,2025-11-14_11h38.40.092,Intentional Binding PSY310 Bhumika Bajaj AU2320057,,2025.1.1,59.98778648,2025-11-14 13h03.41.428781 +0530
0.1,400,unexp,62,2,5,space,0.1720337,None,567,1,[3.039164100016933],[3.039179100014735],5,2,62,0,323.8263307,,323.8125844,323.8263307,324.8274228,324.8274228,324.8274228,325.01136,space,0.1720337,None,325.0125028,325.1274418,325.4403884,325.426743,325.4275044,325.4403884,325.4403884,325.4403884,328.4800557,567,1,[3.039164100016933],[3.039179100014735],P1,1,2025-11-14_11h38.40.092,Intentional Binding PSY310 Bhumika Bajaj AU2320057,,2025.1.1,59.98778648,2025-11-14 13h03.41.428781 +0530
0.7,1000,expected,63,3,5,space,0.2990771,None,435,1,[2.950071900006151],[2.95008740000776],5,3,63,8,328.4945092,,328.48062,328.4945092,329.4938381,329.4938381,329.4938381,329.7938252,space,0.2990771,None,329.7948499,330.4931785,330.8104245,330.7948247,330.7956003,330.8104245,330.8104245,330.8104245,333.7610521,435,1,[2.950071900006151],[2.95008740000776],P1,1,2025-11-14_11h38.40.092,Intentional Binding PSY310 Bhumika Bajaj AU2320057,,2025.1.1,59.98778648,2025-11-14 13h03.41.428781 +0530
0.4,1000,expected,64,4,5,space,0.4337959,None,234,1,[1.716980400000466],[1.716990499990061],5,4,64,10,333.7768738,,333.7614978,333.7768738,334.7596211,334.7596211,334.7774487,335.1942922,space,0.4337959,None,335.1953203,335.593736,335.9113502,335.8972867,335.8980435,335.9113502,335.9113502,335.9113502,337.6288312,234,1,[1.716980400000466],[1.716990499990061],P1,1,2025-11-14_11h38.40.092,Intentional Binding PSY310 Bhumika Bajaj AU2320057,,2025.1.1,59.98778648,2025-11-14 13h03.41.428781 +0530
0.7,1000,expected,65,5,5,space,0.0055,None,235,1,[2.354143800010206],[2.3541622000047937],5,5,65,11,337.6430409,,337.6292019,337.6430409,338.6438944,338.6438944,338.6438944,338.661221,space,0.0055,None,338.6623446,339.3766751,339.6930851,339.6776202,339.6783712,339.6930851,339.6930851,339.6930851,342.0483759,235,1,[2.354143800010206],[2.3541622000047937],P1,1,2025-11-14_11h38.40.092,Intentional Binding PSY310 Bhumika Bajaj AU2320057,,2025.1.1,59.98778648,2025-11-14 13h03.41.428781 +0530
0.4,400,unexp,66,6,5,space,0.1405832,None,236,1,[2.654510799999116],[2.6545276999822818],5,6,66,1,342.0596038,,342.0489317,342.0596038,343.0593782,343.0593782,343.0593782,343.2100729,space,0.1405832,None,343.211176,343.6099438,343.9221281,343.9067358,343.9079381,343.9221281,343.9221281,343.9221281,346.5771868,236,1,[2.654510799999116],[2.6545276999822818],P1,1,2025-11-14_11h38.40.092,Intentional Binding PSY310 Bhumika Bajaj AU2320057,,2025.1.1,59.98778648,2025-11-14 13h03.41.428781 +0530
0.4,1000,expected,67,7,5,space,0.3162359,None,237,1,[2.228284100012388],[2.2282913000090048],5,7,67,4,346.5928499,,346.5776399,346.5928499,347.5933992,347.5933992,347.5933992,347.9106558,space,0.3162359,None,347.9123087,348.3100897,348.6148766,348.6022376,348.6028345,348.6148766,348.6148766,348.6148766,350.8435889,237,1,[2.228284100012388],[2.2282913000090048],P1,1,2025-11-14_11h38.40.092,Intentional Binding PSY310 Bhumika Bajaj AU2320057,,2025.1.1,59.98778648,2025-11-14 13h03.41.428781 +0530
0.7,1000,expected,68,8,5,space,0.2945659,None,238,1,[3.961873399995966],[3.9618871999846306],5,8,68,5,350.8589875,,350.844044,350.8589875,351.8429622,351.8429622,351.8599535,352.1434125,space,0.2945659,None,352.1444698,352.8435453,353.1605164,353.1452262,353.1459616,353.1605164,353.1605164,353.1605164,357.1229066,238,1,[3.961873399995966],[3.9618871999846306],P1,1,2025-11-14_11h38.40.092,Intentional Binding PSY310 Bhumika Bajaj AU2320057,,2025.1.1,59.98778648,2025-11-14 13h03.41.428781 +0530
0.1,1000,expected,69,9,5,space,0.6170835,None,239,1,[4.0081327999942005],[4.008143399987603],5,9,69,3,357.1352608,,357.1256425,357.1352608,358.1357211,358.1357211,358.1357211,358.7687777,space,0.6170835,None,358.7697852,358.8681786,359.1785339,359.1640157,359.1647426,359.1785339,359.1785339,359.1785339,363.187023,239,1,[4.0081327999942005],[4.008143399987603],P1,1,2025-11-14_11h38.40.092,Intentional Binding PSY310 Bhumika Bajaj AU2320057,,2025.1.1,59.98778648,2025-11-14 13h03.41.428781 +0530
0.7,400,unexp,70,10,5,space,0.0967823,None,240,1,[2.259574800002156],[2.2595913999830373],5,10,70,2,363.2017232,,363.1874382,363.2017232,364.2026541,364.2026541,364.2026541,364.3029366,space,0.0967823,None,364.3039308,365.0023056,365.309864,365.2957497,365.2965745,365.309864,365.309864,365.309864,367.5699744,240,1,[2.259574800002156],[2.2595913999830373],P1,1,2025-11-14_11h38.40.092,Intentional Binding PSY310 Bhumika Bajaj AU2320057,,2025.1.1,59.98778648,2025-11-14 13h03.41.428781 +0530
0.1,1000,expected,71,11,5,space,0.1248062,None,250,1,[1.9432173000241164],[1.9432274000137113],5,11,71,9,367.5850207,,367.5703991,367.5850207,368.568878,368.568878,368.5852984,368.7030196,space,0.1248062,None,368.7049229,368.8029166,369.1266212,369.1055175,369.1068303,369.1266212,369.1266212,369.1266212,371.0703095,250,1,[1.9432173000241164],[1.9432274000137113],P1,1,2025-11-14_11h38.40.092,Intentional Binding PSY310 Bhumika Bajaj AU2320057,,2025.1.1,59.98778648,2025-11-14 13h03.41.428781 +0530
0.4,1000,expected,72,0,6,space,0.2742472,None,260,1,[2.622277500020573],[2.622288500017021],6,0,72,4,371.0846099,,371.0706851,371.0846099,372.0859737,372.0859737,372.0859737,372.3698068,space,0.2742472,None,372.3708063,372.7695153,373.0818276,373.0674527,373.0681927,373.0818276,373.0818276,373.0818276,375.7045129,260,1,[2.622277500020573],[2.622288500017021],P1,1,2025-11-14_11h38.40.092,Intentional Binding PSY310 Bhumika Bajaj AU2320057,,2025.1.1,59.98778648,2025-11-14 13h03.41.428781 +0530
0.4,400,unexp,73,1,6,space,0.2517495,None,270,1,[3.0202550999820232],[3.0202716999920085],6,1,73,1,375.7180518,,375.7048048,375.7180518,376.718135,376.718135,376.718135,376.9866299,space,0.2517495,None,376.9876399,377.4016199,377.720988,377.7035633,377.7059811,377.720988,377.720988,377.720988,380.7419695,270,1,[3.0202550999820232],[3.0202716999920085],P1,1,2025-11-14_11h38.40.092,Intentional Binding PSY310 Bhumika Bajaj AU2320057,,2025.1.1,59.98778648,2025-11-14 13h03.41.428781 +0530
0.7,1000,expected,74,2,6,space,0.2932322,None,280,1,[4.157907699991483],[4.157925699983025],6,2,74,5,380.7516613,,380.742476,380.7516613,381.7525366,381.7525366,381.7525366,382.0532932,space,0.2932322,None,382.0542392,382.7524204,383.0610884,383.0460459,383.0467588,383.0610884,383.0610884,383.0610884,387.2198035,280,1,[4.157907699991483],[4.157925699983025],P1,1,2025-11-14_11h38.40.092,Intentional Binding PSY310 Bhumika Bajaj AU2320057,,2025.1.1,59.98778648,2025-11-14 13h03.41.428781 +0530
0.1,1000,expected,75,3,6,space,0.0795621,None,290,1,[5.3055764000164345],[5.305588100018213],6,3,75,6,387.2349689,,387.2203885,387.2349689,388.2350814,388.2350814,388.2350814,388.3199908,space,0.0795621,None,388.3209323,388.4356098,388.7480899,388.7339105,388.7346985,388.7480899,388.7480899,388.7480899,394.0541625,290,1,[5.3055764000164345],[5.305588100018213],P1,1,2025-11-14_11h38.40.092,Intentional Binding PSY310 Bhumika Bajaj AU2320057,,2025.1.1,59.98778648,2025-11-14 13h03.41.428781 +0530
0.1,1000,expected,76,4,6,space,0.2243137,None,67,1,[10.118590099998983],[10.118604400020558],6,4,76,9,394.0680613,,394.0545062,394.0680613,395.0691335,395.0691335,395.0691335,395.3031639,space,0.2243137,None,395.304155,395.4025194,395.7187219,395.7038947,395.7045555,395.7187219,395.7187219,395.7187219,405.8376832,67,1,[10.118590099998983],[10.118604400020558],P1,1,2025-11-14_11h38.40.092,Intentional Binding PSY310 Bhumika Bajaj AU2320057,,2025.1.1,59.98778648,2025-11-14 13h03.41.428781 +0530
0.7,1000,expected,77,5,6,space,1.061244,None,654,1,[4.092243499995675],[4.092259600001853],6,5,77,8,405.8514697,,405.8380097,405.8514697,406.8525332,406.8525332,406.8525332,407.91953,space,1.061244,None,407.9216822,408.6193597,408.9427977,408.9130411,408.9140964,408.9427977,408.9427977,408.9427977,413.0356169,654,1,[4.092243499995675],[4.092259600001853],P1,1,2025-11-14_11h38.40.092,Intentional Binding PSY310 Bhumika Bajaj AU2320057,,2025.1.1,59.98778648,2025-11-14 13h03.41.428781 +0530
0.4,1000,expected,78,6,6,space,1.9030815,None,546,1,[2.815650900010951],[2.8156656000064686],6,6,78,7,413.051347,,413.0360161,413.051347,414.0357972,414.0357972,414.0520922,415.9519602,space,1.9030815,None,415.9528902,416.3522984,416.669115,416.6553966,416.6561271,416.669115,416.669115,416.669115,419.4852338,546,1,[2.815650900010951],[2.8156656000064686],P1,1,2025-11-14_11h38.40.092,Intentional Binding PSY310 Bhumika Bajaj AU2320057,,2025.1.1,59.98778648,2025-11-14 13h03.41.428781 +0530
0.7,1000,expected,79,7,6,space,0.1197389,None,546,1,[2.1544893000100274],[2.1545003000064753],6,7,79,11,419.5013932,,419.485663,419.5013932,420.4853278,420.4853278,420.5023819,420.6197149,space,0.1197389,None,420.620686,421.3349033,421.6480802,421.6345674,421.6353159,421.6480802,421.6480802,421.6480802,423.8029885,546,1,[2.1544893000100274],[2.1545003000064753],P1,1,2025-11-14_11h38.40.092,Intentional Binding PSY310 Bhumika Bajaj AU2320057,,2025.1.1,59.98778648,2025-11-14 13h03.41.428781 +0530
0.1,400,unexp,80,8,6,space,1.7168781,None,768,1,[2.0265737999870908],[2.026588199980324],6,8,80,0,423.8174982,,423.8032775,423.8174982,424.802159,424.802159,424.8191755,426.536994,space,1.7168781,None,426.5381993,426.6521533,426.9611547,426.9468443,426.9475833,426.9611547,426.9611547,426.9611547,428.9882591,768,1,[2.0265737999870908],[2.026588199980324],P1,1,2025-11-14_11h38.40.092,Intentional Binding PSY310 Bhumika Bajaj AU2320057,,2025.1.1,59.98778648,2025-11-14 13h03.41.428781 +0530
0.4,1000,expected,81,9,6,space,1.7360015,None,310,1,[3.232257900002878],[3.2322701000084635],6,9,81,10,429.0015366,,428.9886728,429.0015366,430.0021003,430.0021003,430.0021003,431.7519006,space,1.7360015,None,431.7529092,432.1518001,432.4712647,432.4527936,432.4536737,432.4712647,432.4712647,432.4712647,435.7039973,310,1,[3.232257900002878],[3.2322701000084635],P1,1,2025-11-14_11h38.40.092,Intentional Binding PSY310 Bhumika Bajaj AU2320057,,2025.1.1,59.98778648,2025-11-14 13h03.41.428781 +0530
0.7,400,unexp,82,10,6,space,0.0301328,None,320,1,[3.0384432999999262],[3.0384634000074584],6,10,82,2,435.7175361,,435.7043173,435.7175361,436.7187368,436.7187368,436.7187368,436.7525969,space,0.0301328,None,436.7536741,437.4517459,437.7825213,437.7531451,437.7543954,437.7825213,437.7825213,437.7825213,440.8215766,320,1,[3.0384432999999262],[3.0384634000074584],P1,1,2025-11-14_11h38.40.092,Intentional Binding PSY310 Bhumika Bajaj AU2320057,,2025.1.1,59.98778648,2025-11-14 13h03.41.428781 +0530
0.1,1000,expected,83,11,6,space,0.1895912,None,330,1,[2.7380193999852054],[2.738039199990453],6,11,83,3,440.834268,,440.8219738,440.834268,441.8343949,441.8343949,441.8343949,442.0358803,space,0.1895912,None,442.0368919,442.1351975,442.4471944,442.4332699,442.4340019,442.4471944,442.4471944,442.4471944,445.1857789,330,1,[2.7380193999852054],[2.738039199990453],P1,1,2025-11-14_11h38.40.092,Intentional Binding PSY310 Bhumika Bajaj AU2320057,,2025.1.1,59.98778648,2025-11-14 13h03.41.428781 +0530
0.1,1000,expected,84,0,7,space,0.1984008,None,340,1,[1.9031161000020802],[1.9031325000105426],7,0,84,3,445.20079,,445.1862413,445.20079,446.1845188,446.1845188,446.20155,446.3852517,space,0.1984008,None,446.3864077,446.4850108,446.7982463,446.7836179,446.7843537,446.7982463,446.7982463,446.7982463,448.701977,340,1,[1.9031161000020802],[1.9031325000105426],P1,1,2025-11-14_11h38.40.092,Intentional Binding PSY310 Bhumika Bajaj AU2320057,,2025.1.1,59.98778648,2025-11-14 13h03.41.428781 +0530
0.7,1000,expected,85,1,7,space,0.2000884,None,350,1,[3.9357268000021577],[3.935740499990061],7,1,85,8,448.7180629,,448.7022499,448.7180629,449.7188454,449.7188454,449.7188454,449.9344799,space,0.2000884,None,449.9352144,450.6351267,450.9677105,450.9381517,450.9400327,450.9677105,450.9677105,450.9677105,454.9039904,350,1,[3.9357268000021577],[3.935740499990061],P1,1,2025-11-14_11h38.40.092,Intentional Binding PSY310 Bhumika Bajaj AU2320057,,2025.1.1,59.98778648,2025-11-14 13h03.41.428781 +0530
0.7,400,unexp,86,2,7,space,0.2942765,None,360,1,[2.034684800019022],[2.0347044999944046],7,2,86,2,454.9171847,,454.9044226,454.9171847,455.9180512,455.9180512,455.9180512,456.2191571,space,0.2942765,None,456.2201778,456.9344785,457.2503664,457.2359421,457.2367836,457.2503664,457.2503664,457.2503664,459.2856826,360,1,[2.034684800019022],[2.0347044999944046],P1,1,2025-11-14_11h38.40.092,Intentional Binding PSY310 Bhumika Bajaj AU2320057,,2025.1.1,59.98778648,2025-11-14 13h03.41.428781 +0530
0.4,1000,expected,87,3,7,space,0.4524438,None,360,1,[2.3729465999931563],[2.372965299990028],7,3,87,7,459.3016369,,459.2863033,459.3016369,460.3009185,460.3009185,460.3009185,460.7692582,space,0.4524438,None,460.7702291,461.1853478,461.4992714,461.4852367,461.4859666,461.4992714,461.4992714,461.4992714,463.8727606,360,1,[2.3729465999931563],[2.372965299990028],P1,1,2025-11-14_11h38.40.092,Intentional Binding PSY310 Bhumika Bajaj AU2320057,,2025.1.1,59.98778648,2025-11-14 13h03.41.428781 +0530
0.1,400,unexp,88,4,7,space,0.0545504,None,370,1,[2.1235074999858625],[2.1235198999929707],7,4,88,0,463.8840697,,463.8732212,463.8840697,464.8841348,464.8841348,464.8841348,464.9521232,space,0.0545504,None,464.9531435,465.0680634,465.3798267,465.3649973,465.3663848,465.3798267,465.3798267,465.3798267,467.5037298,370,1,[2.1235074999858625],[2.1235198999929707],P1,1,2025-11-14_11h38.40.092,Intentional Binding PSY310 Bhumika Bajaj AU2320057,,2025.1.1,59.98778648,2025-11-14 13h03.41.428781 +0530
0.4,1000,expected,89,5,7,space,0.2753873,None,380,1,[2.3250769000151195],[2.3250886000168975],7,5,89,4,467.5173947,,467.5040623,467.5173947,468.5183607,468.5183607,468.5183607,468.8016719,space,0.2753873,None,468.802677,469.2014703,469.5280304,469.4996037,469.5007473,469.5280304,469.5280304,469.5280304,471.853583,380,1,[2.3250769000151195],[2.3250886000168975],P1,1,2025-11-14_11h38.40.092,Intentional Binding PSY310 Bhumika Bajaj AU2320057,,2025.1.1,59.98778648,2025-11-14 13h03.41.428781 +0530
0.4,1000,expected,90,6,7,space,0.9411217,None,390,1,[2.7074907000060193],[2.707502800010843],7,6,90,10,471.8671923,,471.8540127,471.8671923,472.8680463,472.8680463,472.8680463,473.8184565,space,0.9411217,None,473.8195191,474.2178418,474.5286407,474.5150825,474.5159657,474.5286407,474.5286407,474.5286407,477.2365228,390,1,[2.7074907000060193],[2.707502800010843],P1,1,2025-11-14_11h38.40.092,Intentional Binding PSY310 Bhumika Bajaj AU2320057,,2025.1.1,59.98778648,2025-11-14 13h03.41.428781 +0530
0.1,1000,expected,91,7,7,space,0.1320126,None,400,1,[2.0840014000132214],[2.0840116000035778],7,7,91,9,477.2511507,,477.2368389,477.2511507,478.2510481,478.2510481,478.2510481,478.3852896,space,0.1320126,None,478.3862821,478.484798,478.8000543,478.7848577,478.7858348,478.8000543,478.8000543,478.8000543,480.8844359,400,1,[2.0840014000132214],[2.0840116000035778],P1,1,2025-11-14_11h38.40.092,Intentional Binding PSY310 Bhumika Bajaj AU2320057,,2025.1.1,59.98778648,2025-11-14 13h03.41.428781 +0530
0.7,1000,expected,92,8,7,space,0.3040912,None,410,1,[3.0248604000080377],[3.0248793000064325],7,8,92,11,480.9005377,,480.8847084,480.9005377,481.8846449,481.8846449,481.9013225,482.202,space,0.3040912,None,482.2030324,482.9015493,483.2104568,483.195948,483.1990941,483.2104568,483.2104568,483.2104568,486.2358813,410,1,[3.0248604000080377],[3.0248793000064325],P1,1,2025-11-14_11h38.40.092,Intentional Binding PSY310 Bhumika Bajaj AU2320057,,2025.1.1,59.98778648,2025-11-14 13h03.41.428781 +0530
0.1,1000,expected,93,9,7,space,0.1279448,None,420,1,[2.2271938000048976],[2.227209899981972],7,9,93,6,486.2505507,,486.2363652,486.2505507,487.2512064,487.2512064,487.2512064,487.3861989,space,0.1279448,None,487.3872013,487.5011971,487.809232,487.7955767,487.7962943,487.809232,487.809232,487.809232,490.0369222,420,1,[2.2271938000048976],[2.227209899981972],P1,1,2025-11-14_11h38.40.092,Intentional Binding PSY310 Bhumika Bajaj AU2320057,,2025.1.1,59.98778648,2025-11-14 13h03.41.428781 +0530
0.7,1000,expected,94,10,7,space,0.1581791,None,430,1,[2.1195682999968994],[2.1195818999840412],7,10,94,5,490.0511359,,490.0374371,490.0511359,491.0516648,491.0516648,491.0516648,491.2189698,space,0.1581791,None,491.2199709,491.9346466,492.2653111,492.2379429,492.2419901,492.2653111,492.2653111,492.2653111,494.3852925,430,1,[2.1195682999968994],[2.1195818999840412],P1,1,2025-11-14_11h38.40.092,Intentional Binding PSY310 Bhumika Bajaj AU2320057,,2025.1.1,59.98778648,2025-11-14 13h03.41.428781 +0530
0.4,400,unexp,95,11,7,space,0.1222979,None,440,1,[1.8032901999831665],[1.8033002000011038],7,11,95,1,494.4011926,,494.3855727,494.4011926,495.3847553,495.3847553,495.4011914,495.5189535,space,0.1222979,None,495.5199209,495.9345025,496.2493136,496.2348762,496.2356156,496.2493136,496.2493136,496.2493136,498.0530225,440,1,[1.8032901999831665],[1.8033002000011038],P1,1,2025-11-14_11h38.40.092,Intentional Binding PSY310 Bhumika Bajaj AU2320057,,2025.1.1,59.98778648,2025-11-14 13h03.41.428781 +0530
0.1,1000,expected,96,0,8,space,0.4030894,None,450,1,[2.2239915000100154],[2.2240113000152633],8,0,96,3,498.0670242,,498.0533333,498.0670242,499.0686484,499.0686484,499.0686484,499.4862257,space,0.4030894,None,499.4874094,499.6012493,499.9109111,499.8948667,499.8956788,499.9109111,499.9109111,499.9109111,502.1355169,450,1,[2.2239915000100154],[2.2240113000152633],P1,1,2025-11-14_11h38.40.092,Intentional Binding PSY310 Bhumika Bajaj AU2320057,,2025.1.1,59.98778648,2025-11-14 13h03.41.428781 +0530
0.4,1000,expected,97,1,8,space,0.3294979,None,460,1,[2.390387399995234],[2.3904085000103805],8,1,97,7,502.1510539,,502.1360377,502.1510539,503.1350388,503.1350388,503.1511377,503.4685085,space,0.3294979,None,503.46952,503.8834369,504.1994641,504.1854383,504.1861304,504.1994641,504.1994641,504.1994641,506.5904822,460,1,[2.390387399995234],[2.3904085000103805],P1,1,2025-11-14_11h38.40.092,Intentional Binding PSY310 Bhumika Bajaj AU2320057,,2025.1.1,59.98778648,2025-11-14 13h03.41.428781 +0530
0.4,1000,expected,98,2,8,space,0.2523754,None,470,1,[2.0532994999957737],[2.0533234999747947],8,2,98,10,506.6001732,,506.5911228,506.6001732,507.6011658,507.6011658,507.6011658,507.8684736,space,0.2523754,None,507.869482,508.2844135,508.5979897,508.584862,508.5855785,508.5979897,508.5979897,508.5979897,510.6519389,470,1,[2.0532994999957737],[2.0533234999747947],P1,1,2025-11-14_11h38.40.092,Intentional Binding PSY310 Bhumika Bajaj AU2320057,,2025.1.1,59.98778648,2025-11-14 13h03.41.428781 +0530
0.1,1000,expected,99,3,8,space,0.2303183,None,480,1,[1.8064769000047818],[1.806494999997085],8,3,99,9,510.6674149,,510.6524221,510.6674149,511.6671285,511.6671285,511.6671285,511.9019156,space,0.2303183,None,511.902956,512.0170181,512.3292194,512.3155967,512.3164147,512.3292194,512.3292194,512.3292194,514.1362641,480,1,[1.8064769000047818],[1.806494999997085],P1,1,2025-11-14_11h38.40.092,Intentional Binding PSY310 Bhumika Bajaj AU2320057,,2025.1.1,59.98778648,2025-11-14 13h03.41.428781 +0530
0.7,400,unexp,100,4,8,space,0.0974707,None,490,1,[3.132314899994526],[3.132331000000704],8,4,100,2,514.1503483,,514.1366968,514.1503483,515.1509977,515.1509977,515.1509977,515.2511888,space,0.0974707,None,515.2524753,515.9505318,516.2852672,516.2555052,516.2562737,516.2852672,516.2852672,516.2852672,519.4182809,490,1,[3.132314899994526],[3.132331000000704],P1,1,2025-11-14_11h38.40.092,Intentional Binding PSY310 Bhumika Bajaj AU2320057,,2025.1.1,59.98778648,2025-11-14 13h03.41.428781 +0530
0.1,1000,expected,101,5,8,space,0.2688835,None,500,1,[2.0045608000073116],[2.004574100021273],8,5,101,6,519.43358,,519.4188443,519.43358,520.4348378,520.4348378,520.4348378,520.7195715,space,0.2688835,None,520.7211176,520.8351667,521.1500405,521.1358886,521.1366253,521.1500405,521.1500405,521.1500405,523.1554148,500,1,[2.0045608000073116],[2.004574100021273],P1,1,2025-11-14_11h38.40.092,Intentional Binding PSY310 Bhumika Bajaj AU2320057,,2025.1.1,59.98778648,2025-11-14 13h03.41.428781 +0530
0.7,1000,expected,102,6,8,space,0.4173663,None,510,1,[3.2036253999976907],[3.20364019999397],8,6,102,11,523.1665155,,523.1558628,523.1665155,524.167426,524.167426,524.167426,524.5862213,space,0.4173663,None,524.5881026,525.3011685,525.6136979,525.596523,525.5972838,525.6136979,525.6136979,525.6136979,528.8179405,510,1,[3.2036253999976907],[3.20364019999397],P1,1,2025-11-14_11h38.40.092,Intentional Binding PSY310 Bhumika Bajaj AU2320057,,2025.1.1,59.98778648,2025-11-14 13h03.41.428781 +0530
0.7,1000,expected,103,7,8,space,0.1257142,None,520,1,[2.711700399988331],[2.711714099976234],8,7,103,8,528.8337591,,528.8181997,528.8337591,529.8178319,529.8178319,529.8343918,529.9518823,space,0.1257142,None,529.9528537,530.6516316,530.9723458,530.9562699,530.9569719,530.9723458,530.9723458,530.9723458,533.6845383,520,1,[2.711700399988331],[2.711714099976234],P1,1,2025-11-14_11h38.40.092,Intentional Binding PSY310 Bhumika Bajaj AU2320057,,2025.1.1,59.98778648,2025-11-14 13h03.41.428781 +0530
0.7,1000,expected,104,8,8,space,0.1297257,None,530,1,[2.11808749998454],[2.118104699999094],8,8,104,5,533.6998819,,533.6849558,533.6998819,534.684786,534.684786,534.7008636,534.8185267,space,0.1297257,None,534.8195246,535.5340189,535.8490697,535.8352743,535.8359945,535.8490697,535.8490697,535.8490697,537.9677276,530,1,[2.11808749998454],[2.118104699999094],P1,1,2025-11-14_11h38.40.092,Intentional Binding PSY310 Bhumika Bajaj AU2320057,,2025.1.1,59.98778648,2025-11-14 13h03.41.428781 +0530
0.1,400,unexp,105,9,8,space,0.3660574,None,540,1,[3.970680700003868],[3.9706965000077616],8,9,105,0,537.9836211,,537.9682279,537.9836211,538.9671002,538.9671002,538.9840879,539.3356317,space,0.3660574,None,539.3366028,539.4508027,539.7666002,539.755533,539.7561129,539.7666002,539.7666002,539.7666002,543.7376987,540,1,[3.970680700003868],[3.9706965000077616],P1,1,2025-11-14_11h38.40.092,Intentional Binding PSY310 Bhumika Bajaj AU2320057,,2025.1.1,59.98778648,2025-11-14 13h03.41.428781 +0530
0.4,400,unexp,106,10,8,space,0.0888983,None,550,1,[2.2276101000024937],[2.227622300008079],8,10,106,1,543.7496674,,543.7380391,543.7496674,544.7510143,544.7510143,544.7510143,544.851776,space,0.0888983,None,544.8531076,545.2511371,545.5601442,545.5444819,545.5452414,545.5601442,545.5601442,545.5601442,547.7881838,550,1,[2.2276101000024937],[2.227622300008079],P1,1,2025-11-14_11h38.40.092,Intentional Binding PSY310 Bhumika Bajaj AU2320057,,2025.1.1,59.98778648,2025-11-14 13h03.41.428781 +0530
0.4,1000,expected,107,11,8,space,0.1091189,None,550,1,[4.496585600019898],[4.4966112000111025],8,11,107,4,547.7992666,,547.7885385,547.7992666,548.8007375,548.8007375,548.8007375,548.9181273,space,0.1091189,None,548.9191631,549.3174692,549.6383197,549.6156849,549.6170368,549.6383197,549.6383197,549.6383197,554.1353842,550,1,[4.496585600019898],[4.4966112000111025],P1,1,2025-11-14_11h38.40.092,Intentional Binding PSY310 Bhumika Bajaj AU2320057,,2025.1.1,59.98778648,2025-11-14 13h03.41.428781 +0530
0.7,1000,expected,108,0,9,space,0.0295921,None,560,1,[4.387624900002265],[4.3876408000069205],9,0,108,8,554.1497268,,554.135773,554.1497268,555.1509966,555.1509966,555.1509966,555.1850062,space,0.0295921,None,555.1860346,555.8842893,556.1984222,556.184117,556.1849238,556.1984222,556.1984222,556.1984222,560.5866501,560,1,[4.387624900002265],[4.3876408000069205],P1,1,2025-11-14_11h38.40.092,Intentional Binding PSY310 Bhumika Bajaj AU2320057,,2025.1.1,59.98778648,2025-11-14 13h03.41.428781 +0530
0.7,400,unexp,109,1,9,space,0.2515455,None,570,1,[4.256423399987398],[4.256439199991291],9,1,109,2,560.5997003,,560.5870999,560.5997003,561.6006431,561.6006431,561.6006431,561.8679789,space,0.2515455,None,561.8689553,562.5675759,562.8790666,562.8641454,562.8652131,562.8790666,562.8790666,562.8790666,567.1361072,570,1,[4.256423399987398],[4.256439199991291],P1,1,2025-11-14_11h38.40.092,Intentional Binding PSY310 Bhumika Bajaj AU2320057,,2025.1.1,59.98778648,2025-11-14 13h03.41.428781 +0530
0.4,1000,expected,110,2,9,space,0.191934,None,580,1,[4.003709800017532],[4.003721400018549],9,2,110,7,567.149448,,567.1368033,567.149448,568.1502771,568.1502771,568.1502771,568.35041,space,0.191934,None,568.351779,568.7501863,569.0642296,569.0495449,569.0503057,569.0642296,569.0642296,569.0642296,573.0686006,580,1,[4.003709800017532],[4.003721400018549],P1,1,2025-11-14_11h38.40.092,Intentional Binding PSY310 Bhumika Bajaj AU2320057,,2025.1.1,59.98778648,2025-11-14 13h03.41.428781 +0530
0.4,400,unexp,111,3,9,space,0.1522008,None,590,1,[1.8515800000168383],[1.8515882999927271],9,3,111,1,573.0825794,,573.0689296,573.0825794,574.0838386,574.0838386,574.0838386,574.2513735,space,0.1522008,None,574.2520825,574.6664731,574.9815623,574.9670256,574.9677599,574.9815623,574.9815623,574.9815623,576.8336092,590,1,[1.8515800000168383],[1.8515882999927271],P1,1,2025-11-14_11h38.40.092,Intentional Binding PSY310 Bhumika Bajaj AU2320057,,2025.1.1,59.98778648,2025-11-14 13h03.41.428781 +0530
0.1,1000,expected,112,4,9,space,1.165713,None,600,1,[2.266024300013669],[2.266044200019678],9,4,112,6,576.8495475,,576.8338318,576.8495475,577.8329339,577.8329339,577.84985,579.0009742,space,1.165713,None,579.0022189,579.1007244,579.4175625,579.4018474,579.4025977,579.4175625,579.4175625,579.4175625,581.6843337,600,1,[2.266024300013669],[2.266044200019678],P1,1,2025-11-14_11h38.40.092,Intentional Binding PSY310 Bhumika Bajaj AU2320057,,2025.1.1,59.98778648,2025-11-14 13h03.41.428781 +0530
0.1,400,unexp,113,5,9,space,0.1982263,None,610,1,[4.255866999999853],[4.255880499986233],9,5,113,0,581.700345,,581.6846012,581.700345,582.7004601,582.7004601,582.7004601,582.9009277,space,0.1982263,None,582.9021115,583.0158471,583.329264,583.314987,583.3157878,583.329264,583.329264,583.329264,587.5855352,610,1,[4.255866999999853],[4.255880499986233],P1,1,2025-11-14_11h38.40.092,Intentional Binding PSY310 Bhumika Bajaj AU2320057,,2025.1.1,59.98778648,2025-11-14 13h03.41.428781 +0530
0.1,1000,expected,114,6,9,space,1.4966167,None,620,1,[3.271655999997165],[3.2716733000124805],9,6,114,3,587.5996496,,587.5858978,587.5996496,588.6004085,588.6004085,588.6004085,590.1003514,space,1.4966167,None,590.1012317,590.2163718,590.5312489,590.5175322,590.5182765,590.5312489,590.5312489,590.5312489,593.803615,620,1,[3.271655999997165],[3.2716733000124805],P1,1,2025-11-14_11h38.40.092,Intentional Binding PSY310 Bhumika Bajaj AU2320057,,2025.1.1,59.98778648,2025-11-14 13h03.41.428781 +0530
0.7,1000,expected,115,7,9,space,0.4704987,None,630,1,[3.7718324000015855],[3.7718487000092864],9,7,115,5,593.816004,,593.8040785,593.816004,594.8160005,594.8160005,594.8160005,595.3014523,space,0.4704987,None,595.3025902,596.0165159,596.3285787,596.3148785,596.3155913,596.3285787,596.3285787,596.3285787,600.1009351,630,1,[3.7718324000015855],[3.7718487000092864],P1,1,2025-11-14_11h38.40.092,Intentional Binding PSY310 Bhumika Bajaj AU2320057,,2025.1.1,59.98778648,2025-11-14 13h03.41.428781 +0530
0.4,1000,expected,116,8,9,space,0.5047293,None,640,1,[3.2527890999917872],[3.252803599985782],9,8,116,10,600.1156632,,600.1014674,600.1156632,601.1003869,601.1003869,601.1167521,601.6181828,space,0.5047293,None,601.6191858,602.0333825,602.3474404,602.3334572,602.3352545,602.3474404,602.3474404,602.3474404,605.6008054,640,1,[3.2527890999917872],[3.252803599985782],P1,1,2025-11-14_11h38.40.092,Intentional Binding PSY310 Bhumika Bajaj AU2320057,,2025.1.1,59.98778648,2025-11-14 13h03.41.428781 +0530
0.4,1000,expected,117,9,9,space,0.2072474,None,650,1,[5.140439700015122],[5.140461100003449],9,9,117,4,605.6160902,,605.6013395,605.6160902,606.6167103,606.6167103,606.6167103,606.8332485,space,0.2072474,None,606.8342373,607.2335238,607.5467458,607.5336016,607.5343505,607.5467458,607.5467458,607.5467458,612.6878392,650,1,[5.140439700015122],[5.140461100003449],P1,1,2025-11-14_11h38.40.092,Intentional Binding PSY310 Bhumika Bajaj AU2320057,,2025.1.1,59.98778648,2025-11-14 13h03.41.428781 +0530
0.1,1000,expected,118,10,9,space,0.3387858,None,660,1,[2.5233521000191104],[2.5233629000140354],9,10,118,9,612.6998719,,612.688299,612.6998719,613.6999922,613.6999922,613.6999922,614.0511292,space,0.3387858,None,614.0520995,614.1662697,614.4780514,614.4641628,614.4649164,614.4780514,614.4780514,614.4780514,617.0017257,660,1,[2.5233521000191104],[2.5233629000140354],P1,1,2025-11-14_11h38.40.092,Intentional Binding PSY310 Bhumika Bajaj AU2320057,,2025.1.1,59.98778648,2025-11-14 13h03.41.428781 +0530
0.7,1000,expected,119,11,9,space,0.2712571,None,670,1,[2.8240791999851353],[2.824097200005781],9,11,119,11,617.0157816,,617.0021235,617.0157816,618.0168111,618.0168111,618.0168111,618.3010125,space,0.2712571,None,618.3020117,619.0164075,619.3283618,619.3141017,619.314921,619.3283618,619.3283618,619.3283618,622.1529695,670,1,[2.8240791999851353],[2.824097200005781],P1,1,2025-11-14_11h38.40.092,Intentional Binding PSY310 Bhumika Bajaj AU2320057,,2025.1.1,59.98778648,2025-11-14 13h03.41.428781 +0530
0.1,1000,expected,120,0,10,space,0.9834766,None,680,1,[3.239312899997458],[3.2393272000190336],10,0,120,9,622.1657249,,622.1534227,622.1657249,623.1667526,623.1667526,623.1667526,624.1511281,space,0.9834766,None,624.1521283,624.2662907,624.579331,624.5660816,624.5668239,624.579331,624.579331,624.579331,627.8191197,680,1,[3.239312899997458],[3.2393272000190336],P1,1,2025-11-14_11h38.40.092,Intentional Binding PSY310 Bhumika Bajaj AU2320057,,2025.1.1,59.98778648,2025-11-14 13h03.41.428781 +0530
0.4,400,unexp,121,1,10,space,0.088766,None,690,1,[3.6844344999990426],[3.6844611999986228],10,1,121,1,627.8323543,,627.8195302,627.8323543,628.8329534,628.8329534,628.8329534,628.934152,space,0.088766,None,628.9351346,629.3334182,629.6503293,629.636615,629.6373598,629.6503293,629.6503293,629.6503293,633.3355215,690,1,[3.6844344999990426],[3.6844611999986228],P1,1,2025-11-14_11h38.40.092,Intentional Binding PSY310 Bhumika Bajaj AU2320057,,2025.1.1,59.98778648,2025-11-14 13h03.41.428781 +0530
0.4,1000,expected,122,2,10,space,0.3626388,None,700,1,[2.096200600004522],[2.0962155000015628],10,2,122,10,633.349094,,633.3360158,633.349094,634.3507186,634.3507186,634.3507186,634.717737,space,0.3626388,None,634.7196268,635.133605,635.4575216,635.4288479,635.4299226,635.4575216,635.4575216,635.4575216,637.5544409,700,1,[2.096200600004522],[2.0962155000015628],P1,1,2025-11-14_11h38.40.092,Intentional Binding PSY310 Bhumika Bajaj AU2320057,,2025.1.1,59.98778648,2025-11-14 13h03.41.428781 +0530
0.4,1000,expected,123,3,10,space,0.2270883,None,756,1,[2.9932511000079103],[2.993270000006305],10,3,123,4,637.5655261,,637.5549153,637.5655261,638.5666483,638.5666483,638.5666483,638.8002276,space,0.2270883,None,638.8012333,639.1995912,639.5085842,639.4943126,639.4950427,639.5085842,639.5085842,639.5085842,642.5023548,756,1,[2.9932511000079103],[2.993270000006305],P1,1,2025-11-14_11h38.40.092,Intentional Binding PSY310 Bhumika Bajaj AU2320057,,2025.1.1,59.98778648,2025-11-14 13h03.41.428781 +0530
0.4,1000,expected,124,4,10,space,0.147944,None,754,1,[4.935085000004619],[4.935098300018581],10,4,124,7,642.5159503,,642.5026857,642.5159503,643.5163196,643.5163196,643.5163196,643.6677956,space,0.147944,None,643.6688224,644.0829654,644.3993075,644.3839801,644.384872,644.3993075,644.3993075,644.3993075,649.3348729,754,1,[4.935085000004619],[4.935098300018581],P1,1,2025-11-14_11h38.40.092,Intentional Binding PSY310 Bhumika Bajaj AU2320057,,2025.1.1,59.98778648,2025-11-14 13h03.41.428781 +0530
0.7,400,unexp,125,5,10,space,2.4488052,None,786,1,[2.356056399992667],[2.3560700999805704],10,5,125,2,649.34894,,649.3352713,649.34894,650.3499147,650.3499147,650.3499147,652.7997798,space,2.4488052,None,652.8009857,653.4995731,653.8267029,653.7987964,653.7999331,653.8267029,653.8267029,653.8267029,656.1833543,786,1,[2.356056399992667],[2.3560700999805704],P1,1,2025-11-14_11h38.40.092,Intentional Binding PSY310 Bhumika Bajaj AU2320057,,2025.1.1,59.98778648,2025-11-14 13h03.41.428781 +0530
0.1,1000,expected,126,6,10,space,0.3034835,None,768,1,[2.1381179000018165],[2.1381338000064716],10,6,126,3,656.1987911,,656.1838374,656.1987911,657.1827335,657.1827335,657.1998278,657.5007111,space,0.3034835,None,657.5017659,657.6165882,657.9280797,657.9167194,657.9173894,657.9280797,657.9280797,657.9280797,660.0667094,768,1,[2.1381179000018165],[2.1381338000064716],P1,1,2025-11-14_11h38.40.092,Intentional Binding PSY310 Bhumika Bajaj AU2320057,,2025.1.1,59.98778648,2025-11-14 13h03.41.428781 +0530
0.7,1000,expected,127,7,10,space,0.0113704,None,768,1,[1.9940126000146847],[1.9940271000086796],10,7,127,5,660.0826377,,660.0671582,660.0826377,661.0665706,661.0665706,661.083074,661.0839325,space,0.0113704,None,661.0849092,661.7831252,662.0908324,662.0764271,662.0771981,662.0908324,662.0908324,662.0908324,664.0852665,768,1,[1.9940126000146847],[1.9940271000086796],P1,1,2025-11-14_11h38.40.092,Intentional Binding PSY310 Bhumika Bajaj AU2320057,,2025.1.1,59.98778648,2025-11-14 13h03.41.428781 +0530
0.7,1000,expected,128,8,10,space,0.4556712,None,432,1,[2.717132899997523],[2.7171487999730743],10,8,128,11,664.0987153,,664.0856474,664.0987153,665.0996484,665.0996484,665.0996484,665.568161,space,0.4556712,None,665.5699884,666.2830813,666.5989602,666.5859258,666.5866807,666.5989602,666.5989602,666.5989602,669.3166088,432,1,[2.717132899997523],[2.7171487999730743],P1,1,2025-11-14_11h38.40.092,Intentional Binding PSY310 Bhumika Bajaj AU2320057,,2025.1.1,59.98778648,2025-11-14 13h03.41.428781 +0530
0.1,1000,expected,129,9,10,space,0.0584709,None,546,1,[1.9836713999975473],[1.9836868999991566],10,9,129,6,669.3320789,,669.3170474,669.3320789,670.3160748,670.3160748,670.3326256,670.3830622,space,0.0584709,None,670.3840128,670.4826822,670.7991395,670.78555,670.7864887,670.7991395,670.7991395,670.7991395,672.7832777,546,1,[1.9836713999975473],[1.9836868999991566],P1,1,2025-11-14_11h38.40.092,Intentional Binding PSY310 Bhumika Bajaj AU2320057,,2025.1.1,59.98778648,2025-11-14 13h03.41.428781 +0530
0.7,1000,expected,130,10,10,space,0.2024489,None,567,1,[1.885725400003139],[1.8857424999878276],10,10,130,8,672.7986714,,672.783766,672.7986714,673.7827124,673.7827124,673.7993463,674.0007267,space,0.2024489,None,674.0018744,674.7160797,675.0304923,675.0160129,675.0167904,675.0304923,675.0304923,675.0304923,676.9168116,567,1,[1.885725400003139],[1.8857424999878276],P1,1,2025-11-14_11h38.40.092,Intentional Binding PSY310 Bhumika Bajaj AU2320057,,2025.1.1,59.98778648,2025-11-14 13h03.41.428781 +0530
0.1,400,unexp,131,11,10,space,0.8420221,None,546,1,[1.9372861000010744],[1.9373005999950692],10,11,131,0,676.9319681,,676.9172587,676.9319681,677.9323702,677.9323702,677.9323702,678.7830912,space,0.8420221,None,678.7843272,678.8829985,679.1953969,679.1810671,679.1819659,679.1953969,679.1953969,679.1953969,681.133243,546,1,[1.9372861000010744],[1.9373005999950692],P1,1,2025-11-14_11h38.40.092,Intentional Binding PSY310 Bhumika Bajaj AU2320057,,2025.1.1,59.98778648,2025-11-14 13h03.41.428781 +0530
0.7,1000,expected,132,0,11,space,0.667155,None,678,1,[1.8851476999989245],[1.8851632000005338],11,0,132,5,681.1491091,,681.1336955,681.1491091,682.1326673,682.1326673,682.1489603,682.8027566,space,0.667155,None,682.8042358,683.5160531,683.8474397,683.8167628,683.8182318,683.8474397,683.8474397,683.8474397,685.733154,678,1,[1.8851476999989245],[1.8851632000005338],P1,1,2025-11-14_11h38.40.092,Intentional Binding PSY310 Bhumika Bajaj AU2320057,,2025.1.1,59.98778648,2025-11-14 13h03.41.428781 +0530
0.7,1000,expected,133,1,11,space,0.3520098,None,987,1,[3.1550967000075616],[3.1551119000068866],11,1,133,11,685.749009,,685.7336449,685.749009,686.732605,686.732605,686.7493729,687.0998847,space,0.3520098,None,687.1008277,687.7992607,688.1107765,688.0974458,688.0981762,688.1107765,688.1107765,688.1107765,691.266305,987,1,[3.1550967000075616],[3.1551119000068866],P1,1,2025-11-14_11h38.40.092,Intentional Binding PSY310 Bhumika Bajaj AU2320057,,2025.1.1,59.98778648,2025-11-14 13h03.41.428781 +0530
0.4,1000,expected,134,2,11,space,0.0428551,None,999,1,[3.0868926999974065],[3.086903599993093],11,2,134,10,691.282295,,691.2667475,691.282295,692.2662116,692.2662116,692.2829081,692.3165878,space,0.0428551,None,692.3175496,692.7157691,693.0287366,693.0153555,693.0160968,693.0287366,693.0287366,693.0287366,696.1158789,999,1,[3.0868926999974065],[3.086903599993093],P1,1,2025-11-14_11h38.40.092,Intentional Binding PSY310 Bhumika Bajaj AU2320057,,2025.1.1,59.98778648,2025-11-14 13h03.41.428781 +0530
0.1,1000,expected,135,3,11,space,0.2679691,None,965,1,[2.9395223999745212],[2.9395358999900054],11,3,135,6,696.1320821,,696.1161011,696.1320821,697.1163123,697.1163123,697.1323054,697.4002229,space,0.2679691,None,697.4011763,697.5156628,697.8260681,697.8137805,697.8146437,697.8260681,697.8260681,697.8260681,700.7660531,965,1,[2.9395223999745212],[2.9395358999900054],P1,1,2025-11-14_11h38.40.092,Intentional Binding PSY310 Bhumika Bajaj AU2320057,,2025.1.1,59.98778648,2025-11-14 13h03.41.428781 +0530
0.4,1000,expected,136,4,11,space,0.6769368,None,879,1,[3.903697000001557],[3.9037145000183955],11,4,136,4,700.7820364,,700.7664731,700.7820364,701.7661313,701.7661313,701.7836575,702.4488139,space,0.6769368,None,702.4498485,702.8485826,703.1620203,703.1467076,703.1481349,703.1620203,703.1620203,703.1620203,707.0662474,879,1,[3.903697000001557],[3.9037145000183955],P1,1,2025-11-14_11h38.40.092,Intentional Binding PSY310 Bhumika Bajaj AU2320057,,2025.1.1,59.98778648,2025-11-14 13h03.41.428781 +0530
0.1,1000,expected,137,5,11,space,0.1002354,None,567,1,[3.138011600007303],[3.138026800006628],11,5,137,3,707.0822668,,707.0667214,707.0822668,708.0657489,708.0657489,708.0820263,708.1671441,space,0.1002354,None,708.1681037,708.2819396,708.5971119,708.5836518,708.5844309,708.5971119,708.5971119,708.5971119,711.7356934,567,1,[3.138011600007303],[3.138026800006628],P1,1,2025-11-14_11h38.40.092,Intentional Binding PSY310 Bhumika Bajaj AU2320057,,2025.1.1,59.98778648,2025-11-14 13h03.41.428781 +0530
0.1,400,unexp,138,6,11,space,0.2901123,None,545,1,[3.5050727000052575],[3.5050846000085585],11,6,138,0,711.7483059,,711.7362023,711.7483059,712.7488266,712.7488266,712.7488266,713.0510242,space,0.2901123,None,713.052177,713.1654568,713.4819534,713.4673184,713.4680753,713.4819534,713.4819534,713.4819534,716.9875152,545,1,[3.5050727000052575],[3.5050846000085585],P1,1,2025-11-14_11h38.40.092,Intentional Binding PSY310 Bhumika Bajaj AU2320057,,2025.1.1,59.98778648,2025-11-14 13h03.41.428781 +0530
0.4,400,unexp,139,7,11,space,1.5548488,None,550,1,[2.4370761000027414],[2.437088800012134],11,7,139,1,716.9982321,,716.9879431,716.9982321,717.9983993,717.9983993,717.9983993,719.5666751,space,1.5548488,None,719.5676538,719.9658922,720.2798345,720.2652728,720.2660313,720.2798345,720.2798345,720.2798345,722.717327,550,1,[2.4370761000027414],[2.437088800012134],P1,1,2025-11-14_11h38.40.092,Intentional Binding PSY310 Bhumika Bajaj AU2320057,,2025.1.1,59.98778648,2025-11-14 13h03.41.428781 +0530
0.7,1000,expected,140,8,11,space,0.1651382,None,110,1,[2.7793511000054423],[2.779368199990131],11,8,140,8,722.731482,,722.7177671,722.731482,723.7327631,723.7327631,723.7327631,723.8989823,space,0.1651382,None,723.8999878,724.5983115,724.922687,724.8991793,724.9003445,724.922687,724.922687,724.922687,727.7026624,110,1,[2.7793511000054423],[2.779368199990131],P1,1,2025-11-14_11h38.40.092,Intentional Binding PSY310 Bhumika Bajaj AU2320057,,2025.1.1,59.98778648,2025-11-14 13h03.41.428781 +0530
0.1,1000,expected,141,9,11,space,2.0031315,None,220,1,[2.552801999991061],[2.552818900003331],11,9,141,9,727.7148755,,727.7031091,727.7148755,728.715369,728.715369,728.715369,730.7330888,space,2.0031315,None,730.7340576,730.8482185,731.1633475,731.1456713,731.1467543,731.1633475,731.1633475,731.1633475,733.7166511,220,1,[2.552801999991061],[2.552818900003331],P1,1,2025-11-14_11h38.40.092,Intentional Binding PSY310 Bhumika Bajaj AU2320057,,2025.1.1,59.98778648,2025-11-14 13h03.41.428781 +0530
0.4,1000,expected,142,10,11,space,0.0810139,None,330,1,[2.5700190999777988],[2.5700259000004735],11,10,142,7,733.7326297,,733.7171606,733.7326297,734.7317818,734.7317818,734.7317818,734.8158451,space,0.0810139,None,734.816855,735.2157285,735.528252,735.5147275,735.5154799,735.528252,735.528252,735.528252,738.0985304,330,1,[2.5700190999777988],[2.5700259000004735],P1,1,2025-11-14_11h38.40.092,Intentional Binding PSY310 Bhumika Bajaj AU2320057,,2025.1.1,59.98778648,2025-11-14 13h03.41.428781 +0530
0.7,400,unexp,143,11,11,space,0.3508264,None,440,1,[2.1873528999858536],[2.1873689999920316],11,11,143,2,738.1150053,,738.0987739,738.1150053,739.0989633,739.0989633,739.1152486,739.4666289,space,0.3508264,None,739.4676468,740.1658591,740.4821033,740.467989,740.4689021,740.4821033,740.4821033,740.4821033,742.670015,440,1,[2.1873528999858536],[2.1873689999920316],P1,1,2025-11-14_11h38.40.092,Intentional Binding PSY310 Bhumika Bajaj AU2320057,,2025.1.1,59.98778648,2025-11-14 13h03.41.428781 +0530
0.1,1000,expected,144,0,12,space,0.437105,None,550,1,[3.367207300005248],[3.3672212999954354],12,0,144,6,742.6811907,,742.6704815,742.6811907,743.6826241,743.6826241,743.6826241,744.132868,space,0.437105,None,744.1338511,744.2319627,744.5482625,744.5344061,744.5352623,744.5482625,744.5482625,744.5482625,747.9161392,550,1,[3.367207300005248],[3.3672212999954354],P1,1,2025-11-14_11h38.40.092,Intentional Binding PSY310 Bhumika Bajaj AU2320057,,2025.1.1,59.98778648,2025-11-14 13h03.41.428781 +0530
0.1,1000,expected,145,1,12,space,0.3073537,None,660,1,[2.416951199993491],[2.4169702000217512],12,1,145,9,747.9313582,,747.9165782,747.9313582,748.91608,748.91608,748.932589,749.2316082,space,0.3073537,None,749.2325275,749.3316715,749.6486238,749.6341644,749.6359355,749.6486238,749.6486238,749.6486238,752.0661436,660,1,[2.416951199993491],[2.4169702000217512],P1,1,2025-11-14_11h38.40.092,Intentional Binding PSY310 Bhumika Bajaj AU2320057,,2025.1.1,59.98778648,2025-11-14 13h03.41.428781 +0530
0.7,1000,expected,146,2,12,space,0.0128534,None,770,1,[2.4894241000001784],[2.4894409000116866],12,2,146,11,752.0811598,,752.0666408,752.0811598,753.0658015,753.0658015,753.0814617,753.0821734,space,0.0128534,None,753.0831712,753.7980227,754.1111654,754.0967851,754.0975592,754.1111654,754.1111654,754.1111654,756.6012318,770,1,[2.4894241000001784],[2.4894409000116866],P1,1,2025-11-14_11h38.40.092,Intentional Binding PSY310 Bhumika Bajaj AU2320057,,2025.1.1,59.98778648,2025-11-14 13h03.41.428781 +0530
0.7,400,unexp,147,3,12,space,0.2303835,None,880,1,[2.4058312000124715],[2.4058451000018977],12,3,147,2,756.6147748,,756.6017467,756.6147748,757.6151939,757.6151939,757.6151939,757.8493649,space,0.2303835,None,757.8501311,758.5650862,758.8774004,758.8661926,758.8667869,758.8774004,758.8774004,758.8774004,761.2837426,880,1,[2.4058312000124715],[2.4058451000018977],P1,1,2025-11-14_11h38.40.092,Intentional Binding PSY310 Bhumika Bajaj AU2320057,,2025.1.1,59.98778648,2025-11-14 13h03.41.428781 +0530
0.4,1000,expected,148,4,12,space,0.2964901,None,990,1,[2.3177605999808293],[2.317777099990053],12,4,148,10,761.297679,,761.2841845,761.297679,762.2990898,762.2990898,762.2990898,762.6000688,space,0.2964901,None,762.6010423,763.0154095,763.3487338,763.3191609,763.3203189,763.3487338,763.3487338,763.3487338,765.6670918,990,1,[2.3177605999808293],[2.317777099990053],P1,1,2025-11-14_11h38.40.092,Intentional Binding PSY310 Bhumika Bajaj AU2320057,,2025.1.1,59.98778648,2025-11-14 13h03.41.428781 +0530
0.1,1000,expected,149,5,12,space,0.0108562,None,100,1,[3.3552637999819126],[3.355275599984452],12,5,149,3,765.6809518,,765.6675265,765.6809518,766.682723,766.682723,766.682723,766.6996518,space,0.0108562,None,766.700607,766.7990188,767.1106669,767.0959869,767.0972061,767.1106669,767.1106669,767.1106669,770.4663883,100,1,[3.3552637999819126],[3.355275599984452],P1,1,2025-11-14_11h38.40.092,Intentional Binding PSY310 Bhumika Bajaj AU2320057,,2025.1.1,59.98778648,2025-11-14 13h03.41.428781 +0530
0.7,1000,expected,150,6,12,space,2.3132553,None,200,1,[2.539293000008911],[2.53931220000959],12,6,150,8,770.4809533,,770.4667545,770.4809533,771.482095,771.482095,771.482095,773.7995303,space,2.3132553,None,773.8006683,774.4988301,774.8126622,774.7966382,774.7976848,774.8126622,774.8126622,774.8126622,777.3525369,200,1,[2.539293000008911],[2.53931220000959],P1,1,2025-11-14_11h38.40.092,Intentional Binding PSY310 Bhumika Bajaj AU2320057,,2025.1.1,59.98778648,2025-11-14 13h03.41.428781 +0530
0.1,400,unexp,151,7,12,space,0.3286675,None,300,1,[2.679439400002593],[2.6794565000163857],12,7,151,0,777.3641218,,777.3529039,777.3641218,778.3652417,778.3652417,778.3652417,778.6997185,space,0.3286675,None,778.7006867,778.798879,779.1023512,779.0934703,779.094132,779.1023512,779.1023512,779.1023512,781.7823059,300,1,[2.679439400002593],[2.6794565000163857],P1,1,2025-11-14_11h38.40.092,Intentional Binding PSY310 Bhumika Bajaj AU2320057,,2025.1.1,59.98778648,2025-11-14 13h03.41.428781 +0530
0.4,1000,expected,152,8,12,space,0.2340822,None,400,1,[1.87910049999482],[1.8791179999825545],12,8,152,7,781.7984524,,781.782757,781.7984524,782.7823093,782.7823093,782.7985114,783.0170035,space,0.2340822,None,783.0180239,783.4318054,783.7407638,783.7276689,783.7284167,783.7407638,783.7407638,783.7407638,785.6204263,400,1,[1.87910049999482],[1.8791179999825545],P1,1,2025-11-14_11h38.40.092,Intentional Binding PSY310 Bhumika Bajaj AU2320057,,2025.1.1,59.98778648,2025-11-14 13h03.41.428781 +0530
0.4,400,unexp,153,9,12,space,0.0824709,None,500,1,[2.847707100008847],[2.847738600015873],12,9,153,1,785.6315335,,785.6209547,785.6315335,786.6319167,786.6319167,786.6319167,786.7155939,space,0.0824709,None,786.716547,787.1153456,787.4408073,787.4141798,787.4154945,787.4408073,787.4408073,787.4408073,790.2894492,500,1,[2.847707100008847],[2.847738600015873],P1,1,2025-11-14_11h38.40.092,Intentional Binding PSY310 Bhumika Bajaj AU2320057,,2025.1.1,59.98778648,2025-11-14 13h03.41.428781 +0530
0.4,1000,expected,154,10,12,space,0.2306568,None,600,1,[2.5873158000176772],[2.5873333000054117],12,10,154,4,790.2971976,,790.2901027,790.2971976,791.2981097,791.2981097,791.2981097,791.5319813,space,0.2306568,None,791.5331586,791.9474134,792.2607466,792.2466043,792.2473472,792.2607466,792.2607466,792.2607466,794.8486464,600,1,[2.5873158000176772],[2.5873333000054117],P1,1,2025-11-14_11h38.40.092,Intentional Binding PSY310 Bhumika Bajaj AU2320057,,2025.1.1,59.98778648,2025-11-14 13h03.41.428781 +0530
0.7,1000,expected,155,11,12,space,0.3315524,None,700,1,[1.8249605000019073],[1.8249785999942105],12,11,155,5,794.8640628,,794.8491431,794.8640628,795.8652937,795.8652937,795.8652937,796.1983845,space,0.3315524,None,796.199366,796.898393,797.2073262,797.1937122,797.1945074,797.2073262,797.2073262,797.2073262,799.0328091,700,1,[1.8249605000019073],[1.8249785999942105],P1,1,2025-11-14_11h38.40.092,Intentional Binding PSY310 Bhumika Bajaj AU2320057,,2025.1.1,59.98778648,2025-11-14 13h03.41.428781 +0530
0.4,1000,expected,156,0,13,space,0.3449368,None,800,1,[6.602018000005046],[6.602028399996925],13,0,156,10,799.0480579,,799.0332109,799.0480579,800.0479568,800.0479568,800.0479568,800.3991223,space,0.3449368,None,800.400111,800.8141182,801.1291374,801.1144917,801.1152125,801.1291374,801.1291374,801.1291374,807.731626,800,1,[6.602018000005046],[6.602028399996925],P1,1,2025-11-14_11h38.40.092,Intentional Binding PSY310 Bhumika Bajaj AU2320057,,2025.1.1,59.98778648,2025-11-14 13h03.41.428781 +0530
0.7,1000,expected,157,1,13,space,0.287725,None,900,1,[1.7155533999903128],[1.7155726999917533],13,1,157,5,807.7477462,,807.7320852,807.7477462,808.7319401,808.7319401,808.74796,809.0322255,space,0.287725,None,809.0332759,809.7313547,810.0368115,810.0233207,810.0239511,810.0368115,810.0368115,810.0368115,811.7530105,900,1,[1.7155533999903128],[1.7155726999917533],P1,1,2025-11-14_11h38.40.092,Intentional Binding PSY310 Bhumika Bajaj AU2320057,,2025.1.1,59.98778648,2025-11-14 13h03.41.428781 +0530
0.7,1000,expected,158,2,13,space,0.1290767,None,20,1,[2.2543803000007756],[2.2543909000232816],13,2,158,8,811.7638694,,811.7534939,811.7638694,812.7645151,812.7645151,812.7645151,812.8988441,space,0.1290767,None,812.8998478,813.5983105,813.912011,813.8979758,813.8987209,813.912011,813.912011,813.912011,816.1667842,20,1,[2.2543803000007756],[2.2543909000232816],P1,1,2025-11-14_11h38.40.092,Intentional Binding PSY310 Bhumika Bajaj AU2320057,,2025.1.1,59.98778648,2025-11-14 13h03.41.428781 +0530
0.4,1000,expected,159,3,13,space,0.1384141,None,243,1,[1.5710108999919612],[1.571029799990356],13,3,159,7,816.1806101,,816.1671195,816.1806101,817.1807128,817.1807128,817.1807128,817.3311034,space,0.1384141,None,817.3321278,817.7318466,818.0601966,818.0314211,818.0330438,818.0601966,818.0601966,818.0601966,819.6318354,243,1,[1.5710108999919612],[1.571029799990356],P1,1,2025-11-14_11h38.40.092,Intentional Binding PSY310 Bhumika Bajaj AU2320057,,2025.1.1,59.98778648,2025-11-14 13h03.41.428781 +0530
0.7,400,unexp,160,4,13,space,0.2478542,None,546,1,[2.0436003000068013],[2.0436112000024877],13,4,160,2,819.6484699,,819.6326806,819.6484699,820.631368,820.631368,820.6479313,820.881418,space,0.2478542,None,820.8853635,821.580983,821.8897515,821.8752161,821.8761908,821.8897515,821.8897515,821.8897515,823.9338066,546,1,[2.0436003000068013],[2.0436112000024877],P1,1,2025-11-14_11h38.40.092,Intentional Binding PSY310 Bhumika Bajaj AU2320057,,2025.1.1,59.98778648,2025-11-14 13h03.41.428781 +0530
0.4,1000,expected,161,5,13,space,0.2816157,None,876,1,[2.055474000022514],[2.0554878000111785],13,5,161,4,823.9472873,,823.9341896,823.9472873,824.9475531,824.9475531,824.9475531,825.2316626,space,0.2816157,None,825.232816,825.6309205,825.9423787,825.9287388,825.9295054,825.9423787,825.9423787,825.9423787,827.9983291,876,1,[2.055474000022514],[2.0554878000111785],P1,1,2025-11-14_11h38.40.092,Intentional Binding PSY310 Bhumika Bajaj AU2320057,,2025.1.1,59.98778648,2025-11-14 13h03.41.428781 +0530
0.1,1000,expected,162,6,13,space,0.1937329,None,875,1,[4.227575099997921],[4.227588599984301],13,6,162,6,828.0138948,,827.9987761,828.0138948,828.9974058,828.9974058,829.0145589,829.1989433,space,0.1937329,None,829.1999504,829.2988438,829.6211847,829.5966495,829.6007196,829.6211847,829.6211847,829.6211847,833.8495807,875,1,[4.227575099997921],[4.227588599984301],P1,1,2025-11-14_11h38.40.092,Intentional Binding PSY310 Bhumika Bajaj AU2320057,,2025.1.1,59.98778648,2025-11-14 13h03.41.428781 +0530
0.1,1000,expected,163,7,13,space,1.7845491,None,897,1,[1.935727100004442],[1.9357389000069816],13,7,163,9,833.8644795,,833.8500292,833.8644795,834.8646551,834.8646551,834.8646551,836.6653564,space,1.7845491,None,836.6663518,836.764476,837.0972746,837.0642577,837.0654115,837.0972746,837.0972746,837.0972746,839.0334715,897,1,[1.935727100004442],[1.9357389000069816],P1,1,2025-11-14_11h38.40.092,Intentional Binding PSY310 Bhumika Bajaj AU2320057,,2025.1.1,59.98778648,2025-11-14 13h03.41.428781 +0530
0.1,1000,expected,164,8,13,space,1.221863,None,564,1,[2.771303900022758],[2.7713159000268206],13,8,164,3,839.0476922,,839.0338431,839.0476922,840.0479743,840.0479743,840.0479743,841.2821408,space,1.221863,None,841.2831418,841.381389,841.6972955,841.6841543,841.6850016,841.6972955,841.6972955,841.6972955,844.4690685,564,1,[2.771303900022758],[2.7713159000268206],P1,1,2025-11-14_11h38.40.092,Intentional Binding PSY310 Bhumika Bajaj AU2320057,,2025.1.1,59.98778648,2025-11-14 13h03.41.428781 +0530
0.7,1000,expected,165,9,13,space,0.3189427,None,345,1,[3.635855400003493],[3.6358714000089094],13,9,165,11,844.4804844,,844.4693982,844.4804844,845.4807523,845.4807523,845.4807523,845.8143615,space,0.3189427,None,845.8153363,846.5137513,846.8291221,846.8141213,846.8151434,846.8291221,846.8291221,846.8291221,850.4654808,345,1,[3.635855400003493],[3.6358714000089094],P1,1,2025-11-14_11h38.40.092,Intentional Binding PSY310 Bhumika Bajaj AU2320057,,2025.1.1,59.98778648,2025-11-14 13h03.41.428781 +0530
0.1,400,unexp,166,10,13,space,0.0029374,None,986,1,[2.920752399979392],[2.9207641999819316],13,10,166,0,850.4816526,,850.4659341,850.4816526,851.4805953,851.4805953,851.4805953,851.4977177,space,0.0029374,None,851.4988423,851.5975824,851.9099312,851.8960448,851.8967929,851.9099312,851.9099312,851.9099312,854.8310721,986,1,[2.920752399979392],[2.9207641999819316],P1,1,2025-11-14_11h38.40.092,Intentional Binding PSY310 Bhumika Bajaj AU2320057,,2025.1.1,59.98778648,2025-11-14 13h03.41.428781 +0530
0.4,400,unexp,167,11,13,space,0.3118146,None,657,1,[3.301245300011942],[3.301264900015667],13,11,167,1,854.847148,,854.8314415,854.847148,855.8309965,855.8309965,855.8481295,856.1483644,space,0.3118146,None,856.1493719,856.5637537,856.8802127,856.8657349,856.8664545,856.8802127,856.8802127,856.8802127,860.18221,657,1,[3.301245300011942],[3.301264900015667],P1,1,2025-11-14_11h38.40.092,Intentional Binding PSY310 Bhumika Bajaj AU2320057,,2025.1.1,59.98778648,2025-11-14 13h03.41.428781 +0530
0.7,400,unexp,168,0,14,space,0.1843086,None,987,1,[3.0066208000062034],[3.0066346999956295],14,0,168,2,860.1981664,,860.1826603,860.1981664,861.1970149,861.1970149,861.1970149,861.398143,space,0.1843086,None,861.3991536,862.0973754,862.4098868,862.3985338,862.399226,862.4098868,862.4098868,862.4098868,865.41698,987,1,[3.0066208000062034],[3.0066346999956295],P1,1,2025-11-14_11h38.40.092,Intentional Binding PSY310 Bhumika Bajaj AU2320057,,2025.1.1,59.98778648,2025-11-14 13h03.41.428781 +0530
0.7,1000,expected,169,1,14,space,1.7289183,None,546,1,[2.711703299981309],[2.711712499993155],14,1,169,8,865.430098,,865.417341,865.430098,866.4313301,866.4313301,866.4313301,868.1650988,space,1.7289183,None,868.1660542,868.8801095,869.1872524,869.1735105,869.1741871,869.1872524,869.1872524,869.1872524,871.8992723,546,1,[2.711703299981309],[2.711712499993155],P1,1,2025-11-14_11h38.40.092,Intentional Binding PSY310 Bhumika Bajaj AU2320057,,2025.1.1,59.98778648,2025-11-14 13h03.41.428781 +0530
0.1,1000,expected,170,2,14,space,1.2202073,None,768,1,[3.243166000000201],[3.2431803999934345],14,2,170,9,871.9132909,,871.8995306,871.9132909,872.9134561,872.9134561,872.9134561,874.1483484,space,1.2202073,None,874.1493437,874.2475365,874.5574731,874.544233,874.544974,874.5574731,874.5574731,874.5574731,877.8010764,768,1,[3.243166000000201],[3.2431803999934345],P1,1,2025-11-14_11h38.40.092,Intentional Binding PSY310 Bhumika Bajaj AU2320057,,2025.1.1,59.98778648,2025-11-14 13h03.41.428781 +0530
0.4,1000,expected,171,3,14,space,0.2014872,None,657,1,[3.068798299995251],[3.068808000010904],14,3,171,4,877.8136196,,877.8014967,877.8136196,878.8136831,878.8136831,878.8136831,879.0158754,space,0.2014872,None,879.0170178,879.4313013,879.7466849,879.7309213,879.732178,879.7466849,879.7466849,879.7466849,882.8158169,657,1,[3.068798299995251],[3.068808000010904],P1,1,2025-11-14_11h38.40.092,Intentional Binding PSY310 Bhumika Bajaj AU2320057,,2025.1.1,59.98778648,2025-11-14 13h03.41.428781 +0530
0.4,1000,expected,172,4,14,space,1.9918029,None,768,1,[1.8564918000192847],[1.8565041000256315],14,4,172,10,882.8300483,,882.8161656,882.8300483,883.8315036,883.8315036,883.8315036,885.832666,space,1.9918029,None,885.8348667,886.2475079,886.5753253,886.5479774,886.5495481,886.5753253,886.5753253,886.5753253,888.4324261,768,1,[1.8564918000192847],[1.8565041000256315],P1,1,2025-11-14_11h38.40.092,Intentional Binding PSY310 Bhumika Bajaj AU2320057,,2025.1.1,59.98778648,2025-11-14 13h03.41.428781 +0530
0.1,400,unexp,173,5,14,space,2.847631,None,800,1,[1.8564918000192847],[1.8565041000256315],14,5,173,0,888.4474666,,888.4327909,888.4474666,889.4475516,889.4475516,889.4475516,890.1140889,space,0.6570094,None,890.1150561,890.2141599,890.5462518,890.5142011,890.51548,890.5462518,890.5462518,890.5462518,888.4324261,800,1,[3.068798299995251],[2.711712499993155],P1,1,2025-11-14_11h38.40.093,Intentional Binding PSY310 Bhumika Bajaj AU2320057,,2025.1.1,59.98778648,2025-11-14 13h03.41.428781 +0531
0.1,1000,expected,174,0,0,space,11.4514897,None,200,1,[3.958006500004558],[3.958015800002613],0,0,0,3,0.02746,,0.0230072,0.02746,1.0008368,1.0008368,1.0332928,12.4744519,space,11.4514897,None,12.4758154,12.58366117,12.9257844,12.8873232,12.8887545,12.9257844,12.9257844,12.9257844,16.8841405,200,1,[3.958006500004558],[3.958015800002613],P1,1,2025-11-14_11h38.40.094,Intentional Binding PSY310 Bhumika Bajaj AU2320057,,2025.1.1,59.98778648,2025-11-14 13h03.41.428781 +0532
0.4,400,unexp,175,1,0,space,20.5766199,None,300,1,[2.8620268999948166],[2.8620392000011634],0,1,1,1,16.8996458,,16.8843778,16.8996458,17.8998504,17.8998504,17.8998504,38.4843317,space,20.5766199,None,38.485485,38.90053367,39.2058941,39.1965186,39.1971341,39.2058941,39.2058941,39.2058941,42.0682999,300,1,[2.8620268999948166],[2.8620392000011634],P1,1,2025-11-14_11h38.40.095,Intentional Binding PSY310 Bhumika Bajaj AU2320057,,2025.1.1,59.98778648,2025-11-14 13h03.41.428781 +0533
0.7,1000,expected,176,2,0,space,48.7283156,None,700,1,[2.209113499993691],[2.2091276999999536],0,2,2,11,42.0819244,,42.0686205,42.0819244,43.0834145,43.0834145,43.0834145,91.817084,space,48.7283156,None,91.8188731,92.53310907,92.8570702,92.8281285,92.8294044,92.8570702,92.8570702,92.8570702,95.0667556,700,1,[2.209113499993691],[2.2091276999999536],P1,1,2025-11-14_11h38.40.096,Intentional Binding PSY310 Bhumika Bajaj AU2320057,,2025.1.1,59.98778648,2025-11-14 13h03.41.428781 +0534
0.7,1000,expected,177,3,0,space,40.9246458,None,500,1,[2.805886799993459],[2.8059018999920227],0,3,3,5,95.0819144,,95.0675087,95.0819144,96.0827168,96.0827168,96.0827168,137.0170617,space,40.9246458,None,137.0180746,137.7326316,138.0438717,138.0288423,138.0301163,138.0438717,138.0438717,138.0438717,140.8504,500,1,[2.805886799993459],[2.8059018999920227],P1,1,2025-11-14_11h38.40.097,Intentional Binding PSY310 Bhumika Bajaj AU2320057,,2025.1.1,59.98778648,2025-11-14 13h03.41.428781 +0535
0.4,1000,expected,178,4,0,space,0.8283323,None,400,1,[1.0842363999981899],[1.0842440999986138],0,4,4,10,140.8648984,,140.8508193,140.8648984,141.8643989,141.8643989,141.8643989,142.6990561,space,0.8283323,None,142.7001797,143.0981678,143.4146122,143.4008296,143.4015586,143.4146122,143.4146122,143.4146122,144.499171,400,1,[1.0842363999981899],[1.0842440999986138],P1,1,2025-11-14_11h38.40.098,Intentional Binding PSY310 Bhumika Bajaj AU2320057,,2025.1.1,59.98778648,2025-11-14 13h03.41.428781 +0536
0.1,400,unexp,179,5,0,space,0.4186957,None,300,1,[1.7528468999953475],[1.7528611000016099],0,5,5,0,144.5144764,,144.4995541,144.5144764,145.4980833,145.4980833,145.516449,145.9334672,space,0.4186957,None,145.9344578,146.048499,146.3626296,146.3503526,146.3510947,146.3626296,146.3626296,146.3626296,148.116183,300,1,[1.7528468999953475],[1.7528611000016099],P1,1,2025-11-14_11h38.40.099,Intentional Binding PSY310 Bhumika Bajaj AU2320057,,2025.1.1,59.98778648,2025-11-14 13h03.41.428781 +0537
0.7,400,unexp,180,6,0,space,4.9233223,None,400,1,[2.3589887999987695],[2.3589991999906488],0,6,6,2,148.1322733,,148.116578,148.1322733,149.115195,149.115195,149.1327787,154.0495899,space,4.9233223,None,154.0505694,154.765254,155.0905827,155.0624628,155.0637401,155.0905827,155.0905827,155.0905827,157.4500757,400,1,[2.3589887999987695],[2.3589991999906488],P1,1,2025-11-14_11h38.40.100,Intentional Binding PSY310 Bhumika Bajaj AU2320057,,2025.1.1,59.98778648,2025-11-14 13h03.41.428781 +0538
0.4,1000,expected,181,7,0,space,0.4756849,None,500,1,[2.0038987000007182],[2.0039130999939516],0,7,7,7,157.4653085,,157.4503852,157.4653085,158.4657929,158.4657929,158.4657929,158.9489074,space,0.4756849,None,158.9498974,159.3488902,159.6633209,159.6481063,159.6488694,159.6633209,159.6633209,159.6633209,161.667983,500,1,[2.0038987000007182],[2.0039130999939516],P1,1,2025-11-14_11h38.40.101,Intentional Binding PSY310 Bhumika Bajaj AU2320057,,2025.1.1,59.98778648,2025-11-14 13h03.41.428781 +0539
0.1,1000,expected,182,8,0,space,7.2016462,None,200,1,[1.8278163000068162],[1.827830599999288],0,8,8,6,161.6810213,,161.6684257,161.6810213,162.6822111,162.6822111,162.6822111,169.8999841,space,7.2016462,None,169.9018116,170.0156006,170.3379134,170.3101411,170.311585,170.3379134,170.3379134,170.3379134,172.1662995,200,1,[1.8278163000068162],[1.827830599999288],P1,1,2025-11-14_11h38.40.102,Intentional Binding PSY310 Bhumika Bajaj AU2320057,,2025.1.1,59.98778648,2025-11-14 13h03.41.428781 +0540
0.4,1000,expected,183,9,0,space,0.6291872,None,400,1,[1.723004800005583],[1.723014500006684],0,9,9,4,172.1809426,,172.1666209,172.1809426,173.1820336,173.1820336,173.1820336,173.8164361,space,0.6291872,None,173.8184858,174.2332834,174.5424551,174.5291992,174.5299719,174.5424551,174.5424551,174.5424551,176.266556,400,1,[1.723004800005583],[1.723014500006684],P1,1,2025-11-14_11h38.40.103,Intentional Binding PSY310 Bhumika Bajaj AU2320057,,2025.1.1,59.98778648,2025-11-14 13h03.41.428781 +0541
0.1,1000,expected,184,10,0,space,0.9826413,None,500,1,[1.873510499994154],[1.8735186999983853],0,10,10,9,176.2816632,,176.2668793,176.2816632,177.2654537,177.2654537,177.2822954,178.2499029,space,0.9826413,None,178.2519049,178.3652122,178.6912182,178.6603367,178.6615237,178.6912182,178.6912182,178.6912182,180.5651828,500,1,[1.873510499994154],[1.8735186999983853],P1,1,2025-11-14_11h38.40.104,Intentional Binding PSY310 Bhumika Bajaj AU2320057,,2025.1.1,59.98778648,2025-11-14 13h03.41.428781 +0542
0.7,1000,expected,185,11,0,space,2.1477807,None,600,1,[1.4108014999947045],[1.4108121000026586],0,11,11,8,180.5810339,,180.565617,180.5810339,181.5652158,181.5652158,181.581742,183.7161594,space,2.1477807,None,183.718497,184.4155327,184.7378978,184.7106515,184.7118102,184.7378978,184.7378978,184.7378978,186.1492041,600,1,[1.4108014999947045],[1.4108121000026586],P1,1,2025-11-14_11h38.40.105,Intentional Binding PSY310 Bhumika Bajaj AU2320057,,2025.1.1,59.98778648,2025-11-14 13h03.41.428781 +0543
0.7,1000,expected,186,0,1,space,0.9815344,None,300,1,[6.219549100002041],[6.219568100001197],1,0,12,11,186.164479,,186.1498119,186.164479,187.1648125,187.1648125,187.1648125,188.1489953,space,0.9815344,None,188.1502147,188.8484642,189.1790904,189.1500016,189.1511205,189.1790904,189.1790904,189.1790904,195.3993388,300,1,[6.219549100002041],[6.219568100001197],P1,1,2025-11-14_11h38.40.106,Intentional Binding PSY310 Bhumika Bajaj AU2320057,,2025.1.1,59.98778648,2025-11-14 13h03.41.428781 +0544
0.1,400,unexp,187,1,1,space,84.6815892,None,300,1,[5.67555440000433],[5.675565700003062],1,1,13,0,195.4149491,,195.3998054,195.4149491,196.4144824,196.4144824,196.4144824,281.0982606,space,84.6815892,None,281.0990058,281.2143527,281.5411486,281.5113537,281.512606,281.5411486,281.5411486,281.5411486,287.2179184,300,1,[5.67555440000433],[5.675565700003062],P1,1,2025-11-14_11h38.40.107,Intentional Binding PSY310 Bhumika Bajaj AU2320057,,2025.1.1,59.98778648,2025-11-14 13h03.41.428781 +0545
0.7,1000,expected,188,2,1,space,4.2670815,None,600,1,[1.45959959999891],[1.4596133000013651],1,2,14,8,287.2302036,,287.2182449,287.2302036,288.2308564,288.2308564,288.2308564,292.5154544,space,4.2670815,None,292.5174061,293.2314854,293.5555678,293.5282584,293.5294458,293.5555678,293.5555678,293.5555678,295.0157163,600,1,[1.45959959999891],[1.4596133000013651],P1,1,2025-11-14_11h38.40.108,Intentional Binding PSY310 Bhumika Bajaj AU2320057,,2025.1.1,59.98778648,2025-11-14 13h03.41.428781 +0546
0.4,1000,expected,189,3,1,space,3.4278881,None,500,1,[1.6088280999974813],[1.6088367000047583],1,3,15,7,295.0304298,,295.0160252,295.0304298,296.0310211,296.0310211,296.0310211,299.464956,space,3.4278881,None,299.466039,299.8643594,300.1715381,300.1586295,300.1593851,300.1715381,300.1715381,300.1715381,301.780727,500,1,[1.6088280999974813],[1.6088367000047583],P1,1,2025-11-14_11h38.40.109,Intentional Binding PSY310 Bhumika Bajaj AU2320057,,2025.1.1,59.98778648,2025-11-14 13h03.41.428781 +0547
0.4,1000,expected,190,4,1,space,4.7211489,None,400,1,[1.5704202000051737],[1.5704312000016216],1,4,16,4,301.7966448,,301.7809837,301.7966448,302.7808945,302.7808945,302.7971271,307.5158015,space,4.7211489,None,307.5181324,307.9309462,308.2618073,308.2308827,308.2320886,308.2618073,308.2618073,308.2618073,309.833282,400,1,[1.5704202000051737],[1.5704312000016216],P1,1,2025-11-14_11h38.40.110,Intentional Binding PSY310 Bhumika Bajaj AU2320057,,2025.1.1,59.98778648,2025-11-14 13h03.41.428781 +0548
0.1,1000,expected,191,5,1,space,0.3150071,None,500,1,[1.122806400002446],[1.1228199000033783],1,5,17,9,309.8466878,,309.8337466,309.8466878,310.8470713,310.8470713,310.8470713,311.1649356,space,0.3150071,None,311.1661318,311.2803339,311.5938198,311.5790865,311.5800531,311.5938198,311.5938198,311.5938198,312.71731,500,1,[1.122806400002446],[1.1228199000033783],P1,1,2025-11-14_11h38.40.111,Intentional Binding PSY310 Bhumika Bajaj AU2320057,,2025.1.1,59.98778648,2025-11-14 13h03.41.428781 +0549
0.4,1000,expected,192,6,1,space,0.5003334,None,300,1,[1.839807500000461],[1.8398264999996172],1,6,18,10,312.7296523,,312.717764,312.7296523,313.7296929,313.7296929,313.7296929,314.2307694,space,0.5003334,None,314.2317471,314.6309137,314.9590248,314.9319427,314.9331808,314.9590248,314.9590248,314.9590248,316.7993767,300,1,[1.839807500000461],[1.8398264999996172],P1,1,2025-11-14_11h38.40.112,Intentional Binding PSY310 Bhumika Bajaj AU2320057,,2025.1.1,59.98778648,2025-11-14 13h03.41.428781 +0550
0.1,1000,expected,193,7,1,space,1.1795258,None,600,1,[4.861891000007745],[4.861911100000725],1,7,19,6,316.8131086,,316.799784,316.8131086,317.8141703,317.8141703,317.8141703,318.9984845,space,1.1795258,None,319.0002202,319.1138649,319.4372027,319.4077921,319.408943,319.4372027,319.4372027,319.4372027,324.3004175,600,1,[4.861891000007745],[4.861911100000725],P1,1,2025-11-14_11h38.40.113,Intentional Binding PSY310 Bhumika Bajaj AU2320057,,2025.1.1,59.98778648,2025-11-14 13h03.41.428781 +0551
0.1,1000,expected,194,8,1,space,0.3284392,None,400,1,[1.5837696000089636],[1.5837865000066813],1,8,20,3,324.313131,,324.3008012,324.313131,325.3141531,325.3141531,325.3141531,325.647284,space,0.3284392,None,325.6482888,325.7470846,326.0631414,326.0497215,326.0504533,326.0631414,326.0631414,326.0631414,327.6474695,400,1,[1.5837696000089636],[1.5837865000066813],P1,1,2025-11-14_11h38.40.114,Intentional Binding PSY310 Bhumika Bajaj AU2320057,,2025.1.1,59.98778648,2025-11-14 13h03.41.428781 +0552
0.7,400,unexp,195,9,1,space,0.5418295,None,600,1,[0.973716799999238],[0.9737273999926401],1,9,21,2,327.6627578,,327.6482552,327.6627578,328.6466342,328.6466342,328.6637431,329.1980253,space,0.5418295,None,329.1989914,329.9139781,330.2407299,330.2116904,330.2128211,330.2407299,330.2407299,330.2407299,331.2148922,600,1,[0.973716799999238],[0.9737273999926401],P1,1,2025-11-14_11h38.40.115,Intentional Binding PSY310 Bhumika Bajaj AU2320057,,2025.1.1,59.98778648,2025-11-14 13h03.41.428781 +0553
0.7,1000,expected,196,10,1,space,0.3604702,None,300,1,[1.252058500002022],[1.2520720000029542],1,10,22,5,331.2292962,,331.2155031,331.2292962,332.230417,332.230417,332.230417,332.5975828,space,0.3604702,None,332.5985587,333.2975028,333.6116272,333.5967024,333.5978527,333.6116272,333.6116272,333.6116272,334.864109,300,1,[1.252058500002022],[1.2520720000029542],P1,1,2025-11-14_11h38.40.116,Intentional Binding PSY310 Bhumika Bajaj AU2320057,,2025.1.1,59.98778648,2025-11-14 13h03.41.428781 +0554
0.4,400,unexp,197,11,1,space,0.296535,None,600,1,[1.5511275999888312],[1.5511404999997467],1,11,23,1,334.8795511,,334.8645973,334.8795511,335.8640437,335.8640437,335.8796413,336.1658664,space,0.296535,None,336.1679544,336.5810814,336.9124682,336.8822503,336.8833493,336.9124682,336.9124682,336.9124682,338.4640091,600,1,[1.5511275999888312],[1.5511404999997467],P1,1,2025-11-14_11h38.40.117,Intentional Binding PSY310 Bhumika Bajaj AU2320057,,2025.1.1,59.98778648,2025-11-14 13h03.41.428781 +0555
0.7,1000,expected,198,0,2,space,9.0234786,None,500,1,[1.6572608000133187],[1.6572729000035906],2,0,24,8,338.4802286,,338.4643021,338.4802286,339.4806471,339.4806471,339.4806471,348.5151641,space,9.0234786,None,348.5173379,349.2301098,349.5591721,349.5316461,349.5328507,349.5591721,349.5591721,349.5591721,351.216968,500,1,[1.6572608000133187],[1.6572729000035906],P1,1,2025-11-14_11h38.40.118,Intentional Binding PSY310 Bhumika Bajaj AU2320057,,2025.1.1,59.98778648,2025-11-14 13h03.41.428781 +0556
0.1,1000,expected,199,1,2,space,2.8394483,None,300,1,[1.6916873000009218],[1.691706300000078],2,1,25,3,351.2292313,,351.2173758,351.2292313,352.2300316,352.2300316,352.2300316,355.0815261,space,2.8394483,None,355.0825039,355.1960507,355.5223165,355.4961897,355.4974588,355.5223165,355.5223165,355.5223165,357.214759,300,1,[1.6916873000009218],[1.691706300000078],P1,1,2025-11-14_11h38.40.119,Intentional Binding PSY310 Bhumika Bajaj AU2320057,,2025.1.1,59.98778648,2025-11-14 13h03.41.428781 +0557
0.4,1000,expected,200,2,2,space,0.5606026,None,400,1,[2.390604100000928],[2.390617299999576],2,2,26,10,357.2304963,,357.2154833,357.2304963,358.230256,358.230256,358.230256,358.7983054,space,0.5606026,None,358.8001714,359.2132095,359.5397433,359.5122485,359.5133874,359.5397433,359.5397433,359.5397433,361.9308597,400,1,[2.390604100000928],[2.390617299999576],P1,1,2025-11-14_11h38.40.120,Intentional Binding PSY310 Bhumika Bajaj AU2320057,,2025.1.1,59.98778648,2025-11-14 13h03.41.428781 +0558
0.1,1000,expected,201,3,2,space,0.2938781,None,300,1,[2.535154199998942],[2.5351766999956453],2,3,27,6,361.9459358,,361.9312937,361.9459358,362.9302533,362.9302533,362.9467287,363.2313873,space,0.2938781,None,363.2323862,363.3462895,363.6635031,363.6483292,363.649095,363.6635031,363.6635031,363.6635031,366.1997081,300,1,[2.535154199998942],[2.5351766999956453],P1,1,2025-11-14_11h38.40.121,Intentional Binding PSY310 Bhumika Bajaj AU2320057,,2025.1.1,59.98778648,2025-11-14 13h03.41.428781 +0559
0.7,1000,expected,202,4,2,space,58.6571259,None,300,1,[1.907127300000866],[1.9071389000018826],2,4,28,5,366.2127596,,366.2002386,366.2127596,367.2127629,367.2127629,367.2127629,425.8801538,space,58.6571259,None,425.8811581,426.5958686,426.9073989,426.8931682,426.8942308,426.9073989,426.9073989,426.9073989,428.8148869,300,1,[1.907127300000866],[1.9071389000018826],P1,1,2025-11-14_11h38.40.122,Intentional Binding PSY310 Bhumika Bajaj AU2320057,,2025.1.1,59.98778648,2025-11-14 13h03.41.428781 +0560
0.7,1000,expected,203,5,2,space,0.7007342,None,300,1,[1.4200268999993568],[1.4200397999957204],2,5,29,11,428.8290583,,428.8154762,428.8290583,429.8292776,429.8292776,429.8292776,430.5475982,space,0.7007342,None,430.5485842,431.2632213,431.5761071,431.5601183,431.5608788,431.5761071,431.5761071,431.5761071,432.9965987,300,1,[1.4200268999993568],[1.4200397999957204],P1,1,2025-11-14_11h38.40.123,Intentional Binding PSY310 Bhumika Bajaj AU2320057,,2025.1.1,59.98778648,2025-11-14 13h03.41.428781 +0561
0.4,400,unexp,204,6,2,space,0.3831272,None,400,1,[1.054006100006518],[1.0540187000005972],2,6,30,1,433.0122004,,432.9969698,433.0122004,433.9961765,433.9961765,434.0130203,434.3799473,space,0.3831272,None,434.3809978,434.7790399,435.0930939,435.0798436,435.080614,435.0930939,435.0930939,435.0930939,436.1475611,400,1,[1.054006100006518],[1.0540187000005972],P1,1,2025-11-14_11h38.40.124,Intentional Binding PSY310 Bhumika Bajaj AU2320057,,2025.1.1,59.98778648,2025-11-14 13h03.41.428781 +0562
0.7,400,unexp,205,7,2,space,0.2146094,None,700,1,[1.0190757999953348],[1.0190835999965202],2,7,31,2,436.1622812,,436.1479757,436.1622812,437.1625475,437.1625475,437.1625475,437.3796149,space,0.2146094,None,437.3806306,438.0795549,438.4100688,438.3814053,438.3825104,438.4100688,438.4100688,438.4100688,439.4295376,700,1,[1.0190757999953348],[1.0190835999965202],P1,1,2025-11-14_11h38.40.125,Intentional Binding PSY310 Bhumika Bajaj AU2320057,,2025.1.1,59.98778648,2025-11-14 13h03.41.428781 +0563
0.4,1000,expected,206,8,2,space,1.0084204,None,600,1,[3.0234697999985656],[3.0234837000025436],2,8,32,4,439.4468764,,439.429787,439.4468764,440.4449975,440.4449975,440.4616412,441.462707,space,1.0084204,None,441.4638424,441.8628994,442.1734496,442.1587045,442.1594525,442.1734496,442.1734496,442.1734496,445.1975424,600,1,[3.0234697999985656],[3.0234837000025436],P1,1,2025-11-14_11h38.40.126,Intentional Binding PSY310 Bhumika Bajaj AU2320057,,2025.1.1,59.98778648,2025-11-14 13h03.41.428781 +0564
0.4,1000,expected,207,9,2,space,4.9732809,None,400,1,[1.671504999991157],[1.671516899994458],2,9,33,7,445.211574,,445.1981029,445.211574,446.2130998,446.2130998,446.2130998,451.1974146,space,4.9732809,None,451.1994304,451.6128345,451.9411029,451.9110863,451.9122336,451.9411029,451.9411029,451.9411029,453.6131725,400,1,[1.671504999991157],[1.671516899994458],P1,1,2025-11-14_11h38.40.127,Intentional Binding PSY310 Bhumika Bajaj AU2320057,,2025.1.1,59.98778648,2025-11-14 13h03.41.428781 +0565
0.1,1000,expected,208,10,2,space,0.4329841,None,300,1,[1.3441620000085095],[1.344173799996497],2,10,34,9,453.6285341,,453.6135169,453.6285341,454.6287166,454.6287166,454.6287166,455.0634224,space,0.4329841,None,455.0644199,455.1629101,455.4691414,455.4578581,455.4585577,455.4691414,455.4691414,455.4691414,456.8137586,300,1,[1.3441620000085095],[1.344173799996497],P1,1,2025-11-14_11h38.40.128,Intentional Binding PSY310 Bhumika Bajaj AU2320057,,2025.1.1,59.98778648,2025-11-14 13h03.41.428781 +0566
0.1,400,unexp,209,11,2,space,1.0035295,None,400,1,[1.4456078999937745],[1.4456180999986827],2,11,35,0,456.8283038,,456.8140955,456.8283038,457.8289609,457.8289609,457.8289609,458.8467065,space,1.0035295,None,458.8477101,458.9624463,459.2847975,459.2585244,459.2592766,459.2847975,459.2847975,459.2847975,460.7308229,400,1,[1.4456078999937745],[1.4456180999986827],P1,1,2025-11-14_11h38.40.129,Intentional Binding PSY310 Bhumika Bajaj AU2320057,,2025.1.1,59.98778648,2025-11-14 13h03.41.428781 +0567
0.7,1000,expected,210,0,3,space,0.5422981,None,400,1,[0.8489966000051936],[0.8490106999961426],3,0,36,8,460.744939,,460.7311282,460.744939,461.7461377,461.7461377,461.7461377,462.2973064,space,0.5422981,None,462.2992413,463.012753,463.3466119,463.3104086,463.3116321,463.3466119,463.3466119,463.3466119,464.196158,400,1,[0.8489966000051936],[0.8490106999961426],P1,1,2025-11-14_11h38.40.130,Intentional Binding PSY310 Bhumika Bajaj AU2320057,,2025.1.1,59.98778648,2025-11-14 13h03.41.428781 +0568
0.1,1000,expected,211,1,3,space,0.6964992,None,200,1,[1.3850786999973934],[1.385091599993757],3,1,37,6,464.2115315,,464.1965479,464.2115315,465.2114749,465.2114749,465.2114749,465.9135938,space,0.6964992,None,465.9146089,466.029096,466.3448737,466.3303461,466.3310761,466.3448737,466.3448737,466.3448737,467.7304393,200,1,[1.3850786999973934],[1.385091599993757],P1,1,2025-11-14_11h38.40.131,Intentional Binding PSY310 Bhumika Bajaj AU2320057,,2025.1.1,59.98778648,2025-11-14 13h03.41.428781 +0569
0.1,1000,expected,212,2,3,space,0.4827457,None,400,1,[1.0836666000104742],[1.083676700000069],3,2,38,9,467.7449146,,467.730972,467.7449146,468.7456983,468.7456983,468.7456983,469.2292948,space,0.4827457,None,469.2300775,469.3290687,469.6451635,469.6306177,469.6313765,469.6451635,469.6451635,469.6451635,470.7291257,400,1,[1.0836666000104742],[1.083676700000069],P1,1,2025-11-14_11h38.40.132,Intentional Binding PSY310 Bhumika Bajaj AU2320057,,2025.1.1,59.98778648,2025-11-14 13h03.41.428781 +0570
0.7,1000,expected,213,3,3,space,0.3092391,None,300,1,[2.022547400003532],[2.0225557000085246],3,3,39,11,470.7447823,,470.7293859,470.7447823,471.7282396,471.7282396,471.7451888,472.0465615,space,0.3092391,None,472.047611,472.7459975,473.0729625,473.0419736,473.0430992,473.0729625,473.0729625,473.0729625,475.0959353,300,1,[2.022547400003532],[2.0225557000085246],P1,1,2025-11-14_11h38.40.133,Intentional Binding PSY310 Bhumika Bajaj AU2320057,,2025.1.1,59.98778648,2025-11-14 13h03.41.428781 +0571
0.1,400,unexp,214,4,3,space,0.469704,None,100,1,[2.3214514999999665],[2.3214642999955686],3,4,40,0,475.1123888,,475.0963196,475.1123888,476.0957864,476.0957864,476.1126896,476.5670178,space,0.469704,None,476.5688234,476.6790738,477.0095975,476.9789574,476.9800882,477.0095975,477.0095975,477.0095975,479.3319746,100,1,[2.3214514999999665],[2.3214642999955686],P1,1,2025-11-14_11h38.40.134,Intentional Binding PSY310 Bhumika Bajaj AU2320057,,2025.1.1,59.98778648,2025-11-14 13h03.41.428781 +0572
0.4,400,unexp,215,5,3,space,0.3402289,None,200,1,[1.042199299990898],[1.0422081999859074],3,5,41,1,479.3451089,,479.3323571,479.3451089,480.3451009,480.3451009,480.3451009,480.6958425,space,0.3402289,None,480.6970346,481.0956388,481.419739,481.3911637,481.3925698,481.419739,481.419739,481.419739,482.4623607,200,1,[1.042199299990898],[1.0422081999859074],P1,1,2025-11-14_11h38.40.135,Intentional Binding PSY310 Bhumika Bajaj AU2320057,,2025.1.1,59.98778648,2025-11-14 13h03.41.428781 +0573
0.4,1000,expected,216,6,3,space,0.3258726,None,300,1,[1.0235866000002716],[1.0236000000004424],3,6,42,7,482.4784821,,482.462714,482.4784821,483.4625797,483.4625797,483.4791958,483.7968364,space,0.3258726,None,483.7988065,484.212605,484.5394824,484.5109566,484.512149,484.5394824,484.5394824,484.5394824,485.5636,300,1,[1.0235866000002716],[1.0236000000004424],P1,1,2025-11-14_11h38.40.136,Intentional Binding PSY310 Bhumika Bajaj AU2320057,,2025.1.1,59.98778648,2025-11-14 13h03.41.428781 +0574
0.7,1000,expected,217,7,3,space,10.5301015,None,100,1,[2.7414776000077836],[2.7414908000064315],3,7,43,5,485.5785911,,485.5638978,485.5785911,486.562633,486.562633,486.5792671,497.0975973,space,10.5301015,None,497.0994226,497.8113005,498.1216918,498.1076596,498.1084156,498.1216918,498.1216918,498.1216918,500.8638417,100,1,[2.7414776000077836],[2.7414908000064315],P1,1,2025-11-14_11h38.40.137,Intentional Binding PSY310 Bhumika Bajaj AU2320057,,2025.1.1,59.98778648,2025-11-14 13h03.41.428781 +0575
0.7,400,unexp,218,8,3,space,0.4225524,None,200,1,[1.3672345999948448],[1.3672432000021217],3,8,44,2,500.878112,,500.8643048,500.878112,501.8794367,501.8794367,501.8794367,502.3121782,space,0.4225524,None,502.3131209,503.0124232,503.3280386,503.3118223,503.3127679,503.3280386,503.3280386,503.3280386,504.6955785,200,1,[1.3672345999948448],[1.3672432000021217],P1,1,2025-11-14_11h38.40.138,Intentional Binding PSY310 Bhumika Bajaj AU2320057,,2025.1.1,59.98778648,2025-11-14 13h03.41.428781 +0576
0.1,1000,expected,219,9,3,space,0.3798104,None,300,1,[1.2259599000099115],[1.225977200010675],3,9,45,3,504.7115603,,504.6958294,504.7115603,505.6957887,505.6957887,505.7124766,506.0790525,space,0.3798104,None,506.0800422,506.1790796,506.4860557,506.4718117,506.4725949,506.4860557,506.4860557,506.4860557,507.7125894,300,1,[1.2259599000099115],[1.225977200010675],P1,1,2025-11-14_11h38.40.139,Intentional Binding PSY310 Bhumika Bajaj AU2320057,,2025.1.1,59.98778648,2025-11-14 13h03.41.428781 +0577
0.4,1000,expected,220,10,3,space,0.3696703,None,400,1,[1.291037499991944],[1.2910487999906763],3,10,46,10,507.7285909,,507.7130262,507.7285909,508.7121166,508.7121166,508.7290927,509.096802,space,0.3696703,None,509.0987838,509.5121191,509.8372269,509.808686,509.8102504,509.8372269,509.8372269,509.8372269,511.1286586,400,1,[1.291037499991944],[1.2910487999906763],P1,1,2025-11-14_11h38.40.140,Intentional Binding PSY310 Bhumika Bajaj AU2320057,,2025.1.1,59.98778648,2025-11-14 13h03.41.428781 +0578
0.4,1000,expected,221,11,3,space,0.3871872,None,200,1,[0.9425115000049118],[0.9425211000052514],3,11,47,4,511.1444916,,511.1289306,511.1444916,512.1292849,512.1292849,512.145646,512.5298504,space,0.3871872,None,512.5316417,512.9454419,513.2697496,513.2411638,513.2424007,513.2697496,513.2697496,513.2697496,514.2128337,200,1,[0.9425115000049118],[0.9425211000052514],P1,1,2025-11-14_11h38.40.141,Intentional Binding PSY310 Bhumika Bajaj AU2320057,,2025.1.1,59.98778648,2025-11-14 13h03.41.428781 +0579
0.7,1000,expected,222,0,4,space,0.3001639,None,600,1,[1.1998948000109522],[1.1999055000051158],4,0,48,11,514.2277586,,514.2135695,514.2277586,515.2122191,515.2122191,515.2288059,515.5135666,space,0.3001639,None,515.5144836,516.2288982,516.5474164,516.5282111,516.5289143,516.5474164,516.5474164,516.5474164,517.7480714,600,1,[1.1998948000109522],[1.1999055000051158],P1,1,2025-11-14_11h38.40.142,Intentional Binding PSY310 Bhumika Bajaj AU2320057,,2025.1.1,59.98778648,2025-11-14 13h03.41.428781 +0580
0.7,1000,expected,223,1,4,space,0.311744,None,500,1,[0.7785841999866534],[0.778593799986993],4,1,49,5,517.7620972,,517.7487365,517.7620972,518.7617025,518.7617025,518.7617025,519.0790307,space,0.311744,None,519.0798381,519.7787071,520.1014413,520.0783832,520.0798595,520.1014413,520.1014413,520.1014413,520.8805167,500,1,[0.7785841999866534],[0.778593799986993],P1,1,2025-11-14_11h38.40.143,Intentional Binding PSY310 Bhumika Bajaj AU2320057,,2025.1.1,59.98778648,2025-11-14 13h03.41.428781 +0581
0.1,1000,expected,224,2,4,space,0.3688242,None,300,1,[2.4916728000098374],[2.4916861000092467],4,2,50,3,520.8942523,,520.8808099,520.8942523,521.8956605,521.8956605,521.8956605,522.2801729,space,0.3688242,None,522.2811603,522.3959246,522.7048011,522.6905441,522.6913142,522.7048011,522.7048011,522.7048011,525.1968884,300,1,[2.4916728000098374],[2.4916861000092467],P1,1,2025-11-14_11h38.40.144,Intentional Binding PSY310 Bhumika Bajaj AU2320057,,2025.1.1,59.98778648,2025-11-14 13h03.41.428781 +0582
0.7,400,unexp,225,3,4,space,0.3165464,None,700,1,[1.8857191999995848],[1.88572849999764],4,3,51,2,525.2111424,,525.1971809,525.2111424,526.2120881,526.2120881,526.2120881,526.5302888,space,0.3165464,None,526.5320711,527.2457845,527.5757433,527.5486671,527.549854,527.5757433,527.5757433,527.5757433,529.4618609,700,1,[1.8857191999995848],[1.88572849999764],P1,1,2025-11-14_11h38.40.145,Intentional Binding PSY310 Bhumika Bajaj AU2320057,,2025.1.1,59.98778648,2025-11-14 13h03.41.428781 +0583
0.1,1000,expected,226,4,4,space,0.4783822,None,500,1,[1.4625537999963854],[1.4625669999950333],4,4,52,9,529.4780759,,529.4621545,529.4780759,530.4624783,530.4624783,530.4789903,530.946856,space,0.4783822,None,530.9487321,531.0619213,531.3839851,531.3576014,531.3587402,531.3839851,531.3839851,531.3839851,532.84702,500,1,[1.4625537999963854],[1.4625669999950333],P1,1,2025-11-14_11h38.40.146,Intentional Binding PSY310 Bhumika Bajaj AU2320057,,2025.1.1,59.98778648,2025-11-14 13h03.41.428781 +0584
0.7,1000,expected,227,5,4,space,0.3278821,None,400,1,[1.8214293999917572],[1.8214383000013186],4,5,53,8,532.8613185,,532.8473788,532.8613185,533.8631132,533.8631132,533.8631132,534.1956371,space,0.3278821,None,534.196358,534.8954916,535.2069227,535.1920159,535.1927933,535.2069227,535.2069227,535.2069227,537.0287114,400,1,[1.8214293999917572],[1.8214383000013186],P1,1,2025-11-14_11h38.40.147,Intentional Binding PSY310 Bhumika Bajaj AU2320057,,2025.1.1,59.98778648,2025-11-14 13h03.41.428781 +0585
0.4,400,unexp,228,6,4,space,2.2417743,None,500,1,[3.1257889999978943],[3.125801700007287],4,6,54,1,537.0456141,,537.0290074,537.0456141,538.0288384,538.0288384,538.0453989,540.2796941,space,2.2417743,None,540.2807103,540.695689,541.0196518,540.9920307,540.9932605,541.0196518,541.0196518,541.0196518,544.1458726,500,1,[3.1257889999978943],[3.125801700007287],P1,1,2025-11-14_11h38.40.148,Intentional Binding PSY310 Bhumika Bajaj AU2320057,,2025.1.1,59.98778648,2025-11-14 13h03.41.428781 +0586
0.1,1000,expected,229,7,4,space,64.6905087,None,100,1,[2.5192614999978105],[2.5192756000033114],4,7,55,6,544.1613128,,544.1461836,544.1613128,545.1451832,545.1451832,545.1613058,609.8413487,space,64.6905087,None,609.8431533,609.956269,610.2873799,610.2598385,610.2609637,610.2873799,610.2873799,610.2873799,612.8071458,100,1,[2.5192614999978105],[2.5192756000033114],P1,1,2025-11-14_11h38.40.149,Intentional Binding PSY310 Bhumika Bajaj AU2320057,,2025.1.1,59.98778648,2025-11-14 13h03.41.428781 +0587
0.1,400,unexp,230,8,4,space,1.6298654,None,100,1,[1.3090092000056757],[1.3090214999974705],4,8,56,0,612.8223072,,612.8075168,612.8223072,613.8220134,613.8220134,613.8220134,615.457288,space,1.6298654,None,615.458271,615.5726687,615.8826492,615.8684498,615.8692294,615.8826492,615.8826492,615.8826492,617.1921126,100,1,[1.3090092000056757],[1.3090214999974705],P1,1,2025-11-14_11h38.40.150,Intentional Binding PSY310 Bhumika Bajaj AU2320057,,2025.1.1,59.98778648,2025-11-14 13h03.41.428781 +0588
0.4,1000,expected,231,9,4,space,8.557532,None,300,1,[1.5160527999978513],[1.5160653999919305],4,9,57,4,617.2054677,,617.1924963,617.2054677,618.2061409,618.2061409,618.2061409,626.7742961,space,8.557532,None,626.7752996,627.1900741,627.5066716,627.4921207,627.4929073,627.5066716,627.5066716,627.5066716,629.0231282,300,1,[1.5160527999978513],[1.5160653999919305],P1,1,2025-11-14_11h38.40.151,Intentional Binding PSY310 Bhumika Bajaj AU2320057,,2025.1.1,59.98778648,2025-11-14 13h03.41.428781 +0589
0.4,1000,expected,232,10,4,space,1.6337582,None,300,1,[1.1276725999923656],[1.127684599996428],4,10,58,7,629.0388022,,629.0233792,629.0388022,630.0226427,630.0226427,630.0399122,631.6727005,space,1.6337582,None,631.6738208,632.0731277,632.3974394,632.370322,632.3716297,632.3974394,632.3974394,632.3974394,633.5256707,300,1,[1.1276725999923656],[1.127684599996428],P1,1,2025-11-14_11h38.40.152,Intentional Binding PSY310 Bhumika Bajaj AU2320057,,2025.1.1,59.98778648,2025-11-14 13h03.41.428781 +0590
0.4,1000,expected,233,11,4,space,0.7324636,None,300,1,[1.4744041000085417],[1.4744138000096427],4,11,59,10,633.5384714,,633.5266837,633.5384714,634.5394332,634.5394332,634.5394332,635.273753,space,0.7324636,None,635.2756198,635.6731236,635.999083,635.9703289,635.9715949,635.999083,635.999083,635.999083,637.4739078,300,1,[1.4744041000085417],[1.4744138000096427],P1,1,2025-11-14_11h38.40.153,Intentional Binding PSY310 Bhumika Bajaj AU2320057,,2025.1.1,59.98778648,2025-11-14 13h03.41.428781 +0591
0.1,1000,expected,234,0,5,space,6.8049382,None,200,1,[1.9584966000111308],[1.9585082000121474],5,0,60,3,637.4887607,,637.474276,637.4887607,638.4895348,638.4895348,638.4895348,645.3074823,space,6.8049382,None,645.3092769,645.4227323,645.7495232,645.7204936,645.7216888,645.7495232,645.7495232,645.7495232,647.7091484,200,1,[1.9584966000111308],[1.9585082000121474],P1,1,2025-11-14_11h38.40.154,Intentional Binding PSY310 Bhumika Bajaj AU2320057,,2025.1.1,59.98778648,2025-11-14 13h03.41.428781 +0592
0.1,1000,expected,235,1,5,space,0.5025765,None,100,1,[2.82250940000813],[2.8225216999999247],5,1,61,6,647.7218687,,647.7095702,647.7218687,648.7225222,648.7225222,648.7225222,649.2262052,space,0.5025765,None,649.2285026,649.3390332,649.652701,649.6381864,649.6389541,649.652701,649.652701,649.652701,652.4756376,100,1,[2.82250940000813],[2.8225216999999247],P1,1,2025-11-14_11h38.40.155,Intentional Binding PSY310 Bhumika Bajaj AU2320057,,2025.1.1,59.98778648,2025-11-14 13h03.41.428781 +0593
0.7,1000,expected,236,2,5,space,0.9643964,None,500,1,[1.1080829999991693],[1.1080979000107618],5,2,62,8,652.4882679,,652.4759325,652.4882679,653.4902678,653.4902678,653.4902678,654.457661,space,0.9643964,None,654.4594419,655.1724615,655.4986113,655.4703231,655.4715957,655.4986113,655.4986113,655.4986113,656.6072653,500,1,[1.1080829999991693],[1.1080979000107618],P1,1,2025-11-14_11h38.40.156,Intentional Binding PSY310 Bhumika Bajaj AU2320057,,2025.1.1,59.98778648,2025-11-14 13h03.41.428781 +0594
0.1,400,unexp,237,3,5,space,0.4727609,None,600,1,[1.52799239999149],[1.528006499996991],5,3,63,0,656.6222349,,656.6086071,656.6222349,657.6226166,657.6226166,657.6226166,658.1063573,space,0.4727609,None,658.1074337,658.2219932,658.5336733,658.5184207,658.5191461,658.5336733,658.5336733,658.5336733,660.0622414,600,1,[1.52799239999149],[1.528006499996991],P1,1,2025-11-14_11h38.40.157,Intentional Binding PSY310 Bhumika Bajaj AU2320057,,2025.1.1,59.98778648,2025-11-14 13h03.41.428781 +0595
0.4,1000,expected,238,4,5,space,0.4591298,None,400,1,[1.870061000008718],[1.8700727999967057],5,4,64,4,660.0718017,,660.0627626,660.0718017,661.0730098,661.0730098,661.0730098,661.540164,space,0.4591298,None,661.541122,661.9556874,662.2871694,662.2603208,662.261507,662.2871694,662.2871694,662.2871694,664.1579774,400,1,[1.870061000008718],[1.8700727999967057],P1,1,2025-11-14_11h38.40.158,Intentional Binding PSY310 Bhumika Bajaj AU2320057,,2025.1.1,59.98778648,2025-11-14 13h03.41.428781 +0596
0.7,400,unexp,239,5,5,space,4.6427436,None,300,1,[2.4382263000006787],[2.4382457000028808],5,5,65,2,664.1714833,,664.1584091,664.1714833,665.1718282,665.1718282,665.1718282,669.8234701,space,4.6427436,None,669.8245145,670.5393825,670.8525066,670.8383339,670.839072,670.8525066,670.8525066,670.8525066,673.2913678,300,1,[2.4382263000006787],[2.4382457000028808],P1,1,2025-11-14_11h38.40.159,Intentional Binding PSY310 Bhumika Bajaj AU2320057,,2025.1.1,59.98778648,2025-11-14 13h03.41.428781 +0597
0.4,400,unexp,240,6,5,space,0.9760097,None,400,1,[3.4205262000032235],[3.420538899998064],5,6,66,1,673.3050219,,673.2918618,673.3050219,674.3049234,674.3049234,674.3049234,675.2901814,space,0.9760097,None,675.2911598,675.6898043,676.0038665,675.9885482,675.9892813,676.0038665,676.0038665,676.0038665,679.4249066,400,1,[3.4205262000032235],[3.420538899998064],P1,1,2025-11-14_11h38.40.160,Intentional Binding PSY310 Bhumika Bajaj AU2320057,,2025.1.1,59.98778648,2025-11-14 13h03.41.428781 +0598
0.1,1000,expected,241,7,5,space,1.3824865,None,400,1,[2.249291699990863],[2.249306300000171],5,7,67,9,679.4380724,,679.4253637,679.4380724,680.438706,680.438706,680.438706,681.8234305,space,1.3824865,None,681.825169,681.9237442,682.2401832,682.22259,682.2230764,682.2401832,682.2401832,682.2401832,684.4898422,400,1,[2.249291699990863],[2.249306300000171],P1,1,2025-11-14_11h38.40.161,Intentional Binding PSY310 Bhumika Bajaj AU2320057,,2025.1.1,59.98778648,2025-11-14 13h03.41.428781 +0599
0.7,1000,expected,242,8,5,space,0.7752551,None,500,1,[2.1002999000047566],[2.1003105999989202],5,8,68,11,684.5062166,,684.4901086,684.5062166,685.4887983,685.4887983,685.5057381,686.2727873,space,0.7752551,None,686.2738009,686.9722172,687.2942958,687.2711954,687.2723279,687.2942958,687.2942958,687.2942958,689.3950736,500,1,[2.1002999000047566],[2.1003105999989202],P1,1,2025-11-14_11h38.40.162,Intentional Binding PSY310 Bhumika Bajaj AU2320057,,2025.1.1,59.98778648,2025-11-14 13h03.41.428781 +0600
0.4,1000,expected,243,9,5,space,6.1265253,None,300,1,[4.739006899995729],[4.739021200002753],5,9,69,7,689.4046056,,689.3954599,689.4046056,690.4053656,690.4053656,690.4053656,696.5401378,space,6.1265253,None,696.5419107,696.9395502,697.2682553,697.2404603,697.2415517,697.2682553,697.2682553,697.2682553,702.0078072,300,1,[4.739006899995729],[4.739021200002753],P1,1,2025-11-14_11h38.40.163,Intentional Binding PSY310 Bhumika Bajaj AU2320057,,2025.1.1,59.98778648,2025-11-14 13h03.41.428781 +0601
0.7,1000,expected,244,10,5,space,4.8198947,None,600,1,[1.8548070999968331],[1.8548265999997966],5,10,70,5,702.0218354,,702.0082507,702.0218354,703.0221792,703.0221792,703.0221792,707.8575262,space,4.8198947,None,707.8592011,708.572178,708.9005878,708.8734943,708.8746674,708.9005878,708.9005878,708.9005878,710.7561449,600,1,[1.8548070999968331],[1.8548265999997966],P1,1,2025-11-14_11h38.40.164,Intentional Binding PSY310 Bhumika Bajaj AU2320057,,2025.1.1,59.98778648,2025-11-14 13h03.41.428781 +0602
0.4,1000,expected,245,11,5,space,3.1823241,None,500,1,[4.2921536000067135],[4.292165400009253],5,11,71,10,710.7718276,,710.7566691,710.7718276,711.7725743,711.7725743,711.7725743,714.9573334,space,3.1823241,None,714.9587146,715.3722364,715.7006111,715.6716109,715.6727783,715.7006111,715.7006111,715.7006111,719.9933841,500,1,[4.2921536000067135],[4.292165400009253],P1,1,2025-11-14_11h38.40.165,Intentional Binding PSY310 Bhumika Bajaj AU2320057,,2025.1.1,59.98778648,2025-11-14 13h03.41.428781 +0603
0.4,1000,expected,246,0,6,space,0.8085875,None,600,1,[5.653911200002767],[5.653925899998285],6,0,72,10,720.0044799,,719.9937253,720.0044799,721.0058385,721.0058385,721.0058385,721.8226837,space,0.8085875,None,721.8236497,722.2223487,722.538149,722.5213286,722.5219169,722.538149,722.538149,722.538149,728.1925152,600,1,[5.653911200002767],[5.653925899998285],P1,1,2025-11-14_11h38.40.166,Intentional Binding PSY310 Bhumika Bajaj AU2320057,,2025.1.1,59.98778648,2025-11-14 13h03.41.428781 +0604
0.1,400,unexp,247,1,6,space,1.1264512,None,400,1,[2.368935499995132],[2.36894719999691],6,1,73,0,728.2049504,,728.1930529,728.2049504,729.2055297,729.2055297,729.2055297,730.3403493,space,1.1264512,None,730.3424234,730.4552228,730.7869921,730.7598936,730.7610598,730.7869921,730.7869921,730.7869921,733.1564976,400,1,[2.368935499995132],[2.36894719999691],P1,1,2025-11-14_11h38.40.167,Intentional Binding PSY310 Bhumika Bajaj AU2320057,,2025.1.1,59.98778648,2025-11-14 13h03.41.428781 +0605
0.1,1000,expected,248,2,6,space,18.2059282,None,200,1,[3.309714899995015],[3.3097256000037305],6,2,74,6,733.171076,,733.1570559,733.171076,734.1709537,734.1709537,734.1709537,752.3904943,space,18.2059282,None,752.392462,752.505425,752.8314745,752.8015835,752.8032641,752.8314745,752.8314745,752.8314745,756.1415806,200,1,[3.309714899995015],[3.3097256000037305],P1,1,2025-11-14_11h38.40.168,Intentional Binding PSY310 Bhumika Bajaj AU2320057,,2025.1.1,59.98778648,2025-11-14 13h03.41.428781 +0606
0.4,400,unexp,249,3,6,space,0.4146512,None,300,1,[1.888714600005187],[1.8887231999979122],6,3,75,1,756.1542196,,756.1418653,756.1542196,757.1550699,757.1550699,757.1550699,757.5719065,space,0.4146512,None,757.5729176,757.9714407,758.2993514,758.2721721,758.2734978,758.2993514,758.2993514,758.2993514,760.188443,300,1,[1.888714600005187],[1.8887231999979122],P1,1,2025-11-14_11h38.40.169,Intentional Binding PSY310 Bhumika Bajaj AU2320057,,2025.1.1,59.98778648,2025-11-14 13h03.41.428781 +0607
0.1,1000,expected,250,4,6,space,1.4698714,None,200,1,[1.4787395000021206],[1.4787512000038987],6,4,76,3,760.2043799,,760.1886905,760.2043799,761.1880699,761.1880699,761.2052543,762.6730232,space,1.4698714,None,762.674863,762.7885369,763.1109425,763.088542,763.0901282,763.1109425,763.1109425,763.1109425,764.5902355,200,1,[1.4787395000021206],[1.4787512000038987],P1,1,2025-11-14_11h38.40.170,Intentional Binding PSY310 Bhumika Bajaj AU2320057,,2025.1.1,59.98778648,2025-11-14 13h03.41.428781 +0608
0.4,1000,expected,251,5,6,space,0.5368496,None,100,1,[2.6243920999986585],[2.6244115000008605],6,5,77,4,764.6045195,,764.5906527,764.6045195,765.6051931,765.6051931,765.6051931,766.1570879,space,0.5368496,None,766.1591782,766.5713259,766.8972504,766.8675917,766.8687339,766.8972504,766.8972504,766.8972504,769.522278,100,1,[2.6243920999986585],[2.6244115000008605],P1,1,2025-11-14_11h38.40.171,Intentional Binding PSY310 Bhumika Bajaj AU2320057,,2025.1.1,59.98778648,2025-11-14 13h03.41.428781 +0609
0.4,1000,expected,252,6,6,space,1.2236762,None,300,1,[1.6735626000008779],[1.6735817000007955],6,6,78,7,769.5381964,,769.5227937,769.5381964,770.5219039,770.5219039,770.5385096,771.7565862,space,1.2236762,None,771.7584592,772.1711266,772.4848902,772.4697815,772.4705457,772.4848902,772.4848902,772.4848902,774.1590673,300,1,[1.6735626000008779],[1.6735817000007955],P1,1,2025-11-14_11h38.40.172,Intentional Binding PSY310 Bhumika Bajaj AU2320057,,2025.1.1,59.98778648,2025-11-14 13h03.41.428781 +0610
0.1,1000,expected,253,7,6,space,0.4819445,None,100,1,[1.1409611999988556],[1.140976700000465],6,7,79,9,774.1713819,,774.1596093,774.1713819,775.1717493,775.1717493,775.1717493,775.6558769,space,0.4819445,None,775.6568932,775.7553607,776.0656291,776.0535326,776.0541432,776.0656291,776.0656291,776.0656291,777.2070532,100,1,[1.1409611999988556],[1.140976700000465],P1,1,2025-11-14_11h38.40.173,Intentional Binding PSY310 Bhumika Bajaj AU2320057,,2025.1.1,59.98778648,2025-11-14 13h03.41.428781 +0611
0.7,400,unexp,254,8,6,space,1.7615073,None,600,1,[1.4736881999997422],[1.4738219999999274],6,8,80,2,777.2215804,,777.2075248,777.2215804,778.2217536,778.2217536,778.2217536,779.9895658,space,1.7615073,None,779.9916399,780.7052078,781.0321976,781.0014503,781.0026627,781.0321976,781.0321976,781.0321976,782.5065414,600,1,[1.4736881999997422],[1.4738219999999274],P1,1,2025-11-14_11h38.40.174,Intentional Binding PSY310 Bhumika Bajaj AU2320057,,2025.1.1,59.98778648,2025-11-14 13h03.41.428781 +0612
0.7,1000,expected,255,9,6,space,0.3590206,None,550,1,[3.0239017000130843],[3.0239151999994647],6,9,81,8,782.5210248,,782.5068413,782.5210248,783.5213722,783.5213722,783.5213722,783.8895432,space,0.3590206,None,783.8905348,784.604485,784.9146237,784.9007751,784.9014995,784.9146237,784.9146237,784.9146237,787.9391187,550,1,[3.0239017000130843],[3.0239151999994647],P1,1,2025-11-14_11h38.40.175,Intentional Binding PSY310 Bhumika Bajaj AU2320057,,2025.1.1,59.98778648,2025-11-14 13h03.41.428781 +0613
0.7,1000,expected,256,10,6,space,0.4347209,None,600,1,[2.2944692999881227],[2.294487199993455],6,10,82,11,787.9540265,,787.9399028,787.9540265,788.954576,788.954576,788.954576,789.4050983,space,0.4347209,None,789.4062398,790.1050471,790.4266776,790.4006141,790.401852,790.4266776,790.4266776,790.4266776,792.72177,600,1,[2.2944692999881227],[2.294487199993455],P1,1,2025-11-14_11h38.40.176,Intentional Binding PSY310 Bhumika Bajaj AU2320057,,2025.1.1,59.98778648,2025-11-14 13h03.41.428781 +0614
0.7,1000,expected,257,11,6,space,0.8050941,None,700,1,[1.1360771000036038],[1.13609099999303],6,11,83,5,792.7373454,,792.7222064,792.7373454,793.7370783,793.7370783,793.7370783,794.5545189,space,0.8050941,None,794.555475,795.2547129,795.5706008,795.5541157,795.5552264,795.5706008,795.5706008,795.5706008,796.7072095,700,1,[1.1360771000036038],[1.13609099999303],P1,1,2025-11-14_11h38.40.177,Intentional Binding PSY310 Bhumika Bajaj AU2320057,,2025.1.1,59.98778648,2025-11-14 13h03.41.428781 +0615
0.7,400,unexp,258,0,7,space,0.6839335,None,500,1,[1.8341214999963995],[1.834133299998939],7,0,84,2,796.7210976,,796.7075775,796.7210976,797.7213457,797.7213457,797.7213457,798.4214054,space,0.6839335,None,798.4223686,799.1207344,799.4376589,799.4209529,799.4215873,799.4376589,799.4376589,799.4376589,801.2726703,500,1,[1.8341214999963995],[1.834133299998939],P1,1,2025-11-14_11h38.40.178,Intentional Binding PSY310 Bhumika Bajaj AU2320057,,2025.1.1,59.98778648,2025-11-14 13h03.41.428781 +0616
0.1,400,unexp,259,1,7,space,1.5264001,None,200,1,[1.7520245999912731],[1.752040899998974],7,1,85,0,801.2881138,,801.2730053,801.2881138,802.2874103,802.2874103,802.3036453,803.8223589,space,1.5264001,None,803.8244044,803.9378193,804.2544928,804.2381379,804.2385858,804.2544928,804.2544928,804.2544928,806.0071778,200,1,[1.7520245999912731],[1.752040899998974],P1,1,2025-11-14_11h38.40.179,Intentional Binding PSY310 Bhumika Bajaj AU2320057,,2025.1.1,59.98778648,2025-11-14 13h03.41.428781 +0617
0.1,1000,expected,260,2,7,space,0.5493073,None,100,1,[2.2546893999970052],[2.2547085999976844],7,2,86,3,806.0202514,,806.0077453,806.0202514,807.0215804,807.0215804,807.0215804,807.5723777,space,0.5493073,None,807.5747727,807.6879159,808.0183006,807.9904419,807.9916001,808.0183006,808.0183006,808.0183006,810.2736575,100,1,[2.2546893999970052],[2.2547085999976844],P1,1,2025-11-14_11h38.40.180,Intentional Binding PSY310 Bhumika Bajaj AU2320057,,2025.1.1,59.98778648,2025-11-14 13h03.41.428781 +0618
0.7,1000,expected,261,3,7,space,3.4771702,None,500,1,[1.2866013000020757],[1.2866184000013163],7,3,87,5,810.2870768,,810.2741394,810.2870768,811.2871654,811.2871654,811.2871654,814.7724278,space,3.4771702,None,814.7742594,815.4877593,815.8177714,815.7882339,815.7894391,815.8177714,815.8177714,815.8177714,817.1049644,500,1,[1.2866013000020757],[1.2866184000013163],P1,1,2025-11-14_11h38.40.181,Intentional Binding PSY310 Bhumika Bajaj AU2320057,,2025.1.1,59.98778648,2025-11-14 13h03.41.428781 +0619
0.7,1000,expected,262,4,7,space,0.5687265,None,700,1,[1.1276097999943886],[1.1276248999929521],7,4,88,8,817.1204201,,817.1054762,817.1204201,818.1042238,818.1042238,818.1210819,818.6888075,space,0.5687265,None,818.6902976,819.4046047,819.7288572,819.6987088,819.6998803,819.7288572,819.7288572,819.7288572,820.8570123,700,1,[1.1276097999943886],[1.1276248999929521],P1,1,2025-11-14_11h38.40.182,Intentional Binding PSY310 Bhumika Bajaj AU2320057,,2025.1.1,59.98778648,2025-11-14 13h03.41.428781 +0620
0.1,1000,expected,263,5,7,space,0.5368232,None,100,1,[1.6393748999980744],[1.6393886000005296],7,5,89,9,820.8704002,,820.8573462,820.8704002,821.8705947,821.8705947,821.8705947,822.42219,space,0.5368232,None,822.4239586,822.5379152,822.8665175,822.8381221,822.8399347,822.8665175,822.8665175,822.8665175,824.5067196,100,1,[1.6393748999980744],[1.6393886000005296],P1,1,2025-11-14_11h38.40.183,Intentional Binding PSY310 Bhumika Bajaj AU2320057,,2025.1.1,59.98778648,2025-11-14 13h03.41.428781 +0621
0.4,1000,expected,264,6,7,space,13.8532242,None,400,1,[2.8658372000063537],[2.865845000007539],7,6,90,4,824.5200542,,824.5072352,824.5200542,825.5210893,825.5210893,825.5210893,839.3880223,space,13.8532242,None,839.3890609,839.7877914,840.1045917,840.0898527,840.0914047,840.1045917,840.1045917,840.1045917,842.9708502,400,1,[2.8658372000063537],[2.865845000007539],P1,1,2025-11-14_11h38.40.184,Intentional Binding PSY310 Bhumika Bajaj AU2320057,,2025.1.1,59.98778648,2025-11-14 13h03.41.428781 +0622
0.4,1000,expected,265,7,7,space,2.9037982,None,500,1,[1.9244391999964137],[1.9244571000017459],7,7,91,7,842.9875903,,842.9711018,842.9875903,843.9712288,843.9712288,843.9873737,846.8887511,space,2.9037982,None,846.8907934,847.3041087,847.6294091,847.6009645,847.6021539,847.6294091,847.6294091,847.6294091,849.5545306,500,1,[1.9244391999964137],[1.9244571000017459],P1,1,2025-11-14_11h38.40.185,Intentional Binding PSY310 Bhumika Bajaj AU2320057,,2025.1.1,59.98778648,2025-11-14 13h03.41.428781 +0623
0.1,1000,expected,266,8,7,space,1.8864819,None,500,1,[16.10207239999727],[16.102084500002093],7,8,92,6,849.5706461,,849.555211,849.5706461,850.5713339,850.5713339,850.5713339,852.4723873,space,1.8864819,None,852.4740268,852.5875418,852.9201222,852.8915447,852.8927006,852.9201222,852.9201222,852.9201222,869.0226994,500,1,[16.10207239999727],[16.102084500002093],P1,1,2025-11-14_11h38.40.186,Intentional Binding PSY310 Bhumika Bajaj AU2320057,,2025.1.1,59.98778648,2025-11-14 13h03.41.428781 +0624
0.4,400,unexp,267,9,7,space,19.5936363,None,200,1,[11.478114400000777],[11.478124800007208],7,9,93,1,869.0366267,,869.0230971,869.0366267,870.0371651,870.0371651,870.0371651,889.6380173,space,19.5936363,None,889.6389891,890.0373661,890.3434401,890.3306238,890.331335,890.3434401,890.3434401,890.3434401,901.8218797,200,1,[11.478114400000777],[11.478124800007208],P1,1,2025-11-14_11h38.40.187,Intentional Binding PSY310 Bhumika Bajaj AU2320057,,2025.1.1,59.98778648,2025-11-14 13h03.41.428781 +0625
0.4,1000,expected,268,10,7,space,0.8248684,None,400,1,[4.525022699992405],[4.525042799999937],7,10,94,10,901.8370647,,901.8222247,901.8370647,902.8365774,902.8365774,902.8530407,903.67084,space,0.8248684,None,903.6718866,904.0702461,904.3809726,904.3679539,904.3686503,904.3809726,904.3809726,904.3809726,908.9065593,400,1,[4.525022699992405],[4.525042799999937],P1,1,2025-11-14_11h38.40.188,Intentional Binding PSY310 Bhumika Bajaj AU2320057,,2025.1.1,59.98778648,2025-11-14 13h03.41.428781 +0626
0.7,1000,expected,269,11,7,space,0.3335131,None,600,1,[1.2634266999957617],[1.2634384999983013],7,11,95,11,908.9197773,,908.9070075,908.9197773,909.9208409,909.9208409,909.9208409,910.2555356,space,0.3335131,None,910.2566815,910.97009,911.3073199,911.271606,911.2729043,911.3073199,911.3073199,911.3073199,912.5711967,600,1,[1.2634266999957617],[1.2634384999983013],P1,1,2025-11-14_11h38.40.189,Intentional Binding PSY310 Bhumika Bajaj AU2320057,,2025.1.1,59.98778648,2025-11-14 13h03.41.428781 +0627
0.1,1000,expected,270,0,8,space,3.0663882,None,300,1,[1.9165803999931086],[1.9165974000061397],8,0,96,3,912.5858191,,912.5716275,912.5858191,913.5705893,913.5705893,913.5866367,916.6377393,space,3.0663882,None,916.6387215,916.7369647,917.0535738,917.0399201,917.0406666,917.0535738,917.0535738,917.0535738,918.9708258,300,1,[1.9165803999931086],[1.9165974000061397],P1,1,2025-11-14_11h38.40.190,Intentional Binding PSY310 Bhumika Bajaj AU2320057,,2025.1.1,59.98778648,2025-11-14 13h03.41.428781 +0628
0.7,1000,expected,271,1,8,space,0.6279077,None,200,1,[1.5540621999971336],[1.5540727999905357],8,1,97,8,918.986913,,918.9711517,918.986913,919.9871888,919.9871888,919.9871888,920.6214061,space,0.6279077,None,920.623155,921.33681,921.6675375,921.6393644,921.6404735,921.6675375,921.6675375,921.6675375,923.2220168,200,1,[1.5540621999971336],[1.5540727999905357],P1,1,2025-11-14_11h38.40.191,Intentional Binding PSY310 Bhumika Bajaj AU2320057,,2025.1.1,59.98778648,2025-11-14 13h03.41.428781 +0629
0.4,1000,expected,272,2,8,space,0.6412096,None,500,1,[1.360960600010003],[1.3609740000101738],8,2,98,4,923.2360004,,923.2223562,923.2360004,924.2371916,924.2371916,924.2371916,924.8885787,space,0.6412096,None,924.8899099,925.3040369,925.6268881,925.5979393,925.5990848,925.6268881,925.6268881,925.6268881,926.9883463,500,1,[1.360960600010003],[1.3609740000101738],P1,1,2025-11-14_11h38.40.192,Intentional Binding PSY310 Bhumika Bajaj AU2320057,,2025.1.1,59.98778648,2025-11-14 13h03.41.428781 +0630
0.1,1000,expected,273,3,8,space,10.1357888,None,400,1,[3.2093106000102125],[3.2093246000004],8,3,99,6,927.0026337,,926.988731,927.0026337,928.0031532,928.0031532,928.0031532,938.1399737,space,10.1357888,None,938.1419688,938.2531603,938.5808105,938.5517141,938.5528651,938.5808105,938.5808105,938.5808105,941.7906764,400,1,[3.2093106000102125],[3.2093246000004],P1,1,2025-11-14_11h38.40.193,Intentional Binding PSY310 Bhumika Bajaj AU2320057,,2025.1.1,59.98778648,2025-11-14 13h03.41.428781 +0631
0.7,400,unexp,274,4,8,space,3.0568725,None,600,1,[25.686365000001388],[25.686382400002913],8,4,100,2,941.8023934,,941.791149,941.8023934,942.803499,942.803499,942.803499,945.8714483,space,3.0568725,None,945.8732849,946.5705788,946.9002701,946.872242,946.8733853,946.9002701,946.9002701,946.9002701,972.5871908,600,1,[25.686365000001388],[25.686382400002913],P1,1,2025-11-14_11h38.40.194,Intentional Binding PSY310 Bhumika Bajaj AU2320057,,2025.1.1,59.98778648,2025-11-14 13h03.41.428781 +0632
0.1,1000,expected,275,5,8,space,3.2013212,None,300,1,[11.894354399992153],[11.894367199987755],8,5,101,9,972.6025962,,972.5875701,972.6025962,973.6025469,973.6025469,973.6025469,976.8049193,space,3.2013212,None,976.8071409,976.9195549,977.2454168,977.2178889,977.2190905,977.2454168,977.2454168,977.2454168,989.1402525,300,1,[11.894354399992153],[11.894367199987755],P1,1,2025-11-14_11h38.40.195,Intentional Binding PSY310 Bhumika Bajaj AU2320057,,2025.1.1,59.98778648,2025-11-14 13h03.41.428781 +0633
0.4,400,unexp,276,6,8,space,0.6404527,None,400,1,[1.531599100009771],[1.5316182000096887],8,6,102,1,989.1521488,,989.1405852,989.1521488,990.1524019,990.1524019,990.1524019,990.8039442,space,0.6404527,None,990.8058096,991.20332,991.5298853,991.4996616,991.5013112,991.5298853,991.5298853,991.5298853,993.0622012,400,1,[1.531599100009771],[1.5316182000096887],P1,1,2025-11-14_11h38.40.196,Intentional Binding PSY310 Bhumika Bajaj AU2320057,,2025.1.1,59.98778648,2025-11-14 13h03.41.428781 +0634
0.7,1000,expected,277,7,8,space,0.4505424,None,500,1,[2.43552759999875],[2.4355397000035737],8,7,103,5,993.0657056,,993.0628201,993.0657056,994.0695267,994.0695267,994.0695267,994.5221495,space,0.4505424,None,994.5239299,995.2361197,995.5528403,995.5383858,995.5391404,995.5528403,995.5528403,995.5528403,997.9888437,500,1,[2.43552759999875],[2.4355397000035737],P1,1,2025-11-14_11h38.40.197,Intentional Binding PSY310 Bhumika Bajaj AU2320057,,2025.1.1,59.98778648,2025-11-14 13h03.41.428781 +0635
0.7,1000,expected,278,8,8,space,0.460871,None,600,1,[1.5073039999988396],[1.5073116999992635],8,8,104,11,998.0023655,,997.989191,998.0023655,999.003194,999.003194,999.003194,999.4701923,space,0.460871,None,999.4712028,1000.186029,1000.511721,1000.484129,1000.485243,1000.511721,1000.511721,1000.511721,1002.019395,600,1,[1.5073039999988396],[1.5073116999992635],P1,1,2025-11-14_11h38.40.198,Intentional Binding PSY310 Bhumika Bajaj AU2320057,,2025.1.1,59.98778648,2025-11-14 13h03.41.428781 +0636
0.4,1000,expected,279,9,8,space,2.7189036,None,400,1,[1.4861728999967454],[1.4861815000040224],8,9,105,10,1002.036105,,1002.019698,1002.036105,1003.019422,1003.019422,1003.036598,1005.754365,space,2.7189036,None,1005.75697,1006.169562,1006.499718,1006.47189,1006.473183,1006.499718,1006.499718,1006.499718,1007.986312,400,1,[1.4861728999967454],[1.4861815000040224],P1,1,2025-11-14_11h38.40.199,Intentional Binding PSY310 Bhumika Bajaj AU2320057,,2025.1.1,59.98778648,2025-11-14 13h03.41.428781 +0637
0.1,400,unexp,280,10,8,space,0.6059532,None,300,1,[2.68312159999914],[2.683141000001342],8,10,106,0,1008.002235,,1007.986749,1008.002235,1008.986002,1008.986002,1009.00287,1009.604437,space,0.6059532,None,1009.605399,1009.719799,1010.036141,1010.021677,1010.022564,1010.036141,1010.036141,1010.036141,1012.719917,300,1,[2.68312159999914],[2.683141000001342],P1,1,2025-11-14_11h38.40.200,Intentional Binding PSY310 Bhumika Bajaj AU2320057,,2025.1.1,59.98778648,2025-11-14 13h03.41.428781 +0638
0.4,1000,expected,281,11,8,space,3.7714874,None,300,1,[3.6520277000090573],[3.652037100007874],8,11,107,7,1012.736177,,1012.720503,1012.736177,1013.719585,1013.719585,1013.736163,1017.504205,space,3.7714874,None,1017.506132,1017.919206,1018.234925,1018.21897,1018.220286,1018.234925,1018.234925,1018.234925,1021.887451,300,1,[3.6520277000090573],[3.652037100007874],P1,1,2025-11-14_11h38.40.201,Intentional Binding PSY310 Bhumika Bajaj AU2320057,,2025.1.1,59.98778648,2025-11-14 13h03.41.428781 +0639
0.4,1000,expected,282,0,9,space,0.2946994,None,400,1,[1.3055621000094106],[1.30557540000882],9,0,108,10,1021.901651,,1021.888366,1021.901651,1022.902947,1022.902947,1022.902947,1023.203618,space,0.2946994,None,1023.204636,1023.619428,1023.932112,1023.918785,1023.919636,1023.932112,1023.932112,1023.932112,1025.238383,400,1,[1.3055621000094106],[1.30557540000882],P1,1,2025-11-14_11h38.40.202,Intentional Binding PSY310 Bhumika Bajaj AU2320057,,2025.1.1,59.98778648,2025-11-14 13h03.41.428781 +0640
0.7,1000,expected,283,1,9,space,0.510865,None,500,1,[2.1201463999896077],[2.12016500000027],9,1,109,11,1025.251788,,1025.239284,1025.251788,1026.252648,1026.252648,1026.252648,1026.769783,space,0.510865,None,1026.77076,1027.469456,1027.798841,1027.772051,1027.77324,1027.798841,1027.798841,1027.798841,1029.919575,500,1,[2.1201463999896077],[2.12016500000027],P1,1,2025-11-14_11h38.40.203,Intentional Binding PSY310 Bhumika Bajaj AU2320057,,2025.1.1,59.98778648,2025-11-14 13h03.41.428781 +0641
0.4,400,unexp,284,2,9,space,0.2546574,None,300,1,[1.7906733999989228],[1.7906834000023082],9,2,110,1,1029.935397,,1029.919823,1029.935397,1030.935858,1030.935858,1030.935858,1031.203483,space,0.2546574,None,1031.204475,1031.602816,1031.913422,1031.898804,1031.899991,1031.913422,1031.913422,1031.913422,1033.70449,300,1,[1.7906733999989228],[1.7906834000023082],P1,1,2025-11-14_11h38.40.204,Intentional Binding PSY310 Bhumika Bajaj AU2320057,,2025.1.1,59.98778648,2025-11-14 13h03.41.428781 +0642
0.1,1000,expected,285,3,9,space,32.3540657,None,100,1,[1.5351923999987775],[1.5352046000043629],9,3,111,3,1033.718569,,1033.704838,1033.718569,1034.71893,1034.71893,1034.71893,1067.086762,space,32.3540657,None,1067.088521,1067.20249,1067.534488,1067.502729,1067.503921,1067.534488,1067.534488,1067.534488,1069.07051,100,1,[1.5351923999987775],[1.5352046000043629],P1,1,2025-11-14_11h38.40.205,Intentional Binding PSY310 Bhumika Bajaj AU2320057,,2025.1.1,59.98778648,2025-11-14 13h03.41.428781 +0643
0.4,1000,expected,286,4,9,space,0.4587592,None,200,1,[1.1093135000119219],[1.1093303000088781],9,4,112,7,1069.084941,,1069.070849,1069.084941,1070.086609,1070.086609,1070.086609,1070.552634,space,0.4587592,None,1070.553707,1070.952361,1071.277508,1071.248847,1071.250481,1071.277508,1071.277508,1071.277508,1072.387408,200,1,[1.1093135000119219],[1.1093303000088781],P1,1,2025-11-14_11h38.40.206,Intentional Binding PSY310 Bhumika Bajaj AU2320057,,2025.1.1,59.98778648,2025-11-14 13h03.41.428781 +0644
0.4,1000,expected,287,5,9,space,0.3340417,None,300,1,[1.7552531999972416],[1.7552703999972437],9,5,113,4,1072.401659,,1072.387784,1072.401659,1073.402223,1073.402223,1073.402223,1073.737479,space,0.3340417,None,1073.739472,1074.152015,1074.463422,1074.448838,1074.44956,1074.463422,1074.463422,1074.463422,1076.21935,300,1,[1.7552531999972416],[1.7552703999972437],P1,1,2025-11-14_11h38.40.207,Intentional Binding PSY310 Bhumika Bajaj AU2320057,,2025.1.1,59.98778648,2025-11-14 13h03.41.428781 +0645
0.1,400,unexp,288,6,9,space,2.4952669,None,300,1,[2.9737853999977233],[2.9737986999971326],9,6,114,0,1076.235946,,1076.219642,1076.235946,1077.219206,1077.219206,1077.235519,1079.720995,space,2.4952669,None,1079.722794,1079.836361,1080.163708,1080.136364,1080.137954,1080.163708,1080.163708,1080.163708,1083.138054,300,1,[2.9737853999977233],[2.9737986999971326],P1,1,2025-11-14_11h38.40.208,Intentional Binding PSY310 Bhumika Bajaj AU2320057,,2025.1.1,59.98778648,2025-11-14 13h03.41.428781 +0646
0.1,1000,expected,289,7,9,space,6.4245418,None,300,1,[2.2054492000024766],[2.20545989999664],9,7,115,6,1083.151242,,1083.138457,1083.151242,1084.151613,1084.151613,1084.151613,1090.585951,space,6.4245418,None,1090.586946,1090.70181,1091.012972,1090.998677,1090.999519,1091.012972,1091.012972,1091.012972,1093.218848,300,1,[2.2054492000024766],[2.20545989999664],P1,1,2025-11-14_11h38.40.209,Intentional Binding PSY310 Bhumika Bajaj AU2320057,,2025.1.1,59.98778648,2025-11-14 13h03.41.428781 +0647
0.1,1000,expected,290,8,9,space,0.6407493,None,200,1,[4.447387599997455],[4.44740279999678],9,8,116,9,1093.234654,,1093.219233,1093.234654,1094.218897,1094.218897,1094.235414,1094.871341,space,0.6407493,None,1094.873128,1094.986047,1095.307881,1095.279954,1095.281084,1095.307881,1095.307881,1095.307881,1099.75581,200,1,[4.447387599997455],[4.44740279999678],P1,1,2025-11-14_11h38.40.210,Intentional Binding PSY310 Bhumika Bajaj AU2320057,,2025.1.1,59.98778648,2025-11-14 13h03.41.428781 +0648
0.7,1000,expected,291,9,9,space,0.3468464,None,600,1,[1.1361268000036944],[1.1361365000047954],9,9,117,8,1099.767961,,1099.756394,1099.767961,1100.767487,1100.767487,1100.767487,1101.118199,space,0.3468464,None,1101.119214,1101.817471,1102.132903,1102.11923,1102.120014,1102.132903,1102.132903,1102.132903,1103.269458,600,1,[1.1361268000036944],[1.1361365000047954],P1,1,2025-11-14_11h38.40.211,Intentional Binding PSY310 Bhumika Bajaj AU2320057,,2025.1.1,59.98778648,2025-11-14 13h03.41.428781 +0649
0.7,1000,expected,292,10,9,space,0.3159274,None,500,1,[1.3170540999999503],[1.3170672999985982],9,10,118,5,1103.284237,,1103.26992,1103.284237,1104.284535,1104.284535,1104.284535,1104.601496,space,0.3159274,None,1104.60245,1105.301988,1105.634708,1105.602691,1105.603833,1105.634708,1105.634708,1105.634708,1106.952229,500,1,[1.3170540999999503],[1.3170672999985982],P1,1,2025-11-14_11h38.40.212,Intentional Binding PSY310 Bhumika Bajaj AU2320057,,2025.1.1,59.98778648,2025-11-14 13h03.41.428781 +0650
0.7,400,unexp,293,11,9,space,0.4594199,None,600,1,[1.7109615000081249],[1.7109754999983124],9,11,119,2,1106.968327,,1106.95249,1106.968327,1107.95177,1107.95177,1107.96873,1108.418585,space,0.4594199,None,1108.41959,1109.117734,1109.425916,1109.412306,1109.413049,1109.425916,1109.425916,1109.425916,1111.13738,600,1,[1.7109615000081249],[1.7109754999983124],P1,1,2025-11-14_11h38.40.213,Intentional Binding PSY310 Bhumika Bajaj AU2320057,,2025.1.1,59.98778648,2025-11-14 13h03.41.428781 +0651
0.4,1000,expected,294,0,10,space,0.3524086,None,400,1,[1.3267433000000892],[1.3267565999994986],10,0,120,10,1111.151484,,1111.137857,1111.151484,1112.151848,1112.151848,1112.151848,1112.519912,space,0.3524086,None,1112.521725,1112.935374,1113.258841,1113.230004,1113.23111,1113.258841,1113.258841,1113.258841,1114.586078,400,1,[1.3267433000000892],[1.3267565999994986],P1,1,2025-11-14_11h38.40.214,Intentional Binding PSY310 Bhumika Bajaj AU2320057,,2025.1.1,59.98778648,2025-11-14 13h03.41.428781 +0652
0.1,1000,expected,295,1,10,space,0.5979782,None,300,1,[1.624371500001871],[1.6243832999898586],10,1,121,9,1114.601328,,1114.586359,1114.601328,1115.585142,1115.585142,1115.601905,1116.185211,space,0.5979782,None,1116.186198,1116.284676,1116.612889,1116.582123,1116.583753,1116.612889,1116.612889,1116.612889,1118.237862,300,1,[1.624371500001871],[1.6243832999898586],P1,1,2025-11-14_11h38.40.215,Intentional Binding PSY310 Bhumika Bajaj AU2320057,,2025.1.1,59.98778648,2025-11-14 13h03.41.428781 +0653
0.7,1000,expected,296,2,10,space,0.3537955,None,200,1,[1.4415626999980304],[1.4415713000053074],10,2,122,5,1118.250739,,1118.238311,1118.250739,1119.251119,1119.251119,1119.251119,1119.619172,space,0.3537955,None,1119.62075,1120.318616,1120.626387,1120.61196,1120.612698,1120.626387,1120.626387,1120.626387,1122.068267,200,1,[1.4415626999980304],[1.4415713000053074],P1,1,2025-11-14_11h38.40.216,Intentional Binding PSY310 Bhumika Bajaj AU2320057,,2025.1.1,59.98778648,2025-11-14 13h03.41.428781 +0654
0.4,1000,expected,297,3,10,space,1.678536,None,400,1,[1.7556099999928847],[1.7556277999974554],10,3,123,4,1122.084154,,1122.068498,1122.084154,1123.068609,1123.068609,1123.08513,1124.753059,space,1.678536,None,1124.755202,1125.152499,1125.481782,1125.453912,1125.45501,1125.481782,1125.481782,1125.481782,1127.237967,400,1,[1.7556099999928847],[1.7556277999974554],P1,1,2025-11-14_11h38.40.217,Intentional Binding PSY310 Bhumika Bajaj AU2320057,,2025.1.1,59.98778648,2025-11-14 13h03.41.428781 +0655
0.4,1000,expected,298,4,10,space,0.448772,None,500,1,[1.0480039000103716],[1.0480152000091039],10,4,124,7,1127.25083,,1127.238375,1127.25083,1128.251447,1128.251447,1128.251447,1128.702804,space,0.448772,None,1128.70453,1129.117919,1129.438445,1129.422382,1129.423749,1129.438445,1129.438445,1129.438445,1130.486923,500,1,[1.0480039000103716],[1.0480152000091039],P1,1,2025-11-14_11h38.40.218,Intentional Binding PSY310 Bhumika Bajaj AU2320057,,2025.1.1,59.98778648,2025-11-14 13h03.41.428781 +0656
0.7,1000,expected,299,5,10,space,0.4197329,None,200,1,[1.2268011999985902],[1.2268137000064598],10,5,125,11,1130.500764,,1130.487232,1130.500764,1131.501643,1131.501643,1131.501643,1131.922099,space,0.4197329,None,1131.923504,1132.634748,1132.943054,1132.930873,1132.931489,1132.943054,1132.943054,1132.943054,1134.170641,200,1,[1.2268011999985902],[1.2268137000064598],P1,1,2025-11-14_11h38.40.219,Intentional Binding PSY310 Bhumika Bajaj AU2320057,,2025.1.1,59.98778648,2025-11-14 13h03.41.428781 +0657
0.7,1000,expected,300,6,10,space,7.4692367,None,400,1,[2.5923198999953456],[2.592333399996278],10,6,126,8,1134.183891,,1134.171141,1134.183891,1135.185079,1135.185079,1135.185079,1142.669576,space,7.4692367,None,1142.671344,1143.385153,1143.711042,1143.680509,1143.681694,1143.711042,1143.711042,1143.711042,1146.303876,400,1,[2.5923198999953456],[2.592333399996278],P1,1,2025-11-14_11h38.40.220,Intentional Binding PSY310 Bhumika Bajaj AU2320057,,2025.1.1,59.98778648,2025-11-14 13h03.41.428781 +0658
0.1,1000,expected,301,7,10,space,0.96399,None,300,1,[4.633200099997339],[4.633211199994548],10,7,127,3,1146.317824,,1146.304581,1146.317824,1147.317302,1147.317302,1147.317302,1148.285763,space,0.96399,None,1148.287686,1148.385632,1148.702482,1148.686759,1148.688517,1148.702482,1148.702482,1148.702482,1153.336114,300,1,[4.633200099997339],[4.633211199994548],P1,1,2025-11-14_11h38.40.221,Intentional Binding PSY310 Bhumika Bajaj AU2320057,,2025.1.1,59.98778648,2025-11-14 13h03.41.428781 +0659
0.1,400,unexp,302,8,10,space,3.3775497,None,200,1,[2.281650400007493],[2.281665200003772],10,8,128,0,1153.350855,,1153.33665,1153.350855,1154.352015,1154.352015,1154.352015,1157.736086,space,3.3775497,None,1157.738358,1157.851011,1158.169708,1158.151952,1158.152715,1158.169708,1158.169708,1158.169708,1160.452402,200,1,[2.281650400007493],[2.281665200003772],P1,1,2025-11-14_11h38.40.222,Intentional Binding PSY310 Bhumika Bajaj AU2320057,,2025.1.1,59.98778648,2025-11-14 13h03.41.428781 +0660
0.7,400,unexp,303,9,10,space,0.5323091,None,300,1,[2.10727589999442],[2.107291599997552],10,9,129,2,1160.467361,,1160.452667,1160.467361,1161.467309,1161.467309,1161.467309,1162.001847,space,0.5323091,None,1162.002818,1162.700964,1163.029715,1163.001458,1163.002605,1163.029715,1163.029715,1163.029715,1165.137661,300,1,[2.10727589999442],[2.107291599997552],P1,1,2025-11-14_11h38.40.223,Intentional Binding PSY310 Bhumika Bajaj AU2320057,,2025.1.1,59.98778648,2025-11-14 13h03.41.428781 +0661
0.1,1000,expected,304,10,10,space,2.0210353,None,100,1,[1.8402378000027966],[1.8402507999999216],10,10,130,6,1165.150305,,1165.138122,1165.150305,1166.151794,1166.151794,1166.151794,1168.187344,space,2.0210353,None,1168.189403,1168.301439,1168.628563,1168.600508,1168.601687,1168.628563,1168.628563,1168.628563,1170.469523,100,1,[1.8402378000027966],[1.8402507999999216],P1,1,2025-11-14_11h38.40.224,Intentional Binding PSY310 Bhumika Bajaj AU2320057,,2025.1.1,59.98778648,2025-11-14 13h03.41.428781 +0662
0.4,400,unexp,305,11,10,space,0.2735583,None,300,1,[1.6035215000010794],[1.603534200010472],10,11,131,1,1170.483822,,1170.46995,1170.483822,1171.485157,1171.485157,1171.485157,1171.76828,space,0.2735583,None,1171.7693,1172.167523,1172.499506,1172.471614,1172.472772,1172.499506,1172.499506,1172.499506,1174.103516,300,1,[1.6035215000010794],[1.603534200010472],P1,1,2025-11-14_11h38.40.225,Intentional Binding PSY310 Bhumika Bajaj AU2320057,,2025.1.1,59.98778648,2025-11-14 13h03.41.428781 +0663
0.1,1000,expected,306,0,11,space,1.0692401,None,400,1,[1.7724266000004718],[1.7724348999909125],11,0,132,9,1174.116921,,1174.103817,1174.116921,1175.117704,1175.117704,1175.117704,1176.201532,space,1.0692401,None,1176.202519,1176.301045,1176.611792,1176.598192,1176.599059,1176.611792,1176.611792,1176.611792,1178.384522,400,1,[1.7724266000004718],[1.7724348999909125],P1,1,2025-11-14_11h38.40.226,Intentional Binding PSY310 Bhumika Bajaj AU2320057,,2025.1.1,59.98778648,2025-11-14 13h03.41.428781 +0664
0.7,400,unexp,307,1,11,space,33.7719905,None,600,1,[1.4729468000005],[1.4729608000052394],11,1,133,2,1178.401113,,1178.385057,1178.401113,1179.384266,1179.384266,1179.401175,1213.168497,space,33.7719905,None,1213.170284,1213.868415,1214.196725,1214.171913,1214.173025,1214.196725,1214.196725,1214.196725,1215.670417,600,1,[1.4729468000005],[1.4729608000052394],P1,1,2025-11-14_11h38.40.227,Intentional Binding PSY310 Bhumika Bajaj AU2320057,,2025.1.1,59.98778648,2025-11-14 13h03.41.428781 +0665
0.1,400,unexp,308,2,11,space,10.313121,None,100,1,[1.9132907000021078],[1.9133081999898423],11,2,134,0,1215.683353,,1215.670849,1215.683353,1216.684292,1216.684292,1216.684292,1227.002111,space,10.313121,None,1227.003871,1227.116928,1227.437202,1227.411645,1227.412834,1227.437202,1227.437202,1227.437202,1229.351033,100,1,[1.9132907000021078],[1.9133081999898423],P1,1,2025-11-14_11h38.40.228,Intentional Binding PSY310 Bhumika Bajaj AU2320057,,2025.1.1,59.98778648,2025-11-14 13h03.41.428781 +0666
0.4,1000,expected,309,3,11,space,58.1860039,None,400,1,[1.1258473000052618],[1.1258650999952806],11,3,135,4,1229.367258,,1229.351471,1229.367258,1230.367272,1230.367272,1230.367272,1288.567938,space,58.1860039,None,1288.568968,1288.967131,1289.274456,1289.260428,1289.261209,1289.274456,1289.274456,1289.274456,1290.401413,400,1,[1.1258473000052618],[1.1258650999952806],P1,1,2025-11-14_11h38.40.229,Intentional Binding PSY310 Bhumika Bajaj AU2320057,,2025.1.1,59.98778648,2025-11-14 13h03.41.428781 +0667
0.4,1000,expected,310,4,11,space,0.3580435,None,500,1,[0.969733100006124],[0.9697464000055334],11,4,136,7,1290.415809,,1290.401995,1290.415809,1291.416791,1291.416791,1291.416791,1291.784561,space,0.3580435,None,1291.785548,1292.19986,1292.530438,1292.500778,1292.501984,1292.530438,1292.530438,1292.530438,1293.500625,500,1,[0.969733100006124],[0.9697464000055334],P1,1,2025-11-14_11h38.40.230,Intentional Binding PSY310 Bhumika Bajaj AU2320057,,2025.1.1,59.98778648,2025-11-14 13h03.41.428781 +0668
0.4,400,unexp,311,5,11,space,0.5153712,None,600,1,[2.303431799999089],[2.3034453000000212],11,5,137,1,1293.516979,,1293.500923,1293.516979,1294.516991,1294.516991,1294.516991,1295.034427,space,0.5153712,None,1295.036063,1295.450273,1295.780246,1295.749871,1295.75104,1295.780246,1295.780246,1295.780246,1298.084292,600,1,[2.303431799999089],[2.3034453000000212],P1,1,2025-11-14_11h38.40.231,Intentional Binding PSY310 Bhumika Bajaj AU2320057,,2025.1.1,59.98778648,2025-11-14 13h03.41.428781 +0669
0.1,1000,expected,312,6,11,space,0.3959795,None,300,1,[1.6842846999934409],[1.6843047000002116],11,6,138,3,1298.099196,,1298.084628,1298.099196,1299.099356,1299.099356,1299.099356,1299.500986,space,0.3959795,None,1299.501953,1299.616422,1299.932819,1299.918728,1299.919445,1299.932819,1299.932819,1299.932819,1301.617687,300,1,[1.6842846999934409],[1.6843047000002116],P1,1,2025-11-14_11h38.40.232,Intentional Binding PSY310 Bhumika Bajaj AU2320057,,2025.1.1,59.98778648,2025-11-14 13h03.41.428781 +0670
0.4,1000,expected,313,7,11,space,2.4265578,None,400,1,[11.408219899996766],[11.408234800008358],11,7,139,10,1301.633586,,1301.618155,1301.633586,1302.632473,1302.632473,1302.632473,1305.068527,space,2.4265578,None,1305.070288,1305.483227,1305.810079,1305.779656,1305.781276,1305.810079,1305.810079,1305.810079,1317.21889,400,1,[11.408219899996766],[11.408234800008358],P1,1,2025-11-14_11h38.40.233,Intentional Binding PSY310 Bhumika Bajaj AU2320057,,2025.1.1,59.98778648,2025-11-14 13h03.41.428781 +0671
0.7,1000,expected,314,8,11,space,2.7076774,None,100,1,[6.504822099988814],[6.504831999991438],11,8,140,8,1317.232497,,1317.219379,1317.232497,1318.233827,1318.233827,1318.233827,1320.950675,space,2.7076774,None,1320.951663,1321.666257,1321.978406,1321.964056,1321.964818,1321.978406,1321.978406,1321.978406,1328.483618,100,1,[6.504822099988814],[6.504831999991438],P1,1,2025-11-14_11h38.40.234,Intentional Binding PSY310 Bhumika Bajaj AU2320057,,2025.1.1,59.98778648,2025-11-14 13h03.41.428781 +0672
0.1,1000,expected,315,9,11,space,51.6658598,None,700,1,[5.093906200010679],[5.093922800006112],11,9,141,6,1328.499125,,1328.483913,1328.499125,1329.4827,1329.4827,1329.499472,1381.150836,space,51.6658598,None,1381.153286,1381.266437,1381.590318,1381.561585,1381.562694,1381.590318,1381.590318,1381.590318,1386.686639,700,1,[5.093906200010679],[5.093922800006112],P1,1,2025-11-14_11h38.40.235,Intentional Binding PSY310 Bhumika Bajaj AU2320057,,2025.1.1,59.98778648,2025-11-14 13h03.41.428781 +0673
0.7,1000,expected,316,10,11,space,2.3506128,None,798,1,[5.23312239999359],[5.233137599992915],11,10,142,5,1386.698329,,1386.687279,1386.698329,1387.698655,1387.698655,1387.698655,1390.05005,space,2.3506128,None,1390.05102,1390.749239,1391.065798,1391.052113,1391.052879,1391.065798,1391.065798,1391.065798,1396.29946,798,1,[5.23312239999359],[5.233137599992915],P1,1,2025-11-14_11h38.40.236,Intentional Binding PSY310 Bhumika Bajaj AU2320057,,2025.1.1,59.98778648,2025-11-14 13h03.41.428781 +0674
0.7,1000,expected,317,11,11,space,0.7157336,None,123,1,[3.0518200999940746],[3.0518326999881538],11,11,143,11,1396.316008,,1396.299851,1396.316008,1397.298697,1397.298697,1397.315685,1398.015732,space,0.7157336,None,1398.016868,1398.716432,1399.048159,1399.020136,1399.021239,1399.048159,1399.048159,1399.048159,1402.100477,123,1,[3.0518200999940746],[3.0518326999881538],P1,1,2025-11-14_11h38.40.237,Intentional Binding PSY310 Bhumika Bajaj AU2320057,,2025.1.1,59.98778648,2025-11-14 13h03.41.428781 +0675
0.1,400,unexp,318,0,12,space,0.0952964,None,134,1,[3.459028999990551],[3.4590419000014663],12,0,144,0,1402.114793,,1402.100864,1402.114793,1403.114822,1403.114822,1403.114822,1403.215599,space,0.0952964,None,1403.216641,1403.314678,1403.624447,1403.613977,1403.614559,1403.624447,1403.624447,1403.624447,1407.08386,134,1,[3.459028999990551],[3.4590419000014663],P1,1,2025-11-14_11h38.40.238,Intentional Binding PSY310 Bhumika Bajaj AU2320057,,2025.1.1,59.98778648,2025-11-14 13h03.41.428781 +0676
0.1,1000,expected,319,1,12,space,1.3244416,None,345,1,[3.4373798000015086],[3.437394399996265],12,1,145,3,1407.097964,,1407.08426,1407.097964,1408.098855,1408.098855,1408.098855,1409.433548,space,1.3244416,None,1409.434545,1409.532855,1409.845256,1409.830835,1409.831572,1409.845256,1409.845256,1409.845256,1413.283049,345,1,[3.4373798000015086],[3.437394399996265],P1,1,2025-11-14_11h38.40.239,Intentional Binding PSY310 Bhumika Bajaj AU2320057,,2025.1.1,59.98778648,2025-11-14 13h03.41.428781 +0677
0.7,1000,expected,320,2,12,space,2.8497369,None,986,1,[3.6349970000010217],[3.635016200001701],12,2,146,11,1413.298466,,1413.283335,1413.298466,1414.299247,1414.299247,1414.299247,1417.149855,space,2.8497369,None,1417.150818,1417.849167,1418.163836,1418.150258,1418.151011,1418.163836,1418.163836,1418.163836,1421.799461,986,1,[3.6349970000010217],[3.635016200001701],P1,1,2025-11-14_11h38.40.240,Intentional Binding PSY310 Bhumika Bajaj AU2320057,,2025.1.1,59.98778648,2025-11-14 13h03.41.428781 +0678
0.4,1000,expected,321,3,12,space,0.5464133,None,675,1,[4.843947100001969],[4.843958900004509],12,3,147,7,1421.814764,,1421.799974,1421.814764,1422.814633,1422.814633,1422.814633,1423.365005,space,0.5464133,None,1423.365976,1423.765833,1424.075679,1424.061726,1424.062452,1424.075679,1424.075679,1424.075679,1428.920113,675,1,[4.843947100001969],[4.843958900004509],P1,1,2025-11-14_11h38.40.241,Intentional Binding PSY310 Bhumika Bajaj AU2320057,,2025.1.1,59.98778648,2025-11-14 13h03.41.428781 +0679
0.4,1000,expected,322,4,12,space,5.5908849,None,135,1,[6.103586900004302],[6.10360010000295],12,4,148,10,1428.931193,,1428.920446,1428.931193,1429.932769,1429.932769,1429.932769,1435.533161,space,5.5908849,None,1435.534124,1435.948917,1436.26413,1436.250407,1436.251142,1436.26413,1436.26413,1436.26413,1442.3682,135,1,[6.103586900004302],[6.10360010000295],P1,1,2025-11-14_11h38.40.242,Intentional Binding PSY310 Bhumika Bajaj AU2320057,,2025.1.1,59.98778648,2025-11-14 13h03.41.428781 +0680
0.4,400,unexp,323,5,12,space,0.543231,None,987,1,[3.631980799997109],[3.631995599993388],12,5,149,1,1442.381538,,1442.368539,1442.381538,1443.382224,1443.382224,1443.382224,1443.933082,space,0.543231,None,1443.93494,1444.332774,1444.649702,1444.631182,1444.632102,1444.649702,1444.649702,1444.649702,1448.282218,987,1,[3.631980799997109],[3.631995599993388],P1,1,2025-11-14_11h38.40.243,Intentional Binding PSY310 Bhumika Bajaj AU2320057,,2025.1.1,59.98778648,2025-11-14 13h03.41.428781 +0681
0.7,400,unexp,324,6,12,space,0.3594629,None,756,1,[4.092488299997058],[4.092501599996467],12,6,150,2,1448.298713,,1448.282677,1448.298713,1449.297921,1449.297921,1449.297921,1449.665753,space,0.3594629,None,1449.666841,1450.365676,1450.675354,1450.660889,1450.661735,1450.675354,1450.675354,1450.675354,1454.768364,756,1,[4.092488299997058],[4.092501599996467],P1,1,2025-11-14_11h38.40.244,Intentional Binding PSY310 Bhumika Bajaj AU2320057,,2025.1.1,59.98778648,2025-11-14 13h03.41.428781 +0682
0.1,1000,expected,325,7,12,space,2.0871464,None,907,1,[4.30405150000297],[4.304059899994172],12,7,151,6,1454.782068,,1454.768771,1454.782068,1455.7811,1455.7811,1455.7811,1457.883359,space,2.0871464,None,1457.885125,1457.99834,1458.32792,1458.299424,1458.300593,1458.32792,1458.32792,1458.32792,1462.632502,907,1,[4.30405150000297],[4.304059899994172],P1,1,2025-11-14_11h38.40.245,Intentional Binding PSY310 Bhumika Bajaj AU2320057,,2025.1.1,59.98778648,2025-11-14 13h03.41.428781 +0683
0.7,1000,expected,326,8,12,space,1.977508,None,456,1,[4.940476100004162],[4.940486699997564],12,8,152,5,1462.647587,,1462.632763,1462.647587,1463.631784,1463.631784,1463.647731,1465.616485,space,1.977508,None,1465.618508,1466.33218,1466.657171,1466.629101,1466.630716,1466.657171,1466.657171,1466.657171,1471.598101,456,1,[4.940476100004162],[4.940486699997564],P1,1,2025-11-14_11h38.40.246,Intentional Binding PSY310 Bhumika Bajaj AU2320057,,2025.1.1,59.98778648,2025-11-14 13h03.41.428781 +0684
0.1,1000,expected,327,9,12,space,0.0610963,None,567,1,[3.1617601000034483],[3.1617679000046337],12,9,153,9,1471.615248,,1471.598417,1471.615248,1472.598475,1472.598475,1472.615368,1472.666867,space,0.0610963,None,1472.66793,1472.781742,1473.102652,1473.078056,1473.079948,1473.102652,1473.102652,1473.102652,1476.264792,567,1,[3.1617601000034483],[3.1617679000046337],P1,1,2025-11-14_11h38.40.247,Intentional Binding PSY310 Bhumika Bajaj AU2320057,,2025.1.1,59.98778648,2025-11-14 13h03.41.428781 +0685
0.4,1000,expected,328,10,12,space,0.3445544,None,345,1,[2.9825408999895444],[2.98255600000266],12,10,154,4,1476.281103,,1476.26506,1476.281103,1477.265075,1477.265075,1477.282077,1477.615615,space,0.3445544,None,1477.616543,1478.015486,1478.335063,1478.313098,1478.314299,1478.335063,1478.335063,1478.335063,1481.318204,345,1,[2.9825408999895444],[2.98255600000266],P1,1,2025-11-14_11h38.40.248,Intentional Binding PSY310 Bhumika Bajaj AU2320057,,2025.1.1,59.98778648,2025-11-14 13h03.41.428781 +0686
0.7,1000,expected,329,11,12,space,0.3531548,None,567,1,[2.9646103999984916],[2.964629900001455],12,11,155,8,1481.331245,,1481.318673,1481.331245,1482.331991,1482.331991,1482.331991,1482.69918,space,0.3531548,None,1482.700946,1483.39861,1483.734161,1483.702728,1483.704002,1483.734161,1483.734161,1483.734161,1486.699211,567,1,[2.9646103999984916],[2.964629900001455],P1,1,2025-11-14_11h38.40.249,Intentional Binding PSY310 Bhumika Bajaj AU2320057,,2025.1.1,59.98778648,2025-11-14 13h03.41.428781 +0687
0.4,1000,expected,330,0,13,space,0.2179671,None,324,1,[2.452960400012671],[2.4529706000030274],13,0,156,10,1486.713831,,1486.699495,1486.713831,1487.698366,1487.698366,1487.714819,1487.931135,space,0.2179671,None,1487.93209,1488.331444,1488.646026,1488.631749,1488.632546,1488.646026,1488.646026,1488.646026,1491.099321,324,1,[2.452960400012671],[2.4529706000030274],P1,1,2025-11-14_11h38.40.250,Intentional Binding PSY310 Bhumika Bajaj AU2320057,,2025.1.1,59.98778648,2025-11-14 13h03.41.428781 +0688
0.1,400,unexp,331,1,13,space,2.4946584,None,987,1,[3.288279100001091],[3.2882907000021078],13,1,157,0,1491.114401,,1491.099632,1491.114401,1492.114942,1492.114942,1492.114942,1494.615973,space,2.4946584,None,1494.617069,1494.731176,1495.061881,1495.032199,1495.033299,1495.061881,1495.061881,1495.061881,1498.350623,987,1,[3.288279100001091],[3.2882907000021078],P1,1,2025-11-14_11h38.40.251,Intentional Binding PSY310 Bhumika Bajaj AU2320057,,2025.1.1,59.98778648,2025-11-14 13h03.41.428781 +0689
0.4,1000,expected,332,2,13,space,1.8408721,None,456,1,[4.239793200002168],[4.239809499995317],13,2,158,7,1498.364617,,1498.350936,1498.364617,1499.365677,1499.365677,1499.365677,1501.21638,space,1.8408721,None,1501.218486,1501.631285,1501.958054,1501.928974,1501.930249,1501.958054,1501.958054,1501.958054,1506.198619,456,1,[4.239793200002168],[4.239809499995317],P1,1,2025-11-14_11h38.40.252,Intentional Binding PSY310 Bhumika Bajaj AU2320057,,2025.1.1,59.98778648,2025-11-14 13h03.41.428781 +0690
0.7,1000,expected,333,3,13,space,0.166861,None,354,1,[5.709373399993638],[5.70938839999144],13,3,159,11,1506.215174,,1506.199257,1506.215174,1507.21486,1507.21486,1507.231568,1507.382353,space,0.166861,None,1507.38338,1508.081898,1508.422058,1508.383381,1508.38587,1508.422058,1508.422058,1508.422058,1514.132013,354,1,[5.709373399993638],[5.70938839999144],P1,1,2025-11-14_11h38.40.253,Intentional Binding PSY310 Bhumika Bajaj AU2320057,,2025.1.1,59.98778648,2025-11-14 13h03.41.428781 +0691
0.7,1000,expected,334,4,13,space,0.7015885,None,678,1,[3.541615800000727],[3.541626799997175],13,4,160,5,1514.148554,,1514.13252,1514.148554,1515.131859,1515.131859,1515.148232,1515.848352,space,0.7015885,None,1515.849332,1516.56375,1516.872712,1516.858697,1516.859399,1516.872712,1516.872712,1516.872712,1520.414745,678,1,[3.541615800000727],[3.541626799997175],P1,1,2025-11-14_11h38.40.254,Intentional Binding PSY310 Bhumika Bajaj AU2320057,,2025.1.1,59.98778648,2025-11-14 13h03.41.428781 +0692
0.4,1000,expected,335,5,13,space,0.3886049,None,324,1,[3.4669936999998754],[3.4670095999899786],13,5,161,4,1520.430795,,1520.415122,1520.430795,1521.414924,1521.414924,1521.431806,1521.815958,space,0.3886049,None,1521.81713,1522.230799,1522.547193,1522.532895,1522.533672,1522.547193,1522.547193,1522.547193,1526.014713,324,1,[3.4669936999998754],[3.4670095999899786],P1,1,2025-11-14_11h38.40.255,Intentional Binding PSY310 Bhumika Bajaj AU2320057,,2025.1.1,59.98778648,2025-11-14 13h03.41.428781 +0693
0.4,400,unexp,336,6,13,space,0.2609925,None,321,1,[2.0709076000057394],[2.070919200006756],13,6,162,1,1526.030701,,1526.015139,1526.030701,1527.014379,1527.014379,1527.03123,1527.282028,space,0.2609925,None,1527.283018,1527.681253,1528.009792,1527.98111,1527.982341,1528.009792,1528.009792,1528.009792,1530.081057,321,1,[2.0709076000057394],[2.070919200006756],P1,1,2025-11-14_11h38.40.256,Intentional Binding PSY310 Bhumika Bajaj AU2320057,,2025.1.1,59.98778648,2025-11-14 13h03.41.428781 +0694
0.7,1000,expected,337,7,13,space,0.0666264,None,324,1,[3.3214128999970853],[3.321429099989473],13,7,163,8,1530.097195,,1530.081294,1530.097195,1531.081519,1531.081519,1531.097473,1531.165614,space,0.0666264,None,1531.167616,1531.881343,1532.210224,1532.183171,1532.184315,1532.210224,1532.210224,1532.210224,1535.532256,324,1,[3.3214128999970853],[3.321429099989473],P1,1,2025-11-14_11h38.40.257,Intentional Binding PSY310 Bhumika Bajaj AU2320057,,2025.1.1,59.98778648,2025-11-14 13h03.41.428781 +0695
0.1,1000,expected,338,8,13,space,0.1075459,None,984,1,[2.4724093999975594],[2.4724231000000145],13,8,164,6,1535.547203,,1535.532839,1535.547203,1536.547336,1536.547336,1536.547336,1536.665661,space,0.1075459,None,1536.666806,1536.7812,1537.093716,1537.080902,1537.081659,1537.093716,1537.093716,1537.093716,1539.56675,984,1,[2.4724093999975594],[2.4724231000000145],P1,1,2025-11-14_11h38.40.258,Intentional Binding PSY310 Bhumika Bajaj AU2320057,,2025.1.1,59.98778648,2025-11-14 13h03.41.428781 +0696
0.7,400,unexp,339,9,13,space,0.0380345,None,567,1,[2.962628399996902],[2.962639699995634],13,9,165,2,1539.5801,,1539.567191,1539.5801,1540.580853,1540.580853,1540.580853,1540.631078,space,0.0380345,None,1540.632023,1541.331841,1541.668975,1541.630201,1541.631324,1541.668975,1541.668975,1541.668975,1544.632128,567,1,[2.962628399996902],[2.962639699995634],P1,1,2025-11-14_11h38.40.259,Intentional Binding PSY310 Bhumika Bajaj AU2320057,,2025.1.1,59.98778648,2025-11-14 13h03.41.428781 +0697
0.1,1000,expected,340,10,13,space,0.3611459,None,435,1,[2.8058408999932],[2.8058481000043685],13,10,166,9,1544.646842,,1544.632525,1544.646842,1545.646986,1545.646986,1545.646986,1546.016555,space,0.3611459,None,1546.017635,1546.130603,1546.457914,1546.427889,1546.429816,1546.457914,1546.457914,1546.457914,1549.264392,435,1,[2.8058408999932],[2.8058481000043685],P1,1,2025-11-14_11h38.40.260,Intentional Binding PSY310 Bhumika Bajaj AU2320057,,2025.1.1,59.98778648,2025-11-14 13h03.41.428781 +0698
0.1,1000,expected,341,11,13,space,0.6787145,None,987,1,[7.811744000006001],[7.811760500000673],13,11,167,3,1549.280195,,1549.264691,1549.280195,1550.26457,1550.26457,1550.281552,1550.948506,space,0.6787145,None,1550.949491,1551.064212,1551.385765,1551.359265,1551.360392,1551.385765,1551.385765,1551.385765,1559.198094,987,1,[7.811744000006001],[7.811760500000673],P1,1,2025-11-14_11h38.40.261,Intentional Binding PSY310 Bhumika Bajaj AU2320057,,2025.1.1,59.98778648,2025-11-14 13h03.41.428781 +0699
0.7,1000,expected,342,0,14,space,3.4957612,None,452,1,[6.443134999994072],[6.4431482999934815],14,0,168,11,1559.214208,,1559.198574,1559.214208,1560.197498,1560.197498,1560.214339,1563.699211,space,3.4957612,None,1563.701199,1564.414587,1564.739733,1564.711218,1564.712922,1564.739733,1564.739733,1564.739733,1571.183366,452,1,[6.443134999994072],[6.4431482999934815],P1,1,2025-11-14_11h38.40.262,Intentional Binding PSY310 Bhumika Bajaj AU2320057,,2025.1.1,59.98778648,2025-11-14 13h03.41.428781 +0700
0.1,1000,expected,343,1,14,space,0.0346922,None,875,1,[4.558238199999323],[4.558250400004908],14,1,169,6,1571.196518,,1571.184012,1571.196518,1572.19761,1572.19761,1572.19761,1572.248506,space,0.0346922,None,1572.249492,1572.364346,1572.691553,1572.661895,1572.66332,1572.691553,1572.691553,1572.691553,1577.250345,875,1,[4.558238199999323],[4.558250400004908],P1,1,2025-11-14_11h38.40.263,Intentional Binding PSY310 Bhumika Bajaj AU2320057,,2025.1.1,59.98778648,2025-11-14 13h03.41.428781 +0701
0.7,1000,expected,344,2,14,space,0.3091124,None,562,1,[2.858175700006541],[2.8581851000053575],14,2,170,8,1577.264029,,1577.250683,1577.264029,1578.264251,1578.264251,1578.264251,1578.581186,space,0.3091124,None,1578.582156,1579.280764,1579.607908,1579.580651,1579.581808,1579.607908,1579.607908,1579.607908,1582.466509,562,1,[2.858175700006541],[2.8581851000053575],P1,1,2025-11-14_11h38.40.264,Intentional Binding PSY310 Bhumika Bajaj AU2320057,,2025.1.1,59.98778648,2025-11-14 13h03.41.428781 +0702
0.7,400,unexp,345,3,14,space,0.6116858,None,342,1,[4.313054700003704],[4.313065299997106],14,3,171,2,1582.480471,,1582.466795,1582.480471,1583.480116,1583.480116,1583.480116,1584.098918,space,0.6116858,None,1584.101063,1584.814323,1585.136722,1585.110257,1585.111521,1585.136722,1585.136722,1585.136722,1589.45017,342,1,[4.313054700003704],[4.313065299997106],P1,1,2025-11-14_11h38.40.265,Intentional Binding PSY310 Bhumika Bajaj AU2320057,,2025.1.1,59.98778648,2025-11-14 13h03.41.428781 +0703
0.4,400,unexp,346,4,14,space,0.3422686,None,98,1,[4.725733300001593],[4.725750600002357],14,4,172,1,1589.463593,,1589.450497,1589.463593,1590.464129,1590.464129,1590.464129,1590.814993,space,0.3422686,None,1590.816009,1591.214389,1591.538244,1591.511534,1591.512743,1591.538244,1591.538244,1591.538244,1596.264606,98,1,[4.725733300001593],[4.725750600002357],P1,1,2025-11-14_11h38.40.266,Intentional Binding PSY310 Bhumika Bajaj AU2320058,,,59.98778648,2025-11-14 13h03.41.428781 +0704
0.4,1000,expected,347,5,14,space,0.4382422,None,657,1,[3.0731282999913674],[3.073137699990184],14,5,173,4,1596.280519,,1596.265129,1596.280519,1597.279729,1597.279729,1597.279729,1597.730427,space,0.4382422,None,1597.731451,1598.130429,1598.440987,1598.42809,1598.428861,1598.440987,1598.440987,1598.440987,1601.514406,657,1,[3.0731282999913674],[3.073137699990184],P1,1,2025-11-14_11h38.40.267,Intentional Binding PSY310 Bhumika Bajaj AU2320059,,,59.98778648,2025-11-14 13h03.41.428781 +0705
0.1,1000,expected,348,6,14,space,0.379476,None,676,1,[4.501867400002084],[4.501877299990156],14,6,174,9,1601.530176,,1601.514734,1601.530176,1602.514115,1602.514115,1602.53089,1602.898501,space,0.379476,None,1602.899473,1602.99773,1603.313546,1603.300145,1603.300771,1603.313546,1603.313546,1603.313546,1607.815732,676,1,[4.501867400002084],[4.501877299990156],,1,2025-11-14_11h38.40.268,Intentional Binding PSY310 Bhumika Bajaj AU2320060,,,59.98778648,2025-11-14 13h03.41.428781 +0706
0.7,1000,expected,349,7,14,space,0.3905358,None,564,1,[2.7076130000059493],[2.7076250000100117],14,7,175,5,1607.829587,,1607.816082,1607.829587,1608.830877,1608.830877,1608.830877,1609.231814,space,0.3905358,None,1609.233606,1609.93095,1610.258145,1610.232243,1610.233586,1610.258145,1610.258145,1610.258145,1612.966217,564,1,[2.7076130000059493],[2.7076250000100117],,1,2025-11-14_11h38.40.269,Intentional Binding PSY310 Bhumika Bajaj AU2320061,,,59.98778648,2025-11-14 13h03.41.428781 +0707
0.4,1000,expected,350,8,14,space,1.4937033,None,675,1,[2.5950905999925453],[2.5951066999987233],14,8,176,7,1612.979685,,1612.966532,1612.979685,1613.980599,1613.980599,1613.980599,1615.481338,space,1.4937033,None,1615.482353,1615.880524,1616.204977,1616.179033,1616.180639,1616.204977,1616.204977,1616.204977,1618.800646,675,1,[2.5950905999925453],[2.5951066999987233],,1,2025-11-14_11h38.40.270,Intentional Binding PSY310 Bhumika Bajaj AU2320062,,,59.98778648,2025-11-14 13h03.41.428781 +0708
0.1,1000,expected,351,9,14,space,0.0140638,None,465,1,[2.647950000013225],[2.6479609000089113],14,9,177,3,1618.812783,,1618.801081,1618.812783,1619.813943,1619.813943,1619.813943,1619.831362,space,0.0140638,None,1619.833127,1619.9466,1620.265191,1620.238039,1620.23919,1620.265191,1620.265191,1620.265191,1622.91359,465,1,[2.647950000013225],[2.6479609000089113],,1,2025-11-14_11h38.40.271,Intentional Binding PSY310 Bhumika Bajaj AU2320063,,,59.98778648,2025-11-14 13h03.41.428781 +0709
0.4,1000,expected,352,10,14,space,0.2740481,None,956,1,[2.9663613000011537],[2.966391099995235],14,10,178,10,1622.929577,,1622.914002,1622.929577,1623.913962,1623.913962,1623.929948,1624.198109,space,0.2740481,None,1624.199103,1624.613635,1624.938576,1624.911169,1624.912347,1624.938576,1624.938576,1624.938576,1627.905812,956,1,[2.9663613000011537],[2.966391099995235],,1,2025-11-14_11h38.40.272,Intentional Binding PSY310 Bhumika Bajaj AU2320064,,,59.98778648,2025-11-14 13h03.41.428781 +0710
0.1,400,unexp,353,11,14,space,0.0159667,None,546,1,[3.720689699999639],[3.720700299993041],14,11,179,0,1627.912573,,1627.906313,1627.912573,1628.914104,1628.914104,1628.914104,1628.930915,space,0.0159667,None,1628.931898,1629.030267,1629.342674,1629.32935,1629.330085,1629.342674,1629.342674,1629.342674,1633.063781,546,1,[3.720689699999639],[3.720700299993041],,1,2025-11-14_11h38.40.273,Intentional Binding PSY310 Bhumika Bajaj AU2320065,,,59.98778648,2025-11-14 13h03.41.428781 +0711
0.1,1000,expected,354,0,15,space,0.3644296,None,376,1,[4.770751400006702],[4.77076460000535],15,0,180,9,1633.079373,,1633.064154,1633.079373,1634.063352,1634.063352,1634.080195,1634.430895,space,0.3644296,None,1634.431912,1634.530501,1634.861459,1634.834172,1634.835336,1634.861459,1634.861459,1634.861459,1639.632676,376,1,[4.770751400006702],[4.77076460000535],,1,2025-11-14_11h38.40.274,Intentional Binding PSY310 Bhumika Bajaj AU2320066,,,59.98778648,2025-11-14 13h03.41.428781 +0712
0.7,1000,expected,355,1,15,space,1.847527,None,54,1,[4.637152700001025],[4.637177299999166],15,1,181,8,1639.646135,,1639.633068,1639.646135,1640.646919,1640.646919,1640.646919,1642.497657,space,1.847527,None,1642.498523,1643.21328,1643.530023,1643.512168,1643.513074,1643.530023,1643.530023,1643.530023,1648.168342,54,1,[4.637152700001025],[4.637177299999166],,1,2025-11-14_11h38.40.275,Intentional Binding PSY310 Bhumika Bajaj AU2320067,,,59.98778648,2025-11-14 13h03.41.428781 +0713
0.1,1000,expected,356,2,15,space,0.6942988,None,24,1,[2.870143799998914],[2.8701538000022992],15,2,182,6,1648.181856,,1648.168882,1648.181856,1649.179762,1649.179762,1649.196457,1649.880385,space,0.6942988,None,1649.881348,1649.980402,1650.293569,1650.279913,1650.280656,1650.293569,1650.293569,1650.293569,1653.16411,24,1,[2.870143799998914],[2.8701538000022992],,1,2025-11-14_11h38.40.276,Intentional Binding PSY310 Bhumika Bajaj AU2320068,,,59.98778648,2025-11-14 13h03.41.428781 +0714
0.4,400,unexp,357,3,15,space,0.3239732,None,35,1,[1.5102456999884453],[1.5102574999909848],15,3,183,1,1653.1794,,1653.164415,1653.1794,1654.17973,1654.17973,1654.17973,1654.513245,space,0.3239732,None,1654.514143,1654.913816,1655.238043,1655.208091,1655.209252,1655.238043,1655.238043,1655.238043,1656.74872,35,1,[1.5102456999884453],[1.5102574999909848],,1,2025-11-14_11h38.40.277,Intentional Binding PSY310 Bhumika Bajaj AU2320069,,,59.98778648,2025-11-14 13h03.41.428781 +0715
0.1,400,unexp,358,4,15,space,0.3089295,None,56,1,[2.6443181000067852],[2.644326900001033],15,4,184,0,1656.763227,,1656.749027,1656.763227,1657.762698,1657.762698,1657.762698,1658.081228,space,0.3089295,None,1658.083077,1658.196567,1658.518121,1658.493688,1658.495054,1658.518121,1658.518121,1658.518121,1661.163335,56,1,[2.6443181000067852],[2.644326900001033],,1,2025-11-14_11h38.40.278,Intentional Binding PSY310 Bhumika Bajaj AU2320070,,,59.98778648,2025-11-14 13h03.41.428781 +0716
0.7,1000,expected,359,5,15,space,0.5884469,None,78,1,[2.4169200000033015],[2.416937500005588],15,5,185,5,1661.180052,,1661.163599,1661.180052,1662.1636,1662.1636,1662.179759,1662.764495,space,0.5884469,None,1662.766418,1663.463738,1663.79623,1663.761573,1663.762705,1663.79623,1663.79623,1663.79623,1666.213712,78,1,[2.4169200000033015],[2.416937500005588],,1,2025-11-14_11h38.40.279,Intentional Binding PSY310 Bhumika Bajaj AU2320071,,,59.98778648,2025-11-14 13h03.41.428781 +0717
0.1,1000,expected,360,6,15,space,0.3284412,None,65,1,[1.7247631999925943],[1.7247743000043556],15,6,186,3,1666.229226,,1666.214185,1666.229226,1667.213133,1667.213133,1667.229798,1667.548452,space,0.3284412,None,1667.550223,1667.663236,1667.988421,1667.961014,1667.962251,1667.988421,1667.988421,1667.988421,1669.713556,65,1,[1.7247631999925943],[1.7247743000043556],,1,2025-11-14_11h38.40.280,Intentional Binding PSY310 Bhumika Bajaj AU2320072,,,59.98778648,2025-11-14 13h03.41.428781 +0718
0.7,1000,expected,361,7,15,space,0.1651376,None,52,1,[2.138609500005259],[2.138626200001454],15,7,187,11,1669.729643,,1669.713848,1669.729643,1670.712318,1670.712318,1670.729432,1670.880188,space,0.1651376,None,1670.881135,1671.580119,1671.910251,1671.879363,1671.88054,1671.910251,1671.910251,1671.910251,1674.049625,52,1,[2.138609500005259],[2.138626200001454],,1,2025-11-14_11h38.40.281,Intentional Binding PSY310 Bhumika Bajaj AU2320073,,,59.98778648,2025-11-14 13h03.41.428781 +0719
0.4,1000,expected,362,8,15,space,0.287056,None,45,1,[2.6437231000018073],[2.6437376999965636],15,8,188,10,1674.062646,,1674.050105,1674.062646,1675.063342,1675.063342,1675.063342,1675.363203,space,0.287056,None,1675.364236,1675.764191,1676.0879,1676.061184,1676.062967,1676.0879,1676.0879,1676.0879,1678.732179,45,1,[2.6437231000018073],[2.6437376999965636],,1,2025-11-14_11h38.40.282,Intentional Binding PSY310 Bhumika Bajaj AU2320074,,,59.98778648,2025-11-14 13h03.41.428781 +0720
0.4,1000,expected,363,9,15,space,0.7101421,None,23,1,[3.2047796999977436],[3.204788200004259],15,9,189,7,1678.746419,,1678.732539,1678.746419,1679.747003,1679.747003,1679.747003,1680.46428,space,0.7101421,None,1680.465257,1680.879816,1681.208722,1681.179061,1681.180474,1681.208722,1681.208722,1681.208722,1684.413898,23,1,[3.2047796999977436],[3.204788200004259],,1,2025-11-14_11h38.40.283,Intentional Binding PSY310 Bhumika Bajaj AU2320075,,,59.98778648,2025-11-14 13h03.41.428781 +0721
0.4,1000,expected,364,10,15,space,2.3305125,None,21,1,[1.9339979000069434],[1.9340089000033913],15,10,190,4,1684.429132,,1684.414228,1684.429132,1685.413269,1685.413269,1685.429831,1687.748534,space,2.3305125,None,1687.750363,1688.163936,1688.497067,1688.464345,1688.465548,1688.497067,1688.497067,1688.497067,1690.431688,21,1,[1.9339979000069434],[1.9340089000033913],,1,2025-11-14_11h38.40.284,Intentional Binding PSY310 Bhumika Bajaj AU2320076,,,59.98778648,2025-11-14 13h03.41.428781 +0722
0.7,400,unexp,365,11,15,space,0.7530124,None,34,1,[2.0680876999977045],[2.0681056000030367],15,11,191,2,1690.445906,,1690.432,1690.445906,1691.446604,1691.446604,1691.446604,1692.214221,space,0.7530124,None,1692.216016,1692.929955,1693.261467,1693.231143,1693.233201,1693.261467,1693.261467,1693.261467,1695.33017,34,1,[2.0680876999977045],[2.0681056000030367],,1,2025-11-14_11h38.40.285,Intentional Binding PSY310 Bhumika Bajaj AU2320077,,,59.98778648,2025-11-14 13h03.41.428781 +0723
0.1,1000,expected,366,0,16,space,1.0211139,None,2,1,[5.340626599994721],[5.340637700006482],16,0,192,6,1695.346713,,1695.330681,1695.346713,1696.329345,1696.329345,1696.346566,1697.364268,space,1.0211139,None,1697.365931,1697.479551,1697.808541,1697.780573,1697.781733,1697.808541,1697.808541,1697.808541,1703.149667,2,1,[5.340626599994721],[5.340637700006482],,1,2025-11-14_11h38.40.286,Intentional Binding PSY310 Bhumika Bajaj AU2320078,,,59.98778648,2025-11-14 13h03.41.428781 +0724
0.4,1000,expected,367,1,16,space,1.5226788,None,4,1,[2.726262100011809],[2.7262733000097796],16,1,193,4,1703.162095,,1703.15022,1703.162095,1704.162029,1704.162029,1704.162029,1705.698741,space,1.5226788,None,1705.700998,1706.11288,1706.438373,1706.410979,1706.412157,1706.438373,1706.438373,1706.438373,1709.165164,4,1,[2.726262100011809],[2.7262733000097796],,1,2025-11-14_11h38.40.287,Intentional Binding PSY310 Bhumika Bajaj AU2320079,,,59.98778648,2025-11-14 13h03.41.428781 +0725
0.4,1000,expected,368,2,16,space,2.5094253,None,56,1,[1.6060202000080608],[1.6060393000079785],16,2,194,7,1709.17942,,1709.165481,1709.17942,1710.180575,1710.180575,1710.180575,1712.697671,space,2.5094253,None,1712.698646,1713.112857,1713.423654,1713.410075,1713.410849,1713.423654,1713.423654,1713.423654,1715.030215,56,1,[1.6060202000080608],[1.6060393000079785],,1,2025-11-14_11h38.40.288,Intentional Binding PSY310 Bhumika Bajaj AU2320080,,,59.98778648,2025-11-14 13h03.41.428781 +0726
0.7,1000,expected,369,3,16,space,2.6430301,None,57,1,[1.9439238000049954],[1.9439392000058433],16,3,195,11,1715.04576,,1715.030629,1715.04576,1716.046214,1716.046214,1716.046214,1718.6976,space,2.6430301,None,1718.698608,1719.412888,1719.737074,1719.708796,1719.710409,1719.737074,1719.737074,1719.737074,1721.681422,57,1,[1.9439238000049954],[1.9439392000058433],,1,2025-11-14_11h38.40.289,Intentional Binding PSY310 Bhumika Bajaj AU2320081,,,59.98778648,2025-11-14 13h03.41.428781 +0727
0.4,400,unexp,370,4,16,space,1.238864,None,76,1,[6.63965029999963],[6.639664100002847],16,4,196,1,1721.695464,,1721.68174,1721.695464,1722.696315,1722.696315,1722.696315,1723.947813,space,1.238864,None,1723.948775,1724.362943,1724.672884,1724.658178,1724.658944,1724.672884,1724.672884,1724.672884,1731.313052,76,1,[6.63965029999963],[6.639664100002847],,1,2025-11-14_11h38.40.290,Intentional Binding PSY310 Bhumika Bajaj AU2320082,,,59.98778648,2025-11-14 13h03.41.428781 +0728
0.7,1000,expected,371,5,16,space,0.1389844,None,98,1,[4.52042819999042],[4.520445599991945],16,5,197,8,1731.329144,,1731.313526,1731.329144,1732.31278,1732.31278,1732.329782,1732.464041,space,0.1389844,None,1732.465011,1733.179502,1733.494433,1733.480086,1733.480813,1733.494433,1733.494433,1733.494433,1738.015481,98,1,[4.52042819999042],[4.520445599991945],,1,2025-11-14_11h38.40.291,Intentional Binding PSY310 Bhumika Bajaj AU2320083,,,59.98778648,2025-11-14 13h03.41.428781 +0729
0.1,1000,expected,372,6,16,space,0.5997009,None,911,1,[1.7100847000110662],[1.7100982000119984],16,6,198,9,1738.028506,,1738.015881,1738.028506,1739.029718,1739.029718,1739.029718,1739.630423,space,0.5997009,None,1739.631461,1739.746324,1740.071889,1740.042342,1740.043407,1740.071889,1740.071889,1740.071889,1741.782541,911,1,[1.7100847000110662],[1.7100982000119984],,1,2025-11-14_11h38.40.292,Intentional Binding PSY310 Bhumika Bajaj AU2320084,,,59.98778648,2025-11-14 13h03.41.428781 +0730
0.1,1000,expected,373,7,16,space,0.0493876,None,923,1,[3.5490967000077944],[3.5491144000116037],16,7,199,3,1741.795282,,1741.783024,1741.795282,1742.795882,1742.795882,1742.795882,1742.84638,space,0.0493876,None,1742.847504,1742.946242,1743.263294,1743.249818,1743.250574,1743.263294,1743.263294,1743.263294,1746.812965,923,1,[3.5490967000077944],[3.5491144000116037],,1,2025-11-14_11h38.40.293,Intentional Binding PSY310 Bhumika Bajaj AU2320085,,,59.98778648,2025-11-14 13h03.41.428781 +0731
0.4,1000,expected,374,8,16,space,1.6990279,None,811,1,[3.0861469999945257],[3.0861585999955423],16,8,200,10,1746.829223,,1746.813449,1746.829223,1747.812635,1747.812635,1747.829204,1749.513174,space,1.6990279,None,1749.514227,1749.912614,1750.2277,1750.21285,1750.213624,1750.2277,1750.2277,1750.2277,1753.314258,811,1,[3.0861469999945257],[3.0861585999955423],,1,2025-11-14_11h38.40.294,Intentional Binding PSY310 Bhumika Bajaj AU2320086,,,59.98778648,2025-11-14 13h03.41.428781 +0732
0.7,1000,expected,375,9,16,space,0.4410001,None,877,1,[4.081783399989945],[4.081797399994684],16,9,201,5,1753.327921,,1753.314567,1753.327921,1754.329018,1754.329018,1754.329018,1754.779807,space,0.4410001,None,1754.78079,1755.479267,1755.813545,1755.78225,1755.783592,1755.813545,1755.813545,1755.813545,1759.895859,877,1,[4.081783399989945],[4.081797399994684],,1,2025-11-14_11h38.40.295,Intentional Binding PSY310 Bhumika Bajaj AU2320087,,,59.98778648,2025-11-14 13h03.41.428781 +0733
0.7,400,unexp,376,10,16,space,1.4128283,None,655,1,[3.453227199992398],[3.453246000004583],16,10,202,2,1759.912127,,1759.896395,1759.912127,1760.895896,1760.895896,1760.912696,1762.313582,space,1.4128283,None,1762.314591,1763.028992,1763.34398,1763.330036,1763.330859,1763.34398,1763.34398,1763.34398,1766.797644,655,1,[3.453227199992398],[3.453246000004583],,1,2025-11-14_11h38.40.296,Intentional Binding PSY310 Bhumika Bajaj AU2320088,,,59.98778648,2025-11-14 13h03.41.428781 +0734
0.1,400,unexp,377,11,16,space,0.487541,None,766,1,[4.921140799997374],[4.921156399999745],16,11,203,0,1766.811525,,1766.797959,1766.811525,1767.811984,1767.811984,1767.811984,1768.313311,space,0.487541,None,1768.314294,1768.412464,1768.724325,1768.710704,1768.711451,1768.724325,1768.724325,1768.724325,1773.645994,766,1,[4.921140799997374],[4.921156399999745],,1,2025-11-14_11h38.40.297,Intentional Binding PSY310 Bhumika Bajaj AU2320089,,,59.98778648,2025-11-14 13h03.41.428781 +0735
0.4,1000,expected,378,0,17,space,0.3314659,None,566,1,[3.22301050000533],[3.223023099999409],17,0,204,7,1773.661534,,1773.646444,1773.661534,1774.646514,1774.646514,1774.662588,1774.979776,space,0.3314659,None,1774.980886,1775.395256,1775.706057,1775.691454,1775.692232,1775.706057,1775.706057,1775.706057,1778.929488,566,1,[3.22301050000533],[3.223023099999409],,1,2025-11-14_11h38.40.298,Intentional Binding PSY310 Bhumika Bajaj AU2320090,,,59.98778648,2025-11-14 13h03.41.428781 +0736
0.4,400,unexp,379,1,17,space,4.3941534,None,233,1,[2.6200916999951005],[2.6201035999984015],17,1,205,1,1778.94583,,1778.929738,1778.94583,1779.928752,1779.928752,1779.944963,1784.331783,space,4.3941534,None,1784.333446,1784.745267,1785.07769,1785.039311,1785.040478,1785.07769,1785.07769,1785.07769,1787.698323,233,1,[2.6200916999951005],[2.6201035999984015],,1,2025-11-14_11h38.40.299,Intentional Binding PSY310 Bhumika Bajaj AU2320091,,,59.98778648,2025-11-14 13h03.41.428781 +0737
0.7,1000,expected,158,2,13,space,0.1290767,None,20,1,[2.2543803000007756],[2.2543909000232816],13,2,158,8,811.7638694,,811.7534939,811.7638694,812.7645151,812.7645151,812.7645151,812.8988441,space,0.1290767,None,812.8998478,813.5983105,813.912011,813.8979758,813.8987209,813.912011,813.912011,813.912011,816.1667842,20,1,[2.2543803000007756],[2.2543909000232816],P1,1,2025-11-14_11h38.40.092,Intentional Binding PSY310 Bhumika Bajaj AU2320057,,2025.1.1,59.98778648,2025-11-14 13h03.41.428781 +0530
0.4,1000,expected,159,3,13,space,0.1384141,None,243,1,[1.5710108999919612],[1.571029799990356],13,3,159,7,816.1806101,,816.1671195,816.1806101,817.1807128,817.1807128,817.1807128,817.3311034,space,0.1384141,None,817.3321278,817.7318466,818.0601966,818.0314211,818.0330438,818.0601966,818.0601966,818.0601966,819.6318354,243,1,[1.5710108999919612],[1.571029799990356],P1,1,2025-11-14_11h38.40.092,Intentional Binding PSY310 Bhumika Bajaj AU2320057,,2025.1.1,59.98778648,2025-11-14 13h03.41.428781 +0530
0.7,400,unexp,160,4,13,space,0.2478542,None,546,1,[2.0436003000068013],[2.0436112000024877],13,4,160,2,819.6484699,,819.6326806,819.6484699,820.631368,820.631368,820.6479313,820.881418,space,0.2478542,None,820.8853635,821.580983,821.8897515,821.8752161,821.8761908,821.8897515,821.8897515,821.8897515,823.9338066,546,1,[2.0436003000068013],[2.0436112000024877],P1,1,2025-11-14_11h38.40.092,Intentional Binding PSY310 Bhumika Bajaj AU2320057,,2025.1.1,59.98778648,2025-11-14 13h03.41.428781 +0530
0.4,1000,expected,161,5,13,space,0.2816157,None,876,1,[2.055474000022514],[2.0554878000111785],13,5,161,4,823.9472873,,823.9341896,823.9472873,824.9475531,824.9475531,824.9475531,825.2316626,space,0.2816157,None,825.232816,825.6309205,825.9423787,825.9287388,825.9295054,825.9423787,825.9423787,825.9423787,827.9983291,876,1,[2.055474000022514],[2.0554878000111785],P1,1,2025-11-14_11h38.40.092,Intentional Binding PSY310 Bhumika Bajaj AU2320057,,2025.1.1,59.98778648,2025-11-14 13h03.41.428781 +0530
0.1,1000,expected,162,6,13,space,0.1937329,None,875,1,[4.227575099997921],[4.227588599984301],13,6,162,6,828.0138948,,827.9987761,828.0138948,828.9974058,828.9974058,829.0145589,829.1989433,space,0.1937329,None,829.1999504,829.2988438,829.6211847,829.5966495,829.6007196,829.6211847,829.6211847,829.6211847,833.8495807,875,1,[4.227575099997921],[4.227588599984301],P1,1,2025-11-14_11h38.40.092,Intentional Binding PSY310 Bhumika Bajaj AU2320057,,2025.1.1,59.98778648,2025-11-14 13h03.41.428781 +0530
0.1,1000,expected,163,7,13,space,1.7845491,None,897,1,[1.935727100004442],[1.9357389000069816],13,7,163,9,833.8644795,,833.8500292,833.8644795,834.8646551,834.8646551,834.8646551,836.6653564,space,1.7845491,None,836.6663518,836.764476,837.0972746,837.0642577,837.0654115,837.0972746,837.0972746,837.0972746,839.0334715,897,1,[1.935727100004442],[1.9357389000069816],P1,1,2025-11-14_11h38.40.092,Intentional Binding PSY310 Bhumika Bajaj AU2320057,,2025.1.1,59.98778648,2025-11-14 13h03.41.428781 +0530
0.1,1000,expected,164,8,13,space,1.221863,None,564,1,[2.771303900022758],[2.7713159000268206],13,8,164,3,839.0476922,,839.0338431,839.0476922,840.0479743,840.0479743,840.0479743,841.2821408,space,1.221863,None,841.2831418,841.381389,841.6972955,841.6841543,841.6850016,841.6972955,841.6972955,841.6972955,844.4690685,564,1,[2.771303900022758],[2.7713159000268206],P1,1,2025-11-14_11h38.40.092,Intentional Binding PSY310 Bhumika Bajaj AU2320057,,2025.1.1,59.98778648,2025-11-14 13h03.41.428781 +0530
0.7,1000,expected,165,9,13,space,0.3189427,None,345,1,[3.635855400003493],[3.6358714000089094],13,9,165,11,844.4804844,,844.4693982,844.4804844,845.4807523,845.4807523,845.4807523,845.8143615,space,0.3189427,None,845.8153363,846.5137513,846.8291221,846.8141213,846.8151434,846.8291221,846.8291221,846.8291221,850.4654808,345,1,[3.635855400003493],[3.6358714000089094],P1,1,2025-11-14_11h38.40.092,Intentional Binding PSY310 Bhumika Bajaj AU2320057,,2025.1.1,59.98778648,2025-11-14 13h03.41.428781 +0530
0.1,400,unexp,166,10,13,space,0.0029374,None,986,1,[2.920752399979392],[2.9207641999819316],13,10,166,0,850.4816526,,850.4659341,850.4816526,851.4805953,851.4805953,851.4805953,851.4977177,space,0.0029374,None,851.4988423,851.5975824,851.9099312,851.8960448,851.8967929,851.9099312,851.9099312,851.9099312,854.8310721,986,1,[2.920752399979392],[2.9207641999819316],P1,1,2025-11-14_11h38.40.092,Intentional Binding PSY310 Bhumika Bajaj AU2320057,,2025.1.1,59.98778648,2025-11-14 13h03.41.428781 +0530
0.4,400,unexp,167,11,13,space,0.3118146,None,657,1,[3.301245300011942],[3.301264900015667],13,11,167,1,854.847148,,854.8314415,854.847148,855.8309965,855.8309965,855.8481295,856.1483644,space,0.3118146,None,856.1493719,856.5637537,856.8802127,856.8657349,856.8664545,856.8802127,856.8802127,856.8802127,860.18221,657,1,[3.301245300011942],[3.301264900015667],P1,1,2025-11-14_11h38.40.092,Intentional Binding PSY310 Bhumika Bajaj AU2320057,,2025.1.1,59.98778648,2025-11-14 13h03.41.428781 +0530
0.7,400,unexp,168,0,14,space,0.1843086,None,987,1,[3.0066208000062034],[3.0066346999956295],14,0,168,2,860.1981664,,860.1826603,860.1981664,861.1970149,861.1970149,861.1970149,861.398143,space,0.1843086,None,861.3991536,862.0973754,862.4098868,862.3985338,862.399226,862.4098868,862.4098868,862.4098868,865.41698,987,1,[3.0066208000062034],[3.0066346999956295],P1,1,2025-11-14_11h38.40.092,Intentional Binding PSY310 Bhumika Bajaj AU2320057,,2025.1.1,59.98778648,2025-11-14 13h03.41.428781 +0530
0.7,1000,expected,169,1,14,space,1.7289183,None,546,1,[2.711703299981309],[2.711712499993155],14,1,169,8,865.430098,,865.417341,865.430098,866.4313301,866.4313301,866.4313301,868.1650988,space,1.7289183,None,868.1660542,868.8801095,869.1872524,869.1735105,869.1741871,869.1872524,869.1872524,869.1872524,871.8992723,546,1,[2.711703299981309],[2.711712499993155],P1,1,2025-11-14_11h38.40.092,Intentional Binding PSY310 Bhumika Bajaj AU2320057,,2025.1.1,59.98778648,2025-11-14 13h03.41.428781 +0530
0.1,1000,expected,170,2,14,space,1.2202073,None,768,1,[3.243166000000201],[3.2431803999934345],14,2,170,9,871.9132909,,871.8995306,871.9132909,872.9134561,872.9134561,872.9134561,874.1483484,space,1.2202073,None,874.1493437,874.2475365,874.5574731,874.544233,874.544974,874.5574731,874.5574731,874.5574731,877.8010764,768,1,[3.243166000000201],[3.2431803999934345],P1,1,2025-11-14_11h38.40.092,Intentional Binding PSY310 Bhumika Bajaj AU2320057,,2025.1.1,59.98778648,2025-11-14 13h03.41.428781 +0530
0.4,1000,expected,171,3,14,space,0.2014872,None,657,1,[3.068798299995251],[3.068808000010904],14,3,171,4,877.8136196,,877.8014967,877.8136196,878.8136831,878.8136831,878.8136831,879.0158754,space,0.2014872,None,879.0170178,879.4313013,879.7466849,879.7309213,879.732178,879.7466849,879.7466849,879.7466849,882.8158169,657,1,[3.068798299995251],[3.068808000010904],P1,1,2025-11-14_11h38.40.092,Intentional Binding PSY310 Bhumika Bajaj AU2320057,,2025.1.1,59.98778648,2025-11-14 13h03.41.428781 +0530
0.4,1000,expected,172,4,14,space,1.9918029,None,768,1,[1.8564918000192847],[1.8565041000256315],14,4,172,10,882.8300483,,882.8161656,882.8300483,883.8315036,883.8315036,883.8315036,885.832666,space,1.9918029,None,885.8348667,886.2475079,886.5753253,886.5479774,886.5495481,886.5753253,886.5753253,886.5753253,888.4324261,768,1,[1.8564918000192847],[1.8565041000256315],P1,1,2025-11-14_11h38.40.092,Intentional Binding PSY310 Bhumika Bajaj AU2320057,,2025.1.1,59.98778648,2025-11-14 13h03.41.428781 +0530
0.1,400,unexp,173,5,14,space,2.847631,None,800,1,[1.8564918000192847],[1.8565041000256315],14,5,173,0,888.4474666,,888.4327909,888.4474666,889.4475516,889.4475516,889.4475516,890.1140889,space,0.6570094,None,890.1150561,890.2141599,890.5462518,890.5142011,890.51548,890.5462518,890.5462518,890.5462518,888.4324261,800,1,[3.068798299995251],[2.711712499993155],P1,1,2025-11-14_11h38.40.093,Intentional Binding PSY310 Bhumika Bajaj AU2320057,,2025.1.1,59.98778648,2025-11-14 13h03.41.428781 +0531
0.1,1000,expected,174,0,0,space,11.4514897,None,200,1,[3.958006500004558],[3.958015800002613],0,0,0,3,0.02746,,0.0230072,0.02746,1.0008368,1.0008368,1.0332928,12.4744519,space,11.4514897,None,12.4758154,12.58366117,12.9257844,12.8873232,12.8887545,12.9257844,12.9257844,12.9257844,16.8841405,200,1,[3.958006500004558],[3.958015800002613],P1,1,2025-11-14_11h38.40.094,Intentional Binding PSY310 Bhumika Bajaj AU2320057,,2025.1.1,59.98778648,2025-11-14 13h03.41.428781 +0532
0.4,400,unexp,175,1,0,space,20.5766199,None,300,1,[2.8620268999948166],[2.8620392000011634],0,1,1,1,16.8996458,,16.8843778,16.8996458,17.8998504,17.8998504,17.8998504,38.4843317,space,20.5766199,None,38.485485,38.90053367,39.2058941,39.1965186,39.1971341,39.2058941,39.2058941,39.2058941,42.0682999,300,1,[2.8620268999948166],[2.8620392000011634],P1,1,2025-11-14_11h38.40.095,Intentional Binding PSY310 Bhumika Bajaj AU2320057,,2025.1.1,59.98778648,2025-11-14 13h03.41.428781 +0533
0.7,1000,expected,176,2,0,space,48.7283156,None,700,1,[2.209113499993691],[2.2091276999999536],0,2,2,11,42.0819244,,42.0686205,42.0819244,43.0834145,43.0834145,43.0834145,91.817084,space,48.7283156,None,91.8188731,92.53310907,92.8570702,92.8281285,92.8294044,92.8570702,92.8570702,92.8570702,95.0667556,700,1,[2.209113499993691],[2.2091276999999536],P1,1,2025-11-14_11h38.40.096,Intentional Binding PSY310 Bhumika Bajaj AU2320057,,2025.1.1,59.98778648,2025-11-14 13h03.41.428781 +0534
0.7,1000,expected,177,3,0,space,40.9246458,None,500,1,[2.805886799993459],[2.8059018999920227],0,3,3,5,95.0819144,,95.0675087,95.0819144,96.0827168,96.0827168,96.0827168,137.0170617,space,40.9246458,None,137.0180746,137.7326316,138.0438717,138.0288423,138.0301163,138.0438717,138.0438717,138.0438717,140.8504,500,1,[2.805886799993459],[2.8059018999920227],P1,1,2025-11-14_11h38.40.097,Intentional Binding PSY310 Bhumika Bajaj AU2320057,,2025.1.1,59.98778648,2025-11-14 13h03.41.428781 +0535
0.4,1000,expected,178,4,0,space,0.8283323,None,400,1,[1.0842363999981899],[1.0842440999986138],0,4,4,10,140.8648984,,140.8508193,140.8648984,141.8643989,141.8643989,141.8643989,142.6990561,space,0.8283323,None,142.7001797,143.0981678,143.4146122,143.4008296,143.4015586,143.4146122,143.4146122,143.4146122,144.499171,400,1,[1.0842363999981899],[1.0842440999986138],P1,1,2025-11-14_11h38.40.098,Intentional Binding PSY310 Bhumika Bajaj AU2320057,,2025.1.1,59.98778648,2025-11-14 13h03.41.428781 +0536
