5299.2209 	INFO 	Loaded monitor calibration from ['2025_08_12 09:52']
5299.3268 	WARNING 	User requested fullscreen with size [1280  800], but screen is actually [2560, 1600]. Using actual size
5301.1042 	INFO 	Using renderer 'Intel(R) Arc(TM) Graphics' for graphics
5301.1042 	INFO 	OpenGL version supported by driver is 4..
5301.1731 	EXP 	Created window1 = Window(allowGUI=True, allowStencil=True, autoLog=True, backendConf=UNKNOWN, backgroundFit=<method-wrapper '__getattribute__' of attributeSetter object at 0x0000023AE4EFB790>, backgroundImage=<method-wrapper '__getattribute__' of attributeSetter object at 0x0000023AE4EFB7F0>, bitsMode=UNKNOWN, blendMode='avg', bpc=(8, 8, 8), color=array([0, 0, 0]), colorSpace='rgb', depthBits=8, fullscr=True, gamma=None, gammaErrorPolicy='raise', infoMsg=UNKNOWN, lms=UNKNOWN, monitor=<psychopy.monitors.calibTools.Monitor object at 0x0000023AE4DA86D0>, multiSample=False, name='window1', numSamples=2, pos=[np.float64(0.0), np.float64(0.0)], screen=0, size=array([2560, 1600]), stencilBits=8, stereo=False, title='PsychoPy', units='height', useFBO=True, useRetina=False, viewOri=0.0, viewPos=None, viewScale=None, waitBlanking=True, winType='pyglet')
5301.1731 	EXP 	window1: backgroundImage = ''
5301.1732 	EXP 	window1: backgroundFit = 'none'
5301.8104 	EXP 	window1: Attempting to measure frame rate of screen (0) ...
5301.8105 	EXP 	window1: recordFrameIntervals = False
5301.9589 	EXP 	window1: recordFrameIntervals = True
5302.1428 	EXP 	Screen (0) actual frame rate measured at 59.99Hz
5302.1429 	EXP 	window1: recordFrameIntervals = False
5302.4591 	INFO 	keyboard.Keyboard is using ptb backend.
5302.4593 	INFO 	keyboard.Keyboard is using ptb backend.
5302.8125 	WARNING 	No default speaker specified in Preferences / Hardware, using first speaker found: Speaker (2- Realtek(R) Audio)
5303.2785 	INFO 	Created stream for speaker device: Speaker (2- Realtek(R) Audio) (4.0)
5303.2823 	EXP 	Intentional Binding PSY310 Bhumika Bajaj AU2320057: status = STARTED
5303.3084 	EXP 	Created polygon = ShapeStim(__class__=<class 'psychopy.visual.shape.ShapeStim'>, anchor=('center', 'center'), autoDraw=False, autoLog=True, closeShape=True, color=method-wrapper(...), colorSpace='rgb', contrast=None, depth=0.0, draggable=False, fillColor=array([1, 1, 1]), fillColorSpace='rgb', fillRGB=array([1, 1, 1]), interpolate=True, lineColor=array([1., 1., 1.]), lineColorSpace='rgb', lineRGB=array([1, 1, 1]), lineWidth=1.0, name='polygon', opacity=1, ori=0.0, pos=array([0., 0.]), size=array([0.2, 0.2]), units='height', vertices=ndarray(...), win=Window(...), windingRule=None)
5303.3116 	EXP 	Created polygon_2 = ShapeStim(__class__=<class 'psychopy.visual.shape.ShapeStim'>, anchor=('center', 'center'), autoDraw=False, autoLog=True, closeShape=True, color=method-wrapper(...), colorSpace='rgb', contrast=None, depth=-1.0, draggable=False, fillColor=array([-1.    ,  0.0039, -1.    ]), fillColorSpace='rgb', fillRGB=array([-1.    ,  0.0039, -1.    ]), interpolate=True, lineColor=array([-1.    ,  0.0039, -1.    ]), lineColorSpace='rgb', lineRGB=array([-1.    ,  0.0039, -1.    ]), lineWidth=1.0, name='polygon_2', opacity=1, ori=0.0, pos=array([0., 0.]), size=array([0.2, 0.2]), units='height', vertices=ndarray(...), win=Window(...), windingRule=None)
5303.3117 	EXP 	sound_1: sampleRate = 48000
5303.3117 	EXP 	sound_1: channels = None
5303.3123 	EXP 	Sound sound_1 set volume 1.000
5304.0703 	EXP 	Created text = TextStim(__class__=<class 'psychopy.visual.text.TextStim'>, alignHoriz=method-wrapper(...), alignText='center', alignVert=method-wrapper(...), anchorHoriz='center', anchorVert='center', antialias=True, autoDraw=False, autoLog=True, bold=False, color=array([1., 1., 1.]), colorSpace='rgb', contrast=1.0, depth=0.0, draggable=False, flipHoriz=False, flipVert=False, font='Arial', fontFiles=[], height=np.float64(0.05), italic=False, languageStyle='LTR', name='text', opacity=1, ori=0.0, pos=array([0. , 0.1]), rgb=UNKNOWN, text=str(...), units='height', win=Window(...), wrapWidth=1)
0.0104 	EXP 	textbox: autoLog = True
0.0507 	EXP 	Imported OneDrive/Documents/intentional binding psy310.xlsx as conditions, 12 conditions, 3 params
0.0549 	EXP 	New trial (rep=0, index=0): <Trial 0 (0 in rep 0) data={'delay': 0.1, 'freq': 1000, 'condition': 'expected', 'thisN': 0, 'thisTrialN': 0, 'thisRepN': 0}>
0.0592 	EXP 	polygon: autoDraw = True
0.3252 	EXP 	Device response: <KeyPress from None: t=0.2901877999829594, value=space, duration=None>
0.3264 	DATA 	Keypress: space
0.4648 	EXP 	Device response: <KeyPress from None: t=0.2901877999829594, value=space, duration=0.1661681000259705>
0.9817 	EXP 	Device response: <KeyPress from None: t=0.9782648999826051, value=space, duration=None>
0.9828 	DATA 	Keypress: space
1.0143 	INFO 	Keyboard events cleared
1.0142 	EXP 	polygon_2: autoDraw = True
1.0647 	EXP 	polygon: autoDraw = False
1.0811 	EXP 	Device response: <KeyPress from None: t=0.9782648999826051, value=space, duration=0.10124620000715367>
1.6151 	EXP 	Device response: <KeyPress from None: t=1.60114290000638, value=space, duration=None>
1.6174 	DATA 	Keypress: space
1.6311 	EXP 	polygon: autoDraw = False
1.6311 	EXP 	polygon_2: autoDraw = False
1.6985 	EXP 	Sound sound_1 reached end of file
1.7148 	EXP 	Playing sound sound_1 on speaker Speaker (2- Realtek(R) Audio)
1.7318 	EXP 	Device response: <KeyPress from None: t=1.60114290000638, value=space, duration=0.11997790000168607>
2.0120 	EXP 	Sound sound_1 stopped
2.0325 	EXP 	text: autoDraw = True
2.0325 	EXP 	textbox: autoDraw = True
2.9701 	DATA 	Keypress: 6
2.9856 	EXP 	Device response: <KeyPress from None: t=2.9670955000037793, value=6, duration=None>
3.0492 	EXP 	Device response: <KeyPress from None: t=2.9670955000037793, value=6, duration=0.0764803999918513>
3.1690 	DATA 	Keypress: 5
3.1853 	EXP 	Device response: <KeyPress from None: t=3.1680405999941286, value=5, duration=None>
3.2495 	EXP 	Device response: <KeyPress from None: t=3.1680405999941286, value=5, duration=0.07118050000281073>
4.4338 	DATA 	Mouse: Left button down, pos=(1284,299)
4.4388 	EXP 	New trial (rep=0, index=1): <Trial 1 (1 in rep 0) data={'delay': 0.1, 'freq': 400, 'condition': 'unexp', 'thisN': 1, 'thisTrialN': 1, 'thisRepN': 0}>
4.4479 	EXP 	text: autoDraw = False
4.4479 	EXP 	textbox: autoDraw = False
4.4479 	EXP 	polygon: autoDraw = True
4.6676 	DATA 	Mouse:  Left button up, pos=(1284,299)
5.1152 	EXP 	Device response: <KeyPress from None: t=5.114092700008769, value=m, duration=None>
5.1166 	DATA 	Keypress: m
5.1656 	EXP 	Device response: <KeyPress from None: t=5.114092700008769, value=m, duration=0.04775159998098388>
5.4147 	EXP 	Device response: <KeyPress from None: t=5.405192300007911, value=space, duration=None>
5.4160 	DATA 	Keypress: space
5.4477 	INFO 	Keyboard events cleared
5.4476 	EXP 	polygon: autoDraw = False
5.4476 	EXP 	polygon_2: autoDraw = True
5.4817 	EXP 	Device response: <KeyPress from None: t=5.405192300007911, value=space, duration=0.07472879998385906>
5.7665 	DATA 	Keypress: space
5.7818 	EXP 	Device response: <KeyPress from None: t=5.766064299998106, value=space, duration=None>
5.7978 	EXP 	polygon: autoDraw = False
5.7978 	EXP 	polygon_2: autoDraw = False
5.8481 	EXP 	Device response: <KeyPress from None: t=5.766064299998106, value=space, duration=0.08127970001078211>
5.8811 	EXP 	Sound sound_1 reached end of file
5.8974 	EXP 	Playing sound sound_1 on speaker Speaker (2- Realtek(R) Audio)
6.1937 	EXP 	Sound sound_1 stopped
6.2042 	EXP 	text: autoDraw = True
6.2042 	EXP 	textbox: autoDraw = True
6.6325 	DATA 	Keypress: 7
6.6433 	EXP 	Device response: <KeyPress from None: t=6.632126499986043, value=7, duration=None>
6.7158 	EXP 	Device response: <KeyPress from None: t=6.632126499986043, value=7, duration=0.07181019999552518>
6.8053 	DATA 	Keypress: 6
6.8152 	EXP 	Device response: <KeyPress from None: t=6.804710700002033, value=6, duration=None>
6.8830 	EXP 	Device response: <KeyPress from None: t=6.804710700002033, value=6, duration=0.06625229999190196>
7.6319 	DATA 	Mouse: Left button down, pos=(1284,299)
7.6329 	EXP 	New trial (rep=0, index=2): <Trial 2 (2 in rep 0) data={'delay': 0.1, 'freq': 1000, 'condition': 'expected', 'thisN': 2, 'thisTrialN': 2, 'thisRepN': 0}>
7.6483 	EXP 	text: autoDraw = False
7.6483 	EXP 	textbox: autoDraw = False
7.6483 	EXP 	polygon: autoDraw = True
7.8665 	DATA 	Mouse:  Left button up, pos=(1284,299)
8.5315 	EXP 	Device response: <KeyPress from None: t=8.530082599987509, value=space, duration=None>
8.5334 	DATA 	Keypress: space
8.6312 	EXP 	Device response: <KeyPress from None: t=8.530082599987509, value=space, duration=0.09408310000435449>
8.6479 	INFO 	Keyboard events cleared
8.6477 	EXP 	polygon: autoDraw = False
8.6477 	EXP 	polygon_2: autoDraw = True
8.8983 	EXP 	Device response: <KeyPress from None: t=8.893088399985572, value=space, duration=None>
8.9010 	DATA 	Keypress: space
8.9140 	EXP 	polygon: autoDraw = False
8.9140 	EXP 	polygon_2: autoDraw = False
8.9815 	EXP 	Sound sound_1 reached end of file
8.9977 	EXP 	Playing sound sound_1 on speaker Speaker (2- Realtek(R) Audio)
8.9819 	EXP 	Device response: <KeyPress from None: t=8.893088399985572, value=space, duration=0.08476880000671372>
9.2957 	EXP 	Sound sound_1 stopped
9.3063 	EXP 	text: autoDraw = True
9.3063 	EXP 	textbox: autoDraw = True
9.4156 	DATA 	Keypress: 6
9.4179 	EXP 	Device response: <KeyPress from None: t=9.413852300000144, value=6, duration=None>
9.5010 	EXP 	Device response: <KeyPress from None: t=9.413852300000144, value=6, duration=0.07703129999572411>
9.6058 	DATA 	Keypress: 5
9.6151 	EXP 	Device response: <KeyPress from None: t=9.605010800005402, value=5, duration=None>
9.6985 	EXP 	Device response: <KeyPress from None: t=9.605010800005402, value=5, duration=0.08114439999917522>
10.5992 	DATA 	Mouse: Left button down, pos=(1284,299)
10.6001 	EXP 	New trial (rep=0, index=3): <Trial 3 (3 in rep 0) data={'delay': 0.4, 'freq': 1000, 'condition': 'expected', 'thisN': 3, 'thisTrialN': 3, 'thisRepN': 0}>
10.6140 	EXP 	text: autoDraw = False
10.6140 	EXP 	textbox: autoDraw = False
10.6140 	EXP 	polygon: autoDraw = True
10.8167 	DATA 	Mouse:  Left button up, pos=(1284,299)
11.3491 	EXP 	Device response: <KeyPress from None: t=11.348570600006497, value=space, duration=None>
11.3505 	DATA 	Keypress: space
11.4484 	EXP 	Device response: <KeyPress from None: t=11.348570600006497, value=space, duration=0.08725779998349026>
11.6154 	INFO 	Keyboard events cleared
11.6152 	EXP 	polygon: autoDraw = False
11.6152 	EXP 	polygon_2: autoDraw = True
11.7157 	EXP 	Device response: <KeyPress from None: t=11.70702010000241, value=space, duration=None>
11.7184 	DATA 	Keypress: space
11.7320 	EXP 	polygon: autoDraw = False
11.7320 	EXP 	polygon_2: autoDraw = False
11.7983 	EXP 	Device response: <KeyPress from None: t=11.70702010000241, value=space, duration=0.08007159997941926>
12.0994 	EXP 	Sound sound_1 reached end of file
12.1157 	EXP 	Playing sound sound_1 on speaker Speaker (2- Realtek(R) Audio)
12.2488 	EXP 	Device response: <KeyPress from None: t=12.239266799995676, value=3, duration=None>
12.2499 	DATA 	Keypress: 3
12.3485 	EXP 	Device response: <KeyPress from None: t=12.239266799995676, value=3, duration=0.1080909000011161>
12.4125 	EXP 	Sound sound_1 stopped
12.4262 	EXP 	text: autoDraw = True
12.4262 	EXP 	textbox: autoDraw = True
12.4741 	DATA 	Keypress: 4
12.4882 	EXP 	Device response: <KeyPress from None: t=12.472217999980785, value=4, duration=None>
12.5829 	EXP 	Device response: <KeyPress from None: t=12.472217999980785, value=4, duration=0.09440500001073815>
13.7498 	DATA 	Keypress: 4
13.7516 	EXP 	Device response: <KeyPress from None: t=13.744116799993208, value=4, duration=None>
13.8481 	EXP 	Device response: <KeyPress from None: t=13.744116799993208, value=4, duration=0.08817209998960607>
13.9540 	DATA 	Keypress: 4
13.9659 	EXP 	Device response: <KeyPress from None: t=13.950795199983986, value=4, duration=None>
14.0482 	EXP 	Device response: <KeyPress from None: t=13.950795199983986, value=4, duration=0.08373360001132824>
14.8664 	DATA 	Mouse: Left button down, pos=(1284,299)
14.8675 	EXP 	New trial (rep=0, index=4): <Trial 4 (4 in rep 0) data={'delay': 0.7, 'freq': 1000, 'condition': 'expected', 'thisN': 4, 'thisTrialN': 4, 'thisRepN': 0}>
14.8815 	EXP 	text: autoDraw = False
14.8815 	EXP 	textbox: autoDraw = False
14.8815 	EXP 	polygon: autoDraw = True
15.0847 	DATA 	Mouse:  Left button up, pos=(1284,299)
15.4174 	DATA 	Mouse: Left button down, pos=(1284,299)
15.6347 	DATA 	Mouse:  Left button up, pos=(1284,299)
15.7154 	EXP 	Device response: <KeyPress from None: t=15.70188780000899, value=space, duration=None>
15.7168 	DATA 	Keypress: space
15.7825 	EXP 	Device response: <KeyPress from None: t=15.70188780000899, value=space, duration=0.07971679998445325>
15.8807 	INFO 	Keyboard events cleared
15.8806 	EXP 	polygon: autoDraw = False
15.8806 	EXP 	polygon_2: autoDraw = True
16.1152 	EXP 	Device response: <KeyPress from None: t=16.101073700003326, value=space, duration=None>
16.1175 	DATA 	Keypress: space
16.1322 	EXP 	polygon: autoDraw = False
16.1322 	EXP 	polygon_2: autoDraw = False
16.1824 	EXP 	Device response: <KeyPress from None: t=16.101073700003326, value=space, duration=0.07557039998937398>
16.7984 	EXP 	Sound sound_1 reached end of file
16.8146 	EXP 	Playing sound sound_1 on speaker Speaker (2- Realtek(R) Audio)
17.0839 	DATA 	Keypress: 2
17.1117 	EXP 	Sound sound_1 stopped
17.1124 	EXP 	Device response: <KeyPress from None: t=17.08297779998975, value=2, duration=None>
17.1262 	EXP 	text: autoDraw = True
17.1262 	EXP 	textbox: autoDraw = True
17.2480 	EXP 	Device response: <KeyPress from None: t=17.08297779998975, value=2, duration=0.15404490000219084>
17.4231 	DATA 	Keypress: 3
17.4321 	EXP 	Device response: <KeyPress from None: t=17.4221358000068, value=3, duration=None>
17.5660 	EXP 	Device response: <KeyPress from None: t=17.4221358000068, value=3, duration=0.12898999999742955>
17.9855 	DATA 	Keypress: 3
17.9986 	EXP 	Device response: <KeyPress from None: t=17.983046699984698, value=3, duration=None>
18.1482 	EXP 	Device response: <KeyPress from None: t=17.983046699984698, value=3, duration=0.15131850002217107>
18.2718 	DATA 	Keypress: 4
18.2818 	EXP 	Device response: <KeyPress from None: t=18.269377999997232, value=4, duration=None>
18.4681 	EXP 	Device response: <KeyPress from None: t=18.269377999997232, value=4, duration=0.18521659998805262>
19.2990 	DATA 	Mouse: Left button down, pos=(1271,291)
19.3005 	EXP 	New trial (rep=0, index=5): <Trial 5 (5 in rep 0) data={'delay': 0.1, 'freq': 1000, 'condition': 'expected', 'thisN': 5, 'thisTrialN': 5, 'thisRepN': 0}>
19.3139 	EXP 	text: autoDraw = False
19.3139 	EXP 	textbox: autoDraw = False
19.3139 	EXP 	polygon: autoDraw = True
19.5179 	DATA 	Mouse:  Left button up, pos=(1271,291)
19.8648 	EXP 	Device response: <KeyPress from None: t=19.860026199981803, value=space, duration=None>
19.8658 	DATA 	Keypress: space
19.9642 	EXP 	Device response: <KeyPress from None: t=19.860026199981803, value=space, duration=0.09025550002115779>
20.2982 	EXP 	Device response: <KeyPress from None: t=20.293015800009016, value=space, duration=None>
20.2994 	DATA 	Keypress: space
20.3143 	INFO 	Keyboard events cleared
20.3142 	EXP 	polygon: autoDraw = False
20.3142 	EXP 	polygon_2: autoDraw = True
20.3480 	EXP 	Device response: <KeyPress from None: t=20.293015800009016, value=space, duration=0.042641099978936836>
21.2644 	EXP 	Device response: <KeyPress from None: t=21.26051729999017, value=space, duration=None>
21.2663 	DATA 	Keypress: space
21.2806 	EXP 	polygon: autoDraw = False
21.2806 	EXP 	polygon_2: autoDraw = False
21.3487 	EXP 	Sound sound_1 reached end of file
21.3649 	EXP 	Playing sound sound_1 on speaker Speaker (2- Realtek(R) Audio)
21.3490 	EXP 	Device response: <KeyPress from None: t=21.26051729999017, value=space, duration=0.07610179999028333>
21.6653 	EXP 	Sound sound_1 stopped
21.6796 	EXP 	text: autoDraw = True
21.6796 	EXP 	textbox: autoDraw = True
22.4149 	DATA 	Keypress: 1
22.4238 	EXP 	Device response: <KeyPress from None: t=22.40559700000449, value=1, duration=None>
22.5162 	EXP 	Device response: <KeyPress from None: t=22.40559700000449, value=1, duration=0.09859249999863096>
22.6208 	DATA 	Keypress: 2
22.6313 	EXP 	Device response: <KeyPress from None: t=22.619577599980403, value=2, duration=None>
22.7167 	EXP 	Device response: <KeyPress from None: t=22.619577599980403, value=2, duration=0.09354410000378266>
22.8486 	DATA 	Keypress: 3
22.8508 	EXP 	Device response: <KeyPress from None: t=22.84086299999035, value=3, duration=None>
22.9657 	EXP 	Device response: <KeyPress from None: t=22.84086299999035, value=3, duration=0.12135890001081862>
23.9879 	DATA 	Mouse: Left button down, pos=(1271,291)
23.9991 	EXP 	New trial (rep=0, index=6): <Trial 6 (6 in rep 0) data={'delay': 0.4, 'freq': 400, 'condition': 'unexp', 'thisN': 6, 'thisTrialN': 6, 'thisRepN': 0}>
24.0141 	EXP 	text: autoDraw = False
24.0141 	EXP 	textbox: autoDraw = False
24.0141 	EXP 	polygon: autoDraw = True
24.2169 	DATA 	Mouse:  Left button up, pos=(1271,291)
24.6324 	DATA 	Mouse: Left button down, pos=(1271,291)
24.8495 	DATA 	Mouse:  Left button up, pos=(1271,291)
25.0140 	INFO 	Keyboard events cleared
25.0139 	EXP 	polygon: autoDraw = False
25.0139 	EXP 	polygon_2: autoDraw = True
25.0643 	EXP 	Device response: <KeyPress from None: t=25.05468669999391, value=space, duration=None>
25.0664 	DATA 	Keypress: space
25.0809 	EXP 	polygon: autoDraw = False
25.0809 	EXP 	polygon_2: autoDraw = False
25.1479 	EXP 	Device response: <KeyPress from None: t=25.05468669999391, value=space, duration=0.08356930001173168>
25.4479 	EXP 	Sound sound_1 reached end of file
25.4641 	EXP 	Playing sound sound_1 on speaker Speaker (2- Realtek(R) Audio)
25.4977 	EXP 	Device response: <KeyPress from None: t=25.48257329998887, value=space, duration=None>
25.4985 	DATA 	Keypress: space
25.5818 	EXP 	Device response: <KeyPress from None: t=25.48257329998887, value=space, duration=0.08489930001087487>
25.7652 	EXP 	Sound sound_1 stopped
25.7797 	EXP 	text: autoDraw = True
25.7797 	EXP 	textbox: autoDraw = True
26.0885 	DATA 	Keypress: 1
26.0983 	EXP 	Device response: <KeyPress from None: t=26.08799070000532, value=1, duration=None>
26.2480 	EXP 	Device response: <KeyPress from None: t=26.08799070000532, value=1, duration=0.14513479999732226>
26.4482 	DATA 	Keypress: 2
26.4497 	EXP 	Device response: <KeyPress from None: t=26.44146470000851, value=2, duration=None>
26.5647 	EXP 	Device response: <KeyPress from None: t=26.44146470000851, value=2, duration=0.11011839998536743>
26.7212 	DATA 	Keypress: 3
26.7318 	EXP 	Device response: <KeyPress from None: t=26.72035250000772, value=3, duration=None>
26.8655 	EXP 	Device response: <KeyPress from None: t=26.72035250000772, value=3, duration=0.13854319998063147>
26.9817 	DATA 	Keypress: 4
26.9831 	EXP 	Device response: <KeyPress from None: t=26.972602699999698, value=4, duration=None>
27.1336 	EXP 	Device response: <KeyPress from None: t=26.972602699999698, value=4, duration=0.1594887999817729>
28.2826 	DATA 	Mouse: Left button down, pos=(1271,291)
28.2839 	EXP 	New trial (rep=0, index=7): <Trial 7 (7 in rep 0) data={'delay': 0.7, 'freq': 1000, 'condition': 'expected', 'thisN': 7, 'thisTrialN': 7, 'thisRepN': 0}>
28.2974 	EXP 	text: autoDraw = False
28.2974 	EXP 	textbox: autoDraw = False
28.2974 	EXP 	polygon: autoDraw = True
28.5002 	DATA 	Mouse:  Left button up, pos=(1271,291)
28.8815 	EXP 	Device response: <KeyPress from None: t=28.869342599995434, value=space, duration=None>
28.8825 	DATA 	Keypress: space
28.9827 	EXP 	Device response: <KeyPress from None: t=28.869342599995434, value=space, duration=0.11279129999456927>
29.2976 	INFO 	Keyboard events cleared
29.2974 	EXP 	polygon: autoDraw = False
29.2974 	EXP 	polygon_2: autoDraw = True
29.3309 	EXP 	Device response: <KeyPress from None: t=29.32191420000163, value=space, duration=None>
29.3327 	DATA 	Keypress: space
29.3475 	EXP 	polygon: autoDraw = False
29.3475 	EXP 	polygon_2: autoDraw = False
29.3982 	EXP 	Device response: <KeyPress from None: t=29.32191420000163, value=space, duration=0.0707844999851659>
30.0142 	EXP 	Sound sound_1 reached end of file
30.0304 	EXP 	Playing sound sound_1 on speaker Speaker (2- Realtek(R) Audio)
30.3319 	EXP 	Sound sound_1 stopped
30.3322 	EXP 	Device response: <KeyPress from None: t=30.312410099984845, value=1, duration=None>
30.3333 	DATA 	Keypress: 1
30.3463 	EXP 	text: autoDraw = True
30.3463 	EXP 	textbox: autoDraw = True
30.4153 	EXP 	Device response: <KeyPress from None: t=30.312410099984845, value=1, duration=0.09327130002202466>
30.5647 	DATA 	Keypress: 2
30.5663 	EXP 	Device response: <KeyPress from None: t=30.55743019998772, value=2, duration=None>
30.6840 	EXP 	Device response: <KeyPress from None: t=30.55743019998772, value=2, duration=0.1181681000161916>
30.8319 	DATA 	Keypress: 3
30.8335 	EXP 	Device response: <KeyPress from None: t=30.82265610000468, value=3, duration=None>
30.9663 	EXP 	Device response: <KeyPress from None: t=30.82265610000468, value=3, duration=0.13711879999027587>
31.1318 	DATA 	Keypress: 4
31.1331 	EXP 	Device response: <KeyPress from None: t=31.12362430000212, value=4, duration=None>
31.2487 	EXP 	Device response: <KeyPress from None: t=31.12362430000212, value=4, duration=0.11673869998776354>
31.3816 	DATA 	Keypress: 5
31.3835 	EXP 	Device response: <KeyPress from None: t=31.377244500006782, value=5, duration=None>
31.4819 	EXP 	Device response: <KeyPress from None: t=31.377244500006782, value=5, duration=0.09597070000017993>
33.5819 	DATA 	Keypress: backspace
33.5831 	EXP 	Device response: <KeyPress from None: t=33.57405359999393, value=backspace, duration=None>
33.6672 	EXP 	Device response: <KeyPress from None: t=33.57405359999393, value=backspace, duration=0.08644519999506883>
34.0985 	DATA 	Keypress: backspace
34.1009 	EXP 	Device response: <KeyPress from None: t=34.093988499982515, value=backspace, duration=None>
34.1992 	EXP 	Device response: <KeyPress from None: t=34.093988499982515, value=backspace, duration=0.09848080002120696>
35.8330 	DATA 	Mouse: Left button down, pos=(1184,227)
36.1499 	EXP 	New trial (rep=0, index=8): <Trial 8 (8 in rep 0) data={'delay': 0.7, 'freq': 1000, 'condition': 'expected', 'thisN': 8, 'thisTrialN': 8, 'thisRepN': 0}>
36.1641 	EXP 	text: autoDraw = False
36.1641 	EXP 	textbox: autoDraw = False
36.1641 	EXP 	polygon: autoDraw = True
36.3008 	DATA 	Mouse:  Left button up, pos=(1189,279)
36.8316 	EXP 	Device response: <KeyPress from None: t=36.81654060000437, value=space, duration=None>
36.8329 	DATA 	Keypress: space
36.9317 	EXP 	Device response: <KeyPress from None: t=36.81654060000437, value=space, duration=0.10792599999695085>
37.1641 	INFO 	Keyboard events cleared
37.1640 	EXP 	polygon: autoDraw = False
37.1640 	EXP 	polygon_2: autoDraw = True
37.5647 	EXP 	Device response: <KeyPress from None: t=37.55563389998861, value=space, duration=None>
37.5669 	DATA 	Keypress: space
37.5811 	EXP 	polygon: autoDraw = False
37.5811 	EXP 	polygon_2: autoDraw = False
37.6640 	EXP 	Device response: <KeyPress from None: t=37.55563389998861, value=space, duration=0.09444149999762885>
38.2478 	EXP 	Sound sound_1 reached end of file
38.2641 	EXP 	Playing sound sound_1 on speaker Speaker (2- Realtek(R) Audio)
38.5617 	EXP 	Sound sound_1 stopped
38.5759 	EXP 	text: autoDraw = True
38.5759 	EXP 	textbox: autoDraw = True
40.0038 	DATA 	Keypress: 8
40.0195 	EXP 	Device response: <KeyPress from None: t=39.999049300007755, value=8, duration=None>
40.0829 	EXP 	Device response: <KeyPress from None: t=39.999049300007755, value=8, duration=0.07587799997418188>
40.2147 	DATA 	Keypress: 7
40.2159 	EXP 	Device response: <KeyPress from None: t=40.208103499986464, value=7, duration=None>
40.2825 	EXP 	Device response: <KeyPress from None: t=40.208103499986464, value=7, duration=0.06574160000309348>
41.3019 	DATA 	Mouse: Left button down, pos=(1189,279)
41.3157 	EXP 	New trial (rep=0, index=9): <Trial 9 (9 in rep 0) data={'delay': 0.7, 'freq': 400, 'condition': 'unexp', 'thisN': 9, 'thisTrialN': 9, 'thisRepN': 0}>
41.3312 	EXP 	text: autoDraw = False
41.3312 	EXP 	textbox: autoDraw = False
41.3312 	EXP 	polygon: autoDraw = True
41.5352 	DATA 	Mouse:  Left button up, pos=(1189,279)
42.3154 	INFO 	Keyboard events cleared
42.3151 	EXP 	polygon_2: autoDraw = True
42.3325 	EXP 	polygon: autoDraw = False
42.3331 	EXP 	Device response: <KeyPress from None: t=42.32686040000408, value=space, duration=None>
42.3354 	DATA 	Keypress: space
42.3482 	EXP 	polygon: autoDraw = False
42.3482 	EXP 	polygon_2: autoDraw = False
42.3987 	EXP 	Device response: <KeyPress from None: t=42.32686040000408, value=space, duration=0.06923880000249483>
42.8492 	EXP 	Device response: <KeyPress from None: t=42.84276639999007, value=space, duration=None>
42.8503 	DATA 	Keypress: space
42.9331 	EXP 	Device response: <KeyPress from None: t=42.84276639999007, value=space, duration=0.08305059999111108>
43.0325 	EXP 	Sound sound_1 reached end of file
43.0482 	EXP 	Playing sound sound_1 on speaker Speaker (2- Realtek(R) Audio)
43.3475 	EXP 	Sound sound_1 stopped
43.3628 	EXP 	text: autoDraw = True
43.3628 	EXP 	textbox: autoDraw = True
44.3059 	DATA 	Keypress: 1
44.3150 	EXP 	Device response: <KeyPress from None: t=44.30427319998853, value=1, duration=None>
44.4168 	EXP 	Device response: <KeyPress from None: t=44.30427319998853, value=1, duration=0.11000119999516755>
44.5226 	DATA 	Keypress: 2
44.5324 	EXP 	Device response: <KeyPress from None: t=44.51937180000823, value=2, duration=None>
44.6160 	EXP 	Device response: <KeyPress from None: t=44.51937180000823, value=2, duration=0.09035189999849536>
45.3822 	DATA 	Mouse: Left button down, pos=(1189,279)
45.3832 	EXP 	New trial (rep=0, index=10): <Trial 10 (10 in rep 0) data={'delay': 0.4, 'freq': 1000, 'condition': 'expected', 'thisN': 10, 'thisTrialN': 10, 'thisRepN': 0}>
45.3973 	EXP 	text: autoDraw = False
45.3973 	EXP 	textbox: autoDraw = False
45.3973 	EXP 	polygon: autoDraw = True
45.6022 	DATA 	Mouse:  Left button up, pos=(1189,279)
45.9991 	EXP 	Device response: <KeyPress from None: t=45.99307999998564, value=space, duration=None>
46.0009 	DATA 	Keypress: space
46.0991 	EXP 	Device response: <KeyPress from None: t=45.99307999998564, value=space, duration=0.09073610001360066>
46.3987 	INFO 	Keyboard events cleared
46.3985 	EXP 	polygon: autoDraw = False
46.3985 	EXP 	polygon_2: autoDraw = True
46.5824 	EXP 	Device response: <KeyPress from None: t=46.57498219999252, value=space, duration=None>
46.5847 	DATA 	Keypress: space
46.5985 	EXP 	polygon: autoDraw = False
46.5985 	EXP 	polygon_2: autoDraw = False
46.6652 	EXP 	Device response: <KeyPress from None: t=46.57498219999252, value=space, duration=0.08109399999375455>
46.9828 	EXP 	Sound sound_1 reached end of file
46.9982 	EXP 	Playing sound sound_1 on speaker Speaker (2- Realtek(R) Audio)
47.2494 	EXP 	Device response: <KeyPress from None: t=47.240364400000544, value=1, duration=None>
47.2505 	DATA 	Keypress: 1
47.2964 	EXP 	Sound sound_1 stopped
47.3105 	EXP 	text: autoDraw = True
47.3105 	EXP 	textbox: autoDraw = True
47.3650 	EXP 	Device response: <KeyPress from None: t=47.240364400000544, value=1, duration=0.11819069998455234>
47.5982 	DATA 	Keypress: 3
47.5995 	EXP 	Device response: <KeyPress from None: t=47.59411380000529, value=3, duration=None>
47.6657 	EXP 	Device response: <KeyPress from None: t=47.59411380000529, value=3, duration=0.0605912999890279>
48.6518 	DATA 	Keypress: 1
48.6644 	EXP 	Device response: <KeyPress from None: t=48.65059529998689, value=1, duration=None>
48.7490 	EXP 	Device response: <KeyPress from None: t=48.65059529998689, value=1, duration=0.09429430001182482>
49.5875 	DATA 	Mouse: Left button down, pos=(1189,279)
49.5995 	EXP 	New trial (rep=0, index=11): <Trial 11 (11 in rep 0) data={'delay': 0.4, 'freq': 1000, 'condition': 'expected', 'thisN': 11, 'thisTrialN': 11, 'thisRepN': 0}>
49.6142 	EXP 	text: autoDraw = False
49.6142 	EXP 	textbox: autoDraw = False
49.6142 	EXP 	polygon: autoDraw = True
49.8179 	DATA 	Mouse:  Left button up, pos=(1189,279)
50.1325 	EXP 	Device response: <KeyPress from None: t=50.124100699991686, value=space, duration=None>
50.1339 	DATA 	Keypress: space
50.2325 	EXP 	Device response: <KeyPress from None: t=50.124100699991686, value=space, duration=0.09756699998979457>
50.5826 	EXP 	Device response: <KeyPress from None: t=50.57708739998634, value=space, duration=None>
50.5842 	DATA 	Keypress: space
50.5989 	INFO 	Keyboard events cleared
50.5986 	EXP 	polygon_2: autoDraw = True
50.6144 	EXP 	polygon: autoDraw = False
50.6656 	EXP 	Device response: <KeyPress from None: t=50.57708739998634, value=space, duration=0.07285470000351779>
50.9990 	EXP 	Device response: <KeyPress from None: t=50.98815889999969, value=space, duration=None>
51.0013 	DATA 	Keypress: space
51.0149 	EXP 	polygon: autoDraw = False
51.0149 	EXP 	polygon_2: autoDraw = False
51.0992 	EXP 	Device response: <KeyPress from None: t=50.98815889999969, value=space, duration=0.09670269998605363>
51.3821 	EXP 	Sound sound_1 reached end of file
51.3983 	EXP 	Playing sound sound_1 on speaker Speaker (2- Realtek(R) Audio)
51.6966 	EXP 	Sound sound_1 stopped
51.7109 	EXP 	text: autoDraw = True
51.7109 	EXP 	textbox: autoDraw = True
52.1649 	DATA 	Keypress: 1
52.1672 	EXP 	Device response: <KeyPress from None: t=52.15713459998369, value=1, duration=None>
52.2655 	EXP 	Device response: <KeyPress from None: t=52.15713459998369, value=1, duration=0.10646820001420565>
52.5990 	DATA 	Keypress: 4
52.6009 	EXP 	Device response: <KeyPress from None: t=52.594981400005054, value=4, duration=None>
52.6995 	EXP 	Device response: <KeyPress from None: t=52.594981400005054, value=4, duration=0.09502119998796843>
53.5487 	DATA 	Mouse: Left button down, pos=(1189,279)
53.5500 	EXP 	New trial (rep=1, index=0): <Trial 12 (0 in rep 1) data={'delay': 0.4, 'freq': 1000, 'condition': 'expected', 'thisN': 12, 'thisTrialN': 0, 'thisRepN': 1}>
53.5634 	EXP 	text: autoDraw = False
53.5634 	EXP 	textbox: autoDraw = False
53.5634 	EXP 	polygon: autoDraw = True
53.7661 	DATA 	Mouse:  Left button up, pos=(1189,279)
53.9838 	DATA 	Mouse: Left button down, pos=(1189,279)
54.2008 	DATA 	Mouse:  Left button up, pos=(1189,279)
54.2145 	EXP 	Device response: <KeyPress from None: t=54.206974600005196, value=space, duration=None>
54.2158 	DATA 	Keypress: space
54.2991 	EXP 	Device response: <KeyPress from None: t=54.206974600005196, value=space, duration=0.0901268000015989>
54.5646 	INFO 	Keyboard events cleared
54.5645 	EXP 	polygon: autoDraw = False
54.5645 	EXP 	polygon_2: autoDraw = True
54.6344 	DATA 	Keypress: space
54.6495 	EXP 	Device response: <KeyPress from None: t=54.633751299988944, value=space, duration=None>
54.6647 	EXP 	polygon: autoDraw = False
54.6647 	EXP 	polygon_2: autoDraw = False
54.7151 	EXP 	Device response: <KeyPress from None: t=54.633751299988944, value=space, duration=0.08019259999855421>
55.0489 	EXP 	Sound sound_1 reached end of file
55.0651 	EXP 	Playing sound sound_1 on speaker Speaker (2- Realtek(R) Audio)
55.3675 	EXP 	Sound sound_1 stopped
55.3679 	EXP 	Device response: <KeyPress from None: t=55.36656439999933, value=1, duration=None>
55.3698 	DATA 	Keypress: 1
55.3967 	EXP 	text: autoDraw = True
55.3967 	EXP 	textbox: autoDraw = True
55.5998 	EXP 	Device response: <KeyPress from None: t=55.36656439999933, value=1, duration=0.2278128000034485>
56.7206 	DATA 	Keypress: 5
56.7320 	EXP 	Device response: <KeyPress from None: t=56.71944369998528, value=5, duration=None>
56.7996 	EXP 	Device response: <KeyPress from None: t=56.71944369998528, value=5, duration=0.07472689999849536>
57.9652 	DATA 	Mouse: Left button down, pos=(1189,279)
57.9660 	EXP 	New trial (rep=1, index=1): <Trial 13 (1 in rep 1) data={'delay': 0.7, 'freq': 1000, 'condition': 'expected', 'thisN': 13, 'thisTrialN': 1, 'thisRepN': 1}>
57.9806 	EXP 	text: autoDraw = False
57.9806 	EXP 	textbox: autoDraw = False
57.9806 	EXP 	polygon: autoDraw = True
58.1831 	DATA 	Mouse:  Left button up, pos=(1189,279)
58.4997 	EXP 	Device response: <KeyPress from None: t=58.499447499983944, value=space, duration=None>
58.5014 	DATA 	Keypress: space
58.5988 	EXP 	Device response: <KeyPress from None: t=58.499447499983944, value=space, duration=0.09233150002546608>
58.9651 	INFO 	Keyboard events cleared
58.9649 	EXP 	polygon_2: autoDraw = True
58.9814 	EXP 	polygon: autoDraw = False
59.0155 	EXP 	Device response: <KeyPress from None: t=59.00514039999689, value=space, duration=None>
59.0183 	DATA 	Keypress: space
59.0312 	EXP 	polygon: autoDraw = False
59.0312 	EXP 	polygon_2: autoDraw = False
59.0820 	EXP 	Device response: <KeyPress from None: t=59.00514039999689, value=space, duration=0.06760889998986386>
59.6986 	EXP 	Sound sound_1 reached end of file
59.7149 	EXP 	Playing sound sound_1 on speaker Speaker (2- Realtek(R) Audio)
60.0154 	EXP 	Sound sound_1 stopped
60.0299 	EXP 	text: autoDraw = True
60.0299 	EXP 	textbox: autoDraw = True
60.3364 	DATA 	Keypress: 1
60.3487 	EXP 	Device response: <KeyPress from None: t=60.33520899998257, value=1, duration=None>
60.4816 	EXP 	Device response: <KeyPress from None: t=60.33520899998257, value=1, duration=0.1307264000060968>
60.7155 	DATA 	Keypress: 6
60.7177 	EXP 	Device response: <KeyPress from None: t=60.7113199000014, value=6, duration=None>
60.7812 	EXP 	Device response: <KeyPress from None: t=60.7113199000014, value=6, duration=0.061564600007841364>
61.6660 	DATA 	Mouse: Left button down, pos=(1189,279)
61.6669 	EXP 	New trial (rep=1, index=2): <Trial 14 (2 in rep 1) data={'delay': 0.4, 'freq': 1000, 'condition': 'expected', 'thisN': 14, 'thisTrialN': 2, 'thisRepN': 1}>
61.6807 	EXP 	text: autoDraw = False
61.6807 	EXP 	textbox: autoDraw = False
61.6807 	EXP 	polygon: autoDraw = True
61.8848 	DATA 	Mouse:  Left button up, pos=(1189,279)
62.0670 	DATA 	Mouse: Left button down, pos=(1189,279)
62.2850 	DATA 	Mouse:  Left button up, pos=(1189,279)
62.3151 	EXP 	Device response: <KeyPress from None: t=62.31250729999738, value=space, duration=None>
62.3165 	DATA 	Keypress: space
62.4151 	EXP 	Device response: <KeyPress from None: t=62.31250729999738, value=space, duration=0.08641580000403337>
62.6816 	INFO 	Keyboard events cleared
62.6814 	EXP 	polygon: autoDraw = False
62.6814 	EXP 	polygon_2: autoDraw = True
62.7161 	EXP 	Device response: <KeyPress from None: t=62.712258899991866, value=space, duration=None>
62.7187 	DATA 	Keypress: space
62.7311 	EXP 	polygon: autoDraw = False
62.7311 	EXP 	polygon_2: autoDraw = False
62.7988 	EXP 	Device response: <KeyPress from None: t=62.712258899991866, value=space, duration=0.07282000000122935>
63.1158 	EXP 	Sound sound_1 reached end of file
63.1316 	EXP 	Playing sound sound_1 on speaker Speaker (2- Realtek(R) Audio)
63.4351 	EXP 	Sound sound_1 stopped
63.4354 	EXP 	Device response: <KeyPress from None: t=63.41688099998282, value=1, duration=None>
63.4369 	DATA 	Keypress: 1
63.4527 	EXP 	text: autoDraw = True
63.4527 	EXP 	textbox: autoDraw = True
63.5998 	EXP 	Device response: <KeyPress from None: t=63.41688099998282, value=1, duration=0.16710489999968559>
64.1511 	DATA 	Keypress: 7
64.1643 	EXP 	Device response: <KeyPress from None: t=64.14824829998543, value=7, duration=None>
64.2314 	EXP 	Device response: <KeyPress from None: t=64.14824829998543, value=7, duration=0.07103610000922345>
65.1370 	DATA 	Mouse: Left button down, pos=(1189,279)
65.1477 	EXP 	New trial (rep=1, index=3): <Trial 15 (3 in rep 1) data={'delay': 0.7, 'freq': 400, 'condition': 'unexp', 'thisN': 15, 'thisTrialN': 3, 'thisRepN': 1}>
65.1638 	EXP 	text: autoDraw = False
65.1638 	EXP 	textbox: autoDraw = False
65.1638 	EXP 	polygon: autoDraw = True
65.3661 	DATA 	Mouse:  Left button up, pos=(1189,279)
65.5815 	EXP 	Device response: <KeyPress from None: t=65.5800176000048, value=space, duration=None>
65.5824 	DATA 	Keypress: space
65.6821 	EXP 	Device response: <KeyPress from None: t=65.5800176000048, value=space, duration=0.0928937999997288>
66.0657 	EXP 	Device response: <KeyPress from None: t=66.05757549998816, value=space, duration=None>
66.0671 	DATA 	Keypress: space
66.1324 	EXP 	Device response: <KeyPress from None: t=66.05757549998816, value=space, duration=0.07300730000133626>
66.1487 	INFO 	Keyboard events cleared
66.1485 	EXP 	polygon_2: autoDraw = True
66.1653 	EXP 	polygon: autoDraw = False
66.4650 	EXP 	Device response: <KeyPress from None: t=66.45500339998398, value=space, duration=None>
66.4674 	DATA 	Keypress: space
66.4811 	EXP 	polygon: autoDraw = False
66.4811 	EXP 	polygon_2: autoDraw = False
66.5323 	EXP 	Device response: <KeyPress from None: t=66.45500339998398, value=space, duration=0.07442800002172589>
67.1488 	EXP 	Sound sound_1 reached end of file
67.1647 	EXP 	Playing sound sound_1 on speaker Speaker (2- Realtek(R) Audio)
67.4162 	EXP 	Device response: <KeyPress from None: t=67.410295699985, value=1, duration=None>
67.4183 	DATA 	Keypress: 1
67.4636 	EXP 	Sound sound_1 stopped
67.4964 	EXP 	text: autoDraw = True
67.4964 	EXP 	textbox: autoDraw = True
67.5294 	EXP 	Device response: <KeyPress from None: t=67.410295699985, value=1, duration=0.1158348000026308>
67.8232 	DATA 	Keypress: 8
67.8304 	EXP 	Device response: <KeyPress from None: t=67.8226549999963, value=8, duration=None>
67.9003 	EXP 	Device response: <KeyPress from None: t=67.8226549999963, value=8, duration=0.0735387000022456>
68.5704 	DATA 	Keypress: 1
68.5817 	EXP 	Device response: <KeyPress from None: t=68.5662769000046, value=1, duration=None>
68.7156 	EXP 	Device response: <KeyPress from None: t=68.5662769000046, value=1, duration=0.13197739998577163>
69.4993 	DATA 	Mouse: Left button down, pos=(1189,279)
69.5003 	EXP 	New trial (rep=1, index=4): <Trial 16 (4 in rep 1) data={'delay': 0.7, 'freq': 1000, 'condition': 'expected', 'thisN': 16, 'thisTrialN': 4, 'thisRepN': 1}>
69.5140 	EXP 	text: autoDraw = False
69.5140 	EXP 	textbox: autoDraw = False
69.5140 	EXP 	polygon: autoDraw = True
69.7175 	DATA 	Mouse:  Left button up, pos=(1189,279)
69.9981 	EXP 	Device response: <KeyPress from None: t=69.99513679998927, value=space, duration=None>
69.9995 	DATA 	Keypress: space
70.0986 	EXP 	Device response: <KeyPress from None: t=69.99513679998927, value=space, duration=0.0877708000189159>
70.4149 	EXP 	Device response: <KeyPress from None: t=70.41121089999797, value=space, duration=None>
70.4163 	DATA 	Keypress: space
70.5145 	INFO 	Keyboard events cleared
70.5142 	EXP 	polygon: autoDraw = False
70.5142 	EXP 	polygon_2: autoDraw = True
70.8487 	EXP 	Device response: <KeyPress from None: t=70.83889519999502, value=space, duration=None>
70.8511 	DATA 	Keypress: space
70.8643 	EXP 	polygon: autoDraw = False
70.8643 	EXP 	polygon_2: autoDraw = False
70.9142 	EXP 	Device response: <KeyPress from None: t=70.41121089999797, value=space, duration=0.4970154000038747>
71.5478 	EXP 	Sound sound_1 reached end of file
71.5640 	EXP 	Playing sound sound_1 on speaker Speaker (2- Realtek(R) Audio)
71.8647 	EXP 	Sound sound_1 stopped
71.8791 	EXP 	text: autoDraw = True
71.8791 	EXP 	textbox: autoDraw = True
72.5822 	DATA 	Keypress: 9
72.5952 	EXP 	Device response: <KeyPress from None: t=72.57793289999245, value=9, duration=None>
72.6689 	EXP 	Device response: <KeyPress from None: t=72.57793289999245, value=9, duration=0.07850800000596792>
72.7830 	DATA 	Keypress: 1
72.7846 	EXP 	Device response: <KeyPress from None: t=72.78242770000361, value=1, duration=None>
72.9149 	EXP 	Device response: <KeyPress from None: t=72.78242770000361, value=1, duration=0.12462469999445602>
73.7870 	DATA 	Mouse: Left button down, pos=(1189,279)
73.7981 	EXP 	New trial (rep=1, index=5): <Trial 17 (5 in rep 1) data={'delay': 0.1, 'freq': 1000, 'condition': 'expected', 'thisN': 17, 'thisTrialN': 5, 'thisRepN': 1}>
73.8137 	EXP 	text: autoDraw = False
73.8137 	EXP 	textbox: autoDraw = False
73.8137 	EXP 	polygon: autoDraw = True
74.0154 	DATA 	Mouse:  Left button up, pos=(1189,279)
74.3820 	EXP 	Device response: <KeyPress from None: t=74.37061559999711, value=space, duration=None>
74.3834 	DATA 	Keypress: space
74.4320 	EXP 	Device response: <KeyPress from None: t=70.83889519999502, value=space, duration=3.584909700002754>
74.7978 	INFO 	Keyboard events cleared
74.7975 	EXP 	polygon_2: autoDraw = True
74.7996 	DATA 	Keypress: space
74.8147 	EXP 	polygon: autoDraw = False
74.8976 	EXP 	Device response: <KeyPress from None: t=74.37061559999711, value=space, duration=0.5152095000084955>
75.2151 	EXP 	Device response: <KeyPress from None: t=75.21229409999796, value=space, duration=None>
75.2173 	DATA 	Keypress: space
75.2316 	EXP 	polygon: autoDraw = False
75.2316 	EXP 	polygon_2: autoDraw = False
75.2981 	EXP 	Device response: <KeyPress from None: t=75.21229409999796, value=space, duration=0.07782820001011714>
75.3148 	EXP 	Sound sound_1 reached end of file
75.3308 	EXP 	Playing sound sound_1 on speaker Speaker (2- Realtek(R) Audio)
75.6269 	EXP 	Sound sound_1 stopped
75.6520 	EXP 	text: autoDraw = True
75.6520 	EXP 	textbox: autoDraw = True
76.6980 	DATA 	Keypress: 1
76.6998 	EXP 	Device response: <KeyPress from None: t=76.68984539998928, value=1, duration=None>
76.8153 	EXP 	Device response: <KeyPress from None: t=76.68984539998928, value=1, duration=0.12324190000072122>
77.0171 	DATA 	Keypress: 2
77.0188 	EXP 	Device response: <KeyPress from None: t=77.01485599999432, value=2, duration=None>
77.1992 	EXP 	Device response: <KeyPress from None: t=77.01485599999432, value=2, duration=0.16840419999789447>
77.3158 	DATA 	Keypress: 3
77.3175 	EXP 	Device response: <KeyPress from None: t=77.30697599999257, value=3, duration=None>
77.4159 	EXP 	Device response: <KeyPress from None: t=77.30697599999257, value=3, duration=0.09766540001146495>
78.4820 	DATA 	Mouse: Left button down, pos=(1189,279)
78.4832 	EXP 	New trial (rep=1, index=6): <Trial 18 (6 in rep 1) data={'delay': 0.1, 'freq': 400, 'condition': 'unexp', 'thisN': 18, 'thisTrialN': 6, 'thisRepN': 1}>
78.4972 	EXP 	text: autoDraw = False
78.4972 	EXP 	textbox: autoDraw = False
78.4972 	EXP 	polygon: autoDraw = True
78.7015 	DATA 	Mouse:  Left button up, pos=(1189,279)
78.9843 	DATA 	Keypress: space
78.9989 	EXP 	Device response: <KeyPress from None: t=78.98312600000645, value=space, duration=None>
79.0822 	EXP 	Device response: <KeyPress from None: t=78.98312600000645, value=space, duration=0.08704379998380318>
79.4153 	EXP 	Device response: <KeyPress from None: t=79.40977299999213, value=space, duration=None>
79.4167 	DATA 	Keypress: space
79.4818 	EXP 	Device response: <KeyPress from None: t=79.40977299999213, value=space, duration=0.06350509999901988>
79.4974 	INFO 	Keyboard events cleared
79.4971 	EXP 	polygon: autoDraw = False
79.4971 	EXP 	polygon_2: autoDraw = True
79.8484 	EXP 	Device response: <KeyPress from None: t=79.84760069998447, value=space, duration=None>
79.8506 	DATA 	Keypress: space
79.8645 	EXP 	polygon: autoDraw = False
79.8645 	EXP 	polygon_2: autoDraw = False
79.9320 	EXP 	Sound sound_1 reached end of file
79.9481 	EXP 	Playing sound sound_1 on speaker Speaker (2- Realtek(R) Audio)
79.9324 	EXP 	Device response: <KeyPress from None: t=79.84760069998447, value=space, duration=0.07575570000335574>
80.2433 	EXP 	Sound sound_1 stopped
80.2575 	EXP 	text: autoDraw = True
80.2575 	EXP 	textbox: autoDraw = True
80.7722 	DATA 	Keypress: 1
80.7828 	EXP 	Device response: <KeyPress from None: t=80.76895470000454, value=1, duration=None>
80.8667 	EXP 	Device response: <KeyPress from None: t=80.76895470000454, value=1, duration=0.09517019998747855>
81.0010 	DATA 	Keypress: 2
81.0145 	EXP 	Device response: <KeyPress from None: t=80.9996237999876, value=2, duration=None>
81.1146 	EXP 	Device response: <KeyPress from None: t=80.9996237999876, value=2, duration=0.10468760001822375>
81.3479 	DATA 	Keypress: 4
81.3497 	EXP 	Device response: <KeyPress from None: t=81.34124919999158, value=4, duration=None>
81.4654 	EXP 	Device response: <KeyPress from None: t=81.34124919999158, value=4, duration=0.11775010000565089>
82.3028 	DATA 	Mouse: Left button down, pos=(1189,279)
82.3147 	EXP 	New trial (rep=1, index=7): <Trial 19 (7 in rep 1) data={'delay': 0.1, 'freq': 1000, 'condition': 'expected', 'thisN': 19, 'thisTrialN': 7, 'thisRepN': 1}>
82.3308 	EXP 	text: autoDraw = False
82.3308 	EXP 	textbox: autoDraw = False
82.3308 	EXP 	polygon: autoDraw = True
82.5343 	DATA 	Mouse:  Left button up, pos=(1189,279)
82.9492 	DATA 	Mouse: Left button down, pos=(1189,279)
83.1149 	EXP 	Device response: <KeyPress from None: t=83.10656429998926, value=space, duration=None>
83.1165 	DATA 	Keypress: space
83.1676 	DATA 	Mouse:  Left button up, pos=(1189,279)
83.1975 	EXP 	Device response: <KeyPress from None: t=83.10656429998926, value=space, duration=0.09043730000848882>
83.3143 	INFO 	Keyboard events cleared
83.3141 	EXP 	polygon_2: autoDraw = True
83.3316 	EXP 	polygon: autoDraw = False
83.5318 	EXP 	Device response: <KeyPress from None: t=83.51956309998059, value=space, duration=None>
83.5342 	DATA 	Keypress: space
83.5474 	EXP 	polygon: autoDraw = False
83.5474 	EXP 	polygon_2: autoDraw = False
83.5987 	EXP 	Device response: <KeyPress from None: t=83.51956309998059, value=space, duration=0.06360470000072382>
83.6320 	EXP 	Sound sound_1 reached end of file
83.6483 	EXP 	Playing sound sound_1 on speaker Speaker (2- Realtek(R) Audio)
83.9493 	EXP 	Sound sound_1 stopped
83.9636 	EXP 	text: autoDraw = True
83.9636 	EXP 	textbox: autoDraw = True
84.4373 	DATA 	Keypress: 1
84.4476 	EXP 	Device response: <KeyPress from None: t=84.43470079998951, value=1, duration=None>
84.5316 	EXP 	Device response: <KeyPress from None: t=84.43470079998951, value=1, duration=0.09063469999819063>
84.6647 	DATA 	Keypress: 2
84.6660 	EXP 	Device response: <KeyPress from None: t=84.6539569000015, value=2, duration=None>
84.7823 	EXP 	Device response: <KeyPress from None: t=84.6539569000015, value=2, duration=0.11806569999316707>
85.0482 	DATA 	Keypress: 5
85.0497 	EXP 	Device response: <KeyPress from None: t=85.0475143000076, value=5, duration=None>
85.1646 	EXP 	Device response: <KeyPress from None: t=85.0475143000076, value=5, duration=0.10183979998691939>
86.1825 	DATA 	Mouse: Left button down, pos=(1189,279)
86.1835 	EXP 	New trial (rep=1, index=8): <Trial 20 (8 in rep 1) data={'delay': 0.7, 'freq': 1000, 'condition': 'expected', 'thisN': 20, 'thisTrialN': 8, 'thisRepN': 1}>
86.1970 	EXP 	text: autoDraw = False
86.1970 	EXP 	textbox: autoDraw = False
86.1970 	EXP 	polygon: autoDraw = True
86.4010 	DATA 	Mouse:  Left button up, pos=(1189,279)
86.7312 	EXP 	Device response: <KeyPress from None: t=86.72231169999577, value=space, duration=None>
86.7327 	DATA 	Keypress: space
86.7972 	EXP 	Device response: <KeyPress from None: t=86.72231169999577, value=space, duration=0.07113269998808391>
87.1640 	EXP 	Device response: <KeyPress from None: t=87.15484859998105, value=space, duration=None>
87.1649 	DATA 	Keypress: space
87.1980 	INFO 	Keyboard events cleared
87.1978 	EXP 	polygon: autoDraw = False
87.1978 	EXP 	polygon_2: autoDraw = True
87.2323 	EXP 	Device response: <KeyPress from None: t=87.15484859998105, value=space, duration=0.06113960000220686>
87.6485 	EXP 	Device response: <KeyPress from None: t=87.63795239999308, value=space, duration=None>
87.6507 	DATA 	Keypress: space
87.6642 	EXP 	polygon: autoDraw = False
87.6642 	EXP 	polygon_2: autoDraw = False
87.6983 	EXP 	Device response: <KeyPress from None: t=87.63795239999308, value=space, duration=0.05518640001537278>
88.3491 	EXP 	Sound sound_1 reached end of file
88.3648 	EXP 	Playing sound sound_1 on speaker Speaker (2- Realtek(R) Audio)
88.6632 	EXP 	Sound sound_1 stopped
88.6928 	EXP 	text: autoDraw = True
88.6928 	EXP 	textbox: autoDraw = True
88.9229 	DATA 	Keypress: 1
88.9314 	EXP 	Device response: <KeyPress from None: t=88.91815869999118, value=1, duration=None>
89.0172 	EXP 	Device response: <KeyPress from None: t=88.91815869999118, value=1, duration=0.09039309999207035>
89.1539 	DATA 	Keypress: 2
89.1655 	EXP 	Device response: <KeyPress from None: t=89.15347130000009, value=2, duration=None>
89.2643 	EXP 	Device response: <KeyPress from None: t=89.15347130000009, value=2, duration=0.09627639999962412>
89.7329 	DATA 	Keypress: 6
89.7348 	EXP 	Device response: <KeyPress from None: t=89.7260183999897, value=6, duration=None>
89.7988 	EXP 	Device response: <KeyPress from None: t=89.7260183999897, value=6, duration=0.06589880000683479>
90.5820 	DATA 	Mouse: Left button down, pos=(1189,279)
90.5832 	EXP 	New trial (rep=1, index=9): <Trial 21 (9 in rep 1) data={'delay': 0.4, 'freq': 1000, 'condition': 'expected', 'thisN': 21, 'thisTrialN': 9, 'thisRepN': 1}>
90.5969 	EXP 	text: autoDraw = False
90.5969 	EXP 	textbox: autoDraw = False
90.5969 	EXP 	polygon: autoDraw = True
90.8178 	DATA 	Mouse:  Left button up, pos=(1189,279)
91.3476 	EXP 	Device response: <KeyPress from None: t=91.33346339999116, value=space, duration=None>
91.3487 	DATA 	Keypress: space
91.4475 	EXP 	Device response: <KeyPress from None: t=91.33346339999116, value=space, duration=0.10639890001039021>
91.5980 	INFO 	Keyboard events cleared
91.5978 	EXP 	polygon: autoDraw = False
91.5978 	EXP 	polygon_2: autoDraw = True
91.7647 	EXP 	Device response: <KeyPress from None: t=91.75322739998228, value=space, duration=None>
91.7669 	DATA 	Keypress: space
91.7804 	EXP 	polygon: autoDraw = False
91.7804 	EXP 	polygon_2: autoDraw = False
91.8324 	EXP 	Device response: <KeyPress from None: t=91.75322739998228, value=space, duration=0.07704150001518428>
92.1480 	EXP 	Sound sound_1 reached end of file
92.1642 	EXP 	Playing sound sound_1 on speaker Speaker (2- Realtek(R) Audio)
92.4666 	EXP 	Sound sound_1 stopped
92.4811 	EXP 	text: autoDraw = True
92.4811 	EXP 	textbox: autoDraw = True
92.4929 	DATA 	Keypress: 1
92.4943 	EXP 	Device response: <KeyPress from None: t=92.4915944999957, value=1, duration=None>
92.6828 	EXP 	Device response: <KeyPress from None: t=92.4915944999957, value=1, duration=0.1750111999863293>
92.9819 	DATA 	Keypress: 2
92.9837 	EXP 	Device response: <KeyPress from None: t=92.97652169998037, value=2, duration=None>
93.1168 	EXP 	Device response: <KeyPress from None: t=92.97652169998037, value=2, duration=0.137557400012156>
93.7330 	DATA 	Keypress: 7
93.7349 	EXP 	Device response: <KeyPress from None: t=93.7220810999861, value=7, duration=None>
93.7998 	EXP 	Device response: <KeyPress from None: t=93.7220810999861, value=7, duration=0.06894779999856837>
94.8177 	DATA 	Mouse: Left button down, pos=(1189,279)
94.8193 	EXP 	New trial (rep=1, index=10): <Trial 22 (10 in rep 1) data={'delay': 0.4, 'freq': 400, 'condition': 'unexp', 'thisN': 22, 'thisTrialN': 10, 'thisRepN': 1}>
94.8303 	EXP 	text: autoDraw = False
94.8303 	EXP 	textbox: autoDraw = False
94.8303 	EXP 	polygon: autoDraw = True
95.0499 	DATA 	Mouse:  Left button up, pos=(1189,279)
95.3316 	EXP 	Device response: <KeyPress from None: t=95.32559379999293, value=space, duration=None>
95.3331 	DATA 	Keypress: space
95.4159 	EXP 	Device response: <KeyPress from None: t=95.32559379999293, value=space, duration=0.0899580999976024>
95.7669 	DATA 	Keypress: space
95.7812 	EXP 	Device response: <KeyPress from None: t=95.76601459999802, value=space, duration=None>
95.8302 	INFO 	Keyboard events cleared
95.8300 	EXP 	polygon: autoDraw = False
95.8300 	EXP 	polygon_2: autoDraw = True
95.8483 	EXP 	Device response: <KeyPress from None: t=95.76601459999802, value=space, duration=0.08203950000461191>
96.1635 	EXP 	Device response: <KeyPress from None: t=96.15218350000214, value=space, duration=None>
96.1653 	DATA 	Keypress: space
96.1802 	EXP 	polygon: autoDraw = False
96.1802 	EXP 	polygon_2: autoDraw = False
96.2469 	EXP 	Device response: <KeyPress from None: t=96.15218350000214, value=space, duration=0.08195880000130273>
96.5471 	EXP 	Sound sound_1 reached end of file
96.5633 	EXP 	Playing sound sound_1 on speaker Speaker (2- Realtek(R) Audio)
96.8631 	EXP 	Sound sound_1 stopped
96.8776 	EXP 	text: autoDraw = True
96.8776 	EXP 	textbox: autoDraw = True
98.1652 	DATA 	Keypress: 1
98.1667 	EXP 	Device response: <KeyPress from None: t=98.16382099999464, value=1, duration=None>
98.2818 	EXP 	Device response: <KeyPress from None: t=98.16382099999464, value=1, duration=0.10330779998912476>
98.4145 	DATA 	Keypress: 2
98.4165 	EXP 	Device response: <KeyPress from None: t=98.4061015000043, value=2, duration=None>
98.4987 	EXP 	Device response: <KeyPress from None: t=98.4061015000043, value=2, duration=0.08198859999538399>
99.5141 	DATA 	Keypress: 7
99.5158 	EXP 	Device response: <KeyPress from None: t=99.5086117000028, value=7, duration=None>
99.5817 	EXP 	Device response: <KeyPress from None: t=99.5086117000028, value=7, duration=0.0678736999980174>
101.2710 	DATA 	Keypress: lwindows
101.2816 	EXP 	Device response: <KeyPress from None: t=101.26919210000779, value=lwindows, duration=None>
103.2331 	EXP 	Device response: <KeyPress from None: t=101.26919210000779, value=lwindows, duration=1.7431778999743983>
103.8904 	DATA 	Mouse: Left button down, pos=(1189,279)
103.8916 	EXP 	New trial (rep=1, index=11): <Trial 23 (11 in rep 1) data={'delay': 0.1, 'freq': 1000, 'condition': 'expected', 'thisN': 23, 'thisTrialN': 11, 'thisRepN': 1}>
103.9044 	EXP 	text: autoDraw = False
103.9044 	EXP 	textbox: autoDraw = False
103.9044 	EXP 	polygon: autoDraw = True
104.1234 	DATA 	Mouse:  Left button up, pos=(1189,279)
104.9052 	INFO 	Keyboard events cleared
104.9051 	EXP 	polygon: autoDraw = False
104.9051 	EXP 	polygon_2: autoDraw = True
105.1886 	EXP 	Device response: <KeyPress from None: t=105.17386350000743, value=lwindows, duration=None>
105.1894 	DATA 	Keypress: lwindows
107.1191 	EXP 	Device response: <KeyPress from None: t=105.17386350000743, value=lwindows, duration=1.9062441999849398>
107.8581 	EXP 	Device response: <KeyPress from None: t=107.84332939999877, value=space, duration=None>
107.8604 	DATA 	Keypress: space
107.8742 	EXP 	polygon: autoDraw = False
107.8742 	EXP 	polygon_2: autoDraw = False
107.9233 	EXP 	Device response: <KeyPress from None: t=107.84332939999877, value=space, duration=0.0734185999899637>
107.9566 	EXP 	Sound sound_1 reached end of file
107.9730 	EXP 	Playing sound sound_1 on speaker Speaker (2- Realtek(R) Audio)
108.2736 	EXP 	Sound sound_1 stopped
108.2883 	EXP 	text: autoDraw = True
108.2883 	EXP 	textbox: autoDraw = True
109.2153 	DATA 	Keypress: 8
109.2253 	EXP 	Device response: <KeyPress from None: t=109.21473239999614, value=8, duration=None>
109.2919 	EXP 	Device response: <KeyPress from None: t=109.21473239999614, value=8, duration=0.06685569998808205>
109.3911 	DATA 	Keypress: 7
109.3924 	EXP 	Device response: <KeyPress from None: t=109.38439970000763, value=7, duration=None>
109.4576 	EXP 	Device response: <KeyPress from None: t=109.38439970000763, value=7, duration=0.056698699976550415>
110.9419 	DATA 	Keypress: space
110.9437 	EXP 	Device response: <KeyPress from None: t=110.93656760000158, value=space, duration=None>
110.9921 	EXP 	Device response: <KeyPress from None: t=110.93656760000158, value=space, duration=0.04154259999631904>
112.2578 	DATA 	Mouse: Left button down, pos=(1189,279)
112.2586 	EXP 	New trial (rep=2, index=0): <Trial 24 (0 in rep 2) data={'delay': 0.1, 'freq': 1000, 'condition': 'expected', 'thisN': 24, 'thisTrialN': 0, 'thisRepN': 2}>
112.2737 	EXP 	text: autoDraw = False
112.2737 	EXP 	textbox: autoDraw = False
112.2737 	EXP 	polygon: autoDraw = True
112.4937 	DATA 	Mouse:  Left button up, pos=(1189,279)
112.7078 	EXP 	Device response: <KeyPress from None: t=112.6957323999959, value=lwindows, duration=None>
112.7093 	DATA 	Keypress: lwindows
113.2733 	INFO 	Keyboard events cleared
113.2732 	EXP 	polygon: autoDraw = False
113.2732 	EXP 	polygon_2: autoDraw = True
113.2903 	EXP 	Device response: <KeyPress from None: t=112.6957323999959, value=lwindows, duration=0.583156799984863>
115.2269 	EXP 	Device response: <KeyPress from None: t=115.21831039999961, value=6, duration=None>
115.2288 	DATA 	Keypress: 6
115.3093 	EXP 	Device response: <KeyPress from None: t=115.21831039999961, value=6, duration=0.07758300000568852>
115.4771 	EXP 	Device response: <KeyPress from None: t=115.46306509998976, value=4, duration=None>
115.4786 	DATA 	Keypress: 4
115.5758 	EXP 	Device response: <KeyPress from None: t=115.46306509998976, value=4, duration=0.09865140001056716>
116.1098 	EXP 	Device response: <KeyPress from None: t=116.10870439998689, value=space, duration=None>
116.1122 	DATA 	Keypress: space
116.1258 	EXP 	polygon: autoDraw = False
116.1258 	EXP 	polygon_2: autoDraw = False
116.1927 	EXP 	Device response: <KeyPress from None: t=116.10870439998689, value=space, duration=0.07920390000799671>
116.2098 	EXP 	Sound sound_1 reached end of file
116.2261 	EXP 	Playing sound sound_1 on speaker Speaker (2- Realtek(R) Audio)
116.5227 	EXP 	Sound sound_1 stopped
116.5380 	EXP 	text: autoDraw = True
116.5380 	EXP 	textbox: autoDraw = True
117.1830 	DATA 	Keypress: 7
117.1933 	EXP 	Device response: <KeyPress from None: t=117.18059370000265, value=7, duration=None>
117.2598 	EXP 	Device response: <KeyPress from None: t=117.18059370000265, value=7, duration=0.07144969998626038>
117.3932 	DATA 	Keypress: 6
117.3947 	EXP 	Device response: <KeyPress from None: t=117.38941539998632, value=6, duration=None>
117.4593 	EXP 	Device response: <KeyPress from None: t=117.38941539998632, value=6, duration=0.05607449999661185>
118.3172 	DATA 	Keypress: space
118.3263 	EXP 	Device response: <KeyPress from None: t=118.31532520000474, value=space, duration=None>
118.3765 	EXP 	Device response: <KeyPress from None: t=118.31532520000474, value=space, duration=0.04765579997911118>
119.3340 	DATA 	Mouse: Left button down, pos=(1189,279)
119.3434 	EXP 	New trial (rep=2, index=1): <Trial 25 (1 in rep 2) data={'delay': 0.1, 'freq': 1000, 'condition': 'expected', 'thisN': 25, 'thisTrialN': 1, 'thisRepN': 2}>
119.3597 	EXP 	text: autoDraw = False
119.3597 	EXP 	textbox: autoDraw = False
119.3597 	EXP 	polygon: autoDraw = True
119.5628 	DATA 	Mouse:  Left button up, pos=(1189,279)
119.9603 	EXP 	Device response: <KeyPress from None: t=119.94549789998564, value=lwindows, duration=None>
119.9619 	DATA 	Keypress: lwindows
120.3618 	INFO 	Keyboard events cleared
120.3615 	EXP 	polygon_2: autoDraw = True
120.3673 	EXP 	polygon: autoDraw = False
122.7012 	DATA 	Mouse:  Left button up, pos=(2325,512)
125.3807 	DATA 	Mouse: Left button down, pos=(1227,534)
125.5627 	EXP 	Device response: <KeyPress from None: t=125.55561280000256, value=comma, duration=None>
125.5641 	DATA 	Keypress: comma
125.6154 	DATA 	Mouse:  Left button up, pos=(1227,534)
125.6619 	EXP 	Device response: <KeyPress from None: t=125.55561280000256, value=comma, duration=0.0968863999878522>
125.9287 	EXP 	Device response: <KeyPress from None: t=125.91919439999037, value=space, duration=None>
125.9302 	DATA 	Keypress: space
125.9448 	EXP 	polygon: autoDraw = False
125.9448 	EXP 	polygon_2: autoDraw = False
126.0120 	EXP 	Sound sound_1 reached end of file
126.0284 	EXP 	Playing sound sound_1 on speaker Speaker (2- Realtek(R) Audio)
126.0284 	EXP 	Device response: <KeyPress from None: t=125.91919439999037, value=space, duration=0.0952056999958586>
126.3264 	EXP 	Sound sound_1 stopped
126.3405 	EXP 	text: autoDraw = True
126.3405 	EXP 	textbox: autoDraw = True
127.0456 	DATA 	Keypress: 7
127.0470 	EXP 	Device response: <KeyPress from None: t=127.04027369999676, value=7, duration=None>
127.1462 	EXP 	Device response: <KeyPress from None: t=127.04027369999676, value=7, duration=0.0999737000092864>
127.2624 	DATA 	Keypress: 6
127.2642 	EXP 	Device response: <KeyPress from None: t=127.26090379999368, value=6, duration=None>
127.3454 	EXP 	Device response: <KeyPress from None: t=127.26090379999368, value=6, duration=0.0761732000100892>
128.3203 	DATA 	Mouse: Left button down, pos=(1250,263)
128.3294 	EXP 	New trial (rep=2, index=2): <Trial 26 (2 in rep 2) data={'delay': 0.4, 'freq': 400, 'condition': 'unexp', 'thisN': 26, 'thisTrialN': 2, 'thisRepN': 2}>
128.3450 	EXP 	text: autoDraw = False
128.3450 	EXP 	textbox: autoDraw = False
128.3450 	EXP 	polygon: autoDraw = True
128.5485 	DATA 	Mouse:  Left button up, pos=(1250,263)
129.3452 	INFO 	Keyboard events cleared
129.3449 	EXP 	polygon: autoDraw = False
129.3449 	EXP 	polygon_2: autoDraw = True
130.8292 	EXP 	Device response: <KeyPress from None: t=130.81911419998505, value=space, duration=None>
130.8321 	DATA 	Keypress: space
130.8452 	EXP 	polygon: autoDraw = False
130.8452 	EXP 	polygon_2: autoDraw = False
130.9461 	EXP 	Device response: <KeyPress from None: t=130.81911419998505, value=space, duration=0.1150086999987252>
131.2137 	EXP 	Sound sound_1 reached end of file
131.2289 	EXP 	Playing sound sound_1 on speaker Speaker (2- Realtek(R) Audio)
131.5227 	EXP 	Sound sound_1 stopped
131.5364 	EXP 	text: autoDraw = True
131.5364 	EXP 	textbox: autoDraw = True
132.9671 	DATA 	Keypress: 9
132.9785 	EXP 	Device response: <KeyPress from None: t=132.9625051000039, value=9, duration=None>
133.0633 	EXP 	Device response: <KeyPress from None: t=132.9625051000039, value=9, duration=0.08857569997780956>
133.2954 	DATA 	Keypress: 6
133.2969 	EXP 	Device response: <KeyPress from None: t=133.29341990000103, value=6, duration=None>
133.3786 	EXP 	Device response: <KeyPress from None: t=133.29341990000103, value=6, duration=0.06959259998984635>
134.4142 	DATA 	Mouse: Left button down, pos=(1210,337)
134.4154 	EXP 	New trial (rep=2, index=3): <Trial 27 (3 in rep 2) data={'delay': 0.4, 'freq': 1000, 'condition': 'expected', 'thisN': 27, 'thisTrialN': 3, 'thisRepN': 2}>
134.4277 	EXP 	text: autoDraw = False
134.4277 	EXP 	textbox: autoDraw = False
134.4277 	EXP 	polygon: autoDraw = True
134.6482 	DATA 	Mouse:  Left button up, pos=(1210,337)
134.9286 	EXP 	Device response: <KeyPress from None: t=134.92707700000028, value=lwindows, duration=None>
134.9299 	DATA 	Keypress: lwindows
135.4282 	INFO 	Keyboard events cleared
135.4280 	EXP 	polygon: autoDraw = False
135.4280 	EXP 	polygon_2: autoDraw = True
138.2854 	DATA 	Mouse: Left button down, pos=(1168,568)
138.5044 	DATA 	Mouse:  Left button up, pos=(1168,568)
138.6172 	EXP 	Device response: <KeyPress from None: t=138.61207519998425, value=space, duration=None>
138.6195 	DATA 	Keypress: space
138.6344 	EXP 	polygon: autoDraw = False
138.6344 	EXP 	polygon_2: autoDraw = False
138.7344 	EXP 	Device response: <KeyPress from None: t=138.61207519998425, value=space, duration=0.10921980001148768>
139.0002 	EXP 	Sound sound_1 reached end of file
139.0165 	EXP 	Playing sound sound_1 on speaker Speaker (2- Realtek(R) Audio)
139.3127 	EXP 	Sound sound_1 stopped
139.3278 	EXP 	text: autoDraw = True
139.3278 	EXP 	textbox: autoDraw = True
140.1679 	DATA 	Keypress: 8
140.1693 	EXP 	Device response: <KeyPress from None: t=140.16345739999088, value=8, duration=None>
140.2340 	EXP 	Device response: <KeyPress from None: t=140.16345739999088, value=8, duration=0.059205600002314895>
140.3676 	DATA 	Keypress: 9
140.3692 	EXP 	Device response: <KeyPress from None: t=140.36617059999844, value=9, duration=None>
140.4512 	EXP 	Device response: <KeyPress from None: t=140.36617059999844, value=9, duration=0.0699116000032518>
141.9687 	DATA 	Mouse: Left button down, pos=(1227,317)
141.9700 	EXP 	New trial (rep=2, index=4): <Trial 28 (4 in rep 2) data={'delay': 0.7, 'freq': 1000, 'condition': 'expected', 'thisN': 28, 'thisTrialN': 4, 'thisRepN': 2}>
141.9833 	EXP 	text: autoDraw = False
141.9833 	EXP 	textbox: autoDraw = False
141.9833 	EXP 	polygon: autoDraw = True
142.1869 	DATA 	Mouse:  Left button up, pos=(1227,317)
142.9846 	INFO 	Keyboard events cleared
142.9844 	EXP 	polygon: autoDraw = False
142.9844 	EXP 	polygon_2: autoDraw = True
144.2013 	EXP 	Device response: <KeyPress from None: t=144.19540929998038, value=space, duration=None>
144.2036 	DATA 	Keypress: space
144.2172 	EXP 	polygon: autoDraw = False
144.2172 	EXP 	polygon_2: autoDraw = False
144.2850 	EXP 	Device response: <KeyPress from None: t=144.19540929998038, value=space, duration=0.07946670000092126>
144.8849 	EXP 	Sound sound_1 reached end of file
144.9009 	EXP 	Playing sound sound_1 on speaker Speaker (2- Realtek(R) Audio)
145.1982 	EXP 	Sound sound_1 stopped
145.2285 	EXP 	text: autoDraw = True
145.2285 	EXP 	textbox: autoDraw = True
146.4390 	DATA 	Keypress: 6
146.4505 	EXP 	Device response: <KeyPress from None: t=146.43509499999345, value=6, duration=None>
146.5183 	EXP 	Device response: <KeyPress from None: t=146.43509499999345, value=6, duration=0.07144390000030398>
146.6849 	DATA 	Keypress: 5
146.6868 	EXP 	Device response: <KeyPress from None: t=146.67941929999506, value=5, duration=None>
146.7524 	EXP 	Device response: <KeyPress from None: t=146.67941929999506, value=5, duration=0.066486800002167>
146.9032 	DATA 	Keypress: 7
146.9173 	EXP 	Device response: <KeyPress from None: t=146.90036460000556, value=7, duration=None>
146.9857 	EXP 	Device response: <KeyPress from None: t=146.90036460000556, value=7, duration=0.0796148999943398>
148.0524 	DATA 	Mouse: Left button down, pos=(1206,290)
148.0538 	EXP 	New trial (rep=2, index=5): <Trial 29 (5 in rep 2) data={'delay': 0.1, 'freq': 400, 'condition': 'unexp', 'thisN': 29, 'thisTrialN': 5, 'thisRepN': 2}>
148.0664 	EXP 	text: autoDraw = False
148.0664 	EXP 	textbox: autoDraw = False
148.0664 	EXP 	polygon: autoDraw = True
148.2879 	DATA 	Mouse:  Left button up, pos=(1206,290)
148.5341 	EXP 	Device response: <KeyPress from None: t=148.52016709998134, value=lwindows, duration=None>
148.5354 	DATA 	Keypress: lwindows
149.0347 	EXP 	Device response: <KeyPress from None: t=148.52016709998134, value=lwindows, duration=0.5108915000164416>
149.0992 	INFO 	Keyboard events cleared
149.0990 	EXP 	polygon: autoDraw = False
149.0990 	EXP 	polygon_2: autoDraw = True
150.6954 	EXP 	Device response: <KeyPress from None: t=150.69153419998474, value=u, duration=None>
150.6969 	DATA 	Keypress: u
150.7449 	EXP 	Device response: <KeyPress from None: t=150.69153419998474, value=u, duration=0.051068600005237386>
151.5954 	EXP 	Device response: <KeyPress from None: t=151.59421059998567, value=7, duration=None>
151.5969 	DATA 	Keypress: 7
151.6968 	EXP 	Device response: <KeyPress from None: t=151.59421059998567, value=7, duration=0.08508620000793599>
151.8124 	EXP 	Device response: <KeyPress from None: t=151.80696549999993, value=6, duration=None>
151.8139 	DATA 	Keypress: 6
151.9123 	EXP 	Device response: <KeyPress from None: t=151.80696549999993, value=6, duration=0.09076739998999983>
152.3144 	DATA 	Keypress: space
152.3301 	EXP 	Device response: <KeyPress from None: t=152.31372569999075, value=space, duration=None>
152.3455 	EXP 	polygon: autoDraw = False
152.3455 	EXP 	polygon_2: autoDraw = False
152.4294 	EXP 	Sound sound_1 reached end of file
152.4457 	EXP 	Playing sound sound_1 on speaker Speaker (2- Realtek(R) Audio)
152.4297 	EXP 	Device response: <KeyPress from None: t=152.31372569999075, value=space, duration=0.10946209999383427>
152.7465 	EXP 	Sound sound_1 stopped
152.7612 	EXP 	text: autoDraw = True
152.7612 	EXP 	textbox: autoDraw = True
153.7496 	DATA 	Keypress: 4
153.7621 	EXP 	Device response: <KeyPress from None: t=153.74696699998458, value=4, duration=None>
153.8130 	EXP 	Device response: <KeyPress from None: t=153.74696699998458, value=4, duration=0.05921249999664724>
153.9510 	DATA 	Keypress: 5
153.9623 	EXP 	Device response: <KeyPress from None: t=153.94920329999877, value=5, duration=None>
154.0283 	EXP 	Device response: <KeyPress from None: t=153.94920329999877, value=5, duration=0.06806819999474101>
154.1381 	DATA 	Keypress: 6
154.1460 	EXP 	Device response: <KeyPress from None: t=154.13588439999148, value=6, duration=None>
154.2150 	EXP 	Device response: <KeyPress from None: t=154.13588439999148, value=6, duration=0.07479360001161695>
155.1307 	DATA 	Mouse: Left button down, pos=(1186,262)
155.1321 	EXP 	New trial (rep=2, index=6): <Trial 30 (6 in rep 2) data={'delay': 0.4, 'freq': 1000, 'condition': 'expected', 'thisN': 30, 'thisTrialN': 6, 'thisRepN': 2}>
155.1446 	EXP 	text: autoDraw = False
155.1446 	EXP 	textbox: autoDraw = False
155.1446 	EXP 	polygon: autoDraw = True
155.3649 	DATA 	Mouse:  Left button up, pos=(1186,262)
155.7293 	EXP 	Device response: <KeyPress from None: t=155.72738359999494, value=space, duration=None>
155.7308 	DATA 	Keypress: space
155.8626 	EXP 	Device response: <KeyPress from None: t=155.72738359999494, value=space, duration=0.11971520000952296>
156.1449 	INFO 	Keyboard events cleared
156.1447 	EXP 	polygon: autoDraw = False
156.1447 	EXP 	polygon_2: autoDraw = True
156.1795 	EXP 	Device response: <KeyPress from None: t=156.17169679998187, value=space, duration=None>
156.1817 	DATA 	Keypress: space
156.1950 	EXP 	polygon: autoDraw = False
156.1950 	EXP 	polygon_2: autoDraw = False
156.2623 	EXP 	Device response: <KeyPress from None: t=156.17169679998187, value=space, duration=0.08855520002543926>
156.5791 	EXP 	Sound sound_1 reached end of file
156.5953 	EXP 	Playing sound sound_1 on speaker Speaker (2- Realtek(R) Audio)
156.8946 	EXP 	Sound sound_1 stopped
156.9084 	EXP 	text: autoDraw = True
156.9084 	EXP 	textbox: autoDraw = True
157.8786 	DATA 	Keypress: 8
157.8800 	EXP 	Device response: <KeyPress from None: t=157.87792769999942, value=8, duration=None>
157.9618 	EXP 	Device response: <KeyPress from None: t=157.87792769999942, value=8, duration=0.0682727999810595>
158.0797 	DATA 	Keypress: 7
158.0826 	EXP 	Device response: <KeyPress from None: t=158.07045440000365, value=7, duration=None>
158.1633 	EXP 	Device response: <KeyPress from None: t=158.07045440000365, value=7, duration=0.07654310000361875>
158.2786 	DATA 	Keypress: 6
158.2799 	EXP 	Device response: <KeyPress from None: t=158.27354399999604, value=6, duration=None>
158.3475 	EXP 	Device response: <KeyPress from None: t=158.27354399999604, value=6, duration=0.06348829998751171>
159.4504 	DATA 	Mouse: Left button down, pos=(1193,287)
159.4625 	EXP 	New trial (rep=2, index=7): <Trial 31 (7 in rep 2) data={'delay': 0.7, 'freq': 400, 'condition': 'unexp', 'thisN': 31, 'thisTrialN': 7, 'thisRepN': 2}>
159.4781 	EXP 	text: autoDraw = False
159.4781 	EXP 	textbox: autoDraw = False
159.4781 	EXP 	polygon: autoDraw = True
159.6810 	DATA 	Mouse:  Left button up, pos=(1193,287)
159.9125 	EXP 	Device response: <KeyPress from None: t=159.90999620000366, value=space, duration=None>
159.9134 	DATA 	Keypress: space
160.0129 	EXP 	Device response: <KeyPress from None: t=159.90999620000366, value=space, duration=0.09126459999242797>
160.3463 	EXP 	Device response: <KeyPress from None: t=160.34222900000168, value=space, duration=None>
160.3477 	DATA 	Keypress: space
160.4129 	EXP 	Device response: <KeyPress from None: t=160.34222900000168, value=space, duration=0.06894389999797568>
160.4628 	INFO 	Keyboard events cleared
160.4626 	EXP 	polygon_2: autoDraw = True
160.4788 	EXP 	polygon: autoDraw = False
161.2459 	EXP 	Device response: <KeyPress from None: t=161.23932970000897, value=space, duration=None>
161.2490 	DATA 	Keypress: space
161.2622 	EXP 	polygon: autoDraw = False
161.2622 	EXP 	polygon_2: autoDraw = False
161.3466 	EXP 	Device response: <KeyPress from None: t=161.23932970000897, value=space, duration=0.09647079999558628>
161.9304 	EXP 	Sound sound_1 reached end of file
161.9460 	EXP 	Playing sound sound_1 on speaker Speaker (2- Realtek(R) Audio)
161.9471 	EXP 	Device response: <KeyPress from None: t=161.94326870000805, value=9, duration=None>
161.9490 	DATA 	Keypress: 9
162.0469 	EXP 	Device response: <KeyPress from None: t=161.94326870000805, value=9, duration=0.08752109998022206>
162.2117 	EXP 	Device response: <KeyPress from None: t=162.21073510000133, value=8, duration=None>
162.2127 	DATA 	Keypress: 8
162.2484 	EXP 	Sound sound_1 stopped
162.2620 	EXP 	text: autoDraw = True
162.2620 	EXP 	textbox: autoDraw = True
162.2962 	EXP 	Device response: <KeyPress from None: t=162.21073510000133, value=8, duration=0.08341099999961443>
163.1008 	DATA 	Keypress: 9
163.1120 	EXP 	Device response: <KeyPress from None: t=163.09881450000103, value=9, duration=None>
163.1951 	EXP 	Device response: <KeyPress from None: t=163.09881450000103, value=9, duration=0.08046249998733401>
163.2965 	DATA 	Keypress: 8
163.2983 	EXP 	Device response: <KeyPress from None: t=163.29439039999852, value=8, duration=None>
163.3793 	EXP 	Device response: <KeyPress from None: t=163.29439039999852, value=8, duration=0.07746279999264516>
163.5135 	DATA 	Keypress: 7
163.5154 	EXP 	Device response: <KeyPress from None: t=163.51034690000233, value=7, duration=None>
163.5954 	EXP 	Device response: <KeyPress from None: t=163.51034690000233, value=7, duration=0.07405349999316968>
164.5645 	DATA 	Mouse: Left button down, pos=(1236,303)
164.5660 	EXP 	New trial (rep=2, index=8): <Trial 32 (8 in rep 2) data={'delay': 0.4, 'freq': 1000, 'condition': 'expected', 'thisN': 32, 'thisTrialN': 8, 'thisRepN': 2}>
164.5788 	EXP 	text: autoDraw = False
164.5788 	EXP 	textbox: autoDraw = False
164.5788 	EXP 	polygon: autoDraw = True
164.7825 	DATA 	Mouse:  Left button up, pos=(1236,303)
165.3151 	DATA 	Keypress: space
165.3297 	EXP 	Device response: <KeyPress from None: t=165.31408609999926, value=space, duration=None>
165.4128 	EXP 	Device response: <KeyPress from None: t=165.31408609999926, value=space, duration=0.09600009999121539>
165.5790 	INFO 	Keyboard events cleared
165.5788 	EXP 	polygon: autoDraw = False
165.5788 	EXP 	polygon_2: autoDraw = True
165.7133 	EXP 	Device response: <KeyPress from None: t=165.70835119998083, value=space, duration=None>
165.7155 	DATA 	Keypress: space
165.7290 	EXP 	polygon: autoDraw = False
165.7290 	EXP 	polygon_2: autoDraw = False
165.7965 	EXP 	Device response: <KeyPress from None: t=165.70835119998083, value=space, duration=0.07625209999969229>
166.1132 	EXP 	Sound sound_1 reached end of file
166.1292 	EXP 	Playing sound sound_1 on speaker Speaker (2- Realtek(R) Audio)
166.4263 	EXP 	Sound sound_1 stopped
166.4406 	EXP 	text: autoDraw = True
166.4406 	EXP 	textbox: autoDraw = True
166.8196 	DATA 	Keypress: 9
166.8284 	EXP 	Device response: <KeyPress from None: t=166.81829979998292, value=9, duration=None>
166.8951 	EXP 	Device response: <KeyPress from None: t=166.81829979998292, value=9, duration=0.06357779999962077>
167.0304 	DATA 	Keypress: 9
167.0327 	EXP 	Device response: <KeyPress from None: t=167.0225014000025, value=9, duration=None>
167.0966 	EXP 	Device response: <KeyPress from None: t=167.0225014000025, value=9, duration=0.06261699998867698>
167.5168 	DATA 	Keypress: 9
167.5307 	EXP 	Device response: <KeyPress from None: t=167.51583260000916, value=9, duration=None>
167.5957 	EXP 	Device response: <KeyPress from None: t=167.51583260000916, value=9, duration=0.0670904999715276>
168.6988 	DATA 	Mouse: Left button down, pos=(1236,303)
168.7129 	EXP 	New trial (rep=2, index=9): <Trial 33 (9 in rep 2) data={'delay': 0.1, 'freq': 1000, 'condition': 'expected', 'thisN': 33, 'thisTrialN': 9, 'thisRepN': 2}>
168.7279 	EXP 	text: autoDraw = False
168.7279 	EXP 	textbox: autoDraw = False
168.7279 	EXP 	polygon: autoDraw = True
168.9313 	DATA 	Mouse:  Left button up, pos=(1236,303)
169.7131 	INFO 	Keyboard events cleared
169.7128 	EXP 	polygon_2: autoDraw = True
169.7287 	EXP 	polygon: autoDraw = False
169.8290 	EXP 	Device response: <KeyPress from None: t=169.82130899999174, value=space, duration=None>
169.8315 	DATA 	Keypress: space
169.8451 	EXP 	polygon: autoDraw = False
169.8451 	EXP 	polygon_2: autoDraw = False
169.9284 	EXP 	Sound sound_1 reached end of file
169.9446 	EXP 	Playing sound sound_1 on speaker Speaker (2- Realtek(R) Audio)
169.9287 	EXP 	Device response: <KeyPress from None: t=169.82130899999174, value=space, duration=0.09683470000163652>
170.2428 	EXP 	Sound sound_1 stopped
170.2605 	EXP 	text: autoDraw = True
170.2605 	EXP 	textbox: autoDraw = True
170.8292 	DATA 	Keypress: 9
170.8309 	EXP 	Device response: <KeyPress from None: t=170.82803929998772, value=9, duration=None>
170.9288 	EXP 	Device response: <KeyPress from None: t=170.82803929998772, value=9, duration=0.088342900009593>
171.0456 	DATA 	Keypress: 8
171.0474 	EXP 	Device response: <KeyPress from None: t=171.0435182999936, value=8, duration=None>
171.1469 	EXP 	Device response: <KeyPress from None: t=171.0435182999936, value=8, duration=0.09320410000509582>
171.2687 	DATA 	Keypress: 7
171.2792 	EXP 	Device response: <KeyPress from None: t=171.26611339999363, value=7, duration=None>
171.3455 	EXP 	Device response: <KeyPress from None: t=171.26611339999363, value=7, duration=0.07326939998893067>
172.5026 	DATA 	Mouse: Left button down, pos=(1236,303)
172.5129 	EXP 	New trial (rep=2, index=10): <Trial 34 (10 in rep 2) data={'delay': 0.7, 'freq': 1000, 'condition': 'expected', 'thisN': 34, 'thisTrialN': 10, 'thisRepN': 2}>
172.5278 	EXP 	text: autoDraw = False
172.5278 	EXP 	textbox: autoDraw = False
172.5278 	EXP 	polygon: autoDraw = True
172.7325 	DATA 	Mouse:  Left button up, pos=(1236,303)
173.2296 	EXP 	Device response: <KeyPress from None: t=173.2233672000002, value=space, duration=None>
173.2310 	DATA 	Keypress: space
173.3464 	EXP 	Device response: <KeyPress from None: t=173.2233672000002, value=space, duration=0.12238190000061877>
173.5126 	INFO 	Keyboard events cleared
173.5123 	EXP 	polygon_2: autoDraw = True
173.5288 	EXP 	polygon: autoDraw = False
173.6966 	EXP 	Device response: <KeyPress from None: t=173.69374439999228, value=space, duration=None>
173.7018 	DATA 	Keypress: space
173.7120 	EXP 	polygon: autoDraw = False
173.7120 	EXP 	polygon_2: autoDraw = False
173.7790 	EXP 	Device response: <KeyPress from None: t=173.69374439999228, value=space, duration=0.07722480001393706>
174.3954 	EXP 	Sound sound_1 reached end of file
174.4116 	EXP 	Playing sound sound_1 on speaker Speaker (2- Realtek(R) Audio)
174.7151 	EXP 	Sound sound_1 stopped
174.7269 	EXP 	text: autoDraw = True
174.7269 	EXP 	textbox: autoDraw = True
175.1363 	DATA 	Keypress: 9
175.1450 	EXP 	Device response: <KeyPress from None: t=175.13079349999316, value=9, duration=None>
175.2121 	EXP 	Device response: <KeyPress from None: t=175.13079349999316, value=9, duration=0.0650626000133343>
175.3340 	DATA 	Keypress: 8
175.3459 	EXP 	Device response: <KeyPress from None: t=175.33339489999344, value=8, duration=None>
175.3974 	EXP 	Device response: <KeyPress from None: t=175.33339489999344, value=8, duration=0.05358830001205206>
175.5121 	DATA 	Keypress: 9
175.5136 	EXP 	Device response: <KeyPress from None: t=175.5088318999915, value=9, duration=None>
175.5954 	EXP 	Device response: <KeyPress from None: t=175.5088318999915, value=9, duration=0.07020489999558777>
176.6825 	DATA 	Mouse: Left button down, pos=(1236,303)
176.6965 	EXP 	New trial (rep=2, index=11): <Trial 35 (11 in rep 2) data={'delay': 0.7, 'freq': 1000, 'condition': 'expected', 'thisN': 35, 'thisTrialN': 11, 'thisRepN': 2}>
176.7118 	EXP 	text: autoDraw = False
176.7118 	EXP 	textbox: autoDraw = False
176.7118 	EXP 	polygon: autoDraw = True
176.9155 	DATA 	Mouse:  Left button up, pos=(1236,303)
177.4291 	EXP 	Device response: <KeyPress from None: t=177.42731979998644, value=space, duration=None>
177.4302 	DATA 	Keypress: space
177.5130 	EXP 	Device response: <KeyPress from None: t=177.42731979998644, value=space, duration=0.07121230001212098>
177.6960 	INFO 	Keyboard events cleared
177.6958 	EXP 	polygon_2: autoDraw = True
177.7124 	EXP 	polygon: autoDraw = False
177.8644 	EXP 	Device response: <KeyPress from None: t=177.86163979998673, value=space, duration=None>
177.8686 	DATA 	Keypress: space
177.8785 	EXP 	polygon: autoDraw = False
177.8785 	EXP 	polygon_2: autoDraw = False
177.9296 	EXP 	Device response: <KeyPress from None: t=177.86163979998673, value=space, duration=0.06075060000875965>
178.5626 	EXP 	Sound sound_1 reached end of file
178.5783 	EXP 	Playing sound sound_1 on speaker Speaker (2- Realtek(R) Audio)
178.8777 	EXP 	Sound sound_1 stopped
178.8991 	EXP 	text: autoDraw = True
178.8991 	EXP 	textbox: autoDraw = True
179.9785 	DATA 	Keypress: 9
179.9799 	EXP 	Device response: <KeyPress from None: t=179.9745886999881, value=9, duration=None>
180.0459 	EXP 	Device response: <KeyPress from None: t=179.9745886999881, value=9, duration=0.07026790000963956>
180.8790 	DATA 	Keypress: 6
180.8807 	EXP 	Device response: <KeyPress from None: t=180.87505289999535, value=6, duration=None>
180.9453 	EXP 	Device response: <KeyPress from None: t=180.87505289999535, value=6, duration=0.06191630000830628>
181.2030 	DATA 	Keypress: 9
181.2122 	EXP 	Device response: <KeyPress from None: t=181.20257399999537, value=9, duration=None>
181.2954 	EXP 	Device response: <KeyPress from None: t=181.20257399999537, value=9, duration=0.07702319999225438>
182.2304 	DATA 	Mouse: Left button down, pos=(1236,303)
182.2318 	EXP 	New trial (rep=3, index=0): <Trial 36 (0 in rep 3) data={'delay': 0.1, 'freq': 1000, 'condition': 'expected', 'thisN': 36, 'thisTrialN': 0, 'thisRepN': 3}>
182.2445 	EXP 	text: autoDraw = False
182.2445 	EXP 	textbox: autoDraw = False
182.2445 	EXP 	polygon: autoDraw = True
182.4654 	DATA 	Mouse:  Left button up, pos=(1236,303)
182.8960 	EXP 	Device response: <KeyPress from None: t=182.88413669998408, value=space, duration=None>
182.8975 	DATA 	Keypress: space
182.9300 	EXP 	Device response: <KeyPress from None: t=182.88413669998408, value=space, duration=0.04526850002002902>
183.2455 	INFO 	Keyboard events cleared
183.2453 	EXP 	polygon: autoDraw = False
183.2453 	EXP 	polygon_2: autoDraw = True
183.3797 	EXP 	Device response: <KeyPress from None: t=183.37440139998216, value=space, duration=None>
183.3845 	DATA 	Keypress: space
183.3949 	EXP 	polygon: autoDraw = False
183.3949 	EXP 	polygon_2: autoDraw = False
183.4640 	EXP 	Sound sound_1 reached end of file
183.4793 	EXP 	Playing sound sound_1 on speaker Speaker (2- Realtek(R) Audio)
183.4804 	EXP 	Device response: <KeyPress from None: t=183.37440139998216, value=space, duration=0.09953269999823533>
183.7833 	EXP 	Sound sound_1 stopped
183.8056 	EXP 	text: autoDraw = True
183.8056 	EXP 	textbox: autoDraw = True
184.8953 	DATA 	Keypress: 9
184.8966 	EXP 	Device response: <KeyPress from None: t=184.88956849998794, value=9, duration=None>
184.9643 	EXP 	Device response: <KeyPress from None: t=184.88956849998794, value=9, duration=0.06764720001956448>
185.6645 	DATA 	Keypress: 6
185.6665 	EXP 	Device response: <KeyPress from None: t=185.66273690000526, value=6, duration=None>
185.7487 	EXP 	Device response: <KeyPress from None: t=185.66273690000526, value=6, duration=0.08386369998333976>
185.8964 	DATA 	Keypress: 7
185.8991 	EXP 	Device response: <KeyPress from None: t=185.89307259998168, value=7, duration=None>
185.9805 	EXP 	Device response: <KeyPress from None: t=185.89307259998168, value=7, duration=0.08123590002651326>
187.1716 	DATA 	Mouse: Left button down, pos=(1236,303)
187.1794 	EXP 	New trial (rep=3, index=1): <Trial 37 (1 in rep 3) data={'delay': 0.4, 'freq': 1000, 'condition': 'expected', 'thisN': 37, 'thisTrialN': 1, 'thisRepN': 3}>
187.1945 	EXP 	text: autoDraw = False
187.1945 	EXP 	textbox: autoDraw = False
187.1945 	EXP 	polygon: autoDraw = True
187.3987 	DATA 	Mouse:  Left button up, pos=(1236,303)
188.1790 	INFO 	Keyboard events cleared
188.1787 	EXP 	polygon_2: autoDraw = True
188.1810 	DATA 	Keypress: space
188.1957 	EXP 	polygon: autoDraw = False
188.5458 	EXP 	Device response: <KeyPress from None: t=188.54492699998082, value=space, duration=None>
188.5480 	DATA 	Keypress: space
188.5623 	EXP 	polygon: autoDraw = False
188.5623 	EXP 	polygon_2: autoDraw = False
188.6629 	EXP 	Device response: <KeyPress from None: t=188.54492699998082, value=space, duration=0.11247750002075918>
188.9296 	EXP 	Sound sound_1 reached end of file
188.9458 	EXP 	Playing sound sound_1 on speaker Speaker (2- Realtek(R) Audio)
189.2446 	EXP 	Sound sound_1 stopped
189.2596 	EXP 	text: autoDraw = True
189.2596 	EXP 	textbox: autoDraw = True
190.3335 	DATA 	Keypress: 4
190.3454 	EXP 	Device response: <KeyPress from None: t=190.33223010000074, value=4, duration=None>
190.4139 	EXP 	Device response: <KeyPress from None: t=190.33223010000074, value=4, duration=0.07495129999006167>
190.5289 	DATA 	Keypress: 5
190.5309 	EXP 	Device response: <KeyPress from None: t=190.5188014000014, value=5, duration=None>
190.6152 	EXP 	Device response: <KeyPress from None: t=190.5188014000014, value=5, duration=0.08605119999265298>
190.6697 	DATA 	Keypress: 3
190.6797 	EXP 	Device response: <KeyPress from None: t=190.66883569999482, value=3, duration=None>
190.7628 	EXP 	Device response: <KeyPress from None: t=190.66883569999482, value=3, duration=0.08362779999151826>
191.7317 	DATA 	Mouse: Left button down, pos=(1236,303)
191.7456 	EXP 	New trial (rep=3, index=2): <Trial 38 (2 in rep 3) data={'delay': 0.1, 'freq': 1000, 'condition': 'expected', 'thisN': 38, 'thisTrialN': 2, 'thisRepN': 3}>
191.7611 	EXP 	text: autoDraw = False
191.7611 	EXP 	textbox: autoDraw = False
191.7611 	EXP 	polygon: autoDraw = True
191.9649 	DATA 	Mouse:  Left button up, pos=(1236,303)
192.3128 	EXP 	Device response: <KeyPress from None: t=192.29803000000538, value=space, duration=None>
192.3145 	DATA 	Keypress: space
192.3953 	EXP 	Device response: <KeyPress from None: t=192.29803000000538, value=space, duration=0.08174299998790957>
192.7450 	INFO 	Keyboard events cleared
192.7447 	EXP 	polygon_2: autoDraw = True
192.7468 	DATA 	Keypress: space
192.7614 	EXP 	polygon: autoDraw = False
193.9450 	EXP 	Device response: <KeyPress from None: t=193.93321429999196, value=space, duration=None>
193.9473 	DATA 	Keypress: space
193.9613 	EXP 	polygon: autoDraw = False
193.9613 	EXP 	polygon_2: autoDraw = False
194.0285 	EXP 	Sound sound_1 reached end of file
194.0447 	EXP 	Playing sound sound_1 on speaker Speaker (2- Realtek(R) Audio)
194.0289 	EXP 	Device response: <KeyPress from None: t=193.93321429999196, value=space, duration=0.08832680000341497>
194.3463 	EXP 	Sound sound_1 stopped
194.3611 	EXP 	text: autoDraw = True
194.3611 	EXP 	textbox: autoDraw = True
194.8450 	DATA 	Keypress: 6
194.8467 	EXP 	Device response: <KeyPress from None: t=194.8353036000044, value=6, duration=None>
194.9112 	EXP 	Device response: <KeyPress from None: t=194.8353036000044, value=6, duration=0.06622320000315085>
195.0151 	DATA 	Keypress: 7
195.0280 	EXP 	Device response: <KeyPress from None: t=195.01284389998182, value=7, duration=None>
195.0953 	EXP 	Device response: <KeyPress from None: t=195.01284389998182, value=7, duration=0.07853340002475306>
195.1986 	DATA 	Keypress: 4
195.2118 	EXP 	Device response: <KeyPress from None: t=195.19623760000104, value=4, duration=None>
195.2955 	EXP 	Device response: <KeyPress from None: t=195.19623760000104, value=4, duration=0.08799969998653978>
196.5009 	DATA 	Mouse: Left button down, pos=(1236,303)
196.5119 	EXP 	New trial (rep=3, index=3): <Trial 39 (3 in rep 3) data={'delay': 0.1, 'freq': 400, 'condition': 'unexp', 'thisN': 39, 'thisTrialN': 3, 'thisRepN': 3}>
196.5275 	EXP 	text: autoDraw = False
196.5275 	EXP 	textbox: autoDraw = False
196.5275 	EXP 	polygon: autoDraw = True
196.7160 	DATA 	Mouse:  Left button up, pos=(1236,303)
197.5119 	INFO 	Keyboard events cleared
197.5117 	EXP 	polygon_2: autoDraw = True
197.5289 	EXP 	polygon: autoDraw = False
198.0471 	DATA 	Mouse: Left button down, pos=(1236,303)
198.2456 	EXP 	Device response: <KeyPress from None: t=198.23707879998256, value=space, duration=None>
198.2483 	DATA 	Keypress: space
198.2624 	EXP 	polygon: autoDraw = False
198.2624 	EXP 	polygon_2: autoDraw = False
198.2823 	DATA 	Mouse:  Left button up, pos=(1236,303)
198.3450 	EXP 	Sound sound_1 reached end of file
198.3611 	EXP 	Playing sound sound_1 on speaker Speaker (2- Realtek(R) Audio)
198.3619 	EXP 	Device response: <KeyPress from None: t=198.23707879998256, value=space, duration=0.11231010002666153>
198.6590 	EXP 	Sound sound_1 stopped
198.6692 	EXP 	text: autoDraw = True
198.6692 	EXP 	textbox: autoDraw = True
199.8620 	DATA 	Keypress: 6
199.8634 	EXP 	Device response: <KeyPress from None: t=199.86053989999346, value=6, duration=None>
199.9309 	EXP 	Device response: <KeyPress from None: t=199.86053989999346, value=6, duration=0.06147190000046976>
200.0458 	DATA 	Keypress: 5
200.0474 	EXP 	Device response: <KeyPress from None: t=200.0441632999864, value=5, duration=None>
200.1147 	EXP 	Device response: <KeyPress from None: t=200.0441632999864, value=5, duration=0.06884890000219457>
200.2463 	DATA 	Keypress: 4
200.2479 	EXP 	Device response: <KeyPress from None: t=200.24310359999072, value=4, duration=None>
200.3301 	EXP 	Device response: <KeyPress from None: t=200.24310359999072, value=4, duration=0.07643559999996796>
201.4796 	DATA 	Mouse: Left button down, pos=(1236,303)
201.4807 	EXP 	New trial (rep=3, index=4): <Trial 40 (4 in rep 3) data={'delay': 0.4, 'freq': 400, 'condition': 'unexp', 'thisN': 40, 'thisTrialN': 4, 'thisRepN': 3}>
201.4947 	EXP 	text: autoDraw = False
201.4947 	EXP 	textbox: autoDraw = False
201.4947 	EXP 	polygon: autoDraw = True
201.6979 	DATA 	Mouse:  Left button up, pos=(1236,303)
202.0123 	EXP 	Device response: <KeyPress from None: t=201.99808250000933, value=space, duration=None>
202.0137 	DATA 	Keypress: space
202.1125 	EXP 	Device response: <KeyPress from None: t=201.99808250000933, value=space, duration=0.09921979997307062>
202.3975 	DATA 	Keypress: space
202.4127 	EXP 	Device response: <KeyPress from None: t=202.39677479999955, value=space, duration=None>
202.4801 	EXP 	Device response: <KeyPress from None: t=202.39677479999955, value=space, duration=0.0743981999985408>
202.4948 	INFO 	Keyboard events cleared
202.4946 	EXP 	polygon: autoDraw = False
202.4946 	EXP 	polygon_2: autoDraw = True
202.7947 	EXP 	Device response: <KeyPress from None: t=202.78322469998966, value=space, duration=None>
202.7971 	DATA 	Keypress: space
202.8118 	EXP 	polygon: autoDraw = False
202.8118 	EXP 	polygon_2: autoDraw = False
202.8790 	EXP 	Device response: <KeyPress from None: t=202.78322469998966, value=space, duration=0.08015280001563951>
203.1786 	EXP 	Sound sound_1 reached end of file
203.1948 	EXP 	Playing sound sound_1 on speaker Speaker (2- Realtek(R) Audio)
203.4933 	EXP 	Sound sound_1 stopped
203.5071 	EXP 	text: autoDraw = True
203.5071 	EXP 	textbox: autoDraw = True
203.8373 	DATA 	Keypress: 7
203.8468 	EXP 	Device response: <KeyPress from None: t=203.8355048999947, value=7, duration=None>
203.9292 	EXP 	Device response: <KeyPress from None: t=203.8355048999947, value=7, duration=0.08466749999206513>
204.0707 	DATA 	Keypress: 2
204.0796 	EXP 	Device response: <KeyPress from None: t=204.06833730000653, value=2, duration=None>
204.1798 	EXP 	Device response: <KeyPress from None: t=204.06833730000653, value=2, duration=0.10201919998507947>
204.2468 	DATA 	Keypress: 6
204.2486 	EXP 	Device response: <KeyPress from None: t=204.24351289999322, value=6, duration=None>
204.3130 	EXP 	Device response: <KeyPress from None: t=204.24351289999322, value=6, duration=0.0659217000065837>
205.4289 	DATA 	Mouse: Left button down, pos=(1236,303)
205.4299 	EXP 	New trial (rep=3, index=5): <Trial 41 (5 in rep 3) data={'delay': 0.7, 'freq': 400, 'condition': 'unexp', 'thisN': 41, 'thisTrialN': 5, 'thisRepN': 3}>
205.4440 	EXP 	text: autoDraw = False
205.4440 	EXP 	textbox: autoDraw = False
205.4440 	EXP 	polygon: autoDraw = True
205.6480 	DATA 	Mouse:  Left button up, pos=(1236,303)
206.0454 	EXP 	Device response: <KeyPress from None: t=206.03870060000918, value=space, duration=None>
206.0468 	DATA 	Keypress: space
206.1292 	EXP 	Device response: <KeyPress from None: t=206.03870060000918, value=space, duration=0.08005929997307248>
206.4449 	INFO 	Keyboard events cleared
206.4446 	EXP 	polygon: autoDraw = False
206.4446 	EXP 	polygon_2: autoDraw = True
206.4468 	DATA 	Keypress: space
206.8776 	EXP 	Device response: <KeyPress from None: t=206.86507229998824, value=space, duration=None>
206.8794 	DATA 	Keypress: space
206.8952 	EXP 	polygon: autoDraw = False
206.8952 	EXP 	polygon_2: autoDraw = False
206.9288 	EXP 	Device response: <KeyPress from None: t=206.86507229998824, value=space, duration=0.0532946000166703>
207.5622 	EXP 	Sound sound_1 reached end of file
207.5782 	EXP 	Playing sound sound_1 on speaker Speaker (2- Realtek(R) Audio)
207.8742 	EXP 	Sound sound_1 stopped
207.8875 	EXP 	text: autoDraw = True
207.8875 	EXP 	textbox: autoDraw = True
208.1952 	DATA 	Keypress: 2
208.1965 	EXP 	Device response: <KeyPress from None: t=208.19278819998726, value=2, duration=None>
208.3126 	EXP 	Device response: <KeyPress from None: t=208.19278819998726, value=2, duration=0.11040950001915917>
208.4361 	DATA 	Keypress: 5
208.4462 	EXP 	Device response: <KeyPress from None: t=208.4352993000066, value=5, duration=None>
208.5130 	EXP 	Device response: <KeyPress from None: t=208.4352993000066, value=5, duration=0.06948069998179562>
208.6632 	DATA 	Keypress: 4
208.6651 	EXP 	Device response: <KeyPress from None: t=208.65379759998177, value=4, duration=None>
208.7312 	EXP 	Device response: <KeyPress from None: t=208.65379759998177, value=4, duration=0.06941890000598505>
210.2799 	DATA 	Mouse: Left button down, pos=(1236,303)
210.2811 	EXP 	New trial (rep=3, index=6): <Trial 42 (6 in rep 3) data={'delay': 0.1, 'freq': 1000, 'condition': 'expected', 'thisN': 42, 'thisTrialN': 6, 'thisRepN': 3}>
210.2945 	EXP 	text: autoDraw = False
210.2945 	EXP 	textbox: autoDraw = False
210.2945 	EXP 	polygon: autoDraw = True
210.4986 	DATA 	Mouse:  Left button up, pos=(1236,303)
210.7479 	DATA 	Mouse: Left button down, pos=(1236,303)
210.9654 	DATA 	Mouse:  Left button up, pos=(1236,303)
211.1290 	EXP 	Device response: <KeyPress from None: t=211.11753069999395, value=space, duration=None>
211.1304 	DATA 	Keypress: space
211.2115 	EXP 	Device response: <KeyPress from None: t=211.11753069999395, value=space, duration=0.07835830000112765>
211.2954 	INFO 	Keyboard events cleared
211.2952 	EXP 	polygon: autoDraw = False
211.2952 	EXP 	polygon_2: autoDraw = True
211.5128 	EXP 	Device response: <KeyPress from None: t=211.51202289998764, value=space, duration=None>
211.5151 	DATA 	Keypress: space
211.5285 	EXP 	polygon: autoDraw = False
211.5285 	EXP 	polygon_2: autoDraw = False
211.5954 	EXP 	Device response: <KeyPress from None: t=211.51202289998764, value=space, duration=0.06748620001599193>
211.6125 	EXP 	Sound sound_1 reached end of file
211.6285 	EXP 	Playing sound sound_1 on speaker Speaker (2- Realtek(R) Audio)
211.9312 	EXP 	Sound sound_1 stopped
211.9453 	EXP 	text: autoDraw = True
211.9453 	EXP 	textbox: autoDraw = True
213.0180 	DATA 	Keypress: 4
213.0283 	EXP 	Device response: <KeyPress from None: t=213.0131587999931, value=4, duration=None>
213.0955 	EXP 	Device response: <KeyPress from None: t=213.0131587999931, value=4, duration=0.07352030000765808>
213.1995 	DATA 	Keypress: 5
213.2120 	EXP 	Device response: <KeyPress from None: t=213.1962263000023, value=5, duration=None>
213.2959 	EXP 	Device response: <KeyPress from None: t=213.1962263000023, value=5, duration=0.08598639999399893>
213.3792 	DATA 	Keypress: 3
213.3814 	EXP 	Device response: <KeyPress from None: t=213.37567700000363, value=3, duration=None>
213.4633 	EXP 	Device response: <KeyPress from None: t=213.37567700000363, value=3, duration=0.08036019999417476>
214.8319 	DATA 	Mouse: Left button down, pos=(1236,303)
214.8458 	EXP 	New trial (rep=3, index=7): <Trial 43 (7 in rep 3) data={'delay': 0.7, 'freq': 1000, 'condition': 'expected', 'thisN': 43, 'thisTrialN': 7, 'thisRepN': 3}>
214.8612 	EXP 	text: autoDraw = False
214.8612 	EXP 	textbox: autoDraw = False
214.8612 	EXP 	polygon: autoDraw = True
215.0659 	DATA 	Mouse:  Left button up, pos=(1236,303)
215.6779 	EXP 	Device response: <KeyPress from None: t=215.67463789999601, value=space, duration=None>
215.6790 	DATA 	Keypress: space
215.7951 	EXP 	Device response: <KeyPress from None: t=215.67463789999601, value=space, duration=0.10523180000018328>
215.8607 	INFO 	Keyboard events cleared
215.8605 	EXP 	polygon: autoDraw = False
215.8605 	EXP 	polygon_2: autoDraw = True
216.0966 	DATA 	Keypress: space
216.1123 	EXP 	Device response: <KeyPress from None: t=216.09598859999096, value=space, duration=None>
216.1279 	EXP 	polygon: autoDraw = False
216.1279 	EXP 	polygon_2: autoDraw = False
216.1943 	EXP 	Device response: <KeyPress from None: t=216.09598859999096, value=space, duration=0.08434470000793226>
216.7954 	EXP 	Sound sound_1 reached end of file
216.8116 	EXP 	Playing sound sound_1 on speaker Speaker (2- Realtek(R) Audio)
217.1061 	EXP 	Sound sound_1 stopped
217.1209 	EXP 	text: autoDraw = True
217.1209 	EXP 	textbox: autoDraw = True
217.9793 	DATA 	Keypress: 7
217.9807 	EXP 	Device response: <KeyPress from None: t=217.97893559999648, value=7, duration=None>
218.0623 	EXP 	Device response: <KeyPress from None: t=217.97893559999648, value=7, duration=0.07953049999196082>
218.2115 	DATA 	Keypress: 6
218.2139 	EXP 	Device response: <KeyPress from None: t=218.20231100000092, value=6, duration=None>
218.2946 	EXP 	Device response: <KeyPress from None: t=218.20231100000092, value=6, duration=0.07976399999461137>
218.4203 	DATA 	Keypress: 5
218.4297 	EXP 	Device response: <KeyPress from None: t=218.41694229998393, value=5, duration=None>
218.5124 	EXP 	Device response: <KeyPress from None: t=218.41694229998393, value=5, duration=0.07928960002027452>
219.5362 	DATA 	Mouse: Left button down, pos=(1236,303)
219.5451 	EXP 	New trial (rep=3, index=8): <Trial 44 (8 in rep 3) data={'delay': 0.4, 'freq': 1000, 'condition': 'expected', 'thisN': 44, 'thisTrialN': 8, 'thisRepN': 3}>
219.5605 	EXP 	text: autoDraw = False
219.5605 	EXP 	textbox: autoDraw = False
219.5605 	EXP 	polygon: autoDraw = True
219.7650 	DATA 	Mouse:  Left button up, pos=(1236,303)
220.0970 	DATA 	Mouse: Left button down, pos=(1236,303)
220.2944 	EXP 	Device response: <KeyPress from None: t=220.29248869998264, value=space, duration=None>
220.2954 	DATA 	Keypress: space
220.3298 	DATA 	Mouse:  Left button up, pos=(1236,303)
220.3944 	EXP 	Device response: <KeyPress from None: t=220.29248869998264, value=space, duration=0.08994120001443662>
220.5444 	INFO 	Keyboard events cleared
220.5442 	EXP 	polygon_2: autoDraw = True
220.5606 	EXP 	polygon: autoDraw = False
220.6974 	DATA 	Keypress: space
220.7126 	EXP 	Device response: <KeyPress from None: t=220.6960557999846, value=space, duration=None>
220.7288 	EXP 	polygon: autoDraw = False
220.7288 	EXP 	polygon_2: autoDraw = False
220.7786 	EXP 	Device response: <KeyPress from None: t=220.6960557999846, value=space, duration=0.07738150001387112>
221.1120 	EXP 	Sound sound_1 reached end of file
221.1279 	EXP 	Playing sound sound_1 on speaker Speaker (2- Realtek(R) Audio)
221.4255 	EXP 	Sound sound_1 stopped
221.4393 	EXP 	text: autoDraw = True
221.4393 	EXP 	textbox: autoDraw = True
222.8945 	DATA 	Keypress: 2
222.8956 	EXP 	Device response: <KeyPress from None: t=222.886909199995, value=2, duration=None>
223.0140 	DATA 	Keypress: 4
223.0160 	EXP 	Device response: <KeyPress from None: t=222.886909199995, value=2, duration=0.11893890000646934>
223.0161 	EXP 	Device response: <KeyPress from None: t=223.0127852000005, value=4, duration=None>
223.1123 	EXP 	Device response: <KeyPress from None: t=223.0127852000005, value=4, duration=0.09680239998851903>
223.2461 	DATA 	Keypress: 3
223.2483 	EXP 	Device response: <KeyPress from None: t=223.24531019999995, value=3, duration=None>
223.3285 	EXP 	Device response: <KeyPress from None: t=223.24531019999995, value=3, duration=0.07822259998647496>
224.5421 	DATA 	Mouse: Left button down, pos=(1236,303)
224.5490 	EXP 	New trial (rep=3, index=9): <Trial 45 (9 in rep 3) data={'delay': 0.7, 'freq': 1000, 'condition': 'expected', 'thisN': 45, 'thisTrialN': 9, 'thisRepN': 3}>
224.5609 	EXP 	text: autoDraw = False
224.5609 	EXP 	textbox: autoDraw = False
224.5609 	EXP 	polygon: autoDraw = True
224.7648 	DATA 	Mouse:  Left button up, pos=(1236,303)
225.5618 	INFO 	Keyboard events cleared
225.5616 	EXP 	polygon: autoDraw = False
225.5616 	EXP 	polygon_2: autoDraw = True
225.6966 	EXP 	Device response: <KeyPress from None: t=225.6945466999896, value=space, duration=None>
225.6994 	DATA 	Keypress: space
225.7122 	EXP 	polygon: autoDraw = False
225.7122 	EXP 	polygon_2: autoDraw = False
225.8120 	EXP 	Device response: <KeyPress from None: t=225.6945466999896, value=space, duration=0.10372430001734756>
226.3961 	EXP 	Sound sound_1 reached end of file
226.4120 	EXP 	Playing sound sound_1 on speaker Speaker (2- Realtek(R) Audio)
226.7063 	EXP 	Sound sound_1 stopped
226.7365 	EXP 	text: autoDraw = True
226.7365 	EXP 	textbox: autoDraw = True
227.3119 	DATA 	Keypress: 5
227.3136 	EXP 	Device response: <KeyPress from None: t=227.3100485999894, value=5, duration=None>
227.3944 	EXP 	Device response: <KeyPress from None: t=227.3100485999894, value=5, duration=0.07334970001829788>
227.5115 	DATA 	Keypress: 6
227.5138 	EXP 	Device response: <KeyPress from None: t=227.50155319998157, value=6, duration=None>
227.5944 	EXP 	Device response: <KeyPress from None: t=227.50155319998157, value=6, duration=0.0796083000022918>
227.6842 	DATA 	Keypress: 4
227.6947 	EXP 	Device response: <KeyPress from None: t=227.6834879000089, value=4, duration=None>
227.7783 	EXP 	Device response: <KeyPress from None: t=227.6834879000089, value=4, duration=0.09330889998818748>
229.3795 	DATA 	Mouse: Left button down, pos=(1236,303)
229.3804 	EXP 	New trial (rep=3, index=10): <Trial 46 (10 in rep 3) data={'delay': 0.7, 'freq': 1000, 'condition': 'expected', 'thisN': 46, 'thisTrialN': 10, 'thisRepN': 3}>
229.3939 	EXP 	text: autoDraw = False
229.3939 	EXP 	textbox: autoDraw = False
229.3939 	EXP 	polygon: autoDraw = True
229.6153 	DATA 	Mouse:  Left button up, pos=(1236,303)
229.9293 	EXP 	Device response: <KeyPress from None: t=229.91555139998673, value=space, duration=None>
229.9307 	DATA 	Keypress: space
230.0455 	EXP 	Device response: <KeyPress from None: t=229.91555139998673, value=space, duration=0.12120730002061464>
230.3787 	EXP 	Device response: <KeyPress from None: t=230.37015209998935, value=space, duration=None>
230.3801 	DATA 	Keypress: space
230.3947 	INFO 	Keyboard events cleared
230.3945 	EXP 	polygon: autoDraw = False
230.3945 	EXP 	polygon_2: autoDraw = True
230.4789 	EXP 	Device response: <KeyPress from None: t=230.37015209998935, value=space, duration=0.10297979999450035>
230.9452 	EXP 	Device response: <KeyPress from None: t=230.93308139999863, value=space, duration=None>
230.9474 	DATA 	Keypress: space
230.9616 	EXP 	polygon: autoDraw = False
230.9616 	EXP 	polygon_2: autoDraw = False
231.0450 	EXP 	Device response: <KeyPress from None: t=230.93308139999863, value=space, duration=0.10151069998391904>
231.6456 	EXP 	Sound sound_1 reached end of file
231.6615 	EXP 	Playing sound sound_1 on speaker Speaker (2- Realtek(R) Audio)
231.9570 	EXP 	Sound sound_1 reached end of file
231.9773 	EXP 	text: autoDraw = True
231.9773 	EXP 	textbox: autoDraw = True
233.5847 	DATA 	Keypress: 3
233.5963 	EXP 	Device response: <KeyPress from None: t=233.5842408000026, value=3, duration=None>
233.6446 	EXP 	Device response: <KeyPress from None: t=233.5842408000026, value=3, duration=0.04575389999081381>
233.7793 	DATA 	Keypress: 4
233.7820 	EXP 	Device response: <KeyPress from None: t=233.77174269998795, value=4, duration=None>
233.8470 	EXP 	Device response: <KeyPress from None: t=233.77174269998795, value=4, duration=0.07387560000643134>
233.9630 	DATA 	Keypress: 2
233.9660 	EXP 	Device response: <KeyPress from None: t=233.9577922000026, value=2, duration=None>
234.0623 	EXP 	Device response: <KeyPress from None: t=233.9577922000026, value=2, duration=0.08739979998790659>
235.3512 	DATA 	Mouse: Left button down, pos=(1236,303)
235.3621 	EXP 	New trial (rep=3, index=11): <Trial 47 (11 in rep 3) data={'delay': 0.4, 'freq': 1000, 'condition': 'expected', 'thisN': 47, 'thisTrialN': 11, 'thisRepN': 3}>
235.3773 	EXP 	text: autoDraw = False
235.3773 	EXP 	textbox: autoDraw = False
235.3773 	EXP 	polygon: autoDraw = True
235.5823 	DATA 	Mouse:  Left button up, pos=(1236,303)
235.9610 	EXP 	Device response: <KeyPress from None: t=235.95375699998112, value=space, duration=None>
235.9618 	DATA 	Keypress: space
236.0452 	EXP 	Device response: <KeyPress from None: t=235.95375699998112, value=space, duration=0.08348430000478402>
236.3614 	INFO 	Keyboard events cleared
236.3611 	EXP 	polygon_2: autoDraw = True
236.3773 	EXP 	polygon: autoDraw = False
236.3955 	EXP 	Device response: <KeyPress from None: t=236.3803590000025, value=space, duration=None>
236.3977 	DATA 	Keypress: space
236.4113 	EXP 	polygon: autoDraw = False
236.4113 	EXP 	polygon_2: autoDraw = False
236.4622 	EXP 	Device response: <KeyPress from None: t=236.3803590000025, value=space, duration=0.07742180000059307>
236.7948 	EXP 	Sound sound_1 reached end of file
236.8110 	EXP 	Playing sound sound_1 on speaker Speaker (2- Realtek(R) Audio)
237.1128 	EXP 	Sound sound_1 stopped
237.1268 	EXP 	text: autoDraw = True
237.1268 	EXP 	textbox: autoDraw = True
238.7008 	DATA 	Keypress: 5
238.7114 	EXP 	Device response: <KeyPress from None: t=238.69874049999635, value=5, duration=None>
238.7450 	EXP 	Device response: <KeyPress from None: t=238.69874049999635, value=5, duration=0.04043620001175441>
238.8658 	DATA 	Keypress: 6
238.8785 	EXP 	Device response: <KeyPress from None: t=238.86495119999745, value=6, duration=None>
238.9447 	EXP 	Device response: <KeyPress from None: t=238.86495119999745, value=6, duration=0.06607249999069609>
239.0646 	DATA 	Keypress: 3
239.0779 	EXP 	Device response: <KeyPress from None: t=239.0633669999952, value=3, duration=None>
239.1461 	EXP 	Device response: <KeyPress from None: t=239.0633669999952, value=3, duration=0.08057769999140874>
240.2958 	DATA 	Mouse: Left button down, pos=(1236,303)
240.2969 	EXP 	New trial (rep=4, index=0): <Trial 48 (0 in rep 4) data={'delay': 0.1, 'freq': 1000, 'condition': 'expected', 'thisN': 48, 'thisTrialN': 0, 'thisRepN': 4}>
240.3108 	EXP 	text: autoDraw = False
240.3108 	EXP 	textbox: autoDraw = False
240.3108 	EXP 	polygon: autoDraw = True
240.5145 	DATA 	Mouse:  Left button up, pos=(1236,303)
241.0114 	EXP 	Device response: <KeyPress from None: t=240.99749690000317, value=space, duration=None>
241.0124 	DATA 	Keypress: space
241.0781 	EXP 	Device response: <KeyPress from None: t=240.99749690000317, value=space, duration=0.07768909999867901>
241.3108 	INFO 	Keyboard events cleared
241.3106 	EXP 	polygon: autoDraw = False
241.3106 	EXP 	polygon_2: autoDraw = True
242.2301 	DATA 	Keypress: space
242.2457 	EXP 	Device response: <KeyPress from None: t=242.22955610000645, value=space, duration=None>
242.2613 	EXP 	polygon: autoDraw = False
242.2613 	EXP 	polygon_2: autoDraw = False
242.3447 	EXP 	Sound sound_1 reached end of file
242.3608 	EXP 	Playing sound sound_1 on speaker Speaker (2- Realtek(R) Audio)
242.3450 	EXP 	Device response: <KeyPress from None: t=242.22955610000645, value=space, duration=0.10704679999616928>
242.6592 	EXP 	Sound sound_1 stopped
242.6723 	EXP 	text: autoDraw = True
242.6723 	EXP 	textbox: autoDraw = True
245.4654 	DATA 	Keypress: 8
245.4775 	EXP 	Device response: <KeyPress from None: t=245.46346539998194, value=8, duration=None>
245.6277 	EXP 	Device response: <KeyPress from None: t=245.46346539998194, value=8, duration=0.1530219000123907>
247.2007 	DATA 	Keypress: 7
247.2107 	EXP 	Device response: <KeyPress from None: t=247.1968840000045, value=7, duration=None>
247.2795 	EXP 	Device response: <KeyPress from None: t=247.1968840000045, value=7, duration=0.07500250000157394>
247.3803 	DATA 	Keypress: 6
247.3965 	EXP 	Device response: <KeyPress from None: t=247.37978399998974, value=6, duration=None>
247.4636 	EXP 	Device response: <KeyPress from None: t=247.37978399998974, value=6, duration=0.0790057000122033>
249.4952 	DATA 	Mouse: Left button down, pos=(1236,303)
249.4964 	EXP 	New trial (rep=4, index=1): <Trial 49 (1 in rep 4) data={'delay': 0.4, 'freq': 1000, 'condition': 'expected', 'thisN': 49, 'thisTrialN': 1, 'thisRepN': 4}>
249.5105 	EXP 	text: autoDraw = False
249.5105 	EXP 	textbox: autoDraw = False
249.5105 	EXP 	polygon: autoDraw = True
249.7320 	DATA 	Mouse:  Left button up, pos=(1236,303)
250.5104 	INFO 	Keyboard events cleared
250.5102 	EXP 	polygon: autoDraw = False
250.5102 	EXP 	polygon_2: autoDraw = True
251.2779 	EXP 	Device response: <KeyPress from None: t=251.26932379999198, value=space, duration=None>
251.2800 	DATA 	Keypress: space
251.2944 	EXP 	polygon: autoDraw = False
251.2944 	EXP 	polygon_2: autoDraw = False
251.3618 	EXP 	Device response: <KeyPress from None: t=251.26932379999198, value=space, duration=0.07736620001378469>
251.6774 	EXP 	Sound sound_1 reached end of file
251.6938 	EXP 	Playing sound sound_1 on speaker Speaker (2- Realtek(R) Audio)
251.9969 	EXP 	Sound sound_1 stopped
252.0116 	EXP 	text: autoDraw = True
252.0116 	EXP 	textbox: autoDraw = True
252.9328 	DATA 	Keypress: 8
252.9464 	EXP 	Device response: <KeyPress from None: t=252.92824409998138, value=8, duration=None>
252.9943 	EXP 	Device response: <KeyPress from None: t=252.92824409998138, value=8, duration=0.05159400001866743>
253.2458 	DATA 	Keypress: 7
253.2476 	EXP 	Device response: <KeyPress from None: t=253.24498049999238, value=7, duration=None>
253.3283 	EXP 	Device response: <KeyPress from None: t=253.24498049999238, value=7, duration=0.08126790000824258>
253.4670 	DATA 	Keypress: 6
253.4790 	EXP 	Device response: <KeyPress from None: t=253.46298499999102, value=6, duration=None>
253.5452 	EXP 	Device response: <KeyPress from None: t=253.46298499999102, value=6, duration=0.07121250001364388>
254.6313 	DATA 	Mouse: Left button down, pos=(1263,290)
254.6327 	EXP 	New trial (rep=4, index=2): <Trial 50 (2 in rep 4) data={'delay': 0.4, 'freq': 1000, 'condition': 'expected', 'thisN': 50, 'thisTrialN': 2, 'thisRepN': 4}>
254.6443 	EXP 	text: autoDraw = False
254.6443 	EXP 	textbox: autoDraw = False
254.6443 	EXP 	polygon: autoDraw = True
254.8649 	DATA 	Mouse:  Left button up, pos=(1263,290)
255.6448 	INFO 	Keyboard events cleared
255.6446 	EXP 	polygon: autoDraw = False
255.6446 	EXP 	polygon_2: autoDraw = True
256.7775 	EXP 	Device response: <KeyPress from None: t=256.77545129999635, value=space, duration=None>
256.7793 	DATA 	Keypress: space
256.7936 	EXP 	polygon: autoDraw = False
256.7936 	EXP 	polygon_2: autoDraw = False
256.8789 	EXP 	Device response: <KeyPress from None: t=256.77545129999635, value=space, duration=0.08736679999856278>
257.1615 	EXP 	Sound sound_1 reached end of file
257.1778 	EXP 	Playing sound sound_1 on speaker Speaker (2- Realtek(R) Audio)
257.4742 	EXP 	Sound sound_1 stopped
257.4889 	EXP 	text: autoDraw = True
257.4889 	EXP 	textbox: autoDraw = True
257.7442 	DATA 	Keypress: 9
257.7458 	EXP 	Device response: <KeyPress from None: t=257.74100209999597, value=9, duration=None>
257.8449 	EXP 	Device response: <KeyPress from None: t=257.74100209999597, value=9, duration=0.0896952000039164>
258.0311 	DATA 	Keypress: 7
258.0461 	EXP 	Device response: <KeyPress from None: t=258.0305221999879, value=7, duration=None>
258.1130 	EXP 	Device response: <KeyPress from None: t=258.0305221999879, value=7, duration=0.07603910000761971>
258.3956 	DATA 	Keypress: 8
258.3975 	EXP 	Device response: <KeyPress from None: t=258.38783009999315, value=8, duration=None>
258.4612 	EXP 	Device response: <KeyPress from None: t=258.38783009999315, value=8, duration=0.060352200001943856>
259.4858 	DATA 	Mouse: Left button down, pos=(1298,300)
259.4955 	EXP 	New trial (rep=4, index=3): <Trial 51 (3 in rep 4) data={'delay': 0.1, 'freq': 1000, 'condition': 'expected', 'thisN': 51, 'thisTrialN': 3, 'thisRepN': 4}>
259.5113 	EXP 	text: autoDraw = False
259.5113 	EXP 	textbox: autoDraw = False
259.5113 	EXP 	polygon: autoDraw = True
259.7148 	DATA 	Mouse:  Left button up, pos=(1298,300)
259.9953 	EXP 	Device response: <KeyPress from None: t=259.9837418999814, value=space, duration=None>
259.9966 	DATA 	Keypress: space
260.0784 	EXP 	Device response: <KeyPress from None: t=259.9837418999814, value=space, duration=0.09334610000951216>
260.4942 	INFO 	Keyboard events cleared
260.4940 	EXP 	polygon_2: autoDraw = True
260.5114 	EXP 	polygon: autoDraw = False
260.6109 	EXP 	Device response: <KeyPress from None: t=260.6087178000016, value=space, duration=None>
260.6135 	DATA 	Keypress: space
260.6278 	EXP 	polygon: autoDraw = False
260.6278 	EXP 	polygon_2: autoDraw = False
260.6949 	EXP 	Sound sound_1 reached end of file
260.7111 	EXP 	Playing sound sound_1 on speaker Speaker (2- Realtek(R) Audio)
260.7116 	EXP 	Device response: <KeyPress from None: t=260.6087178000016, value=space, duration=0.10070720000658184>
261.0086 	EXP 	Sound sound_1 stopped
261.0220 	EXP 	text: autoDraw = True
261.0220 	EXP 	textbox: autoDraw = True
262.2280 	DATA 	Keypress: 7
262.2305 	EXP 	Device response: <KeyPress from None: t=262.2223271999974, value=7, duration=None>
262.3294 	EXP 	Device response: <KeyPress from None: t=262.2223271999974, value=7, duration=0.09402709998539649>
262.4685 	DATA 	Keypress: 6
262.4777 	EXP 	Device response: <KeyPress from None: t=262.465240599995, value=6, duration=None>
262.5624 	EXP 	Device response: <KeyPress from None: t=262.465240599995, value=6, duration=0.08203779999166727>
262.8613 	DATA 	Keypress: 4
262.8626 	EXP 	Device response: <KeyPress from None: t=262.85904270000174, value=4, duration=None>
262.9458 	EXP 	Device response: <KeyPress from None: t=262.85904270000174, value=4, duration=0.07545949998893775>
264.1291 	DATA 	Mouse: Left button down, pos=(1315,317)
264.1303 	EXP 	New trial (rep=4, index=4): <Trial 52 (4 in rep 4) data={'delay': 0.1, 'freq': 400, 'condition': 'unexp', 'thisN': 52, 'thisTrialN': 4, 'thisRepN': 4}>
264.1434 	EXP 	text: autoDraw = False
264.1434 	EXP 	textbox: autoDraw = False
264.1434 	EXP 	polygon: autoDraw = True
264.3497 	DATA 	Mouse:  Left button up, pos=(1315,317)
264.9278 	EXP 	Device response: <KeyPress from None: t=264.92441039998084, value=space, duration=None>
264.9291 	DATA 	Keypress: space
265.0286 	EXP 	Device response: <KeyPress from None: t=264.92441039998084, value=space, duration=0.0928907000052277>
265.1449 	INFO 	Keyboard events cleared
265.1447 	EXP 	polygon: autoDraw = False
265.1447 	EXP 	polygon_2: autoDraw = True
265.7112 	EXP 	Device response: <KeyPress from None: t=265.71029930000077, value=space, duration=None>
265.7134 	DATA 	Keypress: space
265.7281 	EXP 	polygon: autoDraw = False
265.7281 	EXP 	polygon_2: autoDraw = False
265.7945 	EXP 	Sound sound_1 reached end of file
265.8108 	EXP 	Playing sound sound_1 on speaker Speaker (2- Realtek(R) Audio)
265.8105 	EXP 	Device response: <KeyPress from None: t=265.71029930000077, value=space, duration=0.09371670000837184>
266.1043 	EXP 	Sound sound_1 stopped
266.1193 	EXP 	text: autoDraw = True
266.1193 	EXP 	textbox: autoDraw = True
267.5662 	DATA 	Keypress: 9
267.5772 	EXP 	Device response: <KeyPress from None: t=267.5631648999988, value=9, duration=None>
267.6449 	EXP 	Device response: <KeyPress from None: t=267.5631648999988, value=9, duration=0.08038130000932142>
267.8181 	DATA 	Keypress: 8
267.8275 	EXP 	Device response: <KeyPress from None: t=267.8151758000022, value=8, duration=None>
267.8963 	EXP 	Device response: <KeyPress from None: t=267.8151758000022, value=8, duration=0.07356069999514148>
268.3775 	DATA 	Keypress: 2
268.3788 	EXP 	Device response: <KeyPress from None: t=268.3694011000043, value=2, duration=None>
268.4615 	EXP 	Device response: <KeyPress from None: t=268.3694011000043, value=2, duration=0.09031209998647682>
268.6369 	DATA 	Keypress: 4
268.6457 	EXP 	Device response: <KeyPress from None: t=268.6346996999928, value=4, duration=None>
268.7139 	EXP 	Device response: <KeyPress from None: t=268.6346996999928, value=4, duration=0.07799950000480749>
270.0644 	DATA 	Keypress: backspace
270.0774 	EXP 	Device response: <KeyPress from None: t=270.06126779998885, value=backspace, duration=None>
270.1439 	EXP 	Device response: <KeyPress from None: t=270.06126779998885, value=backspace, duration=0.06658680000691675>
271.0126 	DATA 	Mouse: Left button down, pos=(1288,333)
271.0135 	EXP 	New trial (rep=4, index=5): <Trial 53 (5 in rep 4) data={'delay': 0.7, 'freq': 400, 'condition': 'unexp', 'thisN': 53, 'thisTrialN': 5, 'thisRepN': 4}>
271.0268 	EXP 	text: autoDraw = False
271.0268 	EXP 	textbox: autoDraw = False
271.0268 	EXP 	polygon: autoDraw = True
271.2301 	DATA 	Mouse:  Left button up, pos=(1288,333)
272.0268 	INFO 	Keyboard events cleared
272.0266 	EXP 	polygon: autoDraw = False
272.0266 	EXP 	polygon_2: autoDraw = True
272.9473 	DATA 	Keypress: space
272.9618 	EXP 	Device response: <KeyPress from None: t=272.94662149998476, value=space, duration=None>
272.9774 	EXP 	polygon: autoDraw = False
272.9774 	EXP 	polygon_2: autoDraw = False
273.0609 	EXP 	Device response: <KeyPress from None: t=272.94662149998476, value=space, duration=0.10197060002246872>
273.6459 	EXP 	Sound sound_1 reached end of file
273.6617 	EXP 	Playing sound sound_1 on speaker Speaker (2- Realtek(R) Audio)
273.9604 	EXP 	Sound sound_1 stopped
273.9766 	EXP 	text: autoDraw = True
273.9766 	EXP 	textbox: autoDraw = True
275.3954 	DATA 	Keypress: 7
275.3978 	EXP 	Device response: <KeyPress from None: t=275.390905200009, value=7, duration=None>
275.5462 	EXP 	Device response: <KeyPress from None: t=275.390905200009, value=7, duration=0.14079819998005405>
275.7814 	DATA 	Keypress: 6
275.7843 	EXP 	Device response: <KeyPress from None: t=275.76886979999836, value=6, duration=None>
275.8626 	EXP 	Device response: <KeyPress from None: t=275.76886979999836, value=6, duration=0.08143659998313524>
277.4966 	DATA 	Mouse: Left button down, pos=(1185,328)
277.4982 	EXP 	New trial (rep=4, index=6): <Trial 54 (6 in rep 4) data={'delay': 0.4, 'freq': 1000, 'condition': 'expected', 'thisN': 54, 'thisTrialN': 6, 'thisRepN': 4}>
277.5106 	EXP 	text: autoDraw = False
277.5106 	EXP 	textbox: autoDraw = False
277.5106 	EXP 	polygon: autoDraw = True
277.7304 	DATA 	Mouse:  Left button up, pos=(1185,328)
278.1954 	EXP 	Device response: <KeyPress from None: t=278.1829795000085, value=space, duration=None>
278.1968 	DATA 	Keypress: space
278.3118 	EXP 	Device response: <KeyPress from None: t=278.1829795000085, value=space, duration=0.12389429999166168>
278.5114 	INFO 	Keyboard events cleared
278.5112 	EXP 	polygon: autoDraw = False
278.5112 	EXP 	polygon_2: autoDraw = True
278.8451 	EXP 	Device response: <KeyPress from None: t=278.82947460000287, value=space, duration=None>
278.8473 	DATA 	Keypress: space
278.8611 	EXP 	polygon: autoDraw = False
278.8611 	EXP 	polygon_2: autoDraw = False
278.9618 	EXP 	Device response: <KeyPress from None: t=278.82947460000287, value=space, duration=0.12621119999676012>
279.2440 	EXP 	Sound sound_1 reached end of file
279.2603 	EXP 	Playing sound sound_1 on speaker Speaker (2- Realtek(R) Audio)
279.5642 	EXP 	Sound sound_1 stopped
279.5911 	EXP 	text: autoDraw = True
279.5911 	EXP 	textbox: autoDraw = True
281.1398 	DATA 	Keypress: 6
281.1442 	EXP 	Device response: <KeyPress from None: t=281.1380011999863, value=6, duration=None>
281.2460 	EXP 	Device response: <KeyPress from None: t=281.1380011999863, value=6, duration=0.10207069999887608>
281.3808 	DATA 	Keypress: 5
281.3941 	EXP 	Device response: <KeyPress from None: t=281.3785019000061, value=5, duration=None>
281.4445 	EXP 	Device response: <KeyPress from None: t=281.3785019000061, value=5, duration=0.06346579999080859>
281.6110 	DATA 	Keypress: 7
281.6130 	EXP 	Device response: <KeyPress from None: t=281.61014050000813, value=7, duration=None>
281.6954 	EXP 	Device response: <KeyPress from None: t=281.61014050000813, value=7, duration=0.08156120000057854>
282.6791 	DATA 	Mouse: Left button down, pos=(1286,339)
282.6801 	EXP 	New trial (rep=4, index=7): <Trial 55 (7 in rep 4) data={'delay': 0.7, 'freq': 1000, 'condition': 'expected', 'thisN': 55, 'thisTrialN': 7, 'thisRepN': 4}>
282.6941 	EXP 	text: autoDraw = False
282.6941 	EXP 	textbox: autoDraw = False
282.6941 	EXP 	polygon: autoDraw = True
282.9145 	DATA 	Mouse:  Left button up, pos=(1286,339)
283.6956 	INFO 	Keyboard events cleared
283.6954 	EXP 	polygon: autoDraw = False
283.6954 	EXP 	polygon_2: autoDraw = True
285.6950 	EXP 	Device response: <KeyPress from None: t=285.687442800001, value=space, duration=None>
285.6972 	DATA 	Keypress: space
285.7111 	EXP 	polygon: autoDraw = False
285.7111 	EXP 	polygon_2: autoDraw = False
285.7966 	EXP 	Device response: <KeyPress from None: t=285.687442800001, value=space, duration=0.10651300000608899>
286.3938 	EXP 	Sound sound_1 reached end of file
286.4102 	EXP 	Playing sound sound_1 on speaker Speaker (2- Realtek(R) Audio)
286.7129 	EXP 	Sound sound_1 stopped
286.7330 	EXP 	text: autoDraw = True
286.7330 	EXP 	textbox: autoDraw = True
287.0360 	DATA 	Keypress: 7
287.0450 	EXP 	Device response: <KeyPress from None: t=287.03549169999314, value=7, duration=None>
287.1282 	EXP 	Device response: <KeyPress from None: t=287.03549169999314, value=7, duration=0.08520339999813586>
287.2781 	DATA 	Keypress: 6
287.2797 	EXP 	Device response: <KeyPress from None: t=287.2687624999962, value=6, duration=None>
287.3609 	EXP 	Device response: <KeyPress from None: t=287.2687624999962, value=6, duration=0.07715200001257472>
287.5774 	DATA 	Keypress: 8
287.5785 	EXP 	Device response: <KeyPress from None: t=287.57527969998773, value=8, duration=None>
287.6639 	EXP 	Device response: <KeyPress from None: t=287.57527969998773, value=8, duration=0.0819690000207629>
288.7472 	DATA 	Mouse: Left button down, pos=(1303,289)
288.7485 	EXP 	New trial (rep=4, index=8): <Trial 56 (8 in rep 4) data={'delay': 0.4, 'freq': 400, 'condition': 'unexp', 'thisN': 56, 'thisTrialN': 8, 'thisRepN': 4}>
288.7605 	EXP 	text: autoDraw = False
288.7605 	EXP 	textbox: autoDraw = False
288.7605 	EXP 	polygon: autoDraw = True
288.9814 	DATA 	Mouse:  Left button up, pos=(1303,289)
289.7616 	INFO 	Keyboard events cleared
289.7614 	EXP 	polygon: autoDraw = False
289.7614 	EXP 	polygon_2: autoDraw = True
293.8115 	EXP 	Device response: <KeyPress from None: t=293.8087228999939, value=space, duration=None>
293.8138 	DATA 	Keypress: space
293.8270 	EXP 	polygon: autoDraw = False
293.8270 	EXP 	polygon_2: autoDraw = False
293.9275 	EXP 	Device response: <KeyPress from None: t=293.8087228999939, value=space, duration=0.10672559999511577>
294.1955 	EXP 	Sound sound_1 reached end of file
294.2112 	EXP 	Playing sound sound_1 on speaker Speaker (2- Realtek(R) Audio)
294.5064 	EXP 	Sound sound_1 stopped
294.5203 	EXP 	text: autoDraw = True
294.5203 	EXP 	textbox: autoDraw = True
295.9274 	DATA 	Keypress: 6
295.9287 	EXP 	Device response: <KeyPress from None: t=295.9212496999826, value=6, duration=None>
295.9942 	EXP 	Device response: <KeyPress from None: t=295.9212496999826, value=6, duration=0.06037380002089776>
296.0996 	DATA 	Keypress: 7
296.1107 	EXP 	Device response: <KeyPress from None: t=296.09899219998624, value=7, duration=None>
296.1790 	EXP 	Device response: <KeyPress from None: t=296.09899219998624, value=7, duration=0.07255549999536015>
296.9974 	DATA 	Mouse: Left button down, pos=(1257,344)
297.0107 	EXP 	New trial (rep=4, index=9): <Trial 57 (9 in rep 4) data={'delay': 0.7, 'freq': 1000, 'condition': 'expected', 'thisN': 57, 'thisTrialN': 9, 'thisRepN': 4}>
297.0264 	EXP 	text: autoDraw = False
297.0264 	EXP 	textbox: autoDraw = False
297.0264 	EXP 	polygon: autoDraw = True
297.2318 	DATA 	Mouse:  Left button up, pos=(1257,344)
298.0115 	INFO 	Keyboard events cleared
298.0113 	EXP 	polygon_2: autoDraw = True
298.0274 	EXP 	polygon: autoDraw = False
300.0788 	EXP 	Device response: <KeyPress from None: t=300.0773348000075, value=7, duration=None>
300.0810 	DATA 	Keypress: 7
300.1620 	EXP 	Device response: <KeyPress from None: t=300.0773348000075, value=7, duration=0.0820831999881193>
300.3121 	EXP 	Device response: <KeyPress from None: t=300.30626199999824, value=6, duration=None>
300.3146 	DATA 	Keypress: 6
300.4117 	EXP 	Device response: <KeyPress from None: t=300.30626199999824, value=6, duration=0.09489519998896867>
300.6468 	EXP 	Device response: <KeyPress from None: t=300.6430883999856, value=space, duration=None>
300.6512 	DATA 	Keypress: space
300.6610 	EXP 	polygon: autoDraw = False
300.6610 	EXP 	polygon_2: autoDraw = False
300.7288 	EXP 	Device response: <KeyPress from None: t=300.6430883999856, value=space, duration=0.08367469999939203>
301.3455 	EXP 	Sound sound_1 reached end of file
301.3611 	EXP 	Playing sound sound_1 on speaker Speaker (2- Realtek(R) Audio)
301.6526 	EXP 	Sound sound_1 stopped
301.6668 	EXP 	text: autoDraw = True
301.6668 	EXP 	textbox: autoDraw = True
303.1275 	DATA 	Keypress: 7
303.1289 	EXP 	Device response: <KeyPress from None: t=303.1171835999994, value=7, duration=None>
303.1939 	EXP 	Device response: <KeyPress from None: t=303.1171835999994, value=7, duration=0.061322800000198185>
303.2977 	DATA 	Keypress: 6
303.3107 	EXP 	Device response: <KeyPress from None: t=303.2970982999832, value=6, duration=None>
303.3787 	EXP 	Device response: <KeyPress from None: t=303.2970982999832, value=6, duration=0.06826359999831766>
303.4806 	DATA 	Keypress: 5
303.4940 	EXP 	Device response: <KeyPress from None: t=303.47794369998155, value=5, duration=None>
303.5610 	EXP 	Device response: <KeyPress from None: t=303.47794369998155, value=5, duration=0.06670130000566132>
304.4460 	DATA 	Mouse: Left button down, pos=(1247,287)
304.4471 	EXP 	New trial (rep=4, index=10): <Trial 58 (10 in rep 4) data={'delay': 0.1, 'freq': 1000, 'condition': 'expected', 'thisN': 58, 'thisTrialN': 10, 'thisRepN': 4}>
304.4597 	EXP 	text: autoDraw = False
304.4597 	EXP 	textbox: autoDraw = False
304.4597 	EXP 	polygon: autoDraw = True
304.6640 	DATA 	Mouse:  Left button up, pos=(1247,287)
305.2283 	EXP 	Device response: <KeyPress from None: t=305.2222469999979, value=space, duration=None>
305.2297 	DATA 	Keypress: space
305.3447 	EXP 	Device response: <KeyPress from None: t=305.2222469999979, value=space, duration=0.11494060000404716>
305.4608 	INFO 	Keyboard events cleared
305.4606 	EXP 	polygon: autoDraw = False
305.4606 	EXP 	polygon_2: autoDraw = True
305.7290 	EXP 	Device response: <KeyPress from None: t=305.719079100003, value=space, duration=None>
305.7336 	DATA 	Keypress: space
305.7445 	EXP 	polygon: autoDraw = False
305.7445 	EXP 	polygon_2: autoDraw = False
305.8122 	EXP 	Device response: <KeyPress from None: t=305.719079100003, value=space, duration=0.0841970999899786>
305.8277 	EXP 	Sound sound_1 reached end of file
305.8439 	EXP 	Playing sound sound_1 on speaker Speaker (2- Realtek(R) Audio)
306.1467 	EXP 	Sound sound_1 stopped
306.1610 	EXP 	text: autoDraw = True
306.1610 	EXP 	textbox: autoDraw = True
307.0942 	DATA 	Keypress: 4
307.0956 	EXP 	Device response: <KeyPress from None: t=307.0895911999978, value=4, duration=None>
307.1770 	EXP 	Device response: <KeyPress from None: t=307.0895911999978, value=4, duration=0.07279589999234304>
307.2830 	DATA 	Keypress: 5
307.2938 	EXP 	Device response: <KeyPress from None: t=307.2822853999969, value=5, duration=None>
307.3617 	EXP 	Device response: <KeyPress from None: t=307.2822853999969, value=5, duration=0.07806719999643974>
307.4621 	DATA 	Keypress: 6
307.4647 	EXP 	Device response: <KeyPress from None: t=307.4596932999848, value=6, duration=None>
307.5613 	EXP 	Device response: <KeyPress from None: t=307.4596932999848, value=6, duration=0.08534260001033545>
308.8296 	DATA 	Mouse: Left button down, pos=(1247,287)
308.8310 	EXP 	New trial (rep=4, index=11): <Trial 59 (11 in rep 4) data={'delay': 0.7, 'freq': 1000, 'condition': 'expected', 'thisN': 59, 'thisTrialN': 11, 'thisRepN': 4}>
308.8428 	EXP 	text: autoDraw = False
308.8428 	EXP 	textbox: autoDraw = False
308.8428 	EXP 	polygon: autoDraw = True
309.0641 	DATA 	Mouse:  Left button up, pos=(1247,287)
309.3952 	EXP 	Device response: <KeyPress from None: t=309.38961089999066, value=space, duration=None>
309.3966 	DATA 	Keypress: space
309.4785 	EXP 	Device response: <KeyPress from None: t=309.38961089999066, value=space, duration=0.08686060001491569>
309.8451 	INFO 	Keyboard events cleared
309.8448 	EXP 	polygon: autoDraw = False
309.8448 	EXP 	polygon_2: autoDraw = True
309.8471 	DATA 	Keypress: space
310.2781 	EXP 	Device response: <KeyPress from None: t=310.2726799999946, value=space, duration=None>
310.2803 	DATA 	Keypress: space
310.2943 	EXP 	polygon: autoDraw = False
310.2943 	EXP 	polygon_2: autoDraw = False
310.3608 	EXP 	Device response: <KeyPress from None: t=310.2726799999946, value=space, duration=0.08325100000365637>
310.9771 	EXP 	Sound sound_1 reached end of file
310.9935 	EXP 	Playing sound sound_1 on speaker Speaker (2- Realtek(R) Audio)
311.2871 	EXP 	Sound sound_1 stopped
311.3025 	EXP 	text: autoDraw = True
311.3025 	EXP 	textbox: autoDraw = True
313.2161 	DATA 	Keypress: 3
313.2271 	EXP 	Device response: <KeyPress from None: t=313.21286539998255, value=3, duration=None>
313.2771 	EXP 	Device response: <KeyPress from None: t=313.21286539998255, value=3, duration=0.05080310002085753>
313.4002 	DATA 	Keypress: 4
313.4105 	EXP 	Device response: <KeyPress from None: t=313.39755359999253, value=4, duration=None>
313.4614 	EXP 	Device response: <KeyPress from None: t=313.39755359999253, value=4, duration=0.060665099998004735>
313.6111 	DATA 	Keypress: 5
313.6130 	EXP 	Device response: <KeyPress from None: t=313.6038986000058, value=5, duration=None>
313.6787 	EXP 	Device response: <KeyPress from None: t=313.6038986000058, value=5, duration=0.0719717999745626>
314.7830 	DATA 	Mouse: Left button down, pos=(1247,287)
314.7958 	EXP 	New trial (rep=5, index=0): <Trial 60 (0 in rep 5) data={'delay': 0.4, 'freq': 1000, 'condition': 'expected', 'thisN': 60, 'thisTrialN': 0, 'thisRepN': 5}>
314.8096 	EXP 	text: autoDraw = False
314.8096 	EXP 	textbox: autoDraw = False
314.8096 	EXP 	polygon: autoDraw = True
315.0127 	DATA 	Mouse:  Left button up, pos=(1247,287)
315.3783 	EXP 	Device response: <KeyPress from None: t=315.36914229998365, value=space, duration=None>
315.3797 	DATA 	Keypress: space
315.4950 	EXP 	Device response: <KeyPress from None: t=315.36914229998365, value=space, duration=0.12394040002254769>
315.8101 	INFO 	Keyboard events cleared
315.8098 	EXP 	polygon: autoDraw = False
315.8098 	EXP 	polygon_2: autoDraw = True
315.8447 	EXP 	Device response: <KeyPress from None: t=315.8323193999822, value=space, duration=None>
315.8471 	DATA 	Keypress: space
315.8608 	EXP 	polygon: autoDraw = False
315.8608 	EXP 	polygon_2: autoDraw = False
315.9281 	EXP 	Device response: <KeyPress from None: t=315.8323193999822, value=space, duration=0.09359890001360327>
316.2444 	EXP 	Sound sound_1 reached end of file
316.2606 	EXP 	Playing sound sound_1 on speaker Speaker (2- Realtek(R) Audio)
316.5595 	EXP 	Sound sound_1 stopped
316.5726 	EXP 	text: autoDraw = True
316.5726 	EXP 	textbox: autoDraw = True
317.8605 	DATA 	Keypress: 9
317.8619 	EXP 	Device response: <KeyPress from None: t=317.85757829999784, value=9, duration=None>
317.9445 	EXP 	Device response: <KeyPress from None: t=317.85757829999784, value=9, duration=0.07883350001065992>
318.0694 	DATA 	Keypress: 8
318.0783 	EXP 	Device response: <KeyPress from None: t=318.0689970999956, value=8, duration=None>
318.1633 	EXP 	Device response: <KeyPress from None: t=318.0689970999956, value=8, duration=0.08618370001204312>
318.2943 	DATA 	Keypress: 7
318.2961 	EXP 	Device response: <KeyPress from None: t=318.2892914999975, value=7, duration=None>
318.3622 	EXP 	Device response: <KeyPress from None: t=318.2892914999975, value=7, duration=0.07101730001159012>
319.1879 	DATA 	Mouse: Left button down, pos=(1247,287)
319.1994 	EXP 	New trial (rep=5, index=1): <Trial 61 (1 in rep 5) data={'delay': 0.1, 'freq': 1000, 'condition': 'expected', 'thisN': 61, 'thisTrialN': 1, 'thisRepN': 5}>
319.2102 	EXP 	text: autoDraw = False
319.2102 	EXP 	textbox: autoDraw = False
319.2102 	EXP 	polygon: autoDraw = True
319.3991 	DATA 	Mouse:  Left button up, pos=(1247,287)
319.9946 	EXP 	Device response: <KeyPress from None: t=319.99236539998674, value=space, duration=None>
319.9962 	DATA 	Keypress: space
320.1108 	EXP 	Device response: <KeyPress from None: t=319.99236539998674, value=space, duration=0.11416980001376942>
320.2110 	INFO 	Keyboard events cleared
320.2108 	EXP 	polygon: autoDraw = False
320.2108 	EXP 	polygon_2: autoDraw = True
320.5111 	EXP 	Device response: <KeyPress from None: t=320.50206729999627, value=space, duration=None>
320.5135 	DATA 	Keypress: space
320.5273 	EXP 	polygon: autoDraw = False
320.5273 	EXP 	polygon_2: autoDraw = False
320.5775 	EXP 	Device response: <KeyPress from None: t=320.50206729999627, value=space, duration=0.07029719999991357>
320.5948 	EXP 	Sound sound_1 reached end of file
320.6109 	EXP 	Playing sound sound_1 on speaker Speaker (2- Realtek(R) Audio)
320.9105 	EXP 	Sound sound_1 stopped
320.9277 	EXP 	text: autoDraw = True
320.9277 	EXP 	textbox: autoDraw = True
322.2609 	DATA 	Keypress: 8
322.2624 	EXP 	Device response: <KeyPress from None: t=322.2525655000063, value=8, duration=None>
322.3289 	EXP 	Device response: <KeyPress from None: t=322.2525655000063, value=8, duration=0.0656359999848064>
322.4941 	DATA 	Keypress: 7
322.4962 	EXP 	Device response: <KeyPress from None: t=322.49081610000576, value=7, duration=None>
322.5792 	EXP 	Device response: <KeyPress from None: t=322.49081610000576, value=7, duration=0.08652449998771772>
322.7626 	DATA 	Keypress: 6
322.7651 	EXP 	Device response: <KeyPress from None: t=322.75293019998935, value=6, duration=None>
322.8298 	EXP 	Device response: <KeyPress from None: t=322.75293019998935, value=6, duration=0.07189970000763424>
323.8114 	DATA 	Mouse: Left button down, pos=(1236,332)
323.8125 	EXP 	New trial (rep=5, index=2): <Trial 62 (2 in rep 5) data={'delay': 0.1, 'freq': 400, 'condition': 'unexp', 'thisN': 62, 'thisTrialN': 2, 'thisRepN': 5}>
323.8263 	EXP 	text: autoDraw = False
323.8263 	EXP 	textbox: autoDraw = False
323.8263 	EXP 	polygon: autoDraw = True
324.0302 	DATA 	Mouse:  Left button up, pos=(1236,332)
324.6116 	EXP 	Device response: <KeyPress from None: t=324.6069703999965, value=space, duration=None>
324.6130 	DATA 	Keypress: space
324.6948 	EXP 	Device response: <KeyPress from None: t=324.6069703999965, value=space, duration=0.08602509999764152>
324.8276 	INFO 	Keyboard events cleared
324.8274 	EXP 	polygon: autoDraw = False
324.8274 	EXP 	polygon_2: autoDraw = True
325.0112 	EXP 	Device response: <KeyPress from None: t=324.99955670000054, value=space, duration=None>
325.0136 	DATA 	Keypress: space
325.0270 	EXP 	polygon: autoDraw = False
325.0270 	EXP 	polygon_2: autoDraw = False
325.0776 	EXP 	Device response: <KeyPress from None: t=324.99955670000054, value=space, duration=0.066521400003694>
325.1112 	EXP 	Sound sound_1 reached end of file
325.1274 	EXP 	Playing sound sound_1 on speaker Speaker (2- Realtek(R) Audio)
325.4266 	EXP 	Sound sound_1 stopped
325.4404 	EXP 	text: autoDraw = True
325.4404 	EXP 	textbox: autoDraw = True
327.0157 	DATA 	Keypress: 5
327.0270 	EXP 	Device response: <KeyPress from None: t=327.0131453000067, value=5, duration=None>
327.0779 	EXP 	Device response: <KeyPress from None: t=327.0131453000067, value=5, duration=0.06207929999800399>
327.2126 	DATA 	Keypress: 6
327.2147 	EXP 	Device response: <KeyPress from None: t=327.2120503000042, value=6, duration=None>
327.2942 	EXP 	Device response: <KeyPress from None: t=327.2120503000042, value=6, duration=0.06882429998950101>
327.4031 	DATA 	Keypress: 7
327.4102 	EXP 	Device response: <KeyPress from None: t=327.40251590000116, value=7, duration=None>
327.4776 	EXP 	Device response: <KeyPress from None: t=327.40251590000116, value=7, duration=0.05972809999366291>
328.4790 	DATA 	Mouse: Left button down, pos=(1163,347)
328.4805 	EXP 	New trial (rep=5, index=3): <Trial 63 (3 in rep 5) data={'delay': 0.7, 'freq': 1000, 'condition': 'expected', 'thisN': 63, 'thisTrialN': 3, 'thisRepN': 5}>
328.4945 	EXP 	text: autoDraw = False
328.4945 	EXP 	textbox: autoDraw = False
328.4945 	EXP 	polygon: autoDraw = True
328.7142 	DATA 	Mouse:  Left button up, pos=(1163,347)
329.4941 	INFO 	Keyboard events cleared
329.4938 	EXP 	polygon: autoDraw = False
329.4938 	EXP 	polygon_2: autoDraw = True
329.7937 	EXP 	Device response: <KeyPress from None: t=329.7930212999927, value=space, duration=None>
329.7959 	DATA 	Keypress: space
329.8110 	EXP 	polygon: autoDraw = False
329.8110 	EXP 	polygon_2: autoDraw = False
329.8613 	EXP 	Device response: <KeyPress from None: t=329.7930212999927, value=space, duration=0.06637620000401512>
330.2631 	DATA 	Keypress: space
330.2783 	EXP 	Device response: <KeyPress from None: t=330.26228110000375, value=space, duration=None>
330.3444 	EXP 	Device response: <KeyPress from None: t=330.26228110000375, value=space, duration=0.07201529998565093>
330.4769 	EXP 	Sound sound_1 reached end of file
330.4932 	EXP 	Playing sound sound_1 on speaker Speaker (2- Realtek(R) Audio)
330.7946 	EXP 	Sound sound_1 stopped
330.8104 	EXP 	text: autoDraw = True
330.8104 	EXP 	textbox: autoDraw = True
331.4143 	DATA 	Keypress: 4
331.4269 	EXP 	Device response: <KeyPress from None: t=331.4125905999972, value=4, duration=None>
331.4777 	EXP 	Device response: <KeyPress from None: t=331.4125905999972, value=4, duration=0.06181119999382645>
331.6118 	DATA 	Keypress: 3
331.6136 	EXP 	Device response: <KeyPress from None: t=331.6065585000033, value=3, duration=None>
331.6791 	EXP 	Device response: <KeyPress from None: t=331.6065585000033, value=3, duration=0.06540309998672456>
331.7993 	DATA 	Keypress: 5
331.8103 	DATA 	Keypress: 4
331.8121 	EXP 	Device response: <KeyPress from None: t=331.79893459999585, value=5, duration=None>
331.8122 	EXP 	Device response: <KeyPress from None: t=331.8076832999941, value=4, duration=None>
331.8793 	EXP 	Device response: <KeyPress from None: t=331.8076832999941, value=4, duration=0.0636858000070788>
331.8948 	EXP 	Device response: <KeyPress from None: t=331.79893459999585, value=5, duration=0.08087450001039542>
333.1606 	DATA 	Keypress: backspace
333.1621 	EXP 	Device response: <KeyPress from None: t=333.1561917999934, value=backspace, duration=None>
333.2441 	EXP 	Device response: <KeyPress from None: t=333.1561917999934, value=backspace, duration=0.0752269999939017>
333.7515 	DATA 	Mouse: Left button down, pos=(1156,330)
333.7614 	EXP 	New trial (rep=5, index=4): <Trial 64 (4 in rep 5) data={'delay': 0.4, 'freq': 1000, 'condition': 'expected', 'thisN': 64, 'thisTrialN': 4, 'thisRepN': 5}>
333.7769 	EXP 	text: autoDraw = False
333.7769 	EXP 	textbox: autoDraw = False
333.7769 	EXP 	polygon: autoDraw = True
333.9810 	DATA 	Mouse:  Left button up, pos=(1156,330)
334.3605 	EXP 	Device response: <KeyPress from None: t=334.34753369999817, value=space, duration=None>
334.3621 	DATA 	Keypress: space
334.4613 	EXP 	Device response: <KeyPress from None: t=334.34753369999817, value=space, duration=0.10494499999913387>
334.7599 	INFO 	Keyboard events cleared
334.7596 	EXP 	polygon_2: autoDraw = True
334.7618 	DATA 	Keypress: space
334.7774 	EXP 	polygon: autoDraw = False
335.1941 	EXP 	Device response: <KeyPress from None: t=335.1935156999971, value=space, duration=None>
335.1963 	DATA 	Keypress: space
335.2106 	EXP 	polygon: autoDraw = False
335.2106 	EXP 	polygon_2: autoDraw = False
335.3103 	EXP 	Device response: <KeyPress from None: t=335.1935156999971, value=space, duration=0.10163769999053329>
335.5775 	EXP 	Sound sound_1 reached end of file
335.5937 	EXP 	Playing sound sound_1 on speaker Speaker (2- Realtek(R) Audio)
335.8971 	EXP 	Sound sound_1 stopped
335.9114 	EXP 	text: autoDraw = True
335.9114 	EXP 	textbox: autoDraw = True
336.2683 	DATA 	Keypress: 2
336.2777 	EXP 	Device response: <KeyPress from None: t=336.26639669999713, value=2, duration=None>
336.3454 	EXP 	Device response: <KeyPress from None: t=336.26639669999713, value=2, duration=0.07711680000647902>
336.4781 	DATA 	Keypress: 3
336.4805 	EXP 	Device response: <KeyPress from None: t=336.47577530000126, value=3, duration=None>
336.5614 	EXP 	Device response: <KeyPress from None: t=336.47577530000126, value=3, duration=0.07395829999586567>
336.6773 	DATA 	Keypress: 4
336.6790 	EXP 	Device response: <KeyPress from None: t=336.6727656000003, value=4, duration=None>
336.7615 	EXP 	Device response: <KeyPress from None: t=336.6727656000003, value=4, duration=0.07756639999570325>
337.6282 	DATA 	Mouse: Left button down, pos=(1156,330)
337.6291 	EXP 	New trial (rep=5, index=5): <Trial 65 (5 in rep 5) data={'delay': 0.7, 'freq': 1000, 'condition': 'expected', 'thisN': 65, 'thisTrialN': 5, 'thisRepN': 5}>
337.6430 	EXP 	text: autoDraw = False
337.6430 	EXP 	textbox: autoDraw = False
337.6430 	EXP 	polygon: autoDraw = True
337.8644 	DATA 	Mouse:  Left button up, pos=(1156,330)
338.2793 	DATA 	Keypress: space
338.2943 	EXP 	Device response: <KeyPress from None: t=338.2779940000037, value=space, duration=None>
338.3603 	EXP 	Device response: <KeyPress from None: t=338.2779940000037, value=space, duration=0.0666905999823939>
338.6441 	INFO 	Keyboard events cleared
338.6439 	EXP 	polygon: autoDraw = False
338.6439 	EXP 	polygon_2: autoDraw = True
338.6611 	EXP 	Device response: <KeyPress from None: t=338.6494883999985, value=space, duration=None>
338.6634 	DATA 	Keypress: space
338.6773 	EXP 	polygon: autoDraw = False
338.6773 	EXP 	polygon_2: autoDraw = False
338.7443 	EXP 	Device response: <KeyPress from None: t=338.6494883999985, value=space, duration=0.08864959998754784>
339.3604 	EXP 	Sound sound_1 reached end of file
339.3767 	EXP 	Playing sound sound_1 on speaker Speaker (2- Realtek(R) Audio)
339.6774 	EXP 	Sound sound_1 stopped
339.6931 	EXP 	text: autoDraw = True
339.6931 	EXP 	textbox: autoDraw = True
340.2778 	DATA 	Keypress: 2
340.2792 	EXP 	Device response: <KeyPress from None: t=340.27442159998463, value=2, duration=None>
340.3448 	EXP 	Device response: <KeyPress from None: t=340.27442159998463, value=2, duration=0.06354719999944791>
340.4826 	DATA 	Keypress: 3
340.4953 	EXP 	Device response: <KeyPress from None: t=340.48142150000785, value=3, duration=None>
340.5627 	EXP 	Device response: <KeyPress from None: t=340.48142150000785, value=3, duration=0.07121949997963384>
340.8783 	DATA 	Keypress: 5
340.8806 	EXP 	Device response: <KeyPress from None: t=340.87245739999344, value=5, duration=None>
340.9466 	EXP 	Device response: <KeyPress from None: t=340.87245739999344, value=5, duration=0.06571830000029877>
342.0466 	DATA 	Mouse: Left button down, pos=(1156,330)
342.0488 	EXP 	New trial (rep=5, index=6): <Trial 66 (6 in rep 5) data={'delay': 0.4, 'freq': 400, 'condition': 'unexp', 'thisN': 66, 'thisTrialN': 6, 'thisRepN': 5}>
342.0596 	EXP 	text: autoDraw = False
342.0596 	EXP 	textbox: autoDraw = False
342.0596 	EXP 	polygon: autoDraw = True
342.2645 	DATA 	Mouse:  Left button up, pos=(1156,330)
342.4450 	EXP 	Device response: <KeyPress from None: t=342.4428757999849, value=space, duration=None>
342.4464 	DATA 	Keypress: space
342.5444 	EXP 	Device response: <KeyPress from None: t=342.4428757999849, value=space, duration=0.09834850000333972>
342.8298 	DATA 	Keypress: space
342.8440 	EXP 	Device response: <KeyPress from None: t=342.82835249998607, value=space, duration=None>
342.9104 	EXP 	Device response: <KeyPress from None: t=342.82835249998607, value=space, duration=0.07381930001429282>
343.0596 	INFO 	Keyboard events cleared
343.0594 	EXP 	polygon: autoDraw = False
343.0594 	EXP 	polygon_2: autoDraw = True
343.2098 	EXP 	Device response: <KeyPress from None: t=343.2000417999807, value=space, duration=None>
343.2123 	DATA 	Keypress: space
343.2258 	EXP 	polygon: autoDraw = False
343.2258 	EXP 	polygon_2: autoDraw = False
343.2767 	EXP 	Device response: <KeyPress from None: t=343.2000417999807, value=space, duration=0.07030130000202917>
343.5939 	EXP 	Sound sound_1 reached end of file
343.6099 	EXP 	Playing sound sound_1 on speaker Speaker (2- Realtek(R) Audio)
343.9066 	EXP 	Sound sound_1 stopped
343.9221 	EXP 	text: autoDraw = True
343.9221 	EXP 	textbox: autoDraw = True
344.6705 	DATA 	Keypress: 2
344.6811 	EXP 	Device response: <KeyPress from None: t=344.6649805000052, value=2, duration=None>
344.7279 	EXP 	Device response: <KeyPress from None: t=344.6649805000052, value=2, duration=0.060053099994547665>
344.8771 	DATA 	Keypress: 3
344.8784 	EXP 	Device response: <KeyPress from None: t=344.8656117999926, value=3, duration=None>
344.9445 	EXP 	Device response: <KeyPress from None: t=344.8656117999926, value=3, duration=0.07437529999879189>
345.4439 	DATA 	Keypress: 6
345.4456 	EXP 	Device response: <KeyPress from None: t=345.44323740000254, value=6, duration=None>
345.5108 	EXP 	Device response: <KeyPress from None: t=345.44323740000254, value=6, duration=0.06456619998789392>
346.5657 	DATA 	Mouse: Left button down, pos=(1156,330)
346.5775 	EXP 	New trial (rep=5, index=7): <Trial 67 (7 in rep 5) data={'delay': 0.4, 'freq': 1000, 'condition': 'expected', 'thisN': 67, 'thisTrialN': 7, 'thisRepN': 5}>
346.5928 	EXP 	text: autoDraw = False
346.5928 	EXP 	textbox: autoDraw = False
346.5928 	EXP 	polygon: autoDraw = True
346.7965 	DATA 	Mouse:  Left button up, pos=(1156,330)
347.1438 	EXP 	Device response: <KeyPress from None: t=347.141217700002, value=space, duration=None>
347.1452 	DATA 	Keypress: space
347.2439 	EXP 	Device response: <KeyPress from None: t=347.141217700002, value=space, duration=0.08760369999799877>
347.5617 	DATA 	Keypress: space
347.5780 	EXP 	Device response: <KeyPress from None: t=347.56036770000355, value=space, duration=None>
347.5936 	INFO 	Keyboard events cleared
347.5934 	EXP 	polygon: autoDraw = False
347.5934 	EXP 	polygon_2: autoDraw = True
347.6434 	EXP 	Device response: <KeyPress from None: t=347.56036770000355, value=space, duration=0.07059940000181086>
347.9105 	EXP 	Device response: <KeyPress from None: t=347.9097049999982, value=space, duration=None>
347.9133 	DATA 	Keypress: space
347.9262 	EXP 	polygon: autoDraw = False
347.9262 	EXP 	polygon_2: autoDraw = False
348.0100 	EXP 	Device response: <KeyPress from None: t=347.9097049999982, value=space, duration=0.08781060000183061>
348.2940 	EXP 	Sound sound_1 reached end of file
348.3101 	EXP 	Playing sound sound_1 on speaker Speaker (2- Realtek(R) Audio)
348.6022 	EXP 	Sound sound_1 stopped
348.6149 	EXP 	text: autoDraw = True
348.6149 	EXP 	textbox: autoDraw = True
348.9155 	DATA 	Keypress: 2
348.9268 	EXP 	Device response: <KeyPress from None: t=348.91082489999826, value=2, duration=None>
348.9777 	EXP 	Device response: <KeyPress from None: t=348.91082489999826, value=2, duration=0.05682969998451881>
349.1103 	DATA 	Keypress: 3
349.1124 	EXP 	Device response: <KeyPress from None: t=349.1057215000037, value=3, duration=None>
349.1936 	EXP 	Device response: <KeyPress from None: t=349.1057215000037, value=3, duration=0.07269749999977648>
349.7102 	DATA 	Keypress: 7
349.7114 	EXP 	Device response: <KeyPress from None: t=349.703363299981, value=7, duration=None>
349.7617 	EXP 	Device response: <KeyPress from None: t=349.703363299981, value=7, duration=0.05143680001492612>
350.8342 	DATA 	Mouse: Left button down, pos=(1156,330)
350.8439 	EXP 	New trial (rep=5, index=8): <Trial 68 (8 in rep 5) data={'delay': 0.7, 'freq': 1000, 'condition': 'expected', 'thisN': 68, 'thisTrialN': 8, 'thisRepN': 5}>
350.8590 	EXP 	text: autoDraw = False
350.8590 	EXP 	textbox: autoDraw = False
350.8590 	EXP 	polygon: autoDraw = True
351.0627 	DATA 	Mouse:  Left button up, pos=(1156,330)
351.3793 	DATA 	Mouse: Left button down, pos=(1156,330)
351.5974 	DATA 	Mouse:  Left button up, pos=(1156,330)
351.7598 	EXP 	Device response: <KeyPress from None: t=351.7579402999836, value=space, duration=None>
351.7622 	DATA 	Keypress: space
351.8432 	INFO 	Keyboard events cleared
351.8430 	EXP 	polygon_2: autoDraw = True
351.8600 	EXP 	polygon: autoDraw = False
351.8606 	EXP 	Device response: <KeyPress from None: t=351.7579402999836, value=space, duration=0.0974059000145644>
352.1432 	EXP 	Device response: <KeyPress from None: t=352.13764999998966, value=space, duration=None>
352.1454 	DATA 	Keypress: space
352.1592 	EXP 	polygon: autoDraw = False
352.1592 	EXP 	polygon_2: autoDraw = False
352.2268 	EXP 	Device response: <KeyPress from None: t=352.13764999998966, value=space, duration=0.08393900000373833>
352.8273 	EXP 	Sound sound_1 reached end of file
352.8435 	EXP 	Playing sound sound_1 on speaker Speaker (2- Realtek(R) Audio)
352.8437 	EXP 	Device response: <KeyPress from None: t=352.82897319999756, value=2, duration=None>
352.8454 	DATA 	Keypress: 2
352.8937 	EXP 	Device response: <KeyPress from None: t=352.82897319999756, value=2, duration=0.06404229998588562>
353.0269 	EXP 	Device response: <KeyPress from None: t=353.0186443999992, value=3, duration=None>
353.0277 	DATA 	Keypress: 3
353.0944 	EXP 	Device response: <KeyPress from None: t=353.0186443999992, value=3, duration=0.07277410000097007>
353.1450 	EXP 	Sound sound_1 stopped
353.1605 	EXP 	text: autoDraw = True
353.1605 	EXP 	textbox: autoDraw = True
353.6157 	DATA 	Keypress: 8
353.6273 	EXP 	Device response: <KeyPress from None: t=353.6149075999856, value=8, duration=None>
353.6935 	EXP 	Device response: <KeyPress from None: t=353.6149075999856, value=8, duration=0.06574120000004768>
354.7330 	DATA 	Keypress: backspace
354.7435 	EXP 	Device response: <KeyPress from None: t=354.73084609999205, value=backspace, duration=None>
354.8767 	EXP 	Device response: <KeyPress from None: t=354.73084609999205, value=backspace, duration=0.13350379999610595>
355.3435 	DATA 	Keypress: 2
355.3448 	EXP 	Device response: <KeyPress from None: t=355.34208030000445, value=2, duration=None>
355.4109 	EXP 	Device response: <KeyPress from None: t=355.34208030000445, value=2, duration=0.0645072000043001>
355.5437 	DATA 	Keypress: 3
355.5454 	EXP 	Device response: <KeyPress from None: t=355.5373965000035, value=3, duration=None>
355.6269 	EXP 	Device response: <KeyPress from None: t=355.5373965000035, value=3, duration=0.07567809999454767>
356.2436 	DATA 	Keypress: 8
356.2526 	EXP 	Device response: <KeyPress from None: t=356.1504260000074, value=8, duration=None>
356.2527 	EXP 	Device response: <KeyPress from None: t=356.1504260000074, value=8, duration=0.06048399998690002>
357.1220 	DATA 	Mouse: Left button down, pos=(1164,320)
357.1255 	EXP 	New trial (rep=5, index=9): <Trial 69 (9 in rep 5) data={'delay': 0.1, 'freq': 1000, 'condition': 'expected', 'thisN': 69, 'thisTrialN': 9, 'thisRepN': 5}>
357.1353 	EXP 	text: autoDraw = False
357.1353 	EXP 	textbox: autoDraw = False
357.1353 	EXP 	polygon: autoDraw = True
357.3559 	DATA 	Mouse:  Left button up, pos=(1164,320)
357.5531 	EXP 	Device response: <KeyPress from None: t=357.54140489999554, value=space, duration=None>
357.5545 	DATA 	Keypress: space
357.6360 	EXP 	Device response: <KeyPress from None: t=357.54140489999554, value=space, duration=0.08155010000336915>
357.9869 	EXP 	Device response: <KeyPress from None: t=357.97761899998295, value=space, duration=None>
357.9884 	DATA 	Keypress: space
358.1029 	EXP 	Device response: <KeyPress from None: t=357.97761899998295, value=space, duration=0.12251960000139661>
358.1359 	INFO 	Keyboard events cleared
358.1357 	EXP 	polygon: autoDraw = False
358.1357 	EXP 	polygon_2: autoDraw = True
358.7534 	DATA 	Keypress: space
358.7686 	EXP 	Device response: <KeyPress from None: t=358.7529016000044, value=space, duration=None>
358.7847 	EXP 	polygon: autoDraw = False
358.7847 	EXP 	polygon_2: autoDraw = False
358.8518 	EXP 	Sound sound_1 reached end of file
358.8682 	EXP 	Playing sound sound_1 on speaker Speaker (2- Realtek(R) Audio)
358.8686 	EXP 	Device response: <KeyPress from None: t=358.7529016000044, value=space, duration=0.1064427999954205>
359.1638 	EXP 	Sound sound_1 stopped
359.1785 	EXP 	text: autoDraw = True
359.1785 	EXP 	textbox: autoDraw = True
360.0409 	DATA 	Keypress: 2
360.0529 	EXP 	Device response: <KeyPress from None: t=360.0384548000002, value=2, duration=None>
360.0708 	EXP 	Device response: <KeyPress from None: t=360.0384548000002, value=2, duration=0.026666899997508153>
360.4869 	DATA 	Keypress: 3
360.4889 	EXP 	Device response: <KeyPress from None: t=360.4826383999898, value=3, duration=None>
360.5700 	EXP 	Device response: <KeyPress from None: t=360.4826383999898, value=3, duration=0.07583549999981187>
361.4089 	DATA 	Keypress: 9
361.4200 	EXP 	Device response: <KeyPress from None: t=361.4074649999966, value=9, duration=None>
361.4867 	EXP 	Device response: <KeyPress from None: t=361.4074649999966, value=9, duration=0.06308910000370815>
363.1863 	DATA 	Mouse: Left button down, pos=(1164,320)
363.1873 	EXP 	New trial (rep=5, index=10): <Trial 70 (10 in rep 5) data={'delay': 0.7, 'freq': 400, 'condition': 'unexp', 'thisN': 70, 'thisTrialN': 10, 'thisRepN': 5}>
363.2017 	EXP 	text: autoDraw = False
363.2017 	EXP 	textbox: autoDraw = False
363.2017 	EXP 	polygon: autoDraw = True
363.4056 	DATA 	Mouse:  Left button up, pos=(1164,320)
363.9050 	DATA 	Keypress: space
363.9201 	EXP 	Device response: <KeyPress from None: t=363.90435679999064, value=space, duration=None>
364.0192 	EXP 	Device response: <KeyPress from None: t=363.90435679999064, value=space, duration=0.09840419999090955>
364.2029 	INFO 	Keyboard events cleared
364.2027 	EXP 	polygon: autoDraw = False
364.2027 	EXP 	polygon_2: autoDraw = True
364.3028 	EXP 	Device response: <KeyPress from None: t=364.29953849999583, value=space, duration=None>
364.3050 	DATA 	Keypress: space
364.3192 	EXP 	polygon: autoDraw = False
364.3192 	EXP 	polygon_2: autoDraw = False
364.4030 	EXP 	Device response: <KeyPress from None: t=364.29953849999583, value=space, duration=0.0937802999978885>
364.9861 	EXP 	Sound sound_1 reached end of file
365.0023 	EXP 	Playing sound sound_1 on speaker Speaker (2- Realtek(R) Audio)
365.2955 	EXP 	Sound sound_1 stopped
365.3099 	EXP 	text: autoDraw = True
365.3099 	EXP 	textbox: autoDraw = True
365.9022 	DATA 	Keypress: 2
365.9035 	EXP 	Device response: <KeyPress from None: t=365.8987668000045, value=2, duration=None>
366.0196 	EXP 	Device response: <KeyPress from None: t=365.8987668000045, value=2, duration=0.10487680000369437>
366.1752 	DATA 	Keypress: 4
366.1859 	EXP 	Device response: <KeyPress from None: t=366.1728594999877, value=4, duration=None>
366.3026 	EXP 	Device response: <KeyPress from None: t=366.1728594999877, value=4, duration=0.12070900000981055>
366.5367 	DATA 	Keypress: 0
366.5497 	EXP 	Device response: <KeyPress from None: t=366.5354490999889, value=0, duration=None>
366.6206 	EXP 	Device response: <KeyPress from None: t=366.5354490999889, value=0, duration=0.07888660000753589>
367.5611 	DATA 	Mouse: Left button down, pos=(1209,304)
367.5703 	EXP 	New trial (rep=5, index=11): <Trial 71 (11 in rep 5) data={'delay': 0.1, 'freq': 1000, 'condition': 'expected', 'thisN': 71, 'thisTrialN': 11, 'thisRepN': 5}>
367.5850 	EXP 	text: autoDraw = False
367.5850 	EXP 	textbox: autoDraw = False
367.5850 	EXP 	polygon: autoDraw = True
367.7896 	DATA 	Mouse:  Left button up, pos=(1209,304)
368.3375 	EXP 	Device response: <KeyPress from None: t=368.32530810000026, value=space, duration=None>
368.3405 	DATA 	Keypress: space
368.4205 	EXP 	Device response: <KeyPress from None: t=368.32530810000026, value=space, duration=0.08753679998335429>
368.5692 	INFO 	Keyboard events cleared
368.5689 	EXP 	polygon_2: autoDraw = True
368.5853 	EXP 	polygon: autoDraw = False
368.7028 	EXP 	Device response: <KeyPress from None: t=368.6938148000045, value=space, duration=None>
368.7071 	DATA 	Keypress: space
368.7192 	EXP 	polygon: autoDraw = False
368.7192 	EXP 	polygon_2: autoDraw = False
368.7872 	EXP 	Sound sound_1 reached end of file
368.8029 	EXP 	Playing sound sound_1 on speaker Speaker (2- Realtek(R) Audio)
368.7878 	EXP 	Device response: <KeyPress from None: t=368.6938148000045, value=space, duration=0.07836879999376833>
369.1053 	EXP 	Sound sound_1 stopped
369.1266 	EXP 	text: autoDraw = True
369.1266 	EXP 	textbox: autoDraw = True
369.4283 	DATA 	Keypress: 2
369.4371 	EXP 	Device response: <KeyPress from None: t=369.4244143999822, value=2, duration=None>
369.5211 	EXP 	Device response: <KeyPress from None: t=369.4244143999822, value=2, duration=0.09197370000765659>
369.7287 	DATA 	Keypress: 5
369.7373 	EXP 	Device response: <KeyPress from None: t=369.7254990999936, value=5, duration=None>
369.8395 	EXP 	Device response: <KeyPress from None: t=369.7254990999936, value=5, duration=0.10450570000102744>
369.8514 	DATA 	Keypress: 0
369.8618 	EXP 	Device response: <KeyPress from None: t=369.8426571000018, value=0, duration=None>
369.9533 	EXP 	Device response: <KeyPress from None: t=369.8426571000018, value=0, duration=0.1031512999907136>
371.0697 	DATA 	Mouse: Left button down, pos=(1209,304)
371.0706 	EXP 	New trial (rep=6, index=0): <Trial 72 (0 in rep 6) data={'delay': 0.4, 'freq': 1000, 'condition': 'expected', 'thisN': 72, 'thisTrialN': 0, 'thisRepN': 6}>
371.0846 	EXP 	text: autoDraw = False
371.0846 	EXP 	textbox: autoDraw = False
371.0846 	EXP 	polygon: autoDraw = True
371.2887 	DATA 	Mouse:  Left button up, pos=(1209,304)
371.5017 	EXP 	Device response: <KeyPress from None: t=371.4987057999824, value=space, duration=None>
371.5025 	DATA 	Keypress: space
371.6199 	EXP 	Device response: <KeyPress from None: t=371.4987057999824, value=space, duration=0.11013680000905879>
371.9527 	EXP 	Device response: <KeyPress from None: t=371.93837439999334, value=space, duration=None>
371.9541 	DATA 	Keypress: space
372.0362 	EXP 	Device response: <KeyPress from None: t=371.93837439999334, value=space, duration=0.08964809999451973>
372.0862 	INFO 	Keyboard events cleared
372.0860 	EXP 	polygon: autoDraw = False
372.0860 	EXP 	polygon_2: autoDraw = True
372.3696 	EXP 	Device response: <KeyPress from None: t=372.3603232000023, value=space, duration=None>
372.3719 	DATA 	Keypress: space
372.3856 	EXP 	polygon: autoDraw = False
372.3856 	EXP 	polygon_2: autoDraw = False
372.4691 	EXP 	Device response: <KeyPress from None: t=372.3603232000023, value=space, duration=0.10602330000256188>
372.7537 	EXP 	Sound sound_1 reached end of file
372.7695 	EXP 	Playing sound sound_1 on speaker Speaker (2- Realtek(R) Audio)
373.0673 	EXP 	Sound sound_1 stopped
373.0818 	EXP 	text: autoDraw = True
373.0818 	EXP 	textbox: autoDraw = True
373.2862 	DATA 	Keypress: 2
373.2879 	EXP 	Device response: <KeyPress from None: t=373.281518600008, value=2, duration=None>
373.4377 	EXP 	Device response: <KeyPress from None: t=373.281518600008, value=2, duration=0.1492345999868121>
373.6027 	DATA 	Keypress: 6
373.6055 	EXP 	Device response: <KeyPress from None: t=373.5951720000012, value=6, duration=None>
373.7033 	EXP 	Device response: <KeyPress from None: t=373.5951720000012, value=6, duration=0.09837309998692945>
374.3194 	DATA 	Keypress: 0
374.3213 	EXP 	Device response: <KeyPress from None: t=374.31195709999884, value=0, duration=None>
374.3700 	EXP 	Device response: <KeyPress from None: t=374.31195709999884, value=0, duration=0.04459649999625981>
375.7037 	DATA 	Mouse: Left button down, pos=(1209,304)
375.7047 	EXP 	New trial (rep=6, index=1): <Trial 73 (1 in rep 6) data={'delay': 0.4, 'freq': 400, 'condition': 'unexp', 'thisN': 73, 'thisTrialN': 1, 'thisRepN': 6}>
375.7181 	EXP 	text: autoDraw = False
375.7181 	EXP 	textbox: autoDraw = False
375.7181 	EXP 	polygon: autoDraw = True
375.9386 	DATA 	Mouse:  Left button up, pos=(1209,304)
376.2039 	DATA 	Keypress: space
376.2199 	EXP 	Device response: <KeyPress from None: t=376.20265269998345, value=space, duration=None>
376.3030 	EXP 	Device response: <KeyPress from None: t=376.20265269998345, value=space, duration=0.08590780000668019>
376.6196 	EXP 	Device response: <KeyPress from None: t=376.6186827000056, value=space, duration=None>
376.6209 	DATA 	Keypress: space
376.6856 	EXP 	Device response: <KeyPress from None: t=376.6186827000056, value=space, duration=0.056671899976208806>
376.7184 	INFO 	Keyboard events cleared
376.7181 	EXP 	polygon: autoDraw = False
376.7181 	EXP 	polygon_2: autoDraw = True
376.9713 	DATA 	Keypress: space
376.9865 	EXP 	Device response: <KeyPress from None: t=376.96998579998035, value=space, duration=None>
377.0026 	EXP 	polygon: autoDraw = False
377.0026 	EXP 	polygon_2: autoDraw = False
377.0522 	EXP 	Device response: <KeyPress from None: t=376.96998579998035, value=space, duration=0.07785770000191405>
377.3853 	EXP 	Sound sound_1 reached end of file
377.4016 	EXP 	Playing sound sound_1 on speaker Speaker (2- Realtek(R) Audio)
377.6034 	EXP 	Device response: <KeyPress from None: t=377.59807680000085, value=2, duration=None>
377.6045 	DATA 	Keypress: 2
377.7032 	EXP 	Sound sound_1 stopped
377.7035 	EXP 	Device response: <KeyPress from None: t=377.59807680000085, value=2, duration=0.08864919998450205>
377.7210 	EXP 	text: autoDraw = True
377.7210 	EXP 	textbox: autoDraw = True
377.7698 	DATA 	Keypress: 7
377.7717 	EXP 	Device response: <KeyPress from None: t=377.7681575999886, value=7, duration=None>
377.8523 	EXP 	Device response: <KeyPress from None: t=377.7681575999886, value=7, duration=0.0719297000032384>
378.8458 	DATA 	Keypress: backspace
378.8535 	EXP 	Device response: <KeyPress from None: t=378.8436122999992, value=backspace, duration=None>
378.9690 	EXP 	Device response: <KeyPress from None: t=378.8436122999992, value=backspace, duration=0.11239649998606183>
379.0356 	DATA 	Keypress: 2
379.0369 	EXP 	Device response: <KeyPress from None: t=379.0336931000056, value=2, duration=None>
379.1702 	EXP 	Device response: <KeyPress from None: t=379.0336931000056, value=2, duration=0.12128150000353344>
379.4029 	DATA 	Keypress: 7
379.4055 	EXP 	Device response: <KeyPress from None: t=379.3937105000077, value=7, duration=None>
379.4871 	EXP 	Device response: <KeyPress from None: t=379.3937105000077, value=7, duration=0.07724879999295808>
379.8072 	DATA 	Keypress: 0
379.8202 	EXP 	Device response: <KeyPress from None: t=379.8036327000009, value=0, duration=None>
379.9020 	EXP 	Device response: <KeyPress from None: t=379.8036327000009, value=0, duration=0.08443260000785813>
380.7407 	DATA 	Mouse: Left button down, pos=(1209,299)
380.7424 	EXP 	New trial (rep=6, index=2): <Trial 74 (2 in rep 6) data={'delay': 0.7, 'freq': 1000, 'condition': 'expected', 'thisN': 74, 'thisTrialN': 2, 'thisRepN': 6}>
380.7517 	EXP 	text: autoDraw = False
380.7517 	EXP 	textbox: autoDraw = False
380.7517 	EXP 	polygon: autoDraw = True
380.9727 	DATA 	Mouse:  Left button up, pos=(1209,299)
381.3199 	EXP 	Device response: <KeyPress from None: t=381.3083236000093, value=space, duration=None>
381.3213 	DATA 	Keypress: space
381.4029 	EXP 	Device response: <KeyPress from None: t=381.3083236000093, value=space, duration=0.09035109999240376>
381.6698 	EXP 	Device response: <KeyPress from None: t=381.66403859999264, value=space, duration=None>
381.6712 	DATA 	Keypress: space
381.7528 	INFO 	Keyboard events cleared
381.7525 	EXP 	polygon: autoDraw = False
381.7525 	EXP 	polygon_2: autoDraw = True
381.7690 	EXP 	Device response: <KeyPress from None: t=381.66403859999264, value=space, duration=0.10052229999564588>
382.0531 	EXP 	Device response: <KeyPress from None: t=382.04587750000064, value=space, duration=None>
382.0553 	DATA 	Keypress: space
382.0691 	EXP 	polygon: autoDraw = False
382.0691 	EXP 	polygon_2: autoDraw = False
382.1528 	EXP 	Device response: <KeyPress from None: t=382.04587750000064, value=space, duration=0.09633410000242293>
382.7363 	EXP 	Sound sound_1 reached end of file
382.7524 	EXP 	Playing sound sound_1 on speaker Speaker (2- Realtek(R) Audio)
383.0459 	EXP 	Sound sound_1 stopped
383.0611 	EXP 	text: autoDraw = True
383.0611 	EXP 	textbox: autoDraw = True
383.9536 	DATA 	Keypress: 2
383.9554 	EXP 	Device response: <KeyPress from None: t=383.9520554000046, value=2, duration=None>
384.0695 	EXP 	Device response: <KeyPress from None: t=383.9520554000046, value=2, duration=0.11192659998778254>
384.3581 	DATA 	Keypress: 8
384.3690 	EXP 	Device response: <KeyPress from None: t=384.35495999999694, value=8, duration=None>
384.4370 	EXP 	Device response: <KeyPress from None: t=384.35495999999694, value=8, duration=0.07692269998369738>
384.7724 	DATA 	Keypress: 0
384.7868 	EXP 	Device response: <KeyPress from None: t=384.76990320000914, value=0, duration=None>
384.8535 	EXP 	Device response: <KeyPress from None: t=384.76990320000914, value=0, duration=0.0764869999838993>
387.2109 	DATA 	Mouse: Left button down, pos=(1209,299)
387.2203 	EXP 	New trial (rep=6, index=3): <Trial 75 (3 in rep 6) data={'delay': 0.1, 'freq': 1000, 'condition': 'expected', 'thisN': 75, 'thisTrialN': 3, 'thisRepN': 6}>
387.2350 	EXP 	text: autoDraw = False
387.2350 	EXP 	textbox: autoDraw = False
387.2350 	EXP 	polygon: autoDraw = True
387.4387 	DATA 	Mouse:  Left button up, pos=(1209,299)
387.9363 	EXP 	Device response: <KeyPress from None: t=387.9259574000025, value=space, duration=None>
387.9377 	DATA 	Keypress: space
388.0193 	EXP 	Device response: <KeyPress from None: t=387.9259574000025, value=space, duration=0.08730929999728687>
388.2353 	INFO 	Keyboard events cleared
388.2351 	EXP 	polygon: autoDraw = False
388.2351 	EXP 	polygon_2: autoDraw = True
388.3198 	EXP 	Device response: <KeyPress from None: t=388.3147488999821, value=space, duration=None>
388.3220 	DATA 	Keypress: space
388.3354 	EXP 	polygon: autoDraw = False
388.3354 	EXP 	polygon_2: autoDraw = False
388.4028 	EXP 	Device response: <KeyPress from None: t=388.3147488999821, value=space, duration=0.07413000002270564>
388.4196 	EXP 	Sound sound_1 reached end of file
388.4356 	EXP 	Playing sound sound_1 on speaker Speaker (2- Realtek(R) Audio)
388.7337 	EXP 	Sound sound_1 stopped
388.7481 	EXP 	text: autoDraw = True
388.7481 	EXP 	textbox: autoDraw = True
391.6854 	DATA 	Keypress: 2
391.6870 	EXP 	Device response: <KeyPress from None: t=391.68328599998495, value=2, duration=None>
391.7522 	EXP 	Device response: <KeyPress from None: t=391.68328599998495, value=2, duration=0.05467090001911856>
392.2088 	DATA 	Keypress: 9
392.2205 	EXP 	Device response: <KeyPress from None: t=392.2068348999892, value=9, duration=None>
392.2697 	EXP 	Device response: <KeyPress from None: t=392.2068348999892, value=9, duration=0.062014700000872836>
392.3869 	DATA 	Keypress: 0
392.3889 	EXP 	Device response: <KeyPress from None: t=392.3778236999933, value=0, duration=None>
392.4531 	EXP 	Device response: <KeyPress from None: t=392.3778236999933, value=0, duration=0.06929660000605509>
393.4230 	DATA 	Mouse: Left button down, pos=(1241,229)
393.6369 	DATA 	Mouse:  Left button up, pos=(1241,229)
394.0533 	DATA 	Mouse: Left button down, pos=(1257,266)
394.0544 	EXP 	New trial (rep=6, index=4): <Trial 76 (4 in rep 6) data={'delay': 0.1, 'freq': 1000, 'condition': 'expected', 'thisN': 76, 'thisTrialN': 4, 'thisRepN': 6}>
394.0681 	EXP 	text: autoDraw = False
394.0681 	EXP 	textbox: autoDraw = False
394.0681 	EXP 	polygon: autoDraw = True
394.2711 	DATA 	Mouse:  Left button up, pos=(1257,266)
394.9361 	EXP 	Device response: <KeyPress from None: t=394.9253586999839, value=space, duration=None>
394.9377 	DATA 	Keypress: space
395.0189 	EXP 	Device response: <KeyPress from None: t=394.9253586999839, value=space, duration=0.07877790002385154>
395.0693 	INFO 	Keyboard events cleared
395.0691 	EXP 	polygon: autoDraw = False
395.0691 	EXP 	polygon_2: autoDraw = True
395.3030 	EXP 	Device response: <KeyPress from None: t=395.2935417999979, value=space, duration=None>
395.3052 	DATA 	Keypress: space
395.3187 	EXP 	polygon: autoDraw = False
395.3187 	EXP 	polygon_2: autoDraw = False
395.3863 	EXP 	Sound sound_1 reached end of file
395.4025 	EXP 	Playing sound sound_1 on speaker Speaker (2- Realtek(R) Audio)
395.3866 	EXP 	Device response: <KeyPress from None: t=395.2935417999979, value=space, duration=0.08332229999359697>
395.6996 	EXP 	Sound sound_1 reached end of file
395.7187 	EXP 	text: autoDraw = True
395.7187 	EXP 	textbox: autoDraw = True
404.6356 	DATA 	Keypress: 6
404.6372 	EXP 	Device response: <KeyPress from None: t=404.6337622999854, value=6, duration=None>
404.7196 	EXP 	Device response: <KeyPress from None: t=404.6337622999854, value=6, duration=0.07451590002165176>
404.8248 	DATA 	Keypress: 7
404.8371 	EXP 	Device response: <KeyPress from None: t=404.82384629998705, value=7, duration=None>
404.9186 	EXP 	Device response: <KeyPress from None: t=404.82384629998705, value=7, duration=0.07902490001288243>
405.8370 	DATA 	Mouse: Left button down, pos=(1257,266)
405.8379 	EXP 	New trial (rep=6, index=5): <Trial 77 (5 in rep 6) data={'delay': 0.7, 'freq': 1000, 'condition': 'expected', 'thisN': 77, 'thisTrialN': 5, 'thisRepN': 6}>
405.8515 	EXP 	text: autoDraw = False
405.8515 	EXP 	textbox: autoDraw = False
405.8515 	EXP 	polygon: autoDraw = True
406.0558 	DATA 	Mouse:  Left button up, pos=(1257,266)
406.8529 	INFO 	Keyboard events cleared
406.8525 	EXP 	polygon: autoDraw = False
406.8525 	EXP 	polygon_2: autoDraw = True
407.9191 	EXP 	Device response: <KeyPress from None: t=407.91392600000836, value=space, duration=None>
407.9231 	DATA 	Keypress: space
407.9357 	EXP 	polygon: autoDraw = False
407.9357 	EXP 	polygon_2: autoDraw = False
408.0539 	EXP 	Device response: <KeyPress from None: t=407.91392600000836, value=space, duration=0.13109549999353476>
408.6037 	EXP 	Sound sound_1 reached end of file
408.6194 	EXP 	Playing sound sound_1 on speaker Speaker (2- Realtek(R) Audio)
408.9128 	EXP 	Sound sound_1 stopped
408.9428 	EXP 	text: autoDraw = True
408.9428 	EXP 	textbox: autoDraw = True
411.2606 	DATA 	Keypress: 6
411.2687 	EXP 	Device response: <KeyPress from None: t=411.2602007999958, value=6, duration=None>
411.3368 	EXP 	Device response: <KeyPress from None: t=411.2602007999958, value=6, duration=0.07325529999798164>
411.4701 	DATA 	Keypress: 5
411.4721 	EXP 	Device response: <KeyPress from None: t=411.46318600000814, value=5, duration=None>
411.5531 	EXP 	Device response: <KeyPress from None: t=411.46318600000814, value=5, duration=0.07713130000047386>
411.7027 	DATA 	Keypress: 4
411.7041 	EXP 	Device response: <KeyPress from None: t=411.70230699999956, value=4, duration=None>
411.7699 	EXP 	Device response: <KeyPress from None: t=411.70230699999956, value=4, duration=0.05398369999602437>
413.0229 	DATA 	Mouse: Left button down, pos=(1274,286)
413.0359 	EXP 	New trial (rep=6, index=6): <Trial 78 (6 in rep 6) data={'delay': 0.4, 'freq': 1000, 'condition': 'expected', 'thisN': 78, 'thisTrialN': 6, 'thisRepN': 6}>
413.0513 	EXP 	text: autoDraw = False
413.0513 	EXP 	textbox: autoDraw = False
413.0513 	EXP 	polygon: autoDraw = True
413.2544 	DATA 	Mouse:  Left button up, pos=(1274,286)
414.0360 	INFO 	Keyboard events cleared
414.0358 	EXP 	polygon_2: autoDraw = True
414.0521 	EXP 	polygon: autoDraw = False
415.9517 	EXP 	Device response: <KeyPress from None: t=415.9389783999941, value=space, duration=None>
415.9546 	DATA 	Keypress: space
415.9678 	EXP 	polygon: autoDraw = False
415.9678 	EXP 	polygon_2: autoDraw = False
416.0517 	EXP 	Device response: <KeyPress from None: t=415.9389783999941, value=space, duration=0.09686290001263842>
416.3363 	EXP 	Sound sound_1 reached end of file
416.3523 	EXP 	Playing sound sound_1 on speaker Speaker (2- Realtek(R) Audio)
416.6553 	EXP 	Sound sound_1 stopped
416.6691 	EXP 	text: autoDraw = True
416.6691 	EXP 	textbox: autoDraw = True
418.0688 	DATA 	Keypress: 5
418.0700 	EXP 	Device response: <KeyPress from None: t=418.06314260000363, value=5, duration=None>
418.1524 	EXP 	Device response: <KeyPress from None: t=418.06314260000363, value=5, duration=0.07911940000485629>
418.2692 	DATA 	Keypress: 4
418.2710 	EXP 	Device response: <KeyPress from None: t=418.2665702000086, value=4, duration=None>
418.3519 	EXP 	Device response: <KeyPress from None: t=418.2665702000086, value=4, duration=0.07219539998914115>
418.5018 	DATA 	Keypress: 6
418.5037 	EXP 	Device response: <KeyPress from None: t=418.4935676000023, value=6, duration=None>
418.5863 	EXP 	Device response: <KeyPress from None: t=418.4935676000023, value=6, duration=0.08133469999302179>
419.4738 	DATA 	Mouse: Left button down, pos=(1358,241)
419.4856 	EXP 	New trial (rep=6, index=7): <Trial 79 (7 in rep 6) data={'delay': 0.7, 'freq': 1000, 'condition': 'expected', 'thisN': 79, 'thisTrialN': 7, 'thisRepN': 6}>
419.5014 	EXP 	text: autoDraw = False
419.5014 	EXP 	textbox: autoDraw = False
419.5014 	EXP 	polygon: autoDraw = True
419.7040 	DATA 	Mouse:  Left button up, pos=(1358,241)
420.2188 	EXP 	Device response: <KeyPress from None: t=420.21370130000287, value=space, duration=None>
420.2197 	DATA 	Keypress: space
420.3187 	EXP 	Device response: <KeyPress from None: t=420.21370130000287, value=space, duration=0.10333139999420382>
420.4855 	INFO 	Keyboard events cleared
420.4853 	EXP 	polygon_2: autoDraw = True
420.5024 	EXP 	polygon: autoDraw = False
420.6196 	EXP 	Device response: <KeyPress from None: t=420.6051615999895, value=space, duration=None>
420.6218 	DATA 	Keypress: space
420.6356 	EXP 	polygon: autoDraw = False
420.6356 	EXP 	polygon_2: autoDraw = False
420.7032 	EXP 	Device response: <KeyPress from None: t=420.6051615999895, value=space, duration=0.08350310000241734>
421.3186 	EXP 	Sound sound_1 reached end of file
421.3349 	EXP 	Playing sound sound_1 on speaker Speaker (2- Realtek(R) Audio)
421.6344 	EXP 	Sound sound_1 stopped
421.6481 	EXP 	text: autoDraw = True
421.6481 	EXP 	textbox: autoDraw = True
422.1358 	DATA 	Keypress: 5
422.1370 	EXP 	Device response: <KeyPress from None: t=422.12623940000776, value=5, duration=None>
422.2186 	EXP 	Device response: <KeyPress from None: t=422.12623940000776, value=5, duration=0.08099629997741431>
422.3362 	DATA 	Keypress: 4
422.3391 	EXP 	Device response: <KeyPress from None: t=422.333046499989, value=4, duration=None>
422.4040 	EXP 	Device response: <KeyPress from None: t=422.333046499989, value=4, duration=0.06891540001379326>
422.5360 	DATA 	Keypress: 6
422.5377 	EXP 	Device response: <KeyPress from None: t=422.5282070999965, value=6, duration=None>
422.6359 	EXP 	Device response: <KeyPress from None: t=422.5282070999965, value=6, duration=0.09321120000095107>
423.8024 	DATA 	Mouse: Left button down, pos=(1303,338)
423.8032 	EXP 	New trial (rep=6, index=8): <Trial 80 (8 in rep 6) data={'delay': 0.1, 'freq': 400, 'condition': 'unexp', 'thisN': 80, 'thisTrialN': 8, 'thisRepN': 6}>
423.8175 	EXP 	text: autoDraw = False
423.8175 	EXP 	textbox: autoDraw = False
423.8175 	EXP 	polygon: autoDraw = True
424.0231 	DATA 	Mouse:  Left button up, pos=(1303,338)
424.8024 	INFO 	Keyboard events cleared
424.8022 	EXP 	polygon_2: autoDraw = True
424.8192 	EXP 	polygon: autoDraw = False
426.5231 	DATA 	Keypress: space
426.5368 	EXP 	Device response: <KeyPress from None: t=426.5191314999829, value=space, duration=None>
426.5524 	EXP 	polygon: autoDraw = False
426.5524 	EXP 	polygon_2: autoDraw = False
426.6364 	EXP 	Sound sound_1 reached end of file
426.6522 	EXP 	Playing sound sound_1 on speaker Speaker (2- Realtek(R) Audio)
426.6546 	EXP 	Device response: <KeyPress from None: t=426.5191314999829, value=space, duration=0.12415270000929013>
426.9467 	EXP 	Sound sound_1 stopped
426.9612 	EXP 	text: autoDraw = True
426.9612 	EXP 	textbox: autoDraw = True
427.5559 	DATA 	Keypress: 7
427.5680 	EXP 	Device response: <KeyPress from None: t=427.5536102000042, value=7, duration=None>
427.6370 	EXP 	Device response: <KeyPress from None: t=427.5536102000042, value=7, duration=0.0748604999971576>
427.7688 	DATA 	Keypress: 6
427.7709 	EXP 	Device response: <KeyPress from None: t=427.7614981000079, value=6, duration=None>
427.8355 	EXP 	Device response: <KeyPress from None: t=427.7614981000079, value=6, duration=0.07204439997440204>
427.9897 	DATA 	Keypress: 8
428.0021 	EXP 	Device response: <KeyPress from None: t=427.98855869998806, value=8, duration=None>
428.0849 	EXP 	Device response: <KeyPress from None: t=427.98855869998806, value=8, duration=0.08080389999668114>
428.9873 	DATA 	Mouse: Left button down, pos=(1284,332)
428.9886 	EXP 	New trial (rep=6, index=9): <Trial 81 (9 in rep 6) data={'delay': 0.4, 'freq': 1000, 'condition': 'expected', 'thisN': 81, 'thisTrialN': 9, 'thisRepN': 6}>
429.0015 	EXP 	text: autoDraw = False
429.0015 	EXP 	textbox: autoDraw = False
429.0015 	EXP 	polygon: autoDraw = True
429.2224 	DATA 	Mouse:  Left button up, pos=(1284,332)
430.0023 	INFO 	Keyboard events cleared
430.0021 	EXP 	polygon: autoDraw = False
430.0021 	EXP 	polygon_2: autoDraw = True
431.7517 	EXP 	Device response: <KeyPress from None: t=431.73818719998235, value=space, duration=None>
431.7540 	DATA 	Keypress: space
431.7677 	EXP 	polygon: autoDraw = False
431.7677 	EXP 	polygon_2: autoDraw = False
431.8514 	EXP 	Device response: <KeyPress from None: t=431.73818719998235, value=space, duration=0.1018179000238888>
432.1362 	EXP 	Sound sound_1 reached end of file
432.1518 	EXP 	Playing sound sound_1 on speaker Speaker (2- Realtek(R) Audio)
432.4526 	EXP 	Sound sound_1 stopped
432.4713 	EXP 	text: autoDraw = True
432.4713 	EXP 	textbox: autoDraw = True
433.0824 	DATA 	Keypress: 3
433.0889 	EXP 	Device response: <KeyPress from None: t=433.0783356000029, value=3, duration=None>
433.1519 	EXP 	Device response: <KeyPress from None: t=433.0783356000029, value=3, duration=0.0639579999842681>
434.2187 	DATA 	Keypress: 1
434.2210 	EXP 	Device response: <KeyPress from None: t=434.21449739998206, value=1, duration=None>
434.3022 	EXP 	Device response: <KeyPress from None: t=434.21449739998206, value=1, duration=0.0720475000271108>
434.6702 	DATA 	Keypress: 0
434.6723 	EXP 	Device response: <KeyPress from None: t=434.66264840000076, value=0, duration=None>
434.7369 	EXP 	Device response: <KeyPress from None: t=434.66264840000076, value=0, duration=0.07021390000591055>
435.7032 	DATA 	Mouse: Left button down, pos=(1274,323)
435.7042 	EXP 	New trial (rep=6, index=10): <Trial 82 (10 in rep 6) data={'delay': 0.7, 'freq': 400, 'condition': 'unexp', 'thisN': 82, 'thisTrialN': 10, 'thisRepN': 6}>
435.7175 	EXP 	text: autoDraw = False
435.7175 	EXP 	textbox: autoDraw = False
435.7175 	EXP 	polygon: autoDraw = True
435.9229 	DATA 	Mouse:  Left button up, pos=(1274,323)
436.4189 	EXP 	Device response: <KeyPress from None: t=436.4047954999842, value=space, duration=None>
436.4202 	DATA 	Keypress: space
436.5021 	EXP 	Device response: <KeyPress from None: t=436.4047954999842, value=space, duration=0.08070730001782067>
436.7190 	INFO 	Keyboard events cleared
436.7187 	EXP 	polygon: autoDraw = False
436.7187 	EXP 	polygon_2: autoDraw = True
436.7524 	EXP 	Device response: <KeyPress from None: t=436.74896860000445, value=space, duration=None>
436.7545 	DATA 	Keypress: space
436.7681 	EXP 	polygon: autoDraw = False
436.7681 	EXP 	polygon_2: autoDraw = False
436.8689 	EXP 	Device response: <KeyPress from None: t=436.74896860000445, value=space, duration=0.10888339998200536>
437.4355 	EXP 	Sound sound_1 reached end of file
437.4517 	EXP 	Playing sound sound_1 on speaker Speaker (2- Realtek(R) Audio)
437.5030 	EXP 	Device response: <KeyPress from None: t=437.4904697999882, value=3, duration=None>
437.5040 	DATA 	Keypress: 3
437.6026 	EXP 	Device response: <KeyPress from None: t=437.4904697999882, value=3, duration=0.10392490000231192>
437.7529 	EXP 	Sound sound_1 stopped
437.7825 	EXP 	text: autoDraw = True
437.7825 	EXP 	textbox: autoDraw = True
437.7985 	DATA 	Keypress: 2
437.8078 	EXP 	Device response: <KeyPress from None: t=437.79329639999196, value=2, duration=None>
437.9530 	EXP 	Device response: <KeyPress from None: t=437.79329639999196, value=2, duration=0.1437891999958083>
438.2378 	DATA 	Keypress: 0
438.2524 	EXP 	Device response: <KeyPress from None: t=438.2353850000072, value=0, duration=None>
438.2693 	EXP 	Device response: <KeyPress from None: t=438.2353850000072, value=0, duration=0.0312903999874834>
439.1245 	DATA 	Keypress: backspace
439.1359 	EXP 	Device response: <KeyPress from None: t=439.1207276000059, value=backspace, duration=None>
439.2045 	EXP 	Device response: <KeyPress from None: t=439.1207276000059, value=backspace, duration=0.08008759998483583>
439.2853 	DATA 	Keypress: backspace
439.2867 	EXP 	Device response: <KeyPress from None: t=439.2787840999954, value=backspace, duration=None>
439.4032 	EXP 	Device response: <KeyPress from None: t=439.2787840999954, value=backspace, duration=0.10819570001331158>
439.5189 	DATA 	Keypress: 3
439.5202 	EXP 	Device response: <KeyPress from None: t=439.51572530000703, value=3, duration=None>
439.6197 	EXP 	Device response: <KeyPress from None: t=439.51572530000703, value=3, duration=0.09247959998901933>
439.7194 	DATA 	Keypress: 2
439.7210 	EXP 	Device response: <KeyPress from None: t=439.71581359999254, value=2, duration=None>
439.8360 	EXP 	Device response: <KeyPress from None: t=439.71581359999254, value=2, duration=0.11167240000213496>
439.9080 	DATA 	Keypress: 0
439.9204 	EXP 	Device response: <KeyPress from None: t=439.90526080000564, value=0, duration=None>
439.9863 	EXP 	Device response: <KeyPress from None: t=439.90526080000564, value=0, duration=0.07613569998648018>
440.8206 	DATA 	Mouse: Left button down, pos=(1229,323)
440.8219 	EXP 	New trial (rep=6, index=11): <Trial 83 (11 in rep 6) data={'delay': 0.1, 'freq': 1000, 'condition': 'expected', 'thisN': 83, 'thisTrialN': 11, 'thisRepN': 6}>
440.8343 	EXP 	text: autoDraw = False
440.8343 	EXP 	textbox: autoDraw = False
440.8343 	EXP 	polygon: autoDraw = True
441.0360 	DATA 	Mouse:  Left button up, pos=(1229,323)
441.6353 	EXP 	Device response: <KeyPress from None: t=441.6290986999811, value=space, duration=None>
441.6367 	DATA 	Keypress: space
441.7525 	EXP 	Device response: <KeyPress from None: t=441.6290986999811, value=space, duration=0.10631510001257993>
441.8346 	INFO 	Keyboard events cleared
441.8344 	EXP 	polygon: autoDraw = False
441.8344 	EXP 	polygon_2: autoDraw = True
442.0357 	EXP 	Device response: <KeyPress from None: t=442.02409039999475, value=space, duration=None>
442.0379 	DATA 	Keypress: space
442.0514 	EXP 	polygon: autoDraw = False
442.0514 	EXP 	polygon_2: autoDraw = False
442.1190 	EXP 	Sound sound_1 reached end of file
442.1352 	EXP 	Playing sound sound_1 on speaker Speaker (2- Realtek(R) Audio)
442.1193 	EXP 	Device response: <KeyPress from None: t=442.02409039999475, value=space, duration=0.09273679999751039>
442.4331 	EXP 	Sound sound_1 stopped
442.4472 	EXP 	text: autoDraw = True
442.4472 	EXP 	textbox: autoDraw = True
443.1730 	DATA 	Keypress: 3
443.1851 	EXP 	Device response: <KeyPress from None: t=443.169750800007, value=3, duration=None>
443.2695 	EXP 	Device response: <KeyPress from None: t=443.169750800007, value=3, duration=0.0954368999809958>
443.3515 	DATA 	Keypress: 3
443.3532 	EXP 	Device response: <KeyPress from None: t=443.3428847999894, value=3, duration=None>
443.4699 	EXP 	Device response: <KeyPress from None: t=443.3428847999894, value=3, duration=0.11656729999231175>
444.2194 	DATA 	Keypress: 0
444.2211 	EXP 	Device response: <KeyPress from None: t=444.21128610000596, value=0, duration=None>
444.3024 	EXP 	Device response: <KeyPress from None: t=444.21128610000596, value=0, duration=0.08614709999528714>
445.1753 	DATA 	Mouse: Left button down, pos=(1207,327)
445.1861 	EXP 	New trial (rep=7, index=0): <Trial 84 (0 in rep 7) data={'delay': 0.1, 'freq': 1000, 'condition': 'expected', 'thisN': 84, 'thisTrialN': 0, 'thisRepN': 7}>
445.2008 	EXP 	text: autoDraw = False
445.2008 	EXP 	textbox: autoDraw = False
445.2008 	EXP 	polygon: autoDraw = True
445.4062 	DATA 	Mouse:  Left button up, pos=(1207,327)
445.6028 	EXP 	Device response: <KeyPress from None: t=445.58932460000506, value=space, duration=None>
445.6043 	DATA 	Keypress: space
445.7188 	EXP 	Device response: <KeyPress from None: t=445.58932460000506, value=space, duration=0.11919060000218451>
446.0026 	EXP 	Device response: <KeyPress from None: t=445.9925771999988, value=space, duration=None>
446.0040 	DATA 	Keypress: space
446.1025 	EXP 	Device response: <KeyPress from None: t=445.9925771999988, value=space, duration=0.1015305999899283>
446.1847 	INFO 	Keyboard events cleared
446.1845 	EXP 	polygon_2: autoDraw = True
446.2015 	EXP 	polygon: autoDraw = False
446.3851 	EXP 	Device response: <KeyPress from None: t=446.3830126999819, value=space, duration=None>
446.3874 	DATA 	Keypress: space
446.4011 	EXP 	polygon: autoDraw = False
446.4011 	EXP 	polygon_2: autoDraw = False
446.4694 	EXP 	Sound sound_1 reached end of file
446.4850 	EXP 	Playing sound sound_1 on speaker Speaker (2- Realtek(R) Audio)
446.4697 	EXP 	Device response: <KeyPress from None: t=446.3830126999819, value=space, duration=0.08630900000571273>
446.7835 	EXP 	Sound sound_1 stopped
446.7982 	EXP 	text: autoDraw = True
446.7982 	EXP 	textbox: autoDraw = True
447.1080 	DATA 	Keypress: 3
447.1191 	EXP 	Device response: <KeyPress from None: t=447.10719280000194, value=3, duration=None>
447.2192 	EXP 	Device response: <KeyPress from None: t=447.10719280000194, value=3, duration=0.10150530000100844>
447.3236 	DATA 	Keypress: 4
447.3348 	EXP 	Device response: <KeyPress from None: t=447.3213367999997, value=4, duration=None>
447.4353 	EXP 	Device response: <KeyPress from None: t=447.3213367999997, value=4, duration=0.10125609999522567>
447.5196 	DATA 	Keypress: 0
447.5221 	EXP 	Device response: <KeyPress from None: t=447.5188065999828, value=0, duration=None>
447.6195 	EXP 	Device response: <KeyPress from None: t=447.5188065999828, value=0, duration=0.09358100002282299>
448.6914 	DATA 	Mouse: Left button down, pos=(1207,327)
448.7022 	EXP 	New trial (rep=7, index=1): <Trial 85 (1 in rep 7) data={'delay': 0.7, 'freq': 1000, 'condition': 'expected', 'thisN': 85, 'thisTrialN': 1, 'thisRepN': 7}>
448.7181 	EXP 	text: autoDraw = False
448.7181 	EXP 	textbox: autoDraw = False
448.7181 	EXP 	polygon: autoDraw = True
448.9221 	DATA 	Mouse:  Left button up, pos=(1207,327)
449.6024 	EXP 	Device response: <KeyPress from None: t=449.5926351000089, value=m, duration=None>
449.6040 	DATA 	Keypress: m
449.6848 	EXP 	Device response: <KeyPress from None: t=449.5926351000089, value=m, duration=0.07738709999830462>
449.7191 	INFO 	Keyboard events cleared
449.7188 	EXP 	polygon: autoDraw = False
449.7188 	EXP 	polygon_2: autoDraw = True
449.9200 	DATA 	Keypress: space
449.9344 	EXP 	Device response: <KeyPress from None: t=449.9190352000005, value=space, duration=None>
449.9510 	EXP 	polygon: autoDraw = False
449.9510 	EXP 	polygon_2: autoDraw = False
450.0019 	EXP 	Device response: <KeyPress from None: t=449.9190352000005, value=space, duration=0.06726019998313859>
450.6195 	EXP 	Sound sound_1 reached end of file
450.6351 	EXP 	Playing sound sound_1 on speaker Speaker (2- Realtek(R) Audio)
450.6363 	EXP 	Device response: <KeyPress from None: t=450.6296223999816, value=3, duration=None>
450.6382 	DATA 	Keypress: 3
450.8042 	EXP 	Device response: <KeyPress from None: t=450.6296223999816, value=3, duration=0.16064870002446696>
450.9376 	EXP 	Sound sound_1 stopped
450.9677 	EXP 	text: autoDraw = True
450.9677 	EXP 	textbox: autoDraw = True
451.6589 	DATA 	Keypress: 3
451.6685 	EXP 	Device response: <KeyPress from None: t=451.65668509999523, value=3, duration=None>
451.7536 	EXP 	Device response: <KeyPress from None: t=451.65668509999523, value=3, duration=0.08572289999574423>
452.4349 	DATA 	Keypress: 5
452.4365 	EXP 	Device response: <KeyPress from None: t=452.43314649999957, value=5, duration=None>
452.5540 	EXP 	Device response: <KeyPress from None: t=452.43314649999957, value=5, duration=0.11699769998085685>
453.9940 	DATA 	Keypress: 0
454.0032 	EXP 	Device response: <KeyPress from None: t=453.99063499999465, value=0, duration=None>
454.0847 	EXP 	Device response: <KeyPress from None: t=453.99063499999465, value=0, duration=0.08383240000694059>
454.9031 	DATA 	Mouse: Left button down, pos=(1185,322)
454.9043 	EXP 	New trial (rep=7, index=2): <Trial 86 (2 in rep 7) data={'delay': 0.7, 'freq': 400, 'condition': 'unexp', 'thisN': 86, 'thisTrialN': 2, 'thisRepN': 7}>
454.9172 	EXP 	text: autoDraw = False
454.9172 	EXP 	textbox: autoDraw = False
454.9172 	EXP 	polygon: autoDraw = True
455.1216 	DATA 	Mouse:  Left button up, pos=(1185,322)
455.4186 	EXP 	Device response: <KeyPress from None: t=455.4107487000001, value=space, duration=None>
455.4199 	DATA 	Keypress: space
455.5188 	EXP 	Device response: <KeyPress from None: t=455.4107487000001, value=space, duration=0.1039057000016328>
455.8028 	EXP 	Device response: <KeyPress from None: t=455.79323199999635, value=space, duration=None>
455.8042 	DATA 	Keypress: space
455.9021 	EXP 	Device response: <KeyPress from None: t=455.79323199999635, value=space, duration=0.09389839999494143>
455.9183 	INFO 	Keyboard events cleared
455.9181 	EXP 	polygon: autoDraw = False
455.9181 	EXP 	polygon_2: autoDraw = True
456.2190 	EXP 	Device response: <KeyPress from None: t=456.21243129999493, value=space, duration=None>
456.2212 	DATA 	Keypress: space
456.2350 	EXP 	polygon: autoDraw = False
456.2350 	EXP 	polygon_2: autoDraw = False
456.3185 	EXP 	Device response: <KeyPress from None: t=456.21243129999493, value=space, duration=0.10446900001261383>
456.9183 	EXP 	Sound sound_1 reached end of file
456.9345 	EXP 	Playing sound sound_1 on speaker Speaker (2- Realtek(R) Audio)
457.2358 	EXP 	Sound sound_1 stopped
457.2504 	EXP 	text: autoDraw = True
457.2504 	EXP 	textbox: autoDraw = True
457.5688 	DATA 	Keypress: 3
457.5702 	EXP 	Device response: <KeyPress from None: t=457.5666596000083, value=3, duration=None>
457.6697 	EXP 	Device response: <KeyPress from None: t=457.5666596000083, value=3, duration=0.0983686999825295>
458.1027 	DATA 	Keypress: 6
458.1051 	EXP 	Device response: <KeyPress from None: t=458.09946309999214, value=6, duration=None>
458.2038 	EXP 	Device response: <KeyPress from None: t=458.09946309999214, value=6, duration=0.09742639999603853>
458.3182 	DATA 	Keypress: 0
458.3198 	EXP 	Device response: <KeyPress from None: t=458.3168480999884, value=0, duration=None>
458.4026 	EXP 	Device response: <KeyPress from None: t=458.3168480999884, value=0, duration=0.07084990001749247>
459.2780 	DATA 	Mouse: Left button down, pos=(1185,322)
459.2862 	EXP 	New trial (rep=7, index=3): <Trial 87 (3 in rep 7) data={'delay': 0.4, 'freq': 1000, 'condition': 'expected', 'thisN': 87, 'thisTrialN': 3, 'thisRepN': 7}>
459.3016 	EXP 	text: autoDraw = False
459.3016 	EXP 	textbox: autoDraw = False
459.3016 	EXP 	polygon: autoDraw = True
459.5222 	DATA 	Mouse:  Left button up, pos=(1185,322)
460.2848 	EXP 	Device response: <KeyPress from None: t=460.2738315000024, value=space, duration=None>
460.2860 	DATA 	Keypress: space
460.3011 	INFO 	Keyboard events cleared
460.3009 	EXP 	polygon: autoDraw = False
460.3009 	EXP 	polygon_2: autoDraw = True
460.4017 	EXP 	Device response: <KeyPress from None: t=460.2738315000024, value=space, duration=0.12232439999934286>
460.7541 	DATA 	Keypress: space
460.7691 	EXP 	Device response: <KeyPress from None: t=460.7534431999957, value=space, duration=None>
460.7845 	EXP 	polygon: autoDraw = False
460.7845 	EXP 	polygon_2: autoDraw = False
460.9036 	EXP 	Device response: <KeyPress from None: t=460.7534431999957, value=space, duration=0.1340073999890592>
461.1693 	EXP 	Sound sound_1 reached end of file
461.1853 	EXP 	Playing sound sound_1 on speaker Speaker (2- Realtek(R) Audio)
461.4851 	EXP 	Sound sound_1 stopped
461.4993 	EXP 	text: autoDraw = True
461.4993 	EXP 	textbox: autoDraw = True
462.2193 	DATA 	Keypress: 3
462.2218 	EXP 	Device response: <KeyPress from None: t=462.2147914999805, value=3, duration=None>
462.3347 	EXP 	Device response: <KeyPress from None: t=462.2147914999805, value=3, duration=0.10532800000510179>
462.5912 	DATA 	Keypress: 6
462.6013 	EXP 	Device response: <KeyPress from None: t=462.58858959999634, value=6, duration=None>
462.6526 	EXP 	Device response: <KeyPress from None: t=462.58858959999634, value=6, duration=0.0590710999967996>
462.9191 	DATA 	Keypress: 0
462.9207 	EXP 	Device response: <KeyPress from None: t=462.91698859998723, value=0, duration=None>
463.0022 	EXP 	Device response: <KeyPress from None: t=462.91698859998723, value=0, duration=0.07826530002057552>
463.8710 	DATA 	Mouse: Left button down, pos=(1172,321)
463.8731 	EXP 	New trial (rep=7, index=4): <Trial 88 (4 in rep 7) data={'delay': 0.1, 'freq': 400, 'condition': 'unexp', 'thisN': 88, 'thisTrialN': 4, 'thisRepN': 7}>
463.8841 	EXP 	text: autoDraw = False
463.8841 	EXP 	textbox: autoDraw = False
463.8841 	EXP 	polygon: autoDraw = True
464.1051 	DATA 	Mouse:  Left button up, pos=(1172,321)
464.2860 	DATA 	Keypress: space
464.3024 	EXP 	Device response: <KeyPress from None: t=464.2848364000092, value=space, duration=None>
464.3854 	EXP 	Device response: <KeyPress from None: t=464.2848364000092, value=space, duration=0.0843942999781575>
464.6189 	EXP 	Device response: <KeyPress from None: t=464.61792679998325, value=space, duration=None>
464.6212 	DATA 	Keypress: space
464.7187 	EXP 	Device response: <KeyPress from None: t=464.61792679998325, value=space, duration=0.09117060000426136>
464.8843 	INFO 	Keyboard events cleared
464.8841 	EXP 	polygon: autoDraw = False
464.8841 	EXP 	polygon_2: autoDraw = True
464.9520 	EXP 	Device response: <KeyPress from None: t=464.93873840000015, value=space, duration=None>
464.9542 	DATA 	Keypress: space
464.9685 	EXP 	polygon: autoDraw = False
464.9685 	EXP 	polygon_2: autoDraw = False
465.0348 	EXP 	Device response: <KeyPress from None: t=464.93873840000015, value=space, duration=0.09262280000257306>
465.0522 	EXP 	Sound sound_1 reached end of file
465.0681 	EXP 	Playing sound sound_1 on speaker Speaker (2- Realtek(R) Audio)
465.3648 	EXP 	Sound sound_1 stopped
465.3798 	EXP 	text: autoDraw = True
465.3798 	EXP 	textbox: autoDraw = True
465.9066 	DATA 	Keypress: 3
465.9187 	EXP 	Device response: <KeyPress from None: t=465.90297389999614, value=3, duration=None>
466.0052 	EXP 	Device response: <KeyPress from None: t=465.90297389999614, value=3, duration=0.08990260001155548>
466.1551 	DATA 	Keypress: 7
466.1680 	EXP 	Device response: <KeyPress from None: t=466.15194720000727, value=7, duration=None>
466.2347 	EXP 	Device response: <KeyPress from None: t=466.15194720000727, value=7, duration=0.07328609999967739>
466.4901 	DATA 	Keypress: 0
466.5017 	EXP 	Device response: <KeyPress from None: t=466.48607630000333, value=0, duration=None>
466.5856 	EXP 	Device response: <KeyPress from None: t=466.48607630000333, value=0, duration=0.09717530000489205>
467.5029 	DATA 	Mouse: Left button down, pos=(1172,321)
467.5040 	EXP 	New trial (rep=7, index=5): <Trial 89 (5 in rep 7) data={'delay': 0.4, 'freq': 1000, 'condition': 'expected', 'thisN': 89, 'thisTrialN': 5, 'thisRepN': 7}>
467.5174 	EXP 	text: autoDraw = False
467.5174 	EXP 	textbox: autoDraw = False
467.5174 	EXP 	polygon: autoDraw = True
467.7213 	DATA 	Mouse:  Left button up, pos=(1172,321)
468.1187 	EXP 	Device response: <KeyPress from None: t=468.11308839998674, value=space, duration=None>
468.1201 	DATA 	Keypress: space
468.2024 	EXP 	Device response: <KeyPress from None: t=468.11308839998674, value=space, duration=0.0728153999953065>
468.4515 	EXP 	Device response: <KeyPress from None: t=468.44659819998196, value=space, duration=None>
468.4530 	DATA 	Keypress: space
468.5186 	INFO 	Keyboard events cleared
468.5184 	EXP 	polygon: autoDraw = False
468.5184 	EXP 	polygon_2: autoDraw = True
468.5525 	EXP 	Device response: <KeyPress from None: t=468.44659819998196, value=space, duration=0.09055820002686232>
468.8014 	EXP 	Device response: <KeyPress from None: t=468.79384599998593, value=space, duration=None>
468.8037 	DATA 	Keypress: space
468.8183 	EXP 	polygon: autoDraw = False
468.8183 	EXP 	polygon_2: autoDraw = False
468.8854 	EXP 	Device response: <KeyPress from None: t=468.79384599998593, value=space, duration=0.07817849999992177>
469.1856 	EXP 	Sound sound_1 reached end of file
469.2015 	EXP 	Playing sound sound_1 on speaker Speaker (2- Realtek(R) Audio)
469.4994 	EXP 	Sound sound_1 stopped
469.5280 	EXP 	text: autoDraw = True
469.5280 	EXP 	textbox: autoDraw = True
470.1190 	DATA 	Keypress: 3
470.1211 	EXP 	Device response: <KeyPress from None: t=470.1153190000041, value=3, duration=None>
470.2071 	EXP 	Device response: <KeyPress from None: t=470.1153190000041, value=3, duration=0.07973279998986982>
470.2899 	DATA 	Keypress: 8
470.3025 	EXP 	Device response: <KeyPress from None: t=470.2888377000054, value=8, duration=None>
470.3686 	EXP 	Device response: <KeyPress from None: t=470.2888377000054, value=8, duration=0.07199159997981042>
470.6365 	DATA 	Keypress: 0
470.6376 	EXP 	Device response: <KeyPress from None: t=470.6274873999937, value=0, duration=None>
470.7194 	EXP 	Device response: <KeyPress from None: t=470.6274873999937, value=0, duration=0.074865000002319>
471.8528 	DATA 	Mouse: Left button down, pos=(1172,321)
471.8539 	EXP 	New trial (rep=7, index=6): <Trial 90 (6 in rep 7) data={'delay': 0.4, 'freq': 1000, 'condition': 'expected', 'thisN': 90, 'thisTrialN': 6, 'thisRepN': 7}>
471.8672 	EXP 	text: autoDraw = False
471.8672 	EXP 	textbox: autoDraw = False
471.8672 	EXP 	polygon: autoDraw = True
472.0714 	DATA 	Mouse:  Left button up, pos=(1172,321)
472.3537 	DATA 	Mouse: Left button down, pos=(1172,321)
472.5707 	DATA 	Mouse:  Left button up, pos=(1172,321)
472.8683 	INFO 	Keyboard events cleared
472.8680 	EXP 	polygon: autoDraw = False
472.8680 	EXP 	polygon_2: autoDraw = True
473.1203 	DATA 	Mouse: Left button down, pos=(1172,321)
473.3550 	DATA 	Mouse:  Left button up, pos=(1172,321)
473.8183 	EXP 	Device response: <KeyPress from None: t=473.8092636000074, value=space, duration=None>
473.8207 	DATA 	Keypress: space
473.8338 	EXP 	polygon: autoDraw = False
473.8338 	EXP 	polygon_2: autoDraw = False
473.8681 	EXP 	Device response: <KeyPress from None: t=473.8092636000074, value=space, duration=0.046615200000815094>
474.2017 	EXP 	Sound sound_1 reached end of file
474.2178 	EXP 	Playing sound sound_1 on speaker Speaker (2- Realtek(R) Audio)
474.5149 	EXP 	Sound sound_1 stopped
474.5286 	EXP 	text: autoDraw = True
474.5286 	EXP 	textbox: autoDraw = True
475.9766 	DATA 	Keypress: 3
475.9852 	EXP 	Device response: <KeyPress from None: t=475.9743063999922, value=3, duration=None>
476.1195 	EXP 	Device response: <KeyPress from None: t=475.9743063999922, value=3, duration=0.12763629999244586>
476.1526 	DATA 	Keypress: 9
476.1552 	EXP 	Device response: <KeyPress from None: t=476.1453585999843, value=9, duration=None>
476.2194 	EXP 	Device response: <KeyPress from None: t=476.1453585999843, value=9, duration=0.07211870001628995>
476.3185 	DATA 	Keypress: 0
476.3200 	EXP 	Device response: <KeyPress from None: t=476.31262089998927, value=0, duration=None>
476.4046 	EXP 	Device response: <KeyPress from None: t=476.31262089998927, value=0, duration=0.08336140000028536>
477.2359 	DATA 	Mouse: Left button down, pos=(1172,321)
477.2368 	EXP 	New trial (rep=7, index=7): <Trial 91 (7 in rep 7) data={'delay': 0.1, 'freq': 1000, 'condition': 'expected', 'thisN': 91, 'thisTrialN': 7, 'thisRepN': 7}>
477.2512 	EXP 	text: autoDraw = False
477.2512 	EXP 	textbox: autoDraw = False
477.2512 	EXP 	polygon: autoDraw = True
477.4719 	DATA 	Mouse:  Left button up, pos=(1172,321)
477.9521 	EXP 	Device response: <KeyPress from None: t=477.94761579998885, value=space, duration=None>
477.9535 	DATA 	Keypress: space
478.0846 	EXP 	Device response: <KeyPress from None: t=477.94761579998885, value=space, duration=0.12153679999755695>
478.2513 	INFO 	Keyboard events cleared
478.2510 	EXP 	polygon: autoDraw = False
478.2510 	EXP 	polygon_2: autoDraw = True
478.3851 	EXP 	Device response: <KeyPress from None: t=478.38316239998676, value=space, duration=None>
478.3873 	DATA 	Keypress: space
478.4015 	EXP 	polygon: autoDraw = False
478.4015 	EXP 	polygon_2: autoDraw = False
478.4687 	EXP 	Sound sound_1 reached end of file
478.4848 	EXP 	Playing sound sound_1 on speaker Speaker (2- Realtek(R) Audio)
478.4858 	EXP 	Device response: <KeyPress from None: t=478.38316239998676, value=space, duration=0.09065040000132285>
478.7847 	EXP 	Sound sound_1 stopped
478.8001 	EXP 	text: autoDraw = True
478.8001 	EXP 	textbox: autoDraw = True
479.3574 	DATA 	Keypress: 4
479.3691 	EXP 	Device response: <KeyPress from None: t=479.3532719000068, value=4, duration=None>
479.4678 	EXP 	Device response: <KeyPress from None: t=479.3532719000068, value=4, duration=0.10625519999302924>
479.6686 	DATA 	Keypress: 0
479.6698 	EXP 	Device response: <KeyPress from None: t=479.6666739000066, value=0, duration=None>
479.7366 	EXP 	Device response: <KeyPress from None: t=479.6666739000066, value=0, duration=0.06146899997838773>
479.8073 	DATA 	Keypress: 0
479.8187 	EXP 	Device response: <KeyPress from None: t=479.8067686999857, value=0, duration=None>
479.8872 	EXP 	Device response: <KeyPress from None: t=479.8067686999857, value=0, duration=0.07780400000046939>
480.8730 	DATA 	Mouse: Left button down, pos=(1236,325)
480.8846 	EXP 	New trial (rep=7, index=8): <Trial 92 (8 in rep 7) data={'delay': 0.7, 'freq': 1000, 'condition': 'expected', 'thisN': 92, 'thisTrialN': 8, 'thisRepN': 7}>
480.9005 	EXP 	text: autoDraw = False
480.9005 	EXP 	textbox: autoDraw = False
480.9005 	EXP 	polygon: autoDraw = True
481.1051 	DATA 	Mouse:  Left button up, pos=(1236,325)
481.8849 	INFO 	Keyboard events cleared
481.8846 	EXP 	polygon_2: autoDraw = True
481.9013 	EXP 	polygon: autoDraw = False
481.9871 	DATA 	Mouse: Left button down, pos=(1285,410)
482.2018 	EXP 	Device response: <KeyPress from None: t=482.18882509999094, value=space, duration=None>
482.2040 	DATA 	Keypress: space
482.2070 	DATA 	Mouse:  Left button up, pos=(1285,410)
482.2171 	EXP 	polygon: autoDraw = False
482.2171 	EXP 	polygon_2: autoDraw = False
482.3019 	EXP 	Device response: <KeyPress from None: t=482.18882509999094, value=space, duration=0.10316490000695921>
482.8853 	EXP 	Sound sound_1 reached end of file
482.9015 	EXP 	Playing sound sound_1 on speaker Speaker (2- Realtek(R) Audio)
483.1955 	EXP 	Sound sound_1 stopped
483.1959 	EXP 	Device response: <KeyPress from None: t=483.1853972999961, value=4, duration=None>
483.1973 	DATA 	Keypress: 4
483.2105 	EXP 	text: autoDraw = True
483.2105 	EXP 	textbox: autoDraw = True
483.3204 	EXP 	Device response: <KeyPress from None: t=483.1853972999961, value=4, duration=0.12383900000713766>
483.7680 	DATA 	Keypress: 4
483.7706 	EXP 	Device response: <KeyPress from None: t=483.7641888000071, value=4, duration=None>
483.8526 	EXP 	Device response: <KeyPress from None: t=483.7641888000071, value=4, duration=0.08017829997697845>
484.5178 	DATA 	Keypress: backspace
484.5191 	EXP 	Device response: <KeyPress from None: t=484.51037949998863, value=backspace, duration=None>
484.6188 	EXP 	Device response: <KeyPress from None: t=484.51037949998863, value=backspace, duration=0.09273350000148639>
484.7188 	DATA 	Keypress: 1
484.7205 	EXP 	Device response: <KeyPress from None: t=484.7170283999876, value=1, duration=None>
484.8701 	EXP 	Device response: <KeyPress from None: t=484.7170283999876, value=1, duration=0.14472290000412613>
485.0689 	DATA 	Keypress: 0
485.0706 	EXP 	Device response: <KeyPress from None: t=485.0663854999875, value=0, duration=None>
485.1362 	EXP 	Device response: <KeyPress from None: t=485.0663854999875, value=0, duration=0.061040000000502914>
486.2254 	DATA 	Mouse: Left button down, pos=(1278,357)
486.2363 	EXP 	New trial (rep=7, index=9): <Trial 93 (9 in rep 7) data={'delay': 0.1, 'freq': 1000, 'condition': 'expected', 'thisN': 93, 'thisTrialN': 9, 'thisRepN': 7}>
486.2506 	EXP 	text: autoDraw = False
486.2506 	EXP 	textbox: autoDraw = False
486.2506 	EXP 	polygon: autoDraw = True
486.4551 	DATA 	Mouse:  Left button up, pos=(1278,357)
486.5704 	DATA 	Keypress: space
486.5849 	EXP 	Device response: <KeyPress from None: t=486.5695458999835, value=space, duration=None>
486.6855 	EXP 	Device response: <KeyPress from None: t=486.5695458999835, value=space, duration=0.10947940000914969>
486.9693 	EXP 	Device response: <KeyPress from None: t=486.9690066000039, value=space, duration=None>
486.9707 	DATA 	Keypress: space
487.0524 	EXP 	Device response: <KeyPress from None: t=486.9690066000039, value=space, duration=0.0810689999780152>
487.2514 	INFO 	Keyboard events cleared
487.2512 	EXP 	polygon: autoDraw = False
487.2512 	EXP 	polygon_2: autoDraw = True
487.3860 	EXP 	Device response: <KeyPress from None: t=487.3792500999989, value=space, duration=None>
487.3883 	DATA 	Keypress: space
487.4016 	EXP 	polygon: autoDraw = False
487.4016 	EXP 	polygon_2: autoDraw = False
487.4680 	EXP 	Device response: <KeyPress from None: t=487.3792500999989, value=space, duration=0.08669279998866841>
487.4851 	EXP 	Sound sound_1 reached end of file
487.5012 	EXP 	Playing sound sound_1 on speaker Speaker (2- Realtek(R) Audio)
487.7954 	EXP 	Sound sound_1 stopped
487.8092 	EXP 	text: autoDraw = True
487.8092 	EXP 	textbox: autoDraw = True
488.3445 	DATA 	Keypress: 4
488.3511 	EXP 	Device response: <KeyPress from None: t=488.3440832000051, value=4, duration=None>
488.4693 	EXP 	Device response: <KeyPress from None: t=488.3440832000051, value=4, duration=0.12070509998011403>
488.7903 	DATA 	Keypress: 2
488.8028 	EXP 	Device response: <KeyPress from None: t=488.78754049999407, value=2, duration=None>
488.9528 	EXP 	Device response: <KeyPress from None: t=488.78754049999407, value=2, duration=0.15656649999436922>
489.0194 	DATA 	Keypress: 0
489.0211 	EXP 	Device response: <KeyPress from None: t=489.0189706000092, value=0, duration=None>
489.1027 	EXP 	Device response: <KeyPress from None: t=489.0189706000092, value=0, duration=0.07828329998301342>
490.0358 	DATA 	Mouse: Left button down, pos=(1262,343)
490.0373 	EXP 	New trial (rep=7, index=10): <Trial 94 (10 in rep 7) data={'delay': 0.7, 'freq': 1000, 'condition': 'expected', 'thisN': 94, 'thisTrialN': 10, 'thisRepN': 7}>
490.0511 	EXP 	text: autoDraw = False
490.0511 	EXP 	textbox: autoDraw = False
490.0511 	EXP 	polygon: autoDraw = True
490.2693 	DATA 	Mouse:  Left button up, pos=(1262,343)
490.4682 	EXP 	Device response: <KeyPress from None: t=490.46299969998654, value=space, duration=None>
490.4694 	DATA 	Keypress: space
490.5520 	EXP 	Device response: <KeyPress from None: t=490.46299969998654, value=space, duration=0.07960940001066774>
490.8525 	EXP 	Device response: <KeyPress from None: t=490.8435416999855, value=space, duration=None>
490.8539 	DATA 	Keypress: space
490.9340 	EXP 	Device response: <KeyPress from None: t=490.8435416999855, value=space, duration=0.09008190000895411>
491.0519 	INFO 	Keyboard events cleared
491.0517 	EXP 	polygon: autoDraw = False
491.0517 	EXP 	polygon_2: autoDraw = True
491.2188 	EXP 	Device response: <KeyPress from None: t=491.2099393999961, value=space, duration=None>
491.2211 	DATA 	Keypress: space
491.2351 	EXP 	polygon: autoDraw = False
491.2351 	EXP 	polygon_2: autoDraw = False
491.3012 	EXP 	Device response: <KeyPress from None: t=491.2099393999961, value=space, duration=0.08977809999487363>
491.9184 	EXP 	Sound sound_1 reached end of file
491.9346 	EXP 	Playing sound sound_1 on speaker Speaker (2- Realtek(R) Audio)
492.2373 	EXP 	Sound sound_1 stopped
492.2379 	EXP 	Device response: <KeyPress from None: t=492.23574089998147, value=4, duration=None>
492.2398 	DATA 	Keypress: 4
492.2653 	EXP 	text: autoDraw = True
492.2653 	EXP 	textbox: autoDraw = True
492.3700 	EXP 	Device response: <KeyPress from None: t=492.23574089998147, value=4, duration=0.1316913000191562>
493.0091 	DATA 	Keypress: 3
493.0175 	EXP 	Device response: <KeyPress from None: t=493.006922200002, value=3, duration=None>
493.1198 	EXP 	Device response: <KeyPress from None: t=493.006922200002, value=3, duration=0.10807349998503923>
493.4863 	DATA 	Keypress: 0
493.4883 	EXP 	Device response: <KeyPress from None: t=493.4762519999931, value=0, duration=None>
493.5526 	EXP 	Device response: <KeyPress from None: t=493.4762519999931, value=0, duration=0.05944820001604967>
494.3775 	DATA 	Mouse: Left button down, pos=(1262,343)
494.3855 	EXP 	New trial (rep=7, index=11): <Trial 95 (11 in rep 7) data={'delay': 0.4, 'freq': 400, 'condition': 'unexp', 'thisN': 95, 'thisTrialN': 11, 'thisRepN': 7}>
494.4012 	EXP 	text: autoDraw = False
494.4012 	EXP 	textbox: autoDraw = False
494.4012 	EXP 	polygon: autoDraw = True
494.6049 	DATA 	Mouse:  Left button up, pos=(1262,343)
495.0843 	EXP 	Device response: <KeyPress from None: t=495.08278269998846, value=space, duration=None>
495.0851 	DATA 	Keypress: space
495.1688 	EXP 	Device response: <KeyPress from None: t=495.08278269998846, value=space, duration=0.08492739999201149>
495.3850 	INFO 	Keyboard events cleared
495.3848 	EXP 	polygon_2: autoDraw = True
495.4012 	EXP 	polygon: autoDraw = False
495.5188 	EXP 	Device response: <KeyPress from None: t=495.5071653999912, value=space, duration=None>
495.5210 	DATA 	Keypress: space
495.5343 	EXP 	polygon: autoDraw = False
495.5343 	EXP 	polygon_2: autoDraw = False
495.5524 	EXP 	Device response: <KeyPress from None: t=495.5071653999912, value=space, duration=0.02900229999795556>
495.9182 	EXP 	Sound sound_1 reached end of file
495.9345 	EXP 	Playing sound sound_1 on speaker Speaker (2- Realtek(R) Audio)
496.2347 	EXP 	Sound sound_1 stopped
496.2493 	EXP 	text: autoDraw = True
496.2493 	EXP 	textbox: autoDraw = True
496.5911 	DATA 	Keypress: 4
496.6015 	EXP 	Device response: <KeyPress from None: t=496.58694119998836, value=4, duration=None>
496.6879 	EXP 	Device response: <KeyPress from None: t=496.58694119998836, value=4, duration=0.0993255999928806>
496.8015 	DATA 	Keypress: 4
496.8025 	EXP 	Device response: <KeyPress from None: t=496.795778300002, value=4, duration=None>
496.8376 	EXP 	Device response: <KeyPress from None: t=496.795778300002, value=4, duration=0.039906299993162975>
497.0515 	DATA 	Keypress: 0
497.0533 	EXP 	Device response: <KeyPress from None: t=497.04896329998155, value=0, duration=None>
497.1359 	EXP 	Device response: <KeyPress from None: t=497.04896329998155, value=0, duration=0.07648180000251159>
498.0523 	DATA 	Mouse: Left button down, pos=(1239,321)
498.0533 	EXP 	New trial (rep=8, index=0): <Trial 96 (0 in rep 8) data={'delay': 0.1, 'freq': 1000, 'condition': 'expected', 'thisN': 96, 'thisTrialN': 0, 'thisRepN': 8}>
498.0670 	EXP 	text: autoDraw = False
498.0670 	EXP 	textbox: autoDraw = False
498.0670 	EXP 	polygon: autoDraw = True
498.2882 	DATA 	Mouse:  Left button up, pos=(1239,321)
499.0364 	EXP 	Device response: <KeyPress from None: t=499.0291106000077, value=space, duration=None>
499.0391 	DATA 	Keypress: space
499.0690 	INFO 	Keyboard events cleared
499.0686 	EXP 	polygon: autoDraw = False
499.0686 	EXP 	polygon_2: autoDraw = True
499.1524 	EXP 	Device response: <KeyPress from None: t=499.0291106000077, value=space, duration=0.11846369999693707>
499.4730 	DATA 	Keypress: space
499.4860 	EXP 	Device response: <KeyPress from None: t=499.47188460000325, value=space, duration=None>
499.5019 	EXP 	polygon: autoDraw = False
499.5019 	EXP 	polygon_2: autoDraw = False
499.5852 	EXP 	Sound sound_1 reached end of file
499.6012 	EXP 	Playing sound sound_1 on speaker Speaker (2- Realtek(R) Audio)
499.5859 	EXP 	Device response: <KeyPress from None: t=499.47188460000325, value=space, duration=0.10630569999921136>
499.8947 	EXP 	Sound sound_1 stopped
499.9109 	EXP 	text: autoDraw = True
499.9109 	EXP 	textbox: autoDraw = True
500.5203 	DATA 	Keypress: 4
500.5224 	EXP 	Device response: <KeyPress from None: t=500.5189795999904, value=4, duration=None>
500.6524 	EXP 	Device response: <KeyPress from None: t=500.5189795999904, value=4, duration=0.12533760000951588>
500.8901 	DATA 	Keypress: 5
500.9015 	EXP 	Device response: <KeyPress from None: t=500.8863878999837, value=5, duration=None>
501.0216 	EXP 	Device response: <KeyPress from None: t=500.8863878999837, value=5, duration=0.12345470002037473>
501.1892 	DATA 	Keypress: 0
501.2026 	EXP 	Device response: <KeyPress from None: t=501.18565899998066, value=0, duration=None>
501.2690 	EXP 	Device response: <KeyPress from None: t=501.18565899998066, value=0, duration=0.07977370001026429>
502.1287 	DATA 	Mouse: Left button down, pos=(1212,311)
502.1359 	EXP 	New trial (rep=8, index=1): <Trial 97 (1 in rep 8) data={'delay': 0.4, 'freq': 1000, 'condition': 'expected', 'thisN': 97, 'thisTrialN': 1, 'thisRepN': 8}>
502.1511 	EXP 	text: autoDraw = False
502.1511 	EXP 	textbox: autoDraw = False
502.1511 	EXP 	polygon: autoDraw = True
502.3545 	DATA 	Mouse:  Left button up, pos=(1212,311)
502.6687 	EXP 	Device response: <KeyPress from None: t=502.66260369998054, value=space, duration=None>
502.6703 	DATA 	Keypress: space
502.7690 	EXP 	Device response: <KeyPress from None: t=502.66260369998054, value=space, duration=0.09526140001253225>
503.0857 	EXP 	Device response: <KeyPress from None: t=503.08054550000816, value=space, duration=None>
503.0871 	DATA 	Keypress: space
503.1352 	INFO 	Keyboard events cleared
503.1350 	EXP 	polygon_2: autoDraw = True
503.1511 	EXP 	polygon: autoDraw = False
503.1844 	EXP 	Device response: <KeyPress from None: t=503.08054550000816, value=space, duration=0.10247889999300241>
503.4684 	EXP 	Device response: <KeyPress from None: t=503.4646292999969, value=space, duration=None>
503.4705 	DATA 	Keypress: space
503.4843 	EXP 	polygon: autoDraw = False
503.4843 	EXP 	polygon_2: autoDraw = False
503.6024 	EXP 	Device response: <KeyPress from None: t=503.4646292999969, value=space, duration=0.13051640000776388>
503.8671 	EXP 	Sound sound_1 reached end of file
503.8834 	EXP 	Playing sound sound_1 on speaker Speaker (2- Realtek(R) Audio)
504.1853 	EXP 	Sound sound_1 stopped
504.1995 	EXP 	text: autoDraw = True
504.1995 	EXP 	textbox: autoDraw = True
504.8177 	DATA 	Keypress: 4
504.8196 	EXP 	Device response: <KeyPress from None: t=504.8087016000063, value=4, duration=None>
504.9210 	EXP 	Device response: <KeyPress from None: t=504.8087016000063, value=4, duration=0.10701199999311939>
505.0352 	DATA 	Keypress: 6
505.0372 	EXP 	Device response: <KeyPress from None: t=505.0273612999881, value=6, duration=None>
505.1024 	EXP 	Device response: <KeyPress from None: t=505.0273612999881, value=6, duration=0.060196900012670085>
505.5529 	DATA 	Keypress: 0
505.5547 	EXP 	Device response: <KeyPress from None: t=505.5437415000051, value=0, duration=None>
505.6185 	EXP 	Device response: <KeyPress from None: t=505.5437415000051, value=0, duration=0.06431039999006316>
506.5892 	DATA 	Mouse: Left button down, pos=(1198,313)
506.5910 	EXP 	New trial (rep=8, index=2): <Trial 98 (2 in rep 8) data={'delay': 0.4, 'freq': 1000, 'condition': 'expected', 'thisN': 98, 'thisTrialN': 2, 'thisRepN': 8}>
506.6002 	EXP 	text: autoDraw = False
506.6002 	EXP 	textbox: autoDraw = False
506.6002 	EXP 	polygon: autoDraw = True
506.8038 	DATA 	Mouse:  Left button up, pos=(1198,313)
507.2857 	EXP 	Device response: <KeyPress from None: t=507.2789392999839, value=space, duration=None>
507.2871 	DATA 	Keypress: space
507.4003 	EXP 	Device response: <KeyPress from None: t=507.2789392999839, value=space, duration=0.10893509999732487>
507.6014 	INFO 	Keyboard events cleared
507.6012 	EXP 	polygon: autoDraw = False
507.6012 	EXP 	polygon_2: autoDraw = True
507.8677 	EXP 	Device response: <KeyPress from None: t=507.8536860999884, value=space, duration=None>
507.8707 	DATA 	Keypress: space
507.8836 	EXP 	polygon: autoDraw = False
507.8836 	EXP 	polygon_2: autoDraw = False
507.9684 	EXP 	Device response: <KeyPress from None: t=507.8536860999884, value=space, duration=0.09959329999401234>
508.2684 	EXP 	Sound sound_1 reached end of file
508.2844 	EXP 	Playing sound sound_1 on speaker Speaker (2- Realtek(R) Audio)
508.5847 	EXP 	Sound sound_1 stopped
508.5980 	EXP 	text: autoDraw = True
508.5980 	EXP 	textbox: autoDraw = True
508.9750 	DATA 	Keypress: 4
508.9855 	EXP 	Device response: <KeyPress from None: t=508.96971179998945, value=4, duration=None>
509.0844 	EXP 	Device response: <KeyPress from None: t=508.96971179998945, value=4, duration=0.09812350000720471>
509.2025 	DATA 	Keypress: 7
509.2052 	EXP 	Device response: <KeyPress from None: t=509.1931199999817, value=7, duration=None>
509.2684 	EXP 	Device response: <KeyPress from None: t=509.1931199999817, value=7, duration=0.061740500008454546>
509.5851 	DATA 	Keypress: 0
509.5867 	EXP 	Device response: <KeyPress from None: t=509.5847947000002, value=0, duration=None>
509.6689 	EXP 	Device response: <KeyPress from None: t=509.5847947000002, value=0, duration=0.07576169999083504>
510.6413 	DATA 	Mouse: Left button down, pos=(1182,323)
510.6523 	EXP 	New trial (rep=8, index=3): <Trial 99 (3 in rep 8) data={'delay': 0.1, 'freq': 1000, 'condition': 'expected', 'thisN': 99, 'thisTrialN': 3, 'thisRepN': 8}>
510.6674 	EXP 	text: autoDraw = False
510.6674 	EXP 	textbox: autoDraw = False
510.6674 	EXP 	polygon: autoDraw = True
510.8712 	DATA 	Mouse:  Left button up, pos=(1182,323)
511.0535 	DATA 	Keypress: space
511.0685 	EXP 	Device response: <KeyPress from None: t=511.05280380000477, value=space, duration=None>
511.1682 	EXP 	Device response: <KeyPress from None: t=511.05280380000477, value=space, duration=0.10701069998322055>
511.4854 	EXP 	Device response: <KeyPress from None: t=511.47549049998634, value=space, duration=None>
511.4869 	DATA 	Keypress: space
511.5679 	EXP 	Device response: <KeyPress from None: t=511.47549049998634, value=space, duration=0.08489200001349673>
511.6672 	INFO 	Keyboard events cleared
511.6671 	EXP 	polygon: autoDraw = False
511.6671 	EXP 	polygon_2: autoDraw = True
511.9017 	EXP 	Device response: <KeyPress from None: t=511.89749820000725, value=space, duration=None>
511.9040 	DATA 	Keypress: space
511.9175 	EXP 	polygon: autoDraw = False
511.9175 	EXP 	polygon_2: autoDraw = False
511.9850 	EXP 	Device response: <KeyPress from None: t=511.89749820000725, value=space, duration=0.07390679998206906>
512.0009 	EXP 	Sound sound_1 reached end of file
512.0170 	EXP 	Playing sound sound_1 on speaker Speaker (2- Realtek(R) Audio)
512.3154 	EXP 	Sound sound_1 stopped
512.3292 	EXP 	text: autoDraw = True
512.3292 	EXP 	textbox: autoDraw = True
512.6231 	DATA 	Keypress: 4
512.6345 	EXP 	Device response: <KeyPress from None: t=512.621512999991, value=4, duration=None>
512.7521 	EXP 	Device response: <KeyPress from None: t=512.621512999991, value=4, duration=0.11788070001057349>
512.8515 	DATA 	Keypress: 8
512.8530 	EXP 	Device response: <KeyPress from None: t=512.8494344000064, value=8, duration=None>
512.9345 	EXP 	Device response: <KeyPress from None: t=512.8494344000064, value=8, duration=0.0706163999857381>
513.1189 	DATA 	Keypress: 0
513.1222 	EXP 	Device response: <KeyPress from None: t=513.1132455999905, value=0, duration=None>
513.2022 	EXP 	Device response: <KeyPress from None: t=513.1132455999905, value=0, duration=0.08551999999326654>
514.1270 	DATA 	Mouse: Left button down, pos=(1169,319)
514.1366 	EXP 	New trial (rep=8, index=4): <Trial 100 (4 in rep 8) data={'delay': 0.7, 'freq': 400, 'condition': 'unexp', 'thisN': 100, 'thisTrialN': 4, 'thisRepN': 8}>
514.1503 	EXP 	text: autoDraw = False
514.1503 	EXP 	textbox: autoDraw = False
514.1503 	EXP 	polygon: autoDraw = True
514.3540 	DATA 	Mouse:  Left button up, pos=(1169,319)
514.7854 	EXP 	Device response: <KeyPress from None: t=514.7782425000041, value=space, duration=None>
514.7867 	DATA 	Keypress: space
514.9358 	EXP 	Device response: <KeyPress from None: t=514.7782425000041, value=space, duration=0.15426089998800308>
515.1512 	INFO 	Keyboard events cleared
515.1510 	EXP 	polygon: autoDraw = False
515.1510 	EXP 	polygon_2: autoDraw = True
515.2509 	EXP 	Device response: <KeyPress from None: t=515.2485675000062, value=space, duration=None>
515.2537 	DATA 	Keypress: space
515.2673 	EXP 	polygon: autoDraw = False
515.2673 	EXP 	polygon_2: autoDraw = False
515.4020 	EXP 	Device response: <KeyPress from None: t=515.2485675000062, value=space, duration=0.1486735999933444>
515.9345 	EXP 	Sound sound_1 reached end of file
515.9505 	EXP 	Playing sound sound_1 on speaker Speaker (2- Realtek(R) Audio)
516.2553 	EXP 	Sound sound_1 stopped
516.2853 	EXP 	text: autoDraw = True
516.2853 	EXP 	textbox: autoDraw = True
517.5691 	DATA 	Keypress: 4
517.5706 	EXP 	Device response: <KeyPress from None: t=517.563877699984, value=4, duration=None>
517.6855 	EXP 	Device response: <KeyPress from None: t=517.563877699984, value=4, duration=0.10646740000811405>
517.9008 	DATA 	Keypress: 9
517.9028 	EXP 	Device response: <KeyPress from None: t=517.890532999998, value=9, duration=None>
517.9696 	EXP 	Device response: <KeyPress from None: t=517.890532999998, value=9, duration=0.07249719998799264>
518.0854 	DATA 	Keypress: 0
518.0871 	EXP 	Device response: <KeyPress from None: t=518.0779119000072, value=0, duration=None>
518.1705 	EXP 	Device response: <KeyPress from None: t=518.0779119000072, value=0, duration=0.08219799998914823>
519.4109 	DATA 	Mouse: Left button down, pos=(1169,319)
519.4187 	EXP 	New trial (rep=8, index=5): <Trial 101 (5 in rep 8) data={'delay': 0.1, 'freq': 1000, 'condition': 'expected', 'thisN': 101, 'thisTrialN': 5, 'thisRepN': 8}>
519.4336 	EXP 	text: autoDraw = False
519.4336 	EXP 	textbox: autoDraw = False
519.4336 	EXP 	polygon: autoDraw = True
519.6365 	DATA 	Mouse:  Left button up, pos=(1169,319)
520.2348 	EXP 	Device response: <KeyPress from None: t=520.2260658000014, value=space, duration=None>
520.2364 	DATA 	Keypress: space
520.3683 	EXP 	Device response: <KeyPress from None: t=520.2260658000014, value=space, duration=0.12788329998147674>
520.4351 	INFO 	Keyboard events cleared
520.4348 	EXP 	polygon: autoDraw = False
520.4348 	EXP 	polygon_2: autoDraw = True
520.7056 	DATA 	Keypress: space
520.7194 	EXP 	Device response: <KeyPress from None: t=520.7038201999967, value=space, duration=None>
520.7345 	EXP 	polygon: autoDraw = False
520.7345 	EXP 	polygon_2: autoDraw = False
520.8193 	EXP 	Sound sound_1 reached end of file
520.8352 	EXP 	Playing sound sound_1 on speaker Speaker (2- Realtek(R) Audio)
520.8362 	EXP 	Device response: <KeyPress from None: t=520.7038201999967, value=space, duration=0.12038079998455942>
521.1357 	EXP 	Sound sound_1 stopped
521.1500 	EXP 	text: autoDraw = True
521.1500 	EXP 	textbox: autoDraw = True
521.7079 	DATA 	Keypress: 5
521.7176 	EXP 	Device response: <KeyPress from None: t=521.7027314000006, value=5, duration=None>
521.8011 	EXP 	Device response: <KeyPress from None: t=521.7027314000006, value=5, duration=0.08474349998869002>
522.0078 	DATA 	Keypress: 0
522.0191 	EXP 	Device response: <KeyPress from None: t=522.0042488999898, value=0, duration=None>
522.0848 	EXP 	Device response: <KeyPress from None: t=522.0042488999898, value=0, duration=0.0710630000103265>
522.1687 	DATA 	Keypress: 0
522.1706 	EXP 	Device response: <KeyPress from None: t=522.1623441999836, value=0, duration=None>
522.2356 	EXP 	Device response: <KeyPress from None: t=522.1623441999836, value=0, duration=0.06438700002036057>
523.1542 	DATA 	Mouse: Left button down, pos=(1168,339)
523.1558 	EXP 	New trial (rep=8, index=6): <Trial 102 (6 in rep 8) data={'delay': 0.7, 'freq': 1000, 'condition': 'expected', 'thisN': 102, 'thisTrialN': 6, 'thisRepN': 8}>
523.1665 	EXP 	text: autoDraw = False
523.1665 	EXP 	textbox: autoDraw = False
523.1665 	EXP 	polygon: autoDraw = True
523.3701 	DATA 	Mouse:  Left button up, pos=(1168,339)
524.1350 	EXP 	Device response: <KeyPress from None: t=524.1265538999869, value=space, duration=None>
524.1367 	DATA 	Keypress: space
524.1677 	INFO 	Keyboard events cleared
524.1674 	EXP 	polygon: autoDraw = False
524.1674 	EXP 	polygon_2: autoDraw = True
524.2855 	EXP 	Device response: <KeyPress from None: t=524.1265538999869, value=space, duration=0.14389580002170987>
524.5859 	EXP 	Device response: <KeyPress from None: t=524.5848890999914, value=space, duration=None>
524.5901 	DATA 	Keypress: space
524.6007 	EXP 	polygon: autoDraw = False
524.6007 	EXP 	polygon_2: autoDraw = False
524.7194 	EXP 	Device response: <KeyPress from None: t=524.5848890999914, value=space, duration=0.12512250000145286>
525.2186 	EXP 	Device response: <KeyPress from None: t=525.2048424999812, value=space, duration=None>
525.2207 	DATA 	Keypress: space
525.2852 	EXP 	Sound sound_1 reached end of file
525.3012 	EXP 	Playing sound sound_1 on speaker Speaker (2- Realtek(R) Audio)
525.3198 	EXP 	Device response: <KeyPress from None: t=525.2048424999812, value=space, duration=0.11301230001845397>
525.5963 	EXP 	Sound sound_1 stopped
525.6137 	EXP 	text: autoDraw = True
525.6137 	EXP 	textbox: autoDraw = True
527.1238 	DATA 	Keypress: 5
527.1343 	EXP 	Device response: <KeyPress from None: t=527.1196783999912, value=5, duration=None>
527.2191 	EXP 	Device response: <KeyPress from None: t=527.1196783999912, value=5, duration=0.09691819999716245>
527.4733 	DATA 	Keypress: 1
527.4845 	EXP 	Device response: <KeyPress from None: t=527.4695700999873, value=1, duration=None>
527.6344 	EXP 	Device response: <KeyPress from None: t=527.4695700999873, value=1, duration=0.15239450000808574>
527.6856 	DATA 	Keypress: 0
527.6882 	EXP 	Device response: <KeyPress from None: t=527.6849839999923, value=0, duration=None>
527.7682 	EXP 	Device response: <KeyPress from None: t=527.6849839999923, value=0, duration=0.06887429999187589>
528.8055 	DATA 	Mouse: Left button down, pos=(1163,344)
528.8181 	EXP 	New trial (rep=8, index=7): <Trial 103 (7 in rep 8) data={'delay': 0.7, 'freq': 1000, 'condition': 'expected', 'thisN': 103, 'thisTrialN': 7, 'thisRepN': 8}>
528.8338 	EXP 	text: autoDraw = False
528.8338 	EXP 	textbox: autoDraw = False
528.8338 	EXP 	polygon: autoDraw = True
529.0380 	DATA 	Mouse:  Left button up, pos=(1163,344)
529.4369 	DATA 	Keypress: space
529.4519 	EXP 	Device response: <KeyPress from None: t=529.4362130000081, value=space, duration=None>
529.5508 	EXP 	Device response: <KeyPress from None: t=529.4362130000081, value=space, duration=0.1109881000011228>
529.8181 	INFO 	Keyboard events cleared
529.8178 	EXP 	polygon_2: autoDraw = True
529.8344 	EXP 	polygon: autoDraw = False
529.9517 	EXP 	Device response: <KeyPress from None: t=529.9436423000006, value=space, duration=None>
529.9539 	DATA 	Keypress: space
529.9679 	EXP 	polygon: autoDraw = False
529.9679 	EXP 	polygon_2: autoDraw = False
530.0018 	EXP 	Device response: <KeyPress from None: t=529.9436423000006, value=space, duration=0.05570559998159297>
530.6360 	EXP 	Sound sound_1 reached end of file
530.6516 	EXP 	Playing sound sound_1 on speaker Speaker (2- Realtek(R) Audio)
530.9561 	EXP 	Sound sound_1 stopped
530.9723 	EXP 	text: autoDraw = True
530.9723 	EXP 	textbox: autoDraw = True
531.5576 	DATA 	Keypress: 5
531.5678 	EXP 	Device response: <KeyPress from None: t=531.5554405000003, value=5, duration=None>
531.6514 	EXP 	Device response: <KeyPress from None: t=531.5554405000003, value=5, duration=0.09360490000108257>
531.8858 	DATA 	Keypress: 2
531.8875 	EXP 	Device response: <KeyPress from None: t=531.874874000001, value=2, duration=None>
532.0509 	EXP 	Device response: <KeyPress from None: t=531.874874000001, value=2, duration=0.16272329998901114>
532.2184 	DATA 	Keypress: 0
532.2202 	EXP 	Device response: <KeyPress from None: t=532.2159545999893, value=0, duration=None>
532.3182 	EXP 	Device response: <KeyPress from None: t=532.2159545999893, value=0, duration=0.0895934000145644>
533.6783 	DATA 	Mouse: Left button down, pos=(1247,374)
533.6849 	EXP 	New trial (rep=8, index=8): <Trial 104 (8 in rep 8) data={'delay': 0.7, 'freq': 1000, 'condition': 'expected', 'thisN': 104, 'thisTrialN': 8, 'thisRepN': 8}>
533.6999 	EXP 	text: autoDraw = False
533.6999 	EXP 	textbox: autoDraw = False
533.6999 	EXP 	polygon: autoDraw = True
533.9042 	DATA 	Mouse:  Left button up, pos=(1247,374)
534.0350 	EXP 	Device response: <KeyPress from None: t=534.0198870000022, value=space, duration=None>
534.0363 	DATA 	Keypress: space
534.1015 	EXP 	Device response: <KeyPress from None: t=534.0198870000022, value=space, duration=0.07406039998750202>
534.3852 	EXP 	Device response: <KeyPress from None: t=534.3813460000092, value=space, duration=None>
534.3866 	DATA 	Keypress: space
534.5016 	EXP 	Device response: <KeyPress from None: t=534.3813460000092, value=space, duration=0.10632389999227598>
534.6850 	INFO 	Keyboard events cleared
534.6848 	EXP 	polygon_2: autoDraw = True
534.7009 	EXP 	polygon: autoDraw = False
534.8183 	EXP 	Device response: <KeyPress from None: t=534.8146087999921, value=space, duration=None>
534.8206 	DATA 	Keypress: space
534.8343 	EXP 	polygon: autoDraw = False
534.8343 	EXP 	polygon_2: autoDraw = False
534.9011 	EXP 	Device response: <KeyPress from None: t=534.8146087999921, value=space, duration=0.07592090000980534>
535.5178 	EXP 	Sound sound_1 reached end of file
535.5340 	EXP 	Playing sound sound_1 on speaker Speaker (2- Realtek(R) Audio)
535.8351 	EXP 	Sound sound_1 stopped
535.8491 	EXP 	text: autoDraw = True
535.8491 	EXP 	textbox: autoDraw = True
536.2920 	DATA 	Keypress: 5
536.3010 	EXP 	Device response: <KeyPress from None: t=536.2903949999891, value=5, duration=None>
536.3853 	EXP 	Device response: <KeyPress from None: t=536.2903949999891, value=5, duration=0.08824790001381189>
536.4677 	DATA 	Keypress: 3
536.4692 	EXP 	Device response: <KeyPress from None: t=536.4580282999959, value=3, duration=None>
536.5701 	EXP 	Device response: <KeyPress from None: t=536.4580282999959, value=3, duration=0.10834340000292286>
536.9850 	DATA 	Keypress: 0
536.9874 	EXP 	Device response: <KeyPress from None: t=536.9836767000088, value=0, duration=None>
537.0707 	EXP 	Device response: <KeyPress from None: t=536.9836767000088, value=0, duration=0.08276439999463037>
537.9563 	DATA 	Mouse: Left button down, pos=(1226,344)
537.9681 	EXP 	New trial (rep=8, index=9): <Trial 105 (9 in rep 8) data={'delay': 0.1, 'freq': 400, 'condition': 'unexp', 'thisN': 105, 'thisTrialN': 9, 'thisRepN': 8}>
537.9836 	EXP 	text: autoDraw = False
537.9836 	EXP 	textbox: autoDraw = False
537.9836 	EXP 	polygon: autoDraw = True
538.1882 	DATA 	Mouse:  Left button up, pos=(1226,344)
538.9673 	INFO 	Keyboard events cleared
538.9671 	EXP 	polygon_2: autoDraw = True
538.9841 	EXP 	polygon: autoDraw = False
539.3355 	EXP 	Device response: <KeyPress from None: t=539.3332510000037, value=space, duration=None>
539.3377 	DATA 	Keypress: space
539.3513 	EXP 	polygon: autoDraw = False
539.3513 	EXP 	polygon_2: autoDraw = False
539.4347 	EXP 	Sound sound_1 reached end of file
539.4508 	EXP 	Playing sound sound_1 on speaker Speaker (2- Realtek(R) Audio)
539.5016 	EXP 	Device response: <KeyPress from None: t=539.3332510000037, value=space, duration=0.15558530000271276>
539.7554 	EXP 	Sound sound_1 stopped
539.7666 	EXP 	text: autoDraw = True
539.7666 	EXP 	textbox: autoDraw = True
540.1511 	DATA 	Keypress: space
540.1533 	EXP 	Device response: <KeyPress from None: t=540.1450581999961, value=space, duration=None>
540.3179 	EXP 	Device response: <KeyPress from None: t=540.1450581999961, value=space, duration=0.1568078999989666>
541.7682 	DATA 	Keypress: 5
541.7702 	EXP 	Device response: <KeyPress from None: t=541.7580309000041, value=5, duration=None>
541.8508 	EXP 	Device response: <KeyPress from None: t=541.7580309000041, value=5, duration=0.07867809999152087>
541.9066 	DATA 	Keypress: 4
541.9178 	EXP 	Device response: <KeyPress from None: t=541.904761999991, value=4, duration=None>
542.0177 	EXP 	Device response: <KeyPress from None: t=541.904761999991, value=4, duration=0.10242870001820847>
542.8514 	DATA 	Keypress: 0
542.8537 	EXP 	Device response: <KeyPress from None: t=542.847105599998, value=0, duration=None>
542.9188 	EXP 	Device response: <KeyPress from None: t=542.847105599998, value=0, duration=0.05985980000696145>
543.7369 	DATA 	Mouse: Left button down, pos=(1191,331)
543.7380 	EXP 	New trial (rep=8, index=10): <Trial 106 (10 in rep 8) data={'delay': 0.4, 'freq': 400, 'condition': 'unexp', 'thisN': 106, 'thisTrialN': 10, 'thisRepN': 8}>
543.7497 	EXP 	text: autoDraw = False
543.7497 	EXP 	textbox: autoDraw = False
543.7497 	EXP 	polygon: autoDraw = True
543.9715 	DATA 	Mouse:  Left button up, pos=(1191,331)
544.2530 	DATA 	Keypress: space
544.2680 	EXP 	Device response: <KeyPress from None: t=544.2517257999862, value=space, duration=None>
544.3684 	EXP 	Device response: <KeyPress from None: t=544.2517257999862, value=space, duration=0.09997229999862611>
544.7512 	INFO 	Keyboard events cleared
544.7510 	EXP 	polygon: autoDraw = False
544.7510 	EXP 	polygon_2: autoDraw = True
544.8516 	EXP 	Device response: <KeyPress from None: t=544.840014699992, value=space, duration=None>
544.8542 	DATA 	Keypress: space
544.8676 	EXP 	polygon: autoDraw = False
544.8676 	EXP 	polygon_2: autoDraw = False
544.9525 	EXP 	Device response: <KeyPress from None: t=544.840014699992, value=space, duration=0.11208439999609254>
545.2355 	EXP 	Sound sound_1 reached end of file
545.2511 	EXP 	Playing sound sound_1 on speaker Speaker (2- Realtek(R) Audio)
545.5443 	EXP 	Sound sound_1 stopped
545.5601 	EXP 	text: autoDraw = True
545.5601 	EXP 	textbox: autoDraw = True
546.1342 	DATA 	Keypress: 5
546.1354 	EXP 	Device response: <KeyPress from None: t=546.1292706999811, value=5, duration=None>
546.2176 	EXP 	Device response: <KeyPress from None: t=546.1292706999811, value=5, duration=0.08093920000828803>
546.3086 	DATA 	Keypress: 5
546.3180 	EXP 	Device response: <KeyPress from None: t=546.3056690999947, value=5, duration=None>
546.4174 	EXP 	Device response: <KeyPress from None: t=546.3056690999947, value=5, duration=0.09805249999044463>
546.8848 	DATA 	Keypress: 0
546.8865 	EXP 	Device response: <KeyPress from None: t=546.8807755000016, value=0, duration=None>
546.9511 	EXP 	Device response: <KeyPress from None: t=546.8807755000016, value=0, duration=0.05519449998973869>
547.7873 	DATA 	Mouse: Left button down, pos=(1180,330)
547.7885 	EXP 	New trial (rep=8, index=11): <Trial 107 (11 in rep 8) data={'delay': 0.4, 'freq': 1000, 'condition': 'expected', 'thisN': 107, 'thisTrialN': 11, 'thisRepN': 8}>
547.7993 	EXP 	text: autoDraw = False
547.7993 	EXP 	textbox: autoDraw = False
547.7993 	EXP 	polygon: autoDraw = True
548.0055 	DATA 	Mouse:  Left button up, pos=(1180,330)
548.2679 	EXP 	Device response: <KeyPress from None: t=548.2608413999842, value=space, duration=None>
548.2692 	DATA 	Keypress: space
548.3515 	EXP 	Device response: <KeyPress from None: t=548.2608413999842, value=space, duration=0.08767160002025776>
548.8010 	INFO 	Keyboard events cleared
548.8007 	EXP 	polygon: autoDraw = False
548.8007 	EXP 	polygon_2: autoDraw = True
548.9180 	EXP 	Device response: <KeyPress from None: t=548.9099548000086, value=space, duration=None>
548.9202 	DATA 	Keypress: space
548.9340 	EXP 	polygon: autoDraw = False
548.9340 	EXP 	polygon_2: autoDraw = False
549.0185 	EXP 	Device response: <KeyPress from None: t=548.9099548000086, value=space, duration=0.09960059999139048>
549.3016 	EXP 	Sound sound_1 reached end of file
549.3175 	EXP 	Playing sound sound_1 on speaker Speaker (2- Realtek(R) Audio)
549.6154 	EXP 	Sound sound_1 stopped
549.6383 	EXP 	text: autoDraw = True
549.6383 	EXP 	textbox: autoDraw = True
551.5908 	DATA 	Keypress: 5
551.6016 	EXP 	Device response: <KeyPress from None: t=551.5889835999988, value=5, duration=None>
551.6860 	EXP 	Device response: <KeyPress from None: t=551.5889835999988, value=5, duration=0.09072619999642484>
552.4519 	DATA 	Keypress: 5
552.4550 	EXP 	Device response: <KeyPress from None: t=552.4475213999976, value=5, duration=None>
552.5186 	EXP 	Device response: <KeyPress from None: t=552.4475213999976, value=5, duration=0.06555989998742007>
552.9175 	DATA 	Keypress: 0
552.9191 	EXP 	Device response: <KeyPress from None: t=552.9160963000031, value=0, duration=None>
553.0012 	EXP 	Device response: <KeyPress from None: t=552.9160963000031, value=0, duration=0.08137070000520907>
554.1346 	DATA 	Mouse: Left button down, pos=(1234,332)
554.1357 	EXP 	New trial (rep=9, index=0): <Trial 108 (0 in rep 9) data={'delay': 0.7, 'freq': 1000, 'condition': 'expected', 'thisN': 108, 'thisTrialN': 0, 'thisRepN': 9}>
554.1497 	EXP 	text: autoDraw = False
554.1497 	EXP 	textbox: autoDraw = False
554.1497 	EXP 	polygon: autoDraw = True
554.3536 	DATA 	Mouse:  Left button up, pos=(1234,332)
554.8842 	EXP 	Device response: <KeyPress from None: t=554.882291899994, value=comma, duration=None>
554.8856 	DATA 	Keypress: comma
554.9515 	EXP 	Device response: <KeyPress from None: t=554.882291899994, value=comma, duration=0.05770299999858253>
555.1513 	INFO 	Keyboard events cleared
555.1510 	EXP 	polygon: autoDraw = False
555.1510 	EXP 	polygon_2: autoDraw = True
555.1848 	EXP 	Device response: <KeyPress from None: t=555.1806901999807, value=space, duration=None>
555.1871 	DATA 	Keypress: space
555.2012 	EXP 	polygon: autoDraw = False
555.2012 	EXP 	polygon_2: autoDraw = False
555.3007 	EXP 	Device response: <KeyPress from None: t=555.1806901999807, value=space, duration=0.10727790000964887>
555.8681 	EXP 	Sound sound_1 reached end of file
555.8843 	EXP 	Playing sound sound_1 on speaker Speaker (2- Realtek(R) Audio)
556.1840 	EXP 	Sound sound_1 stopped
556.1984 	EXP 	text: autoDraw = True
556.1984 	EXP 	textbox: autoDraw = True
556.5406 	DATA 	Keypress: 5
556.5510 	EXP 	Device response: <KeyPress from None: t=556.5387074000027, value=5, duration=None>
556.7018 	EXP 	Device response: <KeyPress from None: t=556.5387074000027, value=5, duration=0.1578150999848731>
556.9709 	DATA 	Keypress: 6
556.9840 	EXP 	Device response: <KeyPress from None: t=556.9684684999811, value=6, duration=None>
557.1020 	EXP 	Device response: <KeyPress from None: t=556.9684684999811, value=6, duration=0.12695520001580007>
557.2683 	DATA 	Keypress: 0
557.2703 	EXP 	Device response: <KeyPress from None: t=557.2625600000028, value=0, duration=None>
557.3519 	EXP 	Device response: <KeyPress from None: t=557.2625600000028, value=0, duration=0.07579489998170175>
559.2240 	DATA 	Keypress: space
559.2335 	EXP 	Device response: <KeyPress from None: t=559.2227252000012, value=space, duration=None>
559.3009 	EXP 	Device response: <KeyPress from None: t=559.2227252000012, value=space, duration=0.07028749998426065>
560.5856 	DATA 	Mouse: Left button down, pos=(1180,309)
560.5870 	EXP 	New trial (rep=9, index=1): <Trial 109 (1 in rep 9) data={'delay': 0.7, 'freq': 400, 'condition': 'unexp', 'thisN': 109, 'thisTrialN': 1, 'thisRepN': 9}>
560.5997 	EXP 	text: autoDraw = False
560.5997 	EXP 	textbox: autoDraw = False
560.5997 	EXP 	polygon: autoDraw = True
560.8196 	DATA 	Mouse:  Left button up, pos=(1180,309)
561.2842 	EXP 	Device response: <KeyPress from None: t=561.2763077999989, value=space, duration=None>
561.2857 	DATA 	Keypress: space
561.4007 	EXP 	Device response: <KeyPress from None: t=561.2763077999989, value=space, duration=0.11877729999832809>
561.6009 	INFO 	Keyboard events cleared
561.6006 	EXP 	polygon: autoDraw = False
561.6006 	EXP 	polygon_2: autoDraw = True
561.8529 	DATA 	Keypress: space
561.8678 	EXP 	Device response: <KeyPress from None: t=561.8522908999876, value=space, duration=None>
561.8835 	EXP 	polygon: autoDraw = False
561.8835 	EXP 	polygon_2: autoDraw = False
561.9841 	EXP 	Device response: <KeyPress from None: t=561.8522908999876, value=space, duration=0.13067559999763034>
562.5514 	EXP 	Sound sound_1 reached end of file
562.5676 	EXP 	Playing sound sound_1 on speaker Speaker (2- Realtek(R) Audio)
562.8640 	EXP 	Sound sound_1 stopped
562.8791 	EXP 	text: autoDraw = True
562.8791 	EXP 	textbox: autoDraw = True
565.0169 	DATA 	Keypress: 5
565.0184 	EXP 	Device response: <KeyPress from None: t=565.0155082999845, value=5, duration=None>
565.1006 	EXP 	Device response: <KeyPress from None: t=565.0155082999845, value=5, duration=0.07202990000951104>
565.1837 	DATA 	Keypress: 7
565.1851 	EXP 	Device response: <KeyPress from None: t=565.174251199991, value=7, duration=None>
565.2520 	EXP 	Device response: <KeyPress from None: t=565.174251199991, value=7, duration=0.06929220000165515>
565.6554 	DATA 	Keypress: 0
565.6681 	EXP 	Device response: <KeyPress from None: t=565.652897699998, value=0, duration=None>
565.7355 	EXP 	Device response: <KeyPress from None: t=565.652897699998, value=0, duration=0.07571869998355396>
567.1350 	DATA 	Mouse: Left button down, pos=(1180,309)
567.1367 	EXP 	New trial (rep=9, index=2): <Trial 110 (2 in rep 9) data={'delay': 0.4, 'freq': 1000, 'condition': 'expected', 'thisN': 110, 'thisTrialN': 2, 'thisRepN': 9}>
567.1494 	EXP 	text: autoDraw = False
567.1494 	EXP 	textbox: autoDraw = False
567.1494 	EXP 	polygon: autoDraw = True
567.3548 	DATA 	Mouse:  Left button up, pos=(1180,309)
567.6029 	DATA 	Mouse: Left button down, pos=(1180,309)
567.8194 	DATA 	Mouse:  Left button up, pos=(1180,309)
568.1505 	INFO 	Keyboard events cleared
568.1503 	EXP 	polygon: autoDraw = False
568.1503 	EXP 	polygon_2: autoDraw = True
568.3502 	EXP 	Device response: <KeyPress from None: t=568.3423084999959, value=space, duration=None>
568.3528 	DATA 	Keypress: space
568.3668 	EXP 	polygon: autoDraw = False
568.3668 	EXP 	polygon_2: autoDraw = False
568.4679 	EXP 	Device response: <KeyPress from None: t=568.3423084999959, value=space, duration=0.11415109998779371>
568.7340 	EXP 	Sound sound_1 reached end of file
568.7502 	EXP 	Playing sound sound_1 on speaker Speaker (2- Realtek(R) Audio)
569.0494 	EXP 	Sound sound_1 stopped
569.0642 	EXP 	text: autoDraw = True
569.0642 	EXP 	textbox: autoDraw = True
571.1579 	DATA 	Keypress: 5
571.1676 	EXP 	Device response: <KeyPress from None: t=571.1538560999907, value=5, duration=None>
571.3170 	EXP 	Device response: <KeyPress from None: t=571.1538560999907, value=5, duration=0.14920600000186823>
571.4511 	DATA 	Keypress: 8
571.4531 	EXP 	Device response: <KeyPress from None: t=571.443746999983, value=8, duration=None>
571.5199 	EXP 	Device response: <KeyPress from None: t=571.443746999983, value=8, duration=0.06332660000771284>
572.1170 	DATA 	Keypress: 0
572.1187 	EXP 	Device response: <KeyPress from None: t=572.112632400007, value=0, duration=None>
572.1681 	EXP 	Device response: <KeyPress from None: t=572.112632400007, value=0, duration=0.05335409997496754>
573.0679 	DATA 	Mouse: Left button down, pos=(1174,300)
573.0689 	EXP 	New trial (rep=9, index=3): <Trial 111 (3 in rep 9) data={'delay': 0.4, 'freq': 400, 'condition': 'unexp', 'thisN': 111, 'thisTrialN': 3, 'thisRepN': 9}>
573.0826 	EXP 	text: autoDraw = False
573.0826 	EXP 	textbox: autoDraw = False
573.0826 	EXP 	polygon: autoDraw = True
573.2871 	DATA 	Mouse:  Left button up, pos=(1174,300)
573.8679 	EXP 	Device response: <KeyPress from None: t=573.8587415000075, value=space, duration=None>
573.8699 	DATA 	Keypress: space
573.9834 	EXP 	Device response: <KeyPress from None: t=573.8587415000075, value=space, duration=0.12092960000154562>
574.0841 	INFO 	Keyboard events cleared
574.0838 	EXP 	polygon: autoDraw = False
574.0838 	EXP 	polygon_2: autoDraw = True
574.2512 	EXP 	Device response: <KeyPress from None: t=574.2361386999837, value=space, duration=None>
574.2530 	DATA 	Keypress: space
574.2669 	EXP 	polygon: autoDraw = False
574.2669 	EXP 	polygon_2: autoDraw = False
574.3509 	EXP 	Device response: <KeyPress from None: t=574.2361386999837, value=space, duration=0.10376019999966957>
574.6504 	EXP 	Sound sound_1 reached end of file
574.6665 	EXP 	Playing sound sound_1 on speaker Speaker (2- Realtek(R) Audio)
574.9669 	EXP 	Sound sound_1 stopped
574.9816 	EXP 	text: autoDraw = True
574.9816 	EXP 	textbox: autoDraw = True
575.1186 	DATA 	Keypress: 5
575.1215 	EXP 	Device response: <KeyPress from None: t=575.1113818000013, value=5, duration=None>
575.1839 	EXP 	Device response: <KeyPress from None: t=575.1113818000013, value=5, duration=0.05662529999972321>
575.6414 	DATA 	Keypress: 9
575.6523 	EXP 	Device response: <KeyPress from None: t=575.639984599984, value=9, duration=None>
575.7177 	EXP 	Device response: <KeyPress from None: t=575.639984599984, value=9, duration=0.06274320001830347>
575.8385 	DATA 	Keypress: 0
575.8508 	EXP 	Device response: <KeyPress from None: t=575.834303599986, value=0, duration=None>
575.9173 	EXP 	Device response: <KeyPress from None: t=575.834303599986, value=0, duration=0.07518770001479425>
576.8252 	DATA 	Mouse: Left button down, pos=(1184,347)
576.8338 	EXP 	New trial (rep=9, index=4): <Trial 112 (4 in rep 9) data={'delay': 0.1, 'freq': 1000, 'condition': 'expected', 'thisN': 112, 'thisTrialN': 4, 'thisRepN': 9}>
576.8495 	EXP 	text: autoDraw = False
576.8495 	EXP 	textbox: autoDraw = False
576.8495 	EXP 	polygon: autoDraw = True
577.0517 	DATA 	Mouse:  Left button up, pos=(1184,347)
577.3353 	DATA 	Keypress: space
577.3514 	EXP 	Device response: <KeyPress from None: t=577.3340777999838, value=space, duration=None>
577.5011 	EXP 	Device response: <KeyPress from None: t=577.3340777999838, value=space, duration=0.1614566000062041>
577.7852 	EXP 	Device response: <KeyPress from None: t=577.7839676000003, value=space, duration=None>
577.7869 	DATA 	Keypress: space
577.8332 	INFO 	Keyboard events cleared
577.8329 	EXP 	polygon_2: autoDraw = True
577.8498 	EXP 	polygon: autoDraw = False
577.9008 	EXP 	Device response: <KeyPress from None: t=577.7839676000003, value=space, duration=0.11573210000642575>
579.0008 	EXP 	Device response: <KeyPress from None: t=578.9987498999981, value=space, duration=None>
579.0033 	DATA 	Keypress: space
579.0169 	EXP 	polygon: autoDraw = False
579.0169 	EXP 	polygon_2: autoDraw = False
579.0845 	EXP 	Sound sound_1 reached end of file
579.1007 	EXP 	Playing sound sound_1 on speaker Speaker (2- Realtek(R) Audio)
579.1176 	EXP 	Device response: <KeyPress from None: t=578.9987498999981, value=space, duration=0.10341710000648163>
579.4017 	EXP 	Sound sound_1 stopped
579.4176 	EXP 	text: autoDraw = True
579.4176 	EXP 	textbox: autoDraw = True
579.7342 	DATA 	Keypress: 6
579.7356 	EXP 	Device response: <KeyPress from None: t=579.7292738999822, value=6, duration=None>
579.8022 	EXP 	Device response: <KeyPress from None: t=579.7292738999822, value=6, duration=0.06823430000804365>
580.5849 	DATA 	Keypress: 0
580.5869 	EXP 	Device response: <KeyPress from None: t=580.5811306999822, value=0, duration=None>
580.6348 	EXP 	Device response: <KeyPress from None: t=580.5811306999822, value=0, duration=0.052045300020836294>
580.7178 	DATA 	Keypress: 0
580.7198 	EXP 	Device response: <KeyPress from None: t=580.7141376000072, value=0, duration=None>
580.7844 	EXP 	Device response: <KeyPress from None: t=580.7141376000072, value=0, duration=0.06458700000075623>
581.6716 	DATA 	Mouse: Left button down, pos=(1162,344)
581.6845 	EXP 	New trial (rep=9, index=5): <Trial 113 (5 in rep 9) data={'delay': 0.1, 'freq': 400, 'condition': 'unexp', 'thisN': 113, 'thisTrialN': 5, 'thisRepN': 9}>
581.7003 	EXP 	text: autoDraw = False
581.7003 	EXP 	textbox: autoDraw = False
581.7003 	EXP 	polygon: autoDraw = True
581.9018 	DATA 	Mouse:  Left button up, pos=(1162,344)
582.2851 	DATA 	Mouse: Left button down, pos=(1162,344)
582.4844 	EXP 	Device response: <KeyPress from None: t=582.4802833999856, value=space, duration=None>
582.4858 	DATA 	Keypress: space
582.5052 	DATA 	Mouse:  Left button up, pos=(1162,344)
582.6013 	EXP 	Device response: <KeyPress from None: t=582.4802833999856, value=space, duration=0.11351360002299771>
582.7007 	INFO 	Keyboard events cleared
582.7005 	EXP 	polygon: autoDraw = False
582.7005 	EXP 	polygon_2: autoDraw = True
582.9008 	EXP 	Device response: <KeyPress from None: t=582.8987874999875, value=space, duration=None>
582.9031 	DATA 	Keypress: space
582.9167 	EXP 	polygon: autoDraw = False
582.9167 	EXP 	polygon_2: autoDraw = False
582.9835 	EXP 	Device response: <KeyPress from None: t=582.8987874999875, value=space, duration=0.08403060000273399>
582.9997 	EXP 	Sound sound_1 reached end of file
583.0158 	EXP 	Playing sound sound_1 on speaker Speaker (2- Realtek(R) Audio)
583.3148 	EXP 	Sound sound_1 stopped
583.3293 	EXP 	text: autoDraw = True
583.3293 	EXP 	textbox: autoDraw = True
583.6172 	DATA 	Keypress: 6
583.6184 	EXP 	Device response: <KeyPress from None: t=583.6100527999806, value=6, duration=None>
583.7022 	EXP 	Device response: <KeyPress from None: t=583.6100527999806, value=6, duration=0.08823490000213496>
584.0507 	DATA 	Keypress: 1
584.0529 	EXP 	Device response: <KeyPress from None: t=584.0432240999944, value=1, duration=None>
584.1336 	EXP 	Device response: <KeyPress from None: t=584.0432240999944, value=1, duration=0.07565750001231208>
584.8256 	DATA 	Keypress: 0
584.8337 	EXP 	Device response: <KeyPress from None: t=584.8225786999974, value=0, duration=None>
584.9011 	EXP 	Device response: <KeyPress from None: t=584.8225786999974, value=0, duration=0.07256850000703707>
586.1859 	DATA 	Keypress: space
586.1885 	EXP 	Device response: <KeyPress from None: t=586.1777134999866, value=space, duration=None>
586.3028 	EXP 	Device response: <KeyPress from None: t=586.1777134999866, value=space, duration=0.12096790000214241>
587.5847 	DATA 	Mouse: Left button down, pos=(1162,344)
587.5858 	EXP 	New trial (rep=9, index=6): <Trial 114 (6 in rep 9) data={'delay': 0.1, 'freq': 1000, 'condition': 'expected', 'thisN': 114, 'thisTrialN': 6, 'thisRepN': 9}>
587.5996 	EXP 	text: autoDraw = False
587.5996 	EXP 	textbox: autoDraw = False
587.5996 	EXP 	polygon: autoDraw = True
587.8193 	DATA 	Mouse:  Left button up, pos=(1162,344)
588.6006 	INFO 	Keyboard events cleared
588.6004 	EXP 	polygon: autoDraw = False
588.6004 	EXP 	polygon_2: autoDraw = True
590.1002 	EXP 	Device response: <KeyPress from None: t=590.0971241999941, value=space, duration=None>
590.1020 	DATA 	Keypress: space
590.1162 	EXP 	polygon: autoDraw = False
590.1162 	EXP 	polygon_2: autoDraw = False
590.2003 	EXP 	Sound sound_1 reached end of file
590.2164 	EXP 	Playing sound sound_1 on speaker Speaker (2- Realtek(R) Audio)
590.2509 	EXP 	Device response: <KeyPress from None: t=590.0971241999941, value=space, duration=0.14036940000369214>
590.5174 	EXP 	Sound sound_1 stopped
590.5312 	EXP 	text: autoDraw = True
590.5312 	EXP 	textbox: autoDraw = True
591.3670 	DATA 	Keypress: 6
591.3684 	EXP 	Device response: <KeyPress from None: t=591.3574566000025, value=6, duration=None>
591.4526 	EXP 	Device response: <KeyPress from None: t=591.3574566000025, value=6, duration=0.08716359999380074>
591.6888 	DATA 	Keypress: 2
591.7010 	EXP 	Device response: <KeyPress from None: t=591.6873712999804, value=2, duration=None>
591.7677 	EXP 	Device response: <KeyPress from None: t=591.6873712999804, value=2, duration=0.06558050002786331>
592.4671 	DATA 	Keypress: 0
592.4684 	EXP 	Device response: <KeyPress from None: t=592.4575339999865, value=0, duration=None>
592.5343 	EXP 	Device response: <KeyPress from None: t=592.4575339999865, value=0, duration=0.06660429999465123>
593.8025 	DATA 	Mouse: Left button down, pos=(1203,309)
593.8040 	EXP 	New trial (rep=9, index=7): <Trial 115 (7 in rep 9) data={'delay': 0.7, 'freq': 1000, 'condition': 'expected', 'thisN': 115, 'thisTrialN': 7, 'thisRepN': 9}>
593.8160 	EXP 	text: autoDraw = False
593.8160 	EXP 	textbox: autoDraw = False
593.8160 	EXP 	polygon: autoDraw = True
594.0204 	DATA 	Mouse:  Left button up, pos=(1203,309)
594.8162 	INFO 	Keyboard events cleared
594.8160 	EXP 	polygon: autoDraw = False
594.8160 	EXP 	polygon_2: autoDraw = True
594.8177 	DATA 	Keypress: space
595.3013 	EXP 	Device response: <KeyPress from None: t=595.2865602999809, value=space, duration=None>
595.3036 	DATA 	Keypress: space
595.3166 	EXP 	polygon: autoDraw = False
595.3166 	EXP 	polygon_2: autoDraw = False
595.4007 	EXP 	Device response: <KeyPress from None: t=595.2865602999809, value=space, duration=0.1098348000086844>
596.0003 	EXP 	Sound sound_1 reached end of file
596.0165 	EXP 	Playing sound sound_1 on speaker Speaker (2- Realtek(R) Audio)
596.3148 	EXP 	Sound sound_1 stopped
596.3286 	EXP 	text: autoDraw = True
596.3286 	EXP 	textbox: autoDraw = True
596.9006 	DATA 	Keypress: 6
596.9019 	EXP 	Device response: <KeyPress from None: t=596.8940050999809, value=6, duration=None>
597.0007 	EXP 	Device response: <KeyPress from None: t=596.8940050999809, value=6, duration=0.09523520001675934>
597.2555 	DATA 	Keypress: 3
597.2671 	EXP 	Device response: <KeyPress from None: t=597.2533778999932, value=3, duration=None>
597.3677 	EXP 	Device response: <KeyPress from None: t=597.2533778999932, value=3, duration=0.09836639999412>
598.3169 	DATA 	Keypress: 0
598.3182 	EXP 	Device response: <KeyPress from None: t=598.3073308999883, value=0, duration=None>
598.4016 	EXP 	Device response: <KeyPress from None: t=598.3073308999883, value=0, duration=0.08513399999355897>
600.0899 	DATA 	Mouse: Left button down, pos=(1238,307)
600.1014 	EXP 	New trial (rep=9, index=8): <Trial 116 (8 in rep 9) data={'delay': 0.4, 'freq': 1000, 'condition': 'expected', 'thisN': 116, 'thisTrialN': 8, 'thisRepN': 9}>
600.1157 	EXP 	text: autoDraw = False
600.1157 	EXP 	textbox: autoDraw = False
600.1157 	EXP 	polygon: autoDraw = True
600.3195 	DATA 	Mouse:  Left button up, pos=(1238,307)
601.1006 	INFO 	Keyboard events cleared
601.1004 	EXP 	polygon_2: autoDraw = True
601.1168 	EXP 	polygon: autoDraw = False
601.6180 	EXP 	Device response: <KeyPress from None: t=601.6052136000071, value=space, duration=None>
601.6202 	DATA 	Keypress: space
601.6331 	EXP 	polygon: autoDraw = False
601.6331 	EXP 	polygon_2: autoDraw = False
601.7173 	EXP 	Device response: <KeyPress from None: t=601.6052136000071, value=space, duration=0.10792319997563027>
602.0172 	EXP 	Sound sound_1 reached end of file
602.0334 	EXP 	Playing sound sound_1 on speaker Speaker (2- Realtek(R) Audio)
602.3329 	EXP 	Sound sound_1 stopped
602.3474 	EXP 	text: autoDraw = True
602.3474 	EXP 	textbox: autoDraw = True
603.4840 	DATA 	Keypress: 6
603.4855 	EXP 	Device response: <KeyPress from None: t=603.483582899993, value=6, duration=None>
603.5849 	EXP 	Device response: <KeyPress from None: t=603.483582899993, value=6, duration=0.0851099000137765>
603.7508 	DATA 	Keypress: 4
603.7522 	EXP 	Device response: <KeyPress from None: t=603.7488742999849, value=4, duration=None>
603.8344 	EXP 	Device response: <KeyPress from None: t=603.7488742999849, value=4, duration=0.06926270000985824>
604.4174 	DATA 	Keypress: 0
604.4191 	EXP 	Device response: <KeyPress from None: t=604.4091742000019, value=0, duration=None>
604.5021 	EXP 	Device response: <KeyPress from None: t=604.4091742000019, value=0, duration=0.0816488999989815>
605.5886 	DATA 	Mouse: Left button down, pos=(1254,321)
605.6012 	EXP 	New trial (rep=9, index=9): <Trial 117 (9 in rep 9) data={'delay': 0.4, 'freq': 1000, 'condition': 'expected', 'thisN': 117, 'thisTrialN': 9, 'thisRepN': 9}>
605.6161 	EXP 	text: autoDraw = False
605.6161 	EXP 	textbox: autoDraw = False
605.6161 	EXP 	polygon: autoDraw = True
605.8208 	DATA 	Mouse:  Left button up, pos=(1254,321)
606.2675 	EXP 	Device response: <KeyPress from None: t=606.2625746999984, value=space, duration=None>
606.2689 	DATA 	Keypress: space
606.3841 	EXP 	Device response: <KeyPress from None: t=606.2625746999984, value=space, duration=0.11666780000086874>
606.6169 	INFO 	Keyboard events cleared
606.6167 	EXP 	polygon: autoDraw = False
606.6167 	EXP 	polygon_2: autoDraw = True
606.8331 	EXP 	Device response: <KeyPress from None: t=606.8240597999829, value=space, duration=None>
606.8352 	DATA 	Keypress: space
606.8502 	EXP 	polygon: autoDraw = False
606.8502 	EXP 	polygon_2: autoDraw = False
606.9840 	EXP 	Device response: <KeyPress from None: t=606.8240597999829, value=space, duration=0.15042230000835843>
607.2173 	EXP 	Sound sound_1 reached end of file
607.2335 	EXP 	Playing sound sound_1 on speaker Speaker (2- Realtek(R) Audio)
607.5334 	EXP 	Sound sound_1 stopped
607.5467 	EXP 	text: autoDraw = True
607.5467 	EXP 	textbox: autoDraw = True
608.5399 	DATA 	Keypress: 6
608.5499 	EXP 	Device response: <KeyPress from None: t=608.5393043000076, value=6, duration=None>
608.6178 	EXP 	Device response: <KeyPress from None: t=608.5393043000076, value=6, duration=0.07540919998427853>
608.8213 	DATA 	Keypress: 5
608.8334 	EXP 	Device response: <KeyPress from None: t=608.8197729999956, value=5, duration=None>
608.9011 	EXP 	Device response: <KeyPress from None: t=608.8197729999956, value=5, duration=0.07162569998763502>
609.3709 	DATA 	Keypress: 9
609.3837 	DATA 	Keypress: 0
609.3861 	EXP 	Device response: <KeyPress from None: t=609.3679735999904, value=9, duration=None>
609.3862 	EXP 	Device response: <KeyPress from None: t=609.3773440000077, value=0, duration=None>
609.4342 	EXP 	Device response: <KeyPress from None: t=609.3679735999904, value=9, duration=0.05535969999618828>
609.4342 	EXP 	Device response: <KeyPress from None: t=609.3773440000077, value=0, duration=0.05476889997953549>
610.4579 	DATA 	Keypress: backspace
610.4675 	EXP 	Device response: <KeyPress from None: t=610.4571365999873, value=backspace, duration=None>
610.5689 	EXP 	Device response: <KeyPress from None: t=610.4571365999873, value=backspace, duration=0.10589639999670908>
610.9682 	DATA 	Keypress: backspace
610.9706 	EXP 	Device response: <KeyPress from None: t=610.9638277000049, value=backspace, duration=None>
611.0676 	EXP 	Device response: <KeyPress from None: t=610.9638277000049, value=backspace, duration=0.10107579999021254>
611.4350 	DATA 	Keypress: 0
611.4372 	EXP 	Device response: <KeyPress from None: t=611.4287213000061, value=0, duration=None>
611.5187 	EXP 	Device response: <KeyPress from None: t=611.4287213000061, value=0, duration=0.08167029998730868>
612.6866 	DATA 	Mouse: Left button down, pos=(1245,299)
612.6882 	EXP 	New trial (rep=9, index=10): <Trial 118 (10 in rep 9) data={'delay': 0.1, 'freq': 1000, 'condition': 'expected', 'thisN': 118, 'thisTrialN': 10, 'thisRepN': 9}>
612.6999 	EXP 	text: autoDraw = False
612.6999 	EXP 	textbox: autoDraw = False
612.6999 	EXP 	polygon: autoDraw = True
612.9194 	DATA 	Mouse:  Left button up, pos=(1245,299)
613.2499 	EXP 	Device response: <KeyPress from None: t=613.2350081999903, value=space, duration=None>
613.2510 	DATA 	Keypress: space
613.3495 	EXP 	Device response: <KeyPress from None: t=613.2350081999903, value=space, duration=0.10297440001158975>
613.6182 	DATA 	Keypress: space
613.6342 	EXP 	Device response: <KeyPress from None: t=613.617573399999, value=space, duration=None>
613.7002 	INFO 	Keyboard events cleared
613.7000 	EXP 	polygon: autoDraw = False
613.7000 	EXP 	polygon_2: autoDraw = True
613.7668 	EXP 	Device response: <KeyPress from None: t=613.617573399999, value=space, duration=0.1355967999843415>
614.0510 	EXP 	Device response: <KeyPress from None: t=614.0388824999973, value=space, duration=None>
614.0532 	DATA 	Keypress: space
614.0669 	EXP 	polygon: autoDraw = False
614.0669 	EXP 	polygon_2: autoDraw = False
614.1501 	EXP 	Sound sound_1 reached end of file
614.1663 	EXP 	Playing sound sound_1 on speaker Speaker (2- Realtek(R) Audio)
614.1505 	EXP 	Device response: <KeyPress from None: t=614.0388824999973, value=space, duration=0.11071449998416938>
614.4640 	EXP 	Sound sound_1 stopped
614.4781 	EXP 	text: autoDraw = True
614.4781 	EXP 	textbox: autoDraw = True
614.9673 	DATA 	Keypress: 6
614.9686 	EXP 	Device response: <KeyPress from None: t=614.9608611000003, value=6, duration=None>
615.0180 	EXP 	Device response: <KeyPress from None: t=614.9608611000003, value=6, duration=0.05536169998231344>
615.1081 	DATA 	Keypress: 6
615.1166 	EXP 	Device response: <KeyPress from None: t=615.1041639999894, value=6, duration=None>
615.1846 	EXP 	Device response: <KeyPress from None: t=615.1041639999894, value=6, duration=0.06308049999643117>
615.9512 	DATA 	Keypress: 0
615.9533 	EXP 	Device response: <KeyPress from None: t=615.9420228999807, value=0, duration=None>
616.0168 	EXP 	Device response: <KeyPress from None: t=615.9420228999807, value=0, duration=0.06260360000305809>
617.0011 	DATA 	Mouse: Left button down, pos=(1241,303)
617.0021 	EXP 	New trial (rep=9, index=11): <Trial 119 (11 in rep 9) data={'delay': 0.7, 'freq': 1000, 'condition': 'expected', 'thisN': 119, 'thisTrialN': 11, 'thisRepN': 9}>
617.0158 	EXP 	text: autoDraw = False
617.0158 	EXP 	textbox: autoDraw = False
617.0158 	EXP 	polygon: autoDraw = True
617.2364 	DATA 	Mouse:  Left button up, pos=(1241,303)
618.0170 	INFO 	Keyboard events cleared
618.0168 	EXP 	polygon: autoDraw = False
618.0168 	EXP 	polygon_2: autoDraw = True
618.3008 	EXP 	Device response: <KeyPress from None: t=618.2881644000008, value=space, duration=None>
618.3030 	DATA 	Keypress: space
618.3174 	EXP 	polygon: autoDraw = False
618.3174 	EXP 	polygon_2: autoDraw = False
618.3668 	EXP 	Device response: <KeyPress from None: t=618.2881644000008, value=space, duration=0.07694919998175465>
619.0002 	EXP 	Sound sound_1 reached end of file
619.0164 	EXP 	Playing sound sound_1 on speaker Speaker (2- Realtek(R) Audio)
619.3139 	EXP 	Sound sound_1 stopped
619.3284 	EXP 	text: autoDraw = True
619.3284 	EXP 	textbox: autoDraw = True
620.3517 	DATA 	Keypress: 6
620.3544 	EXP 	Device response: <KeyPress from None: t=620.350986400008, value=6, duration=None>
620.4188 	EXP 	Device response: <KeyPress from None: t=620.350986400008, value=6, duration=0.0633032999758143>
620.5367 	DATA 	Keypress: 7
620.5498 	EXP 	Device response: <KeyPress from None: t=620.5341581999965, value=7, duration=None>
620.6342 	EXP 	Device response: <KeyPress from None: t=620.5341581999965, value=7, duration=0.08418299999902956>
621.0848 	DATA 	Keypress: 0
621.0869 	EXP 	Device response: <KeyPress from None: t=621.0825796999852, value=0, duration=None>
621.1684 	EXP 	Device response: <KeyPress from None: t=621.0825796999852, value=0, duration=0.08403720002388582>
622.1519 	DATA 	Mouse: Left button down, pos=(1224,363)
622.1533 	EXP 	New trial (rep=10, index=0): <Trial 120 (0 in rep 10) data={'delay': 0.1, 'freq': 1000, 'condition': 'expected', 'thisN': 120, 'thisTrialN': 0, 'thisRepN': 10}>
622.1657 	EXP 	text: autoDraw = False
622.1657 	EXP 	textbox: autoDraw = False
622.1657 	EXP 	polygon: autoDraw = True
622.3693 	DATA 	Mouse:  Left button up, pos=(1224,363)
622.7696 	DATA 	Keypress: space
622.7839 	EXP 	Device response: <KeyPress from None: t=622.7688767999934, value=space, duration=None>
622.8838 	EXP 	Device response: <KeyPress from None: t=622.7688767999934, value=space, duration=0.10924580000573769>
623.1509 	EXP 	Device response: <KeyPress from None: t=623.1449185999809, value=space, duration=None>
623.1523 	DATA 	Keypress: space
623.1670 	INFO 	Keyboard events cleared
623.1668 	EXP 	polygon: autoDraw = False
623.1668 	EXP 	polygon_2: autoDraw = True
623.2672 	EXP 	Device response: <KeyPress from None: t=623.1449185999809, value=space, duration=0.1115099000162445>
624.1510 	EXP 	Device response: <KeyPress from None: t=624.1503242999897, value=space, duration=None>
624.1531 	DATA 	Keypress: space
624.1668 	EXP 	polygon: autoDraw = False
624.1668 	EXP 	polygon_2: autoDraw = False
624.2503 	EXP 	Sound sound_1 reached end of file
624.2663 	EXP 	Playing sound sound_1 on speaker Speaker (2- Realtek(R) Audio)
624.2847 	EXP 	Device response: <KeyPress from None: t=624.1503242999897, value=space, duration=0.12252150001586415>
624.5659 	EXP 	Sound sound_1 stopped
624.5793 	EXP 	text: autoDraw = True
624.5793 	EXP 	textbox: autoDraw = True
626.0732 	DATA 	Keypress: 6
626.0839 	EXP 	Device response: <KeyPress from None: t=626.0707785999984, value=6, duration=None>
626.1352 	EXP 	Device response: <KeyPress from None: t=626.0707785999984, value=6, duration=0.05874879998737015>
626.4905 	DATA 	Keypress: 8
626.5021 	EXP 	Device response: <KeyPress from None: t=626.4896670999879, value=8, duration=None>
626.5524 	EXP 	Device response: <KeyPress from None: t=626.4896670999879, value=8, duration=0.060672599996905774>
626.8502 	DATA 	Keypress: 0
626.8521 	EXP 	Device response: <KeyPress from None: t=626.8482859999931, value=0, duration=None>
626.9179 	EXP 	Device response: <KeyPress from None: t=626.8482859999931, value=0, duration=0.06396940001286566>
627.8182 	DATA 	Mouse: Left button down, pos=(1281,353)
627.8194 	EXP 	New trial (rep=10, index=1): <Trial 121 (1 in rep 10) data={'delay': 0.4, 'freq': 400, 'condition': 'unexp', 'thisN': 121, 'thisTrialN': 1, 'thisRepN': 10}>
627.8324 	EXP 	text: autoDraw = False
627.8324 	EXP 	textbox: autoDraw = False
627.8324 	EXP 	polygon: autoDraw = True
628.0541 	DATA 	Mouse:  Left button up, pos=(1281,353)
628.8332 	INFO 	Keyboard events cleared
628.8330 	EXP 	polygon: autoDraw = False
628.8330 	EXP 	polygon_2: autoDraw = True
628.9340 	EXP 	Device response: <KeyPress from None: t=628.921820699994, value=space, duration=None>
628.9363 	DATA 	Keypress: space
628.9498 	EXP 	polygon: autoDraw = False
628.9498 	EXP 	polygon_2: autoDraw = False
629.0674 	EXP 	Device response: <KeyPress from None: t=628.921820699994, value=space, duration=0.1308022000011988>
629.3173 	EXP 	Sound sound_1 reached end of file
629.3334 	EXP 	Playing sound sound_1 on speaker Speaker (2- Realtek(R) Audio)
629.6364 	EXP 	Sound sound_1 stopped
629.6503 	EXP 	text: autoDraw = True
629.6503 	EXP 	textbox: autoDraw = True
631.6762 	DATA 	Keypress: 6
631.6842 	EXP 	Device response: <KeyPress from None: t=631.6748283999914, value=6, duration=None>
631.7512 	EXP 	Device response: <KeyPress from None: t=631.6748283999914, value=6, duration=0.06972970001515932>
632.1340 	DATA 	Keypress: 9
632.1366 	EXP 	Device response: <KeyPress from None: t=632.1328146999876, value=9, duration=None>
632.2169 	EXP 	Device response: <KeyPress from None: t=632.1328146999876, value=9, duration=0.07865900002070703>
632.3503 	DATA 	Keypress: 0
632.3524 	EXP 	Device response: <KeyPress from None: t=632.3436488999869, value=0, duration=None>
632.4353 	EXP 	Device response: <KeyPress from None: t=632.3436488999869, value=0, duration=0.08334240000112914>
633.3344 	DATA 	Mouse: Left button down, pos=(1259,316)
633.3359 	EXP 	New trial (rep=10, index=2): <Trial 122 (2 in rep 10) data={'delay': 0.4, 'freq': 1000, 'condition': 'expected', 'thisN': 122, 'thisTrialN': 2, 'thisRepN': 10}>
633.3491 	EXP 	text: autoDraw = False
633.3491 	EXP 	textbox: autoDraw = False
633.3491 	EXP 	polygon: autoDraw = True
633.5529 	DATA 	Mouse:  Left button up, pos=(1259,316)
634.3510 	INFO 	Keyboard events cleared
634.3507 	EXP 	polygon: autoDraw = False
634.3507 	EXP 	polygon_2: autoDraw = True
634.7174 	EXP 	Device response: <KeyPress from None: t=634.7134876000055, value=space, duration=None>
634.7216 	DATA 	Keypress: space
634.7331 	EXP 	polygon: autoDraw = False
634.7331 	EXP 	polygon_2: autoDraw = False
634.8541 	EXP 	Device response: <KeyPress from None: t=634.7134876000055, value=space, duration=0.13907859998289496>
635.1176 	EXP 	Sound sound_1 reached end of file
635.1336 	EXP 	Playing sound sound_1 on speaker Speaker (2- Realtek(R) Audio)
635.4286 	EXP 	Sound sound_1 stopped
635.4575 	EXP 	text: autoDraw = True
635.4575 	EXP 	textbox: autoDraw = True
636.0167 	DATA 	Keypress: 7
636.0181 	EXP 	Device response: <KeyPress from None: t=636.0134536999976, value=7, duration=None>
636.0837 	EXP 	Device response: <KeyPress from None: t=636.0134536999976, value=7, duration=0.05814390000887215>
636.5012 	DATA 	Keypress: 0
636.5029 	EXP 	Device response: <KeyPress from None: t=636.5004830999824, value=0, duration=None>
636.5667 	EXP 	Device response: <KeyPress from None: t=636.5004830999824, value=0, duration=0.05351399999926798>
636.6495 	DATA 	Keypress: 0
636.6509 	EXP 	Device response: <KeyPress from None: t=636.63922859999, value=0, duration=None>
636.7017 	EXP 	Device response: <KeyPress from None: t=636.63922859999, value=0, duration=0.058418800006620586>
637.5533 	DATA 	Mouse: Left button down, pos=(1252,336)
637.5548 	EXP 	New trial (rep=10, index=3): <Trial 123 (3 in rep 10) data={'delay': 0.4, 'freq': 1000, 'condition': 'expected', 'thisN': 123, 'thisTrialN': 3, 'thisRepN': 10}>
637.5655 	EXP 	text: autoDraw = False
637.5655 	EXP 	textbox: autoDraw = False
637.5655 	EXP 	polygon: autoDraw = True
637.7695 	DATA 	Mouse:  Left button up, pos=(1252,336)
637.9165 	EXP 	Device response: <KeyPress from None: t=637.9133854999964, value=space, duration=None>
637.9178 	DATA 	Keypress: space
638.0331 	EXP 	Device response: <KeyPress from None: t=637.9133854999964, value=space, duration=0.1081209999974817>
638.3831 	EXP 	Device response: <KeyPress from None: t=638.376775199984, value=space, duration=None>
638.3846 	DATA 	Keypress: space
638.5005 	EXP 	Device response: <KeyPress from None: t=638.376775199984, value=space, duration=0.1076558000058867>
638.5669 	INFO 	Keyboard events cleared
638.5666 	EXP 	polygon: autoDraw = False
638.5666 	EXP 	polygon_2: autoDraw = True
638.8001 	EXP 	Device response: <KeyPress from None: t=638.7938360999979, value=space, duration=None>
638.8028 	DATA 	Keypress: space
638.8167 	EXP 	polygon: autoDraw = False
638.8167 	EXP 	polygon_2: autoDraw = False
638.9343 	EXP 	Device response: <KeyPress from None: t=638.7938360999979, value=space, duration=0.1316506000002846>
639.1834 	EXP 	Sound sound_1 reached end of file
639.1996 	EXP 	Playing sound sound_1 on speaker Speaker (2- Realtek(R) Audio)
639.4941 	EXP 	Sound sound_1 stopped
639.5086 	EXP 	text: autoDraw = True
639.5086 	EXP 	textbox: autoDraw = True
640.3998 	DATA 	Keypress: 7
640.4013 	EXP 	Device response: <KeyPress from None: t=640.3927033999935, value=7, duration=None>
640.4829 	EXP 	Device response: <KeyPress from None: t=640.3927033999935, value=7, duration=0.07717820000834763>
640.7345 	DATA 	Keypress: 5
640.7363 	EXP 	Device response: <KeyPress from None: t=640.7290426999971, value=5, duration=None>
640.8164 	EXP 	Device response: <KeyPress from None: t=640.7290426999971, value=5, duration=0.07085729998652823>
641.0546 	DATA 	Keypress: 6
641.0662 	EXP 	Device response: <KeyPress from None: t=641.0540934999881, value=6, duration=None>
641.1174 	EXP 	Device response: <KeyPress from None: t=641.0540934999881, value=6, duration=0.06160220000310801>
642.5013 	DATA 	Mouse: Left button down, pos=(1289,390)
642.5026 	EXP 	New trial (rep=10, index=4): <Trial 124 (4 in rep 10) data={'delay': 0.4, 'freq': 1000, 'condition': 'expected', 'thisN': 124, 'thisTrialN': 4, 'thisRepN': 10}>
642.5160 	EXP 	text: autoDraw = False
642.5160 	EXP 	textbox: autoDraw = False
642.5160 	EXP 	polygon: autoDraw = True
642.7197 	DATA 	Mouse:  Left button up, pos=(1289,390)
642.9661 	EXP 	Device response: <KeyPress from None: t=642.9647251999995, value=space, duration=None>
642.9671 	DATA 	Keypress: space
643.0327 	EXP 	Device response: <KeyPress from None: t=642.9647251999995, value=space, duration=0.05472349998308346>
643.3492 	EXP 	Device response: <KeyPress from None: t=643.3472306999902, value=space, duration=None>
643.3502 	DATA 	Keypress: space
643.4489 	EXP 	Device response: <KeyPress from None: t=643.3472306999902, value=space, duration=0.09552920001442544>
643.5164 	INFO 	Keyboard events cleared
643.5163 	EXP 	polygon: autoDraw = False
643.5163 	EXP 	polygon_2: autoDraw = True
643.6676 	EXP 	Device response: <KeyPress from None: t=643.664311600005, value=space, duration=None>
643.6698 	DATA 	Keypress: space
643.6833 	EXP 	polygon: autoDraw = False
643.6833 	EXP 	polygon_2: autoDraw = False
643.8021 	EXP 	Device response: <KeyPress from None: t=643.664311600005, value=space, duration=0.12239519998547621>
644.0672 	EXP 	Sound sound_1 reached end of file
644.0830 	EXP 	Playing sound sound_1 on speaker Speaker (2- Realtek(R) Audio)
644.3838 	EXP 	Sound sound_1 stopped
644.3993 	EXP 	text: autoDraw = True
644.3993 	EXP 	textbox: autoDraw = True
645.4335 	DATA 	Keypress: 7
645.4347 	EXP 	Device response: <KeyPress from None: t=645.4277583000076, value=7, duration=None>
645.5184 	EXP 	Device response: <KeyPress from None: t=645.4277583000076, value=7, duration=0.08267659999546595>
645.8049 	DATA 	Keypress: 5
645.8185 	EXP 	Device response: <KeyPress from None: t=645.8015101999918, value=5, duration=None>
645.8506 	EXP 	Device response: <KeyPress from None: t=645.8015101999918, value=5, duration=0.03942869999445975>
646.8838 	DATA 	Keypress: 4
646.8861 	EXP 	Device response: <KeyPress from None: t=646.8742858000041, value=4, duration=None>
646.9516 	EXP 	Device response: <KeyPress from None: t=646.8742858000041, value=4, duration=0.06903309997869655>
647.1513 	DATA 	Keypress: 7
647.1536 	EXP 	Device response: <KeyPress from None: t=647.1407316999976, value=7, duration=None>
647.2180 	EXP 	Device response: <KeyPress from None: t=647.1407316999976, value=7, duration=0.07534179999493062>
648.4175 	DATA 	Keypress: backspace
648.4195 	EXP 	Device response: <KeyPress from None: t=648.4128411999845, value=backspace, duration=None>
648.5165 	EXP 	Device response: <KeyPress from None: t=648.4128411999845, value=backspace, duration=0.08779900000081398>
649.3258 	DATA 	Mouse: Left button down, pos=(1386,343)
649.3352 	EXP 	New trial (rep=10, index=5): <Trial 125 (5 in rep 10) data={'delay': 0.7, 'freq': 400, 'condition': 'unexp', 'thisN': 125, 'thisTrialN': 5, 'thisRepN': 10}>
649.3489 	EXP 	text: autoDraw = False
649.3489 	EXP 	textbox: autoDraw = False
649.3489 	EXP 	polygon: autoDraw = True
649.5529 	DATA 	Mouse:  Left button up, pos=(1386,343)
650.3501 	INFO 	Keyboard events cleared
650.3499 	EXP 	polygon: autoDraw = False
650.3499 	EXP 	polygon_2: autoDraw = True
652.7996 	EXP 	Device response: <KeyPress from None: t=652.7988206000009, value=space, duration=None>
652.8021 	DATA 	Keypress: space
652.8163 	EXP 	polygon: autoDraw = False
652.8163 	EXP 	polygon_2: autoDraw = False
652.9004 	EXP 	Device response: <KeyPress from None: t=652.7988206000009, value=space, duration=0.08599110000068322>
653.4832 	EXP 	Sound sound_1 reached end of file
653.4996 	EXP 	Playing sound sound_1 on speaker Speaker (2- Realtek(R) Audio)
653.7985 	EXP 	Sound sound_1 stopped
653.8267 	EXP 	text: autoDraw = True
653.8267 	EXP 	textbox: autoDraw = True
654.5996 	DATA 	Keypress: 7
654.6011 	EXP 	Device response: <KeyPress from None: t=654.5924297999882, value=7, duration=None>
654.6831 	EXP 	Device response: <KeyPress from None: t=654.5924297999882, value=7, duration=0.07488390000071377>
654.7840 	DATA 	Keypress: 8
654.7854 	EXP 	Device response: <KeyPress from None: t=654.7789132999897, value=8, duration=None>
654.8694 	EXP 	Device response: <KeyPress from None: t=654.7789132999897, value=8, duration=0.08404099999461323>
655.0210 	DATA 	Keypress: 6
655.0326 	EXP 	Device response: <KeyPress from None: t=655.0193762999843, value=6, duration=None>
655.1015 	EXP 	Device response: <KeyPress from None: t=655.0193762999843, value=6, duration=0.07249990000855178>
656.1738 	DATA 	Mouse: Left button down, pos=(1397,277)
656.1837 	EXP 	New trial (rep=10, index=6): <Trial 126 (6 in rep 10) data={'delay': 0.1, 'freq': 1000, 'condition': 'expected', 'thisN': 126, 'thisTrialN': 6, 'thisRepN': 10}>
656.1988 	EXP 	text: autoDraw = False
656.1988 	EXP 	textbox: autoDraw = False
656.1988 	EXP 	polygon: autoDraw = True
656.4036 	DATA 	Mouse:  Left button up, pos=(1397,277)
657.1829 	INFO 	Keyboard events cleared
657.1827 	EXP 	polygon_2: autoDraw = True
657.1998 	EXP 	polygon: autoDraw = False
657.5006 	EXP 	Device response: <KeyPress from None: t=657.4863097000052, value=space, duration=None>
657.5028 	DATA 	Keypress: space
657.5160 	EXP 	polygon: autoDraw = False
657.5160 	EXP 	polygon_2: autoDraw = False
657.5670 	EXP 	Device response: <KeyPress from None: t=657.4863097000052, value=space, duration=0.0779913000005763>
657.6007 	EXP 	Sound sound_1 reached end of file
657.6166 	EXP 	Playing sound sound_1 on speaker Speaker (2- Realtek(R) Audio)
657.9165 	EXP 	Sound sound_1 stopped
657.9281 	EXP 	text: autoDraw = True
657.9281 	EXP 	textbox: autoDraw = True
658.7207 	DATA 	Keypress: 7
658.7325 	EXP 	Device response: <KeyPress from None: t=658.7170629999891, value=7, duration=None>
658.7834 	EXP 	Device response: <KeyPress from None: t=658.7170629999891, value=7, duration=0.06251889999839477>
658.8999 	DATA 	Keypress: 6
658.9015 	EXP 	Device response: <KeyPress from None: t=658.8902646999923, value=6, duration=None>
658.9666 	EXP 	Device response: <KeyPress from None: t=658.8902646999923, value=6, duration=0.06079660000978038>
659.0829 	DATA 	Keypress: 8
659.0845 	EXP 	Device response: <KeyPress from None: t=659.0794754999806, value=8, duration=None>
659.1662 	EXP 	Device response: <KeyPress from None: t=659.0794754999806, value=8, duration=0.07431310001993552>
660.0549 	DATA 	Mouse: Left button down, pos=(1397,277)
660.0671 	EXP 	New trial (rep=10, index=7): <Trial 127 (7 in rep 10) data={'delay': 0.7, 'freq': 1000, 'condition': 'expected', 'thisN': 127, 'thisTrialN': 7, 'thisRepN': 10}>
660.0826 	EXP 	text: autoDraw = False
660.0826 	EXP 	textbox: autoDraw = False
660.0826 	EXP 	polygon: autoDraw = True
660.2862 	DATA 	Mouse:  Left button up, pos=(1397,277)
661.0668 	INFO 	Keyboard events cleared
661.0666 	EXP 	polygon_2: autoDraw = True
661.0831 	EXP 	polygon: autoDraw = False
661.0838 	EXP 	Device response: <KeyPress from None: t=661.0780358999909, value=space, duration=None>
661.0863 	DATA 	Keypress: space
661.0997 	EXP 	polygon: autoDraw = False
661.0997 	EXP 	polygon_2: autoDraw = False
661.2006 	EXP 	Device response: <KeyPress from None: t=661.0780358999909, value=space, duration=0.10969810001552105>
661.7670 	EXP 	Sound sound_1 reached end of file
661.7831 	EXP 	Playing sound sound_1 on speaker Speaker (2- Realtek(R) Audio)
662.0763 	EXP 	Sound sound_1 stopped
662.0908 	EXP 	text: autoDraw = True
662.0908 	EXP 	textbox: autoDraw = True
662.7166 	DATA 	Keypress: 7
662.7182 	EXP 	Device response: <KeyPress from None: t=662.7131441999809, value=7, duration=None>
662.7993 	EXP 	Device response: <KeyPress from None: t=662.7131441999809, value=7, duration=0.07259860000340268>
662.9050 	DATA 	Keypress: 6
662.9161 	EXP 	Device response: <KeyPress from None: t=662.9041112999839, value=6, duration=None>
662.9832 	EXP 	Device response: <KeyPress from None: t=662.9041112999839, value=6, duration=0.06865520001156256>
663.1364 	DATA 	Keypress: 8
663.1497 	EXP 	Device response: <KeyPress from None: t=663.1348664999823, value=8, duration=None>
663.2186 	EXP 	Device response: <KeyPress from None: t=663.1348664999823, value=8, duration=0.07618460000958294>
664.0844 	DATA 	Mouse: Left button down, pos=(1323,351)
664.0856 	EXP 	New trial (rep=10, index=8): <Trial 128 (8 in rep 10) data={'delay': 0.7, 'freq': 1000, 'condition': 'expected', 'thisN': 128, 'thisTrialN': 8, 'thisRepN': 10}>
664.0987 	EXP 	text: autoDraw = False
664.0987 	EXP 	textbox: autoDraw = False
664.0987 	EXP 	polygon: autoDraw = True
664.3030 	DATA 	Mouse:  Left button up, pos=(1323,351)
665.1000 	INFO 	Keyboard events cleared
665.0996 	EXP 	polygon: autoDraw = False
665.0996 	EXP 	polygon_2: autoDraw = True
665.5562 	DATA 	Keypress: space
665.5679 	EXP 	Device response: <KeyPress from None: t=665.555460500007, value=space, duration=None>
665.5824 	EXP 	polygon: autoDraw = False
665.5824 	EXP 	polygon_2: autoDraw = False
665.6503 	EXP 	Device response: <KeyPress from None: t=665.555460500007, value=space, duration=0.08751569999731146>
666.2670 	EXP 	Sound sound_1 reached end of file
666.2831 	EXP 	Playing sound sound_1 on speaker Speaker (2- Realtek(R) Audio)
666.5858 	EXP 	Sound sound_1 stopped
666.5990 	EXP 	text: autoDraw = True
666.5990 	EXP 	textbox: autoDraw = True
667.1686 	DATA 	Keypress: 4
667.1704 	EXP 	Device response: <KeyPress from None: t=667.1679988999967, value=4, duration=None>
667.2502 	EXP 	Device response: <KeyPress from None: t=667.1679988999967, value=4, duration=0.0784265999973286>
667.3672 	DATA 	Keypress: 3
667.3686 	EXP 	Device response: <KeyPress from None: t=667.3629280999885, value=3, duration=None>
667.4491 	EXP 	Device response: <KeyPress from None: t=667.3629280999885, value=3, duration=0.07462719999602996>
667.5498 	DATA 	Keypress: 2
667.5512 	EXP 	Device response: <KeyPress from None: t=667.5413833000057, value=2, duration=None>
667.6177 	EXP 	Device response: <KeyPress from None: t=667.5413833000057, value=2, duration=0.07385179999982938>
667.7504 	DATA 	Keypress: 5
667.7526 	EXP 	Device response: <KeyPress from None: t=667.7474627000047, value=5, duration=None>
667.8339 	EXP 	Device response: <KeyPress from None: t=667.7474627000047, value=5, duration=0.0763747000019066>
668.7006 	DATA 	Keypress: backspace
668.7025 	EXP 	Device response: <KeyPress from None: t=668.697044200002, value=backspace, duration=None>
668.7841 	EXP 	Device response: <KeyPress from None: t=668.697044200002, value=backspace, duration=0.07444890000624582>
669.3037 	DATA 	Mouse: Left button down, pos=(1323,351)
669.3169 	EXP 	New trial (rep=10, index=9): <Trial 129 (9 in rep 10) data={'delay': 0.1, 'freq': 1000, 'condition': 'expected', 'thisN': 129, 'thisTrialN': 9, 'thisRepN': 10}>
669.3321 	EXP 	text: autoDraw = False
669.3321 	EXP 	textbox: autoDraw = False
669.3321 	EXP 	polygon: autoDraw = True
669.5360 	DATA 	Mouse:  Left button up, pos=(1323,351)
670.0165 	EXP 	Device response: <KeyPress from None: t=670.0026728000084, value=space, duration=None>
670.0179 	DATA 	Keypress: space
670.0828 	EXP 	Device response: <KeyPress from None: t=670.0026728000084, value=space, duration=0.07773489999817684>
670.3163 	INFO 	Keyboard events cleared
670.3161 	EXP 	polygon_2: autoDraw = True
670.3326 	EXP 	polygon: autoDraw = False
670.3829 	EXP 	Device response: <KeyPress from None: t=670.3746444999997, value=space, duration=None>
670.3851 	DATA 	Keypress: space
670.4000 	EXP 	polygon: autoDraw = False
670.4000 	EXP 	polygon_2: autoDraw = False
670.4330 	EXP 	Device response: <KeyPress from None: t=670.3746444999997, value=space, duration=0.050583999982336536>
670.4668 	EXP 	Sound sound_1 reached end of file
670.4827 	EXP 	Playing sound sound_1 on speaker Speaker (2- Realtek(R) Audio)
670.7854 	EXP 	Sound sound_1 stopped
670.7991 	EXP 	text: autoDraw = True
670.7991 	EXP 	textbox: autoDraw = True
671.4067 	DATA 	Keypress: 5
671.4161 	EXP 	Device response: <KeyPress from None: t=671.402631200006, value=5, duration=None>
671.4666 	EXP 	Device response: <KeyPress from None: t=671.402631200006, value=5, duration=0.06258309999248013>
671.5885 	DATA 	Keypress: 4
671.6003 	EXP 	Device response: <KeyPress from None: t=671.5857321000076, value=4, duration=None>
671.6513 	EXP 	Device response: <KeyPress from None: t=671.5857321000076, value=4, duration=0.05674259999068454>
671.7752 	DATA 	Keypress: 6
671.7837 	EXP 	Device response: <KeyPress from None: t=671.7739499000018, value=6, duration=None>
671.8666 	EXP 	Device response: <KeyPress from None: t=671.7739499000018, value=6, duration=0.07696919998852536>
672.7735 	DATA 	Mouse: Left button down, pos=(1294,351)
672.7837 	EXP 	New trial (rep=10, index=10): <Trial 130 (10 in rep 10) data={'delay': 0.7, 'freq': 1000, 'condition': 'expected', 'thisN': 130, 'thisTrialN': 10, 'thisRepN': 10}>
672.7987 	EXP 	text: autoDraw = False
672.7987 	EXP 	textbox: autoDraw = False
672.7987 	EXP 	polygon: autoDraw = True
673.0024 	DATA 	Mouse:  Left button up, pos=(1294,351)
673.5822 	EXP 	Device response: <KeyPress from None: t=673.57276119999, value=space, duration=None>
673.5831 	DATA 	Keypress: space
673.6667 	EXP 	Device response: <KeyPress from None: t=673.57276119999, value=space, duration=0.0802634000137914>
673.7829 	INFO 	Keyboard events cleared
673.7827 	EXP 	polygon_2: autoDraw = True
673.7993 	EXP 	polygon: autoDraw = False
674.0006 	EXP 	Device response: <KeyPress from None: t=673.985263199982, value=space, duration=None>
674.0029 	DATA 	Keypress: space
674.0160 	EXP 	polygon: autoDraw = False
674.0160 	EXP 	polygon_2: autoDraw = False
674.0676 	EXP 	Device response: <KeyPress from None: t=673.985263199982, value=space, duration=0.0745980000065174>
674.7004 	EXP 	Sound sound_1 reached end of file
674.7161 	EXP 	Playing sound sound_1 on speaker Speaker (2- Realtek(R) Audio)
675.0158 	EXP 	Sound sound_1 stopped
675.0305 	EXP 	text: autoDraw = True
675.0305 	EXP 	textbox: autoDraw = True
675.2666 	DATA 	Keypress: 5
675.2679 	EXP 	Device response: <KeyPress from None: t=675.259838900005, value=5, duration=None>
675.3329 	EXP 	Device response: <KeyPress from None: t=675.259838900005, value=5, duration=0.05948969998280518>
675.4538 	DATA 	Keypress: 6
675.4661 	EXP 	Device response: <KeyPress from None: t=675.451023200003, value=6, duration=None>
675.5169 	EXP 	Device response: <KeyPress from None: t=675.451023200003, value=6, duration=0.061201399978017434>
675.6494 	DATA 	Keypress: 7
675.6516 	EXP 	Device response: <KeyPress from None: t=675.6390433000051, value=7, duration=None>
675.7170 	EXP 	Device response: <KeyPress from None: t=675.6390433000051, value=7, duration=0.06925569998566061>
676.9072 	DATA 	Mouse: Left button down, pos=(1294,351)
676.9172 	EXP 	New trial (rep=10, index=11): <Trial 131 (11 in rep 10) data={'delay': 0.1, 'freq': 400, 'condition': 'unexp', 'thisN': 131, 'thisTrialN': 11, 'thisRepN': 10}>
676.9320 	EXP 	text: autoDraw = False
676.9320 	EXP 	textbox: autoDraw = False
676.9320 	EXP 	polygon: autoDraw = True
677.1359 	DATA 	Mouse:  Left button up, pos=(1294,351)
677.9325 	INFO 	Keyboard events cleared
677.9324 	EXP 	polygon: autoDraw = False
677.9324 	EXP 	polygon_2: autoDraw = True
678.0005 	DATA 	Mouse: Left button down, pos=(1294,351)
678.2343 	DATA 	Mouse:  Left button up, pos=(1294,351)
678.5173 	DATA 	Mouse: Left button down, pos=(1294,351)
678.7535 	DATA 	Mouse:  Left button up, pos=(1294,351)
678.7829 	EXP 	Device response: <KeyPress from None: t=678.774453399994, value=space, duration=None>
678.7870 	DATA 	Keypress: space
678.7985 	EXP 	polygon: autoDraw = False
678.7985 	EXP 	polygon_2: autoDraw = False
678.8668 	EXP 	Sound sound_1 reached end of file
678.8830 	EXP 	Playing sound sound_1 on speaker Speaker (2- Realtek(R) Audio)
678.8833 	EXP 	Device response: <KeyPress from None: t=678.774453399994, value=space, duration=0.09862900001462549>
679.1809 	EXP 	Sound sound_1 stopped
679.1954 	EXP 	text: autoDraw = True
679.1954 	EXP 	textbox: autoDraw = True
679.6880 	DATA 	Keypress: 5
679.7004 	EXP 	Device response: <KeyPress from None: t=679.6849110999901, value=5, duration=None>
679.7675 	EXP 	Device response: <KeyPress from None: t=679.6849110999901, value=5, duration=0.07669919999898411>
679.8873 	DATA 	Keypress: 4
679.8993 	EXP 	Device response: <KeyPress from None: t=679.8846409999824, value=4, duration=None>
679.9494 	EXP 	Device response: <KeyPress from None: t=679.8846409999824, value=4, duration=0.06329790002200752>
680.0660 	DATA 	Keypress: 6
680.0676 	EXP 	Device response: <KeyPress from None: t=680.0641136000049, value=6, duration=None>
680.1516 	EXP 	Device response: <KeyPress from None: t=680.0641136000049, value=6, duration=0.08500779999303631>
681.1230 	DATA 	Mouse: Left button down, pos=(1323,336)
681.1336 	EXP 	New trial (rep=11, index=0): <Trial 132 (0 in rep 11) data={'delay': 0.7, 'freq': 1000, 'condition': 'expected', 'thisN': 132, 'thisTrialN': 0, 'thisRepN': 11}>
681.1491 	EXP 	text: autoDraw = False
681.1491 	EXP 	textbox: autoDraw = False
681.1491 	EXP 	polygon: autoDraw = True
681.3525 	DATA 	Mouse:  Left button up, pos=(1323,336)
682.1174 	EXP 	Device response: <KeyPress from None: t=682.1170738000073, value=space, duration=None>
682.1191 	DATA 	Keypress: space
682.1329 	INFO 	Keyboard events cleared
682.1327 	EXP 	polygon_2: autoDraw = True
682.1490 	EXP 	polygon: autoDraw = False
682.2333 	EXP 	Device response: <KeyPress from None: t=682.1170738000073, value=space, duration=0.10054139999556355>
682.8016 	EXP 	Device response: <KeyPress from None: t=682.7999143000052, value=space, duration=None>
682.8066 	DATA 	Keypress: space
682.8163 	EXP 	polygon: autoDraw = False
682.8163 	EXP 	polygon_2: autoDraw = False
682.9511 	EXP 	Device response: <KeyPress from None: t=682.7999143000052, value=space, duration=0.13847389997681603>
683.5003 	EXP 	Sound sound_1 reached end of file
683.5161 	EXP 	Playing sound sound_1 on speaker Speaker (2- Realtek(R) Audio)
683.8165 	EXP 	Sound sound_1 stopped
683.8474 	EXP 	text: autoDraw = True
683.8474 	EXP 	textbox: autoDraw = True
684.3864 	DATA 	Keypress: 6
684.3991 	EXP 	Device response: <KeyPress from None: t=684.3859355000022, value=6, duration=None>
684.4672 	EXP 	Device response: <KeyPress from None: t=684.3859355000022, value=6, duration=0.07962669999687932>
684.5993 	DATA 	Keypress: 7
684.6011 	EXP 	Device response: <KeyPress from None: t=684.5976314999862, value=7, duration=None>
684.6824 	EXP 	Device response: <KeyPress from None: t=684.5976314999862, value=7, duration=0.06881580001208931>
684.8029 	DATA 	Keypress: 8
684.8158 	EXP 	Device response: <KeyPress from None: t=684.8000814999978, value=8, duration=None>
684.8831 	EXP 	Device response: <KeyPress from None: t=684.8000814999978, value=8, duration=0.07303410000167787>
685.7254 	DATA 	Mouse: Left button down, pos=(1281,315)
685.7335 	EXP 	New trial (rep=11, index=1): <Trial 133 (1 in rep 11) data={'delay': 0.7, 'freq': 1000, 'condition': 'expected', 'thisN': 133, 'thisTrialN': 1, 'thisRepN': 11}>
685.7490 	EXP 	text: autoDraw = False
685.7490 	EXP 	textbox: autoDraw = False
685.7490 	EXP 	polygon: autoDraw = True
685.9525 	DATA 	Mouse:  Left button up, pos=(1281,315)
686.6332 	EXP 	Device response: <KeyPress from None: t=686.6235526999808, value=space, duration=None>
686.6346 	DATA 	Keypress: space
686.7328 	INFO 	Keyboard events cleared
686.7326 	EXP 	polygon_2: autoDraw = True
686.7494 	EXP 	polygon: autoDraw = False
686.7502 	EXP 	Device response: <KeyPress from None: t=686.6235526999808, value=space, duration=0.119083200028399>
687.0855 	DATA 	Keypress: space
687.0997 	EXP 	Device response: <KeyPress from None: t=687.0847127999878, value=space, duration=None>
687.1162 	EXP 	polygon: autoDraw = False
687.1162 	EXP 	polygon_2: autoDraw = False
687.2164 	EXP 	Device response: <KeyPress from None: t=687.0847127999878, value=space, duration=0.1309647000161931>
687.7831 	EXP 	Sound sound_1 reached end of file
687.7993 	EXP 	Playing sound sound_1 on speaker Speaker (2- Realtek(R) Audio)
688.0973 	EXP 	Sound sound_1 stopped
688.1108 	EXP 	text: autoDraw = True
688.1108 	EXP 	textbox: autoDraw = True
689.2051 	DATA 	Keypress: 9
689.2173 	EXP 	Device response: <KeyPress from None: t=689.2030864999979, value=9, duration=None>
689.2846 	EXP 	Device response: <KeyPress from None: t=689.2030864999979, value=9, duration=0.07903789999545552>
689.4016 	DATA 	Keypress: 8
689.4034 	EXP 	Device response: <KeyPress from None: t=689.393508899986, value=8, duration=None>
689.4828 	EXP 	Device response: <KeyPress from None: t=689.393508899986, value=8, duration=0.07405640001525171>
689.5832 	DATA 	Keypress: 7
689.5850 	EXP 	Device response: <KeyPress from None: t=689.5780793000013, value=7, duration=None>
689.6672 	EXP 	Device response: <KeyPress from None: t=689.5780793000013, value=7, duration=0.07554639998124912>
691.2565 	DATA 	Mouse: Left button down, pos=(1281,315)
691.2666 	EXP 	New trial (rep=11, index=2): <Trial 134 (2 in rep 11) data={'delay': 0.4, 'freq': 1000, 'condition': 'expected', 'thisN': 134, 'thisTrialN': 2, 'thisRepN': 11}>
691.2823 	EXP 	text: autoDraw = False
691.2823 	EXP 	textbox: autoDraw = False
691.2823 	EXP 	polygon: autoDraw = True
691.4856 	DATA 	Mouse:  Left button up, pos=(1281,315)
691.8666 	EXP 	Device response: <KeyPress from None: t=691.8574519999966, value=space, duration=None>
691.8681 	DATA 	Keypress: space
691.9499 	EXP 	Device response: <KeyPress from None: t=691.8574519999966, value=space, duration=0.08887539998977445>
692.2664 	INFO 	Keyboard events cleared
692.2662 	EXP 	polygon_2: autoDraw = True
692.2829 	EXP 	polygon: autoDraw = False
692.3164 	EXP 	Device response: <KeyPress from None: t=692.3091645999812, value=space, duration=None>
692.3186 	DATA 	Keypress: space
692.3328 	EXP 	polygon: autoDraw = False
692.3328 	EXP 	polygon_2: autoDraw = False
692.4162 	EXP 	Device response: <KeyPress from None: t=692.3091645999812, value=space, duration=0.10647910000989214>
692.6997 	EXP 	Sound sound_1 reached end of file
692.7158 	EXP 	Playing sound sound_1 on speaker Speaker (2- Realtek(R) Audio)
693.0151 	EXP 	Sound sound_1 stopped
693.0287 	EXP 	text: autoDraw = True
693.0287 	EXP 	textbox: autoDraw = True
693.4388 	DATA 	Keypress: 9
693.4504 	EXP 	Device response: <KeyPress from None: t=693.4353263000085, value=9, duration=None>
693.5172 	EXP 	Device response: <KeyPress from None: t=693.4353263000085, value=9, duration=0.07954049998079427>
693.6215 	DATA 	Keypress: 9
693.6334 	EXP 	Device response: <KeyPress from None: t=693.6207434999815, value=9, duration=None>
693.7159 	EXP 	Device response: <KeyPress from None: t=693.6207434999815, value=9, duration=0.08024830001522787>
694.1379 	DATA 	Keypress: 9
694.1501 	EXP 	Device response: <KeyPress from None: t=694.1338618999871, value=9, duration=None>
694.1836 	EXP 	Device response: <KeyPress from None: t=694.1338618999871, value=9, duration=0.03646329999901354>
696.1035 	DATA 	Mouse: Left button down, pos=(1281,315)
696.1160 	EXP 	New trial (rep=11, index=3): <Trial 135 (3 in rep 11) data={'delay': 0.1, 'freq': 1000, 'condition': 'expected', 'thisN': 135, 'thisTrialN': 3, 'thisRepN': 11}>
696.1321 	EXP 	text: autoDraw = False
696.1321 	EXP 	textbox: autoDraw = False
696.1321 	EXP 	polygon: autoDraw = True
696.3199 	DATA 	Mouse:  Left button up, pos=(1281,315)
697.1165 	INFO 	Keyboard events cleared
697.1163 	EXP 	polygon_2: autoDraw = True
697.1323 	EXP 	polygon: autoDraw = False
697.3855 	DATA 	Keypress: space
697.4001 	EXP 	Device response: <KeyPress from None: t=697.3843769000086, value=space, duration=None>
697.4161 	EXP 	polygon: autoDraw = False
697.4161 	EXP 	polygon_2: autoDraw = False
697.4995 	EXP 	Sound sound_1 reached end of file
697.5157 	EXP 	Playing sound sound_1 on speaker Speaker (2- Realtek(R) Audio)
697.4998 	EXP 	Device response: <KeyPress from None: t=697.3843769000086, value=space, duration=0.10666259998106398>
697.8136 	EXP 	Sound sound_1 stopped
697.8261 	EXP 	text: autoDraw = True
697.8261 	EXP 	textbox: autoDraw = True
699.0491 	DATA 	Keypress: 9
699.0508 	EXP 	Device response: <KeyPress from None: t=699.0487364, value=9, duration=None>
699.1499 	EXP 	Device response: <KeyPress from None: t=699.0487364, value=9, duration=0.08876039998722263>
699.3826 	DATA 	Keypress: 6
699.3841 	EXP 	Device response: <KeyPress from None: t=699.379660400009, value=6, duration=None>
699.4672 	EXP 	Device response: <KeyPress from None: t=699.379660400009, value=6, duration=0.07821849998435937>
699.6538 	DATA 	Keypress: 5
699.6653 	EXP 	Device response: <KeyPress from None: t=699.65205959999, value=5, duration=None>
699.7337 	EXP 	Device response: <KeyPress from None: t=699.65205959999, value=5, duration=0.0801039999932982>
700.7554 	DATA 	Mouse: Left button down, pos=(1261,318)
700.7664 	EXP 	New trial (rep=11, index=4): <Trial 136 (4 in rep 11) data={'delay': 0.4, 'freq': 1000, 'condition': 'expected', 'thisN': 136, 'thisTrialN': 4, 'thisRepN': 11}>
700.7820 	EXP 	text: autoDraw = False
700.7820 	EXP 	textbox: autoDraw = False
700.7820 	EXP 	polygon: autoDraw = True
700.9856 	DATA 	Mouse:  Left button up, pos=(1261,318)
701.7328 	EXP 	Device response: <KeyPress from None: t=701.721944799996, value=space, duration=None>
701.7342 	DATA 	Keypress: space
701.7664 	INFO 	Keyboard events cleared
701.7661 	EXP 	polygon_2: autoDraw = True
701.7837 	EXP 	polygon: autoDraw = False
701.8826 	EXP 	Device response: <KeyPress from None: t=701.721944799996, value=space, duration=0.14838190001319163>
702.4487 	EXP 	Device response: <KeyPress from None: t=702.4432004999835, value=space, duration=None>
702.4507 	DATA 	Keypress: space
702.4649 	EXP 	polygon: autoDraw = False
702.4649 	EXP 	polygon_2: autoDraw = False
702.6320 	EXP 	Device response: <KeyPress from None: t=702.4432004999835, value=space, duration=0.1738459000189323>
702.8326 	EXP 	Sound sound_1 reached end of file
702.8486 	EXP 	Playing sound sound_1 on speaker Speaker (2- Realtek(R) Audio)
703.1463 	EXP 	Sound sound_1 stopped
703.1620 	EXP 	text: autoDraw = True
703.1620 	EXP 	textbox: autoDraw = True
705.5665 	DATA 	Keypress: 8
705.5679 	EXP 	Device response: <KeyPress from None: t=705.5619137999893, value=8, duration=None>
705.6515 	EXP 	Device response: <KeyPress from None: t=705.5619137999893, value=8, duration=0.08168850000947714>
705.7859 	DATA 	Keypress: 7
705.7992 	EXP 	Device response: <KeyPress from None: t=705.7842126000032, value=7, duration=None>
705.8665 	EXP 	Device response: <KeyPress from None: t=705.7842126000032, value=7, duration=0.0720349999901373>
706.0177 	DATA 	Keypress: 9
706.0190 	EXP 	Device response: <KeyPress from None: t=706.0158183999883, value=9, duration=None>
706.1162 	EXP 	Device response: <KeyPress from None: t=706.0158183999883, value=9, duration=0.08437379999668337>
707.0600 	DATA 	Mouse: Left button down, pos=(1227,324)
707.0666 	EXP 	New trial (rep=11, index=5): <Trial 137 (5 in rep 11) data={'delay': 0.1, 'freq': 1000, 'condition': 'expected', 'thisN': 137, 'thisTrialN': 5, 'thisRepN': 11}>
707.0823 	EXP 	text: autoDraw = False
707.0823 	EXP 	textbox: autoDraw = False
707.0823 	EXP 	polygon: autoDraw = True
707.2860 	DATA 	Mouse:  Left button up, pos=(1227,324)
707.6663 	EXP 	Device response: <KeyPress from None: t=707.6541816999961, value=space, duration=None>
707.6677 	DATA 	Keypress: space
707.7832 	EXP 	Device response: <KeyPress from None: t=707.6541816999961, value=space, duration=0.11713820000295527>
708.0661 	INFO 	Keyboard events cleared
708.0657 	EXP 	polygon_2: autoDraw = True
708.0820 	EXP 	polygon: autoDraw = False
708.1670 	EXP 	Device response: <KeyPress from None: t=708.1662505999848, value=space, duration=None>
708.1691 	DATA 	Keypress: space
708.1823 	EXP 	polygon: autoDraw = False
708.1823 	EXP 	polygon_2: autoDraw = False
708.2661 	EXP 	Sound sound_1 reached end of file
708.2819 	EXP 	Playing sound sound_1 on speaker Speaker (2- Realtek(R) Audio)
708.2825 	EXP 	Device response: <KeyPress from None: t=708.1662505999848, value=space, duration=0.1035390000033658>
708.5836 	EXP 	Sound sound_1 stopped
708.5971 	EXP 	text: autoDraw = True
708.5971 	EXP 	textbox: autoDraw = True
710.3658 	DATA 	Keypress: 5
710.3673 	EXP 	Device response: <KeyPress from None: t=710.3650966999994, value=5, duration=None>
710.4498 	EXP 	Device response: <KeyPress from None: t=710.3650966999994, value=5, duration=0.07009279998601414>
710.5504 	DATA 	Keypress: 6
710.5526 	EXP 	Device response: <KeyPress from None: t=710.5447999000025, value=6, duration=None>
710.6325 	EXP 	Device response: <KeyPress from None: t=710.5447999000025, value=6, duration=0.07430189999286085>
710.7498 	DATA 	Keypress: 7
710.7516 	EXP 	Device response: <KeyPress from None: t=710.7396685999993, value=7, duration=None>
710.8325 	EXP 	Device response: <KeyPress from None: t=710.7396685999993, value=7, duration=0.08064870000816882>
711.7346 	DATA 	Mouse: Left button down, pos=(1191,320)
711.7361 	EXP 	New trial (rep=11, index=6): <Trial 138 (6 in rep 11) data={'delay': 0.1, 'freq': 400, 'condition': 'unexp', 'thisN': 138, 'thisTrialN': 6, 'thisRepN': 11}>
711.7483 	EXP 	text: autoDraw = False
711.7483 	EXP 	textbox: autoDraw = False
711.7483 	EXP 	polygon: autoDraw = True
711.9689 	DATA 	Mouse:  Left button up, pos=(1191,320)
712.7491 	INFO 	Keyboard events cleared
712.7488 	EXP 	polygon: autoDraw = False
712.7488 	EXP 	polygon_2: autoDraw = True
713.0503 	EXP 	Device response: <KeyPress from None: t=713.0390434000001, value=space, duration=None>
713.0532 	DATA 	Keypress: space
713.0653 	EXP 	polygon: autoDraw = False
713.0653 	EXP 	polygon_2: autoDraw = False
713.1492 	EXP 	Sound sound_1 reached end of file
713.1655 	EXP 	Playing sound sound_1 on speaker Speaker (2- Realtek(R) Audio)
713.1990 	EXP 	Device response: <KeyPress from None: t=713.0390434000001, value=space, duration=0.15076530000078492>
713.4671 	EXP 	Sound sound_1 stopped
713.4820 	EXP 	text: autoDraw = True
713.4820 	EXP 	textbox: autoDraw = True
715.3658 	DATA 	Keypress: 5
715.3680 	EXP 	Device response: <KeyPress from None: t=715.3580326999945, value=5, duration=None>
715.4667 	EXP 	Device response: <KeyPress from None: t=715.3580326999945, value=5, duration=0.09863120000227354>
715.5990 	DATA 	Keypress: 4
715.6010 	EXP 	Device response: <KeyPress from None: t=715.5907414999965, value=4, duration=None>
715.6671 	EXP 	Device response: <KeyPress from None: t=715.5907414999965, value=4, duration=0.06693090000771917>
715.8069 	DATA 	Keypress: 5
715.8158 	EXP 	Device response: <KeyPress from None: t=715.8059438999917, value=5, duration=None>
715.9158 	EXP 	Device response: <KeyPress from None: t=715.8059438999917, value=5, duration=0.09709620001376607>
716.9865 	DATA 	Mouse: Left button down, pos=(1150,281)
716.9879 	EXP 	New trial (rep=11, index=7): <Trial 139 (7 in rep 11) data={'delay': 0.4, 'freq': 400, 'condition': 'unexp', 'thisN': 139, 'thisTrialN': 7, 'thisRepN': 11}>
716.9982 	EXP 	text: autoDraw = False
716.9982 	EXP 	textbox: autoDraw = False
716.9982 	EXP 	polygon: autoDraw = True
717.2031 	DATA 	Mouse:  Left button up, pos=(1150,281)
717.4990 	EXP 	Device response: <KeyPress from None: t=717.4981053000083, value=space, duration=None>
717.5003 	DATA 	Keypress: space
717.6163 	EXP 	Device response: <KeyPress from None: t=717.4981053000083, value=space, duration=0.10743429997819476>
717.9987 	INFO 	Keyboard events cleared
717.9984 	EXP 	polygon: autoDraw = False
717.9984 	EXP 	polygon_2: autoDraw = True
718.0002 	DATA 	Keypress: space
719.5665 	EXP 	Device response: <KeyPress from None: t=719.5533437999838, value=space, duration=None>
719.5687 	DATA 	Keypress: space
719.5826 	EXP 	polygon: autoDraw = False
719.5826 	EXP 	polygon_2: autoDraw = False
719.6837 	EXP 	Device response: <KeyPress from None: t=719.5533437999838, value=space, duration=0.1131296000094153>
719.9501 	EXP 	Sound sound_1 reached end of file
719.9659 	EXP 	Playing sound sound_1 on speaker Speaker (2- Realtek(R) Audio)
720.2651 	EXP 	Sound sound_1 stopped
720.2798 	EXP 	text: autoDraw = True
720.2798 	EXP 	textbox: autoDraw = True
720.5716 	DATA 	Keypress: 5
720.5828 	EXP 	Device response: <KeyPress from None: t=720.5690258999821, value=5, duration=None>
720.6497 	EXP 	Device response: <KeyPress from None: t=720.5690258999821, value=5, duration=0.07364980000420474>
720.7339 	DATA 	Keypress: 5
720.7359 	EXP 	Device response: <KeyPress from None: t=720.7334027999896, value=5, duration=None>
720.8168 	EXP 	Device response: <KeyPress from None: t=720.7334027999896, value=5, duration=0.07767470000544563>
721.5527 	DATA 	Keypress: 0
721.5666 	EXP 	Device response: <KeyPress from None: t=721.5495554000081, value=0, duration=None>
721.6334 	EXP 	Device response: <KeyPress from None: t=721.5495554000081, value=0, duration=0.07346590000088327>
722.7167 	DATA 	Mouse: Left button down, pos=(1125,303)
722.7177 	EXP 	New trial (rep=11, index=8): <Trial 140 (8 in rep 11) data={'delay': 0.7, 'freq': 1000, 'condition': 'expected', 'thisN': 140, 'thisTrialN': 8, 'thisRepN': 11}>
722.7315 	EXP 	text: autoDraw = False
722.7315 	EXP 	textbox: autoDraw = False
722.7315 	EXP 	polygon: autoDraw = True
722.9369 	DATA 	Mouse:  Left button up, pos=(1125,303)
723.7330 	INFO 	Keyboard events cleared
723.7328 	EXP 	polygon: autoDraw = False
723.7328 	EXP 	polygon_2: autoDraw = True
723.8988 	EXP 	Device response: <KeyPress from None: t=723.8980002999888, value=space, duration=None>
723.9011 	DATA 	Keypress: space
723.9159 	EXP 	polygon: autoDraw = False
723.9159 	EXP 	polygon_2: autoDraw = False
724.0165 	EXP 	Device response: <KeyPress from None: t=723.8980002999888, value=space, duration=0.10741170000983402>
724.5822 	EXP 	Sound sound_1 reached end of file
724.5983 	EXP 	Playing sound sound_1 on speaker Speaker (2- Realtek(R) Audio)
724.7341 	EXP 	Device response: <KeyPress from None: t=724.722704499989, value=space, duration=None>
724.7365 	DATA 	Keypress: space
724.8501 	EXP 	Device response: <KeyPress from None: t=724.722704499989, value=space, duration=0.1160890000173822>
724.8989 	EXP 	Sound sound_1 stopped
724.9227 	EXP 	text: autoDraw = True
724.9227 	EXP 	textbox: autoDraw = True
725.6203 	DATA 	Keypress: 1
725.6331 	EXP 	Device response: <KeyPress from None: t=725.6161135000002, value=1, duration=None>
725.8493 	EXP 	Device response: <KeyPress from None: t=725.6161135000002, value=1, duration=0.21844870000495575>
726.1333 	DATA 	Keypress: 1
726.1357 	EXP 	Device response: <KeyPress from None: t=726.1283853999921, value=1, duration=None>
726.2016 	EXP 	Device response: <KeyPress from None: t=726.1283853999921, value=1, duration=0.07230999998864718>
726.7831 	DATA 	Keypress: 0
726.7845 	EXP 	Device response: <KeyPress from None: t=726.7805532999919, value=0, duration=None>
726.8662 	EXP 	Device response: <KeyPress from None: t=726.7805532999919, value=0, duration=0.07116980000864714>
727.7014 	DATA 	Mouse: Left button down, pos=(1124,353)
727.7030 	EXP 	New trial (rep=11, index=9): <Trial 141 (9 in rep 11) data={'delay': 0.1, 'freq': 1000, 'condition': 'expected', 'thisN': 141, 'thisTrialN': 9, 'thisRepN': 11}>
727.7149 	EXP 	text: autoDraw = False
727.7149 	EXP 	textbox: autoDraw = False
727.7149 	EXP 	polygon: autoDraw = True
727.9358 	DATA 	Mouse:  Left button up, pos=(1124,353)
728.7156 	INFO 	Keyboard events cleared
728.7154 	EXP 	polygon: autoDraw = False
728.7154 	EXP 	polygon_2: autoDraw = True
730.7329 	EXP 	Device response: <KeyPress from None: t=730.7185995999898, value=space, duration=None>
730.7351 	DATA 	Keypress: space
730.7493 	EXP 	polygon: autoDraw = False
730.7493 	EXP 	polygon_2: autoDraw = False
730.8319 	EXP 	Sound sound_1 reached end of file
730.8482 	EXP 	Playing sound sound_1 on speaker Speaker (2- Realtek(R) Audio)
730.8488 	EXP 	Device response: <KeyPress from None: t=730.7185995999898, value=space, duration=0.12665720001677983>
731.1455 	EXP 	Sound sound_1 stopped
731.1633 	EXP 	text: autoDraw = True
731.1633 	EXP 	textbox: autoDraw = True
731.5209 	DATA 	Keypress: 2
731.5323 	EXP 	Device response: <KeyPress from None: t=731.5181134000013, value=2, duration=None>
731.5829 	EXP 	Device response: <KeyPress from None: t=731.5181134000013, value=2, duration=0.061342000000877306>
731.6840 	DATA 	Keypress: 2
731.6858 	EXP 	Device response: <KeyPress from None: t=731.6788617999991, value=2, duration=None>
731.7328 	EXP 	Device response: <KeyPress from None: t=731.6788617999991, value=2, duration=0.052806499996222556>
732.5211 	DATA 	Keypress: 0
732.5335 	EXP 	Device response: <KeyPress from None: t=732.5201836999913, value=0, duration=None>
732.5997 	EXP 	Device response: <KeyPress from None: t=732.5201836999913, value=0, duration=0.0683054999972228>
733.7066 	DATA 	Mouse: Left button down, pos=(1149,326)
733.7171 	EXP 	New trial (rep=11, index=10): <Trial 142 (10 in rep 11) data={'delay': 0.4, 'freq': 1000, 'condition': 'expected', 'thisN': 142, 'thisTrialN': 10, 'thisRepN': 11}>
733.7326 	EXP 	text: autoDraw = False
733.7326 	EXP 	textbox: autoDraw = False
733.7326 	EXP 	polygon: autoDraw = True
733.9353 	DATA 	Mouse:  Left button up, pos=(1149,326)
734.7320 	INFO 	Keyboard events cleared
734.7318 	EXP 	polygon: autoDraw = False
734.7318 	EXP 	polygon_2: autoDraw = True
734.8157 	EXP 	Device response: <KeyPress from None: t=734.8128943000047, value=space, duration=None>
734.8179 	DATA 	Keypress: space
734.8313 	EXP 	polygon: autoDraw = False
734.8313 	EXP 	polygon_2: autoDraw = False
734.9494 	EXP 	Device response: <KeyPress from None: t=734.8128943000047, value=space, duration=0.12268069997662678>
735.1996 	EXP 	Sound sound_1 reached end of file
735.2157 	EXP 	Playing sound sound_1 on speaker Speaker (2- Realtek(R) Audio)
735.1999 	EXP 	Device response: <KeyPress from None: t=735.1933472999954, value=space, duration=None>
735.2010 	DATA 	Keypress: space
735.2661 	EXP 	Device response: <KeyPress from None: t=735.1933472999954, value=space, duration=0.0661614999989979>
735.5146 	EXP 	Sound sound_1 stopped
735.5283 	EXP 	text: autoDraw = True
735.5283 	EXP 	textbox: autoDraw = True
735.9490 	DATA 	Keypress: 3
735.9502 	EXP 	Device response: <KeyPress from None: t=735.9438024999981, value=3, duration=None>
736.0153 	EXP 	Device response: <KeyPress from None: t=735.9438024999981, value=3, duration=0.05763309999019839>
736.0896 	DATA 	Keypress: 3
736.0992 	EXP 	Device response: <KeyPress from None: t=736.0869466000004, value=3, duration=None>
736.1497 	EXP 	Device response: <KeyPress from None: t=736.0869466000004, value=3, duration=0.0611215999815613>
737.1508 	DATA 	Keypress: 0
737.1528 	EXP 	Device response: <KeyPress from None: t=737.1502916000027, value=0, duration=None>
737.2325 	EXP 	Device response: <KeyPress from None: t=737.1502916000027, value=0, duration=0.06904030000441708>
738.0857 	DATA 	Mouse: Left button down, pos=(1183,323)
738.0987 	EXP 	New trial (rep=11, index=11): <Trial 143 (11 in rep 11) data={'delay': 0.7, 'freq': 400, 'condition': 'unexp', 'thisN': 143, 'thisTrialN': 11, 'thisRepN': 11}>
738.1150 	EXP 	text: autoDraw = False
738.1150 	EXP 	textbox: autoDraw = False
738.1150 	EXP 	polygon: autoDraw = True
738.3171 	DATA 	Mouse:  Left button up, pos=(1183,323)
739.0155 	EXP 	Device response: <KeyPress from None: t=739.0033994999831, value=space, duration=None>
739.0169 	DATA 	Keypress: space
739.0992 	INFO 	Keyboard events cleared
739.0990 	EXP 	polygon_2: autoDraw = True
739.1152 	EXP 	polygon: autoDraw = False
739.1322 	EXP 	Device response: <KeyPress from None: t=739.0033994999831, value=space, duration=0.1231411000189837>
739.4504 	DATA 	Keypress: space
739.4664 	EXP 	Device response: <KeyPress from None: t=739.4498860999884, value=space, duration=None>
739.4818 	EXP 	polygon: autoDraw = False
739.4818 	EXP 	polygon_2: autoDraw = False
739.5827 	EXP 	Device response: <KeyPress from None: t=739.4498860999884, value=space, duration=0.13000110001303256>
740.1498 	EXP 	Sound sound_1 reached end of file
740.1659 	EXP 	Playing sound sound_1 on speaker Speaker (2- Realtek(R) Audio)
740.4678 	EXP 	Sound sound_1 stopped
740.4821 	EXP 	text: autoDraw = True
740.4821 	EXP 	textbox: autoDraw = True
740.7394 	DATA 	Keypress: 4
740.7506 	EXP 	Device response: <KeyPress from None: t=740.7387733999931, value=4, duration=None>
740.7999 	EXP 	Device response: <KeyPress from None: t=740.7387733999931, value=4, duration=0.05701230000704527>
740.9081 	DATA 	Keypress: 4
740.9156 	EXP 	Device response: <KeyPress from None: t=740.9055003999965, value=4, duration=None>
740.9671 	EXP 	Device response: <KeyPress from None: t=740.9055003999965, value=4, duration=0.049618299992289394>
741.6049 	DATA 	Keypress: 0
741.6161 	EXP 	Device response: <KeyPress from None: t=741.6025914000056, value=0, duration=None>
741.6845 	EXP 	Device response: <KeyPress from None: t=741.6025914000056, value=0, duration=0.06993399999919347>
742.6689 	DATA 	Mouse: Left button down, pos=(1210,314)
742.6704 	EXP 	New trial (rep=12, index=0): <Trial 144 (0 in rep 12) data={'delay': 0.1, 'freq': 1000, 'condition': 'expected', 'thisN': 144, 'thisTrialN': 0, 'thisRepN': 12}>
742.6812 	EXP 	text: autoDraw = False
742.6812 	EXP 	textbox: autoDraw = False
742.6812 	EXP 	polygon: autoDraw = True
742.8849 	DATA 	Mouse:  Left button up, pos=(1210,314)
743.6828 	INFO 	Keyboard events cleared
743.6826 	EXP 	polygon: autoDraw = False
743.6826 	EXP 	polygon_2: autoDraw = True
744.1327 	EXP 	Device response: <KeyPress from None: t=744.1198275999923, value=space, duration=None>
744.1353 	DATA 	Keypress: space
744.1490 	EXP 	polygon: autoDraw = False
744.1490 	EXP 	polygon_2: autoDraw = False
744.2158 	EXP 	Sound sound_1 reached end of file
744.2320 	EXP 	Playing sound sound_1 on speaker Speaker (2- Realtek(R) Audio)
744.2320 	EXP 	Device response: <KeyPress from None: t=744.1198275999923, value=space, duration=0.10782150001614355>
744.5337 	EXP 	Sound sound_1 stopped
744.5483 	EXP 	text: autoDraw = True
744.5483 	EXP 	textbox: autoDraw = True
744.9708 	DATA 	Keypress: 5
744.9827 	EXP 	Device response: <KeyPress from None: t=744.9681997000007, value=5, duration=None>
745.0330 	EXP 	Device response: <KeyPress from None: t=744.9681997000007, value=5, duration=0.0594091999810189>
745.1334 	DATA 	Keypress: 5
745.1347 	EXP 	Device response: <KeyPress from None: t=745.1229268999887, value=5, duration=None>
745.1829 	EXP 	Device response: <KeyPress from None: t=745.1229268999887, value=5, duration=0.05675310001242906>
745.8991 	DATA 	Keypress: 0
745.9004 	EXP 	Device response: <KeyPress from None: t=745.895831700007, value=0, duration=None>
745.9667 	EXP 	Device response: <KeyPress from None: t=745.895831700007, value=0, duration=0.06283549999352545>
747.9041 	DATA 	Mouse: Left button down, pos=(1194,328)
747.9165 	EXP 	New trial (rep=12, index=1): <Trial 145 (1 in rep 12) data={'delay': 0.1, 'freq': 1000, 'condition': 'expected', 'thisN': 145, 'thisTrialN': 1, 'thisRepN': 12}>
747.9314 	EXP 	text: autoDraw = False
747.9314 	EXP 	textbox: autoDraw = False
747.9314 	EXP 	polygon: autoDraw = True
748.1351 	DATA 	Mouse:  Left button up, pos=(1194,328)
748.4823 	EXP 	Device response: <KeyPress from None: t=748.472725700005, value=space, duration=None>
748.4837 	DATA 	Keypress: space
748.5498 	EXP 	Device response: <KeyPress from None: t=748.472725700005, value=space, duration=0.06921679998049513>
748.8493 	EXP 	Device response: <KeyPress from None: t=748.8408424000081, value=space, duration=None>
748.8507 	DATA 	Keypress: space
748.9164 	INFO 	Keyboard events cleared
748.9161 	EXP 	polygon_2: autoDraw = True
748.9326 	EXP 	polygon: autoDraw = False
749.2315 	EXP 	Device response: <KeyPress from None: t=749.2235242000024, value=space, duration=None>
749.2333 	DATA 	Keypress: space
749.2486 	EXP 	polygon: autoDraw = False
749.2486 	EXP 	polygon_2: autoDraw = False
749.2995 	EXP 	Device response: <KeyPress from None: t=748.8408424000081, value=space, duration=0.4428886999958195>
749.3156 	EXP 	Sound sound_1 reached end of file
749.3317 	EXP 	Playing sound sound_1 on speaker Speaker (2- Realtek(R) Audio)
749.6340 	EXP 	Sound sound_1 stopped
749.6486 	EXP 	text: autoDraw = True
749.6486 	EXP 	textbox: autoDraw = True
750.0325 	DATA 	Keypress: 6
750.0339 	EXP 	Device response: <KeyPress from None: t=750.0275824999844, value=6, duration=None>
750.0856 	EXP 	Device response: <KeyPress from None: t=750.0275824999844, value=6, duration=0.04849030001787469>
750.1835 	DATA 	Keypress: 6
750.1851 	EXP 	Device response: <KeyPress from None: t=750.1828124999884, value=6, duration=None>
750.2503 	EXP 	Device response: <KeyPress from None: t=750.1828124999884, value=6, duration=0.05086020001908764>
750.9403 	DATA 	Keypress: 0
750.9501 	EXP 	Device response: <KeyPress from None: t=750.9398163000005, value=0, duration=None>
751.0003 	EXP 	Device response: <KeyPress from None: t=750.9398163000005, value=0, duration=0.0576934999844525>
752.0551 	DATA 	Mouse: Left button down, pos=(1340,296)
752.0665 	EXP 	New trial (rep=12, index=2): <Trial 146 (2 in rep 12) data={'delay': 0.7, 'freq': 1000, 'condition': 'expected', 'thisN': 146, 'thisTrialN': 2, 'thisRepN': 12}>
752.0812 	EXP 	text: autoDraw = False
752.0812 	EXP 	textbox: autoDraw = False
752.0812 	EXP 	polygon: autoDraw = True
752.2842 	DATA 	Mouse:  Left button up, pos=(1340,296)
752.5010 	DATA 	Keypress: space
752.5161 	EXP 	Device response: <KeyPress from None: t=752.5003416999825, value=space, duration=None>
752.5660 	EXP 	Device response: <KeyPress from None: t=749.2235242000024, value=space, duration=3.3358104999933857>
752.7999 	EXP 	Device response: <KeyPress from None: t=752.7994719999842, value=space, duration=None>
752.8011 	DATA 	Keypress: space
752.8648 	EXP 	Device response: <KeyPress from None: t=752.5003416999825, value=space, duration=0.36170240002684295>
753.0660 	INFO 	Keyboard events cleared
753.0658 	EXP 	polygon_2: autoDraw = True
753.0815 	EXP 	polygon: autoDraw = False
753.0820 	EXP 	Device response: <KeyPress from None: t=753.0787493999815, value=space, duration=None>
753.0842 	DATA 	Keypress: space
753.0988 	EXP 	polygon: autoDraw = False
753.0988 	EXP 	polygon_2: autoDraw = False
753.1490 	EXP 	Device response: <KeyPress from None: t=752.7994719999842, value=space, duration=0.34858160000294447>
753.3489 	EXP 	Device response: <KeyPress from None: t=753.3403245999943, value=space, duration=None>
753.3500 	DATA 	Keypress: space
753.4150 	EXP 	Device response: <KeyPress from None: t=753.0787493999815, value=space, duration=0.32038280001142994>
753.7818 	EXP 	Sound sound_1 reached end of file
753.7980 	EXP 	Playing sound sound_1 on speaker Speaker (2- Realtek(R) Audio)
754.0966 	EXP 	Sound sound_1 stopped
754.1112 	EXP 	text: autoDraw = True
754.1112 	EXP 	textbox: autoDraw = True
754.8169 	DATA 	Keypress: 7
754.8188 	EXP 	Device response: <KeyPress from None: t=754.8087135999813, value=7, duration=None>
754.8822 	EXP 	Device response: <KeyPress from None: t=754.8087135999813, value=7, duration=0.0610424000187777>
754.9717 	DATA 	Keypress: 7
754.9823 	EXP 	Device response: <KeyPress from None: t=754.9669437999837, value=7, duration=None>
755.0328 	EXP 	Device response: <KeyPress from None: t=754.9669437999837, value=7, duration=0.06381820002570748>
755.6525 	DATA 	Keypress: 0
755.6661 	EXP 	Device response: <KeyPress from None: t=755.652033499995, value=0, duration=None>
755.7332 	EXP 	Device response: <KeyPress from None: t=755.652033499995, value=0, duration=0.06602309999288991>
756.6001 	DATA 	Mouse: Left button down, pos=(1260,300)
756.6016 	EXP 	New trial (rep=12, index=3): <Trial 147 (3 in rep 12) data={'delay': 0.7, 'freq': 400, 'condition': 'unexp', 'thisN': 147, 'thisTrialN': 3, 'thisRepN': 12}>
756.6148 	EXP 	text: autoDraw = False
756.6148 	EXP 	textbox: autoDraw = False
756.6148 	EXP 	polygon: autoDraw = True
756.8179 	DATA 	Mouse:  Left button up, pos=(1260,300)
757.4323 	EXP 	Device response: <KeyPress from None: t=757.4289827999892, value=space, duration=None>
757.4337 	DATA 	Keypress: space
757.5320 	EXP 	Device response: <KeyPress from None: t=753.3403245999943, value=space, duration=4.188654900004622>
757.6154 	INFO 	Keyboard events cleared
757.6152 	EXP 	polygon: autoDraw = False
757.6152 	EXP 	polygon_2: autoDraw = True
757.8492 	EXP 	Device response: <KeyPress from None: t=757.8456845000037, value=space, duration=None>
757.8510 	DATA 	Keypress: space
757.8647 	EXP 	polygon: autoDraw = False
757.8647 	EXP 	polygon_2: autoDraw = False
757.9664 	EXP 	Device response: <KeyPress from None: t=757.4289827999892, value=space, duration=0.5272613000124693>
758.5488 	EXP 	Sound sound_1 reached end of file
758.5651 	EXP 	Playing sound sound_1 on speaker Speaker (2- Realtek(R) Audio)
758.8660 	EXP 	Sound sound_1 stopped
758.8774 	EXP 	text: autoDraw = True
758.8774 	EXP 	textbox: autoDraw = True
759.7227 	DATA 	Keypress: 8
759.7327 	EXP 	Device response: <KeyPress from None: t=759.7212220999936, value=8, duration=None>
759.7848 	EXP 	Device response: <KeyPress from None: t=759.7212220999936, value=8, duration=0.06189280000398867>
759.8740 	DATA 	Keypress: 8
759.8834 	EXP 	Device response: <KeyPress from None: t=759.8726101999928, value=8, duration=None>
759.9351 	EXP 	Device response: <KeyPress from None: t=759.8726101999928, value=8, duration=0.0608490000013262>
760.1713 	DATA 	Keypress: 0
760.1831 	EXP 	Device response: <KeyPress from None: t=760.170549500006, value=0, duration=None>
760.2360 	EXP 	Device response: <KeyPress from None: t=760.170549500006, value=0, duration=0.06365919997915626>
761.2828 	DATA 	Mouse: Left button down, pos=(1217,318)
761.2841 	EXP 	New trial (rep=12, index=4): <Trial 148 (4 in rep 12) data={'delay': 0.4, 'freq': 1000, 'condition': 'expected', 'thisN': 148, 'thisTrialN': 4, 'thisRepN': 12}>
761.2977 	EXP 	text: autoDraw = False
761.2977 	EXP 	textbox: autoDraw = False
761.2977 	EXP 	polygon: autoDraw = True
761.5032 	DATA 	Mouse:  Left button up, pos=(1217,318)
761.8825 	EXP 	Device response: <KeyPress from None: t=761.8702368999948, value=space, duration=None>
761.8838 	DATA 	Keypress: space
761.9330 	EXP 	Device response: <KeyPress from None: t=757.8456845000037, value=space, duration=4.084260599978734>
762.2347 	DATA 	Keypress: space
762.2495 	EXP 	Device response: <KeyPress from None: t=762.2340709999844, value=space, duration=None>
762.2993 	INFO 	Keyboard events cleared
762.2991 	EXP 	polygon: autoDraw = False
762.2991 	EXP 	polygon_2: autoDraw = True
762.3162 	EXP 	Device response: <KeyPress from None: t=761.8702368999948, value=space, duration=0.4428868000104558>
762.5999 	EXP 	Device response: <KeyPress from None: t=762.5956781999848, value=space, duration=None>
762.6022 	DATA 	Keypress: space
762.6156 	EXP 	polygon: autoDraw = False
762.6156 	EXP 	polygon_2: autoDraw = False
762.6821 	EXP 	Device response: <KeyPress from None: t=762.2340709999844, value=space, duration=0.43781280002440326>
762.9994 	EXP 	Sound sound_1 reached end of file
763.0154 	EXP 	Playing sound sound_1 on speaker Speaker (2- Realtek(R) Audio)
763.3189 	EXP 	Sound sound_1 stopped
763.3487 	EXP 	text: autoDraw = True
763.3487 	EXP 	textbox: autoDraw = True
763.8331 	DATA 	Keypress: 9
763.8365 	EXP 	Device response: <KeyPress from None: t=763.8280459999805, value=9, duration=None>
763.8994 	EXP 	Device response: <KeyPress from None: t=763.8280459999805, value=9, duration=0.05648020000080578>
763.9997 	DATA 	Keypress: 9
764.0016 	EXP 	Device response: <KeyPress from None: t=763.9987022999849, value=9, duration=None>
764.0839 	EXP 	Device response: <KeyPress from None: t=763.9987022999849, value=9, duration=0.07188590001896955>
764.7165 	DATA 	Keypress: 0
764.7182 	EXP 	Device response: <KeyPress from None: t=764.7103334999993, value=0, duration=None>
764.8004 	EXP 	Device response: <KeyPress from None: t=764.7103334999993, value=0, duration=0.07253559998935089>
765.6661 	DATA 	Mouse: Left button down, pos=(1229,301)
765.6674 	EXP 	New trial (rep=12, index=5): <Trial 149 (5 in rep 12) data={'delay': 0.1, 'freq': 1000, 'condition': 'expected', 'thisN': 149, 'thisTrialN': 5, 'thisRepN': 12}>
765.6810 	EXP 	text: autoDraw = False
765.6810 	EXP 	textbox: autoDraw = False
765.6810 	EXP 	polygon: autoDraw = True
765.8851 	DATA 	Mouse:  Left button up, pos=(1229,301)
766.6829 	INFO 	Keyboard events cleared
766.6827 	EXP 	polygon: autoDraw = False
766.6827 	EXP 	polygon_2: autoDraw = True
766.6995 	EXP 	Device response: <KeyPress from None: t=766.693674899987, value=space, duration=None>
766.7017 	DATA 	Keypress: space
766.7153 	EXP 	polygon: autoDraw = False
766.7153 	EXP 	polygon_2: autoDraw = False
766.7829 	EXP 	Sound sound_1 reached end of file
766.7990 	EXP 	Playing sound sound_1 on speaker Speaker (2- Realtek(R) Audio)
766.8158 	EXP 	Device response: <KeyPress from None: t=762.5956781999848, value=space, duration=4.218048200011253>
767.0958 	EXP 	Sound sound_1 stopped
767.1107 	EXP 	text: autoDraw = True
767.1107 	EXP 	textbox: autoDraw = True
767.1731 	DATA 	Keypress: space
767.1829 	EXP 	Device response: <KeyPress from None: t=767.1691595999873, value=space, duration=None>
767.2994 	EXP 	Device response: <KeyPress from None: t=766.693674899987, value=space, duration=0.5976901999965776>
768.4843 	DATA 	Keypress: 1
768.4864 	EXP 	Device response: <KeyPress from None: t=768.4808614999929, value=1, duration=None>
768.5511 	EXP 	Device response: <KeyPress from None: t=768.4808614999929, value=1, duration=0.06104960001539439>
769.2833 	DATA 	Keypress: 0
769.2850 	EXP 	Device response: <KeyPress from None: t=769.2764260999975, value=0, duration=None>
769.3502 	EXP 	Device response: <KeyPress from None: t=769.2764260999975, value=0, duration=0.06943169998703524>
769.4322 	DATA 	Keypress: 0
769.4341 	EXP 	Device response: <KeyPress from None: t=769.4300013000029, value=0, duration=None>
769.5161 	EXP 	Device response: <KeyPress from None: t=769.4300013000029, value=0, duration=0.07954750000499189>
770.4657 	DATA 	Mouse: Left button down, pos=(1225,297)
770.4667 	EXP 	New trial (rep=12, index=6): <Trial 150 (6 in rep 12) data={'delay': 0.7, 'freq': 1000, 'condition': 'expected', 'thisN': 150, 'thisTrialN': 6, 'thisRepN': 12}>
770.4810 	EXP 	text: autoDraw = False
770.4810 	EXP 	textbox: autoDraw = False
770.4810 	EXP 	polygon: autoDraw = True
770.6853 	DATA 	Mouse:  Left button up, pos=(1225,297)
771.4824 	INFO 	Keyboard events cleared
771.4821 	EXP 	polygon: autoDraw = False
771.4821 	EXP 	polygon_2: autoDraw = True
773.7993 	EXP 	Device response: <KeyPress from None: t=773.795504299982, value=space, duration=None>
773.8016 	DATA 	Keypress: space
773.8142 	EXP 	polygon: autoDraw = False
773.8142 	EXP 	polygon_2: autoDraw = False
773.9160 	EXP 	Device response: <KeyPress from None: t=767.1691595999873, value=space, duration=6.736447600007523>
774.4828 	EXP 	Sound sound_1 reached end of file
774.4988 	EXP 	Playing sound sound_1 on speaker Speaker (2- Realtek(R) Audio)
774.7964 	EXP 	Sound sound_1 stopped
774.8127 	EXP 	text: autoDraw = True
774.8127 	EXP 	textbox: autoDraw = True
775.0875 	DATA 	Keypress: 2
775.0986 	EXP 	Device response: <KeyPress from None: t=775.0868627000018, value=2, duration=None>
775.2666 	EXP 	Device response: <KeyPress from None: t=775.0868627000018, value=2, duration=0.163629899994703>
775.6343 	DATA 	Keypress: 0
775.6365 	EXP 	Device response: <KeyPress from None: t=775.629666199995, value=0, duration=None>
775.7501 	EXP 	Device response: <KeyPress from None: t=775.629666199995, value=0, duration=0.11636380001436919>
775.8486 	DATA 	Keypress: 0
775.8508 	EXP 	Device response: <KeyPress from None: t=775.8426576000056, value=0, duration=None>
775.9330 	EXP 	Device response: <KeyPress from None: t=775.8426576000056, value=0, duration=0.08448589997715317>
777.3512 	DATA 	Mouse: Left button down, pos=(1265,357)
777.3528 	EXP 	New trial (rep=12, index=7): <Trial 151 (7 in rep 12) data={'delay': 0.1, 'freq': 400, 'condition': 'unexp', 'thisN': 151, 'thisTrialN': 7, 'thisRepN': 12}>
777.3641 	EXP 	text: autoDraw = False
777.3641 	EXP 	textbox: autoDraw = False
777.3641 	EXP 	polygon: autoDraw = True
777.5858 	DATA 	Mouse:  Left button up, pos=(1265,357)
778.3655 	INFO 	Keyboard events cleared
778.3652 	EXP 	polygon: autoDraw = False
778.3652 	EXP 	polygon_2: autoDraw = True
778.6996 	EXP 	Device response: <KeyPress from None: t=778.6940064000082, value=space, duration=None>
778.7018 	DATA 	Keypress: space
778.7151 	EXP 	polygon: autoDraw = False
778.7151 	EXP 	polygon_2: autoDraw = False
778.7826 	EXP 	Sound sound_1 reached end of file
778.7989 	EXP 	Playing sound sound_1 on speaker Speaker (2- Realtek(R) Audio)
778.8157 	EXP 	Device response: <KeyPress from None: t=773.795504299982, value=space, duration=5.010794000001624>
779.0933 	EXP 	Sound sound_1 stopped
779.1024 	EXP 	text: autoDraw = True
779.1024 	EXP 	textbox: autoDraw = True
780.1032 	DATA 	Keypress: 3
780.1151 	EXP 	Device response: <KeyPress from None: t=780.1014368000033, value=3, duration=None>
780.2499 	EXP 	Device response: <KeyPress from None: t=780.1014368000033, value=3, duration=0.14721969998208806>
780.4874 	DATA 	Keypress: 0
780.4995 	EXP 	Device response: <KeyPress from None: t=780.4841278999811, value=0, duration=None>
780.5994 	EXP 	Device response: <KeyPress from None: t=780.4841278999811, value=0, duration=0.0990491000120528>
780.6525 	DATA 	Keypress: 0
780.6656 	EXP 	Device response: <KeyPress from None: t=780.6505538999918, value=0, duration=None>
780.7507 	EXP 	Device response: <KeyPress from None: t=780.6505538999918, value=0, duration=0.0921024999988731>
781.7709 	DATA 	Mouse: Left button down, pos=(1238,323)
781.7826 	EXP 	New trial (rep=12, index=8): <Trial 152 (8 in rep 12) data={'delay': 0.4, 'freq': 1000, 'condition': 'expected', 'thisN': 152, 'thisTrialN': 8, 'thisRepN': 12}>
781.7985 	EXP 	text: autoDraw = False
781.7985 	EXP 	textbox: autoDraw = False
781.7985 	EXP 	polygon: autoDraw = True
782.0026 	DATA 	Mouse:  Left button up, pos=(1238,323)
782.5844 	DATA 	Keypress: space
782.5995 	EXP 	Device response: <KeyPress from None: t=782.5838801999926, value=space, duration=None>
782.6996 	EXP 	Device response: <KeyPress from None: t=778.6940064000082, value=space, duration=4.000090599991381>
782.7825 	INFO 	Keyboard events cleared
782.7823 	EXP 	polygon_2: autoDraw = True
782.7985 	EXP 	polygon: autoDraw = False
783.0168 	EXP 	Device response: <KeyPress from None: t=783.0164893000037, value=space, duration=None>
783.0190 	DATA 	Keypress: space
783.0320 	EXP 	polygon: autoDraw = False
783.0320 	EXP 	polygon_2: autoDraw = False
783.1154 	EXP 	Device response: <KeyPress from None: t=782.5838801999926, value=space, duration=0.5169587999989744>
783.4157 	EXP 	Sound sound_1 reached end of file
783.4318 	EXP 	Playing sound sound_1 on speaker Speaker (2- Realtek(R) Audio)
783.7275 	EXP 	Sound sound_1 stopped
783.7408 	EXP 	text: autoDraw = True
783.7408 	EXP 	textbox: autoDraw = True
784.1540 	DATA 	Keypress: 4
784.1648 	EXP 	Device response: <KeyPress from None: t=784.1524179999833, value=4, duration=None>
784.2829 	EXP 	Device response: <KeyPress from None: t=784.1524179999833, value=4, duration=0.1269256000232417>
784.4844 	DATA 	Keypress: 0
784.4998 	EXP 	Device response: <KeyPress from None: t=784.4838041999901, value=0, duration=None>
784.5657 	EXP 	Device response: <KeyPress from None: t=784.4838041999901, value=0, duration=0.07031810001353733>
784.6207 	DATA 	Keypress: 0
784.6328 	EXP 	Device response: <KeyPress from None: t=784.618799399992, value=0, duration=None>
784.7153 	EXP 	Device response: <KeyPress from None: t=784.618799399992, value=0, duration=0.08038180001312867>
785.6193 	DATA 	Mouse: Left button down, pos=(1200,311)
785.6208 	EXP 	New trial (rep=12, index=9): <Trial 153 (9 in rep 12) data={'delay': 0.4, 'freq': 400, 'condition': 'unexp', 'thisN': 153, 'thisTrialN': 9, 'thisRepN': 12}>
785.6315 	EXP 	text: autoDraw = False
785.6315 	EXP 	textbox: autoDraw = False
785.6315 	EXP 	polygon: autoDraw = True
785.8355 	DATA 	Mouse:  Left button up, pos=(1200,311)
786.2492 	EXP 	Device response: <KeyPress from None: t=786.2344194999896, value=space, duration=None>
786.2506 	DATA 	Keypress: space
786.3992 	EXP 	Device response: <KeyPress from None: t=783.0164893000037, value=space, duration=3.3679916999826673>
786.6320 	INFO 	Keyboard events cleared
786.6319 	EXP 	polygon: autoDraw = False
786.6319 	EXP 	polygon_2: autoDraw = True
786.7154 	EXP 	Device response: <KeyPress from None: t=786.7144299999927, value=space, duration=None>
786.7176 	DATA 	Keypress: space
786.7321 	EXP 	polygon: autoDraw = False
786.7321 	EXP 	polygon_2: autoDraw = False
786.8326 	EXP 	Device response: <KeyPress from None: t=786.2344194999896, value=space, duration=0.5916227000125218>
787.0993 	EXP 	Sound sound_1 reached end of file
787.1153 	EXP 	Playing sound sound_1 on speaker Speaker (2- Realtek(R) Audio)
787.4139 	EXP 	Sound sound_1 stopped
787.4408 	EXP 	text: autoDraw = True
787.4408 	EXP 	textbox: autoDraw = True
788.7822 	DATA 	Keypress: 5
788.7833 	EXP 	Device response: <KeyPress from None: t=788.7722293999977, value=5, duration=None>
788.8832 	EXP 	Device response: <KeyPress from None: t=788.7722293999977, value=5, duration=0.10954400000628084>
789.1166 	DATA 	Keypress: 0
789.1181 	EXP 	Device response: <KeyPress from None: t=789.1158718999941, value=0, duration=None>
789.2324 	EXP 	Device response: <KeyPress from None: t=789.1158718999941, value=0, duration=0.10491779999574646>
789.2885 	DATA 	Keypress: 0
789.2999 	EXP 	Device response: <KeyPress from None: t=789.2875965999847, value=0, duration=None>
789.3666 	EXP 	Device response: <KeyPress from None: t=789.2875965999847, value=0, duration=0.07603550000931136>
790.2849 	DATA 	Mouse: Left button down, pos=(1197,323)
790.2900 	EXP 	New trial (rep=12, index=10): <Trial 154 (10 in rep 12) data={'delay': 0.4, 'freq': 1000, 'condition': 'expected', 'thisN': 154, 'thisTrialN': 10, 'thisRepN': 12}>
790.2972 	EXP 	text: autoDraw = False
790.2972 	EXP 	textbox: autoDraw = False
790.2972 	EXP 	polygon: autoDraw = True
790.5185 	DATA 	Mouse:  Left button up, pos=(1197,323)
791.2983 	INFO 	Keyboard events cleared
791.2981 	EXP 	polygon: autoDraw = False
791.2981 	EXP 	polygon_2: autoDraw = True
791.5317 	EXP 	Device response: <KeyPress from None: t=791.5288639999926, value=space, duration=None>
791.5343 	DATA 	Keypress: space
791.5476 	EXP 	polygon: autoDraw = False
791.5476 	EXP 	polygon_2: autoDraw = False
791.6316 	EXP 	Device response: <KeyPress from None: t=786.7144299999927, value=space, duration=4.912484000000404>
791.9312 	EXP 	Sound sound_1 reached end of file
791.9474 	EXP 	Playing sound sound_1 on speaker Speaker (2- Realtek(R) Audio)
792.2464 	EXP 	Sound sound_1 stopped
792.2607 	EXP 	text: autoDraw = True
792.2607 	EXP 	textbox: autoDraw = True
792.8865 	DATA 	Keypress: 6
792.8985 	EXP 	Device response: <KeyPress from None: t=792.8857607999817, value=6, duration=None>
792.9822 	EXP 	Device response: <KeyPress from None: t=792.8857607999817, value=6, duration=0.08592950002639554>
793.6999 	DATA 	Keypress: 0
793.7028 	EXP 	Device response: <KeyPress from None: t=793.6974965999834, value=0, duration=None>
793.7652 	EXP 	Device response: <KeyPress from None: t=793.6974965999834, value=0, duration=0.05738280000514351>
793.8361 	DATA 	Keypress: 0
793.8481 	EXP 	Device response: <KeyPress from None: t=793.8330414000084, value=0, duration=None>
793.9177 	EXP 	Device response: <KeyPress from None: t=793.8330414000084, value=0, duration=0.0751241999969352>
794.8360 	DATA 	Mouse: Left button down, pos=(1208,293)
794.8490 	EXP 	New trial (rep=12, index=11): <Trial 155 (11 in rep 12) data={'delay': 0.7, 'freq': 1000, 'condition': 'expected', 'thisN': 155, 'thisTrialN': 11, 'thisRepN': 12}>
794.8641 	EXP 	text: autoDraw = False
794.8641 	EXP 	textbox: autoDraw = False
794.8641 	EXP 	polygon: autoDraw = True
795.0683 	DATA 	Mouse:  Left button up, pos=(1208,293)
795.3481 	EXP 	Device response: <KeyPress from None: t=795.3460911999864, value=space, duration=None>
795.3494 	DATA 	Keypress: space
795.4988 	EXP 	Device response: <KeyPress from None: t=791.5288639999926, value=space, duration=3.954071100015426>
795.8011 	DATA 	Keypress: space
795.8149 	EXP 	Device response: <KeyPress from None: t=795.799506899988, value=space, duration=None>
795.8655 	INFO 	Keyboard events cleared
795.8653 	EXP 	polygon: autoDraw = False
795.8653 	EXP 	polygon_2: autoDraw = True
795.9149 	EXP 	Device response: <KeyPress from None: t=795.3460911999864, value=space, duration=0.5659880000166595>
796.1982 	EXP 	Device response: <KeyPress from None: t=796.196942599985, value=space, duration=None>
796.2004 	DATA 	Keypress: space
796.2149 	EXP 	polygon: autoDraw = False
796.2149 	EXP 	polygon_2: autoDraw = False
796.3151 	EXP 	Device response: <KeyPress from None: t=795.799506899988, value=space, duration=0.507349699997576>
796.8823 	EXP 	Sound sound_1 reached end of file
796.8984 	EXP 	Playing sound sound_1 on speaker Speaker (2- Realtek(R) Audio)
797.1935 	EXP 	Sound sound_1 stopped
797.2073 	EXP 	text: autoDraw = True
797.2073 	EXP 	textbox: autoDraw = True
797.4714 	DATA 	Keypress: 7
797.4813 	EXP 	Device response: <KeyPress from None: t=797.4711096999818, value=7, duration=None>
797.5486 	EXP 	Device response: <KeyPress from None: t=797.4711096999818, value=7, duration=0.06778630000189878>
797.9986 	DATA 	Keypress: 0
798.0000 	EXP 	Device response: <KeyPress from None: t=797.9972508999927, value=0, duration=None>
798.0662 	EXP 	Device response: <KeyPress from None: t=797.9972508999927, value=0, duration=0.06480379999266006>
798.1379 	DATA 	Keypress: 0
798.1492 	EXP 	Device response: <KeyPress from None: t=798.1338885999867, value=0, duration=None>
798.2173 	EXP 	Device response: <KeyPress from None: t=798.1338885999867, value=0, duration=0.07520429999567568>
799.0224 	DATA 	Mouse: Left button down, pos=(1210,340)
799.0331 	EXP 	New trial (rep=13, index=0): <Trial 156 (0 in rep 13) data={'delay': 0.4, 'freq': 1000, 'condition': 'expected', 'thisN': 156, 'thisTrialN': 0, 'thisRepN': 13}>
799.0481 	EXP 	text: autoDraw = False
799.0481 	EXP 	textbox: autoDraw = False
799.0481 	EXP 	polygon: autoDraw = True
799.2515 	DATA 	Mouse:  Left button up, pos=(1210,340)
799.3327 	EXP 	Device response: <KeyPress from None: t=799.3196208000008, value=space, duration=None>
799.3341 	DATA 	Keypress: space
799.4322 	EXP 	Device response: <KeyPress from None: t=796.196942599985, value=space, duration=3.233485800010385>
799.9323 	EXP 	Device response: <KeyPress from None: t=799.9285225000058, value=space, duration=None>
799.9336 	DATA 	Keypress: space
800.0151 	EXP 	Device response: <KeyPress from None: t=799.3196208000008, value=space, duration=0.6884606999810785>
800.0482 	INFO 	Keyboard events cleared
800.0480 	EXP 	polygon: autoDraw = False
800.0480 	EXP 	polygon_2: autoDraw = True
800.3989 	EXP 	Device response: <KeyPress from None: t=800.3929956000065, value=space, duration=None>
800.4013 	DATA 	Keypress: space
800.4151 	EXP 	polygon: autoDraw = False
800.4151 	EXP 	polygon_2: autoDraw = False
800.4823 	EXP 	Device response: <KeyPress from None: t=799.9285225000058, value=space, duration=0.5440002999966964>
800.7979 	EXP 	Sound sound_1 reached end of file
800.8141 	EXP 	Playing sound sound_1 on speaker Speaker (2- Realtek(R) Audio)
801.1143 	EXP 	Sound sound_1 stopped
801.1291 	EXP 	text: autoDraw = True
801.1291 	EXP 	textbox: autoDraw = True
802.0322 	DATA 	Keypress: 7
802.0341 	EXP 	Device response: <KeyPress from None: t=802.0296632999962, value=7, duration=None>
802.1001 	EXP 	Device response: <KeyPress from None: t=802.0296632999962, value=7, duration=0.06744300000718795>
802.8998 	DATA 	Keypress: 0
802.9026 	EXP 	Device response: <KeyPress from None: t=802.8921043000009, value=0, duration=None>
802.9652 	EXP 	Device response: <KeyPress from None: t=802.8921043000009, value=0, duration=0.06142149999504909>
803.0324 	DATA 	Keypress: 0
803.0338 	EXP 	Device response: <KeyPress from None: t=803.0233952999988, value=0, duration=None>
803.0997 	EXP 	Device response: <KeyPress from None: t=803.0233952999988, value=0, duration=0.07020029998966493>
804.2240 	DATA 	Keypress: backspace
804.2321 	EXP 	Device response: <KeyPress from None: t=804.2213730000076, value=backspace, duration=None>
804.2988 	EXP 	Device response: <KeyPress from None: t=804.2213730000076, value=backspace, duration=0.06834009999874979>
804.3715 	DATA 	Keypress: backspace
804.3817 	EXP 	Device response: <KeyPress from None: t=804.3711358, value=backspace, duration=None>
804.4656 	EXP 	Device response: <KeyPress from None: t=804.3711358, value=backspace, duration=0.08470239999587648>
804.5330 	DATA 	Keypress: backspace
804.5350 	EXP 	Device response: <KeyPress from None: t=804.522824899992, value=backspace, duration=None>
804.6314 	EXP 	Device response: <KeyPress from None: t=804.522824899992, value=backspace, duration=0.094172700017225>
805.0045 	DATA 	Keypress: 8
805.0145 	EXP 	Device response: <KeyPress from None: t=805.0041109999875, value=8, duration=None>
805.0812 	EXP 	Device response: <KeyPress from None: t=805.0041109999875, value=8, duration=0.06267060001846403>
805.8324 	DATA 	Keypress: 0
805.8338 	EXP 	Device response: <KeyPress from None: t=805.8248194000043, value=0, duration=None>
805.8985 	EXP 	Device response: <KeyPress from None: t=805.8248194000043, value=0, duration=0.06448529998306185>
805.9870 	DATA 	Keypress: 0
805.9978 	EXP 	Device response: <KeyPress from None: t=805.9845784000063, value=0, duration=None>
806.0496 	EXP 	Device response: <KeyPress from None: t=805.9845784000063, value=0, duration=0.05771129997447133>
807.7228 	DATA 	Mouse: Left button down, pos=(1186,334)
807.7320 	EXP 	New trial (rep=13, index=1): <Trial 157 (1 in rep 13) data={'delay': 0.7, 'freq': 1000, 'condition': 'expected', 'thisN': 157, 'thisTrialN': 1, 'thisRepN': 13}>
807.7477 	EXP 	text: autoDraw = False
807.7477 	EXP 	textbox: autoDraw = False
807.7477 	EXP 	polygon: autoDraw = True
807.9516 	DATA 	Mouse:  Left button up, pos=(1186,334)
808.1150 	EXP 	Device response: <KeyPress from None: t=808.1100243999972, value=space, duration=None>
808.1164 	DATA 	Keypress: space
808.1987 	EXP 	Device response: <KeyPress from None: t=800.3929956000065, value=space, duration=7.798510599997826>
808.5512 	DATA 	Keypress: space
808.5653 	EXP 	Device response: <KeyPress from None: t=808.5504552999919, value=space, duration=None>
808.6651 	EXP 	Device response: <KeyPress from None: t=808.1100243999972, value=space, duration=0.5404808000021148>
808.7322 	INFO 	Keyboard events cleared
808.7319 	EXP 	polygon_2: autoDraw = True
808.7480 	EXP 	polygon: autoDraw = False
809.0321 	EXP 	Device response: <KeyPress from None: t=809.0197635999939, value=space, duration=None>
809.0343 	DATA 	Keypress: space
809.0480 	EXP 	polygon: autoDraw = False
809.0480 	EXP 	polygon_2: autoDraw = False
809.0985 	EXP 	Device response: <KeyPress from None: t=808.5504552999919, value=space, duration=0.5366762999910861>
809.7151 	EXP 	Sound sound_1 reached end of file
809.7314 	EXP 	Playing sound sound_1 on speaker Speaker (2- Realtek(R) Audio)
810.0232 	EXP 	Sound sound_1 stopped
810.0368 	EXP 	text: autoDraw = True
810.0368 	EXP 	textbox: autoDraw = True
810.3000 	DATA 	Keypress: 9
810.3017 	EXP 	Device response: <KeyPress from None: t=810.2925990000076, value=9, duration=None>
810.3650 	EXP 	Device response: <KeyPress from None: t=810.2925990000076, value=9, duration=0.0605970999749843>
810.6161 	DATA 	Keypress: 0
810.6185 	EXP 	Device response: <KeyPress from None: t=810.6138365000079, value=0, duration=None>
810.6831 	EXP 	Device response: <KeyPress from None: t=810.6138365000079, value=0, duration=0.06302439997671172>
810.7824 	DATA 	Keypress: 0
810.7836 	EXP 	Device response: <KeyPress from None: t=810.7729975999973, value=0, duration=None>
810.8322 	EXP 	Device response: <KeyPress from None: t=810.7729975999973, value=0, duration=0.05722079999395646>
811.7512 	DATA 	Mouse: Left button down, pos=(1151,316)
811.7534 	EXP 	New trial (rep=13, index=2): <Trial 158 (2 in rep 13) data={'delay': 0.7, 'freq': 1000, 'condition': 'expected', 'thisN': 158, 'thisTrialN': 2, 'thisRepN': 13}>
811.7639 	EXP 	text: autoDraw = False
811.7639 	EXP 	textbox: autoDraw = False
811.7639 	EXP 	polygon: autoDraw = True
811.9833 	DATA 	Mouse:  Left button up, pos=(1151,316)
812.4649 	EXP 	Device response: <KeyPress from None: t=812.4597899999935, value=space, duration=None>
812.4662 	DATA 	Keypress: space
812.5153 	EXP 	Device response: <KeyPress from None: t=809.0197635999939, value=space, duration=3.491416600008961>
812.7647 	INFO 	Keyboard events cleared
812.7645 	EXP 	polygon: autoDraw = False
812.7645 	EXP 	polygon_2: autoDraw = True
812.8987 	EXP 	Device response: <KeyPress from None: t=812.8936929999909, value=space, duration=None>
812.9009 	DATA 	Keypress: space
812.9149 	EXP 	polygon: autoDraw = False
812.9149 	EXP 	polygon_2: autoDraw = False
812.9156 	EXP 	Device response: <KeyPress from None: t=812.4597899999935, value=space, duration=0.4456497000064701>
812.9183 	DATA 	Keypress: space
812.9323 	EXP 	Device response: <KeyPress from None: t=812.9173235000053, value=space, duration=None>
812.9483 	EXP 	Device response: <KeyPress from None: t=812.8936929999909, value=space, duration=0.05002480000257492>
813.5826 	EXP 	Sound sound_1 reached end of file
813.5983 	EXP 	Playing sound sound_1 on speaker Speaker (2- Realtek(R) Audio)
813.8978 	EXP 	Sound sound_1 stopped
813.9120 	EXP 	text: autoDraw = True
813.9120 	EXP 	textbox: autoDraw = True
814.5557 	DATA 	Keypress: 2
814.5649 	EXP 	Device response: <KeyPress from None: t=814.5547127999889, value=2, duration=None>
814.6829 	EXP 	Device response: <KeyPress from None: t=814.5547127999889, value=2, duration=0.12268840000615455>
814.6986 	DATA 	Keypress: 0
814.7003 	EXP 	Device response: <KeyPress from None: t=814.6983529999852, value=0, duration=None>
814.7817 	EXP 	Device response: <KeyPress from None: t=814.6983529999852, value=0, duration=0.0706664000172168>
816.1661 	DATA 	Mouse: Left button down, pos=(1177,288)
816.1670 	EXP 	New trial (rep=13, index=3): <Trial 159 (3 in rep 13) data={'delay': 0.4, 'freq': 1000, 'condition': 'expected', 'thisN': 159, 'thisTrialN': 3, 'thisRepN': 13}>
816.1806 	EXP 	text: autoDraw = False
816.1806 	EXP 	textbox: autoDraw = False
816.1806 	EXP 	polygon: autoDraw = True
816.3839 	DATA 	Mouse:  Left button up, pos=(1177,288)
817.0144 	EXP 	Device response: <KeyPress from None: t=817.0042609999946, value=space, duration=None>
817.0155 	DATA 	Keypress: space
817.0644 	EXP 	Device response: <KeyPress from None: t=812.9173235000053, value=space, duration=4.145646699995268>
817.1808 	INFO 	Keyboard events cleared
817.1807 	EXP 	polygon: autoDraw = False
817.1807 	EXP 	polygon_2: autoDraw = True
817.3310 	EXP 	Device response: <KeyPress from None: t=817.3191831999866, value=space, duration=None>
817.3329 	DATA 	Keypress: space
817.3475 	EXP 	polygon: autoDraw = False
817.3475 	EXP 	polygon_2: autoDraw = False
817.3974 	EXP 	Device response: <KeyPress from None: t=817.0042609999946, value=space, duration=0.38788240001304075>
817.6167 	DATA 	Keypress: space
817.6321 	EXP 	Device response: <KeyPress from None: t=817.6158958000015, value=space, duration=None>
817.6989 	EXP 	Device response: <KeyPress from None: t=817.3191831999866, value=space, duration=0.37047150000580586>
817.7158 	EXP 	Sound sound_1 reached end of file
817.7318 	EXP 	Playing sound sound_1 on speaker Speaker (2- Realtek(R) Audio)
818.0310 	EXP 	Sound sound_1 stopped
818.0602 	EXP 	text: autoDraw = True
818.0602 	EXP 	textbox: autoDraw = True
818.3197 	DATA 	Keypress: 2
818.3324 	EXP 	Device response: <KeyPress from None: t=818.3174027999921, value=2, duration=None>
818.4337 	EXP 	Device response: <KeyPress from None: t=818.3174027999921, value=2, duration=0.11076939999475144>
818.5705 	DATA 	Keypress: 4
818.5823 	EXP 	Device response: <KeyPress from None: t=818.5682614999823, value=4, duration=None>
818.6647 	EXP 	Device response: <KeyPress from None: t=818.5682614999823, value=4, duration=0.08399590000044554>
818.7480 	DATA 	Keypress: 3
818.7498 	EXP 	Device response: <KeyPress from None: t=818.7460369000037, value=3, duration=None>
818.8644 	EXP 	Device response: <KeyPress from None: t=818.7460369000037, value=3, duration=0.10269639999023639>
819.6250 	DATA 	Mouse: Left button down, pos=(1165,280)
819.6326 	EXP 	New trial (rep=13, index=4): <Trial 160 (4 in rep 13) data={'delay': 0.7, 'freq': 400, 'condition': 'unexp', 'thisN': 160, 'thisTrialN': 4, 'thisRepN': 13}>
819.6485 	EXP 	text: autoDraw = False
819.6485 	EXP 	textbox: autoDraw = False
819.6485 	EXP 	polygon: autoDraw = True
819.8507 	DATA 	Mouse:  Left button up, pos=(1165,280)
820.0496 	DATA 	Keypress: space
820.0652 	EXP 	Device response: <KeyPress from None: t=820.0481069000089, value=space, duration=None>
820.1665 	EXP 	Device response: <KeyPress from None: t=817.6158958000015, value=space, duration=2.5503462000051513>
820.4658 	EXP 	Device response: <KeyPress from None: t=820.4625494999927, value=space, duration=None>
820.4677 	DATA 	Keypress: space
820.5656 	EXP 	Device response: <KeyPress from None: t=820.0481069000089, value=space, duration=0.5028048999956809>
820.6316 	INFO 	Keyboard events cleared
820.6314 	EXP 	polygon_2: autoDraw = True
820.6479 	EXP 	polygon: autoDraw = False
820.8813 	EXP 	Device response: <KeyPress from None: t=820.8793144999945, value=space, duration=None>
820.8864 	DATA 	Keypress: space
820.8974 	EXP 	polygon: autoDraw = False
820.8974 	EXP 	polygon_2: autoDraw = False
820.9478 	EXP 	Device response: <KeyPress from None: t=820.4625494999927, value=space, duration=0.47631329999421723>
821.5648 	EXP 	Sound sound_1 reached end of file
821.5810 	EXP 	Playing sound sound_1 on speaker Speaker (2- Realtek(R) Audio)
821.6319 	EXP 	Device response: <KeyPress from None: t=821.6305767000013, value=5, duration=None>
821.6328 	DATA 	Keypress: 5
821.7143 	EXP 	Device response: <KeyPress from None: t=821.6305767000013, value=5, duration=0.08060449999175034>
821.8485 	EXP 	Device response: <KeyPress from None: t=821.8372033000051, value=4, duration=None>
821.8495 	DATA 	Keypress: 4
821.8750 	EXP 	Sound sound_1 stopped
821.8898 	EXP 	text: autoDraw = True
821.8898 	EXP 	textbox: autoDraw = True
821.9478 	EXP 	Device response: <KeyPress from None: t=821.8372033000051, value=4, duration=0.10005290000117384>
822.5315 	DATA 	Keypress: 5
822.5327 	EXP 	Device response: <KeyPress from None: t=822.5261152999883, value=5, duration=None>
822.6491 	EXP 	Device response: <KeyPress from None: t=822.5261152999883, value=5, duration=0.11773240001639351>
822.7825 	DATA 	Keypress: 4
822.7842 	EXP 	Device response: <KeyPress from None: t=822.7784866000002, value=4, duration=None>
822.8814 	EXP 	Device response: <KeyPress from None: t=822.7784866000002, value=4, duration=0.09062010000343435>
823.0488 	DATA 	Keypress: 6
823.0501 	EXP 	Device response: <KeyPress from None: t=823.0401578999881, value=6, duration=None>
823.1336 	EXP 	Device response: <KeyPress from None: t=823.0401578999881, value=6, duration=0.08392649999586865>
823.9330 	DATA 	Mouse: Left button down, pos=(1158,286)
823.9341 	EXP 	New trial (rep=13, index=5): <Trial 161 (5 in rep 13) data={'delay': 0.4, 'freq': 1000, 'condition': 'expected', 'thisN': 161, 'thisTrialN': 5, 'thisRepN': 13}>
823.9473 	EXP 	text: autoDraw = False
823.9473 	EXP 	textbox: autoDraw = False
823.9473 	EXP 	polygon: autoDraw = True
824.1510 	DATA 	Mouse:  Left button up, pos=(1158,286)
824.3839 	DATA 	Keypress: space
824.3987 	EXP 	Device response: <KeyPress from None: t=824.3827076999878, value=space, duration=None>
824.4647 	EXP 	Device response: <KeyPress from None: t=820.8793144999945, value=space, duration=3.5729154000000563>
824.8150 	EXP 	Device response: <KeyPress from None: t=824.8052772000083, value=space, duration=None>
824.8164 	DATA 	Keypress: space
824.8820 	EXP 	Device response: <KeyPress from None: t=824.3827076999878, value=space, duration=0.4932361000101082>
824.9478 	INFO 	Keyboard events cleared
824.9476 	EXP 	polygon: autoDraw = False
824.9476 	EXP 	polygon_2: autoDraw = True
825.2315 	EXP 	Device response: <KeyPress from None: t=825.2292675999925, value=space, duration=None>
825.2338 	DATA 	Keypress: space
825.2482 	EXP 	polygon: autoDraw = False
825.2482 	EXP 	polygon_2: autoDraw = False
825.3318 	EXP 	Device response: <KeyPress from None: t=824.8052772000083, value=space, duration=0.5193261999811511>
825.6147 	EXP 	Sound sound_1 reached end of file
825.6309 	EXP 	Playing sound sound_1 on speaker Speaker (2- Realtek(R) Audio)
825.9286 	EXP 	Sound sound_1 stopped
825.9424 	EXP 	text: autoDraw = True
825.9424 	EXP 	textbox: autoDraw = True
826.6649 	DATA 	Keypress: 8
826.6667 	EXP 	Device response: <KeyPress from None: t=826.6598555000091, value=8, duration=None>
826.7480 	EXP 	Device response: <KeyPress from None: t=826.6598555000091, value=8, duration=0.07321329999831505>
826.8482 	DATA 	Keypress: 7
826.8495 	EXP 	Device response: <KeyPress from None: t=826.846921999997, value=7, duration=None>
826.9324 	EXP 	Device response: <KeyPress from None: t=826.846921999997, value=7, duration=0.07839700000477023>
827.0344 	DATA 	Keypress: 6
827.0359 	EXP 	Device response: <KeyPress from None: t=827.0335071999871, value=6, duration=None>
827.1149 	EXP 	Device response: <KeyPress from None: t=827.0335071999871, value=6, duration=0.07394740000017919>
827.9903 	DATA 	Mouse: Left button down, pos=(1225,334)
827.9987 	EXP 	New trial (rep=13, index=6): <Trial 162 (6 in rep 13) data={'delay': 0.1, 'freq': 1000, 'condition': 'expected', 'thisN': 162, 'thisTrialN': 6, 'thisRepN': 13}>
828.0139 	EXP 	text: autoDraw = False
828.0139 	EXP 	textbox: autoDraw = False
828.0139 	EXP 	polygon: autoDraw = True
828.2171 	DATA 	Mouse:  Left button up, pos=(1225,334)
828.3833 	EXP 	Device response: <KeyPress from None: t=828.3780209999823, value=space, duration=None>
828.3847 	DATA 	Keypress: space
828.4488 	EXP 	Device response: <KeyPress from None: t=825.2292675999925, value=space, duration=3.2077706000127364>
828.8328 	EXP 	Device response: <KeyPress from None: t=828.817040199996, value=space, duration=None>
828.8343 	DATA 	Keypress: space
828.8981 	EXP 	Device response: <KeyPress from None: t=828.3780209999823, value=space, duration=0.5167417000047863>
828.9976 	INFO 	Keyboard events cleared
828.9974 	EXP 	polygon_2: autoDraw = True
829.0146 	EXP 	polygon: autoDraw = False
829.1988 	EXP 	Device response: <KeyPress from None: t=829.1912345000019, value=space, duration=None>
829.2010 	DATA 	Keypress: space
829.2147 	EXP 	polygon: autoDraw = False
829.2147 	EXP 	polygon_2: autoDraw = False
829.2655 	EXP 	Device response: <KeyPress from None: t=828.817040199996, value=space, duration=0.44215049999183975>
829.2827 	EXP 	Sound sound_1 reached end of file
829.2988 	EXP 	Playing sound sound_1 on speaker Speaker (2- Realtek(R) Audio)
829.5961 	EXP 	Sound sound_1 stopped
829.5966 	EXP 	Device response: <KeyPress from None: t=829.5844245000044, value=space, duration=None>
829.5985 	DATA 	Keypress: space
829.6212 	EXP 	text: autoDraw = True
829.6212 	EXP 	textbox: autoDraw = True
829.6645 	EXP 	Device response: <KeyPress from None: t=829.1912345000019, value=space, duration=0.45356949997949414>
830.7360 	DATA 	Keypress: 8
830.7483 	EXP 	Device response: <KeyPress from None: t=830.7337205999938, value=8, duration=None>
830.8000 	EXP 	Device response: <KeyPress from None: t=830.7337205999938, value=8, duration=0.05938890000106767>
830.9153 	DATA 	Keypress: 7
830.9174 	EXP 	Device response: <KeyPress from None: t=830.9137271000072, value=7, duration=None>
830.9834 	EXP 	Device response: <KeyPress from None: t=830.9137271000072, value=7, duration=0.06329279998317361>
831.1008 	DATA 	Keypress: 5
831.1026 	EXP 	Device response: <KeyPress from None: t=831.0994689000072, value=5, duration=None>
831.1105 	DATA 	Keypress: 6
831.1158 	EXP 	Device response: <KeyPress from None: t=831.1078169999819, value=6, duration=None>
831.1672 	EXP 	Device response: <KeyPress from None: t=831.1078169999819, value=6, duration=0.04384660001960583>
831.1672 	EXP 	Device response: <KeyPress from None: t=831.0994689000072, value=5, duration=0.06191729998681694>
831.8653 	DATA 	Keypress: backspace
831.8677 	EXP 	Device response: <KeyPress from None: t=831.863443499984, value=backspace, duration=None>
831.8721 	DATA 	Keypress: equal
831.8870 	EXP 	Device response: <KeyPress from None: t=831.8714010999829, value=equal, duration=None>
831.9312 	EXP 	Device response: <KeyPress from None: t=831.8714010999829, value=equal, duration=0.04788720002397895>
831.9487 	EXP 	Device response: <KeyPress from None: t=831.863443499984, value=backspace, duration=0.06979580002371222>
832.8016 	DATA 	Keypress: backspace
832.8146 	EXP 	Device response: <KeyPress from None: t=832.7984874999966, value=backspace, duration=None>
832.8824 	EXP 	Device response: <KeyPress from None: t=832.7984874999966, value=backspace, duration=0.07283630000893027>
833.8405 	DATA 	Mouse: Left button down, pos=(1156,368)
833.8499 	EXP 	New trial (rep=13, index=7): <Trial 163 (7 in rep 13) data={'delay': 0.1, 'freq': 1000, 'condition': 'expected', 'thisN': 163, 'thisTrialN': 7, 'thisRepN': 13}>
833.8645 	EXP 	text: autoDraw = False
833.8645 	EXP 	textbox: autoDraw = False
833.8645 	EXP 	polygon: autoDraw = True
834.0852 	DATA 	Mouse:  Left button up, pos=(1156,368)
834.4816 	EXP 	Device response: <KeyPress from None: t=834.4772400000074, value=space, duration=None>
834.4831 	DATA 	Keypress: space
834.5315 	EXP 	Device response: <KeyPress from None: t=829.5844245000044, value=space, duration=4.9424161999777425>
834.8314 	EXP 	Device response: <KeyPress from None: t=834.8261975999922, value=space, duration=None>
834.8329 	DATA 	Keypress: space
834.8649 	INFO 	Keyboard events cleared
834.8647 	EXP 	polygon: autoDraw = False
834.8647 	EXP 	polygon_2: autoDraw = True
835.1656 	EXP 	Device response: <KeyPress from None: t=834.4772400000074, value=space, duration=0.6808098999899812>
836.6501 	DATA 	Keypress: space
836.6652 	EXP 	Device response: <KeyPress from None: t=836.6493029999838, value=space, duration=None>
836.6814 	EXP 	polygon: autoDraw = False
836.6814 	EXP 	polygon_2: autoDraw = False
836.7322 	EXP 	Device response: <KeyPress from None: t=834.8261975999922, value=space, duration=1.8979492000071332>
836.7483 	EXP 	Sound sound_1 reached end of file
836.7645 	EXP 	Playing sound sound_1 on speaker Speaker (2- Realtek(R) Audio)
837.0640 	EXP 	Sound sound_1 stopped
837.0973 	EXP 	text: autoDraw = True
837.0973 	EXP 	textbox: autoDraw = True
837.6698 	DATA 	Keypress: 8
837.6815 	EXP 	Device response: <KeyPress from None: t=837.6669059999986, value=8, duration=None>
837.7514 	EXP 	Device response: <KeyPress from None: t=837.6669059999986, value=8, duration=0.07108309998875484>
837.8649 	DATA 	Keypress: 9
837.8662 	EXP 	Device response: <KeyPress from None: t=837.8594610999862, value=9, duration=None>
837.9482 	EXP 	Device response: <KeyPress from None: t=837.8594610999862, value=9, duration=0.08391620000475086>
838.0997 	DATA 	Keypress: 7
838.1025 	EXP 	Device response: <KeyPress from None: t=838.0903871000046, value=7, duration=None>
838.1647 	EXP 	Device response: <KeyPress from None: t=838.0903871000046, value=7, duration=0.06267250000382774>
839.0327 	DATA 	Mouse: Left button down, pos=(1258,323)
839.0338 	EXP 	New trial (rep=13, index=8): <Trial 164 (8 in rep 13) data={'delay': 0.1, 'freq': 1000, 'condition': 'expected', 'thisN': 164, 'thisTrialN': 8, 'thisRepN': 13}>
839.0477 	EXP 	text: autoDraw = False
839.0477 	EXP 	textbox: autoDraw = False
839.0477 	EXP 	polygon: autoDraw = True
839.2679 	DATA 	Mouse:  Left button up, pos=(1258,323)
839.5148 	EXP 	Device response: <KeyPress from None: t=839.5129525999946, value=space, duration=None>
839.5161 	DATA 	Keypress: space
839.6154 	EXP 	Device response: <KeyPress from None: t=836.6493029999838, value=space, duration=2.954019500000868>
839.9491 	EXP 	Device response: <KeyPress from None: t=839.9429875999922, value=space, duration=None>
839.9507 	DATA 	Keypress: space
840.0483 	INFO 	Keyboard events cleared
840.0480 	EXP 	polygon: autoDraw = False
840.0480 	EXP 	polygon_2: autoDraw = True
840.0821 	EXP 	Device response: <KeyPress from None: t=839.5129525999946, value=space, duration=0.5600797999941278>
841.2820 	EXP 	Device response: <KeyPress from None: t=841.269980299985, value=space, duration=None>
841.2842 	DATA 	Keypress: space
841.2976 	EXP 	polygon: autoDraw = False
841.2976 	EXP 	polygon_2: autoDraw = False
841.3654 	EXP 	Sound sound_1 reached end of file
841.3814 	EXP 	Playing sound sound_1 on speaker Speaker (2- Realtek(R) Audio)
841.3817 	EXP 	Device response: <KeyPress from None: t=839.9429875999922, value=space, duration=1.4228879000002053>
841.6840 	EXP 	Sound sound_1 stopped
841.6973 	EXP 	text: autoDraw = True
841.6973 	EXP 	textbox: autoDraw = True
842.9482 	DATA 	Keypress: 5
842.9495 	EXP 	Device response: <KeyPress from None: t=842.9444611000072, value=5, duration=None>
842.9983 	EXP 	Device response: <KeyPress from None: t=842.9444611000072, value=5, duration=0.049926399980904534>
843.1666 	DATA 	Keypress: 6
843.1690 	EXP 	Device response: <KeyPress from None: t=843.1650688000082, value=6, duration=None>
843.2346 	EXP 	Device response: <KeyPress from None: t=843.1650688000082, value=6, duration=0.06765089998953044>
843.4865 	DATA 	Keypress: 4
843.4981 	EXP 	Device response: <KeyPress from None: t=843.4847660999803, value=4, duration=None>
843.5317 	EXP 	Device response: <KeyPress from None: t=843.4847660999803, value=4, duration=0.03602370002772659>
844.4682 	DATA 	Mouse: Left button down, pos=(1241,255)
844.4693 	EXP 	New trial (rep=13, index=9): <Trial 165 (9 in rep 13) data={'delay': 0.7, 'freq': 1000, 'condition': 'expected', 'thisN': 165, 'thisTrialN': 9, 'thisRepN': 13}>
844.4805 	EXP 	text: autoDraw = False
844.4805 	EXP 	textbox: autoDraw = False
844.4805 	EXP 	polygon: autoDraw = True
844.6841 	DATA 	Mouse:  Left button up, pos=(1241,255)
844.9338 	DATA 	Keypress: space
844.9483 	EXP 	Device response: <KeyPress from None: t=844.9331192999962, value=space, duration=None>
845.0652 	EXP 	Device response: <KeyPress from None: t=841.269980299985, value=space, duration=3.782135000015842>
845.3827 	EXP 	Device response: <KeyPress from None: t=845.382343300007, value=space, duration=None>
845.3840 	DATA 	Keypress: space
845.4810 	INFO 	Keyboard events cleared
845.4808 	EXP 	polygon: autoDraw = False
845.4808 	EXP 	polygon_2: autoDraw = True
845.5150 	EXP 	Device response: <KeyPress from None: t=844.9331192999962, value=space, duration=0.5732063000032213>
845.8142 	EXP 	Device response: <KeyPress from None: t=845.7997897999885, value=space, duration=None>
845.8165 	DATA 	Keypress: space
845.8303 	EXP 	polygon: autoDraw = False
845.8303 	EXP 	polygon_2: autoDraw = False
845.9151 	EXP 	Device response: <KeyPress from None: t=845.382343300007, value=space, duration=0.5206548999994993>
846.4975 	EXP 	Sound sound_1 reached end of file
846.5138 	EXP 	Playing sound sound_1 on speaker Speaker (2- Realtek(R) Audio)
846.8140 	EXP 	Sound sound_1 stopped
846.8291 	EXP 	text: autoDraw = True
846.8291 	EXP 	textbox: autoDraw = True
848.6815 	DATA 	Keypress: 3
848.6836 	EXP 	Device response: <KeyPress from None: t=848.678118699987, value=3, duration=None>
848.7666 	EXP 	Device response: <KeyPress from None: t=848.678118699987, value=3, duration=0.07990470001823269>
848.8815 	DATA 	Keypress: 4
848.8829 	EXP 	Device response: <KeyPress from None: t=848.8801907000015, value=4, duration=None>
848.9654 	EXP 	Device response: <KeyPress from None: t=848.8801907000015, value=4, duration=0.07889089998207055>
849.0816 	DATA 	Keypress: 5
849.0833 	EXP 	Device response: <KeyPress from None: t=849.0806794000091, value=5, duration=None>
849.1826 	EXP 	Device response: <KeyPress from None: t=849.0806794000091, value=5, duration=0.08820639998884872>
850.4537 	DATA 	Mouse: Left button down, pos=(1241,255)
850.4658 	EXP 	New trial (rep=13, index=10): <Trial 166 (10 in rep 13) data={'delay': 0.1, 'freq': 400, 'condition': 'unexp', 'thisN': 166, 'thisTrialN': 10, 'thisRepN': 13}>
850.4817 	EXP 	text: autoDraw = False
850.4817 	EXP 	textbox: autoDraw = False
850.4817 	EXP 	polygon: autoDraw = True
850.6847 	DATA 	Mouse:  Left button up, pos=(1241,255)
851.0150 	EXP 	Device response: <KeyPress from None: t=851.0110830999911, value=space, duration=None>
851.0164 	DATA 	Keypress: space
851.1315 	EXP 	Device response: <KeyPress from None: t=845.7997897999885, value=space, duration=5.317333400016651>
851.4808 	INFO 	Keyboard events cleared
851.4806 	EXP 	polygon: autoDraw = False
851.4806 	EXP 	polygon_2: autoDraw = True
851.4975 	EXP 	Device response: <KeyPress from None: t=851.4836348999816, value=space, duration=None>
851.4999 	DATA 	Keypress: space
851.5148 	EXP 	polygon: autoDraw = False
851.5148 	EXP 	polygon_2: autoDraw = False
851.5814 	EXP 	Sound sound_1 reached end of file
851.5976 	EXP 	Playing sound sound_1 on speaker Speaker (2- Realtek(R) Audio)
851.6151 	EXP 	Device response: <KeyPress from None: t=851.0110830999911, value=space, duration=0.5965568000101484>
851.8957 	EXP 	Sound sound_1 stopped
851.9099 	EXP 	text: autoDraw = True
851.9099 	EXP 	textbox: autoDraw = True
853.3150 	DATA 	Keypress: 9
853.3166 	EXP 	Device response: <KeyPress from None: t=853.3123589000024, value=9, duration=None>
853.3993 	EXP 	Device response: <KeyPress from None: t=853.3123589000024, value=9, duration=0.08499999999185093>
853.5668 	DATA 	Keypress: 8
853.5688 	EXP 	Device response: <KeyPress from None: t=853.5576211999869, value=8, duration=None>
853.6812 	EXP 	Device response: <KeyPress from None: t=853.5576211999869, value=8, duration=0.10827070000232197>
853.8318 	DATA 	Keypress: 6
853.8342 	EXP 	Device response: <KeyPress from None: t=853.8298808999825, value=6, duration=None>
853.9167 	EXP 	Device response: <KeyPress from None: t=853.8298808999825, value=6, duration=0.0828355000121519>
854.8191 	DATA 	Mouse: Left button down, pos=(1270,284)
854.8314 	EXP 	New trial (rep=13, index=11): <Trial 167 (11 in rep 13) data={'delay': 0.4, 'freq': 400, 'condition': 'unexp', 'thisN': 167, 'thisTrialN': 11, 'thisRepN': 13}>
854.8471 	EXP 	text: autoDraw = False
854.8471 	EXP 	textbox: autoDraw = False
854.8471 	EXP 	polygon: autoDraw = True
855.0494 	DATA 	Mouse:  Left button up, pos=(1270,284)
855.1980 	EXP 	Device response: <KeyPress from None: t=855.1949494, value=space, duration=None>
855.1995 	DATA 	Keypress: space
855.2983 	EXP 	Device response: <KeyPress from None: t=851.4836348999816, value=space, duration=3.811044000001857>
855.6646 	EXP 	Device response: <KeyPress from None: t=855.6562689999992, value=space, duration=None>
855.6665 	DATA 	Keypress: space
855.7811 	EXP 	Device response: <KeyPress from None: t=855.1949494, value=space, duration=0.5755012999870814>
855.8312 	INFO 	Keyboard events cleared
855.8310 	EXP 	polygon_2: autoDraw = True
855.8481 	EXP 	polygon: autoDraw = False
856.1482 	EXP 	Device response: <KeyPress from None: t=856.1429091999889, value=space, duration=None>
856.1504 	DATA 	Keypress: space
856.1648 	EXP 	polygon: autoDraw = False
856.1648 	EXP 	polygon_2: autoDraw = False
856.2153 	EXP 	Device response: <KeyPress from None: t=855.6562689999992, value=space, duration=0.5587765999953263>
856.5476 	EXP 	Sound sound_1 reached end of file
856.5638 	EXP 	Playing sound sound_1 on speaker Speaker (2- Realtek(R) Audio)
856.8656 	EXP 	Sound sound_1 stopped
856.8802 	EXP 	text: autoDraw = True
856.8802 	EXP 	textbox: autoDraw = True
858.5980 	DATA 	Keypress: 6
858.5995 	EXP 	Device response: <KeyPress from None: t=858.5911350999959, value=6, duration=None>
858.6825 	EXP 	Device response: <KeyPress from None: t=858.5911350999959, value=6, duration=0.08593259999179281>
858.8153 	DATA 	Keypress: 5
858.8176 	EXP 	Device response: <KeyPress from None: t=858.8144557999913, value=5, duration=None>
858.8841 	EXP 	Device response: <KeyPress from None: t=858.8144557999913, value=5, duration=0.06537940000998788>
858.9983 	DATA 	Keypress: 7
859.0002 	EXP 	Device response: <KeyPress from None: t=858.9970992000017, value=7, duration=None>
859.0819 	EXP 	Device response: <KeyPress from None: t=858.9970992000017, value=7, duration=0.08373079999000765>
860.1736 	DATA 	Mouse: Left button down, pos=(1270,284)
860.1826 	EXP 	New trial (rep=14, index=0): <Trial 168 (0 in rep 14) data={'delay': 0.7, 'freq': 400, 'condition': 'unexp', 'thisN': 168, 'thisTrialN': 0, 'thisRepN': 14}>
860.1982 	EXP 	text: autoDraw = False
860.1982 	EXP 	textbox: autoDraw = False
860.1982 	EXP 	polygon: autoDraw = True
860.4012 	DATA 	Mouse:  Left button up, pos=(1270,284)
861.1971 	INFO 	Keyboard events cleared
861.1970 	EXP 	polygon: autoDraw = False
861.1970 	EXP 	polygon_2: autoDraw = True
861.3816 	EXP 	Device response: <KeyPress from None: t=861.3813669999945, value=space, duration=None>
861.3829 	DATA 	Keypress: space
861.4139 	EXP 	polygon: autoDraw = False
861.4139 	EXP 	polygon_2: autoDraw = False
861.4812 	EXP 	Device response: <KeyPress from None: t=856.1429091999889, value=space, duration=5.334645399998408>
862.0812 	EXP 	Sound sound_1 reached end of file
862.0974 	EXP 	Playing sound sound_1 on speaker Speaker (2- Realtek(R) Audio)
862.3984 	EXP 	Sound sound_1 stopped
862.4099 	EXP 	text: autoDraw = True
862.4099 	EXP 	textbox: autoDraw = True
863.7034 	DATA 	Keypress: 9
863.7153 	EXP 	Device response: <KeyPress from None: t=863.6988879999844, value=9, duration=None>
863.7662 	EXP 	Device response: <KeyPress from None: t=863.6988879999844, value=9, duration=0.0650683999992907>
863.9309 	DATA 	Keypress: 8
863.9329 	EXP 	Device response: <KeyPress from None: t=863.9277221999946, value=8, duration=None>
864.0172 	EXP 	Device response: <KeyPress from None: t=863.9277221999946, value=8, duration=0.08203250000951812>
864.1727 	DATA 	Keypress: 7
864.1827 	EXP 	Device response: <KeyPress from None: t=864.170699099981, value=7, duration=None>
864.2496 	EXP 	Device response: <KeyPress from None: t=864.170699099981, value=7, duration=0.07071200001519173>
865.4160 	DATA 	Mouse: Left button down, pos=(1270,284)
865.4173 	EXP 	New trial (rep=14, index=1): <Trial 169 (1 in rep 14) data={'delay': 0.7, 'freq': 1000, 'condition': 'expected', 'thisN': 169, 'thisTrialN': 1, 'thisRepN': 14}>
865.4301 	EXP 	text: autoDraw = False
865.4301 	EXP 	textbox: autoDraw = False
865.4301 	EXP 	polygon: autoDraw = True
865.6338 	DATA 	Mouse:  Left button up, pos=(1270,284)
866.4316 	INFO 	Keyboard events cleared
866.4313 	EXP 	polygon: autoDraw = False
866.4313 	EXP 	polygon_2: autoDraw = True
868.1649 	EXP 	Device response: <KeyPress from None: t=868.1603883999924, value=space, duration=None>
868.1671 	DATA 	Keypress: space
868.1809 	EXP 	polygon: autoDraw = False
868.1809 	EXP 	polygon_2: autoDraw = False
868.2974 	EXP 	Device response: <KeyPress from None: t=861.3813669999945, value=space, duration=6.911467400001129>
868.8640 	EXP 	Sound sound_1 reached end of file
868.8801 	EXP 	Playing sound sound_1 on speaker Speaker (2- Realtek(R) Audio)
869.1734 	EXP 	Sound sound_1 stopped
869.1873 	EXP 	text: autoDraw = True
869.1873 	EXP 	textbox: autoDraw = True
870.5646 	DATA 	Keypress: 5
870.5659 	EXP 	Device response: <KeyPress from None: t=870.5610928999959, value=5, duration=None>
870.6333 	EXP 	Device response: <KeyPress from None: t=870.5610928999959, value=5, duration=0.06834379999781959>
870.7832 	DATA 	Keypress: 4
870.7853 	EXP 	Device response: <KeyPress from None: t=870.7823329000094, value=4, duration=None>
870.8645 	EXP 	Device response: <KeyPress from None: t=870.7823329000094, value=4, duration=0.06639469999936409>
871.0163 	DATA 	Keypress: 6
871.0177 	EXP 	Device response: <KeyPress from None: t=871.005551899987, value=6, duration=None>
871.0973 	EXP 	Device response: <KeyPress from None: t=871.005551899987, value=6, duration=0.07675199999357574>
871.8986 	DATA 	Mouse: Left button down, pos=(1270,284)
871.8995 	EXP 	New trial (rep=14, index=2): <Trial 170 (2 in rep 14) data={'delay': 0.1, 'freq': 1000, 'condition': 'expected', 'thisN': 170, 'thisTrialN': 2, 'thisRepN': 14}>
871.9133 	EXP 	text: autoDraw = False
871.9133 	EXP 	textbox: autoDraw = False
871.9133 	EXP 	polygon: autoDraw = True
872.1166 	DATA 	Mouse:  Left button up, pos=(1270,284)
872.9136 	INFO 	Keyboard events cleared
872.9135 	EXP 	polygon: autoDraw = False
872.9135 	EXP 	polygon_2: autoDraw = True
874.1482 	EXP 	Device response: <KeyPress from None: t=874.1337116000068, value=space, duration=None>
874.1509 	DATA 	Keypress: space
874.1649 	EXP 	polygon: autoDraw = False
874.1649 	EXP 	polygon_2: autoDraw = False
874.2313 	EXP 	Sound sound_1 reached end of file
874.2475 	EXP 	Playing sound sound_1 on speaker Speaker (2- Realtek(R) Audio)
874.2478 	EXP 	Device response: <KeyPress from None: t=868.1603883999924, value=space, duration=6.076675499993144>
874.5441 	EXP 	Sound sound_1 stopped
874.5575 	EXP 	text: autoDraw = True
874.5575 	EXP 	textbox: autoDraw = True
876.2477 	DATA 	Keypress: 7
876.2493 	EXP 	Device response: <KeyPress from None: t=876.2471297000011, value=7, duration=None>
876.3318 	EXP 	Device response: <KeyPress from None: t=876.2471297000011, value=7, duration=0.08206839999184012>
876.4659 	DATA 	Keypress: 6
876.4679 	EXP 	Device response: <KeyPress from None: t=876.4577095999848, value=6, duration=None>
876.5335 	EXP 	Device response: <KeyPress from None: t=876.4577095999848, value=6, duration=0.06827859999611974>
876.6665 	DATA 	Keypress: 8
876.6688 	EXP 	Device response: <KeyPress from None: t=876.6567440000072, value=8, duration=None>
876.7336 	EXP 	Device response: <KeyPress from None: t=876.6567440000072, value=8, duration=0.06819389999145642>
877.7870 	DATA 	Mouse: Left button down, pos=(1270,284)
877.8014 	EXP 	New trial (rep=14, index=3): <Trial 171 (3 in rep 14) data={'delay': 0.4, 'freq': 1000, 'condition': 'expected', 'thisN': 171, 'thisTrialN': 3, 'thisRepN': 14}>
877.8136 	EXP 	text: autoDraw = False
877.8136 	EXP 	textbox: autoDraw = False
877.8136 	EXP 	polygon: autoDraw = True
878.0178 	DATA 	Mouse:  Left button up, pos=(1270,284)
878.5853 	DATA 	Mouse: Left button down, pos=(1270,284)
878.8139 	INFO 	Keyboard events cleared
878.8137 	EXP 	polygon: autoDraw = False
878.8137 	EXP 	polygon_2: autoDraw = True
878.8169 	DATA 	Mouse:  Left button up, pos=(1270,284)
879.0157 	EXP 	Device response: <KeyPress from None: t=879.0152651999961, value=space, duration=None>
879.0180 	DATA 	Keypress: space
879.0308 	EXP 	polygon: autoDraw = False
879.0308 	EXP 	polygon_2: autoDraw = False
879.1149 	EXP 	Device response: <KeyPress from None: t=874.1337116000068, value=space, duration=4.974318599997787>
879.4152 	EXP 	Sound sound_1 reached end of file
879.4313 	EXP 	Playing sound sound_1 on speaker Speaker (2- Realtek(R) Audio)
879.7308 	EXP 	Sound sound_1 stopped
879.7467 	EXP 	text: autoDraw = True
879.7467 	EXP 	textbox: autoDraw = True
880.7486 	DATA 	Keypress: 6
880.7497 	EXP 	Device response: <KeyPress from None: t=880.7457782999845, value=6, duration=None>
880.8336 	EXP 	Device response: <KeyPress from None: t=880.7457782999845, value=6, duration=0.0864968000096269>
880.9503 	DATA 	Keypress: 5
880.9654 	EXP 	Device response: <KeyPress from None: t=880.9475055999937, value=5, duration=None>
881.0324 	EXP 	Device response: <KeyPress from None: t=880.9475055999937, value=5, duration=0.07807730001513846>
881.1536 	DATA 	Keypress: 7
881.1648 	EXP 	Device response: <KeyPress from None: t=881.1515013999888, value=7, duration=None>
881.2495 	EXP 	Device response: <KeyPress from None: t=881.1515013999888, value=7, duration=0.08658110001124442>
882.8151 	DATA 	Mouse: Left button down, pos=(1270,284)
882.8161 	EXP 	New trial (rep=14, index=4): <Trial 172 (4 in rep 14) data={'delay': 0.4, 'freq': 1000, 'condition': 'expected', 'thisN': 172, 'thisTrialN': 4, 'thisRepN': 14}>
882.8300 	EXP 	text: autoDraw = False
882.8300 	EXP 	textbox: autoDraw = False
882.8300 	EXP 	polygon: autoDraw = True
883.0509 	DATA 	Mouse:  Left button up, pos=(1270,284)
883.8317 	INFO 	Keyboard events cleared
883.8315 	EXP 	polygon: autoDraw = False
883.8315 	EXP 	polygon_2: autoDraw = True
885.8325 	EXP 	Device response: <KeyPress from None: t=885.8234076999943, value=space, duration=None>
885.8361 	DATA 	Keypress: space
885.8482 	EXP 	polygon: autoDraw = False
885.8482 	EXP 	polygon_2: autoDraw = False
885.9323 	EXP 	Device response: <KeyPress from None: t=879.0152651999961, value=space, duration=6.900216400012141>
886.2314 	EXP 	Sound sound_1 reached end of file
886.2475 	EXP 	Playing sound sound_1 on speaker Speaker (2- Realtek(R) Audio)
886.5477 	EXP 	Sound sound_1 stopped
886.5753 	EXP 	text: autoDraw = True
886.5753 	EXP 	textbox: autoDraw = True
887.1307 	DATA 	Keypress: 7
887.1322 	EXP 	Device response: <KeyPress from None: t=887.128919699986, value=7, duration=None>
887.2142 	EXP 	Device response: <KeyPress from None: t=887.128919699986, value=7, duration=0.07292619999498129>
887.3314 	DATA 	Keypress: 6
887.3331 	EXP 	Device response: <KeyPress from None: t=887.331025499996, value=6, duration=None>
887.3987 	EXP 	Device response: <KeyPress from None: t=887.331025499996, value=6, duration=0.06529349999618717>
887.5478 	DATA 	Keypress: 8
887.5496 	EXP 	Device response: <KeyPress from None: t=887.5454442999908, value=8, duration=None>
887.6323 	EXP 	Device response: <KeyPress from None: t=887.5454442999908, value=8, duration=0.07454180001514032>
888.4315 	DATA 	Mouse: Left button down, pos=(1270,284)
888.4327 	EXP 	New trial (rep=14, index=5): <Trial 173 (5 in rep 14) data={'delay': 0.1, 'freq': 400, 'condition': 'unexp', 'thisN': 173, 'thisTrialN': 5, 'thisRepN': 14}>
888.4475 	EXP 	text: autoDraw = False
888.4475 	EXP 	textbox: autoDraw = False
888.4475 	EXP 	polygon: autoDraw = True
888.6517 	DATA 	Mouse:  Left button up, pos=(1270,284)
889.4479 	INFO 	Keyboard events cleared
889.4476 	EXP 	polygon: autoDraw = False
889.4476 	EXP 	polygon_2: autoDraw = True
890.1139 	EXP 	Device response: <KeyPress from None: t=890.1047020999831, value=space, duration=None>
890.1161 	DATA 	Keypress: space
890.1300 	EXP 	polygon: autoDraw = False
890.1300 	EXP 	polygon_2: autoDraw = False
890.1980 	EXP 	Sound sound_1 reached end of file
890.2142 	EXP 	Playing sound sound_1 on speaker Speaker (2- Realtek(R) Audio)
890.2320 	EXP 	Device response: <KeyPress from None: t=885.8234076999943, value=space, duration=4.4042274999956135>
890.5139 	EXP 	Sound sound_1 stopped
890.5463 	EXP 	text: autoDraw = True
890.5463 	EXP 	textbox: autoDraw = True
891.2027 	DATA 	Keypress: escape
891.2138 	EXP 	Device response: <KeyPress from None: t=891.1995435999997, value=escape, duration=None>
891.4482 	EXP 	Device response: <KeyPress from None: t=891.1995435999997, value=escape, duration=0.2418236999947112>
891.4483 	EXP 	Intentional Binding PSY310 Bhumika Bajaj AU2320057: status = STOPPED
891.4632 	EXP 	text: autoDraw = False
891.4632 	EXP 	textbox: autoDraw = False
891.4634 	EXP 	Intentional Binding PSY310 Bhumika Bajaj AU2320057: status = STOPPED
891.5717 	INFO 	saved data to 'C:\\Users\\bhumika\\data\\P1_Intentional Binding PSY310 Bhumika Bajaj AU2320057_2025-11-14_11h38.40.092.csv'
891.5808 	INFO 	saved data to C:\Users\bhumika\data\P1_Intentional Binding PSY310 Bhumika Bajaj AU2320057_2025-11-14_11h38.40.092.psydat
895.9563 	WARNING 	Stopping key buffers but this could be dangerous ifother keyboards rely on the same.
895.9701 	WARNING 	Stopping key buffers but this could be dangerous ifother keyboards rely on the same.
