study_word,thisN,thisTrialN,thisRepN,slider.response,slider.rt,test_word,Reference,old_new,textbox.text,testmouse.x,testmouse.y,testmouse.leftButton,testmouse.midButton,testmouse.rightButton,testmouse.time,testmouse.clicked_name,trials.thisRepN,trials.thisTrialN,trials.thisN,trials.thisIndex,trials_2.thisRepN,trials_2.thisTrialN,trials_2.thisN,trials_2.thisIndex,thisRow.t,notes,trial.started,text.started,slider.started,trial.stopped,trials.slider.response,trials.slider.rt,test.started,text_2.started,textbox.started,text_3.started,testmouse.started,test.stopped,trials_2.textbox.text,trials_2.testmouse.x,trials_2.testmouse.y,trials_2.testmouse.leftButton,trials_2.testmouse.midButton,trials_2.testmouse.rightButton,trials_2.testmouse.time,trials_2.testmouse.clicked_name,participant,session,date,expName,expVersion,psychopyVersion,frameRate,expStart,
phone,0,0,0,1.99,1.2727564000015263,,,,,,,,,,,,0,0,0,2,,,,,0.06842429999960586,,0.04141479999816511,0.06842429999960586,0.06842429999960586,1.327288899999985,1.99,1.2727564000015263,,,,,,,,,,,,,,,Participant 04 ,001,2025-10-17_22h50.59.153,Word Priming Experiment,,2025.1.1,118.77754153999338,2025-10-17 22h51.31.617811 +0530,
Laptop,1,1,0,1,3.4878764000022784,,,,,,,,,,,,0,1,1,5,,,,,1.34371669999382,,1.3332845999975689,1.34371669999382,1.34371669999382,4.836656299994502,1,3.4878764000022784,,,,,,,,,,,,,,,Participant 04 ,001,2025-10-17_22h50.59.153,Word Priming Experiment,,2025.1.1,118.77754153999338,2025-10-17 22h51.31.617811 +0530,
T-shirt,2,2,0,1,1.177392300000065,,,,,,,,,,,,0,2,2,7,,,,,4.867918899995857,,4.844495699995605,4.867918899995857,4.867918899995857,6.037130299999262,1,1.177392300000065,,,,,,,,,,,,,,,Participant 04 ,001,2025-10-17_22h50.59.153,Word Priming Experiment,,2025.1.1,118.77754153999338,2025-10-17 22h51.31.617811 +0530,
Chart,3,3,0,1,1.0121263000037288,,,,,,,,,,,,0,3,3,6,,,,,6.0519780999966315,,6.04060539999773,6.0519780999966315,6.0519780999966315,7.069292199994379,1,1.0121263000037288,,,,,,,,,,,,,,,Participant 04 ,001,2025-10-17_22h50.59.153,Word Priming Experiment,,2025.1.1,118.77754153999338,2025-10-17 22h51.31.617811 +0530,
Cruise,4,4,0,1,1.0666528000001563,,,,,,,,,,,,0,4,4,11,,,,,7.085001999999804,,7.072740199997497,7.085001999999804,7.085001999999804,8.153309899993474,1,1.0666528000001563,,,,,,,,,,,,,,,Participant 04 ,001,2025-10-17_22h50.59.153,Word Priming Experiment,,2025.1.1,118.77754153999338,2025-10-17 22h51.31.617811 +0530,
Police,5,5,0,1,1.1617230999981984,,,,,,,,,,,,0,5,5,12,,,,,8.184280099994794,,8.15941689999454,8.184280099994794,8.184280099994794,9.337054799994803,1,1.1617230999981984,,,,,,,,,,,,,,,Participant 04 ,001,2025-10-17_22h50.59.153,Word Priming Experiment,,2025.1.1,118.77754153999338,2025-10-17 22h51.31.617811 +0530,
mouse,6,6,0,1,1.246742000002996,,,,,,,,,,,,0,6,6,8,,,,,9.351855399996566,,9.340766699999222,9.351855399996566,9.351855399996566,10.602516999999352,1,1.246742000002996,,,,,,,,,,,,,,,Participant 04 ,001,2025-10-17_22h50.59.153,Word Priming Experiment,,2025.1.1,118.77754153999338,2025-10-17 22h51.31.617811 +0530,
Pastry,7,7,0,1,1.0807806000011624,,,,,,,,,,,,0,7,7,9,,,,,10.618505999998888,,10.607960199995432,10.618505999998888,10.618505999998888,11.703987599998072,1,1.0807806000011624,,,,,,,,,,,,,,,Participant 04 ,001,2025-10-17_22h50.59.153,Word Priming Experiment,,2025.1.1,118.77754153999338,2025-10-17 22h51.31.617811 +0530,
cushion,8,8,0,1.015,5.239577399996051,,,,,,,,,,,,0,8,8,1,,,,,11.718297999999777,,11.707486499995866,11.718297999999777,11.718297999999777,16.96116219999385,1.015,5.239577399996051,,,,,,,,,,,,,,,Participant 04 ,001,2025-10-17_22h50.59.153,Word Priming Experiment,,2025.1.1,118.77754153999338,2025-10-17 22h51.31.617811 +0530,
Poster,9,9,0,1.015,2.082456500000262,,,,,,,,,,,,0,9,9,14,,,,,16.976530799998727,,16.964155499998014,16.976530799998727,16.976530799998727,19.061570300000312,1.015,2.082456500000262,,,,,,,,,,,,,,,Participant 04 ,001,2025-10-17_22h50.59.153,Word Priming Experiment,,2025.1.1,118.77754153999338,2025-10-17 22h51.31.617811 +0530,
book,10,10,0,1.015,0.964464799995767,,,,,,,,,,,,0,10,10,0,,,,,19.076949199996307,,19.0651349999971,19.076949199996307,19.076949199996307,20.045306399995752,1.015,0.964464799995767,,,,,,,,,,,,,,,Participant 04 ,001,2025-10-17_22h50.59.153,Word Priming Experiment,,2025.1.1,118.77754153999338,2025-10-17 22h51.31.617811 +0530,
board,11,11,0,1.015,1.2631012999991071,,,,,,,,,,,,0,11,11,4,,,,,20.06001539999852,,20.050298699999985,20.06001539999852,20.06001539999852,21.327369999999064,1.015,1.2631012999991071,,,,,,,,,,,,,,,Participant 04 ,001,2025-10-17_22h50.59.153,Word Priming Experiment,,2025.1.1,118.77754153999338,2025-10-17 22h51.31.617811 +0530,
Keys,12,12,0,1.06,2.2224939000007,,,,,,,,,,,,0,12,12,13,,,,,21.343181999996887,,21.332106199995906,21.343181999996887,21.343181999996887,23.56958139999915,1.06,2.2224939000007,,,,,,,,,,,,,,,Participant 04 ,001,2025-10-17_22h50.59.153,Word Priming Experiment,,2025.1.1,118.77754153999338,2025-10-17 22h51.31.617811 +0530,
marble,13,13,0,1.06,1.2294925000023795,,,,,,,,,,,,0,13,13,3,,,,,23.584774899994954,,23.573141999993823,23.584774899994954,23.584774899994954,24.818445999997493,1.06,1.2294925000023795,,,,,,,,,,,,,,,Participant 04 ,001,2025-10-17_22h50.59.153,Word Priming Experiment,,2025.1.1,118.77754153999338,2025-10-17 22h51.31.617811 +0530,
Case,14,14,0,1.06,1.9485805000003893,,,,,,,,,,,,0,14,14,10,,,,,24.835672699999122,,24.8219220999963,24.835672699999122,24.835672699999122,26.786042499996256,1.06,1.9485805000003893,,,,,,,,,,,,,,,Participant 04 ,001,2025-10-17_22h50.59.153,Word Priming Experiment,,2025.1.1,118.77754153999338,2025-10-17 22h51.31.617811 +0530,
T-shirt,15,0,1,1.06,1.1011470000012196,,,,,,,,,,,,1,0,15,7,,,,,26.80147219999344,,26.78947099999641,26.80147219999344,26.80147219999344,27.9030186999953,1.06,1.1011470000012196,,,,,,,,,,,,,,,Participant 04 ,001,2025-10-17_22h50.59.153,Word Priming Experiment,,2025.1.1,118.77754153999338,2025-10-17 22h51.31.617811 +0530,
Cruise,16,1,1,1.06,1.032037400000263,,,,,,,,,,,,1,1,16,11,,,,,27.918369599996367,,27.906073399994057,27.918369599996367,27.918369599996367,28.95251339999959,1.06,1.032037400000263,,,,,,,,,,,,,,,Participant 04 ,001,2025-10-17_22h50.59.153,Word Priming Experiment,,2025.1.1,118.77754153999338,2025-10-17 22h51.31.617811 +0530,
Pastry,17,2,1,1.06,1.0162965999988955,,,,,,,,,,,,1,2,17,9,,,,,28.968203599994013,,28.95569969999633,28.968203599994013,28.968203599994013,29.986211899995396,1.06,1.0162965999988955,,,,,,,,,,,,,,,Participant 04 ,001,2025-10-17_22h50.59.153,Word Priming Experiment,,2025.1.1,118.77754153999338,2025-10-17 22h51.31.617811 +0530,
marble,18,3,1,1.06,1.247739600003115,,,,,,,,,,,,1,3,18,3,,,,,30.001929999998538,,29.98941719999857,30.001929999998538,30.001929999998538,31.252634699994815,1.06,1.247739600003115,,,,,,,,,,,,,,,Participant 04 ,001,2025-10-17_22h50.59.153,Word Priming Experiment,,2025.1.1,118.77754153999338,2025-10-17 22h51.31.617811 +0530,
Police,19,4,1,1.06,1.032391100001405,,,,,,,,,,,,1,4,19,12,,,,,31.268232999995234,,31.255794400000013,31.268232999995234,31.268232999995234,32.303861000000325,1.06,1.032391100001405,,,,,,,,,,,,,,,Participant 04 ,001,2025-10-17_22h50.59.153,Word Priming Experiment,,2025.1.1,118.77754153999338,2025-10-17 22h51.31.617811 +0530,
book,20,5,1,1.06,1.3472885000010137,,,,,,,,,,,,1,5,20,0,,,,,32.31824539999798,,32.30642739999894,32.31824539999798,32.31824539999798,33.66903900000034,1.06,1.3472885000010137,,,,,,,,,,,,,,,Participant 04 ,001,2025-10-17_22h50.59.153,Word Priming Experiment,,2025.1.1,118.77754153999338,2025-10-17 22h51.31.617811 +0530,
cushion,21,6,1,1.995,2.0982521000041743,,,,,,,,,,,,1,6,21,1,,,,,33.68562149999343,,33.671523799996066,33.68562149999343,33.68562149999343,35.7867827999944,1.995,2.0982521000041743,,,,,,,,,,,,,,,Participant 04 ,001,2025-10-17_22h50.59.153,Word Priming Experiment,,2025.1.1,118.77754153999338,2025-10-17 22h51.31.617811 +0530,
Case,22,7,1,1,2.5069147999965935,,,,,,,,,,,,1,7,22,10,,,,,35.80155549999472,,35.789689299999736,35.80155549999472,35.80155549999472,38.327231199997186,1,2.5069147999965935,,,,,,,,,,,,,,,Participant 04 ,001,2025-10-17_22h50.59.153,Word Priming Experiment,,2025.1.1,118.77754153999338,2025-10-17 22h51.31.617811 +0530,
Poster,23,8,1,1,0.8478240999975242,,,,,,,,,,,,1,8,23,14,,,,,38.34350229999836,,38.33123019999766,38.34350229999836,38.34350229999836,39.194841499993345,1,0.8478240999975242,,,,,,,,,,,,,,,Participant 04 ,001,2025-10-17_22h50.59.153,Word Priming Experiment,,2025.1.1,118.77754153999338,2025-10-17 22h51.31.617811 +0530,
Laptop,24,9,1,1,1.0140926000021864,,,,,,,,,,,,1,9,24,5,,,,,39.211047599994345,,39.198314199995366,39.211047599994345,39.211047599994345,40.22722149999754,1,1.0140926000021864,,,,,,,,,,,,,,,Participant 04 ,001,2025-10-17_22h50.59.153,Word Priming Experiment,,2025.1.1,118.77754153999338,2025-10-17 22h51.31.617811 +0530,
mouse,25,10,1,1,0.8329097999958321,,,,,,,,,,,,1,10,25,8,,,,,40.243558099995425,,40.2300838999945,40.243558099995425,40.243558099995425,41.0943982999961,1,0.8329097999958321,,,,,,,,,,,,,,,Participant 04 ,001,2025-10-17_22h50.59.153,Word Priming Experiment,,2025.1.1,118.77754153999338,2025-10-17 22h51.31.617811 +0530,
phone,26,11,1,1,1.265267100003257,,,,,,,,,,,,1,11,26,2,,,,,41.111640699993586,,41.09804129999975,41.111640699993586,41.111640699993586,42.3776629999993,1,1.265267100003257,,,,,,,,,,,,,,,Participant 04 ,001,2025-10-17_22h50.59.153,Word Priming Experiment,,2025.1.1,118.77754153999338,2025-10-17 22h51.31.617811 +0530,
board,27,12,1,1,1.297420200004126,,,,,,,,,,,,1,12,27,4,,,,,42.393320099996345,,42.381798599999456,42.393320099996345,42.393320099996345,43.69476980000036,1,1.297420200004126,,,,,,,,,,,,,,,Participant 04 ,001,2025-10-17_22h50.59.153,Word Priming Experiment,,2025.1.1,118.77754153999338,2025-10-17 22h51.31.617811 +0530,
Keys,28,13,1,1,0.9469073000000208,,,,,,,,,,,,1,13,28,13,,,,,43.70963979999942,,43.697744899996906,43.70963979999942,43.70963979999942,44.66053169999941,1,0.9469073000000208,,,,,,,,,,,,,,,Participant 04 ,001,2025-10-17_22h50.59.153,Word Priming Experiment,,2025.1.1,118.77754153999338,2025-10-17 22h51.31.617811 +0530,
Chart,29,14,1,1,1.834946700000728,,,,,,,,,,,,1,14,29,6,,,,,44.67644989999826,,44.66297599999962,44.67644989999826,44.67644989999826,46.52668019999692,1,1.834946700000728,,,,,,,,,,,,,,,Participant 04 ,001,2025-10-17_22h50.59.153,Word Priming Experiment,,2025.1.1,118.77754153999338,2025-10-17 22h51.31.617811 +0530,
Case,30,0,2,1,1.5478338999964762,,,,,,,,,,,,2,0,30,10,,,,,46.55921179999859,,46.530330899993714,46.55921179999859,46.55921179999859,48.09416319999582,1,1.5478338999964762,,,,,,,,,,,,,,,Participant 04 ,001,2025-10-17_22h50.59.153,Word Priming Experiment,,2025.1.1,118.77754153999338,2025-10-17 22h51.31.617811 +0530,
Pastry,31,1,2,1,1.214323100000911,,,,,,,,,,,,2,1,31,9,,,,,48.109567999999854,,48.09744800000044,48.109567999999854,48.109567999999854,49.32653319999372,1,1.214323100000911,,,,,,,,,,,,,,,Participant 04 ,001,2025-10-17_22h50.59.153,Word Priming Experiment,,2025.1.1,118.77754153999338,2025-10-17 22h51.31.617811 +0530,
marble,32,2,2,1,0.9005592000030447,,,,,,,,,,,,2,2,32,3,,,,,49.343102999999246,,49.328839800000424,49.343102999999246,49.343102999999246,50.244137999994564,1,0.9005592000030447,,,,,,,,,,,,,,,Participant 04 ,001,2025-10-17_22h50.59.153,Word Priming Experiment,,2025.1.1,118.77754153999338,2025-10-17 22h51.31.617811 +0530,
phone,33,3,2,1,1.064864400002989,,,,,,,,,,,,2,3,33,2,,,,,50.25962019999861,,50.247235699993325,50.25962019999861,50.25962019999861,51.343313899997156,1,1.064864400002989,,,,,,,,,,,,,,,Participant 04 ,001,2025-10-17_22h50.59.153,Word Priming Experiment,,2025.1.1,118.77754153999338,2025-10-17 22h51.31.617811 +0530,
Poster,34,4,2,1,0.9647965999974986,,,,,,,,,,,,2,4,34,14,,,,,51.361274899994896,,51.347367999995186,51.361274899994896,51.361274899994896,52.327989399993385,1,0.9647965999974986,,,,,,,,,,,,,,,Participant 04 ,001,2025-10-17_22h50.59.153,Word Priming Experiment,,2025.1.1,118.77754153999338,2025-10-17 22h51.31.617811 +0530,
Chart,35,5,2,1,1.1306189999959315,,,,,,,,,,,,2,5,35,6,,,,,52.34352779999608,,52.33180529999663,52.34352779999608,52.34352779999608,53.47703229999752,1,1.1306189999959315,,,,,,,,,,,,,,,Participant 04 ,001,2025-10-17_22h50.59.153,Word Priming Experiment,,2025.1.1,118.77754153999338,2025-10-17 22h51.31.617811 +0530,
T-shirt,36,6,2,1,1.4993700000050012,,,,,,,,,,,,2,6,36,7,,,,,53.493034799997986,,53.47976729999937,53.493034799997986,53.493034799997986,54.99456029999419,1,1.4993700000050012,,,,,,,,,,,,,,,Participant 04 ,001,2025-10-17_22h50.59.153,Word Priming Experiment,,2025.1.1,118.77754153999338,2025-10-17 22h51.31.617811 +0530,
book,37,7,2,1,0.780483100003039,,,,,,,,,,,,2,7,37,0,,,,,55.01039060000039,,54.99809269999969,55.01039060000039,55.01039060000039,55.79446319999988,1,0.780483100003039,,,,,,,,,,,,,,,Participant 04 ,001,2025-10-17_22h50.59.153,Word Priming Experiment,,2025.1.1,118.77754153999338,2025-10-17 22h51.31.617811 +0530,
Keys,38,8,2,1,1.3481633999981568,,,,,,,,,,,,2,8,38,13,,,,,55.81174819999433,,55.79774709999765,55.81174819999433,55.81174819999433,57.16158919999725,1,1.3481633999981568,,,,,,,,,,,,,,,Participant 04 ,001,2025-10-17_22h50.59.153,Word Priming Experiment,,2025.1.1,118.77754153999338,2025-10-17 22h51.31.617811 +0530,
mouse,39,9,2,1,0.9966593999997713,,,,,,,,,,,,2,9,39,8,,,,,57.17787949999911,,57.16419569999562,57.17787949999911,57.17787949999911,58.178152099993895,1,0.9966593999997713,,,,,,,,,,,,,,,Participant 04 ,001,2025-10-17_22h50.59.153,Word Priming Experiment,,2025.1.1,118.77754153999338,2025-10-17 22h51.31.617811 +0530,
Cruise,40,10,2,1,0.913500100003148,,,,,,,,,,,,2,10,40,11,,,,,58.19299019999744,,58.18172829999821,58.19299019999744,58.19299019999744,59.11089589999756,1,0.913500100003148,,,,,,,,,,,,,,,Participant 04 ,001,2025-10-17_22h50.59.153,Word Priming Experiment,,2025.1.1,118.77754153999338,2025-10-17 22h51.31.617811 +0530,
Police,41,11,2,1,2.0799522000015713,,,,,,,,,,,,2,11,41,12,,,,,59.12635449999652,,59.11507349999738,59.12635449999652,59.12635449999652,61.210888499997964,1,2.0799522000015713,,,,,,,,,,,,,,,Participant 04 ,001,2025-10-17_22h50.59.153,Word Priming Experiment,,2025.1.1,118.77754153999338,2025-10-17 22h51.31.617811 +0530,
Laptop,42,12,2,1,1.0982220000005327,,,,,,,,,,,,2,12,42,5,,,,,61.226157400000375,,61.214817099993525,61.226157400000375,61.226157400000375,62.32744859999366,1,1.0982220000005327,,,,,,,,,,,,,,,Participant 04 ,001,2025-10-17_22h50.59.153,Word Priming Experiment,,2025.1.1,118.77754153999338,2025-10-17 22h51.31.617811 +0530,
cushion,43,13,2,1,1.0648628999988432,,,,,,,,,,,,2,13,43,1,,,,,62.342793599993456,,62.330787599996256,62.342793599993456,62.342793599993456,63.410345999996935,1,1.0648628999988432,,,,,,,,,,,,,,,Participant 04 ,001,2025-10-17_22h50.59.153,Word Priming Experiment,,2025.1.1,118.77754153999338,2025-10-17 22h51.31.617811 +0530,
board,44,14,2,1,1.3485381999998935,,,,,,,,,,,,2,14,44,4,,,,,63.426371699999436,,63.413698500000464,63.426371699999436,63.426371699999436,64.7769604999994,1,1.3485381999998935,,,,,,,,,,,,,,,Participant 04 ,001,2025-10-17_22h50.59.153,Word Priming Experiment,,2025.1.1,118.77754153999338,2025-10-17 22h51.31.617811 +0530,
Pastry,45,0,3,1,1.0329249000060372,,,,,,,,,,,,3,0,45,9,,,,,64.79340879999654,,64.7801088999986,64.79340879999654,64.79340879999654,65.82753629999934,1,1.0329249000060372,,,,,,,,,,,,,,,Participant 04 ,001,2025-10-17_22h50.59.153,Word Priming Experiment,,2025.1.1,118.77754153999338,2025-10-17 22h51.31.617811 +0530,
Laptop,46,1,3,1,0.9326235000044107,,,,,,,,,,,,3,1,46,5,,,,,65.84428979999939,,65.8308082999938,65.84428979999939,65.84428979999939,66.79482049999933,1,0.9326235000044107,,,,,,,,,,,,,,,Participant 04 ,001,2025-10-17_22h50.59.153,Word Priming Experiment,,2025.1.1,118.77754153999338,2025-10-17 22h51.31.617811 +0530,
book,47,2,3,1,1.1310674000051222,,,,,,,,,,,,3,2,47,0,,,,,66.81033299999399,,66.7987376999954,66.81033299999399,66.81033299999399,67.94451449999906,1,1.1310674000051222,,,,,,,,,,,,,,,Participant 04 ,001,2025-10-17_22h50.59.153,Word Priming Experiment,,2025.1.1,118.77754153999338,2025-10-17 22h51.31.617811 +0530,
phone,48,3,3,1,1.2814255999983288,,,,,,,,,,,,3,3,48,2,,,,,67.96076099999482,,67.9477251999997,67.96076099999482,67.96076099999482,69.24467279999953,1,1.2814255999983288,,,,,,,,,,,,,,,Participant 04 ,001,2025-10-17_22h50.59.153,Word Priming Experiment,,2025.1.1,118.77754153999338,2025-10-17 22h51.31.617811 +0530,
Poster,49,4,3,1,1.1124818000025698,,,,,,,,,,,,3,4,49,14,,,,,69.25939619999554,,69.24870219999866,69.25939619999554,69.25939619999554,70.37790200000018,1,1.1124818000025698,,,,,,,,,,,,,,,Participant 04 ,001,2025-10-17_22h50.59.153,Word Priming Experiment,,2025.1.1,118.77754153999338,2025-10-17 22h51.31.617811 +0530,
Police,50,5,3,1,1.0401913999958197,,,,,,,,,,,,3,5,50,12,,,,,70.39310579999437,,70.38114479999786,70.39310579999437,70.39310579999437,71.44378609999694,1,1.0401913999958197,,,,,,,,,,,,,,,Participant 04 ,001,2025-10-17_22h50.59.153,Word Priming Experiment,,2025.1.1,118.77754153999338,2025-10-17 22h51.31.617811 +0530,
mouse,51,6,3,1,0.8635584000003291,,,,,,,,,,,,3,6,51,8,,,,,71.46026699999493,,71.4478278999959,71.46026699999493,71.46026699999493,72.32744489999459,1,0.8635584000003291,,,,,,,,,,,,,,,Participant 04 ,001,2025-10-17_22h50.59.153,Word Priming Experiment,,2025.1.1,118.77754153999338,2025-10-17 22h51.31.617811 +0530,
Case,52,7,3,1,1.814564899999823,,,,,,,,,,,,3,7,52,10,,,,,72.34289649999846,,72.33077090000006,72.34289649999846,72.34289649999846,74.16044779999356,1,1.814564899999823,,,,,,,,,,,,,,,Participant 04 ,001,2025-10-17_22h50.59.153,Word Priming Experiment,,2025.1.1,118.77754153999338,2025-10-17 22h51.31.617811 +0530,
marble,53,8,3,1,0.8977887000000919,,,,,,,,,,,,3,8,53,3,,,,,74.17607839999982,,74.16344329999993,74.17607839999982,74.17607839999982,75.07738919999974,1,0.8977887000000919,,,,,,,,,,,,,,,Participant 04 ,001,2025-10-17_22h50.59.153,Word Priming Experiment,,2025.1.1,118.77754153999338,2025-10-17 22h51.31.617811 +0530,
board,54,9,3,1,0.7989046000002418,,,,,,,,,,,,3,9,54,4,,,,,75.09281999999803,,75.08028919999924,75.09281999999803,75.09281999999803,75.89445580000029,1,0.7989046000002418,,,,,,,,,,,,,,,Participant 04 ,001,2025-10-17_22h50.59.153,Word Priming Experiment,,2025.1.1,118.77754153999338,2025-10-17 22h51.31.617811 +0530,
T-shirt,55,10,3,1,0.8638330999965547,,,,,,,,,,,,3,10,55,7,,,,,75.90948029999709,,75.89860779999435,75.90948029999709,75.90948029999709,76.77698699999746,1,0.8638330999965547,,,,,,,,,,,,,,,Participant 04 ,001,2025-10-17_22h50.59.153,Word Priming Experiment,,2025.1.1,118.77754153999338,2025-10-17 22h51.31.617811 +0530,
cushion,56,11,3,1,1.2324700000026496,,,,,,,,,,,,3,11,56,1,,,,,76.7930422999998,,76.78007209999487,76.7930422999998,76.7930422999998,78.02688489999855,1,1.2324700000026496,,,,,,,,,,,,,,,Participant 04 ,001,2025-10-17_22h50.59.153,Word Priming Experiment,,2025.1.1,118.77754153999338,2025-10-17 22h51.31.617811 +0530,
Chart,57,12,3,1,0.9486811999959173,,,,,,,,,,,,3,12,57,6,,,,,78.04288029999589,,78.02990329999739,78.04288029999589,78.04288029999589,78.99395759999607,1,0.9486811999959173,,,,,,,,,,,,,,,Participant 04 ,001,2025-10-17_22h50.59.153,Word Priming Experiment,,2025.1.1,118.77754153999338,2025-10-17 22h51.31.617811 +0530,
Keys,58,13,3,1,0.8504572000019834,,,,,,,,,,,,3,13,58,13,,,,,79.00929409999662,,78.99739399999817,79.00929409999662,79.00929409999662,79.86192819999997,1,0.8504572000019834,,,,,,,,,,,,,,,Participant 04 ,001,2025-10-17_22h50.59.153,Word Priming Experiment,,2025.1.1,118.77754153999338,2025-10-17 22h51.31.617811 +0530,
Cruise,59,14,3,1,0.9463610000020708,,,,,,,,,,,,3,14,59,11,,,,,79.87691569999879,,79.86517009999807,79.87691569999879,79.87691569999879,80.826776599999,1,0.9463610000020708,,,,,,,,,,,,,,,Participant 04 ,001,2025-10-17_22h50.59.153,Word Priming Experiment,,2025.1.1,118.77754153999338,2025-10-17 22h51.31.617811 +0530,
Case,60,0,4,1,0.8655418999987887,,,,,,,,,,,,4,0,60,10,,,,,80.84278789999371,,80.829859999998,80.84278789999371,80.84278789999371,81.71074859999499,1,0.8655418999987887,,,,,,,,,,,,,,,Participant 04 ,001,2025-10-17_22h50.59.153,Word Priming Experiment,,2025.1.1,118.77754153999338,2025-10-17 22h51.31.617811 +0530,
Police,61,1,4,1,0.7978738000019803,,,,,,,,,,,,4,1,61,12,,,,,81.72599689999333,,81.71385399999417,81.72599689999333,81.72599689999333,82.52723669999978,1,0.7978738000019803,,,,,,,,,,,,,,,Participant 04 ,001,2025-10-17_22h50.59.153,Word Priming Experiment,,2025.1.1,118.77754153999338,2025-10-17 22h51.31.617811 +0530,
marble,62,2,4,1,0.8479776999956812,,,,,,,,,,,,4,2,62,3,,,,,82.54315009999846,,82.53089019999607,82.54315009999846,82.54315009999846,83.39391749999777,1,0.8479776999956812,,,,,,,,,,,,,,,Participant 04 ,001,2025-10-17_22h50.59.153,Word Priming Experiment,,2025.1.1,118.77754153999338,2025-10-17 22h51.31.617811 +0530,
book,63,3,4,1,1.0665802000003168,,,,,,,,,,,,4,3,63,0,,,,,83.40931779999664,,83.39699099999416,83.40931779999664,83.40931779999664,84.47813369999494,1,1.0665802000003168,,,,,,,,,,,,,,,Participant 04 ,001,2025-10-17_22h50.59.153,Word Priming Experiment,,2025.1.1,118.77754153999338,2025-10-17 22h51.31.617811 +0530,
mouse,64,4,4,1,0.8478133000025991,,,,,,,,,,,,4,4,64,8,,,,,84.49275759999728,,84.48191589999624,84.49275759999728,84.49275759999728,85.34425479999481,1,0.8478133000025991,,,,,,,,,,,,,,,Participant 04 ,001,2025-10-17_22h50.59.153,Word Priming Experiment,,2025.1.1,118.77754153999338,2025-10-17 22h51.31.617811 +0530,
phone,65,5,4,1,0.8991466999941622,,,,,,,,,,,,4,5,65,2,,,,,85.3590597999937,,85.34730019999552,85.3590597999937,85.3590597999937,86.26050029999897,1,0.8991466999941622,,,,,,,,,,,,,,,Participant 04 ,001,2025-10-17_22h50.59.153,Word Priming Experiment,,2025.1.1,118.77754153999338,2025-10-17 22h51.31.617811 +0530,
Keys,66,6,4,1,1.0507880000004661,,,,,,,,,,,,4,6,66,13,,,,,86.27604839999549,,86.26353659999586,86.27604839999549,86.27604839999549,87.34323429999495,1,1.0507880000004661,,,,,,,,,,,,,,,Participant 04 ,001,2025-10-17_22h50.59.153,Word Priming Experiment,,2025.1.1,118.77754153999338,2025-10-17 22h51.31.617811 +0530,
cushion,67,7,4,1,1.0849247999940417,,,,,,,,,,,,4,7,67,1,,,,,87.35999669999728,,87.34680579999986,87.35999669999728,87.35999669999728,88.46103319999384,1,1.0849247999940417,,,,,,,,,,,,,,,Participant 04 ,001,2025-10-17_22h50.59.153,Word Priming Experiment,,2025.1.1,118.77754153999338,2025-10-17 22h51.31.617811 +0530,
Pastry,68,8,4,1,1.9802883000011207,,,,,,,,,,,,4,8,68,9,,,,,88.47611150000012,,88.46494249999523,88.47611150000012,88.47611150000012,90.4603014999957,1,1.9802883000011207,,,,,,,,,,,,,,,Participant 04 ,001,2025-10-17_22h50.59.153,Word Priming Experiment,,2025.1.1,118.77754153999338,2025-10-17 22h51.31.617811 +0530,
Poster,69,9,4,1,1.8482794999945327,,,,,,,,,,,,4,9,69,14,,,,,90.47619180000038,,90.46353269999963,90.47619180000038,90.47619180000038,92.32885969999916,1,1.8482794999945327,,,,,,,,,,,,,,,Participant 04 ,001,2025-10-17_22h50.59.153,Word Priming Experiment,,2025.1.1,118.77754153999338,2025-10-17 22h51.31.617811 +0530,
Chart,70,10,4,1,0.8126233000002685,,,,,,,,,,,,4,10,70,6,,,,,92.34290459999465,,92.33192189999681,92.34290459999465,92.34290459999465,93.16035129999364,1,0.8126233000002685,,,,,,,,,,,,,,,Participant 04 ,001,2025-10-17_22h50.59.153,Word Priming Experiment,,2025.1.1,118.77754153999338,2025-10-17 22h51.31.617811 +0530,
T-shirt,71,11,4,1,0.8810890000022482,,,,,,,,,,,,4,11,71,7,,,,,93.17597279999609,,93.16427850000036,93.17597279999609,93.17597279999609,94.05982930000027,1,0.8810890000022482,,,,,,,,,,,,,,,Participant 04 ,001,2025-10-17_22h50.59.153,Word Priming Experiment,,2025.1.1,118.77754153999338,2025-10-17 22h51.31.617811 +0530,
Cruise,72,12,4,1,0.982746199995745,,,,,,,,,,,,4,12,72,11,,,,,94.07641789999616,,94.06305169999541,94.07641789999616,94.07641789999616,95.06164480000007,1,0.982746199995745,,,,,,,,,,,,,,,Participant 04 ,001,2025-10-17_22h50.59.153,Word Priming Experiment,,2025.1.1,118.77754153999338,2025-10-17 22h51.31.617811 +0530,
board,73,13,4,1,1.1147191999989445,,,,,,,,,,,,4,13,73,4,,,,,95.07579869999608,,95.06489919999876,95.07579869999608,95.07579869999608,96.19416329999513,1,1.1147191999989445,,,,,,,,,,,,,,,Participant 04 ,001,2025-10-17_22h50.59.153,Word Priming Experiment,,2025.1.1,118.77754153999338,2025-10-17 22h51.31.617811 +0530,
Laptop,74,14,4,1,0.8485177000038675,,,,,,,,,,,,4,14,74,5,,,,,96.20917899999768,,96.1969683999996,96.20917899999768,96.20917899999768,97.06017829999473,1,0.8485177000038675,,,,,,,,,,,,,,,Participant 04 ,001,2025-10-17_22h50.59.153,Word Priming Experiment,,2025.1.1,118.77754153999338,2025-10-17 22h51.31.617811 +0530,
Police,75,0,5,1,0.7978161999999429,,,,,,,,,,,,5,0,75,12,,,,,97.07610449999629,,97.06332489999477,97.07610449999629,97.07610449999629,97.8767635999975,1,0.7978161999999429,,,,,,,,,,,,,,,Participant 04 ,001,2025-10-17_22h50.59.153,Word Priming Experiment,,2025.1.1,118.77754153999338,2025-10-17 22h51.31.617811 +0530,
book,76,1,5,1,0.7831034000046202,,,,,,,,,,,,5,1,76,0,,,,,97.89280409999628,,97.87929219999933,97.89280409999628,97.89280409999628,98.67725259999861,1,0.7831034000046202,,,,,,,,,,,,,,,Participant 04 ,001,2025-10-17_22h50.59.153,Word Priming Experiment,,2025.1.1,118.77754153999338,2025-10-17 22h51.31.617811 +0530,
T-shirt,77,2,5,1,0.798111299998709,,,,,,,,,,,,5,2,77,7,,,,,98.69257919999654,,98.68051899999409,98.69257919999654,98.69257919999654,99.49378549999528,1,0.798111299998709,,,,,,,,,,,,,,,Participant 04 ,001,2025-10-17_22h50.59.153,Word Priming Experiment,,2025.1.1,118.77754153999338,2025-10-17 22h51.31.617811 +0530,
Keys,78,3,5,1,0.731198299996322,,,,,,,,,,,,5,3,78,13,,,,,99.50912719999906,,99.49691349999921,99.50912719999906,99.50912719999906,100.2436727999957,1,0.731198299996322,,,,,,,,,,,,,,,Participant 04 ,001,2025-10-17_22h50.59.153,Word Priming Experiment,,2025.1.1,118.77754153999338,2025-10-17 22h51.31.617811 +0530,
Chart,79,4,5,1,0.8155179000023054,,,,,,,,,,,,5,4,79,6,,,,,100.25932040000043,,100.24698479999643,100.25932040000043,100.25932040000043,101.07678969999688,1,0.8155179000023054,,,,,,,,,,,,,,,Participant 04 ,001,2025-10-17_22h50.59.153,Word Priming Experiment,,2025.1.1,118.77754153999338,2025-10-17 22h51.31.617811 +0530,
Pastry,80,5,5,1,1.5331769000040367,,,,,,,,,,,,5,5,80,9,,,,,101.09305829999357,,101.07997669999895,101.09305829999357,101.09305829999357,102.62691569999879,1,1.5331769000040367,,,,,,,,,,,,,,,Participant 04 ,001,2025-10-17_22h50.59.153,Word Priming Experiment,,2025.1.1,118.77754153999338,2025-10-17 22h51.31.617811 +0530,
board,81,6,5,1,0.7833405999990646,,,,,,,,,,,,5,6,81,4,,,,,102.6448384999967,,102.6299058999939,102.6448384999967,102.6448384999967,103.42641879999428,1,0.7833405999990646,,,,,,,,,,,,,,,Participant 04 ,001,2025-10-17_22h50.59.153,Word Priming Experiment,,2025.1.1,118.77754153999338,2025-10-17 22h51.31.617811 +0530,
cushion,82,7,5,1,1.5155704999997397,,,,,,,,,,,,5,7,82,1,,,,,103.44343649999792,,103.4296961,103.44343649999792,103.44343649999792,104.960322299994,1,1.5155704999997397,,,,,,,,,,,,,,,Participant 04 ,001,2025-10-17_22h50.59.153,Word Priming Experiment,,2025.1.1,118.77754153999338,2025-10-17 22h51.31.617811 +0530,
Laptop,83,8,5,1,0.7657639999961248,,,,,,,,,,,,5,8,83,5,,,,,104.97571239999525,,104.9630704999945,104.97571239999525,104.97571239999525,105.74388789999648,1,0.7657639999961248,,,,,,,,,,,,,,,Participant 04 ,001,2025-10-17_22h50.59.153,Word Priming Experiment,,2025.1.1,118.77754153999338,2025-10-17 22h51.31.617811 +0530,
marble,84,9,5,1,0.8320931999987806,,,,,,,,,,,,5,9,84,3,,,,,105.75890359999903,,105.7470547999983,105.75890359999903,105.75890359999903,106.60957190000045,1,0.8320931999987806,,,,,,,,,,,,,,,Participant 04 ,001,2025-10-17_22h50.59.153,Word Priming Experiment,,2025.1.1,118.77754153999338,2025-10-17 22h51.31.617811 +0530,
mouse,85,10,5,1,0.6647344000011799,,,,,,,,,,,,5,10,85,8,,,,,106.62669029999961,,106.61377839999477,106.62669029999961,106.62669029999961,107.29414309999993,1,0.6647344000011799,,,,,,,,,,,,,,,Participant 04 ,001,2025-10-17_22h50.59.153,Word Priming Experiment,,2025.1.1,118.77754153999338,2025-10-17 22h51.31.617811 +0530,
Case,86,11,5,1,0.8485280000022613,,,,,,,,,,,,5,11,86,10,,,,,107.30917579999368,,107.29718759999378,107.30917579999368,107.30917579999368,108.16028579999693,1,0.8485280000022613,,,,,,,,,,,,,,,Participant 04 ,001,2025-10-17_22h50.59.153,Word Priming Experiment,,2025.1.1,118.77754153999338,2025-10-17 22h51.31.617811 +0530,
Poster,87,12,5,1,0.7156190000023344,,,,,,,,,,,,5,12,87,14,,,,,108.17593269999634,,108.16360829999758,108.17593269999634,108.17593269999634,108.89430379999976,1,0.7156190000023344,,,,,,,,,,,,,,,Participant 04 ,001,2025-10-17_22h50.59.153,Word Priming Experiment,,2025.1.1,118.77754153999338,2025-10-17 22h51.31.617811 +0530,
phone,88,13,5,1,0.7452644000004511,,,,,,,,,,,,5,13,88,2,,,,,108.9091363999978,,108.8976279999988,108.9091363999978,108.9091363999978,109.66058759999578,1,0.7452644000004511,,,,,,,,,,,,,,,Participant 04 ,001,2025-10-17_22h50.59.153,Word Priming Experiment,,2025.1.1,118.77754153999338,2025-10-17 22h51.31.617811 +0530,
Cruise,89,14,5,1,0.8480576000001747,,,,,,,,,,,,5,14,89,11,,,,,109.6758239999981,,109.6638884999993,109.6758239999981,109.6758239999981,110.52755999999499,1,0.8480576000001747,,,,,,,,,,,,,,,Participant 04 ,001,2025-10-17_22h50.59.153,Word Priming Experiment,,2025.1.1,118.77754153999338,2025-10-17 22h51.31.617811 +0530,
Pastry,90,0,6,1,0.6816996000052313,,,,,,,,,,,,6,0,90,9,,,,,110.54245009999431,,110.53107299999829,110.54245009999431,110.54245009999431,111.22765889999573,1,0.6816996000052313,,,,,,,,,,,,,,,Participant 04 ,001,2025-10-17_22h50.59.153,Word Priming Experiment,,2025.1.1,118.77754153999338,2025-10-17 22h51.31.617811 +0530,
mouse,91,1,6,1,0.8288217000008444,,,,,,,,,,,,6,1,91,8,,,,,111.24252879999403,,111.2312266999943,111.24252879999403,111.24252879999403,112.07779449999362,1,0.8288217000008444,,,,,,,,,,,,,,,Participant 04 ,001,2025-10-17_22h50.59.153,Word Priming Experiment,,2025.1.1,118.77754153999338,2025-10-17 22h51.31.617811 +0530,
Police,92,2,6,1,0.7479906000007759,,,,,,,,,,,,6,2,92,12,,,,,112.09252769999875,,112.08107679999375,112.09252769999875,112.09252769999875,112.84442789999594,1,0.7479906000007759,,,,,,,,,,,,,,,Participant 04 ,001,2025-10-17_22h50.59.153,Word Priming Experiment,,2025.1.1,118.77754153999338,2025-10-17 22h51.31.617811 +0530,
cushion,93,3,6,1,1.2354684000019915,,,,,,,,,,,,6,3,93,1,,,,,112.85934119999729,,112.84731710000051,112.85934119999729,112.85934119999729,114.09291059999669,1,1.2354684000019915,,,,,,,,,,,,,,,Participant 04 ,001,2025-10-17_22h50.59.153,Word Priming Experiment,,2025.1.1,118.77754153999338,2025-10-17 22h51.31.617811 +0530,
Laptop,94,4,6,1,1.0152189000000362,,,,,,,,,,,,6,4,94,5,,,,,114.10887449999427,,114.09624449999683,114.10887449999427,114.10887449999427,115.12649459999375,1,1.0152189000000362,,,,,,,,,,,,,,,Participant 04 ,001,2025-10-17_22h50.59.153,Word Priming Experiment,,2025.1.1,118.77754153999338,2025-10-17 22h51.31.617811 +0530,
T-shirt,95,5,6,1,1.0981713000001037,,,,,,,,,,,,6,5,95,7,,,,,115.14251429999422,,115.12907989999803,115.14251429999422,115.14251429999422,116.24312009999994,1,1.0981713000001037,,,,,,,,,,,,,,,Participant 04 ,001,2025-10-17_22h50.59.153,Word Priming Experiment,,2025.1.1,118.77754153999338,2025-10-17 22h51.31.617811 +0530,
Case,96,6,6,1,1.6673202000019955,,,,,,,,,,,,6,6,96,10,,,,,116.25876979999884,,116.24592629999825,116.25876979999884,116.25876979999884,117.92671879999398,1,1.6673202000019955,,,,,,,,,,,,,,,Participant 04 ,001,2025-10-17_22h50.59.153,Word Priming Experiment,,2025.1.1,118.77754153999338,2025-10-17 22h51.31.617811 +0530,
Chart,97,7,6,1,0.8645630999963032,,,,,,,,,,,,6,7,97,6,,,,,117.9423336999971,,117.92951819999871,117.9423336999971,117.9423336999971,118.80956899999728,1,0.8645630999963032,,,,,,,,,,,,,,,Participant 04 ,001,2025-10-17_22h50.59.153,Word Priming Experiment,,2025.1.1,118.77754153999338,2025-10-17 22h51.31.617811 +0530,
board,98,8,6,1,0.9166425000003073,,,,,,,,,,,,6,8,98,4,,,,,118.82565949999844,,118.81232749999617,118.82565949999844,118.82565949999844,119.74397949999548,1,0.9166425000003073,,,,,,,,,,,,,,,Participant 04 ,001,2025-10-17_22h50.59.153,Word Priming Experiment,,2025.1.1,118.77754153999338,2025-10-17 22h51.31.617811 +0530,
Keys,99,9,6,1,0.815266800003883,,,,,,,,,,,,6,9,99,13,,,,,119.75918309999543,,119.74688979999337,119.75918309999543,119.75918309999543,120.57685979999951,1,0.815266800003883,,,,,,,,,,,,,,,Participant 04 ,001,2025-10-17_22h50.59.153,Word Priming Experiment,,2025.1.1,118.77754153999338,2025-10-17 22h51.31.617811 +0530,
book,100,10,6,1,1.349557099994854,,,,,,,,,,,,6,10,100,0,,,,,120.59249839999393,,120.57935339999676,120.59249839999393,120.59249839999393,121.94426099999691,1,1.349557099994854,,,,,,,,,,,,,,,Participant 04 ,001,2025-10-17_22h50.59.153,Word Priming Experiment,,2025.1.1,118.77754153999338,2025-10-17 22h51.31.617811 +0530,
marble,101,11,6,1,1.113616099995852,,,,,,,,,,,,6,11,101,3,,,,,121.95899529999588,,121.94729449999431,121.95899529999588,121.95899529999588,123.07723269999406,1,1.113616099995852,,,,,,,,,,,,,,,Participant 04 ,001,2025-10-17_22h50.59.153,Word Priming Experiment,,2025.1.1,118.77754153999338,2025-10-17 22h51.31.617811 +0530,
Cruise,102,12,6,1,1.2818253000004916,,,,,,,,,,,,6,12,102,11,,,,,123.09269559999666,,123.08024429999932,123.09269559999666,123.09269559999666,124.37696989999677,1,1.2818253000004916,,,,,,,,,,,,,,,Participant 04 ,001,2025-10-17_22h50.59.153,Word Priming Experiment,,2025.1.1,118.77754153999338,2025-10-17 22h51.31.617811 +0530,
phone,103,13,6,1,0.7820161000054213,,,,,,,,,,,,6,13,103,2,,,,,124.39236009999877,,124.3797745999982,124.39236009999877,124.39236009999877,125.17659749999439,1,0.7820161000054213,,,,,,,,,,,,,,,Participant 04 ,001,2025-10-17_22h50.59.153,Word Priming Experiment,,2025.1.1,118.77754153999338,2025-10-17 22h51.31.617811 +0530,
Poster,104,14,6,1,1.365996599997743,,,,,,,,,,,,6,14,104,14,,,,,125.19204639999953,,125.17946099999972,125.19204639999953,125.19204639999953,126.56037529999594,1,1.365996599997743,,,,,,,,,,,,,,,Participant 04 ,001,2025-10-17_22h50.59.153,Word Priming Experiment,,2025.1.1,118.77754153999338,2025-10-17 22h51.31.617811 +0530,
Case,105,0,7,1,0.8151643000019249,,,,,,,,,,,,7,0,105,10,,,,,126.57539779999934,,126.56315360000008,126.57539779999934,126.57539779999934,127.39364919999935,1,0.8151643000019249,,,,,,,,,,,,,,,Participant 04 ,001,2025-10-17_22h50.59.153,Word Priming Experiment,,2025.1.1,118.77754153999338,2025-10-17 22h51.31.617811 +0530,
Pastry,106,1,7,1,0.8971497999955318,,,,,,,,,,,,7,1,106,9,,,,,127.40866129999631,,127.39696179999737,127.40866129999631,127.40866129999631,128.30947749999905,1,0.8971497999955318,,,,,,,,,,,,,,,Participant 04 ,001,2025-10-17_22h50.59.153,Word Priming Experiment,,2025.1.1,118.77754153999338,2025-10-17 22h51.31.617811 +0530,
Poster,107,2,7,1,0.8670195000013337,,,,,,,,,,,,7,2,107,14,,,,,128.32569109999895,,128.31248999999661,128.32569109999895,128.32569109999895,129.19408219999605,1,0.8670195000013337,,,,,,,,,,,,,,,Participant 04 ,001,2025-10-17_22h50.59.153,Word Priming Experiment,,2025.1.1,118.77754153999338,2025-10-17 22h51.31.617811 +0530,
cushion,108,3,7,1,0.8810145000024932,,,,,,,,,,,,7,3,108,1,,,,,129.20964359999925,,129.19778949999454,129.20964359999925,129.20964359999925,130.09390639999765,1,0.8810145000024932,,,,,,,,,,,,,,,Participant 04 ,001,2025-10-17_22h50.59.153,Word Priming Experiment,,2025.1.1,118.77754153999338,2025-10-17 22h51.31.617811 +0530,
Keys,109,4,7,1,0.8490738000036799,,,,,,,,,,,,7,4,109,13,,,,,130.10895589999564,,130.0966191999978,130.10895589999564,130.10895589999564,130.95913959999598,1,0.8490738000036799,,,,,,,,,,,,,,,Participant 04 ,001,2025-10-17_22h50.59.153,Word Priming Experiment,,2025.1.1,118.77754153999338,2025-10-17 22h51.31.617811 +0530,
Cruise,110,5,7,1,1.0318644999933895,,,,,,,,,,,,7,5,110,11,,,,,130.9756916999977,,130.96183279999968,130.9756916999977,130.9756916999977,132.01030559999344,1,1.0318644999933895,,,,,,,,,,,,,,,Participant 04 ,001,2025-10-17_22h50.59.153,Word Priming Experiment,,2025.1.1,118.77754153999338,2025-10-17 22h51.31.617811 +0530,
T-shirt,111,6,7,1,0.9152475000009872,,,,,,,,,,,,7,6,111,7,,,,,132.02544179999677,,132.01413049999974,132.02544179999677,132.02544179999677,132.94310389999737,1,0.9152475000009872,,,,,,,,,,,,,,,Participant 04 ,001,2025-10-17_22h50.59.153,Word Priming Experiment,,2025.1.1,118.77754153999338,2025-10-17 22h51.31.617811 +0530,
board,112,7,7,1,0.7670761999979732,,,,,,,,,,,,7,7,112,4,,,,,132.95868489999702,,132.9454154999985,132.95868489999702,132.95868489999702,133.7268425000002,1,0.7670761999979732,,,,,,,,,,,,,,,Participant 04 ,001,2025-10-17_22h50.59.153,Word Priming Experiment,,2025.1.1,118.77754153999338,2025-10-17 22h51.31.617811 +0530,
Laptop,113,8,7,1,0.6298319999987143,,,,,,,,,,,,7,8,113,5,,,,,133.74211139999534,,133.7301912999974,133.74211139999534,133.74211139999534,134.3772661999974,1,0.6298319999987143,,,,,,,,,,,,,,,Participant 04 ,001,2025-10-17_22h50.59.153,Word Priming Experiment,,2025.1.1,118.77754153999338,2025-10-17 22h51.31.617811 +0530,
mouse,114,9,7,1,0.714897199999541,,,,,,,,,,,,7,9,114,8,,,,,134.39135829999577,,134.3805607999966,134.39135829999577,134.39135829999577,135.10932639999373,1,0.714897199999541,,,,,,,,,,,,,,,Participant 04 ,001,2025-10-17_22h50.59.153,Word Priming Experiment,,2025.1.1,118.77754153999338,2025-10-17 22h51.31.617811 +0530,
phone,115,10,7,1,0.7006323000023258,,,,,,,,,,,,7,10,115,2,,,,,135.12563849999424,,135.11199069999566,135.12563849999424,135.12563849999424,135.82675809999637,1,0.7006323000023258,,,,,,,,,,,,,,,Participant 04 ,001,2025-10-17_22h50.59.153,Word Priming Experiment,,2025.1.1,118.77754153999338,2025-10-17 22h51.31.617811 +0530,
Chart,116,11,7,1,1.798878200002946,,,,,,,,,,,,7,11,116,6,,,,,135.84202699999878,,135.82977910000045,135.84202699999878,135.84202699999878,137.64433999999892,1,1.798878200002946,,,,,,,,,,,,,,,Participant 04 ,001,2025-10-17_22h50.59.153,Word Priming Experiment,,2025.1.1,118.77754153999338,2025-10-17 22h51.31.617811 +0530,
Police,117,12,7,1,1.1825228999950923,,,,,,,,,,,,7,12,117,12,,,,,137.65871559999505,,137.6472935999991,137.65871559999505,137.65871559999505,138.84431190000032,1,1.1825228999950923,,,,,,,,,,,,,,,Participant 04 ,001,2025-10-17_22h50.59.153,Word Priming Experiment,,2025.1.1,118.77754153999338,2025-10-17 22h51.31.617811 +0530,
book,118,13,7,1,0.8983330000046408,,,,,,,,,,,,7,13,118,0,,,,,138.85895799999707,,138.84763729999395,138.85895799999707,138.85895799999707,139.75960599999962,1,0.8983330000046408,,,,,,,,,,,,,,,Participant 04 ,001,2025-10-17_22h50.59.153,Word Priming Experiment,,2025.1.1,118.77754153999338,2025-10-17 22h51.31.617811 +0530,
marble,119,14,7,1,0.8675674000041909,,,,,,,,,,,,7,14,119,3,,,,,139.77543779999542,,139.76213819999975,139.77543779999542,139.77543779999542,140.64436299999943,1,0.8675674000041909,,,,,,,,,,,,,,,Participant 04 ,001,2025-10-17_22h50.59.153,Word Priming Experiment,,2025.1.1,118.77754153999338,2025-10-17 22h51.31.617811 +0530,
cushion,120,0,8,1,0.699004199996125,,,,,,,,,,,,8,0,120,1,,,,,140.6587081999969,,140.64712639999925,140.6587081999969,140.6587081999969,141.36110519999784,1,0.699004199996125,,,,,,,,,,,,,,,Participant 04 ,001,2025-10-17_22h50.59.153,Word Priming Experiment,,2025.1.1,118.77754153999338,2025-10-17 22h51.31.617811 +0530,
phone,121,1,8,1,0.6477932000052533,,,,,,,,,,,,8,1,121,2,,,,,141.37631189999956,,141.36437479999586,141.37631189999956,141.37631189999956,142.0266255999959,1,0.6477932000052533,,,,,,,,,,,,,,,Participant 04 ,001,2025-10-17_22h50.59.153,Word Priming Experiment,,2025.1.1,118.77754153999338,2025-10-17 22h51.31.617811 +0530,
book,122,2,8,1,0.7817546000005677,,,,,,,,,,,,8,2,122,0,,,,,142.04194959999586,,142.02959279999777,142.04194959999586,142.04194959999586,142.826521899995,1,0.7817546000005677,,,,,,,,,,,,,,,Participant 04 ,001,2025-10-17_22h50.59.153,Word Priming Experiment,,2025.1.1,118.77754153999338,2025-10-17 22h51.31.617811 +0530,
mouse,123,3,8,1,0.7479088999971282,,,,,,,,,,,,8,3,123,8,,,,,142.84218999999575,,142.8296382999979,142.84218999999575,142.84218999999575,143.59303449999425,1,0.7479088999971282,,,,,,,,,,,,,,,Participant 04 ,001,2025-10-17_22h50.59.153,Word Priming Experiment,,2025.1.1,118.77754153999338,2025-10-17 22h51.31.617811 +0530,
Police,124,4,8,1,0.7148782999938703,,,,,,,,,,,,8,4,124,12,,,,,143.6098578999954,,143.59639149999566,143.6098578999954,143.6098578999954,144.32661720000033,1,0.7148782999938703,,,,,,,,,,,,,,,Participant 04 ,001,2025-10-17_22h50.59.153,Word Priming Experiment,,2025.1.1,118.77754153999338,2025-10-17 22h51.31.617811 +0530,
T-shirt,125,5,8,1,0.6804135000056704,,,,,,,,,,,,8,5,125,7,,,,,144.34219859999575,,144.33016879999923,144.34219859999575,144.34219859999575,145.0269205999939,1,0.6804135000056704,,,,,,,,,,,,,,,Participant 04 ,001,2025-10-17_22h50.59.153,Word Priming Experiment,,2025.1.1,118.77754153999338,2025-10-17 22h51.31.617811 +0530,
Cruise,126,6,8,1,0.8798091999997268,,,,,,,,,,,,8,6,126,11,,,,,145.04203819999384,,145.03069329999562,145.04203819999384,145.04203819999384,145.9273136999982,1,0.8798091999997268,,,,,,,,,,,,,,,Participant 04 ,001,2025-10-17_22h50.59.153,Word Priming Experiment,,2025.1.1,118.77754153999338,2025-10-17 22h51.31.617811 +0530,
Laptop,127,7,8,1,0.7138602000050014,,,,,,,,,,,,8,7,127,5,,,,,145.94233689999965,,145.9301462999938,145.94233689999965,145.94233689999965,146.66033349999634,1,0.7138602000050014,,,,,,,,,,,,,,,Participant 04 ,001,2025-10-17_22h50.59.153,Word Priming Experiment,,2025.1.1,118.77754153999338,2025-10-17 22h51.31.617811 +0530,
marble,128,8,8,1,0.6997227999963798,,,,,,,,,,,,8,8,128,3,,,,,146.67543949999526,,146.6630684999982,146.67543949999526,146.67543949999526,147.37670389999403,1,0.6997227999963798,,,,,,,,,,,,,,,Participant 04 ,001,2025-10-17_22h50.59.153,Word Priming Experiment,,2025.1.1,118.77754153999338,2025-10-17 22h51.31.617811 +0530,
board,129,9,8,1,0.7675462000042899,,,,,,,,,,,,8,9,129,4,,,,,147.3919797999988,,147.3795600999947,147.3919797999988,147.3919797999988,148.16006949999428,1,0.7675462000042899,,,,,,,,,,,,,,,Participant 04 ,001,2025-10-17_22h50.59.153,Word Priming Experiment,,2025.1.1,118.77754153999338,2025-10-17 22h51.31.617811 +0530,
Keys,130,10,8,1,0.7326006000002963,,,,,,,,,,,,8,10,130,13,,,,,148.17619709999417,,148.16251669999474,148.17619709999417,148.17619709999417,148.91060019999713,1,0.7326006000002963,,,,,,,,,,,,,,,Participant 04 ,001,2025-10-17_22h50.59.153,Word Priming Experiment,,2025.1.1,118.77754153999338,2025-10-17 22h51.31.617811 +0530,
Chart,131,11,8,1,0.6994082999954117,,,,,,,,,,,,8,11,131,6,,,,,148.92538760000025,,148.91290709999885,148.92538760000025,148.92538760000025,149.64356339999358,1,0.6994082999954117,,,,,,,,,,,,,,,Participant 04 ,001,2025-10-17_22h50.59.153,Word Priming Experiment,,2025.1.1,118.77754153999338,2025-10-17 22h51.31.617811 +0530,
Pastry,132,12,8,1,0.6628638999973191,,,,,,,,,,,,8,12,132,9,,,,,149.65904769999906,,149.6474459999954,149.65904769999906,149.65904769999906,150.3264335999993,1,0.6628638999973191,,,,,,,,,,,,,,,Participant 04 ,001,2025-10-17_22h50.59.153,Word Priming Experiment,,2025.1.1,118.77754153999338,2025-10-17 22h51.31.617811 +0530,
Case,133,13,8,1,0.814333299997088,,,,,,,,,,,,8,13,133,10,,,,,150.342084099997,,150.32873569999356,150.342084099997,150.342084099997,151.16284269999596,1,0.814333299997088,,,,,,,,,,,,,,,Participant 04 ,001,2025-10-17_22h50.59.153,Word Priming Experiment,,2025.1.1,118.77754153999338,2025-10-17 22h51.31.617811 +0530,
Poster,134,14,8,1,0.7442528999963542,,,,,,,,,,,,8,14,134,14,,,,,151.19124429999647,,151.16679909999948,151.19124429999647,151.19124429999647,151.92667689999507,1,0.7442528999963542,,,,,,,,,,,,,,,Participant 04 ,001,2025-10-17_22h50.59.153,Word Priming Experiment,,2025.1.1,118.77754153999338,2025-10-17 22h51.31.617811 +0530,
Keys,135,0,9,1,0.9674085000006016,,,,,,,,,,,,9,0,135,13,,,,,151.9419010999991,,151.92938019999565,151.9419010999991,151.9419010999991,152.90976289999526,1,0.9674085000006016,,,,,,,,,,,,,,,Participant 04 ,001,2025-10-17_22h50.59.153,Word Priming Experiment,,2025.1.1,118.77754153999338,2025-10-17 22h51.31.617811 +0530,
Cruise,136,1,9,1,0.848310199995467,,,,,,,,,,,,9,1,136,11,,,,,152.92586039999878,,152.91312019999896,152.92586039999878,152.92586039999878,153.77649720000045,1,0.848310199995467,,,,,,,,,,,,,,,Participant 04 ,001,2025-10-17_22h50.59.153,Word Priming Experiment,,2025.1.1,118.77754153999338,2025-10-17 22h51.31.617811 +0530,
T-shirt,137,2,9,1,0.6982372000056785,,,,,,,,,,,,9,2,137,7,,,,,153.79114699999627,,153.77930849999393,153.79114699999627,153.79114699999627,154.5088042999996,1,0.6982372000056785,,,,,,,,,,,,,,,Participant 04 ,001,2025-10-17_22h50.59.153,Word Priming Experiment,,2025.1.1,118.77754153999338,2025-10-17 22h51.31.617811 +0530,
Police,138,3,9,1,2.082009300000209,,,,,,,,,,,,9,3,138,12,,,,,154.52605509999557,,154.51286069999333,154.52605509999557,154.52605509999557,156.61039299999538,1,2.082009300000209,,,,,,,,,,,,,,,Participant 04 ,001,2025-10-17_22h50.59.153,Word Priming Experiment,,2025.1.1,118.77754153999338,2025-10-17 22h51.31.617811 +0530,
Case,139,4,9,1,2.4812311999994563,,,,,,,,,,,,9,4,139,10,,,,,156.62517439999647,,156.6135473999966,156.62517439999647,156.62517439999647,159.11021590000018,1,2.4812311999994563,,,,,,,,,,,,,,,Participant 04 ,001,2025-10-17_22h50.59.153,Word Priming Experiment,,2025.1.1,118.77754153999338,2025-10-17 22h51.31.617811 +0530,
board,140,5,9,1,0.9986872000008589,,,,,,,,,,,,9,5,140,4,,,,,159.1252366999979,,159.11342929999955,159.1252366999979,159.1252366999979,160.1278733999934,1,0.9986872000008589,,,,,,,,,,,,,,,Participant 04 ,001,2025-10-17_22h50.59.153,Word Priming Experiment,,2025.1.1,118.77754153999338,2025-10-17 22h51.31.617811 +0530,
marble,141,6,9,1,0.7136192000034498,,,,,,,,,,,,9,6,141,3,,,,,160.1419489999971,,160.13108379999903,160.1419489999971,160.1419489999971,160.86182069999631,1,0.7136192000034498,,,,,,,,,,,,,,,Participant 04 ,001,2025-10-17_22h50.59.153,Word Priming Experiment,,2025.1.1,118.77754153999338,2025-10-17 22h51.31.617811 +0530,
cushion,142,7,9,1,1.0295159999950556,,,,,,,,,,,,9,7,142,1,,,,,160.876466099995,,160.86534359999496,160.876466099995,160.876466099995,161.90997599999537,1,1.0295159999950556,,,,,,,,,,,,,,,Participant 04 ,001,2025-10-17_22h50.59.153,Word Priming Experiment,,2025.1.1,118.77754153999338,2025-10-17 22h51.31.617811 +0530,
Laptop,143,8,9,1,0.7830688999965787,,,,,,,,,,,,9,8,143,5,,,,,161.9253011999972,,161.9133965000001,161.9253011999972,161.9253011999972,162.71010539999406,1,0.7830688999965787,,,,,,,,,,,,,,,Participant 04 ,001,2025-10-17_22h50.59.153,Word Priming Experiment,,2025.1.1,118.77754153999338,2025-10-17 22h51.31.617811 +0530,
Chart,144,9,9,1,0.7652367999980925,,,,,,,,,,,,9,9,144,6,,,,,162.7250578999956,,162.71367189999728,162.7250578999956,162.7250578999956,163.49316299999919,1,0.7652367999980925,,,,,,,,,,,,,,,Participant 04 ,001,2025-10-17_22h50.59.153,Word Priming Experiment,,2025.1.1,118.77754153999338,2025-10-17 22h51.31.617811 +0530,
phone,145,10,9,1,0.8987034000019776,,,,,,,,,,,,9,10,145,2,,,,,163.50837339999998,,163.49671669999952,163.50837339999998,163.50837339999998,164.4098501999979,1,0.8987034000019776,,,,,,,,,,,,,,,Participant 04 ,001,2025-10-17_22h50.59.153,Word Priming Experiment,,2025.1.1,118.77754153999338,2025-10-17 22h51.31.617811 +0530,
Pastry,146,11,9,1,0.9805564000052982,,,,,,,,,,,,9,11,146,9,,,,,164.42516429999523,,164.41306020000047,164.42516429999523,164.42516429999523,165.40958449999744,1,0.9805564000052982,,,,,,,,,,,,,,,Participant 04 ,001,2025-10-17_22h50.59.153,Word Priming Experiment,,2025.1.1,118.77754153999338,2025-10-17 22h51.31.617811 +0530,
book,147,12,9,1,0.782612800001516,,,,,,,,,,,,9,12,147,0,,,,,165.425241799996,,165.41219089999504,165.425241799996,165.425241799996,166.21052999999665,1,0.782612800001516,,,,,,,,,,,,,,,Participant 04 ,001,2025-10-17_22h50.59.153,Word Priming Experiment,,2025.1.1,118.77754153999338,2025-10-17 22h51.31.617811 +0530,
Poster,148,13,9,1,0.7983268000025419,,,,,,,,,,,,9,13,148,14,,,,,166.22514469999442,,166.21329989999504,166.22514469999442,166.22514469999442,167.02669069999683,1,0.7983268000025419,,,,,,,,,,,,,,,Participant 04 ,001,2025-10-17_22h50.59.153,Word Priming Experiment,,2025.1.1,118.77754153999338,2025-10-17 22h51.31.617811 +0530,
mouse,149,14,9,1,0.6984652000028291,,,,,,,,,,,,9,14,149,8,,,,,167.042758399999,,167.02936279999994,167.042758399999,167.042758399999,167.74306259999867,1,0.6984652000028291,,,,,,,,,,,,,,,Participant 04 ,001,2025-10-17_22h50.59.153,Word Priming Experiment,,2025.1.1,118.77754153999338,2025-10-17 22h51.31.617811 +0530,
Laptop,150,0,10,1,0.6965589000028558,,,,,,,,,,,,10,0,150,5,,,,,167.75836989999516,,167.74753589999455,167.75836989999516,167.75836989999516,168.45965649999562,1,0.6965589000028558,,,,,,,,,,,,,,,Participant 04 ,001,2025-10-17_22h50.59.153,Word Priming Experiment,,2025.1.1,118.77754153999338,2025-10-17 22h51.31.617811 +0530,
Poster,151,1,10,1,0.7340796000062255,,,,,,,,,,,,10,1,151,14,,,,,168.47497939999448,,168.46321270000044,168.47497939999448,168.47497939999448,169.21089689999644,1,0.7340796000062255,,,,,,,,,,,,,,,Participant 04 ,001,2025-10-17_22h50.59.153,Word Priming Experiment,,2025.1.1,118.77754153999338,2025-10-17 22h51.31.617811 +0530,
Police,152,2,10,1,0.6966620000021067,,,,,,,,,,,,10,2,152,12,,,,,169.22512160000042,,169.21445129999483,169.22512160000042,169.22512160000042,169.92650219999632,1,0.6966620000021067,,,,,,,,,,,,,,,Participant 04 ,001,2025-10-17_22h50.59.153,Word Priming Experiment,,2025.1.1,118.77754153999338,2025-10-17 22h51.31.617811 +0530,
marble,153,3,10,1,0.8145407000047271,,,,,,,,,,,,10,3,153,3,,,,,169.94181459999527,,169.92980689999968,169.94181459999527,169.94181459999527,170.7591941999999,1,0.8145407000047271,,,,,,,,,,,,,,,Participant 04 ,001,2025-10-17_22h50.59.153,Word Priming Experiment,,2025.1.1,118.77754153999338,2025-10-17 22h51.31.617811 +0530,
phone,154,4,10,1,0.8304063999967184,,,,,,,,,,,,10,4,154,2,,,,,170.77532579999388,,170.7628893000001,170.77532579999388,170.77532579999388,171.6094432999962,1,0.8304063999967184,,,,,,,,,,,,,,,Participant 04 ,001,2025-10-17_22h50.59.153,Word Priming Experiment,,2025.1.1,118.77754153999338,2025-10-17 22h51.31.617811 +0530,
cushion,155,5,10,1,0.8502325999943423,,,,,,,,,,,,10,5,155,1,,,,,171.62540759999683,,171.61203549999482,171.62540759999683,171.62540759999683,172.49317569999403,1,0.8502325999943423,,,,,,,,,,,,,,,Participant 04 ,001,2025-10-17_22h50.59.153,Word Priming Experiment,,2025.1.1,118.77754153999338,2025-10-17 22h51.31.617811 +0530,
board,156,6,10,1,0.8793654999972205,,,,,,,,,,,,10,6,156,4,,,,,172.50889939999615,,172.49803709999833,172.50889939999615,172.50889939999615,173.3939537999977,1,0.8793654999972205,,,,,,,,,,,,,,,Participant 04 ,001,2025-10-17_22h50.59.153,Word Priming Experiment,,2025.1.1,118.77754153999338,2025-10-17 22h51.31.617811 +0530,
Chart,157,7,10,1,0.7309305000017048,,,,,,,,,,,,10,7,157,6,,,,,173.40850629999477,,173.3974500999975,173.40850629999477,173.40850629999477,174.14298759999656,1,0.7309305000017048,,,,,,,,,,,,,,,Participant 04 ,001,2025-10-17_22h50.59.153,Word Priming Experiment,,2025.1.1,118.77754153999338,2025-10-17 22h51.31.617811 +0530,
Cruise,158,8,10,1,0.8318729999955394,,,,,,,,,,,,10,8,158,11,,,,,174.15873029999784,,174.14637409999705,174.15873029999784,174.15873029999784,174.99328519999835,1,0.8318729999955394,,,,,,,,,,,,,,,Participant 04 ,001,2025-10-17_22h50.59.153,Word Priming Experiment,,2025.1.1,118.77754153999338,2025-10-17 22h51.31.617811 +0530,
T-shirt,159,9,10,1,0.8494381999989855,,,,,,,,,,,,10,9,159,7,,,,,175.0084954999984,,174.99628909999592,175.0084954999984,175.0084954999984,175.85916459999862,1,0.8494381999989855,,,,,,,,,,,,,,,Participant 04 ,001,2025-10-17_22h50.59.153,Word Priming Experiment,,2025.1.1,118.77754153999338,2025-10-17 22h51.31.617811 +0530,
book,160,10,10,1,0.8325356999994256,,,,,,,,,,,,10,10,160,0,,,,,175.8752897999948,,175.86200619999727,175.8752897999948,175.8752897999948,176.71080739999888,1,0.8325356999994256,,,,,,,,,,,,,,,Participant 04 ,001,2025-10-17_22h50.59.153,Word Priming Experiment,,2025.1.1,118.77754153999338,2025-10-17 22h51.31.617811 +0530,
mouse,161,11,10,1,0.7008743999977014,,,,,,,,,,,,10,11,161,8,,,,,176.72538799999893,,176.71425199999794,176.72538799999893,176.72538799999893,177.42850569999428,1,0.7008743999977014,,,,,,,,,,,,,,,Participant 04 ,001,2025-10-17_22h50.59.153,Word Priming Experiment,,2025.1.1,118.77754153999338,2025-10-17 22h51.31.617811 +0530,
Keys,162,12,10,1,0.7619628000029479,,,,,,,,,,,,10,12,162,13,,,,,177.4419440999991,,177.431935099994,177.4419440999991,177.4419440999991,178.20938380000007,1,0.7619628000029479,,,,,,,,,,,,,,,Participant 04 ,001,2025-10-17_22h50.59.153,Word Priming Experiment,,2025.1.1,118.77754153999338,2025-10-17 22h51.31.617811 +0530,
Pastry,163,13,10,1,0.7853570000006584,,,,,,,,,,,,10,13,163,9,,,,,178.22505439999804,,178.2129677999983,178.22505439999804,178.22505439999804,179.02683769999567,1,0.7853570000006584,,,,,,,,,,,,,,,Participant 04 ,001,2025-10-17_22h50.59.153,Word Priming Experiment,,2025.1.1,118.77754153999338,2025-10-17 22h51.31.617811 +0530,
Case,164,14,10,1,1.6808183000030112,,,,,,,,,,,,10,14,164,10,,,,,179.04249629999686,,179.03034130000015,179.04249629999686,179.04249629999686,180.72704099999828,1,1.6808183000030112,,,,,,,,,,,,,,,Participant 04 ,001,2025-10-17_22h50.59.153,Word Priming Experiment,,2025.1.1,118.77754153999338,2025-10-17 22h51.31.617811 +0530,
Pastry,165,0,11,1,0.7961341999980505,,,,,,,,,,,,11,0,165,9,,,,,180.74179299999378,,180.73064319999685,180.74179299999378,180.74179299999378,181.54526529999566,1,0.7961341999980505,,,,,,,,,,,,,,,Participant 04 ,001,2025-10-17_22h50.59.153,Word Priming Experiment,,2025.1.1,118.77754153999338,2025-10-17 22h51.31.617811 +0530,
Case,166,1,11,1,0.960319800004072,,,,,,,,,,,,11,1,166,10,,,,,181.55868779999582,,181.5499348999947,181.55868779999582,181.55868779999582,182.52633519999654,1,0.960319800004072,,,,,,,,,,,,,,,Participant 04 ,001,2025-10-17_22h50.59.153,Word Priming Experiment,,2025.1.1,118.77754153999338,2025-10-17 22h51.31.617811 +0530,
Keys,167,2,11,1,1.1819128999995883,,,,,,,,,,,,11,2,167,13,,,,,182.54177699999855,,182.52907479999703,182.54177699999855,182.54177699999855,183.72749289999774,1,1.1819128999995883,,,,,,,,,,,,,,,Participant 04 ,001,2025-10-17_22h50.59.153,Word Priming Experiment,,2025.1.1,118.77754153999338,2025-10-17 22h51.31.617811 +0530,
T-shirt,168,3,11,1,0.8979136999987531,,,,,,,,,,,,11,3,168,7,,,,,183.74173569999402,,183.73124459999963,183.74173569999402,183.74173569999402,184.6423477999997,1,0.8979136999987531,,,,,,,,,,,,,,,Participant 04 ,001,2025-10-17_22h50.59.153,Word Priming Experiment,,2025.1.1,118.77754153999338,2025-10-17 22h51.31.617811 +0530,
cushion,169,4,11,1,0.782211699995969,,,,,,,,,,,,11,4,169,1,,,,,184.65858649999427,,184.64582869999867,184.65858649999427,184.65858649999427,185.4429011999964,1,0.782211699995969,,,,,,,,,,,,,,,Participant 04 ,001,2025-10-17_22h50.59.153,Word Priming Experiment,,2025.1.1,118.77754153999338,2025-10-17 22h51.31.617811 +0530,
Police,170,5,11,1,2.4648511999985203,,,,,,,,,,,,11,5,170,12,,,,,185.4583194999941,,185.44662289999542,185.4583194999941,185.4583194999941,187.9425340999951,1,2.4648511999985203,,,,,,,,,,,,,,,Participant 04 ,001,2025-10-17_22h50.59.153,Word Priming Experiment,,2025.1.1,118.77754153999338,2025-10-17 22h51.31.617811 +0530,
mouse,171,6,11,1,0.8815419000020484,,,,,,,,,,,,11,6,171,8,,,,,187.9594373,,187.94647579999582,187.9594373,187.9594373,188.8437535999983,1,0.8815419000020484,,,,,,,,,,,,,,,Participant 04 ,001,2025-10-17_22h50.59.153,Word Priming Experiment,,2025.1.1,118.77754153999338,2025-10-17 22h51.31.617811 +0530,
Poster,172,7,11,1,0.830580399997416,,,,,,,,,,,,11,7,172,14,,,,,188.85842439999396,,188.84783329999482,188.85842439999396,188.85842439999396,189.69208760000038,1,0.830580399997416,,,,,,,,,,,,,,,Participant 04 ,001,2025-10-17_22h50.59.153,Word Priming Experiment,,2025.1.1,118.77754153999338,2025-10-17 22h51.31.617811 +0530,
Cruise,173,8,11,1,0.8826576999999816,,,,,,,,,,,,11,8,173,11,,,,,189.7095726999978,,189.69483869999385,189.7095726999978,189.7095726999978,190.59278300000005,1,0.8826576999999816,,,,,,,,,,,,,,,Participant 04 ,001,2025-10-17_22h50.59.153,Word Priming Experiment,,2025.1.1,118.77754153999338,2025-10-17 22h51.31.617811 +0530,
board,174,9,11,1,1.1972587000054773,,,,,,,,,,,,11,9,174,4,,,,,190.6082826999991,,190.59642779999558,190.6082826999991,190.6082826999991,191.81152109999675,1,1.1972587000054773,,,,,,,,,,,,,,,Participant 04 ,001,2025-10-17_22h50.59.153,Word Priming Experiment,,2025.1.1,118.77754153999338,2025-10-17 22h51.31.617811 +0530,
phone,175,10,11,1,1.113453899997694,,,,,,,,,,,,11,10,175,2,,,,,191.82537529999536,,191.81522620000032,191.82537529999536,191.82537529999536,192.94305650000024,1,1.113453899997694,,,,,,,,,,,,,,,Participant 04 ,001,2025-10-17_22h50.59.153,Word Priming Experiment,,2025.1.1,118.77754153999338,2025-10-17 22h51.31.617811 +0530,
book,176,11,11,1,0.9300939000022481,,,,,,,,,,,,11,11,176,0,,,,,192.95848039999692,,192.94694460000028,192.95848039999692,192.95848039999692,193.89268209999864,1,0.9300939000022481,,,,,,,,,,,,,,,Participant 04 ,001,2025-10-17_22h50.59.153,Word Priming Experiment,,2025.1.1,118.77754153999338,2025-10-17 22h51.31.617811 +0530,
marble,177,12,11,1,0.831008599998313,,,,,,,,,,,,11,12,177,3,,,,,193.90809969999827,,193.89583270000003,193.90809969999827,193.90809969999827,194.74212969999644,1,0.831008599998313,,,,,,,,,,,,,,,Participant 04 ,001,2025-10-17_22h50.59.153,Word Priming Experiment,,2025.1.1,118.77754153999338,2025-10-17 22h51.31.617811 +0530,
Chart,178,13,11,1,0.7092515999975149,,,,,,,,,,,,11,13,178,6,,,,,194.75845509999635,,194.7446048999991,194.75845509999635,194.75845509999635,195.47540219999792,1,0.7092515999975149,,,,,,,,,,,,,,,Participant 04 ,001,2025-10-17_22h50.59.153,Word Priming Experiment,,2025.1.1,118.77754153999338,2025-10-17 22h51.31.617811 +0530,
Laptop,179,14,11,1,0.7650052000026335,,,,,,,,,,,,11,14,179,5,,,,,195.4922038999939,,195.47953499999858,195.4922038999939,195.4922038999939,196.25961419999658,1,0.7650052000026335,,,,,,,,,,,,,,,Participant 04 ,001,2025-10-17_22h50.59.153,Word Priming Experiment,,2025.1.1,118.77754153999338,2025-10-17 22h51.31.617811 +0530,
Keys,180,0,12,1,0.7980628000004799,,,,,,,,,,,,12,0,180,13,,,,,196.2754633000004,,196.2628337999995,196.2754633000004,196.2754633000004,197.0765487999961,1,0.7980628000004799,,,,,,,,,,,,,,,Participant 04 ,001,2025-10-17_22h50.59.153,Word Priming Experiment,,2025.1.1,118.77754153999338,2025-10-17 22h51.31.617811 +0530,
phone,181,1,12,1,0.8639557999995304,,,,,,,,,,,,12,1,181,2,,,,,197.09150949999457,,197.08015840000007,197.09150949999457,197.09150949999457,197.95973079999385,1,0.8639557999995304,,,,,,,,,,,,,,,Participant 04 ,001,2025-10-17_22h50.59.153,Word Priming Experiment,,2025.1.1,118.77754153999338,2025-10-17 22h51.31.617811 +0530,
mouse,182,2,12,1,0.8470839999936288,,,,,,,,,,,,12,2,182,8,,,,,197.97494949999964,,197.96313979999832,197.97494949999964,197.97494949999964,198.82694459999766,1,0.8470839999936288,,,,,,,,,,,,,,,Participant 04 ,001,2025-10-17_22h50.59.153,Word Priming Experiment,,2025.1.1,118.77754153999338,2025-10-17 22h51.31.617811 +0530,
marble,183,3,12,1,1.0161024999979418,,,,,,,,,,,,12,3,183,3,,,,,198.8415532999934,,198.83011799999804,198.8415532999934,198.8415532999934,199.8585621999955,1,1.0161024999979418,,,,,,,,,,,,,,,Participant 04 ,001,2025-10-17_22h50.59.153,Word Priming Experiment,,2025.1.1,118.77754153999338,2025-10-17 22h51.31.617811 +0530,
board,184,4,12,1,0.7402132999995956,,,,,,,,,,,,12,4,184,4,,,,,199.8760503999947,,199.86115239999344,199.8760503999947,199.8760503999947,200.62519549999706,1,0.7402132999995956,,,,,,,,,,,,,,,Participant 04 ,001,2025-10-17_22h50.59.153,Word Priming Experiment,,2025.1.1,118.77754153999338,2025-10-17 22h51.31.617811 +0530,
Laptop,185,5,12,1,0.6653289000023506,,,,,,,,,,,,12,5,185,5,,,,,200.6425339999987,,200.62881519999792,200.6425339999987,200.6425339999987,201.30882569999812,1,0.6653289000023506,,,,,,,,,,,,,,,Participant 04 ,001,2025-10-17_22h50.59.153,Word Priming Experiment,,2025.1.1,118.77754153999338,2025-10-17 22h51.31.617811 +0530,
Pastry,186,6,12,1,0.6328498000002583,,,,,,,,,,,,12,6,186,9,,,,,201.32495689999632,,201.3119835999969,201.32495689999632,201.32495689999632,201.97703339999862,1,0.6328498000002583,,,,,,,,,,,,,,,Participant 04 ,001,2025-10-17_22h50.59.153,Word Priming Experiment,,2025.1.1,118.77754153999338,2025-10-17 22h51.31.617811 +0530,
Police,187,7,12,1,1.5295418999958201,,,,,,,,,,,,12,7,187,12,,,,,202.00762449999456,,201.98159689999738,202.00762449999456,202.00762449999456,203.54267279999476,1,1.5295418999958201,,,,,,,,,,,,,,,Participant 04 ,001,2025-10-17_22h50.59.153,Word Priming Experiment,,2025.1.1,118.77754153999338,2025-10-17 22h51.31.617811 +0530,
book,188,8,12,1,0.8476611000005505,,,,,,,,,,,,12,8,188,0,,,,,203.5589089999994,,203.54629269999714,203.5589089999994,203.5589089999994,204.4089537999971,1,0.8476611000005505,,,,,,,,,,,,,,,Participant 04 ,001,2025-10-17_22h50.59.153,Word Priming Experiment,,2025.1.1,118.77754153999338,2025-10-17 22h51.31.617811 +0530,
Case,189,9,12,1,1.4988376000037533,,,,,,,,,,,,12,9,189,10,,,,,204.42500909999944,,204.41200039999967,204.42500909999944,204.42500909999944,205.92568579999352,1,1.4988376000037533,,,,,,,,,,,,,,,Participant 04 ,001,2025-10-17_22h50.59.153,Word Priming Experiment,,2025.1.1,118.77754153999338,2025-10-17 22h51.31.617811 +0530,
Cruise,190,10,12,1,0.9656909999976051,,,,,,,,,,,,12,10,190,11,,,,,205.94155009999668,,205.92878609999752,205.94155009999668,205.94155009999668,206.90917899999477,1,0.9656909999976051,,,,,,,,,,,,,,,Participant 04 ,001,2025-10-17_22h50.59.153,Word Priming Experiment,,2025.1.1,118.77754153999338,2025-10-17 22h51.31.617811 +0530,
cushion,191,11,12,1,1.1486454000041704,,,,,,,,,,,,12,11,191,1,,,,,206.92535789999965,,206.91273869999713,206.92535789999965,206.92535789999965,208.0765878999955,1,1.1486454000041704,,,,,,,,,,,,,,,Participant 04 ,001,2025-10-17_22h50.59.153,Word Priming Experiment,,2025.1.1,118.77754153999338,2025-10-17 22h51.31.617811 +0530,
T-shirt,192,12,12,1,0.8307393000068259,,,,,,,,,,,,12,12,192,7,,,,,208.0913705999992,,208.0802923999945,208.0913705999992,208.0913705999992,208.9267175999994,1,0.8307393000068259,,,,,,,,,,,,,,,Participant 04 ,001,2025-10-17_22h50.59.153,Word Priming Experiment,,2025.1.1,118.77754153999338,2025-10-17 22h51.31.617811 +0530,
Poster,193,13,12,1,0.7489413000002969,,,,,,,,,,,,12,13,193,14,,,,,208.9420428999947,,208.9301787000004,208.9420428999947,208.9420428999947,209.6931528999994,1,0.7489413000002969,,,,,,,,,,,,,,,Participant 04 ,001,2025-10-17_22h50.59.153,Word Priming Experiment,,2025.1.1,118.77754153999338,2025-10-17 22h51.31.617811 +0530,
Chart,194,14,12,1,0.7639697999984492,,,,,,,,,,,,12,14,194,6,,,,,209.70821309999883,,209.69741470000008,209.70821309999883,209.70821309999883,210.47632169999997,1,0.7639697999984492,,,,,,,,,,,,,,,Participant 04 ,001,2025-10-17_22h50.59.153,Word Priming Experiment,,2025.1.1,118.77754153999338,2025-10-17 22h51.31.617811 +0530,
Poster,195,0,13,1,0.6487992000038503,,,,,,,,,,,,13,0,195,14,,,,,210.49151779999374,,210.47904149999522,210.49151779999374,210.49151779999374,211.14170819999708,1,0.6487992000038503,,,,,,,,,,,,,,,Participant 04 ,001,2025-10-17_22h50.59.153,Word Priming Experiment,,2025.1.1,118.77754153999338,2025-10-17 22h51.31.617811 +0530,
Case,196,1,13,1,0.6504414000010001,,,,,,,,,,,,13,1,196,10,,,,,211.1580915999948,,211.14433429999917,211.1580915999948,211.1580915999948,211.8101777999982,1,0.6504414000010001,,,,,,,,,,,,,,,Participant 04 ,001,2025-10-17_22h50.59.153,Word Priming Experiment,,2025.1.1,118.77754153999338,2025-10-17 22h51.31.617811 +0530,
Pastry,197,2,13,1,0.580805199999304,,,,,,,,,,,,13,2,197,9,,,,,211.8246033999967,,211.81338979999418,211.8246033999967,211.8246033999967,212.4104101999983,1,0.580805199999304,,,,,,,,,,,,,,,Participant 04 ,001,2025-10-17_22h50.59.153,Word Priming Experiment,,2025.1.1,118.77754153999338,2025-10-17 22h51.31.617811 +0530,
Chart,198,3,13,1,0.6625175000008312,,,,,,,,,,,,13,3,198,6,,,,,212.42458719999559,,212.4146083999949,212.42458719999559,212.42458719999559,213.0925111999968,1,0.6625175000008312,,,,,,,,,,,,,,,Participant 04 ,001,2025-10-17_22h50.59.153,Word Priming Experiment,,2025.1.1,118.77754153999338,2025-10-17 22h51.31.617811 +0530,
Cruise,199,4,13,1,0.5987042000051588,,,,,,,,,,,,13,4,199,11,,,,,213.1080129999973,,213.09532969999418,213.1080129999973,213.1080129999973,213.72521059999417,1,0.5987042000051588,,,,,,,,,,,,,,,Participant 04 ,001,2025-10-17_22h50.59.153,Word Priming Experiment,,2025.1.1,118.77754153999338,2025-10-17 22h51.31.617811 +0530,
mouse,200,5,13,1,0.5825306999977329,,,,,,,,,,,,13,5,200,8,,,,,213.74193739999464,,213.7285733999961,213.74193739999464,213.74193739999464,214.3263913999981,1,0.5825306999977329,,,,,,,,,,,,,,,Participant 04 ,001,2025-10-17_22h50.59.153,Word Priming Experiment,,2025.1.1,118.77754153999338,2025-10-17 22h51.31.617811 +0530,
Laptop,201,6,13,1,0.5812087999947835,,,,,,,,,,,,13,6,201,5,,,,,214.3412432999976,,214.33007749999524,214.3412432999976,214.3412432999976,214.92591049999464,1,0.5812087999947835,,,,,,,,,,,,,,,Participant 04 ,001,2025-10-17_22h50.59.153,Word Priming Experiment,,2025.1.1,118.77754153999338,2025-10-17 22h51.31.617811 +0530,
cushion,202,7,13,1,0.5803259999956936,,,,,,,,,,,,13,7,202,1,,,,,215.05766589999985,,215.03035319999617,215.05766589999985,215.05766589999985,215.62551489999896,1,0.5803259999956936,,,,,,,,,,,,,,,Participant 04 ,001,2025-10-17_22h50.59.153,Word Priming Experiment,,2025.1.1,118.77754153999338,2025-10-17 22h51.31.617811 +0530,
Keys,203,8,13,1,0.6814666999998735,,,,,,,,,,,,13,8,203,13,,,,,215.64140719999705,,215.6282013999953,215.64140719999705,215.64140719999705,216.32492300000013,1,0.6814666999998735,,,,,,,,,,,,,,,Participant 04 ,001,2025-10-17_22h50.59.153,Word Priming Experiment,,2025.1.1,118.77754153999338,2025-10-17 22h51.31.617811 +0530,
board,204,9,13,1,0.6496981999953277,,,,,,,,,,,,13,9,204,4,,,,,216.34159079999517,,216.32734669999627,216.34159079999517,216.34159079999517,216.99289089999365,1,0.6496981999953277,,,,,,,,,,,,,,,Participant 04 ,001,2025-10-17_22h50.59.153,Word Priming Experiment,,2025.1.1,118.77754153999338,2025-10-17 22h51.31.617811 +0530,
Police,205,10,13,1,0.5990582999947947,,,,,,,,,,,,13,10,205,12,,,,,217.00806459999876,,216.9960820999986,217.00806459999876,217.00806459999876,217.62544389999675,1,0.5990582999947947,,,,,,,,,,,,,,,Participant 04 ,001,2025-10-17_22h50.59.153,Word Priming Experiment,,2025.1.1,118.77754153999338,2025-10-17 22h51.31.617811 +0530,
book,206,11,13,1,0.599549599995953,,,,,,,,,,,,13,11,206,0,,,,,217.6578487999941,,217.62981439999567,217.6578487999941,217.6578487999941,218.2427463999993,1,0.599549599995953,,,,,,,,,,,,,,,Participant 04 ,001,2025-10-17_22h50.59.153,Word Priming Experiment,,2025.1.1,118.77754153999338,2025-10-17 22h51.31.617811 +0530,
T-shirt,207,12,13,1,0.7309623999972246,,,,,,,,,,,,13,12,207,7,,,,,218.25797309999325,,218.2460246999981,218.25797309999325,218.25797309999325,218.99198519999482,1,0.7309623999972246,,,,,,,,,,,,,,,Participant 04 ,001,2025-10-17_22h50.59.153,Word Priming Experiment,,2025.1.1,118.77754153999338,2025-10-17 22h51.31.617811 +0530,
marble,208,13,13,1,0.7162062000061269,,,,,,,,,,,,13,13,208,3,,,,,219.00812159999623,,218.99520529999427,219.00812159999623,219.00812159999623,219.74195619999955,1,0.7162062000061269,,,,,,,,,,,,,,,Participant 04 ,001,2025-10-17_22h50.59.153,Word Priming Experiment,,2025.1.1,118.77754153999338,2025-10-17 22h51.31.617811 +0530,
phone,209,14,13,1,0.7473605999985011,,,,,,,,,,,,13,14,209,2,,,,,219.75873039999715,,219.7458501000001,219.75873039999715,219.75873039999715,220.50965779999387,1,0.7473605999985011,,,,,,,,,,,,,,,Participant 04 ,001,2025-10-17_22h50.59.153,Word Priming Experiment,,2025.1.1,118.77754153999338,2025-10-17 22h51.31.617811 +0530,
Laptop,210,0,14,1,0.7484985000046436,,,,,,,,,,,,14,0,210,5,,,,,220.52474419999635,,220.51284049999958,220.52474419999635,220.52474419999635,221.27590289999353,1,0.7484985000046436,,,,,,,,,,,,,,,Participant 04 ,001,2025-10-17_22h50.59.153,Word Priming Experiment,,2025.1.1,118.77754153999338,2025-10-17 22h51.31.617811 +0530,
book,211,1,14,1,0.849510599997302,,,,,,,,,,,,14,1,211,0,,,,,221.29158499999903,,221.27860849999706,221.29158499999903,221.29158499999903,222.14247429999523,1,0.849510599997302,,,,,,,,,,,,,,,Participant 04 ,001,2025-10-17_22h50.59.153,Word Priming Experiment,,2025.1.1,118.77754153999338,2025-10-17 22h51.31.617811 +0530,
Chart,212,2,14,1,0.6196048999991035,,,,,,,,,,,,14,2,212,6,,,,,222.17413469999883,,222.1460014999975,222.17413469999883,222.17413469999883,222.7919511999935,1,0.6196048999991035,,,,,,,,,,,,,,,Participant 04 ,001,2025-10-17_22h50.59.153,Word Priming Experiment,,2025.1.1,118.77754153999338,2025-10-17 22h51.31.617811 +0530,
Police,213,3,14,1,0.7314776999992318,,,,,,,,,,,,14,3,213,12,,,,,222.8090355999957,,222.79642659999809,222.8090355999957,222.8090355999957,223.54253569999855,1,0.7314776999992318,,,,,,,,,,,,,,,Participant 04 ,001,2025-10-17_22h50.59.153,Word Priming Experiment,,2025.1.1,118.77754153999338,2025-10-17 22h51.31.617811 +0530,
Pastry,214,4,14,1,0.6490998000008403,,,,,,,,,,,,14,4,214,9,,,,,223.55803519999608,,223.54521609999938,223.55803519999608,223.55803519999608,224.20866569999635,1,0.6490998000008403,,,,,,,,,,,,,,,Participant 04 ,001,2025-10-17_22h50.59.153,Word Priming Experiment,,2025.1.1,118.77754153999338,2025-10-17 22h51.31.617811 +0530,
marble,215,5,14,1,0.6325614000015776,,,,,,,,,,,,14,5,215,3,,,,,224.22459319999325,,224.21175769999536,224.22459319999325,224.22459319999325,224.87536709999404,1,0.6325614000015776,,,,,,,,,,,,,,,Participant 04 ,001,2025-10-17_22h50.59.153,Word Priming Experiment,,2025.1.1,118.77754153999338,2025-10-17 22h51.31.617811 +0530,
phone,216,6,14,1,0.5976854999971692,,,,,,,,,,,,14,6,216,2,,,,,224.89251169999625,,224.8791831999988,224.89251169999625,224.89251169999625,225.4919718999954,1,0.5976854999971692,,,,,,,,,,,,,,,Participant 04 ,001,2025-10-17_22h50.59.153,Word Priming Experiment,,2025.1.1,118.77754153999338,2025-10-17 22h51.31.617811 +0530,
Keys,217,7,14,1,0.6495184000013978,,,,,,,,,,,,14,7,217,13,,,,,225.50804519999656,,225.49448209999537,225.50804519999656,225.50804519999656,226.1604140999989,1,0.6495184000013978,,,,,,,,,,,,,,,Participant 04 ,001,2025-10-17_22h50.59.153,Word Priming Experiment,,2025.1.1,118.77754153999338,2025-10-17 22h51.31.617811 +0530,
Case,218,8,14,1,0.629489699997066,,,,,,,,,,,,14,8,218,10,,,,,226.17534899999737,,226.16418200000044,226.17534899999737,226.17534899999737,226.80950189999567,1,0.629489699997066,,,,,,,,,,,,,,,Participant 04 ,001,2025-10-17_22h50.59.153,Word Priming Experiment,,2025.1.1,118.77754153999338,2025-10-17 22h51.31.617811 +0530,
Poster,219,9,14,1,0.881754699999874,,,,,,,,,,,,14,9,219,14,,,,,226.82464210000035,,226.812331299996,226.82464210000035,226.82464210000035,227.70910379999987,1,0.881754699999874,,,,,,,,,,,,,,,Participant 04 ,001,2025-10-17_22h50.59.153,Word Priming Experiment,,2025.1.1,118.77754153999338,2025-10-17 22h51.31.617811 +0530,
Cruise,220,10,14,1,0.8306884999983595,,,,,,,,,,,,14,10,220,11,,,,,227.7245810999957,,227.71241149999696,227.7245810999957,227.7245810999957,228.55932439999742,1,0.8306884999983595,,,,,,,,,,,,,,,Participant 04 ,001,2025-10-17_22h50.59.153,Word Priming Experiment,,2025.1.1,118.77754153999338,2025-10-17 22h51.31.617811 +0530,
T-shirt,221,11,14,1,0.6480030000020633,,,,,,,,,,,,14,11,221,7,,,,,228.57453199999873,,228.56246139999712,228.57453199999873,228.57453199999873,229.22499279999465,1,0.6480030000020633,,,,,,,,,,,,,,,Participant 04 ,001,2025-10-17_22h50.59.153,Word Priming Experiment,,2025.1.1,118.77754153999338,2025-10-17 22h51.31.617811 +0530,
cushion,222,12,14,1,0.6162856000009924,,,,,,,,,,,,14,12,222,1,,,,,229.2414082999967,,229.22817989999749,229.2414082999967,229.2414082999967,229.85884679999435,1,0.6162856000009924,,,,,,,,,,,,,,,Participant 04 ,001,2025-10-17_22h50.59.153,Word Priming Experiment,,2025.1.1,118.77754153999338,2025-10-17 22h51.31.617811 +0530,
mouse,223,13,14,1,0.6338812999965739,,,,,,,,,,,,14,13,223,8,,,,,229.8745368999953,,229.86208719999559,229.8745368999953,229.8745368999953,230.50889209999877,1,0.6338812999965739,,,,,,,,,,,,,,,Participant 04 ,001,2025-10-17_22h50.59.153,Word Priming Experiment,,2025.1.1,118.77754153999338,2025-10-17 22h51.31.617811 +0530,
board,224,14,14,1,0.5809846999982256,,,,,,,,,,,,14,14,224,4,,,,,230.5246182999981,,230.51241399999708,230.5246182999981,230.5246182999981,231.10898099999758,1,0.5809846999982256,,,,,,,,,,,,,,,Participant 04 ,001,2025-10-17_22h50.59.153,Word Priming Experiment,,2025.1.1,118.77754153999338,2025-10-17 22h51.31.617811 +0530,
,0,0,0,,,_ou_se,mouse,old,mouse,[np.float64(0.065)],[np.float64(-0.30875)],[1],[0],[0],[19.720949999995355],['text_3'],,,,,0,0,0,3,231.14100069999404,,,,,,,,231.1244160999995,231.14100069999404,231.14100069999404,231.14100069999404,0.015421900003275368,250.84565229999862,mouse,[np.float64(0.065)],[np.float64(-0.30875)],[1],[0],[0],[19.720949999995355],['text_3'],Participant 04 ,001,2025-10-17_22h50.59.153,Word Priming Experiment,,2025.1.1,118.77754153999338,2025-10-17 22h51.31.617811 +0530,
,1,1,0,,,P_as_tr_,Pastry,old,pastry,[np.float64(-0.03125)],[np.float64(-0.32)],[1],[0],[0],[6.254598499996064],['text_3'],,,,,0,1,1,4,250.8736116,,,,,,,,250.84929259999626,250.8736116,250.8736116,250.8736116,0.0034325000015087426,257.1044124999971,pastry,[np.float64(-0.03125)],[np.float64(-0.32)],[1],[0],[0],[6.254598499996064],['text_3'],Participant 04 ,001,2025-10-17_22h50.59.153,Word Priming Experiment,,2025.1.1,118.77754153999338,2025-10-17 22h51.31.617811 +0530,
,2,2,0,,,l_pt_p,Laptop,old,laptop,[np.float64(0.02125)],[np.float64(-0.27875)],[1],[0],[0],[3.4093276000057813],['text_3'],,,,,0,2,2,0,257.1236021999939,,,,,,,,257.1085538999978,257.1236021999939,257.1236021999939,257.1236021999939,0.003990600001998246,260.5181840000005,laptop,[np.float64(0.02125)],[np.float64(-0.27875)],[1],[0],[0],[3.4093276000057813],['text_3'],Participant 04 ,001,2025-10-17_22h50.59.153,Word Priming Experiment,,2025.1.1,118.77754153999338,2025-10-17 22h51.31.617811 +0530,
,3,3,0,,,c_m_ra,Camera,new,camera,[np.float64(0.02125)],[np.float64(-0.27875)],[1],[0],[0],[5.630857700001798],['text_3'],,,,,0,3,3,19,260.5337784000003,,,,,,,,260.520961299997,260.5337784000003,260.5337784000003,260.5337784000003,0.0026477999999769963,266.1522086999976,camera,[np.float64(0.02125)],[np.float64(-0.27875)],[1],[0],[0],[5.630857700001798],['text_3'],Participant 04 ,001,2025-10-17_22h50.59.153,Word Priming Experiment,,2025.1.1,118.77754153999338,2025-10-17 22h51.31.617811 +0530,
,4,4,0,,,_oo_,Book,old,door,[np.float64(0.02125)],[np.float64(-0.27875)],[1],[0],[0],[4.92664810000133],['text_3'],,,,,0,4,4,13,266.1821442999935,,,,,,,,266.15754559999914,266.1821442999935,266.1821442999935,266.1821442999935,0.005160600005183369,271.08463389999815,door,[np.float64(0.02125)],[np.float64(-0.27875)],[1],[0],[0],[4.92664810000133],['text_3'],Participant 04 ,001,2025-10-17_22h50.59.153,Word Priming Experiment,,2025.1.1,118.77754153999338,2025-10-17 22h51.31.617811 +0530,
,5,5,0,,,K_y_,Keys,old,keys,[np.float64(0.03875)],[np.float64(-0.30875)],[1],[0],[0],[3.362444999998843],['text_3'],,,,,0,5,5,8,271.1160077999957,,,,,,,,271.0888774999985,271.1160077999957,271.1160077999957,271.1160077999957,0.004077500001585577,274.45170679999865,keys,[np.float64(0.03875)],[np.float64(-0.30875)],[1],[0],[0],[3.362444999998843],['text_3'],Participant 04 ,001,2025-10-17_22h50.59.153,Word Priming Experiment,,2025.1.1,118.77754153999338,2025-10-17 22h51.31.617811 +0530,
,6,6,0,,,c_s_io_,Cushion,new,cushion,[np.float64(0.03875)],[np.float64(-0.30875)],[1],[0],[0],[3.776792500000738],['text_3'],,,,,0,6,6,14,274.4818460999959,,,,,,,,274.45645529999456,274.4818460999959,274.4818460999959,274.4818460999959,0.004588700001477264,278.23363029999746,cushion,[np.float64(0.03875)],[np.float64(-0.30875)],[1],[0],[0],[3.776792500000738],['text_3'],Participant 04 ,001,2025-10-17_22h50.59.153,Word Priming Experiment,,2025.1.1,118.77754153999338,2025-10-17 22h51.31.617811 +0530,
,7,7,0,,,P_li_e,Police,old,police,[np.float64(0.03875)],[np.float64(-0.30875)],[1],[0],[0],[3.9481042999977944],['text_3'],,,,,0,7,7,7,278.25160469999537,,,,,,,,278.23664819999976,278.25160469999537,278.25160469999537,278.25160469999537,0.002906100002292078,282.18506139999954,police,[np.float64(0.03875)],[np.float64(-0.30875)],[1],[0],[0],[3.9481042999977944],['text_3'],Participant 04 ,001,2025-10-17_22h50.59.153,Word Priming Experiment,,2025.1.1,118.77754153999338,2025-10-17 22h51.31.617811 +0530,
,8,8,0,,,v_s_,Vase,new,vase,[np.float64(0.00875)],[np.float64(-0.3075)],[1],[0],[0],[5.119328399996448],['text_3'],,,,,0,8,8,17,282.2162055999943,,,,,,,,282.1909052999981,282.2162055999943,282.2162055999943,282.2162055999943,0.005702099995687604,287.3106165999998,vase,[np.float64(0.00875)],[np.float64(-0.3075)],[1],[0],[0],[5.119328399996448],['text_3'],Participant 04 ,001,2025-10-17_22h50.59.153,Word Priming Experiment,,2025.1.1,118.77754153999338,2025-10-17 22h51.31.617811 +0530,
,9,9,0,,,p_nc_l,Pencil,new,pencil,[np.float64(-0.00125)],[np.float64(-0.2925)],[1],[0],[0],[5.896844700000656],['text_3'],,,,,0,9,9,16,287.33988769999996,,,,,,,,287.31483709999884,287.33988769999996,287.33988769999996,287.33988769999996,0.004051000003528316,293.2121430999978,pencil,[np.float64(-0.00125)],[np.float64(-0.2925)],[1],[0],[0],[5.896844700000656],['text_3'],Participant 04 ,001,2025-10-17_22h50.59.153,Word Priming Experiment,,2025.1.1,118.77754153999338,2025-10-17 22h51.31.617811 +0530,
,10,10,0,,,c_s_,Case,old,case,[np.float64(-0.00125)],[np.float64(-0.2925)],[1],[0],[0],[2.7768264999976964],['text_3'],,,,,0,10,10,5,293.24123329999566,,,,,,,,293.2162567999985,293.24123329999566,293.24123329999566,293.24123329999566,0.004020100001071114,295.99362459999975,case,[np.float64(-0.00125)],[np.float64(-0.2925)],[1],[0],[0],[2.7768264999976964],['text_3'],Participant 04 ,001,2025-10-17_22h50.59.153,Word Priming Experiment,,2025.1.1,118.77754153999338,2025-10-17 22h51.31.617811 +0530,
,11,11,0,,,P_st_r,Poster,old,pastry,[np.float64(-0.00125)],[np.float64(-0.2925)],[1],[0],[0],[3.994745399999374],['text_3'],,,,,0,11,11,9,296.0239217999988,,,,,,,,295.9980319999959,296.0239217999988,296.0239217999988,296.0239217999988,0.004247800003213342,299.99329249999573,pastry,[np.float64(-0.00125)],[np.float64(-0.2925)],[1],[0],[0],[3.994745399999374],['text_3'],Participant 04 ,001,2025-10-17_22h50.59.153,Word Priming Experiment,,2025.1.1,118.77754153999338,2025-10-17 22h51.31.617811 +0530,
,12,12,0,,,ta_l_,Table,new,tails,[np.float64(0.035)],[np.float64(-0.3025)],[1],[0],[0],[7.3915876999963075],['text_3'],,,,,0,12,12,15,300.0242399999988,,,,,,,,299.99772870000015,300.0242399999988,300.0242399999988,300.0242399999988,0.004289299999072682,307.38979729999846,tails,[np.float64(0.035)],[np.float64(-0.3025)],[1],[0],[0],[7.3915876999963075],['text_3'],Participant 04 ,001,2025-10-17_22h50.59.153,Word Priming Experiment,,2025.1.1,118.77754153999338,2025-10-17 22h51.31.617811 +0530,
,13,13,0,,,bo_t_e,Bottle,new,bottle,"[np.float64(0.0575), np.float64(0.01625)]","[np.float64(-0.33), np.float64(-0.2725)]","[1, 1]","[0, 0]","[0, 0]","[3.8145103999995627, 4.823930600003223]","[None, 'text_3']",,,,,0,13,13,18,307.41566419999435,,,,,,,,307.39376679999987,307.41566419999435,307.41566419999435,307.41566419999435,0.003840899997157976,312.21816549999494,bottle,"[np.float64(0.0575), np.float64(0.01625)]","[np.float64(-0.33), np.float64(-0.2725)]","[1, 1]","[0, 0]","[0, 0]","[3.8145103999995627, 4.823930600003223]","[None, 'text_3']",Participant 04 ,001,2025-10-17_22h50.59.153,Word Priming Experiment,,2025.1.1,118.77754153999338,2025-10-17 22h51.31.617811 +0530,
,14,14,0,,,_o_rd,Board,old,lord,[np.float64(0.01)],[np.float64(-0.28875)],[1],[0],[0],[23.931580700002087],['text_3'],,,,,0,14,14,10,312.2483315999998,,,,,,,,312.2218225999968,312.2483315999998,312.2483315999998,312.2483315999998,0.003370900005393196,336.1538311999975,lord,[np.float64(0.01)],[np.float64(-0.28875)],[1],[0],[0],[23.931580700002087],['text_3'],Participant 04 ,001,2025-10-17_22h50.59.153,Word Priming Experiment,,2025.1.1,118.77754153999338,2025-10-17 22h51.31.617811 +0530,
,15,15,0,,,_a_bl_,Marble,old,able,[np.float64(0.02375)],[np.float64(-0.3025)],[1],[0],[0],[10.237156800001685],['text_3'],,,,,0,15,15,11,336.18168429999787,,,,,,,,336.1584703999979,336.18168429999787,336.18168429999787,336.18168429999787,0.004480899995542131,346.39623229999415,able,[np.float64(0.02375)],[np.float64(-0.3025)],[1],[0],[0],[10.237156800001685],['text_3'],Participant 04 ,001,2025-10-17_22h50.59.153,Word Priming Experiment,,2025.1.1,118.77754153999338,2025-10-17 22h51.31.617811 +0530,
,16,16,0,,,_ha_t,Chart,old,chat,"[np.float64(-0.06375), np.float64(-0.04875)]","[np.float64(-0.27125), np.float64(-0.28625)]","[1, 1]","[0, 0]","[0, 0]","[5.724214900001243, 6.566204999995534]","[None, 'text_3']",,,,,0,16,16,1,346.4239119999984,,,,,,,,346.4010974999983,346.4239119999984,346.4239119999984,346.4239119999984,0.0046131999988574535,352.9678344999993,chat,"[np.float64(-0.06375), np.float64(-0.04875)]","[np.float64(-0.27125), np.float64(-0.28625)]","[1, 1]","[0, 0]","[0, 0]","[5.724214900001243, 6.566204999995534]","[None, 'text_3']",Participant 04 ,001,2025-10-17_22h50.59.153,Word Priming Experiment,,2025.1.1,118.77754153999338,2025-10-17 22h51.31.617811 +0530,
,17,17,0,,,_ho_e,Phone,old,whore,[np.float64(0.025)],[np.float64(-0.28625)],[1],[0],[0],[4.34469689999969],['text_3'],,,,,0,17,17,12,352.9975440999988,,,,,,,,352.97197319999395,352.9975440999988,352.9975440999988,352.9975440999988,0.003952000006393064,357.31716569999844,whore,[np.float64(0.025)],[np.float64(-0.28625)],[1],[0],[0],[4.34469689999969],['text_3'],Participant 04 ,001,2025-10-17_22h50.59.153,Word Priming Experiment,,2025.1.1,118.77754153999338,2025-10-17 22h51.31.617811 +0530,
,18,18,0,,,T_hi_t,Tshirt,old,t Shirt,[np.float64(0.03)],[np.float64(-0.29125)],[1],[0],[0],[6.156058000000485],['text_3'],,,,,0,18,18,2,357.3330191999994,,,,,,,,357.3206763999988,357.3330191999994,357.3330191999994,357.3330191999994,0.003361999995831866,363.4771152999965,t Shirt,[np.float64(0.03)],[np.float64(-0.29125)],[1],[0],[0],[6.156058000000485],['text_3'],Participant 04 ,001,2025-10-17_22h50.59.153,Word Priming Experiment,,2025.1.1,118.77754153999338,2025-10-17 22h51.31.617811 +0530,
,19,19,0,,,_ru_is_,Cruise,old,cruise,[np.float64(0.03)],[np.float64(-0.29125)],[1],[0],[0],[3.0942743999985396],['text_3'],,,,,0,19,19,6,363.5059590999954,,,,,,,,363.48063649999676,363.5059590999954,363.5059590999954,363.5059590999954,0.003377200002432801,366.5753046999962,cruise,[np.float64(0.03)],[np.float64(-0.29125)],[1],[0],[0],[3.0942743999985396],['text_3'],Participant 04 ,001,2025-10-17_22h50.59.153,Word Priming Experiment,,2025.1.1,118.77754153999338,2025-10-17 22h51.31.617811 +0530,
,20,0,1,,,c_m_ra,Camera,new,camera,[np.float64(0.03)],[np.float64(-0.29125)],[1],[0],[0],[4.415914999997767],['text_3'],,,,,1,0,20,19,366.5913819999987,,,,,,,,366.5780745999946,366.5913819999987,366.5913819999987,366.5913819999987,0.0026390999992145225,370.9945851999946,camera,[np.float64(0.03)],[np.float64(-0.29125)],[1],[0],[0],[4.415914999997767],['text_3'],Participant 04 ,001,2025-10-17_22h50.59.153,Word Priming Experiment,,2025.1.1,118.77754153999338,2025-10-17 22h51.31.617811 +0530,
,21,1,1,,,c_s_,Case,old,case,[np.float64(0.03)],[np.float64(-0.29125)],[1],[0],[0],[2.509975300003134],['text_3'],,,,,1,1,21,5,371.0237263999952,,,,,,,,370.9997455999983,371.0237263999952,371.0237263999952,371.0237263999952,0.004983200000424404,373.5103089999975,case,[np.float64(0.03)],[np.float64(-0.29125)],[1],[0],[0],[2.509975300003134],['text_3'],Participant 04 ,001,2025-10-17_22h50.59.153,Word Priming Experiment,,2025.1.1,118.77754153999338,2025-10-17 22h51.31.617811 +0530,
,22,2,1,,,p_nc_l,Pencil,new,pencil,[np.float64(0.0525)],[np.float64(-0.2975)],[1],[0],[0],[3.735208699996292],['text_3'],,,,,1,2,22,16,373.54033309999795,,,,,,,,373.5144715999995,373.54033309999795,373.54033309999795,373.54033309999795,0.0040070000031846575,377.2502144999962,pencil,[np.float64(0.0525)],[np.float64(-0.2975)],[1],[0],[0],[3.735208699996292],['text_3'],Participant 04 ,001,2025-10-17_22h50.59.153,Word Priming Experiment,,2025.1.1,118.77754153999338,2025-10-17 22h51.31.617811 +0530,
,23,3,1,,,P_li_e,Police,old,police,[np.float64(0.0525)],[np.float64(-0.2975)],[1],[0],[0],[2.863210399998934],['text_3'],,,,,1,3,23,7,377.28069870000036,,,,,,,,377.25484129999677,377.28069870000036,377.28069870000036,377.28069870000036,0.004447600003913976,380.1185295999967,police,[np.float64(0.0525)],[np.float64(-0.2975)],[1],[0],[0],[2.863210399998934],['text_3'],Participant 04 ,001,2025-10-17_22h50.59.153,Word Priming Experiment,,2025.1.1,118.77754153999338,2025-10-17 22h51.31.617811 +0530,
,24,4,1,,,T_hi_t,Tshirt,old,TsHIRT,[np.float64(0.0525)],[np.float64(-0.2975)],[1],[0],[0],[4.495771399997466],['text_3'],,,,,1,4,24,2,380.148646499998,,,,,,,,380.1214861999979,380.148646499998,380.148646499998,380.148646499998,0.002835300001606811,384.6177991000004,TsHIRT,[np.float64(0.0525)],[np.float64(-0.2975)],[1],[0],[0],[4.495771399997466],['text_3'],Participant 04 ,001,2025-10-17_22h50.59.153,Word Priming Experiment,,2025.1.1,118.77754153999338,2025-10-17 22h51.31.617811 +0530,
,25,5,1,,,P_as_tr_,Pastry,old,Pastry,[np.float64(0.0525)],[np.float64(-0.2975)],[1],[0],[0],[3.1945580999963568],['text_3'],,,,,1,5,25,4,384.6474692999982,,,,,,,,384.62211739999475,384.6474692999982,384.6474692999982,384.6474692999982,0.004106599997612648,387.8173711999989,Pastry,[np.float64(0.0525)],[np.float64(-0.2975)],[1],[0],[0],[3.1945580999963568],['text_3'],Participant 04 ,001,2025-10-17_22h50.59.153,Word Priming Experiment,,2025.1.1,118.77754153999338,2025-10-17 22h51.31.617811 +0530,
,26,6,1,,,bo_t_e,Bottle,new,bottle,[np.float64(0.0525)],[np.float64(-0.2975)],[1],[0],[0],[2.7441410000028554],['text_3'],,,,,1,6,26,18,387.84755210000003,,,,,,,,387.82246419999865,387.84755210000003,387.84755210000003,387.84755210000003,0.0049013000025297515,390.5671901999958,bottle,[np.float64(0.0525)],[np.float64(-0.2975)],[1],[0],[0],[2.7441410000028554],['text_3'],Participant 04 ,001,2025-10-17_22h50.59.153,Word Priming Experiment,,2025.1.1,118.77754153999338,2025-10-17 22h51.31.617811 +0530,
,27,7,1,,,K_y_,Keys,old,keys,[np.float64(0.0525)],[np.float64(-0.2975)],[1],[0],[0],[4.661914700001944],['text_3'],,,,,1,7,27,8,390.59810509999807,,,,,,,,390.57108829999925,390.59810509999807,390.59810509999807,390.59810509999807,0.0037358999979915097,395.2334283999953,keys,[np.float64(0.0525)],[np.float64(-0.2975)],[1],[0],[0],[4.661914700001944],['text_3'],Participant 04 ,001,2025-10-17_22h50.59.153,Word Priming Experiment,,2025.1.1,118.77754153999338,2025-10-17 22h51.31.617811 +0530,
,28,8,1,,,_a_bl_,Marble,old,cable,[np.float64(0.0525)],[np.float64(-0.2975)],[1],[0],[0],[8.613300700002583],['text_3'],,,,,1,8,28,11,395.2481503999952,,,,,,,,395.2362002999944,395.2481503999952,395.2481503999952,395.2481503999952,0.002671400005056057,403.8500783999989,cable,[np.float64(0.0525)],[np.float64(-0.2975)],[1],[0],[0],[8.613300700002583],['text_3'],Participant 04 ,001,2025-10-17_22h50.59.153,Word Priming Experiment,,2025.1.1,118.77754153999338,2025-10-17 22h51.31.617811 +0530,
,29,9,1,,,_oo_,Book,old,book,[np.float64(0.0525)],[np.float64(-0.2975)],[1],[0],[0],[7.428686799998104],['text_3'],,,,,1,9,29,13,403.8805171999993,,,,,,,,403.8539737999963,403.8805171999993,403.8805171999993,403.8805171999993,0.0037163999950280413,411.28316939999786,book,[np.float64(0.0525)],[np.float64(-0.2975)],[1],[0],[0],[7.428686799998104],['text_3'],Participant 04 ,001,2025-10-17_22h50.59.153,Word Priming Experiment,,2025.1.1,118.77754153999338,2025-10-17 22h51.31.617811 +0530,
,30,10,1,,,_o_rd,Board,old,lord,[np.float64(0.0525)],[np.float64(-0.2975)],[1],[0],[0],[3.763259100000141],['text_3'],,,,,1,10,30,10,411.2980675999934,,,,,,,,411.28639129999647,411.2980675999934,411.2980675999934,411.2980675999934,0.0030775999985053204,415.05008989999624,lord,[np.float64(0.0525)],[np.float64(-0.2975)],[1],[0],[0],[3.763259100000141],['text_3'],Participant 04 ,001,2025-10-17_22h50.59.153,Word Priming Experiment,,2025.1.1,118.77754153999338,2025-10-17 22h51.31.617811 +0530,
,31,11,1,,,_ha_t,Chart,old,chat,[np.float64(0.0525)],[np.float64(-0.2975)],[1],[0],[0],[3.5790737999996054],['text_3'],,,,,1,11,31,1,415.06585549999727,,,,,,,,415.05298019999464,415.06585549999727,415.06585549999727,415.06585549999727,0.0027592000042204745,418.63254849999794,chat,[np.float64(0.0525)],[np.float64(-0.2975)],[1],[0],[0],[3.5790737999996054],['text_3'],Participant 04 ,001,2025-10-17_22h50.59.153,Word Priming Experiment,,2025.1.1,118.77754153999338,2025-10-17 22h51.31.617811 +0530,
,32,12,1,,,c_s_io_,Cushion,new,cushion,[np.float64(0.0525)],[np.float64(-0.2975)],[1],[0],[0],[3.0134430000034627],['text_3'],,,,,1,12,32,14,418.64865019999706,,,,,,,,418.63648639999883,418.64865019999706,418.64865019999706,418.64865019999706,0.0037936000007903203,421.650544899996,cushion,[np.float64(0.0525)],[np.float64(-0.2975)],[1],[0],[0],[3.0134430000034627],['text_3'],Participant 04 ,001,2025-10-17_22h50.59.153,Word Priming Experiment,,2025.1.1,118.77754153999338,2025-10-17 22h51.31.617811 +0530,
,33,13,1,,,P_st_r,Poster,old,poster,[np.float64(0.0525)],[np.float64(-0.2975)],[1],[0],[0],[3.4604729999991832],['text_3'],,,,,1,13,33,9,421.68055929999537,,,,,,,,421.6547223999951,421.68055929999537,421.68055929999537,421.68055929999537,0.003999499997007661,425.11567469999864,poster,[np.float64(0.0525)],[np.float64(-0.2975)],[1],[0],[0],[3.4604729999991832],['text_3'],Participant 04 ,001,2025-10-17_22h50.59.153,Word Priming Experiment,,2025.1.1,118.77754153999338,2025-10-17 22h51.31.617811 +0530,
,34,14,1,,,_ru_is_,Cruise,old,cruise,[np.float64(0.0525)],[np.float64(-0.2975)],[1],[0],[0],[2.8151574000003166],['text_3'],,,,,1,14,34,6,425.1314626999956,,,,,,,,425.1196912999949,425.1314626999956,425.1314626999956,425.1314626999956,0.003910399995220359,427.9354433999979,cruise,[np.float64(0.0525)],[np.float64(-0.2975)],[1],[0],[0],[2.8151574000003166],['text_3'],Participant 04 ,001,2025-10-17_22h50.59.153,Word Priming Experiment,,2025.1.1,118.77754153999338,2025-10-17 22h51.31.617811 +0530,
,35,15,1,,,v_s_,Vase,new,vase,[np.float64(0.0525)],[np.float64(-0.2975)],[1],[0],[0],[3.642572500000824],['text_3'],,,,,1,15,35,17,427.9635888999983,,,,,,,,427.9389563999939,427.9635888999983,427.9635888999983,427.9635888999983,0.0033746999979484826,431.58207879999827,vase,[np.float64(0.0525)],[np.float64(-0.2975)],[1],[0],[0],[3.642572500000824],['text_3'],Participant 04 ,001,2025-10-17_22h50.59.153,Word Priming Experiment,,2025.1.1,118.77754153999338,2025-10-17 22h51.31.617811 +0530,
,36,16,1,,,l_pt_p,Laptop,old,laptop,[np.float64(0.0525)],[np.float64(-0.2975)],[1],[0],[0],[6.380321299999196],['text_3'],,,,,1,16,36,0,431.5975424999997,,,,,,,,431.58484209999733,431.5975424999997,431.5975424999997,431.5975424999997,0.002657299999555107,437.96567009999853,laptop,[np.float64(0.0525)],[np.float64(-0.2975)],[1],[0],[0],[6.380321299999196],['text_3'],Participant 04 ,001,2025-10-17_22h50.59.153,Word Priming Experiment,,2025.1.1,118.77754153999338,2025-10-17 22h51.31.617811 +0530,
,37,17,1,,,ta_l_,Table,new,tails,[np.float64(0.0525)],[np.float64(-0.2975)],[1],[0],[0],[7.747485699997924],['text_3'],,,,,1,17,37,15,437.9809995999967,,,,,,,,437.96885539999494,437.9809995999967,437.9809995999967,437.9809995999967,0.0030703000011271797,445.7169667999988,tails,[np.float64(0.0525)],[np.float64(-0.2975)],[1],[0],[0],[7.747485699997924],['text_3'],Participant 04 ,001,2025-10-17_22h50.59.153,Word Priming Experiment,,2025.1.1,118.77754153999338,2025-10-17 22h51.31.617811 +0530,
,38,18,1,,,_ho_e,Phone,old,whore,[np.float64(0.0525)],[np.float64(-0.2975)],[1],[0],[0],[3.1137832999957027],['text_3'],,,,,1,18,38,12,445.73231409999426,,,,,,,,445.72068659999786,445.73231409999426,445.73231409999426,445.73231409999426,0.0035458999991533346,448.83513819999644,whore,[np.float64(0.0525)],[np.float64(-0.2975)],[1],[0],[0],[3.1137832999957027],['text_3'],Participant 04 ,001,2025-10-17_22h50.59.153,Word Priming Experiment,,2025.1.1,118.77754153999338,2025-10-17 22h51.31.617811 +0530,
,39,19,1,,,_ou_se,mouse,old,mouse,[np.float64(0.0525)],[np.float64(-0.2975)],[1],[0],[0],[2.55964440000389],['text_3'],,,,,1,19,39,3,448.8648740999997,,,,,,,,448.8398717999953,448.8648740999997,448.8648740999997,448.8648740999997,0.004571400000713766,451.40010579999944,mouse,[np.float64(0.0525)],[np.float64(-0.2975)],[1],[0],[0],[2.55964440000389],['text_3'],Participant 04 ,001,2025-10-17_22h50.59.153,Word Priming Experiment,,2025.1.1,118.77754153999338,2025-10-17 22h51.31.617811 +0530,
,40,0,2,,,ta_l_,Table,new,tails,[np.float64(0.0525)],[np.float64(-0.2975)],[1],[0],[0],[2.945293999997375],['text_3'],,,,,2,0,40,15,451.4139658999993,,,,,,,,451.40288560000045,451.4139658999993,451.4139658999993,451.4139658999993,0.0026720999958342873,454.3486972999963,tails,[np.float64(0.0525)],[np.float64(-0.2975)],[1],[0],[0],[2.945293999997375],['text_3'],Participant 04 ,001,2025-10-17_22h50.59.153,Word Priming Experiment,,2025.1.1,118.77754153999338,2025-10-17 22h51.31.617811 +0530,
,41,1,2,,,_oo_,Book,old,book,[np.float64(0.0525)],[np.float64(-0.2975)],[1],[0],[0],[3.033399300002202],['text_3'],,,,,2,1,41,13,454.3656029999984,,,,,,,,454.3513879999955,454.3656029999984,454.3656029999984,454.3656029999984,0.002571099998021964,457.38542569999845,book,[np.float64(0.0525)],[np.float64(-0.2975)],[1],[0],[0],[3.033399300002202],['text_3'],Participant 04 ,001,2025-10-17_22h50.59.153,Word Priming Experiment,,2025.1.1,118.77754153999338,2025-10-17 22h51.31.617811 +0530,
,42,2,2,,,p_nc_l,Pencil,new,pencil,[np.float64(0.0525)],[np.float64(-0.2975)],[1],[0],[0],[2.9590626999997767],['text_3'],,,,,2,2,42,16,457.41385029999947,,,,,,,,457.3901587999935,457.41385029999947,457.41385029999947,457.41385029999947,0.004556599997158628,460.3497922999959,pencil,[np.float64(0.0525)],[np.float64(-0.2975)],[1],[0],[0],[2.9590626999997767],['text_3'],Participant 04 ,001,2025-10-17_22h50.59.153,Word Priming Experiment,,2025.1.1,118.77754153999338,2025-10-17 22h51.31.617811 +0530,
,43,3,2,,,l_pt_p,Laptop,old,laptop,[np.float64(0.0525)],[np.float64(-0.2975)],[1],[0],[0],[2.665533499995945],['text_3'],,,,,2,3,43,0,460.364593899998,,,,,,,,460.35270409999794,460.364593899998,460.364593899998,460.364593899998,0.002803100003802683,463.01901469999575,laptop,[np.float64(0.0525)],[np.float64(-0.2975)],[1],[0],[0],[2.665533499995945],['text_3'],Participant 04 ,001,2025-10-17_22h50.59.153,Word Priming Experiment,,2025.1.1,118.77754153999338,2025-10-17 22h51.31.617811 +0530,
,44,4,2,,,P_st_r,Poster,old,poster,[np.float64(0.0525)],[np.float64(-0.2975)],[1],[0],[0],[3.1589185999982874],['text_3'],,,,,2,4,44,9,463.04697479999595,,,,,,,,463.02342819999467,463.04697479999595,463.04697479999595,463.04697479999595,0.004233400002704002,466.18291869999666,poster,[np.float64(0.0525)],[np.float64(-0.2975)],[1],[0],[0],[3.1589185999982874],['text_3'],Participant 04 ,001,2025-10-17_22h50.59.153,Word Priming Experiment,,2025.1.1,118.77754153999338,2025-10-17 22h51.31.617811 +0530,
,45,5,2,,,_ru_is_,Cruise,old,cruise,[np.float64(0.0525)],[np.float64(-0.2975)],[1],[0],[0],[2.6301237999941804],['text_3'],,,,,2,5,45,6,466.2132461000001,,,,,,,,466.18653699999413,466.2132461000001,466.2132461000001,466.2132461000001,0.0035266999984742142,468.8172820999971,cruise,[np.float64(0.0525)],[np.float64(-0.2975)],[1],[0],[0],[2.6301237999941804],['text_3'],Participant 04 ,001,2025-10-17_22h50.59.153,Word Priming Experiment,,2025.1.1,118.77754153999338,2025-10-17 22h51.31.617811 +0530,
,46,6,2,,,_ho_e,Phone,old,whore,[np.float64(0.0525)],[np.float64(-0.2975)],[1],[0],[0],[8.795165499999712],['text_3'],,,,,2,6,46,12,468.83232979999593,,,,,,,,468.8210919999983,468.83232979999593,468.83232979999593,468.83232979999593,0.0036887000023853034,477.61725679999654,whore,[np.float64(0.0525)],[np.float64(-0.2975)],[1],[0],[0],[8.795165499999712],['text_3'],Participant 04 ,001,2025-10-17_22h50.59.153,Word Priming Experiment,,2025.1.1,118.77754153999338,2025-10-17 22h51.31.617811 +0530,
,47,7,2,,,K_y_,Keys,old,keys,[np.float64(0.0525)],[np.float64(-0.2975)],[1],[0],[0],[2.574553600003128],['text_3'],,,,,2,7,47,8,477.6467935999972,,,,,,,,477.6229284000001,477.6467935999972,477.6467935999972,477.6467935999972,0.005437300002085976,480.19817909999983,keys,[np.float64(0.0525)],[np.float64(-0.2975)],[1],[0],[0],[2.574553600003128],['text_3'],Participant 04 ,001,2025-10-17_22h50.59.153,Word Priming Experiment,,2025.1.1,118.77754153999338,2025-10-17 22h51.31.617811 +0530,
,48,8,2,,,c_s_io_,Cushion,new,cushion,[np.float64(0.0525)],[np.float64(-0.2975)],[1],[0],[0],[2.8797673000008217],['text_3'],,,,,2,8,48,14,480.214138299998,,,,,,,,480.2012792999958,480.214138299998,480.214138299998,480.214138299998,0.0030054000017116778,483.0816055999967,cushion,[np.float64(0.0525)],[np.float64(-0.2975)],[1],[0],[0],[2.8797673000008217],['text_3'],Participant 04 ,001,2025-10-17_22h50.59.153,Word Priming Experiment,,2025.1.1,118.77754153999338,2025-10-17 22h51.31.617811 +0530,
,49,9,2,,,_a_bl_,Marble,old,table,[np.float64(0.0525)],[np.float64(-0.2975)],[1],[0],[0],[4.549072100002377],['text_3'],,,,,2,9,49,11,483.0976423999964,,,,,,,,483.0843637999933,483.0976423999964,483.0976423999964,483.0976423999964,0.0026475999984540977,487.6343233999942,table,[np.float64(0.0525)],[np.float64(-0.2975)],[1],[0],[0],[4.549072100002377],['text_3'],Participant 04 ,001,2025-10-17_22h50.59.153,Word Priming Experiment,,2025.1.1,118.77754153999338,2025-10-17 22h51.31.617811 +0530,
,50,10,2,,,P_li_e,Police,old,police,[np.float64(0.0525)],[np.float64(-0.2975)],[1],[0],[0],[3.1119146999990335],['text_3'],,,,,2,10,50,7,487.663701999998,,,,,,,,487.638231799996,487.663701999998,487.663701999998,487.663701999998,0.0037608000056934543,490.75075309999374,police,[np.float64(0.0525)],[np.float64(-0.2975)],[1],[0],[0],[3.1119146999990335],['text_3'],Participant 04 ,001,2025-10-17_22h50.59.153,Word Priming Experiment,,2025.1.1,118.77754153999338,2025-10-17 22h51.31.617811 +0530,
,51,11,2,,,_o_rd,Board,old,lord,[np.float64(0.0525)],[np.float64(-0.2975)],[1],[0],[0],[2.579361299998709],['text_3'],,,,,2,11,51,10,490.7657349999936,,,,,,,,490.75367019999976,490.7657349999936,490.7657349999936,490.7657349999936,0.0027953999961027876,493.3339859999978,lord,[np.float64(0.0525)],[np.float64(-0.2975)],[1],[0],[0],[2.579361299998709],['text_3'],Participant 04 ,001,2025-10-17_22h50.59.153,Word Priming Experiment,,2025.1.1,118.77754153999338,2025-10-17 22h51.31.617811 +0530,
,52,12,2,,,c_s_,Case,old,case,[np.float64(0.0525)],[np.float64(-0.2975)],[1],[0],[0],[3.0267009000017424],['text_3'],,,,,2,12,52,5,493.36287699999957,,,,,,,,493.3380876999945,493.36287699999957,493.36287699999957,493.36287699999957,0.0039028000028338283,496.36555919999955,case,[np.float64(0.0525)],[np.float64(-0.2975)],[1],[0],[0],[3.0267009000017424],['text_3'],Participant 04 ,001,2025-10-17_22h50.59.153,Word Priming Experiment,,2025.1.1,118.77754153999338,2025-10-17 22h51.31.617811 +0530,
,53,13,2,,,_ou_se,mouse,old,mouse,[np.float64(0.0525)],[np.float64(-0.2975)],[1],[0],[0],[2.7462922999984585],['text_3'],,,,,2,13,53,3,496.38109729999996,,,,,,,,496.3692505999934,496.38109729999996,496.38109729999996,496.38109729999996,0.003501300001516938,499.11607649999496,mouse,[np.float64(0.0525)],[np.float64(-0.2975)],[1],[0],[0],[2.7462922999984585],['text_3'],Participant 04 ,001,2025-10-17_22h50.59.153,Word Priming Experiment,,2025.1.1,118.77754153999338,2025-10-17 22h51.31.617811 +0530,
,54,14,2,,,bo_t_e,Bottle,new,bottle,[np.float64(0.0525)],[np.float64(-0.2975)],[1],[0],[0],[3.379565700000967],['text_3'],,,,,2,14,54,18,499.1306329999934,,,,,,,,499.11886189999495,499.1306329999934,499.1306329999934,499.1306329999934,0.002668599998287391,502.499327599995,bottle,[np.float64(0.0525)],[np.float64(-0.2975)],[1],[0],[0],[3.379565700000967],['text_3'],Participant 04 ,001,2025-10-17_22h50.59.153,Word Priming Experiment,,2025.1.1,118.77754153999338,2025-10-17 22h51.31.617811 +0530,
,55,15,2,,,c_m_ra,Camera,new,camera,[np.float64(0.0525)],[np.float64(-0.2975)],[1],[0],[0],[3.060805799999798],['text_3'],,,,,2,15,55,19,502.52980899999966,,,,,,,,502.5047415999943,502.52980899999966,502.52980899999966,502.52980899999966,0.005194700002903119,505.5667178999938,camera,[np.float64(0.0525)],[np.float64(-0.2975)],[1],[0],[0],[3.060805799999798],['text_3'],Participant 04 ,001,2025-10-17_22h50.59.153,Word Priming Experiment,,2025.1.1,118.77754153999338,2025-10-17 22h51.31.617811 +0530,
,56,16,2,,,P_as_tr_,Pastry,old,pastry,[np.float64(0.0525)],[np.float64(-0.2975)],[1],[0],[0],[4.658251200002269],['text_3'],,,,,2,16,56,4,505.596346899998,,,,,,,,505.5722201999961,505.596346899998,505.596346899998,505.596346899998,0.00531559999944875,510.23254469999665,pastry,[np.float64(0.0525)],[np.float64(-0.2975)],[1],[0],[0],[4.658251200002269],['text_3'],Participant 04 ,001,2025-10-17_22h50.59.153,Word Priming Experiment,,2025.1.1,118.77754153999338,2025-10-17 22h51.31.617811 +0530,
,57,17,2,,,T_hi_t,Tshirt,old,tshirt,[np.float64(0.0525)],[np.float64(-0.2975)],[1],[0],[0],[3.2300340000001597],['text_3'],,,,,2,17,57,2,510.24715709999873,,,,,,,,510.23558559999947,510.24715709999873,510.24715709999873,510.24715709999873,0.002896600002713967,513.466571099998,tshirt,[np.float64(0.0525)],[np.float64(-0.2975)],[1],[0],[0],[3.2300340000001597],['text_3'],Participant 04 ,001,2025-10-17_22h50.59.153,Word Priming Experiment,,2025.1.1,118.77754153999338,2025-10-17 22h51.31.617811 +0530,
,58,18,2,,,v_s_,Vase,new,vase,[np.float64(0.0525)],[np.float64(-0.2975)],[1],[0],[0],[3.2752802000031807],['text_3'],,,,,2,18,58,17,513.4964219999965,,,,,,,,513.4721635999958,513.4964219999965,513.4964219999965,513.4964219999965,0.005417899999883957,516.748124699996,vase,[np.float64(0.0525)],[np.float64(-0.2975)],[1],[0],[0],[3.2752802000031807],['text_3'],Participant 04 ,001,2025-10-17_22h50.59.153,Word Priming Experiment,,2025.1.1,118.77754153999338,2025-10-17 22h51.31.617811 +0530,
,59,19,2,,,_ha_t,Chart,old,chat,[np.float64(0.0525)],[np.float64(-0.2975)],[1],[0],[0],[2.4141311999992467],['text_3'],,,,,2,19,59,1,516.7652543999939,,,,,,,,516.7511899999954,516.7652543999939,516.7652543999939,516.7652543999939,0.002940600003057625,519.1660193999996,chat,[np.float64(0.0525)],[np.float64(-0.2975)],[1],[0],[0],[2.4141311999992467],['text_3'],Participant 04 ,001,2025-10-17_22h50.59.153,Word Priming Experiment,,2025.1.1,118.77754153999338,2025-10-17 22h51.31.617811 +0530,
,60,0,3,,,l_pt_p,Laptop,old,laptop,[np.float64(0.0525)],[np.float64(-0.2975)],[1],[0],[0],[2.5140074000009918],['text_3'],,,,,3,0,60,0,519.1809307000003,,,,,,,,519.1686039999986,519.1809307000003,519.1809307000003,519.1809307000003,0.0024454000013065524,521.6832947999937,laptop,[np.float64(0.0525)],[np.float64(-0.2975)],[1],[0],[0],[2.5140074000009918],['text_3'],Participant 04 ,001,2025-10-17_22h50.59.153,Word Priming Experiment,,2025.1.1,118.77754153999338,2025-10-17 22h51.31.617811 +0530,
,61,1,3,,,_oo_,Book,old,book,[np.float64(0.0525)],[np.float64(-0.2975)],[1],[0],[0],[2.7949565000017174],['text_3'],,,,,3,1,61,13,521.7130170999953,,,,,,,,521.6871165999983,521.7130170999953,521.7130170999953,521.7130170999953,0.0036808999939239584,524.482746499998,book,[np.float64(0.0525)],[np.float64(-0.2975)],[1],[0],[0],[2.7949565000017174],['text_3'],Participant 04 ,001,2025-10-17_22h50.59.153,Word Priming Experiment,,2025.1.1,118.77754153999338,2025-10-17 22h51.31.617811 +0530,
,62,2,3,,,_ru_is_,Cruise,old,cruise,[np.float64(0.0525)],[np.float64(-0.2975)],[1],[0],[0],[2.9127585999958683],['text_3'],,,,,3,2,62,6,524.4968874999977,,,,,,,,524.4856459999937,524.4968874999977,524.4968874999977,524.4968874999977,0.0027750000008381903,527.3990400999974,cruise,[np.float64(0.0525)],[np.float64(-0.2975)],[1],[0],[0],[2.9127585999958683],['text_3'],Participant 04 ,001,2025-10-17_22h50.59.153,Word Priming Experiment,,2025.1.1,118.77754153999338,2025-10-17 22h51.31.617811 +0530,
,63,3,3,,,_ha_t,Chart,old,chat,[np.float64(0.0525)],[np.float64(-0.2975)],[1],[0],[0],[2.5958784999966156],['text_3'],,,,,3,3,63,1,527.4293898999967,,,,,,,,527.4029742999992,527.4293898999967,527.4293898999967,527.4293898999967,0.00381770000240067,529.9997248,chat,[np.float64(0.0525)],[np.float64(-0.2975)],[1],[0],[0],[2.5958784999966156],['text_3'],Participant 04 ,001,2025-10-17_22h50.59.153,Word Priming Experiment,,2025.1.1,118.77754153999338,2025-10-17 22h51.31.617811 +0530,
,64,4,3,,,_o_rd,Board,old,lord,[np.float64(0.0525)],[np.float64(-0.2975)],[1],[0],[0],[2.7128838999997242],['text_3'],,,,,3,4,64,10,530.0131471999994,,,,,,,,530.003152199999,530.0131471999994,530.0131471999994,530.0131471999994,0.0032579999970039353,532.716846299998,lord,[np.float64(0.0525)],[np.float64(-0.2975)],[1],[0],[0],[2.7128838999997242],['text_3'],Participant 04 ,001,2025-10-17_22h50.59.153,Word Priming Experiment,,2025.1.1,118.77754153999338,2025-10-17 22h51.31.617811 +0530,
,65,5,3,,,_ho_e,Phone,old,whore,[np.float64(0.0525)],[np.float64(-0.29)],[1],[0],[0],[2.6529757999960566],['text_3'],,,,,3,5,65,12,532.7464772999956,,,,,,,,532.7207992999975,532.7464772999956,532.7464772999956,532.7464772999956,0.003696300002047792,535.3747317999951,whore,[np.float64(0.0525)],[np.float64(-0.29)],[1],[0],[0],[2.6529757999960566],['text_3'],Participant 04 ,001,2025-10-17_22h50.59.153,Word Priming Experiment,,2025.1.1,118.77754153999338,2025-10-17 22h51.31.617811 +0530,
,66,6,3,,,K_y_,Keys,old,keys,[np.float64(0.0525)],[np.float64(-0.29)],[1],[0],[0],[3.0806512999988627],['text_3'],,,,,3,6,66,8,535.3905384999962,,,,,,,,535.3781426999994,535.3905384999962,535.3905384999962,535.3905384999962,0.0032113999986904673,538.4597335999933,keys,[np.float64(0.0525)],[np.float64(-0.29)],[1],[0],[0],[3.0806512999988627],['text_3'],Participant 04 ,001,2025-10-17_22h50.59.153,Word Priming Experiment,,2025.1.1,118.77754153999338,2025-10-17 22h51.31.617811 +0530,
,67,7,3,,,_ou_se,mouse,old,mouse,[np.float64(0.0525)],[np.float64(-0.29)],[1],[0],[0],[3.5920234999939566],['text_3'],,,,,3,7,67,3,538.4875841999965,,,,,,,,538.4646431000001,538.4875841999965,538.4875841999965,538.4875841999965,0.00478339999972377,542.0574162999983,mouse,[np.float64(0.0525)],[np.float64(-0.29)],[1],[0],[0],[3.5920234999939566],['text_3'],Participant 04 ,001,2025-10-17_22h50.59.153,Word Priming Experiment,,2025.1.1,118.77754153999338,2025-10-17 22h51.31.617811 +0530,
,68,8,3,,,v_s_,Vase,new,vase,[np.float64(0.0525)],[np.float64(-0.29)],[1],[0],[0],[3.412535099996603],['text_3'],,,,,3,8,68,17,542.0717570999986,,,,,,,,542.0600061000005,542.0717570999986,542.0717570999986,542.0717570999986,0.0024691000071470626,545.473081899996,vase,[np.float64(0.0525)],[np.float64(-0.29)],[1],[0],[0],[3.412535099996603],['text_3'],Participant 04 ,001,2025-10-17_22h50.59.153,Word Priming Experiment,,2025.1.1,118.77754153999338,2025-10-17 22h51.31.617811 +0530,
,69,9,3,,,_a_bl_,Marble,old,table,[np.float64(0.0525)],[np.float64(-0.29)],[1],[0],[0],[4.764354499995534],['text_3'],,,,,3,9,69,11,545.4886355999988,,,,,,,,545.4752668999936,545.4886355999988,545.4886355999988,545.4886355999988,0.0020774000004166737,550.240467399999,table,[np.float64(0.0525)],[np.float64(-0.29)],[1],[0],[0],[4.764354499995534],['text_3'],Participant 04 ,001,2025-10-17_22h50.59.153,Word Priming Experiment,,2025.1.1,118.77754153999338,2025-10-17 22h51.31.617811 +0530,
,70,10,3,,,c_s_,Case,old,case,[np.float64(0.0525)],[np.float64(-0.29)],[1],[0],[0],[2.5457365000038408],['text_3'],,,,,3,10,70,5,550.255084999997,,,,,,,,550.2440340999965,550.255084999997,550.255084999997,550.255084999997,0.0033984000037889928,552.7907401999983,case,[np.float64(0.0525)],[np.float64(-0.29)],[1],[0],[0],[2.5457365000038408],['text_3'],Participant 04 ,001,2025-10-17_22h50.59.153,Word Priming Experiment,,2025.1.1,118.77754153999338,2025-10-17 22h51.31.617811 +0530,
,71,11,3,,,ta_l_,Table,new,tails,[np.float64(0.0525)],[np.float64(-0.29)],[1],[0],[0],[6.545680399998673],['text_3'],,,,,3,11,71,15,552.8206278999933,,,,,,,,552.7948038999966,552.8206278999933,552.8206278999933,552.8206278999933,0.003892700005962979,559.3417421999984,tails,[np.float64(0.0525)],[np.float64(-0.29)],[1],[0],[0],[6.545680399998673],['text_3'],Participant 04 ,001,2025-10-17_22h50.59.153,Word Priming Experiment,,2025.1.1,118.77754153999338,2025-10-17 22h51.31.617811 +0530,
,72,12,3,,,T_hi_t,Tshirt,old,tshirt,[np.float64(0.0525)],[np.float64(-0.29)],[1],[0],[0],[4.341469099999813],['text_3'],,,,,3,12,72,2,559.3706023999985,,,,,,,,559.3473075999937,559.3706023999985,559.3706023999985,559.3706023999985,0.005329500003426801,563.6895198999991,tshirt,[np.float64(0.0525)],[np.float64(-0.29)],[1],[0],[0],[4.341469099999813],['text_3'],Participant 04 ,001,2025-10-17_22h50.59.153,Word Priming Experiment,,2025.1.1,118.77754153999338,2025-10-17 22h51.31.617811 +0530,
,73,13,3,,,p_nc_l,Pencil,new,pencil,[np.float64(0.0525)],[np.float64(-0.29)],[1],[0],[0],[2.781047699994815],['text_3'],,,,,3,13,73,16,563.7050495999938,,,,,,,,563.6921296,563.7050495999938,563.7050495999938,563.7050495999938,0.0024913999950513244,566.4739195999937,pencil,[np.float64(0.0525)],[np.float64(-0.29)],[1],[0],[0],[2.781047699994815],['text_3'],Participant 04 ,001,2025-10-17_22h50.59.153,Word Priming Experiment,,2025.1.1,118.77754153999338,2025-10-17 22h51.31.617811 +0530,
,74,14,3,,,P_as_tr_,Pastry,old,pastry,[np.float64(0.0525)],[np.float64(-0.29)],[1],[0],[0],[2.747404400004598],['text_3'],,,,,3,14,74,4,566.4883530999941,,,,,,,,566.4775214999972,566.4883530999941,566.4883530999941,566.4883530999941,0.003461200001765974,569.2257258999962,pastry,[np.float64(0.0525)],[np.float64(-0.29)],[1],[0],[0],[2.747404400004598],['text_3'],Participant 04 ,001,2025-10-17_22h50.59.153,Word Priming Experiment,,2025.1.1,118.77754153999338,2025-10-17 22h51.31.617811 +0530,
,75,15,3,,,bo_t_e,Bottle,new,bottle,[np.float64(0.0525)],[np.float64(-0.29)],[1],[0],[0],[2.8941135999994003],['text_3'],,,,,3,15,75,18,569.2555519999951,,,,,,,,569.2287931999963,569.2555519999951,569.2555519999951,569.2555519999951,0.0029250000006868504,572.1238293999995,bottle,[np.float64(0.0525)],[np.float64(-0.29)],[1],[0],[0],[2.8941135999994003],['text_3'],Participant 04 ,001,2025-10-17_22h50.59.153,Word Priming Experiment,,2025.1.1,118.77754153999338,2025-10-17 22h51.31.617811 +0530,
,76,16,3,,,c_s_io_,Cushion,new,cushion,[np.float64(0.0525)],[np.float64(-0.29)],[1],[0],[0],[3.5818818000043393],['text_3'],,,,,3,16,76,14,572.1544849999991,,,,,,,,572.1283684999944,572.1544849999991,572.1544849999991,572.1544849999991,0.0043733999991673045,575.7116969999988,cushion,[np.float64(0.0525)],[np.float64(-0.29)],[1],[0],[0],[3.5818818000043393],['text_3'],Participant 04 ,001,2025-10-17_22h50.59.153,Word Priming Experiment,,2025.1.1,118.77754153999338,2025-10-17 22h51.31.617811 +0530,
,77,17,3,,,P_li_e,Police,old,police,[np.float64(0.0525)],[np.float64(-0.29)],[1],[0],[0],[5.056351100000029],['text_3'],,,,,3,17,77,7,575.7378740999993,,,,,,,,575.7162571999943,575.7378740999993,575.7378740999993,575.7378740999993,0.004343900000094436,580.773394799995,police,[np.float64(0.0525)],[np.float64(-0.29)],[1],[0],[0],[5.056351100000029],['text_3'],Participant 04 ,001,2025-10-17_22h50.59.153,Word Priming Experiment,,2025.1.1,118.77754153999338,2025-10-17 22h51.31.617811 +0530,
,78,18,3,,,c_m_ra,Camera,new,camera,[np.float64(0.0525)],[np.float64(-0.29)],[1],[0],[0],[3.5976371000069776],['text_3'],,,,,3,18,78,19,580.7881428999972,,,,,,,,580.7762124000001,580.7881428999972,580.7881428999972,580.7881428999972,0.002703799997107126,584.3746765999967,camera,[np.float64(0.0525)],[np.float64(-0.29)],[1],[0],[0],[3.5976371000069776],['text_3'],Participant 04 ,001,2025-10-17_22h50.59.153,Word Priming Experiment,,2025.1.1,118.77754153999338,2025-10-17 22h51.31.617811 +0530,
,79,19,3,,,P_st_r,Poster,old,poster,[np.float64(0.0525)],[np.float64(-0.29)],[1],[0],[0],[3.04377150000073],['text_3'],,,,,3,19,79,9,584.4039530999944,,,,,,,,584.3784423999969,584.4039530999944,584.4039530999944,584.4039530999944,0.0035982999979751185,587.4229212999999,poster,[np.float64(0.0525)],[np.float64(-0.29)],[1],[0],[0],[3.04377150000073],['text_3'],Participant 04 ,001,2025-10-17_22h50.59.153,Word Priming Experiment,,2025.1.1,118.77754153999338,2025-10-17 22h51.31.617811 +0530,
,80,0,4,,,_a_bl_,Marble,old,table,[np.float64(0.05)],[np.float64(-0.29)],[1],[0],[0],[4.305957500000659],['text_3'],,,,,4,0,80,11,587.4394506999961,,,,,,,,587.425613499996,587.4394506999961,587.4394506999961,587.4394506999961,0.002562400004535448,591.7322541999965,table,[np.float64(0.05)],[np.float64(-0.29)],[1],[0],[0],[4.305957500000659],['text_3'],Participant 04 ,001,2025-10-17_22h50.59.153,Word Priming Experiment,,2025.1.1,118.77754153999338,2025-10-17 22h51.31.617811 +0530,
,81,1,4,,,c_s_io_,Cushion,new,cushion,[np.float64(0.05)],[np.float64(-0.29)],[1],[0],[0],[2.8809275000021444],['text_3'],,,,,4,1,81,14,591.7466774999994,,,,,,,,591.7356919999947,591.7466774999994,591.7466774999994,591.7466774999994,0.0032773999992059544,594.6185725999967,cushion,[np.float64(0.05)],[np.float64(-0.29)],[1],[0],[0],[2.8809275000021444],['text_3'],Participant 04 ,001,2025-10-17_22h50.59.153,Word Priming Experiment,,2025.1.1,118.77754153999338,2025-10-17 22h51.31.617811 +0530,
,82,2,4,,,P_st_r,Poster,old,poster,[np.float64(0.05)],[np.float64(-0.29)],[1],[0],[0],[3.0064517999999225],['text_3'],,,,,4,2,82,9,594.6459490999987,,,,,,,,594.6252165999977,594.6459490999987,594.6459490999987,594.6459490999987,0.006481500000518281,597.6327672999978,poster,[np.float64(0.05)],[np.float64(-0.29)],[1],[0],[0],[3.0064517999999225],['text_3'],Participant 04 ,001,2025-10-17_22h50.59.153,Word Priming Experiment,,2025.1.1,118.77754153999338,2025-10-17 22h51.31.617811 +0530,
,83,3,4,,,P_as_tr_,Pastry,old,pastry,[np.float64(0.05)],[np.float64(-0.29)],[1],[0],[0],[2.6935411999947974],['text_3'],,,,,4,3,83,4,597.6620745999971,,,,,,,,597.6372201999984,597.6620745999971,597.6620745999971,597.6620745999971,0.004270199999155011,600.3317024999997,pastry,[np.float64(0.05)],[np.float64(-0.29)],[1],[0],[0],[2.6935411999947974],['text_3'],Participant 04 ,001,2025-10-17_22h50.59.153,Word Priming Experiment,,2025.1.1,118.77754153999338,2025-10-17 22h51.31.617811 +0530,
,84,4,4,,,_ho_e,Phone,old,whore,[np.float64(0.05)],[np.float64(-0.29)],[1],[0],[0],[3.262760099998559],['text_3'],,,,,4,4,84,12,600.3478591999956,,,,,,,,600.3350300999955,600.3478591999956,600.3478591999956,600.3478591999956,0.0031821000011404976,603.5988669999933,whore,[np.float64(0.05)],[np.float64(-0.29)],[1],[0],[0],[3.262760099998559],['text_3'],Participant 04 ,001,2025-10-17_22h50.59.153,Word Priming Experiment,,2025.1.1,118.77754153999338,2025-10-17 22h51.31.617811 +0530,
,85,5,4,,,P_li_e,Police,old,police,[np.float64(0.05)],[np.float64(-0.29)],[1],[0],[0],[3.228027299999667],['text_3'],,,,,4,5,85,7,603.6292811999956,,,,,,,,603.6030304999949,603.6292811999956,603.6292811999956,603.6292811999956,0.00400179999996908,606.8319455999954,police,[np.float64(0.05)],[np.float64(-0.29)],[1],[0],[0],[3.228027299999667],['text_3'],Participant 04 ,001,2025-10-17_22h50.59.153,Word Priming Experiment,,2025.1.1,118.77754153999338,2025-10-17 22h51.31.617811 +0530,
,86,6,4,,,_ru_is_,Cruise,old,cruise,[np.float64(0.05)],[np.float64(-0.29)],[1],[0],[0],[3.6457879999943543],['text_3'],,,,,4,6,86,6,606.8619054999945,,,,,,,,606.8366989999995,606.8619054999945,606.8619054999945,606.8619054999945,0.004647399997338653,610.4839404999948,cruise,[np.float64(0.05)],[np.float64(-0.29)],[1],[0],[0],[3.6457879999943543],['text_3'],Participant 04 ,001,2025-10-17_22h50.59.153,Word Priming Experiment,,2025.1.1,118.77754153999338,2025-10-17 22h51.31.617811 +0530,
,87,7,4,,,bo_t_e,Bottle,new,bottle,[np.float64(0.05)],[np.float64(-0.29)],[1],[0],[0],[3.059333899997],['text_3'],,,,,4,7,87,18,610.5124615999957,,,,,,,,610.4890340999991,610.5124615999957,610.5124615999957,610.5124615999957,0.004810499995073769,613.5497711999997,bottle,[np.float64(0.05)],[np.float64(-0.29)],[1],[0],[0],[3.059333899997],['text_3'],Participant 04 ,001,2025-10-17_22h50.59.153,Word Priming Experiment,,2025.1.1,118.77754153999338,2025-10-17 22h51.31.617811 +0530,
,88,8,4,,,_ou_se,mouse,old,mouse,[np.float64(0.05)],[np.float64(-0.29)],[1],[0],[0],[4.095457700001134],['text_3'],,,,,4,8,88,3,613.5783324999938,,,,,,,,613.5548374999998,613.5783324999938,613.5783324999938,613.5783324999938,0.004815899999812245,617.6514869999955,mouse,[np.float64(0.05)],[np.float64(-0.29)],[1],[0],[0],[4.095457700001134],['text_3'],Participant 04 ,001,2025-10-17_22h50.59.153,Word Priming Experiment,,2025.1.1,118.77754153999338,2025-10-17 22h51.31.617811 +0530,
,89,9,4,,,T_hi_t,Tshirt,old,tshirt,[np.float64(0.05)],[np.float64(-0.29)],[1],[0],[0],[3.073749200004386],['text_3'],,,,,4,9,89,2,617.6793929999985,,,,,,,,617.6559628999967,617.6793929999985,617.6793929999985,617.6793929999985,0.004315300000598654,620.7305581999972,tshirt,[np.float64(0.05)],[np.float64(-0.29)],[1],[0],[0],[3.073749200004386],['text_3'],Participant 04 ,001,2025-10-17_22h50.59.153,Word Priming Experiment,,2025.1.1,118.77754153999338,2025-10-17 22h51.31.617811 +0530,
,90,10,4,,,c_s_,Case,old,case,[np.float64(0.05)],[np.float64(-0.29)],[1],[0],[0],[2.9471764999980223],['text_3'],,,,,4,10,90,5,620.7458387999941,,,,,,,,620.7334348999939,620.7458387999941,620.7458387999941,620.7458387999941,0.0027566999997361563,623.6814772999933,case,[np.float64(0.05)],[np.float64(-0.29)],[1],[0],[0],[2.9471764999980223],['text_3'],Participant 04 ,001,2025-10-17_22h50.59.153,Word Priming Experiment,,2025.1.1,118.77754153999338,2025-10-17 22h51.31.617811 +0530,
,91,11,4,,,c_m_ra,Camera,new,camera,[np.float64(0.05)],[np.float64(-0.29)],[1],[0],[0],[3.8281742999970447],['text_3'],,,,,4,11,91,19,623.7119413999972,,,,,,,,623.6863710999969,623.7119413999972,623.7119413999972,623.7119413999972,0.004724600003100932,627.5154124999972,camera,[np.float64(0.05)],[np.float64(-0.29)],[1],[0],[0],[3.8281742999970447],['text_3'],Participant 04 ,001,2025-10-17_22h50.59.153,Word Priming Experiment,,2025.1.1,118.77754153999338,2025-10-17 22h51.31.617811 +0530,
,92,12,4,,,_ha_t,Chart,old,chat,[np.float64(0.05)],[np.float64(-0.29)],[1],[0],[0],[3.3794443999940995],['text_3'],,,,,4,12,92,1,627.5306095999986,,,,,,,,627.5183292999936,627.5306095999986,627.5306095999986,627.5306095999986,0.0027732000016840175,630.8987194999936,chat,[np.float64(0.05)],[np.float64(-0.29)],[1],[0],[0],[3.3794443999940995],['text_3'],Participant 04 ,001,2025-10-17_22h50.59.153,Word Priming Experiment,,2025.1.1,118.77754153999338,2025-10-17 22h51.31.617811 +0530,
,93,13,4,,,_o_rd,Board,old,lord,[np.float64(0.05)],[np.float64(-0.29)],[1],[0],[0],[2.578263199997309],['text_3'],,,,,4,13,93,10,630.9141867999933,,,,,,,,630.9022211999982,630.9141867999933,630.9141867999933,630.9141867999933,0.0033364999981131405,633.481395099996,lord,[np.float64(0.05)],[np.float64(-0.29)],[1],[0],[0],[2.578263199997309],['text_3'],Participant 04 ,001,2025-10-17_22h50.59.153,Word Priming Experiment,,2025.1.1,118.77754153999338,2025-10-17 22h51.31.617811 +0530,
,94,14,4,,,ta_l_,Table,new,tails,[np.float64(0.05)],[np.float64(-0.29)],[1],[0],[0],[2.861494800003129],['text_3'],,,,,4,14,94,15,633.5122384999995,,,,,,,,633.4859673999963,633.5122384999995,633.5122384999995,633.5122384999995,0.004411400004755706,636.3482686999996,tails,[np.float64(0.05)],[np.float64(-0.29)],[1],[0],[0],[2.861494800003129],['text_3'],Participant 04 ,001,2025-10-17_22h50.59.153,Word Priming Experiment,,2025.1.1,118.77754153999338,2025-10-17 22h51.31.617811 +0530,
,95,15,4,,,v_s_,Vase,new,vase,[np.float64(0.05)],[np.float64(-0.29)],[1],[0],[0],[2.66308669999853],['text_3'],,,,,4,15,95,17,636.3633300000001,,,,,,,,636.3507820999948,636.3633300000001,636.3633300000001,636.3633300000001,0.002391399997577537,639.0148264999953,vase,[np.float64(0.05)],[np.float64(-0.29)],[1],[0],[0],[2.66308669999853],['text_3'],Participant 04 ,001,2025-10-17_22h50.59.153,Word Priming Experiment,,2025.1.1,118.77754153999338,2025-10-17 22h51.31.617811 +0530,
,96,16,4,,,p_nc_l,Pencil,new,pencil,[np.float64(0.05)],[np.float64(-0.29)],[1],[0],[0],[2.7622451999995974],['text_3'],,,,,4,16,96,16,639.0289172999983,,,,,,,,639.0181935999935,639.0289172999983,639.0289172999983,639.0289172999983,0.0032165000011445954,641.7812535999983,pencil,[np.float64(0.05)],[np.float64(-0.29)],[1],[0],[0],[2.7622451999995974],['text_3'],Participant 04 ,001,2025-10-17_22h50.59.153,Word Priming Experiment,,2025.1.1,118.77754153999338,2025-10-17 22h51.31.617811 +0530,
,97,17,4,,,K_y_,Keys,old,keys,[np.float64(0.05)],[np.float64(-0.29)],[1],[0],[0],[2.7299294999975245],['text_3'],,,,,4,17,97,8,641.797472899998,,,,,,,,641.7838432999997,641.797472899998,641.797472899998,641.797472899998,0.0024433999933535233,644.5146736999959,keys,[np.float64(0.05)],[np.float64(-0.29)],[1],[0],[0],[2.7299294999975245],['text_3'],Participant 04 ,001,2025-10-17_22h50.59.153,Word Priming Experiment,,2025.1.1,118.77754153999338,2025-10-17 22h51.31.617811 +0530,
,98,18,4,,,l_pt_p,Laptop,old,laptop,[np.float64(0.05)],[np.float64(-0.29)],[1],[0],[0],[2.6643140999949537],['text_3'],,,,,4,18,98,0,644.5296461999969,,,,,,,,644.5180729999993,644.5296461999969,644.5296461999969,644.5296461999969,0.003215299999283161,647.1837372999944,laptop,[np.float64(0.05)],[np.float64(-0.29)],[1],[0],[0],[2.6643140999949537],['text_3'],Participant 04 ,001,2025-10-17_22h50.59.153,Word Priming Experiment,,2025.1.1,118.77754153999338,2025-10-17 22h51.31.617811 +0530,
,99,19,4,,,_oo_,Book,old,book,[np.float64(0.05)],[np.float64(-0.29)],[1],[0],[0],[2.8773116000011214],['text_3'],,,,,4,19,99,13,647.1955266999939,,,,,,,,647.1862483999939,647.1955266999939,647.1955266999939,647.1955266999939,0.0023226999983307905,650.0650089999981,book,[np.float64(0.05)],[np.float64(-0.29)],[1],[0],[0],[2.8773116000011214],['text_3'],Participant 04 ,001,2025-10-17_22h50.59.153,Word Priming Experiment,,2025.1.1,118.77754153999338,2025-10-17 22h51.31.617811 +0530,
,100,0,5,,,c_s_io_,Cushion,new,cushion,[np.float64(0.05)],[np.float64(-0.29)],[1],[0],[0],[2.843715599999996],['text_3'],,,,,5,0,100,14,650.0948700999943,,,,,,,,650.070275399994,650.0948700999943,650.0948700999943,650.0948700999943,0.004977899996447377,652.9151942999961,cushion,[np.float64(0.05)],[np.float64(-0.29)],[1],[0],[0],[2.843715599999996],['text_3'],Participant 04 ,001,2025-10-17_22h50.59.153,Word Priming Experiment,,2025.1.1,118.77754153999338,2025-10-17 22h51.31.617811 +0530,
,101,1,5,,,_ou_se,mouse,old,mouse,[np.float64(0.05)],[np.float64(-0.29)],[1],[0],[0],[2.878583300000173],['text_3'],,,,,5,1,101,3,652.9297788999975,,,,,,,,652.9181331999935,652.9297788999975,652.9297788999975,652.9297788999975,0.002784000003885012,655.797636299998,mouse,[np.float64(0.05)],[np.float64(-0.29)],[1],[0],[0],[2.878583300000173],['text_3'],Participant 04 ,001,2025-10-17_22h50.59.153,Word Priming Experiment,,2025.1.1,118.77754153999338,2025-10-17 22h51.31.617811 +0530,
,102,2,5,,,_a_bl_,Marble,old,table,[np.float64(0.05)],[np.float64(-0.29)],[1],[0],[0],[2.54626940000162],['text_3'],,,,,5,2,102,11,655.8146745999984,,,,,,,,655.8013793999999,655.8146745999984,655.8146745999984,655.8146745999984,0.003559100005077198,658.3484568999993,table,[np.float64(0.05)],[np.float64(-0.29)],[1],[0],[0],[2.54626940000162],['text_3'],Participant 04 ,001,2025-10-17_22h50.59.153,Word Priming Experiment,,2025.1.1,118.77754153999338,2025-10-17 22h51.31.617811 +0530,
,103,3,5,,,c_s_,Case,old,case,[np.float64(0.05)],[np.float64(-0.29)],[1],[0],[0],[2.24622719999752],['text_3'],,,,,5,3,103,5,658.3621925999978,,,,,,,,658.3513499999972,658.3621925999978,658.3621925999978,658.3621925999978,0.0027699999991455115,660.5989566999997,case,[np.float64(0.05)],[np.float64(-0.29)],[1],[0],[0],[2.24622719999752],['text_3'],Participant 04 ,001,2025-10-17_22h50.59.153,Word Priming Experiment,,2025.1.1,118.77754153999338,2025-10-17 22h51.31.617811 +0530,
,104,4,5,,,_oo_,Book,old,book,[np.float64(0.05)],[np.float64(-0.29)],[1],[0],[0],[2.7918131000042195],['text_3'],,,,,5,4,104,13,660.6280684999947,,,,,,,,660.6043837999969,660.6280684999947,660.6280684999947,660.6280684999947,0.005187000002479181,663.397166099996,book,[np.float64(0.05)],[np.float64(-0.29)],[1],[0],[0],[2.7918131000042195],['text_3'],Participant 04 ,001,2025-10-17_22h50.59.153,Word Priming Experiment,,2025.1.1,118.77754153999338,2025-10-17 22h51.31.617811 +0530,
,105,5,5,,,P_as_tr_,Pastry,old,pastry,[np.float64(0.05)],[np.float64(-0.29)],[1],[0],[0],[2.4625377999982447],['text_3'],,,,,5,5,105,4,663.4138841999957,,,,,,,,663.400384099994,663.4138841999957,663.4138841999957,663.4138841999957,0.003089599995291792,665.8639163999978,pastry,[np.float64(0.05)],[np.float64(-0.29)],[1],[0],[0],[2.4625377999982447],['text_3'],Participant 04 ,001,2025-10-17_22h50.59.153,Word Priming Experiment,,2025.1.1,118.77754153999338,2025-10-17 22h51.31.617811 +0530,
,106,6,5,,,_o_rd,Board,old,lord,[np.float64(0.05)],[np.float64(-0.29)],[1],[0],[0],[3.6456230000039795],['text_3'],,,,,5,6,106,10,665.8949867999982,,,,,,,,665.8673865999954,665.8949867999982,665.8949867999982,665.8949867999982,0.003332399995997548,669.5142583999987,lord,[np.float64(0.05)],[np.float64(-0.29)],[1],[0],[0],[3.6456230000039795],['text_3'],Participant 04 ,001,2025-10-17_22h50.59.153,Word Priming Experiment,,2025.1.1,118.77754153999338,2025-10-17 22h51.31.617811 +0530,
,107,7,5,,,p_nc_l,Pencil,new,,[np.float64(0.05)],[np.float64(-0.29)],[1],[0],[0],[1.0274378999965847],['text_3'],,,,,5,7,107,16,669.5448679999972,,,,,,,,669.5198680999965,669.5448679999972,669.5448679999972,669.5448679999972,0.005427500000223517,670.5482488999987,,[np.float64(0.05)],[np.float64(-0.29)],[1],[0],[0],[1.0274378999965847],['text_3'],Participant 04 ,001,2025-10-17_22h50.59.153,Word Priming Experiment,,2025.1.1,118.77754153999338,2025-10-17 22h51.31.617811 +0530,
,108,8,5,,,bo_t_e,Bottle,new,bottle,[np.float64(0.05)],[np.float64(-0.29)],[1],[0],[0],[6.063740199999302],['text_3'],,,,,5,8,108,18,670.5787229999987,,,,,,,,670.5512659999949,670.5787229999987,670.5787229999987,670.5787229999987,0.0028873999981442466,676.6160753000004,bottle,[np.float64(0.05)],[np.float64(-0.29)],[1],[0],[0],[6.063740199999302],['text_3'],Participant 04 ,001,2025-10-17_22h50.59.153,Word Priming Experiment,,2025.1.1,118.77754153999338,2025-10-17 22h51.31.617811 +0530,
,109,9,5,,,T_hi_t,Tshirt,old,tshirt,[np.float64(0.05)],[np.float64(-0.29)],[1],[0],[0],[2.6111289000036777],['text_3'],,,,,5,9,109,2,676.6304750999989,,,,,,,,676.6186664999987,676.6304750999989,676.6304750999989,676.6304750999989,0.0024515000040992163,679.2305086999986,tshirt,[np.float64(0.05)],[np.float64(-0.29)],[1],[0],[0],[2.6111289000036777],['text_3'],Participant 04 ,001,2025-10-17_22h50.59.153,Word Priming Experiment,,2025.1.1,118.77754153999338,2025-10-17 22h51.31.617811 +0530,
,110,10,5,,,v_s_,Vase,new,vase,[np.float64(0.025)],[np.float64(-0.31125)],[1],[0],[0],[3.449490099999821],['text_3'],,,,,5,10,110,17,679.2454794000005,,,,,,,,679.2327885999985,679.2454794000005,679.2454794000005,679.2454794000005,0.0021799000023747794,682.6830870999984,vase,[np.float64(0.025)],[np.float64(-0.31125)],[1],[0],[0],[3.449490099999821],['text_3'],Participant 04 ,001,2025-10-17_22h50.59.153,Word Priming Experiment,,2025.1.1,118.77754153999338,2025-10-17 22h51.31.617811 +0530,
,111,11,5,,,K_y_,Keys,old,keys,[np.float64(0.025)],[np.float64(-0.31125)],[1],[0],[0],[1.9934692999959225],['text_3'],,,,,5,11,111,8,682.7122167999987,,,,,,,,682.6871133999957,682.7122167999987,682.7122167999987,682.7122167999987,0.003935600005206652,684.6816274999946,keys,[np.float64(0.025)],[np.float64(-0.31125)],[1],[0],[0],[1.9934692999959225],['text_3'],Participant 04 ,001,2025-10-17_22h50.59.153,Word Priming Experiment,,2025.1.1,118.77754153999338,2025-10-17 22h51.31.617811 +0530,
,112,12,5,,,ta_l_,Table,new,tails,[np.float64(0.025)],[np.float64(-0.31125)],[1],[0],[0],[2.096262899998692],['text_3'],,,,,5,12,112,15,684.7118149999951,,,,,,,,684.6854105999955,684.7118149999951,684.7118149999951,684.7118149999951,0.0036356999989948235,686.7839796999979,tails,[np.float64(0.025)],[np.float64(-0.31125)],[1],[0],[0],[2.096262899998692],['text_3'],Participant 04 ,001,2025-10-17_22h50.59.153,Word Priming Experiment,,2025.1.1,118.77754153999338,2025-10-17 22h51.31.617811 +0530,
,113,13,5,,,c_m_ra,Camera,new,camera,[np.float64(0.025)],[np.float64(-0.31125)],[1],[0],[0],[2.2785648999997647],['text_3'],,,,,5,13,113,19,686.812073999994,,,,,,,,686.7877238999936,686.812073999994,686.812073999994,686.812073999994,0.0035802000056719407,689.0682782000003,camera,[np.float64(0.025)],[np.float64(-0.31125)],[1],[0],[0],[2.2785648999997647],['text_3'],Participant 04 ,001,2025-10-17_22h50.59.153,Word Priming Experiment,,2025.1.1,118.77754153999338,2025-10-17 22h51.31.617811 +0530,
,114,14,5,,,P_st_r,Poster,old,poster,[np.float64(0.025)],[np.float64(-0.31125)],[1],[0],[0],[2.089950699999463],['text_3'],,,,,5,14,114,9,689.095118899997,,,,,,,,689.0747135999991,689.095118899997,689.095118899997,689.095118899997,0.0062175000057322904,691.1666850999973,poster,[np.float64(0.025)],[np.float64(-0.31125)],[1],[0],[0],[2.089950699999463],['text_3'],Participant 04 ,001,2025-10-17_22h50.59.153,Word Priming Experiment,,2025.1.1,118.77754153999338,2025-10-17 22h51.31.617811 +0530,
,115,15,5,,,P_li_e,Police,old,police,[np.float64(0.025)],[np.float64(-0.31125)],[1],[0],[0],[2.5117577999990317],['text_3'],,,,,5,15,115,7,691.1950360999981,,,,,,,,691.1710920999976,691.1950360999981,691.1950360999981,691.1950360999981,0.00425369999720715,693.6839602999971,police,[np.float64(0.025)],[np.float64(-0.31125)],[1],[0],[0],[2.5117577999990317],['text_3'],Participant 04 ,001,2025-10-17_22h50.59.153,Word Priming Experiment,,2025.1.1,118.77754153999338,2025-10-17 22h51.31.617811 +0530,
,116,16,5,,,l_pt_p,Laptop,old,laptop,[np.float64(0.025)],[np.float64(-0.31125)],[1],[0],[0],[2.124389799995697],['text_3'],,,,,5,16,116,0,693.7109917999987,,,,,,,,693.6876797000004,693.7109917999987,693.7109917999987,693.7109917999987,0.0035809000037261285,695.8130801999941,laptop,[np.float64(0.025)],[np.float64(-0.31125)],[1],[0],[0],[2.124389799995697],['text_3'],Participant 04 ,001,2025-10-17_22h50.59.153,Word Priming Experiment,,2025.1.1,118.77754153999338,2025-10-17 22h51.31.617811 +0530,
,117,17,5,,,_ho_e,Phone,old,whore,[np.float64(0.025)],[np.float64(-0.31125)],[1],[0],[0],[1.7143987999952515],['text_3'],,,,,5,17,117,12,695.8304733999976,,,,,,,,695.8165363999942,695.8304733999976,695.8304733999976,695.8304733999976,0.003327400001580827,697.5327585999985,whore,[np.float64(0.025)],[np.float64(-0.31125)],[1],[0],[0],[1.7143987999952515],['text_3'],Participant 04 ,001,2025-10-17_22h50.59.153,Word Priming Experiment,,2025.1.1,118.77754153999338,2025-10-17 22h51.31.617811 +0530,
,118,18,5,,,_ru_is_,Cruise,old,cruise,[np.float64(0.025)],[np.float64(-0.31125)],[1],[0],[0],[2.074309399999038],['text_3'],,,,,5,18,118,6,697.5614870999998,,,,,,,,697.5390030999988,697.5614870999998,697.5614870999998,697.5614870999998,0.0060182000015629455,699.6152713999982,cruise,[np.float64(0.025)],[np.float64(-0.31125)],[1],[0],[0],[2.074309399999038],['text_3'],Participant 04 ,001,2025-10-17_22h50.59.153,Word Priming Experiment,,2025.1.1,118.77754153999338,2025-10-17 22h51.31.617811 +0530,
,119,19,5,,,_ha_t,Chart,old,chat,[np.float64(0.0225)],[np.float64(-0.31875)],[1],[0],[0],[2.1431263999984367],['text_3'],,,,,5,19,119,1,699.6442694999932,,,,,,,,699.6197772999949,699.6442694999932,699.6442694999932,699.6442694999932,0.004255200001352932,701.763881299994,chat,[np.float64(0.0225)],[np.float64(-0.31875)],[1],[0],[0],[2.1431263999984367],['text_3'],Participant 04 ,001,2025-10-17_22h50.59.153,Word Priming Experiment,,2025.1.1,118.77754153999338,2025-10-17 22h51.31.617811 +0530,
,120,0,6,,,c_m_ra,Camera,new,camera,[np.float64(0.0225)],[np.float64(-0.31875)],[1],[0],[0],[1.9632173999998486],['text_3'],,,,,6,0,120,19,701.778470199999,,,,,,,,701.7666893999994,701.778470199999,701.778470199999,701.778470199999,0.0026609000051394105,703.7308626999948,camera,[np.float64(0.0225)],[np.float64(-0.31875)],[1],[0],[0],[1.9632173999998486],['text_3'],Participant 04 ,001,2025-10-17_22h50.59.153,Word Priming Experiment,,2025.1.1,118.77754153999338,2025-10-17 22h51.31.617811 +0530,
,121,1,6,,,P_as_tr_,Pastry,old,pastry,[np.float64(0.0225)],[np.float64(-0.31875)],[1],[0],[0],[1.8639467999964836],['text_3'],,,,,6,1,121,4,703.7461396999934,,,,,,,,703.7338300999982,703.7461396999934,703.7461396999934,703.7461396999934,0.002836899999238085,705.5993401999949,pastry,[np.float64(0.0225)],[np.float64(-0.31875)],[1],[0],[0],[1.8639467999964836],['text_3'],Participant 04 ,001,2025-10-17_22h50.59.153,Word Priming Experiment,,2025.1.1,118.77754153999338,2025-10-17 22h51.31.617811 +0530,
,122,2,6,,,ta_l_,Table,new,tails,[np.float64(0.0225)],[np.float64(-0.31875)],[1],[0],[0],[1.8249456999983522],['text_3'],,,,,6,2,122,15,705.6283480999991,,,,,,,,705.6050204999992,705.6283480999991,705.6283480999991,705.6283480999991,0.005106900003738701,707.4314222999965,tails,[np.float64(0.0225)],[np.float64(-0.31875)],[1],[0],[0],[1.8249456999983522],['text_3'],Participant 04 ,001,2025-10-17_22h50.59.153,Word Priming Experiment,,2025.1.1,118.77754153999338,2025-10-17 22h51.31.617811 +0530,
,123,3,6,,,_oo_,Book,old,book,[np.float64(0.0225)],[np.float64(-0.31875)],[1],[0],[0],[2.328585399998701],['text_3'],,,,,6,3,123,13,707.4608442999961,,,,,,,,707.4363918999952,707.4608442999961,707.4608442999961,707.4608442999961,0.0048137999983737245,709.7660905999946,book,[np.float64(0.0225)],[np.float64(-0.31875)],[1],[0],[0],[2.328585399998701],['text_3'],Participant 04 ,001,2025-10-17_22h50.59.153,Word Priming Experiment,,2025.1.1,118.77754153999338,2025-10-17 22h51.31.617811 +0530,
,124,4,6,,,l_pt_p,Laptop,old,laptop,[np.float64(0.0225)],[np.float64(-0.31875)],[1],[0],[0],[1.8112761000011233],['text_3'],,,,,6,4,124,0,709.7961111999975,,,,,,,,709.7699209999992,709.7961111999975,709.7961111999975,709.7961111999975,0.003707099996972829,711.582925499999,laptop,[np.float64(0.0225)],[np.float64(-0.31875)],[1],[0],[0],[1.8112761000011233],['text_3'],Participant 04 ,001,2025-10-17_22h50.59.153,Word Priming Experiment,,2025.1.1,118.77754153999338,2025-10-17 22h51.31.617811 +0530,
,125,5,6,,,c_s_io_,Cushion,new,cushion,[np.float64(0.0225)],[np.float64(-0.31875)],[1],[0],[0],[2.5088386999996146],['text_3'],,,,,6,5,125,14,711.6110077999983,,,,,,,,711.5880813999975,711.6110077999983,711.6110077999983,711.6110077999983,0.004930499999318272,714.0979596999969,cushion,[np.float64(0.0225)],[np.float64(-0.31875)],[1],[0],[0],[2.5088386999996146],['text_3'],Participant 04 ,001,2025-10-17_22h50.59.153,Word Priming Experiment,,2025.1.1,118.77754153999338,2025-10-17 22h51.31.617811 +0530,
,126,6,6,,,_ru_is_,Cruise,old,cruise,[np.float64(0.0225)],[np.float64(-0.31875)],[1],[0],[0],[2.061840599999414],['text_3'],,,,,6,6,126,6,714.1270697999935,,,,,,,,714.1014338999958,714.1270697999935,714.1270697999935,714.1270697999935,0.00334360000124434,716.1645785999935,cruise,[np.float64(0.0225)],[np.float64(-0.31875)],[1],[0],[0],[2.061840599999414],['text_3'],Participant 04 ,001,2025-10-17_22h50.59.153,Word Priming Experiment,,2025.1.1,118.77754153999338,2025-10-17 22h51.31.617811 +0530,
,127,7,6,,,P_li_e,Police,old,police,[np.float64(0.0225)],[np.float64(-0.31875)],[1],[0],[0],[1.7105530999979237],['text_3'],,,,,6,7,127,7,716.1944908000005,,,,,,,,716.1694900999937,716.1944908000005,716.1944908000005,716.1944908000005,0.004764500001328997,717.881735899995,police,[np.float64(0.0225)],[np.float64(-0.31875)],[1],[0],[0],[1.7105530999979237],['text_3'],Participant 04 ,001,2025-10-17_22h50.59.153,Word Priming Experiment,,2025.1.1,118.77754153999338,2025-10-17 22h51.31.617811 +0530,
,128,8,6,,,P_st_r,Poster,old,poster,[np.float64(0.0225)],[np.float64(-0.31875)],[1],[0],[0],[3.1602608999965014],['text_3'],,,,,6,8,128,9,717.9106702999998,,,,,,,,717.8870937999964,717.9106702999998,717.9106702999998,717.9106702999998,0.005151800003659446,721.049385899998,poster,[np.float64(0.0225)],[np.float64(-0.31875)],[1],[0],[0],[3.1602608999965014],['text_3'],Participant 04 ,001,2025-10-17_22h50.59.153,Word Priming Experiment,,2025.1.1,118.77754153999338,2025-10-17 22h51.31.617811 +0530,
,129,9,6,,,_ha_t,Chart,old,chat,[np.float64(0.0225)],[np.float64(-0.31875)],[1],[0],[0],[1.7594546999971499],['text_3'],,,,,6,9,129,1,721.077795899997,,,,,,,,721.0541395999971,721.077795899997,721.077795899997,721.077795899997,0.004611999996996019,722.8146844999937,chat,[np.float64(0.0225)],[np.float64(-0.31875)],[1],[0],[0],[1.7594546999971499],['text_3'],Participant 04 ,001,2025-10-17_22h50.59.153,Word Priming Experiment,,2025.1.1,118.77754153999338,2025-10-17 22h51.31.617811 +0530,
,130,10,6,,,_o_rd,Board,old,lord,[np.float64(0.0225)],[np.float64(-0.31875)],[1],[0],[0],[1.611139099994034],['text_3'],,,,,6,10,130,10,722.8280709999963,,,,,,,,722.8178953999959,722.8280709999963,722.8280709999963,722.8280709999963,0.0030754999970667996,724.4299067999964,lord,[np.float64(0.0225)],[np.float64(-0.31875)],[1],[0],[0],[1.611139099994034],['text_3'],Participant 04 ,001,2025-10-17_22h50.59.153,Word Priming Experiment,,2025.1.1,118.77754153999338,2025-10-17 22h51.31.617811 +0530,
,131,11,6,,,p_nc_l,Pencil,new,pencil,[np.float64(0.0225)],[np.float64(-0.31875)],[1],[0],[0],[1.8310331999964546],['text_3'],,,,,6,11,131,16,724.4451078999991,,,,,,,,724.4325575999974,724.4451078999991,724.4451078999991,724.4451078999991,0.0024330000014742836,726.2646091999995,pencil,[np.float64(0.0225)],[np.float64(-0.31875)],[1],[0],[0],[1.8310331999964546],['text_3'],Participant 04 ,001,2025-10-17_22h50.59.153,Word Priming Experiment,,2025.1.1,118.77754153999338,2025-10-17 22h51.31.617811 +0530,
,132,12,6,,,_a_bl_,Marble,old,table,[np.float64(0.0225)],[np.float64(-0.31875)],[1],[0],[0],[2.944651199999498],['text_3'],,,,,6,12,132,11,726.2944588999962,,,,,,,,726.2680347999994,726.2944588999962,726.2944588999962,726.2944588999962,0.003282400000898633,729.2137277000002,table,[np.float64(0.0225)],[np.float64(-0.31875)],[1],[0],[0],[2.944651199999498],['text_3'],Participant 04 ,001,2025-10-17_22h50.59.153,Word Priming Experiment,,2025.1.1,118.77754153999338,2025-10-17 22h51.31.617811 +0530,
,133,13,6,,,_ho_e,Phone,old,whore,[np.float64(0.0225)],[np.float64(-0.31875)],[1],[0],[0],[1.5787635000015143],['text_3'],,,,,6,13,133,12,729.2301268999945,,,,,,,,729.2173399999956,729.2301268999945,729.2301268999945,729.2301268999945,0.003258999997342471,730.7975592000003,whore,[np.float64(0.0225)],[np.float64(-0.31875)],[1],[0],[0],[1.5787635000015143],['text_3'],Participant 04 ,001,2025-10-17_22h50.59.153,Word Priming Experiment,,2025.1.1,118.77754153999338,2025-10-17 22h51.31.617811 +0530,
,134,14,6,,,c_s_,Case,old,case,[np.float64(0.0225)],[np.float64(-0.31875)],[1],[0],[0],[1.4262254999994184],['text_3'],,,,,6,14,134,5,730.8273910999997,,,,,,,,730.8027230999942,730.8273910999997,730.8273910999997,730.8273910999997,0.00502520000009099,732.2303375999982,case,[np.float64(0.0225)],[np.float64(-0.31875)],[1],[0],[0],[1.4262254999994184],['text_3'],Participant 04 ,001,2025-10-17_22h50.59.153,Word Priming Experiment,,2025.1.1,118.77754153999338,2025-10-17 22h51.31.617811 +0530,
,135,15,6,,,bo_t_e,Bottle,new,bottle,[np.float64(0.0225)],[np.float64(-0.31875)],[1],[0],[0],[4.56213750000461],['text_3'],,,,,6,15,135,18,732.2460595999946,,,,,,,,732.2338779999991,732.2460595999946,732.2460595999946,732.2460595999946,0.003366299999470357,736.7970136999938,bottle,[np.float64(0.0225)],[np.float64(-0.31875)],[1],[0],[0],[4.56213750000461],['text_3'],Participant 04 ,001,2025-10-17_22h50.59.153,Word Priming Experiment,,2025.1.1,118.77754153999338,2025-10-17 22h51.31.617811 +0530,
,136,16,6,,,_ou_se,mouse,old,mouse,[np.float64(0.0225)],[np.float64(-0.31875)],[1],[0],[0],[1.5288591999997152],['text_3'],,,,,6,16,136,3,736.8115993999963,,,,,,,,736.8007055999988,736.8115993999963,736.8115993999963,736.8115993999963,0.0035717999999178573,738.330543899996,mouse,[np.float64(0.0225)],[np.float64(-0.31875)],[1],[0],[0],[1.5288591999997152],['text_3'],Participant 04 ,001,2025-10-17_22h50.59.153,Word Priming Experiment,,2025.1.1,118.77754153999338,2025-10-17 22h51.31.617811 +0530,
,137,17,6,,,v_s_,Vase,new,vase,[np.float64(0.0225)],[np.float64(-0.31875)],[1],[0],[0],[1.6144550999961211],['text_3'],,,,,6,17,137,17,738.3443239999979,,,,,,,,738.3334468999965,738.3443239999979,738.3443239999979,738.3443239999979,0.0027635999940684997,739.948940299997,vase,[np.float64(0.0225)],[np.float64(-0.31875)],[1],[0],[0],[1.6144550999961211],['text_3'],Participant 04 ,001,2025-10-17_22h50.59.153,Word Priming Experiment,,2025.1.1,118.77754153999338,2025-10-17 22h51.31.617811 +0530,
,138,18,6,,,T_hi_t,Tshirt,old,tshirt,[np.float64(0.0225)],[np.float64(-0.31875)],[1],[0],[0],[1.6598231000025407],['text_3'],,,,,6,18,138,2,739.9771132999958,,,,,,,,739.953388199996,739.9771132999958,739.9771132999958,739.9771132999958,0.004322100001445506,741.6143199999933,tshirt,[np.float64(0.0225)],[np.float64(-0.31875)],[1],[0],[0],[1.6598231000025407],['text_3'],Participant 04 ,001,2025-10-17_22h50.59.153,Word Priming Experiment,,2025.1.1,118.77754153999338,2025-10-17 22h51.31.617811 +0530,
,139,19,6,,,K_y_,Keys,old,keys,[np.float64(0.0225)],[np.float64(-0.31875)],[1],[0],[0],[2.0459506000042893],['text_3'],,,,,6,19,139,8,741.6439920999983,,,,,,,,741.6175160999992,741.6439920999983,741.6439920999983,741.6439920999983,0.003078199995798059,743.6645285999984,keys,[np.float64(0.0225)],[np.float64(-0.31875)],[1],[0],[0],[2.0459506000042893],['text_3'],Participant 04 ,001,2025-10-17_22h50.59.153,Word Priming Experiment,,2025.1.1,118.77754153999338,2025-10-17 22h51.31.617811 +0530,
,140,0,7,,,l_pt_p,Laptop,old,laptop,[np.float64(0.0225)],[np.float64(-0.31875)],[1],[0],[0],[1.67822840000008],['text_3'],,,,,7,0,140,0,743.6780117999951,,,,,,,,743.6675159999941,743.6780117999951,743.6780117999951,743.6780117999951,0.002853600002708845,745.3471684999968,laptop,[np.float64(0.0225)],[np.float64(-0.31875)],[1],[0],[0],[1.67822840000008],['text_3'],Participant 04 ,001,2025-10-17_22h50.59.153,Word Priming Experiment,,2025.1.1,118.77754153999338,2025-10-17 22h51.31.617811 +0530,
,141,1,7,,,c_s_,Case,old,case,[np.float64(0.0225)],[np.float64(-0.31875)],[1],[0],[0],[1.3470860999950673],['text_3'],,,,,7,1,141,5,745.3611552999937,,,,,,,,745.3499239999946,745.3611552999937,745.3611552999937,745.3611552999937,0.0025968999980250373,746.6980532999951,case,[np.float64(0.0225)],[np.float64(-0.31875)],[1],[0],[0],[1.3470860999950673],['text_3'],Participant 04 ,001,2025-10-17_22h50.59.153,Word Priming Experiment,,2025.1.1,118.77754153999338,2025-10-17 22h51.31.617811 +0530,
,142,2,7,,,_ru_is_,Cruise,old,cruise,[np.float64(0.0225)],[np.float64(-0.31875)],[1],[0],[0],[2.0440101999993203],['text_3'],,,,,7,2,142,6,746.7277057999963,,,,,,,,746.7021699999968,746.7277057999963,746.7277057999963,746.7277057999963,0.004008200005046092,748.7484879999975,cruise,[np.float64(0.0225)],[np.float64(-0.31875)],[1],[0],[0],[2.0440101999993203],['text_3'],Participant 04 ,001,2025-10-17_22h50.59.153,Word Priming Experiment,,2025.1.1,118.77754153999338,2025-10-17 22h51.31.617811 +0530,
,143,3,7,,,K_y_,Keys,old,keys,[np.float64(0.0225)],[np.float64(-0.31875)],[1],[0],[0],[1.7431410000062897],['text_3'],,,,,7,3,143,8,748.7771263999966,,,,,,,,748.7532907999994,748.7771263999966,748.7771263999966,748.7771263999966,0.00461189999623457,750.4975159999958,keys,[np.float64(0.0225)],[np.float64(-0.31875)],[1],[0],[0],[1.7431410000062897],['text_3'],Participant 04 ,001,2025-10-17_22h50.59.153,Word Priming Experiment,,2025.1.1,118.77754153999338,2025-10-17 22h51.31.617811 +0530,
,144,4,7,,,_ha_t,Chart,old,chat,[np.float64(0.0225)],[np.float64(-0.31875)],[1],[0],[0],[1.4795202000022982],['text_3'],,,,,7,4,144,1,750.5110645999957,,,,,,,,750.5002809999933,750.5110645999957,750.5110645999957,750.5110645999957,0.002580100001068786,751.9809270999976,chat,[np.float64(0.0225)],[np.float64(-0.31875)],[1],[0],[0],[1.4795202000022982],['text_3'],Participant 04 ,001,2025-10-17_22h50.59.153,Word Priming Experiment,,2025.1.1,118.77754153999338,2025-10-17 22h51.31.617811 +0530,
,145,5,7,,,_o_rd,Board,old,lord,[np.float64(0.0225)],[np.float64(-0.31875)],[1],[0],[0],[1.6596437999978662],['text_3'],,,,,7,5,145,10,752.0102192999984,,,,,,,,751.9863920999996,752.0102192999984,752.0102192999984,752.0102192999984,0.005339900002581999,753.6472988999958,lord,[np.float64(0.0225)],[np.float64(-0.31875)],[1],[0],[0],[1.6596437999978662],['text_3'],Participant 04 ,001,2025-10-17_22h50.59.153,Word Priming Experiment,,2025.1.1,118.77754153999338,2025-10-17 22h51.31.617811 +0530,
,146,6,7,,,_oo_,Book,old,book,[np.float64(0.0225)],[np.float64(-0.31875)],[1],[0],[0],[1.8631890000033309],['text_3'],,,,,7,6,146,13,753.6628252999944,,,,,,,,753.6499626999939,753.6628252999944,753.6628252999944,753.6628252999944,0.0025315000020782463,755.5152543999939,book,[np.float64(0.0225)],[np.float64(-0.31875)],[1],[0],[0],[1.8631890000033309],['text_3'],Participant 04 ,001,2025-10-17_22h50.59.153,Word Priming Experiment,,2025.1.1,118.77754153999338,2025-10-17 22h51.31.617811 +0530,
,147,7,7,,,_ho_e,Phone,old,whore,[np.float64(0.0225)],[np.float64(-0.31875)],[1],[0],[0],[1.6080661000014516],['text_3'],,,,,7,7,147,12,755.5444896999979,,,,,,,,755.5207575999957,755.5444896999979,755.5444896999979,755.5444896999979,0.005274299997836351,757.1301943999933,whore,[np.float64(0.0225)],[np.float64(-0.31875)],[1],[0],[0],[1.6080661000014516],['text_3'],Participant 04 ,001,2025-10-17_22h50.59.153,Word Priming Experiment,,2025.1.1,118.77754153999338,2025-10-17 22h51.31.617811 +0530,
,148,8,7,,,P_as_tr_,Pastry,old,pastry,[np.float64(0.0225)],[np.float64(-0.31875)],[1],[0],[0],[2.0963732000018354],['text_3'],,,,,7,8,148,4,757.1446884999968,,,,,,,,757.1328627999974,757.1446884999968,757.1446884999968,757.1446884999968,0.0025499999974272214,759.230464399996,pastry,[np.float64(0.0225)],[np.float64(-0.31875)],[1],[0],[0],[2.0963732000018354],['text_3'],Participant 04 ,001,2025-10-17_22h50.59.153,Word Priming Experiment,,2025.1.1,118.77754153999338,2025-10-17 22h51.31.617811 +0530,
,149,9,7,,,c_m_ra,Camera,new,camera,[np.float64(0.0225)],[np.float64(-0.31875)],[1],[0],[0],[2.3452006000006804],['text_3'],,,,,7,9,149,19,759.260068399999,,,,,,,,759.234197699996,759.260068399999,759.260068399999,759.260068399999,0.0035829999978886917,761.580575,camera,[np.float64(0.0225)],[np.float64(-0.31875)],[1],[0],[0],[2.3452006000006804],['text_3'],Participant 04 ,001,2025-10-17_22h50.59.153,Word Priming Experiment,,2025.1.1,118.77754153999338,2025-10-17 22h51.31.617811 +0530,
,150,10,7,,,v_s_,Vase,new,vase,[np.float64(0.0225)],[np.float64(-0.31875)],[1],[0],[0],[1.5286061999941012],['text_3'],,,,,7,10,150,17,761.6107314999972,,,,,,,,761.5837596999991,761.6107314999972,761.6107314999972,761.6107314999972,0.0030501000001095235,763.1132954999994,vase,[np.float64(0.0225)],[np.float64(-0.31875)],[1],[0],[0],[1.5286061999941012],['text_3'],Participant 04 ,001,2025-10-17_22h50.59.153,Word Priming Experiment,,2025.1.1,118.77754153999338,2025-10-17 22h51.31.617811 +0530,
,151,11,7,,,P_li_e,Police,old,police,[np.float64(0.0225)],[np.float64(-0.31875)],[1],[0],[0],[1.6809538000015891],['text_3'],,,,,7,11,151,7,763.1275910999975,,,,,,,,763.1156383999987,763.1275910999975,763.1275910999975,763.1275910999975,0.002235599997220561,764.7983782999945,police,[np.float64(0.0225)],[np.float64(-0.31875)],[1],[0],[0],[1.6809538000015891],['text_3'],Participant 04 ,001,2025-10-17_22h50.59.153,Word Priming Experiment,,2025.1.1,118.77754153999338,2025-10-17 22h51.31.617811 +0530,
,152,12,7,,,p_nc_l,Pencil,new,pencil,[np.float64(0.0225)],[np.float64(-0.31875)],[1],[0],[0],[1.7584879000060027],['text_3'],,,,,7,12,152,16,764.8267204999938,,,,,,,,764.8043182999972,764.8267204999938,764.8267204999938,764.8267204999938,0.005754700003308244,766.5644988999993,pencil,[np.float64(0.0225)],[np.float64(-0.31875)],[1],[0],[0],[1.7584879000060027],['text_3'],Participant 04 ,001,2025-10-17_22h50.59.153,Word Priming Experiment,,2025.1.1,118.77754153999338,2025-10-17 22h51.31.617811 +0530,
,153,13,7,,,P_st_r,Poster,old,poster,[np.float64(0.0225)],[np.float64(-0.31875)],[1],[0],[0],[1.9965052000043215],['text_3'],,,,,7,13,153,9,766.5777057999949,,,,,,,,766.5672653000001,766.5777057999949,766.5777057999949,766.5777057999949,0.0026317000010749325,768.566063899998,poster,[np.float64(0.0225)],[np.float64(-0.31875)],[1],[0],[0],[1.9965052000043215],['text_3'],Participant 04 ,001,2025-10-17_22h50.59.153,Word Priming Experiment,,2025.1.1,118.77754153999338,2025-10-17 22h51.31.617811 +0530,
,154,14,7,,,_a_bl_,Marble,old,table,[np.float64(0.0225)],[np.float64(-0.31875)],[1],[0],[0],[3.58988529999624],['text_3'],,,,,7,14,154,11,768.5935995999971,,,,,,,,768.572058699996,768.5935995999971,768.5935995999971,768.5935995999971,0.005795200006105006,772.1632592999958,table,[np.float64(0.0225)],[np.float64(-0.31875)],[1],[0],[0],[3.58988529999624],['text_3'],Participant 04 ,001,2025-10-17_22h50.59.153,Word Priming Experiment,,2025.1.1,118.77754153999338,2025-10-17 22h51.31.617811 +0530,
,155,15,7,,,bo_t_e,Bottle,new,bottle,[np.float64(0.0225)],[np.float64(-0.31875)],[1],[0],[0],[2.098364600002242],['text_3'],,,,,7,15,155,18,772.1784297999984,,,,,,,,772.1661534999948,772.1784297999984,772.1784297999984,772.1784297999984,0.002749399995082058,774.2660596999995,bottle,[np.float64(0.0225)],[np.float64(-0.31875)],[1],[0],[0],[2.098364600002242],['text_3'],Participant 04 ,001,2025-10-17_22h50.59.153,Word Priming Experiment,,2025.1.1,118.77754153999338,2025-10-17 22h51.31.617811 +0530,
,156,16,7,,,c_s_io_,Cushion,new,cushion,[np.float64(0.0225)],[np.float64(-0.31875)],[1],[0],[0],[2.0097810000006575],['text_3'],,,,,7,16,156,14,774.2933224999942,,,,,,,,774.2702524999986,774.2933224999942,774.2933224999942,774.2933224999942,0.004047999995236751,776.2815802999976,cushion,[np.float64(0.0225)],[np.float64(-0.31875)],[1],[0],[0],[2.0097810000006575],['text_3'],Participant 04 ,001,2025-10-17_22h50.59.153,Word Priming Experiment,,2025.1.1,118.77754153999338,2025-10-17 22h51.31.617811 +0530,
,157,17,7,,,ta_l_,Table,new,tails,[np.float64(0.0225)],[np.float64(-0.31875)],[1],[0],[0],[3.3449302000008174],['text_3'],,,,,7,17,157,15,776.3104162999953,,,,,,,,776.2846624999947,776.3104162999953,776.3104162999953,776.3104162999953,0.002908200003730599,779.6308869999993,tails,[np.float64(0.0225)],[np.float64(-0.31875)],[1],[0],[0],[3.3449302000008174],['text_3'],Participant 04 ,001,2025-10-17_22h50.59.153,Word Priming Experiment,,2025.1.1,118.77754153999338,2025-10-17 22h51.31.617811 +0530,
,158,18,7,,,_ou_se,mouse,old,mouse,[np.float64(0.0225)],[np.float64(-0.31875)],[1],[0],[0],[2.044973999996728],['text_3'],,,,,7,18,158,3,779.6602410999985,,,,,,,,779.635154399999,779.6602410999985,779.6602410999985,779.6602410999985,0.004110200003196951,781.6824851999991,mouse,[np.float64(0.0225)],[np.float64(-0.31875)],[1],[0],[0],[2.044973999996728],['text_3'],Participant 04 ,001,2025-10-17_22h50.59.153,Word Priming Experiment,,2025.1.1,118.77754153999338,2025-10-17 22h51.31.617811 +0530,
,159,19,7,,,T_hi_t,Tshirt,old,tshirt,[np.float64(0.0225)],[np.float64(-0.31875)],[1],[0],[0],[1.592082000002847],['text_3'],,,,,7,19,159,2,781.7105400999935,,,,,,,,781.6888117999988,781.7105400999935,781.7105400999935,781.7105400999935,0.006073299999115989,783.2820460000003,tshirt,[np.float64(0.0225)],[np.float64(-0.31875)],[1],[0],[0],[1.592082000002847],['text_3'],Participant 04 ,001,2025-10-17_22h50.59.153,Word Priming Experiment,,2025.1.1,118.77754153999338,2025-10-17 22h51.31.617811 +0530,
,160,0,8,,,c_s_io_,Cushion,new,cushion,[np.float64(0.0225)],[np.float64(-0.31875)],[1],[0],[0],[1.9929034000015236],['text_3'],,,,,8,0,160,14,783.3107060999973,,,,,,,,783.2859826999993,783.3107060999973,783.3107060999973,783.3107060999973,0.0038230999998631887,785.2801913999938,cushion,[np.float64(0.0225)],[np.float64(-0.31875)],[1],[0],[0],[1.9929034000015236],['text_3'],Participant 04 ,001,2025-10-17_22h50.59.153,Word Priming Experiment,,2025.1.1,118.77754153999338,2025-10-17 22h51.31.617811 +0530,
,161,1,8,,,c_s_,Case,old,case,[np.float64(0.0225)],[np.float64(-0.31875)],[1],[0],[0],[3.1777753999995184],['text_3'],,,,,8,1,161,5,785.3104247999945,,,,,,,,785.2849495999981,785.3104247999945,785.3104247999945,785.3104247999945,0.004630199997336604,788.4647293999951,case,[np.float64(0.0225)],[np.float64(-0.31875)],[1],[0],[0],[3.1777753999995184],['text_3'],Participant 04 ,001,2025-10-17_22h50.59.153,Word Priming Experiment,,2025.1.1,118.77754153999338,2025-10-17 22h51.31.617811 +0530,
,162,2,8,,,P_as_tr_,Pastry,old,pastry,[np.float64(0.0225)],[np.float64(-0.31875)],[0],[0],[1],[2.1457251999963773],['text_3'],,,,,8,2,162,4,788.4936249999955,,,,,,,,788.4680802999937,788.4936249999955,788.4936249999955,788.4936249999955,0.0032045999978436157,790.6149013999966,pastry,[np.float64(0.0225)],[np.float64(-0.31875)],[0],[0],[1],[2.1457251999963773],['text_3'],Participant 04 ,001,2025-10-17_22h50.59.153,Word Priming Experiment,,2025.1.1,118.77754153999338,2025-10-17 22h51.31.617811 +0530,
,163,3,8,,,p_nc_l,Pencil,new,pencil,[np.float64(0.0225)],[np.float64(-0.31875)],[1],[0],[0],[4.411027499998454],['text_3'],,,,,8,3,163,16,790.6279634999955,,,,,,,,790.6177643999981,790.6279634999955,790.6279634999955,790.6279634999955,0.0027425000007497147,795.0299302999993,pencil,[np.float64(0.0225)],[np.float64(-0.31875)],[1],[0],[0],[4.411027499998454],['text_3'],Participant 04 ,001,2025-10-17_22h50.59.153,Word Priming Experiment,,2025.1.1,118.77754153999338,2025-10-17 22h51.31.617811 +0530,
,164,4,8,,,ta_l_,Table,new,tails,[np.float64(0.0225)],[np.float64(-0.31875)],[1],[0],[0],[1.6283013000065694],['text_3'],,,,,8,4,164,15,795.044384199995,,,,,,,,795.0331472999969,795.044384199995,795.044384199995,795.044384199995,0.0028994999956921674,796.6626460999978,tails,[np.float64(0.0225)],[np.float64(-0.31875)],[1],[0],[0],[1.6283013000065694],['text_3'],Participant 04 ,001,2025-10-17_22h50.59.153,Word Priming Experiment,,2025.1.1,118.77754153999338,2025-10-17 22h51.31.617811 +0530,
,165,5,8,,,K_y_,Keys,old,keys,[np.float64(0.0225)],[np.float64(-0.31875)],[1],[0],[0],[1.4479475999978604],['text_3'],,,,,8,5,165,8,796.6777415999968,,,,,,,,796.6653854999968,796.6777415999968,796.6777415999968,796.6777415999968,0.00251169999683043,798.1145185999994,keys,[np.float64(0.0225)],[np.float64(-0.31875)],[1],[0],[0],[1.4479475999978604],['text_3'],Participant 04 ,001,2025-10-17_22h50.59.153,Word Priming Experiment,,2025.1.1,118.77754153999338,2025-10-17 22h51.31.617811 +0530,
,166,6,8,,,P_st_r,Poster,old,poster,[np.float64(0.0225)],[np.float64(-0.31875)],[1],[0],[0],[1.7108058000012534],['text_3'],,,,,8,6,166,9,798.1443642999948,,,,,,,,798.1183990999998,798.1443642999948,798.1443642999948,798.1443642999948,0.0037379999994300306,799.8307912999953,poster,[np.float64(0.0225)],[np.float64(-0.31875)],[1],[0],[0],[1.7108058000012534],['text_3'],Participant 04 ,001,2025-10-17_22h50.59.153,Word Priming Experiment,,2025.1.1,118.77754153999338,2025-10-17 22h51.31.617811 +0530,
,167,7,8,,,_a_bl_,Marble,old,table,[np.float64(0.02375)],[np.float64(-0.3275)],[1],[0],[0],[1.7778101000003517],['text_3'],,,,,8,7,167,11,799.8599551999941,,,,,,,,799.8368491000001,799.8599551999941,799.8599551999941,799.8599551999941,0.00584089999756543,801.6165116999982,table,[np.float64(0.02375)],[np.float64(-0.3275)],[1],[0],[0],[1.7778101000003517],['text_3'],Participant 04 ,001,2025-10-17_22h50.59.153,Word Priming Experiment,,2025.1.1,118.77754153999338,2025-10-17 22h51.31.617811 +0530,
,168,8,8,,,_ru_is_,Cruise,old,cruise,[np.float64(0.02375)],[np.float64(-0.3275)],[1],[0],[0],[1.9891984999994747],['text_3'],,,,,8,8,168,6,801.6432492999957,,,,,,,,801.6224500999961,801.6432492999957,801.6432492999957,801.6432492999957,0.005412200000137091,803.6128640999959,cruise,[np.float64(0.02375)],[np.float64(-0.3275)],[1],[0],[0],[1.9891984999994747],['text_3'],Participant 04 ,001,2025-10-17_22h50.59.153,Word Priming Experiment,,2025.1.1,118.77754153999338,2025-10-17 22h51.31.617811 +0530,
,169,9,8,,,v_s_,Vase,new,vase,[np.float64(0.02375)],[np.float64(-0.3275)],[1],[0],[0],[1.597425200001453],['text_3'],,,,,8,9,169,17,803.6276752999984,,,,,,,,803.6151587999993,803.6276752999984,803.6276752999984,803.6276752999984,0.0021793999985675327,805.2141105999981,vase,[np.float64(0.02375)],[np.float64(-0.3275)],[1],[0],[0],[1.597425200001453],['text_3'],Participant 04 ,001,2025-10-17_22h50.59.153,Word Priming Experiment,,2025.1.1,118.77754153999338,2025-10-17 22h51.31.617811 +0530,
,170,10,8,,,_o_rd,Board,old,lord,[np.float64(0.02375)],[np.float64(-0.3275)],[1],[0],[0],[1.5960037999975611],['text_3'],,,,,8,10,170,10,805.2277815999987,,,,,,,,805.2168588999994,805.2277815999987,805.2277815999987,805.2277815999987,0.0026100000031874515,806.8141824999984,lord,[np.float64(0.02375)],[np.float64(-0.3275)],[1],[0],[0],[1.5960037999975611],['text_3'],Participant 04 ,001,2025-10-17_22h50.59.153,Word Priming Experiment,,2025.1.1,118.77754153999338,2025-10-17 22h51.31.617811 +0530,
,171,11,8,,,T_hi_t,Tshirt,old,tshirt,[np.float64(0.02375)],[np.float64(-0.3275)],[1],[0],[0],[1.6951626999943983],['text_3'],,,,,8,11,171,2,806.8433732999983,,,,,,,,806.8182770999992,806.8433732999983,806.8433732999983,806.8433732999983,0.003950500002247281,808.5149651999964,tshirt,[np.float64(0.02375)],[np.float64(-0.3275)],[1],[0],[0],[1.6951626999943983],['text_3'],Participant 04 ,001,2025-10-17_22h50.59.153,Word Priming Experiment,,2025.1.1,118.77754153999338,2025-10-17 22h51.31.617811 +0530,
,172,12,8,,,bo_t_e,Bottle,new,bottle,[np.float64(0.02375)],[np.float64(-0.3275)],[1],[0],[0],[1.692804400001478],['text_3'],,,,,8,12,172,18,808.5439275999961,,,,,,,,808.5192255000002,808.5439275999961,808.5439275999961,808.5439275999961,0.004015599995909724,810.2138529000003,bottle,[np.float64(0.02375)],[np.float64(-0.3275)],[1],[0],[0],[1.692804400001478],['text_3'],Participant 04 ,001,2025-10-17_22h50.59.153,Word Priming Experiment,,2025.1.1,118.77754153999338,2025-10-17 22h51.31.617811 +0530,
,173,13,8,,,_ha_t,Chart,old,chat,[np.float64(0.02375)],[np.float64(-0.3275)],[1],[0],[0],[1.662328600003093],['text_3'],,,,,8,13,173,1,810.2434883999958,,,,,,,,810.216817499997,810.2434883999958,810.2434883999958,810.2434883999958,0.0027871000056620687,811.8805708999935,chat,[np.float64(0.02375)],[np.float64(-0.3275)],[1],[0],[0],[1.662328600003093],['text_3'],Participant 04 ,001,2025-10-17_22h50.59.153,Word Priming Experiment,,2025.1.1,118.77754153999338,2025-10-17 22h51.31.617811 +0530,
,174,14,8,,,l_pt_p,Laptop,old,laptop,[np.float64(0.02375)],[np.float64(-0.3275)],[1],[0],[0],[1.6447000999978627],['text_3'],,,,,8,14,174,0,811.9102866999965,,,,,,,,811.8848090999963,811.9102866999965,811.9102866999965,811.9102866999965,0.0034890000024461187,813.5313194999981,laptop,[np.float64(0.02375)],[np.float64(-0.3275)],[1],[0],[0],[1.6447000999978627],['text_3'],Participant 04 ,001,2025-10-17_22h50.59.153,Word Priming Experiment,,2025.1.1,118.77754153999338,2025-10-17 22h51.31.617811 +0530,
,175,15,8,,,P_li_e,Police,old,police,[np.float64(0.02375)],[np.float64(-0.3275)],[1],[0],[0],[1.6086609000049066],['text_3'],,,,,8,15,175,7,813.5598471999983,,,,,,,,813.5364794999987,813.5598471999983,813.5598471999983,813.5598471999983,0.004959199999575503,815.1465429999953,police,[np.float64(0.02375)],[np.float64(-0.3275)],[1],[0],[0],[1.6086609000049066],['text_3'],Participant 04 ,001,2025-10-17_22h50.59.153,Word Priming Experiment,,2025.1.1,118.77754153999338,2025-10-17 22h51.31.617811 +0530,
,176,16,8,,,c_m_ra,Camera,new,camera,[np.float64(0.02375)],[np.float64(-0.3275)],[1],[0],[0],[1.6160309000042616],['text_3'],,,,,8,16,176,19,815.1761014000003,,,,,,,,815.1501353999993,815.1761014000003,815.1761014000003,815.1761014000003,0.0034534000005805865,816.7685667999976,camera,[np.float64(0.02375)],[np.float64(-0.3275)],[1],[0],[0],[1.6160309000042616],['text_3'],Participant 04 ,001,2025-10-17_22h50.59.153,Word Priming Experiment,,2025.1.1,118.77754153999338,2025-10-17 22h51.31.617811 +0530,
,177,17,8,,,_ho_e,Phone,old,whore,[np.float64(0.02375)],[np.float64(-0.3275)],[1],[0],[0],[1.6054036999994423],['text_3'],,,,,8,17,177,12,816.7943118999974,,,,,,,,816.7733267999938,816.7943118999974,816.7943118999974,816.7943118999974,0.004575700004352257,818.3802157999962,whore,[np.float64(0.02375)],[np.float64(-0.3275)],[1],[0],[0],[1.6054036999994423],['text_3'],Participant 04 ,001,2025-10-17_22h50.59.153,Word Priming Experiment,,2025.1.1,118.77754153999338,2025-10-17 22h51.31.617811 +0530,
,178,18,8,,,_ou_se,mouse,old,mouse,[np.float64(0.02375)],[np.float64(-0.3275)],[1],[0],[0],[2.0444430999996257],['text_3'],,,,,8,18,178,3,818.4093627999973,,,,,,,,818.3839902999971,818.4093627999973,818.4093627999973,818.4093627999973,0.003640599999926053,820.4296835999994,mouse,[np.float64(0.02375)],[np.float64(-0.3275)],[1],[0],[0],[2.0444430999996257],['text_3'],Participant 04 ,001,2025-10-17_22h50.59.153,Word Priming Experiment,,2025.1.1,118.77754153999338,2025-10-17 22h51.31.617811 +0530,
,179,19,8,,,_oo_,Book,old,,[np.float64(0.02375)],[np.float64(-0.3275)],[1],[0],[0],[1.122160899998562],['text_3'],,,,,8,19,179,13,820.4596603999962,,,,,,,,820.4394713999936,820.4596603999962,820.4596603999962,820.4596603999962,0.009659299998020288,821.5627632999967,,[np.float64(0.02375)],[np.float64(-0.3275)],[1],[0],[0],[1.122160899998562],['text_3'],Participant 04 ,001,2025-10-17_22h50.59.153,Word Priming Experiment,,2025.1.1,118.77754153999338,2025-10-17 22h51.31.617811 +0530,
,180,0,9,,,_oo_,Book,old,book,[np.float64(0.02375)],[np.float64(-0.3275)],[1],[0],[0],[0.8651719000044977],['text_3'],,,,,9,0,180,13,821.5772273999974,,,,,,,,821.5633617999993,821.5772273999974,821.5772273999974,821.5772273999974,0.00045200000022305176,822.4306131999983,book,[np.float64(0.02375)],[np.float64(-0.3275)],[1],[0],[0],[0.8651719000044977],['text_3'],Participant 04 ,001,2025-10-17_22h50.59.153,Word Priming Experiment,,2025.1.1,118.77754153999338,2025-10-17 22h51.31.617811 +0530,
,181,1,9,,,P_li_e,Police,old,police,[np.float64(0.02375)],[np.float64(-0.3275)],[1],[0],[0],[1.5955824999982724],['text_3'],,,,,9,1,181,7,822.4594446999981,,,,,,,,822.4353840999975,822.4594446999981,822.4594446999981,822.4594446999981,0.004601699998602271,824.0341635999939,police,[np.float64(0.02375)],[np.float64(-0.3275)],[1],[0],[0],[1.5955824999982724],['text_3'],Participant 04 ,001,2025-10-17_22h50.59.153,Word Priming Experiment,,2025.1.1,118.77754153999338,2025-10-17 22h51.31.617811 +0530,
,182,2,9,,,v_s_,Vase,new,vase,[np.float64(0.02375)],[np.float64(-0.3275)],[1],[0],[0],[2.9089506000018446],['text_3'],,,,,9,2,182,17,824.0598170999947,,,,,,,,824.0383516000002,824.0598170999947,824.0598170999947,824.0598170999947,0.003922600000805687,826.9494769999947,vase,[np.float64(0.02375)],[np.float64(-0.3275)],[1],[0],[0],[2.9089506000018446],['text_3'],Participant 04 ,001,2025-10-17_22h50.59.153,Word Priming Experiment,,2025.1.1,118.77754153999338,2025-10-17 22h51.31.617811 +0530,
,183,3,9,,,c_m_ra,Camera,new,camera,[np.float64(0.02375)],[np.float64(-0.3275)],[1],[0],[0],[2.5271718000003602],['text_3'],,,,,9,3,183,19,826.9778241999957,,,,,,,,826.9541800999941,826.9778241999957,826.9778241999957,826.9778241999957,0.004520599999523256,829.4836445999972,camera,[np.float64(0.02375)],[np.float64(-0.3275)],[1],[0],[0],[2.5271718000003602],['text_3'],Participant 04 ,001,2025-10-17_22h50.59.153,Word Priming Experiment,,2025.1.1,118.77754153999338,2025-10-17 22h51.31.617811 +0530,
,184,4,9,,,T_hi_t,Tshirt,old,tshirt,[np.float64(0.02375)],[np.float64(-0.3275)],[1],[0],[0],[2.408122699998785],['text_3'],,,,,9,4,184,2,829.5095569999976,,,,,,,,829.4876154999947,829.5095569999976,829.5095569999976,829.5095569999976,0.0037765999950352125,831.8970797000002,tshirt,[np.float64(0.02375)],[np.float64(-0.3275)],[1],[0],[0],[2.408122699998785],['text_3'],Participant 04 ,001,2025-10-17_22h50.59.153,Word Priming Experiment,,2025.1.1,118.77754153999338,2025-10-17 22h51.31.617811 +0530,
,185,5,9,,,K_y_,Keys,old,keys,[np.float64(0.02375)],[np.float64(-0.3275)],[1],[0],[0],[1.5125503000017488],['text_3'],,,,,9,5,185,8,831.9266895999972,,,,,,,,831.8999945999967,831.9266895999972,831.9266895999972,831.9266895999972,0.002789399994071573,833.4157822999987,keys,[np.float64(0.02375)],[np.float64(-0.3275)],[1],[0],[0],[1.5125503000017488],['text_3'],Participant 04 ,001,2025-10-17_22h50.59.153,Word Priming Experiment,,2025.1.1,118.77754153999338,2025-10-17 22h51.31.617811 +0530,
,186,6,9,,,ta_l_,Table,new,tails,[np.float64(0.02375)],[np.float64(-0.3275)],[1],[0],[0],[1.8591373999952339],['text_3'],,,,,9,6,186,15,833.4434540000002,,,,,,,,833.4217926999991,833.4434540000002,833.4434540000002,833.4434540000002,0.0057451999964541756,835.2837504999989,tails,[np.float64(0.02375)],[np.float64(-0.3275)],[1],[0],[0],[1.8591373999952339],['text_3'],Participant 04 ,001,2025-10-17_22h50.59.153,Word Priming Experiment,,2025.1.1,118.77754153999338,2025-10-17 22h51.31.617811 +0530,
,187,7,9,,,l_pt_p,Laptop,old,laptop,[np.float64(0.02375)],[np.float64(-0.3275)],[1],[0],[0],[4.072743100005027],['text_3'],,,,,9,7,187,0,835.3092195999998,,,,,,,,835.2890660999983,835.3092195999998,835.3092195999998,835.3092195999998,0.005063999997219071,839.363268299996,laptop,[np.float64(0.02375)],[np.float64(-0.3275)],[1],[0],[0],[4.072743100005027],['text_3'],Participant 04 ,001,2025-10-17_22h50.59.153,Word Priming Experiment,,2025.1.1,118.77754153999338,2025-10-17 22h51.31.617811 +0530,
,188,8,9,,,_o_rd,Board,old,lord,[np.float64(0.02375)],[np.float64(-0.3275)],[1],[0],[0],[2.1797765999945113],['text_3'],,,,,9,8,188,10,839.3928059999962,,,,,,,,839.3666041999968,839.3928059999962,839.3928059999962,839.3928059999962,0.00322510000114562,841.5488433999999,lord,[np.float64(0.02375)],[np.float64(-0.3275)],[1],[0],[0],[2.1797765999945113],['text_3'],Participant 04 ,001,2025-10-17_22h50.59.153,Word Priming Experiment,,2025.1.1,118.77754153999338,2025-10-17 22h51.31.617811 +0530,
,189,9,9,,,c_s_,Case,old,case,[np.float64(0.02375)],[np.float64(-0.3275)],[1],[0],[0],[1.3423983999964548],['text_3'],,,,,9,9,189,5,841.5758907999989,,,,,,,,841.5529840999952,841.5758907999989,841.5758907999989,841.5758907999989,0.003910899999027606,842.8966937000005,case,[np.float64(0.02375)],[np.float64(-0.3275)],[1],[0],[0],[1.3423983999964548],['text_3'],Participant 04 ,001,2025-10-17_22h50.59.153,Word Priming Experiment,,2025.1.1,118.77754153999338,2025-10-17 22h51.31.617811 +0530,
,190,10,9,,,P_as_tr_,Pastry,old,pastry,[np.float64(0.02375)],[np.float64(-0.3275)],[1],[0],[0],[2.5456657000031555],['text_3'],,,,,9,10,190,4,842.9105175999939,,,,,,,,842.8999688999975,842.9105175999939,842.9105175999939,842.9105175999939,0.0031165999971562997,845.4476032999955,pastry,[np.float64(0.02375)],[np.float64(-0.3275)],[1],[0],[0],[2.5456657000031555],['text_3'],Participant 04 ,001,2025-10-17_22h50.59.153,Word Priming Experiment,,2025.1.1,118.77754153999338,2025-10-17 22h51.31.617811 +0530,
,191,11,9,,,bo_t_e,Bottle,new,bottle,[np.float64(0.02375)],[np.float64(-0.3275)],[1],[0],[0],[2.0266704999958165],['text_3'],,,,,9,11,191,18,845.4761983999997,,,,,,,,845.4521645999994,845.4761983999997,845.4761983999997,845.4761983999997,0.004382099999929778,847.4805156999937,bottle,[np.float64(0.02375)],[np.float64(-0.3275)],[1],[0],[0],[2.0266704999958165],['text_3'],Participant 04 ,001,2025-10-17_22h50.59.153,Word Priming Experiment,,2025.1.1,118.77754153999338,2025-10-17 22h51.31.617811 +0530,
,192,12,9,,,_ru_is_,Cruise,old,cruise,[np.float64(0.02375)],[np.float64(-0.3275)],[1],[0],[0],[1.6623498000044492],['text_3'],,,,,9,12,192,6,847.5095619999993,,,,,,,,847.4846469999975,847.5095619999993,847.5095619999993,847.5095619999993,0.003994099999545142,849.1501237999983,cruise,[np.float64(0.02375)],[np.float64(-0.3275)],[1],[0],[0],[1.6623498000044492],['text_3'],Participant 04 ,001,2025-10-17_22h50.59.153,Word Priming Experiment,,2025.1.1,118.77754153999338,2025-10-17 22h51.31.617811 +0530,
,193,13,9,,,_ho_e,Phone,old,whore,[np.float64(0.02375)],[np.float64(-0.3275)],[1],[0],[0],[2.3217522999984794],['text_3'],,,,,9,13,193,12,849.1759934000002,,,,,,,,849.1565390999967,849.1759934000002,849.1759934000002,849.1759934000002,0.006154400005470961,851.4796864999953,whore,[np.float64(0.02375)],[np.float64(-0.3275)],[1],[0],[0],[2.3217522999984794],['text_3'],Participant 04 ,001,2025-10-17_22h50.59.153,Word Priming Experiment,,2025.1.1,118.77754153999338,2025-10-17 22h51.31.617811 +0530,
,194,14,9,,,_a_bl_,Marble,old,table,[np.float64(0.02375)],[np.float64(-0.3275)],[1],[0],[0],[1.9294530000042869],['text_3'],,,,,9,14,194,11,851.5095048000003,,,,,,,,851.4827602000005,851.5095048000003,851.5095048000003,851.5095048000003,0.002976299998408649,853.4149139999936,table,[np.float64(0.02375)],[np.float64(-0.3275)],[1],[0],[0],[1.9294530000042869],['text_3'],Participant 04 ,001,2025-10-17_22h50.59.153,Word Priming Experiment,,2025.1.1,118.77754153999338,2025-10-17 22h51.31.617811 +0530,
,195,15,9,,,P_st_r,Poster,old,poster,[np.float64(0.02375)],[np.float64(-0.3275)],[1],[0],[0],[1.9746193000028143],['text_3'],,,,,9,15,195,9,853.442804899998,,,,,,,,853.420724699994,853.442804899998,853.442804899998,853.442804899998,0.005610399995930493,855.398036999999,poster,[np.float64(0.02375)],[np.float64(-0.3275)],[1],[0],[0],[1.9746193000028143],['text_3'],Participant 04 ,001,2025-10-17_22h50.59.153,Word Priming Experiment,,2025.1.1,118.77754153999338,2025-10-17 22h51.31.617811 +0530,
,196,16,9,,,c_s_io_,Cushion,new,cushion,[np.float64(0.02375)],[np.float64(-0.3275)],[1],[0],[0],[2.8081008000008296],['text_3'],,,,,9,16,196,14,855.4262579999995,,,,,,,,855.4030234999955,855.4262579999995,855.4262579999995,855.4262579999995,0.004802000003110152,858.2126761999971,cushion,[np.float64(0.02375)],[np.float64(-0.3275)],[1],[0],[0],[2.8081008000008296],['text_3'],Participant 04 ,001,2025-10-17_22h50.59.153,Word Priming Experiment,,2025.1.1,118.77754153999338,2025-10-17 22h51.31.617811 +0530,
,197,17,9,,,p_nc_l,Pencil,new,pencil,[np.float64(0.02375)],[np.float64(-0.3275)],[1],[0],[0],[2.0136686000041664],['text_3'],,,,,9,17,197,16,858.2278540999978,,,,,,,,858.215543899998,858.2278540999978,858.2278540999978,858.2278540999978,0.0027416000011726283,860.2327625999969,pencil,[np.float64(0.02375)],[np.float64(-0.3275)],[1],[0],[0],[2.0136686000041664],['text_3'],Participant 04 ,001,2025-10-17_22h50.59.153,Word Priming Experiment,,2025.1.1,118.77754153999338,2025-10-17 22h51.31.617811 +0530,
,198,18,9,,,_ha_t,Chart,old,chat,[np.float64(0.02375)],[np.float64(-0.3275)],[1],[0],[0],[2.5745900999972946],['text_3'],,,,,9,18,198,1,860.2590368999954,,,,,,,,860.2378481999986,860.2590368999954,860.2590368999954,860.2590368999954,0.00483890000032261,862.8153195999985,chat,[np.float64(0.02375)],[np.float64(-0.3275)],[1],[0],[0],[2.5745900999972946],['text_3'],Participant 04 ,001,2025-10-17_22h50.59.153,Word Priming Experiment,,2025.1.1,118.77754153999338,2025-10-17 22h51.31.617811 +0530,
,199,19,9,,,_ou_se,mouse,old,mouse,[np.float64(0.02375)],[np.float64(-0.3275)],[1],[0],[0],[1.6090586999998777],['text_3'],,,,,9,19,199,3,862.8432740999997,,,,,,,,862.8196373999963,862.8432740999997,862.8432740999997,862.8432740999997,0.004160999997111503,864.4302449999959,mouse,[np.float64(0.02375)],[np.float64(-0.3275)],[1],[0],[0],[1.6090586999998777],['text_3'],Participant 04 ,001,2025-10-17_22h50.59.153,Word Priming Experiment,,2025.1.1,118.77754153999338,2025-10-17 22h51.31.617811 +0530,
,200,0,10,,,l_pt_p,Laptop,old,laptop,[np.float64(0.02375)],[np.float64(-0.3275)],[1],[0],[0],[2.0453997000004165],['text_3'],,,,,10,0,200,0,864.4438110999981,,,,,,,,864.4328584999967,864.4438110999981,864.4438110999981,864.4438110999981,0.002487400000973139,866.479479499998,laptop,[np.float64(0.02375)],[np.float64(-0.3275)],[1],[0],[0],[2.0453997000004165],['text_3'],Participant 04 ,001,2025-10-17_22h50.59.153,Word Priming Experiment,,2025.1.1,118.77754153999338,2025-10-17 22h51.31.617811 +0530,
,201,1,10,,,_ho_e,Phone,old,whore,[np.float64(0.02375)],[np.float64(-0.3275)],[1],[0],[0],[1.7959866000019247],['text_3'],,,,,10,1,201,12,866.4947073999938,,,,,,,,866.4821236999996,866.4947073999938,866.4947073999938,866.4947073999938,0.0025305999952252023,868.2801973999958,whore,[np.float64(0.02375)],[np.float64(-0.3275)],[1],[0],[0],[1.7959866000019247],['text_3'],Participant 04 ,001,2025-10-17_22h50.59.153,Word Priming Experiment,,2025.1.1,118.77754153999338,2025-10-17 22h51.31.617811 +0530,
,202,2,10,,,bo_t_e,Bottle,new,bottle,[np.float64(0.02375)],[np.float64(-0.3275)],[1],[0],[0],[1.8610620999970706],['text_3'],,,,,10,2,202,18,868.3093455999988,,,,,,,,868.284295999998,868.3093455999988,868.3093455999988,868.3093455999988,0.003920399998605717,870.1482051999992,bottle,[np.float64(0.02375)],[np.float64(-0.3275)],[1],[0],[0],[1.8610620999970706],['text_3'],Participant 04 ,001,2025-10-17_22h50.59.153,Word Priming Experiment,,2025.1.1,118.77754153999338,2025-10-17 22h51.31.617811 +0530,
,203,3,10,,,v_s_,Vase,new,vase,[np.float64(0.02375)],[np.float64(-0.3275)],[1],[0],[0],[1.6711030999940704],['text_3'],,,,,10,3,203,17,870.1759384999968,,,,,,,,870.155293799995,870.1759384999968,870.1759384999968,870.1759384999968,0.005898099996556994,871.8286334999939,vase,[np.float64(0.02375)],[np.float64(-0.3275)],[1],[0],[0],[1.6711030999940704],['text_3'],Participant 04 ,001,2025-10-17_22h50.59.153,Word Priming Experiment,,2025.1.1,118.77754153999338,2025-10-17 22h51.31.617811 +0530,
,204,4,10,,,_o_rd,Board,old,lord,[np.float64(0.02375)],[np.float64(-0.3275)],[1],[0],[0],[1.8631525000018883],['text_3'],,,,,10,4,204,10,871.8438840999952,,,,,,,,871.8322294999962,871.8438840999952,871.8438840999952,871.8438840999952,0.003446900002018083,873.6966759999996,lord,[np.float64(0.02375)],[np.float64(-0.3275)],[1],[0],[0],[1.8631525000018883],['text_3'],Participant 04 ,001,2025-10-17_22h50.59.153,Word Priming Experiment,,2025.1.1,118.77754153999338,2025-10-17 22h51.31.617811 +0530,
,205,5,10,,,_ru_is_,Cruise,old,cruise,[np.float64(0.02375)],[np.float64(-0.3275)],[1],[0],[0],[2.02882540000428],['text_3'],,,,,10,5,205,6,873.7100587999957,,,,,,,,873.6996564999936,873.7100587999957,873.7100587999957,873.7100587999957,0.002862599998479709,875.7298937999949,cruise,[np.float64(0.02375)],[np.float64(-0.3275)],[1],[0],[0],[2.02882540000428],['text_3'],Participant 04 ,001,2025-10-17_22h50.59.153,Word Priming Experiment,,2025.1.1,118.77754153999338,2025-10-17 22h51.31.617811 +0530,
,206,6,10,,,T_hi_t,Tshirt,old,tshirt,[np.float64(0.02375)],[np.float64(-0.3275)],[1],[0],[0],[3.0297523999979603],['text_3'],,,,,10,6,206,2,875.7436476000003,,,,,,,,875.7324767999962,875.7436476000003,875.7436476000003,875.7436476000003,0.0024418000029982068,878.7639219999983,tshirt,[np.float64(0.02375)],[np.float64(-0.3275)],[1],[0],[0],[3.0297523999979603],['text_3'],Participant 04 ,001,2025-10-17_22h50.59.153,Word Priming Experiment,,2025.1.1,118.77754153999338,2025-10-17 22h51.31.617811 +0530,
,207,7,10,,,P_as_tr_,Pastry,old,pastry,[np.float64(0.02375)],[np.float64(-0.3275)],[1],[0],[0],[4.227439499998582],['text_3'],,,,,10,7,207,4,878.7785949999961,,,,,,,,878.7668672,878.7785949999961,878.7785949999961,878.7785949999961,0.0027435000010882504,882.9956698999958,pastry,[np.float64(0.02375)],[np.float64(-0.3275)],[1],[0],[0],[4.227439499998582],['text_3'],Participant 04 ,001,2025-10-17_22h50.59.153,Word Priming Experiment,,2025.1.1,118.77754153999338,2025-10-17 22h51.31.617811 +0530,
,208,8,10,,,c_s_io_,Cushion,new,cushion,"[np.float64(0.01875), np.float64(0.00375)]","[np.float64(-0.40875), np.float64(-0.32375)]","[1, 1]","[0, 0]","[0, 0]","[3.385195900002145, 4.544107000001532]","[None, 'text_3']",,,,,10,8,208,14,883.0257956999994,,,,,,,,883.0011302999992,883.0257956999994,883.0257956999994,883.0257956999994,0.004962799997883849,887.5480396999992,cushion,"[np.float64(0.01875), np.float64(0.00375)]","[np.float64(-0.40875), np.float64(-0.32375)]","[1, 1]","[0, 0]","[0, 0]","[3.385195900002145, 4.544107000001532]","[None, 'text_3']",Participant 04 ,001,2025-10-17_22h50.59.153,Word Priming Experiment,,2025.1.1,118.77754153999338,2025-10-17 22h51.31.617811 +0530,
,209,9,10,,,P_li_e,Police,old,police,[np.float64(0.00375)],[np.float64(-0.32375)],[1],[0],[0],[1.8408903000017744],['text_3'],,,,,10,9,209,7,887.5756849999962,,,,,,,,887.5528043999948,887.5756849999962,887.5756849999962,887.5756849999962,0.004262799993739463,889.3950315999973,police,[np.float64(0.00375)],[np.float64(-0.32375)],[1],[0],[0],[1.8408903000017744],['text_3'],Participant 04 ,001,2025-10-17_22h50.59.153,Word Priming Experiment,,2025.1.1,118.77754153999338,2025-10-17 22h51.31.617811 +0530,
,210,10,10,,,ta_l_,Table,new,tails,[np.float64(0.00375)],[np.float64(-0.32375)],[1],[0],[0],[2.113853499999095],['text_3'],,,,,10,10,210,15,889.4098744999937,,,,,,,,889.3974426999994,889.4098744999937,889.4098744999937,889.4098744999937,0.002291600001626648,891.5125312999953,tails,[np.float64(0.00375)],[np.float64(-0.32375)],[1],[0],[0],[2.113853499999095],['text_3'],Participant 04 ,001,2025-10-17_22h50.59.153,Word Priming Experiment,,2025.1.1,118.77754153999338,2025-10-17 22h51.31.617811 +0530,
,211,11,10,,,c_s_,Case,old,case,[np.float64(-0.00125)],[np.float64(-0.295)],[1],[0],[0],[1.5969152999969083],['text_3'],,,,,10,11,211,5,891.526500699998,,,,,,,,891.5149315999952,891.526500699998,891.526500699998,891.526500699998,0.0022771000003558584,893.1146396999975,case,[np.float64(-0.00125)],[np.float64(-0.295)],[1],[0],[0],[1.5969152999969083],['text_3'],Participant 04 ,001,2025-10-17_22h50.59.153,Word Priming Experiment,,2025.1.1,118.77754153999338,2025-10-17 22h51.31.617811 +0530,
,212,12,10,,,_oo_,Book,old,,[np.float64(-0.00125)],[np.float64(-0.295)],[1],[0],[0],[0.8240688999940176],['text_3'],,,,,10,12,212,13,893.1423211000001,,,,,,,,893.120313499996,893.1423211000001,893.1423211000001,893.1423211000001,0.005164400005014613,893.9460839999956,,[np.float64(-0.00125)],[np.float64(-0.295)],[1],[0],[0],[0.8240688999940176],['text_3'],Participant 04 ,001,2025-10-17_22h50.59.153,Word Priming Experiment,,2025.1.1,118.77754153999338,2025-10-17 22h51.31.617811 +0530,
,213,13,10,,,K_y_,Keys,old,keys,[np.float64(-0.00125)],[np.float64(-0.295)],[1],[0],[0],[6.064596200005326],['text_3'],,,,,10,13,213,8,893.9602951999987,,,,,,,,893.9482061999952,893.9602951999987,893.9602951999987,893.9602951999987,0.002011500000662636,900.0145432999998,keys,[np.float64(-0.00125)],[np.float64(-0.295)],[1],[0],[0],[6.064596200005326],['text_3'],Participant 04 ,001,2025-10-17_22h50.59.153,Word Priming Experiment,,2025.1.1,118.77754153999338,2025-10-17 22h51.31.617811 +0530,
,214,14,10,,,_ou_se,mouse,old,mouse,[np.float64(-0.00125)],[np.float64(-0.295)],[1],[0],[0],[3.1102797999992617],['text_3'],,,,,10,14,214,3,900.0419019999972,,,,,,,,900.0183111999941,900.0419019999972,900.0419019999972,900.0419019999972,0.003594000001612585,903.1300391999976,mouse,[np.float64(-0.00125)],[np.float64(-0.295)],[1],[0],[0],[3.1102797999992617],['text_3'],Participant 04 ,001,2025-10-17_22h50.59.153,Word Priming Experiment,,2025.1.1,118.77754153999338,2025-10-17 22h51.31.617811 +0530,
,215,15,10,,,_ha_t,Chart,old,chats,[np.float64(-0.00125)],[np.float64(-0.295)],[1],[0],[0],[4.111856399998942],['text_3'],,,,,10,15,215,1,903.1431559999983,,,,,,,,903.1325601999997,903.1431559999983,903.1431559999983,903.1431559999983,0.0023867999989306554,907.2467932999934,chats,[np.float64(-0.00125)],[np.float64(-0.295)],[1],[0],[0],[4.111856399998942],['text_3'],Participant 04 ,001,2025-10-17_22h50.59.153,Word Priming Experiment,,2025.1.1,118.77754153999338,2025-10-17 22h51.31.617811 +0530,
,216,16,10,,,p_nc_l,Pencil,new,,[np.float64(-0.00125)],[np.float64(-0.295)],[1],[0],[0],[0.8947565999988001],['text_3'],,,,,10,16,216,16,907.2604419999989,,,,,,,,907.249608399994,907.2604419999989,907.2604419999989,907.2604419999989,0.0026127000019187108,908.1454642999961,,[np.float64(-0.00125)],[np.float64(-0.295)],[1],[0],[0],[0.8947565999988001],['text_3'],Participant 04 ,001,2025-10-17_22h50.59.153,Word Priming Experiment,,2025.1.1,118.77754153999338,2025-10-17 22h51.31.617811 +0530,
,217,17,10,,,c_m_ra,Camera,new,pencil,[np.float64(-0.00125)],[np.float64(-0.295)],[1],[0],[0],[1.1812261000013677],['text_3'],,,,,10,17,217,19,908.1595940999978,,,,,,,,908.1476302999945,908.1595940999978,908.1595940999978,908.1595940999978,0.002072700001008343,909.3314641999968,pencil,[np.float64(-0.00125)],[np.float64(-0.295)],[1],[0],[0],[1.1812261000013677],['text_3'],Participant 04 ,001,2025-10-17_22h50.59.153,Word Priming Experiment,,2025.1.1,118.77754153999338,2025-10-17 22h51.31.617811 +0530,
,218,18,10,,,P_st_r,Poster,old,poster,[np.float64(-0.00125)],[np.float64(-0.295)],[1],[0],[0],[1.7585777999993297],['text_3'],,,,,10,18,218,9,909.3590657999957,,,,,,,,909.3370924999981,909.3590657999957,909.3590657999957,909.3590657999957,0.005407099997682963,911.098135799999,poster,[np.float64(-0.00125)],[np.float64(-0.295)],[1],[0],[0],[1.7585777999993297],['text_3'],Participant 04 ,001,2025-10-17_22h50.59.153,Word Priming Experiment,,2025.1.1,118.77754153999338,2025-10-17 22h51.31.617811 +0530,
,219,19,10,,,_a_bl_,Marble,old,table,[np.float64(-0.00125)],[np.float64(-0.295)],[1],[0],[0],[3.409023200001684],['text_3'],,,,,10,19,219,11,911.125723899997,,,,,,,,911.1031206999978,911.125723899997,911.125723899997,911.125723899997,0.00479599999380298,914.5157137999995,table,[np.float64(-0.00125)],[np.float64(-0.295)],[1],[0],[0],[3.409023200001684],['text_3'],Participant 04 ,001,2025-10-17_22h50.59.153,Word Priming Experiment,,2025.1.1,118.77754153999338,2025-10-17 22h51.31.617811 +0530,
,220,0,11,,,K_y_,Keys,old,keys,[np.float64(0.00125)],[np.float64(-0.295)],[1],[0],[0],[1.4972495999973034],['text_3'],,,,,11,0,220,8,914.5420524000001,,,,,,,,914.5225786999945,914.5420524000001,914.5420524000001,914.5420524000001,0.008215300003939774,916.0232193999982,keys,[np.float64(0.00125)],[np.float64(-0.295)],[1],[0],[0],[1.4972495999973034],['text_3'],Participant 04 ,001,2025-10-17_22h50.59.153,Word Priming Experiment,,2025.1.1,118.77754153999338,2025-10-17 22h51.31.617811 +0530,
,221,1,11,,,P_li_e,Police,old,police,[np.float64(0.00125)],[np.float64(-0.295)],[1],[0],[0],[2.1598300999976345],['text_3'],,,,,11,1,221,7,916.0506578999994,,,,,,,,916.0285473999975,916.0506578999994,916.0506578999994,916.0506578999994,0.0051658999946084805,918.1897280999983,police,[np.float64(0.00125)],[np.float64(-0.295)],[1],[0],[0],[2.1598300999976345],['text_3'],Participant 04 ,001,2025-10-17_22h50.59.153,Word Priming Experiment,,2025.1.1,118.77754153999338,2025-10-17 22h51.31.617811 +0530,
,222,2,11,,,p_nc_l,Pencil,new,pencil,[np.float64(0.00125)],[np.float64(-0.295)],[1],[0],[0],[2.1945383999991463],['text_3'],,,,,11,2,222,16,918.2170411999978,,,,,,,,918.1921247999999,918.2170411999978,918.2170411999978,918.2170411999978,0.0022801000013714656,920.3884747999982,pencil,[np.float64(0.00125)],[np.float64(-0.295)],[1],[0],[0],[2.1945383999991463],['text_3'],Participant 04 ,001,2025-10-17_22h50.59.153,Word Priming Experiment,,2025.1.1,118.77754153999338,2025-10-17 22h51.31.617811 +0530,
,223,3,11,,,c_s_io_,Cushion,new,cushion,[np.float64(0.00125)],[np.float64(-0.295)],[1],[0],[0],[1.9278629000036744],['text_3'],,,,,11,3,223,14,920.4174983999983,,,,,,,,920.3918981999959,920.4174983999983,920.4174983999983,920.4174983999983,0.0032561000043642707,922.3222090999989,cushion,[np.float64(0.00125)],[np.float64(-0.295)],[1],[0],[0],[1.9278629000036744],['text_3'],Participant 04 ,001,2025-10-17_22h50.59.153,Word Priming Experiment,,2025.1.1,118.77754153999338,2025-10-17 22h51.31.617811 +0530,
,224,4,11,,,_ou_se,mouse,old,mouse,[np.float64(0.00125)],[np.float64(-0.295)],[1],[0],[0],[1.5242265999986557],['text_3'],,,,,11,4,224,3,922.3504249999969,,,,,,,,922.3283074999999,922.3504249999969,922.3504249999969,922.3504249999969,0.005906700003833976,923.8541131999955,mouse,[np.float64(0.00125)],[np.float64(-0.295)],[1],[0],[0],[1.5242265999986557],['text_3'],Participant 04 ,001,2025-10-17_22h50.59.153,Word Priming Experiment,,2025.1.1,118.77754153999338,2025-10-17 22h51.31.617811 +0530,
,225,5,11,,,T_hi_t,Tshirt,old,tshirt,[np.float64(0.00125)],[np.float64(-0.295)],[1],[0],[0],[1.7116450000030454],['text_3'],,,,,11,5,225,2,923.8835378999938,,,,,,,,923.8576730999994,923.8835378999938,923.8835378999938,923.8835378999938,0.003439000000071246,925.5722433999981,tshirt,[np.float64(0.00125)],[np.float64(-0.295)],[1],[0],[0],[1.7116450000030454],['text_3'],Participant 04 ,001,2025-10-17_22h50.59.153,Word Priming Experiment,,2025.1.1,118.77754153999338,2025-10-17 22h51.31.617811 +0530,
,226,6,11,,,_ho_e,Phone,old,whore,[np.float64(0.00125)],[np.float64(-0.295)],[1],[0],[0],[1.5099069999996573],['text_3'],,,,,11,6,226,12,925.6003776999933,,,,,,,,925.5770929999999,925.6003776999933,925.6003776999933,925.6003776999933,0.004614800003764685,927.0896367999958,whore,[np.float64(0.00125)],[np.float64(-0.295)],[1],[0],[0],[1.5099069999996573],['text_3'],Participant 04 ,001,2025-10-17_22h50.59.153,Word Priming Experiment,,2025.1.1,118.77754153999338,2025-10-17 22h51.31.617811 +0530,
,227,7,11,,,_a_bl_,Marble,old,table,[np.float64(0.00125)],[np.float64(-0.295)],[1],[0],[0],[2.111733699995966],['text_3'],,,,,11,7,227,11,927.117218899999,,,,,,,,927.0925807999956,927.117218899999,927.117218899999,927.117218899999,0.0027883000002475455,929.2072154999987,table,[np.float64(0.00125)],[np.float64(-0.295)],[1],[0],[0],[2.111733699995966],['text_3'],Participant 04 ,001,2025-10-17_22h50.59.153,Word Priming Experiment,,2025.1.1,118.77754153999338,2025-10-17 22h51.31.617811 +0530,
,228,8,11,,,bo_t_e,Bottle,new,bottle,[np.float64(0.00125)],[np.float64(-0.295)],[1],[0],[0],[1.8285668999960762],['text_3'],,,,,11,8,228,18,929.2335490999976,,,,,,,,929.2116400999948,929.2335490999976,929.2335490999976,929.2335490999976,0.004240700000082143,931.0424891999937,bottle,[np.float64(0.00125)],[np.float64(-0.295)],[1],[0],[0],[1.8285668999960762],['text_3'],Participant 04 ,001,2025-10-17_22h50.59.153,Word Priming Experiment,,2025.1.1,118.77754153999338,2025-10-17 22h51.31.617811 +0530,
,229,9,11,,,_ha_t,Chart,old,chat,[np.float64(0.00125)],[np.float64(-0.3275)],[1],[0],[0],[2.351261499999964],['text_3'],,,,,11,9,229,1,931.0669124999986,,,,,,,,931.0465079999994,931.0669124999986,931.0669124999986,931.0669124999986,0.0038333999982569367,933.4003709999961,chat,[np.float64(0.00125)],[np.float64(-0.3275)],[1],[0],[0],[2.351261499999964],['text_3'],Participant 04 ,001,2025-10-17_22h50.59.153,Word Priming Experiment,,2025.1.1,118.77754153999338,2025-10-17 22h51.31.617811 +0530,
,230,10,11,,,P_st_r,Poster,old,poster,[np.float64(0.00125)],[np.float64(-0.3275)],[1],[0],[0],[1.6565623999995296],['text_3'],,,,,11,10,230,9,933.4260861000002,,,,,,,,933.4047260999941,933.4260861000002,933.4260861000002,933.4260861000002,0.004172300003119744,935.0642268999945,poster,[np.float64(0.00125)],[np.float64(-0.3275)],[1],[0],[0],[1.6565623999995296],['text_3'],Participant 04 ,001,2025-10-17_22h50.59.153,Word Priming Experiment,,2025.1.1,118.77754153999338,2025-10-17 22h51.31.617811 +0530,
,231,11,11,,,_oo_,Book,old,book,[np.float64(0.00125)],[np.float64(-0.3275)],[1],[0],[0],[2.608201499999268],['text_3'],,,,,11,11,231,13,935.0920045999956,,,,,,,,935.0694661999951,935.0920045999956,935.0920045999956,935.0920045999956,0.0049692999964463525,937.6790466999955,book,[np.float64(0.00125)],[np.float64(-0.3275)],[1],[0],[0],[2.608201499999268],['text_3'],Participant 04 ,001,2025-10-17_22h50.59.153,Word Priming Experiment,,2025.1.1,118.77754153999338,2025-10-17 22h51.31.617811 +0530,
,232,12,11,,,_o_rd,Board,old,lord,[np.float64(0.00125)],[np.float64(-0.3275)],[1],[0],[0],[1.613451500001247],['text_3'],,,,,11,12,232,10,937.6931836000003,,,,,,,,937.6811772999936,937.6931836000003,937.6931836000003,937.6931836000003,0.0020186999972793274,939.2974580999944,lord,[np.float64(0.00125)],[np.float64(-0.3275)],[1],[0],[0],[1.613451500001247],['text_3'],Participant 04 ,001,2025-10-17_22h50.59.153,Word Priming Experiment,,2025.1.1,118.77754153999338,2025-10-17 22h51.31.617811 +0530,
,233,13,11,,,ta_l_,Table,new,table,[np.float64(0.00125)],[np.float64(-0.3275)],[1],[0],[0],[2.3907384000049205],['text_3'],,,,,11,13,233,15,939.3252246999982,,,,,,,,939.3028407999955,939.3252246999982,939.3252246999982,939.3252246999982,0.005145600000105333,941.6954602999976,table,[np.float64(0.00125)],[np.float64(-0.3275)],[1],[0],[0],[2.3907384000049205],['text_3'],Participant 04 ,001,2025-10-17_22h50.59.153,Word Priming Experiment,,2025.1.1,118.77754153999338,2025-10-17 22h51.31.617811 +0530,
,234,14,11,,,_ru_is_,Cruise,old,cruise,[np.float64(0.00125)],[np.float64(-0.3275)],[1],[0],[0],[1.7795446999953128],['text_3'],,,,,11,14,234,6,941.7250951999958,,,,,,,,941.7001937999958,941.7250951999958,941.7250951999958,941.7250951999958,0.004513700005190913,943.4835074000002,cruise,[np.float64(0.00125)],[np.float64(-0.3275)],[1],[0],[0],[1.7795446999953128],['text_3'],Participant 04 ,001,2025-10-17_22h50.59.153,Word Priming Experiment,,2025.1.1,118.77754153999338,2025-10-17 22h51.31.617811 +0530,
,235,15,11,,,l_pt_p,Laptop,old,laptop,[np.float64(0.00125)],[np.float64(-0.3275)],[1],[0],[0],[1.9398739999960526],['text_3'],,,,,11,15,235,0,943.5084022999945,,,,,,,,943.4887629000004,943.5084022999945,943.5084022999945,943.5084022999945,0.00500820000161184,945.4321828999964,laptop,[np.float64(0.00125)],[np.float64(-0.3275)],[1],[0],[0],[1.9398739999960526],['text_3'],Participant 04 ,001,2025-10-17_22h50.59.153,Word Priming Experiment,,2025.1.1,118.77754153999338,2025-10-17 22h51.31.617811 +0530,
,236,16,11,,,v_s_,Vase,new,vase,[np.float64(0.00125)],[np.float64(-0.3275)],[1],[0],[0],[2.22416460000386],['text_3'],,,,,11,16,236,17,945.4593012999976,,,,,,,,945.4371002999978,945.4593012999976,945.4593012999976,945.4593012999976,0.00467449999996461,947.6643410999968,vase,[np.float64(0.00125)],[np.float64(-0.3275)],[1],[0],[0],[2.22416460000386],['text_3'],Participant 04 ,001,2025-10-17_22h50.59.153,Word Priming Experiment,,2025.1.1,118.77754153999338,2025-10-17 22h51.31.617811 +0530,
,237,17,11,,,c_s_,Case,old,case,[np.float64(0.00125)],[np.float64(-0.3275)],[1],[0],[0],[1.8762808999963454],['text_3'],,,,,11,17,237,5,947.692009499995,,,,,,,,947.6691829999982,947.692009499995,947.692009499995,947.692009499995,0.00457960000494495,949.5488779999941,case,[np.float64(0.00125)],[np.float64(-0.3275)],[1],[0],[0],[1.8762808999963454],['text_3'],Participant 04 ,001,2025-10-17_22h50.59.153,Word Priming Experiment,,2025.1.1,118.77754153999338,2025-10-17 22h51.31.617811 +0530,
,238,18,11,,,c_m_ra,Camera,new,camera,[np.float64(0.00125)],[np.float64(-0.3275)],[1],[0],[0],[1.7580768000043463],['text_3'],,,,,11,18,238,19,949.5748387999993,,,,,,,,949.5535404999973,949.5748387999993,949.5748387999993,949.5748387999993,0.0041085000048042275,951.3131590999983,camera,[np.float64(0.00125)],[np.float64(-0.3275)],[1],[0],[0],[1.7580768000043463],['text_3'],Participant 04 ,001,2025-10-17_22h50.59.153,Word Priming Experiment,,2025.1.1,118.77754153999338,2025-10-17 22h51.31.617811 +0530,
,239,19,11,,,P_as_tr_,Pastry,old,pastry,[np.float64(0.00125)],[np.float64(-0.3275)],[1],[0],[0],[2.4448826000007102],['text_3'],,,,,11,19,239,4,951.3261270999938,,,,,,,,951.3157718000002,951.3261270999938,951.3261270999938,951.3261270999938,0.002473900000040885,953.7620870999963,pastry,[np.float64(0.00125)],[np.float64(-0.3275)],[1],[0],[0],[2.4448826000007102],['text_3'],Participant 04 ,001,2025-10-17_22h50.59.153,Word Priming Experiment,,2025.1.1,118.77754153999338,2025-10-17 22h51.31.617811 +0530,
,240,0,12,,,_a_bl_,Marble,old,table,[np.float64(0.00125)],[np.float64(-0.3275)],[1],[0],[0],[1.796178399999917],['text_3'],,,,,12,0,240,11,953.7763873000004,,,,,,,,953.7646820999944,953.7763873000004,953.7763873000004,953.7763873000004,0.002466800004185643,955.5639115999948,table,[np.float64(0.00125)],[np.float64(-0.3275)],[1],[0],[0],[1.796178399999917],['text_3'],Participant 04 ,001,2025-10-17_22h50.59.153,Word Priming Experiment,,2025.1.1,118.77754153999338,2025-10-17 22h51.31.617811 +0530,
,241,1,12,,,P_li_e,Police,old,police,[np.float64(0.00125)],[np.float64(-0.3275)],[1],[0],[0],[1.9074229999969248],['text_3'],,,,,12,1,241,7,955.5923765999978,,,,,,,,955.5696099999986,955.5923765999978,955.5923765999978,955.5923765999978,0.005438699998194352,957.4788981999955,police,[np.float64(0.00125)],[np.float64(-0.3275)],[1],[0],[0],[1.9074229999969248],['text_3'],Participant 04 ,001,2025-10-17_22h50.59.153,Word Priming Experiment,,2025.1.1,118.77754153999338,2025-10-17 22h51.31.617811 +0530,
,242,2,12,,,_oo_,Book,old,book,[np.float64(0.00125)],[np.float64(-0.3275)],[1],[0],[0],[1.6109872000015457],['text_3'],,,,,12,2,242,13,957.5084031999941,,,,,,,,957.4825834999938,957.5084031999941,957.5084031999941,957.5084031999941,0.003521400001773145,959.0959375999955,book,[np.float64(0.00125)],[np.float64(-0.3275)],[1],[0],[0],[1.6109872000015457],['text_3'],Participant 04 ,001,2025-10-17_22h50.59.153,Word Priming Experiment,,2025.1.1,118.77754153999338,2025-10-17 22h51.31.617811 +0530,
,243,3,12,,,K_y_,Keys,old,keys,[np.float64(0.00125)],[np.float64(-0.3275)],[1],[0],[0],[1.9100227000017185],['text_3'],,,,,12,3,243,8,959.1251454999947,,,,,,,,959.1012757999997,959.1251454999947,959.1251454999947,959.1251454999947,0.005114200001116842,961.0148230999985,keys,[np.float64(0.00125)],[np.float64(-0.3275)],[1],[0],[0],[1.9100227000017185],['text_3'],Participant 04 ,001,2025-10-17_22h50.59.153,Word Priming Experiment,,2025.1.1,118.77754153999338,2025-10-17 22h51.31.617811 +0530,
,244,4,12,,,_ha_t,Chart,old,chat,[np.float64(0.00125)],[np.float64(-0.3275)],[1],[0],[0],[2.1381607000002987],['text_3'],,,,,12,4,244,1,961.0417017,,,,,,,,961.0218215999994,961.0417017,961.0417017,961.0417017,0.0060498999955598265,963.1623726999969,chat,[np.float64(0.00125)],[np.float64(-0.3275)],[1],[0],[0],[2.1381607000002987],['text_3'],Participant 04 ,001,2025-10-17_22h50.59.153,Word Priming Experiment,,2025.1.1,118.77754153999338,2025-10-17 22h51.31.617811 +0530,
,245,5,12,,,l_pt_p,Laptop,old,laptop,[np.float64(0.00125)],[np.float64(-0.3275)],[1],[0],[0],[1.7629274999999325],['text_3'],,,,,12,5,245,0,963.1914913999935,,,,,,,,963.165972099996,963.1914913999935,963.1914913999935,963.1914913999935,0.0034230000019306317,964.931356699999,laptop,[np.float64(0.00125)],[np.float64(-0.3275)],[1],[0],[0],[1.7629274999999325],['text_3'],Participant 04 ,001,2025-10-17_22h50.59.153,Word Priming Experiment,,2025.1.1,118.77754153999338,2025-10-17 22h51.31.617811 +0530,
,246,6,12,,,_ho_e,Phone,old,whore,[np.float64(0.00125)],[np.float64(-0.3275)],[1],[0],[0],[1.4921576999986428],['text_3'],,,,,12,6,246,12,964.9580884999959,,,,,,,,964.9349566999954,964.9580884999959,964.9580884999959,964.9580884999959,0.0034259000021847896,966.4291879999946,whore,[np.float64(0.00125)],[np.float64(-0.3275)],[1],[0],[0],[1.4921576999986428],['text_3'],Participant 04 ,001,2025-10-17_22h50.59.153,Word Priming Experiment,,2025.1.1,118.77754153999338,2025-10-17 22h51.31.617811 +0530,
,247,7,12,,,c_s_io_,Cushion,new,cushion,"[np.float64(0.00125), np.float64(0.00125), np.float64(0.00125), np.float64(-0.02125)]","[np.float64(-0.33875), np.float64(-0.33875), np.float64(-0.33875), np.float64(-0.32625)]","[1, 1, 1, 1]","[0, 0, 0, 0]","[0, 0, 0, 0]","[3.9343746000013198, 5.2662404000002425, 5.800247099999979, 7.424770099998568]","[None, None, None, 'text_3']",,,,,12,7,247,14,966.4581349,,,,,,,,966.4348991999941,966.4581349,966.4581349,966.4581349,0.0054872000036993995,973.8612298999942,cushion,"[np.float64(0.00125), np.float64(0.00125), np.float64(0.00125), np.float64(-0.02125)]","[np.float64(-0.33875), np.float64(-0.33875), np.float64(-0.33875), np.float64(-0.32625)]","[1, 1, 1, 1]","[0, 0, 0, 0]","[0, 0, 0, 0]","[3.9343746000013198, 5.2662404000002425, 5.800247099999979, 7.424770099998568]","[None, None, None, 'text_3']",Participant 04 ,001,2025-10-17_22h50.59.153,Word Priming Experiment,,2025.1.1,118.77754153999338,2025-10-17 22h51.31.617811 +0530,
,248,8,12,,,_ru_is_,Cruise,old,cruise,[np.float64(-0.02125)],[np.float64(-0.32625)],[1],[0],[0],[3.5466516000014963],['text_3'],,,,,12,8,248,6,973.875610199997,,,,,,,,973.8637237000003,973.875610199997,973.875610199997,973.875610199997,0.0023245999982464127,977.4133234999972,cruise,[np.float64(-0.02125)],[np.float64(-0.32625)],[1],[0],[0],[3.5466516000014963],['text_3'],Participant 04 ,001,2025-10-17_22h50.59.153,Word Priming Experiment,,2025.1.1,118.77754153999338,2025-10-17 22h51.31.617811 +0530,
,249,9,12,,,c_s_,Case,old,case,[np.float64(-0.02125)],[np.float64(-0.32625)],[1],[0],[0],[1.5761092000029748],['text_3'],,,,,12,9,249,5,977.4413968999943,,,,,,,,977.4178979999997,977.4413968999943,977.4413968999943,977.4413968999943,0.004386199994769413,978.9959738999969,case,[np.float64(-0.02125)],[np.float64(-0.32625)],[1],[0],[0],[1.5761092000029748],['text_3'],Participant 04 ,001,2025-10-17_22h50.59.153,Word Priming Experiment,,2025.1.1,118.77754153999338,2025-10-17 22h51.31.617811 +0530,
,250,10,12,,,ta_l_,Table,new,tails,[np.float64(-0.02125)],[np.float64(-0.32625)],[1],[0],[0],[1.7450563000020338],['text_3'],,,,,12,10,250,15,979.024806399997,,,,,,,,978.9986026999977,979.024806399997,979.024806399997,979.024806399997,0.002499599999282509,980.7457754999996,tails,[np.float64(-0.02125)],[np.float64(-0.32625)],[1],[0],[0],[1.7450563000020338],['text_3'],Participant 04 ,001,2025-10-17_22h50.59.153,Word Priming Experiment,,2025.1.1,118.77754153999338,2025-10-17 22h51.31.617811 +0530,
,251,11,12,,,p_nc_l,Pencil,new,pencil,[np.float64(-0.02125)],[np.float64(-0.32625)],[1],[0],[0],[1.7949735000001965],['text_3'],,,,,12,11,251,16,980.774642599994,,,,,,,,980.7494721999974,980.774642599994,980.774642599994,980.774642599994,0.003522400002111681,982.5486292999994,pencil,[np.float64(-0.02125)],[np.float64(-0.32625)],[1],[0],[0],[1.7949735000001965],['text_3'],Participant 04 ,001,2025-10-17_22h50.59.153,Word Priming Experiment,,2025.1.1,118.77754153999338,2025-10-17 22h51.31.617811 +0530,
,252,12,12,,,P_st_r,Poster,old,poster,[np.float64(-0.02125)],[np.float64(-0.32625)],[1],[0],[0],[1.8060930999999982],['text_3'],,,,,12,12,252,9,982.5747787,,,,,,,,982.5546000999966,982.5747787,982.5747787,982.5747787,0.005666800003382377,984.3625044999935,poster,[np.float64(-0.02125)],[np.float64(-0.32625)],[1],[0],[0],[1.8060930999999982],['text_3'],Participant 04 ,001,2025-10-17_22h50.59.153,Word Priming Experiment,,2025.1.1,118.77754153999338,2025-10-17 22h51.31.617811 +0530,
,253,13,12,,,P_as_tr_,Pastry,old,pastry,[np.float64(-0.02125)],[np.float64(-0.32625)],[1],[0],[0],[1.7298165000029257],['text_3'],,,,,12,13,253,4,984.3758506999948,,,,,,,,984.3653739999936,984.3758506999948,984.3758506999948,984.3758506999948,0.0025894000063999556,986.096478899999,pastry,[np.float64(-0.02125)],[np.float64(-0.32625)],[1],[0],[0],[1.7298165000029257],['text_3'],Participant 04 ,001,2025-10-17_22h50.59.153,Word Priming Experiment,,2025.1.1,118.77754153999338,2025-10-17 22h51.31.617811 +0530,
,254,14,12,,,v_s_,Vase,new,vase,"[np.float64(0.03), np.float64(0.03), np.float64(0.05), np.float64(0.0225)]","[np.float64(-0.22), np.float64(-0.22), np.float64(-0.2675), np.float64(-0.32)]","[1, 1, 1, 1]","[0, 0, 0, 0]","[0, 0, 0, 0]","[1.9608277000006638, 3.779529500003264, 4.353399400002672, 5.363276500000211]","[None, None, None, 'text_3']",,,,,12,14,254,17,986.1099734999952,,,,,,,,986.0986654999942,986.1099734999952,986.1099734999952,986.1099734999952,0.002086699998471886,991.4652515999987,vase,"[np.float64(0.03), np.float64(0.03), np.float64(0.05), np.float64(0.0225)]","[np.float64(-0.22), np.float64(-0.22), np.float64(-0.2675), np.float64(-0.32)]","[1, 1, 1, 1]","[0, 0, 0, 0]","[0, 0, 0, 0]","[1.9608277000006638, 3.779529500003264, 4.353399400002672, 5.363276500000211]","[None, None, None, 'text_3']",Participant 04 ,001,2025-10-17_22h50.59.153,Word Priming Experiment,,2025.1.1,118.77754153999338,2025-10-17 22h51.31.617811 +0530,
,255,15,12,,,_ou_se,mouse,old,mouse,[np.float64(0.0225)],[np.float64(-0.32)],[1],[0],[0],[2.040653800002474],['text_3'],,,,,12,15,255,3,991.4912373999978,,,,,,,,991.4702490999989,991.4912373999978,991.4912373999978,991.4912373999978,0.004665599997679237,993.5124066999997,mouse,[np.float64(0.0225)],[np.float64(-0.32)],[1],[0],[0],[2.040653800002474],['text_3'],Participant 04 ,001,2025-10-17_22h50.59.153,Word Priming Experiment,,2025.1.1,118.77754153999338,2025-10-17 22h51.31.617811 +0530,
,256,16,12,,,c_m_ra,Camera,new,camera,[np.float64(0.0225)],[np.float64(-0.32)],[1],[0],[0],[4.11231659999612],['text_3'],,,,,12,16,256,19,993.5413677999968,,,,,,,,993.5154811999964,993.5413677999968,993.5413677999968,993.5413677999968,0.0029423000014503486,997.6298391999953,camera,[np.float64(0.0225)],[np.float64(-0.32)],[1],[0],[0],[4.11231659999612],['text_3'],Participant 04 ,001,2025-10-17_22h50.59.153,Word Priming Experiment,,2025.1.1,118.77754153999338,2025-10-17 22h51.31.617811 +0530,
,257,17,12,,,bo_t_e,Bottle,new,bottle,[np.float64(0.0225)],[np.float64(-0.32)],[1],[0],[0],[2.576380499995139],['text_3'],,,,,12,17,257,18,997.6576084999979,,,,,,,,997.6338697999963,997.6576084999979,997.6576084999979,997.6576084999979,0.0038713000030838884,1000.2128202999957,bottle,[np.float64(0.0225)],[np.float64(-0.32)],[1],[0],[0],[2.576380499995139],['text_3'],Participant 04 ,001,2025-10-17_22h50.59.153,Word Priming Experiment,,2025.1.1,118.77754153999338,2025-10-17 22h51.31.617811 +0530,
,258,18,12,,,_o_rd,Board,old,lord,[np.float64(0.0225)],[np.float64(-0.32)],[1],[0],[0],[2.3116107000023476],['text_3'],,,,,12,18,258,10,1000.225349399996,,,,,,,,1000.2153303999949,1000.225349399996,1000.225349399996,1000.225349399996,0.0023731000037514605,1002.5285634999964,lord,[np.float64(0.0225)],[np.float64(-0.32)],[1],[0],[0],[2.3116107000023476],['text_3'],Participant 04 ,001,2025-10-17_22h50.59.153,Word Priming Experiment,,2025.1.1,118.77754153999338,2025-10-17 22h51.31.617811 +0530,
,259,19,12,,,T_hi_t,Tshirt,old,tshirt,[np.float64(0.0225)],[np.float64(-0.32)],[1],[0],[0],[2.112255100000766],['text_3'],,,,,12,19,259,2,1002.5576289999954,,,,,,,,1002.5318064999956,1002.5576289999954,1002.5576289999954,1002.5576289999954,0.003104499999608379,1004.6474477999946,tshirt,[np.float64(0.0225)],[np.float64(-0.32)],[1],[0],[0],[2.112255100000766],['text_3'],Participant 04 ,001,2025-10-17_22h50.59.153,Word Priming Experiment,,2025.1.1,118.77754153999338,2025-10-17 22h51.31.617811 +0530,
,260,0,13,,,l_pt_p,Laptop,old,laptop,[np.float64(0.0225)],[np.float64(-0.32)],[1],[0],[0],[3.6232849000007263],['text_3'],,,,,13,0,260,0,1004.6746048999994,,,,,,,,1004.6532082999984,1004.6746048999994,1004.6746048999994,1004.6746048999994,0.005498899998201523,1008.2783853000001,laptop,[np.float64(0.0225)],[np.float64(-0.32)],[1],[0],[0],[3.6232849000007263],['text_3'],Participant 04 ,001,2025-10-17_22h50.59.153,Word Priming Experiment,,2025.1.1,118.77754153999338,2025-10-17 22h51.31.617811 +0530,
,261,1,13,,,P_li_e,Police,old,police,[np.float64(0.0225)],[np.float64(-0.32)],[1],[0],[0],[2.363119800000277],['text_3'],,,,,13,1,261,7,1008.2932686999993,,,,,,,,1008.2809089999937,1008.2932686999993,1008.2932686999993,1008.2932686999993,0.002404699996986892,1010.646640299994,police,[np.float64(0.0225)],[np.float64(-0.32)],[1],[0],[0],[2.363119800000277],['text_3'],Participant 04 ,001,2025-10-17_22h50.59.153,Word Priming Experiment,,2025.1.1,118.77754153999338,2025-10-17 22h51.31.617811 +0530,
,262,2,13,,,_oo_,Book,old,book,[np.float64(0.0225)],[np.float64(-0.32)],[1],[0],[0],[4.007652300002519],['text_3'],,,,,13,2,262,13,1010.6745203999963,,,,,,,,1010.6520246,1010.6745203999963,1010.6745203999963,1010.6745203999963,0.005134900005941745,1014.6630248999936,book,[np.float64(0.0225)],[np.float64(-0.32)],[1],[0],[0],[4.007652300002519],['text_3'],Participant 04 ,001,2025-10-17_22h50.59.153,Word Priming Experiment,,2025.1.1,118.77754153999338,2025-10-17 22h51.31.617811 +0530,
,263,3,13,,,P_as_tr_,Pastry,old,pastry,[np.float64(0.0225)],[np.float64(-0.32)],[1],[0],[0],[2.0745237000010093],['text_3'],,,,,13,3,263,4,1014.6912128999975,,,,,,,,1014.6688251999949,1014.6912128999975,1014.6912128999975,1014.6912128999975,0.005520899998373352,1016.7467092999941,pastry,[np.float64(0.0225)],[np.float64(-0.32)],[1],[0],[0],[2.0745237000010093],['text_3'],Participant 04 ,001,2025-10-17_22h50.59.153,Word Priming Experiment,,2025.1.1,118.77754153999338,2025-10-17 22h51.31.617811 +0530,
,264,4,13,,,K_y_,Keys,old,keys,[np.float64(0.0225)],[np.float64(-0.32)],[1],[0],[0],[1.4931133999998565],['text_3'],,,,,13,4,264,8,1016.7746629999965,,,,,,,,1016.751912599997,1016.7746629999965,1016.7746629999965,1016.7746629999965,0.005000900004233699,1018.2472987999936,keys,[np.float64(0.0225)],[np.float64(-0.32)],[1],[0],[0],[1.4931133999998565],['text_3'],Participant 04 ,001,2025-10-17_22h50.59.153,Word Priming Experiment,,2025.1.1,118.77754153999338,2025-10-17 22h51.31.617811 +0530,
,265,5,13,,,v_s_,Vase,new,vase,[np.float64(0.0225)],[np.float64(-0.32)],[1],[0],[0],[2.8933795999982976],['text_3'],,,,,13,5,265,17,1018.2748272999961,,,,,,,,1018.2510039999979,1018.2748272999961,1018.2748272999961,1018.2748272999961,0.003541999998560641,1021.1495983999994,vase,[np.float64(0.0225)],[np.float64(-0.32)],[1],[0],[0],[2.8933795999982976],['text_3'],Participant 04 ,001,2025-10-17_22h50.59.153,Word Priming Experiment,,2025.1.1,118.77754153999338,2025-10-17 22h51.31.617811 +0530,
,266,6,13,,,_ru_is_,Cruise,old,,[np.float64(0.0225)],[np.float64(-0.32)],[1],[0],[0],[0.8031104000037885],['text_3'],,,,,13,6,266,6,1021.1743795999937,,,,,,,,1021.1567443999957,1021.1743795999937,1021.1743795999937,1021.1743795999937,0.006884199996420648,1021.9634047999934,,[np.float64(0.0225)],[np.float64(-0.32)],[1],[0],[0],[0.8031104000037885],['text_3'],Participant 04 ,001,2025-10-17_22h50.59.153,Word Priming Experiment,,2025.1.1,118.77754153999338,2025-10-17 22h51.31.617811 +0530,
,267,7,13,,,_a_bl_,Marble,old,cruise,[np.float64(0.0225)],[np.float64(-0.32)],[1],[0],[0],[0.9569848999963142],['text_3'],,,,,13,7,267,11,1021.9913777999973,,,,,,,,1021.9693329000002,1021.9913777999973,1021.9913777999973,1021.9913777999973,0.005696400003216695,1022.9303144000005,cruise,[np.float64(0.0225)],[np.float64(-0.32)],[1],[0],[0],[0.9569848999963142],['text_3'],Participant 04 ,001,2025-10-17_22h50.59.153,Word Priming Experiment,,2025.1.1,118.77754153999338,2025-10-17 22h51.31.617811 +0530,
,268,8,13,,,c_s_io_,Cushion,new,cushion,[np.float64(0.0225)],[np.float64(-0.32)],[1],[0],[0],[3.791796900004556],['text_3'],,,,,13,8,268,14,1022.9577864999956,,,,,,,,1022.9357719999971,1022.9577864999956,1022.9577864999956,1022.9577864999956,0.004895900005067233,1026.7299660999997,cushion,[np.float64(0.0225)],[np.float64(-0.32)],[1],[0],[0],[3.791796900004556],['text_3'],Participant 04 ,001,2025-10-17_22h50.59.153,Word Priming Experiment,,2025.1.1,118.77754153999338,2025-10-17 22h51.31.617811 +0530,
,269,9,13,,,ta_l_,Table,new,tails,[np.float64(0.0225)],[np.float64(-0.32)],[1],[0],[0],[1.758066599999438],['text_3'],,,,,13,9,269,15,1026.7576038999978,,,,,,,,1026.7335323999941,1026.7576038999978,1026.7576038999978,1026.7576038999978,0.0034101999990525655,1028.4929799999954,tails,[np.float64(0.0225)],[np.float64(-0.32)],[1],[0],[0],[1.758066599999438],['text_3'],Participant 04 ,001,2025-10-17_22h50.59.153,Word Priming Experiment,,2025.1.1,118.77754153999338,2025-10-17 22h51.31.617811 +0530,
,270,10,13,,,P_st_r,Poster,old,poster,[np.float64(0.0225)],[np.float64(-0.32)],[1],[0],[0],[2.7978593000007095],['text_3'],,,,,13,10,270,9,1028.5089306999944,,,,,,,,1028.4953188999934,1028.5089306999944,1028.5089306999944,1028.5089306999944,0.0022409000011975877,1031.2965704999951,poster,[np.float64(0.0225)],[np.float64(-0.32)],[1],[0],[0],[2.7978593000007095],['text_3'],Participant 04 ,001,2025-10-17_22h50.59.153,Word Priming Experiment,,2025.1.1,118.77754153999338,2025-10-17 22h51.31.617811 +0530,
,271,11,13,,,bo_t_e,Bottle,new,bottle,[np.float64(0.0225)],[np.float64(-0.32)],[1],[0],[0],[2.6422415999986697],['text_3'],,,,,13,11,271,18,1031.3243818999981,,,,,,,,1031.302393799997,1031.3243818999981,1031.3243818999981,1031.3243818999981,0.005574700000579469,1033.9471191999983,bottle,[np.float64(0.0225)],[np.float64(-0.32)],[1],[0],[0],[2.6422415999986697],['text_3'],Participant 04 ,001,2025-10-17_22h50.59.153,Word Priming Experiment,,2025.1.1,118.77754153999338,2025-10-17 22h51.31.617811 +0530,
,272,12,13,,,T_hi_t,Tshirt,old,tshirt,[np.float64(0.0225)],[np.float64(-0.32)],[1],[0],[0],[1.7613996999934898],['text_3'],,,,,13,12,272,2,1033.974591099999,,,,,,,,1033.9493709999952,1033.974591099999,1033.974591099999,1033.974591099999,0.0021363999985624105,1035.7140258999934,tshirt,[np.float64(0.0225)],[np.float64(-0.32)],[1],[0],[0],[1.7613996999934898],['text_3'],Participant 04 ,001,2025-10-17_22h50.59.153,Word Priming Experiment,,2025.1.1,118.77754153999338,2025-10-17 22h51.31.617811 +0530,
,273,13,13,,,c_m_ra,Camera,new,camera,[np.float64(0.0225)],[np.float64(-0.32)],[1],[0],[0],[1.8409596999990754],['text_3'],,,,,13,13,273,19,1035.7417403,,,,,,,,1035.7195339999962,1035.7417403,1035.7417403,1035.7417403,0.005272200003673788,1037.5638876999947,camera,[np.float64(0.0225)],[np.float64(-0.32)],[1],[0],[0],[1.8409596999990754],['text_3'],Participant 04 ,001,2025-10-17_22h50.59.153,Word Priming Experiment,,2025.1.1,118.77754153999338,2025-10-17 22h51.31.617811 +0530,
,274,14,13,,,_ou_se,mouse,old,mouse,[np.float64(0.0225)],[np.float64(-0.32)],[1],[0],[0],[1.5897721000001184],['text_3'],,,,,13,14,274,3,1037.590658699999,,,,,,,,1037.5700703999973,1037.590658699999,1037.590658699999,1037.590658699999,0.005599299998721108,1039.1618216999996,mouse,[np.float64(0.0225)],[np.float64(-0.32)],[1],[0],[0],[1.5897721000001184],['text_3'],Participant 04 ,001,2025-10-17_22h50.59.153,Word Priming Experiment,,2025.1.1,118.77754153999338,2025-10-17 22h51.31.617811 +0530,
,275,15,13,,,_o_rd,Board,old,lord,[np.float64(0.0225)],[np.float64(-0.32)],[1],[0],[0],[1.4944484000006923],['text_3'],,,,,13,15,275,10,1039.1915064999994,,,,,,,,1039.1655935999952,1039.1915064999994,1039.1915064999994,1039.1915064999994,0.003606899997976143,1040.6617198999957,lord,[np.float64(0.0225)],[np.float64(-0.32)],[1],[0],[0],[1.4944484000006923],['text_3'],Participant 04 ,001,2025-10-17_22h50.59.153,Word Priming Experiment,,2025.1.1,118.77754153999338,2025-10-17 22h51.31.617811 +0530,
,276,16,13,,,_ha_t,Chart,old,chat,[np.float64(0.0225)],[np.float64(-0.32)],[1],[0],[0],[2.8635358000028646],['text_3'],,,,,13,16,276,1,1040.6776165999981,,,,,,,,1040.6643322999953,1040.6776165999981,1040.6776165999981,1040.6776165999981,0.0024817000012262724,1043.5300885999968,chat,[np.float64(0.0225)],[np.float64(-0.32)],[1],[0],[0],[2.8635358000028646],['text_3'],Participant 04 ,001,2025-10-17_22h50.59.153,Word Priming Experiment,,2025.1.1,118.77754153999338,2025-10-17 22h51.31.617811 +0530,
,277,17,13,,,c_s_,Case,old,case,[np.float64(0.0225)],[np.float64(-0.32)],[1],[0],[0],[1.5260908999989624],['text_3'],,,,,13,17,277,5,1043.5576526000004,,,,,,,,1043.5340652999948,1043.5576526000004,1043.5576526000004,1043.5576526000004,0.0038207000034162775,1045.0627802999952,case,[np.float64(0.0225)],[np.float64(-0.32)],[1],[0],[0],[1.5260908999989624],['text_3'],Participant 04 ,001,2025-10-17_22h50.59.153,Word Priming Experiment,,2025.1.1,118.77754153999338,2025-10-17 22h51.31.617811 +0530,
,278,18,13,,,_ho_e,Phone,old,whore,[np.float64(0.0225)],[np.float64(-0.32)],[1],[0],[0],[1.411911000002874],['text_3'],,,,,13,18,278,12,1045.091766999998,,,,,,,,1045.0653442999974,1045.091766999998,1045.091766999998,1045.091766999998,0.0021850999983143993,1046.4790757999945,whore,[np.float64(0.0225)],[np.float64(-0.32)],[1],[0],[0],[1.411911000002874],['text_3'],Participant 04 ,001,2025-10-17_22h50.59.153,Word Priming Experiment,,2025.1.1,118.77754153999338,2025-10-17 22h51.31.617811 +0530,
,279,19,13,,,p_nc_l,Pencil,new,pencil,[np.float64(0.0225)],[np.float64(-0.32)],[1],[0],[0],[2.161964300001273],['text_3'],,,,,13,19,279,16,1046.5075037999995,,,,,,,,1046.4826284999945,1046.5075037999995,1046.5075037999995,1046.5075037999995,0.0034358999982941896,1048.648411299997,pencil,[np.float64(0.0225)],[np.float64(-0.32)],[1],[0],[0],[2.161964300001273],['text_3'],Participant 04 ,001,2025-10-17_22h50.59.153,Word Priming Experiment,,2025.1.1,118.77754153999338,2025-10-17 22h51.31.617811 +0530,
,280,0,14,,,c_s_,Case,old,case,[np.float64(0.0225)],[np.float64(-0.32)],[1],[0],[0],[1.540007700001297],['text_3'],,,,,14,0,280,5,1048.6741681999993,,,,,,,,1048.6538192999942,1048.6741681999993,1048.6741681999993,1048.6741681999993,0.005158400002983399,1050.1972786999977,case,[np.float64(0.0225)],[np.float64(-0.32)],[1],[0],[0],[1.540007700001297],['text_3'],Participant 04 ,001,2025-10-17_22h50.59.153,Word Priming Experiment,,2025.1.1,118.77754153999338,2025-10-17 22h51.31.617811 +0530,
,281,1,14,,,l_pt_p,Laptop,old,laptop,[np.float64(0.0225)],[np.float64(-0.32)],[1],[0],[0],[1.824976299998525],['text_3'],,,,,14,1,281,0,1050.2239762999961,,,,,,,,1050.201936999998,1050.2239762999961,1050.2239762999961,1050.2239762999961,0.004469300001801457,1052.029364599999,laptop,[np.float64(0.0225)],[np.float64(-0.32)],[1],[0],[0],[1.824976299998525],['text_3'],Participant 04 ,001,2025-10-17_22h50.59.153,Word Priming Experiment,,2025.1.1,118.77754153999338,2025-10-17 22h51.31.617811 +0530,
,282,2,14,,,v_s_,Vase,new,vase,[np.float64(0.0225)],[np.float64(-0.32)],[1],[0],[0],[1.745048400000087],['text_3'],,,,,14,2,282,17,1052.0575983999952,,,,,,,,1052.0321782999963,1052.0575983999952,1052.0575983999952,1052.0575983999952,0.002666000000317581,1053.7789677999972,vase,[np.float64(0.0225)],[np.float64(-0.32)],[1],[0],[0],[1.745048400000087],['text_3'],Participant 04 ,001,2025-10-17_22h50.59.153,Word Priming Experiment,,2025.1.1,118.77754153999338,2025-10-17 22h51.31.617811 +0530,
,283,3,14,,,P_st_r,Poster,old,poster,[np.float64(0.0225)],[np.float64(-0.32)],[1],[0],[0],[1.7947490999940783],['text_3'],,,,,14,3,283,9,1053.807471,,,,,,,,1053.7822698999953,1053.807471,1053.807471,1053.807471,0.0031806999977561645,1055.578985299995,poster,[np.float64(0.0225)],[np.float64(-0.32)],[1],[0],[0],[1.7947490999940783],['text_3'],Participant 04 ,001,2025-10-17_22h50.59.153,Word Priming Experiment,,2025.1.1,118.77754153999338,2025-10-17 22h51.31.617811 +0530,
,284,4,14,,,_ho_e,Phone,old,whore,[np.float64(0.0225)],[np.float64(-0.32)],[1],[0],[0],[1.492243900000176],['text_3'],,,,,14,4,284,12,1055.607775599994,,,,,,,,1055.583441799994,1055.607775599994,1055.607775599994,1055.607775599994,0.004318100000091363,1057.0783747999958,whore,[np.float64(0.0225)],[np.float64(-0.32)],[1],[0],[0],[1.492243900000176],['text_3'],Participant 04 ,001,2025-10-17_22h50.59.153,Word Priming Experiment,,2025.1.1,118.77754153999338,2025-10-17 22h51.31.617811 +0530,
,285,5,14,,,_ru_is_,Cruise,old,cruise,[np.float64(0.0225)],[np.float64(-0.32)],[1],[0],[0],[2.028614800001378],['text_3'],,,,,14,5,285,6,1057.1076171999957,,,,,,,,1057.0813547999933,1057.1076171999957,1057.1076171999957,1057.1076171999957,0.0028093999935663305,1059.1120917999942,cruise,[np.float64(0.0225)],[np.float64(-0.32)],[1],[0],[0],[2.028614800001378],['text_3'],Participant 04 ,001,2025-10-17_22h50.59.153,Word Priming Experiment,,2025.1.1,118.77754153999338,2025-10-17 22h51.31.617811 +0530,
,286,6,14,,,_ha_t,Chart,old,chat,[np.float64(0.0225)],[np.float64(-0.32)],[1],[0],[0],[2.5280521999957273],['text_3'],,,,,14,6,286,1,1059.1403079999945,,,,,,,,1059.1150771999964,1059.1403079999945,1059.1403079999945,1059.1403079999945,0.002816799998981878,1061.646891999997,chat,[np.float64(0.0225)],[np.float64(-0.32)],[1],[0],[0],[2.5280521999957273],['text_3'],Participant 04 ,001,2025-10-17_22h50.59.153,Word Priming Experiment,,2025.1.1,118.77754153999338,2025-10-17 22h51.31.617811 +0530,
,287,7,14,,,T_hi_t,Tshirt,old,tshirt,[np.float64(0.0175)],[np.float64(-0.31125)],[1],[0],[0],[1.7825487999944016],['text_3'],,,,,14,7,287,2,1061.6741344999973,,,,,,,,1061.6521941999963,1061.6741344999973,1061.6741344999973,1061.6741344999973,0.005052100001194049,1063.4380807999987,tshirt,[np.float64(0.0175)],[np.float64(-0.31125)],[1],[0],[0],[1.7825487999944016],['text_3'],Participant 04 ,001,2025-10-17_22h50.59.153,Word Priming Experiment,,2025.1.1,118.77754153999338,2025-10-17 22h51.31.617811 +0530,
,288,8,14,,,_oo_,Book,old,book,[np.float64(0.0175)],[np.float64(-0.31125)],[1],[0],[0],[1.8249896999986959],['text_3'],,,,,14,8,288,13,1063.4656655,,,,,,,,1063.4423266999947,1063.4656655,1063.4656655,1063.4656655,0.004036500002257526,1065.2695367999986,book,[np.float64(0.0175)],[np.float64(-0.31125)],[1],[0],[0],[1.8249896999986959],['text_3'],Participant 04 ,001,2025-10-17_22h50.59.153,Word Priming Experiment,,2025.1.1,118.77754153999338,2025-10-17 22h51.31.617811 +0530,
,289,9,14,,,P_li_e,Police,old,police,[np.float64(0.0175)],[np.float64(-0.31125)],[0],[0],[1],[3.430583999994269],['text_3'],,,,,14,9,289,7,1065.2984556999945,,,,,,,,1065.2726344999974,1065.2984556999945,1065.2984556999945,1065.2984556999945,0.002969900000607595,1068.7054126000003,police,[np.float64(0.0175)],[np.float64(-0.31125)],[0],[0],[1],[3.430583999994269],['text_3'],Participant 04 ,001,2025-10-17_22h50.59.153,Word Priming Experiment,,2025.1.1,118.77754153999338,2025-10-17 22h51.31.617811 +0530,
,290,10,14,,,P_as_tr_,Pastry,old,pastry,"[np.float64(0.0125), np.float64(-0.02875)]","[np.float64(-0.22625), np.float64(-0.30875)]","[1, 1]","[0, 0]","[0, 0]","[2.2587205999952857, 3.584327899996424]","[None, 'text_3']",,,,,14,10,290,4,1068.7321957999957,,,,,,,,1068.7088500999962,1068.7321957999957,1068.7321957999957,1068.7321957999957,0.0032795000006444752,1072.2972307999953,pastry,"[np.float64(0.0125), np.float64(-0.02875)]","[np.float64(-0.22625), np.float64(-0.30875)]","[1, 1]","[0, 0]","[0, 0]","[2.2587205999952857, 3.584327899996424]","[None, 'text_3']",Participant 04 ,001,2025-10-17_22h50.59.153,Word Priming Experiment,,2025.1.1,118.77754153999338,2025-10-17 22h51.31.617811 +0530,
,291,11,14,,,ta_l_,Table,new,tails,[np.float64(-0.02875)],[np.float64(-0.30875)],[1],[0],[0],[4.508826299999782],['text_3'],,,,,14,11,291,15,1072.3237089999966,,,,,,,,1072.3022948999933,1072.3237089999966,1072.3237089999966,1072.3237089999966,0.004826600001251791,1076.8144739999989,tails,[np.float64(-0.02875)],[np.float64(-0.30875)],[1],[0],[0],[4.508826299999782],['text_3'],Participant 04 ,001,2025-10-17_22h50.59.153,Word Priming Experiment,,2025.1.1,118.77754153999338,2025-10-17 22h51.31.617811 +0530,
,292,12,14,,,_ou_se,mouse,old,mouse,[np.float64(-0.02875)],[np.float64(-0.30875)],[1],[0],[0],[1.5595781000010902],['text_3'],,,,,14,12,292,3,1076.8401832999953,,,,,,,,1076.818466699995,1076.8401832999953,1076.8401832999953,1076.8401832999953,0.0038511000020662323,1078.3804037999944,mouse,[np.float64(-0.02875)],[np.float64(-0.30875)],[1],[0],[0],[1.5595781000010902],['text_3'],Participant 04 ,001,2025-10-17_22h50.59.153,Word Priming Experiment,,2025.1.1,118.77754153999338,2025-10-17 22h51.31.617811 +0530,
,293,13,14,,,p_nc_l,Pencil,new,pencil,[np.float64(-0.02875)],[np.float64(-0.30875)],[1],[0],[0],[1.9243748000008054],['text_3'],,,,,14,13,293,16,1078.4255541999955,,,,,,,,1078.384524299996,1078.4255541999955,1078.4255541999955,1078.4255541999955,0.003989900003944058,1080.310657899994,pencil,[np.float64(-0.02875)],[np.float64(-0.30875)],[1],[0],[0],[1.9243748000008054],['text_3'],Participant 04 ,001,2025-10-17_22h50.59.153,Word Priming Experiment,,2025.1.1,118.77754153999338,2025-10-17 22h51.31.617811 +0530,
,294,14,14,,,c_m_ra,Camera,new,camera,[np.float64(-0.02875)],[np.float64(-0.30875)],[1],[0],[0],[1.631494900000689],['text_3'],,,,,14,14,294,19,1080.324621199994,,,,,,,,1080.3133612999954,1080.324621199994,1080.324621199994,1080.324621199994,0.002577900006144773,1081.9470385999957,camera,[np.float64(-0.02875)],[np.float64(-0.30875)],[1],[0],[0],[1.631494900000689],['text_3'],Participant 04 ,001,2025-10-17_22h50.59.153,Word Priming Experiment,,2025.1.1,118.77754153999338,2025-10-17 22h51.31.617811 +0530,
,295,15,14,,,c_s_io_,Cushion,new,cushion,[np.float64(-0.0275)],[np.float64(-0.31125)],[1],[0],[0],[6.034179499998572],['text_3'],,,,,14,15,295,14,1081.9735294999991,,,,,,,,1081.950369099999,1081.9735294999991,1081.9735294999991,1081.9735294999991,0.0031898000015644357,1087.9866989000002,cushion,[np.float64(-0.0275)],[np.float64(-0.31125)],[1],[0],[0],[6.034179499998572],['text_3'],Participant 04 ,001,2025-10-17_22h50.59.153,Word Priming Experiment,,2025.1.1,118.77754153999338,2025-10-17 22h51.31.617811 +0530,
,296,16,14,,,_a_bl_,Marble,old,table,[np.float64(-0.0275)],[np.float64(-0.31125)],[1],[0],[0],[3.411408100000699],['text_3'],,,,,14,16,296,11,1088.0154330000005,,,,,,,,1087.9909671999994,1088.0154330000005,1088.0154330000005,1088.0154330000005,0.003894000001309905,1091.4059144999992,table,[np.float64(-0.0275)],[np.float64(-0.31125)],[1],[0],[0],[3.411408100000699],['text_3'],Participant 04 ,001,2025-10-17_22h50.59.153,Word Priming Experiment,,2025.1.1,118.77754153999338,2025-10-17 22h51.31.617811 +0530,
,297,17,14,,,bo_t_e,Bottle,new,bottle,[np.float64(-0.0275)],[np.float64(-0.31125)],[1],[0],[0],[2.041210100003809],['text_3'],,,,,14,17,297,18,1091.4318813999998,,,,,,,,1091.4113661999945,1091.4318813999998,1091.4318813999998,1091.4318813999998,0.005357800000638235,1093.4565253999972,bottle,[np.float64(-0.0275)],[np.float64(-0.31125)],[1],[0],[0],[2.041210100003809],['text_3'],Participant 04 ,001,2025-10-17_22h50.59.153,Word Priming Experiment,,2025.1.1,118.77754153999338,2025-10-17 22h51.31.617811 +0530,
,298,18,14,,,_o_rd,Board,old,lord,[np.float64(-0.0275)],[np.float64(-0.31125)],[1],[0],[0],[1.5904564000011305],['text_3'],,,,,14,18,298,10,1093.4818805999967,,,,,,,,1093.4602763000003,1093.4818805999967,1093.4818805999967,1093.4818805999967,0.003499099999316968,1095.0523120999933,lord,[np.float64(-0.0275)],[np.float64(-0.31125)],[1],[0],[0],[1.5904564000011305],['text_3'],Participant 04 ,001,2025-10-17_22h50.59.153,Word Priming Experiment,,2025.1.1,118.77754153999338,2025-10-17 22h51.31.617811 +0530,
,299,19,14,,,K_y_,Keys,old,keys,[np.float64(-0.0275)],[np.float64(-0.31)],[1],[0],[0],[1.7383624999929452],['text_3'],,,,,14,19,299,8,1095.066017199999,,,,,,,,1095.0545267999987,1095.066017199999,1095.066017199999,1095.066017199999,0.0021095999982208014,1096.7979669999986,keys,[np.float64(-0.0275)],[np.float64(-0.31)],[1],[0],[0],[1.7383624999929452],['text_3'],Participant 04 ,001,2025-10-17_22h50.59.153,Word Priming Experiment,,2025.1.1,118.77754153999338,2025-10-17 22h51.31.617811 +0530,
,300,0,15,,,K_y_,Keys,old,keys,[np.float64(-0.10875)],[np.float64(-0.2825)],[1],[0],[0],[3.299447899997176],['text_3'],,,,,15,0,300,8,1096.8233072000003,,,,,,,,1096.799085599996,1096.8233072000003,1096.8233072000003,1096.8233072000003,0.0008582000009482726,1100.1001252999995,keys,[np.float64(-0.10875)],[np.float64(-0.2825)],[1],[0],[0],[3.299447899997176],['text_3'],Participant 04 ,001,2025-10-17_22h50.59.153,Word Priming Experiment,,2025.1.1,118.77754153999338,2025-10-17 22h51.31.617811 +0530,
,301,1,15,,,P_as_tr_,Pastry,old,pastry,[np.float64(-0.10875)],[np.float64(-0.2825)],[1],[0],[0],[2.70014380000066],['text_3'],,,,,15,1,301,4,1100.1162668999968,,,,,,,,1100.1022793999946,1100.1162668999968,1100.1162668999968,1100.1162668999968,0.0022173999968799762,1102.804725199996,pastry,[np.float64(-0.10875)],[np.float64(-0.2825)],[1],[0],[0],[2.70014380000066],['text_3'],Participant 04 ,001,2025-10-17_22h50.59.153,Word Priming Experiment,,2025.1.1,118.77754153999338,2025-10-17 22h51.31.617811 +0530,
,302,2,15,,,p_nc_l,Pencil,new,pencil,[np.float64(-0.10875)],[np.float64(-0.2825)],[1],[0],[0],[2.17585870000039],['text_3'],,,,,15,2,302,16,1102.8318146999954,,,,,,,,1102.8086668999968,1102.8318146999954,1102.8318146999954,1102.8318146999954,0.0037794000018038787,1104.9881070999982,pencil,[np.float64(-0.10875)],[np.float64(-0.2825)],[1],[0],[0],[2.17585870000039],['text_3'],Participant 04 ,001,2025-10-17_22h50.59.153,Word Priming Experiment,,2025.1.1,118.77754153999338,2025-10-17 22h51.31.617811 +0530,
,303,3,15,,,P_st_r,Poster,old,poster,[np.float64(-0.10875)],[np.float64(-0.2825)],[1],[0],[0],[2.240659900002356],['text_3'],,,,,15,3,303,9,1105.0151093999957,,,,,,,,1104.9922785999952,1105.0151093999957,1105.0151093999957,1105.0151093999957,0.003951400001824368,1107.2349971999938,poster,[np.float64(-0.10875)],[np.float64(-0.2825)],[1],[0],[0],[2.240659900002356],['text_3'],Participant 04 ,001,2025-10-17_22h50.59.153,Word Priming Experiment,,2025.1.1,118.77754153999338,2025-10-17 22h51.31.617811 +0530,
,304,4,15,,,c_m_ra,Camera,new,camera,[np.float64(-0.10875)],[np.float64(-0.2825)],[1],[0],[0],[1.6812151999984053],['text_3'],,,,,15,4,304,19,1107.249267799998,,,,,,,,1107.2378085999953,1107.249267799998,1107.249267799998,1107.249267799998,0.002675299998372793,1108.9214816999956,camera,[np.float64(-0.10875)],[np.float64(-0.2825)],[1],[0],[0],[1.6812151999984053],['text_3'],Participant 04 ,001,2025-10-17_22h50.59.153,Word Priming Experiment,,2025.1.1,118.77754153999338,2025-10-17 22h51.31.617811 +0530,
,305,5,15,,,_ou_se,mouse,old,mouse,[np.float64(-0.10875)],[np.float64(-0.2825)],[1],[0],[0],[1.5935970999998972],['text_3'],,,,,15,5,305,3,1108.9486952999941,,,,,,,,1108.9247580999945,1108.9486952999941,1108.9486952999941,1108.9486952999941,0.003127900003164541,1110.5205452999944,mouse,[np.float64(-0.10875)],[np.float64(-0.2825)],[1],[0],[0],[1.5935970999998972],['text_3'],Participant 04 ,001,2025-10-17_22h50.59.153,Word Priming Experiment,,2025.1.1,118.77754153999338,2025-10-17 22h51.31.617811 +0530,
,306,6,15,,,v_s_,Vase,new,vase,[np.float64(-0.10875)],[np.float64(-0.2825)],[1],[0],[0],[1.7768919000009191],['text_3'],,,,,15,6,306,17,1110.5481867999988,,,,,,,,1110.5242583,1110.5481867999988,1110.5481867999988,1110.5481867999988,0.0035443000015220605,1112.3043196999934,vase,[np.float64(-0.10875)],[np.float64(-0.2825)],[1],[0],[0],[1.7768919000009191],['text_3'],Participant 04 ,001,2025-10-17_22h50.59.153,Word Priming Experiment,,2025.1.1,118.77754153999338,2025-10-17 22h51.31.617811 +0530,
,307,7,15,,,_oo_,Book,old,,[np.float64(-0.10875)],[np.float64(-0.2825)],[1],[0],[0],[0.8416093999985605],['text_3'],,,,,15,7,307,13,1112.3320008999945,,,,,,,,1112.3095965999964,1112.3320008999945,1112.3320008999945,1112.3320008999945,0.0050868000034824945,1113.1531827999934,,[np.float64(-0.10875)],[np.float64(-0.2825)],[1],[0],[0],[0.8416093999985605],['text_3'],Participant 04 ,001,2025-10-17_22h50.59.153,Word Priming Experiment,,2025.1.1,118.77754153999338,2025-10-17 22h51.31.617811 +0530,
,308,8,15,,,_o_rd,Board,old,book,[np.float64(-0.10875)],[np.float64(-0.2825)],[1],[0],[0],[0.9454150999954436],['text_3'],,,,,15,8,308,10,1113.165712899994,,,,,,,,1113.1555955000003,1113.165712899994,1113.165712899994,1113.165712899994,0.0022969999990891665,1114.1031132999997,book,[np.float64(-0.10875)],[np.float64(-0.2825)],[1],[0],[0],[0.9454150999954436],['text_3'],Participant 04 ,001,2025-10-17_22h50.59.153,Word Priming Experiment,,2025.1.1,118.77754153999338,2025-10-17 22h51.31.617811 +0530,
,309,9,15,,,_a_bl_,Marble,old,table,[np.float64(-0.10875)],[np.float64(-0.2825)],[1],[0],[0],[2.2611649999962538],['text_3'],,,,,15,9,309,11,1114.1321349999998,,,,,,,,1114.1064669999978,1114.1321349999998,1114.1321349999998,1114.1321349999998,0.0032246999980998226,1116.369441799994,table,[np.float64(-0.10875)],[np.float64(-0.2825)],[1],[0],[0],[2.2611649999962538],['text_3'],Participant 04 ,001,2025-10-17_22h50.59.153,Word Priming Experiment,,2025.1.1,118.77754153999338,2025-10-17 22h51.31.617811 +0530,
,310,10,15,,,T_hi_t,Tshirt,old,tshirt,[np.float64(-0.10875)],[np.float64(-0.2825)],[1],[0],[0],[1.8455910999982734],['text_3'],,,,,15,10,310,2,1116.382506199996,,,,,,,,1116.3720754999958,1116.382506199996,1116.382506199996,1116.382506199996,0.002521799993701279,1118.2205036999949,tshirt,[np.float64(-0.10875)],[np.float64(-0.2825)],[1],[0],[0],[1.8455910999982734],['text_3'],Participant 04 ,001,2025-10-17_22h50.59.153,Word Priming Experiment,,2025.1.1,118.77754153999338,2025-10-17 22h51.31.617811 +0530,
,311,11,15,,,_ha_t,Chart,old,chat,"[np.float64(-0.10875), np.float64(-0.0425), np.float64(-0.0675)]","[np.float64(-0.2675), np.float64(-0.345), np.float64(-0.3125)]","[1, 1, 1]","[0, 0, 0]","[0, 0, 0]","[2.4852719999980764, 3.501386199997796, 4.419342900000629]","[None, None, 'text_3']",,,,,15,11,311,1,1118.2488663999975,,,,,,,,1118.224675999998,1118.2488663999975,1118.2488663999975,1118.2488663999975,0.003953700004785787,1122.6479882999993,chat,"[np.float64(-0.10875), np.float64(-0.0425), np.float64(-0.0675)]","[np.float64(-0.2675), np.float64(-0.345), np.float64(-0.3125)]","[1, 1, 1]","[0, 0, 0]","[0, 0, 0]","[2.4852719999980764, 3.501386199997796, 4.419342900000629]","[None, None, 'text_3']",Participant 04 ,001,2025-10-17_22h50.59.153,Word Priming Experiment,,2025.1.1,118.77754153999338,2025-10-17 22h51.31.617811 +0530,
,312,12,15,,,_ho_e,Phone,old,whore,[np.float64(-0.0675)],[np.float64(-0.3125)],[1],[0],[0],[1.5916251999951783],['text_3'],,,,,15,12,312,12,1122.6734099999958,,,,,,,,1122.6513434999943,1122.6734099999958,1122.6734099999958,1122.6734099999958,0.0031601999944541603,1124.2452263999949,whore,[np.float64(-0.0675)],[np.float64(-0.3125)],[1],[0],[0],[1.5916251999951783],['text_3'],Participant 04 ,001,2025-10-17_22h50.59.153,Word Priming Experiment,,2025.1.1,118.77754153999338,2025-10-17 22h51.31.617811 +0530,
,313,13,15,,,c_s_,Case,old,case,[np.float64(-0.0675)],[np.float64(-0.3125)],[1],[0],[0],[1.5147854999959236],['text_3'],,,,,15,13,313,5,1124.2736775999947,,,,,,,,1124.2479862999971,1124.2736775999947,1124.2736775999947,1124.2736775999947,0.0026273999974364415,1125.766413999998,case,[np.float64(-0.0675)],[np.float64(-0.3125)],[1],[0],[0],[1.5147854999959236],['text_3'],Participant 04 ,001,2025-10-17_22h50.59.153,Word Priming Experiment,,2025.1.1,118.77754153999338,2025-10-17 22h51.31.617811 +0530,
,314,14,15,,,ta_l_,Table,new,tails,[np.float64(-0.0725)],[np.float64(-0.31)],[1],[0],[0],[1.7790180000010878],['text_3'],,,,,15,14,314,15,1125.789918399998,,,,,,,,1125.7716658999998,1125.789918399998,1125.789918399998,1125.789918399998,0.0050275999965379015,1127.5543203999987,tails,[np.float64(-0.0725)],[np.float64(-0.31)],[1],[0],[0],[1.7790180000010878],['text_3'],Participant 04 ,001,2025-10-17_22h50.59.153,Word Priming Experiment,,2025.1.1,118.77754153999338,2025-10-17 22h51.31.617811 +0530,
,315,15,15,,,_ru_is_,Cruise,old,cruise,[np.float64(-0.0725)],[np.float64(-0.31)],[1],[0],[0],[2.9099869999990915],['text_3'],,,,,15,15,315,6,1127.5823018999945,,,,,,,,1127.5587795999963,1127.5823018999945,1127.5823018999945,1127.5823018999945,0.004232799998135306,1130.472411499999,cruise,[np.float64(-0.0725)],[np.float64(-0.31)],[1],[0],[0],[2.9099869999990915],['text_3'],Participant 04 ,001,2025-10-17_22h50.59.153,Word Priming Experiment,,2025.1.1,118.77754153999338,2025-10-17 22h51.31.617811 +0530,
,316,16,15,,,c_s_io_,Cushion,new,cushion,[np.float64(-0.0725)],[np.float64(-0.31)],[1],[0],[0],[3.5057837999993353],['text_3'],,,,,15,16,316,14,1130.4983484999975,,,,,,,,1130.4777621999965,1130.4983484999975,1130.4983484999975,1130.4983484999975,0.0051374000031501055,1133.985673999996,cushion,[np.float64(-0.0725)],[np.float64(-0.31)],[1],[0],[0],[3.5057837999993353],['text_3'],Participant 04 ,001,2025-10-17_22h50.59.153,Word Priming Experiment,,2025.1.1,118.77754153999338,2025-10-17 22h51.31.617811 +0530,
,317,17,15,,,l_pt_p,Laptop,old,laptop,[np.float64(-0.0725)],[np.float64(-0.31)],[1],[0],[0],[1.8286866999987978],['text_3'],,,,,15,17,317,0,1134.0146666,,,,,,,,1133.988695299995,1134.0146666,1134.0146666,1134.0146666,0.002873800003726501,1135.819420199994,laptop,[np.float64(-0.0725)],[np.float64(-0.31)],[1],[0],[0],[1.8286866999987978],['text_3'],Participant 04 ,001,2025-10-17_22h50.59.153,Word Priming Experiment,,2025.1.1,118.77754153999338,2025-10-17 22h51.31.617811 +0530,
,318,18,15,,,P_li_e,Police,old,police,[np.float64(-0.075)],[np.float64(-0.2925)],[1],[0],[0],[3.7196773999967263],['text_3'],,,,,15,18,318,7,1135.847806699996,,,,,,,,1135.8229899999933,1135.847806699996,1135.847806699996,1135.847806699996,0.0034258000014233403,1139.5446219000005,police,[np.float64(-0.075)],[np.float64(-0.2925)],[1],[0],[0],[3.7196773999967263],['text_3'],Participant 04 ,001,2025-10-17_22h50.59.153,Word Priming Experiment,,2025.1.1,118.77754153999338,2025-10-17 22h51.31.617811 +0530,
,319,19,15,,,bo_t_e,Bottle,new,bottle,[np.float64(-0.075)],[np.float64(-0.2925)],[1],[0],[0],[1.9118555000022752],['text_3'],,,,,15,19,319,18,1139.557284399998,,,,,,,,1139.5472699999955,1139.557284399998,1139.557284399998,1139.557284399998,0.002521599999454338,1141.4636766999974,bottle,[np.float64(-0.075)],[np.float64(-0.2925)],[1],[0],[0],[1.9118555000022752],['text_3'],Participant 04 ,001,2025-10-17_22h50.59.153,Word Priming Experiment,,2025.1.1,118.77754153999338,2025-10-17 22h51.31.617811 +0530,
,320,0,16,,,K_y_,Keys,old,keys,[np.float64(-0.075)],[np.float64(-0.2925)],[1],[0],[0],[1.8209082999965176],['text_3'],,,,,16,0,320,8,1141.4898124999963,,,,,,,,1141.4701134999996,1141.4898124999963,1141.4898124999963,1141.4898124999963,0.006178499999805354,1143.296232599998,keys,[np.float64(-0.075)],[np.float64(-0.2925)],[1],[0],[0],[1.8209082999965176],['text_3'],Participant 04 ,001,2025-10-17_22h50.59.153,Word Priming Experiment,,2025.1.1,118.77754153999338,2025-10-17 22h51.31.617811 +0530,
,321,1,16,,,_ou_se,mouse,old,mouse,[np.float64(-0.075)],[np.float64(-0.2925)],[1],[0],[0],[1.7739247999998042],['text_3'],,,,,16,1,321,3,1143.3230479999984,,,,,,,,1143.3013864999957,1143.3230479999984,1143.3230479999984,1143.3230479999984,0.004890299998805858,1145.0794867000004,mouse,[np.float64(-0.075)],[np.float64(-0.2925)],[1],[0],[0],[1.7739247999998042],['text_3'],Participant 04 ,001,2025-10-17_22h50.59.153,Word Priming Experiment,,2025.1.1,118.77754153999338,2025-10-17 22h51.31.617811 +0530,
,322,2,16,,,p_nc_l,Pencil,new,pencil,[np.float64(-0.075)],[np.float64(-0.2925)],[1],[0],[0],[3.7570272000011755],['text_3'],,,,,16,2,322,16,1145.1065205999985,,,,,,,,1145.0861670999948,1145.1065205999985,1145.1065205999985,1145.1065205999985,0.006433299997297581,1148.846739099994,pencil,[np.float64(-0.075)],[np.float64(-0.2925)],[1],[0],[0],[3.7570272000011755],['text_3'],Participant 04 ,001,2025-10-17_22h50.59.153,Word Priming Experiment,,2025.1.1,118.77754153999338,2025-10-17 22h51.31.617811 +0530,
,323,3,16,,,c_m_ra,Camera,new,camera,[np.float64(-0.075)],[np.float64(-0.2925)],[1],[0],[0],[2.5751932999992277],['text_3'],,,,,16,3,323,19,1148.8733866999974,,,,,,,,1148.8505544,1148.8733866999974,1148.8733866999974,1148.8733866999974,0.003601499993237667,1151.4302862999975,camera,[np.float64(-0.075)],[np.float64(-0.2925)],[1],[0],[0],[2.5751932999992277],['text_3'],Participant 04 ,001,2025-10-17_22h50.59.153,Word Priming Experiment,,2025.1.1,118.77754153999338,2025-10-17 22h51.31.617811 +0530,
,324,4,16,,,_ha_t,Chart,old,chat,[np.float64(-0.075)],[np.float64(-0.2925)],[1],[0],[0],[2.4394096999967587],['text_3'],,,,,16,4,324,1,1151.4562822999942,,,,,,,,1151.436772299996,1151.4562822999942,1151.4562822999942,1151.4562822999942,0.006220399998710491,1153.8801449999955,chat,[np.float64(-0.075)],[np.float64(-0.2925)],[1],[0],[0],[2.4394096999967587],['text_3'],Participant 04 ,001,2025-10-17_22h50.59.153,Word Priming Experiment,,2025.1.1,118.77754153999338,2025-10-17 22h51.31.617811 +0530,
,325,5,16,,,c_s_io_,Cushion,new,cushion,[np.float64(-0.075)],[np.float64(-0.2925)],[1],[0],[0],[2.1591953999959514],['text_3'],,,,,16,5,325,14,1153.9068045999957,,,,,,,,1153.8833349999986,1153.9068045999957,1153.9068045999957,1153.9068045999957,0.0030144000047584996,1156.0444867999977,cushion,[np.float64(-0.075)],[np.float64(-0.2925)],[1],[0],[0],[2.1591953999959514],['text_3'],Participant 04 ,001,2025-10-17_22h50.59.153,Word Priming Experiment,,2025.1.1,118.77754153999338,2025-10-17 22h51.31.617811 +0530,
,326,6,16,,,_oo_,Book,old,book,[np.float64(-0.075)],[np.float64(-0.2925)],[1],[0],[0],[1.7446010999992723],['text_3'],,,,,16,6,326,13,1156.073120999994,,,,,,,,1156.0474958999985,1156.073120999994,1156.073120999994,1156.073120999994,0.0028865999993286096,1157.7959582999974,book,[np.float64(-0.075)],[np.float64(-0.2925)],[1],[0],[0],[1.7446010999992723],['text_3'],Participant 04 ,001,2025-10-17_22h50.59.153,Word Priming Experiment,,2025.1.1,118.77754153999338,2025-10-17 22h51.31.617811 +0530,
,327,7,16,,,bo_t_e,Bottle,new,bottle,[np.float64(-0.075)],[np.float64(-0.2925)],[1],[0],[0],[3.208833099997719],['text_3'],,,,,16,7,327,18,1157.8230945999967,,,,,,,,1157.8007089999955,1157.8230945999967,1157.8230945999967,1157.8230945999967,0.004563900001812726,1161.0124622000003,bottle,[np.float64(-0.075)],[np.float64(-0.2925)],[1],[0],[0],[3.208833099997719],['text_3'],Participant 04 ,001,2025-10-17_22h50.59.153,Word Priming Experiment,,2025.1.1,118.77754153999338,2025-10-17 22h51.31.617811 +0530,
,328,8,16,,,l_pt_p,Laptop,old,laptop,[np.float64(-0.075)],[np.float64(-0.2925)],[1],[0],[0],[1.8068380999975489],['text_3'],,,,,16,8,328,0,1161.0398474999965,,,,,,,,1161.0180123999962,1161.0398474999965,1161.0398474999965,1161.0398474999965,0.0052721999963978305,1162.828882599999,laptop,[np.float64(-0.075)],[np.float64(-0.2925)],[1],[0],[0],[1.8068380999975489],['text_3'],Participant 04 ,001,2025-10-17_22h50.59.153,Word Priming Experiment,,2025.1.1,118.77754153999338,2025-10-17 22h51.31.617811 +0530,
,329,9,16,,,T_hi_t,Tshirt,old,tshirt,[np.float64(-0.075)],[np.float64(-0.2925)],[1],[0],[0],[2.174551899996004],['text_3'],,,,,16,9,329,2,1162.8562332999936,,,,,,,,1162.8337131999942,1162.8562332999936,1162.8562332999936,1162.8562332999936,0.0045119999995222315,1165.0103774999952,tshirt,[np.float64(-0.075)],[np.float64(-0.2925)],[1],[0],[0],[2.174551899996004],['text_3'],Participant 04 ,001,2025-10-17_22h50.59.153,Word Priming Experiment,,2025.1.1,118.77754153999338,2025-10-17 22h51.31.617811 +0530,
,330,10,16,,,_ru_is_,Cruise,old,cruise,[np.float64(-0.075)],[np.float64(-0.2925)],[1],[0],[0],[1.8117771999968681],['text_3'],,,,,16,10,330,6,1165.0395771999974,,,,,,,,1165.0143298999974,1165.0395771999974,1165.0395771999974,1165.0395771999974,0.0038128000014694408,1166.8303616999983,cruise,[np.float64(-0.075)],[np.float64(-0.2925)],[1],[0],[0],[1.8117771999968681],['text_3'],Participant 04 ,001,2025-10-17_22h50.59.153,Word Priming Experiment,,2025.1.1,118.77754153999338,2025-10-17 22h51.31.617811 +0530,
,331,11,16,,,_a_bl_,Marble,old,table,[np.float64(-0.075)],[np.float64(-0.2925)],[1],[0],[0],[2.5268254000038723],['text_3'],,,,,16,11,331,11,1166.8562325999956,,,,,,,,1166.8350060999946,1166.8562325999956,1166.8562325999956,1166.8562325999956,0.004407899999932852,1169.3639979999934,table,[np.float64(-0.075)],[np.float64(-0.2925)],[1],[0],[0],[2.5268254000038723],['text_3'],Participant 04 ,001,2025-10-17_22h50.59.153,Word Priming Experiment,,2025.1.1,118.77754153999338,2025-10-17 22h51.31.617811 +0530,
,332,12,16,,,ta_l_,Table,new,tails,[np.float64(-0.075)],[np.float64(-0.2925)],[1],[0],[0],[1.975437500004773],['text_3'],,,,,16,12,332,15,1169.3895015999951,,,,,,,,1169.366912999998,1169.3895015999951,1169.3895015999951,1169.3895015999951,0.0027629999967757612,1171.3454746999996,tails,[np.float64(-0.075)],[np.float64(-0.2925)],[1],[0],[0],[1.975437500004773],['text_3'],Participant 04 ,001,2025-10-17_22h50.59.153,Word Priming Experiment,,2025.1.1,118.77754153999338,2025-10-17 22h51.31.617811 +0530,
,333,13,16,,,_ho_e,Phone,old,whore,[np.float64(-0.075)],[np.float64(-0.2925)],[1],[0],[0],[1.5080240999959642],['text_3'],,,,,16,13,333,12,1171.37313,,,,,,,,1171.3492943999954,1171.37313,1171.37313,1171.37313,0.003619700000854209,1172.859536099997,whore,[np.float64(-0.075)],[np.float64(-0.2925)],[1],[0],[0],[1.5080240999959642],['text_3'],Participant 04 ,001,2025-10-17_22h50.59.153,Word Priming Experiment,,2025.1.1,118.77754153999338,2025-10-17 22h51.31.617811 +0530,
,334,14,16,,,P_st_r,Poster,old,poster,[np.float64(-0.075)],[np.float64(-0.2925)],[1],[0],[0],[1.7630294999980833],['text_3'],,,,,16,14,334,9,1172.8739931999953,,,,,,,,1172.862993499999,1172.8739931999953,1172.8739931999953,1172.8739931999953,0.003310399995825719,1174.6308834999945,poster,[np.float64(-0.075)],[np.float64(-0.2925)],[1],[0],[0],[1.7630294999980833],['text_3'],Participant 04 ,001,2025-10-17_22h50.59.153,Word Priming Experiment,,2025.1.1,118.77754153999338,2025-10-17 22h51.31.617811 +0530,
,335,15,16,,,P_li_e,Police,old,police,[np.float64(-0.075)],[np.float64(-0.2925)],[1],[0],[0],[3.22477020000224],['text_3'],,,,,16,15,335,7,1174.6561165999956,,,,,,,,1174.6353922999988,1174.6561165999956,1174.6561165999956,1174.6561165999956,0.004281400004401803,1177.863101899995,police,[np.float64(-0.075)],[np.float64(-0.2925)],[1],[0],[0],[3.22477020000224],['text_3'],Participant 04 ,001,2025-10-17_22h50.59.153,Word Priming Experiment,,2025.1.1,118.77754153999338,2025-10-17 22h51.31.617811 +0530,
,336,16,16,,,_o_rd,Board,old,lord,[np.float64(-0.075)],[np.float64(-0.2925)],[1],[0],[0],[1.7066352000038023],['text_3'],,,,,16,16,336,10,1177.8893924999938,,,,,,,,1177.8680647999936,1177.8893924999938,1177.8893924999938,1177.8893924999938,0.004793600004632026,1179.5780425999983,lord,[np.float64(-0.075)],[np.float64(-0.2925)],[1],[0],[0],[1.7066352000038023],['text_3'],Participant 04 ,001,2025-10-17_22h50.59.153,Word Priming Experiment,,2025.1.1,118.77754153999338,2025-10-17 22h51.31.617811 +0530,
,337,17,16,,,v_s_,Vase,new,vase,"[np.float64(-0.08625), np.float64(0.11625)]","[np.float64(-0.26625), np.float64(-0.2875)]","[1, 1]","[0, 0]","[0, 0]","[4.584120999999868, 5.78482869999425]","[None, 'text_3']",,,,,16,17,337,17,1179.6060740999965,,,,,,,,1179.5828349000003,1179.6060740999965,1179.6060740999965,1179.6060740999965,0.004430699998920318,1185.3697934999946,vase,"[np.float64(-0.08625), np.float64(0.11625)]","[np.float64(-0.26625), np.float64(-0.2875)]","[1, 1]","[0, 0]","[0, 0]","[4.584120999999868, 5.78482869999425]","[None, 'text_3']",Participant 04 ,001,2025-10-17_22h50.59.153,Word Priming Experiment,,2025.1.1,118.77754153999338,2025-10-17 22h51.31.617811 +0530,
,338,18,16,,,c_s_,Case,old,case,[np.float64(0.11625)],[np.float64(-0.2875)],[1],[0],[0],[1.4770037999987835],['text_3'],,,,,16,18,338,5,1185.3974777999974,,,,,,,,1185.3730422999943,1185.3974777999974,1185.3974777999974,1185.3974777999974,0.003094200001214631,1186.8521576999992,case,[np.float64(0.11625)],[np.float64(-0.2875)],[1],[0],[0],[1.4770037999987835],['text_3'],Participant 04 ,001,2025-10-17_22h50.59.153,Word Priming Experiment,,2025.1.1,118.77754153999338,2025-10-17 22h51.31.617811 +0530,
,339,19,16,,,P_as_tr_,Pastry,old,pastry,[np.float64(0.11625)],[np.float64(-0.2875)],[1],[0],[0],[2.0768641000031494],['text_3'],,,,,16,19,339,4,1186.8808684999967,,,,,,,,1186.8563160999984,1186.8808684999967,1186.8808684999967,1186.8808684999967,0.0040169999992940575,1188.9367139999958,pastry,[np.float64(0.11625)],[np.float64(-0.2875)],[1],[0],[0],[2.0768641000031494],['text_3'],Participant 04 ,001,2025-10-17_22h50.59.153,Word Priming Experiment,,2025.1.1,118.77754153999338,2025-10-17 22h51.31.617811 +0530,
,340,0,17,,,_ou_se,mouse,old,mouse,[np.float64(0.11625)],[np.float64(-0.2875)],[1],[0],[0],[1.6757565000007162],['text_3'],,,,,17,0,340,3,1188.9644251999998,,,,,,,,1188.9420797999992,1188.9644251999998,1188.9644251999998,1188.9644251999998,0.00516790000256151,1190.6211123999965,mouse,[np.float64(0.11625)],[np.float64(-0.2875)],[1],[0],[0],[1.6757565000007162],['text_3'],Participant 04 ,001,2025-10-17_22h50.59.153,Word Priming Experiment,,2025.1.1,118.77754153999338,2025-10-17 22h51.31.617811 +0530,
,341,1,17,,,P_as_tr_,Pastry,old,pastry,"[np.float64(0.1525), np.float64(0.04875)]","[np.float64(-0.3425), np.float64(-0.28)]","[1, 1]","[0, 0]","[0, 0]","[13.234196599994902, 14.046061599998211]","[None, 'text_3']",,,,,17,1,341,4,1190.6475299999947,,,,,,,,1190.6251164999994,1190.6475299999947,1190.6475299999947,1190.6475299999947,0.0038779000024078414,1204.6740180999986,pastry,"[np.float64(0.1525), np.float64(0.04875)]","[np.float64(-0.3425), np.float64(-0.28)]","[1, 1]","[0, 0]","[0, 0]","[13.234196599994902, 14.046061599998211]","[None, 'text_3']",Participant 04 ,001,2025-10-17_22h50.59.153,Word Priming Experiment,,2025.1.1,118.77754153999338,2025-10-17 22h51.31.617811 +0530,
,342,2,17,,,c_s_io_,Cushion,new,cushion,[np.float64(0.04875)],[np.float64(-0.28)],[1],[0],[0],[6.204950899998948],['text_3'],,,,,17,2,342,14,1204.6972842999967,,,,,,,,1204.6779316999964,1204.6972842999967,1204.6972842999967,1204.6972842999967,0.0037368999983300455,1210.8857221999933,cushion,[np.float64(0.04875)],[np.float64(-0.28)],[1],[0],[0],[6.204950899998948],['text_3'],Participant 04 ,001,2025-10-17_22h50.59.153,Word Priming Experiment,,2025.1.1,118.77754153999338,2025-10-17 22h51.31.617811 +0530,
,343,3,17,,,_ha_t,Chart,old,chat,[np.float64(0.04875)],[np.float64(-0.28)],[1],[0],[0],[2.312376399997447],['text_3'],,,,,17,3,343,1,1210.9146181999968,,,,,,,,1210.8883403999935,1210.9146181999968,1210.9146181999968,1210.9146181999968,0.002471699997840915,1213.205389799994,chat,[np.float64(0.04875)],[np.float64(-0.28)],[1],[0],[0],[2.312376399997447],['text_3'],Participant 04 ,001,2025-10-17_22h50.59.153,Word Priming Experiment,,2025.1.1,118.77754153999338,2025-10-17 22h51.31.617811 +0530,
,344,4,17,,,K_y_,Keys,old,keys,[np.float64(0.04875)],[np.float64(-0.28)],[1],[0],[0],[3.9237983000057284],['text_3'],,,,,17,4,344,8,1213.2310741999972,,,,,,,,1213.2095023000002,1213.2310741999972,1213.2310741999972,1213.2310741999972,0.0039034999936120585,1217.1367579999933,keys,[np.float64(0.04875)],[np.float64(-0.28)],[1],[0],[0],[3.9237983000057284],['text_3'],Participant 04 ,001,2025-10-17_22h50.59.153,Word Priming Experiment,,2025.1.1,118.77754153999338,2025-10-17 22h51.31.617811 +0530,
,345,5,17,,,_o_rd,Board,old,lord,[np.float64(0.04875)],[np.float64(-0.28)],[1],[0],[0],[2.8588741999992635],['text_3'],,,,,17,5,345,10,1217.1640150999956,,,,,,,,1217.1414290999965,1217.1640150999956,1217.1640150999956,1217.1640150999956,0.004442699995706789,1220.0031103999936,lord,[np.float64(0.04875)],[np.float64(-0.28)],[1],[0],[0],[2.8588741999992635],['text_3'],Participant 04 ,001,2025-10-17_22h50.59.153,Word Priming Experiment,,2025.1.1,118.77754153999338,2025-10-17 22h51.31.617811 +0530,
,346,6,17,,,v_s_,Vase,new,vase,[np.float64(0.04875)],[np.float64(-0.28)],[1],[0],[0],[1.9908056999993278],['text_3'],,,,,17,6,346,17,1220.0311607999975,,,,,,,,1220.009273699994,1220.0311607999975,1220.0311607999975,1220.0311607999975,0.005988100005197339,1222.002472799999,vase,[np.float64(0.04875)],[np.float64(-0.28)],[1],[0],[0],[1.9908056999993278],['text_3'],Participant 04 ,001,2025-10-17_22h50.59.153,Word Priming Experiment,,2025.1.1,118.77754153999338,2025-10-17 22h51.31.617811 +0530,
,347,7,17,,,c_m_ra,Camera,new,camera,[np.float64(0.04875)],[np.float64(-0.28)],[1],[0],[0],[2.510162799997488],['text_3'],,,,,17,7,347,19,1222.030361899997,,,,,,,,1222.0057686999935,1222.030361899997,1222.030361899997,1222.030361899997,0.0031413999968208373,1224.518441799999,camera,[np.float64(0.04875)],[np.float64(-0.28)],[1],[0],[0],[2.510162799997488],['text_3'],Participant 04 ,001,2025-10-17_22h50.59.153,Word Priming Experiment,,2025.1.1,118.77754153999338,2025-10-17 22h51.31.617811 +0530,
,348,8,17,,,_ru_is_,Cruise,old,cruise,[np.float64(0.04875)],[np.float64(-0.28)],[1],[0],[0],[1.7457185999955982],['text_3'],,,,,17,8,348,6,1224.5471999000001,,,,,,,,1224.5216213999956,1224.5471999000001,1224.5471999000001,1224.5471999000001,0.003034400004253257,1226.2692289999977,cruise,[np.float64(0.04875)],[np.float64(-0.28)],[1],[0],[0],[1.7457185999955982],['text_3'],Participant 04 ,001,2025-10-17_22h50.59.153,Word Priming Experiment,,2025.1.1,118.77754153999338,2025-10-17 22h51.31.617811 +0530,
,349,9,17,,,_oo_,Book,old,book,[np.float64(0.04875)],[np.float64(-0.28)],[1],[0],[0],[2.3121924999941257],['text_3'],,,,,17,9,349,13,1226.297897999997,,,,,,,,1226.2715104999952,1226.297897999997,1226.297897999997,1226.297897999997,0.0021707999985665083,1228.5861382000003,book,[np.float64(0.04875)],[np.float64(-0.28)],[1],[0],[0],[2.3121924999941257],['text_3'],Participant 04 ,001,2025-10-17_22h50.59.153,Word Priming Experiment,,2025.1.1,118.77754153999338,2025-10-17 22h51.31.617811 +0530,
,350,10,17,,,p_nc_l,Pencil,new,pencil,[np.float64(0.04875)],[np.float64(-0.28)],[1],[0],[0],[2.961498799995752],['text_3'],,,,,17,10,350,16,1228.6139276999966,,,,,,,,1228.5892217999935,1228.6139276999966,1228.6139276999966,1228.6139276999966,0.002931999995780643,1231.5543359000003,pencil,[np.float64(0.04875)],[np.float64(-0.28)],[1],[0],[0],[2.961498799995752],['text_3'],Participant 04 ,001,2025-10-17_22h50.59.153,Word Priming Experiment,,2025.1.1,118.77754153999338,2025-10-17 22h51.31.617811 +0530,
,351,11,17,,,ta_l_,Table,new,tails,[np.float64(0.04875)],[np.float64(-0.28)],[1],[0],[0],[1.942253499997605],['text_3'],,,,,17,11,351,15,1231.5806052999978,,,,,,,,1231.5581033999988,1231.5806052999978,1231.5806052999978,1231.5806052999978,0.003494299999147188,1233.502665699998,tails,[np.float64(0.04875)],[np.float64(-0.28)],[1],[0],[0],[1.942253499997605],['text_3'],Participant 04 ,001,2025-10-17_22h50.59.153,Word Priming Experiment,,2025.1.1,118.77754153999338,2025-10-17 22h51.31.617811 +0530,
,352,12,17,,,T_hi_t,Tshirt,old,,[np.float64(0.04875)],[np.float64(-0.28)],[1],[0],[0],[0.7610571999975946],['text_3'],,,,,17,12,352,2,1233.5307321999935,,,,,,,,1233.5056196000005,1233.5307321999935,1233.5307321999935,1233.5307321999935,0.0028173999962746166,1234.2695597999991,,[np.float64(0.04875)],[np.float64(-0.28)],[1],[0],[0],[0.7610571999975946],['text_3'],Participant 04 ,001,2025-10-17_22h50.59.153,Word Priming Experiment,,2025.1.1,118.77754153999338,2025-10-17 22h51.31.617811 +0530,
,353,13,17,,,bo_t_e,Bottle,new,tshirt,[np.float64(0.04875)],[np.float64(-0.28)],[1],[0],[0],[1.2092645000011544],['text_3'],,,,,17,13,353,18,1234.2967907999991,,,,,,,,1234.2732704999944,1234.2967907999991,1234.2967907999991,1234.2967907999991,0.003547700005583465,1235.4849027999953,tshirt,[np.float64(0.04875)],[np.float64(-0.28)],[1],[0],[0],[1.2092645000011544],['text_3'],Participant 04 ,001,2025-10-17_22h50.59.153,Word Priming Experiment,,2025.1.1,118.77754153999338,2025-10-17 22h51.31.617811 +0530,
,354,14,17,,,_a_bl_,Marble,old,table,[np.float64(0.04875)],[np.float64(-0.28)],[1],[0],[0],[1.796575299995311],['text_3'],,,,,17,14,354,11,1235.5138155999957,,,,,,,,1235.4883159999954,1235.5138155999957,1235.5138155999957,1235.5138155999957,0.003276499999628868,1237.2869622999933,table,[np.float64(0.04875)],[np.float64(-0.28)],[1],[0],[0],[1.796575299995311],['text_3'],Participant 04 ,001,2025-10-17_22h50.59.153,Word Priming Experiment,,2025.1.1,118.77754153999338,2025-10-17 22h51.31.617811 +0530,
,355,15,17,,,P_li_e,Police,old,police,[np.float64(0.04875)],[np.float64(-0.28)],[1],[0],[0],[2.2593100000012782],['text_3'],,,,,17,15,355,7,1237.313949299998,,,,,,,,1237.2893022999997,1237.313949299998,1237.313949299998,1237.313949299998,0.002209400001447648,1239.5503360999937,police,[np.float64(0.04875)],[np.float64(-0.28)],[1],[0],[0],[2.2593100000012782],['text_3'],Participant 04 ,001,2025-10-17_22h50.59.153,Word Priming Experiment,,2025.1.1,118.77754153999338,2025-10-17 22h51.31.617811 +0530,
,356,16,17,,,c_s_,Case,old,case,[np.float64(0.04875)],[np.float64(-0.28)],[1],[0],[0],[1.3463883000003989],['text_3'],,,,,17,16,356,5,1239.5647813999967,,,,,,,,1239.552831699999,1239.5647813999967,1239.5647813999967,1239.5647813999967,0.0023963999992702156,1240.9014562999946,case,[np.float64(0.04875)],[np.float64(-0.28)],[1],[0],[0],[1.3463883000003989],['text_3'],Participant 04 ,001,2025-10-17_22h50.59.153,Word Priming Experiment,,2025.1.1,118.77754153999338,2025-10-17 22h51.31.617811 +0530,
,357,17,17,,,l_pt_p,Laptop,old,laptop,[np.float64(0.04875)],[np.float64(-0.28)],[1],[0],[0],[1.6287200000006123],['text_3'],,,,,17,17,357,0,1240.9305806999982,,,,,,,,1240.9052061999973,1240.9305806999982,1240.9305806999982,1240.9305806999982,0.0036110000000917353,1242.5371170999933,laptop,[np.float64(0.04875)],[np.float64(-0.28)],[1],[0],[0],[1.6287200000006123],['text_3'],Participant 04 ,001,2025-10-17_22h50.59.153,Word Priming Experiment,,2025.1.1,118.77754153999338,2025-10-17 22h51.31.617811 +0530,
,358,18,17,,,_ho_e,Phone,old,whore,[np.float64(0.04875)],[np.float64(-0.28)],[1],[0],[0],[1.4941016000011587],['text_3'],,,,,17,18,358,12,1242.5639524999933,,,,,,,,1242.5396327999988,1242.5639524999933,1242.5639524999933,1242.5639524999933,0.0023909000010462478,1244.0363746999938,whore,[np.float64(0.04875)],[np.float64(-0.28)],[1],[0],[0],[1.4941016000011587],['text_3'],Participant 04 ,001,2025-10-17_22h50.59.153,Word Priming Experiment,,2025.1.1,118.77754153999338,2025-10-17 22h51.31.617811 +0530,
,359,19,17,,,P_st_r,Poster,old,poster,[np.float64(0.04875)],[np.float64(-0.28)],[1],[0],[0],[2.4930825000046752],['text_3'],,,,,17,19,359,9,1244.0639384999959,,,,,,,,1244.0396676999953,1244.0639384999959,1244.0639384999959,1244.0639384999959,0.003126000003248919,1246.5347010999976,poster,[np.float64(0.04875)],[np.float64(-0.28)],[1],[0],[0],[2.4930825000046752],['text_3'],Participant 04 ,001,2025-10-17_22h50.59.153,Word Priming Experiment,,2025.1.1,118.77754153999338,2025-10-17 22h51.31.617811 +0530,
,360,0,18,,,p_nc_l,Pencil,new,pencil,[np.float64(0.04875)],[np.float64(-0.28)],[1],[0],[0],[2.428837299994484],['text_3'],,,,,18,0,360,16,1246.5478165999957,,,,,,,,1246.5372967000003,1246.5478165999957,1246.5478165999957,1246.5478165999957,0.0024813999989419244,1248.9690712999945,pencil,[np.float64(0.04875)],[np.float64(-0.28)],[1],[0],[0],[2.428837299994484],['text_3'],Participant 04 ,001,2025-10-17_22h50.59.153,Word Priming Experiment,,2025.1.1,118.77754153999338,2025-10-17 22h51.31.617811 +0530,
,361,1,18,,,v_s_,Vase,new,vase,[np.float64(0.04875)],[np.float64(-0.28)],[1],[0],[0],[1.4610354999967967],['text_3'],,,,,18,1,361,17,1248.9967648999955,,,,,,,,1248.971929499996,1248.9967648999955,1248.9967648999955,1248.9967648999955,0.0026881000012508593,1250.4354553999947,vase,[np.float64(0.04875)],[np.float64(-0.28)],[1],[0],[0],[1.4610354999967967],['text_3'],Participant 04 ,001,2025-10-17_22h50.59.153,Word Priming Experiment,,2025.1.1,118.77754153999338,2025-10-17 22h51.31.617811 +0530,
,362,2,18,,,T_hi_t,Tshirt,old,tshirt,[np.float64(0.04875)],[np.float64(-0.28)],[1],[0],[0],[1.6769236999971326],['text_3'],,,,,18,2,362,2,1250.463472299998,,,,,,,,1250.4384978999951,1250.463472299998,1250.463472299998,1250.463472299998,0.002892900003644172,1252.1180809999933,tshirt,[np.float64(0.04875)],[np.float64(-0.28)],[1],[0],[0],[1.6769236999971326],['text_3'],Participant 04 ,001,2025-10-17_22h50.59.153,Word Priming Experiment,,2025.1.1,118.77754153999338,2025-10-17 22h51.31.617811 +0530,
,363,3,18,,,c_m_ra,Camera,new,camera,[np.float64(0.04875)],[np.float64(-0.28)],[1],[0],[0],[1.7124058999979752],['text_3'],,,,,18,3,363,19,1252.1471282999992,,,,,,,,1252.120903199997,1252.1471282999992,1252.1471282999992,1252.1471282999992,0.002661999998963438,1253.8354999999938,camera,[np.float64(0.04875)],[np.float64(-0.28)],[1],[0],[0],[1.7124058999979752],['text_3'],Participant 04 ,001,2025-10-17_22h50.59.153,Word Priming Experiment,,2025.1.1,118.77754153999338,2025-10-17 22h51.31.617811 +0530,
,364,4,18,,,_ru_is_,Cruise,old,cruise,[np.float64(0.04875)],[np.float64(-0.28)],[1],[0],[0],[2.2122085000009974],['text_3'],,,,,18,4,364,6,1253.8635985,,,,,,,,1253.8383917999963,1253.8635985,1253.8635985,1253.8635985,0.002766199999314267,1256.0549646999934,cruise,[np.float64(0.04875)],[np.float64(-0.28)],[1],[0],[0],[2.2122085000009974],['text_3'],Participant 04 ,001,2025-10-17_22h50.59.153,Word Priming Experiment,,2025.1.1,118.77754153999338,2025-10-17 22h51.31.617811 +0530,
,365,5,18,,,P_st_r,Poster,old,poster,[np.float64(0.04875)],[np.float64(-0.28)],[1],[0],[0],[1.8066209000025992],['text_3'],,,,,18,5,365,9,1256.0803019999948,,,,,,,,1256.0600236999962,1256.0803019999948,1256.0803019999948,1256.0803019999948,0.004823899995244574,1257.8688874,poster,[np.float64(0.04875)],[np.float64(-0.28)],[1],[0],[0],[1.8066209000025992],['text_3'],Participant 04 ,001,2025-10-17_22h50.59.153,Word Priming Experiment,,2025.1.1,118.77754153999338,2025-10-17 22h51.31.617811 +0530,
,366,6,18,,,_ho_e,Phone,old,whore,[np.float64(0.04875)],[np.float64(-0.28)],[1],[0],[0],[2.226954799996747],['text_3'],,,,,18,6,366,12,1257.8969861000005,,,,,,,,1257.872222799997,1257.8969861000005,1257.8969861000005,1257.8969861000005,0.003198899998096749,1260.101422199994,whore,[np.float64(0.04875)],[np.float64(-0.28)],[1],[0],[0],[2.226954799996747],['text_3'],Participant 04 ,001,2025-10-17_22h50.59.153,Word Priming Experiment,,2025.1.1,118.77754153999338,2025-10-17 22h51.31.617811 +0530,
,367,7,18,,,K_y_,Keys,old,keys,[np.float64(0.04875)],[np.float64(-0.28)],[1],[0],[0],[1.4448300000003655],['text_3'],,,,,18,7,367,8,1260.130247699999,,,,,,,,1260.1044227999955,1260.130247699999,1260.130247699999,1260.130247699999,0.002868199997465126,1261.5529035,keys,[np.float64(0.04875)],[np.float64(-0.28)],[1],[0],[0],[1.4448300000003655],['text_3'],Participant 04 ,001,2025-10-17_22h50.59.153,Word Priming Experiment,,2025.1.1,118.77754153999338,2025-10-17 22h51.31.617811 +0530,
,368,8,18,,,c_s_,Case,old,case,[np.float64(0.04875)],[np.float64(-0.28)],[1],[0],[0],[1.3762205000020913],['text_3'],,,,,18,8,368,5,1261.5803218999936,,,,,,,,1261.5559509999948,1261.5803218999936,1261.5803218999936,1261.5803218999936,0.0028525000016088597,1262.9347667999973,case,[np.float64(0.04875)],[np.float64(-0.28)],[1],[0],[0],[1.3762205000020913],['text_3'],Participant 04 ,001,2025-10-17_22h50.59.153,Word Priming Experiment,,2025.1.1,118.77754153999338,2025-10-17 22h51.31.617811 +0530,
,369,9,18,,,_o_rd,Board,old,lord,[np.float64(0.04875)],[np.float64(-0.28)],[1],[0],[0],[1.9295148000019253],['text_3'],,,,,18,9,369,10,1262.963919599999,,,,,,,,1262.937971899999,1262.963919599999,1262.963919599999,1262.963919599999,0.0030600000027334318,1264.8728422999993,lord,[np.float64(0.04875)],[np.float64(-0.28)],[1],[0],[0],[1.9295148000019253],['text_3'],Participant 04 ,001,2025-10-17_22h50.59.153,Word Priming Experiment,,2025.1.1,118.77754153999338,2025-10-17 22h51.31.617811 +0530,
,370,10,18,,,_oo_,Book,old,book,[np.float64(0.04875)],[np.float64(-0.28)],[1],[0],[0],[2.13910179999948],['text_3'],,,,,18,10,370,13,1264.8970241999996,,,,,,,,1264.8786521999937,1264.8970241999996,1264.8970241999996,1264.8970241999996,0.005506500005139969,1267.0203032999998,book,[np.float64(0.04875)],[np.float64(-0.28)],[1],[0],[0],[2.13910179999948],['text_3'],Participant 04 ,001,2025-10-17_22h50.59.153,Word Priming Experiment,,2025.1.1,118.77754153999338,2025-10-17 22h51.31.617811 +0530,
,371,11,18,,,ta_l_,Table,new,tails,[np.float64(0.04875)],[np.float64(-0.28)],[1],[0],[0],[1.5613651000021491],['text_3'],,,,,18,11,371,15,1267.0469710999969,,,,,,,,1267.0233711999972,1267.0469710999969,1267.0469710999969,1267.0469710999969,0.0029026999982306734,1268.5894479999988,tails,[np.float64(0.04875)],[np.float64(-0.28)],[1],[0],[0],[1.5613651000021491],['text_3'],Participant 04 ,001,2025-10-17_22h50.59.153,Word Priming Experiment,,2025.1.1,118.77754153999338,2025-10-17 22h51.31.617811 +0530,
,372,12,18,,,P_li_e,Police,old,police,[np.float64(0.04875)],[np.float64(-0.28)],[1],[0],[0],[3.5216058000005432],['text_3'],,,,,18,12,372,7,1268.6139781999955,,,,,,,,1268.5941771999933,1268.6139781999955,1268.6139781999955,1268.6139781999955,0.004399800003739074,1272.1193637999968,police,[np.float64(0.04875)],[np.float64(-0.28)],[1],[0],[0],[3.5216058000005432],['text_3'],Participant 04 ,001,2025-10-17_22h50.59.153,Word Priming Experiment,,2025.1.1,118.77754153999338,2025-10-17 22h51.31.617811 +0530,
,373,13,18,,,_ou_se,mouse,old,mouse,[np.float64(0.04875)],[np.float64(-0.28)],[1],[0],[0],[1.4761435999971582],['text_3'],,,,,18,13,373,3,1272.1471676999936,,,,,,,,1272.1236214999954,1272.1471676999936,1272.1471676999936,1272.1471676999936,0.003986299998359755,1273.6020142999987,mouse,[np.float64(0.04875)],[np.float64(-0.28)],[1],[0],[0],[1.4761435999971582],['text_3'],Participant 04 ,001,2025-10-17_22h50.59.153,Word Priming Experiment,,2025.1.1,118.77754153999338,2025-10-17 22h51.31.617811 +0530,
,374,14,18,,,_a_bl_,Marble,old,table,[np.float64(0.04875)],[np.float64(-0.28)],[1],[0],[0],[1.6263595999989775],['text_3'],,,,,18,14,374,11,1273.6300214999937,,,,,,,,1273.6049552999975,1273.6300214999937,1273.6300214999937,1273.6300214999937,0.002844299997377675,1275.235181199998,table,[np.float64(0.04875)],[np.float64(-0.28)],[1],[0],[0],[1.6263595999989775],['text_3'],Participant 04 ,001,2025-10-17_22h50.59.153,Word Priming Experiment,,2025.1.1,118.77754153999338,2025-10-17 22h51.31.617811 +0530,
,375,15,18,,,_ha_t,Chart,old,vhat,[np.float64(0.04875)],[np.float64(-0.28)],[1],[0],[0],[1.561517799993453],['text_3'],,,,,18,15,375,1,1275.263096799994,,,,,,,,1275.2380923999954,1275.263096799994,1275.263096799994,1275.263096799994,0.002664400002686307,1276.8046155999982,vhat,[np.float64(0.04875)],[np.float64(-0.28)],[1],[0],[0],[1.561517799993453],['text_3'],Participant 04 ,001,2025-10-17_22h50.59.153,Word Priming Experiment,,2025.1.1,118.77754153999338,2025-10-17 22h51.31.617811 +0530,
,376,16,18,,,P_as_tr_,Pastry,old,pastry,[np.float64(0.04875)],[np.float64(-0.28)],[1],[0],[0],[3.0750442999997176],['text_3'],,,,,18,16,376,4,1276.830477399999,,,,,,,,1276.8097935999976,1276.830477399999,1276.830477399999,1276.830477399999,0.0049079000018537045,1279.8896447999941,pastry,[np.float64(0.04875)],[np.float64(-0.28)],[1],[0],[0],[3.0750442999997176],['text_3'],Participant 04 ,001,2025-10-17_22h50.59.153,Word Priming Experiment,,2025.1.1,118.77754153999338,2025-10-17 22h51.31.617811 +0530,
,377,17,18,,,c_s_io_,Cushion,new,cushion,[np.float64(0.04875)],[np.float64(-0.28)],[1],[0],[0],[3.86627210000006],['text_3'],,,,,18,17,377,14,1279.9134299999932,,,,,,,,1279.8990511999946,1279.9134299999932,1279.9134299999932,1279.9134299999932,0.008478799994918518,1283.767646399996,cushion,[np.float64(0.04875)],[np.float64(-0.28)],[1],[0],[0],[3.86627210000006],['text_3'],Participant 04 ,001,2025-10-17_22h50.59.153,Word Priming Experiment,,2025.1.1,118.77754153999338,2025-10-17 22h51.31.617811 +0530,
,378,18,18,,,bo_t_e,Bottle,new,bottle,[np.float64(0.04875)],[np.float64(-0.28)],[1],[0],[0],[1.9450883999961661],['text_3'],,,,,18,18,378,18,1283.7963964999944,,,,,,,,1283.7712694000002,1283.7963964999944,1283.7963964999944,1283.7963964999944,0.0034889000016846694,1285.719086099998,bottle,[np.float64(0.04875)],[np.float64(-0.28)],[1],[0],[0],[1.9450883999961661],['text_3'],Participant 04 ,001,2025-10-17_22h50.59.153,Word Priming Experiment,,2025.1.1,118.77754153999338,2025-10-17 22h51.31.617811 +0530,
,379,19,18,,,l_pt_p,Laptop,old,laptop,[np.float64(0.04875)],[np.float64(-0.28)],[1],[0],[0],[1.7472186000013608],['text_3'],,,,,18,19,379,0,1285.7463493999967,,,,,,,,1285.7212273999976,1285.7463493999967,1285.7463493999967,1285.7463493999967,0.0020212999952491373,1287.4714762000003,laptop,[np.float64(0.04875)],[np.float64(-0.28)],[1],[0],[0],[1.7472186000013608],['text_3'],Participant 04 ,001,2025-10-17_22h50.59.153,Word Priming Experiment,,2025.1.1,118.77754153999338,2025-10-17 22h51.31.617811 +0530,
,380,0,19,,,ta_l_,Table,new,tails,[np.float64(0.04875)],[np.float64(-0.28)],[1],[0],[0],[1.6570368000029703],['text_3'],,,,,19,0,380,15,1287.4963356999942,,,,,,,,1287.4752149999986,1287.4963356999942,1287.4963356999942,1287.4963356999942,0.0035637000037240796,1289.1373991,tails,[np.float64(0.04875)],[np.float64(-0.28)],[1],[0],[0],[1.6570368000029703],['text_3'],Participant 04 ,001,2025-10-17_22h50.59.153,Word Priming Experiment,,2025.1.1,118.77754153999338,2025-10-17 22h51.31.617811 +0530,
,381,1,19,,,_o_rd,Board,old,lord,[np.float64(0.04875)],[np.float64(-0.28)],[1],[0],[0],[1.8244334000046365],['text_3'],,,,,19,1,381,10,1289.1636072999972,,,,,,,,1289.1427566999992,1289.1636072999972,1289.1636072999972,1289.1636072999972,0.005152300000190735,1290.970088199996,lord,[np.float64(0.04875)],[np.float64(-0.28)],[1],[0],[0],[1.8244334000046365],['text_3'],Participant 04 ,001,2025-10-17_22h50.59.153,Word Priming Experiment,,2025.1.1,118.77754153999338,2025-10-17 22h51.31.617811 +0530,
,382,2,19,,,bo_t_e,Bottle,new,bottle,[np.float64(0.04875)],[np.float64(-0.28)],[1],[0],[0],[1.9429708999959985],['text_3'],,,,,19,2,382,18,1290.9964967999986,,,,,,,,1290.973421799994,1290.9964967999986,1290.9964967999986,1290.9964967999986,0.0032013999953051098,1292.9187523,bottle,[np.float64(0.04875)],[np.float64(-0.28)],[1],[0],[0],[1.9429708999959985],['text_3'],Participant 04 ,001,2025-10-17_22h50.59.153,Word Priming Experiment,,2025.1.1,118.77754153999338,2025-10-17 22h51.31.617811 +0530,
,383,3,19,,,P_st_r,Poster,old,poster,[np.float64(0.04875)],[np.float64(-0.28)],[1],[0],[0],[1.8940419999998994],['text_3'],,,,,19,3,383,9,1292.9464234999978,,,,,,,,1292.9218320999935,1292.9464234999978,1292.9464234999978,1292.9464234999978,0.0029855000029783696,1294.8186059999935,poster,[np.float64(0.04875)],[np.float64(-0.28)],[1],[0],[0],[1.8940419999998994],['text_3'],Participant 04 ,001,2025-10-17_22h50.59.153,Word Priming Experiment,,2025.1.1,118.77754153999338,2025-10-17 22h51.31.617811 +0530,
,384,4,19,,,P_li_e,Police,old,police,[np.float64(0.04875)],[np.float64(-0.28)],[1],[0],[0],[1.7098786999995355],['text_3'],,,,,19,4,384,7,1294.8482216999982,,,,,,,,1294.8229961999969,1294.8482216999982,1294.8482216999982,1294.8482216999982,0.0037658000001101755,1296.5369734999986,police,[np.float64(0.04875)],[np.float64(-0.28)],[1],[0],[0],[1.7098786999995355],['text_3'],Participant 04 ,001,2025-10-17_22h50.59.153,Word Priming Experiment,,2025.1.1,118.77754153999338,2025-10-17 22h51.31.617811 +0530,
,385,5,19,,,c_s_,Case,old,case,[np.float64(0.04875)],[np.float64(-0.28)],[1],[0],[0],[2.0581741999994847],['text_3'],,,,,19,5,385,5,1296.5630856999996,,,,,,,,1296.541498999999,1296.5630856999996,1296.5630856999996,1296.5630856999996,0.004316799997468479,1298.6024101000003,case,[np.float64(0.04875)],[np.float64(-0.28)],[1],[0],[0],[2.0581741999994847],['text_3'],Participant 04 ,001,2025-10-17_22h50.59.153,Word Priming Experiment,,2025.1.1,118.77754153999338,2025-10-17 22h51.31.617811 +0530,
,386,6,19,,,P_as_tr_,Pastry,old,pastry,[np.float64(0.04875)],[np.float64(-0.28)],[1],[0],[0],[1.8273336999991443],['text_3'],,,,,19,6,386,4,1298.6303009999974,,,,,,,,1298.6053437999944,1298.6303009999974,1298.6303009999974,1298.6303009999974,0.0027996999997412786,1300.4352091999972,pastry,[np.float64(0.04875)],[np.float64(-0.28)],[1],[0],[0],[1.8273336999991443],['text_3'],Participant 04 ,001,2025-10-17_22h50.59.153,Word Priming Experiment,,2025.1.1,118.77754153999338,2025-10-17 22h51.31.617811 +0530,
,387,7,19,,,_ou_se,mouse,old,mouse,[np.float64(0.04875)],[np.float64(-0.28)],[1],[0],[0],[1.5095577000029152],['text_3'],,,,,19,7,387,3,1300.4634447999997,,,,,,,,1300.4395117999957,1300.4634447999997,1300.4634447999997,1300.4634447999997,0.004129499997361563,1301.9519631999938,mouse,[np.float64(0.04875)],[np.float64(-0.28)],[1],[0],[0],[1.5095577000029152],['text_3'],Participant 04 ,001,2025-10-17_22h50.59.153,Word Priming Experiment,,2025.1.1,118.77754153999338,2025-10-17 22h51.31.617811 +0530,
,388,8,19,,,v_s_,Vase,new,vase,[np.float64(0.04875)],[np.float64(-0.28)],[1],[0],[0],[1.6447676999960095],['text_3'],,,,,19,8,388,17,1301.9800304999953,,,,,,,,1301.9549412999986,1301.9800304999953,1301.9800304999953,1301.9800304999953,0.002817499997036066,1303.603933499995,vase,[np.float64(0.04875)],[np.float64(-0.28)],[1],[0],[0],[1.6447676999960095],['text_3'],Participant 04 ,001,2025-10-17_22h50.59.153,Word Priming Experiment,,2025.1.1,118.77754153999338,2025-10-17 22h51.31.617811 +0530,
,389,9,19,,,_ho_e,Phone,old,whore,[np.float64(0.04875)],[np.float64(-0.28)],[1],[0],[0],[1.4567846999998437],['text_3'],,,,,19,9,389,12,1303.6299067999935,,,,,,,,1303.608395999996,1303.6299067999935,1303.6299067999935,1303.6299067999935,0.004255100000591483,1305.0681284999955,whore,[np.float64(0.04875)],[np.float64(-0.28)],[1],[0],[0],[1.4567846999998437],['text_3'],Participant 04 ,001,2025-10-17_22h50.59.153,Word Priming Experiment,,2025.1.1,118.77754153999338,2025-10-17 22h51.31.617811 +0530,
,390,10,19,,,_ha_t,Chart,old,,[np.float64(0.04875)],[np.float64(-0.28)],[1],[0],[0],[0.8280127999969409],['text_3'],,,,,19,10,390,1,1305.0964830999947,,,,,,,,1305.0724148999943,1305.0964830999947,1305.0964830999947,1305.0964830999947,0.004094299998541828,1305.9028151999955,,[np.float64(0.04875)],[np.float64(-0.28)],[1],[0],[0],[0.8280127999969409],['text_3'],Participant 04 ,001,2025-10-17_22h50.59.153,Word Priming Experiment,,2025.1.1,118.77754153999338,2025-10-17 22h51.31.617811 +0530,
,391,11,19,,,K_y_,Keys,old,chat,[np.float64(0.04875)],[np.float64(-0.28)],[1],[0],[0],[1.0948826000021654],['text_3'],,,,,19,11,391,8,1305.9300685999988,,,,,,,,1305.905193999999,1305.9300685999988,1305.9300685999988,1305.9300685999988,0.00224500000331318,1307.0022927999962,chat,[np.float64(0.04875)],[np.float64(-0.28)],[1],[0],[0],[1.0948826000021654],['text_3'],Participant 04 ,001,2025-10-17_22h50.59.153,Word Priming Experiment,,2025.1.1,118.77754153999338,2025-10-17 22h51.31.617811 +0530,
,392,12,19,,,c_m_ra,Camera,new,camera,[np.float64(0.04875)],[np.float64(-0.28)],[1],[0],[0],[2.5771088000037707],['text_3'],,,,,19,12,392,19,1307.0300747000001,,,,,,,,1307.0055522999974,1307.0300747000001,1307.0300747000001,1307.0300747000001,0.003140499997243751,1309.585191399994,camera,[np.float64(0.04875)],[np.float64(-0.28)],[1],[0],[0],[2.5771088000037707],['text_3'],Participant 04 ,001,2025-10-17_22h50.59.153,Word Priming Experiment,,2025.1.1,118.77754153999338,2025-10-17 22h51.31.617811 +0530,
,393,13,19,,,l_pt_p,Laptop,old,laptop,[np.float64(0.04875)],[np.float64(-0.28)],[1],[0],[0],[2.359750499999791],['text_3'],,,,,19,13,393,0,1309.6132784000001,,,,,,,,1309.589055599994,1309.6132784000001,1309.6132784000001,1309.6132784000001,0.0037242000034893863,1311.9517049999995,laptop,[np.float64(0.04875)],[np.float64(-0.28)],[1],[0],[0],[2.359750499999791],['text_3'],Participant 04 ,001,2025-10-17_22h50.59.153,Word Priming Experiment,,2025.1.1,118.77754153999338,2025-10-17 22h51.31.617811 +0530,
,394,14,19,,,T_hi_t,Tshirt,old,tshirt,[np.float64(0.04875)],[np.float64(-0.28)],[1],[0],[0],[1.6262802999990527],['text_3'],,,,,19,14,394,2,1311.9800695999947,,,,,,,,1311.9548463999963,1311.9800695999947,1311.9800695999947,1311.9800695999947,0.0030060999997658655,1313.5834227999949,tshirt,[np.float64(0.04875)],[np.float64(-0.28)],[1],[0],[0],[1.6262802999990527],['text_3'],Participant 04 ,001,2025-10-17_22h50.59.153,Word Priming Experiment,,2025.1.1,118.77754153999338,2025-10-17 22h51.31.617811 +0530,
,395,15,19,,,_ru_is_,Cruise,old,cruise,[np.float64(0.04875)],[np.float64(-0.28)],[1],[0],[0],[2.730919699999504],['text_3'],,,,,19,15,395,6,1313.5979955999937,,,,,,,,1313.5857741,1313.5979955999937,1313.5979955999937,1313.5979955999937,0.0022467999951913953,1316.318948299995,cruise,[np.float64(0.04875)],[np.float64(-0.28)],[1],[0],[0],[2.730919699999504],['text_3'],Participant 04 ,001,2025-10-17_22h50.59.153,Word Priming Experiment,,2025.1.1,118.77754153999338,2025-10-17 22h51.31.617811 +0530,
,396,16,19,,,_a_bl_,Marble,old,table,[np.float64(0.04875)],[np.float64(-0.28)],[1],[0],[0],[1.709821500000544],['text_3'],,,,,19,16,396,11,1316.3463422999994,,,,,,,,1316.3215748999937,1316.3463422999994,1316.3463422999994,1316.3463422999994,0.0024840999976731837,1318.0342361999938,table,[np.float64(0.04875)],[np.float64(-0.28)],[1],[0],[0],[1.709821500000544],['text_3'],Participant 04 ,001,2025-10-17_22h50.59.153,Word Priming Experiment,,2025.1.1,118.77754153999338,2025-10-17 22h51.31.617811 +0530,
,397,17,19,,,p_nc_l,Pencil,new,pencil,[np.float64(0.04875)],[np.float64(-0.28)],[1],[0],[0],[1.9270913000000292],['text_3'],,,,,19,17,397,16,1318.063133699994,,,,,,,,1318.0374558999974,1318.063133699994,1318.063133699994,1318.063133699994,0.0030696999965584837,1319.9671438000005,pencil,[np.float64(0.04875)],[np.float64(-0.28)],[1],[0],[0],[1.9270913000000292],['text_3'],Participant 04 ,001,2025-10-17_22h50.59.153,Word Priming Experiment,,2025.1.1,118.77754153999338,2025-10-17 22h51.31.617811 +0530,
,398,18,19,,,c_s_io_,Cushion,new,cushion,[np.float64(0.04875)],[np.float64(-0.28125)],[1],[0],[0],[2.0124617999972543],['text_3'],,,,,19,18,398,14,1319.9963972999976,,,,,,,,1319.9703130999987,1319.9963972999976,1319.9963972999976,1319.9963972999976,0.003035399997315835,1321.9870738999962,cushion,[np.float64(0.04875)],[np.float64(-0.28125)],[1],[0],[0],[2.0124617999972543],['text_3'],Participant 04 ,001,2025-10-17_22h50.59.153,Word Priming Experiment,,2025.1.1,118.77754153999338,2025-10-17 22h51.31.617811 +0530,
,399,19,19,,,_oo_,Book,old,book,[np.float64(0.04875)],[np.float64(-0.28125)],[1],[0],[0],[1.5907016999990446],['text_3'],,,,,19,19,399,13,1322.0127281999958,,,,,,,,1321.9914913999964,1322.0127281999958,1322.0127281999958,1322.0127281999958,0.0041883999947458506,1323.5872149999996,book,[np.float64(0.04875)],[np.float64(-0.28125)],[1],[0],[0],[1.5907016999990446],['text_3'],Participant 04 ,001,2025-10-17_22h50.59.153,Word Priming Experiment,,2025.1.1,118.77754153999338,2025-10-17 22h51.31.617811 +0530,
