pos,corr_resp,thisN,thisTrialN,thisRepN,key_resp.keys,key_resp.corr,key_resp.rt,key_resp.duration,trials.thisRepN,trials.thisTrialN,trials.thisN,trials.thisIndex,trials_2.thisRepN,trials_2.thisTrialN,trials_2.thisN,trials_2.thisIndex,thisRow.t,notes,trial.started,fixation.started,line1.started,line2.started,line3.started,line4.started,fixation.stopped,probe.started,key_resp.started,trial.stopped,trials.key_resp.keys,trials.key_resp.corr,trials.key_resp.rt,trials.key_resp.duration,trials_2.key_resp.keys,trials_2.key_resp.corr,trials_2.key_resp.rt,trials_2.key_resp.duration,participant,session,date,expName,expVersion,psychopyVersion,frameRate,expStart,
-50,x,0,0,0,x,1,0.33114220000061323,None,0,0,0,0,,,,,0.025243899999622954,,0.016565099998842925,1.008993700001156,1.008993700001156,1.008993700001156,1.008993700001156,1.008993700001156,2.010781400000269,2.010781400000269,2.010781400000269,2.3446084999995946,x,1,0.33114220000061323,None,,,,,Participant 2,001,2025-10-02_16h59.03.252,Motor Sequence Learning Bhumika Bajaj AU2320057,,2025.1.1,119.56873947341028,2025-10-02 16h59.13.242601 +0530,
150,v,1,1,0,v,1,0.5902734999981476,None,0,1,1,1,,,,,2.360121400000935,,2.3451487999991514,3.360975800002052,3.360975800002052,3.360975800002052,3.360975800002052,3.360975800002052,4.360620499999641,4.360620499999641,4.360620499999641,4.961071500001708,v,1,0.5902734999981476,None,,,,,Participant 2,001,2025-10-02_16h59.03.252,Motor Sequence Learning Bhumika Bajaj AU2320057,,2025.1.1,119.56873947341028,2025-10-02 16h59.13.242601 +0530,
50,c,2,2,0,c,1,0.5069879000002402,None,0,2,2,2,,,,,4.977297199999157,,4.961633700000675,5.960279300001275,5.960279300001275,5.960279300001275,5.960279300001275,5.960279300001275,6.960290899998654,6.960290899998654,6.960290899998654,7.477330099998653,c,1,0.5069879000002402,None,,,,,Participant 2,001,2025-10-02_16h59.03.252,Motor Sequence Learning Bhumika Bajaj AU2320057,,2025.1.1,119.56873947341028,2025-10-02 16h59.13.242601 +0530,
-150,z,3,3,0,z,1,0.46461709999857703,None,0,3,3,3,,,,,7.494123899999977,,7.477971299998899,8.477319500001613,8.477319500001613,8.477319500001613,8.477319500001613,8.477319500001613,9.47696200000064,9.47696200000064,9.47696200000064,9.94554799999969,z,1,0.46461709999857703,None,,,,,Participant 2,001,2025-10-02_16h59.03.252,Motor Sequence Learning Bhumika Bajaj AU2320057,,2025.1.1,119.56873947341028,2025-10-02 16h59.13.242601 +0530,
-50,x,4,0,1,x,1,0.862075699998968,None,1,0,4,0,,,,,9.960522199999104,,9.946079400000599,10.958823600001779,10.958823600001779,10.958823600001779,10.958823600001779,10.958823600001779,11.960055899999134,11.960055899999134,11.960055899999134,12.827226800000062,x,1,0.862075699998968,None,,,,,Participant 2,001,2025-10-02_16h59.03.252,Motor Sequence Learning Bhumika Bajaj AU2320057,,2025.1.1,119.56873947341028,2025-10-02 16h59.13.242601 +0530,
150,v,5,1,1,c,0,0.7897952000021178,None,1,1,5,1,,,,,12.84310529999857,,12.827771700001904,13.827043199999025,13.827043199999025,13.827043199999025,13.827043199999025,13.827043199999025,14.82677110000077,14.82677110000077,14.82677110000077,15.62754810000115,c,0,0.7897952000021178,None,,,,,Participant 2,001,2025-10-02_16h59.03.252,Motor Sequence Learning Bhumika Bajaj AU2320057,,2025.1.1,119.56873947341028,2025-10-02 16h59.13.242601 +0530,
50,c,6,2,1,x,0,0.4172303999985161,None,1,2,6,2,,,,,15.643743600001471,,15.628061399998842,16.62719769999967,16.62719769999967,16.62719769999967,16.62719769999967,16.62719769999967,17.62705189999906,17.62705189999906,17.62705189999906,18.05974029999925,x,0,0.4172303999985161,None,,,,,Participant 2,001,2025-10-02_16h59.03.252,Motor Sequence Learning Bhumika Bajaj AU2320057,,2025.1.1,119.56873947341028,2025-10-02 16h59.13.242601 +0530,
-150,z,7,3,1,z,1,1.0834297000001243,None,1,3,7,3,,,,,18.075631600000634,,18.06019749999905,19.0749536000003,19.0749536000003,19.0749536000003,19.0749536000003,19.0749536000003,20.075254600000335,20.057959599998867,20.057959599998867,21.142970199998672,z,1,1.0834297000001243,None,,,,,Participant 2,001,2025-10-02_16h59.03.252,Motor Sequence Learning Bhumika Bajaj AU2320057,,2025.1.1,119.56873947341028,2025-10-02 16h59.13.242601 +0530,
-50,x,8,0,2,x,1,0.9552571999993233,None,2,0,8,0,,,,,21.15861660000155,,21.143283500001417,22.144496199998684,22.144496199998684,22.144496199998684,22.144496199998684,22.144496199998684,23.142034600001352,23.142034600001352,23.142034600001352,24.108169200000702,x,1,0.9552571999993233,None,,,,,Participant 2,001,2025-10-02_16h59.03.252,Motor Sequence Learning Bhumika Bajaj AU2320057,,2025.1.1,119.56873947341028,2025-10-02 16h59.13.242601 +0530,
150,v,9,1,2,v,1,0.6402850999984366,None,2,1,9,1,,,,,24.12532629999987,,24.108735000001616,25.1138944000013,25.1138944000013,25.1138944000013,25.1138944000013,25.1138944000013,26.123809400000027,26.107612700001482,26.107612700001482,26.76030610000089,v,1,0.6402850999984366,None,,,,,Participant 2,001,2025-10-02_16h59.03.252,Motor Sequence Learning Bhumika Bajaj AU2320057,,2025.1.1,119.56873947341028,2025-10-02 16h59.13.242601 +0530,
50,c,10,2,2,c,1,0.3990559999983816,None,2,2,10,2,,,,,26.776710000001913,,26.760826500001713,27.763917799999035,27.763917799999035,27.763917799999035,27.763917799999035,27.763917799999035,28.776815900000656,28.76030030000038,28.76030030000038,29.162103800001205,c,1,0.3990559999983816,None,,,,,Participant 2,001,2025-10-02_16h59.03.252,Motor Sequence Learning Bhumika Bajaj AU2320057,,2025.1.1,119.56873947341028,2025-10-02 16h59.13.242601 +0530,
-150,z,11,3,2,z,1,0.5838249999978871,None,2,3,11,3,,,,,29.180929000001925,,29.16260880000118,30.177011100000527,30.177011100000527,30.177011100000527,30.177011100000527,30.177011100000527,31.179548500000237,31.16431360000206,31.16431360000206,31.761721599999873,z,1,0.5838249999978871,None,,,,,Participant 2,001,2025-10-02_16h59.03.252,Motor Sequence Learning Bhumika Bajaj AU2320057,,2025.1.1,119.56873947341028,2025-10-02 16h59.13.242601 +0530,
-50,x,12,0,3,x,1,0.5985154000009061,None,3,0,12,0,,,,,31.774474500001816,,31.76222929999858,32.76055479999923,32.76055479999923,32.76055479999923,32.76055479999923,32.76055479999923,33.76078880000205,33.77692279999974,33.77692279999974,34.38004469999942,x,1,0.5985154000009061,None,,,,,Participant 2,001,2025-10-02_16h59.03.252,Motor Sequence Learning Bhumika Bajaj AU2320057,,2025.1.1,119.56873947341028,2025-10-02 16h59.13.242601 +0530,
150,v,13,1,3,v,1,0.5251448000017263,None,3,1,13,1,,,,,34.394181700001354,,34.380572900001425,35.3773798000002,35.3773798000002,35.3773798000002,35.3773798000002,35.3773798000002,36.37702989999889,36.393659299999854,36.393659299999854,36.92754520000017,v,1,0.5251448000017263,None,,,,,Participant 2,001,2025-10-02_16h59.03.252,Motor Sequence Learning Bhumika Bajaj AU2320057,,2025.1.1,119.56873947341028,2025-10-02 16h59.13.242601 +0530,
50,c,14,2,3,c,1,0.6298421999999846,None,3,2,14,2,,,,,36.943467000000965,,36.92809549999947,37.94347800000105,37.94347800000105,37.94347800000105,37.94347800000105,37.94347800000105,38.94417969999995,38.92669939999905,38.92669939999905,39.56044010000187,c,1,0.6298421999999846,None,,,,,Participant 2,001,2025-10-02_16h59.03.252,Motor Sequence Learning Bhumika Bajaj AU2320057,,2025.1.1,119.56873947341028,2025-10-02 16h59.13.242601 +0530,
-150,z,15,3,3,z,1,0.5366905000009865,None,3,3,15,3,,,,,39.57710660000157,,39.560999600002106,40.56034010000076,40.56034010000076,40.56034010000076,40.56034010000076,40.56034010000076,41.56017069999871,41.56017069999871,41.56017069999871,42.11100280000028,z,1,0.5366905000009865,None,,,,,Participant 2,001,2025-10-02_16h59.03.252,Motor Sequence Learning Bhumika Bajaj AU2320057,,2025.1.1,119.56873947341028,2025-10-02 16h59.13.242601 +0530,
-50,x,16,0,4,x,1,0.6509059000018169,None,4,0,16,0,,,,,42.126959699999134,,42.11153280000144,43.1096976000008,43.1096976000008,43.1096976000008,43.1096976000008,43.1096976000008,44.11059699999896,44.11059699999896,44.11059699999896,44.77574749999985,x,1,0.6509059000018169,None,,,,,Participant 2,001,2025-10-02_16h59.03.252,Motor Sequence Learning Bhumika Bajaj AU2320057,,2025.1.1,119.56873947341028,2025-10-02 16h59.13.242601 +0530,
150,v,17,1,4,v,1,0.5125470999992103,None,4,1,17,1,,,,,44.79236600000149,,44.776297799999156,45.78003220000028,45.78003220000028,45.78003220000028,45.78003220000028,45.78003220000028,46.79205640000146,46.77615000000151,46.77615000000151,47.29350340000019,v,1,0.5125470999992103,None,,,,,Participant 2,001,2025-10-02_16h59.03.252,Motor Sequence Learning Bhumika Bajaj AU2320057,,2025.1.1,119.56873947341028,2025-10-02 16h59.13.242601 +0530,
50,c,18,2,4,c,1,0.5548137000005227,None,4,2,18,2,,,,,47.30982120000044,,47.294040400000085,48.29315180000049,48.29315180000049,48.29315180000049,48.29315180000049,48.29315180000049,49.292814700002054,49.292814700002054,49.292814700002054,49.86087839999891,c,1,0.5548137000005227,None,,,,,Participant 2,001,2025-10-02_16h59.03.252,Motor Sequence Learning Bhumika Bajaj AU2320057,,2025.1.1,119.56873947341028,2025-10-02 16h59.13.242601 +0530,
-150,z,19,3,4,z,1,0.6838685999973677,None,4,3,19,3,,,,,49.87701219999872,,49.861395100000664,50.87438040000052,50.87438040000052,50.87438040000052,50.87438040000052,50.87438040000052,51.8767039000013,51.86023589999968,51.86023589999968,52.56127869999909,z,1,0.6838685999973677,None,,,,,Participant 2,001,2025-10-02_16h59.03.252,Motor Sequence Learning Bhumika Bajaj AU2320057,,2025.1.1,119.56873947341028,2025-10-02 16h59.13.242601 +0530,
-50,x,20,0,5,x,1,0.7086726000015915,None,5,0,20,0,,,,,52.574467900001764,,52.561826199998904,53.5609403999988,53.5609403999988,53.5609403999988,53.5609403999988,53.5609403999988,54.575796699999046,54.575796699999046,54.575796699999046,55.293352500000765,x,1,0.7086726000015915,None,,,,,Participant 2,001,2025-10-02_16h59.03.252,Motor Sequence Learning Bhumika Bajaj AU2320057,,2025.1.1,119.56873947341028,2025-10-02 16h59.13.242601 +0530,
150,v,21,1,5,v,1,0.600256999998237,None,5,1,21,1,,,,,55.31007529999988,,55.293895099999645,56.31320810000034,56.31320810000034,56.31320810000034,56.31320810000034,56.31320810000034,57.3131558999994,57.29766590000145,57.29766590000145,57.91098590000183,v,1,0.600256999998237,None,,,,,Participant 2,001,2025-10-02_16h59.03.252,Motor Sequence Learning Bhumika Bajaj AU2320057,,2025.1.1,119.56873947341028,2025-10-02 16h59.13.242601 +0530,
50,c,22,2,5,c,1,0.6427272000000812,None,5,2,22,2,,,,,57.92702830000053,,57.91151320000063,58.92671089999931,58.92671089999931,58.92671089999931,58.92671089999931,58.92671089999931,59.926823000001605,59.91018230000191,59.91018230000191,60.561465200000384,c,1,0.6427272000000812,None,,,,,Participant 2,001,2025-10-02_16h59.03.252,Motor Sequence Learning Bhumika Bajaj AU2320057,,2025.1.1,119.56873947341028,2025-10-02 16h59.13.242601 +0530,
-150,z,23,3,5,z,1,0.7083176999985881,None,5,3,23,3,,,,,60.577198599999974,,60.562003600000025,61.562670100000105,61.562670100000105,61.562670100000105,61.562670100000105,61.562670100000105,62.56422989999919,62.56422989999919,62.56422989999919,63.277419300000474,z,1,0.7083176999985881,None,,,,,Participant 2,001,2025-10-02_16h59.03.252,Motor Sequence Learning Bhumika Bajaj AU2320057,,2025.1.1,119.56873947341028,2025-10-02 16h59.13.242601 +0530,
-50,x,24,0,6,x,1,0.5364045999995142,None,6,0,24,0,,,,,63.2932636000005,,63.2780434999986,64.27918810000119,64.27918810000119,64.27918810000119,64.27918810000119,64.27918810000119,65.29341990000103,65.27724370000215,65.27724370000215,65.82737730000008,x,1,0.5364045999995142,None,,,,,Participant 2,001,2025-10-02_16h59.03.252,Motor Sequence Learning Bhumika Bajaj AU2320057,,2025.1.1,119.56873947341028,2025-10-02 16h59.13.242601 +0530,
150,v,25,1,6,v,1,0.4880754000005254,None,6,1,25,1,,,,,65.84308850000161,,65.82801699999982,66.83189710000079,66.83189710000079,66.83189710000079,66.83189710000079,66.83189710000079,67.8434156000003,67.82660709999982,67.82660709999982,68.33210809999946,v,1,0.4880754000005254,None,,,,,Participant 2,001,2025-10-02_16h59.03.252,Motor Sequence Learning Bhumika Bajaj AU2320057,,2025.1.1,119.56873947341028,2025-10-02 16h59.13.242601 +0530,
50,c,26,2,6,c,1,0.5391569999992498,None,6,2,26,2,,,,,68.3477442000003,,68.3332315000007,69.34698740000022,69.34698740000022,69.34698740000022,69.34698740000022,69.34698740000022,70.34534490000078,70.34534490000078,70.34534490000078,70.89400229999956,c,1,0.5391569999992498,None,,,,,Participant 2,001,2025-10-02_16h59.03.252,Motor Sequence Learning Bhumika Bajaj AU2320057,,2025.1.1,119.56873947341028,2025-10-02 16h59.13.242601 +0530,
-150,z,27,3,6,z,1,0.4813752999980352,None,6,3,27,3,,,,,70.91003230000206,,70.89451760000156,71.89334990000134,71.89334990000134,71.89334990000134,71.89334990000134,71.89334990000134,72.89394700000048,72.89394700000048,72.89394700000048,73.392203899999,z,1,0.4813752999980352,None,,,,,Participant 2,001,2025-10-02_16h59.03.252,Motor Sequence Learning Bhumika Bajaj AU2320057,,2025.1.1,119.56873947341028,2025-10-02 16h59.13.242601 +0530,
-50,x,28,0,7,x,1,0.8179889999992156,None,7,0,28,0,,,,,73.40874650000114,,73.39270500000202,74.39566679999916,74.39566679999916,74.39566679999916,74.39566679999916,74.39566679999916,75.40861919999952,75.40861919999952,75.40861919999952,76.22883390000061,x,1,0.8179889999992156,None,,,,,Participant 2,001,2025-10-02_16h59.03.252,Motor Sequence Learning Bhumika Bajaj AU2320057,,2025.1.1,119.56873947341028,2025-10-02 16h59.13.242601 +0530,
150,v,29,1,7,v,1,0.318529900003341,None,7,1,29,1,,,,,76.24342109999998,,76.22937129999991,77.22972339999978,77.22972339999978,77.22972339999978,77.22972339999978,77.22972339999978,78.243437000001,78.243437000001,78.243437000001,78.57704240000021,v,1,0.318529900003341,None,,,,,Participant 2,001,2025-10-02_16h59.03.252,Motor Sequence Learning Bhumika Bajaj AU2320057,,2025.1.1,119.56873947341028,2025-10-02 16h59.13.242601 +0530,
50,c,30,2,7,c,1,0.6682145000013406,None,7,2,30,2,,,,,78.59285119999913,,78.57756309999968,79.58055330000207,79.58055330000207,79.58055330000207,79.58055330000207,79.58055330000207,80.59323719999884,80.57731050000075,80.57731050000075,81.24712809999983,c,1,0.6682145000013406,None,,,,,Participant 2,001,2025-10-02_16h59.03.252,Motor Sequence Learning Bhumika Bajaj AU2320057,,2025.1.1,119.56873947341028,2025-10-02 16h59.13.242601 +0530,
-150,z,31,3,7,z,1,0.5497603000003437,None,7,3,31,3,,,,,81.26334309999947,,81.24795230000018,82.25888549999945,82.25888549999945,82.25888549999945,82.25888549999945,82.25888549999945,83.27647050000087,83.25992649999898,83.25992649999898,83.8116345999988,z,1,0.5497603000003437,None,,,,,Participant 2,001,2025-10-02_16h59.03.252,Motor Sequence Learning Bhumika Bajaj AU2320057,,2025.1.1,119.56873947341028,2025-10-02 16h59.13.242601 +0530,
-50,x,32,0,8,x,1,0.7257701999988058,None,8,0,32,0,,,,,83.82704260000173,,83.8121596000019,84.82629019999877,84.82629019999877,84.82629019999877,84.82629019999877,84.82629019999877,85.82996289999937,85.81350020000173,85.81350020000173,86.54404430000068,x,1,0.7257701999988058,None,,,,,Participant 2,001,2025-10-02_16h59.03.252,Motor Sequence Learning Bhumika Bajaj AU2320057,,2025.1.1,119.56873947341028,2025-10-02 16h59.13.242601 +0530,
150,v,33,1,8,v,1,0.42972759999975096,None,8,1,33,1,,,,,86.55845730000146,,86.5445264000009,87.55787269999928,87.55787269999928,87.55787269999928,87.55787269999928,87.55787269999928,88.5594115999993,88.5594115999993,88.5594115999993,88.9931273000002,v,1,0.42972759999975096,None,,,,,Participant 2,001,2025-10-02_16h59.03.252,Motor Sequence Learning Bhumika Bajaj AU2320057,,2025.1.1,119.56873947341028,2025-10-02 16h59.13.242601 +0530,
50,c,34,2,8,c,1,0.4791557999997167,None,8,2,34,2,,,,,89.0092427999989,,88.9936521999989,90.01049309999871,90.01049309999871,90.01049309999871,90.01049309999871,90.01049309999871,91.0259369000014,90.99077519999992,90.99077519999992,91.47637380000015,c,1,0.4791557999997167,None,,,,,Participant 2,001,2025-10-02_16h59.03.252,Motor Sequence Learning Bhumika Bajaj AU2320057,,2025.1.1,119.56873947341028,2025-10-02 16h59.13.242601 +0530,
-150,z,35,3,8,z,1,0.345316199996887,None,8,3,35,3,,,,,91.49287919999915,,91.47689560000072,92.47613270000147,92.47613270000147,92.47613270000147,92.47613270000147,92.47613270000147,93.47633359999963,93.47633359999963,93.47633359999963,93.82699209999919,z,1,0.345316199996887,None,,,,,Participant 2,001,2025-10-02_16h59.03.252,Motor Sequence Learning Bhumika Bajaj AU2320057,,2025.1.1,119.56873947341028,2025-10-02 16h59.13.242601 +0530,
-50,x,36,0,9,x,1,0.73639650000041,None,9,0,36,0,,,,,93.84297910000168,,93.8275407000001,94.82619909999994,94.82619909999994,94.82619909999994,94.82619909999994,94.82619909999994,95.82634909999979,95.82634909999979,95.82634909999979,96.5770010999986,x,1,0.73639650000041,None,,,,,Participant 2,001,2025-10-02_16h59.03.252,Motor Sequence Learning Bhumika Bajaj AU2320057,,2025.1.1,119.56873947341028,2025-10-02 16h59.13.242601 +0530,
150,v,37,1,9,v,1,0.37801320000289707,None,9,1,37,1,,,,,96.59366930000033,,96.57753260000027,97.57614680000188,97.57614680000188,97.57614680000188,97.57614680000188,97.57614680000188,98.59306060000017,98.59306060000017,98.59306060000017,98.97663040000043,v,1,0.37801320000289707,None,,,,,Participant 2,001,2025-10-02_16h59.03.252,Motor Sequence Learning Bhumika Bajaj AU2320057,,2025.1.1,119.56873947341028,2025-10-02 16h59.13.242601 +0530,
50,c,38,2,9,c,1,0.6282820000014908,None,9,2,38,2,,,,,98.99146689999907,,98.97719470000084,99.97637709999981,99.97637709999981,99.97637709999981,99.97637709999981,99.97637709999981,100.97602259999985,100.97602259999985,100.97602259999985,101.60777990000133,c,1,0.6282820000014908,None,,,,,Participant 2,001,2025-10-02_16h59.03.252,Motor Sequence Learning Bhumika Bajaj AU2320057,,2025.1.1,119.56873947341028,2025-10-02 16h59.13.242601 +0530,
-150,z,39,3,9,z,1,0.3726994000026025,None,9,3,39,3,,,,,101.6242788999989,,101.60831110000072,102.61289970000144,102.61289970000144,102.61289970000144,102.61289970000144,102.61289970000144,103.62592740000036,103.61004700000194,103.61004700000194,103.99381450000146,z,1,0.3726994000026025,None,,,,,Participant 2,001,2025-10-02_16h59.03.252,Motor Sequence Learning Bhumika Bajaj AU2320057,,2025.1.1,119.56873947341028,2025-10-02 16h59.13.242601 +0530,
-50,x,40,0,10,x,1,0.11524669999926118,None,10,0,40,0,,,,,104.00826750000124,,103.99438989999908,105.00766060000024,105.00766060000024,105.00766060000024,105.00766060000024,105.00766060000024,106.00845530000151,106.00845530000151,106.00845530000151,106.12616139999955,x,1,0.11524669999926118,None,,,,,Participant 2,001,2025-10-02_16h59.03.252,Motor Sequence Learning Bhumika Bajaj AU2320057,,2025.1.1,119.56873947341028,2025-10-02 16h59.13.242601 +0530,
150,v,41,1,10,v,1,0.57633160000114,None,10,1,41,1,,,,,106.14082330000019,,106.12651140000162,107.12592120000045,107.12592120000045,107.12592120000045,107.12592120000045,107.12592120000045,108.12381929999901,108.12381929999901,108.12381929999901,108.71046940000087,v,1,0.57633160000114,None,,,,,Participant 2,001,2025-10-02_16h59.03.252,Motor Sequence Learning Bhumika Bajaj AU2320057,,2025.1.1,119.56873947341028,2025-10-02 16h59.13.242601 +0530,
50,c,42,2,10,c,1,0.3667801000010513,None,10,2,42,2,,,,,108.72616670000207,,108.71099360000153,109.70961679999891,109.70961679999891,109.70961679999891,109.70961679999891,109.70961679999891,110.70934240000133,110.72587610000119,110.72587610000119,111.09423280000192,c,1,0.3667801000010513,None,,,,,Participant 2,001,2025-10-02_16h59.03.252,Motor Sequence Learning Bhumika Bajaj AU2320057,,2025.1.1,119.56873947341028,2025-10-02 16h59.13.242601 +0530,
-150,z,43,3,10,z,1,0.4070685000006051,None,10,3,43,3,,,,,111.10947410000153,,111.09476279999944,112.09252330000163,112.09252330000163,112.09252330000163,112.09252330000163,112.09252330000163,113.09229979999873,113.1094477000006,113.1094477000006,113.52601950000098,z,1,0.4070685000006051,None,,,,,Participant 2,001,2025-10-02_16h59.03.252,Motor Sequence Learning Bhumika Bajaj AU2320057,,2025.1.1,119.56873947341028,2025-10-02 16h59.13.242601 +0530,
-50,x,44,0,11,x,1,0.5596298000018578,None,11,0,44,0,,,,,113.54242150000209,,113.52656669999851,114.52618319999965,114.52618319999965,114.52618319999965,114.52618319999965,114.52618319999965,115.52885999999853,115.52885999999853,115.52885999999853,116.09775160000208,x,1,0.5596298000018578,None,,,,,Participant 2,001,2025-10-02_16h59.03.252,Motor Sequence Learning Bhumika Bajaj AU2320057,,2025.1.1,119.56873947341028,2025-10-02 16h59.13.242601 +0530,
150,v,45,1,11,v,1,0.32567720000224654,None,11,1,45,1,,,,,116.11297310000009,,116.09872109999924,117.1078536999994,117.1078536999994,117.1078536999994,117.1078536999994,117.1078536999994,118.10904880000089,118.10904880000089,118.10904880000089,118.44346410000071,v,1,0.32567720000224654,None,,,,,Participant 2,001,2025-10-02_16h59.03.252,Motor Sequence Learning Bhumika Bajaj AU2320057,,2025.1.1,119.56873947341028,2025-10-02 16h59.13.242601 +0530,
50,c,46,2,11,c,1,0.3492765999981202,None,11,2,46,2,,,,,118.45904910000172,,118.443989899999,119.45757239999875,119.45757239999875,119.45757239999875,119.45757239999875,119.45757239999875,120.45701610000106,120.45701610000106,120.45701610000106,120.81004649999886,c,1,0.3492765999981202,None,,,,,Participant 2,001,2025-10-02_16h59.03.252,Motor Sequence Learning Bhumika Bajaj AU2320057,,2025.1.1,119.56873947341028,2025-10-02 16h59.13.242601 +0530,
-150,z,47,3,11,z,1,0.2974082000000635,None,11,3,47,3,,,,,120.82594969999991,,120.81058920000214,121.80898960000195,121.80898960000195,121.80898960000195,121.80898960000195,121.80898960000195,122.80851429999893,122.82649540000057,122.82649540000057,123.12657910000053,z,1,0.2974082000000635,None,,,,,Participant 2,001,2025-10-02_16h59.03.252,Motor Sequence Learning Bhumika Bajaj AU2320057,,2025.1.1,119.56873947341028,2025-10-02 16h59.13.242601 +0530,
-50,x,48,0,12,x,1,0.5025259000030928,None,12,0,48,0,,,,,123.14317680000022,,123.12709650000033,124.12534589999996,124.12534589999996,124.12534589999996,124.12534589999996,124.12534589999996,125.12599169999885,125.12599169999885,125.12599169999885,125.6431236999997,x,1,0.5025259000030928,None,,,,,Participant 2,001,2025-10-02_16h59.03.252,Motor Sequence Learning Bhumika Bajaj AU2320057,,2025.1.1,119.56873947341028,2025-10-02 16h59.13.242601 +0530,
150,v,49,1,12,v,1,0.40747560000090743,None,12,1,49,1,,,,,125.65955450000183,,125.6436520999996,126.6426758000016,126.6426758000016,126.6426758000016,126.6426758000016,126.6426758000016,127.64121919999889,127.64121919999889,127.64121919999889,128.05813910000143,v,1,0.40747560000090743,None,,,,,Participant 2,001,2025-10-02_16h59.03.252,Motor Sequence Learning Bhumika Bajaj AU2320057,,2025.1.1,119.56873947341028,2025-10-02 16h59.13.242601 +0530,
50,c,50,2,12,c,1,0.4087432999986049,None,12,2,50,2,,,,,128.07536700000128,,128.0587278000021,129.05911280000146,129.05911280000146,129.05911280000146,129.05911280000146,129.05911280000146,130.07534680000026,130.05875310000192,130.05875310000192,130.47672189999867,c,1,0.4087432999986049,None,,,,,Participant 2,001,2025-10-02_16h59.03.252,Motor Sequence Learning Bhumika Bajaj AU2320057,,2025.1.1,119.56873947341028,2025-10-02 16h59.13.242601 +0530,
-150,z,51,3,12,z,1,0.46550099999876693,None,12,3,51,3,,,,,130.49239370000214,,130.47725870000068,131.4754752000008,131.4754752000008,131.4754752000008,131.4754752000008,131.4754752000008,132.47636499999862,132.47636499999862,132.47636499999862,132.95983210000122,z,1,0.46550099999876693,None,,,,,Participant 2,001,2025-10-02_16h59.03.252,Motor Sequence Learning Bhumika Bajaj AU2320057,,2025.1.1,119.56873947341028,2025-10-02 16h59.13.242601 +0530,
-50,x,52,0,13,x,1,0.30594960000235005,None,13,0,52,0,,,,,132.9769051000003,,132.96036409999942,133.95894279999993,133.95894279999993,133.95894279999993,133.95894279999993,133.95894279999993,134.95686230000138,134.95686230000138,134.95686230000138,135.27610840000125,x,1,0.30594960000235005,None,,,,,Participant 2,001,2025-10-02_16h59.03.252,Motor Sequence Learning Bhumika Bajaj AU2320057,,2025.1.1,119.56873947341028,2025-10-02 16h59.13.242601 +0530,
150,v,53,1,13,v,1,0.3458476999985578,None,13,1,53,1,,,,,135.29236799999853,,135.27665569999954,136.27595089999886,136.27595089999886,136.27595089999886,136.27595089999886,136.27595089999886,137.275293900002,137.275293900002,137.275293900002,137.62656549999883,v,1,0.3458476999985578,None,,,,,Participant 2,001,2025-10-02_16h59.03.252,Motor Sequence Learning Bhumika Bajaj AU2320057,,2025.1.1,119.56873947341028,2025-10-02 16h59.13.242601 +0530,
50,c,54,2,13,c,1,0.5585093000008783,None,13,2,54,2,,,,,137.64307940000072,,137.6271115999989,138.62583209999866,138.62583209999866,138.62583209999866,138.62583209999866,138.62583209999866,139.62580140000136,139.62580140000136,139.62580140000136,140.19312020000143,c,1,0.5585093000008783,None,,,,,Participant 2,001,2025-10-02_16h59.03.252,Motor Sequence Learning Bhumika Bajaj AU2320057,,2025.1.1,119.56873947341028,2025-10-02 16h59.13.242601 +0530,
-150,z,55,3,13,z,1,0.26793650000035996,None,13,3,55,3,,,,,140.20983160000105,,140.19367150000107,141.19647690000056,141.19647690000056,141.19647690000056,141.19647690000056,141.19647690000056,142.2124494000018,142.1960289000017,142.1960289000017,142.47637110000142,z,1,0.26793650000035996,None,,,,,Participant 2,001,2025-10-02_16h59.03.252,Motor Sequence Learning Bhumika Bajaj AU2320057,,2025.1.1,119.56873947341028,2025-10-02 16h59.13.242601 +0530,
-50,x,56,0,14,x,1,0.3847533999978623,None,14,0,56,0,,,,,142.49232810000103,,142.4769226999997,143.47888450000028,143.47888450000028,143.47888450000028,143.47888450000028,143.47888450000028,144.4934342000015,144.47564480000074,144.47564480000074,144.87718759999916,x,1,0.3847533999978623,None,,,,,Participant 2,001,2025-10-02_16h59.03.252,Motor Sequence Learning Bhumika Bajaj AU2320057,,2025.1.1,119.56873947341028,2025-10-02 16h59.13.242601 +0530,
150,v,57,1,14,v,1,0.7363933000015095,None,14,1,57,1,,,,,144.89227290000053,,144.87777519999872,145.8898095000004,145.8898095000004,145.8898095000004,145.8898095000004,145.8898095000004,146.89253889999964,146.89253889999964,146.89253889999964,147.64327609999964,v,1,0.7363933000015095,None,,,,,Participant 2,001,2025-10-02_16h59.03.252,Motor Sequence Learning Bhumika Bajaj AU2320057,,2025.1.1,119.56873947341028,2025-10-02 16h59.13.242601 +0530,
50,c,58,2,14,c,1,0.3984377000015229,None,14,2,58,2,,,,,147.65873519999877,,147.64379840000038,148.6592664000018,148.6592664000018,148.6592664000018,148.6592664000018,148.6592664000018,149.65929160000087,149.642382500002,149.642382500002,150.04376359999878,c,1,0.3984377000015229,None,,,,,Participant 2,001,2025-10-02_16h59.03.252,Motor Sequence Learning Bhumika Bajaj AU2320057,,2025.1.1,119.56873947341028,2025-10-02 16h59.13.242601 +0530,
-150,z,59,3,14,z,1,0.2880766999987827,None,14,3,59,3,,,,,150.05911320000087,,150.04430460000003,151.0574106999993,151.0574106999993,151.0574106999993,151.0574106999993,151.0574106999993,152.05898900000102,152.05898900000102,152.05898900000102,152.35921710000184,z,1,0.2880766999987827,None,,,,,Participant 2,001,2025-10-02_16h59.03.252,Motor Sequence Learning Bhumika Bajaj AU2320057,,2025.1.1,119.56873947341028,2025-10-02 16h59.13.242601 +0530,
-50,x,60,0,15,x,1,0.28205370000068797,None,15,0,60,0,,,,,152.37487060000058,,152.3597507000013,153.3587135000016,153.3587135000016,153.3587135000016,153.3587135000016,153.3587135000016,154.35893190000206,154.35893190000206,154.35893190000206,154.64366919999884,x,1,0.28205370000068797,None,,,,,Participant 2,001,2025-10-02_16h59.03.252,Motor Sequence Learning Bhumika Bajaj AU2320057,,2025.1.1,119.56873947341028,2025-10-02 16h59.13.242601 +0530,
150,v,61,1,15,v,1,0.6923458999990544,None,15,1,61,1,,,,,154.6591741000011,,154.6442050000005,155.6588894000015,155.6588894000015,155.6588894000015,155.6588894000015,155.6588894000015,156.65894649999973,156.65894649999973,156.65894649999973,157.35977540000022,v,1,0.6923458999990544,None,,,,,Participant 2,001,2025-10-02_16h59.03.252,Motor Sequence Learning Bhumika Bajaj AU2320057,,2025.1.1,119.56873947341028,2025-10-02 16h59.13.242601 +0530,
50,c,62,2,15,c,1,0.36039330000130576,None,15,2,62,2,,,,,157.3754192999986,,157.3603073000013,158.35883939999985,158.35883939999985,158.35883939999985,158.35883939999985,158.35883939999985,159.35865380000178,159.35865380000178,159.35865380000178,159.72625799999878,c,1,0.36039330000130576,None,,,,,Participant 2,001,2025-10-02_16h59.03.252,Motor Sequence Learning Bhumika Bajaj AU2320057,,2025.1.1,119.56873947341028,2025-10-02 16h59.13.242601 +0530,
-150,z,63,3,15,z,1,0.583625099996425,None,15,3,63,3,,,,,159.74268719999964,,159.72677789999943,160.7251036000016,160.7251036000016,160.7251036000016,160.7251036000016,160.7251036000016,161.72659850000127,161.72659850000127,161.72659850000127,162.31420649999927,z,1,0.583625099996425,None,,,,,Participant 2,001,2025-10-02_16h59.03.252,Motor Sequence Learning Bhumika Bajaj AU2320057,,2025.1.1,119.56873947341028,2025-10-02 16h59.13.242601 +0530,
-50,x,64,0,16,x,1,0.3109946999975364,None,16,0,64,0,,,,,162.32976430000053,,162.3150835000015,163.32315139999992,163.32315139999992,163.32315139999992,163.32315139999992,163.32315139999992,164.3279075999999,164.3279075999999,164.3279075999999,164.64303400000063,x,1,0.3109946999975364,None,,,,,Participant 2,001,2025-10-02_16h59.03.252,Motor Sequence Learning Bhumika Bajaj AU2320057,,2025.1.1,119.56873947341028,2025-10-02 16h59.13.242601 +0530,
150,v,65,1,16,v,1,0.3232219999990775,None,16,1,65,1,,,,,164.65879979999954,,164.6435695,165.64508990000104,165.64508990000104,165.64508990000104,165.64508990000104,165.64508990000104,166.65919700000086,166.64215930000137,166.64215930000137,166.97716539999965,v,1,0.3232219999990775,None,,,,,Participant 2,001,2025-10-02_16h59.03.252,Motor Sequence Learning Bhumika Bajaj AU2320057,,2025.1.1,119.56873947341028,2025-10-02 16h59.13.242601 +0530,
50,c,66,2,16,c,1,0.37115620000258787,None,16,2,66,2,,,,,166.99220060000152,,166.97777700000006,167.99186439999903,167.99186439999903,167.99186439999903,167.99186439999903,167.99186439999903,168.99022329999934,168.99022329999934,168.99022329999934,169.37649769999916,c,1,0.37115620000258787,None,,,,,Participant 2,001,2025-10-02_16h59.03.252,Motor Sequence Learning Bhumika Bajaj AU2320057,,2025.1.1,119.56873947341028,2025-10-02 16h59.13.242601 +0530,
-150,z,67,3,16,z,1,0.5833630000015546,None,16,3,67,3,,,,,169.39238390000173,,169.37701559999914,170.39186120000159,170.39186120000159,170.39186120000159,170.39186120000159,170.39186120000159,171.39198390000092,171.39198390000092,171.39198390000092,171.97670460000154,z,1,0.5833630000015546,None,,,,,Participant 2,001,2025-10-02_16h59.03.252,Motor Sequence Learning Bhumika Bajaj AU2320057,,2025.1.1,119.56873947341028,2025-10-02 16h59.13.242601 +0530,
-50,x,68,0,17,x,1,0.46161600000050385,None,17,0,68,0,,,,,171.99272030000066,,171.97722670000076,172.99174080000012,172.99174080000012,172.99174080000012,172.99174080000012,172.99174080000012,173.99182329999894,173.9754839999987,173.9754839999987,174.44374560000142,x,1,0.46161600000050385,None,,,,,Participant 2,001,2025-10-02_16h59.03.252,Motor Sequence Learning Bhumika Bajaj AU2320057,,2025.1.1,119.56873947341028,2025-10-02 16h59.13.242601 +0530,
150,v,69,1,17,v,1,0.38138210000033723,None,17,1,69,1,,,,,174.45849200000157,,174.44428340000013,175.4590644000018,175.4590644000018,175.4590644000018,175.4590644000018,175.4590644000018,176.45594609999898,176.43930040000123,176.43930040000123,176.8245332000006,v,1,0.38138210000033723,None,,,,,Participant 2,001,2025-10-02_16h59.03.252,Motor Sequence Learning Bhumika Bajaj AU2320057,,2025.1.1,119.56873947341028,2025-10-02 16h59.13.242601 +0530,
50,c,70,2,17,c,1,0.38066470000194386,None,17,2,70,2,,,,,176.8319302000018,,176.82537140000204,177.8231409,177.8231409,177.8231409,177.8231409,177.8231409,178.81411429999935,178.82296390000192,178.82296390000192,179.20910319999894,c,1,0.38066470000194386,None,,,,,Participant 2,001,2025-10-02_16h59.03.252,Motor Sequence Learning Bhumika Bajaj AU2320057,,2025.1.1,119.56873947341028,2025-10-02 16h59.13.242601 +0530,
-150,z,71,3,17,z,1,0.5440657999970426,None,17,3,71,3,,,,,179.2260610000012,,179.20963200000187,180.22462129999985,180.22462129999985,180.22462129999985,180.22462129999985,180.22462129999985,181.22475549999945,181.20967670000027,181.20967670000027,181.75884470000165,z,1,0.5440657999970426,None,,,,,Participant 2,001,2025-10-02_16h59.03.252,Motor Sequence Learning Bhumika Bajaj AU2320057,,2025.1.1,119.56873947341028,2025-10-02 16h59.13.242601 +0530,
-50,x,72,0,18,x,1,0.31271249999917927,None,18,0,72,0,,,,,181.77560190000077,,181.75936830000137,182.7588684000002,182.7588684000002,182.7588684000002,182.7588684000002,182.7588684000002,183.75860069999908,183.75860069999908,183.75860069999908,184.07614860000103,x,1,0.31271249999917927,None,,,,,Participant 2,001,2025-10-02_16h59.03.252,Motor Sequence Learning Bhumika Bajaj AU2320057,,2025.1.1,119.56873947341028,2025-10-02 16h59.13.242601 +0530,
150,v,73,1,18,v,1,0.3122765000007348,None,18,1,73,1,,,,,184.09209760000158,,184.07705989999886,185.07838400000037,185.07838400000037,185.07838400000037,185.07838400000037,185.07838400000037,186.09598959999857,186.0780577000005,186.0780577000005,186.39684940000006,v,1,0.3122765000007348,None,,,,,Participant 2,001,2025-10-02_16h59.03.252,Motor Sequence Learning Bhumika Bajaj AU2320057,,2025.1.1,119.56873947341028,2025-10-02 16h59.13.242601 +0530,
50,c,74,2,18,c,1,0.3338365999989037,None,18,2,74,2,,,,,186.4258273000014,,186.3977347,187.39425539999866,187.39425539999866,187.39425539999866,187.39425539999866,187.39425539999866,188.39533239999946,188.41201699999874,188.41201699999874,188.76014199999918,c,1,0.3338365999989037,None,,,,,Participant 2,001,2025-10-02_16h59.03.252,Motor Sequence Learning Bhumika Bajaj AU2320057,,2025.1.1,119.56873947341028,2025-10-02 16h59.13.242601 +0530,
-150,z,75,3,18,z,1,0.5872086000017589,None,18,3,75,3,,,,,188.77442050000172,,188.76067690000127,189.77565550000145,189.77565550000145,189.77565550000145,189.77565550000145,189.77565550000145,190.77695390000008,190.77695390000008,190.77695390000008,191.37323829999877,z,1,0.5872086000017589,None,,,,,Participant 2,001,2025-10-02_16h59.03.252,Motor Sequence Learning Bhumika Bajaj AU2320057,,2025.1.1,119.56873947341028,2025-10-02 16h59.13.242601 +0530,
-50,x,76,0,19,x,1,0.5413041000028898,None,19,0,76,0,,,,,191.3909300999985,,191.37373890000163,192.37261959999887,192.37261959999887,192.37261959999887,192.37261959999887,192.37261959999887,193.3746643000013,193.3746643000013,193.3746643000013,193.92649660000097,x,1,0.5413041000028898,None,,,,,Participant 2,001,2025-10-02_16h59.03.252,Motor Sequence Learning Bhumika Bajaj AU2320057,,2025.1.1,119.56873947341028,2025-10-02 16h59.13.242601 +0530,
150,v,77,1,19,v,1,0.5267051000009815,None,19,1,77,1,,,,,193.93998790000114,,193.92703370000163,194.94157420000192,194.94157420000192,194.94157420000192,194.94157420000192,194.94157420000192,195.94222219999938,195.94222219999938,195.94222219999938,196.47364550000202,v,1,0.5267051000009815,None,,,,,Participant 2,001,2025-10-02_16h59.03.252,Motor Sequence Learning Bhumika Bajaj AU2320057,,2025.1.1,119.56873947341028,2025-10-02 16h59.13.242601 +0530,
50,c,78,2,19,x,0,0.4031336000007286,None,19,2,78,2,,,,,196.49047699999937,,196.4741552000014,197.47545399999944,197.47545399999944,197.47545399999944,197.47545399999944,197.47545399999944,198.49072660000093,198.47306880000178,198.47306880000178,198.88166990000173,x,0,0.4031336000007286,None,,,,,Participant 2,001,2025-10-02_16h59.03.252,Motor Sequence Learning Bhumika Bajaj AU2320057,,2025.1.1,119.56873947341028,2025-10-02 16h59.13.242601 +0530,
-150,z,79,3,19,z,1,0.06081439999979921,None,19,3,79,3,,,,,198.88889930000005,,198.88206830000127,199.87274940000134,199.87274940000134,199.87274940000134,199.87274940000134,199.87274940000134,200.864142800001,200.87240329999986,200.87240329999986,200.94023770000058,z,1,0.06081439999979921,None,,,,,Participant 2,001,2025-10-02_16h59.03.252,Motor Sequence Learning Bhumika Bajaj AU2320057,,2025.1.1,119.56873947341028,2025-10-02 16h59.13.242601 +0530,
-50,x,80,0,20,v,0,0.18085440000140807,None,20,0,80,0,,,,,200.9474334000006,,200.94074040000123,201.94198999999935,201.94198999999935,201.94198999999935,201.94198999999935,201.94198999999935,202.94175610000093,202.94175610000093,202.94175610000093,203.13130029999957,v,0,0.18085440000140807,None,,,,,Participant 2,001,2025-10-02_16h59.03.252,Motor Sequence Learning Bhumika Bajaj AU2320057,,2025.1.1,119.56873947341028,2025-10-02 16h59.13.242601 +0530,
150,v,81,1,20,v,1,0.5411947000029613,None,20,1,81,1,,,,,203.14148260000002,,203.1316775000014,204.14150320000044,204.14150320000044,204.14150320000044,204.14150320000044,204.14150320000044,205.13888940000106,205.1225016999997,205.1225016999997,205.66601639999863,v,1,0.5411947000029613,None,,,,,Participant 2,001,2025-10-02_16h59.03.252,Motor Sequence Learning Bhumika Bajaj AU2320057,,2025.1.1,119.56873947341028,2025-10-02 16h59.13.242601 +0530,
50,c,82,2,20,c,1,0.2411216999971657,None,20,2,82,2,,,,,205.68113950000043,,205.66653510000106,206.66624070000034,206.66624070000034,206.66624070000034,206.66624070000034,206.66624070000034,207.6841400000012,207.6841400000012,207.6841400000012,207.93177610000203,c,1,0.2411216999971657,None,,,,,Participant 2,001,2025-10-02_16h59.03.252,Motor Sequence Learning Bhumika Bajaj AU2320057,,2025.1.1,119.56873947341028,2025-10-02 16h59.13.242601 +0530,
-150,z,83,3,20,x,0,0.37888870000097086,None,20,3,83,3,,,,,207.94789300000048,,207.932332700002,208.93082109999887,208.93082109999887,208.93082109999887,208.93082109999887,208.93082109999887,209.93279249999978,209.93279249999978,209.93279249999978,210.31741780000084,x,0,0.37888870000097086,None,,,,,Participant 2,001,2025-10-02_16h59.03.252,Motor Sequence Learning Bhumika Bajaj AU2320057,,2025.1.1,119.56873947341028,2025-10-02 16h59.13.242601 +0530,
-50,x,84,0,21,x,1,0.5872426000023552,None,21,0,84,0,,,,,210.33311640000102,,210.31794179999997,211.31427130000156,211.31427130000156,211.31427130000156,211.31427130000156,211.31427130000156,212.30501540000114,212.31375929999922,212.31375929999922,212.90713170000163,x,1,0.5872426000023552,None,,,,,Participant 2,001,2025-10-02_16h59.03.252,Motor Sequence Learning Bhumika Bajaj AU2320057,,2025.1.1,119.56873947341028,2025-10-02 16h59.13.242601 +0530,
150,v,85,1,21,c,0,0.0013008999994781334,None,21,1,85,1,,,,,212.913780400002,,212.9075836000011,213.90630189999865,213.90630189999865,213.90630189999865,213.90630189999865,213.90630189999865,214.90809939999963,214.90809939999963,214.90809939999963,214.9099462000013,c,0,0.0013008999994781334,None,,,,,Participant 2,001,2025-10-02_16h59.03.252,Motor Sequence Learning Bhumika Bajaj AU2320057,,2025.1.1,119.56873947341028,2025-10-02 16h59.13.242601 +0530,
50,c,86,2,21,v,0,0.2597856000029424,None,21,2,86,2,,,,,214.92581960000098,,214.91044329999932,215.92224910000004,215.92224910000004,215.92224910000004,215.92224910000004,215.92224910000004,216.92392390000168,216.92392390000168,216.92392390000168,217.19211910000013,v,0,0.2597856000029424,None,,,,,Participant 2,001,2025-10-02_16h59.03.252,Motor Sequence Learning Bhumika Bajaj AU2320057,,2025.1.1,119.56873947341028,2025-10-02 16h59.13.242601 +0530,
-150,z,87,3,21,v,0,2.974147599998105,None,21,3,87,3,,,,,217.20842370000173,,217.19265780000205,218.19146000000183,218.19146000000183,218.19146000000183,218.19146000000183,218.19146000000183,219.2064418000009,219.2064418000009,219.2064418000009,222.1932538000001,v,0,2.974147599998105,None,,,,,Participant 2,001,2025-10-02_16h59.03.252,Motor Sequence Learning Bhumika Bajaj AU2320057,,2025.1.1,119.56873947341028,2025-10-02 16h59.13.242601 +0530,
-50,x,88,0,22,x,1,0.7117046999992453,None,22,0,88,0,,,,,222.20782830000098,,222.1937777000021,223.20811559999856,223.20811559999856,223.20811559999856,223.20811559999856,223.20811559999856,224.20883529999992,224.20883529999992,224.20883529999992,224.92655599999853,x,1,0.7117046999992453,None,,,,,Participant 2,001,2025-10-02_16h59.03.252,Motor Sequence Learning Bhumika Bajaj AU2320057,,2025.1.1,119.56873947341028,2025-10-02 16h59.13.242601 +0530,
150,v,89,1,22,v,1,0.6468409000008251,None,22,1,89,1,,,,,224.9414781000014,,224.92706729999918,225.9221088000013,225.9221088000013,225.9221088000013,225.9221088000013,225.9221088000013,226.93418949999977,226.93418949999977,226.93418949999977,227.58163830000194,v,1,0.6468409000008251,None,,,,,Participant 2,001,2025-10-02_16h59.03.252,Motor Sequence Learning Bhumika Bajaj AU2320057,,2025.1.1,119.56873947341028,2025-10-02 16h59.13.242601 +0530,
50,c,90,2,22,v,0,1.3531083999987459,None,22,2,90,2,,,,,227.59839130000182,,227.58204939999996,228.57310420000067,228.57310420000067,228.57310420000067,228.57310420000067,228.57310420000067,229.56423730000097,229.57222309999997,229.57222309999997,230.93126839999968,v,0,1.3531083999987459,None,,,,,Participant 2,001,2025-10-02_16h59.03.252,Motor Sequence Learning Bhumika Bajaj AU2320057,,2025.1.1,119.56873947341028,2025-10-02 16h59.13.242601 +0530,
-150,z,91,3,22,z,1,0.7020625000004657,None,22,3,91,3,,,,,230.93916639999952,,230.93168629999855,231.94241740000143,231.94241740000143,231.94241740000143,231.94241740000143,231.94241740000143,232.94248979999975,232.94248979999975,232.94248979999975,233.65942590000122,z,1,0.7020625000004657,None,,,,,Participant 2,001,2025-10-02_16h59.03.252,Motor Sequence Learning Bhumika Bajaj AU2320057,,2025.1.1,119.56873947341028,2025-10-02 16h59.13.242601 +0530,
-50,x,92,0,23,x,1,0.5858122999998159,None,23,0,92,0,,,,,233.67476660000102,,233.65995359999943,234.6725475000021,234.6725475000021,234.6725475000021,234.6725475000021,234.6725475000021,235.67559299999994,235.67559299999994,235.67559299999994,236.27538540000023,x,1,0.5858122999998159,None,,,,,Participant 2,001,2025-10-02_16h59.03.252,Motor Sequence Learning Bhumika Bajaj AU2320057,,2025.1.1,119.56873947341028,2025-10-02 16h59.13.242601 +0530,
150,v,93,1,23,v,1,0.5567515000002459,None,23,1,93,1,,,,,236.29189210000186,,236.27581080000164,237.29154149999886,237.29154149999886,237.29154149999886,237.29154149999886,237.29154149999886,238.29154969999945,238.27437080000163,238.27437080000163,238.8429881000011,v,1,0.5567515000002459,None,,,,,Participant 2,001,2025-10-02_16h59.03.252,Motor Sequence Learning Bhumika Bajaj AU2320057,,2025.1.1,119.56873947341028,2025-10-02 16h59.13.242601 +0530,
50,c,94,2,23,c,1,0.8617417999994359,None,23,2,94,2,,,,,238.85806859999866,,238.843525100001,239.8430812000006,239.8430812000006,239.8430812000006,239.8430812000006,239.8430812000006,240.85800749999908,240.85800749999908,240.85800749999908,241.72537379999994,c,1,0.8617417999994359,None,,,,,Participant 2,001,2025-10-02_16h59.03.252,Motor Sequence Learning Bhumika Bajaj AU2320057,,2025.1.1,119.56873947341028,2025-10-02 16h59.13.242601 +0530,
-150,z,95,3,23,z,1,0.5027066000002378,None,23,3,95,3,,,,,241.7417118000012,,241.7258890000012,242.72297529999923,242.72297529999923,242.72297529999923,242.72297529999923,242.72297529999923,243.71370849999948,243.72200679999878,243.72200679999878,244.23405300000013,z,1,0.5027066000002378,None,,,,,Participant 2,001,2025-10-02_16h59.03.252,Motor Sequence Learning Bhumika Bajaj AU2320057,,2025.1.1,119.56873947341028,2025-10-02 16h59.13.242601 +0530,
-50,x,96,0,24,x,1,1.3250170000028447,None,24,0,96,0,,,,,244.24971699999878,,244.2346292000002,245.24948529999892,245.24948529999892,245.24948529999892,245.24948529999892,245.24948529999892,246.24751230000038,246.23041999999987,246.23041999999987,247.55702329999986,x,1,1.3250170000028447,None,,,,,Participant 2,001,2025-10-02_16h59.03.252,Motor Sequence Learning Bhumika Bajaj AU2320057,,2025.1.1,119.56873947341028,2025-10-02 16h59.13.242601 +0530,
150,v,97,1,24,v,1,0.4194344000025012,None,24,1,97,1,,,,,247.56342059999952,,247.55762569999933,248.55755130000034,248.55755130000034,248.55755130000034,248.55755130000034,248.55755130000034,249.56458779999957,249.56458779999957,249.56458779999957,249.9910873000008,v,1,0.4194344000025012,None,,,,,Participant 2,001,2025-10-02_16h59.03.252,Motor Sequence Learning Bhumika Bajaj AU2320057,,2025.1.1,119.56873947341028,2025-10-02 16h59.13.242601 +0530,
50,c,98,2,24,c,1,0.8111508000001777,None,24,2,98,2,,,,,249.99705259999973,,249.99152780000077,250.99830700000166,250.99830700000166,250.99830700000166,250.99830700000166,250.99830700000166,251.999102400001,251.999102400001,251.999102400001,252.82255359999908,c,1,0.8111508000001777,None,,,,,Participant 2,001,2025-10-02_16h59.03.252,Motor Sequence Learning Bhumika Bajaj AU2320057,,2025.1.1,119.56873947341028,2025-10-02 16h59.13.242601 +0530,
-150,z,99,3,24,z,1,0.5675402999986545,None,24,3,99,3,,,,,252.83044800000062,,252.82346909999978,253.8334982999986,253.8334982999986,253.8334982999986,253.8334982999986,253.8334982999986,254.83323400000154,254.83323400000154,254.83323400000154,255.41737009999997,z,1,0.5675402999986545,None,,,,,Participant 2,001,2025-10-02_16h59.03.252,Motor Sequence Learning Bhumika Bajaj AU2320057,,2025.1.1,119.56873947341028,2025-10-02 16h59.13.242601 +0530,
-50,x,100,0,25,x,1,0.6969395999985863,None,25,0,100,0,,,,,255.4334013000007,,255.41818799999965,256.41602480000074,256.41602480000074,256.41602480000074,256.41602480000074,256.41602480000074,257.42089599999963,257.42089599999963,257.42089599999963,258.1226874999993,x,1,0.6969395999985863,None,,,,,Participant 2,001,2025-10-02_16h59.03.252,Motor Sequence Learning Bhumika Bajaj AU2320057,,2025.1.1,119.56873947341028,2025-10-02 16h59.13.242601 +0530,
150,v,101,1,25,v,1,0.4256597999992664,None,25,1,101,1,,,,,258.1305605000016,,258.12324440000157,259.122378,259.122378,259.122378,259.122378,259.122378,260.1136641000012,260.1136641000012,260.1136641000012,260.5402509000014,v,1,0.4256597999992664,None,,,,,Participant 2,001,2025-10-02_16h59.03.252,Motor Sequence Learning Bhumika Bajaj AU2320057,,2025.1.1,119.56873947341028,2025-10-02 16h59.13.242601 +0530,
50,c,102,2,25,c,1,0.8738468999981706,None,25,2,102,2,,,,,260.5474165000014,,260.54079009999987,261.5496999999996,261.5496999999996,261.5496999999996,261.5496999999996,261.5496999999996,262.5658590000021,262.5487166000021,262.5487166000021,263.4317335000014,c,1,0.8738468999981706,None,,,,,Participant 2,001,2025-10-02_16h59.03.252,Motor Sequence Learning Bhumika Bajaj AU2320057,,2025.1.1,119.56873947341028,2025-10-02 16h59.13.242601 +0530,
-150,z,103,3,25,z,1,0.37249700000029407,None,25,3,103,3,,,,,263.4476367999996,,263.4323235000011,264.4324052000011,264.4324052000011,264.4324052000011,264.4324052000011,264.4324052000011,265.43122349999976,265.43122349999976,265.43122349999976,265.81533639999907,z,1,0.37249700000029407,None,,,,,Participant 2,001,2025-10-02_16h59.03.252,Motor Sequence Learning Bhumika Bajaj AU2320057,,2025.1.1,119.56873947341028,2025-10-02 16h59.13.242601 +0530,
-50,x,104,0,26,x,1,0.6895963000024494,None,26,0,104,0,,,,,265.83217109999896,,265.81591019999905,266.8162494999997,266.8162494999997,266.8162494999997,266.8162494999997,266.8162494999997,267.8232563999991,267.8232563999991,267.8232563999991,268.52332770000066,x,1,0.6895963000024494,None,,,,,Participant 2,001,2025-10-02_16h59.03.252,Motor Sequence Learning Bhumika Bajaj AU2320057,,2025.1.1,119.56873947341028,2025-10-02 16h59.13.242601 +0530,
150,v,105,1,26,v,1,0.6577197999977216,None,26,1,105,1,,,,,268.5330055000013,,268.5237597000014,269.5248912999996,269.5248912999996,269.5248912999996,269.5248912999996,269.5248912999996,270.52513030000046,270.52513030000046,270.52513030000046,271.19179839999924,v,1,0.6577197999977216,None,,,,,Participant 2,001,2025-10-02_16h59.03.252,Motor Sequence Learning Bhumika Bajaj AU2320057,,2025.1.1,119.56873947341028,2025-10-02 16h59.13.242601 +0530,
50,c,106,2,26,c,1,0.4448591000000306,None,26,2,106,2,,,,,271.20824429999993,,271.1923870999999,272.19119019999926,272.19119019999926,272.19119019999926,272.19119019999926,272.19119019999926,273.19214400000055,273.19214400000055,273.19214400000055,273.64244060000055,c,1,0.4448591000000306,None,,,,,Participant 2,001,2025-10-02_16h59.03.252,Motor Sequence Learning Bhumika Bajaj AU2320057,,2025.1.1,119.56873947341028,2025-10-02 16h59.13.242601 +0530,
-150,z,107,3,26,z,1,0.563610899997002,None,26,3,107,3,,,,,273.65771909999967,,273.64298319999943,274.6582444000014,274.6582444000014,274.6582444000014,274.6582444000014,274.6582444000014,275.6724193000009,275.65680200000133,275.65680200000133,276.225612000002,z,1,0.563610899997002,None,,,,,Participant 2,001,2025-10-02_16h59.03.252,Motor Sequence Learning Bhumika Bajaj AU2320057,,2025.1.1,119.56873947341028,2025-10-02 16h59.13.242601 +0530,
-50,x,108,0,27,x,1,0.6530365999969945,None,27,0,108,0,,,,,276.2396961000013,,276.2261362999998,277.241464499999,277.241464499999,277.241464499999,277.241464499999,277.241464499999,278.24179820000063,278.24179820000063,278.24179820000063,278.90859099999943,x,1,0.6530365999969945,None,,,,,Participant 2,001,2025-10-02_16h59.03.252,Motor Sequence Learning Bhumika Bajaj AU2320057,,2025.1.1,119.56873947341028,2025-10-02 16h59.13.242601 +0530,
150,v,109,1,27,v,1,1.0064605999978085,None,27,1,109,1,,,,,278.9245015999986,,278.9091139000011,279.9083150000006,279.9083150000006,279.9083150000006,279.9083150000006,279.9083150000006,280.9072692000009,280.92504779999945,280.92504779999945,281.94252309999865,v,1,1.0064605999978085,None,,,,,Participant 2,001,2025-10-02_16h59.03.252,Motor Sequence Learning Bhumika Bajaj AU2320057,,2025.1.1,119.56873947341028,2025-10-02 16h59.13.242601 +0530,
50,c,110,2,27,c,1,0.6460799000014958,None,27,2,110,2,,,,,281.95801500000016,,281.94305480000185,282.95516359999965,282.95516359999965,282.95516359999965,282.95516359999965,282.95516359999965,283.95827030000146,283.95827030000146,283.95827030000146,284.60852420000083,c,1,0.6460799000014958,None,,,,,Participant 2,001,2025-10-02_16h59.03.252,Motor Sequence Learning Bhumika Bajaj AU2320057,,2025.1.1,119.56873947341028,2025-10-02 16h59.13.242601 +0530,
-150,z,111,3,27,z,1,0.6568952000015997,None,27,3,111,3,,,,,284.6253996000014,,284.6090413999991,285.60772350000116,285.60772350000116,285.60772350000116,285.60772350000116,285.60772350000116,286.6074195000001,286.6074195000001,286.6074195000001,287.2764266000013,z,1,0.6568952000015997,None,,,,,Participant 2,001,2025-10-02_16h59.03.252,Motor Sequence Learning Bhumika Bajaj AU2320057,,2025.1.1,119.56873947341028,2025-10-02 16h59.13.242601 +0530,
-50,x,112,0,28,x,1,0.7502812999991875,None,28,0,112,0,,,,,287.2916433999999,,287.27694039999915,288.2905534999991,288.2905534999991,288.2905534999991,288.2905534999991,288.2905534999991,289.2908771000002,289.2908771000002,289.2908771000002,290.0430887000002,x,1,0.7502812999991875,None,,,,,Participant 2,001,2025-10-02_16h59.03.252,Motor Sequence Learning Bhumika Bajaj AU2320057,,2025.1.1,119.56873947341028,2025-10-02 16h59.13.242601 +0530,
150,v,113,1,28,v,1,1.3331189999989874,None,28,1,113,1,,,,,290.0584624000003,,290.0436148000008,291.05561540000053,291.05561540000053,291.05561540000053,291.05561540000053,291.05561540000053,292.0570011999989,292.0570011999989,292.0570011999989,293.3930154000009,v,1,1.3331189999989874,None,,,,,Participant 2,001,2025-10-02_16h59.03.252,Motor Sequence Learning Bhumika Bajaj AU2320057,,2025.1.1,119.56873947341028,2025-10-02 16h59.13.242601 +0530,
50,c,114,2,28,c,1,0.5221760999993421,None,28,2,114,2,,,,,293.40811659999963,,293.39355649999925,294.4061509999992,294.4061509999992,294.4061509999992,294.4061509999992,294.4061509999992,295.40667029999895,295.40667029999895,295.40667029999895,295.942094500002,c,1,0.5221760999993421,None,,,,,Participant 2,001,2025-10-02_16h59.03.252,Motor Sequence Learning Bhumika Bajaj AU2320057,,2025.1.1,119.56873947341028,2025-10-02 16h59.13.242601 +0530,
-150,z,115,3,28,z,1,0.7674527000017406,None,28,3,115,3,,,,,295.9573496000012,,295.9426405000013,296.9577452000012,296.9577452000012,296.9577452000012,296.9577452000012,296.9577452000012,297.95673530000204,297.9404281999996,297.9404281999996,298.72588670000187,z,1,0.7674527000017406,None,,,,,Participant 2,001,2025-10-02_16h59.03.252,Motor Sequence Learning Bhumika Bajaj AU2320057,,2025.1.1,119.56873947341028,2025-10-02 16h59.13.242601 +0530,
-50,x,116,0,29,x,1,0.40748879999955534,None,29,0,116,0,,,,,298.7404451000002,,298.72636670000065,299.73949419999917,299.73949419999917,299.73949419999917,299.73949419999917,299.73949419999917,300.7416267000008,300.7416267000008,300.7416267000008,301.1587141000018,x,1,0.40748879999955534,None,,,,,Participant 2,001,2025-10-02_16h59.03.252,Motor Sequence Learning Bhumika Bajaj AU2320057,,2025.1.1,119.56873947341028,2025-10-02 16h59.13.242601 +0530,
150,v,117,1,29,v,1,0.4450403000009828,None,29,1,117,1,,,,,301.17285959999936,,301.15944930000114,302.1729876999998,302.1729876999998,302.1729876999998,302.1729876999998,302.1729876999998,303.1723278999998,303.1723278999998,303.1723278999998,303.6231106000014,v,1,0.4450403000009828,None,,,,,Participant 2,001,2025-10-02_16h59.03.252,Motor Sequence Learning Bhumika Bajaj AU2320057,,2025.1.1,119.56873947341028,2025-10-02 16h59.13.242601 +0530,
50,c,118,2,29,v,0,0.242822399999568,None,29,2,118,2,,,,,303.63938380000036,,303.62365320000026,304.6245100999986,304.6245100999986,304.6245100999986,304.6245100999986,304.6245100999986,305.6246046000015,305.6246046000015,305.6246046000015,305.880787099999,v,0,0.242822399999568,None,,,,,Participant 2,001,2025-10-02_16h59.03.252,Motor Sequence Learning Bhumika Bajaj AU2320057,,2025.1.1,119.56873947341028,2025-10-02 16h59.13.242601 +0530,
-150,z,119,3,29,v,0,0.9437233999997261,None,29,3,119,3,,,,,305.8925053999992,,305.8814205999988,306.8922864999986,306.8922864999986,306.8922864999986,306.8922864999986,306.8922864999986,307.90728450000097,307.89151969999875,307.89151969999875,308.84185960000104,v,0,0.9437233999997261,None,,,,,Participant 2,001,2025-10-02_16h59.03.252,Motor Sequence Learning Bhumika Bajaj AU2320057,,2025.1.1,119.56873947341028,2025-10-02 16h59.13.242601 +0530,
-50,x,120,0,30,v,0,1.0700266999992891,None,30,0,120,0,,,,,308.8574974000003,,308.84237810000195,309.84173809999993,309.84173809999993,309.84173809999993,309.84173809999993,309.84173809999993,310.8414902000004,310.8414902000004,310.8414902000004,311.925266000002,v,0,1.0700266999992891,None,,,,,Participant 2,001,2025-10-02_16h59.03.252,Motor Sequence Learning Bhumika Bajaj AU2320057,,2025.1.1,119.56873947341028,2025-10-02 16h59.13.242601 +0530,
150,v,121,1,30,v,1,0.6202782000000298,None,30,1,121,1,,,,,311.941344400002,,311.92578480000157,312.9408537999989,312.9408537999989,312.9408537999989,312.9408537999989,312.9408537999989,313.940900900001,313.92466499999864,313.92466499999864,314.55871950000073,v,1,0.6202782000000298,None,,,,,Participant 2,001,2025-10-02_16h59.03.252,Motor Sequence Learning Bhumika Bajaj AU2320057,,2025.1.1,119.56873947341028,2025-10-02 16h59.13.242601 +0530,
50,c,122,2,30,v,0,1.6856741000010516,None,30,2,122,2,,,,,314.5746270999989,,314.5593555999985,315.55726119999963,315.55726119999963,315.55726119999963,315.55726119999963,315.55726119999963,316.5569078000008,316.57321310000043,316.57321310000043,318.27235389999987,v,0,1.6856741000010516,None,,,,,Participant 2,001,2025-10-02_16h59.03.252,Motor Sequence Learning Bhumika Bajaj AU2320057,,2025.1.1,119.56873947341028,2025-10-02 16h59.13.242601 +0530,
-150,z,123,3,30,z,1,0.6960734999993292,None,30,3,123,3,,,,,318.2885673000019,,318.27286580000145,319.2741962,319.2741962,319.2741962,319.2741962,319.2741962,320.27282710000145,320.27282710000145,320.27282710000145,320.97881849999976,z,1,0.6960734999993292,None,,,,,Participant 2,001,2025-10-02_16h59.03.252,Motor Sequence Learning Bhumika Bajaj AU2320057,,2025.1.1,119.56873947341028,2025-10-02 16h59.13.242601 +0530,
-50,x,124,0,31,x,1,0.469986299998709,None,31,0,124,0,,,,,320.99016920000213,,320.97935510000025,321.9902876999986,321.9902876999986,321.9902876999986,321.9902876999986,321.9902876999986,322.9885076999999,322.97105889999875,322.97105889999875,323.4475448000012,x,1,0.469986299998709,None,,,,,Participant 2,001,2025-10-02_16h59.03.252,Motor Sequence Learning Bhumika Bajaj AU2320057,,2025.1.1,119.56873947341028,2025-10-02 16h59.13.242601 +0530,
150,v,125,1,31,v,1,0.326867100000527,None,31,1,125,1,,,,,323.45512950000193,,323.44787780000115,324.44967570000154,324.44967570000154,324.44967570000154,324.44967570000154,324.44967570000154,325.46794189999855,325.46794189999855,325.46794189999855,325.79924740000206,v,1,0.326867100000527,None,,,,,Participant 2,001,2025-10-02_16h59.03.252,Motor Sequence Learning Bhumika Bajaj AU2320057,,2025.1.1,119.56873947341028,2025-10-02 16h59.13.242601 +0530,
50,c,126,2,31,c,1,0.47705929999938235,None,31,2,126,2,,,,,325.81472159999976,,325.7997555000002,326.7975774000006,326.7975774000006,326.7975774000006,326.7975774000006,326.7975774000006,327.7963989000018,327.7963989000018,327.7963989000018,328.28070229999867,c,1,0.47705929999938235,None,,,,,Participant 2,001,2025-10-02_16h59.03.252,Motor Sequence Learning Bhumika Bajaj AU2320057,,2025.1.1,119.56873947341028,2025-10-02 16h59.13.242601 +0530,
-150,z,127,3,31,z,1,0.27811990000191145,None,31,3,127,3,,,,,328.2878149999997,,328.2811284999989,329.2914559000019,329.2914559000019,329.2914559000019,329.2914559000019,329.2914559000019,330.29071509999994,330.29071509999994,330.29071509999994,330.57533239999975,z,1,0.27811990000191145,None,,,,,Participant 2,001,2025-10-02_16h59.03.252,Motor Sequence Learning Bhumika Bajaj AU2320057,,2025.1.1,119.56873947341028,2025-10-02 16h59.13.242601 +0530,
-50,x,128,0,32,x,1,0.3033399999985704,None,32,0,128,0,,,,,330.5904104000001,,330.5758702000021,331.5891737999991,331.5891737999991,331.5891737999991,331.5891737999991,331.5891737999991,332.58793330000117,332.57107019999967,332.57107019999967,332.88798880000104,x,1,0.3033399999985704,None,,,,,Participant 2,001,2025-10-02_16h59.03.252,Motor Sequence Learning Bhumika Bajaj AU2320057,,2025.1.1,119.56873947341028,2025-10-02 16h59.13.242601 +0530,
150,v,129,1,32,v,1,0.8843971999995119,None,32,1,129,1,,,,,332.89721940000163,,332.88891800000056,333.8791658000009,333.8791658000009,333.8791658000009,333.8791658000009,333.8791658000009,334.89073500000086,334.89073500000086,334.89073500000086,335.7913063999986,v,1,0.8843971999995119,None,,,,,Participant 2,001,2025-10-02_16h59.03.252,Motor Sequence Learning Bhumika Bajaj AU2320057,,2025.1.1,119.56873947341028,2025-10-02 16h59.13.242601 +0530,
50,c,130,2,32,c,1,0.27578409999841824,None,32,2,130,2,,,,,335.80775229999927,,335.7922658999996,336.80703279999943,336.80703279999943,336.80703279999943,336.80703279999943,336.80703279999943,337.80675500000143,337.79011000000173,337.79011000000173,338.07442490000176,c,1,0.27578409999841824,None,,,,,Participant 2,001,2025-10-02_16h59.03.252,Motor Sequence Learning Bhumika Bajaj AU2320057,,2025.1.1,119.56873947341028,2025-10-02 16h59.13.242601 +0530,
-150,z,131,3,32,z,1,0.21050459999969462,None,32,3,131,3,,,,,338.0907874000004,,338.07493500000055,339.0780932000016,339.0780932000016,339.0780932000016,339.0780932000016,339.0780932000016,340.0899834000011,340.0770650000013,340.0770650000013,340.2967957000001,z,1,0.21050459999969462,None,,,,,Participant 2,001,2025-10-02_16h59.03.252,Motor Sequence Learning Bhumika Bajaj AU2320057,,2025.1.1,119.56873947341028,2025-10-02 16h59.13.242601 +0530,
-50,x,132,0,33,x,1,0.2731417999966652,None,33,0,132,0,,,,,340.3101275000008,,340.29813300000023,341.3107944000003,341.3107944000003,341.3107944000003,341.3107944000003,341.3107944000003,342.3246227999989,342.30769240000154,342.30769240000154,342.59084430000075,x,1,0.2731417999966652,None,,,,,Participant 2,001,2025-10-02_16h59.03.252,Motor Sequence Learning Bhumika Bajaj AU2320057,,2025.1.1,119.56873947341028,2025-10-02 16h59.13.242601 +0530,
150,v,133,1,33,v,1,0.1286099999997532,None,33,1,133,1,,,,,342.6073397,,342.5914006000021,343.5911386000007,343.5911386000007,343.5911386000007,343.5911386000007,343.5911386000007,344.5909021000007,344.5909021000007,344.5909021000007,344.7246336999997,v,1,0.1286099999997532,None,,,,,Participant 2,001,2025-10-02_16h59.03.252,Motor Sequence Learning Bhumika Bajaj AU2320057,,2025.1.1,119.56873947341028,2025-10-02 16h59.13.242601 +0530,
50,c,134,2,33,c,1,0.20360259999870323,None,33,2,134,2,,,,,344.74057520000133,,344.72515120000025,345.723616700001,345.723616700001,345.723616700001,345.723616700001,345.723616700001,346.7235529999998,346.7400607000018,346.7400607000018,346.9582797000003,c,1,0.20360259999870323,None,,,,,Participant 2,001,2025-10-02_16h59.03.252,Motor Sequence Learning Bhumika Bajaj AU2320057,,2025.1.1,119.56873947341028,2025-10-02 16h59.13.242601 +0530,
-150,z,135,3,33,z,1,0.28413949999958277,None,33,3,135,3,,,,,346.9739545000011,,346.9587965999999,347.95746399999916,347.95746399999916,347.95746399999916,347.95746399999916,347.95746399999916,348.96067140000014,348.96067140000014,348.96067140000014,349.2624539999997,z,1,0.28413949999958277,None,,,,,Participant 2,001,2025-10-02_16h59.03.252,Motor Sequence Learning Bhumika Bajaj AU2320057,,2025.1.1,119.56873947341028,2025-10-02 16h59.13.242601 +0530,
-50,x,136,0,34,x,1,0.6669989000001806,None,34,0,136,0,,,,,349.27718879999884,,349.26312790000156,350.27432359999875,350.27432359999875,350.27432359999875,350.27432359999875,350.27432359999875,351.29033880000134,351.27374770000097,351.27374770000097,351.9449132000009,x,1,0.6669989000001806,None,,,,,Participant 2,001,2025-10-02_16h59.03.252,Motor Sequence Learning Bhumika Bajaj AU2320057,,2025.1.1,119.56873947341028,2025-10-02 16h59.13.242601 +0530,
150,v,137,1,34,v,1,0.08335770000121556,None,34,1,137,1,,,,,351.95773740000004,,351.9463716999999,352.95750549999866,352.95750549999866,352.95750549999866,352.95750549999866,352.95750549999866,353.97370619999856,353.95662190000075,353.95662190000075,354.0412531000002,v,1,0.08335770000121556,None,,,,,Participant 2,001,2025-10-02_16h59.03.252,Motor Sequence Learning Bhumika Bajaj AU2320057,,2025.1.1,119.56873947341028,2025-10-02 16h59.13.242601 +0530,
50,c,138,2,34,c,1,0.47821699999985867,None,34,2,138,2,,,,,354.05758250000144,,354.0417669000017,355.042493500001,355.042493500001,355.042493500001,355.042493500001,355.042493500001,356.0575372000021,356.0404371000004,356.0404371000004,356.52177080000183,c,1,0.47821699999985867,None,,,,,Participant 2,001,2025-10-02_16h59.03.252,Motor Sequence Learning Bhumika Bajaj AU2320057,,2025.1.1,119.56873947341028,2025-10-02 16h59.13.242601 +0530,
-150,z,139,3,34,z,1,0.22247670000069775,None,34,3,139,3,,,,,356.53815140000006,,356.5223116999987,357.5238965999997,357.5238965999997,357.5238965999997,357.5238965999997,357.5238965999997,358.53787379999994,358.5212606999994,358.5212606999994,358.7468133000002,z,1,0.22247670000069775,None,,,,,Participant 2,001,2025-10-02_16h59.03.252,Motor Sequence Learning Bhumika Bajaj AU2320057,,2025.1.1,119.56873947341028,2025-10-02 16h59.13.242601 +0530,
-50,x,140,0,35,x,1,0.4002710000022489,None,35,0,140,0,,,,,358.7599121000021,,358.7485942000021,359.75791240000035,359.75791240000035,359.75791240000035,359.75791240000035,359.75791240000035,360.7590130999997,360.7590130999997,360.7590130999997,361.1737482999997,x,1,0.4002710000022489,None,,,,,Participant 2,001,2025-10-02_16h59.03.252,Motor Sequence Learning Bhumika Bajaj AU2320057,,2025.1.1,119.56873947341028,2025-10-02 16h59.13.242601 +0530,
150,v,141,1,35,v,1,0.09285489999820129,None,35,1,141,1,,,,,361.1903788999989,,361.1742981999996,362.17542350000076,362.17542350000076,362.17542350000076,362.17542350000076,362.17542350000076,363.1903404000004,363.1903404000004,363.1903404000004,363.2883903000002,v,1,0.09285489999820129,None,,,,,Participant 2,001,2025-10-02_16h59.03.252,Motor Sequence Learning Bhumika Bajaj AU2320057,,2025.1.1,119.56873947341028,2025-10-02 16h59.13.242601 +0530,
50,c,142,2,35,c,1,0.2619383999990532,None,35,2,142,2,,,,,363.30753259999983,,363.28887549999854,364.2898521999996,364.2898521999996,364.2898521999996,364.2898521999996,364.2898521999996,365.29073100000096,365.29073100000096,365.29073100000096,365.55776369999876,c,1,0.2619383999990532,None,,,,,Participant 2,001,2025-10-02_16h59.03.252,Motor Sequence Learning Bhumika Bajaj AU2320057,,2025.1.1,119.56873947341028,2025-10-02 16h59.13.242601 +0530,
-150,z,143,3,35,z,1,0.28385699999853387,None,35,3,143,3,,,,,365.57488690000173,,365.55827560000034,366.55957019999914,366.55957019999914,366.55957019999914,366.55957019999914,366.55957019999914,367.5600856000019,367.5600856000019,367.5600856000019,367.84539909999876,z,1,0.28385699999853387,None,,,,,Participant 2,001,2025-10-02_16h59.03.252,Motor Sequence Learning Bhumika Bajaj AU2320057,,2025.1.1,119.56873947341028,2025-10-02 16h59.13.242601 +0530,
-50,x,144,0,36,x,1,0.30662340000344557,None,36,0,144,0,,,,,367.85991790000116,,367.84624130000157,368.860882500001,368.860882500001,368.860882500001,368.860882500001,368.860882500001,369.8764305000004,369.85995130000083,369.85995130000083,370.17848239999876,x,1,0.30662340000344557,None,,,,,Participant 2,001,2025-10-02_16h59.03.252,Motor Sequence Learning Bhumika Bajaj AU2320057,,2025.1.1,119.56873947341028,2025-10-02 16h59.13.242601 +0530,
150,v,145,1,36,v,1,0.2945513000013307,None,36,1,145,1,,,,,370.19468939999933,,370.1794231999993,371.17662629999904,371.17662629999904,371.17662629999904,371.17662629999904,371.17662629999904,372.17516310000065,372.1921766999985,372.1921766999985,372.4908404000016,v,1,0.2945513000013307,None,,,,,Participant 2,001,2025-10-02_16h59.03.252,Motor Sequence Learning Bhumika Bajaj AU2320057,,2025.1.1,119.56873947341028,2025-10-02 16h59.13.242601 +0530,
50,c,146,2,36,c,1,0.300489799999923,None,36,2,146,2,,,,,372.50691949999964,,372.4913747999999,373.50441010000213,373.50441010000213,373.50441010000213,373.50441010000213,373.50441010000213,374.51033290000123,374.49360009999873,374.49360009999873,374.7954529999988,c,1,0.300489799999923,None,,,,,Participant 2,001,2025-10-02_16h59.03.252,Motor Sequence Learning Bhumika Bajaj AU2320057,,2025.1.1,119.56873947341028,2025-10-02 16h59.13.242601 +0530,
-150,z,147,3,36,z,1,0.29660989999683807,None,36,3,147,3,,,,,374.8120325000018,,374.7963267000014,375.80994999999893,375.80994999999893,375.80994999999893,375.80994999999893,375.80994999999893,376.81107619999966,376.81107619999966,376.81107619999966,377.12239930000214,z,1,0.29660989999683807,None,,,,,Participant 2,001,2025-10-02_16h59.03.252,Motor Sequence Learning Bhumika Bajaj AU2320057,,2025.1.1,119.56873947341028,2025-10-02 16h59.13.242601 +0530,
-50,x,148,0,37,x,1,0.25208509999720263,None,37,0,148,0,,,,,377.137827999999,,377.1228768000001,378.1220914000005,378.1220914000005,378.1220914000005,378.1220914000005,378.1220914000005,379.12317880000046,379.12317880000046,379.12317880000046,379.3910566000013,x,1,0.25208509999720263,None,,,,,Participant 2,001,2025-10-02_16h59.03.252,Motor Sequence Learning Bhumika Bajaj AU2320057,,2025.1.1,119.56873947341028,2025-10-02 16h59.13.242601 +0530,
150,v,149,1,37,v,1,0.3056552999987616,None,37,1,149,1,,,,,379.40715479999926,,379.39161850000164,380.3891091000005,380.3891091000005,380.3891091000005,380.3891091000005,380.3891091000005,381.39002320000145,381.39002320000145,381.39002320000145,381.708161999999,v,1,0.3056552999987616,None,,,,,Participant 2,001,2025-10-02_16h59.03.252,Motor Sequence Learning Bhumika Bajaj AU2320057,,2025.1.1,119.56873947341028,2025-10-02 16h59.13.242601 +0530,
50,c,150,2,37,c,1,0.25891430000046967,None,37,2,150,2,,,,,381.72336820000055,,381.70869279999897,382.723788700001,382.723788700001,382.723788700001,382.723788700001,382.723788700001,383.72393400000146,383.72393400000146,383.72393400000146,383.99064550000185,c,1,0.25891430000046967,None,,,,,Participant 2,001,2025-10-02_16h59.03.252,Motor Sequence Learning Bhumika Bajaj AU2320057,,2025.1.1,119.56873947341028,2025-10-02 16h59.13.242601 +0530,
-150,z,151,3,37,z,1,0.08322299999781535,None,37,3,151,3,,,,,384.0068065999985,,383.99117560000013,384.99313579999944,384.99313579999944,384.99313579999944,384.99313579999944,384.99313579999944,386.0051265000002,386.0051265000002,386.0051265000002,386.0902917000021,z,1,0.08322299999781535,None,,,,,Participant 2,001,2025-10-02_16h59.03.252,Motor Sequence Learning Bhumika Bajaj AU2320057,,2025.1.1,119.56873947341028,2025-10-02 16h59.13.242601 +0530,
-50,x,152,0,38,x,1,0.2652977000034298,None,38,0,152,0,,,,,386.1049576000005,,386.0908315000015,387.08986079999886,387.08986079999886,387.08986079999886,387.08986079999886,387.08986079999886,388.0886567000016,388.0886567000016,388.0886567000016,388.3577527999987,x,1,0.2652977000034298,None,,,,,Participant 2,001,2025-10-02_16h59.03.252,Motor Sequence Learning Bhumika Bajaj AU2320057,,2025.1.1,119.56873947341028,2025-10-02 16h59.13.242601 +0530,
150,v,153,1,38,v,1,0.2808121000016399,None,38,1,153,1,,,,,388.3730652000013,,388.3584579999988,389.37338010000167,389.37338010000167,389.37338010000167,389.37338010000167,389.37338010000167,390.3876440999993,390.37140480000016,390.37140480000016,390.6571842000012,v,1,0.2808121000016399,None,,,,,Participant 2,001,2025-10-02_16h59.03.252,Motor Sequence Learning Bhumika Bajaj AU2320057,,2025.1.1,119.56873947341028,2025-10-02 16h59.13.242601 +0530,
50,c,154,2,38,c,1,0.36621800000284566,None,38,2,154,2,,,,,390.6781052000006,,390.65769360000195,391.66004410000096,391.66004410000096,391.66004410000096,391.66004410000096,391.66004410000096,392.67295150000064,392.6569350999998,392.6569350999998,393.02444829999877,c,1,0.36621800000284566,None,,,,,Participant 2,001,2025-10-02_16h59.03.252,Motor Sequence Learning Bhumika Bajaj AU2320057,,2025.1.1,119.56873947341028,2025-10-02 16h59.13.242601 +0530,
-150,z,155,3,38,z,1,0.341209300000628,None,38,3,155,3,,,,,393.04061419999925,,393.02497230000154,394.02358820000154,394.02358820000154,394.02358820000154,394.02358820000154,394.02358820000154,395.02360340000087,395.0400938999992,395.0400938999992,395.3907486999997,z,1,0.341209300000628,None,,,,,Participant 2,001,2025-10-02_16h59.03.252,Motor Sequence Learning Bhumika Bajaj AU2320057,,2025.1.1,119.56873947341028,2025-10-02 16h59.13.242601 +0530,
-50,x,156,0,39,x,1,0.3950341000017943,None,39,0,156,0,,,,,395.40629629999967,,395.3913022000015,396.3930771999985,396.3930771999985,396.3930771999985,396.3930771999985,396.3930771999985,397.4066074000002,397.4066074000002,397.4066074000002,397.8076254000007,x,1,0.3950341000017943,None,,,,,Participant 2,001,2025-10-02_16h59.03.252,Motor Sequence Learning Bhumika Bajaj AU2320057,,2025.1.1,119.56873947341028,2025-10-02 16h59.13.242601 +0530,
150,v,157,1,39,c,0,0.3620816000002378,None,39,1,157,1,,,,,397.82319909999933,,397.80813299999863,398.82353180000064,398.82353180000064,398.82353180000064,398.82353180000064,398.82353180000064,399.82326589999866,399.82326589999866,399.82326589999866,400.1951833000021,c,0,0.3620816000002378,None,,,,,Participant 2,001,2025-10-02_16h59.03.252,Motor Sequence Learning Bhumika Bajaj AU2320057,,2025.1.1,119.56873947341028,2025-10-02 16h59.13.242601 +0530,
50,c,158,2,39,x,0,1.3320987000006426,None,39,2,158,2,,,,,400.2099882000002,,400.196054,401.20686560000104,401.20686560000104,401.20686560000104,401.20686560000104,401.20686560000104,402.20625550000113,402.20625550000113,402.20625550000113,403.5610197999995,x,0,1.3320987000006426,None,,,,,Participant 2,001,2025-10-02_16h59.03.252,Motor Sequence Learning Bhumika Bajaj AU2320057,,2025.1.1,119.56873947341028,2025-10-02 16h59.13.242601 +0530,
-150,z,159,3,39,z,1,0.462550200001715,None,39,3,159,3,,,,,403.577175800001,,403.56228740000006,404.5736844000021,404.5736844000021,404.5736844000021,404.5736844000021,404.5736844000021,405.57361799999853,405.57361799999853,405.57361799999853,406.040915900001,z,1,0.462550200001715,None,,,,,Participant 2,001,2025-10-02_16h59.03.252,Motor Sequence Learning Bhumika Bajaj AU2320057,,2025.1.1,119.56873947341028,2025-10-02 16h59.13.242601 +0530,
-50,x,160,0,40,x,1,0.7411118000018178,None,40,0,160,0,,,,,406.0564521000015,,406.04146000000037,407.05661340000006,407.05661340000006,407.05661340000006,407.05661340000006,407.05661340000006,408.05614250000144,408.04199620000145,408.04199620000145,408.79062220000196,x,1,0.7411118000018178,None,,,,,Participant 2,001,2025-10-02_16h59.03.252,Motor Sequence Learning Bhumika Bajaj AU2320057,,2025.1.1,119.56873947341028,2025-10-02 16h59.13.242601 +0530,
150,v,161,1,40,v,1,0.32739109999965876,None,40,1,161,1,,,,,408.8064981999996,,408.7911376000011,409.80626029999985,409.80626029999985,409.80626029999985,409.80626029999985,409.80626029999985,410.80719170000157,410.80719170000157,410.80719170000157,411.1454479999993,v,1,0.32739109999965876,None,,,,,Participant 2,001,2025-10-02_16h59.03.252,Motor Sequence Learning Bhumika Bajaj AU2320057,,2025.1.1,119.56873947341028,2025-10-02 16h59.13.242601 +0530,
50,c,162,2,40,c,1,0.4714051000009931,None,40,2,162,2,,,,,411.1600975000001,,411.14647799999875,412.15905190000194,412.15905190000194,412.15905190000194,412.15905190000194,412.15905190000194,413.1591585999995,413.1591585999995,413.1591585999995,413.64001199999984,c,1,0.4714051000009931,None,,,,,Participant 2,001,2025-10-02_16h59.03.252,Motor Sequence Learning Bhumika Bajaj AU2320057,,2025.1.1,119.56873947341028,2025-10-02 16h59.13.242601 +0530,
-150,z,163,3,40,z,1,0.1351942000001145,None,40,3,163,3,,,,,413.65633660000094,,413.6405580999999,414.64382900000055,414.64382900000055,414.64382900000055,414.64382900000055,414.64382900000055,415.6437592000002,415.6437592000002,415.6437592000002,415.7941929000008,z,1,0.1351942000001145,None,,,,,Participant 2,001,2025-10-02_16h59.03.252,Motor Sequence Learning Bhumika Bajaj AU2320057,,2025.1.1,119.56873947341028,2025-10-02 16h59.13.242601 +0530,
-50,x,164,0,41,x,1,0.526030199998786,None,41,0,164,0,,,,,415.80956589999914,,415.7950649000013,416.80925430000207,416.80925430000207,416.80925430000207,416.80925430000207,416.80925430000207,417.8089923000007,417.8089923000007,417.8089923000007,418.3400099999999,x,1,0.526030199998786,None,,,,,Participant 2,001,2025-10-02_16h59.03.252,Motor Sequence Learning Bhumika Bajaj AU2320057,,2025.1.1,119.56873947341028,2025-10-02 16h59.13.242601 +0530,
150,v,165,1,41,v,1,0.3650421999991522,None,41,1,165,1,,,,,418.3564409999999,,418.34052470000097,419.34070860000065,419.34070860000065,419.34070860000065,419.34070860000065,419.34070860000065,420.33859160000065,420.33859160000065,420.33859160000065,420.7117051999994,v,1,0.3650421999991522,None,,,,,Participant 2,001,2025-10-02_16h59.03.252,Motor Sequence Learning Bhumika Bajaj AU2320057,,2025.1.1,119.56873947341028,2025-10-02 16h59.13.242601 +0530,
50,c,166,2,41,c,1,0.39164850000088336,None,41,2,166,2,,,,,420.72628970000005,,420.7123302,421.72335229999953,421.72335229999953,421.72335229999953,421.72335229999953,421.72335229999953,422.72315580000213,422.72315580000213,422.72315580000213,423.1238556999997,c,1,0.39164850000088336,None,,,,,Participant 2,001,2025-10-02_16h59.03.252,Motor Sequence Learning Bhumika Bajaj AU2320057,,2025.1.1,119.56873947341028,2025-10-02 16h59.13.242601 +0530,
-150,z,167,3,41,z,1,1.598043800000596,None,41,3,167,3,,,,,423.1393530999994,,423.1242612999995,424.1403891000009,424.1403891000009,424.1403891000009,424.1403891000009,424.1403891000009,425.1559608999996,425.1225056000003,425.1225056000003,426.7228787999993,z,1,1.598043800000596,None,,,,,Participant 2,001,2025-10-02_16h59.03.252,Motor Sequence Learning Bhumika Bajaj AU2320057,,2025.1.1,119.56873947341028,2025-10-02 16h59.13.242601 +0530,
-50,x,168,0,42,x,1,0.6742398999995203,None,42,0,168,0,,,,,426.73850080000193,,426.72342500000013,427.7212681000019,427.7212681000019,427.7212681000019,427.7212681000019,427.7212681000019,428.72027439999874,428.7380775999991,428.7380775999991,429.42414009999993,x,1,0.6742398999995203,None,,,,,Participant 2,001,2025-10-02_16h59.03.252,Motor Sequence Learning Bhumika Bajaj AU2320057,,2025.1.1,119.56873947341028,2025-10-02 16h59.13.242601 +0530,
150,v,169,1,42,v,1,0.34077699999761535,None,42,1,169,1,,,,,429.4401601999998,,429.42464689999906,430.4233714000002,430.4233714000002,430.4233714000002,430.4233714000002,430.4233714000002,431.423980800002,431.423980800002,431.423980800002,431.77392600000167,v,1,0.34077699999761535,None,,,,,Participant 2,001,2025-10-02_16h59.03.252,Motor Sequence Learning Bhumika Bajaj AU2320057,,2025.1.1,119.56873947341028,2025-10-02 16h59.13.242601 +0530,
50,c,170,2,42,c,1,0.2440549999992072,None,42,2,170,2,,,,,431.7896752000015,,431.77444820000164,432.7727674000016,432.7727674000016,432.7727674000016,432.7727674000016,432.7727674000016,433.77301739999893,433.77301739999893,433.77301739999893,434.02313760000106,c,1,0.2440549999992072,None,,,,,Participant 2,001,2025-10-02_16h59.03.252,Motor Sequence Learning Bhumika Bajaj AU2320057,,2025.1.1,119.56873947341028,2025-10-02 16h59.13.242601 +0530,
-150,z,171,3,42,z,1,0.5274299999982759,None,42,3,171,3,,,,,434.0383731000002,,434.0236769000003,435.0226634999999,435.0226634999999,435.0226634999999,435.0226634999999,435.0226634999999,436.02440690000003,436.02440690000003,436.02440690000003,436.5576669000002,z,1,0.5274299999982759,None,,,,,Participant 2,001,2025-10-02_16h59.03.252,Motor Sequence Learning Bhumika Bajaj AU2320057,,2025.1.1,119.56873947341028,2025-10-02 16h59.13.242601 +0530,
-50,x,172,0,43,x,1,0.03482110000186367,None,43,0,172,0,,,,,436.57336099999884,,436.55820630000017,437.55633450000096,437.55633450000096,437.55633450000096,437.55633450000096,437.55633450000096,438.5566021000013,438.5566021000013,438.5566021000013,438.607119100001,x,1,0.03482110000186367,None,,,,,Participant 2,001,2025-10-02_16h59.03.252,Motor Sequence Learning Bhumika Bajaj AU2320057,,2025.1.1,119.56873947341028,2025-10-02 16h59.13.242601 +0530,
150,v,173,1,43,v,1,0.2500445999976364,None,43,1,173,1,,,,,438.6228431999989,,438.6076433999988,439.6069616999994,439.6069616999994,439.6069616999994,439.6069616999994,439.6069616999994,440.6065337,440.6065337,440.6065337,440.857452799999,v,1,0.2500445999976364,None,,,,,Participant 2,001,2025-10-02_16h59.03.252,Motor Sequence Learning Bhumika Bajaj AU2320057,,2025.1.1,119.56873947341028,2025-10-02 16h59.13.242601 +0530,
50,c,174,2,43,c,1,0.25331220000225585,None,43,2,174,2,,,,,440.8734145999988,,440.8579830000017,441.87289370000144,441.87289370000144,441.87289370000144,441.87289370000144,441.87289370000144,442.87324269999954,442.87324269999954,442.87324269999954,443.14050320000024,c,1,0.25331220000225585,None,,,,,Participant 2,001,2025-10-02_16h59.03.252,Motor Sequence Learning Bhumika Bajaj AU2320057,,2025.1.1,119.56873947341028,2025-10-02 16h59.13.242601 +0530,
-150,z,175,3,43,z,1,0.4329375000015716,None,43,3,175,3,,,,,443.1572049999995,,443.14103109999996,444.1400384000008,444.1400384000008,444.1400384000008,444.1400384000008,444.1400384000008,445.1403007000008,445.1403007000008,445.1403007000008,445.587907000001,z,1,0.4329375000015716,None,,,,,Participant 2,001,2025-10-02_16h59.03.252,Motor Sequence Learning Bhumika Bajaj AU2320057,,2025.1.1,119.56873947341028,2025-10-02 16h59.13.242601 +0530,
-50,x,176,0,44,x,1,1.09957100000247,None,44,0,176,0,,,,,445.6040178000003,,445.5884170999998,446.5917859000001,446.5917859000001,446.5917859000001,446.5917859000001,446.5917859000001,447.604316500001,447.5880164000009,447.5880164000009,448.6900639000014,x,1,1.09957100000247,None,,,,,Participant 2,001,2025-10-02_16h59.03.252,Motor Sequence Learning Bhumika Bajaj AU2320057,,2025.1.1,119.56873947341028,2025-10-02 16h59.13.242601 +0530,
150,v,177,1,44,v,1,0.22510809999948833,None,44,1,177,1,,,,,448.70575850000023,,448.69057299999986,449.6900081999993,449.6900081999993,449.6900081999993,449.6900081999993,449.6900081999993,450.68915240000206,450.68915240000206,450.68915240000206,450.92347009999867,v,1,0.22510809999948833,None,,,,,Participant 2,001,2025-10-02_16h59.03.252,Motor Sequence Learning Bhumika Bajaj AU2320057,,2025.1.1,119.56873947341028,2025-10-02 16h59.13.242601 +0530,
50,c,178,2,44,c,1,0.25237360000028275,None,44,2,178,2,,,,,450.93938960000014,,450.9239785999998,451.9227408000006,451.9227408000006,451.9227408000006,451.9227408000006,451.9227408000006,452.92246570000134,452.92246570000134,452.92246570000134,453.1885288000012,c,1,0.25237360000028275,None,,,,,Participant 2,001,2025-10-02_16h59.03.252,Motor Sequence Learning Bhumika Bajaj AU2320057,,2025.1.1,119.56873947341028,2025-10-02 16h59.13.242601 +0530,
-150,z,179,3,44,z,1,0.44523429999753716,None,44,3,179,3,,,,,453.20562380000047,,453.1890754999986,454.18989299999885,454.18989299999885,454.18989299999885,454.18989299999885,454.18989299999885,455.1891466999987,455.1891466999987,455.1891466999987,455.63960439999937,z,1,0.44523429999753716,None,,,,,Participant 2,001,2025-10-02_16h59.03.252,Motor Sequence Learning Bhumika Bajaj AU2320057,,2025.1.1,119.56873947341028,2025-10-02 16h59.13.242601 +0530,
-50,x,180,0,45,x,1,0.2500562999994145,None,45,0,180,0,,,,,455.6560515000019,,455.6401192000012,456.6427698000007,456.6427698000007,456.6427698000007,456.6427698000007,456.6427698000007,457.6427612000007,457.6427612000007,457.6427612000007,457.9048924999988,x,1,0.2500562999994145,None,,,,,Participant 2,001,2025-10-02_16h59.03.252,Motor Sequence Learning Bhumika Bajaj AU2320057,,2025.1.1,119.56873947341028,2025-10-02 16h59.13.242601 +0530,
150,v,181,1,45,v,1,1.2730755000011413,None,45,1,181,1,,,,,457.9209292000014,,457.9054236000011,458.9036003000001,458.9036003000001,458.9036003000001,458.9036003000001,458.9036003000001,459.9058565999985,459.9058565999985,459.9058565999985,461.1898202000011,v,1,1.2730755000011413,None,,,,,Participant 2,001,2025-10-02_16h59.03.252,Motor Sequence Learning Bhumika Bajaj AU2320057,,2025.1.1,119.56873947341028,2025-10-02 16h59.13.242601 +0530,
50,c,182,2,45,c,1,0.3965981000001193,None,45,2,182,2,,,,,461.2060921000011,,461.1903530000018,462.18947259999914,462.18947259999914,462.18947259999914,462.18947259999914,462.18947259999914,463.1893119000015,463.1893119000015,463.1893119000015,463.59079940000083,c,1,0.3965981000001193,None,,,,,Participant 2,001,2025-10-02_16h59.03.252,Motor Sequence Learning Bhumika Bajaj AU2320057,,2025.1.1,119.56873947341028,2025-10-02 16h59.13.242601 +0530,
-150,z,183,3,45,z,1,0.28574510000180453,None,45,3,183,3,,,,,463.6059595000006,,463.5917182000012,464.5925204000014,464.5925204000014,464.5925204000014,464.5925204000014,464.5925204000014,465.60569250000117,465.60569250000117,465.60569250000117,465.89527090000047,z,1,0.28574510000180453,None,,,,,Participant 2,001,2025-10-02_16h59.03.252,Motor Sequence Learning Bhumika Bajaj AU2320057,,2025.1.1,119.56873947341028,2025-10-02 16h59.13.242601 +0530,
-50,x,184,0,46,x,1,0.3277341999964847,None,46,0,184,0,,,,,465.90886559999853,,465.8962011000003,466.9036276000006,466.9036276000006,466.9036276000006,466.9036276000006,466.9036276000006,467.9054098000015,467.9054098000015,467.9054098000015,468.23958330000096,x,1,0.3277341999964847,None,,,,,Participant 2,001,2025-10-02_16h59.03.252,Motor Sequence Learning Bhumika Bajaj AU2320057,,2025.1.1,119.56873947341028,2025-10-02 16h59.13.242601 +0530,
150,v,185,1,46,v,1,0.30340889999934006,None,46,1,185,1,,,,,468.2566169999991,,468.2401155000007,469.2394748000006,469.2394748000006,469.2394748000006,469.2394748000006,469.2394748000006,470.2533165999994,470.2533165999994,470.2533165999994,470.5613424000003,v,1,0.30340889999934006,None,,,,,Participant 2,001,2025-10-02_16h59.03.252,Motor Sequence Learning Bhumika Bajaj AU2320057,,2025.1.1,119.56873947341028,2025-10-02 16h59.13.242601 +0530,
50,c,186,2,46,c,1,0.5161642999992182,None,46,2,186,2,,,,,470.57686770000146,,470.5623581,471.57295460000023,471.57295460000023,471.57295460000023,471.57295460000023,471.57295460000023,472.5729845999995,472.5729845999995,472.5729845999995,473.0918210000018,c,1,0.5161642999992182,None,,,,,Participant 2,001,2025-10-02_16h59.03.252,Motor Sequence Learning Bhumika Bajaj AU2320057,,2025.1.1,119.56873947341028,2025-10-02 16h59.13.242601 +0530,
-150,z,187,3,46,z,1,0.3463936999978614,None,46,3,187,3,,,,,473.1054984000002,,473.0923436000012,474.10591550000026,474.10591550000026,474.10591550000026,474.10591550000026,474.10591550000026,475.1054546999985,475.1054546999985,475.1054546999985,475.4570805000003,z,1,0.3463936999978614,None,,,,,Participant 2,001,2025-10-02_16h59.03.252,Motor Sequence Learning Bhumika Bajaj AU2320057,,2025.1.1,119.56873947341028,2025-10-02 16h59.13.242601 +0530,
-50,x,188,0,47,x,1,0.7482114999984333,None,47,0,188,0,,,,,475.4735236999986,,475.45770690000063,476.47250500000155,476.47250500000155,476.47250500000155,476.47250500000155,476.47250500000155,477.48939919999975,477.4721744000017,477.4721744000017,478.2235499000017,x,1,0.7482114999984333,None,,,,,Participant 2,001,2025-10-02_16h59.03.252,Motor Sequence Learning Bhumika Bajaj AU2320057,,2025.1.1,119.56873947341028,2025-10-02 16h59.13.242601 +0530,
150,v,189,1,47,v,1,0.36716750000050524,None,47,1,189,1,,,,,478.2393235999989,,478.224111800002,479.23948459999883,479.23948459999883,479.23948459999883,479.23948459999883,479.23948459999883,480.2385667000017,480.225897100001,480.225897100001,480.60651770000186,v,1,0.36716750000050524,None,,,,,Participant 2,001,2025-10-02_16h59.03.252,Motor Sequence Learning Bhumika Bajaj AU2320057,,2025.1.1,119.56873947341028,2025-10-02 16h59.13.242601 +0530,
50,c,190,2,47,c,1,0.5562406000026385,None,47,2,190,2,,,,,480.6227192000006,,480.60706370000116,481.60529250000036,481.60529250000036,481.60529250000036,481.60529250000036,481.60529250000036,482.603865699999,482.6207491999994,482.6207491999994,483.19229370000176,c,1,0.5562406000026385,None,,,,,Participant 2,001,2025-10-02_16h59.03.252,Motor Sequence Learning Bhumika Bajaj AU2320057,,2025.1.1,119.56873947341028,2025-10-02 16h59.13.242601 +0530,
-150,z,191,3,47,z,1,0.8714846000002581,None,47,3,191,3,,,,,483.20568139999887,,483.19282029999886,484.1928391000001,484.1928391000001,484.1928391000001,484.1928391000001,484.1928391000001,485.19250589999865,485.19250589999865,485.19250589999865,486.077519800001,z,1,0.8714846000002581,None,,,,,Participant 2,001,2025-10-02_16h59.03.252,Motor Sequence Learning Bhumika Bajaj AU2320057,,2025.1.1,119.56873947341028,2025-10-02 16h59.13.242601 +0530,
-50,x,192,0,48,x,1,0.38679860000047483,None,48,0,192,0,,,,,486.0928322,,486.0784175000008,487.0885438000005,487.0885438000005,487.0885438000005,487.0885438000005,487.0885438000005,488.08869720000075,488.08869720000075,488.08869720000075,488.49009130000195,x,1,0.38679860000047483,None,,,,,Participant 2,001,2025-10-02_16h59.03.252,Motor Sequence Learning Bhumika Bajaj AU2320057,,2025.1.1,119.56873947341028,2025-10-02 16h59.13.242601 +0530,
150,v,193,1,48,v,1,0.4292152000016358,None,48,1,193,1,,,,,488.5052818000004,,488.49061939999956,489.48742720000155,489.48742720000155,489.48742720000155,489.48742720000155,489.48742720000155,490.48897940000097,490.50564419999864,490.50564419999864,490.94028830000025,v,1,0.4292152000016358,None,,,,,Participant 2,001,2025-10-02_16h59.03.252,Motor Sequence Learning Bhumika Bajaj AU2320057,,2025.1.1,119.56873947341028,2025-10-02 16h59.13.242601 +0530,
50,c,194,2,48,c,1,0.2742080000025453,None,48,2,194,2,,,,,490.9557719000004,,490.94080219999887,491.9561493000001,491.9561493000001,491.9561493000001,491.9561493000001,491.9561493000001,492.9555483000004,492.9555483000004,492.9555483000004,493.2397751999997,c,1,0.2742080000025453,None,,,,,Participant 2,001,2025-10-02_16h59.03.252,Motor Sequence Learning Bhumika Bajaj AU2320057,,2025.1.1,119.56873947341028,2025-10-02 16h59.13.242601 +0530,
-150,z,195,3,48,z,1,0.28663800000140327,None,48,3,195,3,,,,,493.2558706000018,,493.24074349999864,494.23994070000117,494.23994070000117,494.23994070000117,494.23994070000117,494.23994070000117,495.23622669999895,495.23622669999895,495.23622669999895,495.5292492000008,z,1,0.28663800000140327,None,,,,,Participant 2,001,2025-10-02_16h59.03.252,Motor Sequence Learning Bhumika Bajaj AU2320057,,2025.1.1,119.56873947341028,2025-10-02 16h59.13.242601 +0530,
-50,x,196,0,49,x,1,0.310372500000085,None,49,0,196,0,,,,,495.5361789999988,,495.5295392000007,496.52742959999887,496.52742959999887,496.52742959999887,496.52742959999887,496.52742959999887,497.5391524000006,497.5391524000006,497.5391524000006,497.85629210000116,x,1,0.310372500000085,None,,,,,Participant 2,001,2025-10-02_16h59.03.252,Motor Sequence Learning Bhumika Bajaj AU2320057,,2025.1.1,119.56873947341028,2025-10-02 16h59.13.242601 +0530,
150,v,197,1,49,c,0,0.3791467000010016,None,49,1,197,1,,,,,497.87258719999954,,497.85681359999944,498.85353849999956,498.85353849999956,498.85353849999956,498.85353849999956,498.85353849999956,499.85397419999936,499.85397419999936,499.85397419999936,500.23723950000203,c,0,0.3791467000010016,None,,,,,Participant 2,001,2025-10-02_16h59.03.252,Motor Sequence Learning Bhumika Bajaj AU2320057,,2025.1.1,119.56873947341028,2025-10-02 16h59.13.242601 +0530,
50,c,198,2,49,c,1,2.055839799999376,None,49,2,198,2,,,,,500.24554120000175,,500.2375663999992,501.2370699000021,501.2370699000021,501.2370699000021,501.2370699000021,501.2370699000021,502.23707149999973,502.23707149999973,502.23707149999973,504.2989325999988,c,1,2.055839799999376,None,,,,,Participant 2,001,2025-10-02_16h59.03.252,Motor Sequence Learning Bhumika Bajaj AU2320057,,2025.1.1,119.56873947341028,2025-10-02 16h59.13.242601 +0530,
-150,z,199,3,49,z,1,0.26652549999926123,None,49,3,199,3,,,,,504.31334330000027,,504.299452700001,505.3141519000019,505.3141519000019,505.3141519000019,505.3141519000019,505.3141519000019,506.33115370000087,506.31429760000174,506.31429760000174,506.5952631,z,1,0.26652549999926123,None,,,,,Participant 2,001,2025-10-02_16h59.03.252,Motor Sequence Learning Bhumika Bajaj AU2320057,,2025.1.1,119.56873947341028,2025-10-02 16h59.13.242601 +0530,
-50,x,0,0,0,x,1,0.31642790000114474,None,,,,,0,0,0,0,506.61071340000126,,506.60652259999915,507.5973797000006,507.5973797000006,507.5973797000006,507.5973797000006,507.5973797000006,508.59748089999994,508.59748089999994,508.59748089999994,508.91576390000046,,,,,x,1,0.31642790000114474,None,Participant 2,001,2025-10-02_16h59.03.252,Motor Sequence Learning Bhumika Bajaj AU2320057,,2025.1.1,119.56873947341028,2025-10-02 16h59.13.242601 +0530,
150,v,1,1,0,v,1,0.021778199999971548,None,,,,,0,1,1,1,508.9313117999991,,508.91628520000086,509.9200329000014,509.9200329000014,509.9200329000014,509.9200329000014,509.9200329000014,510.9118199000004,510.9118199000004,510.9118199000004,510.9368359,,,,,v,1,0.021778199999971548,None,Participant 2,001,2025-10-02_16h59.03.252,Motor Sequence Learning Bhumika Bajaj AU2320057,,2025.1.1,119.56873947341028,2025-10-02 16h59.13.242601 +0530,
50,c,2,2,0,v,0,0.3908445999986725,None,,,,,0,2,2,2,510.9444852000015,,510.93726569999853,511.92804930000057,511.92804930000057,511.92804930000057,511.92804930000057,511.92804930000057,512.9307769000006,512.9472771000001,512.9472771000001,513.3454937999995,,,,,v,0,0.3908445999986725,None,Participant 2,001,2025-10-02_16h59.03.252,Motor Sequence Learning Bhumika Bajaj AU2320057,,2025.1.1,119.56873947341028,2025-10-02 16h59.13.242601 +0530,
150,v,3,3,1,x,0,0.7221997999986343,None,,,,,1,3,3,1,513.353294200002,,513.3459369000011,514.3363871000001,514.3363871000001,514.3363871000001,514.3363871000001,514.3363871000001,515.3386978000017,515.3568054999996,515.3568054999996,516.0903199999993,,,,,x,0,0.7221997999986343,None,Participant 2,001,2025-10-02_16h59.03.252,Motor Sequence Learning Bhumika Bajaj AU2320057,,2025.1.1,119.56873947341028,2025-10-02 16h59.13.242601 +0530,
50,c,4,4,1,c,1,0.7119160000002012,None,,,,,1,4,4,2,516.1054812000002,,516.0908793999988,517.1056967000004,517.1056967000004,517.1056967000004,517.1056967000004,517.1056967000004,518.1051960000004,518.1051960000004,518.1051960000004,518.8224831000007,,,,,c,1,0.7119160000002012,None,Participant 2,001,2025-10-02_16h59.03.252,Motor Sequence Learning Bhumika Bajaj AU2320057,,2025.1.1,119.56873947341028,2025-10-02 16h59.13.242601 +0530,
50,c,5,5,2,c,1,0.6313229000006686,None,,,,,2,5,5,2,518.8395421999994,,518.8230217000018,519.8389687000017,519.8389687000017,519.8389687000017,519.8389687000017,519.8389687000017,520.8390431000007,520.8224150999995,520.8224150999995,521.4563239999989,,,,,c,1,0.6313229000006686,None,Participant 2,001,2025-10-02_16h59.03.252,Motor Sequence Learning Bhumika Bajaj AU2320057,,2025.1.1,119.56873947341028,2025-10-02 16h59.13.242601 +0530,
50,c,6,6,3,c,1,0.6608186999983445,None,,,,,3,6,6,2,521.4727444000018,,521.4568433999993,522.4718795000008,522.4718795000008,522.4718795000008,522.4718795000008,522.4718795000008,523.4725853000018,523.4558647000013,523.4558647000013,524.1225139999988,,,,,c,1,0.6608186999983445,None,Participant 2,001,2025-10-02_16h59.03.252,Motor Sequence Learning Bhumika Bajaj AU2320057,,2025.1.1,119.56873947341028,2025-10-02 16h59.13.242601 +0530,
-150,z,7,7,0,z,1,0.7961467999994056,None,,,,,0,7,7,3,524.1392483999989,,524.1230442999986,525.1219874999988,525.1219874999988,525.1219874999988,525.1219874999988,525.1219874999988,526.1227127999991,526.1388738999995,526.1388738999995,526.9395422000016,,,,,z,1,0.7961467999994056,None,Participant 2,001,2025-10-02_16h59.03.252,Motor Sequence Learning Bhumika Bajaj AU2320057,,2025.1.1,119.56873947341028,2025-10-02 16h59.13.242601 +0530,
50,c,8,8,4,c,1,0.47078749999855063,None,,,,,4,8,8,2,526.9556259000019,,526.9400817999995,527.9550530000015,527.9550530000015,527.9550530000015,527.9550530000015,527.9550530000015,528.9575732000012,528.9413349999995,528.9413349999995,529.4267886000016,,,,,c,1,0.47078749999855063,None,Participant 2,001,2025-10-02_16h59.03.252,Motor Sequence Learning Bhumika Bajaj AU2320057,,2025.1.1,119.56873947341028,2025-10-02 16h59.13.242601 +0530,
-50,x,9,9,1,x,1,0.45016689999829396,None,,,,,1,9,9,0,529.4417981000006,,529.4278080000004,530.4389193999996,530.4389193999996,530.4389193999996,530.4389193999996,530.4389193999996,531.4385834999994,531.4385834999994,531.4385834999994,531.8901933000016,,,,,x,1,0.45016689999829396,None,Participant 2,001,2025-10-02_16h59.03.252,Motor Sequence Learning Bhumika Bajaj AU2320057,,2025.1.1,119.56873947341028,2025-10-02 16h59.13.242601 +0530,
150,v,10,10,2,v,1,0.6975772999976471,None,,,,,2,10,10,1,531.9040024999995,,531.8907288000009,532.9056893999987,532.9056893999987,532.9056893999987,532.9056893999987,532.9056893999987,533.9048132999997,533.9048132999997,533.9048132999997,534.6060036000017,,,,,v,1,0.6975772999976471,None,Participant 2,001,2025-10-02_16h59.03.252,Motor Sequence Learning Bhumika Bajaj AU2320057,,2025.1.1,119.56873947341028,2025-10-02 16h59.13.242601 +0530,
-50,x,11,11,2,x,1,0.6667677000004915,None,,,,,2,11,11,0,534.6224556999987,,534.6065402999993,535.6055645000015,535.6055645000015,535.6055645000015,535.6055645000015,535.6055645000015,536.6052832999994,536.6052832999994,536.6052832999994,537.2742557999991,,,,,x,1,0.6667677000004915,None,Participant 2,001,2025-10-02_16h59.03.252,Motor Sequence Learning Bhumika Bajaj AU2320057,,2025.1.1,119.56873947341028,2025-10-02 16h59.13.242601 +0530,
150,v,12,12,3,v,1,0.7366290999998455,None,,,,,3,12,12,1,537.2889652000013,,537.2747855999987,538.276491200002,538.276491200002,538.276491200002,538.276491200002,538.276491200002,539.2917828999998,539.2752881000015,539.2752881000015,540.0233068000016,,,,,v,1,0.7366290999998455,None,Participant 2,001,2025-10-02_16h59.03.252,Motor Sequence Learning Bhumika Bajaj AU2320057,,2025.1.1,119.56873947341028,2025-10-02 16h59.13.242601 +0530,
150,v,13,13,4,v,1,0.6648050000003423,None,,,,,4,13,13,1,540.0386237999992,,540.0238449999997,541.025260800001,541.025260800001,541.025260800001,541.025260800001,541.025260800001,542.0382787999988,542.0382787999988,542.0382787999988,542.7105741000014,,,,,v,1,0.6648050000003423,None,Participant 2,001,2025-10-02_16h59.03.252,Motor Sequence Learning Bhumika Bajaj AU2320057,,2025.1.1,119.56873947341028,2025-10-02 16h59.13.242601 +0530,
150,v,14,14,5,v,1,0.568411100000958,None,,,,,5,14,14,1,542.7250650999995,,542.711508700002,543.7253963000003,543.7253963000003,543.7253963000003,543.7253963000003,543.7253963000003,544.7253567000007,544.7253567000007,544.7253567000007,545.294791100001,,,,,v,1,0.568411100000958,None,Participant 2,001,2025-10-02_16h59.03.252,Motor Sequence Learning Bhumika Bajaj AU2320057,,2025.1.1,119.56873947341028,2025-10-02 16h59.13.242601 +0530,
-50,x,15,15,3,x,1,0.8144535000028554,None,,,,,3,15,15,0,545.3089010000003,,545.2956942000019,546.3087946999985,546.3087946999985,546.3087946999985,546.3087946999985,546.3087946999985,547.3094103000003,547.3094103000003,547.3094103000003,548.1281022000003,,,,,x,1,0.8144535000028554,None,Participant 2,001,2025-10-02_16h59.03.252,Motor Sequence Learning Bhumika Bajaj AU2320057,,2025.1.1,119.56873947341028,2025-10-02 16h59.13.242601 +0530,
-50,x,16,16,4,x,1,0.6271367000008468,None,,,,,4,16,16,0,548.1417660000006,,548.1289739999993,549.141372500002,549.141372500002,549.141372500002,549.141372500002,549.141372500002,550.1426885000001,550.1426885000001,550.1426885000001,550.7752218999995,,,,,x,1,0.6271367000008468,None,Participant 2,001,2025-10-02_16h59.03.252,Motor Sequence Learning Bhumika Bajaj AU2320057,,2025.1.1,119.56873947341028,2025-10-02 16h59.13.242601 +0530,
50,c,17,17,5,c,1,0.7031301000024541,None,,,,,5,17,17,2,550.7919634999998,,550.7757459999993,551.7734712999991,551.7734712999991,551.7734712999991,551.7734712999991,551.7734712999991,552.7744367000014,552.7916949999999,552.7916949999999,553.5100381000011,,,,,c,1,0.7031301000024541,None,Participant 2,001,2025-10-02_16h59.03.252,Motor Sequence Learning Bhumika Bajaj AU2320057,,2025.1.1,119.56873947341028,2025-10-02 16h59.13.242601 +0530,
150,v,18,18,6,v,1,0.9284841000007873,None,,,,,6,18,18,1,553.5254893999991,,553.5115356999995,554.5221120999995,554.5221120999995,554.5221120999995,554.5221120999995,554.5221120999995,555.5224535000016,555.5224535000016,555.5224535000016,556.4562604000021,,,,,v,1,0.9284841000007873,None,Participant 2,001,2025-10-02_16h59.03.252,Motor Sequence Learning Bhumika Bajaj AU2320057,,2025.1.1,119.56873947341028,2025-10-02 16h59.13.242601 +0530,
150,v,19,19,7,v,1,0.5342089999976452,None,,,,,7,19,19,1,556.4720234999986,,556.4568502000002,557.4563706000008,557.4563706000008,557.4563706000008,557.4563706000008,557.4563706000008,558.4559688000008,558.4559688000008,558.4559688000008,558.990892400001,,,,,v,1,0.5342089999976452,None,Participant 2,001,2025-10-02_16h59.03.252,Motor Sequence Learning Bhumika Bajaj AU2320057,,2025.1.1,119.56873947341028,2025-10-02 16h59.13.242601 +0530,
50,c,20,20,6,c,1,0.9280084999991232,None,,,,,6,20,20,2,559.0060231999996,,558.9914290000015,560.0053183000018,560.0053183000018,560.0053183000018,560.0053183000018,560.0053183000018,561.0064620000012,561.0064620000012,561.0064620000012,561.9392026999994,,,,,c,1,0.9280084999991232,None,Participant 2,001,2025-10-02_16h59.03.252,Motor Sequence Learning Bhumika Bajaj AU2320057,,2025.1.1,119.56873947341028,2025-10-02 16h59.13.242601 +0530,
-50,x,21,21,5,x,1,0.5771647000001394,None,,,,,5,21,21,0,561.9556082000017,,561.9397391999992,562.9411260000015,562.9411260000015,562.9411260000015,562.9411260000015,562.9411260000015,563.9398757999988,563.9398757999988,563.9398757999988,564.5228812999994,,,,,x,1,0.5771647000001394,None,Participant 2,001,2025-10-02_16h59.03.252,Motor Sequence Learning Bhumika Bajaj AU2320057,,2025.1.1,119.56873947341028,2025-10-02 16h59.13.242601 +0530,
150,v,22,22,8,v,1,0.7836964000016451,None,,,,,8,22,22,1,564.5391326999998,,564.5234066000012,565.5259392000007,565.5259392000007,565.5259392000007,565.5259392000007,565.5259392000007,566.538547600001,566.5218764000019,566.5218764000019,567.3204311000009,,,,,v,1,0.7836964000016451,None,Participant 2,001,2025-10-02_16h59.03.252,Motor Sequence Learning Bhumika Bajaj AU2320057,,2025.1.1,119.56873947341028,2025-10-02 16h59.13.242601 +0530,
150,v,23,23,9,v,1,0.7241576000014902,None,,,,,9,23,23,1,567.3364122000021,,567.320962400001,568.3358088999994,568.3358088999994,568.3358088999994,568.3358088999994,568.3358088999994,569.3401971999992,569.3248773000014,569.3248773000014,570.0538277999985,,,,,v,1,0.7241576000014902,None,Participant 2,001,2025-10-02_16h59.03.252,Motor Sequence Learning Bhumika Bajaj AU2320057,,2025.1.1,119.56873947341028,2025-10-02 16h59.13.242601 +0530,
-150,z,24,24,1,z,1,0.8157613999974274,None,,,,,1,24,24,3,570.0695760999988,,570.0542004999988,571.0552404000009,571.0552404000009,571.0552404000009,571.0552404000009,571.0552404000009,572.0551254999991,572.0551254999991,572.0551254999991,572.8737174000016,,,,,z,1,0.8157613999974274,None,Participant 2,001,2025-10-02_16h59.03.252,Motor Sequence Learning Bhumika Bajaj AU2320057,,2025.1.1,119.56873947341028,2025-10-02 16h59.13.242601 +0530,
-150,z,25,25,2,z,1,2.333325200001127,None,,,,,2,25,25,3,572.888060199999,,572.8742502999994,573.8747476999997,573.8747476999997,573.8747476999997,573.8747476999997,573.8747476999997,574.8730403000009,574.8730403000009,574.8730403000009,577.2205538999988,,,,,z,1,2.333325200001127,None,Participant 2,001,2025-10-02_16h59.03.252,Motor Sequence Learning Bhumika Bajaj AU2320057,,2025.1.1,119.56873947341028,2025-10-02 16h59.13.242601 +0530,
50,c,26,26,7,c,1,1.0995755000003555,None,,,,,7,26,26,2,577.2359867000014,,577.2210756999993,578.2215589000007,578.2215589000007,578.2215589000007,578.2215589000007,578.2215589000007,579.2184746999992,579.2184746999992,579.2184746999992,580.3242519000014,,,,,c,1,1.0995755000003555,None,Participant 2,001,2025-10-02_16h59.03.252,Motor Sequence Learning Bhumika Bajaj AU2320057,,2025.1.1,119.56873947341028,2025-10-02 16h59.13.242601 +0530,
50,c,27,27,8,c,1,0.6639054000006581,None,,,,,8,27,27,2,580.3404177000011,,580.3248544999988,581.3382693000021,581.3382693000021,581.3382693000021,581.3382693000021,581.3382693000021,582.3382052000015,582.3382052000015,582.3382052000015,583.0057277000014,,,,,c,1,0.6639054000006581,None,Participant 2,001,2025-10-02_16h59.03.252,Motor Sequence Learning Bhumika Bajaj AU2320057,,2025.1.1,119.56873947341028,2025-10-02 16h59.13.242601 +0530,
-150,z,28,28,3,z,1,0.9951565000010305,None,,,,,3,28,28,3,583.0214526999989,,583.0062896999989,584.0217795999997,584.0217795999997,584.0217795999997,584.0217795999997,584.0217795999997,585.0213833999987,585.0213833999987,585.0213833999987,586.0220563000003,,,,,z,1,0.9951565000010305,None,Participant 2,001,2025-10-02_16h59.03.252,Motor Sequence Learning Bhumika Bajaj AU2320057,,2025.1.1,119.56873947341028,2025-10-02 16h59.13.242601 +0530,
150,v,29,29,10,v,1,1.5906321000002208,None,,,,,10,29,29,1,586.0376623000011,,586.022611700002,587.0234564999992,587.0234564999992,587.0234564999992,587.0234564999992,587.0234564999992,588.0375960000019,588.0375960000019,588.0375960000019,589.638279499999,,,,,v,1,1.5906321000002208,None,Participant 2,001,2025-10-02_16h59.03.252,Motor Sequence Learning Bhumika Bajaj AU2320057,,2025.1.1,119.56873947341028,2025-10-02 16h59.13.242601 +0530,
-150,z,30,30,4,z,1,1.2969054999994114,None,,,,,4,30,30,3,589.6544977000012,,589.6388537999992,590.6389108000003,590.6389108000003,590.6389108000003,590.6389108000003,590.6389108000003,591.6393552000009,591.6393552000009,591.6393552000009,592.9402359999985,,,,,z,1,1.2969054999994114,None,Participant 2,001,2025-10-02_16h59.03.252,Motor Sequence Learning Bhumika Bajaj AU2320057,,2025.1.1,119.56873947341028,2025-10-02 16h59.13.242601 +0530,
-50,x,31,31,6,x,1,0.6136736000007659,None,,,,,6,31,31,0,592.955262800002,,592.9407599000006,593.9539293999987,593.9539293999987,593.9539293999987,593.9539293999987,593.9539293999987,594.9556243000006,594.9556243000006,594.9556243000006,595.573885400001,,,,,x,1,0.6136736000007659,None,Participant 2,001,2025-10-02_16h59.03.252,Motor Sequence Learning Bhumika Bajaj AU2320057,,2025.1.1,119.56873947341028,2025-10-02 16h59.13.242601 +0530,
-150,z,32,32,5,z,1,1.1787770000009914,None,,,,,5,32,32,3,595.5888563000008,,595.5744666999999,596.5874054999986,596.5874054999986,596.5874054999986,596.5874054999986,596.5874054999986,597.5883307000004,597.5883307000004,597.5883307000004,598.7726633999991,,,,,z,1,1.1787770000009914,None,Participant 2,001,2025-10-02_16h59.03.252,Motor Sequence Learning Bhumika Bajaj AU2320057,,2025.1.1,119.56873947341028,2025-10-02 16h59.13.242601 +0530,
-150,z,33,33,6,z,1,0.5066666000020632,None,,,,,6,33,33,3,598.7884334000009,,598.773255600001,599.787303000001,599.787303000001,599.787303000001,599.787303000001,599.787303000001,600.7885958000006,600.772477999999,600.772477999999,601.2896817000001,,,,,z,1,0.5066666000020632,None,Participant 2,001,2025-10-02_16h59.03.252,Motor Sequence Learning Bhumika Bajaj AU2320057,,2025.1.1,119.56873947341028,2025-10-02 16h59.13.242601 +0530,
-50,x,34,34,7,x,1,0.5446888999977091,None,,,,,7,34,34,0,601.3044904000017,,601.2902658999992,602.3043599000011,602.3043599000011,602.3043599000011,602.3043599000011,602.3043599000011,603.304740800002,603.2888385000006,603.2888385000006,603.8377001000008,,,,,x,1,0.5446888999977091,None,Participant 2,001,2025-10-02_16h59.03.252,Motor Sequence Learning Bhumika Bajaj AU2320057,,2025.1.1,119.56873947341028,2025-10-02 16h59.13.242601 +0530,
-150,z,35,35,7,z,1,0.662021600001026,None,,,,,7,35,35,3,603.8540823000003,,603.8382361000004,604.841797000001,604.841797000001,604.841797000001,604.841797000001,604.841797000001,605.8526015999996,605.8526015999996,605.8526015999996,606.5219638999988,,,,,z,1,0.662021600001026,None,Participant 2,001,2025-10-02_16h59.03.252,Motor Sequence Learning Bhumika Bajaj AU2320057,,2025.1.1,119.56873947341028,2025-10-02 16h59.13.242601 +0530,
-50,x,36,36,8,x,1,0.7365305000021181,None,,,,,8,36,36,0,606.5379505000019,,606.522525700002,607.5213183999986,607.5213183999986,607.5213183999986,607.5213183999986,607.5213183999986,608.5217803999985,608.5217803999985,608.5217803999985,609.2719314999995,,,,,x,1,0.7365305000021181,None,Participant 2,001,2025-10-02_16h59.03.252,Motor Sequence Learning Bhumika Bajaj AU2320057,,2025.1.1,119.56873947341028,2025-10-02 16h59.13.242601 +0530,
-150,z,37,37,8,z,1,1.6502603000008094,None,,,,,8,37,37,3,609.2880847999986,,609.2724826000012,610.2713079999994,610.2713079999994,610.2713079999994,610.2713079999994,610.2713079999994,611.2713216000011,611.2713216000011,611.2713216000011,612.9393168999995,,,,,z,1,1.6502603000008094,None,Participant 2,001,2025-10-02_16h59.03.252,Motor Sequence Learning Bhumika Bajaj AU2320057,,2025.1.1,119.56873947341028,2025-10-02 16h59.13.242601 +0530,
-50,x,38,38,9,x,1,0.5669328000003588,None,,,,,9,38,38,0,612.9545432000014,,612.9399478999985,613.9416574999996,613.9416574999996,613.9416574999996,613.9416574999996,613.9416574999996,614.9414891000015,614.9414891000015,614.9414891000015,615.5223157,,,,,x,1,0.5669328000003588,None,Participant 2,001,2025-10-02_16h59.03.252,Motor Sequence Learning Bhumika Bajaj AU2320057,,2025.1.1,119.56873947341028,2025-10-02 16h59.13.242601 +0530,
50,c,39,39,9,c,1,0.6699164000019664,None,,,,,9,39,39,2,615.537779000002,,615.5227397999988,616.5394474999994,616.5394474999994,616.5394474999994,616.5394474999994,616.5394474999994,617.5404223000005,617.5244060000005,617.5244060000005,618.2057155000002,,,,,c,1,0.6699164000019664,None,Participant 2,001,2025-10-02_16h59.03.252,Motor Sequence Learning Bhumika Bajaj AU2320057,,2025.1.1,119.56873947341028,2025-10-02 16h59.13.242601 +0530,
150,v,40,40,11,v,1,0.7772005000006175,None,,,,,11,40,40,1,618.2246951000016,,618.2062245000016,619.2063244000019,619.2063244000019,619.2063244000019,619.2063244000019,619.2063244000019,620.2217737999999,620.2217737999999,620.2217737999999,621.0064141000003,,,,,v,1,0.7772005000006175,None,Participant 2,001,2025-10-02_16h59.03.252,Motor Sequence Learning Bhumika Bajaj AU2320057,,2025.1.1,119.56873947341028,2025-10-02 16h59.13.242601 +0530,
-150,z,41,41,9,z,1,0.41545419999965816,None,,,,,9,41,41,3,621.0237565999996,,621.0069771999988,622.0105040000017,622.0105040000017,622.0105040000017,622.0105040000017,622.0105040000017,623.0211727999995,623.0211727999995,623.0211727999995,623.4396230999992,,,,,z,1,0.41545419999965816,None,Participant 2,001,2025-10-02_16h59.03.252,Motor Sequence Learning Bhumika Bajaj AU2320057,,2025.1.1,119.56873947341028,2025-10-02 16h59.13.242601 +0530,
-150,z,42,42,10,z,1,0.585895200001687,None,,,,,10,42,42,3,623.4538133999995,,623.4400738000004,624.4542820999995,624.4542820999995,624.4542820999995,624.4542820999995,624.4542820999995,625.4543087999991,625.4543087999991,625.4543087999991,626.0553681999991,,,,,z,1,0.585895200001687,None,Participant 2,001,2025-10-02_16h59.03.252,Motor Sequence Learning Bhumika Bajaj AU2320057,,2025.1.1,119.56873947341028,2025-10-02 16h59.13.242601 +0530,
150,v,43,43,12,v,1,0.7962921999969694,None,,,,,12,43,43,1,626.071068600002,,626.0559857000007,627.0712939000005,627.0712939000005,627.0712939000005,627.0712939000005,627.0712939000005,628.086246400002,628.0699028999989,628.0699028999989,628.8719232000003,,,,,v,1,0.7962921999969694,None,Participant 2,001,2025-10-02_16h59.03.252,Motor Sequence Learning Bhumika Bajaj AU2320057,,2025.1.1,119.56873947341028,2025-10-02 16h59.13.242601 +0530,
50,c,44,44,10,c,1,0.7068127000020468,None,,,,,10,44,44,2,628.8880037999988,,628.8724804000012,629.8714392000002,629.8714392000002,629.8714392000002,629.8714392000002,629.8714392000002,630.8706147000012,630.8706147000012,630.8706147000012,631.5914119000008,,,,,c,1,0.7068127000020468,None,Participant 2,001,2025-10-02_16h59.03.252,Motor Sequence Learning Bhumika Bajaj AU2320057,,2025.1.1,119.56873947341028,2025-10-02 16h59.13.242601 +0530,
-50,x,45,45,10,x,1,0.6737599000007322,None,,,,,10,45,45,0,631.6065942999994,,631.5920275999997,632.6079477999992,632.6079477999992,632.6079477999992,632.6079477999992,632.6079477999992,633.6213955999992,633.6041356999995,633.6041356999995,634.2884765999988,,,,,x,1,0.6737599000007322,None,Participant 2,001,2025-10-02_16h59.03.252,Motor Sequence Learning Bhumika Bajaj AU2320057,,2025.1.1,119.56873947341028,2025-10-02 16h59.13.242601 +0530,
-150,z,46,46,11,z,1,0.6490201000015077,None,,,,,11,46,46,3,634.3045080000011,,634.2889969999997,635.2911492000021,635.2911492000021,635.2911492000021,635.2911492000021,635.2911492000021,636.3043161999994,636.287432000001,636.287432000001,636.9392111000016,,,,,z,1,0.6490201000015077,None,Participant 2,001,2025-10-02_16h59.03.252,Motor Sequence Learning Bhumika Bajaj AU2320057,,2025.1.1,119.56873947341028,2025-10-02 16h59.13.242601 +0530,
-50,x,47,47,11,x,1,0.6113984000003256,None,,,,,11,47,47,0,636.954110900002,,636.9397419999987,637.954418199999,637.954418199999,637.954418199999,637.954418199999,637.954418199999,638.9544483999998,638.9544483999998,638.9544483999998,639.5720562999995,,,,,x,1,0.6113984000003256,None,Participant 2,001,2025-10-02_16h59.03.252,Motor Sequence Learning Bhumika Bajaj AU2320057,,2025.1.1,119.56873947341028,2025-10-02 16h59.13.242601 +0530,
150,v,48,48,13,v,1,1.072873900000559,None,,,,,13,48,48,1,639.5875254999992,,639.5725907999986,640.5878756999991,640.5878756999991,640.5878756999991,640.5878756999991,640.5878756999991,641.5869143999989,641.5704772999998,641.5704772999998,642.655646700001,,,,,v,1,1.072873900000559,None,Participant 2,001,2025-10-02_16h59.03.252,Motor Sequence Learning Bhumika Bajaj AU2320057,,2025.1.1,119.56873947341028,2025-10-02 16h59.13.242601 +0530,
150,v,49,49,14,v,1,0.8776133999999729,None,,,,,14,49,49,1,642.6713764999986,,642.6562195000006,643.6708235000006,643.6708235000006,643.6708235000006,643.6708235000006,643.6708235000006,644.6854432,644.6685976000008,644.6685976000008,645.553418800002,,,,,v,1,0.8776133999999729,None,Participant 2,001,2025-10-02_16h59.03.252,Motor Sequence Learning Bhumika Bajaj AU2320057,,2025.1.1,119.56873947341028,2025-10-02 16h59.13.242601 +0530,
-150,z,50,50,12,z,1,0.5483660999998392,None,,,,,12,50,50,3,645.5691256999999,,645.5539557000011,646.5544014000006,646.5544014000006,646.5544014000006,646.5544014000006,646.5544014000006,647.5537422000016,647.5537422000016,647.5537422000016,648.1054445000009,,,,,z,1,0.5483660999998392,None,Participant 2,001,2025-10-02_16h59.03.252,Motor Sequence Learning Bhumika Bajaj AU2320057,,2025.1.1,119.56873947341028,2025-10-02 16h59.13.242601 +0530,
-50,x,51,51,12,x,1,0.6089881000007153,None,,,,,12,51,51,0,648.120823199999,,648.105982699999,649.1043730999991,649.1043730999991,649.1043730999991,649.1043730999991,649.1043730999991,650.1041891999994,650.120769600002,650.120769600002,650.7389690999989,,,,,x,1,0.6089881000007153,None,Participant 2,001,2025-10-02_16h59.03.252,Motor Sequence Learning Bhumika Bajaj AU2320057,,2025.1.1,119.56873947341028,2025-10-02 16h59.13.242601 +0530,
-50,x,52,52,13,x,1,1.1479688999970676,None,,,,,13,52,52,0,650.7545834000011,,650.7395066999998,651.7541440999994,651.7541440999994,651.7541440999994,651.7541440999994,651.7541440999994,652.7541034999995,652.7541034999995,652.7541034999995,653.9054689000004,,,,,x,1,1.1479688999970676,None,Participant 2,001,2025-10-02_16h59.03.252,Motor Sequence Learning Bhumika Bajaj AU2320057,,2025.1.1,119.56873947341028,2025-10-02 16h59.13.242601 +0530,
-50,x,53,53,14,x,1,0.6321476999983133,None,,,,,14,53,53,0,653.9212808000011,,653.9060105999997,654.9208073000009,654.9208073000009,654.9208073000009,654.9208073000009,654.9208073000009,655.9202885000013,655.9202885000013,655.9202885000013,656.5549644999992,,,,,x,1,0.6321476999983133,None,Participant 2,001,2025-10-02_16h59.03.252,Motor Sequence Learning Bhumika Bajaj AU2320057,,2025.1.1,119.56873947341028,2025-10-02 16h59.13.242601 +0530,
50,c,54,54,11,v,0,0.5834328000019013,None,,,,,11,54,54,2,656.5707422999985,,656.5555114000017,657.5541808999988,657.5541808999988,657.5541808999988,657.5541808999988,657.5541808999988,658.5549361000012,658.5549361000012,658.5549361000012,659.1402897000007,,,,,v,0,0.5834328000019013,None,Participant 2,001,2025-10-02_16h59.03.252,Motor Sequence Learning Bhumika Bajaj AU2320057,,2025.1.1,119.56873947341028,2025-10-02 16h59.13.242601 +0530,
150,v,55,55,15,v,1,1.3168573000002652,None,,,,,15,55,55,1,659.1541934000015,,659.1409666,660.154509,660.154509,660.154509,660.154509,660.154509,661.1541934999987,661.1541934999987,661.1541934999987,662.4729966000014,,,,,v,1,1.3168573000002652,None,Participant 2,001,2025-10-02_16h59.03.252,Motor Sequence Learning Bhumika Bajaj AU2320057,,2025.1.1,119.56873947341028,2025-10-02 16h59.13.242601 +0530,
-150,z,56,56,13,z,1,0.5565272999992885,None,,,,,13,56,56,3,662.4873871999989,,662.4735461000018,663.487581100002,663.487581100002,663.487581100002,663.487581100002,663.487581100002,664.489185800001,664.4759234000012,664.4759234000012,665.0381221999996,,,,,z,1,0.5565272999992885,None,Participant 2,001,2025-10-02_16h59.03.252,Motor Sequence Learning Bhumika Bajaj AU2320057,,2025.1.1,119.56873947341028,2025-10-02 16h59.13.242601 +0530,
-150,z,57,57,14,z,1,0.8236784000000625,None,,,,,14,57,57,3,665.0547597000004,,665.0386800000015,666.0375968000008,666.0375968000008,666.0375968000008,666.0375968000008,666.0375968000008,667.0360542999988,667.0360542999988,667.0360542999988,667.8715747999995,,,,,z,1,0.8236784000000625,None,Participant 2,001,2025-10-02_16h59.03.252,Motor Sequence Learning Bhumika Bajaj AU2320057,,2025.1.1,119.56873947341028,2025-10-02 16h59.13.242601 +0530,
-50,x,58,58,15,x,1,0.59314219999942,None,,,,,15,58,58,0,667.8875329000002,,667.8721084999997,668.8712063000021,668.8712063000021,668.8712063000021,668.8712063000021,668.8712063000021,669.8739912000019,669.8739912000019,669.8739912000019,670.4769213,,,,,x,1,0.59314219999942,None,Participant 2,001,2025-10-02_16h59.03.252,Motor Sequence Learning Bhumika Bajaj AU2320057,,2025.1.1,119.56873947341028,2025-10-02 16h59.13.242601 +0530,
150,v,59,59,16,v,1,0.6444658000000345,None,,,,,16,59,59,1,670.4911548000018,,670.4780702999997,671.4911499000009,671.4911499000009,671.4911499000009,671.4911499000009,671.4911499000009,672.5040926000001,672.4878105999996,672.4878105999996,673.1378721000001,,,,,v,1,0.6444658000000345,None,Participant 2,001,2025-10-02_16h59.03.252,Motor Sequence Learning Bhumika Bajaj AU2320057,,2025.1.1,119.56873947341028,2025-10-02 16h59.13.242601 +0530,
150,v,60,60,17,v,1,0.9441742000017257,None,,,,,17,60,60,1,673.154128000002,,673.1384036999989,674.1368201000005,674.1368201000005,674.1368201000005,674.1368201000005,674.1368201000005,675.1376034999994,675.1376034999994,675.1376034999994,676.0880519999992,,,,,v,1,0.9441742000017257,None,Participant 2,001,2025-10-02_16h59.03.252,Motor Sequence Learning Bhumika Bajaj AU2320057,,2025.1.1,119.56873947341028,2025-10-02 16h59.13.242601 +0530,
50,c,61,61,12,c,1,0.8405902000013157,None,,,,,12,61,61,2,676.104112699999,,676.0887941000001,677.0878448000003,677.0878448000003,677.0878448000003,677.0878448000003,677.0878448000003,678.1024781000015,678.1024781000015,678.1024781000015,678.9542791999993,,,,,c,1,0.8405902000013157,None,Participant 2,001,2025-10-02_16h59.03.252,Motor Sequence Learning Bhumika Bajaj AU2320057,,2025.1.1,119.56873947341028,2025-10-02 16h59.13.242601 +0530,
150,v,62,62,18,v,1,0.7641669000004185,None,,,,,18,62,62,1,678.969589100001,,678.9547450999999,679.9540553000006,679.9540553000006,679.9540553000006,679.9540553000006,679.9540553000006,680.9586294000001,680.9586294000001,680.9586294000001,681.7266000999989,,,,,v,1,0.7641669000004185,None,Participant 2,001,2025-10-02_16h59.03.252,Motor Sequence Learning Bhumika Bajaj AU2320057,,2025.1.1,119.56873947341028,2025-10-02 16h59.13.242601 +0530,
150,v,63,63,19,v,1,0.4640564000001177,None,,,,,19,63,63,1,681.7395270999987,,681.7274672999993,682.7374946999989,682.7374946999989,682.7374946999989,682.7374946999989,682.7374946999989,683.7373824999995,683.7373824999995,683.7373824999995,684.2101143,,,,,v,1,0.4640564000001177,None,Participant 2,001,2025-10-02_16h59.03.252,Motor Sequence Learning Bhumika Bajaj AU2320057,,2025.1.1,119.56873947341028,2025-10-02 16h59.13.242601 +0530,
150,v,64,64,20,v,1,0.37809589999960735,None,,,,,20,64,64,1,684.2256779000018,,684.2107978999993,685.2204558000012,685.2204558000012,685.2204558000012,685.2204558000012,685.2204558000012,686.2205786000013,686.2205786000013,686.2205786000013,686.604656800002,,,,,v,1,0.37809589999960735,None,Participant 2,001,2025-10-02_16h59.03.252,Motor Sequence Learning Bhumika Bajaj AU2320057,,2025.1.1,119.56873947341028,2025-10-02 16h59.13.242601 +0530,
-50,x,65,65,16,x,1,0.8359099000008428,None,,,,,16,65,65,0,686.6207404000015,,686.605217100001,687.6178203000018,687.6178203000018,687.6178203000018,687.6178203000018,687.6178203000018,688.6209387000017,688.6209387000017,688.6209387000017,689.4690063000016,,,,,x,1,0.8359099000008428,None,Participant 2,001,2025-10-02_16h59.03.252,Motor Sequence Learning Bhumika Bajaj AU2320057,,2025.1.1,119.56873947341028,2025-10-02 16h59.13.242601 +0530,
-50,x,66,66,17,x,1,0.6429616000023088,None,,,,,17,66,66,0,689.4849566000012,,689.4695114999995,690.4713551999994,690.4713551999994,690.4713551999994,690.4713551999994,690.4713551999994,691.4699629999996,691.4699629999996,691.4699629999996,692.1208987999998,,,,,x,1,0.6429616000023088,None,Participant 2,001,2025-10-02_16h59.03.252,Motor Sequence Learning Bhumika Bajaj AU2320057,,2025.1.1,119.56873947341028,2025-10-02 16h59.13.242601 +0530,
150,v,67,67,21,v,1,0.5918672999978298,None,,,,,21,67,67,1,692.1372498000019,,692.1218617000013,693.1207600000016,693.1207600000016,693.1207600000016,693.1207600000016,693.1207600000016,694.1206505000009,694.1206505000009,694.1206505000009,694.7212647999986,,,,,v,1,0.5918672999978298,None,Participant 2,001,2025-10-02_16h59.03.252,Motor Sequence Learning Bhumika Bajaj AU2320057,,2025.1.1,119.56873947341028,2025-10-02 16h59.13.242601 +0530,
150,v,68,68,22,v,1,1.1019082999991952,None,,,,,22,68,68,1,694.7370120000014,,694.7217935000008,695.7205919000007,695.7205919000007,695.7205919000007,695.7205919000007,695.7205919000007,696.7208978000017,696.7208978000017,696.7208978000017,697.8382700000002,,,,,v,1,1.1019082999991952,None,Participant 2,001,2025-10-02_16h59.03.252,Motor Sequence Learning Bhumika Bajaj AU2320057,,2025.1.1,119.56873947341028,2025-10-02 16h59.13.242601 +0530,
150,v,69,69,23,v,1,0.48782800000117277,None,,,,,23,69,69,1,697.8542775999995,,697.8389185999986,698.8548310000006,698.8548310000006,698.8548310000006,698.8548310000006,698.8548310000006,699.8568661999998,699.8403878999998,699.8403878999998,700.3388001000021,,,,,v,1,0.48782800000117277,None,Participant 2,001,2025-10-02_16h59.03.252,Motor Sequence Learning Bhumika Bajaj AU2320057,,2025.1.1,119.56873947341028,2025-10-02 16h59.13.242601 +0530,
-150,z,70,70,15,z,1,0.5584391999982472,None,,,,,15,70,70,3,700.3555870000018,,700.3400978999998,701.3407256999999,701.3407256999999,701.3407256999999,701.3407256999999,701.3407256999999,702.3405391999986,702.3405391999986,702.3405391999986,702.9090218999991,,,,,z,1,0.5584391999982472,None,Participant 2,001,2025-10-02_16h59.03.252,Motor Sequence Learning Bhumika Bajaj AU2320057,,2025.1.1,119.56873947341028,2025-10-02 16h59.13.242601 +0530,
50,c,71,71,13,c,1,0.9829155000006722,None,,,,,13,71,71,2,702.9212127999999,,702.9098627999992,703.9223822999993,703.9223822999993,703.9223822999993,703.9223822999993,703.9223822999993,704.9374936999993,704.9216624000001,704.9216624000001,705.9054629999991,,,,,c,1,0.9829155000006722,None,Participant 2,001,2025-10-02_16h59.03.252,Motor Sequence Learning Bhumika Bajaj AU2320057,,2025.1.1,119.56873947341028,2025-10-02 16h59.13.242601 +0530,
-50,x,72,72,18,x,1,0.6078803999989759,None,,,,,18,72,72,0,705.9208565000008,,705.9060279000005,706.9061083999986,706.9061083999986,706.9061083999986,706.9061083999986,706.9061083999986,707.9042656999991,707.9042656999991,707.9042656999991,708.5201834,,,,,x,1,0.6078803999989759,None,Participant 2,001,2025-10-02_16h59.03.252,Motor Sequence Learning Bhumika Bajaj AU2320057,,2025.1.1,119.56873947341028,2025-10-02 16h59.13.242601 +0530,
50,c,73,73,14,c,1,0.33967159999883734,None,,,,,14,73,73,2,708.5357193999989,,708.5207351999998,709.5224634000006,709.5224634000006,709.5224634000006,709.5224634000006,709.5224634000006,710.5379323000016,710.5202285000014,710.5202285000014,710.8710054000003,,,,,c,1,0.33967159999883734,None,Participant 2,001,2025-10-02_16h59.03.252,Motor Sequence Learning Bhumika Bajaj AU2320057,,2025.1.1,119.56873947341028,2025-10-02 16h59.13.242601 +0530,
50,c,74,74,15,c,1,0.7275654000004579,None,,,,,15,74,74,2,710.8870432000003,,710.8715322999997,711.8734937000008,711.8734937000008,711.8734937000008,711.8734937000008,711.8734937000008,712.8864901999987,712.8709834000001,712.8709834000001,713.6039421999994,,,,,c,1,0.7275654000004579,None,Participant 2,001,2025-10-02_16h59.03.252,Motor Sequence Learning Bhumika Bajaj AU2320057,,2025.1.1,119.56873947341028,2025-10-02 16h59.13.242601 +0530,
-50,x,75,75,19,x,1,0.5682952999995905,None,,,,,19,75,75,0,713.6212822000016,,713.6044838000016,714.6039237000005,714.6039237000005,714.6039237000005,714.6039237000005,714.6039237000005,715.6081306000015,715.6081306000015,715.6081306000015,716.1911904000008,,,,,x,1,0.5682952999995905,None,Participant 2,001,2025-10-02_16h59.03.252,Motor Sequence Learning Bhumika Bajaj AU2320057,,2025.1.1,119.56873947341028,2025-10-02 16h59.13.242601 +0530,
-150,z,76,76,16,z,1,0.6274522999992769,None,,,,,16,76,76,3,716.2073072999992,,716.192104400001,717.2042479000011,717.2042479000011,717.2042479000011,717.2042479000011,717.2042479000011,718.2180727000014,718.2012068000004,718.2012068000004,718.8372818999997,,,,,z,1,0.6274522999992769,None,Participant 2,001,2025-10-02_16h59.03.252,Motor Sequence Learning Bhumika Bajaj AU2320057,,2025.1.1,119.56873947341028,2025-10-02 16h59.13.242601 +0530,
150,v,77,77,24,v,1,0.355372999998508,None,,,,,24,77,77,1,718.8533792000017,,718.8379241000002,719.8536525000018,719.8536525000018,719.8536525000018,719.8536525000018,719.8536525000018,720.8537801999992,720.8369936999989,720.8369936999989,721.2025381000021,,,,,v,1,0.355372999998508,None,Participant 2,001,2025-10-02_16h59.03.252,Motor Sequence Learning Bhumika Bajaj AU2320057,,2025.1.1,119.56873947341028,2025-10-02 16h59.13.242601 +0530,
-50,x,78,78,20,x,1,0.39505040000221925,None,,,,,20,78,78,0,721.2178382999991,,721.2031023999989,722.2052846000006,722.2052846000006,722.2052846000006,722.2052846000006,722.2052846000006,723.2204882000005,723.2034300999985,723.2034300999985,723.6035874000008,,,,,x,1,0.39505040000221925,None,Participant 2,001,2025-10-02_16h59.03.252,Motor Sequence Learning Bhumika Bajaj AU2320057,,2025.1.1,119.56873947341028,2025-10-02 16h59.13.242601 +0530,
50,c,79,79,16,c,1,0.7710927999978594,None,,,,,16,79,79,2,723.6208836000005,,723.6041306000006,724.6034882999993,724.6034882999993,724.6034882999993,724.6034882999993,724.6034882999993,725.6035907000005,725.6035907000005,725.6035907000005,726.3884705000019,,,,,c,1,0.7710927999978594,None,Participant 2,001,2025-10-02_16h59.03.252,Motor Sequence Learning Bhumika Bajaj AU2320057,,2025.1.1,119.56873947341028,2025-10-02 16h59.13.242601 +0530,
-150,z,80,80,17,z,1,0.6726901000001817,None,,,,,17,80,80,3,726.4043716999986,,726.3890379000004,727.3864944000015,727.3864944000015,727.3864944000015,727.3864944000015,727.3864944000015,728.3876612999993,728.4040695000003,728.4040695000003,729.0875014000012,,,,,z,1,0.6726901000001817,None,Participant 2,001,2025-10-02_16h59.03.252,Motor Sequence Learning Bhumika Bajaj AU2320057,,2025.1.1,119.56873947341028,2025-10-02 16h59.13.242601 +0530,
50,c,81,81,17,c,1,0.84902399999919,None,,,,,17,81,81,2,729.1044868999998,,729.0880399999987,730.0909649999994,730.0909649999994,730.0909649999994,730.0909649999994,730.0909649999994,731.1052057000015,731.0893792999996,731.0893792999996,731.9436559999995,,,,,c,1,0.84902399999919,None,Participant 2,001,2025-10-02_16h59.03.252,Motor Sequence Learning Bhumika Bajaj AU2320057,,2025.1.1,119.56873947341028,2025-10-02 16h59.13.242601 +0530,
-150,z,82,82,18,z,1,0.6400739000018802,None,,,,,18,82,82,3,731.9699844999996,,731.9446271999986,732.9540557,732.9540557,732.9540557,732.9540557,732.9540557,733.9540597000014,733.9540597000014,733.9540597000014,734.6012871999992,,,,,z,1,0.6400739000018802,None,Participant 2,001,2025-10-02_16h59.03.252,Motor Sequence Learning Bhumika Bajaj AU2320057,,2025.1.1,119.56873947341028,2025-10-02 16h59.13.242601 +0530,
-150,z,83,83,19,z,1,0.7253429999982473,None,,,,,19,83,83,3,734.6180944000007,,734.6018308999992,735.6056824000007,735.6056824000007,735.6056824000007,735.6056824000007,735.6056824000007,736.6239042000016,736.6079137000015,736.6079137000015,737.3377953000017,,,,,z,1,0.7253429999982473,None,Participant 2,001,2025-10-02_16h59.03.252,Motor Sequence Learning Bhumika Bajaj AU2320057,,2025.1.1,119.56873947341028,2025-10-02 16h59.13.242601 +0530,
-150,z,84,84,20,z,1,0.6826016999984859,None,,,,,20,84,84,3,737.3542194000001,,737.3383318000015,738.3395846000021,738.3395846000021,738.3395846000021,738.3395846000021,738.3395846000021,739.3537357999994,739.3371842000015,739.3371842000015,740.0210178000016,,,,,z,1,0.6826016999984859,None,Participant 2,001,2025-10-02_16h59.03.252,Motor Sequence Learning Bhumika Bajaj AU2320057,,2025.1.1,119.56873947341028,2025-10-02 16h59.13.242601 +0530,
-50,x,85,85,21,x,1,0.49045979999937117,None,,,,,21,85,85,0,740.0370159000013,,740.0215688999997,741.0200193000019,741.0200193000019,741.0200193000019,741.0200193000019,741.0200193000019,742.0198760999992,742.0198760999992,742.0198760999992,742.5201502999989,,,,,x,1,0.49045979999937117,None,Participant 2,001,2025-10-02_16h59.03.252,Motor Sequence Learning Bhumika Bajaj AU2320057,,2025.1.1,119.56873947341028,2025-10-02 16h59.13.242601 +0530,
50,c,86,86,18,c,1,0.7094269000008353,None,,,,,18,86,86,2,742.5373614000018,,742.5206724999989,743.5197520000002,743.5197520000002,743.5197520000002,743.5197520000002,743.5197520000002,744.5215229999994,744.5215229999994,744.5215229999994,745.2373006000016,,,,,c,1,0.7094269000008353,None,Participant 2,001,2025-10-02_16h59.03.252,Motor Sequence Learning Bhumika Bajaj AU2320057,,2025.1.1,119.56873947341028,2025-10-02 16h59.13.242601 +0530,
-50,x,87,87,22,x,1,0.6125778999994509,None,,,,,22,87,87,0,745.2530960000004,,745.2378190000018,746.236929900002,746.236929900002,746.236929900002,746.236929900002,746.236929900002,747.2521998000011,747.2521998000011,747.2521998000011,747.8702835000004,,,,,x,1,0.6125778999994509,None,Participant 2,001,2025-10-02_16h59.03.252,Motor Sequence Learning Bhumika Bajaj AU2320057,,2025.1.1,119.56873947341028,2025-10-02 16h59.13.242601 +0530,
50,c,88,88,19,c,1,0.572589399998833,None,,,,,19,88,88,2,747.8862807000005,,747.8708082000012,748.8703674999997,748.8703674999997,748.8703674999997,748.8703674999997,748.8703674999997,749.8699809999998,749.8699809999998,749.8699809999998,750.4514662000001,,,,,c,1,0.572589399998833,None,Participant 2,001,2025-10-02_16h59.03.252,Motor Sequence Learning Bhumika Bajaj AU2320057,,2025.1.1,119.56873947341028,2025-10-02 16h59.13.242601 +0530,
50,c,89,89,20,c,1,1.1023276999985683,None,,,,,20,89,89,2,750.4676543999994,,750.4520135999992,751.4523532000021,751.4523532000021,751.4523532000021,751.4523532000021,751.4523532000021,752.4570021,752.4570021,752.4570021,753.5706582999992,,,,,c,1,1.1023276999985683,None,Participant 2,001,2025-10-02_16h59.03.252,Motor Sequence Learning Bhumika Bajaj AU2320057,,2025.1.1,119.56873947341028,2025-10-02 16h59.13.242601 +0530,
-150,z,90,90,21,z,1,0.7862328999981401,None,,,,,21,90,90,3,753.5875913999989,,753.571210099999,754.5714451999993,754.5714451999993,754.5714451999993,754.5714451999993,754.5714451999993,755.5869738000001,755.5702606000013,755.5702606000013,756.3707033999999,,,,,z,1,0.7862328999981401,None,Participant 2,001,2025-10-02_16h59.03.252,Motor Sequence Learning Bhumika Bajaj AU2320057,,2025.1.1,119.56873947341028,2025-10-02 16h59.13.242601 +0530,
-150,z,91,91,22,z,1,0.9503025000012713,None,,,,,22,91,91,3,756.386493500002,,756.3712507000018,757.3870948000003,757.3870948000003,757.3870948000003,757.3870948000003,757.3870948000003,758.4027817999995,758.3691390999993,758.3691390999993,759.320721,,,,,z,1,0.9503025000012713,None,Participant 2,001,2025-10-02_16h59.03.252,Motor Sequence Learning Bhumika Bajaj AU2320057,,2025.1.1,119.56873947341028,2025-10-02 16h59.13.242601 +0530,
-150,z,92,92,23,z,1,0.44823079999696347,None,,,,,23,92,92,3,759.3369687000013,,759.321252400001,760.336855900001,760.336855900001,760.336855900001,760.336855900001,760.336855900001,761.3373456000008,761.3198426999988,761.3198426999988,761.7709990000003,,,,,z,1,0.44823079999696347,None,Participant 2,001,2025-10-02_16h59.03.252,Motor Sequence Learning Bhumika Bajaj AU2320057,,2025.1.1,119.56873947341028,2025-10-02 16h59.13.242601 +0530,
50,c,93,93,21,c,1,0.7355575000001409,None,,,,,21,93,93,2,761.7872403000001,,761.7715635999994,762.7866684,762.7866684,762.7866684,762.7866684,762.7866684,763.7900001999988,763.7734659999987,763.7734659999987,764.5382099999988,,,,,c,1,0.7355575000001409,None,Participant 2,001,2025-10-02_16h59.03.252,Motor Sequence Learning Bhumika Bajaj AU2320057,,2025.1.1,119.56873947341028,2025-10-02 16h59.13.242601 +0530,
-150,z,94,94,24,z,1,0.644563299996662,None,,,,,24,94,94,3,764.557149100001,,764.5393356999994,765.5507990000006,765.5507990000006,765.5507990000006,765.5507990000006,765.5507990000006,766.5504450000008,766.5504450000008,766.5504450000008,767.2062232999997,,,,,z,1,0.644563299996662,None,Participant 2,001,2025-10-02_16h59.03.252,Motor Sequence Learning Bhumika Bajaj AU2320057,,2025.1.1,119.56873947341028,2025-10-02 16h59.13.242601 +0530,
-150,z,95,95,25,z,1,0.746192800001154,None,,,,,25,95,95,3,767.2228288000006,,767.2069512999988,768.2190871999992,768.2190871999992,768.2190871999992,768.2190871999992,768.2190871999992,769.2239721000005,769.2066605,769.2066605,769.9547879999991,,,,,z,1,0.746192800001154,None,Participant 2,001,2025-10-02_16h59.03.252,Motor Sequence Learning Bhumika Bajaj AU2320057,,2025.1.1,119.56873947341028,2025-10-02 16h59.13.242601 +0530,
50,c,96,96,22,c,1,0.5806195000004664,None,,,,,22,96,96,2,769.969533800002,,769.9553192999992,770.9568757000015,770.9568757000015,770.9568757000015,770.9568757000015,770.9568757000015,771.9697125000021,771.9697125000021,771.9697125000021,772.5547229000003,,,,,c,1,0.5806195000004664,None,Participant 2,001,2025-10-02_16h59.03.252,Motor Sequence Learning Bhumika Bajaj AU2320057,,2025.1.1,119.56873947341028,2025-10-02 16h59.13.242601 +0530,
-150,z,97,97,26,z,1,0.41790279999986524,None,,,,,26,97,97,3,772.5693799000001,,772.5552472999989,773.5563905999988,773.5563905999988,773.5563905999988,773.5563905999988,773.5563905999988,774.5563634999999,774.5563634999999,774.5563634999999,774.9752498999987,,,,,z,1,0.41790279999986524,None,Participant 2,001,2025-10-02_16h59.03.252,Motor Sequence Learning Bhumika Bajaj AU2320057,,2025.1.1,119.56873947341028,2025-10-02 16h59.13.242601 +0530,
150,v,98,98,25,v,1,0.7151281000005838,None,,,,,25,98,98,1,775.001273599999,,774.9761256999991,775.9868131000003,775.9868131000003,775.9868131000003,775.9868131000003,775.9868131000003,776.9861345999998,776.9861345999998,776.9861345999998,777.7043814999997,,,,,v,1,0.7151281000005838,None,Participant 2,001,2025-10-02_16h59.03.252,Motor Sequence Learning Bhumika Bajaj AU2320057,,2025.1.1,119.56873947341028,2025-10-02 16h59.13.242601 +0530,
-150,z,99,99,27,z,1,0.4671046000003116,None,,,,,27,99,99,3,777.7196484999986,,777.7048083000009,778.7031290000014,778.7031290000014,778.7031290000014,778.7031290000014,778.7031290000014,779.7073896000002,779.7073896000002,779.7073896000002,780.1874400000015,,,,,z,1,0.4671046000003116,None,Participant 2,001,2025-10-02_16h59.03.252,Motor Sequence Learning Bhumika Bajaj AU2320057,,2025.1.1,119.56873947341028,2025-10-02 16h59.13.242601 +0530,
-50,x,100,100,23,x,1,0.3920211000004201,None,,,,,23,100,100,0,780.2032246999988,,780.1880859000012,781.1864257000016,781.1864257000016,781.1864257000016,781.1864257000016,781.1864257000016,782.1863484999994,782.2036126000021,782.2036126000021,782.6040786000012,,,,,x,1,0.3920211000004201,None,Participant 2,001,2025-10-02_16h59.03.252,Motor Sequence Learning Bhumika Bajaj AU2320057,,2025.1.1,119.56873947341028,2025-10-02 16h59.13.242601 +0530,
50,c,101,101,23,c,1,0.6562469999989844,None,,,,,23,101,101,2,782.620348299999,,782.6046367999988,783.6207857000009,783.6207857000009,783.6207857000009,783.6207857000009,783.6207857000009,784.6220649999996,784.6220649999996,784.6220649999996,785.2859858000011,,,,,c,1,0.6562469999989844,None,Participant 2,001,2025-10-02_16h59.03.252,Motor Sequence Learning Bhumika Bajaj AU2320057,,2025.1.1,119.56873947341028,2025-10-02 16h59.13.242601 +0530,
50,c,102,102,24,c,1,0.7624346999982663,None,,,,,24,102,102,2,785.3032378999997,,785.2863975,786.2867858999998,786.2867858999998,786.2867858999998,786.2867858999998,786.2867858999998,787.2853018999995,787.2853018999995,787.2853018999995,788.0535698999993,,,,,c,1,0.7624346999982663,None,Participant 2,001,2025-10-02_16h59.03.252,Motor Sequence Learning Bhumika Bajaj AU2320057,,2025.1.1,119.56873947341028,2025-10-02 16h59.13.242601 +0530,
50,c,103,103,25,c,1,0.4124500999969314,None,,,,,25,103,103,2,788.0685790999996,,788.0541565999993,789.067818800002,789.067818800002,789.067818800002,789.067818800002,789.067818800002,790.0695917000012,790.0529863000011,790.0529863000011,790.4707663000008,,,,,c,1,0.4124500999969314,None,Participant 2,001,2025-10-02_16h59.03.252,Motor Sequence Learning Bhumika Bajaj AU2320057,,2025.1.1,119.56873947341028,2025-10-02 16h59.13.242601 +0530,
150,v,104,104,26,v,1,0.6160154999997758,None,,,,,26,104,104,1,790.4865256000012,,790.4712901000021,791.4717249999994,791.4717249999994,791.4717249999994,791.4717249999994,791.4717249999994,792.4721867000007,792.4721867000007,792.4721867000007,793.1015690999993,,,,,v,1,0.6160154999997758,None,Participant 2,001,2025-10-02_16h59.03.252,Motor Sequence Learning Bhumika Bajaj AU2320057,,2025.1.1,119.56873947341028,2025-10-02 16h59.13.242601 +0530,
150,v,105,105,27,v,1,3.4588136000020313,None,,,,,27,105,105,1,793.1173527999999,,793.1019837999993,794.1208282000007,794.1208282000007,794.1208282000007,794.1208282000007,794.1208282000007,795.1360329999989,795.1031203999992,795.1031203999992,798.5696002000004,,,,,v,1,3.4588136000020313,None,Participant 2,001,2025-10-02_16h59.03.252,Motor Sequence Learning Bhumika Bajaj AU2320057,,2025.1.1,119.56873947341028,2025-10-02 16h59.13.242601 +0530,
50,c,106,106,26,c,1,0.66427339999791,None,,,,,26,106,106,2,798.5859676,,798.5699874999991,799.571906600002,799.571906600002,799.571906600002,799.571906600002,799.571906600002,800.5717095,800.5717095,800.5717095,801.2371530000019,,,,,c,1,0.66427339999791,None,Participant 2,001,2025-10-02_16h59.03.252,Motor Sequence Learning Bhumika Bajaj AU2320057,,2025.1.1,119.56873947341028,2025-10-02 16h59.13.242601 +0530,
150,v,107,107,28,v,1,1.2012796999988495,None,,,,,28,107,107,1,801.2530211000012,,801.237673399999,802.2368324000017,802.2368324000017,802.2368324000017,802.2368324000017,802.2368324000017,803.2407654999988,803.2407654999988,803.2407654999988,804.4543035999995,,,,,v,1,1.2012796999988495,None,Participant 2,001,2025-10-02_16h59.03.252,Motor Sequence Learning Bhumika Bajaj AU2320057,,2025.1.1,119.56873947341028,2025-10-02 16h59.13.242601 +0530,
-150,z,108,108,28,z,1,1.179590100000496,None,,,,,28,108,108,3,804.468889300002,,804.4548641000001,805.4695300000021,805.4695300000021,805.4695300000021,805.4695300000021,805.4695300000021,806.4697722000019,806.4697722000019,806.4697722000019,807.652330500001,,,,,z,1,1.179590100000496,None,Participant 2,001,2025-10-02_16h59.03.252,Motor Sequence Learning Bhumika Bajaj AU2320057,,2025.1.1,119.56873947341028,2025-10-02 16h59.13.242601 +0530,
50,c,109,109,27,c,1,0.7663143000027048,None,,,,,27,109,109,2,807.6670752999999,,807.6529349000011,808.6534818,808.6534818,808.6534818,808.6534818,808.6534818,809.6528553999997,809.6528553999997,809.6528553999997,810.420488300002,,,,,c,1,0.7663143000027048,None,Participant 2,001,2025-10-02_16h59.03.252,Motor Sequence Learning Bhumika Bajaj AU2320057,,2025.1.1,119.56873947341028,2025-10-02 16h59.13.242601 +0530,
150,v,110,110,29,v,1,0.5291737999978068,None,,,,,29,110,110,1,810.435526199999,,810.4210122000004,811.4359661999988,811.4359661999988,811.4359661999988,811.4359661999988,811.4359661999988,812.4360522999996,812.4360522999996,812.4360522999996,812.9692686999988,,,,,v,1,0.5291737999978068,None,Participant 2,001,2025-10-02_16h59.03.252,Motor Sequence Learning Bhumika Bajaj AU2320057,,2025.1.1,119.56873947341028,2025-10-02 16h59.13.242601 +0530,
150,v,111,111,30,v,1,0.7376470999988669,None,,,,,30,111,111,1,812.9856994000002,,812.9696427000017,813.9710158000016,813.9710158000016,813.9710158000016,813.9710158000016,813.9710158000016,814.9732709000018,814.9732709000018,814.9732709000018,815.720075600002,,,,,v,1,0.7376470999988669,None,Participant 2,001,2025-10-02_16h59.03.252,Motor Sequence Learning Bhumika Bajaj AU2320057,,2025.1.1,119.56873947341028,2025-10-02 16h59.13.242601 +0530,
50,c,112,112,28,c,1,0.5209555999972508,None,,,,,28,112,112,2,815.7357007999999,,815.7205939999985,816.7226811,816.7226811,816.7226811,816.7226811,816.7226811,817.7378795000004,817.7213823999991,817.7213823999991,818.2529058,,,,,c,1,0.5209555999972508,None,Participant 2,001,2025-10-02_16h59.03.252,Motor Sequence Learning Bhumika Bajaj AU2320057,,2025.1.1,119.56873947341028,2025-10-02 16h59.13.242601 +0530,
-50,x,113,113,24,x,1,1.1798438000005262,None,,,,,24,113,113,0,818.2692655999999,,818.2534450999992,819.2564278999998,819.2564278999998,819.2564278999998,819.2564278999998,819.2564278999998,820.2687781999994,820.2526945999998,820.2526945999998,821.4366338,,,,,x,1,1.1798438000005262,None,Participant 2,001,2025-10-02_16h59.03.252,Motor Sequence Learning Bhumika Bajaj AU2320057,,2025.1.1,119.56873947341028,2025-10-02 16h59.13.242601 +0530,
50,c,114,114,29,c,1,1.2132277999990038,None,,,,,29,114,114,2,821.452594800001,,821.437171900001,822.4363918000017,822.4363918000017,822.4363918000017,822.4363918000017,822.4363918000017,823.4357412999998,823.4357412999998,823.4357412999998,824.653390200001,,,,,c,1,1.2132277999990038,None,Participant 2,001,2025-10-02_16h59.03.252,Motor Sequence Learning Bhumika Bajaj AU2320057,,2025.1.1,119.56873947341028,2025-10-02 16h59.13.242601 +0530,
-150,z,115,115,29,z,1,0.9679207999979553,None,,,,,29,115,115,3,824.6702885000013,,824.6539095000007,825.6527711000017,825.6527711000017,825.6527711000017,825.6527711000017,825.6527711000017,826.6523445999992,826.6673592000006,826.6673592000006,827.6377648999987,,,,,z,1,0.9679207999979553,None,Participant 2,001,2025-10-02_16h59.03.252,Motor Sequence Learning Bhumika Bajaj AU2320057,,2025.1.1,119.56873947341028,2025-10-02 16h59.13.242601 +0530,
-50,x,116,116,25,x,1,0.623465099997702,None,,,,,25,116,116,0,827.652638800002,,827.6383151000009,828.6520802000014,828.6520802000014,828.6520802000014,828.6520802000014,828.6520802000014,829.6504144999999,829.6504144999999,829.6504144999999,830.286222499999,,,,,x,1,0.623465099997702,None,Participant 2,001,2025-10-02_16h59.03.252,Motor Sequence Learning Bhumika Bajaj AU2320057,,2025.1.1,119.56873947341028,2025-10-02 16h59.13.242601 +0530,
150,v,117,117,31,v,1,0.5942200999998022,None,,,,,31,117,117,1,830.3021001999987,,830.2867589999987,831.2859226,831.2859226,831.2859226,831.2859226,831.2859226,832.2865055000002,832.2865055000002,832.2865055000002,832.8860853000006,,,,,v,1,0.5942200999998022,None,Participant 2,001,2025-10-02_16h59.03.252,Motor Sequence Learning Bhumika Bajaj AU2320057,,2025.1.1,119.56873947341028,2025-10-02 16h59.13.242601 +0530,
150,v,118,118,32,v,1,0.6368865000004007,None,,,,,32,118,118,1,832.9028079000018,,832.886649600001,833.8857664999996,833.8857664999996,833.8857664999996,833.8857664999996,833.8857664999996,834.8999475000019,834.8999475000019,834.8999475000019,835.5532101999997,,,,,v,1,0.6368865000004007,None,Participant 2,001,2025-10-02_16h59.03.252,Motor Sequence Learning Bhumika Bajaj AU2320057,,2025.1.1,119.56873947341028,2025-10-02 16h59.13.242601 +0530,
-150,z,119,119,30,z,1,0.646701400000893,None,,,,,30,119,119,3,835.569251500001,,835.553746900001,836.5529191999995,836.5529191999995,836.5529191999995,836.5529191999995,836.5529191999995,837.5571082999995,837.5852654000009,837.5852654000009,838.2361516000019,,,,,z,1,0.646701400000893,None,Participant 2,001,2025-10-02_16h59.03.252,Motor Sequence Learning Bhumika Bajaj AU2320057,,2025.1.1,119.56873947341028,2025-10-02 16h59.13.242601 +0530,
-50,x,120,120,26,x,1,0.5253980000015872,None,,,,,26,120,120,0,838.2519557000014,,838.236691099999,839.2366981000014,839.2366981000014,839.2366981000014,839.2366981000014,839.2366981000014,840.2382528000016,840.2382528000016,840.2382528000016,840.7728566000005,,,,,x,1,0.5253980000015872,None,Participant 2,001,2025-10-02_16h59.03.252,Motor Sequence Learning Bhumika Bajaj AU2320057,,2025.1.1,119.56873947341028,2025-10-02 16h59.13.242601 +0530,
-50,x,121,121,27,x,1,0.5734159000021464,None,,,,,27,121,121,0,840.7868889000019,,840.7734294000002,841.7865308,841.7865308,841.7865308,841.7865308,841.7865308,842.7853566000013,842.7853566000013,842.7853566000013,843.370210000001,,,,,x,1,0.5734159000021464,None,Participant 2,001,2025-10-02_16h59.03.252,Motor Sequence Learning Bhumika Bajaj AU2320057,,2025.1.1,119.56873947341028,2025-10-02 16h59.13.242601 +0530,
50,c,122,122,30,c,1,0.7196159000013722,None,,,,,30,122,122,2,843.3847749999986,,843.3707706999994,844.372648200002,844.372648200002,844.372648200002,844.372648200002,844.372648200002,845.3717763999994,845.3717763999994,845.3717763999994,846.1031015000008,,,,,c,1,0.7196159000013722,None,Participant 2,001,2025-10-02_16h59.03.252,Motor Sequence Learning Bhumika Bajaj AU2320057,,2025.1.1,119.56873947341028,2025-10-02 16h59.13.242601 +0530,
150,v,123,123,33,v,1,1.0221858000004431,None,,,,,33,123,123,1,846.1188879000001,,846.1036238999986,847.1165881999987,847.1165881999987,847.1165881999987,847.1165881999987,847.1165881999987,848.1086298000009,848.0996873000004,848.0996873000004,849.1257908000007,,,,,v,1,1.0221858000004431,None,Participant 2,001,2025-10-02_16h59.03.252,Motor Sequence Learning Bhumika Bajaj AU2320057,,2025.1.1,119.56873947341028,2025-10-02 16h59.13.242601 +0530,
-150,z,124,124,31,z,1,1.0869678999988537,None,,,,,31,124,124,3,849.1415465999999,,849.1263126000013,850.1273285999996,850.1273285999996,850.1273285999996,850.1273285999996,850.1273285999996,851.1270191000003,851.1270191000003,851.1270191000003,852.2309042999987,,,,,z,1,1.0869678999988537,None,Participant 2,001,2025-10-02_16h59.03.252,Motor Sequence Learning Bhumika Bajaj AU2320057,,2025.1.1,119.56873947341028,2025-10-02 16h59.13.242601 +0530,
-150,z,125,125,32,x,0,1.0065548999991734,None,,,,,32,125,125,3,852.2476781000005,,852.2323371999992,853.231866099999,853.231866099999,853.231866099999,853.231866099999,853.231866099999,854.2469196999991,854.2306090999991,854.2306090999991,855.2450921999989,,,,,x,0,1.0065548999991734,None,Participant 2,001,2025-10-02_16h59.03.252,Motor Sequence Learning Bhumika Bajaj AU2320057,,2025.1.1,119.56873947341028,2025-10-02 16h59.13.242601 +0530,
150,v,126,126,34,v,1,0.9334782999976596,None,,,,,34,126,126,1,855.2606921000006,,855.2459104000009,856.2477400999996,856.2477400999996,856.2477400999996,856.2477400999996,856.2477400999996,857.2607179000006,857.2607179000006,857.2607179000006,858.1952416999993,,,,,v,1,0.9334782999976596,None,Participant 2,001,2025-10-02_16h59.03.252,Motor Sequence Learning Bhumika Bajaj AU2320057,,2025.1.1,119.56873947341028,2025-10-02 16h59.13.242601 +0530,
50,c,127,127,31,c,1,0.9864903999987291,None,,,,,31,127,127,2,858.2106021,,858.1957808000006,859.211020499999,859.211020499999,859.211020499999,859.211020499999,859.211020499999,860.2106591000011,860.2106591000011,860.2106591000011,861.2111298999989,,,,,c,1,0.9864903999987291,None,Participant 2,001,2025-10-02_16h59.03.252,Motor Sequence Learning Bhumika Bajaj AU2320057,,2025.1.1,119.56873947341028,2025-10-02 16h59.13.242601 +0530,
-50,x,128,128,28,x,1,0.6144157999988238,None,,,,,28,128,128,0,861.2273563999988,,861.2116743000006,862.2250362000013,862.2250362000013,862.2250362000013,862.2250362000013,862.2250362000013,863.2272287999986,863.210669,863.210669,863.8285251000016,,,,,x,1,0.6144157999988238,None,Participant 2,001,2025-10-02_16h59.03.252,Motor Sequence Learning Bhumika Bajaj AU2320057,,2025.1.1,119.56873947341028,2025-10-02 16h59.13.242601 +0530,
-50,x,129,129,29,x,1,0.46408510000037495,None,,,,,29,129,129,0,863.8437846000015,,863.8291563999992,864.8301216,864.8301216,864.8301216,864.8301216,864.8301216,865.830643199999,865.830643199999,865.830643199999,866.3103350999991,,,,,x,1,0.46408510000037495,None,Participant 2,001,2025-10-02_16h59.03.252,Motor Sequence Learning Bhumika Bajaj AU2320057,,2025.1.1,119.56873947341028,2025-10-02 16h59.13.242601 +0530,
-150,z,130,130,33,z,1,0.7676589000002423,None,,,,,33,130,130,3,866.3264818999996,,866.3109224,867.312791700002,867.312791700002,867.312791700002,867.312791700002,867.312791700002,868.3280765999989,868.3106522000016,868.3106522000016,869.0942811999994,,,,,z,1,0.7676589000002423,None,Participant 2,001,2025-10-02_16h59.03.252,Motor Sequence Learning Bhumika Bajaj AU2320057,,2025.1.1,119.56873947341028,2025-10-02 16h59.13.242601 +0530,
150,v,131,131,35,v,1,0.9060675999971863,None,,,,,35,131,131,1,869.1105355,,869.0948516999997,870.0940225000013,870.0940225000013,870.0940225000013,870.0940225000013,870.0940225000013,871.1089753000015,871.1089753000015,871.1089753000015,872.0282368000007,,,,,v,1,0.9060675999971863,None,Participant 2,001,2025-10-02_16h59.03.252,Motor Sequence Learning Bhumika Bajaj AU2320057,,2025.1.1,119.56873947341028,2025-10-02 16h59.13.242601 +0530,
-50,x,132,132,30,x,1,0.45997910000005504,None,,,,,30,132,132,0,872.0442895000015,,872.0287628000005,873.0444714000005,873.0444714000005,873.0444714000005,873.0444714000005,873.0444714000005,874.0586107999989,874.042349899999,874.042349899999,874.5084744999986,,,,,x,1,0.45997910000005504,None,Participant 2,001,2025-10-02_16h59.03.252,Motor Sequence Learning Bhumika Bajaj AU2320057,,2025.1.1,119.56873947341028,2025-10-02 16h59.13.242601 +0530,
150,v,133,133,36,v,1,0.9852281999992556,None,,,,,36,133,133,1,874.5246345000014,,874.5089995000017,875.5127304000016,875.5127304000016,875.5127304000016,875.5127304000016,875.5127304000016,876.5131703000006,876.5131703000006,876.5131703000006,877.5143459999999,,,,,v,1,0.9852281999992556,None,Participant 2,001,2025-10-02_16h59.03.252,Motor Sequence Learning Bhumika Bajaj AU2320057,,2025.1.1,119.56873947341028,2025-10-02 16h59.13.242601 +0530,
50,c,134,134,32,c,1,0.7045694000007643,None,,,,,32,134,134,2,877.5303520999987,,877.5153738000008,878.5290515000015,878.5290515000015,878.5290515000015,878.5290515000015,878.5290515000015,879.5311819999988,879.5140389000007,879.5140389000007,880.2249364000018,,,,,c,1,0.7045694000007643,None,Participant 2,001,2025-10-02_16h59.03.252,Motor Sequence Learning Bhumika Bajaj AU2320057,,2025.1.1,119.56873947341028,2025-10-02 16h59.13.242601 +0530,
-50,x,135,135,31,x,1,0.29943699999785167,None,,,,,31,135,135,0,880.2439637999996,,880.2254541000002,881.2299612999996,881.2299612999996,881.2299612999996,881.2299612999996,881.2299612999996,882.243402600001,882.2269741000018,882.2269741000018,882.5289900999996,,,,,x,1,0.29943699999785167,None,Participant 2,001,2025-10-02_16h59.03.252,Motor Sequence Learning Bhumika Bajaj AU2320057,,2025.1.1,119.56873947341028,2025-10-02 16h59.13.242601 +0530,
-150,z,136,136,34,z,1,1.7067153999996663,None,,,,,34,136,136,3,882.5434855999993,,882.5295250000017,883.5305544000003,883.5305544000003,883.5305544000003,883.5305544000003,883.5305544000003,884.5446587000006,884.5446587000006,884.5446587000006,886.2650734999988,,,,,z,1,1.7067153999996663,None,Participant 2,001,2025-10-02_16h59.03.252,Motor Sequence Learning Bhumika Bajaj AU2320057,,2025.1.1,119.56873947341028,2025-10-02 16h59.13.242601 +0530,
50,c,137,137,33,c,1,0.87885919999826,None,,,,,33,137,137,2,886.2808416000007,,886.265948799999,887.2750675999996,887.2750675999996,887.2750675999996,887.2750675999996,887.2750675999996,888.2767735000016,888.2767735000016,888.2767735000016,889.1605984000016,,,,,c,1,0.87885919999826,None,Participant 2,001,2025-10-02_16h59.03.252,Motor Sequence Learning Bhumika Bajaj AU2320057,,2025.1.1,119.56873947341028,2025-10-02 16h59.13.242601 +0530,
-150,z,138,138,35,z,1,0.7941163000032248,None,,,,,35,138,138,3,889.1765887000001,,889.1611307000021,890.1605067000019,890.1605067000019,890.1605067000019,890.1605067000019,890.1605067000019,891.1745203999999,891.1745203999999,891.1745203999999,891.9835310999988,,,,,z,1,0.7941163000032248,None,Participant 2,001,2025-10-02_16h59.03.252,Motor Sequence Learning Bhumika Bajaj AU2320057,,2025.1.1,119.56873947341028,2025-10-02 16h59.13.242601 +0530,
-50,x,139,139,32,x,1,0.5839324000007764,None,,,,,32,139,139,0,891.9943629000009,,891.9841770999992,892.9940548000013,892.9940548000013,892.9940548000013,892.9940548000013,892.9940548000013,893.9922283000014,893.9922283000014,893.9922283000014,894.581581800001,,,,,x,1,0.5839324000007764,None,Participant 2,001,2025-10-02_16h59.03.252,Motor Sequence Learning Bhumika Bajaj AU2320057,,2025.1.1,119.56873947341028,2025-10-02 16h59.13.242601 +0530,
-150,z,140,140,36,z,1,0.5026247999994666,None,,,,,36,140,140,3,894.5974547000005,,894.5826362000007,895.5936804000012,895.5936804000012,895.5936804000012,895.5936804000012,895.5936804000012,896.5968372999996,896.5968372999996,896.5968372999996,897.114465300001,,,,,z,1,0.5026247999994666,None,Participant 2,001,2025-10-02_16h59.03.252,Motor Sequence Learning Bhumika Bajaj AU2320057,,2025.1.1,119.56873947341028,2025-10-02 16h59.13.242601 +0530,
50,c,141,141,34,c,1,0.5622346999989531,None,,,,,34,141,141,2,897.1305466000013,,897.1154100999993,898.1283274000016,898.1283274000016,898.1283274000016,898.1283274000016,898.1283274000016,899.1439652000008,899.1271543000003,899.1271543000003,899.6944542000019,,,,,c,1,0.5622346999989531,None,Participant 2,001,2025-10-02_16h59.03.252,Motor Sequence Learning Bhumika Bajaj AU2320057,,2025.1.1,119.56873947341028,2025-10-02 16h59.13.242601 +0530,
-150,z,142,142,37,z,1,0.5098695000015141,None,,,,,37,142,142,3,899.7103740999992,,899.6950366000019,900.6941828000017,900.6941828000017,900.6941828000017,900.6941828000017,900.6941828000017,901.6938330000012,901.6938330000012,901.6938330000012,902.2113199999985,,,,,z,1,0.5098695000015141,None,Participant 2,001,2025-10-02_16h59.03.252,Motor Sequence Learning Bhumika Bajaj AU2320057,,2025.1.1,119.56873947341028,2025-10-02 16h59.13.242601 +0530,
-150,z,143,143,38,z,1,0.7674891999995452,None,,,,,38,143,143,3,902.2283576000009,,902.2118534000001,903.2272935000001,903.2272935000001,903.2272935000001,903.2272935000001,903.2272935000001,904.2268820999998,904.2105384999995,904.2105384999995,904.9807786000019,,,,,z,1,0.7674891999995452,None,Participant 2,001,2025-10-02_16h59.03.252,Motor Sequence Learning Bhumika Bajaj AU2320057,,2025.1.1,119.56873947341028,2025-10-02 16h59.13.242601 +0530,
-150,z,144,144,39,z,1,0.5029792000023008,None,,,,,39,144,144,3,904.9953425999993,,904.9813304999989,905.9924328000016,905.9924328000016,905.9924328000016,905.9924328000016,905.9924328000016,906.9935078999988,906.9935078999988,906.9935078999988,907.5107286999992,,,,,z,1,0.5029792000023008,None,Participant 2,001,2025-10-02_16h59.03.252,Motor Sequence Learning Bhumika Bajaj AU2320057,,2025.1.1,119.56873947341028,2025-10-02 16h59.13.242601 +0530,
150,v,145,145,37,v,1,1.4365378000002238,None,,,,,37,145,145,1,907.5266166000001,,907.5112809999991,908.5099977999998,908.5099977999998,908.5099977999998,908.5099977999998,908.5099977999998,909.5126001999997,909.5126001999997,909.5126001999997,910.9651063999991,,,,,v,1,1.4365378000002238,None,Participant 2,001,2025-10-02_16h59.03.252,Motor Sequence Learning Bhumika Bajaj AU2320057,,2025.1.1,119.56873947341028,2025-10-02 16h59.13.242601 +0530,
-150,z,146,146,40,z,1,0.528212799999892,None,,,,,40,146,146,3,910.9796922999994,,910.9660234000003,911.9773773000015,911.9773773000015,911.9773773000015,911.9773773000015,911.9773773000015,912.9766406999988,912.9766406999988,912.9766406999988,913.5113713999999,,,,,z,1,0.528212799999892,None,Participant 2,001,2025-10-02_16h59.03.252,Motor Sequence Learning Bhumika Bajaj AU2320057,,2025.1.1,119.56873947341028,2025-10-02 16h59.13.242601 +0530,
-150,z,147,147,41,z,1,0.4357445999994525,None,,,,,41,147,147,3,913.5267311999996,,913.511899699999,914.510596600001,914.510596600001,914.510596600001,914.510596600001,914.510596600001,915.510728600002,915.510728600002,915.510728600002,915.9610820999987,,,,,z,1,0.4357445999994525,None,Participant 2,001,2025-10-02_16h59.03.252,Motor Sequence Learning Bhumika Bajaj AU2320057,,2025.1.1,119.56873947341028,2025-10-02 16h59.13.242601 +0530,
150,v,148,148,38,v,1,0.5097066000016639,None,,,,,38,148,148,1,915.976884300002,,915.9616224000019,916.9602634000003,916.9602634000003,916.9602634000003,916.9602634000003,916.9602634000003,917.9639142000015,917.9639142000015,917.9639142000015,918.4818534000005,,,,,v,1,0.5097066000016639,None,Participant 2,001,2025-10-02_16h59.03.252,Motor Sequence Learning Bhumika Bajaj AU2320057,,2025.1.1,119.56873947341028,2025-10-02 16h59.13.242601 +0530,
150,v,149,149,39,v,1,0.4840196000004653,None,,,,,39,149,149,1,918.4981227999997,,918.4827288000015,919.4919885999989,919.4919885999989,919.4919885999989,919.4919885999989,919.4919885999989,920.4931314999994,920.4931314999994,920.4931314999994,920.9795382000011,,,,,v,1,0.4840196000004653,None,Participant 2,001,2025-10-02_16h59.03.252,Motor Sequence Learning Bhumika Bajaj AU2320057,,2025.1.1,119.56873947341028,2025-10-02 16h59.13.242601 +0530,
-150,z,150,150,42,z,1,0.373931400001311,None,,,,,42,150,150,3,920.9927792000017,,920.9801447999998,921.9930572000012,921.9930572000012,921.9930572000012,921.9930572000012,921.9930572000012,922.9934547000012,922.9934547000012,922.9934547000012,923.3776781000015,,,,,z,1,0.373931400001311,None,Participant 2,001,2025-10-02_16h59.03.252,Motor Sequence Learning Bhumika Bajaj AU2320057,,2025.1.1,119.56873947341028,2025-10-02 16h59.13.242601 +0530,
-150,z,151,151,43,z,1,0.8903850999995484,None,,,,,43,151,151,3,923.3933098999987,,923.3782036000011,924.3932467000013,924.3932467000013,924.3932467000013,924.3932467000013,924.3932467000013,925.3936939000014,925.3768036000001,925.3768036000001,926.2754891000004,,,,,z,1,0.8903850999995484,None,Participant 2,001,2025-10-02_16h59.03.252,Motor Sequence Learning Bhumika Bajaj AU2320057,,2025.1.1,119.56873947341028,2025-10-02 16h59.13.242601 +0530,
150,v,152,152,40,v,1,0.47605190000103903,None,,,,,40,152,152,1,926.2918490000011,,926.2760468999986,927.2769722000012,927.2769722000012,927.2769722000012,927.2769722000012,927.2769722000012,928.2769484000019,928.2769484000019,928.2769484000019,928.7603648000004,,,,,v,1,0.47605190000103903,None,Participant 2,001,2025-10-02_16h59.03.252,Motor Sequence Learning Bhumika Bajaj AU2320057,,2025.1.1,119.56873947341028,2025-10-02 16h59.13.242601 +0530,
150,v,153,153,41,v,1,0.5008149000022968,None,,,,,41,153,153,1,928.7771341000007,,928.7608986000014,929.7603256000002,929.7603256000002,929.7603256000002,929.7603256000002,929.7603256000002,930.7744751999999,930.7744751999999,930.7744751999999,931.2916502000007,,,,,v,1,0.5008149000022968,None,Participant 2,001,2025-10-02_16h59.03.252,Motor Sequence Learning Bhumika Bajaj AU2320057,,2025.1.1,119.56873947341028,2025-10-02 16h59.13.242601 +0530,
-50,x,154,154,33,x,1,1.300698499999271,None,,,,,33,154,154,0,931.3075725000017,,931.2921635999992,932.2928623000007,932.2928623000007,932.2928623000007,932.2928623000007,932.2928623000007,933.2961465000008,933.2961465000008,933.2961465000008,934.5991709000009,,,,,x,1,1.300698499999271,None,Participant 2,001,2025-10-02_16h59.03.252,Motor Sequence Learning Bhumika Bajaj AU2320057,,2025.1.1,119.56873947341028,2025-10-02 16h59.13.242601 +0530,
-50,x,155,155,34,x,1,0.5767372000009345,None,,,,,34,155,155,0,934.6261057000011,,934.6001270999986,935.6132050000015,935.6132050000015,935.6132050000015,935.6132050000015,935.6132050000015,936.6263709000013,936.6099427000008,936.6099427000008,937.1939755999992,,,,,x,1,0.5767372000009345,None,Participant 2,001,2025-10-02_16h59.03.252,Motor Sequence Learning Bhumika Bajaj AU2320057,,2025.1.1,119.56873947341028,2025-10-02 16h59.13.242601 +0530,
-150,z,156,156,44,z,1,1.1787537000018347,None,,,,,44,156,156,3,937.2104521000001,,937.1945063000021,938.2077553000017,938.2077553000017,938.2077553000017,938.2077553000017,938.2077553000017,939.2096884999992,939.1930281999994,939.1930281999994,940.3769627000001,,,,,z,1,1.1787537000018347,None,Participant 2,001,2025-10-02_16h59.03.252,Motor Sequence Learning Bhumika Bajaj AU2320057,,2025.1.1,119.56873947341028,2025-10-02 16h59.13.242601 +0530,
-150,z,157,157,45,z,1,0.6830614999998943,None,,,,,45,157,157,3,940.3911636000012,,940.3774498999992,941.3767374000017,941.3767374000017,941.3767374000017,941.3767374000017,941.3767374000017,942.3765875999998,942.3765875999998,942.3765875999998,943.0641891000014,,,,,z,1,0.6830614999998943,None,Participant 2,001,2025-10-02_16h59.03.252,Motor Sequence Learning Bhumika Bajaj AU2320057,,2025.1.1,119.56873947341028,2025-10-02 16h59.13.242601 +0530,
50,c,158,158,35,c,1,0.8178911000031803,None,,,,,35,158,158,2,943.080434200001,,943.064739100002,944.0802413999991,944.0802413999991,944.0802413999991,944.0802413999991,944.0802413999991,945.0936403999985,945.0751006999999,945.0751006999999,945.8940631000005,,,,,c,1,0.8178911000031803,None,Participant 2,001,2025-10-02_16h59.03.252,Motor Sequence Learning Bhumika Bajaj AU2320057,,2025.1.1,119.56873947341028,2025-10-02 16h59.13.242601 +0530,
150,v,159,159,42,v,1,0.5679431999997178,None,,,,,42,159,159,1,945.9099152000017,,945.8945850000018,946.8930284000016,946.8930284000016,946.8930284000016,946.8930284000016,946.8930284000016,947.8936806999991,947.9097676000019,947.9097676000019,948.493148900001,,,,,v,1,0.5679431999997178,None,Participant 2,001,2025-10-02_16h59.03.252,Motor Sequence Learning Bhumika Bajaj AU2320057,,2025.1.1,119.56873947341028,2025-10-02 16h59.13.242601 +0530,
150,v,160,160,43,v,1,0.48092840000026627,None,,,,,43,160,160,1,948.5092820999998,,948.493746600001,949.4929800999998,949.4929800999998,949.4929800999998,949.4929800999998,949.4929800999998,950.4928322000014,950.4928322000014,950.4928322000014,950.9773206999998,,,,,v,1,0.48092840000026627,None,Participant 2,001,2025-10-02_16h59.03.252,Motor Sequence Learning Bhumika Bajaj AU2320057,,2025.1.1,119.56873947341028,2025-10-02 16h59.13.242601 +0530,
-50,x,161,161,35,x,1,0.6403337000010652,None,,,,,35,161,161,0,950.9926352000002,,950.9780046000014,951.991342199999,951.991342199999,951.991342199999,951.991342199999,951.991342199999,952.9926674999988,952.9764912999999,952.9764912999999,953.6269976000003,,,,,x,1,0.6403337000010652,None,Participant 2,001,2025-10-02_16h59.03.252,Motor Sequence Learning Bhumika Bajaj AU2320057,,2025.1.1,119.56873947341028,2025-10-02 16h59.13.242601 +0530,
-50,x,162,162,36,x,1,1.0807666000000609,None,,,,,36,162,162,0,953.6426180999988,,953.6275468999993,954.642857400002,954.642857400002,954.642857400002,954.642857400002,954.642857400002,955.6436777000017,955.6269753000015,955.6269753000015,956.7106376000011,,,,,x,1,1.0807666000000609,None,Participant 2,001,2025-10-02_16h59.03.252,Motor Sequence Learning Bhumika Bajaj AU2320057,,2025.1.1,119.56873947341028,2025-10-02 16h59.13.242601 +0530,
50,c,163,163,36,c,1,0.9088440000014089,None,,,,,36,163,163,2,956.7264958000014,,956.7111800999992,957.7249869000007,957.7249869000007,957.7249869000007,957.7249869000007,957.7249869000007,958.7268196000005,958.7268196000005,958.7268196000005,959.647281900001,,,,,c,1,0.9088440000014089,None,Participant 2,001,2025-10-02_16h59.03.252,Motor Sequence Learning Bhumika Bajaj AU2320057,,2025.1.1,119.56873947341028,2025-10-02 16h59.13.242601 +0530,
-50,x,164,164,37,x,1,0.47838339999725576,None,,,,,37,164,164,0,959.6615076000016,,959.6483393999988,960.6631927000017,960.6631927000017,960.6631927000017,960.6631927000017,960.6631927000017,961.676986800001,961.6604455999986,961.6604455999986,962.1438189,,,,,x,1,0.47838339999725576,None,Participant 2,001,2025-10-02_16h59.03.252,Motor Sequence Learning Bhumika Bajaj AU2320057,,2025.1.1,119.56873947341028,2025-10-02 16h59.13.242601 +0530,
-50,x,165,165,38,x,1,0.4289695000006759,None,,,,,38,165,165,0,962.160259100001,,962.1444014000008,963.147195900001,963.147195900001,963.147195900001,963.147195900001,963.147195900001,964.1597872999992,964.1426630999995,964.1426630999995,964.5829048000014,,,,,x,1,0.4289695000006759,None,Participant 2,001,2025-10-02_16h59.03.252,Motor Sequence Learning Bhumika Bajaj AU2320057,,2025.1.1,119.56873947341028,2025-10-02 16h59.13.242601 +0530,
50,c,166,166,37,c,1,0.9831326000021363,None,,,,,37,166,166,2,964.5977008000009,,964.583885,965.5926069000016,965.5926069000016,965.5926069000016,965.5926069000016,965.5926069000016,966.5932567000018,966.5932567000018,966.5932567000018,967.5815801999997,,,,,c,1,0.9831326000021363,None,Participant 2,001,2025-10-02_16h59.03.252,Motor Sequence Learning Bhumika Bajaj AU2320057,,2025.1.1,119.56873947341028,2025-10-02 16h59.13.242601 +0530,
50,c,167,167,38,c,1,0.7163378000004741,None,,,,,38,167,167,2,967.5951241000002,,967.5824194000015,968.5928870999996,968.5928870999996,968.5928870999996,968.5928870999996,968.5928870999996,969.5932833000006,969.5932833000006,969.5932833000006,970.3286177000009,,,,,c,1,0.7163378000004741,None,Participant 2,001,2025-10-02_16h59.03.252,Motor Sequence Learning Bhumika Bajaj AU2320057,,2025.1.1,119.56873947341028,2025-10-02 16h59.13.242601 +0530,
-50,x,168,168,39,x,1,0.6847550999991654,None,,,,,39,168,168,0,970.3431077999994,,970.3291644000019,971.3434970999988,971.3434970999988,971.3434970999988,971.3434970999988,971.3434970999988,972.3433912,972.3433912,972.3433912,973.0426289999996,,,,,x,1,0.6847550999991654,None,Participant 2,001,2025-10-02_16h59.03.252,Motor Sequence Learning Bhumika Bajaj AU2320057,,2025.1.1,119.56873947341028,2025-10-02 16h59.13.242601 +0530,
50,c,169,169,39,c,1,1.1263639999997395,None,,,,,39,169,169,2,973.0574264999996,,973.043063000001,974.0426685999992,974.0426685999992,974.0426685999992,974.0426685999992,974.0426685999992,975.0430899000021,975.0430899000021,975.0430899000021,976.176959299999,,,,,c,1,1.1263639999997395,None,Participant 2,001,2025-10-02_16h59.03.252,Motor Sequence Learning Bhumika Bajaj AU2320057,,2025.1.1,119.56873947341028,2025-10-02 16h59.13.242601 +0530,
-150,z,170,170,46,z,1,0.7100014999996347,None,,,,,46,170,170,3,976.1935312999994,,976.1775138000012,977.1932067000016,977.1932067000016,977.1932067000016,977.1932067000016,977.1932067000016,978.193290700001,978.1761073000016,978.1761073000016,978.892598800001,,,,,z,1,0.7100014999996347,None,Participant 2,001,2025-10-02_16h59.03.252,Motor Sequence Learning Bhumika Bajaj AU2320057,,2025.1.1,119.56873947341028,2025-10-02 16h59.13.242601 +0530,
50,c,171,171,40,c,1,0.5785060999987763,None,,,,,40,171,171,2,978.9091197000016,,978.8930585999988,979.8962347000015,979.8962347000015,979.8962347000015,979.8962347000015,979.8962347000015,980.8954435999985,980.8954435999985,980.8954435999985,981.4814047,,,,,c,1,0.5785060999987763,None,Participant 2,001,2025-10-02_16h59.03.252,Motor Sequence Learning Bhumika Bajaj AU2320057,,2025.1.1,119.56873947341028,2025-10-02 16h59.13.242601 +0530,
-150,z,172,172,47,z,1,0.6131442000005336,None,,,,,47,172,172,3,981.4954771000012,,981.4822636999997,982.4928776999986,982.4928776999986,982.4928776999986,982.4928776999986,982.4928776999986,983.4929211999988,983.4929211999988,983.4929211999988,984.1101885999997,,,,,z,1,0.6131442000005336,None,Participant 2,001,2025-10-02_16h59.03.252,Motor Sequence Learning Bhumika Bajaj AU2320057,,2025.1.1,119.56873947341028,2025-10-02 16h59.13.242601 +0530,
150,v,173,173,44,c,0,0.9915262000031362,None,,,,,44,173,173,1,984.1257288000015,,984.1107106999989,985.109903200002,985.109903200002,985.109903200002,985.109903200002,985.109903200002,986.1119179000016,986.1119179000016,986.1119179000016,987.1080581999995,,,,,c,0,0.9915262000031362,None,Participant 2,001,2025-10-02_16h59.03.252,Motor Sequence Learning Bhumika Bajaj AU2320057,,2025.1.1,119.56873947341028,2025-10-02 16h59.13.242601 +0530,
-50,x,174,174,40,x,1,0.46199990000241087,None,,,,,40,174,174,0,987.1239635999991,,987.1084811000001,988.1093795999986,988.1093795999986,988.1093795999986,988.1093795999986,988.1093795999986,989.1133554000007,989.1133554000007,989.1133554000007,989.5815838999988,,,,,x,1,0.46199990000241087,None,Participant 2,001,2025-10-02_16h59.03.252,Motor Sequence Learning Bhumika Bajaj AU2320057,,2025.1.1,119.56873947341028,2025-10-02 16h59.13.242601 +0530,
-50,x,175,175,41,x,1,0.5115926999969815,None,,,,,41,175,175,0,989.5978175000018,,989.582510799999,990.5960814999999,990.5960814999999,990.5960814999999,990.5960814999999,990.5960814999999,991.6092133999991,991.5931075000008,991.5931075000008,992.1100298999991,,,,,x,1,0.5115926999969815,None,Participant 2,001,2025-10-02_16h59.03.252,Motor Sequence Learning Bhumika Bajaj AU2320057,,2025.1.1,119.56873947341028,2025-10-02 16h59.13.242601 +0530,
-50,x,176,176,42,x,1,0.4356145000019751,None,,,,,42,176,176,0,992.1266055000015,,992.1105588999999,993.1230222000013,993.1230222000013,993.1230222000013,993.1230222000013,993.1230222000013,994.1259586000015,994.1259586000015,994.1259586000015,994.566793500002,,,,,x,1,0.4356145000019751,None,Participant 2,001,2025-10-02_16h59.03.252,Motor Sequence Learning Bhumika Bajaj AU2320057,,2025.1.1,119.56873947341028,2025-10-02 16h59.13.242601 +0530,
50,c,177,177,41,c,1,1.0418037999988883,None,,,,,41,177,177,2,994.593033000001,,994.5676650999994,995.5792476999995,995.5792476999995,995.5792476999995,995.5792476999995,995.5792476999995,996.5926567999995,996.5760246999998,996.5760246999998,997.6280781999994,,,,,c,1,1.0418037999988883,None,Participant 2,001,2025-10-02_16h59.03.252,Motor Sequence Learning Bhumika Bajaj AU2320057,,2025.1.1,119.56873947341028,2025-10-02 16h59.13.242601 +0530,
150,v,178,178,45,v,1,0.765119900002901,None,,,,,45,178,178,1,997.6430054000011,,997.6293321000012,998.640210900001,998.640210900001,998.640210900001,998.640210900001,998.640210900001,999.6460011000017,999.6287474000019,999.6287474000019,1000.3990712000013,,,,,v,1,0.765119900002901,None,Participant 2,001,2025-10-02_16h59.03.252,Motor Sequence Learning Bhumika Bajaj AU2320057,,2025.1.1,119.56873947341028,2025-10-02 16h59.13.242601 +0530,
150,v,179,179,46,v,1,0.6438225999991118,None,,,,,46,179,179,1,1000.4126395000021,,1000.4002485000019,1001.4118903000017,1001.4118903000017,1001.4118903000017,1001.4118903000017,1001.4118903000017,1002.4278056000003,1002.4102688999992,1002.4102688999992,1003.0595938000006,,,,,v,1,0.6438225999991118,None,Participant 2,001,2025-10-02_16h59.03.252,Motor Sequence Learning Bhumika Bajaj AU2320057,,2025.1.1,119.56873947341028,2025-10-02 16h59.13.242601 +0530,
50,c,180,180,42,c,1,0.7768293999979505,None,,,,,42,180,180,2,1003.0763579000013,,1003.0601175000011,1004.059146800002,1004.059146800002,1004.059146800002,1004.059146800002,1004.059146800002,1005.0594093,1005.0594093,1005.0594093,1005.842427399999,,,,,c,1,0.7768293999979505,None,Participant 2,001,2025-10-02_16h59.03.252,Motor Sequence Learning Bhumika Bajaj AU2320057,,2025.1.1,119.56873947341028,2025-10-02 16h59.13.242601 +0530,
-50,x,181,181,43,x,1,0.611110900001222,None,,,,,43,181,181,0,1005.8596437000015,,1005.8429561000012,1006.843363,1006.843363,1006.843363,1006.843363,1006.843363,1007.8591653000003,1007.8429437000013,1007.8429437000013,1008.4601425000001,,,,,x,1,0.611110900001222,None,Participant 2,001,2025-10-02_16h59.03.252,Motor Sequence Learning Bhumika Bajaj AU2320057,,2025.1.1,119.56873947341028,2025-10-02 16h59.13.242601 +0530,
50,c,182,182,43,c,1,0.45792319999964093,None,,,,,43,182,182,2,1008.4750595000005,,1008.4606942999999,1009.4609965999989,1009.4609965999989,1009.4609965999989,1009.4609965999989,1009.4609965999989,1010.4763033000017,1010.4763033000017,1010.4763033000017,1010.9438450000016,,,,,c,1,0.45792319999964093,None,Participant 2,001,2025-10-02_16h59.03.252,Motor Sequence Learning Bhumika Bajaj AU2320057,,2025.1.1,119.56873947341028,2025-10-02 16h59.13.242601 +0530,
50,c,183,183,44,c,1,0.5158443999971496,None,,,,,44,183,183,2,1010.9592443000001,,1010.9443806999989,1011.9589137000003,1011.9589137000003,1011.9589137000003,1011.9589137000003,1011.9589137000003,1012.9611048000006,1012.9439085000013,1012.9439085000013,1013.4768799000012,,,,,c,1,0.5158443999971496,None,Participant 2,001,2025-10-02_16h59.03.252,Motor Sequence Learning Bhumika Bajaj AU2320057,,2025.1.1,119.56873947341028,2025-10-02 16h59.13.242601 +0530,
50,c,184,184,45,c,1,0.4204362999989826,None,,,,,45,184,184,2,1013.4929355999993,,1013.4774160999987,1014.4757338000018,1014.4757338000018,1014.4757338000018,1014.4757338000018,1014.4757338000018,1015.4759367000006,1015.4927027000012,1015.4927027000012,1015.9266883000018,,,,,c,1,0.4204362999989826,None,Participant 2,001,2025-10-02_16h59.03.252,Motor Sequence Learning Bhumika Bajaj AU2320057,,2025.1.1,119.56873947341028,2025-10-02 16h59.13.242601 +0530,
50,c,185,185,46,c,1,0.4607801999991352,None,,,,,46,185,185,2,1015.9433157000021,,1015.927220900001,1016.9421680999985,1016.9421680999985,1016.9421680999985,1016.9421680999985,1016.9421680999985,1017.9415790999992,1017.9257679000002,1017.9257679000002,1018.3925490000001,,,,,c,1,0.4607801999991352,None,Participant 2,001,2025-10-02_16h59.03.252,Motor Sequence Learning Bhumika Bajaj AU2320057,,2025.1.1,119.56873947341028,2025-10-02 16h59.13.242601 +0530,
50,c,186,186,47,c,1,0.3639708000009705,None,,,,,47,186,186,2,1018.4076325999995,,1018.3930719000018,1019.3944596000001,1019.3944596000001,1019.3944596000001,1019.3944596000001,1019.3944596000001,1020.4089992000008,1020.4089992000008,1020.4089992000008,1020.783072000002,,,,,c,1,0.3639708000009705,None,Participant 2,001,2025-10-02_16h59.03.252,Motor Sequence Learning Bhumika Bajaj AU2320057,,2025.1.1,119.56873947341028,2025-10-02 16h59.13.242601 +0530,
-150,z,187,187,48,z,1,0.6726063999994949,None,,,,,48,187,187,3,1020.8095433999988,,1020.7841168000014,1021.7913859,1021.7913859,1021.7913859,1021.7913859,1021.7913859,1022.7923636000014,1022.7923636000014,1022.7923636000014,1023.4765552999997,,,,,z,1,0.6726063999994949,None,Participant 2,001,2025-10-02_16h59.03.252,Motor Sequence Learning Bhumika Bajaj AU2320057,,2025.1.1,119.56873947341028,2025-10-02 16h59.13.242601 +0530,
50,c,188,188,48,c,1,0.6957820000025094,None,,,,,48,188,188,2,1023.4924219999994,,1023.4770978999986,1024.4770977000007,1024.4770977000007,1024.4770977000007,1024.4770977000007,1024.4770977000007,1025.492600900001,1025.4758325000003,1025.4758325000003,1026.176623700001,,,,,c,1,0.6957820000025094,None,Participant 2,001,2025-10-02_16h59.03.252,Motor Sequence Learning Bhumika Bajaj AU2320057,,2025.1.1,119.56873947341028,2025-10-02 16h59.13.242601 +0530,
150,v,189,189,47,v,1,0.6454145999996399,None,,,,,47,189,189,1,1026.1928183000018,,1026.1771713999988,1027.1911705999992,1027.1911705999992,1027.1911705999992,1027.1911705999992,1027.1911705999992,1028.1919277000015,1028.1919277000015,1028.1919277000015,1028.8421507999992,,,,,v,1,0.6454145999996399,None,Participant 2,001,2025-10-02_16h59.03.252,Motor Sequence Learning Bhumika Bajaj AU2320057,,2025.1.1,119.56873947341028,2025-10-02 16h59.13.242601 +0530,
-50,x,190,190,44,x,1,1.0028435999993235,None,,,,,44,190,190,0,1028.8588406000017,,1028.8427224000006,1029.8459852999986,1029.8459852999986,1029.8459852999986,1029.8459852999986,1029.8459852999986,1030.8467614,1030.8467614,1030.8467614,1031.8601748,,,,,x,1,1.0028435999993235,None,Participant 2,001,2025-10-02_16h59.03.252,Motor Sequence Learning Bhumika Bajaj AU2320057,,2025.1.1,119.56873947341028,2025-10-02 16h59.13.242601 +0530,
-150,z,191,191,49,z,1,1.0457920000008016,None,,,,,49,191,191,3,1031.876439399999,,1031.8607016999995,1032.8621434999986,1032.8621434999986,1032.8621434999986,1032.8621434999986,1032.8621434999986,1033.8617267000009,1033.8617267000009,1033.8617267000009,1034.9141597999987,,,,,z,1,1.0457920000008016,None,Participant 2,001,2025-10-02_16h59.03.252,Motor Sequence Learning Bhumika Bajaj AU2320057,,2025.1.1,119.56873947341028,2025-10-02 16h59.13.242601 +0530,
150,v,192,192,48,v,1,0.878410299999814,None,,,,,48,192,192,1,1034.9288196999987,,1034.9156638999993,1035.928160899999,1035.928160899999,1035.928160899999,1035.928160899999,1035.928160899999,1036.9285333000007,1036.9285333000007,1036.9285333000007,1037.8134777000014,,,,,v,1,0.878410299999814,None,Participant 2,001,2025-10-02_16h59.03.252,Motor Sequence Learning Bhumika Bajaj AU2320057,,2025.1.1,119.56873947341028,2025-10-02 16h59.13.242601 +0530,
-50,x,193,193,45,x,1,0.7414902000018628,None,,,,,45,193,193,0,1037.8277573999985,,1037.8143753000004,1038.8285676000014,1038.8285676000014,1038.8285676000014,1038.8285676000014,1038.8285676000014,1039.8290153000016,1039.8290153000016,1039.8290153000016,1040.5765536,,,,,x,1,0.7414902000018628,None,Participant 2,001,2025-10-02_16h59.03.252,Motor Sequence Learning Bhumika Bajaj AU2320057,,2025.1.1,119.56873947341028,2025-10-02 16h59.13.242601 +0530,
-50,x,194,194,46,x,1,0.6140113000001293,None,,,,,46,194,194,0,1040.5925262000019,,1040.577079499999,1041.5784076000018,1041.5784076000018,1041.5784076000018,1041.5784076000018,1041.5784076000018,1042.5805553999999,1042.5805553999999,1042.5805553999999,1043.2099904999995,,,,,x,1,0.6140113000001293,None,Participant 2,001,2025-10-02_16h59.03.252,Motor Sequence Learning Bhumika Bajaj AU2320057,,2025.1.1,119.56873947341028,2025-10-02 16h59.13.242601 +0530,
-50,x,195,195,47,x,1,0.3615299999983108,None,,,,,47,195,195,0,1043.2259541000021,,1043.210506899999,1044.209125100002,1044.209125100002,1044.209125100002,1044.209125100002,1044.209125100002,1045.2094641000003,1045.2255475999991,1045.2255475999991,1045.593291199999,,,,,x,1,0.3615299999983108,None,Participant 2,001,2025-10-02_16h59.03.252,Motor Sequence Learning Bhumika Bajaj AU2320057,,2025.1.1,119.56873947341028,2025-10-02 16h59.13.242601 +0530,
-50,x,196,196,48,x,1,0.3098914000001969,None,,,,,48,196,196,0,1045.6086872999986,,1045.5938061999987,1046.5927440999985,1046.5927440999985,1046.5927440999985,1046.5927440999985,1046.5927440999985,1047.5920193999991,1047.6080275999993,1047.6080275999993,1047.9261532000019,,,,,x,1,0.3098914000001969,None,Participant 2,001,2025-10-02_16h59.03.252,Motor Sequence Learning Bhumika Bajaj AU2320057,,2025.1.1,119.56873947341028,2025-10-02 16h59.13.242601 +0530,
50,c,197,197,49,c,1,0.8105386000024737,None,,,,,49,197,197,2,1047.9422558000006,,1047.9266658999986,1048.9310523999993,1048.9310523999993,1048.9310523999993,1048.9310523999993,1048.9310523999993,1049.9458269999996,1049.9285602000018,1049.9285602000018,1050.7488611000008,,,,,c,1,0.8105386000024737,None,Participant 2,001,2025-10-02_16h59.03.252,Motor Sequence Learning Bhumika Bajaj AU2320057,,2025.1.1,119.56873947341028,2025-10-02 16h59.13.242601 +0530,
-50,x,198,198,49,x,1,0.5493806999984372,None,,,,,49,198,198,0,1050.7619854000004,,1050.7497906999997,1051.7583650999986,1051.7583650999986,1051.7583650999986,1051.7583650999986,1051.7583650999986,1052.7618058000007,1052.7618058000007,1052.7618058000007,1053.3245852,,,,,x,1,0.5493806999984372,None,Participant 2,001,2025-10-02_16h59.03.252,Motor Sequence Learning Bhumika Bajaj AU2320057,,2025.1.1,119.56873947341028,2025-10-02 16h59.13.242601 +0530,
150,v,199,199,49,v,1,0.5994939000011072,None,,,,,49,199,199,1,1053.340437499999,,1053.3251222,1054.3257333000001,1054.3257333000001,1054.3257333000001,1054.3257333000001,1054.3257333000001,1055.3287645000019,1055.3287645000019,1055.3287645000019,1055.9402463000006,,,,,v,1,0.5994939000011072,None,Participant 2,001,2025-10-02_16h59.03.252,Motor Sequence Learning Bhumika Bajaj AU2320057,,2025.1.1,119.56873947341028,2025-10-02 16h59.13.242601 +0530,
