68.6541 	INFO 	Loaded monitor calibration from ['2025_08_12 09:52']
68.8187 	INFO 	Using renderer 'Intel(R) Arc(TM) Graphics' for graphics
68.8187 	INFO 	OpenGL version supported by driver is 4..
68.8522 	EXP 	Created window1 = Window(allowGUI=True, allowStencil=True, autoLog=True, backendConf=UNKNOWN, backgroundFit=<method-wrapper '__getattribute__' of attributeSetter object at 0x0000018518ACC2B0>, backgroundImage=<method-wrapper '__getattribute__' of attributeSetter object at 0x0000018518ACC250>, bitsMode=UNKNOWN, blendMode='avg', bpc=(8, 8, 8), color=array([0, 0, 0]), colorSpace='rgb', depthBits=8, fullscr=False, gamma=None, gammaErrorPolicy='raise', infoMsg=UNKNOWN, lms=UNKNOWN, monitor=<psychopy.monitors.calibTools.Monitor object at 0x00000185189C6260>, multiSample=False, name='window1', numSamples=2, pos=[np.float64(640.0), np.float64(400.0)], screen=0, size=array([1280,  800]), stencilBits=8, stereo=False, title='PsychoPy', units='height', useFBO=True, useRetina=False, viewOri=0.0, viewPos=None, viewScale=None, waitBlanking=True, winType='pyglet')
68.8523 	EXP 	window1: backgroundImage = ''
68.8523 	EXP 	window1: backgroundFit = 'none'
69.1710 	EXP 	window1: Attempting to measure frame rate of screen (0) ...
69.1710 	EXP 	window1: recordFrameIntervals = False
69.3404 	EXP 	window1: recordFrameIntervals = True
69.4905 	EXP 	Screen (0) actual frame rate measured at 120.23Hz
69.4905 	EXP 	window1: recordFrameIntervals = False
69.8685 	INFO 	keyboard.Keyboard is using ptb backend.
69.8685 	EXP 	Word Priming Experiment: status = STARTED
69.9087 	EXP 	Created text = TextStim(__class__=<class 'psychopy.visual.text.TextStim'>, alignHoriz=method-wrapper(...), alignText='center', alignVert=method-wrapper(...), anchorHoriz='center', anchorVert='center', antialias=True, autoDraw=False, autoLog=True, bold=False, color=array([1., 1., 1.]), colorSpace='rgb', contrast=1.0, depth=0.0, draggable=False, flipHoriz=False, flipVert=False, font='Arial', fontFiles=[], height=0.05, italic=False, languageStyle='LTR', name='text', opacity=1, ori=0.0, pos=array([0., 0.]), rgb=UNKNOWN, text='', units='height', win=Window(...), wrapWidth=1)
69.9929 	EXP 	Created slider = Slider(__class__=<class 'psychopy.visual.slider.Slider'>, autoDraw=False, autoLog=True, borderColor=None, color=None, colorSpace='rgb', depth=-1, fillColor=None, flip=False, font='Noto Sans', granularity=0.0, labelColor=None, labelHeight=np.float64(0.05), labelWrapWidth=None, labels=['Familiar', 'Unfamiliar'], lineColor=None, markerColor=None, name='slider', opacity=None, ori=0.0, pos=array([ 0. , -0.3]), readOnly=False, self=UNKNOWN, size=array([1. , 0.1]), startValue=None, style='rating', styleTweaks=[], ticks=array([1, 2, 3, 4, 5]), units='height', win=Window(...))
69.9935 	EXP 	Created text_2 = TextStim(__class__=<class 'psychopy.visual.text.TextStim'>, alignHoriz=method-wrapper(...), alignText='center', alignVert=method-wrapper(...), anchorHoriz='center', anchorVert='center', antialias=True, autoDraw=False, autoLog=True, bold=False, color=array([1., 1., 1.]), colorSpace='rgb', contrast=1.0, depth=0.0, draggable=False, flipHoriz=False, flipVert=False, font='Arial', fontFiles=[], height=0.05, italic=False, languageStyle='LTR', name='text_2', opacity=1, ori=0.0, pos=array([0. , 0.3]), rgb=UNKNOWN, text='', units='height', win=Window(...), wrapWidth=1)
70.0656 	EXP 	Created text_3 = TextStim(__class__=<class 'psychopy.visual.text.TextStim'>, alignHoriz=method-wrapper(...), alignText='center', alignVert=method-wrapper(...), anchorHoriz='center', anchorVert='center', antialias=True, autoDraw=False, autoLog=True, bold=False, color=array([1., 1., 1.]), colorSpace='rgb', contrast=1.0, depth=-2.0, draggable=False, flipHoriz=False, flipVert=False, font='Arial', fontFiles=[], height=np.float64(0.05), italic=False, languageStyle='LTR', name='text_3', opacity=1, ori=0.0, pos=array([ 0. , -0.3]), rgb=UNKNOWN, text='Click to Submit ', units='height', win=Window(...), wrapWidth=1)
0.0075 	EXP 	slider: autoLog = True
0.0075 	EXP 	slider: styleTweaks = []
0.0075 	EXP 	slider: styleTweaks = []
0.0075 	EXP 	slider: styleTweaks = []
0.0075 	EXP 	slider: styleTweaks = []
0.0075 	EXP 	slider: contrast = 1.0
0.0075 	EXP 	slider: markerPos = None
0.0075 	EXP 	slider: autoLog = True
0.0075 	EXP 	textbox: autoLog = True
0.0116 	EXP 	Imported OneDrive/Documents/study_word.xlsx as conditions, 15 conditions, 1 params
0.0128 	EXP 	New trial (rep=0, index=0): <Trial 0 (0 in rep 0) data={'study_word': 'book', 'thisN': 0, 'thisTrialN': 0, 'thisRepN': 0}>
0.0241 	EXP 	text: height = np.float64(0.05)
0.0241 	EXP 	text: height = np.float64(0.05)
0.0241 	EXP 	text: height = np.float64(0.05)
0.0241 	EXP 	text: text = 'book'
0.0241 	EXP 	slider: markerPos = None
0.0241 	EXP 	slider: markerPos = None
0.0241 	EXP 	text: autoDraw = True
0.0241 	EXP 	slider: autoDraw = True
0.9532 	DATA 	Mouse: Left button down, pos=(227,166)
0.9867 	EXP 	slider: markerPos = np.float64(0.935)
1.0007 	EXP 	slider: markerPos = np.float64(0.935)
1.0169 	EXP 	slider: markerPos = np.float64(0.935)
1.0336 	EXP 	slider: markerPos = np.float64(0.935)
1.0502 	EXP 	slider: markerPos = np.float64(0.935)
1.0671 	EXP 	slider: markerPos = np.float64(0.935)
1.0837 	EXP 	slider: markerPos = np.float64(0.935)
1.1002 	EXP 	slider: markerPos = np.float64(0.935)
1.1175 	EXP 	slider: markerPos = np.float64(0.935)
1.1330 	EXP 	slider: markerPos = np.float64(0.935)
1.1502 	EXP 	slider: markerPos = np.float64(0.935)
1.1665 	EXP 	slider: markerPos = np.float64(0.935)
1.1819 	DATA 	Mouse:  Left button up, pos=(227,166)
1.1992 	EXP 	slider: markerPos = np.float64(0.935)
1.2183 	EXP 	slider: markerPos = np.int64(1)
1.2200 	EXP 	New trial (rep=0, index=1): <Trial 1 (1 in rep 0) data={'study_word': 'Police', 'thisN': 1, 'thisTrialN': 1, 'thisRepN': 0}>
1.2494 	EXP 	text: autoDraw = False
1.2494 	EXP 	slider: autoDraw = False
1.2494 	EXP 	text: height = np.float64(0.05)
1.2494 	EXP 	text: height = np.float64(0.05)
1.2494 	EXP 	text: height = np.float64(0.05)
1.2494 	EXP 	text: text = 'Police'
1.2494 	EXP 	slider: markerPos = None
1.2494 	EXP 	slider: markerPos = None
1.2494 	EXP 	text: autoDraw = True
1.2494 	EXP 	slider: autoDraw = True
2.2028 	DATA 	Mouse: Left button down, pos=(415,170)
2.2167 	EXP 	slider: markerPos = np.float64(1.875)
2.2331 	EXP 	slider: markerPos = np.float64(1.875)
2.2515 	EXP 	slider: markerPos = np.float64(1.875)
2.2670 	EXP 	slider: markerPos = np.float64(1.875)
2.2833 	EXP 	slider: markerPos = np.float64(1.875)
2.3003 	EXP 	slider: markerPos = np.float64(1.875)
2.3162 	EXP 	slider: markerPos = np.float64(1.875)
2.3329 	EXP 	slider: markerPos = np.float64(1.875)
2.3496 	EXP 	slider: markerPos = np.float64(1.875)
2.3662 	EXP 	slider: markerPos = np.float64(1.875)
2.3833 	EXP 	slider: markerPos = np.float64(1.875)
2.3997 	EXP 	slider: markerPos = np.float64(1.875)
2.4163 	EXP 	slider: markerPos = np.float64(1.875)
2.4263 	DATA 	Mouse:  Left button up, pos=(415,170)
2.4359 	EXP 	slider: markerPos = np.float64(1.875)
2.4498 	EXP 	slider: markerPos = np.float64(1.875)
2.4504 	EXP 	New trial (rep=0, index=2): <Trial 2 (2 in rep 0) data={'study_word': 'board', 'thisN': 2, 'thisTrialN': 2, 'thisRepN': 0}>
2.4664 	EXP 	text: autoDraw = False
2.4664 	EXP 	slider: autoDraw = False
2.4664 	EXP 	text: height = np.float64(0.05)
2.4664 	EXP 	text: height = np.float64(0.05)
2.4664 	EXP 	text: height = np.float64(0.05)
2.4664 	EXP 	text: text = 'board'
2.4664 	EXP 	slider: markerPos = None
2.4664 	EXP 	slider: markerPos = None
2.4664 	EXP 	text: autoDraw = True
2.4664 	EXP 	slider: autoDraw = True
3.5530 	DATA 	Mouse: Left button down, pos=(216,172)
3.5666 	EXP 	slider: markerPos = np.float64(0.8799999999999999)
3.5832 	EXP 	slider: markerPos = np.float64(0.8799999999999999)
3.5996 	EXP 	slider: markerPos = np.float64(0.8799999999999999)
3.6163 	EXP 	slider: markerPos = np.float64(0.8799999999999999)
3.6334 	EXP 	slider: markerPos = np.float64(0.8799999999999999)
3.6497 	EXP 	slider: markerPos = np.float64(0.8799999999999999)
3.6668 	EXP 	slider: markerPos = np.float64(0.8799999999999999)
3.6833 	EXP 	slider: markerPos = np.float64(0.8799999999999999)
3.6997 	EXP 	slider: markerPos = np.float64(0.8799999999999999)
3.7163 	EXP 	slider: markerPos = np.float64(0.8799999999999999)
3.7330 	EXP 	slider: markerPos = np.float64(0.8799999999999999)
3.7497 	EXP 	slider: markerPos = np.float64(0.8799999999999999)
3.7674 	EXP 	slider: markerPos = np.float64(0.8799999999999999)
3.7700 	DATA 	Mouse:  Left button up, pos=(216,172)
3.7835 	EXP 	slider: markerPos = np.int64(1)
3.7848 	EXP 	New trial (rep=0, index=3): <Trial 3 (3 in rep 0) data={'study_word': 'Keys', 'thisN': 3, 'thisTrialN': 3, 'thisRepN': 0}>
3.7996 	EXP 	text: autoDraw = False
3.7996 	EXP 	slider: autoDraw = False
3.7996 	EXP 	text: height = np.float64(0.05)
3.7996 	EXP 	text: height = np.float64(0.05)
3.7996 	EXP 	text: height = np.float64(0.05)
3.7996 	EXP 	text: text = 'Keys'
3.7996 	EXP 	slider: markerPos = None
3.7996 	EXP 	slider: markerPos = None
3.7996 	EXP 	text: autoDraw = True
3.7996 	EXP 	slider: autoDraw = True
4.8111 	DATA 	Mouse: Left button down, pos=(428,161)
4.8252 	EXP 	slider: markerPos = np.float64(1.94)
4.8415 	EXP 	slider: markerPos = np.float64(1.94)
4.8588 	EXP 	slider: markerPos = np.float64(1.94)
4.8750 	EXP 	slider: markerPos = np.float64(1.94)
4.8915 	EXP 	slider: markerPos = np.float64(1.94)
4.9085 	EXP 	slider: markerPos = np.float64(1.94)
4.9250 	EXP 	slider: markerPos = np.float64(1.94)
4.9413 	EXP 	slider: markerPos = np.float64(1.94)
4.9579 	EXP 	slider: markerPos = np.float64(1.94)
4.9749 	EXP 	slider: markerPos = np.float64(1.94)
4.9914 	EXP 	slider: markerPos = np.float64(1.94)
5.0079 	EXP 	slider: markerPos = np.float64(1.94)
5.0249 	EXP 	slider: markerPos = np.float64(1.94)
5.0281 	DATA 	Mouse:  Left button up, pos=(428,161)
5.0426 	EXP 	slider: markerPos = np.float64(1.94)
5.0442 	EXP 	New trial (rep=0, index=4): <Trial 4 (4 in rep 0) data={'study_word': 'marble', 'thisN': 4, 'thisTrialN': 4, 'thisRepN': 0}>
5.0582 	EXP 	text: autoDraw = False
5.0582 	EXP 	slider: autoDraw = False
5.0582 	EXP 	text: height = np.float64(0.05)
5.0582 	EXP 	text: height = np.float64(0.05)
5.0582 	EXP 	text: height = np.float64(0.05)
5.0582 	EXP 	text: text = 'marble'
5.0582 	EXP 	slider: markerPos = None
5.0582 	EXP 	slider: markerPos = None
5.0582 	EXP 	text: autoDraw = True
5.0582 	EXP 	slider: autoDraw = True
5.9378 	DATA 	Mouse: Left button down, pos=(249,179)
5.9659 	EXP 	slider: markerPos = np.float64(1.045)
5.9839 	EXP 	slider: markerPos = np.float64(1.045)
6.0009 	EXP 	slider: markerPos = np.float64(1.045)
6.0163 	EXP 	slider: markerPos = np.float64(1.045)
6.0333 	EXP 	slider: markerPos = np.float64(1.045)
6.0498 	EXP 	slider: markerPos = np.float64(1.045)
6.0670 	EXP 	slider: markerPos = np.float64(1.045)
6.0829 	EXP 	slider: markerPos = np.float64(1.045)
6.0995 	EXP 	slider: markerPos = np.float64(1.045)
6.1162 	EXP 	slider: markerPos = np.float64(1.045)
6.1332 	EXP 	slider: markerPos = np.float64(1.045)
6.1502 	EXP 	slider: markerPos = np.float64(1.045)
6.1582 	DATA 	Mouse:  Left button up, pos=(249,179)
6.1673 	EXP 	slider: markerPos = np.float64(1.045)
6.1832 	EXP 	slider: markerPos = np.float64(1.045)
6.1839 	EXP 	New trial (rep=0, index=5): <Trial 5 (5 in rep 0) data={'study_word': 'Laptop', 'thisN': 5, 'thisTrialN': 5, 'thisRepN': 0}>
6.1997 	EXP 	text: autoDraw = False
6.1997 	EXP 	slider: autoDraw = False
6.1997 	EXP 	text: height = np.float64(0.05)
6.1997 	EXP 	text: height = np.float64(0.05)
6.1997 	EXP 	text: height = np.float64(0.05)
6.1997 	EXP 	text: text = 'Laptop'
6.1997 	EXP 	slider: markerPos = None
6.1997 	EXP 	slider: markerPos = None
6.1997 	EXP 	text: autoDraw = True
6.1997 	EXP 	slider: autoDraw = True
7.9622 	DATA 	Mouse: Left button down, pos=(450,160)
7.9749 	EXP 	slider: markerPos = np.float64(2.05)
7.9915 	EXP 	slider: markerPos = np.float64(2.05)
8.0081 	EXP 	slider: markerPos = np.float64(2.05)
8.0248 	EXP 	slider: markerPos = np.float64(2.05)
8.0423 	EXP 	slider: markerPos = np.float64(2.05)
8.0589 	EXP 	slider: markerPos = np.float64(2.05)
8.0779 	EXP 	slider: markerPos = np.float64(2.05)
8.0916 	EXP 	slider: markerPos = np.float64(2.05)
8.1086 	EXP 	slider: markerPos = np.float64(2.05)
8.1246 	EXP 	slider: markerPos = np.float64(2.05)
8.1412 	EXP 	slider: markerPos = np.float64(2.05)
8.1581 	EXP 	slider: markerPos = np.float64(2.05)
8.1748 	EXP 	slider: markerPos = np.float64(2.05)
8.1928 	EXP 	slider: markerPos = np.float64(2.05)
8.2030 	DATA 	Mouse:  Left button up, pos=(450,160)
8.2241 	EXP 	slider: markerPos = np.float64(2.05)
8.2252 	EXP 	New trial (rep=0, index=6): <Trial 6 (6 in rep 0) data={'study_word': 'mouse', 'thisN': 6, 'thisTrialN': 6, 'thisRepN': 0}>
8.2417 	EXP 	text: autoDraw = False
8.2417 	EXP 	slider: autoDraw = False
8.2417 	EXP 	text: height = np.float64(0.05)
8.2417 	EXP 	text: height = np.float64(0.05)
8.2417 	EXP 	text: height = np.float64(0.05)
8.2417 	EXP 	text: text = 'mouse'
8.2417 	EXP 	slider: markerPos = None
8.2417 	EXP 	slider: markerPos = None
8.2417 	EXP 	text: autoDraw = True
8.2417 	EXP 	slider: autoDraw = True
8.7265 	DATA 	Mouse: Left button down, pos=(450,160)
8.7410 	EXP 	slider: markerPos = np.float64(2.05)
8.7579 	EXP 	slider: markerPos = np.float64(2.05)
8.7745 	EXP 	slider: markerPos = np.float64(2.05)
8.7911 	EXP 	slider: markerPos = np.float64(2.05)
8.8090 	EXP 	slider: markerPos = np.float64(2.05)
8.8248 	EXP 	slider: markerPos = np.float64(2.05)
8.8416 	EXP 	slider: markerPos = np.float64(2.05)
8.8581 	EXP 	slider: markerPos = np.float64(2.05)
8.8748 	EXP 	slider: markerPos = np.float64(2.05)
8.8915 	EXP 	slider: markerPos = np.float64(2.05)
8.9076 	EXP 	slider: markerPos = np.float64(2.05)
8.9251 	EXP 	slider: markerPos = np.float64(2.05)
8.9414 	EXP 	slider: markerPos = np.float64(2.05)
8.9584 	EXP 	slider: markerPos = np.float64(2.05)
8.9607 	DATA 	Mouse:  Left button up, pos=(450,160)
8.9763 	EXP 	slider: markerPos = np.float64(2.05)
8.9774 	EXP 	New trial (rep=0, index=7): <Trial 7 (7 in rep 0) data={'study_word': 'Chart', 'thisN': 7, 'thisTrialN': 7, 'thisRepN': 0}>
9.0072 	EXP 	text: autoDraw = False
9.0072 	EXP 	slider: autoDraw = False
9.0072 	EXP 	text: height = np.float64(0.05)
9.0072 	EXP 	text: height = np.float64(0.05)
9.0072 	EXP 	text: height = np.float64(0.05)
9.0072 	EXP 	text: text = 'Chart'
9.0072 	EXP 	slider: markerPos = None
9.0072 	EXP 	slider: markerPos = None
9.0072 	EXP 	text: autoDraw = True
9.0072 	EXP 	slider: autoDraw = True
9.4438 	DATA 	Mouse: Left button down, pos=(450,160)
9.4586 	EXP 	slider: markerPos = np.float64(2.05)
9.4743 	EXP 	slider: markerPos = np.float64(2.05)
9.4916 	EXP 	slider: markerPos = np.float64(2.05)
9.5080 	EXP 	slider: markerPos = np.float64(2.05)
9.5247 	EXP 	slider: markerPos = np.float64(2.05)
9.5415 	EXP 	slider: markerPos = np.float64(2.05)
9.5583 	EXP 	slider: markerPos = np.float64(2.05)
9.5751 	EXP 	slider: markerPos = np.float64(2.05)
9.5918 	EXP 	slider: markerPos = np.float64(2.05)
9.6085 	EXP 	slider: markerPos = np.float64(2.05)
9.6247 	EXP 	slider: markerPos = np.float64(2.05)
9.6413 	EXP 	slider: markerPos = np.float64(2.05)
9.6579 	EXP 	slider: markerPos = np.float64(2.05)
9.6748 	EXP 	slider: markerPos = np.float64(2.05)
9.6770 	DATA 	Mouse:  Left button up, pos=(450,160)
9.6929 	EXP 	slider: markerPos = np.float64(2.05)
9.6941 	EXP 	New trial (rep=0, index=8): <Trial 8 (8 in rep 0) data={'study_word': 'phone', 'thisN': 8, 'thisTrialN': 8, 'thisRepN': 0}>
9.7239 	EXP 	text: autoDraw = False
9.7239 	EXP 	slider: autoDraw = False
9.7239 	EXP 	text: height = np.float64(0.05)
9.7239 	EXP 	text: height = np.float64(0.05)
9.7239 	EXP 	text: height = np.float64(0.05)
9.7239 	EXP 	text: text = 'phone'
9.7239 	EXP 	slider: markerPos = None
9.7239 	EXP 	slider: markerPos = None
9.7239 	EXP 	text: autoDraw = True
9.7239 	EXP 	slider: autoDraw = True
10.4286 	DATA 	Mouse: Left button down, pos=(331,164)
10.4416 	EXP 	slider: markerPos = np.float64(1.455)
10.4586 	EXP 	slider: markerPos = np.float64(1.455)
10.4750 	EXP 	slider: markerPos = np.float64(1.455)
10.4909 	EXP 	slider: markerPos = np.float64(1.455)
10.5076 	EXP 	slider: markerPos = np.float64(1.455)
10.5243 	EXP 	slider: markerPos = np.float64(1.455)
10.5410 	EXP 	slider: markerPos = np.float64(1.455)
10.5576 	EXP 	slider: markerPos = np.float64(1.455)
10.5744 	EXP 	slider: markerPos = np.float64(1.455)
10.5937 	EXP 	slider: markerPos = np.float64(1.455)
10.6086 	EXP 	slider: markerPos = np.float64(1.455)
10.6245 	EXP 	slider: markerPos = np.float64(1.455)
10.6417 	EXP 	slider: markerPos = np.float64(1.455)
10.6584 	EXP 	slider: markerPos = np.float64(1.455)
10.6607 	DATA 	Mouse:  Left button up, pos=(331,164)
10.6747 	EXP 	slider: markerPos = np.float64(1.455)
10.6753 	EXP 	New trial (rep=0, index=9): <Trial 9 (9 in rep 0) data={'study_word': 'Pastry', 'thisN': 9, 'thisTrialN': 9, 'thisRepN': 0}>
10.6910 	EXP 	text: autoDraw = False
10.6910 	EXP 	slider: autoDraw = False
10.6910 	EXP 	text: height = np.float64(0.05)
10.6910 	EXP 	text: height = np.float64(0.05)
10.6910 	EXP 	text: height = np.float64(0.05)
10.6910 	EXP 	text: text = 'Pastry'
10.6910 	EXP 	slider: markerPos = None
10.6910 	EXP 	slider: markerPos = None
10.6910 	EXP 	text: autoDraw = True
10.6910 	EXP 	slider: autoDraw = True
11.6448 	DATA 	Mouse: Left button down, pos=(263,157)
11.6587 	EXP 	slider: markerPos = np.float64(1.115)
11.6745 	EXP 	slider: markerPos = np.float64(1.115)
11.6923 	EXP 	slider: markerPos = np.float64(1.115)
11.7079 	EXP 	slider: markerPos = np.float64(1.115)
11.7247 	EXP 	slider: markerPos = np.float64(1.115)
11.7413 	EXP 	slider: markerPos = np.float64(1.115)
11.7583 	EXP 	slider: markerPos = np.float64(1.115)
11.7748 	EXP 	slider: markerPos = np.float64(1.115)
11.7910 	EXP 	slider: markerPos = np.float64(1.115)
11.8078 	EXP 	slider: markerPos = np.float64(1.115)
11.8246 	EXP 	slider: markerPos = np.float64(1.115)
11.8413 	EXP 	slider: markerPos = np.float64(1.115)
11.8578 	EXP 	slider: markerPos = np.float64(1.115)
11.8603 	DATA 	Mouse:  Left button up, pos=(263,157)
11.8760 	EXP 	slider: markerPos = np.float64(1.115)
11.8777 	EXP 	New trial (rep=0, index=10): <Trial 10 (10 in rep 0) data={'study_word': 'cushion', 'thisN': 10, 'thisTrialN': 10, 'thisRepN': 0}>
11.8920 	EXP 	text: autoDraw = False
11.8920 	EXP 	slider: autoDraw = False
11.8920 	EXP 	text: height = np.float64(0.05)
11.8920 	EXP 	text: height = np.float64(0.05)
11.8920 	EXP 	text: height = np.float64(0.05)
11.8920 	EXP 	text: text = 'cushion'
11.8920 	EXP 	slider: markerPos = None
11.8920 	EXP 	slider: markerPos = None
11.8920 	EXP 	text: autoDraw = True
11.8920 	EXP 	slider: autoDraw = True
12.2103 	DATA 	Mouse: Left button down, pos=(263,157)
12.2247 	EXP 	slider: markerPos = np.float64(1.115)
12.2412 	EXP 	slider: markerPos = np.float64(1.115)
12.2588 	EXP 	slider: markerPos = np.float64(1.115)
12.2753 	EXP 	slider: markerPos = np.float64(1.115)
12.2917 	EXP 	slider: markerPos = np.float64(1.115)
12.3083 	EXP 	slider: markerPos = np.float64(1.115)
12.3249 	EXP 	slider: markerPos = np.float64(1.115)
12.3416 	EXP 	slider: markerPos = np.float64(1.115)
12.3577 	EXP 	slider: markerPos = np.float64(1.115)
12.3745 	EXP 	slider: markerPos = np.float64(1.115)
12.3920 	EXP 	slider: markerPos = np.float64(1.115)
12.4080 	EXP 	slider: markerPos = np.float64(1.115)
12.4250 	EXP 	slider: markerPos = np.float64(1.115)
12.4342 	DATA 	Mouse:  Left button up, pos=(263,157)
12.4437 	EXP 	slider: markerPos = np.float64(1.115)
12.4584 	EXP 	slider: markerPos = np.float64(1.115)
12.4593 	EXP 	New trial (rep=0, index=11): <Trial 11 (11 in rep 0) data={'study_word': 'Cruise', 'thisN': 11, 'thisTrialN': 11, 'thisRepN': 0}>
12.4747 	EXP 	text: autoDraw = False
12.4747 	EXP 	slider: autoDraw = False
12.4747 	EXP 	text: height = np.float64(0.05)
12.4747 	EXP 	text: height = np.float64(0.05)
12.4747 	EXP 	text: height = np.float64(0.05)
12.4747 	EXP 	text: text = 'Cruise'
12.4747 	EXP 	slider: markerPos = None
12.4747 	EXP 	slider: markerPos = None
12.4747 	EXP 	text: autoDraw = True
12.4747 	EXP 	slider: autoDraw = True
12.8953 	DATA 	Mouse: Left button down, pos=(263,157)
12.9247 	EXP 	slider: markerPos = np.float64(1.115)
12.9413 	EXP 	slider: markerPos = np.float64(1.115)
12.9578 	EXP 	slider: markerPos = np.float64(1.115)
12.9744 	EXP 	slider: markerPos = np.float64(1.115)
12.9916 	EXP 	slider: markerPos = np.float64(1.115)
13.0080 	EXP 	slider: markerPos = np.float64(1.115)
13.0249 	EXP 	slider: markerPos = np.float64(1.115)
13.0415 	EXP 	slider: markerPos = np.float64(1.115)
13.0581 	EXP 	slider: markerPos = np.float64(1.115)
13.0744 	EXP 	slider: markerPos = np.float64(1.115)
13.0911 	EXP 	slider: markerPos = np.float64(1.115)
13.1083 	EXP 	slider: markerPos = np.float64(1.115)
13.1245 	EXP 	slider: markerPos = np.float64(1.115)
13.1271 	DATA 	Mouse:  Left button up, pos=(263,157)
13.1426 	EXP 	slider: markerPos = np.float64(1.115)
13.1438 	EXP 	New trial (rep=0, index=12): <Trial 12 (12 in rep 0) data={'study_word': 'T-shirt', 'thisN': 12, 'thisTrialN': 12, 'thisRepN': 0}>
13.1585 	EXP 	text: autoDraw = False
13.1585 	EXP 	slider: autoDraw = False
13.1585 	EXP 	text: height = np.float64(0.05)
13.1585 	EXP 	text: height = np.float64(0.05)
13.1585 	EXP 	text: height = np.float64(0.05)
13.1585 	EXP 	text: text = 'T-shirt'
13.1585 	EXP 	slider: markerPos = None
13.1585 	EXP 	slider: markerPos = None
13.1585 	EXP 	text: autoDraw = True
13.1585 	EXP 	slider: autoDraw = True
13.4433 	DATA 	Mouse: Left button down, pos=(263,157)
13.4580 	EXP 	slider: markerPos = np.float64(1.115)
13.4747 	EXP 	slider: markerPos = np.float64(1.115)
13.4927 	EXP 	slider: markerPos = np.float64(1.115)
13.5082 	EXP 	slider: markerPos = np.float64(1.115)
13.5248 	EXP 	slider: markerPos = np.float64(1.115)
13.5416 	EXP 	slider: markerPos = np.float64(1.115)
13.5582 	EXP 	slider: markerPos = np.float64(1.115)
13.5753 	EXP 	slider: markerPos = np.float64(1.115)
13.5913 	EXP 	slider: markerPos = np.float64(1.115)
13.6081 	EXP 	slider: markerPos = np.float64(1.115)
13.6246 	EXP 	slider: markerPos = np.float64(1.115)
13.6416 	EXP 	slider: markerPos = np.float64(1.115)
13.6580 	EXP 	slider: markerPos = np.float64(1.115)
13.6755 	EXP 	slider: markerPos = np.float64(1.115)
13.6785 	DATA 	Mouse:  Left button up, pos=(263,157)
13.6922 	EXP 	slider: markerPos = np.float64(1.115)
13.6930 	EXP 	New trial (rep=0, index=13): <Trial 13 (13 in rep 0) data={'study_word': 'Poster', 'thisN': 13, 'thisTrialN': 13, 'thisRepN': 0}>
13.7082 	EXP 	text: autoDraw = False
13.7082 	EXP 	slider: autoDraw = False
13.7082 	EXP 	text: height = np.float64(0.05)
13.7082 	EXP 	text: height = np.float64(0.05)
13.7082 	EXP 	text: height = np.float64(0.05)
13.7082 	EXP 	text: text = 'Poster'
13.7082 	EXP 	slider: markerPos = None
13.7082 	EXP 	slider: markerPos = None
13.7082 	EXP 	text: autoDraw = True
13.7082 	EXP 	slider: autoDraw = True
14.0268 	DATA 	Mouse: Left button down, pos=(263,157)
14.0420 	EXP 	slider: markerPos = np.float64(1.115)
14.0587 	EXP 	slider: markerPos = np.float64(1.115)
14.0765 	EXP 	slider: markerPos = np.float64(1.115)
14.0922 	EXP 	slider: markerPos = np.float64(1.115)
14.1082 	EXP 	slider: markerPos = np.float64(1.115)
14.1245 	EXP 	slider: markerPos = np.float64(1.115)
14.1414 	EXP 	slider: markerPos = np.float64(1.115)
14.1580 	EXP 	slider: markerPos = np.float64(1.115)
14.1746 	EXP 	slider: markerPos = np.float64(1.115)
14.1912 	EXP 	slider: markerPos = np.float64(1.115)
14.2086 	EXP 	slider: markerPos = np.float64(1.115)
14.2252 	EXP 	slider: markerPos = np.float64(1.115)
14.2413 	EXP 	slider: markerPos = np.float64(1.115)
14.2580 	EXP 	slider: markerPos = np.float64(1.115)
14.2598 	DATA 	Mouse:  Left button up, pos=(263,157)
14.2761 	EXP 	slider: markerPos = np.float64(1.115)
14.2768 	EXP 	New trial (rep=0, index=14): <Trial 14 (14 in rep 0) data={'study_word': 'Case', 'thisN': 14, 'thisTrialN': 14, 'thisRepN': 0}>
14.2914 	EXP 	text: autoDraw = False
14.2914 	EXP 	slider: autoDraw = False
14.2914 	EXP 	text: height = np.float64(0.05)
14.2914 	EXP 	text: height = np.float64(0.05)
14.2914 	EXP 	text: height = np.float64(0.05)
14.2914 	EXP 	text: text = 'Case'
14.2914 	EXP 	slider: markerPos = None
14.2914 	EXP 	slider: markerPos = None
14.2914 	EXP 	text: autoDraw = True
14.2914 	EXP 	slider: autoDraw = True
14.5482 	DATA 	Mouse: Left button down, pos=(263,157)
14.5747 	EXP 	slider: markerPos = np.float64(1.115)
14.5914 	EXP 	slider: markerPos = np.float64(1.115)
14.6084 	EXP 	slider: markerPos = np.float64(1.115)
14.6252 	EXP 	slider: markerPos = np.float64(1.115)
14.6413 	EXP 	slider: markerPos = np.float64(1.115)
14.6584 	EXP 	slider: markerPos = np.float64(1.115)
14.6750 	EXP 	slider: markerPos = np.float64(1.115)
14.6913 	EXP 	slider: markerPos = np.float64(1.115)
14.7079 	EXP 	slider: markerPos = np.float64(1.115)
14.7247 	EXP 	slider: markerPos = np.float64(1.115)
14.7413 	EXP 	slider: markerPos = np.float64(1.115)
14.7579 	EXP 	slider: markerPos = np.float64(1.115)
14.7672 	DATA 	Mouse:  Left button up, pos=(263,157)
14.7751 	EXP 	slider: markerPos = np.float64(1.115)
14.7914 	EXP 	slider: markerPos = np.float64(1.115)
14.7920 	EXP 	New trial (rep=1, index=0): <Trial 15 (0 in rep 1) data={'study_word': 'board', 'thisN': 15, 'thisTrialN': 0, 'thisRepN': 1}>
14.8081 	EXP 	text: autoDraw = False
14.8081 	EXP 	slider: autoDraw = False
14.8081 	EXP 	text: height = np.float64(0.05)
14.8081 	EXP 	text: height = np.float64(0.05)
14.8081 	EXP 	text: height = np.float64(0.05)
14.8081 	EXP 	text: text = 'board'
14.8081 	EXP 	slider: markerPos = None
14.8081 	EXP 	slider: markerPos = None
14.8081 	EXP 	text: autoDraw = True
14.8081 	EXP 	slider: autoDraw = True
15.2272 	DATA 	Mouse: Left button down, pos=(263,157)
15.2424 	EXP 	slider: markerPos = np.float64(1.115)
15.2581 	EXP 	slider: markerPos = np.float64(1.115)
15.2747 	EXP 	slider: markerPos = np.float64(1.115)
15.2915 	EXP 	slider: markerPos = np.float64(1.115)
15.3084 	EXP 	slider: markerPos = np.float64(1.115)
15.3246 	EXP 	slider: markerPos = np.float64(1.115)
15.3411 	EXP 	slider: markerPos = np.float64(1.115)
15.3583 	EXP 	slider: markerPos = np.float64(1.115)
15.3750 	EXP 	slider: markerPos = np.float64(1.115)
15.3913 	EXP 	slider: markerPos = np.float64(1.115)
15.4084 	EXP 	slider: markerPos = np.float64(1.115)
15.4253 	EXP 	slider: markerPos = np.float64(1.115)
15.4414 	EXP 	slider: markerPos = np.float64(1.115)
15.4583 	EXP 	slider: markerPos = np.float64(1.115)
15.4606 	DATA 	Mouse:  Left button up, pos=(263,157)
15.4756 	EXP 	slider: markerPos = np.float64(1.115)
15.4763 	EXP 	New trial (rep=1, index=1): <Trial 16 (1 in rep 1) data={'study_word': 'Laptop', 'thisN': 16, 'thisTrialN': 1, 'thisRepN': 1}>
15.4914 	EXP 	text: autoDraw = False
15.4914 	EXP 	slider: autoDraw = False
15.4914 	EXP 	text: height = np.float64(0.05)
15.4914 	EXP 	text: height = np.float64(0.05)
15.4914 	EXP 	text: height = np.float64(0.05)
15.4914 	EXP 	text: text = 'Laptop'
15.4914 	EXP 	slider: markerPos = None
15.4914 	EXP 	slider: markerPos = None
15.4914 	EXP 	text: autoDraw = True
15.4914 	EXP 	slider: autoDraw = True
15.6601 	DATA 	Mouse: Left button down, pos=(263,157)
15.6751 	EXP 	slider: markerPos = np.float64(1.115)
15.6912 	EXP 	slider: markerPos = np.float64(1.115)
15.7080 	EXP 	slider: markerPos = np.float64(1.115)
15.7255 	EXP 	slider: markerPos = np.float64(1.115)
15.7424 	EXP 	slider: markerPos = np.float64(1.115)
15.7590 	EXP 	slider: markerPos = np.float64(1.115)
15.7761 	EXP 	slider: markerPos = np.float64(1.115)
15.7919 	EXP 	slider: markerPos = np.float64(1.115)
15.8085 	EXP 	slider: markerPos = np.float64(1.115)
15.8250 	EXP 	slider: markerPos = np.float64(1.115)
15.8414 	EXP 	slider: markerPos = np.float64(1.115)
15.8579 	EXP 	slider: markerPos = np.float64(1.115)
15.8744 	EXP 	slider: markerPos = np.float64(1.115)
15.8764 	DATA 	Mouse:  Left button up, pos=(263,157)
15.8922 	EXP 	slider: markerPos = np.float64(1.115)
15.8934 	EXP 	New trial (rep=1, index=2): <Trial 17 (2 in rep 1) data={'study_word': 'mouse', 'thisN': 17, 'thisTrialN': 2, 'thisRepN': 1}>
15.9081 	EXP 	text: autoDraw = False
15.9081 	EXP 	slider: autoDraw = False
15.9081 	EXP 	text: height = np.float64(0.05)
15.9081 	EXP 	text: height = np.float64(0.05)
15.9081 	EXP 	text: height = np.float64(0.05)
15.9081 	EXP 	text: text = 'mouse'
15.9081 	EXP 	slider: markerPos = None
15.9081 	EXP 	slider: markerPos = None
15.9081 	EXP 	text: autoDraw = True
15.9081 	EXP 	slider: autoDraw = True
16.1931 	DATA 	Mouse: Left button down, pos=(263,157)
16.2094 	EXP 	slider: markerPos = np.float64(1.115)
16.2249 	EXP 	slider: markerPos = np.float64(1.115)
16.2415 	EXP 	slider: markerPos = np.float64(1.115)
16.2587 	EXP 	slider: markerPos = np.float64(1.115)
16.2760 	EXP 	slider: markerPos = np.float64(1.115)
16.2920 	EXP 	slider: markerPos = np.float64(1.115)
16.3093 	EXP 	slider: markerPos = np.float64(1.115)
16.3248 	EXP 	slider: markerPos = np.float64(1.115)
16.3417 	EXP 	slider: markerPos = np.float64(1.115)
16.3587 	EXP 	slider: markerPos = np.float64(1.115)
16.3752 	EXP 	slider: markerPos = np.float64(1.115)
16.3915 	EXP 	slider: markerPos = np.float64(1.115)
16.3938 	DATA 	Mouse:  Left button up, pos=(263,157)
16.4079 	EXP 	slider: markerPos = np.float64(1.115)
16.4085 	EXP 	New trial (rep=1, index=3): <Trial 18 (3 in rep 1) data={'study_word': 'Cruise', 'thisN': 18, 'thisTrialN': 3, 'thisRepN': 1}>
16.4254 	EXP 	text: autoDraw = False
16.4254 	EXP 	slider: autoDraw = False
16.4254 	EXP 	text: height = np.float64(0.05)
16.4254 	EXP 	text: height = np.float64(0.05)
16.4254 	EXP 	text: height = np.float64(0.05)
16.4254 	EXP 	text: text = 'Cruise'
16.4254 	EXP 	slider: markerPos = None
16.4254 	EXP 	slider: markerPos = None
16.4254 	EXP 	text: autoDraw = True
16.4254 	EXP 	slider: autoDraw = True
16.4601 	DATA 	Mouse: Left button down, pos=(263,157)
16.4750 	EXP 	slider: markerPos = np.float64(1.115)
16.4912 	EXP 	slider: markerPos = np.float64(1.115)
16.5080 	EXP 	slider: markerPos = np.float64(1.115)
16.5254 	EXP 	slider: markerPos = np.float64(1.115)
16.5414 	EXP 	slider: markerPos = np.float64(1.115)
16.5581 	EXP 	slider: markerPos = np.float64(1.115)
16.5753 	EXP 	slider: markerPos = np.float64(1.115)
16.5915 	EXP 	slider: markerPos = np.float64(1.115)
16.5933 	DATA 	Mouse:  Left button up, pos=(263,157)
16.6091 	EXP 	slider: markerPos = np.float64(1.115)
16.6098 	EXP 	New trial (rep=1, index=4): <Trial 19 (4 in rep 1) data={'study_word': 'T-shirt', 'thisN': 19, 'thisTrialN': 4, 'thisRepN': 1}>
16.6246 	EXP 	text: autoDraw = False
16.6246 	EXP 	slider: autoDraw = False
16.6246 	EXP 	text: height = np.float64(0.05)
16.6246 	EXP 	text: height = np.float64(0.05)
16.6246 	EXP 	text: height = np.float64(0.05)
16.6246 	EXP 	text: text = 'T-shirt'
16.6246 	EXP 	slider: markerPos = None
16.6246 	EXP 	slider: markerPos = None
16.6246 	EXP 	text: autoDraw = True
16.6246 	EXP 	slider: autoDraw = True
16.6436 	DATA 	Mouse: Left button down, pos=(263,157)
16.6583 	EXP 	slider: markerPos = np.float64(1.115)
16.6746 	EXP 	slider: markerPos = np.float64(1.115)
16.6913 	EXP 	slider: markerPos = np.float64(1.115)
16.7088 	EXP 	slider: markerPos = np.float64(1.115)
16.7251 	EXP 	slider: markerPos = np.float64(1.115)
16.7416 	EXP 	slider: markerPos = np.float64(1.115)
16.7585 	EXP 	slider: markerPos = np.float64(1.115)
16.7747 	EXP 	slider: markerPos = np.float64(1.115)
16.7912 	EXP 	slider: markerPos = np.float64(1.115)
16.8078 	EXP 	slider: markerPos = np.float64(1.115)
16.8246 	EXP 	slider: markerPos = np.float64(1.115)
16.8333 	DATA 	Mouse:  Left button up, pos=(263,157)
16.8419 	EXP 	slider: markerPos = np.float64(1.115)
16.8579 	EXP 	slider: markerPos = np.float64(1.115)
16.8591 	EXP 	New trial (rep=1, index=5): <Trial 20 (5 in rep 1) data={'study_word': 'Chart', 'thisN': 20, 'thisTrialN': 5, 'thisRepN': 1}>
16.8750 	EXP 	text: autoDraw = False
16.8750 	EXP 	slider: autoDraw = False
16.8750 	EXP 	text: height = np.float64(0.05)
16.8750 	EXP 	text: height = np.float64(0.05)
16.8750 	EXP 	text: height = np.float64(0.05)
16.8750 	EXP 	text: text = 'Chart'
16.8750 	EXP 	slider: markerPos = None
16.8750 	EXP 	slider: markerPos = None
16.8750 	EXP 	text: autoDraw = True
16.8750 	EXP 	slider: autoDraw = True
16.8944 	DATA 	Mouse: Left button down, pos=(263,157)
16.9085 	EXP 	slider: markerPos = np.float64(1.115)
16.9251 	EXP 	slider: markerPos = np.float64(1.115)
16.9412 	EXP 	slider: markerPos = np.float64(1.115)
16.9581 	EXP 	slider: markerPos = np.float64(1.115)
16.9743 	EXP 	slider: markerPos = np.float64(1.115)
16.9912 	EXP 	slider: markerPos = np.float64(1.115)
17.0079 	EXP 	slider: markerPos = np.float64(1.115)
17.0246 	EXP 	slider: markerPos = np.float64(1.115)
17.0425 	EXP 	slider: markerPos = np.float64(1.115)
17.0528 	DATA 	Mouse:  Left button up, pos=(263,157)
17.0595 	EXP 	slider: markerPos = np.float64(1.115)
17.0752 	EXP 	slider: markerPos = np.float64(1.115)
17.0765 	EXP 	New trial (rep=1, index=6): <Trial 21 (6 in rep 1) data={'study_word': 'Case', 'thisN': 21, 'thisTrialN': 6, 'thisRepN': 1}>
17.0922 	EXP 	text: autoDraw = False
17.0922 	EXP 	slider: autoDraw = False
17.0922 	EXP 	text: height = np.float64(0.05)
17.0922 	EXP 	text: height = np.float64(0.05)
17.0922 	EXP 	text: height = np.float64(0.05)
17.0922 	EXP 	text: text = 'Case'
17.0922 	EXP 	slider: markerPos = None
17.0922 	EXP 	slider: markerPos = None
17.0922 	EXP 	text: autoDraw = True
17.0922 	EXP 	slider: autoDraw = True
17.3283 	DATA 	Mouse: Left button down, pos=(263,157)
17.3424 	EXP 	slider: markerPos = np.float64(1.115)
17.3582 	EXP 	slider: markerPos = np.float64(1.115)
17.3748 	EXP 	slider: markerPos = np.float64(1.115)
17.3914 	EXP 	slider: markerPos = np.float64(1.115)
17.4081 	EXP 	slider: markerPos = np.float64(1.115)
17.4246 	EXP 	slider: markerPos = np.float64(1.115)
17.4412 	EXP 	slider: markerPos = np.float64(1.115)
17.4592 	EXP 	slider: markerPos = np.float64(1.115)
17.4744 	EXP 	slider: markerPos = np.float64(1.115)
17.4913 	EXP 	slider: markerPos = np.float64(1.115)
17.5088 	EXP 	slider: markerPos = np.float64(1.115)
17.5246 	EXP 	slider: markerPos = np.float64(1.115)
17.5415 	EXP 	slider: markerPos = np.float64(1.115)
17.5582 	EXP 	slider: markerPos = np.float64(1.115)
17.5605 	DATA 	Mouse:  Left button up, pos=(263,157)
17.5755 	EXP 	slider: markerPos = np.float64(1.115)
17.5762 	EXP 	New trial (rep=1, index=7): <Trial 22 (7 in rep 1) data={'study_word': 'phone', 'thisN': 22, 'thisTrialN': 7, 'thisRepN': 1}>
17.5915 	EXP 	text: autoDraw = False
17.5915 	EXP 	slider: autoDraw = False
17.5915 	EXP 	text: height = np.float64(0.05)
17.5915 	EXP 	text: height = np.float64(0.05)
17.5915 	EXP 	text: height = np.float64(0.05)
17.5915 	EXP 	text: text = 'phone'
17.5915 	EXP 	slider: markerPos = None
17.5915 	EXP 	slider: markerPos = None
17.5915 	EXP 	text: autoDraw = True
17.5915 	EXP 	slider: autoDraw = True
18.0267 	DATA 	Mouse: Left button down, pos=(263,157)
18.0414 	EXP 	slider: markerPos = np.float64(1.115)
18.0581 	EXP 	slider: markerPos = np.float64(1.115)
18.0749 	EXP 	slider: markerPos = np.float64(1.115)
18.0914 	EXP 	slider: markerPos = np.float64(1.115)
18.1083 	EXP 	slider: markerPos = np.float64(1.115)
18.1249 	EXP 	slider: markerPos = np.float64(1.115)
18.1414 	EXP 	slider: markerPos = np.float64(1.115)
18.1579 	EXP 	slider: markerPos = np.float64(1.115)
18.1747 	EXP 	slider: markerPos = np.float64(1.115)
18.1912 	EXP 	slider: markerPos = np.float64(1.115)
18.2079 	EXP 	slider: markerPos = np.float64(1.115)
18.2246 	EXP 	slider: markerPos = np.float64(1.115)
18.2416 	EXP 	slider: markerPos = np.float64(1.115)
18.2438 	DATA 	Mouse:  Left button up, pos=(263,157)
18.2583 	EXP 	slider: markerPos = np.float64(1.115)
18.2595 	EXP 	New trial (rep=1, index=8): <Trial 23 (8 in rep 1) data={'study_word': 'Keys', 'thisN': 23, 'thisTrialN': 8, 'thisRepN': 1}>
18.2746 	EXP 	text: autoDraw = False
18.2746 	EXP 	slider: autoDraw = False
18.2746 	EXP 	text: height = np.float64(0.05)
18.2746 	EXP 	text: height = np.float64(0.05)
18.2746 	EXP 	text: height = np.float64(0.05)
18.2746 	EXP 	text: text = 'Keys'
18.2746 	EXP 	slider: markerPos = None
18.2746 	EXP 	slider: markerPos = None
18.2746 	EXP 	text: autoDraw = True
18.2746 	EXP 	slider: autoDraw = True
18.5774 	DATA 	Mouse: Left button down, pos=(263,157)
18.5913 	EXP 	slider: markerPos = np.float64(1.115)
18.6087 	EXP 	slider: markerPos = np.float64(1.115)
18.6247 	EXP 	slider: markerPos = np.float64(1.115)
18.6413 	EXP 	slider: markerPos = np.float64(1.115)
18.6579 	EXP 	slider: markerPos = np.float64(1.115)
18.6746 	EXP 	slider: markerPos = np.float64(1.115)
18.6919 	EXP 	slider: markerPos = np.float64(1.115)
18.7084 	EXP 	slider: markerPos = np.float64(1.115)
18.7247 	EXP 	slider: markerPos = np.float64(1.115)
18.7417 	EXP 	slider: markerPos = np.float64(1.115)
18.7581 	EXP 	slider: markerPos = np.float64(1.115)
18.7743 	EXP 	slider: markerPos = np.float64(1.115)
18.7910 	EXP 	slider: markerPos = np.float64(1.115)
18.7932 	DATA 	Mouse:  Left button up, pos=(263,157)
18.8090 	EXP 	slider: markerPos = np.float64(1.115)
18.8102 	EXP 	New trial (rep=1, index=9): <Trial 24 (9 in rep 1) data={'study_word': 'Pastry', 'thisN': 24, 'thisTrialN': 9, 'thisRepN': 1}>
18.8246 	EXP 	text: autoDraw = False
18.8246 	EXP 	slider: autoDraw = False
18.8246 	EXP 	text: height = np.float64(0.05)
18.8246 	EXP 	text: height = np.float64(0.05)
18.8246 	EXP 	text: height = np.float64(0.05)
18.8246 	EXP 	text: text = 'Pastry'
18.8246 	EXP 	slider: markerPos = None
18.8246 	EXP 	slider: markerPos = None
18.8246 	EXP 	text: autoDraw = True
18.8246 	EXP 	slider: autoDraw = True
19.2277 	DATA 	Mouse: Left button down, pos=(263,157)
19.2422 	EXP 	slider: markerPos = np.float64(1.115)
19.2582 	EXP 	slider: markerPos = np.float64(1.115)
19.2745 	EXP 	slider: markerPos = np.float64(1.115)
19.2915 	EXP 	slider: markerPos = np.float64(1.115)
19.3079 	EXP 	slider: markerPos = np.float64(1.115)
19.3246 	EXP 	slider: markerPos = np.float64(1.115)
19.3416 	EXP 	slider: markerPos = np.float64(1.115)
19.3585 	EXP 	slider: markerPos = np.float64(1.115)
19.3749 	EXP 	slider: markerPos = np.float64(1.115)
19.3933 	EXP 	slider: markerPos = np.float64(1.115)
19.4095 	EXP 	slider: markerPos = np.float64(1.115)
19.4255 	EXP 	slider: markerPos = np.float64(1.115)
19.4339 	DATA 	Mouse:  Left button up, pos=(263,157)
19.4461 	EXP 	slider: markerPos = np.float64(1.115)
19.4583 	EXP 	slider: markerPos = np.float64(1.115)
19.4599 	EXP 	New trial (rep=1, index=10): <Trial 25 (10 in rep 1) data={'study_word': 'Poster', 'thisN': 25, 'thisTrialN': 10, 'thisRepN': 1}>
19.4753 	EXP 	text: autoDraw = False
19.4753 	EXP 	slider: autoDraw = False
19.4753 	EXP 	text: height = np.float64(0.05)
19.4753 	EXP 	text: height = np.float64(0.05)
19.4753 	EXP 	text: height = np.float64(0.05)
19.4753 	EXP 	text: text = 'Poster'
19.4753 	EXP 	slider: markerPos = None
19.4753 	EXP 	slider: markerPos = None
19.4753 	EXP 	text: autoDraw = True
19.4753 	EXP 	slider: autoDraw = True
19.4964 	DATA 	Mouse: Left button down, pos=(263,157)
19.5089 	EXP 	slider: markerPos = np.float64(1.115)
19.5250 	EXP 	slider: markerPos = np.float64(1.115)
19.5417 	EXP 	slider: markerPos = np.float64(1.115)
19.5580 	EXP 	slider: markerPos = np.float64(1.115)
19.5748 	EXP 	slider: markerPos = np.float64(1.115)
19.5915 	EXP 	slider: markerPos = np.float64(1.115)
19.6108 	EXP 	slider: markerPos = np.float64(1.115)
19.6249 	EXP 	slider: markerPos = np.float64(1.115)
19.6403 	DATA 	Mouse:  Left button up, pos=(263,157)
19.6572 	EXP 	slider: markerPos = np.float64(1.115)
19.6754 	EXP 	slider: markerPos = np.float64(1.115)
19.6769 	EXP 	New trial (rep=1, index=11): <Trial 26 (11 in rep 1) data={'study_word': 'marble', 'thisN': 26, 'thisTrialN': 11, 'thisRepN': 1}>
19.6917 	EXP 	text: autoDraw = False
19.6917 	EXP 	slider: autoDraw = False
19.6917 	EXP 	text: height = np.float64(0.05)
19.6917 	EXP 	text: height = np.float64(0.05)
19.6917 	EXP 	text: height = np.float64(0.05)
19.6917 	EXP 	text: text = 'marble'
19.6917 	EXP 	slider: markerPos = None
19.6917 	EXP 	slider: markerPos = None
19.6917 	EXP 	text: autoDraw = True
19.6917 	EXP 	slider: autoDraw = True
19.6978 	DATA 	Mouse: Left button down, pos=(263,157)
19.7250 	EXP 	slider: markerPos = np.float64(1.115)
19.7433 	EXP 	slider: markerPos = np.float64(1.115)
19.7587 	EXP 	slider: markerPos = np.float64(1.115)
19.7746 	EXP 	slider: markerPos = np.float64(1.115)
19.7913 	EXP 	slider: markerPos = np.float64(1.115)
19.8089 	EXP 	slider: markerPos = np.float64(1.115)
19.8256 	EXP 	slider: markerPos = np.float64(1.115)
19.8416 	EXP 	slider: markerPos = np.float64(1.115)
19.8580 	EXP 	slider: markerPos = np.float64(1.115)
19.8626 	DATA 	Mouse:  Left button up, pos=(263,157)
19.8776 	EXP 	slider: markerPos = np.float64(1.115)
19.8789 	EXP 	New trial (rep=1, index=12): <Trial 27 (12 in rep 1) data={'study_word': 'cushion', 'thisN': 27, 'thisTrialN': 12, 'thisRepN': 1}>
19.8917 	EXP 	text: autoDraw = False
19.8917 	EXP 	slider: autoDraw = False
19.8917 	EXP 	text: height = np.float64(0.05)
19.8917 	EXP 	text: height = np.float64(0.05)
19.8917 	EXP 	text: height = np.float64(0.05)
19.8917 	EXP 	text: text = 'cushion'
19.8917 	EXP 	slider: markerPos = None
19.8917 	EXP 	slider: markerPos = None
19.8917 	EXP 	text: autoDraw = True
19.8917 	EXP 	slider: autoDraw = True
19.9282 	DATA 	Mouse: Left button down, pos=(263,157)
19.9417 	EXP 	slider: markerPos = np.float64(1.115)
19.9583 	EXP 	slider: markerPos = np.float64(1.115)
19.9750 	EXP 	slider: markerPos = np.float64(1.115)
19.9913 	EXP 	slider: markerPos = np.float64(1.115)
20.0076 	EXP 	slider: markerPos = np.float64(1.115)
20.0243 	EXP 	slider: markerPos = np.float64(1.115)
20.0416 	EXP 	slider: markerPos = np.float64(1.115)
20.0579 	EXP 	slider: markerPos = np.float64(1.115)
20.0765 	EXP 	slider: markerPos = np.float64(1.115)
20.0915 	EXP 	slider: markerPos = np.float64(1.115)
20.1088 	EXP 	slider: markerPos = np.float64(1.115)
20.1245 	EXP 	slider: markerPos = np.float64(1.115)
20.1342 	DATA 	Mouse:  Left button up, pos=(263,157)
20.1572 	EXP 	slider: markerPos = np.float64(1.115)
20.1580 	EXP 	New trial (rep=1, index=13): <Trial 28 (13 in rep 1) data={'study_word': 'book', 'thisN': 28, 'thisTrialN': 13, 'thisRepN': 1}>
20.1754 	EXP 	text: autoDraw = False
20.1754 	EXP 	slider: autoDraw = False
20.1754 	EXP 	text: height = np.float64(0.05)
20.1754 	EXP 	text: height = np.float64(0.05)
20.1754 	EXP 	text: height = np.float64(0.05)
20.1754 	EXP 	text: text = 'book'
20.1754 	EXP 	slider: markerPos = None
20.1754 	EXP 	slider: markerPos = None
20.1754 	EXP 	text: autoDraw = True
20.1754 	EXP 	slider: autoDraw = True
21.4795 	DATA 	Mouse: Left button down, pos=(275,159)
21.5071 	EXP 	slider: markerPos = np.float64(1.175)
21.5247 	EXP 	slider: markerPos = np.float64(1.175)
21.5416 	EXP 	slider: markerPos = np.float64(1.175)
21.5578 	EXP 	slider: markerPos = np.float64(1.175)
21.5754 	EXP 	slider: markerPos = np.float64(1.175)
21.5915 	EXP 	slider: markerPos = np.float64(1.175)
21.6081 	EXP 	slider: markerPos = np.float64(1.175)
21.6250 	EXP 	slider: markerPos = np.float64(1.175)
21.6414 	EXP 	slider: markerPos = np.float64(1.175)
21.6580 	EXP 	slider: markerPos = np.float64(1.175)
21.6748 	EXP 	slider: markerPos = np.float64(1.175)
21.6916 	EXP 	slider: markerPos = np.float64(1.175)
21.7031 	DATA 	Mouse:  Left button up, pos=(275,159)
21.7088 	EXP 	slider: markerPos = np.float64(1.175)
21.7248 	EXP 	slider: markerPos = np.float64(1.175)
21.7255 	EXP 	New trial (rep=1, index=14): <Trial 29 (14 in rep 1) data={'study_word': 'Police', 'thisN': 29, 'thisTrialN': 14, 'thisRepN': 1}>
21.7424 	EXP 	text: autoDraw = False
21.7424 	EXP 	slider: autoDraw = False
21.7424 	EXP 	text: height = np.float64(0.05)
21.7424 	EXP 	text: height = np.float64(0.05)
21.7424 	EXP 	text: height = np.float64(0.05)
21.7424 	EXP 	text: text = 'Police'
21.7424 	EXP 	slider: markerPos = None
21.7424 	EXP 	slider: markerPos = None
21.7424 	EXP 	text: autoDraw = True
21.7424 	EXP 	slider: autoDraw = True
21.8779 	DATA 	Mouse: Left button down, pos=(275,159)
21.8933 	EXP 	slider: markerPos = np.float64(1.175)
21.9082 	EXP 	slider: markerPos = np.float64(1.175)
21.9251 	EXP 	slider: markerPos = np.float64(1.175)
21.9410 	EXP 	slider: markerPos = np.float64(1.175)
21.9581 	EXP 	slider: markerPos = np.float64(1.175)
21.9746 	EXP 	slider: markerPos = np.float64(1.175)
21.9909 	EXP 	slider: markerPos = np.float64(1.175)
22.0083 	EXP 	slider: markerPos = np.float64(1.175)
22.0246 	EXP 	slider: markerPos = np.float64(1.175)
22.0417 	EXP 	slider: markerPos = np.float64(1.175)
22.0583 	EXP 	slider: markerPos = np.float64(1.175)
22.0790 	EXP 	slider: markerPos = np.float64(1.175)
22.0883 	DATA 	Mouse:  Left button up, pos=(275,159)
22.1071 	EXP 	slider: markerPos = np.float64(1.175)
22.1077 	EXP 	New trial (rep=2, index=0): <Trial 30 (0 in rep 2) data={'study_word': 'Cruise', 'thisN': 30, 'thisTrialN': 0, 'thisRepN': 2}>
22.1254 	EXP 	text: autoDraw = False
22.1254 	EXP 	slider: autoDraw = False
22.1254 	EXP 	text: height = np.float64(0.05)
22.1254 	EXP 	text: height = np.float64(0.05)
22.1254 	EXP 	text: height = np.float64(0.05)
22.1254 	EXP 	text: text = 'Cruise'
22.1254 	EXP 	slider: markerPos = None
22.1254 	EXP 	slider: markerPos = None
22.1254 	EXP 	text: autoDraw = True
22.1254 	EXP 	slider: autoDraw = True
22.1437 	DATA 	Mouse: Left button down, pos=(275,159)
22.1585 	EXP 	slider: markerPos = np.float64(1.175)
22.1748 	EXP 	slider: markerPos = np.float64(1.175)
22.1910 	EXP 	slider: markerPos = np.float64(1.175)
22.2080 	EXP 	slider: markerPos = np.float64(1.175)
22.2243 	EXP 	slider: markerPos = np.float64(1.175)
22.2415 	EXP 	slider: markerPos = np.float64(1.175)
22.2592 	EXP 	slider: markerPos = np.float64(1.175)
22.2746 	EXP 	slider: markerPos = np.float64(1.175)
22.2911 	EXP 	slider: markerPos = np.float64(1.175)
22.3006 	DATA 	Mouse:  Left button up, pos=(275,159)
22.3239 	EXP 	slider: markerPos = np.float64(1.175)
22.3253 	EXP 	New trial (rep=2, index=1): <Trial 31 (1 in rep 2) data={'study_word': 'Case', 'thisN': 31, 'thisTrialN': 1, 'thisRepN': 2}>
22.3423 	EXP 	text: autoDraw = False
22.3423 	EXP 	slider: autoDraw = False
22.3423 	EXP 	text: height = np.float64(0.05)
22.3423 	EXP 	text: height = np.float64(0.05)
22.3423 	EXP 	text: height = np.float64(0.05)
22.3423 	EXP 	text: text = 'Case'
22.3423 	EXP 	slider: markerPos = None
22.3423 	EXP 	slider: markerPos = None
22.3423 	EXP 	text: autoDraw = True
22.3423 	EXP 	slider: autoDraw = True
22.3614 	DATA 	Mouse: Left button down, pos=(275,159)
22.3751 	EXP 	slider: markerPos = np.float64(1.175)
22.3914 	EXP 	slider: markerPos = np.float64(1.175)
22.4083 	EXP 	slider: markerPos = np.float64(1.175)
22.4243 	EXP 	slider: markerPos = np.float64(1.175)
22.4416 	EXP 	slider: markerPos = np.float64(1.175)
22.4583 	EXP 	slider: markerPos = np.float64(1.175)
22.4748 	EXP 	slider: markerPos = np.float64(1.175)
22.4909 	EXP 	slider: markerPos = np.float64(1.175)
22.5045 	DATA 	Mouse:  Left button up, pos=(275,159)
22.5241 	EXP 	slider: markerPos = np.float64(1.175)
22.5420 	EXP 	slider: markerPos = np.float64(1.175)
22.5428 	EXP 	New trial (rep=2, index=2): <Trial 32 (2 in rep 2) data={'study_word': 'phone', 'thisN': 32, 'thisTrialN': 2, 'thisRepN': 2}>
22.5584 	EXP 	text: autoDraw = False
22.5584 	EXP 	slider: autoDraw = False
22.5584 	EXP 	text: height = np.float64(0.05)
22.5584 	EXP 	text: height = np.float64(0.05)
22.5584 	EXP 	text: height = np.float64(0.05)
22.5584 	EXP 	text: text = 'phone'
22.5584 	EXP 	slider: markerPos = None
22.5584 	EXP 	slider: markerPos = None
22.5584 	EXP 	text: autoDraw = True
22.5584 	EXP 	slider: autoDraw = True
22.5621 	DATA 	Mouse: Left button down, pos=(275,159)
22.5747 	EXP 	slider: markerPos = np.float64(1.175)
22.5911 	EXP 	slider: markerPos = np.float64(1.175)
22.6079 	EXP 	slider: markerPos = np.float64(1.175)
22.6256 	EXP 	slider: markerPos = np.float64(1.175)
22.6417 	EXP 	slider: markerPos = np.float64(1.175)
22.6587 	EXP 	slider: markerPos = np.float64(1.175)
22.6745 	EXP 	slider: markerPos = np.float64(1.175)
22.6910 	EXP 	slider: markerPos = np.float64(1.175)
22.7016 	DATA 	Mouse:  Left button up, pos=(275,159)
22.7238 	EXP 	slider: markerPos = np.float64(1.175)
22.7246 	EXP 	New trial (rep=2, index=3): <Trial 33 (3 in rep 2) data={'study_word': 'T-shirt', 'thisN': 33, 'thisTrialN': 3, 'thisRepN': 2}>
22.7420 	EXP 	text: autoDraw = False
22.7420 	EXP 	slider: autoDraw = False
22.7420 	EXP 	text: height = np.float64(0.05)
22.7420 	EXP 	text: height = np.float64(0.05)
22.7420 	EXP 	text: height = np.float64(0.05)
22.7420 	EXP 	text: text = 'T-shirt'
22.7420 	EXP 	slider: markerPos = None
22.7420 	EXP 	slider: markerPos = None
22.7420 	EXP 	text: autoDraw = True
22.7420 	EXP 	slider: autoDraw = True
22.7616 	DATA 	Mouse: Left button down, pos=(275,159)
22.7752 	EXP 	slider: markerPos = np.float64(1.175)
22.7914 	EXP 	slider: markerPos = np.float64(1.175)
22.8079 	EXP 	slider: markerPos = np.float64(1.175)
22.8244 	EXP 	slider: markerPos = np.float64(1.175)
22.8414 	EXP 	slider: markerPos = np.float64(1.175)
22.8580 	EXP 	slider: markerPos = np.float64(1.175)
22.8743 	EXP 	slider: markerPos = np.float64(1.175)
22.8909 	EXP 	slider: markerPos = np.float64(1.175)
22.9077 	EXP 	slider: markerPos = np.float64(1.175)
22.9243 	EXP 	slider: markerPos = np.float64(1.175)
22.9352 	DATA 	Mouse:  Left button up, pos=(275,159)
22.9569 	EXP 	slider: markerPos = np.float64(1.175)
22.9577 	EXP 	New trial (rep=2, index=4): <Trial 34 (4 in rep 2) data={'study_word': 'book', 'thisN': 34, 'thisTrialN': 4, 'thisRepN': 2}>
22.9751 	EXP 	text: autoDraw = False
22.9751 	EXP 	slider: autoDraw = False
22.9751 	EXP 	text: height = np.float64(0.05)
22.9751 	EXP 	text: height = np.float64(0.05)
22.9751 	EXP 	text: height = np.float64(0.05)
22.9751 	EXP 	text: text = 'book'
22.9751 	EXP 	slider: markerPos = None
22.9751 	EXP 	slider: markerPos = None
22.9751 	EXP 	text: autoDraw = True
22.9751 	EXP 	slider: autoDraw = True
23.2269 	DATA 	Mouse: Left button down, pos=(275,159)
23.2415 	EXP 	slider: markerPos = np.float64(1.175)
23.2581 	EXP 	slider: markerPos = np.float64(1.175)
23.2747 	EXP 	slider: markerPos = np.float64(1.175)
23.2915 	EXP 	slider: markerPos = np.float64(1.175)
23.3082 	EXP 	slider: markerPos = np.float64(1.175)
23.3251 	EXP 	slider: markerPos = np.float64(1.175)
23.3413 	EXP 	slider: markerPos = np.float64(1.175)
23.3581 	EXP 	slider: markerPos = np.float64(1.175)
23.3746 	EXP 	slider: markerPos = np.float64(1.175)
23.3916 	EXP 	slider: markerPos = np.float64(1.175)
23.4086 	EXP 	slider: markerPos = np.float64(1.175)
23.4250 	EXP 	slider: markerPos = np.float64(1.175)
23.4409 	EXP 	slider: markerPos = np.float64(1.175)
23.4497 	DATA 	Mouse:  Left button up, pos=(275,159)
23.4593 	EXP 	slider: markerPos = np.float64(1.175)
23.4605 	EXP 	New trial (rep=2, index=5): <Trial 35 (5 in rep 2) data={'study_word': 'board', 'thisN': 35, 'thisTrialN': 5, 'thisRepN': 2}>
23.4740 	EXP 	text: autoDraw = False
23.4740 	EXP 	slider: autoDraw = False
23.4740 	EXP 	text: height = np.float64(0.05)
23.4740 	EXP 	text: height = np.float64(0.05)
23.4740 	EXP 	text: height = np.float64(0.05)
23.4740 	EXP 	text: text = 'board'
23.4740 	EXP 	slider: markerPos = None
23.4740 	EXP 	slider: markerPos = None
23.4740 	EXP 	text: autoDraw = True
23.4740 	EXP 	slider: autoDraw = True
23.6441 	DATA 	Mouse: Left button down, pos=(275,159)
23.6584 	EXP 	slider: markerPos = np.float64(1.175)
23.6749 	EXP 	slider: markerPos = np.float64(1.175)
23.6920 	EXP 	slider: markerPos = np.float64(1.175)
23.7080 	EXP 	slider: markerPos = np.float64(1.175)
23.7253 	EXP 	slider: markerPos = np.float64(1.175)
23.7411 	EXP 	slider: markerPos = np.float64(1.175)
23.7578 	EXP 	slider: markerPos = np.float64(1.175)
23.7746 	EXP 	slider: markerPos = np.float64(1.175)
23.7911 	EXP 	slider: markerPos = np.float64(1.175)
23.8077 	EXP 	slider: markerPos = np.float64(1.175)
23.8252 	EXP 	slider: markerPos = np.float64(1.175)
23.8414 	EXP 	slider: markerPos = np.float64(1.175)
23.8596 	EXP 	slider: markerPos = np.float64(1.175)
23.8686 	DATA 	Mouse:  Left button up, pos=(275,159)
23.8904 	EXP 	slider: markerPos = np.float64(1.175)
23.8912 	EXP 	New trial (rep=2, index=6): <Trial 36 (6 in rep 2) data={'study_word': 'Poster', 'thisN': 36, 'thisTrialN': 6, 'thisRepN': 2}>
23.9089 	EXP 	text: autoDraw = False
23.9089 	EXP 	slider: autoDraw = False
23.9089 	EXP 	text: height = np.float64(0.05)
23.9089 	EXP 	text: height = np.float64(0.05)
23.9089 	EXP 	text: height = np.float64(0.05)
23.9089 	EXP 	text: text = 'Poster'
23.9089 	EXP 	slider: markerPos = None
23.9089 	EXP 	slider: markerPos = None
23.9089 	EXP 	text: autoDraw = True
23.9089 	EXP 	slider: autoDraw = True
23.9443 	DATA 	Mouse: Left button down, pos=(275,159)
23.9587 	EXP 	slider: markerPos = np.float64(1.175)
23.9751 	EXP 	slider: markerPos = np.float64(1.175)
23.9915 	EXP 	slider: markerPos = np.float64(1.175)
24.0090 	EXP 	slider: markerPos = np.float64(1.175)
24.0253 	EXP 	slider: markerPos = np.float64(1.175)
24.0412 	EXP 	slider: markerPos = np.float64(1.175)
24.0579 	EXP 	slider: markerPos = np.float64(1.175)
24.0779 	EXP 	slider: markerPos = np.float64(1.175)
24.0915 	EXP 	slider: markerPos = np.float64(1.175)
24.1001 	DATA 	Mouse:  Left button up, pos=(275,159)
24.1100 	EXP 	slider: markerPos = np.float64(1.175)
24.1108 	EXP 	New trial (rep=2, index=7): <Trial 37 (7 in rep 2) data={'study_word': 'mouse', 'thisN': 37, 'thisTrialN': 7, 'thisRepN': 2}>
24.1245 	EXP 	text: autoDraw = False
24.1245 	EXP 	slider: autoDraw = False
24.1245 	EXP 	text: height = np.float64(0.05)
24.1245 	EXP 	text: height = np.float64(0.05)
24.1245 	EXP 	text: height = np.float64(0.05)
24.1245 	EXP 	text: text = 'mouse'
24.1245 	EXP 	slider: markerPos = None
24.1245 	EXP 	slider: markerPos = None
24.1245 	EXP 	text: autoDraw = True
24.1245 	EXP 	slider: autoDraw = True
24.1619 	DATA 	Mouse: Left button down, pos=(275,159)
24.1759 	EXP 	slider: markerPos = np.float64(1.175)
24.1921 	EXP 	slider: markerPos = np.float64(1.175)
24.2081 	EXP 	slider: markerPos = np.float64(1.175)
24.2245 	EXP 	slider: markerPos = np.float64(1.175)
24.2417 	EXP 	slider: markerPos = np.float64(1.175)
24.2583 	EXP 	slider: markerPos = np.float64(1.175)
24.2756 	EXP 	slider: markerPos = np.float64(1.175)
24.2920 	EXP 	slider: markerPos = np.float64(1.175)
24.3022 	DATA 	Mouse:  Left button up, pos=(275,159)
24.3240 	EXP 	slider: markerPos = np.float64(1.175)
24.3248 	EXP 	New trial (rep=2, index=8): <Trial 38 (8 in rep 2) data={'study_word': 'Keys', 'thisN': 38, 'thisTrialN': 8, 'thisRepN': 2}>
24.3419 	EXP 	text: autoDraw = False
24.3419 	EXP 	slider: autoDraw = False
24.3419 	EXP 	text: height = np.float64(0.05)
24.3419 	EXP 	text: height = np.float64(0.05)
24.3419 	EXP 	text: height = np.float64(0.05)
24.3419 	EXP 	text: text = 'Keys'
24.3419 	EXP 	slider: markerPos = None
24.3419 	EXP 	slider: markerPos = None
24.3419 	EXP 	text: autoDraw = True
24.3419 	EXP 	slider: autoDraw = True
24.3638 	DATA 	Mouse: Left button down, pos=(275,159)
24.3752 	EXP 	slider: markerPos = np.float64(1.175)
24.3916 	EXP 	slider: markerPos = np.float64(1.175)
24.4079 	EXP 	slider: markerPos = np.float64(1.175)
24.4247 	EXP 	slider: markerPos = np.float64(1.175)
24.4414 	EXP 	slider: markerPos = np.float64(1.175)
24.4582 	EXP 	slider: markerPos = np.float64(1.175)
24.4755 	EXP 	slider: markerPos = np.float64(1.175)
24.4915 	EXP 	slider: markerPos = np.float64(1.175)
24.5094 	EXP 	slider: markerPos = np.float64(1.175)
24.5223 	DATA 	Mouse:  Left button up, pos=(275,159)
24.5409 	EXP 	slider: markerPos = np.float64(1.175)
24.5422 	EXP 	New trial (rep=2, index=9): <Trial 39 (9 in rep 2) data={'study_word': 'marble', 'thisN': 39, 'thisTrialN': 9, 'thisRepN': 2}>
24.5592 	EXP 	text: autoDraw = False
24.5592 	EXP 	slider: autoDraw = False
24.5592 	EXP 	text: height = np.float64(0.05)
24.5592 	EXP 	text: height = np.float64(0.05)
24.5592 	EXP 	text: height = np.float64(0.05)
24.5592 	EXP 	text: text = 'marble'
24.5592 	EXP 	slider: markerPos = None
24.5592 	EXP 	slider: markerPos = None
24.5592 	EXP 	text: autoDraw = True
24.5592 	EXP 	slider: autoDraw = True
24.7143 	DATA 	Mouse: Left button down, pos=(275,159)
24.7267 	EXP 	slider: markerPos = np.float64(1.175)
24.7418 	EXP 	slider: markerPos = np.float64(1.175)
24.7594 	EXP 	slider: markerPos = np.float64(1.175)
24.7752 	EXP 	slider: markerPos = np.float64(1.175)
24.7925 	EXP 	slider: markerPos = np.float64(1.175)
24.8078 	EXP 	slider: markerPos = np.float64(1.175)
24.8245 	EXP 	slider: markerPos = np.float64(1.175)
24.8414 	EXP 	slider: markerPos = np.float64(1.175)
24.8584 	EXP 	slider: markerPos = np.float64(1.175)
24.8754 	EXP 	slider: markerPos = np.float64(1.175)
24.8917 	EXP 	slider: markerPos = np.float64(1.175)
24.9081 	EXP 	slider: markerPos = np.float64(1.175)
24.9159 	DATA 	Mouse:  Left button up, pos=(275,159)
24.9405 	EXP 	slider: markerPos = np.float64(1.175)
24.9413 	EXP 	New trial (rep=2, index=10): <Trial 40 (10 in rep 2) data={'study_word': 'Pastry', 'thisN': 40, 'thisTrialN': 10, 'thisRepN': 2}>
24.9595 	EXP 	text: autoDraw = False
24.9595 	EXP 	slider: autoDraw = False
24.9595 	EXP 	text: height = np.float64(0.05)
24.9595 	EXP 	text: height = np.float64(0.05)
24.9595 	EXP 	text: height = np.float64(0.05)
24.9595 	EXP 	text: text = 'Pastry'
24.9595 	EXP 	slider: markerPos = None
24.9595 	EXP 	slider: markerPos = None
24.9595 	EXP 	text: autoDraw = True
24.9595 	EXP 	slider: autoDraw = True
24.9670 	DATA 	Mouse: Left button down, pos=(275,159)
24.9914 	EXP 	slider: markerPos = np.float64(1.175)
25.0082 	EXP 	slider: markerPos = np.float64(1.175)
25.0247 	EXP 	slider: markerPos = np.float64(1.175)
25.0412 	EXP 	slider: markerPos = np.float64(1.175)
25.0586 	EXP 	slider: markerPos = np.float64(1.175)
25.0773 	EXP 	slider: markerPos = np.float64(1.175)
25.0914 	EXP 	slider: markerPos = np.float64(1.175)
25.1077 	EXP 	slider: markerPos = np.float64(1.175)
25.1244 	EXP 	slider: markerPos = np.float64(1.175)
25.1334 	DATA 	Mouse:  Left button up, pos=(275,159)
25.1570 	EXP 	slider: markerPos = np.float64(1.175)
25.1577 	EXP 	New trial (rep=2, index=11): <Trial 41 (11 in rep 2) data={'study_word': 'Police', 'thisN': 41, 'thisTrialN': 11, 'thisRepN': 2}>
25.1752 	EXP 	text: autoDraw = False
25.1752 	EXP 	slider: autoDraw = False
25.1752 	EXP 	text: height = np.float64(0.05)
25.1752 	EXP 	text: height = np.float64(0.05)
25.1752 	EXP 	text: height = np.float64(0.05)
25.1752 	EXP 	text: text = 'Police'
25.1752 	EXP 	slider: markerPos = None
25.1752 	EXP 	slider: markerPos = None
25.1752 	EXP 	text: autoDraw = True
25.1752 	EXP 	slider: autoDraw = True
25.1786 	DATA 	Mouse: Left button down, pos=(275,159)
25.1923 	EXP 	slider: markerPos = np.float64(1.175)
25.2080 	EXP 	slider: markerPos = np.float64(1.175)
25.2242 	EXP 	slider: markerPos = np.float64(1.175)
25.2415 	EXP 	slider: markerPos = np.float64(1.175)
25.2579 	EXP 	slider: markerPos = np.float64(1.175)
25.2748 	EXP 	slider: markerPos = np.float64(1.175)
25.2913 	EXP 	slider: markerPos = np.float64(1.175)
25.3081 	EXP 	slider: markerPos = np.float64(1.175)
25.3166 	DATA 	Mouse:  Left button up, pos=(275,159)
25.3253 	EXP 	slider: markerPos = np.float64(1.175)
25.3264 	EXP 	New trial (rep=2, index=12): <Trial 42 (12 in rep 2) data={'study_word': 'Laptop', 'thisN': 42, 'thisTrialN': 12, 'thisRepN': 2}>
25.3413 	EXP 	text: autoDraw = False
25.3413 	EXP 	slider: autoDraw = False
25.3413 	EXP 	text: height = np.float64(0.05)
25.3413 	EXP 	text: height = np.float64(0.05)
25.3413 	EXP 	text: height = np.float64(0.05)
25.3413 	EXP 	text: text = 'Laptop'
25.3413 	EXP 	slider: markerPos = None
25.3413 	EXP 	slider: markerPos = None
25.3413 	EXP 	text: autoDraw = True
25.3413 	EXP 	slider: autoDraw = True
25.3624 	DATA 	Mouse: Left button down, pos=(275,159)
25.3748 	EXP 	slider: markerPos = np.float64(1.175)
25.3910 	EXP 	slider: markerPos = np.float64(1.175)
25.4078 	EXP 	slider: markerPos = np.float64(1.175)
25.4246 	EXP 	slider: markerPos = np.float64(1.175)
25.4411 	EXP 	slider: markerPos = np.float64(1.175)
25.4582 	EXP 	slider: markerPos = np.float64(1.175)
25.4745 	EXP 	slider: markerPos = np.float64(1.175)
25.4914 	EXP 	slider: markerPos = np.float64(1.175)
25.5081 	EXP 	slider: markerPos = np.float64(1.175)
25.5106 	DATA 	Mouse:  Left button up, pos=(275,159)
25.5268 	EXP 	slider: markerPos = np.float64(1.175)
25.5277 	EXP 	New trial (rep=2, index=13): <Trial 43 (13 in rep 2) data={'study_word': 'cushion', 'thisN': 43, 'thisTrialN': 13, 'thisRepN': 2}>
25.5415 	EXP 	text: autoDraw = False
25.5415 	EXP 	slider: autoDraw = False
25.5415 	EXP 	text: height = np.float64(0.05)
25.5415 	EXP 	text: height = np.float64(0.05)
25.5415 	EXP 	text: height = np.float64(0.05)
25.5415 	EXP 	text: text = 'cushion'
25.5415 	EXP 	slider: markerPos = None
25.5415 	EXP 	slider: markerPos = None
25.5415 	EXP 	text: autoDraw = True
25.5415 	EXP 	slider: autoDraw = True
25.5633 	DATA 	Mouse: Left button down, pos=(275,159)
25.5913 	EXP 	slider: markerPos = np.float64(1.175)
25.6077 	EXP 	slider: markerPos = np.float64(1.175)
25.6248 	EXP 	slider: markerPos = np.float64(1.175)
25.6413 	EXP 	slider: markerPos = np.float64(1.175)
25.6581 	EXP 	slider: markerPos = np.float64(1.175)
25.6748 	EXP 	slider: markerPos = np.float64(1.175)
25.6912 	EXP 	slider: markerPos = np.float64(1.175)
25.7082 	EXP 	slider: markerPos = np.float64(1.175)
25.7150 	DATA 	Mouse:  Left button up, pos=(275,159)
25.7405 	EXP 	slider: markerPos = np.float64(1.175)
25.7412 	EXP 	New trial (rep=2, index=14): <Trial 44 (14 in rep 2) data={'study_word': 'Chart', 'thisN': 44, 'thisTrialN': 14, 'thisRepN': 2}>
25.7587 	EXP 	text: autoDraw = False
25.7587 	EXP 	slider: autoDraw = False
25.7587 	EXP 	text: height = np.float64(0.05)
25.7587 	EXP 	text: height = np.float64(0.05)
25.7587 	EXP 	text: height = np.float64(0.05)
25.7587 	EXP 	text: text = 'Chart'
25.7587 	EXP 	slider: markerPos = None
25.7587 	EXP 	slider: markerPos = None
25.7587 	EXP 	text: autoDraw = True
25.7587 	EXP 	slider: autoDraw = True
25.7769 	DATA 	Mouse: Left button down, pos=(275,159)
25.7914 	EXP 	slider: markerPos = np.float64(1.175)
25.8080 	EXP 	slider: markerPos = np.float64(1.175)
25.8248 	EXP 	slider: markerPos = np.float64(1.175)
25.8411 	EXP 	slider: markerPos = np.float64(1.175)
25.8580 	EXP 	slider: markerPos = np.float64(1.175)
25.8748 	EXP 	slider: markerPos = np.float64(1.175)
25.8913 	EXP 	slider: markerPos = np.float64(1.175)
25.9081 	EXP 	slider: markerPos = np.float64(1.175)
25.9157 	DATA 	Mouse:  Left button up, pos=(275,159)
25.9266 	EXP 	slider: markerPos = np.float64(1.175)
25.9417 	EXP 	slider: markerPos = np.float64(1.175)
25.9430 	EXP 	New trial (rep=3, index=0): <Trial 45 (0 in rep 3) data={'study_word': 'Poster', 'thisN': 45, 'thisTrialN': 0, 'thisRepN': 3}>
25.9577 	EXP 	text: autoDraw = False
25.9577 	EXP 	slider: autoDraw = False
25.9577 	EXP 	text: height = np.float64(0.05)
25.9577 	EXP 	text: height = np.float64(0.05)
25.9577 	EXP 	text: height = np.float64(0.05)
25.9577 	EXP 	text: text = 'Poster'
25.9577 	EXP 	slider: markerPos = None
25.9577 	EXP 	slider: markerPos = None
25.9577 	EXP 	text: autoDraw = True
25.9577 	EXP 	slider: autoDraw = True
25.9812 	DATA 	Mouse: Left button down, pos=(275,159)
26.0076 	EXP 	slider: markerPos = np.float64(1.175)
26.0244 	EXP 	slider: markerPos = np.float64(1.175)
26.0411 	EXP 	slider: markerPos = np.float64(1.175)
26.0581 	EXP 	slider: markerPos = np.float64(1.175)
26.0763 	EXP 	slider: markerPos = np.float64(1.175)
26.0909 	EXP 	slider: markerPos = np.float64(1.175)
26.1082 	EXP 	slider: markerPos = np.float64(1.175)
26.1245 	EXP 	slider: markerPos = np.float64(1.175)
26.1318 	DATA 	Mouse:  Left button up, pos=(275,159)
26.1426 	EXP 	slider: markerPos = np.float64(1.175)
26.1433 	EXP 	New trial (rep=3, index=1): <Trial 46 (1 in rep 3) data={'study_word': 'marble', 'thisN': 46, 'thisTrialN': 1, 'thisRepN': 3}>
26.1583 	EXP 	text: autoDraw = False
26.1583 	EXP 	slider: autoDraw = False
26.1583 	EXP 	text: height = np.float64(0.05)
26.1583 	EXP 	text: height = np.float64(0.05)
26.1583 	EXP 	text: height = np.float64(0.05)
26.1583 	EXP 	text: text = 'marble'
26.1583 	EXP 	slider: markerPos = None
26.1583 	EXP 	slider: markerPos = None
26.1583 	EXP 	text: autoDraw = True
26.1583 	EXP 	slider: autoDraw = True
26.2101 	DATA 	Mouse: Left button down, pos=(275,159)
26.2251 	EXP 	slider: markerPos = np.float64(1.175)
26.2416 	EXP 	slider: markerPos = np.float64(1.175)
26.2582 	EXP 	slider: markerPos = np.float64(1.175)
26.2747 	EXP 	slider: markerPos = np.float64(1.175)
26.2921 	EXP 	slider: markerPos = np.float64(1.175)
26.3084 	EXP 	slider: markerPos = np.float64(1.175)
26.3179 	DATA 	Mouse:  Left button up, pos=(275,159)
26.3261 	EXP 	slider: markerPos = np.float64(1.175)
26.3274 	EXP 	New trial (rep=3, index=2): <Trial 47 (2 in rep 3) data={'study_word': 'Police', 'thisN': 47, 'thisTrialN': 2, 'thisRepN': 3}>
26.3420 	EXP 	text: autoDraw = False
26.3420 	EXP 	slider: autoDraw = False
26.3420 	EXP 	text: height = np.float64(0.05)
26.3420 	EXP 	text: height = np.float64(0.05)
26.3420 	EXP 	text: height = np.float64(0.05)
26.3420 	EXP 	text: text = 'Police'
26.3420 	EXP 	slider: markerPos = None
26.3420 	EXP 	slider: markerPos = None
26.3420 	EXP 	text: autoDraw = True
26.3420 	EXP 	slider: autoDraw = True
26.3630 	DATA 	Mouse: Left button down, pos=(275,159)
26.3745 	EXP 	slider: markerPos = np.float64(1.175)
26.3912 	EXP 	slider: markerPos = np.float64(1.175)
26.4080 	EXP 	slider: markerPos = np.float64(1.175)
26.4253 	EXP 	slider: markerPos = np.float64(1.175)
26.4415 	EXP 	slider: markerPos = np.float64(1.175)
26.4584 	EXP 	slider: markerPos = np.float64(1.175)
26.4751 	EXP 	slider: markerPos = np.float64(1.175)
26.4916 	EXP 	slider: markerPos = np.float64(1.175)
26.5068 	DATA 	Mouse:  Left button up, pos=(275,159)
26.5239 	EXP 	slider: markerPos = np.float64(1.175)
26.5424 	EXP 	slider: markerPos = np.float64(1.175)
26.5431 	EXP 	New trial (rep=3, index=3): <Trial 48 (3 in rep 3) data={'study_word': 'mouse', 'thisN': 48, 'thisTrialN': 3, 'thisRepN': 3}>
26.5485 	DATA 	Mouse: Left button down, pos=(275,159)
26.5586 	EXP 	text: autoDraw = False
26.5586 	EXP 	slider: autoDraw = False
26.5586 	EXP 	text: height = np.float64(0.05)
26.5586 	EXP 	text: height = np.float64(0.05)
26.5586 	EXP 	text: height = np.float64(0.05)
26.5586 	EXP 	text: text = 'mouse'
26.5586 	EXP 	slider: markerPos = None
26.5586 	EXP 	slider: markerPos = None
26.5586 	EXP 	text: autoDraw = True
26.5586 	EXP 	slider: autoDraw = True
26.5586 	EXP 	slider: markerPos = np.float64(1.175)
26.5746 	EXP 	slider: markerPos = np.float64(1.175)
26.5913 	EXP 	slider: markerPos = np.float64(1.175)
26.6078 	EXP 	slider: markerPos = np.float64(1.175)
26.6243 	EXP 	slider: markerPos = np.float64(1.175)
26.6410 	EXP 	slider: markerPos = np.float64(1.175)
26.6583 	EXP 	slider: markerPos = np.float64(1.175)
26.6678 	DATA 	Mouse:  Left button up, pos=(275,159)
26.6764 	EXP 	slider: markerPos = np.float64(1.175)
26.6915 	EXP 	slider: markerPos = np.float64(1.175)
26.6923 	EXP 	New trial (rep=3, index=4): <Trial 49 (4 in rep 3) data={'study_word': 'book', 'thisN': 49, 'thisTrialN': 4, 'thisRepN': 3}>
26.7084 	EXP 	text: autoDraw = False
26.7084 	EXP 	slider: autoDraw = False
26.7084 	EXP 	text: height = np.float64(0.05)
26.7084 	EXP 	text: height = np.float64(0.05)
26.7084 	EXP 	text: height = np.float64(0.05)
26.7084 	EXP 	text: text = 'book'
26.7084 	EXP 	slider: markerPos = None
26.7084 	EXP 	slider: markerPos = None
26.7084 	EXP 	text: autoDraw = True
26.7084 	EXP 	slider: autoDraw = True
26.7289 	DATA 	Mouse: Left button down, pos=(275,159)
26.7416 	EXP 	slider: markerPos = np.float64(1.175)
26.7583 	EXP 	slider: markerPos = np.float64(1.175)
26.7750 	EXP 	slider: markerPos = np.float64(1.175)
26.7915 	EXP 	slider: markerPos = np.float64(1.175)
26.8085 	EXP 	slider: markerPos = np.float64(1.175)
26.8243 	EXP 	slider: markerPos = np.float64(1.175)
26.8416 	EXP 	slider: markerPos = np.float64(1.175)
26.8579 	EXP 	slider: markerPos = np.float64(1.175)
26.8748 	EXP 	slider: markerPos = np.float64(1.175)
26.8929 	EXP 	slider: markerPos = np.float64(1.175)
26.9082 	EXP 	slider: markerPos = np.float64(1.175)
26.9254 	EXP 	slider: markerPos = np.float64(1.255)
26.9580 	EXP 	slider: markerPos = np.float64(1.565)
26.9740 	EXP 	slider: markerPos = np.float64(1.99)
26.9844 	EXP 	slider: markerPos = np.float64(2.15)
26.9991 	EXP 	slider: markerPos = np.float64(2.2800000000000002)
27.0153 	EXP 	slider: markerPos = np.float64(2.41)
27.0323 	EXP 	slider: markerPos = np.float64(2.495)
27.0409 	EXP 	slider: markerPos = np.float64(2.615)
27.0571 	EXP 	slider: markerPos = np.float64(2.64)
27.0748 	EXP 	slider: markerPos = np.float64(2.705)
27.0830 	EXP 	slider: markerPos = np.float64(2.7800000000000002)
27.0988 	EXP 	slider: markerPos = np.float64(2.795)
27.1156 	EXP 	slider: markerPos = np.float64(2.815)
27.1250 	EXP 	slider: markerPos = np.float64(2.8200000000000003)
27.1405 	EXP 	slider: markerPos = np.float64(2.825)
27.1505 	EXP 	slider: markerPos = np.float64(2.825)
27.1583 	EXP 	slider: markerPos = np.float64(2.825)
27.1664 	EXP 	slider: markerPos = np.float64(2.825)
27.1751 	EXP 	slider: markerPos = np.float64(2.825)
27.1836 	EXP 	slider: markerPos = np.float64(2.825)
27.1911 	EXP 	slider: markerPos = np.float64(2.825)
27.2009 	EXP 	slider: markerPos = np.float64(2.825)
27.2157 	EXP 	slider: markerPos = np.float64(2.825)
27.2321 	EXP 	slider: markerPos = np.float64(2.825)
27.2495 	EXP 	slider: markerPos = np.float64(2.825)
27.2662 	EXP 	slider: markerPos = np.float64(2.825)
27.2746 	EXP 	slider: markerPos = np.float64(2.825)
27.2827 	EXP 	slider: markerPos = np.float64(2.825)
27.2910 	EXP 	slider: markerPos = np.float64(2.825)
27.2997 	EXP 	slider: markerPos = np.float64(2.825)
27.3154 	EXP 	slider: markerPos = np.float64(2.8200000000000003)
27.3319 	DATA 	Mouse:  Left button up, pos=(600,166)
27.3408 	EXP 	slider: markerPos = np.float64(2.815)
27.3498 	EXP 	slider: markerPos = np.float64(2.815)
27.3506 	EXP 	New trial (rep=3, index=5): <Trial 50 (5 in rep 3) data={'study_word': 'Cruise', 'thisN': 50, 'thisTrialN': 5, 'thisRepN': 3}>
27.3581 	EXP 	text: autoDraw = False
27.3581 	EXP 	slider: autoDraw = False
27.3581 	EXP 	text: height = np.float64(0.05)
27.3581 	EXP 	text: height = np.float64(0.05)
27.3581 	EXP 	text: height = np.float64(0.05)
27.3581 	EXP 	text: text = 'Cruise'
27.3581 	EXP 	slider: markerPos = None
27.3581 	EXP 	slider: markerPos = None
27.3581 	EXP 	text: autoDraw = True
27.3581 	EXP 	slider: autoDraw = True
27.5044 	DATA 	Mouse: Left button down, pos=(600,166)
27.5167 	EXP 	slider: markerPos = np.float64(2.8)
27.5332 	EXP 	slider: markerPos = np.float64(2.8)
27.5495 	EXP 	slider: markerPos = np.float64(2.8)
27.5669 	EXP 	slider: markerPos = np.float64(2.8)
27.5832 	EXP 	slider: markerPos = np.float64(2.8)
27.5998 	EXP 	slider: markerPos = np.float64(2.8)
27.6161 	EXP 	slider: markerPos = np.float64(2.8)
27.6327 	EXP 	slider: markerPos = np.float64(2.8)
27.6503 	EXP 	slider: markerPos = np.float64(2.8)
27.6667 	EXP 	slider: markerPos = np.float64(2.8)
27.6832 	EXP 	slider: markerPos = np.float64(2.8)
27.7003 	EXP 	slider: markerPos = np.float64(2.8)
27.7164 	EXP 	slider: markerPos = np.float64(2.8)
27.7264 	DATA 	Mouse:  Left button up, pos=(600,166)
27.7491 	EXP 	slider: markerPos = np.float64(2.8)
27.7499 	EXP 	New trial (rep=3, index=6): <Trial 51 (6 in rep 3) data={'study_word': 'T-shirt', 'thisN': 51, 'thisTrialN': 6, 'thisRepN': 3}>
27.7684 	EXP 	text: autoDraw = False
27.7684 	EXP 	slider: autoDraw = False
27.7684 	EXP 	text: height = np.float64(0.05)
27.7684 	EXP 	text: height = np.float64(0.05)
27.7684 	EXP 	text: height = np.float64(0.05)
27.7684 	EXP 	text: text = 'T-shirt'
27.7684 	EXP 	slider: markerPos = None
27.7684 	EXP 	slider: markerPos = None
27.7684 	EXP 	text: autoDraw = True
27.7684 	EXP 	slider: autoDraw = True
27.8042 	DATA 	Mouse: Left button down, pos=(600,166)
27.8175 	EXP 	slider: markerPos = np.float64(2.8)
27.8338 	EXP 	slider: markerPos = np.float64(2.8)
27.8499 	EXP 	slider: markerPos = np.float64(2.8)
27.8674 	EXP 	slider: markerPos = np.float64(2.8)
27.8841 	EXP 	slider: markerPos = np.float64(2.8)
27.9015 	EXP 	slider: markerPos = np.float64(2.8)
27.9172 	EXP 	slider: markerPos = np.float64(2.8)
27.9206 	DATA 	Mouse:  Left button up, pos=(600,166)
27.9351 	EXP 	slider: markerPos = np.float64(2.8)
27.9372 	EXP 	New trial (rep=3, index=7): <Trial 52 (7 in rep 3) data={'study_word': 'Keys', 'thisN': 52, 'thisTrialN': 7, 'thisRepN': 3}>
27.9660 	EXP 	text: autoDraw = False
27.9660 	EXP 	slider: autoDraw = False
27.9660 	EXP 	text: height = np.float64(0.05)
27.9660 	EXP 	text: height = np.float64(0.05)
27.9660 	EXP 	text: height = np.float64(0.05)
27.9660 	EXP 	text: text = 'Keys'
27.9660 	EXP 	slider: markerPos = None
27.9660 	EXP 	slider: markerPos = None
27.9660 	EXP 	text: autoDraw = True
27.9660 	EXP 	slider: autoDraw = True
27.9719 	DATA 	Mouse: Left button down, pos=(600,166)
27.9847 	EXP 	slider: markerPos = np.float64(2.8)
28.0002 	EXP 	slider: markerPos = np.float64(2.8)
28.0171 	EXP 	slider: markerPos = np.float64(2.8)
28.0338 	EXP 	slider: markerPos = np.float64(2.8)
28.0503 	EXP 	slider: markerPos = np.float64(2.8)
28.0672 	EXP 	slider: markerPos = np.float64(2.8)
28.0844 	EXP 	slider: markerPos = np.float64(2.8)
28.1012 	EXP 	slider: markerPos = np.float64(2.8)
28.1170 	EXP 	slider: markerPos = np.float64(2.8)
28.1221 	DATA 	Mouse:  Left button up, pos=(600,166)
28.1356 	EXP 	slider: markerPos = np.float64(2.8)
28.1369 	EXP 	New trial (rep=3, index=8): <Trial 53 (8 in rep 3) data={'study_word': 'cushion', 'thisN': 53, 'thisTrialN': 8, 'thisRepN': 3}>
28.1501 	EXP 	text: autoDraw = False
28.1501 	EXP 	slider: autoDraw = False
28.1501 	EXP 	text: height = np.float64(0.05)
28.1501 	EXP 	text: height = np.float64(0.05)
28.1501 	EXP 	text: height = np.float64(0.05)
28.1501 	EXP 	text: text = 'cushion'
28.1501 	EXP 	slider: markerPos = None
28.1501 	EXP 	slider: markerPos = None
28.1501 	EXP 	text: autoDraw = True
28.1501 	EXP 	slider: autoDraw = True
28.1762 	DATA 	Mouse: Left button down, pos=(600,166)
28.1997 	EXP 	slider: markerPos = np.float64(2.8)
28.2164 	EXP 	slider: markerPos = np.float64(2.8)
28.2333 	EXP 	slider: markerPos = np.float64(2.8)
28.2500 	EXP 	slider: markerPos = np.float64(2.8)
28.2674 	EXP 	slider: markerPos = np.float64(2.8)
28.2838 	EXP 	slider: markerPos = np.float64(2.8)
28.3001 	EXP 	slider: markerPos = np.float64(2.8)
28.3177 	EXP 	slider: markerPos = np.float64(2.8)
28.3332 	EXP 	slider: markerPos = np.float64(2.8)
28.3357 	DATA 	Mouse:  Left button up, pos=(600,166)
28.3538 	EXP 	slider: markerPos = np.float64(2.8)
28.3546 	EXP 	New trial (rep=3, index=9): <Trial 54 (9 in rep 3) data={'study_word': 'board', 'thisN': 54, 'thisTrialN': 9, 'thisRepN': 3}>
28.3669 	EXP 	text: autoDraw = False
28.3669 	EXP 	slider: autoDraw = False
28.3669 	EXP 	text: height = np.float64(0.05)
28.3669 	EXP 	text: height = np.float64(0.05)
28.3669 	EXP 	text: height = np.float64(0.05)
28.3669 	EXP 	text: text = 'board'
28.3669 	EXP 	slider: markerPos = None
28.3669 	EXP 	slider: markerPos = None
28.3669 	EXP 	text: autoDraw = True
28.3669 	EXP 	slider: autoDraw = True
28.4046 	DATA 	Mouse: Left button down, pos=(600,166)
28.4172 	EXP 	slider: markerPos = np.float64(2.8)
28.4343 	EXP 	slider: markerPos = np.float64(2.8)
28.4507 	EXP 	slider: markerPos = np.float64(2.8)
28.4670 	EXP 	slider: markerPos = np.float64(2.8)
28.4834 	EXP 	slider: markerPos = np.float64(2.8)
28.5016 	EXP 	slider: markerPos = np.float64(2.8)
28.5114 	DATA 	Mouse:  Left button up, pos=(600,166)
28.5186 	EXP 	slider: markerPos = np.float64(2.8)
28.5331 	EXP 	slider: markerPos = np.float64(2.8)
28.5338 	EXP 	New trial (rep=3, index=10): <Trial 55 (10 in rep 3) data={'study_word': 'Case', 'thisN': 55, 'thisTrialN': 10, 'thisRepN': 3}>
28.5511 	EXP 	text: autoDraw = False
28.5511 	EXP 	slider: autoDraw = False
28.5511 	EXP 	text: height = np.float64(0.05)
28.5511 	EXP 	text: height = np.float64(0.05)
28.5511 	EXP 	text: height = np.float64(0.05)
28.5511 	EXP 	text: text = 'Case'
28.5511 	EXP 	slider: markerPos = None
28.5511 	EXP 	slider: markerPos = None
28.5511 	EXP 	text: autoDraw = True
28.5511 	EXP 	slider: autoDraw = True
28.5683 	DATA 	Mouse: Left button down, pos=(600,166)
28.5846 	EXP 	slider: markerPos = np.float64(2.8)
28.6007 	EXP 	slider: markerPos = np.float64(2.8)
28.6172 	EXP 	slider: markerPos = np.float64(2.8)
28.6340 	EXP 	slider: markerPos = np.float64(2.8)
28.6505 	EXP 	slider: markerPos = np.float64(2.8)
28.6676 	EXP 	slider: markerPos = np.float64(2.8)
28.6840 	EXP 	slider: markerPos = np.float64(2.8)
28.7003 	EXP 	slider: markerPos = np.float64(2.8)
28.7063 	DATA 	Mouse:  Left button up, pos=(600,166)
28.7180 	EXP 	slider: markerPos = np.float64(2.8)
28.7329 	EXP 	slider: markerPos = np.float64(2.8)
28.7340 	EXP 	New trial (rep=3, index=11): <Trial 56 (11 in rep 3) data={'study_word': 'Laptop', 'thisN': 56, 'thisTrialN': 11, 'thisRepN': 3}>
28.7509 	EXP 	text: autoDraw = False
28.7509 	EXP 	slider: autoDraw = False
28.7509 	EXP 	text: height = np.float64(0.05)
28.7509 	EXP 	text: height = np.float64(0.05)
28.7509 	EXP 	text: height = np.float64(0.05)
28.7509 	EXP 	text: text = 'Laptop'
28.7509 	EXP 	slider: markerPos = None
28.7509 	EXP 	slider: markerPos = None
28.7509 	EXP 	text: autoDraw = True
28.7509 	EXP 	slider: autoDraw = True
28.7718 	DATA 	Mouse: Left button down, pos=(600,166)
28.7834 	EXP 	slider: markerPos = np.float64(2.8)
28.7999 	EXP 	slider: markerPos = np.float64(2.8)
28.8164 	EXP 	slider: markerPos = np.float64(2.8)
28.8332 	EXP 	slider: markerPos = np.float64(2.8)
28.8500 	EXP 	slider: markerPos = np.float64(2.8)
28.8668 	EXP 	slider: markerPos = np.float64(2.8)
28.8714 	DATA 	Mouse:  Left button up, pos=(600,166)
28.8839 	EXP 	slider: markerPos = np.float64(2.8)
28.8847 	EXP 	New trial (rep=3, index=12): <Trial 57 (12 in rep 3) data={'study_word': 'Pastry', 'thisN': 57, 'thisTrialN': 12, 'thisRepN': 3}>
28.8999 	EXP 	text: autoDraw = False
28.8999 	EXP 	slider: autoDraw = False
28.8999 	EXP 	text: height = np.float64(0.05)
28.8999 	EXP 	text: height = np.float64(0.05)
28.8999 	EXP 	text: height = np.float64(0.05)
28.8999 	EXP 	text: text = 'Pastry'
28.8999 	EXP 	slider: markerPos = None
28.8999 	EXP 	slider: markerPos = None
28.8999 	EXP 	text: autoDraw = True
28.8999 	EXP 	slider: autoDraw = True
28.9388 	DATA 	Mouse: Left button down, pos=(600,166)
28.9500 	EXP 	slider: markerPos = np.float64(2.8)
28.9666 	EXP 	slider: markerPos = np.float64(2.8)
28.9831 	EXP 	slider: markerPos = np.float64(2.8)
29.0000 	EXP 	slider: markerPos = np.float64(2.8)
29.0166 	EXP 	slider: markerPos = np.float64(2.8)
29.0330 	EXP 	slider: markerPos = np.float64(2.8)
29.0499 	EXP 	slider: markerPos = np.float64(2.8)
29.0672 	EXP 	slider: markerPos = np.float64(2.8)
29.0831 	EXP 	slider: markerPos = np.float64(2.8)
29.0993 	EXP 	slider: markerPos = np.float64(2.8)
29.1108 	DATA 	Mouse:  Left button up, pos=(600,166)
29.1181 	EXP 	slider: markerPos = np.float64(2.8)
29.1337 	EXP 	slider: markerPos = np.float64(2.8)
29.1346 	EXP 	New trial (rep=3, index=13): <Trial 58 (13 in rep 3) data={'study_word': 'Chart', 'thisN': 58, 'thisTrialN': 13, 'thisRepN': 3}>
29.1502 	EXP 	text: autoDraw = False
29.1502 	EXP 	slider: autoDraw = False
29.1502 	EXP 	text: height = np.float64(0.05)
29.1502 	EXP 	text: height = np.float64(0.05)
29.1502 	EXP 	text: height = np.float64(0.05)
29.1502 	EXP 	text: text = 'Chart'
29.1502 	EXP 	slider: markerPos = None
29.1502 	EXP 	slider: markerPos = None
29.1502 	EXP 	text: autoDraw = True
29.1502 	EXP 	slider: autoDraw = True
29.1713 	DATA 	Mouse: Left button down, pos=(600,166)
29.1840 	EXP 	slider: markerPos = np.float64(2.8)
29.2002 	EXP 	slider: markerPos = np.float64(2.8)
29.2164 	EXP 	slider: markerPos = np.float64(2.8)
29.2333 	EXP 	slider: markerPos = np.float64(2.8)
29.2498 	EXP 	slider: markerPos = np.float64(2.8)
29.2665 	EXP 	slider: markerPos = np.float64(2.8)
29.2827 	EXP 	slider: markerPos = np.float64(2.8)
29.2994 	EXP 	slider: markerPos = np.float64(2.8)
29.3169 	EXP 	slider: markerPos = np.float64(2.8)
29.3338 	EXP 	slider: markerPos = np.float64(2.8)
29.3500 	EXP 	slider: markerPos = np.float64(2.8)
29.3664 	EXP 	slider: markerPos = np.float64(2.8)
29.3710 	DATA 	Mouse:  Left button up, pos=(600,166)
29.3836 	EXP 	slider: markerPos = np.float64(2.8)
29.3844 	EXP 	New trial (rep=3, index=14): <Trial 59 (14 in rep 3) data={'study_word': 'phone', 'thisN': 59, 'thisTrialN': 14, 'thisRepN': 3}>
29.4005 	EXP 	text: autoDraw = False
29.4005 	EXP 	slider: autoDraw = False
29.4005 	EXP 	text: height = np.float64(0.05)
29.4005 	EXP 	text: height = np.float64(0.05)
29.4005 	EXP 	text: height = np.float64(0.05)
29.4005 	EXP 	text: text = 'phone'
29.4005 	EXP 	slider: markerPos = None
29.4005 	EXP 	slider: markerPos = None
29.4005 	EXP 	text: autoDraw = True
29.4005 	EXP 	slider: autoDraw = True
29.4375 	DATA 	Mouse: Left button down, pos=(600,166)
29.4502 	EXP 	slider: markerPos = np.float64(2.8)
29.4661 	EXP 	slider: markerPos = np.float64(2.8)
29.4829 	EXP 	slider: markerPos = np.float64(2.8)
29.4994 	EXP 	slider: markerPos = np.float64(2.8)
29.5168 	EXP 	slider: markerPos = np.float64(2.8)
29.5353 	EXP 	slider: markerPos = np.float64(2.8)
29.5504 	EXP 	slider: markerPos = np.float64(2.8)
29.5667 	DATA 	Mouse:  Left button up, pos=(600,166)
29.5823 	EXP 	slider: markerPos = np.float64(2.8)
29.6014 	EXP 	slider: markerPos = np.float64(2.8)
29.6023 	EXP 	New trial (rep=4, index=0): <Trial 60 (0 in rep 4) data={'study_word': 'Cruise', 'thisN': 60, 'thisTrialN': 0, 'thisRepN': 4}>
29.6169 	EXP 	text: autoDraw = False
29.6169 	EXP 	slider: autoDraw = False
29.6169 	EXP 	text: height = np.float64(0.05)
29.6169 	EXP 	text: height = np.float64(0.05)
29.6169 	EXP 	text: height = np.float64(0.05)
29.6169 	EXP 	text: text = 'Cruise'
29.6169 	EXP 	slider: markerPos = None
29.6169 	EXP 	slider: markerPos = None
29.6169 	EXP 	text: autoDraw = True
29.6169 	EXP 	slider: autoDraw = True
29.6223 	DATA 	Mouse: Left button down, pos=(600,166)
29.6350 	EXP 	slider: markerPos = np.float64(2.8)
29.6500 	EXP 	slider: markerPos = np.float64(2.8)
29.6681 	EXP 	slider: markerPos = np.float64(2.8)
29.6837 	EXP 	slider: markerPos = np.float64(2.8)
29.6998 	EXP 	slider: markerPos = np.float64(2.8)
29.7162 	EXP 	slider: markerPos = np.float64(2.8)
29.7331 	EXP 	slider: markerPos = np.float64(2.8)
29.7498 	EXP 	slider: markerPos = np.float64(2.8)
29.7663 	EXP 	slider: markerPos = np.float64(2.8)
29.7831 	EXP 	slider: markerPos = np.float64(2.8)
29.7853 	DATA 	Mouse:  Left button up, pos=(600,166)
29.8006 	EXP 	slider: markerPos = np.float64(2.8)
29.8014 	EXP 	New trial (rep=4, index=1): <Trial 61 (1 in rep 4) data={'study_word': 'cushion', 'thisN': 61, 'thisTrialN': 1, 'thisRepN': 4}>
29.8171 	EXP 	text: autoDraw = False
29.8171 	EXP 	slider: autoDraw = False
29.8171 	EXP 	text: height = np.float64(0.05)
29.8171 	EXP 	text: height = np.float64(0.05)
29.8171 	EXP 	text: height = np.float64(0.05)
29.8171 	EXP 	text: text = 'cushion'
29.8171 	EXP 	slider: markerPos = None
29.8171 	EXP 	slider: markerPos = None
29.8171 	EXP 	text: autoDraw = True
29.8171 	EXP 	slider: autoDraw = True
30.8777 	DATA 	Mouse: Left button down, pos=(466,162)
30.8919 	EXP 	slider: markerPos = np.float64(2.13)
30.9081 	EXP 	slider: markerPos = np.float64(2.13)
30.9246 	EXP 	slider: markerPos = np.float64(2.13)
30.9415 	EXP 	slider: markerPos = np.float64(2.13)
30.9581 	EXP 	slider: markerPos = np.float64(2.13)
30.9750 	EXP 	slider: markerPos = np.float64(2.13)
30.9914 	EXP 	slider: markerPos = np.float64(2.13)
31.0081 	EXP 	slider: markerPos = np.float64(2.13)
31.0250 	EXP 	slider: markerPos = np.float64(2.13)
31.0417 	EXP 	slider: markerPos = np.float64(2.13)
31.0583 	EXP 	slider: markerPos = np.float64(2.13)
31.0619 	DATA 	Mouse:  Left button up, pos=(466,162)
31.0796 	EXP 	slider: markerPos = np.float64(2.13)
31.0805 	EXP 	New trial (rep=4, index=2): <Trial 62 (2 in rep 4) data={'study_word': 'Chart', 'thisN': 62, 'thisTrialN': 2, 'thisRepN': 4}>
31.1072 	EXP 	text: autoDraw = False
31.1072 	EXP 	slider: autoDraw = False
31.1072 	EXP 	text: height = np.float64(0.05)
31.1072 	EXP 	text: height = np.float64(0.05)
31.1072 	EXP 	text: height = np.float64(0.05)
31.1072 	EXP 	text: text = 'Chart'
31.1072 	EXP 	slider: markerPos = None
31.1072 	EXP 	slider: markerPos = None
31.1072 	EXP 	text: autoDraw = True
31.1072 	EXP 	slider: autoDraw = True
31.1109 	DATA 	Mouse: Left button down, pos=(466,162)
31.1416 	EXP 	slider: markerPos = np.float64(2.13)
31.1586 	EXP 	slider: markerPos = np.float64(2.13)
31.1743 	EXP 	slider: markerPos = np.float64(2.13)
31.1913 	EXP 	slider: markerPos = np.float64(2.13)
31.2077 	EXP 	slider: markerPos = np.float64(2.13)
31.2251 	EXP 	slider: markerPos = np.float64(2.13)
31.2417 	EXP 	slider: markerPos = np.float64(2.13)
31.2582 	EXP 	slider: markerPos = np.float64(2.13)
31.2749 	EXP 	slider: markerPos = np.float64(2.13)
31.2794 	DATA 	Mouse:  Left button up, pos=(466,162)
31.2922 	EXP 	slider: markerPos = np.float64(2.13)
31.2930 	EXP 	New trial (rep=4, index=3): <Trial 63 (3 in rep 4) data={'study_word': 'mouse', 'thisN': 63, 'thisTrialN': 3, 'thisRepN': 4}>
31.3082 	EXP 	text: autoDraw = False
31.3082 	EXP 	slider: autoDraw = False
31.3082 	EXP 	text: height = np.float64(0.05)
31.3082 	EXP 	text: height = np.float64(0.05)
31.3082 	EXP 	text: height = np.float64(0.05)
31.3082 	EXP 	text: text = 'mouse'
31.3082 	EXP 	slider: markerPos = None
31.3082 	EXP 	slider: markerPos = None
31.3082 	EXP 	text: autoDraw = True
31.3082 	EXP 	slider: autoDraw = True
31.3438 	DATA 	Mouse: Left button down, pos=(466,162)
31.3585 	EXP 	slider: markerPos = np.float64(2.13)
31.3745 	EXP 	slider: markerPos = np.float64(2.13)
31.3913 	EXP 	slider: markerPos = np.float64(2.13)
31.4085 	EXP 	slider: markerPos = np.float64(2.13)
31.4250 	EXP 	slider: markerPos = np.float64(2.13)
31.4413 	EXP 	slider: markerPos = np.float64(2.13)
31.4580 	EXP 	slider: markerPos = np.float64(2.13)
31.4608 	DATA 	Mouse:  Left button up, pos=(466,162)
31.4752 	EXP 	slider: markerPos = np.float64(2.13)
31.4760 	EXP 	New trial (rep=4, index=4): <Trial 64 (4 in rep 4) data={'study_word': 'T-shirt', 'thisN': 64, 'thisTrialN': 4, 'thisRepN': 4}>
31.4912 	EXP 	text: autoDraw = False
31.4912 	EXP 	slider: autoDraw = False
31.4912 	EXP 	text: height = np.float64(0.05)
31.4912 	EXP 	text: height = np.float64(0.05)
31.4912 	EXP 	text: height = np.float64(0.05)
31.4912 	EXP 	text: text = 'T-shirt'
31.4912 	EXP 	slider: markerPos = None
31.4912 	EXP 	slider: markerPos = None
31.4912 	EXP 	text: autoDraw = True
31.4912 	EXP 	slider: autoDraw = True
31.6768 	DATA 	Mouse: Left button down, pos=(466,162)
31.6919 	EXP 	slider: markerPos = np.float64(2.13)
31.7082 	EXP 	slider: markerPos = np.float64(2.13)
31.7248 	EXP 	slider: markerPos = np.float64(2.13)
31.7414 	EXP 	slider: markerPos = np.float64(2.13)
31.7590 	EXP 	slider: markerPos = np.float64(2.13)
31.7747 	EXP 	slider: markerPos = np.float64(2.13)
31.7915 	EXP 	slider: markerPos = np.float64(2.13)
31.8085 	EXP 	slider: markerPos = np.float64(2.13)
31.8248 	EXP 	slider: markerPos = np.float64(2.13)
31.8409 	EXP 	slider: markerPos = np.float64(2.13)
31.8581 	EXP 	slider: markerPos = np.float64(2.13)
31.8605 	DATA 	Mouse:  Left button up, pos=(466,162)
31.8755 	EXP 	slider: markerPos = np.float64(2.13)
31.8763 	EXP 	New trial (rep=4, index=5): <Trial 65 (5 in rep 4) data={'study_word': 'board', 'thisN': 65, 'thisTrialN': 5, 'thisRepN': 4}>
31.8917 	EXP 	text: autoDraw = False
31.8917 	EXP 	slider: autoDraw = False
31.8917 	EXP 	text: height = np.float64(0.05)
31.8917 	EXP 	text: height = np.float64(0.05)
31.8917 	EXP 	text: height = np.float64(0.05)
31.8917 	EXP 	text: text = 'board'
31.8917 	EXP 	slider: markerPos = None
31.8917 	EXP 	slider: markerPos = None
31.8917 	EXP 	text: autoDraw = True
31.8917 	EXP 	slider: autoDraw = True
31.9290 	DATA 	Mouse: Left button down, pos=(466,162)
31.9418 	EXP 	slider: markerPos = np.float64(2.13)
31.9581 	EXP 	slider: markerPos = np.float64(2.13)
31.9747 	EXP 	slider: markerPos = np.float64(2.13)
31.9914 	EXP 	slider: markerPos = np.float64(2.13)
32.0082 	EXP 	slider: markerPos = np.float64(2.13)
32.0244 	EXP 	slider: markerPos = np.float64(2.13)
32.0410 	EXP 	slider: markerPos = np.float64(2.13)
32.0581 	EXP 	slider: markerPos = np.float64(2.13)
32.0774 	EXP 	slider: markerPos = np.float64(2.13)
32.0791 	DATA 	Mouse:  Left button up, pos=(466,162)
32.0935 	EXP 	slider: markerPos = np.float64(2.13)
32.0944 	EXP 	New trial (rep=4, index=6): <Trial 66 (6 in rep 4) data={'study_word': 'Keys', 'thisN': 66, 'thisTrialN': 6, 'thisRepN': 4}>
32.1084 	EXP 	text: autoDraw = False
32.1084 	EXP 	slider: autoDraw = False
32.1084 	EXP 	text: height = np.float64(0.05)
32.1084 	EXP 	text: height = np.float64(0.05)
32.1084 	EXP 	text: height = np.float64(0.05)
32.1084 	EXP 	text: text = 'Keys'
32.1084 	EXP 	slider: markerPos = None
32.1084 	EXP 	slider: markerPos = None
32.1084 	EXP 	text: autoDraw = True
32.1084 	EXP 	slider: autoDraw = True
32.1448 	DATA 	Mouse: Left button down, pos=(466,162)
32.1585 	EXP 	slider: markerPos = np.float64(2.13)
32.1750 	EXP 	slider: markerPos = np.float64(2.13)
32.1926 	EXP 	slider: markerPos = np.float64(2.13)
32.2083 	EXP 	slider: markerPos = np.float64(2.13)
32.2251 	EXP 	slider: markerPos = np.float64(2.13)
32.2416 	EXP 	slider: markerPos = np.float64(2.13)
32.2581 	EXP 	slider: markerPos = np.float64(2.13)
32.2759 	EXP 	slider: markerPos = np.float64(2.13)
32.2852 	DATA 	Mouse:  Left button up, pos=(466,162)
32.3072 	EXP 	slider: markerPos = np.float64(2.13)
32.3079 	EXP 	New trial (rep=4, index=7): <Trial 67 (7 in rep 4) data={'study_word': 'Pastry', 'thisN': 67, 'thisTrialN': 7, 'thisRepN': 4}>
32.3254 	EXP 	text: autoDraw = False
32.3254 	EXP 	slider: autoDraw = False
32.3254 	EXP 	text: height = np.float64(0.05)
32.3254 	EXP 	text: height = np.float64(0.05)
32.3254 	EXP 	text: height = np.float64(0.05)
32.3254 	EXP 	text: text = 'Pastry'
32.3254 	EXP 	slider: markerPos = None
32.3254 	EXP 	slider: markerPos = None
32.3254 	EXP 	text: autoDraw = True
32.3254 	EXP 	slider: autoDraw = True
32.3306 	DATA 	Mouse: Left button down, pos=(466,162)
32.3582 	EXP 	slider: markerPos = np.float64(2.13)
32.3745 	EXP 	slider: markerPos = np.float64(2.13)
32.3917 	EXP 	slider: markerPos = np.float64(2.13)
32.4080 	EXP 	slider: markerPos = np.float64(2.13)
32.4244 	EXP 	slider: markerPos = np.float64(2.13)
32.4413 	EXP 	slider: markerPos = np.float64(2.13)
32.4577 	EXP 	slider: markerPos = np.float64(2.13)
32.4748 	EXP 	slider: markerPos = np.float64(2.13)
32.4913 	EXP 	slider: markerPos = np.float64(2.13)
32.5081 	EXP 	slider: markerPos = np.float64(2.13)
32.5130 	DATA 	Mouse:  Left button up, pos=(466,162)
32.5269 	EXP 	slider: markerPos = np.float64(2.13)
32.5276 	EXP 	New trial (rep=4, index=8): <Trial 68 (8 in rep 4) data={'study_word': 'phone', 'thisN': 68, 'thisTrialN': 8, 'thisRepN': 4}>
32.5419 	EXP 	text: autoDraw = False
32.5419 	EXP 	slider: autoDraw = False
32.5419 	EXP 	text: height = np.float64(0.05)
32.5419 	EXP 	text: height = np.float64(0.05)
32.5419 	EXP 	text: height = np.float64(0.05)
32.5419 	EXP 	text: text = 'phone'
32.5419 	EXP 	slider: markerPos = None
32.5419 	EXP 	slider: markerPos = None
32.5419 	EXP 	text: autoDraw = True
32.5419 	EXP 	slider: autoDraw = True
32.6107 	DATA 	Mouse: Left button down, pos=(466,162)
32.6251 	EXP 	slider: markerPos = np.float64(2.13)
32.6414 	EXP 	slider: markerPos = np.float64(2.13)
32.6576 	EXP 	slider: markerPos = np.float64(2.13)
32.6744 	EXP 	slider: markerPos = np.float64(2.13)
32.6914 	EXP 	slider: markerPos = np.float64(2.13)
32.7092 	EXP 	slider: markerPos = np.float64(2.13)
32.7247 	EXP 	slider: markerPos = np.float64(2.13)
32.7414 	EXP 	slider: markerPos = np.float64(2.13)
32.7580 	EXP 	slider: markerPos = np.float64(2.13)
32.7746 	EXP 	slider: markerPos = np.float64(2.13)
32.7914 	EXP 	slider: markerPos = np.float64(2.13)
32.7937 	DATA 	Mouse:  Left button up, pos=(466,162)
32.8097 	EXP 	slider: markerPos = np.float64(2.13)
32.8104 	EXP 	New trial (rep=4, index=9): <Trial 69 (9 in rep 4) data={'study_word': 'book', 'thisN': 69, 'thisTrialN': 9, 'thisRepN': 4}>
32.8248 	EXP 	text: autoDraw = False
32.8248 	EXP 	slider: autoDraw = False
32.8248 	EXP 	text: height = np.float64(0.05)
32.8248 	EXP 	text: height = np.float64(0.05)
32.8248 	EXP 	text: height = np.float64(0.05)
32.8248 	EXP 	text: text = 'book'
32.8248 	EXP 	slider: markerPos = None
32.8248 	EXP 	slider: markerPos = None
32.8248 	EXP 	text: autoDraw = True
32.8248 	EXP 	slider: autoDraw = True
32.8604 	DATA 	Mouse: Left button down, pos=(466,162)
32.8750 	EXP 	slider: markerPos = np.float64(2.13)
32.8916 	EXP 	slider: markerPos = np.float64(2.13)
32.9077 	EXP 	slider: markerPos = np.float64(2.13)
32.9252 	EXP 	slider: markerPos = np.float64(2.13)
32.9420 	EXP 	slider: markerPos = np.float64(2.13)
32.9581 	EXP 	slider: markerPos = np.float64(2.13)
32.9754 	EXP 	slider: markerPos = np.float64(2.13)
32.9774 	DATA 	Mouse:  Left button up, pos=(466,162)
32.9924 	EXP 	slider: markerPos = np.float64(2.13)
32.9933 	EXP 	New trial (rep=4, index=10): <Trial 70 (10 in rep 4) data={'study_word': 'Laptop', 'thisN': 70, 'thisTrialN': 10, 'thisRepN': 4}>
33.0082 	EXP 	text: autoDraw = False
33.0082 	EXP 	slider: autoDraw = False
33.0082 	EXP 	text: height = np.float64(0.05)
33.0082 	EXP 	text: height = np.float64(0.05)
33.0082 	EXP 	text: height = np.float64(0.05)
33.0082 	EXP 	text: text = 'Laptop'
33.0082 	EXP 	slider: markerPos = None
33.0082 	EXP 	slider: markerPos = None
33.0082 	EXP 	text: autoDraw = True
33.0082 	EXP 	slider: autoDraw = True
33.0444 	DATA 	Mouse: Left button down, pos=(466,162)
33.0590 	EXP 	slider: markerPos = np.float64(2.13)
33.0764 	EXP 	slider: markerPos = np.float64(2.13)
33.0916 	EXP 	slider: markerPos = np.float64(2.13)
33.1085 	EXP 	slider: markerPos = np.float64(2.13)
33.1249 	EXP 	slider: markerPos = np.float64(2.13)
33.1418 	EXP 	slider: markerPos = np.float64(2.13)
33.1584 	EXP 	slider: markerPos = np.float64(2.13)
33.1613 	DATA 	Mouse:  Left button up, pos=(466,162)
33.1769 	EXP 	slider: markerPos = np.float64(2.13)
33.1777 	EXP 	New trial (rep=4, index=11): <Trial 71 (11 in rep 4) data={'study_word': 'Poster', 'thisN': 71, 'thisTrialN': 11, 'thisRepN': 4}>
33.1911 	EXP 	text: autoDraw = False
33.1911 	EXP 	slider: autoDraw = False
33.1911 	EXP 	text: height = np.float64(0.05)
33.1911 	EXP 	text: height = np.float64(0.05)
33.1911 	EXP 	text: height = np.float64(0.05)
33.1911 	EXP 	text: text = 'Poster'
33.1911 	EXP 	slider: markerPos = None
33.1911 	EXP 	slider: markerPos = None
33.1911 	EXP 	text: autoDraw = True
33.1911 	EXP 	slider: autoDraw = True
33.2296 	DATA 	Mouse: Left button down, pos=(466,162)
33.2422 	EXP 	slider: markerPos = np.float64(2.13)
33.2578 	EXP 	slider: markerPos = np.float64(2.13)
33.2746 	EXP 	slider: markerPos = np.float64(2.13)
33.2919 	EXP 	slider: markerPos = np.float64(2.13)
33.3082 	EXP 	slider: markerPos = np.float64(2.13)
33.3250 	EXP 	slider: markerPos = np.float64(2.13)
33.3412 	EXP 	slider: markerPos = np.float64(2.13)
33.3460 	DATA 	Mouse:  Left button up, pos=(466,162)
33.3589 	EXP 	slider: markerPos = np.float64(2.13)
33.3604 	EXP 	New trial (rep=4, index=12): <Trial 72 (12 in rep 4) data={'study_word': 'marble', 'thisN': 72, 'thisTrialN': 12, 'thisRepN': 4}>
33.3743 	EXP 	text: autoDraw = False
33.3743 	EXP 	slider: autoDraw = False
33.3743 	EXP 	text: height = np.float64(0.05)
33.3743 	EXP 	text: height = np.float64(0.05)
33.3743 	EXP 	text: height = np.float64(0.05)
33.3743 	EXP 	text: text = 'marble'
33.3743 	EXP 	slider: markerPos = None
33.3743 	EXP 	slider: markerPos = None
33.3743 	EXP 	text: autoDraw = True
33.3743 	EXP 	slider: autoDraw = True
33.4095 	DATA 	Mouse: Left button down, pos=(466,162)
33.4249 	EXP 	slider: markerPos = np.float64(2.13)
33.4413 	EXP 	slider: markerPos = np.float64(2.13)
33.4577 	EXP 	slider: markerPos = np.float64(2.13)
33.4744 	EXP 	slider: markerPos = np.float64(2.13)
33.4925 	EXP 	slider: markerPos = np.float64(2.13)
33.5084 	EXP 	slider: markerPos = np.float64(2.13)
33.5244 	EXP 	slider: markerPos = np.float64(2.13)
33.5414 	EXP 	slider: markerPos = np.float64(2.13)
33.5450 	DATA 	Mouse:  Left button up, pos=(466,162)
33.5582 	EXP 	slider: markerPos = np.float64(2.13)
33.5597 	EXP 	New trial (rep=4, index=13): <Trial 73 (13 in rep 4) data={'study_word': 'Case', 'thisN': 73, 'thisTrialN': 13, 'thisRepN': 4}>
33.5745 	EXP 	text: autoDraw = False
33.5745 	EXP 	slider: autoDraw = False
33.5745 	EXP 	text: height = np.float64(0.05)
33.5745 	EXP 	text: height = np.float64(0.05)
33.5745 	EXP 	text: height = np.float64(0.05)
33.5745 	EXP 	text: text = 'Case'
33.5745 	EXP 	slider: markerPos = None
33.5745 	EXP 	slider: markerPos = None
33.5745 	EXP 	text: autoDraw = True
33.5745 	EXP 	slider: autoDraw = True
33.5938 	DATA 	Mouse: Left button down, pos=(466,162)
33.6084 	EXP 	slider: markerPos = np.float64(2.13)
33.6248 	EXP 	slider: markerPos = np.float64(2.13)
33.6412 	EXP 	slider: markerPos = np.float64(2.13)
33.6584 	EXP 	slider: markerPos = np.float64(2.13)
33.6749 	EXP 	slider: markerPos = np.float64(2.13)
33.6918 	EXP 	slider: markerPos = np.float64(2.13)
33.7096 	EXP 	slider: markerPos = np.float64(2.13)
33.7248 	EXP 	slider: markerPos = np.float64(2.13)
33.7271 	DATA 	Mouse:  Left button up, pos=(466,162)
33.7418 	EXP 	slider: markerPos = np.float64(2.13)
33.7427 	EXP 	New trial (rep=4, index=14): <Trial 74 (14 in rep 4) data={'study_word': 'Police', 'thisN': 74, 'thisTrialN': 14, 'thisRepN': 4}>
33.7581 	EXP 	text: autoDraw = False
33.7581 	EXP 	slider: autoDraw = False
33.7581 	EXP 	text: height = np.float64(0.05)
33.7581 	EXP 	text: height = np.float64(0.05)
33.7581 	EXP 	text: height = np.float64(0.05)
33.7581 	EXP 	text: text = 'Police'
33.7581 	EXP 	slider: markerPos = None
33.7581 	EXP 	slider: markerPos = None
33.7581 	EXP 	text: autoDraw = True
33.7581 	EXP 	slider: autoDraw = True
33.7941 	DATA 	Mouse: Left button down, pos=(466,162)
33.8080 	EXP 	slider: markerPos = np.float64(2.13)
33.8249 	EXP 	slider: markerPos = np.float64(2.13)
33.8435 	EXP 	slider: markerPos = np.float64(2.13)
33.8585 	EXP 	slider: markerPos = np.float64(2.13)
33.8761 	EXP 	slider: markerPos = np.float64(2.13)
33.8918 	EXP 	slider: markerPos = np.float64(2.13)
33.9020 	DATA 	Mouse:  Left button up, pos=(466,162)
33.9111 	EXP 	slider: markerPos = np.float64(2.13)
33.9251 	EXP 	slider: markerPos = np.float64(2.13)
33.9258 	EXP 	New trial (rep=5, index=0): <Trial 75 (0 in rep 5) data={'study_word': 'Laptop', 'thisN': 75, 'thisTrialN': 0, 'thisRepN': 5}>
33.9417 	EXP 	text: autoDraw = False
33.9417 	EXP 	slider: autoDraw = False
33.9417 	EXP 	text: height = np.float64(0.05)
33.9417 	EXP 	text: height = np.float64(0.05)
33.9417 	EXP 	text: height = np.float64(0.05)
33.9417 	EXP 	text: text = 'Laptop'
33.9417 	EXP 	slider: markerPos = None
33.9417 	EXP 	slider: markerPos = None
33.9417 	EXP 	text: autoDraw = True
33.9417 	EXP 	slider: autoDraw = True
33.9616 	DATA 	Mouse: Left button down, pos=(466,162)
33.9756 	EXP 	slider: markerPos = np.float64(2.13)
33.9921 	EXP 	slider: markerPos = np.float64(2.13)
34.0089 	EXP 	slider: markerPos = np.float64(2.13)
34.0255 	EXP 	slider: markerPos = np.float64(2.13)
34.0424 	EXP 	slider: markerPos = np.float64(2.13)
34.0591 	EXP 	slider: markerPos = np.float64(2.13)
34.0748 	EXP 	slider: markerPos = np.float64(2.13)
34.0931 	EXP 	slider: markerPos = np.float64(2.13)
34.0988 	DATA 	Mouse:  Left button up, pos=(466,162)
34.1086 	EXP 	slider: markerPos = np.float64(2.13)
34.1094 	EXP 	New trial (rep=5, index=1): <Trial 76 (1 in rep 5) data={'study_word': 'cushion', 'thisN': 76, 'thisTrialN': 1, 'thisRepN': 5}>
34.1251 	EXP 	text: autoDraw = False
34.1251 	EXP 	slider: autoDraw = False
34.1251 	EXP 	text: height = np.float64(0.05)
34.1251 	EXP 	text: height = np.float64(0.05)
34.1251 	EXP 	text: height = np.float64(0.05)
34.1251 	EXP 	text: text = 'cushion'
34.1251 	EXP 	slider: markerPos = None
34.1251 	EXP 	slider: markerPos = None
34.1251 	EXP 	text: autoDraw = True
34.1251 	EXP 	slider: autoDraw = True
34.1606 	DATA 	Mouse: Left button down, pos=(466,162)
34.1752 	EXP 	slider: markerPos = np.float64(2.13)
34.1911 	EXP 	slider: markerPos = np.float64(2.13)
34.2085 	EXP 	slider: markerPos = np.float64(2.13)
34.2250 	EXP 	slider: markerPos = np.float64(2.13)
34.2419 	EXP 	slider: markerPos = np.float64(2.13)
34.2579 	EXP 	slider: markerPos = np.float64(2.13)
34.2758 	EXP 	slider: markerPos = np.float64(2.13)
34.2782 	DATA 	Mouse:  Left button up, pos=(466,162)
34.2936 	EXP 	slider: markerPos = np.float64(2.13)
34.2945 	EXP 	New trial (rep=5, index=2): <Trial 77 (2 in rep 5) data={'study_word': 'mouse', 'thisN': 77, 'thisTrialN': 2, 'thisRepN': 5}>
34.3087 	EXP 	text: autoDraw = False
34.3087 	EXP 	slider: autoDraw = False
34.3087 	EXP 	text: height = np.float64(0.05)
34.3087 	EXP 	text: height = np.float64(0.05)
34.3087 	EXP 	text: height = np.float64(0.05)
34.3087 	EXP 	text: text = 'mouse'
34.3087 	EXP 	slider: markerPos = None
34.3087 	EXP 	slider: markerPos = None
34.3087 	EXP 	text: autoDraw = True
34.3087 	EXP 	slider: autoDraw = True
34.3342 	DATA 	Mouse: Left button down, pos=(466,162)
34.3583 	EXP 	slider: markerPos = np.float64(2.13)
34.3745 	EXP 	slider: markerPos = np.float64(2.13)
34.3914 	EXP 	slider: markerPos = np.float64(2.13)
34.4079 	EXP 	slider: markerPos = np.float64(2.13)
34.4250 	EXP 	slider: markerPos = np.float64(2.13)
34.4413 	EXP 	slider: markerPos = np.float64(2.13)
34.4585 	EXP 	slider: markerPos = np.float64(2.13)
34.4747 	EXP 	slider: markerPos = np.float64(2.13)
34.4881 	DATA 	Mouse:  Left button up, pos=(466,162)
34.5071 	EXP 	slider: markerPos = np.float64(2.13)
34.5250 	EXP 	slider: markerPos = np.float64(2.13)
34.5257 	EXP 	New trial (rep=5, index=3): <Trial 78 (3 in rep 5) data={'study_word': 'board', 'thisN': 78, 'thisTrialN': 3, 'thisRepN': 5}>
34.5363 	DATA 	Mouse: Left button down, pos=(466,162)
34.5415 	EXP 	text: autoDraw = False
34.5415 	EXP 	slider: autoDraw = False
34.5415 	EXP 	text: height = np.float64(0.05)
34.5415 	EXP 	text: height = np.float64(0.05)
34.5415 	EXP 	text: height = np.float64(0.05)
34.5415 	EXP 	text: text = 'board'
34.5415 	EXP 	slider: markerPos = None
34.5415 	EXP 	slider: markerPos = None
34.5415 	EXP 	text: autoDraw = True
34.5415 	EXP 	slider: autoDraw = True
34.5580 	EXP 	slider: markerPos = np.float64(2.13)
34.5744 	EXP 	slider: markerPos = np.float64(2.13)
34.5911 	EXP 	slider: markerPos = np.float64(2.13)
34.6078 	EXP 	slider: markerPos = np.float64(2.13)
34.6257 	EXP 	slider: markerPos = np.float64(2.13)
34.6416 	EXP 	slider: markerPos = np.float64(2.13)
34.6583 	EXP 	slider: markerPos = np.float64(2.13)
34.6758 	EXP 	slider: markerPos = np.float64(2.13)
34.6850 	DATA 	Mouse:  Left button up, pos=(466,162)
34.6938 	EXP 	slider: markerPos = np.float64(2.13)
34.7079 	EXP 	slider: markerPos = np.float64(2.13)
34.7090 	EXP 	New trial (rep=5, index=4): <Trial 79 (4 in rep 5) data={'study_word': 'book', 'thisN': 79, 'thisTrialN': 4, 'thisRepN': 5}>
34.7245 	EXP 	text: autoDraw = False
34.7245 	EXP 	slider: autoDraw = False
34.7245 	EXP 	text: height = np.float64(0.05)
34.7245 	EXP 	text: height = np.float64(0.05)
34.7245 	EXP 	text: height = np.float64(0.05)
34.7245 	EXP 	text: text = 'book'
34.7245 	EXP 	slider: markerPos = None
34.7245 	EXP 	slider: markerPos = None
34.7245 	EXP 	text: autoDraw = True
34.7245 	EXP 	slider: autoDraw = True
34.7459 	DATA 	Mouse: Left button down, pos=(466,162)
34.7585 	EXP 	slider: markerPos = np.float64(2.13)
34.7745 	EXP 	slider: markerPos = np.float64(2.13)
34.7912 	EXP 	slider: markerPos = np.float64(2.13)
34.8082 	EXP 	slider: markerPos = np.float64(2.13)
34.8246 	EXP 	slider: markerPos = np.float64(2.13)
34.8409 	EXP 	slider: markerPos = np.float64(2.13)
34.8577 	EXP 	slider: markerPos = np.float64(2.13)
34.8750 	EXP 	slider: markerPos = np.float64(2.13)
34.8915 	EXP 	slider: markerPos = np.float64(2.13)
34.9083 	EXP 	slider: markerPos = np.float64(2.13)
34.9270 	EXP 	slider: markerPos = np.float64(2.13)
34.9315 	DATA 	Mouse:  Left button up, pos=(466,162)
34.9434 	EXP 	slider: markerPos = np.float64(2.13)
34.9442 	EXP 	New trial (rep=5, index=5): <Trial 80 (5 in rep 5) data={'study_word': 'phone', 'thisN': 80, 'thisTrialN': 5, 'thisRepN': 5}>
34.9584 	EXP 	text: autoDraw = False
34.9584 	EXP 	slider: autoDraw = False
34.9584 	EXP 	text: height = np.float64(0.05)
34.9584 	EXP 	text: height = np.float64(0.05)
34.9584 	EXP 	text: height = np.float64(0.05)
34.9584 	EXP 	text: text = 'phone'
34.9584 	EXP 	slider: markerPos = None
34.9584 	EXP 	slider: markerPos = None
34.9584 	EXP 	text: autoDraw = True
34.9584 	EXP 	slider: autoDraw = True
34.9930 	DATA 	Mouse: Left button down, pos=(466,162)
35.0079 	EXP 	slider: markerPos = np.float64(2.13)
35.0253 	EXP 	slider: markerPos = np.float64(2.13)
35.0419 	EXP 	slider: markerPos = np.float64(2.13)
35.0582 	EXP 	slider: markerPos = np.float64(2.13)
35.0762 	EXP 	slider: markerPos = np.float64(2.13)
35.0915 	EXP 	slider: markerPos = np.float64(2.13)
35.1081 	EXP 	slider: markerPos = np.float64(2.13)
35.1248 	EXP 	slider: markerPos = np.float64(2.13)
35.1418 	EXP 	slider: markerPos = np.float64(2.13)
35.1441 	DATA 	Mouse:  Left button up, pos=(466,162)
35.1582 	EXP 	slider: markerPos = np.float64(2.13)
35.1590 	EXP 	New trial (rep=5, index=6): <Trial 81 (6 in rep 5) data={'study_word': 'Case', 'thisN': 81, 'thisTrialN': 6, 'thisRepN': 5}>
35.1749 	EXP 	text: autoDraw = False
35.1749 	EXP 	slider: autoDraw = False
35.1749 	EXP 	text: height = np.float64(0.05)
35.1749 	EXP 	text: height = np.float64(0.05)
35.1749 	EXP 	text: height = np.float64(0.05)
35.1749 	EXP 	text: text = 'Case'
35.1749 	EXP 	slider: markerPos = None
35.1749 	EXP 	slider: markerPos = None
35.1749 	EXP 	text: autoDraw = True
35.1749 	EXP 	slider: autoDraw = True
35.2116 	DATA 	Mouse: Left button down, pos=(466,162)
35.2248 	EXP 	slider: markerPos = np.float64(2.13)
35.2411 	EXP 	slider: markerPos = np.float64(2.13)
35.2580 	EXP 	slider: markerPos = np.float64(2.13)
35.2745 	EXP 	slider: markerPos = np.float64(2.13)
35.2912 	EXP 	slider: markerPos = np.float64(2.13)
35.3077 	EXP 	slider: markerPos = np.float64(2.13)
35.3250 	EXP 	slider: markerPos = np.float64(2.13)
35.3416 	DATA 	Mouse:  Left button up, pos=(466,162)
35.3572 	EXP 	slider: markerPos = np.float64(2.13)
35.3753 	EXP 	slider: markerPos = np.float64(2.13)
35.3761 	EXP 	New trial (rep=5, index=7): <Trial 82 (7 in rep 5) data={'study_word': 'T-shirt', 'thisN': 82, 'thisTrialN': 7, 'thisRepN': 5}>
35.3913 	EXP 	text: autoDraw = False
35.3913 	EXP 	slider: autoDraw = False
35.3913 	EXP 	text: height = np.float64(0.05)
35.3913 	EXP 	text: height = np.float64(0.05)
35.3913 	EXP 	text: height = np.float64(0.05)
35.3913 	EXP 	text: text = 'T-shirt'
35.3913 	EXP 	slider: markerPos = None
35.3913 	EXP 	slider: markerPos = None
35.3913 	EXP 	text: autoDraw = True
35.3913 	EXP 	slider: autoDraw = True
35.3960 	DATA 	Mouse: Left button down, pos=(466,162)
35.4249 	EXP 	slider: markerPos = np.float64(2.13)
35.4410 	EXP 	slider: markerPos = np.float64(2.13)
35.4576 	EXP 	slider: markerPos = np.float64(2.13)
35.4743 	EXP 	slider: markerPos = np.float64(2.13)
35.4919 	EXP 	slider: markerPos = np.float64(2.13)
35.5086 	EXP 	slider: markerPos = np.float64(2.13)
35.5244 	EXP 	slider: markerPos = np.float64(2.13)
35.5317 	DATA 	Mouse:  Left button up, pos=(466,162)
35.5433 	EXP 	slider: markerPos = np.float64(2.13)
35.5578 	EXP 	slider: markerPos = np.float64(2.13)
35.5590 	EXP 	New trial (rep=5, index=8): <Trial 83 (8 in rep 5) data={'study_word': 'Poster', 'thisN': 83, 'thisTrialN': 8, 'thisRepN': 5}>
35.5746 	EXP 	text: autoDraw = False
35.5746 	EXP 	slider: autoDraw = False
35.5746 	EXP 	text: height = np.float64(0.05)
35.5746 	EXP 	text: height = np.float64(0.05)
35.5746 	EXP 	text: height = np.float64(0.05)
35.5746 	EXP 	text: text = 'Poster'
35.5746 	EXP 	slider: markerPos = None
35.5746 	EXP 	slider: markerPos = None
35.5746 	EXP 	text: autoDraw = True
35.5746 	EXP 	slider: autoDraw = True
35.5945 	DATA 	Mouse: Left button down, pos=(466,162)
35.6082 	EXP 	slider: markerPos = np.float64(2.13)
35.6248 	EXP 	slider: markerPos = np.float64(2.13)
35.6412 	EXP 	slider: markerPos = np.float64(2.13)
35.6578 	EXP 	slider: markerPos = np.float64(2.13)
35.6746 	EXP 	slider: markerPos = np.float64(2.13)
35.6914 	EXP 	slider: markerPos = np.float64(2.13)
35.7085 	EXP 	slider: markerPos = np.float64(2.13)
35.7248 	EXP 	slider: markerPos = np.float64(2.13)
35.7269 	DATA 	Mouse:  Left button up, pos=(466,162)
35.7424 	EXP 	slider: markerPos = np.float64(2.13)
35.7437 	EXP 	New trial (rep=5, index=9): <Trial 84 (9 in rep 5) data={'study_word': 'Keys', 'thisN': 84, 'thisTrialN': 9, 'thisRepN': 5}>
35.7577 	EXP 	text: autoDraw = False
35.7577 	EXP 	slider: autoDraw = False
35.7577 	EXP 	text: height = np.float64(0.05)
35.7577 	EXP 	text: height = np.float64(0.05)
35.7577 	EXP 	text: height = np.float64(0.05)
35.7577 	EXP 	text: text = 'Keys'
35.7577 	EXP 	slider: markerPos = None
35.7577 	EXP 	slider: markerPos = None
35.7577 	EXP 	text: autoDraw = True
35.7577 	EXP 	slider: autoDraw = True
35.7932 	DATA 	Mouse: Left button down, pos=(466,162)
35.8084 	EXP 	slider: markerPos = np.float64(2.13)
35.8245 	EXP 	slider: markerPos = np.float64(2.13)
35.8415 	EXP 	slider: markerPos = np.float64(2.13)
35.8579 	EXP 	slider: markerPos = np.float64(2.13)
35.8748 	EXP 	slider: markerPos = np.float64(2.13)
35.8912 	EXP 	slider: markerPos = np.float64(2.13)
35.9083 	EXP 	slider: markerPos = np.float64(2.13)
35.9257 	EXP 	slider: markerPos = np.float64(2.13)
35.9281 	DATA 	Mouse:  Left button up, pos=(466,162)
35.9429 	EXP 	slider: markerPos = np.float64(2.13)
35.9437 	EXP 	New trial (rep=5, index=10): <Trial 85 (10 in rep 5) data={'study_word': 'Pastry', 'thisN': 85, 'thisTrialN': 10, 'thisRepN': 5}>
35.9581 	EXP 	text: autoDraw = False
35.9581 	EXP 	slider: autoDraw = False
35.9581 	EXP 	text: height = np.float64(0.05)
35.9581 	EXP 	text: height = np.float64(0.05)
35.9581 	EXP 	text: height = np.float64(0.05)
35.9581 	EXP 	text: text = 'Pastry'
35.9581 	EXP 	slider: markerPos = None
35.9581 	EXP 	slider: markerPos = None
35.9581 	EXP 	text: autoDraw = True
35.9581 	EXP 	slider: autoDraw = True
35.9964 	DATA 	Mouse: Left button down, pos=(466,162)
36.0255 	EXP 	slider: markerPos = np.float64(2.13)
36.0414 	EXP 	slider: markerPos = np.float64(2.13)
36.0587 	EXP 	slider: markerPos = np.float64(2.13)
36.0778 	EXP 	slider: markerPos = np.float64(2.13)
36.0917 	EXP 	slider: markerPos = np.float64(2.13)
36.1079 	EXP 	slider: markerPos = np.float64(2.13)
36.1247 	EXP 	slider: markerPos = np.float64(2.13)
36.1416 	EXP 	slider: markerPos = np.float64(2.13)
36.1460 	DATA 	Mouse:  Left button up, pos=(466,162)
36.1589 	EXP 	slider: markerPos = np.float64(2.13)
36.1596 	EXP 	New trial (rep=5, index=11): <Trial 86 (11 in rep 5) data={'study_word': 'marble', 'thisN': 86, 'thisTrialN': 11, 'thisRepN': 5}>
36.1743 	EXP 	text: autoDraw = False
36.1743 	EXP 	slider: autoDraw = False
36.1743 	EXP 	text: height = np.float64(0.05)
36.1743 	EXP 	text: height = np.float64(0.05)
36.1743 	EXP 	text: height = np.float64(0.05)
36.1743 	EXP 	text: text = 'marble'
36.1743 	EXP 	slider: markerPos = None
36.1743 	EXP 	slider: markerPos = None
36.1743 	EXP 	text: autoDraw = True
36.1743 	EXP 	slider: autoDraw = True
36.2097 	DATA 	Mouse: Left button down, pos=(466,162)
36.2256 	EXP 	slider: markerPos = np.float64(2.13)
36.2417 	EXP 	slider: markerPos = np.float64(2.13)
36.2582 	EXP 	slider: markerPos = np.float64(2.13)
36.2747 	EXP 	slider: markerPos = np.float64(2.13)
36.2916 	EXP 	slider: markerPos = np.float64(2.13)
36.3084 	EXP 	slider: markerPos = np.float64(2.13)
36.3249 	EXP 	slider: markerPos = np.float64(2.13)
36.3412 	EXP 	slider: markerPos = np.float64(2.13)
36.3454 	DATA 	Mouse:  Left button up, pos=(466,162)
36.3584 	EXP 	slider: markerPos = np.float64(2.13)
36.3591 	EXP 	New trial (rep=5, index=12): <Trial 87 (12 in rep 5) data={'study_word': 'Chart', 'thisN': 87, 'thisTrialN': 12, 'thisRepN': 5}>
36.3744 	EXP 	text: autoDraw = False
36.3744 	EXP 	slider: autoDraw = False
36.3744 	EXP 	text: height = np.float64(0.05)
36.3744 	EXP 	text: height = np.float64(0.05)
36.3744 	EXP 	text: height = np.float64(0.05)
36.3744 	EXP 	text: text = 'Chart'
36.3744 	EXP 	slider: markerPos = None
36.3744 	EXP 	slider: markerPos = None
36.3744 	EXP 	text: autoDraw = True
36.3744 	EXP 	slider: autoDraw = True
36.3941 	DATA 	Mouse: Left button down, pos=(466,162)
36.4084 	EXP 	slider: markerPos = np.float64(2.13)
36.4245 	EXP 	slider: markerPos = np.float64(2.13)
36.4414 	EXP 	slider: markerPos = np.float64(2.13)
36.4576 	EXP 	slider: markerPos = np.float64(2.13)
36.4745 	EXP 	slider: markerPos = np.float64(2.13)
36.4907 	EXP 	slider: markerPos = np.float64(2.13)
36.5075 	EXP 	slider: markerPos = np.float64(2.13)
36.5250 	EXP 	slider: markerPos = np.float64(2.13)
36.5416 	EXP 	slider: markerPos = np.float64(2.13)
36.5580 	EXP 	slider: markerPos = np.float64(2.13)
36.5667 	DATA 	Mouse:  Left button up, pos=(466,162)
36.5904 	EXP 	slider: markerPos = np.float64(2.13)
36.5916 	EXP 	New trial (rep=5, index=13): <Trial 88 (13 in rep 5) data={'study_word': 'Cruise', 'thisN': 88, 'thisTrialN': 13, 'thisRepN': 5}>
36.6086 	EXP 	text: autoDraw = False
36.6086 	EXP 	slider: autoDraw = False
36.6086 	EXP 	text: height = np.float64(0.05)
36.6086 	EXP 	text: height = np.float64(0.05)
36.6086 	EXP 	text: height = np.float64(0.05)
36.6086 	EXP 	text: text = 'Cruise'
36.6086 	EXP 	slider: markerPos = None
36.6086 	EXP 	slider: markerPos = None
36.6086 	EXP 	text: autoDraw = True
36.6086 	EXP 	slider: autoDraw = True
36.6126 	DATA 	Mouse: Left button down, pos=(466,162)
36.6248 	EXP 	slider: markerPos = np.float64(2.13)
36.6409 	EXP 	slider: markerPos = np.float64(2.13)
36.6575 	EXP 	slider: markerPos = np.float64(2.13)
36.6746 	EXP 	slider: markerPos = np.float64(2.13)
36.6907 	EXP 	slider: markerPos = np.float64(2.13)
36.7088 	EXP 	slider: markerPos = np.float64(2.13)
36.7250 	EXP 	slider: markerPos = np.float64(2.13)
36.7425 	EXP 	slider: markerPos = np.float64(2.13)
36.7583 	EXP 	slider: markerPos = np.float64(2.13)
36.7743 	EXP 	slider: markerPos = np.float64(2.13)
36.7918 	EXP 	slider: markerPos = np.float64(2.13)
36.8082 	EXP 	slider: markerPos = np.float64(2.13)
36.8248 	EXP 	slider: markerPos = np.float64(2.13)
36.8431 	EXP 	slider: markerPos = np.float64(2.13)
36.8578 	EXP 	slider: markerPos = np.float64(2.235)
36.8736 	EXP 	slider: markerPos = np.float64(2.3449999999999998)
36.8840 	EXP 	slider: markerPos = np.float64(2.495)
36.8985 	EXP 	slider: markerPos = np.float64(2.6550000000000002)
36.9081 	EXP 	slider: markerPos = np.float64(2.8049999999999997)
36.9164 	EXP 	slider: markerPos = np.float64(2.87)
36.9319 	EXP 	slider: markerPos = np.float64(2.975)
36.9415 	EXP 	slider: markerPos = np.float64(3.085)
36.9571 	EXP 	slider: markerPos = np.float64(3.125)
36.9665 	EXP 	slider: markerPos = np.float64(3.205)
36.9822 	EXP 	slider: markerPos = np.float64(3.26)
36.9987 	EXP 	slider: markerPos = np.float64(3.295)
37.0084 	EXP 	slider: markerPos = np.float64(3.315)
37.0239 	EXP 	slider: markerPos = np.float64(3.32)
37.0335 	EXP 	slider: markerPos = np.float64(3.325)
37.0487 	EXP 	slider: markerPos = np.float64(3.325)
37.0580 	EXP 	slider: markerPos = np.float64(3.325)
37.0663 	EXP 	slider: markerPos = np.float64(3.325)
37.0821 	EXP 	slider: markerPos = np.float64(3.325)
37.0921 	EXP 	slider: markerPos = np.float64(3.325)
37.1071 	EXP 	slider: markerPos = np.float64(3.325)
37.1161 	EXP 	slider: markerPos = np.float64(3.325)
37.1321 	EXP 	slider: markerPos = np.float64(3.325)
37.1412 	EXP 	slider: markerPos = np.float64(3.32)
37.1508 	EXP 	slider: markerPos = np.float64(3.32)
37.1655 	EXP 	slider: markerPos = np.float64(3.32)
37.1821 	EXP 	slider: markerPos = np.float64(3.315)
37.1991 	EXP 	slider: markerPos = np.float64(3.275)
37.2154 	EXP 	slider: markerPos = np.float64(3.255)
37.2250 	EXP 	slider: markerPos = np.float64(3.225)
37.2406 	EXP 	slider: markerPos = np.float64(3.21)
37.2493 	EXP 	slider: markerPos = np.float64(3.2)
37.2574 	EXP 	slider: markerPos = np.float64(3.2)
37.2661 	EXP 	slider: markerPos = np.float64(3.195)
37.2741 	EXP 	slider: markerPos = np.float64(3.195)
37.2831 	EXP 	slider: markerPos = np.float64(3.195)
37.2912 	EXP 	slider: markerPos = np.float64(3.19)
37.2995 	EXP 	slider: markerPos = np.float64(3.19)
37.3080 	EXP 	slider: markerPos = np.float64(3.19)
37.3188 	EXP 	slider: markerPos = np.float64(3.19)
37.3327 	EXP 	slider: markerPos = np.float64(3.08)
37.3484 	EXP 	slider: markerPos = np.float64(2.995)
37.3653 	EXP 	slider: markerPos = np.float64(2.955)
37.3819 	EXP 	slider: markerPos = np.float64(2.9299999999999997)
37.3913 	EXP 	slider: markerPos = np.float64(2.92)
37.4000 	EXP 	slider: markerPos = np.float64(2.92)
37.4167 	EXP 	slider: markerPos = np.float64(2.92)
37.4324 	EXP 	slider: markerPos = np.float64(2.915)
37.4410 	DATA 	Mouse:  Left button up, pos=(623,163)
37.4496 	EXP 	slider: markerPos = np.float64(2.915)
37.4587 	EXP 	slider: markerPos = np.float64(2.915)
37.4594 	EXP 	New trial (rep=5, index=14): <Trial 89 (14 in rep 5) data={'study_word': 'Police', 'thisN': 89, 'thisTrialN': 14, 'thisRepN': 5}>
37.4734 	EXP 	text: autoDraw = False
37.4734 	EXP 	slider: autoDraw = False
37.4734 	EXP 	text: height = np.float64(0.05)
37.4734 	EXP 	text: height = np.float64(0.05)
37.4734 	EXP 	text: height = np.float64(0.05)
37.4734 	EXP 	text: text = 'Police'
37.4734 	EXP 	slider: markerPos = None
37.4734 	EXP 	slider: markerPos = None
37.4734 	EXP 	text: autoDraw = True
37.4734 	EXP 	slider: autoDraw = True
37.6564 	DATA 	Mouse: Left button down, pos=(623,163)
37.6831 	EXP 	slider: markerPos = np.float64(2.915)
37.6994 	EXP 	slider: markerPos = np.float64(2.915)
37.7159 	EXP 	slider: markerPos = np.float64(2.915)
37.7331 	EXP 	slider: markerPos = np.float64(2.915)
37.7499 	EXP 	slider: markerPos = np.float64(2.915)
37.7664 	EXP 	slider: markerPos = np.float64(2.915)
37.7831 	EXP 	slider: markerPos = np.float64(2.915)
37.7998 	EXP 	slider: markerPos = np.float64(2.915)
37.8164 	EXP 	slider: markerPos = np.float64(2.915)
37.8327 	EXP 	slider: markerPos = np.float64(2.915)
37.8501 	EXP 	slider: markerPos = np.float64(2.915)
37.8666 	EXP 	slider: markerPos = np.float64(2.915)
37.8835 	EXP 	slider: markerPos = np.float64(2.915)
37.8853 	DATA 	Mouse:  Left button up, pos=(623,163)
37.9013 	EXP 	slider: markerPos = np.float64(2.915)
37.9028 	EXP 	New trial (rep=6, index=0): <Trial 90 (0 in rep 6) data={'study_word': 'Pastry', 'thisN': 90, 'thisTrialN': 0, 'thisRepN': 6}>
37.9165 	EXP 	text: autoDraw = False
37.9165 	EXP 	slider: autoDraw = False
37.9165 	EXP 	text: height = np.float64(0.05)
37.9165 	EXP 	text: height = np.float64(0.05)
37.9165 	EXP 	text: height = np.float64(0.05)
37.9165 	EXP 	text: text = 'Pastry'
37.9165 	EXP 	slider: markerPos = None
37.9165 	EXP 	slider: markerPos = None
37.9165 	EXP 	text: autoDraw = True
37.9165 	EXP 	slider: autoDraw = True
37.9427 	DATA 	Mouse: Left button down, pos=(623,163)
37.9663 	EXP 	slider: markerPos = np.float64(2.915)
37.9838 	EXP 	slider: markerPos = np.float64(2.915)
38.0002 	EXP 	slider: markerPos = np.float64(2.915)
38.0168 	EXP 	slider: markerPos = np.float64(2.915)
38.0332 	EXP 	slider: markerPos = np.float64(2.915)
38.0502 	EXP 	slider: markerPos = np.float64(2.915)
38.0668 	EXP 	slider: markerPos = np.float64(2.915)
38.0834 	EXP 	slider: markerPos = np.float64(2.915)
38.0904 	DATA 	Mouse:  Left button up, pos=(623,163)
38.1014 	EXP 	slider: markerPos = np.float64(2.915)
38.1023 	EXP 	New trial (rep=6, index=1): <Trial 91 (1 in rep 6) data={'study_word': 'Keys', 'thisN': 91, 'thisTrialN': 1, 'thisRepN': 6}>
38.1162 	EXP 	text: autoDraw = False
38.1162 	EXP 	slider: autoDraw = False
38.1162 	EXP 	text: height = np.float64(0.05)
38.1162 	EXP 	text: height = np.float64(0.05)
38.1162 	EXP 	text: height = np.float64(0.05)
38.1162 	EXP 	text: text = 'Keys'
38.1162 	EXP 	slider: markerPos = None
38.1162 	EXP 	slider: markerPos = None
38.1162 	EXP 	text: autoDraw = True
38.1162 	EXP 	slider: autoDraw = True
38.1526 	DATA 	Mouse: Left button down, pos=(623,163)
38.1685 	EXP 	slider: markerPos = np.float64(2.915)
38.1828 	EXP 	slider: markerPos = np.float64(2.915)
38.1998 	EXP 	slider: markerPos = np.float64(2.915)
38.2170 	EXP 	slider: markerPos = np.float64(2.915)
38.2330 	EXP 	slider: markerPos = np.float64(2.915)
38.2495 	EXP 	slider: markerPos = np.float64(2.915)
38.2660 	EXP 	slider: markerPos = np.float64(2.915)
38.2833 	EXP 	slider: markerPos = np.float64(2.915)
38.2997 	EXP 	slider: markerPos = np.float64(2.915)
38.3046 	DATA 	Mouse:  Left button up, pos=(623,163)
38.3171 	EXP 	slider: markerPos = np.float64(2.915)
38.3184 	EXP 	New trial (rep=6, index=2): <Trial 92 (2 in rep 6) data={'study_word': 'Laptop', 'thisN': 92, 'thisTrialN': 2, 'thisRepN': 6}>
38.3333 	EXP 	text: autoDraw = False
38.3333 	EXP 	slider: autoDraw = False
38.3333 	EXP 	text: height = np.float64(0.05)
38.3333 	EXP 	text: height = np.float64(0.05)
38.3333 	EXP 	text: height = np.float64(0.05)
38.3333 	EXP 	text: text = 'Laptop'
38.3333 	EXP 	slider: markerPos = None
38.3333 	EXP 	slider: markerPos = None
38.3333 	EXP 	text: autoDraw = True
38.3333 	EXP 	slider: autoDraw = True
38.3690 	DATA 	Mouse: Left button down, pos=(623,163)
38.3841 	EXP 	slider: markerPos = np.float64(2.915)
38.3998 	EXP 	slider: markerPos = np.float64(2.915)
38.4169 	EXP 	slider: markerPos = np.float64(2.915)
38.4327 	EXP 	slider: markerPos = np.float64(2.915)
38.4501 	EXP 	slider: markerPos = np.float64(2.915)
38.4665 	EXP 	slider: markerPos = np.float64(2.915)
38.4828 	EXP 	slider: markerPos = np.float64(2.915)
38.4997 	EXP 	slider: markerPos = np.float64(2.915)
38.5087 	DATA 	Mouse:  Left button up, pos=(623,163)
38.5319 	EXP 	slider: markerPos = np.float64(2.915)
38.5331 	EXP 	New trial (rep=6, index=3): <Trial 93 (3 in rep 6) data={'study_word': 'mouse', 'thisN': 93, 'thisTrialN': 3, 'thisRepN': 6}>
38.5501 	EXP 	text: autoDraw = False
38.5501 	EXP 	slider: autoDraw = False
38.5501 	EXP 	text: height = np.float64(0.05)
38.5501 	EXP 	text: height = np.float64(0.05)
38.5501 	EXP 	text: height = np.float64(0.05)
38.5501 	EXP 	text: text = 'mouse'
38.5501 	EXP 	slider: markerPos = None
38.5501 	EXP 	slider: markerPos = None
38.5501 	EXP 	text: autoDraw = True
38.5501 	EXP 	slider: autoDraw = True
38.5683 	DATA 	Mouse: Left button down, pos=(623,163)
38.5832 	EXP 	slider: markerPos = np.float64(2.915)
38.5998 	EXP 	slider: markerPos = np.float64(2.915)
38.6161 	EXP 	slider: markerPos = np.float64(2.915)
38.6331 	EXP 	slider: markerPos = np.float64(2.915)
38.6495 	EXP 	slider: markerPos = np.float64(2.915)
38.6665 	EXP 	slider: markerPos = np.float64(2.915)
38.6827 	EXP 	slider: markerPos = np.float64(2.915)
38.6918 	DATA 	Mouse:  Left button up, pos=(623,163)
38.7007 	EXP 	slider: markerPos = np.float64(2.915)
38.7016 	EXP 	New trial (rep=6, index=4): <Trial 94 (4 in rep 6) data={'study_word': 'Police', 'thisN': 94, 'thisTrialN': 4, 'thisRepN': 6}>
38.7161 	EXP 	text: autoDraw = False
38.7161 	EXP 	slider: autoDraw = False
38.7161 	EXP 	text: height = np.float64(0.05)
38.7161 	EXP 	text: height = np.float64(0.05)
38.7161 	EXP 	text: height = np.float64(0.05)
38.7161 	EXP 	text: text = 'Police'
38.7161 	EXP 	slider: markerPos = None
38.7161 	EXP 	slider: markerPos = None
38.7161 	EXP 	text: autoDraw = True
38.7161 	EXP 	slider: autoDraw = True
38.7367 	DATA 	Mouse: Left button down, pos=(623,163)
38.7501 	EXP 	slider: markerPos = np.float64(2.915)
38.7663 	EXP 	slider: markerPos = np.float64(2.915)
38.7832 	EXP 	slider: markerPos = np.float64(2.915)
38.7995 	EXP 	slider: markerPos = np.float64(2.915)
38.8161 	EXP 	slider: markerPos = np.float64(2.915)
38.8331 	EXP 	slider: markerPos = np.float64(2.915)
38.8496 	EXP 	slider: markerPos = np.float64(2.915)
38.8667 	EXP 	slider: markerPos = np.float64(2.915)
38.8834 	EXP 	slider: markerPos = np.float64(2.915)
38.8880 	DATA 	Mouse:  Left button up, pos=(623,163)
38.9013 	EXP 	slider: markerPos = np.float64(2.915)
38.9020 	EXP 	New trial (rep=6, index=5): <Trial 95 (5 in rep 6) data={'study_word': 'T-shirt', 'thisN': 95, 'thisTrialN': 5, 'thisRepN': 6}>
38.9164 	EXP 	text: autoDraw = False
38.9164 	EXP 	slider: autoDraw = False
38.9164 	EXP 	text: height = np.float64(0.05)
38.9164 	EXP 	text: height = np.float64(0.05)
38.9164 	EXP 	text: height = np.float64(0.05)
38.9164 	EXP 	text: text = 'T-shirt'
38.9164 	EXP 	slider: markerPos = None
38.9164 	EXP 	slider: markerPos = None
38.9164 	EXP 	text: autoDraw = True
38.9164 	EXP 	slider: autoDraw = True
38.9395 	DATA 	Mouse: Left button down, pos=(623,163)
38.9663 	EXP 	slider: markerPos = np.float64(2.915)
38.9830 	EXP 	slider: markerPos = np.float64(2.915)
38.9994 	EXP 	slider: markerPos = np.float64(2.915)
39.0159 	EXP 	slider: markerPos = np.float64(2.915)
39.0327 	EXP 	slider: markerPos = np.float64(2.915)
39.0503 	EXP 	slider: markerPos = np.float64(2.915)
39.0666 	EXP 	slider: markerPos = np.float64(2.915)
39.0836 	EXP 	slider: markerPos = np.float64(2.915)
39.0863 	DATA 	Mouse:  Left button up, pos=(623,163)
39.1013 	EXP 	slider: markerPos = np.float64(2.915)
39.1021 	EXP 	New trial (rep=6, index=6): <Trial 96 (6 in rep 6) data={'study_word': 'book', 'thisN': 96, 'thisTrialN': 6, 'thisRepN': 6}>
39.1162 	EXP 	text: autoDraw = False
39.1162 	EXP 	slider: autoDraw = False
39.1162 	EXP 	text: height = np.float64(0.05)
39.1162 	EXP 	text: height = np.float64(0.05)
39.1162 	EXP 	text: height = np.float64(0.05)
39.1162 	EXP 	text: text = 'book'
39.1162 	EXP 	slider: markerPos = None
39.1162 	EXP 	slider: markerPos = None
39.1162 	EXP 	text: autoDraw = True
39.1162 	EXP 	slider: autoDraw = True
39.1520 	DATA 	Mouse: Left button down, pos=(623,163)
39.1669 	EXP 	slider: markerPos = np.float64(2.915)
39.1827 	EXP 	slider: markerPos = np.float64(2.915)
39.1996 	EXP 	slider: markerPos = np.float64(2.915)
39.2166 	EXP 	slider: markerPos = np.float64(2.915)
39.2329 	EXP 	slider: markerPos = np.float64(2.915)
39.2497 	EXP 	slider: markerPos = np.float64(2.915)
39.2663 	EXP 	slider: markerPos = np.float64(2.915)
39.2785 	DATA 	Mouse:  Left button up, pos=(623,163)
39.2836 	EXP 	slider: markerPos = np.float64(2.915)
39.2998 	EXP 	slider: markerPos = np.float64(2.915)
39.3005 	EXP 	New trial (rep=6, index=7): <Trial 97 (7 in rep 6) data={'study_word': 'board', 'thisN': 97, 'thisTrialN': 7, 'thisRepN': 6}>
39.3163 	EXP 	text: autoDraw = False
39.3163 	EXP 	slider: autoDraw = False
39.3163 	EXP 	text: height = np.float64(0.05)
39.3163 	EXP 	text: height = np.float64(0.05)
39.3163 	EXP 	text: height = np.float64(0.05)
39.3163 	EXP 	text: text = 'board'
39.3163 	EXP 	slider: markerPos = None
39.3163 	EXP 	slider: markerPos = None
39.3163 	EXP 	text: autoDraw = True
39.3163 	EXP 	slider: autoDraw = True
39.3359 	DATA 	Mouse: Left button down, pos=(623,163)
39.3497 	EXP 	slider: markerPos = np.float64(2.915)
39.3661 	EXP 	slider: markerPos = np.float64(2.915)
39.3830 	EXP 	slider: markerPos = np.float64(2.915)
39.3995 	EXP 	slider: markerPos = np.float64(2.915)
39.4156 	EXP 	slider: markerPos = np.float64(2.915)
39.4331 	EXP 	slider: markerPos = np.float64(2.915)
39.4504 	EXP 	slider: markerPos = np.float64(2.915)
39.4662 	EXP 	slider: markerPos = np.float64(2.915)
39.4825 	EXP 	slider: markerPos = np.float64(2.915)
39.4849 	DATA 	Mouse:  Left button up, pos=(623,163)
39.5014 	EXP 	slider: markerPos = np.float64(2.915)
39.5024 	EXP 	New trial (rep=6, index=8): <Trial 98 (8 in rep 6) data={'study_word': 'phone', 'thisN': 98, 'thisTrialN': 8, 'thisRepN': 6}>
39.5158 	EXP 	text: autoDraw = False
39.5158 	EXP 	slider: autoDraw = False
39.5158 	EXP 	text: height = np.float64(0.05)
39.5158 	EXP 	text: height = np.float64(0.05)
39.5158 	EXP 	text: height = np.float64(0.05)
39.5158 	EXP 	text: text = 'phone'
39.5158 	EXP 	slider: markerPos = None
39.5158 	EXP 	slider: markerPos = None
39.5158 	EXP 	text: autoDraw = True
39.5158 	EXP 	slider: autoDraw = True
39.5531 	DATA 	Mouse: Left button down, pos=(623,163)
39.5673 	EXP 	slider: markerPos = np.float64(2.915)
39.5835 	EXP 	slider: markerPos = np.float64(2.915)
39.5997 	EXP 	slider: markerPos = np.float64(2.915)
39.6163 	EXP 	slider: markerPos = np.float64(2.915)
39.6325 	EXP 	slider: markerPos = np.float64(2.915)
39.6497 	EXP 	slider: markerPos = np.float64(2.915)
39.6667 	EXP 	slider: markerPos = np.float64(2.915)
39.6836 	EXP 	slider: markerPos = np.float64(2.915)
39.6895 	DATA 	Mouse:  Left button up, pos=(623,163)
39.7010 	EXP 	slider: markerPos = np.float64(2.915)
39.7163 	EXP 	slider: markerPos = np.float64(2.915)
39.7170 	EXP 	New trial (rep=6, index=9): <Trial 99 (9 in rep 6) data={'study_word': 'Cruise', 'thisN': 99, 'thisTrialN': 9, 'thisRepN': 6}>
39.7330 	EXP 	text: autoDraw = False
39.7330 	EXP 	slider: autoDraw = False
39.7330 	EXP 	text: height = np.float64(0.05)
39.7330 	EXP 	text: height = np.float64(0.05)
39.7330 	EXP 	text: height = np.float64(0.05)
39.7330 	EXP 	text: text = 'Cruise'
39.7330 	EXP 	slider: markerPos = None
39.7330 	EXP 	slider: markerPos = None
39.7330 	EXP 	text: autoDraw = True
39.7330 	EXP 	slider: autoDraw = True
39.7542 	DATA 	Mouse: Left button down, pos=(623,163)
39.7675 	EXP 	slider: markerPos = np.float64(2.915)
39.7831 	EXP 	slider: markerPos = np.float64(2.915)
39.7997 	EXP 	slider: markerPos = np.float64(2.915)
39.8160 	EXP 	slider: markerPos = np.float64(2.915)
39.8334 	EXP 	slider: markerPos = np.float64(2.915)
39.8488 	EXP 	slider: markerPos = np.float64(2.915)
39.8664 	EXP 	slider: markerPos = np.float64(2.915)
39.8834 	EXP 	slider: markerPos = np.float64(2.915)
39.9002 	EXP 	slider: markerPos = np.float64(2.915)
39.9091 	DATA 	Mouse:  Left button up, pos=(623,163)
39.9319 	EXP 	slider: markerPos = np.float64(2.915)
39.9326 	EXP 	New trial (rep=6, index=10): <Trial 100 (10 in rep 6) data={'study_word': 'Chart', 'thisN': 100, 'thisTrialN': 10, 'thisRepN': 6}>
39.9510 	EXP 	text: autoDraw = False
39.9510 	EXP 	slider: autoDraw = False
39.9510 	EXP 	text: height = np.float64(0.05)
39.9510 	EXP 	text: height = np.float64(0.05)
39.9510 	EXP 	text: height = np.float64(0.05)
39.9510 	EXP 	text: text = 'Chart'
39.9510 	EXP 	slider: markerPos = None
39.9510 	EXP 	slider: markerPos = None
39.9510 	EXP 	text: autoDraw = True
39.9510 	EXP 	slider: autoDraw = True
39.9542 	DATA 	Mouse: Left button down, pos=(623,163)
39.9685 	EXP 	slider: markerPos = np.float64(2.915)
39.9832 	EXP 	slider: markerPos = np.float64(2.915)
39.9994 	EXP 	slider: markerPos = np.float64(2.915)
40.0160 	EXP 	slider: markerPos = np.float64(2.915)
40.0326 	EXP 	slider: markerPos = np.float64(2.915)
40.0494 	EXP 	slider: markerPos = np.float64(2.915)
40.0660 	EXP 	slider: markerPos = np.float64(2.915)
40.0846 	EXP 	slider: markerPos = np.float64(2.915)
40.0997 	EXP 	slider: markerPos = np.float64(2.915)
40.1160 	EXP 	slider: markerPos = np.float64(2.915)
40.1328 	EXP 	slider: markerPos = np.float64(2.915)
40.1495 	EXP 	slider: markerPos = np.float64(2.915)
40.1669 	EXP 	slider: markerPos = np.float64(2.915)
40.1826 	EXP 	slider: markerPos = np.float64(2.885)
40.2000 	EXP 	slider: markerPos = np.float64(2.8049999999999997)
40.2152 	EXP 	slider: markerPos = np.float64(2.755)
40.2320 	EXP 	slider: markerPos = np.float64(2.705)
40.2408 	EXP 	slider: markerPos = np.float64(2.64)
40.2570 	EXP 	slider: markerPos = np.float64(2.605)
40.2738 	EXP 	slider: markerPos = np.float64(2.565)
40.2826 	EXP 	slider: markerPos = np.float64(2.505)
40.2986 	EXP 	slider: markerPos = np.float64(2.485)
40.3159 	EXP 	slider: markerPos = np.float64(2.45)
40.3244 	EXP 	slider: markerPos = np.float64(2.395)
40.3404 	EXP 	slider: markerPos = np.float64(2.375)
40.3574 	EXP 	slider: markerPos = np.float64(2.3449999999999998)
40.3737 	EXP 	slider: markerPos = np.float64(2.295)
40.3833 	EXP 	slider: markerPos = np.float64(2.27)
40.3913 	EXP 	slider: markerPos = np.float64(2.245)
40.4007 	EXP 	slider: markerPos = np.float64(2.245)
40.4157 	EXP 	slider: markerPos = np.float64(2.23)
40.4318 	EXP 	slider: markerPos = np.float64(2.225)
40.4414 	EXP 	slider: markerPos = np.float64(2.2199999999999998)
40.4508 	EXP 	slider: markerPos = np.float64(2.2199999999999998)
40.4653 	EXP 	slider: markerPos = np.float64(2.215)
40.4819 	EXP 	slider: markerPos = np.float64(2.205)
40.4989 	EXP 	slider: markerPos = np.float64(2.195)
40.5081 	EXP 	slider: markerPos = np.float64(2.185)
40.5164 	EXP 	slider: markerPos = np.float64(2.185)
40.5322 	EXP 	slider: markerPos = np.float64(2.18)
40.5485 	EXP 	slider: markerPos = np.float64(2.165)
40.5585 	EXP 	slider: markerPos = np.float64(2.1550000000000002)
40.5659 	EXP 	slider: markerPos = np.float64(2.1550000000000002)
40.5731 	DATA 	Mouse:  Left button up, pos=(471,145)
40.5819 	EXP 	slider: markerPos = np.float64(2.1550000000000002)
40.5918 	EXP 	slider: markerPos = np.float64(2.1550000000000002)
40.5925 	EXP 	New trial (rep=6, index=11): <Trial 101 (11 in rep 6) data={'study_word': 'marble', 'thisN': 101, 'thisTrialN': 11, 'thisRepN': 6}>
40.6068 	EXP 	text: autoDraw = False
40.6068 	EXP 	slider: autoDraw = False
40.6068 	EXP 	text: height = np.float64(0.05)
40.6068 	EXP 	text: height = np.float64(0.05)
40.6068 	EXP 	text: height = np.float64(0.05)
40.6068 	EXP 	text: text = 'marble'
40.6068 	EXP 	slider: markerPos = None
40.6068 	EXP 	slider: markerPos = None
40.6068 	EXP 	text: autoDraw = True
40.6068 	EXP 	slider: autoDraw = True
40.8184 	DATA 	Mouse: Left button down, pos=(471,145)
40.8328 	EXP 	slider: markerPos = np.float64(2.1550000000000002)
40.8493 	EXP 	slider: markerPos = np.float64(2.1550000000000002)
40.8659 	EXP 	slider: markerPos = np.float64(2.1550000000000002)
40.8838 	EXP 	slider: markerPos = np.float64(2.1550000000000002)
40.9003 	EXP 	slider: markerPos = np.float64(2.1550000000000002)
40.9168 	EXP 	slider: markerPos = np.float64(2.1550000000000002)
40.9332 	EXP 	slider: markerPos = np.float64(2.1550000000000002)
40.9501 	EXP 	slider: markerPos = np.float64(2.1550000000000002)
40.9666 	EXP 	slider: markerPos = np.float64(2.1550000000000002)
40.9825 	EXP 	slider: markerPos = np.float64(2.1550000000000002)
40.9994 	EXP 	slider: markerPos = np.float64(2.1550000000000002)
41.0160 	EXP 	slider: markerPos = np.float64(2.1550000000000002)
41.0184 	DATA 	Mouse:  Left button up, pos=(471,145)
41.0346 	EXP 	slider: markerPos = np.float64(2.1550000000000002)
41.0359 	EXP 	New trial (rep=6, index=12): <Trial 102 (12 in rep 6) data={'study_word': 'Poster', 'thisN': 102, 'thisTrialN': 12, 'thisRepN': 6}>
41.0497 	EXP 	text: autoDraw = False
41.0497 	EXP 	slider: autoDraw = False
41.0497 	EXP 	text: height = np.float64(0.05)
41.0497 	EXP 	text: height = np.float64(0.05)
41.0497 	EXP 	text: height = np.float64(0.05)
41.0497 	EXP 	text: text = 'Poster'
41.0497 	EXP 	slider: markerPos = None
41.0497 	EXP 	slider: markerPos = None
41.0497 	EXP 	text: autoDraw = True
41.0497 	EXP 	slider: autoDraw = True
41.0857 	DATA 	Mouse: Left button down, pos=(471,145)
41.1002 	EXP 	slider: markerPos = np.float64(2.1550000000000002)
41.1165 	EXP 	slider: markerPos = np.float64(2.1550000000000002)
41.1330 	EXP 	slider: markerPos = np.float64(2.1550000000000002)
41.1492 	EXP 	slider: markerPos = np.float64(2.1550000000000002)
41.1660 	EXP 	slider: markerPos = np.float64(2.1550000000000002)
41.1824 	EXP 	slider: markerPos = np.float64(2.1550000000000002)
41.1996 	EXP 	slider: markerPos = np.float64(2.1550000000000002)
41.2170 	EXP 	slider: markerPos = np.float64(2.1550000000000002)
41.2266 	DATA 	Mouse:  Left button up, pos=(471,145)
41.2487 	EXP 	slider: markerPos = np.float64(2.1550000000000002)
41.2494 	EXP 	New trial (rep=6, index=13): <Trial 103 (13 in rep 6) data={'study_word': 'Case', 'thisN': 103, 'thisTrialN': 13, 'thisRepN': 6}>
41.2665 	EXP 	text: autoDraw = False
41.2665 	EXP 	slider: autoDraw = False
41.2665 	EXP 	text: height = np.float64(0.05)
41.2665 	EXP 	text: height = np.float64(0.05)
41.2665 	EXP 	text: height = np.float64(0.05)
41.2665 	EXP 	text: text = 'Case'
41.2665 	EXP 	slider: markerPos = None
41.2665 	EXP 	slider: markerPos = None
41.2665 	EXP 	text: autoDraw = True
41.2665 	EXP 	slider: autoDraw = True
41.2871 	DATA 	Mouse: Left button down, pos=(471,145)
41.2999 	EXP 	slider: markerPos = np.float64(2.1550000000000002)
41.3164 	EXP 	slider: markerPos = np.float64(2.1550000000000002)
41.3329 	EXP 	slider: markerPos = np.float64(2.1550000000000002)
41.3496 	EXP 	slider: markerPos = np.float64(2.1550000000000002)
41.3660 	EXP 	slider: markerPos = np.float64(2.1550000000000002)
41.3832 	EXP 	slider: markerPos = np.float64(2.1550000000000002)
41.3995 	EXP 	slider: markerPos = np.float64(2.1550000000000002)
41.4164 	EXP 	slider: markerPos = np.float64(2.1550000000000002)
41.4253 	DATA 	Mouse:  Left button up, pos=(471,145)
41.4332 	EXP 	slider: markerPos = np.float64(2.1550000000000002)
41.4340 	EXP 	New trial (rep=6, index=14): <Trial 104 (14 in rep 6) data={'study_word': 'cushion', 'thisN': 104, 'thisTrialN': 14, 'thisRepN': 6}>
41.4495 	EXP 	text: autoDraw = False
41.4495 	EXP 	slider: autoDraw = False
41.4495 	EXP 	text: height = np.float64(0.05)
41.4495 	EXP 	text: height = np.float64(0.05)
41.4495 	EXP 	text: height = np.float64(0.05)
41.4495 	EXP 	text: text = 'cushion'
41.4495 	EXP 	slider: markerPos = None
41.4495 	EXP 	slider: markerPos = None
41.4495 	EXP 	text: autoDraw = True
41.4495 	EXP 	slider: autoDraw = True
41.4723 	DATA 	Mouse: Left button down, pos=(471,145)
41.4996 	EXP 	slider: markerPos = np.float64(2.1550000000000002)
41.5167 	EXP 	slider: markerPos = np.float64(2.1550000000000002)
41.5324 	EXP 	slider: markerPos = np.float64(2.1550000000000002)
41.5491 	EXP 	slider: markerPos = np.float64(2.1550000000000002)
41.5660 	EXP 	slider: markerPos = np.float64(2.1550000000000002)
41.5827 	EXP 	slider: markerPos = np.float64(2.1550000000000002)
41.5996 	EXP 	slider: markerPos = np.float64(2.1550000000000002)
41.6166 	EXP 	slider: markerPos = np.float64(2.1550000000000002)
41.6330 	EXP 	slider: markerPos = np.float64(2.1550000000000002)
41.6415 	DATA 	Mouse:  Left button up, pos=(471,145)
41.6654 	EXP 	slider: markerPos = np.float64(2.1550000000000002)
41.6663 	EXP 	New trial (rep=7, index=0): <Trial 105 (0 in rep 7) data={'study_word': 'Poster', 'thisN': 105, 'thisTrialN': 0, 'thisRepN': 7}>
41.6834 	EXP 	text: autoDraw = False
41.6834 	EXP 	slider: autoDraw = False
41.6834 	EXP 	text: height = np.float64(0.05)
41.6834 	EXP 	text: height = np.float64(0.05)
41.6834 	EXP 	text: height = np.float64(0.05)
41.6834 	EXP 	text: text = 'Poster'
41.6834 	EXP 	slider: markerPos = None
41.6834 	EXP 	slider: markerPos = None
41.6834 	EXP 	text: autoDraw = True
41.6834 	EXP 	slider: autoDraw = True
41.7048 	DATA 	Mouse: Left button down, pos=(471,145)
41.7165 	EXP 	slider: markerPos = np.float64(2.1550000000000002)
41.7330 	EXP 	slider: markerPos = np.float64(2.1550000000000002)
41.7494 	EXP 	slider: markerPos = np.float64(2.1550000000000002)
41.7664 	EXP 	slider: markerPos = np.float64(2.1550000000000002)
41.7830 	EXP 	slider: markerPos = np.float64(2.1550000000000002)
41.8001 	EXP 	slider: markerPos = np.float64(2.1550000000000002)
41.8162 	EXP 	slider: markerPos = np.float64(2.1550000000000002)
41.8183 	DATA 	Mouse:  Left button up, pos=(471,145)
41.8333 	EXP 	slider: markerPos = np.float64(2.1550000000000002)
41.8340 	EXP 	New trial (rep=7, index=1): <Trial 106 (1 in rep 7) data={'study_word': 'Case', 'thisN': 106, 'thisTrialN': 1, 'thisRepN': 7}>
41.8496 	EXP 	text: autoDraw = False
41.8496 	EXP 	slider: autoDraw = False
41.8496 	EXP 	text: height = np.float64(0.05)
41.8496 	EXP 	text: height = np.float64(0.05)
41.8496 	EXP 	text: height = np.float64(0.05)
41.8496 	EXP 	text: text = 'Case'
41.8496 	EXP 	slider: markerPos = None
41.8496 	EXP 	slider: markerPos = None
41.8496 	EXP 	text: autoDraw = True
41.8496 	EXP 	slider: autoDraw = True
41.8685 	DATA 	Mouse: Left button down, pos=(471,145)
41.8842 	EXP 	slider: markerPos = np.float64(2.1550000000000002)
41.9010 	EXP 	slider: markerPos = np.float64(2.1550000000000002)
41.9174 	EXP 	slider: markerPos = np.float64(2.1550000000000002)
41.9331 	EXP 	slider: markerPos = np.float64(2.1550000000000002)
41.9497 	EXP 	slider: markerPos = np.float64(2.1550000000000002)
41.9660 	EXP 	slider: markerPos = np.float64(2.1550000000000002)
41.9832 	EXP 	slider: markerPos = np.float64(2.1550000000000002)
42.0004 	EXP 	slider: markerPos = np.float64(2.1550000000000002)
42.0166 	EXP 	slider: markerPos = np.float64(2.1550000000000002)
42.0250 	DATA 	Mouse:  Left button up, pos=(471,145)
42.0486 	EXP 	slider: markerPos = np.float64(2.1550000000000002)
42.0495 	EXP 	New trial (rep=7, index=2): <Trial 107 (2 in rep 7) data={'study_word': 'phone', 'thisN': 107, 'thisTrialN': 2, 'thisRepN': 7}>
42.0670 	EXP 	text: autoDraw = False
42.0670 	EXP 	slider: autoDraw = False
42.0670 	EXP 	text: height = np.float64(0.05)
42.0670 	EXP 	text: height = np.float64(0.05)
42.0670 	EXP 	text: height = np.float64(0.05)
42.0670 	EXP 	text: text = 'phone'
42.0670 	EXP 	slider: markerPos = None
42.0670 	EXP 	slider: markerPos = None
42.0670 	EXP 	text: autoDraw = True
42.0670 	EXP 	slider: autoDraw = True
42.0699 	DATA 	Mouse: Left button down, pos=(471,145)
42.0848 	EXP 	slider: markerPos = np.float64(2.1550000000000002)
42.1013 	EXP 	slider: markerPos = np.float64(2.1550000000000002)
42.1174 	EXP 	slider: markerPos = np.float64(2.1550000000000002)
42.1340 	EXP 	slider: markerPos = np.float64(2.1550000000000002)
42.1510 	EXP 	slider: markerPos = np.float64(2.1550000000000002)
42.1676 	EXP 	slider: markerPos = np.float64(2.1550000000000002)
42.1832 	EXP 	slider: markerPos = np.float64(2.1550000000000002)
42.2002 	EXP 	slider: markerPos = np.float64(2.1550000000000002)
42.2181 	EXP 	slider: markerPos = np.float64(2.1550000000000002)
42.2352 	EXP 	slider: markerPos = np.float64(2.1550000000000002)
42.2381 	DATA 	Mouse:  Left button up, pos=(471,145)
42.2514 	EXP 	slider: markerPos = np.float64(2.1550000000000002)
42.2522 	EXP 	New trial (rep=7, index=3): <Trial 108 (3 in rep 7) data={'study_word': 'marble', 'thisN': 108, 'thisTrialN': 3, 'thisRepN': 7}>
42.2662 	EXP 	text: autoDraw = False
42.2662 	EXP 	slider: autoDraw = False
42.2662 	EXP 	text: height = np.float64(0.05)
42.2662 	EXP 	text: height = np.float64(0.05)
42.2662 	EXP 	text: height = np.float64(0.05)
42.2662 	EXP 	text: text = 'marble'
42.2662 	EXP 	slider: markerPos = None
42.2662 	EXP 	slider: markerPos = None
42.2662 	EXP 	text: autoDraw = True
42.2662 	EXP 	slider: autoDraw = True
42.3037 	DATA 	Mouse: Left button down, pos=(471,145)
42.3327 	EXP 	slider: markerPos = np.float64(2.1550000000000002)
42.3498 	EXP 	slider: markerPos = np.float64(2.1550000000000002)
42.3660 	EXP 	slider: markerPos = np.float64(2.1550000000000002)
42.3827 	EXP 	slider: markerPos = np.float64(2.1550000000000002)
42.3996 	EXP 	slider: markerPos = np.float64(2.1550000000000002)
42.4163 	EXP 	slider: markerPos = np.float64(2.1550000000000002)
42.4334 	EXP 	slider: markerPos = np.float64(2.1550000000000002)
42.4379 	DATA 	Mouse:  Left button up, pos=(471,145)
42.4518 	EXP 	slider: markerPos = np.float64(2.1550000000000002)
42.4527 	EXP 	New trial (rep=7, index=4): <Trial 109 (4 in rep 7) data={'study_word': 'mouse', 'thisN': 109, 'thisTrialN': 4, 'thisRepN': 7}>
42.4666 	EXP 	text: autoDraw = False
42.4666 	EXP 	slider: autoDraw = False
42.4666 	EXP 	text: height = np.float64(0.05)
42.4666 	EXP 	text: height = np.float64(0.05)
42.4666 	EXP 	text: height = np.float64(0.05)
42.4666 	EXP 	text: text = 'mouse'
42.4666 	EXP 	slider: markerPos = None
42.4666 	EXP 	slider: markerPos = None
42.4666 	EXP 	text: autoDraw = True
42.4666 	EXP 	slider: autoDraw = True
42.5019 	DATA 	Mouse: Left button down, pos=(471,145)
42.5165 	EXP 	slider: markerPos = np.float64(2.1550000000000002)
42.5326 	EXP 	slider: markerPos = np.float64(2.1550000000000002)
42.5498 	EXP 	slider: markerPos = np.float64(2.1550000000000002)
42.5669 	EXP 	slider: markerPos = np.float64(2.1550000000000002)
42.5825 	EXP 	slider: markerPos = np.float64(2.1550000000000002)
42.5998 	EXP 	slider: markerPos = np.float64(2.1550000000000002)
42.6168 	EXP 	slider: markerPos = np.float64(2.1550000000000002)
42.6325 	EXP 	slider: markerPos = np.float64(2.1550000000000002)
42.6494 	EXP 	slider: markerPos = np.float64(2.1550000000000002)
42.6541 	DATA 	Mouse:  Left button up, pos=(471,145)
42.6679 	EXP 	slider: markerPos = np.float64(2.1550000000000002)
42.6826 	EXP 	slider: markerPos = np.float64(2.1550000000000002)
42.6833 	EXP 	New trial (rep=7, index=5): <Trial 110 (5 in rep 7) data={'study_word': 'cushion', 'thisN': 110, 'thisTrialN': 5, 'thisRepN': 7}>
42.6995 	EXP 	text: autoDraw = False
42.6995 	EXP 	slider: autoDraw = False
42.6995 	EXP 	text: height = np.float64(0.05)
42.6995 	EXP 	text: height = np.float64(0.05)
42.6995 	EXP 	text: height = np.float64(0.05)
42.6995 	EXP 	text: text = 'cushion'
42.6995 	EXP 	slider: markerPos = None
42.6995 	EXP 	slider: markerPos = None
42.6995 	EXP 	text: autoDraw = True
42.6995 	EXP 	slider: autoDraw = True
42.7192 	DATA 	Mouse: Left button down, pos=(471,145)
42.7327 	EXP 	slider: markerPos = np.float64(2.1550000000000002)
42.7505 	EXP 	slider: markerPos = np.float64(2.1550000000000002)
42.7663 	EXP 	slider: markerPos = np.float64(2.1550000000000002)
42.7832 	EXP 	slider: markerPos = np.float64(2.1550000000000002)
42.7992 	EXP 	slider: markerPos = np.float64(2.1550000000000002)
42.8164 	EXP 	slider: markerPos = np.float64(2.1550000000000002)
42.8335 	EXP 	slider: markerPos = np.float64(2.1550000000000002)
42.8497 	EXP 	slider: markerPos = np.float64(2.1550000000000002)
42.8524 	DATA 	Mouse:  Left button up, pos=(471,145)
42.8675 	EXP 	slider: markerPos = np.float64(2.1550000000000002)
42.8684 	EXP 	New trial (rep=7, index=6): <Trial 111 (6 in rep 7) data={'study_word': 'board', 'thisN': 111, 'thisTrialN': 6, 'thisRepN': 7}>
42.8828 	EXP 	text: autoDraw = False
42.8828 	EXP 	slider: autoDraw = False
42.8828 	EXP 	text: height = np.float64(0.05)
42.8828 	EXP 	text: height = np.float64(0.05)
42.8828 	EXP 	text: height = np.float64(0.05)
42.8828 	EXP 	text: text = 'board'
42.8828 	EXP 	slider: markerPos = None
42.8828 	EXP 	slider: markerPos = None
42.8828 	EXP 	text: autoDraw = True
42.8828 	EXP 	slider: autoDraw = True
42.9024 	DATA 	Mouse: Left button down, pos=(471,145)
42.9170 	EXP 	slider: markerPos = np.float64(2.1550000000000002)
42.9331 	EXP 	slider: markerPos = np.float64(2.1550000000000002)
42.9493 	EXP 	slider: markerPos = np.float64(2.1550000000000002)
42.9659 	EXP 	slider: markerPos = np.float64(2.1550000000000002)
42.9834 	EXP 	slider: markerPos = np.float64(2.1550000000000002)
42.9993 	EXP 	slider: markerPos = np.float64(2.1550000000000002)
43.0160 	EXP 	slider: markerPos = np.float64(2.1550000000000002)
43.0180 	DATA 	Mouse:  Left button up, pos=(471,145)
43.0344 	EXP 	slider: markerPos = np.float64(2.1550000000000002)
43.0352 	EXP 	New trial (rep=7, index=7): <Trial 112 (7 in rep 7) data={'study_word': 'Keys', 'thisN': 112, 'thisTrialN': 7, 'thisRepN': 7}>
43.0494 	EXP 	text: autoDraw = False
43.0494 	EXP 	slider: autoDraw = False
43.0494 	EXP 	text: height = np.float64(0.05)
43.0494 	EXP 	text: height = np.float64(0.05)
43.0494 	EXP 	text: height = np.float64(0.05)
43.0494 	EXP 	text: text = 'Keys'
43.0494 	EXP 	slider: markerPos = None
43.0494 	EXP 	slider: markerPos = None
43.0494 	EXP 	text: autoDraw = True
43.0494 	EXP 	slider: autoDraw = True
43.0858 	DATA 	Mouse: Left button down, pos=(471,145)
43.1001 	EXP 	slider: markerPos = np.float64(2.1550000000000002)
43.1162 	EXP 	slider: markerPos = np.float64(2.1550000000000002)
43.1330 	EXP 	slider: markerPos = np.float64(2.1550000000000002)
43.1494 	EXP 	slider: markerPos = np.float64(2.1550000000000002)
43.1665 	EXP 	slider: markerPos = np.float64(2.1550000000000002)
43.1835 	EXP 	slider: markerPos = np.float64(2.1550000000000002)
43.1993 	EXP 	slider: markerPos = np.float64(2.1550000000000002)
43.2166 	EXP 	slider: markerPos = np.float64(2.1550000000000002)
43.2191 	DATA 	Mouse:  Left button up, pos=(471,145)
43.2343 	EXP 	slider: markerPos = np.float64(2.1550000000000002)
43.2351 	EXP 	New trial (rep=7, index=8): <Trial 113 (8 in rep 7) data={'study_word': 'T-shirt', 'thisN': 113, 'thisTrialN': 8, 'thisRepN': 7}>
43.2502 	EXP 	text: autoDraw = False
43.2502 	EXP 	slider: autoDraw = False
43.2502 	EXP 	text: height = np.float64(0.05)
43.2502 	EXP 	text: height = np.float64(0.05)
43.2502 	EXP 	text: height = np.float64(0.05)
43.2502 	EXP 	text: text = 'T-shirt'
43.2502 	EXP 	slider: markerPos = None
43.2502 	EXP 	slider: markerPos = None
43.2502 	EXP 	text: autoDraw = True
43.2502 	EXP 	slider: autoDraw = True
43.2858 	DATA 	Mouse: Left button down, pos=(471,145)
43.3004 	EXP 	slider: markerPos = np.float64(2.1550000000000002)
43.3162 	EXP 	slider: markerPos = np.float64(2.1550000000000002)
43.3330 	EXP 	slider: markerPos = np.float64(2.1550000000000002)
43.3499 	EXP 	slider: markerPos = np.float64(2.1550000000000002)
43.3665 	EXP 	slider: markerPos = np.float64(2.1550000000000002)
43.3831 	EXP 	slider: markerPos = np.float64(2.1550000000000002)
43.3999 	EXP 	slider: markerPos = np.float64(2.1550000000000002)
43.4178 	EXP 	slider: markerPos = np.float64(2.1550000000000002)
43.4240 	DATA 	Mouse:  Left button up, pos=(471,145)
43.4373 	EXP 	slider: markerPos = np.float64(2.1550000000000002)
43.4382 	EXP 	New trial (rep=7, index=9): <Trial 114 (9 in rep 7) data={'study_word': 'Cruise', 'thisN': 114, 'thisTrialN': 9, 'thisRepN': 7}>
43.4494 	EXP 	text: autoDraw = False
43.4494 	EXP 	slider: autoDraw = False
43.4494 	EXP 	text: height = np.float64(0.05)
43.4494 	EXP 	text: height = np.float64(0.05)
43.4494 	EXP 	text: height = np.float64(0.05)
43.4494 	EXP 	text: text = 'Cruise'
43.4494 	EXP 	slider: markerPos = None
43.4494 	EXP 	slider: markerPos = None
43.4494 	EXP 	text: autoDraw = True
43.4494 	EXP 	slider: autoDraw = True
43.4874 	DATA 	Mouse: Left button down, pos=(471,145)
43.5159 	EXP 	slider: markerPos = np.float64(2.1550000000000002)
43.5349 	EXP 	slider: markerPos = np.float64(2.1550000000000002)
43.5508 	EXP 	slider: markerPos = np.float64(2.1550000000000002)
43.5672 	EXP 	slider: markerPos = np.float64(2.1550000000000002)
43.5838 	EXP 	slider: markerPos = np.float64(2.1550000000000002)
43.6004 	EXP 	slider: markerPos = np.float64(2.1550000000000002)
43.6180 	EXP 	slider: markerPos = np.float64(2.1550000000000002)
43.6339 	EXP 	slider: markerPos = np.float64(2.1550000000000002)
43.6361 	DATA 	Mouse:  Left button up, pos=(471,145)
43.6517 	EXP 	slider: markerPos = np.float64(2.1550000000000002)
43.6526 	EXP 	New trial (rep=7, index=10): <Trial 115 (10 in rep 7) data={'study_word': 'Laptop', 'thisN': 115, 'thisTrialN': 10, 'thisRepN': 7}>
43.6679 	EXP 	text: autoDraw = False
43.6679 	EXP 	slider: autoDraw = False
43.6679 	EXP 	text: height = np.float64(0.05)
43.6679 	EXP 	text: height = np.float64(0.05)
43.6679 	EXP 	text: height = np.float64(0.05)
43.6679 	EXP 	text: text = 'Laptop'
43.6679 	EXP 	slider: markerPos = None
43.6679 	EXP 	slider: markerPos = None
43.6679 	EXP 	text: autoDraw = True
43.6679 	EXP 	slider: autoDraw = True
44.5974 	DATA 	Mouse: Left button down, pos=(252,184)
44.6247 	EXP 	slider: markerPos = np.float64(1.06)
44.6412 	EXP 	slider: markerPos = np.float64(1.06)
44.6581 	EXP 	slider: markerPos = np.float64(1.06)
44.6746 	EXP 	slider: markerPos = np.float64(1.06)
44.6910 	EXP 	slider: markerPos = np.float64(1.06)
44.7075 	EXP 	slider: markerPos = np.float64(1.06)
44.7246 	EXP 	slider: markerPos = np.float64(1.06)
44.7410 	EXP 	slider: markerPos = np.float64(1.06)
44.7576 	EXP 	slider: markerPos = np.float64(1.06)
44.7745 	EXP 	slider: markerPos = np.float64(1.06)
44.7869 	DATA 	Mouse:  Left button up, pos=(252,184)
44.7925 	EXP 	slider: markerPos = np.float64(1.06)
44.8083 	EXP 	slider: markerPos = np.float64(1.06)
44.8097 	EXP 	New trial (rep=7, index=11): <Trial 116 (11 in rep 7) data={'study_word': 'Police', 'thisN': 116, 'thisTrialN': 11, 'thisRepN': 7}>
44.8242 	EXP 	text: autoDraw = False
44.8242 	EXP 	slider: autoDraw = False
44.8242 	EXP 	text: height = np.float64(0.05)
44.8242 	EXP 	text: height = np.float64(0.05)
44.8242 	EXP 	text: height = np.float64(0.05)
44.8242 	EXP 	text: text = 'Police'
44.8242 	EXP 	slider: markerPos = None
44.8242 	EXP 	slider: markerPos = None
44.8242 	EXP 	text: autoDraw = True
44.8242 	EXP 	slider: autoDraw = True
44.8282 	DATA 	Mouse: Left button down, pos=(252,184)
44.8574 	EXP 	slider: markerPos = np.float64(1.06)
44.8742 	EXP 	slider: markerPos = np.float64(1.06)
44.8908 	EXP 	slider: markerPos = np.float64(1.06)
44.9075 	EXP 	slider: markerPos = np.float64(1.06)
44.9246 	EXP 	slider: markerPos = np.float64(1.06)
44.9410 	EXP 	slider: markerPos = np.float64(1.06)
44.9581 	EXP 	slider: markerPos = np.float64(1.06)
44.9747 	EXP 	slider: markerPos = np.float64(1.06)
44.9764 	DATA 	Mouse:  Left button up, pos=(252,184)
44.9919 	EXP 	slider: markerPos = np.float64(1.06)
44.9926 	EXP 	New trial (rep=7, index=12): <Trial 117 (12 in rep 7) data={'study_word': 'book', 'thisN': 117, 'thisTrialN': 12, 'thisRepN': 7}>
45.0081 	EXP 	text: autoDraw = False
45.0081 	EXP 	slider: autoDraw = False
45.0081 	EXP 	text: height = np.float64(0.05)
45.0081 	EXP 	text: height = np.float64(0.05)
45.0081 	EXP 	text: height = np.float64(0.05)
45.0081 	EXP 	text: text = 'book'
45.0081 	EXP 	slider: markerPos = None
45.0081 	EXP 	slider: markerPos = None
45.0081 	EXP 	text: autoDraw = True
45.0081 	EXP 	slider: autoDraw = True
45.0454 	DATA 	Mouse: Left button down, pos=(252,184)
45.0585 	EXP 	slider: markerPos = np.float64(1.06)
45.0759 	EXP 	slider: markerPos = np.float64(1.06)
45.0914 	EXP 	slider: markerPos = np.float64(1.06)
45.1081 	EXP 	slider: markerPos = np.float64(1.06)
45.1247 	EXP 	slider: markerPos = np.float64(1.06)
45.1415 	EXP 	slider: markerPos = np.float64(1.06)
45.1580 	EXP 	slider: markerPos = np.float64(1.06)
45.1744 	EXP 	slider: markerPos = np.float64(1.06)
45.1793 	DATA 	Mouse:  Left button up, pos=(252,184)
45.1934 	EXP 	slider: markerPos = np.float64(1.06)
45.1942 	EXP 	New trial (rep=7, index=13): <Trial 118 (13 in rep 7) data={'study_word': 'Pastry', 'thisN': 118, 'thisTrialN': 13, 'thisRepN': 7}>
45.2079 	EXP 	text: autoDraw = False
45.2079 	EXP 	slider: autoDraw = False
45.2079 	EXP 	text: height = np.float64(0.05)
45.2079 	EXP 	text: height = np.float64(0.05)
45.2079 	EXP 	text: height = np.float64(0.05)
45.2079 	EXP 	text: text = 'Pastry'
45.2079 	EXP 	slider: markerPos = None
45.2079 	EXP 	slider: markerPos = None
45.2079 	EXP 	text: autoDraw = True
45.2079 	EXP 	slider: autoDraw = True
45.2424 	DATA 	Mouse: Left button down, pos=(252,184)
45.2587 	EXP 	slider: markerPos = np.float64(1.06)
45.2747 	EXP 	slider: markerPos = np.float64(1.06)
45.2912 	EXP 	slider: markerPos = np.float64(1.06)
45.3080 	EXP 	slider: markerPos = np.float64(1.06)
45.3243 	EXP 	slider: markerPos = np.float64(1.06)
45.3413 	EXP 	slider: markerPos = np.float64(1.06)
45.3582 	EXP 	slider: markerPos = np.float64(1.06)
45.3746 	EXP 	slider: markerPos = np.float64(1.06)
45.3841 	DATA 	Mouse:  Left button up, pos=(252,184)
45.4069 	EXP 	slider: markerPos = np.float64(1.06)
45.4076 	EXP 	New trial (rep=7, index=14): <Trial 119 (14 in rep 7) data={'study_word': 'Chart', 'thisN': 119, 'thisTrialN': 14, 'thisRepN': 7}>
45.4407 	EXP 	text: autoDraw = False
45.4407 	EXP 	slider: autoDraw = False
45.4407 	EXP 	text: height = np.float64(0.05)
45.4407 	EXP 	text: height = np.float64(0.05)
45.4407 	EXP 	text: height = np.float64(0.05)
45.4407 	EXP 	text: text = 'Chart'
45.4407 	EXP 	slider: markerPos = None
45.4407 	EXP 	slider: markerPos = None
45.4407 	EXP 	text: autoDraw = True
45.4407 	EXP 	slider: autoDraw = True
45.4467 	DATA 	Mouse: Left button down, pos=(252,184)
45.4579 	EXP 	slider: markerPos = np.float64(1.06)
45.4743 	EXP 	slider: markerPos = np.float64(1.06)
45.4912 	EXP 	slider: markerPos = np.float64(1.06)
45.5080 	EXP 	slider: markerPos = np.float64(1.06)
45.5251 	EXP 	slider: markerPos = np.float64(1.06)
45.5408 	EXP 	slider: markerPos = np.float64(1.06)
45.5580 	EXP 	slider: markerPos = np.float64(1.06)
45.5617 	DATA 	Mouse:  Left button up, pos=(252,184)
45.5745 	EXP 	slider: markerPos = np.float64(1.06)
45.5753 	EXP 	New trial (rep=8, index=0): <Trial 120 (0 in rep 8) data={'study_word': 'Pastry', 'thisN': 120, 'thisTrialN': 0, 'thisRepN': 8}>
45.5914 	EXP 	text: autoDraw = False
45.5914 	EXP 	slider: autoDraw = False
45.5914 	EXP 	text: height = np.float64(0.05)
45.5914 	EXP 	text: height = np.float64(0.05)
45.5914 	EXP 	text: height = np.float64(0.05)
45.5914 	EXP 	text: text = 'Pastry'
45.5914 	EXP 	slider: markerPos = None
45.5914 	EXP 	slider: markerPos = None
45.5914 	EXP 	text: autoDraw = True
45.5914 	EXP 	slider: autoDraw = True
45.6299 	DATA 	Mouse: Left button down, pos=(252,184)
45.6583 	EXP 	slider: markerPos = np.float64(1.06)
45.6745 	EXP 	slider: markerPos = np.float64(1.06)
45.6920 	EXP 	slider: markerPos = np.float64(1.06)
45.7091 	EXP 	slider: markerPos = np.float64(1.06)
45.7262 	EXP 	slider: markerPos = np.float64(1.06)
45.7423 	EXP 	slider: markerPos = np.float64(1.06)
45.7592 	EXP 	slider: markerPos = np.float64(1.06)
45.7744 	DATA 	Mouse:  Left button up, pos=(252,184)
45.7908 	EXP 	slider: markerPos = np.float64(1.06)
45.8099 	EXP 	slider: markerPos = np.float64(1.06)
45.8114 	EXP 	New trial (rep=8, index=1): <Trial 121 (1 in rep 8) data={'study_word': 'marble', 'thisN': 121, 'thisTrialN': 1, 'thisRepN': 8}>
45.8248 	EXP 	text: autoDraw = False
45.8248 	EXP 	slider: autoDraw = False
45.8248 	EXP 	text: height = np.float64(0.05)
45.8248 	EXP 	text: height = np.float64(0.05)
45.8248 	EXP 	text: height = np.float64(0.05)
45.8248 	EXP 	text: text = 'marble'
45.8248 	EXP 	slider: markerPos = None
45.8248 	EXP 	slider: markerPos = None
45.8248 	EXP 	text: autoDraw = True
45.8248 	EXP 	slider: autoDraw = True
45.8312 	DATA 	Mouse: Left button down, pos=(252,184)
45.8583 	EXP 	slider: markerPos = np.float64(1.06)
45.8759 	EXP 	slider: markerPos = np.float64(1.06)
45.8922 	EXP 	slider: markerPos = np.float64(1.06)
45.9093 	EXP 	slider: markerPos = np.float64(1.06)
45.9259 	EXP 	slider: markerPos = np.float64(1.06)
45.9422 	EXP 	slider: markerPos = np.float64(1.06)
45.9596 	EXP 	slider: markerPos = np.float64(1.06)
45.9682 	DATA 	Mouse:  Left button up, pos=(252,184)
45.9787 	EXP 	slider: markerPos = np.float64(1.06)
45.9914 	EXP 	slider: markerPos = np.float64(1.06)
45.9921 	EXP 	New trial (rep=8, index=2): <Trial 122 (2 in rep 8) data={'study_word': 'board', 'thisN': 122, 'thisTrialN': 2, 'thisRepN': 8}>
46.0094 	EXP 	text: autoDraw = False
46.0094 	EXP 	slider: autoDraw = False
46.0094 	EXP 	text: height = np.float64(0.05)
46.0094 	EXP 	text: height = np.float64(0.05)
46.0094 	EXP 	text: height = np.float64(0.05)
46.0094 	EXP 	text: text = 'board'
46.0094 	EXP 	slider: markerPos = None
46.0094 	EXP 	slider: markerPos = None
46.0094 	EXP 	text: autoDraw = True
46.0094 	EXP 	slider: autoDraw = True
46.0453 	DATA 	Mouse: Left button down, pos=(252,184)
46.0592 	EXP 	slider: markerPos = np.float64(1.06)
46.0743 	EXP 	slider: markerPos = np.float64(1.06)
46.0912 	EXP 	slider: markerPos = np.float64(1.06)
46.1077 	EXP 	slider: markerPos = np.float64(1.06)
46.1262 	EXP 	slider: markerPos = np.float64(1.06)
46.1427 	EXP 	slider: markerPos = np.float64(1.06)
46.1595 	EXP 	slider: markerPos = np.float64(1.06)
46.1766 	EXP 	slider: markerPos = np.float64(1.06)
46.1795 	DATA 	Mouse:  Left button up, pos=(252,184)
46.1958 	EXP 	slider: markerPos = np.float64(1.06)
46.1966 	EXP 	New trial (rep=8, index=3): <Trial 123 (3 in rep 8) data={'study_word': 'mouse', 'thisN': 123, 'thisTrialN': 3, 'thisRepN': 8}>
46.2078 	EXP 	text: autoDraw = False
46.2078 	EXP 	slider: autoDraw = False
46.2078 	EXP 	text: height = np.float64(0.05)
46.2078 	EXP 	text: height = np.float64(0.05)
46.2078 	EXP 	text: height = np.float64(0.05)
46.2078 	EXP 	text: text = 'mouse'
46.2078 	EXP 	slider: markerPos = None
46.2078 	EXP 	slider: markerPos = None
46.2078 	EXP 	text: autoDraw = True
46.2078 	EXP 	slider: autoDraw = True
46.2474 	DATA 	Mouse: Left button down, pos=(252,184)
46.2593 	EXP 	slider: markerPos = np.float64(1.06)
46.2744 	EXP 	slider: markerPos = np.float64(1.06)
46.2926 	EXP 	slider: markerPos = np.float64(1.06)
46.3088 	EXP 	slider: markerPos = np.float64(1.06)
46.3253 	EXP 	slider: markerPos = np.float64(1.06)
46.3421 	EXP 	slider: markerPos = np.float64(1.06)
46.3581 	EXP 	slider: markerPos = np.float64(1.06)
46.3866 	EXP 	slider: markerPos = np.float64(1.06)
46.3926 	DATA 	Mouse:  Left button up, pos=(252,184)
46.4094 	EXP 	slider: markerPos = np.float64(1.06)
46.4102 	EXP 	New trial (rep=8, index=4): <Trial 124 (4 in rep 8) data={'study_word': 'Chart', 'thisN': 124, 'thisTrialN': 4, 'thisRepN': 8}>
46.4251 	EXP 	text: autoDraw = False
46.4251 	EXP 	slider: autoDraw = False
46.4251 	EXP 	text: height = np.float64(0.05)
46.4251 	EXP 	text: height = np.float64(0.05)
46.4251 	EXP 	text: height = np.float64(0.05)
46.4251 	EXP 	text: text = 'Chart'
46.4251 	EXP 	slider: markerPos = None
46.4251 	EXP 	slider: markerPos = None
46.4251 	EXP 	text: autoDraw = True
46.4251 	EXP 	slider: autoDraw = True
46.4623 	DATA 	Mouse: Left button down, pos=(252,184)
46.4752 	EXP 	slider: markerPos = np.float64(1.06)
46.4909 	EXP 	slider: markerPos = np.float64(1.06)
46.5077 	EXP 	slider: markerPos = np.float64(1.06)
46.5250 	EXP 	slider: markerPos = np.float64(1.06)
46.5415 	EXP 	slider: markerPos = np.float64(1.06)
46.5573 	EXP 	slider: markerPos = np.float64(1.06)
46.5621 	DATA 	Mouse:  Left button up, pos=(252,184)
46.5744 	EXP 	slider: markerPos = np.float64(1.06)
46.5910 	EXP 	slider: markerPos = np.float64(1.06)
46.5920 	EXP 	New trial (rep=8, index=5): <Trial 125 (5 in rep 8) data={'study_word': 'phone', 'thisN': 125, 'thisTrialN': 5, 'thisRepN': 8}>
46.6077 	EXP 	text: autoDraw = False
46.6077 	EXP 	slider: autoDraw = False
46.6077 	EXP 	text: height = np.float64(0.05)
46.6077 	EXP 	text: height = np.float64(0.05)
46.6077 	EXP 	text: height = np.float64(0.05)
46.6077 	EXP 	text: text = 'phone'
46.6077 	EXP 	slider: markerPos = None
46.6077 	EXP 	slider: markerPos = None
46.6077 	EXP 	text: autoDraw = True
46.6077 	EXP 	slider: autoDraw = True
46.6265 	DATA 	Mouse: Left button down, pos=(252,184)
46.6411 	EXP 	slider: markerPos = np.float64(1.06)
46.6576 	EXP 	slider: markerPos = np.float64(1.06)
46.6743 	EXP 	slider: markerPos = np.float64(1.06)
46.6914 	EXP 	slider: markerPos = np.float64(1.06)
46.7088 	EXP 	slider: markerPos = np.float64(1.06)
46.7248 	EXP 	slider: markerPos = np.float64(1.06)
46.7418 	EXP 	slider: markerPos = np.float64(1.06)
46.7582 	EXP 	slider: markerPos = np.float64(1.06)
46.7747 	EXP 	slider: markerPos = np.float64(1.06)
46.7765 	DATA 	Mouse:  Left button up, pos=(252,184)
46.7941 	EXP 	slider: markerPos = np.float64(1.06)
46.7955 	EXP 	New trial (rep=8, index=6): <Trial 126 (6 in rep 8) data={'study_word': 'T-shirt', 'thisN': 126, 'thisTrialN': 6, 'thisRepN': 8}>
46.8078 	EXP 	text: autoDraw = False
46.8078 	EXP 	slider: autoDraw = False
46.8078 	EXP 	text: height = np.float64(0.05)
46.8078 	EXP 	text: height = np.float64(0.05)
46.8078 	EXP 	text: height = np.float64(0.05)
46.8078 	EXP 	text: text = 'T-shirt'
46.8078 	EXP 	slider: markerPos = None
46.8078 	EXP 	slider: markerPos = None
46.8078 	EXP 	text: autoDraw = True
46.8078 	EXP 	slider: autoDraw = True
46.8297 	DATA 	Mouse: Left button down, pos=(252,184)
46.8581 	EXP 	slider: markerPos = np.float64(1.06)
46.8747 	EXP 	slider: markerPos = np.float64(1.06)
46.8913 	EXP 	slider: markerPos = np.float64(1.06)
46.9081 	EXP 	slider: markerPos = np.float64(1.06)
46.9255 	EXP 	slider: markerPos = np.float64(1.06)
46.9424 	EXP 	slider: markerPos = np.float64(1.06)
46.9580 	EXP 	slider: markerPos = np.float64(1.06)
46.9758 	EXP 	slider: markerPos = np.float64(1.06)
46.9925 	EXP 	slider: markerPos = np.float64(1.06)
47.0093 	EXP 	slider: markerPos = np.float64(1.06)
47.0159 	DATA 	Mouse:  Left button up, pos=(252,184)
47.0288 	EXP 	slider: markerPos = np.float64(1.06)
47.0415 	EXP 	slider: markerPos = np.float64(1.06)
47.0424 	EXP 	New trial (rep=8, index=7): <Trial 127 (7 in rep 8) data={'study_word': 'Laptop', 'thisN': 127, 'thisTrialN': 7, 'thisRepN': 8}>
47.0587 	EXP 	text: autoDraw = False
47.0587 	EXP 	slider: autoDraw = False
47.0587 	EXP 	text: height = np.float64(0.05)
47.0587 	EXP 	text: height = np.float64(0.05)
47.0587 	EXP 	text: height = np.float64(0.05)
47.0587 	EXP 	text: text = 'Laptop'
47.0587 	EXP 	slider: markerPos = None
47.0587 	EXP 	slider: markerPos = None
47.0587 	EXP 	text: autoDraw = True
47.0587 	EXP 	slider: autoDraw = True
47.0932 	DATA 	Mouse: Left button down, pos=(252,184)
47.1082 	EXP 	slider: markerPos = np.float64(1.06)
47.1253 	EXP 	slider: markerPos = np.float64(1.06)
47.1419 	EXP 	slider: markerPos = np.float64(1.06)
47.1581 	EXP 	slider: markerPos = np.float64(1.06)
47.1753 	EXP 	slider: markerPos = np.float64(1.06)
47.1915 	EXP 	slider: markerPos = np.float64(1.06)
47.2083 	EXP 	slider: markerPos = np.float64(1.06)
47.2106 	DATA 	Mouse:  Left button up, pos=(252,184)
47.2267 	EXP 	slider: markerPos = np.float64(1.06)
47.2275 	EXP 	New trial (rep=8, index=8): <Trial 128 (8 in rep 8) data={'study_word': 'cushion', 'thisN': 128, 'thisTrialN': 8, 'thisRepN': 8}>
47.2415 	EXP 	text: autoDraw = False
47.2415 	EXP 	slider: autoDraw = False
47.2415 	EXP 	text: height = np.float64(0.05)
47.2415 	EXP 	text: height = np.float64(0.05)
47.2415 	EXP 	text: height = np.float64(0.05)
47.2415 	EXP 	text: text = 'cushion'
47.2415 	EXP 	slider: markerPos = None
47.2415 	EXP 	slider: markerPos = None
47.2415 	EXP 	text: autoDraw = True
47.2415 	EXP 	slider: autoDraw = True
47.2772 	DATA 	Mouse: Left button down, pos=(252,184)
47.2919 	EXP 	slider: markerPos = np.float64(1.06)
47.3082 	EXP 	slider: markerPos = np.float64(1.06)
47.3247 	EXP 	slider: markerPos = np.float64(1.06)
47.3414 	EXP 	slider: markerPos = np.float64(1.06)
47.3584 	EXP 	slider: markerPos = np.float64(1.06)
47.3749 	EXP 	slider: markerPos = np.float64(1.06)
47.3911 	EXP 	slider: markerPos = np.float64(1.06)
47.4080 	EXP 	slider: markerPos = np.float64(1.06)
47.4248 	EXP 	slider: markerPos = np.float64(1.06)
47.4302 	DATA 	Mouse:  Left button up, pos=(252,184)
47.4421 	EXP 	slider: markerPos = np.float64(1.06)
47.4429 	EXP 	New trial (rep=8, index=9): <Trial 129 (9 in rep 8) data={'study_word': 'Police', 'thisN': 129, 'thisTrialN': 9, 'thisRepN': 8}>
47.4587 	EXP 	text: autoDraw = False
47.4587 	EXP 	slider: autoDraw = False
47.4587 	EXP 	text: height = np.float64(0.05)
47.4587 	EXP 	text: height = np.float64(0.05)
47.4587 	EXP 	text: height = np.float64(0.05)
47.4587 	EXP 	text: text = 'Police'
47.4587 	EXP 	slider: markerPos = None
47.4587 	EXP 	slider: markerPos = None
47.4587 	EXP 	text: autoDraw = True
47.4587 	EXP 	slider: autoDraw = True
47.4965 	DATA 	Mouse: Left button down, pos=(252,184)
47.5087 	EXP 	slider: markerPos = np.float64(1.06)
47.5248 	EXP 	slider: markerPos = np.float64(1.06)
47.5416 	EXP 	slider: markerPos = np.float64(1.06)
47.5580 	EXP 	slider: markerPos = np.float64(1.06)
47.5746 	EXP 	slider: markerPos = np.float64(1.06)
47.5916 	EXP 	slider: markerPos = np.float64(1.06)
47.6082 	EXP 	slider: markerPos = np.float64(1.06)
47.6250 	EXP 	slider: markerPos = np.float64(1.06)
47.6283 	DATA 	Mouse:  Left button up, pos=(252,184)
47.6433 	EXP 	slider: markerPos = np.float64(1.06)
47.6441 	EXP 	New trial (rep=8, index=10): <Trial 130 (10 in rep 8) data={'study_word': 'Case', 'thisN': 130, 'thisTrialN': 10, 'thisRepN': 8}>
47.6596 	EXP 	text: autoDraw = False
47.6596 	EXP 	slider: autoDraw = False
47.6596 	EXP 	text: height = np.float64(0.05)
47.6596 	EXP 	text: height = np.float64(0.05)
47.6596 	EXP 	text: height = np.float64(0.05)
47.6596 	EXP 	text: text = 'Case'
47.6596 	EXP 	slider: markerPos = None
47.6596 	EXP 	slider: markerPos = None
47.6596 	EXP 	text: autoDraw = True
47.6596 	EXP 	slider: autoDraw = True
47.6822 	DATA 	Mouse: Left button down, pos=(252,184)
47.7079 	EXP 	slider: markerPos = np.float64(1.06)
47.7247 	EXP 	slider: markerPos = np.float64(1.06)
47.7414 	EXP 	slider: markerPos = np.float64(1.06)
47.7581 	EXP 	slider: markerPos = np.float64(1.06)
47.7748 	EXP 	slider: markerPos = np.float64(1.06)
47.7912 	EXP 	slider: markerPos = np.float64(1.06)
47.8079 	EXP 	slider: markerPos = np.float64(1.06)
47.8250 	EXP 	slider: markerPos = np.float64(1.06)
47.8298 	DATA 	Mouse:  Left button up, pos=(252,184)
47.8432 	EXP 	slider: markerPos = np.float64(1.06)
47.8440 	EXP 	New trial (rep=8, index=11): <Trial 131 (11 in rep 8) data={'study_word': 'Keys', 'thisN': 131, 'thisTrialN': 11, 'thisRepN': 8}>
47.8581 	EXP 	text: autoDraw = False
47.8581 	EXP 	slider: autoDraw = False
47.8581 	EXP 	text: height = np.float64(0.05)
47.8581 	EXP 	text: height = np.float64(0.05)
47.8581 	EXP 	text: height = np.float64(0.05)
47.8581 	EXP 	text: text = 'Keys'
47.8581 	EXP 	slider: markerPos = None
47.8581 	EXP 	slider: markerPos = None
47.8581 	EXP 	text: autoDraw = True
47.8581 	EXP 	slider: autoDraw = True
47.8933 	DATA 	Mouse: Left button down, pos=(252,184)
47.9086 	EXP 	slider: markerPos = np.float64(1.06)
47.9247 	EXP 	slider: markerPos = np.float64(1.06)
47.9408 	EXP 	slider: markerPos = np.float64(1.06)
47.9579 	EXP 	slider: markerPos = np.float64(1.06)
47.9747 	EXP 	slider: markerPos = np.float64(1.06)
47.9913 	EXP 	slider: markerPos = np.float64(1.06)
48.0085 	EXP 	slider: markerPos = np.float64(1.06)
48.0109 	DATA 	Mouse:  Left button up, pos=(252,184)
48.0252 	EXP 	slider: markerPos = np.float64(1.06)
48.0267 	EXP 	New trial (rep=8, index=12): <Trial 132 (12 in rep 8) data={'study_word': 'Poster', 'thisN': 132, 'thisTrialN': 12, 'thisRepN': 8}>
48.0407 	EXP 	text: autoDraw = False
48.0407 	EXP 	slider: autoDraw = False
48.0407 	EXP 	text: height = np.float64(0.05)
48.0407 	EXP 	text: height = np.float64(0.05)
48.0407 	EXP 	text: height = np.float64(0.05)
48.0407 	EXP 	text: text = 'Poster'
48.0407 	EXP 	slider: markerPos = None
48.0407 	EXP 	slider: markerPos = None
48.0407 	EXP 	text: autoDraw = True
48.0407 	EXP 	slider: autoDraw = True
48.0763 	DATA 	Mouse: Left button down, pos=(252,184)
48.0926 	EXP 	slider: markerPos = np.float64(1.06)
48.1089 	EXP 	slider: markerPos = np.float64(1.06)
48.1253 	EXP 	slider: markerPos = np.float64(1.06)
48.1423 	EXP 	slider: markerPos = np.float64(1.06)
48.1612 	EXP 	slider: markerPos = np.float64(1.06)
48.1751 	EXP 	slider: markerPos = np.float64(1.06)
48.1914 	EXP 	slider: markerPos = np.float64(1.06)
48.2084 	EXP 	slider: markerPos = np.float64(1.06)
48.2112 	DATA 	Mouse:  Left button up, pos=(252,184)
48.2248 	EXP 	slider: markerPos = np.float64(1.06)
48.2264 	EXP 	New trial (rep=8, index=13): <Trial 133 (13 in rep 8) data={'study_word': 'book', 'thisN': 133, 'thisTrialN': 13, 'thisRepN': 8}>
48.2408 	EXP 	text: autoDraw = False
48.2408 	EXP 	slider: autoDraw = False
48.2408 	EXP 	text: height = np.float64(0.05)
48.2408 	EXP 	text: height = np.float64(0.05)
48.2408 	EXP 	text: height = np.float64(0.05)
48.2408 	EXP 	text: text = 'book'
48.2408 	EXP 	slider: markerPos = None
48.2408 	EXP 	slider: markerPos = None
48.2408 	EXP 	text: autoDraw = True
48.2408 	EXP 	slider: autoDraw = True
48.2768 	DATA 	Mouse: Left button down, pos=(252,184)
48.2916 	EXP 	slider: markerPos = np.float64(1.06)
48.3074 	EXP 	slider: markerPos = np.float64(1.06)
48.3242 	EXP 	slider: markerPos = np.float64(1.06)
48.3409 	EXP 	slider: markerPos = np.float64(1.06)
48.3578 	EXP 	slider: markerPos = np.float64(1.06)
48.3746 	EXP 	slider: markerPos = np.float64(1.06)
48.3913 	EXP 	slider: markerPos = np.float64(1.06)
48.4079 	EXP 	slider: markerPos = np.float64(1.06)
48.4243 	EXP 	slider: markerPos = np.float64(1.06)
48.4412 	EXP 	slider: markerPos = np.float64(1.06)
48.4463 	DATA 	Mouse:  Left button up, pos=(252,184)
48.4585 	EXP 	slider: markerPos = np.float64(1.06)
48.4592 	EXP 	New trial (rep=8, index=14): <Trial 134 (14 in rep 8) data={'study_word': 'Cruise', 'thisN': 134, 'thisTrialN': 14, 'thisRepN': 8}>
48.4747 	EXP 	text: autoDraw = False
48.4747 	EXP 	slider: autoDraw = False
48.4747 	EXP 	text: height = np.float64(0.05)
48.4747 	EXP 	text: height = np.float64(0.05)
48.4747 	EXP 	text: height = np.float64(0.05)
48.4747 	EXP 	text: text = 'Cruise'
48.4747 	EXP 	slider: markerPos = None
48.4747 	EXP 	slider: markerPos = None
48.4747 	EXP 	text: autoDraw = True
48.4747 	EXP 	slider: autoDraw = True
48.6442 	DATA 	Mouse: Left button down, pos=(252,184)
48.6594 	EXP 	slider: markerPos = np.float64(1.06)
48.6748 	EXP 	slider: markerPos = np.float64(1.06)
48.6919 	EXP 	slider: markerPos = np.float64(1.06)
48.7088 	EXP 	slider: markerPos = np.float64(1.06)
48.7252 	EXP 	slider: markerPos = np.float64(1.06)
48.7419 	EXP 	slider: markerPos = np.float64(1.06)
48.7587 	EXP 	slider: markerPos = np.float64(1.06)
48.7763 	EXP 	slider: markerPos = np.float64(1.06)
48.7924 	EXP 	slider: markerPos = np.float64(1.06)
48.8086 	EXP 	slider: markerPos = np.float64(1.06)
48.8257 	EXP 	slider: markerPos = np.float64(1.06)
48.8333 	DATA 	Mouse:  Left button up, pos=(252,184)
48.8429 	EXP 	slider: markerPos = np.float64(1.06)
48.8585 	EXP 	slider: markerPos = np.float64(1.06)
48.8594 	EXP 	New trial (rep=9, index=0): <Trial 135 (0 in rep 9) data={'study_word': 'Poster', 'thisN': 135, 'thisTrialN': 0, 'thisRepN': 9}>
48.8756 	EXP 	text: autoDraw = False
48.8756 	EXP 	slider: autoDraw = False
48.8756 	EXP 	text: height = np.float64(0.05)
48.8756 	EXP 	text: height = np.float64(0.05)
48.8756 	EXP 	text: height = np.float64(0.05)
48.8756 	EXP 	text: text = 'Poster'
48.8756 	EXP 	slider: markerPos = None
48.8756 	EXP 	slider: markerPos = None
48.8756 	EXP 	text: autoDraw = True
48.8756 	EXP 	slider: autoDraw = True
48.9137 	DATA 	Mouse: Left button down, pos=(252,184)
48.9260 	EXP 	slider: markerPos = np.float64(1.06)
48.9416 	EXP 	slider: markerPos = np.float64(1.06)
48.9589 	EXP 	slider: markerPos = np.float64(1.06)
48.9754 	EXP 	slider: markerPos = np.float64(1.06)
48.9926 	EXP 	slider: markerPos = np.float64(1.06)
49.0094 	EXP 	slider: markerPos = np.float64(1.06)
49.0265 	EXP 	slider: markerPos = np.float64(1.06)
49.0428 	EXP 	slider: markerPos = np.float64(1.06)
49.0593 	EXP 	slider: markerPos = np.float64(1.06)
49.0715 	DATA 	Mouse:  Left button up, pos=(252,184)
49.0905 	EXP 	slider: markerPos = np.float64(1.06)
49.0920 	EXP 	New trial (rep=9, index=1): <Trial 136 (1 in rep 9) data={'study_word': 'Laptop', 'thisN': 136, 'thisTrialN': 1, 'thisRepN': 9}>
49.1092 	EXP 	text: autoDraw = False
49.1092 	EXP 	slider: autoDraw = False
49.1092 	EXP 	text: height = np.float64(0.05)
49.1092 	EXP 	text: height = np.float64(0.05)
49.1092 	EXP 	text: height = np.float64(0.05)
49.1092 	EXP 	text: text = 'Laptop'
49.1092 	EXP 	slider: markerPos = None
49.1092 	EXP 	slider: markerPos = None
49.1092 	EXP 	text: autoDraw = True
49.1092 	EXP 	slider: autoDraw = True
49.1283 	DATA 	Mouse: Left button down, pos=(252,184)
49.1428 	EXP 	slider: markerPos = np.float64(1.06)
49.1587 	EXP 	slider: markerPos = np.float64(1.06)
49.1751 	EXP 	slider: markerPos = np.float64(1.06)
49.1922 	EXP 	slider: markerPos = np.float64(1.06)
49.2088 	EXP 	slider: markerPos = np.float64(1.06)
49.2255 	EXP 	slider: markerPos = np.float64(1.06)
49.2423 	EXP 	slider: markerPos = np.float64(1.06)
49.2595 	EXP 	slider: markerPos = np.float64(1.06)
49.2759 	EXP 	slider: markerPos = np.float64(1.06)
49.2921 	EXP 	slider: markerPos = np.float64(1.06)
49.2951 	DATA 	Mouse:  Left button up, pos=(252,184)
49.3100 	EXP 	slider: markerPos = np.float64(1.06)
49.3114 	EXP 	New trial (rep=9, index=2): <Trial 137 (2 in rep 9) data={'study_word': 'Keys', 'thisN': 137, 'thisTrialN': 2, 'thisRepN': 9}>
49.3245 	EXP 	text: autoDraw = False
49.3245 	EXP 	slider: autoDraw = False
49.3245 	EXP 	text: height = np.float64(0.05)
49.3245 	EXP 	text: height = np.float64(0.05)
49.3245 	EXP 	text: height = np.float64(0.05)
49.3245 	EXP 	text: text = 'Keys'
49.3245 	EXP 	slider: markerPos = None
49.3245 	EXP 	slider: markerPos = None
49.3245 	EXP 	text: autoDraw = True
49.3245 	EXP 	slider: autoDraw = True
49.3448 	DATA 	Mouse: Left button down, pos=(252,184)
49.3589 	EXP 	slider: markerPos = np.float64(1.06)
49.3743 	EXP 	slider: markerPos = np.float64(1.06)
49.3920 	EXP 	slider: markerPos = np.float64(1.06)
49.4083 	EXP 	slider: markerPos = np.float64(1.06)
49.4250 	EXP 	slider: markerPos = np.float64(1.06)
49.4417 	EXP 	slider: markerPos = np.float64(1.06)
49.4583 	EXP 	slider: markerPos = np.float64(1.06)
49.4756 	EXP 	slider: markerPos = np.float64(1.06)
49.4912 	EXP 	slider: markerPos = np.float64(1.06)
49.5089 	EXP 	slider: markerPos = np.float64(1.06)
49.5240 	DATA 	Mouse:  Left button up, pos=(252,184)
49.5405 	EXP 	slider: markerPos = np.float64(1.06)
49.5413 	EXP 	New trial (rep=9, index=3): <Trial 138 (3 in rep 9) data={'study_word': 'T-shirt', 'thisN': 138, 'thisTrialN': 3, 'thisRepN': 9}>
49.5593 	EXP 	text: autoDraw = False
49.5593 	EXP 	slider: autoDraw = False
49.5593 	EXP 	text: height = np.float64(0.05)
49.5593 	EXP 	text: height = np.float64(0.05)
49.5593 	EXP 	text: height = np.float64(0.05)
49.5593 	EXP 	text: text = 'T-shirt'
49.5593 	EXP 	slider: markerPos = None
49.5593 	EXP 	slider: markerPos = None
49.5593 	EXP 	text: autoDraw = True
49.5593 	EXP 	slider: autoDraw = True
49.5625 	DATA 	Mouse: Left button down, pos=(252,184)
49.5749 	EXP 	slider: markerPos = np.float64(1.06)
49.5911 	EXP 	slider: markerPos = np.float64(1.06)
49.6091 	EXP 	slider: markerPos = np.float64(1.06)
49.6244 	EXP 	slider: markerPos = np.float64(1.06)
49.6418 	EXP 	slider: markerPos = np.float64(1.06)
49.6584 	EXP 	slider: markerPos = np.float64(1.06)
49.6752 	EXP 	slider: markerPos = np.float64(1.06)
49.6926 	EXP 	slider: markerPos = np.float64(1.06)
49.7096 	EXP 	slider: markerPos = np.float64(1.06)
49.7115 	DATA 	Mouse:  Left button up, pos=(252,184)
49.7257 	EXP 	slider: markerPos = np.float64(1.06)
49.7273 	EXP 	New trial (rep=9, index=4): <Trial 139 (4 in rep 9) data={'study_word': 'cushion', 'thisN': 139, 'thisTrialN': 4, 'thisRepN': 9}>
49.7416 	EXP 	text: autoDraw = False
49.7416 	EXP 	slider: autoDraw = False
49.7416 	EXP 	text: height = np.float64(0.05)
49.7416 	EXP 	text: height = np.float64(0.05)
49.7416 	EXP 	text: height = np.float64(0.05)
49.7416 	EXP 	text: text = 'cushion'
49.7416 	EXP 	slider: markerPos = None
49.7416 	EXP 	slider: markerPos = None
49.7416 	EXP 	text: autoDraw = True
49.7416 	EXP 	slider: autoDraw = True
49.7821 	DATA 	Mouse: Left button down, pos=(252,184)
49.8085 	EXP 	slider: markerPos = np.float64(1.06)
49.8257 	EXP 	slider: markerPos = np.float64(1.06)
49.8423 	EXP 	slider: markerPos = np.float64(1.06)
49.8582 	EXP 	slider: markerPos = np.float64(1.06)
49.8750 	EXP 	slider: markerPos = np.float64(1.06)
49.8919 	EXP 	slider: markerPos = np.float64(1.06)
49.9090 	EXP 	slider: markerPos = np.float64(1.06)
49.9256 	EXP 	slider: markerPos = np.float64(1.06)
49.9319 	DATA 	Mouse:  Left button up, pos=(252,184)
49.9453 	EXP 	slider: markerPos = np.float64(1.06)
49.9461 	EXP 	New trial (rep=9, index=5): <Trial 140 (5 in rep 9) data={'study_word': 'Chart', 'thisN': 140, 'thisTrialN': 5, 'thisRepN': 9}>
49.9576 	EXP 	text: autoDraw = False
49.9576 	EXP 	slider: autoDraw = False
49.9576 	EXP 	text: height = np.float64(0.05)
49.9576 	EXP 	text: height = np.float64(0.05)
49.9576 	EXP 	text: height = np.float64(0.05)
49.9576 	EXP 	text: text = 'Chart'
49.9576 	EXP 	slider: markerPos = None
49.9576 	EXP 	slider: markerPos = None
49.9576 	EXP 	text: autoDraw = True
49.9576 	EXP 	slider: autoDraw = True
49.9782 	DATA 	Mouse: Left button down, pos=(252,184)
49.9919 	EXP 	slider: markerPos = np.float64(1.06)
50.0079 	EXP 	slider: markerPos = np.float64(1.06)
50.0253 	EXP 	slider: markerPos = np.float64(1.06)
50.0419 	EXP 	slider: markerPos = np.float64(1.06)
50.0589 	EXP 	slider: markerPos = np.float64(1.06)
50.0791 	EXP 	slider: markerPos = np.float64(1.06)
50.0918 	EXP 	slider: markerPos = np.float64(1.06)
50.1097 	EXP 	slider: markerPos = np.float64(1.06)
50.1243 	EXP 	slider: markerPos = np.float64(1.06)
50.1349 	DATA 	Mouse:  Left button up, pos=(252,184)
50.1567 	EXP 	slider: markerPos = np.float64(1.06)
50.1579 	EXP 	New trial (rep=9, index=6): <Trial 141 (6 in rep 9) data={'study_word': 'board', 'thisN': 141, 'thisTrialN': 6, 'thisRepN': 9}>
50.1750 	EXP 	text: autoDraw = False
50.1750 	EXP 	slider: autoDraw = False
50.1750 	EXP 	text: height = np.float64(0.05)
50.1750 	EXP 	text: height = np.float64(0.05)
50.1750 	EXP 	text: height = np.float64(0.05)
50.1750 	EXP 	text: text = 'board'
50.1750 	EXP 	slider: markerPos = None
50.1750 	EXP 	slider: markerPos = None
50.1750 	EXP 	text: autoDraw = True
50.1750 	EXP 	slider: autoDraw = True
50.1771 	DATA 	Mouse: Left button down, pos=(252,184)
50.1917 	EXP 	slider: markerPos = np.float64(1.06)
50.2076 	EXP 	slider: markerPos = np.float64(1.06)
50.2247 	EXP 	slider: markerPos = np.float64(1.06)
50.2414 	EXP 	slider: markerPos = np.float64(1.06)
50.2626 	EXP 	slider: markerPos = np.float64(1.06)
50.2901 	EXP 	slider: markerPos = np.float64(1.06)
50.3080 	EXP 	slider: markerPos = np.float64(1.06)
50.3155 	DATA 	Mouse:  Left button up, pos=(252,184)
50.3249 	EXP 	slider: markerPos = np.float64(1.06)
50.3413 	EXP 	slider: markerPos = np.float64(1.06)
50.3421 	EXP 	New trial (rep=9, index=7): <Trial 142 (7 in rep 9) data={'study_word': 'Pastry', 'thisN': 142, 'thisTrialN': 7, 'thisRepN': 9}>
50.3580 	EXP 	text: autoDraw = False
50.3580 	EXP 	slider: autoDraw = False
50.3580 	EXP 	text: height = np.float64(0.05)
50.3580 	EXP 	text: height = np.float64(0.05)
50.3580 	EXP 	text: height = np.float64(0.05)
50.3580 	EXP 	text: text = 'Pastry'
50.3580 	EXP 	slider: markerPos = None
50.3580 	EXP 	slider: markerPos = None
50.3580 	EXP 	text: autoDraw = True
50.3580 	EXP 	slider: autoDraw = True
50.3782 	DATA 	Mouse: Left button down, pos=(252,184)
50.4076 	EXP 	slider: markerPos = np.float64(1.06)
50.4247 	EXP 	slider: markerPos = np.float64(1.06)
50.4416 	EXP 	slider: markerPos = np.float64(1.06)
50.4576 	EXP 	slider: markerPos = np.float64(1.06)
50.4754 	EXP 	slider: markerPos = np.float64(1.06)
50.4913 	EXP 	slider: markerPos = np.float64(1.06)
50.4959 	DATA 	Mouse:  Left button up, pos=(252,184)
50.5090 	EXP 	slider: markerPos = np.float64(1.06)
50.5097 	EXP 	New trial (rep=9, index=8): <Trial 143 (8 in rep 9) data={'study_word': 'marble', 'thisN': 143, 'thisTrialN': 8, 'thisRepN': 9}>
50.5247 	EXP 	text: autoDraw = False
50.5247 	EXP 	slider: autoDraw = False
50.5247 	EXP 	text: height = np.float64(0.05)
50.5247 	EXP 	text: height = np.float64(0.05)
50.5247 	EXP 	text: height = np.float64(0.05)
50.5247 	EXP 	text: text = 'marble'
50.5247 	EXP 	slider: markerPos = None
50.5247 	EXP 	slider: markerPos = None
50.5247 	EXP 	text: autoDraw = True
50.5247 	EXP 	slider: autoDraw = True
50.5614 	DATA 	Mouse: Left button down, pos=(252,184)
50.5751 	EXP 	slider: markerPos = np.float64(1.06)
50.5909 	EXP 	slider: markerPos = np.float64(1.06)
50.6077 	EXP 	slider: markerPos = np.float64(1.06)
50.6246 	EXP 	slider: markerPos = np.float64(1.06)
50.6411 	EXP 	slider: markerPos = np.float64(1.06)
50.6581 	EXP 	slider: markerPos = np.float64(1.06)
50.6748 	EXP 	slider: markerPos = np.float64(1.06)
50.6907 	EXP 	slider: markerPos = np.float64(1.06)
50.6926 	DATA 	Mouse:  Left button up, pos=(252,184)
50.7081 	EXP 	slider: markerPos = np.float64(1.06)
50.7095 	EXP 	New trial (rep=9, index=9): <Trial 144 (9 in rep 9) data={'study_word': 'phone', 'thisN': 144, 'thisTrialN': 9, 'thisRepN': 9}>
50.7242 	EXP 	text: autoDraw = False
50.7242 	EXP 	slider: autoDraw = False
50.7242 	EXP 	text: height = np.float64(0.05)
50.7242 	EXP 	text: height = np.float64(0.05)
50.7242 	EXP 	text: height = np.float64(0.05)
50.7242 	EXP 	text: text = 'phone'
50.7242 	EXP 	slider: markerPos = None
50.7242 	EXP 	slider: markerPos = None
50.7242 	EXP 	text: autoDraw = True
50.7242 	EXP 	slider: autoDraw = True
50.7611 	DATA 	Mouse: Left button down, pos=(252,184)
50.7755 	EXP 	slider: markerPos = np.float64(1.06)
50.7910 	EXP 	slider: markerPos = np.float64(1.06)
50.8080 	EXP 	slider: markerPos = np.float64(1.06)
50.8246 	EXP 	slider: markerPos = np.float64(1.06)
50.8413 	EXP 	slider: markerPos = np.float64(1.06)
50.8581 	EXP 	slider: markerPos = np.float64(1.06)
50.8610 	DATA 	Mouse:  Left button up, pos=(252,184)
50.8757 	EXP 	slider: markerPos = np.float64(1.06)
50.8770 	EXP 	New trial (rep=9, index=10): <Trial 145 (10 in rep 9) data={'study_word': 'Police', 'thisN': 145, 'thisTrialN': 10, 'thisRepN': 9}>
50.9071 	EXP 	text: autoDraw = False
50.9071 	EXP 	slider: autoDraw = False
50.9071 	EXP 	text: height = np.float64(0.05)
50.9071 	EXP 	text: height = np.float64(0.05)
50.9071 	EXP 	text: height = np.float64(0.05)
50.9071 	EXP 	text: text = 'Police'
50.9071 	EXP 	slider: markerPos = None
50.9071 	EXP 	slider: markerPos = None
50.9071 	EXP 	text: autoDraw = True
50.9071 	EXP 	slider: autoDraw = True
50.9321 	DATA 	Mouse: Left button down, pos=(252,184)
50.9577 	EXP 	slider: markerPos = np.float64(1.06)
50.9742 	EXP 	slider: markerPos = np.float64(1.06)
50.9914 	EXP 	slider: markerPos = np.float64(1.06)
51.0081 	EXP 	slider: markerPos = np.float64(1.06)
51.0241 	EXP 	slider: markerPos = np.float64(1.06)
51.0408 	EXP 	slider: markerPos = np.float64(1.06)
51.0576 	EXP 	slider: markerPos = np.float64(1.06)
51.0660 	DATA 	Mouse:  Left button up, pos=(252,184)
51.0775 	EXP 	slider: markerPos = np.float64(1.06)
51.0912 	EXP 	slider: markerPos = np.float64(1.06)
51.0920 	EXP 	New trial (rep=9, index=11): <Trial 146 (11 in rep 9) data={'study_word': 'Cruise', 'thisN': 146, 'thisTrialN': 11, 'thisRepN': 9}>
51.1082 	EXP 	text: autoDraw = False
51.1082 	EXP 	slider: autoDraw = False
51.1082 	EXP 	text: height = np.float64(0.05)
51.1082 	EXP 	text: height = np.float64(0.05)
51.1082 	EXP 	text: height = np.float64(0.05)
51.1082 	EXP 	text: text = 'Cruise'
51.1082 	EXP 	slider: markerPos = None
51.1082 	EXP 	slider: markerPos = None
51.1082 	EXP 	text: autoDraw = True
51.1082 	EXP 	slider: autoDraw = True
51.1427 	DATA 	Mouse: Left button down, pos=(252,184)
51.1583 	EXP 	slider: markerPos = np.float64(1.06)
51.1740 	EXP 	slider: markerPos = np.float64(1.06)
51.1910 	EXP 	slider: markerPos = np.float64(1.06)
51.2079 	EXP 	slider: markerPos = np.float64(1.06)
51.2248 	EXP 	slider: markerPos = np.float64(1.06)
51.2413 	EXP 	slider: markerPos = np.float64(1.06)
51.2470 	DATA 	Mouse:  Left button up, pos=(252,184)
51.2584 	EXP 	slider: markerPos = np.float64(1.06)
51.2742 	EXP 	slider: markerPos = np.float64(1.06)
51.2748 	EXP 	New trial (rep=9, index=12): <Trial 147 (12 in rep 9) data={'study_word': 'mouse', 'thisN': 147, 'thisTrialN': 12, 'thisRepN': 9}>
51.2908 	EXP 	text: autoDraw = False
51.2908 	EXP 	slider: autoDraw = False
51.2908 	EXP 	text: height = np.float64(0.05)
51.2908 	EXP 	text: height = np.float64(0.05)
51.2908 	EXP 	text: height = np.float64(0.05)
51.2908 	EXP 	text: text = 'mouse'
51.2908 	EXP 	slider: markerPos = None
51.2908 	EXP 	slider: markerPos = None
51.2908 	EXP 	text: autoDraw = True
51.2908 	EXP 	slider: autoDraw = True
51.3095 	DATA 	Mouse: Left button down, pos=(252,184)
51.3245 	EXP 	slider: markerPos = np.float64(1.06)
51.3411 	EXP 	slider: markerPos = np.float64(1.06)
51.3573 	EXP 	slider: markerPos = np.float64(1.06)
51.3746 	EXP 	slider: markerPos = np.float64(1.06)
51.3915 	EXP 	slider: markerPos = np.float64(1.06)
51.4079 	EXP 	slider: markerPos = np.float64(1.06)
51.4246 	EXP 	slider: markerPos = np.float64(1.06)
51.4410 	EXP 	slider: markerPos = np.float64(1.06)
51.4491 	DATA 	Mouse:  Left button up, pos=(252,184)
51.4585 	EXP 	slider: markerPos = np.float64(1.06)
51.4750 	EXP 	slider: markerPos = np.float64(1.06)
51.4758 	EXP 	New trial (rep=9, index=13): <Trial 148 (13 in rep 9) data={'study_word': 'Case', 'thisN': 148, 'thisTrialN': 13, 'thisRepN': 9}>
51.4912 	EXP 	text: autoDraw = False
51.4912 	EXP 	slider: autoDraw = False
51.4912 	EXP 	text: height = np.float64(0.05)
51.4912 	EXP 	text: height = np.float64(0.05)
51.4912 	EXP 	text: height = np.float64(0.05)
51.4912 	EXP 	text: text = 'Case'
51.4912 	EXP 	slider: markerPos = None
51.4912 	EXP 	slider: markerPos = None
51.4912 	EXP 	text: autoDraw = True
51.4912 	EXP 	slider: autoDraw = True
51.5140 	DATA 	Mouse: Left button down, pos=(252,184)
51.5413 	EXP 	slider: markerPos = np.float64(1.06)
51.5577 	EXP 	slider: markerPos = np.float64(1.06)
51.5744 	EXP 	slider: markerPos = np.float64(1.06)
51.5912 	EXP 	slider: markerPos = np.float64(1.06)
51.6085 	EXP 	slider: markerPos = np.float64(1.06)
51.6243 	EXP 	slider: markerPos = np.float64(1.06)
51.6410 	EXP 	slider: markerPos = np.float64(1.06)
51.6577 	EXP 	slider: markerPos = np.float64(1.06)
51.6597 	DATA 	Mouse:  Left button up, pos=(252,184)
51.6766 	EXP 	slider: markerPos = np.float64(1.06)
51.6774 	EXP 	New trial (rep=9, index=14): <Trial 149 (14 in rep 9) data={'study_word': 'book', 'thisN': 149, 'thisTrialN': 14, 'thisRepN': 9}>
51.6915 	EXP 	text: autoDraw = False
51.6915 	EXP 	slider: autoDraw = False
51.6915 	EXP 	text: height = np.float64(0.05)
51.6915 	EXP 	text: height = np.float64(0.05)
51.6915 	EXP 	text: height = np.float64(0.05)
51.6915 	EXP 	text: text = 'book'
51.6915 	EXP 	slider: markerPos = None
51.6915 	EXP 	slider: markerPos = None
51.6915 	EXP 	text: autoDraw = True
51.6915 	EXP 	slider: autoDraw = True
51.7117 	DATA 	Mouse: Left button down, pos=(252,184)
51.7253 	EXP 	slider: markerPos = np.float64(1.06)
51.7414 	EXP 	slider: markerPos = np.float64(1.06)
51.7580 	EXP 	slider: markerPos = np.float64(1.06)
51.7747 	EXP 	slider: markerPos = np.float64(1.06)
51.7915 	EXP 	slider: markerPos = np.float64(1.06)
51.8082 	EXP 	slider: markerPos = np.float64(1.06)
51.8250 	EXP 	slider: markerPos = np.float64(1.06)
51.8409 	EXP 	slider: markerPos = np.float64(1.06)
51.8577 	EXP 	slider: markerPos = np.float64(1.06)
51.8622 	DATA 	Mouse:  Left button up, pos=(252,184)
51.8746 	EXP 	slider: markerPos = np.float64(1.06)
51.8754 	EXP 	New trial (rep=10, index=0): <Trial 150 (0 in rep 10) data={'study_word': 'cushion', 'thisN': 150, 'thisTrialN': 0, 'thisRepN': 10}>
51.8916 	EXP 	text: autoDraw = False
51.8916 	EXP 	slider: autoDraw = False
51.8916 	EXP 	text: height = np.float64(0.05)
51.8916 	EXP 	text: height = np.float64(0.05)
51.8916 	EXP 	text: height = np.float64(0.05)
51.8916 	EXP 	text: text = 'cushion'
51.8916 	EXP 	slider: markerPos = None
51.8916 	EXP 	slider: markerPos = None
51.8916 	EXP 	text: autoDraw = True
51.8916 	EXP 	slider: autoDraw = True
51.9111 	DATA 	Mouse: Left button down, pos=(252,184)
51.9250 	EXP 	slider: markerPos = np.float64(1.06)
51.9409 	EXP 	slider: markerPos = np.float64(1.06)
51.9583 	EXP 	slider: markerPos = np.float64(1.06)
51.9746 	EXP 	slider: markerPos = np.float64(1.06)
51.9912 	EXP 	slider: markerPos = np.float64(1.06)
52.0095 	EXP 	slider: markerPos = np.float64(1.06)
52.0258 	EXP 	slider: markerPos = np.float64(1.06)
52.0413 	EXP 	slider: markerPos = np.float64(1.06)
52.0589 	EXP 	slider: markerPos = np.float64(1.06)
52.0684 	DATA 	Mouse:  Left button up, pos=(252,184)
52.0815 	EXP 	slider: markerPos = np.float64(1.06)
52.0916 	EXP 	slider: markerPos = np.float64(1.06)
52.0924 	EXP 	New trial (rep=10, index=1): <Trial 151 (1 in rep 10) data={'study_word': 'book', 'thisN': 151, 'thisTrialN': 1, 'thisRepN': 10}>
52.1091 	EXP 	text: autoDraw = False
52.1091 	EXP 	slider: autoDraw = False
52.1091 	EXP 	text: height = np.float64(0.05)
52.1091 	EXP 	text: height = np.float64(0.05)
52.1091 	EXP 	text: height = np.float64(0.05)
52.1091 	EXP 	text: text = 'book'
52.1091 	EXP 	slider: markerPos = None
52.1091 	EXP 	slider: markerPos = None
52.1091 	EXP 	text: autoDraw = True
52.1091 	EXP 	slider: autoDraw = True
52.1271 	DATA 	Mouse: Left button down, pos=(252,184)
52.1418 	EXP 	slider: markerPos = np.float64(1.06)
52.1576 	EXP 	slider: markerPos = np.float64(1.06)
52.1742 	EXP 	slider: markerPos = np.float64(1.06)
52.1909 	EXP 	slider: markerPos = np.float64(1.06)
52.2075 	EXP 	slider: markerPos = np.float64(1.06)
52.2249 	EXP 	slider: markerPos = np.float64(1.06)
52.2419 	EXP 	slider: markerPos = np.float64(1.06)
52.2581 	EXP 	slider: markerPos = np.float64(1.06)
52.2627 	DATA 	Mouse:  Left button up, pos=(252,184)
52.2748 	EXP 	slider: markerPos = np.float64(1.06)
52.2770 	EXP 	New trial (rep=10, index=2): <Trial 152 (2 in rep 10) data={'study_word': 'Poster', 'thisN': 152, 'thisTrialN': 2, 'thisRepN': 10}>
52.2911 	EXP 	text: autoDraw = False
52.2911 	EXP 	slider: autoDraw = False
52.2911 	EXP 	text: height = np.float64(0.05)
52.2911 	EXP 	text: height = np.float64(0.05)
52.2911 	EXP 	text: height = np.float64(0.05)
52.2911 	EXP 	text: text = 'Poster'
52.2911 	EXP 	slider: markerPos = None
52.2911 	EXP 	slider: markerPos = None
52.2911 	EXP 	text: autoDraw = True
52.2911 	EXP 	slider: autoDraw = True
52.3290 	DATA 	Mouse: Left button down, pos=(252,184)
52.3417 	EXP 	slider: markerPos = np.float64(1.06)
52.3579 	EXP 	slider: markerPos = np.float64(1.06)
52.3743 	EXP 	slider: markerPos = np.float64(1.06)
52.3916 	EXP 	slider: markerPos = np.float64(1.06)
52.4080 	EXP 	slider: markerPos = np.float64(1.06)
52.4251 	EXP 	slider: markerPos = np.float64(1.06)
52.4416 	EXP 	slider: markerPos = np.float64(1.06)
52.4576 	EXP 	slider: markerPos = np.float64(1.06)
52.4603 	DATA 	Mouse:  Left button up, pos=(252,184)
52.4757 	EXP 	slider: markerPos = np.float64(1.06)
52.4764 	EXP 	New trial (rep=10, index=3): <Trial 153 (3 in rep 10) data={'study_word': 'T-shirt', 'thisN': 153, 'thisTrialN': 3, 'thisRepN': 10}>
52.4914 	EXP 	text: autoDraw = False
52.4914 	EXP 	slider: autoDraw = False
52.4914 	EXP 	text: height = np.float64(0.05)
52.4914 	EXP 	text: height = np.float64(0.05)
52.4914 	EXP 	text: height = np.float64(0.05)
52.4914 	EXP 	text: text = 'T-shirt'
52.4914 	EXP 	slider: markerPos = None
52.4914 	EXP 	slider: markerPos = None
52.4914 	EXP 	text: autoDraw = True
52.4914 	EXP 	slider: autoDraw = True
52.5283 	DATA 	Mouse: Left button down, pos=(252,184)
52.5424 	EXP 	slider: markerPos = np.float64(1.06)
52.5582 	EXP 	slider: markerPos = np.float64(1.06)
52.5752 	EXP 	slider: markerPos = np.float64(1.06)
52.5923 	EXP 	slider: markerPos = np.float64(1.06)
52.6091 	EXP 	slider: markerPos = np.float64(1.06)
52.6266 	EXP 	slider: markerPos = np.float64(1.06)
52.6420 	EXP 	slider: markerPos = np.float64(1.06)
52.6579 	EXP 	slider: markerPos = np.float64(1.06)
52.6599 	DATA 	Mouse:  Left button up, pos=(252,184)
52.6762 	EXP 	slider: markerPos = np.float64(1.06)
52.6776 	EXP 	New trial (rep=10, index=4): <Trial 154 (4 in rep 10) data={'study_word': 'Keys', 'thisN': 154, 'thisTrialN': 4, 'thisRepN': 10}>
52.6911 	EXP 	text: autoDraw = False
52.6911 	EXP 	slider: autoDraw = False
52.6911 	EXP 	text: height = np.float64(0.05)
52.6911 	EXP 	text: height = np.float64(0.05)
52.6911 	EXP 	text: height = np.float64(0.05)
52.6911 	EXP 	text: text = 'Keys'
52.6911 	EXP 	slider: markerPos = None
52.6911 	EXP 	slider: markerPos = None
52.6911 	EXP 	text: autoDraw = True
52.6911 	EXP 	slider: autoDraw = True
52.7285 	DATA 	Mouse: Left button down, pos=(252,184)
52.7416 	EXP 	slider: markerPos = np.float64(1.06)
52.7576 	EXP 	slider: markerPos = np.float64(1.06)
52.7745 	EXP 	slider: markerPos = np.float64(1.06)
52.7912 	EXP 	slider: markerPos = np.float64(1.06)
52.8075 	EXP 	slider: markerPos = np.float64(1.06)
52.8249 	EXP 	slider: markerPos = np.float64(1.06)
52.8413 	EXP 	slider: markerPos = np.float64(1.06)
52.8576 	EXP 	slider: markerPos = np.float64(1.06)
52.8744 	EXP 	slider: markerPos = np.float64(1.06)
52.8789 	DATA 	Mouse:  Left button up, pos=(252,184)
52.8924 	EXP 	slider: markerPos = np.float64(1.06)
52.8932 	EXP 	New trial (rep=10, index=5): <Trial 155 (5 in rep 10) data={'study_word': 'phone', 'thisN': 155, 'thisTrialN': 5, 'thisRepN': 10}>
52.9080 	EXP 	text: autoDraw = False
52.9080 	EXP 	slider: autoDraw = False
52.9080 	EXP 	text: height = np.float64(0.05)
52.9080 	EXP 	text: height = np.float64(0.05)
52.9080 	EXP 	text: height = np.float64(0.05)
52.9080 	EXP 	text: text = 'phone'
52.9080 	EXP 	slider: markerPos = None
52.9080 	EXP 	slider: markerPos = None
52.9080 	EXP 	text: autoDraw = True
52.9080 	EXP 	slider: autoDraw = True
52.9482 	DATA 	Mouse: Left button down, pos=(252,184)
52.9743 	EXP 	slider: markerPos = np.float64(1.06)
52.9913 	EXP 	slider: markerPos = np.float64(1.06)
53.0082 	EXP 	slider: markerPos = np.float64(1.06)
53.0248 	EXP 	slider: markerPos = np.float64(1.06)
53.0413 	EXP 	slider: markerPos = np.float64(1.06)
53.0582 	EXP 	slider: markerPos = np.float64(1.06)
53.0749 	EXP 	slider: markerPos = np.float64(1.06)
53.0919 	EXP 	slider: markerPos = np.float64(1.06)
53.0939 	DATA 	Mouse:  Left button up, pos=(252,184)
53.1088 	EXP 	slider: markerPos = np.float64(1.06)
53.1096 	EXP 	New trial (rep=10, index=6): <Trial 156 (6 in rep 10) data={'study_word': 'Laptop', 'thisN': 156, 'thisTrialN': 6, 'thisRepN': 10}>
53.1253 	EXP 	text: autoDraw = False
53.1253 	EXP 	slider: autoDraw = False
53.1253 	EXP 	text: height = np.float64(0.05)
53.1253 	EXP 	text: height = np.float64(0.05)
53.1253 	EXP 	text: height = np.float64(0.05)
53.1253 	EXP 	text: text = 'Laptop'
53.1253 	EXP 	slider: markerPos = None
53.1253 	EXP 	slider: markerPos = None
53.1253 	EXP 	text: autoDraw = True
53.1253 	EXP 	slider: autoDraw = True
53.1518 	DATA 	Mouse: Left button down, pos=(252,184)
53.1747 	EXP 	slider: markerPos = np.float64(1.06)
53.1908 	EXP 	slider: markerPos = np.float64(1.06)
53.2076 	EXP 	slider: markerPos = np.float64(1.06)
53.2242 	EXP 	slider: markerPos = np.float64(1.06)
53.2409 	EXP 	slider: markerPos = np.float64(1.06)
53.2581 	EXP 	slider: markerPos = np.float64(1.06)
53.2746 	EXP 	slider: markerPos = np.float64(1.06)
53.2912 	EXP 	slider: markerPos = np.float64(1.06)
53.3084 	EXP 	slider: markerPos = np.float64(1.06)
53.3246 	EXP 	slider: markerPos = np.float64(1.06)
53.3266 	DATA 	Mouse:  Left button up, pos=(252,184)
53.3420 	EXP 	slider: markerPos = np.float64(1.06)
53.3427 	EXP 	New trial (rep=10, index=7): <Trial 157 (7 in rep 10) data={'study_word': 'Pastry', 'thisN': 157, 'thisTrialN': 7, 'thisRepN': 10}>
53.3582 	EXP 	text: autoDraw = False
53.3582 	EXP 	slider: autoDraw = False
53.3582 	EXP 	text: height = np.float64(0.05)
53.3582 	EXP 	text: height = np.float64(0.05)
53.3582 	EXP 	text: height = np.float64(0.05)
53.3582 	EXP 	text: text = 'Pastry'
53.3582 	EXP 	slider: markerPos = None
53.3582 	EXP 	slider: markerPos = None
53.3582 	EXP 	text: autoDraw = True
53.3582 	EXP 	slider: autoDraw = True
53.3946 	DATA 	Mouse: Left button down, pos=(252,184)
53.4082 	EXP 	slider: markerPos = np.float64(1.06)
53.4247 	EXP 	slider: markerPos = np.float64(1.06)
53.4415 	EXP 	slider: markerPos = np.float64(1.06)
53.4578 	EXP 	slider: markerPos = np.float64(1.06)
53.4750 	EXP 	slider: markerPos = np.float64(1.06)
53.4911 	EXP 	slider: markerPos = np.float64(1.06)
53.5076 	EXP 	slider: markerPos = np.float64(1.06)
53.5120 	DATA 	Mouse:  Left button up, pos=(252,184)
53.5249 	EXP 	slider: markerPos = np.float64(1.06)
53.5255 	EXP 	New trial (rep=10, index=8): <Trial 158 (8 in rep 10) data={'study_word': 'board', 'thisN': 158, 'thisTrialN': 8, 'thisRepN': 10}>
53.5410 	EXP 	text: autoDraw = False
53.5410 	EXP 	slider: autoDraw = False
53.5410 	EXP 	text: height = np.float64(0.05)
53.5410 	EXP 	text: height = np.float64(0.05)
53.5410 	EXP 	text: height = np.float64(0.05)
53.5410 	EXP 	text: text = 'board'
53.5410 	EXP 	slider: markerPos = None
53.5410 	EXP 	slider: markerPos = None
53.5410 	EXP 	text: autoDraw = True
53.5410 	EXP 	slider: autoDraw = True
53.5782 	DATA 	Mouse: Left button down, pos=(252,184)
53.5915 	EXP 	slider: markerPos = np.float64(1.06)
53.6122 	EXP 	slider: markerPos = np.float64(1.06)
53.6245 	EXP 	slider: markerPos = np.float64(1.06)
53.6414 	EXP 	slider: markerPos = np.float64(1.06)
53.6582 	EXP 	slider: markerPos = np.float64(1.06)
53.6743 	EXP 	slider: markerPos = np.float64(1.06)
53.6909 	EXP 	slider: markerPos = np.float64(1.06)
53.7080 	EXP 	slider: markerPos = np.float64(1.06)
53.7246 	EXP 	slider: markerPos = np.float64(1.06)
53.7411 	EXP 	slider: markerPos = np.float64(1.06)
53.7499 	DATA 	Mouse:  Left button up, pos=(252,184)
53.7737 	EXP 	slider: markerPos = np.float64(1.06)
53.7745 	EXP 	New trial (rep=10, index=9): <Trial 159 (9 in rep 10) data={'study_word': 'mouse', 'thisN': 159, 'thisTrialN': 9, 'thisRepN': 10}>
53.7928 	EXP 	text: autoDraw = False
53.7928 	EXP 	slider: autoDraw = False
53.7928 	EXP 	text: height = np.float64(0.05)
53.7928 	EXP 	text: height = np.float64(0.05)
53.7928 	EXP 	text: height = np.float64(0.05)
53.7928 	EXP 	text: text = 'mouse'
53.7928 	EXP 	slider: markerPos = None
53.7928 	EXP 	slider: markerPos = None
53.7928 	EXP 	text: autoDraw = True
53.7928 	EXP 	slider: autoDraw = True
53.8149 	DATA 	Mouse: Left button down, pos=(252,184)
53.8263 	EXP 	slider: markerPos = np.float64(1.06)
53.8412 	EXP 	slider: markerPos = np.float64(1.06)
53.8587 	EXP 	slider: markerPos = np.float64(1.06)
53.8766 	EXP 	slider: markerPos = np.float64(1.06)
53.8914 	EXP 	slider: markerPos = np.float64(1.06)
53.9093 	EXP 	slider: markerPos = np.float64(1.06)
53.9245 	EXP 	slider: markerPos = np.float64(1.06)
53.9343 	DATA 	Mouse:  Left button up, pos=(252,184)
53.9424 	EXP 	slider: markerPos = np.float64(1.06)
53.9584 	EXP 	slider: markerPos = np.float64(1.06)
53.9593 	EXP 	New trial (rep=10, index=10): <Trial 160 (10 in rep 10) data={'study_word': 'Chart', 'thisN': 160, 'thisTrialN': 10, 'thisRepN': 10}>
53.9760 	EXP 	text: autoDraw = False
53.9760 	EXP 	slider: autoDraw = False
53.9760 	EXP 	text: height = np.float64(0.05)
53.9760 	EXP 	text: height = np.float64(0.05)
53.9760 	EXP 	text: height = np.float64(0.05)
53.9760 	EXP 	text: text = 'Chart'
53.9760 	EXP 	slider: markerPos = None
53.9760 	EXP 	slider: markerPos = None
53.9760 	EXP 	text: autoDraw = True
53.9760 	EXP 	slider: autoDraw = True
53.9983 	DATA 	Mouse: Left button down, pos=(252,184)
54.0243 	EXP 	slider: markerPos = np.float64(1.06)
54.0420 	EXP 	slider: markerPos = np.float64(1.06)
54.0582 	EXP 	slider: markerPos = np.float64(1.06)
54.0780 	EXP 	slider: markerPos = np.float64(1.06)
54.0917 	EXP 	slider: markerPos = np.float64(1.06)
54.1081 	EXP 	slider: markerPos = np.float64(1.06)
54.1254 	EXP 	slider: markerPos = np.float64(1.06)
54.1354 	DATA 	Mouse:  Left button up, pos=(252,184)
54.1424 	EXP 	slider: markerPos = np.float64(1.06)
54.1583 	EXP 	slider: markerPos = np.float64(1.06)
54.1594 	EXP 	New trial (rep=10, index=11): <Trial 161 (11 in rep 10) data={'study_word': 'Cruise', 'thisN': 161, 'thisTrialN': 11, 'thisRepN': 10}>
54.1746 	EXP 	text: autoDraw = False
54.1746 	EXP 	slider: autoDraw = False
54.1746 	EXP 	text: height = np.float64(0.05)
54.1746 	EXP 	text: height = np.float64(0.05)
54.1746 	EXP 	text: height = np.float64(0.05)
54.1746 	EXP 	text: text = 'Cruise'
54.1746 	EXP 	slider: markerPos = None
54.1746 	EXP 	slider: markerPos = None
54.1746 	EXP 	text: autoDraw = True
54.1746 	EXP 	slider: autoDraw = True
54.2009 	DATA 	Mouse: Left button down, pos=(252,184)
54.2251 	EXP 	slider: markerPos = np.float64(1.06)
54.2423 	EXP 	slider: markerPos = np.float64(1.06)
54.2586 	EXP 	slider: markerPos = np.float64(1.06)
54.2758 	EXP 	slider: markerPos = np.float64(1.06)
54.2923 	EXP 	slider: markerPos = np.float64(1.06)
54.3088 	EXP 	slider: markerPos = np.float64(1.06)
54.3250 	EXP 	slider: markerPos = np.float64(1.06)
54.3426 	EXP 	slider: markerPos = np.float64(1.06)
54.3455 	DATA 	Mouse:  Left button up, pos=(252,184)
54.3585 	EXP 	slider: markerPos = np.float64(1.06)
54.3593 	EXP 	New trial (rep=10, index=12): <Trial 162 (12 in rep 10) data={'study_word': 'marble', 'thisN': 162, 'thisTrialN': 12, 'thisRepN': 10}>
54.3752 	EXP 	text: autoDraw = False
54.3752 	EXP 	slider: autoDraw = False
54.3752 	EXP 	text: height = np.float64(0.05)
54.3752 	EXP 	text: height = np.float64(0.05)
54.3752 	EXP 	text: height = np.float64(0.05)
54.3752 	EXP 	text: text = 'marble'
54.3752 	EXP 	slider: markerPos = None
54.3752 	EXP 	slider: markerPos = None
54.3752 	EXP 	text: autoDraw = True
54.3752 	EXP 	slider: autoDraw = True
54.4097 	DATA 	Mouse: Left button down, pos=(252,184)
54.4254 	EXP 	slider: markerPos = np.float64(1.06)
54.4420 	EXP 	slider: markerPos = np.float64(1.06)
54.4588 	EXP 	slider: markerPos = np.float64(1.06)
54.4752 	EXP 	slider: markerPos = np.float64(1.06)
54.4925 	EXP 	slider: markerPos = np.float64(1.06)
54.5090 	EXP 	slider: markerPos = np.float64(1.06)
54.5252 	EXP 	slider: markerPos = np.float64(1.06)
54.5423 	EXP 	slider: markerPos = np.float64(1.06)
54.5598 	EXP 	slider: markerPos = np.float64(1.06)
54.5749 	EXP 	slider: markerPos = np.float64(1.06)
54.5844 	DATA 	Mouse:  Left button up, pos=(252,184)
54.5935 	EXP 	slider: markerPos = np.float64(1.06)
54.6084 	EXP 	slider: markerPos = np.float64(1.06)
54.6092 	EXP 	New trial (rep=10, index=13): <Trial 163 (13 in rep 10) data={'study_word': 'Police', 'thisN': 163, 'thisTrialN': 13, 'thisRepN': 10}>
54.6256 	EXP 	text: autoDraw = False
54.6256 	EXP 	slider: autoDraw = False
54.6256 	EXP 	text: height = np.float64(0.05)
54.6256 	EXP 	text: height = np.float64(0.05)
54.6256 	EXP 	text: height = np.float64(0.05)
54.6256 	EXP 	text: text = 'Police'
54.6256 	EXP 	slider: markerPos = None
54.6256 	EXP 	slider: markerPos = None
54.6256 	EXP 	text: autoDraw = True
54.6256 	EXP 	slider: autoDraw = True
54.6637 	DATA 	Mouse: Left button down, pos=(252,184)
54.6760 	EXP 	slider: markerPos = np.float64(1.06)
54.6920 	EXP 	slider: markerPos = np.float64(1.06)
54.7088 	EXP 	slider: markerPos = np.float64(1.06)
54.7255 	EXP 	slider: markerPos = np.float64(1.06)
54.7419 	EXP 	slider: markerPos = np.float64(1.06)
54.7596 	EXP 	slider: markerPos = np.float64(1.06)
54.7751 	EXP 	slider: markerPos = np.float64(1.06)
54.7910 	EXP 	slider: markerPos = np.float64(1.06)
54.7928 	DATA 	Mouse:  Left button up, pos=(252,184)
54.8095 	EXP 	slider: markerPos = np.float64(1.06)
54.8106 	EXP 	New trial (rep=10, index=14): <Trial 164 (14 in rep 10) data={'study_word': 'Case', 'thisN': 164, 'thisTrialN': 14, 'thisRepN': 10}>
54.8248 	EXP 	text: autoDraw = False
54.8248 	EXP 	slider: autoDraw = False
54.8248 	EXP 	text: height = np.float64(0.05)
54.8248 	EXP 	text: height = np.float64(0.05)
54.8248 	EXP 	text: height = np.float64(0.05)
54.8248 	EXP 	text: text = 'Case'
54.8248 	EXP 	slider: markerPos = None
54.8248 	EXP 	slider: markerPos = None
54.8248 	EXP 	text: autoDraw = True
54.8248 	EXP 	slider: autoDraw = True
54.8604 	DATA 	Mouse: Left button down, pos=(252,184)
54.8753 	EXP 	slider: markerPos = np.float64(1.06)
54.8915 	EXP 	slider: markerPos = np.float64(1.06)
54.9081 	EXP 	slider: markerPos = np.float64(1.06)
54.9246 	EXP 	slider: markerPos = np.float64(1.06)
54.9409 	EXP 	slider: markerPos = np.float64(1.06)
54.9575 	EXP 	slider: markerPos = np.float64(1.06)
54.9744 	EXP 	slider: markerPos = np.float64(1.06)
54.9919 	EXP 	slider: markerPos = np.float64(1.06)
55.0084 	EXP 	slider: markerPos = np.float64(1.06)
55.0239 	EXP 	slider: markerPos = np.float64(1.06)
55.0329 	DATA 	Mouse:  Left button up, pos=(252,184)
55.0419 	EXP 	slider: markerPos = np.float64(1.06)
55.0426 	EXP 	New trial (rep=11, index=0): <Trial 165 (0 in rep 11) data={'study_word': 'Cruise', 'thisN': 165, 'thisTrialN': 0, 'thisRepN': 11}>
55.0582 	EXP 	text: autoDraw = False
55.0582 	EXP 	slider: autoDraw = False
55.0582 	EXP 	text: height = np.float64(0.05)
55.0582 	EXP 	text: height = np.float64(0.05)
55.0582 	EXP 	text: height = np.float64(0.05)
55.0582 	EXP 	text: text = 'Cruise'
55.0582 	EXP 	slider: markerPos = None
55.0582 	EXP 	slider: markerPos = None
55.0582 	EXP 	text: autoDraw = True
55.0582 	EXP 	slider: autoDraw = True
55.0926 	DATA 	Mouse: Left button down, pos=(252,184)
55.1082 	EXP 	slider: markerPos = np.float64(1.06)
55.1247 	EXP 	slider: markerPos = np.float64(1.06)
55.1411 	EXP 	slider: markerPos = np.float64(1.06)
55.1595 	EXP 	slider: markerPos = np.float64(1.06)
55.1758 	EXP 	slider: markerPos = np.float64(1.06)
55.1921 	EXP 	slider: markerPos = np.float64(1.06)
55.2094 	EXP 	slider: markerPos = np.float64(1.06)
55.2257 	EXP 	slider: markerPos = np.float64(1.06)
55.2426 	EXP 	slider: markerPos = np.float64(1.06)
55.2596 	EXP 	slider: markerPos = np.float64(1.06)
55.2622 	DATA 	Mouse:  Left button up, pos=(252,184)
55.2789 	EXP 	slider: markerPos = np.float64(1.06)
55.2797 	EXP 	New trial (rep=11, index=1): <Trial 166 (1 in rep 11) data={'study_word': 'Poster', 'thisN': 166, 'thisTrialN': 1, 'thisRepN': 11}>
55.2913 	EXP 	text: autoDraw = False
55.2913 	EXP 	slider: autoDraw = False
55.2913 	EXP 	text: height = np.float64(0.05)
55.2913 	EXP 	text: height = np.float64(0.05)
55.2913 	EXP 	text: height = np.float64(0.05)
55.2913 	EXP 	text: text = 'Poster'
55.2913 	EXP 	slider: markerPos = None
55.2913 	EXP 	slider: markerPos = None
55.2913 	EXP 	text: autoDraw = True
55.2913 	EXP 	slider: autoDraw = True
55.3136 	DATA 	Mouse: Left button down, pos=(252,184)
55.3412 	EXP 	slider: markerPos = np.float64(1.06)
55.3585 	EXP 	slider: markerPos = np.float64(1.06)
55.3749 	EXP 	slider: markerPos = np.float64(1.06)
55.3915 	EXP 	slider: markerPos = np.float64(1.06)
55.4081 	EXP 	slider: markerPos = np.float64(1.06)
55.4250 	EXP 	slider: markerPos = np.float64(1.06)
55.4415 	EXP 	slider: markerPos = np.float64(1.06)
55.4587 	EXP 	slider: markerPos = np.float64(1.06)
55.4686 	DATA 	Mouse:  Left button up, pos=(252,184)
55.4754 	EXP 	slider: markerPos = np.float64(1.06)
55.4914 	EXP 	slider: markerPos = np.float64(1.06)
55.4928 	EXP 	New trial (rep=11, index=2): <Trial 167 (2 in rep 11) data={'study_word': 'T-shirt', 'thisN': 167, 'thisTrialN': 2, 'thisRepN': 11}>
55.5089 	EXP 	text: autoDraw = False
55.5089 	EXP 	slider: autoDraw = False
55.5089 	EXP 	text: height = np.float64(0.05)
55.5089 	EXP 	text: height = np.float64(0.05)
55.5089 	EXP 	text: height = np.float64(0.05)
55.5089 	EXP 	text: text = 'T-shirt'
55.5089 	EXP 	slider: markerPos = None
55.5089 	EXP 	slider: markerPos = None
55.5089 	EXP 	text: autoDraw = True
55.5089 	EXP 	slider: autoDraw = True
55.5169 	DATA 	Mouse: Left button down, pos=(252,184)
55.5416 	EXP 	slider: markerPos = np.float64(1.06)
55.5583 	EXP 	slider: markerPos = np.float64(1.06)
55.5750 	EXP 	slider: markerPos = np.float64(1.06)
55.5922 	EXP 	slider: markerPos = np.float64(1.06)
55.6091 	EXP 	slider: markerPos = np.float64(1.06)
55.6254 	EXP 	slider: markerPos = np.float64(1.06)
55.6414 	EXP 	slider: markerPos = np.float64(1.06)
55.6593 	EXP 	slider: markerPos = np.float64(1.06)
55.6654 	DATA 	Mouse:  Left button up, pos=(252,184)
55.6778 	EXP 	slider: markerPos = np.float64(1.06)
55.6911 	EXP 	slider: markerPos = np.float64(1.06)
55.6920 	EXP 	New trial (rep=11, index=3): <Trial 168 (3 in rep 11) data={'study_word': 'book', 'thisN': 168, 'thisTrialN': 3, 'thisRepN': 11}>
55.7086 	EXP 	text: autoDraw = False
55.7086 	EXP 	slider: autoDraw = False
55.7086 	EXP 	text: height = np.float64(0.05)
55.7086 	EXP 	text: height = np.float64(0.05)
55.7086 	EXP 	text: height = np.float64(0.05)
55.7086 	EXP 	text: text = 'book'
55.7086 	EXP 	slider: markerPos = None
55.7086 	EXP 	slider: markerPos = None
55.7086 	EXP 	text: autoDraw = True
55.7086 	EXP 	slider: autoDraw = True
55.7289 	DATA 	Mouse: Left button down, pos=(252,184)
55.7414 	EXP 	slider: markerPos = np.float64(1.06)
55.7590 	EXP 	slider: markerPos = np.float64(1.06)
55.7754 	EXP 	slider: markerPos = np.float64(1.06)
55.7923 	EXP 	slider: markerPos = np.float64(1.06)
55.8089 	EXP 	slider: markerPos = np.float64(1.06)
55.8258 	EXP 	slider: markerPos = np.float64(1.06)
55.8420 	EXP 	slider: markerPos = np.float64(1.06)
55.8597 	EXP 	slider: markerPos = np.float64(1.06)
55.8762 	EXP 	slider: markerPos = np.float64(1.06)
55.8875 	DATA 	Mouse:  Left button up, pos=(252,184)
55.8934 	EXP 	slider: markerPos = np.float64(1.06)
55.9087 	EXP 	slider: markerPos = np.float64(1.06)
55.9097 	EXP 	New trial (rep=11, index=4): <Trial 169 (4 in rep 11) data={'study_word': 'board', 'thisN': 169, 'thisTrialN': 4, 'thisRepN': 11}>
55.9255 	EXP 	text: autoDraw = False
55.9255 	EXP 	slider: autoDraw = False
55.9255 	EXP 	text: height = np.float64(0.05)
55.9255 	EXP 	text: height = np.float64(0.05)
55.9255 	EXP 	text: height = np.float64(0.05)
55.9255 	EXP 	text: text = 'board'
55.9255 	EXP 	slider: markerPos = None
55.9255 	EXP 	slider: markerPos = None
55.9255 	EXP 	text: autoDraw = True
55.9255 	EXP 	slider: autoDraw = True
55.9452 	DATA 	Mouse: Left button down, pos=(252,184)
55.9597 	EXP 	slider: markerPos = np.float64(1.06)
55.9745 	EXP 	slider: markerPos = np.float64(1.06)
55.9914 	EXP 	slider: markerPos = np.float64(1.06)
56.0086 	EXP 	slider: markerPos = np.float64(1.06)
56.0254 	EXP 	slider: markerPos = np.float64(1.06)
56.0416 	EXP 	slider: markerPos = np.float64(1.06)
56.0585 	EXP 	slider: markerPos = np.float64(1.06)
56.0761 	EXP 	slider: markerPos = np.float64(1.06)
56.0924 	EXP 	slider: markerPos = np.float64(1.06)
56.1092 	EXP 	slider: markerPos = np.float64(1.06)
56.1148 	DATA 	Mouse:  Left button up, pos=(252,184)
56.1287 	EXP 	slider: markerPos = np.float64(1.06)
56.1410 	EXP 	slider: markerPos = np.float64(1.06)
56.1418 	EXP 	New trial (rep=11, index=5): <Trial 170 (5 in rep 11) data={'study_word': 'Pastry', 'thisN': 170, 'thisTrialN': 5, 'thisRepN': 11}>
56.1594 	EXP 	text: autoDraw = False
56.1594 	EXP 	slider: autoDraw = False
56.1594 	EXP 	text: height = np.float64(0.05)
56.1594 	EXP 	text: height = np.float64(0.05)
56.1594 	EXP 	text: height = np.float64(0.05)
56.1594 	EXP 	text: text = 'Pastry'
56.1594 	EXP 	slider: markerPos = None
56.1594 	EXP 	slider: markerPos = None
56.1594 	EXP 	text: autoDraw = True
56.1594 	EXP 	slider: autoDraw = True
56.1797 	DATA 	Mouse: Left button down, pos=(252,184)
56.2087 	EXP 	slider: markerPos = np.float64(1.06)
56.2253 	EXP 	slider: markerPos = np.float64(1.06)
56.2413 	EXP 	slider: markerPos = np.float64(1.06)
56.2577 	EXP 	slider: markerPos = np.float64(1.06)
56.2744 	EXP 	slider: markerPos = np.float64(1.06)
56.2912 	EXP 	slider: markerPos = np.float64(1.06)
56.3079 	EXP 	slider: markerPos = np.float64(1.06)
56.3245 	EXP 	slider: markerPos = np.float64(1.06)
56.3413 	EXP 	slider: markerPos = np.float64(1.06)
56.3582 	EXP 	slider: markerPos = np.float64(1.06)
56.3673 	DATA 	Mouse:  Left button up, pos=(252,184)
56.3902 	EXP 	slider: markerPos = np.float64(1.06)
56.3911 	EXP 	New trial (rep=11, index=6): <Trial 171 (6 in rep 11) data={'study_word': 'Case', 'thisN': 171, 'thisTrialN': 6, 'thisRepN': 11}>
56.4084 	EXP 	text: autoDraw = False
56.4084 	EXP 	slider: autoDraw = False
56.4084 	EXP 	text: height = np.float64(0.05)
56.4084 	EXP 	text: height = np.float64(0.05)
56.4084 	EXP 	text: height = np.float64(0.05)
56.4084 	EXP 	text: text = 'Case'
56.4084 	EXP 	slider: markerPos = None
56.4084 	EXP 	slider: markerPos = None
56.4084 	EXP 	text: autoDraw = True
56.4084 	EXP 	slider: autoDraw = True
56.4281 	DATA 	Mouse: Left button down, pos=(252,184)
56.4415 	EXP 	slider: markerPos = np.float64(1.06)
56.4577 	EXP 	slider: markerPos = np.float64(1.06)
56.4741 	EXP 	slider: markerPos = np.float64(1.06)
56.4908 	EXP 	slider: markerPos = np.float64(1.06)
56.5082 	EXP 	slider: markerPos = np.float64(1.06)
56.5241 	EXP 	slider: markerPos = np.float64(1.06)
56.5408 	EXP 	slider: markerPos = np.float64(1.06)
56.5577 	EXP 	slider: markerPos = np.float64(1.06)
56.5749 	EXP 	slider: markerPos = np.float64(1.06)
56.5913 	EXP 	slider: markerPos = np.float64(1.06)
56.5930 	DATA 	Mouse:  Left button up, pos=(252,184)
56.6081 	EXP 	slider: markerPos = np.float64(1.06)
56.6088 	EXP 	New trial (rep=11, index=7): <Trial 172 (7 in rep 11) data={'study_word': 'marble', 'thisN': 172, 'thisTrialN': 7, 'thisRepN': 11}>
56.6243 	EXP 	text: autoDraw = False
56.6243 	EXP 	slider: autoDraw = False
56.6243 	EXP 	text: height = np.float64(0.05)
56.6243 	EXP 	text: height = np.float64(0.05)
56.6243 	EXP 	text: height = np.float64(0.05)
56.6243 	EXP 	text: text = 'marble'
56.6243 	EXP 	slider: markerPos = None
56.6243 	EXP 	slider: markerPos = None
56.6243 	EXP 	text: autoDraw = True
56.6243 	EXP 	slider: autoDraw = True
56.6614 	DATA 	Mouse: Left button down, pos=(252,184)
56.6751 	EXP 	slider: markerPos = np.float64(1.06)
56.6916 	EXP 	slider: markerPos = np.float64(1.06)
56.7084 	EXP 	slider: markerPos = np.float64(1.06)
56.7252 	EXP 	slider: markerPos = np.float64(1.06)
56.7409 	EXP 	slider: markerPos = np.float64(1.06)
56.7575 	EXP 	slider: markerPos = np.float64(1.06)
56.7747 	EXP 	slider: markerPos = np.float64(1.06)
56.7913 	EXP 	slider: markerPos = np.float64(1.06)
56.7944 	DATA 	Mouse:  Left button up, pos=(252,184)
56.8084 	EXP 	slider: markerPos = np.float64(1.06)
56.8091 	EXP 	New trial (rep=11, index=8): <Trial 173 (8 in rep 11) data={'study_word': 'phone', 'thisN': 173, 'thisTrialN': 8, 'thisRepN': 11}>
56.8248 	EXP 	text: autoDraw = False
56.8248 	EXP 	slider: autoDraw = False
56.8248 	EXP 	text: height = np.float64(0.05)
56.8248 	EXP 	text: height = np.float64(0.05)
56.8248 	EXP 	text: height = np.float64(0.05)
56.8248 	EXP 	text: text = 'phone'
56.8248 	EXP 	slider: markerPos = None
56.8248 	EXP 	slider: markerPos = None
56.8248 	EXP 	text: autoDraw = True
56.8248 	EXP 	slider: autoDraw = True
56.8617 	DATA 	Mouse: Left button down, pos=(252,184)
56.8755 	EXP 	slider: markerPos = np.float64(1.06)
56.8915 	EXP 	slider: markerPos = np.float64(1.06)
56.9079 	EXP 	slider: markerPos = np.float64(1.06)
56.9286 	EXP 	slider: markerPos = np.float64(1.06)
56.9410 	EXP 	slider: markerPos = np.float64(1.06)
56.9580 	EXP 	slider: markerPos = np.float64(1.06)
56.9741 	EXP 	slider: markerPos = np.float64(1.06)
56.9919 	EXP 	slider: markerPos = np.float64(1.06)
57.0085 	EXP 	slider: markerPos = np.float64(1.06)
57.0247 	EXP 	slider: markerPos = np.float64(1.06)
57.0409 	EXP 	slider: markerPos = np.float64(1.06)
57.0580 	EXP 	slider: markerPos = np.float64(1.06)
57.0626 	DATA 	Mouse:  Left button up, pos=(252,184)
57.0771 	EXP 	slider: markerPos = np.float64(1.06)
57.0779 	EXP 	New trial (rep=11, index=9): <Trial 174 (9 in rep 11) data={'study_word': 'cushion', 'thisN': 174, 'thisTrialN': 9, 'thisRepN': 11}>
57.0907 	EXP 	text: autoDraw = False
57.0907 	EXP 	slider: autoDraw = False
57.0907 	EXP 	text: height = np.float64(0.05)
57.0907 	EXP 	text: height = np.float64(0.05)
57.0907 	EXP 	text: height = np.float64(0.05)
57.0907 	EXP 	text: text = 'cushion'
57.0907 	EXP 	slider: markerPos = None
57.0907 	EXP 	slider: markerPos = None
57.0907 	EXP 	text: autoDraw = True
57.0907 	EXP 	slider: autoDraw = True
57.1097 	DATA 	Mouse: Left button down, pos=(252,184)
57.1244 	EXP 	slider: markerPos = np.float64(1.06)
57.1410 	EXP 	slider: markerPos = np.float64(1.06)
57.1576 	EXP 	slider: markerPos = np.float64(1.06)
57.1746 	EXP 	slider: markerPos = np.float64(1.06)
57.1913 	EXP 	slider: markerPos = np.float64(1.06)
57.2082 	EXP 	slider: markerPos = np.float64(1.06)
57.2246 	EXP 	slider: markerPos = np.float64(1.06)
57.2412 	EXP 	slider: markerPos = np.float64(1.06)
57.2458 	DATA 	Mouse:  Left button up, pos=(252,184)
57.2582 	EXP 	slider: markerPos = np.float64(1.06)
57.2589 	EXP 	New trial (rep=11, index=10): <Trial 175 (10 in rep 11) data={'study_word': 'mouse', 'thisN': 175, 'thisTrialN': 10, 'thisRepN': 11}>
57.2744 	EXP 	text: autoDraw = False
57.2744 	EXP 	slider: autoDraw = False
57.2744 	EXP 	text: height = np.float64(0.05)
57.2744 	EXP 	text: height = np.float64(0.05)
57.2744 	EXP 	text: height = np.float64(0.05)
57.2744 	EXP 	text: text = 'mouse'
57.2744 	EXP 	slider: markerPos = None
57.2744 	EXP 	slider: markerPos = None
57.2744 	EXP 	text: autoDraw = True
57.2744 	EXP 	slider: autoDraw = True
57.2990 	DATA 	Mouse: Left button down, pos=(252,184)
57.3243 	EXP 	slider: markerPos = np.float64(1.06)
57.3407 	EXP 	slider: markerPos = np.float64(1.06)
57.3574 	EXP 	slider: markerPos = np.float64(1.06)
57.3740 	EXP 	slider: markerPos = np.float64(1.06)
57.3907 	EXP 	slider: markerPos = np.float64(1.06)
57.4078 	EXP 	slider: markerPos = np.float64(1.06)
57.4246 	EXP 	slider: markerPos = np.float64(1.06)
57.4417 	EXP 	slider: markerPos = np.float64(1.06)
57.4579 	EXP 	slider: markerPos = np.float64(1.06)
57.4747 	EXP 	slider: markerPos = np.float64(1.06)
57.4909 	EXP 	slider: markerPos = np.float64(1.06)
57.5079 	EXP 	slider: markerPos = np.float64(1.06)
57.5247 	EXP 	slider: markerPos = np.float64(1.06)
57.5409 	EXP 	slider: markerPos = np.float64(1.06)
57.5582 	EXP 	slider: markerPos = np.float64(1.06)
57.5746 	EXP 	slider: markerPos = np.float64(1.035)
57.5908 	EXP 	slider: markerPos = np.float64(1.03)
57.5971 	DATA 	Mouse:  Left button up, pos=(239,179)
57.6079 	EXP 	slider: markerPos = np.float64(0.9950000000000001)
57.6160 	EXP 	slider: markerPos = np.int64(1)
57.6167 	EXP 	New trial (rep=11, index=11): <Trial 176 (11 in rep 11) data={'study_word': 'Laptop', 'thisN': 176, 'thisTrialN': 11, 'thisRepN': 11}>
57.6244 	EXP 	text: autoDraw = False
57.6244 	EXP 	slider: autoDraw = False
57.6244 	EXP 	text: height = np.float64(0.05)
57.6244 	EXP 	text: height = np.float64(0.05)
57.6244 	EXP 	text: height = np.float64(0.05)
57.6244 	EXP 	text: text = 'Laptop'
57.6244 	EXP 	slider: markerPos = None
57.6244 	EXP 	slider: markerPos = None
57.6244 	EXP 	text: autoDraw = True
57.6244 	EXP 	slider: autoDraw = True
57.7608 	DATA 	Mouse: Left button down, pos=(239,179)
57.7748 	EXP 	slider: markerPos = np.float64(0.9950000000000001)
57.7912 	EXP 	slider: markerPos = np.float64(0.9950000000000001)
57.8078 	EXP 	slider: markerPos = np.float64(0.9950000000000001)
57.8245 	EXP 	slider: markerPos = np.float64(0.9950000000000001)
57.8412 	EXP 	slider: markerPos = np.float64(0.9950000000000001)
57.8575 	EXP 	slider: markerPos = np.float64(0.9950000000000001)
57.8743 	EXP 	slider: markerPos = np.float64(0.9950000000000001)
57.8910 	EXP 	slider: markerPos = np.float64(0.9950000000000001)
57.9082 	EXP 	slider: markerPos = np.float64(0.9950000000000001)
57.9247 	EXP 	slider: markerPos = np.float64(0.9950000000000001)
57.9415 	EXP 	slider: markerPos = np.float64(0.9950000000000001)
57.9583 	EXP 	slider: markerPos = np.float64(0.9950000000000001)
57.9746 	EXP 	slider: markerPos = np.float64(0.9950000000000001)
57.9772 	DATA 	Mouse:  Left button up, pos=(239,179)
57.9930 	EXP 	slider: markerPos = np.int64(1)
57.9938 	EXP 	New trial (rep=11, index=12): <Trial 177 (12 in rep 11) data={'study_word': 'Police', 'thisN': 177, 'thisTrialN': 12, 'thisRepN': 11}>
58.0085 	EXP 	text: autoDraw = False
58.0085 	EXP 	slider: autoDraw = False
58.0085 	EXP 	text: height = np.float64(0.05)
58.0085 	EXP 	text: height = np.float64(0.05)
58.0085 	EXP 	text: height = np.float64(0.05)
58.0085 	EXP 	text: text = 'Police'
58.0085 	EXP 	slider: markerPos = None
58.0085 	EXP 	slider: markerPos = None
58.0085 	EXP 	text: autoDraw = True
58.0085 	EXP 	slider: autoDraw = True
58.0323 	DATA 	Mouse: Left button down, pos=(239,179)
58.0583 	EXP 	slider: markerPos = np.float64(0.9950000000000001)
58.0773 	EXP 	slider: markerPos = np.float64(0.9950000000000001)
58.0921 	EXP 	slider: markerPos = np.float64(0.9950000000000001)
58.1090 	EXP 	slider: markerPos = np.float64(0.9950000000000001)
58.1255 	EXP 	slider: markerPos = np.float64(0.9950000000000001)
58.1420 	EXP 	slider: markerPos = np.float64(0.9950000000000001)
58.1589 	EXP 	slider: markerPos = np.float64(0.9950000000000001)
58.1755 	EXP 	slider: markerPos = np.float64(0.9950000000000001)
58.1920 	EXP 	slider: markerPos = np.float64(0.9950000000000001)
58.1956 	DATA 	Mouse:  Left button up, pos=(239,179)
58.2122 	EXP 	slider: markerPos = np.int64(1)
58.2132 	EXP 	New trial (rep=11, index=13): <Trial 178 (13 in rep 11) data={'study_word': 'Chart', 'thisN': 178, 'thisTrialN': 13, 'thisRepN': 11}>
58.2253 	EXP 	text: autoDraw = False
58.2253 	EXP 	slider: autoDraw = False
58.2253 	EXP 	text: height = np.float64(0.05)
58.2253 	EXP 	text: height = np.float64(0.05)
58.2253 	EXP 	text: height = np.float64(0.05)
58.2253 	EXP 	text: text = 'Chart'
58.2253 	EXP 	slider: markerPos = None
58.2253 	EXP 	slider: markerPos = None
58.2253 	EXP 	text: autoDraw = True
58.2253 	EXP 	slider: autoDraw = True
58.2611 	DATA 	Mouse: Left button down, pos=(239,179)
58.2754 	EXP 	slider: markerPos = np.float64(0.9950000000000001)
58.2918 	EXP 	slider: markerPos = np.float64(0.9950000000000001)
58.3087 	EXP 	slider: markerPos = np.float64(0.9950000000000001)
58.3254 	EXP 	slider: markerPos = np.float64(0.9950000000000001)
58.3424 	EXP 	slider: markerPos = np.float64(0.9950000000000001)
58.3578 	EXP 	slider: markerPos = np.float64(0.9950000000000001)
58.3745 	EXP 	slider: markerPos = np.float64(0.9950000000000001)
58.3907 	EXP 	slider: markerPos = np.float64(0.9950000000000001)
58.4075 	EXP 	slider: markerPos = np.float64(0.9950000000000001)
58.4248 	EXP 	slider: markerPos = np.float64(0.9950000000000001)
58.4297 	DATA 	Mouse:  Left button up, pos=(239,179)
58.4417 	EXP 	slider: markerPos = np.int64(1)
58.4426 	EXP 	New trial (rep=11, index=14): <Trial 179 (14 in rep 11) data={'study_word': 'Keys', 'thisN': 179, 'thisTrialN': 14, 'thisRepN': 11}>
58.4581 	EXP 	text: autoDraw = False
58.4581 	EXP 	slider: autoDraw = False
58.4581 	EXP 	text: height = np.float64(0.05)
58.4581 	EXP 	text: height = np.float64(0.05)
58.4581 	EXP 	text: height = np.float64(0.05)
58.4581 	EXP 	text: text = 'Keys'
58.4581 	EXP 	slider: markerPos = None
58.4581 	EXP 	slider: markerPos = None
58.4581 	EXP 	text: autoDraw = True
58.4581 	EXP 	slider: autoDraw = True
58.4925 	DATA 	Mouse: Left button down, pos=(239,179)
58.5084 	EXP 	slider: markerPos = np.float64(0.9950000000000001)
58.5246 	EXP 	slider: markerPos = np.float64(0.9950000000000001)
58.5414 	EXP 	slider: markerPos = np.float64(0.9950000000000001)
58.5579 	EXP 	slider: markerPos = np.float64(0.9950000000000001)
58.5747 	EXP 	slider: markerPos = np.float64(0.9950000000000001)
58.5914 	EXP 	slider: markerPos = np.float64(0.9950000000000001)
58.6085 	EXP 	slider: markerPos = np.float64(0.9950000000000001)
58.6261 	EXP 	slider: markerPos = np.float64(0.9950000000000001)
58.6318 	DATA 	Mouse:  Left button up, pos=(239,179)
58.6443 	EXP 	slider: markerPos = np.int64(1)
58.6451 	EXP 	New trial (rep=12, index=0): <Trial 180 (0 in rep 12) data={'study_word': 'Poster', 'thisN': 180, 'thisTrialN': 0, 'thisRepN': 12}>
58.6581 	EXP 	text: autoDraw = False
58.6581 	EXP 	slider: autoDraw = False
58.6581 	EXP 	text: height = np.float64(0.05)
58.6581 	EXP 	text: height = np.float64(0.05)
58.6581 	EXP 	text: height = np.float64(0.05)
58.6581 	EXP 	text: text = 'Poster'
58.6581 	EXP 	slider: markerPos = None
58.6581 	EXP 	slider: markerPos = None
58.6581 	EXP 	text: autoDraw = True
58.6581 	EXP 	slider: autoDraw = True
58.6968 	DATA 	Mouse: Left button down, pos=(239,179)
58.7096 	EXP 	slider: markerPos = np.float64(0.9950000000000001)
58.7252 	EXP 	slider: markerPos = np.float64(0.9950000000000001)
58.7424 	EXP 	slider: markerPos = np.float64(0.9950000000000001)
58.7588 	EXP 	slider: markerPos = np.float64(0.9950000000000001)
58.7753 	EXP 	slider: markerPos = np.float64(0.9950000000000001)
58.7924 	EXP 	slider: markerPos = np.float64(0.9950000000000001)
58.8087 	EXP 	slider: markerPos = np.float64(0.9950000000000001)
58.8259 	EXP 	slider: markerPos = np.float64(0.9950000000000001)
58.8334 	DATA 	Mouse:  Left button up, pos=(239,179)
58.8451 	EXP 	slider: markerPos = np.float64(0.9950000000000001)
58.8581 	EXP 	slider: markerPos = np.int64(1)
58.8589 	EXP 	New trial (rep=12, index=1): <Trial 181 (1 in rep 12) data={'study_word': 'mouse', 'thisN': 181, 'thisTrialN': 1, 'thisRepN': 12}>
58.8756 	EXP 	text: autoDraw = False
58.8756 	EXP 	slider: autoDraw = False
58.8756 	EXP 	text: height = np.float64(0.05)
58.8756 	EXP 	text: height = np.float64(0.05)
58.8756 	EXP 	text: height = np.float64(0.05)
58.8756 	EXP 	text: text = 'mouse'
58.8756 	EXP 	slider: markerPos = None
58.8756 	EXP 	slider: markerPos = None
58.8756 	EXP 	text: autoDraw = True
58.8756 	EXP 	slider: autoDraw = True
58.8961 	DATA 	Mouse: Left button down, pos=(239,179)
58.9110 	EXP 	slider: markerPos = np.float64(0.9950000000000001)
58.9250 	EXP 	slider: markerPos = np.float64(0.9950000000000001)
58.9423 	EXP 	slider: markerPos = np.float64(0.9950000000000001)
58.9588 	EXP 	slider: markerPos = np.float64(0.9950000000000001)
58.9757 	EXP 	slider: markerPos = np.float64(0.9950000000000001)
58.9922 	EXP 	slider: markerPos = np.float64(0.9950000000000001)
59.0094 	EXP 	slider: markerPos = np.float64(0.9950000000000001)
59.0256 	EXP 	slider: markerPos = np.float64(0.9950000000000001)
59.0414 	EXP 	slider: markerPos = np.float64(0.9950000000000001)
59.0596 	EXP 	slider: markerPos = np.float64(0.9950000000000001)
59.0709 	DATA 	Mouse:  Left button up, pos=(239,179)
59.0903 	EXP 	slider: markerPos = np.int64(1)
59.0912 	EXP 	New trial (rep=12, index=2): <Trial 182 (2 in rep 12) data={'study_word': 'Keys', 'thisN': 182, 'thisTrialN': 2, 'thisRepN': 12}>
59.1094 	EXP 	text: autoDraw = False
59.1094 	EXP 	slider: autoDraw = False
59.1094 	EXP 	text: height = np.float64(0.05)
59.1094 	EXP 	text: height = np.float64(0.05)
59.1094 	EXP 	text: height = np.float64(0.05)
59.1094 	EXP 	text: text = 'Keys'
59.1094 	EXP 	slider: markerPos = None
59.1094 	EXP 	slider: markerPos = None
59.1094 	EXP 	text: autoDraw = True
59.1094 	EXP 	slider: autoDraw = True
59.1150 	DATA 	Mouse: Left button down, pos=(239,179)
59.1414 	EXP 	slider: markerPos = np.float64(0.9950000000000001)
59.1583 	EXP 	slider: markerPos = np.float64(0.9950000000000001)
59.1748 	EXP 	slider: markerPos = np.float64(0.9950000000000001)
59.1914 	EXP 	slider: markerPos = np.float64(0.9950000000000001)
59.2076 	EXP 	slider: markerPos = np.float64(0.9950000000000001)
59.2252 	EXP 	slider: markerPos = np.float64(0.9950000000000001)
59.2412 	EXP 	slider: markerPos = np.float64(0.9950000000000001)
59.2502 	DATA 	Mouse:  Left button up, pos=(239,179)
59.2736 	EXP 	slider: markerPos = np.int64(1)
59.2748 	EXP 	New trial (rep=12, index=3): <Trial 183 (3 in rep 12) data={'study_word': 'Police', 'thisN': 183, 'thisTrialN': 3, 'thisRepN': 12}>
59.2916 	EXP 	text: autoDraw = False
59.2916 	EXP 	slider: autoDraw = False
59.2916 	EXP 	text: height = np.float64(0.05)
59.2916 	EXP 	text: height = np.float64(0.05)
59.2916 	EXP 	text: height = np.float64(0.05)
59.2916 	EXP 	text: text = 'Police'
59.2916 	EXP 	slider: markerPos = None
59.2916 	EXP 	slider: markerPos = None
59.2916 	EXP 	text: autoDraw = True
59.2916 	EXP 	slider: autoDraw = True
59.3114 	DATA 	Mouse: Left button down, pos=(239,179)
59.3243 	EXP 	slider: markerPos = np.float64(0.9950000000000001)
59.3408 	EXP 	slider: markerPos = np.float64(0.9950000000000001)
59.3577 	EXP 	slider: markerPos = np.float64(0.9950000000000001)
59.3745 	EXP 	slider: markerPos = np.float64(0.9950000000000001)
59.3908 	EXP 	slider: markerPos = np.float64(0.9950000000000001)
59.4075 	EXP 	slider: markerPos = np.float64(0.9950000000000001)
59.4242 	EXP 	slider: markerPos = np.float64(0.9950000000000001)
59.4410 	EXP 	slider: markerPos = np.float64(0.9950000000000001)
59.4574 	EXP 	slider: markerPos = np.float64(0.9950000000000001)
59.4742 	EXP 	slider: markerPos = np.float64(0.9950000000000001)
59.4763 	DATA 	Mouse:  Left button up, pos=(239,179)
59.4914 	EXP 	slider: markerPos = np.int64(1)
59.4923 	EXP 	New trial (rep=12, index=4): <Trial 184 (4 in rep 12) data={'study_word': 'Cruise', 'thisN': 184, 'thisTrialN': 4, 'thisRepN': 12}>
59.5079 	EXP 	text: autoDraw = False
59.5079 	EXP 	slider: autoDraw = False
59.5079 	EXP 	text: height = np.float64(0.05)
59.5079 	EXP 	text: height = np.float64(0.05)
59.5079 	EXP 	text: height = np.float64(0.05)
59.5079 	EXP 	text: text = 'Cruise'
59.5079 	EXP 	slider: markerPos = None
59.5079 	EXP 	slider: markerPos = None
59.5079 	EXP 	text: autoDraw = True
59.5079 	EXP 	slider: autoDraw = True
59.5457 	DATA 	Mouse: Left button down, pos=(239,179)
59.5583 	EXP 	slider: markerPos = np.float64(0.9950000000000001)
59.5742 	EXP 	slider: markerPos = np.float64(0.9950000000000001)
59.5912 	EXP 	slider: markerPos = np.float64(0.9950000000000001)
59.6076 	EXP 	slider: markerPos = np.float64(0.9950000000000001)
59.6246 	EXP 	slider: markerPos = np.float64(0.9950000000000001)
59.6413 	EXP 	slider: markerPos = np.float64(0.9950000000000001)
59.6581 	EXP 	slider: markerPos = np.float64(0.9950000000000001)
59.6747 	EXP 	slider: markerPos = np.float64(0.9950000000000001)
59.6913 	EXP 	slider: markerPos = np.float64(0.9950000000000001)
59.6933 	DATA 	Mouse:  Left button up, pos=(239,179)
59.7087 	EXP 	slider: markerPos = np.int64(1)
59.7095 	EXP 	New trial (rep=12, index=5): <Trial 185 (5 in rep 12) data={'study_word': 'book', 'thisN': 185, 'thisTrialN': 5, 'thisRepN': 12}>
59.7245 	EXP 	text: autoDraw = False
59.7245 	EXP 	slider: autoDraw = False
59.7245 	EXP 	text: height = np.float64(0.05)
59.7245 	EXP 	text: height = np.float64(0.05)
59.7245 	EXP 	text: height = np.float64(0.05)
59.7245 	EXP 	text: text = 'book'
59.7245 	EXP 	slider: markerPos = None
59.7245 	EXP 	slider: markerPos = None
59.7245 	EXP 	text: autoDraw = True
59.7245 	EXP 	slider: autoDraw = True
59.7624 	DATA 	Mouse: Left button down, pos=(239,179)
59.7745 	EXP 	slider: markerPos = np.float64(0.9950000000000001)
59.7907 	EXP 	slider: markerPos = np.float64(0.9950000000000001)
59.8089 	EXP 	slider: markerPos = np.float64(0.9950000000000001)
59.8257 	EXP 	slider: markerPos = np.float64(0.9950000000000001)
59.8425 	EXP 	slider: markerPos = np.float64(0.9950000000000001)
59.8596 	EXP 	slider: markerPos = np.float64(0.9950000000000001)
59.8760 	EXP 	slider: markerPos = np.float64(0.9950000000000001)
59.8923 	EXP 	slider: markerPos = np.float64(0.9950000000000001)
59.9093 	EXP 	slider: markerPos = np.float64(0.9950000000000001)
59.9153 	DATA 	Mouse:  Left button up, pos=(239,179)
59.9286 	EXP 	slider: markerPos = np.int64(1)
59.9295 	EXP 	New trial (rep=12, index=6): <Trial 186 (6 in rep 12) data={'study_word': 'Pastry', 'thisN': 186, 'thisTrialN': 6, 'thisRepN': 12}>
59.9417 	EXP 	text: autoDraw = False
59.9417 	EXP 	slider: autoDraw = False
59.9417 	EXP 	text: height = np.float64(0.05)
59.9417 	EXP 	text: height = np.float64(0.05)
59.9417 	EXP 	text: height = np.float64(0.05)
59.9417 	EXP 	text: text = 'Pastry'
59.9417 	EXP 	slider: markerPos = None
59.9417 	EXP 	slider: markerPos = None
59.9417 	EXP 	text: autoDraw = True
59.9417 	EXP 	slider: autoDraw = True
59.9608 	DATA 	Mouse: Left button down, pos=(239,179)
59.9742 	EXP 	slider: markerPos = np.float64(0.9950000000000001)
59.9914 	EXP 	slider: markerPos = np.float64(0.9950000000000001)
60.0074 	EXP 	slider: markerPos = np.float64(0.9950000000000001)
60.0239 	EXP 	slider: markerPos = np.float64(0.9950000000000001)
60.0407 	EXP 	slider: markerPos = np.float64(0.9950000000000001)
60.0574 	EXP 	slider: markerPos = np.float64(0.9950000000000001)
60.0773 	EXP 	slider: markerPos = np.float64(0.9950000000000001)
60.0912 	EXP 	slider: markerPos = np.float64(0.9950000000000001)
60.1080 	EXP 	slider: markerPos = np.float64(0.9950000000000001)
60.1250 	EXP 	slider: markerPos = np.float64(0.9950000000000001)
60.1413 	EXP 	slider: markerPos = np.float64(0.9950000000000001)
60.1504 	DATA 	Mouse:  Left button up, pos=(239,179)
60.1735 	EXP 	slider: markerPos = np.int64(1)
60.1742 	EXP 	New trial (rep=12, index=7): <Trial 187 (7 in rep 12) data={'study_word': 'marble', 'thisN': 187, 'thisTrialN': 7, 'thisRepN': 12}>
60.1918 	EXP 	text: autoDraw = False
60.1918 	EXP 	slider: autoDraw = False
60.1918 	EXP 	text: height = np.float64(0.05)
60.1918 	EXP 	text: height = np.float64(0.05)
60.1918 	EXP 	text: height = np.float64(0.05)
60.1918 	EXP 	text: text = 'marble'
60.1918 	EXP 	slider: markerPos = None
60.1918 	EXP 	slider: markerPos = None
60.1918 	EXP 	text: autoDraw = True
60.1918 	EXP 	slider: autoDraw = True
60.2122 	DATA 	Mouse: Left button down, pos=(239,179)
60.2266 	EXP 	slider: markerPos = np.float64(0.9950000000000001)
60.2409 	EXP 	slider: markerPos = np.float64(0.9950000000000001)
60.2574 	EXP 	slider: markerPos = np.float64(0.9950000000000001)
60.2742 	EXP 	slider: markerPos = np.float64(0.9950000000000001)
60.2913 	EXP 	slider: markerPos = np.float64(0.9950000000000001)
60.3079 	EXP 	slider: markerPos = np.float64(0.9950000000000001)
60.3247 	EXP 	slider: markerPos = np.float64(0.9950000000000001)
60.3305 	DATA 	Mouse:  Left button up, pos=(239,179)
60.3434 	EXP 	slider: markerPos = np.float64(0.9950000000000001)
60.3580 	EXP 	slider: markerPos = np.int64(1)
60.3595 	EXP 	New trial (rep=12, index=8): <Trial 188 (8 in rep 12) data={'study_word': 'cushion', 'thisN': 188, 'thisTrialN': 8, 'thisRepN': 12}>
60.3743 	EXP 	text: autoDraw = False
60.3743 	EXP 	slider: autoDraw = False
60.3743 	EXP 	text: height = np.float64(0.05)
60.3743 	EXP 	text: height = np.float64(0.05)
60.3743 	EXP 	text: height = np.float64(0.05)
60.3743 	EXP 	text: text = 'cushion'
60.3743 	EXP 	slider: markerPos = None
60.3743 	EXP 	slider: markerPos = None
60.3743 	EXP 	text: autoDraw = True
60.3743 	EXP 	slider: autoDraw = True
60.4099 	DATA 	Mouse: Left button down, pos=(239,179)
60.4249 	EXP 	slider: markerPos = np.float64(0.9950000000000001)
60.4409 	EXP 	slider: markerPos = np.float64(0.9950000000000001)
60.4576 	EXP 	slider: markerPos = np.float64(0.9950000000000001)
60.4742 	EXP 	slider: markerPos = np.float64(0.9950000000000001)
60.4908 	EXP 	slider: markerPos = np.float64(0.9950000000000001)
60.5074 	EXP 	slider: markerPos = np.float64(0.9950000000000001)
60.5242 	EXP 	slider: markerPos = np.float64(0.9950000000000001)
60.5409 	EXP 	slider: markerPos = np.float64(0.9950000000000001)
60.5580 	EXP 	slider: markerPos = np.float64(0.9950000000000001)
60.5747 	EXP 	slider: markerPos = np.float64(0.9950000000000001)
60.5839 	DATA 	Mouse:  Left button up, pos=(239,179)
60.6069 	EXP 	slider: markerPos = np.int64(1)
60.6078 	EXP 	New trial (rep=12, index=9): <Trial 189 (9 in rep 12) data={'study_word': 'Case', 'thisN': 189, 'thisTrialN': 9, 'thisRepN': 12}>
60.6251 	EXP 	text: autoDraw = False
60.6251 	EXP 	slider: autoDraw = False
60.6251 	EXP 	text: height = np.float64(0.05)
60.6251 	EXP 	text: height = np.float64(0.05)
60.6251 	EXP 	text: height = np.float64(0.05)
60.6251 	EXP 	text: text = 'Case'
60.6251 	EXP 	slider: markerPos = None
60.6251 	EXP 	slider: markerPos = None
60.6251 	EXP 	text: autoDraw = True
60.6251 	EXP 	slider: autoDraw = True
60.6460 	DATA 	Mouse: Left button down, pos=(239,179)
60.6584 	EXP 	slider: markerPos = np.float64(0.9950000000000001)
60.6752 	EXP 	slider: markerPos = np.float64(0.9950000000000001)
60.6913 	EXP 	slider: markerPos = np.float64(0.9950000000000001)
60.7076 	EXP 	slider: markerPos = np.float64(0.9950000000000001)
60.7246 	EXP 	slider: markerPos = np.float64(0.9950000000000001)
60.7414 	EXP 	slider: markerPos = np.float64(0.9950000000000001)
60.7582 	EXP 	slider: markerPos = np.float64(0.9950000000000001)
60.7750 	EXP 	slider: markerPos = np.float64(0.9950000000000001)
60.7782 	DATA 	Mouse:  Left button up, pos=(239,179)
60.7920 	EXP 	slider: markerPos = np.int64(1)
60.7928 	EXP 	New trial (rep=12, index=10): <Trial 190 (10 in rep 12) data={'study_word': 'board', 'thisN': 190, 'thisTrialN': 10, 'thisRepN': 12}>
60.8078 	EXP 	text: autoDraw = False
60.8078 	EXP 	slider: autoDraw = False
60.8078 	EXP 	text: height = np.float64(0.05)
60.8078 	EXP 	text: height = np.float64(0.05)
60.8078 	EXP 	text: height = np.float64(0.05)
60.8078 	EXP 	text: text = 'board'
60.8078 	EXP 	slider: markerPos = None
60.8078 	EXP 	slider: markerPos = None
60.8078 	EXP 	text: autoDraw = True
60.8078 	EXP 	slider: autoDraw = True
60.8447 	DATA 	Mouse: Left button down, pos=(239,179)
60.8583 	EXP 	slider: markerPos = np.float64(0.9950000000000001)
60.8754 	EXP 	slider: markerPos = np.float64(0.9950000000000001)
60.8924 	EXP 	slider: markerPos = np.float64(0.9950000000000001)
60.9090 	EXP 	slider: markerPos = np.float64(0.9950000000000001)
60.9257 	EXP 	slider: markerPos = np.float64(0.9950000000000001)
60.9432 	EXP 	slider: markerPos = np.float64(0.9950000000000001)
60.9590 	EXP 	slider: markerPos = np.float64(0.9950000000000001)
60.9748 	EXP 	slider: markerPos = np.float64(0.9950000000000001)
60.9909 	EXP 	slider: markerPos = np.float64(0.9950000000000001)
60.9930 	DATA 	Mouse:  Left button up, pos=(239,179)
61.0146 	EXP 	slider: markerPos = np.int64(1)
61.0159 	EXP 	New trial (rep=12, index=11): <Trial 191 (11 in rep 12) data={'study_word': 'Laptop', 'thisN': 191, 'thisTrialN': 11, 'thisRepN': 12}>
61.0402 	EXP 	text: autoDraw = False
61.0402 	EXP 	slider: autoDraw = False
61.0402 	EXP 	text: height = np.float64(0.05)
61.0402 	EXP 	text: height = np.float64(0.05)
61.0402 	EXP 	text: height = np.float64(0.05)
61.0402 	EXP 	text: text = 'Laptop'
61.0402 	EXP 	slider: markerPos = None
61.0402 	EXP 	slider: markerPos = None
61.0402 	EXP 	text: autoDraw = True
61.0402 	EXP 	slider: autoDraw = True
61.0452 	DATA 	Mouse: Left button down, pos=(239,179)
61.0753 	EXP 	slider: markerPos = np.float64(0.9950000000000001)
61.0912 	EXP 	slider: markerPos = np.float64(0.9950000000000001)
61.1076 	EXP 	slider: markerPos = np.float64(0.9950000000000001)
61.1247 	EXP 	slider: markerPos = np.float64(0.9950000000000001)
61.1407 	EXP 	slider: markerPos = np.float64(0.9950000000000001)
61.1575 	EXP 	slider: markerPos = np.float64(0.9950000000000001)
61.1749 	EXP 	slider: markerPos = np.float64(0.9950000000000001)
61.1912 	EXP 	slider: markerPos = np.float64(0.9950000000000001)
61.2086 	EXP 	slider: markerPos = np.float64(0.9950000000000001)
61.2244 	EXP 	slider: markerPos = np.float64(0.9950000000000001)
61.2288 	DATA 	Mouse:  Left button up, pos=(239,179)
61.2433 	EXP 	slider: markerPos = np.int64(1)
61.2442 	EXP 	New trial (rep=12, index=12): <Trial 192 (12 in rep 12) data={'study_word': 'phone', 'thisN': 192, 'thisTrialN': 12, 'thisRepN': 12}>
61.2581 	EXP 	text: autoDraw = False
61.2581 	EXP 	slider: autoDraw = False
61.2581 	EXP 	text: height = np.float64(0.05)
61.2581 	EXP 	text: height = np.float64(0.05)
61.2581 	EXP 	text: height = np.float64(0.05)
61.2581 	EXP 	text: text = 'phone'
61.2581 	EXP 	slider: markerPos = None
61.2581 	EXP 	slider: markerPos = None
61.2581 	EXP 	text: autoDraw = True
61.2581 	EXP 	slider: autoDraw = True
61.2954 	DATA 	Mouse: Left button down, pos=(239,179)
61.3083 	EXP 	slider: markerPos = np.float64(0.9950000000000001)
61.3246 	EXP 	slider: markerPos = np.float64(0.9950000000000001)
61.3412 	EXP 	slider: markerPos = np.float64(0.9950000000000001)
61.3579 	EXP 	slider: markerPos = np.float64(0.9950000000000001)
61.3750 	EXP 	slider: markerPos = np.float64(0.9950000000000001)
61.3916 	EXP 	slider: markerPos = np.float64(0.9950000000000001)
61.4074 	EXP 	slider: markerPos = np.float64(0.9950000000000001)
61.4248 	EXP 	slider: markerPos = np.float64(0.9950000000000001)
61.4335 	DATA 	Mouse:  Left button up, pos=(239,179)
61.4569 	EXP 	slider: markerPos = np.int64(1)
61.4577 	EXP 	New trial (rep=12, index=13): <Trial 193 (13 in rep 12) data={'study_word': 'T-shirt', 'thisN': 193, 'thisTrialN': 13, 'thisRepN': 12}>
61.4749 	EXP 	text: autoDraw = False
61.4749 	EXP 	slider: autoDraw = False
61.4749 	EXP 	text: height = np.float64(0.05)
61.4749 	EXP 	text: height = np.float64(0.05)
61.4749 	EXP 	text: height = np.float64(0.05)
61.4749 	EXP 	text: text = 'T-shirt'
61.4749 	EXP 	slider: markerPos = None
61.4749 	EXP 	slider: markerPos = None
61.4749 	EXP 	text: autoDraw = True
61.4749 	EXP 	slider: autoDraw = True
61.4944 	DATA 	Mouse: Left button down, pos=(239,179)
61.5081 	EXP 	slider: markerPos = np.float64(0.9950000000000001)
61.5245 	EXP 	slider: markerPos = np.float64(0.9950000000000001)
61.5410 	EXP 	slider: markerPos = np.float64(0.9950000000000001)
61.5580 	EXP 	slider: markerPos = np.float64(0.9950000000000001)
61.5747 	EXP 	slider: markerPos = np.float64(0.9950000000000001)
61.5912 	EXP 	slider: markerPos = np.float64(0.9950000000000001)
61.6084 	EXP 	slider: markerPos = np.float64(0.9950000000000001)
61.6241 	EXP 	slider: markerPos = np.float64(0.9950000000000001)
61.6416 	EXP 	slider: markerPos = np.float64(0.9950000000000001)
61.6513 	DATA 	Mouse:  Left button up, pos=(239,179)
61.6734 	EXP 	slider: markerPos = np.int64(1)
61.6742 	EXP 	New trial (rep=12, index=14): <Trial 194 (14 in rep 12) data={'study_word': 'Chart', 'thisN': 194, 'thisTrialN': 14, 'thisRepN': 12}>
61.6916 	EXP 	text: autoDraw = False
61.6916 	EXP 	slider: autoDraw = False
61.6916 	EXP 	text: height = np.float64(0.05)
61.6916 	EXP 	text: height = np.float64(0.05)
61.6916 	EXP 	text: height = np.float64(0.05)
61.6916 	EXP 	text: text = 'Chart'
61.6916 	EXP 	slider: markerPos = None
61.6916 	EXP 	slider: markerPos = None
61.6916 	EXP 	text: autoDraw = True
61.6916 	EXP 	slider: autoDraw = True
61.7107 	DATA 	Mouse: Left button down, pos=(239,179)
61.7252 	EXP 	slider: markerPos = np.float64(0.9950000000000001)
61.7413 	EXP 	slider: markerPos = np.float64(0.9950000000000001)
61.7581 	EXP 	slider: markerPos = np.float64(0.9950000000000001)
61.7749 	EXP 	slider: markerPos = np.float64(0.9950000000000001)
61.7917 	EXP 	slider: markerPos = np.float64(0.9950000000000001)
61.8078 	EXP 	slider: markerPos = np.float64(0.9950000000000001)
61.8248 	EXP 	slider: markerPos = np.float64(0.9950000000000001)
61.8410 	EXP 	slider: markerPos = np.float64(0.9950000000000001)
61.8481 	DATA 	Mouse:  Left button up, pos=(239,179)
61.8597 	EXP 	slider: markerPos = np.float64(0.9950000000000001)
61.8746 	EXP 	slider: markerPos = np.int64(1)
61.8754 	EXP 	New trial (rep=13, index=0): <Trial 195 (0 in rep 13) data={'study_word': 'marble', 'thisN': 195, 'thisTrialN': 0, 'thisRepN': 13}>
61.8911 	EXP 	text: autoDraw = False
61.8911 	EXP 	slider: autoDraw = False
61.8911 	EXP 	text: height = np.float64(0.05)
61.8911 	EXP 	text: height = np.float64(0.05)
61.8911 	EXP 	text: height = np.float64(0.05)
61.8911 	EXP 	text: text = 'marble'
61.8911 	EXP 	slider: markerPos = None
61.8911 	EXP 	slider: markerPos = None
61.8911 	EXP 	text: autoDraw = True
61.8911 	EXP 	slider: autoDraw = True
61.9115 	DATA 	Mouse: Left button down, pos=(239,179)
61.9411 	EXP 	slider: markerPos = np.float64(0.9950000000000001)
61.9582 	EXP 	slider: markerPos = np.float64(0.9950000000000001)
61.9745 	EXP 	slider: markerPos = np.float64(0.9950000000000001)
61.9909 	EXP 	slider: markerPos = np.float64(0.9950000000000001)
62.0075 	EXP 	slider: markerPos = np.float64(0.9950000000000001)
62.0249 	EXP 	slider: markerPos = np.float64(0.9950000000000001)
62.0406 	EXP 	slider: markerPos = np.float64(0.9950000000000001)
62.0579 	EXP 	slider: markerPos = np.float64(0.9950000000000001)
62.0755 	EXP 	slider: markerPos = np.float64(0.9950000000000001)
62.0913 	EXP 	slider: markerPos = np.float64(0.9950000000000001)
62.0958 	DATA 	Mouse:  Left button up, pos=(239,179)
62.1087 	EXP 	slider: markerPos = np.int64(1)
62.1102 	EXP 	New trial (rep=13, index=1): <Trial 196 (1 in rep 13) data={'study_word': 'cushion', 'thisN': 196, 'thisTrialN': 1, 'thisRepN': 13}>
62.1243 	EXP 	text: autoDraw = False
62.1243 	EXP 	slider: autoDraw = False
62.1243 	EXP 	text: height = np.float64(0.05)
62.1243 	EXP 	text: height = np.float64(0.05)
62.1243 	EXP 	text: height = np.float64(0.05)
62.1243 	EXP 	text: text = 'cushion'
62.1243 	EXP 	slider: markerPos = None
62.1243 	EXP 	slider: markerPos = None
62.1243 	EXP 	text: autoDraw = True
62.1243 	EXP 	slider: autoDraw = True
62.1471 	DATA 	Mouse: Left button down, pos=(239,179)
62.1742 	EXP 	slider: markerPos = np.float64(0.9950000000000001)
62.1908 	EXP 	slider: markerPos = np.float64(0.9950000000000001)
62.2078 	EXP 	slider: markerPos = np.float64(0.9950000000000001)
62.2242 	EXP 	slider: markerPos = np.float64(0.9950000000000001)
62.2418 	EXP 	slider: markerPos = np.float64(0.9950000000000001)
62.2586 	EXP 	slider: markerPos = np.float64(0.9950000000000001)
62.2745 	EXP 	slider: markerPos = np.float64(0.9950000000000001)
62.2908 	EXP 	slider: markerPos = np.float64(0.9950000000000001)
62.3073 	EXP 	slider: markerPos = np.float64(0.9950000000000001)
62.3093 	DATA 	Mouse:  Left button up, pos=(239,179)
62.3264 	EXP 	slider: markerPos = np.int64(1)
62.3278 	EXP 	New trial (rep=13, index=2): <Trial 197 (2 in rep 13) data={'study_word': 'Chart', 'thisN': 197, 'thisTrialN': 2, 'thisRepN': 13}>
62.3414 	EXP 	text: autoDraw = False
62.3414 	EXP 	slider: autoDraw = False
62.3414 	EXP 	text: height = np.float64(0.05)
62.3414 	EXP 	text: height = np.float64(0.05)
62.3414 	EXP 	text: height = np.float64(0.05)
62.3414 	EXP 	text: text = 'Chart'
62.3414 	EXP 	slider: markerPos = None
62.3414 	EXP 	slider: markerPos = None
62.3414 	EXP 	text: autoDraw = True
62.3414 	EXP 	slider: autoDraw = True
62.3767 	DATA 	Mouse: Left button down, pos=(239,179)
62.3918 	EXP 	slider: markerPos = np.float64(0.9950000000000001)
62.4077 	EXP 	slider: markerPos = np.float64(0.9950000000000001)
62.4245 	EXP 	slider: markerPos = np.float64(0.9950000000000001)
62.4412 	EXP 	slider: markerPos = np.float64(0.9950000000000001)
62.4580 	EXP 	slider: markerPos = np.float64(0.9950000000000001)
62.4743 	EXP 	slider: markerPos = np.float64(0.9950000000000001)
62.4913 	EXP 	slider: markerPos = np.float64(0.9950000000000001)
62.5081 	EXP 	slider: markerPos = np.float64(0.9950000000000001)
62.5247 	EXP 	slider: markerPos = np.float64(0.9950000000000001)
62.5294 	DATA 	Mouse:  Left button up, pos=(239,179)
62.5434 	EXP 	slider: markerPos = np.int64(1)
62.5449 	EXP 	New trial (rep=13, index=3): <Trial 198 (3 in rep 13) data={'study_word': 'Case', 'thisN': 198, 'thisTrialN': 3, 'thisRepN': 13}>
62.5573 	EXP 	text: autoDraw = False
62.5573 	EXP 	slider: autoDraw = False
62.5573 	EXP 	text: height = np.float64(0.05)
62.5573 	EXP 	text: height = np.float64(0.05)
62.5573 	EXP 	text: height = np.float64(0.05)
62.5573 	EXP 	text: text = 'Case'
62.5573 	EXP 	slider: markerPos = None
62.5573 	EXP 	slider: markerPos = None
62.5573 	EXP 	text: autoDraw = True
62.5573 	EXP 	slider: autoDraw = True
62.5924 	DATA 	Mouse: Left button down, pos=(239,179)
62.6097 	EXP 	slider: markerPos = np.float64(0.9950000000000001)
62.6257 	EXP 	slider: markerPos = np.float64(0.9950000000000001)
62.6424 	EXP 	slider: markerPos = np.float64(0.9950000000000001)
62.6591 	EXP 	slider: markerPos = np.float64(0.9950000000000001)
62.6756 	EXP 	slider: markerPos = np.float64(0.9950000000000001)
62.6928 	EXP 	slider: markerPos = np.float64(0.9950000000000001)
62.7079 	EXP 	slider: markerPos = np.float64(0.9950000000000001)
62.7258 	EXP 	slider: markerPos = np.float64(0.9950000000000001)
62.7423 	EXP 	slider: markerPos = np.float64(0.9950000000000001)
62.7455 	DATA 	Mouse:  Left button up, pos=(239,179)
62.7594 	EXP 	slider: markerPos = np.int64(1)
62.7602 	EXP 	New trial (rep=13, index=4): <Trial 199 (4 in rep 13) data={'study_word': 'Cruise', 'thisN': 199, 'thisTrialN': 4, 'thisRepN': 13}>
62.7750 	EXP 	text: autoDraw = False
62.7750 	EXP 	slider: autoDraw = False
62.7750 	EXP 	text: height = np.float64(0.05)
62.7750 	EXP 	text: height = np.float64(0.05)
62.7750 	EXP 	text: height = np.float64(0.05)
62.7750 	EXP 	text: text = 'Cruise'
62.7750 	EXP 	slider: markerPos = None
62.7750 	EXP 	slider: markerPos = None
62.7750 	EXP 	text: autoDraw = True
62.7750 	EXP 	slider: autoDraw = True
62.8124 	DATA 	Mouse: Left button down, pos=(239,179)
62.8258 	EXP 	slider: markerPos = np.float64(0.9950000000000001)
62.8411 	EXP 	slider: markerPos = np.float64(0.9950000000000001)
62.8586 	EXP 	slider: markerPos = np.float64(0.9950000000000001)
62.8751 	EXP 	slider: markerPos = np.float64(0.9950000000000001)
62.8921 	EXP 	slider: markerPos = np.float64(0.9950000000000001)
62.9094 	EXP 	slider: markerPos = np.float64(0.9950000000000001)
62.9255 	EXP 	slider: markerPos = np.float64(0.9950000000000001)
62.9427 	EXP 	slider: markerPos = np.float64(0.9950000000000001)
62.9592 	EXP 	slider: markerPos = np.float64(0.9950000000000001)
62.9638 	DATA 	Mouse:  Left button up, pos=(239,179)
62.9777 	EXP 	slider: markerPos = np.int64(1)
62.9786 	EXP 	New trial (rep=13, index=5): <Trial 200 (5 in rep 13) data={'study_word': 'board', 'thisN': 200, 'thisTrialN': 5, 'thisRepN': 13}>
62.9916 	EXP 	text: autoDraw = False
62.9916 	EXP 	slider: autoDraw = False
62.9916 	EXP 	text: height = np.float64(0.05)
62.9916 	EXP 	text: height = np.float64(0.05)
62.9916 	EXP 	text: height = np.float64(0.05)
62.9916 	EXP 	text: text = 'board'
62.9916 	EXP 	slider: markerPos = None
62.9916 	EXP 	slider: markerPos = None
62.9916 	EXP 	text: autoDraw = True
62.9916 	EXP 	slider: autoDraw = True
63.0163 	DATA 	Mouse: Left button down, pos=(239,179)
63.0428 	EXP 	slider: markerPos = np.float64(0.9950000000000001)
63.0589 	EXP 	slider: markerPos = np.float64(0.9950000000000001)
63.0771 	EXP 	slider: markerPos = np.float64(0.9950000000000001)
63.0926 	EXP 	slider: markerPos = np.float64(0.9950000000000001)
63.1091 	EXP 	slider: markerPos = np.float64(0.9950000000000001)
63.1257 	EXP 	slider: markerPos = np.float64(0.9950000000000001)
63.1512 	EXP 	slider: markerPos = np.float64(0.9950000000000001)
63.1742 	EXP 	slider: markerPos = np.float64(0.9950000000000001)
63.1931 	EXP 	slider: markerPos = np.float64(0.9950000000000001)
63.2086 	EXP 	slider: markerPos = np.float64(0.9950000000000001)
63.2205 	DATA 	Mouse:  Left button up, pos=(239,179)
63.2402 	EXP 	slider: markerPos = np.int64(1)
63.2417 	EXP 	New trial (rep=13, index=6): <Trial 201 (6 in rep 13) data={'study_word': 'Pastry', 'thisN': 201, 'thisTrialN': 6, 'thisRepN': 13}>
63.2586 	EXP 	text: autoDraw = False
63.2586 	EXP 	slider: autoDraw = False
63.2586 	EXP 	text: height = np.float64(0.05)
63.2586 	EXP 	text: height = np.float64(0.05)
63.2586 	EXP 	text: height = np.float64(0.05)
63.2586 	EXP 	text: text = 'Pastry'
63.2586 	EXP 	slider: markerPos = None
63.2586 	EXP 	slider: markerPos = None
63.2586 	EXP 	text: autoDraw = True
63.2586 	EXP 	slider: autoDraw = True
63.2788 	DATA 	Mouse: Left button down, pos=(239,179)
63.2931 	EXP 	slider: markerPos = np.float64(0.9950000000000001)
63.3094 	EXP 	slider: markerPos = np.float64(0.9950000000000001)
63.3257 	EXP 	slider: markerPos = np.float64(0.9950000000000001)
63.3421 	EXP 	slider: markerPos = np.float64(0.9950000000000001)
63.3595 	EXP 	slider: markerPos = np.float64(0.9950000000000001)
63.3755 	EXP 	slider: markerPos = np.float64(0.9950000000000001)
63.3924 	EXP 	slider: markerPos = np.float64(0.9950000000000001)
63.4092 	EXP 	slider: markerPos = np.float64(0.9950000000000001)
63.4252 	EXP 	slider: markerPos = np.float64(0.9950000000000001)
63.4287 	DATA 	Mouse:  Left button up, pos=(239,179)
63.4428 	EXP 	slider: markerPos = np.int64(1)
63.4435 	EXP 	New trial (rep=13, index=7): <Trial 202 (7 in rep 13) data={'study_word': 'book', 'thisN': 202, 'thisTrialN': 7, 'thisRepN': 13}>
63.4581 	EXP 	text: autoDraw = False
63.4581 	EXP 	slider: autoDraw = False
63.4581 	EXP 	text: height = np.float64(0.05)
63.4581 	EXP 	text: height = np.float64(0.05)
63.4581 	EXP 	text: height = np.float64(0.05)
63.4581 	EXP 	text: text = 'book'
63.4581 	EXP 	slider: markerPos = None
63.4581 	EXP 	slider: markerPos = None
63.4581 	EXP 	text: autoDraw = True
63.4581 	EXP 	slider: autoDraw = True
63.4769 	DATA 	Mouse: Left button down, pos=(239,179)
63.4920 	EXP 	slider: markerPos = np.float64(0.9950000000000001)
63.5080 	EXP 	slider: markerPos = np.float64(0.9950000000000001)
63.5241 	EXP 	slider: markerPos = np.float64(0.9950000000000001)
63.5408 	EXP 	slider: markerPos = np.float64(0.9950000000000001)
63.5582 	EXP 	slider: markerPos = np.float64(0.9950000000000001)
63.5751 	EXP 	slider: markerPos = np.float64(0.9950000000000001)
63.5912 	EXP 	slider: markerPos = np.float64(0.9950000000000001)
63.6081 	EXP 	slider: markerPos = np.float64(0.9950000000000001)
63.6245 	EXP 	slider: markerPos = np.float64(0.9950000000000001)
63.6341 	DATA 	Mouse:  Left button up, pos=(239,179)
63.6427 	EXP 	slider: markerPos = np.float64(0.9950000000000001)
63.6578 	EXP 	slider: markerPos = np.int64(1)
63.6585 	EXP 	New trial (rep=13, index=8): <Trial 203 (8 in rep 13) data={'study_word': 'phone', 'thisN': 203, 'thisTrialN': 8, 'thisRepN': 13}>
63.6749 	EXP 	text: autoDraw = False
63.6749 	EXP 	slider: autoDraw = False
63.6749 	EXP 	text: height = np.float64(0.05)
63.6749 	EXP 	text: height = np.float64(0.05)
63.6749 	EXP 	text: height = np.float64(0.05)
63.6749 	EXP 	text: text = 'phone'
63.6749 	EXP 	slider: markerPos = None
63.6749 	EXP 	slider: markerPos = None
63.6749 	EXP 	text: autoDraw = True
63.6749 	EXP 	slider: autoDraw = True
63.6930 	DATA 	Mouse: Left button down, pos=(239,179)
63.7080 	EXP 	slider: markerPos = np.float64(0.9950000000000001)
63.7243 	EXP 	slider: markerPos = np.float64(0.9950000000000001)
63.7412 	EXP 	slider: markerPos = np.float64(0.9950000000000001)
63.7578 	EXP 	slider: markerPos = np.float64(0.9950000000000001)
63.7745 	EXP 	slider: markerPos = np.float64(0.9950000000000001)
63.7913 	EXP 	slider: markerPos = np.float64(0.9950000000000001)
63.8084 	EXP 	slider: markerPos = np.float64(0.9950000000000001)
63.8245 	EXP 	slider: markerPos = np.float64(0.9950000000000001)
63.8408 	EXP 	slider: markerPos = np.float64(0.9950000000000001)
63.8534 	DATA 	Mouse:  Left button up, pos=(239,179)
63.8579 	EXP 	slider: markerPos = np.float64(0.9950000000000001)
63.8750 	EXP 	slider: markerPos = np.int64(1)
63.8759 	EXP 	New trial (rep=13, index=9): <Trial 204 (9 in rep 13) data={'study_word': 'Police', 'thisN': 204, 'thisTrialN': 9, 'thisRepN': 13}>
63.8927 	EXP 	text: autoDraw = False
63.8927 	EXP 	slider: autoDraw = False
63.8927 	EXP 	text: height = np.float64(0.05)
63.8927 	EXP 	text: height = np.float64(0.05)
63.8927 	EXP 	text: height = np.float64(0.05)
63.8927 	EXP 	text: text = 'Police'
63.8927 	EXP 	slider: markerPos = None
63.8927 	EXP 	slider: markerPos = None
63.8927 	EXP 	text: autoDraw = True
63.8927 	EXP 	slider: autoDraw = True
63.9106 	DATA 	Mouse: Left button down, pos=(239,179)
63.9257 	EXP 	slider: markerPos = np.float64(0.9950000000000001)
63.9413 	EXP 	slider: markerPos = np.float64(0.9950000000000001)
63.9587 	EXP 	slider: markerPos = np.float64(0.9950000000000001)
63.9746 	EXP 	slider: markerPos = np.float64(0.9950000000000001)
63.9926 	EXP 	slider: markerPos = np.float64(0.9950000000000001)
64.0080 	EXP 	slider: markerPos = np.float64(0.9950000000000001)
64.0245 	EXP 	slider: markerPos = np.float64(0.9950000000000001)
64.0410 	EXP 	slider: markerPos = np.float64(0.9950000000000001)
64.0578 	EXP 	slider: markerPos = np.float64(0.9950000000000001)
64.0651 	DATA 	Mouse:  Left button up, pos=(239,179)
64.0793 	EXP 	slider: markerPos = np.float64(0.9950000000000001)
64.0910 	EXP 	slider: markerPos = np.int64(1)
64.0923 	EXP 	New trial (rep=13, index=10): <Trial 205 (10 in rep 13) data={'study_word': 'Keys', 'thisN': 205, 'thisTrialN': 10, 'thisRepN': 13}>
64.1077 	EXP 	text: autoDraw = False
64.1077 	EXP 	slider: autoDraw = False
64.1077 	EXP 	text: height = np.float64(0.05)
64.1077 	EXP 	text: height = np.float64(0.05)
64.1077 	EXP 	text: height = np.float64(0.05)
64.1077 	EXP 	text: text = 'Keys'
64.1077 	EXP 	slider: markerPos = None
64.1077 	EXP 	slider: markerPos = None
64.1077 	EXP 	text: autoDraw = True
64.1077 	EXP 	slider: autoDraw = True
64.1442 	DATA 	Mouse: Left button down, pos=(239,179)
64.1581 	EXP 	slider: markerPos = np.float64(0.9950000000000001)
64.1740 	EXP 	slider: markerPos = np.float64(0.9950000000000001)
64.1910 	EXP 	slider: markerPos = np.float64(0.9950000000000001)
64.2076 	EXP 	slider: markerPos = np.float64(0.9950000000000001)
64.2245 	EXP 	slider: markerPos = np.float64(0.9950000000000001)
64.2407 	EXP 	slider: markerPos = np.float64(0.9950000000000001)
64.2578 	EXP 	slider: markerPos = np.float64(0.9950000000000001)
64.2741 	EXP 	slider: markerPos = np.float64(0.9950000000000001)
64.2829 	DATA 	Mouse:  Left button up, pos=(239,179)
64.2928 	EXP 	slider: markerPos = np.int64(1)
64.2934 	EXP 	New trial (rep=13, index=11): <Trial 206 (11 in rep 13) data={'study_word': 'Poster', 'thisN': 206, 'thisTrialN': 11, 'thisRepN': 13}>
64.3075 	EXP 	text: autoDraw = False
64.3075 	EXP 	slider: autoDraw = False
64.3075 	EXP 	text: height = np.float64(0.05)
64.3075 	EXP 	text: height = np.float64(0.05)
64.3075 	EXP 	text: height = np.float64(0.05)
64.3075 	EXP 	text: text = 'Poster'
64.3075 	EXP 	slider: markerPos = None
64.3075 	EXP 	slider: markerPos = None
64.3075 	EXP 	text: autoDraw = True
64.3075 	EXP 	slider: autoDraw = True
64.3445 	DATA 	Mouse: Left button down, pos=(239,179)
64.3582 	EXP 	slider: markerPos = np.float64(0.9950000000000001)
64.3746 	EXP 	slider: markerPos = np.float64(0.9950000000000001)
64.3914 	EXP 	slider: markerPos = np.float64(0.9950000000000001)
64.4079 	EXP 	slider: markerPos = np.float64(0.9950000000000001)
64.4249 	EXP 	slider: markerPos = np.float64(0.9950000000000001)
64.4411 	EXP 	slider: markerPos = np.float64(0.9950000000000001)
64.4582 	EXP 	slider: markerPos = np.float64(0.9950000000000001)
64.4752 	EXP 	slider: markerPos = np.float64(0.9950000000000001)
64.4913 	EXP 	slider: markerPos = np.float64(0.9950000000000001)
64.4959 	DATA 	Mouse:  Left button up, pos=(239,179)
64.5145 	EXP 	slider: markerPos = np.int64(1)
64.5154 	EXP 	New trial (rep=13, index=12): <Trial 207 (12 in rep 13) data={'study_word': 'Laptop', 'thisN': 207, 'thisTrialN': 12, 'thisRepN': 13}>
64.5247 	EXP 	text: autoDraw = False
64.5247 	EXP 	slider: autoDraw = False
64.5247 	EXP 	text: height = np.float64(0.05)
64.5247 	EXP 	text: height = np.float64(0.05)
64.5247 	EXP 	text: height = np.float64(0.05)
64.5247 	EXP 	text: text = 'Laptop'
64.5247 	EXP 	slider: markerPos = None
64.5247 	EXP 	slider: markerPos = None
64.5247 	EXP 	text: autoDraw = True
64.5247 	EXP 	slider: autoDraw = True
64.5611 	DATA 	Mouse: Left button down, pos=(239,179)
64.5744 	EXP 	slider: markerPos = np.float64(0.9950000000000001)
64.5913 	EXP 	slider: markerPos = np.float64(0.9950000000000001)
64.6082 	EXP 	slider: markerPos = np.float64(0.9950000000000001)
64.6248 	EXP 	slider: markerPos = np.float64(0.9950000000000001)
64.6418 	EXP 	slider: markerPos = np.float64(0.9950000000000001)
64.6581 	EXP 	slider: markerPos = np.float64(0.9950000000000001)
64.6745 	EXP 	slider: markerPos = np.float64(0.9950000000000001)
64.6798 	DATA 	Mouse:  Left button up, pos=(239,179)
64.6919 	EXP 	slider: markerPos = np.float64(0.9950000000000001)
64.7076 	EXP 	slider: markerPos = np.int64(1)
64.7090 	EXP 	New trial (rep=13, index=13): <Trial 208 (13 in rep 13) data={'study_word': 'mouse', 'thisN': 208, 'thisTrialN': 13, 'thisRepN': 13}>
64.7248 	EXP 	text: autoDraw = False
64.7248 	EXP 	slider: autoDraw = False
64.7248 	EXP 	text: height = np.float64(0.05)
64.7248 	EXP 	text: height = np.float64(0.05)
64.7248 	EXP 	text: height = np.float64(0.05)
64.7248 	EXP 	text: text = 'mouse'
64.7248 	EXP 	slider: markerPos = None
64.7248 	EXP 	slider: markerPos = None
64.7248 	EXP 	text: autoDraw = True
64.7248 	EXP 	slider: autoDraw = True
64.7447 	DATA 	Mouse: Left button down, pos=(239,179)
64.7586 	EXP 	slider: markerPos = np.float64(0.9950000000000001)
64.7741 	EXP 	slider: markerPos = np.float64(0.9950000000000001)
64.7912 	EXP 	slider: markerPos = np.float64(0.9950000000000001)
64.8079 	EXP 	slider: markerPos = np.float64(0.9950000000000001)
64.8246 	EXP 	slider: markerPos = np.float64(0.9950000000000001)
64.8412 	EXP 	slider: markerPos = np.float64(0.9950000000000001)
64.8585 	EXP 	slider: markerPos = np.float64(0.9950000000000001)
64.8748 	EXP 	slider: markerPos = np.float64(0.9950000000000001)
64.8908 	EXP 	slider: markerPos = np.float64(0.9950000000000001)
64.9073 	EXP 	slider: markerPos = np.float64(0.9950000000000001)
64.9113 	DATA 	Mouse:  Left button up, pos=(239,179)
64.9247 	EXP 	slider: markerPos = np.int64(1)
64.9269 	EXP 	New trial (rep=13, index=14): <Trial 209 (14 in rep 13) data={'study_word': 'T-shirt', 'thisN': 209, 'thisTrialN': 14, 'thisRepN': 13}>
64.9405 	EXP 	text: autoDraw = False
64.9405 	EXP 	slider: autoDraw = False
64.9405 	EXP 	text: height = np.float64(0.05)
64.9405 	EXP 	text: height = np.float64(0.05)
64.9405 	EXP 	text: height = np.float64(0.05)
64.9405 	EXP 	text: text = 'T-shirt'
64.9405 	EXP 	slider: markerPos = None
64.9405 	EXP 	slider: markerPos = None
64.9405 	EXP 	text: autoDraw = True
64.9405 	EXP 	slider: autoDraw = True
64.9763 	DATA 	Mouse: Left button down, pos=(239,179)
64.9910 	EXP 	slider: markerPos = np.float64(0.9950000000000001)
65.0076 	EXP 	slider: markerPos = np.float64(0.9950000000000001)
65.0242 	EXP 	slider: markerPos = np.float64(0.9950000000000001)
65.0407 	EXP 	slider: markerPos = np.float64(0.9950000000000001)
65.0578 	EXP 	slider: markerPos = np.float64(0.9950000000000001)
65.0741 	EXP 	slider: markerPos = np.float64(0.9950000000000001)
65.0917 	EXP 	slider: markerPos = np.float64(0.9950000000000001)
65.1082 	EXP 	slider: markerPos = np.float64(0.9950000000000001)
65.1255 	EXP 	slider: markerPos = np.float64(0.9950000000000001)
65.1406 	EXP 	slider: markerPos = np.float64(0.9950000000000001)
65.1467 	DATA 	Mouse:  Left button up, pos=(239,179)
65.1587 	EXP 	slider: markerPos = np.float64(0.9950000000000001)
65.1756 	EXP 	slider: markerPos = np.int64(1)
65.1777 	EXP 	New trial (rep=14, index=0): <Trial 210 (0 in rep 14) data={'study_word': 'Keys', 'thisN': 210, 'thisTrialN': 0, 'thisRepN': 14}>
65.1926 	EXP 	text: autoDraw = False
65.1926 	EXP 	slider: autoDraw = False
65.1926 	EXP 	text: height = np.float64(0.05)
65.1926 	EXP 	text: height = np.float64(0.05)
65.1926 	EXP 	text: height = np.float64(0.05)
65.1926 	EXP 	text: text = 'Keys'
65.1926 	EXP 	slider: markerPos = None
65.1926 	EXP 	slider: markerPos = None
65.1926 	EXP 	text: autoDraw = True
65.1926 	EXP 	slider: autoDraw = True
65.2155 	DATA 	Mouse: Left button down, pos=(239,179)
65.2415 	EXP 	slider: markerPos = np.float64(0.9950000000000001)
65.2586 	EXP 	slider: markerPos = np.float64(0.9950000000000001)
65.2755 	EXP 	slider: markerPos = np.float64(0.9950000000000001)
65.2921 	EXP 	slider: markerPos = np.float64(0.9950000000000001)
65.3094 	EXP 	slider: markerPos = np.float64(0.9950000000000001)
65.3242 	EXP 	slider: markerPos = np.float64(0.9950000000000001)
65.3435 	EXP 	slider: markerPos = np.float64(0.9950000000000001)
65.3590 	EXP 	slider: markerPos = np.float64(0.9950000000000001)
65.3682 	DATA 	Mouse:  Left button up, pos=(239,179)
65.3791 	EXP 	slider: markerPos = np.float64(0.9950000000000001)
65.3912 	EXP 	slider: markerPos = np.int64(1)
65.3929 	EXP 	New trial (rep=14, index=1): <Trial 211 (1 in rep 14) data={'study_word': 'cushion', 'thisN': 211, 'thisTrialN': 1, 'thisRepN': 14}>
65.4090 	EXP 	text: autoDraw = False
65.4090 	EXP 	slider: autoDraw = False
65.4090 	EXP 	text: height = np.float64(0.05)
65.4090 	EXP 	text: height = np.float64(0.05)
65.4090 	EXP 	text: height = np.float64(0.05)
65.4090 	EXP 	text: text = 'cushion'
65.4090 	EXP 	slider: markerPos = None
65.4090 	EXP 	slider: markerPos = None
65.4090 	EXP 	text: autoDraw = True
65.4090 	EXP 	slider: autoDraw = True
65.4442 	DATA 	Mouse: Left button down, pos=(239,179)
65.4596 	EXP 	slider: markerPos = np.float64(0.9950000000000001)
65.4743 	EXP 	slider: markerPos = np.float64(0.9950000000000001)
65.4909 	EXP 	slider: markerPos = np.float64(0.9950000000000001)
65.5074 	EXP 	slider: markerPos = np.float64(0.9950000000000001)
65.5241 	EXP 	slider: markerPos = np.float64(0.9950000000000001)
65.5408 	EXP 	slider: markerPos = np.float64(0.9950000000000001)
65.5574 	EXP 	slider: markerPos = np.float64(0.9950000000000001)
65.5740 	EXP 	slider: markerPos = np.float64(0.9950000000000001)
65.5908 	EXP 	slider: markerPos = np.float64(0.9950000000000001)
65.6077 	EXP 	slider: markerPos = np.float64(0.9950000000000001)
65.6100 	DATA 	Mouse:  Left button up, pos=(239,179)
65.6247 	EXP 	slider: markerPos = np.int64(1)
65.6259 	EXP 	New trial (rep=14, index=2): <Trial 212 (2 in rep 14) data={'study_word': 'board', 'thisN': 212, 'thisTrialN': 2, 'thisRepN': 14}>
65.6408 	EXP 	text: autoDraw = False
65.6408 	EXP 	slider: autoDraw = False
65.6408 	EXP 	text: height = np.float64(0.05)
65.6408 	EXP 	text: height = np.float64(0.05)
65.6408 	EXP 	text: height = np.float64(0.05)
65.6408 	EXP 	text: text = 'board'
65.6408 	EXP 	slider: markerPos = None
65.6408 	EXP 	slider: markerPos = None
65.6408 	EXP 	text: autoDraw = True
65.6408 	EXP 	slider: autoDraw = True
65.6862 	DATA 	Mouse: Left button down, pos=(239,179)
65.7079 	EXP 	slider: markerPos = np.float64(0.9950000000000001)
65.7244 	EXP 	slider: markerPos = np.float64(0.9950000000000001)
65.7411 	EXP 	slider: markerPos = np.float64(0.9950000000000001)
65.7579 	EXP 	slider: markerPos = np.float64(0.9950000000000001)
65.7748 	EXP 	slider: markerPos = np.float64(0.9950000000000001)
65.7914 	EXP 	slider: markerPos = np.float64(0.9950000000000001)
65.8079 	EXP 	slider: markerPos = np.float64(0.9950000000000001)
65.8242 	EXP 	slider: markerPos = np.float64(0.9950000000000001)
65.8287 	DATA 	Mouse:  Left button up, pos=(239,179)
65.8417 	EXP 	slider: markerPos = np.int64(1)
65.8425 	EXP 	New trial (rep=14, index=3): <Trial 213 (3 in rep 14) data={'study_word': 'Laptop', 'thisN': 213, 'thisTrialN': 3, 'thisRepN': 14}>
65.8581 	EXP 	text: autoDraw = False
65.8581 	EXP 	slider: autoDraw = False
65.8581 	EXP 	text: height = np.float64(0.05)
65.8581 	EXP 	text: height = np.float64(0.05)
65.8581 	EXP 	text: height = np.float64(0.05)
65.8581 	EXP 	text: text = 'Laptop'
65.8581 	EXP 	slider: markerPos = None
65.8581 	EXP 	slider: markerPos = None
65.8581 	EXP 	text: autoDraw = True
65.8581 	EXP 	slider: autoDraw = True
65.8926 	DATA 	Mouse: Left button down, pos=(239,179)
65.9079 	EXP 	slider: markerPos = np.float64(0.9950000000000001)
65.9246 	EXP 	slider: markerPos = np.float64(0.9950000000000001)
65.9412 	EXP 	slider: markerPos = np.float64(0.9950000000000001)
65.9578 	EXP 	slider: markerPos = np.float64(0.9950000000000001)
65.9744 	EXP 	slider: markerPos = np.float64(0.9950000000000001)
65.9913 	EXP 	slider: markerPos = np.float64(0.9950000000000001)
66.0082 	EXP 	slider: markerPos = np.float64(0.9950000000000001)
66.0242 	EXP 	slider: markerPos = np.float64(0.9950000000000001)
66.0420 	EXP 	slider: markerPos = np.float64(0.9950000000000001)
66.0443 	DATA 	Mouse:  Left button up, pos=(239,179)
66.0587 	EXP 	slider: markerPos = np.int64(1)
66.0594 	EXP 	New trial (rep=14, index=4): <Trial 214 (4 in rep 14) data={'study_word': 'book', 'thisN': 214, 'thisTrialN': 4, 'thisRepN': 14}>
66.0763 	EXP 	text: autoDraw = False
66.0763 	EXP 	slider: autoDraw = False
66.0763 	EXP 	text: height = np.float64(0.05)
66.0763 	EXP 	text: height = np.float64(0.05)
66.0763 	EXP 	text: height = np.float64(0.05)
66.0763 	EXP 	text: text = 'book'
66.0763 	EXP 	slider: markerPos = None
66.0763 	EXP 	slider: markerPos = None
66.0763 	EXP 	text: autoDraw = True
66.0763 	EXP 	slider: autoDraw = True
66.0943 	DATA 	Mouse: Left button down, pos=(239,179)
66.1086 	EXP 	slider: markerPos = np.float64(0.9950000000000001)
66.1252 	EXP 	slider: markerPos = np.float64(0.9950000000000001)
66.1413 	EXP 	slider: markerPos = np.float64(0.9950000000000001)
66.1582 	EXP 	slider: markerPos = np.float64(0.9950000000000001)
66.1748 	EXP 	slider: markerPos = np.float64(0.9950000000000001)
66.1916 	EXP 	slider: markerPos = np.float64(0.9950000000000001)
66.2075 	EXP 	slider: markerPos = np.float64(0.9950000000000001)
66.2248 	EXP 	slider: markerPos = np.float64(0.9950000000000001)
66.2414 	EXP 	slider: markerPos = np.float64(0.9950000000000001)
66.2584 	EXP 	slider: markerPos = np.float64(0.9950000000000001)
66.2743 	EXP 	slider: markerPos = np.float64(0.9950000000000001)
66.2907 	EXP 	slider: markerPos = np.float64(0.9950000000000001)
66.2926 	DATA 	Mouse:  Left button up, pos=(239,179)
66.3087 	EXP 	slider: markerPos = np.int64(1)
66.3096 	EXP 	New trial (rep=14, index=5): <Trial 215 (5 in rep 14) data={'study_word': 'Cruise', 'thisN': 215, 'thisTrialN': 5, 'thisRepN': 14}>
66.3248 	EXP 	text: autoDraw = False
66.3248 	EXP 	slider: autoDraw = False
66.3248 	EXP 	text: height = np.float64(0.05)
66.3248 	EXP 	text: height = np.float64(0.05)
66.3248 	EXP 	text: height = np.float64(0.05)
66.3248 	EXP 	text: text = 'Cruise'
66.3248 	EXP 	slider: markerPos = None
66.3248 	EXP 	slider: markerPos = None
66.3248 	EXP 	text: autoDraw = True
66.3248 	EXP 	slider: autoDraw = True
66.3478 	DATA 	Mouse: Left button down, pos=(239,179)
66.3743 	EXP 	slider: markerPos = np.float64(0.9950000000000001)
66.3913 	EXP 	slider: markerPos = np.float64(0.9950000000000001)
66.4074 	EXP 	slider: markerPos = np.float64(0.9950000000000001)
66.4247 	EXP 	slider: markerPos = np.float64(0.9950000000000001)
66.4411 	EXP 	slider: markerPos = np.float64(0.9950000000000001)
66.4575 	EXP 	slider: markerPos = np.float64(0.9950000000000001)
66.4744 	EXP 	slider: markerPos = np.float64(0.9950000000000001)
66.4913 	EXP 	slider: markerPos = np.float64(0.9950000000000001)
66.5007 	DATA 	Mouse:  Left button up, pos=(239,179)
66.5083 	EXP 	slider: markerPos = np.float64(0.9950000000000001)
66.5247 	EXP 	slider: markerPos = np.int64(1)
66.5255 	EXP 	New trial (rep=14, index=6): <Trial 216 (6 in rep 14) data={'study_word': 'marble', 'thisN': 216, 'thisTrialN': 6, 'thisRepN': 14}>
66.5413 	EXP 	text: autoDraw = False
66.5413 	EXP 	slider: autoDraw = False
66.5413 	EXP 	text: height = np.float64(0.05)
66.5413 	EXP 	text: height = np.float64(0.05)
66.5413 	EXP 	text: height = np.float64(0.05)
66.5413 	EXP 	text: text = 'marble'
66.5413 	EXP 	slider: markerPos = None
66.5413 	EXP 	slider: markerPos = None
66.5413 	EXP 	text: autoDraw = True
66.5413 	EXP 	slider: autoDraw = True
66.5626 	DATA 	Mouse: Left button down, pos=(239,179)
66.5752 	EXP 	slider: markerPos = np.float64(0.9950000000000001)
66.5914 	EXP 	slider: markerPos = np.float64(0.9950000000000001)
66.6077 	EXP 	slider: markerPos = np.float64(0.9950000000000001)
66.6245 	EXP 	slider: markerPos = np.float64(0.9950000000000001)
66.6417 	EXP 	slider: markerPos = np.float64(0.9950000000000001)
66.6582 	EXP 	slider: markerPos = np.float64(0.9950000000000001)
66.6742 	EXP 	slider: markerPos = np.float64(0.9950000000000001)
66.6910 	EXP 	slider: markerPos = np.float64(0.9950000000000001)
66.7081 	EXP 	slider: markerPos = np.float64(0.9950000000000001)
66.7126 	DATA 	Mouse:  Left button up, pos=(239,179)
66.7255 	EXP 	slider: markerPos = np.int64(1)
66.7264 	EXP 	New trial (rep=14, index=7): <Trial 217 (7 in rep 14) data={'study_word': 'phone', 'thisN': 217, 'thisTrialN': 7, 'thisRepN': 14}>
66.7414 	EXP 	text: autoDraw = False
66.7414 	EXP 	slider: autoDraw = False
66.7414 	EXP 	text: height = np.float64(0.05)
66.7414 	EXP 	text: height = np.float64(0.05)
66.7414 	EXP 	text: height = np.float64(0.05)
66.7414 	EXP 	text: text = 'phone'
66.7414 	EXP 	slider: markerPos = None
66.7414 	EXP 	slider: markerPos = None
66.7414 	EXP 	text: autoDraw = True
66.7414 	EXP 	slider: autoDraw = True
66.7767 	DATA 	Mouse: Left button down, pos=(239,179)
66.7917 	EXP 	slider: markerPos = np.float64(0.9950000000000001)
66.8079 	EXP 	slider: markerPos = np.float64(0.9950000000000001)
66.8253 	EXP 	slider: markerPos = np.float64(0.9950000000000001)
66.8413 	EXP 	slider: markerPos = np.float64(0.9950000000000001)
66.8579 	EXP 	slider: markerPos = np.float64(0.9950000000000001)
66.8749 	EXP 	slider: markerPos = np.float64(0.9950000000000001)
66.8913 	EXP 	slider: markerPos = np.float64(0.9950000000000001)
66.9080 	EXP 	slider: markerPos = np.float64(0.9950000000000001)
66.9245 	EXP 	slider: markerPos = np.float64(0.9950000000000001)
66.9409 	EXP 	slider: markerPos = np.float64(0.9950000000000001)
66.9582 	EXP 	slider: markerPos = np.float64(0.9950000000000001)
66.9743 	EXP 	slider: markerPos = np.float64(0.9950000000000001)
66.9772 	DATA 	Mouse:  Left button up, pos=(239,179)
66.9927 	EXP 	slider: markerPos = np.int64(1)
66.9935 	EXP 	New trial (rep=14, index=8): <Trial 218 (8 in rep 14) data={'study_word': 'Poster', 'thisN': 218, 'thisTrialN': 8, 'thisRepN': 14}>
67.0081 	EXP 	text: autoDraw = False
67.0081 	EXP 	slider: autoDraw = False
67.0081 	EXP 	text: height = np.float64(0.05)
67.0081 	EXP 	text: height = np.float64(0.05)
67.0081 	EXP 	text: height = np.float64(0.05)
67.0081 	EXP 	text: text = 'Poster'
67.0081 	EXP 	slider: markerPos = None
67.0081 	EXP 	slider: markerPos = None
67.0081 	EXP 	text: autoDraw = True
67.0081 	EXP 	slider: autoDraw = True
67.0442 	DATA 	Mouse: Left button down, pos=(239,179)
67.0587 	EXP 	slider: markerPos = np.float64(0.9950000000000001)
67.0743 	EXP 	slider: markerPos = np.float64(0.9950000000000001)
67.0907 	EXP 	slider: markerPos = np.float64(0.9950000000000001)
67.1078 	EXP 	slider: markerPos = np.float64(0.9950000000000001)
67.1241 	EXP 	slider: markerPos = np.float64(0.9950000000000001)
67.1405 	EXP 	slider: markerPos = np.float64(0.9950000000000001)
67.1579 	EXP 	slider: markerPos = np.float64(0.9950000000000001)
67.1745 	EXP 	slider: markerPos = np.float64(0.9950000000000001)
67.1768 	DATA 	Mouse:  Left button up, pos=(239,179)
67.1926 	EXP 	slider: markerPos = np.int64(1)
67.1934 	EXP 	New trial (rep=14, index=9): <Trial 219 (9 in rep 14) data={'study_word': 'mouse', 'thisN': 219, 'thisTrialN': 9, 'thisRepN': 14}>
67.2079 	EXP 	text: autoDraw = False
67.2079 	EXP 	slider: autoDraw = False
67.2079 	EXP 	text: height = np.float64(0.05)
67.2079 	EXP 	text: height = np.float64(0.05)
67.2079 	EXP 	text: height = np.float64(0.05)
67.2079 	EXP 	text: text = 'mouse'
67.2079 	EXP 	slider: markerPos = None
67.2079 	EXP 	slider: markerPos = None
67.2079 	EXP 	text: autoDraw = True
67.2079 	EXP 	slider: autoDraw = True
67.2517 	DATA 	Mouse: Left button down, pos=(239,179)
67.2736 	EXP 	slider: markerPos = np.float64(0.9950000000000001)
67.2912 	EXP 	slider: markerPos = np.float64(0.9950000000000001)
67.3080 	EXP 	slider: markerPos = np.float64(0.9950000000000001)
67.3249 	EXP 	slider: markerPos = np.float64(0.9950000000000001)
67.3412 	EXP 	slider: markerPos = np.float64(0.9950000000000001)
67.3580 	EXP 	slider: markerPos = np.float64(0.9950000000000001)
67.3745 	EXP 	slider: markerPos = np.float64(0.9950000000000001)
67.3912 	EXP 	slider: markerPos = np.float64(0.9950000000000001)
67.3958 	DATA 	Mouse:  Left button up, pos=(239,179)
67.4088 	EXP 	slider: markerPos = np.int64(1)
67.4097 	EXP 	New trial (rep=14, index=10): <Trial 220 (10 in rep 14) data={'study_word': 'Chart', 'thisN': 220, 'thisTrialN': 10, 'thisRepN': 14}>
67.4246 	EXP 	text: autoDraw = False
67.4246 	EXP 	slider: autoDraw = False
67.4246 	EXP 	text: height = np.float64(0.05)
67.4246 	EXP 	text: height = np.float64(0.05)
67.4246 	EXP 	text: height = np.float64(0.05)
67.4246 	EXP 	text: text = 'Chart'
67.4246 	EXP 	slider: markerPos = None
67.4246 	EXP 	slider: markerPos = None
67.4246 	EXP 	text: autoDraw = True
67.4246 	EXP 	slider: autoDraw = True
67.4463 	DATA 	Mouse: Left button down, pos=(239,179)
67.4746 	EXP 	slider: markerPos = np.float64(0.9950000000000001)
67.4914 	EXP 	slider: markerPos = np.float64(0.9950000000000001)
67.5080 	EXP 	slider: markerPos = np.float64(0.9950000000000001)
67.5244 	EXP 	slider: markerPos = np.float64(0.9950000000000001)
67.5409 	EXP 	slider: markerPos = np.float64(0.9950000000000001)
67.5576 	EXP 	slider: markerPos = np.float64(0.9950000000000001)
67.5740 	EXP 	slider: markerPos = np.float64(0.9950000000000001)
67.5912 	EXP 	slider: markerPos = np.float64(0.9950000000000001)
67.6081 	EXP 	slider: markerPos = np.float64(0.9950000000000001)
67.6244 	EXP 	slider: markerPos = np.float64(0.9950000000000001)
67.6268 	DATA 	Mouse:  Left button up, pos=(239,179)
67.6435 	EXP 	slider: markerPos = np.int64(1)
67.6443 	EXP 	New trial (rep=14, index=11): <Trial 221 (11 in rep 14) data={'study_word': 'T-shirt', 'thisN': 221, 'thisTrialN': 11, 'thisRepN': 14}>
67.6580 	EXP 	text: autoDraw = False
67.6580 	EXP 	slider: autoDraw = False
67.6580 	EXP 	text: height = np.float64(0.05)
67.6580 	EXP 	text: height = np.float64(0.05)
67.6580 	EXP 	text: height = np.float64(0.05)
67.6580 	EXP 	text: text = 'T-shirt'
67.6580 	EXP 	slider: markerPos = None
67.6580 	EXP 	slider: markerPos = None
67.6580 	EXP 	text: autoDraw = True
67.6580 	EXP 	slider: autoDraw = True
67.6936 	DATA 	Mouse: Left button down, pos=(239,179)
67.7079 	EXP 	slider: markerPos = np.float64(0.9950000000000001)
67.7244 	EXP 	slider: markerPos = np.float64(0.9950000000000001)
67.7412 	EXP 	slider: markerPos = np.float64(0.9950000000000001)
67.7580 	EXP 	slider: markerPos = np.float64(0.9950000000000001)
67.7746 	EXP 	slider: markerPos = np.float64(0.9950000000000001)
67.7906 	EXP 	slider: markerPos = np.float64(0.9950000000000001)
67.8087 	EXP 	slider: markerPos = np.float64(0.9950000000000001)
67.8247 	EXP 	slider: markerPos = np.float64(0.9950000000000001)
67.8412 	EXP 	slider: markerPos = np.float64(0.9950000000000001)
67.8574 	EXP 	slider: markerPos = np.float64(0.9950000000000001)
67.8597 	DATA 	Mouse:  Left button up, pos=(239,179)
67.8751 	EXP 	slider: markerPos = np.int64(1)
67.8760 	EXP 	New trial (rep=14, index=12): <Trial 222 (12 in rep 14) data={'study_word': 'Police', 'thisN': 222, 'thisTrialN': 12, 'thisRepN': 14}>
67.8912 	EXP 	text: autoDraw = False
67.8912 	EXP 	slider: autoDraw = False
67.8912 	EXP 	text: height = np.float64(0.05)
67.8912 	EXP 	text: height = np.float64(0.05)
67.8912 	EXP 	text: height = np.float64(0.05)
67.8912 	EXP 	text: text = 'Police'
67.8912 	EXP 	slider: markerPos = None
67.8912 	EXP 	slider: markerPos = None
67.8912 	EXP 	text: autoDraw = True
67.8912 	EXP 	slider: autoDraw = True
67.9268 	DATA 	Mouse: Left button down, pos=(239,179)
67.9416 	EXP 	slider: markerPos = np.float64(0.9950000000000001)
67.9580 	EXP 	slider: markerPos = np.float64(0.9950000000000001)
67.9750 	EXP 	slider: markerPos = np.float64(0.9950000000000001)
67.9914 	EXP 	slider: markerPos = np.float64(0.9950000000000001)
68.0079 	EXP 	slider: markerPos = np.float64(0.9950000000000001)
68.0245 	EXP 	slider: markerPos = np.float64(0.9950000000000001)
68.0411 	EXP 	slider: markerPos = np.float64(0.9950000000000001)
68.0579 	EXP 	slider: markerPos = np.float64(0.9950000000000001)
68.0754 	EXP 	slider: markerPos = np.float64(0.9950000000000001)
68.0909 	EXP 	slider: markerPos = np.float64(0.9950000000000001)
68.0934 	DATA 	Mouse:  Left button up, pos=(239,179)
68.1084 	EXP 	slider: markerPos = np.int64(1)
68.1093 	EXP 	New trial (rep=14, index=13): <Trial 223 (13 in rep 14) data={'study_word': 'Pastry', 'thisN': 223, 'thisTrialN': 13, 'thisRepN': 14}>
68.1253 	EXP 	text: autoDraw = False
68.1253 	EXP 	slider: autoDraw = False
68.1253 	EXP 	text: height = np.float64(0.05)
68.1253 	EXP 	text: height = np.float64(0.05)
68.1253 	EXP 	text: height = np.float64(0.05)
68.1253 	EXP 	text: text = 'Pastry'
68.1253 	EXP 	slider: markerPos = None
68.1253 	EXP 	slider: markerPos = None
68.1253 	EXP 	text: autoDraw = True
68.1253 	EXP 	slider: autoDraw = True
68.1444 	DATA 	Mouse: Left button down, pos=(239,179)
68.1585 	EXP 	slider: markerPos = np.float64(0.9950000000000001)
68.1745 	EXP 	slider: markerPos = np.float64(0.9950000000000001)
68.1908 	EXP 	slider: markerPos = np.float64(0.9950000000000001)
68.2075 	EXP 	slider: markerPos = np.float64(0.9950000000000001)
68.2244 	EXP 	slider: markerPos = np.float64(0.9950000000000001)
68.2411 	EXP 	slider: markerPos = np.float64(0.9950000000000001)
68.2573 	EXP 	slider: markerPos = np.float64(0.9950000000000001)
68.2746 	EXP 	slider: markerPos = np.float64(0.9950000000000001)
68.2910 	EXP 	slider: markerPos = np.float64(0.9950000000000001)
68.3076 	EXP 	slider: markerPos = np.float64(0.9950000000000001)
68.3198 	DATA 	Mouse:  Left button up, pos=(239,179)
68.3247 	EXP 	slider: markerPos = np.float64(0.9950000000000001)
68.3412 	EXP 	slider: markerPos = np.int64(1)
68.3419 	EXP 	New trial (rep=14, index=14): <Trial 224 (14 in rep 14) data={'study_word': 'Case', 'thisN': 224, 'thisTrialN': 14, 'thisRepN': 14}>
68.3581 	EXP 	text: autoDraw = False
68.3581 	EXP 	slider: autoDraw = False
68.3581 	EXP 	text: height = np.float64(0.05)
68.3581 	EXP 	text: height = np.float64(0.05)
68.3581 	EXP 	text: height = np.float64(0.05)
68.3581 	EXP 	text: text = 'Case'
68.3581 	EXP 	slider: markerPos = None
68.3581 	EXP 	slider: markerPos = None
68.3581 	EXP 	text: autoDraw = True
68.3581 	EXP 	slider: autoDraw = True
68.3770 	DATA 	Mouse: Left button down, pos=(239,179)
68.3918 	EXP 	slider: markerPos = np.float64(0.9950000000000001)
68.4079 	EXP 	slider: markerPos = np.float64(0.9950000000000001)
68.4245 	EXP 	slider: markerPos = np.float64(0.9950000000000001)
68.4413 	EXP 	slider: markerPos = np.float64(0.9950000000000001)
68.4575 	EXP 	slider: markerPos = np.float64(0.9950000000000001)
68.4740 	EXP 	slider: markerPos = np.float64(0.9950000000000001)
68.4926 	EXP 	slider: markerPos = np.float64(0.9950000000000001)
68.5088 	EXP 	slider: markerPos = np.float64(0.9950000000000001)
68.5253 	EXP 	slider: markerPos = np.float64(0.9950000000000001)
68.5311 	DATA 	Mouse:  Left button up, pos=(239,179)
68.5440 	EXP 	slider: markerPos = np.float64(0.9950000000000001)
68.5581 	EXP 	slider: markerPos = np.int64(1)
68.5633 	EXP 	Imported OneDrive/Documents/test_words.xlsx as conditions, 20 conditions, 3 params
68.5652 	EXP 	New trial (rep=0, index=0): <Trial 0 (0 in rep 0) data={'test_word': 'c_s_', 'Reference': 'Case', 'old_new': 'old', 'thisN': 0, 'thisTrialN': 0, 'thisRepN': 0}>
68.5758 	EXP 	text: autoDraw = False
68.5758 	EXP 	slider: autoDraw = False
68.5758 	EXP 	text_2: height = np.float64(0.05)
68.5758 	EXP 	text_2: height = np.float64(0.05)
68.5758 	EXP 	text_2: height = np.float64(0.05)
68.5758 	EXP 	text_2: text = 'c_s_'
68.5758 	EXP 	text_2: autoDraw = True
68.5758 	EXP 	textbox: autoDraw = True
68.5758 	EXP 	text_3: autoDraw = True
68.6245 	DATA 	Mouse: Left button down, pos=(239,179)
68.7939 	DATA 	Mouse:  Left button up, pos=(239,179)
68.8460 	DATA 	Mouse: Left button down, pos=(239,179)
68.9926 	DATA 	Mouse:  Left button up, pos=(239,179)
69.0594 	DATA 	Mouse: Left button down, pos=(239,179)
69.2286 	DATA 	Mouse:  Left button up, pos=(239,179)
69.2932 	DATA 	Mouse: Left button down, pos=(239,179)
69.4644 	DATA 	Mouse:  Left button up, pos=(239,179)
69.5279 	DATA 	Mouse: Left button down, pos=(239,179)
69.6952 	DATA 	Mouse:  Left button up, pos=(239,179)
69.7445 	DATA 	Mouse: Left button down, pos=(239,179)
69.8995 	DATA 	Mouse:  Left button up, pos=(239,179)
69.9686 	DATA 	Mouse: Left button down, pos=(239,179)
70.1435 	DATA 	Mouse:  Left button up, pos=(239,179)
70.1933 	DATA 	Mouse: Left button down, pos=(239,179)
70.3763 	DATA 	Mouse:  Left button up, pos=(239,179)
71.5246 	DATA 	Keypress: c
71.5443 	EXP 	Device response: <KeyPress from None: t=71.52413630008232, value=c, duration=None>
71.6098 	EXP 	Device response: <KeyPress from None: t=71.52413630008232, value=c, duration=0.07420289993751794>
71.6766 	DATA 	Keypress: a
71.6825 	EXP 	Device response: <KeyPress from None: t=71.66607610008214, value=a, duration=None>
71.7748 	EXP 	Device response: <KeyPress from None: t=71.66607610008214, value=a, duration=0.1083822000073269>
71.8921 	DATA 	Keypress: s
71.8966 	EXP 	Device response: <KeyPress from None: t=71.89036790002137, value=s, duration=None>
72.0080 	EXP 	Device response: <KeyPress from None: t=71.89036790002137, value=s, duration=0.10602940001990646>
72.0913 	DATA 	Keypress: e
72.0918 	EXP 	Device response: <KeyPress from None: t=72.08559390006121, value=e, duration=None>
72.2247 	EXP 	Device response: <KeyPress from None: t=72.08559390006121, value=e, duration=0.13350110000465065>
73.4016 	DATA 	Mouse: Left button down, pos=(656,170)
73.4033 	EXP 	New trial (rep=0, index=1): <Trial 1 (1 in rep 0) data={'test_word': '_a_bl_', 'Reference': 'Marble', 'old_new': 'old', 'thisN': 1, 'thisTrialN': 1, 'thisRepN': 0}>
73.4317 	EXP 	text_2: autoDraw = False
73.4317 	EXP 	textbox: autoDraw = False
73.4317 	EXP 	text_3: autoDraw = False
73.4317 	EXP 	text_2: height = np.float64(0.05)
73.4317 	EXP 	text_2: height = np.float64(0.05)
73.4317 	EXP 	text_2: height = np.float64(0.05)
73.4317 	EXP 	text_2: text = '_a_bl_'
73.4317 	EXP 	text_2: autoDraw = True
73.4317 	EXP 	textbox: autoDraw = True
73.4317 	EXP 	text_3: autoDraw = True
73.6250 	DATA 	Mouse:  Left button up, pos=(656,170)
74.2550 	DATA 	Keypress: m
74.2670 	EXP 	Device response: <KeyPress from None: t=74.25400120008271, value=m, duration=None>
74.3337 	EXP 	Device response: <KeyPress from None: t=74.25400120008271, value=m, duration=0.07783429999835789>
74.3697 	DATA 	Keypress: a
74.3828 	EXP 	Device response: <KeyPress from None: t=74.36627700005192, value=a, duration=None>
74.5161 	EXP 	Device response: <KeyPress from None: t=74.36627700005192, value=a, duration=0.13363870000466704>
74.6333 	DATA 	Keypress: r
74.6339 	EXP 	Device response: <KeyPress from None: t=74.62674740003422, value=r, duration=None>
74.7328 	EXP 	Device response: <KeyPress from None: t=74.62674740003422, value=r, duration=0.09063380002044141>
74.8332 	DATA 	Keypress: b
74.8384 	EXP 	Device response: <KeyPress from None: t=74.82179930002894, value=b, duration=None>
74.9164 	EXP 	Device response: <KeyPress from None: t=74.82179930002894, value=b, duration=0.08282919996418059>
75.2168 	DATA 	Keypress: l
75.2192 	EXP 	Device response: <KeyPress from None: t=75.2126583000645, value=l, duration=None>
75.2848 	EXP 	Device response: <KeyPress from None: t=75.2126583000645, value=l, duration=0.06965800002217293>
75.3346 	DATA 	Keypress: e
75.3353 	EXP 	Device response: <KeyPress from None: t=75.32320119999349, value=e, duration=None>
75.4014 	EXP 	Device response: <KeyPress from None: t=75.32320119999349, value=e, duration=0.07613050006330013>
76.2341 	DATA 	Mouse: Left button down, pos=(656,170)
76.2346 	EXP 	New trial (rep=0, index=2): <Trial 2 (2 in rep 0) data={'test_word': '_ou_se', 'Reference': 'mouse', 'old_new': 'old', 'thisN': 2, 'thisTrialN': 2, 'thisRepN': 0}>
76.2498 	EXP 	text_2: autoDraw = False
76.2498 	EXP 	textbox: autoDraw = False
76.2498 	EXP 	text_3: autoDraw = False
76.2498 	EXP 	text_2: height = np.float64(0.05)
76.2498 	EXP 	text_2: height = np.float64(0.05)
76.2498 	EXP 	text_2: height = np.float64(0.05)
76.2498 	EXP 	text_2: text = '_ou_se'
76.2498 	EXP 	text_2: autoDraw = True
76.2498 	EXP 	textbox: autoDraw = True
76.2498 	EXP 	text_3: autoDraw = True
76.4561 	DATA 	Mouse:  Left button up, pos=(656,170)
77.1898 	DATA 	Keypress: m
77.2012 	EXP 	Device response: <KeyPress from None: t=77.18955840007402, value=m, duration=None>
77.3493 	EXP 	Device response: <KeyPress from None: t=77.18955840007402, value=m, duration=0.14381419995334>
77.4999 	DATA 	Keypress: o
77.5052 	EXP 	Device response: <KeyPress from None: t=77.49391509999987, value=o, duration=None>
77.6003 	EXP 	Device response: <KeyPress from None: t=77.49391509999987, value=o, duration=0.1055910000577569>
77.7666 	DATA 	Keypress: u
77.7719 	EXP 	Device response: <KeyPress from None: t=77.7628939000424, value=u, duration=None>
77.8503 	EXP 	Device response: <KeyPress from None: t=77.7628939000424, value=u, duration=0.08230699994601309>
77.9160 	DATA 	Keypress: s
77.9165 	EXP 	Device response: <KeyPress from None: t=77.91210560000036, value=s, duration=None>
78.0176 	EXP 	Device response: <KeyPress from None: t=77.91210560000036, value=s, duration=0.09219750005286187>
78.1167 	DATA 	Keypress: e
78.1184 	EXP 	Device response: <KeyPress from None: t=78.1161265000701, value=e, duration=None>
78.1832 	EXP 	Device response: <KeyPress from None: t=78.1161265000701, value=e, duration=0.0560693999286741>
79.3789 	DATA 	Mouse: Left button down, pos=(625,169)
79.3919 	EXP 	New trial (rep=0, index=3): <Trial 3 (3 in rep 0) data={'test_word': 'l_pt_p', 'Reference': 'Laptop', 'old_new': 'old', 'thisN': 3, 'thisTrialN': 3, 'thisRepN': 0}>
79.4075 	EXP 	text_2: autoDraw = False
79.4075 	EXP 	textbox: autoDraw = False
79.4075 	EXP 	text_3: autoDraw = False
79.4075 	EXP 	text_2: height = np.float64(0.05)
79.4075 	EXP 	text_2: height = np.float64(0.05)
79.4075 	EXP 	text_2: height = np.float64(0.05)
79.4075 	EXP 	text_2: text = 'l_pt_p'
79.4075 	EXP 	text_2: autoDraw = True
79.4075 	EXP 	textbox: autoDraw = True
79.4075 	EXP 	text_3: autoDraw = True
79.5982 	DATA 	Mouse:  Left button up, pos=(625,169)
80.2911 	DATA 	Keypress: l
80.2918 	EXP 	Device response: <KeyPress from None: t=80.27792090002913, value=l, duration=None>
80.3419 	EXP 	Device response: <KeyPress from None: t=80.27792090002913, value=l, duration=0.06321120006032288>
80.4094 	DATA 	Keypress: a
80.4111 	EXP 	Device response: <KeyPress from None: t=80.40183370001614, value=a, duration=None>
80.5249 	EXP 	Device response: <KeyPress from None: t=80.40183370001614, value=a, duration=0.11687879997771233>
80.6415 	DATA 	Keypress: p
80.6433 	EXP 	Device response: <KeyPress from None: t=80.63204340008087, value=p, duration=None>
80.7082 	EXP 	Device response: <KeyPress from None: t=80.63204340008087, value=p, duration=0.06362479995004833>
81.1256 	DATA 	Keypress: t
81.1289 	EXP 	Device response: <KeyPress from None: t=81.11947480007075, value=t, duration=None>
81.2247 	EXP 	Device response: <KeyPress from None: t=81.11947480007075, value=t, duration=0.09313389996532351>
81.2756 	DATA 	Keypress: o
81.2762 	EXP 	Device response: <KeyPress from None: t=81.26462770008948, value=o, duration=None>
81.3425 	EXP 	Device response: <KeyPress from None: t=81.26462770008948, value=o, duration=0.06709049991331995>
81.4421 	DATA 	Keypress: p
81.4428 	EXP 	Device response: <KeyPress from None: t=81.43651890009642, value=p, duration=None>
81.5090 	EXP 	Device response: <KeyPress from None: t=81.43651890009642, value=p, duration=0.06075720000080764>
82.4087 	DATA 	Mouse: Left button down, pos=(625,169)
82.4092 	EXP 	New trial (rep=0, index=4): <Trial 4 (4 in rep 0) data={'test_word': 'P_st_r', 'Reference': 'Poster', 'old_new': 'old', 'thisN': 4, 'thisTrialN': 4, 'thisRepN': 0}>
82.4240 	EXP 	text_2: autoDraw = False
82.4240 	EXP 	textbox: autoDraw = False
82.4240 	EXP 	text_3: autoDraw = False
82.4240 	EXP 	text_2: height = np.float64(0.05)
82.4240 	EXP 	text_2: height = np.float64(0.05)
82.4240 	EXP 	text_2: height = np.float64(0.05)
82.4240 	EXP 	text_2: text = 'P_st_r'
82.4240 	EXP 	text_2: autoDraw = True
82.4240 	EXP 	textbox: autoDraw = True
82.4240 	EXP 	text_3: autoDraw = True
82.6423 	DATA 	Mouse:  Left button up, pos=(625,169)
83.2131 	DATA 	Keypress: p
83.2246 	EXP 	Device response: <KeyPress from None: t=83.21060890005901, value=p, duration=None>
83.3082 	EXP 	Device response: <KeyPress from None: t=83.21060890005901, value=p, duration=0.08175330003723502>
83.4075 	DATA 	Keypress: a
83.4081 	EXP 	Device response: <KeyPress from None: t=83.40292000002228, value=a, duration=None>
83.5242 	EXP 	Device response: <KeyPress from None: t=83.40292000002228, value=a, duration=0.11510150006506592>
83.6574 	DATA 	Keypress: s
83.6580 	EXP 	Device response: <KeyPress from None: t=83.6468497000169, value=s, duration=None>
83.7581 	EXP 	Device response: <KeyPress from None: t=83.6468497000169, value=s, duration=0.09917240007780492>
83.8409 	DATA 	Keypress: t
83.8414 	EXP 	Device response: <KeyPress from None: t=83.8298779000761, value=t, duration=None>
83.9075 	EXP 	Device response: <KeyPress from None: t=83.8298779000761, value=t, duration=0.07707090000621974>
84.0576 	DATA 	Keypress: r
84.0581 	EXP 	Device response: <KeyPress from None: t=84.05362750007771, value=r, duration=None>
84.1410 	EXP 	Device response: <KeyPress from None: t=84.05362750007771, value=r, duration=0.08273089991416782>
84.1934 	DATA 	Keypress: y
84.2079 	EXP 	Device response: <KeyPress from None: t=84.19293420005124, value=y, duration=None>
84.2742 	EXP 	Device response: <KeyPress from None: t=84.19293420005124, value=y, duration=0.06782330002170056>
85.7279 	DATA 	Mouse: Left button down, pos=(610,157)
85.7284 	EXP 	New trial (rep=0, index=5): <Trial 5 (5 in rep 0) data={'test_word': 'c_m_ra', 'Reference': 'Camera', 'old_new': 'new', 'thisN': 5, 'thisTrialN': 5, 'thisRepN': 0}>
85.7405 	EXP 	text_2: autoDraw = False
85.7405 	EXP 	textbox: autoDraw = False
85.7405 	EXP 	text_3: autoDraw = False
85.7405 	EXP 	text_2: height = np.float64(0.05)
85.7405 	EXP 	text_2: height = np.float64(0.05)
85.7405 	EXP 	text_2: height = np.float64(0.05)
85.7405 	EXP 	text_2: text = 'c_m_ra'
85.7405 	EXP 	text_2: autoDraw = True
85.7405 	EXP 	textbox: autoDraw = True
85.7405 	EXP 	text_3: autoDraw = True
85.9423 	DATA 	Mouse:  Left button up, pos=(610,157)
86.7408 	DATA 	Keypress: c
86.7414 	EXP 	Device response: <KeyPress from None: t=86.73512590001337, value=c, duration=None>
86.8077 	EXP 	Device response: <KeyPress from None: t=86.73512590001337, value=c, duration=0.06361010007094592>
86.9746 	DATA 	Keypress: a
86.9757 	EXP 	Device response: <KeyPress from None: t=86.96605620009359, value=a, duration=None>
87.1256 	EXP 	Device response: <KeyPress from None: t=86.96605620009359, value=a, duration=0.14372309995815158>
87.2573 	DATA 	Keypress: m
87.2587 	EXP 	Device response: <KeyPress from None: t=87.25225090002641, value=m, duration=None>
87.3412 	EXP 	Device response: <KeyPress from None: t=87.25225090002641, value=m, duration=0.082247200072743>
87.4246 	DATA 	Keypress: e
87.4258 	EXP 	Device response: <KeyPress from None: t=87.41743460006546, value=e, duration=None>
87.4916 	EXP 	Device response: <KeyPress from None: t=87.41743460006546, value=e, duration=0.07053769996855408>
87.5912 	DATA 	Keypress: r
87.5917 	EXP 	Device response: <KeyPress from None: t=87.59081900003366, value=r, duration=None>
87.6749 	EXP 	Device response: <KeyPress from None: t=87.59081900003366, value=r, duration=0.07560430001467466>
87.8240 	DATA 	Keypress: a
87.8246 	EXP 	Device response: <KeyPress from None: t=87.82092760002706, value=a, duration=None>
87.9245 	EXP 	Device response: <KeyPress from None: t=87.82092760002706, value=a, duration=0.10101920005399734>
89.0927 	DATA 	Mouse: Left button down, pos=(607,158)
89.0932 	EXP 	New trial (rep=0, index=6): <Trial 6 (6 in rep 0) data={'test_word': 'v_s_', 'Reference': 'Vase', 'old_new': 'new', 'thisN': 6, 'thisTrialN': 6, 'thisRepN': 0}>
89.1078 	EXP 	text_2: autoDraw = False
89.1078 	EXP 	textbox: autoDraw = False
89.1078 	EXP 	text_3: autoDraw = False
89.1078 	EXP 	text_2: height = np.float64(0.05)
89.1078 	EXP 	text_2: height = np.float64(0.05)
89.1078 	EXP 	text_2: height = np.float64(0.05)
89.1078 	EXP 	text_2: text = 'v_s_'
89.1078 	EXP 	text_2: autoDraw = True
89.1078 	EXP 	textbox: autoDraw = True
89.1078 	EXP 	text_3: autoDraw = True
89.2948 	DATA 	Mouse:  Left button up, pos=(607,158)
89.9910 	DATA 	Keypress: v
89.9948 	EXP 	Device response: <KeyPress from None: t=89.98365840001497, value=v, duration=None>
90.0748 	EXP 	Device response: <KeyPress from None: t=89.98365840001497, value=v, duration=0.0752714000409469>
90.1574 	DATA 	Keypress: a
90.1580 	EXP 	Device response: <KeyPress from None: t=90.14933410007507, value=a, duration=None>
90.2573 	EXP 	Device response: <KeyPress from None: t=90.14933410007507, value=a, duration=0.09194149996619672>
90.3579 	DATA 	Keypress: s
90.3585 	EXP 	Device response: <KeyPress from None: t=90.34442099998705, value=s, duration=None>
90.4579 	EXP 	Device response: <KeyPress from None: t=90.34442099998705, value=s, duration=0.10750210005789995>
90.6077 	DATA 	Keypress: e
90.6082 	EXP 	Device response: <KeyPress from None: t=90.60062889999244, value=e, duration=None>
90.6744 	EXP 	Device response: <KeyPress from None: t=90.60062889999244, value=e, duration=0.07001840008888394>
91.9603 	DATA 	Mouse: Left button down, pos=(607,158)
91.9608 	EXP 	New trial (rep=0, index=7): <Trial 7 (7 in rep 0) data={'test_word': '_o_rd', 'Reference': 'Board', 'old_new': 'old', 'thisN': 7, 'thisTrialN': 7, 'thisRepN': 0}>
91.9740 	EXP 	text_2: autoDraw = False
91.9740 	EXP 	textbox: autoDraw = False
91.9740 	EXP 	text_3: autoDraw = False
91.9740 	EXP 	text_2: height = np.float64(0.05)
91.9740 	EXP 	text_2: height = np.float64(0.05)
91.9740 	EXP 	text_2: height = np.float64(0.05)
91.9740 	EXP 	text_2: text = '_o_rd'
91.9740 	EXP 	text_2: autoDraw = True
91.9740 	EXP 	textbox: autoDraw = True
91.9740 	EXP 	text_3: autoDraw = True
92.1755 	DATA 	Mouse:  Left button up, pos=(607,158)
92.8573 	DATA 	Keypress: w
92.8600 	EXP 	Device response: <KeyPress from None: t=92.8442245000042, value=w, duration=None>
92.9576 	EXP 	Device response: <KeyPress from None: t=92.8442245000042, value=w, duration=0.0990829000947997>
92.9740 	DATA 	Keypress: o
92.9747 	EXP 	Device response: <KeyPress from None: t=92.97334960009903, value=o, duration=None>
93.0408 	EXP 	Device response: <KeyPress from None: t=92.97334960009903, value=o, duration=0.05591989995446056>
93.1407 	DATA 	Keypress: r
93.1413 	EXP 	Device response: <KeyPress from None: t=93.13249490002636, value=r, duration=None>
93.2412 	EXP 	Device response: <KeyPress from None: t=93.13249490002636, value=r, duration=0.10211209999397397>
93.3742 	DATA 	Keypress: d
93.3769 	EXP 	Device response: <KeyPress from None: t=93.37352440005634, value=d, duration=None>
93.4740 	EXP 	Device response: <KeyPress from None: t=93.37352440005634, value=d, duration=0.09281019994523376>
95.0860 	DATA 	Mouse: Left button down, pos=(568,111)
95.3175 	DATA 	Mouse:  Left button up, pos=(568,111)
95.9345 	DATA 	Mouse: Left button down, pos=(600,153)
95.9353 	EXP 	New trial (rep=0, index=8): <Trial 8 (8 in rep 0) data={'test_word': 'ta_l_', 'Reference': 'Table', 'old_new': 'new', 'thisN': 8, 'thisTrialN': 8, 'thisRepN': 0}>
95.9490 	EXP 	text_2: autoDraw = False
95.9490 	EXP 	textbox: autoDraw = False
95.9490 	EXP 	text_3: autoDraw = False
95.9490 	EXP 	text_2: height = np.float64(0.05)
95.9490 	EXP 	text_2: height = np.float64(0.05)
95.9490 	EXP 	text_2: height = np.float64(0.05)
95.9490 	EXP 	text_2: text = 'ta_l_'
95.9490 	EXP 	text_2: autoDraw = True
95.9490 	EXP 	textbox: autoDraw = True
95.9490 	EXP 	text_3: autoDraw = True
96.1694 	DATA 	Mouse:  Left button up, pos=(600,153)
96.8188 	DATA 	Keypress: t
96.8330 	EXP 	Device response: <KeyPress from None: t=96.81677520007361, value=t, duration=None>
96.9012 	EXP 	Device response: <KeyPress from None: t=96.81677520007361, value=t, duration=0.08112879993859679>
97.0833 	DATA 	Keypress: a
97.0839 	EXP 	Device response: <KeyPress from None: t=97.07685250008944, value=a, duration=None>
97.2497 	EXP 	Device response: <KeyPress from None: t=97.07685250008944, value=a, duration=0.16698899993207306>
97.3338 	DATA 	Keypress: b
97.3344 	EXP 	Device response: <KeyPress from None: t=97.32897330005653, value=b, duration=None>
97.3833 	EXP 	Device response: <KeyPress from None: t=97.32897330005653, value=b, duration=0.05360129999462515>
97.6993 	DATA 	Keypress: l
97.7003 	EXP 	Device response: <KeyPress from None: t=97.69017449999228, value=l, duration=None>
97.7831 	EXP 	Device response: <KeyPress from None: t=97.69017449999228, value=l, duration=0.08483690000139177>
97.8339 	DATA 	Keypress: e
97.8352 	EXP 	Device response: <KeyPress from None: t=97.82785000000149, value=e, duration=None>
97.9179 	EXP 	Device response: <KeyPress from None: t=97.82785000000149, value=e, duration=0.07583129999693483>
98.8002 	DATA 	Mouse: Left button down, pos=(600,153)
98.8007 	EXP 	New trial (rep=0, index=9): <Trial 9 (9 in rep 0) data={'test_word': 'P_li_e', 'Reference': 'Police', 'old_new': 'old', 'thisN': 9, 'thisTrialN': 9, 'thisRepN': 0}>
98.8156 	EXP 	text_2: autoDraw = False
98.8156 	EXP 	textbox: autoDraw = False
98.8156 	EXP 	text_3: autoDraw = False
98.8156 	EXP 	text_2: height = np.float64(0.05)
98.8156 	EXP 	text_2: height = np.float64(0.05)
98.8156 	EXP 	text_2: height = np.float64(0.05)
98.8156 	EXP 	text_2: text = 'P_li_e'
98.8156 	EXP 	text_2: autoDraw = True
98.8156 	EXP 	textbox: autoDraw = True
98.8156 	EXP 	text_3: autoDraw = True
99.0279 	DATA 	Mouse:  Left button up, pos=(600,153)
99.6850 	DATA 	Keypress: p
99.6996 	EXP 	Device response: <KeyPress from None: t=99.68475680006668, value=p, duration=None>
99.7664 	EXP 	Device response: <KeyPress from None: t=99.68475680006668, value=p, duration=0.07087499997578561>
99.8831 	DATA 	Keypress: o
99.8836 	EXP 	Device response: <KeyPress from None: t=99.87875350005925, value=o, duration=None>
99.9499 	EXP 	Device response: <KeyPress from None: t=99.87875350005925, value=o, duration=0.06180769996717572>
100.0833 	DATA 	Keypress: l
100.0840 	EXP 	Device response: <KeyPress from None: t=100.08306060009636, value=l, duration=None>
100.1662 	EXP 	Device response: <KeyPress from None: t=100.08306060009636, value=l, duration=0.06900699995458126>
100.2842 	DATA 	Keypress: i
100.3002 	EXP 	Device response: <KeyPress from None: t=100.28380020009354, value=i, duration=None>
100.3825 	EXP 	Device response: <KeyPress from None: t=100.28380020009354, value=i, duration=0.08491649990901351>
100.4822 	DATA 	Keypress: c
100.4828 	EXP 	Device response: <KeyPress from None: t=100.46981610008515, value=c, duration=None>
100.5657 	EXP 	Device response: <KeyPress from None: t=100.46981610008515, value=c, duration=0.08702460001222789>
100.6838 	DATA 	Keypress: e
100.6989 	EXP 	Device response: <KeyPress from None: t=100.6833335000556, value=e, duration=None>
100.7492 	EXP 	Device response: <KeyPress from None: t=100.6833335000556, value=e, duration=0.06290809996426105>
102.0084 	DATA 	Mouse: Left button down, pos=(600,153)
102.0089 	EXP 	New trial (rep=0, index=10): <Trial 10 (10 in rep 0) data={'test_word': 'bo_t_e', 'Reference': 'Bottle', 'old_new': 'new', 'thisN': 10, 'thisTrialN': 10, 'thisRepN': 0}>
102.0409 	EXP 	text_2: autoDraw = False
102.0409 	EXP 	textbox: autoDraw = False
102.0409 	EXP 	text_3: autoDraw = False
102.0409 	EXP 	text_2: height = np.float64(0.05)
102.0409 	EXP 	text_2: height = np.float64(0.05)
102.0409 	EXP 	text_2: height = np.float64(0.05)
102.0409 	EXP 	text_2: text = 'bo_t_e'
102.0409 	EXP 	text_2: autoDraw = True
102.0409 	EXP 	textbox: autoDraw = True
102.0409 	EXP 	text_3: autoDraw = True
102.2356 	DATA 	Mouse:  Left button up, pos=(600,153)
102.9247 	DATA 	Keypress: b
102.9257 	EXP 	Device response: <KeyPress from None: t=102.91513480001595, value=b, duration=None>
103.0084 	EXP 	Device response: <KeyPress from None: t=102.91513480001595, value=b, duration=0.07841140008531511>
103.2741 	DATA 	Keypress: o
103.2749 	EXP 	Device response: <KeyPress from None: t=103.26827200001571, value=o, duration=None>
103.3414 	EXP 	Device response: <KeyPress from None: t=103.26827200001571, value=o, duration=0.064577899989672>
103.5081 	DATA 	Keypress: t
103.5095 	EXP 	Device response: <KeyPress from None: t=103.50294889998622, value=t, duration=None>
103.5756 	EXP 	Device response: <KeyPress from None: t=103.50294889998622, value=t, duration=0.05784200003836304>
103.6582 	DATA 	Keypress: t
103.6588 	EXP 	Device response: <KeyPress from None: t=103.65614030009601, value=t, duration=None>
103.7585 	EXP 	Device response: <KeyPress from None: t=103.65614030009601, value=t, duration=0.08871259994339198>
103.8078 	DATA 	Keypress: l
103.8086 	EXP 	Device response: <KeyPress from None: t=103.79836150002666, value=l, duration=None>
103.8595 	EXP 	Device response: <KeyPress from None: t=103.79836150002666, value=l, duration=0.058072300045751035>
103.9579 	DATA 	Keypress: e
103.9585 	EXP 	Device response: <KeyPress from None: t=103.9461948000826, value=e, duration=None>
104.0752 	EXP 	Device response: <KeyPress from None: t=103.9461948000826, value=e, duration=0.11547560000326484>
105.3785 	DATA 	Mouse: Left button down, pos=(602,153)
105.3804 	EXP 	New trial (rep=0, index=11): <Trial 11 (11 in rep 0) data={'test_word': 'T_hi_t', 'Reference': 'Tshirt', 'old_new': 'old', 'thisN': 11, 'thisTrialN': 11, 'thisRepN': 0}>
105.4089 	EXP 	text_2: autoDraw = False
105.4089 	EXP 	textbox: autoDraw = False
105.4089 	EXP 	text_3: autoDraw = False
105.4089 	EXP 	text_2: height = np.float64(0.05)
105.4089 	EXP 	text_2: height = np.float64(0.05)
105.4089 	EXP 	text_2: height = np.float64(0.05)
105.4089 	EXP 	text_2: text = 'T_hi_t'
105.4089 	EXP 	text_2: autoDraw = True
105.4089 	EXP 	textbox: autoDraw = True
105.4089 	EXP 	text_3: autoDraw = True
105.6008 	DATA 	Mouse:  Left button up, pos=(602,153)
106.3572 	DATA 	Keypress: t
106.3577 	EXP 	Device response: <KeyPress from None: t=106.34933750005439, value=t, duration=None>
106.4248 	EXP 	Device response: <KeyPress from None: t=106.34933750005439, value=t, duration=0.07391319994349033>
106.8580 	DATA 	Keypress: s
106.8585 	EXP 	Device response: <KeyPress from None: t=106.85547960002441, value=s, duration=None>
106.9415 	EXP 	Device response: <KeyPress from None: t=106.85547960002441, value=s, duration=0.08282460004556924>
107.0405 	DATA 	Keypress: h
107.0410 	EXP 	Device response: <KeyPress from None: t=107.02667490008753, value=h, duration=None>
107.0910 	EXP 	Device response: <KeyPress from None: t=107.02667490008753, value=h, duration=0.05567079992033541>
107.2411 	DATA 	Keypress: i
107.2417 	EXP 	Device response: <KeyPress from None: t=107.23783560004085, value=i, duration=None>
107.3247 	EXP 	Device response: <KeyPress from None: t=107.23783560004085, value=i, duration=0.08603360003326088>
107.3411 	DATA 	Keypress: r
107.3418 	EXP 	Device response: <KeyPress from None: t=107.33602190006059, value=r, duration=None>
107.4253 	EXP 	Device response: <KeyPress from None: t=107.33602190006059, value=r, duration=0.08717900002375245>
107.5409 	DATA 	Keypress: t
107.5415 	EXP 	Device response: <KeyPress from None: t=107.5303763000993, value=t, duration=None>
107.6078 	EXP 	Device response: <KeyPress from None: t=107.5303763000993, value=t, duration=0.06514449999667704>
108.4090 	DATA 	Mouse: Left button down, pos=(602,153)
108.4102 	EXP 	New trial (rep=0, index=12): <Trial 12 (12 in rep 0) data={'test_word': '_ha_t', 'Reference': 'Chart', 'old_new': 'old', 'thisN': 12, 'thisTrialN': 12, 'thisRepN': 0}>
108.4236 	EXP 	text_2: autoDraw = False
108.4236 	EXP 	textbox: autoDraw = False
108.4236 	EXP 	text_3: autoDraw = False
108.4236 	EXP 	text_2: height = np.float64(0.05)
108.4236 	EXP 	text_2: height = np.float64(0.05)
108.4236 	EXP 	text_2: height = np.float64(0.05)
108.4236 	EXP 	text_2: text = '_ha_t'
108.4236 	EXP 	text_2: autoDraw = True
108.4236 	EXP 	textbox: autoDraw = True
108.4236 	EXP 	text_3: autoDraw = True
108.6257 	DATA 	Mouse:  Left button up, pos=(602,153)
111.2411 	DATA 	Keypress: c
111.2416 	EXP 	Device response: <KeyPress from None: t=111.2300464999862, value=c, duration=None>
111.3087 	EXP 	Device response: <KeyPress from None: t=111.2300464999862, value=c, duration=0.07323730003554374>
111.3755 	DATA 	Keypress: h
111.3760 	EXP 	Device response: <KeyPress from None: t=111.36998310009949, value=h, duration=None>
111.4583 	EXP 	Device response: <KeyPress from None: t=111.36998310009949, value=h, duration=0.07715649995952845>
111.5086 	DATA 	Keypress: a
111.5100 	EXP 	Device response: <KeyPress from None: t=111.4982730000047, value=a, duration=None>
111.6430 	EXP 	Device response: <KeyPress from None: t=111.4982730000047, value=a, duration=0.14424090005923063>
111.7749 	DATA 	Keypress: r
111.7755 	EXP 	Device response: <KeyPress from None: t=111.76263170002494, value=r, duration=None>
111.8750 	EXP 	Device response: <KeyPress from None: t=111.76263170002494, value=r, duration=0.1071720999898389>
111.9769 	DATA 	Keypress: t
111.9918 	EXP 	Device response: <KeyPress from None: t=111.97673140000552, value=t, duration=None>
112.0759 	EXP 	Device response: <KeyPress from None: t=111.97673140000552, value=t, duration=0.0981454000575468>
113.6352 	DATA 	Mouse: Left button down, pos=(596,153)
113.6368 	EXP 	New trial (rep=0, index=13): <Trial 13 (13 in rep 0) data={'test_word': '_ru_is_', 'Reference': 'Cruise', 'old_new': 'old', 'thisN': 13, 'thisTrialN': 13, 'thisRepN': 0}>
113.6651 	EXP 	text_2: autoDraw = False
113.6651 	EXP 	textbox: autoDraw = False
113.6651 	EXP 	text_3: autoDraw = False
113.6651 	EXP 	text_2: height = np.float64(0.05)
113.6651 	EXP 	text_2: height = np.float64(0.05)
113.6651 	EXP 	text_2: height = np.float64(0.05)
113.6651 	EXP 	text_2: text = '_ru_is_'
113.6651 	EXP 	text_2: autoDraw = True
113.6651 	EXP 	textbox: autoDraw = True
113.6651 	EXP 	text_3: autoDraw = True
113.8529 	DATA 	Mouse:  Left button up, pos=(596,153)
115.1670 	DATA 	Keypress: c
115.1681 	EXP 	Device response: <KeyPress from None: t=115.15346619999036, value=c, duration=None>
115.2344 	EXP 	Device response: <KeyPress from None: t=115.15346619999036, value=c, duration=0.0716348000569269>
115.3662 	DATA 	Keypress: r
115.3668 	EXP 	Device response: <KeyPress from None: t=115.36279660009313, value=r, duration=None>
115.4663 	EXP 	Device response: <KeyPress from None: t=115.36279660009313, value=r, duration=0.09918769996147603>
115.6026 	DATA 	Keypress: u
115.6038 	EXP 	Device response: <KeyPress from None: t=115.59969510009978, value=u, duration=None>
115.6836 	EXP 	Device response: <KeyPress from None: t=115.59969510009978, value=u, duration=0.07338679989334196>
115.7832 	DATA 	Keypress: i
115.7845 	EXP 	Device response: <KeyPress from None: t=115.7828518000897, value=i, duration=None>
115.8664 	EXP 	Device response: <KeyPress from None: t=115.7828518000897, value=i, duration=0.07117369992192835>
115.9009 	DATA 	Keypress: s
115.9024 	EXP 	Device response: <KeyPress from None: t=115.90026460005902, value=s, duration=None>
116.0162 	EXP 	Device response: <KeyPress from None: t=115.90026460005902, value=s, duration=0.1058257999829948>
116.1343 	DATA 	Keypress: e
116.1349 	EXP 	Device response: <KeyPress from None: t=116.13405850005802, value=e, duration=None>
116.2169 	EXP 	Device response: <KeyPress from None: t=116.13405850005802, value=e, duration=0.07633519999217242>
117.0678 	DATA 	Mouse: Left button down, pos=(596,153)
117.0689 	EXP 	New trial (rep=0, index=14): <Trial 14 (14 in rep 0) data={'test_word': 'P_as_tr_', 'Reference': 'Pastry', 'old_new': 'old', 'thisN': 14, 'thisTrialN': 14, 'thisRepN': 0}>
117.0825 	EXP 	text_2: autoDraw = False
117.0825 	EXP 	textbox: autoDraw = False
117.0825 	EXP 	text_3: autoDraw = False
117.0825 	EXP 	text_2: height = np.float64(0.05)
117.0825 	EXP 	text_2: height = np.float64(0.05)
117.0825 	EXP 	text_2: height = np.float64(0.05)
117.0825 	EXP 	text_2: text = 'P_as_tr_'
117.0825 	EXP 	text_2: autoDraw = True
117.0825 	EXP 	textbox: autoDraw = True
117.0825 	EXP 	text_3: autoDraw = True
117.2841 	DATA 	Mouse:  Left button up, pos=(596,153)
117.9164 	DATA 	Keypress: p
117.9177 	EXP 	Device response: <KeyPress from None: t=117.91587290004827, value=p, duration=None>
118.0168 	EXP 	Device response: <KeyPress from None: t=117.91587290004827, value=p, duration=0.09586620004847646>
118.0665 	DATA 	Keypress: a
118.0671 	EXP 	Device response: <KeyPress from None: t=118.06580920005217, value=a, duration=None>
118.1835 	EXP 	Device response: <KeyPress from None: t=118.06580920005217, value=a, duration=0.10808769997674972>
118.2683 	DATA 	Keypress: s
118.2690 	EXP 	Device response: <KeyPress from None: t=118.25406649999786, value=s, duration=None>
118.3837 	EXP 	Device response: <KeyPress from None: t=118.25406649999786, value=s, duration=0.12207140005193651>
118.5996 	DATA 	Keypress: t
118.6002 	EXP 	Device response: <KeyPress from None: t=118.59445020009298, value=t, duration=None>
118.6835 	EXP 	Device response: <KeyPress from None: t=118.59445020009298, value=t, duration=0.0809157999465242>
118.7833 	DATA 	Keypress: r
118.7839 	EXP 	Device response: <KeyPress from None: t=118.77449760003947, value=r, duration=None>
118.8663 	EXP 	Device response: <KeyPress from None: t=118.77449760003947, value=r, duration=0.0810605000006035>
118.9329 	DATA 	Keypress: y
118.9337 	EXP 	Device response: <KeyPress from None: t=118.92671900009736, value=y, duration=None>
118.9998 	EXP 	Device response: <KeyPress from None: t=118.92671900009736, value=y, duration=0.06665609998162836>
119.9337 	DATA 	Mouse: Left button down, pos=(596,153)
119.9343 	EXP 	New trial (rep=0, index=15): <Trial 15 (15 in rep 0) data={'test_word': '_ho_e', 'Reference': 'Phone', 'old_new': 'old', 'thisN': 15, 'thisTrialN': 15, 'thisRepN': 0}>
119.9492 	EXP 	text_2: autoDraw = False
119.9492 	EXP 	textbox: autoDraw = False
119.9492 	EXP 	text_3: autoDraw = False
119.9492 	EXP 	text_2: height = np.float64(0.05)
119.9492 	EXP 	text_2: height = np.float64(0.05)
119.9492 	EXP 	text_2: height = np.float64(0.05)
119.9492 	EXP 	text_2: text = '_ho_e'
119.9492 	EXP 	text_2: autoDraw = True
119.9492 	EXP 	textbox: autoDraw = True
119.9492 	EXP 	text_3: autoDraw = True
120.1572 	DATA 	Mouse:  Left button up, pos=(596,153)
135.9495 	DATA 	Keypress: h
135.9501 	EXP 	Device response: <KeyPress from None: t=135.94730630004779, value=h, duration=None>
136.0337 	EXP 	Device response: <KeyPress from None: t=135.94730630004779, value=h, duration=0.07893029996193945>
136.2170 	DATA 	Keypress: o
136.2175 	EXP 	Device response: <KeyPress from None: t=136.21147610002663, value=o, duration=None>
136.3326 	EXP 	Device response: <KeyPress from None: t=136.21147610002663, value=o, duration=0.10918030003085732>
136.4162 	DATA 	Keypress: s
136.4168 	EXP 	Device response: <KeyPress from None: t=136.40176720009185, value=s, duration=None>
136.4993 	DATA 	Keypress: u
136.5000 	EXP 	Device response: <KeyPress from None: t=136.4873765000375, value=u, duration=None>
136.5330 	EXP 	Device response: <KeyPress from None: t=136.40176720009185, value=s, duration=0.12952600000426173>
136.6173 	EXP 	Device response: <KeyPress from None: t=136.4873765000375, value=u, duration=0.1226058000465855>
136.7190 	DATA 	Keypress: e
136.7326 	EXP 	Device response: <KeyPress from None: t=136.71881630003918, value=e, duration=None>
136.8502 	EXP 	Device response: <KeyPress from None: t=136.71881630003918, value=e, duration=0.12271490006241947>
137.5658 	DATA 	Keypress: backspace
137.5664 	EXP 	Device response: <KeyPress from None: t=137.5634441000875, value=backspace, duration=None>
137.7033 	EXP 	Device response: <KeyPress from None: t=137.5634441000875, value=backspace, duration=0.12009549990762025>
137.7990 	DATA 	Keypress: backspace
137.7997 	EXP 	Device response: <KeyPress from None: t=137.79499990004115, value=backspace, duration=None>
137.8990 	EXP 	Device response: <KeyPress from None: t=137.79499990004115, value=backspace, duration=0.09803620004095137>
138.5522 	DATA 	Keypress: backspace
138.5662 	EXP 	Device response: <KeyPress from None: t=138.5519085000269, value=backspace, duration=None>
138.6668 	EXP 	Device response: <KeyPress from None: t=138.5519085000269, value=backspace, duration=0.10945170000195503>
139.1150 	DATA 	Keypress: u
139.1158 	EXP 	Device response: <KeyPress from None: t=139.1118867000332, value=u, duration=None>
139.1990 	EXP 	Device response: <KeyPress from None: t=139.1118867000332, value=u, duration=0.07838229998014867>
139.2152 	DATA 	Keypress: s
139.2160 	EXP 	Device response: <KeyPress from None: t=139.21356400009245, value=s, duration=None>
139.3155 	EXP 	Device response: <KeyPress from None: t=139.21356400009245, value=s, duration=0.09838899993337691>
139.4329 	DATA 	Keypress: e
139.4347 	EXP 	Device response: <KeyPress from None: t=139.421160900034, value=e, duration=None>
139.4994 	EXP 	Device response: <KeyPress from None: t=139.421160900034, value=e, duration=0.07708519999869168>
140.8000 	DATA 	Mouse: Left button down, pos=(596,153)
140.8006 	EXP 	New trial (rep=0, index=16): <Trial 16 (16 in rep 0) data={'test_word': '_oo_', 'Reference': 'Book', 'old_new': 'old', 'thisN': 16, 'thisTrialN': 16, 'thisRepN': 0}>
140.8149 	EXP 	text_2: autoDraw = False
140.8149 	EXP 	textbox: autoDraw = False
140.8149 	EXP 	text_3: autoDraw = False
140.8149 	EXP 	text_2: height = np.float64(0.05)
140.8149 	EXP 	text_2: height = np.float64(0.05)
140.8149 	EXP 	text_2: height = np.float64(0.05)
140.8149 	EXP 	text_2: text = '_oo_'
140.8149 	EXP 	text_2: autoDraw = True
140.8149 	EXP 	textbox: autoDraw = True
140.8149 	EXP 	text_3: autoDraw = True
141.0172 	DATA 	Mouse:  Left button up, pos=(596,153)
141.7819 	DATA 	Keypress: n
141.7932 	EXP 	Device response: <KeyPress from None: t=141.77201100008097, value=n, duration=None>
141.8494 	EXP 	Device response: <KeyPress from None: t=141.77201100008097, value=n, duration=0.06872049998492002>
142.4656 	DATA 	Keypress: backspace
142.4661 	EXP 	Device response: <KeyPress from None: t=142.45294530002866, value=backspace, duration=None>
142.5656 	EXP 	Device response: <KeyPress from None: t=142.45294530002866, value=backspace, duration=0.10429639997892082>
143.0151 	DATA 	Keypress: b
143.0158 	EXP 	Device response: <KeyPress from None: t=143.0105814000126, value=b, duration=None>
143.0987 	EXP 	Device response: <KeyPress from None: t=143.0105814000126, value=b, duration=0.08308260003104806>
143.4153 	DATA 	Keypress: o
143.4160 	EXP 	Device response: <KeyPress from None: t=143.40120270010084, value=o, duration=None>
143.4823 	EXP 	Device response: <KeyPress from None: t=143.40120270010084, value=o, duration=0.07639179995749146>
143.5660 	DATA 	Keypress: o
143.5672 	EXP 	Device response: <KeyPress from None: t=143.55409150000196, value=o, duration=None>
143.6323 	EXP 	Device response: <KeyPress from None: t=143.55409150000196, value=o, duration=0.07200829999055713>
143.7821 	DATA 	Keypress: k
143.7850 	EXP 	Device response: <KeyPress from None: t=143.77390999998897, value=k, duration=None>
143.8491 	EXP 	Device response: <KeyPress from None: t=143.77390999998897, value=k, duration=0.07293300004675984>
144.7163 	DATA 	Mouse: Left button down, pos=(596,153)
144.7169 	EXP 	New trial (rep=0, index=17): <Trial 17 (17 in rep 0) data={'test_word': 'c_s_io_', 'Reference': 'Cushion', 'old_new': 'new', 'thisN': 17, 'thisTrialN': 17, 'thisRepN': 0}>
144.7319 	EXP 	text_2: autoDraw = False
144.7319 	EXP 	textbox: autoDraw = False
144.7319 	EXP 	text_3: autoDraw = False
144.7319 	EXP 	text_2: height = np.float64(0.05)
144.7319 	EXP 	text_2: height = np.float64(0.05)
144.7319 	EXP 	text_2: height = np.float64(0.05)
144.7319 	EXP 	text_2: text = 'c_s_io_'
144.7319 	EXP 	text_2: autoDraw = True
144.7319 	EXP 	textbox: autoDraw = True
144.7319 	EXP 	text_3: autoDraw = True
144.9368 	DATA 	Mouse:  Left button up, pos=(596,153)
145.9318 	DATA 	Keypress: c
145.9325 	EXP 	Device response: <KeyPress from None: t=145.92361769999843, value=c, duration=None>
146.0329 	EXP 	Device response: <KeyPress from None: t=145.92361769999843, value=c, duration=0.09786070010159165>
146.1163 	DATA 	Keypress: u
146.1168 	EXP 	Device response: <KeyPress from None: t=146.1118640000932, value=u, duration=None>
146.1996 	EXP 	Device response: <KeyPress from None: t=146.1118640000932, value=u, duration=0.07751199998892844>
146.2984 	DATA 	Keypress: s
146.2991 	EXP 	Device response: <KeyPress from None: t=146.29268640000373, value=s, duration=None>
146.4156 	EXP 	Device response: <KeyPress from None: t=146.29268640000373, value=s, duration=0.11117920000106096>
146.4496 	DATA 	Keypress: h
146.4506 	EXP 	Device response: <KeyPress from None: t=146.4363091000123, value=h, duration=None>
146.4999 	EXP 	Device response: <KeyPress from None: t=146.4363091000123, value=h, duration=0.049550199997611344>
146.6822 	DATA 	Keypress: i
146.6832 	EXP 	Device response: <KeyPress from None: t=146.6773220000323, value=i, duration=None>
146.7655 	EXP 	Device response: <KeyPress from None: t=146.6773220000323, value=i, duration=0.07777199998963624>
146.8821 	DATA 	Keypress: o
146.8831 	EXP 	Device response: <KeyPress from None: t=146.8787684000563, value=o, duration=None>
146.9655 	EXP 	Device response: <KeyPress from None: t=146.8787684000563, value=o, duration=0.07366530003491789>
147.1164 	DATA 	Keypress: n
147.1182 	EXP 	Device response: <KeyPress from None: t=147.10345050005708, value=n, duration=None>
147.1821 	EXP 	Device response: <KeyPress from None: t=147.10345050005708, value=n, duration=0.06528430001344532>
148.4831 	DATA 	Mouse: Left button down, pos=(596,153)
148.4841 	EXP 	New trial (rep=0, index=18): <Trial 18 (18 in rep 0) data={'test_word': 'p_nc_l', 'Reference': 'Pencil', 'old_new': 'new', 'thisN': 18, 'thisTrialN': 18, 'thisRepN': 0}>
148.4984 	EXP 	text_2: autoDraw = False
148.4984 	EXP 	textbox: autoDraw = False
148.4984 	EXP 	text_3: autoDraw = False
148.4984 	EXP 	text_2: height = np.float64(0.05)
148.4984 	EXP 	text_2: height = np.float64(0.05)
148.4984 	EXP 	text_2: height = np.float64(0.05)
148.4984 	EXP 	text_2: text = 'p_nc_l'
148.4984 	EXP 	text_2: autoDraw = True
148.4984 	EXP 	textbox: autoDraw = True
148.4984 	EXP 	text_3: autoDraw = True
148.7000 	DATA 	Mouse:  Left button up, pos=(596,153)
149.3495 	DATA 	Keypress: p
149.3503 	EXP 	Device response: <KeyPress from None: t=149.34242450003512, value=p, duration=None>
149.4330 	EXP 	Device response: <KeyPress from None: t=149.34242450003512, value=p, duration=0.07597200002055615>
149.9156 	DATA 	Keypress: e
149.9162 	EXP 	Device response: <KeyPress from None: t=149.91210790001787, value=e, duration=None>
149.9835 	EXP 	Device response: <KeyPress from None: t=149.91210790001787, value=e, duration=0.06864130008034408>
150.4022 	DATA 	Keypress: n
150.4154 	EXP 	Device response: <KeyPress from None: t=150.3996993000619, value=n, duration=None>
150.4826 	EXP 	Device response: <KeyPress from None: t=150.3996993000619, value=n, duration=0.07518149993848056>
150.7486 	DATA 	Keypress: c
150.7492 	EXP 	Device response: <KeyPress from None: t=150.73553030006588, value=c, duration=None>
150.7992 	EXP 	Device response: <KeyPress from None: t=150.73553030006588, value=c, duration=0.06180679996032268>
151.0819 	DATA 	Keypress: i
151.0829 	EXP 	Device response: <KeyPress from None: t=151.07139150006697, value=i, duration=None>
151.1655 	EXP 	Device response: <KeyPress from None: t=151.07139150006697, value=i, duration=0.07941200002096593>
151.2983 	DATA 	Keypress: l
151.2992 	EXP 	Device response: <KeyPress from None: t=151.290891700075, value=l, duration=None>
151.3655 	EXP 	Device response: <KeyPress from None: t=151.290891700075, value=l, duration=0.07007659994997084>
152.4167 	DATA 	Mouse: Left button down, pos=(596,153)
152.4182 	EXP 	New trial (rep=0, index=19): <Trial 19 (19 in rep 0) data={'test_word': 'K_y_', 'Reference': 'Keys', 'old_new': 'old', 'thisN': 19, 'thisTrialN': 19, 'thisRepN': 0}>
152.4318 	EXP 	text_2: autoDraw = False
152.4318 	EXP 	textbox: autoDraw = False
152.4318 	EXP 	text_3: autoDraw = False
152.4318 	EXP 	text_2: height = np.float64(0.05)
152.4318 	EXP 	text_2: height = np.float64(0.05)
152.4318 	EXP 	text_2: height = np.float64(0.05)
152.4318 	EXP 	text_2: text = 'K_y_'
152.4318 	EXP 	text_2: autoDraw = True
152.4318 	EXP 	textbox: autoDraw = True
152.4318 	EXP 	text_3: autoDraw = True
152.6507 	DATA 	Mouse:  Left button up, pos=(596,153)
153.5355 	DATA 	Keypress: k
153.5488 	EXP 	Device response: <KeyPress from None: t=153.53359760006424, value=k, duration=None>
153.6157 	EXP 	Device response: <KeyPress from None: t=153.53359760006424, value=k, duration=0.06980089994613081>
153.7164 	DATA 	Keypress: e
153.7172 	EXP 	Device response: <KeyPress from None: t=153.7067813000176, value=e, duration=None>
153.7993 	EXP 	Device response: <KeyPress from None: t=153.7067813000176, value=e, duration=0.08606970007531345>
154.2991 	DATA 	Keypress: y
154.3002 	EXP 	Device response: <KeyPress from None: t=154.29221880005207, value=y, duration=None>
154.3662 	EXP 	Device response: <KeyPress from None: t=154.29221880005207, value=y, duration=0.06758100003935397>
154.4497 	DATA 	Keypress: s
154.4512 	EXP 	Device response: <KeyPress from None: t=154.44742950005457, value=s, duration=None>
154.5515 	EXP 	Device response: <KeyPress from None: t=154.44742950005457, value=s, duration=0.09481409995350987>
155.3666 	DATA 	Mouse: Left button down, pos=(596,153)
155.3672 	EXP 	New trial (rep=1, index=0): <Trial 20 (0 in rep 1) data={'test_word': '_ha_t', 'Reference': 'Chart', 'old_new': 'old', 'thisN': 20, 'thisTrialN': 0, 'thisRepN': 1}>
155.3817 	EXP 	text_2: autoDraw = False
155.3817 	EXP 	textbox: autoDraw = False
155.3817 	EXP 	text_3: autoDraw = False
155.3817 	EXP 	text_2: height = np.float64(0.05)
155.3817 	EXP 	text_2: height = np.float64(0.05)
155.3817 	EXP 	text_2: height = np.float64(0.05)
155.3817 	EXP 	text_2: text = '_ha_t'
155.3817 	EXP 	text_2: autoDraw = True
155.3817 	EXP 	textbox: autoDraw = True
155.3817 	EXP 	text_3: autoDraw = True
155.5849 	DATA 	Mouse:  Left button up, pos=(596,153)
157.6669 	DATA 	Mouse: Left button down, pos=(596,153)
157.6675 	EXP 	New trial (rep=1, index=1): <Trial 21 (1 in rep 1) data={'test_word': 'v_s_', 'Reference': 'Vase', 'old_new': 'new', 'thisN': 21, 'thisTrialN': 1, 'thisRepN': 1}>
157.6814 	EXP 	text_2: autoDraw = False
157.6814 	EXP 	textbox: autoDraw = False
157.6814 	EXP 	text_3: autoDraw = False
157.6814 	EXP 	text_2: height = np.float64(0.05)
157.6814 	EXP 	text_2: height = np.float64(0.05)
157.6814 	EXP 	text_2: height = np.float64(0.05)
157.6814 	EXP 	text_2: text = 'v_s_'
157.6814 	EXP 	text_2: autoDraw = True
157.6814 	EXP 	textbox: autoDraw = True
157.6814 	EXP 	text_3: autoDraw = True
157.6987 	DATA 	Keypress: c
157.6995 	EXP 	Device response: <KeyPress from None: t=157.69460240006447, value=c, duration=None>
157.7651 	EXP 	Device response: <KeyPress from None: t=157.69460240006447, value=c, duration=0.055678099975921214>
157.8997 	DATA 	Mouse:  Left button up, pos=(596,153)
157.9648 	DATA 	Keypress: h
157.9655 	EXP 	Device response: <KeyPress from None: t=157.95759770006407, value=h, duration=None>
158.0321 	EXP 	Device response: <KeyPress from None: t=157.95759770006407, value=h, duration=0.0708763999864459>
158.0998 	DATA 	Keypress: a
158.1012 	EXP 	Device response: <KeyPress from None: t=158.0894730000291, value=a, duration=None>
158.2319 	EXP 	Device response: <KeyPress from None: t=158.0894730000291, value=a, duration=0.128079800051637>
158.3152 	DATA 	Keypress: r
158.3160 	EXP 	Device response: <KeyPress from None: t=158.31483150005806, value=r, duration=None>
158.4011 	EXP 	Device response: <KeyPress from None: t=158.31483150005806, value=r, duration=0.07300750003196299>
158.4825 	DATA 	Keypress: t
158.4831 	EXP 	Device response: <KeyPress from None: t=158.47069790004753, value=t, duration=None>
158.5658 	EXP 	Device response: <KeyPress from None: t=158.47069790004753, value=t, duration=0.09202370001003146>
160.5150 	DATA 	Keypress: backspace
160.5156 	EXP 	Device response: <KeyPress from None: t=160.50393800006714, value=backspace, duration=None>
160.5992 	EXP 	Device response: <KeyPress from None: t=160.50393800006714, value=backspace, duration=0.0838697999715805>
160.6814 	DATA 	Keypress: backspace
160.6820 	EXP 	Device response: <KeyPress from None: t=160.6787926000543, value=backspace, duration=None>
160.7817 	EXP 	Device response: <KeyPress from None: t=160.6787926000543, value=backspace, duration=0.0867823000298813>
160.8649 	DATA 	Keypress: backspace
160.8657 	EXP 	Device response: <KeyPress from None: t=160.85795360000338, value=backspace, duration=None>
160.9487 	EXP 	Device response: <KeyPress from None: t=160.85795360000338, value=backspace, duration=0.07978410006035119>
161.0503 	DATA 	Keypress: backspace
161.0651 	EXP 	Device response: <KeyPress from None: t=161.05009989999235, value=backspace, duration=None>
161.1487 	EXP 	Device response: <KeyPress from None: t=161.05009989999235, value=backspace, duration=0.0971085000783205>
161.4838 	DATA 	Keypress: backspace
161.4986 	EXP 	Device response: <KeyPress from None: t=161.4834229000844, value=backspace, duration=None>
161.5819 	EXP 	Device response: <KeyPress from None: t=161.4834229000844, value=backspace, duration=0.09297190001234412>
162.3329 	DATA 	Keypress: v
162.3341 	EXP 	Device response: <KeyPress from None: t=162.32778070005588, value=v, duration=None>
162.4164 	EXP 	Device response: <KeyPress from None: t=162.32778070005588, value=v, duration=0.07553469995036721>
162.4523 	DATA 	Keypress: a
162.4664 	EXP 	Device response: <KeyPress from None: t=162.45107499998994, value=a, duration=None>
162.5656 	EXP 	Device response: <KeyPress from None: t=162.45107499998994, value=a, duration=0.09996400005184114>
162.6824 	DATA 	Keypress: s
162.6831 	EXP 	Device response: <KeyPress from None: t=162.67656300007366, value=s, duration=None>
162.7831 	EXP 	Device response: <KeyPress from None: t=162.67656300007366, value=s, duration=0.09814619994722307>
162.8825 	DATA 	Keypress: e
162.8832 	EXP 	Device response: <KeyPress from None: t=162.87786480004434, value=e, duration=None>
162.9489 	EXP 	Device response: <KeyPress from None: t=162.87786480004434, value=e, duration=0.06893850001506507>
164.1337 	DATA 	Mouse: Left button down, pos=(596,153)
164.1346 	EXP 	New trial (rep=1, index=2): <Trial 22 (2 in rep 1) data={'test_word': 'bo_t_e', 'Reference': 'Bottle', 'old_new': 'new', 'thisN': 22, 'thisTrialN': 2, 'thisRepN': 1}>
164.1481 	EXP 	text_2: autoDraw = False
164.1481 	EXP 	textbox: autoDraw = False
164.1481 	EXP 	text_3: autoDraw = False
164.1481 	EXP 	text_2: height = np.float64(0.05)
164.1481 	EXP 	text_2: height = np.float64(0.05)
164.1481 	EXP 	text_2: height = np.float64(0.05)
164.1481 	EXP 	text_2: text = 'bo_t_e'
164.1481 	EXP 	text_2: autoDraw = True
164.1481 	EXP 	textbox: autoDraw = True
164.1481 	EXP 	text_3: autoDraw = True
164.3669 	DATA 	Mouse:  Left button up, pos=(596,153)
165.2319 	DATA 	Keypress: b
165.2328 	EXP 	Device response: <KeyPress from None: t=165.2278189000208, value=b, duration=None>
165.3155 	EXP 	Device response: <KeyPress from None: t=165.2278189000208, value=b, duration=0.07377859996631742>
165.6841 	DATA 	Keypress: o
165.6858 	EXP 	Device response: <KeyPress from None: t=165.6750928000547, value=o, duration=None>
165.7495 	EXP 	Device response: <KeyPress from None: t=165.6750928000547, value=o, duration=0.07244929997250438>
165.9658 	DATA 	Keypress: t
165.9672 	EXP 	Device response: <KeyPress from None: t=165.96400460007135, value=t, duration=None>
166.0494 	EXP 	Device response: <KeyPress from None: t=165.96400460007135, value=t, duration=0.0727816999424249>
166.1322 	DATA 	Keypress: t
166.1333 	EXP 	Device response: <KeyPress from None: t=166.12563150003552, value=t, duration=None>
166.1991 	EXP 	Device response: <KeyPress from None: t=166.12563150003552, value=t, duration=0.07070689997635782>
166.2826 	DATA 	Keypress: l
166.2832 	EXP 	Device response: <KeyPress from None: t=166.27258480002638, value=l, duration=None>
166.3484 	EXP 	Device response: <KeyPress from None: t=166.27258480002638, value=l, duration=0.07238959998358041>
166.4188 	DATA 	Keypress: e
166.4328 	EXP 	Device response: <KeyPress from None: t=166.41796520003118, value=e, duration=None>
166.5327 	EXP 	Device response: <KeyPress from None: t=166.41796520003118, value=e, duration=0.11169629998039454>
167.6499 	DATA 	Mouse: Left button down, pos=(596,153)
167.6508 	EXP 	New trial (rep=1, index=3): <Trial 23 (3 in rep 1) data={'test_word': 'l_pt_p', 'Reference': 'Laptop', 'old_new': 'old', 'thisN': 23, 'thisTrialN': 3, 'thisRepN': 1}>
167.6652 	EXP 	text_2: autoDraw = False
167.6652 	EXP 	textbox: autoDraw = False
167.6652 	EXP 	text_3: autoDraw = False
167.6652 	EXP 	text_2: height = np.float64(0.05)
167.6652 	EXP 	text_2: height = np.float64(0.05)
167.6652 	EXP 	text_2: height = np.float64(0.05)
167.6652 	EXP 	text_2: text = 'l_pt_p'
167.6652 	EXP 	text_2: autoDraw = True
167.6652 	EXP 	textbox: autoDraw = True
167.6652 	EXP 	text_3: autoDraw = True
167.8672 	DATA 	Mouse:  Left button up, pos=(596,153)
169.0984 	DATA 	Keypress: l
169.0991 	EXP 	Device response: <KeyPress from None: t=169.0928546000505, value=l, duration=None>
169.1655 	EXP 	Device response: <KeyPress from None: t=169.0928546000505, value=l, duration=0.06390730000566691>
169.2490 	DATA 	Keypress: a
169.2497 	EXP 	Device response: <KeyPress from None: t=169.24271720007528, value=a, duration=None>
169.3820 	EXP 	Device response: <KeyPress from None: t=169.24271720007528, value=a, duration=0.13352529995609075>
169.4482 	DATA 	Keypress: p
169.4489 	EXP 	Device response: <KeyPress from None: t=169.4441146000754, value=p, duration=None>
169.5314 	EXP 	Device response: <KeyPress from None: t=169.4441146000754, value=p, duration=0.07280929991975427>
169.8483 	DATA 	Keypress: t
169.8490 	EXP 	Device response: <KeyPress from None: t=169.84005009999964, value=t, duration=None>
169.9484 	EXP 	Device response: <KeyPress from None: t=169.84005009999964, value=t, duration=0.09791280003264546>
170.0169 	DATA 	Keypress: o
170.0325 	EXP 	Device response: <KeyPress from None: t=170.01673430006485, value=o, duration=None>
170.0827 	EXP 	Device response: <KeyPress from None: t=170.01673430006485, value=o, duration=0.06393529998604208>
170.1815 	DATA 	Keypress: p
170.1821 	EXP 	Device response: <KeyPress from None: t=170.169944900088, value=p, duration=None>
170.2652 	EXP 	Device response: <KeyPress from None: t=170.169944900088, value=p, duration=0.08247639995533973>
171.6001 	DATA 	Mouse: Left button down, pos=(596,153)
171.6010 	EXP 	New trial (rep=1, index=4): <Trial 24 (4 in rep 1) data={'test_word': 'p_nc_l', 'Reference': 'Pencil', 'old_new': 'new', 'thisN': 24, 'thisTrialN': 4, 'thisRepN': 1}>
171.6147 	EXP 	text_2: autoDraw = False
171.6147 	EXP 	textbox: autoDraw = False
171.6147 	EXP 	text_3: autoDraw = False
171.6147 	EXP 	text_2: height = np.float64(0.05)
171.6147 	EXP 	text_2: height = np.float64(0.05)
171.6147 	EXP 	text_2: height = np.float64(0.05)
171.6147 	EXP 	text_2: text = 'p_nc_l'
171.6147 	EXP 	text_2: autoDraw = True
171.6147 	EXP 	textbox: autoDraw = True
171.6147 	EXP 	text_3: autoDraw = True
171.8330 	DATA 	Mouse:  Left button up, pos=(596,153)
172.6651 	DATA 	Keypress: p
172.6659 	EXP 	Device response: <KeyPress from None: t=172.65814590000082, value=p, duration=None>
172.7653 	EXP 	Device response: <KeyPress from None: t=172.65814590000082, value=p, duration=0.09307180007454008>
172.8658 	DATA 	Keypress: e
172.8665 	EXP 	Device response: <KeyPress from None: t=172.86546600004658, value=e, duration=None>
172.9653 	EXP 	Device response: <KeyPress from None: t=172.86546600004658, value=e, duration=0.09326470002997667>
173.0342 	DATA 	Keypress: n
173.0487 	EXP 	Device response: <KeyPress from None: t=173.03351810004096, value=n, duration=None>
173.0984 	EXP 	Device response: <KeyPress from None: t=173.03351810004096, value=n, duration=0.06287110003177077>
173.2983 	DATA 	Keypress: c
173.2989 	EXP 	Device response: <KeyPress from None: t=173.29800070007332, value=c, duration=None>
173.4155 	EXP 	Device response: <KeyPress from None: t=173.29800070007332, value=c, duration=0.11425889993552119>
173.4995 	DATA 	Keypress: i
173.5146 	EXP 	Device response: <KeyPress from None: t=173.49825320008676, value=i, duration=None>
173.5657 	EXP 	Device response: <KeyPress from None: t=173.49825320008676, value=i, duration=0.06688970001414418>
173.6993 	DATA 	Keypress: l
173.7003 	EXP 	Device response: <KeyPress from None: t=173.69169910007622, value=l, duration=None>
173.7992 	EXP 	Device response: <KeyPress from None: t=173.69169910007622, value=l, duration=0.09709419996943325>
174.5510 	DATA 	Mouse: Left button down, pos=(596,153)
174.5517 	EXP 	New trial (rep=1, index=5): <Trial 25 (5 in rep 1) data={'test_word': '_a_bl_', 'Reference': 'Marble', 'old_new': 'old', 'thisN': 25, 'thisTrialN': 5, 'thisRepN': 1}>
174.5647 	EXP 	text_2: autoDraw = False
174.5647 	EXP 	textbox: autoDraw = False
174.5647 	EXP 	text_3: autoDraw = False
174.5647 	EXP 	text_2: height = np.float64(0.05)
174.5647 	EXP 	text_2: height = np.float64(0.05)
174.5647 	EXP 	text_2: height = np.float64(0.05)
174.5647 	EXP 	text_2: text = '_a_bl_'
174.5647 	EXP 	text_2: autoDraw = True
174.5647 	EXP 	textbox: autoDraw = True
174.5647 	EXP 	text_3: autoDraw = True
174.7671 	DATA 	Mouse:  Left button up, pos=(596,153)
177.3647 	DATA 	Keypress: t
177.3652 	EXP 	Device response: <KeyPress from None: t=177.3580162000144, value=t, duration=None>
177.4480 	EXP 	Device response: <KeyPress from None: t=177.3580162000144, value=t, duration=0.07402549998369068>
177.4987 	DATA 	Keypress: a
177.4995 	EXP 	Device response: <KeyPress from None: t=177.49228860007133, value=a, duration=None>
177.6484 	EXP 	Device response: <KeyPress from None: t=177.49228860007133, value=a, duration=0.1443050999660045>
177.7151 	DATA 	Keypress: b
177.7158 	EXP 	Device response: <KeyPress from None: t=177.71102330007125, value=b, duration=None>
177.7821 	EXP 	Device response: <KeyPress from None: t=177.71102330007125, value=b, duration=0.06304889998864383>
178.0656 	DATA 	Keypress: l
178.0669 	EXP 	Device response: <KeyPress from None: t=178.0516930000158, value=l, duration=None>
178.1484 	EXP 	Device response: <KeyPress from None: t=178.0516930000158, value=l, duration=0.0834819000447169>
178.1998 	DATA 	Keypress: e
178.2015 	EXP 	Device response: <KeyPress from None: t=178.1897164999973, value=e, duration=None>
178.2822 	EXP 	Device response: <KeyPress from None: t=178.1897164999973, value=e, duration=0.09072330000344664>
179.3826 	DATA 	Mouse: Left button down, pos=(596,153)
179.3832 	EXP 	New trial (rep=1, index=6): <Trial 26 (6 in rep 1) data={'test_word': '_ho_e', 'Reference': 'Phone', 'old_new': 'old', 'thisN': 26, 'thisTrialN': 6, 'thisRepN': 1}>
179.3979 	EXP 	text_2: autoDraw = False
179.3979 	EXP 	textbox: autoDraw = False
179.3979 	EXP 	text_3: autoDraw = False
179.3979 	EXP 	text_2: height = np.float64(0.05)
179.3979 	EXP 	text_2: height = np.float64(0.05)
179.3979 	EXP 	text_2: height = np.float64(0.05)
179.3979 	EXP 	text_2: text = '_ho_e'
179.3979 	EXP 	text_2: autoDraw = True
179.3979 	EXP 	textbox: autoDraw = True
179.3979 	EXP 	text_3: autoDraw = True
179.6009 	DATA 	Mouse:  Left button up, pos=(596,153)
181.1490 	DATA 	Keypress: h
181.1496 	EXP 	Device response: <KeyPress from None: t=181.1416312000947, value=h, duration=None>
181.2321 	EXP 	Device response: <KeyPress from None: t=181.1416312000947, value=h, duration=0.08323329989798367>
181.3816 	DATA 	Keypress: o
181.3824 	EXP 	Device response: <KeyPress from None: t=181.3694615000859, value=o, duration=None>
181.4661 	EXP 	Device response: <KeyPress from None: t=181.3694615000859, value=o, duration=0.0925831999629736>
181.5992 	DATA 	Keypress: u
181.5999 	EXP 	Device response: <KeyPress from None: t=181.59308930009138, value=u, duration=None>
181.6984 	EXP 	Device response: <KeyPress from None: t=181.59308930009138, value=u, duration=0.09254369989503175>
181.7485 	DATA 	Keypress: s
181.7497 	EXP 	Device response: <KeyPress from None: t=181.74024790001567, value=s, duration=None>
181.8488 	EXP 	Device response: <KeyPress from None: t=181.74024790001567, value=s, duration=0.10479730006773025>
181.9650 	DATA 	Keypress: e
181.9657 	EXP 	Device response: <KeyPress from None: t=181.95228219998535, value=e, duration=None>
182.0328 	EXP 	Device response: <KeyPress from None: t=181.95228219998535, value=e, duration=0.07841860002372414>
183.0345 	DATA 	Mouse: Left button down, pos=(596,153)
183.0350 	EXP 	New trial (rep=1, index=7): <Trial 27 (7 in rep 1) data={'test_word': '_oo_', 'Reference': 'Book', 'old_new': 'old', 'thisN': 27, 'thisTrialN': 7, 'thisRepN': 1}>
183.0481 	EXP 	text_2: autoDraw = False
183.0481 	EXP 	textbox: autoDraw = False
183.0481 	EXP 	text_3: autoDraw = False
183.0481 	EXP 	text_2: height = np.float64(0.05)
183.0481 	EXP 	text_2: height = np.float64(0.05)
183.0481 	EXP 	text_2: height = np.float64(0.05)
183.0481 	EXP 	text_2: text = '_oo_'
183.0481 	EXP 	text_2: autoDraw = True
183.0481 	EXP 	textbox: autoDraw = True
183.0481 	EXP 	text_3: autoDraw = True
183.2496 	DATA 	Mouse:  Left button up, pos=(596,153)
183.8828 	DATA 	Keypress: b
183.8837 	EXP 	Device response: <KeyPress from None: t=183.88241910003126, value=b, duration=None>
183.9650 	EXP 	Device response: <KeyPress from None: t=183.88241910003126, value=b, duration=0.07069990003947169>
184.2317 	DATA 	Keypress: o
184.2325 	EXP 	Device response: <KeyPress from None: t=184.23027570010163, value=o, duration=None>
184.3324 	EXP 	Device response: <KeyPress from None: t=184.23027570010163, value=o, duration=0.08926869998686016>
184.3981 	DATA 	Keypress: o
184.3987 	EXP 	Device response: <KeyPress from None: t=184.38620810001157, value=o, duration=None>
184.4824 	EXP 	Device response: <KeyPress from None: t=184.38620810001157, value=o, duration=0.09378380002453923>
184.5819 	DATA 	Keypress: k
184.5832 	EXP 	Device response: <KeyPress from None: t=184.58081610000227, value=k, duration=None>
184.6982 	EXP 	Device response: <KeyPress from None: t=184.58081610000227, value=k, duration=0.10403170005884022>
185.7834 	DATA 	Mouse: Left button down, pos=(596,153)
185.7840 	EXP 	New trial (rep=1, index=8): <Trial 28 (8 in rep 1) data={'test_word': 'P_as_tr_', 'Reference': 'Pastry', 'old_new': 'old', 'thisN': 28, 'thisTrialN': 8, 'thisRepN': 1}>
185.7977 	EXP 	text_2: autoDraw = False
185.7977 	EXP 	textbox: autoDraw = False
185.7977 	EXP 	text_3: autoDraw = False
185.7977 	EXP 	text_2: height = np.float64(0.05)
185.7977 	EXP 	text_2: height = np.float64(0.05)
185.7977 	EXP 	text_2: height = np.float64(0.05)
185.7977 	EXP 	text_2: text = 'P_as_tr_'
185.7977 	EXP 	text_2: autoDraw = True
185.7977 	EXP 	textbox: autoDraw = True
185.7977 	EXP 	text_3: autoDraw = True
186.0165 	DATA 	Mouse:  Left button up, pos=(596,153)
186.8315 	DATA 	Keypress: p
186.8321 	EXP 	Device response: <KeyPress from None: t=186.8254286000738, value=p, duration=None>
186.9314 	EXP 	Device response: <KeyPress from None: t=186.8254286000738, value=p, duration=0.09871819999534637>
186.9995 	DATA 	Keypress: a
187.0149 	EXP 	Device response: <KeyPress from None: t=186.9991439000005, value=a, duration=None>
187.1150 	EXP 	Device response: <KeyPress from None: t=186.9991439000005, value=a, duration=0.10822050005663186>
187.2148 	DATA 	Keypress: s
187.2157 	EXP 	Device response: <KeyPress from None: t=187.21248740004376, value=s, duration=None>
187.3651 	EXP 	Device response: <KeyPress from None: t=187.21248740004376, value=s, duration=0.13854860002174973>
187.3982 	DATA 	Keypress: t
187.3989 	EXP 	Device response: <KeyPress from None: t=187.39476240007207, value=t, duration=None>
187.4818 	EXP 	Device response: <KeyPress from None: t=187.39476240007207, value=t, duration=0.07461409992538393>
187.5991 	DATA 	Keypress: r
187.5999 	EXP 	Device response: <KeyPress from None: t=187.59750989999156, value=r, duration=None>
187.7149 	EXP 	Device response: <KeyPress from None: t=187.59750989999156, value=r, duration=0.10775870003271848>
187.7819 	DATA 	Keypress: y
187.7833 	EXP 	Device response: <KeyPress from None: t=187.77688750007655, value=y, duration=None>
187.8494 	EXP 	Device response: <KeyPress from None: t=187.77688750007655, value=y, duration=0.06649019999895245>
188.9018 	DATA 	Mouse: Left button down, pos=(596,153)
188.9024 	EXP 	New trial (rep=1, index=9): <Trial 29 (9 in rep 1) data={'test_word': 'P_li_e', 'Reference': 'Police', 'old_new': 'old', 'thisN': 29, 'thisTrialN': 9, 'thisRepN': 1}>
188.9153 	EXP 	text_2: autoDraw = False
188.9153 	EXP 	textbox: autoDraw = False
188.9153 	EXP 	text_3: autoDraw = False
188.9153 	EXP 	text_2: height = np.float64(0.05)
188.9153 	EXP 	text_2: height = np.float64(0.05)
188.9153 	EXP 	text_2: height = np.float64(0.05)
188.9153 	EXP 	text_2: text = 'P_li_e'
188.9153 	EXP 	text_2: autoDraw = True
188.9153 	EXP 	textbox: autoDraw = True
188.9153 	EXP 	text_3: autoDraw = True
189.1169 	DATA 	Mouse:  Left button up, pos=(596,153)
189.8506 	DATA 	Keypress: p
189.8645 	EXP 	Device response: <KeyPress from None: t=189.8489835000364, value=p, duration=None>
189.8997 	EXP 	Device response: <KeyPress from None: t=189.8489835000364, value=p, duration=0.04437440005131066>
190.0673 	DATA 	Keypress: o
190.0823 	EXP 	Device response: <KeyPress from None: t=190.0662821000442, value=o, duration=None>
190.1648 	EXP 	Device response: <KeyPress from None: t=190.0662821000442, value=o, duration=0.08415410004090518>
190.2985 	DATA 	Keypress: l
190.2990 	EXP 	Device response: <KeyPress from None: t=190.28976040007547, value=l, duration=None>
190.3658 	EXP 	Device response: <KeyPress from None: t=190.28976040007547, value=l, duration=0.07128939998801798>
190.5146 	DATA 	Keypress: i
190.5153 	EXP 	Device response: <KeyPress from None: t=190.50541500002146, value=i, duration=None>
190.5985 	EXP 	Device response: <KeyPress from None: t=190.50541500002146, value=i, duration=0.07697419996839017>
190.6994 	DATA 	Keypress: c
190.7001 	EXP 	Device response: <KeyPress from None: t=190.6977691000793, value=c, duration=None>
190.7982 	EXP 	Device response: <KeyPress from None: t=190.6977691000793, value=c, duration=0.09497029997874051>
190.9160 	DATA 	Keypress: e
190.9170 	EXP 	Device response: <KeyPress from None: t=190.90680009999778, value=e, duration=None>
190.9993 	EXP 	Device response: <KeyPress from None: t=190.90680009999778, value=e, duration=0.07770040002651513>
191.8159 	DATA 	Mouse: Left button down, pos=(596,153)
191.8169 	EXP 	New trial (rep=1, index=10): <Trial 30 (10 in rep 1) data={'test_word': '_o_rd', 'Reference': 'Board', 'old_new': 'old', 'thisN': 30, 'thisTrialN': 10, 'thisRepN': 1}>
191.8314 	EXP 	text_2: autoDraw = False
191.8314 	EXP 	textbox: autoDraw = False
191.8314 	EXP 	text_3: autoDraw = False
191.8314 	EXP 	text_2: height = np.float64(0.05)
191.8314 	EXP 	text_2: height = np.float64(0.05)
191.8314 	EXP 	text_2: height = np.float64(0.05)
191.8314 	EXP 	text_2: text = '_o_rd'
191.8314 	EXP 	text_2: autoDraw = True
191.8314 	EXP 	textbox: autoDraw = True
191.8314 	EXP 	text_3: autoDraw = True
192.0352 	DATA 	Mouse:  Left button up, pos=(596,153)
192.6336 	DATA 	Keypress: w
192.6479 	EXP 	Device response: <KeyPress from None: t=192.63329110003542, value=w, duration=None>
192.7484 	EXP 	Device response: <KeyPress from None: t=192.63329110003542, value=w, duration=0.11126030003651977>
192.7983 	DATA 	Keypress: o
192.7992 	EXP 	Device response: <KeyPress from None: t=192.79339510004502, value=o, duration=None>
192.8663 	EXP 	Device response: <KeyPress from None: t=192.79339510004502, value=o, duration=0.07185659999959171>
192.9647 	DATA 	Keypress: r
192.9655 	EXP 	Device response: <KeyPress from None: t=192.96120630006772, value=r, duration=None>
193.0656 	EXP 	Device response: <KeyPress from None: t=192.96120630006772, value=r, duration=0.09437259996775538>
193.1811 	DATA 	Keypress: d
193.1816 	EXP 	Device response: <KeyPress from None: t=193.17675790004432, value=d, duration=None>
193.2660 	EXP 	Device response: <KeyPress from None: t=193.17675790004432, value=d, duration=0.08317170001100749>
194.1659 	DATA 	Mouse: Left button down, pos=(596,153)
194.1672 	EXP 	New trial (rep=1, index=11): <Trial 31 (11 in rep 1) data={'test_word': 'T_hi_t', 'Reference': 'Tshirt', 'old_new': 'old', 'thisN': 31, 'thisTrialN': 11, 'thisRepN': 1}>
194.1811 	EXP 	text_2: autoDraw = False
194.1811 	EXP 	textbox: autoDraw = False
194.1811 	EXP 	text_3: autoDraw = False
194.1811 	EXP 	text_2: height = np.float64(0.05)
194.1811 	EXP 	text_2: height = np.float64(0.05)
194.1811 	EXP 	text_2: height = np.float64(0.05)
194.1811 	EXP 	text_2: text = 'T_hi_t'
194.1811 	EXP 	text_2: autoDraw = True
194.1811 	EXP 	textbox: autoDraw = True
194.1811 	EXP 	text_3: autoDraw = True
194.3856 	DATA 	Mouse:  Left button up, pos=(596,153)
195.5479 	DATA 	Keypress: t
195.5485 	EXP 	Device response: <KeyPress from None: t=195.5420006000204, value=t, duration=None>
195.6313 	EXP 	Device response: <KeyPress from None: t=195.5420006000204, value=t, duration=0.0778601000783965>
195.7146 	DATA 	Keypress: s
195.7154 	EXP 	Device response: <KeyPress from None: t=195.71044160006568, value=s, duration=None>
195.8312 	DATA 	Keypress: h
195.8319 	EXP 	Device response: <KeyPress from None: t=195.82434819999617, value=h, duration=None>
195.8482 	EXP 	Device response: <KeyPress from None: t=195.71044160006568, value=s, duration=0.12606959999538958>
195.9145 	EXP 	Device response: <KeyPress from None: t=195.82434819999617, value=h, duration=0.0736710000783205>
196.0318 	DATA 	Keypress: i
196.0325 	EXP 	Device response: <KeyPress from None: t=196.0316094000591, value=i, duration=None>
196.1314 	EXP 	Device response: <KeyPress from None: t=196.0316094000591, value=i, duration=0.08388749998994172>
196.1330 	DATA 	Keypress: r
196.1481 	EXP 	Device response: <KeyPress from None: t=196.1326930000214, value=r, duration=None>
196.2323 	EXP 	Device response: <KeyPress from None: t=196.1326930000214, value=r, duration=0.092119500041008>
196.3488 	DATA 	Keypress: t
196.3503 	EXP 	Device response: <KeyPress from None: t=196.3371949000284, value=t, duration=None>
196.3982 	EXP 	Device response: <KeyPress from None: t=196.3371949000284, value=t, duration=0.054489500005729496>
197.1828 	DATA 	Mouse: Left button down, pos=(596,153)
197.1835 	EXP 	New trial (rep=1, index=12): <Trial 32 (12 in rep 1) data={'test_word': 'c_m_ra', 'Reference': 'Camera', 'old_new': 'new', 'thisN': 32, 'thisTrialN': 12, 'thisRepN': 1}>
197.1977 	EXP 	text_2: autoDraw = False
197.1977 	EXP 	textbox: autoDraw = False
197.1977 	EXP 	text_3: autoDraw = False
197.1977 	EXP 	text_2: height = np.float64(0.05)
197.1977 	EXP 	text_2: height = np.float64(0.05)
197.1977 	EXP 	text_2: height = np.float64(0.05)
197.1977 	EXP 	text_2: text = 'c_m_ra'
197.1977 	EXP 	text_2: autoDraw = True
197.1977 	EXP 	textbox: autoDraw = True
197.1977 	EXP 	text_3: autoDraw = True
197.3992 	DATA 	Mouse:  Left button up, pos=(596,153)
198.1984 	DATA 	Keypress: c
198.1993 	EXP 	Device response: <KeyPress from None: t=198.19407490000594, value=c, duration=None>
198.2822 	EXP 	Device response: <KeyPress from None: t=198.19407490000594, value=c, duration=0.07190189999528229>
198.3647 	DATA 	Keypress: a
198.3656 	EXP 	Device response: <KeyPress from None: t=198.36440419999417, value=a, duration=None>
198.4996 	EXP 	Device response: <KeyPress from None: t=198.36440419999417, value=a, duration=0.12334730010479689>
198.7146 	DATA 	Keypress: e
198.7153 	EXP 	Device response: <KeyPress from None: t=198.7140637000557, value=e, duration=None>
198.8314 	EXP 	Device response: <KeyPress from None: t=198.7140637000557, value=e, duration=0.11418589996173978>
199.4148 	DATA 	Keypress: backspace
199.4155 	EXP 	Device response: <KeyPress from None: t=199.40383800002746, value=backspace, duration=None>
199.4987 	EXP 	Device response: <KeyPress from None: t=199.40383800002746, value=backspace, duration=0.08425920002628118>
199.9826 	DATA 	Keypress: m
199.9834 	EXP 	Device response: <KeyPress from None: t=199.98105990001932, value=m, duration=None>
200.0487 	EXP 	Device response: <KeyPress from None: t=199.98105990001932, value=m, duration=0.06186200003139675>
200.1478 	DATA 	Keypress: e
200.1484 	EXP 	Device response: <KeyPress from None: t=200.13572180003393, value=e, duration=None>
200.2326 	EXP 	Device response: <KeyPress from None: t=200.13572180003393, value=e, duration=0.0840777000412345>
200.3313 	DATA 	Keypress: r
200.3320 	EXP 	Device response: <KeyPress from None: t=200.32376440009102, value=r, duration=None>
200.4148 	EXP 	Device response: <KeyPress from None: t=200.32376440009102, value=r, duration=0.07532349997200072>
200.5821 	DATA 	Keypress: a
200.5834 	EXP 	Device response: <KeyPress from None: t=200.57603610004298, value=a, duration=None>
200.7146 	EXP 	Device response: <KeyPress from None: t=200.57603610004298, value=a, duration=0.13571369997225702>
201.8159 	DATA 	Mouse: Left button down, pos=(596,153)
201.8167 	EXP 	New trial (rep=1, index=13): <Trial 33 (13 in rep 1) data={'test_word': '_ou_se', 'Reference': 'mouse', 'old_new': 'old', 'thisN': 33, 'thisTrialN': 13, 'thisRepN': 1}>
201.8315 	EXP 	text_2: autoDraw = False
201.8315 	EXP 	textbox: autoDraw = False
201.8315 	EXP 	text_3: autoDraw = False
201.8315 	EXP 	text_2: height = np.float64(0.05)
201.8315 	EXP 	text_2: height = np.float64(0.05)
201.8315 	EXP 	text_2: height = np.float64(0.05)
201.8315 	EXP 	text_2: text = '_ou_se'
201.8315 	EXP 	text_2: autoDraw = True
201.8315 	EXP 	textbox: autoDraw = True
201.8315 	EXP 	text_3: autoDraw = True
202.0385 	DATA 	Mouse:  Left button up, pos=(596,153)
202.8320 	DATA 	Keypress: m
202.8332 	EXP 	Device response: <KeyPress from None: t=202.831688700011, value=m, duration=None>
202.9151 	EXP 	Device response: <KeyPress from None: t=202.831688700011, value=m, duration=0.07817450002767146>
203.1187 	DATA 	Keypress: o
203.1315 	EXP 	Device response: <KeyPress from None: t=203.11845280008856, value=o, duration=None>
203.2146 	EXP 	Device response: <KeyPress from None: t=203.11845280008856, value=o, duration=0.08218589995522052>
203.3482 	DATA 	Keypress: u
203.3494 	EXP 	Device response: <KeyPress from None: t=203.3454742000904, value=u, duration=None>
203.4312 	EXP 	Device response: <KeyPress from None: t=203.3454742000904, value=u, duration=0.0818473999388516>
203.4656 	DATA 	Keypress: s
203.4667 	EXP 	Device response: <KeyPress from None: t=203.46393800002988, value=s, duration=None>
203.5811 	EXP 	Device response: <KeyPress from None: t=203.46393800002988, value=s, duration=0.10642650001682341>
203.6815 	DATA 	Keypress: e
203.6827 	EXP 	Device response: <KeyPress from None: t=203.66926380002405, value=e, duration=None>
203.7484 	EXP 	Device response: <KeyPress from None: t=203.66926380002405, value=e, duration=0.07824110006913543>
204.7509 	DATA 	Mouse: Left button down, pos=(596,153)
204.7515 	EXP 	New trial (rep=1, index=14): <Trial 34 (14 in rep 1) data={'test_word': 'c_s_io_', 'Reference': 'Cushion', 'old_new': 'new', 'thisN': 34, 'thisTrialN': 14, 'thisRepN': 1}>
204.7642 	EXP 	text_2: autoDraw = False
204.7642 	EXP 	textbox: autoDraw = False
204.7642 	EXP 	text_3: autoDraw = False
204.7642 	EXP 	text_2: height = np.float64(0.05)
204.7642 	EXP 	text_2: height = np.float64(0.05)
204.7642 	EXP 	text_2: height = np.float64(0.05)
204.7642 	EXP 	text_2: text = 'c_s_io_'
204.7642 	EXP 	text_2: autoDraw = True
204.7642 	EXP 	textbox: autoDraw = True
204.7642 	EXP 	text_3: autoDraw = True
204.9727 	DATA 	Mouse:  Left button up, pos=(596,153)
205.7645 	DATA 	Keypress: c
205.7650 	EXP 	Device response: <KeyPress from None: t=205.75084750005044, value=c, duration=None>
205.8489 	EXP 	Device response: <KeyPress from None: t=205.75084750005044, value=c, duration=0.08930779993534088>
206.2814 	DATA 	Keypress: u
206.2821 	EXP 	Device response: <KeyPress from None: t=206.27719470008742, value=u, duration=None>
206.3816 	EXP 	Device response: <KeyPress from None: t=206.27719470008742, value=u, duration=0.08803619991522282>
206.4645 	DATA 	Keypress: s
206.4652 	EXP 	Device response: <KeyPress from None: t=206.46246910002083, value=s, duration=None>
206.5983 	EXP 	Device response: <KeyPress from None: t=206.46246910002083, value=s, duration=0.13245020003523678>
206.6144 	DATA 	Keypress: h
206.6149 	EXP 	Device response: <KeyPress from None: t=206.60207450005691, value=h, duration=None>
206.6812 	EXP 	Device response: <KeyPress from None: t=206.60207450005691, value=h, duration=0.062454800005070865>
206.8478 	DATA 	Keypress: i
206.8483 	EXP 	Device response: <KeyPress from None: t=206.83671020006295, value=i, duration=None>
206.9154 	EXP 	Device response: <KeyPress from None: t=206.83671020006295, value=i, duration=0.07581900001969188>
207.0315 	DATA 	Keypress: o
207.0324 	EXP 	Device response: <KeyPress from None: t=207.0238991000224, value=o, duration=None>
207.1161 	EXP 	Device response: <KeyPress from None: t=207.0238991000224, value=o, duration=0.08392190001904964>
207.2486 	DATA 	Keypress: n
207.2500 	EXP 	Device response: <KeyPress from None: t=207.2446154000936, value=n, duration=None>
207.3316 	EXP 	Device response: <KeyPress from None: t=207.2446154000936, value=n, duration=0.07543909992091358>
208.1344 	DATA 	Mouse: Left button down, pos=(596,153)
208.1350 	EXP 	New trial (rep=1, index=15): <Trial 35 (15 in rep 1) data={'test_word': 'P_st_r', 'Reference': 'Poster', 'old_new': 'old', 'thisN': 35, 'thisTrialN': 15, 'thisRepN': 1}>
208.1489 	EXP 	text_2: autoDraw = False
208.1489 	EXP 	textbox: autoDraw = False
208.1489 	EXP 	text_3: autoDraw = False
208.1489 	EXP 	text_2: height = np.float64(0.05)
208.1489 	EXP 	text_2: height = np.float64(0.05)
208.1489 	EXP 	text_2: height = np.float64(0.05)
208.1489 	EXP 	text_2: text = 'P_st_r'
208.1489 	EXP 	text_2: autoDraw = True
208.1489 	EXP 	textbox: autoDraw = True
208.1489 	EXP 	text_3: autoDraw = True
208.3356 	DATA 	Mouse:  Left button up, pos=(596,153)
209.1004 	DATA 	Keypress: p
209.1149 	EXP 	Device response: <KeyPress from None: t=209.09853300009854, value=p, duration=None>
209.1986 	EXP 	Device response: <KeyPress from None: t=209.09853300009854, value=p, duration=0.09623939997982234>
209.2811 	DATA 	Keypress: a
209.2820 	EXP 	Device response: <KeyPress from None: t=209.2732021000702, value=a, duration=None>
209.4147 	EXP 	Device response: <KeyPress from None: t=209.2732021000702, value=a, duration=0.1298997999401763>
209.4821 	DATA 	Keypress: s
209.4831 	EXP 	Device response: <KeyPress from None: t=209.4774093000451, value=s, duration=None>
209.6146 	EXP 	Device response: <KeyPress from None: t=209.4774093000451, value=s, duration=0.12371459999121726>
209.6481 	DATA 	Keypress: t
209.6487 	EXP 	Device response: <KeyPress from None: t=209.64596700004768, value=t, duration=None>
209.7487 	EXP 	Device response: <KeyPress from None: t=209.64596700004768, value=t, duration=0.0879354999633506>
209.8479 	DATA 	Keypress: r
209.8487 	EXP 	Device response: <KeyPress from None: t=209.84662510000635, value=r, duration=None>
209.9328 	EXP 	Device response: <KeyPress from None: t=209.84662510000635, value=r, duration=0.080639100051485>
210.0645 	DATA 	Keypress: y
210.0653 	EXP 	Device response: <KeyPress from None: t=210.04975450003985, value=y, duration=None>
210.1313 	EXP 	Device response: <KeyPress from None: t=210.04975450003985, value=y, duration=0.07071170001290739>
211.6921 	DATA 	Mouse: Left button down, pos=(595,162)
211.6936 	EXP 	New trial (rep=1, index=16): <Trial 36 (16 in rep 1) data={'test_word': 'K_y_', 'Reference': 'Keys', 'old_new': 'old', 'thisN': 36, 'thisTrialN': 16, 'thisRepN': 1}>
211.7074 	EXP 	text_2: autoDraw = False
211.7074 	EXP 	textbox: autoDraw = False
211.7074 	EXP 	text_3: autoDraw = False
211.7074 	EXP 	text_2: height = np.float64(0.05)
211.7074 	EXP 	text_2: height = np.float64(0.05)
211.7074 	EXP 	text_2: height = np.float64(0.05)
211.7074 	EXP 	text_2: text = 'K_y_'
211.7074 	EXP 	text_2: autoDraw = True
211.7074 	EXP 	textbox: autoDraw = True
211.7074 	EXP 	text_3: autoDraw = True
211.9075 	DATA 	Mouse:  Left button up, pos=(595,162)
212.6251 	DATA 	Keypress: k
212.6397 	EXP 	Device response: <KeyPress from None: t=212.62491340003908, value=k, duration=None>
212.7061 	EXP 	Device response: <KeyPress from None: t=212.62491340003908, value=k, duration=0.07319090003147721>
212.8595 	DATA 	Keypress: e
212.8734 	EXP 	Device response: <KeyPress from None: t=212.85690440004691, value=e, duration=None>
212.9563 	EXP 	Device response: <KeyPress from None: t=212.85690440004691, value=e, duration=0.08581790002062917>
213.0399 	DATA 	Keypress: t
213.0411 	EXP 	Device response: <KeyPress from None: t=213.02984990004916, value=t, duration=None>
213.0909 	EXP 	Device response: <KeyPress from None: t=213.02984990004916, value=t, duration=0.058901899959892035>
213.2077 	DATA 	Keypress: s
213.2226 	EXP 	Device response: <KeyPress from None: t=213.20670590002555, value=s, duration=None>
213.2908 	EXP 	Device response: <KeyPress from None: t=213.20670590002555, value=s, duration=0.07792730000801384>
213.5563 	DATA 	Keypress: backspace
213.5570 	EXP 	Device response: <KeyPress from None: t=213.54507910006214, value=backspace, duration=None>
213.6576 	EXP 	Device response: <KeyPress from None: t=213.54507910006214, value=backspace, duration=0.10032969992607832>
213.7231 	DATA 	Keypress: backspace
213.7238 	EXP 	Device response: <KeyPress from None: t=213.7121372000547, value=backspace, duration=None>
213.8073 	EXP 	Device response: <KeyPress from None: t=213.7121372000547, value=backspace, duration=0.09447380003985018>
214.6407 	DATA 	Keypress: y
214.6560 	EXP 	Device response: <KeyPress from None: t=214.63977210002486, value=y, duration=None>
214.7235 	EXP 	Device response: <KeyPress from None: t=214.63977210002486, value=y, duration=0.07145479996688664>
214.8083 	DATA 	Keypress: s
214.8228 	EXP 	Device response: <KeyPress from None: t=214.8068854000885, value=s, duration=None>
214.8902 	EXP 	Device response: <KeyPress from None: t=214.8068854000885, value=s, duration=0.07028019998688251>
216.0775 	DATA 	Mouse: Left button down, pos=(595,162)
216.0898 	EXP 	New trial (rep=1, index=17): <Trial 37 (17 in rep 1) data={'test_word': 'ta_l_', 'Reference': 'Table', 'old_new': 'new', 'thisN': 37, 'thisTrialN': 17, 'thisRepN': 1}>
216.1056 	EXP 	text_2: autoDraw = False
216.1056 	EXP 	textbox: autoDraw = False
216.1056 	EXP 	text_3: autoDraw = False
216.1056 	EXP 	text_2: height = np.float64(0.05)
216.1056 	EXP 	text_2: height = np.float64(0.05)
216.1056 	EXP 	text_2: height = np.float64(0.05)
216.1056 	EXP 	text_2: text = 'ta_l_'
216.1056 	EXP 	text_2: autoDraw = True
216.1056 	EXP 	textbox: autoDraw = True
216.1056 	EXP 	text_3: autoDraw = True
216.3074 	DATA 	Mouse:  Left button up, pos=(595,162)
217.3268 	DATA 	Keypress: t
217.3397 	EXP 	Device response: <KeyPress from None: t=217.32530420005787, value=t, duration=None>
217.4061 	EXP 	Device response: <KeyPress from None: t=217.32530420005787, value=t, duration=0.07152150000911206>
217.6080 	DATA 	Keypress: a
217.6230 	EXP 	Device response: <KeyPress from None: t=217.60783320001792, value=a, duration=None>
217.7569 	EXP 	Device response: <KeyPress from None: t=217.60783320001792, value=a, duration=0.1480175000615418>
217.7900 	DATA 	Keypress: b
217.7906 	EXP 	Device response: <KeyPress from None: t=217.7883109000977, value=b, duration=None>
217.8745 	EXP 	Device response: <KeyPress from None: t=217.7883109000977, value=b, duration=0.07298419997096062>
217.9898 	DATA 	Keypress: e
217.9905 	EXP 	Device response: <KeyPress from None: t=217.98255469999276, value=e, duration=None>
218.0905 	EXP 	Device response: <KeyPress from None: t=217.98255469999276, value=e, duration=0.1032710000872612>
218.1729 	DATA 	Keypress: l
218.1735 	EXP 	Device response: <KeyPress from None: t=218.16102450003382, value=l, duration=None>
218.2397 	EXP 	Device response: <KeyPress from None: t=218.16102450003382, value=l, duration=0.06634620006661862>
218.9743 	DATA 	Keypress: backspace
218.9755 	EXP 	Device response: <KeyPress from None: t=218.9709008000791, value=backspace, duration=None>
219.0731 	EXP 	Device response: <KeyPress from None: t=218.9709008000791, value=backspace, duration=0.09646089992020279>
219.6061 	DATA 	Keypress: backspace
219.6067 	EXP 	Device response: <KeyPress from None: t=219.59583920007572, value=backspace, duration=None>
219.7066 	EXP 	Device response: <KeyPress from None: t=219.59583920007572, value=backspace, duration=0.1090436999220401>
220.1734 	DATA 	Keypress: l
220.1741 	EXP 	Device response: <KeyPress from None: t=220.16442799998913, value=l, duration=None>
220.2233 	EXP 	Device response: <KeyPress from None: t=220.16442799998913, value=l, duration=0.053606800036504865>
220.3074 	DATA 	Keypress: e
220.3092 	EXP 	Device response: <KeyPress from None: t=220.3010708000511, value=e, duration=None>
220.3895 	EXP 	Device response: <KeyPress from None: t=220.3010708000511, value=e, duration=0.08533999999053776>
221.4751 	DATA 	Mouse: Left button down, pos=(595,162)
221.4757 	EXP 	New trial (rep=1, index=18): <Trial 38 (18 in rep 1) data={'test_word': 'c_s_', 'Reference': 'Case', 'old_new': 'old', 'thisN': 38, 'thisTrialN': 18, 'thisRepN': 1}>
221.4891 	EXP 	text_2: autoDraw = False
221.4891 	EXP 	textbox: autoDraw = False
221.4891 	EXP 	text_3: autoDraw = False
221.4891 	EXP 	text_2: height = np.float64(0.05)
221.4891 	EXP 	text_2: height = np.float64(0.05)
221.4891 	EXP 	text_2: height = np.float64(0.05)
221.4891 	EXP 	text_2: text = 'c_s_'
221.4891 	EXP 	text_2: autoDraw = True
221.4891 	EXP 	textbox: autoDraw = True
221.4891 	EXP 	text_3: autoDraw = True
221.7078 	DATA 	Mouse:  Left button up, pos=(595,162)
222.4919 	DATA 	Keypress: c
222.5070 	EXP 	Device response: <KeyPress from None: t=222.49004070006777, value=c, duration=None>
222.5562 	EXP 	Device response: <KeyPress from None: t=222.49004070006777, value=c, duration=0.06044369994197041>
222.7226 	DATA 	Keypress: a
222.7233 	EXP 	Device response: <KeyPress from None: t=222.71760239999276, value=a, duration=None>
222.8735 	EXP 	Device response: <KeyPress from None: t=222.71760239999276, value=a, duration=0.14281089999713004>
222.9903 	DATA 	Keypress: s
222.9909 	EXP 	Device response: <KeyPress from None: t=222.98868599999696, value=s, duration=None>
223.1066 	EXP 	Device response: <KeyPress from None: t=222.98868599999696, value=s, duration=0.11245090002194047>
223.2059 	DATA 	Keypress: e
223.2064 	EXP 	Device response: <KeyPress from None: t=223.2002684000181, value=e, duration=None>
223.2903 	EXP 	Device response: <KeyPress from None: t=223.2002684000181, value=e, duration=0.08322020003106445>
224.3906 	DATA 	Mouse: Left button down, pos=(595,162)
224.3912 	EXP 	New trial (rep=1, index=19): <Trial 39 (19 in rep 1) data={'test_word': '_ru_is_', 'Reference': 'Cruise', 'old_new': 'old', 'thisN': 39, 'thisTrialN': 19, 'thisRepN': 1}>
224.4060 	EXP 	text_2: autoDraw = False
224.4060 	EXP 	textbox: autoDraw = False
224.4060 	EXP 	text_3: autoDraw = False
224.4060 	EXP 	text_2: height = np.float64(0.05)
224.4060 	EXP 	text_2: height = np.float64(0.05)
224.4060 	EXP 	text_2: height = np.float64(0.05)
224.4060 	EXP 	text_2: text = '_ru_is_'
224.4060 	EXP 	text_2: autoDraw = True
224.4060 	EXP 	textbox: autoDraw = True
224.4060 	EXP 	text_3: autoDraw = True
224.6166 	DATA 	Mouse:  Left button up, pos=(595,162)
225.8729 	DATA 	Keypress: c
225.8740 	EXP 	Device response: <KeyPress from None: t=225.8667989000678, value=c, duration=None>
225.9395 	EXP 	Device response: <KeyPress from None: t=225.8667989000678, value=c, duration=0.06294999993406236>
226.1059 	DATA 	Keypress: r
226.1065 	EXP 	Device response: <KeyPress from None: t=226.10080590005964, value=r, duration=None>
226.2075 	EXP 	Device response: <KeyPress from None: t=226.10080590005964, value=r, duration=0.10130450001452118>
226.3587 	DATA 	Keypress: u
226.3732 	EXP 	Device response: <KeyPress from None: t=226.35677230008878, value=u, duration=None>
226.4419 	EXP 	Device response: <KeyPress from None: t=226.35677230008878, value=u, duration=0.07300549990031868>
226.5395 	DATA 	Keypress: i
226.5403 	EXP 	Device response: <KeyPress from None: t=226.5255293000955, value=i, duration=None>
226.6245 	EXP 	Device response: <KeyPress from None: t=226.5255293000955, value=i, duration=0.08465609990525991>
226.6288 	DATA 	Keypress: s
226.6403 	EXP 	Device response: <KeyPress from None: t=226.6283637000015, value=s, duration=None>
226.7402 	EXP 	Device response: <KeyPress from None: t=226.6283637000015, value=s, duration=0.10974910005461425>
226.8561 	DATA 	Keypress: e
226.8568 	EXP 	Device response: <KeyPress from None: t=226.8417992000468, value=e, duration=None>
226.9234 	EXP 	Device response: <KeyPress from None: t=226.8417992000468, value=e, duration=0.07879319996573031>
228.0586 	DATA 	Mouse: Left button down, pos=(595,162)
228.0600 	EXP 	New trial (rep=2, index=0): <Trial 40 (0 in rep 2) data={'test_word': '_oo_', 'Reference': 'Book', 'old_new': 'old', 'thisN': 40, 'thisTrialN': 0, 'thisRepN': 2}>
228.0739 	EXP 	text_2: autoDraw = False
228.0739 	EXP 	textbox: autoDraw = False
228.0739 	EXP 	text_3: autoDraw = False
228.0739 	EXP 	text_2: height = np.float64(0.05)
228.0739 	EXP 	text_2: height = np.float64(0.05)
228.0739 	EXP 	text_2: height = np.float64(0.05)
228.0739 	EXP 	text_2: text = '_oo_'
228.0739 	EXP 	text_2: autoDraw = True
228.0739 	EXP 	textbox: autoDraw = True
228.0739 	EXP 	text_3: autoDraw = True
228.2747 	DATA 	Mouse:  Left button up, pos=(595,162)
229.1414 	DATA 	Keypress: b
229.1424 	EXP 	Device response: <KeyPress from None: t=229.13561730005313, value=b, duration=None>
229.2249 	EXP 	Device response: <KeyPress from None: t=229.13561730005313, value=b, duration=0.07983369997236878>
229.3898 	DATA 	Keypress: o
229.3904 	EXP 	Device response: <KeyPress from None: t=229.3865990000777, value=o, duration=None>
229.4573 	EXP 	Device response: <KeyPress from None: t=229.3865990000777, value=o, duration=0.0586076999315992>
229.5238 	DATA 	Keypress: o
229.5243 	EXP 	Device response: <KeyPress from None: t=229.52090660005342, value=o, duration=None>
229.5897 	EXP 	Device response: <KeyPress from None: t=229.52090660005342, value=o, duration=0.06796839996241033>
229.6925 	DATA 	Keypress: k
229.7066 	EXP 	Device response: <KeyPress from None: t=229.69012879999354, value=k, duration=None>
229.7730 	EXP 	Device response: <KeyPress from None: t=229.69012879999354, value=k, duration=0.07868170004803687>
230.9598 	DATA 	Mouse: Left button down, pos=(595,162)
230.9614 	EXP 	New trial (rep=2, index=1): <Trial 41 (1 in rep 2) data={'test_word': 'c_s_io_', 'Reference': 'Cushion', 'old_new': 'new', 'thisN': 41, 'thisTrialN': 1, 'thisRepN': 2}>
230.9887 	EXP 	text_2: autoDraw = False
230.9887 	EXP 	textbox: autoDraw = False
230.9887 	EXP 	text_3: autoDraw = False
230.9887 	EXP 	text_2: height = np.float64(0.05)
230.9887 	EXP 	text_2: height = np.float64(0.05)
230.9887 	EXP 	text_2: height = np.float64(0.05)
230.9887 	EXP 	text_2: text = 'c_s_io_'
230.9887 	EXP 	text_2: autoDraw = True
230.9887 	EXP 	textbox: autoDraw = True
230.9887 	EXP 	text_3: autoDraw = True
231.1747 	DATA 	Mouse:  Left button up, pos=(595,162)
232.0231 	DATA 	Keypress: c
232.0242 	EXP 	Device response: <KeyPress from None: t=232.02160020009615, value=c, duration=None>
232.1234 	EXP 	Device response: <KeyPress from None: t=232.02160020009615, value=c, duration=0.09599750000052154>
232.2094 	DATA 	Keypress: u
232.2228 	EXP 	Device response: <KeyPress from None: t=232.20847920002416, value=u, duration=None>
232.2897 	EXP 	Device response: <KeyPress from None: t=232.20847920002416, value=u, duration=0.0730061000213027>
232.3558 	DATA 	Keypress: s
232.3563 	EXP 	Device response: <KeyPress from None: t=232.35036090004724, value=s, duration=None>
232.4732 	EXP 	Device response: <KeyPress from None: t=232.35036090004724, value=s, duration=0.11612829996738583>
232.5073 	DATA 	Keypress: h
232.5081 	EXP 	Device response: <KeyPress from None: t=232.50385020009708, value=h, duration=None>
232.5731 	EXP 	Device response: <KeyPress from None: t=232.50385020009708, value=h, duration=0.06512439996004105>
232.7569 	DATA 	Keypress: i
232.7580 	EXP 	Device response: <KeyPress from None: t=232.74948950007092, value=i, duration=None>
232.8276 	EXP 	Device response: <KeyPress from None: t=232.74948950007092, value=i, duration=0.07492489996366203>
232.9560 	DATA 	Keypress: o
232.9569 	EXP 	Device response: <KeyPress from None: t=232.9470359000843, value=o, duration=None>
233.0399 	EXP 	Device response: <KeyPress from None: t=232.9470359000843, value=o, duration=0.0809159999480471>
233.1741 	DATA 	Keypress: n
233.1894 	EXP 	Device response: <KeyPress from None: t=233.17298850009684, value=n, duration=None>
233.2429 	EXP 	Device response: <KeyPress from None: t=233.17298850009684, value=n, duration=0.06178579991683364>
234.0236 	DATA 	Mouse: Left button down, pos=(595,162)
234.0245 	EXP 	New trial (rep=2, index=2): <Trial 42 (2 in rep 2) data={'test_word': '_ou_se', 'Reference': 'mouse', 'old_new': 'old', 'thisN': 42, 'thisTrialN': 2, 'thisRepN': 2}>
234.0390 	EXP 	text_2: autoDraw = False
234.0390 	EXP 	textbox: autoDraw = False
234.0390 	EXP 	text_3: autoDraw = False
234.0390 	EXP 	text_2: height = np.float64(0.05)
234.0390 	EXP 	text_2: height = np.float64(0.05)
234.0390 	EXP 	text_2: height = np.float64(0.05)
234.0390 	EXP 	text_2: text = '_ou_se'
234.0390 	EXP 	text_2: autoDraw = True
234.0390 	EXP 	textbox: autoDraw = True
234.0390 	EXP 	text_3: autoDraw = True
234.2434 	DATA 	Mouse:  Left button up, pos=(595,162)
235.0236 	DATA 	Keypress: m
235.0248 	EXP 	Device response: <KeyPress from None: t=235.01513820001855, value=m, duration=None>
235.0915 	EXP 	Device response: <KeyPress from None: t=235.01513820001855, value=m, duration=0.07278040004894137>
235.2420 	DATA 	Keypress: o
235.2557 	EXP 	Device response: <KeyPress from None: t=235.24047110008541, value=o, duration=None>
235.3229 	EXP 	Device response: <KeyPress from None: t=235.24047110008541, value=o, duration=0.07465749990660697>
235.4734 	DATA 	Keypress: u
235.4742 	EXP 	Device response: <KeyPress from None: t=235.46950830006972, value=u, duration=None>
235.5595 	EXP 	Device response: <KeyPress from None: t=235.46950830006972, value=u, duration=0.08154259994626045>
235.6394 	DATA 	Keypress: s
235.6399 	EXP 	Device response: <KeyPress from None: t=235.6287024000194, value=s, duration=None>
235.7068 	EXP 	Device response: <KeyPress from None: t=235.6287024000194, value=s, duration=0.07176309998612851>
235.8224 	DATA 	Keypress: e
235.8230 	EXP 	Device response: <KeyPress from None: t=235.81486620008945, value=e, duration=None>
235.9068 	EXP 	Device response: <KeyPress from None: t=235.81486620008945, value=e, duration=0.08727799996268004>
237.1416 	DATA 	Mouse: Left button down, pos=(595,162)
237.1428 	EXP 	New trial (rep=2, index=3): <Trial 43 (3 in rep 2) data={'test_word': '_ru_is_', 'Reference': 'Cruise', 'old_new': 'old', 'thisN': 43, 'thisTrialN': 3, 'thisRepN': 2}>
237.1721 	EXP 	text_2: autoDraw = False
237.1721 	EXP 	textbox: autoDraw = False
237.1721 	EXP 	text_3: autoDraw = False
237.1721 	EXP 	text_2: height = np.float64(0.05)
237.1721 	EXP 	text_2: height = np.float64(0.05)
237.1721 	EXP 	text_2: height = np.float64(0.05)
237.1721 	EXP 	text_2: text = '_ru_is_'
237.1721 	EXP 	text_2: autoDraw = True
237.1721 	EXP 	textbox: autoDraw = True
237.1721 	EXP 	text_3: autoDraw = True
237.3578 	DATA 	Mouse:  Left button up, pos=(595,162)
239.9231 	DATA 	Keypress: c
239.9237 	EXP 	Device response: <KeyPress from None: t=239.91661110008135, value=c, duration=None>
240.0233 	EXP 	Device response: <KeyPress from None: t=239.91661110008135, value=c, duration=0.10322900000028312>
240.1935 	DATA 	Keypress: r
240.2076 	EXP 	Device response: <KeyPress from None: t=240.192910999991, value=r, duration=None>
240.3082 	EXP 	Device response: <KeyPress from None: t=240.192910999991, value=r, duration=0.10710070002824068>
240.5566 	DATA 	Keypress: u
240.5581 	EXP 	Device response: <KeyPress from None: t=240.54811710002832, value=u, duration=None>
240.6243 	EXP 	Device response: <KeyPress from None: t=240.54811710002832, value=u, duration=0.07074190001003444>
240.8573 	DATA 	Keypress: i
240.8580 	EXP 	Device response: <KeyPress from None: t=240.84772630000953, value=i, duration=None>
240.9399 	EXP 	Device response: <KeyPress from None: t=240.84772630000953, value=i, duration=0.08273140003439039>
241.0235 	DATA 	Keypress: s
241.0248 	EXP 	Device response: <KeyPress from None: t=241.0228533000918, value=s, duration=None>
241.1237 	EXP 	Device response: <KeyPress from None: t=241.0228533000918, value=s, duration=0.09089939994737506>
241.2413 	DATA 	Keypress: e
241.2562 	EXP 	Device response: <KeyPress from None: t=241.24109450005926, value=e, duration=None>
241.3230 	EXP 	Device response: <KeyPress from None: t=241.24109450005926, value=e, duration=0.07498929998837411>
242.5571 	DATA 	Mouse: Left button down, pos=(595,162)
242.5579 	EXP 	New trial (rep=2, index=4): <Trial 44 (4 in rep 2) data={'test_word': 'c_s_', 'Reference': 'Case', 'old_new': 'old', 'thisN': 44, 'thisTrialN': 4, 'thisRepN': 2}>
242.5727 	EXP 	text_2: autoDraw = False
242.5727 	EXP 	textbox: autoDraw = False
242.5727 	EXP 	text_3: autoDraw = False
242.5727 	EXP 	text_2: height = np.float64(0.05)
242.5727 	EXP 	text_2: height = np.float64(0.05)
242.5727 	EXP 	text_2: height = np.float64(0.05)
242.5727 	EXP 	text_2: text = 'c_s_'
242.5727 	EXP 	text_2: autoDraw = True
242.5727 	EXP 	textbox: autoDraw = True
242.5727 	EXP 	text_3: autoDraw = True
242.7753 	DATA 	Mouse:  Left button up, pos=(595,162)
243.5400 	DATA 	Keypress: c
243.5405 	EXP 	Device response: <KeyPress from None: t=243.52648030000273, value=c, duration=None>
243.6235 	EXP 	Device response: <KeyPress from None: t=243.52648030000273, value=c, duration=0.09599589998833835>
243.8112 	DATA 	Keypress: a
243.8240 	EXP 	Device response: <KeyPress from None: t=243.81045420002192, value=a, duration=None>
243.9239 	EXP 	Device response: <KeyPress from None: t=243.81045420002192, value=a, duration=0.10743440000806004>
244.0929 	DATA 	Keypress: s
244.1072 	EXP 	Device response: <KeyPress from None: t=244.09166430006735, value=s, duration=None>
244.2576 	EXP 	Device response: <KeyPress from None: t=244.09166430006735, value=s, duration=0.15707229997497052>
244.3901 	DATA 	Keypress: e
244.3911 	EXP 	Device response: <KeyPress from None: t=244.3872144999914, value=e, duration=None>
244.5062 	EXP 	Device response: <KeyPress from None: t=244.3872144999914, value=e, duration=0.10331150004640222>
245.6746 	DATA 	Mouse: Left button down, pos=(595,162)
245.6755 	EXP 	New trial (rep=2, index=5): <Trial 45 (5 in rep 2) data={'test_word': 'K_y_', 'Reference': 'Keys', 'old_new': 'old', 'thisN': 45, 'thisTrialN': 5, 'thisRepN': 2}>
245.6894 	EXP 	text_2: autoDraw = False
245.6894 	EXP 	textbox: autoDraw = False
245.6894 	EXP 	text_3: autoDraw = False
245.6894 	EXP 	text_2: height = np.float64(0.05)
245.6894 	EXP 	text_2: height = np.float64(0.05)
245.6894 	EXP 	text_2: height = np.float64(0.05)
245.6894 	EXP 	text_2: text = 'K_y_'
245.6894 	EXP 	text_2: autoDraw = True
245.6894 	EXP 	textbox: autoDraw = True
245.6894 	EXP 	text_3: autoDraw = True
245.8950 	DATA 	Mouse:  Left button up, pos=(595,162)
246.5588 	DATA 	Keypress: k
246.5727 	EXP 	Device response: <KeyPress from None: t=246.55655350000598, value=k, duration=None>
246.6574 	EXP 	Device response: <KeyPress from None: t=246.55655350000598, value=k, duration=0.0936010000295937>
246.7232 	DATA 	Keypress: e
246.7241 	EXP 	Device response: <KeyPress from None: t=246.71519300004002, value=e, duration=None>
246.8068 	EXP 	Device response: <KeyPress from None: t=246.71519300004002, value=e, duration=0.08345799997914582>
246.9230 	DATA 	Keypress: t
246.9236 	EXP 	Device response: <KeyPress from None: t=246.91931980010122, value=t, duration=None>
246.9894 	EXP 	Device response: <KeyPress from None: t=246.91931980010122, value=t, duration=0.05445469997357577>
247.5227 	DATA 	Keypress: backspace
247.5234 	EXP 	Device response: <KeyPress from None: t=247.5201473000925, value=backspace, duration=None>
247.6402 	EXP 	Device response: <KeyPress from None: t=247.5201473000925, value=backspace, duration=0.10659979993943125>
247.9727 	DATA 	Keypress: y
247.9737 	EXP 	Device response: <KeyPress from None: t=247.96223230008036, value=y, duration=None>
248.0403 	EXP 	Device response: <KeyPress from None: t=247.96223230008036, value=y, duration=0.0639083000132814>
248.1066 	DATA 	Keypress: s
248.1076 	EXP 	Device response: <KeyPress from None: t=248.10493570007384, value=s, duration=None>
248.2066 	EXP 	Device response: <KeyPress from None: t=248.10493570007384, value=s, duration=0.09144400001969188>
249.4248 	DATA 	Mouse: Left button down, pos=(595,162)
249.4254 	EXP 	New trial (rep=2, index=6): <Trial 46 (6 in rep 2) data={'test_word': 'c_m_ra', 'Reference': 'Camera', 'old_new': 'new', 'thisN': 46, 'thisTrialN': 6, 'thisRepN': 2}>
249.4401 	EXP 	text_2: autoDraw = False
249.4401 	EXP 	textbox: autoDraw = False
249.4401 	EXP 	text_3: autoDraw = False
249.4401 	EXP 	text_2: height = np.float64(0.05)
249.4401 	EXP 	text_2: height = np.float64(0.05)
249.4401 	EXP 	text_2: height = np.float64(0.05)
249.4401 	EXP 	text_2: text = 'c_m_ra'
249.4401 	EXP 	text_2: autoDraw = True
249.4401 	EXP 	textbox: autoDraw = True
249.4401 	EXP 	text_3: autoDraw = True
249.6411 	DATA 	Mouse:  Left button up, pos=(595,162)
250.3421 	DATA 	Keypress: c
250.3572 	EXP 	Device response: <KeyPress from None: t=250.34129430004396, value=c, duration=None>
250.4249 	EXP 	Device response: <KeyPress from None: t=250.34129430004396, value=c, duration=0.07736770005431026>
250.6079 	DATA 	Keypress: a
250.6087 	EXP 	Device response: <KeyPress from None: t=250.5955484000733, value=a, duration=None>
250.7577 	EXP 	Device response: <KeyPress from None: t=250.5955484000733, value=a, duration=0.1600538999773562>
250.9396 	DATA 	Keypress: m
250.9402 	EXP 	Device response: <KeyPress from None: t=250.93455920007546, value=m, duration=None>
251.0237 	EXP 	Device response: <KeyPress from None: t=250.93455920007546, value=m, duration=0.08276819996535778>
251.1229 	DATA 	Keypress: e
251.1236 	EXP 	Device response: <KeyPress from None: t=251.10948450001888, value=e, duration=None>
251.2234 	EXP 	Device response: <KeyPress from None: t=251.10948450001888, value=e, duration=0.10914269997738302>
251.3076 	DATA 	Keypress: r
251.3227 	EXP 	Device response: <KeyPress from None: t=251.3060088000493, value=r, duration=None>
251.3909 	EXP 	Device response: <KeyPress from None: t=251.3060088000493, value=r, duration=0.07993370003532618>
251.5395 	DATA 	Keypress: a
251.5409 	EXP 	Device response: <KeyPress from None: t=251.53032230003737, value=a, duration=None>
251.6914 	EXP 	Device response: <KeyPress from None: t=251.53032230003737, value=a, duration=0.1488324999809265>
252.8429 	DATA 	Mouse: Left button down, pos=(595,162)
252.8439 	EXP 	New trial (rep=2, index=7): <Trial 47 (7 in rep 2) data={'test_word': '_o_rd', 'Reference': 'Board', 'old_new': 'old', 'thisN': 47, 'thisTrialN': 7, 'thisRepN': 2}>
252.8568 	EXP 	text_2: autoDraw = False
252.8568 	EXP 	textbox: autoDraw = False
252.8568 	EXP 	text_3: autoDraw = False
252.8568 	EXP 	text_2: height = np.float64(0.05)
252.8568 	EXP 	text_2: height = np.float64(0.05)
252.8568 	EXP 	text_2: height = np.float64(0.05)
252.8568 	EXP 	text_2: text = '_o_rd'
252.8568 	EXP 	text_2: autoDraw = True
252.8568 	EXP 	textbox: autoDraw = True
252.8568 	EXP 	text_3: autoDraw = True
253.0777 	DATA 	Mouse:  Left button up, pos=(595,162)
253.7229 	DATA 	Keypress: w
253.7236 	EXP 	Device response: <KeyPress from None: t=253.71645260008518, value=w, duration=None>
253.8234 	EXP 	Device response: <KeyPress from None: t=253.71645260008518, value=w, duration=0.1063342000124976>
254.3896 	DATA 	Keypress: o
254.3904 	EXP 	Device response: <KeyPress from None: t=254.38927560008597, value=o, duration=None>
254.4743 	EXP 	Device response: <KeyPress from None: t=254.38927560008597, value=o, duration=0.07730389991775155>
254.5076 	DATA 	Keypress: r
254.5082 	EXP 	Device response: <KeyPress from None: t=254.50500370003283, value=r, duration=None>
254.6064 	EXP 	Device response: <KeyPress from None: t=254.50500370003283, value=r, duration=0.10078480001538992>
254.7253 	DATA 	Keypress: d
254.7269 	EXP 	Device response: <KeyPress from None: t=254.71763219998684, value=d, duration=None>
254.8400 	EXP 	Device response: <KeyPress from None: t=254.71763219998684, value=d, duration=0.10790780000388622>
255.7427 	DATA 	Mouse: Left button down, pos=(595,162)
255.7434 	EXP 	New trial (rep=2, index=8): <Trial 48 (8 in rep 2) data={'test_word': 'P_li_e', 'Reference': 'Police', 'old_new': 'old', 'thisN': 48, 'thisTrialN': 8, 'thisRepN': 2}>
255.7562 	EXP 	text_2: autoDraw = False
255.7562 	EXP 	textbox: autoDraw = False
255.7562 	EXP 	text_3: autoDraw = False
255.7562 	EXP 	text_2: height = np.float64(0.05)
255.7562 	EXP 	text_2: height = np.float64(0.05)
255.7562 	EXP 	text_2: height = np.float64(0.05)
255.7562 	EXP 	text_2: text = 'P_li_e'
255.7562 	EXP 	text_2: autoDraw = True
255.7562 	EXP 	textbox: autoDraw = True
255.7562 	EXP 	text_3: autoDraw = True
255.9580 	DATA 	Mouse:  Left button up, pos=(595,162)
256.7407 	DATA 	Keypress: p
256.7414 	EXP 	Device response: <KeyPress from None: t=256.7374383000424, value=p, duration=None>
256.8237 	EXP 	Device response: <KeyPress from None: t=256.7374383000424, value=p, duration=0.07459790003485978>
256.9239 	DATA 	Keypress: o
256.9248 	EXP 	Device response: <KeyPress from None: t=256.91557670000475, value=o, duration=None>
257.0064 	EXP 	Device response: <KeyPress from None: t=256.91557670000475, value=o, duration=0.0833868000190705>
257.1073 	DATA 	Keypress: l
257.1084 	EXP 	Device response: <KeyPress from None: t=257.10639690002427, value=l, duration=None>
257.1903 	EXP 	Device response: <KeyPress from None: t=257.10639690002427, value=l, duration=0.0746764000505209>
257.3236 	DATA 	Keypress: i
257.3242 	EXP 	Device response: <KeyPress from None: t=257.3108479999937, value=i, duration=None>
257.4230 	EXP 	Device response: <KeyPress from None: t=257.3108479999937, value=i, duration=0.09714570001233369>
257.4565 	DATA 	Keypress: c
257.4574 	EXP 	Device response: <KeyPress from None: t=257.4554367000237, value=c, duration=None>
257.5565 	EXP 	Device response: <KeyPress from None: t=257.4554367000237, value=c, duration=0.09936190000735223>
257.6587 	DATA 	Keypress: e
257.6729 	EXP 	Device response: <KeyPress from None: t=257.6569669999881, value=e, duration=None>
257.7738 	EXP 	Device response: <KeyPress from None: t=257.6569669999881, value=e, duration=0.10710760008078068>
258.7074 	DATA 	Mouse: Left button down, pos=(595,162)
258.7091 	EXP 	New trial (rep=2, index=9): <Trial 49 (9 in rep 2) data={'test_word': 'ta_l_', 'Reference': 'Table', 'old_new': 'new', 'thisN': 49, 'thisTrialN': 9, 'thisRepN': 2}>
258.7229 	EXP 	text_2: autoDraw = False
258.7229 	EXP 	textbox: autoDraw = False
258.7229 	EXP 	text_3: autoDraw = False
258.7229 	EXP 	text_2: height = np.float64(0.05)
258.7229 	EXP 	text_2: height = np.float64(0.05)
258.7229 	EXP 	text_2: height = np.float64(0.05)
258.7229 	EXP 	text_2: text = 'ta_l_'
258.7229 	EXP 	text_2: autoDraw = True
258.7229 	EXP 	textbox: autoDraw = True
258.7229 	EXP 	text_3: autoDraw = True
258.9309 	DATA 	Mouse:  Left button up, pos=(595,162)
260.3561 	DATA 	Keypress: t
260.3567 	EXP 	Device response: <KeyPress from None: t=260.3428124000784, value=t, duration=None>
260.4229 	EXP 	Device response: <KeyPress from None: t=260.3428124000784, value=t, duration=0.07790519995614886>
260.5229 	DATA 	Keypress: a
260.5238 	EXP 	Device response: <KeyPress from None: t=260.51292300003115, value=a, duration=None>
260.6417 	EXP 	Device response: <KeyPress from None: t=260.51292300003115, value=a, duration=0.12140259996522218>
260.6970 	DATA 	Keypress: b
260.7072 	EXP 	Device response: <KeyPress from None: t=260.69677760009654, value=b, duration=None>
260.7743 	EXP 	Device response: <KeyPress from None: t=260.69677760009654, value=b, duration=0.06986459996551275>
261.2567 	DATA 	Keypress: l
261.2581 	EXP 	Device response: <KeyPress from None: t=261.2530768000288, value=l, duration=None>
261.3235 	EXP 	Device response: <KeyPress from None: t=261.2530768000288, value=l, duration=0.06468369998037815>
261.3898 	DATA 	Keypress: e
261.3910 	EXP 	Device response: <KeyPress from None: t=261.37930300005246, value=e, duration=None>
261.4732 	EXP 	Device response: <KeyPress from None: t=261.37930300005246, value=e, duration=0.08153099997434765>
263.6396 	DATA 	Keypress: t
263.6402 	EXP 	Device response: <KeyPress from None: t=263.6260724000167, value=t, duration=None>
263.7401 	EXP 	Device response: <KeyPress from None: t=263.6260724000167, value=t, duration=0.0990060999756679>
263.7893 	DATA 	Keypress: a
263.7902 	EXP 	Device response: <KeyPress from None: t=263.78771860001143, value=a, duration=None>
263.9059 	EXP 	Device response: <KeyPress from None: t=263.78771860001143, value=a, duration=0.11493739997968078>
263.9891 	DATA 	Keypress: b
263.9905 	EXP 	Device response: <KeyPress from None: t=263.9777615000494, value=b, duration=None>
264.0398 	EXP 	Device response: <KeyPress from None: t=263.9777615000494, value=b, duration=0.05856469995342195>
264.4901 	DATA 	Keypress: l
264.4919 	EXP 	Device response: <KeyPress from None: t=264.4754859000677, value=l, duration=None>
264.5402 	EXP 	Device response: <KeyPress from None: t=264.4754859000677, value=l, duration=0.04983399994671345>
264.6400 	DATA 	Keypress: e
264.6415 	EXP 	Device response: <KeyPress from None: t=264.62647230003495, value=e, duration=None>
264.7072 	EXP 	Device response: <KeyPress from None: t=264.62647230003495, value=e, duration=0.07591859996318817>
265.4757 	DATA 	Keypress: backspace
265.4890 	EXP 	Device response: <KeyPress from None: t=265.4749410999939, value=backspace, duration=None>
265.5732 	EXP 	Device response: <KeyPress from None: t=265.4749410999939, value=backspace, duration=0.08560530003160238>
265.6728 	DATA 	Keypress: backspace
265.6737 	EXP 	Device response: <KeyPress from None: t=265.66803719999734, value=backspace, duration=None>
265.7559 	EXP 	Device response: <KeyPress from None: t=265.66803719999734, value=backspace, duration=0.08062300004530698>
265.8558 	DATA 	Keypress: backspace
265.8580 	EXP 	Device response: <KeyPress from None: t=265.84911150007974, value=backspace, duration=None>
265.9390 	EXP 	Device response: <KeyPress from None: t=265.84911150007974, value=backspace, duration=0.08829450001940131>
266.0260 	DATA 	Keypress: backspace
266.0389 	EXP 	Device response: <KeyPress from None: t=266.02369970001746, value=backspace, duration=None>
266.1234 	EXP 	Device response: <KeyPress from None: t=266.02369970001746, value=backspace, duration=0.0903245999943465>
266.2925 	DATA 	Keypress: backspace
266.3062 	EXP 	Device response: <KeyPress from None: t=266.2914961000206, value=backspace, duration=None>
266.3409 	EXP 	Device response: <KeyPress from None: t=266.2914961000206, value=backspace, duration=0.04549829999450594>
266.7743 	DATA 	Mouse: Left button down, pos=(595,162)
266.7762 	EXP 	New trial (rep=2, index=10): <Trial 50 (10 in rep 2) data={'test_word': 'l_pt_p', 'Reference': 'Laptop', 'old_new': 'old', 'thisN': 50, 'thisTrialN': 10, 'thisRepN': 2}>
266.8053 	EXP 	text_2: autoDraw = False
266.8053 	EXP 	textbox: autoDraw = False
266.8053 	EXP 	text_3: autoDraw = False
266.8053 	EXP 	text_2: height = np.float64(0.05)
266.8053 	EXP 	text_2: height = np.float64(0.05)
266.8053 	EXP 	text_2: height = np.float64(0.05)
266.8053 	EXP 	text_2: text = 'l_pt_p'
266.8053 	EXP 	text_2: autoDraw = True
266.8053 	EXP 	textbox: autoDraw = True
266.8053 	EXP 	text_3: autoDraw = True
266.9937 	DATA 	Mouse:  Left button up, pos=(595,162)
270.6397 	DATA 	Keypress: l
270.6403 	EXP 	Device response: <KeyPress from None: t=270.63062870001886, value=l, duration=None>
270.7230 	EXP 	Device response: <KeyPress from None: t=270.63062870001886, value=l, duration=0.08597860008012503>
270.8059 	DATA 	Keypress: a
270.8067 	EXP 	Device response: <KeyPress from None: t=270.80235910008196, value=a, duration=None>
270.9228 	EXP 	Device response: <KeyPress from None: t=270.80235910008196, value=a, duration=0.10626139992382377>
271.0057 	DATA 	Keypress: p
271.0071 	EXP 	Device response: <KeyPress from None: t=271.00398170005064, value=p, duration=None>
271.0891 	EXP 	Device response: <KeyPress from None: t=271.00398170005064, value=p, duration=0.07158640003763139>
272.1224 	DATA 	Keypress: t
272.1229 	EXP 	Device response: <KeyPress from None: t=272.11898240004666, value=t, duration=None>
272.2071 	EXP 	Device response: <KeyPress from None: t=272.11898240004666, value=t, duration=0.08227989997249097>
272.3565 	DATA 	Keypress: o
272.3574 	EXP 	Device response: <KeyPress from None: t=272.34884520003106, value=o, duration=None>
272.4223 	EXP 	Device response: <KeyPress from None: t=272.34884520003106, value=o, duration=0.07080099999438971>
272.5392 	DATA 	Keypress: p
272.5407 	EXP 	Device response: <KeyPress from None: t=272.52723440004047, value=p, duration=None>
272.5892 	EXP 	Device response: <KeyPress from None: t=272.52723440004047, value=p, duration=0.05514279997441918>
273.6997 	DATA 	Mouse: Left button down, pos=(574,146)
273.7008 	EXP 	New trial (rep=2, index=11): <Trial 51 (11 in rep 2) data={'test_word': '_ho_e', 'Reference': 'Phone', 'old_new': 'old', 'thisN': 51, 'thisTrialN': 11, 'thisRepN': 2}>
273.7133 	EXP 	text_2: autoDraw = False
273.7133 	EXP 	textbox: autoDraw = False
273.7133 	EXP 	text_3: autoDraw = False
273.7133 	EXP 	text_2: height = np.float64(0.05)
273.7133 	EXP 	text_2: height = np.float64(0.05)
273.7133 	EXP 	text_2: height = np.float64(0.05)
273.7133 	EXP 	text_2: text = '_ho_e'
273.7133 	EXP 	text_2: autoDraw = True
273.7133 	EXP 	textbox: autoDraw = True
273.7133 	EXP 	text_3: autoDraw = True
273.8077 	DATA 	Mouse:  Left button up, pos=(574,146)
275.1895 	DATA 	Keypress: p
275.1911 	EXP 	Device response: <KeyPress from None: t=275.1890658000484, value=p, duration=None>
275.2899 	EXP 	Device response: <KeyPress from None: t=275.1890658000484, value=p, duration=0.08582669997122139>
275.5230 	DATA 	Keypress: h
275.5236 	EXP 	Device response: <KeyPress from None: t=275.51236570009496, value=h, duration=None>
275.6065 	EXP 	Device response: <KeyPress from None: t=275.51236570009496, value=h, duration=0.08024269994348288>
275.7907 	DATA 	Keypress: o
275.7913 	EXP 	Device response: <KeyPress from None: t=275.79027009999845, value=o, duration=None>
275.8590 	EXP 	Device response: <KeyPress from None: t=275.79027009999845, value=o, duration=0.057186200050637126>
276.2902 	DATA 	Keypress: n
276.2916 	EXP 	Device response: <KeyPress from None: t=276.2798159000231, value=n, duration=None>
276.3570 	EXP 	Device response: <KeyPress from None: t=276.2798159000231, value=n, duration=0.07064849999733269>
276.6055 	DATA 	Keypress: e
276.6066 	EXP 	Device response: <KeyPress from None: t=276.5985640999861, value=e, duration=None>
276.7228 	EXP 	Device response: <KeyPress from None: t=276.5985640999861, value=e, duration=0.11665050010196865>
277.5429 	DATA 	Mouse: Left button down, pos=(574,146)
277.5452 	EXP 	New trial (rep=2, index=12): <Trial 52 (12 in rep 2) data={'test_word': 'P_st_r', 'Reference': 'Poster', 'old_new': 'old', 'thisN': 52, 'thisTrialN': 12, 'thisRepN': 2}>
277.5718 	EXP 	text_2: autoDraw = False
277.5718 	EXP 	textbox: autoDraw = False
277.5718 	EXP 	text_3: autoDraw = False
277.5718 	EXP 	text_2: height = np.float64(0.05)
277.5718 	EXP 	text_2: height = np.float64(0.05)
277.5718 	EXP 	text_2: height = np.float64(0.05)
277.5718 	EXP 	text_2: text = 'P_st_r'
277.5718 	EXP 	text_2: autoDraw = True
277.5718 	EXP 	textbox: autoDraw = True
277.5718 	EXP 	text_3: autoDraw = True
277.6798 	DATA 	Mouse:  Left button up, pos=(574,146)
278.3295 	DATA 	Keypress: p
278.3399 	EXP 	Device response: <KeyPress from None: t=278.32628560008015, value=p, duration=None>
278.4233 	EXP 	Device response: <KeyPress from None: t=278.32628560008015, value=p, duration=0.08803659991826862>
278.8106 	DATA 	Keypress: a
278.8223 	EXP 	Device response: <KeyPress from None: t=278.807049700059, value=a, duration=None>
278.9069 	EXP 	Device response: <KeyPress from None: t=278.807049700059, value=a, duration=0.09692669997457415>
279.0099 	DATA 	Keypress: s
279.0230 	EXP 	Device response: <KeyPress from None: t=279.00803390005603, value=s, duration=None>
279.1064 	EXP 	Device response: <KeyPress from None: t=279.00803390005603, value=s, duration=0.08625799999572337>
279.1780 	DATA 	Keypress: t
279.1902 	EXP 	Device response: <KeyPress from None: t=279.1773890000768, value=t, duration=None>
279.2405 	EXP 	Device response: <KeyPress from None: t=279.1773890000768, value=t, duration=0.06068899994716048>
279.3907 	DATA 	Keypress: r
279.3920 	EXP 	Device response: <KeyPress from None: t=279.38849430007394, value=r, duration=None>
279.4562 	EXP 	Device response: <KeyPress from None: t=279.38849430007394, value=r, duration=0.06340979994274676>
279.6262 	DATA 	Keypress: u
279.6401 	EXP 	Device response: <KeyPress from None: t=279.6257907000836, value=u, duration=None>
279.6915 	EXP 	Device response: <KeyPress from None: t=279.6257907000836, value=u, duration=0.05974429997149855>
280.5398 	DATA 	Keypress: backspace
280.5411 	EXP 	Device response: <KeyPress from None: t=280.5294774000067, value=backspace, duration=None>
280.6079 	EXP 	Device response: <KeyPress from None: t=280.5294774000067, value=backspace, duration=0.062018000055104494>
281.0067 	DATA 	Keypress: y
281.0082 	EXP 	Device response: <KeyPress from None: t=281.00240840006154, value=y, duration=None>
281.0735 	EXP 	Device response: <KeyPress from None: t=281.00240840006154, value=y, duration=0.0616242999676615>
281.7240 	DATA 	Mouse: Left button down, pos=(574,146)
281.7258 	EXP 	New trial (rep=2, index=13): <Trial 53 (13 in rep 2) data={'test_word': '_ha_t', 'Reference': 'Chart', 'old_new': 'old', 'thisN': 53, 'thisTrialN': 13, 'thisRepN': 2}>
281.7547 	EXP 	text_2: autoDraw = False
281.7547 	EXP 	textbox: autoDraw = False
281.7547 	EXP 	text_3: autoDraw = False
281.7547 	EXP 	text_2: height = np.float64(0.05)
281.7547 	EXP 	text_2: height = np.float64(0.05)
281.7547 	EXP 	text_2: height = np.float64(0.05)
281.7547 	EXP 	text_2: text = '_ha_t'
281.7547 	EXP 	text_2: autoDraw = True
281.7547 	EXP 	textbox: autoDraw = True
281.7547 	EXP 	text_3: autoDraw = True
281.8681 	DATA 	Mouse:  Left button up, pos=(574,146)
282.5939 	DATA 	Keypress: c
282.6057 	EXP 	Device response: <KeyPress from None: t=282.59308520006016, value=c, duration=None>
282.6730 	EXP 	Device response: <KeyPress from None: t=282.59308520006016, value=c, duration=0.06265879992861301>
282.9060 	DATA 	Keypress: h
282.9078 	EXP 	Device response: <KeyPress from None: t=282.8965913000284, value=h, duration=None>
282.9736 	EXP 	Device response: <KeyPress from None: t=282.8965913000284, value=h, duration=0.06559909996576607>
283.1897 	DATA 	Keypress: a
283.1910 	EXP 	Device response: <KeyPress from None: t=283.1777396000689, value=a, duration=None>
283.2575 	EXP 	Device response: <KeyPress from None: t=283.1777396000689, value=a, duration=0.07631979999132454>
283.3243 	DATA 	Keypress: r
283.3256 	EXP 	Device response: <KeyPress from None: t=283.3221684000455, value=r, duration=None>
283.3924 	EXP 	Device response: <KeyPress from None: t=283.3221684000455, value=r, duration=0.06714920001104474>
283.5093 	DATA 	Keypress: t
283.5224 	EXP 	Device response: <KeyPress from None: t=283.5084840999916, value=t, duration=None>
283.5727 	EXP 	Device response: <KeyPress from None: t=283.5084840999916, value=t, duration=0.05373919999692589>
284.3967 	DATA 	Mouse: Left button down, pos=(574,146)
284.4081 	EXP 	New trial (rep=2, index=14): <Trial 54 (14 in rep 2) data={'test_word': 'p_nc_l', 'Reference': 'Pencil', 'old_new': 'new', 'thisN': 54, 'thisTrialN': 14, 'thisRepN': 2}>
284.4222 	EXP 	text_2: autoDraw = False
284.4222 	EXP 	textbox: autoDraw = False
284.4222 	EXP 	text_3: autoDraw = False
284.4222 	EXP 	text_2: height = np.float64(0.05)
284.4222 	EXP 	text_2: height = np.float64(0.05)
284.4222 	EXP 	text_2: height = np.float64(0.05)
284.4222 	EXP 	text_2: text = 'p_nc_l'
284.4222 	EXP 	text_2: autoDraw = True
284.4222 	EXP 	textbox: autoDraw = True
284.4222 	EXP 	text_3: autoDraw = True
284.5462 	DATA 	Mouse:  Left button up, pos=(574,146)
285.4592 	DATA 	Keypress: p
285.4726 	EXP 	Device response: <KeyPress from None: t=285.45687490003183, value=p, duration=None>
285.5563 	EXP 	Device response: <KeyPress from None: t=285.45687490003183, value=p, duration=0.08580410003196448>
285.6566 	DATA 	Keypress: a
285.6580 	EXP 	Device response: <KeyPress from None: t=285.6468983000377, value=a, duration=None>
285.7736 	EXP 	Device response: <KeyPress from None: t=285.6468983000377, value=a, duration=0.1235473999986425>
287.4562 	DATA 	Keypress: n
287.4576 	EXP 	Device response: <KeyPress from None: t=287.4555211000843, value=n, duration=None>
287.5562 	EXP 	Device response: <KeyPress from None: t=287.4555211000843, value=n, duration=0.08402750000823289>
287.7729 	DATA 	Keypress: i
287.7735 	EXP 	Device response: <KeyPress from None: t=287.7632442000322, value=i, duration=None>
287.8414 	EXP 	Device response: <KeyPress from None: t=287.7632442000322, value=i, duration=0.06177839997690171>
287.9239 	DATA 	Keypress: c
287.9251 	EXP 	Device response: <KeyPress from None: t=287.9149758000858, value=c, duration=None>
287.9754 	EXP 	Device response: <KeyPress from None: t=287.9149758000858, value=c, duration=0.057334500015713274>
288.0257 	DATA 	Keypress: l
288.0390 	EXP 	Device response: <KeyPress from None: t=288.02435640001204, value=l, duration=None>
288.1075 	EXP 	Device response: <KeyPress from None: t=288.02435640001204, value=l, duration=0.06885030004195869>
288.2929 	DATA 	Keypress: e
288.3060 	EXP 	Device response: <KeyPress from None: t=288.2909807000542, value=e, duration=None>
288.4395 	EXP 	Device response: <KeyPress from None: t=288.2909807000542, value=e, duration=0.13416929997038096>
288.7096 	DATA 	Mouse: Left button down, pos=(577,146)
288.7113 	EXP 	New trial (rep=2, index=15): <Trial 55 (15 in rep 2) data={'test_word': 'P_as_tr_', 'Reference': 'Pastry', 'old_new': 'old', 'thisN': 55, 'thisTrialN': 15, 'thisRepN': 2}>
288.7385 	EXP 	text_2: autoDraw = False
288.7385 	EXP 	textbox: autoDraw = False
288.7385 	EXP 	text_3: autoDraw = False
288.7385 	EXP 	text_2: height = np.float64(0.05)
288.7385 	EXP 	text_2: height = np.float64(0.05)
288.7385 	EXP 	text_2: height = np.float64(0.05)
288.7385 	EXP 	text_2: text = 'P_as_tr_'
288.7385 	EXP 	text_2: autoDraw = True
288.7385 	EXP 	textbox: autoDraw = True
288.7385 	EXP 	text_3: autoDraw = True
288.8747 	DATA 	Mouse:  Left button up, pos=(577,146)
289.7610 	DATA 	Keypress: p
289.7733 	EXP 	Device response: <KeyPress from None: t=289.76077709998935, value=p, duration=None>
289.8900 	EXP 	Device response: <KeyPress from None: t=289.76077709998935, value=p, duration=0.1248829000396654>
289.9391 	DATA 	Keypress: a
289.9404 	EXP 	Device response: <KeyPress from None: t=289.9373851000564, value=a, duration=None>
290.0905 	EXP 	Device response: <KeyPress from None: t=289.9373851000564, value=a, duration=0.14129830000456423>
290.1895 	DATA 	Keypress: s
290.1901 	EXP 	Device response: <KeyPress from None: t=290.1833123000106, value=s, duration=None>
290.2721 	EXP 	Device response: <KeyPress from None: t=290.1833123000106, value=s, duration=0.07992879999801517>
290.3558 	DATA 	Keypress: t
290.3563 	EXP 	Device response: <KeyPress from None: t=290.34836460009683, value=t, duration=None>
290.4386 	EXP 	Device response: <KeyPress from None: t=290.34836460009683, value=t, duration=0.07542919996194541>
290.5563 	DATA 	Keypress: r
290.5568 	EXP 	Device response: <KeyPress from None: t=290.5548565000063, value=r, duration=None>
290.6236 	EXP 	Device response: <KeyPress from None: t=290.5548565000063, value=r, duration=0.05937210004776716>
290.8278 	DATA 	Keypress: u
290.8386 	EXP 	Device response: <KeyPress from None: t=290.82521370006725, value=u, duration=None>
290.8738 	EXP 	Device response: <KeyPress from None: t=290.82521370006725, value=u, duration=0.045244499924592674>
291.5892 	DATA 	Keypress: backspace
291.5898 	EXP 	Device response: <KeyPress from None: t=291.5795606999891, value=backspace, duration=None>
291.6397 	EXP 	Device response: <KeyPress from None: t=291.5795606999891, value=backspace, duration=0.05794300010893494>
291.9558 	DATA 	Keypress: y
291.9570 	EXP 	Device response: <KeyPress from None: t=291.951359000057, value=y, duration=None>
292.0224 	EXP 	Device response: <KeyPress from None: t=291.951359000057, value=y, duration=0.058507699985057116>
292.6760 	DATA 	Mouse: Left button down, pos=(577,146)
292.6767 	EXP 	New trial (rep=2, index=16): <Trial 56 (16 in rep 2) data={'test_word': 'T_hi_t', 'Reference': 'Tshirt', 'old_new': 'old', 'thisN': 56, 'thisTrialN': 16, 'thisRepN': 2}>
292.6893 	EXP 	text_2: autoDraw = False
292.6893 	EXP 	textbox: autoDraw = False
292.6893 	EXP 	text_3: autoDraw = False
292.6893 	EXP 	text_2: height = np.float64(0.05)
292.6893 	EXP 	text_2: height = np.float64(0.05)
292.6893 	EXP 	text_2: height = np.float64(0.05)
292.6893 	EXP 	text_2: text = 'T_hi_t'
292.6893 	EXP 	text_2: autoDraw = True
292.6893 	EXP 	textbox: autoDraw = True
292.6893 	EXP 	text_3: autoDraw = True
292.8110 	DATA 	Mouse:  Left button up, pos=(577,146)
294.4076 	DATA 	Keypress: t
294.4082 	EXP 	Device response: <KeyPress from None: t=294.4055398000637, value=t, duration=None>
294.4754 	EXP 	Device response: <KeyPress from None: t=294.4055398000637, value=t, duration=0.05780029995366931>
294.6396 	DATA 	Keypress: s
294.6401 	EXP 	Device response: <KeyPress from None: t=294.63100340007804, value=s, duration=None>
294.7911 	EXP 	Device response: <KeyPress from None: t=294.63100340007804, value=s, duration=0.14802209998015314>
294.8236 	DATA 	Keypress: h
294.8242 	EXP 	Device response: <KeyPress from None: t=294.822210000013, value=h, duration=None>
294.8896 	EXP 	Device response: <KeyPress from None: t=294.822210000013, value=h, duration=0.06162110005971044>
295.0730 	DATA 	Keypress: i
295.0735 	EXP 	Device response: <KeyPress from None: t=295.0702113000443, value=i, duration=None>
295.1396 	EXP 	Device response: <KeyPress from None: t=295.0702113000443, value=i, duration=0.06631759996525943>
295.4068 	DATA 	Keypress: r
295.4074 	EXP 	Device response: <KeyPress from None: t=295.393458000035, value=r, duration=None>
295.4558 	EXP 	Device response: <KeyPress from None: t=295.393458000035, value=r, duration=0.05017299996688962>
295.6058 	DATA 	Keypress: t
295.6063 	EXP 	Device response: <KeyPress from None: t=295.60153079999145, value=t, duration=None>
295.6889 	EXP 	Device response: <KeyPress from None: t=295.60153079999145, value=t, duration=0.07097980007529259>
296.1592 	DATA 	Mouse: Left button down, pos=(577,146)
296.1600 	EXP 	New trial (rep=2, index=17): <Trial 57 (17 in rep 2) data={'test_word': '_a_bl_', 'Reference': 'Marble', 'old_new': 'old', 'thisN': 57, 'thisTrialN': 17, 'thisRepN': 2}>
296.1721 	EXP 	text_2: autoDraw = False
296.1721 	EXP 	textbox: autoDraw = False
296.1721 	EXP 	text_3: autoDraw = False
296.1721 	EXP 	text_2: height = np.float64(0.05)
296.1721 	EXP 	text_2: height = np.float64(0.05)
296.1721 	EXP 	text_2: height = np.float64(0.05)
296.1721 	EXP 	text_2: text = '_a_bl_'
296.1721 	EXP 	text_2: autoDraw = True
296.1721 	EXP 	textbox: autoDraw = True
296.1721 	EXP 	text_3: autoDraw = True
296.3137 	DATA 	Mouse:  Left button up, pos=(577,146)
297.4059 	DATA 	Keypress: t
297.4064 	EXP 	Device response: <KeyPress from None: t=297.40406800003257, value=t, duration=None>
297.4893 	EXP 	Device response: <KeyPress from None: t=297.40406800003257, value=t, duration=0.06957920000422746>
298.3934 	DATA 	Keypress: backspace
298.4061 	EXP 	Device response: <KeyPress from None: t=298.3921374999918, value=backspace, duration=None>
298.4561 	EXP 	Device response: <KeyPress from None: t=298.3921374999918, value=backspace, duration=0.060357200098223984>
298.9560 	DATA 	Keypress: m
298.9565 	EXP 	Device response: <KeyPress from None: t=298.9470555000007, value=m, duration=None>
299.0224 	EXP 	Device response: <KeyPress from None: t=298.9470555000007, value=m, duration=0.07195740006864071>
299.0894 	DATA 	Keypress: a
299.0900 	EXP 	Device response: <KeyPress from None: t=299.08176960004494, value=a, duration=None>
299.2391 	EXP 	Device response: <KeyPress from None: t=299.08176960004494, value=a, duration=0.14581390004605055>
299.3069 	DATA 	Keypress: r
299.3229 	EXP 	Device response: <KeyPress from None: t=299.30533710005693, value=r, duration=None>
299.3721 	EXP 	Device response: <KeyPress from None: t=299.30533710005693, value=r, duration=0.0569221000187099>
299.6224 	DATA 	Keypress: b
299.6238 	EXP 	Device response: <KeyPress from None: t=299.61626110004727, value=b, duration=None>
299.6898 	EXP 	Device response: <KeyPress from None: t=299.61626110004727, value=b, duration=0.061242599971592426>
300.0056 	DATA 	Keypress: l
300.0061 	EXP 	Device response: <KeyPress from None: t=299.99740690004546, value=l, duration=None>
300.0896 	EXP 	Device response: <KeyPress from None: t=299.99740690004546, value=l, duration=0.08922349999193102>
300.2221 	DATA 	Keypress: e
300.2227 	EXP 	Device response: <KeyPress from None: t=300.21248790004756, value=e, duration=None>
300.4234 	EXP 	Device response: <KeyPress from None: t=300.21248790004756, value=e, duration=0.19573649996891618>
300.8414 	DATA 	Mouse: Left button down, pos=(577,146)
300.8422 	EXP 	New trial (rep=2, index=18): <Trial 58 (18 in rep 2) data={'test_word': 'bo_t_e', 'Reference': 'Bottle', 'old_new': 'new', 'thisN': 58, 'thisTrialN': 18, 'thisRepN': 2}>
300.8553 	EXP 	text_2: autoDraw = False
300.8553 	EXP 	textbox: autoDraw = False
300.8553 	EXP 	text_3: autoDraw = False
300.8553 	EXP 	text_2: height = np.float64(0.05)
300.8553 	EXP 	text_2: height = np.float64(0.05)
300.8553 	EXP 	text_2: height = np.float64(0.05)
300.8553 	EXP 	text_2: text = 'bo_t_e'
300.8553 	EXP 	text_2: autoDraw = True
300.8553 	EXP 	textbox: autoDraw = True
300.8553 	EXP 	text_3: autoDraw = True
300.9912 	DATA 	Mouse:  Left button up, pos=(577,146)
301.6230 	DATA 	Keypress: b
301.6242 	EXP 	Device response: <KeyPress from None: t=301.6126355000306, value=b, duration=None>
301.7395 	EXP 	Device response: <KeyPress from None: t=301.6126355000306, value=b, duration=0.1134769000345841>
301.9394 	DATA 	Keypress: o
301.9408 	EXP 	Device response: <KeyPress from None: t=301.92805510002654, value=o, duration=None>
302.0069 	EXP 	Device response: <KeyPress from None: t=301.92805510002654, value=o, duration=0.07503329997416586>
304.1222 	DATA 	Keypress: t
304.1228 	EXP 	Device response: <KeyPress from None: t=304.11639770003967, value=t, duration=None>
304.1730 	EXP 	Device response: <KeyPress from None: t=304.11639770003967, value=t, duration=0.05151989997830242>
304.2899 	DATA 	Keypress: h
304.2905 	EXP 	Device response: <KeyPress from None: t=304.2774765000213, value=h, duration=None>
304.3726 	EXP 	Device response: <KeyPress from None: t=304.2774765000213, value=h, duration=0.08029529999475926>
304.4222 	DATA 	Keypress: e
304.4228 	EXP 	Device response: <KeyPress from None: t=304.41176849999465, value=e, duration=None>
304.5221 	DATA 	Keypress: r
304.5227 	EXP 	Device response: <KeyPress from None: t=304.51270140009, value=r, duration=None>
304.5397 	EXP 	Device response: <KeyPress from None: t=304.41176849999465, value=e, duration=0.1128749999916181>
304.5729 	EXP 	Device response: <KeyPress from None: t=304.51270140009, value=r, duration=0.05797659989912063>
305.2248 	DATA 	Mouse: Left button down, pos=(577,146)
305.2256 	EXP 	New trial (rep=2, index=19): <Trial 59 (19 in rep 2) data={'test_word': 'v_s_', 'Reference': 'Vase', 'old_new': 'new', 'thisN': 59, 'thisTrialN': 19, 'thisRepN': 2}>
305.2393 	EXP 	text_2: autoDraw = False
305.2393 	EXP 	textbox: autoDraw = False
305.2393 	EXP 	text_3: autoDraw = False
305.2393 	EXP 	text_2: height = np.float64(0.05)
305.2393 	EXP 	text_2: height = np.float64(0.05)
305.2393 	EXP 	text_2: height = np.float64(0.05)
305.2393 	EXP 	text_2: text = 'v_s_'
305.2393 	EXP 	text_2: autoDraw = True
305.2393 	EXP 	textbox: autoDraw = True
305.2393 	EXP 	text_3: autoDraw = True
305.4091 	DATA 	Mouse:  Left button up, pos=(577,146)
306.3556 	DATA 	Keypress: v
306.3561 	EXP 	Device response: <KeyPress from None: t=306.3493188000284, value=v, duration=None>
306.4223 	EXP 	Device response: <KeyPress from None: t=306.3493188000284, value=v, duration=0.07031970005482435>
306.6931 	DATA 	Keypress: i
306.7071 	EXP 	Device response: <KeyPress from None: t=306.6912383000599, value=i, duration=None>
306.8055 	EXP 	Device response: <KeyPress from None: t=306.6912383000599, value=i, duration=0.10222649993374944>
306.9062 	DATA 	Keypress: s
306.9075 	EXP 	Device response: <KeyPress from None: t=306.8917567000026, value=s, duration=None>
306.9886 	EXP 	Device response: <KeyPress from None: t=306.8917567000026, value=s, duration=0.08069960004650056>
307.4221 	DATA 	Keypress: a
307.4226 	EXP 	Device response: <KeyPress from None: t=307.41300649999175, value=a, duration=None>
307.5892 	EXP 	Device response: <KeyPress from None: t=307.41300649999175, value=a, duration=0.16076950007118285>
308.0419 	DATA 	Mouse: Left button down, pos=(575,148)
308.0427 	EXP 	New trial (rep=3, index=0): <Trial 60 (0 in rep 3) data={'test_word': '_a_bl_', 'Reference': 'Marble', 'old_new': 'old', 'thisN': 60, 'thisTrialN': 0, 'thisRepN': 3}>
308.0554 	EXP 	text_2: autoDraw = False
308.0554 	EXP 	textbox: autoDraw = False
308.0554 	EXP 	text_3: autoDraw = False
308.0554 	EXP 	text_2: height = np.float64(0.05)
308.0554 	EXP 	text_2: height = np.float64(0.05)
308.0554 	EXP 	text_2: height = np.float64(0.05)
308.0554 	EXP 	text_2: text = '_a_bl_'
308.0554 	EXP 	text_2: autoDraw = True
308.0554 	EXP 	textbox: autoDraw = True
308.0554 	EXP 	text_3: autoDraw = True
308.1949 	DATA 	Mouse:  Left button up, pos=(575,148)
310.6217 	DATA 	Keypress: t
310.6223 	EXP 	Device response: <KeyPress from None: t=310.6213626000099, value=t, duration=None>
310.7059 	EXP 	Device response: <KeyPress from None: t=310.6213626000099, value=t, duration=0.07955050002783537>
310.8074 	DATA 	Keypress: a
310.8228 	EXP 	Device response: <KeyPress from None: t=310.8058960000053, value=a, duration=None>
310.9394 	EXP 	Device response: <KeyPress from None: t=310.8058960000053, value=a, duration=0.12809780007228255>
310.9556 	DATA 	Keypress: b
310.9562 	EXP 	Device response: <KeyPress from None: t=310.9435607000487, value=b, duration=None>
311.0059 	EXP 	Device response: <KeyPress from None: t=310.9435607000487, value=b, duration=0.05269789998419583>
311.2390 	DATA 	Keypress: l
311.2395 	EXP 	Device response: <KeyPress from None: t=311.2321411999874, value=l, duration=None>
311.3223 	EXP 	Device response: <KeyPress from None: t=311.2321411999874, value=l, duration=0.08378840005025268>
311.3892 	DATA 	Keypress: e
311.3899 	EXP 	Device response: <KeyPress from None: t=311.3821168000577, value=e, duration=None>
311.4888 	EXP 	Device response: <KeyPress from None: t=311.3821168000577, value=e, duration=0.10037969995755702>
312.3252 	DATA 	Mouse: Left button down, pos=(575,148)
312.3259 	EXP 	New trial (rep=3, index=1): <Trial 61 (1 in rep 3) data={'test_word': 'K_y_', 'Reference': 'Keys', 'old_new': 'old', 'thisN': 61, 'thisTrialN': 1, 'thisRepN': 3}>
312.3388 	EXP 	text_2: autoDraw = False
312.3388 	EXP 	textbox: autoDraw = False
312.3388 	EXP 	text_3: autoDraw = False
312.3388 	EXP 	text_2: height = np.float64(0.05)
312.3388 	EXP 	text_2: height = np.float64(0.05)
312.3388 	EXP 	text_2: height = np.float64(0.05)
312.3388 	EXP 	text_2: text = 'K_y_'
312.3388 	EXP 	text_2: autoDraw = True
312.3388 	EXP 	textbox: autoDraw = True
312.3388 	EXP 	text_3: autoDraw = True
312.5427 	DATA 	Mouse:  Left button up, pos=(575,148)
315.2563 	DATA 	Keypress: k
315.2576 	EXP 	Device response: <KeyPress from None: t=315.25103250006214, value=k, duration=None>
315.3395 	EXP 	Device response: <KeyPress from None: t=315.25103250006214, value=k, duration=0.08177089993841946>
315.4559 	DATA 	Keypress: e
315.4564 	EXP 	Device response: <KeyPress from None: t=315.4483924000524, value=e, duration=None>
315.5566 	EXP 	Device response: <KeyPress from None: t=315.4483924000524, value=e, duration=0.0915849000448361>
315.8398 	DATA 	Keypress: y
315.8413 	EXP 	Device response: <KeyPress from None: t=315.8339764000848, value=y, duration=None>
315.9060 	EXP 	Device response: <KeyPress from None: t=315.8339764000848, value=y, duration=0.06675739993806928>
316.0754 	DATA 	Keypress: s
316.0899 	EXP 	Device response: <KeyPress from None: t=316.0747112000827, value=s, duration=None>
316.1724 	EXP 	Device response: <KeyPress from None: t=316.0747112000827, value=s, duration=0.09103269991464913>
316.9765 	DATA 	Mouse: Left button down, pos=(575,148)
316.9772 	EXP 	New trial (rep=3, index=2): <Trial 62 (2 in rep 3) data={'test_word': 'c_m_ra', 'Reference': 'Camera', 'old_new': 'new', 'thisN': 62, 'thisTrialN': 2, 'thisRepN': 3}>
317.0046 	EXP 	text_2: autoDraw = False
317.0046 	EXP 	textbox: autoDraw = False
317.0046 	EXP 	text_3: autoDraw = False
317.0046 	EXP 	text_2: height = np.float64(0.05)
317.0046 	EXP 	text_2: height = np.float64(0.05)
317.0046 	EXP 	text_2: height = np.float64(0.05)
317.0046 	EXP 	text_2: text = 'c_m_ra'
317.0046 	EXP 	text_2: autoDraw = True
317.0046 	EXP 	textbox: autoDraw = True
317.0046 	EXP 	text_3: autoDraw = True
317.2143 	DATA 	Mouse:  Left button up, pos=(575,148)
318.4059 	DATA 	Keypress: c
318.4065 	EXP 	Device response: <KeyPress from None: t=318.3976833000779, value=c, duration=None>
318.4891 	EXP 	Device response: <KeyPress from None: t=318.3976833000779, value=c, duration=0.07569059997331351>
318.6726 	DATA 	Keypress: a
318.6731 	EXP 	Device response: <KeyPress from None: t=318.6631575000938, value=a, duration=None>
318.8060 	EXP 	Device response: <KeyPress from None: t=318.6631575000938, value=a, duration=0.134592599933967>
319.3430 	DATA 	Keypress: m
319.3554 	EXP 	Device response: <KeyPress from None: t=319.34114740008954, value=m, duration=None>
319.4231 	EXP 	Device response: <KeyPress from None: t=319.34114740008954, value=m, duration=0.06762749992776662>
319.4730 	DATA 	Keypress: e
319.4735 	EXP 	Device response: <KeyPress from None: t=319.47082720010076, value=e, duration=None>
319.5729 	EXP 	Device response: <KeyPress from None: t=319.47082720010076, value=e, duration=0.09411229996476322>
319.6893 	DATA 	Keypress: r
319.6899 	EXP 	Device response: <KeyPress from None: t=319.6749151000986, value=r, duration=None>
319.7565 	EXP 	Device response: <KeyPress from None: t=319.6749151000986, value=r, duration=0.07208329997956753>
319.9555 	DATA 	Keypress: a
319.9562 	EXP 	Device response: <KeyPress from None: t=319.94979460001923, value=a, duration=None>
320.1221 	EXP 	Device response: <KeyPress from None: t=319.94979460001923, value=a, duration=0.15843730000779033>
321.0231 	DATA 	Mouse: Left button down, pos=(575,148)
321.0238 	EXP 	New trial (rep=3, index=3): <Trial 63 (3 in rep 3) data={'test_word': 'c_s_io_', 'Reference': 'Cushion', 'old_new': 'new', 'thisN': 63, 'thisTrialN': 3, 'thisRepN': 3}>
321.0384 	EXP 	text_2: autoDraw = False
321.0384 	EXP 	textbox: autoDraw = False
321.0384 	EXP 	text_3: autoDraw = False
321.0384 	EXP 	text_2: height = np.float64(0.05)
321.0384 	EXP 	text_2: height = np.float64(0.05)
321.0384 	EXP 	text_2: height = np.float64(0.05)
321.0384 	EXP 	text_2: text = 'c_s_io_'
321.0384 	EXP 	text_2: autoDraw = True
321.0384 	EXP 	textbox: autoDraw = True
321.0384 	EXP 	text_3: autoDraw = True
321.2474 	DATA 	Mouse:  Left button up, pos=(575,148)
322.0884 	DATA 	Keypress: c
322.0889 	EXP 	Device response: <KeyPress from None: t=322.0814770000288, value=c, duration=None>
322.1890 	EXP 	Device response: <KeyPress from None: t=322.0814770000288, value=c, duration=0.10567890002857894>
322.2383 	DATA 	Keypress: u
322.2389 	EXP 	Device response: <KeyPress from None: t=322.2379976999946, value=u, duration=None>
322.3068 	EXP 	Device response: <KeyPress from None: t=322.2379976999946, value=u, duration=0.06209600006695837>
322.4432 	DATA 	Keypress: s
322.4443 	EXP 	Device response: <KeyPress from None: t=322.432484399993, value=s, duration=None>
322.5730 	EXP 	Device response: <KeyPress from None: t=322.432484399993, value=s, duration=0.13864200003445148>
322.6058 	DATA 	Keypress: h
322.6064 	EXP 	Device response: <KeyPress from None: t=322.59623070003, value=h, duration=None>
322.6728 	EXP 	Device response: <KeyPress from None: t=322.59623070003, value=h, duration=0.06490060000214726>
322.8551 	DATA 	Keypress: i
322.8556 	EXP 	Device response: <KeyPress from None: t=322.84750190004706, value=i, duration=None>
322.9384 	EXP 	Device response: <KeyPress from None: t=322.84750190004706, value=i, duration=0.07483469997532666>
323.0394 	DATA 	Keypress: o
323.0399 	EXP 	Device response: <KeyPress from None: t=323.0308246000204, value=o, duration=None>
323.1218 	EXP 	Device response: <KeyPress from None: t=323.0308246000204, value=o, duration=0.07547490007709712>
323.2558 	DATA 	Keypress: n
323.2570 	EXP 	Device response: <KeyPress from None: t=323.24623180006165, value=n, duration=None>
323.3228 	EXP 	Device response: <KeyPress from None: t=323.24623180006165, value=n, duration=0.07185710000339895>
324.5572 	DATA 	Mouse: Left button down, pos=(575,148)
324.5578 	EXP 	New trial (rep=3, index=4): <Trial 64 (4 in rep 3) data={'test_word': '_o_rd', 'Reference': 'Board', 'old_new': 'old', 'thisN': 64, 'thisTrialN': 4, 'thisRepN': 3}>
324.5718 	EXP 	text_2: autoDraw = False
324.5718 	EXP 	textbox: autoDraw = False
324.5718 	EXP 	text_3: autoDraw = False
324.5718 	EXP 	text_2: height = np.float64(0.05)
324.5718 	EXP 	text_2: height = np.float64(0.05)
324.5718 	EXP 	text_2: height = np.float64(0.05)
324.5718 	EXP 	text_2: text = '_o_rd'
324.5718 	EXP 	text_2: autoDraw = True
324.5718 	EXP 	textbox: autoDraw = True
324.5718 	EXP 	text_3: autoDraw = True
324.7827 	DATA 	Mouse:  Left button up, pos=(575,148)
327.4724 	DATA 	Keypress: b
327.4736 	EXP 	Device response: <KeyPress from None: t=327.46323950006627, value=b, duration=None>
327.5389 	EXP 	Device response: <KeyPress from None: t=327.46323950006627, value=b, duration=0.07276300003286451>
327.7227 	DATA 	Keypress: o
327.7237 	EXP 	Device response: <KeyPress from None: t=327.71560560003854, value=o, duration=None>
327.8056 	EXP 	Device response: <KeyPress from None: t=327.71560560003854, value=o, duration=0.07816759997513145>
327.8884 	DATA 	Keypress: a
327.8889 	EXP 	Device response: <KeyPress from None: t=327.88033100008033, value=a, duration=None>
328.0218 	EXP 	Device response: <KeyPress from None: t=327.88033100008033, value=a, duration=0.1322414999594912>
328.1385 	DATA 	Keypress: r
328.1390 	EXP 	Device response: <KeyPress from None: t=328.12796210008673, value=r, duration=None>
328.2220 	EXP 	Device response: <KeyPress from None: t=328.12796210008673, value=r, duration=0.09222250001039356>
328.3237 	DATA 	Keypress: d
328.3386 	EXP 	Device response: <KeyPress from None: t=328.3223846000619, value=d, duration=None>
328.4051 	EXP 	Device response: <KeyPress from None: t=328.3223846000619, value=d, duration=0.07301930000539869>
329.1791 	DATA 	Mouse: Left button down, pos=(575,148)
329.1798 	EXP 	New trial (rep=3, index=5): <Trial 65 (5 in rep 3) data={'test_word': 'P_st_r', 'Reference': 'Poster', 'old_new': 'old', 'thisN': 65, 'thisTrialN': 5, 'thisRepN': 3}>
329.1885 	EXP 	text_2: autoDraw = False
329.1885 	EXP 	textbox: autoDraw = False
329.1885 	EXP 	text_3: autoDraw = False
329.1885 	EXP 	text_2: height = np.float64(0.05)
329.1885 	EXP 	text_2: height = np.float64(0.05)
329.1885 	EXP 	text_2: height = np.float64(0.05)
329.1885 	EXP 	text_2: text = 'P_st_r'
329.1885 	EXP 	text_2: autoDraw = True
329.1885 	EXP 	textbox: autoDraw = True
329.1885 	EXP 	text_3: autoDraw = True
329.3963 	DATA 	Mouse:  Left button up, pos=(575,148)
330.2050 	DATA 	Keypress: p
330.2056 	EXP 	Device response: <KeyPress from None: t=330.19725810003, value=p, duration=None>
330.2887 	EXP 	Device response: <KeyPress from None: t=330.19725810003, value=p, duration=0.0828905999660492>
330.3385 	DATA 	Keypress: a
330.3390 	EXP 	Device response: <KeyPress from None: t=330.33096470008604, value=a, duration=None>
330.4721 	EXP 	Device response: <KeyPress from None: t=330.33096470008604, value=a, duration=0.13642519991844893>
330.5718 	DATA 	Keypress: s
330.5724 	EXP 	Device response: <KeyPress from None: t=330.56757870002184, value=s, duration=None>
330.7059 	EXP 	Device response: <KeyPress from None: t=330.56757870002184, value=s, duration=0.13229380000848323>
330.7392 	DATA 	Keypress: t
330.7405 	EXP 	Device response: <KeyPress from None: t=330.7341820000438, value=t, duration=None>
330.8225 	EXP 	Device response: <KeyPress from None: t=330.7341820000438, value=t, duration=0.08262080000713468>
330.9386 	DATA 	Keypress: r
330.9392 	EXP 	Device response: <KeyPress from None: t=330.9328866000287, value=r, duration=None>
331.0222 	EXP 	Device response: <KeyPress from None: t=330.9328866000287, value=r, duration=0.0801305000204593>
331.1222 	DATA 	Keypress: y
331.1228 	EXP 	Device response: <KeyPress from None: t=331.1159518000204, value=y, duration=None>
331.2052 	EXP 	Device response: <KeyPress from None: t=331.1159518000204, value=y, duration=0.08428810001350939>
332.2072 	DATA 	Mouse: Left button down, pos=(575,148)
332.2079 	EXP 	New trial (rep=3, index=6): <Trial 66 (6 in rep 3) data={'test_word': 'bo_t_e', 'Reference': 'Bottle', 'old_new': 'new', 'thisN': 66, 'thisTrialN': 6, 'thisRepN': 3}>
332.2215 	EXP 	text_2: autoDraw = False
332.2215 	EXP 	textbox: autoDraw = False
332.2215 	EXP 	text_3: autoDraw = False
332.2215 	EXP 	text_2: height = np.float64(0.05)
332.2215 	EXP 	text_2: height = np.float64(0.05)
332.2215 	EXP 	text_2: height = np.float64(0.05)
332.2215 	EXP 	text_2: text = 'bo_t_e'
332.2215 	EXP 	text_2: autoDraw = True
332.2215 	EXP 	textbox: autoDraw = True
332.2215 	EXP 	text_3: autoDraw = True
332.4236 	DATA 	Mouse:  Left button up, pos=(575,148)
333.2427 	DATA 	Keypress: b
333.2432 	EXP 	Device response: <KeyPress from None: t=333.2357766000787, value=b, duration=None>
333.3394 	EXP 	Device response: <KeyPress from None: t=333.2357766000787, value=b, duration=0.09727669996209443>
333.4392 	DATA 	Keypress: o
333.4406 	EXP 	Device response: <KeyPress from None: t=333.42775929998606, value=o, duration=None>
333.5062 	EXP 	Device response: <KeyPress from None: t=333.42775929998606, value=o, duration=0.06811940006446093>
333.7719 	DATA 	Keypress: t
333.7724 	EXP 	Device response: <KeyPress from None: t=333.7570684000384, value=t, duration=None>
333.8387 	EXP 	Device response: <KeyPress from None: t=333.7570684000384, value=t, duration=0.07728650001809001>
333.9057 	DATA 	Keypress: t
333.9063 	EXP 	Device response: <KeyPress from None: t=333.9049091000343, value=t, duration=None>
334.0219 	EXP 	Device response: <KeyPress from None: t=333.9049091000343, value=t, duration=0.10641540004871786>
334.1557 	DATA 	Keypress: l
334.1571 	EXP 	Device response: <KeyPress from None: t=334.14678080007434, value=l, duration=None>
334.2404 	EXP 	Device response: <KeyPress from None: t=334.14678080007434, value=l, duration=0.08839679998345673>
334.2554 	DATA 	Keypress: e
334.2566 	EXP 	Device response: <KeyPress from None: t=334.247007100028, value=e, duration=None>
334.3892 	EXP 	Device response: <KeyPress from None: t=334.247007100028, value=e, duration=0.12744509999174625>
335.4397 	DATA 	Mouse: Left button down, pos=(575,148)
335.4404 	EXP 	New trial (rep=3, index=7): <Trial 67 (7 in rep 3) data={'test_word': 'v_s_', 'Reference': 'Vase', 'old_new': 'new', 'thisN': 67, 'thisTrialN': 7, 'thisRepN': 3}>
335.4555 	EXP 	text_2: autoDraw = False
335.4555 	EXP 	textbox: autoDraw = False
335.4555 	EXP 	text_3: autoDraw = False
335.4555 	EXP 	text_2: height = np.float64(0.05)
335.4555 	EXP 	text_2: height = np.float64(0.05)
335.4555 	EXP 	text_2: height = np.float64(0.05)
335.4555 	EXP 	text_2: text = 'v_s_'
335.4555 	EXP 	text_2: autoDraw = True
335.4555 	EXP 	textbox: autoDraw = True
335.4555 	EXP 	text_3: autoDraw = True
335.6650 	DATA 	Mouse:  Left button up, pos=(575,148)
336.6059 	DATA 	Keypress: v
336.6064 	EXP 	Device response: <KeyPress from None: t=336.59862140007317, value=v, duration=None>
336.7058 	EXP 	Device response: <KeyPress from None: t=336.59862140007317, value=v, duration=0.09414319996722043>
336.8061 	DATA 	Keypress: i
336.8067 	EXP 	Device response: <KeyPress from None: t=336.8027791000204, value=i, duration=None>
336.8893 	EXP 	Device response: <KeyPress from None: t=336.8027791000204, value=i, duration=0.07045170001219958>
337.0387 	DATA 	Keypress: s
337.0399 	EXP 	Device response: <KeyPress from None: t=337.0242025000043, value=s, duration=None>
337.1722 	EXP 	Device response: <KeyPress from None: t=337.0242025000043, value=s, duration=0.13708530005533248>
337.3049 	DATA 	Keypress: a
337.3054 	EXP 	Device response: <KeyPress from None: t=337.2968602000037, value=a, duration=None>
337.4223 	EXP 	Device response: <KeyPress from None: t=337.2968602000037, value=a, duration=0.12368170008994639>
338.1896 	DATA 	Mouse: Left button down, pos=(575,148)
338.1903 	EXP 	New trial (rep=3, index=8): <Trial 68 (8 in rep 3) data={'test_word': '_ru_is_', 'Reference': 'Cruise', 'old_new': 'old', 'thisN': 68, 'thisTrialN': 8, 'thisRepN': 3}>
338.2049 	EXP 	text_2: autoDraw = False
338.2049 	EXP 	textbox: autoDraw = False
338.2049 	EXP 	text_3: autoDraw = False
338.2049 	EXP 	text_2: height = np.float64(0.05)
338.2049 	EXP 	text_2: height = np.float64(0.05)
338.2049 	EXP 	text_2: height = np.float64(0.05)
338.2049 	EXP 	text_2: text = '_ru_is_'
338.2049 	EXP 	text_2: autoDraw = True
338.2049 	EXP 	textbox: autoDraw = True
338.2049 	EXP 	text_3: autoDraw = True
338.4143 	DATA 	Mouse:  Left button up, pos=(575,148)
340.6715 	DATA 	Keypress: c
340.6721 	EXP 	Device response: <KeyPress from None: t=340.6664291000925, value=c, duration=None>
340.7558 	EXP 	Device response: <KeyPress from None: t=340.6664291000925, value=c, duration=0.08395060000475496>
340.9062 	DATA 	Keypress: r
340.9074 	EXP 	Device response: <KeyPress from None: t=340.9032811000943, value=r, duration=None>
340.9721 	EXP 	Device response: <KeyPress from None: t=340.9032811000943, value=r, duration=0.06676749989856035>
341.2393 	DATA 	Keypress: u
341.2398 	EXP 	Device response: <KeyPress from None: t=341.2324056000216, value=u, duration=None>
341.3061 	EXP 	Device response: <KeyPress from None: t=341.2324056000216, value=u, duration=0.06811039999593049>
341.4231 	DATA 	Keypress: i
341.4236 	EXP 	Device response: <KeyPress from None: t=341.42277860001195, value=i, duration=None>
341.4896 	EXP 	Device response: <KeyPress from None: t=341.42277860001195, value=i, duration=0.06480250007007271>
341.5059 	DATA 	Keypress: s
341.5066 	EXP 	Device response: <KeyPress from None: t=341.50354000006337, value=s, duration=None>
341.6224 	EXP 	Device response: <KeyPress from None: t=341.50354000006337, value=s, duration=0.11184709996450692>
341.7386 	DATA 	Keypress: e
341.7391 	EXP 	Device response: <KeyPress from None: t=341.72949920000974, value=e, duration=None>
341.8551 	EXP 	Device response: <KeyPress from None: t=341.72949920000974, value=e, duration=0.11031570006161928>
342.7736 	DATA 	Mouse: Left button down, pos=(575,148)
342.7753 	EXP 	New trial (rep=3, index=9): <Trial 69 (9 in rep 3) data={'test_word': 'c_s_', 'Reference': 'Case', 'old_new': 'old', 'thisN': 69, 'thisTrialN': 9, 'thisRepN': 3}>
342.7885 	EXP 	text_2: autoDraw = False
342.7885 	EXP 	textbox: autoDraw = False
342.7885 	EXP 	text_3: autoDraw = False
342.7885 	EXP 	text_2: height = np.float64(0.05)
342.7885 	EXP 	text_2: height = np.float64(0.05)
342.7885 	EXP 	text_2: height = np.float64(0.05)
342.7885 	EXP 	text_2: text = 'c_s_'
342.7885 	EXP 	text_2: autoDraw = True
342.7885 	EXP 	textbox: autoDraw = True
342.7885 	EXP 	text_3: autoDraw = True
342.9900 	DATA 	Mouse:  Left button up, pos=(575,148)
345.2222 	DATA 	Keypress: c
345.2228 	EXP 	Device response: <KeyPress from None: t=345.22193450003397, value=c, duration=None>
345.3559 	EXP 	Device response: <KeyPress from None: t=345.22193450003397, value=c, duration=0.12783320003654808>
345.6231 	DATA 	Keypress: a
345.6381 	EXP 	Device response: <KeyPress from None: t=345.6225920000579, value=a, duration=None>
345.7549 	EXP 	Device response: <KeyPress from None: t=345.6225920000579, value=a, duration=0.11705400003120303>
345.8567 	DATA 	Keypress: s
345.8713 	EXP 	Device response: <KeyPress from None: t=345.855507100001, value=s, duration=None>
345.9555 	EXP 	Device response: <KeyPress from None: t=345.855507100001, value=s, duration=0.09547530009876937>
346.0722 	DATA 	Keypress: e
346.0728 	EXP 	Device response: <KeyPress from None: t=346.0572773000458, value=e, duration=None>
346.1559 	EXP 	Device response: <KeyPress from None: t=346.0572773000458, value=e, duration=0.0865751999663189>
347.0237 	DATA 	Mouse: Left button down, pos=(575,148)
347.0244 	EXP 	New trial (rep=3, index=10): <Trial 70 (10 in rep 3) data={'test_word': '_oo_', 'Reference': 'Book', 'old_new': 'old', 'thisN': 70, 'thisTrialN': 10, 'thisRepN': 3}>
347.0383 	EXP 	text_2: autoDraw = False
347.0383 	EXP 	textbox: autoDraw = False
347.0383 	EXP 	text_3: autoDraw = False
347.0383 	EXP 	text_2: height = np.float64(0.05)
347.0383 	EXP 	text_2: height = np.float64(0.05)
347.0383 	EXP 	text_2: height = np.float64(0.05)
347.0383 	EXP 	text_2: text = '_oo_'
347.0383 	EXP 	text_2: autoDraw = True
347.0383 	EXP 	textbox: autoDraw = True
347.0383 	EXP 	text_3: autoDraw = True
347.2596 	DATA 	Mouse:  Left button up, pos=(575,148)
348.3060 	DATA 	Keypress: n
348.3065 	EXP 	Device response: <KeyPress from None: t=348.2960148000857, value=n, duration=None>
348.3716 	EXP 	Device response: <KeyPress from None: t=348.2960148000857, value=n, duration=0.06762049999088049>
348.6047 	DATA 	Keypress: o
348.6052 	EXP 	Device response: <KeyPress from None: t=348.5933512999909, value=o, duration=None>
348.6885 	EXP 	Device response: <KeyPress from None: t=348.5933512999909, value=o, duration=0.08123090001754463>
348.7398 	DATA 	Keypress: o
348.7404 	EXP 	Device response: <KeyPress from None: t=348.73317160003353, value=o, duration=None>
348.8220 	EXP 	Device response: <KeyPress from None: t=348.73317160003353, value=o, duration=0.08108270005322993>
348.9243 	DATA 	Keypress: k
348.9249 	EXP 	Device response: <KeyPress from None: t=348.9197021999862, value=k, duration=None>
349.0226 	EXP 	Device response: <KeyPress from None: t=348.9197021999862, value=k, duration=0.09407140000257641>
349.9570 	DATA 	Mouse: Left button down, pos=(575,148)
349.9577 	EXP 	New trial (rep=3, index=11): <Trial 71 (11 in rep 3) data={'test_word': 'P_as_tr_', 'Reference': 'Pastry', 'old_new': 'old', 'thisN': 71, 'thisTrialN': 11, 'thisRepN': 3}>
349.9724 	EXP 	text_2: autoDraw = False
349.9724 	EXP 	textbox: autoDraw = False
349.9724 	EXP 	text_3: autoDraw = False
349.9724 	EXP 	text_2: height = np.float64(0.05)
349.9724 	EXP 	text_2: height = np.float64(0.05)
349.9724 	EXP 	text_2: height = np.float64(0.05)
349.9724 	EXP 	text_2: text = 'P_as_tr_'
349.9724 	EXP 	text_2: autoDraw = True
349.9724 	EXP 	textbox: autoDraw = True
349.9724 	EXP 	text_3: autoDraw = True
350.1899 	DATA 	Mouse:  Left button up, pos=(575,148)
350.8411 	DATA 	Keypress: p
350.8418 	EXP 	Device response: <KeyPress from None: t=350.8329218000872, value=p, duration=None>
350.9560 	EXP 	Device response: <KeyPress from None: t=350.8329218000872, value=p, duration=0.11448099999688566>
351.0557 	DATA 	Keypress: a
351.0562 	EXP 	Device response: <KeyPress from None: t=351.04548420000356, value=a, duration=None>
351.1896 	EXP 	Device response: <KeyPress from None: t=351.04548420000356, value=a, duration=0.13885560003109276>
351.2728 	DATA 	Keypress: s
351.2742 	EXP 	Device response: <KeyPress from None: t=351.2720944000175, value=s, duration=None>
351.4230 	EXP 	Device response: <KeyPress from None: t=351.2720944000175, value=s, duration=0.14094630000181496>
351.5227 	DATA 	Keypress: t
351.5233 	EXP 	Device response: <KeyPress from None: t=351.51625410001725, value=t, duration=None>
351.6061 	EXP 	Device response: <KeyPress from None: t=351.51625410001725, value=t, duration=0.08095239999238402>
351.7056 	DATA 	Keypress: r
351.7063 	EXP 	Device response: <KeyPress from None: t=351.6991885000607, value=r, duration=None>
351.7894 	EXP 	Device response: <KeyPress from None: t=351.6991885000607, value=r, duration=0.07904640003107488>
351.9060 	DATA 	Keypress: y
351.9065 	EXP 	Device response: <KeyPress from None: t=351.89242100005504, value=y, duration=None>
351.9892 	EXP 	Device response: <KeyPress from None: t=351.89242100005504, value=y, duration=0.08541659999173135>
352.8913 	DATA 	Mouse: Left button down, pos=(575,148)
352.8928 	EXP 	New trial (rep=3, index=12): <Trial 72 (12 in rep 3) data={'test_word': '_ou_se', 'Reference': 'mouse', 'old_new': 'old', 'thisN': 72, 'thisTrialN': 12, 'thisRepN': 3}>
352.9379 	EXP 	text_2: autoDraw = False
352.9379 	EXP 	textbox: autoDraw = False
352.9379 	EXP 	text_3: autoDraw = False
352.9379 	EXP 	text_2: height = np.float64(0.05)
352.9379 	EXP 	text_2: height = np.float64(0.05)
352.9379 	EXP 	text_2: height = np.float64(0.05)
352.9379 	EXP 	text_2: text = '_ou_se'
352.9379 	EXP 	text_2: autoDraw = True
352.9379 	EXP 	textbox: autoDraw = True
352.9379 	EXP 	text_3: autoDraw = True
353.1131 	DATA 	Mouse:  Left button up, pos=(575,148)
354.5729 	DATA 	Keypress: h
354.5742 	EXP 	Device response: <KeyPress from None: t=354.5654220000142, value=h, duration=None>
354.6410 	EXP 	Device response: <KeyPress from None: t=354.5654220000142, value=h, duration=0.07511790003627539>
354.7888 	DATA 	Keypress: o
354.7894 	EXP 	Device response: <KeyPress from None: t=354.78020100004505, value=o, duration=None>
354.8889 	EXP 	Device response: <KeyPress from None: t=354.78020100004505, value=o, duration=0.09283670003060251>
355.0101 	DATA 	Keypress: u
355.0235 	EXP 	Device response: <KeyPress from None: t=355.00988510006573, value=u, duration=None>
355.1052 	EXP 	Device response: <KeyPress from None: t=355.00988510006573, value=u, duration=0.07956260000355542>
355.1223 	DATA 	Keypress: s
355.1230 	EXP 	Device response: <KeyPress from None: t=355.1208620000398, value=s, duration=None>
355.2403 	EXP 	Device response: <KeyPress from None: t=355.1208620000398, value=s, duration=0.1042684999993071>
355.3064 	DATA 	Keypress: e
355.3070 	EXP 	Device response: <KeyPress from None: t=355.2948553999886, value=e, duration=None>
355.4084 	EXP 	Device response: <KeyPress from None: t=355.2948553999886, value=e, duration=0.10883620008826256>
356.5571 	DATA 	Mouse: Left button down, pos=(575,148)
356.5578 	EXP 	New trial (rep=3, index=13): <Trial 73 (13 in rep 3) data={'test_word': 'p_nc_l', 'Reference': 'Pencil', 'old_new': 'new', 'thisN': 73, 'thisTrialN': 13, 'thisRepN': 3}>
356.5729 	EXP 	text_2: autoDraw = False
356.5729 	EXP 	textbox: autoDraw = False
356.5729 	EXP 	text_3: autoDraw = False
356.5729 	EXP 	text_2: height = np.float64(0.05)
356.5729 	EXP 	text_2: height = np.float64(0.05)
356.5729 	EXP 	text_2: height = np.float64(0.05)
356.5729 	EXP 	text_2: text = 'p_nc_l'
356.5729 	EXP 	text_2: autoDraw = True
356.5729 	EXP 	textbox: autoDraw = True
356.5729 	EXP 	text_3: autoDraw = True
356.7740 	DATA 	Mouse:  Left button up, pos=(575,148)
357.7391 	DATA 	Keypress: p
357.7397 	EXP 	Device response: <KeyPress from None: t=357.7341778000118, value=p, duration=None>
357.8228 	EXP 	Device response: <KeyPress from None: t=357.7341778000118, value=p, duration=0.07514730002731085>
357.8562 	DATA 	Keypress: e
357.8576 	EXP 	Device response: <KeyPress from None: t=357.8442820000928, value=e, duration=None>
357.9557 	EXP 	Device response: <KeyPress from None: t=357.8442820000928, value=e, duration=0.11059339996427298>
358.0726 	DATA 	Keypress: n
358.0731 	EXP 	Device response: <KeyPress from None: t=358.0602734000422, value=n, duration=None>
358.1390 	EXP 	Device response: <KeyPress from None: t=358.0602734000422, value=n, duration=0.06350209994707257>
358.6893 	DATA 	Keypress: c
358.6899 	EXP 	Device response: <KeyPress from None: t=358.68191690009553, value=c, duration=None>
358.7895 	EXP 	Device response: <KeyPress from None: t=358.68191690009553, value=c, duration=0.1032244999660179>
358.8388 	DATA 	Keypress: i
358.8394 	EXP 	Device response: <KeyPress from None: t=358.8275494000409, value=i, duration=None>
358.9224 	EXP 	Device response: <KeyPress from None: t=358.8275494000409, value=i, duration=0.07837540004402399>
359.0388 	DATA 	Keypress: l
359.0393 	EXP 	Device response: <KeyPress from None: t=359.02703710005153, value=l, duration=None>
359.1054 	EXP 	Device response: <KeyPress from None: t=359.02703710005153, value=l, duration=0.06174539995845407>
360.0749 	DATA 	Mouse: Left button down, pos=(575,148)
360.0756 	EXP 	New trial (rep=3, index=14): <Trial 74 (14 in rep 3) data={'test_word': 'T_hi_t', 'Reference': 'Tshirt', 'old_new': 'old', 'thisN': 74, 'thisTrialN': 14, 'thisRepN': 3}>
360.0892 	EXP 	text_2: autoDraw = False
360.0892 	EXP 	textbox: autoDraw = False
360.0892 	EXP 	text_3: autoDraw = False
360.0892 	EXP 	text_2: height = np.float64(0.05)
360.0892 	EXP 	text_2: height = np.float64(0.05)
360.0892 	EXP 	text_2: height = np.float64(0.05)
360.0892 	EXP 	text_2: text = 'T_hi_t'
360.0892 	EXP 	text_2: autoDraw = True
360.0892 	EXP 	textbox: autoDraw = True
360.0892 	EXP 	text_3: autoDraw = True
360.2996 	DATA 	Mouse:  Left button up, pos=(575,148)
361.2227 	DATA 	Keypress: t
361.2233 	EXP 	Device response: <KeyPress from None: t=361.21983910002746, value=t, duration=None>
361.3251 	EXP 	Device response: <KeyPress from None: t=361.21983910002746, value=t, duration=0.09245480003301054>
361.5064 	DATA 	Keypress: h
361.5070 	EXP 	Device response: <KeyPress from None: t=361.49908530001994, value=h, duration=None>
361.5569 	EXP 	Device response: <KeyPress from None: t=361.49908530001994, value=h, duration=0.05552789999637753>
361.9226 	DATA 	Keypress: backspace
361.9231 	EXP 	Device response: <KeyPress from None: t=361.9200774000492, value=backspace, duration=None>
362.0392 	EXP 	Device response: <KeyPress from None: t=361.9200774000492, value=backspace, duration=0.10651109996251762>
362.2228 	DATA 	Keypress: s
362.2234 	EXP 	Device response: <KeyPress from None: t=362.2208535000682, value=s, duration=None>
362.3733 	EXP 	Device response: <KeyPress from None: t=362.2208535000682, value=s, duration=0.1410973999882117>
362.4229 	DATA 	Keypress: h
362.4235 	EXP 	Device response: <KeyPress from None: t=362.41315530007705, value=h, duration=None>
362.4894 	EXP 	Device response: <KeyPress from None: t=362.41315530007705, value=h, duration=0.0637458999408409>
362.8056 	DATA 	Keypress: i
362.8061 	EXP 	Device response: <KeyPress from None: t=362.8035850999877, value=i, duration=None>
362.9058 	EXP 	Device response: <KeyPress from None: t=362.8035850999877, value=i, duration=0.09667030000127852>
362.9735 	DATA 	Keypress: r
362.9890 	EXP 	Device response: <KeyPress from None: t=362.9719900999917, value=r, duration=None>
363.0730 	EXP 	Device response: <KeyPress from None: t=362.9719900999917, value=r, duration=0.09455870010424405>
363.1725 	DATA 	Keypress: t
363.1733 	EXP 	Device response: <KeyPress from None: t=363.1694828000618, value=t, duration=None>
363.2560 	EXP 	Device response: <KeyPress from None: t=363.1694828000618, value=t, duration=0.08019000000786036>
365.0002 	DATA 	Mouse: Left button down, pos=(576,181)
365.0077 	EXP 	New trial (rep=3, index=15): <Trial 75 (15 in rep 3) data={'test_word': '_ho_e', 'Reference': 'Phone', 'old_new': 'old', 'thisN': 75, 'thisTrialN': 15, 'thisRepN': 3}>
365.0297 	EXP 	text_2: autoDraw = False
365.0297 	EXP 	textbox: autoDraw = False
365.0297 	EXP 	text_3: autoDraw = False
365.0297 	EXP 	text_2: height = np.float64(0.05)
365.0297 	EXP 	text_2: height = np.float64(0.05)
365.0297 	EXP 	text_2: height = np.float64(0.05)
365.0297 	EXP 	text_2: text = '_ho_e'
365.0297 	EXP 	text_2: autoDraw = True
365.0297 	EXP 	textbox: autoDraw = True
365.0297 	EXP 	text_3: autoDraw = True
365.2172 	DATA 	Mouse:  Left button up, pos=(576,181)
367.9811 	DATA 	Keypress: h
367.9817 	EXP 	Device response: <KeyPress from None: t=367.9695360000478, value=h, duration=None>
368.0663 	EXP 	Device response: <KeyPress from None: t=367.9695360000478, value=h, duration=0.08461829996667802>
368.7806 	DATA 	Keypress: o
368.7812 	EXP 	Device response: <KeyPress from None: t=368.77305339998566, value=o, duration=None>
368.8643 	EXP 	Device response: <KeyPress from None: t=368.77305339998566, value=o, duration=0.07909910008311272>
368.9971 	DATA 	Keypress: u
368.9985 	EXP 	Device response: <KeyPress from None: t=368.98656970006414, value=u, duration=None>
369.0809 	EXP 	Device response: <KeyPress from None: t=368.98656970006414, value=u, duration=0.07972849998623133>
369.0977 	DATA 	Keypress: s
369.0983 	EXP 	Device response: <KeyPress from None: t=369.0849543000804, value=s, duration=None>
369.2141 	EXP 	Device response: <KeyPress from None: t=369.0849543000804, value=s, duration=0.11425839993171394>
369.2508 	DATA 	Keypress: e
369.2639 	EXP 	Device response: <KeyPress from None: t=369.2500106000807, value=e, duration=None>
369.4831 	EXP 	Device response: <KeyPress from None: t=369.2500106000807, value=e, duration=0.22045439993962646>
370.4492 	DATA 	Mouse: Left button down, pos=(571,169)
370.4509 	EXP 	New trial (rep=3, index=16): <Trial 76 (16 in rep 3) data={'test_word': '_ha_t', 'Reference': 'Chart', 'old_new': 'old', 'thisN': 76, 'thisTrialN': 16, 'thisRepN': 3}>
370.4794 	EXP 	text_2: autoDraw = False
370.4794 	EXP 	textbox: autoDraw = False
370.4794 	EXP 	text_3: autoDraw = False
370.4794 	EXP 	text_2: height = np.float64(0.05)
370.4794 	EXP 	text_2: height = np.float64(0.05)
370.4794 	EXP 	text_2: height = np.float64(0.05)
370.4794 	EXP 	text_2: text = '_ha_t'
370.4794 	EXP 	text_2: autoDraw = True
370.4794 	EXP 	textbox: autoDraw = True
370.4794 	EXP 	text_3: autoDraw = True
370.6820 	DATA 	Mouse:  Left button up, pos=(571,169)
372.6309 	DATA 	Keypress: w
372.6316 	EXP 	Device response: <KeyPress from None: t=372.6228795000352, value=w, duration=None>
372.7306 	EXP 	Device response: <KeyPress from None: t=372.6228795000352, value=w, duration=0.09463029995094985>
372.7974 	DATA 	Keypress: h
372.7980 	EXP 	Device response: <KeyPress from None: t=372.78856900008395, value=h, duration=None>
372.8810 	EXP 	Device response: <KeyPress from None: t=372.78856900008395, value=h, duration=0.08686159993521869>
372.8975 	DATA 	Keypress: a
372.8980 	EXP 	Device response: <KeyPress from None: t=372.89299660001416, value=a, duration=None>
373.0473 	EXP 	Device response: <KeyPress from None: t=372.89299660001416, value=a, duration=0.13918709999416023>
373.0840 	DATA 	Keypress: t
373.0987 	EXP 	Device response: <KeyPress from None: t=373.0837704000296, value=t, duration=None>
373.1817 	EXP 	Device response: <KeyPress from None: t=373.0837704000296, value=t, duration=0.08344880002550781>
374.1654 	DATA 	Mouse: Left button down, pos=(571,169)
374.1661 	EXP 	New trial (rep=3, index=17): <Trial 77 (17 in rep 3) data={'test_word': 'ta_l_', 'Reference': 'Table', 'old_new': 'new', 'thisN': 77, 'thisTrialN': 17, 'thisRepN': 3}>
374.1801 	EXP 	text_2: autoDraw = False
374.1801 	EXP 	textbox: autoDraw = False
374.1801 	EXP 	text_3: autoDraw = False
374.1801 	EXP 	text_2: height = np.float64(0.05)
374.1801 	EXP 	text_2: height = np.float64(0.05)
374.1801 	EXP 	text_2: height = np.float64(0.05)
374.1801 	EXP 	text_2: text = 'ta_l_'
374.1801 	EXP 	text_2: autoDraw = True
374.1801 	EXP 	textbox: autoDraw = True
374.1801 	EXP 	text_3: autoDraw = True
374.3853 	DATA 	Mouse:  Left button up, pos=(571,169)
375.4509 	DATA 	Keypress: t
375.4634 	EXP 	Device response: <KeyPress from None: t=375.4497227000538, value=t, duration=None>
375.5314 	EXP 	Device response: <KeyPress from None: t=375.4497227000538, value=t, duration=0.08134050003718585>
375.7146 	DATA 	Keypress: a
375.7156 	EXP 	Device response: <KeyPress from None: t=375.70930270000827, value=a, duration=None>
375.8645 	EXP 	Device response: <KeyPress from None: t=375.70930270000827, value=a, duration=0.14062810002360493>
375.8979 	DATA 	Keypress: b
375.8984 	EXP 	Device response: <KeyPress from None: t=375.88350320002064, value=b, duration=None>
375.9474 	EXP 	Device response: <KeyPress from None: t=375.88350320002064, value=b, duration=0.0597128999652341>
377.0478 	DATA 	Keypress: l
377.0485 	EXP 	Device response: <KeyPress from None: t=377.0354923000559, value=l, duration=None>
377.1146 	EXP 	Device response: <KeyPress from None: t=377.0354923000559, value=l, duration=0.06380240002181381>
377.1512 	DATA 	Keypress: e
377.1640 	EXP 	Device response: <KeyPress from None: t=377.1487277999986, value=e, duration=None>
377.2484 	EXP 	Device response: <KeyPress from None: t=377.1487277999986, value=e, duration=0.09770809998735785>
377.3824 	DATA 	Keypress: t
377.3970 	EXP 	Device response: <KeyPress from None: t=377.3809317999985, value=t, duration=None>
377.5136 	EXP 	Device response: <KeyPress from None: t=377.3809317999985, value=t, duration=0.12926399998832494>
378.4166 	DATA 	Mouse: Left button down, pos=(571,169)
378.4307 	EXP 	New trial (rep=3, index=18): <Trial 78 (18 in rep 3) data={'test_word': 'P_li_e', 'Reference': 'Police', 'old_new': 'old', 'thisN': 78, 'thisTrialN': 18, 'thisRepN': 3}>
378.4481 	EXP 	text_2: autoDraw = False
378.4481 	EXP 	textbox: autoDraw = False
378.4481 	EXP 	text_3: autoDraw = False
378.4481 	EXP 	text_2: height = np.float64(0.05)
378.4481 	EXP 	text_2: height = np.float64(0.05)
378.4481 	EXP 	text_2: height = np.float64(0.05)
378.4481 	EXP 	text_2: text = 'P_li_e'
378.4481 	EXP 	text_2: autoDraw = True
378.4481 	EXP 	textbox: autoDraw = True
378.4481 	EXP 	text_3: autoDraw = True
378.6484 	DATA 	Mouse:  Left button up, pos=(571,169)
379.5308 	DATA 	Keypress: p
379.5323 	EXP 	Device response: <KeyPress from None: t=379.52695369999856, value=p, duration=None>
379.6131 	EXP 	Device response: <KeyPress from None: t=379.52695369999856, value=p, duration=0.07374670007266104>
379.7129 	DATA 	Keypress: o
379.7137 	EXP 	Device response: <KeyPress from None: t=379.7068261000095, value=o, duration=None>
379.7979 	EXP 	Device response: <KeyPress from None: t=379.7068261000095, value=o, duration=0.08102070004679263>
379.9010 	DATA 	Keypress: l
379.9136 	EXP 	Device response: <KeyPress from None: t=379.90058870008215, value=l, duration=None>
379.9965 	EXP 	Device response: <KeyPress from None: t=379.90058870008215, value=l, duration=0.081553699914366>
380.0969 	DATA 	Keypress: i
380.0983 	EXP 	Device response: <KeyPress from None: t=380.09064440010116, value=i, duration=None>
380.1820 	EXP 	Device response: <KeyPress from None: t=380.09064440010116, value=i, duration=0.07938539993483573>
380.2473 	DATA 	Keypress: c
380.2485 	EXP 	Device response: <KeyPress from None: t=380.24560490006115, value=c, duration=None>
380.3635 	EXP 	Device response: <KeyPress from None: t=380.24560490006115, value=c, duration=0.1070672000059858>
380.4695 	DATA 	Keypress: e
380.4815 	EXP 	Device response: <KeyPress from None: t=380.46849400002975, value=e, duration=None>
380.5980 	EXP 	Device response: <KeyPress from None: t=380.46849400002975, value=e, duration=0.12763640005141497>
381.3514 	DATA 	Mouse: Left button down, pos=(571,169)
381.3648 	EXP 	New trial (rep=3, index=19): <Trial 79 (19 in rep 3) data={'test_word': 'l_pt_p', 'Reference': 'Laptop', 'old_new': 'old', 'thisN': 79, 'thisTrialN': 19, 'thisRepN': 3}>
381.3799 	EXP 	text_2: autoDraw = False
381.3799 	EXP 	textbox: autoDraw = False
381.3799 	EXP 	text_3: autoDraw = False
381.3799 	EXP 	text_2: height = np.float64(0.05)
381.3799 	EXP 	text_2: height = np.float64(0.05)
381.3799 	EXP 	text_2: height = np.float64(0.05)
381.3799 	EXP 	text_2: text = 'l_pt_p'
381.3799 	EXP 	text_2: autoDraw = True
381.3799 	EXP 	textbox: autoDraw = True
381.3799 	EXP 	text_3: autoDraw = True
381.5819 	DATA 	Mouse:  Left button up, pos=(571,169)
382.2813 	DATA 	Keypress: l
382.2825 	EXP 	Device response: <KeyPress from None: t=382.2769006000599, value=l, duration=None>
382.3476 	EXP 	Device response: <KeyPress from None: t=382.2769006000599, value=l, duration=0.0653541999636218>
382.3799 	DATA 	Keypress: a
382.3814 	EXP 	Device response: <KeyPress from None: t=382.37300250004046, value=a, duration=None>
382.5314 	EXP 	Device response: <KeyPress from None: t=382.37300250004046, value=a, duration=0.14964750001672655>
382.5801 	DATA 	Keypress: p
382.5813 	EXP 	Device response: <KeyPress from None: t=382.57231080008205, value=p, duration=None>
382.6639 	EXP 	Device response: <KeyPress from None: t=382.57231080008205, value=p, duration=0.0798103999113664>
382.8663 	DATA 	Keypress: t
382.8799 	EXP 	Device response: <KeyPress from None: t=382.86569450004026, value=t, duration=None>
382.9639 	EXP 	Device response: <KeyPress from None: t=382.86569450004026, value=t, duration=0.08198430004995316>
383.0139 	DATA 	Keypress: o
383.0151 	EXP 	Device response: <KeyPress from None: t=383.00585820002016, value=o, duration=None>
383.0806 	EXP 	Device response: <KeyPress from None: t=383.00585820002016, value=o, duration=0.06655720004346222>
383.1804 	DATA 	Keypress: p
383.1817 	EXP 	Device response: <KeyPress from None: t=383.1798598000314, value=p, duration=None>
383.2472 	EXP 	Device response: <KeyPress from None: t=383.1798598000314, value=p, duration=0.0627169000217691>
384.4512 	DATA 	Mouse: Left button down, pos=(571,169)
384.4536 	EXP 	New trial (rep=4, index=0): <Trial 80 (0 in rep 4) data={'test_word': 'bo_t_e', 'Reference': 'Bottle', 'old_new': 'new', 'thisN': 80, 'thisTrialN': 0, 'thisRepN': 4}>
384.4794 	EXP 	text_2: autoDraw = False
384.4794 	EXP 	textbox: autoDraw = False
384.4794 	EXP 	text_3: autoDraw = False
384.4794 	EXP 	text_2: height = np.float64(0.05)
384.4794 	EXP 	text_2: height = np.float64(0.05)
384.4794 	EXP 	text_2: height = np.float64(0.05)
384.4794 	EXP 	text_2: text = 'bo_t_e'
384.4794 	EXP 	text_2: autoDraw = True
384.4794 	EXP 	textbox: autoDraw = True
384.4794 	EXP 	text_3: autoDraw = True
384.6702 	DATA 	Mouse:  Left button up, pos=(571,169)
385.4300 	DATA 	Keypress: b
385.4307 	EXP 	Device response: <KeyPress from None: t=385.4188313999912, value=b, duration=None>
385.4977 	EXP 	Device response: <KeyPress from None: t=385.4188313999912, value=b, duration=0.07191690010949969>
385.5792 	DATA 	Keypress: o
385.5799 	EXP 	Device response: <KeyPress from None: t=385.57675000000745, value=o, duration=None>
385.6465 	EXP 	Device response: <KeyPress from None: t=385.57675000000745, value=o, duration=0.06278420006856322>
385.8297 	DATA 	Keypress: t
385.8305 	EXP 	Device response: <KeyPress from None: t=385.8258961000247, value=t, duration=None>
385.9310 	EXP 	Device response: <KeyPress from None: t=385.8258961000247, value=t, duration=0.0908773000119254>
386.0126 	DATA 	Keypress: t
386.0133 	EXP 	Device response: <KeyPress from None: t=386.0111015000148, value=t, duration=None>
386.0965 	EXP 	Device response: <KeyPress from None: t=386.0111015000148, value=t, duration=0.07483900000806898>
386.1961 	DATA 	Keypress: l
386.1974 	EXP 	Device response: <KeyPress from None: t=386.18723700009286, value=l, duration=None>
386.2472 	EXP 	Device response: <KeyPress from None: t=386.18723700009286, value=l, duration=0.04663479991722852>
386.3165 	DATA 	Keypress: e
386.3292 	EXP 	Device response: <KeyPress from None: t=386.3145711000543, value=e, duration=None>
386.4467 	EXP 	Device response: <KeyPress from None: t=386.3145711000543, value=e, duration=0.12401170004159212>
387.2153 	DATA 	Mouse: Left button down, pos=(571,169)
387.2172 	EXP 	New trial (rep=4, index=1): <Trial 81 (1 in rep 4) data={'test_word': 'K_y_', 'Reference': 'Keys', 'old_new': 'old', 'thisN': 81, 'thisTrialN': 1, 'thisRepN': 4}>
387.2462 	EXP 	text_2: autoDraw = False
387.2462 	EXP 	textbox: autoDraw = False
387.2462 	EXP 	text_3: autoDraw = False
387.2462 	EXP 	text_2: height = np.float64(0.05)
387.2462 	EXP 	text_2: height = np.float64(0.05)
387.2462 	EXP 	text_2: height = np.float64(0.05)
387.2462 	EXP 	text_2: text = 'K_y_'
387.2462 	EXP 	text_2: autoDraw = True
387.2462 	EXP 	textbox: autoDraw = True
387.2462 	EXP 	text_3: autoDraw = True
387.4319 	DATA 	Mouse:  Left button up, pos=(571,169)
388.1963 	DATA 	Keypress: k
388.1974 	EXP 	Device response: <KeyPress from None: t=388.1909686999861, value=k, duration=None>
388.2822 	EXP 	Device response: <KeyPress from None: t=388.1909686999861, value=k, duration=0.07686400006059557>
388.3140 	DATA 	Keypress: e
388.3153 	EXP 	Device response: <KeyPress from None: t=388.31120340002235, value=e, duration=None>
388.4142 	EXP 	Device response: <KeyPress from None: t=388.31120340002235, value=e, duration=0.1021648000460118>
388.4808 	DATA 	Keypress: y
388.4820 	EXP 	Device response: <KeyPress from None: t=388.4782727001002, value=y, duration=None>
388.5640 	EXP 	Device response: <KeyPress from None: t=388.4782727001002, value=y, duration=0.07647469989024103>
388.6468 	DATA 	Keypress: s
388.6481 	EXP 	Device response: <KeyPress from None: t=388.6407407000661, value=s, duration=None>
388.7636 	EXP 	Device response: <KeyPress from None: t=388.6407407000661, value=s, duration=0.11360189993865788>
390.3146 	DATA 	Mouse: Left button down, pos=(571,169)
390.3156 	EXP 	New trial (rep=4, index=2): <Trial 82 (2 in rep 4) data={'test_word': '_a_bl_', 'Reference': 'Marble', 'old_new': 'old', 'thisN': 82, 'thisTrialN': 2, 'thisRepN': 4}>
390.3453 	EXP 	text_2: autoDraw = False
390.3453 	EXP 	textbox: autoDraw = False
390.3453 	EXP 	text_3: autoDraw = False
390.3453 	EXP 	text_2: height = np.float64(0.05)
390.3453 	EXP 	text_2: height = np.float64(0.05)
390.3453 	EXP 	text_2: height = np.float64(0.05)
390.3453 	EXP 	text_2: text = '_a_bl_'
390.3453 	EXP 	text_2: autoDraw = True
390.3453 	EXP 	textbox: autoDraw = True
390.3453 	EXP 	text_3: autoDraw = True
390.5305 	DATA 	Mouse:  Left button up, pos=(571,169)
392.0801 	DATA 	Keypress: t
392.0812 	EXP 	Device response: <KeyPress from None: t=392.07051049999427, value=t, duration=None>
392.1477 	EXP 	Device response: <KeyPress from None: t=392.07051049999427, value=t, duration=0.07483940001111478>
392.3664 	DATA 	Keypress: a
392.3799 	EXP 	Device response: <KeyPress from None: t=392.3656194000505, value=a, duration=None>
392.5302 	EXP 	Device response: <KeyPress from None: t=392.3656194000505, value=a, duration=0.15804050001315773>
392.6312 	DATA 	Keypress: b
392.6330 	EXP 	Device response: <KeyPress from None: t=392.61894489999395, value=b, duration=None>
392.6973 	EXP 	Device response: <KeyPress from None: t=392.61894489999395, value=b, duration=0.0669365000212565>
392.8828 	DATA 	Keypress: l
392.8964 	EXP 	Device response: <KeyPress from None: t=392.88133120001294, value=l, duration=None>
392.9472 	EXP 	Device response: <KeyPress from None: t=392.88133120001294, value=l, duration=0.05466570006683469>
393.0468 	DATA 	Keypress: e
393.0481 	EXP 	Device response: <KeyPress from None: t=393.0395158000756, value=e, duration=None>
393.1483 	EXP 	Device response: <KeyPress from None: t=393.0395158000756, value=e, duration=0.09091829997487366>
394.4476 	DATA 	Mouse: Left button down, pos=(571,169)
394.4493 	EXP 	New trial (rep=4, index=3): <Trial 83 (3 in rep 4) data={'test_word': 'v_s_', 'Reference': 'Vase', 'old_new': 'new', 'thisN': 83, 'thisTrialN': 3, 'thisRepN': 4}>
394.4787 	EXP 	text_2: autoDraw = False
394.4787 	EXP 	textbox: autoDraw = False
394.4787 	EXP 	text_3: autoDraw = False
394.4787 	EXP 	text_2: height = np.float64(0.05)
394.4787 	EXP 	text_2: height = np.float64(0.05)
394.4787 	EXP 	text_2: height = np.float64(0.05)
394.4787 	EXP 	text_2: text = 'v_s_'
394.4787 	EXP 	text_2: autoDraw = True
394.4787 	EXP 	textbox: autoDraw = True
394.4787 	EXP 	text_3: autoDraw = True
394.6834 	DATA 	Mouse:  Left button up, pos=(571,169)
395.3967 	DATA 	Keypress: v
395.3972 	EXP 	Device response: <KeyPress from None: t=395.39491870009806, value=v, duration=None>
395.4814 	EXP 	Device response: <KeyPress from None: t=395.39491870009806, value=v, duration=0.07607989991083741>
395.8466 	DATA 	Keypress: i
395.8473 	EXP 	Device response: <KeyPress from None: t=395.8439383000368, value=i, duration=None>
395.9293 	EXP 	Device response: <KeyPress from None: t=395.8439383000368, value=i, duration=0.07954780000727624>
396.0129 	DATA 	Keypress: s
396.0136 	EXP 	Device response: <KeyPress from None: t=396.00354549998883, value=s, duration=None>
396.0969 	EXP 	Device response: <KeyPress from None: t=396.00354549998883, value=s, duration=0.0819978000363335>
396.2133 	DATA 	Keypress: a
396.2143 	EXP 	Device response: <KeyPress from None: t=396.2100852000294, value=a, duration=None>
396.3638 	EXP 	Device response: <KeyPress from None: t=396.2100852000294, value=a, duration=0.14692560001276433>
397.6473 	DATA 	Mouse: Left button down, pos=(571,169)
397.6495 	EXP 	New trial (rep=4, index=4): <Trial 84 (4 in rep 4) data={'test_word': 'c_s_', 'Reference': 'Case', 'old_new': 'old', 'thisN': 84, 'thisTrialN': 4, 'thisRepN': 4}>
397.6785 	EXP 	text_2: autoDraw = False
397.6785 	EXP 	textbox: autoDraw = False
397.6785 	EXP 	text_3: autoDraw = False
397.6785 	EXP 	text_2: height = np.float64(0.05)
397.6785 	EXP 	text_2: height = np.float64(0.05)
397.6785 	EXP 	text_2: height = np.float64(0.05)
397.6785 	EXP 	text_2: text = 'c_s_'
397.6785 	EXP 	text_2: autoDraw = True
397.6785 	EXP 	textbox: autoDraw = True
397.6785 	EXP 	text_3: autoDraw = True
397.8671 	DATA 	Mouse:  Left button up, pos=(571,169)
398.9129 	DATA 	Keypress: c
398.9137 	EXP 	Device response: <KeyPress from None: t=398.9079351000255, value=c, duration=None>
399.0135 	EXP 	Device response: <KeyPress from None: t=398.9079351000255, value=c, duration=0.09695819998160005>
399.1129 	DATA 	Keypress: a
399.1138 	EXP 	Device response: <KeyPress from None: t=399.1071790000424, value=a, duration=None>
399.2127 	EXP 	Device response: <KeyPress from None: t=399.1071790000424, value=a, duration=0.1003084999974817>
399.2969 	DATA 	Keypress: s
399.2980 	EXP 	Device response: <KeyPress from None: t=399.2895680000074, value=s, duration=None>
399.3972 	EXP 	Device response: <KeyPress from None: t=399.2895680000074, value=s, duration=0.10115560004487634>
399.4995 	DATA 	Keypress: e
399.5133 	EXP 	Device response: <KeyPress from None: t=399.4991398000857, value=e, duration=None>
399.5964 	EXP 	Device response: <KeyPress from None: t=399.4991398000857, value=e, duration=0.0938676999649033>
401.5978 	DATA 	Mouse: Left button down, pos=(571,169)
401.5988 	EXP 	New trial (rep=4, index=5): <Trial 85 (5 in rep 4) data={'test_word': 'P_as_tr_', 'Reference': 'Pastry', 'old_new': 'old', 'thisN': 85, 'thisTrialN': 5, 'thisRepN': 4}>
401.6158 	EXP 	text_2: autoDraw = False
401.6158 	EXP 	textbox: autoDraw = False
401.6158 	EXP 	text_3: autoDraw = False
401.6158 	EXP 	text_2: height = np.float64(0.05)
401.6158 	EXP 	text_2: height = np.float64(0.05)
401.6158 	EXP 	text_2: height = np.float64(0.05)
401.6158 	EXP 	text_2: text = 'P_as_tr_'
401.6158 	EXP 	text_2: autoDraw = True
401.6158 	EXP 	textbox: autoDraw = True
401.6158 	EXP 	text_3: autoDraw = True
401.8145 	DATA 	Mouse:  Left button up, pos=(571,169)
402.8035 	DATA 	Keypress: p
402.8145 	EXP 	Device response: <KeyPress from None: t=402.7977987000486, value=p, duration=None>
402.8825 	EXP 	Device response: <KeyPress from None: t=402.7977987000486, value=p, duration=0.07934469997417182>
402.9465 	DATA 	Keypress: a
402.9476 	EXP 	Device response: <KeyPress from None: t=402.93853640009183, value=a, duration=None>
403.0471 	EXP 	Device response: <KeyPress from None: t=402.93853640009183, value=a, duration=0.10100689996033907>
403.1973 	DATA 	Keypress: s
403.1980 	EXP 	Device response: <KeyPress from None: t=403.1849968000315, value=s, duration=None>
403.3134 	EXP 	Device response: <KeyPress from None: t=403.1849968000315, value=s, duration=0.11585840000770986>
404.0669 	DATA 	Keypress: t
404.0799 	EXP 	Device response: <KeyPress from None: t=404.06523509998806, value=t, duration=None>
404.1464 	EXP 	Device response: <KeyPress from None: t=404.06523509998806, value=t, duration=0.06882670009508729>
404.2467 	DATA 	Keypress: r
404.2476 	EXP 	Device response: <KeyPress from None: t=404.2462693999987, value=r, duration=None>
404.3136 	EXP 	Device response: <KeyPress from None: t=404.2462693999987, value=r, duration=0.0622034000698477>
404.4135 	DATA 	Keypress: y
404.4156 	EXP 	Device response: <KeyPress from None: t=404.4015694000991, value=y, duration=None>
404.4805 	EXP 	Device response: <KeyPress from None: t=404.4015694000991, value=y, duration=0.07735599996522069>
405.2636 	DATA 	Mouse: Left button down, pos=(571,169)
405.2643 	EXP 	New trial (rep=4, index=6): <Trial 86 (6 in rep 4) data={'test_word': '_ou_se', 'Reference': 'mouse', 'old_new': 'old', 'thisN': 86, 'thisTrialN': 6, 'thisRepN': 4}>
405.2953 	EXP 	text_2: autoDraw = False
405.2953 	EXP 	textbox: autoDraw = False
405.2953 	EXP 	text_3: autoDraw = False
405.2953 	EXP 	text_2: height = np.float64(0.05)
405.2953 	EXP 	text_2: height = np.float64(0.05)
405.2953 	EXP 	text_2: height = np.float64(0.05)
405.2953 	EXP 	text_2: text = '_ou_se'
405.2953 	EXP 	text_2: autoDraw = True
405.2953 	EXP 	textbox: autoDraw = True
405.2953 	EXP 	text_3: autoDraw = True
405.4812 	DATA 	Mouse:  Left button up, pos=(571,169)
407.0293 	DATA 	Keypress: m
407.0300 	EXP 	Device response: <KeyPress from None: t=407.0265405999962, value=m, duration=None>
407.0961 	EXP 	Device response: <KeyPress from None: t=407.0265405999962, value=m, duration=0.06669360003434122>
407.3127 	DATA 	Keypress: p
407.3136 	EXP 	Device response: <KeyPress from None: t=407.29974520008545, value=p, duration=None>
407.3796 	EXP 	Device response: <KeyPress from None: t=407.29974520008545, value=p, duration=0.07078339997678995>
407.9960 	DATA 	Keypress: backspace
407.9966 	EXP 	Device response: <KeyPress from None: t=407.9860590000171, value=backspace, duration=None>
408.1300 	EXP 	Device response: <KeyPress from None: t=407.9860590000171, value=backspace, duration=0.13818550005089492>
408.7630 	DATA 	Keypress: o
408.7642 	EXP 	Device response: <KeyPress from None: t=408.75354160007555, value=o, duration=None>
408.8302 	EXP 	Device response: <KeyPress from None: t=408.75354160007555, value=o, duration=0.06781399995088577>
408.9809 	DATA 	Keypress: u
408.9823 	EXP 	Device response: <KeyPress from None: t=408.97860400006175, value=u, duration=None>
409.0632 	EXP 	Device response: <KeyPress from None: t=408.97860400006175, value=u, duration=0.06894679996185005>
409.1633 	DATA 	Keypress: s
409.1648 	EXP 	Device response: <KeyPress from None: t=409.15971790009644, value=s, duration=None>
409.2660 	EXP 	Device response: <KeyPress from None: t=409.15971790009644, value=s, duration=0.0965923999901861>
409.3802 	DATA 	Keypress: e
409.3815 	EXP 	Device response: <KeyPress from None: t=409.37712530000135, value=e, duration=None>
409.4637 	EXP 	Device response: <KeyPress from None: t=409.37712530000135, value=e, duration=0.07920290005858988>
410.4306 	DATA 	Mouse: Left button down, pos=(571,169)
410.4326 	EXP 	New trial (rep=4, index=7): <Trial 87 (7 in rep 4) data={'test_word': 'l_pt_p', 'Reference': 'Laptop', 'old_new': 'old', 'thisN': 87, 'thisTrialN': 7, 'thisRepN': 4}>
410.4463 	EXP 	text_2: autoDraw = False
410.4463 	EXP 	textbox: autoDraw = False
410.4463 	EXP 	text_3: autoDraw = False
410.4463 	EXP 	text_2: height = np.float64(0.05)
410.4463 	EXP 	text_2: height = np.float64(0.05)
410.4463 	EXP 	text_2: height = np.float64(0.05)
410.4463 	EXP 	text_2: text = 'l_pt_p'
410.4463 	EXP 	text_2: autoDraw = True
410.4463 	EXP 	textbox: autoDraw = True
410.4463 	EXP 	text_3: autoDraw = True
410.6360 	DATA 	Mouse:  Left button up, pos=(571,169)
411.4861 	DATA 	Keypress: k
411.4975 	EXP 	Device response: <KeyPress from None: t=411.4814452000428, value=k, duration=None>
411.5469 	EXP 	Device response: <KeyPress from None: t=411.4814452000428, value=k, duration=0.0627223999472335>
412.4631 	DATA 	Keypress: backspace
412.4639 	EXP 	Device response: <KeyPress from None: t=412.45050989999436, value=backspace, duration=None>
412.5470 	EXP 	Device response: <KeyPress from None: t=412.45050989999436, value=backspace, duration=0.08853130007628351>
412.7660 	DATA 	Keypress: l
412.7675 	EXP 	Device response: <KeyPress from None: t=412.7624639000278, value=l, duration=None>
412.8462 	EXP 	Device response: <KeyPress from None: t=412.7624639000278, value=l, duration=0.07102909998502582>
412.8959 	DATA 	Keypress: a
412.8966 	EXP 	Device response: <KeyPress from None: t=412.89549910009373, value=a, duration=None>
413.0308 	EXP 	Device response: <KeyPress from None: t=412.89549910009373, value=a, duration=0.1306347999488935>
413.0473 	DATA 	Keypress: p
413.0486 	EXP 	Device response: <KeyPress from None: t=413.0455074000638, value=p, duration=None>
413.1296 	EXP 	Device response: <KeyPress from None: t=413.0455074000638, value=p, duration=0.07052279997151345>
413.5801 	DATA 	Keypress: t
413.5811 	EXP 	Device response: <KeyPress from None: t=413.56860480003525, value=t, duration=None>
413.6640 	EXP 	Device response: <KeyPress from None: t=413.56860480003525, value=t, duration=0.09042919997591525>
413.7470 	DATA 	Keypress: o
413.7482 	EXP 	Device response: <KeyPress from None: t=413.7408882000018, value=o, duration=None>
413.8294 	EXP 	Device response: <KeyPress from None: t=413.7408882000018, value=o, duration=0.07499500003177673>
413.9294 	DATA 	Keypress: p
413.9307 	EXP 	Device response: <KeyPress from None: t=413.92441380000673, value=p, duration=None>
414.0134 	EXP 	Device response: <KeyPress from None: t=413.92441380000673, value=p, duration=0.08052060008049011>
414.7020 	DATA 	Mouse: Left button down, pos=(571,169)
414.7171 	EXP 	New trial (rep=4, index=8): <Trial 88 (8 in rep 4) data={'test_word': 'c_m_ra', 'Reference': 'Camera', 'old_new': 'new', 'thisN': 88, 'thisTrialN': 8, 'thisRepN': 4}>
414.7460 	EXP 	text_2: autoDraw = False
414.7460 	EXP 	textbox: autoDraw = False
414.7460 	EXP 	text_3: autoDraw = False
414.7460 	EXP 	text_2: height = np.float64(0.05)
414.7460 	EXP 	text_2: height = np.float64(0.05)
414.7460 	EXP 	text_2: height = np.float64(0.05)
414.7460 	EXP 	text_2: text = 'c_m_ra'
414.7460 	EXP 	text_2: autoDraw = True
414.7460 	EXP 	textbox: autoDraw = True
414.7460 	EXP 	text_3: autoDraw = True
414.9180 	DATA 	Mouse:  Left button up, pos=(571,169)
415.7815 	DATA 	Keypress: c
415.7828 	EXP 	Device response: <KeyPress from None: t=415.77575450006407, value=c, duration=None>
415.8633 	EXP 	Device response: <KeyPress from None: t=415.77575450006407, value=c, duration=0.07589829992502928>
416.0292 	DATA 	Keypress: a
416.0298 	EXP 	Device response: <KeyPress from None: t=416.0244991000509, value=a, duration=None>
416.1796 	EXP 	Device response: <KeyPress from None: t=416.0244991000509, value=a, duration=0.1410319999558851>
416.3144 	DATA 	Keypress: m
416.3289 	EXP 	Device response: <KeyPress from None: t=416.3131804000586, value=m, duration=None>
416.3799 	EXP 	Device response: <KeyPress from None: t=416.3131804000586, value=m, duration=0.06221539992839098>
416.4492 	DATA 	Keypress: e
416.4629 	EXP 	Device response: <KeyPress from None: t=416.44715010002255, value=e, duration=None>
416.5628 	EXP 	Device response: <KeyPress from None: t=416.44715010002255, value=e, duration=0.10055760003160685>
416.6633 	DATA 	Keypress: r
416.6639 	EXP 	Device response: <KeyPress from None: t=416.6536152000772, value=r, duration=None>
416.7457 	EXP 	Device response: <KeyPress from None: t=416.6536152000772, value=r, duration=0.08271410001907498>
416.8794 	DATA 	Keypress: a
416.8800 	EXP 	Device response: <KeyPress from None: t=416.8742785000941, value=a, duration=None>
417.0497 	EXP 	Device response: <KeyPress from None: t=416.8742785000941, value=a, duration=0.15721469989512116>
420.4840 	DATA 	Mouse: Left button down, pos=(571,169)
420.4854 	EXP 	New trial (rep=4, index=9): <Trial 89 (9 in rep 4) data={'test_word': '_oo_', 'Reference': 'Book', 'old_new': 'old', 'thisN': 89, 'thisTrialN': 9, 'thisRepN': 4}>
420.5116 	EXP 	text_2: autoDraw = False
420.5116 	EXP 	textbox: autoDraw = False
420.5116 	EXP 	text_3: autoDraw = False
420.5116 	EXP 	text_2: height = np.float64(0.05)
420.5116 	EXP 	text_2: height = np.float64(0.05)
420.5116 	EXP 	text_2: height = np.float64(0.05)
420.5116 	EXP 	text_2: text = '_oo_'
420.5116 	EXP 	text_2: autoDraw = True
420.5116 	EXP 	textbox: autoDraw = True
420.5116 	EXP 	text_3: autoDraw = True
420.7046 	DATA 	Mouse:  Left button up, pos=(571,169)
422.4135 	DATA 	Keypress: h
422.4147 	EXP 	Device response: <KeyPress from None: t=422.4104708000086, value=h, duration=None>
422.4801 	EXP 	Device response: <KeyPress from None: t=422.4104708000086, value=h, duration=0.06605120003223419>
422.7839 	DATA 	Keypress: o
422.7964 	EXP 	Device response: <KeyPress from None: t=422.78203380003106, value=o, duration=None>
422.8632 	EXP 	Device response: <KeyPress from None: t=422.78203380003106, value=o, duration=0.0675518000498414>
422.9460 	DATA 	Keypress: o
422.9471 	EXP 	Device response: <KeyPress from None: t=422.9345710000489, value=o, duration=None>
423.0132 	EXP 	Device response: <KeyPress from None: t=422.9345710000489, value=o, duration=0.07502099999692291>
423.1351 	DATA 	Keypress: k
423.1474 	EXP 	Device response: <KeyPress from None: t=423.13430939998943, value=k, duration=None>
423.2137 	EXP 	Device response: <KeyPress from None: t=423.13430939998943, value=k, duration=0.0679606000194326>
424.1310 	DATA 	Mouse: Left button down, pos=(571,169)
424.1331 	EXP 	New trial (rep=4, index=10): <Trial 90 (10 in rep 4) data={'test_word': '_o_rd', 'Reference': 'Board', 'old_new': 'old', 'thisN': 90, 'thisTrialN': 10, 'thisRepN': 4}>
424.1630 	EXP 	text_2: autoDraw = False
424.1630 	EXP 	textbox: autoDraw = False
424.1630 	EXP 	text_3: autoDraw = False
424.1630 	EXP 	text_2: height = np.float64(0.05)
424.1630 	EXP 	text_2: height = np.float64(0.05)
424.1630 	EXP 	text_2: height = np.float64(0.05)
424.1630 	EXP 	text_2: text = '_o_rd'
424.1630 	EXP 	text_2: autoDraw = True
424.1630 	EXP 	textbox: autoDraw = True
424.1630 	EXP 	text_3: autoDraw = True
424.3514 	DATA 	Mouse:  Left button up, pos=(571,169)
425.0818 	DATA 	Keypress: w
425.0830 	EXP 	Device response: <KeyPress from None: t=425.0797583000967, value=w, duration=None>
425.1991 	EXP 	Device response: <KeyPress from None: t=425.0797583000967, value=w, duration=0.11184789997059852>
425.2630 	DATA 	Keypress: o
425.2642 	EXP 	Device response: <KeyPress from None: t=425.25612370006274, value=o, duration=None>
425.3468 	EXP 	Device response: <KeyPress from None: t=425.25612370006274, value=o, duration=0.08160889998544008>
425.4167 	DATA 	Keypress: r
425.4298 	EXP 	Device response: <KeyPress from None: t=425.414725300041, value=r, duration=None>
425.5130 	EXP 	Device response: <KeyPress from None: t=425.414725300041, value=r, duration=0.09148109995294362>
425.6342 	DATA 	Keypress: d
425.6473 	EXP 	Device response: <KeyPress from None: t=425.631446500076, value=d, duration=None>
425.7643 	EXP 	Device response: <KeyPress from None: t=425.631446500076, value=d, duration=0.12553730001673102>
426.5346 	DATA 	Mouse: Left button down, pos=(571,169)
426.5494 	EXP 	New trial (rep=4, index=11): <Trial 91 (11 in rep 4) data={'test_word': 'P_li_e', 'Reference': 'Police', 'old_new': 'old', 'thisN': 91, 'thisTrialN': 11, 'thisRepN': 4}>
426.5626 	EXP 	text_2: autoDraw = False
426.5626 	EXP 	textbox: autoDraw = False
426.5626 	EXP 	text_3: autoDraw = False
426.5626 	EXP 	text_2: height = np.float64(0.05)
426.5626 	EXP 	text_2: height = np.float64(0.05)
426.5626 	EXP 	text_2: height = np.float64(0.05)
426.5626 	EXP 	text_2: text = 'P_li_e'
426.5626 	EXP 	text_2: autoDraw = True
426.5626 	EXP 	textbox: autoDraw = True
426.5626 	EXP 	text_3: autoDraw = True
426.7648 	DATA 	Mouse:  Left button up, pos=(571,169)
427.3642 	DATA 	Keypress: p
427.3654 	EXP 	Device response: <KeyPress from None: t=427.3624192000134, value=p, duration=None>
427.4468 	EXP 	Device response: <KeyPress from None: t=427.3624192000134, value=p, duration=0.07631030003540218>
427.5628 	DATA 	Keypress: o
427.5641 	EXP 	Device response: <KeyPress from None: t=427.5562264000764, value=o, duration=None>
427.6464 	EXP 	Device response: <KeyPress from None: t=427.5562264000764, value=o, duration=0.07705550000537187>
427.7646 	DATA 	Keypress: l
427.7662 	EXP 	Device response: <KeyPress from None: t=427.75721630000044, value=l, duration=None>
427.8464 	EXP 	Device response: <KeyPress from None: t=427.75721630000044, value=l, duration=0.07549760001711547>
427.9324 	DATA 	Keypress: i
427.9461 	EXP 	Device response: <KeyPress from None: t=427.9319721000502, value=i, duration=None>
428.0316 	EXP 	Device response: <KeyPress from None: t=427.9319721000502, value=i, duration=0.0955124000320211>
428.0962 	DATA 	Keypress: c
428.0974 	EXP 	Device response: <KeyPress from None: t=428.08517670002766, value=c, duration=None>
428.1797 	EXP 	Device response: <KeyPress from None: t=428.08517670002766, value=c, duration=0.08304639998823404>
428.2804 	DATA 	Keypress: e
428.2817 	EXP 	Device response: <KeyPress from None: t=428.2786177000962, value=e, duration=None>
428.3964 	EXP 	Device response: <KeyPress from None: t=428.2786177000962, value=e, duration=0.11509340000338852>
429.4657 	DATA 	Mouse: Left button down, pos=(571,169)
429.4683 	EXP 	New trial (rep=4, index=12): <Trial 92 (12 in rep 4) data={'test_word': 'c_s_io_', 'Reference': 'Cushion', 'old_new': 'new', 'thisN': 92, 'thisTrialN': 12, 'thisRepN': 4}>
429.4954 	EXP 	text_2: autoDraw = False
429.4954 	EXP 	textbox: autoDraw = False
429.4954 	EXP 	text_3: autoDraw = False
429.4954 	EXP 	text_2: height = np.float64(0.05)
429.4954 	EXP 	text_2: height = np.float64(0.05)
429.4954 	EXP 	text_2: height = np.float64(0.05)
429.4954 	EXP 	text_2: text = 'c_s_io_'
429.4954 	EXP 	text_2: autoDraw = True
429.4954 	EXP 	textbox: autoDraw = True
429.4954 	EXP 	text_3: autoDraw = True
429.6829 	DATA 	Mouse:  Left button up, pos=(571,169)
430.3633 	DATA 	Keypress: c
430.3644 	EXP 	Device response: <KeyPress from None: t=430.3622471000999, value=c, duration=None>
430.4299 	EXP 	Device response: <KeyPress from None: t=430.3622471000999, value=c, duration=0.05988739989697933>
430.5495 	DATA 	Keypress: u
430.5638 	EXP 	Device response: <KeyPress from None: t=430.5473529000301, value=u, duration=None>
430.6133 	EXP 	Device response: <KeyPress from None: t=430.5473529000301, value=u, duration=0.060592700028792024>
430.6969 	DATA 	Keypress: s
430.6984 	EXP 	Device response: <KeyPress from None: t=430.6884133000858, value=s, duration=None>
430.8798 	EXP 	Device response: <KeyPress from None: t=430.6884133000858, value=s, duration=0.18108169990591705>
430.8962 	DATA 	Keypress: h
430.8974 	EXP 	Device response: <KeyPress from None: t=430.893327100086, value=h, duration=None>
430.9641 	EXP 	Device response: <KeyPress from None: t=430.893327100086, value=h, duration=0.06799249991308898>
431.1670 	DATA 	Keypress: i
431.1799 	EXP 	Device response: <KeyPress from None: t=431.16501480003353, value=i, duration=None>
431.2473 	EXP 	Device response: <KeyPress from None: t=431.16501480003353, value=i, duration=0.07904830004554242>
431.3637 	DATA 	Keypress: o
431.3648 	EXP 	Device response: <KeyPress from None: t=431.35435919999145, value=o, duration=None>
431.4462 	EXP 	Device response: <KeyPress from None: t=431.35435919999145, value=o, duration=0.07871910009998828>
431.5791 	DATA 	Keypress: n
431.5798 	EXP 	Device response: <KeyPress from None: t=431.5708827000344, value=n, duration=None>
431.6469 	EXP 	Device response: <KeyPress from None: t=431.5708827000344, value=n, duration=0.06568590004462749>
432.5817 	DATA 	Mouse: Left button down, pos=(571,169)
432.5825 	EXP 	New trial (rep=4, index=13): <Trial 93 (13 in rep 4) data={'test_word': '_ru_is_', 'Reference': 'Cruise', 'old_new': 'old', 'thisN': 93, 'thisTrialN': 13, 'thisRepN': 4}>
432.5955 	EXP 	text_2: autoDraw = False
432.5955 	EXP 	textbox: autoDraw = False
432.5955 	EXP 	text_3: autoDraw = False
432.5955 	EXP 	text_2: height = np.float64(0.05)
432.5955 	EXP 	text_2: height = np.float64(0.05)
432.5955 	EXP 	text_2: height = np.float64(0.05)
432.5955 	EXP 	text_2: text = '_ru_is_'
432.5955 	EXP 	text_2: autoDraw = True
432.5955 	EXP 	textbox: autoDraw = True
432.5955 	EXP 	text_3: autoDraw = True
432.8002 	DATA 	Mouse:  Left button up, pos=(571,169)
434.1473 	DATA 	Keypress: c
434.1485 	EXP 	Device response: <KeyPress from None: t=434.14519609999843, value=c, duration=None>
434.2639 	EXP 	Device response: <KeyPress from None: t=434.14519609999843, value=c, duration=0.10178930009715259>
434.3679 	DATA 	Keypress: r
434.3797 	EXP 	Device response: <KeyPress from None: t=434.3647193000652, value=r, duration=None>
434.4798 	EXP 	Device response: <KeyPress from None: t=434.3647193000652, value=r, duration=0.10627410002052784>
434.5629 	DATA 	Keypress: u
434.5641 	EXP 	Device response: <KeyPress from None: t=434.5621160999872, value=u, duration=None>
434.6462 	EXP 	Device response: <KeyPress from None: t=434.5621160999872, value=u, duration=0.06848570005968213>
434.7646 	DATA 	Keypress: i
434.7666 	EXP 	Device response: <KeyPress from None: t=434.76069930009544, value=i, duration=None>
434.8312 	EXP 	Device response: <KeyPress from None: t=434.76069930009544, value=i, duration=0.0696050999686122>
435.0465 	DATA 	Keypress: s
435.0478 	EXP 	Device response: <KeyPress from None: t=435.04357350000646, value=s, duration=None>
435.2133 	EXP 	Device response: <KeyPress from None: t=435.04357350000646, value=s, duration=0.15265060006640851>
435.3488 	DATA 	Keypress: e
435.3632 	EXP 	Device response: <KeyPress from None: t=435.3485083000269, value=e, duration=None>
435.4638 	EXP 	Device response: <KeyPress from None: t=435.3485083000269, value=e, duration=0.10956869996152818>
437.9309 	DATA 	Mouse: Left button down, pos=(571,169)
437.9320 	EXP 	New trial (rep=4, index=14): <Trial 94 (14 in rep 4) data={'test_word': '_ha_t', 'Reference': 'Chart', 'old_new': 'old', 'thisN': 94, 'thisTrialN': 14, 'thisRepN': 4}>
437.9456 	EXP 	text_2: autoDraw = False
437.9456 	EXP 	textbox: autoDraw = False
437.9456 	EXP 	text_3: autoDraw = False
437.9456 	EXP 	text_2: height = np.float64(0.05)
437.9456 	EXP 	text_2: height = np.float64(0.05)
437.9456 	EXP 	text_2: height = np.float64(0.05)
437.9456 	EXP 	text_2: text = '_ha_t'
437.9456 	EXP 	text_2: autoDraw = True
437.9456 	EXP 	textbox: autoDraw = True
437.9456 	EXP 	text_3: autoDraw = True
438.1509 	DATA 	Mouse:  Left button up, pos=(571,169)
439.2457 	DATA 	Keypress: w
439.2465 	EXP 	Device response: <KeyPress from None: t=439.2437937000068, value=w, duration=None>
439.3466 	EXP 	Device response: <KeyPress from None: t=439.2437937000068, value=w, duration=0.10161420004442334>
439.4963 	DATA 	Keypress: h
439.4969 	EXP 	Device response: <KeyPress from None: t=439.49449030007236, value=h, duration=None>
439.5798 	EXP 	Device response: <KeyPress from None: t=439.49449030007236, value=h, duration=0.08270859997719526>
439.6131 	DATA 	Keypress: a
439.6141 	EXP 	Device response: <KeyPress from None: t=439.6119900000049, value=a, duration=None>
439.7456 	EXP 	Device response: <KeyPress from None: t=439.6119900000049, value=a, duration=0.1303194999927655>
439.7812 	DATA 	Keypress: t
439.7956 	EXP 	Device response: <KeyPress from None: t=439.78089050005656, value=t, duration=None>
439.8625 	EXP 	Device response: <KeyPress from None: t=439.78089050005656, value=t, duration=0.06866009999066591>
440.9475 	DATA 	Mouse: Left button down, pos=(571,169)
440.9483 	EXP 	New trial (rep=4, index=15): <Trial 95 (15 in rep 4) data={'test_word': 'p_nc_l', 'Reference': 'Pencil', 'old_new': 'new', 'thisN': 95, 'thisTrialN': 15, 'thisRepN': 4}>
440.9622 	EXP 	text_2: autoDraw = False
440.9622 	EXP 	textbox: autoDraw = False
440.9622 	EXP 	text_3: autoDraw = False
440.9622 	EXP 	text_2: height = np.float64(0.05)
440.9622 	EXP 	text_2: height = np.float64(0.05)
440.9622 	EXP 	text_2: height = np.float64(0.05)
440.9622 	EXP 	text_2: text = 'p_nc_l'
440.9622 	EXP 	text_2: autoDraw = True
440.9622 	EXP 	textbox: autoDraw = True
440.9622 	EXP 	text_3: autoDraw = True
441.1670 	DATA 	Mouse:  Left button up, pos=(571,169)
442.1129 	DATA 	Keypress: p
442.1140 	EXP 	Device response: <KeyPress from None: t=442.1107315000845, value=p, duration=None>
442.1960 	EXP 	Device response: <KeyPress from None: t=442.1107315000845, value=p, duration=0.07145149994175881>
442.2621 	DATA 	Keypress: e
442.2627 	EXP 	Device response: <KeyPress from None: t=442.2561301999958, value=e, duration=None>
442.3465 	EXP 	Device response: <KeyPress from None: t=442.2561301999958, value=e, duration=0.08750670007430017>
442.4621 	DATA 	Keypress: n
442.4629 	EXP 	Device response: <KeyPress from None: t=442.45490420004353, value=n, duration=None>
442.5310 	EXP 	Device response: <KeyPress from None: t=442.45490420004353, value=n, duration=0.0738009000197053>
442.7953 	DATA 	Keypress: c
442.7960 	EXP 	Device response: <KeyPress from None: t=442.7818260000786, value=c, duration=None>
442.8959 	EXP 	Device response: <KeyPress from None: t=442.7818260000786, value=c, duration=0.11022319993935525>
442.9798 	DATA 	Keypress: i
442.9813 	EXP 	Device response: <KeyPress from None: t=442.9720547000179, value=i, duration=None>
443.0457 	EXP 	Device response: <KeyPress from None: t=442.9720547000179, value=i, duration=0.06964530004188418>
443.1817 	DATA 	Keypress: l
443.1956 	EXP 	Device response: <KeyPress from None: t=443.1804257000331, value=l, duration=None>
443.2632 	EXP 	Device response: <KeyPress from None: t=443.1804257000331, value=l, duration=0.08013600006233901>
444.2802 	DATA 	Mouse: Left button down, pos=(571,169)
444.2810 	EXP 	New trial (rep=4, index=16): <Trial 96 (16 in rep 4) data={'test_word': '_ho_e', 'Reference': 'Phone', 'old_new': 'old', 'thisN': 96, 'thisTrialN': 16, 'thisRepN': 4}>
444.2952 	EXP 	text_2: autoDraw = False
444.2952 	EXP 	textbox: autoDraw = False
444.2952 	EXP 	text_3: autoDraw = False
444.2952 	EXP 	text_2: height = np.float64(0.05)
444.2952 	EXP 	text_2: height = np.float64(0.05)
444.2952 	EXP 	text_2: height = np.float64(0.05)
444.2952 	EXP 	text_2: text = '_ho_e'
444.2952 	EXP 	text_2: autoDraw = True
444.2952 	EXP 	textbox: autoDraw = True
444.2952 	EXP 	text_3: autoDraw = True
444.4978 	DATA 	Mouse:  Left button up, pos=(571,169)
445.1132 	DATA 	Keypress: h
445.1140 	EXP 	Device response: <KeyPress from None: t=445.1082922000205, value=h, duration=None>
445.1965 	EXP 	Device response: <KeyPress from None: t=445.1082922000205, value=h, duration=0.07386740006040782>
445.3788 	DATA 	Keypress: o
445.3794 	EXP 	Device response: <KeyPress from None: t=445.36860420007724, value=o, duration=None>
445.4630 	EXP 	Device response: <KeyPress from None: t=445.36860420007724, value=o, duration=0.08822989999316633>
445.6625 	DATA 	Keypress: u
445.6638 	EXP 	Device response: <KeyPress from None: t=445.6510983000044, value=u, duration=None>
445.7620 	EXP 	Device response: <KeyPress from None: t=445.6510983000044, value=u, duration=0.09506309998687357>
445.7995 	DATA 	Keypress: s
445.8124 	EXP 	Device response: <KeyPress from None: t=445.7962015999947, value=s, duration=None>
445.8795 	EXP 	Device response: <KeyPress from None: t=445.7962015999947, value=s, duration=0.07272850000299513>
446.0009 	DATA 	Keypress: e
446.0126 	EXP 	Device response: <KeyPress from None: t=446.00056389998645, value=e, duration=None>
446.0955 	EXP 	Device response: <KeyPress from None: t=446.00056389998645, value=e, duration=0.08568560006096959>
447.1968 	DATA 	Mouse: Left button down, pos=(571,169)
447.1977 	EXP 	New trial (rep=4, index=17): <Trial 97 (17 in rep 4) data={'test_word': 'T_hi_t', 'Reference': 'Tshirt', 'old_new': 'old', 'thisN': 97, 'thisTrialN': 17, 'thisRepN': 4}>
447.2120 	EXP 	text_2: autoDraw = False
447.2120 	EXP 	textbox: autoDraw = False
447.2120 	EXP 	text_3: autoDraw = False
447.2120 	EXP 	text_2: height = np.float64(0.05)
447.2120 	EXP 	text_2: height = np.float64(0.05)
447.2120 	EXP 	text_2: height = np.float64(0.05)
447.2120 	EXP 	text_2: text = 'T_hi_t'
447.2120 	EXP 	text_2: autoDraw = True
447.2120 	EXP 	textbox: autoDraw = True
447.2120 	EXP 	text_3: autoDraw = True
447.4155 	DATA 	Mouse:  Left button up, pos=(571,169)
448.1954 	DATA 	Keypress: t
448.1963 	EXP 	Device response: <KeyPress from None: t=448.1935095000081, value=t, duration=None>
448.2628 	EXP 	Device response: <KeyPress from None: t=448.1935095000081, value=t, duration=0.06646930007264018>
448.3954 	DATA 	Keypress: s
448.3967 	EXP 	Device response: <KeyPress from None: t=448.38875460007694, value=s, duration=None>
448.5132 	DATA 	Keypress: h
448.5139 	EXP 	Device response: <KeyPress from None: t=448.4984140000306, value=h, duration=None>
448.5139 	EXP 	Device response: <KeyPress from None: t=448.38875460007694, value=s, duration=0.12273679999634624>
448.5793 	EXP 	Device response: <KeyPress from None: t=448.4984140000306, value=h, duration=0.06778200005646795>
448.6974 	DATA 	Keypress: i
448.7122 	EXP 	Device response: <KeyPress from None: t=448.6962452000007, value=i, duration=None>
448.7961 	DATA 	Keypress: r
448.7976 	EXP 	Device response: <KeyPress from None: t=448.6962452000007, value=i, duration=0.0903006000444293>
448.7977 	EXP 	Device response: <KeyPress from None: t=448.79577220010106, value=r, duration=None>
448.8962 	EXP 	Device response: <KeyPress from None: t=448.79577220010106, value=r, duration=0.09413419989868999>
448.9958 	DATA 	Keypress: t
448.9965 	EXP 	Device response: <KeyPress from None: t=448.98878000001423, value=t, duration=None>
449.0632 	EXP 	Device response: <KeyPress from None: t=448.98878000001423, value=t, duration=0.06930480001028627>
449.8320 	DATA 	Mouse: Left button down, pos=(571,169)
449.8340 	EXP 	New trial (rep=4, index=18): <Trial 98 (18 in rep 4) data={'test_word': 'P_st_r', 'Reference': 'Poster', 'old_new': 'old', 'thisN': 98, 'thisTrialN': 18, 'thisRepN': 4}>
449.8618 	EXP 	text_2: autoDraw = False
449.8618 	EXP 	textbox: autoDraw = False
449.8618 	EXP 	text_3: autoDraw = False
449.8618 	EXP 	text_2: height = np.float64(0.05)
449.8618 	EXP 	text_2: height = np.float64(0.05)
449.8618 	EXP 	text_2: height = np.float64(0.05)
449.8618 	EXP 	text_2: text = 'P_st_r'
449.8618 	EXP 	text_2: autoDraw = True
449.8618 	EXP 	textbox: autoDraw = True
449.8618 	EXP 	text_3: autoDraw = True
450.0531 	DATA 	Mouse:  Left button up, pos=(571,169)
450.8846 	DATA 	Keypress: p
450.8958 	EXP 	Device response: <KeyPress from None: t=450.88337850000244, value=p, duration=None>
450.9634 	EXP 	Device response: <KeyPress from None: t=450.88337850000244, value=p, duration=0.07499480003025383>
451.0622 	DATA 	Keypress: a
451.0630 	EXP 	Device response: <KeyPress from None: t=451.05601880000904, value=a, duration=None>
451.1959 	EXP 	Device response: <KeyPress from None: t=451.05601880000904, value=a, duration=0.13400860002730042>
451.2790 	DATA 	Keypress: s
451.2797 	EXP 	Device response: <KeyPress from None: t=451.27292800007854, value=s, duration=None>
451.4296 	EXP 	Device response: <KeyPress from None: t=451.27292800007854, value=s, duration=0.14509439992252737>
451.6475 	DATA 	Keypress: t
451.6492 	EXP 	Device response: <KeyPress from None: t=451.6408322000643, value=t, duration=None>
451.7455 	EXP 	Device response: <KeyPress from None: t=451.6408322000643, value=t, duration=0.10105880000628531>
451.8794 	DATA 	Keypress: r
451.8803 	EXP 	Device response: <KeyPress from None: t=451.8699647000758, value=r, duration=None>
451.9467 	EXP 	Device response: <KeyPress from None: t=451.8699647000758, value=r, duration=0.07283859991002828>
452.0645 	DATA 	Keypress: y
452.0791 	EXP 	Device response: <KeyPress from None: t=452.0637768000597, value=y, duration=None>
452.1457 	EXP 	Device response: <KeyPress from None: t=452.0637768000597, value=y, duration=0.07605479995254427>
453.7609 	DATA 	Mouse: Left button down, pos=(569,157)
453.7748 	EXP 	New trial (rep=4, index=19): <Trial 99 (19 in rep 4) data={'test_word': 'ta_l_', 'Reference': 'Table', 'old_new': 'new', 'thisN': 99, 'thisTrialN': 19, 'thisRepN': 4}>
453.7869 	EXP 	text_2: autoDraw = False
453.7869 	EXP 	textbox: autoDraw = False
453.7869 	EXP 	text_3: autoDraw = False
453.7869 	EXP 	text_2: height = np.float64(0.05)
453.7869 	EXP 	text_2: height = np.float64(0.05)
453.7869 	EXP 	text_2: height = np.float64(0.05)
453.7869 	EXP 	text_2: text = 'ta_l_'
453.7869 	EXP 	text_2: autoDraw = True
453.7869 	EXP 	textbox: autoDraw = True
453.7869 	EXP 	text_3: autoDraw = True
453.9779 	DATA 	Mouse:  Left button up, pos=(569,157)
454.9095 	DATA 	Keypress: t
454.9208 	EXP 	Device response: <KeyPress from None: t=454.90630370005965, value=t, duration=None>
455.0045 	EXP 	Device response: <KeyPress from None: t=454.90630370005965, value=t, duration=0.08362739998847246>
455.1078 	DATA 	Keypress: a
455.1206 	EXP 	Device response: <KeyPress from None: t=455.1055236000102, value=a, duration=None>
455.1586 	DATA 	Keypress: b
455.1706 	EXP 	Device response: <KeyPress from None: t=455.1582524999976, value=b, duration=None>
455.2553 	EXP 	Device response: <KeyPress from None: t=455.1055236000102, value=a, duration=0.1336278000380844>
455.2553 	EXP 	Device response: <KeyPress from None: t=455.1582524999976, value=b, duration=0.092200200073421>
455.5371 	DATA 	Keypress: l
455.5378 	EXP 	Device response: <KeyPress from None: t=455.5290713000577, value=l, duration=None>
455.6222 	DATA 	Keypress: e
455.6236 	EXP 	Device response: <KeyPress from None: t=455.6093755000038, value=e, duration=None>
455.6236 	EXP 	Device response: <KeyPress from None: t=455.5290713000577, value=l, duration=0.0925951999379322>
455.7214 	EXP 	Device response: <KeyPress from None: t=455.6093755000038, value=e, duration=0.09986519999802113>
456.5071 	DATA 	Mouse: Left button down, pos=(569,157)
456.5214 	EXP 	New trial (rep=5, index=0): <Trial 100 (0 in rep 5) data={'test_word': '_ru_is_', 'Reference': 'Cruise', 'old_new': 'old', 'thisN': 100, 'thisTrialN': 0, 'thisRepN': 5}>
456.5369 	EXP 	text_2: autoDraw = False
456.5369 	EXP 	textbox: autoDraw = False
456.5369 	EXP 	text_3: autoDraw = False
456.5369 	EXP 	text_2: height = np.float64(0.05)
456.5369 	EXP 	text_2: height = np.float64(0.05)
456.5369 	EXP 	text_2: height = np.float64(0.05)
456.5369 	EXP 	text_2: text = '_ru_is_'
456.5369 	EXP 	text_2: autoDraw = True
456.5369 	EXP 	textbox: autoDraw = True
456.5369 	EXP 	text_3: autoDraw = True
456.7388 	DATA 	Mouse:  Left button up, pos=(569,157)
457.8376 	DATA 	Keypress: c
457.8388 	EXP 	Device response: <KeyPress from None: t=457.8299967000494, value=c, duration=None>
457.9542 	EXP 	Device response: <KeyPress from None: t=457.8299967000494, value=c, duration=0.12056079995818436>
458.0713 	DATA 	Keypress: r
458.0726 	EXP 	Device response: <KeyPress from None: t=458.06514459999744, value=r, duration=None>
458.1901 	EXP 	Device response: <KeyPress from None: t=458.06514459999744, value=r, duration=0.11848160007502884>
458.3254 	DATA 	Keypress: u
458.3377 	EXP 	Device response: <KeyPress from None: t=458.3241786999861, value=u, duration=None>
458.4213 	EXP 	Device response: <KeyPress from None: t=458.3241786999861, value=u, duration=0.08203410007990897>
458.5208 	DATA 	Keypress: i
458.5221 	EXP 	Device response: <KeyPress from None: t=458.51758710003924, value=i, duration=None>
458.6046 	DATA 	Keypress: s
458.6062 	EXP 	Device response: <KeyPress from None: t=458.6014010000508, value=s, duration=None>
458.6218 	EXP 	Device response: <KeyPress from None: t=458.51758710003924, value=i, duration=0.09598149999510497>
458.7220 	EXP 	Device response: <KeyPress from None: t=458.6014010000508, value=s, duration=0.10816049994900823>
458.7881 	DATA 	Keypress: e
458.7894 	EXP 	Device response: <KeyPress from None: t=458.7860773000866, value=e, duration=None>
458.9051 	EXP 	Device response: <KeyPress from None: t=458.7860773000866, value=e, duration=0.10883749998174608>
459.8232 	DATA 	Mouse: Left button down, pos=(569,157)
459.8240 	EXP 	New trial (rep=5, index=1): <Trial 101 (1 in rep 5) data={'test_word': 'ta_l_', 'Reference': 'Table', 'old_new': 'new', 'thisN': 101, 'thisTrialN': 1, 'thisRepN': 5}>
459.8373 	EXP 	text_2: autoDraw = False
459.8373 	EXP 	textbox: autoDraw = False
459.8373 	EXP 	text_3: autoDraw = False
459.8373 	EXP 	text_2: height = np.float64(0.05)
459.8373 	EXP 	text_2: height = np.float64(0.05)
459.8373 	EXP 	text_2: height = np.float64(0.05)
459.8373 	EXP 	text_2: text = 'ta_l_'
459.8373 	EXP 	text_2: autoDraw = True
459.8373 	EXP 	textbox: autoDraw = True
459.8373 	EXP 	text_3: autoDraw = True
460.0555 	DATA 	Mouse:  Left button up, pos=(569,157)
460.3593 	DATA 	Mouse: Left button down, pos=(569,157)
460.3713 	EXP 	New trial (rep=5, index=2): <Trial 102 (2 in rep 5) data={'test_word': 'T_hi_t', 'Reference': 'Tshirt', 'old_new': 'old', 'thisN': 102, 'thisTrialN': 2, 'thisRepN': 5}>
460.3870 	EXP 	text_2: autoDraw = False
460.3870 	EXP 	textbox: autoDraw = False
460.3870 	EXP 	text_3: autoDraw = False
460.3870 	EXP 	text_2: height = np.float64(0.05)
460.3870 	EXP 	text_2: height = np.float64(0.05)
460.3870 	EXP 	text_2: height = np.float64(0.05)
460.3870 	EXP 	text_2: text = 'T_hi_t'
460.3870 	EXP 	text_2: autoDraw = True
460.3870 	EXP 	textbox: autoDraw = True
460.3870 	EXP 	text_3: autoDraw = True
460.5762 	DATA 	Mouse:  Left button up, pos=(569,157)
462.2612 	DATA 	Keypress: t
462.2713 	EXP 	Device response: <KeyPress from None: t=462.25779609999154, value=t, duration=None>
462.3385 	EXP 	Device response: <KeyPress from None: t=462.25779609999154, value=t, duration=0.07473590003792197>
462.4557 	DATA 	Keypress: s
462.4570 	EXP 	Device response: <KeyPress from None: t=462.44405550009105, value=s, duration=None>
462.5547 	DATA 	Keypress: h
462.5559 	EXP 	Device response: <KeyPress from None: t=462.55425040004775, value=h, duration=None>
462.5713 	EXP 	Device response: <KeyPress from None: t=462.44405550009105, value=s, duration=0.12215770001057535>
462.6213 	EXP 	Device response: <KeyPress from None: t=462.55425040004775, value=h, duration=0.06068799993954599>
462.7412 	DATA 	Keypress: i
462.7548 	EXP 	Device response: <KeyPress from None: t=462.74082649999764, value=i, duration=None>
462.8215 	EXP 	Device response: <KeyPress from None: t=462.74082649999764, value=i, duration=0.07683710008859634>
462.8396 	DATA 	Keypress: r
462.8419 	EXP 	Device response: <KeyPress from None: t=462.8374812999973, value=r, duration=None>
462.9378 	EXP 	Device response: <KeyPress from None: t=462.8374812999973, value=r, duration=0.09685850003734231>
463.0380 	DATA 	Keypress: t
463.0393 	EXP 	Device response: <KeyPress from None: t=463.02543140004855, value=t, duration=None>
463.1054 	EXP 	Device response: <KeyPress from None: t=463.02543140004855, value=t, duration=0.0657066999701783>
463.8237 	DATA 	Mouse: Left button down, pos=(569,157)
463.8255 	EXP 	New trial (rep=5, index=3): <Trial 103 (3 in rep 5) data={'test_word': 'bo_t_e', 'Reference': 'Bottle', 'old_new': 'new', 'thisN': 103, 'thisTrialN': 3, 'thisRepN': 5}>
463.8538 	EXP 	text_2: autoDraw = False
463.8538 	EXP 	textbox: autoDraw = False
463.8538 	EXP 	text_3: autoDraw = False
463.8538 	EXP 	text_2: height = np.float64(0.05)
463.8538 	EXP 	text_2: height = np.float64(0.05)
463.8538 	EXP 	text_2: height = np.float64(0.05)
463.8538 	EXP 	text_2: text = 'bo_t_e'
463.8538 	EXP 	text_2: autoDraw = True
463.8538 	EXP 	textbox: autoDraw = True
463.8538 	EXP 	text_3: autoDraw = True
464.0556 	DATA 	Mouse:  Left button up, pos=(569,157)
464.9583 	DATA 	Keypress: b
464.9704 	EXP 	Device response: <KeyPress from None: t=464.9545618999982, value=b, duration=None>
465.0543 	EXP 	Device response: <KeyPress from None: t=464.9545618999982, value=b, duration=0.08943400008138269>
465.1883 	DATA 	Keypress: o
465.1900 	EXP 	Device response: <KeyPress from None: t=465.183089200058, value=o, duration=None>
465.2718 	EXP 	Device response: <KeyPress from None: t=465.183089200058, value=o, duration=0.07918150001205504>
465.4209 	DATA 	Keypress: t
465.4221 	EXP 	Device response: <KeyPress from None: t=465.41185830009636, value=t, duration=None>
465.5045 	EXP 	Device response: <KeyPress from None: t=465.41185830009636, value=t, duration=0.08502060000319034>
465.6050 	DATA 	Keypress: l
465.6067 	EXP 	Device response: <KeyPress from None: t=465.60200890002307, value=l, duration=None>
465.6881 	EXP 	Device response: <KeyPress from None: t=465.60200890002307, value=l, duration=0.07283000007737428>
465.7596 	DATA 	Keypress: l
465.7722 	EXP 	Device response: <KeyPress from None: t=465.7591512000654, value=l, duration=None>
465.8711 	EXP 	Device response: <KeyPress from None: t=465.7591512000654, value=l, duration=0.09716539992950857>
465.9706 	DATA 	Keypress: e
465.9718 	EXP 	Device response: <KeyPress from None: t=465.9632903999882, value=e, duration=None>
466.0723 	EXP 	Device response: <KeyPress from None: t=465.9632903999882, value=e, duration=0.09588910010643303>
467.9116 	DATA 	Mouse: Left button down, pos=(569,157)
467.9244 	EXP 	New trial (rep=5, index=4): <Trial 104 (4 in rep 5) data={'test_word': '_ha_t', 'Reference': 'Chart', 'old_new': 'old', 'thisN': 104, 'thisTrialN': 4, 'thisRepN': 5}>
467.9546 	EXP 	text_2: autoDraw = False
467.9546 	EXP 	textbox: autoDraw = False
467.9546 	EXP 	text_3: autoDraw = False
467.9546 	EXP 	text_2: height = np.float64(0.05)
467.9546 	EXP 	text_2: height = np.float64(0.05)
467.9546 	EXP 	text_2: height = np.float64(0.05)
467.9546 	EXP 	text_2: text = '_ha_t'
467.9546 	EXP 	text_2: autoDraw = True
467.9546 	EXP 	textbox: autoDraw = True
467.9546 	EXP 	text_3: autoDraw = True
468.1111 	DATA 	Mouse:  Left button up, pos=(569,157)
468.1735 	DATA 	Mouse: Left button down, pos=(569,157)
468.1759 	EXP 	New trial (rep=5, index=5): <Trial 105 (5 in rep 5) data={'test_word': 'v_s_', 'Reference': 'Vase', 'old_new': 'new', 'thisN': 105, 'thisTrialN': 5, 'thisRepN': 5}>
468.2028 	EXP 	text_2: autoDraw = False
468.2028 	EXP 	textbox: autoDraw = False
468.2028 	EXP 	text_3: autoDraw = False
468.2028 	EXP 	text_2: height = np.float64(0.05)
468.2028 	EXP 	text_2: height = np.float64(0.05)
468.2028 	EXP 	text_2: height = np.float64(0.05)
468.2028 	EXP 	text_2: text = 'v_s_'
468.2028 	EXP 	text_2: autoDraw = True
468.2028 	EXP 	textbox: autoDraw = True
468.2028 	EXP 	text_3: autoDraw = True
468.2889 	DATA 	Mouse:  Left button up, pos=(569,157)
468.3572 	DATA 	Mouse: Left button down, pos=(569,157)
468.3589 	EXP 	New trial (rep=5, index=6): <Trial 106 (6 in rep 5) data={'test_word': 'K_y_', 'Reference': 'Keys', 'old_new': 'old', 'thisN': 106, 'thisTrialN': 6, 'thisRepN': 5}>
468.3869 	EXP 	text_2: autoDraw = False
468.3869 	EXP 	textbox: autoDraw = False
468.3869 	EXP 	text_3: autoDraw = False
468.3869 	EXP 	text_2: height = np.float64(0.05)
468.3869 	EXP 	text_2: height = np.float64(0.05)
468.3869 	EXP 	text_2: height = np.float64(0.05)
468.3869 	EXP 	text_2: text = 'K_y_'
468.3869 	EXP 	text_2: autoDraw = True
468.3869 	EXP 	textbox: autoDraw = True
468.3869 	EXP 	text_3: autoDraw = True
468.4722 	DATA 	Mouse:  Left button up, pos=(569,157)
468.5429 	DATA 	Mouse: Left button down, pos=(569,157)
468.5562 	EXP 	New trial (rep=5, index=7): <Trial 107 (7 in rep 5) data={'test_word': 'c_m_ra', 'Reference': 'Camera', 'old_new': 'new', 'thisN': 107, 'thisTrialN': 7, 'thisRepN': 5}>
468.5704 	EXP 	text_2: autoDraw = False
468.5704 	EXP 	textbox: autoDraw = False
468.5704 	EXP 	text_3: autoDraw = False
468.5704 	EXP 	text_2: height = np.float64(0.05)
468.5704 	EXP 	text_2: height = np.float64(0.05)
468.5704 	EXP 	text_2: height = np.float64(0.05)
468.5704 	EXP 	text_2: text = 'c_m_ra'
468.5704 	EXP 	text_2: autoDraw = True
468.5704 	EXP 	textbox: autoDraw = True
468.5704 	EXP 	text_3: autoDraw = True
468.6552 	DATA 	Mouse:  Left button up, pos=(569,157)
468.7102 	DATA 	Mouse: Left button down, pos=(569,157)
468.7229 	EXP 	New trial (rep=5, index=8): <Trial 108 (8 in rep 5) data={'test_word': 'c_s_io_', 'Reference': 'Cushion', 'old_new': 'new', 'thisN': 108, 'thisTrialN': 8, 'thisRepN': 5}>
468.7368 	EXP 	text_2: autoDraw = False
468.7368 	EXP 	textbox: autoDraw = False
468.7368 	EXP 	text_3: autoDraw = False
468.7368 	EXP 	text_2: height = np.float64(0.05)
468.7368 	EXP 	text_2: height = np.float64(0.05)
468.7368 	EXP 	text_2: height = np.float64(0.05)
468.7368 	EXP 	text_2: text = 'c_s_io_'
468.7368 	EXP 	text_2: autoDraw = True
468.7368 	EXP 	textbox: autoDraw = True
468.7368 	EXP 	text_3: autoDraw = True
468.8395 	DATA 	Mouse:  Left button up, pos=(569,157)
468.8963 	DATA 	Mouse: Left button down, pos=(569,157)
468.9078 	EXP 	New trial (rep=5, index=9): <Trial 109 (9 in rep 5) data={'test_word': 'P_st_r', 'Reference': 'Poster', 'old_new': 'old', 'thisN': 109, 'thisTrialN': 9, 'thisRepN': 5}>
468.9366 	EXP 	text_2: autoDraw = False
468.9366 	EXP 	textbox: autoDraw = False
468.9366 	EXP 	text_3: autoDraw = False
468.9366 	EXP 	text_2: height = np.float64(0.05)
468.9366 	EXP 	text_2: height = np.float64(0.05)
468.9366 	EXP 	text_2: height = np.float64(0.05)
468.9366 	EXP 	text_2: text = 'P_st_r'
468.9366 	EXP 	text_2: autoDraw = True
468.9366 	EXP 	textbox: autoDraw = True
468.9366 	EXP 	text_3: autoDraw = True
469.0297 	DATA 	Mouse:  Left button up, pos=(569,157)
469.1083 	DATA 	Mouse: Left button down, pos=(569,157)
469.1106 	EXP 	New trial (rep=5, index=10): <Trial 110 (10 in rep 5) data={'test_word': 'P_as_tr_', 'Reference': 'Pastry', 'old_new': 'old', 'thisN': 110, 'thisTrialN': 10, 'thisRepN': 5}>
469.1370 	EXP 	text_2: autoDraw = False
469.1370 	EXP 	textbox: autoDraw = False
469.1370 	EXP 	text_3: autoDraw = False
469.1370 	EXP 	text_2: height = np.float64(0.05)
469.1370 	EXP 	text_2: height = np.float64(0.05)
469.1370 	EXP 	text_2: height = np.float64(0.05)
469.1370 	EXP 	text_2: text = 'P_as_tr_'
469.1370 	EXP 	text_2: autoDraw = True
469.1370 	EXP 	textbox: autoDraw = True
469.1370 	EXP 	text_3: autoDraw = True
469.2292 	DATA 	Mouse:  Left button up, pos=(569,157)
469.2894 	DATA 	Mouse: Left button down, pos=(569,157)
469.2905 	EXP 	New trial (rep=5, index=11): <Trial 111 (11 in rep 5) data={'test_word': '_ho_e', 'Reference': 'Phone', 'old_new': 'old', 'thisN': 111, 'thisTrialN': 11, 'thisRepN': 5}>
469.3040 	EXP 	text_2: autoDraw = False
469.3040 	EXP 	textbox: autoDraw = False
469.3040 	EXP 	text_3: autoDraw = False
469.3040 	EXP 	text_2: height = np.float64(0.05)
469.3040 	EXP 	text_2: height = np.float64(0.05)
469.3040 	EXP 	text_2: height = np.float64(0.05)
469.3040 	EXP 	text_2: text = '_ho_e'
469.3040 	EXP 	text_2: autoDraw = True
469.3040 	EXP 	textbox: autoDraw = True
469.3040 	EXP 	text_3: autoDraw = True
469.4454 	DATA 	Mouse:  Left button up, pos=(569,157)
470.2215 	DATA 	Keypress: h
470.2227 	EXP 	Device response: <KeyPress from None: t=470.21738170005847, value=h, duration=None>
470.3057 	EXP 	Device response: <KeyPress from None: t=470.21738170005847, value=h, duration=0.07206619996577501>
470.4431 	DATA 	Keypress: o
470.4565 	EXP 	Device response: <KeyPress from None: t=470.43989700009115, value=o, duration=None>
470.5389 	EXP 	Device response: <KeyPress from None: t=470.43989700009115, value=o, duration=0.09822419995907694>
470.6751 	DATA 	Keypress: s
470.6878 	EXP 	Device response: <KeyPress from None: t=470.67176030005794, value=s, duration=None>
470.7551 	DATA 	Keypress: u
470.7565 	EXP 	Device response: <KeyPress from None: t=470.7427120000357, value=u, duration=None>
470.8049 	EXP 	Device response: <KeyPress from None: t=470.67176030005794, value=s, duration=0.12691019999329>
470.8387 	EXP 	Device response: <KeyPress from None: t=470.7427120000357, value=u, duration=0.08050220005679876>
470.9552 	DATA 	Keypress: e
470.9559 	EXP 	Device response: <KeyPress from None: t=470.9441878000507, value=e, duration=None>
471.0704 	EXP 	Device response: <KeyPress from None: t=470.9441878000507, value=e, duration=0.11187859997153282>
472.1906 	DATA 	Mouse: Left button down, pos=(569,157)
472.1918 	EXP 	New trial (rep=5, index=12): <Trial 112 (12 in rep 5) data={'test_word': 'p_nc_l', 'Reference': 'Pencil', 'old_new': 'new', 'thisN': 112, 'thisTrialN': 12, 'thisRepN': 5}>
472.2042 	EXP 	text_2: autoDraw = False
472.2042 	EXP 	textbox: autoDraw = False
472.2042 	EXP 	text_3: autoDraw = False
472.2042 	EXP 	text_2: height = np.float64(0.05)
472.2042 	EXP 	text_2: height = np.float64(0.05)
472.2042 	EXP 	text_2: height = np.float64(0.05)
472.2042 	EXP 	text_2: text = 'p_nc_l'
472.2042 	EXP 	text_2: autoDraw = True
472.2042 	EXP 	textbox: autoDraw = True
472.2042 	EXP 	text_3: autoDraw = True
472.4083 	DATA 	Mouse:  Left button up, pos=(569,157)
473.1374 	DATA 	Keypress: p
473.1380 	EXP 	Device response: <KeyPress from None: t=473.1280995000852, value=p, duration=None>
473.2216 	EXP 	Device response: <KeyPress from None: t=473.1280995000852, value=p, duration=0.07853169995360076>
473.3043 	DATA 	Keypress: e
473.3051 	EXP 	Device response: <KeyPress from None: t=473.29565650003497, value=e, duration=None>
473.4210 	EXP 	Device response: <KeyPress from None: t=473.29565650003497, value=e, duration=0.11850009998306632>
473.5075 	DATA 	Keypress: n
473.5218 	EXP 	Device response: <KeyPress from None: t=473.50653350003995, value=n, duration=None>
473.5876 	EXP 	Device response: <KeyPress from None: t=473.50653350003995, value=n, duration=0.07481979997828603>
473.9224 	DATA 	Keypress: c
473.9235 	EXP 	Device response: <KeyPress from None: t=473.90721960004885, value=c, duration=None>
474.0372 	EXP 	Device response: <KeyPress from None: t=473.90721960004885, value=c, duration=0.11454630002845079>
474.0743 	DATA 	Keypress: i
474.0885 	EXP 	Device response: <KeyPress from None: t=474.0714625000255, value=i, duration=None>
474.1541 	EXP 	Device response: <KeyPress from None: t=474.0714625000255, value=i, duration=0.07587850000709295>
474.2876 	DATA 	Keypress: l
474.2885 	EXP 	Device response: <KeyPress from None: t=474.2817892000312, value=l, duration=None>
474.3540 	EXP 	Device response: <KeyPress from None: t=474.2817892000312, value=l, duration=0.06301370006985962>
475.4728 	DATA 	Mouse: Left button down, pos=(569,157)
475.4738 	EXP 	New trial (rep=5, index=13): <Trial 113 (13 in rep 5) data={'test_word': '_oo_', 'Reference': 'Book', 'old_new': 'old', 'thisN': 113, 'thisTrialN': 13, 'thisRepN': 5}>
475.4871 	EXP 	text_2: autoDraw = False
475.4871 	EXP 	textbox: autoDraw = False
475.4871 	EXP 	text_3: autoDraw = False
475.4871 	EXP 	text_2: height = np.float64(0.05)
475.4871 	EXP 	text_2: height = np.float64(0.05)
475.4871 	EXP 	text_2: height = np.float64(0.05)
475.4871 	EXP 	text_2: text = '_oo_'
475.4871 	EXP 	text_2: autoDraw = True
475.4871 	EXP 	textbox: autoDraw = True
475.4871 	EXP 	text_3: autoDraw = True
475.6899 	DATA 	Mouse:  Left button up, pos=(569,157)
476.4438 	DATA 	Keypress: b
476.4547 	EXP 	Device response: <KeyPress from None: t=476.43862100003753, value=b, duration=None>
476.5381 	EXP 	Device response: <KeyPress from None: t=476.43862100003753, value=b, duration=0.08410850004293025>
476.6549 	DATA 	Keypress: o
476.6567 	EXP 	Device response: <KeyPress from None: t=476.64319820003584, value=o, duration=None>
476.7052 	EXP 	Device response: <KeyPress from None: t=476.64319820003584, value=o, duration=0.05355429998598993>
476.7892 	DATA 	Keypress: o
476.7904 	EXP 	Device response: <KeyPress from None: t=476.7861867999891, value=o, duration=None>
476.8547 	EXP 	Device response: <KeyPress from None: t=476.7861867999891, value=o, duration=0.05716780002694577>
476.9555 	DATA 	Keypress: k
476.9569 	EXP 	Device response: <KeyPress from None: t=476.9534707000712, value=k, duration=None>
477.0216 	EXP 	Device response: <KeyPress from None: t=476.9534707000712, value=k, duration=0.06331420002970845>
477.8407 	DATA 	Mouse: Left button down, pos=(569,157)
477.8426 	EXP 	New trial (rep=5, index=14): <Trial 114 (14 in rep 5) data={'test_word': '_o_rd', 'Reference': 'Board', 'old_new': 'old', 'thisN': 114, 'thisTrialN': 14, 'thisRepN': 5}>
477.8708 	EXP 	text_2: autoDraw = False
477.8708 	EXP 	textbox: autoDraw = False
477.8708 	EXP 	text_3: autoDraw = False
477.8708 	EXP 	text_2: height = np.float64(0.05)
477.8708 	EXP 	text_2: height = np.float64(0.05)
477.8708 	EXP 	text_2: height = np.float64(0.05)
477.8708 	EXP 	text_2: text = '_o_rd'
477.8708 	EXP 	text_2: autoDraw = True
477.8708 	EXP 	textbox: autoDraw = True
477.8708 	EXP 	text_3: autoDraw = True
478.0564 	DATA 	Mouse:  Left button up, pos=(569,157)
478.7057 	DATA 	Keypress: w
478.7070 	EXP 	Device response: <KeyPress from None: t=478.70177510008216, value=w, duration=None>
478.8393 	EXP 	Device response: <KeyPress from None: t=478.70177510008216, value=w, duration=0.13474519993178546>
478.8589 	DATA 	Keypress: o
478.8717 	EXP 	Device response: <KeyPress from None: t=478.85639229998924, value=o, duration=None>
478.9380 	EXP 	Device response: <KeyPress from None: t=478.85639229998924, value=o, duration=0.06988670001737773>
479.0383 	DATA 	Keypress: r
479.0397 	EXP 	Device response: <KeyPress from None: t=479.028787999996, value=r, duration=None>
479.1549 	EXP 	Device response: <KeyPress from None: t=479.028787999996, value=r, duration=0.1143766000168398>
479.2721 	DATA 	Keypress: d
479.2736 	EXP 	Device response: <KeyPress from None: t=479.27084470004775, value=d, duration=None>
479.3563 	EXP 	Device response: <KeyPress from None: t=479.27084470004775, value=d, duration=0.07095640001352876>
480.4057 	DATA 	Mouse: Left button down, pos=(569,157)
480.4065 	EXP 	New trial (rep=5, index=15): <Trial 115 (15 in rep 5) data={'test_word': 'c_s_', 'Reference': 'Case', 'old_new': 'old', 'thisN': 115, 'thisTrialN': 15, 'thisRepN': 5}>
480.4206 	EXP 	text_2: autoDraw = False
480.4206 	EXP 	textbox: autoDraw = False
480.4206 	EXP 	text_3: autoDraw = False
480.4206 	EXP 	text_2: height = np.float64(0.05)
480.4206 	EXP 	text_2: height = np.float64(0.05)
480.4206 	EXP 	text_2: height = np.float64(0.05)
480.4206 	EXP 	text_2: text = 'c_s_'
480.4206 	EXP 	text_2: autoDraw = True
480.4206 	EXP 	textbox: autoDraw = True
480.4206 	EXP 	text_3: autoDraw = True
480.6228 	DATA 	Mouse:  Left button up, pos=(569,157)
481.2543 	DATA 	Keypress: c
481.2550 	EXP 	Device response: <KeyPress from None: t=481.25236020004377, value=c, duration=None>
481.3554 	EXP 	Device response: <KeyPress from None: t=481.25236020004377, value=c, duration=0.09703699999954551>
481.5072 	DATA 	Keypress: a
481.5209 	EXP 	Device response: <KeyPress from None: t=481.50605490000453, value=a, duration=None>
481.6383 	EXP 	Device response: <KeyPress from None: t=481.50605490000453, value=a, duration=0.12785220006480813>
481.7554 	DATA 	Keypress: s
481.7569 	EXP 	Device response: <KeyPress from None: t=481.75021750002634, value=s, duration=None>
481.8718 	EXP 	Device response: <KeyPress from None: t=481.75021750002634, value=s, duration=0.11284479999449104>
481.9716 	DATA 	Keypress: e
481.9730 	EXP 	Device response: <KeyPress from None: t=481.96638720005285, value=e, duration=None>
482.0551 	EXP 	Device response: <KeyPress from None: t=481.96638720005285, value=e, duration=0.08094929996877909>
482.4878 	DATA 	Keypress: backslash
482.4981 	EXP 	Device response: <KeyPress from None: t=482.4771182000404, value=backslash, duration=None>
482.4981 	EXP 	Device response: <KeyPress from None: t=482.4771182000404, value=backslash, duration=0.01926510001067072>
483.4253 	DATA 	Keypress: backspace
483.4393 	EXP 	Device response: <KeyPress from None: t=483.42467040009797, value=backspace, duration=None>
483.5061 	EXP 	Device response: <KeyPress from None: t=483.42467040009797, value=backspace, duration=0.06754309998359531>
483.9736 	DATA 	Mouse: Left button down, pos=(569,157)
483.9766 	EXP 	New trial (rep=5, index=16): <Trial 116 (16 in rep 5) data={'test_word': '_ou_se', 'Reference': 'mouse', 'old_new': 'old', 'thisN': 116, 'thisTrialN': 16, 'thisRepN': 5}>
484.0038 	EXP 	text_2: autoDraw = False
484.0038 	EXP 	textbox: autoDraw = False
484.0038 	EXP 	text_3: autoDraw = False
484.0038 	EXP 	text_2: height = np.float64(0.05)
484.0038 	EXP 	text_2: height = np.float64(0.05)
484.0038 	EXP 	text_2: height = np.float64(0.05)
484.0038 	EXP 	text_2: text = '_ou_se'
484.0038 	EXP 	text_2: autoDraw = True
484.0038 	EXP 	textbox: autoDraw = True
484.0038 	EXP 	text_3: autoDraw = True
484.1967 	DATA 	Mouse:  Left button up, pos=(569,157)
484.9380 	DATA 	Keypress: m
484.9385 	EXP 	Device response: <KeyPress from None: t=484.93007210001815, value=m, duration=None>
485.0213 	EXP 	Device response: <KeyPress from None: t=484.93007210001815, value=m, duration=0.07552090007811785>
485.1532 	DATA 	Keypress: o
485.1538 	EXP 	Device response: <KeyPress from None: t=485.14749220001977, value=o, duration=None>
485.2380 	EXP 	Device response: <KeyPress from None: t=485.14749220001977, value=o, duration=0.08832249999977648>
485.3713 	DATA 	Keypress: s
485.3726 	EXP 	Device response: <KeyPress from None: t=485.3668556000339, value=s, duration=None>
485.3764 	DATA 	Keypress: u
485.3883 	EXP 	Device response: <KeyPress from None: t=485.3761756999884, value=u, duration=None>
485.4724 	EXP 	Device response: <KeyPress from None: t=485.3761756999884, value=u, duration=0.0864270000020042>
485.4725 	EXP 	Device response: <KeyPress from None: t=485.3668556000339, value=s, duration=0.10486520000267774>
485.5891 	DATA 	Keypress: e
485.5902 	EXP 	Device response: <KeyPress from None: t=485.5882982000476, value=e, duration=None>
485.7041 	EXP 	Device response: <KeyPress from None: t=485.5882982000476, value=e, duration=0.10164370003622025>
486.7884 	DATA 	Keypress: backspace
486.7892 	EXP 	Device response: <KeyPress from None: t=486.78503300005104, value=backspace, duration=None>
486.8710 	EXP 	Device response: <KeyPress from None: t=486.78503300005104, value=backspace, duration=0.07480119995307177>
486.9557 	DATA 	Keypress: backspace
486.9567 	EXP 	Device response: <KeyPress from None: t=486.9462185000302, value=backspace, duration=None>
487.0540 	EXP 	Device response: <KeyPress from None: t=486.9462185000302, value=backspace, duration=0.09470370004419237>
487.7584 	DATA 	Keypress: backspace
487.7720 	EXP 	Device response: <KeyPress from None: t=487.7575845000101, value=backspace, duration=None>
487.8713 	EXP 	Device response: <KeyPress from None: t=487.7575845000101, value=backspace, duration=0.10584019997622818>
488.4373 	DATA 	Keypress: u
488.4380 	EXP 	Device response: <KeyPress from None: t=488.43047180003487, value=u, duration=None>
488.5224 	EXP 	Device response: <KeyPress from None: t=488.43047180003487, value=u, duration=0.07577660004608333>
488.5540 	DATA 	Keypress: s
488.5548 	EXP 	Device response: <KeyPress from None: t=488.5429569000844, value=s, duration=None>
488.6553 	EXP 	Device response: <KeyPress from None: t=488.5429569000844, value=s, duration=0.09897489997092634>
488.7374 	DATA 	Keypress: e
488.7383 	EXP 	Device response: <KeyPress from None: t=488.7328253000742, value=e, duration=None>
488.8379 	EXP 	Device response: <KeyPress from None: t=488.7328253000742, value=e, duration=0.09429929999168962>
489.9058 	DATA 	Mouse: Left button down, pos=(569,157)
489.9066 	EXP 	New trial (rep=5, index=17): <Trial 117 (17 in rep 5) data={'test_word': '_a_bl_', 'Reference': 'Marble', 'old_new': 'old', 'thisN': 117, 'thisTrialN': 17, 'thisRepN': 5}>
489.9205 	EXP 	text_2: autoDraw = False
489.9205 	EXP 	textbox: autoDraw = False
489.9205 	EXP 	text_3: autoDraw = False
489.9205 	EXP 	text_2: height = np.float64(0.05)
489.9205 	EXP 	text_2: height = np.float64(0.05)
489.9205 	EXP 	text_2: height = np.float64(0.05)
489.9205 	EXP 	text_2: text = '_a_bl_'
489.9205 	EXP 	text_2: autoDraw = True
489.9205 	EXP 	textbox: autoDraw = True
489.9205 	EXP 	text_3: autoDraw = True
490.1255 	DATA 	Mouse:  Left button up, pos=(569,157)
491.0038 	DATA 	Keypress: t
491.0045 	EXP 	Device response: <KeyPress from None: t=490.9975368999876, value=t, duration=None>
491.0877 	EXP 	Device response: <KeyPress from None: t=490.9975368999876, value=t, duration=0.07999130000825971>
491.1591 	DATA 	Keypress: a
491.1712 	EXP 	Device response: <KeyPress from None: t=491.1572079000762, value=a, duration=None>
491.2874 	EXP 	Device response: <KeyPress from None: t=491.1572079000762, value=a, duration=0.12486009998247027>
491.3040 	DATA 	Keypress: b
491.3052 	EXP 	Device response: <KeyPress from None: t=491.2933812000556, value=b, duration=None>
491.3705 	EXP 	Device response: <KeyPress from None: t=491.2933812000556, value=b, duration=0.06257389998063445>
491.6377 	DATA 	Keypress: l
491.6390 	EXP 	Device response: <KeyPress from None: t=491.63678000005893, value=l, duration=None>
491.7208 	EXP 	Device response: <KeyPress from None: t=491.63678000005893, value=l, duration=0.07630099996458739>
491.7705 	DATA 	Keypress: e
491.7712 	EXP 	Device response: <KeyPress from None: t=491.76989670004696, value=e, duration=None>
491.8718 	EXP 	Device response: <KeyPress from None: t=491.76989670004696, value=e, duration=0.09876830002758652>
492.6895 	DATA 	Mouse: Left button down, pos=(569,157)
492.6905 	EXP 	New trial (rep=5, index=18): <Trial 118 (18 in rep 5) data={'test_word': 'l_pt_p', 'Reference': 'Laptop', 'old_new': 'old', 'thisN': 118, 'thisTrialN': 18, 'thisRepN': 5}>
492.7035 	EXP 	text_2: autoDraw = False
492.7035 	EXP 	textbox: autoDraw = False
492.7035 	EXP 	text_3: autoDraw = False
492.7035 	EXP 	text_2: height = np.float64(0.05)
492.7035 	EXP 	text_2: height = np.float64(0.05)
492.7035 	EXP 	text_2: height = np.float64(0.05)
492.7035 	EXP 	text_2: text = 'l_pt_p'
492.7035 	EXP 	text_2: autoDraw = True
492.7035 	EXP 	textbox: autoDraw = True
492.7035 	EXP 	text_3: autoDraw = True
492.9063 	DATA 	Mouse:  Left button up, pos=(569,157)
493.6540 	DATA 	Keypress: l
493.6549 	EXP 	Device response: <KeyPress from None: t=493.6449556000298, value=l, duration=None>
493.7208 	EXP 	Device response: <KeyPress from None: t=493.6449556000298, value=l, duration=0.06792389997281134>
493.7537 	DATA 	Keypress: a
493.7544 	EXP 	Device response: <KeyPress from None: t=493.7465484000277, value=a, duration=None>
493.9044 	EXP 	Device response: <KeyPress from None: t=493.7465484000277, value=a, duration=0.14469380001537502>
493.9382 	DATA 	Keypress: p
493.9392 	EXP 	Device response: <KeyPress from None: t=493.93284700007644, value=p, duration=None>
494.0207 	EXP 	Device response: <KeyPress from None: t=493.93284700007644, value=p, duration=0.07965580001473427>
494.3043 	DATA 	Keypress: t
494.3051 	EXP 	Device response: <KeyPress from None: t=494.29210170009173, value=t, duration=None>
494.3876 	EXP 	Device response: <KeyPress from None: t=494.29210170009173, value=t, duration=0.08001759997569025>
494.4214 	DATA 	Keypress: o
494.4222 	EXP 	Device response: <KeyPress from None: t=494.42113050003536, value=o, duration=None>
494.4895 	EXP 	Device response: <KeyPress from None: t=494.42113050003536, value=o, duration=0.06015639996621758>
494.5873 	DATA 	Keypress: p
494.5882 	EXP 	Device response: <KeyPress from None: t=494.5787926000776, value=p, duration=None>
494.6544 	EXP 	Device response: <KeyPress from None: t=494.5787926000776, value=p, duration=0.05942419997882098>
495.4217 	DATA 	Mouse: Left button down, pos=(569,157)
495.4226 	EXP 	New trial (rep=5, index=19): <Trial 119 (19 in rep 5) data={'test_word': 'P_li_e', 'Reference': 'Police', 'old_new': 'old', 'thisN': 119, 'thisTrialN': 19, 'thisRepN': 5}>
495.4374 	EXP 	text_2: autoDraw = False
495.4374 	EXP 	textbox: autoDraw = False
495.4374 	EXP 	text_3: autoDraw = False
495.4374 	EXP 	text_2: height = np.float64(0.05)
495.4374 	EXP 	text_2: height = np.float64(0.05)
495.4374 	EXP 	text_2: height = np.float64(0.05)
495.4374 	EXP 	text_2: text = 'P_li_e'
495.4374 	EXP 	text_2: autoDraw = True
495.4374 	EXP 	textbox: autoDraw = True
495.4374 	EXP 	text_3: autoDraw = True
495.6393 	DATA 	Mouse:  Left button up, pos=(569,157)
496.5883 	DATA 	Mouse: Left button down, pos=(569,157)
496.5902 	EXP 	New trial (rep=6, index=0): <Trial 120 (0 in rep 6) data={'test_word': 'P_as_tr_', 'Reference': 'Pastry', 'old_new': 'old', 'thisN': 120, 'thisTrialN': 0, 'thisRepN': 6}>
496.6035 	EXP 	text_2: autoDraw = False
496.6035 	EXP 	textbox: autoDraw = False
496.6035 	EXP 	text_3: autoDraw = False
496.6035 	EXP 	text_2: height = np.float64(0.05)
496.6035 	EXP 	text_2: height = np.float64(0.05)
496.6035 	EXP 	text_2: height = np.float64(0.05)
496.6035 	EXP 	text_2: text = 'P_as_tr_'
496.6035 	EXP 	text_2: autoDraw = True
496.6035 	EXP 	textbox: autoDraw = True
496.6035 	EXP 	text_3: autoDraw = True
496.7718 	DATA 	Mouse:  Left button up, pos=(569,157)
496.8229 	DATA 	Mouse: Left button down, pos=(569,157)
496.8252 	EXP 	New trial (rep=6, index=1): <Trial 121 (1 in rep 6) data={'test_word': '_ho_e', 'Reference': 'Phone', 'old_new': 'old', 'thisN': 121, 'thisTrialN': 1, 'thisRepN': 6}>
496.8529 	EXP 	text_2: autoDraw = False
496.8529 	EXP 	textbox: autoDraw = False
496.8529 	EXP 	text_3: autoDraw = False
496.8529 	EXP 	text_2: height = np.float64(0.05)
496.8529 	EXP 	text_2: height = np.float64(0.05)
496.8529 	EXP 	text_2: height = np.float64(0.05)
496.8529 	EXP 	text_2: text = '_ho_e'
496.8529 	EXP 	text_2: autoDraw = True
496.8529 	EXP 	textbox: autoDraw = True
496.8529 	EXP 	text_3: autoDraw = True
496.9440 	DATA 	Mouse:  Left button up, pos=(569,157)
497.0068 	DATA 	Mouse: Left button down, pos=(569,157)
497.0082 	EXP 	New trial (rep=6, index=2): <Trial 122 (2 in rep 6) data={'test_word': 'p_nc_l', 'Reference': 'Pencil', 'old_new': 'new', 'thisN': 122, 'thisTrialN': 2, 'thisRepN': 6}>
497.0210 	EXP 	text_2: autoDraw = False
497.0210 	EXP 	textbox: autoDraw = False
497.0210 	EXP 	text_3: autoDraw = False
497.0210 	EXP 	text_2: height = np.float64(0.05)
497.0210 	EXP 	text_2: height = np.float64(0.05)
497.0210 	EXP 	text_2: height = np.float64(0.05)
497.0210 	EXP 	text_2: text = 'p_nc_l'
497.0210 	EXP 	text_2: autoDraw = True
497.0210 	EXP 	textbox: autoDraw = True
497.0210 	EXP 	text_3: autoDraw = True
497.1264 	DATA 	Mouse:  Left button up, pos=(569,157)
497.1941 	DATA 	Mouse: Left button down, pos=(569,157)
497.2057 	EXP 	New trial (rep=6, index=3): <Trial 123 (3 in rep 6) data={'test_word': '_ru_is_', 'Reference': 'Cruise', 'old_new': 'old', 'thisN': 123, 'thisTrialN': 3, 'thisRepN': 6}>
497.2201 	EXP 	text_2: autoDraw = False
497.2201 	EXP 	textbox: autoDraw = False
497.2201 	EXP 	text_3: autoDraw = False
497.2201 	EXP 	text_2: height = np.float64(0.05)
497.2201 	EXP 	text_2: height = np.float64(0.05)
497.2201 	EXP 	text_2: height = np.float64(0.05)
497.2201 	EXP 	text_2: text = '_ru_is_'
497.2201 	EXP 	text_2: autoDraw = True
497.2201 	EXP 	textbox: autoDraw = True
497.2201 	EXP 	text_3: autoDraw = True
497.3049 	DATA 	Mouse:  Left button up, pos=(569,157)
497.3734 	DATA 	Mouse: Left button down, pos=(569,157)
497.3744 	EXP 	New trial (rep=6, index=4): <Trial 124 (4 in rep 6) data={'test_word': 'v_s_', 'Reference': 'Vase', 'old_new': 'new', 'thisN': 124, 'thisTrialN': 4, 'thisRepN': 6}>
497.3870 	EXP 	text_2: autoDraw = False
497.3870 	EXP 	textbox: autoDraw = False
497.3870 	EXP 	text_3: autoDraw = False
497.3870 	EXP 	text_2: height = np.float64(0.05)
497.3870 	EXP 	text_2: height = np.float64(0.05)
497.3870 	EXP 	text_2: height = np.float64(0.05)
497.3870 	EXP 	text_2: text = 'v_s_'
497.3870 	EXP 	text_2: autoDraw = True
497.3870 	EXP 	textbox: autoDraw = True
497.3870 	EXP 	text_3: autoDraw = True
497.4542 	DATA 	Mouse:  Left button up, pos=(569,157)
497.5232 	DATA 	Mouse: Left button down, pos=(569,157)
497.5252 	EXP 	New trial (rep=6, index=5): <Trial 125 (5 in rep 6) data={'test_word': 'c_s_', 'Reference': 'Case', 'old_new': 'old', 'thisN': 125, 'thisTrialN': 5, 'thisRepN': 6}>
497.5526 	EXP 	text_2: autoDraw = False
497.5526 	EXP 	textbox: autoDraw = False
497.5526 	EXP 	text_3: autoDraw = False
497.5526 	EXP 	text_2: height = np.float64(0.05)
497.5526 	EXP 	text_2: height = np.float64(0.05)
497.5526 	EXP 	text_2: height = np.float64(0.05)
497.5526 	EXP 	text_2: text = 'c_s_'
497.5526 	EXP 	text_2: autoDraw = True
497.5526 	EXP 	textbox: autoDraw = True
497.5526 	EXP 	text_3: autoDraw = True
497.6384 	DATA 	Mouse:  Left button up, pos=(569,157)
497.7050 	DATA 	Mouse: Left button down, pos=(569,157)
497.7064 	EXP 	New trial (rep=6, index=6): <Trial 126 (6 in rep 6) data={'test_word': 'P_li_e', 'Reference': 'Police', 'old_new': 'old', 'thisN': 126, 'thisTrialN': 6, 'thisRepN': 6}>
497.7202 	EXP 	text_2: autoDraw = False
497.7202 	EXP 	textbox: autoDraw = False
497.7202 	EXP 	text_3: autoDraw = False
497.7202 	EXP 	text_2: height = np.float64(0.05)
497.7202 	EXP 	text_2: height = np.float64(0.05)
497.7202 	EXP 	text_2: height = np.float64(0.05)
497.7202 	EXP 	text_2: text = 'P_li_e'
497.7202 	EXP 	text_2: autoDraw = True
497.7202 	EXP 	textbox: autoDraw = True
497.7202 	EXP 	text_3: autoDraw = True
497.8051 	DATA 	Mouse:  Left button up, pos=(569,157)
497.8727 	DATA 	Mouse: Left button down, pos=(569,157)
497.8746 	EXP 	New trial (rep=6, index=7): <Trial 127 (7 in rep 6) data={'test_word': 'c_m_ra', 'Reference': 'Camera', 'old_new': 'new', 'thisN': 127, 'thisTrialN': 7, 'thisRepN': 6}>
497.9031 	EXP 	text_2: autoDraw = False
497.9031 	EXP 	textbox: autoDraw = False
497.9031 	EXP 	text_3: autoDraw = False
497.9031 	EXP 	text_2: height = np.float64(0.05)
497.9031 	EXP 	text_2: height = np.float64(0.05)
497.9031 	EXP 	text_2: height = np.float64(0.05)
497.9031 	EXP 	text_2: text = 'c_m_ra'
497.9031 	EXP 	text_2: autoDraw = True
497.9031 	EXP 	textbox: autoDraw = True
497.9031 	EXP 	text_3: autoDraw = True
497.9890 	DATA 	Mouse:  Left button up, pos=(569,157)
498.0379 	DATA 	Mouse: Left button down, pos=(569,157)
498.0393 	EXP 	New trial (rep=6, index=8): <Trial 128 (8 in rep 6) data={'test_word': '_o_rd', 'Reference': 'Board', 'old_new': 'old', 'thisN': 128, 'thisTrialN': 8, 'thisRepN': 6}>
498.0534 	EXP 	text_2: autoDraw = False
498.0534 	EXP 	textbox: autoDraw = False
498.0534 	EXP 	text_3: autoDraw = False
498.0534 	EXP 	text_2: height = np.float64(0.05)
498.0534 	EXP 	text_2: height = np.float64(0.05)
498.0534 	EXP 	text_2: height = np.float64(0.05)
498.0534 	EXP 	text_2: text = '_o_rd'
498.0534 	EXP 	text_2: autoDraw = True
498.0534 	EXP 	textbox: autoDraw = True
498.0534 	EXP 	text_3: autoDraw = True
498.1550 	DATA 	Mouse:  Left button up, pos=(569,157)
498.2116 	DATA 	Mouse: Left button down, pos=(569,157)
498.2221 	EXP 	New trial (rep=6, index=9): <Trial 129 (9 in rep 6) data={'test_word': 'K_y_', 'Reference': 'Keys', 'old_new': 'old', 'thisN': 129, 'thisTrialN': 9, 'thisRepN': 6}>
498.2367 	EXP 	text_2: autoDraw = False
498.2367 	EXP 	textbox: autoDraw = False
498.2367 	EXP 	text_3: autoDraw = False
498.2367 	EXP 	text_2: height = np.float64(0.05)
498.2367 	EXP 	text_2: height = np.float64(0.05)
498.2367 	EXP 	text_2: height = np.float64(0.05)
498.2367 	EXP 	text_2: text = 'K_y_'
498.2367 	EXP 	text_2: autoDraw = True
498.2367 	EXP 	textbox: autoDraw = True
498.2367 	EXP 	text_3: autoDraw = True
498.3384 	DATA 	Mouse:  Left button up, pos=(569,157)
498.4070 	DATA 	Mouse: Left button down, pos=(569,157)
498.4078 	EXP 	New trial (rep=6, index=10): <Trial 130 (10 in rep 6) data={'test_word': 'ta_l_', 'Reference': 'Table', 'old_new': 'new', 'thisN': 130, 'thisTrialN': 10, 'thisRepN': 6}>
498.4214 	EXP 	text_2: autoDraw = False
498.4214 	EXP 	textbox: autoDraw = False
498.4214 	EXP 	text_3: autoDraw = False
498.4214 	EXP 	text_2: height = np.float64(0.05)
498.4214 	EXP 	text_2: height = np.float64(0.05)
498.4214 	EXP 	text_2: height = np.float64(0.05)
498.4214 	EXP 	text_2: text = 'ta_l_'
498.4214 	EXP 	text_2: autoDraw = True
498.4214 	EXP 	textbox: autoDraw = True
498.4214 	EXP 	text_3: autoDraw = True
498.4933 	DATA 	Mouse:  Left button up, pos=(569,157)
498.5558 	DATA 	Mouse: Left button down, pos=(569,157)
498.5578 	EXP 	New trial (rep=6, index=11): <Trial 131 (11 in rep 6) data={'test_word': 'bo_t_e', 'Reference': 'Bottle', 'old_new': 'new', 'thisN': 131, 'thisTrialN': 11, 'thisRepN': 6}>
498.5865 	EXP 	text_2: autoDraw = False
498.5865 	EXP 	textbox: autoDraw = False
498.5865 	EXP 	text_3: autoDraw = False
498.5865 	EXP 	text_2: height = np.float64(0.05)
498.5865 	EXP 	text_2: height = np.float64(0.05)
498.5865 	EXP 	text_2: height = np.float64(0.05)
498.5865 	EXP 	text_2: text = 'bo_t_e'
498.5865 	EXP 	text_2: autoDraw = True
498.5865 	EXP 	textbox: autoDraw = True
498.5865 	EXP 	text_3: autoDraw = True
498.7230 	DATA 	Mouse:  Left button up, pos=(569,157)
499.5552 	DATA 	Keypress: b
499.5559 	EXP 	Device response: <KeyPress from None: t=499.5523070000345, value=b, duration=None>
499.6375 	EXP 	Device response: <KeyPress from None: t=499.5523070000345, value=b, duration=0.07733130000997335>
499.8877 	DATA 	Keypress: o
499.8882 	EXP 	Device response: <KeyPress from None: t=499.88185590005014, value=o, duration=None>
499.9713 	EXP 	Device response: <KeyPress from None: t=499.88185590005014, value=o, duration=0.08029369998257607>
500.1381 	DATA 	Keypress: t
500.1394 	EXP 	Device response: <KeyPress from None: t=500.1318555000471, value=t, duration=None>
500.2043 	EXP 	Device response: <KeyPress from None: t=500.1318555000471, value=t, duration=0.05755849997512996>
500.3042 	DATA 	Keypress: t
500.3048 	EXP 	Device response: <KeyPress from None: t=500.29387110006064, value=t, duration=None>
500.3705 	EXP 	Device response: <KeyPress from None: t=500.29387110006064, value=t, duration=0.07394559995736927>
500.4372 	DATA 	Keypress: l
500.4380 	EXP 	Device response: <KeyPress from None: t=500.4349267000798, value=l, duration=None>
500.5216 	EXP 	Device response: <KeyPress from None: t=500.4349267000798, value=l, duration=0.07553079992067069>
500.5870 	DATA 	Keypress: e
500.5878 	EXP 	Device response: <KeyPress from None: t=500.58664630004205, value=e, duration=None>
500.7044 	EXP 	Device response: <KeyPress from None: t=500.58664630004205, value=e, duration=0.10500830004457384>
502.6481 	DATA 	Mouse: Left button down, pos=(563,166)
502.6490 	EXP 	New trial (rep=6, index=12): <Trial 132 (12 in rep 6) data={'test_word': 'c_s_io_', 'Reference': 'Cushion', 'old_new': 'new', 'thisN': 132, 'thisTrialN': 12, 'thisRepN': 6}>
502.6623 	EXP 	text_2: autoDraw = False
502.6623 	EXP 	textbox: autoDraw = False
502.6623 	EXP 	text_3: autoDraw = False
502.6623 	EXP 	text_2: height = np.float64(0.05)
502.6623 	EXP 	text_2: height = np.float64(0.05)
502.6623 	EXP 	text_2: height = np.float64(0.05)
502.6623 	EXP 	text_2: text = 'c_s_io_'
502.6623 	EXP 	text_2: autoDraw = True
502.6623 	EXP 	textbox: autoDraw = True
502.6623 	EXP 	text_3: autoDraw = True
502.8713 	DATA 	Mouse:  Left button up, pos=(563,166)
503.5628 	DATA 	Keypress: c
503.5641 	EXP 	Device response: <KeyPress from None: t=503.5541634000838, value=c, duration=None>
503.6621 	EXP 	Device response: <KeyPress from None: t=503.5541634000838, value=c, duration=0.09839329996611923>
503.7455 	DATA 	Keypress: u
503.7461 	EXP 	Device response: <KeyPress from None: t=503.74270490009803, value=u, duration=None>
503.8293 	EXP 	Device response: <KeyPress from None: t=503.74270490009803, value=u, duration=0.08402199996635318>
503.9123 	DATA 	Keypress: s
503.9137 	EXP 	Device response: <KeyPress from None: t=503.90793059999123, value=s, duration=None>
504.0464 	EXP 	Device response: <KeyPress from None: t=503.90793059999123, value=s, duration=0.1341868001036346>
504.0627 	DATA 	Keypress: h
504.0640 	EXP 	Device response: <KeyPress from None: t=504.0502149000531, value=h, duration=None>
504.1294 	EXP 	Device response: <KeyPress from None: t=504.0502149000531, value=h, duration=0.07154749997425824>
504.3461 	DATA 	Keypress: i
504.3475 	EXP 	Device response: <KeyPress from None: t=504.3388727999991, value=i, duration=None>
504.4290 	EXP 	Device response: <KeyPress from None: t=504.3388727999991, value=i, duration=0.08635860006324947>
504.5310 	DATA 	Keypress: o
504.5453 	EXP 	Device response: <KeyPress from None: t=504.53040230006445, value=o, duration=None>
504.6293 	EXP 	Device response: <KeyPress from None: t=504.53040230006445, value=o, duration=0.08498669997788966>
504.7635 	DATA 	Keypress: n
504.7650 	EXP 	Device response: <KeyPress from None: t=504.75429810001515, value=n, duration=None>
504.8290 	EXP 	Device response: <KeyPress from None: t=504.75429810001515, value=n, duration=0.07287610007915646>
505.7150 	DATA 	Mouse: Left button down, pos=(563,166)
505.7159 	EXP 	New trial (rep=6, index=13): <Trial 133 (13 in rep 6) data={'test_word': '_ou_se', 'Reference': 'mouse', 'old_new': 'old', 'thisN': 133, 'thisTrialN': 13, 'thisRepN': 6}>
505.7283 	EXP 	text_2: autoDraw = False
505.7283 	EXP 	textbox: autoDraw = False
505.7283 	EXP 	text_3: autoDraw = False
505.7283 	EXP 	text_2: height = np.float64(0.05)
505.7283 	EXP 	text_2: height = np.float64(0.05)
505.7283 	EXP 	text_2: height = np.float64(0.05)
505.7283 	EXP 	text_2: text = '_ou_se'
505.7283 	EXP 	text_2: autoDraw = True
505.7283 	EXP 	textbox: autoDraw = True
505.7283 	EXP 	text_3: autoDraw = True
505.9400 	DATA 	Mouse:  Left button up, pos=(563,166)
506.4516 	DATA 	Keypress: m
506.4621 	EXP 	Device response: <KeyPress from None: t=506.4469282000791, value=m, duration=None>
506.5286 	EXP 	Device response: <KeyPress from None: t=506.4469282000791, value=m, duration=0.07518149993848056>
506.6791 	DATA 	Keypress: o
506.6806 	EXP 	Device response: <KeyPress from None: t=506.66579020000063, value=o, duration=None>
506.7619 	EXP 	Device response: <KeyPress from None: t=506.66579020000063, value=o, duration=0.08085730008315295>
506.8953 	DATA 	Keypress: u
506.8959 	EXP 	Device response: <KeyPress from None: t=506.88632510008756, value=u, duration=None>
506.9791 	EXP 	Device response: <KeyPress from None: t=506.88632510008756, value=u, duration=0.08411729999352247>
507.0118 	DATA 	Keypress: s
507.0124 	EXP 	Device response: <KeyPress from None: t=507.0020677000284, value=s, duration=None>
507.1128 	EXP 	Device response: <KeyPress from None: t=507.0020677000284, value=s, duration=0.10103270004037768>
507.2117 	DATA 	Keypress: e
507.2122 	EXP 	Device response: <KeyPress from None: t=507.20361750002485, value=e, duration=None>
507.3123 	EXP 	Device response: <KeyPress from None: t=507.20361750002485, value=e, duration=0.0963883000658825>
508.3331 	DATA 	Mouse: Left button down, pos=(563,166)
508.3464 	EXP 	New trial (rep=6, index=14): <Trial 134 (14 in rep 6) data={'test_word': '_a_bl_', 'Reference': 'Marble', 'old_new': 'old', 'thisN': 134, 'thisTrialN': 14, 'thisRepN': 6}>
508.3623 	EXP 	text_2: autoDraw = False
508.3623 	EXP 	textbox: autoDraw = False
508.3623 	EXP 	text_3: autoDraw = False
508.3623 	EXP 	text_2: height = np.float64(0.05)
508.3623 	EXP 	text_2: height = np.float64(0.05)
508.3623 	EXP 	text_2: height = np.float64(0.05)
508.3623 	EXP 	text_2: text = '_a_bl_'
508.3623 	EXP 	text_2: autoDraw = True
508.3623 	EXP 	textbox: autoDraw = True
508.3623 	EXP 	text_3: autoDraw = True
508.5549 	DATA 	Mouse:  Left button up, pos=(563,166)
509.2793 	DATA 	Keypress: t
509.2799 	EXP 	Device response: <KeyPress from None: t=509.2776675000787, value=t, duration=None>
509.3791 	EXP 	Device response: <KeyPress from None: t=509.2776675000787, value=t, duration=0.08493769995402545>
509.5005 	DATA 	Keypress: a
509.5125 	EXP 	Device response: <KeyPress from None: t=509.497354799998, value=a, duration=None>
509.5969 	DATA 	Keypress: b
509.5985 	EXP 	Device response: <KeyPress from None: t=509.5946775000775, value=b, duration=None>
509.6482 	EXP 	Device response: <KeyPress from None: t=509.497354799998, value=a, duration=0.13699560007080436>
509.6664 	EXP 	Device response: <KeyPress from None: t=509.5946775000775, value=b, duration=0.07058159995358437>
510.1335 	DATA 	Keypress: l
510.1465 	EXP 	Device response: <KeyPress from None: t=510.12988360004965, value=l, duration=None>
510.2301 	EXP 	Device response: <KeyPress from None: t=510.12988360004965, value=l, duration=0.09736849996261299>
510.2633 	DATA 	Keypress: e
510.2646 	EXP 	Device response: <KeyPress from None: t=510.2626980000641, value=e, duration=None>
510.3830 	EXP 	Device response: <KeyPress from None: t=510.2626980000641, value=e, duration=0.10105880000628531>
511.5314 	DATA 	Mouse: Left button down, pos=(563,166)
511.5323 	EXP 	New trial (rep=6, index=15): <Trial 135 (15 in rep 6) data={'test_word': 'l_pt_p', 'Reference': 'Laptop', 'old_new': 'old', 'thisN': 135, 'thisTrialN': 15, 'thisRepN': 6}>
511.5460 	EXP 	text_2: autoDraw = False
511.5460 	EXP 	textbox: autoDraw = False
511.5460 	EXP 	text_3: autoDraw = False
511.5460 	EXP 	text_2: height = np.float64(0.05)
511.5460 	EXP 	text_2: height = np.float64(0.05)
511.5460 	EXP 	text_2: height = np.float64(0.05)
511.5460 	EXP 	text_2: text = 'l_pt_p'
511.5460 	EXP 	text_2: autoDraw = True
511.5460 	EXP 	textbox: autoDraw = True
511.5460 	EXP 	text_3: autoDraw = True
511.7718 	DATA 	Mouse:  Left button up, pos=(563,166)
512.7470 	DATA 	Keypress: a
512.7475 	EXP 	Device response: <KeyPress from None: t=512.744027000037, value=a, duration=None>
512.8813 	EXP 	Device response: <KeyPress from None: t=512.744027000037, value=a, duration=0.13553630001842976>
512.9291 	DATA 	Keypress: p
512.9297 	EXP 	Device response: <KeyPress from None: t=512.9268610000145, value=p, duration=None>
512.9967 	EXP 	Device response: <KeyPress from None: t=512.9268610000145, value=p, duration=0.05488269997294992>
513.1467 	DATA 	Keypress: o
513.1481 	EXP 	Device response: <KeyPress from None: t=513.1417480000528, value=o, duration=None>
513.2466 	EXP 	Device response: <KeyPress from None: t=513.1417480000528, value=o, duration=0.09026940003968775>
513.2628 	DATA 	Keypress: t
513.2633 	EXP 	Device response: <KeyPress from None: t=513.2491493000416, value=t, duration=None>
513.3632 	EXP 	Device response: <KeyPress from None: t=513.2491493000416, value=t, duration=0.10218160005751997>
513.4140 	DATA 	Keypress: p
513.4147 	EXP 	Device response: <KeyPress from None: t=513.4099319000961, value=p, duration=None>
513.4982 	EXP 	Device response: <KeyPress from None: t=513.4099319000961, value=p, duration=0.0815940999891609>
514.7972 	DATA 	Keypress: backspace
514.7987 	EXP 	Device response: <KeyPress from None: t=514.7872092000907, value=backspace, duration=None>
514.8802 	EXP 	Device response: <KeyPress from None: t=514.7872092000907, value=backspace, duration=0.08995759999379516>
515.0128 	DATA 	Keypress: backspace
515.0134 	EXP 	Device response: <KeyPress from None: t=515.0058792000636, value=backspace, duration=None>
515.0958 	EXP 	Device response: <KeyPress from None: t=515.0058792000636, value=backspace, duration=0.0736254999646917>
515.1961 	DATA 	Keypress: backspace
515.1972 	EXP 	Device response: <KeyPress from None: t=515.1851093000732, value=backspace, duration=None>
515.2628 	EXP 	Device response: <KeyPress from None: t=515.1851093000732, value=backspace, duration=0.06227230001240969>
515.3461 	DATA 	Keypress: backspace
515.3472 	EXP 	Device response: <KeyPress from None: t=515.3343421000754, value=backspace, duration=None>
515.4465 	EXP 	Device response: <KeyPress from None: t=515.3343421000754, value=backspace, duration=0.09922149998601526>
515.5175 	DATA 	Keypress: backspace
515.5296 	EXP 	Device response: <KeyPress from None: t=515.5148106000852, value=backspace, duration=None>
515.6301 	EXP 	Device response: <KeyPress from None: t=515.5148106000852, value=backspace, duration=0.10437779990024865>
516.2331 	DATA 	Keypress: l
516.2468 	EXP 	Device response: <KeyPress from None: t=516.2306181000313, value=l, duration=None>
516.2982 	EXP 	Device response: <KeyPress from None: t=516.2306181000313, value=l, duration=0.06261620006989688>
516.3476 	DATA 	Keypress: a
516.3491 	EXP 	Device response: <KeyPress from None: t=516.3393627000041, value=a, duration=None>
516.5127 	EXP 	Device response: <KeyPress from None: t=516.3393627000041, value=a, duration=0.15745820000302047>
516.5970 	DATA 	Keypress: p
516.5976 	EXP 	Device response: <KeyPress from None: t=516.5890872000018, value=p, duration=None>
516.6650 	EXP 	Device response: <KeyPress from None: t=516.5890872000018, value=p, duration=0.07474489999003708>
516.9161 	DATA 	Keypress: t
516.9177 	EXP 	Device response: <KeyPress from None: t=516.9009509000462, value=t, duration=None>
516.9959 	EXP 	Device response: <KeyPress from None: t=516.9009509000462, value=t, duration=0.0909090000204742>
517.0463 	DATA 	Keypress: o
517.0468 	EXP 	Device response: <KeyPress from None: t=517.0417340000859, value=o, duration=None>
517.1308 	EXP 	Device response: <KeyPress from None: t=517.0417340000859, value=o, duration=0.08570299996063113>
517.2456 	DATA 	Keypress: p
517.2463 	EXP 	Device response: <KeyPress from None: t=517.2419132000068, value=p, duration=None>
517.3302 	EXP 	Device response: <KeyPress from None: t=517.2419132000068, value=p, duration=0.07469050004146993>
518.1829 	DATA 	Mouse: Left button down, pos=(563,166)
518.1844 	EXP 	New trial (rep=6, index=16): <Trial 136 (16 in rep 6) data={'test_word': 'T_hi_t', 'Reference': 'Tshirt', 'old_new': 'old', 'thisN': 136, 'thisTrialN': 16, 'thisRepN': 6}>
518.2113 	EXP 	text_2: autoDraw = False
518.2113 	EXP 	textbox: autoDraw = False
518.2113 	EXP 	text_3: autoDraw = False
518.2113 	EXP 	text_2: height = np.float64(0.05)
518.2113 	EXP 	text_2: height = np.float64(0.05)
518.2113 	EXP 	text_2: height = np.float64(0.05)
518.2113 	EXP 	text_2: text = 'T_hi_t'
518.2113 	EXP 	text_2: autoDraw = True
518.2113 	EXP 	textbox: autoDraw = True
518.2113 	EXP 	text_3: autoDraw = True
518.4111 	DATA 	Mouse:  Left button up, pos=(563,166)
519.1290 	DATA 	Keypress: t
519.1299 	EXP 	Device response: <KeyPress from None: t=519.1240967999911, value=t, duration=None>
519.1975 	EXP 	Device response: <KeyPress from None: t=519.1240967999911, value=t, duration=0.06379010004457086>
519.3974 	DATA 	Keypress: s
519.3989 	EXP 	Device response: <KeyPress from None: t=519.395545000094, value=s, duration=None>
519.5469 	EXP 	Device response: <KeyPress from None: t=519.395545000094, value=s, duration=0.14349029993172735>
519.5628 	DATA 	Keypress: h
519.5642 	EXP 	Device response: <KeyPress from None: t=519.5542686000699, value=h, duration=None>
519.6298 	EXP 	Device response: <KeyPress from None: t=519.5542686000699, value=h, duration=0.07322899997234344>
519.7629 	DATA 	Keypress: i
519.7643 	EXP 	Device response: <KeyPress from None: t=519.7499221999897, value=i, duration=None>
519.8461 	DATA 	Keypress: r
519.8474 	EXP 	Device response: <KeyPress from None: t=519.7499221999897, value=i, duration=0.0836789000313729>
519.8475 	EXP 	Device response: <KeyPress from None: t=519.8395246000728, value=r, duration=None>
519.9298 	EXP 	Device response: <KeyPress from None: t=519.8395246000728, value=r, duration=0.08961139991879463>
520.0293 	DATA 	Keypress: t
520.0306 	EXP 	Device response: <KeyPress from None: t=520.0272315000184, value=t, duration=None>
520.1133 	EXP 	Device response: <KeyPress from None: t=520.0272315000184, value=t, duration=0.0808253000723198>
521.0307 	DATA 	Mouse: Left button down, pos=(563,166)
521.0327 	EXP 	New trial (rep=6, index=17): <Trial 137 (17 in rep 6) data={'test_word': '_oo_', 'Reference': 'Book', 'old_new': 'old', 'thisN': 137, 'thisTrialN': 17, 'thisRepN': 6}>
521.0459 	EXP 	text_2: autoDraw = False
521.0459 	EXP 	textbox: autoDraw = False
521.0459 	EXP 	text_3: autoDraw = False
521.0459 	EXP 	text_2: height = np.float64(0.05)
521.0459 	EXP 	text_2: height = np.float64(0.05)
521.0459 	EXP 	text_2: height = np.float64(0.05)
521.0459 	EXP 	text_2: text = '_oo_'
521.0459 	EXP 	text_2: autoDraw = True
521.0459 	EXP 	textbox: autoDraw = True
521.0459 	EXP 	text_3: autoDraw = True
521.2481 	DATA 	Mouse:  Left button up, pos=(563,166)
521.9677 	DATA 	Keypress: b
521.9794 	EXP 	Device response: <KeyPress from None: t=521.9668595000403, value=b, duration=None>
522.0466 	EXP 	Device response: <KeyPress from None: t=521.9668595000403, value=b, duration=0.07467250002082437>
522.2811 	DATA 	Keypress: o
522.2957 	EXP 	Device response: <KeyPress from None: t=522.2796762000071, value=o, duration=None>
522.3471 	EXP 	Device response: <KeyPress from None: t=522.2796762000071, value=o, duration=0.06290000001899898>
522.4294 	DATA 	Keypress: o
522.4307 	EXP 	Device response: <KeyPress from None: t=522.4265787000768, value=o, duration=None>
522.5129 	EXP 	Device response: <KeyPress from None: t=522.4265787000768, value=o, duration=0.07380130002275109>
522.6296 	DATA 	Keypress: k
522.6310 	EXP 	Device response: <KeyPress from None: t=522.6258921000408, value=k, duration=None>
522.7133 	EXP 	Device response: <KeyPress from None: t=522.6258921000408, value=k, duration=0.07696179999038577>
523.5676 	DATA 	Mouse: Left button down, pos=(563,166)
523.5819 	EXP 	New trial (rep=6, index=18): <Trial 138 (18 in rep 6) data={'test_word': 'P_st_r', 'Reference': 'Poster', 'old_new': 'old', 'thisN': 138, 'thisTrialN': 18, 'thisRepN': 6}>
523.5957 	EXP 	text_2: autoDraw = False
523.5957 	EXP 	textbox: autoDraw = False
523.5957 	EXP 	text_3: autoDraw = False
523.5957 	EXP 	text_2: height = np.float64(0.05)
523.5957 	EXP 	text_2: height = np.float64(0.05)
523.5957 	EXP 	text_2: height = np.float64(0.05)
523.5957 	EXP 	text_2: text = 'P_st_r'
523.5957 	EXP 	text_2: autoDraw = True
523.5957 	EXP 	textbox: autoDraw = True
523.5957 	EXP 	text_3: autoDraw = True
523.7872 	DATA 	Mouse:  Left button up, pos=(563,166)
524.5681 	DATA 	Keypress: p
524.5796 	EXP 	Device response: <KeyPress from None: t=524.5677735999925, value=p, duration=None>
524.6465 	EXP 	Device response: <KeyPress from None: t=524.5677735999925, value=p, duration=0.07788060000166297>
524.7287 	DATA 	Keypress: a
524.7303 	EXP 	Device response: <KeyPress from None: t=524.7187909000786, value=a, duration=None>
524.8786 	EXP 	Device response: <KeyPress from None: t=524.7187909000786, value=a, duration=0.14353739994112402>
524.9975 	DATA 	Keypress: s
524.9991 	EXP 	Device response: <KeyPress from None: t=524.98607860005, value=s, duration=None>
525.1297 	EXP 	Device response: <KeyPress from None: t=524.98607860005, value=s, duration=0.13956659997347742>
525.3456 	DATA 	Keypress: t
525.3470 	EXP 	Device response: <KeyPress from None: t=525.3363534000237, value=t, duration=None>
525.4459 	EXP 	Device response: <KeyPress from None: t=525.3363534000237, value=t, duration=0.09912779997102916>
525.5460 	DATA 	Keypress: r
525.5475 	EXP 	Device response: <KeyPress from None: t=525.5357900999952, value=r, duration=None>
525.6466 	EXP 	Device response: <KeyPress from None: t=525.5357900999952, value=r, duration=0.09991009999066591>
525.7134 	DATA 	Keypress: y
525.7141 	EXP 	Device response: <KeyPress from None: t=525.7026681000134, value=y, duration=None>
525.7954 	EXP 	Device response: <KeyPress from None: t=525.7026681000134, value=y, duration=0.08002110000234097>
526.6334 	DATA 	Mouse: Left button down, pos=(563,166)
526.6469 	EXP 	New trial (rep=6, index=19): <Trial 139 (19 in rep 6) data={'test_word': '_ha_t', 'Reference': 'Chart', 'old_new': 'old', 'thisN': 139, 'thisTrialN': 19, 'thisRepN': 6}>
526.6614 	EXP 	text_2: autoDraw = False
526.6614 	EXP 	textbox: autoDraw = False
526.6614 	EXP 	text_3: autoDraw = False
526.6614 	EXP 	text_2: height = np.float64(0.05)
526.6614 	EXP 	text_2: height = np.float64(0.05)
526.6614 	EXP 	text_2: height = np.float64(0.05)
526.6614 	EXP 	text_2: text = '_ha_t'
526.6614 	EXP 	text_2: autoDraw = True
526.6614 	EXP 	textbox: autoDraw = True
526.6614 	EXP 	text_3: autoDraw = True
526.8497 	DATA 	Mouse:  Left button up, pos=(563,166)
528.3789 	DATA 	Keypress: h
528.3794 	EXP 	Device response: <KeyPress from None: t=528.3698488000082, value=h, duration=None>
528.4616 	EXP 	Device response: <KeyPress from None: t=528.3698488000082, value=h, duration=0.07898290001321584>
528.4948 	DATA 	Keypress: a
528.4953 	EXP 	Device response: <KeyPress from None: t=528.4940508999862, value=a, duration=None>
528.6298 	EXP 	Device response: <KeyPress from None: t=528.4940508999862, value=a, duration=0.1301260000327602>
528.8954 	DATA 	Keypress: t
528.8967 	EXP 	Device response: <KeyPress from None: t=528.8925003000768, value=t, duration=None>
528.9790 	EXP 	Device response: <KeyPress from None: t=528.8925003000768, value=t, duration=0.08335899992380291>
530.1974 	DATA 	Mouse: Left button down, pos=(563,161)
530.1989 	EXP 	New trial (rep=7, index=0): <Trial 140 (0 in rep 7) data={'test_word': 'ta_l_', 'Reference': 'Table', 'old_new': 'new', 'thisN': 140, 'thisTrialN': 0, 'thisRepN': 7}>
530.2139 	EXP 	text_2: autoDraw = False
530.2139 	EXP 	textbox: autoDraw = False
530.2139 	EXP 	text_3: autoDraw = False
530.2139 	EXP 	text_2: height = np.float64(0.05)
530.2139 	EXP 	text_2: height = np.float64(0.05)
530.2139 	EXP 	text_2: height = np.float64(0.05)
530.2139 	EXP 	text_2: text = 'ta_l_'
530.2139 	EXP 	text_2: autoDraw = True
530.2139 	EXP 	textbox: autoDraw = True
530.2139 	EXP 	text_3: autoDraw = True
530.4248 	DATA 	Mouse:  Left button up, pos=(563,161)
531.0620 	DATA 	Keypress: t
531.0625 	EXP 	Device response: <KeyPress from None: t=531.0578592000529, value=t, duration=None>
531.1620 	EXP 	Device response: <KeyPress from None: t=531.0578592000529, value=t, duration=0.08779529994353652>
531.3793 	DATA 	Keypress: a
531.3807 	EXP 	Device response: <KeyPress from None: t=531.3676481000148, value=a, duration=None>
531.5285 	EXP 	Device response: <KeyPress from None: t=531.3676481000148, value=a, duration=0.14731290005147457>
531.5475 	DATA 	Keypress: b
531.5490 	EXP 	Device response: <KeyPress from None: t=531.5425507000182, value=b, duration=None>
531.6291 	EXP 	Device response: <KeyPress from None: t=531.5425507000182, value=b, duration=0.07410269998945296>
531.8290 	DATA 	Keypress: l
531.8295 	EXP 	Device response: <KeyPress from None: t=531.8229899000144, value=l, duration=None>
531.9467 	EXP 	Device response: <KeyPress from None: t=531.8229899000144, value=l, duration=0.11426719999872148>
532.3786 	DATA 	Keypress: e
532.3799 	EXP 	Device response: <KeyPress from None: t=532.3666623000754, value=e, duration=None>
532.4621 	EXP 	Device response: <KeyPress from None: t=532.3666623000754, value=e, duration=0.08693949994631112>
533.6984 	DATA 	Mouse: Left button down, pos=(563,161)
533.6993 	EXP 	New trial (rep=7, index=1): <Trial 141 (1 in rep 7) data={'test_word': '_ou_se', 'Reference': 'mouse', 'old_new': 'old', 'thisN': 141, 'thisTrialN': 1, 'thisRepN': 7}>
533.7113 	EXP 	text_2: autoDraw = False
533.7113 	EXP 	textbox: autoDraw = False
533.7113 	EXP 	text_3: autoDraw = False
533.7113 	EXP 	text_2: height = np.float64(0.05)
533.7113 	EXP 	text_2: height = np.float64(0.05)
533.7113 	EXP 	text_2: height = np.float64(0.05)
533.7113 	EXP 	text_2: text = '_ou_se'
533.7113 	EXP 	text_2: autoDraw = True
533.7113 	EXP 	textbox: autoDraw = True
533.7113 	EXP 	text_3: autoDraw = True
533.9223 	DATA 	Mouse:  Left button up, pos=(563,161)
534.5125 	DATA 	Keypress: m
534.5138 	EXP 	Device response: <KeyPress from None: t=534.5055605000816, value=m, duration=None>
534.5790 	EXP 	Device response: <KeyPress from None: t=534.5055605000816, value=m, duration=0.07161300000734627>
534.7284 	DATA 	Keypress: o
534.7289 	EXP 	Device response: <KeyPress from None: t=534.7163003000896, value=o, duration=None>
534.8293 	EXP 	Device response: <KeyPress from None: t=534.7163003000896, value=o, duration=0.10146729997359216>
534.9619 	DATA 	Keypress: u
534.9624 	EXP 	Device response: <KeyPress from None: t=534.9556858000578, value=u, duration=None>
535.0622 	EXP 	Device response: <KeyPress from None: t=534.9556858000578, value=u, duration=0.0989434999646619>
535.0792 	DATA 	Keypress: s
535.0798 	EXP 	Device response: <KeyPress from None: t=535.0742024000501, value=s, duration=None>
535.2125 	EXP 	Device response: <KeyPress from None: t=535.0742024000501, value=s, duration=0.12243889993987978>
535.3120 	DATA 	Keypress: e
535.3134 	EXP 	Device response: <KeyPress from None: t=535.3041538000107, value=e, duration=None>
535.4122 	EXP 	Device response: <KeyPress from None: t=535.3041538000107, value=e, duration=0.10581410001032054>
536.6475 	DATA 	Mouse: Left button down, pos=(563,161)
536.6484 	EXP 	New trial (rep=7, index=2): <Trial 142 (2 in rep 7) data={'test_word': 'bo_t_e', 'Reference': 'Bottle', 'old_new': 'new', 'thisN': 142, 'thisTrialN': 2, 'thisRepN': 7}>
536.6616 	EXP 	text_2: autoDraw = False
536.6616 	EXP 	textbox: autoDraw = False
536.6616 	EXP 	text_3: autoDraw = False
536.6616 	EXP 	text_2: height = np.float64(0.05)
536.6616 	EXP 	text_2: height = np.float64(0.05)
536.6616 	EXP 	text_2: height = np.float64(0.05)
536.6616 	EXP 	text_2: text = 'bo_t_e'
536.6616 	EXP 	text_2: autoDraw = True
536.6616 	EXP 	textbox: autoDraw = True
536.6616 	EXP 	text_3: autoDraw = True
536.8709 	DATA 	Mouse:  Left button up, pos=(563,161)
537.4795 	DATA 	Keypress: b
537.4804 	EXP 	Device response: <KeyPress from None: t=537.4716648000758, value=b, duration=None>
537.6116 	EXP 	Device response: <KeyPress from None: t=537.4716648000758, value=b, duration=0.13031369994860142>
537.6783 	DATA 	Keypress: o
537.6796 	EXP 	Device response: <KeyPress from None: t=537.6710274000652, value=o, duration=None>
537.7629 	EXP 	Device response: <KeyPress from None: t=537.6710274000652, value=o, duration=0.07906709995586425>
537.8784 	DATA 	Keypress: t
537.8791 	EXP 	Device response: <KeyPress from None: t=537.8685609000968, value=t, duration=None>
537.9616 	EXP 	Device response: <KeyPress from None: t=537.8685609000968, value=t, duration=0.0909744999371469>
538.0469 	DATA 	Keypress: t
538.0618 	EXP 	Device response: <KeyPress from None: t=538.0455366000533, value=t, duration=None>
538.1291 	EXP 	Device response: <KeyPress from None: t=538.0455366000533, value=t, duration=0.08315990003757179>
538.1813 	DATA 	Keypress: l
538.1953 	EXP 	Device response: <KeyPress from None: t=538.1801435000962, value=l, duration=None>
538.2782 	EXP 	Device response: <KeyPress from None: t=538.1801435000962, value=l, duration=0.09049299999605864>
538.3450 	DATA 	Keypress: e
538.3465 	EXP 	Device response: <KeyPress from None: t=538.3343275000807, value=e, duration=None>
538.4617 	EXP 	Device response: <KeyPress from None: t=538.3343275000807, value=e, duration=0.1130614000139758>
539.2151 	DATA 	Mouse: Left button down, pos=(563,161)
539.2163 	EXP 	New trial (rep=7, index=3): <Trial 143 (3 in rep 7) data={'test_word': 'c_m_ra', 'Reference': 'Camera', 'old_new': 'new', 'thisN': 143, 'thisTrialN': 3, 'thisRepN': 7}>
539.2293 	EXP 	text_2: autoDraw = False
539.2293 	EXP 	textbox: autoDraw = False
539.2293 	EXP 	text_3: autoDraw = False
539.2293 	EXP 	text_2: height = np.float64(0.05)
539.2293 	EXP 	text_2: height = np.float64(0.05)
539.2293 	EXP 	text_2: height = np.float64(0.05)
539.2293 	EXP 	text_2: text = 'c_m_ra'
539.2293 	EXP 	text_2: autoDraw = True
539.2293 	EXP 	textbox: autoDraw = True
539.2293 	EXP 	text_3: autoDraw = True
539.4338 	DATA 	Mouse:  Left button up, pos=(563,161)
540.8786 	DATA 	Keypress: c
540.8793 	EXP 	Device response: <KeyPress from None: t=540.8746026000008, value=c, duration=None>
540.9783 	EXP 	Device response: <KeyPress from None: t=540.8746026000008, value=c, duration=0.0938827000791207>
541.1287 	DATA 	Keypress: a
541.1300 	EXP 	Device response: <KeyPress from None: t=541.1247264000122, value=a, duration=None>
541.2453 	EXP 	Device response: <KeyPress from None: t=541.1247264000122, value=a, duration=0.11627860006410629>
541.3291 	DATA 	Keypress: m
541.3299 	EXP 	Device response: <KeyPress from None: t=541.3156922000926, value=m, duration=None>
541.4120 	EXP 	Device response: <KeyPress from None: t=541.3156922000926, value=m, duration=0.09551359992474318>
541.4950 	DATA 	Keypress: e
541.4964 	EXP 	Device response: <KeyPress from None: t=541.4853606000543, value=e, duration=None>
541.5955 	EXP 	Device response: <KeyPress from None: t=541.4853606000543, value=e, duration=0.10930719994939864>
541.6948 	DATA 	Keypress: r
541.6953 	EXP 	Device response: <KeyPress from None: t=541.68987630005, value=r, duration=None>
541.7948 	EXP 	Device response: <KeyPress from None: t=541.68987630005, value=r, duration=0.09175250004045665>
541.9451 	DATA 	Keypress: a
541.9457 	EXP 	Device response: <KeyPress from None: t=541.932848000084, value=a, duration=None>
542.0967 	EXP 	Device response: <KeyPress from None: t=541.932848000084, value=a, duration=0.1529516999144107>
543.0316 	DATA 	Mouse: Left button down, pos=(563,161)
543.0470 	EXP 	New trial (rep=7, index=4): <Trial 144 (4 in rep 7) data={'test_word': 'P_li_e', 'Reference': 'Police', 'old_new': 'old', 'thisN': 144, 'thisTrialN': 4, 'thisRepN': 7}>
543.0611 	EXP 	text_2: autoDraw = False
543.0611 	EXP 	textbox: autoDraw = False
543.0611 	EXP 	text_3: autoDraw = False
543.0611 	EXP 	text_2: height = np.float64(0.05)
543.0611 	EXP 	text_2: height = np.float64(0.05)
543.0611 	EXP 	text_2: height = np.float64(0.05)
543.0611 	EXP 	text_2: text = 'P_li_e'
543.0611 	EXP 	text_2: autoDraw = True
543.0611 	EXP 	textbox: autoDraw = True
543.0611 	EXP 	text_3: autoDraw = True
543.2703 	DATA 	Mouse:  Left button up, pos=(563,161)
543.8633 	DATA 	Keypress: p
543.8651 	EXP 	Device response: <KeyPress from None: t=543.862337400089, value=p, duration=None>
543.9293 	EXP 	Device response: <KeyPress from None: t=543.862337400089, value=p, duration=0.052889499929733574>
544.1123 	DATA 	Keypress: o
544.1131 	EXP 	Device response: <KeyPress from None: t=544.1053651000839, value=o, duration=None>
544.1943 	EXP 	Device response: <KeyPress from None: t=544.1053651000839, value=o, duration=0.07297779992222786>
544.3139 	DATA 	Keypress: l
544.3159 	EXP 	Device response: <KeyPress from None: t=544.305642100051, value=l, duration=None>
544.3799 	EXP 	Device response: <KeyPress from None: t=544.305642100051, value=l, duration=0.07190979993902147>
544.5127 	DATA 	Keypress: i
544.5143 	EXP 	Device response: <KeyPress from None: t=544.5017218000721, value=i, duration=None>
544.5958 	EXP 	Device response: <KeyPress from None: t=544.5017218000721, value=i, duration=0.08613730000797659>
544.6632 	DATA 	Keypress: c
544.6787 	EXP 	Device response: <KeyPress from None: t=544.6626977000851, value=c, duration=None>
544.7614 	EXP 	Device response: <KeyPress from None: t=544.6626977000851, value=c, duration=0.09191149997059256>
544.8780 	DATA 	Keypress: e
544.8786 	EXP 	Device response: <KeyPress from None: t=544.8721795000602, value=e, duration=None>
544.9620 	EXP 	Device response: <KeyPress from None: t=544.8721795000602, value=e, duration=0.07500109996180981>
545.9461 	DATA 	Mouse: Left button down, pos=(563,161)
545.9469 	EXP 	New trial (rep=7, index=5): <Trial 145 (5 in rep 7) data={'test_word': 'p_nc_l', 'Reference': 'Pencil', 'old_new': 'new', 'thisN': 145, 'thisTrialN': 5, 'thisRepN': 7}>
545.9618 	EXP 	text_2: autoDraw = False
545.9618 	EXP 	textbox: autoDraw = False
545.9618 	EXP 	text_3: autoDraw = False
545.9618 	EXP 	text_2: height = np.float64(0.05)
545.9618 	EXP 	text_2: height = np.float64(0.05)
545.9618 	EXP 	text_2: height = np.float64(0.05)
545.9618 	EXP 	text_2: text = 'p_nc_l'
545.9618 	EXP 	text_2: autoDraw = True
545.9618 	EXP 	textbox: autoDraw = True
545.9618 	EXP 	text_3: autoDraw = True
546.1855 	DATA 	Mouse:  Left button up, pos=(563,161)
546.8794 	DATA 	Keypress: p
546.8800 	EXP 	Device response: <KeyPress from None: t=546.8742809999967, value=p, duration=None>
546.9620 	EXP 	Device response: <KeyPress from None: t=546.8742809999967, value=p, duration=0.08512380009051412>
547.0618 	DATA 	Keypress: e
547.0634 	EXP 	Device response: <KeyPress from None: t=547.0607977000764, value=e, duration=None>
547.1452 	EXP 	Device response: <KeyPress from None: t=547.0607977000764, value=e, duration=0.07031129999086261>
547.1985 	DATA 	Keypress: n
547.2115 	EXP 	Device response: <KeyPress from None: t=547.1980711000506, value=n, duration=None>
547.2953 	EXP 	Device response: <KeyPress from None: t=547.1980711000506, value=n, duration=0.08059699996374547>
547.4280 	DATA 	Keypress: c
547.4288 	EXP 	Device response: <KeyPress from None: t=547.4214699000586, value=c, duration=None>
547.5778 	EXP 	Device response: <KeyPress from None: t=547.4214699000586, value=c, duration=0.1420050000306219>
547.6628 	DATA 	Keypress: i
547.6639 	EXP 	Device response: <KeyPress from None: t=547.6487292000093, value=i, duration=None>
547.7455 	EXP 	Device response: <KeyPress from None: t=547.6487292000093, value=i, duration=0.08271970006171614>
547.8780 	DATA 	Keypress: l
547.8785 	EXP 	Device response: <KeyPress from None: t=547.8655346999876, value=l, duration=None>
547.9452 	EXP 	Device response: <KeyPress from None: t=547.8655346999876, value=l, duration=0.079051100066863>
548.9662 	DATA 	Mouse: Left button down, pos=(563,161)
548.9673 	EXP 	New trial (rep=7, index=6): <Trial 146 (6 in rep 7) data={'test_word': '_a_bl_', 'Reference': 'Marble', 'old_new': 'old', 'thisN': 146, 'thisTrialN': 6, 'thisRepN': 7}>
548.9941 	EXP 	text_2: autoDraw = False
548.9941 	EXP 	textbox: autoDraw = False
548.9941 	EXP 	text_3: autoDraw = False
548.9941 	EXP 	text_2: height = np.float64(0.05)
548.9941 	EXP 	text_2: height = np.float64(0.05)
548.9941 	EXP 	text_2: height = np.float64(0.05)
548.9941 	EXP 	text_2: text = '_a_bl_'
548.9941 	EXP 	text_2: autoDraw = True
548.9941 	EXP 	textbox: autoDraw = True
548.9941 	EXP 	text_3: autoDraw = True
549.1987 	DATA 	Mouse:  Left button up, pos=(563,161)
550.1614 	DATA 	Keypress: t
550.1619 	EXP 	Device response: <KeyPress from None: t=550.1612043000059, value=t, duration=None>
550.2451 	EXP 	Device response: <KeyPress from None: t=550.1612043000059, value=t, duration=0.0795339000178501>
550.4114 	DATA 	Keypress: a
550.4127 	EXP 	Device response: <KeyPress from None: t=550.4070363000501, value=a, duration=None>
550.5790 	DATA 	Keypress: b
550.5804 	EXP 	Device response: <KeyPress from None: t=550.4070363000501, value=a, duration=0.1570005000103265>
550.5805 	EXP 	Device response: <KeyPress from None: t=550.5709833999863, value=b, duration=None>
550.6620 	EXP 	Device response: <KeyPress from None: t=550.5709833999863, value=b, duration=0.07619470008648932>
550.8777 	DATA 	Keypress: l
550.8785 	EXP 	Device response: <KeyPress from None: t=550.8704272999894, value=l, duration=None>
550.9610 	EXP 	Device response: <KeyPress from None: t=550.8704272999894, value=l, duration=0.07829190010670573>
550.9951 	DATA 	Keypress: e
550.9961 	EXP 	Device response: <KeyPress from None: t=550.9878169000149, value=e, duration=None>
551.0614 	EXP 	Device response: <KeyPress from None: t=550.9878169000149, value=e, duration=0.07138920004945248>
551.8981 	DATA 	Mouse: Left button down, pos=(563,161)
551.8991 	EXP 	New trial (rep=7, index=7): <Trial 147 (7 in rep 7) data={'test_word': '_ru_is_', 'Reference': 'Cruise', 'old_new': 'old', 'thisN': 147, 'thisTrialN': 7, 'thisRepN': 7}>
551.9271 	EXP 	text_2: autoDraw = False
551.9271 	EXP 	textbox: autoDraw = False
551.9271 	EXP 	text_3: autoDraw = False
551.9271 	EXP 	text_2: height = np.float64(0.05)
551.9271 	EXP 	text_2: height = np.float64(0.05)
551.9271 	EXP 	text_2: height = np.float64(0.05)
551.9271 	EXP 	text_2: text = '_ru_is_'
551.9271 	EXP 	text_2: autoDraw = True
551.9271 	EXP 	textbox: autoDraw = True
551.9271 	EXP 	text_3: autoDraw = True
552.1134 	DATA 	Mouse:  Left button up, pos=(563,161)
553.4291 	DATA 	Keypress: c
553.4297 	EXP 	Device response: <KeyPress from None: t=553.4274962000782, value=c, duration=None>
553.5119 	EXP 	Device response: <KeyPress from None: t=553.4274962000782, value=c, duration=0.07054769992828369>
553.6808 	DATA 	Keypress: r
553.6954 	EXP 	Device response: <KeyPress from None: t=553.6806008000858, value=r, duration=None>
553.7632 	EXP 	Device response: <KeyPress from None: t=553.6806008000858, value=r, duration=0.07414089993108064>
554.0954 	DATA 	Keypress: u
554.0969 	EXP 	Device response: <KeyPress from None: t=554.0929656000808, value=u, duration=None>
554.1621 	EXP 	Device response: <KeyPress from None: t=554.0929656000808, value=u, duration=0.05961549992207438>
554.2781 	DATA 	Keypress: i
554.2787 	EXP 	Device response: <KeyPress from None: t=554.2661685000639, value=i, duration=None>
554.3460 	EXP 	Device response: <KeyPress from None: t=554.2661685000639, value=i, duration=0.07390880002640188>
554.6118 	DATA 	Keypress: s
554.6132 	EXP 	Device response: <KeyPress from None: t=554.602462500101, value=s, duration=None>
554.6953 	EXP 	Device response: <KeyPress from None: t=554.602462500101, value=s, duration=0.07961979997344315>
554.8119 	DATA 	Keypress: e
554.8128 	EXP 	Device response: <KeyPress from None: t=554.801703400095, value=e, duration=None>
554.8949 	EXP 	Device response: <KeyPress from None: t=554.801703400095, value=e, duration=0.08722739992663264>
555.9137 	DATA 	Mouse: Left button down, pos=(563,161)
555.9145 	EXP 	New trial (rep=7, index=8): <Trial 148 (8 in rep 7) data={'test_word': 'K_y_', 'Reference': 'Keys', 'old_new': 'old', 'thisN': 148, 'thisTrialN': 8, 'thisRepN': 7}>
555.9283 	EXP 	text_2: autoDraw = False
555.9283 	EXP 	textbox: autoDraw = False
555.9283 	EXP 	text_3: autoDraw = False
555.9283 	EXP 	text_2: height = np.float64(0.05)
555.9283 	EXP 	text_2: height = np.float64(0.05)
555.9283 	EXP 	text_2: height = np.float64(0.05)
555.9283 	EXP 	text_2: text = 'K_y_'
555.9283 	EXP 	text_2: autoDraw = True
555.9283 	EXP 	textbox: autoDraw = True
555.9283 	EXP 	text_3: autoDraw = True
556.1241 	DATA 	Mouse:  Left button up, pos=(563,161)
556.8470 	DATA 	Keypress: k
556.8613 	EXP 	Device response: <KeyPress from None: t=556.8450571000576, value=k, duration=None>
556.9278 	EXP 	Device response: <KeyPress from None: t=556.8450571000576, value=k, duration=0.0822945999680087>
557.3615 	DATA 	Keypress: e
557.3628 	EXP 	Device response: <KeyPress from None: t=557.352360800025, value=e, duration=None>
557.4126 	EXP 	Device response: <KeyPress from None: t=557.352360800025, value=e, duration=0.05831430002581328>
557.7445 	DATA 	Keypress: y
557.7450 	EXP 	Device response: <KeyPress from None: t=557.7370586000616, value=y, duration=None>
557.8284 	EXP 	Device response: <KeyPress from None: t=557.7370586000616, value=y, duration=0.07814579992555082>
558.0449 	DATA 	Keypress: s
558.0464 	EXP 	Device response: <KeyPress from None: t=558.031635900028, value=s, duration=None>
558.1121 	EXP 	Device response: <KeyPress from None: t=558.031635900028, value=s, duration=0.07190199999604374>
559.1644 	DATA 	Mouse: Left button down, pos=(563,161)
559.1798 	EXP 	New trial (rep=7, index=9): <Trial 149 (9 in rep 7) data={'test_word': 'v_s_', 'Reference': 'Vase', 'old_new': 'new', 'thisN': 149, 'thisTrialN': 9, 'thisRepN': 7}>
559.1942 	EXP 	text_2: autoDraw = False
559.1942 	EXP 	textbox: autoDraw = False
559.1942 	EXP 	text_3: autoDraw = False
559.1942 	EXP 	text_2: height = np.float64(0.05)
559.1942 	EXP 	text_2: height = np.float64(0.05)
559.1942 	EXP 	text_2: height = np.float64(0.05)
559.1942 	EXP 	text_2: text = 'v_s_'
559.1942 	EXP 	text_2: autoDraw = True
559.1942 	EXP 	textbox: autoDraw = True
559.1942 	EXP 	text_3: autoDraw = True
559.3962 	DATA 	Mouse:  Left button up, pos=(563,161)
560.5449 	DATA 	Keypress: v
560.5454 	EXP 	Device response: <KeyPress from None: t=560.533161600004, value=v, duration=None>
560.6447 	EXP 	Device response: <KeyPress from None: t=560.533161600004, value=v, duration=0.09538429998792708>
560.7281 	DATA 	Keypress: i
560.7287 	EXP 	Device response: <KeyPress from None: t=560.7181189000839, value=i, duration=None>
560.8135 	EXP 	Device response: <KeyPress from None: t=560.7181189000839, value=i, duration=0.08070289995521307>
560.9287 	DATA 	Keypress: s
560.9293 	EXP 	Device response: <KeyPress from None: t=560.9248444000259, value=s, duration=None>
560.9950 	EXP 	Device response: <KeyPress from None: t=560.9248444000259, value=s, duration=0.0662165000103414>
561.1283 	DATA 	Keypress: a
561.1290 	EXP 	Device response: <KeyPress from None: t=561.1260718000121, value=a, duration=None>
561.2464 	EXP 	Device response: <KeyPress from None: t=561.1260718000121, value=a, duration=0.11519630008842796>
562.2990 	DATA 	Mouse: Left button down, pos=(563,161)
562.3000 	EXP 	New trial (rep=7, index=10): <Trial 150 (10 in rep 7) data={'test_word': 'c_s_', 'Reference': 'Case', 'old_new': 'old', 'thisN': 150, 'thisTrialN': 10, 'thisRepN': 7}>
562.3116 	EXP 	text_2: autoDraw = False
562.3116 	EXP 	textbox: autoDraw = False
562.3116 	EXP 	text_3: autoDraw = False
562.3116 	EXP 	text_2: height = np.float64(0.05)
562.3116 	EXP 	text_2: height = np.float64(0.05)
562.3116 	EXP 	text_2: height = np.float64(0.05)
562.3116 	EXP 	text_2: text = 'c_s_'
562.3116 	EXP 	text_2: autoDraw = True
562.3116 	EXP 	textbox: autoDraw = True
562.3116 	EXP 	text_3: autoDraw = True
562.5291 	DATA 	Mouse:  Left button up, pos=(563,161)
563.2116 	DATA 	Keypress: c
563.2127 	EXP 	Device response: <KeyPress from None: t=563.2014805000508, value=c, duration=None>
563.2956 	EXP 	Device response: <KeyPress from None: t=563.2014805000508, value=c, duration=0.07994800002779812>
563.4458 	DATA 	Keypress: a
563.4470 	EXP 	Device response: <KeyPress from None: t=563.4419346000068, value=a, duration=None>
563.5453 	EXP 	Device response: <KeyPress from None: t=563.4419346000068, value=a, duration=0.09162190009374171>
563.6622 	DATA 	Keypress: s
563.6635 	EXP 	Device response: <KeyPress from None: t=563.6553190000122, value=s, duration=None>
563.7715 	EXP 	Device response: <KeyPress from None: t=563.6553190000122, value=s, duration=0.11114280007313937>
563.8785 	DATA 	Keypress: e
563.8791 	EXP 	Device response: <KeyPress from None: t=563.8757165001007, value=e, duration=None>
563.9618 	EXP 	Device response: <KeyPress from None: t=563.8757165001007, value=e, duration=0.08293659996706992>
564.6963 	DATA 	Mouse: Left button down, pos=(563,161)
564.6986 	EXP 	New trial (rep=7, index=11): <Trial 151 (11 in rep 7) data={'test_word': 'l_pt_p', 'Reference': 'Laptop', 'old_new': 'old', 'thisN': 151, 'thisTrialN': 11, 'thisRepN': 7}>
564.7271 	EXP 	text_2: autoDraw = False
564.7271 	EXP 	textbox: autoDraw = False
564.7271 	EXP 	text_3: autoDraw = False
564.7271 	EXP 	text_2: height = np.float64(0.05)
564.7271 	EXP 	text_2: height = np.float64(0.05)
564.7271 	EXP 	text_2: height = np.float64(0.05)
564.7271 	EXP 	text_2: text = 'l_pt_p'
564.7271 	EXP 	text_2: autoDraw = True
564.7271 	EXP 	textbox: autoDraw = True
564.7271 	EXP 	text_3: autoDraw = True
564.9138 	DATA 	Mouse:  Left button up, pos=(563,161)
565.6620 	DATA 	Keypress: l
565.6631 	EXP 	Device response: <KeyPress from None: t=565.6559991000686, value=l, duration=None>
565.7292 	EXP 	Device response: <KeyPress from None: t=565.6559991000686, value=l, duration=0.0679111999925226>
565.7959 	DATA 	Keypress: a
565.7972 	EXP 	Device response: <KeyPress from None: t=565.792285200092, value=a, duration=None>
565.8637 	EXP 	Device response: <KeyPress from None: t=565.792285200092, value=a, duration=0.0677981999469921>
565.9966 	DATA 	Keypress: p
565.9977 	EXP 	Device response: <KeyPress from None: t=565.9884084000951, value=p, duration=None>
566.0949 	EXP 	Device response: <KeyPress from None: t=565.9884084000951, value=p, duration=0.09310820000246167>
567.1142 	DATA 	Keypress: t
567.1275 	EXP 	Device response: <KeyPress from None: t=567.1126539000543, value=t, duration=None>
567.2110 	EXP 	Device response: <KeyPress from None: t=567.1126539000543, value=t, duration=0.08403939998243004>
567.2946 	DATA 	Keypress: o
567.2957 	EXP 	Device response: <KeyPress from None: t=567.2909125000006, value=o, duration=None>
567.3611 	EXP 	Device response: <KeyPress from None: t=567.2909125000006, value=o, duration=0.05790770007297397>
567.4614 	DATA 	Keypress: p
567.4621 	EXP 	Device response: <KeyPress from None: t=567.4551297000144, value=p, duration=None>
567.5446 	EXP 	Device response: <KeyPress from None: t=567.4551297000144, value=p, duration=0.08179179998114705>
568.5285 	DATA 	Mouse: Left button down, pos=(563,161)
568.5294 	EXP 	New trial (rep=7, index=12): <Trial 152 (12 in rep 7) data={'test_word': 'T_hi_t', 'Reference': 'Tshirt', 'old_new': 'old', 'thisN': 152, 'thisTrialN': 12, 'thisRepN': 7}>
568.5444 	EXP 	text_2: autoDraw = False
568.5444 	EXP 	textbox: autoDraw = False
568.5444 	EXP 	text_3: autoDraw = False
568.5444 	EXP 	text_2: height = np.float64(0.05)
568.5444 	EXP 	text_2: height = np.float64(0.05)
568.5444 	EXP 	text_2: height = np.float64(0.05)
568.5444 	EXP 	text_2: text = 'T_hi_t'
568.5444 	EXP 	text_2: autoDraw = True
568.5444 	EXP 	textbox: autoDraw = True
568.5444 	EXP 	text_3: autoDraw = True
568.7454 	DATA 	Mouse:  Left button up, pos=(563,161)
570.1777 	DATA 	Keypress: t
570.1782 	EXP 	Device response: <KeyPress from None: t=570.1674395999871, value=t, duration=None>
570.2446 	EXP 	Device response: <KeyPress from None: t=570.1674395999871, value=t, duration=0.06889390002470464>
570.6785 	DATA 	Keypress: s
570.6793 	EXP 	Device response: <KeyPress from None: t=570.6670609000139, value=s, duration=None>
570.8117 	EXP 	Device response: <KeyPress from None: t=570.6670609000139, value=s, duration=0.1402770000277087>
570.9613 	DATA 	Keypress: h
570.9620 	EXP 	Device response: <KeyPress from None: t=570.9563686000183, value=h, duration=None>
571.0456 	EXP 	Device response: <KeyPress from None: t=570.9563686000183, value=h, duration=0.07218480005394667>
571.1619 	DATA 	Keypress: i
571.1627 	EXP 	Device response: <KeyPress from None: t=571.1496493000304, value=i, duration=None>
571.2443 	EXP 	Device response: <KeyPress from None: t=571.1496493000304, value=i, duration=0.08591679995879531>
571.2488 	DATA 	Keypress: r
571.2610 	EXP 	Device response: <KeyPress from None: t=571.2486327000661, value=r, duration=None>
571.3780 	EXP 	Device response: <KeyPress from None: t=571.2486327000661, value=r, duration=0.11693659995216876>
571.4963 	DATA 	Keypress: t
571.4970 	EXP 	Device response: <KeyPress from None: t=571.4856813000515, value=t, duration=None>
571.5627 	EXP 	Device response: <KeyPress from None: t=571.4856813000515, value=t, duration=0.06402299995534122>
572.4849 	DATA 	Mouse: Left button down, pos=(563,161)
572.4991 	EXP 	New trial (rep=7, index=13): <Trial 153 (13 in rep 7) data={'test_word': '_ho_e', 'Reference': 'Phone', 'old_new': 'old', 'thisN': 153, 'thisTrialN': 13, 'thisRepN': 7}>
572.5273 	EXP 	text_2: autoDraw = False
572.5273 	EXP 	textbox: autoDraw = False
572.5273 	EXP 	text_3: autoDraw = False
572.5273 	EXP 	text_2: height = np.float64(0.05)
572.5273 	EXP 	text_2: height = np.float64(0.05)
572.5273 	EXP 	text_2: height = np.float64(0.05)
572.5273 	EXP 	text_2: text = '_ho_e'
572.5273 	EXP 	text_2: autoDraw = True
572.5273 	EXP 	textbox: autoDraw = True
572.5273 	EXP 	text_3: autoDraw = True
572.7127 	DATA 	Mouse:  Left button up, pos=(563,161)
573.5985 	DATA 	Keypress: h
573.6119 	EXP 	Device response: <KeyPress from None: t=573.5978674000362, value=h, duration=None>
573.6786 	EXP 	Device response: <KeyPress from None: t=573.5978674000362, value=h, duration=0.07898340001702309>
573.8292 	DATA 	Keypress: o
573.8304 	EXP 	Device response: <KeyPress from None: t=573.8283466000576, value=o, duration=None>
573.9117 	EXP 	Device response: <KeyPress from None: t=573.8283466000576, value=o, duration=0.07373109995387495>
574.0293 	DATA 	Keypress: s
574.0299 	EXP 	Device response: <KeyPress from None: t=574.0192535000388, value=s, duration=None>
574.1618 	EXP 	Device response: <KeyPress from None: t=574.0192535000388, value=s, duration=0.13286070001777261>
574.1785 	DATA 	Keypress: u
574.1790 	EXP 	Device response: <KeyPress from None: t=574.1767216000007, value=u, duration=None>
574.2628 	EXP 	Device response: <KeyPress from None: t=574.1767216000007, value=u, duration=0.07520690001547337>
574.3117 	DATA 	Keypress: e
574.3123 	EXP 	Device response: <KeyPress from None: t=574.3107257999945, value=e, duration=None>
574.4119 	EXP 	Device response: <KeyPress from None: t=574.3107257999945, value=e, duration=0.10031960008200258>
575.9282 	DATA 	Keypress: backspace
575.9294 	EXP 	Device response: <KeyPress from None: t=575.9179683000548, value=backspace, duration=None>
576.0119 	EXP 	Device response: <KeyPress from None: t=575.9179683000548, value=backspace, duration=0.08843130001332611>
576.1618 	DATA 	Keypress: backspace
576.1624 	EXP 	Device response: <KeyPress from None: t=576.1602135000285, value=backspace, duration=None>
576.2787 	EXP 	Device response: <KeyPress from None: t=576.1602135000285, value=backspace, duration=0.11445340001955628>
576.5666 	DATA 	Keypress: backspace
576.5788 	EXP 	Device response: <KeyPress from None: t=576.5662167000119, value=backspace, duration=None>
576.6794 	EXP 	Device response: <KeyPress from None: t=576.5662167000119, value=backspace, duration=0.11182800005190074>
577.0614 	DATA 	Keypress: u
577.0625 	EXP 	Device response: <KeyPress from None: t=577.0482729000505, value=u, duration=None>
577.1470 	DATA 	Keypress: s
577.1483 	EXP 	Device response: <KeyPress from None: t=577.0482729000505, value=u, duration=0.08199179999064654>
577.1483 	EXP 	Device response: <KeyPress from None: t=577.1448273001006, value=s, duration=None>
577.2624 	EXP 	Device response: <KeyPress from None: t=577.1448273001006, value=s, duration=0.11186939990147948>
577.3954 	DATA 	Keypress: e
577.3966 	EXP 	Device response: <KeyPress from None: t=577.3918619999895, value=e, duration=None>
577.6444 	EXP 	Device response: <KeyPress from None: t=577.3918619999895, value=e, duration=0.238038600073196>
578.3334 	DATA 	Mouse: Left button down, pos=(563,161)
578.3451 	EXP 	New trial (rep=7, index=14): <Trial 154 (14 in rep 7) data={'test_word': 'c_s_io_', 'Reference': 'Cushion', 'old_new': 'new', 'thisN': 154, 'thisTrialN': 14, 'thisRepN': 7}>
578.3607 	EXP 	text_2: autoDraw = False
578.3607 	EXP 	textbox: autoDraw = False
578.3607 	EXP 	text_3: autoDraw = False
578.3607 	EXP 	text_2: height = np.float64(0.05)
578.3607 	EXP 	text_2: height = np.float64(0.05)
578.3607 	EXP 	text_2: height = np.float64(0.05)
578.3607 	EXP 	text_2: text = 'c_s_io_'
578.3607 	EXP 	text_2: autoDraw = True
578.3607 	EXP 	textbox: autoDraw = True
578.3607 	EXP 	text_3: autoDraw = True
578.5693 	DATA 	Mouse:  Left button up, pos=(563,161)
579.3329 	DATA 	Mouse: Left button down, pos=(563,161)
579.3463 	EXP 	New trial (rep=7, index=15): <Trial 155 (15 in rep 7) data={'test_word': 'P_st_r', 'Reference': 'Poster', 'old_new': 'old', 'thisN': 155, 'thisTrialN': 15, 'thisRepN': 7}>
579.3606 	EXP 	text_2: autoDraw = False
579.3606 	EXP 	textbox: autoDraw = False
579.3606 	EXP 	text_3: autoDraw = False
579.3606 	EXP 	text_2: height = np.float64(0.05)
579.3606 	EXP 	text_2: height = np.float64(0.05)
579.3606 	EXP 	text_2: height = np.float64(0.05)
579.3606 	EXP 	text_2: text = 'P_st_r'
579.3606 	EXP 	text_2: autoDraw = True
579.3606 	EXP 	textbox: autoDraw = True
579.3606 	EXP 	text_3: autoDraw = True
579.5122 	DATA 	Mouse:  Left button up, pos=(563,161)
579.5789 	DATA 	Mouse: Left button down, pos=(563,161)
579.5797 	EXP 	New trial (rep=7, index=16): <Trial 156 (16 in rep 7) data={'test_word': '_ha_t', 'Reference': 'Chart', 'old_new': 'old', 'thisN': 156, 'thisTrialN': 16, 'thisRepN': 7}>
579.5946 	EXP 	text_2: autoDraw = False
579.5946 	EXP 	textbox: autoDraw = False
579.5946 	EXP 	text_3: autoDraw = False
579.5946 	EXP 	text_2: height = np.float64(0.05)
579.5946 	EXP 	text_2: height = np.float64(0.05)
579.5946 	EXP 	text_2: height = np.float64(0.05)
579.5946 	EXP 	text_2: text = '_ha_t'
579.5946 	EXP 	text_2: autoDraw = True
579.5946 	EXP 	textbox: autoDraw = True
579.5946 	EXP 	text_3: autoDraw = True
579.6958 	DATA 	Mouse:  Left button up, pos=(563,161)
579.7622 	DATA 	Mouse: Left button down, pos=(563,161)
579.7631 	EXP 	New trial (rep=7, index=17): <Trial 157 (17 in rep 7) data={'test_word': '_oo_', 'Reference': 'Book', 'old_new': 'old', 'thisN': 157, 'thisTrialN': 17, 'thisRepN': 7}>
579.7775 	EXP 	text_2: autoDraw = False
579.7775 	EXP 	textbox: autoDraw = False
579.7775 	EXP 	text_3: autoDraw = False
579.7775 	EXP 	text_2: height = np.float64(0.05)
579.7775 	EXP 	text_2: height = np.float64(0.05)
579.7775 	EXP 	text_2: height = np.float64(0.05)
579.7775 	EXP 	text_2: text = '_oo_'
579.7775 	EXP 	text_2: autoDraw = True
579.7775 	EXP 	textbox: autoDraw = True
579.7775 	EXP 	text_3: autoDraw = True
579.8656 	DATA 	Mouse:  Left button up, pos=(563,161)
579.9289 	DATA 	Mouse: Left button down, pos=(563,161)
579.9298 	EXP 	New trial (rep=7, index=18): <Trial 158 (18 in rep 7) data={'test_word': '_o_rd', 'Reference': 'Board', 'old_new': 'old', 'thisN': 158, 'thisTrialN': 18, 'thisRepN': 7}>
579.9444 	EXP 	text_2: autoDraw = False
579.9444 	EXP 	textbox: autoDraw = False
579.9444 	EXP 	text_3: autoDraw = False
579.9444 	EXP 	text_2: height = np.float64(0.05)
579.9444 	EXP 	text_2: height = np.float64(0.05)
579.9444 	EXP 	text_2: height = np.float64(0.05)
579.9444 	EXP 	text_2: text = '_o_rd'
579.9444 	EXP 	text_2: autoDraw = True
579.9444 	EXP 	textbox: autoDraw = True
579.9444 	EXP 	text_3: autoDraw = True
580.0454 	DATA 	Mouse:  Left button up, pos=(563,161)
580.1183 	DATA 	Mouse: Left button down, pos=(563,161)
580.1302 	EXP 	New trial (rep=7, index=19): <Trial 159 (19 in rep 7) data={'test_word': 'P_as_tr_', 'Reference': 'Pastry', 'old_new': 'old', 'thisN': 159, 'thisTrialN': 19, 'thisRepN': 7}>
580.1444 	EXP 	text_2: autoDraw = False
580.1444 	EXP 	textbox: autoDraw = False
580.1444 	EXP 	text_3: autoDraw = False
580.1444 	EXP 	text_2: height = np.float64(0.05)
580.1444 	EXP 	text_2: height = np.float64(0.05)
580.1444 	EXP 	text_2: height = np.float64(0.05)
580.1444 	EXP 	text_2: text = 'P_as_tr_'
580.1444 	EXP 	text_2: autoDraw = True
580.1444 	EXP 	textbox: autoDraw = True
580.1444 	EXP 	text_3: autoDraw = True
580.2363 	DATA 	Mouse:  Left button up, pos=(563,161)
580.2956 	DATA 	Mouse: Left button down, pos=(563,161)
580.2965 	EXP 	New trial (rep=8, index=0): <Trial 160 (0 in rep 8) data={'test_word': 'c_s_', 'Reference': 'Case', 'old_new': 'old', 'thisN': 160, 'thisTrialN': 0, 'thisRepN': 8}>
580.3109 	EXP 	text_2: autoDraw = False
580.3109 	EXP 	textbox: autoDraw = False
580.3109 	EXP 	text_3: autoDraw = False
580.3109 	EXP 	text_2: height = np.float64(0.05)
580.3109 	EXP 	text_2: height = np.float64(0.05)
580.3109 	EXP 	text_2: height = np.float64(0.05)
580.3109 	EXP 	text_2: text = 'c_s_'
580.3109 	EXP 	text_2: autoDraw = True
580.3109 	EXP 	textbox: autoDraw = True
580.3109 	EXP 	text_3: autoDraw = True
580.4157 	DATA 	Mouse:  Left button up, pos=(563,161)
580.4786 	DATA 	Mouse: Left button down, pos=(563,161)
580.4795 	EXP 	New trial (rep=8, index=1): <Trial 161 (1 in rep 8) data={'test_word': '_ou_se', 'Reference': 'mouse', 'old_new': 'old', 'thisN': 161, 'thisTrialN': 1, 'thisRepN': 8}>
580.4942 	EXP 	text_2: autoDraw = False
580.4942 	EXP 	textbox: autoDraw = False
580.4942 	EXP 	text_3: autoDraw = False
580.4942 	EXP 	text_2: height = np.float64(0.05)
580.4942 	EXP 	text_2: height = np.float64(0.05)
580.4942 	EXP 	text_2: height = np.float64(0.05)
580.4942 	EXP 	text_2: text = '_ou_se'
580.4942 	EXP 	text_2: autoDraw = True
580.4942 	EXP 	textbox: autoDraw = True
580.4942 	EXP 	text_3: autoDraw = True
580.6185 	DATA 	Mouse:  Left button up, pos=(563,161)
580.6631 	DATA 	Mouse: Left button down, pos=(563,161)
580.6640 	EXP 	New trial (rep=8, index=2): <Trial 162 (2 in rep 8) data={'test_word': '_ha_t', 'Reference': 'Chart', 'old_new': 'old', 'thisN': 162, 'thisTrialN': 2, 'thisRepN': 8}>
580.6775 	EXP 	text_2: autoDraw = False
580.6775 	EXP 	textbox: autoDraw = False
580.6775 	EXP 	text_3: autoDraw = False
580.6775 	EXP 	text_2: height = np.float64(0.05)
580.6775 	EXP 	text_2: height = np.float64(0.05)
580.6775 	EXP 	text_2: height = np.float64(0.05)
580.6775 	EXP 	text_2: text = '_ha_t'
580.6775 	EXP 	text_2: autoDraw = True
580.6775 	EXP 	textbox: autoDraw = True
580.6775 	EXP 	text_3: autoDraw = True
580.7956 	DATA 	Mouse:  Left button up, pos=(563,161)
580.8631 	DATA 	Mouse: Left button down, pos=(563,161)
580.8642 	EXP 	New trial (rep=8, index=3): <Trial 163 (3 in rep 8) data={'test_word': 'P_as_tr_', 'Reference': 'Pastry', 'old_new': 'old', 'thisN': 163, 'thisTrialN': 3, 'thisRepN': 8}>
580.8802 	EXP 	text_2: autoDraw = False
580.8802 	EXP 	textbox: autoDraw = False
580.8802 	EXP 	text_3: autoDraw = False
580.8802 	EXP 	text_2: height = np.float64(0.05)
580.8802 	EXP 	text_2: height = np.float64(0.05)
580.8802 	EXP 	text_2: height = np.float64(0.05)
580.8802 	EXP 	text_2: text = 'P_as_tr_'
580.8802 	EXP 	text_2: autoDraw = True
580.8802 	EXP 	textbox: autoDraw = True
580.8802 	EXP 	text_3: autoDraw = True
580.9788 	DATA 	Mouse:  Left button up, pos=(563,161)
581.0467 	DATA 	Mouse: Left button down, pos=(563,161)
581.0477 	EXP 	New trial (rep=8, index=4): <Trial 164 (4 in rep 8) data={'test_word': 'P_st_r', 'Reference': 'Poster', 'old_new': 'old', 'thisN': 164, 'thisTrialN': 4, 'thisRepN': 8}>
581.0620 	EXP 	text_2: autoDraw = False
581.0620 	EXP 	textbox: autoDraw = False
581.0620 	EXP 	text_3: autoDraw = False
581.0620 	EXP 	text_2: height = np.float64(0.05)
581.0620 	EXP 	text_2: height = np.float64(0.05)
581.0620 	EXP 	text_2: height = np.float64(0.05)
581.0620 	EXP 	text_2: text = 'P_st_r'
581.0620 	EXP 	text_2: autoDraw = True
581.0620 	EXP 	textbox: autoDraw = True
581.0620 	EXP 	text_3: autoDraw = True
581.1486 	DATA 	Mouse:  Left button up, pos=(563,161)
581.2122 	DATA 	Mouse: Left button down, pos=(563,161)
581.2132 	EXP 	New trial (rep=8, index=5): <Trial 165 (5 in rep 8) data={'test_word': 'bo_t_e', 'Reference': 'Bottle', 'old_new': 'new', 'thisN': 165, 'thisTrialN': 5, 'thisRepN': 8}>
581.2276 	EXP 	text_2: autoDraw = False
581.2276 	EXP 	textbox: autoDraw = False
581.2276 	EXP 	text_3: autoDraw = False
581.2276 	EXP 	text_2: height = np.float64(0.05)
581.2276 	EXP 	text_2: height = np.float64(0.05)
581.2276 	EXP 	text_2: height = np.float64(0.05)
581.2276 	EXP 	text_2: text = 'bo_t_e'
581.2276 	EXP 	text_2: autoDraw = True
581.2276 	EXP 	textbox: autoDraw = True
581.2276 	EXP 	text_3: autoDraw = True
581.3343 	DATA 	Mouse:  Left button up, pos=(563,161)
581.4135 	DATA 	Mouse: Left button down, pos=(563,161)
581.4145 	EXP 	New trial (rep=8, index=6): <Trial 166 (6 in rep 8) data={'test_word': 'K_y_', 'Reference': 'Keys', 'old_new': 'old', 'thisN': 166, 'thisTrialN': 6, 'thisRepN': 8}>
581.4282 	EXP 	text_2: autoDraw = False
581.4282 	EXP 	textbox: autoDraw = False
581.4282 	EXP 	text_3: autoDraw = False
581.4282 	EXP 	text_2: height = np.float64(0.05)
581.4282 	EXP 	text_2: height = np.float64(0.05)
581.4282 	EXP 	text_2: height = np.float64(0.05)
581.4282 	EXP 	text_2: text = 'K_y_'
581.4282 	EXP 	text_2: autoDraw = True
581.4282 	EXP 	textbox: autoDraw = True
581.4282 	EXP 	text_3: autoDraw = True
581.5143 	DATA 	Mouse:  Left button up, pos=(563,161)
581.5804 	DATA 	Mouse: Left button down, pos=(563,161)
581.5828 	EXP 	New trial (rep=8, index=7): <Trial 167 (7 in rep 8) data={'test_word': '_ho_e', 'Reference': 'Phone', 'old_new': 'old', 'thisN': 167, 'thisTrialN': 7, 'thisRepN': 8}>
581.6104 	EXP 	text_2: autoDraw = False
581.6104 	EXP 	textbox: autoDraw = False
581.6104 	EXP 	text_3: autoDraw = False
581.6104 	EXP 	text_2: height = np.float64(0.05)
581.6104 	EXP 	text_2: height = np.float64(0.05)
581.6104 	EXP 	text_2: height = np.float64(0.05)
581.6104 	EXP 	text_2: text = '_ho_e'
581.6104 	EXP 	text_2: autoDraw = True
581.6104 	EXP 	textbox: autoDraw = True
581.6104 	EXP 	text_3: autoDraw = True
581.6970 	DATA 	Mouse:  Left button up, pos=(563,161)
581.7639 	DATA 	Mouse: Left button down, pos=(563,161)
581.7648 	EXP 	New trial (rep=8, index=8): <Trial 168 (8 in rep 8) data={'test_word': 'l_pt_p', 'Reference': 'Laptop', 'old_new': 'old', 'thisN': 168, 'thisTrialN': 8, 'thisRepN': 8}>
581.7779 	EXP 	text_2: autoDraw = False
581.7779 	EXP 	textbox: autoDraw = False
581.7779 	EXP 	text_3: autoDraw = False
581.7779 	EXP 	text_2: height = np.float64(0.05)
581.7779 	EXP 	text_2: height = np.float64(0.05)
581.7779 	EXP 	text_2: height = np.float64(0.05)
581.7779 	EXP 	text_2: text = 'l_pt_p'
581.7779 	EXP 	text_2: autoDraw = True
581.7779 	EXP 	textbox: autoDraw = True
581.7779 	EXP 	text_3: autoDraw = True
581.8790 	DATA 	Mouse:  Left button up, pos=(563,161)
581.9348 	DATA 	Mouse: Left button down, pos=(563,161)
581.9456 	EXP 	New trial (rep=8, index=9): <Trial 169 (9 in rep 8) data={'test_word': 'T_hi_t', 'Reference': 'Tshirt', 'old_new': 'old', 'thisN': 169, 'thisTrialN': 9, 'thisRepN': 8}>
581.9614 	EXP 	text_2: autoDraw = False
581.9614 	EXP 	textbox: autoDraw = False
581.9614 	EXP 	text_3: autoDraw = False
581.9614 	EXP 	text_2: height = np.float64(0.05)
581.9614 	EXP 	text_2: height = np.float64(0.05)
581.9614 	EXP 	text_2: height = np.float64(0.05)
581.9614 	EXP 	text_2: text = 'T_hi_t'
581.9614 	EXP 	text_2: autoDraw = True
581.9614 	EXP 	textbox: autoDraw = True
581.9614 	EXP 	text_3: autoDraw = True
582.0627 	DATA 	Mouse:  Left button up, pos=(563,161)
582.1128 	DATA 	Mouse: Left button down, pos=(563,161)
582.1146 	EXP 	New trial (rep=8, index=10): <Trial 170 (10 in rep 8) data={'test_word': '_ru_is_', 'Reference': 'Cruise', 'old_new': 'old', 'thisN': 170, 'thisTrialN': 10, 'thisRepN': 8}>
582.1272 	EXP 	text_2: autoDraw = False
582.1272 	EXP 	textbox: autoDraw = False
582.1272 	EXP 	text_3: autoDraw = False
582.1272 	EXP 	text_2: height = np.float64(0.05)
582.1272 	EXP 	text_2: height = np.float64(0.05)
582.1272 	EXP 	text_2: height = np.float64(0.05)
582.1272 	EXP 	text_2: text = '_ru_is_'
582.1272 	EXP 	text_2: autoDraw = True
582.1272 	EXP 	textbox: autoDraw = True
582.1272 	EXP 	text_3: autoDraw = True
582.2360 	DATA 	Mouse:  Left button up, pos=(563,161)
582.2972 	DATA 	Mouse: Left button down, pos=(563,161)
582.2984 	EXP 	New trial (rep=8, index=11): <Trial 171 (11 in rep 8) data={'test_word': '_a_bl_', 'Reference': 'Marble', 'old_new': 'old', 'thisN': 171, 'thisTrialN': 11, 'thisRepN': 8}>
582.3122 	EXP 	text_2: autoDraw = False
582.3122 	EXP 	textbox: autoDraw = False
582.3122 	EXP 	text_3: autoDraw = False
582.3122 	EXP 	text_2: height = np.float64(0.05)
582.3122 	EXP 	text_2: height = np.float64(0.05)
582.3122 	EXP 	text_2: height = np.float64(0.05)
582.3122 	EXP 	text_2: text = '_a_bl_'
582.3122 	EXP 	text_2: autoDraw = True
582.3122 	EXP 	textbox: autoDraw = True
582.3122 	EXP 	text_3: autoDraw = True
582.4128 	DATA 	Mouse:  Left button up, pos=(563,161)
582.4842 	DATA 	Mouse: Left button down, pos=(563,161)
582.4855 	EXP 	New trial (rep=8, index=12): <Trial 172 (12 in rep 8) data={'test_word': '_o_rd', 'Reference': 'Board', 'old_new': 'old', 'thisN': 172, 'thisTrialN': 12, 'thisRepN': 8}>
582.5106 	EXP 	text_2: autoDraw = False
582.5106 	EXP 	textbox: autoDraw = False
582.5106 	EXP 	text_3: autoDraw = False
582.5106 	EXP 	text_2: height = np.float64(0.05)
582.5106 	EXP 	text_2: height = np.float64(0.05)
582.5106 	EXP 	text_2: height = np.float64(0.05)
582.5106 	EXP 	text_2: text = '_o_rd'
582.5106 	EXP 	text_2: autoDraw = True
582.5106 	EXP 	textbox: autoDraw = True
582.5106 	EXP 	text_3: autoDraw = True
582.5963 	DATA 	Mouse:  Left button up, pos=(563,161)
582.6621 	DATA 	Mouse: Left button down, pos=(563,161)
582.6629 	EXP 	New trial (rep=8, index=13): <Trial 173 (13 in rep 8) data={'test_word': 'ta_l_', 'Reference': 'Table', 'old_new': 'new', 'thisN': 173, 'thisTrialN': 13, 'thisRepN': 8}>
582.6776 	EXP 	text_2: autoDraw = False
582.6776 	EXP 	textbox: autoDraw = False
582.6776 	EXP 	text_3: autoDraw = False
582.6776 	EXP 	text_2: height = np.float64(0.05)
582.6776 	EXP 	text_2: height = np.float64(0.05)
582.6776 	EXP 	text_2: height = np.float64(0.05)
582.6776 	EXP 	text_2: text = 'ta_l_'
582.6776 	EXP 	text_2: autoDraw = True
582.6776 	EXP 	textbox: autoDraw = True
582.6776 	EXP 	text_3: autoDraw = True
582.7802 	DATA 	Mouse:  Left button up, pos=(563,161)
582.8290 	DATA 	Mouse: Left button down, pos=(563,161)
582.8305 	EXP 	New trial (rep=8, index=14): <Trial 174 (14 in rep 8) data={'test_word': 'p_nc_l', 'Reference': 'Pencil', 'old_new': 'new', 'thisN': 174, 'thisTrialN': 14, 'thisRepN': 8}>
582.8455 	EXP 	text_2: autoDraw = False
582.8455 	EXP 	textbox: autoDraw = False
582.8455 	EXP 	text_3: autoDraw = False
582.8455 	EXP 	text_2: height = np.float64(0.05)
582.8455 	EXP 	text_2: height = np.float64(0.05)
582.8455 	EXP 	text_2: height = np.float64(0.05)
582.8455 	EXP 	text_2: text = 'p_nc_l'
582.8455 	EXP 	text_2: autoDraw = True
582.8455 	EXP 	textbox: autoDraw = True
582.8455 	EXP 	text_3: autoDraw = True
582.9619 	DATA 	Mouse:  Left button up, pos=(563,161)
583.0300 	DATA 	Mouse: Left button down, pos=(563,161)
583.0308 	EXP 	New trial (rep=8, index=15): <Trial 175 (15 in rep 8) data={'test_word': 'v_s_', 'Reference': 'Vase', 'old_new': 'new', 'thisN': 175, 'thisTrialN': 15, 'thisRepN': 8}>
583.0442 	EXP 	text_2: autoDraw = False
583.0442 	EXP 	textbox: autoDraw = False
583.0442 	EXP 	text_3: autoDraw = False
583.0442 	EXP 	text_2: height = np.float64(0.05)
583.0442 	EXP 	text_2: height = np.float64(0.05)
583.0442 	EXP 	text_2: height = np.float64(0.05)
583.0442 	EXP 	text_2: text = 'v_s_'
583.0442 	EXP 	text_2: autoDraw = True
583.0442 	EXP 	textbox: autoDraw = True
583.0442 	EXP 	text_3: autoDraw = True
583.1289 	DATA 	Mouse:  Left button up, pos=(563,161)
583.2121 	DATA 	Mouse: Left button down, pos=(563,161)
583.2131 	EXP 	New trial (rep=8, index=16): <Trial 176 (16 in rep 8) data={'test_word': '_oo_', 'Reference': 'Book', 'old_new': 'old', 'thisN': 176, 'thisTrialN': 16, 'thisRepN': 8}>
583.2285 	EXP 	text_2: autoDraw = False
583.2285 	EXP 	textbox: autoDraw = False
583.2285 	EXP 	text_3: autoDraw = False
583.2285 	EXP 	text_2: height = np.float64(0.05)
583.2285 	EXP 	text_2: height = np.float64(0.05)
583.2285 	EXP 	text_2: height = np.float64(0.05)
583.2285 	EXP 	text_2: text = '_oo_'
583.2285 	EXP 	text_2: autoDraw = True
583.2285 	EXP 	textbox: autoDraw = True
583.2285 	EXP 	text_3: autoDraw = True
583.2968 	DATA 	Mouse:  Left button up, pos=(563,161)
583.3788 	DATA 	Mouse: Left button down, pos=(563,161)
583.3797 	EXP 	New trial (rep=8, index=17): <Trial 177 (17 in rep 8) data={'test_word': 'c_s_io_', 'Reference': 'Cushion', 'old_new': 'new', 'thisN': 177, 'thisTrialN': 17, 'thisRepN': 8}>
583.3942 	EXP 	text_2: autoDraw = False
583.3942 	EXP 	textbox: autoDraw = False
583.3942 	EXP 	text_3: autoDraw = False
583.3942 	EXP 	text_2: height = np.float64(0.05)
583.3942 	EXP 	text_2: height = np.float64(0.05)
583.3942 	EXP 	text_2: height = np.float64(0.05)
583.3942 	EXP 	text_2: text = 'c_s_io_'
583.3942 	EXP 	text_2: autoDraw = True
583.3942 	EXP 	textbox: autoDraw = True
583.3942 	EXP 	text_3: autoDraw = True
583.4740 	DATA 	Mouse:  Left button up, pos=(563,161)
583.5287 	DATA 	Mouse: Left button down, pos=(563,161)
583.5295 	EXP 	New trial (rep=8, index=18): <Trial 178 (18 in rep 8) data={'test_word': 'P_li_e', 'Reference': 'Police', 'old_new': 'old', 'thisN': 178, 'thisTrialN': 18, 'thisRepN': 8}>
583.5457 	EXP 	text_2: autoDraw = False
583.5457 	EXP 	textbox: autoDraw = False
583.5457 	EXP 	text_3: autoDraw = False
583.5457 	EXP 	text_2: height = np.float64(0.05)
583.5457 	EXP 	text_2: height = np.float64(0.05)
583.5457 	EXP 	text_2: height = np.float64(0.05)
583.5457 	EXP 	text_2: text = 'P_li_e'
583.5457 	EXP 	text_2: autoDraw = True
583.5457 	EXP 	textbox: autoDraw = True
583.5457 	EXP 	text_3: autoDraw = True
583.6301 	DATA 	Mouse:  Left button up, pos=(563,161)
583.7119 	DATA 	Mouse: Left button down, pos=(563,161)
583.7128 	EXP 	New trial (rep=8, index=19): <Trial 179 (19 in rep 8) data={'test_word': 'c_m_ra', 'Reference': 'Camera', 'old_new': 'new', 'thisN': 179, 'thisTrialN': 19, 'thisRepN': 8}>
583.7276 	EXP 	text_2: autoDraw = False
583.7276 	EXP 	textbox: autoDraw = False
583.7276 	EXP 	text_3: autoDraw = False
583.7276 	EXP 	text_2: height = np.float64(0.05)
583.7276 	EXP 	text_2: height = np.float64(0.05)
583.7276 	EXP 	text_2: height = np.float64(0.05)
583.7276 	EXP 	text_2: text = 'c_m_ra'
583.7276 	EXP 	text_2: autoDraw = True
583.7276 	EXP 	textbox: autoDraw = True
583.7276 	EXP 	text_3: autoDraw = True
583.8527 	DATA 	Mouse:  Left button up, pos=(563,161)
584.8275 	DATA 	Keypress: c
584.8282 	EXP 	Device response: <KeyPress from None: t=584.8198126000352, value=c, duration=None>
584.8951 	EXP 	Device response: <KeyPress from None: t=584.8198126000352, value=c, duration=0.06406210002023727>
584.9939 	DATA 	Keypress: a
584.9946 	EXP 	Device response: <KeyPress from None: t=584.9831616000738, value=a, duration=None>
585.1294 	EXP 	Device response: <KeyPress from None: t=584.9831616000738, value=a, duration=0.14393259992357343>
585.3285 	DATA 	Keypress: m
585.3292 	EXP 	Device response: <KeyPress from None: t=585.3210969000356, value=m, duration=None>
585.4113 	EXP 	Device response: <KeyPress from None: t=585.3210969000356, value=m, duration=0.08091240003705025>
585.4609 	DATA 	Keypress: e
585.4615 	EXP 	Device response: <KeyPress from None: t=585.4529890000122, value=e, duration=None>
585.5608 	EXP 	Device response: <KeyPress from None: t=585.4529890000122, value=e, duration=0.10617060004733503>
585.6609 	DATA 	Keypress: r
585.6616 	EXP 	Device response: <KeyPress from None: t=585.6543378999922, value=r, duration=None>
585.7443 	EXP 	Device response: <KeyPress from None: t=585.6543378999922, value=r, duration=0.0756255000596866>
585.9274 	DATA 	Keypress: a
585.9279 	EXP 	Device response: <KeyPress from None: t=585.9256865000352, value=a, duration=None>
585.9943 	EXP 	Device response: <KeyPress from None: t=585.9256865000352, value=a, duration=0.060625200043432415>
587.0122 	DATA 	Mouse: Left button down, pos=(563,161)
587.0143 	EXP 	New trial (rep=9, index=0): <Trial 180 (0 in rep 9) data={'test_word': '_ru_is_', 'Reference': 'Cruise', 'old_new': 'old', 'thisN': 180, 'thisTrialN': 0, 'thisRepN': 9}>
587.0437 	EXP 	text_2: autoDraw = False
587.0437 	EXP 	textbox: autoDraw = False
587.0437 	EXP 	text_3: autoDraw = False
587.0437 	EXP 	text_2: height = np.float64(0.05)
587.0437 	EXP 	text_2: height = np.float64(0.05)
587.0437 	EXP 	text_2: height = np.float64(0.05)
587.0437 	EXP 	text_2: text = '_ru_is_'
587.0437 	EXP 	text_2: autoDraw = True
587.0437 	EXP 	textbox: autoDraw = True
587.0437 	EXP 	text_3: autoDraw = True
587.2342 	DATA 	Mouse:  Left button up, pos=(563,161)
588.0442 	DATA 	Keypress: c
588.0448 	EXP 	Device response: <KeyPress from None: t=588.038555300096, value=c, duration=None>
588.1624 	EXP 	Device response: <KeyPress from None: t=588.038555300096, value=c, duration=0.11929979990236461>
588.2951 	DATA 	Keypress: r
588.2957 	EXP 	Device response: <KeyPress from None: t=588.2926049000816, value=r, duration=None>
588.3961 	EXP 	Device response: <KeyPress from None: t=588.2926049000816, value=r, duration=0.10061899991706014>
588.4967 	DATA 	Keypress: u
588.5109 	EXP 	Device response: <KeyPress from None: t=588.4959769000998, value=u, duration=None>
588.5629 	EXP 	Device response: <KeyPress from None: t=588.4959769000998, value=u, duration=0.062181799905374646>
588.6776 	DATA 	Keypress: i
588.6782 	EXP 	Device response: <KeyPress from None: t=588.6732413000427, value=i, duration=None>
588.7777 	EXP 	Device response: <KeyPress from None: t=588.6732413000427, value=i, duration=0.09824570000637323>
588.8274 	DATA 	Keypress: s
588.8281 	EXP 	Device response: <KeyPress from None: t=588.8167035999941, value=s, duration=None>
588.9300 	EXP 	Device response: <KeyPress from None: t=588.8167035999941, value=s, duration=0.10127600003033876>
589.0118 	DATA 	Keypress: e
589.0125 	EXP 	Device response: <KeyPress from None: t=589.0021545999916, value=e, duration=None>
589.1283 	EXP 	Device response: <KeyPress from None: t=589.0021545999916, value=e, duration=0.11434560001362115>
590.1805 	DATA 	Mouse: Left button down, pos=(563,161)
590.1953 	EXP 	New trial (rep=9, index=1): <Trial 181 (1 in rep 9) data={'test_word': 'c_s_io_', 'Reference': 'Cushion', 'old_new': 'new', 'thisN': 181, 'thisTrialN': 1, 'thisRepN': 9}>
590.2105 	EXP 	text_2: autoDraw = False
590.2105 	EXP 	textbox: autoDraw = False
590.2105 	EXP 	text_3: autoDraw = False
590.2105 	EXP 	text_2: height = np.float64(0.05)
590.2105 	EXP 	text_2: height = np.float64(0.05)
590.2105 	EXP 	text_2: height = np.float64(0.05)
590.2105 	EXP 	text_2: text = 'c_s_io_'
590.2105 	EXP 	text_2: autoDraw = True
590.2105 	EXP 	textbox: autoDraw = True
590.2105 	EXP 	text_3: autoDraw = True
590.4031 	DATA 	Mouse:  Left button up, pos=(563,161)
591.2125 	DATA 	Keypress: c
591.2139 	EXP 	Device response: <KeyPress from None: t=591.2037604000652, value=c, duration=None>
591.2783 	EXP 	Device response: <KeyPress from None: t=591.2037604000652, value=c, duration=0.059441399993374944>
591.6302 	DATA 	Keypress: u
591.6452 	EXP 	Device response: <KeyPress from None: t=591.6293997000903, value=u, duration=None>
591.6957 	EXP 	Device response: <KeyPress from None: t=591.6293997000903, value=u, duration=0.060655899927951396>
591.7618 	DATA 	Keypress: s
591.7632 	EXP 	Device response: <KeyPress from None: t=591.7569917000365, value=s, duration=None>
591.8620 	EXP 	Device response: <KeyPress from None: t=591.7569917000365, value=s, duration=0.0911919999634847>
591.9287 	DATA 	Keypress: h
591.9298 	EXP 	Device response: <KeyPress from None: t=591.9243781000841, value=h, duration=None>
591.9961 	EXP 	Device response: <KeyPress from None: t=591.9243781000841, value=h, duration=0.06335159996524453>
592.1655 	DATA 	Keypress: i
592.1788 	EXP 	Device response: <KeyPress from None: t=592.1640269000782, value=i, duration=None>
592.2456 	EXP 	Device response: <KeyPress from None: t=592.1640269000782, value=i, duration=0.07473409990780056>
592.3122 	DATA 	Keypress: o
592.3133 	EXP 	Device response: <KeyPress from None: t=592.3099768999964, value=o, duration=None>
592.4127 	EXP 	Device response: <KeyPress from None: t=592.3099768999964, value=o, duration=0.09400470007676631>
592.5457 	DATA 	Keypress: n
592.5471 	EXP 	Device response: <KeyPress from None: t=592.5401861000573, value=n, duration=None>
592.6123 	EXP 	Device response: <KeyPress from None: t=592.5401861000573, value=n, duration=0.06550729996524751>
593.6636 	DATA 	Mouse: Left button down, pos=(563,161)
593.6646 	EXP 	New trial (rep=9, index=2): <Trial 182 (2 in rep 9) data={'test_word': '_ha_t', 'Reference': 'Chart', 'old_new': 'old', 'thisN': 182, 'thisTrialN': 2, 'thisRepN': 9}>
593.6780 	EXP 	text_2: autoDraw = False
593.6780 	EXP 	textbox: autoDraw = False
593.6780 	EXP 	text_3: autoDraw = False
593.6780 	EXP 	text_2: height = np.float64(0.05)
593.6780 	EXP 	text_2: height = np.float64(0.05)
593.6780 	EXP 	text_2: height = np.float64(0.05)
593.6780 	EXP 	text_2: text = '_ha_t'
593.6780 	EXP 	text_2: autoDraw = True
593.6780 	EXP 	textbox: autoDraw = True
593.6780 	EXP 	text_3: autoDraw = True
593.9030 	DATA 	Mouse:  Left button up, pos=(563,161)
594.8780 	DATA 	Keypress: w
594.8785 	EXP 	Device response: <KeyPress from None: t=594.8772429000819, value=w, duration=None>
594.9954 	EXP 	Device response: <KeyPress from None: t=594.8772429000819, value=w, duration=0.11345339997205883>
595.2119 	DATA 	Keypress: h
595.2124 	EXP 	Device response: <KeyPress from None: t=595.1989018000895, value=h, duration=None>
595.2785 	EXP 	Device response: <KeyPress from None: t=595.1989018000895, value=h, duration=0.07413729990366846>
595.3452 	DATA 	Keypress: a
595.3458 	EXP 	Device response: <KeyPress from None: t=595.3339037999976, value=a, duration=None>
595.4954 	DATA 	Keypress: t
595.4959 	EXP 	Device response: <KeyPress from None: t=595.3339037999976, value=a, duration=0.15202889998909086>
595.4959 	EXP 	Device response: <KeyPress from None: t=595.4924507000251, value=t, duration=None>
595.5626 	EXP 	Device response: <KeyPress from None: t=595.4924507000251, value=t, duration=0.056304399971850216>
596.3961 	DATA 	Mouse: Left button down, pos=(563,161)
596.3970 	EXP 	New trial (rep=9, index=3): <Trial 183 (3 in rep 9) data={'test_word': '_o_rd', 'Reference': 'Board', 'old_new': 'old', 'thisN': 183, 'thisTrialN': 3, 'thisRepN': 9}>
596.4116 	EXP 	text_2: autoDraw = False
596.4116 	EXP 	textbox: autoDraw = False
596.4116 	EXP 	text_3: autoDraw = False
596.4116 	EXP 	text_2: height = np.float64(0.05)
596.4116 	EXP 	text_2: height = np.float64(0.05)
596.4116 	EXP 	text_2: height = np.float64(0.05)
596.4116 	EXP 	text_2: text = '_o_rd'
596.4116 	EXP 	text_2: autoDraw = True
596.4116 	EXP 	textbox: autoDraw = True
596.4116 	EXP 	text_3: autoDraw = True
596.6195 	DATA 	Mouse:  Left button up, pos=(563,161)
598.7949 	DATA 	Keypress: b
598.7955 	EXP 	Device response: <KeyPress from None: t=598.7896168000298, value=b, duration=None>
598.8628 	EXP 	Device response: <KeyPress from None: t=598.7896168000298, value=b, duration=0.06942229997366667>
599.1621 	DATA 	Keypress: i
599.1634 	EXP 	Device response: <KeyPress from None: t=599.1617611000547, value=i, duration=None>
599.2281 	EXP 	Device response: <KeyPress from None: t=599.1617611000547, value=i, duration=0.05536350002512336>
599.6447 	DATA 	Keypress: backspace
599.6453 	EXP 	Device response: <KeyPress from None: t=599.6321109000128, value=backspace, duration=None>
599.7448 	EXP 	Device response: <KeyPress from None: t=599.6321109000128, value=backspace, duration=0.1024189000017941>
600.0117 	DATA 	Keypress: o
600.0122 	EXP 	Device response: <KeyPress from None: t=600.0085432000924, value=o, duration=None>
600.0949 	EXP 	Device response: <KeyPress from None: t=600.0085432000924, value=o, duration=0.07689649995882064>
600.1946 	DATA 	Keypress: a
600.1952 	EXP 	Device response: <KeyPress from None: t=600.1912707000738, value=a, duration=None>
600.3282 	EXP 	Device response: <KeyPress from None: t=600.1912707000738, value=a, duration=0.13231959997210652>
600.8950 	DATA 	Keypress: r
600.8955 	EXP 	Device response: <KeyPress from None: t=600.8916123000672, value=r, duration=None>
600.9784 	EXP 	Device response: <KeyPress from None: t=600.8916123000672, value=r, duration=0.07507939997594804>
601.0951 	DATA 	Keypress: d
601.0957 	EXP 	Device response: <KeyPress from None: t=601.0928493000101, value=d, duration=None>
601.1798 	EXP 	Device response: <KeyPress from None: t=601.0928493000101, value=d, duration=0.07939570001326501>
602.3958 	DATA 	Mouse: Left button down, pos=(563,161)
602.3968 	EXP 	New trial (rep=9, index=4): <Trial 184 (4 in rep 9) data={'test_word': 'v_s_', 'Reference': 'Vase', 'old_new': 'new', 'thisN': 184, 'thisTrialN': 4, 'thisRepN': 9}>
602.4113 	EXP 	text_2: autoDraw = False
602.4113 	EXP 	textbox: autoDraw = False
602.4113 	EXP 	text_3: autoDraw = False
602.4113 	EXP 	text_2: height = np.float64(0.05)
602.4113 	EXP 	text_2: height = np.float64(0.05)
602.4113 	EXP 	text_2: height = np.float64(0.05)
602.4113 	EXP 	text_2: text = 'v_s_'
602.4113 	EXP 	text_2: autoDraw = True
602.4113 	EXP 	textbox: autoDraw = True
602.4113 	EXP 	text_3: autoDraw = True
602.6146 	DATA 	Mouse:  Left button up, pos=(563,161)
603.3113 	DATA 	Keypress: v
603.3118 	EXP 	Device response: <KeyPress from None: t=603.3082841000287, value=v, duration=None>
603.3944 	EXP 	Device response: <KeyPress from None: t=603.3082841000287, value=v, duration=0.07309159997384995>
603.4784 	DATA 	Keypress: a
603.4789 	EXP 	Device response: <KeyPress from None: t=603.4753773000557, value=a, duration=None>
603.5788 	EXP 	Device response: <KeyPress from None: t=603.4753773000557, value=a, duration=0.09810269996523857>
603.9776 	DATA 	Keypress: s
603.9782 	EXP 	Device response: <KeyPress from None: t=603.9755849000067, value=s, duration=None>
604.1280 	EXP 	Device response: <KeyPress from None: t=603.9755849000067, value=s, duration=0.1434798000846058>
604.2616 	DATA 	Keypress: e
604.2623 	EXP 	Device response: <KeyPress from None: t=604.2528962000506, value=e, duration=None>
604.3785 	EXP 	Device response: <KeyPress from None: t=604.2528962000506, value=e, duration=0.12351529998704791>
605.4455 	DATA 	Mouse: Left button down, pos=(563,161)
605.4464 	EXP 	New trial (rep=9, index=5): <Trial 185 (5 in rep 9) data={'test_word': 'P_as_tr_', 'Reference': 'Pastry', 'old_new': 'old', 'thisN': 185, 'thisTrialN': 5, 'thisRepN': 9}>
605.4612 	EXP 	text_2: autoDraw = False
605.4612 	EXP 	textbox: autoDraw = False
605.4612 	EXP 	text_3: autoDraw = False
605.4612 	EXP 	text_2: height = np.float64(0.05)
605.4612 	EXP 	text_2: height = np.float64(0.05)
605.4612 	EXP 	text_2: height = np.float64(0.05)
605.4612 	EXP 	text_2: text = 'P_as_tr_'
605.4612 	EXP 	text_2: autoDraw = True
605.4612 	EXP 	textbox: autoDraw = True
605.4612 	EXP 	text_3: autoDraw = True
605.6677 	DATA 	Mouse:  Left button up, pos=(563,161)
606.2512 	DATA 	Keypress: p
606.2618 	EXP 	Device response: <KeyPress from None: t=606.2456102001015, value=p, duration=None>
606.3293 	EXP 	Device response: <KeyPress from None: t=606.2456102001015, value=p, duration=0.08109459991101176>
606.3971 	DATA 	Keypress: a
606.3984 	EXP 	Device response: <KeyPress from None: t=606.3941654000664, value=a, duration=None>
606.5291 	EXP 	Device response: <KeyPress from None: t=606.3941654000664, value=a, duration=0.13013399997726083>
606.6459 	DATA 	Keypress: s
606.6472 	EXP 	Device response: <KeyPress from None: t=606.643928400008, value=s, duration=None>
606.7621 	EXP 	Device response: <KeyPress from None: t=606.643928400008, value=s, duration=0.11713520006742328>
606.8622 	DATA 	Keypress: t
606.8634 	EXP 	Device response: <KeyPress from None: t=606.8545712000923, value=t, duration=None>
606.9457 	EXP 	Device response: <KeyPress from None: t=606.8545712000923, value=t, duration=0.08460459997877479>
607.0453 	DATA 	Keypress: r
607.0461 	EXP 	Device response: <KeyPress from None: t=607.0435149000259, value=r, duration=None>
607.1290 	EXP 	Device response: <KeyPress from None: t=607.0435149000259, value=r, duration=0.07870289997663349>
607.2449 	DATA 	Keypress: y
607.2456 	EXP 	Device response: <KeyPress from None: t=607.2317143999971, value=y, duration=None>
607.3128 	EXP 	Device response: <KeyPress from None: t=607.2317143999971, value=y, duration=0.07922260009218007>
608.2792 	DATA 	Mouse: Left button down, pos=(563,161)
608.2801 	EXP 	New trial (rep=9, index=6): <Trial 186 (6 in rep 9) data={'test_word': '_ho_e', 'Reference': 'Phone', 'old_new': 'old', 'thisN': 186, 'thisTrialN': 6, 'thisRepN': 9}>
608.2946 	EXP 	text_2: autoDraw = False
608.2946 	EXP 	textbox: autoDraw = False
608.2946 	EXP 	text_3: autoDraw = False
608.2946 	EXP 	text_2: height = np.float64(0.05)
608.2946 	EXP 	text_2: height = np.float64(0.05)
608.2946 	EXP 	text_2: height = np.float64(0.05)
608.2946 	EXP 	text_2: text = '_ho_e'
608.2946 	EXP 	text_2: autoDraw = True
608.2946 	EXP 	textbox: autoDraw = True
608.2946 	EXP 	text_3: autoDraw = True
608.4986 	DATA 	Mouse:  Left button up, pos=(563,161)
611.1614 	DATA 	Keypress: w
611.1620 	EXP 	Device response: <KeyPress from None: t=611.1495450000511, value=w, duration=None>
611.2622 	EXP 	Device response: <KeyPress from None: t=611.1495450000511, value=w, duration=0.11050009995233268>
611.6782 	DATA 	Keypress: backspace
611.6789 	EXP 	Device response: <KeyPress from None: t=611.6708041999955, value=backspace, duration=None>
611.8294 	EXP 	Device response: <KeyPress from None: t=611.6708041999955, value=backspace, duration=0.15447440010029823>
612.2115 	DATA 	Keypress: h
612.2121 	EXP 	Device response: <KeyPress from None: t=612.2049537000712, value=h, duration=None>
612.2780 	EXP 	Device response: <KeyPress from None: t=612.2049537000712, value=h, duration=0.07031570002436638>
612.4450 	DATA 	Keypress: o
612.4457 	EXP 	Device response: <KeyPress from None: t=612.4448611000553, value=o, duration=None>
612.5299 	EXP 	Device response: <KeyPress from None: t=612.4448611000553, value=o, duration=0.08293589996173978>
612.6947 	DATA 	Keypress: u
612.6953 	EXP 	Device response: <KeyPress from None: t=612.6865549000213, value=u, duration=None>
612.7783 	EXP 	Device response: <KeyPress from None: t=612.6865549000213, value=u, duration=0.08883320004679263>
612.8132 	DATA 	Keypress: s
612.8288 	EXP 	Device response: <KeyPress from None: t=612.8121737000765, value=s, duration=None>
612.9281 	EXP 	Device response: <KeyPress from None: t=612.8121737000765, value=s, duration=0.1091152000008151>
613.0444 	DATA 	Keypress: e
613.0450 	EXP 	Device response: <KeyPress from None: t=613.0439299000427, value=e, duration=None>
613.1287 	EXP 	Device response: <KeyPress from None: t=613.0439299000427, value=e, duration=0.07668329996522516>
613.9801 	DATA 	Mouse: Left button down, pos=(563,161)
613.9811 	EXP 	New trial (rep=9, index=7): <Trial 187 (7 in rep 9) data={'test_word': '_a_bl_', 'Reference': 'Marble', 'old_new': 'old', 'thisN': 187, 'thisTrialN': 7, 'thisRepN': 9}>
613.9949 	EXP 	text_2: autoDraw = False
613.9949 	EXP 	textbox: autoDraw = False
613.9949 	EXP 	text_3: autoDraw = False
613.9949 	EXP 	text_2: height = np.float64(0.05)
613.9949 	EXP 	text_2: height = np.float64(0.05)
613.9949 	EXP 	text_2: height = np.float64(0.05)
613.9949 	EXP 	text_2: text = '_a_bl_'
613.9949 	EXP 	text_2: autoDraw = True
613.9949 	EXP 	textbox: autoDraw = True
613.9949 	EXP 	text_3: autoDraw = True
614.2033 	DATA 	Mouse:  Left button up, pos=(563,161)
615.0803 	DATA 	Keypress: t
615.0950 	EXP 	Device response: <KeyPress from None: t=615.0780378000345, value=t, duration=None>
615.1610 	EXP 	Device response: <KeyPress from None: t=615.0780378000345, value=t, duration=0.0807131000328809>
615.2611 	DATA 	Keypress: a
615.2616 	EXP 	Device response: <KeyPress from None: t=615.2528007000219, value=a, duration=None>
615.4123 	DATA 	Keypress: b
615.4129 	EXP 	Device response: <KeyPress from None: t=615.2528007000219, value=a, duration=0.14310390001628548>
615.4129 	EXP 	Device response: <KeyPress from None: t=615.4050512000686, value=b, duration=None>
615.4780 	EXP 	Device response: <KeyPress from None: t=615.4050512000686, value=b, duration=0.06453420000616461>
615.7782 	DATA 	Keypress: l
615.7787 	EXP 	Device response: <KeyPress from None: t=615.7655191000085, value=l, duration=None>
615.8445 	EXP 	Device response: <KeyPress from None: t=615.7655191000085, value=l, duration=0.0739049999974668>
615.8956 	DATA 	Keypress: e
615.8962 	EXP 	Device response: <KeyPress from None: t=615.8943728000158, value=e, duration=None>
616.0116 	EXP 	Device response: <KeyPress from None: t=615.8943728000158, value=e, duration=0.11209760000929236>
616.7955 	DATA 	Mouse: Left button down, pos=(563,161)
616.7963 	EXP 	New trial (rep=9, index=8): <Trial 188 (8 in rep 9) data={'test_word': 'ta_l_', 'Reference': 'Table', 'old_new': 'new', 'thisN': 188, 'thisTrialN': 8, 'thisRepN': 9}>
616.8109 	EXP 	text_2: autoDraw = False
616.8109 	EXP 	textbox: autoDraw = False
616.8109 	EXP 	text_3: autoDraw = False
616.8109 	EXP 	text_2: height = np.float64(0.05)
616.8109 	EXP 	text_2: height = np.float64(0.05)
616.8109 	EXP 	text_2: height = np.float64(0.05)
616.8109 	EXP 	text_2: text = 'ta_l_'
616.8109 	EXP 	text_2: autoDraw = True
616.8109 	EXP 	textbox: autoDraw = True
616.8109 	EXP 	text_3: autoDraw = True
617.0186 	DATA 	Mouse:  Left button up, pos=(563,161)
617.8277 	DATA 	Keypress: t
617.8284 	EXP 	Device response: <KeyPress from None: t=617.8206584000727, value=t, duration=None>
617.9120 	EXP 	Device response: <KeyPress from None: t=617.8206584000727, value=t, duration=0.08517269999720156>
617.9943 	DATA 	Keypress: a
617.9949 	EXP 	Device response: <KeyPress from None: t=617.988409499987, value=a, duration=None>
618.0950 	DATA 	Keypress: b
618.0956 	EXP 	Device response: <KeyPress from None: t=618.0872664999915, value=b, duration=None>
618.1283 	EXP 	Device response: <KeyPress from None: t=617.988409499987, value=a, duration=0.13477010000497103>
618.1781 	EXP 	Device response: <KeyPress from None: t=618.0872664999915, value=b, duration=0.07642920000944287>
618.4462 	DATA 	Keypress: l
618.4610 	EXP 	Device response: <KeyPress from None: t=618.4455316000385, value=l, duration=None>
618.5457 	EXP 	Device response: <KeyPress from None: t=618.4455316000385, value=l, duration=0.08478310005739331>
618.6117 	DATA 	Keypress: e
618.6124 	EXP 	Device response: <KeyPress from None: t=618.6042811000952, value=e, duration=None>
618.7111 	EXP 	Device response: <KeyPress from None: t=618.6042811000952, value=e, duration=0.0959880999289453>
619.8629 	DATA 	Mouse: Left button down, pos=(563,161)
619.8638 	EXP 	New trial (rep=9, index=9): <Trial 189 (9 in rep 9) data={'test_word': 'bo_t_e', 'Reference': 'Bottle', 'old_new': 'new', 'thisN': 189, 'thisTrialN': 9, 'thisRepN': 9}>
619.8782 	EXP 	text_2: autoDraw = False
619.8782 	EXP 	textbox: autoDraw = False
619.8782 	EXP 	text_3: autoDraw = False
619.8782 	EXP 	text_2: height = np.float64(0.05)
619.8782 	EXP 	text_2: height = np.float64(0.05)
619.8782 	EXP 	text_2: height = np.float64(0.05)
619.8782 	EXP 	text_2: text = 'bo_t_e'
619.8782 	EXP 	text_2: autoDraw = True
619.8782 	EXP 	textbox: autoDraw = True
619.8782 	EXP 	text_3: autoDraw = True
620.0954 	DATA 	Mouse:  Left button up, pos=(563,161)
620.6473 	DATA 	Keypress: b
620.6607 	EXP 	Device response: <KeyPress from None: t=620.6467915000394, value=b, duration=None>
620.7119 	EXP 	Device response: <KeyPress from None: t=620.6467915000394, value=b, duration=0.0564822000451386>
620.9625 	DATA 	Keypress: o
620.9770 	EXP 	Device response: <KeyPress from None: t=620.9621802000329, value=o, duration=None>
621.0282 	EXP 	Device response: <KeyPress from None: t=620.9621802000329, value=o, duration=0.06185729999560863>
621.3948 	DATA 	Keypress: t
621.3953 	EXP 	Device response: <KeyPress from None: t=621.3813622000162, value=t, duration=None>
621.5120 	EXP 	Device response: <KeyPress from None: t=621.3813622000162, value=t, duration=0.11635410005692393>
621.6446 	DATA 	Keypress: t
621.6455 	EXP 	Device response: <KeyPress from None: t=621.6368880000664, value=t, duration=None>
621.7113 	EXP 	Device response: <KeyPress from None: t=621.6368880000664, value=t, duration=0.06443959998432547>
621.9109 	DATA 	Keypress: l
621.9121 	EXP 	Device response: <KeyPress from None: t=621.9047379000112, value=l, duration=None>
621.9628 	EXP 	Device response: <KeyPress from None: t=621.9047379000112, value=l, duration=0.052095400053076446>
621.9943 	DATA 	Keypress: e
621.9951 	EXP 	Device response: <KeyPress from None: t=621.9895265999949, value=e, duration=None>
622.1278 	EXP 	Device response: <KeyPress from None: t=621.9895265999949, value=e, duration=0.1289994000690058>
622.9292 	DATA 	Mouse: Left button down, pos=(563,161)
622.9315 	EXP 	New trial (rep=9, index=10): <Trial 190 (10 in rep 9) data={'test_word': 'P_li_e', 'Reference': 'Police', 'old_new': 'old', 'thisN': 190, 'thisTrialN': 10, 'thisRepN': 9}>
622.9608 	EXP 	text_2: autoDraw = False
622.9608 	EXP 	textbox: autoDraw = False
622.9608 	EXP 	text_3: autoDraw = False
622.9608 	EXP 	text_2: height = np.float64(0.05)
622.9608 	EXP 	text_2: height = np.float64(0.05)
622.9608 	EXP 	text_2: height = np.float64(0.05)
622.9608 	EXP 	text_2: text = 'P_li_e'
622.9608 	EXP 	text_2: autoDraw = True
622.9608 	EXP 	textbox: autoDraw = True
622.9608 	EXP 	text_3: autoDraw = True
623.1460 	DATA 	Mouse:  Left button up, pos=(563,161)
623.9454 	DATA 	Keypress: p
623.9464 	EXP 	Device response: <KeyPress from None: t=623.9415509999963, value=p, duration=None>
624.0121 	EXP 	Device response: <KeyPress from None: t=623.9415509999963, value=p, duration=0.05734280007891357>
624.4275 	DATA 	Keypress: o
624.4280 	EXP 	Device response: <KeyPress from None: t=624.4140798000153, value=o, duration=None>
624.5108 	EXP 	Device response: <KeyPress from None: t=624.4140798000153, value=o, duration=0.0898350999923423>
624.6629 	DATA 	Keypress: l
624.6774 	EXP 	Device response: <KeyPress from None: t=624.6626111000078, value=l, duration=None>
624.7293 	EXP 	Device response: <KeyPress from None: t=624.6626111000078, value=l, duration=0.06463110004551709>
624.8771 	DATA 	Keypress: i
624.8777 	EXP 	Device response: <KeyPress from None: t=624.8685807000147, value=i, duration=None>
624.9612 	EXP 	Device response: <KeyPress from None: t=624.8685807000147, value=i, duration=0.09032249997835606>
625.0272 	DATA 	Keypress: c
625.0278 	EXP 	Device response: <KeyPress from None: t=625.022349200095, value=c, duration=None>
625.1443 	EXP 	Device response: <KeyPress from None: t=625.022349200095, value=c, duration=0.10843269992619753>
625.2613 	DATA 	Keypress: e
625.2621 	EXP 	Device response: <KeyPress from None: t=625.2553954999894, value=e, duration=None>
625.3776 	EXP 	Device response: <KeyPress from None: t=625.2553954999894, value=e, duration=0.10905389999970794>
626.5513 	DATA 	Mouse: Left button down, pos=(563,161)
626.5639 	EXP 	New trial (rep=9, index=11): <Trial 191 (11 in rep 9) data={'test_word': 'l_pt_p', 'Reference': 'Laptop', 'old_new': 'old', 'thisN': 191, 'thisTrialN': 11, 'thisRepN': 9}>
626.5776 	EXP 	text_2: autoDraw = False
626.5776 	EXP 	textbox: autoDraw = False
626.5776 	EXP 	text_3: autoDraw = False
626.5776 	EXP 	text_2: height = np.float64(0.05)
626.5776 	EXP 	text_2: height = np.float64(0.05)
626.5776 	EXP 	text_2: height = np.float64(0.05)
626.5776 	EXP 	text_2: text = 'l_pt_p'
626.5776 	EXP 	text_2: autoDraw = True
626.5776 	EXP 	textbox: autoDraw = True
626.5776 	EXP 	text_3: autoDraw = True
626.7687 	DATA 	Mouse:  Left button up, pos=(563,161)
627.6105 	DATA 	Keypress: l
627.6110 	EXP 	Device response: <KeyPress from None: t=627.6035429000622, value=l, duration=None>
627.6776 	EXP 	Device response: <KeyPress from None: t=627.6035429000622, value=l, duration=0.06391389993950725>
627.7493 	DATA 	Keypress: a
627.7625 	EXP 	Device response: <KeyPress from None: t=627.7481106000487, value=a, duration=None>
627.9121 	EXP 	Device response: <KeyPress from None: t=627.7481106000487, value=a, duration=0.154257099959068>
627.9622 	DATA 	Keypress: p
627.9633 	EXP 	Device response: <KeyPress from None: t=627.9578541000374, value=p, duration=None>
628.0449 	EXP 	Device response: <KeyPress from None: t=627.9578541000374, value=p, duration=0.076201600022614>
628.2450 	DATA 	Keypress: t
628.2462 	EXP 	Device response: <KeyPress from None: t=628.2409547000425, value=t, duration=None>
628.3281 	EXP 	Device response: <KeyPress from None: t=628.2409547000425, value=t, duration=0.08476610004436225>
628.3776 	DATA 	Keypress: o
628.3789 	EXP 	Device response: <KeyPress from None: t=628.3736083999975, value=o, duration=None>
628.4287 	EXP 	Device response: <KeyPress from None: t=628.3736083999975, value=o, duration=0.05326400010380894>
628.5440 	DATA 	Keypress: p
628.5452 	EXP 	Device response: <KeyPress from None: t=628.5389674000908, value=p, duration=None>
628.6109 	EXP 	Device response: <KeyPress from None: t=628.5389674000908, value=p, duration=0.06370999990031123>
629.7455 	DATA 	Mouse: Left button down, pos=(563,161)
629.7481 	EXP 	New trial (rep=9, index=12): <Trial 192 (12 in rep 9) data={'test_word': '_ou_se', 'Reference': 'mouse', 'old_new': 'old', 'thisN': 192, 'thisTrialN': 12, 'thisRepN': 9}>
629.7763 	EXP 	text_2: autoDraw = False
629.7763 	EXP 	textbox: autoDraw = False
629.7763 	EXP 	text_3: autoDraw = False
629.7763 	EXP 	text_2: height = np.float64(0.05)
629.7763 	EXP 	text_2: height = np.float64(0.05)
629.7763 	EXP 	text_2: height = np.float64(0.05)
629.7763 	EXP 	text_2: text = '_ou_se'
629.7763 	EXP 	text_2: autoDraw = True
629.7763 	EXP 	textbox: autoDraw = True
629.7763 	EXP 	text_3: autoDraw = True
629.9626 	DATA 	Mouse:  Left button up, pos=(563,161)
630.5005 	DATA 	Keypress: m
630.5116 	EXP 	Device response: <KeyPress from None: t=630.4944616000867, value=m, duration=None>
630.5782 	EXP 	Device response: <KeyPress from None: t=630.4944616000867, value=m, duration=0.078062399988994>
630.7111 	DATA 	Keypress: o
630.7119 	EXP 	Device response: <KeyPress from None: t=630.7101471000351, value=o, duration=None>
630.8106 	EXP 	Device response: <KeyPress from None: t=630.7101471000351, value=o, duration=0.08583470003213733>
630.9441 	DATA 	Keypress: u
630.9453 	EXP 	Device response: <KeyPress from None: t=630.9377254000865, value=u, duration=None>
631.0288 	EXP 	Device response: <KeyPress from None: t=630.9377254000865, value=u, duration=0.08011829992756248>
631.0947 	DATA 	Keypress: s
631.0955 	EXP 	Device response: <KeyPress from None: t=631.0867328000022, value=s, duration=None>
631.1783 	EXP 	Device response: <KeyPress from None: t=631.0867328000022, value=s, duration=0.08798880001995713>
631.2796 	DATA 	Keypress: e
631.2809 	EXP 	Device response: <KeyPress from None: t=631.273543599993, value=e, duration=None>
631.4278 	EXP 	Device response: <KeyPress from None: t=631.273543599993, value=e, duration=0.14121130004059523>
632.4954 	DATA 	Mouse: Left button down, pos=(563,161)
632.4966 	EXP 	New trial (rep=9, index=13): <Trial 193 (13 in rep 9) data={'test_word': 'c_s_', 'Reference': 'Case', 'old_new': 'old', 'thisN': 193, 'thisTrialN': 13, 'thisRepN': 9}>
632.5103 	EXP 	text_2: autoDraw = False
632.5103 	EXP 	textbox: autoDraw = False
632.5103 	EXP 	text_3: autoDraw = False
632.5103 	EXP 	text_2: height = np.float64(0.05)
632.5103 	EXP 	text_2: height = np.float64(0.05)
632.5103 	EXP 	text_2: height = np.float64(0.05)
632.5103 	EXP 	text_2: text = 'c_s_'
632.5103 	EXP 	text_2: autoDraw = True
632.5103 	EXP 	textbox: autoDraw = True
632.5103 	EXP 	text_3: autoDraw = True
632.7134 	DATA 	Mouse:  Left button up, pos=(563,161)
633.3605 	DATA 	Keypress: c
633.3617 	EXP 	Device response: <KeyPress from None: t=633.3522348999977, value=c, duration=None>
633.4610 	EXP 	Device response: <KeyPress from None: t=633.3522348999977, value=c, duration=0.0955955000827089>
633.6941 	DATA 	Keypress: a
633.6950 	EXP 	Device response: <KeyPress from None: t=633.6807756000198, value=a, duration=None>
633.8276 	EXP 	Device response: <KeyPress from None: t=633.6807756000198, value=a, duration=0.1335452999919653>
633.9605 	DATA 	Keypress: s
633.9612 	EXP 	Device response: <KeyPress from None: t=633.9467011000961, value=s, duration=None>
634.0609 	EXP 	Device response: <KeyPress from None: t=633.9467011000961, value=s, duration=0.11169789999257773>
634.1489 	DATA 	Keypress: e
634.1608 	EXP 	Device response: <KeyPress from None: t=634.1486155000748, value=e, duration=None>
634.2607 	EXP 	Device response: <KeyPress from None: t=634.1486155000748, value=e, duration=0.11043140001129359>
635.2622 	DATA 	Mouse: Left button down, pos=(563,161)
635.2639 	EXP 	New trial (rep=9, index=14): <Trial 194 (14 in rep 9) data={'test_word': 'P_st_r', 'Reference': 'Poster', 'old_new': 'old', 'thisN': 194, 'thisTrialN': 14, 'thisRepN': 9}>
635.2767 	EXP 	text_2: autoDraw = False
635.2767 	EXP 	textbox: autoDraw = False
635.2767 	EXP 	text_3: autoDraw = False
635.2767 	EXP 	text_2: height = np.float64(0.05)
635.2767 	EXP 	text_2: height = np.float64(0.05)
635.2767 	EXP 	text_2: height = np.float64(0.05)
635.2767 	EXP 	text_2: text = 'P_st_r'
635.2767 	EXP 	text_2: autoDraw = True
635.2767 	EXP 	textbox: autoDraw = True
635.2767 	EXP 	text_3: autoDraw = True
635.4842 	DATA 	Mouse:  Left button up, pos=(563,161)
636.1800 	DATA 	Keypress: p
636.1938 	EXP 	Device response: <KeyPress from None: t=636.1773901000852, value=p, duration=None>
636.2446 	EXP 	Device response: <KeyPress from None: t=636.1773901000852, value=p, duration=0.06591919995844364>
636.3480 	DATA 	Keypress: a
636.3615 	EXP 	Device response: <KeyPress from None: t=636.3476931999903, value=a, duration=None>
636.4942 	EXP 	Device response: <KeyPress from None: t=636.3476931999903, value=a, duration=0.13637690001633018>
636.5772 	DATA 	Keypress: s
636.5780 	EXP 	Device response: <KeyPress from None: t=636.5651455000043, value=s, duration=None>
636.7114 	EXP 	Device response: <KeyPress from None: t=636.5651455000043, value=s, duration=0.13562230009119958>
636.8115 	DATA 	Keypress: t
636.8120 	EXP 	Device response: <KeyPress from None: t=636.8100518001011, value=t, duration=None>
636.9117 	EXP 	Device response: <KeyPress from None: t=636.8100518001011, value=t, duration=0.08810649998486042>
637.0146 	DATA 	Keypress: r
637.0284 	EXP 	Device response: <KeyPress from None: t=637.0128159000305, value=r, duration=None>
637.0940 	EXP 	Device response: <KeyPress from None: t=637.0128159000305, value=r, duration=0.0729209000710398>
637.2278 	DATA 	Keypress: y
637.2293 	EXP 	Device response: <KeyPress from None: t=637.2221572000999, value=y, duration=None>
637.2942 	EXP 	Device response: <KeyPress from None: t=637.2221572000999, value=y, duration=0.07007479993626475>
638.4321 	DATA 	Mouse: Left button down, pos=(563,161)
638.4471 	EXP 	New trial (rep=9, index=15): <Trial 195 (15 in rep 9) data={'test_word': 'T_hi_t', 'Reference': 'Tshirt', 'old_new': 'old', 'thisN': 195, 'thisTrialN': 15, 'thisRepN': 9}>
638.4603 	EXP 	text_2: autoDraw = False
638.4603 	EXP 	textbox: autoDraw = False
638.4603 	EXP 	text_3: autoDraw = False
638.4603 	EXP 	text_2: height = np.float64(0.05)
638.4603 	EXP 	text_2: height = np.float64(0.05)
638.4603 	EXP 	text_2: height = np.float64(0.05)
638.4603 	EXP 	text_2: text = 'T_hi_t'
638.4603 	EXP 	text_2: autoDraw = True
638.4603 	EXP 	textbox: autoDraw = True
638.4603 	EXP 	text_3: autoDraw = True
638.6506 	DATA 	Mouse:  Left button up, pos=(563,161)
639.4271 	DATA 	Keypress: t
639.4276 	EXP 	Device response: <KeyPress from None: t=639.4185626000399, value=t, duration=None>
639.4944 	EXP 	Device response: <KeyPress from None: t=639.4185626000399, value=t, duration=0.07363919995259494>
639.5937 	DATA 	Keypress: s
639.5943 	EXP 	Device response: <KeyPress from None: t=639.5846488000825, value=s, duration=None>
639.7273 	DATA 	Keypress: h
639.7284 	EXP 	Device response: <KeyPress from None: t=639.7227322000545, value=h, duration=None>
639.7444 	EXP 	Device response: <KeyPress from None: t=639.5846488000825, value=s, duration=0.15090399992186576>
639.7950 	EXP 	Device response: <KeyPress from None: t=639.7227322000545, value=h, duration=0.07160499994643033>
639.9271 	DATA 	Keypress: i
639.9277 	EXP 	Device response: <KeyPress from None: t=639.9267366999993, value=i, duration=None>
640.0115 	EXP 	Device response: <KeyPress from None: t=639.9267366999993, value=i, duration=0.08147179998923093>
640.0442 	DATA 	Keypress: r
640.0452 	EXP 	Device response: <KeyPress from None: t=640.0379398000659, value=r, duration=None>
640.1443 	EXP 	Device response: <KeyPress from None: t=640.0379398000659, value=r, duration=0.10316089994739741>
640.2272 	DATA 	Keypress: t
640.2280 	EXP 	Device response: <KeyPress from None: t=640.2172210999997, value=t, duration=None>
640.2940 	EXP 	Device response: <KeyPress from None: t=640.2172210999997, value=t, duration=0.06783750001341105>
641.0794 	DATA 	Mouse: Left button down, pos=(563,161)
641.0804 	EXP 	New trial (rep=9, index=16): <Trial 196 (16 in rep 9) data={'test_word': 'c_m_ra', 'Reference': 'Camera', 'old_new': 'new', 'thisN': 196, 'thisTrialN': 16, 'thisRepN': 9}>
641.0935 	EXP 	text_2: autoDraw = False
641.0935 	EXP 	textbox: autoDraw = False
641.0935 	EXP 	text_3: autoDraw = False
641.0935 	EXP 	text_2: height = np.float64(0.05)
641.0935 	EXP 	text_2: height = np.float64(0.05)
641.0935 	EXP 	text_2: height = np.float64(0.05)
641.0935 	EXP 	text_2: text = 'c_m_ra'
641.0935 	EXP 	text_2: autoDraw = True
641.0935 	EXP 	textbox: autoDraw = True
641.0935 	EXP 	text_3: autoDraw = True
641.2955 	DATA 	Mouse:  Left button up, pos=(563,161)
642.1602 	DATA 	Keypress: c
642.1608 	EXP 	Device response: <KeyPress from None: t=642.1479197000153, value=c, duration=None>
642.2446 	EXP 	Device response: <KeyPress from None: t=642.1479197000153, value=c, duration=0.08019660005811602>
642.3471 	DATA 	Keypress: a
642.3604 	EXP 	Device response: <KeyPress from None: t=642.3455202000914, value=a, duration=None>
642.4776 	EXP 	Device response: <KeyPress from None: t=642.3455202000914, value=a, duration=0.12068229995202273>
642.5307 	DATA 	Keypress: m
642.5438 	EXP 	Device response: <KeyPress from None: t=642.5300399000989, value=m, duration=None>
642.6440 	EXP 	Device response: <KeyPress from None: t=642.5300399000989, value=m, duration=0.1089383999351412>
642.7104 	DATA 	Keypress: e
642.7109 	EXP 	Device response: <KeyPress from None: t=642.7097377000609, value=e, duration=None>
642.8274 	EXP 	Device response: <KeyPress from None: t=642.7097377000609, value=e, duration=0.10366449994035065>
642.9129 	DATA 	Keypress: r
642.9276 	EXP 	Device response: <KeyPress from None: t=642.911513100029, value=r, duration=None>
642.9940 	EXP 	Device response: <KeyPress from None: t=642.911513100029, value=r, duration=0.07792519999202341>
643.1435 	DATA 	Keypress: a
643.1444 	EXP 	Device response: <KeyPress from None: t=643.1331371000269, value=a, duration=None>
643.2770 	EXP 	Device response: <KeyPress from None: t=643.1331371000269, value=a, duration=0.14069560007192194>
644.1448 	DATA 	Mouse: Left button down, pos=(563,161)
644.1459 	EXP 	New trial (rep=9, index=17): <Trial 197 (17 in rep 9) data={'test_word': 'p_nc_l', 'Reference': 'Pencil', 'old_new': 'new', 'thisN': 197, 'thisTrialN': 17, 'thisRepN': 9}>
644.1598 	EXP 	text_2: autoDraw = False
644.1598 	EXP 	textbox: autoDraw = False
644.1598 	EXP 	text_3: autoDraw = False
644.1598 	EXP 	text_2: height = np.float64(0.05)
644.1598 	EXP 	text_2: height = np.float64(0.05)
644.1598 	EXP 	text_2: height = np.float64(0.05)
644.1598 	EXP 	text_2: text = 'p_nc_l'
644.1598 	EXP 	text_2: autoDraw = True
644.1598 	EXP 	textbox: autoDraw = True
644.1598 	EXP 	text_3: autoDraw = True
644.3622 	DATA 	Mouse:  Left button up, pos=(563,161)
644.9105 	DATA 	Keypress: p
644.9114 	EXP 	Device response: <KeyPress from None: t=644.9076776000438, value=p, duration=None>
644.9777 	EXP 	Device response: <KeyPress from None: t=644.9076776000438, value=p, duration=0.054872200009413064>
645.1770 	DATA 	Keypress: e
645.1777 	EXP 	Device response: <KeyPress from None: t=645.1708715000423, value=e, duration=None>
645.2775 	EXP 	Device response: <KeyPress from None: t=645.1708715000423, value=e, duration=0.0987215000204742>
645.6780 	DATA 	Keypress: n
645.6795 	EXP 	Device response: <KeyPress from None: t=645.6692756999983, value=n, duration=None>
645.7113 	EXP 	Device response: <KeyPress from None: t=645.6692756999983, value=n, duration=0.04082560003735125>
645.8444 	DATA 	Keypress: c
645.8452 	EXP 	Device response: <KeyPress from None: t=645.8303524000803, value=c, duration=None>
645.9445 	EXP 	Device response: <KeyPress from None: t=645.8303524000803, value=c, duration=0.10634309996385127>
646.0446 	DATA 	Keypress: i
646.0458 	EXP 	Device response: <KeyPress from None: t=646.0329732000828, value=i, duration=None>
646.1131 	EXP 	Device response: <KeyPress from None: t=646.0329732000828, value=i, duration=0.06149089999962598>
646.2439 	DATA 	Keypress: l
646.2444 	EXP 	Device response: <KeyPress from None: t=646.2423521000892, value=l, duration=None>
646.3105 	EXP 	Device response: <KeyPress from None: t=646.2423521000892, value=l, duration=0.06171449995599687>
647.5285 	DATA 	Mouse: Left button down, pos=(563,161)
647.5307 	EXP 	New trial (rep=9, index=18): <Trial 198 (18 in rep 9) data={'test_word': '_oo_', 'Reference': 'Book', 'old_new': 'old', 'thisN': 198, 'thisTrialN': 18, 'thisRepN': 9}>
647.5437 	EXP 	text_2: autoDraw = False
647.5437 	EXP 	textbox: autoDraw = False
647.5437 	EXP 	text_3: autoDraw = False
647.5437 	EXP 	text_2: height = np.float64(0.05)
647.5437 	EXP 	text_2: height = np.float64(0.05)
647.5437 	EXP 	text_2: height = np.float64(0.05)
647.5437 	EXP 	text_2: text = '_oo_'
647.5437 	EXP 	text_2: autoDraw = True
647.5437 	EXP 	textbox: autoDraw = True
647.5437 	EXP 	text_3: autoDraw = True
647.7492 	DATA 	Mouse:  Left button up, pos=(563,161)
648.7278 	DATA 	Keypress: b
648.7284 	EXP 	Device response: <KeyPress from None: t=648.726475500036, value=b, duration=None>
648.8111 	EXP 	Device response: <KeyPress from None: t=648.726475500036, value=b, duration=0.07048939995002002>
649.0616 	DATA 	Keypress: o
649.0621 	EXP 	Device response: <KeyPress from None: t=649.0546687000897, value=o, duration=None>
649.1276 	EXP 	Device response: <KeyPress from None: t=649.0546687000897, value=o, duration=0.06550249992869794>
649.2274 	DATA 	Keypress: o
649.2279 	EXP 	Device response: <KeyPress from None: t=649.2165920000989, value=o, duration=None>
649.2938 	EXP 	Device response: <KeyPress from None: t=649.2165920000989, value=o, duration=0.06155039998702705>
649.3972 	DATA 	Keypress: k
649.4105 	EXP 	Device response: <KeyPress from None: t=649.3965055000735, value=k, duration=None>
649.4776 	EXP 	Device response: <KeyPress from None: t=649.3965055000735, value=k, duration=0.07094969996251166>
650.7118 	DATA 	Mouse: Left button down, pos=(563,161)
650.7129 	EXP 	New trial (rep=9, index=19): <Trial 199 (19 in rep 9) data={'test_word': 'K_y_', 'Reference': 'Keys', 'old_new': 'old', 'thisN': 199, 'thisTrialN': 19, 'thisRepN': 9}>
650.7269 	EXP 	text_2: autoDraw = False
650.7269 	EXP 	textbox: autoDraw = False
650.7269 	EXP 	text_3: autoDraw = False
650.7269 	EXP 	text_2: height = np.float64(0.05)
650.7269 	EXP 	text_2: height = np.float64(0.05)
650.7269 	EXP 	text_2: height = np.float64(0.05)
650.7269 	EXP 	text_2: text = 'K_y_'
650.7269 	EXP 	text_2: autoDraw = True
650.7269 	EXP 	textbox: autoDraw = True
650.7269 	EXP 	text_3: autoDraw = True
650.9453 	DATA 	Mouse:  Left button up, pos=(563,161)
651.5107 	DATA 	Keypress: k
651.5120 	EXP 	Device response: <KeyPress from None: t=651.5037701000692, value=k, duration=None>
651.5782 	EXP 	Device response: <KeyPress from None: t=651.5037701000692, value=k, duration=0.07110009994357824>
651.6439 	DATA 	Keypress: e
651.6448 	EXP 	Device response: <KeyPress from None: t=651.6352893000003, value=e, duration=None>
651.7604 	EXP 	Device response: <KeyPress from None: t=651.6352893000003, value=e, duration=0.11010400007944554>
651.8443 	DATA 	Keypress: y
651.8450 	EXP 	Device response: <KeyPress from None: t=651.8427658000728, value=y, duration=None>
651.9600 	EXP 	Device response: <KeyPress from None: t=651.8427658000728, value=y, duration=0.10135979996994138>
652.0435 	DATA 	Keypress: s
652.0442 	EXP 	Device response: <KeyPress from None: t=652.0290273000719, value=s, duration=None>
652.1435 	EXP 	Device response: <KeyPress from None: t=652.0290273000719, value=s, duration=0.10848930000793189>
653.0800 	DATA 	Mouse: Left button down, pos=(563,161)
653.0810 	EXP 	New trial (rep=10, index=0): <Trial 200 (0 in rep 10) data={'test_word': '_ho_e', 'Reference': 'Phone', 'old_new': 'old', 'thisN': 200, 'thisTrialN': 0, 'thisRepN': 10}>
653.0939 	EXP 	text_2: autoDraw = False
653.0939 	EXP 	textbox: autoDraw = False
653.0939 	EXP 	text_3: autoDraw = False
653.0939 	EXP 	text_2: height = np.float64(0.05)
653.0939 	EXP 	text_2: height = np.float64(0.05)
653.0939 	EXP 	text_2: height = np.float64(0.05)
653.0939 	EXP 	text_2: text = '_ho_e'
653.0939 	EXP 	text_2: autoDraw = True
653.0939 	EXP 	textbox: autoDraw = True
653.0939 	EXP 	text_3: autoDraw = True
653.3128 	DATA 	Mouse:  Left button up, pos=(563,161)
653.9435 	DATA 	Keypress: h
653.9440 	EXP 	Device response: <KeyPress from None: t=653.9388407000806, value=h, duration=None>
654.0280 	EXP 	Device response: <KeyPress from None: t=653.9388407000806, value=h, duration=0.08731639990583062>
654.1944 	DATA 	Keypress: o
654.1953 	EXP 	Device response: <KeyPress from None: t=654.1910153999925, value=o, duration=None>
654.2946 	EXP 	Device response: <KeyPress from None: t=654.1910153999925, value=o, duration=0.09914010006468743>
654.4302 	DATA 	Keypress: u
654.4327 	EXP 	Device response: <KeyPress from None: t=654.4212241000496, value=u, duration=None>
654.5309 	EXP 	Device response: <KeyPress from None: t=654.4212241000496, value=u, duration=0.09883439994882792>
654.5845 	DATA 	Keypress: s
654.5880 	EXP 	Device response: <KeyPress from None: t=654.56426870008, value=s, duration=None>
654.6791 	EXP 	Device response: <KeyPress from None: t=654.56426870008, value=s, duration=0.10602249996736646>
654.7756 	DATA 	Keypress: e
654.7769 	EXP 	Device response: <KeyPress from None: t=654.7531941999914, value=e, duration=None>
654.8781 	EXP 	Device response: <KeyPress from None: t=654.7531941999914, value=e, duration=0.1087255000602454>
656.0135 	DATA 	Mouse: Left button down, pos=(563,161)
656.0282 	EXP 	New trial (rep=10, index=1): <Trial 201 (1 in rep 10) data={'test_word': '_ha_t', 'Reference': 'Chart', 'old_new': 'old', 'thisN': 201, 'thisTrialN': 1, 'thisRepN': 10}>
656.0432 	EXP 	text_2: autoDraw = False
656.0432 	EXP 	textbox: autoDraw = False
656.0432 	EXP 	text_3: autoDraw = False
656.0432 	EXP 	text_2: height = np.float64(0.05)
656.0432 	EXP 	text_2: height = np.float64(0.05)
656.0432 	EXP 	text_2: height = np.float64(0.05)
656.0432 	EXP 	text_2: text = '_ha_t'
656.0432 	EXP 	text_2: autoDraw = True
656.0432 	EXP 	textbox: autoDraw = True
656.0432 	EXP 	text_3: autoDraw = True
656.2449 	DATA 	Mouse:  Left button up, pos=(563,161)
659.7268 	DATA 	Keypress: w
659.7273 	EXP 	Device response: <KeyPress from None: t=659.7192938000662, value=w, duration=None>
659.8111 	EXP 	Device response: <KeyPress from None: t=659.7192938000662, value=w, duration=0.07684540003538132>
659.8766 	DATA 	Keypress: h
659.8772 	EXP 	Device response: <KeyPress from None: t=659.8659679000266, value=h, duration=None>
659.9604 	EXP 	Device response: <KeyPress from None: t=659.8659679000266, value=h, duration=0.08024450007360429>
659.9995 	DATA 	Keypress: a
660.0102 	EXP 	Device response: <KeyPress from None: t=659.9972329000011, value=a, duration=None>
660.1119 	EXP 	Device response: <KeyPress from None: t=659.9972329000011, value=a, duration=0.10887090000323951>
660.1602 	DATA 	Keypress: t
660.1609 	EXP 	Device response: <KeyPress from None: t=660.1489695000928, value=t, duration=None>
660.2279 	EXP 	Device response: <KeyPress from None: t=660.1489695000928, value=t, duration=0.0665758999530226>
661.1119 	DATA 	Mouse: Left button down, pos=(563,161)
661.1131 	EXP 	New trial (rep=10, index=2): <Trial 202 (2 in rep 10) data={'test_word': '_a_bl_', 'Reference': 'Marble', 'old_new': 'old', 'thisN': 202, 'thisTrialN': 2, 'thisRepN': 10}>
661.1266 	EXP 	text_2: autoDraw = False
661.1266 	EXP 	textbox: autoDraw = False
661.1266 	EXP 	text_3: autoDraw = False
661.1266 	EXP 	text_2: height = np.float64(0.05)
661.1266 	EXP 	text_2: height = np.float64(0.05)
661.1266 	EXP 	text_2: height = np.float64(0.05)
661.1266 	EXP 	text_2: text = '_a_bl_'
661.1266 	EXP 	text_2: autoDraw = True
661.1266 	EXP 	textbox: autoDraw = True
661.1266 	EXP 	text_3: autoDraw = True
661.3460 	DATA 	Mouse:  Left button up, pos=(563,161)
662.2945 	DATA 	Keypress: t
662.2956 	EXP 	Device response: <KeyPress from None: t=662.2844537000638, value=t, duration=None>
662.3769 	EXP 	Device response: <KeyPress from None: t=662.2844537000638, value=t, duration=0.09190340002533048>
662.4935 	DATA 	Keypress: a
662.4941 	EXP 	Device response: <KeyPress from None: t=662.4811242000433, value=a, duration=None>
662.6434 	DATA 	Keypress: b
662.6441 	EXP 	Device response: <KeyPress from None: t=662.6326218000613, value=b, duration=None>
662.6611 	EXP 	Device response: <KeyPress from None: t=662.4811242000433, value=a, duration=0.1687835999764502>
662.7099 	EXP 	Device response: <KeyPress from None: t=662.6326218000613, value=b, duration=0.062346799997612834>
662.9935 	DATA 	Keypress: l
662.9942 	EXP 	Device response: <KeyPress from None: t=662.9796075000195, value=l, duration=None>
663.0435 	EXP 	Device response: <KeyPress from None: t=662.9796075000195, value=l, duration=0.05884010007139295>
663.0940 	DATA 	Keypress: e
663.0952 	EXP 	Device response: <KeyPress from None: t=663.0894175000722, value=e, duration=None>
663.2104 	EXP 	Device response: <KeyPress from None: t=663.0894175000722, value=e, duration=0.10763240000233054>
664.3968 	DATA 	Mouse: Left button down, pos=(563,161)
664.4113 	EXP 	New trial (rep=10, index=3): <Trial 203 (3 in rep 10) data={'test_word': 'p_nc_l', 'Reference': 'Pencil', 'old_new': 'new', 'thisN': 203, 'thisTrialN': 3, 'thisRepN': 10}>
664.4266 	EXP 	text_2: autoDraw = False
664.4266 	EXP 	textbox: autoDraw = False
664.4266 	EXP 	text_3: autoDraw = False
664.4266 	EXP 	text_2: height = np.float64(0.05)
664.4266 	EXP 	text_2: height = np.float64(0.05)
664.4266 	EXP 	text_2: height = np.float64(0.05)
664.4266 	EXP 	text_2: text = 'p_nc_l'
664.4266 	EXP 	text_2: autoDraw = True
664.4266 	EXP 	textbox: autoDraw = True
664.4266 	EXP 	text_3: autoDraw = True
664.6279 	DATA 	Mouse:  Left button up, pos=(563,161)
665.2433 	DATA 	Keypress: p
665.2439 	EXP 	Device response: <KeyPress from None: t=665.2367156000109, value=p, duration=None>
665.3269 	EXP 	Device response: <KeyPress from None: t=665.2367156000109, value=p, duration=0.077883500023745>
665.3934 	DATA 	Keypress: e
665.3939 	EXP 	Device response: <KeyPress from None: t=665.3905910000904, value=e, duration=None>
665.4949 	EXP 	Device response: <KeyPress from None: t=665.3905910000904, value=e, duration=0.09828039992135018>
665.5958 	DATA 	Keypress: n
665.6100 	EXP 	Device response: <KeyPress from None: t=665.5952661000192, value=n, duration=None>
665.6603 	EXP 	Device response: <KeyPress from None: t=665.5952661000192, value=n, duration=0.0602346999803558>
665.7955 	DATA 	Keypress: c
665.8099 	EXP 	Device response: <KeyPress from None: t=665.7947729000589, value=c, duration=None>
665.9438 	EXP 	Device response: <KeyPress from None: t=665.7947729000589, value=c, duration=0.13471120002213866>
666.0473 	DATA 	Keypress: i
666.0599 	EXP 	Device response: <KeyPress from None: t=666.0469225000124, value=i, duration=None>
666.1275 	EXP 	Device response: <KeyPress from None: t=666.0469225000124, value=i, duration=0.06636830000206828>
666.2621 	DATA 	Keypress: l
666.2632 	EXP 	Device response: <KeyPress from None: t=666.2601166000823, value=l, duration=None>
666.3437 	EXP 	Device response: <KeyPress from None: t=666.2601166000823, value=l, duration=0.07791250001173466>
667.1802 	DATA 	Mouse: Left button down, pos=(563,161)
667.1942 	EXP 	New trial (rep=10, index=4): <Trial 204 (4 in rep 10) data={'test_word': '_oo_', 'Reference': 'Book', 'old_new': 'old', 'thisN': 204, 'thisTrialN': 4, 'thisRepN': 10}>
667.2095 	EXP 	text_2: autoDraw = False
667.2095 	EXP 	textbox: autoDraw = False
667.2095 	EXP 	text_3: autoDraw = False
667.2095 	EXP 	text_2: height = np.float64(0.05)
667.2095 	EXP 	text_2: height = np.float64(0.05)
667.2095 	EXP 	text_2: height = np.float64(0.05)
667.2095 	EXP 	text_2: text = '_oo_'
667.2095 	EXP 	text_2: autoDraw = True
667.2095 	EXP 	textbox: autoDraw = True
667.2095 	EXP 	text_3: autoDraw = True
667.4139 	DATA 	Mouse:  Left button up, pos=(563,161)
668.4111 	DATA 	Keypress: b
668.4118 	EXP 	Device response: <KeyPress from None: t=668.3998891999945, value=b, duration=None>
668.4774 	EXP 	Device response: <KeyPress from None: t=668.3998891999945, value=b, duration=0.07369680004194379>
668.7803 	DATA 	Keypress: o
668.7938 	EXP 	Device response: <KeyPress from None: t=668.7791415000102, value=o, duration=None>
668.8438 	EXP 	Device response: <KeyPress from None: t=668.7791415000102, value=o, duration=0.05178970005363226>
668.9269 	DATA 	Keypress: o
668.9279 	EXP 	Device response: <KeyPress from None: t=668.9263047000859, value=o, duration=None>
668.9937 	EXP 	Device response: <KeyPress from None: t=668.9263047000859, value=o, duration=0.06453999993391335>
669.1268 	DATA 	Keypress: k
669.1274 	EXP 	Device response: <KeyPress from None: t=669.1190470000729, value=k, duration=None>
669.2104 	EXP 	Device response: <KeyPress from None: t=669.1190470000729, value=k, duration=0.07938629994168878>
670.1812 	DATA 	Mouse: Left button down, pos=(563,161)
670.1829 	EXP 	New trial (rep=10, index=5): <Trial 205 (5 in rep 10) data={'test_word': 'P_li_e', 'Reference': 'Police', 'old_new': 'old', 'thisN': 205, 'thisTrialN': 5, 'thisRepN': 10}>
670.1939 	EXP 	text_2: autoDraw = False
670.1939 	EXP 	textbox: autoDraw = False
670.1939 	EXP 	text_3: autoDraw = False
670.1939 	EXP 	text_2: height = np.float64(0.05)
670.1939 	EXP 	text_2: height = np.float64(0.05)
670.1939 	EXP 	text_2: height = np.float64(0.05)
670.1939 	EXP 	text_2: text = 'P_li_e'
670.1939 	EXP 	text_2: autoDraw = True
670.1939 	EXP 	textbox: autoDraw = True
670.1939 	EXP 	text_3: autoDraw = True
670.4135 	DATA 	Mouse:  Left button up, pos=(563,161)
670.9466 	DATA 	Keypress: p
670.9600 	EXP 	Device response: <KeyPress from None: t=670.9452535000164, value=p, duration=None>
671.0439 	EXP 	Device response: <KeyPress from None: t=670.9452535000164, value=p, duration=0.08880909997969866>
671.1970 	DATA 	Keypress: o
671.2099 	EXP 	Device response: <KeyPress from None: t=671.1941113000503, value=o, duration=None>
671.2767 	EXP 	Device response: <KeyPress from None: t=671.1941113000503, value=o, duration=0.06605779996607453>
671.3942 	DATA 	Keypress: l
671.3955 	EXP 	Device response: <KeyPress from None: t=671.392537000007, value=l, duration=None>
671.4613 	EXP 	Device response: <KeyPress from None: t=671.392537000007, value=l, duration=0.06272759998682886>
671.6101 	DATA 	Keypress: i
671.6109 	EXP 	Device response: <KeyPress from None: t=671.5996204999974, value=i, duration=None>
671.6773 	EXP 	Device response: <KeyPress from None: t=671.5996204999974, value=i, duration=0.0671745000872761>
671.7599 	DATA 	Keypress: c
671.7605 	EXP 	Device response: <KeyPress from None: t=671.7519161000382, value=c, duration=None>
671.8604 	EXP 	Device response: <KeyPress from None: t=671.7519161000382, value=c, duration=0.09498840000014752>
671.9818 	DATA 	Keypress: e
671.9940 	EXP 	Device response: <KeyPress from None: t=671.9796231000219, value=e, duration=None>
672.0937 	EXP 	Device response: <KeyPress from None: t=671.9796231000219, value=e, duration=0.10120170004665852>
672.9111 	DATA 	Mouse: Left button down, pos=(563,161)
672.9121 	EXP 	New trial (rep=10, index=6): <Trial 206 (6 in rep 10) data={'test_word': '_ru_is_', 'Reference': 'Cruise', 'old_new': 'old', 'thisN': 206, 'thisTrialN': 6, 'thisRepN': 10}>
672.9264 	EXP 	text_2: autoDraw = False
672.9264 	EXP 	textbox: autoDraw = False
672.9264 	EXP 	text_3: autoDraw = False
672.9264 	EXP 	text_2: height = np.float64(0.05)
672.9264 	EXP 	text_2: height = np.float64(0.05)
672.9264 	EXP 	text_2: height = np.float64(0.05)
672.9264 	EXP 	text_2: text = '_ru_is_'
672.9264 	EXP 	text_2: autoDraw = True
672.9264 	EXP 	textbox: autoDraw = True
672.9264 	EXP 	text_3: autoDraw = True
673.1283 	DATA 	Mouse:  Left button up, pos=(563,161)
674.1628 	DATA 	Keypress: c
674.1768 	EXP 	Device response: <KeyPress from None: t=674.1610620000865, value=c, duration=None>
674.2781 	EXP 	Device response: <KeyPress from None: t=674.1610620000865, value=c, duration=0.10191129997838289>
674.4102 	DATA 	Keypress: r
674.4114 	EXP 	Device response: <KeyPress from None: t=674.403890500078, value=r, duration=None>
674.5436 	EXP 	Device response: <KeyPress from None: t=674.403890500078, value=r, duration=0.12934200000017881>
674.6113 	DATA 	Keypress: u
674.6121 	EXP 	Device response: <KeyPress from None: t=674.597411600058, value=u, duration=None>
674.6941 	EXP 	Device response: <KeyPress from None: t=674.597411600058, value=u, duration=0.08199500001501292>
674.7934 	DATA 	Keypress: i
674.7940 	EXP 	Device response: <KeyPress from None: t=674.7825469000963, value=i, duration=None>
674.8944 	EXP 	Device response: <KeyPress from None: t=674.7825469000963, value=i, duration=0.09875059989280999>
674.9273 	DATA 	Keypress: s
674.9283 	EXP 	Device response: <KeyPress from None: t=674.9258439000696, value=s, duration=None>
675.0439 	EXP 	Device response: <KeyPress from None: t=674.9258439000696, value=s, duration=0.10982090001925826>
675.1136 	DATA 	Keypress: e
675.1268 	EXP 	Device response: <KeyPress from None: t=675.1127795000793, value=e, duration=None>
675.2436 	EXP 	Device response: <KeyPress from None: t=675.1127795000793, value=e, duration=0.12481059995479882>
676.2612 	DATA 	Mouse: Left button down, pos=(563,161)
676.2632 	EXP 	New trial (rep=10, index=7): <Trial 207 (7 in rep 10) data={'test_word': 'ta_l_', 'Reference': 'Table', 'old_new': 'new', 'thisN': 207, 'thisTrialN': 7, 'thisRepN': 10}>
676.2927 	EXP 	text_2: autoDraw = False
676.2927 	EXP 	textbox: autoDraw = False
676.2927 	EXP 	text_3: autoDraw = False
676.2927 	EXP 	text_2: height = np.float64(0.05)
676.2927 	EXP 	text_2: height = np.float64(0.05)
676.2927 	EXP 	text_2: height = np.float64(0.05)
676.2927 	EXP 	text_2: text = 'ta_l_'
676.2927 	EXP 	text_2: autoDraw = True
676.2927 	EXP 	textbox: autoDraw = True
676.2927 	EXP 	text_3: autoDraw = True
676.4781 	DATA 	Mouse:  Left button up, pos=(563,161)
677.7434 	DATA 	Keypress: t
677.7440 	EXP 	Device response: <KeyPress from None: t=677.7367652000394, value=t, duration=None>
677.8274 	EXP 	Device response: <KeyPress from None: t=677.7367652000394, value=t, duration=0.08056180004496127>
678.0435 	DATA 	Keypress: a
678.0441 	EXP 	Device response: <KeyPress from None: t=678.0385450000176, value=a, duration=None>
678.1942 	EXP 	Device response: <KeyPress from None: t=678.0385450000176, value=a, duration=0.14972780004609376>
678.2269 	DATA 	Keypress: b
678.2284 	EXP 	Device response: <KeyPress from None: t=678.216792399995, value=b, duration=None>
678.2935 	EXP 	Device response: <KeyPress from None: t=678.216792399995, value=b, duration=0.06562930007930845>
678.5439 	DATA 	Keypress: l
678.5445 	EXP 	Device response: <KeyPress from None: t=678.533476700075, value=l, duration=None>
678.5773 	EXP 	Device response: <KeyPress from None: t=678.533476700075, value=l, duration=0.03558209992479533>
678.6948 	DATA 	Keypress: e
678.6960 	EXP 	Device response: <KeyPress from None: t=678.6939723000396, value=e, duration=None>
678.8105 	EXP 	Device response: <KeyPress from None: t=678.6939723000396, value=e, duration=0.10949599999003112>
679.9949 	DATA 	Mouse: Left button down, pos=(563,161)
679.9965 	EXP 	New trial (rep=10, index=8): <Trial 208 (8 in rep 10) data={'test_word': 'P_as_tr_', 'Reference': 'Pastry', 'old_new': 'old', 'thisN': 208, 'thisTrialN': 8, 'thisRepN': 10}>
680.0100 	EXP 	text_2: autoDraw = False
680.0100 	EXP 	textbox: autoDraw = False
680.0100 	EXP 	text_3: autoDraw = False
680.0100 	EXP 	text_2: height = np.float64(0.05)
680.0100 	EXP 	text_2: height = np.float64(0.05)
680.0100 	EXP 	text_2: height = np.float64(0.05)
680.0100 	EXP 	text_2: text = 'P_as_tr_'
680.0100 	EXP 	text_2: autoDraw = True
680.0100 	EXP 	textbox: autoDraw = True
680.0100 	EXP 	text_3: autoDraw = True
680.2130 	DATA 	Mouse:  Left button up, pos=(563,161)
681.0766 	DATA 	Keypress: p
681.0772 	EXP 	Device response: <KeyPress from None: t=681.0687645000871, value=p, duration=None>
681.1777 	EXP 	Device response: <KeyPress from None: t=681.0687645000871, value=p, duration=0.10059909999836236>
681.2110 	DATA 	Keypress: a
681.2122 	EXP 	Device response: <KeyPress from None: t=681.2068411000073, value=a, duration=None>
681.3441 	EXP 	Device response: <KeyPress from None: t=681.2068411000073, value=a, duration=0.12639860005583614>
681.4306 	DATA 	Keypress: s
681.4438 	EXP 	Device response: <KeyPress from None: t=681.4286008999916, value=s, duration=None>
681.5952 	EXP 	Device response: <KeyPress from None: t=681.4286008999916, value=s, duration=0.15815960010513663>
681.8281 	DATA 	Keypress: t
681.8431 	EXP 	Device response: <KeyPress from None: t=681.8273969000438, value=t, duration=None>
681.9276 	EXP 	Device response: <KeyPress from None: t=681.8273969000438, value=t, duration=0.09437079995404929>
682.0284 	DATA 	Keypress: r
682.0434 	EXP 	Device response: <KeyPress from None: t=682.0265115000075, value=r, duration=None>
682.1441 	EXP 	Device response: <KeyPress from None: t=682.0265115000075, value=r, duration=0.1129683000035584>
682.1952 	DATA 	Keypress: y
682.2098 	EXP 	Device response: <KeyPress from None: t=682.1938707000809, value=y, duration=None>
682.2936 	EXP 	Device response: <KeyPress from None: t=682.1938707000809, value=y, duration=0.08719039999414235>
683.4497 	DATA 	Mouse: Left button down, pos=(563,161)
683.4613 	EXP 	New trial (rep=10, index=9): <Trial 209 (9 in rep 10) data={'test_word': 'c_s_io_', 'Reference': 'Cushion', 'old_new': 'new', 'thisN': 209, 'thisTrialN': 9, 'thisRepN': 10}>
683.4769 	EXP 	text_2: autoDraw = False
683.4769 	EXP 	textbox: autoDraw = False
683.4769 	EXP 	text_3: autoDraw = False
683.4769 	EXP 	text_2: height = np.float64(0.05)
683.4769 	EXP 	text_2: height = np.float64(0.05)
683.4769 	EXP 	text_2: height = np.float64(0.05)
683.4769 	EXP 	text_2: text = 'c_s_io_'
683.4769 	EXP 	text_2: autoDraw = True
683.4769 	EXP 	textbox: autoDraw = True
683.4769 	EXP 	text_3: autoDraw = True
683.6670 	DATA 	Mouse:  Left button up, pos=(563,161)
684.3098 	DATA 	Keypress: c
684.3104 	EXP 	Device response: <KeyPress from None: t=684.3095596000785, value=c, duration=None>
684.4273 	EXP 	Device response: <KeyPress from None: t=684.3095596000785, value=c, duration=0.10646739997901022>
684.4819 	DATA 	Keypress: u
684.4935 	EXP 	Device response: <KeyPress from None: t=684.4805706000188, value=u, duration=None>
684.5604 	EXP 	Device response: <KeyPress from None: t=684.4805706000188, value=u, duration=0.07312760001514107>
684.6435 	DATA 	Keypress: s
684.6451 	EXP 	Device response: <KeyPress from None: t=684.6429142000852, value=s, duration=None>
684.7940 	EXP 	Device response: <KeyPress from None: t=684.6429142000852, value=s, duration=0.1418200999032706>
684.8113 	DATA 	Keypress: h
684.8130 	EXP 	Device response: <KeyPress from None: t=684.8015452000545, value=h, duration=None>
684.8931 	EXP 	Device response: <KeyPress from None: t=684.8015452000545, value=h, duration=0.07701739994809031>
685.0432 	DATA 	Keypress: i
685.0440 	EXP 	Device response: <KeyPress from None: t=685.042649900075, value=i, duration=None>
685.1450 	EXP 	Device response: <KeyPress from None: t=685.042649900075, value=i, duration=0.09512559999711812>
685.2266 	DATA 	Keypress: o
685.2273 	EXP 	Device response: <KeyPress from None: t=685.2226580000715, value=o, duration=None>
685.3113 	EXP 	Device response: <KeyPress from None: t=685.2226580000715, value=o, duration=0.08521739998832345>
685.4433 	DATA 	Keypress: n
685.4439 	EXP 	Device response: <KeyPress from None: t=685.4345932001015, value=n, duration=None>
685.4603 	DATA 	Keypress: space
685.4609 	EXP 	Device response: <KeyPress from None: t=685.4567398000509, value=space, duration=None>
685.4773 	EXP 	Device response: <KeyPress from None: t=685.4567398000509, value=space, duration=0.019996699993498623>
685.4941 	EXP 	Device response: <KeyPress from None: t=685.4345932001015, value=n, duration=0.057282299967482686>
686.5621 	DATA 	Mouse: Left button down, pos=(563,161)
686.5635 	EXP 	New trial (rep=10, index=10): <Trial 210 (10 in rep 10) data={'test_word': 'l_pt_p', 'Reference': 'Laptop', 'old_new': 'old', 'thisN': 210, 'thisTrialN': 10, 'thisRepN': 10}>
686.5774 	EXP 	text_2: autoDraw = False
686.5774 	EXP 	textbox: autoDraw = False
686.5774 	EXP 	text_3: autoDraw = False
686.5774 	EXP 	text_2: height = np.float64(0.05)
686.5774 	EXP 	text_2: height = np.float64(0.05)
686.5774 	EXP 	text_2: height = np.float64(0.05)
686.5774 	EXP 	text_2: text = 'l_pt_p'
686.5774 	EXP 	text_2: autoDraw = True
686.5774 	EXP 	textbox: autoDraw = True
686.5774 	EXP 	text_3: autoDraw = True
686.7784 	DATA 	Mouse:  Left button up, pos=(563,161)
687.4764 	DATA 	Keypress: l
687.4771 	EXP 	Device response: <KeyPress from None: t=687.4758593000006, value=l, duration=None>
687.5607 	EXP 	Device response: <KeyPress from None: t=687.4758593000006, value=l, duration=0.07829840003978461>
687.9270 	DATA 	Keypress: a
687.9283 	EXP 	Device response: <KeyPress from None: t=687.9170412000967, value=a, duration=None>
687.9949 	EXP 	Device response: <KeyPress from None: t=687.9170412000967, value=a, duration=0.0703596998937428>
688.4435 	DATA 	Keypress: p
688.4443 	EXP 	Device response: <KeyPress from None: t=688.4380936000962, value=p, duration=None>
688.5281 	EXP 	Device response: <KeyPress from None: t=688.4380936000962, value=p, duration=0.0866696999873966>
688.9443 	DATA 	Keypress: y
688.9598 	EXP 	Device response: <KeyPress from None: t=688.9034741000505, value=y, duration=None>
688.9774 	EXP 	Device response: <KeyPress from None: t=688.9034741000505, value=y, duration=0.06868349993601441>
689.4933 	DATA 	Keypress: backspace
689.4939 	EXP 	Device response: <KeyPress from None: t=689.4855969999917, value=backspace, duration=None>
689.5775 	EXP 	Device response: <KeyPress from None: t=689.4855969999917, value=backspace, duration=0.08702770003583282>
690.2797 	DATA 	Keypress: t
690.2939 	EXP 	Device response: <KeyPress from None: t=690.278667000006, value=t, duration=None>
690.3783 	EXP 	Device response: <KeyPress from None: t=690.278667000006, value=t, duration=0.09153440000955015>
690.7450 	DATA 	Keypress: o
690.7596 	EXP 	Device response: <KeyPress from None: t=690.7433500000043, value=o, duration=None>
690.8274 	EXP 	Device response: <KeyPress from None: t=690.7433500000043, value=o, duration=0.07008330000098795>
690.9110 	DATA 	Keypress: p
690.9124 	EXP 	Device response: <KeyPress from None: t=690.9079282000894, value=p, duration=None>
690.9943 	EXP 	Device response: <KeyPress from None: t=690.9079282000894, value=p, duration=0.07244469993747771>
691.8280 	DATA 	Mouse: Left button down, pos=(563,161)
691.8301 	EXP 	New trial (rep=10, index=11): <Trial 211 (11 in rep 10) data={'test_word': 'v_s_', 'Reference': 'Vase', 'old_new': 'new', 'thisN': 211, 'thisTrialN': 11, 'thisRepN': 10}>
691.8433 	EXP 	text_2: autoDraw = False
691.8433 	EXP 	textbox: autoDraw = False
691.8433 	EXP 	text_3: autoDraw = False
691.8433 	EXP 	text_2: height = np.float64(0.05)
691.8433 	EXP 	text_2: height = np.float64(0.05)
691.8433 	EXP 	text_2: height = np.float64(0.05)
691.8433 	EXP 	text_2: text = 'v_s_'
691.8433 	EXP 	text_2: autoDraw = True
691.8433 	EXP 	textbox: autoDraw = True
691.8433 	EXP 	text_3: autoDraw = True
692.0472 	DATA 	Mouse:  Left button up, pos=(563,161)
692.8434 	DATA 	Keypress: v
692.8446 	EXP 	Device response: <KeyPress from None: t=692.8336742999963, value=v, duration=None>
692.9100 	EXP 	Device response: <KeyPress from None: t=692.8336742999963, value=v, duration=0.06978850008454174>
693.1654 	DATA 	Keypress: a
693.1782 	EXP 	Device response: <KeyPress from None: t=693.1631318000145, value=a, duration=None>
693.2438 	EXP 	Device response: <KeyPress from None: t=693.1631318000145, value=a, duration=0.06640950008295476>
693.3599 	DATA 	Keypress: s
693.3604 	EXP 	Device response: <KeyPress from None: t=693.352106400067, value=s, duration=None>
693.4268 	EXP 	Device response: <KeyPress from None: t=693.352106400067, value=s, duration=0.05952339991927147>
693.5100 	DATA 	Keypress: e
693.5107 	EXP 	Device response: <KeyPress from None: t=693.5079990000231, value=e, duration=None>
693.5943 	EXP 	Device response: <KeyPress from None: t=693.5079990000231, value=e, duration=0.07694569998420775>
694.4282 	DATA 	Mouse: Left button down, pos=(563,161)
694.4306 	EXP 	New trial (rep=10, index=12): <Trial 212 (12 in rep 10) data={'test_word': 'P_st_r', 'Reference': 'Poster', 'old_new': 'old', 'thisN': 212, 'thisTrialN': 12, 'thisRepN': 10}>
694.4590 	EXP 	text_2: autoDraw = False
694.4590 	EXP 	textbox: autoDraw = False
694.4590 	EXP 	text_3: autoDraw = False
694.4590 	EXP 	text_2: height = np.float64(0.05)
694.4590 	EXP 	text_2: height = np.float64(0.05)
694.4590 	EXP 	text_2: height = np.float64(0.05)
694.4590 	EXP 	text_2: text = 'P_st_r'
694.4590 	EXP 	text_2: autoDraw = True
694.4590 	EXP 	textbox: autoDraw = True
694.4590 	EXP 	text_3: autoDraw = True
694.6459 	DATA 	Mouse:  Left button up, pos=(563,161)
695.3610 	DATA 	Keypress: p
695.3623 	EXP 	Device response: <KeyPress from None: t=695.3551384999882, value=p, duration=None>
695.4436 	EXP 	Device response: <KeyPress from None: t=695.3551384999882, value=p, duration=0.08605370006989688>
695.8269 	DATA 	Keypress: a
695.8275 	EXP 	Device response: <KeyPress from None: t=695.820675300085, value=a, duration=None>
695.9102 	EXP 	Device response: <KeyPress from None: t=695.820675300085, value=a, duration=0.07532489998266101>
696.0121 	DATA 	Keypress: s
696.0264 	EXP 	Device response: <KeyPress from None: t=696.0109676000429, value=s, duration=None>
696.0942 	EXP 	Device response: <KeyPress from None: t=696.0109676000429, value=s, duration=0.08120570005849004>
696.5604 	DATA 	Keypress: t
696.5612 	EXP 	Device response: <KeyPress from None: t=696.5537420000182, value=t, duration=None>
696.6270 	EXP 	Device response: <KeyPress from None: t=696.5537420000182, value=t, duration=0.07146660005673766>
696.7599 	DATA 	Keypress: r
696.7606 	EXP 	Device response: <KeyPress from None: t=696.7492733000545, value=r, duration=None>
696.8264 	EXP 	Device response: <KeyPress from None: t=696.7492733000545, value=r, duration=0.07656720001250505>
696.9618 	DATA 	Keypress: y
696.9634 	EXP 	Device response: <KeyPress from None: t=696.9560328000225, value=y, duration=None>
697.0438 	EXP 	Device response: <KeyPress from None: t=696.9560328000225, value=y, duration=0.0781433000229299>
698.0110 	DATA 	Mouse: Left button down, pos=(563,161)
698.0120 	EXP 	New trial (rep=10, index=13): <Trial 213 (13 in rep 10) data={'test_word': 'bo_t_e', 'Reference': 'Bottle', 'old_new': 'new', 'thisN': 213, 'thisTrialN': 13, 'thisRepN': 10}>
698.0263 	EXP 	text_2: autoDraw = False
698.0263 	EXP 	textbox: autoDraw = False
698.0263 	EXP 	text_3: autoDraw = False
698.0263 	EXP 	text_2: height = np.float64(0.05)
698.0263 	EXP 	text_2: height = np.float64(0.05)
698.0263 	EXP 	text_2: height = np.float64(0.05)
698.0263 	EXP 	text_2: text = 'bo_t_e'
698.0263 	EXP 	text_2: autoDraw = True
698.0263 	EXP 	textbox: autoDraw = True
698.0263 	EXP 	text_3: autoDraw = True
698.2335 	DATA 	Mouse:  Left button up, pos=(563,161)
698.9130 	DATA 	Keypress: b
698.9262 	EXP 	Device response: <KeyPress from None: t=698.9113124000141, value=b, duration=None>
698.9766 	EXP 	Device response: <KeyPress from None: t=698.9113124000141, value=b, duration=0.06478010001592338>
699.1930 	DATA 	Keypress: o
699.1938 	EXP 	Device response: <KeyPress from None: t=699.1837288000388, value=o, duration=None>
699.2932 	EXP 	Device response: <KeyPress from None: t=699.1837288000388, value=o, duration=0.1018354999832809>
699.6101 	DATA 	Keypress: t
699.6115 	EXP 	Device response: <KeyPress from None: t=699.6039092000574, value=t, duration=None>
699.6778 	EXP 	Device response: <KeyPress from None: t=699.6039092000574, value=t, duration=0.06351410003844649>
699.7597 	DATA 	Keypress: t
699.7604 	EXP 	Device response: <KeyPress from None: t=699.7472294000909, value=t, duration=None>
699.8436 	EXP 	Device response: <KeyPress from None: t=699.7472294000909, value=t, duration=0.08236139989458025>
700.1429 	DATA 	Keypress: l
700.1436 	EXP 	Device response: <KeyPress from None: t=700.1287371000508, value=l, duration=None>
700.2267 	EXP 	Device response: <KeyPress from None: t=700.1287371000508, value=l, duration=0.09024169994518161>
700.8864 	DATA 	Keypress: e
700.8928 	EXP 	Device response: <KeyPress from None: t=700.8862343000947, value=e, duration=None>
700.9844 	EXP 	Device response: <KeyPress from None: t=700.8862343000947, value=e, duration=0.08215519995428622>
701.9057 	DATA 	Mouse: Left button down, pos=(531,161)
701.9082 	EXP 	New trial (rep=10, index=14): <Trial 214 (14 in rep 10) data={'test_word': 'c_s_', 'Reference': 'Case', 'old_new': 'old', 'thisN': 214, 'thisTrialN': 14, 'thisRepN': 10}>
701.9342 	EXP 	text_2: autoDraw = False
701.9342 	EXP 	textbox: autoDraw = False
701.9342 	EXP 	text_3: autoDraw = False
701.9342 	EXP 	text_2: height = np.float64(0.05)
701.9342 	EXP 	text_2: height = np.float64(0.05)
701.9342 	EXP 	text_2: height = np.float64(0.05)
701.9342 	EXP 	text_2: text = 'c_s_'
701.9342 	EXP 	text_2: autoDraw = True
701.9342 	EXP 	textbox: autoDraw = True
701.9342 	EXP 	text_3: autoDraw = True
702.1077 	DATA 	Mouse:  Left button up, pos=(531,161)
702.8848 	DATA 	Keypress: c
702.8855 	EXP 	Device response: <KeyPress from None: t=702.8761381000513, value=c, duration=None>
702.9684 	EXP 	Device response: <KeyPress from None: t=702.8761381000513, value=c, duration=0.0808293999871239>
703.3882 	DATA 	Keypress: s
703.4016 	EXP 	Device response: <KeyPress from None: t=703.3868190000067, value=s, duration=None>
703.4361 	EXP 	Device response: <KeyPress from None: t=703.3868190000067, value=s, duration=0.04214310005772859>
704.4345 	DATA 	Keypress: backspace
704.4351 	EXP 	Device response: <KeyPress from None: t=704.4241369999945, value=backspace, duration=None>
704.5351 	EXP 	Device response: <KeyPress from None: t=704.4241369999945, value=backspace, duration=0.09785420005209744>
704.9690 	DATA 	Keypress: a
704.9699 	EXP 	Device response: <KeyPress from None: t=704.9675486000488, value=a, duration=None>
705.0348 	EXP 	Device response: <KeyPress from None: t=704.9675486000488, value=a, duration=0.06273819995112717>
705.1851 	DATA 	Keypress: s
705.1860 	EXP 	Device response: <KeyPress from None: t=705.1718715000898, value=s, duration=None>
705.2511 	EXP 	Device response: <KeyPress from None: t=705.1718715000898, value=s, duration=0.06494879990350455>
705.3688 	DATA 	Keypress: e
705.3696 	EXP 	Device response: <KeyPress from None: t=705.364538300084, value=e, duration=None>
705.4355 	EXP 	Device response: <KeyPress from None: t=705.364538300084, value=e, duration=0.06670530000701547>
706.3250 	DATA 	Mouse: Left button down, pos=(531,161)
706.3373 	EXP 	New trial (rep=10, index=15): <Trial 215 (15 in rep 10) data={'test_word': 'c_m_ra', 'Reference': 'Camera', 'old_new': 'new', 'thisN': 215, 'thisTrialN': 15, 'thisRepN': 10}>
706.3513 	EXP 	text_2: autoDraw = False
706.3513 	EXP 	textbox: autoDraw = False
706.3513 	EXP 	text_3: autoDraw = False
706.3513 	EXP 	text_2: height = np.float64(0.05)
706.3513 	EXP 	text_2: height = np.float64(0.05)
706.3513 	EXP 	text_2: height = np.float64(0.05)
706.3513 	EXP 	text_2: text = 'c_m_ra'
706.3513 	EXP 	text_2: autoDraw = True
706.3513 	EXP 	textbox: autoDraw = True
706.3513 	EXP 	text_3: autoDraw = True
706.5586 	DATA 	Mouse:  Left button up, pos=(531,161)
707.3516 	DATA 	Keypress: c
707.3528 	EXP 	Device response: <KeyPress from None: t=707.3414338000584, value=c, duration=None>
707.4354 	EXP 	Device response: <KeyPress from None: t=707.3414338000584, value=c, duration=0.08284950000233948>
707.6863 	DATA 	Keypress: a
707.6879 	EXP 	Device response: <KeyPress from None: t=707.6797323999926, value=a, duration=None>
707.7521 	EXP 	Device response: <KeyPress from None: t=707.6797323999926, value=a, duration=0.0569912000792101>
708.7865 	DATA 	Keypress: m
708.7875 	EXP 	Device response: <KeyPress from None: t=708.7805634000106, value=m, duration=None>
708.8851 	EXP 	Device response: <KeyPress from None: t=708.7805634000106, value=m, duration=0.0971762000117451>
709.2402 	DATA 	Keypress: e
709.2533 	EXP 	Device response: <KeyPress from None: t=709.236985100084, value=e, duration=None>
709.3190 	EXP 	Device response: <KeyPress from None: t=709.236985100084, value=e, duration=0.06774299999233335>
709.4353 	DATA 	Keypress: r
709.4362 	EXP 	Device response: <KeyPress from None: t=709.4306083000265, value=r, duration=None>
709.5028 	EXP 	Device response: <KeyPress from None: t=709.4306083000265, value=r, duration=0.07102000003214926>
709.6735 	DATA 	Keypress: a
709.6864 	EXP 	Device response: <KeyPress from None: t=709.6714083000552, value=a, duration=None>
709.7363 	EXP 	Device response: <KeyPress from None: t=709.6714083000552, value=a, duration=0.057454599998891354>
710.7205 	DATA 	Mouse: Left button down, pos=(531,161)
710.7217 	EXP 	New trial (rep=10, index=16): <Trial 216 (16 in rep 10) data={'test_word': 'K_y_', 'Reference': 'Keys', 'old_new': 'old', 'thisN': 216, 'thisTrialN': 16, 'thisRepN': 10}>
710.7351 	EXP 	text_2: autoDraw = False
710.7351 	EXP 	textbox: autoDraw = False
710.7351 	EXP 	text_3: autoDraw = False
710.7351 	EXP 	text_2: height = np.float64(0.05)
710.7351 	EXP 	text_2: height = np.float64(0.05)
710.7351 	EXP 	text_2: height = np.float64(0.05)
710.7351 	EXP 	text_2: text = 'K_y_'
710.7351 	EXP 	text_2: autoDraw = True
710.7351 	EXP 	textbox: autoDraw = True
710.7351 	EXP 	text_3: autoDraw = True
710.9378 	DATA 	Mouse:  Left button up, pos=(531,161)
711.5868 	DATA 	Keypress: k
711.5883 	EXP 	Device response: <KeyPress from None: t=711.5756535000401, value=k, duration=None>
711.6699 	EXP 	Device response: <KeyPress from None: t=711.5756535000401, value=k, duration=0.08309920004103333>
712.0191 	DATA 	Keypress: e
712.0204 	EXP 	Device response: <KeyPress from None: t=712.0075451000594, value=e, duration=None>
712.0869 	EXP 	Device response: <KeyPress from None: t=712.0075451000594, value=e, duration=0.07469339994713664>
712.4367 	DATA 	Keypress: y
712.4381 	EXP 	Device response: <KeyPress from None: t=712.4349951000186, value=y, duration=None>
712.5194 	EXP 	Device response: <KeyPress from None: t=712.4349951000186, value=y, duration=0.07700869999825954>
712.8351 	DATA 	Keypress: s
712.8364 	EXP 	Device response: <KeyPress from None: t=712.8252560000401, value=s, duration=None>
712.9013 	EXP 	Device response: <KeyPress from None: t=712.8252560000401, value=s, duration=0.0626866000238806>
713.7553 	DATA 	Mouse: Left button down, pos=(531,161)
713.7580 	EXP 	New trial (rep=10, index=17): <Trial 217 (17 in rep 10) data={'test_word': '_o_rd', 'Reference': 'Board', 'old_new': 'old', 'thisN': 217, 'thisTrialN': 17, 'thisRepN': 10}>
713.7843 	EXP 	text_2: autoDraw = False
713.7843 	EXP 	textbox: autoDraw = False
713.7843 	EXP 	text_3: autoDraw = False
713.7843 	EXP 	text_2: height = np.float64(0.05)
713.7843 	EXP 	text_2: height = np.float64(0.05)
713.7843 	EXP 	text_2: height = np.float64(0.05)
713.7843 	EXP 	text_2: text = '_o_rd'
713.7843 	EXP 	text_2: autoDraw = True
713.7843 	EXP 	textbox: autoDraw = True
713.7843 	EXP 	text_3: autoDraw = True
713.9609 	DATA 	Mouse:  Left button up, pos=(531,161)
714.9028 	DATA 	Keypress: w
714.9042 	EXP 	Device response: <KeyPress from None: t=714.8939940000419, value=w, duration=None>
714.9537 	EXP 	Device response: <KeyPress from None: t=714.8939940000419, value=w, duration=0.056347599951550364>
715.4015 	DATA 	Keypress: o
715.4021 	EXP 	Device response: <KeyPress from None: t=715.3898617000086, value=o, duration=None>
715.4852 	EXP 	Device response: <KeyPress from None: t=715.3898617000086, value=o, duration=0.088444699998945>
715.8019 	DATA 	Keypress: r
715.8032 	EXP 	Device response: <KeyPress from None: t=715.8015116000315, value=r, duration=None>
715.8695 	EXP 	Device response: <KeyPress from None: t=715.8015116000315, value=r, duration=0.061378999962471426>
715.9851 	DATA 	Keypress: d
715.9858 	EXP 	Device response: <KeyPress from None: t=715.9752895000856, value=d, duration=None>
716.0521 	EXP 	Device response: <KeyPress from None: t=715.9752895000856, value=d, duration=0.07305239990819246>
716.8207 	DATA 	Mouse: Left button down, pos=(531,161)
716.8231 	EXP 	New trial (rep=10, index=18): <Trial 218 (18 in rep 10) data={'test_word': 'T_hi_t', 'Reference': 'Tshirt', 'old_new': 'old', 'thisN': 218, 'thisTrialN': 18, 'thisRepN': 10}>
716.8511 	EXP 	text_2: autoDraw = False
716.8511 	EXP 	textbox: autoDraw = False
716.8511 	EXP 	text_3: autoDraw = False
716.8511 	EXP 	text_2: height = np.float64(0.05)
716.8511 	EXP 	text_2: height = np.float64(0.05)
716.8511 	EXP 	text_2: height = np.float64(0.05)
716.8511 	EXP 	text_2: text = 'T_hi_t'
716.8511 	EXP 	text_2: autoDraw = True
716.8511 	EXP 	textbox: autoDraw = True
716.8511 	EXP 	text_3: autoDraw = True
717.0538 	DATA 	Mouse:  Left button up, pos=(531,161)
717.9748 	DATA 	Keypress: t
717.9856 	EXP 	Device response: <KeyPress from None: t=717.9694260000251, value=t, duration=None>
718.0365 	EXP 	Device response: <KeyPress from None: t=717.9694260000251, value=t, duration=0.06628959998488426>
718.1858 	DATA 	Keypress: s
718.1871 	EXP 	Device response: <KeyPress from None: t=718.1761190000689, value=s, duration=None>
718.2528 	EXP 	Device response: <KeyPress from None: t=718.1761190000689, value=s, duration=0.07179980003274977>
718.6203 	DATA 	Keypress: h
718.6219 	EXP 	Device response: <KeyPress from None: t=718.6156194000505, value=h, duration=None>
718.7038 	EXP 	Device response: <KeyPress from None: t=718.6156194000505, value=h, duration=0.07053210004232824>
718.8357 	DATA 	Keypress: i
718.8370 	EXP 	Device response: <KeyPress from None: t=718.8262660000473, value=i, duration=None>
718.9200 	EXP 	Device response: <KeyPress from None: t=718.8262660000473, value=i, duration=0.08158240001648664>
719.1531 	DATA 	Keypress: r
719.1546 	EXP 	Device response: <KeyPress from None: t=719.152134800097, value=r, duration=None>
719.2198 	EXP 	Device response: <KeyPress from None: t=719.152134800097, value=r, duration=0.06430809991434216>
719.3234 	DATA 	Keypress: t
719.3369 	EXP 	Device response: <KeyPress from None: t=719.3218530000886, value=t, duration=None>
719.4044 	EXP 	Device response: <KeyPress from None: t=719.3218530000886, value=t, duration=0.071309799910523>
720.4224 	DATA 	Mouse: Left button down, pos=(531,161)
720.4253 	EXP 	New trial (rep=10, index=19): <Trial 219 (19 in rep 10) data={'test_word': '_ou_se', 'Reference': 'mouse', 'old_new': 'old', 'thisN': 219, 'thisTrialN': 19, 'thisRepN': 10}>
720.4517 	EXP 	text_2: autoDraw = False
720.4517 	EXP 	textbox: autoDraw = False
720.4517 	EXP 	text_3: autoDraw = False
720.4517 	EXP 	text_2: height = np.float64(0.05)
720.4517 	EXP 	text_2: height = np.float64(0.05)
720.4517 	EXP 	text_2: height = np.float64(0.05)
720.4517 	EXP 	text_2: text = '_ou_se'
720.4517 	EXP 	text_2: autoDraw = True
720.4517 	EXP 	textbox: autoDraw = True
720.4517 	EXP 	text_3: autoDraw = True
720.6418 	DATA 	Mouse:  Left button up, pos=(531,161)
721.2264 	DATA 	Keypress: m
721.2359 	EXP 	Device response: <KeyPress from None: t=721.2231663001003, value=m, duration=None>
721.3025 	EXP 	Device response: <KeyPress from None: t=721.2231663001003, value=m, duration=0.06971649988554418>
721.4363 	DATA 	Keypress: o
721.4376 	EXP 	Device response: <KeyPress from None: t=721.4246530000819, value=o, duration=None>
721.5526 	EXP 	Device response: <KeyPress from None: t=721.4246530000819, value=o, duration=0.11347649991512299>
721.6227 	DATA 	Keypress: i
721.6368 	EXP 	Device response: <KeyPress from None: t=721.62035750004, value=i, duration=None>
721.6369 	EXP 	Device response: <KeyPress from None: t=721.62035750004, value=i, duration=0.011564300046302378>
721.9189 	DATA 	Keypress: u
721.9201 	EXP 	Device response: <KeyPress from None: t=721.9095300000627, value=u, duration=None>
722.0210 	EXP 	Device response: <KeyPress from None: t=721.9095300000627, value=u, duration=0.1002464999910444>
722.4022 	DATA 	Keypress: s
722.4041 	EXP 	Device response: <KeyPress from None: t=722.3949851000216, value=s, duration=None>
722.4854 	EXP 	Device response: <KeyPress from None: t=722.3949851000216, value=s, duration=0.0751270999899134>
722.6029 	DATA 	Keypress: e
722.6043 	EXP 	Device response: <KeyPress from None: t=722.5977375000948, value=e, duration=None>
722.6694 	EXP 	Device response: <KeyPress from None: t=722.5977375000948, value=e, duration=0.060401299968361855>
723.5406 	DATA 	Mouse: Left button down, pos=(531,161)
723.5529 	EXP 	New trial (rep=11, index=0): <Trial 220 (0 in rep 11) data={'test_word': '_ha_t', 'Reference': 'Chart', 'old_new': 'old', 'thisN': 220, 'thisTrialN': 0, 'thisRepN': 11}>
723.5681 	EXP 	text_2: autoDraw = False
723.5681 	EXP 	textbox: autoDraw = False
723.5681 	EXP 	text_3: autoDraw = False
723.5681 	EXP 	text_2: height = np.float64(0.05)
723.5681 	EXP 	text_2: height = np.float64(0.05)
723.5681 	EXP 	text_2: height = np.float64(0.05)
723.5681 	EXP 	text_2: text = '_ha_t'
723.5681 	EXP 	text_2: autoDraw = True
723.5681 	EXP 	textbox: autoDraw = True
723.5681 	EXP 	text_3: autoDraw = True
723.7714 	DATA 	Mouse:  Left button up, pos=(531,161)
726.6523 	DATA 	Keypress: c
726.6537 	EXP 	Device response: <KeyPress from None: t=726.6516715000616, value=c, duration=None>
726.7358 	EXP 	Device response: <KeyPress from None: t=726.6516715000616, value=c, duration=0.0678284999448806>
726.9034 	DATA 	Keypress: h
726.9050 	EXP 	Device response: <KeyPress from None: t=726.898748000036, value=h, duration=None>
726.9859 	EXP 	Device response: <KeyPress from None: t=726.898748000036, value=h, duration=0.07874060003086925>
727.3418 	DATA 	Keypress: a
727.3521 	EXP 	Device response: <KeyPress from None: t=727.3408957000356, value=a, duration=None>
727.4192 	EXP 	Device response: <KeyPress from None: t=727.3408957000356, value=a, duration=0.06268520001322031>
727.7187 	DATA 	Keypress: r
727.7201 	EXP 	Device response: <KeyPress from None: t=727.7161481000949, value=r, duration=None>
727.7856 	EXP 	Device response: <KeyPress from None: t=727.7161481000949, value=r, duration=0.06678209989331663>
727.9026 	DATA 	Keypress: t
727.9040 	EXP 	Device response: <KeyPress from None: t=727.8998226000695, value=t, duration=None>
727.9861 	EXP 	Device response: <KeyPress from None: t=727.8998226000695, value=t, duration=0.07150670001283288>
728.9370 	DATA 	Mouse: Left button down, pos=(531,161)
728.9396 	EXP 	New trial (rep=11, index=1): <Trial 221 (1 in rep 11) data={'test_word': 'p_nc_l', 'Reference': 'Pencil', 'old_new': 'new', 'thisN': 221, 'thisTrialN': 1, 'thisRepN': 11}>
728.9675 	EXP 	text_2: autoDraw = False
728.9675 	EXP 	textbox: autoDraw = False
728.9675 	EXP 	text_3: autoDraw = False
728.9675 	EXP 	text_2: height = np.float64(0.05)
728.9675 	EXP 	text_2: height = np.float64(0.05)
728.9675 	EXP 	text_2: height = np.float64(0.05)
728.9675 	EXP 	text_2: text = 'p_nc_l'
728.9675 	EXP 	text_2: autoDraw = True
728.9675 	EXP 	textbox: autoDraw = True
728.9675 	EXP 	text_3: autoDraw = True
729.1710 	DATA 	Mouse:  Left button up, pos=(531,161)
729.7092 	DATA 	Keypress: p
729.7200 	EXP 	Device response: <KeyPress from None: t=729.704708400066, value=p, duration=None>
729.8027 	EXP 	Device response: <KeyPress from None: t=729.704708400066, value=p, duration=0.09255810000468045>
730.1045 	DATA 	Keypress: e
730.1185 	EXP 	Device response: <KeyPress from None: t=730.1039887000807, value=e, duration=None>
730.1850 	EXP 	Device response: <KeyPress from None: t=730.1039887000807, value=e, duration=0.06570479995571077>
730.5682 	DATA 	Keypress: n
730.5694 	EXP 	Device response: <KeyPress from None: t=730.5649799000239, value=n, duration=None>
730.6355 	EXP 	Device response: <KeyPress from None: t=730.5649799000239, value=n, duration=0.06531229999382049>
730.9362 	DATA 	Keypress: c
730.9379 	EXP 	Device response: <KeyPress from None: t=730.9337761000497, value=c, duration=None>
731.0029 	EXP 	Device response: <KeyPress from None: t=730.9337761000497, value=c, duration=0.06502179999370128>
731.3682 	DATA 	Keypress: i
731.3689 	EXP 	Device response: <KeyPress from None: t=731.3603216999909, value=i, duration=None>
731.4186 	EXP 	Device response: <KeyPress from None: t=731.3603216999909, value=i, duration=0.05035800009500235>
731.6179 	DATA 	Keypress: l
731.6185 	EXP 	Device response: <KeyPress from None: t=731.6060176000465, value=l, duration=None>
731.6707 	EXP 	Device response: <KeyPress from None: t=731.6060176000465, value=l, duration=0.06121499999426305>
732.7549 	DATA 	Mouse: Left button down, pos=(531,161)
732.7569 	EXP 	New trial (rep=11, index=2): <Trial 222 (2 in rep 11) data={'test_word': 'K_y_', 'Reference': 'Keys', 'old_new': 'old', 'thisN': 222, 'thisTrialN': 2, 'thisRepN': 11}>
732.7849 	EXP 	text_2: autoDraw = False
732.7849 	EXP 	textbox: autoDraw = False
732.7849 	EXP 	text_3: autoDraw = False
732.7849 	EXP 	text_2: height = np.float64(0.05)
732.7849 	EXP 	text_2: height = np.float64(0.05)
732.7849 	EXP 	text_2: height = np.float64(0.05)
732.7849 	EXP 	text_2: text = 'K_y_'
732.7849 	EXP 	text_2: autoDraw = True
732.7849 	EXP 	textbox: autoDraw = True
732.7849 	EXP 	text_3: autoDraw = True
732.9764 	DATA 	Mouse:  Left button up, pos=(531,161)
733.7690 	DATA 	Keypress: k
733.7703 	EXP 	Device response: <KeyPress from None: t=733.767001500004, value=k, duration=None>
733.8366 	EXP 	Device response: <KeyPress from None: t=733.767001500004, value=k, duration=0.06555280007887632>
734.0024 	DATA 	Keypress: e
734.0037 	EXP 	Device response: <KeyPress from None: t=733.9965936000226, value=e, duration=None>
734.1364 	EXP 	Device response: <KeyPress from None: t=733.9965936000226, value=e, duration=0.1357870000647381>
734.2859 	DATA 	Keypress: y
734.2872 	EXP 	Device response: <KeyPress from None: t=734.2832746000495, value=y, duration=None>
734.3695 	EXP 	Device response: <KeyPress from None: t=734.2832746000495, value=y, duration=0.08094420004636049>
734.4686 	DATA 	Keypress: s
734.4699 	EXP 	Device response: <KeyPress from None: t=734.457778400043, value=s, duration=None>
734.5691 	EXP 	Device response: <KeyPress from None: t=734.457778400043, value=s, duration=0.09850469999946654>
735.5700 	DATA 	Mouse: Left button down, pos=(531,161)
735.5725 	EXP 	New trial (rep=11, index=3): <Trial 223 (3 in rep 11) data={'test_word': '_oo_', 'Reference': 'Book', 'old_new': 'old', 'thisN': 223, 'thisTrialN': 3, 'thisRepN': 11}>
735.6018 	EXP 	text_2: autoDraw = False
735.6018 	EXP 	textbox: autoDraw = False
735.6018 	EXP 	text_3: autoDraw = False
735.6018 	EXP 	text_2: height = np.float64(0.05)
735.6018 	EXP 	text_2: height = np.float64(0.05)
735.6018 	EXP 	text_2: height = np.float64(0.05)
735.6018 	EXP 	text_2: text = '_oo_'
735.6018 	EXP 	text_2: autoDraw = True
735.6018 	EXP 	textbox: autoDraw = True
735.6018 	EXP 	text_3: autoDraw = True
735.7877 	DATA 	Mouse:  Left button up, pos=(531,161)
736.4576 	DATA 	Keypress: b
736.4592 	EXP 	Device response: <KeyPress from None: t=736.4556219000369, value=b, duration=None>
736.5201 	EXP 	Device response: <KeyPress from None: t=736.4556219000369, value=b, duration=0.0619468999793753>
737.0530 	DATA 	Keypress: o
737.0539 	EXP 	Device response: <KeyPress from None: t=737.0478516999865, value=o, duration=None>
737.1187 	EXP 	Device response: <KeyPress from None: t=737.0478516999865, value=o, duration=0.05644060007762164>
737.2182 	DATA 	Keypress: o
737.2189 	EXP 	Device response: <KeyPress from None: t=737.2097678000573, value=o, duration=None>
737.2684 	EXP 	Device response: <KeyPress from None: t=737.2097678000573, value=o, duration=0.04837410000618547>
737.4023 	DATA 	Keypress: k
737.4034 	EXP 	Device response: <KeyPress from None: t=737.4013010000344, value=k, duration=None>
737.4685 	EXP 	Device response: <KeyPress from None: t=737.4013010000344, value=k, duration=0.0611606000456959>
738.3900 	DATA 	Mouse: Left button down, pos=(531,161)
738.4027 	EXP 	New trial (rep=11, index=4): <Trial 224 (4 in rep 11) data={'test_word': 'c_m_ra', 'Reference': 'Camera', 'old_new': 'new', 'thisN': 224, 'thisTrialN': 4, 'thisRepN': 11}>
738.4173 	EXP 	text_2: autoDraw = False
738.4173 	EXP 	textbox: autoDraw = False
738.4173 	EXP 	text_3: autoDraw = False
738.4173 	EXP 	text_2: height = np.float64(0.05)
738.4173 	EXP 	text_2: height = np.float64(0.05)
738.4173 	EXP 	text_2: height = np.float64(0.05)
738.4173 	EXP 	text_2: text = 'c_m_ra'
738.4173 	EXP 	text_2: autoDraw = True
738.4173 	EXP 	textbox: autoDraw = True
738.4173 	EXP 	text_3: autoDraw = True
738.6209 	DATA 	Mouse:  Left button up, pos=(531,161)
739.2518 	DATA 	Keypress: c
739.2526 	EXP 	Device response: <KeyPress from None: t=739.2413264000788, value=c, duration=None>
739.3190 	EXP 	Device response: <KeyPress from None: t=739.2413264000788, value=c, duration=0.06874899996910244>
739.4726 	DATA 	Keypress: a
739.4848 	EXP 	Device response: <KeyPress from None: t=739.47229960002, value=a, duration=None>
739.6197 	EXP 	Device response: <KeyPress from None: t=739.47229960002, value=a, duration=0.13769280002452433>
739.6848 	DATA 	Keypress: m
739.6854 	EXP 	Device response: <KeyPress from None: t=739.6747279000701, value=m, duration=None>
739.7358 	EXP 	Device response: <KeyPress from None: t=739.6747279000701, value=m, duration=0.0529750999994576>
739.7853 	DATA 	Keypress: e
739.7869 	EXP 	Device response: <KeyPress from None: t=739.775153900031, value=e, duration=None>
739.9017 	EXP 	Device response: <KeyPress from None: t=739.775153900031, value=e, duration=0.11917449999600649>
740.0015 	DATA 	Keypress: r
740.0020 	EXP 	Device response: <KeyPress from None: t=739.9952546000713, value=r, duration=None>
740.0853 	EXP 	Device response: <KeyPress from None: t=739.9952546000713, value=r, duration=0.0880708999466151>
740.2185 	DATA 	Keypress: a
740.2200 	EXP 	Device response: <KeyPress from None: t=740.2100386000238, value=a, duration=None>
740.3698 	EXP 	Device response: <KeyPress from None: t=740.2100386000238, value=a, duration=0.15757569996640086>
741.5362 	DATA 	Mouse: Left button down, pos=(531,161)
741.5378 	EXP 	New trial (rep=11, index=5): <Trial 225 (5 in rep 11) data={'test_word': 'bo_t_e', 'Reference': 'Bottle', 'old_new': 'new', 'thisN': 225, 'thisTrialN': 5, 'thisRepN': 11}>
741.5513 	EXP 	text_2: autoDraw = False
741.5513 	EXP 	textbox: autoDraw = False
741.5513 	EXP 	text_3: autoDraw = False
741.5513 	EXP 	text_2: height = np.float64(0.05)
741.5513 	EXP 	text_2: height = np.float64(0.05)
741.5513 	EXP 	text_2: height = np.float64(0.05)
741.5513 	EXP 	text_2: text = 'bo_t_e'
741.5513 	EXP 	text_2: autoDraw = True
741.5513 	EXP 	textbox: autoDraw = True
741.5513 	EXP 	text_3: autoDraw = True
741.7511 	DATA 	Mouse:  Left button up, pos=(531,161)
742.3557 	DATA 	Keypress: b
742.3679 	EXP 	Device response: <KeyPress from None: t=742.3535613000859, value=b, duration=None>
742.4691 	EXP 	Device response: <KeyPress from None: t=742.3535613000859, value=b, duration=0.09891109995078295>
742.5512 	DATA 	Keypress: o
742.5518 	EXP 	Device response: <KeyPress from None: t=742.5457086000824, value=o, duration=None>
742.6185 	EXP 	Device response: <KeyPress from None: t=742.5457086000824, value=o, duration=0.06788749992847443>
742.9024 	DATA 	Keypress: t
742.9037 	EXP 	Device response: <KeyPress from None: t=742.8910358001012, value=t, duration=None>
742.9874 	EXP 	Device response: <KeyPress from None: t=742.8910358001012, value=t, duration=0.09353729989379644>
743.0680 	DATA 	Keypress: t
743.0695 	EXP 	Device response: <KeyPress from None: t=743.0650897000451, value=t, duration=None>
743.1682 	EXP 	Device response: <KeyPress from None: t=743.0650897000451, value=t, duration=0.08886270003858954>
743.2242 	DATA 	Keypress: l
743.2356 	EXP 	Device response: <KeyPress from None: t=743.2221897999989, value=l, duration=None>
743.3186 	EXP 	Device response: <KeyPress from None: t=743.2221897999989, value=l, duration=0.08888799999840558>
743.3682 	DATA 	Keypress: e
743.3691 	EXP 	Device response: <KeyPress from None: t=743.3542971001007, value=e, duration=None>
743.4862 	EXP 	Device response: <KeyPress from None: t=743.3542971001007, value=e, duration=0.12014079990331084>
744.5539 	DATA 	Mouse: Left button down, pos=(531,161)
744.5565 	EXP 	New trial (rep=11, index=6): <Trial 226 (6 in rep 11) data={'test_word': '_ho_e', 'Reference': 'Phone', 'old_new': 'old', 'thisN': 226, 'thisTrialN': 6, 'thisRepN': 11}>
744.5685 	EXP 	text_2: autoDraw = False
744.5685 	EXP 	textbox: autoDraw = False
744.5685 	EXP 	text_3: autoDraw = False
744.5685 	EXP 	text_2: height = np.float64(0.05)
744.5685 	EXP 	text_2: height = np.float64(0.05)
744.5685 	EXP 	text_2: height = np.float64(0.05)
744.5685 	EXP 	text_2: text = '_ho_e'
744.5685 	EXP 	text_2: autoDraw = True
744.5685 	EXP 	textbox: autoDraw = True
744.5685 	EXP 	text_3: autoDraw = True
744.7772 	DATA 	Mouse:  Left button up, pos=(531,161)
748.2183 	DATA 	Keypress: h
748.2195 	EXP 	Device response: <KeyPress from None: t=748.2087711000349, value=h, duration=None>
748.2874 	EXP 	Device response: <KeyPress from None: t=748.2087711000349, value=h, duration=0.07428820000495762>
748.5020 	DATA 	Keypress: o
748.5032 	EXP 	Device response: <KeyPress from None: t=748.4922737000743, value=o, duration=None>
748.5852 	EXP 	Device response: <KeyPress from None: t=748.4922737000743, value=o, duration=0.08547699998598546>
749.1394 	DATA 	Keypress: u
749.1514 	EXP 	Device response: <KeyPress from None: t=749.1375538000138, value=u, duration=None>
749.2192 	EXP 	Device response: <KeyPress from None: t=749.1375538000138, value=u, duration=0.07621640001889318>
749.3186 	DATA 	Keypress: s
749.3196 	EXP 	Device response: <KeyPress from None: t=749.3154443000676, value=s, duration=None>
749.4362 	EXP 	Device response: <KeyPress from None: t=749.3154443000676, value=s, duration=0.11685809993650764>
749.5516 	DATA 	Keypress: e
749.5521 	EXP 	Device response: <KeyPress from None: t=749.5436062000226, value=e, duration=None>
749.6528 	EXP 	Device response: <KeyPress from None: t=749.5436062000226, value=e, duration=0.09389809996355325>
750.7384 	DATA 	Mouse: Left button down, pos=(531,161)
750.7395 	EXP 	New trial (rep=11, index=7): <Trial 227 (7 in rep 11) data={'test_word': 'P_st_r', 'Reference': 'Poster', 'old_new': 'old', 'thisN': 227, 'thisTrialN': 7, 'thisRepN': 11}>
750.7519 	EXP 	text_2: autoDraw = False
750.7519 	EXP 	textbox: autoDraw = False
750.7519 	EXP 	text_3: autoDraw = False
750.7519 	EXP 	text_2: height = np.float64(0.05)
750.7519 	EXP 	text_2: height = np.float64(0.05)
750.7519 	EXP 	text_2: height = np.float64(0.05)
750.7519 	EXP 	text_2: text = 'P_st_r'
750.7519 	EXP 	text_2: autoDraw = True
750.7519 	EXP 	textbox: autoDraw = True
750.7519 	EXP 	text_3: autoDraw = True
750.9608 	DATA 	Mouse:  Left button up, pos=(531,161)
751.5687 	DATA 	Keypress: p
751.5701 	EXP 	Device response: <KeyPress from None: t=751.5683116000146, value=p, duration=None>
751.7013 	EXP 	Device response: <KeyPress from None: t=751.5683116000146, value=p, duration=0.12220430001616478>
751.7843 	DATA 	Keypress: a
751.7849 	EXP 	Device response: <KeyPress from None: t=751.7736742000561, value=a, duration=None>
751.8849 	EXP 	Device response: <KeyPress from None: t=751.7736742000561, value=a, duration=0.10935010004322976>
751.9202 	DATA 	Keypress: s
751.9343 	EXP 	Device response: <KeyPress from None: t=751.918380600051, value=s, duration=None>
752.0513 	EXP 	Device response: <KeyPress from None: t=751.918380600051, value=s, duration=0.11936370003968477>
752.2015 	DATA 	Keypress: t
752.2022 	EXP 	Device response: <KeyPress from None: t=752.2002017000923, value=t, duration=None>
752.2851 	EXP 	Device response: <KeyPress from None: t=752.2002017000923, value=t, duration=0.08265749993734062>
752.3689 	DATA 	Keypress: r
752.3697 	EXP 	Device response: <KeyPress from None: t=752.3684877000051, value=r, duration=None>
752.4688 	EXP 	Device response: <KeyPress from None: t=752.3684877000051, value=r, duration=0.09988270001485944>
752.5529 	DATA 	Keypress: y
752.5676 	EXP 	Device response: <KeyPress from None: t=752.5510872000596, value=y, duration=None>
752.6743 	EXP 	Device response: <KeyPress from None: t=752.5510872000596, value=y, duration=0.1100643000099808>
753.8033 	DATA 	Mouse: Left button down, pos=(531,161)
753.8043 	EXP 	New trial (rep=11, index=8): <Trial 228 (8 in rep 11) data={'test_word': 'P_li_e', 'Reference': 'Police', 'old_new': 'old', 'thisN': 228, 'thisTrialN': 8, 'thisRepN': 11}>
753.8183 	EXP 	text_2: autoDraw = False
753.8183 	EXP 	textbox: autoDraw = False
753.8183 	EXP 	text_3: autoDraw = False
753.8183 	EXP 	text_2: height = np.float64(0.05)
753.8183 	EXP 	text_2: height = np.float64(0.05)
753.8183 	EXP 	text_2: height = np.float64(0.05)
753.8183 	EXP 	text_2: text = 'P_li_e'
753.8183 	EXP 	text_2: autoDraw = True
753.8183 	EXP 	textbox: autoDraw = True
753.8183 	EXP 	text_3: autoDraw = True
754.0265 	DATA 	Mouse:  Left button up, pos=(531,161)
754.7879 	DATA 	Keypress: p
754.8013 	EXP 	Device response: <KeyPress from None: t=754.7875461000949, value=p, duration=None>
754.8842 	EXP 	Device response: <KeyPress from None: t=754.7875461000949, value=p, duration=0.0814694999717176>
755.0016 	DATA 	Keypress: o
755.0021 	EXP 	Device response: <KeyPress from None: t=754.9989496000344, value=o, duration=None>
755.0846 	EXP 	Device response: <KeyPress from None: t=754.9989496000344, value=o, duration=0.07162499998230487>
755.2033 	DATA 	Keypress: l
755.2048 	EXP 	Device response: <KeyPress from None: t=755.1905945000472, value=l, duration=None>
755.2703 	EXP 	Device response: <KeyPress from None: t=755.1905945000472, value=l, duration=0.07888040004763752>
755.4022 	DATA 	Keypress: i
755.4035 	EXP 	Device response: <KeyPress from None: t=755.3999769000802, value=i, duration=None>
755.4858 	EXP 	Device response: <KeyPress from None: t=755.3999769000802, value=i, duration=0.08376369997859001>
755.5518 	DATA 	Keypress: c
755.5524 	EXP 	Device response: <KeyPress from None: t=755.5465989999939, value=c, duration=None>
755.6519 	EXP 	Device response: <KeyPress from None: t=755.5465989999939, value=c, duration=0.10171580000314862>
755.7854 	DATA 	Keypress: e
755.7859 	EXP 	Device response: <KeyPress from None: t=755.7767320000567, value=e, duration=None>
755.8845 	EXP 	Device response: <KeyPress from None: t=755.7767320000567, value=e, duration=0.10159229999408126>
756.6713 	DATA 	Mouse: Left button down, pos=(531,161)
756.6724 	EXP 	New trial (rep=11, index=9): <Trial 229 (9 in rep 11) data={'test_word': 'ta_l_', 'Reference': 'Table', 'old_new': 'new', 'thisN': 229, 'thisTrialN': 9, 'thisRepN': 11}>
756.7001 	EXP 	text_2: autoDraw = False
756.7001 	EXP 	textbox: autoDraw = False
756.7001 	EXP 	text_3: autoDraw = False
756.7001 	EXP 	text_2: height = np.float64(0.05)
756.7001 	EXP 	text_2: height = np.float64(0.05)
756.7001 	EXP 	text_2: height = np.float64(0.05)
756.7001 	EXP 	text_2: text = 'ta_l_'
756.7001 	EXP 	text_2: autoDraw = True
756.7001 	EXP 	textbox: autoDraw = True
756.7001 	EXP 	text_3: autoDraw = True
756.9103 	DATA 	Mouse:  Left button up, pos=(531,161)
757.7578 	DATA 	Keypress: t
757.7681 	EXP 	Device response: <KeyPress from None: t=757.7525146000553, value=t, duration=None>
757.8684 	EXP 	Device response: <KeyPress from None: t=757.7525146000553, value=t, duration=0.10024329996667802>
758.0349 	DATA 	Keypress: a
758.0362 	EXP 	Device response: <KeyPress from None: t=758.0339655000716, value=a, duration=None>
758.2020 	EXP 	Device response: <KeyPress from None: t=758.0339655000716, value=a, duration=0.1659114999929443>
758.2679 	DATA 	Keypress: b
758.2685 	EXP 	Device response: <KeyPress from None: t=758.2567067000782, value=b, duration=None>
758.3354 	EXP 	Device response: <KeyPress from None: t=758.2567067000782, value=b, duration=0.06593019992578775>
758.6368 	DATA 	Keypress: l
758.6514 	EXP 	Device response: <KeyPress from None: t=758.6365401000949, value=l, duration=None>
758.7192 	EXP 	Device response: <KeyPress from None: t=758.6365401000949, value=l, duration=0.07217780000064522>
758.8183 	DATA 	Keypress: e
758.8189 	EXP 	Device response: <KeyPress from None: t=758.8144572000019, value=e, duration=None>
758.9186 	EXP 	Device response: <KeyPress from None: t=758.8144572000019, value=e, duration=0.10053300007712096>
759.7542 	DATA 	Mouse: Left button down, pos=(531,161)
759.7552 	EXP 	New trial (rep=11, index=10): <Trial 230 (10 in rep 11) data={'test_word': 'v_s_', 'Reference': 'Vase', 'old_new': 'new', 'thisN': 230, 'thisTrialN': 10, 'thisRepN': 11}>
759.7691 	EXP 	text_2: autoDraw = False
759.7691 	EXP 	textbox: autoDraw = False
759.7691 	EXP 	text_3: autoDraw = False
759.7691 	EXP 	text_2: height = np.float64(0.05)
759.7691 	EXP 	text_2: height = np.float64(0.05)
759.7691 	EXP 	text_2: height = np.float64(0.05)
759.7691 	EXP 	text_2: text = 'v_s_'
759.7691 	EXP 	text_2: autoDraw = True
759.7691 	EXP 	textbox: autoDraw = True
759.7691 	EXP 	text_3: autoDraw = True
759.9762 	DATA 	Mouse:  Left button up, pos=(531,161)
760.9345 	DATA 	Keypress: v
760.9351 	EXP 	Device response: <KeyPress from None: t=760.9272257999983, value=v, duration=None>
761.0348 	EXP 	Device response: <KeyPress from None: t=760.9272257999983, value=v, duration=0.09221100003924221>
761.2011 	DATA 	Keypress: a
761.2017 	EXP 	Device response: <KeyPress from None: t=761.1973451999947, value=a, duration=None>
761.3510 	EXP 	Device response: <KeyPress from None: t=761.1973451999947, value=a, duration=0.14990540000144392>
761.4840 	DATA 	Keypress: s
761.4845 	EXP 	Device response: <KeyPress from None: t=761.4801133000292, value=s, duration=None>
761.5841 	EXP 	Device response: <KeyPress from None: t=761.4801133000292, value=s, duration=0.09407009999267757>
761.7009 	DATA 	Keypress: e
761.7018 	EXP 	Device response: <KeyPress from None: t=761.6927678000648, value=e, duration=None>
761.8013 	EXP 	Device response: <KeyPress from None: t=761.6927678000648, value=e, duration=0.09796569996979088>
762.7947 	DATA 	Mouse: Left button down, pos=(531,161)
762.7959 	EXP 	New trial (rep=11, index=11): <Trial 231 (11 in rep 11) data={'test_word': 'c_s_io_', 'Reference': 'Cushion', 'old_new': 'new', 'thisN': 231, 'thisTrialN': 11, 'thisRepN': 11}>
762.8168 	EXP 	text_2: autoDraw = False
762.8168 	EXP 	textbox: autoDraw = False
762.8168 	EXP 	text_3: autoDraw = False
762.8168 	EXP 	text_2: height = np.float64(0.05)
762.8168 	EXP 	text_2: height = np.float64(0.05)
762.8168 	EXP 	text_2: height = np.float64(0.05)
762.8168 	EXP 	text_2: text = 'c_s_io_'
762.8168 	EXP 	text_2: autoDraw = True
762.8168 	EXP 	textbox: autoDraw = True
762.8168 	EXP 	text_3: autoDraw = True
763.0241 	DATA 	Mouse:  Left button up, pos=(531,161)
763.7456 	DATA 	Keypress: c
763.7516 	EXP 	Device response: <KeyPress from None: t=763.737516000052, value=c, duration=None>
763.8346 	EXP 	Device response: <KeyPress from None: t=763.737516000052, value=c, duration=0.08781599998474121>
763.9181 	DATA 	Keypress: u
763.9186 	EXP 	Device response: <KeyPress from None: t=763.9064589000773, value=u, duration=None>
764.0011 	EXP 	Device response: <KeyPress from None: t=763.9064589000773, value=u, duration=0.082745699910447>
764.0911 	DATA 	Keypress: s
764.0917 	EXP 	Device response: <KeyPress from None: t=764.0722774000606, value=s, duration=None>
764.2032 	EXP 	Device response: <KeyPress from None: t=764.0722774000606, value=s, duration=0.12360950000584126>
764.2345 	DATA 	Keypress: h
764.2351 	EXP 	Device response: <KeyPress from None: t=764.2254754999885, value=h, duration=None>
764.3014 	EXP 	Device response: <KeyPress from None: t=764.2254754999885, value=h, duration=0.06672470003832132>
764.4843 	DATA 	Keypress: i
764.4849 	EXP 	Device response: <KeyPress from None: t=764.4738875000039, value=i, duration=None>
764.5674 	EXP 	Device response: <KeyPress from None: t=764.4738875000039, value=i, duration=0.08005520002916455>
764.6846 	DATA 	Keypress: o
764.6857 	EXP 	Device response: <KeyPress from None: t=764.6788434000919, value=o, duration=None>
764.7679 	EXP 	Device response: <KeyPress from None: t=764.6788434000919, value=o, duration=0.07975399994757026>
764.9346 	DATA 	Keypress: n
764.9356 	EXP 	Device response: <KeyPress from None: t=764.9257508000592, value=n, duration=None>
765.0184 	EXP 	Device response: <KeyPress from None: t=764.9257508000592, value=n, duration=0.0798182999715209>
765.8693 	DATA 	Mouse: Left button down, pos=(531,161)
765.8704 	EXP 	New trial (rep=11, index=12): <Trial 232 (12 in rep 11) data={'test_word': '_ou_se', 'Reference': 'mouse', 'old_new': 'old', 'thisN': 232, 'thisTrialN': 12, 'thisRepN': 11}>
765.8845 	EXP 	text_2: autoDraw = False
765.8845 	EXP 	textbox: autoDraw = False
765.8845 	EXP 	text_3: autoDraw = False
765.8845 	EXP 	text_2: height = np.float64(0.05)
765.8845 	EXP 	text_2: height = np.float64(0.05)
765.8845 	EXP 	text_2: height = np.float64(0.05)
765.8845 	EXP 	text_2: text = '_ou_se'
765.8845 	EXP 	text_2: autoDraw = True
765.8845 	EXP 	textbox: autoDraw = True
765.8845 	EXP 	text_3: autoDraw = True
766.0967 	DATA 	Mouse:  Left button up, pos=(531,161)
766.6511 	DATA 	Keypress: m
766.6516 	EXP 	Device response: <KeyPress from None: t=766.6484585000435, value=m, duration=None>
766.7192 	EXP 	Device response: <KeyPress from None: t=766.6484585000435, value=m, duration=0.057986199972219765>
766.8683 	DATA 	Keypress: o
766.8691 	EXP 	Device response: <KeyPress from None: t=766.8561930001015, value=o, duration=None>
766.9526 	EXP 	Device response: <KeyPress from None: t=766.8561930001015, value=o, duration=0.08622419997118413>
767.1032 	DATA 	Keypress: u
767.1039 	EXP 	Device response: <KeyPress from None: t=767.0954885000829, value=u, duration=None>
767.1861 	EXP 	Device response: <KeyPress from None: t=767.0954885000829, value=u, duration=0.08250019990373403>
767.2356 	DATA 	Keypress: s
767.2363 	EXP 	Device response: <KeyPress from None: t=767.2307466000784, value=s, duration=None>
767.3683 	EXP 	Device response: <KeyPress from None: t=767.2307466000784, value=s, duration=0.12377469998318702>
767.4677 	DATA 	Keypress: e
767.4688 	EXP 	Device response: <KeyPress from None: t=767.4596343000885, value=e, duration=None>
767.5681 	EXP 	Device response: <KeyPress from None: t=767.4596343000885, value=e, duration=0.09998079994693398>
768.4359 	DATA 	Mouse: Left button down, pos=(531,161)
768.4370 	EXP 	New trial (rep=11, index=13): <Trial 233 (13 in rep 11) data={'test_word': '_o_rd', 'Reference': 'Board', 'old_new': 'old', 'thisN': 233, 'thisTrialN': 13, 'thisRepN': 11}>
768.4507 	EXP 	text_2: autoDraw = False
768.4507 	EXP 	textbox: autoDraw = False
768.4507 	EXP 	text_3: autoDraw = False
768.4507 	EXP 	text_2: height = np.float64(0.05)
768.4507 	EXP 	text_2: height = np.float64(0.05)
768.4507 	EXP 	text_2: height = np.float64(0.05)
768.4507 	EXP 	text_2: text = '_o_rd'
768.4507 	EXP 	text_2: autoDraw = True
768.4507 	EXP 	textbox: autoDraw = True
768.4507 	EXP 	text_3: autoDraw = True
768.6609 	DATA 	Mouse:  Left button up, pos=(531,161)
770.2183 	DATA 	Keypress: b
770.2202 	EXP 	Device response: <KeyPress from None: t=770.2177008000435, value=b, duration=None>
770.3011 	EXP 	Device response: <KeyPress from None: t=770.2177008000435, value=b, duration=0.07667550002224743>
770.4850 	DATA 	Keypress: o
770.4878 	EXP 	Device response: <KeyPress from None: t=770.4824571000645, value=o, duration=None>
770.5851 	EXP 	Device response: <KeyPress from None: t=770.4824571000645, value=o, duration=0.09727040003053844>
770.6343 	DATA 	Keypress: a
770.6349 	EXP 	Device response: <KeyPress from None: t=770.6240767000709, value=a, duration=None>
770.7351 	EXP 	Device response: <KeyPress from None: t=770.6240767000709, value=a, duration=0.11071749997790903>
770.8517 	DATA 	Keypress: r
770.8538 	EXP 	Device response: <KeyPress from None: t=770.8509969000006, value=r, duration=None>
770.9512 	EXP 	Device response: <KeyPress from None: t=770.8509969000006, value=r, duration=0.09134600008837879>
771.0680 	DATA 	Keypress: d
771.0686 	EXP 	Device response: <KeyPress from None: t=771.066346900072, value=d, duration=None>
771.1679 	EXP 	Device response: <KeyPress from None: t=771.066346900072, value=d, duration=0.09264019993133843>
772.2392 	DATA 	Mouse: Left button down, pos=(531,161)
772.2421 	EXP 	New trial (rep=11, index=14): <Trial 234 (14 in rep 11) data={'test_word': 'l_pt_p', 'Reference': 'Laptop', 'old_new': 'old', 'thisN': 234, 'thisTrialN': 14, 'thisRepN': 11}>
772.2672 	EXP 	text_2: autoDraw = False
772.2672 	EXP 	textbox: autoDraw = False
772.2672 	EXP 	text_3: autoDraw = False
772.2672 	EXP 	text_2: height = np.float64(0.05)
772.2672 	EXP 	text_2: height = np.float64(0.05)
772.2672 	EXP 	text_2: height = np.float64(0.05)
772.2672 	EXP 	text_2: text = 'l_pt_p'
772.2672 	EXP 	text_2: autoDraw = True
772.2672 	EXP 	textbox: autoDraw = True
772.2672 	EXP 	text_3: autoDraw = True
772.4705 	DATA 	Mouse:  Left button up, pos=(531,161)
773.1343 	DATA 	Keypress: l
773.1348 	EXP 	Device response: <KeyPress from None: t=773.1265611000126, value=l, duration=None>
773.1850 	EXP 	Device response: <KeyPress from None: t=773.1265611000126, value=l, duration=0.0560533000389114>
773.2847 	DATA 	Keypress: a
773.2852 	EXP 	Device response: <KeyPress from None: t=773.2756927000592, value=a, duration=None>
773.4183 	EXP 	Device response: <KeyPress from None: t=773.2756927000592, value=a, duration=0.1365858999779448>
773.4348 	DATA 	Keypress: p
773.4354 	EXP 	Device response: <KeyPress from None: t=773.4276787000708, value=p, duration=None>
773.5019 	EXP 	Device response: <KeyPress from None: t=773.4276787000708, value=p, duration=0.06347239995375276>
773.8045 	DATA 	Keypress: t
773.8181 	EXP 	Device response: <KeyPress from None: t=773.8013308000518, value=t, duration=None>
773.9009 	EXP 	Device response: <KeyPress from None: t=773.8013308000518, value=t, duration=0.08453220000956208>
773.9533 	DATA 	Keypress: o
773.9677 	EXP 	Device response: <KeyPress from None: t=773.9518017000519, value=o, duration=None>
774.0179 	EXP 	Device response: <KeyPress from None: t=773.9518017000519, value=o, duration=0.06285949994344264>
774.1348 	DATA 	Keypress: p
774.1353 	EXP 	Device response: <KeyPress from None: t=774.1344340000069, value=p, duration=None>
774.2178 	EXP 	Device response: <KeyPress from None: t=774.1344340000069, value=p, duration=0.08289910003077239>
775.3865 	DATA 	Mouse: Left button down, pos=(531,161)
775.3886 	EXP 	New trial (rep=11, index=15): <Trial 235 (15 in rep 11) data={'test_word': 'T_hi_t', 'Reference': 'Tshirt', 'old_new': 'old', 'thisN': 235, 'thisTrialN': 15, 'thisRepN': 11}>
775.4167 	EXP 	text_2: autoDraw = False
775.4167 	EXP 	textbox: autoDraw = False
775.4167 	EXP 	text_3: autoDraw = False
775.4167 	EXP 	text_2: height = np.float64(0.05)
775.4167 	EXP 	text_2: height = np.float64(0.05)
775.4167 	EXP 	text_2: height = np.float64(0.05)
775.4167 	EXP 	text_2: text = 'T_hi_t'
775.4167 	EXP 	text_2: autoDraw = True
775.4167 	EXP 	textbox: autoDraw = True
775.4167 	EXP 	text_3: autoDraw = True
775.6221 	DATA 	Mouse:  Left button up, pos=(531,161)
776.4682 	DATA 	Keypress: t
776.4688 	EXP 	Device response: <KeyPress from None: t=776.4633357001003, value=t, duration=None>
776.5513 	EXP 	Device response: <KeyPress from None: t=776.4633357001003, value=t, duration=0.08027739997487515>
776.7854 	DATA 	Keypress: s
776.7859 	EXP 	Device response: <KeyPress from None: t=776.7785437999992, value=s, duration=None>
776.8690 	EXP 	Device response: <KeyPress from None: t=776.7785437999992, value=s, duration=0.07849950005766004>
777.2681 	DATA 	Keypress: h
777.2687 	EXP 	Device response: <KeyPress from None: t=777.2650939000305, value=h, duration=None>
777.3344 	EXP 	Device response: <KeyPress from None: t=777.2650939000305, value=h, duration=0.06152220000512898>
777.4679 	DATA 	Keypress: i
777.4694 	EXP 	Device response: <KeyPress from None: t=777.45517630002, value=i, duration=None>
777.5516 	EXP 	Device response: <KeyPress from None: t=777.45517630002, value=i, duration=0.08295309997629374>
777.7677 	DATA 	Keypress: r
777.7682 	EXP 	Device response: <KeyPress from None: t=777.7657944000093, value=r, duration=None>
777.8354 	EXP 	Device response: <KeyPress from None: t=777.7657944000093, value=r, duration=0.0678555000340566>
777.9356 	DATA 	Keypress: t
777.9372 	EXP 	Device response: <KeyPress from None: t=777.9321129000746, value=t, duration=None>
778.0175 	EXP 	Device response: <KeyPress from None: t=777.9321129000746, value=t, duration=0.08278539997991174>
778.8053 	DATA 	Mouse: Left button down, pos=(531,161)
778.8201 	EXP 	New trial (rep=11, index=16): <Trial 236 (16 in rep 11) data={'test_word': '_ru_is_', 'Reference': 'Cruise', 'old_new': 'old', 'thisN': 236, 'thisTrialN': 16, 'thisRepN': 11}>
778.8349 	EXP 	text_2: autoDraw = False
778.8349 	EXP 	textbox: autoDraw = False
778.8349 	EXP 	text_3: autoDraw = False
778.8349 	EXP 	text_2: height = np.float64(0.05)
778.8349 	EXP 	text_2: height = np.float64(0.05)
778.8349 	EXP 	text_2: height = np.float64(0.05)
778.8349 	EXP 	text_2: text = '_ru_is_'
778.8349 	EXP 	text_2: autoDraw = True
778.8349 	EXP 	textbox: autoDraw = True
778.8349 	EXP 	text_3: autoDraw = True
779.0881 	DATA 	Mouse:  Left button up, pos=(531,161)
779.1539 	DATA 	Mouse: Left button down, pos=(531,161)
779.1550 	EXP 	New trial (rep=11, index=17): <Trial 237 (17 in rep 11) data={'test_word': 'c_s_', 'Reference': 'Case', 'old_new': 'old', 'thisN': 237, 'thisTrialN': 17, 'thisRepN': 11}>
779.1675 	EXP 	text_2: autoDraw = False
779.1675 	EXP 	textbox: autoDraw = False
779.1675 	EXP 	text_3: autoDraw = False
779.1675 	EXP 	text_2: height = np.float64(0.05)
779.1675 	EXP 	text_2: height = np.float64(0.05)
779.1675 	EXP 	text_2: height = np.float64(0.05)
779.1675 	EXP 	text_2: text = 'c_s_'
779.1675 	EXP 	text_2: autoDraw = True
779.1675 	EXP 	textbox: autoDraw = True
779.1675 	EXP 	text_3: autoDraw = True
779.3188 	DATA 	Mouse:  Left button up, pos=(531,161)
780.0020 	DATA 	Keypress: c
780.0025 	EXP 	Device response: <KeyPress from None: t=779.9989795000292, value=c, duration=None>
780.0849 	EXP 	Device response: <KeyPress from None: t=779.9989795000292, value=c, duration=0.08239039999898523>
780.3010 	DATA 	Keypress: a
780.3017 	EXP 	Device response: <KeyPress from None: t=780.2943686000071, value=a, duration=None>
780.3516 	EXP 	Device response: <KeyPress from None: t=780.2943686000071, value=a, duration=0.056860500015318394>
780.4848 	DATA 	Keypress: s
780.4861 	EXP 	Device response: <KeyPress from None: t=780.4829117000336, value=s, duration=None>
780.5524 	EXP 	Device response: <KeyPress from None: t=780.4829117000336, value=s, duration=0.06868839997332543>
780.6848 	DATA 	Keypress: e
780.6863 	EXP 	Device response: <KeyPress from None: t=780.6741475000745, value=e, duration=None>
780.7517 	EXP 	Device response: <KeyPress from None: t=780.6741475000745, value=e, duration=0.071553900022991>
781.6362 	DATA 	Mouse: Left button down, pos=(531,161)
781.6387 	EXP 	New trial (rep=11, index=18): <Trial 238 (18 in rep 11) data={'test_word': '_a_bl_', 'Reference': 'Marble', 'old_new': 'old', 'thisN': 238, 'thisTrialN': 18, 'thisRepN': 11}>
781.6664 	EXP 	text_2: autoDraw = False
781.6664 	EXP 	textbox: autoDraw = False
781.6664 	EXP 	text_3: autoDraw = False
781.6664 	EXP 	text_2: height = np.float64(0.05)
781.6664 	EXP 	text_2: height = np.float64(0.05)
781.6664 	EXP 	text_2: height = np.float64(0.05)
781.6664 	EXP 	text_2: text = '_a_bl_'
781.6664 	EXP 	text_2: autoDraw = True
781.6664 	EXP 	textbox: autoDraw = True
781.6664 	EXP 	text_3: autoDraw = True
781.8051 	DATA 	Mouse:  Left button up, pos=(531,161)
781.8568 	DATA 	Mouse: Left button down, pos=(531,161)
781.8701 	EXP 	New trial (rep=11, index=19): <Trial 239 (19 in rep 11) data={'test_word': 'P_as_tr_', 'Reference': 'Pastry', 'old_new': 'old', 'thisN': 239, 'thisTrialN': 19, 'thisRepN': 11}>
781.8845 	EXP 	text_2: autoDraw = False
781.8845 	EXP 	textbox: autoDraw = False
781.8845 	EXP 	text_3: autoDraw = False
781.8845 	EXP 	text_2: height = np.float64(0.05)
781.8845 	EXP 	text_2: height = np.float64(0.05)
781.8845 	EXP 	text_2: height = np.float64(0.05)
781.8845 	EXP 	text_2: text = 'P_as_tr_'
781.8845 	EXP 	text_2: autoDraw = True
781.8845 	EXP 	textbox: autoDraw = True
781.8845 	EXP 	text_3: autoDraw = True
781.9720 	DATA 	Mouse:  Left button up, pos=(531,161)
782.0376 	DATA 	Mouse: Left button down, pos=(531,161)
782.0389 	EXP 	New trial (rep=12, index=0): <Trial 240 (0 in rep 12) data={'test_word': 'P_li_e', 'Reference': 'Police', 'old_new': 'old', 'thisN': 240, 'thisTrialN': 0, 'thisRepN': 12}>
782.0514 	EXP 	text_2: autoDraw = False
782.0514 	EXP 	textbox: autoDraw = False
782.0514 	EXP 	text_3: autoDraw = False
782.0514 	EXP 	text_2: height = np.float64(0.05)
782.0514 	EXP 	text_2: height = np.float64(0.05)
782.0514 	EXP 	text_2: height = np.float64(0.05)
782.0514 	EXP 	text_2: text = 'P_li_e'
782.0514 	EXP 	text_2: autoDraw = True
782.0514 	EXP 	textbox: autoDraw = True
782.0514 	EXP 	text_3: autoDraw = True
782.1390 	DATA 	Mouse:  Left button up, pos=(531,161)
782.2033 	DATA 	Mouse: Left button down, pos=(531,161)
782.2062 	EXP 	New trial (rep=12, index=1): <Trial 241 (1 in rep 12) data={'test_word': 'v_s_', 'Reference': 'Vase', 'old_new': 'new', 'thisN': 241, 'thisTrialN': 1, 'thisRepN': 12}>
782.2332 	EXP 	text_2: autoDraw = False
782.2332 	EXP 	textbox: autoDraw = False
782.2332 	EXP 	text_3: autoDraw = False
782.2332 	EXP 	text_2: height = np.float64(0.05)
782.2332 	EXP 	text_2: height = np.float64(0.05)
782.2332 	EXP 	text_2: height = np.float64(0.05)
782.2332 	EXP 	text_2: text = 'v_s_'
782.2332 	EXP 	text_2: autoDraw = True
782.2332 	EXP 	textbox: autoDraw = True
782.2332 	EXP 	text_3: autoDraw = True
782.3061 	DATA 	Mouse:  Left button up, pos=(531,161)
782.3691 	DATA 	Mouse: Left button down, pos=(531,161)
782.3702 	EXP 	New trial (rep=12, index=2): <Trial 242 (2 in rep 12) data={'test_word': 'T_hi_t', 'Reference': 'Tshirt', 'old_new': 'old', 'thisN': 242, 'thisTrialN': 2, 'thisRepN': 12}>
782.3839 	EXP 	text_2: autoDraw = False
782.3839 	EXP 	textbox: autoDraw = False
782.3839 	EXP 	text_3: autoDraw = False
782.3839 	EXP 	text_2: height = np.float64(0.05)
782.3839 	EXP 	text_2: height = np.float64(0.05)
782.3839 	EXP 	text_2: height = np.float64(0.05)
782.3839 	EXP 	text_2: text = 'T_hi_t'
782.3839 	EXP 	text_2: autoDraw = True
782.3839 	EXP 	textbox: autoDraw = True
782.3839 	EXP 	text_3: autoDraw = True
782.4904 	DATA 	Mouse:  Left button up, pos=(531,161)
782.5552 	DATA 	Mouse: Left button down, pos=(531,161)
782.5696 	EXP 	New trial (rep=12, index=3): <Trial 243 (3 in rep 12) data={'test_word': '_ru_is_', 'Reference': 'Cruise', 'old_new': 'old', 'thisN': 243, 'thisTrialN': 3, 'thisRepN': 12}>
782.5841 	EXP 	text_2: autoDraw = False
782.5841 	EXP 	textbox: autoDraw = False
782.5841 	EXP 	text_3: autoDraw = False
782.5841 	EXP 	text_2: height = np.float64(0.05)
782.5841 	EXP 	text_2: height = np.float64(0.05)
782.5841 	EXP 	text_2: height = np.float64(0.05)
782.5841 	EXP 	text_2: text = '_ru_is_'
782.5841 	EXP 	text_2: autoDraw = True
782.5841 	EXP 	textbox: autoDraw = True
782.5841 	EXP 	text_3: autoDraw = True
782.6553 	DATA 	Mouse:  Left button up, pos=(531,161)
782.7359 	DATA 	Mouse: Left button down, pos=(531,161)
782.7384 	EXP 	New trial (rep=12, index=4): <Trial 244 (4 in rep 12) data={'test_word': '_a_bl_', 'Reference': 'Marble', 'old_new': 'old', 'thisN': 244, 'thisTrialN': 4, 'thisRepN': 12}>
782.7511 	EXP 	text_2: autoDraw = False
782.7511 	EXP 	textbox: autoDraw = False
782.7511 	EXP 	text_3: autoDraw = False
782.7511 	EXP 	text_2: height = np.float64(0.05)
782.7511 	EXP 	text_2: height = np.float64(0.05)
782.7511 	EXP 	text_2: height = np.float64(0.05)
782.7511 	EXP 	text_2: text = '_a_bl_'
782.7511 	EXP 	text_2: autoDraw = True
782.7511 	EXP 	textbox: autoDraw = True
782.7511 	EXP 	text_3: autoDraw = True
782.8382 	DATA 	Mouse:  Left button up, pos=(531,161)
782.9042 	DATA 	Mouse: Left button down, pos=(531,161)
782.9053 	EXP 	New trial (rep=12, index=5): <Trial 245 (5 in rep 12) data={'test_word': 'p_nc_l', 'Reference': 'Pencil', 'old_new': 'new', 'thisN': 245, 'thisTrialN': 5, 'thisRepN': 12}>
782.9180 	EXP 	text_2: autoDraw = False
782.9180 	EXP 	textbox: autoDraw = False
782.9180 	EXP 	text_3: autoDraw = False
782.9180 	EXP 	text_2: height = np.float64(0.05)
782.9180 	EXP 	text_2: height = np.float64(0.05)
782.9180 	EXP 	text_2: height = np.float64(0.05)
782.9180 	EXP 	text_2: text = 'p_nc_l'
782.9180 	EXP 	text_2: autoDraw = True
782.9180 	EXP 	textbox: autoDraw = True
782.9180 	EXP 	text_3: autoDraw = True
783.0089 	DATA 	Mouse:  Left button up, pos=(531,161)
783.0692 	DATA 	Mouse: Left button down, pos=(531,161)
783.0703 	EXP 	New trial (rep=12, index=6): <Trial 246 (6 in rep 12) data={'test_word': 'P_st_r', 'Reference': 'Poster', 'old_new': 'old', 'thisN': 246, 'thisTrialN': 6, 'thisRepN': 12}>
783.0846 	EXP 	text_2: autoDraw = False
783.0846 	EXP 	textbox: autoDraw = False
783.0846 	EXP 	text_3: autoDraw = False
783.0846 	EXP 	text_2: height = np.float64(0.05)
783.0846 	EXP 	text_2: height = np.float64(0.05)
783.0846 	EXP 	text_2: height = np.float64(0.05)
783.0846 	EXP 	text_2: text = 'P_st_r'
783.0846 	EXP 	text_2: autoDraw = True
783.0846 	EXP 	textbox: autoDraw = True
783.0846 	EXP 	text_3: autoDraw = True
783.1941 	DATA 	Mouse:  Left button up, pos=(531,161)
783.2520 	DATA 	Mouse: Left button down, pos=(531,161)
783.2531 	EXP 	New trial (rep=12, index=7): <Trial 247 (7 in rep 12) data={'test_word': 'K_y_', 'Reference': 'Keys', 'old_new': 'old', 'thisN': 247, 'thisTrialN': 7, 'thisRepN': 12}>
783.2676 	EXP 	text_2: autoDraw = False
783.2676 	EXP 	textbox: autoDraw = False
783.2676 	EXP 	text_3: autoDraw = False
783.2676 	EXP 	text_2: height = np.float64(0.05)
783.2676 	EXP 	text_2: height = np.float64(0.05)
783.2676 	EXP 	text_2: height = np.float64(0.05)
783.2676 	EXP 	text_2: text = 'K_y_'
783.2676 	EXP 	text_2: autoDraw = True
783.2676 	EXP 	textbox: autoDraw = True
783.2676 	EXP 	text_3: autoDraw = True
783.3755 	DATA 	Mouse:  Left button up, pos=(531,161)
783.4356 	DATA 	Mouse: Left button down, pos=(531,161)
783.4383 	EXP 	New trial (rep=12, index=8): <Trial 248 (8 in rep 12) data={'test_word': 'bo_t_e', 'Reference': 'Bottle', 'old_new': 'new', 'thisN': 248, 'thisTrialN': 8, 'thisRepN': 12}>
783.4513 	EXP 	text_2: autoDraw = False
783.4513 	EXP 	textbox: autoDraw = False
783.4513 	EXP 	text_3: autoDraw = False
783.4513 	EXP 	text_2: height = np.float64(0.05)
783.4513 	EXP 	text_2: height = np.float64(0.05)
783.4513 	EXP 	text_2: height = np.float64(0.05)
783.4513 	EXP 	text_2: text = 'bo_t_e'
783.4513 	EXP 	text_2: autoDraw = True
783.4513 	EXP 	textbox: autoDraw = True
783.4513 	EXP 	text_3: autoDraw = True
783.5552 	DATA 	Mouse:  Left button up, pos=(531,161)
783.6021 	DATA 	Mouse: Left button down, pos=(531,161)
783.6043 	EXP 	New trial (rep=12, index=9): <Trial 249 (9 in rep 12) data={'test_word': '_ha_t', 'Reference': 'Chart', 'old_new': 'old', 'thisN': 249, 'thisTrialN': 9, 'thisRepN': 12}>
783.6338 	EXP 	text_2: autoDraw = False
783.6338 	EXP 	textbox: autoDraw = False
783.6338 	EXP 	text_3: autoDraw = False
783.6338 	EXP 	text_2: height = np.float64(0.05)
783.6338 	EXP 	text_2: height = np.float64(0.05)
783.6338 	EXP 	text_2: height = np.float64(0.05)
783.6338 	EXP 	text_2: text = '_ha_t'
783.6338 	EXP 	text_2: autoDraw = True
783.6338 	EXP 	textbox: autoDraw = True
783.6338 	EXP 	text_3: autoDraw = True
783.7277 	DATA 	Mouse:  Left button up, pos=(531,161)
783.7860 	DATA 	Mouse: Left button down, pos=(531,161)
783.7871 	EXP 	New trial (rep=12, index=10): <Trial 250 (10 in rep 12) data={'test_word': '_o_rd', 'Reference': 'Board', 'old_new': 'old', 'thisN': 250, 'thisTrialN': 10, 'thisRepN': 12}>
783.8007 	EXP 	text_2: autoDraw = False
783.8007 	EXP 	textbox: autoDraw = False
783.8007 	EXP 	text_3: autoDraw = False
783.8007 	EXP 	text_2: height = np.float64(0.05)
783.8007 	EXP 	text_2: height = np.float64(0.05)
783.8007 	EXP 	text_2: height = np.float64(0.05)
783.8007 	EXP 	text_2: text = '_o_rd'
783.8007 	EXP 	text_2: autoDraw = True
783.8007 	EXP 	textbox: autoDraw = True
783.8007 	EXP 	text_3: autoDraw = True
783.9052 	DATA 	Mouse:  Left button up, pos=(531,161)
783.9580 	DATA 	Mouse: Left button down, pos=(531,161)
783.9714 	EXP 	New trial (rep=12, index=11): <Trial 251 (11 in rep 12) data={'test_word': '_oo_', 'Reference': 'Book', 'old_new': 'old', 'thisN': 251, 'thisTrialN': 11, 'thisRepN': 12}>
783.9852 	EXP 	text_2: autoDraw = False
783.9852 	EXP 	textbox: autoDraw = False
783.9852 	EXP 	text_3: autoDraw = False
783.9852 	EXP 	text_2: height = np.float64(0.05)
783.9852 	EXP 	text_2: height = np.float64(0.05)
783.9852 	EXP 	text_2: height = np.float64(0.05)
783.9852 	EXP 	text_2: text = '_oo_'
783.9852 	EXP 	text_2: autoDraw = True
783.9852 	EXP 	textbox: autoDraw = True
783.9852 	EXP 	text_3: autoDraw = True
784.0900 	DATA 	Mouse:  Left button up, pos=(531,161)
784.1549 	DATA 	Mouse: Left button down, pos=(531,161)
784.1563 	EXP 	New trial (rep=12, index=12): <Trial 252 (12 in rep 12) data={'test_word': '_ou_se', 'Reference': 'mouse', 'old_new': 'old', 'thisN': 252, 'thisTrialN': 12, 'thisRepN': 12}>
784.1691 	EXP 	text_2: autoDraw = False
784.1691 	EXP 	textbox: autoDraw = False
784.1691 	EXP 	text_3: autoDraw = False
784.1691 	EXP 	text_2: height = np.float64(0.05)
784.1691 	EXP 	text_2: height = np.float64(0.05)
784.1691 	EXP 	text_2: height = np.float64(0.05)
784.1691 	EXP 	text_2: text = '_ou_se'
784.1691 	EXP 	text_2: autoDraw = True
784.1691 	EXP 	textbox: autoDraw = True
784.1691 	EXP 	text_3: autoDraw = True
784.2611 	DATA 	Mouse:  Left button up, pos=(531,161)
784.3221 	DATA 	Mouse: Left button down, pos=(531,161)
784.3235 	EXP 	New trial (rep=12, index=13): <Trial 253 (13 in rep 12) data={'test_word': 'ta_l_', 'Reference': 'Table', 'old_new': 'new', 'thisN': 253, 'thisTrialN': 13, 'thisRepN': 12}>
784.3351 	EXP 	text_2: autoDraw = False
784.3351 	EXP 	textbox: autoDraw = False
784.3351 	EXP 	text_3: autoDraw = False
784.3351 	EXP 	text_2: height = np.float64(0.05)
784.3351 	EXP 	text_2: height = np.float64(0.05)
784.3351 	EXP 	text_2: height = np.float64(0.05)
784.3351 	EXP 	text_2: text = 'ta_l_'
784.3351 	EXP 	text_2: autoDraw = True
784.3351 	EXP 	textbox: autoDraw = True
784.3351 	EXP 	text_3: autoDraw = True
784.4249 	DATA 	Mouse:  Left button up, pos=(531,161)
784.4888 	DATA 	Mouse: Left button down, pos=(531,161)
784.5026 	EXP 	New trial (rep=12, index=14): <Trial 254 (14 in rep 12) data={'test_word': 'P_as_tr_', 'Reference': 'Pastry', 'old_new': 'old', 'thisN': 254, 'thisTrialN': 14, 'thisRepN': 12}>
784.5179 	EXP 	text_2: autoDraw = False
784.5179 	EXP 	textbox: autoDraw = False
784.5179 	EXP 	text_3: autoDraw = False
784.5179 	EXP 	text_2: height = np.float64(0.05)
784.5179 	EXP 	text_2: height = np.float64(0.05)
784.5179 	EXP 	text_2: height = np.float64(0.05)
784.5179 	EXP 	text_2: text = 'P_as_tr_'
784.5179 	EXP 	text_2: autoDraw = True
784.5179 	EXP 	textbox: autoDraw = True
784.5179 	EXP 	text_3: autoDraw = True
784.6108 	DATA 	Mouse:  Left button up, pos=(531,161)
784.6694 	DATA 	Mouse: Left button down, pos=(531,161)
784.6705 	EXP 	New trial (rep=12, index=15): <Trial 255 (15 in rep 12) data={'test_word': 'c_m_ra', 'Reference': 'Camera', 'old_new': 'new', 'thisN': 255, 'thisTrialN': 15, 'thisRepN': 12}>
784.6850 	EXP 	text_2: autoDraw = False
784.6850 	EXP 	textbox: autoDraw = False
784.6850 	EXP 	text_3: autoDraw = False
784.6850 	EXP 	text_2: height = np.float64(0.05)
784.6850 	EXP 	text_2: height = np.float64(0.05)
784.6850 	EXP 	text_2: height = np.float64(0.05)
784.6850 	EXP 	text_2: text = 'c_m_ra'
784.6850 	EXP 	text_2: autoDraw = True
784.6850 	EXP 	textbox: autoDraw = True
784.6850 	EXP 	text_3: autoDraw = True
784.7889 	DATA 	Mouse:  Left button up, pos=(531,161)
784.8548 	DATA 	Mouse: Left button down, pos=(531,161)
784.8560 	EXP 	New trial (rep=12, index=16): <Trial 256 (16 in rep 12) data={'test_word': 'l_pt_p', 'Reference': 'Laptop', 'old_new': 'old', 'thisN': 256, 'thisTrialN': 16, 'thisRepN': 12}>
784.8676 	EXP 	text_2: autoDraw = False
784.8676 	EXP 	textbox: autoDraw = False
784.8676 	EXP 	text_3: autoDraw = False
784.8676 	EXP 	text_2: height = np.float64(0.05)
784.8676 	EXP 	text_2: height = np.float64(0.05)
784.8676 	EXP 	text_2: height = np.float64(0.05)
784.8676 	EXP 	text_2: text = 'l_pt_p'
784.8676 	EXP 	text_2: autoDraw = True
784.8676 	EXP 	textbox: autoDraw = True
784.8676 	EXP 	text_3: autoDraw = True
784.9543 	DATA 	Mouse:  Left button up, pos=(531,161)
785.0024 	DATA 	Mouse: Left button down, pos=(531,161)
785.0039 	EXP 	New trial (rep=12, index=17): <Trial 257 (17 in rep 12) data={'test_word': 'c_s_io_', 'Reference': 'Cushion', 'old_new': 'new', 'thisN': 257, 'thisTrialN': 17, 'thisRepN': 12}>
785.0171 	EXP 	text_2: autoDraw = False
785.0171 	EXP 	textbox: autoDraw = False
785.0171 	EXP 	text_3: autoDraw = False
785.0171 	EXP 	text_2: height = np.float64(0.05)
785.0171 	EXP 	text_2: height = np.float64(0.05)
785.0171 	EXP 	text_2: height = np.float64(0.05)
785.0171 	EXP 	text_2: text = 'c_s_io_'
785.0171 	EXP 	text_2: autoDraw = True
785.0171 	EXP 	textbox: autoDraw = True
785.0171 	EXP 	text_3: autoDraw = True
785.1392 	DATA 	Mouse:  Left button up, pos=(531,161)
785.2046 	DATA 	Mouse: Left button down, pos=(531,161)
785.2071 	EXP 	New trial (rep=12, index=18): <Trial 258 (18 in rep 12) data={'test_word': 'c_s_', 'Reference': 'Case', 'old_new': 'old', 'thisN': 258, 'thisTrialN': 18, 'thisRepN': 12}>
785.2333 	EXP 	text_2: autoDraw = False
785.2333 	EXP 	textbox: autoDraw = False
785.2333 	EXP 	text_3: autoDraw = False
785.2333 	EXP 	text_2: height = np.float64(0.05)
785.2333 	EXP 	text_2: height = np.float64(0.05)
785.2333 	EXP 	text_2: height = np.float64(0.05)
785.2333 	EXP 	text_2: text = 'c_s_'
785.2333 	EXP 	text_2: autoDraw = True
785.2333 	EXP 	textbox: autoDraw = True
785.2333 	EXP 	text_3: autoDraw = True
785.3193 	DATA 	Mouse:  Left button up, pos=(531,161)
785.3864 	DATA 	Mouse: Left button down, pos=(531,161)
785.3876 	EXP 	New trial (rep=12, index=19): <Trial 259 (19 in rep 12) data={'test_word': '_ho_e', 'Reference': 'Phone', 'old_new': 'old', 'thisN': 259, 'thisTrialN': 19, 'thisRepN': 12}>
785.4015 	EXP 	text_2: autoDraw = False
785.4015 	EXP 	textbox: autoDraw = False
785.4015 	EXP 	text_3: autoDraw = False
785.4015 	EXP 	text_2: height = np.float64(0.05)
785.4015 	EXP 	text_2: height = np.float64(0.05)
785.4015 	EXP 	text_2: height = np.float64(0.05)
785.4015 	EXP 	text_2: text = '_ho_e'
785.4015 	EXP 	text_2: autoDraw = True
785.4015 	EXP 	textbox: autoDraw = True
785.4015 	EXP 	text_3: autoDraw = True
785.5024 	DATA 	Mouse:  Left button up, pos=(531,161)
785.5701 	DATA 	Mouse: Left button down, pos=(531,161)
785.5712 	EXP 	New trial (rep=13, index=0): <Trial 260 (0 in rep 13) data={'test_word': 'c_m_ra', 'Reference': 'Camera', 'old_new': 'new', 'thisN': 260, 'thisTrialN': 0, 'thisRepN': 13}>
785.5847 	EXP 	text_2: autoDraw = False
785.5847 	EXP 	textbox: autoDraw = False
785.5847 	EXP 	text_3: autoDraw = False
785.5847 	EXP 	text_2: height = np.float64(0.05)
785.5847 	EXP 	text_2: height = np.float64(0.05)
785.5847 	EXP 	text_2: height = np.float64(0.05)
785.5847 	EXP 	text_2: text = 'c_m_ra'
785.5847 	EXP 	text_2: autoDraw = True
785.5847 	EXP 	textbox: autoDraw = True
785.5847 	EXP 	text_3: autoDraw = True
785.6686 	DATA 	Mouse:  Left button up, pos=(531,161)
785.7208 	DATA 	Mouse: Left button down, pos=(531,161)
785.7354 	EXP 	New trial (rep=13, index=1): <Trial 261 (1 in rep 13) data={'test_word': '_ho_e', 'Reference': 'Phone', 'old_new': 'old', 'thisN': 261, 'thisTrialN': 1, 'thisRepN': 13}>
785.7502 	EXP 	text_2: autoDraw = False
785.7502 	EXP 	textbox: autoDraw = False
785.7502 	EXP 	text_3: autoDraw = False
785.7502 	EXP 	text_2: height = np.float64(0.05)
785.7502 	EXP 	text_2: height = np.float64(0.05)
785.7502 	EXP 	text_2: height = np.float64(0.05)
785.7502 	EXP 	text_2: text = '_ho_e'
785.7502 	EXP 	text_2: autoDraw = True
785.7502 	EXP 	textbox: autoDraw = True
785.7502 	EXP 	text_3: autoDraw = True
785.8591 	DATA 	Mouse:  Left button up, pos=(531,161)
785.9218 	DATA 	Mouse: Left button down, pos=(531,161)
785.9234 	EXP 	New trial (rep=13, index=2): <Trial 262 (2 in rep 13) data={'test_word': 'bo_t_e', 'Reference': 'Bottle', 'old_new': 'new', 'thisN': 262, 'thisTrialN': 2, 'thisRepN': 13}>
785.9361 	EXP 	text_2: autoDraw = False
785.9361 	EXP 	textbox: autoDraw = False
785.9361 	EXP 	text_3: autoDraw = False
785.9361 	EXP 	text_2: height = np.float64(0.05)
785.9361 	EXP 	text_2: height = np.float64(0.05)
785.9361 	EXP 	text_2: height = np.float64(0.05)
785.9361 	EXP 	text_2: text = 'bo_t_e'
785.9361 	EXP 	text_2: autoDraw = True
785.9361 	EXP 	textbox: autoDraw = True
785.9361 	EXP 	text_3: autoDraw = True
786.0516 	DATA 	Mouse:  Left button up, pos=(531,161)
786.1040 	DATA 	Mouse: Left button down, pos=(531,161)
786.1054 	EXP 	New trial (rep=13, index=3): <Trial 263 (3 in rep 13) data={'test_word': 'l_pt_p', 'Reference': 'Laptop', 'old_new': 'old', 'thisN': 263, 'thisTrialN': 3, 'thisRepN': 13}>
786.1188 	EXP 	text_2: autoDraw = False
786.1188 	EXP 	textbox: autoDraw = False
786.1188 	EXP 	text_3: autoDraw = False
786.1188 	EXP 	text_2: height = np.float64(0.05)
786.1188 	EXP 	text_2: height = np.float64(0.05)
786.1188 	EXP 	text_2: height = np.float64(0.05)
786.1188 	EXP 	text_2: text = 'l_pt_p'
786.1188 	EXP 	text_2: autoDraw = True
786.1188 	EXP 	textbox: autoDraw = True
786.1188 	EXP 	text_3: autoDraw = True
786.2317 	DATA 	Mouse:  Left button up, pos=(531,161)
786.2868 	DATA 	Mouse: Left button down, pos=(531,161)
786.2887 	EXP 	New trial (rep=13, index=4): <Trial 264 (4 in rep 13) data={'test_word': 'P_li_e', 'Reference': 'Police', 'old_new': 'old', 'thisN': 264, 'thisTrialN': 4, 'thisRepN': 13}>
786.3007 	EXP 	text_2: autoDraw = False
786.3007 	EXP 	textbox: autoDraw = False
786.3007 	EXP 	text_3: autoDraw = False
786.3007 	EXP 	text_2: height = np.float64(0.05)
786.3007 	EXP 	text_2: height = np.float64(0.05)
786.3007 	EXP 	text_2: height = np.float64(0.05)
786.3007 	EXP 	text_2: text = 'P_li_e'
786.3007 	EXP 	text_2: autoDraw = True
786.3007 	EXP 	textbox: autoDraw = True
786.3007 	EXP 	text_3: autoDraw = True
786.3889 	DATA 	Mouse:  Left button up, pos=(531,161)
786.4523 	DATA 	Mouse: Left button down, pos=(531,161)
786.4534 	EXP 	New trial (rep=13, index=5): <Trial 265 (5 in rep 13) data={'test_word': 'ta_l_', 'Reference': 'Table', 'old_new': 'new', 'thisN': 265, 'thisTrialN': 5, 'thisRepN': 13}>
786.4677 	EXP 	text_2: autoDraw = False
786.4677 	EXP 	textbox: autoDraw = False
786.4677 	EXP 	text_3: autoDraw = False
786.4677 	EXP 	text_2: height = np.float64(0.05)
786.4677 	EXP 	text_2: height = np.float64(0.05)
786.4677 	EXP 	text_2: height = np.float64(0.05)
786.4677 	EXP 	text_2: text = 'ta_l_'
786.4677 	EXP 	text_2: autoDraw = True
786.4677 	EXP 	textbox: autoDraw = True
786.4677 	EXP 	text_3: autoDraw = True
786.5846 	DATA 	Mouse:  Left button up, pos=(531,161)
786.6372 	DATA 	Mouse: Left button down, pos=(531,161)
786.6386 	EXP 	New trial (rep=13, index=6): <Trial 266 (6 in rep 13) data={'test_word': 'T_hi_t', 'Reference': 'Tshirt', 'old_new': 'old', 'thisN': 266, 'thisTrialN': 6, 'thisRepN': 13}>
786.6666 	EXP 	text_2: autoDraw = False
786.6666 	EXP 	textbox: autoDraw = False
786.6666 	EXP 	text_3: autoDraw = False
786.6666 	EXP 	text_2: height = np.float64(0.05)
786.6666 	EXP 	text_2: height = np.float64(0.05)
786.6666 	EXP 	text_2: height = np.float64(0.05)
786.6666 	EXP 	text_2: text = 'T_hi_t'
786.6666 	EXP 	text_2: autoDraw = True
786.6666 	EXP 	textbox: autoDraw = True
786.6666 	EXP 	text_3: autoDraw = True
786.7410 	DATA 	Mouse:  Left button up, pos=(531,161)
786.8060 	DATA 	Mouse: Left button down, pos=(531,161)
786.8197 	EXP 	New trial (rep=13, index=7): <Trial 267 (7 in rep 13) data={'test_word': 'c_s_io_', 'Reference': 'Cushion', 'old_new': 'new', 'thisN': 267, 'thisTrialN': 7, 'thisRepN': 13}>
786.8342 	EXP 	text_2: autoDraw = False
786.8342 	EXP 	textbox: autoDraw = False
786.8342 	EXP 	text_3: autoDraw = False
786.8342 	EXP 	text_2: height = np.float64(0.05)
786.8342 	EXP 	text_2: height = np.float64(0.05)
786.8342 	EXP 	text_2: height = np.float64(0.05)
786.8342 	EXP 	text_2: text = 'c_s_io_'
786.8342 	EXP 	text_2: autoDraw = True
786.8342 	EXP 	textbox: autoDraw = True
786.8342 	EXP 	text_3: autoDraw = True
786.9284 	DATA 	Mouse:  Left button up, pos=(531,161)
786.9876 	DATA 	Mouse: Left button down, pos=(531,161)
786.9892 	EXP 	New trial (rep=13, index=8): <Trial 268 (8 in rep 13) data={'test_word': 'p_nc_l', 'Reference': 'Pencil', 'old_new': 'new', 'thisN': 268, 'thisTrialN': 8, 'thisRepN': 13}>
787.0169 	EXP 	text_2: autoDraw = False
787.0169 	EXP 	textbox: autoDraw = False
787.0169 	EXP 	text_3: autoDraw = False
787.0169 	EXP 	text_2: height = np.float64(0.05)
787.0169 	EXP 	text_2: height = np.float64(0.05)
787.0169 	EXP 	text_2: height = np.float64(0.05)
787.0169 	EXP 	text_2: text = 'p_nc_l'
787.0169 	EXP 	text_2: autoDraw = True
787.0169 	EXP 	textbox: autoDraw = True
787.0169 	EXP 	text_3: autoDraw = True
787.1196 	DATA 	Mouse:  Left button up, pos=(531,161)
787.1871 	DATA 	Mouse: Left button down, pos=(531,161)
787.1885 	EXP 	New trial (rep=13, index=9): <Trial 269 (9 in rep 13) data={'test_word': '_ru_is_', 'Reference': 'Cruise', 'old_new': 'old', 'thisN': 269, 'thisTrialN': 9, 'thisRepN': 13}>
787.2012 	EXP 	text_2: autoDraw = False
787.2012 	EXP 	textbox: autoDraw = False
787.2012 	EXP 	text_3: autoDraw = False
787.2012 	EXP 	text_2: height = np.float64(0.05)
787.2012 	EXP 	text_2: height = np.float64(0.05)
787.2012 	EXP 	text_2: height = np.float64(0.05)
787.2012 	EXP 	text_2: text = '_ru_is_'
787.2012 	EXP 	text_2: autoDraw = True
787.2012 	EXP 	textbox: autoDraw = True
787.2012 	EXP 	text_3: autoDraw = True
787.2938 	DATA 	Mouse:  Left button up, pos=(531,161)
787.3533 	DATA 	Mouse: Left button down, pos=(531,161)
787.3553 	EXP 	New trial (rep=13, index=10): <Trial 270 (10 in rep 13) data={'test_word': 'P_st_r', 'Reference': 'Poster', 'old_new': 'old', 'thisN': 270, 'thisTrialN': 10, 'thisRepN': 13}>
787.3839 	EXP 	text_2: autoDraw = False
787.3839 	EXP 	textbox: autoDraw = False
787.3839 	EXP 	text_3: autoDraw = False
787.3839 	EXP 	text_2: height = np.float64(0.05)
787.3839 	EXP 	text_2: height = np.float64(0.05)
787.3839 	EXP 	text_2: height = np.float64(0.05)
787.3839 	EXP 	text_2: text = 'P_st_r'
787.3839 	EXP 	text_2: autoDraw = True
787.3839 	EXP 	textbox: autoDraw = True
787.3839 	EXP 	text_3: autoDraw = True
787.4671 	DATA 	Mouse:  Left button up, pos=(531,161)
787.5373 	DATA 	Mouse: Left button down, pos=(531,161)
787.5405 	EXP 	New trial (rep=13, index=11): <Trial 271 (11 in rep 13) data={'test_word': 'P_as_tr_', 'Reference': 'Pastry', 'old_new': 'old', 'thisN': 271, 'thisTrialN': 11, 'thisRepN': 13}>
787.5665 	EXP 	text_2: autoDraw = False
787.5665 	EXP 	textbox: autoDraw = False
787.5665 	EXP 	text_3: autoDraw = False
787.5665 	EXP 	text_2: height = np.float64(0.05)
787.5665 	EXP 	text_2: height = np.float64(0.05)
787.5665 	EXP 	text_2: height = np.float64(0.05)
787.5665 	EXP 	text_2: text = 'P_as_tr_'
787.5665 	EXP 	text_2: autoDraw = True
787.5665 	EXP 	textbox: autoDraw = True
787.5665 	EXP 	text_3: autoDraw = True
787.6432 	DATA 	Mouse:  Left button up, pos=(531,161)
787.7024 	DATA 	Mouse: Left button down, pos=(531,161)
787.7045 	EXP 	New trial (rep=13, index=12): <Trial 272 (12 in rep 13) data={'test_word': '_a_bl_', 'Reference': 'Marble', 'old_new': 'old', 'thisN': 272, 'thisTrialN': 12, 'thisRepN': 13}>
787.7181 	EXP 	text_2: autoDraw = False
787.7181 	EXP 	textbox: autoDraw = False
787.7181 	EXP 	text_3: autoDraw = False
787.7181 	EXP 	text_2: height = np.float64(0.05)
787.7181 	EXP 	text_2: height = np.float64(0.05)
787.7181 	EXP 	text_2: height = np.float64(0.05)
787.7181 	EXP 	text_2: text = '_a_bl_'
787.7181 	EXP 	text_2: autoDraw = True
787.7181 	EXP 	textbox: autoDraw = True
787.7181 	EXP 	text_3: autoDraw = True
787.8080 	DATA 	Mouse:  Left button up, pos=(531,161)
787.8720 	DATA 	Mouse: Left button down, pos=(531,161)
787.8860 	EXP 	New trial (rep=13, index=13): <Trial 273 (13 in rep 13) data={'test_word': '_ha_t', 'Reference': 'Chart', 'old_new': 'old', 'thisN': 273, 'thisTrialN': 13, 'thisRepN': 13}>
787.9025 	EXP 	text_2: autoDraw = False
787.9025 	EXP 	textbox: autoDraw = False
787.9025 	EXP 	text_3: autoDraw = False
787.9025 	EXP 	text_2: height = np.float64(0.05)
787.9025 	EXP 	text_2: height = np.float64(0.05)
787.9025 	EXP 	text_2: height = np.float64(0.05)
787.9025 	EXP 	text_2: text = '_ha_t'
787.9025 	EXP 	text_2: autoDraw = True
787.9025 	EXP 	textbox: autoDraw = True
787.9025 	EXP 	text_3: autoDraw = True
787.9931 	DATA 	Mouse:  Left button up, pos=(531,161)
788.0608 	DATA 	Mouse: Left button down, pos=(531,161)
788.0710 	EXP 	New trial (rep=13, index=14): <Trial 274 (14 in rep 13) data={'test_word': 'c_s_', 'Reference': 'Case', 'old_new': 'old', 'thisN': 274, 'thisTrialN': 14, 'thisRepN': 13}>
788.0848 	EXP 	text_2: autoDraw = False
788.0848 	EXP 	textbox: autoDraw = False
788.0848 	EXP 	text_3: autoDraw = False
788.0848 	EXP 	text_2: height = np.float64(0.05)
788.0848 	EXP 	text_2: height = np.float64(0.05)
788.0848 	EXP 	text_2: height = np.float64(0.05)
788.0848 	EXP 	text_2: text = 'c_s_'
788.0848 	EXP 	text_2: autoDraw = True
788.0848 	EXP 	textbox: autoDraw = True
788.0848 	EXP 	text_3: autoDraw = True
788.1690 	DATA 	Mouse:  Left button up, pos=(531,161)
788.2366 	DATA 	Mouse: Left button down, pos=(531,161)
788.2397 	EXP 	New trial (rep=13, index=15): <Trial 275 (15 in rep 13) data={'test_word': 'v_s_', 'Reference': 'Vase', 'old_new': 'new', 'thisN': 275, 'thisTrialN': 15, 'thisRepN': 13}>
788.2669 	EXP 	text_2: autoDraw = False
788.2669 	EXP 	textbox: autoDraw = False
788.2669 	EXP 	text_3: autoDraw = False
788.2669 	EXP 	text_2: height = np.float64(0.05)
788.2669 	EXP 	text_2: height = np.float64(0.05)
788.2669 	EXP 	text_2: height = np.float64(0.05)
788.2669 	EXP 	text_2: text = 'v_s_'
788.2669 	EXP 	text_2: autoDraw = True
788.2669 	EXP 	textbox: autoDraw = True
788.2669 	EXP 	text_3: autoDraw = True
788.3638 	DATA 	Mouse:  Left button up, pos=(531,161)
788.4205 	DATA 	Mouse: Left button down, pos=(531,161)
788.4227 	EXP 	New trial (rep=13, index=16): <Trial 276 (16 in rep 13) data={'test_word': '_ou_se', 'Reference': 'mouse', 'old_new': 'old', 'thisN': 276, 'thisTrialN': 16, 'thisRepN': 13}>
788.4505 	EXP 	text_2: autoDraw = False
788.4505 	EXP 	textbox: autoDraw = False
788.4505 	EXP 	text_3: autoDraw = False
788.4505 	EXP 	text_2: height = np.float64(0.05)
788.4505 	EXP 	text_2: height = np.float64(0.05)
788.4505 	EXP 	text_2: height = np.float64(0.05)
788.4505 	EXP 	text_2: text = '_ou_se'
788.4505 	EXP 	text_2: autoDraw = True
788.4505 	EXP 	textbox: autoDraw = True
788.4505 	EXP 	text_3: autoDraw = True
788.5421 	DATA 	Mouse:  Left button up, pos=(531,161)
788.6029 	DATA 	Mouse: Left button down, pos=(531,161)
788.6049 	EXP 	New trial (rep=13, index=17): <Trial 277 (17 in rep 13) data={'test_word': 'K_y_', 'Reference': 'Keys', 'old_new': 'old', 'thisN': 277, 'thisTrialN': 17, 'thisRepN': 13}>
788.6175 	EXP 	text_2: autoDraw = False
788.6175 	EXP 	textbox: autoDraw = False
788.6175 	EXP 	text_3: autoDraw = False
788.6175 	EXP 	text_2: height = np.float64(0.05)
788.6175 	EXP 	text_2: height = np.float64(0.05)
788.6175 	EXP 	text_2: height = np.float64(0.05)
788.6175 	EXP 	text_2: text = 'K_y_'
788.6175 	EXP 	text_2: autoDraw = True
788.6175 	EXP 	textbox: autoDraw = True
788.6175 	EXP 	text_3: autoDraw = True
788.7027 	DATA 	Mouse:  Left button up, pos=(531,161)
788.7871 	DATA 	Mouse: Left button down, pos=(531,161)
788.7895 	EXP 	New trial (rep=13, index=18): <Trial 278 (18 in rep 13) data={'test_word': '_o_rd', 'Reference': 'Board', 'old_new': 'old', 'thisN': 278, 'thisTrialN': 18, 'thisRepN': 13}>
788.8021 	EXP 	text_2: autoDraw = False
788.8021 	EXP 	textbox: autoDraw = False
788.8021 	EXP 	text_3: autoDraw = False
788.8021 	EXP 	text_2: height = np.float64(0.05)
788.8021 	EXP 	text_2: height = np.float64(0.05)
788.8021 	EXP 	text_2: height = np.float64(0.05)
788.8021 	EXP 	text_2: text = '_o_rd'
788.8021 	EXP 	text_2: autoDraw = True
788.8021 	EXP 	textbox: autoDraw = True
788.8021 	EXP 	text_3: autoDraw = True
788.8856 	DATA 	Mouse:  Left button up, pos=(531,161)
788.9525 	DATA 	Mouse: Left button down, pos=(531,161)
788.9536 	EXP 	New trial (rep=13, index=19): <Trial 279 (19 in rep 13) data={'test_word': '_oo_', 'Reference': 'Book', 'old_new': 'old', 'thisN': 279, 'thisTrialN': 19, 'thisRepN': 13}>
788.9671 	EXP 	text_2: autoDraw = False
788.9671 	EXP 	textbox: autoDraw = False
788.9671 	EXP 	text_3: autoDraw = False
788.9671 	EXP 	text_2: height = np.float64(0.05)
788.9671 	EXP 	text_2: height = np.float64(0.05)
788.9671 	EXP 	text_2: height = np.float64(0.05)
788.9671 	EXP 	text_2: text = '_oo_'
788.9671 	EXP 	text_2: autoDraw = True
788.9671 	EXP 	textbox: autoDraw = True
788.9671 	EXP 	text_3: autoDraw = True
789.0720 	DATA 	Mouse:  Left button up, pos=(531,161)
789.1354 	DATA 	Mouse: Left button down, pos=(531,161)
789.1370 	EXP 	New trial (rep=14, index=0): <Trial 280 (0 in rep 14) data={'test_word': 'l_pt_p', 'Reference': 'Laptop', 'old_new': 'old', 'thisN': 280, 'thisTrialN': 0, 'thisRepN': 14}>
789.1505 	EXP 	text_2: autoDraw = False
789.1505 	EXP 	textbox: autoDraw = False
789.1505 	EXP 	text_3: autoDraw = False
789.1505 	EXP 	text_2: height = np.float64(0.05)
789.1505 	EXP 	text_2: height = np.float64(0.05)
789.1505 	EXP 	text_2: height = np.float64(0.05)
789.1505 	EXP 	text_2: text = 'l_pt_p'
789.1505 	EXP 	text_2: autoDraw = True
789.1505 	EXP 	textbox: autoDraw = True
789.1505 	EXP 	text_3: autoDraw = True
789.2418 	DATA 	Mouse:  Left button up, pos=(531,161)
789.3060 	DATA 	Mouse: Left button down, pos=(531,161)
789.3193 	EXP 	New trial (rep=14, index=1): <Trial 281 (1 in rep 14) data={'test_word': 'P_li_e', 'Reference': 'Police', 'old_new': 'old', 'thisN': 281, 'thisTrialN': 1, 'thisRepN': 14}>
789.3335 	EXP 	text_2: autoDraw = False
789.3335 	EXP 	textbox: autoDraw = False
789.3335 	EXP 	text_3: autoDraw = False
789.3335 	EXP 	text_2: height = np.float64(0.05)
789.3335 	EXP 	text_2: height = np.float64(0.05)
789.3335 	EXP 	text_2: height = np.float64(0.05)
789.3335 	EXP 	text_2: text = 'P_li_e'
789.3335 	EXP 	text_2: autoDraw = True
789.3335 	EXP 	textbox: autoDraw = True
789.3335 	EXP 	text_3: autoDraw = True
789.3855 	DATA 	Mouse:  Left button up, pos=(531,161)
789.4519 	DATA 	Mouse: Left button down, pos=(531,161)
789.4541 	EXP 	New trial (rep=14, index=2): <Trial 282 (2 in rep 14) data={'test_word': 'P_as_tr_', 'Reference': 'Pastry', 'old_new': 'old', 'thisN': 282, 'thisTrialN': 2, 'thisRepN': 14}>
789.4672 	EXP 	text_2: autoDraw = False
789.4672 	EXP 	textbox: autoDraw = False
789.4672 	EXP 	text_3: autoDraw = False
789.4672 	EXP 	text_2: height = np.float64(0.05)
789.4672 	EXP 	text_2: height = np.float64(0.05)
789.4672 	EXP 	text_2: height = np.float64(0.05)
789.4672 	EXP 	text_2: text = 'P_as_tr_'
789.4672 	EXP 	text_2: autoDraw = True
789.4672 	EXP 	textbox: autoDraw = True
789.4672 	EXP 	text_3: autoDraw = True
789.5550 	DATA 	Mouse:  Left button up, pos=(531,161)
789.6189 	DATA 	Mouse: Left button down, pos=(531,161)
789.6208 	EXP 	New trial (rep=14, index=3): <Trial 283 (3 in rep 14) data={'test_word': 'T_hi_t', 'Reference': 'Tshirt', 'old_new': 'old', 'thisN': 283, 'thisTrialN': 3, 'thisRepN': 14}>
789.6337 	EXP 	text_2: autoDraw = False
789.6337 	EXP 	textbox: autoDraw = False
789.6337 	EXP 	text_3: autoDraw = False
789.6337 	EXP 	text_2: height = np.float64(0.05)
789.6337 	EXP 	text_2: height = np.float64(0.05)
789.6337 	EXP 	text_2: height = np.float64(0.05)
789.6337 	EXP 	text_2: text = 'T_hi_t'
789.6337 	EXP 	text_2: autoDraw = True
789.6337 	EXP 	textbox: autoDraw = True
789.6337 	EXP 	text_3: autoDraw = True
789.7073 	DATA 	Mouse:  Left button up, pos=(531,161)
790.4425 	DATA 	Mouse: Left button down, pos=(531,161)
790.4522 	EXP 	New trial (rep=14, index=4): <Trial 284 (4 in rep 14) data={'test_word': '_o_rd', 'Reference': 'Board', 'old_new': 'old', 'thisN': 284, 'thisTrialN': 4, 'thisRepN': 14}>
790.4670 	EXP 	text_2: autoDraw = False
790.4670 	EXP 	textbox: autoDraw = False
790.4670 	EXP 	text_3: autoDraw = False
790.4670 	EXP 	text_2: height = np.float64(0.05)
790.4670 	EXP 	text_2: height = np.float64(0.05)
790.4670 	EXP 	text_2: height = np.float64(0.05)
790.4670 	EXP 	text_2: text = '_o_rd'
790.4670 	EXP 	text_2: autoDraw = True
790.4670 	EXP 	textbox: autoDraw = True
790.4670 	EXP 	text_3: autoDraw = True
790.6400 	DATA 	Mouse:  Left button up, pos=(531,161)
790.6882 	DATA 	Mouse: Left button down, pos=(531,161)
790.7032 	EXP 	New trial (rep=14, index=5): <Trial 285 (5 in rep 14) data={'test_word': '_ru_is_', 'Reference': 'Cruise', 'old_new': 'old', 'thisN': 285, 'thisTrialN': 5, 'thisRepN': 14}>
790.7169 	EXP 	text_2: autoDraw = False
790.7169 	EXP 	textbox: autoDraw = False
790.7169 	EXP 	text_3: autoDraw = False
790.7169 	EXP 	text_2: height = np.float64(0.05)
790.7169 	EXP 	text_2: height = np.float64(0.05)
790.7169 	EXP 	text_2: height = np.float64(0.05)
790.7169 	EXP 	text_2: text = '_ru_is_'
790.7169 	EXP 	text_2: autoDraw = True
790.7169 	EXP 	textbox: autoDraw = True
790.7169 	EXP 	text_3: autoDraw = True
790.8194 	DATA 	Mouse:  Left button up, pos=(531,161)
790.8880 	DATA 	Mouse: Left button down, pos=(531,161)
790.8897 	EXP 	New trial (rep=14, index=6): <Trial 286 (6 in rep 14) data={'test_word': '_oo_', 'Reference': 'Book', 'old_new': 'old', 'thisN': 286, 'thisTrialN': 6, 'thisRepN': 14}>
790.9021 	EXP 	text_2: autoDraw = False
790.9021 	EXP 	textbox: autoDraw = False
790.9021 	EXP 	text_3: autoDraw = False
790.9021 	EXP 	text_2: height = np.float64(0.05)
790.9021 	EXP 	text_2: height = np.float64(0.05)
790.9021 	EXP 	text_2: height = np.float64(0.05)
790.9021 	EXP 	text_2: text = '_oo_'
790.9021 	EXP 	text_2: autoDraw = True
790.9021 	EXP 	textbox: autoDraw = True
790.9021 	EXP 	text_3: autoDraw = True
790.9398 	DATA 	Mouse:  Left button up, pos=(531,161)
792.3176 	DATA 	Keypress: b
792.3182 	EXP 	Device response: <KeyPress from None: t=792.3130858000368, value=b, duration=None>
792.3850 	EXP 	Device response: <KeyPress from None: t=792.3130858000368, value=b, duration=0.0659325000597164>
792.6852 	DATA 	Keypress: o
792.6860 	EXP 	Device response: <KeyPress from None: t=792.6786413000664, value=o, duration=None>
792.7526 	EXP 	Device response: <KeyPress from None: t=792.6786413000664, value=o, duration=0.06777309998869896>
792.8348 	DATA 	Keypress: o
792.8355 	EXP 	Device response: <KeyPress from None: t=792.8344009000575, value=o, duration=None>
792.9351 	EXP 	Device response: <KeyPress from None: t=792.8344009000575, value=o, duration=0.10002769995480776>
793.1015 	DATA 	Keypress: k
793.1024 	EXP 	Device response: <KeyPress from None: t=793.088492800016, value=k, duration=None>
793.1525 	EXP 	Device response: <KeyPress from None: t=793.088492800016, value=k, duration=0.0615385000128299>
793.9695 	DATA 	Mouse: Left button down, pos=(531,161)
793.9706 	EXP 	New trial (rep=14, index=7): <Trial 287 (7 in rep 14) data={'test_word': 'ta_l_', 'Reference': 'Table', 'old_new': 'new', 'thisN': 287, 'thisTrialN': 7, 'thisRepN': 14}>
793.9843 	EXP 	text_2: autoDraw = False
793.9843 	EXP 	textbox: autoDraw = False
793.9843 	EXP 	text_3: autoDraw = False
793.9843 	EXP 	text_2: height = np.float64(0.05)
793.9843 	EXP 	text_2: height = np.float64(0.05)
793.9843 	EXP 	text_2: height = np.float64(0.05)
793.9843 	EXP 	text_2: text = 'ta_l_'
793.9843 	EXP 	text_2: autoDraw = True
793.9843 	EXP 	textbox: autoDraw = True
793.9843 	EXP 	text_3: autoDraw = True
794.2025 	DATA 	Mouse:  Left button up, pos=(531,161)
794.7851 	DATA 	Keypress: t
794.7857 	EXP 	Device response: <KeyPress from None: t=794.7757949000224, value=t, duration=None>
794.8521 	EXP 	Device response: <KeyPress from None: t=794.7757949000224, value=t, duration=0.0703561999835074>
794.8855 	DATA 	Keypress: a
794.8861 	EXP 	Device response: <KeyPress from None: t=794.8791757000145, value=a, duration=None>
795.0355 	EXP 	Device response: <KeyPress from None: t=794.8791757000145, value=a, duration=0.14722829998936504>
795.0687 	DATA 	Keypress: b
795.0702 	EXP 	Device response: <KeyPress from None: t=795.0563108000206, value=b, duration=None>
795.1356 	EXP 	Device response: <KeyPress from None: t=795.0563108000206, value=b, duration=0.0689031999791041>
795.3707 	DATA 	Keypress: l
795.3848 	EXP 	Device response: <KeyPress from None: t=795.3702926000115, value=l, duration=None>
795.4532 	EXP 	Device response: <KeyPress from None: t=795.3702926000115, value=l, duration=0.07381019997410476>
795.5190 	DATA 	Keypress: e
795.5196 	EXP 	Device response: <KeyPress from None: t=795.5066149000777, value=e, duration=None>
795.6022 	EXP 	Device response: <KeyPress from None: t=795.5066149000777, value=e, duration=0.0883003999479115>
796.6715 	DATA 	Mouse: Left button down, pos=(531,161)
796.6732 	EXP 	New trial (rep=14, index=8): <Trial 288 (8 in rep 14) data={'test_word': 'bo_t_e', 'Reference': 'Bottle', 'old_new': 'new', 'thisN': 288, 'thisTrialN': 8, 'thisRepN': 14}>
796.6853 	EXP 	text_2: autoDraw = False
796.6853 	EXP 	textbox: autoDraw = False
796.6853 	EXP 	text_3: autoDraw = False
796.6853 	EXP 	text_2: height = np.float64(0.05)
796.6853 	EXP 	text_2: height = np.float64(0.05)
796.6853 	EXP 	text_2: height = np.float64(0.05)
796.6853 	EXP 	text_2: text = 'bo_t_e'
796.6853 	EXP 	text_2: autoDraw = True
796.6853 	EXP 	textbox: autoDraw = True
796.6853 	EXP 	text_3: autoDraw = True
796.8899 	DATA 	Mouse:  Left button up, pos=(531,161)
797.5843 	DATA 	Keypress: b
797.5858 	EXP 	Device response: <KeyPress from None: t=797.5792405999964, value=b, duration=None>
797.6681 	EXP 	Device response: <KeyPress from None: t=797.5792405999964, value=b, duration=0.07273050001822412>
797.7520 	DATA 	Keypress: o
797.7525 	EXP 	Device response: <KeyPress from None: t=797.7510540999938, value=o, duration=None>
797.8342 	EXP 	Device response: <KeyPress from None: t=797.7510540999938, value=o, duration=0.07484760007355362>
797.9841 	DATA 	Keypress: t
797.9846 	EXP 	Device response: <KeyPress from None: t=797.9817803000333, value=t, duration=None>
798.0682 	EXP 	Device response: <KeyPress from None: t=797.9817803000333, value=t, duration=0.07670850004069507>
798.1684 	DATA 	Keypress: t
798.1697 	EXP 	Device response: <KeyPress from None: t=798.153592800023, value=t, duration=None>
798.2509 	EXP 	Device response: <KeyPress from None: t=798.153592800023, value=t, duration=0.08219880005344748>
798.2882 	DATA 	Keypress: l
798.3006 	EXP 	Device response: <KeyPress from None: t=798.2875009001, value=l, duration=None>
798.3677 	EXP 	Device response: <KeyPress from None: t=798.2875009001, value=l, duration=0.0792153999209404>
798.4513 	DATA 	Keypress: e
798.4529 	EXP 	Device response: <KeyPress from None: t=798.4492740000132, value=e, duration=None>
798.5679 	EXP 	Device response: <KeyPress from None: t=798.4492740000132, value=e, duration=0.1112981999758631>
799.3533 	DATA 	Mouse: Left button down, pos=(531,161)
799.3547 	EXP 	New trial (rep=14, index=9): <Trial 289 (9 in rep 14) data={'test_word': 'K_y_', 'Reference': 'Keys', 'old_new': 'old', 'thisN': 289, 'thisTrialN': 9, 'thisRepN': 14}>
799.3677 	EXP 	text_2: autoDraw = False
799.3677 	EXP 	textbox: autoDraw = False
799.3677 	EXP 	text_3: autoDraw = False
799.3677 	EXP 	text_2: height = np.float64(0.05)
799.3677 	EXP 	text_2: height = np.float64(0.05)
799.3677 	EXP 	text_2: height = np.float64(0.05)
799.3677 	EXP 	text_2: text = 'K_y_'
799.3677 	EXP 	text_2: autoDraw = True
799.3677 	EXP 	textbox: autoDraw = True
799.3677 	EXP 	text_3: autoDraw = True
799.5854 	DATA 	Mouse:  Left button up, pos=(531,161)
800.2036 	DATA 	Keypress: k
800.2176 	EXP 	Device response: <KeyPress from None: t=800.20086360001, value=k, duration=None>
800.3011 	EXP 	Device response: <KeyPress from None: t=800.20086360001, value=k, duration=0.091683299979195>
800.3516 	DATA 	Keypress: e
800.3523 	EXP 	Device response: <KeyPress from None: t=800.3409226000076, value=e, duration=None>
800.4341 	EXP 	Device response: <KeyPress from None: t=800.3409226000076, value=e, duration=0.08545130002312362>
800.5687 	DATA 	Keypress: y
800.5694 	EXP 	Device response: <KeyPress from None: t=800.5671067000367, value=y, duration=None>
800.6508 	EXP 	Device response: <KeyPress from None: t=800.5671067000367, value=y, duration=0.07671950000803918>
800.7214 	DATA 	Keypress: s
800.7340 	EXP 	Device response: <KeyPress from None: t=800.7208444999997, value=s, duration=None>
800.8336 	EXP 	Device response: <KeyPress from None: t=800.7208444999997, value=s, duration=0.09802600007969886>
801.9417 	DATA 	Mouse: Left button down, pos=(531,161)
801.9528 	EXP 	New trial (rep=14, index=10): <Trial 290 (10 in rep 14) data={'test_word': 'c_s_', 'Reference': 'Case', 'old_new': 'old', 'thisN': 290, 'thisTrialN': 10, 'thisRepN': 14}>
801.9669 	EXP 	text_2: autoDraw = False
801.9669 	EXP 	textbox: autoDraw = False
801.9669 	EXP 	text_3: autoDraw = False
801.9669 	EXP 	text_2: height = np.float64(0.05)
801.9669 	EXP 	text_2: height = np.float64(0.05)
801.9669 	EXP 	text_2: height = np.float64(0.05)
801.9669 	EXP 	text_2: text = 'c_s_'
801.9669 	EXP 	text_2: autoDraw = True
801.9669 	EXP 	textbox: autoDraw = True
801.9669 	EXP 	text_3: autoDraw = True
802.1680 	DATA 	Mouse:  Left button up, pos=(531,161)
802.7671 	DATA 	Keypress: c
802.7677 	EXP 	Device response: <KeyPress from None: t=802.7556554999901, value=c, duration=None>
802.8343 	EXP 	Device response: <KeyPress from None: t=802.7556554999901, value=c, duration=0.076964300009422>
802.9722 	DATA 	Keypress: a
802.9838 	EXP 	Device response: <KeyPress from None: t=802.9689489000011, value=a, duration=None>
803.1012 	EXP 	Device response: <KeyPress from None: t=802.9689489000011, value=a, duration=0.12670600006822497>
803.1714 	DATA 	Keypress: s
803.1839 	EXP 	Device response: <KeyPress from None: t=803.1680651000934, value=s, duration=None>
803.2838 	EXP 	Device response: <KeyPress from None: t=803.1680651000934, value=s, duration=0.10177889990154654>
803.3678 	DATA 	Keypress: e
803.3684 	EXP 	Device response: <KeyPress from None: t=803.366254499997, value=e, duration=None>
803.4673 	EXP 	Device response: <KeyPress from None: t=803.366254499997, value=e, duration=0.08493080001790076>
804.4035 	DATA 	Mouse: Left button down, pos=(531,161)
804.4186 	EXP 	New trial (rep=14, index=11): <Trial 291 (11 in rep 14) data={'test_word': 'c_s_io_', 'Reference': 'Cushion', 'old_new': 'new', 'thisN': 291, 'thisTrialN': 11, 'thisRepN': 14}>
804.4335 	EXP 	text_2: autoDraw = False
804.4335 	EXP 	textbox: autoDraw = False
804.4335 	EXP 	text_3: autoDraw = False
804.4335 	EXP 	text_2: height = np.float64(0.05)
804.4335 	EXP 	text_2: height = np.float64(0.05)
804.4335 	EXP 	text_2: height = np.float64(0.05)
804.4335 	EXP 	text_2: text = 'c_s_io_'
804.4335 	EXP 	text_2: autoDraw = True
804.4335 	EXP 	textbox: autoDraw = True
804.4335 	EXP 	text_3: autoDraw = True
804.6371 	DATA 	Mouse:  Left button up, pos=(531,161)
805.1895 	DATA 	Keypress: c
805.2005 	EXP 	Device response: <KeyPress from None: t=805.1861522000981, value=c, duration=None>
805.3016 	EXP 	Device response: <KeyPress from None: t=805.1861522000981, value=c, duration=0.10338949994184077>
805.4177 	DATA 	Keypress: u
805.4182 	EXP 	Device response: <KeyPress from None: t=805.4108235000167, value=u, duration=None>
805.5021 	EXP 	Device response: <KeyPress from None: t=805.4108235000167, value=u, duration=0.07886010000947863>
805.5525 	DATA 	Keypress: s
805.5531 	EXP 	Device response: <KeyPress from None: t=805.5502634000732, value=s, duration=None>
805.7019 	DATA 	Keypress: h
805.7027 	EXP 	Device response: <KeyPress from None: t=805.5502634000732, value=s, duration=0.13592299993615597>
805.7027 	EXP 	Device response: <KeyPress from None: t=805.6957538001006, value=h, duration=None>
805.7683 	EXP 	Device response: <KeyPress from None: t=805.6957538001006, value=h, duration=0.0653645999263972>
805.9374 	DATA 	Keypress: i
805.9516 	EXP 	Device response: <KeyPress from None: t=805.9354330000933, value=i, duration=None>
806.0182 	EXP 	Device response: <KeyPress from None: t=805.9354330000933, value=i, duration=0.08233619993552566>
806.1347 	DATA 	Keypress: o
806.1355 	EXP 	Device response: <KeyPress from None: t=806.1256998000899, value=o, duration=None>
806.2179 	EXP 	Device response: <KeyPress from None: t=806.1256998000899, value=o, duration=0.08003750001080334>
806.3673 	DATA 	Keypress: n
806.3680 	EXP 	Device response: <KeyPress from None: t=806.3569185000379, value=n, duration=None>
806.4354 	EXP 	Device response: <KeyPress from None: t=806.3569185000379, value=n, duration=0.06720549997407943>
807.3857 	DATA 	Mouse: Left button down, pos=(531,161)
807.3868 	EXP 	New trial (rep=14, index=12): <Trial 292 (12 in rep 14) data={'test_word': 'c_m_ra', 'Reference': 'Camera', 'old_new': 'new', 'thisN': 292, 'thisTrialN': 12, 'thisRepN': 14}>
807.4005 	EXP 	text_2: autoDraw = False
807.4005 	EXP 	textbox: autoDraw = False
807.4005 	EXP 	text_3: autoDraw = False
807.4005 	EXP 	text_2: height = np.float64(0.05)
807.4005 	EXP 	text_2: height = np.float64(0.05)
807.4005 	EXP 	text_2: height = np.float64(0.05)
807.4005 	EXP 	text_2: text = 'c_m_ra'
807.4005 	EXP 	text_2: autoDraw = True
807.4005 	EXP 	textbox: autoDraw = True
807.4005 	EXP 	text_3: autoDraw = True
807.6037 	DATA 	Mouse:  Left button up, pos=(531,161)
808.3210 	DATA 	Keypress: v
808.3340 	EXP 	Device response: <KeyPress from None: t=808.3193588000722, value=v, duration=None>
808.3682 	EXP 	Device response: <KeyPress from None: t=808.3193588000722, value=v, duration=0.03431409993208945>
809.1344 	DATA 	Keypress: backspace
809.1349 	EXP 	Device response: <KeyPress from None: t=809.1314938000869, value=backspace, duration=None>
809.2839 	EXP 	Device response: <KeyPress from None: t=809.1314938000869, value=backspace, duration=0.1361990999430418>
809.3507 	DATA 	Keypress: c
809.3514 	EXP 	Device response: <KeyPress from None: t=809.3488375000888, value=c, duration=None>
809.4514 	EXP 	Device response: <KeyPress from None: t=809.3488375000888, value=c, duration=0.09618379990570247>
809.6669 	DATA 	Keypress: a
809.6679 	EXP 	Device response: <KeyPress from None: t=809.6569911000552, value=a, duration=None>
809.7852 	EXP 	Device response: <KeyPress from None: t=809.6569911000552, value=a, duration=0.12654930003918707>
809.9339 	DATA 	Keypress: m
809.9345 	EXP 	Device response: <KeyPress from None: t=809.9307951000519, value=m, duration=None>
810.0525 	EXP 	Device response: <KeyPress from None: t=809.9307951000519, value=m, duration=0.11575939995236695>
810.0554 	DATA 	Keypress: e
810.0682 	EXP 	Device response: <KeyPress from None: t=810.0534003000939, value=e, duration=None>
810.2196 	EXP 	Device response: <KeyPress from None: t=810.0534003000939, value=e, duration=0.15291479998268187>
810.3006 	DATA 	Keypress: r
810.3012 	EXP 	Device response: <KeyPress from None: t=810.2889826000901, value=r, duration=None>
810.3837 	EXP 	Device response: <KeyPress from None: t=810.2889826000901, value=r, duration=0.07915519992820919>
810.5171 	DATA 	Keypress: a
810.5178 	EXP 	Device response: <KeyPress from None: t=810.5048581000883, value=a, duration=None>
810.6345 	EXP 	Device response: <KeyPress from None: t=810.5048581000883, value=a, duration=0.12873669993132353>
811.6186 	DATA 	Mouse: Left button down, pos=(531,161)
811.6198 	EXP 	New trial (rep=14, index=13): <Trial 293 (13 in rep 14) data={'test_word': 'P_st_r', 'Reference': 'Poster', 'old_new': 'old', 'thisN': 293, 'thisTrialN': 13, 'thisRepN': 14}>
811.6341 	EXP 	text_2: autoDraw = False
811.6341 	EXP 	textbox: autoDraw = False
811.6341 	EXP 	text_3: autoDraw = False
811.6341 	EXP 	text_2: height = np.float64(0.05)
811.6341 	EXP 	text_2: height = np.float64(0.05)
811.6341 	EXP 	text_2: height = np.float64(0.05)
811.6341 	EXP 	text_2: text = 'P_st_r'
811.6341 	EXP 	text_2: autoDraw = True
811.6341 	EXP 	textbox: autoDraw = True
811.6341 	EXP 	text_3: autoDraw = True
811.8354 	DATA 	Mouse:  Left button up, pos=(531,161)
812.6834 	DATA 	Keypress: p
812.6840 	EXP 	Device response: <KeyPress from None: t=812.6742105000885, value=p, duration=None>
812.7507 	EXP 	Device response: <KeyPress from None: t=812.6742105000885, value=p, duration=0.07584589999169111>
813.1839 	DATA 	Keypress: a
813.1845 	EXP 	Device response: <KeyPress from None: t=813.1700035000686, value=a, duration=None>
813.2676 	EXP 	Device response: <KeyPress from None: t=813.1700035000686, value=a, duration=0.08629150001797825>
813.3679 	DATA 	Keypress: s
813.3686 	EXP 	Device response: <KeyPress from None: t=813.367748000077, value=s, duration=None>
813.4846 	EXP 	Device response: <KeyPress from None: t=813.367748000077, value=s, duration=0.1128247999586165>
813.7006 	DATA 	Keypress: t
813.7012 	EXP 	Device response: <KeyPress from None: t=813.6976931000827, value=t, duration=None>
813.7860 	EXP 	Device response: <KeyPress from None: t=813.6976931000827, value=t, duration=0.07980319997295737>
813.9014 	DATA 	Keypress: r
813.9021 	EXP 	Device response: <KeyPress from None: t=813.889809400076, value=r, duration=None>
814.0020 	EXP 	Device response: <KeyPress from None: t=813.889809400076, value=r, duration=0.10749439999926835>
814.1506 	DATA 	Keypress: y
814.1513 	EXP 	Device response: <KeyPress from None: t=814.1369200000772, value=y, duration=None>
814.2179 	EXP 	Device response: <KeyPress from None: t=814.1369200000772, value=y, duration=0.06582609994802624>
814.9709 	DATA 	Mouse: Left button down, pos=(531,161)
814.9738 	EXP 	New trial (rep=14, index=14): <Trial 294 (14 in rep 14) data={'test_word': '_ou_se', 'Reference': 'mouse', 'old_new': 'old', 'thisN': 294, 'thisTrialN': 14, 'thisRepN': 14}>
814.9996 	EXP 	text_2: autoDraw = False
814.9996 	EXP 	textbox: autoDraw = False
814.9996 	EXP 	text_3: autoDraw = False
814.9996 	EXP 	text_2: height = np.float64(0.05)
814.9996 	EXP 	text_2: height = np.float64(0.05)
814.9996 	EXP 	text_2: height = np.float64(0.05)
814.9996 	EXP 	text_2: text = '_ou_se'
814.9996 	EXP 	text_2: autoDraw = True
814.9996 	EXP 	textbox: autoDraw = True
814.9996 	EXP 	text_3: autoDraw = True
815.1891 	DATA 	Mouse:  Left button up, pos=(531,161)
816.0522 	DATA 	Keypress: m
816.0531 	EXP 	Device response: <KeyPress from None: t=816.0492228000658, value=m, duration=None>
816.1353 	EXP 	Device response: <KeyPress from None: t=816.0492228000658, value=m, duration=0.083933399990201>
816.3507 	DATA 	Keypress: o
816.3513 	EXP 	Device response: <KeyPress from None: t=816.3392793000676, value=o, duration=None>
816.4351 	EXP 	Device response: <KeyPress from None: t=816.3392793000676, value=o, duration=0.0919123999774456>
816.6012 	DATA 	Keypress: u
816.6024 	EXP 	Device response: <KeyPress from None: t=816.5972613000777, value=u, duration=None>
816.7010 	EXP 	Device response: <KeyPress from None: t=816.5972613000777, value=u, duration=0.10347149998415262>
817.0849 	DATA 	Keypress: d
817.0867 	EXP 	Device response: <KeyPress from None: t=817.0698168000672, value=d, duration=None>
817.1514 	EXP 	Device response: <KeyPress from None: t=817.0698168000672, value=d, duration=0.07717009994667023>
818.0020 	DATA 	Keypress: backspace
818.0033 	EXP 	Device response: <KeyPress from None: t=817.9912937000627, value=backspace, duration=None>
818.1006 	EXP 	Device response: <KeyPress from None: t=817.9912937000627, value=backspace, duration=0.10297040001023561>
818.1528 	DATA 	Keypress: s
818.1673 	EXP 	Device response: <KeyPress from None: t=818.1520063000498, value=s, duration=None>
818.2509 	EXP 	Device response: <KeyPress from None: t=818.1520063000498, value=s, duration=0.08808629994746298>
818.3555 	DATA 	Keypress: e
818.3675 	EXP 	Device response: <KeyPress from None: t=818.35171670001, value=e, duration=None>
818.4348 	EXP 	Device response: <KeyPress from None: t=818.35171670001, value=e, duration=0.07250020001083612>
819.4878 	DATA 	Mouse: Left button down, pos=(531,161)
819.4912 	EXP 	New trial (rep=14, index=15): <Trial 295 (15 in rep 14) data={'test_word': 'p_nc_l', 'Reference': 'Pencil', 'old_new': 'new', 'thisN': 295, 'thisTrialN': 15, 'thisRepN': 14}>
819.5161 	EXP 	text_2: autoDraw = False
819.5161 	EXP 	textbox: autoDraw = False
819.5161 	EXP 	text_3: autoDraw = False
819.5161 	EXP 	text_2: height = np.float64(0.05)
819.5161 	EXP 	text_2: height = np.float64(0.05)
819.5161 	EXP 	text_2: height = np.float64(0.05)
819.5161 	EXP 	text_2: text = 'p_nc_l'
819.5161 	EXP 	text_2: autoDraw = True
819.5161 	EXP 	textbox: autoDraw = True
819.5161 	EXP 	text_3: autoDraw = True
819.7017 	DATA 	Mouse:  Left button up, pos=(531,161)
820.4703 	DATA 	Keypress: p
820.4837 	EXP 	Device response: <KeyPress from None: t=820.4700952999992, value=p, duration=None>
820.6339 	EXP 	Device response: <KeyPress from None: t=820.4700952999992, value=p, duration=0.1508961000945419>
820.6673 	DATA 	Keypress: e
820.6679 	EXP 	Device response: <KeyPress from None: t=820.6670351000503, value=e, duration=None>
820.7681 	EXP 	Device response: <KeyPress from None: t=820.6670351000503, value=e, duration=0.09787119994871318>
820.9837 	DATA 	Keypress: n
820.9844 	EXP 	Device response: <KeyPress from None: t=820.9736518000718, value=n, duration=None>
821.0346 	EXP 	Device response: <KeyPress from None: t=820.9736518000718, value=n, duration=0.060041200020350516>
821.2008 	DATA 	Keypress: c
821.2015 	EXP 	Device response: <KeyPress from None: t=821.1903000000166, value=c, duration=None>
821.3174 	EXP 	Device response: <KeyPress from None: t=821.1903000000166, value=c, duration=0.12154189997818321>
821.4509 	DATA 	Keypress: i
821.4515 	EXP 	Device response: <KeyPress from None: t=821.4483281000284, value=i, duration=None>
821.5507 	EXP 	Device response: <KeyPress from None: t=821.4483281000284, value=i, duration=0.09233590005896986>
821.7173 	DATA 	Keypress: l
821.7178 	EXP 	Device response: <KeyPress from None: t=821.7054284000769, value=l, duration=None>
821.7677 	EXP 	Device response: <KeyPress from None: t=821.7054284000769, value=l, duration=0.04989759996533394>
822.6369 	DATA 	Mouse: Left button down, pos=(531,161)
822.6520 	EXP 	New trial (rep=14, index=16): <Trial 296 (16 in rep 14) data={'test_word': '_a_bl_', 'Reference': 'Marble', 'old_new': 'old', 'thisN': 296, 'thisTrialN': 16, 'thisRepN': 14}>
822.6668 	EXP 	text_2: autoDraw = False
822.6668 	EXP 	textbox: autoDraw = False
822.6668 	EXP 	text_3: autoDraw = False
822.6668 	EXP 	text_2: height = np.float64(0.05)
822.6668 	EXP 	text_2: height = np.float64(0.05)
822.6668 	EXP 	text_2: height = np.float64(0.05)
822.6668 	EXP 	text_2: text = '_a_bl_'
822.6668 	EXP 	text_2: autoDraw = True
822.6668 	EXP 	textbox: autoDraw = True
822.6668 	EXP 	text_3: autoDraw = True
822.8683 	DATA 	Mouse:  Left button up, pos=(531,161)
823.8350 	DATA 	Keypress: t
823.8356 	EXP 	Device response: <KeyPress from None: t=823.8317593000829, value=t, duration=None>
823.9338 	EXP 	Device response: <KeyPress from None: t=823.8317593000829, value=t, duration=0.09073529997840524>
824.1015 	DATA 	Keypress: a
824.1027 	EXP 	Device response: <KeyPress from None: t=824.0910402000882, value=a, duration=None>
824.2520 	EXP 	Device response: <KeyPress from None: t=824.0910402000882, value=a, duration=0.1460685000056401>
824.3839 	DATA 	Keypress: b
824.3845 	EXP 	Device response: <KeyPress from None: t=824.378057199996, value=b, duration=None>
824.5011 	EXP 	Device response: <KeyPress from None: t=824.378057199996, value=b, duration=0.11421880009584129>
825.1838 	DATA 	Keypress: l
825.1846 	EXP 	Device response: <KeyPress from None: t=825.1790133999893, value=l, duration=None>
825.3009 	EXP 	Device response: <KeyPress from None: t=825.1790133999893, value=l, duration=0.11220750003121793>
825.4005 	DATA 	Keypress: e
825.4013 	EXP 	Device response: <KeyPress from None: t=825.3885771000059, value=e, duration=None>
825.4843 	EXP 	Device response: <KeyPress from None: t=825.3885771000059, value=e, duration=0.08564689999911934>
826.2851 	DATA 	Mouse: Left button down, pos=(531,161)
826.2862 	EXP 	New trial (rep=14, index=17): <Trial 297 (17 in rep 14) data={'test_word': '_ho_e', 'Reference': 'Phone', 'old_new': 'old', 'thisN': 297, 'thisTrialN': 17, 'thisRepN': 14}>
826.3001 	EXP 	text_2: autoDraw = False
826.3001 	EXP 	textbox: autoDraw = False
826.3001 	EXP 	text_3: autoDraw = False
826.3001 	EXP 	text_2: height = np.float64(0.05)
826.3001 	EXP 	text_2: height = np.float64(0.05)
826.3001 	EXP 	text_2: height = np.float64(0.05)
826.3001 	EXP 	text_2: text = '_ho_e'
826.3001 	EXP 	text_2: autoDraw = True
826.3001 	EXP 	textbox: autoDraw = True
826.3001 	EXP 	text_3: autoDraw = True
826.4994 	DATA 	Mouse:  Left button up, pos=(531,161)
827.7338 	DATA 	Keypress: m
827.7344 	EXP 	Device response: <KeyPress from None: t=827.7238559999969, value=m, duration=None>
827.8337 	EXP 	Device response: <KeyPress from None: t=827.7238559999969, value=m, duration=0.09910560003481805>
828.4169 	DATA 	Keypress: o
828.4175 	EXP 	Device response: <KeyPress from None: t=828.409582399996, value=o, duration=None>
828.5504 	EXP 	Device response: <KeyPress from None: t=828.409582399996, value=o, duration=0.12733799999114126>
828.6846 	DATA 	Keypress: u
828.6852 	EXP 	Device response: <KeyPress from None: t=828.6723893000744, value=u, duration=None>
828.7683 	EXP 	Device response: <KeyPress from None: t=828.6723893000744, value=u, duration=0.09124659991357476>
828.8352 	DATA 	Keypress: s
828.8359 	EXP 	Device response: <KeyPress from None: t=828.8315389000345, value=s, duration=None>
828.9180 	EXP 	Device response: <KeyPress from None: t=828.8315389000345, value=s, duration=0.08371210005134344>
829.0846 	DATA 	Keypress: s
829.0852 	EXP 	Device response: <KeyPress from None: t=829.0762542000739, value=s, duration=None>
829.1181 	EXP 	Device response: <KeyPress from None: t=829.0762542000739, value=s, duration=0.03133399994112551>
829.4370 	DATA 	Keypress: e
829.4380 	EXP 	Device response: <KeyPress from None: t=829.4268481000327, value=e, duration=None>
829.5350 	EXP 	Device response: <KeyPress from None: t=829.4268481000327, value=e, duration=0.10609520005527884>
830.4546 	DATA 	Mouse: Left button down, pos=(531,161)
830.4690 	EXP 	New trial (rep=14, index=18): <Trial 298 (18 in rep 14) data={'test_word': 'v_s_', 'Reference': 'Vase', 'old_new': 'new', 'thisN': 298, 'thisTrialN': 18, 'thisRepN': 14}>
830.4837 	EXP 	text_2: autoDraw = False
830.4837 	EXP 	textbox: autoDraw = False
830.4837 	EXP 	text_3: autoDraw = False
830.4837 	EXP 	text_2: height = np.float64(0.05)
830.4837 	EXP 	text_2: height = np.float64(0.05)
830.4837 	EXP 	text_2: height = np.float64(0.05)
830.4837 	EXP 	text_2: text = 'v_s_'
830.4837 	EXP 	text_2: autoDraw = True
830.4837 	EXP 	textbox: autoDraw = True
830.4837 	EXP 	text_3: autoDraw = True
830.6856 	DATA 	Mouse:  Left button up, pos=(531,161)
831.4348 	DATA 	Keypress: v
831.4353 	EXP 	Device response: <KeyPress from None: t=831.4218218000606, value=v, duration=None>
831.5343 	EXP 	Device response: <KeyPress from None: t=831.4218218000606, value=v, duration=0.09734109998680651>
831.6676 	DATA 	Keypress: a
831.6683 	EXP 	Device response: <KeyPress from None: t=831.6608918000711, value=a, duration=None>
831.8173 	EXP 	Device response: <KeyPress from None: t=831.6608918000711, value=a, duration=0.14478480000980198>
831.9171 	DATA 	Keypress: s
831.9179 	EXP 	Device response: <KeyPress from None: t=831.9128878000192, value=s, duration=None>
832.0176 	EXP 	Device response: <KeyPress from None: t=831.9128878000192, value=s, duration=0.09604800003580749>
832.1339 	DATA 	Keypress: e
832.1345 	EXP 	Device response: <KeyPress from None: t=832.1256771000335, value=e, duration=None>
832.2176 	EXP 	Device response: <KeyPress from None: t=832.1256771000335, value=e, duration=0.08696310000959784>
833.0206 	DATA 	Mouse: Left button down, pos=(531,161)
833.0221 	EXP 	New trial (rep=14, index=19): <Trial 299 (19 in rep 14) data={'test_word': '_ha_t', 'Reference': 'Chart', 'old_new': 'old', 'thisN': 299, 'thisTrialN': 19, 'thisRepN': 14}>
833.0346 	EXP 	text_2: autoDraw = False
833.0346 	EXP 	textbox: autoDraw = False
833.0346 	EXP 	text_3: autoDraw = False
833.0346 	EXP 	text_2: height = np.float64(0.05)
833.0346 	EXP 	text_2: height = np.float64(0.05)
833.0346 	EXP 	text_2: height = np.float64(0.05)
833.0346 	EXP 	text_2: text = '_ha_t'
833.0346 	EXP 	text_2: autoDraw = True
833.0346 	EXP 	textbox: autoDraw = True
833.0346 	EXP 	text_3: autoDraw = True
833.2404 	DATA 	Mouse:  Left button up, pos=(531,161)
835.4346 	DATA 	Keypress: c
835.4351 	EXP 	Device response: <KeyPress from None: t=835.4270441000117, value=c, duration=None>
835.5349 	EXP 	Device response: <KeyPress from None: t=835.4270441000117, value=c, duration=0.10427630005870014>
835.7008 	DATA 	Keypress: h
835.7013 	EXP 	Device response: <KeyPress from None: t=835.6965186999878, value=h, duration=None>
835.8010 	EXP 	Device response: <KeyPress from None: t=835.6965186999878, value=h, duration=0.10280710004735738>
836.0011 	DATA 	Keypress: a
836.0016 	EXP 	Device response: <KeyPress from None: t=836.0008913000347, value=a, duration=None>
836.1679 	EXP 	Device response: <KeyPress from None: t=836.0008913000347, value=a, duration=0.15500589995644987>
836.3176 	DATA 	Keypress: r
836.3181 	EXP 	Device response: <KeyPress from None: t=836.3161469000624, value=r, duration=None>
836.4354 	EXP 	Device response: <KeyPress from None: t=836.3161469000624, value=r, duration=0.11333029996603727>
836.5346 	DATA 	Keypress: t
836.5351 	EXP 	Device response: <KeyPress from None: t=836.5344762000022, value=t, duration=None>
836.6175 	EXP 	Device response: <KeyPress from None: t=836.5344762000022, value=t, duration=0.0772263000253588>
837.3853 	DATA 	Mouse: Left button down, pos=(531,161)
837.3879 	EXP 	New trial (rep=15, index=0): <Trial 300 (0 in rep 15) data={'test_word': '_ru_is_', 'Reference': 'Cruise', 'old_new': 'old', 'thisN': 300, 'thisTrialN': 0, 'thisRepN': 15}>
837.4005 	EXP 	text_2: autoDraw = False
837.4005 	EXP 	textbox: autoDraw = False
837.4005 	EXP 	text_3: autoDraw = False
837.4005 	EXP 	text_2: height = np.float64(0.05)
837.4005 	EXP 	text_2: height = np.float64(0.05)
837.4005 	EXP 	text_2: height = np.float64(0.05)
837.4005 	EXP 	text_2: text = '_ru_is_'
837.4005 	EXP 	text_2: autoDraw = True
837.4005 	EXP 	textbox: autoDraw = True
837.4005 	EXP 	text_3: autoDraw = True
837.6020 	DATA 	Mouse:  Left button up, pos=(531,161)
838.3209 	DATA 	Keypress: c
838.3343 	EXP 	Device response: <KeyPress from None: t=838.3190788000356, value=c, duration=None>
838.4179 	EXP 	Device response: <KeyPress from None: t=838.3190788000356, value=c, duration=0.09754180000163615>
838.5676 	DATA 	Keypress: r
838.5681 	EXP 	Device response: <KeyPress from None: t=838.5601612000028, value=r, duration=None>
838.6509 	EXP 	Device response: <KeyPress from None: t=838.5601612000028, value=r, duration=0.0859072000021115>
839.1696 	DATA 	Keypress: u
839.1839 	EXP 	Device response: <KeyPress from None: t=839.168209000025, value=u, duration=None>
839.2676 	EXP 	Device response: <KeyPress from None: t=839.168209000025, value=u, duration=0.0953076999867335>
839.3844 	DATA 	Keypress: i
839.3850 	EXP 	Device response: <KeyPress from None: t=839.3770499000093, value=i, duration=None>
839.4840 	EXP 	Device response: <KeyPress from None: t=839.3770499000093, value=i, duration=0.0909893000498414>
839.8006 	DATA 	Keypress: s
839.8021 	EXP 	Device response: <KeyPress from None: t=839.8002352000913, value=s, duration=None>
839.9842 	EXP 	Device response: <KeyPress from None: t=839.8002352000913, value=s, duration=0.16804089990910143>
840.1344 	DATA 	Keypress: e
840.1349 	EXP 	Device response: <KeyPress from None: t=840.1262316000648, value=e, duration=None>
840.2675 	EXP 	Device response: <KeyPress from None: t=840.1262316000648, value=e, duration=0.13541540002916008>
841.0522 	DATA 	Mouse: Left button down, pos=(531,161)
841.0533 	EXP 	New trial (rep=15, index=1): <Trial 301 (1 in rep 15) data={'test_word': 'T_hi_t', 'Reference': 'Tshirt', 'old_new': 'old', 'thisN': 301, 'thisTrialN': 1, 'thisRepN': 15}>
841.0829 	EXP 	text_2: autoDraw = False
841.0829 	EXP 	textbox: autoDraw = False
841.0829 	EXP 	text_3: autoDraw = False
841.0829 	EXP 	text_2: height = np.float64(0.05)
841.0829 	EXP 	text_2: height = np.float64(0.05)
841.0829 	EXP 	text_2: height = np.float64(0.05)
841.0829 	EXP 	text_2: text = 'T_hi_t'
841.0829 	EXP 	text_2: autoDraw = True
841.0829 	EXP 	textbox: autoDraw = True
841.0829 	EXP 	text_3: autoDraw = True
841.2769 	DATA 	Mouse:  Left button up, pos=(531,161)
841.8839 	DATA 	Keypress: t
841.8844 	EXP 	Device response: <KeyPress from None: t=841.871934600058, value=t, duration=None>
841.9350 	EXP 	Device response: <KeyPress from None: t=841.871934600058, value=t, duration=0.05142359994351864>
842.2010 	DATA 	Keypress: s
842.2015 	EXP 	Device response: <KeyPress from None: t=842.1947410000721, value=s, duration=None>
842.3673 	EXP 	Device response: <KeyPress from None: t=842.1947410000721, value=s, duration=0.1569084000075236>
842.6348 	DATA 	Keypress: h
842.6354 	EXP 	Device response: <KeyPress from None: t=842.63064019999, value=h, duration=None>
842.7673 	EXP 	Device response: <KeyPress from None: t=842.63064019999, value=h, duration=0.12868040008470416>
843.0178 	DATA 	Keypress: i
843.0183 	EXP 	Device response: <KeyPress from None: t=843.0122308999998, value=i, duration=None>
843.1009 	EXP 	Device response: <KeyPress from None: t=843.0122308999998, value=i, duration=0.08022390003316104>
843.4678 	DATA 	Keypress: r
843.4684 	EXP 	Device response: <KeyPress from None: t=843.4536291999975, value=r, duration=None>
843.5511 	EXP 	Device response: <KeyPress from None: t=843.4536291999975, value=r, duration=0.08539580006618053>
843.6350 	DATA 	Keypress: t
843.6355 	EXP 	Device response: <KeyPress from None: t=843.6242757000728, value=t, duration=None>
843.7681 	EXP 	Device response: <KeyPress from None: t=843.6242757000728, value=t, duration=0.12837689998559654>
844.5704 	DATA 	Mouse: Left button down, pos=(531,161)
844.5726 	EXP 	New trial (rep=15, index=2): <Trial 302 (2 in rep 15) data={'test_word': 'c_s_io_', 'Reference': 'Cushion', 'old_new': 'new', 'thisN': 302, 'thisTrialN': 2, 'thisRepN': 15}>
844.5850 	EXP 	text_2: autoDraw = False
844.5850 	EXP 	textbox: autoDraw = False
844.5850 	EXP 	text_3: autoDraw = False
844.5850 	EXP 	text_2: height = np.float64(0.05)
844.5850 	EXP 	text_2: height = np.float64(0.05)
844.5850 	EXP 	text_2: height = np.float64(0.05)
844.5850 	EXP 	text_2: text = 'c_s_io_'
844.5850 	EXP 	text_2: autoDraw = True
844.5850 	EXP 	textbox: autoDraw = True
844.5850 	EXP 	text_3: autoDraw = True
844.8020 	DATA 	Mouse:  Left button up, pos=(531,161)
845.3679 	DATA 	Keypress: c
845.3684 	EXP 	Device response: <KeyPress from None: t=845.367266300018, value=c, duration=None>
845.4681 	EXP 	Device response: <KeyPress from None: t=845.367266300018, value=c, duration=0.09851040004286915>
845.8184 	DATA 	Keypress: u
845.8192 	EXP 	Device response: <KeyPress from None: t=845.8096704999916, value=u, duration=None>
845.9019 	EXP 	Device response: <KeyPress from None: t=845.8096704999916, value=u, duration=0.09135610004886985>
846.4173 	DATA 	Keypress: s
846.4179 	EXP 	Device response: <KeyPress from None: t=846.4069638000801, value=s, duration=None>
846.5343 	EXP 	Device response: <KeyPress from None: t=846.4069638000801, value=s, duration=0.12326429993845522>
846.7342 	DATA 	Keypress: h
846.7347 	EXP 	Device response: <KeyPress from None: t=846.7285444000736, value=h, duration=None>
846.8507 	EXP 	Device response: <KeyPress from None: t=846.7285444000736, value=h, duration=0.10631369997281581>
846.9713 	DATA 	Keypress: i
846.9839 	EXP 	Device response: <KeyPress from None: t=846.9695424000965, value=i, duration=None>
847.1017 	EXP 	Device response: <KeyPress from None: t=846.9695424000965, value=i, duration=0.12960679992102087>
847.3681 	DATA 	Keypress: o
847.3698 	EXP 	Device response: <KeyPress from None: t=847.3676544000627, value=o, duration=None>
847.4839 	EXP 	Device response: <KeyPress from None: t=847.3676544000627, value=o, duration=0.11093840003013611>
847.7342 	DATA 	Keypress: n
847.7349 	EXP 	Device response: <KeyPress from None: t=847.7247344000498, value=n, duration=None>
847.8174 	EXP 	Device response: <KeyPress from None: t=847.7247344000498, value=n, duration=0.0879298000363633>
848.6700 	DATA 	Mouse: Left button down, pos=(531,161)
848.6716 	EXP 	New trial (rep=15, index=3): <Trial 303 (3 in rep 15) data={'test_word': 'l_pt_p', 'Reference': 'Laptop', 'old_new': 'old', 'thisN': 303, 'thisTrialN': 3, 'thisRepN': 15}>
848.6847 	EXP 	text_2: autoDraw = False
848.6847 	EXP 	textbox: autoDraw = False
848.6847 	EXP 	text_3: autoDraw = False
848.6847 	EXP 	text_2: height = np.float64(0.05)
848.6847 	EXP 	text_2: height = np.float64(0.05)
848.6847 	EXP 	text_2: height = np.float64(0.05)
848.6847 	EXP 	text_2: text = 'l_pt_p'
848.6847 	EXP 	text_2: autoDraw = True
848.6847 	EXP 	textbox: autoDraw = True
848.6847 	EXP 	text_3: autoDraw = True
848.8863 	DATA 	Mouse:  Left button up, pos=(531,161)
849.5052 	DATA 	Keypress: l
849.5178 	EXP 	Device response: <KeyPress from None: t=849.5027284000535, value=l, duration=None>
849.6180 	EXP 	Device response: <KeyPress from None: t=849.5027284000535, value=l, duration=0.10117459995672107>
849.6685 	DATA 	Keypress: a
849.6699 	EXP 	Device response: <KeyPress from None: t=849.6604195000837, value=a, duration=None>
849.8189 	EXP 	Device response: <KeyPress from None: t=849.6604195000837, value=a, duration=0.15192049997858703>
849.8849 	DATA 	Keypress: p
849.8855 	EXP 	Device response: <KeyPress from None: t=849.8825476000784, value=p, duration=None>
849.9857 	EXP 	Device response: <KeyPress from None: t=849.8825476000784, value=p, duration=0.10117389995139092>
850.2178 	DATA 	Keypress: y
850.2183 	EXP 	Device response: <KeyPress from None: t=850.2092758000363, value=y, duration=None>
850.3346 	DATA 	Keypress: o
850.3359 	EXP 	Device response: <KeyPress from None: t=850.2092758000363, value=y, duration=0.11243690003175288>
850.3360 	EXP 	Device response: <KeyPress from None: t=850.3285486000823, value=o, duration=None>
850.4183 	EXP 	Device response: <KeyPress from None: t=850.3285486000823, value=o, duration=0.08528240001760423>
850.9840 	DATA 	Keypress: backspace
850.9853 	EXP 	Device response: <KeyPress from None: t=850.9777907000389, value=backspace, duration=None>
851.1344 	EXP 	Device response: <KeyPress from None: t=850.9777907000389, value=backspace, duration=0.1475442999508232>
851.2841 	DATA 	Keypress: backspace
851.2847 	EXP 	Device response: <KeyPress from None: t=851.2790721000638, value=backspace, duration=None>
851.4175 	EXP 	Device response: <KeyPress from None: t=851.2790721000638, value=backspace, duration=0.1265247999690473>
851.4674 	DATA 	Keypress: t
851.4680 	EXP 	Device response: <KeyPress from None: t=851.4566385000944, value=t, duration=None>
851.6012 	EXP 	Device response: <KeyPress from None: t=851.4566385000944, value=t, duration=0.1355715999379754>
851.6170 	DATA 	Keypress: o
851.6176 	EXP 	Device response: <KeyPress from None: t=851.603929300094, value=o, duration=None>
851.7343 	EXP 	Device response: <KeyPress from None: t=851.603929300094, value=o, duration=0.1195613999152556>
851.8513 	DATA 	Keypress: p
851.8524 	EXP 	Device response: <KeyPress from None: t=851.8403127000201, value=p, duration=None>
852.0012 	EXP 	Device response: <KeyPress from None: t=851.8403127000201, value=p, duration=0.1469358999747783>
852.8685 	DATA 	Mouse: Left button down, pos=(531,161)
852.8696 	EXP 	New trial (rep=15, index=4): <Trial 304 (4 in rep 15) data={'test_word': '_ou_se', 'Reference': 'mouse', 'old_new': 'old', 'thisN': 304, 'thisTrialN': 4, 'thisRepN': 15}>
852.8838 	EXP 	text_2: autoDraw = False
852.8838 	EXP 	textbox: autoDraw = False
852.8838 	EXP 	text_3: autoDraw = False
852.8838 	EXP 	text_2: height = np.float64(0.05)
852.8838 	EXP 	text_2: height = np.float64(0.05)
852.8838 	EXP 	text_2: height = np.float64(0.05)
852.8838 	EXP 	text_2: text = '_ou_se'
852.8838 	EXP 	text_2: autoDraw = True
852.8838 	EXP 	textbox: autoDraw = True
852.8838 	EXP 	text_3: autoDraw = True
853.0854 	DATA 	Mouse:  Left button up, pos=(531,161)
853.6509 	DATA 	Keypress: space
853.6516 	EXP 	Device response: <KeyPress from None: t=853.6413688000757, value=space, duration=None>
853.7511 	EXP 	Device response: <KeyPress from None: t=853.6413688000757, value=space, duration=0.0976962000131607>
854.3863 	DATA 	Keypress: m
854.4009 	EXP 	Device response: <KeyPress from None: t=854.3851358999964, value=m, duration=None>
854.4844 	EXP 	Device response: <KeyPress from None: t=854.3851358999964, value=m, duration=0.09188610001001507>
854.5840 	DATA 	Keypress: o
854.5845 	EXP 	Device response: <KeyPress from None: t=854.5826815000037, value=o, duration=None>
854.7181 	EXP 	Device response: <KeyPress from None: t=854.5826815000037, value=o, duration=0.12039960001129657>
854.8211 	DATA 	Keypress: s
854.8349 	EXP 	Device response: <KeyPress from None: t=854.8204783000983, value=s, duration=None>
855.1181 	EXP 	Device response: <KeyPress from None: t=854.8204783000983, value=s, duration=0.2843974999850616>
855.1683 	DATA 	Keypress: u
855.1689 	EXP 	Device response: <KeyPress from None: t=855.1589583000168, value=u, duration=None>
855.2674 	EXP 	Device response: <KeyPress from None: t=855.1589583000168, value=u, duration=0.10080110002309084>
855.4009 	DATA 	Keypress: e
855.4015 	EXP 	Device response: <KeyPress from None: t=855.3996505000396, value=e, duration=None>
855.5511 	EXP 	Device response: <KeyPress from None: t=855.3996505000396, value=e, duration=0.14046799996867776>
856.6347 	DATA 	Mouse: Left button down, pos=(531,161)
856.6358 	EXP 	New trial (rep=15, index=5): <Trial 305 (5 in rep 15) data={'test_word': 'P_st_r', 'Reference': 'Poster', 'old_new': 'old', 'thisN': 305, 'thisTrialN': 5, 'thisRepN': 15}>
856.6507 	EXP 	text_2: autoDraw = False
856.6507 	EXP 	textbox: autoDraw = False
856.6507 	EXP 	text_3: autoDraw = False
856.6507 	EXP 	text_2: height = np.float64(0.05)
856.6507 	EXP 	text_2: height = np.float64(0.05)
856.6507 	EXP 	text_2: height = np.float64(0.05)
856.6507 	EXP 	text_2: text = 'P_st_r'
856.6507 	EXP 	text_2: autoDraw = True
856.6507 	EXP 	textbox: autoDraw = True
856.6507 	EXP 	text_3: autoDraw = True
856.8685 	DATA 	Mouse:  Left button up, pos=(531,161)
857.6673 	DATA 	Keypress: p
857.6679 	EXP 	Device response: <KeyPress from None: t=857.6651584000792, value=p, duration=None>
857.8178 	EXP 	Device response: <KeyPress from None: t=857.6651584000792, value=p, duration=0.1368379999184981>
857.8516 	DATA 	Keypress: a
857.8522 	EXP 	Device response: <KeyPress from None: t=857.8404480000027, value=a, duration=None>
857.9862 	EXP 	Device response: <KeyPress from None: t=857.8404480000027, value=a, duration=0.14476280007511377>
858.0712 	DATA 	Keypress: s
858.0847 	EXP 	Device response: <KeyPress from None: t=858.0701643000357, value=s, duration=None>
858.2187 	EXP 	Device response: <KeyPress from None: t=858.0701643000357, value=s, duration=0.1400615000165999>
858.3854 	DATA 	Keypress: y
858.3862 	EXP 	Device response: <KeyPress from None: t=858.3848140999908, value=y, duration=None>
858.4849 	EXP 	Device response: <KeyPress from None: t=858.3848140999908, value=y, duration=0.09333330008666962>
858.6201 	DATA 	Keypress: r
858.6352 	EXP 	Device response: <KeyPress from None: t=858.6185210000258, value=r, duration=None>
858.7189 	EXP 	Device response: <KeyPress from None: t=858.6185210000258, value=r, duration=0.08933820005040616>
858.8183 	DATA 	Keypress: r
858.8193 	EXP 	Device response: <KeyPress from None: t=858.8060531000374, value=r, duration=None>
858.9019 	EXP 	Device response: <KeyPress from None: t=858.8060531000374, value=r, duration=0.0827182000502944>
859.0498 	DATA 	Keypress: y
859.0506 	EXP 	Device response: <KeyPress from None: t=859.0406586000463, value=y, duration=None>
859.1333 	EXP 	Device response: <KeyPress from None: t=859.0406586000463, value=y, duration=0.09110469999723136>
860.4499 	DATA 	Keypress: backspace
860.4505 	EXP 	Device response: <KeyPress from None: t=860.4478154000826, value=backspace, duration=None>
860.5668 	EXP 	Device response: <KeyPress from None: t=860.4478154000826, value=backspace, duration=0.10678119992371649>
860.6502 	DATA 	Keypress: backspace
860.6509 	EXP 	Device response: <KeyPress from None: t=860.6479958000127, value=backspace, duration=None>
860.7501 	EXP 	Device response: <KeyPress from None: t=860.6479958000127, value=backspace, duration=0.09205700003076345>
860.8332 	DATA 	Keypress: backspace
860.8337 	EXP 	Device response: <KeyPress from None: t=860.8280490000034, value=backspace, duration=None>
860.9335 	EXP 	Device response: <KeyPress from None: t=860.8280490000034, value=backspace, duration=0.09617660008370876>
861.0163 	DATA 	Keypress: backspace
861.0171 	EXP 	Device response: <KeyPress from None: t=861.0157016000012, value=backspace, duration=None>
861.1168 	EXP 	Device response: <KeyPress from None: t=861.0157016000012, value=backspace, duration=0.09761530009564012>
861.7837 	DATA 	Keypress: t
861.7843 	EXP 	Device response: <KeyPress from None: t=861.7819032000843, value=t, duration=None>
861.8676 	EXP 	Device response: <KeyPress from None: t=861.7819032000843, value=t, duration=0.07373349997214973>
861.9838 	DATA 	Keypress: r
861.9845 	EXP 	Device response: <KeyPress from None: t=861.9832786000334, value=r, duration=None>
862.0670 	EXP 	Device response: <KeyPress from None: t=861.9832786000334, value=r, duration=0.06963320006616414>
862.2003 	DATA 	Keypress: y
862.2010 	EXP 	Device response: <KeyPress from None: t=862.1902619000757, value=y, duration=None>
862.2841 	EXP 	Device response: <KeyPress from None: t=862.1902619000757, value=y, duration=0.08613169996533543>
863.3678 	DATA 	Mouse: Left button down, pos=(531,161)
863.3691 	EXP 	New trial (rep=15, index=6): <Trial 306 (6 in rep 15) data={'test_word': 'p_nc_l', 'Reference': 'Pencil', 'old_new': 'new', 'thisN': 306, 'thisTrialN': 6, 'thisRepN': 15}>
863.3828 	EXP 	text_2: autoDraw = False
863.3828 	EXP 	textbox: autoDraw = False
863.3828 	EXP 	text_3: autoDraw = False
863.3828 	EXP 	text_2: height = np.float64(0.05)
863.3828 	EXP 	text_2: height = np.float64(0.05)
863.3828 	EXP 	text_2: height = np.float64(0.05)
863.3828 	EXP 	text_2: text = 'p_nc_l'
863.3828 	EXP 	text_2: autoDraw = True
863.3828 	EXP 	textbox: autoDraw = True
863.3828 	EXP 	text_3: autoDraw = True
863.5877 	DATA 	Mouse:  Left button up, pos=(531,161)
864.1331 	DATA 	Keypress: p
864.1339 	EXP 	Device response: <KeyPress from None: t=864.1246810000157, value=p, duration=None>
864.2503 	EXP 	Device response: <KeyPress from None: t=864.1246810000157, value=p, duration=0.11442770005669445>
864.2999 	DATA 	Keypress: e
864.3006 	EXP 	Device response: <KeyPress from None: t=864.2877986000385, value=e, duration=None>
864.3835 	EXP 	Device response: <KeyPress from None: t=864.2877986000385, value=e, duration=0.09036639996338636>
864.7497 	DATA 	Keypress: m
864.7504 	EXP 	Device response: <KeyPress from None: t=864.742437500041, value=m, duration=None>
864.8503 	EXP 	Device response: <KeyPress from None: t=864.742437500041, value=m, duration=0.09709830000065267>
865.2334 	DATA 	Keypress: backspace
865.2342 	EXP 	Device response: <KeyPress from None: t=865.2298442000756, value=backspace, duration=None>
865.4001 	EXP 	Device response: <KeyPress from None: t=865.2298442000756, value=backspace, duration=0.16964999993797392>
865.5165 	DATA 	Keypress: n
865.5173 	EXP 	Device response: <KeyPress from None: t=865.5128632000415, value=n, duration=None>
865.6337 	EXP 	Device response: <KeyPress from None: t=865.5128632000415, value=n, duration=0.10857809998560697>
865.8833 	DATA 	Keypress: i
865.8841 	EXP 	Device response: <KeyPress from None: t=865.8775052001001, value=i, duration=None>
865.9166 	DATA 	Keypress: c
865.9172 	EXP 	Device response: <KeyPress from None: t=865.9046366000548, value=c, duration=None>
866.0502 	EXP 	Device response: <KeyPress from None: t=865.8775052001001, value=i, duration=0.1626515999669209>
866.1508 	EXP 	Device response: <KeyPress from None: t=865.9046366000548, value=c, duration=0.2346302999649197>
866.2189 	DATA 	Keypress: l
866.2331 	EXP 	Device response: <KeyPress from None: t=866.216607300099, value=l, duration=None>
866.3332 	EXP 	Device response: <KeyPress from None: t=866.216607300099, value=l, duration=0.11117349995765835>
867.6888 	DATA 	Mouse: Left button down, pos=(531,161)
867.7008 	EXP 	New trial (rep=15, index=7): <Trial 307 (7 in rep 15) data={'test_word': '_a_bl_', 'Reference': 'Marble', 'old_new': 'old', 'thisN': 307, 'thisTrialN': 7, 'thisRepN': 15}>
867.7162 	EXP 	text_2: autoDraw = False
867.7162 	EXP 	textbox: autoDraw = False
867.7162 	EXP 	text_3: autoDraw = False
867.7162 	EXP 	text_2: height = np.float64(0.05)
867.7162 	EXP 	text_2: height = np.float64(0.05)
867.7162 	EXP 	text_2: height = np.float64(0.05)
867.7162 	EXP 	text_2: text = '_a_bl_'
867.7162 	EXP 	text_2: autoDraw = True
867.7162 	EXP 	textbox: autoDraw = True
867.7162 	EXP 	text_3: autoDraw = True
867.9179 	DATA 	Mouse:  Left button up, pos=(531,161)
868.8022 	DATA 	Keypress: t
868.8031 	EXP 	Device response: <KeyPress from None: t=868.7999314999906, value=t, duration=None>
868.9172 	EXP 	Device response: <KeyPress from None: t=868.7999314999906, value=t, duration=0.11082320008426905>
869.1339 	DATA 	Keypress: a
869.1348 	EXP 	Device response: <KeyPress from None: t=869.1226361000445, value=a, duration=None>
869.2840 	EXP 	Device response: <KeyPress from None: t=869.1226361000445, value=a, duration=0.149669999955222>
869.5166 	DATA 	Keypress: v
869.5173 	EXP 	Device response: <KeyPress from None: t=869.5150491000386, value=v, duration=None>
869.8000 	EXP 	Device response: <KeyPress from None: t=869.5150491000386, value=v, duration=0.2826008000411093>
870.0668 	DATA 	Keypress: l
870.0675 	EXP 	Device response: <KeyPress from None: t=870.0538547000615, value=l, duration=None>
870.1664 	EXP 	Device response: <KeyPress from None: t=870.0538547000615, value=l, duration=0.1061174999922514>
870.2501 	DATA 	Keypress: r
870.2509 	EXP 	Device response: <KeyPress from None: t=870.2438966000918, value=r, duration=None>
870.3834 	EXP 	Device response: <KeyPress from None: t=870.2438966000918, value=r, duration=0.12663809990044683>
871.1525 	DATA 	Mouse: Left button down, pos=(531,161)
871.1548 	EXP 	New trial (rep=15, index=8): <Trial 308 (8 in rep 15) data={'test_word': '_oo_', 'Reference': 'Book', 'old_new': 'old', 'thisN': 308, 'thisTrialN': 8, 'thisRepN': 15}>
871.1830 	EXP 	text_2: autoDraw = False
871.1830 	EXP 	textbox: autoDraw = False
871.1830 	EXP 	text_3: autoDraw = False
871.1830 	EXP 	text_2: height = np.float64(0.05)
871.1830 	EXP 	text_2: height = np.float64(0.05)
871.1830 	EXP 	text_2: height = np.float64(0.05)
871.1830 	EXP 	text_2: text = '_oo_'
871.1830 	EXP 	text_2: autoDraw = True
871.1830 	EXP 	textbox: autoDraw = True
871.1830 	EXP 	text_3: autoDraw = True
871.3610 	DATA 	Mouse:  Left button up, pos=(531,161)
872.5373 	DATA 	Keypress: b
872.5504 	EXP 	Device response: <KeyPress from None: t=872.5370554000838, value=b, duration=None>
872.6675 	EXP 	Device response: <KeyPress from None: t=872.5370554000838, value=b, duration=0.11938930000178516>
872.8339 	DATA 	Keypress: o
872.8347 	EXP 	Device response: <KeyPress from None: t=872.826444300008, value=o, duration=None>
872.9006 	EXP 	Device response: <KeyPress from None: t=872.826444300008, value=o, duration=0.06771920004393905>
873.4500 	DATA 	Keypress: o
873.4506 	EXP 	Device response: <KeyPress from None: t=873.4401653000386, value=o, duration=None>
873.5500 	EXP 	Device response: <KeyPress from None: t=873.4401653000386, value=o, duration=0.09996520006097853>
873.7851 	DATA 	Keypress: k
873.7866 	EXP 	Device response: <KeyPress from None: t=873.7806946000783, value=k, duration=None>
873.8833 	EXP 	Device response: <KeyPress from None: t=873.7806946000783, value=k, duration=0.10203319997526705>
875.0030 	DATA 	Mouse: Left button down, pos=(531,161)
875.0050 	EXP 	New trial (rep=15, index=9): <Trial 309 (9 in rep 15) data={'test_word': '_ho_e', 'Reference': 'Phone', 'old_new': 'old', 'thisN': 309, 'thisTrialN': 9, 'thisRepN': 15}>
875.0168 	EXP 	text_2: autoDraw = False
875.0168 	EXP 	textbox: autoDraw = False
875.0168 	EXP 	text_3: autoDraw = False
875.0168 	EXP 	text_2: height = np.float64(0.05)
875.0168 	EXP 	text_2: height = np.float64(0.05)
875.0168 	EXP 	text_2: height = np.float64(0.05)
875.0168 	EXP 	text_2: text = '_ho_e'
875.0168 	EXP 	text_2: autoDraw = True
875.0168 	EXP 	textbox: autoDraw = True
875.0168 	EXP 	text_3: autoDraw = True
875.2218 	DATA 	Mouse:  Left button up, pos=(531,161)
876.6867 	DATA 	Keypress: h
876.7005 	EXP 	Device response: <KeyPress from None: t=876.6863669999875, value=h, duration=None>
876.8009 	EXP 	Device response: <KeyPress from None: t=876.6863669999875, value=h, duration=0.11172900011297315>
876.9863 	DATA 	Keypress: o
877.0001 	EXP 	Device response: <KeyPress from None: t=876.986051700078, value=o, duration=None>
877.1338 	EXP 	Device response: <KeyPress from None: t=876.986051700078, value=o, duration=0.1347230999963358>
877.2191 	DATA 	Keypress: u
877.2335 	EXP 	Device response: <KeyPress from None: t=877.2169076000573, value=u, duration=None>
877.3169 	EXP 	Device response: <KeyPress from None: t=877.2169076000573, value=u, duration=0.09505410003475845>
877.6835 	DATA 	Keypress: d
877.6845 	EXP 	Device response: <KeyPress from None: t=877.6726267000195, value=d, duration=None>
877.7341 	EXP 	Device response: <KeyPress from None: t=877.6726267000195, value=d, duration=0.05663130001630634>
878.1336 	DATA 	Keypress: backspace
878.1343 	EXP 	Device response: <KeyPress from None: t=878.1321790000657, value=backspace, duration=None>
878.3672 	EXP 	Device response: <KeyPress from None: t=878.1321790000657, value=backspace, duration=0.2256971999304369>
878.4003 	DATA 	Keypress: s
878.4013 	EXP 	Device response: <KeyPress from None: t=878.3963374000741, value=s, duration=None>
878.5342 	EXP 	Device response: <KeyPress from None: t=878.3963374000741, value=s, duration=0.13151129998732358>
878.6505 	DATA 	Keypress: e
878.6514 	EXP 	Device response: <KeyPress from None: t=878.6391505000647, value=e, duration=None>
878.7174 	EXP 	Device response: <KeyPress from None: t=878.6391505000647, value=e, duration=0.07217529998160899>
879.7355 	DATA 	Mouse: Left button down, pos=(531,161)
879.7382 	EXP 	New trial (rep=15, index=10): <Trial 310 (10 in rep 15) data={'test_word': 'ta_l_', 'Reference': 'Table', 'old_new': 'new', 'thisN': 310, 'thisTrialN': 10, 'thisRepN': 15}>
879.7656 	EXP 	text_2: autoDraw = False
879.7656 	EXP 	textbox: autoDraw = False
879.7656 	EXP 	text_3: autoDraw = False
879.7656 	EXP 	text_2: height = np.float64(0.05)
879.7656 	EXP 	text_2: height = np.float64(0.05)
879.7656 	EXP 	text_2: height = np.float64(0.05)
879.7656 	EXP 	text_2: text = 'ta_l_'
879.7656 	EXP 	text_2: autoDraw = True
879.7656 	EXP 	textbox: autoDraw = True
879.7656 	EXP 	text_3: autoDraw = True
879.9576 	DATA 	Mouse:  Left button up, pos=(531,161)
880.8330 	DATA 	Keypress: t
880.8336 	EXP 	Device response: <KeyPress from None: t=880.824597400031, value=t, duration=None>
880.9164 	EXP 	Device response: <KeyPress from None: t=880.824597400031, value=t, duration=0.0890823999652639>
880.9661 	DATA 	Keypress: a
880.9666 	EXP 	Device response: <KeyPress from None: t=880.9563243000302, value=a, duration=None>
881.1164 	EXP 	Device response: <KeyPress from None: t=880.9563243000302, value=a, duration=0.155778200016357>
881.1496 	DATA 	Keypress: b
881.1501 	EXP 	Device response: <KeyPress from None: t=881.14364080003, value=b, duration=None>
881.2168 	EXP 	Device response: <KeyPress from None: t=881.14364080003, value=b, duration=0.061942400061525404>
881.6168 	DATA 	Keypress: e
881.6179 	EXP 	Device response: <KeyPress from None: t=881.6126291000983, value=e, duration=None>
881.7500 	EXP 	Device response: <KeyPress from None: t=881.6126291000983, value=e, duration=0.12104779994115233>
883.3000 	DATA 	Keypress: backspace
883.3009 	EXP 	Device response: <KeyPress from None: t=883.2902759000426, value=backspace, duration=None>
883.3998 	EXP 	Device response: <KeyPress from None: t=883.2902759000426, value=backspace, duration=0.09826430003158748>
883.6509 	DATA 	Keypress: l
883.6522 	EXP 	Device response: <KeyPress from None: t=883.6492225000402, value=l, duration=None>
883.7360 	EXP 	Device response: <KeyPress from None: t=883.6492225000402, value=l, duration=0.07300660002510995>
883.8002 	DATA 	Keypress: e
883.8012 	EXP 	Device response: <KeyPress from None: t=883.7945925000822, value=e, duration=None>
883.9170 	EXP 	Device response: <KeyPress from None: t=883.7945925000822, value=e, duration=0.11135359993204474>
885.0181 	DATA 	Mouse: Left button down, pos=(531,161)
885.0193 	EXP 	New trial (rep=15, index=11): <Trial 311 (11 in rep 15) data={'test_word': 'v_s_', 'Reference': 'Vase', 'old_new': 'new', 'thisN': 311, 'thisTrialN': 11, 'thisRepN': 15}>
885.0335 	EXP 	text_2: autoDraw = False
885.0335 	EXP 	textbox: autoDraw = False
885.0335 	EXP 	text_3: autoDraw = False
885.0335 	EXP 	text_2: height = np.float64(0.05)
885.0335 	EXP 	text_2: height = np.float64(0.05)
885.0335 	EXP 	text_2: height = np.float64(0.05)
885.0335 	EXP 	text_2: text = 'v_s_'
885.0335 	EXP 	text_2: autoDraw = True
885.0335 	EXP 	textbox: autoDraw = True
885.0335 	EXP 	text_3: autoDraw = True
885.2515 	DATA 	Mouse:  Left button up, pos=(531,161)
885.4685 	DATA 	Mouse: Left button down, pos=(531,161)
885.4706 	EXP 	New trial (rep=15, index=12): <Trial 312 (12 in rep 15) data={'test_word': 'c_s_', 'Reference': 'Case', 'old_new': 'old', 'thisN': 312, 'thisTrialN': 12, 'thisRepN': 15}>
885.4828 	EXP 	text_2: autoDraw = False
885.4828 	EXP 	textbox: autoDraw = False
885.4828 	EXP 	text_3: autoDraw = False
885.4828 	EXP 	text_2: height = np.float64(0.05)
885.4828 	EXP 	text_2: height = np.float64(0.05)
885.4828 	EXP 	text_2: height = np.float64(0.05)
885.4828 	EXP 	text_2: text = 'c_s_'
885.4828 	EXP 	text_2: autoDraw = True
885.4828 	EXP 	textbox: autoDraw = True
885.4828 	EXP 	text_3: autoDraw = True
885.6871 	DATA 	Mouse:  Left button up, pos=(531,161)
886.6661 	DATA 	Keypress: c
886.6668 	EXP 	Device response: <KeyPress from None: t=886.6620676000603, value=c, duration=None>
886.7496 	EXP 	Device response: <KeyPress from None: t=886.6620676000603, value=c, duration=0.08188119996339083>
886.8008 	EXP 	Device response: <KeyPress from None: t=886.8006187999854, value=a, duration=None>
886.8040 	DATA 	Keypress: a
886.9164 	EXP 	Device response: <KeyPress from None: t=886.8006187999854, value=a, duration=0.1114411000162363>
886.9674 	DATA 	Keypress: s
886.9688 	EXP 	Device response: <KeyPress from None: t=886.9669538000599, value=s, duration=None>
887.0502 	EXP 	Device response: <KeyPress from None: t=886.9669538000599, value=s, duration=0.07283379998989403>
887.1497 	DATA 	Keypress: e
887.1503 	EXP 	Device response: <KeyPress from None: t=887.1388305000728, value=e, duration=None>
887.2339 	EXP 	Device response: <KeyPress from None: t=887.1388305000728, value=e, duration=0.08481579995714128>
888.0056 	DATA 	Mouse: Left button down, pos=(531,161)
888.0182 	EXP 	New trial (rep=15, index=13): <Trial 313 (13 in rep 15) data={'test_word': '_ha_t', 'Reference': 'Chart', 'old_new': 'old', 'thisN': 313, 'thisTrialN': 13, 'thisRepN': 15}>
888.0329 	EXP 	text_2: autoDraw = False
888.0329 	EXP 	textbox: autoDraw = False
888.0329 	EXP 	text_3: autoDraw = False
888.0329 	EXP 	text_2: height = np.float64(0.05)
888.0329 	EXP 	text_2: height = np.float64(0.05)
888.0329 	EXP 	text_2: height = np.float64(0.05)
888.0329 	EXP 	text_2: text = '_ha_t'
888.0329 	EXP 	text_2: autoDraw = True
888.0329 	EXP 	textbox: autoDraw = True
888.0329 	EXP 	text_3: autoDraw = True
888.2358 	DATA 	Mouse:  Left button up, pos=(531,161)
889.9164 	DATA 	Keypress: c
889.9175 	EXP 	Device response: <KeyPress from None: t=889.9145595000591, value=c, duration=None>
889.9835 	EXP 	Device response: <KeyPress from None: t=889.9145595000591, value=c, duration=0.06669020000845194>
890.6334 	DATA 	Keypress: h
890.6343 	EXP 	Device response: <KeyPress from None: t=890.6243943000445, value=h, duration=None>
890.7167 	EXP 	Device response: <KeyPress from None: t=890.6243943000445, value=h, duration=0.08404169999994338>
890.9669 	DATA 	Keypress: a
890.9678 	EXP 	Device response: <KeyPress from None: t=890.9637169000925, value=a, duration=None>
891.1168 	EXP 	Device response: <KeyPress from None: t=890.9637169000925, value=a, duration=0.15130669996142387>
891.2190 	DATA 	Keypress: r
891.2330 	EXP 	Device response: <KeyPress from None: t=891.2174104000442, value=r, duration=None>
891.2844 	EXP 	Device response: <KeyPress from None: t=891.2174104000442, value=r, duration=0.06405980000272393>
891.4163 	DATA 	Keypress: t
891.4175 	EXP 	Device response: <KeyPress from None: t=891.406772700022, value=t, duration=None>
891.5000 	EXP 	Device response: <KeyPress from None: t=891.406772700022, value=t, duration=0.08095620002131909>
892.5012 	DATA 	Mouse: Left button down, pos=(531,161)
892.5026 	EXP 	New trial (rep=15, index=14): <Trial 314 (14 in rep 15) data={'test_word': 'c_m_ra', 'Reference': 'Camera', 'old_new': 'new', 'thisN': 314, 'thisTrialN': 14, 'thisRepN': 15}>
892.5162 	EXP 	text_2: autoDraw = False
892.5162 	EXP 	textbox: autoDraw = False
892.5162 	EXP 	text_3: autoDraw = False
892.5162 	EXP 	text_2: height = np.float64(0.05)
892.5162 	EXP 	text_2: height = np.float64(0.05)
892.5162 	EXP 	text_2: height = np.float64(0.05)
892.5162 	EXP 	text_2: text = 'c_m_ra'
892.5162 	EXP 	text_2: autoDraw = True
892.5162 	EXP 	textbox: autoDraw = True
892.5162 	EXP 	text_3: autoDraw = True
892.7179 	DATA 	Mouse:  Left button up, pos=(531,161)
893.7860 	DATA 	Keypress: c
893.7992 	EXP 	Device response: <KeyPress from None: t=893.7832990000024, value=c, duration=None>
893.8828 	EXP 	Device response: <KeyPress from None: t=893.7832990000024, value=c, duration=0.09410690004006028>
894.0665 	DATA 	Keypress: a
894.0674 	EXP 	Device response: <KeyPress from None: t=894.0603060000576, value=a, duration=None>
894.2163 	EXP 	Device response: <KeyPress from None: t=894.0603060000576, value=a, duration=0.14995059999637306>
894.3161 	DATA 	Keypress: m
894.3168 	EXP 	Device response: <KeyPress from None: t=894.3063506000908, value=m, duration=None>
894.4160 	EXP 	Device response: <KeyPress from None: t=894.3063506000908, value=m, duration=0.09392479993402958>
894.4491 	DATA 	Keypress: e
894.4500 	EXP 	Device response: <KeyPress from None: t=894.4468885000097, value=e, duration=None>
894.5496 	EXP 	Device response: <KeyPress from None: t=894.4468885000097, value=e, duration=0.09640889998991042>
894.6496 	DATA 	Keypress: r
894.6505 	EXP 	Device response: <KeyPress from None: t=894.6422728000907, value=r, duration=None>
894.7331 	EXP 	Device response: <KeyPress from None: t=894.6422728000907, value=r, duration=0.08196939993649721>
894.8879 	DATA 	Keypress: a
894.8999 	EXP 	Device response: <KeyPress from None: t=894.8843010000419, value=a, duration=None>
895.0337 	EXP 	Device response: <KeyPress from None: t=894.8843010000419, value=a, duration=0.1489764000289142>
895.8689 	DATA 	Mouse: Left button down, pos=(531,161)
895.8701 	EXP 	New trial (rep=15, index=15): <Trial 315 (15 in rep 15) data={'test_word': '_o_rd', 'Reference': 'Board', 'old_new': 'old', 'thisN': 315, 'thisTrialN': 15, 'thisRepN': 15}>
895.8827 	EXP 	text_2: autoDraw = False
895.8827 	EXP 	textbox: autoDraw = False
895.8827 	EXP 	text_3: autoDraw = False
895.8827 	EXP 	text_2: height = np.float64(0.05)
895.8827 	EXP 	text_2: height = np.float64(0.05)
895.8827 	EXP 	text_2: height = np.float64(0.05)
895.8827 	EXP 	text_2: text = '_o_rd'
895.8827 	EXP 	text_2: autoDraw = True
895.8827 	EXP 	textbox: autoDraw = True
895.8827 	EXP 	text_3: autoDraw = True
896.0868 	DATA 	Mouse:  Left button up, pos=(531,161)
897.3192 	DATA 	Keypress: b
897.3323 	EXP 	Device response: <KeyPress from None: t=897.3175212000497, value=b, duration=None>
897.3997 	EXP 	Device response: <KeyPress from None: t=897.3175212000497, value=b, duration=0.07893089996650815>
897.5492 	DATA 	Keypress: o
897.5499 	EXP 	Device response: <KeyPress from None: t=897.5442194000352, value=o, duration=None>
897.6660 	EXP 	Device response: <KeyPress from None: t=897.5442194000352, value=o, duration=0.10825060005299747>
897.7164 	DATA 	Keypress: a
897.7174 	EXP 	Device response: <KeyPress from None: t=897.70417120005, value=a, duration=None>
897.8335 	EXP 	Device response: <KeyPress from None: t=897.70417120005, value=a, duration=0.1276609000051394>
897.9695 	DATA 	Keypress: r
897.9833 	EXP 	Device response: <KeyPress from None: t=897.9682352000382, value=r, duration=None>
898.0675 	EXP 	Device response: <KeyPress from None: t=897.9682352000382, value=r, duration=0.08791120001114905>
898.1830 	DATA 	Keypress: d
898.1837 	EXP 	Device response: <KeyPress from None: t=898.177417900064, value=d, duration=None>
898.2664 	EXP 	Device response: <KeyPress from None: t=898.177417900064, value=d, duration=0.07822639995720237>
899.4032 	DATA 	Mouse: Left button down, pos=(531,161)
899.4046 	EXP 	New trial (rep=15, index=16): <Trial 316 (16 in rep 15) data={'test_word': 'P_as_tr_', 'Reference': 'Pastry', 'old_new': 'old', 'thisN': 316, 'thisTrialN': 16, 'thisRepN': 15}>
899.4163 	EXP 	text_2: autoDraw = False
899.4163 	EXP 	textbox: autoDraw = False
899.4163 	EXP 	text_3: autoDraw = False
899.4163 	EXP 	text_2: height = np.float64(0.05)
899.4163 	EXP 	text_2: height = np.float64(0.05)
899.4163 	EXP 	text_2: height = np.float64(0.05)
899.4163 	EXP 	text_2: text = 'P_as_tr_'
899.4163 	EXP 	text_2: autoDraw = True
899.4163 	EXP 	textbox: autoDraw = True
899.4163 	EXP 	text_3: autoDraw = True
899.6175 	DATA 	Mouse:  Left button up, pos=(531,161)
900.5368 	DATA 	Keypress: p
900.5506 	EXP 	Device response: <KeyPress from None: t=900.5365004000487, value=p, duration=None>
900.6670 	EXP 	Device response: <KeyPress from None: t=900.5365004000487, value=p, duration=0.11928129999432713>
900.6999 	DATA 	Keypress: a
900.7004 	EXP 	Device response: <KeyPress from None: t=900.698209800059, value=a, duration=None>
900.8331 	EXP 	Device response: <KeyPress from None: t=900.698209800059, value=a, duration=0.1261804000241682>
900.9164 	DATA 	Keypress: s
900.9171 	EXP 	Device response: <KeyPress from None: t=900.9076884000096, value=s, duration=None>
901.0507 	EXP 	Device response: <KeyPress from None: t=900.9076884000096, value=s, duration=0.12977400003001094>
901.1829 	DATA 	Keypress: t
901.1839 	EXP 	Device response: <KeyPress from None: t=901.1732237000251, value=t, duration=None>
901.2665 	EXP 	Device response: <KeyPress from None: t=901.1732237000251, value=t, duration=0.08182650001253933>
901.3842 	DATA 	Keypress: r
901.3849 	EXP 	Device response: <KeyPress from None: t=901.3839885999914, value=r, duration=None>
901.4831 	EXP 	Device response: <KeyPress from None: t=901.3839885999914, value=r, duration=0.08255690010264516>
901.6010 	DATA 	Keypress: y
901.6021 	EXP 	Device response: <KeyPress from None: t=901.5861237000208, value=y, duration=None>
901.6836 	EXP 	Device response: <KeyPress from None: t=901.5861237000208, value=y, duration=0.0859255000250414>
902.4180 	DATA 	Mouse: Left button down, pos=(531,161)
902.4192 	EXP 	New trial (rep=15, index=17): <Trial 317 (17 in rep 15) data={'test_word': 'bo_t_e', 'Reference': 'Bottle', 'old_new': 'new', 'thisN': 317, 'thisTrialN': 17, 'thisRepN': 15}>
902.4328 	EXP 	text_2: autoDraw = False
902.4328 	EXP 	textbox: autoDraw = False
902.4328 	EXP 	text_3: autoDraw = False
902.4328 	EXP 	text_2: height = np.float64(0.05)
902.4328 	EXP 	text_2: height = np.float64(0.05)
902.4328 	EXP 	text_2: height = np.float64(0.05)
902.4328 	EXP 	text_2: text = 'bo_t_e'
902.4328 	EXP 	text_2: autoDraw = True
902.4328 	EXP 	textbox: autoDraw = True
902.4328 	EXP 	text_3: autoDraw = True
902.6697 	DATA 	Mouse:  Left button up, pos=(531,161)
902.7358 	DATA 	Mouse: Left button down, pos=(531,161)
902.7379 	EXP 	New trial (rep=15, index=18): <Trial 318 (18 in rep 15) data={'test_word': 'P_li_e', 'Reference': 'Police', 'old_new': 'old', 'thisN': 318, 'thisTrialN': 18, 'thisRepN': 15}>
902.7497 	EXP 	text_2: autoDraw = False
902.7497 	EXP 	textbox: autoDraw = False
902.7497 	EXP 	text_3: autoDraw = False
902.7497 	EXP 	text_2: height = np.float64(0.05)
902.7497 	EXP 	text_2: height = np.float64(0.05)
902.7497 	EXP 	text_2: height = np.float64(0.05)
902.7497 	EXP 	text_2: text = 'P_li_e'
902.7497 	EXP 	text_2: autoDraw = True
902.7497 	EXP 	textbox: autoDraw = True
902.7497 	EXP 	text_3: autoDraw = True
902.9013 	DATA 	Mouse:  Left button up, pos=(531,161)
903.7496 	DATA 	Keypress: p
903.7503 	EXP 	Device response: <KeyPress from None: t=903.7477848000126, value=p, duration=None>
903.8494 	EXP 	Device response: <KeyPress from None: t=903.7477848000126, value=p, duration=0.08542190003208816>
903.9520 	DATA 	Keypress: o
903.9666 	EXP 	Device response: <KeyPress from None: t=903.9499114000937, value=o, duration=None>
904.0331 	EXP 	Device response: <KeyPress from None: t=903.9499114000937, value=o, duration=0.07152070000302047>
904.1498 	DATA 	Keypress: l
904.1507 	EXP 	Device response: <KeyPress from None: t=904.148050900083, value=l, duration=None>
904.2330 	EXP 	Device response: <KeyPress from None: t=904.148050900083, value=l, duration=0.07091269991360605>
904.3692 	DATA 	Keypress: i
904.3836 	EXP 	Device response: <KeyPress from None: t=904.3680233000778, value=i, duration=None>
904.4505 	EXP 	Device response: <KeyPress from None: t=904.3680233000778, value=i, duration=0.07798059994820505>
904.5663 	DATA 	Keypress: c
904.5678 	EXP 	Device response: <KeyPress from None: t=904.5635597000364, value=c, duration=None>
904.6995 	EXP 	Device response: <KeyPress from None: t=904.5635597000364, value=c, duration=0.12307420000433922>
904.8184 	DATA 	Keypress: e
904.8337 	EXP 	Device response: <KeyPress from None: t=904.817501100013, value=e, duration=None>
904.8999 	EXP 	Device response: <KeyPress from None: t=904.817501100013, value=e, duration=0.07352460001129657>
905.7015 	DATA 	Mouse: Left button down, pos=(531,161)
905.7034 	EXP 	New trial (rep=15, index=19): <Trial 319 (19 in rep 15) data={'test_word': 'K_y_', 'Reference': 'Keys', 'old_new': 'old', 'thisN': 319, 'thisTrialN': 19, 'thisRepN': 15}>
905.7157 	EXP 	text_2: autoDraw = False
905.7157 	EXP 	textbox: autoDraw = False
905.7157 	EXP 	text_3: autoDraw = False
905.7157 	EXP 	text_2: height = np.float64(0.05)
905.7157 	EXP 	text_2: height = np.float64(0.05)
905.7157 	EXP 	text_2: height = np.float64(0.05)
905.7157 	EXP 	text_2: text = 'K_y_'
905.7157 	EXP 	text_2: autoDraw = True
905.7157 	EXP 	textbox: autoDraw = True
905.7157 	EXP 	text_3: autoDraw = True
905.9343 	DATA 	Mouse:  Left button up, pos=(531,161)
906.8688 	DATA 	Keypress: k
906.8830 	EXP 	Device response: <KeyPress from None: t=906.8671911000274, value=k, duration=None>
906.9333 	EXP 	Device response: <KeyPress from None: t=906.8671911000274, value=k, duration=0.055669200024567544>
907.0505 	DATA 	Keypress: e
907.0512 	EXP 	Device response: <KeyPress from None: t=907.0404611000558, value=e, duration=None>
907.1663 	EXP 	Device response: <KeyPress from None: t=907.0404611000558, value=e, duration=0.1100513000274077>
907.3164 	DATA 	Keypress: y
907.3171 	EXP 	Device response: <KeyPress from None: t=907.3042578999884, value=y, duration=None>
907.3665 	EXP 	Device response: <KeyPress from None: t=907.3042578999884, value=y, duration=0.0581631000386551>
907.5160 	DATA 	Keypress: s
907.5166 	EXP 	Device response: <KeyPress from None: t=907.5027399000246, value=s, duration=None>
907.6502 	EXP 	Device response: <KeyPress from None: t=907.5027399000246, value=s, duration=0.13346340006683022>
908.6025 	DATA 	Mouse: Left button down, pos=(531,161)
908.6040 	EXP 	New trial (rep=16, index=0): <Trial 320 (0 in rep 16) data={'test_word': 'P_as_tr_', 'Reference': 'Pastry', 'old_new': 'old', 'thisN': 320, 'thisTrialN': 0, 'thisRepN': 16}>
908.6167 	EXP 	text_2: autoDraw = False
908.6167 	EXP 	textbox: autoDraw = False
908.6167 	EXP 	text_3: autoDraw = False
908.6167 	EXP 	text_2: height = np.float64(0.05)
908.6167 	EXP 	text_2: height = np.float64(0.05)
908.6167 	EXP 	text_2: height = np.float64(0.05)
908.6167 	EXP 	text_2: text = 'P_as_tr_'
908.6167 	EXP 	text_2: autoDraw = True
908.6167 	EXP 	textbox: autoDraw = True
908.6167 	EXP 	text_3: autoDraw = True
908.8174 	DATA 	Mouse:  Left button up, pos=(531,161)
909.4329 	DATA 	Keypress: p
909.4335 	EXP 	Device response: <KeyPress from None: t=909.4239718000172, value=p, duration=None>
909.5666 	EXP 	Device response: <KeyPress from None: t=909.4239718000172, value=p, duration=0.14055290003307164>
909.6995 	DATA 	Keypress: a
909.7002 	EXP 	Device response: <KeyPress from None: t=909.6973608999979, value=a, duration=None>
909.8340 	EXP 	Device response: <KeyPress from None: t=909.6973608999979, value=a, duration=0.12233310006558895>
909.9340 	DATA 	Keypress: s
909.9353 	EXP 	Device response: <KeyPress from None: t=909.9299670000328, value=s, duration=None>
910.0839 	EXP 	Device response: <KeyPress from None: t=909.9299670000328, value=s, duration=0.14078789995983243>
910.4661 	DATA 	Keypress: t
910.4669 	EXP 	Device response: <KeyPress from None: t=910.4540560999885, value=t, duration=None>
910.5664 	EXP 	Device response: <KeyPress from None: t=910.4540560999885, value=t, duration=0.09836460009682924>
910.7162 	DATA 	Keypress: r
910.7170 	EXP 	Device response: <KeyPress from None: t=910.7074461000739, value=r, duration=None>
910.7996 	EXP 	Device response: <KeyPress from None: t=910.7074461000739, value=r, duration=0.07680349994916469>
910.9163 	DATA 	Keypress: y
910.9172 	EXP 	Device response: <KeyPress from None: t=910.907595800003, value=y, duration=None>
910.9998 	EXP 	Device response: <KeyPress from None: t=910.907595800003, value=y, duration=0.08401180000510067>
911.7674 	DATA 	Mouse: Left button down, pos=(531,161)
911.7690 	EXP 	New trial (rep=16, index=1): <Trial 321 (1 in rep 16) data={'test_word': 'ta_l_', 'Reference': 'Table', 'old_new': 'new', 'thisN': 321, 'thisTrialN': 1, 'thisRepN': 16}>
911.7827 	EXP 	text_2: autoDraw = False
911.7827 	EXP 	textbox: autoDraw = False
911.7827 	EXP 	text_3: autoDraw = False
911.7827 	EXP 	text_2: height = np.float64(0.05)
911.7827 	EXP 	text_2: height = np.float64(0.05)
911.7827 	EXP 	text_2: height = np.float64(0.05)
911.7827 	EXP 	text_2: text = 'ta_l_'
911.7827 	EXP 	text_2: autoDraw = True
911.7827 	EXP 	textbox: autoDraw = True
911.7827 	EXP 	text_3: autoDraw = True
911.9844 	DATA 	Mouse:  Left button up, pos=(531,161)
912.8659 	DATA 	Keypress: t
912.8666 	EXP 	Device response: <KeyPress from None: t=912.8622506000102, value=t, duration=None>
912.9497 	EXP 	Device response: <KeyPress from None: t=912.8622506000102, value=t, duration=0.07787240005563945>
913.0184 	DATA 	Keypress: a
913.0328 	EXP 	Device response: <KeyPress from None: t=913.0180853999918, value=a, duration=None>
913.1831 	EXP 	Device response: <KeyPress from None: t=913.0180853999918, value=a, duration=0.16449280001688749>
913.2184 	DATA 	Keypress: b
913.2325 	EXP 	Device response: <KeyPress from None: t=913.2165295000887, value=b, duration=None>
913.2831 	EXP 	Device response: <KeyPress from None: t=913.2165295000887, value=b, duration=0.058691299986094236>
913.6498 	DATA 	Keypress: l
913.6507 	EXP 	Device response: <KeyPress from None: t=913.6448991000652, value=l, duration=None>
913.7662 	DATA 	Keypress: e
913.7672 	EXP 	Device response: <KeyPress from None: t=913.7622919999994, value=e, duration=None>
913.7831 	EXP 	Device response: <KeyPress from None: t=913.6448991000652, value=l, duration=0.13034239993430674>
913.8838 	EXP 	Device response: <KeyPress from None: t=913.7622919999994, value=e, duration=0.11320780008099973>
914.6684 	DATA 	Mouse: Left button down, pos=(531,161)
914.6706 	EXP 	New trial (rep=16, index=2): <Trial 322 (2 in rep 16) data={'test_word': 'K_y_', 'Reference': 'Keys', 'old_new': 'old', 'thisN': 322, 'thisTrialN': 2, 'thisRepN': 16}>
914.6831 	EXP 	text_2: autoDraw = False
914.6831 	EXP 	textbox: autoDraw = False
914.6831 	EXP 	text_3: autoDraw = False
914.6831 	EXP 	text_2: height = np.float64(0.05)
914.6831 	EXP 	text_2: height = np.float64(0.05)
914.6831 	EXP 	text_2: height = np.float64(0.05)
914.6831 	EXP 	text_2: text = 'K_y_'
914.6831 	EXP 	text_2: autoDraw = True
914.6831 	EXP 	textbox: autoDraw = True
914.6831 	EXP 	text_3: autoDraw = True
914.8847 	DATA 	Mouse:  Left button up, pos=(531,161)
915.9660 	DATA 	Keypress: k
915.9667 	EXP 	Device response: <KeyPress from None: t=915.9539316000883, value=k, duration=None>
916.0168 	EXP 	Device response: <KeyPress from None: t=915.9539316000883, value=k, duration=0.05643889994826168>
916.1167 	DATA 	Keypress: e
916.1176 	EXP 	Device response: <KeyPress from None: t=916.1128531000577, value=e, duration=None>
916.2332 	EXP 	Device response: <KeyPress from None: t=916.1128531000577, value=e, duration=0.110075099975802>
916.3043 	DATA 	Keypress: y
916.3161 	EXP 	Device response: <KeyPress from None: t=916.3036997000454, value=y, duration=None>
916.4165 	EXP 	Device response: <KeyPress from None: t=916.3036997000454, value=y, duration=0.09946669999044389>
916.5495 	DATA 	Keypress: s
916.5503 	EXP 	Device response: <KeyPress from None: t=916.5439656000817, value=s, duration=None>
916.6829 	EXP 	Device response: <KeyPress from None: t=916.5439656000817, value=s, duration=0.13244590000249445>
917.7341 	DATA 	Mouse: Left button down, pos=(531,161)
917.7353 	EXP 	New trial (rep=16, index=3): <Trial 323 (3 in rep 16) data={'test_word': '_o_rd', 'Reference': 'Board', 'old_new': 'old', 'thisN': 323, 'thisTrialN': 3, 'thisRepN': 16}>
917.7505 	EXP 	text_2: autoDraw = False
917.7505 	EXP 	textbox: autoDraw = False
917.7505 	EXP 	text_3: autoDraw = False
917.7505 	EXP 	text_2: height = np.float64(0.05)
917.7505 	EXP 	text_2: height = np.float64(0.05)
917.7505 	EXP 	text_2: height = np.float64(0.05)
917.7505 	EXP 	text_2: text = '_o_rd'
917.7505 	EXP 	text_2: autoDraw = True
917.7505 	EXP 	textbox: autoDraw = True
917.7505 	EXP 	text_3: autoDraw = True
917.9514 	DATA 	Mouse:  Left button up, pos=(531,161)
918.9328 	DATA 	Keypress: b
918.9334 	EXP 	Device response: <KeyPress from None: t=918.9308882000623, value=b, duration=None>
919.0166 	EXP 	Device response: <KeyPress from None: t=918.9308882000623, value=b, duration=0.07173510000575334>
919.2662 	DATA 	Keypress: o
919.2668 	EXP 	Device response: <KeyPress from None: t=919.2547652000794, value=o, duration=None>
919.3504 	EXP 	Device response: <KeyPress from None: t=919.2547652000794, value=o, duration=0.08991380000952631>
919.4163 	DATA 	Keypress: a
919.4169 	EXP 	Device response: <KeyPress from None: t=919.4117114000255, value=a, duration=None>
919.5508 	EXP 	Device response: <KeyPress from None: t=919.4117114000255, value=a, duration=0.13650809996761382>
919.6839 	DATA 	Keypress: r
919.6844 	EXP 	Device response: <KeyPress from None: t=919.6705956000369, value=r, duration=None>
919.7831 	EXP 	Device response: <KeyPress from None: t=919.6705956000369, value=r, duration=0.10727469995617867>
919.9008 	DATA 	Keypress: d
919.9015 	EXP 	Device response: <KeyPress from None: t=919.8943907000357, value=d, duration=None>
920.0169 	EXP 	Device response: <KeyPress from None: t=919.8943907000357, value=d, duration=0.11434780003037304>
923.7517 	DATA 	Mouse: Left button down, pos=(531,161)
923.7547 	EXP 	New trial (rep=16, index=4): <Trial 324 (4 in rep 16) data={'test_word': 'p_nc_l', 'Reference': 'Pencil', 'old_new': 'new', 'thisN': 324, 'thisTrialN': 4, 'thisRepN': 16}>
923.7822 	EXP 	text_2: autoDraw = False
923.7822 	EXP 	textbox: autoDraw = False
923.7822 	EXP 	text_3: autoDraw = False
923.7822 	EXP 	text_2: height = np.float64(0.05)
923.7822 	EXP 	text_2: height = np.float64(0.05)
923.7822 	EXP 	text_2: height = np.float64(0.05)
923.7822 	EXP 	text_2: text = 'p_nc_l'
923.7822 	EXP 	text_2: autoDraw = True
923.7822 	EXP 	textbox: autoDraw = True
923.7822 	EXP 	text_3: autoDraw = True
923.9680 	DATA 	Mouse:  Left button up, pos=(531,161)
924.8833 	DATA 	Keypress: p
924.8838 	EXP 	Device response: <KeyPress from None: t=924.8764759000624, value=p, duration=None>
924.9668 	EXP 	Device response: <KeyPress from None: t=924.8764759000624, value=p, duration=0.07370139996055514>
925.0170 	DATA 	Keypress: e
925.0185 	EXP 	Device response: <KeyPress from None: t=925.0068425000645, value=e, duration=None>
925.1330 	EXP 	Device response: <KeyPress from None: t=925.0068425000645, value=e, duration=0.11847929994110018>
925.2855 	DATA 	Keypress: n
925.2995 	EXP 	Device response: <KeyPress from None: t=925.2840277000796, value=n, duration=None>
925.3668 	EXP 	Device response: <KeyPress from None: t=925.2840277000796, value=n, duration=0.07114929996896535>
925.6664 	DATA 	Keypress: c
925.6671 	EXP 	Device response: <KeyPress from None: t=925.6649370000232, value=c, duration=None>
925.7676 	EXP 	Device response: <KeyPress from None: t=925.6649370000232, value=c, duration=0.09442660002969205>
925.8993 	DATA 	Keypress: i
925.9000 	EXP 	Device response: <KeyPress from None: t=925.8970348000294, value=i, duration=None>
925.9668 	EXP 	Device response: <KeyPress from None: t=925.8970348000294, value=i, duration=0.06305220001377165>
926.1329 	DATA 	Keypress: l
926.1334 	EXP 	Device response: <KeyPress from None: t=926.1190702000167, value=l, duration=None>
926.2167 	EXP 	Device response: <KeyPress from None: t=926.1190702000167, value=l, duration=0.09311959997285157>
927.5343 	DATA 	Mouse: Left button down, pos=(531,161)
927.5359 	EXP 	New trial (rep=16, index=5): <Trial 325 (5 in rep 16) data={'test_word': 'l_pt_p', 'Reference': 'Laptop', 'old_new': 'old', 'thisN': 325, 'thisTrialN': 5, 'thisRepN': 16}>
927.5489 	EXP 	text_2: autoDraw = False
927.5489 	EXP 	textbox: autoDraw = False
927.5489 	EXP 	text_3: autoDraw = False
927.5489 	EXP 	text_2: height = np.float64(0.05)
927.5489 	EXP 	text_2: height = np.float64(0.05)
927.5489 	EXP 	text_2: height = np.float64(0.05)
927.5489 	EXP 	text_2: text = 'l_pt_p'
927.5489 	EXP 	text_2: autoDraw = True
927.5489 	EXP 	textbox: autoDraw = True
927.5489 	EXP 	text_3: autoDraw = True
927.7512 	DATA 	Mouse:  Left button up, pos=(531,161)
928.8330 	DATA 	Keypress: l
928.8342 	EXP 	Device response: <KeyPress from None: t=928.8267776999855, value=l, duration=None>
928.9000 	EXP 	Device response: <KeyPress from None: t=928.8267776999855, value=l, duration=0.06568240001797676>
929.0329 	DATA 	Keypress: a
929.0337 	EXP 	Device response: <KeyPress from None: t=929.029303300078, value=a, duration=None>
929.1997 	DATA 	Keypress: p
929.2003 	EXP 	Device response: <KeyPress from None: t=929.029303300078, value=a, duration=0.15587629994843155>
929.2003 	EXP 	Device response: <KeyPress from None: t=929.1983229999896, value=p, duration=None>
929.2828 	EXP 	Device response: <KeyPress from None: t=929.1983229999896, value=p, duration=0.07968419999815524>
929.5683 	DATA 	Keypress: t
929.5838 	EXP 	Device response: <KeyPress from None: t=929.5677012000233, value=t, duration=None>
929.6673 	EXP 	Device response: <KeyPress from None: t=929.5677012000233, value=t, duration=0.09595630003605038>
929.7670 	DATA 	Keypress: o
929.7685 	EXP 	Device response: <KeyPress from None: t=929.7612366999965, value=o, duration=None>
929.8493 	EXP 	Device response: <KeyPress from None: t=929.7612366999965, value=o, duration=0.07327280007302761>
929.9668 	DATA 	Keypress: p
929.9674 	EXP 	Device response: <KeyPress from None: t=929.9652397000464, value=p, duration=None>
930.0659 	EXP 	Device response: <KeyPress from None: t=929.9652397000464, value=p, duration=0.08506169996690005>
931.0560 	DATA 	Mouse: Left button down, pos=(531,161)
931.0673 	EXP 	New trial (rep=16, index=6): <Trial 326 (6 in rep 16) data={'test_word': 'c_m_ra', 'Reference': 'Camera', 'old_new': 'new', 'thisN': 326, 'thisTrialN': 6, 'thisRepN': 16}>
931.0827 	EXP 	text_2: autoDraw = False
931.0827 	EXP 	textbox: autoDraw = False
931.0827 	EXP 	text_3: autoDraw = False
931.0827 	EXP 	text_2: height = np.float64(0.05)
931.0827 	EXP 	text_2: height = np.float64(0.05)
931.0827 	EXP 	text_2: height = np.float64(0.05)
931.0827 	EXP 	text_2: text = 'c_m_ra'
931.0827 	EXP 	text_2: autoDraw = True
931.0827 	EXP 	textbox: autoDraw = True
931.0827 	EXP 	text_3: autoDraw = True
931.2846 	DATA 	Mouse:  Left button up, pos=(531,161)
932.1997 	DATA 	Keypress: c
932.2002 	EXP 	Device response: <KeyPress from None: t=932.1937155000633, value=c, duration=None>
932.2664 	EXP 	Device response: <KeyPress from None: t=932.1937155000633, value=c, duration=0.07216650003101677>
932.4159 	DATA 	Keypress: a
932.4165 	EXP 	Device response: <KeyPress from None: t=932.414129700046, value=a, duration=None>
932.6164 	EXP 	Device response: <KeyPress from None: t=932.414129700046, value=a, duration=0.18744540004990995>
932.7516 	DATA 	Keypress: m
932.7531 	EXP 	Device response: <KeyPress from None: t=932.7380314000184, value=m, duration=None>
932.8163 	EXP 	Device response: <KeyPress from None: t=932.7380314000184, value=m, duration=0.06912770005874336>
932.8662 	DATA 	Keypress: e
932.8672 	EXP 	Device response: <KeyPress from None: t=932.8637596000917, value=e, duration=None>
932.9998 	EXP 	Device response: <KeyPress from None: t=932.8637596000917, value=e, duration=0.1314833000069484>
933.1171 	DATA 	Keypress: r
933.1181 	EXP 	Device response: <KeyPress from None: t=933.1152862000745, value=r, duration=None>
933.2159 	EXP 	Device response: <KeyPress from None: t=933.1152862000745, value=r, duration=0.08452829997986555>
933.4164 	DATA 	Keypress: a
933.4174 	EXP 	Device response: <KeyPress from None: t=933.4055891000899, value=a, duration=None>
933.6163 	EXP 	Device response: <KeyPress from None: t=933.4055891000899, value=a, duration=0.20422569999936968>
934.4690 	DATA 	Mouse: Left button down, pos=(531,161)
934.4706 	EXP 	New trial (rep=16, index=7): <Trial 327 (7 in rep 16) data={'test_word': 'c_s_io_', 'Reference': 'Cushion', 'old_new': 'new', 'thisN': 327, 'thisTrialN': 7, 'thisRepN': 16}>
934.4838 	EXP 	text_2: autoDraw = False
934.4838 	EXP 	textbox: autoDraw = False
934.4838 	EXP 	text_3: autoDraw = False
934.4838 	EXP 	text_2: height = np.float64(0.05)
934.4838 	EXP 	text_2: height = np.float64(0.05)
934.4838 	EXP 	text_2: height = np.float64(0.05)
934.4838 	EXP 	text_2: text = 'c_s_io_'
934.4838 	EXP 	text_2: autoDraw = True
934.4838 	EXP 	textbox: autoDraw = True
934.4838 	EXP 	text_3: autoDraw = True
934.6840 	DATA 	Mouse:  Left button up, pos=(531,161)
935.8328 	DATA 	Keypress: c
935.8333 	EXP 	Device response: <KeyPress from None: t=935.819338100031, value=c, duration=None>
935.9333 	EXP 	Device response: <KeyPress from None: t=935.819338100031, value=c, duration=0.11223920003976673>
936.0180 	DATA 	Keypress: u
936.0190 	EXP 	Device response: <KeyPress from None: t=936.0160625000717, value=u, duration=None>
936.1005 	EXP 	Device response: <KeyPress from None: t=936.0160625000717, value=u, duration=0.072403599973768>
936.2196 	DATA 	Keypress: s
936.2332 	EXP 	Device response: <KeyPress from None: t=936.2180959000252, value=s, duration=None>
936.3497 	EXP 	Device response: <KeyPress from None: t=936.2180959000252, value=s, duration=0.12543240003287792>
936.4160 	DATA 	Keypress: h
936.4166 	EXP 	Device response: <KeyPress from None: t=936.4064077000367, value=h, duration=None>
936.4827 	EXP 	Device response: <KeyPress from None: t=936.4064077000367, value=h, duration=0.06781439995393157>
936.6514 	DATA 	Keypress: i
936.6521 	EXP 	Device response: <KeyPress from None: t=936.6500942000421, value=i, duration=None>
936.7498 	EXP 	Device response: <KeyPress from None: t=936.6500942000421, value=i, duration=0.08532449998892844>
936.8514 	DATA 	Keypress: o
936.8658 	EXP 	Device response: <KeyPress from None: t=936.8505858000135, value=o, duration=None>
936.9660 	EXP 	Device response: <KeyPress from None: t=936.8505858000135, value=o, duration=0.09908070007804781>
937.0838 	DATA 	Keypress: n
937.0845 	EXP 	Device response: <KeyPress from None: t=937.0733772000531, value=n, duration=None>
937.1665 	EXP 	Device response: <KeyPress from None: t=937.0733772000531, value=n, duration=0.07776589994318783>
937.9344 	DATA 	Mouse: Left button down, pos=(531,161)
937.9357 	EXP 	New trial (rep=16, index=8): <Trial 328 (8 in rep 16) data={'test_word': 'v_s_', 'Reference': 'Vase', 'old_new': 'new', 'thisN': 328, 'thisTrialN': 8, 'thisRepN': 16}>
937.9487 	EXP 	text_2: autoDraw = False
937.9487 	EXP 	textbox: autoDraw = False
937.9487 	EXP 	text_3: autoDraw = False
937.9487 	EXP 	text_2: height = np.float64(0.05)
937.9487 	EXP 	text_2: height = np.float64(0.05)
937.9487 	EXP 	text_2: height = np.float64(0.05)
937.9487 	EXP 	text_2: text = 'v_s_'
937.9487 	EXP 	text_2: autoDraw = True
937.9487 	EXP 	textbox: autoDraw = True
937.9487 	EXP 	text_3: autoDraw = True
938.1510 	DATA 	Mouse:  Left button up, pos=(531,161)
939.0343 	DATA 	Keypress: v
939.0348 	EXP 	Device response: <KeyPress from None: t=939.0226230000844, value=v, duration=None>
939.1332 	EXP 	Device response: <KeyPress from None: t=939.0226230000844, value=v, duration=0.10325689997989684>
939.2008 	DATA 	Keypress: a
939.2017 	EXP 	Device response: <KeyPress from None: t=939.1998596000485, value=a, duration=None>
939.3329 	EXP 	Device response: <KeyPress from None: t=939.1998596000485, value=a, duration=0.13255119998939335>
939.5358 	DATA 	Keypress: e
939.5495 	EXP 	Device response: <KeyPress from None: t=939.5346148000099, value=e, duration=None>
939.6168 	EXP 	Device response: <KeyPress from None: t=939.5346148000099, value=e, duration=0.07304120005574077>
940.4163 	DATA 	Keypress: backslash
940.4176 	EXP 	Device response: <KeyPress from None: t=940.4110977000091, value=backslash, duration=None>
940.5667 	EXP 	Device response: <KeyPress from None: t=940.4110977000091, value=backslash, duration=0.1446902999887243>
940.6878 	DATA 	Keypress: s
940.6997 	EXP 	Device response: <KeyPress from None: t=940.6873895000899, value=s, duration=None>
940.8327 	EXP 	Device response: <KeyPress from None: t=940.6873895000899, value=s, duration=0.14133499993477017>
940.9661 	DATA 	Keypress: backspace
940.9672 	EXP 	Device response: <KeyPress from None: t=940.963777200086, value=backspace, duration=None>
941.0515 	EXP 	Device response: <KeyPress from None: t=940.963777200086, value=backspace, duration=0.0726448999485001>
941.1523 	DATA 	Keypress: backspace
941.1656 	EXP 	Device response: <KeyPress from None: t=941.1517015000572, value=backspace, duration=None>
941.2332 	EXP 	Device response: <KeyPress from None: t=941.1517015000572, value=backspace, duration=0.07105599995702505>
941.3328 	DATA 	Keypress: backspace
941.3336 	EXP 	Device response: <KeyPress from None: t=941.3209321000613, value=backspace, duration=None>
941.4172 	EXP 	Device response: <KeyPress from None: t=941.3209321000613, value=backspace, duration=0.08403989998623729>
941.4835 	DATA 	Keypress: s
941.4848 	EXP 	Device response: <KeyPress from None: t=941.4706651000306, value=s, duration=None>
941.5998 	EXP 	Device response: <KeyPress from None: t=941.4706651000306, value=s, duration=0.12440580001566559>
941.6997 	DATA 	Keypress: e
941.7004 	EXP 	Device response: <KeyPress from None: t=941.6904100000393, value=e, duration=None>
941.8334 	EXP 	Device response: <KeyPress from None: t=941.6904100000393, value=e, duration=0.13238750002346933>
942.6835 	DATA 	Mouse: Left button down, pos=(531,161)
942.6853 	EXP 	New trial (rep=16, index=9): <Trial 329 (9 in rep 16) data={'test_word': 'P_st_r', 'Reference': 'Poster', 'old_new': 'old', 'thisN': 329, 'thisTrialN': 9, 'thisRepN': 16}>
942.6990 	EXP 	text_2: autoDraw = False
942.6990 	EXP 	textbox: autoDraw = False
942.6990 	EXP 	text_3: autoDraw = False
942.6990 	EXP 	text_2: height = np.float64(0.05)
942.6990 	EXP 	text_2: height = np.float64(0.05)
942.6990 	EXP 	text_2: height = np.float64(0.05)
942.6990 	EXP 	text_2: text = 'P_st_r'
942.6990 	EXP 	text_2: autoDraw = True
942.6990 	EXP 	textbox: autoDraw = True
942.6990 	EXP 	text_3: autoDraw = True
942.9007 	DATA 	Mouse:  Left button up, pos=(531,161)
943.8215 	DATA 	Keypress: p
943.8327 	EXP 	Device response: <KeyPress from None: t=943.8166234000819, value=p, duration=None>
943.8996 	EXP 	Device response: <KeyPress from None: t=943.8166234000819, value=p, duration=0.07181929994840175>
943.9495 	DATA 	Keypress: a
943.9503 	EXP 	Device response: <KeyPress from None: t=943.9430829000194, value=a, duration=None>
944.0675 	EXP 	Device response: <KeyPress from None: t=943.9430829000194, value=a, duration=0.12381400004960597>
944.1683 	DATA 	Keypress: s
944.1826 	EXP 	Device response: <KeyPress from None: t=944.1680072000017, value=s, duration=None>
944.2660 	EXP 	Device response: <KeyPress from None: t=944.1680072000017, value=s, duration=0.09286530001554638>
944.3495 	DATA 	Keypress: t
944.3508 	EXP 	Device response: <KeyPress from None: t=944.3446730000433, value=t, duration=None>
944.4180 	EXP 	Device response: <KeyPress from None: t=944.3446730000433, value=t, duration=0.07064499997068197>
944.5492 	DATA 	Keypress: r
944.5501 	EXP 	Device response: <KeyPress from None: t=944.5392162000062, value=r, duration=None>
944.6161 	EXP 	Device response: <KeyPress from None: t=944.5392162000062, value=r, duration=0.06455750006716698>
944.7332 	DATA 	Keypress: y
944.7343 	EXP 	Device response: <KeyPress from None: t=944.7263292000862, value=y, duration=None>
944.7994 	EXP 	Device response: <KeyPress from None: t=944.7263292000862, value=y, duration=0.06923189992085099>
946.1190 	DATA 	Mouse: Left button down, pos=(531,161)
946.1215 	EXP 	New trial (rep=16, index=10): <Trial 330 (10 in rep 16) data={'test_word': 'c_s_', 'Reference': 'Case', 'old_new': 'old', 'thisN': 330, 'thisTrialN': 10, 'thisRepN': 16}>
946.1480 	EXP 	text_2: autoDraw = False
946.1480 	EXP 	textbox: autoDraw = False
946.1480 	EXP 	text_3: autoDraw = False
946.1480 	EXP 	text_2: height = np.float64(0.05)
946.1480 	EXP 	text_2: height = np.float64(0.05)
946.1480 	EXP 	text_2: height = np.float64(0.05)
946.1480 	EXP 	text_2: text = 'c_s_'
946.1480 	EXP 	text_2: autoDraw = True
946.1480 	EXP 	textbox: autoDraw = True
946.1480 	EXP 	text_3: autoDraw = True
946.3509 	DATA 	Mouse:  Left button up, pos=(531,161)
947.0663 	DATA 	Keypress: c
947.0671 	EXP 	Device response: <KeyPress from None: t=947.0569813000038, value=c, duration=None>
947.1667 	EXP 	Device response: <KeyPress from None: t=947.0569813000038, value=c, duration=0.09652170003391802>
947.3160 	DATA 	Keypress: a
947.3173 	EXP 	Device response: <KeyPress from None: t=947.3022692000959, value=a, duration=None>
947.4326 	EXP 	Device response: <KeyPress from None: t=947.3022692000959, value=a, duration=0.11940309999044985>
947.5158 	DATA 	Keypress: s
947.5166 	EXP 	Device response: <KeyPress from None: t=947.5019372000825, value=s, duration=None>
947.6161 	EXP 	Device response: <KeyPress from None: t=947.5019372000825, value=s, duration=0.1108280000044033>
947.7165 	DATA 	Keypress: e
947.7175 	EXP 	Device response: <KeyPress from None: t=947.7124958999921, value=e, duration=None>
947.8172 	EXP 	Device response: <KeyPress from None: t=947.7124958999921, value=e, duration=0.0928194000152871>
948.8341 	DATA 	Mouse: Left button down, pos=(531,161)
948.8357 	EXP 	New trial (rep=16, index=11): <Trial 331 (11 in rep 16) data={'test_word': 'bo_t_e', 'Reference': 'Bottle', 'old_new': 'new', 'thisN': 331, 'thisTrialN': 11, 'thisRepN': 16}>
948.8499 	EXP 	text_2: autoDraw = False
948.8499 	EXP 	textbox: autoDraw = False
948.8499 	EXP 	text_3: autoDraw = False
948.8499 	EXP 	text_2: height = np.float64(0.05)
948.8499 	EXP 	text_2: height = np.float64(0.05)
948.8499 	EXP 	text_2: height = np.float64(0.05)
948.8499 	EXP 	text_2: text = 'bo_t_e'
948.8499 	EXP 	text_2: autoDraw = True
948.8499 	EXP 	textbox: autoDraw = True
948.8499 	EXP 	text_3: autoDraw = True
949.0506 	DATA 	Mouse:  Left button up, pos=(531,161)
949.9162 	DATA 	Keypress: n
949.9171 	EXP 	Device response: <KeyPress from None: t=949.9041463000467, value=n, duration=None>
949.9834 	EXP 	Device response: <KeyPress from None: t=949.9041463000467, value=n, duration=0.07827840000391006>
950.4194 	DATA 	Keypress: backslash
950.4333 	EXP 	Device response: <KeyPress from None: t=950.4171715000411, value=backslash, duration=None>
950.5672 	EXP 	Device response: <KeyPress from None: t=950.4171715000411, value=backslash, duration=0.14490139996632934>
950.6995 	DATA 	Keypress: b
950.7001 	EXP 	Device response: <KeyPress from None: t=950.6975129999919, value=b, duration=None>
950.8007 	EXP 	Device response: <KeyPress from None: t=950.6975129999919, value=b, duration=0.09108600008767098>
951.6164 	DATA 	Keypress: backspace
951.6171 	EXP 	Device response: <KeyPress from None: t=951.606401200057, value=backspace, duration=None>
951.6500 	EXP 	Device response: <KeyPress from None: t=951.606401200057, value=backspace, duration=0.041483000037260354>
951.7870 	DATA 	Keypress: backspace
951.7996 	EXP 	Device response: <KeyPress from None: t=951.7828782000579, value=backspace, duration=None>
951.8340 	EXP 	Device response: <KeyPress from None: t=951.7828782000579, value=backspace, duration=0.046203100006096065>
951.9376 	DATA 	Keypress: backspace
951.9493 	EXP 	Device response: <KeyPress from None: t=951.9352033000905, value=backspace, duration=None>
952.0005 	EXP 	Device response: <KeyPress from None: t=951.9352033000905, value=backspace, duration=0.05694989999756217>
952.0840 	DATA 	Keypress: backspace
952.0844 	EXP 	Device response: <KeyPress from None: t=952.0817468999885, value=backspace, duration=None>
952.1167 	EXP 	Device response: <KeyPress from None: t=952.0817468999885, value=backspace, duration=0.030831900076009333>
952.6509 	DATA 	Keypress: b
952.6518 	EXP 	Device response: <KeyPress from None: t=952.6470594001003, value=b, duration=None>
952.7665 	EXP 	Device response: <KeyPress from None: t=952.6470594001003, value=b, duration=0.10640719998627901>
952.9664 	DATA 	Keypress: o
952.9671 	EXP 	Device response: <KeyPress from None: t=952.9577390000923, value=o, duration=None>
953.0500 	EXP 	Device response: <KeyPress from None: t=952.9577390000923, value=o, duration=0.088046699995175>
953.3826 	DATA 	Keypress: t
953.3834 	EXP 	Device response: <KeyPress from None: t=953.3746219000313, value=t, duration=None>
953.4831 	EXP 	Device response: <KeyPress from None: t=953.3746219000313, value=t, duration=0.10725770005956292>
953.5682 	DATA 	Keypress: t
953.5827 	EXP 	Device response: <KeyPress from None: t=953.5680573000573, value=t, duration=None>
953.6826 	EXP 	Device response: <KeyPress from None: t=953.5680573000573, value=t, duration=0.1053029999602586>
953.7824 	DATA 	Keypress: l
953.7830 	EXP 	Device response: <KeyPress from None: t=953.7818411000771, value=l, duration=None>
953.8827 	EXP 	Device response: <KeyPress from None: t=953.7818411000771, value=l, duration=0.09862689999863505>
953.9326 	DATA 	Keypress: e
953.9334 	EXP 	Device response: <KeyPress from None: t=953.9211902000243, value=e, duration=None>
954.0658 	EXP 	Device response: <KeyPress from None: t=953.9211902000243, value=e, duration=0.12838470004498959>
954.9709 	DATA 	Mouse: Left button down, pos=(531,161)
954.9837 	EXP 	New trial (rep=16, index=12): <Trial 332 (12 in rep 16) data={'test_word': 'P_li_e', 'Reference': 'Police', 'old_new': 'old', 'thisN': 332, 'thisTrialN': 12, 'thisRepN': 16}>
954.9989 	EXP 	text_2: autoDraw = False
954.9989 	EXP 	textbox: autoDraw = False
954.9989 	EXP 	text_3: autoDraw = False
954.9989 	EXP 	text_2: height = np.float64(0.05)
954.9989 	EXP 	text_2: height = np.float64(0.05)
954.9989 	EXP 	text_2: height = np.float64(0.05)
954.9989 	EXP 	text_2: text = 'P_li_e'
954.9989 	EXP 	text_2: autoDraw = True
954.9989 	EXP 	textbox: autoDraw = True
954.9989 	EXP 	text_3: autoDraw = True
955.1888 	DATA 	Mouse:  Left button up, pos=(531,161)
955.7658 	DATA 	Keypress: p
955.7663 	EXP 	Device response: <KeyPress from None: t=955.7552503000479, value=p, duration=None>
955.8495 	EXP 	Device response: <KeyPress from None: t=955.7552503000479, value=p, duration=0.09055630001239479>
955.9665 	DATA 	Keypress: o
955.9670 	EXP 	Device response: <KeyPress from None: t=955.9656980000436, value=o, duration=None>
956.0662 	EXP 	Device response: <KeyPress from None: t=955.9656980000436, value=o, duration=0.09905690001323819>
956.1553 	DATA 	Keypress: l
956.1666 	EXP 	Device response: <KeyPress from None: t=956.1546957000392, value=l, duration=None>
956.2495 	EXP 	Device response: <KeyPress from None: t=956.1546957000392, value=l, duration=0.09442800004035234>
956.3825 	DATA 	Keypress: i
956.3831 	EXP 	Device response: <KeyPress from None: t=956.3779192999937, value=i, duration=None>
956.4670 	EXP 	Device response: <KeyPress from None: t=956.3779192999937, value=i, duration=0.0857891000341624>
956.6362 	DATA 	Keypress: c
956.6492 	EXP 	Device response: <KeyPress from None: t=956.63389930001, value=c, duration=None>
956.7331 	EXP 	Device response: <KeyPress from None: t=956.63389930001, value=c, duration=0.09609310002997518>
956.9334 	DATA 	Keypress: e
956.9343 	EXP 	Device response: <KeyPress from None: t=956.9212406000588, value=e, duration=None>
957.0996 	EXP 	Device response: <KeyPress from None: t=956.9212406000588, value=e, duration=0.16486369993072003>
958.1835 	DATA 	Mouse: Left button down, pos=(531,161)
958.1847 	EXP 	New trial (rep=16, index=13): <Trial 333 (13 in rep 16) data={'test_word': '_ha_t', 'Reference': 'Chart', 'old_new': 'old', 'thisN': 333, 'thisTrialN': 13, 'thisRepN': 16}>
958.1992 	EXP 	text_2: autoDraw = False
958.1992 	EXP 	textbox: autoDraw = False
958.1992 	EXP 	text_3: autoDraw = False
958.1992 	EXP 	text_2: height = np.float64(0.05)
958.1992 	EXP 	text_2: height = np.float64(0.05)
958.1992 	EXP 	text_2: height = np.float64(0.05)
958.1992 	EXP 	text_2: text = '_ha_t'
958.1992 	EXP 	text_2: autoDraw = True
958.1992 	EXP 	textbox: autoDraw = True
958.1992 	EXP 	text_3: autoDraw = True
958.4006 	DATA 	Mouse:  Left button up, pos=(531,161)
959.6254 	DATA 	Keypress: c
959.6329 	EXP 	Device response: <KeyPress from None: t=959.6226497000316, value=c, duration=None>
959.6995 	EXP 	Device response: <KeyPress from None: t=959.6226497000316, value=c, duration=0.07219670002814382>
959.8431 	DATA 	Keypress: h
959.8514 	EXP 	Device response: <KeyPress from None: t=959.839078900055, value=h, duration=None>
959.9498 	EXP 	Device response: <KeyPress from None: t=959.839078900055, value=h, duration=0.10842169995885342>
960.0317 	DATA 	Keypress: a
960.0331 	EXP 	Device response: <KeyPress from None: t=960.0256160000572, value=a, duration=None>
960.1832 	EXP 	Device response: <KeyPress from None: t=960.0256160000572, value=a, duration=0.15456609998364002>
960.2827 	DATA 	Keypress: r
960.2834 	EXP 	Device response: <KeyPress from None: t=960.2804773000535, value=r, duration=None>
960.3500 	EXP 	Device response: <KeyPress from None: t=960.2804773000535, value=r, duration=0.06881980004254729>
960.4496 	DATA 	Keypress: t
960.4503 	EXP 	Device response: <KeyPress from None: t=960.4430470000952, value=t, duration=None>
960.5338 	EXP 	Device response: <KeyPress from None: t=960.4430470000952, value=t, duration=0.07828139991033822>
961.5851 	DATA 	Mouse: Left button down, pos=(531,161)
961.5864 	EXP 	New trial (rep=16, index=14): <Trial 334 (14 in rep 16) data={'test_word': '_ou_se', 'Reference': 'mouse', 'old_new': 'old', 'thisN': 334, 'thisTrialN': 14, 'thisRepN': 16}>
961.6002 	EXP 	text_2: autoDraw = False
961.6002 	EXP 	textbox: autoDraw = False
961.6002 	EXP 	text_3: autoDraw = False
961.6002 	EXP 	text_2: height = np.float64(0.05)
961.6002 	EXP 	text_2: height = np.float64(0.05)
961.6002 	EXP 	text_2: height = np.float64(0.05)
961.6002 	EXP 	text_2: text = '_ou_se'
961.6002 	EXP 	text_2: autoDraw = True
961.6002 	EXP 	textbox: autoDraw = True
961.6002 	EXP 	text_3: autoDraw = True
961.8173 	DATA 	Mouse:  Left button up, pos=(531,161)
962.3696 	DATA 	Keypress: m
962.3833 	EXP 	Device response: <KeyPress from None: t=962.3694275000598, value=m, duration=None>
962.4497 	EXP 	Device response: <KeyPress from None: t=962.3694275000598, value=m, duration=0.06860949995461851>
962.5826 	DATA 	Keypress: o
962.5839 	EXP 	Device response: <KeyPress from None: t=962.579831500072, value=o, duration=None>
962.6661 	EXP 	Device response: <KeyPress from None: t=962.579831500072, value=o, duration=0.08281930000521243>
962.8032 	DATA 	Keypress: u
962.8185 	EXP 	Device response: <KeyPress from None: t=962.8024478000589, value=u, duration=None>
962.8834 	EXP 	Device response: <KeyPress from None: t=962.8024478000589, value=u, duration=0.07378590002190322>
962.9493 	DATA 	Keypress: s
962.9500 	EXP 	Device response: <KeyPress from None: t=962.9440963000525, value=s, duration=None>
963.0831 	EXP 	Device response: <KeyPress from None: t=962.9440963000525, value=s, duration=0.13338150002527982>
963.1828 	DATA 	Keypress: e
963.1845 	EXP 	Device response: <KeyPress from None: t=963.1825281000929, value=e, duration=None>
963.2833 	EXP 	Device response: <KeyPress from None: t=963.1825281000929, value=e, duration=0.08850129996426404>
964.0843 	DATA 	Mouse: Left button down, pos=(531,161)
964.0856 	EXP 	New trial (rep=16, index=15): <Trial 335 (15 in rep 16) data={'test_word': '_a_bl_', 'Reference': 'Marble', 'old_new': 'old', 'thisN': 335, 'thisTrialN': 15, 'thisRepN': 16}>
964.0988 	EXP 	text_2: autoDraw = False
964.0988 	EXP 	textbox: autoDraw = False
964.0988 	EXP 	text_3: autoDraw = False
964.0988 	EXP 	text_2: height = np.float64(0.05)
964.0988 	EXP 	text_2: height = np.float64(0.05)
964.0988 	EXP 	text_2: height = np.float64(0.05)
964.0988 	EXP 	text_2: text = '_a_bl_'
964.0988 	EXP 	text_2: autoDraw = True
964.0988 	EXP 	textbox: autoDraw = True
964.0988 	EXP 	text_3: autoDraw = True
964.3035 	DATA 	Mouse:  Left button up, pos=(531,161)
965.0527 	DATA 	Keypress: t
965.0655 	EXP 	Device response: <KeyPress from None: t=965.0506925000809, value=t, duration=None>
965.1325 	EXP 	Device response: <KeyPress from None: t=965.0506925000809, value=t, duration=0.0685726999072358>
965.3000 	DATA 	Keypress: a
965.3016 	EXP 	Device response: <KeyPress from None: t=965.2921256000409, value=a, duration=None>
965.4498 	EXP 	Device response: <KeyPress from None: t=965.2921256000409, value=a, duration=0.1540792000014335>
965.8994 	DATA 	Keypress: b
965.9000 	EXP 	Device response: <KeyPress from None: t=965.8882937000599, value=b, duration=None>
965.9664 	EXP 	Device response: <KeyPress from None: t=965.8882937000599, value=b, duration=0.06934169994201511>
966.2179 	DATA 	Keypress: l
966.2335 	EXP 	Device response: <KeyPress from None: t=966.2160954000428, value=l, duration=None>
966.3321 	EXP 	Device response: <KeyPress from None: t=966.2160954000428, value=l, duration=0.10235860000830144>
966.3878 	DATA 	Keypress: e
966.3995 	EXP 	Device response: <KeyPress from None: t=966.3863946000347, value=e, duration=None>
966.4835 	EXP 	Device response: <KeyPress from None: t=966.3863946000347, value=e, duration=0.0918505999725312>
967.5351 	DATA 	Mouse: Left button down, pos=(531,161)
967.5366 	EXP 	New trial (rep=16, index=16): <Trial 336 (16 in rep 16) data={'test_word': '_oo_', 'Reference': 'Book', 'old_new': 'old', 'thisN': 336, 'thisTrialN': 16, 'thisRepN': 16}>
967.5492 	EXP 	text_2: autoDraw = False
967.5492 	EXP 	textbox: autoDraw = False
967.5492 	EXP 	text_3: autoDraw = False
967.5492 	EXP 	text_2: height = np.float64(0.05)
967.5492 	EXP 	text_2: height = np.float64(0.05)
967.5492 	EXP 	text_2: height = np.float64(0.05)
967.5492 	EXP 	text_2: text = '_oo_'
967.5492 	EXP 	text_2: autoDraw = True
967.5492 	EXP 	textbox: autoDraw = True
967.5492 	EXP 	text_3: autoDraw = True
967.7524 	DATA 	Mouse:  Left button up, pos=(531,161)
968.3664 	DATA 	Keypress: b
968.3672 	EXP 	Device response: <KeyPress from None: t=968.3584975000704, value=b, duration=None>
968.4336 	EXP 	Device response: <KeyPress from None: t=968.3584975000704, value=b, duration=0.06782390002626926>
968.6831 	DATA 	Keypress: o
968.6837 	EXP 	Device response: <KeyPress from None: t=968.6693093000213, value=o, duration=None>
968.7496 	EXP 	Device response: <KeyPress from None: t=968.6693093000213, value=o, duration=0.07661570003256202>
968.8332 	DATA 	Keypress: o
968.8339 	EXP 	Device response: <KeyPress from None: t=968.822173200082, value=o, duration=None>
968.9163 	EXP 	Device response: <KeyPress from None: t=968.822173200082, value=o, duration=0.08131499995943159>
969.0500 	DATA 	Keypress: k
969.0507 	EXP 	Device response: <KeyPress from None: t=969.0404009000631, value=k, duration=None>
969.1163 	EXP 	Device response: <KeyPress from None: t=969.0404009000631, value=k, duration=0.06786219996865839>
969.9679 	DATA 	Mouse: Left button down, pos=(531,161)
969.9691 	EXP 	New trial (rep=16, index=17): <Trial 337 (17 in rep 16) data={'test_word': 'T_hi_t', 'Reference': 'Tshirt', 'old_new': 'old', 'thisN': 337, 'thisTrialN': 17, 'thisRepN': 16}>
969.9827 	EXP 	text_2: autoDraw = False
969.9827 	EXP 	textbox: autoDraw = False
969.9827 	EXP 	text_3: autoDraw = False
969.9827 	EXP 	text_2: height = np.float64(0.05)
969.9827 	EXP 	text_2: height = np.float64(0.05)
969.9827 	EXP 	text_2: height = np.float64(0.05)
969.9827 	EXP 	text_2: text = 'T_hi_t'
969.9827 	EXP 	text_2: autoDraw = True
969.9827 	EXP 	textbox: autoDraw = True
969.9827 	EXP 	text_3: autoDraw = True
970.1843 	DATA 	Mouse:  Left button up, pos=(531,161)
970.7827 	DATA 	Keypress: t
970.7833 	EXP 	Device response: <KeyPress from None: t=970.7763731000014, value=t, duration=None>
970.8671 	EXP 	Device response: <KeyPress from None: t=970.7763731000014, value=t, duration=0.08200480008963495>
971.0506 	DATA 	Keypress: s
971.0512 	EXP 	Device response: <KeyPress from None: t=971.0425027000019, value=s, duration=None>
971.2001 	EXP 	Device response: <KeyPress from None: t=971.0425027000019, value=s, duration=0.1435499000363052>
971.2839 	DATA 	Keypress: h
971.2845 	EXP 	Device response: <KeyPress from None: t=971.2832726000343, value=h, duration=None>
971.3830 	EXP 	Device response: <KeyPress from None: t=971.2832726000343, value=h, duration=0.08816409995779395>
971.4998 	DATA 	Keypress: i
971.5004 	EXP 	Device response: <KeyPress from None: t=971.4960556000005, value=i, duration=None>
971.5997 	EXP 	Device response: <KeyPress from None: t=971.4960556000005, value=i, duration=0.10275090008508414>
971.6159 	DATA 	Keypress: r
971.6164 	EXP 	Device response: <KeyPress from None: t=971.6079115000321, value=r, duration=None>
971.7170 	EXP 	Device response: <KeyPress from None: t=971.6079115000321, value=r, duration=0.09724290005397052>
971.8327 	DATA 	Keypress: t
971.8338 	EXP 	Device response: <KeyPress from None: t=971.8254314000951, value=t, duration=None>
971.9172 	EXP 	Device response: <KeyPress from None: t=971.8254314000951, value=t, duration=0.09047949989326298>
973.0172 	DATA 	Mouse: Left button down, pos=(531,161)
973.0184 	EXP 	New trial (rep=16, index=18): <Trial 338 (18 in rep 16) data={'test_word': '_ru_is_', 'Reference': 'Cruise', 'old_new': 'old', 'thisN': 338, 'thisTrialN': 18, 'thisRepN': 16}>
973.0324 	EXP 	text_2: autoDraw = False
973.0324 	EXP 	textbox: autoDraw = False
973.0324 	EXP 	text_3: autoDraw = False
973.0324 	EXP 	text_2: height = np.float64(0.05)
973.0324 	EXP 	text_2: height = np.float64(0.05)
973.0324 	EXP 	text_2: height = np.float64(0.05)
973.0324 	EXP 	text_2: text = '_ru_is_'
973.0324 	EXP 	text_2: autoDraw = True
973.0324 	EXP 	textbox: autoDraw = True
973.0324 	EXP 	text_3: autoDraw = True
973.2383 	DATA 	Mouse:  Left button up, pos=(531,161)
973.8991 	DATA 	Keypress: c
973.8997 	EXP 	Device response: <KeyPress from None: t=973.8961939000292, value=c, duration=None>
974.0001 	EXP 	Device response: <KeyPress from None: t=973.8961939000292, value=c, duration=0.09495589998550713>
974.1527 	DATA 	Keypress: r
974.1661 	EXP 	Device response: <KeyPress from None: t=974.1519635000732, value=r, duration=None>
974.2831 	EXP 	Device response: <KeyPress from None: t=974.1519635000732, value=r, duration=0.12343769997823983>
974.5695 	DATA 	Keypress: u
974.5826 	EXP 	Device response: <KeyPress from None: t=974.5688391000731, value=u, duration=None>
974.6997 	EXP 	Device response: <KeyPress from None: t=974.5688391000731, value=u, duration=0.12663259997498244>
974.8490 	DATA 	Keypress: i
974.8503 	EXP 	Device response: <KeyPress from None: t=974.8441131000873, value=i, duration=None>
974.9500 	EXP 	Device response: <KeyPress from None: t=974.8441131000873, value=i, duration=0.09529089997522533>
975.2992 	DATA 	Keypress: s
975.2998 	EXP 	Device response: <KeyPress from None: t=975.2986500000115, value=s, duration=None>
975.4328 	EXP 	Device response: <KeyPress from None: t=975.2986500000115, value=s, duration=0.12732550001237541>
975.5512 	DATA 	Keypress: e
975.5525 	EXP 	Device response: <KeyPress from None: t=975.5446914000204, value=e, duration=None>
975.6827 	EXP 	Device response: <KeyPress from None: t=975.5446914000204, value=e, duration=0.12397559999953955>
976.7692 	DATA 	Mouse: Left button down, pos=(531,161)
976.7838 	EXP 	New trial (rep=16, index=19): <Trial 339 (19 in rep 16) data={'test_word': '_ho_e', 'Reference': 'Phone', 'old_new': 'old', 'thisN': 339, 'thisTrialN': 19, 'thisRepN': 16}>
976.7989 	EXP 	text_2: autoDraw = False
976.7989 	EXP 	textbox: autoDraw = False
976.7989 	EXP 	text_3: autoDraw = False
976.7989 	EXP 	text_2: height = np.float64(0.05)
976.7989 	EXP 	text_2: height = np.float64(0.05)
976.7989 	EXP 	text_2: height = np.float64(0.05)
976.7989 	EXP 	text_2: text = '_ho_e'
976.7989 	EXP 	text_2: autoDraw = True
976.7989 	EXP 	textbox: autoDraw = True
976.7989 	EXP 	text_3: autoDraw = True
976.9889 	DATA 	Mouse:  Left button up, pos=(531,161)
979.3381 	DATA 	Keypress: b
979.3490 	EXP 	Device response: <KeyPress from None: t=979.337484800024, value=b, duration=None>
979.4500 	EXP 	Device response: <KeyPress from None: t=979.337484800024, value=b, duration=0.11188490001950413>
979.7492 	DATA 	Keypress: o
979.7497 	EXP 	Device response: <KeyPress from None: t=979.7372655000072, value=o, duration=None>
979.8491 	EXP 	Device response: <KeyPress from None: t=979.7372655000072, value=o, duration=0.10814450006000698>
979.9827 	DATA 	Keypress: o
979.9833 	EXP 	Device response: <KeyPress from None: t=979.9799009000417, value=o, duration=None>
980.0829 	EXP 	Device response: <KeyPress from None: t=979.9799009000417, value=o, duration=0.09103500004857779>
980.3329 	DATA 	Keypress: k
980.3334 	EXP 	Device response: <KeyPress from None: t=980.3257722000126, value=k, duration=None>
980.4343 	EXP 	Device response: <KeyPress from None: t=980.3257722000126, value=k, duration=0.10765900008846074>
983.8338 	DATA 	Mouse: Left button down, pos=(531,161)
983.8351 	EXP 	New trial (rep=17, index=0): <Trial 340 (0 in rep 17) data={'test_word': '_ru_is_', 'Reference': 'Cruise', 'old_new': 'old', 'thisN': 340, 'thisTrialN': 0, 'thisRepN': 17}>
983.8487 	EXP 	text_2: autoDraw = False
983.8487 	EXP 	textbox: autoDraw = False
983.8487 	EXP 	text_3: autoDraw = False
983.8487 	EXP 	text_2: height = np.float64(0.05)
983.8487 	EXP 	text_2: height = np.float64(0.05)
983.8487 	EXP 	text_2: height = np.float64(0.05)
983.8487 	EXP 	text_2: text = '_ru_is_'
983.8487 	EXP 	text_2: autoDraw = True
983.8487 	EXP 	textbox: autoDraw = True
983.8487 	EXP 	text_3: autoDraw = True
984.0509 	DATA 	Mouse:  Left button up, pos=(531,161)
986.9493 	DATA 	Keypress: c
986.9497 	EXP 	Device response: <KeyPress from None: t=986.9407073000912, value=c, duration=None>
987.0333 	EXP 	Device response: <KeyPress from None: t=986.9407073000912, value=c, duration=0.07939659990370274>
987.1663 	DATA 	Keypress: r
987.1669 	EXP 	Device response: <KeyPress from None: t=987.1654501000885, value=r, duration=None>
987.2660 	EXP 	Device response: <KeyPress from None: t=987.1654501000885, value=r, duration=0.09410009998828173>
987.3825 	DATA 	Keypress: u
987.3830 	EXP 	Device response: <KeyPress from None: t=987.3715062000556, value=u, duration=None>
987.4492 	EXP 	Device response: <KeyPress from None: t=987.3715062000556, value=u, duration=0.07019809994380921>
987.5326 	DATA 	Keypress: i
987.5332 	EXP 	Device response: <KeyPress from None: t=987.5278731000144, value=i, duration=None>
987.6164 	DATA 	Keypress: s
987.6169 	EXP 	Device response: <KeyPress from None: t=987.6099156000419, value=s, duration=None>
987.6327 	EXP 	Device response: <KeyPress from None: t=987.5278731000144, value=i, duration=0.10022040002513677>
987.7327 	EXP 	Device response: <KeyPress from None: t=987.6099156000419, value=s, duration=0.1219083999749273>
987.8324 	DATA 	Keypress: e
987.8329 	EXP 	Device response: <KeyPress from None: t=987.8307505000848, value=e, duration=None>
987.9496 	EXP 	Device response: <KeyPress from None: t=987.8307505000848, value=e, duration=0.11486420000437647>
989.1843 	DATA 	Mouse: Left button down, pos=(531,161)
989.1856 	EXP 	New trial (rep=17, index=1): <Trial 341 (1 in rep 17) data={'test_word': 'P_st_r', 'Reference': 'Poster', 'old_new': 'old', 'thisN': 341, 'thisTrialN': 1, 'thisRepN': 17}>
989.1994 	EXP 	text_2: autoDraw = False
989.1994 	EXP 	textbox: autoDraw = False
989.1994 	EXP 	text_3: autoDraw = False
989.1994 	EXP 	text_2: height = np.float64(0.05)
989.1994 	EXP 	text_2: height = np.float64(0.05)
989.1994 	EXP 	text_2: height = np.float64(0.05)
989.1994 	EXP 	text_2: text = 'P_st_r'
989.1994 	EXP 	text_2: autoDraw = True
989.1994 	EXP 	textbox: autoDraw = True
989.1994 	EXP 	text_3: autoDraw = True
989.4178 	DATA 	Mouse:  Left button up, pos=(531,161)
990.3993 	DATA 	Keypress: a
990.3998 	EXP 	Device response: <KeyPress from None: t=990.3947770000668, value=a, duration=None>
990.4208 	DATA 	Keypress: p
990.4331 	EXP 	Device response: <KeyPress from None: t=990.4167882000329, value=p, duration=None>
990.5166 	EXP 	Device response: <KeyPress from None: t=990.3947770000668, value=a, duration=0.11482070002239197>
990.5497 	EXP 	Device response: <KeyPress from None: t=990.4167882000329, value=p, duration=0.12249530002009124>
991.0660 	DATA 	Keypress: backspace
991.0674 	EXP 	Device response: <KeyPress from None: t=991.0536177000031, value=backspace, duration=None>
991.1833 	EXP 	Device response: <KeyPress from None: t=991.0536177000031, value=backspace, duration=0.11675460007973015>
991.2658 	DATA 	Keypress: backspace
991.2662 	EXP 	Device response: <KeyPress from None: t=991.257427600096, value=backspace, duration=None>
991.3832 	EXP 	Device response: <KeyPress from None: t=991.257427600096, value=backspace, duration=0.12384779995772988>
991.6866 	DATA 	Keypress: p
991.7004 	EXP 	Device response: <KeyPress from None: t=991.6845829000231, value=p, duration=None>
991.7826 	EXP 	Device response: <KeyPress from None: t=991.6845829000231, value=p, duration=0.08196560002397746>
991.8991 	DATA 	Keypress: a
991.8999 	EXP 	Device response: <KeyPress from None: t=991.8962347999914, value=a, duration=None>
992.0154 	EXP 	Device response: <KeyPress from None: t=991.8962347999914, value=a, duration=0.10416129999794066>
992.1322 	DATA 	Keypress: s
992.1333 	EXP 	Device response: <KeyPress from None: t=992.1261356000323, value=s, duration=None>
992.2320 	EXP 	Device response: <KeyPress from None: t=992.1261356000323, value=s, duration=0.09855890006292611>
992.8155 	DATA 	Keypress: t
992.8160 	EXP 	Device response: <KeyPress from None: t=992.8090526000597, value=t, duration=None>
992.9332 	EXP 	Device response: <KeyPress from None: t=992.8090526000597, value=t, duration=0.11545879999175668>
993.0323 	DATA 	Keypress: r
993.0335 	EXP 	Device response: <KeyPress from None: t=993.021383900079, value=r, duration=None>
993.1491 	DATA 	Keypress: y
993.1496 	EXP 	Device response: <KeyPress from None: t=993.1411959000397, value=y, duration=None>
993.1683 	EXP 	Device response: <KeyPress from None: t=993.021383900079, value=r, duration=0.13253609999082983>
993.2325 	EXP 	Device response: <KeyPress from None: t=993.1411959000397, value=y, duration=0.08574979996774346>
994.0667 	DATA 	Mouse: Left button down, pos=(531,161)
994.0679 	EXP 	New trial (rep=17, index=2): <Trial 342 (2 in rep 17) data={'test_word': '_o_rd', 'Reference': 'Board', 'old_new': 'old', 'thisN': 342, 'thisTrialN': 2, 'thisRepN': 17}>
994.0825 	EXP 	text_2: autoDraw = False
994.0825 	EXP 	textbox: autoDraw = False
994.0825 	EXP 	text_3: autoDraw = False
994.0825 	EXP 	text_2: height = np.float64(0.05)
994.0825 	EXP 	text_2: height = np.float64(0.05)
994.0825 	EXP 	text_2: height = np.float64(0.05)
994.0825 	EXP 	text_2: text = '_o_rd'
994.0825 	EXP 	text_2: autoDraw = True
994.0825 	EXP 	textbox: autoDraw = True
994.0825 	EXP 	text_3: autoDraw = True
994.2869 	DATA 	Mouse:  Left button up, pos=(531,161)
995.3500 	DATA 	Keypress: b
995.3514 	EXP 	Device response: <KeyPress from None: t=995.347584500094, value=b, duration=None>
995.4329 	EXP 	Device response: <KeyPress from None: t=995.347584500094, value=b, duration=0.07319489994551986>
995.6823 	DATA 	Keypress: o
995.6829 	EXP 	Device response: <KeyPress from None: t=995.6758280000649, value=o, duration=None>
995.7657 	EXP 	Device response: <KeyPress from None: t=995.6758280000649, value=o, duration=0.08696009998675436>
995.8657 	DATA 	Keypress: a
995.8664 	EXP 	Device response: <KeyPress from None: t=995.8612192000728, value=a, duration=None>
996.0156 	EXP 	Device response: <KeyPress from None: t=995.8612192000728, value=a, duration=0.1402621999150142>
996.1326 	DATA 	Keypress: r
996.1331 	EXP 	Device response: <KeyPress from None: t=996.1301648000954, value=r, duration=None>
996.2328 	EXP 	Device response: <KeyPress from None: t=996.1301648000954, value=r, duration=0.0962071999674663>
996.3495 	DATA 	Keypress: d
996.3512 	EXP 	Device response: <KeyPress from None: t=996.3436753000133, value=d, duration=None>
996.4832 	EXP 	Device response: <KeyPress from None: t=996.3436753000133, value=d, duration=0.12436180002987385>
998.4013 	DATA 	Mouse: Left button down, pos=(531,161)
998.4026 	EXP 	New trial (rep=17, index=3): <Trial 343 (3 in rep 17) data={'test_word': 'T_hi_t', 'Reference': 'Tshirt', 'old_new': 'old', 'thisN': 343, 'thisTrialN': 3, 'thisRepN': 17}>
998.4165 	EXP 	text_2: autoDraw = False
998.4165 	EXP 	textbox: autoDraw = False
998.4165 	EXP 	text_3: autoDraw = False
998.4165 	EXP 	text_2: height = np.float64(0.05)
998.4165 	EXP 	text_2: height = np.float64(0.05)
998.4165 	EXP 	text_2: height = np.float64(0.05)
998.4165 	EXP 	text_2: text = 'T_hi_t'
998.4165 	EXP 	text_2: autoDraw = True
998.4165 	EXP 	textbox: autoDraw = True
998.4165 	EXP 	text_3: autoDraw = True
998.6340 	DATA 	Mouse:  Left button up, pos=(531,161)
999.5157 	DATA 	Keypress: t
999.5162 	EXP 	Device response: <KeyPress from None: t=999.5081410000566, value=t, duration=None>
999.5996 	EXP 	Device response: <KeyPress from None: t=999.5081410000566, value=t, duration=0.08163439994677901>
999.9997 	DATA 	Keypress: s
1000.0001 	DATA 	Keypress: h
1000.0005 	EXP 	Device response: <KeyPress from None: t=999.9906460000202, value=s, duration=None>
1000.0005 	EXP 	Device response: <KeyPress from None: t=999.9994966000086, value=h, duration=None>
1000.0655 	EXP 	Device response: <KeyPress from None: t=999.9994966000086, value=h, duration=0.049563399981707335>
1000.1662 	EXP 	Device response: <KeyPress from None: t=999.9906460000202, value=s, duration=0.16413150005973876>
1001.2996 	DATA 	Keypress: i
1001.3011 	EXP 	Device response: <KeyPress from None: t=1001.2991969001014, value=i, duration=None>
1001.3820 	EXP 	Device response: <KeyPress from None: t=1001.2991969001014, value=i, duration=0.0677052999380976>
1001.4828 	DATA 	Keypress: r
1001.4834 	EXP 	Device response: <KeyPress from None: t=1001.4786569999997, value=r, duration=None>
1001.5993 	EXP 	Device response: <KeyPress from None: t=1001.4786569999997, value=r, duration=0.10458949999883771>
1001.7174 	DATA 	Keypress: t
1001.7191 	EXP 	Device response: <KeyPress from None: t=1001.7070558000123, value=t, duration=None>
1001.8162 	EXP 	Device response: <KeyPress from None: t=1001.7070558000123, value=t, duration=0.09680589998606592>
1002.6677 	DATA 	Mouse: Left button down, pos=(531,161)
1002.6691 	EXP 	New trial (rep=17, index=4): <Trial 344 (4 in rep 17) data={'test_word': '_oo_', 'Reference': 'Book', 'old_new': 'old', 'thisN': 344, 'thisTrialN': 4, 'thisRepN': 17}>
1002.6820 	EXP 	text_2: autoDraw = False
1002.6820 	EXP 	textbox: autoDraw = False
1002.6820 	EXP 	text_3: autoDraw = False
1002.6820 	EXP 	text_2: height = np.float64(0.05)
1002.6820 	EXP 	text_2: height = np.float64(0.05)
1002.6820 	EXP 	text_2: height = np.float64(0.05)
1002.6820 	EXP 	text_2: text = '_oo_'
1002.6820 	EXP 	text_2: autoDraw = True
1002.6820 	EXP 	textbox: autoDraw = True
1002.6820 	EXP 	text_3: autoDraw = True
1002.8866 	DATA 	Mouse:  Left button up, pos=(531,161)
1003.8537 	DATA 	Keypress: b
1003.8661 	EXP 	Device response: <KeyPress from None: t=1003.8519877000945, value=b, duration=None>
1003.9491 	EXP 	Device response: <KeyPress from None: t=1003.8519877000945, value=b, duration=0.08200419996865094>
1004.0661 	DATA 	Keypress: o
1004.0675 	EXP 	Device response: <KeyPress from None: t=1004.0524564000079, value=o, duration=None>
1004.1327 	EXP 	Device response: <KeyPress from None: t=1004.0524564000079, value=o, duration=0.06460320006590337>
1004.2161 	DATA 	Keypress: o
1004.2174 	EXP 	Device response: <KeyPress from None: t=1004.2052447000751, value=o, duration=None>
1004.2839 	EXP 	Device response: <KeyPress from None: t=1004.2052447000751, value=o, duration=0.06574569991789758>
1004.4163 	DATA 	Keypress: k
1004.4169 	EXP 	Device response: <KeyPress from None: t=1004.4160904000746, value=k, duration=None>
1004.4828 	EXP 	Device response: <KeyPress from None: t=1004.4160904000746, value=k, duration=0.05914199992548674>
1005.5356 	DATA 	Mouse: Left button down, pos=(531,161)
1005.5369 	EXP 	New trial (rep=17, index=5): <Trial 345 (5 in rep 17) data={'test_word': 'ta_l_', 'Reference': 'Table', 'old_new': 'new', 'thisN': 345, 'thisTrialN': 5, 'thisRepN': 17}>
1005.5499 	EXP 	text_2: autoDraw = False
1005.5499 	EXP 	textbox: autoDraw = False
1005.5499 	EXP 	text_3: autoDraw = False
1005.5499 	EXP 	text_2: height = np.float64(0.05)
1005.5499 	EXP 	text_2: height = np.float64(0.05)
1005.5499 	EXP 	text_2: height = np.float64(0.05)
1005.5499 	EXP 	text_2: text = 'ta_l_'
1005.5499 	EXP 	text_2: autoDraw = True
1005.5499 	EXP 	textbox: autoDraw = True
1005.5499 	EXP 	text_3: autoDraw = True
1005.7658 	DATA 	Mouse:  Left button up, pos=(531,161)
1006.5824 	DATA 	Keypress: t
1006.5829 	EXP 	Device response: <KeyPress from None: t=1006.5783104000147, value=t, duration=None>
1006.6655 	EXP 	Device response: <KeyPress from None: t=1006.5783104000147, value=t, duration=0.0736948000267148>
1006.8494 	DATA 	Keypress: a
1006.8506 	EXP 	Device response: <KeyPress from None: t=1006.8414498000639, value=a, duration=None>
1007.0170 	EXP 	Device response: <KeyPress from None: t=1006.8414498000639, value=a, duration=0.16462669998873025>
1007.0670 	DATA 	Keypress: b
1007.0677 	EXP 	Device response: <KeyPress from None: t=1007.0569044000003, value=b, duration=None>
1007.1325 	EXP 	Device response: <KeyPress from None: t=1007.0569044000003, value=b, duration=0.0626193000935018>
1007.3655 	DATA 	Keypress: l
1007.3660 	EXP 	Device response: <KeyPress from None: t=1007.3592204999877, value=l, duration=None>
1007.4660 	DATA 	Keypress: e
1007.4668 	EXP 	Device response: <KeyPress from None: t=1007.4544560000068, value=e, duration=None>
1007.4829 	EXP 	Device response: <KeyPress from None: t=1007.3592204999877, value=l, duration=0.12072560004889965>
1007.5673 	EXP 	Device response: <KeyPress from None: t=1007.4544560000068, value=e, duration=0.10137280006892979>
1008.6555 	DATA 	Mouse: Left button down, pos=(531,161)
1008.6676 	EXP 	New trial (rep=17, index=6): <Trial 346 (6 in rep 17) data={'test_word': 'v_s_', 'Reference': 'Vase', 'old_new': 'new', 'thisN': 346, 'thisTrialN': 6, 'thisRepN': 17}>
1008.6818 	EXP 	text_2: autoDraw = False
1008.6818 	EXP 	textbox: autoDraw = False
1008.6818 	EXP 	text_3: autoDraw = False
1008.6818 	EXP 	text_2: height = np.float64(0.05)
1008.6818 	EXP 	text_2: height = np.float64(0.05)
1008.6818 	EXP 	text_2: height = np.float64(0.05)
1008.6818 	EXP 	text_2: text = 'v_s_'
1008.6818 	EXP 	text_2: autoDraw = True
1008.6818 	EXP 	textbox: autoDraw = True
1008.6818 	EXP 	text_3: autoDraw = True
1008.8840 	DATA 	Mouse:  Left button up, pos=(531,161)
1009.5659 	DATA 	Keypress: v
1009.5664 	EXP 	Device response: <KeyPress from None: t=1009.5655925000319, value=v, duration=None>
1009.6658 	EXP 	Device response: <KeyPress from None: t=1009.5655925000319, value=v, duration=0.09791010001208633>
1009.8657 	DATA 	Keypress: a
1009.8672 	EXP 	Device response: <KeyPress from None: t=1009.8628114000894, value=a, duration=None>
1009.9993 	EXP 	Device response: <KeyPress from None: t=1009.8628114000894, value=a, duration=0.12995719991158694>
1010.0993 	DATA 	Keypress: s
1010.0998 	EXP 	Device response: <KeyPress from None: t=1010.096131300088, value=s, duration=None>
1010.2323 	EXP 	Device response: <KeyPress from None: t=1010.096131300088, value=s, duration=0.12213899998459965>
1010.3329 	DATA 	Keypress: e
1010.3343 	EXP 	Device response: <KeyPress from None: t=1010.33250280004, value=e, duration=None>
1010.4332 	EXP 	Device response: <KeyPress from None: t=1010.33250280004, value=e, duration=0.0863586999475956>
1011.6341 	DATA 	Mouse: Left button down, pos=(531,161)
1011.6354 	EXP 	New trial (rep=17, index=7): <Trial 347 (7 in rep 17) data={'test_word': 'l_pt_p', 'Reference': 'Laptop', 'old_new': 'old', 'thisN': 347, 'thisTrialN': 7, 'thisRepN': 17}>
1011.6504 	EXP 	text_2: autoDraw = False
1011.6504 	EXP 	textbox: autoDraw = False
1011.6504 	EXP 	text_3: autoDraw = False
1011.6504 	EXP 	text_2: height = np.float64(0.05)
1011.6504 	EXP 	text_2: height = np.float64(0.05)
1011.6504 	EXP 	text_2: height = np.float64(0.05)
1011.6504 	EXP 	text_2: text = 'l_pt_p'
1011.6504 	EXP 	text_2: autoDraw = True
1011.6504 	EXP 	textbox: autoDraw = True
1011.6504 	EXP 	text_3: autoDraw = True
1011.8527 	DATA 	Mouse:  Left button up, pos=(531,161)
1012.8655 	DATA 	Keypress: l
1012.8661 	EXP 	Device response: <KeyPress from None: t=1012.8638879000209, value=l, duration=None>
1012.9329 	EXP 	Device response: <KeyPress from None: t=1012.8638879000209, value=l, duration=0.05753410002216697>
1013.0335 	DATA 	Keypress: a
1013.0343 	EXP 	Device response: <KeyPress from None: t=1013.0277310000965, value=a, duration=None>
1013.1657 	EXP 	Device response: <KeyPress from None: t=1013.0277310000965, value=a, duration=0.13616909994743764>
1013.2332 	DATA 	Keypress: p
1013.2347 	EXP 	Device response: <KeyPress from None: t=1013.2190515000839, value=p, duration=None>
1013.3153 	EXP 	Device response: <KeyPress from None: t=1013.2190515000839, value=p, duration=0.0896546000149101>
1013.4988 	DATA 	Keypress: t
1013.4993 	EXP 	Device response: <KeyPress from None: t=1013.4872410000535, value=t, duration=None>
1013.5824 	EXP 	Device response: <KeyPress from None: t=1013.4872410000535, value=t, duration=0.09347860002890229>
1013.6491 	DATA 	Keypress: o
1013.6497 	EXP 	Device response: <KeyPress from None: t=1013.6489748000167, value=o, duration=None>
1013.7329 	EXP 	Device response: <KeyPress from None: t=1013.6489748000167, value=o, duration=0.07257540000136942>
1013.8163 	DATA 	Keypress: p
1013.8177 	EXP 	Device response: <KeyPress from None: t=1013.8158866000595, value=p, duration=None>
1013.8990 	EXP 	Device response: <KeyPress from None: t=1013.8158866000595, value=p, duration=0.07595740002579987>
1017.9653 	DATA 	Keypress: l
1017.9659 	EXP 	Device response: <KeyPress from None: t=1017.9609996000072, value=l, duration=None>
1018.0321 	EXP 	Device response: <KeyPress from None: t=1017.9609996000072, value=l, duration=0.05456409999169409>
1018.1158 	DATA 	Keypress: a
1018.1173 	EXP 	Device response: <KeyPress from None: t=1018.1044675000012, value=a, duration=None>
1018.2496 	DATA 	Keypress: p
1018.2501 	EXP 	Device response: <KeyPress from None: t=1018.2448947000084, value=p, duration=None>
1018.2660 	EXP 	Device response: <KeyPress from None: t=1018.1044675000012, value=a, duration=0.1527829000260681>
1018.3498 	EXP 	Device response: <KeyPress from None: t=1018.2448947000084, value=p, duration=0.08741170004941523>
1018.5159 	DATA 	Keypress: t
1018.5166 	EXP 	Device response: <KeyPress from None: t=1018.5081762000918, value=t, duration=None>
1018.6340 	EXP 	Device response: <KeyPress from None: t=1018.5081762000918, value=t, duration=0.11880129994824529>
1018.7166 	DATA 	Keypress: o
1018.7174 	EXP 	Device response: <KeyPress from None: t=1018.7060920000076, value=o, duration=None>
1018.7826 	EXP 	Device response: <KeyPress from None: t=1018.7060920000076, value=o, duration=0.06338790000882>
1018.8825 	DATA 	Keypress: p
1018.8831 	EXP 	Device response: <KeyPress from None: t=1018.8682693000883, value=p, duration=None>
1018.9491 	EXP 	Device response: <KeyPress from None: t=1018.8682693000883, value=p, duration=0.07658849994186312>
1020.1167 	DATA 	Mouse: Left button down, pos=(531,161)
1020.1180 	EXP 	New trial (rep=17, index=8): <Trial 348 (8 in rep 17) data={'test_word': 'c_s_io_', 'Reference': 'Cushion', 'old_new': 'new', 'thisN': 348, 'thisTrialN': 8, 'thisRepN': 17}>
1020.1325 	EXP 	text_2: autoDraw = False
1020.1325 	EXP 	textbox: autoDraw = False
1020.1325 	EXP 	text_3: autoDraw = False
1020.1325 	EXP 	text_2: height = np.float64(0.05)
1020.1325 	EXP 	text_2: height = np.float64(0.05)
1020.1325 	EXP 	text_2: height = np.float64(0.05)
1020.1325 	EXP 	text_2: text = 'c_s_io_'
1020.1325 	EXP 	text_2: autoDraw = True
1020.1325 	EXP 	textbox: autoDraw = True
1020.1325 	EXP 	text_3: autoDraw = True
1020.3505 	DATA 	Mouse:  Left button up, pos=(531,161)
1021.1039 	DATA 	Keypress: c
1021.1156 	EXP 	Device response: <KeyPress from None: t=1021.1021629000315, value=c, duration=None>
1021.2339 	EXP 	Device response: <KeyPress from None: t=1021.1021629000315, value=c, duration=0.12269400001969188>
1021.2885 	DATA 	Keypress: u
1021.2990 	EXP 	Device response: <KeyPress from None: t=1021.2881023000227, value=u, duration=None>
1021.3820 	EXP 	Device response: <KeyPress from None: t=1021.2881023000227, value=u, duration=0.08097140002064407>
1021.4347 	DATA 	Keypress: s
1021.4488 	EXP 	Device response: <KeyPress from None: t=1021.4338312000036, value=s, duration=None>
1021.5992 	EXP 	Device response: <KeyPress from None: t=1021.4338312000036, value=s, duration=0.15494600008241832>
1021.6491 	DATA 	Keypress: h
1021.6503 	EXP 	Device response: <KeyPress from None: t=1021.6384202000918, value=h, duration=None>
1021.7161 	EXP 	Device response: <KeyPress from None: t=1021.6384202000918, value=h, duration=0.06706909998320043>
1021.8997 	DATA 	Keypress: i
1021.9004 	EXP 	Device response: <KeyPress from None: t=1021.890935900039, value=i, duration=None>
1021.9999 	EXP 	Device response: <KeyPress from None: t=1021.890935900039, value=i, duration=0.09371259994804859>
1022.0991 	DATA 	Keypress: o
1022.1005 	EXP 	Device response: <KeyPress from None: t=1022.0891276000766, value=o, duration=None>
1022.1831 	EXP 	Device response: <KeyPress from None: t=1022.0891276000766, value=o, duration=0.08117399993352592>
1022.3050 	DATA 	Keypress: n
1022.3166 	EXP 	Device response: <KeyPress from None: t=1022.3045896000694, value=n, duration=None>
1022.3831 	EXP 	Device response: <KeyPress from None: t=1022.3045896000694, value=n, duration=0.06872079998720437>
1023.2354 	DATA 	Mouse: Left button down, pos=(531,161)
1023.2371 	EXP 	New trial (rep=17, index=9): <Trial 349 (9 in rep 17) data={'test_word': '_ha_t', 'Reference': 'Chart', 'old_new': 'old', 'thisN': 349, 'thisTrialN': 9, 'thisRepN': 17}>
1023.2496 	EXP 	text_2: autoDraw = False
1023.2496 	EXP 	textbox: autoDraw = False
1023.2496 	EXP 	text_3: autoDraw = False
1023.2496 	EXP 	text_2: height = np.float64(0.05)
1023.2496 	EXP 	text_2: height = np.float64(0.05)
1023.2496 	EXP 	text_2: height = np.float64(0.05)
1023.2496 	EXP 	text_2: text = '_ha_t'
1023.2496 	EXP 	text_2: autoDraw = True
1023.2496 	EXP 	textbox: autoDraw = True
1023.2496 	EXP 	text_3: autoDraw = True
1023.4508 	DATA 	Mouse:  Left button up, pos=(531,161)
1025.2696 	DATA 	Keypress: c
1025.2828 	EXP 	Device response: <KeyPress from None: t=1025.2663569999859, value=c, duration=None>
1025.3826 	EXP 	Device response: <KeyPress from None: t=1025.2663569999859, value=c, duration=0.10725210001692176>
1025.4158 	DATA 	Keypress: h
1025.4171 	EXP 	Device response: <KeyPress from None: t=1025.4120165000204, value=h, duration=None>
1025.4988 	EXP 	Device response: <KeyPress from None: t=1025.4120165000204, value=h, duration=0.08509700000286102>
1025.5824 	DATA 	Keypress: a
1025.5829 	EXP 	Device response: <KeyPress from None: t=1025.5779005000368, value=a, duration=None>
1025.6827 	EXP 	Device response: <KeyPress from None: t=1025.5779005000368, value=a, duration=0.09944330004509538>
1026.0681 	DATA 	Keypress: r
1026.0821 	EXP 	Device response: <KeyPress from None: t=1026.0677227000706, value=r, duration=None>
1026.1494 	EXP 	Device response: <KeyPress from None: t=1026.0677227000706, value=r, duration=0.07997949991840869>
1026.2492 	DATA 	Keypress: t
1026.2498 	EXP 	Device response: <KeyPress from None: t=1026.246385000064, value=t, duration=None>
1026.3489 	EXP 	Device response: <KeyPress from None: t=1026.246385000064, value=t, duration=0.08819239994045347>
1027.1503 	DATA 	Mouse: Left button down, pos=(531,161)
1027.1516 	EXP 	New trial (rep=17, index=10): <Trial 350 (10 in rep 17) data={'test_word': 'c_m_ra', 'Reference': 'Camera', 'old_new': 'new', 'thisN': 350, 'thisTrialN': 10, 'thisRepN': 17}>
1027.1656 	EXP 	text_2: autoDraw = False
1027.1656 	EXP 	textbox: autoDraw = False
1027.1656 	EXP 	text_3: autoDraw = False
1027.1656 	EXP 	text_2: height = np.float64(0.05)
1027.1656 	EXP 	text_2: height = np.float64(0.05)
1027.1656 	EXP 	text_2: height = np.float64(0.05)
1027.1656 	EXP 	text_2: text = 'c_m_ra'
1027.1656 	EXP 	text_2: autoDraw = True
1027.1656 	EXP 	textbox: autoDraw = True
1027.1656 	EXP 	text_3: autoDraw = True
1027.3695 	DATA 	Mouse:  Left button up, pos=(531,161)
1028.0485 	DATA 	Keypress: c
1028.0490 	EXP 	Device response: <KeyPress from None: t=1028.0406431000447, value=c, duration=None>
1028.1487 	EXP 	Device response: <KeyPress from None: t=1028.0406431000447, value=c, duration=0.10499939997680485>
1028.2826 	DATA 	Keypress: a
1028.2831 	EXP 	Device response: <KeyPress from None: t=1028.2770254000789, value=a, duration=None>
1028.4497 	EXP 	Device response: <KeyPress from None: t=1028.2770254000789, value=a, duration=0.16707189998123795>
1028.4820 	DATA 	Keypress: m
1028.4825 	EXP 	Device response: <KeyPress from None: t=1028.4753145000432, value=m, duration=None>
1028.5654 	EXP 	Device response: <KeyPress from None: t=1028.4753145000432, value=m, duration=0.08646130003035069>
1028.6152 	DATA 	Keypress: e
1028.6158 	EXP 	Device response: <KeyPress from None: t=1028.6149066000944, value=e, duration=None>
1028.7324 	EXP 	Device response: <KeyPress from None: t=1028.6149066000944, value=e, duration=0.10380529996473342>
1028.8320 	DATA 	Keypress: r
1028.8325 	EXP 	Device response: <KeyPress from None: t=1028.8224820999894, value=r, duration=None>
1028.8988 	EXP 	Device response: <KeyPress from None: t=1028.8224820999894, value=r, duration=0.0705375000834465>
1029.0657 	DATA 	Keypress: a
1029.0662 	EXP 	Device response: <KeyPress from None: t=1029.0607488000533, value=a, duration=None>
1029.2156 	EXP 	Device response: <KeyPress from None: t=1029.0607488000533, value=a, duration=0.14488289994187653>
1030.1502 	DATA 	Mouse: Left button down, pos=(531,161)
1030.1514 	EXP 	New trial (rep=17, index=11): <Trial 351 (11 in rep 17) data={'test_word': '_ho_e', 'Reference': 'Phone', 'old_new': 'old', 'thisN': 351, 'thisTrialN': 11, 'thisRepN': 17}>
1030.1808 	EXP 	text_2: autoDraw = False
1030.1808 	EXP 	textbox: autoDraw = False
1030.1808 	EXP 	text_3: autoDraw = False
1030.1808 	EXP 	text_2: height = np.float64(0.05)
1030.1808 	EXP 	text_2: height = np.float64(0.05)
1030.1808 	EXP 	text_2: height = np.float64(0.05)
1030.1808 	EXP 	text_2: text = '_ho_e'
1030.1808 	EXP 	text_2: autoDraw = True
1030.1808 	EXP 	textbox: autoDraw = True
1030.1808 	EXP 	text_3: autoDraw = True
1030.3663 	DATA 	Mouse:  Left button up, pos=(531,161)
1035.3365 	DATA 	Keypress: p
1035.3489 	EXP 	Device response: <KeyPress from None: t=1035.3347009000136, value=p, duration=None>
1035.4659 	EXP 	Device response: <KeyPress from None: t=1035.3347009000136, value=p, duration=0.1256129000103101>
1035.6488 	DATA 	Keypress: h
1035.6501 	EXP 	Device response: <KeyPress from None: t=1035.6442220000317, value=h, duration=None>
1035.7334 	EXP 	Device response: <KeyPress from None: t=1035.6442220000317, value=h, duration=0.07681170001160353>
1035.8488 	DATA 	Keypress: o
1035.8493 	EXP 	Device response: <KeyPress from None: t=1035.8457473000744, value=o, duration=None>
1035.9319 	EXP 	Device response: <KeyPress from None: t=1035.8457473000744, value=o, duration=0.08558439998887479>
1036.0828 	DATA 	Keypress: e
1036.0841 	EXP 	Device response: <KeyPress from None: t=1036.0754049000097, value=e, duration=None>
1036.1822 	EXP 	Device response: <KeyPress from None: t=1036.0754049000097, value=e, duration=0.09382840001489967>
1036.2819 	DATA 	Keypress: n
1036.2825 	EXP 	Device response: <KeyPress from None: t=1036.2738478000974, value=n, duration=None>
1036.3652 	EXP 	Device response: <KeyPress from None: t=1036.2738478000974, value=n, duration=0.07715899997856468>
1037.0160 	DATA 	Keypress: backspace
1037.0175 	EXP 	Device response: <KeyPress from None: t=1037.0147911000531, value=backspace, duration=None>
1037.1158 	EXP 	Device response: <KeyPress from None: t=1037.0147911000531, value=backspace, duration=0.0868794999551028>
1037.1825 	DATA 	Keypress: backspace
1037.1831 	EXP 	Device response: <KeyPress from None: t=1037.180875100079, value=backspace, duration=None>
1037.2830 	EXP 	Device response: <KeyPress from None: t=1037.180875100079, value=backspace, duration=0.09215679997578263>
1037.5488 	DATA 	Keypress: n
1037.5493 	EXP 	Device response: <KeyPress from None: t=1037.5430641000858, value=n, duration=None>
1037.6327 	EXP 	Device response: <KeyPress from None: t=1037.5430641000858, value=n, duration=0.08780849992763251>
1037.6508 	DATA 	Keypress: e
1037.6515 	EXP 	Device response: <KeyPress from None: t=1037.6497669999953, value=e, duration=None>
1037.7490 	EXP 	Device response: <KeyPress from None: t=1037.6497669999953, value=e, duration=0.09583070001099259>
1038.6343 	DATA 	Mouse: Left button down, pos=(531,161)
1038.6357 	EXP 	New trial (rep=17, index=12): <Trial 352 (12 in rep 17) data={'test_word': 'bo_t_e', 'Reference': 'Bottle', 'old_new': 'new', 'thisN': 352, 'thisTrialN': 12, 'thisRepN': 17}>
1038.6485 	EXP 	text_2: autoDraw = False
1038.6485 	EXP 	textbox: autoDraw = False
1038.6485 	EXP 	text_3: autoDraw = False
1038.6485 	EXP 	text_2: height = np.float64(0.05)
1038.6485 	EXP 	text_2: height = np.float64(0.05)
1038.6485 	EXP 	text_2: height = np.float64(0.05)
1038.6485 	EXP 	text_2: text = 'bo_t_e'
1038.6485 	EXP 	text_2: autoDraw = True
1038.6485 	EXP 	textbox: autoDraw = True
1038.6485 	EXP 	text_3: autoDraw = True
1038.8502 	DATA 	Mouse:  Left button up, pos=(531,161)
1039.6850 	DATA 	Keypress: b
1039.6984 	EXP 	Device response: <KeyPress from None: t=1039.6836248000618, value=b, duration=None>
1039.7659 	EXP 	Device response: <KeyPress from None: t=1039.6836248000618, value=b, duration=0.08059559995308518>
1039.8173 	DATA 	Keypress: o
1039.8320 	EXP 	Device response: <KeyPress from None: t=1039.8161861000117, value=o, duration=None>
1039.8985 	EXP 	Device response: <KeyPress from None: t=1039.8161861000117, value=o, duration=0.0689027999760583>
1040.0318 	DATA 	Keypress: t
1040.0324 	EXP 	Device response: <KeyPress from None: t=1040.0254904000321, value=t, duration=None>
1040.0987 	EXP 	Device response: <KeyPress from None: t=1040.0254904000321, value=t, duration=0.06871040002442896>
1040.1843 	DATA 	Keypress: t
1040.1982 	EXP 	Device response: <KeyPress from None: t=1040.1840838000644, value=t, duration=None>
1040.2817 	EXP 	Device response: <KeyPress from None: t=1040.1840838000644, value=t, duration=0.09717069996986538>
1040.3326 	DATA 	Keypress: l
1040.3332 	EXP 	Device response: <KeyPress from None: t=1040.318609100068, value=l, duration=None>
1040.4150 	EXP 	Device response: <KeyPress from None: t=1040.318609100068, value=l, duration=0.09112080000340939>
1040.4848 	DATA 	Keypress: e
1040.4984 	EXP 	Device response: <KeyPress from None: t=1040.4835840000305, value=e, duration=None>
1040.6487 	EXP 	Device response: <KeyPress from None: t=1040.4835840000305, value=e, duration=0.1507899999851361>
1041.7510 	DATA 	Mouse: Left button down, pos=(531,161)
1041.7527 	EXP 	New trial (rep=17, index=13): <Trial 353 (13 in rep 17) data={'test_word': 'K_y_', 'Reference': 'Keys', 'old_new': 'old', 'thisN': 353, 'thisTrialN': 13, 'thisRepN': 17}>
1041.7647 	EXP 	text_2: autoDraw = False
1041.7647 	EXP 	textbox: autoDraw = False
1041.7647 	EXP 	text_3: autoDraw = False
1041.7647 	EXP 	text_2: height = np.float64(0.05)
1041.7647 	EXP 	text_2: height = np.float64(0.05)
1041.7647 	EXP 	text_2: height = np.float64(0.05)
1041.7647 	EXP 	text_2: text = 'K_y_'
1041.7647 	EXP 	text_2: autoDraw = True
1041.7647 	EXP 	textbox: autoDraw = True
1041.7647 	EXP 	text_3: autoDraw = True
1041.9734 	DATA 	Mouse:  Left button up, pos=(531,161)
1042.5814 	DATA 	Keypress: k
1042.5819 	EXP 	Device response: <KeyPress from None: t=1042.5737821999937, value=k, duration=None>
1042.6980 	EXP 	Device response: <KeyPress from None: t=1042.5737821999937, value=k, duration=0.10919980006292462>
1042.7327 	DATA 	Keypress: e
1042.7333 	EXP 	Device response: <KeyPress from None: t=1042.728771800059, value=e, duration=None>
1042.8487 	EXP 	Device response: <KeyPress from None: t=1042.728771800059, value=e, duration=0.10792839992791414>
1042.9657 	DATA 	Keypress: y
1042.9663 	EXP 	Device response: <KeyPress from None: t=1042.961408500094, value=y, duration=None>
1043.0494 	EXP 	Device response: <KeyPress from None: t=1042.961408500094, value=y, duration=0.08600989996921271>
1043.1821 	DATA 	Keypress: s
1043.1827 	EXP 	Device response: <KeyPress from None: t=1043.1794179000426, value=s, duration=None>
1043.2989 	EXP 	Device response: <KeyPress from None: t=1043.1794179000426, value=s, duration=0.10730689996853471>
1044.0662 	DATA 	Mouse: Left button down, pos=(531,161)
1044.0674 	EXP 	New trial (rep=17, index=14): <Trial 354 (14 in rep 17) data={'test_word': 'c_s_', 'Reference': 'Case', 'old_new': 'old', 'thisN': 354, 'thisTrialN': 14, 'thisRepN': 17}>
1044.0818 	EXP 	text_2: autoDraw = False
1044.0818 	EXP 	textbox: autoDraw = False
1044.0818 	EXP 	text_3: autoDraw = False
1044.0818 	EXP 	text_2: height = np.float64(0.05)
1044.0818 	EXP 	text_2: height = np.float64(0.05)
1044.0818 	EXP 	text_2: height = np.float64(0.05)
1044.0818 	EXP 	text_2: text = 'c_s_'
1044.0818 	EXP 	text_2: autoDraw = True
1044.0818 	EXP 	textbox: autoDraw = True
1044.0818 	EXP 	text_3: autoDraw = True
1044.2832 	DATA 	Mouse:  Left button up, pos=(531,161)
1044.8983 	DATA 	Keypress: c
1044.8990 	EXP 	Device response: <KeyPress from None: t=1044.8956733000232, value=c, duration=None>
1044.9982 	EXP 	Device response: <KeyPress from None: t=1044.8956733000232, value=c, duration=0.0876610999694094>
1045.1316 	DATA 	Keypress: a
1045.1321 	EXP 	Device response: <KeyPress from None: t=1045.1271643000655, value=a, duration=None>
1045.2827 	EXP 	Device response: <KeyPress from None: t=1045.1271643000655, value=a, duration=0.153389299986884>
1045.4485 	DATA 	Keypress: s
1045.4492 	EXP 	Device response: <KeyPress from None: t=1045.434706500033, value=s, duration=None>
1045.5491 	EXP 	Device response: <KeyPress from None: t=1045.434706500033, value=s, duration=0.10945810005068779>
1045.6485 	DATA 	Keypress: e
1045.6490 	EXP 	Device response: <KeyPress from None: t=1045.6403929000953, value=e, duration=None>
1045.7156 	EXP 	Device response: <KeyPress from None: t=1045.6403929000953, value=e, duration=0.0715085999108851>
1046.8001 	DATA 	Mouse: Left button down, pos=(531,161)
1046.8014 	EXP 	New trial (rep=17, index=15): <Trial 355 (15 in rep 17) data={'test_word': 'P_li_e', 'Reference': 'Police', 'old_new': 'old', 'thisN': 355, 'thisTrialN': 15, 'thisRepN': 17}>
1046.8153 	EXP 	text_2: autoDraw = False
1046.8153 	EXP 	textbox: autoDraw = False
1046.8153 	EXP 	text_3: autoDraw = False
1046.8153 	EXP 	text_2: height = np.float64(0.05)
1046.8153 	EXP 	text_2: height = np.float64(0.05)
1046.8153 	EXP 	text_2: height = np.float64(0.05)
1046.8153 	EXP 	text_2: text = 'P_li_e'
1046.8153 	EXP 	text_2: autoDraw = True
1046.8153 	EXP 	textbox: autoDraw = True
1046.8153 	EXP 	text_3: autoDraw = True
1047.0331 	DATA 	Mouse:  Left button up, pos=(531,161)
1047.6519 	DATA 	Keypress: p
1047.6649 	EXP 	Device response: <KeyPress from None: t=1047.6512072000187, value=p, duration=None>
1047.7486 	EXP 	Device response: <KeyPress from None: t=1047.6512072000187, value=p, duration=0.08281080005690455>
1047.8459 	DATA 	Keypress: o
1047.8469 	EXP 	Device response: <KeyPress from None: t=1047.8443650000263, value=o, duration=None>
1047.9322 	EXP 	Device response: <KeyPress from None: t=1047.8443650000263, value=o, duration=0.08720219996757805>
1048.0490 	DATA 	Keypress: l
1048.0496 	EXP 	Device response: <KeyPress from None: t=1048.0398559999885, value=l, duration=None>
1048.1321 	EXP 	Device response: <KeyPress from None: t=1048.0398559999885, value=l, duration=0.0810255000833422>
1048.2655 	DATA 	Keypress: i
1048.2661 	EXP 	Device response: <KeyPress from None: t=1048.2545877000084, value=i, duration=None>
1048.3654 	EXP 	Device response: <KeyPress from None: t=1048.2545877000084, value=i, duration=0.0985292000696063>
1048.4152 	DATA 	Keypress: c
1048.4165 	EXP 	Device response: <KeyPress from None: t=1048.4050148000242, value=c, duration=None>
1048.5320 	EXP 	Device response: <KeyPress from None: t=1048.4050148000242, value=c, duration=0.11318200000096112>
1048.6319 	DATA 	Keypress: e
1048.6325 	EXP 	Device response: <KeyPress from None: t=1048.631264600088, value=e, duration=None>
1048.7657 	EXP 	Device response: <KeyPress from None: t=1048.631264600088, value=e, duration=0.12425689992960542>
1049.9550 	DATA 	Mouse: Left button down, pos=(531,161)
1049.9575 	EXP 	New trial (rep=17, index=16): <Trial 356 (16 in rep 17) data={'test_word': 'p_nc_l', 'Reference': 'Pencil', 'old_new': 'new', 'thisN': 356, 'thisTrialN': 16, 'thisRepN': 17}>
1049.9813 	EXP 	text_2: autoDraw = False
1049.9813 	EXP 	textbox: autoDraw = False
1049.9813 	EXP 	text_3: autoDraw = False
1049.9813 	EXP 	text_2: height = np.float64(0.05)
1049.9813 	EXP 	text_2: height = np.float64(0.05)
1049.9813 	EXP 	text_2: height = np.float64(0.05)
1049.9813 	EXP 	text_2: text = 'p_nc_l'
1049.9813 	EXP 	text_2: autoDraw = True
1049.9813 	EXP 	textbox: autoDraw = True
1049.9813 	EXP 	text_3: autoDraw = True
1050.1694 	DATA 	Mouse:  Left button up, pos=(531,161)
1050.9322 	DATA 	Keypress: p
1050.9327 	EXP 	Device response: <KeyPress from None: t=1050.9279728000984, value=p, duration=None>
1051.0156 	EXP 	Device response: <KeyPress from None: t=1050.9279728000984, value=p, duration=0.07131419994402677>
1051.2489 	DATA 	Keypress: n
1051.2501 	EXP 	Device response: <KeyPress from None: t=1051.2486239999998, value=n, duration=None>
1051.3494 	EXP 	Device response: <KeyPress from None: t=1051.2486239999998, value=n, duration=0.08344550000037998>
1051.4316 	DATA 	Keypress: e
1051.4321 	EXP 	Device response: <KeyPress from None: t=1051.4243923000759, value=e, duration=None>
1051.5162 	EXP 	Device response: <KeyPress from None: t=1051.4243923000759, value=e, duration=0.08994989993516356>
1051.7816 	DATA 	Keypress: i
1051.7822 	EXP 	Device response: <KeyPress from None: t=1051.7695256000152, value=i, duration=None>
1051.8652 	EXP 	Device response: <KeyPress from None: t=1051.7695256000152, value=i, duration=0.08296040003187954>
1051.9317 	DATA 	Keypress: c
1051.9323 	EXP 	Device response: <KeyPress from None: t=1051.9226320000598, value=c, duration=None>
1052.0154 	EXP 	Device response: <KeyPress from None: t=1051.9226320000598, value=c, duration=0.08751789992675185>
1052.0649 	DATA 	Keypress: l
1052.0654 	EXP 	Device response: <KeyPress from None: t=1052.0646789000602, value=l, duration=None>
1052.1318 	EXP 	Device response: <KeyPress from None: t=1052.0646789000602, value=l, duration=0.06375349999871105>
1053.1980 	DATA 	Keypress: backspace
1053.1986 	EXP 	Device response: <KeyPress from None: t=1053.1843767000828, value=backspace, duration=None>
1053.2817 	EXP 	Device response: <KeyPress from None: t=1053.1843767000828, value=backspace, duration=0.08937699999660254>
1053.3662 	DATA 	Keypress: backspace
1053.3668 	EXP 	Device response: <KeyPress from None: t=1053.355660900008, value=backspace, duration=None>
1053.4485 	EXP 	Device response: <KeyPress from None: t=1053.355660900008, value=backspace, duration=0.08565620006993413>
1053.7355 	DATA 	Keypress: backspace
1053.7480 	EXP 	Device response: <KeyPress from None: t=1053.7345891000004, value=backspace, duration=None>
1053.8334 	EXP 	Device response: <KeyPress from None: t=1053.7345891000004, value=backspace, duration=0.09456620004493743>
1053.9316 	DATA 	Keypress: backspace
1053.9321 	EXP 	Device response: <KeyPress from None: t=1053.9217380000046, value=backspace, duration=None>
1054.0321 	EXP 	Device response: <KeyPress from None: t=1053.9217380000046, value=backspace, duration=0.09764090005774051>
1054.1150 	DATA 	Keypress: backspace
1054.1162 	EXP 	Device response: <KeyPress from None: t=1054.108726400067, value=backspace, duration=None>
1054.1986 	EXP 	Device response: <KeyPress from None: t=1054.108726400067, value=backspace, duration=0.0881322999484837>
1054.2818 	DATA 	Keypress: backspace
1054.2822 	EXP 	Device response: <KeyPress from None: t=1054.2789346000645, value=backspace, duration=None>
1054.3486 	EXP 	Device response: <KeyPress from None: t=1054.2789346000645, value=backspace, duration=0.06890529999509454>
1055.1654 	DATA 	Keypress: p
1055.1660 	EXP 	Device response: <KeyPress from None: t=1055.1652385999914, value=p, duration=None>
1055.2484 	EXP 	Device response: <KeyPress from None: t=1055.1652385999914, value=p, duration=0.06838190008420497>
1055.2989 	DATA 	Keypress: e
1055.2994 	EXP 	Device response: <KeyPress from None: t=1055.2911868999945, value=e, duration=None>
1055.3983 	EXP 	Device response: <KeyPress from None: t=1055.2911868999945, value=e, duration=0.09855250001419336>
1055.7170 	DATA 	Keypress: n
1055.7315 	EXP 	Device response: <KeyPress from None: t=1055.7154977000318, value=n, duration=None>
1055.7989 	EXP 	Device response: <KeyPress from None: t=1055.7154977000318, value=n, duration=0.0807251000078395>
1055.8816 	DATA 	Keypress: c
1055.8821 	EXP 	Device response: <KeyPress from None: t=1055.8733037000056, value=c, duration=None>
1056.0155 	EXP 	Device response: <KeyPress from None: t=1055.8733037000056, value=c, duration=0.13654000009410083>
1056.1314 	DATA 	Keypress: i
1056.1319 	EXP 	Device response: <KeyPress from None: t=1056.1289898999967, value=i, duration=None>
1056.2319 	EXP 	Device response: <KeyPress from None: t=1056.1289898999967, value=i, duration=0.08919970004353672>
1056.3325 	DATA 	Keypress: l
1056.3331 	EXP 	Device response: <KeyPress from None: t=1056.3284903999884, value=l, duration=None>
1056.4322 	EXP 	Device response: <KeyPress from None: t=1056.3284903999884, value=l, duration=0.09140810009557754>
1057.3496 	DATA 	Mouse: Left button down, pos=(531,161)
1057.3509 	EXP 	New trial (rep=17, index=17): <Trial 357 (17 in rep 17) data={'test_word': '_a_bl_', 'Reference': 'Marble', 'old_new': 'old', 'thisN': 357, 'thisTrialN': 17, 'thisRepN': 17}>
1057.3651 	EXP 	text_2: autoDraw = False
1057.3651 	EXP 	textbox: autoDraw = False
1057.3651 	EXP 	text_3: autoDraw = False
1057.3651 	EXP 	text_2: height = np.float64(0.05)
1057.3651 	EXP 	text_2: height = np.float64(0.05)
1057.3651 	EXP 	text_2: height = np.float64(0.05)
1057.3651 	EXP 	text_2: text = '_a_bl_'
1057.3651 	EXP 	text_2: autoDraw = True
1057.3651 	EXP 	textbox: autoDraw = True
1057.3651 	EXP 	text_3: autoDraw = True
1057.5663 	DATA 	Mouse:  Left button up, pos=(531,161)
1058.7981 	DATA 	Keypress: t
1058.7987 	EXP 	Device response: <KeyPress from None: t=1058.7877144000959, value=t, duration=None>
1058.8820 	EXP 	Device response: <KeyPress from None: t=1058.7877144000959, value=t, duration=0.0813205000013113>
1058.9338 	DATA 	Keypress: a
1058.9482 	EXP 	Device response: <KeyPress from None: t=1058.931996600004, value=a, duration=None>
1059.0829 	EXP 	Device response: <KeyPress from None: t=1058.931996600004, value=a, duration=0.14344490005169064>
1059.0867 	DATA 	Keypress: b
1059.0982 	EXP 	Device response: <KeyPress from None: t=1059.0851299000205, value=b, duration=None>
1059.1650 	EXP 	Device response: <KeyPress from None: t=1059.0851299000205, value=b, duration=0.06961550004780293>
1059.6201 	DATA 	Keypress: e
1059.6322 	EXP 	Device response: <KeyPress from None: t=1059.6156632000348, value=e, duration=None>
1059.7323 	EXP 	Device response: <KeyPress from None: t=1059.6156632000348, value=e, duration=0.11586420005187392>
1061.2013 	DATA 	Keypress: backspace
1061.2150 	EXP 	Device response: <KeyPress from None: t=1061.1991936000995, value=backspace, duration=None>
1061.2981 	EXP 	Device response: <KeyPress from None: t=1061.1991936000995, value=backspace, duration=0.08488519990351051>
1061.5651 	DATA 	Keypress: l
1061.5656 	EXP 	Device response: <KeyPress from None: t=1061.5522088001017, value=l, duration=None>
1061.6322 	EXP 	Device response: <KeyPress from None: t=1061.5522088001017, value=l, duration=0.07711579999886453>
1061.7651 	DATA 	Keypress: r
1061.7657 	EXP 	Device response: <KeyPress from None: t=1061.7595764000434, value=r, duration=None>
1061.9005 	EXP 	Device response: <KeyPress from None: t=1061.7595764000434, value=r, duration=0.13891590002458543>
1063.0663 	DATA 	Mouse: Left button down, pos=(531,161)
1063.0676 	EXP 	New trial (rep=17, index=18): <Trial 358 (18 in rep 17) data={'test_word': 'P_as_tr_', 'Reference': 'Pastry', 'old_new': 'old', 'thisN': 358, 'thisTrialN': 18, 'thisRepN': 17}>
1063.0817 	EXP 	text_2: autoDraw = False
1063.0817 	EXP 	textbox: autoDraw = False
1063.0817 	EXP 	text_3: autoDraw = False
1063.0817 	EXP 	text_2: height = np.float64(0.05)
1063.0817 	EXP 	text_2: height = np.float64(0.05)
1063.0817 	EXP 	text_2: height = np.float64(0.05)
1063.0817 	EXP 	text_2: text = 'P_as_tr_'
1063.0817 	EXP 	text_2: autoDraw = True
1063.0817 	EXP 	textbox: autoDraw = True
1063.0817 	EXP 	text_3: autoDraw = True
1063.2826 	DATA 	Mouse:  Left button up, pos=(531,161)
1064.1316 	DATA 	Keypress: p
1064.1322 	EXP 	Device response: <KeyPress from None: t=1064.1255125000607, value=p, duration=None>
1064.1992 	EXP 	Device response: <KeyPress from None: t=1064.1255125000607, value=p, duration=0.07149609993211925>
1064.2697 	DATA 	Keypress: a
1064.2831 	EXP 	Device response: <KeyPress from None: t=1064.268787200097, value=a, duration=None>
1064.4157 	EXP 	Device response: <KeyPress from None: t=1064.268787200097, value=a, duration=0.14486729993950576>
1064.5319 	DATA 	Keypress: s
1064.5325 	EXP 	Device response: <KeyPress from None: t=1064.5207770999987, value=s, duration=None>
1064.6821 	EXP 	Device response: <KeyPress from None: t=1064.5207770999987, value=s, duration=0.15466670005116612>
1064.7488 	DATA 	Keypress: t
1064.7494 	EXP 	Device response: <KeyPress from None: t=1064.740465400042, value=t, duration=None>
1064.8319 	EXP 	Device response: <KeyPress from None: t=1064.740465400042, value=t, duration=0.08813589997589588>
1064.9484 	DATA 	Keypress: r
1064.9498 	EXP 	Device response: <KeyPress from None: t=1064.9465817000018, value=r, duration=None>
1065.0318 	EXP 	Device response: <KeyPress from None: t=1064.9465817000018, value=r, duration=0.07907089998479933>
1065.1318 	DATA 	Keypress: y
1065.1324 	EXP 	Device response: <KeyPress from None: t=1065.1279492999893, value=y, duration=None>
1065.2152 	EXP 	Device response: <KeyPress from None: t=1065.1279492999893, value=y, duration=0.08385170006658882>
1066.4209 	DATA 	Mouse: Left button down, pos=(531,161)
1066.4329 	EXP 	New trial (rep=17, index=19): <Trial 359 (19 in rep 17) data={'test_word': '_ou_se', 'Reference': 'mouse', 'old_new': 'old', 'thisN': 359, 'thisTrialN': 19, 'thisRepN': 17}>
1066.4481 	EXP 	text_2: autoDraw = False
1066.4481 	EXP 	textbox: autoDraw = False
1066.4481 	EXP 	text_3: autoDraw = False
1066.4481 	EXP 	text_2: height = np.float64(0.05)
1066.4481 	EXP 	text_2: height = np.float64(0.05)
1066.4481 	EXP 	text_2: height = np.float64(0.05)
1066.4481 	EXP 	text_2: text = '_ou_se'
1066.4481 	EXP 	text_2: autoDraw = True
1066.4481 	EXP 	textbox: autoDraw = True
1066.4481 	EXP 	text_3: autoDraw = True
1066.6497 	DATA 	Mouse:  Left button up, pos=(531,161)
1067.2657 	DATA 	Keypress: m
1067.2663 	EXP 	Device response: <KeyPress from None: t=1067.2564128000522, value=m, duration=None>
1067.3320 	EXP 	Device response: <KeyPress from None: t=1067.2564128000522, value=m, duration=0.07379829999990761>
1067.4828 	DATA 	Keypress: o
1067.4834 	EXP 	Device response: <KeyPress from None: t=1067.4813948000083, value=o, duration=None>
1067.5817 	EXP 	Device response: <KeyPress from None: t=1067.4813948000083, value=o, duration=0.09276130003854632>
1067.7172 	DATA 	Keypress: u
1067.7315 	EXP 	Device response: <KeyPress from None: t=1067.715457500075, value=u, duration=None>
1067.7987 	EXP 	Device response: <KeyPress from None: t=1067.715457500075, value=u, duration=0.0749030999140814>
1067.8649 	DATA 	Keypress: s
1067.8654 	EXP 	Device response: <KeyPress from None: t=1067.8541391000617, value=s, duration=None>
1067.9820 	EXP 	Device response: <KeyPress from None: t=1067.8541391000617, value=s, duration=0.12464850000105798>
1068.1160 	DATA 	Keypress: e
1068.1165 	EXP 	Device response: <KeyPress from None: t=1068.1036556999898, value=e, duration=None>
1068.2485 	EXP 	Device response: <KeyPress from None: t=1068.1036556999898, value=e, duration=0.13101950008422136>
1069.2331 	DATA 	Mouse: Left button down, pos=(531,161)
1069.2345 	EXP 	New trial (rep=18, index=0): <Trial 360 (0 in rep 18) data={'test_word': 'bo_t_e', 'Reference': 'Bottle', 'old_new': 'new', 'thisN': 360, 'thisTrialN': 0, 'thisRepN': 18}>
1069.2486 	EXP 	text_2: autoDraw = False
1069.2486 	EXP 	textbox: autoDraw = False
1069.2486 	EXP 	text_3: autoDraw = False
1069.2486 	EXP 	text_2: height = np.float64(0.05)
1069.2486 	EXP 	text_2: height = np.float64(0.05)
1069.2486 	EXP 	text_2: height = np.float64(0.05)
1069.2486 	EXP 	text_2: text = 'bo_t_e'
1069.2486 	EXP 	text_2: autoDraw = True
1069.2486 	EXP 	textbox: autoDraw = True
1069.2486 	EXP 	text_3: autoDraw = True
1069.4570 	DATA 	Mouse:  Left button up, pos=(531,161)
1070.1540 	DATA 	Keypress: b
1070.1661 	EXP 	Device response: <KeyPress from None: t=1070.1506937000668, value=b, duration=None>
1070.2499 	EXP 	Device response: <KeyPress from None: t=1070.1506937000668, value=b, duration=0.09110800002235919>
1070.3494 	DATA 	Keypress: o
1070.3500 	EXP 	Device response: <KeyPress from None: t=1070.3448204000015, value=o, duration=None>
1070.4317 	EXP 	Device response: <KeyPress from None: t=1070.3448204000015, value=o, duration=0.07175590004771948>
1070.5534 	DATA 	Keypress: t
1070.5664 	EXP 	Device response: <KeyPress from None: t=1070.5531108001014, value=t, duration=None>
1070.6653 	EXP 	Device response: <KeyPress from None: t=1070.5531108001014, value=t, duration=0.10229459998663515>
1070.7488 	DATA 	Keypress: t
1070.7494 	EXP 	Device response: <KeyPress from None: t=1070.7459578000708, value=t, duration=None>
1070.8496 	EXP 	Device response: <KeyPress from None: t=1070.7459578000708, value=t, duration=0.09553099994082004>
1070.9335 	DATA 	Keypress: l
1070.9343 	EXP 	Device response: <KeyPress from None: t=1070.9264433000935, value=l, duration=None>
1071.0172 	EXP 	Device response: <KeyPress from None: t=1070.9264433000935, value=l, duration=0.08691169996745884>
1071.0821 	DATA 	Keypress: e
1071.0827 	EXP 	Device response: <KeyPress from None: t=1071.0791652000044, value=e, duration=None>
1071.2162 	EXP 	Device response: <KeyPress from None: t=1071.0791652000044, value=e, duration=0.1273399000056088>
1072.2714 	DATA 	Mouse: Left button down, pos=(531,161)
1072.2834 	EXP 	New trial (rep=18, index=1): <Trial 361 (1 in rep 18) data={'test_word': '_oo_', 'Reference': 'Book', 'old_new': 'old', 'thisN': 361, 'thisTrialN': 1, 'thisRepN': 18}>
1072.2982 	EXP 	text_2: autoDraw = False
1072.2982 	EXP 	textbox: autoDraw = False
1072.2982 	EXP 	text_3: autoDraw = False
1072.2982 	EXP 	text_2: height = np.float64(0.05)
1072.2982 	EXP 	text_2: height = np.float64(0.05)
1072.2982 	EXP 	text_2: height = np.float64(0.05)
1072.2982 	EXP 	text_2: text = '_oo_'
1072.2982 	EXP 	text_2: autoDraw = True
1072.2982 	EXP 	textbox: autoDraw = True
1072.2982 	EXP 	text_3: autoDraw = True
1072.4904 	DATA 	Mouse:  Left button up, pos=(531,161)
1073.5162 	DATA 	Keypress: b
1073.5167 	EXP 	Device response: <KeyPress from None: t=1073.5064334000926, value=b, duration=None>
1073.6160 	EXP 	Device response: <KeyPress from None: t=1073.5064334000926, value=b, duration=0.10104809992481023>
1073.7491 	DATA 	Keypress: o
1073.7497 	EXP 	Device response: <KeyPress from None: t=1073.7478554000845, value=o, duration=None>
1073.8320 	EXP 	Device response: <KeyPress from None: t=1073.7478554000845, value=o, duration=0.06882889999542385>
1073.9002 	DATA 	Keypress: o
1073.9007 	EXP 	Device response: <KeyPress from None: t=1073.8984061999945, value=o, duration=None>
1073.9994 	EXP 	Device response: <KeyPress from None: t=1073.8984061999945, value=o, duration=0.08586810005363077>
1074.0996 	DATA 	Keypress: k
1074.1002 	EXP 	Device response: <KeyPress from None: t=1074.0989921999862, value=k, duration=None>
1074.1831 	EXP 	Device response: <KeyPress from None: t=1074.0989921999862, value=k, duration=0.07720220007468015>
1075.1335 	DATA 	Mouse: Left button down, pos=(531,161)
1075.1349 	EXP 	New trial (rep=18, index=2): <Trial 362 (2 in rep 18) data={'test_word': 'P_st_r', 'Reference': 'Poster', 'old_new': 'old', 'thisN': 362, 'thisTrialN': 2, 'thisRepN': 18}>
1075.1496 	EXP 	text_2: autoDraw = False
1075.1496 	EXP 	textbox: autoDraw = False
1075.1496 	EXP 	text_3: autoDraw = False
1075.1496 	EXP 	text_2: height = np.float64(0.05)
1075.1496 	EXP 	text_2: height = np.float64(0.05)
1075.1496 	EXP 	text_2: height = np.float64(0.05)
1075.1496 	EXP 	text_2: text = 'P_st_r'
1075.1496 	EXP 	text_2: autoDraw = True
1075.1496 	EXP 	textbox: autoDraw = True
1075.1496 	EXP 	text_3: autoDraw = True
1075.3605 	DATA 	Mouse:  Left button up, pos=(531,161)
1076.1489 	DATA 	Keypress: p
1076.1495 	EXP 	Device response: <KeyPress from None: t=1076.1479463001015, value=p, duration=None>
1076.2485 	EXP 	Device response: <KeyPress from None: t=1076.1479463001015, value=p, duration=0.09973799996078014>
1076.3330 	DATA 	Keypress: a
1076.3336 	EXP 	Device response: <KeyPress from None: t=1076.3258846000535, value=a, duration=None>
1076.4507 	EXP 	Device response: <KeyPress from None: t=1076.3258846000535, value=a, duration=0.12210849998518825>
1076.5817 	DATA 	Keypress: s
1076.5823 	EXP 	Device response: <KeyPress from None: t=1076.571636400069, value=s, duration=None>
1076.6826 	EXP 	Device response: <KeyPress from None: t=1076.571636400069, value=s, duration=0.09801680000964552>
1076.8493 	DATA 	Keypress: t
1076.8505 	EXP 	Device response: <KeyPress from None: t=1076.8367360000266, value=t, duration=None>
1076.9483 	EXP 	Device response: <KeyPress from None: t=1076.8367360000266, value=t, duration=0.09869400004390627>
1077.0513 	DATA 	Keypress: r
1077.0650 	EXP 	Device response: <KeyPress from None: t=1077.05080550001, value=r, duration=None>
1077.1323 	EXP 	Device response: <KeyPress from None: t=1077.05080550001, value=r, duration=0.07810689997859299>
1077.2504 	DATA 	Keypress: y
1077.2511 	EXP 	Device response: <KeyPress from None: t=1077.242260200088, value=y, duration=None>
1077.3326 	EXP 	Device response: <KeyPress from None: t=1077.242260200088, value=y, duration=0.0797125999815762>
1078.1501 	DATA 	Mouse: Left button down, pos=(531,161)
1078.1515 	EXP 	New trial (rep=18, index=3): <Trial 363 (3 in rep 18) data={'test_word': 'p_nc_l', 'Reference': 'Pencil', 'old_new': 'new', 'thisN': 363, 'thisTrialN': 3, 'thisRepN': 18}>
1078.1652 	EXP 	text_2: autoDraw = False
1078.1652 	EXP 	textbox: autoDraw = False
1078.1652 	EXP 	text_3: autoDraw = False
1078.1652 	EXP 	text_2: height = np.float64(0.05)
1078.1652 	EXP 	text_2: height = np.float64(0.05)
1078.1652 	EXP 	text_2: height = np.float64(0.05)
1078.1652 	EXP 	text_2: text = 'p_nc_l'
1078.1652 	EXP 	text_2: autoDraw = True
1078.1652 	EXP 	textbox: autoDraw = True
1078.1652 	EXP 	text_3: autoDraw = True
1078.3732 	DATA 	Mouse:  Left button up, pos=(531,161)
1079.1703 	DATA 	Keypress: p
1079.1818 	EXP 	Device response: <KeyPress from None: t=1079.1683460000204, value=p, duration=None>
1079.2663 	EXP 	Device response: <KeyPress from None: t=1079.1683460000204, value=p, duration=0.08436139998957515>
1079.3859 	DATA 	Keypress: e
1079.3995 	EXP 	Device response: <KeyPress from None: t=1079.3857387000462, value=e, duration=None>
1079.4820 	EXP 	Device response: <KeyPress from None: t=1079.3857387000462, value=e, duration=0.0857634999556467>
1079.5840 	DATA 	Keypress: n
1079.5986 	EXP 	Device response: <KeyPress from None: t=1079.582500700024, value=n, duration=None>
1079.6655 	EXP 	Device response: <KeyPress from None: t=1079.582500700024, value=n, duration=0.08099930000025779>
1079.9179 	DATA 	Keypress: c
1079.9322 	EXP 	Device response: <KeyPress from None: t=1079.9163511000806, value=c, duration=None>
1080.0324 	EXP 	Device response: <KeyPress from None: t=1079.9163511000806, value=c, duration=0.10760350001510233>
1080.1489 	DATA 	Keypress: i
1080.1495 	EXP 	Device response: <KeyPress from None: t=1080.1428617000347, value=i, duration=None>
1080.2329 	EXP 	Device response: <KeyPress from None: t=1080.1428617000347, value=i, duration=0.08446280006319284>
1080.3655 	DATA 	Keypress: l
1080.3661 	EXP 	Device response: <KeyPress from None: t=1080.360613900004, value=l, duration=None>
1080.4325 	EXP 	Device response: <KeyPress from None: t=1080.360613900004, value=l, duration=0.07065110001713037>
1081.6336 	DATA 	Mouse: Left button down, pos=(531,161)
1081.6350 	EXP 	New trial (rep=18, index=4): <Trial 364 (4 in rep 18) data={'test_word': 'P_li_e', 'Reference': 'Police', 'old_new': 'old', 'thisN': 364, 'thisTrialN': 4, 'thisRepN': 18}>
1081.6641 	EXP 	text_2: autoDraw = False
1081.6641 	EXP 	textbox: autoDraw = False
1081.6641 	EXP 	text_3: autoDraw = False
1081.6641 	EXP 	text_2: height = np.float64(0.05)
1081.6641 	EXP 	text_2: height = np.float64(0.05)
1081.6641 	EXP 	text_2: height = np.float64(0.05)
1081.6641 	EXP 	text_2: text = 'P_li_e'
1081.6641 	EXP 	text_2: autoDraw = True
1081.6641 	EXP 	textbox: autoDraw = True
1081.6641 	EXP 	text_3: autoDraw = True
1081.8606 	DATA 	Mouse:  Left button up, pos=(531,161)
1082.4362 	DATA 	Keypress: p
1082.4497 	EXP 	Device response: <KeyPress from None: t=1082.434111300041, value=p, duration=None>
1082.5332 	EXP 	Device response: <KeyPress from None: t=1082.434111300041, value=p, duration=0.08657769998535514>
1082.6343 	DATA 	Keypress: o
1082.6488 	EXP 	Device response: <KeyPress from None: t=1082.6325492000906, value=o, duration=None>
1082.7323 	EXP 	Device response: <KeyPress from None: t=1082.6325492000906, value=o, duration=0.0869111999636516>
1082.8324 	DATA 	Keypress: l
1082.8330 	EXP 	Device response: <KeyPress from None: t=1082.8307822000934, value=l, duration=None>
1082.9324 	EXP 	Device response: <KeyPress from None: t=1082.8307822000934, value=l, duration=0.09612369991373271>
1083.0501 	DATA 	Keypress: i
1083.0517 	EXP 	Device response: <KeyPress from None: t=1083.0385647000512, value=i, duration=None>
1083.1496 	EXP 	Device response: <KeyPress from None: t=1083.0385647000512, value=i, duration=0.094555199961178>
1083.2165 	DATA 	Keypress: c
1083.2177 	EXP 	Device response: <KeyPress from None: t=1083.2073589999927, value=c, duration=None>
1083.3316 	EXP 	Device response: <KeyPress from None: t=1083.2073589999927, value=c, duration=0.11322410008870065>
1083.6319 	DATA 	Keypress: e
1083.6325 	EXP 	Device response: <KeyPress from None: t=1083.6297064000973, value=e, duration=None>
1083.7494 	EXP 	Device response: <KeyPress from None: t=1083.6297064000973, value=e, duration=0.11473029991611838>
1084.8168 	DATA 	Mouse: Left button down, pos=(531,161)
1084.8181 	EXP 	New trial (rep=18, index=5): <Trial 365 (5 in rep 18) data={'test_word': '_ou_se', 'Reference': 'mouse', 'old_new': 'old', 'thisN': 365, 'thisTrialN': 5, 'thisRepN': 18}>
1084.8321 	EXP 	text_2: autoDraw = False
1084.8321 	EXP 	textbox: autoDraw = False
1084.8321 	EXP 	text_3: autoDraw = False
1084.8321 	EXP 	text_2: height = np.float64(0.05)
1084.8321 	EXP 	text_2: height = np.float64(0.05)
1084.8321 	EXP 	text_2: height = np.float64(0.05)
1084.8321 	EXP 	text_2: text = '_ou_se'
1084.8321 	EXP 	text_2: autoDraw = True
1084.8321 	EXP 	textbox: autoDraw = True
1084.8321 	EXP 	text_3: autoDraw = True
1085.0338 	DATA 	Mouse:  Left button up, pos=(531,161)
1085.8816 	DATA 	Keypress: m
1085.8822 	EXP 	Device response: <KeyPress from None: t=1085.8705951999873, value=m, duration=None>
1085.9489 	EXP 	Device response: <KeyPress from None: t=1085.8705951999873, value=m, duration=0.07571360003203154>
1086.0986 	DATA 	Keypress: o
1086.0992 	EXP 	Device response: <KeyPress from None: t=1086.0902219000272, value=o, duration=None>
1086.1820 	EXP 	Device response: <KeyPress from None: t=1086.0902219000272, value=o, duration=0.08657020004466176>
1086.3317 	DATA 	Keypress: u
1086.3323 	EXP 	Device response: <KeyPress from None: t=1086.3204584000632, value=u, duration=None>
1086.4156 	EXP 	Device response: <KeyPress from None: t=1086.3204584000632, value=u, duration=0.09012129995971918>
1086.4987 	DATA 	Keypress: s
1086.4995 	EXP 	Device response: <KeyPress from None: t=1086.4968410000438, value=s, duration=None>
1086.6494 	EXP 	Device response: <KeyPress from None: t=1086.4968410000438, value=s, duration=0.13848970003891736>
1086.7999 	DATA 	Keypress: e
1086.8006 	EXP 	Device response: <KeyPress from None: t=1086.7903087000595, value=e, duration=None>
1086.8664 	EXP 	Device response: <KeyPress from None: t=1086.7903087000595, value=e, duration=0.07132220000494272>
1087.6997 	DATA 	Mouse: Left button down, pos=(531,161)
1087.7010 	EXP 	New trial (rep=18, index=6): <Trial 366 (6 in rep 18) data={'test_word': 'T_hi_t', 'Reference': 'Tshirt', 'old_new': 'old', 'thisN': 366, 'thisTrialN': 6, 'thisRepN': 18}>
1087.7146 	EXP 	text_2: autoDraw = False
1087.7146 	EXP 	textbox: autoDraw = False
1087.7146 	EXP 	text_3: autoDraw = False
1087.7146 	EXP 	text_2: height = np.float64(0.05)
1087.7146 	EXP 	text_2: height = np.float64(0.05)
1087.7146 	EXP 	text_2: height = np.float64(0.05)
1087.7146 	EXP 	text_2: text = 'T_hi_t'
1087.7146 	EXP 	text_2: autoDraw = True
1087.7146 	EXP 	textbox: autoDraw = True
1087.7146 	EXP 	text_3: autoDraw = True
1087.9396 	DATA 	Mouse:  Left button up, pos=(531,161)
1088.6657 	DATA 	Keypress: t
1088.6662 	EXP 	Device response: <KeyPress from None: t=1088.65480020002, value=t, duration=None>
1088.7485 	EXP 	Device response: <KeyPress from None: t=1088.65480020002, value=t, duration=0.07939420000184327>
1089.0023 	DATA 	Keypress: s
1089.0159 	EXP 	Device response: <KeyPress from None: t=1089.001052900101, value=s, duration=None>
1089.1650 	EXP 	Device response: <KeyPress from None: t=1089.001052900101, value=s, duration=0.14885109988972545>
1089.1820 	DATA 	Keypress: h
1089.1825 	EXP 	Device response: <KeyPress from None: t=1089.1740599999903, value=h, duration=None>
1089.2668 	EXP 	Device response: <KeyPress from None: t=1089.1740599999903, value=h, duration=0.08014240011107177>
1089.4153 	DATA 	Keypress: i
1089.4159 	EXP 	Device response: <KeyPress from None: t=1089.4123090000357, value=i, duration=None>
1089.5328 	EXP 	Device response: <KeyPress from None: t=1089.4123090000357, value=i, duration=0.1081333999754861>
1089.5658 	DATA 	Keypress: r
1089.5665 	EXP 	Device response: <KeyPress from None: t=1089.5536132000852, value=r, duration=None>
1089.6835 	EXP 	Device response: <KeyPress from None: t=1089.5536132000852, value=r, duration=0.12568659998942167>
1089.7821 	DATA 	Keypress: t
1089.7827 	EXP 	Device response: <KeyPress from None: t=1089.7744504000293, value=t, duration=None>
1089.7990 	EXP 	Device response: <KeyPress from None: t=1089.7744504000293, value=t, duration=0.01887280005030334>
1090.7665 	DATA 	Mouse: Left button down, pos=(531,161)
1090.7679 	EXP 	New trial (rep=18, index=7): <Trial 367 (7 in rep 18) data={'test_word': '_ho_e', 'Reference': 'Phone', 'old_new': 'old', 'thisN': 367, 'thisTrialN': 7, 'thisRepN': 18}>
1090.7820 	EXP 	text_2: autoDraw = False
1090.7820 	EXP 	textbox: autoDraw = False
1090.7820 	EXP 	text_3: autoDraw = False
1090.7820 	EXP 	text_2: height = np.float64(0.05)
1090.7820 	EXP 	text_2: height = np.float64(0.05)
1090.7820 	EXP 	text_2: height = np.float64(0.05)
1090.7820 	EXP 	text_2: text = '_ho_e'
1090.7820 	EXP 	text_2: autoDraw = True
1090.7820 	EXP 	textbox: autoDraw = True
1090.7820 	EXP 	text_3: autoDraw = True
1090.9886 	DATA 	Mouse:  Left button up, pos=(531,161)
1092.3319 	DATA 	Keypress: p
1092.3325 	EXP 	Device response: <KeyPress from None: t=1092.3308202000335, value=p, duration=None>
1092.3821 	EXP 	Device response: <KeyPress from None: t=1092.3308202000335, value=p, duration=0.04410609998740256>
1092.7821 	DATA 	Keypress: h
1092.7826 	EXP 	Device response: <KeyPress from None: t=1092.7773988000117, value=h, duration=None>
1092.8485 	EXP 	Device response: <KeyPress from None: t=1092.7773988000117, value=h, duration=0.06565650005359203>
1093.0023 	DATA 	Keypress: o
1093.0154 	EXP 	Device response: <KeyPress from None: t=1093.0020933999913, value=o, duration=None>
1093.0983 	EXP 	Device response: <KeyPress from None: t=1093.0020933999913, value=o, duration=0.08196510002017021>
1093.2486 	DATA 	Keypress: n
1093.2492 	EXP 	Device response: <KeyPress from None: t=1093.236901700031, value=n, duration=None>
1093.3325 	EXP 	Device response: <KeyPress from None: t=1093.236901700031, value=n, duration=0.09313539997674525>
1093.3654 	DATA 	Keypress: e
1093.3660 	EXP 	Device response: <KeyPress from None: t=1093.3579803000903, value=e, duration=None>
1093.5493 	EXP 	Device response: <KeyPress from None: t=1093.3579803000903, value=e, duration=0.18950809992384166>
1094.7413 	DATA 	Mouse: Left button down, pos=(531,161)
1094.7501 	EXP 	New trial (rep=18, index=8): <Trial 368 (8 in rep 18) data={'test_word': 'ta_l_', 'Reference': 'Table', 'old_new': 'new', 'thisN': 368, 'thisTrialN': 8, 'thisRepN': 18}>
1094.7655 	EXP 	text_2: autoDraw = False
1094.7655 	EXP 	textbox: autoDraw = False
1094.7655 	EXP 	text_3: autoDraw = False
1094.7655 	EXP 	text_2: height = np.float64(0.05)
1094.7655 	EXP 	text_2: height = np.float64(0.05)
1094.7655 	EXP 	text_2: height = np.float64(0.05)
1094.7655 	EXP 	text_2: text = 'ta_l_'
1094.7655 	EXP 	text_2: autoDraw = True
1094.7655 	EXP 	textbox: autoDraw = True
1094.7655 	EXP 	text_3: autoDraw = True
1094.9669 	DATA 	Mouse:  Left button up, pos=(531,161)
1095.6184 	DATA 	Keypress: t
1095.6322 	EXP 	Device response: <KeyPress from None: t=1095.6180404000916, value=t, duration=None>
1095.7154 	EXP 	Device response: <KeyPress from None: t=1095.6180404000916, value=t, duration=0.08288239990361035>
1095.9318 	DATA 	Keypress: a
1095.9323 	EXP 	Device response: <KeyPress from None: t=1095.922735500033, value=a, duration=None>
1095.9988 	EXP 	Device response: <KeyPress from None: t=1095.922735500033, value=a, duration=0.06793759996071458>
1096.3654 	DATA 	Keypress: b
1096.3660 	EXP 	Device response: <KeyPress from None: t=1096.3586755000288, value=b, duration=None>
1096.4320 	EXP 	Device response: <KeyPress from None: t=1096.3586755000288, value=b, duration=0.06977299996651709>
1096.6845 	DATA 	Keypress: l
1096.6982 	EXP 	Device response: <KeyPress from None: t=1096.6834915000945, value=l, duration=None>
1096.7819 	EXP 	Device response: <KeyPress from None: t=1096.6834915000945, value=l, duration=0.09301339997909963>
1097.2318 	DATA 	Keypress: e
1097.2324 	EXP 	Device response: <KeyPress from None: t=1097.220509900013, value=e, duration=None>
1097.2987 	EXP 	Device response: <KeyPress from None: t=1097.220509900013, value=e, duration=0.07204340002499521>
1098.0501 	DATA 	Mouse: Left button down, pos=(531,161)
1098.0532 	EXP 	New trial (rep=18, index=9): <Trial 369 (9 in rep 18) data={'test_word': 'v_s_', 'Reference': 'Vase', 'old_new': 'new', 'thisN': 369, 'thisTrialN': 9, 'thisRepN': 18}>
1098.0805 	EXP 	text_2: autoDraw = False
1098.0805 	EXP 	textbox: autoDraw = False
1098.0805 	EXP 	text_3: autoDraw = False
1098.0805 	EXP 	text_2: height = np.float64(0.05)
1098.0805 	EXP 	text_2: height = np.float64(0.05)
1098.0805 	EXP 	text_2: height = np.float64(0.05)
1098.0805 	EXP 	text_2: text = 'v_s_'
1098.0805 	EXP 	text_2: autoDraw = True
1098.0805 	EXP 	textbox: autoDraw = True
1098.0805 	EXP 	text_3: autoDraw = True
1098.2729 	DATA 	Mouse:  Left button up, pos=(531,161)
1099.3214 	DATA 	Keypress: v
1099.3312 	EXP 	Device response: <KeyPress from None: t=1099.3156142000807, value=v, duration=None>
1099.4152 	EXP 	Device response: <KeyPress from None: t=1099.3156142000807, value=v, duration=0.09413089998997748>
1099.6310 	DATA 	Keypress: a
1099.6319 	EXP 	Device response: <KeyPress from None: t=1099.626782400068, value=a, duration=None>
1099.6982 	EXP 	Device response: <KeyPress from None: t=1099.626782400068, value=a, duration=0.06353579997085035>
1099.8169 	DATA 	Keypress: s
1099.8310 	EXP 	Device response: <KeyPress from None: t=1099.815798500087, value=s, duration=None>
1099.8810 	EXP 	Device response: <KeyPress from None: t=1099.815798500087, value=s, duration=0.0516824999358505>
1099.9813 	DATA 	Keypress: e
1099.9827 	EXP 	Device response: <KeyPress from None: t=1099.9767590000993, value=e, duration=None>
1100.0661 	EXP 	Device response: <KeyPress from None: t=1099.9767590000993, value=e, duration=0.07522909995168447>
1101.0487 	DATA 	Mouse: Left button down, pos=(531,161)
1101.0502 	EXP 	New trial (rep=18, index=10): <Trial 370 (10 in rep 18) data={'test_word': 'c_s_', 'Reference': 'Case', 'old_new': 'old', 'thisN': 370, 'thisTrialN': 10, 'thisRepN': 18}>
1101.0644 	EXP 	text_2: autoDraw = False
1101.0644 	EXP 	textbox: autoDraw = False
1101.0644 	EXP 	text_3: autoDraw = False
1101.0644 	EXP 	text_2: height = np.float64(0.05)
1101.0644 	EXP 	text_2: height = np.float64(0.05)
1101.0644 	EXP 	text_2: height = np.float64(0.05)
1101.0644 	EXP 	text_2: text = 'c_s_'
1101.0644 	EXP 	text_2: autoDraw = True
1101.0644 	EXP 	textbox: autoDraw = True
1101.0644 	EXP 	text_3: autoDraw = True
1101.2662 	DATA 	Mouse:  Left button up, pos=(531,161)
1101.9479 	DATA 	Keypress: c
1101.9485 	EXP 	Device response: <KeyPress from None: t=1101.9465540000238, value=c, duration=None>
1102.0308 	EXP 	Device response: <KeyPress from None: t=1101.9465540000238, value=c, duration=0.07973370002582669>
1102.2150 	DATA 	Keypress: a
1102.2158 	EXP 	Device response: <KeyPress from None: t=1102.2067579000723, value=a, duration=None>
1102.2651 	EXP 	Device response: <KeyPress from None: t=1102.2067579000723, value=a, duration=0.04838179994840175>
1102.3692 	DATA 	Keypress: s
1102.3826 	EXP 	Device response: <KeyPress from None: t=1102.3661621999927, value=s, duration=None>
1102.4488 	EXP 	Device response: <KeyPress from None: t=1102.3661621999927, value=s, duration=0.07485750003252178>
1102.5643 	DATA 	Keypress: e
1102.5653 	EXP 	Device response: <KeyPress from None: t=1102.552300899988, value=e, duration=None>
1102.6327 	EXP 	Device response: <KeyPress from None: t=1102.552300899988, value=e, duration=0.07507750007789582>
1103.5487 	DATA 	Mouse: Left button down, pos=(531,161)
1103.5502 	EXP 	New trial (rep=18, index=11): <Trial 371 (11 in rep 18) data={'test_word': 'K_y_', 'Reference': 'Keys', 'old_new': 'old', 'thisN': 371, 'thisTrialN': 11, 'thisRepN': 18}>
1103.5641 	EXP 	text_2: autoDraw = False
1103.5641 	EXP 	textbox: autoDraw = False
1103.5641 	EXP 	text_3: autoDraw = False
1103.5641 	EXP 	text_2: height = np.float64(0.05)
1103.5641 	EXP 	text_2: height = np.float64(0.05)
1103.5641 	EXP 	text_2: height = np.float64(0.05)
1103.5641 	EXP 	text_2: text = 'K_y_'
1103.5641 	EXP 	text_2: autoDraw = True
1103.5641 	EXP 	textbox: autoDraw = True
1103.5641 	EXP 	text_3: autoDraw = True
1103.7822 	DATA 	Mouse:  Left button up, pos=(531,161)
1104.3986 	DATA 	Keypress: k
1104.3992 	EXP 	Device response: <KeyPress from None: t=1104.390548700001, value=k, duration=None>
1104.4822 	EXP 	Device response: <KeyPress from None: t=1104.390548700001, value=k, duration=0.08577820006757975>
1104.7668 	DATA 	Keypress: e
1104.7809 	EXP 	Device response: <KeyPress from None: t=1104.7655499000102, value=e, duration=None>
1104.8481 	EXP 	Device response: <KeyPress from None: t=1104.7655499000102, value=e, duration=0.0770891000283882>
1105.1173 	DATA 	Keypress: y
1105.1324 	EXP 	Device response: <KeyPress from None: t=1105.1155937000876, value=y, duration=None>
1105.2311 	EXP 	Device response: <KeyPress from None: t=1105.1155937000876, value=y, duration=0.10404849995393306>
1105.4311 	DATA 	Keypress: s
1105.4319 	EXP 	Device response: <KeyPress from None: t=1105.4252826999873, value=s, duration=None>
1105.4974 	EXP 	Device response: <KeyPress from None: t=1105.4252826999873, value=s, duration=0.058402499998919666>
1106.6156 	DATA 	Mouse: Left button down, pos=(531,161)
1106.6171 	EXP 	New trial (rep=18, index=12): <Trial 372 (12 in rep 18) data={'test_word': 'l_pt_p', 'Reference': 'Laptop', 'old_new': 'old', 'thisN': 372, 'thisTrialN': 12, 'thisRepN': 18}>
1106.6306 	EXP 	text_2: autoDraw = False
1106.6306 	EXP 	textbox: autoDraw = False
1106.6306 	EXP 	text_3: autoDraw = False
1106.6306 	EXP 	text_2: height = np.float64(0.05)
1106.6306 	EXP 	text_2: height = np.float64(0.05)
1106.6306 	EXP 	text_2: height = np.float64(0.05)
1106.6306 	EXP 	text_2: text = 'l_pt_p'
1106.6306 	EXP 	text_2: autoDraw = True
1106.6306 	EXP 	textbox: autoDraw = True
1106.6306 	EXP 	text_3: autoDraw = True
1106.8321 	DATA 	Mouse:  Left button up, pos=(531,161)
1107.3811 	DATA 	Keypress: l
1107.3819 	EXP 	Device response: <KeyPress from None: t=1107.3745358000742, value=l, duration=None>
1107.4810 	EXP 	Device response: <KeyPress from None: t=1107.3745358000742, value=l, duration=0.10384689993225038>
1107.8035 	DATA 	Keypress: a
1107.8149 	EXP 	Device response: <KeyPress from None: t=1107.7993018000852, value=a, duration=None>
1107.8809 	EXP 	Device response: <KeyPress from None: t=1107.7993018000852, value=a, duration=0.06647779990453273>
1108.2319 	DATA 	Keypress: p
1108.2331 	EXP 	Device response: <KeyPress from None: t=1108.2256755999988, value=p, duration=None>
1108.3308 	EXP 	Device response: <KeyPress from None: t=1108.2256755999988, value=p, duration=0.1013515000231564>
1108.7309 	DATA 	Keypress: t
1108.7314 	EXP 	Device response: <KeyPress from None: t=1108.7184167000232, value=t, duration=None>
1108.7977 	EXP 	Device response: <KeyPress from None: t=1108.7184167000232, value=t, duration=0.07107299997005612>
1109.1003 	DATA 	Keypress: o
1109.1142 	EXP 	Device response: <KeyPress from None: t=1109.0988245999906, value=o, duration=None>
1109.1977 	EXP 	Device response: <KeyPress from None: t=1109.0988245999906, value=o, duration=0.08599900000263005>
1109.3644 	DATA 	Keypress: p
1109.3653 	EXP 	Device response: <KeyPress from None: t=1109.3620723000495, value=p, duration=None>
1109.4648 	EXP 	Device response: <KeyPress from None: t=1109.3620723000495, value=p, duration=0.09479370003100485>
1110.5319 	DATA 	Mouse: Left button down, pos=(531,161)
1110.5338 	EXP 	New trial (rep=18, index=13): <Trial 373 (13 in rep 18) data={'test_word': '_o_rd', 'Reference': 'Board', 'old_new': 'old', 'thisN': 373, 'thisTrialN': 13, 'thisRepN': 18}>
1110.5472 	EXP 	text_2: autoDraw = False
1110.5472 	EXP 	textbox: autoDraw = False
1110.5472 	EXP 	text_3: autoDraw = False
1110.5472 	EXP 	text_2: height = np.float64(0.05)
1110.5472 	EXP 	text_2: height = np.float64(0.05)
1110.5472 	EXP 	text_2: height = np.float64(0.05)
1110.5472 	EXP 	text_2: text = '_o_rd'
1110.5472 	EXP 	text_2: autoDraw = True
1110.5472 	EXP 	textbox: autoDraw = True
1110.5472 	EXP 	text_3: autoDraw = True
1110.7654 	DATA 	Mouse:  Left button up, pos=(531,161)
1111.8337 	DATA 	Keypress: b
1111.8474 	EXP 	Device response: <KeyPress from None: t=1111.8320804000832, value=b, duration=None>
1111.9144 	EXP 	Device response: <KeyPress from None: t=1111.8320804000832, value=b, duration=0.07382649998180568>
1112.1140 	DATA 	Keypress: o
1112.1149 	EXP 	Device response: <KeyPress from None: t=1112.1094059000025, value=o, duration=None>
1112.1979 	EXP 	Device response: <KeyPress from None: t=1112.1094059000025, value=o, duration=0.08279210003092885>
1112.6817 	DATA 	Keypress: a
1112.6823 	EXP 	Device response: <KeyPress from None: t=1112.6738921999931, value=a, duration=None>
1112.7312 	EXP 	Device response: <KeyPress from None: t=1112.6738921999931, value=a, duration=0.056678100023418665>
1112.9515 	DATA 	Keypress: r
1112.9642 	EXP 	Device response: <KeyPress from None: t=1112.9490858000936, value=r, duration=None>
1113.0480 	EXP 	Device response: <KeyPress from None: t=1112.9490858000936, value=r, duration=0.08570569998119026>
1113.1514 	DATA 	Keypress: d
1113.1642 	EXP 	Device response: <KeyPress from None: t=1113.1495278000366, value=d, duration=None>
1113.2310 	EXP 	Device response: <KeyPress from None: t=1113.1495278000366, value=d, duration=0.07053180004004389>
1114.6821 	DATA 	Mouse: Left button down, pos=(531,161)
1114.6840 	EXP 	New trial (rep=18, index=14): <Trial 374 (14 in rep 18) data={'test_word': 'P_as_tr_', 'Reference': 'Pastry', 'old_new': 'old', 'thisN': 374, 'thisTrialN': 14, 'thisRepN': 18}>
1114.6971 	EXP 	text_2: autoDraw = False
1114.6971 	EXP 	textbox: autoDraw = False
1114.6971 	EXP 	text_3: autoDraw = False
1114.6971 	EXP 	text_2: height = np.float64(0.05)
1114.6971 	EXP 	text_2: height = np.float64(0.05)
1114.6971 	EXP 	text_2: height = np.float64(0.05)
1114.6971 	EXP 	text_2: text = 'P_as_tr_'
1114.6971 	EXP 	text_2: autoDraw = True
1114.6971 	EXP 	textbox: autoDraw = True
1114.6971 	EXP 	text_3: autoDraw = True
1114.9048 	DATA 	Mouse:  Left button up, pos=(531,161)
1116.0151 	DATA 	Keypress: p
1116.0157 	EXP 	Device response: <KeyPress from None: t=1116.0148898999905, value=p, duration=None>
1116.0980 	EXP 	Device response: <KeyPress from None: t=1116.0148898999905, value=p, duration=0.07125820009969175>
1116.6141 	DATA 	Keypress: a
1116.6150 	EXP 	Device response: <KeyPress from None: t=1116.6126152999932, value=a, duration=None>
1116.7157 	EXP 	Device response: <KeyPress from None: t=1116.6126152999932, value=a, duration=0.09788620006293058>
1116.8014 	DATA 	Keypress: s
1116.8149 	EXP 	Device response: <KeyPress from None: t=1116.8010588000761, value=s, duration=None>
1116.8984 	EXP 	Device response: <KeyPress from None: t=1116.8010588000761, value=s, duration=0.08803589991293848>
1117.2808 	DATA 	Keypress: t
1117.2815 	EXP 	Device response: <KeyPress from None: t=1117.2762226000195, value=t, duration=None>
1117.3651 	EXP 	Device response: <KeyPress from None: t=1117.2762226000195, value=t, duration=0.08696049998980016>
1117.4664 	DATA 	Keypress: r
1117.4805 	EXP 	Device response: <KeyPress from None: t=1117.4661939000944, value=r, duration=None>
1117.5642 	EXP 	Device response: <KeyPress from None: t=1117.4661939000944, value=r, duration=0.08202390000224113>
1117.6975 	DATA 	Keypress: y
1117.6980 	EXP 	Device response: <KeyPress from None: t=1117.6971198000247, value=y, duration=None>
1117.7810 	EXP 	Device response: <KeyPress from None: t=1117.6971198000247, value=y, duration=0.07894819998182356>
1118.8156 	DATA 	Mouse: Left button down, pos=(531,161)
1118.8170 	EXP 	New trial (rep=18, index=15): <Trial 375 (15 in rep 18) data={'test_word': 'c_m_ra', 'Reference': 'Camera', 'old_new': 'new', 'thisN': 375, 'thisTrialN': 15, 'thisRepN': 18}>
1118.8305 	EXP 	text_2: autoDraw = False
1118.8305 	EXP 	textbox: autoDraw = False
1118.8305 	EXP 	text_3: autoDraw = False
1118.8305 	EXP 	text_2: height = np.float64(0.05)
1118.8305 	EXP 	text_2: height = np.float64(0.05)
1118.8305 	EXP 	text_2: height = np.float64(0.05)
1118.8305 	EXP 	text_2: text = 'c_m_ra'
1118.8305 	EXP 	text_2: autoDraw = True
1118.8305 	EXP 	textbox: autoDraw = True
1118.8305 	EXP 	text_3: autoDraw = True
1119.0486 	DATA 	Mouse:  Left button up, pos=(531,161)
1119.7478 	DATA 	Keypress: c
1119.7485 	EXP 	Device response: <KeyPress from None: t=1119.7463913999964, value=c, duration=None>
1119.8644 	EXP 	Device response: <KeyPress from None: t=1119.7463913999964, value=c, duration=0.10633790004067123>
1120.0140 	DATA 	Keypress: a
1120.0147 	EXP 	Device response: <KeyPress from None: t=1120.0064779000822, value=a, duration=None>
1120.1810 	EXP 	Device response: <KeyPress from None: t=1120.0064779000822, value=a, duration=0.16567519993986934>
1120.2000 	DATA 	Keypress: m
1120.2145 	EXP 	Device response: <KeyPress from None: t=1120.1997389000608, value=m, duration=None>
1120.2810 	EXP 	Device response: <KeyPress from None: t=1120.1997389000608, value=m, duration=0.07269930001348257>
1120.3510 	DATA 	Keypress: e
1120.3640 	EXP 	Device response: <KeyPress from None: t=1120.3504958000267, value=e, duration=None>
1120.4816 	EXP 	Device response: <KeyPress from None: t=1120.3504958000267, value=e, duration=0.12870190001558512>
1120.5684 	DATA 	Keypress: r
1120.5814 	EXP 	Device response: <KeyPress from None: t=1120.5681276000105, value=r, duration=None>
1120.6642 	EXP 	Device response: <KeyPress from None: t=1120.5681276000105, value=r, duration=0.09271280001848936>
1120.8308 	DATA 	Keypress: a
1120.8315 	EXP 	Device response: <KeyPress from None: t=1120.821766900015, value=a, duration=None>
1120.9989 	EXP 	Device response: <KeyPress from None: t=1120.821766900015, value=a, duration=0.16065410000737756>
1121.8187 	DATA 	Mouse: Left button down, pos=(531,161)
1121.8321 	EXP 	New trial (rep=18, index=16): <Trial 376 (16 in rep 18) data={'test_word': 'c_s_io_', 'Reference': 'Cushion', 'old_new': 'new', 'thisN': 376, 'thisTrialN': 16, 'thisRepN': 18}>
1121.8477 	EXP 	text_2: autoDraw = False
1121.8477 	EXP 	textbox: autoDraw = False
1121.8477 	EXP 	text_3: autoDraw = False
1121.8477 	EXP 	text_2: height = np.float64(0.05)
1121.8477 	EXP 	text_2: height = np.float64(0.05)
1121.8477 	EXP 	text_2: height = np.float64(0.05)
1121.8477 	EXP 	text_2: text = 'c_s_io_'
1121.8477 	EXP 	text_2: autoDraw = True
1121.8477 	EXP 	textbox: autoDraw = True
1121.8477 	EXP 	text_3: autoDraw = True
1122.0355 	DATA 	Mouse:  Left button up, pos=(531,161)
1122.6482 	DATA 	Keypress: c
1122.6495 	EXP 	Device response: <KeyPress from None: t=1122.6396409000736, value=c, duration=None>
1122.7814 	EXP 	Device response: <KeyPress from None: t=1122.6396409000736, value=c, duration=0.13248799997381866>
1122.8809 	DATA 	Keypress: u
1122.8820 	EXP 	Device response: <KeyPress from None: t=1122.8783389000455, value=u, duration=None>
1122.9814 	EXP 	Device response: <KeyPress from None: t=1122.8783389000455, value=u, duration=0.08891229995060712>
1123.0641 	DATA 	Keypress: s
1123.0649 	EXP 	Device response: <KeyPress from None: t=1123.054171900032, value=s, duration=None>
1123.2144 	EXP 	Device response: <KeyPress from None: t=1123.054171900032, value=s, duration=0.15628500003367662>
1123.2474 	DATA 	Keypress: h
1123.2480 	EXP 	Device response: <KeyPress from None: t=1123.2393430999946, value=h, duration=None>
1123.3307 	EXP 	Device response: <KeyPress from None: t=1123.2393430999946, value=h, duration=0.07491560000926256>
1123.4697 	DATA 	Keypress: i
1123.4814 	EXP 	Device response: <KeyPress from None: t=1123.4693995000562, value=i, duration=None>
1123.5653 	EXP 	Device response: <KeyPress from None: t=1123.4693995000562, value=i, duration=0.09003870002925396>
1123.6812 	DATA 	Keypress: o
1123.6823 	EXP 	Device response: <KeyPress from None: t=1123.677757400088, value=o, duration=None>
1123.7651 	EXP 	Device response: <KeyPress from None: t=1123.677757400088, value=o, duration=0.08301149995531887>
1123.9148 	DATA 	Keypress: n
1123.9156 	EXP 	Device response: <KeyPress from None: t=1123.9044853000669, value=n, duration=None>
1123.9986 	EXP 	Device response: <KeyPress from None: t=1123.9044853000669, value=n, duration=0.08182660001330078>
1124.9818 	DATA 	Mouse: Left button down, pos=(531,161)
1124.9837 	EXP 	New trial (rep=18, index=17): <Trial 377 (17 in rep 18) data={'test_word': '_ha_t', 'Reference': 'Chart', 'old_new': 'old', 'thisN': 377, 'thisTrialN': 17, 'thisRepN': 18}>
1124.9971 	EXP 	text_2: autoDraw = False
1124.9971 	EXP 	textbox: autoDraw = False
1124.9971 	EXP 	text_3: autoDraw = False
1124.9971 	EXP 	text_2: height = np.float64(0.05)
1124.9971 	EXP 	text_2: height = np.float64(0.05)
1124.9971 	EXP 	text_2: height = np.float64(0.05)
1124.9971 	EXP 	text_2: text = '_ha_t'
1124.9971 	EXP 	text_2: autoDraw = True
1124.9971 	EXP 	textbox: autoDraw = True
1124.9971 	EXP 	text_3: autoDraw = True
1125.2161 	DATA 	Mouse:  Left button up, pos=(531,161)
1126.9809 	DATA 	Keypress: c
1126.9821 	EXP 	Device response: <KeyPress from None: t=1126.9723708000965, value=c, duration=None>
1127.0810 	EXP 	Device response: <KeyPress from None: t=1126.9723708000965, value=c, duration=0.10206619999371469>
1127.1474 	DATA 	Keypress: h
1127.1479 	EXP 	Device response: <KeyPress from None: t=1127.137448100024, value=h, duration=None>
1127.2321 	EXP 	Device response: <KeyPress from None: t=1127.137448100024, value=h, duration=0.08188359998166561>
1127.3028 	DATA 	Keypress: a
1127.3147 	EXP 	Device response: <KeyPress from None: t=1127.3024990000995, value=a, duration=None>
1127.4478 	EXP 	Device response: <KeyPress from None: t=1127.3024990000995, value=a, duration=0.14127189991995692>
1127.6143 	DATA 	Keypress: r
1127.6151 	EXP 	Device response: <KeyPress from None: t=1127.6074657000136, value=r, duration=None>
1127.7139 	EXP 	Device response: <KeyPress from None: t=1127.6074657000136, value=r, duration=0.10347940004430711>
1127.8350 	DATA 	Keypress: t
1127.8472 	EXP 	Device response: <KeyPress from None: t=1127.8345410000766, value=t, duration=None>
1127.9313 	EXP 	Device response: <KeyPress from None: t=1127.8345410000766, value=t, duration=0.09511609992478043>
1128.6844 	DATA 	Mouse: Left button down, pos=(531,161)
1128.6983 	EXP 	New trial (rep=18, index=18): <Trial 378 (18 in rep 18) data={'test_word': '_a_bl_', 'Reference': 'Marble', 'old_new': 'old', 'thisN': 378, 'thisTrialN': 18, 'thisRepN': 18}>
1128.7142 	EXP 	text_2: autoDraw = False
1128.7142 	EXP 	textbox: autoDraw = False
1128.7142 	EXP 	text_3: autoDraw = False
1128.7142 	EXP 	text_2: height = np.float64(0.05)
1128.7142 	EXP 	text_2: height = np.float64(0.05)
1128.7142 	EXP 	text_2: height = np.float64(0.05)
1128.7142 	EXP 	text_2: text = '_a_bl_'
1128.7142 	EXP 	text_2: autoDraw = True
1128.7142 	EXP 	textbox: autoDraw = True
1128.7142 	EXP 	text_3: autoDraw = True
1128.9157 	DATA 	Mouse:  Left button up, pos=(531,161)
1129.5808 	DATA 	Keypress: t
1129.5815 	EXP 	Device response: <KeyPress from None: t=1129.5725476000225, value=t, duration=None>
1129.6977 	EXP 	Device response: <KeyPress from None: t=1129.5725476000225, value=t, duration=0.11003820004407316>
1129.8646 	DATA 	Keypress: a
1129.8652 	EXP 	Device response: <KeyPress from None: t=1129.8627523999894, value=a, duration=None>
1130.0479 	EXP 	Device response: <KeyPress from None: t=1129.8627523999894, value=a, duration=0.1768965000519529>
1130.0972 	DATA 	Keypress: b
1130.0978 	EXP 	Device response: <KeyPress from None: t=1130.0906812000321, value=b, duration=None>
1130.1817 	EXP 	Device response: <KeyPress from None: t=1130.0906812000321, value=b, duration=0.0844045999692753>
1130.4149 	DATA 	Keypress: l
1130.4160 	EXP 	Device response: <KeyPress from None: t=1130.414150900091, value=l, duration=None>
1130.5655 	EXP 	Device response: <KeyPress from None: t=1130.414150900091, value=l, duration=0.1490889999549836>
1130.6304 	DATA 	Keypress: e
1130.6312 	EXP 	Device response: <KeyPress from None: t=1130.6227257000282, value=e, duration=None>
1130.7474 	EXP 	Device response: <KeyPress from None: t=1130.6227257000282, value=e, duration=0.10896750004030764>
1131.7000 	DATA 	Mouse: Left button down, pos=(531,161)
1131.7019 	EXP 	New trial (rep=18, index=19): <Trial 379 (19 in rep 18) data={'test_word': '_ru_is_', 'Reference': 'Cruise', 'old_new': 'old', 'thisN': 379, 'thisTrialN': 19, 'thisRepN': 18}>
1131.7150 	EXP 	text_2: autoDraw = False
1131.7150 	EXP 	textbox: autoDraw = False
1131.7150 	EXP 	text_3: autoDraw = False
1131.7150 	EXP 	text_2: height = np.float64(0.05)
1131.7150 	EXP 	text_2: height = np.float64(0.05)
1131.7150 	EXP 	text_2: height = np.float64(0.05)
1131.7150 	EXP 	text_2: text = '_ru_is_'
1131.7150 	EXP 	text_2: autoDraw = True
1131.7150 	EXP 	textbox: autoDraw = True
1131.7150 	EXP 	text_3: autoDraw = True
1131.9152 	DATA 	Mouse:  Left button up, pos=(531,161)
1132.7478 	DATA 	Keypress: c
1132.7486 	EXP 	Device response: <KeyPress from None: t=1132.7339149999898, value=c, duration=None>
1132.8307 	EXP 	Device response: <KeyPress from None: t=1132.7339149999898, value=c, duration=0.08982660004403442>
1132.9817 	DATA 	Keypress: r
1132.9831 	EXP 	Device response: <KeyPress from None: t=1132.974134100019, value=r, duration=None>
1133.0821 	EXP 	Device response: <KeyPress from None: t=1132.974134100019, value=r, duration=0.10282250004820526>
1133.2307 	DATA 	Keypress: u
1133.2316 	EXP 	Device response: <KeyPress from None: t=1133.222433899995, value=u, duration=None>
1133.2975 	EXP 	Device response: <KeyPress from None: t=1133.222433899995, value=u, duration=0.07439980003982782>
1133.4015 	DATA 	Keypress: i
1133.4144 	EXP 	Device response: <KeyPress from None: t=1133.4007023000158, value=i, duration=None>
1133.5142 	EXP 	Device response: <KeyPress from None: t=1133.4007023000158, value=i, duration=0.10217420000117272>
1133.5645 	DATA 	Keypress: s
1133.5651 	EXP 	Device response: <KeyPress from None: t=1133.5570219000801, value=s, duration=None>
1133.6807 	EXP 	Device response: <KeyPress from None: t=1133.5570219000801, value=s, duration=0.11565159994643182>
1133.7813 	DATA 	Keypress: e
1133.7819 	EXP 	Device response: <KeyPress from None: t=1133.7741390999872, value=e, duration=None>
1133.8974 	EXP 	Device response: <KeyPress from None: t=1133.7741390999872, value=e, duration=0.10808610008098185>
1135.0184 	DATA 	Mouse: Left button down, pos=(531,161)
1135.0330 	EXP 	New trial (rep=19, index=0): <Trial 380 (0 in rep 19) data={'test_word': 'c_s_', 'Reference': 'Case', 'old_new': 'old', 'thisN': 380, 'thisTrialN': 0, 'thisRepN': 19}>
1135.0471 	EXP 	text_2: autoDraw = False
1135.0471 	EXP 	textbox: autoDraw = False
1135.0471 	EXP 	text_3: autoDraw = False
1135.0471 	EXP 	text_2: height = np.float64(0.05)
1135.0471 	EXP 	text_2: height = np.float64(0.05)
1135.0471 	EXP 	text_2: height = np.float64(0.05)
1135.0471 	EXP 	text_2: text = 'c_s_'
1135.0471 	EXP 	text_2: autoDraw = True
1135.0471 	EXP 	textbox: autoDraw = True
1135.0471 	EXP 	text_3: autoDraw = True
1135.2489 	DATA 	Mouse:  Left button up, pos=(531,161)
1135.8645 	DATA 	Keypress: c
1135.8650 	EXP 	Device response: <KeyPress from None: t=1135.8509887000546, value=c, duration=None>
1135.9649 	EXP 	Device response: <KeyPress from None: t=1135.8509887000546, value=c, duration=0.10156139999162406>
1136.1142 	DATA 	Keypress: a
1136.1151 	EXP 	Device response: <KeyPress from None: t=1136.1055809000973, value=a, duration=None>
1136.2644 	EXP 	Device response: <KeyPress from None: t=1136.1055809000973, value=a, duration=0.14628959994297475>
1136.3974 	DATA 	Keypress: s
1136.3982 	EXP 	Device response: <KeyPress from None: t=1136.3865908000153, value=s, duration=None>
1136.4979 	EXP 	Device response: <KeyPress from None: t=1136.3865908000153, value=s, duration=0.10909649997483939>
1136.6011 	DATA 	Keypress: e
1136.6138 	EXP 	Device response: <KeyPress from None: t=1136.59996770008, value=e, duration=None>
1136.7308 	EXP 	Device response: <KeyPress from None: t=1136.59996770008, value=e, duration=0.11721659998875111>
1137.6160 	DATA 	Mouse: Left button down, pos=(531,161)
1137.6175 	EXP 	New trial (rep=19, index=1): <Trial 381 (1 in rep 19) data={'test_word': '_o_rd', 'Reference': 'Board', 'old_new': 'old', 'thisN': 381, 'thisTrialN': 1, 'thisRepN': 19}>
1137.6304 	EXP 	text_2: autoDraw = False
1137.6304 	EXP 	textbox: autoDraw = False
1137.6304 	EXP 	text_3: autoDraw = False
1137.6304 	EXP 	text_2: height = np.float64(0.05)
1137.6304 	EXP 	text_2: height = np.float64(0.05)
1137.6304 	EXP 	text_2: height = np.float64(0.05)
1137.6304 	EXP 	text_2: text = '_o_rd'
1137.6304 	EXP 	text_2: autoDraw = True
1137.6304 	EXP 	textbox: autoDraw = True
1137.6304 	EXP 	text_3: autoDraw = True
1137.8324 	DATA 	Mouse:  Left button up, pos=(531,161)
1139.1346 	DATA 	Keypress: b
1139.1473 	EXP 	Device response: <KeyPress from None: t=1139.13130680006, value=b, duration=None>
1139.2309 	EXP 	Device response: <KeyPress from None: t=1139.13130680006, value=b, duration=0.09630299999844283>
1139.5138 	DATA 	Keypress: o
1139.5144 	EXP 	Device response: <KeyPress from None: t=1139.509649500018, value=o, duration=None>
1139.6142 	EXP 	Device response: <KeyPress from None: t=1139.509649500018, value=o, duration=0.09502100001554936>
1139.7138 	DATA 	Keypress: a
1139.7147 	EXP 	Device response: <KeyPress from None: t=1139.7102601000806, value=a, duration=None>
1139.8811 	EXP 	Device response: <KeyPress from None: t=1139.7102601000806, value=a, duration=0.1554859000025317>
1139.9970 	DATA 	Keypress: r
1139.9977 	EXP 	Device response: <KeyPress from None: t=1139.9874581000768, value=r, duration=None>
1140.0810 	EXP 	Device response: <KeyPress from None: t=1139.9874581000768, value=r, duration=0.08085769996978343>
1140.2305 	DATA 	Keypress: d
1140.2312 	EXP 	Device response: <KeyPress from None: t=1140.2265311999945, value=d, duration=None>
1140.3315 	EXP 	Device response: <KeyPress from None: t=1140.2265311999945, value=d, duration=0.0988345000660047>
1141.0989 	DATA 	Mouse: Left button down, pos=(531,161)
1141.1011 	EXP 	New trial (rep=19, index=2): <Trial 382 (2 in rep 19) data={'test_word': 'ta_l_', 'Reference': 'Table', 'old_new': 'new', 'thisN': 382, 'thisTrialN': 2, 'thisRepN': 19}>
1141.1136 	EXP 	text_2: autoDraw = False
1141.1136 	EXP 	textbox: autoDraw = False
1141.1136 	EXP 	text_3: autoDraw = False
1141.1136 	EXP 	text_2: height = np.float64(0.05)
1141.1136 	EXP 	text_2: height = np.float64(0.05)
1141.1136 	EXP 	text_2: height = np.float64(0.05)
1141.1136 	EXP 	text_2: text = 'ta_l_'
1141.1136 	EXP 	text_2: autoDraw = True
1141.1136 	EXP 	textbox: autoDraw = True
1141.1136 	EXP 	text_3: autoDraw = True
1141.3152 	DATA 	Mouse:  Left button up, pos=(531,161)
1141.9699 	DATA 	Keypress: t
1141.9815 	EXP 	Device response: <KeyPress from None: t=1141.9664423000067, value=t, duration=None>
1142.0643 	EXP 	Device response: <KeyPress from None: t=1141.9664423000067, value=t, duration=0.0844234999967739>
1142.3015 	DATA 	Keypress: a
1142.3139 	EXP 	Device response: <KeyPress from None: t=1142.297984200064, value=a, duration=None>
1142.3805 	EXP 	Device response: <KeyPress from None: t=1142.297984200064, value=a, duration=0.06676079996395856>
1142.7807 	DATA 	Keypress: b
1142.7817 	EXP 	Device response: <KeyPress from None: t=1142.7713750000112, value=b, duration=None>
1142.8308 	EXP 	Device response: <KeyPress from None: t=1142.7713750000112, value=b, duration=0.05877350002992898>
1143.2307 	DATA 	Keypress: l
1143.2316 	EXP 	Device response: <KeyPress from None: t=1143.2237207000144, value=l, duration=None>
1143.2811 	EXP 	Device response: <KeyPress from None: t=1143.2237207000144, value=l, duration=0.05463999998755753>
1143.7002 	DATA 	Keypress: e
1143.7139 	EXP 	Device response: <KeyPress from None: t=1143.6998849000083, value=e, duration=None>
1143.7806 	EXP 	Device response: <KeyPress from None: t=1143.6998849000083, value=e, duration=0.0647541000507772>
1144.7484 	DATA 	Mouse: Left button down, pos=(531,161)
1144.7502 	EXP 	New trial (rep=19, index=3): <Trial 383 (3 in rep 19) data={'test_word': 'v_s_', 'Reference': 'Vase', 'old_new': 'new', 'thisN': 383, 'thisTrialN': 3, 'thisRepN': 19}>
1144.7635 	EXP 	text_2: autoDraw = False
1144.7635 	EXP 	textbox: autoDraw = False
1144.7635 	EXP 	text_3: autoDraw = False
1144.7635 	EXP 	text_2: height = np.float64(0.05)
1144.7635 	EXP 	text_2: height = np.float64(0.05)
1144.7635 	EXP 	text_2: height = np.float64(0.05)
1144.7635 	EXP 	text_2: text = 'v_s_'
1144.7635 	EXP 	text_2: autoDraw = True
1144.7635 	EXP 	textbox: autoDraw = True
1144.7635 	EXP 	text_3: autoDraw = True
1144.9649 	DATA 	Mouse:  Left button up, pos=(531,161)
1146.2473 	DATA 	Keypress: v
1146.2482 	EXP 	Device response: <KeyPress from None: t=1146.242364200065, value=v, duration=None>
1146.3304 	EXP 	Device response: <KeyPress from None: t=1146.242364200065, value=v, duration=0.07205810002051294>
1146.6639 	DATA 	Keypress: a
1146.6646 	EXP 	Device response: <KeyPress from None: t=1146.655649100081, value=a, duration=None>
1146.7155 	EXP 	Device response: <KeyPress from None: t=1146.655649100081, value=a, duration=0.05746259994339198>
1146.8473 	DATA 	Keypress: s
1146.8483 	EXP 	Device response: <KeyPress from None: t=1146.8468348000897, value=s, duration=None>
1146.9141 	EXP 	Device response: <KeyPress from None: t=1146.8468348000897, value=s, duration=0.0654149999609217>
1147.0653 	DATA 	Keypress: e
1147.0660 	EXP 	Device response: <KeyPress from None: t=1147.0520833000774, value=e, duration=None>
1147.1151 	EXP 	Device response: <KeyPress from None: t=1147.0520833000774, value=e, duration=0.06113980000372976>
1147.9194 	DATA 	Mouse: Left button down, pos=(531,161)
1147.9325 	EXP 	New trial (rep=19, index=4): <Trial 384 (4 in rep 19) data={'test_word': 'bo_t_e', 'Reference': 'Bottle', 'old_new': 'new', 'thisN': 384, 'thisTrialN': 4, 'thisRepN': 19}>
1147.9466 	EXP 	text_2: autoDraw = False
1147.9466 	EXP 	textbox: autoDraw = False
1147.9466 	EXP 	text_3: autoDraw = False
1147.9466 	EXP 	text_2: height = np.float64(0.05)
1147.9466 	EXP 	text_2: height = np.float64(0.05)
1147.9466 	EXP 	text_2: height = np.float64(0.05)
1147.9466 	EXP 	text_2: text = 'bo_t_e'
1147.9466 	EXP 	text_2: autoDraw = True
1147.9466 	EXP 	textbox: autoDraw = True
1147.9466 	EXP 	text_3: autoDraw = True
1148.1500 	DATA 	Mouse:  Left button up, pos=(531,161)
1148.3822 	DATA 	Mouse: Left button down, pos=(531,161)
1148.3850 	EXP 	New trial (rep=19, index=5): <Trial 385 (5 in rep 19) data={'test_word': 'c_m_ra', 'Reference': 'Camera', 'old_new': 'new', 'thisN': 385, 'thisTrialN': 5, 'thisRepN': 19}>
1148.4128 	EXP 	text_2: autoDraw = False
1148.4128 	EXP 	textbox: autoDraw = False
1148.4128 	EXP 	text_3: autoDraw = False
1148.4128 	EXP 	text_2: height = np.float64(0.05)
1148.4128 	EXP 	text_2: height = np.float64(0.05)
1148.4128 	EXP 	text_2: height = np.float64(0.05)
1148.4128 	EXP 	text_2: text = 'c_m_ra'
1148.4128 	EXP 	text_2: autoDraw = True
1148.4128 	EXP 	textbox: autoDraw = True
1148.4128 	EXP 	text_3: autoDraw = True
1148.6149 	DATA 	Mouse:  Left button up, pos=(531,161)
1149.7974 	DATA 	Keypress: c
1149.7978 	EXP 	Device response: <KeyPress from None: t=1149.7869300000602, value=c, duration=None>
1149.8639 	EXP 	Device response: <KeyPress from None: t=1149.7869300000602, value=c, duration=0.07644460001029074>
1150.1810 	DATA 	Keypress: a
1150.1816 	EXP 	Device response: <KeyPress from None: t=1150.1695749000646, value=a, duration=None>
1150.2473 	EXP 	Device response: <KeyPress from None: t=1150.1695749000646, value=a, duration=0.07156640000175685>
1150.7642 	DATA 	Keypress: m
1150.7649 	EXP 	Device response: <KeyPress from None: t=1150.76317749999, value=m, duration=None>
1150.8473 	EXP 	Device response: <KeyPress from None: t=1150.76317749999, value=m, duration=0.07252740010153502>
1151.2644 	DATA 	Keypress: e
1151.2658 	EXP 	Device response: <KeyPress from None: t=1151.2514315000735, value=e, duration=None>
1151.3306 	EXP 	Device response: <KeyPress from None: t=1151.2514315000735, value=e, duration=0.06480769999325275>
1151.4346 	DATA 	Keypress: r
1151.4472 	EXP 	Device response: <KeyPress from None: t=1151.4338930000085, value=r, duration=None>
1151.5313 	EXP 	Device response: <KeyPress from None: t=1151.4338930000085, value=r, duration=0.08503369998652488>
1152.1636 	DATA 	Keypress: a
1152.1645 	EXP 	Device response: <KeyPress from None: t=1152.1593332000775, value=a, duration=None>
1152.2304 	EXP 	Device response: <KeyPress from None: t=1152.1593332000775, value=a, duration=0.05650349997449666>
1153.1659 	DATA 	Mouse: Left button down, pos=(531,161)
1153.1683 	EXP 	New trial (rep=19, index=6): <Trial 386 (6 in rep 19) data={'test_word': 'l_pt_p', 'Reference': 'Laptop', 'old_new': 'old', 'thisN': 386, 'thisTrialN': 6, 'thisRepN': 19}>
1153.1801 	EXP 	text_2: autoDraw = False
1153.1801 	EXP 	textbox: autoDraw = False
1153.1801 	EXP 	text_3: autoDraw = False
1153.1801 	EXP 	text_2: height = np.float64(0.05)
1153.1801 	EXP 	text_2: height = np.float64(0.05)
1153.1801 	EXP 	text_2: height = np.float64(0.05)
1153.1801 	EXP 	text_2: text = 'l_pt_p'
1153.1801 	EXP 	text_2: autoDraw = True
1153.1801 	EXP 	textbox: autoDraw = True
1153.1801 	EXP 	text_3: autoDraw = True
1153.3854 	DATA 	Mouse:  Left button up, pos=(531,161)
1154.2681 	DATA 	Keypress: l
1154.2813 	EXP 	Device response: <KeyPress from None: t=1154.265424799989, value=l, duration=None>
1154.3479 	EXP 	Device response: <KeyPress from None: t=1154.265424799989, value=l, duration=0.07665430009365082>
1155.0185 	DATA 	Keypress: a
1155.0303 	EXP 	Device response: <KeyPress from None: t=1155.0180706999963, value=a, duration=None>
1155.1140 	EXP 	Device response: <KeyPress from None: t=1155.0180706999963, value=a, duration=0.08882160007487983>
1156.1139 	DATA 	Keypress: t
1156.1145 	EXP 	Device response: <KeyPress from None: t=1156.107481700019, value=t, duration=None>
1156.1810 	EXP 	Device response: <KeyPress from None: t=1156.107481700019, value=t, duration=0.06258939998224378>
1156.5650 	DATA 	Keypress: o
1156.5660 	EXP 	Device response: <KeyPress from None: t=1156.5550428000279, value=o, duration=None>
1156.6478 	EXP 	Device response: <KeyPress from None: t=1156.5550428000279, value=o, duration=0.08849200000986457>
1156.8137 	DATA 	Keypress: p
1156.8144 	EXP 	Device response: <KeyPress from None: t=1156.8044715999858, value=p, duration=None>
1156.8810 	EXP 	Device response: <KeyPress from None: t=1156.8044715999858, value=p, duration=0.06467790005262941>
1158.0040 	DATA 	Mouse: Left button down, pos=(531,161)
1158.0159 	EXP 	New trial (rep=19, index=7): <Trial 387 (7 in rep 19) data={'test_word': 'P_st_r', 'Reference': 'Poster', 'old_new': 'old', 'thisN': 387, 'thisTrialN': 7, 'thisRepN': 19}>
1158.0304 	EXP 	text_2: autoDraw = False
1158.0304 	EXP 	textbox: autoDraw = False
1158.0304 	EXP 	text_3: autoDraw = False
1158.0304 	EXP 	text_2: height = np.float64(0.05)
1158.0304 	EXP 	text_2: height = np.float64(0.05)
1158.0304 	EXP 	text_2: height = np.float64(0.05)
1158.0304 	EXP 	text_2: text = 'P_st_r'
1158.0304 	EXP 	text_2: autoDraw = True
1158.0304 	EXP 	textbox: autoDraw = True
1158.0304 	EXP 	text_3: autoDraw = True
1158.2328 	DATA 	Mouse:  Left button up, pos=(531,161)
1159.1135 	DATA 	Keypress: p
1159.1142 	EXP 	Device response: <KeyPress from None: t=1159.1040098000085, value=p, duration=None>
1159.1803 	EXP 	Device response: <KeyPress from None: t=1159.1040098000085, value=p, duration=0.07151809998322278>
1159.7509 	DATA 	Keypress: a
1159.7637 	EXP 	Device response: <KeyPress from None: t=1159.7506042000605, value=a, duration=None>
1159.8312 	EXP 	Device response: <KeyPress from None: t=1159.7506042000605, value=a, duration=0.06591370003297925>
1159.9312 	DATA 	Keypress: s
1159.9320 	EXP 	Device response: <KeyPress from None: t=1159.9231084000785, value=s, duration=None>
1160.0149 	EXP 	Device response: <KeyPress from None: t=1159.9231084000785, value=s, duration=0.08679699990898371>
1160.3997 	DATA 	Keypress: t
1160.4005 	EXP 	Device response: <KeyPress from None: t=1160.398525900091, value=t, duration=None>
1160.4802 	EXP 	Device response: <KeyPress from None: t=1160.398525900091, value=t, duration=0.07044759998098016>
1160.5977 	DATA 	Keypress: r
1160.5985 	EXP 	Device response: <KeyPress from None: t=1160.5850860000355, value=r, duration=None>
1160.6643 	EXP 	Device response: <KeyPress from None: t=1160.5850860000355, value=r, duration=0.07725039997603744>
1160.8313 	DATA 	Keypress: y
1160.8326 	EXP 	Device response: <KeyPress from None: t=1160.8263011000818, value=y, duration=None>
1160.8982 	EXP 	Device response: <KeyPress from None: t=1160.8263011000818, value=y, duration=0.06785649992525578>
1161.9521 	DATA 	Mouse: Left button down, pos=(531,161)
1161.9652 	EXP 	New trial (rep=19, index=8): <Trial 388 (8 in rep 19) data={'test_word': '_ru_is_', 'Reference': 'Cruise', 'old_new': 'old', 'thisN': 388, 'thisTrialN': 8, 'thisRepN': 19}>
1161.9799 	EXP 	text_2: autoDraw = False
1161.9799 	EXP 	textbox: autoDraw = False
1161.9799 	EXP 	text_3: autoDraw = False
1161.9799 	EXP 	text_2: height = np.float64(0.05)
1161.9799 	EXP 	text_2: height = np.float64(0.05)
1161.9799 	EXP 	text_2: height = np.float64(0.05)
1161.9799 	EXP 	text_2: text = '_ru_is_'
1161.9799 	EXP 	text_2: autoDraw = True
1161.9799 	EXP 	textbox: autoDraw = True
1161.9799 	EXP 	text_3: autoDraw = True
1162.1687 	DATA 	Mouse:  Left button up, pos=(531,161)
1163.1472 	DATA 	Keypress: c
1163.1477 	EXP 	Device response: <KeyPress from None: t=1163.1375155000715, value=c, duration=None>
1163.2141 	EXP 	Device response: <KeyPress from None: t=1163.1375155000715, value=c, duration=0.06771370000205934>
1163.3640 	DATA 	Keypress: r
1163.3652 	EXP 	Device response: <KeyPress from None: t=1163.36159580003, value=r, duration=None>
1163.4635 	EXP 	Device response: <KeyPress from None: t=1163.36159580003, value=r, duration=0.08552409999538213>
1163.8139 	DATA 	Keypress: u
1163.8147 	EXP 	Device response: <KeyPress from None: t=1163.8106746000703, value=u, duration=None>
1163.8970 	EXP 	Device response: <KeyPress from None: t=1163.8106746000703, value=u, duration=0.0703001000219956>
1163.9979 	DATA 	Keypress: i
1163.9993 	EXP 	Device response: <KeyPress from None: t=1163.9972339000087, value=i, duration=None>
1164.0811 	EXP 	Device response: <KeyPress from None: t=1163.9972339000087, value=i, duration=0.08350010006688535>
1164.5144 	DATA 	Keypress: s
1164.5154 	EXP 	Device response: <KeyPress from None: t=1164.5044665000169, value=s, duration=None>
1164.5809 	EXP 	Device response: <KeyPress from None: t=1164.5044665000169, value=s, duration=0.0696536999894306>
1164.6971 	DATA 	Keypress: e
1164.6979 	EXP 	Device response: <KeyPress from None: t=1164.6946553000016, value=e, duration=None>
1164.7813 	EXP 	Device response: <KeyPress from None: t=1164.6946553000016, value=e, duration=0.07644740003161132>
1165.7854 	DATA 	Mouse: Left button down, pos=(531,161)
1165.7985 	EXP 	New trial (rep=19, index=9): <Trial 389 (9 in rep 19) data={'test_word': 'T_hi_t', 'Reference': 'Tshirt', 'old_new': 'old', 'thisN': 389, 'thisTrialN': 9, 'thisRepN': 19}>
1165.8131 	EXP 	text_2: autoDraw = False
1165.8131 	EXP 	textbox: autoDraw = False
1165.8131 	EXP 	text_3: autoDraw = False
1165.8131 	EXP 	text_2: height = np.float64(0.05)
1165.8131 	EXP 	text_2: height = np.float64(0.05)
1165.8131 	EXP 	text_2: height = np.float64(0.05)
1165.8131 	EXP 	text_2: text = 'T_hi_t'
1165.8131 	EXP 	text_2: autoDraw = True
1165.8131 	EXP 	textbox: autoDraw = True
1165.8131 	EXP 	text_3: autoDraw = True
1166.0154 	DATA 	Mouse:  Left button up, pos=(531,161)
1166.8470 	DATA 	Keypress: t
1166.8479 	EXP 	Device response: <KeyPress from None: t=1166.8378401000518, value=t, duration=None>
1166.9137 	EXP 	Device response: <KeyPress from None: t=1166.8378401000518, value=t, duration=0.0725590999936685>
1167.1644 	DATA 	Keypress: s
1167.1652 	EXP 	Device response: <KeyPress from None: t=1167.1595648000948, value=s, duration=None>
1167.2323 	EXP 	Device response: <KeyPress from None: t=1167.1595648000948, value=s, duration=0.07196199998725206>
1167.6504 	DATA 	Keypress: h
1167.6636 	EXP 	Device response: <KeyPress from None: t=1167.6489950000541, value=h, duration=None>
1167.7140 	EXP 	Device response: <KeyPress from None: t=1167.6489950000541, value=h, duration=0.06424670002888888>
1167.8838 	DATA 	Keypress: i
1167.8969 	EXP 	Device response: <KeyPress from None: t=1167.8807745000813, value=i, duration=None>
1167.9975 	EXP 	Device response: <KeyPress from None: t=1167.8807745000813, value=i, duration=0.10995469999033958>
1168.2975 	DATA 	Keypress: r
1168.2981 	EXP 	Device response: <KeyPress from None: t=1168.296197400079, value=r, duration=None>
1168.3642 	EXP 	Device response: <KeyPress from None: t=1168.296197400079, value=r, duration=0.05975749995559454>
1168.4808 	DATA 	Keypress: t
1168.4822 	EXP 	Device response: <KeyPress from None: t=1168.4802343000192, value=t, duration=None>
1168.5653 	EXP 	Device response: <KeyPress from None: t=1168.4802343000192, value=t, duration=0.08456570003181696>
1169.9993 	DATA 	Mouse: Left button down, pos=(531,161)
1170.0028 	EXP 	New trial (rep=19, index=10): <Trial 390 (10 in rep 19) data={'test_word': 'P_li_e', 'Reference': 'Police', 'old_new': 'old', 'thisN': 390, 'thisTrialN': 10, 'thisRepN': 19}>
1170.0152 	EXP 	text_2: autoDraw = False
1170.0152 	EXP 	textbox: autoDraw = False
1170.0152 	EXP 	text_3: autoDraw = False
1170.0152 	EXP 	text_2: height = np.float64(0.05)
1170.0152 	EXP 	text_2: height = np.float64(0.05)
1170.0152 	EXP 	text_2: height = np.float64(0.05)
1170.0152 	EXP 	text_2: text = 'P_li_e'
1170.0152 	EXP 	text_2: autoDraw = True
1170.0152 	EXP 	textbox: autoDraw = True
1170.0152 	EXP 	text_3: autoDraw = True
1170.2222 	DATA 	Mouse:  Left button up, pos=(531,161)
1170.6315 	DATA 	Mouse: Left button down, pos=(531,161)
1170.6335 	EXP 	New trial (rep=19, index=11): <Trial 391 (11 in rep 19) data={'test_word': 'p_nc_l', 'Reference': 'Pencil', 'old_new': 'new', 'thisN': 391, 'thisTrialN': 11, 'thisRepN': 19}>
1170.6466 	EXP 	text_2: autoDraw = False
1170.6466 	EXP 	textbox: autoDraw = False
1170.6466 	EXP 	text_3: autoDraw = False
1170.6466 	EXP 	text_2: height = np.float64(0.05)
1170.6466 	EXP 	text_2: height = np.float64(0.05)
1170.6466 	EXP 	text_2: height = np.float64(0.05)
1170.6466 	EXP 	text_2: text = 'p_nc_l'
1170.6466 	EXP 	text_2: autoDraw = True
1170.6466 	EXP 	textbox: autoDraw = True
1170.6466 	EXP 	text_3: autoDraw = True
1170.8483 	DATA 	Mouse:  Left button up, pos=(531,161)
1171.0701 	DATA 	Mouse: Left button down, pos=(531,161)
1171.0815 	EXP 	New trial (rep=19, index=12): <Trial 392 (12 in rep 19) data={'test_word': '_oo_', 'Reference': 'Book', 'old_new': 'old', 'thisN': 392, 'thisTrialN': 12, 'thisRepN': 19}>
1171.0966 	EXP 	text_2: autoDraw = False
1171.0966 	EXP 	textbox: autoDraw = False
1171.0966 	EXP 	text_3: autoDraw = False
1171.0966 	EXP 	text_2: height = np.float64(0.05)
1171.0966 	EXP 	text_2: height = np.float64(0.05)
1171.0966 	EXP 	text_2: height = np.float64(0.05)
1171.0966 	EXP 	text_2: text = '_oo_'
1171.0966 	EXP 	text_2: autoDraw = True
1171.0966 	EXP 	textbox: autoDraw = True
1171.0966 	EXP 	text_3: autoDraw = True
1171.2517 	DATA 	Mouse:  Left button up, pos=(531,161)
1171.3213 	DATA 	Mouse: Left button down, pos=(531,161)
1171.3333 	EXP 	New trial (rep=19, index=13): <Trial 393 (13 in rep 19) data={'test_word': 'K_y_', 'Reference': 'Keys', 'old_new': 'old', 'thisN': 393, 'thisTrialN': 13, 'thisRepN': 19}>
1171.3628 	EXP 	text_2: autoDraw = False
1171.3628 	EXP 	textbox: autoDraw = False
1171.3628 	EXP 	text_3: autoDraw = False
1171.3628 	EXP 	text_2: height = np.float64(0.05)
1171.3628 	EXP 	text_2: height = np.float64(0.05)
1171.3628 	EXP 	text_2: height = np.float64(0.05)
1171.3628 	EXP 	text_2: text = 'K_y_'
1171.3628 	EXP 	text_2: autoDraw = True
1171.3628 	EXP 	textbox: autoDraw = True
1171.3628 	EXP 	text_3: autoDraw = True
1171.4188 	DATA 	Mouse:  Left button up, pos=(531,161)
1171.4817 	DATA 	Mouse: Left button down, pos=(531,161)
1171.4833 	EXP 	New trial (rep=19, index=14): <Trial 394 (14 in rep 19) data={'test_word': '_a_bl_', 'Reference': 'Marble', 'old_new': 'old', 'thisN': 394, 'thisTrialN': 14, 'thisRepN': 19}>
1171.4970 	EXP 	text_2: autoDraw = False
1171.4970 	EXP 	textbox: autoDraw = False
1171.4970 	EXP 	text_3: autoDraw = False
1171.4970 	EXP 	text_2: height = np.float64(0.05)
1171.4970 	EXP 	text_2: height = np.float64(0.05)
1171.4970 	EXP 	text_2: height = np.float64(0.05)
1171.4970 	EXP 	text_2: text = '_a_bl_'
1171.4970 	EXP 	text_2: autoDraw = True
1171.4970 	EXP 	textbox: autoDraw = True
1171.4970 	EXP 	text_3: autoDraw = True
1171.6317 	DATA 	Mouse:  Left button up, pos=(531,161)
1171.6985 	DATA 	Mouse: Left button down, pos=(531,161)
1171.7003 	EXP 	New trial (rep=19, index=15): <Trial 395 (15 in rep 19) data={'test_word': '_ou_se', 'Reference': 'mouse', 'old_new': 'old', 'thisN': 395, 'thisTrialN': 15, 'thisRepN': 19}>
1171.7133 	EXP 	text_2: autoDraw = False
1171.7133 	EXP 	textbox: autoDraw = False
1171.7133 	EXP 	text_3: autoDraw = False
1171.7133 	EXP 	text_2: height = np.float64(0.05)
1171.7133 	EXP 	text_2: height = np.float64(0.05)
1171.7133 	EXP 	text_2: height = np.float64(0.05)
1171.7133 	EXP 	text_2: text = '_ou_se'
1171.7133 	EXP 	text_2: autoDraw = True
1171.7133 	EXP 	textbox: autoDraw = True
1171.7133 	EXP 	text_3: autoDraw = True
1171.8164 	DATA 	Mouse:  Left button up, pos=(531,161)
1171.8818 	DATA 	Mouse: Left button down, pos=(531,161)
1171.8837 	EXP 	New trial (rep=19, index=16): <Trial 396 (16 in rep 19) data={'test_word': 'P_as_tr_', 'Reference': 'Pastry', 'old_new': 'old', 'thisN': 396, 'thisTrialN': 16, 'thisRepN': 19}>
1171.8965 	EXP 	text_2: autoDraw = False
1171.8965 	EXP 	textbox: autoDraw = False
1171.8965 	EXP 	text_3: autoDraw = False
1171.8965 	EXP 	text_2: height = np.float64(0.05)
1171.8965 	EXP 	text_2: height = np.float64(0.05)
1171.8965 	EXP 	text_2: height = np.float64(0.05)
1171.8965 	EXP 	text_2: text = 'P_as_tr_'
1171.8965 	EXP 	text_2: autoDraw = True
1171.8965 	EXP 	textbox: autoDraw = True
1171.8965 	EXP 	text_3: autoDraw = True
1171.9988 	DATA 	Mouse:  Left button up, pos=(531,161)
1172.0647 	DATA 	Mouse: Left button down, pos=(531,161)
1172.0667 	EXP 	New trial (rep=19, index=17): <Trial 397 (17 in rep 19) data={'test_word': '_ho_e', 'Reference': 'Phone', 'old_new': 'old', 'thisN': 397, 'thisTrialN': 17, 'thisRepN': 19}>
1172.0799 	EXP 	text_2: autoDraw = False
1172.0799 	EXP 	textbox: autoDraw = False
1172.0799 	EXP 	text_3: autoDraw = False
1172.0799 	EXP 	text_2: height = np.float64(0.05)
1172.0799 	EXP 	text_2: height = np.float64(0.05)
1172.0799 	EXP 	text_2: height = np.float64(0.05)
1172.0799 	EXP 	text_2: text = '_ho_e'
1172.0799 	EXP 	text_2: autoDraw = True
1172.0799 	EXP 	textbox: autoDraw = True
1172.0799 	EXP 	text_3: autoDraw = True
1172.1983 	DATA 	Mouse:  Left button up, pos=(531,161)
1172.2649 	DATA 	Mouse: Left button down, pos=(531,161)
1172.2672 	EXP 	New trial (rep=19, index=18): <Trial 398 (18 in rep 19) data={'test_word': 'c_s_io_', 'Reference': 'Cushion', 'old_new': 'new', 'thisN': 398, 'thisTrialN': 18, 'thisRepN': 19}>
1172.2799 	EXP 	text_2: autoDraw = False
1172.2799 	EXP 	textbox: autoDraw = False
1172.2799 	EXP 	text_3: autoDraw = False
1172.2799 	EXP 	text_2: height = np.float64(0.05)
1172.2799 	EXP 	text_2: height = np.float64(0.05)
1172.2799 	EXP 	text_2: height = np.float64(0.05)
1172.2799 	EXP 	text_2: text = 'c_s_io_'
1172.2799 	EXP 	text_2: autoDraw = True
1172.2799 	EXP 	textbox: autoDraw = True
1172.2799 	EXP 	text_3: autoDraw = True
1172.3819 	DATA 	Mouse:  Left button up, pos=(531,161)
1172.4484 	DATA 	Mouse: Left button down, pos=(531,161)
1172.4499 	EXP 	New trial (rep=19, index=19): <Trial 399 (19 in rep 19) data={'test_word': '_ha_t', 'Reference': 'Chart', 'old_new': 'old', 'thisN': 399, 'thisTrialN': 19, 'thisRepN': 19}>
1172.4634 	EXP 	text_2: autoDraw = False
1172.4634 	EXP 	textbox: autoDraw = False
1172.4634 	EXP 	text_3: autoDraw = False
1172.4634 	EXP 	text_2: height = np.float64(0.05)
1172.4634 	EXP 	text_2: height = np.float64(0.05)
1172.4634 	EXP 	text_2: height = np.float64(0.05)
1172.4634 	EXP 	text_2: text = '_ha_t'
1172.4634 	EXP 	text_2: autoDraw = True
1172.4634 	EXP 	textbox: autoDraw = True
1172.4634 	EXP 	text_3: autoDraw = True
1172.5650 	DATA 	Mouse:  Left button up, pos=(531,161)
1172.6349 	DATA 	Mouse: Left button down, pos=(531,161)
1172.6643 	EXP 	text_2: autoDraw = False
1172.6643 	EXP 	textbox: autoDraw = False
1172.6643 	EXP 	text_3: autoDraw = False
1172.6645 	EXP 	Word Priming Experiment: status = STOPPED
1172.8090 	INFO 	saved data to 'C:\\Users\\bhumika\\data\\Participant 01_Word Priming Experiment_2025-10-16_17h51.32.797.csv'
1172.8194 	INFO 	saved data to C:\Users\bhumika\data\Participant 01_Word Priming Experiment_2025-10-16_17h51.32.797.psydat
1172.8209 	DATA 	Mouse:  Left button up, pos=(531,161)
1173.1567 	WARNING 	Stopping key buffers but this could be dangerous ifother keyboards rely on the same.
