22.4899 	INFO 	Loaded monitor calibration from ['2025_08_12 09:52']
23.6821 	INFO 	Using renderer 'Intel(R) Arc(TM) Graphics' for graphics
23.6821 	INFO 	OpenGL version supported by driver is 4..
23.7484 	EXP 	Created window1 = Window(allowGUI=True, allowStencil=False, autoLog=True, backendConf=UNKNOWN, backgroundFit=<method-wrapper '__getattribute__' of attributeSetter object at 0x00000262CDB0AA10>, backgroundImage=<method-wrapper '__getattribute__' of attributeSetter object at 0x00000262CDB0AA70>, bitsMode=UNKNOWN, blendMode='avg', bpc=(8, 8, 8), color=array([0, 0, 0]), colorSpace='rgb', depthBits=8, fullscr=False, gamma=None, gammaErrorPolicy='raise', infoMsg=UNKNOWN, lms=UNKNOWN, monitor=<psychopy.monitors.calibTools.Monitor object at 0x00000262D8A29F60>, multiSample=False, name='window1', numSamples=2, pos=[np.float64(640.0), np.float64(400.0)], screen=0, size=array([1280,  800]), stencilBits=0, stereo=False, title='PsychoPy', units='height', useFBO=True, useRetina=False, viewOri=0.0, viewPos=None, viewScale=None, waitBlanking=True, winType='pyglet')
23.7485 	EXP 	window1: backgroundImage = ''
23.7485 	EXP 	window1: backgroundFit = 'none'
24.3123 	EXP 	window1: Attempting to measure frame rate of screen (0) ...
24.3124 	EXP 	window1: recordFrameIntervals = False
24.5054 	EXP 	window1: recordFrameIntervals = True
24.6893 	EXP 	Screen (0) actual frame rate measured at 59.95Hz
24.6894 	EXP 	window1: recordFrameIntervals = False
25.0460 	INFO 	keyboard.Keyboard is using ptb backend.
25.0463 	INFO 	keyboard.Keyboard is using ptb backend.
25.0463 	EXP 	Motor Sequence Learning Bhumika Bajaj AU2320057: status = STARTED
25.0696 	EXP 	Created fixation = ShapeStim(__class__=<class 'psychopy.visual.shape.ShapeStim'>, anchor=('center', 'center'), autoDraw=False, autoLog=True, closeShape=True, color=method-wrapper(...), colorSpace='rgb', contrast=None, depth=0.0, draggable=False, fillColor=array([1, 1, 1]), fillColorSpace='rgb', fillRGB=array([1, 1, 1]), interpolate=True, lineColor=array([1., 1., 1.]), lineColorSpace='rgb', lineRGB=array([1, 1, 1]), lineWidth=1.0, name='fixation', opacity=1, ori=0.0, pos=array([0., 0.]), size=array([10., 10.]), units='pix', vertices=ndarray(...), win=Window(...), windingRule=None)
25.0710 	EXP 	Created line1 = Rect(__class__=<class 'psychopy.visual.rect.Rect'>, anchor=('center', 'center'), autoDraw=False, autoLog=True, closeShape=True, color=method-wrapper(...), colorSpace='rgb', contrast=None, depth=-1.0, draggable=False, fillColor=array([1, 1, 1]), fillColorSpace='rgb', fillRGB=array([1, 1, 1]), interpolate=True, lineColor=array([1., 1., 1.]), lineColorSpace='rgb', lineRGB=array([1, 1, 1]), lineWidth=1.0, name='line1', opacity=1, ori=90.0, pos=array([-150.,    0.]), size=array([100.,  10.]), units='pix', vertices=ndarray(...), win=Window(...))
25.0728 	EXP 	Created line2 = Rect(__class__=<class 'psychopy.visual.rect.Rect'>, anchor=('center', 'center'), autoDraw=False, autoLog=True, closeShape=True, color=method-wrapper(...), colorSpace='rgb', contrast=None, depth=-2.0, draggable=False, fillColor=array([1, 1, 1]), fillColorSpace='rgb', fillRGB=array([1, 1, 1]), interpolate=True, lineColor=array([1., 1., 1.]), lineColorSpace='rgb', lineRGB=array([1, 1, 1]), lineWidth=1.0, name='line2', opacity=1, ori=90.0, pos=array([-50.,   0.]), size=array([100.,  10.]), units='pix', vertices=ndarray(...), win=Window(...))
25.0740 	EXP 	Created line3 = Rect(__class__=<class 'psychopy.visual.rect.Rect'>, anchor=('center', 'center'), autoDraw=False, autoLog=True, closeShape=True, color=method-wrapper(...), colorSpace='rgb', contrast=None, depth=-3.0, draggable=False, fillColor=array([1, 1, 1]), fillColorSpace='rgb', fillRGB=array([1, 1, 1]), interpolate=True, lineColor=array([1., 1., 1.]), lineColorSpace='rgb', lineRGB=array([1, 1, 1]), lineWidth=1.0, name='line3', opacity=1, ori=90.0, pos=array([50.,  0.]), size=array([100.,  10.]), units='pix', vertices=ndarray(...), win=Window(...))
25.0755 	EXP 	Created line4 = Rect(__class__=<class 'psychopy.visual.rect.Rect'>, anchor=('center', 'center'), autoDraw=False, autoLog=True, closeShape=True, color=method-wrapper(...), colorSpace='rgb', contrast=None, depth=-4.0, draggable=False, fillColor=array([1, 1, 1]), fillColorSpace='rgb', fillRGB=array([1, 1, 1]), interpolate=True, lineColor=array([1., 1., 1.]), lineColorSpace='rgb', lineRGB=array([1, 1, 1]), lineWidth=1.0, name='line4', opacity=1, ori=90.0, pos=array([150.,   0.]), size=array([100.,  10.]), units='pix', vertices=ndarray(...), win=Window(...))
25.0770 	EXP 	Created probe = ShapeStim(__class__=<class 'psychopy.visual.shape.ShapeStim'>, anchor=('center', 'center'), autoDraw=False, autoLog=True, closeShape=True, color=method-wrapper(...), colorSpace='rgb', contrast=None, depth=-5.0, draggable=False, fillColor=array([1, 1, 1]), fillColorSpace='rgb', fillRGB=array([1, 1, 1]), interpolate=True, lineColor=array([1., 1., 1.]), lineColorSpace='rgb', lineRGB=array([1, 1, 1]), lineWidth=1.0, name='probe', opacity=1, ori=0.0, pos=array([0., 0.]), size=array([10., 10.]), units='pix', vertices=ndarray(...), win=Window(...), windingRule=None)
25.0787 	EXP 	Created fixation = ShapeStim(__class__=<class 'psychopy.visual.shape.ShapeStim'>, anchor=('center', 'center'), autoDraw=False, autoLog=True, closeShape=True, color=method-wrapper(...), colorSpace='rgb', contrast=None, depth=0.0, draggable=False, fillColor=array([1, 1, 1]), fillColorSpace='rgb', fillRGB=array([1, 1, 1]), interpolate=True, lineColor=array([1., 1., 1.]), lineColorSpace='rgb', lineRGB=array([1, 1, 1]), lineWidth=1.0, name='fixation', opacity=1, ori=0.0, pos=array([0., 0.]), size=array([10., 10.]), units='pix', vertices=ndarray(...), win=Window(...), windingRule=None)
25.0799 	EXP 	Created line1 = Rect(__class__=<class 'psychopy.visual.rect.Rect'>, anchor=('center', 'center'), autoDraw=False, autoLog=True, closeShape=True, color=method-wrapper(...), colorSpace='rgb', contrast=None, depth=-1.0, draggable=False, fillColor=array([1, 1, 1]), fillColorSpace='rgb', fillRGB=array([1, 1, 1]), interpolate=True, lineColor=array([1., 1., 1.]), lineColorSpace='rgb', lineRGB=array([1, 1, 1]), lineWidth=1.0, name='line1', opacity=1, ori=90.0, pos=array([-150.,    0.]), size=array([100.,  10.]), units='pix', vertices=ndarray(...), win=Window(...))
25.0810 	EXP 	Created line2 = Rect(__class__=<class 'psychopy.visual.rect.Rect'>, anchor=('center', 'center'), autoDraw=False, autoLog=True, closeShape=True, color=method-wrapper(...), colorSpace='rgb', contrast=None, depth=-2.0, draggable=False, fillColor=array([1, 1, 1]), fillColorSpace='rgb', fillRGB=array([1, 1, 1]), interpolate=True, lineColor=array([1., 1., 1.]), lineColorSpace='rgb', lineRGB=array([1, 1, 1]), lineWidth=1.0, name='line2', opacity=1, ori=90.0, pos=array([-50.,   0.]), size=array([100.,  10.]), units='pix', vertices=ndarray(...), win=Window(...))
25.0822 	EXP 	Created line3 = Rect(__class__=<class 'psychopy.visual.rect.Rect'>, anchor=('center', 'center'), autoDraw=False, autoLog=True, closeShape=True, color=method-wrapper(...), colorSpace='rgb', contrast=None, depth=-3.0, draggable=False, fillColor=array([1, 1, 1]), fillColorSpace='rgb', fillRGB=array([1, 1, 1]), interpolate=True, lineColor=array([1., 1., 1.]), lineColorSpace='rgb', lineRGB=array([1, 1, 1]), lineWidth=1.0, name='line3', opacity=1, ori=90.0, pos=array([50.,  0.]), size=array([100.,  10.]), units='pix', vertices=ndarray(...), win=Window(...))
25.0834 	EXP 	Created line4 = Rect(__class__=<class 'psychopy.visual.rect.Rect'>, anchor=('center', 'center'), autoDraw=False, autoLog=True, closeShape=True, color=method-wrapper(...), colorSpace='rgb', contrast=None, depth=-4.0, draggable=False, fillColor=array([1, 1, 1]), fillColorSpace='rgb', fillRGB=array([1, 1, 1]), interpolate=True, lineColor=array([1., 1., 1.]), lineColorSpace='rgb', lineRGB=array([1, 1, 1]), lineWidth=1.0, name='line4', opacity=1, ori=90.0, pos=array([150.,   0.]), size=array([100.,  10.]), units='pix', vertices=ndarray(...), win=Window(...))
25.0854 	EXP 	Created probe = ShapeStim(__class__=<class 'psychopy.visual.shape.ShapeStim'>, anchor=('center', 'center'), autoDraw=False, autoLog=True, closeShape=True, color=method-wrapper(...), colorSpace='rgb', contrast=None, depth=-5.0, draggable=False, fillColor=array([1, 1, 1]), fillColorSpace='rgb', fillRGB=array([1, 1, 1]), interpolate=True, lineColor=array([1., 1., 1.]), lineColorSpace='rgb', lineRGB=array([1, 1, 1]), lineWidth=1.0, name='probe', opacity=1, ori=0.0, pos=array([0., 0.]), size=array([10., 10.]), units='pix', vertices=ndarray(...), win=Window(...), windingRule=None)
0.0251 	EXP 	Imported C:/Users/bhumika/OneDrive/Documents/sequence_con.csv.xlsx as conditions, 4 conditions, 2 params
0.0270 	EXP 	New trial (rep=0, index=0): <Trial 0 (0 in rep 0) data={'pos': -50, 'corr_resp': 'x', 'thisN': 0, 'thisTrialN': 0, 'thisRepN': 0}>
1.0039 	EXP 	fixation: autoDraw = True
1.0039 	EXP 	line1: autoDraw = True
1.0039 	EXP 	line2: autoDraw = True
1.0039 	EXP 	line3: autoDraw = True
1.0039 	EXP 	line4: autoDraw = True
2.0046 	INFO 	Keyboard events cleared
2.0044 	EXP 	fixation: autoDraw = False
2.0044 	EXP 	probe: autoDraw = True
2.9236 	EXP 	Device response: <KeyPress from None: t=2.895067999997991, value=c, duration=None>
2.9239 	EXP 	New trial (rep=0, index=1): <Trial 1 (1 in rep 0) data={'pos': 150, 'corr_resp': 'v', 'thisN': 1, 'thisTrialN': 1, 'thisRepN': 0}>
2.9255 	DATA 	Keypress: c
2.9346 	EXP 	fixation: autoDraw = False
2.9346 	EXP 	line1: autoDraw = False
2.9346 	EXP 	line2: autoDraw = False
2.9346 	EXP 	line3: autoDraw = False
2.9346 	EXP 	line4: autoDraw = False
2.9346 	EXP 	probe: autoDraw = False
3.0560 	EXP 	Device response: <KeyPress from None: t=2.895067999997991, value=c, duration=0.14514110000163782>
3.9371 	EXP 	fixation: autoDraw = True
3.9371 	EXP 	line1: autoDraw = True
3.9371 	EXP 	line2: autoDraw = True
3.9371 	EXP 	line3: autoDraw = True
3.9371 	EXP 	line4: autoDraw = True
4.9380 	INFO 	Keyboard events cleared
4.9378 	EXP 	fixation: autoDraw = False
4.9378 	EXP 	probe: autoDraw = True
5.6548 	EXP 	Device response: <KeyPress from None: t=5.649194400000852, value=v, duration=None>
5.6554 	EXP 	New trial (rep=0, index=2): <Trial 2 (2 in rep 0) data={'pos': 50, 'corr_resp': 'c', 'thisN': 2, 'thisTrialN': 2, 'thisRepN': 0}>
5.6566 	DATA 	Keypress: v
5.6723 	EXP 	fixation: autoDraw = False
5.6723 	EXP 	line1: autoDraw = False
5.6723 	EXP 	line2: autoDraw = False
5.6723 	EXP 	line3: autoDraw = False
5.6723 	EXP 	line4: autoDraw = False
5.6723 	EXP 	probe: autoDraw = False
5.7890 	EXP 	Device response: <KeyPress from None: t=5.649194400000852, value=v, duration=0.1390493999933824>
6.6541 	EXP 	fixation: autoDraw = True
6.6541 	EXP 	line1: autoDraw = True
6.6541 	EXP 	line2: autoDraw = True
6.6541 	EXP 	line3: autoDraw = True
6.6541 	EXP 	line4: autoDraw = True
7.6552 	INFO 	Keyboard events cleared
7.6550 	EXP 	fixation: autoDraw = False
7.6550 	EXP 	probe: autoDraw = True
8.1368 	EXP 	Device response: <KeyPress from None: t=8.132748299991363, value=c, duration=None>
8.1372 	EXP 	New trial (rep=0, index=3): <Trial 3 (3 in rep 0) data={'pos': -150, 'corr_resp': 'z', 'thisN': 3, 'thisTrialN': 3, 'thisRepN': 0}>
8.1385 	DATA 	Keypress: c
8.1534 	EXP 	fixation: autoDraw = False
8.1534 	EXP 	line1: autoDraw = False
8.1534 	EXP 	line2: autoDraw = False
8.1534 	EXP 	line3: autoDraw = False
8.1534 	EXP 	line4: autoDraw = False
8.1534 	EXP 	probe: autoDraw = False
8.4716 	EXP 	Device response: <KeyPress from None: t=8.132748299991363, value=c, duration=0.3295557000092231>
9.1384 	EXP 	fixation: autoDraw = True
9.1384 	EXP 	line1: autoDraw = True
9.1384 	EXP 	line2: autoDraw = True
9.1384 	EXP 	line3: autoDraw = True
9.1384 	EXP 	line4: autoDraw = True
10.1372 	INFO 	Keyboard events cleared
10.1369 	EXP 	fixation: autoDraw = False
10.1369 	EXP 	probe: autoDraw = True
10.4217 	EXP 	Device response: <KeyPress from None: t=10.41374389998964, value=z, duration=None>
10.4221 	EXP 	New trial (rep=1, index=0): <Trial 4 (0 in rep 1) data={'pos': -50, 'corr_resp': 'x', 'thisN': 4, 'thisTrialN': 0, 'thisRepN': 1}>
10.4233 	DATA 	Keypress: z
10.4384 	EXP 	fixation: autoDraw = False
10.4384 	EXP 	line1: autoDraw = False
10.4384 	EXP 	line2: autoDraw = False
10.4384 	EXP 	line3: autoDraw = False
10.4384 	EXP 	line4: autoDraw = False
10.4384 	EXP 	probe: autoDraw = False
10.6549 	EXP 	Device response: <KeyPress from None: t=10.41374389998964, value=z, duration=0.2377249999990454>
11.4216 	EXP 	fixation: autoDraw = True
11.4216 	EXP 	line1: autoDraw = True
11.4216 	EXP 	line2: autoDraw = True
11.4216 	EXP 	line3: autoDraw = True
11.4216 	EXP 	line4: autoDraw = True
12.4207 	INFO 	Keyboard events cleared
12.4205 	EXP 	fixation: autoDraw = False
12.4205 	EXP 	probe: autoDraw = True
12.4892 	DATA 	Mouse: Left button down, pos=(447,692)
12.6548 	EXP 	Device response: <KeyPress from None: t=12.650798599992413, value=x, duration=None>
12.6552 	EXP 	New trial (rep=1, index=1): <Trial 5 (1 in rep 1) data={'pos': 150, 'corr_resp': 'v', 'thisN': 5, 'thisTrialN': 1, 'thisRepN': 1}>
12.6565 	DATA 	Keypress: x
12.6704 	EXP 	fixation: autoDraw = False
12.6704 	EXP 	line1: autoDraw = False
12.6704 	EXP 	line2: autoDraw = False
12.6704 	EXP 	line3: autoDraw = False
12.6704 	EXP 	line4: autoDraw = False
12.6704 	EXP 	probe: autoDraw = False
12.7227 	DATA 	Mouse:  Left button up, pos=(447,692)
12.8358 	EXP 	Device response: <KeyPress from None: t=12.650798599992413, value=x, duration=0.17987320000247564>
13.6707 	EXP 	fixation: autoDraw = True
13.6707 	EXP 	line1: autoDraw = True
13.6707 	EXP 	line2: autoDraw = True
13.6707 	EXP 	line3: autoDraw = True
13.6707 	EXP 	line4: autoDraw = True
14.6545 	INFO 	Keyboard events cleared
14.6543 	EXP 	probe: autoDraw = True
14.6720 	EXP 	fixation: autoDraw = False
15.0623 	DATA 	Keypress: c
15.0751 	EXP 	Device response: <KeyPress from None: t=15.059177499992074, value=c, duration=None>
15.0757 	EXP 	New trial (rep=1, index=2): <Trial 6 (2 in rep 1) data={'pos': 50, 'corr_resp': 'c', 'thisN': 6, 'thisTrialN': 2, 'thisRepN': 1}>
15.0908 	EXP 	fixation: autoDraw = False
15.0908 	EXP 	line1: autoDraw = False
15.0908 	EXP 	line2: autoDraw = False
15.0908 	EXP 	line3: autoDraw = False
15.0908 	EXP 	line4: autoDraw = False
15.0908 	EXP 	probe: autoDraw = False
15.0943 	DATA 	Keypress: v
15.1088 	EXP 	Device response: <KeyPress from None: t=15.092709499993362, value=v, duration=None>
15.1577 	EXP 	Device response: <KeyPress from None: t=15.059177499992074, value=c, duration=0.09448369999881834>
15.3424 	EXP 	Device response: <KeyPress from None: t=15.092709499993362, value=v, duration=0.24603550000756513>
16.0874 	EXP 	fixation: autoDraw = True
16.0874 	EXP 	line1: autoDraw = True
16.0874 	EXP 	line2: autoDraw = True
16.0874 	EXP 	line3: autoDraw = True
16.0874 	EXP 	line4: autoDraw = True
17.0877 	INFO 	Keyboard events cleared
17.0875 	EXP 	fixation: autoDraw = False
17.0875 	EXP 	probe: autoDraw = True
17.6055 	EXP 	Device response: <KeyPress from None: t=17.59476629999699, value=c, duration=None>
17.6060 	EXP 	New trial (rep=1, index=3): <Trial 7 (3 in rep 1) data={'pos': -150, 'corr_resp': 'z', 'thisN': 7, 'thisTrialN': 3, 'thisRepN': 1}>
17.6073 	DATA 	Keypress: c
17.6194 	EXP 	fixation: autoDraw = False
17.6194 	EXP 	line1: autoDraw = False
17.6194 	EXP 	line2: autoDraw = False
17.6194 	EXP 	line3: autoDraw = False
17.6194 	EXP 	line4: autoDraw = False
17.6194 	EXP 	probe: autoDraw = False
17.7877 	EXP 	Device response: <KeyPress from None: t=17.59476629999699, value=c, duration=0.18784969999978784>
18.6213 	EXP 	fixation: autoDraw = True
18.6213 	EXP 	line1: autoDraw = True
18.6213 	EXP 	line2: autoDraw = True
18.6213 	EXP 	line3: autoDraw = True
18.6213 	EXP 	line4: autoDraw = True
19.6204 	INFO 	Keyboard events cleared
19.6202 	EXP 	probe: autoDraw = True
19.6375 	EXP 	fixation: autoDraw = False
20.1384 	EXP 	Device response: <KeyPress from None: t=20.128974199993536, value=z, duration=None>
20.1388 	EXP 	New trial (rep=2, index=0): <Trial 8 (0 in rep 2) data={'pos': -50, 'corr_resp': 'x', 'thisN': 8, 'thisTrialN': 0, 'thisRepN': 2}>
20.1401 	DATA 	Keypress: z
20.1544 	EXP 	fixation: autoDraw = False
20.1544 	EXP 	line1: autoDraw = False
20.1544 	EXP 	line2: autoDraw = False
20.1544 	EXP 	line3: autoDraw = False
20.1544 	EXP 	line4: autoDraw = False
20.1544 	EXP 	probe: autoDraw = False
20.2883 	EXP 	Device response: <KeyPress from None: t=20.128974199993536, value=z, duration=0.1459686000016518>
21.1521 	EXP 	fixation: autoDraw = True
21.1521 	EXP 	line1: autoDraw = True
21.1521 	EXP 	line2: autoDraw = True
21.1521 	EXP 	line3: autoDraw = True
21.1521 	EXP 	line4: autoDraw = True
22.1376 	INFO 	Keyboard events cleared
22.1374 	EXP 	probe: autoDraw = True
22.1537 	EXP 	fixation: autoDraw = False
22.4377 	EXP 	Device response: <KeyPress from None: t=22.427567299993825, value=c, duration=None>
22.4381 	EXP 	New trial (rep=2, index=1): <Trial 9 (1 in rep 2) data={'pos': 150, 'corr_resp': 'v', 'thisN': 9, 'thisTrialN': 1, 'thisRepN': 2}>
22.4394 	DATA 	Keypress: c
22.4541 	EXP 	fixation: autoDraw = False
22.4541 	EXP 	line1: autoDraw = False
22.4541 	EXP 	line2: autoDraw = False
22.4541 	EXP 	line3: autoDraw = False
22.4541 	EXP 	line4: autoDraw = False
22.4541 	EXP 	probe: autoDraw = False
22.6206 	EXP 	Device response: <KeyPress from None: t=22.427567299993825, value=c, duration=0.18590949999634176>
23.4371 	EXP 	fixation: autoDraw = True
23.4371 	EXP 	line1: autoDraw = True
23.4371 	EXP 	line2: autoDraw = True
23.4371 	EXP 	line3: autoDraw = True
23.4371 	EXP 	line4: autoDraw = True
24.4377 	INFO 	Keyboard events cleared
24.4375 	EXP 	fixation: autoDraw = False
24.4375 	EXP 	probe: autoDraw = True
24.7379 	EXP 	Device response: <KeyPress from None: t=24.725306599997566, value=v, duration=None>
24.7383 	EXP 	New trial (rep=2, index=2): <Trial 10 (2 in rep 2) data={'pos': 50, 'corr_resp': 'c', 'thisN': 10, 'thisTrialN': 2, 'thisRepN': 2}>
24.7396 	DATA 	Keypress: v
24.7524 	EXP 	fixation: autoDraw = False
24.7524 	EXP 	line1: autoDraw = False
24.7524 	EXP 	line2: autoDraw = False
24.7524 	EXP 	line3: autoDraw = False
24.7524 	EXP 	line4: autoDraw = False
24.7524 	EXP 	probe: autoDraw = False
24.9876 	EXP 	Device response: <KeyPress from None: t=24.725306599997566, value=v, duration=0.25743329999386333>
25.7368 	EXP 	fixation: autoDraw = True
25.7368 	EXP 	line1: autoDraw = True
25.7368 	EXP 	line2: autoDraw = True
25.7368 	EXP 	line3: autoDraw = True
25.7368 	EXP 	line4: autoDraw = True
26.7379 	INFO 	Keyboard events cleared
26.7377 	EXP 	fixation: autoDraw = False
26.7377 	EXP 	probe: autoDraw = True
27.0372 	EXP 	Device response: <KeyPress from None: t=27.03247759999067, value=c, duration=None>
27.0377 	EXP 	New trial (rep=2, index=3): <Trial 11 (3 in rep 2) data={'pos': -150, 'corr_resp': 'z', 'thisN': 11, 'thisTrialN': 3, 'thisRepN': 2}>
27.0389 	DATA 	Keypress: c
27.0544 	EXP 	fixation: autoDraw = False
27.0544 	EXP 	line1: autoDraw = False
27.0544 	EXP 	line2: autoDraw = False
27.0544 	EXP 	line3: autoDraw = False
27.0544 	EXP 	line4: autoDraw = False
27.0544 	EXP 	probe: autoDraw = False
27.2374 	EXP 	Device response: <KeyPress from None: t=27.03247759999067, value=c, duration=0.19933940000191797>
28.0353 	EXP 	fixation: autoDraw = True
28.0353 	EXP 	line1: autoDraw = True
28.0353 	EXP 	line2: autoDraw = True
28.0353 	EXP 	line3: autoDraw = True
28.0353 	EXP 	line4: autoDraw = True
29.0382 	INFO 	Keyboard events cleared
29.0380 	EXP 	fixation: autoDraw = False
29.0380 	EXP 	probe: autoDraw = True
29.3541 	EXP 	Device response: <KeyPress from None: t=29.348939599993173, value=z, duration=None>
29.3546 	EXP 	New trial (rep=3, index=0): <Trial 12 (0 in rep 3) data={'pos': -50, 'corr_resp': 'x', 'thisN': 12, 'thisTrialN': 0, 'thisRepN': 3}>
29.3562 	DATA 	Keypress: z
29.3719 	EXP 	fixation: autoDraw = False
29.3719 	EXP 	line1: autoDraw = False
29.3719 	EXP 	line2: autoDraw = False
29.3719 	EXP 	line3: autoDraw = False
29.3719 	EXP 	line4: autoDraw = False
29.3719 	EXP 	probe: autoDraw = False
29.5880 	EXP 	Device response: <KeyPress from None: t=29.348939599993173, value=z, duration=0.2344816999975592>
30.3543 	EXP 	fixation: autoDraw = True
30.3543 	EXP 	line1: autoDraw = True
30.3543 	EXP 	line2: autoDraw = True
30.3543 	EXP 	line3: autoDraw = True
30.3543 	EXP 	line4: autoDraw = True
31.3555 	INFO 	Keyboard events cleared
31.3552 	EXP 	fixation: autoDraw = False
31.3552 	EXP 	probe: autoDraw = True
31.6376 	EXP 	Device response: <KeyPress from None: t=31.6350073999929, value=x, duration=None>
31.6380 	EXP 	New trial (rep=3, index=1): <Trial 13 (1 in rep 3) data={'pos': 150, 'corr_resp': 'v', 'thisN': 13, 'thisTrialN': 1, 'thisRepN': 3}>
31.6392 	DATA 	Keypress: x
31.6542 	EXP 	fixation: autoDraw = False
31.6542 	EXP 	line1: autoDraw = False
31.6542 	EXP 	line2: autoDraw = False
31.6542 	EXP 	line3: autoDraw = False
31.6542 	EXP 	line4: autoDraw = False
31.6542 	EXP 	probe: autoDraw = False
32.0710 	EXP 	Device response: <KeyPress from None: t=31.6350073999929, value=x, duration=0.4267461999988882>
32.6373 	EXP 	fixation: autoDraw = True
32.6373 	EXP 	line1: autoDraw = True
32.6373 	EXP 	line2: autoDraw = True
32.6373 	EXP 	line3: autoDraw = True
32.6373 	EXP 	line4: autoDraw = True
33.6381 	INFO 	Keyboard events cleared
33.6379 	EXP 	fixation: autoDraw = False
33.6379 	EXP 	probe: autoDraw = True
33.9874 	EXP 	Device response: <KeyPress from None: t=33.982761699997354, value=v, duration=None>
33.9878 	EXP 	New trial (rep=3, index=2): <Trial 14 (2 in rep 3) data={'pos': 50, 'corr_resp': 'c', 'thisN': 14, 'thisTrialN': 2, 'thisRepN': 3}>
33.9892 	DATA 	Keypress: v
34.0038 	EXP 	fixation: autoDraw = False
34.0038 	EXP 	line1: autoDraw = False
34.0038 	EXP 	line2: autoDraw = False
34.0038 	EXP 	line3: autoDraw = False
34.0038 	EXP 	line4: autoDraw = False
34.0038 	EXP 	probe: autoDraw = False
34.1708 	EXP 	Device response: <KeyPress from None: t=33.982761699997354, value=v, duration=0.18098960000497755>
34.9875 	EXP 	fixation: autoDraw = True
34.9875 	EXP 	line1: autoDraw = True
34.9875 	EXP 	line2: autoDraw = True
34.9875 	EXP 	line3: autoDraw = True
34.9875 	EXP 	line4: autoDraw = True
35.4402 	DATA 	Keypress: c
35.4545 	EXP 	Device response: <KeyPress from None: t=35.43889510000008, value=c, duration=None>
35.5722 	EXP 	Device response: <KeyPress from None: t=35.43889510000008, value=c, duration=0.1323658999899635>
35.9863 	INFO 	Keyboard events cleared
35.9862 	EXP 	fixation: autoDraw = False
35.9862 	EXP 	probe: autoDraw = True
36.2380 	DATA 	Keypress: c
36.2533 	EXP 	Device response: <KeyPress from None: t=36.23706629998924, value=c, duration=None>
36.2538 	EXP 	New trial (rep=3, index=3): <Trial 15 (3 in rep 3) data={'pos': -150, 'corr_resp': 'z', 'thisN': 15, 'thisTrialN': 3, 'thisRepN': 3}>
36.2696 	EXP 	fixation: autoDraw = False
36.2696 	EXP 	line1: autoDraw = False
36.2696 	EXP 	line2: autoDraw = False
36.2696 	EXP 	line3: autoDraw = False
36.2696 	EXP 	line4: autoDraw = False
36.2696 	EXP 	probe: autoDraw = False
36.5699 	EXP 	Device response: <KeyPress from None: t=36.23706629998924, value=c, duration=0.32099269999889657>
37.2684 	EXP 	fixation: autoDraw = True
37.2684 	EXP 	line1: autoDraw = True
37.2684 	EXP 	line2: autoDraw = True
37.2684 	EXP 	line3: autoDraw = True
37.2684 	EXP 	line4: autoDraw = True
38.2698 	INFO 	Keyboard events cleared
38.2696 	EXP 	fixation: autoDraw = False
38.2696 	EXP 	probe: autoDraw = True
38.5548 	EXP 	Device response: <KeyPress from None: t=38.5521013999969, value=z, duration=None>
38.5552 	EXP 	New trial (rep=4, index=0): <Trial 16 (0 in rep 4) data={'pos': -50, 'corr_resp': 'x', 'thisN': 16, 'thisTrialN': 0, 'thisRepN': 4}>
38.5564 	DATA 	Keypress: z
38.5699 	EXP 	fixation: autoDraw = False
38.5699 	EXP 	line1: autoDraw = False
38.5699 	EXP 	line2: autoDraw = False
38.5699 	EXP 	line3: autoDraw = False
38.5699 	EXP 	line4: autoDraw = False
38.5699 	EXP 	probe: autoDraw = False
38.7200 	EXP 	Device response: <KeyPress from None: t=38.5521013999969, value=z, duration=0.1625361000042176>
39.5686 	EXP 	fixation: autoDraw = True
39.5686 	EXP 	line1: autoDraw = True
39.5686 	EXP 	line2: autoDraw = True
39.5686 	EXP 	line3: autoDraw = True
39.5686 	EXP 	line4: autoDraw = True
40.5702 	INFO 	Keyboard events cleared
40.5700 	EXP 	fixation: autoDraw = False
40.5700 	EXP 	probe: autoDraw = True
40.9358 	EXP 	Device response: <KeyPress from None: t=40.92645459999039, value=x, duration=None>
40.9362 	EXP 	New trial (rep=4, index=1): <Trial 17 (1 in rep 4) data={'pos': 150, 'corr_resp': 'v', 'thisN': 17, 'thisTrialN': 1, 'thisRepN': 4}>
40.9375 	DATA 	Keypress: x
40.9532 	EXP 	fixation: autoDraw = False
40.9532 	EXP 	line1: autoDraw = False
40.9532 	EXP 	line2: autoDraw = False
40.9532 	EXP 	line3: autoDraw = False
40.9532 	EXP 	line4: autoDraw = False
40.9532 	EXP 	probe: autoDraw = False
40.9696 	EXP 	Device response: <KeyPress from None: t=40.96037439999054, value=c, duration=None>
40.9703 	DATA 	Keypress: c
41.0527 	EXP 	Device response: <KeyPress from None: t=40.96037439999054, value=c, duration=0.0890067000000272>
41.0863 	EXP 	Device response: <KeyPress from None: t=40.92645459999039, value=x, duration=0.15162430000782479>
41.9519 	EXP 	fixation: autoDraw = True
41.9519 	EXP 	line1: autoDraw = True
41.9519 	EXP 	line2: autoDraw = True
41.9519 	EXP 	line3: autoDraw = True
41.9519 	EXP 	line4: autoDraw = True
42.9359 	INFO 	Keyboard events cleared
42.9358 	EXP 	probe: autoDraw = True
42.9520 	EXP 	fixation: autoDraw = False
43.3529 	EXP 	Device response: <KeyPress from None: t=43.350736499996856, value=v, duration=None>
43.3533 	EXP 	New trial (rep=4, index=2): <Trial 18 (2 in rep 4) data={'pos': 50, 'corr_resp': 'c', 'thisN': 18, 'thisTrialN': 2, 'thisRepN': 4}>
43.3545 	DATA 	Keypress: v
43.3701 	EXP 	fixation: autoDraw = False
43.3701 	EXP 	line1: autoDraw = False
43.3701 	EXP 	line2: autoDraw = False
43.3701 	EXP 	line3: autoDraw = False
43.3701 	EXP 	line4: autoDraw = False
43.3701 	EXP 	probe: autoDraw = False
43.5364 	EXP 	Device response: <KeyPress from None: t=43.350736499996856, value=v, duration=0.1748490000027232>
44.3526 	EXP 	fixation: autoDraw = True
44.3526 	EXP 	line1: autoDraw = True
44.3526 	EXP 	line2: autoDraw = True
44.3526 	EXP 	line3: autoDraw = True
44.3526 	EXP 	line4: autoDraw = True
45.3533 	INFO 	Keyboard events cleared
45.3531 	EXP 	fixation: autoDraw = False
45.3531 	EXP 	probe: autoDraw = True
45.6698 	EXP 	Device response: <KeyPress from None: t=45.66938249999657, value=c, duration=None>
45.6702 	EXP 	New trial (rep=4, index=3): <Trial 19 (3 in rep 4) data={'pos': -150, 'corr_resp': 'z', 'thisN': 19, 'thisTrialN': 3, 'thisRepN': 4}>
45.6714 	DATA 	Keypress: c
45.6869 	EXP 	fixation: autoDraw = False
45.6869 	EXP 	line1: autoDraw = False
45.6869 	EXP 	line2: autoDraw = False
45.6869 	EXP 	line3: autoDraw = False
45.6869 	EXP 	line4: autoDraw = False
45.6869 	EXP 	probe: autoDraw = False
45.8521 	EXP 	Device response: <KeyPress from None: t=45.66938249999657, value=c, duration=0.16718170000240207>
46.6696 	EXP 	fixation: autoDraw = True
46.6696 	EXP 	line1: autoDraw = True
46.6696 	EXP 	line2: autoDraw = True
46.6696 	EXP 	line3: autoDraw = True
46.6696 	EXP 	line4: autoDraw = True
47.6703 	INFO 	Keyboard events cleared
47.6701 	EXP 	fixation: autoDraw = False
47.6701 	EXP 	probe: autoDraw = True
48.3528 	EXP 	Device response: <KeyPress from None: t=48.34678039999562, value=z, duration=None>
48.3532 	EXP 	New trial (rep=5, index=0): <Trial 20 (0 in rep 5) data={'pos': -50, 'corr_resp': 'x', 'thisN': 20, 'thisTrialN': 0, 'thisRepN': 5}>
48.3546 	DATA 	Keypress: z
48.3686 	EXP 	fixation: autoDraw = False
48.3686 	EXP 	line1: autoDraw = False
48.3686 	EXP 	line2: autoDraw = False
48.3686 	EXP 	line3: autoDraw = False
48.3686 	EXP 	line4: autoDraw = False
48.3686 	EXP 	probe: autoDraw = False
48.5684 	EXP 	Device response: <KeyPress from None: t=48.34678039999562, value=z, duration=0.20540170000458602>
49.3523 	EXP 	fixation: autoDraw = True
49.3523 	EXP 	line1: autoDraw = True
49.3523 	EXP 	line2: autoDraw = True
49.3523 	EXP 	line3: autoDraw = True
49.3523 	EXP 	line4: autoDraw = True
50.1200 	EXP 	Device response: <KeyPress from None: t=50.10604980000062, value=x, duration=None>
50.1214 	DATA 	Keypress: x
50.3521 	EXP 	fixation: autoDraw = False
50.3694 	INFO 	Keyboard events cleared
50.3693 	EXP 	probe: autoDraw = True
50.3863 	EXP 	Device response: <KeyPress from None: t=50.10604980000062, value=x, duration=0.27552619999914896>
50.8203 	EXP 	Device response: <KeyPress from None: t=50.81332499999553, value=x, duration=None>
50.8207 	EXP 	New trial (rep=5, index=1): <Trial 21 (1 in rep 5) data={'pos': 150, 'corr_resp': 'v', 'thisN': 21, 'thisTrialN': 1, 'thisRepN': 5}>
50.8220 	DATA 	Keypress: x
50.8364 	EXP 	fixation: autoDraw = False
50.8364 	EXP 	line1: autoDraw = False
50.8364 	EXP 	line2: autoDraw = False
50.8364 	EXP 	line3: autoDraw = False
50.8364 	EXP 	line4: autoDraw = False
50.8364 	EXP 	probe: autoDraw = False
51.0362 	EXP 	Device response: <KeyPress from None: t=50.81332499999553, value=x, duration=0.21467349999875296>
51.8200 	EXP 	fixation: autoDraw = True
51.8200 	EXP 	line1: autoDraw = True
51.8200 	EXP 	line2: autoDraw = True
51.8200 	EXP 	line3: autoDraw = True
51.8200 	EXP 	line4: autoDraw = True
52.8364 	INFO 	Keyboard events cleared
52.8363 	EXP 	fixation: autoDraw = False
52.8363 	EXP 	probe: autoDraw = True
53.1688 	EXP 	Device response: <KeyPress from None: t=53.16348339999968, value=v, duration=None>
53.1692 	EXP 	New trial (rep=5, index=2): <Trial 22 (2 in rep 5) data={'pos': 50, 'corr_resp': 'c', 'thisN': 22, 'thisTrialN': 2, 'thisRepN': 5}>
53.1704 	DATA 	Keypress: v
53.1851 	EXP 	fixation: autoDraw = False
53.1851 	EXP 	line1: autoDraw = False
53.1851 	EXP 	line2: autoDraw = False
53.1851 	EXP 	line3: autoDraw = False
53.1851 	EXP 	line4: autoDraw = False
53.1851 	EXP 	probe: autoDraw = False
53.3527 	EXP 	Device response: <KeyPress from None: t=53.16348339999968, value=v, duration=0.18415970000205562>
54.1689 	EXP 	fixation: autoDraw = True
54.1689 	EXP 	line1: autoDraw = True
54.1689 	EXP 	line2: autoDraw = True
54.1689 	EXP 	line3: autoDraw = True
54.1689 	EXP 	line4: autoDraw = True
55.1699 	INFO 	Keyboard events cleared
55.1697 	EXP 	fixation: autoDraw = False
55.1697 	EXP 	probe: autoDraw = True
55.5194 	EXP 	Device response: <KeyPress from None: t=55.5141936, value=c, duration=None>
55.5197 	EXP 	New trial (rep=5, index=3): <Trial 23 (3 in rep 5) data={'pos': -150, 'corr_resp': 'z', 'thisN': 23, 'thisTrialN': 3, 'thisRepN': 5}>
55.5208 	DATA 	Keypress: c
55.5354 	EXP 	fixation: autoDraw = False
55.5354 	EXP 	line1: autoDraw = False
55.5354 	EXP 	line2: autoDraw = False
55.5354 	EXP 	line3: autoDraw = False
55.5354 	EXP 	line4: autoDraw = False
55.5354 	EXP 	probe: autoDraw = False
55.8024 	EXP 	Device response: <KeyPress from None: t=55.5141936, value=c, duration=0.2856603999971412>
56.5352 	EXP 	fixation: autoDraw = True
56.5352 	EXP 	line1: autoDraw = True
56.5352 	EXP 	line2: autoDraw = True
56.5352 	EXP 	line3: autoDraw = True
56.5352 	EXP 	line4: autoDraw = True
57.5200 	INFO 	Keyboard events cleared
57.5198 	EXP 	probe: autoDraw = True
57.5358 	EXP 	fixation: autoDraw = False
58.0363 	EXP 	Device response: <KeyPress from None: t=58.03158149999217, value=z, duration=None>
58.0366 	EXP 	New trial (rep=6, index=0): <Trial 24 (0 in rep 6) data={'pos': -50, 'corr_resp': 'x', 'thisN': 24, 'thisTrialN': 0, 'thisRepN': 6}>
58.0378 	DATA 	Keypress: z
58.0524 	EXP 	fixation: autoDraw = False
58.0524 	EXP 	line1: autoDraw = False
58.0524 	EXP 	line2: autoDraw = False
58.0524 	EXP 	line3: autoDraw = False
58.0524 	EXP 	line4: autoDraw = False
58.0524 	EXP 	probe: autoDraw = False
58.2193 	EXP 	Device response: <KeyPress from None: t=58.03158149999217, value=z, duration=0.17640550000942312>
59.0362 	EXP 	fixation: autoDraw = True
59.0362 	EXP 	line1: autoDraw = True
59.0362 	EXP 	line2: autoDraw = True
59.0362 	EXP 	line3: autoDraw = True
59.0362 	EXP 	line4: autoDraw = True
60.0358 	INFO 	Keyboard events cleared
60.0356 	EXP 	fixation: autoDraw = False
60.0356 	EXP 	probe: autoDraw = True
60.7866 	EXP 	Device response: <KeyPress from None: t=60.777098199992906, value=x, duration=None>
60.7871 	EXP 	New trial (rep=6, index=1): <Trial 25 (1 in rep 6) data={'pos': 150, 'corr_resp': 'v', 'thisN': 25, 'thisTrialN': 1, 'thisRepN': 6}>
60.7883 	DATA 	Keypress: x
60.8024 	EXP 	fixation: autoDraw = False
60.8024 	EXP 	line1: autoDraw = False
60.8024 	EXP 	line2: autoDraw = False
60.8024 	EXP 	line3: autoDraw = False
60.8024 	EXP 	line4: autoDraw = False
60.8024 	EXP 	probe: autoDraw = False
60.9701 	EXP 	Device response: <KeyPress from None: t=60.777098199992906, value=x, duration=0.18923800000629853>
61.8030 	EXP 	fixation: autoDraw = True
61.8030 	EXP 	line1: autoDraw = True
61.8030 	EXP 	line2: autoDraw = True
61.8030 	EXP 	line3: autoDraw = True
61.8030 	EXP 	line4: autoDraw = True
62.7879 	INFO 	Keyboard events cleared
62.7877 	EXP 	probe: autoDraw = True
62.8035 	EXP 	fixation: autoDraw = False
63.2026 	EXP 	Device response: <KeyPress from None: t=63.20038319999003, value=v, duration=None>
63.2031 	EXP 	New trial (rep=6, index=2): <Trial 26 (2 in rep 6) data={'pos': 50, 'corr_resp': 'c', 'thisN': 26, 'thisTrialN': 2, 'thisRepN': 6}>
63.2044 	DATA 	Keypress: v
63.2183 	EXP 	fixation: autoDraw = False
63.2183 	EXP 	line1: autoDraw = False
63.2183 	EXP 	line2: autoDraw = False
63.2183 	EXP 	line3: autoDraw = False
63.2183 	EXP 	line4: autoDraw = False
63.2183 	EXP 	probe: autoDraw = False
63.4027 	EXP 	Device response: <KeyPress from None: t=63.20038319999003, value=v, duration=0.18918750000011642>
64.2021 	EXP 	fixation: autoDraw = True
64.2021 	EXP 	line1: autoDraw = True
64.2021 	EXP 	line2: autoDraw = True
64.2021 	EXP 	line3: autoDraw = True
64.2021 	EXP 	line4: autoDraw = True
65.2017 	EXP 	fixation: autoDraw = False
65.2185 	INFO 	Keyboard events cleared
65.2184 	EXP 	probe: autoDraw = True
65.7021 	EXP 	Device response: <KeyPress from None: t=65.69233179998992, value=c, duration=None>
65.7025 	EXP 	New trial (rep=6, index=3): <Trial 27 (3 in rep 6) data={'pos': -150, 'corr_resp': 'z', 'thisN': 27, 'thisTrialN': 3, 'thisRepN': 6}>
65.7037 	DATA 	Keypress: c
65.7188 	EXP 	fixation: autoDraw = False
65.7188 	EXP 	line1: autoDraw = False
65.7188 	EXP 	line2: autoDraw = False
65.7188 	EXP 	line3: autoDraw = False
65.7188 	EXP 	line4: autoDraw = False
65.7188 	EXP 	probe: autoDraw = False
65.8515 	EXP 	Device response: <KeyPress from None: t=65.69233179998992, value=c, duration=0.14345120001235045>
66.7014 	EXP 	fixation: autoDraw = True
66.7014 	EXP 	line1: autoDraw = True
66.7014 	EXP 	line2: autoDraw = True
66.7014 	EXP 	line3: autoDraw = True
66.7014 	EXP 	line4: autoDraw = True
67.7025 	INFO 	Keyboard events cleared
67.7023 	EXP 	fixation: autoDraw = False
67.7023 	EXP 	probe: autoDraw = True
68.1854 	EXP 	Device response: <KeyPress from None: t=68.17153849999886, value=z, duration=None>
68.1858 	EXP 	New trial (rep=7, index=0): <Trial 28 (0 in rep 7) data={'pos': -50, 'corr_resp': 'x', 'thisN': 28, 'thisTrialN': 0, 'thisRepN': 7}>
68.1870 	DATA 	Keypress: z
68.2013 	EXP 	fixation: autoDraw = False
68.2013 	EXP 	line1: autoDraw = False
68.2013 	EXP 	line2: autoDraw = False
68.2013 	EXP 	line3: autoDraw = False
68.2013 	EXP 	line4: autoDraw = False
68.2013 	EXP 	probe: autoDraw = False
68.3622 	EXP 	Device response: <KeyPress from None: t=68.17153849999886, value=z, duration=0.1834528000035789>
69.1852 	EXP 	fixation: autoDraw = True
69.1852 	EXP 	line1: autoDraw = True
69.1852 	EXP 	line2: autoDraw = True
69.1852 	EXP 	line3: autoDraw = True
69.1852 	EXP 	line4: autoDraw = True
70.1849 	INFO 	Keyboard events cleared
70.1848 	EXP 	fixation: autoDraw = False
70.1848 	EXP 	probe: autoDraw = True
70.7190 	EXP 	Device response: <KeyPress from None: t=70.71716239998932, value=x, duration=None>
70.7194 	EXP 	New trial (rep=7, index=1): <Trial 29 (1 in rep 7) data={'pos': 150, 'corr_resp': 'v', 'thisN': 29, 'thisTrialN': 1, 'thisRepN': 7}>
70.7206 	DATA 	Keypress: x
70.7348 	EXP 	fixation: autoDraw = False
70.7348 	EXP 	line1: autoDraw = False
70.7348 	EXP 	line2: autoDraw = False
70.7348 	EXP 	line3: autoDraw = False
70.7348 	EXP 	line4: autoDraw = False
70.7348 	EXP 	probe: autoDraw = False
70.9184 	EXP 	Device response: <KeyPress from None: t=70.71716239998932, value=x, duration=0.19821640000736807>
71.7183 	EXP 	fixation: autoDraw = True
71.7183 	EXP 	line1: autoDraw = True
71.7183 	EXP 	line2: autoDraw = True
71.7183 	EXP 	line3: autoDraw = True
71.7183 	EXP 	line4: autoDraw = True
72.7181 	EXP 	fixation: autoDraw = False
72.7346 	INFO 	Keyboard events cleared
72.7345 	EXP 	probe: autoDraw = True
73.3354 	EXP 	Device response: <KeyPress from None: t=73.32133789999352, value=v, duration=None>
73.3358 	EXP 	New trial (rep=7, index=2): <Trial 30 (2 in rep 7) data={'pos': 50, 'corr_resp': 'c', 'thisN': 30, 'thisTrialN': 2, 'thisRepN': 7}>
73.3371 	DATA 	Keypress: v
73.3513 	EXP 	fixation: autoDraw = False
73.3513 	EXP 	line1: autoDraw = False
73.3513 	EXP 	line2: autoDraw = False
73.3513 	EXP 	line3: autoDraw = False
73.3513 	EXP 	line4: autoDraw = False
73.3513 	EXP 	probe: autoDraw = False
73.4850 	EXP 	Device response: <KeyPress from None: t=73.32133789999352, value=v, duration=0.14873749999969732>
74.3345 	EXP 	fixation: autoDraw = True
74.3345 	EXP 	line1: autoDraw = True
74.3345 	EXP 	line2: autoDraw = True
74.3345 	EXP 	line3: autoDraw = True
74.3345 	EXP 	line4: autoDraw = True
75.2363 	DATA 	Keypress: c
75.2519 	EXP 	Device response: <KeyPress from None: t=75.2355891999905, value=c, duration=None>
75.3353 	INFO 	Keyboard events cleared
75.3351 	EXP 	fixation: autoDraw = False
75.3351 	EXP 	probe: autoDraw = True
75.4353 	EXP 	Device response: <KeyPress from None: t=75.2355891999905, value=c, duration=0.18829780000669416>
75.9860 	EXP 	Device response: <KeyPress from None: t=75.97128079998947, value=c, duration=None>
75.9864 	EXP 	New trial (rep=7, index=3): <Trial 31 (3 in rep 7) data={'pos': -150, 'corr_resp': 'z', 'thisN': 31, 'thisTrialN': 3, 'thisRepN': 7}>
75.9879 	DATA 	Keypress: c
76.0016 	EXP 	fixation: autoDraw = False
76.0016 	EXP 	line1: autoDraw = False
76.0016 	EXP 	line2: autoDraw = False
76.0016 	EXP 	line3: autoDraw = False
76.0016 	EXP 	line4: autoDraw = False
76.0016 	EXP 	probe: autoDraw = False
76.1518 	EXP 	Device response: <KeyPress from None: t=75.97128079998947, value=c, duration=0.17484250001143664>
76.9849 	EXP 	fixation: autoDraw = True
76.9849 	EXP 	line1: autoDraw = True
76.9849 	EXP 	line2: autoDraw = True
76.9849 	EXP 	line3: autoDraw = True
76.9849 	EXP 	line4: autoDraw = True
77.9849 	EXP 	fixation: autoDraw = False
78.0024 	INFO 	Keyboard events cleared
78.0022 	EXP 	probe: autoDraw = True
78.2875 	DATA 	Keypress: z
78.3023 	EXP 	Device response: <KeyPress from None: t=78.28671929999837, value=z, duration=None>
78.3026 	EXP 	New trial (rep=8, index=0): <Trial 32 (0 in rep 8) data={'pos': -50, 'corr_resp': 'x', 'thisN': 32, 'thisTrialN': 0, 'thisRepN': 8}>
78.3181 	EXP 	fixation: autoDraw = False
78.3181 	EXP 	line1: autoDraw = False
78.3181 	EXP 	line2: autoDraw = False
78.3181 	EXP 	line3: autoDraw = False
78.3181 	EXP 	line4: autoDraw = False
78.3181 	EXP 	probe: autoDraw = False
78.5018 	EXP 	Device response: <KeyPress from None: t=78.28671929999837, value=z, duration=0.20033029999467544>
79.3013 	EXP 	fixation: autoDraw = True
79.3013 	EXP 	line1: autoDraw = True
79.3013 	EXP 	line2: autoDraw = True
79.3013 	EXP 	line3: autoDraw = True
79.3013 	EXP 	line4: autoDraw = True
80.3014 	INFO 	Keyboard events cleared
80.3013 	EXP 	fixation: autoDraw = False
80.3013 	EXP 	probe: autoDraw = True
80.4351 	EXP 	Device response: <KeyPress from None: t=80.42025689998991, value=x, duration=None>
80.4354 	EXP 	New trial (rep=8, index=1): <Trial 33 (1 in rep 8) data={'pos': 150, 'corr_resp': 'v', 'thisN': 33, 'thisTrialN': 1, 'thisRepN': 8}>
80.4363 	DATA 	Keypress: x
80.4514 	EXP 	fixation: autoDraw = False
80.4514 	EXP 	line1: autoDraw = False
80.4514 	EXP 	line2: autoDraw = False
80.4514 	EXP 	line3: autoDraw = False
80.4514 	EXP 	line4: autoDraw = False
80.4514 	EXP 	probe: autoDraw = False
80.7022 	EXP 	Device response: <KeyPress from None: t=80.42025689998991, value=x, duration=0.27940090000629425>
80.7358 	EXP 	Device response: <KeyPress from None: t=80.72629839999718, value=x, duration=None>
80.7366 	DATA 	Keypress: x
80.8184 	EXP 	Device response: <KeyPress from None: t=80.72629839999718, value=x, duration=0.08770299999741837>
81.4345 	EXP 	fixation: autoDraw = True
81.4345 	EXP 	line1: autoDraw = True
81.4345 	EXP 	line2: autoDraw = True
81.4345 	EXP 	line3: autoDraw = True
81.4345 	EXP 	line4: autoDraw = True
82.4350 	INFO 	Keyboard events cleared
82.4348 	EXP 	fixation: autoDraw = False
82.4348 	EXP 	probe: autoDraw = True
83.0204 	DATA 	Keypress: v
83.0352 	EXP 	Device response: <KeyPress from None: t=83.01987769998959, value=v, duration=None>
83.0356 	EXP 	New trial (rep=8, index=2): <Trial 34 (2 in rep 8) data={'pos': 50, 'corr_resp': 'c', 'thisN': 34, 'thisTrialN': 2, 'thisRepN': 8}>
83.0515 	EXP 	fixation: autoDraw = False
83.0515 	EXP 	line1: autoDraw = False
83.0515 	EXP 	line2: autoDraw = False
83.0515 	EXP 	line3: autoDraw = False
83.0515 	EXP 	line4: autoDraw = False
83.0515 	EXP 	probe: autoDraw = False
83.2017 	EXP 	Device response: <KeyPress from None: t=83.01987769998959, value=v, duration=0.17191830000956543>
84.0351 	EXP 	fixation: autoDraw = True
84.0351 	EXP 	line1: autoDraw = True
84.0351 	EXP 	line2: autoDraw = True
84.0351 	EXP 	line3: autoDraw = True
84.0351 	EXP 	line4: autoDraw = True
85.0347 	INFO 	Keyboard events cleared
85.0346 	EXP 	fixation: autoDraw = False
85.0346 	EXP 	probe: autoDraw = True
85.0852 	EXP 	Device response: <KeyPress from None: t=85.07185039999604, value=c, duration=None>
85.0856 	EXP 	New trial (rep=8, index=3): <Trial 35 (3 in rep 8) data={'pos': -150, 'corr_resp': 'z', 'thisN': 35, 'thisTrialN': 3, 'thisRepN': 8}>
85.0866 	DATA 	Keypress: c
85.1011 	EXP 	fixation: autoDraw = False
85.1011 	EXP 	line1: autoDraw = False
85.1011 	EXP 	line2: autoDraw = False
85.1011 	EXP 	line3: autoDraw = False
85.1011 	EXP 	line4: autoDraw = False
85.1011 	EXP 	probe: autoDraw = False
85.3017 	EXP 	Device response: <KeyPress from None: t=85.07185039999604, value=c, duration=0.2218395999952918>
86.1011 	EXP 	fixation: autoDraw = True
86.1011 	EXP 	line1: autoDraw = True
86.1011 	EXP 	line2: autoDraw = True
86.1011 	EXP 	line3: autoDraw = True
86.1011 	EXP 	line4: autoDraw = True
86.4699 	EXP 	Device response: <KeyPress from None: t=86.45371219998924, value=z, duration=None>
86.4713 	DATA 	Keypress: z
86.6351 	EXP 	Device response: <KeyPress from None: t=86.45371219998924, value=z, duration=0.16906140001083259>
86.8684 	EXP 	Device response: <KeyPress from None: t=86.85798970000178, value=z, duration=None>
86.8695 	DATA 	Keypress: z
87.0845 	INFO 	Keyboard events cleared
87.0843 	EXP 	probe: autoDraw = True
87.1014 	EXP 	fixation: autoDraw = False
87.3180 	EXP 	Device response: <KeyPress from None: t=87.30426829999487, value=z, duration=None>
87.3187 	EXP 	New trial (rep=9, index=0): <Trial 36 (0 in rep 9) data={'pos': -50, 'corr_resp': 'x', 'thisN': 36, 'thisTrialN': 0, 'thisRepN': 9}>
87.3195 	DATA 	Keypress: z
87.3340 	EXP 	fixation: autoDraw = False
87.3340 	EXP 	line1: autoDraw = False
87.3340 	EXP 	line2: autoDraw = False
87.3340 	EXP 	line3: autoDraw = False
87.3340 	EXP 	line4: autoDraw = False
87.3340 	EXP 	probe: autoDraw = False
87.5013 	EXP 	Device response: <KeyPress from None: t=86.85798970000178, value=z, duration=0.6289060999988578>
88.3343 	EXP 	fixation: autoDraw = True
88.3343 	EXP 	line1: autoDraw = True
88.3343 	EXP 	line2: autoDraw = True
88.3343 	EXP 	line3: autoDraw = True
88.3343 	EXP 	line4: autoDraw = True
88.9702 	DATA 	Keypress: x
88.9847 	EXP 	Device response: <KeyPress from None: t=88.96893279999495, value=x, duration=None>
89.1349 	EXP 	Device response: <KeyPress from None: t=88.96893279999495, value=x, duration=0.14956639999581967>
89.3178 	INFO 	Keyboard events cleared
89.3177 	EXP 	probe: autoDraw = True
89.3342 	EXP 	fixation: autoDraw = False
89.4182 	EXP 	Device response: <KeyPress from None: t=89.40903049999906, value=x, duration=None>
89.4187 	EXP 	New trial (rep=9, index=1): <Trial 37 (1 in rep 9) data={'pos': 150, 'corr_resp': 'v', 'thisN': 37, 'thisTrialN': 1, 'thisRepN': 9}>
89.4199 	DATA 	Keypress: x
89.4344 	EXP 	fixation: autoDraw = False
89.4344 	EXP 	line1: autoDraw = False
89.4344 	EXP 	line2: autoDraw = False
89.4344 	EXP 	line3: autoDraw = False
89.4344 	EXP 	line4: autoDraw = False
89.4344 	EXP 	probe: autoDraw = False
89.6014 	EXP 	Device response: <KeyPress from None: t=89.40903049999906, value=x, duration=0.17880769999464974>
90.4241 	EXP 	fixation: autoDraw = True
90.4241 	EXP 	line1: autoDraw = True
90.4241 	EXP 	line2: autoDraw = True
90.4241 	EXP 	line3: autoDraw = True
90.4241 	EXP 	line4: autoDraw = True
91.4342 	INFO 	Keyboard events cleared
91.4341 	EXP 	fixation: autoDraw = False
91.4341 	EXP 	probe: autoDraw = True
91.7202 	EXP 	Device response: <KeyPress from None: t=91.71210949998931, value=v, duration=None>
91.7206 	EXP 	New trial (rep=9, index=2): <Trial 38 (2 in rep 9) data={'pos': 50, 'corr_resp': 'c', 'thisN': 38, 'thisTrialN': 2, 'thisRepN': 9}>
91.7220 	DATA 	Keypress: v
91.7355 	EXP 	fixation: autoDraw = False
91.7355 	EXP 	line1: autoDraw = False
91.7355 	EXP 	line2: autoDraw = False
91.7355 	EXP 	line3: autoDraw = False
91.7355 	EXP 	line4: autoDraw = False
91.7355 	EXP 	probe: autoDraw = False
91.8531 	EXP 	Device response: <KeyPress from None: t=91.71210949998931, value=v, duration=0.14058700000168756>
92.7210 	EXP 	fixation: autoDraw = True
92.7210 	EXP 	line1: autoDraw = True
92.7210 	EXP 	line2: autoDraw = True
92.7210 	EXP 	line3: autoDraw = True
92.7210 	EXP 	line4: autoDraw = True
93.7218 	INFO 	Keyboard events cleared
93.7215 	EXP 	fixation: autoDraw = False
93.7215 	EXP 	probe: autoDraw = True
94.0360 	EXP 	Device response: <KeyPress from None: t=94.03384299999743, value=c, duration=None>
94.0364 	EXP 	New trial (rep=9, index=3): <Trial 39 (3 in rep 9) data={'pos': -150, 'corr_resp': 'z', 'thisN': 39, 'thisTrialN': 3, 'thisRepN': 9}>
94.0375 	DATA 	Keypress: c
94.0519 	EXP 	fixation: autoDraw = False
94.0519 	EXP 	line1: autoDraw = False
94.0519 	EXP 	line2: autoDraw = False
94.0519 	EXP 	line3: autoDraw = False
94.0519 	EXP 	line4: autoDraw = False
94.0519 	EXP 	probe: autoDraw = False
94.1681 	EXP 	Device response: <KeyPress from None: t=94.03384299999743, value=c, duration=0.13024869999208022>
95.0514 	EXP 	fixation: autoDraw = True
95.0514 	EXP 	line1: autoDraw = True
95.0514 	EXP 	line2: autoDraw = True
95.0514 	EXP 	line3: autoDraw = True
95.0514 	EXP 	line4: autoDraw = True
96.0381 	INFO 	Keyboard events cleared
96.0379 	EXP 	probe: autoDraw = True
96.0542 	EXP 	fixation: autoDraw = False
96.1370 	EXP 	Device response: <KeyPress from None: t=96.12566209999204, value=z, duration=None>
96.1373 	EXP 	New trial (rep=10, index=0): <Trial 40 (0 in rep 10) data={'pos': -50, 'corr_resp': 'x', 'thisN': 40, 'thisTrialN': 0, 'thisRepN': 10}>
96.1383 	DATA 	Keypress: z
96.1512 	EXP 	fixation: autoDraw = False
96.1512 	EXP 	line1: autoDraw = False
96.1512 	EXP 	line2: autoDraw = False
96.1512 	EXP 	line3: autoDraw = False
96.1512 	EXP 	line4: autoDraw = False
96.1512 	EXP 	probe: autoDraw = False
96.3542 	EXP 	Device response: <KeyPress from None: t=87.30426829999487, value=z, duration=9.04546360000677>
97.1367 	EXP 	fixation: autoDraw = True
97.1367 	EXP 	line1: autoDraw = True
97.1367 	EXP 	line2: autoDraw = True
97.1367 	EXP 	line3: autoDraw = True
97.1367 	EXP 	line4: autoDraw = True
98.1375 	INFO 	Keyboard events cleared
98.1373 	EXP 	fixation: autoDraw = False
98.1373 	EXP 	probe: autoDraw = True
98.4529 	EXP 	Device response: <KeyPress from None: t=98.44539129998884, value=x, duration=None>
98.4533 	EXP 	New trial (rep=10, index=1): <Trial 41 (1 in rep 10) data={'pos': 150, 'corr_resp': 'v', 'thisN': 41, 'thisTrialN': 1, 'thisRepN': 10}>
98.4544 	DATA 	Keypress: x
98.4694 	EXP 	fixation: autoDraw = False
98.4694 	EXP 	line1: autoDraw = False
98.4694 	EXP 	line2: autoDraw = False
98.4694 	EXP 	line3: autoDraw = False
98.4694 	EXP 	line4: autoDraw = False
98.4694 	EXP 	probe: autoDraw = False
98.4866 	EXP 	Device response: <KeyPress from None: t=98.4714995999966, value=c, duration=None>
98.4874 	DATA 	Keypress: c
98.6208 	EXP 	Device response: <KeyPress from None: t=98.4714995999966, value=c, duration=0.13284679999924265>
98.6373 	EXP 	Device response: <KeyPress from None: t=98.44539129998884, value=x, duration=0.18243140001141>
99.4538 	EXP 	fixation: autoDraw = True
99.4538 	EXP 	line1: autoDraw = True
99.4538 	EXP 	line2: autoDraw = True
99.4538 	EXP 	line3: autoDraw = True
99.4538 	EXP 	line4: autoDraw = True
100.4587 	INFO 	Keyboard events cleared
100.4584 	EXP 	fixation: autoDraw = False
100.4584 	EXP 	probe: autoDraw = True
100.8376 	EXP 	Device response: <KeyPress from None: t=100.82717979999143, value=v, duration=None>
100.8381 	EXP 	New trial (rep=10, index=2): <Trial 42 (2 in rep 10) data={'pos': 50, 'corr_resp': 'c', 'thisN': 42, 'thisTrialN': 2, 'thisRepN': 10}>
100.8394 	DATA 	Keypress: v
100.8542 	EXP 	fixation: autoDraw = False
100.8542 	EXP 	line1: autoDraw = False
100.8542 	EXP 	line2: autoDraw = False
100.8542 	EXP 	line3: autoDraw = False
100.8542 	EXP 	line4: autoDraw = False
100.8542 	EXP 	probe: autoDraw = False
101.0041 	EXP 	Device response: <KeyPress from None: t=100.82717979999143, value=v, duration=0.1652377999998862>
101.8537 	EXP 	fixation: autoDraw = True
101.8537 	EXP 	line1: autoDraw = True
101.8537 	EXP 	line2: autoDraw = True
101.8537 	EXP 	line3: autoDraw = True
101.8537 	EXP 	line4: autoDraw = True
102.8370 	INFO 	Keyboard events cleared
102.8368 	EXP 	probe: autoDraw = True
102.8536 	EXP 	fixation: autoDraw = False
103.0241 	DATA 	Keypress: c
103.0371 	EXP 	Device response: <KeyPress from None: t=103.02350899999146, value=c, duration=None>
103.0376 	EXP 	New trial (rep=10, index=3): <Trial 43 (3 in rep 10) data={'pos': -150, 'corr_resp': 'z', 'thisN': 43, 'thisTrialN': 3, 'thisRepN': 10}>
103.0531 	EXP 	fixation: autoDraw = False
103.0531 	EXP 	line1: autoDraw = False
103.0531 	EXP 	line2: autoDraw = False
103.0531 	EXP 	line3: autoDraw = False
103.0531 	EXP 	line4: autoDraw = False
103.0531 	EXP 	probe: autoDraw = False
103.1377 	EXP 	Device response: <KeyPress from None: t=103.02350899999146, value=c, duration=0.11141650000354275>
104.0533 	EXP 	fixation: autoDraw = True
104.0533 	EXP 	line1: autoDraw = True
104.0533 	EXP 	line2: autoDraw = True
104.0533 	EXP 	line3: autoDraw = True
104.0533 	EXP 	line4: autoDraw = True
105.0538 	INFO 	Keyboard events cleared
105.0536 	EXP 	fixation: autoDraw = False
105.0536 	EXP 	probe: autoDraw = True
105.4378 	EXP 	Device response: <KeyPress from None: t=105.43270689999918, value=z, duration=None>
105.4382 	EXP 	New trial (rep=11, index=0): <Trial 44 (0 in rep 11) data={'pos': -50, 'corr_resp': 'x', 'thisN': 44, 'thisTrialN': 0, 'thisRepN': 11}>
105.4394 	DATA 	Keypress: z
105.4535 	EXP 	fixation: autoDraw = False
105.4535 	EXP 	line1: autoDraw = False
105.4535 	EXP 	line2: autoDraw = False
105.4535 	EXP 	line3: autoDraw = False
105.4535 	EXP 	line4: autoDraw = False
105.4535 	EXP 	probe: autoDraw = False
105.4541 	EXP 	Device response: <KeyPress from None: t=105.44897869999113, value=x, duration=None>
105.4551 	DATA 	Keypress: x
105.6870 	EXP 	Device response: <KeyPress from None: t=96.12566209999204, value=z, duration=9.55680890000076>
106.4534 	EXP 	fixation: autoDraw = True
106.4534 	EXP 	line1: autoDraw = True
106.4534 	EXP 	line2: autoDraw = True
106.4534 	EXP 	line3: autoDraw = True
106.4534 	EXP 	line4: autoDraw = True
107.4543 	INFO 	Keyboard events cleared
107.4541 	EXP 	fixation: autoDraw = False
107.4541 	EXP 	probe: autoDraw = True
109.1710 	EXP 	Device response: <KeyPress from None: t=105.44897869999113, value=x, duration=3.7147646000084933>
109.8954 	DATA 	Keypress: x
109.9079 	EXP 	Device response: <KeyPress from None: t=109.89393279999786, value=x, duration=None>
109.9086 	EXP 	New trial (rep=11, index=1): <Trial 45 (1 in rep 11) data={'pos': 150, 'corr_resp': 'v', 'thisN': 45, 'thisTrialN': 1, 'thisRepN': 11}>
109.9235 	EXP 	fixation: autoDraw = False
109.9235 	EXP 	line1: autoDraw = False
109.9235 	EXP 	line2: autoDraw = False
109.9235 	EXP 	line3: autoDraw = False
109.9235 	EXP 	line4: autoDraw = False
109.9235 	EXP 	probe: autoDraw = False
110.0742 	EXP 	Device response: <KeyPress from None: t=109.89393279999786, value=x, duration=0.17238849999557715>
110.9200 	EXP 	fixation: autoDraw = True
110.9200 	EXP 	line1: autoDraw = True
110.9200 	EXP 	line2: autoDraw = True
110.9200 	EXP 	line3: autoDraw = True
110.9200 	EXP 	line4: autoDraw = True
111.9197 	INFO 	Keyboard events cleared
111.9195 	EXP 	probe: autoDraw = True
111.9375 	EXP 	fixation: autoDraw = False
112.2541 	EXP 	Device response: <KeyPress from None: t=112.23949149998953, value=c, duration=None>
112.2546 	EXP 	New trial (rep=11, index=2): <Trial 46 (2 in rep 11) data={'pos': 50, 'corr_resp': 'c', 'thisN': 46, 'thisTrialN': 2, 'thisRepN': 11}>
112.2559 	DATA 	Keypress: c
112.2709 	EXP 	fixation: autoDraw = False
112.2709 	EXP 	line1: autoDraw = False
112.2709 	EXP 	line2: autoDraw = False
112.2709 	EXP 	line3: autoDraw = False
112.2709 	EXP 	line4: autoDraw = False
112.2709 	EXP 	probe: autoDraw = False
112.3538 	EXP 	Device response: <KeyPress from None: t=112.23949149998953, value=c, duration=0.10174700000789016>
113.2535 	EXP 	fixation: autoDraw = True
113.2535 	EXP 	line1: autoDraw = True
113.2535 	EXP 	line2: autoDraw = True
113.2535 	EXP 	line3: autoDraw = True
113.2535 	EXP 	line4: autoDraw = True
114.2565 	INFO 	Keyboard events cleared
114.2562 	EXP 	fixation: autoDraw = False
114.2562 	EXP 	probe: autoDraw = True
114.4746 	EXP 	Device response: <KeyPress from None: t=114.46764679999615, value=c, duration=None>
114.4754 	EXP 	New trial (rep=11, index=3): <Trial 47 (3 in rep 11) data={'pos': -150, 'corr_resp': 'z', 'thisN': 47, 'thisTrialN': 3, 'thisRepN': 11}>
114.4778 	DATA 	Keypress: c
114.4906 	EXP 	fixation: autoDraw = False
114.4906 	EXP 	line1: autoDraw = False
114.4906 	EXP 	line2: autoDraw = False
114.4906 	EXP 	line3: autoDraw = False
114.4906 	EXP 	line4: autoDraw = False
114.4906 	EXP 	probe: autoDraw = False
114.6573 	EXP 	Device response: <KeyPress from None: t=114.46764679999615, value=c, duration=0.18252069999289233>
115.4901 	EXP 	fixation: autoDraw = True
115.4901 	EXP 	line1: autoDraw = True
115.4901 	EXP 	line2: autoDraw = True
115.4901 	EXP 	line3: autoDraw = True
115.4901 	EXP 	line4: autoDraw = True
116.4416 	EXP 	Device response: <KeyPress from None: t=116.42912169999909, value=z, duration=None>
116.4451 	DATA 	Keypress: z
116.4908 	INFO 	Keyboard events cleared
116.4905 	EXP 	fixation: autoDraw = False
116.4905 	EXP 	probe: autoDraw = True
116.6074 	EXP 	Device response: <KeyPress from None: t=105.43270689999918, value=z, duration=11.16364440000325>
116.8216 	EXP 	Device response: <KeyPress from None: t=116.8123551000026, value=z, duration=None>
116.8221 	EXP 	New trial (rep=12, index=0): <Trial 48 (0 in rep 12) data={'pos': -50, 'corr_resp': 'x', 'thisN': 48, 'thisTrialN': 0, 'thisRepN': 12}>
116.8235 	DATA 	Keypress: z
116.8367 	EXP 	fixation: autoDraw = False
116.8367 	EXP 	line1: autoDraw = False
116.8367 	EXP 	line2: autoDraw = False
116.8367 	EXP 	line3: autoDraw = False
116.8367 	EXP 	line4: autoDraw = False
116.8367 	EXP 	probe: autoDraw = False
116.9581 	EXP 	Device response: <KeyPress from None: t=116.42912169999909, value=z, duration=0.5280264999892097>
117.8231 	EXP 	fixation: autoDraw = True
117.8231 	EXP 	line1: autoDraw = True
117.8231 	EXP 	line2: autoDraw = True
117.8231 	EXP 	line3: autoDraw = True
117.8231 	EXP 	line4: autoDraw = True
118.8218 	INFO 	Keyboard events cleared
118.8215 	EXP 	probe: autoDraw = True
118.8406 	EXP 	fixation: autoDraw = False
119.1458 	DATA 	Keypress: x
119.1572 	EXP 	Device response: <KeyPress from None: t=119.14334749999398, value=x, duration=None>
119.1578 	EXP 	New trial (rep=12, index=1): <Trial 49 (1 in rep 12) data={'pos': 150, 'corr_resp': 'v', 'thisN': 49, 'thisTrialN': 1, 'thisRepN': 12}>
119.1734 	EXP 	fixation: autoDraw = False
119.1734 	EXP 	line1: autoDraw = False
119.1734 	EXP 	line2: autoDraw = False
119.1734 	EXP 	line3: autoDraw = False
119.1734 	EXP 	line4: autoDraw = False
119.1734 	EXP 	probe: autoDraw = False
119.3393 	EXP 	Device response: <KeyPress from None: t=119.14334749999398, value=x, duration=0.19110440000076778>
120.1738 	EXP 	fixation: autoDraw = True
120.1738 	EXP 	line1: autoDraw = True
120.1738 	EXP 	line2: autoDraw = True
120.1738 	EXP 	line3: autoDraw = True
120.1738 	EXP 	line4: autoDraw = True
121.1707 	INFO 	Keyboard events cleared
121.1705 	EXP 	probe: autoDraw = True
121.1865 	EXP 	fixation: autoDraw = False
121.4695 	EXP 	Device response: <KeyPress from None: t=121.46647569999914, value=v, duration=None>
121.4699 	EXP 	New trial (rep=12, index=2): <Trial 50 (2 in rep 12) data={'pos': 50, 'corr_resp': 'c', 'thisN': 50, 'thisTrialN': 2, 'thisRepN': 12}>
121.4711 	DATA 	Keypress: v
121.4846 	EXP 	fixation: autoDraw = False
121.4846 	EXP 	line1: autoDraw = False
121.4846 	EXP 	line2: autoDraw = False
121.4846 	EXP 	line3: autoDraw = False
121.4846 	EXP 	line4: autoDraw = False
121.4846 	EXP 	probe: autoDraw = False
121.6035 	EXP 	Device response: <KeyPress from None: t=121.46647569999914, value=v, duration=0.1260511000000406>
122.4701 	EXP 	fixation: autoDraw = True
122.4701 	EXP 	line1: autoDraw = True
122.4701 	EXP 	line2: autoDraw = True
122.4701 	EXP 	line3: autoDraw = True
122.4701 	EXP 	line4: autoDraw = True
123.4701 	INFO 	Keyboard events cleared
123.4699 	EXP 	fixation: autoDraw = False
123.4699 	EXP 	probe: autoDraw = True
123.8056 	DATA 	Keypress: c
123.8185 	EXP 	Device response: <KeyPress from None: t=123.80461869999999, value=c, duration=None>
123.8189 	EXP 	New trial (rep=12, index=3): <Trial 51 (3 in rep 12) data={'pos': -150, 'corr_resp': 'z', 'thisN': 51, 'thisTrialN': 3, 'thisRepN': 12}>
123.8348 	EXP 	fixation: autoDraw = False
123.8348 	EXP 	line1: autoDraw = False
123.8348 	EXP 	line2: autoDraw = False
123.8348 	EXP 	line3: autoDraw = False
123.8348 	EXP 	line4: autoDraw = False
123.8348 	EXP 	probe: autoDraw = False
123.9531 	EXP 	Device response: <KeyPress from None: t=123.80461869999999, value=c, duration=0.1426906999986386>
124.8195 	EXP 	fixation: autoDraw = True
124.8195 	EXP 	line1: autoDraw = True
124.8195 	EXP 	line2: autoDraw = True
124.8195 	EXP 	line3: autoDraw = True
124.8195 	EXP 	line4: autoDraw = True
125.8200 	INFO 	Keyboard events cleared
125.8198 	EXP 	fixation: autoDraw = False
125.8198 	EXP 	probe: autoDraw = True
126.0372 	EXP 	Device response: <KeyPress from None: t=126.03518579999218, value=z, duration=None>
126.0376 	EXP 	New trial (rep=13, index=0): <Trial 52 (0 in rep 13) data={'pos': -50, 'corr_resp': 'x', 'thisN': 52, 'thisTrialN': 0, 'thisRepN': 13}>
126.0389 	DATA 	Keypress: z
126.0534 	EXP 	fixation: autoDraw = False
126.0534 	EXP 	line1: autoDraw = False
126.0534 	EXP 	line2: autoDraw = False
126.0534 	EXP 	line3: autoDraw = False
126.0534 	EXP 	line4: autoDraw = False
126.0534 	EXP 	probe: autoDraw = False
126.2365 	EXP 	Device response: <KeyPress from None: t=116.8123551000026, value=z, duration=9.414342199990642>
127.0375 	EXP 	fixation: autoDraw = True
127.0375 	EXP 	line1: autoDraw = True
127.0375 	EXP 	line2: autoDraw = True
127.0375 	EXP 	line3: autoDraw = True
127.0375 	EXP 	line4: autoDraw = True
128.0364 	EXP 	fixation: autoDraw = False
128.0534 	INFO 	Keyboard events cleared
128.0532 	EXP 	probe: autoDraw = True
128.4225 	DATA 	Keypress: x
128.4370 	EXP 	Device response: <KeyPress from None: t=128.42184629999974, value=x, duration=None>
128.4374 	EXP 	New trial (rep=13, index=1): <Trial 53 (1 in rep 13) data={'pos': 150, 'corr_resp': 'v', 'thisN': 53, 'thisTrialN': 1, 'thisRepN': 13}>
128.4529 	EXP 	fixation: autoDraw = False
128.4529 	EXP 	line1: autoDraw = False
128.4529 	EXP 	line2: autoDraw = False
128.4529 	EXP 	line3: autoDraw = False
128.4529 	EXP 	line4: autoDraw = False
128.4529 	EXP 	probe: autoDraw = False
128.6371 	EXP 	Device response: <KeyPress from None: t=128.42184629999974, value=x, duration=0.19917009999335278>
129.4537 	EXP 	fixation: autoDraw = True
129.4537 	EXP 	line1: autoDraw = True
129.4537 	EXP 	line2: autoDraw = True
129.4537 	EXP 	line3: autoDraw = True
129.4537 	EXP 	line4: autoDraw = True
130.4371 	INFO 	Keyboard events cleared
130.4369 	EXP 	probe: autoDraw = True
130.4538 	EXP 	fixation: autoDraw = False
131.5034 	EXP 	Device response: <KeyPress from None: t=131.49784369999543, value=v, duration=None>
131.5038 	EXP 	New trial (rep=13, index=2): <Trial 54 (2 in rep 13) data={'pos': 50, 'corr_resp': 'c', 'thisN': 54, 'thisTrialN': 2, 'thisRepN': 13}>
131.5050 	DATA 	Keypress: v
131.5199 	EXP 	fixation: autoDraw = False
131.5199 	EXP 	line1: autoDraw = False
131.5199 	EXP 	line2: autoDraw = False
131.5199 	EXP 	line3: autoDraw = False
131.5199 	EXP 	line4: autoDraw = False
131.5199 	EXP 	probe: autoDraw = False
131.6199 	EXP 	Device response: <KeyPress from None: t=131.49784369999543, value=v, duration=0.10596879999502562>
132.5032 	EXP 	fixation: autoDraw = True
132.5032 	EXP 	line1: autoDraw = True
132.5032 	EXP 	line2: autoDraw = True
132.5032 	EXP 	line3: autoDraw = True
132.5032 	EXP 	line4: autoDraw = True
133.5034 	INFO 	Keyboard events cleared
133.5032 	EXP 	fixation: autoDraw = False
133.5032 	EXP 	probe: autoDraw = True
133.7714 	EXP 	Device response: <KeyPress from None: t=133.7691907999979, value=c, duration=None>
133.7719 	EXP 	New trial (rep=13, index=3): <Trial 55 (3 in rep 13) data={'pos': -150, 'corr_resp': 'z', 'thisN': 55, 'thisTrialN': 3, 'thisRepN': 13}>
133.7731 	DATA 	Keypress: c
133.7868 	EXP 	fixation: autoDraw = False
133.7868 	EXP 	line1: autoDraw = False
133.7868 	EXP 	line2: autoDraw = False
133.7868 	EXP 	line3: autoDraw = False
133.7868 	EXP 	line4: autoDraw = False
133.7868 	EXP 	probe: autoDraw = False
133.9536 	EXP 	Device response: <KeyPress from None: t=133.7691907999979, value=c, duration=0.17938849999336526>
134.7704 	EXP 	fixation: autoDraw = True
134.7704 	EXP 	line1: autoDraw = True
134.7704 	EXP 	line2: autoDraw = True
134.7704 	EXP 	line3: autoDraw = True
134.7704 	EXP 	line4: autoDraw = True
135.7724 	INFO 	Keyboard events cleared
135.7720 	EXP 	fixation: autoDraw = False
135.7720 	EXP 	probe: autoDraw = True
136.8882 	EXP 	Device response: <KeyPress from None: t=136.88459989998955, value=z, duration=None>
136.8886 	EXP 	New trial (rep=14, index=0): <Trial 56 (0 in rep 14) data={'pos': -50, 'corr_resp': 'x', 'thisN': 56, 'thisTrialN': 0, 'thisRepN': 14}>
136.8900 	DATA 	Keypress: z
136.9033 	EXP 	fixation: autoDraw = False
136.9033 	EXP 	line1: autoDraw = False
136.9033 	EXP 	line2: autoDraw = False
136.9033 	EXP 	line3: autoDraw = False
136.9033 	EXP 	line4: autoDraw = False
136.9033 	EXP 	probe: autoDraw = False
137.1218 	EXP 	Device response: <KeyPress from None: t=126.03518579999218, value=z, duration=11.083787600000505>
137.9035 	EXP 	fixation: autoDraw = True
137.9035 	EXP 	line1: autoDraw = True
137.9035 	EXP 	line2: autoDraw = True
137.9035 	EXP 	line3: autoDraw = True
137.9035 	EXP 	line4: autoDraw = True
138.9028 	INFO 	Keyboard events cleared
138.9026 	EXP 	fixation: autoDraw = False
138.9026 	EXP 	probe: autoDraw = True
139.2050 	EXP 	Device response: <KeyPress from None: t=139.19392459999654, value=x, duration=None>
139.2055 	EXP 	New trial (rep=14, index=1): <Trial 57 (1 in rep 14) data={'pos': 150, 'corr_resp': 'v', 'thisN': 57, 'thisTrialN': 1, 'thisRepN': 14}>
139.2072 	DATA 	Keypress: x
139.2198 	EXP 	fixation: autoDraw = False
139.2198 	EXP 	line1: autoDraw = False
139.2198 	EXP 	line2: autoDraw = False
139.2198 	EXP 	line3: autoDraw = False
139.2198 	EXP 	line4: autoDraw = False
139.2198 	EXP 	probe: autoDraw = False
139.3365 	EXP 	Device response: <KeyPress from None: t=139.19392459999654, value=x, duration=0.12708140000177082>
140.2204 	EXP 	fixation: autoDraw = True
140.2204 	EXP 	line1: autoDraw = True
140.2204 	EXP 	line2: autoDraw = True
140.2204 	EXP 	line3: autoDraw = True
140.2204 	EXP 	line4: autoDraw = True
140.6708 	DATA 	Mouse: Left button down, pos=(448,692)
140.8882 	DATA 	Mouse:  Left button up, pos=(448,692)
141.2198 	INFO 	Keyboard events cleared
141.2196 	EXP 	fixation: autoDraw = False
141.2196 	EXP 	probe: autoDraw = True
141.4868 	EXP 	Device response: <KeyPress from None: t=141.47306769998977, value=v, duration=None>
141.4872 	EXP 	New trial (rep=14, index=2): <Trial 58 (2 in rep 14) data={'pos': 50, 'corr_resp': 'c', 'thisN': 58, 'thisTrialN': 2, 'thisRepN': 14}>
141.4884 	DATA 	Keypress: v
141.5042 	EXP 	fixation: autoDraw = False
141.5042 	EXP 	line1: autoDraw = False
141.5042 	EXP 	line2: autoDraw = False
141.5042 	EXP 	line3: autoDraw = False
141.5042 	EXP 	line4: autoDraw = False
141.5042 	EXP 	probe: autoDraw = False
141.6374 	EXP 	Device response: <KeyPress from None: t=141.47306769998977, value=v, duration=0.15298230000189506>
142.4863 	EXP 	fixation: autoDraw = True
142.4863 	EXP 	line1: autoDraw = True
142.4863 	EXP 	line2: autoDraw = True
142.4863 	EXP 	line3: autoDraw = True
142.4863 	EXP 	line4: autoDraw = True
143.4872 	INFO 	Keyboard events cleared
143.4870 	EXP 	fixation: autoDraw = False
143.4870 	EXP 	probe: autoDraw = True
143.8037 	EXP 	Device response: <KeyPress from None: t=143.79858719999902, value=c, duration=None>
143.8041 	EXP 	New trial (rep=14, index=3): <Trial 59 (3 in rep 14) data={'pos': -150, 'corr_resp': 'z', 'thisN': 59, 'thisTrialN': 3, 'thisRepN': 14}>
143.8054 	DATA 	Keypress: c
143.8200 	EXP 	fixation: autoDraw = False
143.8200 	EXP 	line1: autoDraw = False
143.8200 	EXP 	line2: autoDraw = False
143.8200 	EXP 	line3: autoDraw = False
143.8200 	EXP 	line4: autoDraw = False
143.8200 	EXP 	probe: autoDraw = False
143.9217 	EXP 	Device response: <KeyPress from None: t=143.79858719999902, value=c, duration=0.12233790000027511>
144.8183 	EXP 	fixation: autoDraw = True
144.8183 	EXP 	line1: autoDraw = True
144.8183 	EXP 	line2: autoDraw = True
144.8183 	EXP 	line3: autoDraw = True
144.8183 	EXP 	line4: autoDraw = True
145.8201 	INFO 	Keyboard events cleared
145.8199 	EXP 	fixation: autoDraw = False
145.8199 	EXP 	probe: autoDraw = True
146.1702 	EXP 	Device response: <KeyPress from None: t=146.16507089999504, value=z, duration=None>
146.1706 	EXP 	New trial (rep=15, index=0): <Trial 60 (0 in rep 15) data={'pos': -50, 'corr_resp': 'x', 'thisN': 60, 'thisTrialN': 0, 'thisRepN': 15}>
146.1718 	DATA 	Keypress: z
146.1862 	EXP 	fixation: autoDraw = False
146.1862 	EXP 	line1: autoDraw = False
146.1862 	EXP 	line2: autoDraw = False
146.1862 	EXP 	line3: autoDraw = False
146.1862 	EXP 	line4: autoDraw = False
146.1862 	EXP 	probe: autoDraw = False
146.3542 	EXP 	Device response: <KeyPress from None: t=136.88459989998955, value=z, duration=9.467081300012069>
147.1859 	EXP 	fixation: autoDraw = True
147.1859 	EXP 	line1: autoDraw = True
147.1859 	EXP 	line2: autoDraw = True
147.1859 	EXP 	line3: autoDraw = True
147.1859 	EXP 	line4: autoDraw = True
148.1696 	INFO 	Keyboard events cleared
148.1694 	EXP 	probe: autoDraw = True
148.1865 	EXP 	fixation: autoDraw = False
148.3705 	EXP 	Device response: <KeyPress from None: t=148.36484039999777, value=x, duration=None>
148.3709 	EXP 	New trial (rep=15, index=1): <Trial 61 (1 in rep 15) data={'pos': 150, 'corr_resp': 'v', 'thisN': 61, 'thisTrialN': 1, 'thisRepN': 15}>
148.3722 	DATA 	Keypress: x
148.3862 	EXP 	fixation: autoDraw = False
148.3862 	EXP 	line1: autoDraw = False
148.3862 	EXP 	line2: autoDraw = False
148.3862 	EXP 	line3: autoDraw = False
148.3862 	EXP 	line4: autoDraw = False
148.3862 	EXP 	probe: autoDraw = False
148.5544 	EXP 	Device response: <KeyPress from None: t=148.36484039999777, value=x, duration=0.18394919999991544>
149.3702 	EXP 	fixation: autoDraw = True
149.3702 	EXP 	line1: autoDraw = True
149.3702 	EXP 	line2: autoDraw = True
149.3702 	EXP 	line3: autoDraw = True
149.3702 	EXP 	line4: autoDraw = True
150.3696 	EXP 	fixation: autoDraw = False
150.3865 	INFO 	Keyboard events cleared
150.3863 	EXP 	probe: autoDraw = True
150.7693 	EXP 	Device response: <KeyPress from None: t=150.76547980000032, value=v, duration=None>
150.7697 	EXP 	New trial (rep=15, index=2): <Trial 62 (2 in rep 15) data={'pos': 50, 'corr_resp': 'c', 'thisN': 62, 'thisTrialN': 2, 'thisRepN': 15}>
150.7708 	DATA 	Keypress: v
150.7862 	EXP 	fixation: autoDraw = False
150.7862 	EXP 	line1: autoDraw = False
150.7862 	EXP 	line2: autoDraw = False
150.7862 	EXP 	line3: autoDraw = False
150.7862 	EXP 	line4: autoDraw = False
150.7862 	EXP 	probe: autoDraw = False
150.9704 	EXP 	Device response: <KeyPress from None: t=150.76547980000032, value=v, duration=0.20119759999215603>
151.7701 	EXP 	fixation: autoDraw = True
151.7701 	EXP 	line1: autoDraw = True
151.7701 	EXP 	line2: autoDraw = True
151.7701 	EXP 	line3: autoDraw = True
151.7701 	EXP 	line4: autoDraw = True
152.7701 	INFO 	Keyboard events cleared
152.7699 	EXP 	fixation: autoDraw = False
152.7699 	EXP 	probe: autoDraw = True
152.9871 	EXP 	Device response: <KeyPress from None: t=152.98048990000098, value=c, duration=None>
152.9875 	EXP 	New trial (rep=15, index=3): <Trial 63 (3 in rep 15) data={'pos': -150, 'corr_resp': 'z', 'thisN': 63, 'thisTrialN': 3, 'thisRepN': 15}>
152.9888 	DATA 	Keypress: c
153.0034 	EXP 	fixation: autoDraw = False
153.0034 	EXP 	line1: autoDraw = False
153.0034 	EXP 	line2: autoDraw = False
153.0034 	EXP 	line3: autoDraw = False
153.0034 	EXP 	line4: autoDraw = False
153.0034 	EXP 	probe: autoDraw = False
153.1872 	EXP 	Device response: <KeyPress from None: t=152.98048990000098, value=c, duration=0.19027899998764042>
153.9895 	EXP 	fixation: autoDraw = True
153.9895 	EXP 	line1: autoDraw = True
153.9895 	EXP 	line2: autoDraw = True
153.9895 	EXP 	line3: autoDraw = True
153.9895 	EXP 	line4: autoDraw = True
154.9876 	INFO 	Keyboard events cleared
154.9874 	EXP 	probe: autoDraw = True
155.0034 	EXP 	fixation: autoDraw = False
155.3524 	EXP 	Device response: <KeyPress from None: t=155.33834339999885, value=z, duration=None>
155.3529 	EXP 	New trial (rep=16, index=0): <Trial 64 (0 in rep 16) data={'pos': -50, 'corr_resp': 'x', 'thisN': 64, 'thisTrialN': 0, 'thisRepN': 16}>
155.3544 	DATA 	Keypress: z
155.3682 	EXP 	fixation: autoDraw = False
155.3682 	EXP 	line1: autoDraw = False
155.3682 	EXP 	line2: autoDraw = False
155.3682 	EXP 	line3: autoDraw = False
155.3682 	EXP 	line4: autoDraw = False
155.3682 	EXP 	probe: autoDraw = False
155.5588 	EXP 	Device response: <KeyPress from None: t=146.16507089999504, value=z, duration=9.377370500005782>
156.3535 	EXP 	fixation: autoDraw = True
156.3535 	EXP 	line1: autoDraw = True
156.3535 	EXP 	line2: autoDraw = True
156.3535 	EXP 	line3: autoDraw = True
156.3535 	EXP 	line4: autoDraw = True
157.3566 	INFO 	Keyboard events cleared
157.3565 	EXP 	fixation: autoDraw = False
157.3565 	EXP 	probe: autoDraw = True
157.7219 	EXP 	Device response: <KeyPress from None: t=157.71905709999555, value=x, duration=None>
157.7223 	EXP 	New trial (rep=16, index=1): <Trial 65 (1 in rep 16) data={'pos': 150, 'corr_resp': 'v', 'thisN': 65, 'thisTrialN': 1, 'thisRepN': 16}>
157.7236 	DATA 	Keypress: x
157.7372 	EXP 	fixation: autoDraw = False
157.7372 	EXP 	line1: autoDraw = False
157.7372 	EXP 	line2: autoDraw = False
157.7372 	EXP 	line3: autoDraw = False
157.7372 	EXP 	line4: autoDraw = False
157.7372 	EXP 	probe: autoDraw = False
157.8768 	EXP 	Device response: <KeyPress from None: t=157.71905709999555, value=x, duration=0.15465719999338035>
158.7368 	EXP 	fixation: autoDraw = True
158.7368 	EXP 	line1: autoDraw = True
158.7368 	EXP 	line2: autoDraw = True
158.7368 	EXP 	line3: autoDraw = True
158.7368 	EXP 	line4: autoDraw = True
159.7372 	INFO 	Keyboard events cleared
159.7370 	EXP 	fixation: autoDraw = False
159.7370 	EXP 	probe: autoDraw = True
160.1200 	EXP 	Device response: <KeyPress from None: t=160.113735299994, value=v, duration=None>
160.1204 	EXP 	New trial (rep=16, index=2): <Trial 66 (2 in rep 16) data={'pos': 50, 'corr_resp': 'c', 'thisN': 66, 'thisTrialN': 2, 'thisRepN': 16}>
160.1217 	DATA 	Keypress: v
160.1371 	EXP 	fixation: autoDraw = False
160.1371 	EXP 	line1: autoDraw = False
160.1371 	EXP 	line2: autoDraw = False
160.1371 	EXP 	line3: autoDraw = False
160.1371 	EXP 	line4: autoDraw = False
160.1371 	EXP 	probe: autoDraw = False
160.2872 	EXP 	Device response: <KeyPress from None: t=160.113735299994, value=v, duration=0.1584071999968728>
161.1195 	EXP 	fixation: autoDraw = True
161.1195 	EXP 	line1: autoDraw = True
161.1195 	EXP 	line2: autoDraw = True
161.1195 	EXP 	line3: autoDraw = True
161.1195 	EXP 	line4: autoDraw = True
162.1197 	INFO 	Keyboard events cleared
162.1196 	EXP 	fixation: autoDraw = False
162.1196 	EXP 	probe: autoDraw = True
162.4688 	EXP 	Device response: <KeyPress from None: t=162.46784529999422, value=c, duration=None>
162.4692 	EXP 	New trial (rep=16, index=3): <Trial 67 (3 in rep 16) data={'pos': -150, 'corr_resp': 'z', 'thisN': 67, 'thisTrialN': 3, 'thisRepN': 16}>
162.4703 	DATA 	Keypress: c
162.4854 	EXP 	fixation: autoDraw = False
162.4854 	EXP 	line1: autoDraw = False
162.4854 	EXP 	line2: autoDraw = False
162.4854 	EXP 	line3: autoDraw = False
162.4854 	EXP 	line4: autoDraw = False
162.4854 	EXP 	probe: autoDraw = False
162.6217 	EXP 	Device response: <KeyPress from None: t=162.46784529999422, value=c, duration=0.14060300000710413>
163.4742 	EXP 	fixation: autoDraw = True
163.4742 	EXP 	line1: autoDraw = True
163.4742 	EXP 	line2: autoDraw = True
163.4742 	EXP 	line3: autoDraw = True
163.4742 	EXP 	line4: autoDraw = True
164.4736 	INFO 	Keyboard events cleared
164.4733 	EXP 	probe: autoDraw = True
164.4898 	EXP 	fixation: autoDraw = False
164.8051 	EXP 	Device response: <KeyPress from None: t=164.79702069998893, value=z, duration=None>
164.8059 	EXP 	New trial (rep=17, index=0): <Trial 68 (0 in rep 17) data={'pos': -50, 'corr_resp': 'x', 'thisN': 68, 'thisTrialN': 0, 'thisRepN': 17}>
164.8090 	DATA 	Keypress: z
164.8214 	EXP 	fixation: autoDraw = False
164.8214 	EXP 	line1: autoDraw = False
164.8214 	EXP 	line2: autoDraw = False
164.8214 	EXP 	line3: autoDraw = False
164.8214 	EXP 	line4: autoDraw = False
164.8214 	EXP 	probe: autoDraw = False
165.1575 	EXP 	Device response: <KeyPress from None: t=155.33834339999885, value=z, duration=9.802338399997097>
165.8191 	EXP 	fixation: autoDraw = True
165.8191 	EXP 	line1: autoDraw = True
165.8191 	EXP 	line2: autoDraw = True
165.8191 	EXP 	line3: autoDraw = True
165.8191 	EXP 	line4: autoDraw = True
166.8203 	INFO 	Keyboard events cleared
166.8201 	EXP 	fixation: autoDraw = False
166.8201 	EXP 	probe: autoDraw = True
167.1535 	EXP 	Device response: <KeyPress from None: t=167.13926699999138, value=x, duration=None>
167.1539 	EXP 	New trial (rep=17, index=1): <Trial 69 (1 in rep 17) data={'pos': 150, 'corr_resp': 'v', 'thisN': 69, 'thisTrialN': 1, 'thisRepN': 17}>
167.1552 	DATA 	Keypress: x
167.1700 	EXP 	fixation: autoDraw = False
167.1700 	EXP 	line1: autoDraw = False
167.1700 	EXP 	line2: autoDraw = False
167.1700 	EXP 	line3: autoDraw = False
167.1700 	EXP 	line4: autoDraw = False
167.1700 	EXP 	probe: autoDraw = False
167.3198 	EXP 	Device response: <KeyPress from None: t=167.13926699999138, value=x, duration=0.1752000999986194>
168.1533 	EXP 	fixation: autoDraw = True
168.1533 	EXP 	line1: autoDraw = True
168.1533 	EXP 	line2: autoDraw = True
168.1533 	EXP 	line3: autoDraw = True
168.1533 	EXP 	line4: autoDraw = True
169.1558 	INFO 	Keyboard events cleared
169.1555 	EXP 	fixation: autoDraw = False
169.1555 	EXP 	probe: autoDraw = True
169.5036 	EXP 	Device response: <KeyPress from None: t=169.49792519999028, value=v, duration=None>
169.5040 	EXP 	New trial (rep=17, index=2): <Trial 70 (2 in rep 17) data={'pos': 50, 'corr_resp': 'c', 'thisN': 70, 'thisTrialN': 2, 'thisRepN': 17}>
169.5053 	DATA 	Keypress: v
169.5198 	EXP 	fixation: autoDraw = False
169.5198 	EXP 	line1: autoDraw = False
169.5198 	EXP 	line2: autoDraw = False
169.5198 	EXP 	line3: autoDraw = False
169.5198 	EXP 	line4: autoDraw = False
169.5198 	EXP 	probe: autoDraw = False
169.6375 	EXP 	Device response: <KeyPress from None: t=169.49792519999028, value=v, duration=0.13730800000485033>
170.5061 	EXP 	fixation: autoDraw = True
170.5061 	EXP 	line1: autoDraw = True
170.5061 	EXP 	line2: autoDraw = True
170.5061 	EXP 	line3: autoDraw = True
170.5061 	EXP 	line4: autoDraw = True
171.5063 	INFO 	Keyboard events cleared
171.5060 	EXP 	fixation: autoDraw = False
171.5060 	EXP 	probe: autoDraw = True
172.3191 	EXP 	Device response: <KeyPress from None: t=172.30680510000093, value=c, duration=None>
172.3194 	EXP 	New trial (rep=17, index=3): <Trial 71 (3 in rep 17) data={'pos': -150, 'corr_resp': 'z', 'thisN': 71, 'thisTrialN': 3, 'thisRepN': 17}>
172.3206 	DATA 	Keypress: c
172.3349 	EXP 	fixation: autoDraw = False
172.3349 	EXP 	line1: autoDraw = False
172.3349 	EXP 	line2: autoDraw = False
172.3349 	EXP 	line3: autoDraw = False
172.3349 	EXP 	line4: autoDraw = False
172.3349 	EXP 	probe: autoDraw = False
172.4521 	EXP 	Device response: <KeyPress from None: t=172.30680510000093, value=c, duration=0.1345887999923434>
173.3245 	EXP 	fixation: autoDraw = True
173.3245 	EXP 	line1: autoDraw = True
173.3245 	EXP 	line2: autoDraw = True
173.3245 	EXP 	line3: autoDraw = True
173.3245 	EXP 	line4: autoDraw = True
174.3234 	INFO 	Keyboard events cleared
174.3231 	EXP 	fixation: autoDraw = False
174.3231 	EXP 	probe: autoDraw = True
175.4241 	EXP 	Device response: <KeyPress from None: t=175.42276999999012, value=z, duration=None>
175.4248 	EXP 	New trial (rep=18, index=0): <Trial 72 (0 in rep 18) data={'pos': -50, 'corr_resp': 'x', 'thisN': 72, 'thisTrialN': 0, 'thisRepN': 18}>
175.4291 	DATA 	Keypress: z
175.4393 	EXP 	fixation: autoDraw = False
175.4393 	EXP 	line1: autoDraw = False
175.4393 	EXP 	line2: autoDraw = False
175.4393 	EXP 	line3: autoDraw = False
175.4393 	EXP 	line4: autoDraw = False
175.4393 	EXP 	probe: autoDraw = False
175.5584 	EXP 	Device response: <KeyPress from None: t=164.79702069998893, value=z, duration=10.759562500010361>
176.4395 	EXP 	fixation: autoDraw = True
176.4395 	EXP 	line1: autoDraw = True
176.4395 	EXP 	line2: autoDraw = True
176.4395 	EXP 	line3: autoDraw = True
176.4395 	EXP 	line4: autoDraw = True
177.4362 	INFO 	Keyboard events cleared
177.4360 	EXP 	probe: autoDraw = True
177.4533 	EXP 	fixation: autoDraw = False
178.1040 	EXP 	Device response: <KeyPress from None: t=178.09157829999458, value=x, duration=None>
178.1045 	EXP 	New trial (rep=18, index=1): <Trial 73 (1 in rep 18) data={'pos': 150, 'corr_resp': 'v', 'thisN': 73, 'thisTrialN': 1, 'thisRepN': 18}>
178.1059 	DATA 	Keypress: x
178.1210 	EXP 	fixation: autoDraw = False
178.1210 	EXP 	line1: autoDraw = False
178.1210 	EXP 	line2: autoDraw = False
178.1210 	EXP 	line3: autoDraw = False
178.1210 	EXP 	line4: autoDraw = False
178.1210 	EXP 	probe: autoDraw = False
178.1682 	EXP 	Device response: <KeyPress from None: t=178.09157829999458, value=x, duration=0.07307509999372996>
179.1195 	EXP 	fixation: autoDraw = True
179.1195 	EXP 	line1: autoDraw = True
179.1195 	EXP 	line2: autoDraw = True
179.1195 	EXP 	line3: autoDraw = True
179.1195 	EXP 	line4: autoDraw = True
180.1198 	INFO 	Keyboard events cleared
180.1196 	EXP 	fixation: autoDraw = False
180.1196 	EXP 	probe: autoDraw = True
180.8533 	EXP 	Device response: <KeyPress from None: t=180.83922819999862, value=v, duration=None>
180.8537 	EXP 	New trial (rep=18, index=2): <Trial 74 (2 in rep 18) data={'pos': 50, 'corr_resp': 'c', 'thisN': 74, 'thisTrialN': 2, 'thisRepN': 18}>
180.8549 	DATA 	Keypress: v
180.8699 	EXP 	fixation: autoDraw = False
180.8699 	EXP 	line1: autoDraw = False
180.8699 	EXP 	line2: autoDraw = False
180.8699 	EXP 	line3: autoDraw = False
180.8699 	EXP 	line4: autoDraw = False
180.8699 	EXP 	probe: autoDraw = False
180.9200 	EXP 	Device response: <KeyPress from None: t=180.83922819999862, value=v, duration=0.0752137999952538>
181.8538 	EXP 	fixation: autoDraw = True
181.8538 	EXP 	line1: autoDraw = True
181.8538 	EXP 	line2: autoDraw = True
181.8538 	EXP 	line3: autoDraw = True
181.8538 	EXP 	line4: autoDraw = True
182.8693 	INFO 	Keyboard events cleared
182.8691 	EXP 	fixation: autoDraw = False
182.8691 	EXP 	probe: autoDraw = True
183.4360 	EXP 	Device response: <KeyPress from None: t=183.428061899991, value=c, duration=None>
183.4364 	EXP 	New trial (rep=18, index=3): <Trial 75 (3 in rep 18) data={'pos': -150, 'corr_resp': 'z', 'thisN': 75, 'thisTrialN': 3, 'thisRepN': 18}>
183.4376 	DATA 	Keypress: c
183.4529 	EXP 	fixation: autoDraw = False
183.4529 	EXP 	line1: autoDraw = False
183.4529 	EXP 	line2: autoDraw = False
183.4529 	EXP 	line3: autoDraw = False
183.4529 	EXP 	line4: autoDraw = False
183.4529 	EXP 	probe: autoDraw = False
183.5202 	EXP 	Device response: <KeyPress from None: t=183.428061899991, value=c, duration=0.08806270000059158>
184.4366 	EXP 	fixation: autoDraw = True
184.4366 	EXP 	line1: autoDraw = True
184.4366 	EXP 	line2: autoDraw = True
184.4366 	EXP 	line3: autoDraw = True
184.4366 	EXP 	line4: autoDraw = True
185.4370 	INFO 	Keyboard events cleared
185.4368 	EXP 	fixation: autoDraw = False
185.4368 	EXP 	probe: autoDraw = True
186.0692 	EXP 	Device response: <KeyPress from None: t=186.06448190000083, value=z, duration=None>
186.0696 	EXP 	New trial (rep=19, index=0): <Trial 76 (0 in rep 19) data={'pos': -50, 'corr_resp': 'x', 'thisN': 76, 'thisTrialN': 0, 'thisRepN': 19}>
186.0709 	DATA 	Keypress: z
186.0856 	EXP 	fixation: autoDraw = False
186.0856 	EXP 	line1: autoDraw = False
186.0856 	EXP 	line2: autoDraw = False
186.0856 	EXP 	line3: autoDraw = False
186.0856 	EXP 	line4: autoDraw = False
186.0856 	EXP 	probe: autoDraw = False
186.1532 	EXP 	Device response: <KeyPress from None: t=175.42276999999012, value=z, duration=10.714987300001667>
187.0686 	EXP 	fixation: autoDraw = True
187.0686 	EXP 	line1: autoDraw = True
187.0686 	EXP 	line2: autoDraw = True
187.0686 	EXP 	line3: autoDraw = True
187.0686 	EXP 	line4: autoDraw = True
188.0692 	INFO 	Keyboard events cleared
188.0690 	EXP 	fixation: autoDraw = False
188.0690 	EXP 	probe: autoDraw = True
188.3718 	EXP 	Device response: <KeyPress from None: t=188.36936019999848, value=x, duration=None>
188.3723 	EXP 	New trial (rep=19, index=1): <Trial 77 (1 in rep 19) data={'pos': 150, 'corr_resp': 'v', 'thisN': 77, 'thisTrialN': 1, 'thisRepN': 19}>
188.3736 	DATA 	Keypress: x
188.3861 	EXP 	fixation: autoDraw = False
188.3861 	EXP 	line1: autoDraw = False
188.3861 	EXP 	line2: autoDraw = False
188.3861 	EXP 	line3: autoDraw = False
188.3861 	EXP 	line4: autoDraw = False
188.3861 	EXP 	probe: autoDraw = False
188.4876 	EXP 	Device response: <KeyPress from None: t=188.36936019999848, value=x, duration=0.11338609999802429>
189.3712 	EXP 	fixation: autoDraw = True
189.3712 	EXP 	line1: autoDraw = True
189.3712 	EXP 	line2: autoDraw = True
189.3712 	EXP 	line3: autoDraw = True
189.3712 	EXP 	line4: autoDraw = True
190.3702 	INFO 	Keyboard events cleared
190.3700 	EXP 	fixation: autoDraw = False
190.3700 	EXP 	probe: autoDraw = True
190.8698 	EXP 	Device response: <KeyPress from None: t=190.8645944000018, value=v, duration=None>
190.8702 	EXP 	New trial (rep=19, index=2): <Trial 78 (2 in rep 19) data={'pos': 50, 'corr_resp': 'c', 'thisN': 78, 'thisTrialN': 2, 'thisRepN': 19}>
190.8712 	DATA 	Keypress: v
190.8861 	EXP 	fixation: autoDraw = False
190.8861 	EXP 	line1: autoDraw = False
190.8861 	EXP 	line2: autoDraw = False
190.8861 	EXP 	line3: autoDraw = False
190.8861 	EXP 	line4: autoDraw = False
190.8861 	EXP 	probe: autoDraw = False
191.0196 	EXP 	Device response: <KeyPress from None: t=190.8645944000018, value=v, duration=0.14364059999934398>
191.8867 	EXP 	fixation: autoDraw = True
191.8867 	EXP 	line1: autoDraw = True
191.8867 	EXP 	line2: autoDraw = True
191.8867 	EXP 	line3: autoDraw = True
191.8867 	EXP 	line4: autoDraw = True
192.8701 	INFO 	Keyboard events cleared
192.8699 	EXP 	probe: autoDraw = True
192.8866 	EXP 	fixation: autoDraw = False
193.0532 	EXP 	Device response: <KeyPress from None: t=193.0413026999886, value=c, duration=None>
193.0536 	EXP 	New trial (rep=19, index=3): <Trial 79 (3 in rep 19) data={'pos': -150, 'corr_resp': 'z', 'thisN': 79, 'thisTrialN': 3, 'thisRepN': 19}>
193.0549 	DATA 	Keypress: c
193.0691 	EXP 	fixation: autoDraw = False
193.0691 	EXP 	line1: autoDraw = False
193.0691 	EXP 	line2: autoDraw = False
193.0691 	EXP 	line3: autoDraw = False
193.0691 	EXP 	line4: autoDraw = False
193.0691 	EXP 	probe: autoDraw = False
193.2030 	EXP 	Device response: <KeyPress from None: t=193.0413026999886, value=c, duration=0.1590250000008382>
194.0549 	EXP 	fixation: autoDraw = True
194.0549 	EXP 	line1: autoDraw = True
194.0549 	EXP 	line2: autoDraw = True
194.0549 	EXP 	line3: autoDraw = True
194.0549 	EXP 	line4: autoDraw = True
195.0530 	INFO 	Keyboard events cleared
195.0528 	EXP 	probe: autoDraw = True
195.0692 	EXP 	fixation: autoDraw = False
195.4546 	DATA 	Keypress: z
195.4693 	EXP 	Device response: <KeyPress from None: t=195.45404640000197, value=z, duration=None>
195.4697 	EXP 	New trial (rep=20, index=0): <Trial 80 (0 in rep 20) data={'pos': -50, 'corr_resp': 'x', 'thisN': 80, 'thisTrialN': 0, 'thisRepN': 20}>
195.4863 	EXP 	fixation: autoDraw = False
195.4863 	EXP 	line1: autoDraw = False
195.4863 	EXP 	line2: autoDraw = False
195.4863 	EXP 	line3: autoDraw = False
195.4863 	EXP 	line4: autoDraw = False
195.4863 	EXP 	probe: autoDraw = False
195.6034 	EXP 	Device response: <KeyPress from None: t=186.06448190000083, value=z, duration=9.52321079999092>
196.4841 	EXP 	fixation: autoDraw = True
196.4841 	EXP 	line1: autoDraw = True
196.4841 	EXP 	line2: autoDraw = True
196.4841 	EXP 	line3: autoDraw = True
196.4841 	EXP 	line4: autoDraw = True
197.4699 	INFO 	Keyboard events cleared
197.4697 	EXP 	probe: autoDraw = True
197.4862 	EXP 	fixation: autoDraw = False
197.6035 	EXP 	Device response: <KeyPress from None: t=197.5892601999949, value=x, duration=None>
197.6038 	EXP 	New trial (rep=20, index=1): <Trial 81 (1 in rep 20) data={'pos': 150, 'corr_resp': 'v', 'thisN': 81, 'thisTrialN': 1, 'thisRepN': 20}>
197.6051 	DATA 	Keypress: x
197.6190 	EXP 	fixation: autoDraw = False
197.6190 	EXP 	line1: autoDraw = False
197.6190 	EXP 	line2: autoDraw = False
197.6190 	EXP 	line3: autoDraw = False
197.6190 	EXP 	line4: autoDraw = False
197.6190 	EXP 	probe: autoDraw = False
197.7034 	EXP 	Device response: <KeyPress from None: t=197.5892601999949, value=x, duration=0.10936640000727493>
198.6027 	EXP 	fixation: autoDraw = True
198.6027 	EXP 	line1: autoDraw = True
198.6027 	EXP 	line2: autoDraw = True
198.6027 	EXP 	line3: autoDraw = True
198.6027 	EXP 	line4: autoDraw = True
199.6034 	INFO 	Keyboard events cleared
199.6031 	EXP 	fixation: autoDraw = False
199.6031 	EXP 	probe: autoDraw = True
200.0029 	EXP 	Device response: <KeyPress from None: t=199.99767909999355, value=v, duration=None>
200.0033 	EXP 	New trial (rep=20, index=2): <Trial 82 (2 in rep 20) data={'pos': 50, 'corr_resp': 'c', 'thisN': 82, 'thisTrialN': 2, 'thisRepN': 20}>
200.0045 	DATA 	Keypress: v
200.0193 	EXP 	fixation: autoDraw = False
200.0193 	EXP 	line1: autoDraw = False
200.0193 	EXP 	line2: autoDraw = False
200.0193 	EXP 	line3: autoDraw = False
200.0193 	EXP 	line4: autoDraw = False
200.0193 	EXP 	probe: autoDraw = False
200.1698 	EXP 	Device response: <KeyPress from None: t=199.99767909999355, value=v, duration=0.16424349999579135>
201.0028 	EXP 	fixation: autoDraw = True
201.0028 	EXP 	line1: autoDraw = True
201.0028 	EXP 	line2: autoDraw = True
201.0028 	EXP 	line3: autoDraw = True
201.0028 	EXP 	line4: autoDraw = True
202.0030 	EXP 	fixation: autoDraw = False
202.0195 	INFO 	Keyboard events cleared
202.0193 	EXP 	probe: autoDraw = True
202.2851 	EXP 	Device response: <KeyPress from None: t=202.2773395999975, value=c, duration=None>
202.2855 	EXP 	New trial (rep=20, index=3): <Trial 83 (3 in rep 20) data={'pos': -150, 'corr_resp': 'z', 'thisN': 83, 'thisTrialN': 3, 'thisRepN': 20}>
202.2867 	DATA 	Keypress: c
202.3009 	EXP 	fixation: autoDraw = False
202.3009 	EXP 	line1: autoDraw = False
202.3009 	EXP 	line2: autoDraw = False
202.3009 	EXP 	line3: autoDraw = False
202.3009 	EXP 	line4: autoDraw = False
202.3009 	EXP 	probe: autoDraw = False
202.4177 	EXP 	Device response: <KeyPress from None: t=202.2773395999975, value=c, duration=0.1239101999963168>
203.2859 	EXP 	fixation: autoDraw = True
203.2859 	EXP 	line1: autoDraw = True
203.2859 	EXP 	line2: autoDraw = True
203.2859 	EXP 	line3: autoDraw = True
203.2859 	EXP 	line4: autoDraw = True
204.2854 	INFO 	Keyboard events cleared
204.2852 	EXP 	fixation: autoDraw = False
204.2852 	EXP 	probe: autoDraw = True
204.6867 	EXP 	Device response: <KeyPress from None: t=204.68350040000223, value=z, duration=None>
204.6871 	EXP 	New trial (rep=21, index=0): <Trial 84 (0 in rep 21) data={'pos': -50, 'corr_resp': 'x', 'thisN': 84, 'thisTrialN': 0, 'thisRepN': 21}>
204.6883 	DATA 	Keypress: z
204.7027 	EXP 	fixation: autoDraw = False
204.7027 	EXP 	line1: autoDraw = False
204.7027 	EXP 	line2: autoDraw = False
204.7027 	EXP 	line3: autoDraw = False
204.7027 	EXP 	line4: autoDraw = False
204.7027 	EXP 	probe: autoDraw = False
204.7870 	EXP 	Device response: <KeyPress from None: t=195.45404640000197, value=z, duration=9.318708699996932>
205.6856 	EXP 	fixation: autoDraw = True
205.6856 	EXP 	line1: autoDraw = True
205.6856 	EXP 	line2: autoDraw = True
205.6856 	EXP 	line3: autoDraw = True
205.6856 	EXP 	line4: autoDraw = True
206.6855 	EXP 	fixation: autoDraw = False
206.7036 	INFO 	Keyboard events cleared
206.7034 	EXP 	probe: autoDraw = True
207.0033 	EXP 	Device response: <KeyPress from None: t=206.99449469998945, value=v, duration=None>
207.0037 	EXP 	New trial (rep=21, index=1): <Trial 85 (1 in rep 21) data={'pos': 150, 'corr_resp': 'v', 'thisN': 85, 'thisTrialN': 1, 'thisRepN': 21}>
207.0050 	DATA 	Keypress: v
207.0189 	EXP 	fixation: autoDraw = False
207.0189 	EXP 	line1: autoDraw = False
207.0189 	EXP 	line2: autoDraw = False
207.0189 	EXP 	line3: autoDraw = False
207.0189 	EXP 	line4: autoDraw = False
207.0189 	EXP 	probe: autoDraw = False
207.1200 	EXP 	Device response: <KeyPress from None: t=206.99449469998945, value=v, duration=0.1213860999996541>
208.0196 	EXP 	fixation: autoDraw = True
208.0196 	EXP 	line1: autoDraw = True
208.0196 	EXP 	line2: autoDraw = True
208.0196 	EXP 	line3: autoDraw = True
208.0196 	EXP 	line4: autoDraw = True
209.0027 	INFO 	Keyboard events cleared
209.0025 	EXP 	probe: autoDraw = True
209.0196 	EXP 	fixation: autoDraw = False
209.3049 	EXP 	Device response: <KeyPress from None: t=209.30449339999177, value=c, duration=None>
209.3053 	EXP 	New trial (rep=21, index=2): <Trial 86 (2 in rep 21) data={'pos': 50, 'corr_resp': 'c', 'thisN': 86, 'thisTrialN': 2, 'thisRepN': 21}>
209.3066 	DATA 	Keypress: c
209.3199 	EXP 	fixation: autoDraw = False
209.3199 	EXP 	line1: autoDraw = False
209.3199 	EXP 	line2: autoDraw = False
209.3199 	EXP 	line3: autoDraw = False
209.3199 	EXP 	line4: autoDraw = False
209.3199 	EXP 	probe: autoDraw = False
209.4529 	EXP 	Device response: <KeyPress from None: t=209.30449339999177, value=c, duration=0.1431027000071481>
210.3055 	EXP 	fixation: autoDraw = True
210.3055 	EXP 	line1: autoDraw = True
210.3055 	EXP 	line2: autoDraw = True
210.3055 	EXP 	line3: autoDraw = True
210.3055 	EXP 	line4: autoDraw = True
211.3194 	INFO 	Keyboard events cleared
211.3191 	EXP 	fixation: autoDraw = False
211.3191 	EXP 	probe: autoDraw = True
211.5198 	EXP 	Device response: <KeyPress from None: t=211.5100153999956, value=z, duration=None>
211.5203 	EXP 	New trial (rep=21, index=3): <Trial 87 (3 in rep 21) data={'pos': -150, 'corr_resp': 'z', 'thisN': 87, 'thisTrialN': 3, 'thisRepN': 21}>
211.5217 	DATA 	Keypress: z
211.5367 	EXP 	fixation: autoDraw = False
211.5367 	EXP 	line1: autoDraw = False
211.5367 	EXP 	line2: autoDraw = False
211.5367 	EXP 	line3: autoDraw = False
211.5367 	EXP 	line4: autoDraw = False
211.5367 	EXP 	probe: autoDraw = False
211.6197 	EXP 	Device response: <KeyPress from None: t=204.68350040000223, value=z, duration=6.9283928999939235>
212.5229 	EXP 	fixation: autoDraw = True
212.5229 	EXP 	line1: autoDraw = True
212.5229 	EXP 	line2: autoDraw = True
212.5229 	EXP 	line3: autoDraw = True
212.5229 	EXP 	line4: autoDraw = True
213.5353 	INFO 	Keyboard events cleared
213.5351 	EXP 	fixation: autoDraw = False
213.5351 	EXP 	probe: autoDraw = True
213.8364 	EXP 	Device response: <KeyPress from None: t=213.82896929999697, value=c, duration=None>
213.8368 	EXP 	New trial (rep=22, index=0): <Trial 88 (0 in rep 22) data={'pos': -50, 'corr_resp': 'x', 'thisN': 88, 'thisTrialN': 0, 'thisRepN': 22}>
213.8381 	DATA 	Keypress: c
213.8523 	EXP 	fixation: autoDraw = False
213.8523 	EXP 	line1: autoDraw = False
213.8523 	EXP 	line2: autoDraw = False
213.8523 	EXP 	line3: autoDraw = False
213.8523 	EXP 	line4: autoDraw = False
213.8523 	EXP 	probe: autoDraw = False
213.9544 	EXP 	Device response: <KeyPress from None: t=213.82896929999697, value=c, duration=0.12304839999706019>
214.8355 	EXP 	fixation: autoDraw = True
214.8355 	EXP 	line1: autoDraw = True
214.8355 	EXP 	line2: autoDraw = True
214.8355 	EXP 	line3: autoDraw = True
214.8355 	EXP 	line4: autoDraw = True
215.7370 	EXP 	Device response: <KeyPress from None: t=215.72204069999862, value=x, duration=None>
215.7388 	DATA 	Keypress: x
215.8364 	INFO 	Keyboard events cleared
215.8362 	EXP 	fixation: autoDraw = False
215.8362 	EXP 	probe: autoDraw = True
215.8544 	EXP 	Device response: <KeyPress from None: t=215.72204069999862, value=x, duration=0.12957009999081492>
216.1193 	EXP 	Device response: <KeyPress from None: t=216.10723860000144, value=x, duration=None>
216.1197 	EXP 	New trial (rep=22, index=1): <Trial 89 (1 in rep 22) data={'pos': 150, 'corr_resp': 'v', 'thisN': 89, 'thisTrialN': 1, 'thisRepN': 22}>
216.1206 	DATA 	Keypress: x
216.1331 	EXP 	fixation: autoDraw = False
216.1331 	EXP 	line1: autoDraw = False
216.1331 	EXP 	line2: autoDraw = False
216.1331 	EXP 	line3: autoDraw = False
216.1331 	EXP 	line4: autoDraw = False
216.1331 	EXP 	probe: autoDraw = False
216.2363 	EXP 	Device response: <KeyPress from None: t=216.10723860000144, value=x, duration=0.11883680000028107>
217.1203 	EXP 	fixation: autoDraw = True
217.1203 	EXP 	line1: autoDraw = True
217.1203 	EXP 	line2: autoDraw = True
217.1203 	EXP 	line3: autoDraw = True
217.1203 	EXP 	line4: autoDraw = True
218.1221 	INFO 	Keyboard events cleared
218.1218 	EXP 	fixation: autoDraw = False
218.1218 	EXP 	probe: autoDraw = True
218.4282 	DATA 	Keypress: v
218.4399 	EXP 	Device response: <KeyPress from None: t=218.42458769999212, value=v, duration=None>
218.4406 	EXP 	New trial (rep=22, index=2): <Trial 90 (2 in rep 22) data={'pos': 50, 'corr_resp': 'c', 'thisN': 90, 'thisTrialN': 2, 'thisRepN': 22}>
218.4559 	EXP 	fixation: autoDraw = False
218.4559 	EXP 	line1: autoDraw = False
218.4559 	EXP 	line2: autoDraw = False
218.4559 	EXP 	line3: autoDraw = False
218.4559 	EXP 	line4: autoDraw = False
218.4559 	EXP 	probe: autoDraw = False
218.5576 	EXP 	Device response: <KeyPress from None: t=218.42458769999212, value=v, duration=0.1286333000025479>
219.4554 	EXP 	fixation: autoDraw = True
219.4554 	EXP 	line1: autoDraw = True
219.4554 	EXP 	line2: autoDraw = True
219.4554 	EXP 	line3: autoDraw = True
219.4554 	EXP 	line4: autoDraw = True
220.3402 	EXP 	Device response: <KeyPress from None: t=220.32890989999578, value=c, duration=None>
220.3435 	DATA 	Keypress: c
220.4551 	INFO 	Keyboard events cleared
220.4548 	EXP 	fixation: autoDraw = False
220.4548 	EXP 	probe: autoDraw = True
220.5216 	EXP 	Device response: <KeyPress from None: t=220.32890989999578, value=c, duration=0.189579900004901>
220.7699 	EXP 	Device response: <KeyPress from None: t=220.76587239999208, value=c, duration=None>
220.7705 	EXP 	New trial (rep=22, index=3): <Trial 91 (3 in rep 22) data={'pos': -150, 'corr_resp': 'z', 'thisN': 91, 'thisTrialN': 3, 'thisRepN': 22}>
220.7717 	DATA 	Keypress: c
220.7858 	EXP 	fixation: autoDraw = False
220.7858 	EXP 	line1: autoDraw = False
220.7858 	EXP 	line2: autoDraw = False
220.7858 	EXP 	line3: autoDraw = False
220.7858 	EXP 	line4: autoDraw = False
220.7858 	EXP 	probe: autoDraw = False
220.9063 	EXP 	Device response: <KeyPress from None: t=220.76587239999208, value=c, duration=0.12314310000510886>
221.7726 	EXP 	fixation: autoDraw = True
221.7726 	EXP 	line1: autoDraw = True
221.7726 	EXP 	line2: autoDraw = True
221.7726 	EXP 	line3: autoDraw = True
221.7726 	EXP 	line4: autoDraw = True
222.7853 	INFO 	Keyboard events cleared
222.7851 	EXP 	fixation: autoDraw = False
222.7851 	EXP 	probe: autoDraw = True
223.1041 	DATA 	Keypress: z
223.1194 	EXP 	Device response: <KeyPress from None: t=223.10240340000018, value=z, duration=None>
223.1199 	EXP 	New trial (rep=23, index=0): <Trial 92 (0 in rep 23) data={'pos': -50, 'corr_resp': 'x', 'thisN': 92, 'thisTrialN': 0, 'thisRepN': 23}>
223.1345 	EXP 	fixation: autoDraw = False
223.1345 	EXP 	line1: autoDraw = False
223.1345 	EXP 	line2: autoDraw = False
223.1345 	EXP 	line3: autoDraw = False
223.1345 	EXP 	line4: autoDraw = False
223.1345 	EXP 	probe: autoDraw = False
223.2359 	EXP 	Device response: <KeyPress from None: t=211.5100153999956, value=z, duration=11.719642299998668>
224.1227 	EXP 	fixation: autoDraw = True
224.1227 	EXP 	line1: autoDraw = True
224.1227 	EXP 	line2: autoDraw = True
224.1227 	EXP 	line3: autoDraw = True
224.1227 	EXP 	line4: autoDraw = True
224.9062 	EXP 	Device response: <KeyPress from None: t=224.89961909998965, value=x, duration=None>
224.9100 	DATA 	Keypress: x
225.0199 	EXP 	Device response: <KeyPress from None: t=224.89961909998965, value=x, duration=0.11254300001019146>
225.1190 	INFO 	Keyboard events cleared
225.1188 	EXP 	probe: autoDraw = True
225.1355 	EXP 	fixation: autoDraw = False
225.3864 	EXP 	Device response: <KeyPress from None: t=225.3812951, value=x, duration=None>
225.3868 	EXP 	New trial (rep=23, index=1): <Trial 93 (1 in rep 23) data={'pos': 150, 'corr_resp': 'v', 'thisN': 93, 'thisTrialN': 1, 'thisRepN': 23}>
225.3880 	DATA 	Keypress: x
225.4031 	EXP 	fixation: autoDraw = False
225.4031 	EXP 	line1: autoDraw = False
225.4031 	EXP 	line2: autoDraw = False
225.4031 	EXP 	line3: autoDraw = False
225.4031 	EXP 	line4: autoDraw = False
225.4031 	EXP 	probe: autoDraw = False
225.5199 	EXP 	Device response: <KeyPress from None: t=225.3812951, value=x, duration=0.13634849998925347>
226.4026 	EXP 	fixation: autoDraw = True
226.4026 	EXP 	line1: autoDraw = True
226.4026 	EXP 	line2: autoDraw = True
226.4026 	EXP 	line3: autoDraw = True
226.4026 	EXP 	line4: autoDraw = True
227.4027 	INFO 	Keyboard events cleared
227.4025 	EXP 	fixation: autoDraw = False
227.4025 	EXP 	probe: autoDraw = True
227.7179 	EXP 	Device response: <KeyPress from None: t=227.7143880999938, value=v, duration=None>
227.7183 	EXP 	New trial (rep=23, index=2): <Trial 94 (2 in rep 23) data={'pos': 50, 'corr_resp': 'c', 'thisN': 94, 'thisTrialN': 2, 'thisRepN': 23}>
227.7195 	DATA 	Keypress: v
227.7337 	EXP 	fixation: autoDraw = False
227.7337 	EXP 	line1: autoDraw = False
227.7337 	EXP 	line2: autoDraw = False
227.7337 	EXP 	line3: autoDraw = False
227.7337 	EXP 	line4: autoDraw = False
227.7337 	EXP 	probe: autoDraw = False
227.8506 	EXP 	Device response: <KeyPress from None: t=227.7143880999938, value=v, duration=0.1336273000051733>
228.7212 	EXP 	fixation: autoDraw = True
228.7212 	EXP 	line1: autoDraw = True
228.7212 	EXP 	line2: autoDraw = True
228.7212 	EXP 	line3: autoDraw = True
228.7212 	EXP 	line4: autoDraw = True
229.7231 	INFO 	Keyboard events cleared
229.7228 	EXP 	fixation: autoDraw = False
229.7228 	EXP 	probe: autoDraw = True
230.0530 	EXP 	Device response: <KeyPress from None: t=230.04143349999504, value=c, duration=None>
230.0534 	EXP 	New trial (rep=23, index=3): <Trial 95 (3 in rep 23) data={'pos': -150, 'corr_resp': 'z', 'thisN': 95, 'thisTrialN': 3, 'thisRepN': 23}>
230.0546 	DATA 	Keypress: c
230.0691 	EXP 	fixation: autoDraw = False
230.0691 	EXP 	line1: autoDraw = False
230.0691 	EXP 	line2: autoDraw = False
230.0691 	EXP 	line3: autoDraw = False
230.0691 	EXP 	line4: autoDraw = False
230.0691 	EXP 	probe: autoDraw = False
230.2070 	EXP 	Device response: <KeyPress from None: t=230.04143349999504, value=c, duration=0.1610860000073444>
231.0554 	EXP 	fixation: autoDraw = True
231.0554 	EXP 	line1: autoDraw = True
231.0554 	EXP 	line2: autoDraw = True
231.0554 	EXP 	line3: autoDraw = True
231.0554 	EXP 	line4: autoDraw = True
232.0530 	INFO 	Keyboard events cleared
232.0528 	EXP 	probe: autoDraw = True
232.0693 	EXP 	fixation: autoDraw = False
232.3864 	EXP 	Device response: <KeyPress from None: t=232.37058499999694, value=z, duration=None>
232.3868 	EXP 	New trial (rep=24, index=0): <Trial 96 (0 in rep 24) data={'pos': -50, 'corr_resp': 'x', 'thisN': 96, 'thisTrialN': 0, 'thisRepN': 24}>
232.3884 	DATA 	Keypress: z
232.4017 	EXP 	fixation: autoDraw = False
232.4017 	EXP 	line1: autoDraw = False
232.4017 	EXP 	line2: autoDraw = False
232.4017 	EXP 	line3: autoDraw = False
232.4017 	EXP 	line4: autoDraw = False
232.4017 	EXP 	probe: autoDraw = False
232.5339 	EXP 	Device response: <KeyPress from None: t=223.10240340000018, value=z, duration=9.419069199997466>
233.4025 	EXP 	fixation: autoDraw = True
233.4025 	EXP 	line1: autoDraw = True
233.4025 	EXP 	line2: autoDraw = True
233.4025 	EXP 	line3: autoDraw = True
233.4025 	EXP 	line4: autoDraw = True
234.4026 	INFO 	Keyboard events cleared
234.4024 	EXP 	fixation: autoDraw = False
234.4024 	EXP 	probe: autoDraw = True
234.7031 	EXP 	Device response: <KeyPress from None: t=234.6993766999949, value=x, duration=None>
234.7035 	EXP 	New trial (rep=24, index=1): <Trial 97 (1 in rep 24) data={'pos': 150, 'corr_resp': 'v', 'thisN': 97, 'thisTrialN': 1, 'thisRepN': 24}>
234.7047 	DATA 	Keypress: x
234.7189 	EXP 	fixation: autoDraw = False
234.7189 	EXP 	line1: autoDraw = False
234.7189 	EXP 	line2: autoDraw = False
234.7189 	EXP 	line3: autoDraw = False
234.7189 	EXP 	line4: autoDraw = False
234.7189 	EXP 	probe: autoDraw = False
234.8527 	EXP 	Device response: <KeyPress from None: t=234.6993766999949, value=x, duration=0.1488078999973368>
235.7188 	EXP 	fixation: autoDraw = True
235.7188 	EXP 	line1: autoDraw = True
235.7188 	EXP 	line2: autoDraw = True
235.7188 	EXP 	line3: autoDraw = True
235.7188 	EXP 	line4: autoDraw = True
236.7027 	INFO 	Keyboard events cleared
236.7025 	EXP 	probe: autoDraw = True
236.7191 	EXP 	fixation: autoDraw = False
237.3360 	EXP 	Device response: <KeyPress from None: t=237.32891279998876, value=v, duration=None>
237.3368 	EXP 	New trial (rep=24, index=2): <Trial 98 (2 in rep 24) data={'pos': 50, 'corr_resp': 'c', 'thisN': 98, 'thisTrialN': 2, 'thisRepN': 24}>
237.3380 	DATA 	Keypress: v
237.3540 	EXP 	fixation: autoDraw = False
237.3540 	EXP 	line1: autoDraw = False
237.3540 	EXP 	line2: autoDraw = False
237.3540 	EXP 	line3: autoDraw = False
237.3540 	EXP 	line4: autoDraw = False
237.3540 	EXP 	probe: autoDraw = False
237.5027 	EXP 	Device response: <KeyPress from None: t=237.32891279998876, value=v, duration=0.16421500001160894>
238.3357 	EXP 	fixation: autoDraw = True
238.3357 	EXP 	line1: autoDraw = True
238.3357 	EXP 	line2: autoDraw = True
238.3357 	EXP 	line3: autoDraw = True
238.3357 	EXP 	line4: autoDraw = True
239.3357 	INFO 	Keyboard events cleared
239.3355 	EXP 	fixation: autoDraw = False
239.3355 	EXP 	probe: autoDraw = True
239.7093 	DATA 	Keypress: c
239.7229 	EXP 	Device response: <KeyPress from None: t=239.70666429999983, value=c, duration=None>
239.7234 	EXP 	New trial (rep=24, index=3): <Trial 99 (3 in rep 24) data={'pos': -150, 'corr_resp': 'z', 'thisN': 99, 'thisTrialN': 3, 'thisRepN': 24}>
239.7368 	EXP 	fixation: autoDraw = False
239.7368 	EXP 	line1: autoDraw = False
239.7368 	EXP 	line2: autoDraw = False
239.7368 	EXP 	line3: autoDraw = False
239.7368 	EXP 	line4: autoDraw = False
239.7368 	EXP 	probe: autoDraw = False
239.9195 	EXP 	Device response: <KeyPress from None: t=239.70666429999983, value=c, duration=0.19712369999615476>
240.7393 	EXP 	fixation: autoDraw = True
240.7393 	EXP 	line1: autoDraw = True
240.7393 	EXP 	line2: autoDraw = True
240.7393 	EXP 	line3: autoDraw = True
240.7393 	EXP 	line4: autoDraw = True
241.7373 	INFO 	Keyboard events cleared
241.7372 	EXP 	probe: autoDraw = True
241.7542 	EXP 	fixation: autoDraw = False
242.1033 	EXP 	Device response: <KeyPress from None: t=242.09520399999747, value=z, duration=None>
242.1037 	EXP 	New trial (rep=25, index=0): <Trial 100 (0 in rep 25) data={'pos': -50, 'corr_resp': 'x', 'thisN': 100, 'thisTrialN': 0, 'thisRepN': 25}>
242.1051 	DATA 	Keypress: z
242.1187 	EXP 	fixation: autoDraw = False
242.1187 	EXP 	line1: autoDraw = False
242.1187 	EXP 	line2: autoDraw = False
242.1187 	EXP 	line3: autoDraw = False
242.1187 	EXP 	line4: autoDraw = False
242.1187 	EXP 	probe: autoDraw = False
242.2695 	EXP 	Device response: <KeyPress from None: t=232.37058499999694, value=z, duration=9.88298140000552>
243.1027 	EXP 	fixation: autoDraw = True
243.1027 	EXP 	line1: autoDraw = True
243.1027 	EXP 	line2: autoDraw = True
243.1027 	EXP 	line3: autoDraw = True
243.1027 	EXP 	line4: autoDraw = True
244.1007 	EXP 	fixation: autoDraw = False
244.1181 	INFO 	Keyboard events cleared
244.1179 	EXP 	probe: autoDraw = True
244.4348 	EXP 	Device response: <KeyPress from None: t=244.43243029998848, value=x, duration=None>
244.4353 	EXP 	New trial (rep=25, index=1): <Trial 101 (1 in rep 25) data={'pos': 150, 'corr_resp': 'v', 'thisN': 101, 'thisTrialN': 1, 'thisRepN': 25}>
244.4366 	DATA 	Keypress: x
244.4504 	EXP 	fixation: autoDraw = False
244.4504 	EXP 	line1: autoDraw = False
244.4504 	EXP 	line2: autoDraw = False
244.4504 	EXP 	line3: autoDraw = False
244.4504 	EXP 	line4: autoDraw = False
244.4504 	EXP 	probe: autoDraw = False
244.6009 	EXP 	Device response: <KeyPress from None: t=244.43243029998848, value=x, duration=0.15975380000600126>
245.4508 	EXP 	fixation: autoDraw = True
245.4508 	EXP 	line1: autoDraw = True
245.4508 	EXP 	line2: autoDraw = True
245.4508 	EXP 	line3: autoDraw = True
245.4508 	EXP 	line4: autoDraw = True
246.4354 	INFO 	Keyboard events cleared
246.4352 	EXP 	probe: autoDraw = True
246.4529 	EXP 	fixation: autoDraw = False
246.7533 	EXP 	Device response: <KeyPress from None: t=246.74882090000028, value=v, duration=None>
246.7537 	EXP 	New trial (rep=25, index=2): <Trial 102 (2 in rep 25) data={'pos': 50, 'corr_resp': 'c', 'thisN': 102, 'thisTrialN': 2, 'thisRepN': 25}>
246.7555 	DATA 	Keypress: v
246.7693 	EXP 	fixation: autoDraw = False
246.7693 	EXP 	line1: autoDraw = False
246.7693 	EXP 	line2: autoDraw = False
246.7693 	EXP 	line3: autoDraw = False
246.7693 	EXP 	line4: autoDraw = False
246.7693 	EXP 	probe: autoDraw = False
246.8862 	EXP 	Device response: <KeyPress from None: t=246.74882090000028, value=v, duration=0.13509469998825807>
247.7504 	EXP 	fixation: autoDraw = True
247.7504 	EXP 	line1: autoDraw = True
247.7504 	EXP 	line2: autoDraw = True
247.7504 	EXP 	line3: autoDraw = True
247.7504 	EXP 	line4: autoDraw = True
248.7524 	EXP 	fixation: autoDraw = False
248.7687 	INFO 	Keyboard events cleared
248.7685 	EXP 	probe: autoDraw = True
249.0866 	EXP 	Device response: <KeyPress from None: t=249.08218849998957, value=c, duration=None>
249.0870 	EXP 	New trial (rep=25, index=3): <Trial 103 (3 in rep 25) data={'pos': -150, 'corr_resp': 'z', 'thisN': 103, 'thisTrialN': 3, 'thisRepN': 25}>
249.0884 	DATA 	Keypress: c
249.1027 	EXP 	fixation: autoDraw = False
249.1027 	EXP 	line1: autoDraw = False
249.1027 	EXP 	line2: autoDraw = False
249.1027 	EXP 	line3: autoDraw = False
249.1027 	EXP 	line4: autoDraw = False
249.1027 	EXP 	probe: autoDraw = False
249.1858 	EXP 	Device response: <KeyPress from None: t=249.08218849998957, value=c, duration=0.09482440000283532>
250.0889 	EXP 	fixation: autoDraw = True
250.0889 	EXP 	line1: autoDraw = True
250.0889 	EXP 	line2: autoDraw = True
250.0889 	EXP 	line3: autoDraw = True
250.0889 	EXP 	line4: autoDraw = True
251.1012 	INFO 	Keyboard events cleared
251.1011 	EXP 	fixation: autoDraw = False
251.1011 	EXP 	probe: autoDraw = True
251.7533 	EXP 	Device response: <KeyPress from None: t=251.74180639999395, value=z, duration=None>
251.7538 	EXP 	New trial (rep=26, index=0): <Trial 104 (0 in rep 26) data={'pos': -50, 'corr_resp': 'x', 'thisN': 104, 'thisTrialN': 0, 'thisRepN': 26}>
251.7553 	DATA 	Keypress: z
251.7670 	EXP 	fixation: autoDraw = False
251.7670 	EXP 	line1: autoDraw = False
251.7670 	EXP 	line2: autoDraw = False
251.7670 	EXP 	line3: autoDraw = False
251.7670 	EXP 	line4: autoDraw = False
251.7670 	EXP 	probe: autoDraw = False
251.8695 	EXP 	Device response: <KeyPress from None: t=242.09520399999747, value=z, duration=9.765046200001962>
252.7686 	EXP 	fixation: autoDraw = True
252.7686 	EXP 	line1: autoDraw = True
252.7686 	EXP 	line2: autoDraw = True
252.7686 	EXP 	line3: autoDraw = True
252.7686 	EXP 	line4: autoDraw = True
253.7697 	INFO 	Keyboard events cleared
253.7695 	EXP 	fixation: autoDraw = False
253.7695 	EXP 	probe: autoDraw = True
254.2199 	EXP 	Device response: <KeyPress from None: t=254.21962789999088, value=x, duration=None>
254.2217 	DATA 	Keypress: x
254.2359 	EXP 	New trial (rep=26, index=1): <Trial 105 (1 in rep 26) data={'pos': 150, 'corr_resp': 'v', 'thisN': 105, 'thisTrialN': 1, 'thisRepN': 26}>
254.2515 	EXP 	fixation: autoDraw = False
254.2515 	EXP 	line1: autoDraw = False
254.2515 	EXP 	line2: autoDraw = False
254.2515 	EXP 	line3: autoDraw = False
254.2515 	EXP 	line4: autoDraw = False
254.2515 	EXP 	probe: autoDraw = False
254.3694 	EXP 	Device response: <KeyPress from None: t=254.21962789999088, value=x, duration=0.13717360000009649>
255.2387 	EXP 	fixation: autoDraw = True
255.2387 	EXP 	line1: autoDraw = True
255.2387 	EXP 	line2: autoDraw = True
255.2387 	EXP 	line3: autoDraw = True
255.2387 	EXP 	line4: autoDraw = True
256.2356 	INFO 	Keyboard events cleared
256.2354 	EXP 	probe: autoDraw = True
256.2514 	EXP 	fixation: autoDraw = False
256.5196 	EXP 	Device response: <KeyPress from None: t=256.51465139999345, value=v, duration=None>
256.5200 	EXP 	New trial (rep=26, index=2): <Trial 106 (2 in rep 26) data={'pos': 50, 'corr_resp': 'c', 'thisN': 106, 'thisTrialN': 2, 'thisRepN': 26}>
256.5212 	DATA 	Keypress: v
256.5356 	EXP 	fixation: autoDraw = False
256.5356 	EXP 	line1: autoDraw = False
256.5356 	EXP 	line2: autoDraw = False
256.5356 	EXP 	line3: autoDraw = False
256.5356 	EXP 	line4: autoDraw = False
256.5356 	EXP 	probe: autoDraw = False
256.7184 	EXP 	Device response: <KeyPress from None: t=256.51465139999345, value=v, duration=0.18809710000641644>
257.5354 	EXP 	fixation: autoDraw = True
257.5354 	EXP 	line1: autoDraw = True
257.5354 	EXP 	line2: autoDraw = True
257.5354 	EXP 	line3: autoDraw = True
257.5354 	EXP 	line4: autoDraw = True
258.5343 	INFO 	Keyboard events cleared
258.5341 	EXP 	probe: autoDraw = True
258.5506 	EXP 	fixation: autoDraw = False
258.8348 	DATA 	Keypress: c
258.8503 	EXP 	Device response: <KeyPress from None: t=258.8340751999931, value=c, duration=None>
258.8507 	EXP 	New trial (rep=26, index=3): <Trial 107 (3 in rep 26) data={'pos': -150, 'corr_resp': 'z', 'thisN': 107, 'thisTrialN': 3, 'thisRepN': 26}>
258.8693 	EXP 	fixation: autoDraw = False
258.8693 	EXP 	line1: autoDraw = False
258.8693 	EXP 	line2: autoDraw = False
258.8693 	EXP 	line3: autoDraw = False
258.8693 	EXP 	line4: autoDraw = False
258.8693 	EXP 	probe: autoDraw = False
259.0034 	EXP 	Device response: <KeyPress from None: t=258.8340751999931, value=c, duration=0.16831500000262167>
259.8497 	EXP 	fixation: autoDraw = True
259.8497 	EXP 	line1: autoDraw = True
259.8497 	EXP 	line2: autoDraw = True
259.8497 	EXP 	line3: autoDraw = True
259.8497 	EXP 	line4: autoDraw = True
260.8414 	EXP 	fixation: autoDraw = False
260.8501 	INFO 	Keyboard events cleared
260.8497 	EXP 	probe: autoDraw = True
261.1492 	DATA 	Keypress: z
261.1598 	EXP 	Device response: <KeyPress from None: t=261.14849539998977, value=z, duration=None>
261.1602 	EXP 	New trial (rep=27, index=0): <Trial 108 (0 in rep 27) data={'pos': -50, 'corr_resp': 'x', 'thisN': 108, 'thisTrialN': 0, 'thisRepN': 27}>
261.1672 	EXP 	fixation: autoDraw = False
261.1672 	EXP 	line1: autoDraw = False
261.1672 	EXP 	line2: autoDraw = False
261.1672 	EXP 	line3: autoDraw = False
261.1672 	EXP 	line4: autoDraw = False
261.1672 	EXP 	probe: autoDraw = False
261.3189 	EXP 	Device response: <KeyPress from None: t=251.74180639999395, value=z, duration=9.57255310000619>
262.1692 	EXP 	fixation: autoDraw = True
262.1692 	EXP 	line1: autoDraw = True
262.1692 	EXP 	line2: autoDraw = True
262.1692 	EXP 	line3: autoDraw = True
262.1692 	EXP 	line4: autoDraw = True
263.1671 	INFO 	Keyboard events cleared
263.1670 	EXP 	probe: autoDraw = True
263.1832 	EXP 	fixation: autoDraw = False
263.4527 	DATA 	Keypress: x
263.4669 	EXP 	Device response: <KeyPress from None: t=263.45227090000117, value=x, duration=None>
263.4673 	EXP 	New trial (rep=27, index=1): <Trial 109 (1 in rep 27) data={'pos': 150, 'corr_resp': 'v', 'thisN': 109, 'thisTrialN': 1, 'thisRepN': 27}>
263.4829 	EXP 	fixation: autoDraw = False
263.4829 	EXP 	line1: autoDraw = False
263.4829 	EXP 	line2: autoDraw = False
263.4829 	EXP 	line3: autoDraw = False
263.4829 	EXP 	line4: autoDraw = False
263.4829 	EXP 	probe: autoDraw = False
263.6500 	EXP 	Device response: <KeyPress from None: t=263.45227090000117, value=x, duration=0.18521830000099726>
264.4832 	EXP 	fixation: autoDraw = True
264.4832 	EXP 	line1: autoDraw = True
264.4832 	EXP 	line2: autoDraw = True
264.4832 	EXP 	line3: autoDraw = True
264.4832 	EXP 	line4: autoDraw = True
265.4669 	INFO 	Keyboard events cleared
265.4667 	EXP 	probe: autoDraw = True
265.4832 	EXP 	fixation: autoDraw = False
265.8669 	EXP 	Device response: <KeyPress from None: t=265.85596459999215, value=v, duration=None>
265.8673 	EXP 	New trial (rep=27, index=2): <Trial 110 (2 in rep 27) data={'pos': 50, 'corr_resp': 'c', 'thisN': 110, 'thisTrialN': 2, 'thisRepN': 27}>
265.8685 	DATA 	Keypress: v
265.8853 	EXP 	fixation: autoDraw = False
265.8853 	EXP 	line1: autoDraw = False
265.8853 	EXP 	line2: autoDraw = False
265.8853 	EXP 	line3: autoDraw = False
265.8853 	EXP 	line4: autoDraw = False
265.8853 	EXP 	probe: autoDraw = False
266.0202 	EXP 	Device response: <KeyPress from None: t=265.85596459999215, value=v, duration=0.16320229999837466>
266.8679 	EXP 	fixation: autoDraw = True
266.8679 	EXP 	line1: autoDraw = True
266.8679 	EXP 	line2: autoDraw = True
266.8679 	EXP 	line3: autoDraw = True
266.8679 	EXP 	line4: autoDraw = True
267.8672 	INFO 	Keyboard events cleared
267.8670 	EXP 	probe: autoDraw = True
267.8836 	EXP 	fixation: autoDraw = False
268.3361 	EXP 	Device response: <KeyPress from None: t=268.331193799997, value=c, duration=None>
268.3364 	EXP 	New trial (rep=27, index=3): <Trial 111 (3 in rep 27) data={'pos': -150, 'corr_resp': 'z', 'thisN': 111, 'thisTrialN': 3, 'thisRepN': 27}>
268.3377 	DATA 	Keypress: c
268.3530 	EXP 	fixation: autoDraw = False
268.3530 	EXP 	line1: autoDraw = False
268.3530 	EXP 	line2: autoDraw = False
268.3530 	EXP 	line3: autoDraw = False
268.3530 	EXP 	line4: autoDraw = False
268.3530 	EXP 	probe: autoDraw = False
268.5527 	EXP 	Device response: <KeyPress from None: t=268.331193799997, value=c, duration=0.2128896999929566>
269.3348 	EXP 	fixation: autoDraw = True
269.3348 	EXP 	line1: autoDraw = True
269.3348 	EXP 	line2: autoDraw = True
269.3348 	EXP 	line3: autoDraw = True
269.3348 	EXP 	line4: autoDraw = True
270.3439 	INFO 	Keyboard events cleared
270.3437 	EXP 	fixation: autoDraw = False
270.3437 	EXP 	probe: autoDraw = True
270.4675 	EXP 	Device response: <KeyPress from None: t=270.46530539999367, value=z, duration=None>
270.4678 	EXP 	New trial (rep=28, index=0): <Trial 112 (0 in rep 28) data={'pos': -50, 'corr_resp': 'x', 'thisN': 112, 'thisTrialN': 0, 'thisRepN': 28}>
270.4687 	DATA 	Keypress: z
270.4744 	EXP 	fixation: autoDraw = False
270.4744 	EXP 	line1: autoDraw = False
270.4744 	EXP 	line2: autoDraw = False
270.4744 	EXP 	line3: autoDraw = False
270.4744 	EXP 	line4: autoDraw = False
270.4744 	EXP 	probe: autoDraw = False
270.6611 	EXP 	Device response: <KeyPress from None: t=261.14849539998977, value=z, duration=9.501941800001077>
271.4775 	EXP 	fixation: autoDraw = True
271.4775 	EXP 	line1: autoDraw = True
271.4775 	EXP 	line2: autoDraw = True
271.4775 	EXP 	line3: autoDraw = True
271.4775 	EXP 	line4: autoDraw = True
272.4768 	INFO 	Keyboard events cleared
272.4766 	EXP 	fixation: autoDraw = False
272.4766 	EXP 	probe: autoDraw = True
272.6957 	DATA 	Keypress: x
272.7111 	EXP 	Device response: <KeyPress from None: t=272.6945044999884, value=x, duration=None>
272.7115 	EXP 	New trial (rep=28, index=1): <Trial 113 (1 in rep 28) data={'pos': 150, 'corr_resp': 'v', 'thisN': 113, 'thisTrialN': 1, 'thisRepN': 28}>
272.7263 	EXP 	fixation: autoDraw = False
272.7263 	EXP 	line1: autoDraw = False
272.7263 	EXP 	line2: autoDraw = False
272.7263 	EXP 	line3: autoDraw = False
272.7263 	EXP 	line4: autoDraw = False
272.7263 	EXP 	probe: autoDraw = False
272.8617 	EXP 	Device response: <KeyPress from None: t=272.6945044999884, value=x, duration=0.15146580000873655>
273.7105 	EXP 	fixation: autoDraw = True
273.7105 	EXP 	line1: autoDraw = True
273.7105 	EXP 	line2: autoDraw = True
273.7105 	EXP 	line3: autoDraw = True
273.7105 	EXP 	line4: autoDraw = True
274.7104 	INFO 	Keyboard events cleared
274.7102 	EXP 	fixation: autoDraw = False
274.7102 	EXP 	probe: autoDraw = True
275.1296 	DATA 	Keypress: v
275.1443 	EXP 	Device response: <KeyPress from None: t=275.1287449999945, value=v, duration=None>
275.1447 	EXP 	New trial (rep=28, index=2): <Trial 114 (2 in rep 28) data={'pos': 50, 'corr_resp': 'c', 'thisN': 114, 'thisTrialN': 2, 'thisRepN': 28}>
275.1603 	EXP 	fixation: autoDraw = False
275.1603 	EXP 	line1: autoDraw = False
275.1603 	EXP 	line2: autoDraw = False
275.1603 	EXP 	line3: autoDraw = False
275.1603 	EXP 	line4: autoDraw = False
275.1603 	EXP 	probe: autoDraw = False
275.3440 	EXP 	Device response: <KeyPress from None: t=275.1287449999945, value=v, duration=0.20923839999886695>
276.1605 	EXP 	fixation: autoDraw = True
276.1605 	EXP 	line1: autoDraw = True
276.1605 	EXP 	line2: autoDraw = True
276.1605 	EXP 	line3: autoDraw = True
276.1605 	EXP 	line4: autoDraw = True
277.1440 	INFO 	Keyboard events cleared
277.1438 	EXP 	probe: autoDraw = True
277.1600 	EXP 	fixation: autoDraw = False
277.4928 	EXP 	Device response: <KeyPress from None: t=277.4894606000016, value=c, duration=None>
277.4932 	EXP 	New trial (rep=28, index=3): <Trial 115 (3 in rep 28) data={'pos': -150, 'corr_resp': 'z', 'thisN': 115, 'thisTrialN': 3, 'thisRepN': 28}>
277.4943 	DATA 	Keypress: c
277.5081 	EXP 	fixation: autoDraw = False
277.5081 	EXP 	line1: autoDraw = False
277.5081 	EXP 	line2: autoDraw = False
277.5081 	EXP 	line3: autoDraw = False
277.5081 	EXP 	line4: autoDraw = False
277.5081 	EXP 	probe: autoDraw = False
277.6474 	EXP 	Device response: <KeyPress from None: t=277.4894606000016, value=c, duration=0.14516759999969508>
278.4942 	EXP 	fixation: autoDraw = True
278.4942 	EXP 	line1: autoDraw = True
278.4942 	EXP 	line2: autoDraw = True
278.4942 	EXP 	line3: autoDraw = True
278.4942 	EXP 	line4: autoDraw = True
279.5002 	INFO 	Keyboard events cleared
279.5001 	EXP 	fixation: autoDraw = False
279.5001 	EXP 	probe: autoDraw = True
279.9370 	EXP 	Device response: <KeyPress from None: t=279.9326532999985, value=z, duration=None>
279.9374 	EXP 	New trial (rep=29, index=0): <Trial 116 (0 in rep 29) data={'pos': -50, 'corr_resp': 'x', 'thisN': 116, 'thisTrialN': 0, 'thisRepN': 29}>
279.9384 	DATA 	Keypress: z
279.9502 	EXP 	fixation: autoDraw = False
279.9502 	EXP 	line1: autoDraw = False
279.9502 	EXP 	line2: autoDraw = False
279.9502 	EXP 	line3: autoDraw = False
279.9502 	EXP 	line4: autoDraw = False
279.9502 	EXP 	probe: autoDraw = False
280.0705 	EXP 	Device response: <KeyPress from None: t=270.46530539999367, value=z, duration=9.598678800000926>
280.9431 	EXP 	fixation: autoDraw = True
280.9431 	EXP 	line1: autoDraw = True
280.9431 	EXP 	line2: autoDraw = True
280.9431 	EXP 	line3: autoDraw = True
280.9431 	EXP 	line4: autoDraw = True
281.9455 	INFO 	Keyboard events cleared
281.9451 	EXP 	fixation: autoDraw = False
281.9451 	EXP 	probe: autoDraw = True
282.3367 	DATA 	Mouse: Left button down, pos=(455,777)
282.3835 	EXP 	Device response: <KeyPress from None: t=282.37847379999585, value=x, duration=None>
282.3838 	EXP 	New trial (rep=29, index=1): <Trial 117 (1 in rep 29) data={'pos': 150, 'corr_resp': 'v', 'thisN': 117, 'thisTrialN': 1, 'thisRepN': 29}>
282.3846 	DATA 	Keypress: x
282.4020 	EXP 	fixation: autoDraw = False
282.4020 	EXP 	line1: autoDraw = False
282.4020 	EXP 	line2: autoDraw = False
282.4020 	EXP 	line3: autoDraw = False
282.4020 	EXP 	line4: autoDraw = False
282.4020 	EXP 	probe: autoDraw = False
282.5192 	EXP 	Device response: <KeyPress from None: t=282.37847379999585, value=x, duration=0.13597289999597706>
282.5524 	DATA 	Mouse:  Left button up, pos=(455,777)
283.3864 	EXP 	fixation: autoDraw = True
283.3864 	EXP 	line1: autoDraw = True
283.3864 	EXP 	line2: autoDraw = True
283.3864 	EXP 	line3: autoDraw = True
283.3864 	EXP 	line4: autoDraw = True
284.3851 	INFO 	Keyboard events cleared
284.3849 	EXP 	probe: autoDraw = True
284.4022 	EXP 	fixation: autoDraw = False
284.6334 	EXP 	Device response: <KeyPress from None: t=284.6318171000021, value=v, duration=None>
284.6337 	EXP 	New trial (rep=29, index=2): <Trial 118 (2 in rep 29) data={'pos': 50, 'corr_resp': 'c', 'thisN': 118, 'thisTrialN': 2, 'thisRepN': 29}>
284.6347 	DATA 	Keypress: v
284.6412 	EXP 	fixation: autoDraw = False
284.6412 	EXP 	line1: autoDraw = False
284.6412 	EXP 	line2: autoDraw = False
284.6412 	EXP 	line3: autoDraw = False
284.6412 	EXP 	line4: autoDraw = False
284.6412 	EXP 	probe: autoDraw = False
284.8110 	EXP 	Device response: <KeyPress from None: t=284.6318171000021, value=v, duration=0.17852359999960754>
285.6261 	EXP 	fixation: autoDraw = True
285.6261 	EXP 	line1: autoDraw = True
285.6261 	EXP 	line2: autoDraw = True
285.6261 	EXP 	line3: autoDraw = True
285.6261 	EXP 	line4: autoDraw = True
286.6279 	EXP 	fixation: autoDraw = False
286.6441 	INFO 	Keyboard events cleared
286.6439 	EXP 	probe: autoDraw = True
286.8949 	EXP 	Device response: <KeyPress from None: t=286.88965559999633, value=c, duration=None>
286.8953 	EXP 	New trial (rep=29, index=3): <Trial 119 (3 in rep 29) data={'pos': -150, 'corr_resp': 'z', 'thisN': 119, 'thisTrialN': 3, 'thisRepN': 29}>
286.8966 	DATA 	Keypress: c
286.9113 	EXP 	fixation: autoDraw = False
286.9113 	EXP 	line1: autoDraw = False
286.9113 	EXP 	line2: autoDraw = False
286.9113 	EXP 	line3: autoDraw = False
286.9113 	EXP 	line4: autoDraw = False
286.9113 	EXP 	probe: autoDraw = False
287.0612 	EXP 	Device response: <KeyPress from None: t=286.88965559999633, value=c, duration=0.15530199999921024>
287.9083 	EXP 	fixation: autoDraw = True
287.9083 	EXP 	line1: autoDraw = True
287.9083 	EXP 	line2: autoDraw = True
287.9083 	EXP 	line3: autoDraw = True
287.9083 	EXP 	line4: autoDraw = True
288.9108 	INFO 	Keyboard events cleared
288.9105 	EXP 	probe: autoDraw = True
288.9309 	EXP 	fixation: autoDraw = False
289.1534 	DATA 	Keypress: z
289.1608 	EXP 	Device response: <KeyPress from None: t=289.1524608999898, value=z, duration=None>
289.1614 	EXP 	New trial (rep=30, index=0): <Trial 120 (0 in rep 30) data={'pos': -50, 'corr_resp': 'x', 'thisN': 120, 'thisTrialN': 0, 'thisRepN': 30}>
289.1785 	EXP 	fixation: autoDraw = False
289.1785 	EXP 	line1: autoDraw = False
289.1785 	EXP 	line2: autoDraw = False
289.1785 	EXP 	line3: autoDraw = False
289.1785 	EXP 	line4: autoDraw = False
289.1785 	EXP 	probe: autoDraw = False
289.3493 	EXP 	Device response: <KeyPress from None: t=279.9326532999985, value=z, duration=9.408041399990907>
290.1637 	EXP 	fixation: autoDraw = True
290.1637 	EXP 	line1: autoDraw = True
290.1637 	EXP 	line2: autoDraw = True
290.1637 	EXP 	line3: autoDraw = True
290.1637 	EXP 	line4: autoDraw = True
291.1638 	INFO 	Keyboard events cleared
291.1635 	EXP 	fixation: autoDraw = False
291.1635 	EXP 	probe: autoDraw = True
291.4316 	EXP 	Device response: <KeyPress from None: t=291.427062399991, value=x, duration=None>
291.4322 	EXP 	New trial (rep=30, index=1): <Trial 121 (1 in rep 30) data={'pos': 150, 'corr_resp': 'v', 'thisN': 121, 'thisTrialN': 1, 'thisRepN': 30}>
291.4346 	DATA 	Keypress: x
291.4465 	EXP 	fixation: autoDraw = False
291.4465 	EXP 	line1: autoDraw = False
291.4465 	EXP 	line2: autoDraw = False
291.4465 	EXP 	line3: autoDraw = False
291.4465 	EXP 	line4: autoDraw = False
291.4465 	EXP 	probe: autoDraw = False
291.5980 	EXP 	Device response: <KeyPress from None: t=291.427062399991, value=x, duration=0.16720229999918956>
292.4468 	EXP 	fixation: autoDraw = True
292.4468 	EXP 	line1: autoDraw = True
292.4468 	EXP 	line2: autoDraw = True
292.4468 	EXP 	line3: autoDraw = True
292.4468 	EXP 	line4: autoDraw = True
293.4435 	INFO 	Keyboard events cleared
293.4433 	EXP 	probe: autoDraw = True
293.4605 	EXP 	fixation: autoDraw = False
293.7774 	EXP 	Device response: <KeyPress from None: t=293.7696600999916, value=v, duration=None>
293.7777 	EXP 	New trial (rep=30, index=2): <Trial 122 (2 in rep 30) data={'pos': 50, 'corr_resp': 'c', 'thisN': 122, 'thisTrialN': 2, 'thisRepN': 30}>
293.7790 	DATA 	Keypress: v
293.7938 	EXP 	fixation: autoDraw = False
293.7938 	EXP 	line1: autoDraw = False
293.7938 	EXP 	line2: autoDraw = False
293.7938 	EXP 	line3: autoDraw = False
293.7938 	EXP 	line4: autoDraw = False
293.7938 	EXP 	probe: autoDraw = False
293.9591 	EXP 	Device response: <KeyPress from None: t=293.7696600999916, value=v, duration=0.18183319999661762>
294.7780 	EXP 	fixation: autoDraw = True
294.7780 	EXP 	line1: autoDraw = True
294.7780 	EXP 	line2: autoDraw = True
294.7780 	EXP 	line3: autoDraw = True
294.7780 	EXP 	line4: autoDraw = True
295.7771 	INFO 	Keyboard events cleared
295.7769 	EXP 	probe: autoDraw = True
295.7938 	EXP 	fixation: autoDraw = False
296.1798 	DATA 	Keypress: c
296.1945 	EXP 	Device response: <KeyPress from None: t=296.17919229999825, value=c, duration=None>
296.1949 	EXP 	New trial (rep=30, index=3): <Trial 123 (3 in rep 30) data={'pos': -150, 'corr_resp': 'z', 'thisN': 123, 'thisTrialN': 3, 'thisRepN': 30}>
296.2103 	EXP 	fixation: autoDraw = False
296.2103 	EXP 	line1: autoDraw = False
296.2103 	EXP 	line2: autoDraw = False
296.2103 	EXP 	line3: autoDraw = False
296.2103 	EXP 	line4: autoDraw = False
296.2103 	EXP 	probe: autoDraw = False
296.3612 	EXP 	Device response: <KeyPress from None: t=296.17919229999825, value=c, duration=0.17569419999199454>
297.1942 	EXP 	fixation: autoDraw = True
297.1942 	EXP 	line1: autoDraw = True
297.1942 	EXP 	line2: autoDraw = True
297.1942 	EXP 	line3: autoDraw = True
297.1942 	EXP 	line4: autoDraw = True
298.1936 	EXP 	fixation: autoDraw = False
298.2118 	INFO 	Keyboard events cleared
298.2116 	EXP 	probe: autoDraw = True
298.7793 	DATA 	Keypress: z
298.7941 	EXP 	Device response: <KeyPress from None: t=298.7776967999962, value=z, duration=None>
298.7945 	EXP 	New trial (rep=31, index=0): <Trial 124 (0 in rep 31) data={'pos': -50, 'corr_resp': 'x', 'thisN': 124, 'thisTrialN': 0, 'thisRepN': 31}>
298.8104 	EXP 	fixation: autoDraw = False
298.8104 	EXP 	line1: autoDraw = False
298.8104 	EXP 	line2: autoDraw = False
298.8104 	EXP 	line3: autoDraw = False
298.8104 	EXP 	line4: autoDraw = False
298.8104 	EXP 	probe: autoDraw = False
298.9607 	EXP 	Device response: <KeyPress from None: t=289.1524608999898, value=z, duration=9.797915300005116>
299.7959 	EXP 	fixation: autoDraw = True
299.7959 	EXP 	line1: autoDraw = True
299.7959 	EXP 	line2: autoDraw = True
299.7959 	EXP 	line3: autoDraw = True
299.7959 	EXP 	line4: autoDraw = True
300.1188 	DATA 	Keypress: x
300.1305 	EXP 	Device response: <KeyPress from None: t=300.11662079999223, value=x, duration=None>
300.3124 	EXP 	Device response: <KeyPress from None: t=300.11662079999223, value=x, duration=0.18706620000011753>
300.7126 	DATA 	Keypress: x
300.7277 	EXP 	Device response: <KeyPress from None: t=300.71102039999096, value=x, duration=None>
300.7972 	INFO 	Keyboard events cleared
300.7968 	EXP 	probe: autoDraw = True
300.8112 	EXP 	fixation: autoDraw = False
300.9265 	EXP 	Device response: <KeyPress from None: t=300.71102039999096, value=x, duration=0.21513470000354573>
301.1272 	EXP 	Device response: <KeyPress from None: t=301.11763690000225, value=x, duration=None>
301.1275 	EXP 	New trial (rep=31, index=1): <Trial 125 (1 in rep 31) data={'pos': 150, 'corr_resp': 'v', 'thisN': 125, 'thisTrialN': 1, 'thisRepN': 31}>
301.1291 	DATA 	Keypress: x
301.1460 	EXP 	fixation: autoDraw = False
301.1460 	EXP 	line1: autoDraw = False
301.1460 	EXP 	line2: autoDraw = False
301.1460 	EXP 	line3: autoDraw = False
301.1460 	EXP 	line4: autoDraw = False
301.1460 	EXP 	probe: autoDraw = False
301.2772 	EXP 	Device response: <KeyPress from None: t=301.11763690000225, value=x, duration=0.1538900999876205>
302.1275 	EXP 	fixation: autoDraw = True
302.1275 	EXP 	line1: autoDraw = True
302.1275 	EXP 	line2: autoDraw = True
302.1275 	EXP 	line3: autoDraw = True
302.1275 	EXP 	line4: autoDraw = True
302.7460 	DATA 	Mouse: Left button down, pos=(447,792)
302.9607 	DATA 	Mouse:  Left button up, pos=(447,792)
303.1272 	INFO 	Keyboard events cleared
303.1270 	EXP 	fixation: autoDraw = False
303.1270 	EXP 	probe: autoDraw = True
303.4773 	EXP 	Device response: <KeyPress from None: t=303.4670514999889, value=v, duration=None>
303.4778 	EXP 	New trial (rep=31, index=2): <Trial 126 (2 in rep 31) data={'pos': 50, 'corr_resp': 'c', 'thisN': 126, 'thisTrialN': 2, 'thisRepN': 31}>
303.4790 	DATA 	Keypress: v
303.4935 	EXP 	fixation: autoDraw = False
303.4935 	EXP 	line1: autoDraw = False
303.4935 	EXP 	line2: autoDraw = False
303.4935 	EXP 	line3: autoDraw = False
303.4935 	EXP 	line4: autoDraw = False
303.4935 	EXP 	probe: autoDraw = False
303.6942 	EXP 	Device response: <KeyPress from None: t=303.4670514999889, value=v, duration=0.21831070000189357>
304.4932 	EXP 	fixation: autoDraw = True
304.4932 	EXP 	line1: autoDraw = True
304.4932 	EXP 	line2: autoDraw = True
304.4932 	EXP 	line3: autoDraw = True
304.4932 	EXP 	line4: autoDraw = True
305.4767 	INFO 	Keyboard events cleared
305.4765 	EXP 	probe: autoDraw = True
305.4931 	EXP 	fixation: autoDraw = False
305.9112 	EXP 	Device response: <KeyPress from None: t=305.90970829999424, value=c, duration=None>
305.9117 	EXP 	New trial (rep=31, index=3): <Trial 127 (3 in rep 31) data={'pos': -150, 'corr_resp': 'z', 'thisN': 127, 'thisTrialN': 3, 'thisRepN': 31}>
305.9129 	DATA 	Keypress: c
305.9265 	EXP 	fixation: autoDraw = False
305.9265 	EXP 	line1: autoDraw = False
305.9265 	EXP 	line2: autoDraw = False
305.9265 	EXP 	line3: autoDraw = False
305.9265 	EXP 	line4: autoDraw = False
305.9265 	EXP 	probe: autoDraw = False
306.0608 	EXP 	Device response: <KeyPress from None: t=305.90970829999424, value=c, duration=0.14527779999480117>
306.9262 	EXP 	fixation: autoDraw = True
306.9262 	EXP 	line1: autoDraw = True
306.9262 	EXP 	line2: autoDraw = True
306.9262 	EXP 	line3: autoDraw = True
306.9262 	EXP 	line4: autoDraw = True
307.9271 	INFO 	Keyboard events cleared
307.9269 	EXP 	fixation: autoDraw = False
307.9269 	EXP 	probe: autoDraw = True
308.2599 	DATA 	Keypress: z
308.2746 	EXP 	Device response: <KeyPress from None: t=308.25855220000085, value=z, duration=None>
308.2749 	EXP 	New trial (rep=32, index=0): <Trial 128 (0 in rep 32) data={'pos': -50, 'corr_resp': 'x', 'thisN': 128, 'thisTrialN': 0, 'thisRepN': 32}>
308.2933 	EXP 	fixation: autoDraw = False
308.2933 	EXP 	line1: autoDraw = False
308.2933 	EXP 	line2: autoDraw = False
308.2933 	EXP 	line3: autoDraw = False
308.2933 	EXP 	line4: autoDraw = False
308.2933 	EXP 	probe: autoDraw = False
308.4600 	EXP 	Device response: <KeyPress from None: t=298.7776967999962, value=z, duration=9.66816519999702>
309.2767 	EXP 	fixation: autoDraw = True
309.2767 	EXP 	line1: autoDraw = True
309.2767 	EXP 	line2: autoDraw = True
309.2767 	EXP 	line3: autoDraw = True
309.2767 	EXP 	line4: autoDraw = True
310.2772 	INFO 	Keyboard events cleared
310.2770 	EXP 	fixation: autoDraw = False
310.2770 	EXP 	probe: autoDraw = True
310.6098 	EXP 	Device response: <KeyPress from None: t=310.60495690000243, value=x, duration=None>
310.6102 	EXP 	New trial (rep=32, index=1): <Trial 129 (1 in rep 32) data={'pos': 150, 'corr_resp': 'v', 'thisN': 129, 'thisTrialN': 1, 'thisRepN': 32}>
310.6114 	DATA 	Keypress: x
310.6269 	EXP 	fixation: autoDraw = False
310.6269 	EXP 	line1: autoDraw = False
310.6269 	EXP 	line2: autoDraw = False
310.6269 	EXP 	line3: autoDraw = False
310.6269 	EXP 	line4: autoDraw = False
310.6269 	EXP 	probe: autoDraw = False
310.7432 	EXP 	Device response: <KeyPress from None: t=310.60495690000243, value=x, duration=0.12600239999301266>
311.6101 	EXP 	fixation: autoDraw = True
311.6101 	EXP 	line1: autoDraw = True
311.6101 	EXP 	line2: autoDraw = True
311.6101 	EXP 	line3: autoDraw = True
311.6101 	EXP 	line4: autoDraw = True
312.6099 	INFO 	Keyboard events cleared
312.6098 	EXP 	fixation: autoDraw = False
312.6098 	EXP 	probe: autoDraw = True
313.2940 	EXP 	Device response: <KeyPress from None: t=313.2839149999927, value=v, duration=None>
313.2944 	EXP 	New trial (rep=32, index=2): <Trial 130 (2 in rep 32) data={'pos': 50, 'corr_resp': 'c', 'thisN': 130, 'thisTrialN': 2, 'thisRepN': 32}>
313.2957 	DATA 	Keypress: v
313.3109 	EXP 	fixation: autoDraw = False
313.3109 	EXP 	line1: autoDraw = False
313.3109 	EXP 	line2: autoDraw = False
313.3109 	EXP 	line3: autoDraw = False
313.3109 	EXP 	line4: autoDraw = False
313.3109 	EXP 	probe: autoDraw = False
313.4427 	EXP 	Device response: <KeyPress from None: t=313.2839149999927, value=v, duration=0.15129340000567026>
314.2930 	EXP 	fixation: autoDraw = True
314.2930 	EXP 	line1: autoDraw = True
314.2930 	EXP 	line2: autoDraw = True
314.2930 	EXP 	line3: autoDraw = True
314.2930 	EXP 	line4: autoDraw = True
315.2932 	EXP 	fixation: autoDraw = False
315.3111 	INFO 	Keyboard events cleared
315.3109 	EXP 	probe: autoDraw = True
315.6432 	EXP 	Device response: <KeyPress from None: t=315.6322705999919, value=c, duration=None>
315.6436 	EXP 	New trial (rep=32, index=3): <Trial 131 (3 in rep 32) data={'pos': -150, 'corr_resp': 'z', 'thisN': 131, 'thisTrialN': 3, 'thisRepN': 32}>
315.6450 	DATA 	Keypress: c
315.6604 	EXP 	fixation: autoDraw = False
315.6604 	EXP 	line1: autoDraw = False
315.6604 	EXP 	line2: autoDraw = False
315.6604 	EXP 	line3: autoDraw = False
315.6604 	EXP 	line4: autoDraw = False
315.6604 	EXP 	probe: autoDraw = False
315.7777 	EXP 	Device response: <KeyPress from None: t=315.6322705999919, value=c, duration=0.1341861999972025>
316.6427 	EXP 	fixation: autoDraw = True
316.6427 	EXP 	line1: autoDraw = True
316.6427 	EXP 	line2: autoDraw = True
316.6427 	EXP 	line3: autoDraw = True
316.6427 	EXP 	line4: autoDraw = True
317.6437 	INFO 	Keyboard events cleared
317.6435 	EXP 	fixation: autoDraw = False
317.6435 	EXP 	probe: autoDraw = True
318.3264 	EXP 	Device response: <KeyPress from None: t=318.318723999997, value=z, duration=None>
318.3268 	EXP 	New trial (rep=33, index=0): <Trial 132 (0 in rep 33) data={'pos': -50, 'corr_resp': 'x', 'thisN': 132, 'thisTrialN': 0, 'thisRepN': 33}>
318.3280 	DATA 	Keypress: z
318.3431 	EXP 	fixation: autoDraw = False
318.3431 	EXP 	line1: autoDraw = False
318.3431 	EXP 	line2: autoDraw = False
318.3431 	EXP 	line3: autoDraw = False
318.3431 	EXP 	line4: autoDraw = False
318.3431 	EXP 	probe: autoDraw = False
318.4606 	EXP 	Device response: <KeyPress from None: t=308.25855220000085, value=z, duration=10.185477699997136>
319.3265 	EXP 	fixation: autoDraw = True
319.3265 	EXP 	line1: autoDraw = True
319.3265 	EXP 	line2: autoDraw = True
319.3265 	EXP 	line3: autoDraw = True
319.3265 	EXP 	line4: autoDraw = True
320.3264 	INFO 	Keyboard events cleared
320.3262 	EXP 	fixation: autoDraw = False
320.3262 	EXP 	probe: autoDraw = True
320.6015 	EXP 	Device response: <KeyPress from None: t=320.59609989999444, value=x, duration=None>
320.6019 	EXP 	New trial (rep=33, index=1): <Trial 133 (1 in rep 33) data={'pos': 150, 'corr_resp': 'v', 'thisN': 133, 'thisTrialN': 1, 'thisRepN': 33}>
320.6032 	DATA 	Keypress: x
320.6180 	EXP 	fixation: autoDraw = False
320.6180 	EXP 	line1: autoDraw = False
320.6180 	EXP 	line2: autoDraw = False
320.6180 	EXP 	line3: autoDraw = False
320.6180 	EXP 	line4: autoDraw = False
320.6180 	EXP 	probe: autoDraw = False
320.7186 	EXP 	Device response: <KeyPress from None: t=320.59609989999444, value=x, duration=0.11672619999444578>
321.6014 	EXP 	fixation: autoDraw = True
321.6014 	EXP 	line1: autoDraw = True
321.6014 	EXP 	line2: autoDraw = True
321.6014 	EXP 	line3: autoDraw = True
321.6014 	EXP 	line4: autoDraw = True
322.6019 	INFO 	Keyboard events cleared
322.6017 	EXP 	fixation: autoDraw = False
322.6017 	EXP 	probe: autoDraw = True
322.8526 	EXP 	Device response: <KeyPress from None: t=322.85132539999904, value=v, duration=None>
322.8530 	EXP 	New trial (rep=33, index=2): <Trial 134 (2 in rep 33) data={'pos': 50, 'corr_resp': 'c', 'thisN': 134, 'thisTrialN': 2, 'thisRepN': 33}>
322.8542 	DATA 	Keypress: v
322.8677 	EXP 	fixation: autoDraw = False
322.8677 	EXP 	line1: autoDraw = False
322.8677 	EXP 	line2: autoDraw = False
322.8677 	EXP 	line3: autoDraw = False
322.8677 	EXP 	line4: autoDraw = False
322.8677 	EXP 	probe: autoDraw = False
323.0184 	EXP 	Device response: <KeyPress from None: t=322.85132539999904, value=v, duration=0.15555499999027234>
323.8683 	EXP 	fixation: autoDraw = True
323.8683 	EXP 	line1: autoDraw = True
323.8683 	EXP 	line2: autoDraw = True
323.8683 	EXP 	line3: autoDraw = True
323.8683 	EXP 	line4: autoDraw = True
324.8684 	INFO 	Keyboard events cleared
324.8682 	EXP 	fixation: autoDraw = False
324.8682 	EXP 	probe: autoDraw = True
325.4028 	EXP 	Device response: <KeyPress from None: t=325.3995544999925, value=c, duration=None>
325.4031 	EXP 	New trial (rep=33, index=3): <Trial 135 (3 in rep 33) data={'pos': -150, 'corr_resp': 'z', 'thisN': 135, 'thisTrialN': 3, 'thisRepN': 33}>
325.4044 	DATA 	Keypress: c
325.4182 	EXP 	fixation: autoDraw = False
325.4182 	EXP 	line1: autoDraw = False
325.4182 	EXP 	line2: autoDraw = False
325.4182 	EXP 	line3: autoDraw = False
325.4182 	EXP 	line4: autoDraw = False
325.4182 	EXP 	probe: autoDraw = False
325.5516 	EXP 	Device response: <KeyPress from None: t=325.3995544999925, value=c, duration=0.14689119999820832>
326.4180 	EXP 	fixation: autoDraw = True
326.4180 	EXP 	line1: autoDraw = True
326.4180 	EXP 	line2: autoDraw = True
326.4180 	EXP 	line3: autoDraw = True
326.4180 	EXP 	line4: autoDraw = True
327.4182 	INFO 	Keyboard events cleared
327.4180 	EXP 	fixation: autoDraw = False
327.4180 	EXP 	probe: autoDraw = True
328.2017 	EXP 	Device response: <KeyPress from None: t=328.1892729999963, value=x, duration=None>
328.2021 	EXP 	New trial (rep=34, index=0): <Trial 136 (0 in rep 34) data={'pos': -50, 'corr_resp': 'x', 'thisN': 136, 'thisTrialN': 0, 'thisRepN': 34}>
328.2033 	DATA 	Keypress: x
328.2180 	EXP 	fixation: autoDraw = False
328.2180 	EXP 	line1: autoDraw = False
328.2180 	EXP 	line2: autoDraw = False
328.2180 	EXP 	line3: autoDraw = False
328.2180 	EXP 	line4: autoDraw = False
328.2180 	EXP 	probe: autoDraw = False
328.2858 	EXP 	Device response: <KeyPress from None: t=328.1892729999963, value=x, duration=0.09448659999179654>
329.2014 	EXP 	fixation: autoDraw = True
329.2014 	EXP 	line1: autoDraw = True
329.2014 	EXP 	line2: autoDraw = True
329.2014 	EXP 	line3: autoDraw = True
329.2014 	EXP 	line4: autoDraw = True
330.2015 	INFO 	Keyboard events cleared
330.2013 	EXP 	fixation: autoDraw = False
330.2013 	EXP 	probe: autoDraw = True
330.4205 	DATA 	Keypress: c
330.4360 	EXP 	Device response: <KeyPress from None: t=330.419842599993, value=c, duration=None>
330.4364 	EXP 	New trial (rep=34, index=1): <Trial 137 (1 in rep 34) data={'pos': 150, 'corr_resp': 'v', 'thisN': 137, 'thisTrialN': 1, 'thisRepN': 34}>
330.4514 	EXP 	fixation: autoDraw = False
330.4514 	EXP 	line1: autoDraw = False
330.4514 	EXP 	line2: autoDraw = False
330.4514 	EXP 	line3: autoDraw = False
330.4514 	EXP 	line4: autoDraw = False
330.4514 	EXP 	probe: autoDraw = False
330.5679 	EXP 	Device response: <KeyPress from None: t=330.419842599993, value=c, duration=0.1414612000080524>
331.4380 	EXP 	fixation: autoDraw = True
331.4380 	EXP 	line1: autoDraw = True
331.4380 	EXP 	line2: autoDraw = True
331.4380 	EXP 	line3: autoDraw = True
331.4380 	EXP 	line4: autoDraw = True
332.4386 	INFO 	Keyboard events cleared
332.4383 	EXP 	probe: autoDraw = True
332.4549 	EXP 	fixation: autoDraw = False
333.2354 	EXP 	Device response: <KeyPress from None: t=333.2297375999915, value=v, duration=None>
333.2358 	EXP 	New trial (rep=34, index=2): <Trial 138 (2 in rep 34) data={'pos': 50, 'corr_resp': 'c', 'thisN': 138, 'thisTrialN': 2, 'thisRepN': 34}>
333.2370 	DATA 	Keypress: v
333.2512 	EXP 	fixation: autoDraw = False
333.2512 	EXP 	line1: autoDraw = False
333.2512 	EXP 	line2: autoDraw = False
333.2512 	EXP 	line3: autoDraw = False
333.2512 	EXP 	line4: autoDraw = False
333.2512 	EXP 	probe: autoDraw = False
333.3015 	EXP 	Device response: <KeyPress from None: t=333.2297375999915, value=v, duration=0.06635120000282768>
334.2386 	EXP 	fixation: autoDraw = True
334.2386 	EXP 	line1: autoDraw = True
334.2386 	EXP 	line2: autoDraw = True
334.2386 	EXP 	line3: autoDraw = True
334.2386 	EXP 	line4: autoDraw = True
335.2513 	INFO 	Keyboard events cleared
335.2512 	EXP 	fixation: autoDraw = False
335.2512 	EXP 	probe: autoDraw = True
335.5855 	EXP 	Device response: <KeyPress from None: t=335.5834283000004, value=c, duration=None>
335.5860 	EXP 	New trial (rep=34, index=3): <Trial 139 (3 in rep 34) data={'pos': -150, 'corr_resp': 'z', 'thisN': 139, 'thisTrialN': 3, 'thisRepN': 34}>
335.5872 	DATA 	Keypress: c
335.6019 	EXP 	fixation: autoDraw = False
335.6019 	EXP 	line1: autoDraw = False
335.6019 	EXP 	line2: autoDraw = False
335.6019 	EXP 	line3: autoDraw = False
335.6019 	EXP 	line4: autoDraw = False
335.6019 	EXP 	probe: autoDraw = False
335.7189 	EXP 	Device response: <KeyPress from None: t=335.5834283000004, value=c, duration=0.12967169999319594>
336.6012 	EXP 	fixation: autoDraw = True
336.6012 	EXP 	line1: autoDraw = True
336.6012 	EXP 	line2: autoDraw = True
336.6012 	EXP 	line3: autoDraw = True
336.6012 	EXP 	line4: autoDraw = True
337.5844 	INFO 	Keyboard events cleared
337.5842 	EXP 	probe: autoDraw = True
337.6017 	EXP 	fixation: autoDraw = False
338.1202 	DATA 	Keypress: z
338.1350 	EXP 	Device response: <KeyPress from None: t=338.1185656000016, value=z, duration=None>
338.1354 	EXP 	New trial (rep=35, index=0): <Trial 140 (0 in rep 35) data={'pos': -50, 'corr_resp': 'x', 'thisN': 140, 'thisTrialN': 0, 'thisRepN': 35}>
338.1513 	EXP 	fixation: autoDraw = False
338.1513 	EXP 	line1: autoDraw = False
338.1513 	EXP 	line2: autoDraw = False
338.1513 	EXP 	line3: autoDraw = False
338.1513 	EXP 	line4: autoDraw = False
338.1513 	EXP 	probe: autoDraw = False
338.2521 	EXP 	Device response: <KeyPress from None: t=318.318723999997, value=z, duration=19.921248999991803>
339.1349 	EXP 	fixation: autoDraw = True
339.1349 	EXP 	line1: autoDraw = True
339.1349 	EXP 	line2: autoDraw = True
339.1349 	EXP 	line3: autoDraw = True
339.1349 	EXP 	line4: autoDraw = True
340.1347 	EXP 	fixation: autoDraw = False
340.1512 	INFO 	Keyboard events cleared
340.1510 	EXP 	probe: autoDraw = True
340.4499 	EXP 	Device response: <KeyPress from None: t=340.4416251999937, value=x, duration=None>
340.4503 	EXP 	New trial (rep=35, index=1): <Trial 141 (1 in rep 35) data={'pos': 150, 'corr_resp': 'v', 'thisN': 141, 'thisTrialN': 1, 'thisRepN': 35}>
340.4515 	DATA 	Keypress: x
340.4685 	EXP 	fixation: autoDraw = False
340.4685 	EXP 	line1: autoDraw = False
340.4685 	EXP 	line2: autoDraw = False
340.4685 	EXP 	line3: autoDraw = False
340.4685 	EXP 	line4: autoDraw = False
340.4685 	EXP 	probe: autoDraw = False
340.6182 	EXP 	Device response: <KeyPress from None: t=340.4416251999937, value=x, duration=0.1677105999988271>
341.4514 	EXP 	fixation: autoDraw = True
341.4514 	EXP 	line1: autoDraw = True
341.4514 	EXP 	line2: autoDraw = True
341.4514 	EXP 	line3: autoDraw = True
341.4514 	EXP 	line4: autoDraw = True
342.4514 	INFO 	Keyboard events cleared
342.4512 	EXP 	fixation: autoDraw = False
342.4512 	EXP 	probe: autoDraw = True
343.0390 	EXP 	Device response: <KeyPress from None: t=343.03026139999565, value=v, duration=None>
343.0397 	EXP 	New trial (rep=35, index=2): <Trial 142 (2 in rep 35) data={'pos': 50, 'corr_resp': 'c', 'thisN': 142, 'thisTrialN': 2, 'thisRepN': 35}>
343.0421 	DATA 	Keypress: v
343.0556 	EXP 	fixation: autoDraw = False
343.0556 	EXP 	line1: autoDraw = False
343.0556 	EXP 	line2: autoDraw = False
343.0556 	EXP 	line3: autoDraw = False
343.0556 	EXP 	line4: autoDraw = False
343.0556 	EXP 	probe: autoDraw = False
343.2045 	EXP 	Device response: <KeyPress from None: t=343.03026139999565, value=v, duration=0.1671524999983376>
344.0548 	EXP 	fixation: autoDraw = True
344.0548 	EXP 	line1: autoDraw = True
344.0548 	EXP 	line2: autoDraw = True
344.0548 	EXP 	line3: autoDraw = True
344.0548 	EXP 	line4: autoDraw = True
345.0550 	INFO 	Keyboard events cleared
345.0547 	EXP 	fixation: autoDraw = False
345.0547 	EXP 	probe: autoDraw = True
345.4028 	DATA 	Keypress: c
345.4184 	EXP 	Device response: <KeyPress from None: t=345.4013866999885, value=c, duration=None>
345.4187 	EXP 	New trial (rep=35, index=3): <Trial 143 (3 in rep 35) data={'pos': -150, 'corr_resp': 'z', 'thisN': 143, 'thisTrialN': 3, 'thisRepN': 35}>
345.4348 	EXP 	fixation: autoDraw = False
345.4348 	EXP 	line1: autoDraw = False
345.4348 	EXP 	line2: autoDraw = False
345.4348 	EXP 	line3: autoDraw = False
345.4348 	EXP 	line4: autoDraw = False
345.4348 	EXP 	probe: autoDraw = False
345.5186 	EXP 	Device response: <KeyPress from None: t=345.4013866999885, value=c, duration=0.10098550000111572>
346.4176 	EXP 	fixation: autoDraw = True
346.4176 	EXP 	line1: autoDraw = True
346.4176 	EXP 	line2: autoDraw = True
346.4176 	EXP 	line3: autoDraw = True
346.4176 	EXP 	line4: autoDraw = True
347.4184 	INFO 	Keyboard events cleared
347.4182 	EXP 	fixation: autoDraw = False
347.4182 	EXP 	probe: autoDraw = True
347.6516 	DATA 	Keypress: z
347.6667 	EXP 	Device response: <KeyPress from None: t=347.6507133999985, value=z, duration=None>
347.6670 	EXP 	New trial (rep=36, index=0): <Trial 144 (0 in rep 36) data={'pos': -50, 'corr_resp': 'x', 'thisN': 144, 'thisTrialN': 0, 'thisRepN': 36}>
347.6821 	EXP 	fixation: autoDraw = False
347.6821 	EXP 	line1: autoDraw = False
347.6821 	EXP 	line2: autoDraw = False
347.6821 	EXP 	line3: autoDraw = False
347.6821 	EXP 	line4: autoDraw = False
347.6821 	EXP 	probe: autoDraw = False
347.8362 	EXP 	Device response: <KeyPress from None: t=338.1185656000016, value=z, duration=9.715505899992422>
348.6677 	EXP 	fixation: autoDraw = True
348.6677 	EXP 	line1: autoDraw = True
348.6677 	EXP 	line2: autoDraw = True
348.6677 	EXP 	line3: autoDraw = True
348.6677 	EXP 	line4: autoDraw = True
349.6681 	INFO 	Keyboard events cleared
349.6679 	EXP 	fixation: autoDraw = False
349.6679 	EXP 	probe: autoDraw = True
349.9678 	EXP 	Device response: <KeyPress from None: t=349.96164999999746, value=x, duration=None>
349.9682 	EXP 	New trial (rep=36, index=1): <Trial 145 (1 in rep 36) data={'pos': 150, 'corr_resp': 'v', 'thisN': 145, 'thisTrialN': 1, 'thisRepN': 36}>
349.9694 	DATA 	Keypress: x
349.9845 	EXP 	fixation: autoDraw = False
349.9845 	EXP 	line1: autoDraw = False
349.9845 	EXP 	line2: autoDraw = False
349.9845 	EXP 	line3: autoDraw = False
349.9845 	EXP 	line4: autoDraw = False
349.9845 	EXP 	probe: autoDraw = False
350.1023 	EXP 	Device response: <KeyPress from None: t=349.96164999999746, value=x, duration=0.133944999994128>
350.9709 	EXP 	fixation: autoDraw = True
350.9709 	EXP 	line1: autoDraw = True
350.9709 	EXP 	line2: autoDraw = True
350.9709 	EXP 	line3: autoDraw = True
350.9709 	EXP 	line4: autoDraw = True
351.9681 	INFO 	Keyboard events cleared
351.9679 	EXP 	probe: autoDraw = True
351.9845 	EXP 	fixation: autoDraw = False
352.2186 	EXP 	Device response: <KeyPress from None: t=352.2161156999937, value=v, duration=None>
352.2190 	EXP 	New trial (rep=36, index=2): <Trial 146 (2 in rep 36) data={'pos': 50, 'corr_resp': 'c', 'thisN': 146, 'thisTrialN': 2, 'thisRepN': 36}>
352.2202 	DATA 	Keypress: v
352.2346 	EXP 	fixation: autoDraw = False
352.2346 	EXP 	line1: autoDraw = False
352.2346 	EXP 	line2: autoDraw = False
352.2346 	EXP 	line3: autoDraw = False
352.2346 	EXP 	line4: autoDraw = False
352.2346 	EXP 	probe: autoDraw = False
352.4019 	EXP 	Device response: <KeyPress from None: t=352.2161156999937, value=v, duration=0.1825195999990683>
353.2349 	EXP 	fixation: autoDraw = True
353.2349 	EXP 	line1: autoDraw = True
353.2349 	EXP 	line2: autoDraw = True
353.2349 	EXP 	line3: autoDraw = True
353.2349 	EXP 	line4: autoDraw = True
354.2211 	INFO 	Keyboard events cleared
354.2208 	EXP 	probe: autoDraw = True
354.2380 	EXP 	fixation: autoDraw = False
354.2874 	EXP 	Device response: <KeyPress from None: t=354.2790385999979, value=c, duration=None>
354.2881 	EXP 	New trial (rep=36, index=3): <Trial 147 (3 in rep 36) data={'pos': -150, 'corr_resp': 'z', 'thisN': 147, 'thisTrialN': 3, 'thisRepN': 36}>
354.2904 	DATA 	Keypress: c
354.3046 	EXP 	fixation: autoDraw = False
354.3046 	EXP 	line1: autoDraw = False
354.3046 	EXP 	line2: autoDraw = False
354.3046 	EXP 	line3: autoDraw = False
354.3046 	EXP 	line4: autoDraw = False
354.3046 	EXP 	probe: autoDraw = False
354.4198 	EXP 	Device response: <KeyPress from None: t=354.2790385999979, value=c, duration=0.12858750000305008>
355.3006 	EXP 	fixation: autoDraw = True
355.3006 	EXP 	line1: autoDraw = True
355.3006 	EXP 	line2: autoDraw = True
355.3006 	EXP 	line3: autoDraw = True
355.3006 	EXP 	line4: autoDraw = True
356.3013 	INFO 	Keyboard events cleared
356.3011 	EXP 	fixation: autoDraw = False
356.3011 	EXP 	probe: autoDraw = True
356.6321 	EXP 	Device response: <KeyPress from None: t=356.6275289999903, value=z, duration=None>
356.6325 	EXP 	New trial (rep=37, index=0): <Trial 148 (0 in rep 37) data={'pos': -50, 'corr_resp': 'x', 'thisN': 148, 'thisTrialN': 0, 'thisRepN': 37}>
356.6336 	DATA 	Keypress: z
356.6486 	EXP 	fixation: autoDraw = False
356.6486 	EXP 	line1: autoDraw = False
356.6486 	EXP 	line2: autoDraw = False
356.6486 	EXP 	line3: autoDraw = False
356.6486 	EXP 	line4: autoDraw = False
356.6486 	EXP 	probe: autoDraw = False
356.8397 	EXP 	Device response: <KeyPress from None: t=347.6507133999985, value=z, duration=9.176177499990445>
357.6332 	EXP 	fixation: autoDraw = True
357.6332 	EXP 	line1: autoDraw = True
357.6332 	EXP 	line2: autoDraw = True
357.6332 	EXP 	line3: autoDraw = True
357.6332 	EXP 	line4: autoDraw = True
358.6324 	INFO 	Keyboard events cleared
358.6322 	EXP 	fixation: autoDraw = False
358.6322 	EXP 	probe: autoDraw = True
358.9321 	EXP 	Device response: <KeyPress from None: t=358.9257862999948, value=x, duration=None>
358.9325 	EXP 	New trial (rep=37, index=1): <Trial 149 (1 in rep 37) data={'pos': 150, 'corr_resp': 'v', 'thisN': 149, 'thisTrialN': 1, 'thisRepN': 37}>
358.9335 	DATA 	Keypress: x
358.9485 	EXP 	fixation: autoDraw = False
358.9485 	EXP 	line1: autoDraw = False
358.9485 	EXP 	line2: autoDraw = False
358.9485 	EXP 	line3: autoDraw = False
358.9485 	EXP 	line4: autoDraw = False
358.9485 	EXP 	probe: autoDraw = False
359.1156 	EXP 	Device response: <KeyPress from None: t=358.9257862999948, value=x, duration=0.17811039999651257>
359.9339 	EXP 	fixation: autoDraw = True
359.9339 	EXP 	line1: autoDraw = True
359.9339 	EXP 	line2: autoDraw = True
359.9339 	EXP 	line3: autoDraw = True
359.9339 	EXP 	line4: autoDraw = True
360.9349 	INFO 	Keyboard events cleared
360.9347 	EXP 	fixation: autoDraw = False
360.9347 	EXP 	probe: autoDraw = True
361.2355 	EXP 	Device response: <KeyPress from None: t=361.23093429999426, value=v, duration=None>
361.2359 	EXP 	New trial (rep=37, index=2): <Trial 150 (2 in rep 37) data={'pos': 50, 'corr_resp': 'c', 'thisN': 150, 'thisTrialN': 2, 'thisRepN': 37}>
361.2373 	DATA 	Keypress: v
361.2515 	EXP 	fixation: autoDraw = False
361.2515 	EXP 	line1: autoDraw = False
361.2515 	EXP 	line2: autoDraw = False
361.2515 	EXP 	line3: autoDraw = False
361.2515 	EXP 	line4: autoDraw = False
361.2515 	EXP 	probe: autoDraw = False
361.3531 	EXP 	Device response: <KeyPress from None: t=361.23093429999426, value=v, duration=0.11935160000575706>
362.2509 	EXP 	fixation: autoDraw = True
362.2509 	EXP 	line1: autoDraw = True
362.2509 	EXP 	line2: autoDraw = True
362.2509 	EXP 	line3: autoDraw = True
362.2509 	EXP 	line4: autoDraw = True
363.2349 	INFO 	Keyboard events cleared
363.2347 	EXP 	probe: autoDraw = True
363.2518 	EXP 	fixation: autoDraw = False
363.5825 	EXP 	Device response: <KeyPress from None: t=363.5798635999963, value=c, duration=None>
363.5830 	EXP 	New trial (rep=37, index=3): <Trial 151 (3 in rep 37) data={'pos': -150, 'corr_resp': 'z', 'thisN': 151, 'thisTrialN': 3, 'thisRepN': 37}>
363.5842 	DATA 	Keypress: c
363.5998 	EXP 	fixation: autoDraw = False
363.5998 	EXP 	line1: autoDraw = False
363.5998 	EXP 	line2: autoDraw = False
363.5998 	EXP 	line3: autoDraw = False
363.5998 	EXP 	line4: autoDraw = False
363.5998 	EXP 	probe: autoDraw = False
363.7828 	EXP 	Device response: <KeyPress from None: t=363.5798635999963, value=c, duration=0.1951011000055587>
364.5847 	EXP 	fixation: autoDraw = True
364.5847 	EXP 	line1: autoDraw = True
364.5847 	EXP 	line2: autoDraw = True
364.5847 	EXP 	line3: autoDraw = True
364.5847 	EXP 	line4: autoDraw = True
365.5847 	INFO 	Keyboard events cleared
365.5845 	EXP 	fixation: autoDraw = False
365.5845 	EXP 	probe: autoDraw = True
365.9556 	EXP 	Device response: <KeyPress from None: t=365.946964799994, value=z, duration=None>
365.9562 	EXP 	New trial (rep=38, index=0): <Trial 152 (0 in rep 38) data={'pos': -50, 'corr_resp': 'x', 'thisN': 152, 'thisTrialN': 0, 'thisRepN': 38}>
365.9590 	DATA 	Keypress: z
365.9713 	EXP 	fixation: autoDraw = False
365.9713 	EXP 	line1: autoDraw = False
365.9713 	EXP 	line2: autoDraw = False
365.9713 	EXP 	line3: autoDraw = False
365.9713 	EXP 	line4: autoDraw = False
365.9713 	EXP 	probe: autoDraw = False
366.1385 	EXP 	Device response: <KeyPress from None: t=356.6275289999903, value=z, duration=9.503605500009144>
366.9670 	EXP 	fixation: autoDraw = True
366.9670 	EXP 	line1: autoDraw = True
366.9670 	EXP 	line2: autoDraw = True
366.9670 	EXP 	line3: autoDraw = True
366.9670 	EXP 	line4: autoDraw = True
367.9674 	INFO 	Keyboard events cleared
367.9672 	EXP 	fixation: autoDraw = False
367.9672 	EXP 	probe: autoDraw = True
368.7682 	EXP 	Device response: <KeyPress from None: t=368.76301650000096, value=x, duration=None>
368.7687 	EXP 	New trial (rep=38, index=1): <Trial 153 (1 in rep 38) data={'pos': 150, 'corr_resp': 'v', 'thisN': 153, 'thisTrialN': 1, 'thisRepN': 38}>
368.7701 	DATA 	Keypress: x
368.7839 	EXP 	fixation: autoDraw = False
368.7839 	EXP 	line1: autoDraw = False
368.7839 	EXP 	line2: autoDraw = False
368.7839 	EXP 	line3: autoDraw = False
368.7839 	EXP 	line4: autoDraw = False
368.7839 	EXP 	probe: autoDraw = False
368.9342 	EXP 	Device response: <KeyPress from None: t=368.76301650000096, value=x, duration=0.16626990000077058>
369.7682 	EXP 	fixation: autoDraw = True
369.7682 	EXP 	line1: autoDraw = True
369.7682 	EXP 	line2: autoDraw = True
369.7682 	EXP 	line3: autoDraw = True
369.7682 	EXP 	line4: autoDraw = True
370.7676 	EXP 	fixation: autoDraw = False
370.7851 	INFO 	Keyboard events cleared
370.7849 	EXP 	probe: autoDraw = True
371.0843 	EXP 	Device response: <KeyPress from None: t=371.0753786999994, value=v, duration=None>
371.0847 	EXP 	New trial (rep=38, index=2): <Trial 154 (2 in rep 38) data={'pos': 50, 'corr_resp': 'c', 'thisN': 154, 'thisTrialN': 2, 'thisRepN': 38}>
371.0859 	DATA 	Keypress: v
371.1009 	EXP 	fixation: autoDraw = False
371.1009 	EXP 	line1: autoDraw = False
371.1009 	EXP 	line2: autoDraw = False
371.1009 	EXP 	line3: autoDraw = False
371.1009 	EXP 	line4: autoDraw = False
371.1009 	EXP 	probe: autoDraw = False
371.2015 	EXP 	Device response: <KeyPress from None: t=371.0753786999994, value=v, duration=0.11352109999279492>
372.0842 	EXP 	fixation: autoDraw = True
372.0842 	EXP 	line1: autoDraw = True
372.0842 	EXP 	line2: autoDraw = True
372.0842 	EXP 	line3: autoDraw = True
372.0842 	EXP 	line4: autoDraw = True
373.0846 	INFO 	Keyboard events cleared
373.0844 	EXP 	fixation: autoDraw = False
373.0844 	EXP 	probe: autoDraw = True
373.2846 	EXP 	Device response: <KeyPress from None: t=373.2796562000003, value=c, duration=None>
373.2850 	EXP 	New trial (rep=38, index=3): <Trial 155 (3 in rep 38) data={'pos': -150, 'corr_resp': 'z', 'thisN': 155, 'thisTrialN': 3, 'thisRepN': 38}>
373.2862 	DATA 	Keypress: c
373.3006 	EXP 	fixation: autoDraw = False
373.3006 	EXP 	line1: autoDraw = False
373.3006 	EXP 	line2: autoDraw = False
373.3006 	EXP 	line3: autoDraw = False
373.3006 	EXP 	line4: autoDraw = False
373.3006 	EXP 	probe: autoDraw = False
373.4346 	EXP 	Device response: <KeyPress from None: t=373.2796562000003, value=c, duration=0.14826909999828786>
374.2841 	EXP 	fixation: autoDraw = True
374.2841 	EXP 	line1: autoDraw = True
374.2841 	EXP 	line2: autoDraw = True
374.2841 	EXP 	line3: autoDraw = True
374.2841 	EXP 	line4: autoDraw = True
375.2850 	INFO 	Keyboard events cleared
375.2848 	EXP 	fixation: autoDraw = False
375.2848 	EXP 	probe: autoDraw = True
376.0347 	EXP 	Device response: <KeyPress from None: t=376.0304104999959, value=z, duration=None>
376.0351 	EXP 	New trial (rep=39, index=0): <Trial 156 (0 in rep 39) data={'pos': -50, 'corr_resp': 'x', 'thisN': 156, 'thisTrialN': 0, 'thisRepN': 39}>
376.0363 	DATA 	Keypress: z
376.0508 	EXP 	fixation: autoDraw = False
376.0508 	EXP 	line1: autoDraw = False
376.0508 	EXP 	line2: autoDraw = False
376.0508 	EXP 	line3: autoDraw = False
376.0508 	EXP 	line4: autoDraw = False
376.0508 	EXP 	probe: autoDraw = False
376.2178 	EXP 	Device response: <KeyPress from None: t=365.946964799994, value=z, duration=10.264066500007175>
377.0346 	EXP 	fixation: autoDraw = True
377.0346 	EXP 	line1: autoDraw = True
377.0346 	EXP 	line2: autoDraw = True
377.0346 	EXP 	line3: autoDraw = True
377.0346 	EXP 	line4: autoDraw = True
378.0343 	EXP 	fixation: autoDraw = False
378.0511 	INFO 	Keyboard events cleared
378.0509 	EXP 	probe: autoDraw = True
378.3682 	EXP 	Device response: <KeyPress from None: t=378.3552395000006, value=x, duration=None>
378.3687 	EXP 	New trial (rep=39, index=1): <Trial 157 (1 in rep 39) data={'pos': 150, 'corr_resp': 'v', 'thisN': 157, 'thisTrialN': 1, 'thisRepN': 39}>
378.3700 	DATA 	Keypress: x
378.3840 	EXP 	fixation: autoDraw = False
378.3840 	EXP 	line1: autoDraw = False
378.3840 	EXP 	line2: autoDraw = False
378.3840 	EXP 	line3: autoDraw = False
378.3840 	EXP 	line4: autoDraw = False
378.3840 	EXP 	probe: autoDraw = False
378.5352 	EXP 	Device response: <KeyPress from None: t=378.3552395000006, value=x, duration=0.17602400000032503>
379.3676 	EXP 	fixation: autoDraw = True
379.3676 	EXP 	line1: autoDraw = True
379.3676 	EXP 	line2: autoDraw = True
379.3676 	EXP 	line3: autoDraw = True
379.3676 	EXP 	line4: autoDraw = True
380.3653 	INFO 	Keyboard events cleared
380.3651 	EXP 	fixation: autoDraw = False
380.3651 	EXP 	probe: autoDraw = True
380.8013 	EXP 	Device response: <KeyPress from None: t=380.7958579999977, value=v, duration=None>
380.8017 	EXP 	New trial (rep=39, index=2): <Trial 158 (2 in rep 39) data={'pos': 50, 'corr_resp': 'c', 'thisN': 158, 'thisTrialN': 2, 'thisRepN': 39}>
380.8029 	DATA 	Keypress: v
380.8180 	EXP 	fixation: autoDraw = False
380.8180 	EXP 	line1: autoDraw = False
380.8180 	EXP 	line2: autoDraw = False
380.8180 	EXP 	line3: autoDraw = False
380.8180 	EXP 	line4: autoDraw = False
380.8180 	EXP 	probe: autoDraw = False
380.9514 	EXP 	Device response: <KeyPress from None: t=380.7958579999977, value=v, duration=0.13986739999381825>
381.8007 	EXP 	fixation: autoDraw = True
381.8007 	EXP 	line1: autoDraw = True
381.8007 	EXP 	line2: autoDraw = True
381.8007 	EXP 	line3: autoDraw = True
381.8007 	EXP 	line4: autoDraw = True
382.8014 	INFO 	Keyboard events cleared
382.8012 	EXP 	fixation: autoDraw = False
382.8012 	EXP 	probe: autoDraw = True
383.1011 	EXP 	Device response: <KeyPress from None: t=383.0970146999898, value=c, duration=None>
383.1016 	EXP 	New trial (rep=39, index=3): <Trial 159 (3 in rep 39) data={'pos': -150, 'corr_resp': 'z', 'thisN': 159, 'thisTrialN': 3, 'thisRepN': 39}>
383.1028 	DATA 	Keypress: c
383.1175 	EXP 	fixation: autoDraw = False
383.1175 	EXP 	line1: autoDraw = False
383.1175 	EXP 	line2: autoDraw = False
383.1175 	EXP 	line3: autoDraw = False
383.1175 	EXP 	line4: autoDraw = False
383.1175 	EXP 	probe: autoDraw = False
383.2680 	EXP 	Device response: <KeyPress from None: t=383.0970146999898, value=c, duration=0.15831540001090616>
384.1009 	EXP 	fixation: autoDraw = True
384.1009 	EXP 	line1: autoDraw = True
384.1009 	EXP 	line2: autoDraw = True
384.1009 	EXP 	line3: autoDraw = True
384.1009 	EXP 	line4: autoDraw = True
384.7176 	EXP 	Device response: <KeyPress from None: t=384.7111165999959, value=z, duration=None>
384.7193 	DATA 	Keypress: z
384.9512 	EXP 	Device response: <KeyPress from None: t=376.0304104999959, value=z, duration=8.9076619999978>
385.1004 	INFO 	Keyboard events cleared
385.1003 	EXP 	fixation: autoDraw = False
385.1003 	EXP 	probe: autoDraw = True
385.2032 	EXP 	Device response: <KeyPress from None: t=385.19947089999914, value=z, duration=None>
385.2038 	EXP 	New trial (rep=40, index=0): <Trial 160 (0 in rep 40) data={'pos': -50, 'corr_resp': 'x', 'thisN': 160, 'thisTrialN': 0, 'thisRepN': 40}>
385.2067 	DATA 	Keypress: z
385.2206 	EXP 	fixation: autoDraw = False
385.2206 	EXP 	line1: autoDraw = False
385.2206 	EXP 	line2: autoDraw = False
385.2206 	EXP 	line3: autoDraw = False
385.2206 	EXP 	line4: autoDraw = False
385.2206 	EXP 	probe: autoDraw = False
385.3565 	EXP 	Device response: <KeyPress from None: t=384.7111165999959, value=z, duration=0.641480699996464>
386.2209 	EXP 	fixation: autoDraw = True
386.2209 	EXP 	line1: autoDraw = True
386.2209 	EXP 	line2: autoDraw = True
386.2209 	EXP 	line3: autoDraw = True
386.2209 	EXP 	line4: autoDraw = True
387.2039 	INFO 	Keyboard events cleared
387.2036 	EXP 	probe: autoDraw = True
387.2197 	EXP 	fixation: autoDraw = False
387.5193 	DATA 	Keypress: x
387.5345 	EXP 	Device response: <KeyPress from None: t=387.51878519999445, value=x, duration=None>
387.5349 	EXP 	New trial (rep=40, index=1): <Trial 161 (1 in rep 40) data={'pos': 150, 'corr_resp': 'v', 'thisN': 161, 'thisTrialN': 1, 'thisRepN': 40}>
387.5507 	EXP 	fixation: autoDraw = False
387.5507 	EXP 	line1: autoDraw = False
387.5507 	EXP 	line2: autoDraw = False
387.5507 	EXP 	line3: autoDraw = False
387.5507 	EXP 	line4: autoDraw = False
387.5507 	EXP 	probe: autoDraw = False
387.7025 	EXP 	Device response: <KeyPress from None: t=387.51878519999445, value=x, duration=0.18159550000564195>
388.5508 	EXP 	fixation: autoDraw = True
388.5508 	EXP 	line1: autoDraw = True
388.5508 	EXP 	line2: autoDraw = True
388.5508 	EXP 	line3: autoDraw = True
388.5508 	EXP 	line4: autoDraw = True
389.5339 	INFO 	Keyboard events cleared
389.5337 	EXP 	probe: autoDraw = True
389.5507 	EXP 	fixation: autoDraw = False
390.1507 	EXP 	Device response: <KeyPress from None: t=390.1457761999918, value=v, duration=None>
390.1511 	EXP 	New trial (rep=40, index=2): <Trial 162 (2 in rep 40) data={'pos': 50, 'corr_resp': 'c', 'thisN': 162, 'thisTrialN': 2, 'thisRepN': 40}>
390.1524 	DATA 	Keypress: v
390.1667 	EXP 	fixation: autoDraw = False
390.1667 	EXP 	line1: autoDraw = False
390.1667 	EXP 	line2: autoDraw = False
390.1667 	EXP 	line3: autoDraw = False
390.1667 	EXP 	line4: autoDraw = False
390.1667 	EXP 	probe: autoDraw = False
390.2850 	EXP 	Device response: <KeyPress from None: t=390.1457761999918, value=v, duration=0.13603280000097584>
391.1509 	EXP 	fixation: autoDraw = True
391.1509 	EXP 	line1: autoDraw = True
391.1509 	EXP 	line2: autoDraw = True
391.1509 	EXP 	line3: autoDraw = True
391.1509 	EXP 	line4: autoDraw = True
392.1515 	INFO 	Keyboard events cleared
392.1513 	EXP 	fixation: autoDraw = False
392.1513 	EXP 	probe: autoDraw = True
392.4871 	EXP 	Device response: <KeyPress from None: t=392.4836992999917, value=c, duration=None>
392.4875 	EXP 	New trial (rep=40, index=3): <Trial 163 (3 in rep 40) data={'pos': -150, 'corr_resp': 'z', 'thisN': 163, 'thisTrialN': 3, 'thisRepN': 40}>
392.4889 	DATA 	Keypress: c
392.5007 	EXP 	fixation: autoDraw = False
392.5007 	EXP 	line1: autoDraw = False
392.5007 	EXP 	line2: autoDraw = False
392.5007 	EXP 	line3: autoDraw = False
392.5007 	EXP 	line4: autoDraw = False
392.5007 	EXP 	probe: autoDraw = False
392.6688 	EXP 	Device response: <KeyPress from None: t=392.4836992999917, value=c, duration=0.16805170000588987>
393.4879 	EXP 	fixation: autoDraw = True
393.4879 	EXP 	line1: autoDraw = True
393.4879 	EXP 	line2: autoDraw = True
393.4879 	EXP 	line3: autoDraw = True
393.4879 	EXP 	line4: autoDraw = True
394.5016 	INFO 	Keyboard events cleared
394.5014 	EXP 	fixation: autoDraw = False
394.5014 	EXP 	probe: autoDraw = True
394.9035 	DATA 	Keypress: z
394.9187 	EXP 	Device response: <KeyPress from None: t=394.9028199999884, value=z, duration=None>
394.9191 	EXP 	New trial (rep=41, index=0): <Trial 164 (0 in rep 41) data={'pos': -50, 'corr_resp': 'x', 'thisN': 164, 'thisTrialN': 0, 'thisRepN': 41}>
394.9341 	EXP 	fixation: autoDraw = False
394.9341 	EXP 	line1: autoDraw = False
394.9341 	EXP 	line2: autoDraw = False
394.9341 	EXP 	line3: autoDraw = False
394.9341 	EXP 	line4: autoDraw = False
394.9341 	EXP 	probe: autoDraw = False
395.1689 	EXP 	Device response: <KeyPress from None: t=385.19947089999914, value=z, duration=9.967149899996002>
395.9344 	EXP 	fixation: autoDraw = True
395.9344 	EXP 	line1: autoDraw = True
395.9344 	EXP 	line2: autoDraw = True
395.9344 	EXP 	line3: autoDraw = True
395.9344 	EXP 	line4: autoDraw = True
396.4690 	EXP 	Device response: <KeyPress from None: t=396.4541778999992, value=x, duration=None>
396.4708 	DATA 	Keypress: x
396.6183 	EXP 	Device response: <KeyPress from None: t=396.4541778999992, value=x, duration=0.1612046999944141>
396.9354 	INFO 	Keyboard events cleared
396.9352 	EXP 	fixation: autoDraw = False
396.9352 	EXP 	probe: autoDraw = True
396.9514 	EXP 	Device response: <KeyPress from None: t=396.9438497999945, value=x, duration=None>
396.9518 	EXP 	New trial (rep=41, index=1): <Trial 165 (1 in rep 41) data={'pos': 150, 'corr_resp': 'v', 'thisN': 165, 'thisTrialN': 1, 'thisRepN': 41}>
396.9531 	DATA 	Keypress: x
396.9682 	EXP 	fixation: autoDraw = False
396.9682 	EXP 	line1: autoDraw = False
396.9682 	EXP 	line2: autoDraw = False
396.9682 	EXP 	line3: autoDraw = False
396.9682 	EXP 	line4: autoDraw = False
396.9682 	EXP 	probe: autoDraw = False
397.1185 	EXP 	Device response: <KeyPress from None: t=396.9438497999945, value=x, duration=0.1659302000043681>
397.9512 	EXP 	fixation: autoDraw = True
397.9512 	EXP 	line1: autoDraw = True
397.9512 	EXP 	line2: autoDraw = True
397.9512 	EXP 	line3: autoDraw = True
397.9512 	EXP 	line4: autoDraw = True
398.9509 	INFO 	Keyboard events cleared
398.9507 	EXP 	fixation: autoDraw = False
398.9507 	EXP 	probe: autoDraw = True
398.9673 	EXP 	Device response: <KeyPress from None: t=398.9621613999916, value=v, duration=None>
398.9677 	EXP 	New trial (rep=41, index=2): <Trial 166 (2 in rep 41) data={'pos': 50, 'corr_resp': 'c', 'thisN': 166, 'thisTrialN': 2, 'thisRepN': 41}>
398.9689 	DATA 	Keypress: v
398.9841 	EXP 	fixation: autoDraw = False
398.9841 	EXP 	line1: autoDraw = False
398.9841 	EXP 	line2: autoDraw = False
398.9841 	EXP 	line3: autoDraw = False
398.9841 	EXP 	line4: autoDraw = False
398.9841 	EXP 	probe: autoDraw = False
399.1708 	EXP 	Device response: <KeyPress from None: t=398.9621613999916, value=v, duration=0.2008446000108961>
399.9703 	EXP 	fixation: autoDraw = True
399.9703 	EXP 	line1: autoDraw = True
399.9703 	EXP 	line2: autoDraw = True
399.9703 	EXP 	line3: autoDraw = True
399.9703 	EXP 	line4: autoDraw = True
400.9600 	DATA 	Keypress: c
400.9709 	INFO 	Keyboard events cleared
400.9704 	EXP 	fixation: autoDraw = False
400.9704 	EXP 	probe: autoDraw = True
401.6685 	EXP 	Device response: <KeyPress from None: t=401.66475999999966, value=c, duration=None>
401.6689 	EXP 	New trial (rep=41, index=3): <Trial 167 (3 in rep 41) data={'pos': -150, 'corr_resp': 'z', 'thisN': 167, 'thisTrialN': 3, 'thisRepN': 41}>
401.6701 	DATA 	Keypress: c
401.6826 	EXP 	fixation: autoDraw = False
401.6826 	EXP 	line1: autoDraw = False
401.6826 	EXP 	line2: autoDraw = False
401.6826 	EXP 	line3: autoDraw = False
401.6826 	EXP 	line4: autoDraw = False
401.6826 	EXP 	probe: autoDraw = False
401.8516 	EXP 	Device response: <KeyPress from None: t=401.66475999999966, value=c, duration=0.1807866000017384>
402.6713 	EXP 	fixation: autoDraw = True
402.6713 	EXP 	line1: autoDraw = True
402.6713 	EXP 	line2: autoDraw = True
402.6713 	EXP 	line3: autoDraw = True
402.6713 	EXP 	line4: autoDraw = True
403.3010 	EXP 	Device response: <KeyPress from None: t=403.2957475000003, value=z, duration=None>
403.3027 	DATA 	Keypress: z
403.5513 	EXP 	Device response: <KeyPress from None: t=394.9028199999884, value=z, duration=8.640775500010932>
403.6679 	INFO 	Keyboard events cleared
403.6677 	EXP 	probe: autoDraw = True
403.6842 	EXP 	fixation: autoDraw = False
403.7347 	EXP 	Device response: <KeyPress from None: t=403.7240002999897, value=z, duration=None>
403.7351 	EXP 	New trial (rep=42, index=0): <Trial 168 (0 in rep 42) data={'pos': -50, 'corr_resp': 'x', 'thisN': 168, 'thisTrialN': 0, 'thisRepN': 42}>
403.7363 	DATA 	Keypress: z
403.7511 	EXP 	fixation: autoDraw = False
403.7511 	EXP 	line1: autoDraw = False
403.7511 	EXP 	line2: autoDraw = False
403.7511 	EXP 	line3: autoDraw = False
403.7511 	EXP 	line4: autoDraw = False
403.7511 	EXP 	probe: autoDraw = False
403.9182 	EXP 	Device response: <KeyPress from None: t=403.2957475000003, value=z, duration=0.6191398999944795>
404.7339 	EXP 	fixation: autoDraw = True
404.7339 	EXP 	line1: autoDraw = True
404.7339 	EXP 	line2: autoDraw = True
404.7339 	EXP 	line3: autoDraw = True
404.7339 	EXP 	line4: autoDraw = True
405.7377 	INFO 	Keyboard events cleared
405.7374 	EXP 	fixation: autoDraw = False
405.7374 	EXP 	probe: autoDraw = True
405.8683 	EXP 	Device response: <KeyPress from None: t=405.8675962999987, value=x, duration=None>
405.8687 	EXP 	New trial (rep=42, index=1): <Trial 169 (1 in rep 42) data={'pos': 150, 'corr_resp': 'v', 'thisN': 169, 'thisTrialN': 1, 'thisRepN': 42}>
405.8699 	DATA 	Keypress: x
405.8841 	EXP 	fixation: autoDraw = False
405.8841 	EXP 	line1: autoDraw = False
405.8841 	EXP 	line2: autoDraw = False
405.8841 	EXP 	line3: autoDraw = False
405.8841 	EXP 	line4: autoDraw = False
405.8841 	EXP 	probe: autoDraw = False
406.0346 	EXP 	Device response: <KeyPress from None: t=405.8675962999987, value=x, duration=0.1552421999949729>
406.8677 	EXP 	fixation: autoDraw = True
406.8677 	EXP 	line1: autoDraw = True
406.8677 	EXP 	line2: autoDraw = True
406.8677 	EXP 	line3: autoDraw = True
406.8677 	EXP 	line4: autoDraw = True
407.8691 	INFO 	Keyboard events cleared
407.8689 	EXP 	fixation: autoDraw = False
407.8689 	EXP 	probe: autoDraw = True
407.9325 	EXP 	Device response: <KeyPress from None: t=407.9192844999925, value=v, duration=None>
407.9330 	EXP 	New trial (rep=42, index=2): <Trial 170 (2 in rep 42) data={'pos': 50, 'corr_resp': 'c', 'thisN': 170, 'thisTrialN': 2, 'thisRepN': 42}>
407.9344 	DATA 	Keypress: v
407.9507 	EXP 	fixation: autoDraw = False
407.9507 	EXP 	line1: autoDraw = False
407.9507 	EXP 	line2: autoDraw = False
407.9507 	EXP 	line3: autoDraw = False
407.9507 	EXP 	line4: autoDraw = False
407.9507 	EXP 	probe: autoDraw = False
408.1349 	EXP 	Device response: <KeyPress from None: t=407.9192844999925, value=v, duration=0.20349300000816584>
408.9344 	EXP 	fixation: autoDraw = True
408.9344 	EXP 	line1: autoDraw = True
408.9344 	EXP 	line2: autoDraw = True
408.9344 	EXP 	line3: autoDraw = True
408.9344 	EXP 	line4: autoDraw = True
409.5846 	EXP 	Device response: <KeyPress from None: t=409.5716471999913, value=c, duration=None>
409.5863 	DATA 	Keypress: c
409.8522 	EXP 	Device response: <KeyPress from None: t=409.5716471999913, value=c, duration=0.2792405000072904>
409.9343 	INFO 	Keyboard events cleared
409.9341 	EXP 	fixation: autoDraw = False
409.9341 	EXP 	probe: autoDraw = True
410.0684 	EXP 	Device response: <KeyPress from None: t=410.05873749998864, value=c, duration=None>
410.0688 	EXP 	New trial (rep=42, index=3): <Trial 171 (3 in rep 42) data={'pos': -150, 'corr_resp': 'z', 'thisN': 171, 'thisTrialN': 3, 'thisRepN': 42}>
410.0701 	DATA 	Keypress: c
410.0845 	EXP 	fixation: autoDraw = False
410.0845 	EXP 	line1: autoDraw = False
410.0845 	EXP 	line2: autoDraw = False
410.0845 	EXP 	line3: autoDraw = False
410.0845 	EXP 	line4: autoDraw = False
410.0845 	EXP 	probe: autoDraw = False
410.2679 	EXP 	Device response: <KeyPress from None: t=410.05873749998864, value=c, duration=0.19924750000063796>
411.0701 	EXP 	fixation: autoDraw = True
411.0701 	EXP 	line1: autoDraw = True
411.0701 	EXP 	line2: autoDraw = True
411.0701 	EXP 	line3: autoDraw = True
411.0701 	EXP 	line4: autoDraw = True
411.9039 	EXP 	Device response: <KeyPress from None: t=411.8923641000001, value=z, duration=None>
411.9061 	DATA 	Keypress: z
412.0846 	INFO 	Keyboard events cleared
412.0844 	EXP 	fixation: autoDraw = False
412.0844 	EXP 	probe: autoDraw = True
412.1344 	EXP 	Device response: <KeyPress from None: t=403.7240002999897, value=z, duration=8.402127400011523>
412.4183 	EXP 	Device response: <KeyPress from None: t=412.4132854999916, value=z, duration=None>
412.4187 	EXP 	New trial (rep=43, index=0): <Trial 172 (0 in rep 43) data={'pos': -50, 'corr_resp': 'x', 'thisN': 172, 'thisTrialN': 0, 'thisRepN': 43}>
412.4200 	DATA 	Keypress: z
412.4340 	EXP 	fixation: autoDraw = False
412.4340 	EXP 	line1: autoDraw = False
412.4340 	EXP 	line2: autoDraw = False
412.4340 	EXP 	line3: autoDraw = False
412.4340 	EXP 	line4: autoDraw = False
412.4340 	EXP 	probe: autoDraw = False
412.5850 	EXP 	Device response: <KeyPress from None: t=411.8923641000001, value=z, duration=0.686994899995625>
413.4345 	EXP 	fixation: autoDraw = True
413.4345 	EXP 	line1: autoDraw = True
413.4345 	EXP 	line2: autoDraw = True
413.4345 	EXP 	line3: autoDraw = True
413.4345 	EXP 	line4: autoDraw = True
414.4188 	INFO 	Keyboard events cleared
414.4186 	EXP 	probe: autoDraw = True
414.4353 	EXP 	fixation: autoDraw = False
414.7361 	DATA 	Keypress: x
414.7512 	EXP 	Device response: <KeyPress from None: t=414.73504149999644, value=x, duration=None>
414.7516 	EXP 	New trial (rep=43, index=1): <Trial 173 (1 in rep 43) data={'pos': 150, 'corr_resp': 'v', 'thisN': 173, 'thisTrialN': 1, 'thisRepN': 43}>
414.7679 	EXP 	fixation: autoDraw = False
414.7679 	EXP 	line1: autoDraw = False
414.7679 	EXP 	line2: autoDraw = False
414.7679 	EXP 	line3: autoDraw = False
414.7679 	EXP 	line4: autoDraw = False
414.7679 	EXP 	probe: autoDraw = False
414.9047 	EXP 	Device response: <KeyPress from None: t=414.73504149999644, value=x, duration=0.16910479999205563>
415.7506 	EXP 	fixation: autoDraw = True
415.7506 	EXP 	line1: autoDraw = True
415.7506 	EXP 	line2: autoDraw = True
415.7506 	EXP 	line3: autoDraw = True
415.7506 	EXP 	line4: autoDraw = True
416.7500 	INFO 	Keyboard events cleared
416.7498 	EXP 	fixation: autoDraw = False
416.7498 	EXP 	probe: autoDraw = True
416.8343 	EXP 	Device response: <KeyPress from None: t=416.8305773999891, value=v, duration=None>
416.8347 	EXP 	New trial (rep=43, index=2): <Trial 174 (2 in rep 43) data={'pos': 50, 'corr_resp': 'c', 'thisN': 174, 'thisTrialN': 2, 'thisRepN': 43}>
416.8359 	DATA 	Keypress: v
416.8512 	EXP 	fixation: autoDraw = False
416.8512 	EXP 	line1: autoDraw = False
416.8512 	EXP 	line2: autoDraw = False
416.8512 	EXP 	line3: autoDraw = False
416.8512 	EXP 	line4: autoDraw = False
416.8512 	EXP 	probe: autoDraw = False
417.0014 	EXP 	Device response: <KeyPress from None: t=416.8305773999891, value=v, duration=0.16475410001294222>
417.8495 	EXP 	fixation: autoDraw = True
417.8495 	EXP 	line1: autoDraw = True
417.8495 	EXP 	line2: autoDraw = True
417.8495 	EXP 	line3: autoDraw = True
417.8495 	EXP 	line4: autoDraw = True
418.8349 	INFO 	Keyboard events cleared
418.8346 	EXP 	probe: autoDraw = True
418.8506 	EXP 	fixation: autoDraw = False
419.0517 	EXP 	Device response: <KeyPress from None: t=419.038192299995, value=c, duration=None>
419.0521 	EXP 	New trial (rep=43, index=3): <Trial 175 (3 in rep 43) data={'pos': -150, 'corr_resp': 'z', 'thisN': 175, 'thisTrialN': 3, 'thisRepN': 43}>
419.0534 	DATA 	Keypress: c
419.0678 	EXP 	fixation: autoDraw = False
419.0678 	EXP 	line1: autoDraw = False
419.0678 	EXP 	line2: autoDraw = False
419.0678 	EXP 	line3: autoDraw = False
419.0678 	EXP 	line4: autoDraw = False
419.0678 	EXP 	probe: autoDraw = False
419.1519 	EXP 	Device response: <KeyPress from None: t=419.038192299995, value=c, duration=0.10881890000018757>
420.0677 	EXP 	fixation: autoDraw = True
420.0677 	EXP 	line1: autoDraw = True
420.0677 	EXP 	line2: autoDraw = True
420.0677 	EXP 	line3: autoDraw = True
420.0677 	EXP 	line4: autoDraw = True
421.0678 	INFO 	Keyboard events cleared
421.0676 	EXP 	probe: autoDraw = True
421.0846 	EXP 	fixation: autoDraw = False
421.3344 	EXP 	Device response: <KeyPress from None: t=421.32686139999714, value=z, duration=None>
421.3348 	EXP 	New trial (rep=44, index=0): <Trial 176 (0 in rep 44) data={'pos': -50, 'corr_resp': 'x', 'thisN': 176, 'thisTrialN': 0, 'thisRepN': 44}>
421.3361 	DATA 	Keypress: z
421.3528 	EXP 	fixation: autoDraw = False
421.3528 	EXP 	line1: autoDraw = False
421.3528 	EXP 	line2: autoDraw = False
421.3528 	EXP 	line3: autoDraw = False
421.3528 	EXP 	line4: autoDraw = False
421.3528 	EXP 	probe: autoDraw = False
421.4678 	EXP 	Device response: <KeyPress from None: t=412.4132854999916, value=z, duration=9.053509899997152>
422.3350 	EXP 	fixation: autoDraw = True
422.3350 	EXP 	line1: autoDraw = True
422.3350 	EXP 	line2: autoDraw = True
422.3350 	EXP 	line3: autoDraw = True
422.3350 	EXP 	line4: autoDraw = True
423.3341 	INFO 	Keyboard events cleared
423.3339 	EXP 	fixation: autoDraw = False
423.3339 	EXP 	probe: autoDraw = True
423.6679 	EXP 	Device response: <KeyPress from None: t=423.65601159998914, value=x, duration=None>
423.6683 	EXP 	New trial (rep=44, index=1): <Trial 177 (1 in rep 44) data={'pos': 150, 'corr_resp': 'v', 'thisN': 177, 'thisTrialN': 1, 'thisRepN': 44}>
423.6695 	DATA 	Keypress: x
423.6841 	EXP 	fixation: autoDraw = False
423.6841 	EXP 	line1: autoDraw = False
423.6841 	EXP 	line2: autoDraw = False
423.6841 	EXP 	line3: autoDraw = False
423.6841 	EXP 	line4: autoDraw = False
423.6841 	EXP 	probe: autoDraw = False
423.7676 	EXP 	Device response: <KeyPress from None: t=423.65601159998914, value=x, duration=0.10627360000216868>
424.6839 	EXP 	fixation: autoDraw = True
424.6839 	EXP 	line1: autoDraw = True
424.6839 	EXP 	line2: autoDraw = True
424.6839 	EXP 	line3: autoDraw = True
424.6839 	EXP 	line4: autoDraw = True
425.6675 	INFO 	Keyboard events cleared
425.6672 	EXP 	probe: autoDraw = True
425.6696 	DATA 	Keypress: v
425.6840 	EXP 	fixation: autoDraw = False
426.0082 	DATA 	Keypress: v
426.0193 	EXP 	Device response: <KeyPress from None: t=426.0030026000022, value=v, duration=None>
426.0207 	EXP 	New trial (rep=44, index=2): <Trial 178 (2 in rep 44) data={'pos': 50, 'corr_resp': 'c', 'thisN': 178, 'thisTrialN': 2, 'thisRepN': 44}>
426.0357 	EXP 	fixation: autoDraw = False
426.0357 	EXP 	line1: autoDraw = False
426.0357 	EXP 	line2: autoDraw = False
426.0357 	EXP 	line3: autoDraw = False
426.0357 	EXP 	line4: autoDraw = False
426.0357 	EXP 	probe: autoDraw = False
426.1509 	EXP 	Device response: <KeyPress from None: t=426.0030026000022, value=v, duration=0.13837399998737965>
427.0213 	EXP 	fixation: autoDraw = True
427.0213 	EXP 	line1: autoDraw = True
427.0213 	EXP 	line2: autoDraw = True
427.0213 	EXP 	line3: autoDraw = True
427.0213 	EXP 	line4: autoDraw = True
428.0338 	INFO 	Keyboard events cleared
428.0336 	EXP 	fixation: autoDraw = False
428.0336 	EXP 	probe: autoDraw = True
428.4195 	DATA 	Keypress: c
428.4342 	EXP 	Device response: <KeyPress from None: t=428.4179068999947, value=c, duration=None>
428.4346 	EXP 	New trial (rep=44, index=3): <Trial 179 (3 in rep 44) data={'pos': -150, 'corr_resp': 'z', 'thisN': 179, 'thisTrialN': 3, 'thisRepN': 44}>
428.4498 	EXP 	fixation: autoDraw = False
428.4498 	EXP 	line1: autoDraw = False
428.4498 	EXP 	line2: autoDraw = False
428.4498 	EXP 	line3: autoDraw = False
428.4498 	EXP 	line4: autoDraw = False
428.4498 	EXP 	probe: autoDraw = False
428.5502 	EXP 	Device response: <KeyPress from None: t=428.4179068999947, value=c, duration=0.12745840000570752>
429.4340 	EXP 	fixation: autoDraw = True
429.4340 	EXP 	line1: autoDraw = True
429.4340 	EXP 	line2: autoDraw = True
429.4340 	EXP 	line3: autoDraw = True
429.4340 	EXP 	line4: autoDraw = True
430.4186 	EXP 	Device response: <KeyPress from None: t=430.4175857999944, value=z, duration=None>
430.4206 	DATA 	Keypress: z
430.4340 	INFO 	Keyboard events cleared
430.4338 	EXP 	fixation: autoDraw = False
430.4338 	EXP 	probe: autoDraw = True
430.6514 	EXP 	Device response: <KeyPress from None: t=421.32686139999714, value=z, duration=9.314159300003666>
430.9844 	EXP 	Device response: <KeyPress from None: t=430.9744687999919, value=z, duration=None>
430.9848 	EXP 	New trial (rep=45, index=0): <Trial 180 (0 in rep 45) data={'pos': -50, 'corr_resp': 'x', 'thisN': 180, 'thisTrialN': 0, 'thisRepN': 45}>
430.9861 	DATA 	Keypress: z
431.0004 	EXP 	fixation: autoDraw = False
431.0004 	EXP 	line1: autoDraw = False
431.0004 	EXP 	line2: autoDraw = False
431.0004 	EXP 	line3: autoDraw = False
431.0004 	EXP 	line4: autoDraw = False
431.0004 	EXP 	probe: autoDraw = False
431.1342 	EXP 	Device response: <KeyPress from None: t=430.4175857999944, value=z, duration=0.7117962000047555>
431.9836 	EXP 	fixation: autoDraw = True
431.9836 	EXP 	line1: autoDraw = True
431.9836 	EXP 	line2: autoDraw = True
431.9836 	EXP 	line3: autoDraw = True
431.9836 	EXP 	line4: autoDraw = True
432.9838 	INFO 	Keyboard events cleared
432.9836 	EXP 	fixation: autoDraw = False
432.9836 	EXP 	probe: autoDraw = True
433.0007 	EXP 	Device response: <KeyPress from None: t=432.98676269999123, value=x, duration=None>
433.0011 	EXP 	New trial (rep=45, index=1): <Trial 181 (1 in rep 45) data={'pos': 150, 'corr_resp': 'v', 'thisN': 181, 'thisTrialN': 1, 'thisRepN': 45}>
433.0023 	DATA 	Keypress: x
433.0176 	EXP 	fixation: autoDraw = False
433.0176 	EXP 	line1: autoDraw = False
433.0176 	EXP 	line2: autoDraw = False
433.0176 	EXP 	line3: autoDraw = False
433.0176 	EXP 	line4: autoDraw = False
433.0176 	EXP 	probe: autoDraw = False
433.0838 	EXP 	Device response: <KeyPress from None: t=432.98676269999123, value=x, duration=0.08266739999817219>
434.0011 	EXP 	fixation: autoDraw = True
434.0011 	EXP 	line1: autoDraw = True
434.0011 	EXP 	line2: autoDraw = True
434.0011 	EXP 	line3: autoDraw = True
434.0011 	EXP 	line4: autoDraw = True
435.0004 	INFO 	Keyboard events cleared
435.0003 	EXP 	fixation: autoDraw = False
435.0003 	EXP 	probe: autoDraw = True
435.2839 	EXP 	Device response: <KeyPress from None: t=435.27074779999384, value=v, duration=None>
435.2844 	EXP 	New trial (rep=45, index=2): <Trial 182 (2 in rep 45) data={'pos': 50, 'corr_resp': 'c', 'thisN': 182, 'thisTrialN': 2, 'thisRepN': 45}>
435.2857 	DATA 	Keypress: v
435.3004 	EXP 	fixation: autoDraw = False
435.3004 	EXP 	line1: autoDraw = False
435.3004 	EXP 	line2: autoDraw = False
435.3004 	EXP 	line3: autoDraw = False
435.3004 	EXP 	line4: autoDraw = False
435.3004 	EXP 	probe: autoDraw = False
435.3678 	EXP 	Device response: <KeyPress from None: t=435.27074779999384, value=v, duration=0.09642719999828842>
436.3005 	EXP 	fixation: autoDraw = True
436.3005 	EXP 	line1: autoDraw = True
436.3005 	EXP 	line2: autoDraw = True
436.3005 	EXP 	line3: autoDraw = True
436.3005 	EXP 	line4: autoDraw = True
437.2838 	INFO 	Keyboard events cleared
437.2836 	EXP 	probe: autoDraw = True
437.3008 	EXP 	fixation: autoDraw = False
437.6512 	EXP 	Device response: <KeyPress from None: t=437.64068650000263, value=c, duration=None>
437.6516 	EXP 	New trial (rep=45, index=3): <Trial 183 (3 in rep 45) data={'pos': -150, 'corr_resp': 'z', 'thisN': 183, 'thisTrialN': 3, 'thisRepN': 45}>
437.6528 	DATA 	Keypress: c
437.6668 	EXP 	fixation: autoDraw = False
437.6668 	EXP 	line1: autoDraw = False
437.6668 	EXP 	line2: autoDraw = False
437.6668 	EXP 	line3: autoDraw = False
437.6668 	EXP 	line4: autoDraw = False
437.6668 	EXP 	probe: autoDraw = False
437.7676 	EXP 	Device response: <KeyPress from None: t=437.64068650000263, value=c, duration=0.11469729999953415>
438.6496 	EXP 	fixation: autoDraw = True
438.6496 	EXP 	line1: autoDraw = True
438.6496 	EXP 	line2: autoDraw = True
438.6496 	EXP 	line3: autoDraw = True
438.6496 	EXP 	line4: autoDraw = True
439.6501 	EXP 	fixation: autoDraw = False
439.6673 	INFO 	Keyboard events cleared
439.6671 	EXP 	probe: autoDraw = True
439.9008 	EXP 	Device response: <KeyPress from None: t=439.8962133999885, value=z, duration=None>
439.9013 	EXP 	New trial (rep=46, index=0): <Trial 184 (0 in rep 46) data={'pos': -50, 'corr_resp': 'x', 'thisN': 184, 'thisTrialN': 0, 'thisRepN': 46}>
439.9025 	DATA 	Keypress: z
439.9171 	EXP 	fixation: autoDraw = False
439.9171 	EXP 	line1: autoDraw = False
439.9171 	EXP 	line2: autoDraw = False
439.9171 	EXP 	line3: autoDraw = False
439.9171 	EXP 	line4: autoDraw = False
439.9171 	EXP 	probe: autoDraw = False
440.0176 	EXP 	Device response: <KeyPress from None: t=430.9744687999919, value=z, duration=9.04194950000965>
440.9031 	EXP 	fixation: autoDraw = True
440.9031 	EXP 	line1: autoDraw = True
440.9031 	EXP 	line2: autoDraw = True
440.9031 	EXP 	line3: autoDraw = True
440.9031 	EXP 	line4: autoDraw = True
441.9175 	INFO 	Keyboard events cleared
441.9173 	EXP 	fixation: autoDraw = False
441.9173 	EXP 	probe: autoDraw = True
442.1171 	EXP 	Device response: <KeyPress from None: t=442.10853849998966, value=x, duration=None>
442.1175 	EXP 	New trial (rep=46, index=1): <Trial 185 (1 in rep 46) data={'pos': 150, 'corr_resp': 'v', 'thisN': 185, 'thisTrialN': 1, 'thisRepN': 46}>
442.1188 	DATA 	Keypress: x
442.1338 	EXP 	fixation: autoDraw = False
442.1338 	EXP 	line1: autoDraw = False
442.1338 	EXP 	line2: autoDraw = False
442.1338 	EXP 	line3: autoDraw = False
442.1338 	EXP 	line4: autoDraw = False
442.1338 	EXP 	probe: autoDraw = False
442.2824 	EXP 	Device response: <KeyPress from None: t=442.10853849998966, value=x, duration=0.159294700002647>
443.1169 	EXP 	fixation: autoDraw = True
443.1169 	EXP 	line1: autoDraw = True
443.1169 	EXP 	line2: autoDraw = True
443.1169 	EXP 	line3: autoDraw = True
443.1169 	EXP 	line4: autoDraw = True
444.1316 	INFO 	Keyboard events cleared
444.1314 	EXP 	fixation: autoDraw = False
444.1314 	EXP 	probe: autoDraw = True
444.4043 	EXP 	Device response: <KeyPress from None: t=444.3916001999896, value=v, duration=None>
444.4049 	EXP 	New trial (rep=46, index=2): <Trial 186 (2 in rep 46) data={'pos': 50, 'corr_resp': 'c', 'thisN': 186, 'thisTrialN': 2, 'thisRepN': 46}>
444.4073 	DATA 	Keypress: v
444.4197 	EXP 	fixation: autoDraw = False
444.4197 	EXP 	line1: autoDraw = False
444.4197 	EXP 	line2: autoDraw = False
444.4197 	EXP 	line3: autoDraw = False
444.4197 	EXP 	line4: autoDraw = False
444.4197 	EXP 	probe: autoDraw = False
444.5358 	EXP 	Device response: <KeyPress from None: t=444.3916001999896, value=v, duration=0.13573370000813156>
445.4016 	EXP 	fixation: autoDraw = True
445.4016 	EXP 	line1: autoDraw = True
445.4016 	EXP 	line2: autoDraw = True
445.4016 	EXP 	line3: autoDraw = True
445.4016 	EXP 	line4: autoDraw = True
446.4030 	EXP 	fixation: autoDraw = False
446.4215 	INFO 	Keyboard events cleared
446.4212 	EXP 	probe: autoDraw = True
446.5231 	EXP 	Device response: <KeyPress from None: t=446.51843919999374, value=c, duration=None>
446.5238 	EXP 	New trial (rep=46, index=3): <Trial 187 (3 in rep 46) data={'pos': -150, 'corr_resp': 'z', 'thisN': 187, 'thisTrialN': 3, 'thisRepN': 46}>
446.5266 	DATA 	Keypress: c
446.5368 	EXP 	fixation: autoDraw = False
446.5368 	EXP 	line1: autoDraw = False
446.5368 	EXP 	line2: autoDraw = False
446.5368 	EXP 	line3: autoDraw = False
446.5368 	EXP 	line4: autoDraw = False
446.5368 	EXP 	probe: autoDraw = False
446.6888 	EXP 	Device response: <KeyPress from None: t=446.51843919999374, value=c, duration=0.15377950000402052>
447.5370 	EXP 	fixation: autoDraw = True
447.5370 	EXP 	line1: autoDraw = True
447.5370 	EXP 	line2: autoDraw = True
447.5370 	EXP 	line3: autoDraw = True
447.5370 	EXP 	line4: autoDraw = True
448.3675 	EXP 	Device response: <KeyPress from None: t=448.3534010000003, value=z, duration=None>
448.3692 	DATA 	Keypress: z
448.5341 	INFO 	Keyboard events cleared
448.5339 	EXP 	probe: autoDraw = True
448.5492 	EXP 	fixation: autoDraw = False
448.5499 	EXP 	Device response: <KeyPress from None: t=439.8962133999885, value=z, duration=8.647987000003923>
449.1672 	EXP 	Device response: <KeyPress from None: t=449.1596021000005, value=z, duration=None>
449.1676 	EXP 	New trial (rep=47, index=0): <Trial 188 (0 in rep 47) data={'pos': -50, 'corr_resp': 'x', 'thisN': 188, 'thisTrialN': 0, 'thisRepN': 47}>
449.1689 	DATA 	Keypress: z
449.1836 	EXP 	fixation: autoDraw = False
449.1836 	EXP 	line1: autoDraw = False
449.1836 	EXP 	line2: autoDraw = False
449.1836 	EXP 	line3: autoDraw = False
449.1836 	EXP 	line4: autoDraw = False
449.1836 	EXP 	probe: autoDraw = False
449.3167 	EXP 	Device response: <KeyPress from None: t=448.3534010000003, value=z, duration=0.9586214000009932>
450.1668 	EXP 	fixation: autoDraw = True
450.1668 	EXP 	line1: autoDraw = True
450.1668 	EXP 	line2: autoDraw = True
450.1668 	EXP 	line3: autoDraw = True
450.1668 	EXP 	line4: autoDraw = True
451.1681 	INFO 	Keyboard events cleared
451.1679 	EXP 	fixation: autoDraw = False
451.1679 	EXP 	probe: autoDraw = True
451.9503 	EXP 	Device response: <KeyPress from None: t=451.94525249999424, value=x, duration=None>
451.9507 	EXP 	New trial (rep=47, index=1): <Trial 189 (1 in rep 47) data={'pos': 150, 'corr_resp': 'v', 'thisN': 189, 'thisTrialN': 1, 'thisRepN': 47}>
451.9521 	DATA 	Keypress: x
451.9672 	EXP 	fixation: autoDraw = False
451.9672 	EXP 	line1: autoDraw = False
451.9672 	EXP 	line2: autoDraw = False
451.9672 	EXP 	line3: autoDraw = False
451.9672 	EXP 	line4: autoDraw = False
451.9672 	EXP 	probe: autoDraw = False
452.0841 	EXP 	Device response: <KeyPress from None: t=451.94525249999424, value=x, duration=0.13215950000449084>
452.9516 	EXP 	fixation: autoDraw = True
452.9516 	EXP 	line1: autoDraw = True
452.9516 	EXP 	line2: autoDraw = True
452.9516 	EXP 	line3: autoDraw = True
452.9516 	EXP 	line4: autoDraw = True
453.9508 	INFO 	Keyboard events cleared
453.9506 	EXP 	probe: autoDraw = True
453.9672 	EXP 	fixation: autoDraw = False
459.3312 	EXP 	Device response: <KeyPress from None: t=459.32838819999597, value=v, duration=None>
459.3315 	EXP 	New trial (rep=47, index=2): <Trial 190 (2 in rep 47) data={'pos': 50, 'corr_resp': 'c', 'thisN': 190, 'thisTrialN': 2, 'thisRepN': 47}>
459.3326 	DATA 	Keypress: v
459.3509 	EXP 	fixation: autoDraw = False
459.3509 	EXP 	line1: autoDraw = False
459.3509 	EXP 	line2: autoDraw = False
459.3509 	EXP 	line3: autoDraw = False
459.3509 	EXP 	line4: autoDraw = False
459.3509 	EXP 	probe: autoDraw = False
459.4506 	EXP 	Device response: <KeyPress from None: t=459.32838819999597, value=v, duration=0.11143140000058338>
460.3335 	EXP 	fixation: autoDraw = True
460.3335 	EXP 	line1: autoDraw = True
460.3335 	EXP 	line2: autoDraw = True
460.3335 	EXP 	line3: autoDraw = True
460.3335 	EXP 	line4: autoDraw = True
461.3334 	INFO 	Keyboard events cleared
461.3332 	EXP 	fixation: autoDraw = False
461.3332 	EXP 	probe: autoDraw = True
462.1185 	EXP 	Device response: <KeyPress from None: t=462.1037510000024, value=c, duration=None>
462.1189 	EXP 	New trial (rep=47, index=3): <Trial 191 (3 in rep 47) data={'pos': -150, 'corr_resp': 'z', 'thisN': 191, 'thisTrialN': 3, 'thisRepN': 47}>
462.1200 	DATA 	Keypress: c
462.1321 	EXP 	fixation: autoDraw = False
462.1321 	EXP 	line1: autoDraw = False
462.1321 	EXP 	line2: autoDraw = False
462.1321 	EXP 	line3: autoDraw = False
462.1321 	EXP 	line4: autoDraw = False
462.1321 	EXP 	probe: autoDraw = False
462.1991 	EXP 	Device response: <KeyPress from None: t=462.1037510000024, value=c, duration=0.08620149998751003>
463.1330 	EXP 	fixation: autoDraw = True
463.1330 	EXP 	line1: autoDraw = True
463.1330 	EXP 	line2: autoDraw = True
463.1330 	EXP 	line3: autoDraw = True
463.1330 	EXP 	line4: autoDraw = True
464.1336 	INFO 	Keyboard events cleared
464.1334 	EXP 	fixation: autoDraw = False
464.1334 	EXP 	probe: autoDraw = True
467.7669 	EXP 	Device response: <KeyPress from None: t=467.764752499992, value=x, duration=None>
467.7673 	EXP 	New trial (rep=48, index=0): <Trial 192 (0 in rep 48) data={'pos': -50, 'corr_resp': 'x', 'thisN': 192, 'thisTrialN': 0, 'thisRepN': 48}>
467.7687 	DATA 	Keypress: x
467.7827 	EXP 	fixation: autoDraw = False
467.7827 	EXP 	line1: autoDraw = False
467.7827 	EXP 	line2: autoDraw = False
467.7827 	EXP 	line3: autoDraw = False
467.7827 	EXP 	line4: autoDraw = False
467.7827 	EXP 	probe: autoDraw = False
467.9151 	EXP 	Device response: <KeyPress from None: t=467.764752499992, value=x, duration=0.14340359999914654>
468.7658 	EXP 	fixation: autoDraw = True
468.7658 	EXP 	line1: autoDraw = True
468.7658 	EXP 	line2: autoDraw = True
468.7658 	EXP 	line3: autoDraw = True
468.7658 	EXP 	line4: autoDraw = True
469.7662 	INFO 	Keyboard events cleared
469.7660 	EXP 	fixation: autoDraw = False
469.7660 	EXP 	probe: autoDraw = True
471.1525 	DATA 	Keypress: z
471.1676 	EXP 	Device response: <KeyPress from None: t=471.15130430000136, value=z, duration=None>
471.1680 	EXP 	New trial (rep=48, index=1): <Trial 193 (1 in rep 48) data={'pos': 150, 'corr_resp': 'v', 'thisN': 193, 'thisTrialN': 1, 'thisRepN': 48}>
471.1837 	EXP 	fixation: autoDraw = False
471.1837 	EXP 	line1: autoDraw = False
471.1837 	EXP 	line2: autoDraw = False
471.1837 	EXP 	line3: autoDraw = False
471.1837 	EXP 	line4: autoDraw = False
471.1837 	EXP 	probe: autoDraw = False
471.3339 	EXP 	Device response: <KeyPress from None: t=449.1596021000005, value=z, duration=22.16928370000096>
472.1835 	EXP 	fixation: autoDraw = True
472.1835 	EXP 	line1: autoDraw = True
472.1835 	EXP 	line2: autoDraw = True
472.1835 	EXP 	line3: autoDraw = True
472.1835 	EXP 	line4: autoDraw = True
473.1833 	INFO 	Keyboard events cleared
473.1831 	EXP 	fixation: autoDraw = False
473.1831 	EXP 	probe: autoDraw = True
473.6338 	EXP 	Device response: <KeyPress from None: t=473.6308429999917, value=z, duration=None>
473.6343 	EXP 	New trial (rep=48, index=2): <Trial 194 (2 in rep 48) data={'pos': 50, 'corr_resp': 'c', 'thisN': 194, 'thisTrialN': 2, 'thisRepN': 48}>
473.6355 	DATA 	Keypress: z
473.6493 	EXP 	fixation: autoDraw = False
473.6493 	EXP 	line1: autoDraw = False
473.6493 	EXP 	line2: autoDraw = False
473.6493 	EXP 	line3: autoDraw = False
473.6493 	EXP 	line4: autoDraw = False
473.6493 	EXP 	probe: autoDraw = False
473.8337 	EXP 	Device response: <KeyPress from None: t=471.15130430000136, value=z, duration=2.6669283999945037>
474.1333 	EXP 	Device response: <KeyPress from None: t=474.12734039999486, value=z, duration=None>
474.1341 	DATA 	Keypress: z
474.3155 	EXP 	Device response: <KeyPress from None: t=473.6308429999917, value=z, duration=0.6841279000072973>
474.6367 	EXP 	fixation: autoDraw = True
474.6367 	EXP 	line1: autoDraw = True
474.6367 	EXP 	line2: autoDraw = True
474.6367 	EXP 	line3: autoDraw = True
474.6367 	EXP 	line4: autoDraw = True
474.9001 	EXP 	Device response: <KeyPress from None: t=474.8927226999949, value=z, duration=None>
474.9018 	DATA 	Keypress: z
475.0833 	EXP 	Device response: <KeyPress from None: t=474.12734039999486, value=z, duration=0.9450893000030192>
475.5669 	EXP 	Device response: <KeyPress from None: t=475.56174809999357, value=z, duration=None>
475.5688 	DATA 	Keypress: z
475.6335 	INFO 	Keyboard events cleared
475.6333 	EXP 	probe: autoDraw = True
475.6500 	EXP 	fixation: autoDraw = False
475.7671 	EXP 	Device response: <KeyPress from None: t=474.8927226999949, value=z, duration=0.8643468999944162>
476.3332 	EXP 	Device response: <KeyPress from None: t=476.3283444999979, value=z, duration=None>
476.3336 	EXP 	New trial (rep=48, index=3): <Trial 195 (3 in rep 48) data={'pos': -150, 'corr_resp': 'z', 'thisN': 195, 'thisTrialN': 3, 'thisRepN': 48}>
476.3348 	DATA 	Keypress: z
476.3513 	EXP 	fixation: autoDraw = False
476.3513 	EXP 	line1: autoDraw = False
476.3513 	EXP 	line2: autoDraw = False
476.3513 	EXP 	line3: autoDraw = False
476.3513 	EXP 	line4: autoDraw = False
476.3513 	EXP 	probe: autoDraw = False
476.5668 	EXP 	Device response: <KeyPress from None: t=475.56174809999357, value=z, duration=0.9921046000090428>
477.3340 	EXP 	fixation: autoDraw = True
477.3340 	EXP 	line1: autoDraw = True
477.3340 	EXP 	line2: autoDraw = True
477.3340 	EXP 	line3: autoDraw = True
477.3340 	EXP 	line4: autoDraw = True
478.3339 	INFO 	Keyboard events cleared
478.3337 	EXP 	fixation: autoDraw = False
478.3337 	EXP 	probe: autoDraw = True
479.3011 	EXP 	Device response: <KeyPress from None: t=479.2974061999994, value=x, duration=None>
479.3015 	EXP 	New trial (rep=49, index=0): <Trial 196 (0 in rep 49) data={'pos': -50, 'corr_resp': 'x', 'thisN': 196, 'thisTrialN': 0, 'thisRepN': 49}>
479.3029 	DATA 	Keypress: x
479.3164 	EXP 	fixation: autoDraw = False
479.3164 	EXP 	line1: autoDraw = False
479.3164 	EXP 	line2: autoDraw = False
479.3164 	EXP 	line3: autoDraw = False
479.3164 	EXP 	line4: autoDraw = False
479.3164 	EXP 	probe: autoDraw = False
479.4843 	EXP 	Device response: <KeyPress from None: t=479.2974061999994, value=x, duration=0.17150219999894034>
480.3138 	EXP 	fixation: autoDraw = True
480.3138 	EXP 	line1: autoDraw = True
480.3138 	EXP 	line2: autoDraw = True
480.3138 	EXP 	line3: autoDraw = True
480.3138 	EXP 	line4: autoDraw = True
481.1022 	DATA 	Keypress: z
481.1177 	EXP 	Device response: <KeyPress from None: t=481.10102819999156, value=z, duration=None>
481.3166 	INFO 	Keyboard events cleared
481.3163 	EXP 	fixation: autoDraw = False
481.3163 	EXP 	probe: autoDraw = True
481.6517 	DATA 	Keypress: z
481.6671 	EXP 	Device response: <KeyPress from None: t=481.6511745000025, value=z, duration=None>
481.6674 	EXP 	New trial (rep=49, index=1): <Trial 197 (1 in rep 49) data={'pos': 150, 'corr_resp': 'v', 'thisN': 197, 'thisTrialN': 1, 'thisRepN': 49}>
481.6828 	EXP 	fixation: autoDraw = False
481.6828 	EXP 	line1: autoDraw = False
481.6828 	EXP 	line2: autoDraw = False
481.6828 	EXP 	line3: autoDraw = False
481.6828 	EXP 	line4: autoDraw = False
481.6828 	EXP 	probe: autoDraw = False
481.8338 	EXP 	Device response: <KeyPress from None: t=476.3283444999979, value=z, duration=5.497828899999149>
482.3999 	EXP 	Device response: <KeyPress from None: t=482.3913373999967, value=z, duration=None>
482.4010 	DATA 	Keypress: z
482.5842 	EXP 	Device response: <KeyPress from None: t=481.10102819999156, value=z, duration=1.4809284000075422>
482.6670 	EXP 	fixation: autoDraw = True
482.6670 	EXP 	line1: autoDraw = True
482.6670 	EXP 	line2: autoDraw = True
482.6670 	EXP 	line3: autoDraw = True
482.6670 	EXP 	line4: autoDraw = True
483.0339 	EXP 	Device response: <KeyPress from None: t=483.0257386000012, value=z, duration=None>
483.0363 	DATA 	Keypress: z
483.2008 	EXP 	Device response: <KeyPress from None: t=481.6511745000025, value=z, duration=1.5459503999882145>
483.6722 	INFO 	Keyboard events cleared
483.6718 	EXP 	fixation: autoDraw = False
483.6718 	EXP 	probe: autoDraw = True
483.6763 	DATA 	Keypress: z
483.8530 	EXP 	Device response: <KeyPress from None: t=482.3913373999967, value=z, duration=1.449972100002924>
484.2856 	EXP 	Device response: <KeyPress from None: t=484.283076599997, value=z, duration=None>
484.2860 	EXP 	New trial (rep=49, index=2): <Trial 198 (2 in rep 49) data={'pos': 50, 'corr_resp': 'c', 'thisN': 198, 'thisTrialN': 2, 'thisRepN': 49}>
484.2874 	DATA 	Keypress: z
484.2997 	EXP 	fixation: autoDraw = False
484.2997 	EXP 	line1: autoDraw = False
484.2997 	EXP 	line2: autoDraw = False
484.2997 	EXP 	line3: autoDraw = False
484.2997 	EXP 	line4: autoDraw = False
484.2997 	EXP 	probe: autoDraw = False
484.4989 	EXP 	Device response: <KeyPress from None: t=483.0257386000012, value=z, duration=1.4674540999985766>
485.2855 	EXP 	fixation: autoDraw = True
485.2855 	EXP 	line1: autoDraw = True
485.2855 	EXP 	line2: autoDraw = True
485.2855 	EXP 	line3: autoDraw = True
485.2855 	EXP 	line4: autoDraw = True
486.2998 	INFO 	Keyboard events cleared
486.2996 	EXP 	fixation: autoDraw = False
486.2996 	EXP 	probe: autoDraw = True
486.9197 	DATA 	Keypress: c
486.9342 	EXP 	Device response: <KeyPress from None: t=486.9180045999965, value=c, duration=None>
486.9344 	EXP 	New trial (rep=49, index=3): <Trial 199 (3 in rep 49) data={'pos': -150, 'corr_resp': 'z', 'thisN': 199, 'thisTrialN': 3, 'thisRepN': 49}>
486.9490 	EXP 	fixation: autoDraw = False
486.9490 	EXP 	line1: autoDraw = False
486.9490 	EXP 	line2: autoDraw = False
486.9490 	EXP 	line3: autoDraw = False
486.9490 	EXP 	line4: autoDraw = False
486.9490 	EXP 	probe: autoDraw = False
487.1515 	EXP 	Device response: <KeyPress from None: t=486.9180045999965, value=c, duration=0.2320175999921048>
487.9350 	EXP 	fixation: autoDraw = True
487.9350 	EXP 	line1: autoDraw = True
487.9350 	EXP 	line2: autoDraw = True
487.9350 	EXP 	line3: autoDraw = True
487.9350 	EXP 	line4: autoDraw = True
488.9498 	INFO 	Keyboard events cleared
488.9496 	EXP 	fixation: autoDraw = False
488.9496 	EXP 	probe: autoDraw = True
490.4667 	EXP 	Device response: <KeyPress from None: t=490.4634101999982, value=x, duration=None>
490.5008 	EXP 	Imported C:/Users/bhumika/OneDrive/Documents/sequence_con.csv.xlsx as conditions, 4 conditions, 2 params
490.5218 	EXP 	New trial (rep=0, index=0): <Trial 0 (0 in rep 0) data={'pos': -50, 'corr_resp': 'x', 'thisN': 0, 'thisTrialN': 0, 'thisRepN': 0}>
490.5231 	DATA 	Keypress: x
490.5315 	EXP 	fixation: autoDraw = False
490.5315 	EXP 	line1: autoDraw = False
490.5315 	EXP 	line2: autoDraw = False
490.5315 	EXP 	line3: autoDraw = False
490.5315 	EXP 	line4: autoDraw = False
490.5315 	EXP 	probe: autoDraw = False
490.7350 	EXP 	Device response: <KeyPress from None: t=490.4634101999982, value=x, duration=0.2692782999947667>
491.4663 	EXP 	fixation: autoDraw = True
491.4663 	EXP 	line1: autoDraw = True
491.4663 	EXP 	line2: autoDraw = True
491.4663 	EXP 	line3: autoDraw = True
491.4663 	EXP 	line4: autoDraw = True
492.4667 	INFO 	Keyboard events cleared
492.4665 	EXP 	fixation: autoDraw = False
492.4665 	EXP 	probe: autoDraw = True
492.7506 	EXP 	Device response: <KeyPress from None: t=492.7496087999898, value=z, duration=None>
492.7510 	EXP 	New trial (rep=1, index=1): <Trial 1 (1 in rep 1) data={'pos': -50, 'corr_resp': 'x', 'thisN': 1, 'thisTrialN': 1, 'thisRepN': 1}>
492.7522 	DATA 	Keypress: z
492.7663 	EXP 	fixation: autoDraw = False
492.7663 	EXP 	line1: autoDraw = False
492.7663 	EXP 	line2: autoDraw = False
492.7663 	EXP 	line3: autoDraw = False
492.7663 	EXP 	line4: autoDraw = False
492.7663 	EXP 	probe: autoDraw = False
492.9810 	EXP 	Device response: <KeyPress from None: t=484.283076599997, value=z, duration=8.681452100005117>
493.7656 	EXP 	fixation: autoDraw = True
493.7656 	EXP 	line1: autoDraw = True
493.7656 	EXP 	line2: autoDraw = True
493.7656 	EXP 	line3: autoDraw = True
493.7656 	EXP 	line4: autoDraw = True
494.7506 	INFO 	Keyboard events cleared
494.7503 	EXP 	probe: autoDraw = True
494.7663 	EXP 	fixation: autoDraw = False
494.8332 	EXP 	Device response: <KeyPress from None: t=494.8296083000023, value=x, duration=None>
494.8336 	EXP 	New trial (rep=0, index=2): <Trial 2 (2 in rep 0) data={'pos': -150, 'corr_resp': 'z', 'thisN': 2, 'thisTrialN': 2, 'thisRepN': 0}>
494.8349 	DATA 	Keypress: x
494.8500 	EXP 	fixation: autoDraw = False
494.8500 	EXP 	line1: autoDraw = False
494.8500 	EXP 	line2: autoDraw = False
494.8500 	EXP 	line3: autoDraw = False
494.8500 	EXP 	line4: autoDraw = False
494.8500 	EXP 	probe: autoDraw = False
495.1172 	EXP 	Device response: <KeyPress from None: t=494.8296083000023, value=x, duration=0.27204059998621233>
495.8356 	EXP 	fixation: autoDraw = True
495.8356 	EXP 	line1: autoDraw = True
495.8356 	EXP 	line2: autoDraw = True
495.8356 	EXP 	line3: autoDraw = True
495.8356 	EXP 	line4: autoDraw = True
496.8341 	INFO 	Keyboard events cleared
496.8339 	EXP 	probe: autoDraw = True
496.8500 	EXP 	fixation: autoDraw = False
497.1527 	EXP 	Device response: <KeyPress from None: t=497.14631999999983, value=z, duration=None>
497.1533 	EXP 	New trial (rep=0, index=3): <Trial 3 (3 in rep 0) data={'pos': 50, 'corr_resp': 'c', 'thisN': 3, 'thisTrialN': 3, 'thisRepN': 0}>
497.1557 	DATA 	Keypress: z
497.1688 	EXP 	fixation: autoDraw = False
497.1688 	EXP 	line1: autoDraw = False
497.1688 	EXP 	line2: autoDraw = False
497.1688 	EXP 	line3: autoDraw = False
497.1688 	EXP 	line4: autoDraw = False
497.1688 	EXP 	probe: autoDraw = False
497.3339 	EXP 	Device response: <KeyPress from None: t=492.7496087999898, value=z, duration=4.578509300001315>
498.1641 	EXP 	fixation: autoDraw = True
498.1641 	EXP 	line1: autoDraw = True
498.1641 	EXP 	line2: autoDraw = True
498.1641 	EXP 	line3: autoDraw = True
498.1641 	EXP 	line4: autoDraw = True
499.1670 	INFO 	Keyboard events cleared
499.1668 	EXP 	fixation: autoDraw = False
499.1668 	EXP 	probe: autoDraw = True
499.4672 	EXP 	Device response: <KeyPress from None: t=499.4512659999891, value=c, duration=None>
499.4675 	EXP 	New trial (rep=2, index=4): <Trial 4 (4 in rep 2) data={'pos': -50, 'corr_resp': 'x', 'thisN': 4, 'thisTrialN': 4, 'thisRepN': 2}>
499.4688 	DATA 	Keypress: c
499.4828 	EXP 	fixation: autoDraw = False
499.4828 	EXP 	line1: autoDraw = False
499.4828 	EXP 	line2: autoDraw = False
499.4828 	EXP 	line3: autoDraw = False
499.4828 	EXP 	line4: autoDraw = False
499.4828 	EXP 	probe: autoDraw = False
499.6870 	EXP 	Device response: <KeyPress from None: t=499.4512659999891, value=c, duration=0.22637840000970755>
500.4832 	EXP 	fixation: autoDraw = True
500.4832 	EXP 	line1: autoDraw = True
500.4832 	EXP 	line2: autoDraw = True
500.4832 	EXP 	line3: autoDraw = True
500.4832 	EXP 	line4: autoDraw = True
500.9833 	EXP 	Device response: <KeyPress from None: t=500.9786020999891, value=x, duration=None>
500.9850 	DATA 	Keypress: x
501.2006 	EXP 	Device response: <KeyPress from None: t=500.9786020999891, value=x, duration=0.2212572000134969>
501.4325 	EXP 	Device response: <KeyPress from None: t=501.43165059998864, value=x, duration=None>
501.4340 	DATA 	Keypress: x
501.4807 	INFO 	Keyboard events cleared
501.4806 	EXP 	probe: autoDraw = True
501.4979 	EXP 	fixation: autoDraw = False
501.5881 	EXP 	Device response: <KeyPress from None: t=501.43165059998864, value=x, duration=0.14989540001261048>
501.9838 	EXP 	Device response: <KeyPress from None: t=501.96813499998825, value=x, duration=None>
501.9842 	EXP 	New trial (rep=0, index=5): <Trial 5 (5 in rep 0) data={'pos': 150, 'corr_resp': 'v', 'thisN': 5, 'thisTrialN': 5, 'thisRepN': 0}>
501.9855 	DATA 	Keypress: x
501.9996 	EXP 	fixation: autoDraw = False
501.9996 	EXP 	line1: autoDraw = False
501.9996 	EXP 	line2: autoDraw = False
501.9996 	EXP 	line3: autoDraw = False
501.9996 	EXP 	line4: autoDraw = False
501.9996 	EXP 	probe: autoDraw = False
502.1502 	EXP 	Device response: <KeyPress from None: t=501.96813499998825, value=x, duration=0.16937640000833198>
502.9832 	EXP 	fixation: autoDraw = True
502.9832 	EXP 	line1: autoDraw = True
502.9832 	EXP 	line2: autoDraw = True
502.9832 	EXP 	line3: autoDraw = True
502.9832 	EXP 	line4: autoDraw = True
503.7312 	EXP 	Device response: <KeyPress from None: t=503.7293800999905, value=z, duration=None>
503.7328 	DATA 	Keypress: z
503.9336 	EXP 	Device response: <KeyPress from None: t=497.14631999999983, value=z, duration=6.783732600000803>
503.9831 	INFO 	Keyboard events cleared
503.9829 	EXP 	fixation: autoDraw = False
503.9829 	EXP 	probe: autoDraw = True
504.3019 	DATA 	Keypress: z
504.3166 	EXP 	Device response: <KeyPress from None: t=504.3000821000023, value=z, duration=None>
504.3170 	EXP 	New trial (rep=1, index=6): <Trial 6 (6 in rep 1) data={'pos': 150, 'corr_resp': 'v', 'thisN': 6, 'thisTrialN': 6, 'thisRepN': 1}>
504.3328 	EXP 	fixation: autoDraw = False
504.3328 	EXP 	line1: autoDraw = False
504.3328 	EXP 	line2: autoDraw = False
504.3328 	EXP 	line3: autoDraw = False
504.3328 	EXP 	line4: autoDraw = False
504.3328 	EXP 	probe: autoDraw = False
504.4818 	EXP 	Device response: <KeyPress from None: t=503.7293800999905, value=z, duration=0.7454207999981008>
505.3165 	EXP 	fixation: autoDraw = True
505.3165 	EXP 	line1: autoDraw = True
505.3165 	EXP 	line2: autoDraw = True
505.3165 	EXP 	line3: autoDraw = True
505.3165 	EXP 	line4: autoDraw = True
506.1566 	EXP 	Device response: <KeyPress from None: t=506.15309329998854, value=x, duration=None>
506.1602 	DATA 	Keypress: x
506.3194 	INFO 	Keyboard events cleared
506.3191 	EXP 	fixation: autoDraw = False
506.3191 	EXP 	probe: autoDraw = True
506.3209 	EXP 	Device response: <KeyPress from None: t=506.15309329998854, value=x, duration=0.16743180000048596>
507.3211 	EXP 	Device response: <KeyPress from None: t=507.31655350000074, value=x, duration=None>
507.3217 	EXP 	New trial (rep=3, index=7): <Trial 7 (7 in rep 3) data={'pos': -50, 'corr_resp': 'x', 'thisN': 7, 'thisTrialN': 7, 'thisRepN': 3}>
507.3254 	DATA 	Keypress: x
507.3365 	EXP 	fixation: autoDraw = False
507.3365 	EXP 	line1: autoDraw = False
507.3365 	EXP 	line2: autoDraw = False
507.3365 	EXP 	line3: autoDraw = False
507.3365 	EXP 	line4: autoDraw = False
507.3365 	EXP 	probe: autoDraw = False
507.5503 	EXP 	Device response: <KeyPress from None: t=507.31655350000074, value=x, duration=0.23123159998795018>
508.3363 	EXP 	fixation: autoDraw = True
508.3363 	EXP 	line1: autoDraw = True
508.3363 	EXP 	line2: autoDraw = True
508.3363 	EXP 	line3: autoDraw = True
508.3363 	EXP 	line4: autoDraw = True
508.9588 	DATA 	Keypress: z
508.9711 	EXP 	Device response: <KeyPress from None: t=508.95780789999117, value=z, duration=None>
509.2042 	EXP 	Device response: <KeyPress from None: t=504.3000821000023, value=z, duration=4.891521499986993>
509.3362 	INFO 	Keyboard events cleared
509.3359 	EXP 	fixation: autoDraw = False
509.3359 	EXP 	probe: autoDraw = True
509.4204 	EXP 	Device response: <KeyPress from None: t=509.4121363000013, value=z, duration=None>
509.4212 	EXP 	New trial (rep=1, index=8): <Trial 8 (8 in rep 1) data={'pos': 50, 'corr_resp': 'c', 'thisN': 8, 'thisTrialN': 8, 'thisRepN': 1}>
509.4237 	DATA 	Keypress: z
509.4370 	EXP 	fixation: autoDraw = False
509.4370 	EXP 	line1: autoDraw = False
509.4370 	EXP 	line2: autoDraw = False
509.4370 	EXP 	line3: autoDraw = False
509.4370 	EXP 	line4: autoDraw = False
509.4370 	EXP 	probe: autoDraw = False
509.6707 	EXP 	Device response: <KeyPress from None: t=508.95780789999117, value=z, duration=0.7040540000016335>
510.4366 	EXP 	fixation: autoDraw = True
510.4366 	EXP 	line1: autoDraw = True
510.4366 	EXP 	line2: autoDraw = True
510.4366 	EXP 	line3: autoDraw = True
510.4366 	EXP 	line4: autoDraw = True
511.1666 	EXP 	Device response: <KeyPress from None: t=511.1553991999972, value=x, duration=None>
511.1679 	DATA 	Keypress: x
511.4324 	INFO 	Keyboard events cleared
511.4321 	EXP 	probe: autoDraw = True
511.4532 	EXP 	fixation: autoDraw = False
511.5041 	EXP 	Device response: <KeyPress from None: t=511.1553991999972, value=x, duration=0.3333703999960562>
511.7871 	EXP 	Device response: <KeyPress from None: t=511.7756251999963, value=x, duration=None>
511.7879 	EXP 	New trial (rep=4, index=9): <Trial 9 (9 in rep 4) data={'pos': -50, 'corr_resp': 'x', 'thisN': 9, 'thisTrialN': 9, 'thisRepN': 4}>
511.7905 	DATA 	Keypress: x
511.8044 	EXP 	fixation: autoDraw = False
511.8044 	EXP 	line1: autoDraw = False
511.8044 	EXP 	line2: autoDraw = False
511.8044 	EXP 	line3: autoDraw = False
511.8044 	EXP 	line4: autoDraw = False
511.8044 	EXP 	probe: autoDraw = False
511.9875 	EXP 	Device response: <KeyPress from None: t=511.7756251999963, value=x, duration=0.1967411999939941>
512.8001 	EXP 	fixation: autoDraw = True
512.8001 	EXP 	line1: autoDraw = True
512.8001 	EXP 	line2: autoDraw = True
512.8001 	EXP 	line3: autoDraw = True
512.8001 	EXP 	line4: autoDraw = True
513.6679 	EXP 	Device response: <KeyPress from None: t=513.6613097999943, value=x, duration=None>
513.6712 	DATA 	Keypress: x
513.7998 	INFO 	Keyboard events cleared
513.7996 	EXP 	fixation: autoDraw = False
513.7996 	EXP 	probe: autoDraw = True
513.8515 	EXP 	Device response: <KeyPress from None: t=513.6613097999943, value=x, duration=0.1870134000055259>
514.1333 	EXP 	Device response: <KeyPress from None: t=514.1278935000009, value=x, duration=None>
514.1337 	EXP 	New trial (rep=2, index=10): <Trial 10 (10 in rep 2) data={'pos': 150, 'corr_resp': 'v', 'thisN': 10, 'thisTrialN': 10, 'thisRepN': 2}>
514.1350 	DATA 	Keypress: x
514.1500 	EXP 	fixation: autoDraw = False
514.1500 	EXP 	line1: autoDraw = False
514.1500 	EXP 	line2: autoDraw = False
514.1500 	EXP 	line3: autoDraw = False
514.1500 	EXP 	line4: autoDraw = False
514.1500 	EXP 	probe: autoDraw = False
514.3179 	EXP 	Device response: <KeyPress from None: t=514.1278935000009, value=x, duration=0.1875368999899365>
515.1334 	EXP 	fixation: autoDraw = True
515.1334 	EXP 	line1: autoDraw = True
515.1334 	EXP 	line2: autoDraw = True
515.1334 	EXP 	line3: autoDraw = True
515.1334 	EXP 	line4: autoDraw = True
516.1332 	INFO 	Keyboard events cleared
516.1330 	EXP 	fixation: autoDraw = False
516.1330 	EXP 	probe: autoDraw = True
516.3843 	EXP 	Device response: <KeyPress from None: t=516.3758975999954, value=x, duration=None>
516.3846 	EXP 	New trial (rep=2, index=11): <Trial 11 (11 in rep 2) data={'pos': 50, 'corr_resp': 'c', 'thisN': 11, 'thisTrialN': 11, 'thisRepN': 2}>
516.3859 	DATA 	Keypress: x
516.3998 	EXP 	fixation: autoDraw = False
516.3998 	EXP 	line1: autoDraw = False
516.3998 	EXP 	line2: autoDraw = False
516.3998 	EXP 	line3: autoDraw = False
516.3998 	EXP 	line4: autoDraw = False
516.3998 	EXP 	probe: autoDraw = False
516.5513 	EXP 	Device response: <KeyPress from None: t=516.3758975999954, value=x, duration=0.17405149999831337>
517.3996 	EXP 	fixation: autoDraw = True
517.3996 	EXP 	line1: autoDraw = True
517.3996 	EXP 	line2: autoDraw = True
517.3996 	EXP 	line3: autoDraw = True
517.3996 	EXP 	line4: autoDraw = True
518.2184 	DATA 	Keypress: v
518.2337 	EXP 	Device response: <KeyPress from None: t=518.2167824999924, value=v, duration=None>
518.3994 	INFO 	Keyboard events cleared
518.3990 	EXP 	fixation: autoDraw = False
518.3990 	EXP 	probe: autoDraw = True
518.6511 	EXP 	Device response: <KeyPress from None: t=518.6417207999912, value=v, duration=None>
518.6515 	EXP 	New trial (rep=5, index=12): <Trial 12 (12 in rep 5) data={'pos': -50, 'corr_resp': 'x', 'thisN': 12, 'thisTrialN': 12, 'thisRepN': 5}>
518.6529 	DATA 	Keypress: v
518.6678 	EXP 	fixation: autoDraw = False
518.6678 	EXP 	line1: autoDraw = False
518.6678 	EXP 	line2: autoDraw = False
518.6678 	EXP 	line3: autoDraw = False
518.6678 	EXP 	line4: autoDraw = False
518.6678 	EXP 	probe: autoDraw = False
518.8169 	EXP 	Device response: <KeyPress from None: t=518.2167824999924, value=v, duration=0.5910702999972273>
519.6662 	EXP 	fixation: autoDraw = True
519.6662 	EXP 	line1: autoDraw = True
519.6662 	EXP 	line2: autoDraw = True
519.6662 	EXP 	line3: autoDraw = True
519.6662 	EXP 	line4: autoDraw = True
520.3694 	EXP 	Device response: <KeyPress from None: t=520.3609606999962, value=c, duration=None>
520.3727 	DATA 	Keypress: c
520.6203 	EXP 	Device response: <KeyPress from None: t=520.3609606999962, value=c, duration=0.24566610000329092>
520.6534 	INFO 	Keyboard events cleared
520.6531 	EXP 	probe: autoDraw = True
520.6699 	EXP 	fixation: autoDraw = False
520.9213 	EXP 	Device response: <KeyPress from None: t=520.9100229999895, value=c, duration=None>
520.9220 	EXP 	New trial (rep=3, index=13): <Trial 13 (13 in rep 3) data={'pos': 50, 'corr_resp': 'c', 'thisN': 13, 'thisTrialN': 13, 'thisRepN': 3}>
520.9244 	DATA 	Keypress: c
520.9362 	EXP 	fixation: autoDraw = False
520.9362 	EXP 	line1: autoDraw = False
520.9362 	EXP 	line2: autoDraw = False
520.9362 	EXP 	line3: autoDraw = False
520.9362 	EXP 	line4: autoDraw = False
520.9362 	EXP 	probe: autoDraw = False
521.2208 	EXP 	Device response: <KeyPress from None: t=520.9100229999895, value=c, duration=0.2995093000063207>
521.9355 	EXP 	fixation: autoDraw = True
521.9355 	EXP 	line1: autoDraw = True
521.9355 	EXP 	line2: autoDraw = True
521.9355 	EXP 	line3: autoDraw = True
521.9355 	EXP 	line4: autoDraw = True
522.7668 	EXP 	Device response: <KeyPress from None: t=522.7626117999898, value=x, duration=None>
522.7688 	DATA 	Keypress: x
522.9321 	INFO 	Keyboard events cleared
522.9319 	EXP 	probe: autoDraw = True
522.9497 	EXP 	fixation: autoDraw = False
522.9502 	EXP 	Device response: <KeyPress from None: t=522.7626117999898, value=x, duration=0.1716554000013275>
523.4205 	DATA 	Keypress: x
523.4354 	EXP 	Device response: <KeyPress from None: t=523.4194980999891, value=x, duration=None>
523.4357 	EXP 	New trial (rep=3, index=14): <Trial 14 (14 in rep 3) data={'pos': 150, 'corr_resp': 'v', 'thisN': 14, 'thisTrialN': 14, 'thisRepN': 3}>
523.4488 	EXP 	fixation: autoDraw = False
523.4488 	EXP 	line1: autoDraw = False
523.4488 	EXP 	line2: autoDraw = False
523.4488 	EXP 	line3: autoDraw = False
523.4488 	EXP 	line4: autoDraw = False
523.4488 	EXP 	probe: autoDraw = False
523.6012 	EXP 	Device response: <KeyPress from None: t=523.4194980999891, value=x, duration=0.18083080000360496>
524.4479 	EXP 	fixation: autoDraw = True
524.4479 	EXP 	line1: autoDraw = True
524.4479 	EXP 	line2: autoDraw = True
524.4479 	EXP 	line3: autoDraw = True
524.4479 	EXP 	line4: autoDraw = True
525.4469 	INFO 	Keyboard events cleared
525.4467 	EXP 	fixation: autoDraw = False
525.4467 	EXP 	probe: autoDraw = True
525.6327 	DATA 	Keypress: v
525.6482 	EXP 	Device response: <KeyPress from None: t=525.6315564999968, value=v, duration=None>
525.6486 	EXP 	New trial (rep=4, index=15): <Trial 15 (15 in rep 4) data={'pos': 50, 'corr_resp': 'c', 'thisN': 15, 'thisTrialN': 15, 'thisRepN': 4}>
525.6640 	EXP 	fixation: autoDraw = False
525.6640 	EXP 	line1: autoDraw = False
525.6640 	EXP 	line2: autoDraw = False
525.6640 	EXP 	line3: autoDraw = False
525.6640 	EXP 	line4: autoDraw = False
525.6640 	EXP 	probe: autoDraw = False
525.7835 	EXP 	Device response: <KeyPress from None: t=518.6417207999912, value=v, duration=7.128299400006654>
526.6499 	EXP 	fixation: autoDraw = True
526.6499 	EXP 	line1: autoDraw = True
526.6499 	EXP 	line2: autoDraw = True
526.6499 	EXP 	line3: autoDraw = True
526.6499 	EXP 	line4: autoDraw = True
527.6000 	EXP 	Device response: <KeyPress from None: t=527.5971654999885, value=c, duration=None>
527.6014 	DATA 	Keypress: c
527.6496 	INFO 	Keyboard events cleared
527.6494 	EXP 	fixation: autoDraw = False
527.6494 	EXP 	probe: autoDraw = True
527.7653 	EXP 	Device response: <KeyPress from None: t=527.5971654999885, value=c, duration=0.15343700000084937>
528.1503 	EXP 	Device response: <KeyPress from None: t=528.1473909999913, value=c, duration=None>
528.1507 	EXP 	New trial (rep=1, index=16): <Trial 16 (16 in rep 1) data={'pos': -150, 'corr_resp': 'z', 'thisN': 16, 'thisTrialN': 16, 'thisRepN': 1}>
528.1515 	DATA 	Keypress: c
528.1663 	EXP 	fixation: autoDraw = False
528.1663 	EXP 	line1: autoDraw = False
528.1663 	EXP 	line2: autoDraw = False
528.1663 	EXP 	line3: autoDraw = False
528.1663 	EXP 	line4: autoDraw = False
528.1663 	EXP 	probe: autoDraw = False
528.3171 	EXP 	Device response: <KeyPress from None: t=528.1473909999913, value=c, duration=0.1594452999997884>
529.1481 	EXP 	fixation: autoDraw = True
529.1481 	EXP 	line1: autoDraw = True
529.1481 	EXP 	line2: autoDraw = True
529.1481 	EXP 	line3: autoDraw = True
529.1481 	EXP 	line4: autoDraw = True
529.3923 	EXP 	Device response: <KeyPress from None: t=529.3813711999974, value=x, duration=None>
529.3941 	DATA 	Keypress: x
529.5416 	EXP 	Device response: <KeyPress from None: t=529.3813711999974, value=x, duration=0.14670539999497123>
530.1559 	INFO 	Keyboard events cleared
530.1558 	EXP 	fixation: autoDraw = False
530.1558 	EXP 	probe: autoDraw = True
530.3567 	DATA 	Keypress: x
530.3642 	EXP 	Device response: <KeyPress from None: t=530.3556928999897, value=x, duration=None>
530.3646 	EXP 	New trial (rep=4, index=17): <Trial 17 (17 in rep 4) data={'pos': 150, 'corr_resp': 'v', 'thisN': 17, 'thisTrialN': 17, 'thisRepN': 4}>
530.3721 	EXP 	fixation: autoDraw = False
530.3721 	EXP 	line1: autoDraw = False
530.3721 	EXP 	line2: autoDraw = False
530.3721 	EXP 	line3: autoDraw = False
530.3721 	EXP 	line4: autoDraw = False
530.3721 	EXP 	probe: autoDraw = False
530.5505 	EXP 	Device response: <KeyPress from None: t=530.3556928999897, value=x, duration=0.18719340000825468>
531.3579 	EXP 	fixation: autoDraw = True
531.3579 	EXP 	line1: autoDraw = True
531.3579 	EXP 	line2: autoDraw = True
531.3579 	EXP 	line3: autoDraw = True
531.3579 	EXP 	line4: autoDraw = True
531.3834 	DATA 	Mouse: Left button down, pos=(394,780)
531.6035 	DATA 	Mouse:  Left button up, pos=(394,780)
532.1806 	EXP 	Device response: <KeyPress from None: t=532.17108249999, value=z, duration=None>
532.1819 	DATA 	Keypress: z
532.3672 	INFO 	Keyboard events cleared
532.3670 	EXP 	fixation: autoDraw = False
532.3670 	EXP 	probe: autoDraw = True
532.3838 	EXP 	Device response: <KeyPress from None: t=509.4121363000013, value=z, duration=22.960092699999223>
532.7339 	EXP 	Device response: <KeyPress from None: t=532.7329301999998, value=z, duration=None>
532.7343 	EXP 	New trial (rep=5, index=18): <Trial 18 (18 in rep 5) data={'pos': 50, 'corr_resp': 'c', 'thisN': 18, 'thisTrialN': 18, 'thisRepN': 5}>
532.7355 	DATA 	Keypress: z
532.7495 	EXP 	fixation: autoDraw = False
532.7495 	EXP 	line1: autoDraw = False
532.7495 	EXP 	line2: autoDraw = False
532.7495 	EXP 	line3: autoDraw = False
532.7495 	EXP 	line4: autoDraw = False
532.7495 	EXP 	probe: autoDraw = False
532.9344 	EXP 	Device response: <KeyPress from None: t=532.17108249999, value=z, duration=0.7570249999989755>
533.7491 	EXP 	fixation: autoDraw = True
533.7491 	EXP 	line1: autoDraw = True
533.7491 	EXP 	line2: autoDraw = True
533.7491 	EXP 	line3: autoDraw = True
533.7491 	EXP 	line4: autoDraw = True
534.7476 	INFO 	Keyboard events cleared
534.7475 	EXP 	probe: autoDraw = True
534.7647 	EXP 	fixation: autoDraw = False
535.5045 	EXP 	Device response: <KeyPress from None: t=535.4928078999947, value=x, duration=None>
535.5053 	EXP 	New trial (rep=5, index=19): <Trial 19 (19 in rep 5) data={'pos': 150, 'corr_resp': 'v', 'thisN': 19, 'thisTrialN': 19, 'thisRepN': 5}>
535.5081 	DATA 	Keypress: x
535.5207 	EXP 	fixation: autoDraw = False
535.5207 	EXP 	line1: autoDraw = False
535.5207 	EXP 	line2: autoDraw = False
535.5207 	EXP 	line3: autoDraw = False
535.5207 	EXP 	line4: autoDraw = False
535.5207 	EXP 	probe: autoDraw = False
535.6977 	EXP 	Device response: <KeyPress from None: t=535.4928078999947, value=x, duration=0.19170140000642277>
536.0483 	EXP 	Device response: <KeyPress from None: t=536.0428905000008, value=x, duration=None>
536.0523 	DATA 	Keypress: x
536.1821 	EXP 	Device response: <KeyPress from None: t=536.0428905000008, value=x, duration=0.12863259999721777>
536.5144 	EXP 	fixation: autoDraw = True
536.5144 	EXP 	line1: autoDraw = True
536.5144 	EXP 	line2: autoDraw = True
536.5144 	EXP 	line3: autoDraw = True
536.5144 	EXP 	line4: autoDraw = True
536.9995 	EXP 	Device response: <KeyPress from None: t=536.9881339999993, value=x, duration=None>
537.0011 	DATA 	Keypress: x
537.1668 	EXP 	Device response: <KeyPress from None: t=536.9881339999993, value=x, duration=0.1709063000016613>
537.5165 	INFO 	Keyboard events cleared
537.5163 	EXP 	fixation: autoDraw = False
537.5163 	EXP 	probe: autoDraw = True
537.8142 	DATA 	Keypress: x
537.8332 	EXP 	Device response: <KeyPress from None: t=537.8119420000003, value=x, duration=None>
537.8338 	EXP 	New trial (rep=6, index=20): <Trial 20 (20 in rep 6) data={'pos': 150, 'corr_resp': 'v', 'thisN': 20, 'thisTrialN': 20, 'thisRepN': 6}>
537.8497 	EXP 	fixation: autoDraw = False
537.8497 	EXP 	line1: autoDraw = False
537.8497 	EXP 	line2: autoDraw = False
537.8497 	EXP 	line3: autoDraw = False
537.8497 	EXP 	line4: autoDraw = False
537.8497 	EXP 	probe: autoDraw = False
538.0333 	EXP 	Device response: <KeyPress from None: t=537.8119420000003, value=x, duration=0.2156405999994604>
538.4007 	EXP 	Device response: <KeyPress from None: t=538.3909519000008, value=x, duration=None>
538.4019 	DATA 	Keypress: x
538.5841 	EXP 	Device response: <KeyPress from None: t=538.3909519000008, value=x, duration=0.19259719998808578>
538.8330 	EXP 	fixation: autoDraw = True
538.8330 	EXP 	line1: autoDraw = True
538.8330 	EXP 	line2: autoDraw = True
538.8330 	EXP 	line3: autoDraw = True
538.8330 	EXP 	line4: autoDraw = True
538.9841 	EXP 	Device response: <KeyPress from None: t=538.9739330000011, value=x, duration=None>
538.9860 	DATA 	Keypress: x
539.1833 	EXP 	Device response: <KeyPress from None: t=538.9739330000011, value=x, duration=0.20111489998816978>
539.4848 	DATA 	Keypress: x
539.4999 	EXP 	Device response: <KeyPress from None: t=539.4832014999993, value=x, duration=None>
539.7338 	EXP 	Device response: <KeyPress from None: t=539.4832014999993, value=x, duration=0.24246599999605678>
539.8333 	INFO 	Keyboard events cleared
539.8331 	EXP 	fixation: autoDraw = False
539.8331 	EXP 	probe: autoDraw = True
540.9490 	EXP 	Device response: <KeyPress from None: t=540.9461044999916, value=x, duration=None>
540.9494 	EXP 	New trial (rep=7, index=21): <Trial 21 (21 in rep 7) data={'pos': 150, 'corr_resp': 'v', 'thisN': 21, 'thisTrialN': 21, 'thisRepN': 7}>
540.9507 	DATA 	Keypress: x
540.9656 	EXP 	fixation: autoDraw = False
540.9656 	EXP 	line1: autoDraw = False
540.9656 	EXP 	line2: autoDraw = False
540.9656 	EXP 	line3: autoDraw = False
540.9656 	EXP 	line4: autoDraw = False
540.9656 	EXP 	probe: autoDraw = False
541.1491 	EXP 	Device response: <KeyPress from None: t=540.9461044999916, value=x, duration=0.19967909999832045>
541.9500 	EXP 	fixation: autoDraw = True
541.9500 	EXP 	line1: autoDraw = True
541.9500 	EXP 	line2: autoDraw = True
541.9500 	EXP 	line3: autoDraw = True
541.9500 	EXP 	line4: autoDraw = True
542.8831 	EXP 	Device response: <KeyPress from None: t=542.8699395000003, value=x, duration=None>
542.8848 	DATA 	Keypress: x
542.9499 	INFO 	Keyboard events cleared
542.9497 	EXP 	fixation: autoDraw = False
542.9497 	EXP 	probe: autoDraw = True
543.0667 	EXP 	Device response: <KeyPress from None: t=542.8699395000003, value=x, duration=0.19630229999893345>
543.8996 	EXP 	Device response: <KeyPress from None: t=543.8931940999901, value=x, duration=None>
543.9000 	EXP 	New trial (rep=6, index=22): <Trial 22 (22 in rep 6) data={'pos': -50, 'corr_resp': 'x', 'thisN': 22, 'thisTrialN': 22, 'thisRepN': 6}>
543.9013 	DATA 	Keypress: x
543.9174 	EXP 	fixation: autoDraw = False
543.9174 	EXP 	line1: autoDraw = False
543.9174 	EXP 	line2: autoDraw = False
543.9174 	EXP 	line3: autoDraw = False
543.9174 	EXP 	line4: autoDraw = False
543.9174 	EXP 	probe: autoDraw = False
544.0838 	EXP 	Device response: <KeyPress from None: t=543.8931940999901, value=x, duration=0.1767866000009235>
544.8993 	EXP 	fixation: autoDraw = True
544.8993 	EXP 	line1: autoDraw = True
544.8993 	EXP 	line2: autoDraw = True
544.8993 	EXP 	line3: autoDraw = True
544.8993 	EXP 	line4: autoDraw = True
545.9003 	INFO 	Keyboard events cleared
545.9001 	EXP 	fixation: autoDraw = False
545.9001 	EXP 	probe: autoDraw = True
546.0155 	EXP 	Device response: <KeyPress from None: t=546.0001162999979, value=x, duration=None>
546.0160 	EXP 	New trial (rep=8, index=23): <Trial 23 (23 in rep 8) data={'pos': 150, 'corr_resp': 'v', 'thisN': 23, 'thisTrialN': 23, 'thisRepN': 8}>
546.0171 	DATA 	Keypress: x
546.0319 	EXP 	fixation: autoDraw = False
546.0319 	EXP 	line1: autoDraw = False
546.0319 	EXP 	line2: autoDraw = False
546.0319 	EXP 	line3: autoDraw = False
546.0319 	EXP 	line4: autoDraw = False
546.0319 	EXP 	probe: autoDraw = False
546.1504 	EXP 	Device response: <KeyPress from None: t=546.0001162999979, value=x, duration=0.14141499999095686>
547.0170 	EXP 	fixation: autoDraw = True
547.0170 	EXP 	line1: autoDraw = True
547.0170 	EXP 	line2: autoDraw = True
547.0170 	EXP 	line3: autoDraw = True
547.0170 	EXP 	line4: autoDraw = True
547.9000 	EXP 	Device response: <KeyPress from None: t=547.8867057999887, value=c, duration=None>
547.9019 	DATA 	Keypress: c
548.0164 	INFO 	Keyboard events cleared
548.0161 	EXP 	probe: autoDraw = True
548.0331 	EXP 	fixation: autoDraw = False
548.0837 	EXP 	Device response: <KeyPress from None: t=547.8867057999887, value=c, duration=0.1813537000125507>
548.6673 	EXP 	Device response: <KeyPress from None: t=548.6621442999894, value=c, duration=None>
548.6677 	EXP 	New trial (rep=7, index=24): <Trial 24 (24 in rep 7) data={'pos': -50, 'corr_resp': 'x', 'thisN': 24, 'thisTrialN': 24, 'thisRepN': 7}>
548.6691 	DATA 	Keypress: c
548.6836 	EXP 	fixation: autoDraw = False
548.6836 	EXP 	line1: autoDraw = False
548.6836 	EXP 	line2: autoDraw = False
548.6836 	EXP 	line3: autoDraw = False
548.6836 	EXP 	line4: autoDraw = False
548.6836 	EXP 	probe: autoDraw = False
548.8491 	EXP 	Device response: <KeyPress from None: t=548.6621442999894, value=c, duration=0.17407510000339244>
549.6833 	EXP 	fixation: autoDraw = True
549.6833 	EXP 	line1: autoDraw = True
549.6833 	EXP 	line2: autoDraw = True
549.6833 	EXP 	line3: autoDraw = True
549.6833 	EXP 	line4: autoDraw = True
550.3330 	EXP 	Device response: <KeyPress from None: t=550.3276320000004, value=x, duration=None>
550.3347 	DATA 	Keypress: x
550.4997 	EXP 	Device response: <KeyPress from None: t=550.3276320000004, value=x, duration=0.1643078999913996>
550.6679 	INFO 	Keyboard events cleared
550.6676 	EXP 	probe: autoDraw = True
550.6839 	EXP 	fixation: autoDraw = False
550.7842 	EXP 	Device response: <KeyPress from None: t=550.7802011999884, value=x, duration=None>
550.7846 	EXP 	New trial (rep=9, index=25): <Trial 25 (25 in rep 9) data={'pos': 150, 'corr_resp': 'v', 'thisN': 25, 'thisTrialN': 25, 'thisRepN': 9}>
550.7859 	DATA 	Keypress: x
550.8000 	EXP 	fixation: autoDraw = False
550.8000 	EXP 	line1: autoDraw = False
550.8000 	EXP 	line2: autoDraw = False
550.8000 	EXP 	line3: autoDraw = False
550.8000 	EXP 	line4: autoDraw = False
550.8000 	EXP 	probe: autoDraw = False
550.9008 	EXP 	Device response: <KeyPress from None: t=550.7802011999884, value=x, duration=0.11963320001086686>
551.7991 	EXP 	fixation: autoDraw = True
551.7991 	EXP 	line1: autoDraw = True
551.7991 	EXP 	line2: autoDraw = True
551.7991 	EXP 	line3: autoDraw = True
551.7991 	EXP 	line4: autoDraw = True
552.8000 	INFO 	Keyboard events cleared
552.7998 	EXP 	fixation: autoDraw = False
552.7998 	EXP 	probe: autoDraw = True
552.8193 	DATA 	Keypress: c
552.8329 	EXP 	Device response: <KeyPress from None: t=552.8183566999942, value=c, duration=None>
552.8334 	EXP 	New trial (rep=8, index=26): <Trial 26 (26 in rep 8) data={'pos': -50, 'corr_resp': 'x', 'thisN': 26, 'thisTrialN': 26, 'thisRepN': 8}>
552.8489 	EXP 	fixation: autoDraw = False
552.8489 	EXP 	line1: autoDraw = False
552.8489 	EXP 	line2: autoDraw = False
552.8489 	EXP 	line3: autoDraw = False
552.8489 	EXP 	line4: autoDraw = False
552.8489 	EXP 	probe: autoDraw = False
553.0354 	EXP 	Device response: <KeyPress from None: t=552.8183566999942, value=c, duration=0.20613930000399705>
553.8335 	EXP 	fixation: autoDraw = True
553.8335 	EXP 	line1: autoDraw = True
553.8335 	EXP 	line2: autoDraw = True
553.8335 	EXP 	line3: autoDraw = True
553.8335 	EXP 	line4: autoDraw = True
554.8368 	INFO 	Keyboard events cleared
554.8365 	EXP 	fixation: autoDraw = False
554.8365 	EXP 	probe: autoDraw = True
555.1010 	EXP 	Device response: <KeyPress from None: t=555.0906476999953, value=v, duration=None>
555.1019 	EXP 	New trial (rep=9, index=27): <Trial 27 (27 in rep 9) data={'pos': -50, 'corr_resp': 'x', 'thisN': 27, 'thisTrialN': 27, 'thisRepN': 9}>
555.1040 	DATA 	Keypress: v
555.1158 	EXP 	fixation: autoDraw = False
555.1158 	EXP 	line1: autoDraw = False
555.1158 	EXP 	line2: autoDraw = False
555.1158 	EXP 	line3: autoDraw = False
555.1158 	EXP 	line4: autoDraw = False
555.1158 	EXP 	probe: autoDraw = False
555.2506 	EXP 	Device response: <KeyPress from None: t=525.6315564999968, value=v, duration=29.617172500002198>
556.1037 	EXP 	fixation: autoDraw = True
556.1037 	EXP 	line1: autoDraw = True
556.1037 	EXP 	line2: autoDraw = True
556.1037 	EXP 	line3: autoDraw = True
556.1037 	EXP 	line4: autoDraw = True
557.1162 	INFO 	Keyboard events cleared
557.1160 	EXP 	fixation: autoDraw = False
557.1160 	EXP 	probe: autoDraw = True
557.5003 	EXP 	Device response: <KeyPress from None: t=557.4963711000019, value=x, duration=None>
557.5007 	EXP 	New trial (rep=10, index=28): <Trial 28 (28 in rep 10) data={'pos': -50, 'corr_resp': 'x', 'thisN': 28, 'thisTrialN': 28, 'thisRepN': 10}>
557.5021 	DATA 	Keypress: x
557.5159 	EXP 	fixation: autoDraw = False
557.5159 	EXP 	line1: autoDraw = False
557.5159 	EXP 	line2: autoDraw = False
557.5159 	EXP 	line3: autoDraw = False
557.5159 	EXP 	line4: autoDraw = False
557.5159 	EXP 	probe: autoDraw = False
557.6551 	EXP 	Device response: <KeyPress from None: t=557.4963711000019, value=x, duration=0.14867089998733718>
558.5159 	EXP 	fixation: autoDraw = True
558.5159 	EXP 	line1: autoDraw = True
558.5159 	EXP 	line2: autoDraw = True
558.5159 	EXP 	line3: autoDraw = True
558.5159 	EXP 	line4: autoDraw = True
559.5163 	INFO 	Keyboard events cleared
559.5161 	EXP 	fixation: autoDraw = False
559.5161 	EXP 	probe: autoDraw = True
560.2205 	EXP 	Device response: <KeyPress from None: t=560.2143455999903, value=x, duration=None>
560.2211 	EXP 	New trial (rep=6, index=29): <Trial 29 (29 in rep 6) data={'pos': 50, 'corr_resp': 'c', 'thisN': 29, 'thisTrialN': 29, 'thisRepN': 6}>
560.2240 	DATA 	Keypress: x
560.2357 	EXP 	fixation: autoDraw = False
560.2357 	EXP 	line1: autoDraw = False
560.2357 	EXP 	line2: autoDraw = False
560.2357 	EXP 	line3: autoDraw = False
560.2357 	EXP 	line4: autoDraw = False
560.2357 	EXP 	probe: autoDraw = False
560.3836 	EXP 	Device response: <KeyPress from None: t=560.2143455999903, value=x, duration=0.1684615000121994>
561.2323 	EXP 	fixation: autoDraw = True
561.2323 	EXP 	line1: autoDraw = True
561.2323 	EXP 	line2: autoDraw = True
561.2323 	EXP 	line3: autoDraw = True
561.2323 	EXP 	line4: autoDraw = True
562.2351 	INFO 	Keyboard events cleared
562.2348 	EXP 	fixation: autoDraw = False
562.2348 	EXP 	probe: autoDraw = True
562.8185 	DATA 	Keypress: c
562.8333 	EXP 	Device response: <KeyPress from None: t=562.8173507999891, value=c, duration=None>
562.8337 	EXP 	New trial (rep=10, index=30): <Trial 30 (30 in rep 10) data={'pos': 150, 'corr_resp': 'v', 'thisN': 30, 'thisTrialN': 30, 'thisRepN': 10}>
562.8493 	EXP 	fixation: autoDraw = False
562.8493 	EXP 	line1: autoDraw = False
562.8493 	EXP 	line2: autoDraw = False
562.8493 	EXP 	line3: autoDraw = False
562.8493 	EXP 	line4: autoDraw = False
562.8493 	EXP 	probe: autoDraw = False
563.2501 	EXP 	Device response: <KeyPress from None: t=562.8173507999891, value=c, duration=0.42757370001345407>
563.8492 	EXP 	fixation: autoDraw = True
563.8492 	EXP 	line1: autoDraw = True
563.8492 	EXP 	line2: autoDraw = True
563.8492 	EXP 	line3: autoDraw = True
563.8492 	EXP 	line4: autoDraw = True
564.8468 	INFO 	Keyboard events cleared
564.8467 	EXP 	probe: autoDraw = True
564.8636 	EXP 	fixation: autoDraw = False
565.5007 	EXP 	Device response: <KeyPress from None: t=565.4942844999896, value=v, duration=None>
565.5011 	EXP 	New trial (rep=7, index=31): <Trial 31 (31 in rep 7) data={'pos': 50, 'corr_resp': 'c', 'thisN': 31, 'thisTrialN': 31, 'thisRepN': 7}>
565.5025 	DATA 	Keypress: v
565.5163 	EXP 	fixation: autoDraw = False
565.5163 	EXP 	line1: autoDraw = False
565.5163 	EXP 	line2: autoDraw = False
565.5163 	EXP 	line3: autoDraw = False
565.5163 	EXP 	line4: autoDraw = False
565.5163 	EXP 	probe: autoDraw = False
565.9217 	EXP 	Device response: <KeyPress from None: t=555.0906476999953, value=v, duration=10.825955299995258>
566.5025 	EXP 	fixation: autoDraw = True
566.5025 	EXP 	line1: autoDraw = True
566.5025 	EXP 	line2: autoDraw = True
566.5025 	EXP 	line3: autoDraw = True
566.5025 	EXP 	line4: autoDraw = True
567.5025 	INFO 	Keyboard events cleared
567.5022 	EXP 	fixation: autoDraw = False
567.5022 	EXP 	probe: autoDraw = True
567.8003 	EXP 	Device response: <KeyPress from None: t=567.7900670999952, value=c, duration=None>
567.8007 	EXP 	New trial (rep=8, index=32): <Trial 32 (32 in rep 8) data={'pos': 50, 'corr_resp': 'c', 'thisN': 32, 'thisTrialN': 32, 'thisRepN': 8}>
567.8023 	DATA 	Keypress: c
567.8167 	EXP 	fixation: autoDraw = False
567.8167 	EXP 	line1: autoDraw = False
567.8167 	EXP 	line2: autoDraw = False
567.8167 	EXP 	line3: autoDraw = False
567.8167 	EXP 	line4: autoDraw = False
567.8167 	EXP 	probe: autoDraw = False
567.9369 	EXP 	Device response: <KeyPress from None: t=567.7900670999952, value=c, duration=0.13441600000078324>
568.8017 	EXP 	fixation: autoDraw = True
568.8017 	EXP 	line1: autoDraw = True
568.8017 	EXP 	line2: autoDraw = True
568.8017 	EXP 	line3: autoDraw = True
568.8017 	EXP 	line4: autoDraw = True
569.8159 	INFO 	Keyboard events cleared
569.8157 	EXP 	fixation: autoDraw = False
569.8157 	EXP 	probe: autoDraw = True
570.3576 	DATA 	Keypress: z
570.3726 	EXP 	Device response: <KeyPress from None: t=570.3552860999916, value=z, duration=None>
570.3733 	EXP 	New trial (rep=11, index=33): <Trial 33 (33 in rep 11) data={'pos': -50, 'corr_resp': 'x', 'thisN': 33, 'thisTrialN': 33, 'thisRepN': 11}>
570.3860 	EXP 	fixation: autoDraw = False
570.3860 	EXP 	line1: autoDraw = False
570.3860 	EXP 	line2: autoDraw = False
570.3860 	EXP 	line3: autoDraw = False
570.3860 	EXP 	line4: autoDraw = False
570.3860 	EXP 	probe: autoDraw = False
570.5532 	EXP 	Device response: <KeyPress from None: t=532.7329301999998, value=z, duration=37.80561559999478>
571.3825 	EXP 	fixation: autoDraw = True
571.3825 	EXP 	line1: autoDraw = True
571.3825 	EXP 	line2: autoDraw = True
571.3825 	EXP 	line3: autoDraw = True
571.3825 	EXP 	line4: autoDraw = True
572.3863 	INFO 	Keyboard events cleared
572.3860 	EXP 	fixation: autoDraw = False
572.3860 	EXP 	probe: autoDraw = True
572.8167 	EXP 	Device response: <KeyPress from None: t=572.8051613999996, value=x, duration=None>
572.8171 	EXP 	New trial (rep=2, index=34): <Trial 34 (34 in rep 2) data={'pos': -150, 'corr_resp': 'z', 'thisN': 34, 'thisTrialN': 34, 'thisRepN': 2}>
572.8184 	DATA 	Keypress: x
572.8318 	EXP 	fixation: autoDraw = False
572.8318 	EXP 	line1: autoDraw = False
572.8318 	EXP 	line2: autoDraw = False
572.8318 	EXP 	line3: autoDraw = False
572.8318 	EXP 	line4: autoDraw = False
572.8318 	EXP 	probe: autoDraw = False
572.9494 	EXP 	Device response: <KeyPress from None: t=572.8051613999996, value=x, duration=0.13849450000270735>
573.8323 	EXP 	fixation: autoDraw = True
573.8323 	EXP 	line1: autoDraw = True
573.8323 	EXP 	line2: autoDraw = True
573.8323 	EXP 	line3: autoDraw = True
573.8323 	EXP 	line4: autoDraw = True
574.8160 	INFO 	Keyboard events cleared
574.8158 	EXP 	probe: autoDraw = True
574.8319 	EXP 	fixation: autoDraw = False
575.4172 	EXP 	Device response: <KeyPress from None: t=575.4090652000014, value=z, duration=None>
575.4176 	EXP 	New trial (rep=3, index=35): <Trial 35 (35 in rep 3) data={'pos': -150, 'corr_resp': 'z', 'thisN': 35, 'thisTrialN': 35, 'thisRepN': 3}>
575.4190 	DATA 	Keypress: z
575.4326 	EXP 	fixation: autoDraw = False
575.4326 	EXP 	line1: autoDraw = False
575.4326 	EXP 	line2: autoDraw = False
575.4326 	EXP 	line3: autoDraw = False
575.4326 	EXP 	line4: autoDraw = False
575.4326 	EXP 	probe: autoDraw = False
575.6329 	EXP 	Device response: <KeyPress from None: t=570.3552860999916, value=z, duration=5.266342300004908>
576.4328 	EXP 	fixation: autoDraw = True
576.4328 	EXP 	line1: autoDraw = True
576.4328 	EXP 	line2: autoDraw = True
576.4328 	EXP 	line3: autoDraw = True
576.4328 	EXP 	line4: autoDraw = True
577.4302 	INFO 	Keyboard events cleared
577.4300 	EXP 	fixation: autoDraw = False
577.4300 	EXP 	probe: autoDraw = True
577.7988 	EXP 	Device response: <KeyPress from None: t=577.7936405999935, value=z, duration=None>
577.7992 	EXP 	New trial (rep=9, index=36): <Trial 36 (36 in rep 9) data={'pos': 50, 'corr_resp': 'c', 'thisN': 36, 'thisTrialN': 36, 'thisRepN': 9}>
577.8004 	DATA 	Keypress: z
577.8158 	EXP 	fixation: autoDraw = False
577.8158 	EXP 	line1: autoDraw = False
577.8158 	EXP 	line2: autoDraw = False
577.8158 	EXP 	line3: autoDraw = False
577.8158 	EXP 	line4: autoDraw = False
577.8158 	EXP 	probe: autoDraw = False
577.9822 	EXP 	Device response: <KeyPress from None: t=575.4090652000014, value=z, duration=2.5682276000006823>
578.7990 	EXP 	fixation: autoDraw = True
578.7990 	EXP 	line1: autoDraw = True
578.7990 	EXP 	line2: autoDraw = True
578.7990 	EXP 	line3: autoDraw = True
578.7990 	EXP 	line4: autoDraw = True
579.7993 	INFO 	Keyboard events cleared
579.7991 	EXP 	fixation: autoDraw = False
579.7991 	EXP 	probe: autoDraw = True
580.3327 	EXP 	Device response: <KeyPress from None: t=580.3236734999955, value=z, duration=None>
580.3330 	EXP 	New trial (rep=12, index=37): <Trial 37 (37 in rep 12) data={'pos': -50, 'corr_resp': 'x', 'thisN': 37, 'thisTrialN': 37, 'thisRepN': 12}>
580.3343 	DATA 	Keypress: z
580.3485 	EXP 	fixation: autoDraw = False
580.3485 	EXP 	line1: autoDraw = False
580.3485 	EXP 	line2: autoDraw = False
580.3485 	EXP 	line3: autoDraw = False
580.3485 	EXP 	line4: autoDraw = False
580.3485 	EXP 	probe: autoDraw = False
580.5335 	EXP 	Device response: <KeyPress from None: t=577.7936405999935, value=z, duration=2.7237129999994067>
581.3324 	EXP 	fixation: autoDraw = True
581.3324 	EXP 	line1: autoDraw = True
581.3324 	EXP 	line2: autoDraw = True
581.3324 	EXP 	line3: autoDraw = True
581.3324 	EXP 	line4: autoDraw = True
582.3321 	INFO 	Keyboard events cleared
582.3319 	EXP 	fixation: autoDraw = False
582.3319 	EXP 	probe: autoDraw = True
582.5157 	EXP 	Device response: <KeyPress from None: t=582.5072303999914, value=z, duration=None>
582.5161 	EXP 	New trial (rep=4, index=38): <Trial 38 (38 in rep 4) data={'pos': -150, 'corr_resp': 'z', 'thisN': 38, 'thisTrialN': 38, 'thisRepN': 4}>
582.5174 	DATA 	Keypress: z
582.5320 	EXP 	fixation: autoDraw = False
582.5320 	EXP 	line1: autoDraw = False
582.5320 	EXP 	line2: autoDraw = False
582.5320 	EXP 	line3: autoDraw = False
582.5320 	EXP 	line4: autoDraw = False
582.5320 	EXP 	probe: autoDraw = False
582.7170 	EXP 	Device response: <KeyPress from None: t=580.3236734999955, value=z, duration=2.376659400004428>
583.5155 	EXP 	fixation: autoDraw = True
583.5155 	EXP 	line1: autoDraw = True
583.5155 	EXP 	line2: autoDraw = True
583.5155 	EXP 	line3: autoDraw = True
583.5155 	EXP 	line4: autoDraw = True
584.4829 	EXP 	Device response: <KeyPress from None: t=584.4736406000011, value=z, duration=None>
584.4846 	DATA 	Keypress: z
584.5155 	INFO 	Keyboard events cleared
584.5153 	EXP 	fixation: autoDraw = False
584.5153 	EXP 	probe: autoDraw = True
584.7323 	EXP 	Device response: <KeyPress from None: t=582.5072303999914, value=z, duration=2.2183370999991894>
584.9826 	EXP 	Device response: <KeyPress from None: t=584.9790412000002, value=z, duration=None>
584.9832 	EXP 	New trial (rep=13, index=39): <Trial 39 (39 in rep 13) data={'pos': -50, 'corr_resp': 'x', 'thisN': 39, 'thisTrialN': 39, 'thisRepN': 13}>
584.9845 	DATA 	Keypress: z
584.9989 	EXP 	fixation: autoDraw = False
584.9989 	EXP 	line1: autoDraw = False
584.9989 	EXP 	line2: autoDraw = False
584.9989 	EXP 	line3: autoDraw = False
584.9989 	EXP 	line4: autoDraw = False
584.9989 	EXP 	probe: autoDraw = False
585.1990 	EXP 	Device response: <KeyPress from None: t=584.4736406000011, value=z, duration=0.720413599992753>
585.9991 	EXP 	fixation: autoDraw = True
585.9991 	EXP 	line1: autoDraw = True
585.9991 	EXP 	line2: autoDraw = True
585.9991 	EXP 	line3: autoDraw = True
585.9991 	EXP 	line4: autoDraw = True
586.9820 	INFO 	Keyboard events cleared
586.9818 	EXP 	probe: autoDraw = True
586.9989 	EXP 	fixation: autoDraw = False
587.3684 	EXP 	Device response: <KeyPress from None: t=587.3617255999998, value=x, duration=None>
587.3689 	EXP 	New trial (rep=5, index=40): <Trial 40 (40 in rep 5) data={'pos': -150, 'corr_resp': 'z', 'thisN': 40, 'thisTrialN': 40, 'thisRepN': 5}>
587.3706 	DATA 	Keypress: x
587.3863 	EXP 	fixation: autoDraw = False
587.3863 	EXP 	line1: autoDraw = False
587.3863 	EXP 	line2: autoDraw = False
587.3863 	EXP 	line3: autoDraw = False
587.3863 	EXP 	line4: autoDraw = False
587.3863 	EXP 	probe: autoDraw = False
587.5340 	EXP 	Device response: <KeyPress from None: t=587.3617255999998, value=x, duration=0.160856699993019>
588.3826 	EXP 	fixation: autoDraw = True
588.3826 	EXP 	line1: autoDraw = True
588.3826 	EXP 	line2: autoDraw = True
588.3826 	EXP 	line3: autoDraw = True
588.3826 	EXP 	line4: autoDraw = True
589.3817 	INFO 	Keyboard events cleared
589.3815 	EXP 	fixation: autoDraw = False
589.3815 	EXP 	probe: autoDraw = True
589.7010 	EXP 	Device response: <KeyPress from None: t=589.6983360000013, value=z, duration=None>
589.7014 	EXP 	New trial (rep=10, index=41): <Trial 41 (41 in rep 10) data={'pos': 50, 'corr_resp': 'c', 'thisN': 41, 'thisTrialN': 41, 'thisRepN': 10}>
589.7027 	DATA 	Keypress: z
589.7152 	EXP 	fixation: autoDraw = False
589.7152 	EXP 	line1: autoDraw = False
589.7152 	EXP 	line2: autoDraw = False
589.7152 	EXP 	line3: autoDraw = False
589.7152 	EXP 	line4: autoDraw = False
589.7152 	EXP 	probe: autoDraw = False
589.8822 	EXP 	Device response: <KeyPress from None: t=584.9790412000002, value=z, duration=4.898214299988467>
590.7153 	EXP 	fixation: autoDraw = True
590.7153 	EXP 	line1: autoDraw = True
590.7153 	EXP 	line2: autoDraw = True
590.7153 	EXP 	line3: autoDraw = True
590.7153 	EXP 	line4: autoDraw = True
591.7161 	INFO 	Keyboard events cleared
591.7159 	EXP 	fixation: autoDraw = False
591.7159 	EXP 	probe: autoDraw = True
592.1155 	EXP 	Device response: <KeyPress from None: t=592.1045348999905, value=x, duration=None>
592.1159 	EXP 	New trial (rep=6, index=42): <Trial 42 (42 in rep 6) data={'pos': -150, 'corr_resp': 'z', 'thisN': 42, 'thisTrialN': 42, 'thisRepN': 6}>
592.1172 	DATA 	Keypress: x
592.1314 	EXP 	fixation: autoDraw = False
592.1314 	EXP 	line1: autoDraw = False
592.1314 	EXP 	line2: autoDraw = False
592.1314 	EXP 	line3: autoDraw = False
592.1314 	EXP 	line4: autoDraw = False
592.1314 	EXP 	probe: autoDraw = False
592.2992 	EXP 	Device response: <KeyPress from None: t=592.1045348999905, value=x, duration=0.18628809999790974>
593.1156 	EXP 	fixation: autoDraw = True
593.1156 	EXP 	line1: autoDraw = True
593.1156 	EXP 	line2: autoDraw = True
593.1156 	EXP 	line3: autoDraw = True
593.1156 	EXP 	line4: autoDraw = True
594.1186 	INFO 	Keyboard events cleared
594.1183 	EXP 	fixation: autoDraw = False
594.1183 	EXP 	probe: autoDraw = True
594.5827 	EXP 	Device response: <KeyPress from None: t=594.5702540999919, value=z, duration=None>
594.5831 	EXP 	New trial (rep=14, index=43): <Trial 43 (43 in rep 14) data={'pos': -50, 'corr_resp': 'x', 'thisN': 43, 'thisTrialN': 43, 'thisRepN': 14}>
594.5843 	DATA 	Keypress: z
594.5987 	EXP 	fixation: autoDraw = False
594.5987 	EXP 	line1: autoDraw = False
594.5987 	EXP 	line2: autoDraw = False
594.5987 	EXP 	line3: autoDraw = False
594.5987 	EXP 	line4: autoDraw = False
594.5987 	EXP 	probe: autoDraw = False
594.7821 	EXP 	Device response: <KeyPress from None: t=589.6983360000013, value=z, duration=5.075484599990887>
595.5819 	EXP 	fixation: autoDraw = True
595.5819 	EXP 	line1: autoDraw = True
595.5819 	EXP 	line2: autoDraw = True
595.5819 	EXP 	line3: autoDraw = True
595.5819 	EXP 	line4: autoDraw = True
596.5831 	INFO 	Keyboard events cleared
596.5829 	EXP 	fixation: autoDraw = False
596.5829 	EXP 	probe: autoDraw = True
597.0007 	DATA 	Keypress: x
597.0155 	EXP 	Device response: <KeyPress from None: t=597.0002654999989, value=x, duration=None>
597.0160 	EXP 	New trial (rep=7, index=44): <Trial 44 (44 in rep 7) data={'pos': -150, 'corr_resp': 'z', 'thisN': 44, 'thisTrialN': 44, 'thisRepN': 7}>
597.0325 	EXP 	fixation: autoDraw = False
597.0325 	EXP 	line1: autoDraw = False
597.0325 	EXP 	line2: autoDraw = False
597.0325 	EXP 	line3: autoDraw = False
597.0325 	EXP 	line4: autoDraw = False
597.0325 	EXP 	probe: autoDraw = False
597.2495 	EXP 	Device response: <KeyPress from None: t=597.0002654999989, value=x, duration=0.246864499989897>
598.0153 	EXP 	fixation: autoDraw = True
598.0153 	EXP 	line1: autoDraw = True
598.0153 	EXP 	line2: autoDraw = True
598.0153 	EXP 	line3: autoDraw = True
598.0153 	EXP 	line4: autoDraw = True
599.0157 	INFO 	Keyboard events cleared
599.0155 	EXP 	fixation: autoDraw = False
599.0155 	EXP 	probe: autoDraw = True
599.5324 	EXP 	Device response: <KeyPress from None: t=599.5259534999932, value=z, duration=None>
599.5329 	EXP 	New trial (rep=15, index=45): <Trial 45 (45 in rep 15) data={'pos': -50, 'corr_resp': 'x', 'thisN': 45, 'thisTrialN': 45, 'thisRepN': 15}>
599.5341 	DATA 	Keypress: z
599.5494 	EXP 	fixation: autoDraw = False
599.5494 	EXP 	line1: autoDraw = False
599.5494 	EXP 	line2: autoDraw = False
599.5494 	EXP 	line3: autoDraw = False
599.5494 	EXP 	line4: autoDraw = False
599.5494 	EXP 	probe: autoDraw = False
599.7661 	EXP 	Device response: <KeyPress from None: t=594.5702540999919, value=z, duration=5.183914200009895>
600.5324 	EXP 	fixation: autoDraw = True
600.5324 	EXP 	line1: autoDraw = True
600.5324 	EXP 	line2: autoDraw = True
600.5324 	EXP 	line3: autoDraw = True
600.5324 	EXP 	line4: autoDraw = True
601.5321 	INFO 	Keyboard events cleared
601.5319 	EXP 	fixation: autoDraw = False
601.5319 	EXP 	probe: autoDraw = True
602.3323 	EXP 	Device response: <KeyPress from None: t=602.3243193999951, value=x, duration=None>
602.3327 	EXP 	New trial (rep=11, index=46): <Trial 46 (46 in rep 11) data={'pos': 50, 'corr_resp': 'c', 'thisN': 46, 'thisTrialN': 46, 'thisRepN': 11}>
602.3339 	DATA 	Keypress: x
602.3485 	EXP 	fixation: autoDraw = False
602.3485 	EXP 	line1: autoDraw = False
602.3485 	EXP 	line2: autoDraw = False
602.3485 	EXP 	line3: autoDraw = False
602.3485 	EXP 	line4: autoDraw = False
602.3485 	EXP 	probe: autoDraw = False
602.6379 	EXP 	Device response: <KeyPress from None: t=602.3243193999951, value=x, duration=0.3034533000027295>
603.3318 	EXP 	fixation: autoDraw = True
603.3318 	EXP 	line1: autoDraw = True
603.3318 	EXP 	line2: autoDraw = True
603.3318 	EXP 	line3: autoDraw = True
603.3318 	EXP 	line4: autoDraw = True
604.2320 	EXP 	Device response: <KeyPress from None: t=604.2255512999982, value=c, duration=None>
604.2336 	DATA 	Keypress: c
604.3327 	INFO 	Keyboard events cleared
604.3325 	EXP 	fixation: autoDraw = False
604.3325 	EXP 	probe: autoDraw = True
604.4171 	EXP 	Device response: <KeyPress from None: t=604.2255512999982, value=c, duration=0.17406649999611545>
604.6633 	EXP 	Device response: <KeyPress from None: t=604.6569855999987, value=c, duration=None>
604.6636 	EXP 	New trial (rep=12, index=47): <Trial 47 (47 in rep 12) data={'pos': 50, 'corr_resp': 'c', 'thisN': 47, 'thisTrialN': 47, 'thisRepN': 12}>
604.6646 	DATA 	Keypress: c
604.6794 	EXP 	fixation: autoDraw = False
604.6794 	EXP 	line1: autoDraw = False
604.6794 	EXP 	line2: autoDraw = False
604.6794 	EXP 	line3: autoDraw = False
604.6794 	EXP 	line4: autoDraw = False
604.6794 	EXP 	probe: autoDraw = False
604.8153 	EXP 	Device response: <KeyPress from None: t=604.6569855999987, value=c, duration=0.153227999995579>
605.6656 	EXP 	fixation: autoDraw = True
605.6656 	EXP 	line1: autoDraw = True
605.6656 	EXP 	line2: autoDraw = True
605.6656 	EXP 	line3: autoDraw = True
605.6656 	EXP 	line4: autoDraw = True
606.6653 	INFO 	Keyboard events cleared
606.6651 	EXP 	fixation: autoDraw = False
606.6651 	EXP 	probe: autoDraw = True
607.3674 	EXP 	Device response: <KeyPress from None: t=607.3531244999904, value=c, duration=None>
607.3679 	EXP 	New trial (rep=13, index=48): <Trial 48 (48 in rep 13) data={'pos': 50, 'corr_resp': 'c', 'thisN': 48, 'thisTrialN': 48, 'thisRepN': 13}>
607.3693 	DATA 	Keypress: c
607.3820 	EXP 	fixation: autoDraw = False
607.3820 	EXP 	line1: autoDraw = False
607.3820 	EXP 	line2: autoDraw = False
607.3820 	EXP 	line3: autoDraw = False
607.3820 	EXP 	line4: autoDraw = False
607.3820 	EXP 	probe: autoDraw = False
607.5165 	EXP 	Device response: <KeyPress from None: t=607.3531244999904, value=c, duration=0.16302360000554472>
608.3820 	EXP 	fixation: autoDraw = True
608.3820 	EXP 	line1: autoDraw = True
608.3820 	EXP 	line2: autoDraw = True
608.3820 	EXP 	line3: autoDraw = True
608.3820 	EXP 	line4: autoDraw = True
609.3823 	INFO 	Keyboard events cleared
609.3821 	EXP 	fixation: autoDraw = False
609.3821 	EXP 	probe: autoDraw = True
610.1151 	EXP 	Device response: <KeyPress from None: t=610.1034455999907, value=c, duration=None>
610.1155 	EXP 	New trial (rep=14, index=49): <Trial 49 (49 in rep 14) data={'pos': 50, 'corr_resp': 'c', 'thisN': 49, 'thisTrialN': 49, 'thisRepN': 14}>
610.1171 	DATA 	Keypress: c
610.1295 	EXP 	fixation: autoDraw = False
610.1295 	EXP 	line1: autoDraw = False
610.1295 	EXP 	line2: autoDraw = False
610.1295 	EXP 	line3: autoDraw = False
610.1295 	EXP 	line4: autoDraw = False
610.1295 	EXP 	probe: autoDraw = False
610.2633 	EXP 	Device response: <KeyPress from None: t=610.1034455999907, value=c, duration=0.14586340000096243>
611.1195 	EXP 	fixation: autoDraw = True
611.1195 	EXP 	line1: autoDraw = True
611.1195 	EXP 	line2: autoDraw = True
611.1195 	EXP 	line3: autoDraw = True
611.1195 	EXP 	line4: autoDraw = True
611.5821 	EXP 	Device response: <KeyPress from None: t=611.5671347000025, value=c, duration=None>
611.5839 	DATA 	Keypress: c
611.7184 	EXP 	Device response: <KeyPress from None: t=611.5671347000025, value=c, duration=0.14470049999363255>
611.9658 	EXP 	Device response: <KeyPress from None: t=611.9602993000008, value=c, duration=None>
611.9675 	DATA 	Keypress: c
612.1191 	INFO 	Keyboard events cleared
612.1188 	EXP 	fixation: autoDraw = False
612.1188 	EXP 	probe: autoDraw = True
612.1544 	EXP 	Device response: <KeyPress from None: t=611.9602993000008, value=c, duration=0.19214719999581575>
612.3999 	EXP 	Device response: <KeyPress from None: t=612.3896013999911, value=c, duration=None>
612.4002 	EXP 	New trial (rep=8, index=50): <Trial 50 (50 in rep 8) data={'pos': -150, 'corr_resp': 'z', 'thisN': 50, 'thisTrialN': 50, 'thisRepN': 8}>
612.4011 	DATA 	Keypress: c
612.4152 	EXP 	fixation: autoDraw = False
612.4152 	EXP 	line1: autoDraw = False
612.4152 	EXP 	line2: autoDraw = False
612.4152 	EXP 	line3: autoDraw = False
612.4152 	EXP 	line4: autoDraw = False
612.4152 	EXP 	probe: autoDraw = False
612.6498 	EXP 	Device response: <KeyPress from None: t=612.3896013999911, value=c, duration=0.24426190000667702>
613.3991 	EXP 	fixation: autoDraw = True
613.3991 	EXP 	line1: autoDraw = True
613.3991 	EXP 	line2: autoDraw = True
613.3991 	EXP 	line3: autoDraw = True
613.3991 	EXP 	line4: autoDraw = True
614.3984 	EXP 	fixation: autoDraw = False
614.4158 	INFO 	Keyboard events cleared
614.4156 	EXP 	probe: autoDraw = True
614.7490 	EXP 	Device response: <KeyPress from None: t=614.7394345999928, value=x, duration=None>
614.7494 	EXP 	New trial (rep=9, index=51): <Trial 51 (51 in rep 9) data={'pos': -150, 'corr_resp': 'z', 'thisN': 51, 'thisTrialN': 51, 'thisRepN': 9}>
614.7507 	DATA 	Keypress: x
614.7650 	EXP 	fixation: autoDraw = False
614.7650 	EXP 	line1: autoDraw = False
614.7650 	EXP 	line2: autoDraw = False
614.7650 	EXP 	line3: autoDraw = False
614.7650 	EXP 	line4: autoDraw = False
614.7650 	EXP 	probe: autoDraw = False
614.8326 	EXP 	Device response: <KeyPress from None: t=614.7394345999928, value=x, duration=0.08449130000371952>
615.7658 	EXP 	fixation: autoDraw = True
615.7658 	EXP 	line1: autoDraw = True
615.7658 	EXP 	line2: autoDraw = True
615.7658 	EXP 	line3: autoDraw = True
615.7658 	EXP 	line4: autoDraw = True
616.4991 	EXP 	Device response: <KeyPress from None: t=616.4893028999941, value=z, duration=None>
616.5008 	DATA 	Keypress: z
616.7488 	INFO 	Keyboard events cleared
616.7486 	EXP 	probe: autoDraw = True
616.7649 	EXP 	fixation: autoDraw = False
617.1002 	EXP 	Device response: <KeyPress from None: t=599.5259534999932, value=z, duration=17.566347500003758>
617.4014 	DATA 	Keypress: z
617.4166 	EXP 	Device response: <KeyPress from None: t=617.4001553999988, value=z, duration=None>
617.4171 	EXP 	New trial (rep=15, index=52): <Trial 52 (52 in rep 15) data={'pos': 50, 'corr_resp': 'c', 'thisN': 52, 'thisTrialN': 52, 'thisRepN': 15}>
617.4320 	EXP 	fixation: autoDraw = False
617.4320 	EXP 	line1: autoDraw = False
617.4320 	EXP 	line2: autoDraw = False
617.4320 	EXP 	line3: autoDraw = False
617.4320 	EXP 	line4: autoDraw = False
617.4320 	EXP 	probe: autoDraw = False
617.9845 	EXP 	Device response: <KeyPress from None: t=616.4893028999941, value=z, duration=1.4887572000006912>
618.4185 	EXP 	fixation: autoDraw = True
618.4185 	EXP 	line1: autoDraw = True
618.4185 	EXP 	line2: autoDraw = True
618.4185 	EXP 	line3: autoDraw = True
618.4185 	EXP 	line4: autoDraw = True
618.8523 	EXP 	Device response: <KeyPress from None: t=618.8464791000006, value=z, duration=None>
618.8547 	DATA 	Keypress: z
619.0995 	EXP 	Device response: <KeyPress from None: t=617.4001553999988, value=z, duration=1.6944821999932174>
619.4209 	INFO 	Keyboard events cleared
619.4207 	EXP 	fixation: autoDraw = False
619.4207 	EXP 	probe: autoDraw = True
619.8376 	EXP 	Device response: <KeyPress from None: t=619.8344744999922, value=z, duration=None>
619.8382 	EXP 	New trial (rep=10, index=53): <Trial 53 (53 in rep 10) data={'pos': -150, 'corr_resp': 'z', 'thisN': 53, 'thisTrialN': 53, 'thisRepN': 10}>
619.8404 	DATA 	Keypress: z
619.8544 	EXP 	fixation: autoDraw = False
619.8544 	EXP 	line1: autoDraw = False
619.8544 	EXP 	line2: autoDraw = False
619.8544 	EXP 	line3: autoDraw = False
619.8544 	EXP 	line4: autoDraw = False
619.8544 	EXP 	probe: autoDraw = False
620.1042 	EXP 	Device response: <KeyPress from None: t=618.8464791000006, value=z, duration=1.2476779999997234>
620.8486 	EXP 	fixation: autoDraw = True
620.8486 	EXP 	line1: autoDraw = True
620.8486 	EXP 	line2: autoDraw = True
620.8486 	EXP 	line3: autoDraw = True
620.8486 	EXP 	line4: autoDraw = True
621.8522 	INFO 	Keyboard events cleared
621.8519 	EXP 	fixation: autoDraw = False
621.8519 	EXP 	probe: autoDraw = True
622.1991 	EXP 	Device response: <KeyPress from None: t=622.1945150999964, value=z, duration=None>
622.1995 	EXP 	New trial (rep=16, index=54): <Trial 54 (54 in rep 16) data={'pos': -50, 'corr_resp': 'x', 'thisN': 54, 'thisTrialN': 54, 'thisRepN': 16}>
622.2007 	DATA 	Keypress: z
622.2155 	EXP 	fixation: autoDraw = False
622.2155 	EXP 	line1: autoDraw = False
622.2155 	EXP 	line2: autoDraw = False
622.2155 	EXP 	line3: autoDraw = False
622.2155 	EXP 	line4: autoDraw = False
622.2155 	EXP 	probe: autoDraw = False
622.3806 	EXP 	Device response: <KeyPress from None: t=619.8344744999922, value=z, duration=2.5421996000077343>
623.2017 	EXP 	fixation: autoDraw = True
623.2017 	EXP 	line1: autoDraw = True
623.2017 	EXP 	line2: autoDraw = True
623.2017 	EXP 	line3: autoDraw = True
623.2017 	EXP 	line4: autoDraw = True
623.6508 	DATA 	Keypress: z
623.6628 	EXP 	Device response: <KeyPress from None: t=623.650361299995, value=z, duration=None>
623.9353 	EXP 	Device response: <KeyPress from None: t=622.1945150999964, value=z, duration=1.7382022999954643>
624.2137 	INFO 	Keyboard events cleared
624.2136 	EXP 	fixation: autoDraw = False
624.2136 	EXP 	probe: autoDraw = True
624.3143 	EXP 	Device response: <KeyPress from None: t=624.3055127999978, value=z, duration=None>
624.3146 	EXP 	New trial (rep=11, index=55): <Trial 55 (55 in rep 11) data={'pos': 150, 'corr_resp': 'v', 'thisN': 55, 'thisTrialN': 55, 'thisRepN': 11}>
624.3166 	DATA 	Keypress: z
624.3297 	EXP 	fixation: autoDraw = False
624.3297 	EXP 	line1: autoDraw = False
624.3297 	EXP 	line2: autoDraw = False
624.3297 	EXP 	line3: autoDraw = False
624.3297 	EXP 	line4: autoDraw = False
624.3297 	EXP 	probe: autoDraw = False
624.6154 	EXP 	Device response: <KeyPress from None: t=623.650361299995, value=z, duration=0.949086399996304>
625.3177 	EXP 	fixation: autoDraw = True
625.3177 	EXP 	line1: autoDraw = True
625.3177 	EXP 	line2: autoDraw = True
625.3177 	EXP 	line3: autoDraw = True
625.3177 	EXP 	line4: autoDraw = True
625.8743 	DATA 	Keypress: z
625.8877 	EXP 	Device response: <KeyPress from None: t=625.8713913999964, value=z, duration=None>
626.1049 	EXP 	Device response: <KeyPress from None: t=624.3055127999978, value=z, duration=1.7939822999906028>
626.3192 	INFO 	Keyboard events cleared
626.3189 	EXP 	fixation: autoDraw = False
626.3189 	EXP 	probe: autoDraw = True
627.9993 	EXP 	Device response: <KeyPress from None: t=627.9910842999961, value=z, duration=None>
627.9998 	EXP 	New trial (rep=16, index=56): <Trial 56 (56 in rep 16) data={'pos': 50, 'corr_resp': 'c', 'thisN': 56, 'thisTrialN': 56, 'thisRepN': 16}>
628.0011 	DATA 	Keypress: z
628.0149 	EXP 	fixation: autoDraw = False
628.0149 	EXP 	line1: autoDraw = False
628.0149 	EXP 	line2: autoDraw = False
628.0149 	EXP 	line3: autoDraw = False
628.0149 	EXP 	line4: autoDraw = False
628.0149 	EXP 	probe: autoDraw = False
628.2005 	EXP 	Device response: <KeyPress from None: t=625.8713913999964, value=z, duration=2.32872839999618>
629.0152 	EXP 	fixation: autoDraw = True
629.0152 	EXP 	line1: autoDraw = True
629.0152 	EXP 	line2: autoDraw = True
629.0152 	EXP 	line3: autoDraw = True
629.0152 	EXP 	line4: autoDraw = True
629.9322 	EXP 	Device response: <KeyPress from None: t=629.9237598999898, value=z, duration=None>
629.9339 	DATA 	Keypress: z
629.9982 	INFO 	Keyboard events cleared
629.9981 	EXP 	probe: autoDraw = True
630.0151 	EXP 	fixation: autoDraw = False
630.3828 	EXP 	Device response: <KeyPress from None: t=627.9910842999961, value=z, duration=2.3856937999953516>
630.6656 	EXP 	Device response: <KeyPress from None: t=630.6545459999907, value=z, duration=None>
630.6660 	EXP 	New trial (rep=12, index=57): <Trial 57 (57 in rep 12) data={'pos': 150, 'corr_resp': 'v', 'thisN': 57, 'thisTrialN': 57, 'thisRepN': 12}>
630.6672 	DATA 	Keypress: z
630.6816 	EXP 	fixation: autoDraw = False
630.6816 	EXP 	line1: autoDraw = False
630.6816 	EXP 	line2: autoDraw = False
630.6816 	EXP 	line3: autoDraw = False
630.6816 	EXP 	line4: autoDraw = False
630.6816 	EXP 	probe: autoDraw = False
630.7655 	EXP 	Device response: <KeyPress from None: t=629.9237598999898, value=z, duration=0.8391247000108706>
631.4825 	EXP 	Device response: <KeyPress from None: t=631.4679299999989, value=z, duration=None>
631.4834 	DATA 	Keypress: z
631.6655 	EXP 	fixation: autoDraw = True
631.6655 	EXP 	line1: autoDraw = True
631.6655 	EXP 	line2: autoDraw = True
631.6655 	EXP 	line3: autoDraw = True
631.6655 	EXP 	line4: autoDraw = True
631.6827 	EXP 	Device response: <KeyPress from None: t=630.6545459999907, value=z, duration=1.0260619000036968>
632.4658 	EXP 	Device response: <KeyPress from None: t=632.4630254999938, value=z, duration=None>
632.4675 	DATA 	Keypress: z
632.6352 	EXP 	Device response: <KeyPress from None: t=631.4679299999989, value=z, duration=1.1619241000007605>
632.6646 	EXP 	fixation: autoDraw = False
632.6817 	INFO 	Keyboard events cleared
632.6814 	EXP 	probe: autoDraw = True
633.1992 	EXP 	Device response: <KeyPress from None: t=633.1957886000018, value=z, duration=None>
633.1996 	EXP 	New trial (rep=11, index=58): <Trial 58 (58 in rep 11) data={'pos': -150, 'corr_resp': 'z', 'thisN': 58, 'thisTrialN': 58, 'thisRepN': 11}>
633.2009 	DATA 	Keypress: z
633.2158 	EXP 	fixation: autoDraw = False
633.2158 	EXP 	line1: autoDraw = False
633.2158 	EXP 	line2: autoDraw = False
633.2158 	EXP 	line3: autoDraw = False
633.2158 	EXP 	line4: autoDraw = False
633.2158 	EXP 	probe: autoDraw = False
633.3989 	EXP 	Device response: <KeyPress from None: t=632.4630254999938, value=z, duration=0.9239076999947429>
634.1993 	EXP 	fixation: autoDraw = True
634.1993 	EXP 	line1: autoDraw = True
634.1993 	EXP 	line2: autoDraw = True
634.1993 	EXP 	line3: autoDraw = True
634.1993 	EXP 	line4: autoDraw = True
634.4492 	EXP 	Device response: <KeyPress from None: t=634.444746299996, value=z, duration=None>
634.4508 	DATA 	Keypress: z
634.6663 	EXP 	Device response: <KeyPress from None: t=633.1957886000018, value=z, duration=1.4568901999882655>
635.2140 	INFO 	Keyboard events cleared
635.2138 	EXP 	fixation: autoDraw = False
635.2138 	EXP 	probe: autoDraw = True
635.5894 	DATA 	Keypress: z
635.6027 	EXP 	Device response: <KeyPress from None: t=635.5867755999934, value=z, duration=None>
635.6034 	EXP 	New trial (rep=12, index=59): <Trial 59 (59 in rep 12) data={'pos': -150, 'corr_resp': 'z', 'thisN': 59, 'thisTrialN': 59, 'thisRepN': 12}>
635.6182 	EXP 	fixation: autoDraw = False
635.6182 	EXP 	line1: autoDraw = False
635.6182 	EXP 	line2: autoDraw = False
635.6182 	EXP 	line3: autoDraw = False
635.6182 	EXP 	line4: autoDraw = False
635.6182 	EXP 	probe: autoDraw = False
635.7847 	EXP 	Device response: <KeyPress from None: t=634.444746299996, value=z, duration=1.3288284000009298>
636.6024 	EXP 	fixation: autoDraw = True
636.6024 	EXP 	line1: autoDraw = True
636.6024 	EXP 	line2: autoDraw = True
636.6024 	EXP 	line3: autoDraw = True
636.6024 	EXP 	line4: autoDraw = True
636.6528 	EXP 	Device response: <KeyPress from None: t=636.6396238000016, value=z, duration=None>
636.6574 	DATA 	Keypress: z
636.8808 	EXP 	Device response: <KeyPress from None: t=635.5867755999934, value=z, duration=1.2875966999999946>
637.1849 	DATA 	Keypress: z
637.1995 	EXP 	Device response: <KeyPress from None: t=637.1843115999945, value=z, duration=None>
637.4160 	EXP 	Device response: <KeyPress from None: t=636.6396238000016, value=z, duration=0.765223899987177>
637.6155 	INFO 	Keyboard events cleared
637.6153 	EXP 	fixation: autoDraw = False
637.6153 	EXP 	probe: autoDraw = True
637.6987 	EXP 	Device response: <KeyPress from None: t=637.6935411000013, value=z, duration=None>
637.6991 	EXP 	New trial (rep=13, index=60): <Trial 60 (60 in rep 13) data={'pos': 150, 'corr_resp': 'v', 'thisN': 60, 'thisTrialN': 60, 'thisRepN': 13}>
637.7004 	DATA 	Keypress: z
637.7155 	EXP 	fixation: autoDraw = False
637.7155 	EXP 	line1: autoDraw = False
637.7155 	EXP 	line2: autoDraw = False
637.7155 	EXP 	line3: autoDraw = False
637.7155 	EXP 	line4: autoDraw = False
637.7155 	EXP 	probe: autoDraw = False
637.8834 	EXP 	Device response: <KeyPress from None: t=637.1843115999945, value=z, duration=0.6934054000012111>
638.0992 	EXP 	Device response: <KeyPress from None: t=638.0987134999887, value=z, duration=None>
638.1002 	DATA 	Keypress: z
638.3325 	EXP 	Device response: <KeyPress from None: t=637.6935411000013, value=z, duration=0.6307936999946833>
638.5499 	DATA 	Keypress: z
638.5658 	EXP 	Device response: <KeyPress from None: t=638.5489913999918, value=z, duration=None>
638.6987 	EXP 	fixation: autoDraw = True
638.6987 	EXP 	line1: autoDraw = True
638.6987 	EXP 	line2: autoDraw = True
638.6987 	EXP 	line3: autoDraw = True
638.6987 	EXP 	line4: autoDraw = True
638.7487 	EXP 	Device response: <KeyPress from None: t=638.0987134999887, value=z, duration=0.641383100009989>
638.9907 	DATA 	Keypress: z
639.0038 	EXP 	Device response: <KeyPress from None: t=638.9875294999947, value=z, duration=None>
639.2022 	EXP 	Device response: <KeyPress from None: t=638.5489913999918, value=z, duration=0.6417350999981863>
639.5010 	EXP 	Device response: <KeyPress from None: t=639.4929048999911, value=z, duration=None>
639.5038 	DATA 	Keypress: z
639.6662 	EXP 	Device response: <KeyPress from None: t=638.9875294999947, value=z, duration=0.6783646999974735>
639.6996 	INFO 	Keyboard events cleared
639.6993 	EXP 	fixation: autoDraw = False
639.6993 	EXP 	probe: autoDraw = True
639.9171 	EXP 	Device response: <KeyPress from None: t=639.9166072999942, value=z, duration=None>
639.9175 	EXP 	New trial (rep=17, index=61): <Trial 61 (61 in rep 17) data={'pos': -50, 'corr_resp': 'x', 'thisN': 61, 'thisTrialN': 61, 'thisRepN': 17}>
639.9190 	DATA 	Keypress: z
639.9326 	EXP 	fixation: autoDraw = False
639.9326 	EXP 	line1: autoDraw = False
639.9326 	EXP 	line2: autoDraw = False
639.9326 	EXP 	line3: autoDraw = False
639.9326 	EXP 	line4: autoDraw = False
639.9326 	EXP 	probe: autoDraw = False
640.1330 	EXP 	Device response: <KeyPress from None: t=639.4929048999911, value=z, duration=0.6356639000005089>
640.3494 	EXP 	Device response: <KeyPress from None: t=640.3378431999881, value=z, duration=None>
640.3505 	DATA 	Keypress: z
640.5484 	EXP 	Device response: <KeyPress from None: t=639.9166072999942, value=z, duration=0.6290569999982836>
640.9322 	EXP 	fixation: autoDraw = True
640.9322 	EXP 	line1: autoDraw = True
640.9322 	EXP 	line2: autoDraw = True
640.9322 	EXP 	line3: autoDraw = True
640.9322 	EXP 	line4: autoDraw = True
641.9319 	INFO 	Keyboard events cleared
641.9317 	EXP 	fixation: autoDraw = False
641.9317 	EXP 	probe: autoDraw = True
643.3820 	EXP 	Device response: <KeyPress from None: t=643.3768024000019, value=z, duration=None>
643.3824 	EXP 	New trial (rep=13, index=62): <Trial 62 (62 in rep 13) data={'pos': -150, 'corr_resp': 'z', 'thisN': 62, 'thisTrialN': 62, 'thisRepN': 13}>
643.3836 	DATA 	Keypress: z
643.3988 	EXP 	fixation: autoDraw = False
643.3988 	EXP 	line1: autoDraw = False
643.3988 	EXP 	line2: autoDraw = False
643.3988 	EXP 	line3: autoDraw = False
643.3988 	EXP 	line4: autoDraw = False
643.3988 	EXP 	probe: autoDraw = False
643.5993 	EXP 	Device response: <KeyPress from None: t=640.3378431999881, value=z, duration=3.253581500001019>
643.8658 	EXP 	Device response: <KeyPress from None: t=643.8531084999995, value=z, duration=None>
643.8667 	DATA 	Keypress: z
644.0662 	EXP 	Device response: <KeyPress from None: t=643.3768024000019, value=z, duration=0.6845290999917779>
644.3324 	EXP 	Device response: <KeyPress from None: t=644.3300987999974, value=z, duration=None>
644.3332 	DATA 	Keypress: z
644.3817 	EXP 	fixation: autoDraw = True
644.3817 	EXP 	line1: autoDraw = True
644.3817 	EXP 	line2: autoDraw = True
644.3817 	EXP 	line3: autoDraw = True
644.3817 	EXP 	line4: autoDraw = True
644.5328 	EXP 	Device response: <KeyPress from None: t=643.8531084999995, value=z, duration=0.671149100002367>
644.8322 	EXP 	Device response: <KeyPress from None: t=644.8255861999933, value=z, duration=None>
644.8339 	DATA 	Keypress: z
645.0168 	EXP 	Device response: <KeyPress from None: t=644.3300987999974, value=z, duration=0.6710820000007516>
645.2173 	DATA 	Keypress: z
645.2324 	EXP 	Device response: <KeyPress from None: t=645.2156729999988, value=z, duration=None>
645.3821 	INFO 	Keyboard events cleared
645.3819 	EXP 	fixation: autoDraw = False
645.3819 	EXP 	probe: autoDraw = True
645.6658 	EXP 	Device response: <KeyPress from None: t=644.8255861999933, value=z, duration=0.8343257999949856>
645.8491 	EXP 	Device response: <KeyPress from None: t=645.8347402999934, value=z, duration=None>
645.8495 	EXP 	New trial (rep=14, index=63): <Trial 63 (63 in rep 14) data={'pos': -150, 'corr_resp': 'z', 'thisN': 63, 'thisTrialN': 63, 'thisRepN': 14}>
645.8507 	DATA 	Keypress: z
645.8652 	EXP 	fixation: autoDraw = False
645.8652 	EXP 	line1: autoDraw = False
645.8652 	EXP 	line2: autoDraw = False
645.8652 	EXP 	line3: autoDraw = False
645.8652 	EXP 	line4: autoDraw = False
645.8652 	EXP 	probe: autoDraw = False
646.0324 	EXP 	Device response: <KeyPress from None: t=645.2156729999988, value=z, duration=0.8074189999897499>
646.2500 	EXP 	Device response: <KeyPress from None: t=646.2471784999943, value=z, duration=None>
646.2509 	DATA 	Keypress: z
646.4498 	EXP 	Device response: <KeyPress from None: t=645.8347402999934, value=z, duration=0.603192599999602>
646.5992 	EXP 	Device response: <KeyPress from None: t=646.5845364999986, value=z, duration=None>
646.6001 	DATA 	Keypress: z
646.8493 	EXP 	fixation: autoDraw = True
646.8493 	EXP 	line1: autoDraw = True
646.8493 	EXP 	line2: autoDraw = True
646.8493 	EXP 	line3: autoDraw = True
646.8493 	EXP 	line4: autoDraw = True
647.1667 	EXP 	Device response: <KeyPress from None: t=646.2471784999943, value=z, duration=0.9193167000048561>
647.8633 	INFO 	Keyboard events cleared
647.8631 	EXP 	fixation: autoDraw = False
647.8631 	EXP 	probe: autoDraw = True
648.4147 	EXP 	Device response: <KeyPress from None: t=648.4050778999954, value=z, duration=None>
648.4151 	EXP 	New trial (rep=18, index=64): <Trial 64 (64 in rep 18) data={'pos': -50, 'corr_resp': 'x', 'thisN': 64, 'thisTrialN': 64, 'thisRepN': 18}>
648.4161 	DATA 	Keypress: z
648.4292 	EXP 	fixation: autoDraw = False
648.4292 	EXP 	line1: autoDraw = False
648.4292 	EXP 	line2: autoDraw = False
648.4292 	EXP 	line3: autoDraw = False
648.4292 	EXP 	line4: autoDraw = False
648.4292 	EXP 	probe: autoDraw = False
648.6166 	EXP 	Device response: <KeyPress from None: t=646.5845364999986, value=z, duration=2.016672899990226>
649.4153 	EXP 	fixation: autoDraw = True
649.4153 	EXP 	line1: autoDraw = True
649.4153 	EXP 	line2: autoDraw = True
649.4153 	EXP 	line3: autoDraw = True
649.4153 	EXP 	line4: autoDraw = True
649.9327 	EXP 	Device response: <KeyPress from None: t=649.918534899989, value=z, duration=None>
649.9356 	DATA 	Keypress: z
650.0993 	EXP 	Device response: <KeyPress from None: t=648.4050778999954, value=z, duration=1.6919619999971474>
650.3491 	EXP 	Device response: <KeyPress from None: t=650.3405057999917, value=z, duration=None>
650.3508 	DATA 	Keypress: z
650.4147 	INFO 	Keyboard events cleared
650.4145 	EXP 	fixation: autoDraw = False
650.4145 	EXP 	probe: autoDraw = True
650.5331 	EXP 	Device response: <KeyPress from None: t=649.918534899989, value=z, duration=0.6091014000121504>
651.0334 	EXP 	Device response: <KeyPress from None: t=651.0330088999908, value=z, duration=None>
651.0339 	EXP 	New trial (rep=19, index=65): <Trial 65 (65 in rep 19) data={'pos': -50, 'corr_resp': 'x', 'thisN': 65, 'thisTrialN': 65, 'thisRepN': 19}>
651.0351 	DATA 	Keypress: z
651.0484 	EXP 	fixation: autoDraw = False
651.0484 	EXP 	line1: autoDraw = False
651.0484 	EXP 	line2: autoDraw = False
651.0484 	EXP 	line3: autoDraw = False
651.0484 	EXP 	line4: autoDraw = False
651.0484 	EXP 	probe: autoDraw = False
651.2147 	EXP 	Device response: <KeyPress from None: t=650.3405057999917, value=z, duration=0.8695105000078911>
652.0477 	EXP 	fixation: autoDraw = True
652.0477 	EXP 	line1: autoDraw = True
652.0477 	EXP 	line2: autoDraw = True
652.0477 	EXP 	line3: autoDraw = True
652.0477 	EXP 	line4: autoDraw = True
653.0351 	INFO 	Keyboard events cleared
653.0348 	EXP 	probe: autoDraw = True
653.0506 	EXP 	fixation: autoDraw = False
653.3666 	EXP 	Device response: <KeyPress from None: t=653.3545173999883, value=c, duration=None>
653.3670 	EXP 	New trial (rep=14, index=66): <Trial 66 (66 in rep 14) data={'pos': 150, 'corr_resp': 'v', 'thisN': 66, 'thisTrialN': 66, 'thisRepN': 14}>
653.3684 	DATA 	Keypress: c
653.3816 	EXP 	fixation: autoDraw = False
653.3816 	EXP 	line1: autoDraw = False
653.3816 	EXP 	line2: autoDraw = False
653.3816 	EXP 	line3: autoDraw = False
653.3816 	EXP 	line4: autoDraw = False
653.3816 	EXP 	probe: autoDraw = False
653.4662 	EXP 	Device response: <KeyPress from None: t=653.3545173999883, value=c, duration=0.10406160001002718>
654.3799 	EXP 	fixation: autoDraw = True
654.3799 	EXP 	line1: autoDraw = True
654.3799 	EXP 	line2: autoDraw = True
654.3799 	EXP 	line3: autoDraw = True
654.3799 	EXP 	line4: autoDraw = True
655.3682 	INFO 	Keyboard events cleared
655.3679 	EXP 	probe: autoDraw = True
655.3825 	EXP 	fixation: autoDraw = False
656.1673 	EXP 	Device response: <KeyPress from None: t=656.1572731999913, value=b, duration=None>
656.1678 	EXP 	New trial (rep=17, index=67): <Trial 67 (67 in rep 17) data={'pos': 50, 'corr_resp': 'c', 'thisN': 67, 'thisTrialN': 67, 'thisRepN': 17}>
656.1696 	DATA 	Keypress: b
656.1816 	EXP 	fixation: autoDraw = False
656.1816 	EXP 	line1: autoDraw = False
656.1816 	EXP 	line2: autoDraw = False
656.1816 	EXP 	line3: autoDraw = False
656.1816 	EXP 	line4: autoDraw = False
656.1816 	EXP 	probe: autoDraw = False
656.3675 	EXP 	Device response: <KeyPress from None: t=656.1572731999913, value=b, duration=0.192795599999954>
657.1816 	EXP 	fixation: autoDraw = True
657.1816 	EXP 	line1: autoDraw = True
657.1816 	EXP 	line2: autoDraw = True
657.1816 	EXP 	line3: autoDraw = True
657.1816 	EXP 	line4: autoDraw = True
658.1804 	INFO 	Keyboard events cleared
658.1803 	EXP 	probe: autoDraw = True
658.2023 	EXP 	fixation: autoDraw = False
658.5295 	EXP 	Device response: <KeyPress from None: t=658.524139000001, value=v, duration=None>
658.5298 	EXP 	New trial (rep=15, index=68): <Trial 68 (68 in rep 15) data={'pos': -150, 'corr_resp': 'z', 'thisN': 68, 'thisTrialN': 68, 'thisRepN': 15}>
658.5309 	DATA 	Keypress: v
658.5458 	EXP 	fixation: autoDraw = False
658.5458 	EXP 	line1: autoDraw = False
658.5458 	EXP 	line2: autoDraw = False
658.5458 	EXP 	line3: autoDraw = False
658.5458 	EXP 	line4: autoDraw = False
658.5458 	EXP 	probe: autoDraw = False
658.7004 	EXP 	Device response: <KeyPress from None: t=565.4942844999896, value=v, duration=93.19446290000633>
659.5315 	EXP 	fixation: autoDraw = True
659.5315 	EXP 	line1: autoDraw = True
659.5315 	EXP 	line2: autoDraw = True
659.5315 	EXP 	line3: autoDraw = True
659.5315 	EXP 	line4: autoDraw = True
660.5305 	INFO 	Keyboard events cleared
660.5303 	EXP 	fixation: autoDraw = False
660.5303 	EXP 	probe: autoDraw = True
660.5643 	EXP 	Device response: <KeyPress from None: t=660.5595077999897, value=c, duration=None>
660.5647 	EXP 	New trial (rep=15, index=69): <Trial 69 (69 in rep 15) data={'pos': 150, 'corr_resp': 'v', 'thisN': 69, 'thisTrialN': 69, 'thisRepN': 15}>
660.5661 	DATA 	Keypress: c
660.5812 	EXP 	fixation: autoDraw = False
660.5812 	EXP 	line1: autoDraw = False
660.5812 	EXP 	line2: autoDraw = False
660.5812 	EXP 	line3: autoDraw = False
660.5812 	EXP 	line4: autoDraw = False
660.5812 	EXP 	probe: autoDraw = False
660.7203 	EXP 	Device response: <KeyPress from None: t=660.5595077999897, value=c, duration=0.15657330000249203>
661.5648 	EXP 	fixation: autoDraw = True
661.5648 	EXP 	line1: autoDraw = True
661.5648 	EXP 	line2: autoDraw = True
661.5648 	EXP 	line3: autoDraw = True
661.5648 	EXP 	line4: autoDraw = True
662.1497 	EXP 	Device response: <KeyPress from None: t=662.1366994999989, value=x, duration=None>
662.1515 	DATA 	Keypress: x
662.2993 	EXP 	Device response: <KeyPress from None: t=662.1366994999989, value=x, duration=0.15887129999464378>
662.4648 	EXP 	Device response: <KeyPress from None: t=662.4510672999895, value=x, duration=None>
662.4665 	DATA 	Keypress: x
662.5653 	INFO 	Keyboard events cleared
662.5651 	EXP 	fixation: autoDraw = False
662.5651 	EXP 	probe: autoDraw = True
662.6327 	EXP 	Device response: <KeyPress from None: t=662.4510672999895, value=x, duration=0.16859180000028573>
662.8493 	EXP 	Device response: <KeyPress from None: t=662.849020900001, value=x, duration=None>
662.8497 	EXP 	New trial (rep=18, index=70): <Trial 70 (70 in rep 18) data={'pos': 50, 'corr_resp': 'c', 'thisN': 70, 'thisTrialN': 70, 'thisRepN': 18}>
662.8509 	DATA 	Keypress: x
662.8650 	EXP 	fixation: autoDraw = False
662.8650 	EXP 	line1: autoDraw = False
662.8650 	EXP 	line2: autoDraw = False
662.8650 	EXP 	line3: autoDraw = False
662.8650 	EXP 	line4: autoDraw = False
662.8650 	EXP 	probe: autoDraw = False
662.9648 	EXP 	Device response: <KeyPress from None: t=662.849020900001, value=x, duration=0.11078489999636076>
663.8648 	EXP 	fixation: autoDraw = True
663.8648 	EXP 	line1: autoDraw = True
663.8648 	EXP 	line2: autoDraw = True
663.8648 	EXP 	line3: autoDraw = True
663.8648 	EXP 	line4: autoDraw = True
664.8689 	INFO 	Keyboard events cleared
664.8686 	EXP 	fixation: autoDraw = False
664.8686 	EXP 	probe: autoDraw = True
665.3664 	EXP 	Device response: <KeyPress from None: t=665.3657922999992, value=c, duration=None>
665.3668 	EXP 	New trial (rep=16, index=71): <Trial 71 (71 in rep 16) data={'pos': -150, 'corr_resp': 'z', 'thisN': 71, 'thisTrialN': 71, 'thisRepN': 16}>
665.3680 	DATA 	Keypress: c
665.3814 	EXP 	fixation: autoDraw = False
665.3814 	EXP 	line1: autoDraw = False
665.3814 	EXP 	line2: autoDraw = False
665.3814 	EXP 	line3: autoDraw = False
665.3814 	EXP 	line4: autoDraw = False
665.3814 	EXP 	probe: autoDraw = False
665.5486 	EXP 	Device response: <KeyPress from None: t=665.3657922999992, value=c, duration=0.16924429999198765>
666.3816 	EXP 	fixation: autoDraw = True
666.3816 	EXP 	line1: autoDraw = True
666.3816 	EXP 	line2: autoDraw = True
666.3816 	EXP 	line3: autoDraw = True
666.3816 	EXP 	line4: autoDraw = True
667.3811 	INFO 	Keyboard events cleared
667.3809 	EXP 	fixation: autoDraw = False
667.3809 	EXP 	probe: autoDraw = True
668.0156 	EXP 	Device response: <KeyPress from None: t=668.0132622999954, value=z, duration=None>
668.0161 	EXP 	New trial (rep=16, index=72): <Trial 72 (72 in rep 16) data={'pos': 150, 'corr_resp': 'v', 'thisN': 72, 'thisTrialN': 72, 'thisRepN': 16}>
668.0173 	DATA 	Keypress: z
668.0290 	EXP 	fixation: autoDraw = False
668.0290 	EXP 	line1: autoDraw = False
668.0290 	EXP 	line2: autoDraw = False
668.0290 	EXP 	line3: autoDraw = False
668.0290 	EXP 	line4: autoDraw = False
668.0290 	EXP 	probe: autoDraw = False
668.1636 	EXP 	Device response: <KeyPress from None: t=651.0330088999908, value=z, duration=17.120169800007716>
669.0149 	EXP 	fixation: autoDraw = True
669.0149 	EXP 	line1: autoDraw = True
669.0149 	EXP 	line2: autoDraw = True
669.0149 	EXP 	line3: autoDraw = True
669.0149 	EXP 	line4: autoDraw = True
670.0320 	INFO 	Keyboard events cleared
670.0318 	EXP 	fixation: autoDraw = False
670.0318 	EXP 	probe: autoDraw = True
670.8043 	EXP 	Device response: <KeyPress from None: t=670.7916495999962, value=v, duration=None>
670.8047 	EXP 	New trial (rep=19, index=73): <Trial 73 (73 in rep 19) data={'pos': 50, 'corr_resp': 'c', 'thisN': 73, 'thisTrialN': 73, 'thisRepN': 19}>
670.8057 	DATA 	Keypress: v
670.8233 	EXP 	fixation: autoDraw = False
670.8233 	EXP 	line1: autoDraw = False
670.8233 	EXP 	line2: autoDraw = False
670.8233 	EXP 	line3: autoDraw = False
670.8233 	EXP 	line4: autoDraw = False
670.8233 	EXP 	probe: autoDraw = False
671.0066 	EXP 	Device response: <KeyPress from None: t=658.524139000001, value=v, duration=12.477277799989679>
671.8046 	EXP 	fixation: autoDraw = True
671.8046 	EXP 	line1: autoDraw = True
671.8046 	EXP 	line2: autoDraw = True
671.8046 	EXP 	line3: autoDraw = True
671.8046 	EXP 	line4: autoDraw = True
672.8051 	INFO 	Keyboard events cleared
672.8048 	EXP 	fixation: autoDraw = False
672.8048 	EXP 	probe: autoDraw = True
673.0878 	EXP 	Device response: <KeyPress from None: t=673.0853518999938, value=c, duration=None>
673.0882 	EXP 	New trial (rep=17, index=74): <Trial 74 (74 in rep 17) data={'pos': -150, 'corr_resp': 'z', 'thisN': 74, 'thisTrialN': 74, 'thisRepN': 17}>
673.0894 	DATA 	Keypress: c
673.1063 	EXP 	fixation: autoDraw = False
673.1063 	EXP 	line1: autoDraw = False
673.1063 	EXP 	line2: autoDraw = False
673.1063 	EXP 	line3: autoDraw = False
673.1063 	EXP 	line4: autoDraw = False
673.1063 	EXP 	probe: autoDraw = False
673.2750 	EXP 	Device response: <KeyPress from None: t=673.0853518999938, value=c, duration=0.18604280000727158>
674.0902 	EXP 	fixation: autoDraw = True
674.0902 	EXP 	line1: autoDraw = True
674.0902 	EXP 	line2: autoDraw = True
674.0902 	EXP 	line3: autoDraw = True
674.0902 	EXP 	line4: autoDraw = True
675.0898 	INFO 	Keyboard events cleared
675.0896 	EXP 	fixation: autoDraw = False
675.0896 	EXP 	probe: autoDraw = True
675.1070 	EXP 	Device response: <KeyPress from None: t=675.1022005999985, value=c, duration=None>
675.1075 	EXP 	New trial (rep=17, index=75): <Trial 75 (75 in rep 17) data={'pos': 150, 'corr_resp': 'v', 'thisN': 75, 'thisTrialN': 75, 'thisRepN': 17}>
675.1089 	DATA 	Keypress: c
675.1227 	EXP 	fixation: autoDraw = False
675.1227 	EXP 	line1: autoDraw = False
675.1227 	EXP 	line2: autoDraw = False
675.1227 	EXP 	line3: autoDraw = False
675.1227 	EXP 	line4: autoDraw = False
675.1227 	EXP 	probe: autoDraw = False
675.2777 	EXP 	Device response: <KeyPress from None: t=675.1022005999985, value=c, duration=0.16929789999267086>
676.1156 	EXP 	fixation: autoDraw = True
676.1156 	EXP 	line1: autoDraw = True
676.1156 	EXP 	line2: autoDraw = True
676.1156 	EXP 	line3: autoDraw = True
676.1156 	EXP 	line4: autoDraw = True
677.1069 	INFO 	Keyboard events cleared
677.1067 	EXP 	probe: autoDraw = True
677.1232 	EXP 	fixation: autoDraw = False
677.7418 	DATA 	Keypress: v
677.7568 	EXP 	Device response: <KeyPress from None: t=677.7409683000005, value=v, duration=None>
677.7572 	EXP 	New trial (rep=20, index=76): <Trial 76 (76 in rep 20) data={'pos': -50, 'corr_resp': 'x', 'thisN': 76, 'thisTrialN': 76, 'thisRepN': 20}>
677.7733 	EXP 	fixation: autoDraw = False
677.7733 	EXP 	line1: autoDraw = False
677.7733 	EXP 	line2: autoDraw = False
677.7733 	EXP 	line3: autoDraw = False
677.7733 	EXP 	line4: autoDraw = False
677.7733 	EXP 	probe: autoDraw = False
677.9573 	EXP 	Device response: <KeyPress from None: t=670.7916495999962, value=v, duration=7.162693799997214>
678.7567 	EXP 	fixation: autoDraw = True
678.7567 	EXP 	line1: autoDraw = True
678.7567 	EXP 	line2: autoDraw = True
678.7567 	EXP 	line3: autoDraw = True
678.7567 	EXP 	line4: autoDraw = True
679.7570 	INFO 	Keyboard events cleared
679.7568 	EXP 	fixation: autoDraw = False
679.7568 	EXP 	probe: autoDraw = True
680.2569 	EXP 	Device response: <KeyPress from None: t=680.2522726999887, value=x, duration=None>
680.2573 	EXP 	New trial (rep=21, index=77): <Trial 77 (77 in rep 21) data={'pos': -50, 'corr_resp': 'x', 'thisN': 77, 'thisTrialN': 77, 'thisRepN': 21}>
680.2588 	DATA 	Keypress: x
680.2733 	EXP 	fixation: autoDraw = False
680.2733 	EXP 	line1: autoDraw = False
680.2733 	EXP 	line2: autoDraw = False
680.2733 	EXP 	line3: autoDraw = False
680.2733 	EXP 	line4: autoDraw = False
680.2733 	EXP 	probe: autoDraw = False
680.4578 	EXP 	Device response: <KeyPress from None: t=680.2522726999887, value=x, duration=0.18970070000796113>
681.2568 	EXP 	fixation: autoDraw = True
681.2568 	EXP 	line1: autoDraw = True
681.2568 	EXP 	line2: autoDraw = True
681.2568 	EXP 	line3: autoDraw = True
681.2568 	EXP 	line4: autoDraw = True
682.2554 	EXP 	fixation: autoDraw = False
682.2724 	INFO 	Keyboard events cleared
682.2722 	EXP 	probe: autoDraw = True
682.8573 	EXP 	Device response: <KeyPress from None: t=682.8429795999982, value=x, duration=None>
682.8576 	EXP 	New trial (rep=18, index=78): <Trial 78 (78 in rep 18) data={'pos': -150, 'corr_resp': 'z', 'thisN': 78, 'thisTrialN': 78, 'thisRepN': 18}>
682.8585 	DATA 	Keypress: x
682.8707 	EXP 	fixation: autoDraw = False
682.8707 	EXP 	line1: autoDraw = False
682.8707 	EXP 	line2: autoDraw = False
682.8707 	EXP 	line3: autoDraw = False
682.8707 	EXP 	line4: autoDraw = False
682.8707 	EXP 	probe: autoDraw = False
683.0064 	EXP 	Device response: <KeyPress from None: t=682.8429795999982, value=x, duration=0.15058339999814052>
683.8562 	EXP 	fixation: autoDraw = True
683.8562 	EXP 	line1: autoDraw = True
683.8562 	EXP 	line2: autoDraw = True
683.8562 	EXP 	line3: autoDraw = True
683.8562 	EXP 	line4: autoDraw = True
684.8705 	INFO 	Keyboard events cleared
684.8704 	EXP 	fixation: autoDraw = False
684.8704 	EXP 	probe: autoDraw = True
685.7062 	EXP 	Device response: <KeyPress from None: t=685.7013911999966, value=z, duration=None>
685.7065 	EXP 	New trial (rep=22, index=79): <Trial 79 (79 in rep 22) data={'pos': -50, 'corr_resp': 'x', 'thisN': 79, 'thisTrialN': 79, 'thisRepN': 22}>
685.7078 	DATA 	Keypress: z
685.7207 	EXP 	fixation: autoDraw = False
685.7207 	EXP 	line1: autoDraw = False
685.7207 	EXP 	line2: autoDraw = False
685.7207 	EXP 	line3: autoDraw = False
685.7207 	EXP 	line4: autoDraw = False
685.7207 	EXP 	probe: autoDraw = False
685.8551 	EXP 	Device response: <KeyPress from None: t=668.0132622999954, value=z, duration=17.83370639999339>
686.7064 	EXP 	fixation: autoDraw = True
686.7064 	EXP 	line1: autoDraw = True
686.7064 	EXP 	line2: autoDraw = True
686.7064 	EXP 	line3: autoDraw = True
686.7064 	EXP 	line4: autoDraw = True
687.7035 	INFO 	Keyboard events cleared
687.7034 	EXP 	fixation: autoDraw = False
687.7034 	EXP 	probe: autoDraw = True
688.1055 	DATA 	Keypress: x
688.1121 	EXP 	Device response: <KeyPress from None: t=688.1045007999928, value=x, duration=None>
688.1124 	EXP 	New trial (rep=18, index=80): <Trial 80 (80 in rep 18) data={'pos': 150, 'corr_resp': 'v', 'thisN': 80, 'thisTrialN': 80, 'thisRepN': 18}>
688.1205 	EXP 	fixation: autoDraw = False
688.1205 	EXP 	line1: autoDraw = False
688.1205 	EXP 	line2: autoDraw = False
688.1205 	EXP 	line3: autoDraw = False
688.1205 	EXP 	line4: autoDraw = False
688.1205 	EXP 	probe: autoDraw = False
688.2324 	EXP 	Device response: <KeyPress from None: t=688.1045007999928, value=x, duration=0.11653310000838246>
689.1155 	EXP 	fixation: autoDraw = True
689.1155 	EXP 	line1: autoDraw = True
689.1155 	EXP 	line2: autoDraw = True
689.1155 	EXP 	line3: autoDraw = True
689.1155 	EXP 	line4: autoDraw = True
690.0165 	DATA 	Keypress: x
690.0320 	EXP 	Device response: <KeyPress from None: t=690.0152789999993, value=x, duration=None>
690.1154 	INFO 	Keyboard events cleared
690.1152 	EXP 	fixation: autoDraw = False
690.1152 	EXP 	probe: autoDraw = True
690.2483 	EXP 	Device response: <KeyPress from None: t=690.0152789999993, value=x, duration=0.2289267000014661>
690.4314 	EXP 	Device response: <KeyPress from None: t=690.4262149999995, value=x, duration=None>
690.4319 	EXP 	New trial (rep=19, index=81): <Trial 81 (81 in rep 19) data={'pos': 150, 'corr_resp': 'v', 'thisN': 81, 'thisTrialN': 81, 'thisRepN': 19}>
690.4334 	DATA 	Keypress: x
690.4481 	EXP 	fixation: autoDraw = False
690.4481 	EXP 	line1: autoDraw = False
690.4481 	EXP 	line2: autoDraw = False
690.4481 	EXP 	line3: autoDraw = False
690.4481 	EXP 	line4: autoDraw = False
690.4481 	EXP 	probe: autoDraw = False
690.6530 	EXP 	Device response: <KeyPress from None: t=690.4262149999995, value=x, duration=0.20837009999377187>
691.4349 	EXP 	fixation: autoDraw = True
691.4349 	EXP 	line1: autoDraw = True
691.4349 	EXP 	line2: autoDraw = True
691.4349 	EXP 	line3: autoDraw = True
691.4349 	EXP 	line4: autoDraw = True
692.4349 	INFO 	Keyboard events cleared
692.4346 	EXP 	fixation: autoDraw = False
692.4346 	EXP 	probe: autoDraw = True
693.0667 	DATA 	Keypress: v
693.0824 	EXP 	Device response: <KeyPress from None: t=693.0658175999997, value=v, duration=None>
693.0829 	EXP 	New trial (rep=20, index=82): <Trial 82 (82 in rep 20) data={'pos': 150, 'corr_resp': 'v', 'thisN': 82, 'thisTrialN': 82, 'thisRepN': 20}>
693.0982 	EXP 	fixation: autoDraw = False
693.0982 	EXP 	line1: autoDraw = False
693.0982 	EXP 	line2: autoDraw = False
693.0982 	EXP 	line3: autoDraw = False
693.0982 	EXP 	line4: autoDraw = False
693.0982 	EXP 	probe: autoDraw = False
693.1996 	EXP 	Device response: <KeyPress from None: t=677.7409683000005, value=v, duration=15.455643299996154>
694.0986 	EXP 	fixation: autoDraw = True
694.0986 	EXP 	line1: autoDraw = True
694.0986 	EXP 	line2: autoDraw = True
694.0986 	EXP 	line3: autoDraw = True
694.0986 	EXP 	line4: autoDraw = True
695.0986 	INFO 	Keyboard events cleared
695.0984 	EXP 	fixation: autoDraw = False
695.0984 	EXP 	probe: autoDraw = True
695.6662 	EXP 	Device response: <KeyPress from None: t=695.6556872999936, value=v, duration=None>
695.6665 	EXP 	New trial (rep=23, index=83): <Trial 83 (83 in rep 23) data={'pos': -50, 'corr_resp': 'x', 'thisN': 83, 'thisTrialN': 83, 'thisRepN': 23}>
695.6679 	DATA 	Keypress: v
695.6811 	EXP 	fixation: autoDraw = False
695.6811 	EXP 	line1: autoDraw = False
695.6811 	EXP 	line2: autoDraw = False
695.6811 	EXP 	line3: autoDraw = False
695.6811 	EXP 	line4: autoDraw = False
695.6811 	EXP 	probe: autoDraw = False
695.8150 	EXP 	Device response: <KeyPress from None: t=693.0658175999997, value=v, duration=2.7448941999900853>
696.6685 	EXP 	fixation: autoDraw = True
696.6685 	EXP 	line1: autoDraw = True
696.6685 	EXP 	line2: autoDraw = True
696.6685 	EXP 	line3: autoDraw = True
696.6685 	EXP 	line4: autoDraw = True
697.6810 	INFO 	Keyboard events cleared
697.6808 	EXP 	fixation: autoDraw = False
697.6808 	EXP 	probe: autoDraw = True
698.2817 	EXP 	Device response: <KeyPress from None: t=698.2692485000007, value=x, duration=None>
698.2821 	EXP 	New trial (rep=24, index=84): <Trial 84 (84 in rep 24) data={'pos': -50, 'corr_resp': 'x', 'thisN': 84, 'thisTrialN': 84, 'thisRepN': 24}>
698.2833 	DATA 	Keypress: x
698.2988 	EXP 	fixation: autoDraw = False
698.2988 	EXP 	line1: autoDraw = False
698.2988 	EXP 	line2: autoDraw = False
698.2988 	EXP 	line3: autoDraw = False
698.2988 	EXP 	line4: autoDraw = False
698.2988 	EXP 	probe: autoDraw = False
698.4647 	EXP 	Device response: <KeyPress from None: t=698.2692485000007, value=x, duration=0.18367929999658372>
699.2818 	EXP 	fixation: autoDraw = True
699.2818 	EXP 	line1: autoDraw = True
699.2818 	EXP 	line2: autoDraw = True
699.2818 	EXP 	line3: autoDraw = True
699.2818 	EXP 	line4: autoDraw = True
700.2850 	INFO 	Keyboard events cleared
700.2847 	EXP 	fixation: autoDraw = False
700.2847 	EXP 	probe: autoDraw = True
700.7684 	EXP 	Device response: <KeyPress from None: t=700.7639443999942, value=x, duration=None>
700.7690 	EXP 	New trial (rep=21, index=85): <Trial 85 (85 in rep 21) data={'pos': 150, 'corr_resp': 'v', 'thisN': 85, 'thisTrialN': 85, 'thisRepN': 21}>
700.7708 	DATA 	Keypress: x
700.7850 	EXP 	fixation: autoDraw = False
700.7850 	EXP 	line1: autoDraw = False
700.7850 	EXP 	line2: autoDraw = False
700.7850 	EXP 	line3: autoDraw = False
700.7850 	EXP 	line4: autoDraw = False
700.7850 	EXP 	probe: autoDraw = False
700.9341 	EXP 	Device response: <KeyPress from None: t=700.7639443999942, value=x, duration=0.16377610000199638>
701.7815 	EXP 	fixation: autoDraw = True
701.7815 	EXP 	line1: autoDraw = True
701.7815 	EXP 	line2: autoDraw = True
701.7815 	EXP 	line3: autoDraw = True
701.7815 	EXP 	line4: autoDraw = True
702.7800 	INFO 	Keyboard events cleared
702.7798 	EXP 	probe: autoDraw = True
702.7976 	EXP 	fixation: autoDraw = False
703.0311 	EXP 	Device response: <KeyPress from None: t=703.0240343999903, value=x, duration=None>
703.0317 	EXP 	New trial (rep=20, index=86): <Trial 86 (86 in rep 20) data={'pos': 50, 'corr_resp': 'c', 'thisN': 86, 'thisTrialN': 86, 'thisRepN': 20}>
703.0330 	DATA 	Keypress: x
703.0483 	EXP 	fixation: autoDraw = False
703.0483 	EXP 	line1: autoDraw = False
703.0483 	EXP 	line2: autoDraw = False
703.0483 	EXP 	line3: autoDraw = False
703.0483 	EXP 	line4: autoDraw = False
703.0483 	EXP 	probe: autoDraw = False
703.1654 	EXP 	Device response: <KeyPress from None: t=703.0240343999903, value=x, duration=0.13859240000601858>
704.0342 	EXP 	fixation: autoDraw = True
704.0342 	EXP 	line1: autoDraw = True
704.0342 	EXP 	line2: autoDraw = True
704.0342 	EXP 	line3: autoDraw = True
704.0342 	EXP 	line4: autoDraw = True
705.0314 	INFO 	Keyboard events cleared
705.0312 	EXP 	probe: autoDraw = True
705.0473 	EXP 	fixation: autoDraw = False
705.7146 	EXP 	Device response: <KeyPress from None: t=705.7096408999932, value=x, duration=None>
705.7150 	EXP 	New trial (rep=22, index=87): <Trial 87 (87 in rep 22) data={'pos': 150, 'corr_resp': 'v', 'thisN': 87, 'thisTrialN': 87, 'thisRepN': 22}>
705.7163 	DATA 	Keypress: x
705.7312 	EXP 	fixation: autoDraw = False
705.7312 	EXP 	line1: autoDraw = False
705.7312 	EXP 	line2: autoDraw = False
705.7312 	EXP 	line3: autoDraw = False
705.7312 	EXP 	line4: autoDraw = False
705.7312 	EXP 	probe: autoDraw = False
705.8323 	EXP 	Device response: <KeyPress from None: t=705.7096408999932, value=x, duration=0.11137969999981578>
706.7297 	EXP 	fixation: autoDraw = True
706.7297 	EXP 	line1: autoDraw = True
706.7297 	EXP 	line2: autoDraw = True
706.7297 	EXP 	line3: autoDraw = True
706.7297 	EXP 	line4: autoDraw = True
707.2978 	EXP 	Device response: <KeyPress from None: t=707.2929257999931, value=x, duration=None>
707.2996 	DATA 	Keypress: x
707.4983 	EXP 	Device response: <KeyPress from None: t=707.2929257999931, value=x, duration=0.19465740000305232>
707.6651 	EXP 	Device response: <KeyPress from None: t=707.6629944000015, value=x, duration=None>
707.6668 	DATA 	Keypress: x
707.7128 	INFO 	Keyboard events cleared
707.7127 	EXP 	probe: autoDraw = True
707.7292 	EXP 	fixation: autoDraw = False
707.8463 	EXP 	Device response: <KeyPress from None: t=707.6629944000015, value=x, duration=0.1765047999942908>
708.0319 	EXP 	Device response: <KeyPress from None: t=708.0202816999954, value=x, duration=None>
708.0324 	EXP 	New trial (rep=25, index=88): <Trial 88 (88 in rep 25) data={'pos': -50, 'corr_resp': 'x', 'thisN': 88, 'thisTrialN': 88, 'thisRepN': 25}>
708.0336 	DATA 	Keypress: x
708.0481 	EXP 	fixation: autoDraw = False
708.0481 	EXP 	line1: autoDraw = False
708.0481 	EXP 	line2: autoDraw = False
708.0481 	EXP 	line3: autoDraw = False
708.0481 	EXP 	line4: autoDraw = False
708.0481 	EXP 	probe: autoDraw = False
708.2154 	EXP 	Device response: <KeyPress from None: t=708.0202816999954, value=x, duration=0.1781905999960145>
709.0512 	EXP 	fixation: autoDraw = True
709.0512 	EXP 	line1: autoDraw = True
709.0512 	EXP 	line2: autoDraw = True
709.0512 	EXP 	line3: autoDraw = True
709.0512 	EXP 	line4: autoDraw = True
710.0311 	INFO 	Keyboard events cleared
710.0309 	EXP 	probe: autoDraw = True
710.0633 	EXP 	fixation: autoDraw = False
710.4646 	EXP 	Device response: <KeyPress from None: t=710.4576071999909, value=x, duration=None>
710.4650 	EXP 	New trial (rep=26, index=89): <Trial 89 (89 in rep 26) data={'pos': -50, 'corr_resp': 'x', 'thisN': 89, 'thisTrialN': 89, 'thisRepN': 26}>
710.4662 	DATA 	Keypress: x
710.4807 	EXP 	fixation: autoDraw = False
710.4807 	EXP 	line1: autoDraw = False
710.4807 	EXP 	line2: autoDraw = False
710.4807 	EXP 	line3: autoDraw = False
710.4807 	EXP 	line4: autoDraw = False
710.4807 	EXP 	probe: autoDraw = False
710.6151 	EXP 	Device response: <KeyPress from None: t=710.4576071999909, value=x, duration=0.149218300008215>
711.4642 	EXP 	fixation: autoDraw = True
711.4642 	EXP 	line1: autoDraw = True
711.4642 	EXP 	line2: autoDraw = True
711.4642 	EXP 	line3: autoDraw = True
711.4642 	EXP 	line4: autoDraw = True
712.4648 	INFO 	Keyboard events cleared
712.4646 	EXP 	fixation: autoDraw = False
712.4646 	EXP 	probe: autoDraw = True
712.8645 	EXP 	Device response: <KeyPress from None: t=712.8594567999971, value=x, duration=None>
712.8649 	EXP 	New trial (rep=19, index=90): <Trial 90 (90 in rep 19) data={'pos': -150, 'corr_resp': 'z', 'thisN': 90, 'thisTrialN': 90, 'thisRepN': 19}>
712.8661 	DATA 	Keypress: x
712.8817 	EXP 	fixation: autoDraw = False
712.8817 	EXP 	line1: autoDraw = False
712.8817 	EXP 	line2: autoDraw = False
712.8817 	EXP 	line3: autoDraw = False
712.8817 	EXP 	line4: autoDraw = False
712.8817 	EXP 	probe: autoDraw = False
713.0312 	EXP 	Device response: <KeyPress from None: t=712.8594567999971, value=x, duration=0.1667133000009926>
713.8644 	EXP 	fixation: autoDraw = True
713.8644 	EXP 	line1: autoDraw = True
713.8644 	EXP 	line2: autoDraw = True
713.8644 	EXP 	line3: autoDraw = True
713.8644 	EXP 	line4: autoDraw = True
714.8669 	INFO 	Keyboard events cleared
714.8666 	EXP 	fixation: autoDraw = False
714.8666 	EXP 	probe: autoDraw = True
715.4482 	EXP 	Device response: <KeyPress from None: t=715.4437864999927, value=x, duration=None>
715.4486 	EXP 	New trial (rep=23, index=91): <Trial 91 (91 in rep 23) data={'pos': 150, 'corr_resp': 'v', 'thisN': 91, 'thisTrialN': 91, 'thisRepN': 23}>
715.4498 	DATA 	Keypress: x
715.4647 	EXP 	fixation: autoDraw = False
715.4647 	EXP 	line1: autoDraw = False
715.4647 	EXP 	line2: autoDraw = False
715.4647 	EXP 	line3: autoDraw = False
715.4647 	EXP 	line4: autoDraw = False
715.4647 	EXP 	probe: autoDraw = False
715.5645 	EXP 	Device response: <KeyPress from None: t=715.4437864999927, value=x, duration=0.10966679999546614>
716.4480 	EXP 	fixation: autoDraw = True
716.4480 	EXP 	line1: autoDraw = True
716.4480 	EXP 	line2: autoDraw = True
716.4480 	EXP 	line3: autoDraw = True
716.4480 	EXP 	line4: autoDraw = True
717.4476 	INFO 	Keyboard events cleared
717.4474 	EXP 	fixation: autoDraw = False
717.4474 	EXP 	probe: autoDraw = True
717.9457 	EXP 	Device response: <KeyPress from None: t=717.9387587999954, value=z, duration=None>
717.9460 	EXP 	New trial (rep=21, index=92): <Trial 92 (92 in rep 21) data={'pos': 50, 'corr_resp': 'c', 'thisN': 92, 'thisTrialN': 92, 'thisRepN': 21}>
717.9468 	DATA 	Keypress: z
717.9615 	EXP 	fixation: autoDraw = False
717.9615 	EXP 	line1: autoDraw = False
717.9615 	EXP 	line2: autoDraw = False
717.9615 	EXP 	line3: autoDraw = False
717.9615 	EXP 	line4: autoDraw = False
717.9615 	EXP 	probe: autoDraw = False
718.1310 	EXP 	Device response: <KeyPress from None: t=685.7013911999966, value=z, duration=32.42303599999286>
718.9480 	EXP 	fixation: autoDraw = True
718.9480 	EXP 	line1: autoDraw = True
718.9480 	EXP 	line2: autoDraw = True
718.9480 	EXP 	line3: autoDraw = True
718.9480 	EXP 	line4: autoDraw = True
719.6981 	EXP 	Device response: <KeyPress from None: t=719.6854549999989, value=z, duration=None>
719.6999 	DATA 	Keypress: z
719.8978 	EXP 	Device response: <KeyPress from None: t=717.9387587999954, value=z, duration=1.9512653999991016>
719.9485 	INFO 	Keyboard events cleared
719.9483 	EXP 	fixation: autoDraw = False
719.9483 	EXP 	probe: autoDraw = True
720.0650 	EXP 	Device response: <KeyPress from None: t=720.0633961999993, value=z, duration=None>
720.0654 	EXP 	New trial (rep=24, index=93): <Trial 93 (93 in rep 24) data={'pos': 150, 'corr_resp': 'v', 'thisN': 93, 'thisTrialN': 93, 'thisRepN': 24}>
720.0669 	DATA 	Keypress: z
720.0792 	EXP 	fixation: autoDraw = False
720.0792 	EXP 	line1: autoDraw = False
720.0792 	EXP 	line2: autoDraw = False
720.0792 	EXP 	line3: autoDraw = False
720.0792 	EXP 	line4: autoDraw = False
720.0792 	EXP 	probe: autoDraw = False
720.3315 	EXP 	Device response: <KeyPress from None: t=719.6854549999989, value=z, duration=0.6339908999943873>
721.0810 	EXP 	fixation: autoDraw = True
721.0810 	EXP 	line1: autoDraw = True
721.0810 	EXP 	line2: autoDraw = True
721.0810 	EXP 	line3: autoDraw = True
721.0810 	EXP 	line4: autoDraw = True
721.3685 	EXP 	Device response: <KeyPress from None: t=721.3555749999941, value=z, duration=None>
721.3727 	DATA 	Keypress: z
721.5670 	EXP 	Device response: <KeyPress from None: t=720.0633961999993, value=z, duration=1.4971124000003329>
721.7644 	EXP 	Device response: <KeyPress from None: t=721.7581599999976, value=z, duration=None>
721.7662 	DATA 	Keypress: z
721.9692 	EXP 	Device response: <KeyPress from None: t=721.3555749999941, value=z, duration=0.6010073000070406>
722.0692 	INFO 	Keyboard events cleared
722.0689 	EXP 	probe: autoDraw = True
722.0836 	EXP 	fixation: autoDraw = False
722.1664 	EXP 	Device response: <KeyPress from None: t=722.15920129999, value=z, duration=None>
722.1669 	EXP 	New trial (rep=20, index=94): <Trial 94 (94 in rep 20) data={'pos': -150, 'corr_resp': 'z', 'thisN': 94, 'thisTrialN': 94, 'thisRepN': 20}>
722.1688 	DATA 	Keypress: z
722.1824 	EXP 	fixation: autoDraw = False
722.1824 	EXP 	line1: autoDraw = False
722.1824 	EXP 	line2: autoDraw = False
722.1824 	EXP 	line3: autoDraw = False
722.1824 	EXP 	line4: autoDraw = False
722.1824 	EXP 	probe: autoDraw = False
722.3481 	EXP 	Device response: <KeyPress from None: t=721.7581599999976, value=z, duration=0.5826030000025639>
722.4990 	EXP 	Device response: <KeyPress from None: t=722.4976210000023, value=z, duration=None>
722.5000 	DATA 	Keypress: z
722.6979 	EXP 	Device response: <KeyPress from None: t=722.15920129999, value=z, duration=0.530938399999286>
722.8658 	EXP 	Device response: <KeyPress from None: t=722.8519558999978, value=z, duration=None>
722.8667 	DATA 	Keypress: z
723.1013 	EXP 	Device response: <KeyPress from None: t=722.4976210000023, value=z, duration=0.5929558999923756>
723.1847 	EXP 	fixation: autoDraw = True
723.1847 	EXP 	line1: autoDraw = True
723.1847 	EXP 	line2: autoDraw = True
723.1847 	EXP 	line3: autoDraw = True
723.1847 	EXP 	line4: autoDraw = True
723.7981 	EXP 	Device response: <KeyPress from None: t=723.7860080999963, value=z, duration=None>
723.7998 	DATA 	Keypress: z
723.9985 	EXP 	Device response: <KeyPress from None: t=722.8519558999978, value=z, duration=1.1441063999955077>
724.1811 	INFO 	Keyboard events cleared
724.1809 	EXP 	probe: autoDraw = True
724.1981 	EXP 	fixation: autoDraw = False
724.2648 	EXP 	Device response: <KeyPress from None: t=724.2622066999902, value=z, duration=None>
724.2652 	EXP 	New trial (rep=21, index=95): <Trial 95 (95 in rep 21) data={'pos': -150, 'corr_resp': 'z', 'thisN': 95, 'thisTrialN': 95, 'thisRepN': 21}>
724.2664 	DATA 	Keypress: z
724.2811 	EXP 	fixation: autoDraw = False
724.2811 	EXP 	line1: autoDraw = False
724.2811 	EXP 	line2: autoDraw = False
724.2811 	EXP 	line3: autoDraw = False
724.2811 	EXP 	line4: autoDraw = False
724.2811 	EXP 	probe: autoDraw = False
724.4815 	EXP 	Device response: <KeyPress from None: t=723.7860080999963, value=z, duration=0.6900160999939544>
725.2679 	EXP 	fixation: autoDraw = True
725.2679 	EXP 	line1: autoDraw = True
725.2679 	EXP 	line2: autoDraw = True
725.2679 	EXP 	line3: autoDraw = True
725.2679 	EXP 	line4: autoDraw = True
725.8984 	EXP 	Device response: <KeyPress from None: t=725.8934145999956, value=z, duration=None>
725.9000 	DATA 	Keypress: z
726.0823 	EXP 	Device response: <KeyPress from None: t=724.2622066999902, value=z, duration=1.8188970000046538>
726.2639 	INFO 	Keyboard events cleared
726.2637 	EXP 	probe: autoDraw = True
726.2810 	EXP 	fixation: autoDraw = False
726.2838 	DATA 	Keypress: z
726.2982 	EXP 	Device response: <KeyPress from None: t=726.282673099995, value=z, duration=None>
726.2986 	EXP 	New trial (rep=22, index=96): <Trial 96 (96 in rep 22) data={'pos': -150, 'corr_resp': 'z', 'thisN': 96, 'thisTrialN': 96, 'thisRepN': 22}>
726.3144 	EXP 	fixation: autoDraw = False
726.3144 	EXP 	line1: autoDraw = False
726.3144 	EXP 	line2: autoDraw = False
726.3144 	EXP 	line3: autoDraw = False
726.3144 	EXP 	line4: autoDraw = False
726.3144 	EXP 	probe: autoDraw = False
726.5485 	EXP 	Device response: <KeyPress from None: t=725.8934145999956, value=z, duration=0.6384243000065908>
727.3000 	EXP 	fixation: autoDraw = True
727.3000 	EXP 	line1: autoDraw = True
727.3000 	EXP 	line2: autoDraw = True
727.3000 	EXP 	line3: autoDraw = True
727.3000 	EXP 	line4: autoDraw = True
727.5812 	EXP 	Device response: <KeyPress from None: t=727.5736400000023, value=z, duration=None>
727.5829 	DATA 	Keypress: z
727.7314 	EXP 	Device response: <KeyPress from None: t=726.282673099995, value=z, duration=1.443308400004753>
727.8981 	EXP 	Device response: <KeyPress from None: t=727.8957498999953, value=z, duration=None>
727.8998 	DATA 	Keypress: z
728.1150 	EXP 	Device response: <KeyPress from None: t=727.5736400000023, value=z, duration=0.5376742999942508>
728.3144 	INFO 	Keyboard events cleared
728.3142 	EXP 	fixation: autoDraw = False
728.3142 	EXP 	probe: autoDraw = True
728.3477 	EXP 	Device response: <KeyPress from None: t=728.3364760999975, value=z, duration=None>
728.3481 	EXP 	New trial (rep=23, index=97): <Trial 97 (97 in rep 23) data={'pos': -150, 'corr_resp': 'z', 'thisN': 97, 'thisTrialN': 97, 'thisRepN': 23}>
728.3494 	DATA 	Keypress: z
728.3647 	EXP 	fixation: autoDraw = False
728.3647 	EXP 	line1: autoDraw = False
728.3647 	EXP 	line2: autoDraw = False
728.3647 	EXP 	line3: autoDraw = False
728.3647 	EXP 	line4: autoDraw = False
728.3647 	EXP 	probe: autoDraw = False
728.4823 	EXP 	Device response: <KeyPress from None: t=727.8957498999953, value=z, duration=0.5862613000062993>
728.6149 	EXP 	Device response: <KeyPress from None: t=728.6107169000024, value=z, duration=None>
728.6158 	DATA 	Keypress: z
728.7644 	EXP 	Device response: <KeyPress from None: t=728.3364760999975, value=z, duration=0.4251190999930259>
729.3482 	EXP 	fixation: autoDraw = True
729.3482 	EXP 	line1: autoDraw = True
729.3482 	EXP 	line2: autoDraw = True
729.3482 	EXP 	line3: autoDraw = True
729.3482 	EXP 	line4: autoDraw = True
730.3475 	INFO 	Keyboard events cleared
730.3473 	EXP 	fixation: autoDraw = False
730.3473 	EXP 	probe: autoDraw = True
730.6481 	EXP 	Device response: <KeyPress from None: t=730.6430570999946, value=x, duration=None>
730.6486 	EXP 	New trial (rep=27, index=98): <Trial 98 (98 in rep 27) data={'pos': -50, 'corr_resp': 'x', 'thisN': 98, 'thisTrialN': 98, 'thisRepN': 27}>
730.6499 	DATA 	Keypress: x
730.6640 	EXP 	fixation: autoDraw = False
730.6640 	EXP 	line1: autoDraw = False
730.6640 	EXP 	line2: autoDraw = False
730.6640 	EXP 	line3: autoDraw = False
730.6640 	EXP 	line4: autoDraw = False
730.6640 	EXP 	probe: autoDraw = False
730.8153 	EXP 	Device response: <KeyPress from None: t=730.6430570999946, value=x, duration=0.15695099999720696>
731.6641 	EXP 	fixation: autoDraw = True
731.6641 	EXP 	line1: autoDraw = True
731.6641 	EXP 	line2: autoDraw = True
731.6641 	EXP 	line3: autoDraw = True
731.6641 	EXP 	line4: autoDraw = True
732.6488 	INFO 	Keyboard events cleared
732.6485 	EXP 	probe: autoDraw = True
732.6509 	DATA 	Keypress: c
732.6641 	EXP 	fixation: autoDraw = False
733.0147 	EXP 	Device response: <KeyPress from None: t=733.0136668999912, value=c, duration=None>
733.0151 	EXP 	New trial (rep=28, index=99): <Trial 99 (99 in rep 28) data={'pos': -50, 'corr_resp': 'x', 'thisN': 99, 'thisTrialN': 99, 'thisRepN': 28}>
733.0164 	DATA 	Keypress: c
733.0308 	EXP 	fixation: autoDraw = False
733.0308 	EXP 	line1: autoDraw = False
733.0308 	EXP 	line2: autoDraw = False
733.0308 	EXP 	line3: autoDraw = False
733.0308 	EXP 	line4: autoDraw = False
733.0308 	EXP 	probe: autoDraw = False
733.1478 	EXP 	Device response: <KeyPress from None: t=733.0136668999912, value=c, duration=0.1257012999994913>
734.0315 	EXP 	fixation: autoDraw = True
734.0315 	EXP 	line1: autoDraw = True
734.0315 	EXP 	line2: autoDraw = True
734.0315 	EXP 	line3: autoDraw = True
734.0315 	EXP 	line4: autoDraw = True
735.0144 	INFO 	Keyboard events cleared
735.0142 	EXP 	probe: autoDraw = True
735.0308 	EXP 	fixation: autoDraw = False
735.4482 	EXP 	Device response: <KeyPress from None: t=735.4447224999894, value=c, duration=None>
735.4486 	EXP 	New trial (rep=29, index=100): <Trial 100 (100 in rep 29) data={'pos': -50, 'corr_resp': 'x', 'thisN': 100, 'thisTrialN': 100, 'thisRepN': 29}>
735.4498 	DATA 	Keypress: c
735.4644 	EXP 	fixation: autoDraw = False
735.4644 	EXP 	line1: autoDraw = False
735.4644 	EXP 	line2: autoDraw = False
735.4644 	EXP 	line3: autoDraw = False
735.4644 	EXP 	line4: autoDraw = False
735.4644 	EXP 	probe: autoDraw = False
735.6322 	EXP 	Device response: <KeyPress from None: t=735.4447224999894, value=c, duration=0.17770680000830907>
736.1347 	EXP 	Device response: <KeyPress from None: t=736.1262719999941, value=c, duration=None>
736.1365 	DATA 	Keypress: c
736.3184 	EXP 	Device response: <KeyPress from None: t=736.1262719999941, value=c, duration=0.17639730000519194>
736.4515 	EXP 	fixation: autoDraw = True
736.4515 	EXP 	line1: autoDraw = True
736.4515 	EXP 	line2: autoDraw = True
736.4515 	EXP 	line3: autoDraw = True
736.4515 	EXP 	line4: autoDraw = True
736.6037 	EXP 	Device response: <KeyPress from None: t=736.5990783000016, value=c, duration=None>
736.6069 	DATA 	Keypress: c
736.8169 	EXP 	Device response: <KeyPress from None: t=736.5990783000016, value=c, duration=0.2091288999945391>
737.1834 	EXP 	Device response: <KeyPress from None: t=737.1738628000021, value=c, duration=None>
737.1897 	DATA 	Keypress: c
737.3312 	EXP 	Device response: <KeyPress from None: t=737.1738628000021, value=c, duration=0.14412399999855552>
737.4647 	INFO 	Keyboard events cleared
737.4645 	EXP 	fixation: autoDraw = False
737.4645 	EXP 	probe: autoDraw = True
737.6482 	EXP 	Device response: <KeyPress from None: t=737.6457539999974, value=c, duration=None>
737.6487 	EXP 	New trial (rep=25, index=101): <Trial 101 (101 in rep 25) data={'pos': 150, 'corr_resp': 'v', 'thisN': 101, 'thisTrialN': 101, 'thisRepN': 25}>
737.6499 	DATA 	Keypress: c
737.6644 	EXP 	fixation: autoDraw = False
737.6644 	EXP 	line1: autoDraw = False
737.6644 	EXP 	line2: autoDraw = False
737.6644 	EXP 	line3: autoDraw = False
737.6644 	EXP 	line4: autoDraw = False
737.6644 	EXP 	probe: autoDraw = False
737.7973 	EXP 	Device response: <KeyPress from None: t=737.6457539999974, value=c, duration=0.13951949999318458>
738.6641 	EXP 	fixation: autoDraw = True
738.6641 	EXP 	line1: autoDraw = True
738.6641 	EXP 	line2: autoDraw = True
738.6641 	EXP 	line3: autoDraw = True
738.6641 	EXP 	line4: autoDraw = True
738.8314 	EXP 	Device response: <KeyPress from None: t=738.8173950999917, value=c, duration=None>
738.8331 	DATA 	Keypress: c
739.0153 	EXP 	Device response: <KeyPress from None: t=738.8173950999917, value=c, duration=0.19687590000103228>
739.2646 	EXP 	Device response: <KeyPress from None: t=739.2592212000018, value=c, duration=None>
739.2663 	DATA 	Keypress: c
739.3973 	EXP 	Device response: <KeyPress from None: t=739.2592212000018, value=c, duration=0.13232789999165107>
739.6643 	INFO 	Keyboard events cleared
739.6641 	EXP 	fixation: autoDraw = False
739.6641 	EXP 	probe: autoDraw = True
739.7974 	EXP 	Device response: <KeyPress from None: t=739.7926051999966, value=c, duration=None>
739.7978 	EXP 	New trial (rep=22, index=102): <Trial 102 (102 in rep 22) data={'pos': 50, 'corr_resp': 'c', 'thisN': 102, 'thisTrialN': 102, 'thisRepN': 22}>
739.7990 	DATA 	Keypress: c
739.8137 	EXP 	fixation: autoDraw = False
739.8137 	EXP 	line1: autoDraw = False
739.8137 	EXP 	line2: autoDraw = False
739.8137 	EXP 	line3: autoDraw = False
739.8137 	EXP 	line4: autoDraw = False
739.8137 	EXP 	probe: autoDraw = False
739.9980 	EXP 	Device response: <KeyPress from None: t=739.7926051999966, value=c, duration=0.1999913000036031>
740.2149 	EXP 	Device response: <KeyPress from None: t=740.2144105999905, value=c, duration=None>
740.2158 	DATA 	Keypress: c
740.3316 	EXP 	Device response: <KeyPress from None: t=740.2144105999905, value=c, duration=0.11370329999772366>
740.5160 	DATA 	Keypress: c
740.5311 	EXP 	Device response: <KeyPress from None: t=740.5156188999972, value=c, duration=None>
740.7156 	EXP 	Device response: <KeyPress from None: t=740.5156188999972, value=c, duration=0.19063899999309797>
740.7974 	EXP 	fixation: autoDraw = True
740.7974 	EXP 	line1: autoDraw = True
740.7974 	EXP 	line2: autoDraw = True
740.7974 	EXP 	line3: autoDraw = True
740.7974 	EXP 	line4: autoDraw = True
740.9477 	EXP 	Device response: <KeyPress from None: t=740.9401802999928, value=c, duration=None>
740.9494 	DATA 	Keypress: c
741.0826 	EXP 	Device response: <KeyPress from None: t=740.9401802999928, value=c, duration=0.12720689999696333>
741.3308 	EXP 	Device response: <KeyPress from None: t=741.3253985999909, value=c, duration=None>
741.3325 	DATA 	Keypress: c
741.4814 	EXP 	Device response: <KeyPress from None: t=741.3253985999909, value=c, duration=0.14387739999801852>
741.6309 	EXP 	Device response: <KeyPress from None: t=741.6258177999989, value=c, duration=None>
741.6326 	DATA 	Keypress: c
741.7824 	EXP 	Device response: <KeyPress from None: t=741.6258177999989, value=c, duration=0.14393079999717884>
741.7971 	INFO 	Keyboard events cleared
741.7969 	EXP 	fixation: autoDraw = False
741.7969 	EXP 	probe: autoDraw = True
742.2356 	EXP 	Device response: <KeyPress from None: t=742.2321527999884, value=c, duration=None>
742.2363 	EXP 	New trial (rep=23, index=103): <Trial 103 (103 in rep 23) data={'pos': 50, 'corr_resp': 'c', 'thisN': 103, 'thisTrialN': 103, 'thisRepN': 23}>
742.2390 	DATA 	Keypress: c
742.2482 	EXP 	fixation: autoDraw = False
742.2482 	EXP 	line1: autoDraw = False
742.2482 	EXP 	line2: autoDraw = False
742.2482 	EXP 	line3: autoDraw = False
742.2482 	EXP 	line4: autoDraw = False
742.2482 	EXP 	probe: autoDraw = False
742.3849 	EXP 	Device response: <KeyPress from None: t=742.2321527999884, value=c, duration=0.13995100000465754>
743.2505 	EXP 	fixation: autoDraw = True
743.2505 	EXP 	line1: autoDraw = True
743.2505 	EXP 	line2: autoDraw = True
743.2505 	EXP 	line3: autoDraw = True
743.2505 	EXP 	line4: autoDraw = True
744.0486 	EXP 	Device response: <KeyPress from None: t=744.0356904999935, value=s, duration=None>
744.0505 	DATA 	Keypress: s
744.1826 	EXP 	Device response: <KeyPress from None: t=744.0356904999935, value=s, duration=0.14427920000161976>
744.2483 	INFO 	Keyboard events cleared
744.2480 	EXP 	probe: autoDraw = True
744.2642 	EXP 	fixation: autoDraw = False
745.2337 	EXP 	Device response: <KeyPress from None: t=745.2260652999976, value=z, duration=None>
745.2342 	EXP 	New trial (rep=24, index=104): <Trial 104 (104 in rep 24) data={'pos': -150, 'corr_resp': 'z', 'thisN': 104, 'thisTrialN': 104, 'thisRepN': 24}>
745.2361 	DATA 	Keypress: z
745.2494 	EXP 	fixation: autoDraw = False
745.2494 	EXP 	line1: autoDraw = False
745.2494 	EXP 	line2: autoDraw = False
745.2494 	EXP 	line3: autoDraw = False
745.2494 	EXP 	line4: autoDraw = False
745.2494 	EXP 	probe: autoDraw = False
745.4153 	EXP 	Device response: <KeyPress from None: t=728.6107169000024, value=z, duration=16.788618399994448>
746.2451 	EXP 	fixation: autoDraw = True
746.2451 	EXP 	line1: autoDraw = True
746.2451 	EXP 	line2: autoDraw = True
746.2451 	EXP 	line3: autoDraw = True
746.2451 	EXP 	line4: autoDraw = True
746.6896 	DATA 	Keypress: z
746.7011 	EXP 	Device response: <KeyPress from None: t=746.6871664999926, value=z, duration=None>
746.8854 	EXP 	Device response: <KeyPress from None: t=745.2260652999976, value=z, duration=1.6564596999960486>
747.2517 	INFO 	Keyboard events cleared
747.2508 	EXP 	fixation: autoDraw = False
747.2508 	EXP 	probe: autoDraw = True
747.5226 	DATA 	Keypress: z
747.5353 	EXP 	Device response: <KeyPress from None: t=747.5197896999889, value=z, duration=None>
747.5361 	EXP 	New trial (rep=26, index=105): <Trial 105 (105 in rep 26) data={'pos': 150, 'corr_resp': 'v', 'thisN': 105, 'thisTrialN': 105, 'thisRepN': 26}>
747.5511 	EXP 	fixation: autoDraw = False
747.5511 	EXP 	line1: autoDraw = False
747.5511 	EXP 	line2: autoDraw = False
747.5511 	EXP 	line3: autoDraw = False
747.5511 	EXP 	line4: autoDraw = False
747.5511 	EXP 	probe: autoDraw = False
747.7191 	EXP 	Device response: <KeyPress from None: t=746.6871664999926, value=z, duration=1.0225786000082735>
748.1875 	DATA 	Keypress: z
748.2020 	EXP 	Device response: <KeyPress from None: t=748.1863063999917, value=z, duration=None>
748.3808 	EXP 	Device response: <KeyPress from None: t=747.5197896999889, value=z, duration=0.8559748000116087>
748.5517 	EXP 	fixation: autoDraw = True
748.5517 	EXP 	line1: autoDraw = True
748.5517 	EXP 	line2: autoDraw = True
748.5517 	EXP 	line3: autoDraw = True
748.5517 	EXP 	line4: autoDraw = True
749.5508 	INFO 	Keyboard events cleared
749.5505 	EXP 	fixation: autoDraw = False
749.5505 	EXP 	probe: autoDraw = True
749.5698 	EXP 	Device response: <KeyPress from None: t=749.5661493999942, value=z, duration=None>
749.5704 	EXP 	New trial (rep=24, index=106): <Trial 106 (106 in rep 24) data={'pos': 50, 'corr_resp': 'c', 'thisN': 106, 'thisTrialN': 106, 'thisRepN': 24}>
749.5729 	DATA 	Keypress: z
749.5842 	EXP 	fixation: autoDraw = False
749.5842 	EXP 	line1: autoDraw = False
749.5842 	EXP 	line2: autoDraw = False
749.5842 	EXP 	line3: autoDraw = False
749.5842 	EXP 	line4: autoDraw = False
749.5842 	EXP 	probe: autoDraw = False
749.7853 	EXP 	Device response: <KeyPress from None: t=748.1863063999917, value=z, duration=1.5950606999977026>
750.1195 	EXP 	Device response: <KeyPress from None: t=750.1113088999991, value=x, duration=None>
750.1215 	DATA 	Keypress: x
750.3518 	EXP 	Device response: <KeyPress from None: t=750.1113088999991, value=x, duration=0.23232189999544062>
750.5843 	EXP 	fixation: autoDraw = True
750.5843 	EXP 	line1: autoDraw = True
750.5843 	EXP 	line2: autoDraw = True
750.5843 	EXP 	line3: autoDraw = True
750.5843 	EXP 	line4: autoDraw = True
751.4813 	EXP 	Device response: <KeyPress from None: t=751.4665457999945, value=x, duration=None>
751.4831 	DATA 	Keypress: x
751.5819 	INFO 	Keyboard events cleared
751.5817 	EXP 	probe: autoDraw = True
751.5980 	EXP 	fixation: autoDraw = False
751.6479 	EXP 	Device response: <KeyPress from None: t=751.4665457999945, value=x, duration=0.18073310000181664>
753.2977 	EXP 	Device response: <KeyPress from None: t=753.2888907000015, value=x, duration=None>
753.2982 	EXP 	New trial (rep=25, index=107): <Trial 107 (107 in rep 25) data={'pos': 50, 'corr_resp': 'c', 'thisN': 107, 'thisTrialN': 107, 'thisRepN': 25}>
753.2995 	DATA 	Keypress: x
753.3141 	EXP 	fixation: autoDraw = False
753.3141 	EXP 	line1: autoDraw = False
753.3141 	EXP 	line2: autoDraw = False
753.3141 	EXP 	line3: autoDraw = False
753.3141 	EXP 	line4: autoDraw = False
753.3141 	EXP 	probe: autoDraw = False
753.4317 	EXP 	Device response: <KeyPress from None: t=753.2888907000015, value=x, duration=0.12801939999917522>
754.2976 	EXP 	fixation: autoDraw = True
754.2976 	EXP 	line1: autoDraw = True
754.2976 	EXP 	line2: autoDraw = True
754.2976 	EXP 	line3: autoDraw = True
754.2976 	EXP 	line4: autoDraw = True
755.2974 	INFO 	Keyboard events cleared
755.2972 	EXP 	fixation: autoDraw = False
755.2972 	EXP 	probe: autoDraw = True
756.3316 	EXP 	Device response: <KeyPress from None: t=756.3310027999978, value=x, duration=None>
756.3320 	EXP 	New trial (rep=30, index=108): <Trial 108 (108 in rep 30) data={'pos': -50, 'corr_resp': 'x', 'thisN': 108, 'thisTrialN': 108, 'thisRepN': 30}>
756.3332 	DATA 	Keypress: x
756.3474 	EXP 	fixation: autoDraw = False
756.3474 	EXP 	line1: autoDraw = False
756.3474 	EXP 	line2: autoDraw = False
756.3474 	EXP 	line3: autoDraw = False
756.3474 	EXP 	line4: autoDraw = False
756.3474 	EXP 	probe: autoDraw = False
756.4818 	EXP 	Device response: <KeyPress from None: t=756.3310027999978, value=x, duration=0.14514959999360144>
757.3344 	EXP 	fixation: autoDraw = True
757.3344 	EXP 	line1: autoDraw = True
757.3344 	EXP 	line2: autoDraw = True
757.3344 	EXP 	line3: autoDraw = True
757.3344 	EXP 	line4: autoDraw = True
757.4183 	EXP 	Device response: <KeyPress from None: t=757.4099501999881, value=x, duration=None>
757.4217 	DATA 	Keypress: x
757.5346 	EXP 	Device response: <KeyPress from None: t=757.4099501999881, value=x, duration=0.12192000000504777>
758.2964 	EXP 	Device response: <KeyPress from None: t=758.2893707999901, value=x, duration=None>
758.2981 	DATA 	Keypress: x
758.3476 	INFO 	Keyboard events cleared
758.3474 	EXP 	fixation: autoDraw = False
758.3474 	EXP 	probe: autoDraw = True
758.4690 	EXP 	Device response: <KeyPress from None: t=758.2893707999901, value=x, duration=0.17051830000127666>
758.9226 	DATA 	Keypress: x
758.9353 	EXP 	Device response: <KeyPress from None: t=758.921065699993, value=x, duration=None>
758.9361 	EXP 	New trial (rep=27, index=109): <Trial 109 (109 in rep 27) data={'pos': 150, 'corr_resp': 'v', 'thisN': 109, 'thisTrialN': 109, 'thisRepN': 27}>
758.9499 	EXP 	fixation: autoDraw = False
758.9499 	EXP 	line1: autoDraw = False
758.9499 	EXP 	line2: autoDraw = False
758.9499 	EXP 	line3: autoDraw = False
758.9499 	EXP 	line4: autoDraw = False
758.9499 	EXP 	probe: autoDraw = False
759.0669 	EXP 	Device response: <KeyPress from None: t=758.921065699993, value=x, duration=0.14455320000706706>
759.9481 	EXP 	fixation: autoDraw = True
759.9481 	EXP 	line1: autoDraw = True
759.9481 	EXP 	line2: autoDraw = True
759.9481 	EXP 	line3: autoDraw = True
759.9481 	EXP 	line4: autoDraw = True
760.9476 	INFO 	Keyboard events cleared
760.9474 	EXP 	fixation: autoDraw = False
760.9474 	EXP 	probe: autoDraw = True
761.4656 	EXP 	Device response: <KeyPress from None: t=761.460210499994, value=c, duration=None>
761.4660 	EXP 	New trial (rep=31, index=110): <Trial 110 (110 in rep 31) data={'pos': -50, 'corr_resp': 'x', 'thisN': 110, 'thisTrialN': 110, 'thisRepN': 31}>
761.4674 	DATA 	Keypress: c
761.4809 	EXP 	fixation: autoDraw = False
761.4809 	EXP 	line1: autoDraw = False
761.4809 	EXP 	line2: autoDraw = False
761.4809 	EXP 	line3: autoDraw = False
761.4809 	EXP 	line4: autoDraw = False
761.4809 	EXP 	probe: autoDraw = False
761.6814 	EXP 	Device response: <KeyPress from None: t=761.460210499994, value=c, duration=0.21530100000381935>
762.4808 	EXP 	fixation: autoDraw = True
762.4808 	EXP 	line1: autoDraw = True
762.4808 	EXP 	line2: autoDraw = True
762.4808 	EXP 	line3: autoDraw = True
762.4808 	EXP 	line4: autoDraw = True
763.4785 	INFO 	Keyboard events cleared
763.4784 	EXP 	probe: autoDraw = True
763.4960 	EXP 	fixation: autoDraw = False
764.3320 	EXP 	Device response: <KeyPress from None: t=764.330623899994, value=c, duration=None>
764.3328 	EXP 	New trial (rep=26, index=111): <Trial 111 (111 in rep 26) data={'pos': 50, 'corr_resp': 'c', 'thisN': 111, 'thisTrialN': 111, 'thisRepN': 26}>
764.3341 	DATA 	Keypress: c
764.3475 	EXP 	fixation: autoDraw = False
764.3475 	EXP 	line1: autoDraw = False
764.3475 	EXP 	line2: autoDraw = False
764.3475 	EXP 	line3: autoDraw = False
764.3475 	EXP 	line4: autoDraw = False
764.3475 	EXP 	probe: autoDraw = False
764.5147 	EXP 	Device response: <KeyPress from None: t=764.330623899994, value=c, duration=0.1768696000071941>
765.3477 	EXP 	fixation: autoDraw = True
765.3477 	EXP 	line1: autoDraw = True
765.3477 	EXP 	line2: autoDraw = True
765.3477 	EXP 	line3: autoDraw = True
765.3477 	EXP 	line4: autoDraw = True
766.0649 	EXP 	Device response: <KeyPress from None: t=766.0586280999996, value=c, duration=None>
766.0670 	DATA 	Keypress: c
766.2163 	EXP 	Device response: <KeyPress from None: t=766.0586280999996, value=c, duration=0.15242849999049213>
766.3477 	INFO 	Keyboard events cleared
766.3475 	EXP 	fixation: autoDraw = False
766.3475 	EXP 	probe: autoDraw = True
766.6148 	EXP 	Device response: <KeyPress from None: t=766.6099951999931, value=c, duration=None>
766.6152 	EXP 	New trial (rep=25, index=112): <Trial 112 (112 in rep 25) data={'pos': -150, 'corr_resp': 'z', 'thisN': 112, 'thisTrialN': 112, 'thisRepN': 25}>
766.6164 	DATA 	Keypress: c
766.6305 	EXP 	fixation: autoDraw = False
766.6305 	EXP 	line1: autoDraw = False
766.6305 	EXP 	line2: autoDraw = False
766.6305 	EXP 	line3: autoDraw = False
766.6305 	EXP 	line4: autoDraw = False
766.6305 	EXP 	probe: autoDraw = False
766.7981 	EXP 	Device response: <KeyPress from None: t=766.6099951999931, value=c, duration=0.17162029999599326>
767.6306 	EXP 	fixation: autoDraw = True
767.6306 	EXP 	line1: autoDraw = True
767.6306 	EXP 	line2: autoDraw = True
767.6306 	EXP 	line3: autoDraw = True
767.6306 	EXP 	line4: autoDraw = True
767.9632 	EXP 	Device response: <KeyPress from None: t=767.9511866999965, value=c, duration=None>
767.9646 	DATA 	Keypress: c
768.1475 	EXP 	Device response: <KeyPress from None: t=767.9511866999965, value=c, duration=0.1914827000000514>
768.6322 	INFO 	Keyboard events cleared
768.6319 	EXP 	fixation: autoDraw = False
768.6319 	EXP 	probe: autoDraw = True
768.6647 	EXP 	Device response: <KeyPress from None: t=768.6488591999951, value=c, duration=None>
768.6651 	EXP 	New trial (rep=27, index=113): <Trial 113 (113 in rep 27) data={'pos': 50, 'corr_resp': 'c', 'thisN': 113, 'thisTrialN': 113, 'thisRepN': 27}>
768.6664 	DATA 	Keypress: c
768.6811 	EXP 	fixation: autoDraw = False
768.6811 	EXP 	line1: autoDraw = False
768.6811 	EXP 	line2: autoDraw = False
768.6811 	EXP 	line3: autoDraw = False
768.6811 	EXP 	line4: autoDraw = False
768.6811 	EXP 	probe: autoDraw = False
768.8310 	EXP 	Device response: <KeyPress from None: t=768.6488591999951, value=c, duration=0.1757822999934433>
769.6646 	EXP 	fixation: autoDraw = True
769.6646 	EXP 	line1: autoDraw = True
769.6646 	EXP 	line2: autoDraw = True
769.6646 	EXP 	line3: autoDraw = True
769.6646 	EXP 	line4: autoDraw = True
769.9808 	EXP 	Device response: <KeyPress from None: t=769.9754681999912, value=c, duration=None>
769.9825 	DATA 	Keypress: c
770.2148 	EXP 	Device response: <KeyPress from None: t=769.9754681999912, value=c, duration=0.23322720000578556>
770.4977 	EXP 	Device response: <KeyPress from None: t=770.4972482000012, value=c, duration=None>
770.4994 	DATA 	Keypress: c
770.6648 	INFO 	Keyboard events cleared
770.6646 	EXP 	fixation: autoDraw = False
770.6646 	EXP 	probe: autoDraw = True
770.6979 	EXP 	Device response: <KeyPress from None: t=770.4972482000012, value=c, duration=0.185229700000491>
770.9145 	EXP 	Device response: <KeyPress from None: t=770.905322599996, value=c, duration=None>
770.9148 	EXP 	New trial (rep=26, index=114): <Trial 114 (114 in rep 26) data={'pos': -150, 'corr_resp': 'z', 'thisN': 114, 'thisTrialN': 114, 'thisRepN': 26}>
770.9161 	DATA 	Keypress: c
770.9308 	EXP 	fixation: autoDraw = False
770.9308 	EXP 	line1: autoDraw = False
770.9308 	EXP 	line2: autoDraw = False
770.9308 	EXP 	line3: autoDraw = False
770.9308 	EXP 	line4: autoDraw = False
770.9308 	EXP 	probe: autoDraw = False
771.0484 	EXP 	Device response: <KeyPress from None: t=770.905322599996, value=c, duration=0.1419707000022754>
771.2820 	EXP 	Device response: <KeyPress from None: t=771.2789881999925, value=c, duration=None>
771.2829 	DATA 	Keypress: c
771.4812 	EXP 	Device response: <KeyPress from None: t=771.2789881999925, value=c, duration=0.18765230001008604>
771.9285 	EXP 	fixation: autoDraw = True
771.9285 	EXP 	line1: autoDraw = True
771.9285 	EXP 	line2: autoDraw = True
771.9285 	EXP 	line3: autoDraw = True
771.9285 	EXP 	line4: autoDraw = True
772.9150 	INFO 	Keyboard events cleared
772.9148 	EXP 	probe: autoDraw = True
772.9308 	EXP 	fixation: autoDraw = False
773.2984 	EXP 	Device response: <KeyPress from None: t=773.2879055999947, value=c, duration=None>
773.2988 	EXP 	New trial (rep=28, index=115): <Trial 115 (115 in rep 28) data={'pos': 150, 'corr_resp': 'v', 'thisN': 115, 'thisTrialN': 115, 'thisRepN': 28}>
773.3000 	DATA 	Keypress: c
773.3138 	EXP 	fixation: autoDraw = False
773.3138 	EXP 	line1: autoDraw = False
773.3138 	EXP 	line2: autoDraw = False
773.3138 	EXP 	line3: autoDraw = False
773.3138 	EXP 	line4: autoDraw = False
773.3138 	EXP 	probe: autoDraw = False
773.4984 	EXP 	Device response: <KeyPress from None: t=773.2879055999947, value=c, duration=0.20004049999988638>
774.3152 	EXP 	fixation: autoDraw = True
774.3152 	EXP 	line1: autoDraw = True
774.3152 	EXP 	line2: autoDraw = True
774.3152 	EXP 	line3: autoDraw = True
774.3152 	EXP 	line4: autoDraw = True
774.3159 	EXP 	Device response: <KeyPress from None: t=774.3123557999934, value=c, duration=None>
774.3181 	DATA 	Keypress: c
774.5300 	EXP 	Device response: <KeyPress from None: t=774.3123557999934, value=c, duration=0.2070298000035109>
775.3144 	INFO 	Keyboard events cleared
775.3142 	EXP 	probe: autoDraw = True
775.3305 	EXP 	fixation: autoDraw = False
775.3650 	EXP 	Device response: <KeyPress from None: t=775.3543702999887, value=c, duration=None>
775.3654 	EXP 	New trial (rep=29, index=116): <Trial 116 (116 in rep 29) data={'pos': 150, 'corr_resp': 'v', 'thisN': 116, 'thisTrialN': 116, 'thisRepN': 29}>
775.3667 	DATA 	Keypress: c
775.3804 	EXP 	fixation: autoDraw = False
775.3804 	EXP 	line1: autoDraw = False
775.3804 	EXP 	line2: autoDraw = False
775.3804 	EXP 	line3: autoDraw = False
775.3804 	EXP 	line4: autoDraw = False
775.3804 	EXP 	probe: autoDraw = False
775.5481 	EXP 	Device response: <KeyPress from None: t=775.3543702999887, value=c, duration=0.17759990000922699>
776.3791 	EXP 	fixation: autoDraw = True
776.3791 	EXP 	line1: autoDraw = True
776.3791 	EXP 	line2: autoDraw = True
776.3791 	EXP 	line3: autoDraw = True
776.3791 	EXP 	line4: autoDraw = True
777.0979 	EXP 	Device response: <KeyPress from None: t=777.0973479999957, value=x, duration=None>
777.0996 	DATA 	Keypress: x
777.2850 	EXP 	Device response: <KeyPress from None: t=777.0973479999957, value=x, duration=0.18632569999317639>
777.3677 	INFO 	Keyboard events cleared
777.3673 	EXP 	probe: autoDraw = True
777.3828 	EXP 	fixation: autoDraw = False
777.9484 	EXP 	Device response: <KeyPress from None: t=777.9397964999953, value=c, duration=None>
777.9487 	EXP 	New trial (rep=30, index=117): <Trial 117 (117 in rep 30) data={'pos': 150, 'corr_resp': 'v', 'thisN': 117, 'thisTrialN': 117, 'thisRepN': 30}>
777.9498 	DATA 	Keypress: c
777.9637 	EXP 	fixation: autoDraw = False
777.9637 	EXP 	line1: autoDraw = False
777.9637 	EXP 	line2: autoDraw = False
777.9637 	EXP 	line3: autoDraw = False
777.9637 	EXP 	line4: autoDraw = False
777.9637 	EXP 	probe: autoDraw = False
778.1145 	EXP 	Device response: <KeyPress from None: t=777.9397964999953, value=c, duration=0.17200799999409355>
778.8492 	EXP 	Device response: <KeyPress from None: t=778.8475435, value=x, duration=None>
778.8502 	DATA 	Keypress: x
778.9471 	EXP 	fixation: autoDraw = True
778.9471 	EXP 	line1: autoDraw = True
778.9471 	EXP 	line2: autoDraw = True
778.9471 	EXP 	line3: autoDraw = True
778.9471 	EXP 	line4: autoDraw = True
779.0314 	EXP 	Device response: <KeyPress from None: t=778.8475435, value=x, duration=0.17081250000046566>
779.6141 	EXP 	Device response: <KeyPress from None: t=779.6065078999964, value=x, duration=None>
779.6158 	DATA 	Keypress: x
779.7669 	EXP 	Device response: <KeyPress from None: t=779.6065078999964, value=x, duration=0.14946970000164583>
779.9487 	INFO 	Keyboard events cleared
779.9485 	EXP 	fixation: autoDraw = False
779.9485 	EXP 	probe: autoDraw = True
780.1174 	DATA 	Keypress: x
780.1309 	EXP 	Device response: <KeyPress from None: t=780.1169676999998, value=x, duration=None>
780.1315 	EXP 	New trial (rep=28, index=118): <Trial 118 (118 in rep 28) data={'pos': 50, 'corr_resp': 'c', 'thisN': 118, 'thisTrialN': 118, 'thisRepN': 28}>
780.1472 	EXP 	fixation: autoDraw = False
780.1472 	EXP 	line1: autoDraw = False
780.1472 	EXP 	line2: autoDraw = False
780.1472 	EXP 	line3: autoDraw = False
780.1472 	EXP 	line4: autoDraw = False
780.1472 	EXP 	probe: autoDraw = False
780.2644 	EXP 	Device response: <KeyPress from None: t=780.1169676999998, value=x, duration=0.13263899998855777>
781.1306 	EXP 	fixation: autoDraw = True
781.1306 	EXP 	line1: autoDraw = True
781.1306 	EXP 	line2: autoDraw = True
781.1306 	EXP 	line3: autoDraw = True
781.1306 	EXP 	line4: autoDraw = True
781.4824 	EXP 	Device response: <KeyPress from None: t=781.4806111999933, value=x, duration=None>
781.4841 	DATA 	Keypress: x
781.6645 	EXP 	Device response: <KeyPress from None: t=781.4806111999933, value=x, duration=0.1783424000022933>
782.1315 	INFO 	Keyboard events cleared
782.1313 	EXP 	fixation: autoDraw = False
782.1313 	EXP 	probe: autoDraw = True
782.3848 	EXP 	Device response: <KeyPress from None: t=782.3756514999986, value=x, duration=None>
782.3853 	EXP 	New trial (rep=27, index=119): <Trial 119 (119 in rep 27) data={'pos': -150, 'corr_resp': 'z', 'thisN': 119, 'thisTrialN': 119, 'thisRepN': 27}>
782.3867 	DATA 	Keypress: x
782.3980 	EXP 	fixation: autoDraw = False
782.3980 	EXP 	line1: autoDraw = False
782.3980 	EXP 	line2: autoDraw = False
782.3980 	EXP 	line3: autoDraw = False
782.3980 	EXP 	line4: autoDraw = False
782.3980 	EXP 	probe: autoDraw = False
782.7139 	EXP 	Device response: <KeyPress from None: t=782.3756514999986, value=x, duration=0.33322010000119917>
783.3971 	EXP 	fixation: autoDraw = True
783.3971 	EXP 	line1: autoDraw = True
783.3971 	EXP 	line2: autoDraw = True
783.3971 	EXP 	line3: autoDraw = True
783.3971 	EXP 	line4: autoDraw = True
784.3974 	INFO 	Keyboard events cleared
784.3972 	EXP 	fixation: autoDraw = False
784.3972 	EXP 	probe: autoDraw = True
784.4635 	EXP 	Device response: <KeyPress from None: t=784.4587548999989, value=c, duration=None>
784.4639 	EXP 	New trial (rep=32, index=120): <Trial 120 (120 in rep 32) data={'pos': -50, 'corr_resp': 'x', 'thisN': 120, 'thisTrialN': 120, 'thisRepN': 32}>
784.4652 	DATA 	Keypress: c
784.4803 	EXP 	fixation: autoDraw = False
784.4803 	EXP 	line1: autoDraw = False
784.4803 	EXP 	line2: autoDraw = False
784.4803 	EXP 	line3: autoDraw = False
784.4803 	EXP 	line4: autoDraw = False
784.4803 	EXP 	probe: autoDraw = False
784.6307 	EXP 	Device response: <KeyPress from None: t=784.4587548999989, value=c, duration=0.16666699999768753>
785.4637 	EXP 	fixation: autoDraw = True
785.4637 	EXP 	line1: autoDraw = True
785.4637 	EXP 	line2: autoDraw = True
785.4637 	EXP 	line3: autoDraw = True
785.4637 	EXP 	line4: autoDraw = True
786.4638 	INFO 	Keyboard events cleared
786.4636 	EXP 	fixation: autoDraw = False
786.4636 	EXP 	probe: autoDraw = True
786.8141 	EXP 	Device response: <KeyPress from None: t=786.8108137999952, value=z, duration=None>
786.8145 	EXP 	New trial (rep=28, index=121): <Trial 121 (121 in rep 28) data={'pos': -150, 'corr_resp': 'z', 'thisN': 121, 'thisTrialN': 121, 'thisRepN': 28}>
786.8158 	DATA 	Keypress: z
786.8305 	EXP 	fixation: autoDraw = False
786.8305 	EXP 	line1: autoDraw = False
786.8305 	EXP 	line2: autoDraw = False
786.8305 	EXP 	line3: autoDraw = False
786.8305 	EXP 	line4: autoDraw = False
786.8305 	EXP 	probe: autoDraw = False
786.9806 	EXP 	Device response: <KeyPress from None: t=749.5661493999942, value=z, duration=37.411749499995494>
787.8140 	EXP 	fixation: autoDraw = True
787.8140 	EXP 	line1: autoDraw = True
787.8140 	EXP 	line2: autoDraw = True
787.8140 	EXP 	line3: autoDraw = True
787.8140 	EXP 	line4: autoDraw = True
788.8139 	INFO 	Keyboard events cleared
788.8137 	EXP 	fixation: autoDraw = False
788.8137 	EXP 	probe: autoDraw = True
789.0847 	EXP 	Device response: <KeyPress from None: t=789.0774767999974, value=x, duration=None>
789.0853 	EXP 	New trial (rep=31, index=122): <Trial 122 (122 in rep 31) data={'pos': 150, 'corr_resp': 'v', 'thisN': 122, 'thisTrialN': 122, 'thisRepN': 31}>
789.0878 	DATA 	Keypress: x
789.0996 	EXP 	fixation: autoDraw = False
789.0996 	EXP 	line1: autoDraw = False
789.0996 	EXP 	line2: autoDraw = False
789.0996 	EXP 	line3: autoDraw = False
789.0996 	EXP 	line4: autoDraw = False
789.0996 	EXP 	probe: autoDraw = False
789.2182 	EXP 	Device response: <KeyPress from None: t=789.0774767999974, value=x, duration=0.12850029999390244>
790.0844 	EXP 	fixation: autoDraw = True
790.0844 	EXP 	line1: autoDraw = True
790.0844 	EXP 	line2: autoDraw = True
790.0844 	EXP 	line3: autoDraw = True
790.0844 	EXP 	line4: autoDraw = True
791.0967 	INFO 	Keyboard events cleared
791.0965 	EXP 	fixation: autoDraw = False
791.0965 	EXP 	probe: autoDraw = True
791.3972 	EXP 	Device response: <KeyPress from None: t=791.3833121999924, value=z, duration=None>
791.3976 	EXP 	New trial (rep=32, index=123): <Trial 123 (123 in rep 32) data={'pos': 150, 'corr_resp': 'v', 'thisN': 123, 'thisTrialN': 123, 'thisRepN': 32}>
791.3989 	DATA 	Keypress: z
791.4139 	EXP 	fixation: autoDraw = False
791.4139 	EXP 	line1: autoDraw = False
791.4139 	EXP 	line2: autoDraw = False
791.4139 	EXP 	line3: autoDraw = False
791.4139 	EXP 	line4: autoDraw = False
791.4139 	EXP 	probe: autoDraw = False
791.5284 	EXP 	Device response: <KeyPress from None: t=786.8108137999952, value=z, duration=4.702687199998763>
792.4008 	EXP 	fixation: autoDraw = True
792.4008 	EXP 	line1: autoDraw = True
792.4008 	EXP 	line2: autoDraw = True
792.4008 	EXP 	line3: autoDraw = True
792.4008 	EXP 	line4: autoDraw = True
793.3974 	INFO 	Keyboard events cleared
793.3972 	EXP 	probe: autoDraw = True
793.4137 	EXP 	fixation: autoDraw = False
793.8807 	EXP 	Device response: <KeyPress from None: t=793.8707777999953, value=v, duration=None>
793.8811 	EXP 	New trial (rep=33, index=124): <Trial 124 (124 in rep 33) data={'pos': 150, 'corr_resp': 'v', 'thisN': 124, 'thisTrialN': 124, 'thisRepN': 33}>
793.8825 	DATA 	Keypress: v
793.8973 	EXP 	fixation: autoDraw = False
793.8973 	EXP 	line1: autoDraw = False
793.8973 	EXP 	line2: autoDraw = False
793.8973 	EXP 	line3: autoDraw = False
793.8973 	EXP 	line4: autoDraw = False
793.8973 	EXP 	probe: autoDraw = False
794.0142 	EXP 	Device response: <KeyPress from None: t=695.6556872999936, value=v, duration=98.35535240000172>
794.8804 	EXP 	fixation: autoDraw = True
794.8804 	EXP 	line1: autoDraw = True
794.8804 	EXP 	line2: autoDraw = True
794.8804 	EXP 	line3: autoDraw = True
794.8804 	EXP 	line4: autoDraw = True
795.8780 	INFO 	Keyboard events cleared
795.8779 	EXP 	fixation: autoDraw = False
795.8779 	EXP 	probe: autoDraw = True
796.4476 	EXP 	Device response: <KeyPress from None: t=796.4451119000005, value=v, duration=None>
796.4480 	EXP 	New trial (rep=29, index=125): <Trial 125 (125 in rep 29) data={'pos': -150, 'corr_resp': 'z', 'thisN': 125, 'thisTrialN': 125, 'thisRepN': 29}>
796.4493 	DATA 	Keypress: v
796.4636 	EXP 	fixation: autoDraw = False
796.4636 	EXP 	line1: autoDraw = False
796.4636 	EXP 	line2: autoDraw = False
796.4636 	EXP 	line3: autoDraw = False
796.4636 	EXP 	line4: autoDraw = False
796.4636 	EXP 	probe: autoDraw = False
796.6140 	EXP 	Device response: <KeyPress from None: t=793.8707777999953, value=v, duration=2.730348800003412>
797.4466 	EXP 	fixation: autoDraw = True
797.4466 	EXP 	line1: autoDraw = True
797.4466 	EXP 	line2: autoDraw = True
797.4466 	EXP 	line3: autoDraw = True
797.4466 	EXP 	line4: autoDraw = True
798.4475 	INFO 	Keyboard events cleared
798.4473 	EXP 	fixation: autoDraw = False
798.4473 	EXP 	probe: autoDraw = True
798.7974 	EXP 	Device response: <KeyPress from None: t=798.7841962999955, value=c, duration=None>
798.7978 	EXP 	New trial (rep=29, index=126): <Trial 126 (126 in rep 29) data={'pos': 50, 'corr_resp': 'c', 'thisN': 126, 'thisTrialN': 126, 'thisRepN': 29}>
798.7990 	DATA 	Keypress: c
798.8139 	EXP 	fixation: autoDraw = False
798.8139 	EXP 	line1: autoDraw = False
798.8139 	EXP 	line2: autoDraw = False
798.8139 	EXP 	line3: autoDraw = False
798.8139 	EXP 	line4: autoDraw = False
798.8139 	EXP 	probe: autoDraw = False
798.8821 	EXP 	Device response: <KeyPress from None: t=798.7841962999955, value=c, duration=0.09613649999664631>
799.8143 	EXP 	fixation: autoDraw = True
799.8143 	EXP 	line1: autoDraw = True
799.8143 	EXP 	line2: autoDraw = True
799.8143 	EXP 	line3: autoDraw = True
799.8143 	EXP 	line4: autoDraw = True
800.8014 	INFO 	Keyboard events cleared
800.8011 	EXP 	probe: autoDraw = True
800.8169 	EXP 	fixation: autoDraw = False
801.4511 	EXP 	Device response: <KeyPress from None: t=801.439970899999, value=c, duration=None>
801.4521 	EXP 	New trial (rep=30, index=127): <Trial 127 (127 in rep 30) data={'pos': -150, 'corr_resp': 'z', 'thisN': 127, 'thisTrialN': 127, 'thisRepN': 30}>
801.4538 	DATA 	Keypress: c
801.4677 	EXP 	fixation: autoDraw = False
801.4677 	EXP 	line1: autoDraw = False
801.4677 	EXP 	line2: autoDraw = False
801.4677 	EXP 	line3: autoDraw = False
801.4677 	EXP 	line4: autoDraw = False
801.4677 	EXP 	probe: autoDraw = False
801.5518 	EXP 	Device response: <KeyPress from None: t=801.439970899999, value=c, duration=0.10169329999189358>
802.4634 	EXP 	fixation: autoDraw = True
802.4634 	EXP 	line1: autoDraw = True
802.4634 	EXP 	line2: autoDraw = True
802.4634 	EXP 	line3: autoDraw = True
802.4634 	EXP 	line4: autoDraw = True
803.4672 	INFO 	Keyboard events cleared
803.4669 	EXP 	fixation: autoDraw = False
803.4669 	EXP 	probe: autoDraw = True
804.2011 	EXP 	Device response: <KeyPress from None: t=804.1925083999959, value=z, duration=None>
804.2019 	EXP 	New trial (rep=34, index=128): <Trial 128 (128 in rep 34) data={'pos': 150, 'corr_resp': 'v', 'thisN': 128, 'thisTrialN': 128, 'thisRepN': 34}>
804.2044 	DATA 	Keypress: z
804.2170 	EXP 	fixation: autoDraw = False
804.2170 	EXP 	line1: autoDraw = False
804.2170 	EXP 	line2: autoDraw = False
804.2170 	EXP 	line3: autoDraw = False
804.2170 	EXP 	line4: autoDraw = False
804.2170 	EXP 	probe: autoDraw = False
804.3514 	EXP 	Device response: <KeyPress from None: t=791.3833121999924, value=z, duration=12.951626499998383>
805.2172 	EXP 	fixation: autoDraw = True
805.2172 	EXP 	line1: autoDraw = True
805.2172 	EXP 	line2: autoDraw = True
805.2172 	EXP 	line3: autoDraw = True
805.2172 	EXP 	line4: autoDraw = True
806.2148 	INFO 	Keyboard events cleared
806.2146 	EXP 	probe: autoDraw = True
806.2318 	EXP 	fixation: autoDraw = False
806.8491 	DATA 	Keypress: v
806.8643 	EXP 	Device response: <KeyPress from None: t=806.8479331999988, value=v, duration=None>
806.8648 	EXP 	New trial (rep=31, index=129): <Trial 129 (129 in rep 31) data={'pos': -150, 'corr_resp': 'z', 'thisN': 129, 'thisTrialN': 129, 'thisRepN': 31}>
806.8802 	EXP 	fixation: autoDraw = False
806.8802 	EXP 	line1: autoDraw = False
806.8802 	EXP 	line2: autoDraw = False
806.8802 	EXP 	line3: autoDraw = False
806.8802 	EXP 	line4: autoDraw = False
806.8802 	EXP 	probe: autoDraw = False
807.0307 	EXP 	Device response: <KeyPress from None: t=796.4451119000005, value=v, duration=10.5689568999951>
807.8792 	EXP 	fixation: autoDraw = True
807.8792 	EXP 	line1: autoDraw = True
807.8792 	EXP 	line2: autoDraw = True
807.8792 	EXP 	line3: autoDraw = True
807.8792 	EXP 	line4: autoDraw = True
808.8806 	INFO 	Keyboard events cleared
808.8804 	EXP 	fixation: autoDraw = False
808.8804 	EXP 	probe: autoDraw = True
809.4977 	EXP 	Device response: <KeyPress from None: t=809.4966631999996, value=z, duration=None>
809.4986 	EXP 	New trial (rep=33, index=130): <Trial 130 (130 in rep 33) data={'pos': -50, 'corr_resp': 'x', 'thisN': 130, 'thisTrialN': 130, 'thisRepN': 33}>
809.4998 	DATA 	Keypress: z
809.5141 	EXP 	fixation: autoDraw = False
809.5141 	EXP 	line1: autoDraw = False
809.5141 	EXP 	line2: autoDraw = False
809.5141 	EXP 	line3: autoDraw = False
809.5141 	EXP 	line4: autoDraw = False
809.5141 	EXP 	probe: autoDraw = False
809.6799 	EXP 	Device response: <KeyPress from None: t=804.1925083999959, value=z, duration=5.472045699993032>
810.4964 	EXP 	fixation: autoDraw = True
810.4964 	EXP 	line1: autoDraw = True
810.4964 	EXP 	line2: autoDraw = True
810.4964 	EXP 	line3: autoDraw = True
810.4964 	EXP 	line4: autoDraw = True
811.4976 	EXP 	fixation: autoDraw = False
811.5132 	INFO 	Keyboard events cleared
811.5130 	EXP 	probe: autoDraw = True
811.9138 	EXP 	Device response: <KeyPress from None: t=811.9050836999959, value=x, duration=None>
811.9142 	EXP 	New trial (rep=35, index=131): <Trial 131 (131 in rep 35) data={'pos': 150, 'corr_resp': 'v', 'thisN': 131, 'thisTrialN': 131, 'thisRepN': 35}>
811.9155 	DATA 	Keypress: x
811.9303 	EXP 	fixation: autoDraw = False
811.9303 	EXP 	line1: autoDraw = False
811.9303 	EXP 	line2: autoDraw = False
811.9303 	EXP 	line3: autoDraw = False
811.9303 	EXP 	line4: autoDraw = False
811.9303 	EXP 	probe: autoDraw = False
812.0305 	EXP 	Device response: <KeyPress from None: t=811.9050836999959, value=x, duration=0.11363469999923836>
812.9129 	EXP 	fixation: autoDraw = True
812.9129 	EXP 	line1: autoDraw = True
812.9129 	EXP 	line2: autoDraw = True
812.9129 	EXP 	line3: autoDraw = True
812.9129 	EXP 	line4: autoDraw = True
813.9145 	INFO 	Keyboard events cleared
813.9143 	EXP 	fixation: autoDraw = False
813.9143 	EXP 	probe: autoDraw = True
814.4303 	EXP 	Device response: <KeyPress from None: t=814.4203224999947, value=v, duration=None>
814.4307 	EXP 	New trial (rep=30, index=132): <Trial 132 (132 in rep 30) data={'pos': 50, 'corr_resp': 'c', 'thisN': 132, 'thisTrialN': 132, 'thisRepN': 30}>
814.4319 	DATA 	Keypress: v
814.4464 	EXP 	fixation: autoDraw = False
814.4464 	EXP 	line1: autoDraw = False
814.4464 	EXP 	line2: autoDraw = False
814.4464 	EXP 	line3: autoDraw = False
814.4464 	EXP 	line4: autoDraw = False
814.4464 	EXP 	probe: autoDraw = False
814.5645 	EXP 	Device response: <KeyPress from None: t=806.8479331999988, value=v, duration=7.712797300002421>
815.4305 	EXP 	fixation: autoDraw = True
815.4305 	EXP 	line1: autoDraw = True
815.4305 	EXP 	line2: autoDraw = True
815.4305 	EXP 	line3: autoDraw = True
815.4305 	EXP 	line4: autoDraw = True
816.4313 	INFO 	Keyboard events cleared
816.4310 	EXP 	fixation: autoDraw = False
816.4310 	EXP 	probe: autoDraw = True
817.1294 	EXP 	Device response: <KeyPress from None: t=817.1221157999971, value=c, duration=None>
817.1298 	EXP 	New trial (rep=34, index=133): <Trial 133 (133 in rep 34) data={'pos': -50, 'corr_resp': 'x', 'thisN': 133, 'thisTrialN': 133, 'thisRepN': 34}>
817.1309 	DATA 	Keypress: c
817.1465 	EXP 	fixation: autoDraw = False
817.1465 	EXP 	line1: autoDraw = False
817.1465 	EXP 	line2: autoDraw = False
817.1465 	EXP 	line3: autoDraw = False
817.1465 	EXP 	line4: autoDraw = False
817.1465 	EXP 	probe: autoDraw = False
817.2304 	EXP 	Device response: <KeyPress from None: t=817.1221157999971, value=c, duration=0.10031229999731295>
818.1465 	EXP 	fixation: autoDraw = True
818.1465 	EXP 	line1: autoDraw = True
818.1465 	EXP 	line2: autoDraw = True
818.1465 	EXP 	line3: autoDraw = True
818.1465 	EXP 	line4: autoDraw = True
819.1303 	INFO 	Keyboard events cleared
819.1302 	EXP 	probe: autoDraw = True
819.1471 	EXP 	fixation: autoDraw = False
820.0976 	EXP 	Device response: <KeyPress from None: t=820.0941956999886, value=x, duration=None>
820.0980 	EXP 	New trial (rep=36, index=134): <Trial 134 (134 in rep 36) data={'pos': 150, 'corr_resp': 'v', 'thisN': 134, 'thisTrialN': 134, 'thisRepN': 36}>
820.0992 	DATA 	Keypress: x
820.1131 	EXP 	fixation: autoDraw = False
820.1131 	EXP 	line1: autoDraw = False
820.1131 	EXP 	line2: autoDraw = False
820.1131 	EXP 	line3: autoDraw = False
820.1131 	EXP 	line4: autoDraw = False
820.1131 	EXP 	probe: autoDraw = False
820.2313 	EXP 	Device response: <KeyPress from None: t=820.0941956999886, value=x, duration=0.12309649999951944>
821.1134 	EXP 	fixation: autoDraw = True
821.1134 	EXP 	line1: autoDraw = True
821.1134 	EXP 	line2: autoDraw = True
821.1134 	EXP 	line3: autoDraw = True
821.1134 	EXP 	line4: autoDraw = True
822.1112 	INFO 	Keyboard events cleared
822.1110 	EXP 	probe: autoDraw = True
822.1278 	EXP 	fixation: autoDraw = False
823.0803 	EXP 	Device response: <KeyPress from None: t=823.0750459999981, value=v, duration=None>
823.0807 	EXP 	New trial (rep=32, index=135): <Trial 135 (135 in rep 32) data={'pos': -150, 'corr_resp': 'z', 'thisN': 135, 'thisTrialN': 135, 'thisRepN': 32}>
823.0822 	DATA 	Keypress: v
823.0973 	EXP 	fixation: autoDraw = False
823.0973 	EXP 	line1: autoDraw = False
823.0973 	EXP 	line2: autoDraw = False
823.0973 	EXP 	line3: autoDraw = False
823.0973 	EXP 	line4: autoDraw = False
823.0973 	EXP 	probe: autoDraw = False
823.2469 	EXP 	Device response: <KeyPress from None: t=814.4203224999947, value=v, duration=8.820206899996265>
824.1007 	EXP 	fixation: autoDraw = True
824.1007 	EXP 	line1: autoDraw = True
824.1007 	EXP 	line2: autoDraw = True
824.1007 	EXP 	line3: autoDraw = True
824.1007 	EXP 	line4: autoDraw = True
825.0804 	INFO 	Keyboard events cleared
825.0802 	EXP 	probe: autoDraw = True
825.1135 	EXP 	fixation: autoDraw = False
825.8660 	EXP 	Device response: <KeyPress from None: t=825.8528420999937, value=c, duration=None>
825.8665 	EXP 	New trial (rep=31, index=136): <Trial 136 (136 in rep 31) data={'pos': 50, 'corr_resp': 'c', 'thisN': 136, 'thisTrialN': 136, 'thisRepN': 31}>
825.8683 	DATA 	Keypress: c
825.8817 	EXP 	fixation: autoDraw = False
825.8817 	EXP 	line1: autoDraw = False
825.8817 	EXP 	line2: autoDraw = False
825.8817 	EXP 	line3: autoDraw = False
825.8817 	EXP 	line4: autoDraw = False
825.8817 	EXP 	probe: autoDraw = False
826.0189 	EXP 	Device response: <KeyPress from None: t=825.8528420999937, value=c, duration=0.15946740000799764>
826.8803 	EXP 	fixation: autoDraw = True
826.8803 	EXP 	line1: autoDraw = True
826.8803 	EXP 	line2: autoDraw = True
826.8803 	EXP 	line3: autoDraw = True
826.8803 	EXP 	line4: autoDraw = True
827.8776 	INFO 	Keyboard events cleared
827.8775 	EXP 	probe: autoDraw = True
827.8943 	EXP 	fixation: autoDraw = False
828.4290 	EXP 	Device response: <KeyPress from None: t=828.4149177999934, value=c, duration=None>
828.4293 	EXP 	New trial (rep=35, index=137): <Trial 137 (137 in rep 35) data={'pos': -50, 'corr_resp': 'x', 'thisN': 137, 'thisTrialN': 137, 'thisRepN': 35}>
828.4305 	DATA 	Keypress: c
828.4452 	EXP 	fixation: autoDraw = False
828.4452 	EXP 	line1: autoDraw = False
828.4452 	EXP 	line2: autoDraw = False
828.4452 	EXP 	line3: autoDraw = False
828.4452 	EXP 	line4: autoDraw = False
828.4452 	EXP 	probe: autoDraw = False
828.5974 	EXP 	Device response: <KeyPress from None: t=828.4149177999934, value=c, duration=0.16653479999513365>
829.4331 	EXP 	fixation: autoDraw = True
829.4331 	EXP 	line1: autoDraw = True
829.4331 	EXP 	line2: autoDraw = True
829.4331 	EXP 	line3: autoDraw = True
829.4331 	EXP 	line4: autoDraw = True
830.4301 	INFO 	Keyboard events cleared
830.4299 	EXP 	probe: autoDraw = True
830.4472 	EXP 	fixation: autoDraw = False
830.8958 	EXP 	Device response: <KeyPress from None: t=830.8912876999966, value=x, duration=None>
830.8962 	EXP 	New trial (rep=37, index=138): <Trial 138 (138 in rep 37) data={'pos': 150, 'corr_resp': 'v', 'thisN': 138, 'thisTrialN': 138, 'thisRepN': 37}>
830.8976 	DATA 	Keypress: x
830.9131 	EXP 	fixation: autoDraw = False
830.9131 	EXP 	line1: autoDraw = False
830.9131 	EXP 	line2: autoDraw = False
830.9131 	EXP 	line3: autoDraw = False
830.9131 	EXP 	line4: autoDraw = False
830.9131 	EXP 	probe: autoDraw = False
831.0308 	EXP 	Device response: <KeyPress from None: t=830.8912876999966, value=x, duration=0.13470239999878686>
831.8976 	EXP 	fixation: autoDraw = True
831.8976 	EXP 	line1: autoDraw = True
831.8976 	EXP 	line2: autoDraw = True
831.8976 	EXP 	line3: autoDraw = True
831.8976 	EXP 	line4: autoDraw = True
832.9003 	INFO 	Keyboard events cleared
832.9001 	EXP 	fixation: autoDraw = False
832.9001 	EXP 	probe: autoDraw = True
833.8150 	EXP 	Device response: <KeyPress from None: t=833.8123410999979, value=v, duration=None>
833.8155 	EXP 	New trial (rep=38, index=139): <Trial 139 (139 in rep 38) data={'pos': 150, 'corr_resp': 'v', 'thisN': 139, 'thisTrialN': 139, 'thisRepN': 38}>
833.8170 	DATA 	Keypress: v
833.8305 	EXP 	fixation: autoDraw = False
833.8305 	EXP 	line1: autoDraw = False
833.8305 	EXP 	line2: autoDraw = False
833.8305 	EXP 	line3: autoDraw = False
833.8305 	EXP 	line4: autoDraw = False
833.8305 	EXP 	probe: autoDraw = False
834.0007 	EXP 	Device response: <KeyPress from None: t=823.0750459999981, value=v, duration=10.914462999993702>
834.8170 	EXP 	fixation: autoDraw = True
834.8170 	EXP 	line1: autoDraw = True
834.8170 	EXP 	line2: autoDraw = True
834.8170 	EXP 	line3: autoDraw = True
834.8170 	EXP 	line4: autoDraw = True
835.8300 	INFO 	Keyboard events cleared
835.8298 	EXP 	fixation: autoDraw = False
835.8298 	EXP 	probe: autoDraw = True
836.3483 	EXP 	Device response: <KeyPress from None: t=836.3479582, value=v, duration=None>
836.3487 	EXP 	New trial (rep=32, index=140): <Trial 140 (140 in rep 32) data={'pos': 50, 'corr_resp': 'c', 'thisN': 140, 'thisTrialN': 140, 'thisRepN': 32}>
836.3500 	DATA 	Keypress: v
836.3631 	EXP 	fixation: autoDraw = False
836.3631 	EXP 	line1: autoDraw = False
836.3631 	EXP 	line2: autoDraw = False
836.3631 	EXP 	line3: autoDraw = False
836.3631 	EXP 	line4: autoDraw = False
836.3631 	EXP 	probe: autoDraw = False
836.5466 	EXP 	Device response: <KeyPress from None: t=833.8123410999979, value=v, duration=2.723651299995254>
837.3634 	EXP 	fixation: autoDraw = True
837.3634 	EXP 	line1: autoDraw = True
837.3634 	EXP 	line2: autoDraw = True
837.3634 	EXP 	line3: autoDraw = True
837.3634 	EXP 	line4: autoDraw = True
838.3646 	INFO 	Keyboard events cleared
838.3644 	EXP 	fixation: autoDraw = False
838.3644 	EXP 	probe: autoDraw = True
838.7639 	EXP 	Device response: <KeyPress from None: t=838.7590686999902, value=c, duration=None>
838.7644 	EXP 	New trial (rep=36, index=141): <Trial 141 (141 in rep 36) data={'pos': -50, 'corr_resp': 'x', 'thisN': 141, 'thisTrialN': 141, 'thisRepN': 36}>
838.7659 	DATA 	Keypress: c
838.7796 	EXP 	fixation: autoDraw = False
838.7796 	EXP 	line1: autoDraw = False
838.7796 	EXP 	line2: autoDraw = False
838.7796 	EXP 	line3: autoDraw = False
838.7796 	EXP 	line4: autoDraw = False
838.7796 	EXP 	probe: autoDraw = False
838.8971 	EXP 	Device response: <KeyPress from None: t=838.7590686999902, value=c, duration=0.1325070000020787>
839.7806 	EXP 	fixation: autoDraw = True
839.7806 	EXP 	line1: autoDraw = True
839.7806 	EXP 	line2: autoDraw = True
839.7806 	EXP 	line3: autoDraw = True
839.7806 	EXP 	line4: autoDraw = True
840.7638 	INFO 	Keyboard events cleared
840.7636 	EXP 	probe: autoDraw = True
840.7793 	EXP 	fixation: autoDraw = False
841.3809 	EXP 	Device response: <KeyPress from None: t=841.3674553999881, value=x, duration=None>
841.3813 	EXP 	New trial (rep=33, index=142): <Trial 142 (142 in rep 33) data={'pos': -150, 'corr_resp': 'z', 'thisN': 142, 'thisTrialN': 142, 'thisRepN': 33}>
841.3828 	DATA 	Keypress: x
841.3958 	EXP 	fixation: autoDraw = False
841.3958 	EXP 	line1: autoDraw = False
841.3958 	EXP 	line2: autoDraw = False
841.3958 	EXP 	line3: autoDraw = False
841.3958 	EXP 	line4: autoDraw = False
841.3958 	EXP 	probe: autoDraw = False
841.5145 	EXP 	Device response: <KeyPress from None: t=841.3674553999881, value=x, duration=0.1455073000106495>
842.3780 	EXP 	fixation: autoDraw = True
842.3780 	EXP 	line1: autoDraw = True
842.3780 	EXP 	line2: autoDraw = True
842.3780 	EXP 	line3: autoDraw = True
842.3780 	EXP 	line4: autoDraw = True
843.3799 	EXP 	fixation: autoDraw = False
843.3970 	INFO 	Keyboard events cleared
843.3968 	EXP 	probe: autoDraw = True
843.6314 	EXP 	Device response: <KeyPress from None: t=843.6303856000013, value=z, duration=None>
843.6318 	EXP 	New trial (rep=39, index=143): <Trial 143 (143 in rep 39) data={'pos': 150, 'corr_resp': 'v', 'thisN': 143, 'thisTrialN': 143, 'thisRepN': 39}>
843.6330 	DATA 	Keypress: z
843.6466 	EXP 	fixation: autoDraw = False
843.6466 	EXP 	line1: autoDraw = False
843.6466 	EXP 	line2: autoDraw = False
843.6466 	EXP 	line3: autoDraw = False
843.6466 	EXP 	line4: autoDraw = False
843.6466 	EXP 	probe: autoDraw = False
843.7633 	EXP 	Device response: <KeyPress from None: t=809.4966631999996, value=z, duration=34.26485649999813>
844.6461 	EXP 	fixation: autoDraw = True
844.6461 	EXP 	line1: autoDraw = True
844.6461 	EXP 	line2: autoDraw = True
844.6461 	EXP 	line3: autoDraw = True
844.6461 	EXP 	line4: autoDraw = True
845.6302 	INFO 	Keyboard events cleared
845.6300 	EXP 	probe: autoDraw = True
845.6460 	EXP 	fixation: autoDraw = False
845.9490 	DATA 	Keypress: x
845.9635 	EXP 	Device response: <KeyPress from None: t=845.9474259999988, value=x, duration=None>
845.9639 	EXP 	New trial (rep=33, index=144): <Trial 144 (144 in rep 33) data={'pos': 50, 'corr_resp': 'c', 'thisN': 144, 'thisTrialN': 144, 'thisRepN': 33}>
845.9797 	EXP 	fixation: autoDraw = False
845.9797 	EXP 	line1: autoDraw = False
845.9797 	EXP 	line2: autoDraw = False
845.9797 	EXP 	line3: autoDraw = False
845.9797 	EXP 	line4: autoDraw = False
845.9797 	EXP 	probe: autoDraw = False
846.0465 	EXP 	Device response: <KeyPress from None: t=845.9474259999988, value=x, duration=0.09399839999969117>
846.9630 	EXP 	fixation: autoDraw = True
846.9630 	EXP 	line1: autoDraw = True
846.9630 	EXP 	line2: autoDraw = True
846.9630 	EXP 	line3: autoDraw = True
846.9630 	EXP 	line4: autoDraw = True
847.9632 	INFO 	Keyboard events cleared
847.9630 	EXP 	fixation: autoDraw = False
847.9630 	EXP 	probe: autoDraw = True
848.5968 	EXP 	Device response: <KeyPress from None: t=848.5865807999944, value=x, duration=None>
848.5972 	EXP 	New trial (rep=40, index=145): <Trial 145 (145 in rep 40) data={'pos': 150, 'corr_resp': 'v', 'thisN': 145, 'thisTrialN': 145, 'thisRepN': 40}>
848.5985 	DATA 	Keypress: x
848.6129 	EXP 	fixation: autoDraw = False
848.6129 	EXP 	line1: autoDraw = False
848.6129 	EXP 	line2: autoDraw = False
848.6129 	EXP 	line3: autoDraw = False
848.6129 	EXP 	line4: autoDraw = False
848.6129 	EXP 	probe: autoDraw = False
848.7469 	EXP 	Device response: <KeyPress from None: t=848.5865807999944, value=x, duration=0.15200529999856371>
849.6131 	EXP 	fixation: autoDraw = True
849.6131 	EXP 	line1: autoDraw = True
849.6131 	EXP 	line2: autoDraw = True
849.6131 	EXP 	line3: autoDraw = True
849.6131 	EXP 	line4: autoDraw = True
850.5966 	INFO 	Keyboard events cleared
850.5964 	EXP 	probe: autoDraw = True
850.6128 	EXP 	fixation: autoDraw = False
851.0135 	EXP 	Device response: <KeyPress from None: t=851.0080235999922, value=c, duration=None>
851.0139 	EXP 	New trial (rep=37, index=146): <Trial 146 (146 in rep 37) data={'pos': -50, 'corr_resp': 'x', 'thisN': 146, 'thisTrialN': 146, 'thisRepN': 37}>
851.0151 	DATA 	Keypress: c
851.0295 	EXP 	fixation: autoDraw = False
851.0295 	EXP 	line1: autoDraw = False
851.0295 	EXP 	line2: autoDraw = False
851.0295 	EXP 	line3: autoDraw = False
851.0295 	EXP 	line4: autoDraw = False
851.0295 	EXP 	probe: autoDraw = False
851.1800 	EXP 	Device response: <KeyPress from None: t=851.0080235999922, value=c, duration=0.16134180000517517>
852.0272 	EXP 	fixation: autoDraw = True
852.0272 	EXP 	line1: autoDraw = True
852.0272 	EXP 	line2: autoDraw = True
852.0272 	EXP 	line3: autoDraw = True
852.0272 	EXP 	line4: autoDraw = True
853.0299 	INFO 	Keyboard events cleared
853.0297 	EXP 	fixation: autoDraw = False
853.0297 	EXP 	probe: autoDraw = True
853.3640 	EXP 	Device response: <KeyPress from None: t=853.3598196999956, value=c, duration=None>
853.3644 	EXP 	New trial (rep=34, index=147): <Trial 147 (147 in rep 34) data={'pos': -150, 'corr_resp': 'z', 'thisN': 147, 'thisTrialN': 147, 'thisRepN': 34}>
853.3656 	DATA 	Keypress: c
853.3795 	EXP 	fixation: autoDraw = False
853.3795 	EXP 	line1: autoDraw = False
853.3795 	EXP 	line2: autoDraw = False
853.3795 	EXP 	line3: autoDraw = False
853.3795 	EXP 	line4: autoDraw = False
853.3795 	EXP 	probe: autoDraw = False
853.4944 	EXP 	Device response: <KeyPress from None: t=853.3598196999956, value=c, duration=0.12124680000124499>
854.3809 	EXP 	fixation: autoDraw = True
854.3809 	EXP 	line1: autoDraw = True
854.3809 	EXP 	line2: autoDraw = True
854.3809 	EXP 	line3: autoDraw = True
854.3809 	EXP 	line4: autoDraw = True
855.3800 	INFO 	Keyboard events cleared
855.3798 	EXP 	fixation: autoDraw = False
855.3798 	EXP 	probe: autoDraw = True
855.7793 	EXP 	Device response: <KeyPress from None: t=855.7674122000026, value=x, duration=None>
855.7797 	EXP 	New trial (rep=38, index=148): <Trial 148 (148 in rep 38) data={'pos': -50, 'corr_resp': 'x', 'thisN': 148, 'thisTrialN': 148, 'thisRepN': 38}>
855.7810 	DATA 	Keypress: x
855.7961 	EXP 	fixation: autoDraw = False
855.7961 	EXP 	line1: autoDraw = False
855.7961 	EXP 	line2: autoDraw = False
855.7961 	EXP 	line3: autoDraw = False
855.7961 	EXP 	line4: autoDraw = False
855.7961 	EXP 	probe: autoDraw = False
855.9304 	EXP 	Device response: <KeyPress from None: t=855.7674122000026, value=x, duration=0.16029419998812955>
856.7834 	EXP 	fixation: autoDraw = True
856.7834 	EXP 	line1: autoDraw = True
856.7834 	EXP 	line2: autoDraw = True
856.7834 	EXP 	line3: autoDraw = True
856.7834 	EXP 	line4: autoDraw = True
857.7800 	INFO 	Keyboard events cleared
857.7799 	EXP 	fixation: autoDraw = False
857.7799 	EXP 	probe: autoDraw = True
858.4464 	EXP 	Device response: <KeyPress from None: t=858.4415670000017, value=x, duration=None>
858.4470 	EXP 	New trial (rep=34, index=149): <Trial 149 (149 in rep 34) data={'pos': 50, 'corr_resp': 'c', 'thisN': 149, 'thisTrialN': 149, 'thisRepN': 34}>
858.4482 	DATA 	Keypress: x
858.4628 	EXP 	fixation: autoDraw = False
858.4628 	EXP 	line1: autoDraw = False
858.4628 	EXP 	line2: autoDraw = False
858.4628 	EXP 	line3: autoDraw = False
858.4628 	EXP 	line4: autoDraw = False
858.4628 	EXP 	probe: autoDraw = False
858.5974 	EXP 	Device response: <KeyPress from None: t=858.4415670000017, value=x, duration=0.14638609999383334>
859.4459 	EXP 	fixation: autoDraw = True
859.4459 	EXP 	line1: autoDraw = True
859.4459 	EXP 	line2: autoDraw = True
859.4459 	EXP 	line3: autoDraw = True
859.4459 	EXP 	line4: autoDraw = True
860.4468 	INFO 	Keyboard events cleared
860.4466 	EXP 	fixation: autoDraw = False
860.4466 	EXP 	probe: autoDraw = True
861.3218 	EXP 	Device response: <KeyPress from None: t=861.312909100001, value=c, duration=None>
861.3221 	EXP 	New trial (rep=35, index=150): <Trial 150 (150 in rep 35) data={'pos': 50, 'corr_resp': 'c', 'thisN': 150, 'thisTrialN': 150, 'thisRepN': 35}>
861.3229 	DATA 	Keypress: c
861.3372 	EXP 	fixation: autoDraw = False
861.3372 	EXP 	line1: autoDraw = False
861.3372 	EXP 	line2: autoDraw = False
861.3372 	EXP 	line3: autoDraw = False
861.3372 	EXP 	line4: autoDraw = False
861.3372 	EXP 	probe: autoDraw = False
861.4729 	EXP 	Device response: <KeyPress from None: t=861.312909100001, value=c, duration=0.14965429999574553>
862.3361 	EXP 	fixation: autoDraw = True
862.3361 	EXP 	line1: autoDraw = True
862.3361 	EXP 	line2: autoDraw = True
862.3361 	EXP 	line3: autoDraw = True
862.3361 	EXP 	line4: autoDraw = True
862.5037 	DATA 	Mouse: wheel shift=(0,0), pos=(437,687)
862.5117 	DATA 	Mouse: wheel shift=(0,0), pos=(437,687)
862.5455 	DATA 	Mouse: wheel shift=(0,0), pos=(437,687)
863.3210 	INFO 	Keyboard events cleared
863.3208 	EXP 	probe: autoDraw = True
863.3380 	EXP 	fixation: autoDraw = False
864.1224 	EXP 	Device response: <KeyPress from None: t=864.1179066999903, value=c, duration=None>
864.1228 	EXP 	New trial (rep=36, index=151): <Trial 151 (151 in rep 36) data={'pos': 50, 'corr_resp': 'c', 'thisN': 151, 'thisTrialN': 151, 'thisRepN': 36}>
864.1240 	DATA 	Keypress: c
864.1378 	EXP 	fixation: autoDraw = False
864.1378 	EXP 	line1: autoDraw = False
864.1378 	EXP 	line2: autoDraw = False
864.1378 	EXP 	line3: autoDraw = False
864.1378 	EXP 	line4: autoDraw = False
864.1378 	EXP 	probe: autoDraw = False
864.2380 	EXP 	Device response: <KeyPress from None: t=864.1179066999903, value=c, duration=0.11373620000085793>
865.1376 	EXP 	fixation: autoDraw = True
865.1376 	EXP 	line1: autoDraw = True
865.1376 	EXP 	line2: autoDraw = True
865.1376 	EXP 	line3: autoDraw = True
865.1376 	EXP 	line4: autoDraw = True
866.1390 	INFO 	Keyboard events cleared
866.1389 	EXP 	fixation: autoDraw = False
866.1389 	EXP 	probe: autoDraw = True
866.8898 	EXP 	Device response: <KeyPress from None: t=866.8879735999944, value=c, duration=None>
866.8903 	EXP 	New trial (rep=39, index=152): <Trial 152 (152 in rep 39) data={'pos': -50, 'corr_resp': 'x', 'thisN': 152, 'thisTrialN': 152, 'thisRepN': 39}>
866.8918 	DATA 	Keypress: c
866.9049 	EXP 	fixation: autoDraw = False
866.9049 	EXP 	line1: autoDraw = False
866.9049 	EXP 	line2: autoDraw = False
866.9049 	EXP 	line3: autoDraw = False
866.9049 	EXP 	line4: autoDraw = False
866.9049 	EXP 	probe: autoDraw = False
867.0529 	EXP 	Device response: <KeyPress from None: t=866.8879735999944, value=c, duration=0.14957670000148937>
867.9045 	EXP 	fixation: autoDraw = True
867.9045 	EXP 	line1: autoDraw = True
867.9045 	EXP 	line2: autoDraw = True
867.9045 	EXP 	line3: autoDraw = True
867.9045 	EXP 	line4: autoDraw = True
868.9049 	INFO 	Keyboard events cleared
868.9047 	EXP 	fixation: autoDraw = False
868.9047 	EXP 	probe: autoDraw = True
869.6396 	EXP 	Device response: <KeyPress from None: t=869.6275995999895, value=x, duration=None>
869.6400 	EXP 	New trial (rep=41, index=153): <Trial 153 (153 in rep 41) data={'pos': 150, 'corr_resp': 'v', 'thisN': 153, 'thisTrialN': 153, 'thisRepN': 41}>
869.6415 	DATA 	Keypress: x
869.6543 	EXP 	fixation: autoDraw = False
869.6543 	EXP 	line1: autoDraw = False
869.6543 	EXP 	line2: autoDraw = False
869.6543 	EXP 	line3: autoDraw = False
869.6543 	EXP 	line4: autoDraw = False
869.6543 	EXP 	probe: autoDraw = False
869.7226 	EXP 	Device response: <KeyPress from None: t=869.6275995999895, value=x, duration=0.09300800001074094>
870.6548 	EXP 	fixation: autoDraw = True
870.6548 	EXP 	line1: autoDraw = True
870.6548 	EXP 	line2: autoDraw = True
870.6548 	EXP 	line3: autoDraw = True
870.6548 	EXP 	line4: autoDraw = True
871.6546 	INFO 	Keyboard events cleared
871.6544 	EXP 	fixation: autoDraw = False
871.6544 	EXP 	probe: autoDraw = True
873.0051 	EXP 	Device response: <KeyPress from None: t=872.9997442000022, value=v, duration=None>
873.0055 	EXP 	New trial (rep=37, index=154): <Trial 154 (154 in rep 37) data={'pos': 50, 'corr_resp': 'c', 'thisN': 154, 'thisTrialN': 154, 'thisRepN': 37}>
873.0070 	DATA 	Keypress: v
873.0216 	EXP 	fixation: autoDraw = False
873.0216 	EXP 	line1: autoDraw = False
873.0216 	EXP 	line2: autoDraw = False
873.0216 	EXP 	line3: autoDraw = False
873.0216 	EXP 	line4: autoDraw = False
873.0216 	EXP 	probe: autoDraw = False
873.1554 	EXP 	Device response: <KeyPress from None: t=836.3479582, value=v, duration=36.79271009999502>
874.0074 	EXP 	fixation: autoDraw = True
874.0074 	EXP 	line1: autoDraw = True
874.0074 	EXP 	line2: autoDraw = True
874.0074 	EXP 	line3: autoDraw = True
874.0074 	EXP 	line4: autoDraw = True
875.0081 	INFO 	Keyboard events cleared
875.0078 	EXP 	fixation: autoDraw = False
875.0078 	EXP 	probe: autoDraw = True
875.3893 	EXP 	Device response: <KeyPress from None: t=875.3855222999991, value=c, duration=None>
875.3898 	EXP 	New trial (rep=35, index=155): <Trial 155 (155 in rep 35) data={'pos': -150, 'corr_resp': 'z', 'thisN': 155, 'thisTrialN': 155, 'thisRepN': 35}>
875.3912 	DATA 	Keypress: c
875.4046 	EXP 	fixation: autoDraw = False
875.4046 	EXP 	line1: autoDraw = False
875.4046 	EXP 	line2: autoDraw = False
875.4046 	EXP 	line3: autoDraw = False
875.4046 	EXP 	line4: autoDraw = False
875.4046 	EXP 	probe: autoDraw = False
875.5218 	EXP 	Device response: <KeyPress from None: t=875.3855222999991, value=c, duration=0.12100129999453202>
876.4049 	EXP 	fixation: autoDraw = True
876.4049 	EXP 	line1: autoDraw = True
876.4049 	EXP 	line2: autoDraw = True
876.4049 	EXP 	line3: autoDraw = True
876.4049 	EXP 	line4: autoDraw = True
877.3878 	INFO 	Keyboard events cleared
877.3876 	EXP 	probe: autoDraw = True
877.4042 	EXP 	fixation: autoDraw = False
877.6714 	EXP 	Device response: <KeyPress from None: t=877.6637889999984, value=c, duration=None>
877.6718 	EXP 	New trial (rep=42, index=156): <Trial 156 (156 in rep 42) data={'pos': 150, 'corr_resp': 'v', 'thisN': 156, 'thisTrialN': 156, 'thisRepN': 42}>
877.6731 	DATA 	Keypress: c
877.6881 	EXP 	fixation: autoDraw = False
877.6881 	EXP 	line1: autoDraw = False
877.6881 	EXP 	line2: autoDraw = False
877.6881 	EXP 	line3: autoDraw = False
877.6881 	EXP 	line4: autoDraw = False
877.6881 	EXP 	probe: autoDraw = False
877.7717 	EXP 	Device response: <KeyPress from None: t=877.6637889999984, value=c, duration=0.09132059999683406>
878.6715 	EXP 	fixation: autoDraw = True
878.6715 	EXP 	line1: autoDraw = True
878.6715 	EXP 	line2: autoDraw = True
878.6715 	EXP 	line3: autoDraw = True
878.6715 	EXP 	line4: autoDraw = True
879.6715 	INFO 	Keyboard events cleared
879.6713 	EXP 	fixation: autoDraw = False
879.6713 	EXP 	probe: autoDraw = True
879.8052 	EXP 	Device response: <KeyPress from None: t=879.8047925999999, value=x, duration=None>
879.8056 	EXP 	New trial (rep=43, index=157): <Trial 157 (157 in rep 43) data={'pos': 150, 'corr_resp': 'v', 'thisN': 157, 'thisTrialN': 157, 'thisRepN': 43}>
879.8068 	DATA 	Keypress: x
879.8213 	EXP 	fixation: autoDraw = False
879.8213 	EXP 	line1: autoDraw = False
879.8213 	EXP 	line2: autoDraw = False
879.8213 	EXP 	line3: autoDraw = False
879.8213 	EXP 	line4: autoDraw = False
879.8213 	EXP 	probe: autoDraw = False
879.9561 	EXP 	Device response: <KeyPress from None: t=879.8047925999999, value=x, duration=0.14116410000133328>
880.8076 	EXP 	fixation: autoDraw = True
880.8076 	EXP 	line1: autoDraw = True
880.8076 	EXP 	line2: autoDraw = True
880.8076 	EXP 	line3: autoDraw = True
880.8076 	EXP 	line4: autoDraw = True
881.7085 	EXP 	Device response: <KeyPress from None: t=881.7057824999938, value=x, duration=None>
881.7122 	DATA 	Keypress: x
881.8049 	INFO 	Keyboard events cleared
881.8048 	EXP 	probe: autoDraw = True
881.8213 	EXP 	fixation: autoDraw = False
881.8886 	EXP 	Device response: <KeyPress from None: t=881.7057824999938, value=x, duration=0.17690150000271387>
882.5219 	EXP 	Device response: <KeyPress from None: t=882.5150649999996, value=v, duration=None>
882.5223 	EXP 	New trial (rep=36, index=158): <Trial 158 (158 in rep 36) data={'pos': -150, 'corr_resp': 'z', 'thisN': 158, 'thisTrialN': 158, 'thisRepN': 36}>
882.5236 	DATA 	Keypress: v
882.5382 	EXP 	fixation: autoDraw = False
882.5382 	EXP 	line1: autoDraw = False
882.5382 	EXP 	line2: autoDraw = False
882.5382 	EXP 	line3: autoDraw = False
882.5382 	EXP 	line4: autoDraw = False
882.5382 	EXP 	probe: autoDraw = False
882.7389 	EXP 	Device response: <KeyPress from None: t=872.9997442000022, value=v, duration=9.730455899989465>
883.5352 	EXP 	fixation: autoDraw = True
883.5352 	EXP 	line1: autoDraw = True
883.5352 	EXP 	line2: autoDraw = True
883.5352 	EXP 	line3: autoDraw = True
883.5352 	EXP 	line4: autoDraw = True
884.5220 	INFO 	Keyboard events cleared
884.5218 	EXP 	probe: autoDraw = True
884.5386 	EXP 	fixation: autoDraw = False
884.9884 	EXP 	Device response: <KeyPress from None: t=884.9768318999995, value=z, duration=None>
884.9888 	EXP 	New trial (rep=40, index=159): <Trial 159 (159 in rep 40) data={'pos': -50, 'corr_resp': 'x', 'thisN': 159, 'thisTrialN': 159, 'thisRepN': 40}>
884.9901 	DATA 	Keypress: z
885.0051 	EXP 	fixation: autoDraw = False
885.0051 	EXP 	line1: autoDraw = False
885.0051 	EXP 	line2: autoDraw = False
885.0051 	EXP 	line3: autoDraw = False
885.0051 	EXP 	line4: autoDraw = False
885.0051 	EXP 	probe: autoDraw = False
885.1379 	EXP 	Device response: <KeyPress from None: t=843.6303856000013, value=z, duration=41.50213619999704>
885.9883 	EXP 	fixation: autoDraw = True
885.9883 	EXP 	line1: autoDraw = True
885.9883 	EXP 	line2: autoDraw = True
885.9883 	EXP 	line3: autoDraw = True
885.9883 	EXP 	line4: autoDraw = True
886.9883 	INFO 	Keyboard events cleared
886.9881 	EXP 	fixation: autoDraw = False
886.9881 	EXP 	probe: autoDraw = True
887.5217 	EXP 	Device response: <KeyPress from None: t=887.5183135999978, value=x, duration=None>
887.5221 	EXP 	New trial (rep=41, index=160): <Trial 160 (160 in rep 41) data={'pos': -50, 'corr_resp': 'x', 'thisN': 160, 'thisTrialN': 160, 'thisRepN': 41}>
887.5233 	DATA 	Keypress: x
887.5377 	EXP 	fixation: autoDraw = False
887.5377 	EXP 	line1: autoDraw = False
887.5377 	EXP 	line2: autoDraw = False
887.5377 	EXP 	line3: autoDraw = False
887.5377 	EXP 	line4: autoDraw = False
887.5377 	EXP 	probe: autoDraw = False
887.6760 	EXP 	Device response: <KeyPress from None: t=887.5183135999978, value=x, duration=0.14560989999154117>
888.5212 	EXP 	fixation: autoDraw = True
888.5212 	EXP 	line1: autoDraw = True
888.5212 	EXP 	line2: autoDraw = True
888.5212 	EXP 	line3: autoDraw = True
888.5212 	EXP 	line4: autoDraw = True
889.5217 	EXP 	fixation: autoDraw = False
889.5372 	INFO 	Keyboard events cleared
889.5370 	EXP 	probe: autoDraw = True
889.9905 	DATA 	Keypress: x
890.0044 	EXP 	Device response: <KeyPress from None: t=889.9888455999899, value=x, duration=None>
890.0048 	EXP 	New trial (rep=38, index=161): <Trial 161 (161 in rep 38) data={'pos': 50, 'corr_resp': 'c', 'thisN': 161, 'thisTrialN': 161, 'thisRepN': 38}>
890.0210 	EXP 	fixation: autoDraw = False
890.0210 	EXP 	line1: autoDraw = False
890.0210 	EXP 	line2: autoDraw = False
890.0210 	EXP 	line3: autoDraw = False
890.0210 	EXP 	line4: autoDraw = False
890.0210 	EXP 	probe: autoDraw = False
890.1878 	EXP 	Device response: <KeyPress from None: t=889.9888455999899, value=x, duration=0.19394420000026003>
891.0198 	EXP 	fixation: autoDraw = True
891.0198 	EXP 	line1: autoDraw = True
891.0198 	EXP 	line2: autoDraw = True
891.0198 	EXP 	line3: autoDraw = True
891.0198 	EXP 	line4: autoDraw = True
892.0050 	INFO 	Keyboard events cleared
892.0048 	EXP 	probe: autoDraw = True
892.0208 	EXP 	fixation: autoDraw = False
892.5554 	EXP 	Device response: <KeyPress from None: t=892.5462977999996, value=c, duration=None>
892.5558 	EXP 	New trial (rep=37, index=162): <Trial 162 (162 in rep 37) data={'pos': -150, 'corr_resp': 'z', 'thisN': 162, 'thisTrialN': 162, 'thisRepN': 37}>
892.5571 	DATA 	Keypress: c
892.5716 	EXP 	fixation: autoDraw = False
892.5716 	EXP 	line1: autoDraw = False
892.5716 	EXP 	line2: autoDraw = False
892.5716 	EXP 	line3: autoDraw = False
892.5716 	EXP 	line4: autoDraw = False
892.5716 	EXP 	probe: autoDraw = False
892.7562 	EXP 	Device response: <KeyPress from None: t=892.5462977999996, value=c, duration=0.20788609998999164>
893.5714 	EXP 	fixation: autoDraw = True
893.5714 	EXP 	line1: autoDraw = True
893.5714 	EXP 	line2: autoDraw = True
893.5714 	EXP 	line3: autoDraw = True
893.5714 	EXP 	line4: autoDraw = True
894.5717 	INFO 	Keyboard events cleared
894.5715 	EXP 	fixation: autoDraw = False
894.5715 	EXP 	probe: autoDraw = True
895.0213 	EXP 	Device response: <KeyPress from None: t=895.013317399993, value=z, duration=None>
895.0217 	EXP 	New trial (rep=42, index=163): <Trial 163 (163 in rep 42) data={'pos': -50, 'corr_resp': 'x', 'thisN': 163, 'thisTrialN': 163, 'thisRepN': 42}>
895.0229 	DATA 	Keypress: z
895.0377 	EXP 	fixation: autoDraw = False
895.0377 	EXP 	line1: autoDraw = False
895.0377 	EXP 	line2: autoDraw = False
895.0377 	EXP 	line3: autoDraw = False
895.0377 	EXP 	line4: autoDraw = False
895.0377 	EXP 	probe: autoDraw = False
895.1883 	EXP 	Device response: <KeyPress from None: t=884.9768318999995, value=z, duration=10.208042899990687>
896.0212 	EXP 	fixation: autoDraw = True
896.0212 	EXP 	line1: autoDraw = True
896.0212 	EXP 	line2: autoDraw = True
896.0212 	EXP 	line3: autoDraw = True
896.0212 	EXP 	line4: autoDraw = True
897.0208 	INFO 	Keyboard events cleared
897.0206 	EXP 	fixation: autoDraw = False
897.0206 	EXP 	probe: autoDraw = True
897.4925 	EXP 	Device response: <KeyPress from None: t=897.4784583, value=x, duration=None>
897.4933 	EXP 	New trial (rep=38, index=164): <Trial 164 (164 in rep 38) data={'pos': -150, 'corr_resp': 'z', 'thisN': 164, 'thisTrialN': 164, 'thisRepN': 38}>
897.4958 	DATA 	Keypress: x
897.5075 	EXP 	fixation: autoDraw = False
897.5075 	EXP 	line1: autoDraw = False
897.5075 	EXP 	line2: autoDraw = False
897.5075 	EXP 	line3: autoDraw = False
897.5075 	EXP 	line4: autoDraw = False
897.5075 	EXP 	probe: autoDraw = False
897.6425 	EXP 	Device response: <KeyPress from None: t=897.4784583, value=x, duration=0.16216870000062045>
898.5044 	EXP 	fixation: autoDraw = True
898.5044 	EXP 	line1: autoDraw = True
898.5044 	EXP 	line2: autoDraw = True
898.5044 	EXP 	line3: autoDraw = True
898.5044 	EXP 	line4: autoDraw = True
899.5048 	INFO 	Keyboard events cleared
899.5046 	EXP 	fixation: autoDraw = False
899.5046 	EXP 	probe: autoDraw = True
900.4553 	EXP 	Device response: <KeyPress from None: t=900.4429110999918, value=z, duration=None>
900.4557 	EXP 	New trial (rep=39, index=165): <Trial 165 (165 in rep 39) data={'pos': -150, 'corr_resp': 'z', 'thisN': 165, 'thisTrialN': 165, 'thisRepN': 39}>
900.4574 	DATA 	Keypress: z
900.4712 	EXP 	fixation: autoDraw = False
900.4712 	EXP 	line1: autoDraw = False
900.4712 	EXP 	line2: autoDraw = False
900.4712 	EXP 	line3: autoDraw = False
900.4712 	EXP 	line4: autoDraw = False
900.4712 	EXP 	probe: autoDraw = False
900.6550 	EXP 	Device response: <KeyPress from None: t=895.013317399993, value=z, duration=5.626499000005424>
901.4553 	EXP 	fixation: autoDraw = True
901.4553 	EXP 	line1: autoDraw = True
901.4553 	EXP 	line2: autoDraw = True
901.4553 	EXP 	line3: autoDraw = True
901.4553 	EXP 	line4: autoDraw = True
902.4713 	INFO 	Keyboard events cleared
902.4711 	EXP 	fixation: autoDraw = False
902.4711 	EXP 	probe: autoDraw = True
902.9882 	EXP 	Device response: <KeyPress from None: t=902.9847393999953, value=z, duration=None>
902.9887 	EXP 	New trial (rep=39, index=166): <Trial 166 (166 in rep 39) data={'pos': 50, 'corr_resp': 'c', 'thisN': 166, 'thisTrialN': 166, 'thisRepN': 39}>
902.9898 	DATA 	Keypress: z
903.0048 	EXP 	fixation: autoDraw = False
903.0048 	EXP 	line1: autoDraw = False
903.0048 	EXP 	line2: autoDraw = False
903.0048 	EXP 	line3: autoDraw = False
903.0048 	EXP 	line4: autoDraw = False
903.0048 	EXP 	probe: autoDraw = False
903.1766 	EXP 	Device response: <KeyPress from None: t=900.4429110999918, value=z, duration=2.730286000005435>
903.1956 	DATA 	Keypress: z
903.2069 	EXP 	Device response: <KeyPress from None: t=903.1942432999931, value=z, duration=None>
903.2245 	EXP 	Device response: <KeyPress from None: t=902.9847393999953, value=z, duration=0.22931049999897368>
903.9876 	EXP 	fixation: autoDraw = True
903.9876 	EXP 	line1: autoDraw = True
903.9876 	EXP 	line2: autoDraw = True
903.9876 	EXP 	line3: autoDraw = True
903.9876 	EXP 	line4: autoDraw = True
904.9873 	EXP 	fixation: autoDraw = False
905.0045 	INFO 	Keyboard events cleared
905.0043 	EXP 	probe: autoDraw = True
905.5095 	EXP 	Device response: <KeyPress from None: t=905.5032748999947, value=c, duration=None>
905.5103 	EXP 	New trial (rep=40, index=167): <Trial 167 (167 in rep 40) data={'pos': -150, 'corr_resp': 'z', 'thisN': 167, 'thisTrialN': 167, 'thisRepN': 40}>
905.5129 	DATA 	Keypress: c
905.5247 	EXP 	fixation: autoDraw = False
905.5247 	EXP 	line1: autoDraw = False
905.5247 	EXP 	line2: autoDraw = False
905.5247 	EXP 	line3: autoDraw = False
905.5247 	EXP 	line4: autoDraw = False
905.5247 	EXP 	probe: autoDraw = False
905.6765 	EXP 	Device response: <KeyPress from None: t=905.5032748999947, value=c, duration=0.16685839999991003>
906.5237 	EXP 	fixation: autoDraw = True
906.5237 	EXP 	line1: autoDraw = True
906.5237 	EXP 	line2: autoDraw = True
906.5237 	EXP 	line3: autoDraw = True
906.5237 	EXP 	line4: autoDraw = True
907.5218 	INFO 	Keyboard events cleared
907.5216 	EXP 	probe: autoDraw = True
907.5375 	EXP 	fixation: autoDraw = False
908.1047 	EXP 	Device response: <KeyPress from None: t=908.0908588999882, value=z, duration=None>
908.1051 	EXP 	New trial (rep=40, index=168): <Trial 168 (168 in rep 40) data={'pos': 50, 'corr_resp': 'c', 'thisN': 168, 'thisTrialN': 168, 'thisRepN': 40}>
908.1063 	DATA 	Keypress: z
908.1214 	EXP 	fixation: autoDraw = False
908.1214 	EXP 	line1: autoDraw = False
908.1214 	EXP 	line2: autoDraw = False
908.1214 	EXP 	line3: autoDraw = False
908.1214 	EXP 	line4: autoDraw = False
908.1214 	EXP 	probe: autoDraw = False
908.2876 	EXP 	Device response: <KeyPress from None: t=903.1942432999931, value=z, duration=5.088319100002991>
909.1047 	EXP 	fixation: autoDraw = True
909.1047 	EXP 	line1: autoDraw = True
909.1047 	EXP 	line2: autoDraw = True
909.1047 	EXP 	line3: autoDraw = True
909.1047 	EXP 	line4: autoDraw = True
910.1049 	INFO 	Keyboard events cleared
910.1047 	EXP 	fixation: autoDraw = False
910.1047 	EXP 	probe: autoDraw = True
910.6710 	EXP 	Device response: <KeyPress from None: t=910.6658951999998, value=c, duration=None>
910.6714 	EXP 	New trial (rep=43, index=169): <Trial 169 (169 in rep 43) data={'pos': -50, 'corr_resp': 'x', 'thisN': 169, 'thisTrialN': 169, 'thisRepN': 43}>
910.6727 	DATA 	Keypress: c
910.6878 	EXP 	fixation: autoDraw = False
910.6878 	EXP 	line1: autoDraw = False
910.6878 	EXP 	line2: autoDraw = False
910.6878 	EXP 	line3: autoDraw = False
910.6878 	EXP 	line4: autoDraw = False
910.6878 	EXP 	probe: autoDraw = False
910.8373 	EXP 	Device response: <KeyPress from None: t=910.6658951999998, value=c, duration=0.16656569999759085>
911.6741 	EXP 	fixation: autoDraw = True
911.6741 	EXP 	line1: autoDraw = True
911.6741 	EXP 	line2: autoDraw = True
911.6741 	EXP 	line3: autoDraw = True
911.6741 	EXP 	line4: autoDraw = True
912.6709 	INFO 	Keyboard events cleared
912.6707 	EXP 	probe: autoDraw = True
912.6878 	EXP 	fixation: autoDraw = False
913.4213 	EXP 	Device response: <KeyPress from None: t=913.4157197999884, value=x, duration=None>
913.4217 	EXP 	New trial (rep=44, index=170): <Trial 170 (170 in rep 44) data={'pos': -50, 'corr_resp': 'x', 'thisN': 170, 'thisTrialN': 170, 'thisRepN': 44}>
913.4230 	DATA 	Keypress: x
913.4375 	EXP 	fixation: autoDraw = False
913.4375 	EXP 	line1: autoDraw = False
913.4375 	EXP 	line2: autoDraw = False
913.4375 	EXP 	line3: autoDraw = False
913.4375 	EXP 	line4: autoDraw = False
913.4375 	EXP 	probe: autoDraw = False
913.5716 	EXP 	Device response: <KeyPress from None: t=913.4157197999884, value=x, duration=0.14065480000863317>
914.4208 	EXP 	fixation: autoDraw = True
914.4208 	EXP 	line1: autoDraw = True
914.4208 	EXP 	line2: autoDraw = True
914.4208 	EXP 	line3: autoDraw = True
914.4208 	EXP 	line4: autoDraw = True
915.4210 	INFO 	Keyboard events cleared
915.4208 	EXP 	fixation: autoDraw = False
915.4208 	EXP 	probe: autoDraw = True
916.0383 	EXP 	Device response: <KeyPress from None: t=916.0335077999916, value=x, duration=None>
916.0387 	EXP 	New trial (rep=44, index=171): <Trial 171 (171 in rep 44) data={'pos': 150, 'corr_resp': 'v', 'thisN': 171, 'thisTrialN': 171, 'thisRepN': 44}>
916.0401 	DATA 	Keypress: x
916.0548 	EXP 	fixation: autoDraw = False
916.0548 	EXP 	line1: autoDraw = False
916.0548 	EXP 	line2: autoDraw = False
916.0548 	EXP 	line3: autoDraw = False
916.0548 	EXP 	line4: autoDraw = False
916.0548 	EXP 	probe: autoDraw = False
916.2221 	EXP 	Device response: <KeyPress from None: t=916.0335077999916, value=x, duration=0.17929990000266116>
917.0544 	EXP 	fixation: autoDraw = True
917.0544 	EXP 	line1: autoDraw = True
917.0544 	EXP 	line2: autoDraw = True
917.0544 	EXP 	line3: autoDraw = True
917.0544 	EXP 	line4: autoDraw = True
918.0542 	INFO 	Keyboard events cleared
918.0540 	EXP 	fixation: autoDraw = False
918.0540 	EXP 	probe: autoDraw = True
918.7384 	EXP 	Device response: <KeyPress from None: t=918.7377530999947, value=v, duration=None>
918.7389 	EXP 	New trial (rep=45, index=172): <Trial 172 (172 in rep 45) data={'pos': 150, 'corr_resp': 'v', 'thisN': 172, 'thisTrialN': 172, 'thisRepN': 45}>
918.7401 	DATA 	Keypress: v
918.7537 	EXP 	fixation: autoDraw = False
918.7537 	EXP 	line1: autoDraw = False
918.7537 	EXP 	line2: autoDraw = False
918.7537 	EXP 	line3: autoDraw = False
918.7537 	EXP 	line4: autoDraw = False
918.7537 	EXP 	probe: autoDraw = False
918.9207 	EXP 	Device response: <KeyPress from None: t=882.5150649999996, value=v, duration=36.39437470000121>
919.7539 	EXP 	fixation: autoDraw = True
919.7539 	EXP 	line1: autoDraw = True
919.7539 	EXP 	line2: autoDraw = True
919.7539 	EXP 	line3: autoDraw = True
919.7539 	EXP 	line4: autoDraw = True
920.7522 	INFO 	Keyboard events cleared
920.7520 	EXP 	fixation: autoDraw = False
920.7520 	EXP 	probe: autoDraw = True
921.3208 	EXP 	Device response: <KeyPress from None: t=921.308123499999, value=v, duration=None>
921.3212 	EXP 	New trial (rep=41, index=173): <Trial 173 (173 in rep 41) data={'pos': -150, 'corr_resp': 'z', 'thisN': 173, 'thisTrialN': 173, 'thisRepN': 41}>
921.3224 	DATA 	Keypress: v
921.3375 	EXP 	fixation: autoDraw = False
921.3375 	EXP 	line1: autoDraw = False
921.3375 	EXP 	line2: autoDraw = False
921.3375 	EXP 	line3: autoDraw = False
921.3375 	EXP 	line4: autoDraw = False
921.3375 	EXP 	probe: autoDraw = False
921.4384 	EXP 	Device response: <KeyPress from None: t=918.7377530999947, value=v, duration=2.68519329999981>
922.3349 	EXP 	fixation: autoDraw = True
922.3349 	EXP 	line1: autoDraw = True
922.3349 	EXP 	line2: autoDraw = True
922.3349 	EXP 	line3: autoDraw = True
922.3349 	EXP 	line4: autoDraw = True
923.3210 	INFO 	Keyboard events cleared
923.3208 	EXP 	probe: autoDraw = True
923.3369 	EXP 	fixation: autoDraw = False
924.1209 	EXP 	Device response: <KeyPress from None: t=924.1158843000012, value=v, duration=None>
924.1214 	EXP 	New trial (rep=46, index=174): <Trial 174 (174 in rep 46) data={'pos': 150, 'corr_resp': 'v', 'thisN': 174, 'thisTrialN': 174, 'thisRepN': 46}>
924.1225 	DATA 	Keypress: v
924.1371 	EXP 	fixation: autoDraw = False
924.1371 	EXP 	line1: autoDraw = False
924.1371 	EXP 	line2: autoDraw = False
924.1371 	EXP 	line3: autoDraw = False
924.1371 	EXP 	line4: autoDraw = False
924.1371 	EXP 	probe: autoDraw = False
924.2210 	EXP 	Device response: <KeyPress from None: t=921.308123499999, value=v, duration=2.9027398000034736>
925.1210 	EXP 	fixation: autoDraw = True
925.1210 	EXP 	line1: autoDraw = True
925.1210 	EXP 	line2: autoDraw = True
925.1210 	EXP 	line3: autoDraw = True
925.1210 	EXP 	line4: autoDraw = True
925.9210 	DATA 	Keypress: z
925.9358 	EXP 	Device response: <KeyPress from None: t=925.9205901999958, value=z, duration=None>
926.1207 	INFO 	Keyboard events cleared
926.1205 	EXP 	fixation: autoDraw = False
926.1205 	EXP 	probe: autoDraw = True
926.2541 	EXP 	Device response: <KeyPress from None: t=908.0908588999882, value=z, duration=18.15064710000297>
926.5053 	EXP 	Device response: <KeyPress from None: t=926.5018882000004, value=z, duration=None>
926.5057 	EXP 	New trial (rep=41, index=175): <Trial 175 (175 in rep 41) data={'pos': 50, 'corr_resp': 'c', 'thisN': 175, 'thisTrialN': 175, 'thisRepN': 41}>
926.5069 	DATA 	Keypress: z
926.5205 	EXP 	fixation: autoDraw = False
926.5205 	EXP 	line1: autoDraw = False
926.5205 	EXP 	line2: autoDraw = False
926.5205 	EXP 	line3: autoDraw = False
926.5205 	EXP 	line4: autoDraw = False
926.5205 	EXP 	probe: autoDraw = False
926.6553 	EXP 	Device response: <KeyPress from None: t=925.9205901999958, value=z, duration=0.7248662000056356>
927.5185 	EXP 	fixation: autoDraw = True
927.5185 	EXP 	line1: autoDraw = True
927.5185 	EXP 	line2: autoDraw = True
927.5185 	EXP 	line3: autoDraw = True
927.5185 	EXP 	line4: autoDraw = True
928.5213 	INFO 	Keyboard events cleared
928.5211 	EXP 	fixation: autoDraw = False
928.5211 	EXP 	probe: autoDraw = True
929.3876 	EXP 	Device response: <KeyPress from None: t=929.3822949000023, value=c, duration=None>
929.3880 	EXP 	New trial (rep=47, index=176): <Trial 176 (176 in rep 47) data={'pos': 150, 'corr_resp': 'v', 'thisN': 176, 'thisTrialN': 176, 'thisRepN': 47}>
929.3892 	DATA 	Keypress: c
929.4045 	EXP 	fixation: autoDraw = False
929.4045 	EXP 	line1: autoDraw = False
929.4045 	EXP 	line2: autoDraw = False
929.4045 	EXP 	line3: autoDraw = False
929.4045 	EXP 	line4: autoDraw = False
929.4045 	EXP 	probe: autoDraw = False
929.5545 	EXP 	Device response: <KeyPress from None: t=929.3822949000023, value=c, duration=0.15720519999740645>
930.3887 	EXP 	fixation: autoDraw = True
930.3887 	EXP 	line1: autoDraw = True
930.3887 	EXP 	line2: autoDraw = True
930.3887 	EXP 	line3: autoDraw = True
930.3887 	EXP 	line4: autoDraw = True
931.3882 	INFO 	Keyboard events cleared
931.3880 	EXP 	probe: autoDraw = True
931.4031 	EXP 	fixation: autoDraw = False
932.3045 	EXP 	Device response: <KeyPress from None: t=932.3008786999999, value=v, duration=None>
932.3049 	EXP 	New trial (rep=45, index=177): <Trial 177 (177 in rep 45) data={'pos': -50, 'corr_resp': 'x', 'thisN': 177, 'thisTrialN': 177, 'thisRepN': 45}>
932.3061 	DATA 	Keypress: v
932.3201 	EXP 	fixation: autoDraw = False
932.3201 	EXP 	line1: autoDraw = False
932.3201 	EXP 	line2: autoDraw = False
932.3201 	EXP 	line3: autoDraw = False
932.3201 	EXP 	line4: autoDraw = False
932.3201 	EXP 	probe: autoDraw = False
932.4213 	EXP 	Device response: <KeyPress from None: t=924.1158843000012, value=v, duration=8.292806299999938>
933.3036 	EXP 	fixation: autoDraw = True
933.3036 	EXP 	line1: autoDraw = True
933.3036 	EXP 	line2: autoDraw = True
933.3036 	EXP 	line3: autoDraw = True
933.3036 	EXP 	line4: autoDraw = True
934.3045 	INFO 	Keyboard events cleared
934.3043 	EXP 	fixation: autoDraw = False
934.3043 	EXP 	probe: autoDraw = True
935.0212 	EXP 	Device response: <KeyPress from None: t=935.0111950999999, value=x, duration=None>
935.0216 	EXP 	New trial (rep=42, index=178): <Trial 178 (178 in rep 42) data={'pos': -150, 'corr_resp': 'z', 'thisN': 178, 'thisTrialN': 178, 'thisRepN': 42}>
935.0229 	DATA 	Keypress: x
935.0375 	EXP 	fixation: autoDraw = False
935.0375 	EXP 	line1: autoDraw = False
935.0375 	EXP 	line2: autoDraw = False
935.0375 	EXP 	line3: autoDraw = False
935.0375 	EXP 	line4: autoDraw = False
935.0375 	EXP 	probe: autoDraw = False
935.2041 	EXP 	Device response: <KeyPress from None: t=935.0111950999999, value=x, duration=0.18769520000205375>
936.0201 	EXP 	fixation: autoDraw = True
936.0201 	EXP 	line1: autoDraw = True
936.0201 	EXP 	line2: autoDraw = True
936.0201 	EXP 	line3: autoDraw = True
936.0201 	EXP 	line4: autoDraw = True
937.0206 	INFO 	Keyboard events cleared
937.0204 	EXP 	fixation: autoDraw = False
937.0204 	EXP 	probe: autoDraw = True
937.6206 	EXP 	Device response: <KeyPress from None: t=937.6069994999998, value=z, duration=None>
937.6210 	EXP 	New trial (rep=43, index=179): <Trial 179 (179 in rep 43) data={'pos': -150, 'corr_resp': 'z', 'thisN': 179, 'thisTrialN': 179, 'thisRepN': 43}>
937.6223 	DATA 	Keypress: z
937.6369 	EXP 	fixation: autoDraw = False
937.6369 	EXP 	line1: autoDraw = False
937.6369 	EXP 	line2: autoDraw = False
937.6369 	EXP 	line3: autoDraw = False
937.6369 	EXP 	line4: autoDraw = False
937.6369 	EXP 	probe: autoDraw = False
937.8205 	EXP 	Device response: <KeyPress from None: t=926.5018882000004, value=z, duration=11.313489799998933>
938.6205 	EXP 	fixation: autoDraw = True
938.6205 	EXP 	line1: autoDraw = True
938.6205 	EXP 	line2: autoDraw = True
938.6205 	EXP 	line3: autoDraw = True
938.6205 	EXP 	line4: autoDraw = True
939.6242 	INFO 	Keyboard events cleared
939.6238 	EXP 	fixation: autoDraw = False
939.6238 	EXP 	probe: autoDraw = True
940.2050 	EXP 	Device response: <KeyPress from None: t=940.2021296999883, value=z, duration=None>
940.2054 	EXP 	New trial (rep=44, index=180): <Trial 180 (180 in rep 44) data={'pos': -150, 'corr_resp': 'z', 'thisN': 180, 'thisTrialN': 180, 'thisRepN': 44}>
940.2067 	DATA 	Keypress: z
940.2208 	EXP 	fixation: autoDraw = False
940.2208 	EXP 	line1: autoDraw = False
940.2208 	EXP 	line2: autoDraw = False
940.2208 	EXP 	line3: autoDraw = False
940.2208 	EXP 	line4: autoDraw = False
940.2208 	EXP 	probe: autoDraw = False
940.4048 	EXP 	Device response: <KeyPress from None: t=937.6069994999998, value=z, duration=2.795466399998986>
941.2040 	EXP 	fixation: autoDraw = True
941.2040 	EXP 	line1: autoDraw = True
941.2040 	EXP 	line2: autoDraw = True
941.2040 	EXP 	line3: autoDraw = True
941.2040 	EXP 	line4: autoDraw = True
942.2046 	INFO 	Keyboard events cleared
942.2044 	EXP 	fixation: autoDraw = False
942.2044 	EXP 	probe: autoDraw = True
942.6206 	DATA 	Keypress: x
942.6358 	EXP 	Device response: <KeyPress from None: t=942.6195010999945, value=x, duration=None>
942.6362 	EXP 	New trial (rep=46, index=181): <Trial 181 (181 in rep 46) data={'pos': -50, 'corr_resp': 'x', 'thisN': 181, 'thisTrialN': 181, 'thisRepN': 46}>
942.6523 	EXP 	fixation: autoDraw = False
942.6523 	EXP 	line1: autoDraw = False
942.6523 	EXP 	line2: autoDraw = False
942.6523 	EXP 	line3: autoDraw = False
942.6523 	EXP 	line4: autoDraw = False
942.6523 	EXP 	probe: autoDraw = False
942.7352 	EXP 	Device response: <KeyPress from None: t=942.6195010999945, value=x, duration=0.11343500000657514>
943.6371 	EXP 	fixation: autoDraw = True
943.6371 	EXP 	line1: autoDraw = True
943.6371 	EXP 	line2: autoDraw = True
943.6371 	EXP 	line3: autoDraw = True
943.6371 	EXP 	line4: autoDraw = True
944.6380 	INFO 	Keyboard events cleared
944.6378 	EXP 	fixation: autoDraw = False
944.6378 	EXP 	probe: autoDraw = True
944.9227 	DATA 	Keypress: z
944.9378 	EXP 	Device response: <KeyPress from None: t=944.922035999989, value=z, duration=None>
944.9382 	EXP 	New trial (rep=42, index=182): <Trial 182 (182 in rep 42) data={'pos': 50, 'corr_resp': 'c', 'thisN': 182, 'thisTrialN': 182, 'thisRepN': 42}>
944.9545 	EXP 	fixation: autoDraw = False
944.9545 	EXP 	line1: autoDraw = False
944.9545 	EXP 	line2: autoDraw = False
944.9545 	EXP 	line3: autoDraw = False
944.9545 	EXP 	line4: autoDraw = False
944.9545 	EXP 	probe: autoDraw = False
945.1038 	EXP 	Device response: <KeyPress from None: t=940.2021296999883, value=z, duration=4.896332900010748>
945.9375 	EXP 	fixation: autoDraw = True
945.9375 	EXP 	line1: autoDraw = True
945.9375 	EXP 	line2: autoDraw = True
945.9375 	EXP 	line3: autoDraw = True
945.9375 	EXP 	line4: autoDraw = True
946.9379 	EXP 	fixation: autoDraw = False
946.9545 	INFO 	Keyboard events cleared
946.9543 	EXP 	probe: autoDraw = True
947.7192 	EXP 	Device response: <KeyPress from None: t=947.710602399995, value=z, duration=None>
947.7196 	EXP 	New trial (rep=43, index=183): <Trial 183 (183 in rep 43) data={'pos': 50, 'corr_resp': 'c', 'thisN': 183, 'thisTrialN': 183, 'thisRepN': 43}>
947.7207 	DATA 	Keypress: z
947.7352 	EXP 	fixation: autoDraw = False
947.7352 	EXP 	line1: autoDraw = False
947.7352 	EXP 	line2: autoDraw = False
947.7352 	EXP 	line3: autoDraw = False
947.7352 	EXP 	line4: autoDraw = False
947.7352 	EXP 	probe: autoDraw = False
947.8534 	EXP 	Device response: <KeyPress from None: t=944.922035999989, value=z, duration=2.9190259000024525>
948.7228 	EXP 	fixation: autoDraw = True
948.7228 	EXP 	line1: autoDraw = True
948.7228 	EXP 	line2: autoDraw = True
948.7228 	EXP 	line3: autoDraw = True
948.7228 	EXP 	line4: autoDraw = True
949.7204 	INFO 	Keyboard events cleared
949.7202 	EXP 	probe: autoDraw = True
949.7376 	EXP 	fixation: autoDraw = False
950.6378 	EXP 	Device response: <KeyPress from None: t=950.6256829999911, value=z, duration=None>
950.6383 	EXP 	New trial (rep=44, index=184): <Trial 184 (184 in rep 44) data={'pos': 50, 'corr_resp': 'c', 'thisN': 184, 'thisTrialN': 184, 'thisRepN': 44}>
950.6394 	DATA 	Keypress: z
950.6538 	EXP 	fixation: autoDraw = False
950.6538 	EXP 	line1: autoDraw = False
950.6538 	EXP 	line2: autoDraw = False
950.6538 	EXP 	line3: autoDraw = False
950.6538 	EXP 	line4: autoDraw = False
950.6538 	EXP 	probe: autoDraw = False
950.8718 	EXP 	Device response: <KeyPress from None: t=947.710602399995, value=z, duration=3.1558949000027496>
951.6535 	EXP 	fixation: autoDraw = True
951.6535 	EXP 	line1: autoDraw = True
951.6535 	EXP 	line2: autoDraw = True
951.6535 	EXP 	line3: autoDraw = True
951.6535 	EXP 	line4: autoDraw = True
952.6537 	INFO 	Keyboard events cleared
952.6535 	EXP 	fixation: autoDraw = False
952.6535 	EXP 	probe: autoDraw = True
953.0878 	EXP 	Device response: <KeyPress from None: t=953.0820876999933, value=z, duration=None>
953.0882 	EXP 	New trial (rep=48, index=185): <Trial 185 (185 in rep 48) data={'pos': 150, 'corr_resp': 'v', 'thisN': 185, 'thisTrialN': 185, 'thisRepN': 48}>
953.0894 	DATA 	Keypress: z
953.1040 	EXP 	fixation: autoDraw = False
953.1040 	EXP 	line1: autoDraw = False
953.1040 	EXP 	line2: autoDraw = False
953.1040 	EXP 	line3: autoDraw = False
953.1040 	EXP 	line4: autoDraw = False
953.1040 	EXP 	probe: autoDraw = False
953.3209 	EXP 	Device response: <KeyPress from None: t=950.6256829999911, value=z, duration=2.682096000004094>
954.0870 	EXP 	fixation: autoDraw = True
954.0870 	EXP 	line1: autoDraw = True
954.0870 	EXP 	line2: autoDraw = True
954.0870 	EXP 	line3: autoDraw = True
954.0870 	EXP 	line4: autoDraw = True
955.0874 	INFO 	Keyboard events cleared
955.0872 	EXP 	fixation: autoDraw = False
955.0872 	EXP 	probe: autoDraw = True
955.4412 	EXP 	Device response: <KeyPress from None: t=955.4395917999937, value=z, duration=None>
955.4418 	EXP 	New trial (rep=47, index=186): <Trial 186 (186 in rep 47) data={'pos': -50, 'corr_resp': 'x', 'thisN': 186, 'thisTrialN': 186, 'thisRepN': 47}>
955.4439 	DATA 	Keypress: z
955.4555 	EXP 	fixation: autoDraw = False
955.4555 	EXP 	line1: autoDraw = False
955.4555 	EXP 	line2: autoDraw = False
955.4555 	EXP 	line3: autoDraw = False
955.4555 	EXP 	line4: autoDraw = False
955.4555 	EXP 	probe: autoDraw = False
955.6396 	EXP 	Device response: <KeyPress from None: t=953.0820876999933, value=z, duration=2.5526485000009416>
956.4546 	EXP 	fixation: autoDraw = True
956.4546 	EXP 	line1: autoDraw = True
956.4546 	EXP 	line2: autoDraw = True
956.4546 	EXP 	line3: autoDraw = True
956.4546 	EXP 	line4: autoDraw = True
957.2733 	DATA 	Keypress: z
957.2881 	EXP 	Device response: <KeyPress from None: t=957.2721342000004, value=z, duration=None>
957.4534 	INFO 	Keyboard events cleared
957.4532 	EXP 	fixation: autoDraw = False
957.4532 	EXP 	probe: autoDraw = True
957.7522 	EXP 	Device response: <KeyPress from None: t=957.7399832999945, value=z, duration=None>
957.7526 	EXP 	New trial (rep=48, index=187): <Trial 187 (187 in rep 48) data={'pos': -50, 'corr_resp': 'x', 'thisN': 187, 'thisTrialN': 187, 'thisRepN': 48}>
957.7538 	DATA 	Keypress: z
957.7688 	EXP 	fixation: autoDraw = False
957.7688 	EXP 	line1: autoDraw = False
957.7688 	EXP 	line2: autoDraw = False
957.7688 	EXP 	line3: autoDraw = False
957.7688 	EXP 	line4: autoDraw = False
957.7688 	EXP 	probe: autoDraw = False
957.9549 	EXP 	Device response: <KeyPress from None: t=955.4395917999937, value=z, duration=2.5050723000022117>
958.7538 	EXP 	fixation: autoDraw = True
958.7538 	EXP 	line1: autoDraw = True
958.7538 	EXP 	line2: autoDraw = True
958.7538 	EXP 	line3: autoDraw = True
958.7538 	EXP 	line4: autoDraw = True
959.7558 	INFO 	Keyboard events cleared
959.7555 	EXP 	fixation: autoDraw = False
959.7555 	EXP 	probe: autoDraw = True
960.7709 	EXP 	Device response: <KeyPress from None: t=960.7655407999991, value=z, duration=None>
960.7713 	EXP 	New trial (rep=45, index=188): <Trial 188 (188 in rep 45) data={'pos': -150, 'corr_resp': 'z', 'thisN': 188, 'thisTrialN': 188, 'thisRepN': 45}>
960.7726 	DATA 	Keypress: z
960.7867 	EXP 	fixation: autoDraw = False
960.7867 	EXP 	line1: autoDraw = False
960.7867 	EXP 	line2: autoDraw = False
960.7867 	EXP 	line3: autoDraw = False
960.7867 	EXP 	line4: autoDraw = False
960.7867 	EXP 	probe: autoDraw = False
960.9549 	EXP 	Device response: <KeyPress from None: t=957.2721342000004, value=z, duration=3.6736642999894684>
961.7854 	EXP 	fixation: autoDraw = True
961.7854 	EXP 	line1: autoDraw = True
961.7854 	EXP 	line2: autoDraw = True
961.7854 	EXP 	line3: autoDraw = True
961.7854 	EXP 	line4: autoDraw = True
962.7701 	INFO 	Keyboard events cleared
962.7699 	EXP 	probe: autoDraw = True
962.7858 	EXP 	fixation: autoDraw = False
963.1871 	EXP 	Device response: <KeyPress from None: t=963.1741051999998, value=x, duration=None>
963.1875 	EXP 	New trial (rep=49, index=189): <Trial 189 (189 in rep 49) data={'pos': -50, 'corr_resp': 'x', 'thisN': 189, 'thisTrialN': 189, 'thisRepN': 49}>
963.1887 	DATA 	Keypress: x
963.2037 	EXP 	fixation: autoDraw = False
963.2037 	EXP 	line1: autoDraw = False
963.2037 	EXP 	line2: autoDraw = False
963.2037 	EXP 	line3: autoDraw = False
963.2037 	EXP 	line4: autoDraw = False
963.2037 	EXP 	probe: autoDraw = False
963.3375 	EXP 	Device response: <KeyPress from None: t=963.1741051999998, value=x, duration=0.15791100000205915>
964.2047 	EXP 	fixation: autoDraw = True
964.2047 	EXP 	line1: autoDraw = True
964.2047 	EXP 	line2: autoDraw = True
964.2047 	EXP 	line3: autoDraw = True
964.2047 	EXP 	line4: autoDraw = True
965.1908 	INFO 	Keyboard events cleared
965.1905 	EXP 	probe: autoDraw = True
965.2065 	EXP 	fixation: autoDraw = False
965.5282 	DATA 	Keypress: c
965.5417 	EXP 	Device response: <KeyPress from None: t=965.5260598000023, value=c, duration=None>
965.5421 	EXP 	New trial (rep=45, index=190): <Trial 190 (190 in rep 45) data={'pos': 50, 'corr_resp': 'c', 'thisN': 190, 'thisTrialN': 190, 'thisRepN': 45}>
965.5559 	EXP 	fixation: autoDraw = False
965.5559 	EXP 	line1: autoDraw = False
965.5559 	EXP 	line2: autoDraw = False
965.5559 	EXP 	line3: autoDraw = False
965.5559 	EXP 	line4: autoDraw = False
965.5559 	EXP 	probe: autoDraw = False
965.6917 	EXP 	Device response: <KeyPress from None: t=965.5260598000023, value=c, duration=0.15303909999784082>
966.5572 	EXP 	fixation: autoDraw = True
966.5572 	EXP 	line1: autoDraw = True
966.5572 	EXP 	line2: autoDraw = True
966.5572 	EXP 	line3: autoDraw = True
966.5572 	EXP 	line4: autoDraw = True
967.5533 	INFO 	Keyboard events cleared
967.5531 	EXP 	probe: autoDraw = True
967.5703 	EXP 	fixation: autoDraw = False
967.7374 	EXP 	Device response: <KeyPress from None: t=967.7338624999975, value=c, duration=None>
967.7378 	EXP 	New trial (rep=46, index=191): <Trial 191 (191 in rep 46) data={'pos': 50, 'corr_resp': 'c', 'thisN': 191, 'thisTrialN': 191, 'thisRepN': 46}>
967.7390 	DATA 	Keypress: c
967.7544 	EXP 	fixation: autoDraw = False
967.7544 	EXP 	line1: autoDraw = False
967.7544 	EXP 	line2: autoDraw = False
967.7544 	EXP 	line3: autoDraw = False
967.7544 	EXP 	line4: autoDraw = False
967.7544 	EXP 	probe: autoDraw = False
967.9376 	EXP 	Device response: <KeyPress from None: t=967.7338624999975, value=c, duration=0.19484620000002906>
968.7365 	EXP 	fixation: autoDraw = True
968.7365 	EXP 	line1: autoDraw = True
968.7365 	EXP 	line2: autoDraw = True
968.7365 	EXP 	line3: autoDraw = True
968.7365 	EXP 	line4: autoDraw = True
969.5035 	EXP 	Device response: <KeyPress from None: t=969.5018498999998, value=c, duration=None>
969.5050 	DATA 	Keypress: c
969.7030 	EXP 	Device response: <KeyPress from None: t=969.5018498999998, value=c, duration=0.1865564999898197>
969.7384 	EXP 	fixation: autoDraw = False
969.7549 	INFO 	Keyboard events cleared
969.7546 	EXP 	probe: autoDraw = True
970.0748 	EXP 	Device response: <KeyPress from None: t=970.0698771999887, value=c, duration=None>
970.0754 	EXP 	New trial (rep=47, index=192): <Trial 192 (192 in rep 47) data={'pos': 50, 'corr_resp': 'c', 'thisN': 192, 'thisTrialN': 192, 'thisRepN': 47}>
970.0777 	DATA 	Keypress: c
970.0907 	EXP 	fixation: autoDraw = False
970.0907 	EXP 	line1: autoDraw = False
970.0907 	EXP 	line2: autoDraw = False
970.0907 	EXP 	line3: autoDraw = False
970.0907 	EXP 	line4: autoDraw = False
970.0907 	EXP 	probe: autoDraw = False
970.2238 	EXP 	Device response: <KeyPress from None: t=970.0698771999887, value=c, duration=0.1389754000119865>
971.0567 	EXP 	Device response: <KeyPress from None: t=971.0490888999921, value=c, duration=None>
971.0578 	DATA 	Keypress: c
971.0895 	EXP 	fixation: autoDraw = True
971.0895 	EXP 	line1: autoDraw = True
971.0895 	EXP 	line2: autoDraw = True
971.0895 	EXP 	line3: autoDraw = True
971.0895 	EXP 	line4: autoDraw = True
971.2186 	EXP 	Device response: <KeyPress from None: t=971.0490888999921, value=c, duration=0.1554965999966953>
971.5741 	EXP 	Device response: <KeyPress from None: t=971.5730393999984, value=c, duration=None>
971.5778 	DATA 	Keypress: c
971.7693 	EXP 	Device response: <KeyPress from None: t=971.5730393999984, value=c, duration=0.18559719999029767>
972.0211 	EXP 	Device response: <KeyPress from None: t=972.0143962000002, value=c, duration=None>
972.0249 	DATA 	Keypress: c
972.0901 	INFO 	Keyboard events cleared
972.0898 	EXP 	probe: autoDraw = True
972.1049 	EXP 	fixation: autoDraw = False
972.1714 	EXP 	Device response: <KeyPress from None: t=972.0143962000002, value=c, duration=0.14034919999539852>
972.4707 	EXP 	Device response: <KeyPress from None: t=972.4641314999899, value=c, duration=None>
972.4711 	EXP 	New trial (rep=46, index=193): <Trial 193 (193 in rep 46) data={'pos': -150, 'corr_resp': 'z', 'thisN': 193, 'thisTrialN': 193, 'thisRepN': 46}>
972.4724 	DATA 	Keypress: c
972.4869 	EXP 	fixation: autoDraw = False
972.4869 	EXP 	line1: autoDraw = False
972.4869 	EXP 	line2: autoDraw = False
972.4869 	EXP 	line3: autoDraw = False
972.4869 	EXP 	line4: autoDraw = False
972.4869 	EXP 	probe: autoDraw = False
972.5705 	EXP 	Device response: <KeyPress from None: t=972.4641314999899, value=c, duration=0.09415200000512414>
973.4708 	EXP 	fixation: autoDraw = True
973.4708 	EXP 	line1: autoDraw = True
973.4708 	EXP 	line2: autoDraw = True
973.4708 	EXP 	line3: autoDraw = True
973.4708 	EXP 	line4: autoDraw = True
974.4711 	INFO 	Keyboard events cleared
974.4708 	EXP 	fixation: autoDraw = False
974.4708 	EXP 	probe: autoDraw = True
975.1540 	EXP 	Device response: <KeyPress from None: t=975.1453074000019, value=c, duration=None>
975.1546 	EXP 	New trial (rep=48, index=194): <Trial 194 (194 in rep 48) data={'pos': 50, 'corr_resp': 'c', 'thisN': 194, 'thisTrialN': 194, 'thisRepN': 48}>
975.1560 	DATA 	Keypress: c
975.1710 	EXP 	fixation: autoDraw = False
975.1710 	EXP 	line1: autoDraw = False
975.1710 	EXP 	line2: autoDraw = False
975.1710 	EXP 	line3: autoDraw = False
975.1710 	EXP 	line4: autoDraw = False
975.1710 	EXP 	probe: autoDraw = False
975.2703 	EXP 	Device response: <KeyPress from None: t=975.1453074000019, value=c, duration=0.11851349999778904>
976.1532 	EXP 	fixation: autoDraw = True
976.1532 	EXP 	line1: autoDraw = True
976.1532 	EXP 	line2: autoDraw = True
976.1532 	EXP 	line3: autoDraw = True
976.1532 	EXP 	line4: autoDraw = True
977.1534 	EXP 	fixation: autoDraw = False
977.1703 	INFO 	Keyboard events cleared
977.1701 	EXP 	probe: autoDraw = True
977.7048 	EXP 	Device response: <KeyPress from None: t=977.7024469999888, value=c, duration=None>
977.7052 	EXP 	New trial (rep=47, index=195): <Trial 195 (195 in rep 47) data={'pos': -150, 'corr_resp': 'z', 'thisN': 195, 'thisTrialN': 195, 'thisRepN': 47}>
977.7066 	DATA 	Keypress: c
977.7200 	EXP 	fixation: autoDraw = False
977.7200 	EXP 	line1: autoDraw = False
977.7200 	EXP 	line2: autoDraw = False
977.7200 	EXP 	line3: autoDraw = False
977.7200 	EXP 	line4: autoDraw = False
977.7200 	EXP 	probe: autoDraw = False
977.8543 	EXP 	Device response: <KeyPress from None: t=977.7024469999888, value=c, duration=0.13784890000533778>
978.6210 	EXP 	Device response: <KeyPress from None: t=978.6124483999884, value=c, duration=None>
978.6219 	DATA 	Keypress: c
978.7205 	EXP 	fixation: autoDraw = True
978.7205 	EXP 	line1: autoDraw = True
978.7205 	EXP 	line2: autoDraw = True
978.7205 	EXP 	line3: autoDraw = True
978.7205 	EXP 	line4: autoDraw = True
978.8042 	EXP 	Device response: <KeyPress from None: t=978.6124483999884, value=c, duration=0.175728700007312>
979.0705 	EXP 	Device response: <KeyPress from None: t=979.0629602999979, value=c, duration=None>
979.0722 	DATA 	Keypress: c
979.1712 	EXP 	Device response: <KeyPress from None: t=979.0629602999979, value=c, duration=0.10502309999719728>
979.5208 	EXP 	Device response: <KeyPress from None: t=979.5156118000014, value=c, duration=None>
979.5224 	DATA 	Keypress: c
979.6709 	EXP 	Device response: <KeyPress from None: t=979.5156118000014, value=c, duration=0.13983519999601413>
979.7200 	INFO 	Keyboard events cleared
979.7198 	EXP 	fixation: autoDraw = False
979.7198 	EXP 	probe: autoDraw = True
979.9539 	EXP 	Device response: <KeyPress from None: t=979.9495970999997, value=c, duration=None>
979.9543 	EXP 	New trial (rep=48, index=196): <Trial 196 (196 in rep 48) data={'pos': -150, 'corr_resp': 'z', 'thisN': 196, 'thisTrialN': 196, 'thisRepN': 48}>
979.9556 	DATA 	Keypress: c
979.9698 	EXP 	fixation: autoDraw = False
979.9698 	EXP 	line1: autoDraw = False
979.9698 	EXP 	line2: autoDraw = False
979.9698 	EXP 	line3: autoDraw = False
979.9698 	EXP 	line4: autoDraw = False
979.9698 	EXP 	probe: autoDraw = False
980.1040 	EXP 	Device response: <KeyPress from None: t=979.9495970999997, value=c, duration=0.14287070000136737>
980.9705 	EXP 	fixation: autoDraw = True
980.9705 	EXP 	line1: autoDraw = True
980.9705 	EXP 	line2: autoDraw = True
980.9705 	EXP 	line3: autoDraw = True
980.9705 	EXP 	line4: autoDraw = True
981.9544 	INFO 	Keyboard events cleared
981.9542 	EXP 	probe: autoDraw = True
981.9667 	EXP 	fixation: autoDraw = False
982.3774 	DATA 	Keypress: c
982.3844 	EXP 	Device response: <KeyPress from None: t=982.3763440999901, value=c, duration=None>
982.3848 	EXP 	New trial (rep=49, index=197): <Trial 197 (197 in rep 49) data={'pos': 150, 'corr_resp': 'v', 'thisN': 197, 'thisTrialN': 197, 'thisRepN': 49}>
982.3931 	EXP 	fixation: autoDraw = False
982.3931 	EXP 	line1: autoDraw = False
982.3931 	EXP 	line2: autoDraw = False
982.3931 	EXP 	line3: autoDraw = False
982.3931 	EXP 	line4: autoDraw = False
982.3931 	EXP 	probe: autoDraw = False
982.5061 	EXP 	Device response: <KeyPress from None: t=982.3763440999901, value=c, duration=0.1266232000052696>
983.3868 	EXP 	fixation: autoDraw = True
983.3868 	EXP 	line1: autoDraw = True
983.3868 	EXP 	line2: autoDraw = True
983.3868 	EXP 	line3: autoDraw = True
983.3868 	EXP 	line4: autoDraw = True
983.8215 	EXP 	Device response: <KeyPress from None: t=983.8094899999996, value=c, duration=None>
983.8233 	DATA 	Keypress: c
983.9542 	EXP 	Device response: <KeyPress from None: t=983.8094899999996, value=c, duration=0.13936869999452028>
984.2542 	EXP 	Device response: <KeyPress from None: t=984.2404225999926, value=c, duration=None>
984.2561 	DATA 	Keypress: c
984.3873 	INFO 	Keyboard events cleared
984.3870 	EXP 	fixation: autoDraw = False
984.3870 	EXP 	probe: autoDraw = True
984.6546 	EXP 	Device response: <KeyPress from None: t=984.6501565999934, value=c, duration=None>
984.6550 	EXP 	New trial (rep=49, index=198): <Trial 198 (198 in rep 49) data={'pos': 50, 'corr_resp': 'c', 'thisN': 198, 'thisTrialN': 198, 'thisRepN': 49}>
984.6562 	DATA 	Keypress: c
984.6703 	EXP 	fixation: autoDraw = False
984.6703 	EXP 	line1: autoDraw = False
984.6703 	EXP 	line2: autoDraw = False
984.6703 	EXP 	line3: autoDraw = False
984.6703 	EXP 	line4: autoDraw = False
984.6703 	EXP 	probe: autoDraw = False
984.7882 	EXP 	Device response: <KeyPress from None: t=984.2404225999926, value=c, duration=0.5305079000099795>
985.6702 	EXP 	fixation: autoDraw = True
985.6702 	EXP 	line1: autoDraw = True
985.6702 	EXP 	line2: autoDraw = True
985.6702 	EXP 	line3: autoDraw = True
985.6702 	EXP 	line4: autoDraw = True
986.2731 	DATA 	Keypress: c
986.2871 	EXP 	Device response: <KeyPress from None: t=986.2719866999978, value=c, duration=None>
986.4040 	EXP 	Device response: <KeyPress from None: t=984.6501565999934, value=c, duration=1.7453236000001198>
986.6709 	INFO 	Keyboard events cleared
986.6707 	EXP 	fixation: autoDraw = False
986.6707 	EXP 	probe: autoDraw = True
986.7216 	EXP 	Device response: <KeyPress from None: t=986.7192420999927, value=c, duration=None>
986.7221 	EXP 	New trial (rep=49, index=199): <Trial 199 (199 in rep 49) data={'pos': -150, 'corr_resp': 'z', 'thisN': 199, 'thisTrialN': 199, 'thisRepN': 49}>
986.7233 	DATA 	Keypress: c
986.7366 	EXP 	fixation: autoDraw = False
986.7366 	EXP 	line1: autoDraw = False
986.7366 	EXP 	line2: autoDraw = False
986.7366 	EXP 	line3: autoDraw = False
986.7366 	EXP 	line4: autoDraw = False
986.7366 	EXP 	probe: autoDraw = False
986.8868 	EXP 	Device response: <KeyPress from None: t=986.2719866999978, value=c, duration=0.607024700002512>
987.7242 	EXP 	fixation: autoDraw = True
987.7242 	EXP 	line1: autoDraw = True
987.7242 	EXP 	line2: autoDraw = True
987.7242 	EXP 	line3: autoDraw = True
987.7242 	EXP 	line4: autoDraw = True
987.7878 	EXP 	Device response: <KeyPress from None: t=987.78071739999, value=c, duration=None>
987.7918 	DATA 	Keypress: c
987.8844 	EXP 	Device response: <KeyPress from None: t=986.7192420999927, value=c, duration=1.1597125999978743>
988.5555 	DATA 	Keypress: c
988.5705 	EXP 	Device response: <KeyPress from None: t=988.5549555999896, value=c, duration=None>
988.7257 	EXP 	Device response: <KeyPress from None: t=987.78071739999, value=c, duration=0.9355189000052633>
988.7405 	INFO 	Keyboard events cleared
988.7402 	EXP 	fixation: autoDraw = False
988.7402 	EXP 	probe: autoDraw = True
989.0712 	EXP 	Device response: <KeyPress from None: t=989.0611635999958, value=c, duration=None>
989.0725 	DATA 	Keypress: c
989.0873 	EXP 	fixation: autoDraw = False
989.0873 	EXP 	line1: autoDraw = False
989.0873 	EXP 	line2: autoDraw = False
989.0873 	EXP 	line3: autoDraw = False
989.0873 	EXP 	line4: autoDraw = False
989.0873 	EXP 	probe: autoDraw = False
989.0878 	EXP 	Motor Sequence Learning Bhumika Bajaj AU2320057: status = STOPPED
989.2443 	INFO 	saved data to 'C:\\Users\\bhumika\\PSYLAB310\\Motor Sequence Learning Bhumika Bajaj AU2320057\\data\\Participant 4 _Motor Sequence Learning Bhumika Bajaj AU2320057_2025-10-03_16h15.22.590.csv'
989.2768 	INFO 	saved data to C:\Users\bhumika\PSYLAB310\Motor Sequence Learning Bhumika Bajaj AU2320057\data\Participant 4 _Motor Sequence Learning Bhumika Bajaj AU2320057_2025-10-03_16h15.22.590.psydat
992.6107 	WARNING 	Stopping key buffers but this could be dangerous ifother keyboards rely on the same.
992.6998 	WARNING 	Stopping key buffers but this could be dangerous ifother keyboards rely on the same.
