study_word,thisN,thisTrialN,thisRepN,slider.response,slider.rt,test_word,Reference,old_new,textbox.text,testmouse.x,testmouse.y,testmouse.leftButton,testmouse.midButton,testmouse.rightButton,testmouse.time,testmouse.clicked_name,trials.thisRepN,trials.thisTrialN,trials.thisN,trials.thisIndex,trials_2.thisRepN,trials_2.thisTrialN,trials_2.thisN,trials_2.thisIndex,thisRow.t,notes,trial.started,text.started,slider.started,trial.stopped,trials.slider.response,trials.slider.rt,test.started,text_2.started,textbox.started,text_3.started,testmouse.started,test.stopped,trials_2.textbox.text,trials_2.testmouse.x,trials_2.testmouse.y,trials_2.testmouse.leftButton,trials_2.testmouse.midButton,trials_2.testmouse.rightButton,trials_2.testmouse.time,trials_2.testmouse.clicked_name,participant,session,date,expName,expVersion,psychopyVersion,frameRate,expStart,
book,0,0,0,1,1.1867471999721602,,,,,,,,,,,,0,0,0,0,,,,,0.02410590008366853,,0.014336700085550547,0.02410590008366853,0.02410590008366853,1.2197603000095114,1,1.1867471999721602,,,,,,,,,,,,,,,Participant 01,001,2025-10-16_17h51.32.797,Word Priming Experiment,,2025.1.1,120.23349343055776,2025-10-16 17h51.46.329826 +0530,
Police,1,1,0,1.875,1.211583000025712,,,,,,,,,,,,0,1,1,12,,,,,1.2493588000070304,,1.2261049000080675,1.2493588000070304,1.2493588000070304,2.4503626000368968,1.875,1.211583000025712,,,,,,,,,,,,,,,Participant 01,001,2025-10-16_17h51.32.797,Word Priming Experiment,,2025.1.1,120.23349343055776,2025-10-16 17h51.46.329826 +0530,
board,2,2,0,1,1.3170822999672964,,,,,,,,,,,,0,2,2,4,,,,,2.4663732000626624,,2.4543225000379607,2.4663732000626624,2.4663732000626624,3.784580400097184,1,1.3170822999672964,,,,,,,,,,,,,,,Participant 01,001,2025-10-16_17h51.32.797,Word Priming Experiment,,2025.1.1,120.23349343055776,2025-10-16 17h51.46.329826 +0530,
Keys,3,3,0,1.94,1.2391006000107154,,,,,,,,,,,,0,3,3,13,,,,,3.7996153000276536,,3.7898921000305563,3.7996153000276536,3.7996153000276536,5.043987400014885,1.94,1.2391006000107154,,,,,,,,,,,,,,,Participant 01,001,2025-10-16_17h51.32.797,Word Priming Experiment,,2025.1.1,120.23349343055776,2025-10-16 17h51.46.329826 +0530,
marble,4,4,0,1.045,1.121015299926512,,,,,,,,,,,,0,4,4,3,,,,,5.058201200095937,,5.0478842000011355,5.058201200095937,5.058201200095937,6.183810100075789,1.045,1.121015299926512,,,,,,,,,,,,,,,Participant 01,001,2025-10-16_17h51.32.797,Word Priming Experiment,,2025.1.1,120.23349343055776,2025-10-16 17h51.46.329826 +0530,
Laptop,5,5,0,2.05,2.0141638999339193,,,,,,,,,,,,0,5,5,5,,,,,6.1997226000530645,,6.189582000020891,6.1997226000530645,6.1997226000530645,8.22505510004703,2.05,2.0141638999339193,,,,,,,,,,,,,,,Participant 01,001,2025-10-16_17h51.32.797,Word Priming Experiment,,2025.1.1,120.23349343055776,2025-10-16 17h51.46.329826 +0530,
mouse,6,6,0,2.05,0.7331536998972297,,,,,,,,,,,,0,6,6,8,,,,,8.241664400091395,,8.228894800064154,8.241664400091395,8.241664400091395,8.977248300099745,2.05,0.7331536998972297,,,,,,,,,,,,,,,Participant 01,001,2025-10-16_17h51.32.797,Word Priming Experiment,,2025.1.1,120.23349343055776,2025-10-16 17h51.46.329826 +0530,
Chart,7,7,0,2.05,0.6941776999738067,,,,,,,,,,,,0,7,7,6,,,,,9.007171500008553,,8.983318999991752,9.007171500008553,9.007171500008553,9.693949500098825,2.05,0.6941776999738067,,,,,,,,,,,,,,,Participant 01,001,2025-10-16_17h51.32.797,Word Priming Experiment,,2025.1.1,120.23349343055776,2025-10-16 17h51.46.329826 +0530,
phone,8,8,0,1.455,0.9606401999481022,,,,,,,,,,,,0,8,8,2,,,,,9.723937300033867,,9.70052110007964,9.723937300033867,9.723937300033867,10.675182500039227,1.455,0.9606401999481022,,,,,,,,,,,,,,,Participant 01,001,2025-10-16_17h51.32.797,Word Priming Experiment,,2025.1.1,120.23349343055776,2025-10-16 17h51.46.329826 +0530,
Pastry,9,9,0,1.115,1.1839798000873998,,,,,,,,,,,,0,9,9,9,,,,,10.691043300088495,,10.676750699989498,10.691043300088495,10.691043300088495,11.877263700007461,1.115,1.1839798000873998,,,,,,,,,,,,,,,Participant 01,001,2025-10-16_17h51.32.797,Word Priming Experiment,,2025.1.1,120.23349343055776,2025-10-16 17h51.46.329826 +0530,
cushion,10,10,0,1.115,0.5636420000810176,,,,,,,,,,,,0,10,10,1,,,,,11.891994600067846,,11.882201100001112,11.891994600067846,11.891994600067846,12.459213300026022,1.115,0.5636420000810176,,,,,,,,,,,,,,,Participant 01,001,2025-10-16_17h51.32.797,Word Priming Experiment,,2025.1.1,120.23349343055776,2025-10-16 17h51.46.329826 +0530,
Cruise,11,11,0,1.115,0.6658013999694958,,,,,,,,,,,,0,11,11,11,,,,,12.47472340008244,,12.462100300006568,12.47472340008244,12.47472340008244,13.143649500096217,1.115,0.6658013999694958,,,,,,,,,,,,,,,Participant 01,001,2025-10-16_17h51.32.797,Word Priming Experiment,,2025.1.1,120.23349343055776,2025-10-16 17h51.46.329826 +0530,
T-shirt,12,12,0,1.115,0.5305565999587998,,,,,,,,,,,,0,12,12,7,,,,,13.158484100014903,,13.148826000047848,13.158484100014903,13.158484100014903,13.692903200048022,1.115,0.5305565999587998,,,,,,,,,,,,,,,Participant 01,001,2025-10-16_17h51.32.797,Word Priming Experiment,,2025.1.1,120.23349343055776,2025-10-16 17h51.46.329826 +0530,
Poster,13,13,0,1.115,0.5656435999553651,,,,,,,,,,,,0,13,13,14,,,,,13.708230399992317,,13.694540000054985,13.708230399992317,13.708230399992317,14.276727400021628,1.115,0.5656435999553651,,,,,,,,,,,,,,,Participant 01,001,2025-10-16_17h51.32.797,Word Priming Experiment,,2025.1.1,120.23349343055776,2025-10-16 17h51.46.329826 +0530,
Case,14,14,0,1.115,0.4982926999218762,,,,,,,,,,,,0,14,14,10,,,,,14.29142280004453,,14.278435199987143,14.29142280004453,14.29142280004453,14.79198219999671,1.115,0.4982926999218762,,,,,,,,,,,,,,,Participant 01,001,2025-10-16_17h51.32.797,Word Priming Experiment,,2025.1.1,120.23349343055776,2025-10-16 17h51.46.329826 +0530,
board,15,0,1,1.115,0.6674536999780685,,,,,,,,,,,,1,0,15,4,,,,,14.808070600032806,,14.793551600072533,14.808070600032806,14.808070600032806,15.476233400055207,1.115,0.6674536999780685,,,,,,,,,,,,,,,Participant 01,001,2025-10-16_17h51.32.797,Word Priming Experiment,,2025.1.1,120.23349343055776,2025-10-16 17h51.46.329826 +0530,
Laptop,16,1,1,1.115,0.39892910001799464,,,,,,,,,,,,1,1,16,5,,,,,15.491421999991871,,15.477910400019027,15.491421999991871,15.491421999991871,15.893263600068167,1.115,0.39892910001799464,,,,,,,,,,,,,,,Participant 01,001,2025-10-16_17h51.32.797,Word Priming Experiment,,2025.1.1,120.23349343055776,2025-10-16 17h51.46.329826 +0530,
mouse,17,2,1,1.115,0.49692679999861866,,,,,,,,,,,,1,2,17,8,,,,,15.90813320002053,,15.897286800085567,15.90813320002053,15.90813320002053,16.408423600019887,1.115,0.49692679999861866,,,,,,,,,,,,,,,Participant 01,001,2025-10-16_17h51.32.797,Word Priming Experiment,,2025.1.1,120.23349343055776,2025-10-16 17h51.46.329826 +0530,
Cruise,18,3,1,1.115,0.18356400006450713,,,,,,,,,,,,1,3,18,11,,,,,16.425392200006172,,16.410180400009267,16.425392200006172,16.425392200006172,16.609737900085747,1.115,0.18356400006450713,,,,,,,,,,,,,,,Participant 01,001,2025-10-16_17h51.32.797,Word Priming Experiment,,2025.1.1,120.23349343055776,2025-10-16 17h51.46.329826 +0530,
T-shirt,19,4,1,1.115,0.23266069998499006,,,,,,,,,,,,1,4,19,7,,,,,16.624584300094284,,16.61132670007646,16.624584300094284,16.624584300094284,16.85897050006315,1.115,0.23266069998499006,,,,,,,,,,,,,,,Participant 01,001,2025-10-16_17h51.32.797,Word Priming Experiment,,2025.1.1,120.23349343055776,2025-10-16 17h51.46.329826 +0530,
Chart,20,5,1,1.115,0.1989047999959439,,,,,,,,,,,,1,5,20,6,,,,,16.875027800095268,,16.86260280001443,16.875027800095268,16.875027800095268,17.076351499999873,1.115,0.1989047999959439,,,,,,,,,,,,,,,Participant 01,001,2025-10-16_17h51.32.797,Word Priming Experiment,,2025.1.1,120.23349343055776,2025-10-16 17h51.46.329826 +0530,
Case,21,6,1,1.115,0.4809330999851227,,,,,,,,,,,,1,6,21,10,,,,,17.092216100078076,,17.080006400006823,17.092216100078076,17.092216100078076,17.57610880001448,1.115,0.4809330999851227,,,,,,,,,,,,,,,Participant 01,001,2025-10-16_17h51.32.797,Word Priming Experiment,,2025.1.1,120.23349343055776,2025-10-16 17h51.46.329826 +0530,
phone,22,7,1,1.115,0.6667974999872968,,,,,,,,,,,,1,7,22,2,,,,,17.591466600075364,,17.57778340007644,17.591466600075364,17.591466600075364,18.259318300057203,1.115,0.6667974999872968,,,,,,,,,,,,,,,Participant 01,001,2025-10-16_17h51.32.797,Word Priming Experiment,,2025.1.1,120.23349343055776,2025-10-16 17h51.46.329826 +0530,
Keys,23,8,1,1.115,0.5314273999538273,,,,,,,,,,,,1,8,23,13,,,,,18.27456280007027,,18.262456400087103,18.27456280007027,18.27456280007027,18.810028200037777,1.115,0.5314273999538273,,,,,,,,,,,,,,,Participant 01,001,2025-10-16_17h51.32.797,Word Priming Experiment,,2025.1.1,120.23349343055776,2025-10-16 17h51.46.329826 +0530,
Pastry,24,9,1,1.115,0.6341187000507489,,,,,,,,,,,,1,9,24,9,,,,,18.824558500084095,,18.813140399986878,18.824558500084095,18.824558500084095,19.45972560008522,1.115,0.6341187000507489,,,,,,,,,,,,,,,Participant 01,001,2025-10-16_17h51.32.797,Word Priming Experiment,,2025.1.1,120.23349343055776,2025-10-16 17h51.46.329826 +0530,
Poster,25,10,1,1.115,0.19588830007705837,,,,,,,,,,,,1,10,25,14,,,,,19.475305100088008,,19.462343999999575,19.475305100088008,19.475305100088008,19.67671880009584,1.115,0.19588830007705837,,,,,,,,,,,,,,,Participant 01,001,2025-10-16_17h51.32.797,Word Priming Experiment,,2025.1.1,120.23349343055776,2025-10-16 17h51.46.329826 +0530,
marble,26,11,1,1.115,0.1839567000279203,,,,,,,,,,,,1,11,26,3,,,,,19.6917478000978,,19.679596500005573,19.6917478000978,19.6917478000978,19.87876029999461,1.115,0.1839567000279203,,,,,,,,,,,,,,,Participant 01,001,2025-10-16_17h51.32.797,Word Priming Experiment,,2025.1.1,120.23349343055776,2025-10-16 17h51.46.329826 +0530,
cushion,27,12,1,1.115,0.2515333000337705,,,,,,,,,,,,1,12,27,1,,,,,19.891653800033964,,19.883577200002037,19.891653800033964,19.891653800033964,20.157917500007898,1.115,0.2515333000337705,,,,,,,,,,,,,,,Participant 01,001,2025-10-16_17h51.32.797,Word Priming Experiment,,2025.1.1,120.23349343055776,2025-10-16 17h51.46.329826 +0530,
book,28,13,1,1.175,1.5505099000874907,,,,,,,,,,,,1,13,28,0,,,,,20.175445400062017,,20.159242100082338,20.175445400062017,20.175445400062017,21.72543200000655,1.175,1.5505099000874907,,,,,,,,,,,,,,,Participant 01,001,2025-10-16_17h51.32.797,Word Priming Experiment,,2025.1.1,120.23349343055776,2025-10-16 17h51.46.329826 +0530,
Police,29,14,1,1.175,0.36188740003854036,,,,,,,,,,,,1,14,29,12,,,,,21.742399799986742,,21.727173499995843,21.742399799986742,21.742399799986742,22.10767300007865,1.175,0.36188740003854036,,,,,,,,,,,,,,,Participant 01,001,2025-10-16_17h51.32.797,Word Priming Experiment,,2025.1.1,120.23349343055776,2025-10-16 17h51.46.329826 +0530,
Cruise,30,0,2,1.175,0.19229299994185567,,,,,,,,,,,,2,0,30,11,,,,,22.12538250000216,,22.109225500025786,22.12538250000216,22.12538250000216,22.32521220005583,1.175,0.19229299994185567,,,,,,,,,,,,,,,Participant 01,001,2025-10-16_17h51.32.797,Word Priming Experiment,,2025.1.1,120.23349343055776,2025-10-16 17h51.46.329826 +0530,
Case,31,1,2,1.175,0.19972689996939152,,,,,,,,,,,,2,1,31,10,,,,,22.34229659999255,,22.326690100017004,22.34229659999255,22.34229659999255,22.54276760003995,1.175,0.19972689996939152,,,,,,,,,,,,,,,Participant 01,001,2025-10-16_17h51.32.797,Word Priming Experiment,,2025.1.1,120.23349343055776,2025-10-16 17h51.46.329826 +0530,
phone,32,2,2,1.175,0.15854109998326749,,,,,,,,,,,,2,2,32,2,,,,,22.558439400047064,,22.544294100021943,22.558439400047064,22.558439400047064,22.72448760003317,1.175,0.15854109998326749,,,,,,,,,,,,,,,Participant 01,001,2025-10-16_17h51.32.797,Word Priming Experiment,,2025.1.1,120.23349343055776,2025-10-16 17h51.46.329826 +0530,
T-shirt,33,3,2,1.175,0.21017409989144653,,,,,,,,,,,,2,3,33,7,,,,,22.74200850003399,,22.72608300007414,22.74200850003399,22.74200850003399,22.95765490003396,1.175,0.21017409989144653,,,,,,,,,,,,,,,Participant 01,001,2025-10-16_17h51.32.797,Word Priming Experiment,,2025.1.1,120.23349343055776,2025-10-16 17h51.46.329826 +0530,
book,34,4,2,1.175,0.4911979000316933,,,,,,,,,,,,2,4,34,0,,,,,22.97513500007335,,22.959259300027043,22.97513500007335,22.97513500007335,23.460417700000107,1.175,0.4911979000316933,,,,,,,,,,,,,,,Participant 01,001,2025-10-16_17h51.32.797,Word Priming Experiment,,2025.1.1,120.23349343055776,2025-10-16 17h51.46.329826 +0530,
board,35,5,2,1.175,0.40507029998116195,,,,,,,,,,,,2,5,35,4,,,,,23.47400899999775,,23.464317900012247,23.47400899999775,23.47400899999775,23.891133700031787,1.175,0.40507029998116195,,,,,,,,,,,,,,,Participant 01,001,2025-10-16_17h51.32.797,Word Priming Experiment,,2025.1.1,120.23349343055776,2025-10-16 17h51.46.329826 +0530,
Poster,36,6,2,1.175,0.2076113000512123,,,,,,,,,,,,2,6,36,14,,,,,23.90891520003788,,23.893940799986012,23.90891520003788,23.90891520003788,24.110707900021225,1.175,0.2076113000512123,,,,,,,,,,,,,,,Participant 01,001,2025-10-16_17h51.32.797,Word Priming Experiment,,2025.1.1,120.23349343055776,2025-10-16 17h51.46.329826 +0530,
mouse,37,7,2,1.175,0.18957399995997548,,,,,,,,,,,,2,7,37,8,,,,,24.12451770005282,,24.113206100068055,24.12451770005282,24.12451770005282,24.324717000010423,1.175,0.18957399995997548,,,,,,,,,,,,,,,Participant 01,001,2025-10-16_17h51.32.797,Word Priming Experiment,,2025.1.1,120.23349343055776,2025-10-16 17h51.46.329826 +0530,
Keys,38,8,2,1.175,0.19684200000483543,,,,,,,,,,,,2,8,38,13,,,,,24.341929399990477,,24.32614180003293,24.341929399990477,24.341929399990477,24.54214120004326,1.175,0.19684200000483543,,,,,,,,,,,,,,,Participant 01,001,2025-10-16_17h51.32.797,Word Priming Experiment,,2025.1.1,120.23349343055776,2025-10-16 17h51.46.329826 +0530,
marble,39,9,2,1.175,0.37060489994473755,,,,,,,,,,,,2,9,39,3,,,,,24.559220700059086,,24.546227400074713,24.559220700059086,24.559220700059086,24.94118610001169,1.175,0.37060489994473755,,,,,,,,,,,,,,,Participant 01,001,2025-10-16_17h51.32.797,Word Priming Experiment,,2025.1.1,120.23349343055776,2025-10-16 17h51.46.329826 +0530,
Pastry,40,10,2,1.175,0.19157639995682985,,,,,,,,,,,,2,10,40,9,,,,,24.959547400008887,,24.942806800012477,24.959547400008887,24.959547400008887,25.157681100070477,1.175,0.19157639995682985,,,,,,,,,,,,,,,Participant 01,001,2025-10-16_17h51.32.797,Word Priming Experiment,,2025.1.1,120.23349343055776,2025-10-16 17h51.46.329826 +0530,
Police,41,11,2,1.175,0.15799690003041178,,,,,,,,,,,,2,11,41,12,,,,,25.175249200081453,,25.15936900000088,25.175249200081453,25.175249200081453,25.326304099988192,1.175,0.15799690003041178,,,,,,,,,,,,,,,Participant 01,001,2025-10-16_17h51.32.797,Word Priming Experiment,,2025.1.1,120.23349343055776,2025-10-16 17h51.46.329826 +0530,
Laptop,42,12,2,1.175,0.18325550004374236,,,,,,,,,,,,2,12,42,5,,,,,25.341345900087617,,25.32775360008236,25.341345900087617,25.341345900087617,25.527659500017762,1.175,0.18325550004374236,,,,,,,,,,,,,,,Participant 01,001,2025-10-16_17h51.32.797,Word Priming Experiment,,2025.1.1,120.23349343055776,2025-10-16 17h51.46.329826 +0530,
cushion,43,13,2,1.175,0.18629979994148016,,,,,,,,,,,,2,13,43,1,,,,,25.541484000044875,,25.529359200038016,25.541484000044875,25.541484000044875,25.741115000098944,1.175,0.18629979994148016,,,,,,,,,,,,,,,Participant 01,001,2025-10-16_17h51.32.797,Word Priming Experiment,,2025.1.1,120.23349343055776,2025-10-16 17h51.46.329826 +0530,
Chart,44,14,2,1.175,0.18495809996966273,,,,,,,,,,,,2,14,44,6,,,,,25.75866930000484,,25.742714300053194,25.75866930000484,25.75866930000484,25.942857200047,1.175,0.18495809996966273,,,,,,,,,,,,,,,Participant 01,001,2025-10-16_17h51.32.797,Word Priming Experiment,,2025.1.1,120.23349343055776,2025-10-16 17h51.46.329826 +0530,
Poster,45,0,3,1.175,0.18605080002453178,,,,,,,,,,,,3,0,45,14,,,,,25.957670700037852,,25.946233100024983,25.957670700037852,25.957670700037852,26.143265000078827,1.175,0.18605080002453178,,,,,,,,,,,,,,,Participant 01,001,2025-10-16_17h51.32.797,Word Priming Experiment,,2025.1.1,120.23349343055776,2025-10-16 17h51.46.329826 +0530,
marble,46,1,3,1.175,0.1735259999986738,,,,,,,,,,,,3,1,46,3,,,,,26.15827320003882,,26.14484490000177,26.15827320003882,26.15827320003882,26.327220100094564,1.175,0.1735259999986738,,,,,,,,,,,,,,,Participant 01,001,2025-10-16_17h51.32.797,Word Priming Experiment,,2025.1.1,120.23349343055776,2025-10-16 17h51.46.329826 +0530,
Police,47,2,3,1.175,0.19389979995321482,,,,,,,,,,,,3,2,47,12,,,,,26.342014400055632,,26.330976700061,26.342014400055632,26.342014400055632,26.54308110009879,1.175,0.19389979995321482,,,,,,,,,,,,,,,Participant 01,001,2025-10-16_17h51.32.797,Word Priming Experiment,,2025.1.1,120.23349343055776,2025-10-16 17h51.46.329826 +0530,
mouse,48,3,3,1.175,0.13386949989944696,,,,,,,,,,,,3,3,48,8,,,,,26.558579600066878,,26.544574800063856,26.558579600066878,26.558579600066878,26.692223499994725,1.175,0.13386949989944696,,,,,,,,,,,,,,,Participant 01,001,2025-10-16_17h51.32.797,Word Priming Experiment,,2025.1.1,120.23349343055776,2025-10-16 17h51.46.329826 +0530,
book,49,4,3,2.815,0.6481495999032632,,,,,,,,,,,,3,4,49,0,,,,,26.708358900039457,,26.69368690007832,26.708358900039457,26.708358900039457,27.350497200037353,2.815,0.6481495999032632,,,,,,,,,,,,,,,Participant 01,001,2025-10-16_17h51.32.797,Word Priming Experiment,,2025.1.1,120.23349343055776,2025-10-16 17h51.46.329826 +0530,
Cruise,50,5,3,2.8,0.3751553000183776,,,,,,,,,,,,3,5,50,11,,,,,27.358107200008817,,27.352073300047778,27.358107200008817,27.358107200008817,27.749788800021634,2.8,0.3751553000183776,,,,,,,,,,,,,,,Participant 01,001,2025-10-16_17h51.32.797,Word Priming Experiment,,2025.1.1,120.23349343055776,2025-10-16 17h51.46.329826 +0530,
T-shirt,51,6,3,2.8,0.16983660007826984,,,,,,,,,,,,3,6,51,7,,,,,27.768432400072925,,27.751297200098634,27.768432400072925,27.768432400072925,27.937015100033022,2.8,0.16983660007826984,,,,,,,,,,,,,,,Participant 01,001,2025-10-16_17h51.32.797,Word Priming Experiment,,2025.1.1,120.23349343055776,2025-10-16 17h51.46.329826 +0530,
Keys,52,7,3,2.8,0.18146500003058463,,,,,,,,,,,,3,7,52,13,,,,,27.96598920004908,,27.941213999991305,27.96598920004908,27.96598920004908,28.13675870001316,2.8,0.18146500003058463,,,,,,,,,,,,,,,Participant 01,001,2025-10-16_17h51.32.797,Word Priming Experiment,,2025.1.1,120.23349343055776,2025-10-16 17h51.46.329826 +0530,
cushion,53,8,3,2.8,0.1956044000107795,,,,,,,,,,,,3,8,53,1,,,,,28.150132200098597,,28.14046290004626,28.150132200098597,28.150132200098597,28.354489600053057,2.8,0.1956044000107795,,,,,,,,,,,,,,,Participant 01,001,2025-10-16_17h51.32.797,Word Priming Experiment,,2025.1.1,120.23349343055776,2025-10-16 17h51.46.329826 +0530,
board,54,9,3,2.8,0.16427099995780736,,,,,,,,,,,,3,9,54,4,,,,,28.36691950005479,,28.356312100077048,28.36691950005479,28.36691950005479,28.53373140003532,2.8,0.16427099995780736,,,,,,,,,,,,,,,Participant 01,001,2025-10-16_17h51.32.797,Word Priming Experiment,,2025.1.1,120.23349343055776,2025-10-16 17h51.46.329826 +0530,
Case,55,10,3,2.8,0.18487100000493228,,,,,,,,,,,,3,10,55,10,,,,,28.551086500054225,,28.535165400011465,28.551086500054225,28.551086500054225,28.733816600055434,2.8,0.18487100000493228,,,,,,,,,,,,,,,Participant 01,001,2025-10-16_17h51.32.797,Word Priming Experiment,,2025.1.1,120.23349343055776,2025-10-16 17h51.46.329826 +0530,
Laptop,56,11,3,2.8,0.1345626999391243,,,,,,,,,,,,3,11,56,5,,,,,28.750878700055182,,28.737299900036305,28.750878700055182,28.750878700055182,28.884619100019336,2.8,0.1345626999391243,,,,,,,,,,,,,,,Participant 01,001,2025-10-16_17h51.32.797,Word Priming Experiment,,2025.1.1,120.23349343055776,2025-10-16 17h51.46.329826 +0530,
Pastry,57,12,3,2.8,0.23306500003673136,,,,,,,,,,,,3,12,57,9,,,,,28.899917200091295,,28.88612020004075,28.899917200091295,28.899917200091295,29.134484100039117,2.8,0.23306500003673136,,,,,,,,,,,,,,,Participant 01,001,2025-10-16_17h51.32.797,Word Priming Experiment,,2025.1.1,120.23349343055776,2025-10-16 17h51.46.329826 +0530,
Chart,58,13,3,2.8,0.23544839990790933,,,,,,,,,,,,3,13,58,6,,,,,29.15021270001307,,29.13598570006434,29.15021270001307,29.15021270001307,29.384322500089183,2.8,0.23544839990790933,,,,,,,,,,,,,,,Participant 01,001,2025-10-16_17h51.32.797,Word Priming Experiment,,2025.1.1,120.23349343055776,2025-10-16 17h51.46.329826 +0530,
phone,59,14,3,2.8,0.19770710007287562,,,,,,,,,,,,3,14,59,2,,,,,29.400454699993134,,29.3858047000831,29.400454699993134,29.400454699993134,29.602171900100075,2.8,0.19770710007287562,,,,,,,,,,,,,,,Participant 01,001,2025-10-16_17h51.32.797,Word Priming Experiment,,2025.1.1,120.23349343055776,2025-10-16 17h51.46.329826 +0530,
Cruise,60,0,4,2.8,0.1818894000025466,,,,,,,,,,,,4,0,60,11,,,,,29.61686519999057,,29.60385790001601,29.61686519999057,29.61686519999057,29.801308099995367,2.8,0.1818894000025466,,,,,,,,,,,,,,,Participant 01,001,2025-10-16_17h51.32.797,Word Priming Experiment,,2025.1.1,120.23349343055776,2025-10-16 17h51.46.329826 +0530,
cushion,61,1,4,2.13,1.2595344999572262,,,,,,,,,,,,4,1,61,1,,,,,29.817074400023557,,29.80280840001069,29.817074400023557,29.817074400023557,31.080450400011614,2.13,1.2595344999572262,,,,,,,,,,,,,,,Participant 01,001,2025-10-16_17h51.32.797,Word Priming Experiment,,2025.1.1,120.23349343055776,2025-10-16 17h51.46.329826 +0530,
Chart,62,2,4,2.13,0.19782959995791316,,,,,,,,,,,,4,2,62,6,,,,,31.10715930000879,,31.081973700085655,31.10715930000879,31.10715930000879,31.292899699998088,2.13,0.19782959995791316,,,,,,,,,,,,,,,Participant 01,001,2025-10-16_17h51.32.797,Word Priming Experiment,,2025.1.1,120.23349343055776,2025-10-16 17h51.46.329826 +0530,
mouse,63,3,4,2.13,0.16678509989287704,,,,,,,,,,,,4,3,63,8,,,,,31.30821000004653,,31.294378000078723,31.30821000004653,31.30821000004653,31.475937100010924,2.13,0.16678509989287704,,,,,,,,,,,,,,,Participant 01,001,2025-10-16_17h51.32.797,Word Priming Experiment,,2025.1.1,120.23349343055776,2025-10-16 17h51.46.329826 +0530,
T-shirt,64,4,4,2.13,0.38348099996801466,,,,,,,,,,,,4,4,64,7,,,,,31.491211600019597,,31.477429500082508,31.491211600019597,31.491211600019597,31.876197000034153,2.13,0.38348099996801466,,,,,,,,,,,,,,,Participant 01,001,2025-10-16_17h51.32.797,Word Priming Experiment,,2025.1.1,120.23349343055776,2025-10-16 17h51.46.329826 +0530,
board,65,5,4,2.13,0.20182369998656213,,,,,,,,,,,,4,5,65,4,,,,,31.891717600054108,,31.877672400092706,31.891717600054108,31.891717600054108,32.09434860001784,2.13,0.20182369998656213,,,,,,,,,,,,,,,Participant 01,001,2025-10-16_17h51.32.797,Word Priming Experiment,,2025.1.1,120.23349343055776,2025-10-16 17h51.46.329826 +0530,
Keys,66,6,4,2.13,0.19020159996580333,,,,,,,,,,,,4,6,66,13,,,,,32.108390400069766,,32.09589810005855,32.108390400069766,32.108390400069766,32.307859800057486,2.13,0.19020159996580333,,,,,,,,,,,,,,,Participant 01,001,2025-10-16_17h51.32.797,Word Priming Experiment,,2025.1.1,120.23349343055776,2025-10-16 17h51.46.329826 +0530,
Pastry,67,7,4,2.13,0.20415809995029122,,,,,,,,,,,,4,7,67,9,,,,,32.32541270006914,,32.309307000017725,32.32541270006914,32.32541270006914,32.5275109000504,2.13,0.20415809995029122,,,,,,,,,,,,,,,Participant 01,001,2025-10-16_17h51.32.797,Word Priming Experiment,,2025.1.1,120.23349343055776,2025-10-16 17h51.46.329826 +0530,
phone,68,8,4,2.13,0.2651173999765888,,,,,,,,,,,,4,8,68,2,,,,,32.54192160000093,,32.528990100021474,32.54192160000093,32.54192160000093,32.81032510008663,2.13,0.2651173999765888,,,,,,,,,,,,,,,Participant 01,001,2025-10-16_17h51.32.797,Word Priming Experiment,,2025.1.1,120.23349343055776,2025-10-16 17h51.46.329826 +0530,
book,69,9,4,2.13,0.16605509992223233,,,,,,,,,,,,4,9,69,0,,,,,32.8247520000441,,32.811757200048305,32.8247520000441,32.8247520000441,32.99320600007195,2.13,0.16605509992223233,,,,,,,,,,,,,,,Participant 01,001,2025-10-16_17h51.32.797,Word Priming Experiment,,2025.1.1,120.23349343055776,2025-10-16 17h51.46.329826 +0530,
Laptop,70,10,4,2.13,0.1670701999682933,,,,,,,,,,,,4,10,70,5,,,,,33.00818620005157,,32.99471340002492,33.00818620005157,33.00818620005157,33.177619100082666,2.13,0.1670701999682933,,,,,,,,,,,,,,,Participant 01,001,2025-10-16_17h51.32.797,Word Priming Experiment,,2025.1.1,120.23349343055776,2025-10-16 17h51.46.329826 +0530,
Poster,71,11,4,2.13,0.1674240999855101,,,,,,,,,,,,4,11,71,14,,,,,33.1911178000737,,33.17909380001947,33.1911178000737,33.1911178000737,33.3601957000792,2.13,0.1674240999855101,,,,,,,,,,,,,,,Participant 01,001,2025-10-16_17h51.32.797,Word Priming Experiment,,2025.1.1,120.23349343055776,2025-10-16 17h51.46.329826 +0530,
marble,72,12,4,2.13,0.18143620004411787,,,,,,,,,,,,4,12,72,3,,,,,33.37427630007733,,33.364008600008674,33.37427630007733,33.37427630007733,33.5595539000351,2.13,0.18143620004411787,,,,,,,,,,,,,,,Participant 01,001,2025-10-16_17h51.32.797,Word Priming Experiment,,2025.1.1,120.23349343055776,2025-10-16 17h51.46.329826 +0530,
Case,73,13,4,2.13,0.16420859994832426,,,,,,,,,,,,4,13,73,10,,,,,33.57448479998857,,33.56327510008123,33.57448479998857,33.57448479998857,33.742583699990064,2.13,0.16420859994832426,,,,,,,,,,,,,,,Participant 01,001,2025-10-16_17h51.32.797,Word Priming Experiment,,2025.1.1,120.23349343055776,2025-10-16 17h51.46.329826 +0530,
Police,74,14,4,2.13,0.16805899993050843,,,,,,,,,,,,4,14,74,12,,,,,33.7581072000321,,33.74419870006386,33.7581072000321,33.7581072000321,33.92573490005452,2.13,0.16805899993050843,,,,,,,,,,,,,,,Participant 01,001,2025-10-16_17h51.32.797,Word Priming Experiment,,2025.1.1,120.23349343055776,2025-10-16 17h51.46.329826 +0530,
Laptop,75,0,5,2.13,0.1720479999203235,,,,,,,,,,,,5,0,75,5,,,,,33.94172470003832,,33.92720330005977,33.94172470003832,33.94172470003832,34.10937170009129,2.13,0.1720479999203235,,,,,,,,,,,,,,,Participant 01,001,2025-10-16_17h51.32.797,Word Priming Experiment,,2025.1.1,120.23349343055776,2025-10-16 17h51.46.329826 +0530,
cushion,76,1,5,2.13,0.16760400007478893,,,,,,,,,,,,5,1,76,1,,,,,34.1251193000935,,34.11099210008979,34.1251193000935,34.1251193000935,34.29444470000453,2.13,0.16760400007478893,,,,,,,,,,,,,,,Participant 01,001,2025-10-16_17h51.32.797,Word Priming Experiment,,2025.1.1,120.23349343055776,2025-10-16 17h51.46.329826 +0530,
mouse,77,2,5,2.13,0.21178740006871521,,,,,,,,,,,,5,2,77,8,,,,,34.30865490005817,,34.29630929999985,34.30865490005817,34.30865490005817,34.525641400017776,2.13,0.21178740006871521,,,,,,,,,,,,,,,Participant 01,001,2025-10-16_17h51.32.797,Word Priming Experiment,,2025.1.1,120.23349343055776,2025-10-16 17h51.46.329826 +0530,
board,78,3,5,2.13,0.16695889993570745,,,,,,,,,,,,5,3,78,4,,,,,34.54154950007796,,34.52876550005749,34.54154950007796,34.54154950007796,34.70897340006195,2.13,0.16695889993570745,,,,,,,,,,,,,,,Participant 01,001,2025-10-16_17h51.32.797,Word Priming Experiment,,2025.1.1,120.23349343055776,2025-10-16 17h51.46.329826 +0530,
book,79,4,5,2.13,0.2216232999926433,,,,,,,,,,,,5,4,79,0,,,,,34.724472200032324,,34.71043840004131,34.724472200032324,34.724472200032324,34.94410130009055,2.13,0.2216232999926433,,,,,,,,,,,,,,,Participant 01,001,2025-10-16_17h51.32.797,Word Priming Experiment,,2025.1.1,120.23349343055776,2025-10-16 17h51.46.329826 +0530,
phone,80,5,5,2.13,0.1986181999091059,,,,,,,,,,,,5,5,80,2,,,,,34.95838160009589,,34.94590260006953,34.95838160009589,34.95838160009589,35.158949300064705,2.13,0.1986181999091059,,,,,,,,,,,,,,,Participant 01,001,2025-10-16_17h51.32.797,Word Priming Experiment,,2025.1.1,120.23349343055776,2025-10-16 17h51.46.329826 +0530,
Case,81,6,5,2.13,0.19851929997093976,,,,,,,,,,,,5,6,81,10,,,,,35.1748765000375,,35.160319400019944,35.1748765000375,35.1748765000375,35.37602940003853,2.13,0.19851929997093976,,,,,,,,,,,,,,,Participant 01,001,2025-10-16_17h51.32.797,Word Priming Experiment,,2025.1.1,120.23349343055776,2025-10-16 17h51.46.329826 +0530,
T-shirt,82,7,5,2.13,0.16679539997130632,,,,,,,,,,,,5,7,82,7,,,,,35.39127430005465,,35.377601800020784,35.39127430005465,35.39127430005465,35.558800900005735,2.13,0.16679539997130632,,,,,,,,,,,,,,,Participant 01,001,2025-10-16_17h51.32.797,Word Priming Experiment,,2025.1.1,120.23349343055776,2025-10-16 17h51.46.329826 +0530,
Poster,83,8,5,2.13,0.16517759999260306,,,,,,,,,,,,5,8,83,14,,,,,35.574557800078765,,35.56211820000317,35.574557800078765,35.574557800078765,35.74346870009322,2.13,0.16517759999260306,,,,,,,,,,,,,,,Participant 01,001,2025-10-16_17h51.32.797,Word Priming Experiment,,2025.1.1,120.23349343055776,2025-10-16 17h51.46.329826 +0530,
Keys,84,9,5,2.13,0.1809659000718966,,,,,,,,,,,,5,9,84,13,,,,,35.75769360002596,,35.747591600054875,35.75769360002596,35.75769360002596,35.94364820001647,2.13,0.1809659000718966,,,,,,,,,,,,,,,Participant 01,001,2025-10-16_17h51.32.797,Word Priming Experiment,,2025.1.1,120.23349343055776,2025-10-16 17h51.46.329826 +0530,
Pastry,85,10,5,2.13,0.20131649996619672,,,,,,,,,,,,5,10,85,9,,,,,35.95813160005491,,35.945145300007425,35.95813160005491,35.95813160005491,36.15952890005428,2.13,0.20131649996619672,,,,,,,,,,,,,,,Participant 01,001,2025-10-16_17h51.32.797,Word Priming Experiment,,2025.1.1,120.23349343055776,2025-10-16 17h51.46.329826 +0530,
marble,86,11,5,2.13,0.18479149998165667,,,,,,,,,,,,5,11,86,3,,,,,36.17431030003354,,36.16101270006038,36.17431030003354,36.17431030003354,36.35905670002103,2.13,0.18479149998165667,,,,,,,,,,,,,,,Participant 01,001,2025-10-16_17h51.32.797,Word Priming Experiment,,2025.1.1,120.23349343055776,2025-10-16 17h51.46.329826 +0530,
Chart,87,12,5,2.13,0.2071163000073284,,,,,,,,,,,,5,12,87,6,,,,,36.37442650005687,,36.36052430002019,36.37442650005687,36.37442650005687,36.59132660005707,2.13,0.2071163000073284,,,,,,,,,,,,,,,Participant 01,001,2025-10-16_17h51.32.797,Word Priming Experiment,,2025.1.1,120.23349343055776,2025-10-16 17h51.46.329826 +0530,
Cruise,88,13,5,2.915,0.856205299962312,,,,,,,,,,,,5,13,88,11,,,,,36.60860550007783,,36.59455140004866,36.60860550007783,36.60860550007783,37.459332300000824,2.915,0.856205299962312,,,,,,,,,,,,,,,Participant 01,001,2025-10-16_17h51.32.797,Word Priming Experiment,,2025.1.1,120.23349343055776,2025-10-16 17h51.46.329826 +0530,
Police,89,14,5,2.915,0.4247104999376461,,,,,,,,,,,,5,14,89,12,,,,,37.47339950001333,,37.46097540005576,37.47339950001333,37.47339950001333,37.90260260005016,2.915,0.4247104999376461,,,,,,,,,,,,,,,Participant 01,001,2025-10-16_17h51.32.797,Word Priming Experiment,,2025.1.1,120.23349343055776,2025-10-16 17h51.46.329826 +0530,
Pastry,90,0,6,2.915,0.18434809998143464,,,,,,,,,,,,6,0,90,9,,,,,37.91653110005427,,37.906535100075416,37.91653110005427,37.91653110005427,38.10222350002732,2.915,0.18434809998143464,,,,,,,,,,,,,,,Participant 01,001,2025-10-16_17h51.32.797,Word Priming Experiment,,2025.1.1,120.23349343055776,2025-10-16 17h51.46.329826 +0530,
Keys,91,1,6,2.915,0.20053889998234808,,,,,,,,,,,,6,1,91,13,,,,,38.1162089999998,,38.10446090006735,38.1162089999998,38.1162089999998,38.3182585000759,2.915,0.20053889998234808,,,,,,,,,,,,,,,Participant 01,001,2025-10-16_17h51.32.797,Word Priming Experiment,,2025.1.1,120.23349343055776,2025-10-16 17h51.46.329826 +0530,
Laptop,92,2,6,2.915,0.18748809990938753,,,,,,,,,,,,6,2,92,5,,,,,38.333336999989115,,38.3221623999998,38.333336999989115,38.333336999989115,38.53289610007778,2.915,0.18748809990938753,,,,,,,,,,,,,,,Participant 01,001,2025-10-16_17h51.32.797,Word Priming Experiment,,2025.1.1,120.23349343055776,2025-10-16 17h51.46.329826 +0530,
mouse,93,3,6,2.915,0.15653749997727573,,,,,,,,,,,,6,3,93,8,,,,,38.55012650007848,,38.53616130002774,38.55012650007848,38.55012650007848,38.701490200008266,2.915,0.15653749997727573,,,,,,,,,,,,,,,Participant 01,001,2025-10-16_17h51.32.797,Word Priming Experiment,,2025.1.1,120.23349343055776,2025-10-16 17h51.46.329826 +0530,
Police,94,4,6,2.915,0.18619869998656213,,,,,,,,,,,,6,4,94,12,,,,,38.71605480008293,,38.702971999999136,38.71605480008293,38.71605480008293,38.90196610009298,2.915,0.18619869998656213,,,,,,,,,,,,,,,Participant 01,001,2025-10-16_17h51.32.797,Word Priming Experiment,,2025.1.1,120.23349343055776,2025-10-16 17h51.46.329826 +0530,
T-shirt,95,5,6,2.915,0.1831826000707224,,,,,,,,,,,,6,5,95,7,,,,,38.916397000080906,,38.903511599986814,38.916397000080906,38.916397000080906,39.1020598000614,2.915,0.1831826000707224,,,,,,,,,,,,,,,Participant 01,001,2025-10-16_17h51.32.797,Word Priming Experiment,,2025.1.1,120.23349343055776,2025-10-16 17h51.46.329826 +0530,
book,96,6,6,2.915,0.18116250005550683,,,,,,,,,,,,6,6,96,0,,,,,39.11619279999286,,39.10351530008484,39.11619279999286,39.11619279999286,39.3004589000484,2.915,0.18116250005550683,,,,,,,,,,,,,,,Participant 01,001,2025-10-16_17h51.32.797,Word Priming Experiment,,2025.1.1,120.23349343055776,2025-10-16 17h51.46.329826 +0530,
board,97,7,6,2.915,0.18337880005128682,,,,,,,,,,,,6,7,97,4,,,,,39.316254700068384,,39.30192330002319,39.316254700068384,39.316254700068384,39.50231800007168,2.915,0.18337880005128682,,,,,,,,,,,,,,,Participant 01,001,2025-10-16_17h51.32.797,Word Priming Experiment,,2025.1.1,120.23349343055776,2025-10-16 17h51.46.329826 +0530,
phone,98,8,6,2.915,0.19915350002702326,,,,,,,,,,,,6,8,98,2,,,,,39.51582650002092,,39.50384410005063,39.51582650002092,39.51582650002092,39.71691349998582,2.915,0.19915350002702326,,,,,,,,,,,,,,,Participant 01,001,2025-10-16_17h51.32.797,Word Priming Experiment,,2025.1.1,120.23349343055776,2025-10-16 17h51.46.329826 +0530,
Cruise,99,9,6,2.915,0.1919649998890236,,,,,,,,,,,,6,9,99,11,,,,,39.73295040009543,,39.71842340007424,39.73295040009543,39.73295040009543,39.93253770004958,2.915,0.1919649998890236,,,,,,,,,,,,,,,Participant 01,001,2025-10-16_17h51.32.797,Word Priming Experiment,,2025.1.1,120.23349343055776,2025-10-16 17h51.46.329826 +0530,
Chart,100,10,6,2.1550000000000002,0.6488828000146896,,,,,,,,,,,,6,10,100,6,,,,,39.95096300006844,,39.93403170001693,39.95096300006844,39.95096300006844,40.59247400006279,2.1550000000000002,0.6488828000146896,,,,,,,,,,,,,,,Participant 01,001,2025-10-16_17h51.32.797,Word Priming Experiment,,2025.1.1,120.23349343055776,2025-10-16 17h51.46.329826 +0530,
marble,101,11,6,2.1550000000000002,0.424895100062713,,,,,,,,,,,,6,11,101,3,,,,,40.60682360001374,,40.59397849999368,40.60682360001374,40.60682360001374,41.035731000010855,2.1550000000000002,0.424895100062713,,,,,,,,,,,,,,,Participant 01,001,2025-10-16_17h51.32.797,Word Priming Experiment,,2025.1.1,120.23349343055776,2025-10-16 17h51.46.329826 +0530,
Poster,102,12,6,2.1550000000000002,0.1881090000970289,,,,,,,,,,,,6,12,102,14,,,,,41.04965870000888,,41.03941810003016,41.04965870000888,41.04965870000888,41.24937000009231,2.1550000000000002,0.1881090000970289,,,,,,,,,,,,,,,Participant 01,001,2025-10-16_17h51.32.797,Word Priming Experiment,,2025.1.1,120.23349343055776,2025-10-16 17h51.46.329826 +0530,
Case,103,13,6,2.1550000000000002,0.17351029999554157,,,,,,,,,,,,6,13,103,10,,,,,41.26649130007718,,41.252299300045706,41.26649130007718,41.26649130007718,41.43396669998765,2.1550000000000002,0.17351029999554157,,,,,,,,,,,,,,,Participant 01,001,2025-10-16_17h51.32.797,Word Priming Experiment,,2025.1.1,120.23349343055776,2025-10-16 17h51.46.329826 +0530,
cushion,104,14,6,2.1550000000000002,0.20793200004845858,,,,,,,,,,,,6,14,104,1,,,,,41.44949920009822,,41.43548600003123,41.44949920009822,41.44949920009822,41.666221700026654,2.1550000000000002,0.20793200004845858,,,,,,,,,,,,,,,Participant 01,001,2025-10-16_17h51.32.797,Word Priming Experiment,,2025.1.1,120.23349343055776,2025-10-16 17h51.46.329826 +0530,
Poster,105,0,7,2.1550000000000002,0.1510225998936221,,,,,,,,,,,,7,0,105,14,,,,,41.683423200040124,,41.66769550007302,41.683423200040124,41.683423200040124,41.83389840007294,2.1550000000000002,0.1510225998936221,,,,,,,,,,,,,,,Participant 01,001,2025-10-16_17h51.32.797,Word Priming Experiment,,2025.1.1,120.23349343055776,2025-10-16 17h51.46.329826 +0530,
Case,106,1,7,2.1550000000000002,0.19027549994643778,,,,,,,,,,,,7,1,106,10,,,,,41.8495975000551,,41.835528400028124,41.8495975000551,41.8495975000551,42.0494822000619,2.1550000000000002,0.19027549994643778,,,,,,,,,,,,,,,Participant 01,001,2025-10-16_17h51.32.797,Word Priming Experiment,,2025.1.1,120.23349343055776,2025-10-16 17h51.46.329826 +0530,
phone,107,2,7,2.1550000000000002,0.18762950005475432,,,,,,,,,,,,7,2,107,2,,,,,42.06703070004005,,42.050927500007674,42.06703070004005,42.06703070004005,42.252121700090356,2.1550000000000002,0.18762950005475432,,,,,,,,,,,,,,,Participant 01,001,2025-10-16_17h51.32.797,Word Priming Experiment,,2025.1.1,120.23349343055776,2025-10-16 17h51.46.329826 +0530,
marble,108,3,7,2.1550000000000002,0.18229619995690882,,,,,,,,,,,,7,3,108,3,,,,,42.26617409999017,,42.25603230006527,42.26617409999017,42.26617409999017,42.45259240001906,2.1550000000000002,0.18229619995690882,,,,,,,,,,,,,,,Participant 01,001,2025-10-16_17h51.32.797,Word Priming Experiment,,2025.1.1,120.23349343055776,2025-10-16 17h51.46.329826 +0530,
mouse,109,4,7,2.1550000000000002,0.2158110000891611,,,,,,,,,,,,7,4,109,8,,,,,42.46655210002791,,42.454084400087595,42.46655210002791,42.46655210002791,42.68326160009019,2.1550000000000002,0.2158110000891611,,,,,,,,,,,,,,,Participant 01,001,2025-10-16_17h51.32.797,Word Priming Experiment,,2025.1.1,120.23349343055776,2025-10-16 17h51.46.329826 +0530,
cushion,110,5,7,2.1550000000000002,0.1680593000492081,,,,,,,,,,,,7,5,110,1,,,,,42.699528900091536,,42.68477490008809,42.699528900091536,42.699528900091536,42.86833810003009,2.1550000000000002,0.1680593000492081,,,,,,,,,,,,,,,Participant 01,001,2025-10-16_17h51.32.797,Word Priming Experiment,,2025.1.1,120.23349343055776,2025-10-16 17h51.46.329826 +0530,
board,111,6,7,2.1550000000000002,0.14854149997700006,,,,,,,,,,,,7,6,111,4,,,,,42.88276840001345,,42.869862899999134,42.88276840001345,42.88276840001345,43.035113600082695,2.1550000000000002,0.14854149997700006,,,,,,,,,,,,,,,Participant 01,001,2025-10-16_17h51.32.797,Word Priming Experiment,,2025.1.1,120.23349343055776,2025-10-16 17h51.46.329826 +0530,
Keys,112,7,7,2.1550000000000002,0.18293919996358454,,,,,,,,,,,,7,7,112,13,,,,,43.04940960009117,,43.03658820001874,43.04940960009117,43.04940960009117,43.23503570002504,2.1550000000000002,0.18293919996358454,,,,,,,,,,,,,,,Participant 01,001,2025-10-16_17h51.32.797,Word Priming Experiment,,2025.1.1,120.23349343055776,2025-10-16 17h51.46.329826 +0530,
T-shirt,113,8,7,2.1550000000000002,0.1880634999834001,,,,,,,,,,,,7,8,113,7,,,,,43.25015249999706,,43.236516700009815,43.25015249999706,43.25015249999706,43.43808480002917,2.1550000000000002,0.1880634999834001,,,,,,,,,,,,,,,Participant 01,001,2025-10-16_17h51.32.797,Word Priming Experiment,,2025.1.1,120.23349343055776,2025-10-16 17h51.46.329826 +0530,
Cruise,114,9,7,2.1550000000000002,0.19669040001463145,,,,,,,,,,,,7,9,114,11,,,,,43.44941000000108,,43.43980689998716,43.44941000000108,43.44941000000108,43.65254600008484,2.1550000000000002,0.19669040001463145,,,,,,,,,,,,,,,Participant 01,001,2025-10-16_17h51.32.797,Word Priming Experiment,,2025.1.1,120.23349343055776,2025-10-16 17h51.46.329826 +0530,
Laptop,115,10,7,1.06,1.1395075001055375,,,,,,,,,,,,7,10,115,5,,,,,43.66789340006653,,43.65407520008739,43.66789340006653,43.66789340006653,44.80953570001293,1.06,1.1395075001055375,,,,,,,,,,,,,,,Participant 01,001,2025-10-16_17h51.32.797,Word Priming Experiment,,2025.1.1,120.23349343055776,2025-10-16 17h51.46.329826 +0530,
Police,116,11,7,1.06,0.16404230007901788,,,,,,,,,,,,7,11,116,12,,,,,44.824209499987774,,44.81278650008608,44.824209499987774,44.824209499987774,44.992554099997506,1.06,0.16404230007901788,,,,,,,,,,,,,,,Participant 01,001,2025-10-16_17h51.32.797,Word Priming Experiment,,2025.1.1,120.23349343055776,2025-10-16 17h51.46.329826 +0530,
book,117,12,7,1.06,0.18582510005217046,,,,,,,,,,,,7,12,117,0,,,,,45.008123000035994,,44.99394439999014,45.008123000035994,45.008123000035994,45.19408450007904,1.06,0.18582510005217046,,,,,,,,,,,,,,,Participant 01,001,2025-10-16_17h51.32.797,Word Priming Experiment,,2025.1.1,120.23349343055776,2025-10-16 17h51.46.329826 +0530,
Pastry,118,13,7,1.06,0.18956189998425543,,,,,,,,,,,,7,13,118,9,,,,,45.207862300099805,,45.19555140007287,45.207862300099805,45.207862300099805,45.40752330003306,1.06,0.18956189998425543,,,,,,,,,,,,,,,Participant 01,001,2025-10-16_17h51.32.797,Word Priming Experiment,,2025.1.1,120.23349343055776,2025-10-16 17h51.46.329826 +0530,
Chart,119,14,7,1.06,0.15507920004893094,,,,,,,,,,,,7,14,119,6,,,,,45.44071320001967,,45.409029800095595,45.44071320001967,45.44071320001967,45.57519990007859,1.06,0.15507920004893094,,,,,,,,,,,,,,,Participant 01,001,2025-10-16_17h51.32.797,Word Priming Experiment,,2025.1.1,120.23349343055776,2025-10-16 17h51.46.329826 +0530,
Pastry,120,0,8,1.06,0.2153868000023067,,,,,,,,,,,,8,0,120,9,,,,,45.591367900022306,,45.576857700012624,45.591367900022306,45.591367900022306,45.811348700081,1.06,0.2153868000023067,,,,,,,,,,,,,,,Participant 01,001,2025-10-16_17h51.32.797,Word Priming Experiment,,2025.1.1,120.23349343055776,2025-10-16 17h51.46.329826 +0530,
marble,121,1,8,1.06,0.16800719988532364,,,,,,,,,,,,8,1,121,3,,,,,45.82481780007947,,45.81304670008831,45.82481780007947,45.82481780007947,45.992038600030355,1.06,0.16800719988532364,,,,,,,,,,,,,,,Participant 01,001,2025-10-16_17h51.32.797,Word Priming Experiment,,2025.1.1,120.23349343055776,2025-10-16 17h51.46.329826 +0530,
board,122,2,8,1.06,0.18640530004631728,,,,,,,,,,,,8,2,122,4,,,,,46.009404800017364,,45.9935606000945,46.009404800017364,46.009404800017364,46.1965614000801,1.06,0.18640530004631728,,,,,,,,,,,,,,,Participant 01,001,2025-10-16_17h51.32.797,Word Priming Experiment,,2025.1.1,120.23349343055776,2025-10-16 17h51.46.329826 +0530,
mouse,123,3,8,1.06,0.19498089991975576,,,,,,,,,,,,8,3,123,8,,,,,46.20782900007907,,46.19807410007343,46.20782900007907,46.20782900007907,46.410105200018734,1.06,0.19498089991975576,,,,,,,,,,,,,,,Participant 01,001,2025-10-16_17h51.32.797,Word Priming Experiment,,2025.1.1,120.23349343055776,2025-10-16 17h51.46.329826 +0530,
Chart,124,4,8,1.06,0.16340359998866916,,,,,,,,,,,,8,4,124,6,,,,,46.425099699990824,,46.41209850006271,46.425099699990824,46.425099699990824,46.59189270006027,1.06,0.16340359998866916,,,,,,,,,,,,,,,Participant 01,001,2025-10-16_17h51.32.797,Word Priming Experiment,,2025.1.1,120.23349343055776,2025-10-16 17h51.46.329826 +0530,
phone,125,5,8,1.06,0.1816564000910148,,,,,,,,,,,,8,5,125,2,,,,,46.607663200004026,,46.59526090009604,46.607663200004026,46.607663200004026,46.7952616000548,1.06,0.1816564000910148,,,,,,,,,,,,,,,Participant 01,001,2025-10-16_17h51.32.797,Word Priming Experiment,,2025.1.1,120.23349343055776,2025-10-16 17h51.46.329826 +0530,
T-shirt,126,6,8,1.06,0.2311972000170499,,,,,,,,,,,,8,6,126,7,,,,,46.80778460006695,,46.798821400036104,46.80778460006695,46.80778460006695,47.04233030008618,1.06,0.2311972000170499,,,,,,,,,,,,,,,Participant 01,001,2025-10-16_17h51.32.797,Word Priming Experiment,,2025.1.1,120.23349343055776,2025-10-16 17h51.46.329826 +0530,
Laptop,127,7,8,1.06,0.16690379998181015,,,,,,,,,,,,8,7,127,5,,,,,47.058720700093545,,47.04407290008385,47.058720700093545,47.058720700093545,47.22743540001102,1.06,0.16690379998181015,,,,,,,,,,,,,,,Participant 01,001,2025-10-16_17h51.32.797,Word Priming Experiment,,2025.1.1,120.23349343055776,2025-10-16 17h51.46.329826 +0530,
cushion,128,8,8,1.06,0.20170109998434782,,,,,,,,,,,,8,8,128,1,,,,,47.24154920002911,,47.22892000002321,47.24154920002911,47.24154920002911,47.44281859998591,1.06,0.20170109998434782,,,,,,,,,,,,,,,Participant 01,001,2025-10-16_17h51.32.797,Word Priming Experiment,,2025.1.1,120.23349343055776,2025-10-16 17h51.46.329826 +0530,
Police,129,9,8,1.06,0.18441869993694127,,,,,,,,,,,,8,9,129,12,,,,,47.45865190005861,,47.444313700078055,47.45865190005861,47.45865190005861,47.64402510004584,1.06,0.18441869993694127,,,,,,,,,,,,,,,Participant 01,001,2025-10-16_17h51.32.797,Word Priming Experiment,,2025.1.1,120.23349343055776,2025-10-16 17h51.46.329826 +0530,
Case,130,10,8,1.06,0.18489109992515296,,,,,,,,,,,,8,10,130,10,,,,,47.65962000004947,,47.64544780005235,47.65962000004947,47.65962000004947,47.84390840004198,1.06,0.18489109992515296,,,,,,,,,,,,,,,Participant 01,001,2025-10-16_17h51.32.797,Word Priming Experiment,,2025.1.1,120.23349343055776,2025-10-16 17h51.46.329826 +0530,
Keys,131,11,8,1.06,0.16600109997671098,,,,,,,,,,,,8,11,131,13,,,,,47.85810670000501,,47.84536150004715,47.85810670000501,47.85810670000501,48.026539899990894,1.06,0.16600109997671098,,,,,,,,,,,,,,,Participant 01,001,2025-10-16_17h51.32.797,Word Priming Experiment,,2025.1.1,120.23349343055776,2025-10-16 17h51.46.329826 +0530,
Poster,132,12,8,1.06,0.18069359997753054,,,,,,,,,,,,8,12,132,14,,,,,48.040727799991146,,48.03099540004041,48.040727799991146,48.040727799991146,48.22624039999209,1.06,0.18069359997753054,,,,,,,,,,,,,,,Participant 01,001,2025-10-16_17h51.32.797,Word Priming Experiment,,2025.1.1,120.23349343055776,2025-10-16 17h51.46.329826 +0530,
book,133,13,8,1.06,0.21665439999196678,,,,,,,,,,,,8,13,133,0,,,,,48.24081950006075,,48.23016060004011,48.24081950006075,48.24081950006075,48.45917070005089,1.06,0.21665439999196678,,,,,,,,,,,,,,,Participant 01,001,2025-10-16_17h51.32.797,Word Priming Experiment,,2025.1.1,120.23349343055776,2025-10-16 17h51.46.329826 +0530,
Cruise,134,14,8,1.06,0.3815300000132993,,,,,,,,,,,,8,14,134,11,,,,,48.47472060006112,,48.46249770000577,48.47472060006112,48.47472060006112,48.859312499989755,1.06,0.3815300000132993,,,,,,,,,,,,,,,Participant 01,001,2025-10-16_17h51.32.797,Word Priming Experiment,,2025.1.1,120.23349343055776,2025-10-16 17h51.46.329826 +0530,
Poster,135,0,9,1.06,0.21661040000617504,,,,,,,,,,,,9,0,135,14,,,,,48.87558920006268,,48.86103010002989,48.87558920006268,48.87558920006268,49.091772100073285,1.06,0.21661040000617504,,,,,,,,,,,,,,,Participant 01,001,2025-10-16_17h51.32.797,Word Priming Experiment,,2025.1.1,120.23349343055776,2025-10-16 17h51.46.329826 +0530,
Laptop,136,1,9,1.06,0.19908869999926537,,,,,,,,,,,,9,1,136,5,,,,,49.10915929998737,,49.09644950006623,49.10915929998737,49.10915929998737,49.311305699986406,1.06,0.19908869999926537,,,,,,,,,,,,,,,Participant 01,001,2025-10-16_17h51.32.797,Word Priming Experiment,,2025.1.1,120.23349343055776,2025-10-16 17h51.46.329826 +0530,
Keys,137,2,9,1.06,0.21211860002949834,,,,,,,,,,,,9,2,137,13,,,,,49.32448830001522,,49.31297500000801,49.32448830001522,49.32448830001522,49.54121960001066,1.06,0.21211860002949834,,,,,,,,,,,,,,,Participant 01,001,2025-10-16_17h51.32.797,Word Priming Experiment,,2025.1.1,120.23349343055776,2025-10-16 17h51.46.329826 +0530,
T-shirt,138,3,9,1.06,0.16631729993969202,,,,,,,,,,,,9,3,138,7,,,,,49.55926060001366,,49.54565280000679,49.55926060001366,49.55926060001366,49.727098600007594,1.06,0.16631729993969202,,,,,,,,,,,,,,,Participant 01,001,2025-10-16_17h51.32.797,Word Priming Experiment,,2025.1.1,120.23349343055776,2025-10-16 17h51.46.329826 +0530,
cushion,139,4,9,1.06,0.20294660003855824,,,,,,,,,,,,9,4,139,1,,,,,49.74163810000755,,49.72956050001085,49.74163810000755,49.74163810000755,49.94604920002166,1.06,0.20294660003855824,,,,,,,,,,,,,,,Participant 01,001,2025-10-16_17h51.32.797,Word Priming Experiment,,2025.1.1,120.23349343055776,2025-10-16 17h51.46.329826 +0530,
Chart,140,5,9,1.06,0.1880650999955833,,,,,,,,,,,,9,5,140,6,,,,,49.95762470003683,,49.947705000056885,49.95762470003683,49.95762470003683,50.157854499993846,1.06,0.1880650999955833,,,,,,,,,,,,,,,Participant 01,001,2025-10-16_17h51.32.797,Word Priming Experiment,,2025.1.1,120.23349343055776,2025-10-16 17h51.46.329826 +0530,
board,141,6,9,1.06,0.16768439998850226,,,,,,,,,,,,9,6,141,4,,,,,50.17497779999394,,50.15931850008201,50.17497779999394,50.17497779999394,50.342024600016885,1.06,0.16768439998850226,,,,,,,,,,,,,,,Participant 01,001,2025-10-16_17h51.32.797,Word Priming Experiment,,2025.1.1,120.23349343055776,2025-10-16 17h51.46.329826 +0530,
Pastry,142,7,9,1.06,0.15285810001660138,,,,,,,,,,,,9,7,142,9,,,,,50.358001000015065,,50.34349740005564,50.358001000015065,50.358001000015065,50.50966970005538,1.06,0.15285810001660138,,,,,,,,,,,,,,,Participant 01,001,2025-10-16_17h51.32.797,Word Priming Experiment,,2025.1.1,120.23349343055776,2025-10-16 17h51.46.329826 +0530,
marble,143,8,9,1.06,0.18190520000644028,,,,,,,,,,,,9,8,143,3,,,,,50.524674299987964,,50.511167100048624,50.524674299987964,50.524674299987964,50.709388000075705,1.06,0.18190520000644028,,,,,,,,,,,,,,,Participant 01,001,2025-10-16_17h51.32.797,Word Priming Experiment,,2025.1.1,120.23349343055776,2025-10-16 17h51.46.329826 +0530,
phone,144,9,9,1.06,0.15052869997452945,,,,,,,,,,,,9,9,144,2,,,,,50.72415320004802,,50.71090060006827,50.72415320004802,50.72415320004802,50.87678849999793,1.06,0.15052869997452945,,,,,,,,,,,,,,,Participant 01,001,2025-10-16_17h51.32.797,Word Priming Experiment,,2025.1.1,120.23349343055776,2025-10-16 17h51.46.329826 +0530,
Police,145,10,9,1.06,0.19804119993932545,,,,,,,,,,,,9,10,145,12,,,,,50.90705280005932,,50.88045960001182,50.90705280005932,50.90705280005932,51.091932800016366,1.06,0.19804119993932545,,,,,,,,,,,,,,,Participant 01,001,2025-10-16_17h51.32.797,Word Priming Experiment,,2025.1.1,120.23349343055776,2025-10-16 17h51.46.329826 +0530,
Cruise,146,11,9,1.06,0.16775280004367232,,,,,,,,,,,,9,11,146,11,,,,,51.108150899992324,,51.093485700082965,51.108150899992324,51.108150899992324,51.27476649999153,1.06,0.16775280004367232,,,,,,,,,,,,,,,Participant 01,001,2025-10-16_17h51.32.797,Word Priming Experiment,,2025.1.1,120.23349343055776,2025-10-16 17h51.46.329826 +0530,
mouse,147,12,9,1.06,0.18322340003214777,,,,,,,,,,,,9,12,147,8,,,,,51.29081080004107,,51.276389400009066,51.29081080004107,51.29081080004107,51.47574160003569,1.06,0.18322340003214777,,,,,,,,,,,,,,,Participant 01,001,2025-10-16_17h51.32.797,Word Priming Experiment,,2025.1.1,120.23349343055776,2025-10-16 17h51.46.329826 +0530,
Case,148,13,9,1.06,0.18299180001486093,,,,,,,,,,,,9,13,148,10,,,,,51.49122130009346,,51.47712620010134,51.49122130009346,51.49122130009346,51.67732240003534,1.06,0.18299180001486093,,,,,,,,,,,,,,,Participant 01,001,2025-10-16_17h51.32.797,Word Priming Experiment,,2025.1.1,120.23349343055776,2025-10-16 17h51.46.329826 +0530,
book,149,14,9,1.06,0.18378219997975975,,,,,,,,,,,,9,14,149,0,,,,,51.691456800093874,,51.678831700002775,51.691456800093874,51.691456800093874,51.87537160003558,1.06,0.18378219997975975,,,,,,,,,,,,,,,Participant 01,001,2025-10-16_17h51.32.797,Word Priming Experiment,,2025.1.1,120.23349343055776,2025-10-16 17h51.46.329826 +0530,
cushion,150,0,10,1.06,0.20579310005996376,,,,,,,,,,,,10,0,150,1,,,,,51.89163259998895,,51.87693880009465,51.89163259998895,51.89163259998895,52.09228260000236,1.06,0.20579310005996376,,,,,,,,,,,,,,,Participant 01,001,2025-10-16_17h51.32.797,Word Priming Experiment,,2025.1.1,120.23349343055776,2025-10-16 17h51.46.329826 +0530,
book,151,1,10,1.06,0.16923490003682673,,,,,,,,,,,,10,1,151,0,,,,,52.109098199987784,,52.09387370001059,52.109098199987784,52.109098199987784,52.27678200008813,1.06,0.16923490003682673,,,,,,,,,,,,,,,Participant 01,001,2025-10-16_17h51.32.797,Word Priming Experiment,,2025.1.1,120.23349343055776,2025-10-16 17h51.46.329826 +0530,
Poster,152,2,10,1.06,0.17998819996137172,,,,,,,,,,,,10,2,152,14,,,,,52.29110760008916,,52.28077390010003,52.29110760008916,52.29110760008916,52.47637300007045,1.06,0.17998819996137172,,,,,,,,,,,,,,,Participant 01,001,2025-10-16_17h51.32.797,Word Priming Experiment,,2025.1.1,120.23349343055776,2025-10-16 17h51.46.329826 +0530,
T-shirt,153,3,10,1.06,0.18238530005328357,,,,,,,,,,,,10,3,153,7,,,,,52.49139219999779,,52.478011900093406,52.49139219999779,52.49139219999779,52.677400100044906,1.06,0.18238530005328357,,,,,,,,,,,,,,,Participant 01,001,2025-10-16_17h51.32.797,Word Priming Experiment,,2025.1.1,120.23349343055776,2025-10-16 17h51.46.329826 +0530,
Keys,154,4,10,1.06,0.1980619999812916,,,,,,,,,,,,10,4,154,13,,,,,52.691052700043656,,52.68129000009503,52.691052700043656,52.691052700043656,52.89315970009193,1.06,0.1980619999812916,,,,,,,,,,,,,,,Participant 01,001,2025-10-16_17h51.32.797,Word Priming Experiment,,2025.1.1,120.23349343055776,2025-10-16 17h51.46.329826 +0530,
phone,155,5,10,1.06,0.19951270008459687,,,,,,,,,,,,10,5,155,2,,,,,52.90804490004666,,52.894764200085774,52.90804490004666,52.90804490004666,53.10955829999875,1.06,0.19951270008459687,,,,,,,,,,,,,,,Participant 01,001,2025-10-16_17h51.32.797,Word Priming Experiment,,2025.1.1,120.23349343055776,2025-10-16 17h51.46.329826 +0530,
Laptop,156,6,10,1.06,0.21585869998671114,,,,,,,,,,,,10,6,156,5,,,,,53.12530630000401,,53.111233100062236,53.12530630000401,53.12530630000401,53.3426393000409,1.06,0.21585869998671114,,,,,,,,,,,,,,,Participant 01,001,2025-10-16_17h51.32.797,Word Priming Experiment,,2025.1.1,120.23349343055776,2025-10-16 17h51.46.329826 +0530,
Pastry,157,7,10,1.06,0.16822939994744956,,,,,,,,,,,,10,7,157,9,,,,,53.35815670003649,,53.34420220006723,53.35815670003649,53.35815670003649,53.52546560007613,1.06,0.16822939994744956,,,,,,,,,,,,,,,Participant 01,001,2025-10-16_17h51.32.797,Word Priming Experiment,,2025.1.1,120.23349343055776,2025-10-16 17h51.46.329826 +0530,
board,158,8,10,1.06,0.22375410003587604,,,,,,,,,,,,10,8,158,4,,,,,53.541026600054465,,53.52710639999714,53.541026600054465,53.541026600054465,53.77438700001221,1.06,0.22375410003587604,,,,,,,,,,,,,,,Participant 01,001,2025-10-16_17h51.32.797,Word Priming Experiment,,2025.1.1,120.23349343055776,2025-10-16 17h51.46.329826 +0530,
mouse,159,9,10,1.06,0.16776380001101643,,,,,,,,,,,,10,9,159,8,,,,,53.792844900046475,,53.77585020009428,53.792844900046475,53.792844900046475,53.959194499999285,1.06,0.16776380001101643,,,,,,,,,,,,,,,Participant 01,001,2025-10-16_17h51.32.797,Word Priming Experiment,,2025.1.1,120.23349343055776,2025-10-16 17h51.46.329826 +0530,
Chart,160,10,10,1.06,0.18243369995616376,,,,,,,,,,,,10,10,160,6,,,,,53.9759584000567,,53.96104650001507,53.9759584000567,53.9759584000567,54.15927860001102,1.06,0.18243369995616376,,,,,,,,,,,,,,,Participant 01,001,2025-10-16_17h51.32.797,Word Priming Experiment,,2025.1.1,120.23349343055776,2025-10-16 17h51.46.329826 +0530,
Cruise,161,11,10,1.06,0.18302420002873987,,,,,,,,,,,,10,11,161,11,,,,,54.1746403001016,,54.162990000098944,54.1746403001016,54.1746403001016,54.359263300080784,1.06,0.18302420002873987,,,,,,,,,,,,,,,Participant 01,001,2025-10-16_17h51.32.797,Word Priming Experiment,,2025.1.1,120.23349343055776,2025-10-16 17h51.46.329826 +0530,
marble,162,12,10,1.06,0.23379130009561777,,,,,,,,,,,,10,12,162,3,,,,,54.375218700035475,,54.36085500009358,54.375218700035475,54.375218700035475,54.609085400006734,1.06,0.23379130009561777,,,,,,,,,,,,,,,Participant 01,001,2025-10-16_17h51.32.797,Word Priming Experiment,,2025.1.1,120.23349343055776,2025-10-16 17h51.46.329826 +0530,
Police,163,13,10,1.06,0.1825835999334231,,,,,,,,,,,,10,13,163,12,,,,,54.62556429998949,,54.61060710006859,54.62556429998949,54.62556429998949,54.810503100045025,1.06,0.1825835999334231,,,,,,,,,,,,,,,Participant 01,001,2025-10-16_17h51.32.797,Word Priming Experiment,,2025.1.1,120.23349343055776,2025-10-16 17h51.46.329826 +0530,
Case,164,14,10,1.06,0.2213319999864325,,,,,,,,,,,,10,14,164,10,,,,,54.8247815000359,,54.81234070006758,54.8247815000359,54.8247815000359,55.0425641000038,1.06,0.2213319999864325,,,,,,,,,,,,,,,Participant 01,001,2025-10-16_17h51.32.797,Word Priming Experiment,,2025.1.1,120.23349343055776,2025-10-16 17h51.46.329826 +0530,
Cruise,165,0,11,1.06,0.21866630006115884,,,,,,,,,,,,11,0,165,11,,,,,55.058150400058366,,55.04404270008672,55.058150400058366,55.058150400058366,55.27966360002756,1.06,0.21866630006115884,,,,,,,,,,,,,,,Participant 01,001,2025-10-16_17h51.32.797,Word Priming Experiment,,2025.1.1,120.23349343055776,2025-10-16 17h51.46.329826 +0530,
Poster,166,1,11,1.06,0.19570710009429604,,,,,,,,,,,,11,1,166,14,,,,,55.2913168000523,,55.28127899998799,55.2913168000523,55.2913168000523,55.49268410005607,1.06,0.19570710009429604,,,,,,,,,,,,,,,Participant 01,001,2025-10-16_17h51.32.797,Word Priming Experiment,,2025.1.1,120.23349343055776,2025-10-16 17h51.46.329826 +0530,
T-shirt,167,2,11,1.06,0.18303740001283586,,,,,,,,,,,,11,2,167,7,,,,,55.508861100068316,,55.49600480007939,55.508861100068316,55.508861100068316,55.69192050001584,1.06,0.18303740001283586,,,,,,,,,,,,,,,Participant 01,001,2025-10-16_17h51.32.797,Word Priming Experiment,,2025.1.1,120.23349343055776,2025-10-16 17h51.46.329826 +0530,
book,168,3,11,1.06,0.20091949997004122,,,,,,,,,,,,11,3,168,0,,,,,55.70860590005759,,55.69364180008415,55.70860590005759,55.70860590005759,55.90958720003255,1.06,0.20091949997004122,,,,,,,,,,,,,,,Participant 01,001,2025-10-16_17h51.32.797,Word Priming Experiment,,2025.1.1,120.23349343055776,2025-10-16 17h51.46.329826 +0530,
board,169,4,11,1.06,0.22015559999272227,,,,,,,,,,,,11,4,169,4,,,,,55.92547300003935,,55.91126299998723,55.92547300003935,55.92547300003935,56.14172320009675,1.06,0.22015559999272227,,,,,,,,,,,,,,,Participant 01,001,2025-10-16_17h51.32.797,Word Priming Experiment,,2025.1.1,120.23349343055776,2025-10-16 17h51.46.329826 +0530,
Pastry,170,5,11,1.06,0.22481589997187257,,,,,,,,,,,,11,5,170,9,,,,,56.15943270002026,,56.14360180008225,56.15943270002026,56.15943270002026,56.3910007000668,1.06,0.22481589997187257,,,,,,,,,,,,,,,Participant 01,001,2025-10-16_17h51.32.797,Word Priming Experiment,,2025.1.1,120.23349343055776,2025-10-16 17h51.46.329826 +0530,
Case,171,6,11,1.06,0.20112380001228303,,,,,,,,,,,,11,6,171,10,,,,,56.40836730005685,,56.39230420009699,56.40836730005685,56.40836730005685,56.60873730003368,1.06,0.20112380001228303,,,,,,,,,,,,,,,Participant 01,001,2025-10-16_17h51.32.797,Word Priming Experiment,,2025.1.1,120.23349343055776,2025-10-16 17h51.46.329826 +0530,
marble,172,7,11,1.06,0.18457000004127622,,,,,,,,,,,,11,7,172,3,,,,,56.624252300010994,,56.610212000086904,56.624252300010994,56.624252300010994,56.8090649000369,1.06,0.18457000004127622,,,,,,,,,,,,,,,Participant 01,001,2025-10-16_17h51.32.797,Word Priming Experiment,,2025.1.1,120.23349343055776,2025-10-16 17h51.46.329826 +0530,
phone,173,8,11,1.06,0.25227619998622686,,,,,,,,,,,,11,8,173,2,,,,,56.82481910008937,,56.81070410006214,56.82481910008937,56.82481910008937,57.07787330006249,1.06,0.25227619998622686,,,,,,,,,,,,,,,Participant 01,001,2025-10-16_17h51.32.797,Word Priming Experiment,,2025.1.1,120.23349343055776,2025-10-16 17h51.46.329826 +0530,
cushion,174,9,11,1.06,0.16531900002155453,,,,,,,,,,,,11,9,174,1,,,,,57.09069500002079,,57.080981100094505,57.09069500002079,57.09069500002079,57.258824400021695,1.06,0.16531900002155453,,,,,,,,,,,,,,,Participant 01,001,2025-10-16_17h51.32.797,Word Priming Experiment,,2025.1.1,120.23349343055776,2025-10-16 17h51.46.329826 +0530,
mouse,175,10,11,1,0.34877340006642044,,,,,,,,,,,,11,10,175,8,,,,,57.27443350001704,,57.26027540001087,57.27443350001704,57.27443350001704,57.61664930009283,1,0.34877340006642044,,,,,,,,,,,,,,,Participant 01,001,2025-10-16_17h51.32.797,Word Priming Experiment,,2025.1.1,120.23349343055776,2025-10-16 17h51.46.329826 +0530,
Laptop,176,11,11,1,0.3594647999852896,,,,,,,,,,,,11,11,176,5,,,,,57.62439040001482,,57.61813489999622,57.62439040001482,57.62439040001482,57.99369540007319,1,0.3594647999852896,,,,,,,,,,,,,,,Participant 01,001,2025-10-16_17h51.32.797,Word Priming Experiment,,2025.1.1,120.23349343055776,2025-10-16 17h51.46.329826 +0530,
Police,177,12,11,1,0.20089889992959797,,,,,,,,,,,,11,12,177,12,,,,,58.0084883000236,,57.99520690005738,58.0084883000236,58.0084883000236,58.21312760002911,1,0.20089889992959797,,,,,,,,,,,,,,,Participant 01,001,2025-10-16_17h51.32.797,Word Priming Experiment,,2025.1.1,120.23349343055776,2025-10-16 17h51.46.329826 +0530,
Chart,178,13,11,1,0.2152440999634564,,,,,,,,,,,,11,13,178,6,,,,,58.225303600076586,,58.21488580002915,58.225303600076586,58.225303600076586,58.44248560001142,1,0.2152440999634564,,,,,,,,,,,,,,,Participant 01,001,2025-10-16_17h51.32.797,Word Priming Experiment,,2025.1.1,120.23349343055776,2025-10-16 17h51.46.329826 +0530,
Keys,179,14,11,1,0.18850789999123663,,,,,,,,,,,,11,14,179,13,,,,,58.45807060005609,,58.44387610000558,58.45807060005609,58.45807060005609,58.645017600036226,1,0.18850789999123663,,,,,,,,,,,,,,,Participant 01,001,2025-10-16_17h51.32.797,Word Priming Experiment,,2025.1.1,120.23349343055776,2025-10-16 17h51.46.329826 +0530,
Poster,180,0,12,1,0.19974909990560263,,,,,,,,,,,,12,0,180,14,,,,,58.65808590000961,,58.64655030006543,58.65808590000961,58.65808590000961,58.858866000082344,1,0.19974909990560263,,,,,,,,,,,,,,,Participant 01,001,2025-10-16_17h51.32.797,Word Priming Experiment,,2025.1.1,120.23349343055776,2025-10-16 17h51.46.329826 +0530,
mouse,181,1,12,1,0.20956040010787547,,,,,,,,,,,,12,1,181,8,,,,,58.875635700067505,,58.8620927000884,58.875635700067505,58.875635700067505,59.09111550007947,1,0.20956040010787547,,,,,,,,,,,,,,,Participant 01,001,2025-10-16_17h51.32.797,Word Priming Experiment,,2025.1.1,120.23349343055776,2025-10-16 17h51.46.329826 +0530,
Keys,182,2,12,1,0.15828039997722954,,,,,,,,,,,,12,2,182,13,,,,,59.10942240001168,,59.092807100038044,59.10942240001168,59.10942240001168,59.27462270006072,1,0.15828039997722954,,,,,,,,,,,,,,,Participant 01,001,2025-10-16_17h51.32.797,Word Priming Experiment,,2025.1.1,120.23349343055776,2025-10-16 17h51.46.329826 +0530,
Police,183,3,12,1,0.1987248999066651,,,,,,,,,,,,12,3,183,12,,,,,59.291596200084314,,59.27803909999784,59.291596200084314,59.291596200084314,59.49222640006337,1,0.1987248999066651,,,,,,,,,,,,,,,Participant 01,001,2025-10-16_17h51.32.797,Word Priming Experiment,,2025.1.1,120.23349343055776,2025-10-16 17h51.46.329826 +0530,
Cruise,184,4,12,1,0.1998130000429228,,,,,,,,,,,,12,4,184,11,,,,,59.50787820003461,,59.49394210008904,59.50787820003461,59.50787820003461,59.70939410000574,1,0.1998130000429228,,,,,,,,,,,,,,,Participant 01,001,2025-10-16_17h51.32.797,Word Priming Experiment,,2025.1.1,120.23349343055776,2025-10-16 17h51.46.329826 +0530,
book,185,5,12,1,0.2050920999608934,,,,,,,,,,,,12,5,185,0,,,,,59.7245165000204,,59.71080880006775,59.7245165000204,59.7245165000204,59.92943540005945,1,0.2050920999608934,,,,,,,,,,,,,,,Participant 01,001,2025-10-16_17h51.32.797,Word Priming Experiment,,2025.1.1,120.23349343055776,2025-10-16 17h51.46.329826 +0530,
Pastry,186,6,12,1,0.22017969994340092,,,,,,,,,,,,12,6,186,9,,,,,59.94171410007402,,59.93102470005397,59.94171410007402,59.94171410007402,60.17412650003098,1,0.22017969994340092,,,,,,,,,,,,,,,Participant 01,001,2025-10-16_17h51.32.797,Word Priming Experiment,,2025.1.1,120.23349343055776,2025-10-16 17h51.46.329826 +0530,
marble,187,7,12,1,0.1687299000332132,,,,,,,,,,,,12,7,187,3,,,,,60.19179180008359,,60.17583830002695,60.19179180008359,60.19179180008359,60.3592886000406,1,0.1687299000332132,,,,,,,,,,,,,,,Participant 01,001,2025-10-16_17h51.32.797,Word Priming Experiment,,2025.1.1,120.23349343055776,2025-10-16 17h51.46.329826 +0530,
cushion,188,8,12,1,0.22230789996683598,,,,,,,,,,,,12,8,188,1,,,,,60.37425810005516,,60.36285240005236,60.37425810005516,60.37425810005516,60.60775319999084,1,0.22230789996683598,,,,,,,,,,,,,,,Participant 01,001,2025-10-16_17h51.32.797,Word Priming Experiment,,2025.1.1,120.23349343055776,2025-10-16 17h51.46.329826 +0530,
Case,189,9,12,1,0.16948619997128844,,,,,,,,,,,,12,9,189,10,,,,,60.625140300020576,,60.60919180000201,60.625140300020576,60.625140300020576,60.79271890001837,1,0.16948619997128844,,,,,,,,,,,,,,,Participant 01,001,2025-10-16_17h51.32.797,Word Priming Experiment,,2025.1.1,120.23349343055776,2025-10-16 17h51.46.329826 +0530,
board,190,10,12,1,0.1991336999926716,,,,,,,,,,,,12,10,190,4,,,,,60.80776550003793,,60.794268600060605,60.80776550003793,60.80776550003793,61.01573330000974,1,0.1991336999926716,,,,,,,,,,,,,,,Participant 01,001,2025-10-16_17h51.32.797,Word Priming Experiment,,2025.1.1,120.23349343055776,2025-10-16 17h51.46.329826 +0530,
Laptop,191,11,12,1,0.21072960004676133,,,,,,,,,,,,12,11,191,5,,,,,61.04015730007086,,61.018568100058474,61.04015730007086,61.04015730007086,61.244099500006996,1,0.21072960004676133,,,,,,,,,,,,,,,Participant 01,001,2025-10-16_17h51.32.797,Word Priming Experiment,,2025.1.1,120.23349343055776,2025-10-16 17h51.46.329826 +0530,
phone,192,12,12,1,0.18896910001058131,,,,,,,,,,,,12,12,192,2,,,,,61.258113800082356,,61.2455851000268,61.258113800082356,61.258113800082356,61.45767200004775,1,0.18896910001058131,,,,,,,,,,,,,,,Participant 01,001,2025-10-16_17h51.32.797,Word Priming Experiment,,2025.1.1,120.23349343055776,2025-10-16 17h51.46.329826 +0530,
T-shirt,193,13,12,1,0.1929746000096202,,,,,,,,,,,,12,13,193,7,,,,,61.474885200033896,,61.459191300091334,61.474885200033896,61.474885200033896,61.67415400000755,1,0.1929746000096202,,,,,,,,,,,,,,,Participant 01,001,2025-10-16_17h51.32.797,Word Priming Experiment,,2025.1.1,120.23349343055776,2025-10-16 17h51.46.329826 +0530,
Chart,194,14,12,1,0.1852653999812901,,,,,,,,,,,,12,14,194,6,,,,,61.691623000078835,,61.67561530007515,61.691623000078835,61.691623000078835,61.87529100000393,1,0.1852653999812901,,,,,,,,,,,,,,,Participant 01,001,2025-10-16_17h51.32.797,Word Priming Experiment,,2025.1.1,120.23349343055776,2025-10-16 17h51.46.329826 +0530,
marble,195,0,13,1,0.2192134999204427,,,,,,,,,,,,13,0,195,3,,,,,61.89112980000209,,61.877024200046435,61.89112980000209,61.89112980000209,62.11000119999517,1,0.2192134999204427,,,,,,,,,,,,,,,Participant 01,001,2025-10-16_17h51.32.797,Word Priming Experiment,,2025.1.1,120.23349343055776,2025-10-16 17h51.46.329826 +0530,
cushion,196,1,13,1,0.19625290005933493,,,,,,,,,,,,13,1,196,1,,,,,62.1243188000517,,62.11353650002275,62.1243188000517,62.1243188000517,62.327594400034286,1,0.19625290005933493,,,,,,,,,,,,,,,Participant 01,001,2025-10-16_17h51.32.797,Word Priming Experiment,,2025.1.1,120.23349343055776,2025-10-16 17h51.46.329826 +0530,
Chart,197,2,13,1,0.20051280001644045,,,,,,,,,,,,13,2,197,6,,,,,62.341351600014605,,62.32932160003111,62.341351600014605,62.341351600014605,62.54473449999932,1,0.20051280001644045,,,,,,,,,,,,,,,Participant 01,001,2025-10-16_17h51.32.797,Word Priming Experiment,,2025.1.1,120.23349343055776,2025-10-16 17h51.46.329826 +0530,
Case,198,3,13,1,0.1971230999333784,,,,,,,,,,,,13,3,198,10,,,,,62.55729270004667,,62.54885490005836,62.55729270004667,62.55729270004667,62.760128700057976,1,0.1971230999333784,,,,,,,,,,,,,,,Participant 01,001,2025-10-16_17h51.32.797,Word Priming Experiment,,2025.1.1,120.23349343055776,2025-10-16 17h51.46.329826 +0530,
Cruise,199,4,13,1,0.20253540005069226,,,,,,,,,,,,13,4,199,11,,,,,62.77495930006262,,62.761756899999455,62.77495930006262,62.77495930006262,62.97855380002875,1,0.20253540005069226,,,,,,,,,,,,,,,Participant 01,001,2025-10-16_17h51.32.797,Word Priming Experiment,,2025.1.1,120.23349343055776,2025-10-16 17h51.46.329826 +0530,
board,200,5,13,1,0.2450414999620989,,,,,,,,,,,,13,5,200,4,,,,,62.99155040003825,,62.98011340002995,62.99155040003825,62.99155040003825,63.24146700010169,1,0.2450414999620989,,,,,,,,,,,,,,,Participant 01,001,2025-10-16_17h51.32.797,Word Priming Experiment,,2025.1.1,120.23349343055776,2025-10-16 17h51.46.329826 +0530,
Pastry,201,6,13,1,0.18557320011314005,,,,,,,,,,,,13,6,201,9,,,,,63.25857740000356,,63.24363979999907,63.25857740000356,63.25857740000356,63.44347820000257,1,0.18557320011314005,,,,,,,,,,,,,,,Participant 01,001,2025-10-16_17h51.32.797,Word Priming Experiment,,2025.1.1,120.23349343055776,2025-10-16 17h51.46.329826 +0530,
book,202,7,13,1,0.1999067000579089,,,,,,,,,,,,13,7,202,0,,,,,63.458100700052455,,63.444884399999864,63.458100700052455,63.458100700052455,63.65845190000255,1,0.1999067000579089,,,,,,,,,,,,,,,Participant 01,001,2025-10-16_17h51.32.797,Word Priming Experiment,,2025.1.1,120.23349343055776,2025-10-16 17h51.46.329826 +0530,
phone,203,8,13,1,0.19955960009247065,,,,,,,,,,,,13,8,203,2,,,,,63.67486220004503,,63.65994550008327,63.67486220004503,63.67486220004503,63.87578930007294,1,0.19955960009247065,,,,,,,,,,,,,,,Participant 01,001,2025-10-16_17h51.32.797,Word Priming Experiment,,2025.1.1,120.23349343055776,2025-10-16 17h51.46.329826 +0530,
Police,204,9,13,1,0.20386319991666824,,,,,,,,,,,,13,9,204,12,,,,,63.892654100083746,,63.87753210007213,63.892654100083746,63.892654100083746,64.09212320006918,1,0.20386319991666824,,,,,,,,,,,,,,,Participant 01,001,2025-10-16_17h51.32.797,Word Priming Experiment,,2025.1.1,120.23349343055776,2025-10-16 17h51.46.329826 +0530,
Keys,205,10,13,1,0.1882836000295356,,,,,,,,,,,,13,10,205,13,,,,,64.1076850000536,,64.0954822000349,64.1076850000536,64.1076850000536,64.29334630002268,1,0.1882836000295356,,,,,,,,,,,,,,,Participant 01,001,2025-10-16_17h51.32.797,Word Priming Experiment,,2025.1.1,120.23349343055776,2025-10-16 17h51.46.329826 +0530,
Poster,206,11,13,1,0.20154689997434616,,,,,,,,,,,,13,11,206,14,,,,,64.30753750004806,,64.29481720004696,64.30753750004806,64.30753750004806,64.51533329999074,1,0.20154689997434616,,,,,,,,,,,,,,,Participant 01,001,2025-10-16_17h51.32.797,Word Priming Experiment,,2025.1.1,120.23349343055776,2025-10-16 17h51.46.329826 +0530,
Laptop,207,12,13,1,0.17610809998586774,,,,,,,,,,,,13,12,207,5,,,,,64.5246833000565,,64.51712680002674,64.5246833000565,64.5246833000565,64.70882360008545,1,0.17610809998586774,,,,,,,,,,,,,,,Participant 01,001,2025-10-16_17h51.32.797,Word Priming Experiment,,2025.1.1,120.23349343055776,2025-10-16 17h51.46.329826 +0530,
mouse,208,13,13,1,0.1992613000329584,,,,,,,,,,,,13,13,208,8,,,,,64.72477960004471,,64.7125147000188,64.72477960004471,64.72477960004471,64.9267859000247,1,0.1992613000329584,,,,,,,,,,,,,,,Participant 01,001,2025-10-16_17h51.32.797,Word Priming Experiment,,2025.1.1,120.23349343055776,2025-10-16 17h51.46.329826 +0530,
T-shirt,209,14,13,1,0.22999859997071326,,,,,,,,,,,,13,14,209,7,,,,,64.94047860009596,,64.93070670007728,64.94047860009596,64.94047860009596,65.17739120009355,1,0.22999859997071326,,,,,,,,,,,,,,,Participant 01,001,2025-10-16_17h51.32.797,Word Priming Experiment,,2025.1.1,120.23349343055776,2025-10-16 17h51.46.329826 +0530,
Keys,210,0,14,1,0.19830749998800457,,,,,,,,,,,,14,0,210,13,,,,,65.1926298000617,,65.18207690003328,65.1926298000617,65.1926298000617,65.39263190003112,1,0.19830749998800457,,,,,,,,,,,,,,,Participant 01,001,2025-10-16_17h51.32.797,Word Priming Experiment,,2025.1.1,120.23349343055776,2025-10-16 17h51.46.329826 +0530,
cushion,211,1,14,1,0.21440019994042814,,,,,,,,,,,,14,1,211,1,,,,,65.40899750008248,,65.39682170003653,65.40899750008248,65.40899750008248,65.62576190009713,1,0.21440019994042814,,,,,,,,,,,,,,,Participant 01,001,2025-10-16_17h51.32.797,Word Priming Experiment,,2025.1.1,120.23349343055776,2025-10-16 17h51.46.329826 +0530,
board,212,2,14,1,0.19989279995206743,,,,,,,,,,,,14,2,212,4,,,,,65.64082580001559,,65.62928680004552,65.64082580001559,65.64082580001559,65.84244000003673,1,0.19989279995206743,,,,,,,,,,,,,,,Participant 01,001,2025-10-16_17h51.32.797,Word Priming Experiment,,2025.1.1,120.23349343055776,2025-10-16 17h51.46.329826 +0530,
Laptop,213,3,14,1,0.20065180002711713,,,,,,,,,,,,14,3,213,5,,,,,65.85813020006754,,65.84411300008651,65.85813020006754,65.85813020006754,66.05932930007111,1,0.20065180002711713,,,,,,,,,,,,,,,Participant 01,001,2025-10-16_17h51.32.797,Word Priming Experiment,,2025.1.1,120.23349343055776,2025-10-16 17h51.46.329826 +0530,
book,214,4,14,1,0.23221480008214712,,,,,,,,,,,,14,4,214,0,,,,,66.07625889999326,,66.06077310000546,66.07625889999326,66.07625889999326,66.30951400008053,1,0.23221480008214712,,,,,,,,,,,,,,,Participant 01,001,2025-10-16_17h51.32.797,Word Priming Experiment,,2025.1.1,120.23349343055776,2025-10-16 17h51.46.329826 +0530,
Cruise,215,5,14,1,0.19838180008810014,,,,,,,,,,,,14,5,215,11,,,,,66.32482660003006,,66.31108910008334,66.32482660003006,66.32482660003006,66.52542080008425,1,0.19838180008810014,,,,,,,,,,,,,,,Participant 01,001,2025-10-16_17h51.32.797,Word Priming Experiment,,2025.1.1,120.23349343055776,2025-10-16 17h51.46.329826 +0530,
marble,216,6,14,1,0.18599740008357912,,,,,,,,,,,,14,6,216,3,,,,,66.54133140004706,,66.52702720009256,66.54133140004706,66.54133140004706,66.7263329999987,1,0.18599740008357912,,,,,,,,,,,,,,,Participant 01,001,2025-10-16_17h51.32.797,Word Priming Experiment,,2025.1.1,120.23349343055776,2025-10-16 17h51.46.329826 +0530,
phone,217,7,14,1,0.24979340005666018,,,,,,,,,,,,14,7,217,2,,,,,66.74138630006928,,66.72786250000354,66.74138630006928,66.74138630006928,66.99344950006343,1,0.24979340005666018,,,,,,,,,,,,,,,Participant 01,001,2025-10-16_17h51.32.797,Word Priming Experiment,,2025.1.1,120.23349343055776,2025-10-16 17h51.46.329826 +0530,
Poster,218,8,14,1,0.18316590005997568,,,,,,,,,,,,14,8,218,14,,,,,67.00808170007076,,66.99496790010016,67.00808170007076,67.00808170007076,67.19334730005357,1,0.18316590005997568,,,,,,,,,,,,,,,Participant 01,001,2025-10-16_17h51.32.797,Word Priming Experiment,,2025.1.1,120.23349343055776,2025-10-16 17h51.46.329826 +0530,
mouse,219,9,14,1,0.20146390004083514,,,,,,,,,,,,14,9,219,8,,,,,67.2079143000301,,67.19482330000028,67.2079143000301,67.2079143000301,67.40965230006259,1,0.20146390004083514,,,,,,,,,,,,,,,Participant 01,001,2025-10-16_17h51.32.797,Word Priming Experiment,,2025.1.1,120.23349343055776,2025-10-16 17h51.46.329826 +0530,
Chart,220,10,14,1,0.2159947999753058,,,,,,,,,,,,14,10,220,6,,,,,67.42456020007376,,67.4111790000461,67.42456020007376,67.42456020007376,67.64419220003765,1,0.2159947999753058,,,,,,,,,,,,,,,Participant 01,001,2025-10-16_17h51.32.797,Word Priming Experiment,,2025.1.1,120.23349343055776,2025-10-16 17h51.46.329826 +0530,
T-shirt,221,11,14,1,0.2146181999705732,,,,,,,,,,,,14,11,221,7,,,,,67.65802970004734,,67.64571270009037,67.65802970004734,67.65802970004734,67.87587720004376,1,0.2146181999705732,,,,,,,,,,,,,,,Participant 01,001,2025-10-16_17h51.32.797,Word Priming Experiment,,2025.1.1,120.23349343055776,2025-10-16 17h51.46.329826 +0530,
Police,222,12,14,1,0.2163287999574095,,,,,,,,,,,,14,12,222,12,,,,,67.89122069999576,,67.87741890002508,67.89122069999576,67.89122069999576,68.10919139999896,1,0.2163287999574095,,,,,,,,,,,,,,,Participant 01,001,2025-10-16_17h51.32.797,Word Priming Experiment,,2025.1.1,120.23349343055776,2025-10-16 17h51.46.329826 +0530,
Pastry,223,13,14,1,0.2150075000245124,,,,,,,,,,,,14,13,223,9,,,,,68.12532240001019,,68.11072580004111,68.12532240001019,68.12532240001019,68.34183640009724,1,0.2150075000245124,,,,,,,,,,,,,,,Participant 01,001,2025-10-16_17h51.32.797,Word Priming Experiment,,2025.1.1,120.23349343055776,2025-10-16 17h51.46.329826 +0530,
Case,224,14,14,1,0.2019266999559477,,,,,,,,,,,,14,14,224,10,,,,,68.35809140000492,,68.3432543000672,68.35809140000492,68.35809140000492,68.55886680004187,1,0.2019266999559477,,,,,,,,,,,,,,,Participant 01,001,2025-10-16_17h51.32.797,Word Priming Experiment,,2025.1.1,120.23349343055776,2025-10-16 17h51.46.329826 +0530,
,0,0,0,,,c_s_,Case,old,case,"[np.float64(-0.50125), np.float64(-0.50125), np.float64(-0.50125), np.float64(-0.50125), np.float64(-0.50125), np.float64(-0.50125), np.float64(-0.50125), np.float64(-0.50125), np.float64(0.02)]","[np.float64(-0.27625), np.float64(-0.27625), np.float64(-0.27625), np.float64(-0.27625), np.float64(-0.27625), np.float64(-0.27625), np.float64(-0.27625), np.float64(-0.27625), np.float64(-0.2875)]","[1, 1, 1, 1, 1, 1, 1, 1, 1]","[0, 0, 0, 0, 0, 0, 0, 0, 0]","[0, 0, 0, 0, 0, 0, 0, 0, 0]","[0.05836339993402362, 0.27911249990575016, 0.49241489998530596, 0.7261732999468222, 0.9609082998940721, 1.177546799997799, 1.4018248999491334, 1.626560500008054, 4.835107499966398]","[None, None, None, None, None, None, None, None, 'text_3']",,,,,0,0,0,5,68.57583780004643,,,,,,,,68.56721130001824,68.57583780004643,68.57583780004643,68.57583780004643,0.008334700018167496,73.40261170000304,case,"[np.float64(-0.50125), np.float64(-0.50125), np.float64(-0.50125), np.float64(-0.50125), np.float64(-0.50125), np.float64(-0.50125), np.float64(-0.50125), np.float64(-0.50125), np.float64(0.02)]","[np.float64(-0.27625), np.float64(-0.27625), np.float64(-0.27625), np.float64(-0.27625), np.float64(-0.27625), np.float64(-0.27625), np.float64(-0.27625), np.float64(-0.27625), np.float64(-0.2875)]","[1, 1, 1, 1, 1, 1, 1, 1, 1]","[0, 0, 0, 0, 0, 0, 0, 0, 0]","[0, 0, 0, 0, 0, 0, 0, 0, 0]","[0.05836339993402362, 0.27911249990575016, 0.49241489998530596, 0.7261732999468222, 0.9609082998940721, 1.177546799997799, 1.4018248999491334, 1.626560500008054, 4.835107499966398]","[None, None, None, None, None, None, None, None, 'text_3']",Participant 01,001,2025-10-16_17h51.32.797,Word Priming Experiment,,2025.1.1,120.23349343055776,2025-10-16 17h51.46.329826 +0530,
,1,1,0,,,_a_bl_,Marble,old,marble,[np.float64(0.02)],[np.float64(-0.2875)],[1],[0],[0],[2.8280721999472007],['text_3'],,,,,0,1,1,11,73.43171780009288,,,,,,,,73.40614460001234,73.43171780009288,73.43171780009288,73.43171780009288,0.003041299991309643,76.2344547000248,marble,[np.float64(0.02)],[np.float64(-0.2875)],[1],[0],[0],[2.8280721999472007],['text_3'],Participant 01,001,2025-10-16_17h51.32.797,Word Priming Experiment,,2025.1.1,120.23349343055776,2025-10-16 17h51.46.329826 +0530,
,2,2,0,,,_ou_se,mouse,old,mouse,[np.float64(-0.01875)],[np.float64(-0.28875)],[1],[0],[0],[3.1558125999290496],['text_3'],,,,,0,2,2,3,76.24984589999076,,,,,,,,76.23580080003012,76.24984589999076,76.24984589999076,76.24984589999076,0.0012639999622479081,79.39176410005894,mouse,[np.float64(-0.01875)],[np.float64(-0.28875)],[1],[0],[0],[3.1558125999290496],['text_3'],Participant 01,001,2025-10-16_17h51.32.797,Word Priming Experiment,,2025.1.1,120.23349343055776,2025-10-16 17h51.46.329826 +0530,
,3,3,0,,,l_pt_p,Laptop,old,laptop,[np.float64(-0.01875)],[np.float64(-0.28875)],[1],[0],[0],[3.015614000032656],['text_3'],,,,,0,3,3,0,79.40751690010075,,,,,,,,79.39328970003407,79.40751690010075,79.40751690010075,79.40751690010075,0.0014573000371456146,82.40906010009348,laptop,[np.float64(-0.01875)],[np.float64(-0.28875)],[1],[0],[0],[3.015614000032656],['text_3'],Participant 01,001,2025-10-16_17h51.32.797,Word Priming Experiment,,2025.1.1,120.23349343055776,2025-10-16 17h51.46.329826 +0530,
,4,4,0,,,P_st_r,Poster,old,pastry,[np.float64(-0.0375)],[np.float64(-0.30375)],[1],[0],[0],[3.3177257000934333],['text_3'],,,,,0,4,4,9,82.42401310009882,,,,,,,,82.41037220007274,82.42401310009882,82.42401310009882,82.42401310009882,0.0012404000153765082,85.7282613000134,pastry,[np.float64(-0.0375)],[np.float64(-0.30375)],[1],[0],[0],[3.3177257000934333],['text_3'],Participant 01,001,2025-10-16_17h51.32.797,Word Priming Experiment,,2025.1.1,120.23349343055776,2025-10-16 17h51.46.329826 +0530,
,5,5,0,,,c_m_ra,Camera,new,camera,[np.float64(-0.04125)],[np.float64(-0.3025)],[1],[0],[0],[3.3632384999655187],['text_3'],,,,,0,5,5,19,85.74047300009988,,,,,,,,85.72963419998996,85.74047300009988,85.74047300009988,85.74047300009988,0.0013007998932152987,89.09303039999213,camera,[np.float64(-0.04125)],[np.float64(-0.3025)],[1],[0],[0],[3.3632384999655187],['text_3'],Participant 01,001,2025-10-16_17h51.32.797,Word Priming Experiment,,2025.1.1,120.23349343055776,2025-10-16 17h51.46.329826 +0530,
,6,6,0,,,v_s_,Vase,new,vase,[np.float64(-0.04125)],[np.float64(-0.3025)],[1],[0],[0],[2.8643215999472886],['text_3'],,,,,0,6,6,17,89.10778439999558,,,,,,,,89.09617050003726,89.10778439999558,89.10778439999558,89.10778439999558,0.003079000045545399,91.9606739000883,vase,[np.float64(-0.04125)],[np.float64(-0.3025)],[1],[0],[0],[2.8643215999472886],['text_3'],Participant 01,001,2025-10-16_17h51.32.797,Word Priming Experiment,,2025.1.1,120.23349343055776,2025-10-16 17h51.46.329826 +0530,
,7,7,0,,,_o_rd,Board,old,word,"[np.float64(-0.09), np.float64(-0.05)]","[np.float64(-0.36125), np.float64(-0.30875)]","[1, 1]","[0, 0]","[0, 0]","[3.12419120001141, 3.972897000028752]","[None, 'text_3']",,,,,0,7,7,10,91.97398440004326,,,,,,,,91.96196710004006,91.97398440004326,91.97398440004326,91.97398440004326,0.0012260000221431255,95.93508309999015,word,"[np.float64(-0.09), np.float64(-0.05)]","[np.float64(-0.36125), np.float64(-0.30875)]","[1, 1]","[0, 0]","[0, 0]","[3.12419120001141, 3.972897000028752]","[None, 'text_3']",Participant 01,001,2025-10-16_17h51.32.797,Word Priming Experiment,,2025.1.1,120.23349343055776,2025-10-16 17h51.46.329826 +0530,
,8,8,0,,,ta_l_,Table,new,table,[np.float64(-0.05)],[np.float64(-0.30875)],[1],[0],[0],[2.861870399909094],['text_3'],,,,,0,8,8,15,95.94901500002015,,,,,,,,95.93846700002905,95.94901500002015,95.94901500002015,95.94901500002015,0.003248100052587688,98.80057570000645,table,[np.float64(-0.05)],[np.float64(-0.30875)],[1],[0],[0],[2.861870399909094],['text_3'],Participant 01,001,2025-10-16_17h51.32.797,Word Priming Experiment,,2025.1.1,120.23349343055776,2025-10-16 17h51.46.329826 +0530,
,9,9,0,,,P_li_e,Police,old,police,[np.float64(-0.05)],[np.float64(-0.30875)],[1],[0],[0],[3.206707299919799],['text_3'],,,,,0,9,9,7,98.8155693000881,,,,,,,,98.80192190001253,98.8155693000881,98.8155693000881,98.8155693000881,0.0012830999912694097,102.00880430010147,police,[np.float64(-0.05)],[np.float64(-0.30875)],[1],[0],[0],[3.206707299919799],['text_3'],Participant 01,001,2025-10-16_17h51.32.797,Word Priming Experiment,,2025.1.1,120.23349343055776,2025-10-16 17h51.46.329826 +0530,
,10,10,0,,,bo_t_e,Bottle,new,bottle,[np.float64(-0.0475)],[np.float64(-0.30875)],[1],[0],[0],[3.361099300091155],['text_3'],,,,,0,10,10,18,102.04091270000208,,,,,,,,102.01762530009728,102.04091270000208,102.04091270000208,102.04091270000208,0.008760900003835559,105.37987000006251,bottle,[np.float64(-0.0475)],[np.float64(-0.30875)],[1],[0],[0],[3.361099300091155],['text_3'],Participant 01,001,2025-10-16_17h51.32.797,Word Priming Experiment,,2025.1.1,120.23349343055776,2025-10-16 17h51.46.329826 +0530,
,11,11,0,,,T_hi_t,Tshirt,old,tshirt,[np.float64(-0.0475)],[np.float64(-0.30875)],[1],[0],[0],[3.025484499987215],['text_3'],,,,,0,11,11,2,105.40892090008128,,,,,,,,105.38393040001392,105.40892090008128,105.40892090008128,105.40892090008128,0.0037411999655887485,108.40985550009646,tshirt,[np.float64(-0.0475)],[np.float64(-0.30875)],[1],[0],[0],[3.025484499987215],['text_3'],Participant 01,001,2025-10-16_17h51.32.797,Word Priming Experiment,,2025.1.1,120.23349343055776,2025-10-16 17h51.46.329826 +0530,
,12,12,0,,,_ha_t,Chart,old,chart,[np.float64(-0.055)],[np.float64(-0.30875)],[1],[0],[0],[5.222764300066046],['text_3'],,,,,0,12,12,1,108.42358020006213,,,,,,,,108.41326860000845,108.42358020006213,108.42358020006213,108.42358020006213,0.003237099968828261,113.6363893999951,chart,[np.float64(-0.055)],[np.float64(-0.30875)],[1],[0],[0],[5.222764300066046],['text_3'],Participant 01,001,2025-10-16_17h51.32.797,Word Priming Experiment,,2025.1.1,120.23349343055776,2025-10-16 17h51.46.329826 +0530,
,13,13,0,,,_ru_is_,Cruise,old,cruise,[np.float64(-0.055)],[np.float64(-0.30875)],[1],[0],[0],[3.4283478000434116],['text_3'],,,,,0,13,13,6,113.66513209999539,,,,,,,,113.63983560004272,113.66513209999539,113.66513209999539,113.66513209999539,0.003241300000809133,117.06858439999633,cruise,[np.float64(-0.055)],[np.float64(-0.30875)],[1],[0],[0],[3.4283478000434116],['text_3'],Participant 01,001,2025-10-16_17h51.32.797,Word Priming Experiment,,2025.1.1,120.23349343055776,2025-10-16 17h51.46.329826 +0530,
,14,14,0,,,P_as_tr_,Pastry,old,pastry,[np.float64(-0.055)],[np.float64(-0.30875)],[1],[0],[0],[2.8616849998943508],['text_3'],,,,,0,14,14,4,117.08251099998597,,,,,,,,117.0721773999976,117.08251099998597,117.08251099998597,117.08251099998597,0.003446499933488667,119.93414600007236,pastry,[np.float64(-0.055)],[np.float64(-0.30875)],[1],[0],[0],[2.8616849998943508],['text_3'],Participant 01,001,2025-10-16_17h51.32.797,Word Priming Experiment,,2025.1.1,120.23349343055776,2025-10-16 17h51.46.329826 +0530,
,15,15,0,,,_ho_e,Phone,old,house,[np.float64(-0.055)],[np.float64(-0.30875)],[1],[0],[0],[20.86449609999545],['text_3'],,,,,0,15,15,12,119.9491629000986,,,,,,,,119.9357055000728,119.9491629000986,119.9491629000986,119.9491629000986,0.001492900075390935,140.80041020002682,house,[np.float64(-0.055)],[np.float64(-0.30875)],[1],[0],[0],[20.86449609999545],['text_3'],Participant 01,001,2025-10-16_17h51.32.797,Word Priming Experiment,,2025.1.1,120.23349343055776,2025-10-16 17h51.46.329826 +0530,
,16,16,0,,,_oo_,Book,old,book,[np.float64(-0.055)],[np.float64(-0.30875)],[1],[0],[0],[3.913877399987541],['text_3'],,,,,0,16,16,13,140.81485980004072,,,,,,,,140.80266730010044,140.81485980004072,140.81485980004072,140.81485980004072,0.0021695999894291162,144.71676310000475,book,[np.float64(-0.055)],[np.float64(-0.30875)],[1],[0],[0],[3.913877399987541],['text_3'],Participant 01,001,2025-10-16_17h51.32.797,Word Priming Experiment,,2025.1.1,120.23349343055776,2025-10-16 17h51.46.329826 +0530,
,17,17,0,,,c_s_io_,Cushion,new,cushion,[np.float64(-0.055)],[np.float64(-0.30875)],[1],[0],[0],[3.7650437999982387],['text_3'],,,,,0,17,17,14,144.73186220007483,,,,,,,,144.71850690001156,144.73186220007483,144.73186220007483,144.73186220007483,0.0016549000283703208,148.48382940003648,cushion,[np.float64(-0.055)],[np.float64(-0.30875)],[1],[0],[0],[3.7650437999982387],['text_3'],Participant 01,001,2025-10-16_17h51.32.797,Word Priming Experiment,,2025.1.1,120.23349343055776,2025-10-16 17h51.46.329826 +0530,
,18,18,0,,,p_nc_l,Pencil,new,pencil,[np.float64(-0.055)],[np.float64(-0.30875)],[1],[0],[0],[3.9308004000922665],['text_3'],,,,,0,18,18,16,148.49844110000413,,,,,,,,148.48658620007336,148.49844110000413,148.49844110000413,148.49844110000413,0.002623999956995249,152.41782239999156,pencil,[np.float64(-0.055)],[np.float64(-0.30875)],[1],[0],[0],[3.9308004000922665],['text_3'],Participant 01,001,2025-10-16_17h51.32.797,Word Priming Experiment,,2025.1.1,120.23349343055776,2025-10-16 17h51.46.329826 +0530,
,19,19,0,,,K_y_,Keys,old,keys,[np.float64(-0.055)],[np.float64(-0.30875)],[1],[0],[0],[2.9448521999875084],['text_3'],,,,,0,19,19,8,152.4317910000682,,,,,,,,152.42192770005204,152.4317910000682,152.4317910000682,152.4317910000682,0.003903099917806685,155.3670460000867,keys,[np.float64(-0.055)],[np.float64(-0.30875)],[1],[0],[0],[2.9448521999875084],['text_3'],Participant 01,001,2025-10-16_17h51.32.797,Word Priming Experiment,,2025.1.1,120.23349343055776,2025-10-16 17h51.46.329826 +0530,
,20,0,1,,,_ha_t,Chart,old,,[np.float64(-0.055)],[np.float64(-0.30875)],[1],[0],[0],[2.298628299962729],['text_3'],,,,,1,0,20,1,155.38170840009116,,,,,,,,155.36853330000304,155.38170840009116,155.38170840009116,155.38170840009116,0.0014182999730110168,157.66737390006892,,[np.float64(-0.055)],[np.float64(-0.30875)],[1],[0],[0],[2.298628299962729],['text_3'],Participant 01,001,2025-10-16_17h51.32.797,Word Priming Experiment,,2025.1.1,120.23349343055776,2025-10-16 17h51.46.329826 +0530,
,21,1,1,,,v_s_,Vase,new,vase,[np.float64(-0.055)],[np.float64(-0.30875)],[1],[0],[0],[6.465450400020927],['text_3'],,,,,1,1,21,17,157.68135209998582,,,,,,,,157.668605200015,157.68135209998582,157.68135209998582,157.68135209998582,0.0011728000827133656,164.13434690004215,vase,[np.float64(-0.055)],[np.float64(-0.30875)],[1],[0],[0],[6.465450400020927],['text_3'],Participant 01,001,2025-10-16_17h51.32.797,Word Priming Experiment,,2025.1.1,120.23349343055776,2025-10-16 17h51.46.329826 +0530,
,22,2,1,,,bo_t_e,Bottle,new,bottle,[np.float64(-0.055)],[np.float64(-0.30875)],[1],[0],[0],[3.51340179995168],['text_3'],,,,,1,2,22,18,164.14811400009785,,,,,,,,164.13682730006985,164.14811400009785,164.14811400009785,164.14811400009785,0.0023535999935120344,167.65065780002624,bottle,[np.float64(-0.055)],[np.float64(-0.30875)],[1],[0],[0],[3.51340179995168],['text_3'],Participant 01,001,2025-10-16_17h51.32.797,Word Priming Experiment,,2025.1.1,120.23349343055776,2025-10-16 17h51.46.329826 +0530,
,23,3,1,,,l_pt_p,Laptop,old,laptop,[np.float64(-0.055)],[np.float64(-0.30875)],[1],[0],[0],[3.948194299940951],['text_3'],,,,,1,3,23,0,167.66519269999117,,,,,,,,167.65227540000342,167.66519269999117,167.66519269999117,167.66519269999117,0.0015333999181166291,171.60075640003197,laptop,[np.float64(-0.055)],[np.float64(-0.30875)],[1],[0],[0],[3.948194299940951],['text_3'],Participant 01,001,2025-10-16_17h51.32.797,Word Priming Experiment,,2025.1.1,120.23349343055776,2025-10-16 17h51.46.329826 +0530,
,24,4,1,,,p_nc_l,Pencil,new,pencil,[np.float64(-0.055)],[np.float64(-0.30875)],[1],[0],[0],[2.947056300006807],['text_3'],,,,,1,4,24,16,171.6146704000421,,,,,,,,171.60414660000242,171.6146704000421,171.6146704000421,171.6146704000421,0.003296599956229329,174.55154950008728,pencil,[np.float64(-0.055)],[np.float64(-0.30875)],[1],[0],[0],[2.947056300006807],['text_3'],Participant 01,001,2025-10-16_17h51.32.797,Word Priming Experiment,,2025.1.1,120.23349343055776,2025-10-16 17h51.46.329826 +0530,
,25,5,1,,,_a_bl_,Marble,old,table,[np.float64(-0.055)],[np.float64(-0.30875)],[1],[0],[0],[4.829575199983083],['text_3'],,,,,1,5,25,11,174.56470170000102,,,,,,,,174.55324140004814,174.56470170000102,174.56470170000102,174.56470170000102,0.001597000053152442,179.3830464000348,table,[np.float64(-0.055)],[np.float64(-0.30875)],[1],[0],[0],[4.829575199983083],['text_3'],Participant 01,001,2025-10-16_17h51.32.797,Word Priming Experiment,,2025.1.1,120.23349343055776,2025-10-16 17h51.46.329826 +0530,
,26,6,1,,,_ho_e,Phone,old,house,[np.float64(-0.055)],[np.float64(-0.30875)],[1],[0],[0],[3.6501760999672115],['text_3'],,,,,1,6,26,12,179.3978520000819,,,,,,,,179.38449930003844,179.3978520000819,179.3978520000819,179.3978520000819,0.001384299946948886,183.03491480008233,house,[np.float64(-0.055)],[np.float64(-0.30875)],[1],[0],[0],[3.6501760999672115],['text_3'],Participant 01,001,2025-10-16_17h51.32.797,Word Priming Experiment,,2025.1.1,120.23349343055776,2025-10-16 17h51.46.329826 +0530,
,27,7,1,,,_oo_,Book,old,book,[np.float64(-0.055)],[np.float64(-0.30875)],[1],[0],[0],[2.747061499976553],['text_3'],,,,,1,7,27,13,183.04810540005565,,,,,,,,183.0365676000947,183.04810540005565,183.04810540005565,183.04810540005565,0.0015882999869063497,185.7838630999904,book,[np.float64(-0.055)],[np.float64(-0.30875)],[1],[0],[0],[2.747061499976553],['text_3'],Participant 01,001,2025-10-16_17h51.32.797,Word Priming Experiment,,2025.1.1,120.23349343055776,2025-10-16 17h51.46.329826 +0530,
,28,8,1,,,P_as_tr_,Pastry,old,pastry,[np.float64(-0.055)],[np.float64(-0.30875)],[1],[0],[0],[3.116591600002721],['text_3'],,,,,1,8,28,4,185.7977450999897,,,,,,,,185.78540940000676,185.7977450999897,185.7977450999897,185.7977450999897,0.0014841000083833933,188.90227329998743,pastry,[np.float64(-0.055)],[np.float64(-0.30875)],[1],[0],[0],[3.116591600002721],['text_3'],Participant 01,001,2025-10-16_17h51.32.797,Word Priming Experiment,,2025.1.1,120.23349343055776,2025-10-16 17h51.46.329826 +0530,
,29,9,1,,,P_li_e,Police,old,police,[np.float64(-0.055)],[np.float64(-0.30875)],[1],[0],[0],[2.9110907000722364],['text_3'],,,,,1,9,29,7,188.91530500003137,,,,,,,,188.90518520004116,188.91530500003137,188.91530500003137,188.91530500003137,0.002840299974195659,191.8166429999983,police,[np.float64(-0.055)],[np.float64(-0.30875)],[1],[0],[0],[2.9110907000722364],['text_3'],Participant 01,001,2025-10-16_17h51.32.797,Word Priming Experiment,,2025.1.1,120.23349343055776,2025-10-16 17h51.46.329826 +0530,
,30,10,1,,,_o_rd,Board,old,word,[np.float64(-0.055)],[np.float64(-0.30875)],[1],[0],[0],[2.346468099975027],['text_3'],,,,,1,10,30,10,191.83142719999887,,,,,,,,191.81983689998742,191.83142719999887,191.83142719999887,191.83142719999887,0.003075100015848875,194.16689180000685,word,[np.float64(-0.055)],[np.float64(-0.30875)],[1],[0],[0],[2.346468099975027],['text_3'],Participant 01,001,2025-10-16_17h51.32.797,Word Priming Experiment,,2025.1.1,120.23349343055776,2025-10-16 17h51.46.329826 +0530,
,31,11,1,,,T_hi_t,Tshirt,old,tshirt,[np.float64(-0.055)],[np.float64(-0.30875)],[1],[0],[0],[3.012635799939744],['text_3'],,,,,1,11,31,2,194.18106580001768,,,,,,,,194.17027960007545,194.18106580001768,194.18106580001768,194.18106580001768,0.0032460999209433794,197.18329399998765,tshirt,[np.float64(-0.055)],[np.float64(-0.30875)],[1],[0],[0],[3.012635799939744],['text_3'],Participant 01,001,2025-10-16_17h51.32.797,Word Priming Experiment,,2025.1.1,120.23349343055776,2025-10-16 17h51.46.329826 +0530,
,32,12,1,,,c_m_ra,Camera,new,camera,[np.float64(-0.055)],[np.float64(-0.30875)],[1],[0],[0],[4.63097000005655],['text_3'],,,,,1,12,32,19,197.19772970001213,,,,,,,,197.185227900045,197.19772970001213,197.19772970001213,197.19772970001213,0.0018420000560581684,201.81650700001046,camera,[np.float64(-0.055)],[np.float64(-0.30875)],[1],[0],[0],[4.63097000005655],['text_3'],Participant 01,001,2025-10-16_17h51.32.797,Word Priming Experiment,,2025.1.1,120.23349343055776,2025-10-16 17h51.46.329826 +0530,
,33,13,1,,,_ou_se,mouse,old,mouse,[np.float64(-0.055)],[np.float64(-0.30875)],[1],[0],[0],[2.9325845999410376],['text_3'],,,,,1,13,33,3,201.83148860000074,,,,,,,,201.81848060002085,201.83148860000074,201.83148860000074,201.83148860000074,0.0018823000136762857,204.75134240009356,mouse,[np.float64(-0.055)],[np.float64(-0.30875)],[1],[0],[0],[2.9325845999410376],['text_3'],Participant 01,001,2025-10-16_17h51.32.797,Word Priming Experiment,,2025.1.1,120.23349343055776,2025-10-16 17h51.46.329826 +0530,
,34,14,1,,,c_s_io_,Cushion,new,cushion,[np.float64(-0.055)],[np.float64(-0.30875)],[1],[0],[0],[3.3817501000594348],['text_3'],,,,,1,14,34,14,204.76424560009036,,,,,,,,204.75285600009374,204.76424560009036,204.76424560009036,204.76424560009036,0.001445000059902668,208.13485290005337,cushion,[np.float64(-0.055)],[np.float64(-0.30875)],[1],[0],[0],[3.3817501000594348],['text_3'],Participant 01,001,2025-10-16_17h51.32.797,Word Priming Experiment,,2025.1.1,120.23349343055776,2025-10-16 17h51.46.329826 +0530,
,35,15,1,,,P_st_r,Poster,old,pastry,[np.float64(-0.05625)],[np.float64(-0.2975)],[1],[0],[0],[3.556161900050938],['text_3'],,,,,1,15,35,9,208.14893340005074,,,,,,,,208.1364225000143,208.14893340005074,208.14893340005074,208.14893340005074,0.0015069999499246478,211.69314530002885,pastry,[np.float64(-0.05625)],[np.float64(-0.2975)],[1],[0],[0],[3.556161900050938],['text_3'],Participant 01,001,2025-10-16_17h51.32.797,Word Priming Experiment,,2025.1.1,120.23349343055776,2025-10-16 17h51.46.329826 +0530,
,36,16,1,,,K_y_,Keys,old,keys,[np.float64(-0.05625)],[np.float64(-0.2975)],[1],[0],[0],[4.392914000083692],['text_3'],,,,,1,16,36,8,211.70739290001802,,,,,,,,211.6964905000059,211.70739290001802,211.70739290001802,211.70739290001802,0.0030879999976605177,216.08967730007134,keys,[np.float64(-0.05625)],[np.float64(-0.2975)],[1],[0],[0],[4.392914000083692],['text_3'],Participant 01,001,2025-10-16_17h51.32.797,Word Priming Experiment,,2025.1.1,120.23349343055776,2025-10-16 17h51.46.329826 +0530,
,37,17,1,,,ta_l_,Table,new,table,[np.float64(-0.05625)],[np.float64(-0.2975)],[1],[0],[0],[5.384003699989989],['text_3'],,,,,1,17,37,15,216.1055575000355,,,,,,,,216.09127640002407,216.1055575000355,216.1055575000355,216.1055575000355,0.0015296000055968761,221.47555339999963,table,[np.float64(-0.05625)],[np.float64(-0.2975)],[1],[0],[0],[5.384003699989989],['text_3'],Participant 01,001,2025-10-16_17h51.32.797,Word Priming Experiment,,2025.1.1,120.23349343055776,2025-10-16 17h51.46.329826 +0530,
,38,18,1,,,c_s_,Case,old,case,[np.float64(-0.05625)],[np.float64(-0.2975)],[1],[0],[0],[2.9135092000942677],['text_3'],,,,,1,18,38,5,221.48905219999142,,,,,,,,221.47732410009485,221.48905219999142,221.48905219999142,221.48905219999142,0.0017098999815061688,224.3911083000712,case,[np.float64(-0.05625)],[np.float64(-0.2975)],[1],[0],[0],[2.9135092000942677],['text_3'],Participant 01,001,2025-10-16_17h51.32.797,Word Priming Experiment,,2025.1.1,120.23349343055776,2025-10-16 17h51.46.329826 +0530,
,39,19,1,,,_ru_is_,Cruise,old,cruise,[np.float64(-0.05625)],[np.float64(-0.2975)],[1],[0],[0],[3.6664778999984264],['text_3'],,,,,1,19,39,6,224.4059728999855,,,,,,,,224.3926959000528,224.4059728999855,224.4059728999855,224.4059728999855,0.0015266999835148454,228.05967300001066,cruise,[np.float64(-0.05625)],[np.float64(-0.2975)],[1],[0],[0],[3.6664778999984264],['text_3'],Participant 01,001,2025-10-16_17h51.32.797,Word Priming Experiment,,2025.1.1,120.23349343055776,2025-10-16 17h51.46.329826 +0530,
,40,0,2,,,_oo_,Book,old,book,[np.float64(-0.05625)],[np.float64(-0.2975)],[1],[0],[0],[2.897175500052981],['text_3'],,,,,2,0,40,13,228.07394830009434,,,,,,,,228.06314430001657,228.07394830009434,228.07394830009434,228.07394830009434,0.0033086000476032495,230.96097380004358,book,[np.float64(-0.05625)],[np.float64(-0.2975)],[1],[0],[0],[2.897175500052981],['text_3'],Participant 01,001,2025-10-16_17h51.32.797,Word Priming Experiment,,2025.1.1,120.23349343055776,2025-10-16 17h51.46.329826 +0530,
,41,1,2,,,c_s_io_,Cushion,new,cushion,[np.float64(-0.05625)],[np.float64(-0.2975)],[1],[0],[0],[3.05861259996891],['text_3'],,,,,2,1,41,14,230.98866480006836,,,,,,,,230.9651586000109,230.98866480006836,230.98866480006836,230.98866480006836,0.003993600024841726,234.02424820000306,cushion,[np.float64(-0.05625)],[np.float64(-0.2975)],[1],[0],[0],[3.05861259996891],['text_3'],Participant 01,001,2025-10-16_17h51.32.797,Word Priming Experiment,,2025.1.1,120.23349343055776,2025-10-16 17h51.46.329826 +0530,
,42,2,2,,,_ou_se,mouse,old,mouse,[np.float64(-0.05625)],[np.float64(-0.2975)],[1],[0],[0],[3.1152412000810727],['text_3'],,,,,2,2,42,3,234.03895070008002,,,,,,,,234.0267733000219,234.03895070008002,234.03895070008002,234.03895070008002,0.0024195999139919877,237.14254240004811,mouse,[np.float64(-0.05625)],[np.float64(-0.2975)],[1],[0],[0],[3.1152412000810727],['text_3'],Participant 01,001,2025-10-16_17h51.32.797,Word Priming Experiment,,2025.1.1,120.23349343055776,2025-10-16 17h51.46.329826 +0530,
,43,3,2,,,_ru_is_,Cruise,old,cruise,[np.float64(-0.05625)],[np.float64(-0.2975)],[1],[0],[0],[5.410690299933776],['text_3'],,,,,2,3,43,6,237.17211520008277,,,,,,,,237.14662300003693,237.17211520008277,237.17211520008277,237.17211520008277,0.003930699895136058,242.55774200009182,cruise,[np.float64(-0.05625)],[np.float64(-0.2975)],[1],[0],[0],[5.410690299933776],['text_3'],Participant 01,001,2025-10-16_17h51.32.797,Word Priming Experiment,,2025.1.1,120.23349343055776,2025-10-16 17h51.46.329826 +0530,
,44,4,2,,,c_s_,Case,old,case,[np.float64(-0.05625)],[np.float64(-0.2975)],[1],[0],[0],[3.1152689000591636],['text_3'],,,,,2,4,44,5,242.57270190003328,,,,,,,,242.55965000006836,242.57270190003328,242.57270190003328,242.57270190003328,0.0018235999159514904,245.67533200001344,case,[np.float64(-0.05625)],[np.float64(-0.2975)],[1],[0],[0],[3.1152689000591636],['text_3'],Participant 01,001,2025-10-16_17h51.32.797,Word Priming Experiment,,2025.1.1,120.23349343055776,2025-10-16 17h51.46.329826 +0530,
,45,5,2,,,K_y_,Keys,old,keys,[np.float64(-0.05625)],[np.float64(-0.2975)],[1],[0],[0],[3.747680899919942],['text_3'],,,,,2,5,45,8,245.68944290000945,,,,,,,,245.67726010002661,245.68944290000945,245.68944290000945,245.68944290000945,0.0018292999593541026,249.4252726000268,keys,[np.float64(-0.05625)],[np.float64(-0.2975)],[1],[0],[0],[3.747680899919942],['text_3'],Participant 01,001,2025-10-16_17h51.32.797,Word Priming Experiment,,2025.1.1,120.23349343055776,2025-10-16 17h51.46.329826 +0530,
,46,6,2,,,c_m_ra,Camera,new,camera,[np.float64(-0.05625)],[np.float64(-0.2975)],[1],[0],[0],[3.416298299911432],['text_3'],,,,,2,6,46,19,249.44008740002755,,,,,,,,249.42697420006152,249.44008740002755,249.44008740002755,249.44008740002755,0.0016253000358119607,252.84367219998967,camera,[np.float64(-0.05625)],[np.float64(-0.2975)],[1],[0],[0],[3.416298299911432],['text_3'],Participant 01,001,2025-10-16_17h51.32.797,Word Priming Experiment,,2025.1.1,120.23349343055776,2025-10-16 17h51.46.329826 +0530,
,47,7,2,,,_o_rd,Board,old,word,[np.float64(-0.05625)],[np.float64(-0.2975)],[1],[0],[0],[2.8964986000210047],['text_3'],,,,,2,7,47,10,252.85684760008007,,,,,,,,252.84635550004896,252.85684760008007,252.85684760008007,252.85684760008007,0.0025472999550402164,255.74321790004615,word,[np.float64(-0.05625)],[np.float64(-0.2975)],[1],[0],[0],[2.8964986000210047],['text_3'],Participant 01,001,2025-10-16_17h51.32.797,Word Priming Experiment,,2025.1.1,120.23349343055776,2025-10-16 17h51.46.329826 +0530,
,48,8,2,,,P_li_e,Police,old,police,[np.float64(-0.05625)],[np.float64(-0.2975)],[1],[0],[0],[2.963192000053823],['text_3'],,,,,2,8,48,7,255.75616420002189,,,,,,,,255.74482750007883,255.75616420002189,255.75616420002189,255.75616420002189,0.0015367999440059066,258.7086638000328,police,[np.float64(-0.05625)],[np.float64(-0.2975)],[1],[0],[0],[2.963192000053823],['text_3'],Participant 01,001,2025-10-16_17h51.32.797,Word Priming Experiment,,2025.1.1,120.23349343055776,2025-10-16 17h51.46.329826 +0530,
,49,9,2,,,ta_l_,Table,new,table,[np.float64(-0.05625)],[np.float64(-0.2975)],[1],[0],[0],[8.062884400016628],['text_3'],,,,,2,9,49,15,258.7229295000434,,,,,,,,258.7121952000307,258.7229295000434,258.7229295000434,258.7229295000434,0.003245400032028556,266.7758439000463,table,[np.float64(-0.05625)],[np.float64(-0.2975)],[1],[0],[0],[8.062884400016628],['text_3'],Participant 01,001,2025-10-16_17h51.32.797,Word Priming Experiment,,2025.1.1,120.23349343055776,2025-10-16 17h51.46.329826 +0530,
,50,10,2,,,l_pt_p,Laptop,old,laptop,[np.float64(-0.0825)],[np.float64(-0.3175)],[1],[0],[0],[6.918581199948676],['text_3'],,,,,2,10,50,0,266.8053059000522,,,,,,,,266.7814259000588,266.8053059000522,266.8053059000522,266.8053059000522,0.00541840004734695,273.7006637000013,laptop,[np.float64(-0.0825)],[np.float64(-0.3175)],[1],[0],[0],[6.918581199948676],['text_3'],Participant 01,001,2025-10-16_17h51.32.797,Word Priming Experiment,,2025.1.1,120.23349343055776,2025-10-16 17h51.46.329826 +0530,
,51,11,2,,,_ho_e,Phone,old,phone,[np.float64(-0.0825)],[np.float64(-0.3175)],[1],[0],[0],[3.841664099949412],['text_3'],,,,,2,11,51,12,273.7133131000446,,,,,,,,273.70217300008517,273.7133131000446,273.7133131000446,273.7133131000446,0.0015394999645650387,277.5448264000006,phone,[np.float64(-0.0825)],[np.float64(-0.3175)],[1],[0],[0],[3.841664099949412],['text_3'],Participant 01,001,2025-10-16_17h51.32.797,Word Priming Experiment,,2025.1.1,120.23349343055776,2025-10-16 17h51.46.329826 +0530,
,52,12,2,,,P_st_r,Poster,old,pastry,[np.float64(-0.0825)],[np.float64(-0.3175)],[1],[0],[0],[4.174097600043751],['text_3'],,,,,2,12,52,9,277.57180290005635,,,,,,,,277.550426300033,277.57180290005635,277.57180290005635,277.57180290005635,0.00541680003516376,281.7254590000957,pastry,[np.float64(-0.0825)],[np.float64(-0.3175)],[1],[0],[0],[4.174097600043751],['text_3'],Participant 01,001,2025-10-16_17h51.32.797,Word Priming Experiment,,2025.1.1,120.23349343055776,2025-10-16 17h51.46.329826 +0530,
,53,13,2,,,_ha_t,Chart,old,chart,[np.float64(-0.0825)],[np.float64(-0.3175)],[1],[0],[0],[2.677903200034052],['text_3'],,,,,2,13,53,1,281.75467819999903,,,,,,,,281.7292805000907,281.75467819999903,281.75467819999903,281.75467819999903,0.0036279999185353518,284.40779990004376,chart,[np.float64(-0.0825)],[np.float64(-0.3175)],[1],[0],[0],[2.677903200034052],['text_3'],Participant 01,001,2025-10-16_17h51.32.797,Word Priming Experiment,,2025.1.1,120.23349343055776,2025-10-16 17h51.46.329826 +0530,
,54,14,2,,,p_nc_l,Pencil,new,panicle,[np.float64(-0.07875)],[np.float64(-0.3175)],[1],[0],[0],[4.299641399993561],['text_3'],,,,,2,14,54,16,284.4222427000059,,,,,,,,284.41068179998547,284.4222427000059,284.4222427000059,284.4222427000059,0.0027254000306129456,288.71093400008976,panicle,[np.float64(-0.07875)],[np.float64(-0.3175)],[1],[0],[0],[4.299641399993561],['text_3'],Participant 01,001,2025-10-16_17h51.32.797,Word Priming Experiment,,2025.1.1,120.23349343055776,2025-10-16 17h51.46.329826 +0530,
,55,15,2,,,P_as_tr_,Pastry,old,pastry,[np.float64(-0.07875)],[np.float64(-0.3175)],[1],[0],[0],[3.9610390999587253],['text_3'],,,,,2,15,55,4,288.7385097000515,,,,,,,,288.7150988000212,288.7385097000515,288.7385097000515,288.7385097000515,0.003996600047685206,292.6765512001002,pastry,[np.float64(-0.07875)],[np.float64(-0.3175)],[1],[0],[0],[3.9610390999587253],['text_3'],Participant 01,001,2025-10-16_17h51.32.797,Word Priming Experiment,,2025.1.1,120.23349343055776,2025-10-16 17h51.46.329826 +0530,
,56,16,2,,,T_hi_t,Tshirt,old,tshirt,[np.float64(-0.07875)],[np.float64(-0.3175)],[1],[0],[0],[3.4812981999712065],['text_3'],,,,,2,16,56,2,292.68929520004895,,,,,,,,292.67815699998755,292.68929520004895,292.68929520004895,292.68929520004895,0.0015375999500975013,296.1598993000807,tshirt,[np.float64(-0.07875)],[np.float64(-0.3175)],[1],[0],[0],[3.4812981999712065],['text_3'],Participant 01,001,2025-10-16_17h51.32.797,Word Priming Experiment,,2025.1.1,120.23349343055776,2025-10-16 17h51.46.329826 +0530,
,57,17,2,,,_a_bl_,Marble,old,marble,[np.float64(-0.07875)],[np.float64(-0.3175)],[1],[0],[0],[4.680129099986516],['text_3'],,,,,2,17,57,11,296.172083600075,,,,,,,,296.1616069000447,296.172083600075,296.172083600075,296.172083600075,0.0016326999757438898,300.8420432000421,marble,[np.float64(-0.07875)],[np.float64(-0.3175)],[1],[0],[0],[4.680129099986516],['text_3'],Participant 01,001,2025-10-16_17h51.32.797,Word Priming Experiment,,2025.1.1,120.23349343055776,2025-10-16 17h51.46.329826 +0530,
,58,18,2,,,bo_t_e,Bottle,new,bother,[np.float64(-0.07875)],[np.float64(-0.3175)],[1],[0],[0],[4.381606600014493],['text_3'],,,,,2,18,58,18,300.855345100048,,,,,,,,300.8435009000823,300.855345100048,300.855345100048,300.855345100048,0.0013845000648871064,305.2254233000567,bother,[np.float64(-0.07875)],[np.float64(-0.3175)],[1],[0],[0],[4.381606600014493],['text_3'],Participant 01,001,2025-10-16_17h51.32.797,Word Priming Experiment,,2025.1.1,120.23349343055776,2025-10-16 17h51.46.329826 +0530,
,59,19,2,,,v_s_,Vase,new,visa,[np.float64(-0.08125)],[np.float64(-0.315)],[1],[0],[0],[2.815382100059651],['text_3'],,,,,2,19,59,17,305.2392994000111,,,,,,,,305.22682990005706,305.2392994000111,305.2392994000111,305.2392994000111,0.0013349000364542007,308.04254410008434,visa,[np.float64(-0.08125)],[np.float64(-0.315)],[1],[0],[0],[2.815382100059651],['text_3'],Participant 01,001,2025-10-16_17h51.32.797,Word Priming Experiment,,2025.1.1,120.23349343055776,2025-10-16 17h51.46.329826 +0530,
,60,0,3,,,_a_bl_,Marble,old,table,[np.float64(-0.08125)],[np.float64(-0.315)],[1],[0],[0],[4.281433199997991],['text_3'],,,,,3,0,60,11,308.0554334000917,,,,,,,,308.0439824000932,308.0554334000917,308.0554334000917,308.0554334000917,0.0013730000937357545,312.32573790010065,table,[np.float64(-0.08125)],[np.float64(-0.315)],[1],[0],[0],[4.281433199997991],['text_3'],Participant 01,001,2025-10-16_17h51.32.797,Word Priming Experiment,,2025.1.1,120.23349343055776,2025-10-16 17h51.46.329826 +0530,
,61,1,3,,,K_y_,Keys,old,keys,[np.float64(-0.08125)],[np.float64(-0.315)],[1],[0],[0],[4.649470899952576],['text_3'],,,,,3,1,61,8,312.33878390002064,,,,,,,,312.32724680006504,312.33878390002064,312.33878390002064,312.33878390002064,0.0014424000401049852,316.97707160003483,keys,[np.float64(-0.08125)],[np.float64(-0.315)],[1],[0],[0],[4.649470899952576],['text_3'],Participant 01,001,2025-10-16_17h51.32.797,Word Priming Experiment,,2025.1.1,120.23349343055776,2025-10-16 17h51.46.329826 +0530,
,62,2,3,,,c_m_ra,Camera,new,camera,[np.float64(-0.08125)],[np.float64(-0.315)],[1],[0],[0],[4.04363640001975],['text_3'],,,,,3,2,62,19,317.0045824000845,,,,,,,,316.97951129998546,317.0045824000845,317.0045824000845,317.0045824000845,0.002398500102572143,321.0236359999981,camera,[np.float64(-0.08125)],[np.float64(-0.315)],[1],[0],[0],[4.04363640001975],['text_3'],Participant 01,001,2025-10-16_17h51.32.797,Word Priming Experiment,,2025.1.1,120.23349343055776,2025-10-16 17h51.46.329826 +0530,
,63,3,3,,,c_s_io_,Cushion,new,cushion,[np.float64(-0.08125)],[np.float64(-0.315)],[1],[0],[0],[3.5320475000189617],['text_3'],,,,,3,3,63,14,321.03843439999036,,,,,,,,321.0253236000426,321.03843439999036,321.03843439999036,321.03843439999036,0.0016215000068768859,324.55771840002853,cushion,[np.float64(-0.08125)],[np.float64(-0.315)],[1],[0],[0],[3.5320475000189617],['text_3'],Participant 01,001,2025-10-16_17h51.32.797,Word Priming Experiment,,2025.1.1,120.23349343055776,2025-10-16 17h51.46.329826 +0530,
,64,4,3,,,_o_rd,Board,old,board,[np.float64(-0.08125)],[np.float64(-0.315)],[1],[0],[0],[4.620026999968104],['text_3'],,,,,3,4,64,10,324.5717829000205,,,,,,,,324.55927460000385,324.5717829000205,324.5717829000205,324.5717829000205,0.0014906999422237277,329.1796466000378,board,[np.float64(-0.08125)],[np.float64(-0.315)],[1],[0],[0],[4.620026999968104],['text_3'],Participant 01,001,2025-10-16_17h51.32.797,Word Priming Experiment,,2025.1.1,120.23349343055776,2025-10-16 17h51.46.329826 +0530,
,65,5,3,,,P_st_r,Poster,old,pastry,[np.float64(-0.08125)],[np.float64(-0.315)],[1],[0],[0],[3.026357499998994],['text_3'],,,,,3,5,65,9,329.18853330006823,,,,,,,,329.18105060001835,329.18853330006823,329.18853330006823,329.18853330006823,0.0013383999466896057,332.2077637000475,pastry,[np.float64(-0.08125)],[np.float64(-0.315)],[1],[0],[0],[3.026357499998994],['text_3'],Participant 01,001,2025-10-16_17h51.32.797,Word Priming Experiment,,2025.1.1,120.23349343055776,2025-10-16 17h51.46.329826 +0530,
,66,6,3,,,bo_t_e,Bottle,new,bottle,[np.float64(-0.08125)],[np.float64(-0.315)],[1],[0],[0],[3.2305232000071555],['text_3'],,,,,3,6,66,18,332.2215341000119,,,,,,,,332.20937930000946,332.2215341000119,332.2215341000119,332.2215341000119,0.0015453000087291002,335.4402662999928,bottle,[np.float64(-0.08125)],[np.float64(-0.315)],[1],[0],[0],[3.2305232000071555],['text_3'],Participant 01,001,2025-10-16_17h51.32.797,Word Priming Experiment,,2025.1.1,120.23349343055776,2025-10-16 17h51.46.329826 +0530,
,67,7,3,,,v_s_,Vase,new,visa,[np.float64(-0.08125)],[np.float64(-0.315)],[1],[0],[0],[2.748093100031838],['text_3'],,,,,3,7,67,17,335.45548340003006,,,,,,,,335.4417354000034,335.45548340003006,335.45548340003006,335.45548340003006,0.0013959999196231365,338.1901480000233,visa,[np.float64(-0.08125)],[np.float64(-0.315)],[1],[0],[0],[2.748093100031838],['text_3'],Participant 01,001,2025-10-16_17h51.32.797,Word Priming Experiment,,2025.1.1,120.23349343055776,2025-10-16 17h51.46.329826 +0530,
,68,8,3,,,_ru_is_,Cruise,old,cruise,[np.float64(-0.08125)],[np.float64(-0.315)],[1],[0],[0],[4.582524999976158],['text_3'],,,,,3,8,68,6,338.20493360003456,,,,,,,,338.19166100001894,338.20493360003456,338.20493360003456,338.20493360003456,0.0014449999434873462,342.77491080004256,cruise,[np.float64(-0.08125)],[np.float64(-0.315)],[1],[0],[0],[4.582524999976158],['text_3'],Participant 01,001,2025-10-16_17h51.32.797,Word Priming Experiment,,2025.1.1,120.23349343055776,2025-10-16 17h51.46.329826 +0530,
,69,9,3,,,c_s_,Case,old,case,[np.float64(-0.08125)],[np.float64(-0.315)],[1],[0],[0],[4.245583800016902],['text_3'],,,,,3,9,69,5,342.78849549998995,,,,,,,,342.7782842000015,342.78849549998995,342.78849549998995,342.78849549998995,0.0031923999777063727,347.02430950000416,case,[np.float64(-0.08125)],[np.float64(-0.315)],[1],[0],[0],[4.245583800016902],['text_3'],Participant 01,001,2025-10-16_17h51.32.797,Word Priming Experiment,,2025.1.1,120.23349343055776,2025-10-16 17h51.46.329826 +0530,
,70,10,3,,,_oo_,Book,old,nook,[np.float64(-0.08125)],[np.float64(-0.315)],[1],[0],[0],[2.931377000059001],['text_3'],,,,,3,10,70,13,347.0382658999879,,,,,,,,347.0258196000941,347.0382658999879,347.0382658999879,347.0382658999879,0.0014391000149771571,349.9576088000322,nook,[np.float64(-0.08125)],[np.float64(-0.315)],[1],[0],[0],[2.931377000059001],['text_3'],Participant 01,001,2025-10-16_17h51.32.797,Word Priming Experiment,,2025.1.1,120.23349343055776,2025-10-16 17h51.46.329826 +0530,
,71,11,3,,,P_as_tr_,Pastry,old,pastry,[np.float64(-0.08125)],[np.float64(-0.315)],[1],[0],[0],[2.932644300046377],['text_3'],,,,,3,11,71,4,349.9723676000722,,,,,,,,349.95926450006664,349.9723676000722,349.9723676000722,349.9723676000722,0.0015928000211715698,352.89252370002214,pastry,[np.float64(-0.08125)],[np.float64(-0.315)],[1],[0],[0],[2.932644300046377],['text_3'],Participant 01,001,2025-10-16_17h51.32.797,Word Priming Experiment,,2025.1.1,120.23349343055776,2025-10-16 17h51.46.329826 +0530,
,72,12,3,,,_ou_se,mouse,old,house,[np.float64(-0.08125)],[np.float64(-0.315)],[1],[0],[0],[3.660539099946618],['text_3'],,,,,3,12,72,3,352.9378781000851,,,,,,,,352.89664880000055,352.9378781000851,352.9378781000851,352.9378781000851,0.003954899962991476,356.557655600016,house,[np.float64(-0.08125)],[np.float64(-0.315)],[1],[0],[0],[3.660539099946618],['text_3'],Participant 01,001,2025-10-16_17h51.32.797,Word Priming Experiment,,2025.1.1,120.23349343055776,2025-10-16 17h51.46.329826 +0530,
,73,13,3,,,p_nc_l,Pencil,new,pencil,[np.float64(-0.08125)],[np.float64(-0.315)],[1],[0],[0],[3.515839700005017],['text_3'],,,,,3,13,73,16,356.5729481000453,,,,,,,,356.55923550005537,356.5729481000453,356.5729481000453,356.5729481000453,0.0015061000594869256,360.0754219000228,pencil,[np.float64(-0.08125)],[np.float64(-0.315)],[1],[0],[0],[3.515839700005017],['text_3'],Participant 01,001,2025-10-16_17h51.32.797,Word Priming Experiment,,2025.1.1,120.23349343055776,2025-10-16 17h51.46.329826 +0530,
,74,14,3,,,T_hi_t,Tshirt,old,tshirt,[np.float64(-0.08)],[np.float64(-0.27375)],[1],[0],[0],[4.930154799949378],['text_3'],,,,,3,14,74,2,360.08919209998567,,,,,,,,360.0770459000487,360.08919209998567,360.08919209998567,360.08919209998567,0.0015562999760732055,365.00758239999413,tshirt,[np.float64(-0.08)],[np.float64(-0.27375)],[1],[0],[0],[4.930154799949378],['text_3'],Participant 01,001,2025-10-16_17h51.32.797,Word Priming Experiment,,2025.1.1,120.23349343055776,2025-10-16 17h51.46.329826 +0530,
,75,15,3,,,_ho_e,Phone,old,house,[np.float64(-0.08625)],[np.float64(-0.28875)],[1],[0],[0],[5.440521799959242],['text_3'],,,,,3,15,75,12,365.02966930007096,,,,,,,,365.00914069998544,365.02966930007096,365.02966930007096,365.02966930007096,0.0014803000958636403,370.4505051000742,house,[np.float64(-0.08625)],[np.float64(-0.28875)],[1],[0],[0],[5.440521799959242],['text_3'],Participant 01,001,2025-10-16_17h51.32.797,Word Priming Experiment,,2025.1.1,120.23349343055776,2025-10-16 17h51.46.329826 +0530,
,76,16,3,,,_ha_t,Chart,old,what,[np.float64(-0.08625)],[np.float64(-0.28875)],[1],[0],[0],[3.7117449999786913],['text_3'],,,,,3,16,76,1,370.4794268000405,,,,,,,,370.4537519000005,370.4794268000405,370.4794268000405,370.4794268000405,0.003054899978451431,374.1659773000283,what,[np.float64(-0.08625)],[np.float64(-0.28875)],[1],[0],[0],[3.7117449999786913],['text_3'],Participant 01,001,2025-10-16_17h51.32.797,Word Priming Experiment,,2025.1.1,120.23349343055776,2025-10-16 17h51.46.329826 +0530,
,77,17,3,,,ta_l_,Table,new,tablet,[np.float64(-0.08625)],[np.float64(-0.28875)],[1],[0],[0],[4.262858200003393],['text_3'],,,,,3,17,77,15,374.18008170009125,,,,,,,,374.1673585000681,374.18008170009125,374.18008170009125,374.18008170009125,0.001307800062932074,378.43057900003623,tablet,[np.float64(-0.08625)],[np.float64(-0.28875)],[1],[0],[0],[4.262858200003393],['text_3'],Participant 01,001,2025-10-16_17h51.32.797,Word Priming Experiment,,2025.1.1,120.23349343055776,2025-10-16 17h51.46.329826 +0530,
,78,18,3,,,P_li_e,Police,old,police,[np.float64(-0.08625)],[np.float64(-0.28875)],[1],[0],[0],[2.931904199998826],['text_3'],,,,,3,18,78,7,378.44809550000355,,,,,,,,378.4320217000786,378.44809550000355,378.44809550000355,378.44809550000355,0.001379900029860437,381.3645725999959,police,[np.float64(-0.08625)],[np.float64(-0.28875)],[1],[0],[0],[2.931904199998826],['text_3'],Participant 01,001,2025-10-16_17h51.32.797,Word Priming Experiment,,2025.1.1,120.23349343055776,2025-10-16 17h51.46.329826 +0530,
,79,19,3,,,l_pt_p,Laptop,old,laptop,[np.float64(-0.08625)],[np.float64(-0.28875)],[1],[0],[0],[3.083980399998836],['text_3'],,,,,3,19,79,0,381.37993620010093,,,,,,,,381.36784660001285,381.37993620010093,381.37993620010093,381.37993620010093,0.0031376000260934234,384.4530547000468,laptop,[np.float64(-0.08625)],[np.float64(-0.28875)],[1],[0],[0],[3.083980399998836],['text_3'],Participant 01,001,2025-10-16_17h51.32.797,Word Priming Experiment,,2025.1.1,120.23349343055776,2025-10-16 17h51.46.329826 +0530,
,80,0,4,,,bo_t_e,Bottle,new,bottle,[np.float64(-0.08625)],[np.float64(-0.28875)],[1],[0],[0],[2.7584127000300214],['text_3'],,,,,4,0,80,18,384.4794157000724,,,,,,,,384.4573439999949,384.4794157000724,384.4794157000724,384.4794157000724,0.003930400009267032,387.21682179998606,bottle,[np.float64(-0.08625)],[np.float64(-0.28875)],[1],[0],[0],[2.7584127000300214],['text_3'],Participant 01,001,2025-10-16_17h51.32.797,Word Priming Experiment,,2025.1.1,120.23349343055776,2025-10-16 17h51.46.329826 +0530,
,81,1,4,,,K_y_,Keys,old,keys,[np.float64(-0.08625)],[np.float64(-0.28875)],[1],[0],[0],[3.0944522001082078],['text_3'],,,,,4,1,81,8,387.24621550005395,,,,,,,,387.2203498000745,387.24621550005395,387.24621550005395,387.24621550005395,0.0033078999258577824,390.31541260005906,keys,[np.float64(-0.08625)],[np.float64(-0.28875)],[1],[0],[0],[3.0944522001082078],['text_3'],Participant 01,001,2025-10-16_17h51.32.797,Word Priming Experiment,,2025.1.1,120.23349343055776,2025-10-16 17h51.46.329826 +0530,
,82,2,4,,,_a_bl_,Marble,old,table,[np.float64(-0.08625)],[np.float64(-0.28875)],[1],[0],[0],[4.122369299991988],['text_3'],,,,,4,2,82,11,390.34527610009536,,,,,,,,390.3258280000882,390.34527610009536,390.34527610009536,390.34527610009536,0.010299499961547554,394.44896250008605,table,[np.float64(-0.08625)],[np.float64(-0.28875)],[1],[0],[0],[4.122369299991988],['text_3'],Participant 01,001,2025-10-16_17h51.32.797,Word Priming Experiment,,2025.1.1,120.23349343055776,2025-10-16 17h51.46.329826 +0530,
,83,3,4,,,v_s_,Vase,new,visa,[np.float64(-0.08625)],[np.float64(-0.28875)],[1],[0],[0],[3.195606599911116],['text_3'],,,,,4,3,83,17,394.4787345000077,,,,,,,,394.4525075000711,394.4787345000077,394.4787345000077,394.4787345000077,0.003366399905644357,397.6491661000764,visa,[np.float64(-0.08625)],[np.float64(-0.28875)],[1],[0],[0],[3.195606599911116],['text_3'],Participant 01,001,2025-10-16_17h51.32.797,Word Priming Experiment,,2025.1.1,120.23349343055776,2025-10-16 17h51.46.329826 +0530,
,84,4,4,,,c_s_,Case,old,case,[np.float64(-0.08625)],[np.float64(-0.28875)],[1],[0],[0],[3.943896700046025],['text_3'],,,,,4,4,84,5,397.67851920006797,,,,,,,,397.65406440000515,397.67851920006797,397.67851920006797,397.67851920006797,0.004733199952170253,401.59864450001623,case,[np.float64(-0.08625)],[np.float64(-0.28875)],[1],[0],[0],[3.943896700046025],['text_3'],Participant 01,001,2025-10-16_17h51.32.797,Word Priming Experiment,,2025.1.1,120.23349343055776,2025-10-16 17h51.46.329826 +0530,
,85,5,4,,,P_as_tr_,Pastry,old,pastry,[np.float64(-0.08625)],[np.float64(-0.28875)],[1],[0],[0],[3.662445200025104],['text_3'],,,,,4,5,85,4,401.6157799999928,,,,,,,,401.6013226000359,401.6157799999928,401.6157799999928,401.6157799999928,0.0025737000396475196,405.2642095000483,pastry,[np.float64(-0.08625)],[np.float64(-0.28875)],[1],[0],[0],[3.662445200025104],['text_3'],Participant 01,001,2025-10-16_17h51.32.797,Word Priming Experiment,,2025.1.1,120.23349343055776,2025-10-16 17h51.46.329826 +0530,
,86,6,4,,,_ou_se,mouse,old,mouse,[np.float64(-0.08625)],[np.float64(-0.28875)],[1],[0],[0],[5.157692700042389],['text_3'],,,,,4,6,86,3,405.29525580001064,,,,,,,,405.2735775000183,405.29525580001064,405.29525580001064,405.29525580001064,0.009301100042648613,410.4322303000372,mouse,[np.float64(-0.08625)],[np.float64(-0.28875)],[1],[0],[0],[5.157692700042389],['text_3'],Participant 01,001,2025-10-16_17h51.32.797,Word Priming Experiment,,2025.1.1,120.23349343055776,2025-10-16 17h51.46.329826 +0530,
,87,7,4,,,l_pt_p,Laptop,old,laptop,[np.float64(-0.08625)],[np.float64(-0.28875)],[1],[0],[0],[4.279808999970555],['text_3'],,,,,4,7,87,0,410.4462788000237,,,,,,,,410.4358792999992,410.4462788000237,410.4462788000237,410.4462788000237,0.003447100054472685,414.71670880005695,laptop,[np.float64(-0.08625)],[np.float64(-0.28875)],[1],[0],[0],[4.279808999970555],['text_3'],Participant 01,001,2025-10-16_17h51.32.797,Word Priming Experiment,,2025.1.1,120.23349343055776,2025-10-16 17h51.46.329826 +0530,
,88,8,4,,,c_m_ra,Camera,new,camera,[np.float64(-0.08625)],[np.float64(-0.28875)],[1],[0],[0],[5.763635499984957],['text_3'],,,,,4,8,88,19,414.7459769000998,,,,,,,,414.7206964000361,414.7459769000998,414.7459769000998,414.7459769000998,0.003796700038947165,420.4851512000896,camera,[np.float64(-0.08625)],[np.float64(-0.28875)],[1],[0],[0],[5.763635499984957],['text_3'],Participant 01,001,2025-10-16_17h51.32.797,Word Priming Experiment,,2025.1.1,120.23349343055776,2025-10-16 17h51.46.329826 +0530,
,89,9,4,,,_oo_,Book,old,hook,[np.float64(-0.08625)],[np.float64(-0.28875)],[1],[0],[0],[3.6434348999755457],['text_3'],,,,,4,9,89,13,420.5115596000105,,,,,,,,420.48825160006527,420.5115596000105,420.5115596000105,420.5115596000105,0.002957699936814606,424.13276400009636,hook,[np.float64(-0.08625)],[np.float64(-0.28875)],[1],[0],[0],[3.6434348999755457],['text_3'],Participant 01,001,2025-10-16_17h51.32.797,Word Priming Experiment,,2025.1.1,120.23349343055776,2025-10-16 17h51.46.329826 +0530,
,90,10,4,,,_o_rd,Board,old,word,[np.float64(-0.08625)],[np.float64(-0.28875)],[1],[0],[0],[2.4116255999542773],['text_3'],,,,,4,10,90,10,424.1629979000427,,,,,,,,424.1365097000962,424.1629979000427,424.1629979000427,424.1629979000427,0.0035571999615058303,426.5491057999898,word,[np.float64(-0.08625)],[np.float64(-0.28875)],[1],[0],[0],[2.4116255999542773],['text_3'],Participant 01,001,2025-10-16_17h51.32.797,Word Priming Experiment,,2025.1.1,120.23349343055776,2025-10-16 17h51.46.329826 +0530,
,91,11,4,,,P_li_e,Police,old,police,[np.float64(-0.08625)],[np.float64(-0.28875)],[1],[0],[0],[2.914058499969542],['text_3'],,,,,4,11,91,7,426.5626354000997,,,,,,,,426.55253610003274,426.5626354000997,426.5626354000997,426.5626354000997,0.0032678000861778855,429.46785520005506,police,[np.float64(-0.08625)],[np.float64(-0.28875)],[1],[0],[0],[2.914058499969542],['text_3'],Participant 01,001,2025-10-16_17h51.32.797,Word Priming Experiment,,2025.1.1,120.23349343055776,2025-10-16 17h51.46.329826 +0530,
,92,12,4,,,c_s_io_,Cushion,new,cushion,[np.float64(-0.08625)],[np.float64(-0.28875)],[1],[0],[0],[3.1096775999758393],['text_3'],,,,,4,12,92,14,429.49543720006477,,,,,,,,429.4721411000937,429.49543720006477,429.49543720006477,429.49543720006477,0.0040732999332249165,432.58240860002115,cushion,[np.float64(-0.08625)],[np.float64(-0.28875)],[1],[0],[0],[3.1096775999758393],['text_3'],Participant 01,001,2025-10-16_17h51.32.797,Word Priming Experiment,,2025.1.1,120.23349343055776,2025-10-16 17h51.46.329826 +0530,
,93,13,4,,,_ru_is_,Cruise,old,cruise,[np.float64(-0.08625)],[np.float64(-0.28875)],[1],[0],[0],[5.347293599974364],['text_3'],,,,,4,13,93,6,432.59553200006485,,,,,,,,432.58391080005094,432.59553200006485,432.59553200006485,432.59553200006485,0.001436699996702373,437.9317837000126,cruise,[np.float64(-0.08625)],[np.float64(-0.28875)],[1],[0],[0],[5.347293599974364],['text_3'],Participant 01,001,2025-10-16_17h51.32.797,Word Priming Experiment,,2025.1.1,120.23349343055776,2025-10-16 17h51.46.329826 +0530,
,94,14,4,,,_ha_t,Chart,old,what,[np.float64(-0.08625)],[np.float64(-0.28875)],[1],[0],[0],[3.013490300043486],['text_3'],,,,,4,14,94,1,437.94560630002525,,,,,,,,437.934198700008,437.94560630002525,437.94560630002525,437.94560630002525,0.0023172999499365687,440.94815549999475,what,[np.float64(-0.08625)],[np.float64(-0.28875)],[1],[0],[0],[3.013490300043486],['text_3'],Participant 01,001,2025-10-16_17h51.32.797,Word Priming Experiment,,2025.1.1,120.23349343055776,2025-10-16 17h51.46.329826 +0530,
,95,15,4,,,p_nc_l,Pencil,new,pencil,[np.float64(-0.08625)],[np.float64(-0.28875)],[1],[0],[0],[3.3308347000274807],['text_3'],,,,,4,15,95,16,440.9621744999895,,,,,,,,440.94963490008377,440.9621744999895,440.9621744999895,440.9621744999895,0.0014106000307947397,444.2809157000156,pencil,[np.float64(-0.08625)],[np.float64(-0.28875)],[1],[0],[0],[3.3308347000274807],['text_3'],Participant 01,001,2025-10-16_17h51.32.797,Word Priming Experiment,,2025.1.1,120.23349343055776,2025-10-16 17h51.46.329826 +0530,
,96,16,4,,,_ho_e,Phone,old,house,[np.float64(-0.08625)],[np.float64(-0.28875)],[1],[0],[0],[2.914602299919352],['text_3'],,,,,4,16,96,12,444.29523640009575,,,,,,,,444.2824568999931,444.29523640009575,444.29523640009575,444.29523640009575,0.001478699967265129,447.19756850006524,house,[np.float64(-0.08625)],[np.float64(-0.28875)],[1],[0],[0],[2.914602299919352],['text_3'],Participant 01,001,2025-10-16_17h51.32.797,Word Priming Experiment,,2025.1.1,120.23349343055776,2025-10-16 17h51.46.329826 +0530,
,97,17,4,,,T_hi_t,Tshirt,old,tshirt,[np.float64(-0.08625)],[np.float64(-0.28875)],[1],[0],[0],[2.633031600038521],['text_3'],,,,,4,17,97,2,447.21202900004573,,,,,,,,447.19955470005516,447.21202900004573,447.21202900004573,447.21202900004573,0.0019035000586882234,449.83363550005015,tshirt,[np.float64(-0.08625)],[np.float64(-0.28875)],[1],[0],[0],[2.633031600038521],['text_3'],Participant 01,001,2025-10-16_17h51.32.797,Word Priming Experiment,,2025.1.1,120.23349343055776,2025-10-16 17h51.46.329826 +0530,
,98,18,4,,,P_st_r,Poster,old,pastry,[np.float64(-0.08875)],[np.float64(-0.30375)],[1],[0],[0],[3.936000099987723],['text_3'],,,,,4,18,98,9,449.8618176000891,,,,,,,,449.83770550007466,449.8618176000891,449.8618176000891,449.8618176000891,0.003864700091071427,453.7745035000844,pastry,[np.float64(-0.08875)],[np.float64(-0.30375)],[1],[0],[0],[3.936000099987723],['text_3'],Participant 01,001,2025-10-16_17h51.32.797,Word Priming Experiment,,2025.1.1,120.23349343055776,2025-10-16 17h51.46.329826 +0530,
,99,19,4,,,ta_l_,Table,new,table,[np.float64(-0.08875)],[np.float64(-0.30375)],[1],[0],[0],[2.7435014999937266],['text_3'],,,,,4,19,99,15,453.7869174000807,,,,,,,,453.7772840000689,453.7869174000807,453.7869174000807,453.7869174000807,0.0026503000408411026,456.5213061000686,table,[np.float64(-0.08875)],[np.float64(-0.30375)],[1],[0],[0],[2.7435014999937266],['text_3'],Participant 01,001,2025-10-16_17h51.32.797,Word Priming Experiment,,2025.1.1,120.23349343055776,2025-10-16 17h51.46.329826 +0530,
,100,0,5,,,_ru_is_,Cruise,old,cruise,[np.float64(-0.08875)],[np.float64(-0.30375)],[1],[0],[0],[3.3003578000934795],['text_3'],,,,,5,0,100,6,456.5368567000842,,,,,,,,456.523067500093,456.5368567000842,456.5368567000842,456.5368567000842,0.0016964999958872795,459.8238869000925,cruise,[np.float64(-0.08875)],[np.float64(-0.30375)],[1],[0],[0],[3.3003578000934795],['text_3'],Participant 01,001,2025-10-16_17h51.32.797,Word Priming Experiment,,2025.1.1,120.23349343055776,2025-10-16 17h51.46.329826 +0530,
,101,1,5,,,ta_l_,Table,new,,[np.float64(-0.08875)],[np.float64(-0.30375)],[1],[0],[0],[0.5454631000757217],['text_3'],,,,,5,1,101,15,459.8373147000093,,,,,,,,459.8251878999872,459.8373147000093,459.8373147000093,459.8373147000093,0.0012349000899121165,460.37113240000326,,[np.float64(-0.08875)],[np.float64(-0.30375)],[1],[0],[0],[0.5454631000757217],['text_3'],Participant 01,001,2025-10-16_17h51.32.797,Word Priming Experiment,,2025.1.1,120.23349343055776,2025-10-16 17h51.46.329826 +0530,
,102,2,5,,,T_hi_t,Tshirt,old,tshirt,[np.float64(-0.08875)],[np.float64(-0.30375)],[1],[0],[0],[3.4516733000054955],['text_3'],,,,,5,2,102,2,460.3869793000631,,,,,,,,460.3726226000581,460.3869793000631,460.3869793000631,460.3869793000631,0.001411000033840537,463.825153300073,tshirt,[np.float64(-0.08875)],[np.float64(-0.30375)],[1],[0],[0],[3.4516733000054955],['text_3'],Participant 01,001,2025-10-16_17h51.32.797,Word Priming Experiment,,2025.1.1,120.23349343055776,2025-10-16 17h51.46.329826 +0530,
,103,3,5,,,bo_t_e,Bottle,new,botlle,[np.float64(-0.08875)],[np.float64(-0.30375)],[1],[0],[0],[4.092630499973893],['text_3'],,,,,5,3,103,18,463.85377350007184,,,,,,,,463.8303827000782,463.85377350007184,463.85377350007184,463.85377350007184,0.005043599987402558,467.92410050006583,botlle,[np.float64(-0.08875)],[np.float64(-0.30375)],[1],[0],[0],[4.092630499973893],['text_3'],Participant 01,001,2025-10-16_17h51.32.797,Word Priming Experiment,,2025.1.1,120.23349343055776,2025-10-16 17h51.46.329826 +0530,
,104,4,5,,,_ha_t,Chart,old,,[np.float64(-0.08875)],[np.float64(-0.30375)],[1],[0],[0],[0.24605760001577437],['text_3'],,,,,5,4,104,1,467.9545932000037,,,,,,,,467.92814460000955,467.9545932000037,467.9545932000037,467.9545932000037,0.003882499993778765,468.17551830003504,,[np.float64(-0.08875)],[np.float64(-0.30375)],[1],[0],[0],[0.24605760001577437],['text_3'],Participant 01,001,2025-10-16_17h51.32.797,Word Priming Experiment,,2025.1.1,120.23349343055776,2025-10-16 17h51.46.329826 +0530,
,105,5,5,,,v_s_,Vase,new,,[np.float64(-0.08875)],[np.float64(-0.30375)],[1],[0],[0],[0.17781420005485415],['text_3'],,,,,5,5,105,17,468.202767400071,,,,,,,,468.1797894000774,468.202767400071,468.202767400071,468.202767400071,0.004073900054208934,468.3585706000449,,[np.float64(-0.08875)],[np.float64(-0.30375)],[1],[0],[0],[0.17781420005485415],['text_3'],Participant 01,001,2025-10-16_17h51.32.797,Word Priming Experiment,,2025.1.1,120.23349343055776,2025-10-16 17h51.46.329826 +0530,
,106,6,5,,,K_y_,Keys,old,,[np.float64(-0.08875)],[np.float64(-0.30375)],[1],[0],[0],[0.19338670000433922],['text_3'],,,,,5,6,106,8,468.3868908000877,,,,,,,,468.361578800017,468.3868908000877,468.3868908000877,468.3868908000877,0.002860100008547306,468.5558933999855,,[np.float64(-0.08875)],[np.float64(-0.30375)],[1],[0],[0],[0.19338670000433922],['text_3'],Participant 01,001,2025-10-16_17h51.32.797,Word Priming Experiment,,2025.1.1,120.23349343055776,2025-10-16 17h51.46.329826 +0530,
,107,7,5,,,c_m_ra,Camera,new,,[np.float64(-0.08875)],[np.float64(-0.30375)],[1],[0],[0],[0.16252809995785356],['text_3'],,,,,5,7,107,19,468.5703741000034,,,,,,,,468.55911000003107,468.5703741000034,468.5703741000034,468.5703741000034,0.0030773000326007605,468.72260930004995,,[np.float64(-0.08875)],[np.float64(-0.30375)],[1],[0],[0],[0.16252809995785356],['text_3'],Participant 01,001,2025-10-16_17h51.32.797,Word Priming Experiment,,2025.1.1,120.23349343055776,2025-10-16 17h51.46.329826 +0530,
,108,8,5,,,c_s_io_,Cushion,new,,[np.float64(-0.08875)],[np.float64(-0.30375)],[1],[0],[0],[0.17982159997336566],['text_3'],,,,,5,8,108,14,468.7367604000028,,,,,,,,468.72661540005356,468.7367604000028,468.7367604000028,468.7367604000028,0.003855000017210841,468.90742220007814,,[np.float64(-0.08875)],[np.float64(-0.30375)],[1],[0],[0],[0.17982159997336566],['text_3'],Participant 01,001,2025-10-16_17h51.32.797,Word Priming Experiment,,2025.1.1,120.23349343055776,2025-10-16 17h51.46.329826 +0530,
,109,9,5,,,P_st_r,Poster,old,,[np.float64(-0.08875)],[np.float64(-0.30375)],[1],[0],[0],[0.19810559996403754],['text_3'],,,,,5,9,109,9,468.93661530001555,,,,,,,,468.91087440005504,468.93661530001555,468.93661530001555,468.93661530001555,0.0032470999285578728,469.1101805000799,,[np.float64(-0.08875)],[np.float64(-0.30375)],[1],[0],[0],[0.19810559996403754],['text_3'],Participant 01,001,2025-10-16_17h51.32.797,Word Priming Experiment,,2025.1.1,120.23349343055776,2025-10-16 17h51.46.329826 +0530,
,110,10,5,,,P_as_tr_,Pastry,old,,[np.float64(-0.08875)],[np.float64(-0.30375)],[1],[0],[0],[0.17467870004475117],['text_3'],,,,,5,10,110,4,469.1369767000433,,,,,,,,469.1149772000499,469.1369767000433,469.1369767000433,469.1369767000433,0.00459760008379817,469.29032989998814,,[np.float64(-0.08875)],[np.float64(-0.30375)],[1],[0],[0],[0.17467870004475117],['text_3'],Participant 01,001,2025-10-16_17h51.32.797,Word Priming Experiment,,2025.1.1,120.23349343055776,2025-10-16 17h51.46.329826 +0530,
,111,11,5,,,_ho_e,Phone,old,hosue,[np.float64(-0.08875)],[np.float64(-0.30375)],[1],[0],[0],[2.8984137000516057],['text_3'],,,,,5,11,111,12,469.3039740000386,,,,,,,,469.2924523000838,469.3039740000386,469.3039740000386,469.3039740000386,0.00202669994905591,472.1915757000679,hosue,[np.float64(-0.08875)],[np.float64(-0.30375)],[1],[0],[0],[2.8984137000516057],['text_3'],Participant 01,001,2025-10-16_17h51.32.797,Word Priming Experiment,,2025.1.1,120.23349343055776,2025-10-16 17h51.46.329826 +0530,
,112,12,5,,,p_nc_l,Pencil,new,pencil,[np.float64(-0.08875)],[np.float64(-0.30375)],[1],[0],[0],[3.279196299961768],['text_3'],,,,,5,12,112,16,472.20420040003955,,,,,,,,472.19382370007224,472.20420040003955,472.20420040003955,472.20420040003955,0.0021506999619305134,475.47364600002766,pencil,[np.float64(-0.08875)],[np.float64(-0.30375)],[1],[0],[0],[3.279196299961768],['text_3'],Participant 01,001,2025-10-16_17h51.32.797,Word Priming Experiment,,2025.1.1,120.23349343055776,2025-10-16 17h51.46.329826 +0530,
,113,13,5,,,_oo_,Book,old,book,[np.float64(-0.08875)],[np.float64(-0.30375)],[1],[0],[0],[2.3658574000000954],['text_3'],,,,,5,13,113,13,475.4871167000383,,,,,,,,475.47542530007195,475.4871167000383,475.4871167000383,475.4871167000383,0.0016774999676272273,477.84224230004475,book,[np.float64(-0.08875)],[np.float64(-0.30375)],[1],[0],[0],[2.3658574000000954],['text_3'],Participant 01,001,2025-10-16_17h51.32.797,Word Priming Experiment,,2025.1.1,120.23349343055776,2025-10-16 17h51.46.329826 +0530,
,114,14,5,,,_o_rd,Board,old,word,[np.float64(-0.08875)],[np.float64(-0.30375)],[1],[0],[0],[2.5597203999059275],['text_3'],,,,,5,14,114,10,477.8707716000499,,,,,,,,477.84605849999934,477.8707716000499,477.8707716000499,477.8707716000499,0.00359590002335608,480.406372700003,word,[np.float64(-0.08875)],[np.float64(-0.30375)],[1],[0],[0],[2.5597203999059275],['text_3'],Participant 01,001,2025-10-16_17h51.32.797,Word Priming Experiment,,2025.1.1,120.23349343055776,2025-10-16 17h51.46.329826 +0530,
,115,15,5,,,c_s_,Case,old,case,[np.float64(-0.08875)],[np.float64(-0.30375)],[1],[0],[0],[3.5663204001029953],['text_3'],,,,,5,15,115,5,480.4206331000896,,,,,,,,480.40802580001764,480.4206331000896,480.4206331000896,480.4206331000896,0.001589899999089539,483.97613960003946,case,[np.float64(-0.08875)],[np.float64(-0.30375)],[1],[0],[0],[3.5663204001029953],['text_3'],Participant 01,001,2025-10-16_17h51.32.797,Word Priming Experiment,,2025.1.1,120.23349343055776,2025-10-16 17h51.46.329826 +0530,
,116,16,5,,,_ou_se,mouse,old,mouse,[np.float64(-0.08875)],[np.float64(-0.30375)],[1],[0],[0],[5.92616180004552],['text_3'],,,,,5,16,116,3,484.00378300005104,,,,,,,,483.97974340000656,484.00378300005104,484.00378300005104,484.00378300005104,0.003397700027562678,489.90649150009267,mouse,[np.float64(-0.08875)],[np.float64(-0.30375)],[1],[0],[0],[5.92616180004552],['text_3'],Participant 01,001,2025-10-16_17h51.32.797,Word Priming Experiment,,2025.1.1,120.23349343055776,2025-10-16 17h51.46.329826 +0530,
,117,17,5,,,_a_bl_,Marble,old,table,[np.float64(-0.08875)],[np.float64(-0.30375)],[1],[0],[0],[2.781860199989751],['text_3'],,,,,5,17,117,11,489.92050420003943,,,,,,,,489.907947300002,489.92050420003943,489.92050420003943,489.92050420003943,0.001387599972076714,492.6903470000252,table,[np.float64(-0.08875)],[np.float64(-0.30375)],[1],[0],[0],[2.781860199989751],['text_3'],Participant 01,001,2025-10-16_17h51.32.797,Word Priming Experiment,,2025.1.1,120.23349343055776,2025-10-16 17h51.46.329826 +0530,
,118,18,5,,,l_pt_p,Laptop,old,laptop,[np.float64(-0.08875)],[np.float64(-0.30375)],[1],[0],[0],[2.72972820000723],['text_3'],,,,,5,18,118,0,492.70353170007,,,,,,,,492.692188700079,492.70353170007,492.70353170007,492.70353170007,0.0017605000175535679,495.422456100001,laptop,[np.float64(-0.08875)],[np.float64(-0.30375)],[1],[0],[0],[2.72972820000723],['text_3'],Participant 01,001,2025-10-16_17h51.32.797,Word Priming Experiment,,2025.1.1,120.23349343055776,2025-10-16 17h51.46.329826 +0530,
,119,19,5,,,P_li_e,Police,old,,[np.float64(-0.08875)],[np.float64(-0.30375)],[1],[0],[0],[1.1648178999312222],['text_3'],,,,,5,19,119,7,495.4373937000055,,,,,,,,495.42398280010093,495.4373937000055,495.4373937000055,495.4373937000055,0.001450899988412857,496.58982890006155,,[np.float64(-0.08875)],[np.float64(-0.30375)],[1],[0],[0],[1.1648178999312222],['text_3'],Participant 01,001,2025-10-16_17h51.32.797,Word Priming Experiment,,2025.1.1,120.23349343055776,2025-10-16 17h51.46.329826 +0530,
,120,0,6,,,P_as_tr_,Pastry,old,,[np.float64(-0.08875)],[np.float64(-0.30375)],[1],[0],[0],[0.23004559997934848],['text_3'],,,,,6,0,120,4,496.6035467000911,,,,,,,,496.5936781000346,496.6035467000911,496.6035467000911,496.6035467000911,0.003644100041128695,496.82487350003794,,[np.float64(-0.08875)],[np.float64(-0.30375)],[1],[0],[0],[0.23004559997934848],['text_3'],Participant 01,001,2025-10-16_17h51.32.797,Word Priming Experiment,,2025.1.1,120.23349343055776,2025-10-16 17h51.46.329826 +0530,
,121,1,6,,,_ho_e,Phone,old,,[np.float64(-0.08875)],[np.float64(-0.30375)],[1],[0],[0],[0.1790238000685349],['text_3'],,,,,6,1,121,12,496.85291920008603,,,,,,,,496.828087800066,496.85291920008603,496.85291920008603,496.85291920008603,0.0030152000254020095,497.0079717000481,,[np.float64(-0.08875)],[np.float64(-0.30375)],[1],[0],[0],[0.1790238000685349],['text_3'],Participant 01,001,2025-10-16_17h51.32.797,Word Priming Experiment,,2025.1.1,120.23349343055776,2025-10-16 17h51.46.329826 +0530,
,122,2,6,,,p_nc_l,Pencil,new,,[np.float64(-0.08875)],[np.float64(-0.30375)],[1],[0],[0],[0.1939964999910444],['text_3'],,,,,6,2,122,16,497.02102660003584,,,,,,,,497.0109601999866,497.02102660003584,497.02102660003584,497.02102660003584,0.002868099953047931,497.20556640008,,[np.float64(-0.08875)],[np.float64(-0.30375)],[1],[0],[0],[0.1939964999910444],['text_3'],Participant 01,001,2025-10-16_17h51.32.797,Word Priming Experiment,,2025.1.1,120.23349343055776,2025-10-16 17h51.46.329826 +0530,
,123,3,6,,,_ru_is_,Cruise,old,,[np.float64(-0.08875)],[np.float64(-0.30375)],[1],[0],[0],[0.16623750003054738],['text_3'],,,,,6,3,123,6,497.22008280002046,,,,,,,,497.2073622000171,497.22008280002046,497.22008280002046,497.22008280002046,0.0017091999761760235,497.3741883999901,,[np.float64(-0.08875)],[np.float64(-0.30375)],[1],[0],[0],[0.16623750003054738],['text_3'],Participant 01,001,2025-10-16_17h51.32.797,Word Priming Experiment,,2025.1.1,120.23349343055776,2025-10-16 17h51.46.329826 +0530,
,124,4,6,,,v_s_,Vase,new,,[np.float64(-0.08875)],[np.float64(-0.30375)],[1],[0],[0],[0.14670879999175668],['text_3'],,,,,6,4,124,17,497.38699860009365,,,,,,,,497.37698739999905,497.38699860009365,497.38699860009365,497.38699860009365,0.0027131999377161264,497.5248421001015,,[np.float64(-0.08875)],[np.float64(-0.30375)],[1],[0],[0],[0.14670879999175668],['text_3'],Participant 01,001,2025-10-16_17h51.32.797,Word Priming Experiment,,2025.1.1,120.23349343055776,2025-10-16 17h51.46.329826 +0530,
,125,5,6,,,c_s_,Case,old,,[np.float64(-0.08875)],[np.float64(-0.30375)],[1],[0],[0],[0.17721130000427365],['text_3'],,,,,6,5,125,5,497.55259760003537,,,,,,,,497.5280788000673,497.55259760003537,497.55259760003537,497.55259760003537,0.0030430000042542815,497.7061110000359,,[np.float64(-0.08875)],[np.float64(-0.30375)],[1],[0],[0],[0.17721130000427365],['text_3'],Participant 01,001,2025-10-16_17h51.32.797,Word Priming Experiment,,2025.1.1,120.23349343055776,2025-10-16 17h51.46.329826 +0530,
,126,6,6,,,P_li_e,Police,old,,[np.float64(-0.08875)],[np.float64(-0.30375)],[1],[0],[0],[0.16361619997769594],['text_3'],,,,,6,6,126,7,497.7201919000363,,,,,,,,497.70958290004637,497.7201919000363,497.7201919000363,497.7201919000363,0.00334689998999238,497.8743095000973,,[np.float64(-0.08875)],[np.float64(-0.30375)],[1],[0],[0],[0.16361619997769594],['text_3'],Participant 01,001,2025-10-16_17h51.32.797,Word Priming Experiment,,2025.1.1,120.23349343055776,2025-10-16 17h51.46.329826 +0530,
,127,7,6,,,c_m_ra,Camera,new,,[np.float64(-0.08875)],[np.float64(-0.30375)],[1],[0],[0],[0.16048530000261962],['text_3'],,,,,6,7,127,19,497.90309500007425,,,,,,,,497.8776810000418,497.90309500007425,497.90309500007425,497.90309500007425,0.0032025000546127558,498.03903390001506,,[np.float64(-0.08875)],[np.float64(-0.30375)],[1],[0],[0],[0.16048530000261962],['text_3'],Participant 01,001,2025-10-16_17h51.32.797,Word Priming Experiment,,2025.1.1,120.23349343055776,2025-10-16 17h51.46.329826 +0530,
,128,8,6,,,_o_rd,Board,old,,[np.float64(-0.08875)],[np.float64(-0.30375)],[1],[0],[0],[0.17927590000908822],['text_3'],,,,,6,8,128,10,498.05340440000873,,,,,,,,498.04193760000635,498.05340440000873,498.05340440000873,498.05340440000873,0.002770200022496283,498.2218866000185,,[np.float64(-0.08875)],[np.float64(-0.30375)],[1],[0],[0],[0.17927590000908822],['text_3'],Participant 01,001,2025-10-16_17h51.32.797,Word Priming Experiment,,2025.1.1,120.23349343055776,2025-10-16 17h51.46.329826 +0530,
,129,9,6,,,K_y_,Keys,old,,[np.float64(-0.08875)],[np.float64(-0.30375)],[1],[0],[0],[0.18381129996851087],['text_3'],,,,,6,9,129,8,498.2367062000558,,,,,,,,498.22338059998583,498.2367062000558,498.2367062000558,498.2367062000558,0.0014109000330790877,498.4077152000973,,[np.float64(-0.08875)],[np.float64(-0.30375)],[1],[0],[0],[0.18381129996851087],['text_3'],Participant 01,001,2025-10-16_17h51.32.797,Word Priming Experiment,,2025.1.1,120.23349343055776,2025-10-16 17h51.46.329826 +0530,
,130,10,6,,,ta_l_,Table,new,,[np.float64(-0.08875)],[np.float64(-0.30375)],[1],[0],[0],[0.14703029999509454],['text_3'],,,,,6,10,130,15,498.4214038000209,,,,,,,,498.40939879999496,498.4214038000209,498.4214038000209,498.4214038000209,0.001622100011445582,498.5574537999928,,[np.float64(-0.08875)],[np.float64(-0.30375)],[1],[0],[0],[0.14703029999509454],['text_3'],Participant 01,001,2025-10-16_17h51.32.797,Word Priming Experiment,,2025.1.1,120.23349343055776,2025-10-16 17h51.46.329826 +0530,
,131,11,6,,,bo_t_e,Bottle,new,bottle,[np.float64(-0.09625)],[np.float64(-0.2925)],[1],[0],[0],[4.087344800005667],['text_3'],,,,,6,11,131,18,498.58651799999643,,,,,,,,498.560917600058,498.58651799999643,498.58651799999643,498.58651799999643,0.0032819999614730477,502.64886280009523,bottle,[np.float64(-0.09625)],[np.float64(-0.2925)],[1],[0],[0],[4.087344800005667],['text_3'],Participant 01,001,2025-10-16_17h51.32.797,Word Priming Experiment,,2025.1.1,120.23349343055776,2025-10-16 17h51.46.329826 +0530,
,132,12,6,,,c_s_io_,Cushion,new,cushion,[np.float64(-0.09625)],[np.float64(-0.2925)],[1],[0],[0],[3.064583200030029],['text_3'],,,,,6,12,132,14,502.6622825000668,,,,,,,,502.6506509000901,502.6622825000668,502.6622825000668,502.6622825000668,0.0017201000591740012,505.7157359000994,cushion,[np.float64(-0.09625)],[np.float64(-0.2925)],[1],[0],[0],[3.064583200030029],['text_3'],Participant 01,001,2025-10-16_17h51.32.797,Word Priming Experiment,,2025.1.1,120.23349343055776,2025-10-16 17h51.46.329826 +0530,
,133,13,6,,,_ou_se,mouse,old,mouse,[np.float64(-0.09625)],[np.float64(-0.2925)],[1],[0],[0],[2.6285401999484748],['text_3'],,,,,6,13,133,3,505.7283108000411,,,,,,,,505.7172208999982,505.7283108000411,505.7283108000411,505.7283108000411,0.0014187999768182635,508.346291200025,mouse,[np.float64(-0.09625)],[np.float64(-0.2925)],[1],[0],[0],[2.6285401999484748],['text_3'],Participant 01,001,2025-10-16_17h51.32.797,Word Priming Experiment,,2025.1.1,120.23349343055776,2025-10-16 17h51.46.329826 +0530,
,134,14,6,,,_a_bl_,Marble,old,table,[np.float64(-0.09625)],[np.float64(-0.2925)],[1],[0],[0],[3.183794300071895],['text_3'],,,,,6,14,134,11,508.3623455000343,,,,,,,,508.34779460006393,508.3623455000343,508.3623455000343,508.3623455000343,0.0014319000765681267,511.5321053999942,table,[np.float64(-0.09625)],[np.float64(-0.2925)],[1],[0],[0],[3.183794300071895],['text_3'],Participant 01,001,2025-10-16_17h51.32.797,Word Priming Experiment,,2025.1.1,120.23349343055776,2025-10-16 17h51.46.329826 +0530,
,135,15,6,,,l_pt_p,Laptop,old,laptop,[np.float64(-0.09625)],[np.float64(-0.2925)],[1],[0],[0],[6.649612000095658],['text_3'],,,,,6,15,135,0,511.5459972000681,,,,,,,,511.5336836000206,511.5459972000681,511.5459972000681,511.5459972000681,0.0015007000183686614,518.1840820000507,laptop,[np.float64(-0.09625)],[np.float64(-0.2925)],[1],[0],[0],[6.649612000095658],['text_3'],Participant 01,001,2025-10-16_17h51.32.797,Word Priming Experiment,,2025.1.1,120.23349343055776,2025-10-16 17h51.46.329826 +0530,
,136,16,6,,,T_hi_t,Tshirt,old,tshirt,[np.float64(-0.09625)],[np.float64(-0.2925)],[1],[0],[0],[2.8442509999731556],['text_3'],,,,,6,16,136,2,518.2113065000158,,,,,,,,518.1869976000162,518.2113065000158,518.2113065000158,518.2113065000158,0.002753599896095693,521.0323348999955,tshirt,[np.float64(-0.09625)],[np.float64(-0.2925)],[1],[0],[0],[2.8442509999731556],['text_3'],Participant 01,001,2025-10-16_17h51.32.797,Word Priming Experiment,,2025.1.1,120.23349343055776,2025-10-16 17h51.46.329826 +0530,
,137,17,6,,,_oo_,Book,old,book,[np.float64(-0.09625)],[np.float64(-0.2925)],[1],[0],[0],[2.545421399991028],['text_3'],,,,,6,17,137,13,521.0458793001017,,,,,,,,521.0354465000564,521.0458793001017,521.0458793001017,521.0458793001017,0.0029287999495863914,523.5817160999868,book,[np.float64(-0.09625)],[np.float64(-0.2925)],[1],[0],[0],[2.545421399991028],['text_3'],Participant 01,001,2025-10-16_17h51.32.797,Word Priming Experiment,,2025.1.1,120.23349343055776,2025-10-16 17h51.46.329826 +0530,
,138,18,6,,,P_st_r,Poster,old,pastry,[np.float64(-0.09625)],[np.float64(-0.2925)],[1],[0],[0],[3.0612167000072077],['text_3'],,,,,6,18,138,9,523.5957361999899,,,,,,,,523.5843914999859,523.5957361999899,523.5957361999899,523.5957361999899,0.002560500055551529,526.6465810000664,pastry,[np.float64(-0.09625)],[np.float64(-0.2925)],[1],[0],[0],[3.0612167000072077],['text_3'],Participant 01,001,2025-10-16_17h51.32.797,Word Priming Experiment,,2025.1.1,120.23349343055776,2025-10-16 17h51.46.329826 +0530,
,139,19,6,,,_ha_t,Chart,old,hat,[np.float64(-0.09625)],[np.float64(-0.29875)],[1],[0],[0],[3.5482086000265554],['text_3'],,,,,6,19,139,1,526.6614290000871,,,,,,,,526.649674699991,526.6614290000871,526.6614290000871,526.6614290000871,0.00292630004696548,530.1987810999854,hat,[np.float64(-0.09625)],[np.float64(-0.29875)],[1],[0],[0],[3.5482086000265554],['text_3'],Participant 01,001,2025-10-16_17h51.32.797,Word Priming Experiment,,2025.1.1,120.23349343055776,2025-10-16 17h51.46.329826 +0530,
,140,0,7,,,ta_l_,Table,new,table,[np.float64(-0.09625)],[np.float64(-0.29875)],[1],[0],[0],[3.498122299904935],['text_3'],,,,,7,0,140,15,530.213941300055,,,,,,,,530.2004867000505,530.213941300055,530.213941300055,530.213941300055,0.00162390002515167,533.6991382000269,table,[np.float64(-0.09625)],[np.float64(-0.29875)],[1],[0],[0],[3.498122299904935],['text_3'],Participant 01,001,2025-10-16_17h51.32.797,Word Priming Experiment,,2025.1.1,120.23349343055776,2025-10-16 17h51.46.329826 +0530,
,141,1,7,,,_ou_se,mouse,old,mouse,[np.float64(-0.09625)],[np.float64(-0.29875)],[1],[0],[0],[2.9471398999448866],['text_3'],,,,,7,1,141,3,533.7113452000776,,,,,,,,533.7006504000165,533.7113452000776,533.7113452000776,533.7113452000776,0.0014438999351114035,536.6482796000782,mouse,[np.float64(-0.09625)],[np.float64(-0.29875)],[1],[0],[0],[2.9471398999448866],['text_3'],Participant 01,001,2025-10-16_17h51.32.797,Word Priming Experiment,,2025.1.1,120.23349343055776,2025-10-16 17h51.46.329826 +0530,
,142,2,7,,,bo_t_e,Bottle,new,bottle,[np.float64(-0.09625)],[np.float64(-0.29875)],[1],[0],[0],[2.565618299995549],['text_3'],,,,,7,2,142,18,536.6615800000727,,,,,,,,536.6497919000685,536.6615800000727,536.6615800000727,536.6615800000727,0.0014487000880762935,539.2161547000287,bottle,[np.float64(-0.09625)],[np.float64(-0.29875)],[1],[0],[0],[2.565618299995549],['text_3'],Participant 01,001,2025-10-16_17h51.32.797,Word Priming Experiment,,2025.1.1,120.23349343055776,2025-10-16 17h51.46.329826 +0530,
,143,3,7,,,c_m_ra,Camera,new,camera,[np.float64(-0.09625)],[np.float64(-0.29875)],[1],[0],[0],[3.8276046999963],['text_3'],,,,,7,3,143,19,539.2293199000414,,,,,,,,539.2180642000167,539.2293199000414,539.2293199000414,539.2293199000414,0.0018192999996244907,543.0466900999891,camera,[np.float64(-0.09625)],[np.float64(-0.29875)],[1],[0],[0],[3.8276046999963],['text_3'],Participant 01,001,2025-10-16_17h51.32.797,Word Priming Experiment,,2025.1.1,120.23349343055776,2025-10-16 17h51.46.329826 +0530,
,144,4,7,,,P_li_e,Police,old,police,[np.float64(-0.09625)],[np.float64(-0.29875)],[1],[0],[0],[2.895900199888274],['text_3'],,,,,7,4,144,7,543.0610950000118,,,,,,,,543.0503344000317,543.0610950000118,543.0610950000118,543.0610950000118,0.0034987000981345773,545.9468191000633,police,[np.float64(-0.09625)],[np.float64(-0.29875)],[1],[0],[0],[2.895900199888274],['text_3'],Participant 01,001,2025-10-16_17h51.32.797,Word Priming Experiment,,2025.1.1,120.23349343055776,2025-10-16 17h51.46.329826 +0530,
,145,5,7,,,p_nc_l,Pencil,new,pencil,[np.float64(-0.09625)],[np.float64(-0.29875)],[1],[0],[0],[3.018314400105737],['text_3'],,,,,7,5,145,16,545.9618458000477,,,,,,,,545.948122800095,545.9618458000477,545.9618458000477,545.9618458000477,0.0012334000784903765,548.9670955000911,pencil,[np.float64(-0.09625)],[np.float64(-0.29875)],[1],[0],[0],[3.018314400105737],['text_3'],Participant 01,001,2025-10-16_17h51.32.797,Word Priming Experiment,,2025.1.1,120.23349343055776,2025-10-16 17h51.46.329826 +0530,
,146,6,7,,,_a_bl_,Marble,old,table,[np.float64(-0.09625)],[np.float64(-0.29875)],[1],[0],[0],[2.9294492999324575],['text_3'],,,,,7,6,146,11,548.9940732000396,,,,,,,,548.9689098000526,548.9940732000396,548.9940732000396,548.9940732000396,0.0017333000432699919,551.8989231000887,table,[np.float64(-0.09625)],[np.float64(-0.29875)],[1],[0],[0],[2.9294492999324575],['text_3'],Participant 01,001,2025-10-16_17h51.32.797,Word Priming Experiment,,2025.1.1,120.23349343055776,2025-10-16 17h51.46.329826 +0530,
,147,7,7,,,_ru_is_,Cruise,old,cruise,[np.float64(-0.09625)],[np.float64(-0.29875)],[1],[0],[0],[4.011091000051238],['text_3'],,,,,7,7,147,6,551.9270832000766,,,,,,,,551.9027161000995,551.9270832000766,551.9270832000766,551.9270832000766,0.003743099980056286,555.9143928000703,cruise,[np.float64(-0.09625)],[np.float64(-0.29875)],[1],[0],[0],[4.011091000051238],['text_3'],Participant 01,001,2025-10-16_17h51.32.797,Word Priming Experiment,,2025.1.1,120.23349343055776,2025-10-16 17h51.46.329826 +0530,
,148,8,7,,,K_y_,Keys,old,keys,[np.float64(-0.09625)],[np.float64(-0.29875)],[1],[0],[0],[3.262842099997215],['text_3'],,,,,7,8,148,8,555.9283182000509,,,,,,,,555.9156920000678,555.9283182000509,555.9283182000509,555.9283182000509,0.0012368999887257814,559.1794574999949,keys,[np.float64(-0.09625)],[np.float64(-0.29875)],[1],[0],[0],[3.262842099997215],['text_3'],Participant 01,001,2025-10-16_17h51.32.797,Word Priming Experiment,,2025.1.1,120.23349343055776,2025-10-16 17h51.46.329826 +0530,
,149,9,7,,,v_s_,Vase,new,visa,[np.float64(-0.09625)],[np.float64(-0.29875)],[1],[0],[0],[3.1165631000185385],['text_3'],,,,,7,9,149,17,559.1942406999879,,,,,,,,559.182610000018,559.1942406999879,559.1942406999879,559.1942406999879,0.0030039000557735562,562.2998653000686,visa,[np.float64(-0.09625)],[np.float64(-0.29875)],[1],[0],[0],[3.1165631000185385],['text_3'],Participant 01,001,2025-10-16_17h51.32.797,Word Priming Experiment,,2025.1.1,120.23349343055776,2025-10-16 17h51.46.329826 +0530,
,150,10,7,,,c_s_,Case,old,case,[np.float64(-0.09625)],[np.float64(-0.29875)],[1],[0],[0],[2.395263100042939],['text_3'],,,,,7,10,150,5,562.3116410000948,,,,,,,,562.3016808000393,562.3116410000948,562.3116410000948,562.3116410000948,0.0017444000113755465,564.6982398000546,case,[np.float64(-0.09625)],[np.float64(-0.29875)],[1],[0],[0],[2.395263100042939],['text_3'],Participant 01,001,2025-10-16_17h51.32.797,Word Priming Experiment,,2025.1.1,120.23349343055776,2025-10-16 17h51.46.329826 +0530,
,151,11,7,,,l_pt_p,Laptop,old,laptop,[np.float64(-0.09625)],[np.float64(-0.29875)],[1],[0],[0],[3.8268600000301376],['text_3'],,,,,7,11,151,0,564.7270865000319,,,,,,,,564.7017810000107,564.7270865000319,564.7270865000319,564.7270865000319,0.003333200002089143,568.5292499000207,laptop,[np.float64(-0.09625)],[np.float64(-0.29875)],[1],[0],[0],[3.8268600000301376],['text_3'],Participant 01,001,2025-10-16_17h51.32.797,Word Priming Experiment,,2025.1.1,120.23349343055776,2025-10-16 17h51.46.329826 +0530,
,152,12,7,,,T_hi_t,Tshirt,old,tshirt,[np.float64(-0.09625)],[np.float64(-0.29875)],[1],[0],[0],[3.96701910009142],['text_3'],,,,,7,12,152,2,568.5443763000658,,,,,,,,568.5308328000829,568.5443763000658,568.5443763000658,568.5443763000658,0.0015101999742910266,572.4988291000482,tshirt,[np.float64(-0.09625)],[np.float64(-0.29875)],[1],[0],[0],[3.96701910009142],['text_3'],Participant 01,001,2025-10-16_17h51.32.797,Word Priming Experiment,,2025.1.1,120.23349343055776,2025-10-16 17h51.46.329826 +0530,
,153,13,7,,,_ho_e,Phone,old,house,[np.float64(-0.09625)],[np.float64(-0.29875)],[1],[0],[0],[5.842672999948263],['text_3'],,,,,7,13,153,12,572.5273192999884,,,,,,,,572.5016572000459,572.5273192999884,572.5273192999884,572.5273192999884,0.0026678000576794147,578.3449975000694,house,[np.float64(-0.09625)],[np.float64(-0.29875)],[1],[0],[0],[5.842672999948263],['text_3'],Participant 01,001,2025-10-16_17h51.32.797,Word Priming Experiment,,2025.1.1,120.23349343055776,2025-10-16 17h51.46.329826 +0530,
,154,14,7,,,c_s_io_,Cushion,new,,[np.float64(-0.09625)],[np.float64(-0.29875)],[1],[0],[0],[0.998476600041613],['text_3'],,,,,7,14,154,14,578.3606588999974,,,,,,,,578.3465175000019,578.3606588999974,578.3606588999974,578.3606588999974,0.0014446999412029982,579.3459654999897,,[np.float64(-0.09625)],[np.float64(-0.29875)],[1],[0],[0],[0.998476600041613],['text_3'],Participant 01,001,2025-10-16_17h51.32.797,Word Priming Experiment,,2025.1.1,120.23349343055776,2025-10-16 17h51.46.329826 +0530,
,155,15,7,,,P_st_r,Poster,old,,[np.float64(-0.09625)],[np.float64(-0.29875)],[1],[0],[0],[0.2299175999360159],['text_3'],,,,,7,15,155,9,579.3606420001015,,,,,,,,579.3490618000505,579.3606420001015,579.3606420001015,579.3606420001015,0.0029477999778464437,579.5795883000828,,[np.float64(-0.09625)],[np.float64(-0.29875)],[1],[0],[0],[0.2299175999360159],['text_3'],Participant 01,001,2025-10-16_17h51.32.797,Word Priming Experiment,,2025.1.1,120.23349343055776,2025-10-16 17h51.46.329826 +0530,
,156,16,7,,,_ha_t,Chart,old,,[np.float64(-0.09625)],[np.float64(-0.29875)],[1],[0],[0],[0.1812832000432536],['text_3'],,,,,7,16,156,1,579.5945789000252,,,,,,,,579.5810923000099,579.5945789000252,579.5945789000252,579.5945789000252,0.001437300001271069,579.762911100057,,[np.float64(-0.09625)],[np.float64(-0.29875)],[1],[0],[0],[0.1812832000432536],['text_3'],Participant 01,001,2025-10-16_17h51.32.797,Word Priming Experiment,,2025.1.1,120.23349343055776,2025-10-16 17h51.46.329826 +0530,
,157,17,7,,,_oo_,Book,old,,[np.float64(-0.09625)],[np.float64(-0.29875)],[1],[0],[0],[0.16493650001939386],['text_3'],,,,,7,17,157,13,579.7775275000604,,,,,,,,579.7641442000167,579.7775275000604,579.7775275000604,579.7775275000604,0.0011537999380379915,579.9296370000811,,[np.float64(-0.09625)],[np.float64(-0.29875)],[1],[0],[0],[0.16493650001939386],['text_3'],Participant 01,001,2025-10-16_17h51.32.797,Word Priming Experiment,,2025.1.1,120.23349343055776,2025-10-16 17h51.46.329826 +0530,
,158,18,7,,,_o_rd,Board,old,,[np.float64(-0.09625)],[np.float64(-0.29875)],[1],[0],[0],[0.19806740002240986],['text_3'],,,,,7,18,158,10,579.9443612000905,,,,,,,,579.9313545000041,579.9443612000905,579.9443612000905,579.9443612000905,0.0016435999423265457,580.130029699998,,[np.float64(-0.09625)],[np.float64(-0.29875)],[1],[0],[0],[0.19806740002240986],['text_3'],Participant 01,001,2025-10-16_17h51.32.797,Word Priming Experiment,,2025.1.1,120.23349343055776,2025-10-16 17h51.46.329826 +0530,
,159,19,7,,,P_as_tr_,Pastry,old,,[np.float64(-0.09625)],[np.float64(-0.29875)],[1],[0],[0],[0.1638336000032723],['text_3'],,,,,7,19,159,4,580.1443959000753,,,,,,,,580.1319345000666,580.1443959000753,580.1443959000753,580.1443959000753,0.0018404999282211065,580.2963654000778,,[np.float64(-0.09625)],[np.float64(-0.29875)],[1],[0],[0],[0.1638336000032723],['text_3'],Participant 01,001,2025-10-16_17h51.32.797,Word Priming Experiment,,2025.1.1,120.23349343055776,2025-10-16 17h51.46.329826 +0530,
,160,0,8,,,c_s_,Case,old,,[np.float64(-0.09625)],[np.float64(-0.29875)],[1],[0],[0],[0.18078729999251664],['text_3'],,,,,8,0,160,5,580.3109209000831,,,,,,,,580.2979948000284,580.3109209000831,580.3109209000831,580.3109209000831,0.0015582999913021922,580.4793376000598,,[np.float64(-0.09625)],[np.float64(-0.29875)],[1],[0],[0],[0.18078729999251664],['text_3'],Participant 01,001,2025-10-16_17h51.32.797,Word Priming Experiment,,2025.1.1,120.23349343055776,2025-10-16 17h51.46.329826 +0530,
,161,1,8,,,_ou_se,mouse,old,,[np.float64(-0.09625)],[np.float64(-0.29875)],[1],[0],[0],[0.18256939994171262],['text_3'],,,,,8,1,161,3,580.4942334000953,,,,,,,,580.4806915000081,580.4942334000953,580.4942334000953,580.4942334000953,0.0012827999889850616,580.6638370000292,,[np.float64(-0.09625)],[np.float64(-0.29875)],[1],[0],[0],[0.18256939994171262],['text_3'],Participant 01,001,2025-10-16_17h51.32.797,Word Priming Experiment,,2025.1.1,120.23349343055776,2025-10-16 17h51.46.329826 +0530,
,162,2,8,,,_ha_t,Chart,old,,[np.float64(-0.09625)],[np.float64(-0.29875)],[1],[0],[0],[0.19784709997475147],['text_3'],,,,,8,2,162,1,580.6774958000751,,,,,,,,580.6654716000194,580.6774958000751,580.6774958000751,580.6774958000751,0.0015533999539911747,580.8640047000954,,[np.float64(-0.09625)],[np.float64(-0.29875)],[1],[0],[0],[0.19784709997475147],['text_3'],Participant 01,001,2025-10-16_17h51.32.797,Word Priming Experiment,,2025.1.1,120.23349343055776,2025-10-16 17h51.46.329826 +0530,
,163,3,8,,,P_as_tr_,Pastry,old,,[np.float64(-0.09625)],[np.float64(-0.29875)],[1],[0],[0],[0.18049460009206086],['text_3'],,,,,8,3,163,4,580.88017150003,,,,,,,,580.8663986000465,580.88017150003,580.88017150003,580.88017150003,0.0023151999339461327,581.0475722000701,,[np.float64(-0.09625)],[np.float64(-0.29875)],[1],[0],[0],[0.18049460009206086],['text_3'],Participant 01,001,2025-10-16_17h51.32.797,Word Priming Experiment,,2025.1.1,120.23349343055776,2025-10-16 17h51.46.329826 +0530,
,164,4,8,,,P_st_r,Poster,old,,[np.float64(-0.09625)],[np.float64(-0.29875)],[1],[0],[0],[0.16300499998033047],['text_3'],,,,,8,4,164,9,581.0620088001015,,,,,,,,581.0493713000324,581.0620088001015,581.0620088001015,581.0620088001015,0.0017072000773623586,581.2130742000882,,[np.float64(-0.09625)],[np.float64(-0.29875)],[1],[0],[0],[0.16300499998033047],['text_3'],Participant 01,001,2025-10-16_17h51.32.797,Word Priming Experiment,,2025.1.1,120.23349343055776,2025-10-16 17h51.46.329826 +0530,
,165,5,8,,,bo_t_e,Bottle,new,,[np.float64(-0.09625)],[np.float64(-0.29875)],[1],[0],[0],[0.19709469994995743],['text_3'],,,,,8,5,165,18,581.227593800053,,,,,,,,581.2165516000241,581.227593800053,581.227593800053,581.227593800053,0.00343729997985065,581.4143545000115,,[np.float64(-0.09625)],[np.float64(-0.29875)],[1],[0],[0],[0.19709469994995743],['text_3'],Participant 01,001,2025-10-16_17h51.32.797,Word Priming Experiment,,2025.1.1,120.23349343055776,2025-10-16 17h51.46.329826 +0530,
,166,6,8,,,K_y_,Keys,old,,[np.float64(-0.09625)],[np.float64(-0.29875)],[1],[0],[0],[0.16486900008749217],['text_3'],,,,,8,6,166,8,581.4281826000661,,,,,,,,581.4161653000629,581.4281826000661,581.4281826000661,581.4281826000661,0.0017337999306619167,581.582416200079,,[np.float64(-0.09625)],[np.float64(-0.29875)],[1],[0],[0],[0.16486900008749217],['text_3'],Participant 01,001,2025-10-16_17h51.32.797,Word Priming Experiment,,2025.1.1,120.23349343055776,2025-10-16 17h51.46.329826 +0530,
,167,7,8,,,_ho_e,Phone,old,,[np.float64(-0.09625)],[np.float64(-0.29875)],[1],[0],[0],[0.1773673000279814],['text_3'],,,,,8,7,167,12,581.6104415000882,,,,,,,,581.5865656000096,581.6104415000882,581.6104415000882,581.6104415000882,0.00395460007712245,581.7646978000412,,[np.float64(-0.09625)],[np.float64(-0.29875)],[1],[0],[0],[0.1773673000279814],['text_3'],Participant 01,001,2025-10-16_17h51.32.797,Word Priming Experiment,,2025.1.1,120.23349343055776,2025-10-16 17h51.46.329826 +0530,
,168,8,8,,,l_pt_p,Laptop,old,,[np.float64(-0.09625)],[np.float64(-0.29875)],[1],[0],[0],[0.17859960009809583],['text_3'],,,,,8,8,168,0,581.7779480000027,,,,,,,,581.7663241000846,581.7779480000027,581.7779480000027,581.7779480000027,0.0015586999943479896,581.9455025000498,,[np.float64(-0.09625)],[np.float64(-0.29875)],[1],[0],[0],[0.17859960009809583],['text_3'],Participant 01,001,2025-10-16_17h51.32.797,Word Priming Experiment,,2025.1.1,120.23349343055776,2025-10-16 17h51.46.329826 +0530,
,169,9,8,,,T_hi_t,Tshirt,old,,[np.float64(-0.09625)],[np.float64(-0.29875)],[1],[0],[0],[0.1662548000458628],['text_3'],,,,,8,9,169,2,581.9613593000686,,,,,,,,581.9470229001017,581.9613593000686,581.9613593000686,581.9613593000686,0.0014564000302925706,582.1143062000629,,[np.float64(-0.09625)],[np.float64(-0.29875)],[1],[0],[0],[0.1662548000458628],['text_3'],Participant 01,001,2025-10-16_17h51.32.797,Word Priming Experiment,,2025.1.1,120.23349343055776,2025-10-16 17h51.46.329826 +0530,
,170,10,8,,,_ru_is_,Cruise,old,,[np.float64(-0.09625)],[np.float64(-0.29875)],[1],[0],[0],[0.1797716999426484],['text_3'],,,,,8,10,170,6,582.1272301001009,,,,,,,,582.1176707000704,582.1272301001009,582.1272301001009,582.1272301001009,0.0031923999777063727,582.2982185999863,,[np.float64(-0.09625)],[np.float64(-0.29875)],[1],[0],[0],[0.1797716999426484],['text_3'],Participant 01,001,2025-10-16_17h51.32.797,Word Priming Experiment,,2025.1.1,120.23349343055776,2025-10-16 17h51.46.329826 +0530,
,171,11,8,,,_a_bl_,Marble,old,,[np.float64(-0.09625)],[np.float64(-0.29875)],[1],[0],[0],[0.18404810002539307],['text_3'],,,,,8,11,171,11,582.3121685000369,,,,,,,,582.3004317000741,582.3121685000369,582.3121685000369,582.3121685000369,0.00213789998088032,582.4852929000044,,[np.float64(-0.09625)],[np.float64(-0.29875)],[1],[0],[0],[0.18404810002539307],['text_3'],Participant 01,001,2025-10-16_17h51.32.797,Word Priming Experiment,,2025.1.1,120.23349343055776,2025-10-16 17h51.46.329826 +0530,
,172,12,8,,,_o_rd,Board,old,,[np.float64(-0.09625)],[np.float64(-0.29875)],[1],[0],[0],[0.17489979998208582],['text_3'],,,,,8,12,172,10,582.5106459000381,,,,,,,,582.4873429000145,582.5106459000381,582.5106459000381,582.5106459000381,0.0019645000575110316,582.662810800015,,[np.float64(-0.09625)],[np.float64(-0.29875)],[1],[0],[0],[0.17489979998208582],['text_3'],Participant 01,001,2025-10-16_17h51.32.797,Word Priming Experiment,,2025.1.1,120.23349343055776,2025-10-16 17h51.46.329826 +0530,
,173,13,8,,,ta_l_,Table,new,,[np.float64(-0.09625)],[np.float64(-0.29875)],[1],[0],[0],[0.1651480000000447],['text_3'],,,,,8,13,173,15,582.6775915999897,,,,,,,,582.6641410000157,582.6775915999897,582.6775915999897,582.6775915999897,0.0012646999675780535,582.8300280000549,,[np.float64(-0.09625)],[np.float64(-0.29875)],[1],[0],[0],[0.1651480000000447],['text_3'],Participant 01,001,2025-10-16_17h51.32.797,Word Priming Experiment,,2025.1.1,120.23349343055776,2025-10-16 17h51.46.329826 +0530,
,174,14,8,,,p_nc_l,Pencil,new,,[np.float64(-0.09625)],[np.float64(-0.29875)],[1],[0],[0],[0.19751939992420375],['text_3'],,,,,8,14,174,16,582.8454804000212,,,,,,,,582.8325815000571,582.8454804000212,582.8454804000212,582.8454804000212,0.0021666999673470855,583.0306467000628,,[np.float64(-0.09625)],[np.float64(-0.29875)],[1],[0],[0],[0.19751939992420375],['text_3'],Participant 01,001,2025-10-16_17h51.32.797,Word Priming Experiment,,2025.1.1,120.23349343055776,2025-10-16 17h51.46.329826 +0530,
,175,15,8,,,v_s_,Vase,new,,[np.float64(-0.09625)],[np.float64(-0.29875)],[1],[0],[0],[0.1802371001103893],['text_3'],,,,,8,15,175,17,583.0441612000577,,,,,,,,583.0320942000253,583.0441612000577,583.0441612000577,583.0441612000577,0.0013705999590456486,583.2128747000825,,[np.float64(-0.09625)],[np.float64(-0.29875)],[1],[0],[0],[0.1802371001103893],['text_3'],Participant 01,001,2025-10-16_17h51.32.797,Word Priming Experiment,,2025.1.1,120.23349343055776,2025-10-16 17h51.46.329826 +0530,
,176,16,8,,,_oo_,Book,old,,[np.float64(-0.09625)],[np.float64(-0.29875)],[1],[0],[0],[0.16405769996345043],['text_3'],,,,,8,16,176,13,583.2285473000957,,,,,,,,583.2149105001008,583.2285473000957,583.2285473000957,583.2285473000957,0.0019375999690964818,583.379536600085,,[np.float64(-0.09625)],[np.float64(-0.29875)],[1],[0],[0],[0.16405769996345043],['text_3'],Participant 01,001,2025-10-16_17h51.32.797,Word Priming Experiment,,2025.1.1,120.23349343055776,2025-10-16 17h51.46.329826 +0530,
,177,17,8,,,c_s_io_,Cushion,new,,[np.float64(-0.09625)],[np.float64(-0.29875)],[1],[0],[0],[0.1479583999607712],['text_3'],,,,,8,17,177,14,583.3942209000234,,,,,,,,583.3808982000919,583.3942209000234,583.3942209000234,583.3942209000234,0.0012962999753654003,583.5293934000656,,[np.float64(-0.09625)],[np.float64(-0.29875)],[1],[0],[0],[0.1479583999607712],['text_3'],Participant 01,001,2025-10-16_17h51.32.797,Word Priming Experiment,,2025.1.1,120.23349343055776,2025-10-16 17h51.46.329826 +0530,
,178,18,8,,,P_li_e,Police,old,,[np.float64(-0.09625)],[np.float64(-0.29875)],[1],[0],[0],[0.18055799999274313],['text_3'],,,,,8,18,178,7,583.5457141000079,,,,,,,,583.5315520000877,583.5457141000079,583.5457141000079,583.5457141000079,0.0021030999487265944,583.7126693000318,,[np.float64(-0.09625)],[np.float64(-0.29875)],[1],[0],[0],[0.18055799999274313],['text_3'],Participant 01,001,2025-10-16_17h51.32.797,Word Priming Experiment,,2025.1.1,120.23349343055776,2025-10-16 17h51.46.329826 +0530,
,179,19,8,,,c_m_ra,Camera,new,camera,[np.float64(-0.09625)],[np.float64(-0.29875)],[1],[0],[0],[3.298029200057499],['text_3'],,,,,8,19,179,19,583.7275662000757,,,,,,,,583.714618200087,583.7275662000757,583.7275662000757,583.7275662000757,0.0018822000129148364,587.0139328000369,camera,[np.float64(-0.09625)],[np.float64(-0.29875)],[1],[0],[0],[3.298029200057499],['text_3'],Participant 01,001,2025-10-16_17h51.32.797,Word Priming Experiment,,2025.1.1,120.23349343055776,2025-10-16 17h51.46.329826 +0530,
,180,0,9,,,_ru_is_,Cruise,old,cruise,[np.float64(-0.09625)],[np.float64(-0.29875)],[1],[0],[0],[3.177006300073117],['text_3'],,,,,9,0,180,6,587.0436777001014,,,,,,,,587.0174138000002,587.0436777001014,587.0436777001014,587.0436777001014,0.0032742000184953213,590.1951691000722,cruise,[np.float64(-0.09625)],[np.float64(-0.29875)],[1],[0],[0],[3.177006300073117],['text_3'],Participant 01,001,2025-10-16_17h51.32.797,Word Priming Experiment,,2025.1.1,120.23349343055776,2025-10-16 17h51.46.329826 +0530,
,181,1,9,,,c_s_io_,Cushion,new,cushion,[np.float64(-0.09625)],[np.float64(-0.29875)],[1],[0],[0],[3.4664732000092044],['text_3'],,,,,9,1,181,14,590.2105041000759,,,,,,,,590.1973170000128,590.2105041000759,590.2105041000759,590.2105041000759,0.002075799973681569,593.6644033000339,cushion,[np.float64(-0.09625)],[np.float64(-0.29875)],[1],[0],[0],[3.4664732000092044],['text_3'],Participant 01,001,2025-10-16_17h51.32.797,Word Priming Experiment,,2025.1.1,120.23349343055776,2025-10-16 17h51.46.329826 +0530,
,182,2,9,,,_ha_t,Chart,old,what,[np.float64(-0.09625)],[np.float64(-0.29875)],[1],[0],[0],[2.7300521000288427],['text_3'],,,,,9,2,182,1,593.6780015000841,,,,,,,,593.6662855000468,593.6780015000841,593.6780015000841,593.6780015000841,0.001792500028386712,596.3969018000644,what,[np.float64(-0.09625)],[np.float64(-0.29875)],[1],[0],[0],[2.7300521000288427],['text_3'],Participant 01,001,2025-10-16_17h51.32.797,Word Priming Experiment,,2025.1.1,120.23349343055776,2025-10-16 17h51.46.329826 +0530,
,183,3,9,,,_o_rd,Board,old,board,[np.float64(-0.09625)],[np.float64(-0.29875)],[1],[0],[0],[5.997413899982348],['text_3'],,,,,9,3,183,10,596.4116492000176,,,,,,,,596.3986075000139,596.4116492000176,596.4116492000176,596.4116492000176,0.001630399958230555,602.3966183000011,board,[np.float64(-0.09625)],[np.float64(-0.29875)],[1],[0],[0],[5.997413899982348],['text_3'],Participant 01,001,2025-10-16_17h51.32.797,Word Priming Experiment,,2025.1.1,120.23349343055776,2025-10-16 17h51.46.329826 +0530,
,184,4,9,,,v_s_,Vase,new,vase,[np.float64(-0.09625)],[np.float64(-0.29875)],[1],[0],[0],[3.0475960000185296],['text_3'],,,,,9,4,184,17,602.4112755000824,,,,,,,,602.3981233000522,602.4112755000824,602.4112755000824,602.4112755000824,0.0014284000499173999,605.4462678000564,vase,[np.float64(-0.09625)],[np.float64(-0.29875)],[1],[0],[0],[3.0475960000185296],['text_3'],Participant 01,001,2025-10-16_17h51.32.797,Word Priming Experiment,,2025.1.1,120.23349343055776,2025-10-16 17h51.46.329826 +0530,
,185,5,9,,,P_as_tr_,Pastry,old,pastry,[np.float64(-0.09625)],[np.float64(-0.29875)],[1],[0],[0],[2.831514799967408],['text_3'],,,,,9,5,185,4,605.4611674000043,,,,,,,,605.447627000045,605.4611674000043,605.4611674000043,605.4611674000043,0.0012913999380543828,608.2799885000568,pastry,[np.float64(-0.09625)],[np.float64(-0.29875)],[1],[0],[0],[2.831514799967408],['text_3'],Participant 01,001,2025-10-16_17h51.32.797,Word Priming Experiment,,2025.1.1,120.23349343055776,2025-10-16 17h51.46.329826 +0530,
,186,6,9,,,_ho_e,Phone,old,house,[np.float64(-0.09625)],[np.float64(-0.29875)],[1],[0],[0],[5.698760300059803],['text_3'],,,,,9,6,186,12,608.2945833000122,,,,,,,,608.281567200087,608.2945833000122,608.2945833000122,608.2945833000122,0.00149940000846982,613.9809448000742,house,[np.float64(-0.09625)],[np.float64(-0.29875)],[1],[0],[0],[5.698760300059803],['text_3'],Participant 01,001,2025-10-16_17h51.32.797,Word Priming Experiment,,2025.1.1,120.23349343055776,2025-10-16 17h51.46.329826 +0530,
,187,7,9,,,_a_bl_,Marble,old,table,[np.float64(-0.09625)],[np.float64(-0.29875)],[1],[0],[0],[2.813025900046341],['text_3'],,,,,9,7,187,11,613.9948557000607,,,,,,,,613.9825998999877,613.9948557000607,613.9948557000607,613.9948557000607,0.0015770000172778964,616.7961839000927,table,[np.float64(-0.09625)],[np.float64(-0.29875)],[1],[0],[0],[2.813025900046341],['text_3'],Participant 01,001,2025-10-16_17h51.32.797,Word Priming Experiment,,2025.1.1,120.23349343055776,2025-10-16 17h51.46.329826 +0530,
,188,8,9,,,ta_l_,Table,new,table,[np.float64(-0.09625)],[np.float64(-0.29875)],[1],[0],[0],[3.065277599962428],['text_3'],,,,,9,8,188,15,616.8109442000277,,,,,,,,616.7978415000252,616.8109442000277,616.8109442000277,616.8109442000277,0.0015807999297976494,619.8637054000283,table,[np.float64(-0.09625)],[np.float64(-0.29875)],[1],[0],[0],[3.065277599962428],['text_3'],Participant 01,001,2025-10-16_17h51.32.797,Word Priming Experiment,,2025.1.1,120.23349343055776,2025-10-16 17h51.46.329826 +0530,
,189,9,9,,,bo_t_e,Bottle,new,bottle,[np.float64(-0.09625)],[np.float64(-0.29875)],[1],[0],[0],[3.0648313000565395],['text_3'],,,,,9,9,189,18,619.8781894000713,,,,,,,,619.8650321000023,619.8781894000713,619.8781894000713,619.8781894000713,0.0012515999842435122,622.9310767001007,bottle,[np.float64(-0.09625)],[np.float64(-0.29875)],[1],[0],[0],[3.0648313000565395],['text_3'],Participant 01,001,2025-10-16_17h51.32.797,Word Priming Experiment,,2025.1.1,120.23349343055776,2025-10-16 17h51.46.329826 +0530,
,190,10,9,,,P_li_e,Police,old,police,[np.float64(-0.09625)],[np.float64(-0.29875)],[1],[0],[0],[3.627556200022809],['text_3'],,,,,9,10,190,7,622.9607847000007,,,,,,,,622.9346144000301,622.9607847000007,622.9607847000007,622.9607847000007,0.003303100005723536,626.5635167000582,police,[np.float64(-0.09625)],[np.float64(-0.29875)],[1],[0],[0],[3.627556200022809],['text_3'],Participant 01,001,2025-10-16_17h51.32.797,Word Priming Experiment,,2025.1.1,120.23349343055776,2025-10-16 17h51.46.329826 +0530,
,191,11,9,,,l_pt_p,Laptop,old,laptop,[np.float64(-0.09625)],[np.float64(-0.29875)],[1],[0],[0],[3.1792001000139862],['text_3'],,,,,9,11,191,0,626.5776186999865,,,,,,,,626.5670762000373,626.5776186999865,626.5776186999865,626.5776186999865,0.0033526000333949924,629.7477212999947,laptop,[np.float64(-0.09625)],[np.float64(-0.29875)],[1],[0],[0],[3.1792001000139862],['text_3'],Participant 01,001,2025-10-16_17h51.32.797,Word Priming Experiment,,2025.1.1,120.23349343055776,2025-10-16 17h51.46.329826 +0530,
,192,12,9,,,_ou_se,mouse,old,mouse,[np.float64(-0.09625)],[np.float64(-0.29875)],[1],[0],[0],[2.7444249999243766],['text_3'],,,,,9,12,192,3,629.7762759000761,,,,,,,,629.7511657000287,629.7762759000761,629.7762759000761,629.7762759000761,0.003237099968828261,632.4964169000741,mouse,[np.float64(-0.09625)],[np.float64(-0.29875)],[1],[0],[0],[2.7444249999243766],['text_3'],Participant 01,001,2025-10-16_17h51.32.797,Word Priming Experiment,,2025.1.1,120.23349343055776,2025-10-16 17h51.46.329826 +0530,
,193,13,9,,,c_s_,Case,old,case,[np.float64(-0.09625)],[np.float64(-0.29875)],[1],[0],[0],[2.7644455000991],['text_3'],,,,,9,13,193,5,632.5102699000854,,,,,,,,632.4979912000708,632.5102699000854,632.5102699000854,632.5102699000854,0.0014764000661671162,635.2636749000521,case,[np.float64(-0.09625)],[np.float64(-0.29875)],[1],[0],[0],[2.7644455000991],['text_3'],Participant 01,001,2025-10-16_17h51.32.797,Word Priming Experiment,,2025.1.1,120.23349343055776,2025-10-16 17h51.46.329826 +0530,
,194,14,9,,,P_st_r,Poster,old,pastry,[np.float64(-0.09625)],[np.float64(-0.29875)],[1],[0],[0],[3.179621799965389],['text_3'],,,,,9,14,194,9,635.2766643000068,,,,,,,,635.2658648000797,635.2766643000068,635.2766643000068,635.2766643000068,0.002092599985189736,638.4467584000668,pastry,[np.float64(-0.09625)],[np.float64(-0.29875)],[1],[0],[0],[3.179621799965389],['text_3'],Participant 01,001,2025-10-16_17h51.32.797,Word Priming Experiment,,2025.1.1,120.23349343055776,2025-10-16 17h51.46.329826 +0530,
,195,15,9,,,T_hi_t,Tshirt,old,tshirt,[np.float64(-0.09625)],[np.float64(-0.29875)],[1],[0],[0],[2.62948649993632],['text_3'],,,,,9,15,195,2,638.4602628999855,,,,,,,,638.4499988000607,638.4602628999855,638.4602628999855,638.4602628999855,0.003095099935308099,641.0802143000765,tshirt,[np.float64(-0.09625)],[np.float64(-0.29875)],[1],[0],[0],[2.62948649993632],['text_3'],Participant 01,001,2025-10-16_17h51.32.797,Word Priming Experiment,,2025.1.1,120.23349343055776,2025-10-16 17h51.46.329826 +0530,
,196,16,9,,,c_m_ra,Camera,new,camera,[np.float64(-0.09625)],[np.float64(-0.29875)],[1],[0],[0],[3.0633008000440896],['text_3'],,,,,9,16,196,19,641.0934601000044,,,,,,,,641.081743100076,641.0934601000044,641.0934601000044,641.0934601000044,0.0014529000036418438,644.1457608999917,camera,[np.float64(-0.09625)],[np.float64(-0.29875)],[1],[0],[0],[3.0633008000440896],['text_3'],Participant 01,001,2025-10-16_17h51.32.797,Word Priming Experiment,,2025.1.1,120.23349343055776,2025-10-16 17h51.46.329826 +0530,
,197,17,9,,,p_nc_l,Pencil,new,pencil,[np.float64(-0.09625)],[np.float64(-0.29875)],[1],[0],[0],[3.3813319000182673],['text_3'],,,,,9,17,197,16,644.1598353000591,,,,,,,,644.1477006000932,644.1598353000591,644.1598353000591,644.1598353000591,0.0018542999168857932,647.530319100013,pencil,[np.float64(-0.09625)],[np.float64(-0.29875)],[1],[0],[0],[3.3813319000182673],['text_3'],Participant 01,001,2025-10-16_17h51.32.797,Word Priming Experiment,,2025.1.1,120.23349343055776,2025-10-16 17h51.46.329826 +0530,
,198,18,9,,,_oo_,Book,old,book,[np.float64(-0.09625)],[np.float64(-0.29875)],[1],[0],[0],[3.178381000063382],['text_3'],,,,,9,18,198,13,647.5437472000485,,,,,,,,647.5335418999894,647.5437472000485,647.5437472000485,647.5437472000485,0.0030181000474840403,650.7127212000778,book,[np.float64(-0.09625)],[np.float64(-0.29875)],[1],[0],[0],[3.178381000063382],['text_3'],Participant 01,001,2025-10-16_17h51.32.797,Word Priming Experiment,,2025.1.1,120.23349343055776,2025-10-16 17h51.46.329826 +0530,
,199,19,9,,,K_y_,Keys,old,keys,[np.float64(-0.09625)],[np.float64(-0.29875)],[1],[0],[0],[2.3658723999978974],['text_3'],,,,,9,19,199,8,650.7269378000638,,,,,,,,650.7143786000088,650.7269378000638,650.7269378000638,650.7269378000638,0.0015802000416442752,653.0808745000977,keys,[np.float64(-0.09625)],[np.float64(-0.29875)],[1],[0],[0],[2.3658723999978974],['text_3'],Participant 01,001,2025-10-16_17h51.32.797,Word Priming Experiment,,2025.1.1,120.23349343055776,2025-10-16 17h51.46.329826 +0530,
,200,0,10,,,_ho_e,Phone,old,house,[np.float64(-0.09625)],[np.float64(-0.29875)],[1],[0],[0],[2.944764700019732],['text_3'],,,,,10,0,200,12,653.0938701000996,,,,,,,,653.0823964000447,653.0938701000996,653.0938701000996,653.0938701000996,0.0014564000302925706,656.0280565000139,house,[np.float64(-0.09625)],[np.float64(-0.29875)],[1],[0],[0],[2.944764700019732],['text_3'],Participant 01,001,2025-10-16_17h51.32.797,Word Priming Experiment,,2025.1.1,120.23349343055776,2025-10-16 17h51.46.329826 +0530,
,201,1,10,,,_ha_t,Chart,old,what,[np.float64(-0.09625)],[np.float64(-0.29875)],[1],[0],[0],[5.081939099938609],['text_3'],,,,,10,1,201,1,656.0431798000354,,,,,,,,656.0301958000055,656.0431798000354,656.0431798000354,656.0431798000354,0.0020478999940678477,661.1129352001008,what,[np.float64(-0.09625)],[np.float64(-0.29875)],[1],[0],[0],[5.081939099938609],['text_3'],Participant 01,001,2025-10-16_17h51.32.797,Word Priming Experiment,,2025.1.1,120.23349343055776,2025-10-16 17h51.46.329826 +0530,
,202,2,10,,,_a_bl_,Marble,old,table,[np.float64(-0.09625)],[np.float64(-0.29875)],[1],[0],[0],[3.295849399990402],['text_3'],,,,,10,2,202,11,661.1266282000579,,,,,,,,661.1144693000242,661.1266282000579,661.1266282000579,661.1266282000579,0.0014555000234395266,664.4111174000427,table,[np.float64(-0.09625)],[np.float64(-0.29875)],[1],[0],[0],[3.295849399990402],['text_3'],Participant 01,001,2025-10-16_17h51.32.797,Word Priming Experiment,,2025.1.1,120.23349343055776,2025-10-16 17h51.46.329826 +0530,
,203,3,10,,,p_nc_l,Pencil,new,pencil,[np.float64(-0.09625)],[np.float64(-0.29875)],[1],[0],[0],[2.7801104000536725],['text_3'],,,,,10,3,203,16,664.4265604000539,,,,,,,,664.4132296000607,664.4265604000539,664.4265604000539,664.4265604000539,0.0020219000289216638,667.1940390000818,pencil,[np.float64(-0.09625)],[np.float64(-0.29875)],[1],[0],[0],[2.7801104000536725],['text_3'],Participant 01,001,2025-10-16_17h51.32.797,Word Priming Experiment,,2025.1.1,120.23349343055776,2025-10-16 17h51.46.329826 +0530,
,204,4,10,,,_oo_,Book,old,book,[np.float64(-0.09625)],[np.float64(-0.29875)],[1],[0],[0],[2.986125399940647],['text_3'],,,,,10,4,204,13,667.2095394000644,,,,,,,,667.1955470000394,667.2095394000644,667.2095394000644,667.2095394000644,0.0014264000346884131,670.1826821999857,book,[np.float64(-0.09625)],[np.float64(-0.29875)],[1],[0],[0],[2.986125399940647],['text_3'],Participant 01,001,2025-10-16_17h51.32.797,Word Priming Experiment,,2025.1.1,120.23349343055776,2025-10-16 17h51.46.329826 +0530,
,205,5,10,,,P_li_e,Police,old,police,[np.float64(-0.09625)],[np.float64(-0.29875)],[1],[0],[0],[2.726360199972987],['text_3'],,,,,10,5,205,7,670.1938558000838,,,,,,,,670.1849419000791,670.1938558000838,670.1938558000838,670.1938558000838,0.002143500023521483,672.9120052000508,police,[np.float64(-0.09625)],[np.float64(-0.29875)],[1],[0],[0],[2.726360199972987],['text_3'],Participant 01,001,2025-10-16_17h51.32.797,Word Priming Experiment,,2025.1.1,120.23349343055776,2025-10-16 17h51.46.329826 +0530,
,206,6,10,,,_ru_is_,Cruise,old,cruise,[np.float64(-0.09625)],[np.float64(-0.29875)],[1],[0],[0],[3.347836699918844],['text_3'],,,,,10,6,206,6,672.9263845999958,,,,,,,,672.9138867000584,672.9263845999958,672.9263845999958,672.9263845999958,0.0018180001061409712,676.2628819000674,cruise,[np.float64(-0.09625)],[np.float64(-0.29875)],[1],[0],[0],[3.347836699918844],['text_3'],Participant 01,001,2025-10-16_17h51.32.797,Word Priming Experiment,,2025.1.1,120.23349343055776,2025-10-16 17h51.46.329826 +0530,
,207,7,10,,,ta_l_,Table,new,table,[np.float64(-0.09625)],[np.float64(-0.29875)],[1],[0],[0],[3.7287316999863833],['text_3'],,,,,10,7,207,15,676.2926969000837,,,,,,,,676.2664537000237,676.2926969000837,676.2926969000837,676.2926969000837,0.0034056000877171755,679.9962415000191,table,[np.float64(-0.09625)],[np.float64(-0.29875)],[1],[0],[0],[3.7287316999863833],['text_3'],Participant 01,001,2025-10-16_17h51.32.797,Word Priming Experiment,,2025.1.1,120.23349343055776,2025-10-16 17h51.46.329826 +0530,
,208,8,10,,,P_as_tr_,Pastry,old,pastry,[np.float64(-0.09625)],[np.float64(-0.29875)],[1],[0],[0],[3.4616283000214025],['text_3'],,,,,10,8,208,4,680.009974900051,,,,,,,,679.9988309000619,680.009974900051,680.009974900051,680.009974900051,0.0024799000238999724,683.4611318000825,pastry,[np.float64(-0.09625)],[np.float64(-0.29875)],[1],[0],[0],[3.4616283000214025],['text_3'],Participant 01,001,2025-10-16_17h51.32.797,Word Priming Experiment,,2025.1.1,120.23349343055776,2025-10-16 17h51.46.329826 +0530,
,209,9,10,,,c_s_io_,Cushion,new,cushion ,[np.float64(-0.09625)],[np.float64(-0.29875)],[1],[0],[0],[3.099820000003092],['text_3'],,,,,10,9,209,14,683.4768885000376,,,,,,,,683.4625942000421,683.4768885000376,683.4768885000376,683.4768885000376,0.001398799940943718,686.5632728000637,cushion ,[np.float64(-0.09625)],[np.float64(-0.29875)],[1],[0],[0],[3.099820000003092],['text_3'],Participant 01,001,2025-10-16_17h51.32.797,Word Priming Experiment,,2025.1.1,120.23349343055776,2025-10-16 17h51.46.329826 +0530,
,210,10,10,,,l_pt_p,Laptop,old,laptop,[np.float64(-0.09625)],[np.float64(-0.29875)],[1],[0],[0],[5.262798900017515],['text_3'],,,,,10,10,210,0,686.5774405000266,,,,,,,,686.5656902000774,686.5774405000266,686.5774405000266,686.5774405000266,0.0023243000032380223,691.8297452999977,laptop,[np.float64(-0.09625)],[np.float64(-0.29875)],[1],[0],[0],[5.262798900017515],['text_3'],Participant 01,001,2025-10-16_17h51.32.797,Word Priming Experiment,,2025.1.1,120.23349343055776,2025-10-16 17h51.46.329826 +0530,
,211,11,10,,,v_s_,Vase,new,vase,[np.float64(-0.09625)],[np.float64(-0.29875)],[1],[0],[0],[2.5958444999996573],['text_3'],,,,,10,11,211,17,691.8432715000818,,,,,,,,691.8328789999941,691.8432715000818,691.8432715000818,691.8432715000818,0.002898499951697886,694.4302266000304,vase,[np.float64(-0.09625)],[np.float64(-0.29875)],[1],[0],[0],[2.5958444999996573],['text_3'],Participant 01,001,2025-10-16_17h51.32.797,Word Priming Experiment,,2025.1.1,120.23349343055776,2025-10-16 17h51.46.329826 +0530,
,212,12,10,,,P_st_r,Poster,old,pastry,[np.float64(-0.09625)],[np.float64(-0.29875)],[1],[0],[0],[3.576811100007035],['text_3'],,,,,10,12,212,9,694.4590201000683,,,,,,,,694.4343126000604,694.4590201000683,694.4590201000683,694.4590201000683,0.0039000000106170774,698.0119106000056,pastry,[np.float64(-0.09625)],[np.float64(-0.29875)],[1],[0],[0],[3.576811100007035],['text_3'],Participant 01,001,2025-10-16_17h51.32.797,Word Priming Experiment,,2025.1.1,120.23349343055776,2025-10-16 17h51.46.329826 +0530,
,213,13,10,,,bo_t_e,Bottle,new,bottle,[np.float64(-0.13625)],[np.float64(-0.29875)],[1],[0],[0],[3.8929138999665156],['text_3'],,,,,10,13,213,18,698.02625980007,,,,,,,,698.0132380001014,698.02625980007,698.02625980007,698.02625980007,0.0012623000657185912,701.9078322000569,bottle,[np.float64(-0.13625)],[np.float64(-0.29875)],[1],[0],[0],[3.8929138999665156],['text_3'],Participant 01,001,2025-10-16_17h51.32.797,Word Priming Experiment,,2025.1.1,120.23349343055776,2025-10-16 17h51.46.329826 +0530,
,214,14,10,,,c_s_,Case,old,case,[np.float64(-0.13625)],[np.float64(-0.29875)],[1],[0],[0],[4.423435800010338],['text_3'],,,,,10,14,214,5,701.934184200014,,,,,,,,701.9126019000541,701.934184200014,701.934184200014,701.934184200014,0.004556700005196035,706.3370882000308,case,[np.float64(-0.13625)],[np.float64(-0.29875)],[1],[0],[0],[4.423435800010338],['text_3'],Participant 01,001,2025-10-16_17h51.32.797,Word Priming Experiment,,2025.1.1,120.23349343055776,2025-10-16 17h51.46.329826 +0530,
,215,15,10,,,c_m_ra,Camera,new,camera,[np.float64(-0.13625)],[np.float64(-0.29875)],[1],[0],[0],[4.381481599994004],['text_3'],,,,,10,15,215,19,706.3512796000578,,,,,,,,706.3392529000994,706.3512796000578,706.3512796000578,706.3512796000578,0.0020540000405162573,710.721522900043,camera,[np.float64(-0.13625)],[np.float64(-0.29875)],[1],[0],[0],[4.381481599994004],['text_3'],Participant 01,001,2025-10-16_17h51.32.797,Word Priming Experiment,,2025.1.1,120.23349343055776,2025-10-16 17h51.46.329826 +0530,
,216,16,10,,,K_y_,Keys,old,keys,[np.float64(-0.13625)],[np.float64(-0.29875)],[1],[0],[0],[3.0327992999227718],['text_3'],,,,,10,16,216,8,710.7351282000309,,,,,,,,710.7231235000072,710.7351282000309,710.7351282000309,710.7351282000309,0.0015088999643921852,713.7576131999958,keys,[np.float64(-0.13625)],[np.float64(-0.29875)],[1],[0],[0],[3.0327992999227718],['text_3'],Participant 01,001,2025-10-16_17h51.32.797,Word Priming Experiment,,2025.1.1,120.23349343055776,2025-10-16 17h51.46.329826 +0530,
,217,17,10,,,_o_rd,Board,old,word,[np.float64(-0.13625)],[np.float64(-0.29875)],[1],[0],[0],[3.059346599970013],['text_3'],,,,,10,17,217,10,713.7843205000972,,,,,,,,713.7618504000129,713.7843205000972,713.7843205000972,713.7843205000972,0.004019999993033707,716.8227626000298,word,[np.float64(-0.13625)],[np.float64(-0.29875)],[1],[0],[0],[3.059346599970013],['text_3'],Participant 01,001,2025-10-16_17h51.32.797,Word Priming Experiment,,2025.1.1,120.23349343055776,2025-10-16 17h51.46.329826 +0530,
,218,18,10,,,T_hi_t,Tshirt,old,tshirt,[np.float64(-0.13625)],[np.float64(-0.29875)],[1],[0],[0],[3.5964099999982864],['text_3'],,,,,10,18,218,2,716.8510809000582,,,,,,,,716.8266452000244,716.8510809000582,716.8510809000582,716.8510809000582,0.003669800003990531,720.4248514000792,tshirt,[np.float64(-0.13625)],[np.float64(-0.29875)],[1],[0],[0],[3.5964099999982864],['text_3'],Participant 01,001,2025-10-16_17h51.32.797,Word Priming Experiment,,2025.1.1,120.23349343055776,2025-10-16 17h51.46.329826 +0530,
,219,19,10,,,_ou_se,mouse,old,moiuse,[np.float64(-0.13625)],[np.float64(-0.29875)],[1],[0],[0],[3.1229548999108374],['text_3'],,,,,10,19,219,3,720.451694700052,,,,,,,,720.428831600002,720.451694700052,720.451694700052,720.451694700052,0.0037437999853864312,723.55269650009,moiuse,[np.float64(-0.13625)],[np.float64(-0.29875)],[1],[0],[0],[3.1229548999108374],['text_3'],Participant 01,001,2025-10-16_17h51.32.797,Word Priming Experiment,,2025.1.1,120.23349343055776,2025-10-16 17h51.46.329826 +0530,
,220,0,11,,,_ha_t,Chart,old,chart,[np.float64(-0.13625)],[np.float64(-0.29875)],[1],[0],[0],[5.38318630005233],['text_3'],,,,,11,0,220,1,723.5681038000621,,,,,,,,723.5544975000666,723.5681038000621,723.5681038000621,723.5681038000621,0.0017068999586626887,728.9392281000037,chart,[np.float64(-0.13625)],[np.float64(-0.29875)],[1],[0],[0],[5.38318630005233],['text_3'],Participant 01,001,2025-10-16_17h51.32.797,Word Priming Experiment,,2025.1.1,120.23349343055776,2025-10-16 17h51.46.329826 +0530,
,221,1,11,,,p_nc_l,Pencil,new,pencil,[np.float64(-0.13625)],[np.float64(-0.29875)],[1],[0],[0],[3.8124147999333218],['text_3'],,,,,11,1,221,16,728.9675218000775,,,,,,,,728.9428559000371,728.9675218000775,728.9675218000775,728.9675218000775,0.0034132000291720033,732.7565395000856,pencil,[np.float64(-0.13625)],[np.float64(-0.29875)],[1],[0],[0],[3.8124147999333218],['text_3'],Participant 01,001,2025-10-16_17h51.32.797,Word Priming Experiment,,2025.1.1,120.23349343055776,2025-10-16 17h51.46.329826 +0530,
,222,2,11,,,K_y_,Keys,old,keys,[np.float64(-0.13625)],[np.float64(-0.29875)],[1],[0],[0],[2.810377199901268],['text_3'],,,,,11,2,222,8,732.7849358000094,,,,,,,,732.7602893000003,732.7849358000094,732.7849358000094,732.7849358000094,0.0035819000331684947,735.5722201000899,keys,[np.float64(-0.13625)],[np.float64(-0.29875)],[1],[0],[0],[2.810377199901268],['text_3'],Participant 01,001,2025-10-16_17h51.32.797,Word Priming Experiment,,2025.1.1,120.23349343055776,2025-10-16 17h51.46.329826 +0530,
,223,3,11,,,_oo_,Book,old,book,[np.float64(-0.13625)],[np.float64(-0.29875)],[1],[0],[0],[2.825318699935451],['text_3'],,,,,11,3,223,13,735.601769400062,,,,,,,,735.5763132000575,735.601769400062,735.601769400062,735.601769400062,0.003919899929314852,738.4025033999933,book,[np.float64(-0.13625)],[np.float64(-0.29875)],[1],[0],[0],[2.825318699935451],['text_3'],Participant 01,001,2025-10-16_17h51.32.797,Word Priming Experiment,,2025.1.1,120.23349343055776,2025-10-16 17h51.46.329826 +0530,
,224,4,11,,,c_m_ra,Camera,new,camera,[np.float64(-0.13625)],[np.float64(-0.29875)],[1],[0],[0],[3.132243699976243],['text_3'],,,,,11,4,224,19,738.4173022999894,,,,,,,,738.4041029000655,738.4173022999894,738.4173022999894,738.4173022999894,0.001513299997895956,741.5374236000935,camera,[np.float64(-0.13625)],[np.float64(-0.29875)],[1],[0],[0],[3.132243699976243],['text_3'],Participant 01,001,2025-10-16_17h51.32.797,Word Priming Experiment,,2025.1.1,120.23349343055776,2025-10-16 17h51.46.329826 +0530,
,225,5,11,,,bo_t_e,Bottle,new,bottle,[np.float64(-0.13625)],[np.float64(-0.29875)],[1],[0],[0],[3.0138029999798164],['text_3'],,,,,11,5,225,18,741.5512903000927,,,,,,,,741.5406271000393,741.5512903000927,741.5512903000927,741.5512903000927,0.003015400026924908,744.5561904000351,bottle,[np.float64(-0.13625)],[np.float64(-0.29875)],[1],[0],[0],[3.0138029999798164],['text_3'],Participant 01,001,2025-10-16_17h51.32.797,Word Priming Experiment,,2025.1.1,120.23349343055776,2025-10-16 17h51.46.329826 +0530,
,226,6,11,,,_ho_e,Phone,old,house,[np.float64(-0.13625)],[np.float64(-0.29875)],[1],[0],[0],[6.17905559996143],['text_3'],,,,,11,6,226,12,744.568527400028,,,,,,,,744.5595744000748,744.568527400028,744.568527400028,744.568527400028,0.003179799998179078,750.7393575999886,house,[np.float64(-0.13625)],[np.float64(-0.29875)],[1],[0],[0],[6.17905559996143],['text_3'],Participant 01,001,2025-10-16_17h51.32.797,Word Priming Experiment,,2025.1.1,120.23349343055776,2025-10-16 17h51.46.329826 +0530,
,227,7,11,,,P_st_r,Poster,old,pastry,[np.float64(-0.13625)],[np.float64(-0.29875)],[1],[0],[0],[3.0623067999258637],['text_3'],,,,,11,7,227,9,750.7519258999964,,,,,,,,750.7411905000918,750.7519258999964,750.7519258999964,750.7519258999964,0.0017621999140828848,753.8041746000526,pastry,[np.float64(-0.13625)],[np.float64(-0.29875)],[1],[0],[0],[3.0623067999258637],['text_3'],Participant 01,001,2025-10-16_17h51.32.797,Word Priming Experiment,,2025.1.1,120.23349343055776,2025-10-16 17h51.46.329826 +0530,
,228,8,11,,,P_li_e,Police,old,police,[np.float64(-0.13625)],[np.float64(-0.29875)],[1],[0],[0],[2.865944500081241],['text_3'],,,,,11,8,228,7,753.8183187000686,,,,,,,,753.8056005000835,753.8183187000686,753.8183187000686,753.8183187000686,0.0013581999810412526,756.6722602000227,police,[np.float64(-0.13625)],[np.float64(-0.29875)],[1],[0],[0],[2.865944500081241],['text_3'],Participant 01,001,2025-10-16_17h51.32.797,Word Priming Experiment,,2025.1.1,120.23349343055776,2025-10-16 17h51.46.329826 +0530,
,229,9,11,,,ta_l_,Table,new,table,[np.float64(-0.13625)],[np.float64(-0.29875)],[1],[0],[0],[3.079326800070703],['text_3'],,,,,11,9,229,15,756.700101400027,,,,,,,,756.6749272000743,756.700101400027,756.700101400027,756.700101400027,0.0026413999730721116,759.7551069000037,table,[np.float64(-0.13625)],[np.float64(-0.29875)],[1],[0],[0],[3.079326800070703],['text_3'],Participant 01,001,2025-10-16_17h51.32.797,Word Priming Experiment,,2025.1.1,120.23349343055776,2025-10-16 17h51.46.329826 +0530,
,230,10,11,,,v_s_,Vase,new,vase,[np.float64(-0.13625)],[np.float64(-0.29875)],[1],[0],[0],[3.0383632999146357],['text_3'],,,,,11,10,230,17,759.7691297000274,,,,,,,,759.7565520000644,759.7691297000274,759.7691297000274,759.7691297000274,0.0013799999142065644,762.7956949000945,vase,[np.float64(-0.13625)],[np.float64(-0.29875)],[1],[0],[0],[3.0383632999146357],['text_3'],Participant 01,001,2025-10-16_17h51.32.797,Word Priming Experiment,,2025.1.1,120.23349343055776,2025-10-16 17h51.46.329826 +0530,
,231,11,11,,,c_s_io_,Cushion,new,cushion,[np.float64(-0.13625)],[np.float64(-0.29875)],[1],[0],[0],[3.0719774999888614],['text_3'],,,,,11,11,231,14,762.8168327000458,,,,,,,,762.7975337000098,762.8168327000458,762.8168327000458,762.8168327000458,0.0017577999969944358,765.8702708000783,cushion,[np.float64(-0.13625)],[np.float64(-0.29875)],[1],[0],[0],[3.0719774999888614],['text_3'],Participant 01,001,2025-10-16_17h51.32.797,Word Priming Experiment,,2025.1.1,120.23349343055776,2025-10-16 17h51.46.329826 +0530,
,232,12,11,,,_ou_se,mouse,old,mouse,[np.float64(-0.13625)],[np.float64(-0.29875)],[1],[0],[0],[2.564175200066529],['text_3'],,,,,11,12,232,3,765.8844664000208,,,,,,,,765.871915900032,765.8844664000208,765.8844664000208,765.8844664000208,0.001577200018800795,768.436842199997,mouse,[np.float64(-0.13625)],[np.float64(-0.29875)],[1],[0],[0],[2.564175200066529],['text_3'],Participant 01,001,2025-10-16_17h51.32.797,Word Priming Experiment,,2025.1.1,120.23349343055776,2025-10-16 17h51.46.329826 +0530,
,233,13,11,,,_o_rd,Board,old,board,[np.float64(-0.13625)],[np.float64(-0.29875)],[1],[0],[0],[3.801807500072755],['text_3'],,,,,11,13,233,10,768.4506932999939,,,,,,,,768.4382075000321,768.4506932999939,768.4506932999939,768.4506932999939,0.0013011000119149685,772.2417615000159,board,[np.float64(-0.13625)],[np.float64(-0.29875)],[1],[0],[0],[3.801807500072755],['text_3'],Participant 01,001,2025-10-16_17h51.32.797,Word Priming Experiment,,2025.1.1,120.23349343055776,2025-10-16 17h51.46.329826 +0530,
,234,14,11,,,l_pt_p,Laptop,old,laptop,[np.float64(-0.13625)],[np.float64(-0.29875)],[1],[0],[0],[3.140696100075729],['text_3'],,,,,11,14,234,0,772.2671818000963,,,,,,,,772.2459091000492,772.2671818000963,772.2671818000963,772.2671818000963,0.0039724999805912375,775.3882129000267,laptop,[np.float64(-0.13625)],[np.float64(-0.29875)],[1],[0],[0],[3.140696100075729],['text_3'],Participant 01,001,2025-10-16_17h51.32.797,Word Priming Experiment,,2025.1.1,120.23349343055776,2025-10-16 17h51.46.329826 +0530,
,235,15,11,,,T_hi_t,Tshirt,old,tshirt,[np.float64(-0.13625)],[np.float64(-0.29875)],[1],[0],[0],[3.4271976000163704],['text_3'],,,,,11,15,235,2,775.4166739000939,,,,,,,,775.391870600055,775.4166739000939,775.4166739000939,775.4166739000939,0.003441200009547174,778.8199159000069,tshirt,[np.float64(-0.13625)],[np.float64(-0.29875)],[1],[0],[0],[3.4271976000163704],['text_3'],Participant 01,001,2025-10-16_17h51.32.797,Word Priming Experiment,,2025.1.1,120.23349343055776,2025-10-16 17h51.46.329826 +0530,
,236,16,11,,,_ru_is_,Cruise,old,,[np.float64(-0.13625)],[np.float64(-0.29875)],[1],[0],[0],[0.33269049995578825],['text_3'],,,,,11,16,236,6,778.8349306000164,,,,,,,,778.821435800055,778.8349306000164,778.8349306000164,778.8349306000164,0.001451799995265901,779.1548145000124,,[np.float64(-0.13625)],[np.float64(-0.29875)],[1],[0],[0],[0.33269049995578825],['text_3'],Participant 01,001,2025-10-16_17h51.32.797,Word Priming Experiment,,2025.1.1,120.23349343055776,2025-10-16 17h51.46.329826 +0530,
,237,17,11,,,c_s_,Case,old,case,[np.float64(-0.13625)],[np.float64(-0.29875)],[1],[0],[0],[2.48073910002131],['text_3'],,,,,11,17,237,5,779.1674722000025,,,,,,,,779.1561118999962,779.1674722000025,779.1674722000025,779.1674722000025,0.0012255000183358788,781.6383615999948,case,[np.float64(-0.13625)],[np.float64(-0.29875)],[1],[0],[0],[2.48073910002131],['text_3'],Participant 01,001,2025-10-16_17h51.32.797,Word Priming Experiment,,2025.1.1,120.23349343055776,2025-10-16 17h51.46.329826 +0530,
,238,18,11,,,_a_bl_,Marble,old,,[np.float64(-0.13625)],[np.float64(-0.29875)],[1],[0],[0],[0.22564610000699759],['text_3'],,,,,11,18,238,11,781.6664113000734,,,,,,,,781.6426259999862,781.6664113000734,781.6664113000734,781.6664113000734,0.004078299971297383,781.869749500067,,[np.float64(-0.13625)],[np.float64(-0.29875)],[1],[0],[0],[0.22564610000699759],['text_3'],Participant 01,001,2025-10-16_17h51.32.797,Word Priming Experiment,,2025.1.1,120.23349343055776,2025-10-16 17h51.46.329826 +0530,
,239,19,11,,,P_as_tr_,Pastry,old,,[np.float64(-0.13625)],[np.float64(-0.29875)],[1],[0],[0],[0.16467329999431968],['text_3'],,,,,11,19,239,4,781.8844728000695,,,,,,,,781.8732590000145,781.8844728000695,781.8844728000695,781.8844728000695,0.0033258000621572137,782.0387715999968,,[np.float64(-0.13625)],[np.float64(-0.29875)],[1],[0],[0],[0.16467329999431968],['text_3'],Participant 01,001,2025-10-16_17h51.32.797,Word Priming Experiment,,2025.1.1,120.23349343055776,2025-10-16 17h51.46.329826 +0530,
,240,0,12,,,P_li_e,Police,old,,[np.float64(-0.13625)],[np.float64(-0.29875)],[1],[0],[0],[0.16368689993396401],['text_3'],,,,,12,0,240,7,782.0513795000734,,,,,,,,782.0403128000908,782.0513795000734,782.0513795000734,782.0513795000734,0.0014764999505132437,782.2057489000726,,[np.float64(-0.13625)],[np.float64(-0.29875)],[1],[0],[0],[0.16368689993396401],['text_3'],Participant 01,001,2025-10-16_17h51.32.797,Word Priming Experiment,,2025.1.1,120.23349343055776,2025-10-16 17h51.46.329826 +0530,
,241,1,12,,,v_s_,Vase,new,,[np.float64(-0.13625)],[np.float64(-0.29875)],[1],[0],[0],[0.16059129999484867],['text_3'],,,,,12,1,241,17,782.2331791000906,,,,,,,,782.2086685000686,782.2331791000906,782.2331791000906,782.2331791000906,0.0027379998937249184,782.3700821000384,,[np.float64(-0.13625)],[np.float64(-0.29875)],[1],[0],[0],[0.16059129999484867],['text_3'],Participant 01,001,2025-10-16_17h51.32.797,Word Priming Experiment,,2025.1.1,120.23349343055776,2025-10-16 17h51.46.329826 +0530,
,242,2,12,,,T_hi_t,Tshirt,old,,[np.float64(-0.13625)],[np.float64(-0.29875)],[1],[0],[0],[0.19698999996762723],['text_3'],,,,,12,2,242,2,782.383899700013,,,,,,,,782.3716895000543,782.383899700013,782.383899700013,782.383899700013,0.001537000061944127,782.5694365000818,,[np.float64(-0.13625)],[np.float64(-0.29875)],[1],[0],[0],[0.19698999996762723],['text_3'],Participant 01,001,2025-10-16_17h51.32.797,Word Priming Experiment,,2025.1.1,120.23349343055776,2025-10-16 17h51.46.329826 +0530,
,243,3,12,,,_ru_is_,Cruise,old,,[np.float64(-0.13625)],[np.float64(-0.29875)],[1],[0],[0],[0.1653689999366179],['text_3'],,,,,12,3,243,6,782.5841322999913,,,,,,,,782.5711235000053,782.5841322999913,782.5841322999913,782.5841322999913,0.001622700016014278,782.7380462000147,,[np.float64(-0.13625)],[np.float64(-0.29875)],[1],[0],[0],[0.1653689999366179],['text_3'],Participant 01,001,2025-10-16_17h51.32.797,Word Priming Experiment,,2025.1.1,120.23349343055776,2025-10-16 17h51.46.329826 +0530,
,244,4,12,,,_a_bl_,Marble,old,,[np.float64(-0.13625)],[np.float64(-0.29875)],[1],[0],[0],[0.16266959998756647],['text_3'],,,,,12,4,244,11,782.7511020000093,,,,,,,,782.7416720000328,782.7511020000093,782.7511020000093,782.7511020000093,0.0034423000179231167,782.9051870000549,,[np.float64(-0.13625)],[np.float64(-0.29875)],[1],[0],[0],[0.16266959998756647],['text_3'],Participant 01,001,2025-10-16_17h51.32.797,Word Priming Experiment,,2025.1.1,120.23349343055776,2025-10-16 17h51.46.329826 +0530,
,245,5,12,,,p_nc_l,Pencil,new,,[np.float64(-0.13625)],[np.float64(-0.29875)],[1],[0],[0],[0.16274370008613914],['text_3'],,,,,12,5,245,16,782.9180249000201,,,,,,,,782.9066341000143,782.9180249000201,782.9180249000201,782.9180249000201,0.001384299946948886,783.0701261000941,,[np.float64(-0.13625)],[np.float64(-0.29875)],[1],[0],[0],[0.16274370008613914],['text_3'],Participant 01,001,2025-10-16_17h51.32.797,Word Priming Experiment,,2025.1.1,120.23349343055776,2025-10-16 17h51.46.329826 +0530,
,246,6,12,,,P_st_r,Poster,old,,[np.float64(-0.13625)],[np.float64(-0.29875)],[1],[0],[0],[0.18063279998023063],['text_3'],,,,,12,6,246,9,783.0845808000304,,,,,,,,783.071639800095,783.0845808000304,783.0845808000304,783.0845808000304,0.0014426999259740114,783.2529947999865,,[np.float64(-0.13625)],[np.float64(-0.29875)],[1],[0],[0],[0.18063279998023063],['text_3'],Participant 01,001,2025-10-16_17h51.32.797,Word Priming Experiment,,2025.1.1,120.23349343055776,2025-10-16 17h51.46.329826 +0530,
,247,7,12,,,K_y_,Keys,old,,[np.float64(-0.13625)],[np.float64(-0.29875)],[1],[0],[0],[0.18190900003537536],['text_3'],,,,,12,7,247,8,783.2676465000259,,,,,,,,783.2544061000226,783.2676465000259,783.2676465000259,783.2676465000259,0.0013407999649643898,783.4378368000034,,[np.float64(-0.13625)],[np.float64(-0.29875)],[1],[0],[0],[0.18190900003537536],['text_3'],Participant 01,001,2025-10-16_17h51.32.797,Word Priming Experiment,,2025.1.1,120.23349343055776,2025-10-16 17h51.46.329826 +0530,
,248,8,12,,,bo_t_e,Bottle,new,,[np.float64(-0.13625)],[np.float64(-0.29875)],[1],[0],[0],[0.16266430006362498],['text_3'],,,,,12,8,248,18,783.4512506000465,,,,,,,,783.4398640000727,783.4512506000465,783.4512506000465,783.4512506000465,0.0018258000491186976,783.6039881000761,,[np.float64(-0.13625)],[np.float64(-0.29875)],[1],[0],[0],[0.16266430006362498],['text_3'],Participant 01,001,2025-10-16_17h51.32.797,Word Priming Experiment,,2025.1.1,120.23349343055776,2025-10-16 17h51.46.329826 +0530,
,249,9,12,,,_ha_t,Chart,old,,[np.float64(-0.13625)],[np.float64(-0.29875)],[1],[0],[0],[0.1792410999769345],['text_3'],,,,,12,9,249,1,783.6337988000596,,,,,,,,783.6068809001008,783.6337988000596,783.6337988000596,783.6337988000596,0.0027378000086173415,783.7869772000704,,[np.float64(-0.13625)],[np.float64(-0.29875)],[1],[0],[0],[0.1792410999769345],['text_3'],Participant 01,001,2025-10-16_17h51.32.797,Word Priming Experiment,,2025.1.1,120.23349343055776,2025-10-16 17h51.46.329826 +0530,
,250,10,12,,,_o_rd,Board,old,,[np.float64(-0.13625)],[np.float64(-0.29875)],[1],[0],[0],[0.18085200001951307],['text_3'],,,,,12,10,250,10,783.8006524000084,,,,,,,,783.7884677000111,783.8006524000084,783.8006524000084,783.8006524000084,0.0014134999364614487,783.9710358000593,,[np.float64(-0.13625)],[np.float64(-0.29875)],[1],[0],[0],[0.18085200001951307],['text_3'],Participant 01,001,2025-10-16_17h51.32.797,Word Priming Experiment,,2025.1.1,120.23349343055776,2025-10-16 17h51.46.329826 +0530,
,251,11,12,,,_oo_,Book,old,,[np.float64(-0.13625)],[np.float64(-0.29875)],[1],[0],[0],[0.1817060000030324],['text_3'],,,,,12,11,251,13,783.9852471000049,,,,,,,,783.9735104000429,783.9852471000049,783.9852471000049,783.9852471000049,0.0022752999793738127,784.1561404000968,,[np.float64(-0.13625)],[np.float64(-0.29875)],[1],[0],[0],[0.1817060000030324],['text_3'],Participant 01,001,2025-10-16_17h51.32.797,Word Priming Experiment,,2025.1.1,120.23349343055776,2025-10-16 17h51.46.329826 +0530,
,252,12,12,,,_ou_se,mouse,old,,[np.float64(-0.13625)],[np.float64(-0.29875)],[1],[0],[0],[0.16434449993539602],['text_3'],,,,,12,12,252,3,784.1691143000498,,,,,,,,784.1580045000883,784.1691143000498,784.1691143000498,784.1691143000498,0.0017816999461501837,784.3233040000778,,[np.float64(-0.13625)],[np.float64(-0.29875)],[1],[0],[0],[0.16434449993539602],['text_3'],Participant 01,001,2025-10-16_17h51.32.797,Word Priming Experiment,,2025.1.1,120.23349343055776,2025-10-16 17h51.46.329826 +0530,
,253,13,12,,,ta_l_,Table,new,,[np.float64(-0.13625)],[np.float64(-0.29875)],[1],[0],[0],[0.1765253999037668],['text_3'],,,,,12,13,253,15,784.335121500073,,,,,,,,784.3251462000189,784.335121500073,784.335121500073,784.335121500073,0.0017627000343054533,784.5024574000854,,[np.float64(-0.13625)],[np.float64(-0.29875)],[1],[0],[0],[0.1765253999037668],['text_3'],Participant 01,001,2025-10-16_17h51.32.797,Word Priming Experiment,,2025.1.1,120.23349343055776,2025-10-16 17h51.46.329826 +0530,
,254,14,12,,,P_as_tr_,Pastry,old,,[np.float64(-0.13625)],[np.float64(-0.29875)],[1],[0],[0],[0.1654516999842599],['text_3'],,,,,12,14,254,4,784.5179007000988,,,,,,,,784.504116200027,784.5179007000988,784.5179007000988,784.5179007000988,0.001583700068295002,784.6703440001002,,[np.float64(-0.13625)],[np.float64(-0.29875)],[1],[0],[0],[0.1654516999842599],['text_3'],Participant 01,001,2025-10-16_17h51.32.797,Word Priming Experiment,,2025.1.1,120.23349343055776,2025-10-16 17h51.46.329826 +0530,
,255,15,12,,,c_m_ra,Camera,new,,[np.float64(-0.13625)],[np.float64(-0.29875)],[1],[0],[0],[0.18319070001598448],['text_3'],,,,,12,15,255,19,784.6849734000862,,,,,,,,784.6718814000487,784.6849734000862,784.6849734000862,784.6849734000862,0.0014706000220030546,784.8558369000675,,[np.float64(-0.13625)],[np.float64(-0.29875)],[1],[0],[0],[0.18319070001598448],['text_3'],Participant 01,001,2025-10-16_17h51.32.797,Word Priming Experiment,,2025.1.1,120.23349343055776,2025-10-16 17h51.46.329826 +0530,
,256,16,12,,,l_pt_p,Laptop,old,,[np.float64(-0.13625)],[np.float64(-0.29875)],[1],[0],[0],[0.14532389992382377],['text_3'],,,,,12,16,256,0,784.867608300061,,,,,,,,784.8574143000878,784.867608300061,784.867608300061,784.867608300061,0.0015091999666765332,785.0037285999861,,[np.float64(-0.13625)],[np.float64(-0.29875)],[1],[0],[0],[0.14532389992382377],['text_3'],Participant 01,001,2025-10-16_17h51.32.797,Word Priming Experiment,,2025.1.1,120.23349343055776,2025-10-16 17h51.46.329826 +0530,
,257,17,12,,,c_s_io_,Cushion,new,,[np.float64(-0.13625)],[np.float64(-0.29875)],[1],[0],[0],[0.1993052999023348],['text_3'],,,,,12,17,257,14,785.01714120002,,,,,,,,785.0057745000813,785.01714120002,785.01714120002,785.01714120002,0.001942700007930398,785.2067532000365,,[np.float64(-0.13625)],[np.float64(-0.29875)],[1],[0],[0],[0.1993052999023348],['text_3'],Participant 01,001,2025-10-16_17h51.32.797,Word Priming Experiment,,2025.1.1,120.23349343055776,2025-10-16 17h51.46.329826 +0530,
,258,18,12,,,c_s_,Case,old,,[np.float64(-0.13625)],[np.float64(-0.29875)],[1],[0],[0],[0.17549850000068545],['text_3'],,,,,12,18,258,5,785.2333386000246,,,,,,,,785.2109229000052,785.2333386000246,785.2333386000246,785.2333386000246,0.00397820002399385,785.3874646000331,,[np.float64(-0.13625)],[np.float64(-0.29875)],[1],[0],[0],[0.17549850000068545],['text_3'],Participant 01,001,2025-10-16_17h51.32.797,Word Priming Experiment,,2025.1.1,120.23349343055776,2025-10-16 17h51.46.329826 +0530,
,259,19,12,,,_ho_e,Phone,old,,[np.float64(-0.13625)],[np.float64(-0.29875)],[1],[0],[0],[0.1812940000090748],['text_3'],,,,,12,19,259,12,785.4014965000097,,,,,,,,785.389002699987,785.4014965000097,785.4014965000097,785.4014965000097,0.0014721999177709222,785.5710668000393,,[np.float64(-0.13625)],[np.float64(-0.29875)],[1],[0],[0],[0.1812940000090748],['text_3'],Participant 01,001,2025-10-16_17h51.32.797,Word Priming Experiment,,2025.1.1,120.23349343055776,2025-10-16 17h51.46.329826 +0530,
,260,0,13,,,c_m_ra,Camera,new,,[np.float64(-0.13625)],[np.float64(-0.29875)],[1],[0],[0],[0.1616813000291586],['text_3'],,,,,13,0,260,19,785.5847058000509,,,,,,,,785.572598000057,785.5847058000509,785.5847058000509,785.5847058000509,0.001458900049328804,785.7352136000991,,[np.float64(-0.13625)],[np.float64(-0.29875)],[1],[0],[0],[0.1616813000291586],['text_3'],Participant 01,001,2025-10-16_17h51.32.797,Word Priming Experiment,,2025.1.1,120.23349343055776,2025-10-16 17h51.46.329826 +0530,
,261,1,13,,,_ho_e,Phone,old,,[np.float64(-0.13625)],[np.float64(-0.29875)],[1],[0],[0],[0.18510769994463772],['text_3'],,,,,13,1,261,12,785.7502292999998,,,,,,,,785.7369844000787,785.7502292999998,785.7502292999998,785.7502292999998,0.0016775999683886766,785.9232461000793,,[np.float64(-0.13625)],[np.float64(-0.29875)],[1],[0],[0],[0.18510769994463772],['text_3'],Participant 01,001,2025-10-16_17h51.32.797,Word Priming Experiment,,2025.1.1,120.23349343055776,2025-10-16 17h51.46.329826 +0530,
,262,2,13,,,bo_t_e,Bottle,new,,[np.float64(-0.13625)],[np.float64(-0.29875)],[1],[0],[0],[0.17884780000895262],['text_3'],,,,,13,2,262,18,785.9361155000515,,,,,,,,785.9254258000292,785.9361155000515,785.9361155000515,785.9361155000515,0.002090600086376071,786.1052585000871,,[np.float64(-0.13625)],[np.float64(-0.29875)],[1],[0],[0],[0.17884780000895262],['text_3'],Participant 01,001,2025-10-16_17h51.32.797,Word Priming Experiment,,2025.1.1,120.23349343055776,2025-10-16 17h51.46.329826 +0530,
,263,3,13,,,l_pt_p,Laptop,old,,[np.float64(-0.13625)],[np.float64(-0.29875)],[1],[0],[0],[0.179743199958466],['text_3'],,,,,13,3,263,0,786.1187745000934,,,,,,,,786.1074198000133,786.1187745000934,786.1187745000934,786.1187745000934,0.002079300000332296,786.2884040999925,,[np.float64(-0.13625)],[np.float64(-0.29875)],[1],[0],[0],[0.179743199958466],['text_3'],Participant 01,001,2025-10-16_17h51.32.797,Word Priming Experiment,,2025.1.1,120.23349343055776,2025-10-16 17h51.46.329826 +0530,
,264,4,13,,,P_li_e,Police,old,,[np.float64(-0.13625)],[np.float64(-0.29875)],[1],[0],[0],[0.1609966999385506],['text_3'],,,,,13,4,264,7,786.3007111999905,,,,,,,,786.2914826000342,786.3007111999905,786.3007111999905,786.3007111999905,0.002916599973104894,786.4533116000239,,[np.float64(-0.13625)],[np.float64(-0.29875)],[1],[0],[0],[0.1609966999385506],['text_3'],Participant 01,001,2025-10-16_17h51.32.797,Word Priming Experiment,,2025.1.1,120.23349343055776,2025-10-16 17h51.46.329826 +0530,
,265,5,13,,,ta_l_,Table,new,,[np.float64(-0.13625)],[np.float64(-0.29875)],[1],[0],[0],[0.18285649991594255],['text_3'],,,,,13,5,265,15,786.4676838000305,,,,,,,,786.4546401000116,786.4676838000305,786.4676838000305,786.4676838000305,0.001261899946257472,786.6384747000411,,[np.float64(-0.13625)],[np.float64(-0.29875)],[1],[0],[0],[0.18285649991594255],['text_3'],Participant 01,001,2025-10-16_17h51.32.797,Word Priming Experiment,,2025.1.1,120.23349343055776,2025-10-16 17h51.46.329826 +0530,
,266,6,13,,,T_hi_t,Tshirt,old,,[np.float64(-0.13625)],[np.float64(-0.29875)],[1],[0],[0],[0.17606830003205687],['text_3'],,,,,13,6,266,2,786.6666146999924,,,,,,,,786.6424927000189,786.6666146999924,786.6666146999924,786.6666146999924,0.00396340002771467,786.8195258000633,,[np.float64(-0.13625)],[np.float64(-0.29875)],[1],[0],[0],[0.17606830003205687],['text_3'],Participant 01,001,2025-10-16_17h51.32.797,Word Priming Experiment,,2025.1.1,120.23349343055776,2025-10-16 17h51.46.329826 +0530,
,267,7,13,,,c_s_io_,Cushion,new,,[np.float64(-0.13625)],[np.float64(-0.29875)],[1],[0],[0],[0.16681470000185072],['text_3'],,,,,13,7,267,14,786.8342206000816,,,,,,,,786.8211076000007,786.8342206000816,786.8342206000816,786.8342206000816,0.0015017000259831548,786.9890325000742,,[np.float64(-0.13625)],[np.float64(-0.29875)],[1],[0],[0],[0.16681470000185072],['text_3'],Participant 01,001,2025-10-16_17h51.32.797,Word Priming Experiment,,2025.1.1,120.23349343055776,2025-10-16 17h51.46.329826 +0530,
,268,8,13,,,p_nc_l,Pencil,new,,[np.float64(-0.13625)],[np.float64(-0.29875)],[1],[0],[0],[0.19483809999655932],['text_3'],,,,,13,8,268,16,787.0169285000302,,,,,,,,786.9924114000751,787.0169285000302,787.0169285000302,787.0169285000302,0.0033273999579250813,787.1883099999977,,[np.float64(-0.13625)],[np.float64(-0.29875)],[1],[0],[0],[0.19483809999655932],['text_3'],Participant 01,001,2025-10-16_17h51.32.797,Word Priming Experiment,,2025.1.1,120.23349343055776,2025-10-16 17h51.46.329826 +0530,
,269,9,13,,,_ru_is_,Cruise,old,,[np.float64(-0.13625)],[np.float64(-0.29875)],[1],[0],[0],[0.16376869997475296],['text_3'],,,,,13,9,269,6,787.2012335000327,,,,,,,,787.1899196000304,787.2012335000327,787.2012335000327,787.2012335000327,0.0015305000124499202,787.3549954000628,,[np.float64(-0.13625)],[np.float64(-0.29875)],[1],[0],[0],[0.16376869997475296],['text_3'],Participant 01,001,2025-10-16_17h51.32.797,Word Priming Experiment,,2025.1.1,120.23349343055776,2025-10-16 17h51.46.329826 +0530,
,270,10,13,,,P_st_r,Poster,old,,[np.float64(-0.13625)],[np.float64(-0.29875)],[1],[0],[0],[0.17923919996246696],['text_3'],,,,,13,10,270,9,787.3838568000356,,,,,,,,787.3587054000236,787.3838568000356,787.3838568000356,787.3838568000356,0.0035404000664129853,787.5400795000605,,[np.float64(-0.13625)],[np.float64(-0.29875)],[1],[0],[0],[0.17923919996246696],['text_3'],Participant 01,001,2025-10-16_17h51.32.797,Word Priming Experiment,,2025.1.1,120.23349343055776,2025-10-16 17h51.46.329826 +0530,
,271,11,13,,,P_as_tr_,Pastry,old,,[np.float64(-0.13625)],[np.float64(-0.29875)],[1],[0],[0],[0.15816919994540513],['text_3'],,,,,13,11,271,4,787.5665290000616,,,,,,,,787.5444771000184,787.5665290000616,787.5665290000616,787.5665290000616,0.004179800045676529,787.704152100021,,[np.float64(-0.13625)],[np.float64(-0.29875)],[1],[0],[0],[0.15816919994540513],['text_3'],Participant 01,001,2025-10-16_17h51.32.797,Word Priming Experiment,,2025.1.1,120.23349343055776,2025-10-16 17h51.46.329826 +0530,
,272,12,13,,,_a_bl_,Marble,old,,[np.float64(-0.13625)],[np.float64(-0.29875)],[1],[0],[0],[0.17721600004006177],['text_3'],,,,,13,12,272,11,787.7181256000185,,,,,,,,787.7078324999893,787.7181256000185,787.7181256000185,787.7181256000185,0.0035071999300271273,787.8859097000677,,[np.float64(-0.13625)],[np.float64(-0.29875)],[1],[0],[0],[0.17721600004006177],['text_3'],Participant 01,001,2025-10-16_17h51.32.797,Word Priming Experiment,,2025.1.1,120.23349343055776,2025-10-16 17h51.46.329826 +0530,
,273,13,13,,,_ha_t,Chart,old,,[np.float64(-0.13625)],[np.float64(-0.29875)],[1],[0],[0],[0.18189620005432516],['text_3'],,,,,13,13,273,1,787.9025009000907,,,,,,,,787.8874192000367,787.9025009000907,787.9025009000907,787.9025009000907,0.0014449000591412187,788.0706317999866,,[np.float64(-0.13625)],[np.float64(-0.29875)],[1],[0],[0],[0.18189620005432516],['text_3'],Participant 01,001,2025-10-16_17h51.32.797,Word Priming Experiment,,2025.1.1,120.23349343055776,2025-10-16 17h51.46.329826 +0530,
,274,14,13,,,c_s_,Case,old,,[np.float64(-0.13625)],[np.float64(-0.29875)],[1],[0],[0],[0.16504700004588813],['text_3'],,,,,13,14,274,5,788.0848451000638,,,,,,,,788.0722982999869,788.0848451000638,788.0848451000638,788.0848451000638,0.0013988000573590398,788.2392139000585,,[np.float64(-0.13625)],[np.float64(-0.29875)],[1],[0],[0],[0.16504700004588813],['text_3'],Participant 01,001,2025-10-16_17h51.32.797,Word Priming Experiment,,2025.1.1,120.23349343055776,2025-10-16 17h51.46.329826 +0530,
,275,15,13,,,v_s_,Vase,new,,[np.float64(-0.13625)],[np.float64(-0.29875)],[1],[0],[0],[0.17769729997962713],['text_3'],,,,,13,15,275,17,788.2669478000607,,,,,,,,788.2430762000149,788.2669478000607,788.2669478000607,788.2669478000607,0.0036229999968782067,788.42228170007,,[np.float64(-0.13625)],[np.float64(-0.29875)],[1],[0],[0],[0.17769729997962713],['text_3'],Participant 01,001,2025-10-16_17h51.32.797,Word Priming Experiment,,2025.1.1,120.23349343055776,2025-10-16 17h51.46.329826 +0530,
,276,16,13,,,_ou_se,mouse,old,,[np.float64(-0.13625)],[np.float64(-0.29875)],[1],[0],[0],[0.17704609991051257],['text_3'],,,,,13,16,276,3,788.4504920000909,,,,,,,,788.4261618000455,788.4504920000909,788.4504920000909,788.4504920000909,0.003678400069475174,788.6045215000631,,[np.float64(-0.13625)],[np.float64(-0.29875)],[1],[0],[0],[0.17704609991051257],['text_3'],Participant 01,001,2025-10-16_17h51.32.797,Word Priming Experiment,,2025.1.1,120.23349343055776,2025-10-16 17h51.46.329826 +0530,
,277,17,13,,,K_y_,Keys,old,,[np.float64(-0.13625)],[np.float64(-0.29875)],[1],[0],[0],[0.1799780000001192],['text_3'],,,,,13,17,277,8,788.6174509000266,,,,,,,,788.6074856000487,788.6174509000266,788.6174509000266,788.6174509000266,0.002787600038573146,788.7891009000596,,[np.float64(-0.13625)],[np.float64(-0.29875)],[1],[0],[0],[0.1799780000001192],['text_3'],Participant 01,001,2025-10-16_17h51.32.797,Word Priming Experiment,,2025.1.1,120.23349343055776,2025-10-16 17h51.46.329826 +0530,
,278,18,13,,,_o_rd,Board,old,,[np.float64(-0.13625)],[np.float64(-0.29875)],[1],[0],[0],[0.16100109997205436],['text_3'],,,,,13,18,278,10,788.8020717999898,,,,,,,,788.791645099991,788.8020717999898,788.8020717999898,788.8020717999898,0.002317399950698018,788.9534378000535,,[np.float64(-0.13625)],[np.float64(-0.29875)],[1],[0],[0],[0.16100109997205436],['text_3'],Participant 01,001,2025-10-16_17h51.32.797,Word Priming Experiment,,2025.1.1,120.23349343055776,2025-10-16 17h51.46.329826 +0530,
,279,19,13,,,_oo_,Book,old,,[np.float64(-0.13625)],[np.float64(-0.29875)],[1],[0],[0],[0.1809081999817863],['text_3'],,,,,13,19,279,13,788.9670619000681,,,,,,,,788.9548587000463,788.9670619000681,788.9670619000681,788.9670619000681,0.0013491000281646848,789.1368082000408,,[np.float64(-0.13625)],[np.float64(-0.29875)],[1],[0],[0],[0.1809081999817863],['text_3'],Participant 01,001,2025-10-16_17h51.32.797,Word Priming Experiment,,2025.1.1,120.23349343055776,2025-10-16 17h51.46.329826 +0530,
,280,0,14,,,l_pt_p,Laptop,old,,[np.float64(-0.13625)],[np.float64(-0.29875)],[1],[0],[0],[0.17834700003731996],['text_3'],,,,,14,0,280,0,789.1505416000728,,,,,,,,789.139375800034,789.1505416000728,789.1505416000728,789.1505416000728,0.002444599987939,789.3190536000766,,[np.float64(-0.13625)],[np.float64(-0.29875)],[1],[0],[0],[0.17834700003731996],['text_3'],Participant 01,001,2025-10-16_17h51.32.797,Word Priming Experiment,,2025.1.1,120.23349343055776,2025-10-16 17h51.46.329826 +0530,
,281,1,14,,,P_li_e,Police,old,,[np.float64(-0.13625)],[np.float64(-0.29875)],[1],[0],[0],[0.13099930004682392],['text_3'],,,,,14,1,281,7,789.3334812000394,,,,,,,,789.3218178000534,789.3334812000394,789.3334812000394,789.3334812000394,0.002633900032378733,789.4539241000311,,[np.float64(-0.13625)],[np.float64(-0.29875)],[1],[0],[0],[0.13099930004682392],['text_3'],Participant 01,001,2025-10-16_17h51.32.797,Word Priming Experiment,,2025.1.1,120.23349343055776,2025-10-16 17h51.46.329826 +0530,
,282,2,14,,,P_as_tr_,Pastry,old,,[np.float64(-0.13625)],[np.float64(-0.29875)],[1],[0],[0],[0.16375369997695088],['text_3'],,,,,14,2,282,4,789.4672120000469,,,,,,,,789.4555051000789,789.4672120000469,789.4672120000469,789.4672120000469,0.0015069999499246478,789.6204671000596,,[np.float64(-0.13625)],[np.float64(-0.29875)],[1],[0],[0],[0.16375369997695088],['text_3'],Participant 01,001,2025-10-16_17h51.32.797,Word Priming Experiment,,2025.1.1,120.23349343055776,2025-10-16 17h51.46.329826 +0530,
,283,3,14,,,T_hi_t,Tshirt,old,,[np.float64(-0.13625)],[np.float64(-0.29875)],[1],[0],[0],[0.8265434000641108],['text_3'],,,,,14,3,283,2,789.6336757000536,,,,,,,,789.6245344000636,789.6336757000536,789.6336757000536,789.6336757000536,0.003893399960361421,790.4521022000117,,[np.float64(-0.13625)],[np.float64(-0.29875)],[1],[0],[0],[0.8265434000641108],['text_3'],Participant 01,001,2025-10-16_17h51.32.797,Word Priming Experiment,,2025.1.1,120.23349343055776,2025-10-16 17h51.46.329826 +0530,
,284,4,14,,,_o_rd,Board,old,,[np.float64(-0.13625)],[np.float64(-0.29875)],[1],[0],[0],[0.247750100097619],['text_3'],,,,,14,4,284,10,790.4670158000663,,,,,,,,790.4541672000196,790.4670158000663,790.4670158000663,790.4670158000663,0.0019920000340789557,790.7030124000739,,[np.float64(-0.13625)],[np.float64(-0.29875)],[1],[0],[0],[0.247750100097619],['text_3'],Participant 01,001,2025-10-16_17h51.32.797,Word Priming Experiment,,2025.1.1,120.23349343055776,2025-10-16 17h51.46.329826 +0530,
,285,5,14,,,_ru_is_,Cruise,old,,[np.float64(-0.13625)],[np.float64(-0.29875)],[1],[0],[0],[0.18389900005422533],['text_3'],,,,,14,5,285,6,790.7168814000906,,,,,,,,790.7044006000506,790.7168814000906,790.7168814000906,790.7168814000906,0.0012964000925421715,790.8895388999954,,[np.float64(-0.13625)],[np.float64(-0.29875)],[1],[0],[0],[0.18389900005422533],['text_3'],Participant 01,001,2025-10-16_17h51.32.797,Word Priming Experiment,,2025.1.1,120.23349343055776,2025-10-16 17h51.46.329826 +0530,
,286,6,14,,,_oo_,Book,old,book,[np.float64(-0.13625)],[np.float64(-0.29875)],[1],[0],[0],[3.078159400029108],['text_3'],,,,,14,6,286,13,790.9021101000253,,,,,,,,790.8915048000636,790.9021101000253,790.9021101000253,790.9021101000253,0.0018706999253481627,793.9704649000196,book,[np.float64(-0.13625)],[np.float64(-0.29875)],[1],[0],[0],[3.078159400029108],['text_3'],Participant 01,001,2025-10-16_17h51.32.797,Word Priming Experiment,,2025.1.1,120.23349343055776,2025-10-16 17h51.46.329826 +0530,
,287,7,14,,,ta_l_,Table,new,table,[np.float64(-0.13625)],[np.float64(-0.29875)],[1],[0],[0],[2.6998017999576405],['text_3'],,,,,14,7,287,15,793.9842784000793,,,,,,,,793.9719657000387,793.9842784000793,793.9842784000793,793.9842784000793,0.0014322000788524747,796.6730263000354,table,[np.float64(-0.13625)],[np.float64(-0.29875)],[1],[0],[0],[2.6998017999576405],['text_3'],Participant 01,001,2025-10-16_17h51.32.797,Word Priming Experiment,,2025.1.1,120.23349343055776,2025-10-16 17h51.46.329826 +0530,
,288,8,14,,,bo_t_e,Bottle,new,bottle,[np.float64(-0.13625)],[np.float64(-0.29875)],[1],[0],[0],[2.6787550000008196],['text_3'],,,,,14,8,288,18,796.6852658001008,,,,,,,,796.6748383000959,796.6852658001008,796.6852658001008,796.6852658001008,0.0017300000181421638,799.3545309000183,bottle,[np.float64(-0.13625)],[np.float64(-0.29875)],[1],[0],[0],[2.6787550000008196],['text_3'],Participant 01,001,2025-10-16_17h51.32.797,Word Priming Experiment,,2025.1.1,120.23349343055776,2025-10-16 17h51.46.329826 +0530,
,289,9,14,,,K_y_,Keys,old,keys,[np.float64(-0.13625)],[np.float64(-0.29875)],[1],[0],[0],[2.5952392999315634],['text_3'],,,,,14,9,289,8,799.3676958000287,,,,,,,,799.356025599991,799.3676958000287,799.3676958000287,799.3676958000287,0.0014125000452622771,801.9525236000773,keys,[np.float64(-0.13625)],[np.float64(-0.29875)],[1],[0],[0],[2.5952392999315634],['text_3'],Participant 01,001,2025-10-16_17h51.32.797,Word Priming Experiment,,2025.1.1,120.23349343055776,2025-10-16 17h51.46.329826 +0530,
,290,10,14,,,c_s_,Case,old,case,[np.float64(-0.13625)],[np.float64(-0.29875)],[1],[0],[0],[2.461361899971962],['text_3'],,,,,14,10,290,5,801.9669224000536,,,,,,,,801.956222100067,801.9669224000536,801.9669224000536,801.9669224000536,0.003539999946951866,804.4184285000665,case,[np.float64(-0.13625)],[np.float64(-0.29875)],[1],[0],[0],[2.461361899971962],['text_3'],Participant 01,001,2025-10-16_17h51.32.797,Word Priming Experiment,,2025.1.1,120.23349343055776,2025-10-16 17h51.46.329826 +0530,
,291,11,14,,,c_s_io_,Cushion,new,cushion,[np.float64(-0.13625)],[np.float64(-0.29875)],[1],[0],[0],[2.9658471000147983],['text_3'],,,,,14,11,291,14,804.4335131000262,,,,,,,,804.420008999994,804.4335131000262,804.4335131000262,804.4335131000262,0.0015118999872356653,807.3866740000667,cushion,[np.float64(-0.13625)],[np.float64(-0.29875)],[1],[0],[0],[2.9658471000147983],['text_3'],Participant 01,001,2025-10-16_17h51.32.797,Word Priming Experiment,,2025.1.1,120.23349343055776,2025-10-16 17h51.46.329826 +0530,
,292,12,14,,,c_m_ra,Camera,new,camera,[np.float64(-0.13625)],[np.float64(-0.29875)],[1],[0],[0],[4.230488499975763],['text_3'],,,,,14,12,292,19,807.4005486000096,,,,,,,,807.3883522000397,807.4005486000096,807.4005486000096,807.4005486000096,0.0015943000325933099,811.6196041000076,camera,[np.float64(-0.13625)],[np.float64(-0.29875)],[1],[0],[0],[4.230488499975763],['text_3'],Participant 01,001,2025-10-16_17h51.32.797,Word Priming Experiment,,2025.1.1,120.23349343055776,2025-10-16 17h51.46.329826 +0530,
,293,13,14,,,P_st_r,Poster,old,pastry,[np.float64(-0.13625)],[np.float64(-0.29875)],[1],[0],[0],[3.350646200007759],['text_3'],,,,,14,13,293,9,811.6340957999928,,,,,,,,811.6211885000812,811.6340957999928,811.6340957999928,811.6340957999928,0.0015032000374048948,814.9734748000046,pastry,[np.float64(-0.13625)],[np.float64(-0.29875)],[1],[0],[0],[3.350646200007759],['text_3'],Participant 01,001,2025-10-16_17h51.32.797,Word Priming Experiment,,2025.1.1,120.23349343055776,2025-10-16 17h51.46.329826 +0530,
,294,14,14,,,_ou_se,mouse,old,mouse,[np.float64(-0.13625)],[np.float64(-0.29875)],[1],[0],[0],[4.511328799999319],['text_3'],,,,,14,14,294,3,814.9995984000852,,,,,,,,814.9771854000865,814.9995984000852,814.9995984000852,814.9995984000852,0.00353939994238317,819.4907307000831,mouse,[np.float64(-0.13625)],[np.float64(-0.29875)],[1],[0],[0],[4.511328799999319],['text_3'],Participant 01,001,2025-10-16_17h51.32.797,Word Priming Experiment,,2025.1.1,120.23349343055776,2025-10-16 17h51.46.329826 +0530,
,295,15,14,,,p_nc_l,Pencil,new,pencil,[np.float64(-0.13625)],[np.float64(-0.29875)],[1],[0],[0],[3.156425299937837],['text_3'],,,,,14,15,295,16,819.516140300082,,,,,,,,819.4940522999968,819.516140300082,819.516140300082,819.516140300082,0.0030767000280320644,822.6518207000336,pencil,[np.float64(-0.13625)],[np.float64(-0.29875)],[1],[0],[0],[3.156425299937837],['text_3'],Participant 01,001,2025-10-16_17h51.32.797,Word Priming Experiment,,2025.1.1,120.23349343055776,2025-10-16 17h51.46.329826 +0530,
,296,16,14,,,_a_bl_,Marble,old,table,[np.float64(-0.13625)],[np.float64(-0.29875)],[1],[0],[0],[3.631770799984224],['text_3'],,,,,14,16,296,11,822.6668029000284,,,,,,,,822.6535576999886,822.6668029000284,822.6668029000284,822.6668029000284,0.0016653999919071794,826.2860477000941,table,[np.float64(-0.13625)],[np.float64(-0.29875)],[1],[0],[0],[3.631770799984224],['text_3'],Participant 01,001,2025-10-16_17h51.32.797,Word Priming Experiment,,2025.1.1,120.23349343055776,2025-10-16 17h51.46.329826 +0530,
,297,17,14,,,_ho_e,Phone,old,mousse,[np.float64(-0.13625)],[np.float64(-0.29875)],[1],[0],[0],[4.180539600085467],['text_3'],,,,,14,17,297,12,826.3000913000433,,,,,,,,826.2875227000332,826.3000913000433,826.3000913000433,826.3000913000433,0.0013984000543132424,830.4688623000402,mousse,[np.float64(-0.13625)],[np.float64(-0.29875)],[1],[0],[0],[4.180539600085467],['text_3'],Participant 01,001,2025-10-16_17h51.32.797,Word Priming Experiment,,2025.1.1,120.23349343055776,2025-10-16 17h51.46.329826 +0530,
,298,18,14,,,v_s_,Vase,new,vase,[np.float64(-0.13625)],[np.float64(-0.29875)],[1],[0],[0],[2.5505389999598265],['text_3'],,,,,14,18,298,17,830.4837417000672,,,,,,,,830.4703619000502,830.4837417000672,830.4837417000672,830.4837417000672,0.0014425000408664346,833.0218997000484,vase,[np.float64(-0.13625)],[np.float64(-0.29875)],[1],[0],[0],[2.5505389999598265],['text_3'],Participant 01,001,2025-10-16_17h51.32.797,Word Priming Experiment,,2025.1.1,120.23349343055776,2025-10-16 17h51.46.329826 +0530,
,299,19,14,,,_ha_t,Chart,old,chart,[np.float64(-0.13625)],[np.float64(-0.29875)],[1],[0],[0],[4.361651699990034],['text_3'],,,,,14,19,299,1,833.0346255000914,,,,,,,,833.0242259000661,833.0346255000914,833.0346255000914,833.0346255000914,0.0022470999974757433,837.3875041999854,chart,[np.float64(-0.13625)],[np.float64(-0.29875)],[1],[0],[0],[4.361651699990034],['text_3'],Participant 01,001,2025-10-16_17h51.32.797,Word Priming Experiment,,2025.1.1,120.23349343055776,2025-10-16 17h51.46.329826 +0530,
,300,0,15,,,_ru_is_,Cruise,old,cruise,[np.float64(-0.13625)],[np.float64(-0.29875)],[1],[0],[0],[3.661432499997318],['text_3'],,,,,15,0,300,6,837.400484599988,,,,,,,,837.3909092000686,837.400484599988,837.400484599988,837.400484599988,0.0032018000492826104,841.0531915000174,cruise,[np.float64(-0.13625)],[np.float64(-0.29875)],[1],[0],[0],[3.661432499997318],['text_3'],Participant 01,001,2025-10-16_17h51.32.797,Word Priming Experiment,,2025.1.1,120.23349343055776,2025-10-16 17h51.46.329826 +0530,
,301,1,15,,,T_hi_t,Tshirt,old,tshirt,[np.float64(-0.13625)],[np.float64(-0.29875)],[1],[0],[0],[3.5135702999541536],['text_3'],,,,,15,1,301,2,841.0829121000133,,,,,,,,841.0572595000267,841.0829121000133,841.0829121000133,841.0829121000133,0.004010100034065545,844.5723206000403,tshirt,[np.float64(-0.13625)],[np.float64(-0.29875)],[1],[0],[0],[3.5135702999541536],['text_3'],Participant 01,001,2025-10-16_17h51.32.797,Word Priming Experiment,,2025.1.1,120.23349343055776,2025-10-16 17h51.46.329826 +0530,
,302,2,15,,,c_s_io_,Cushion,new,cushion,[np.float64(-0.13625)],[np.float64(-0.29875)],[1],[0],[0],[4.094497099984437],['text_3'],,,,,15,2,302,14,844.5850306000793,,,,,,,,844.5756565000629,844.5850306000793,844.5850306000793,844.5850306000793,0.0031641999958083034,848.671404200024,cushion,[np.float64(-0.13625)],[np.float64(-0.29875)],[1],[0],[0],[4.094497099984437],['text_3'],Participant 01,001,2025-10-16_17h51.32.797,Word Priming Experiment,,2025.1.1,120.23349343055776,2025-10-16 17h51.46.329826 +0530,
,303,3,15,,,l_pt_p,Laptop,old,laptop,[np.float64(-0.13625)],[np.float64(-0.29875)],[1],[0],[0],[4.195325199980289],['text_3'],,,,,15,3,303,0,848.6847429000773,,,,,,,,848.6733028000453,848.6847429000773,848.6847429000773,848.6847429000773,0.001805699896067381,852.8694271000568,laptop,[np.float64(-0.13625)],[np.float64(-0.29875)],[1],[0],[0],[4.195325199980289],['text_3'],Participant 01,001,2025-10-16_17h51.32.797,Word Priming Experiment,,2025.1.1,120.23349343055776,2025-10-16 17h51.46.329826 +0530,
,304,4,15,,,_ou_se,mouse,old, mosue,[np.float64(-0.13625)],[np.float64(-0.29875)],[1],[0],[0],[3.7638206999981776],['text_3'],,,,,15,4,304,3,852.883795700036,,,,,,,,852.87106949999,852.883795700036,852.883795700036,852.883795700036,0.0015863000880926847,856.6356805000687, mosue,[np.float64(-0.13625)],[np.float64(-0.29875)],[1],[0],[0],[3.7638206999981776],['text_3'],Participant 01,001,2025-10-16_17h51.32.797,Word Priming Experiment,,2025.1.1,120.23349343055776,2025-10-16 17h51.46.329826 +0530,
,305,5,15,,,P_st_r,Poster,old,pastry,[np.float64(-0.13625)],[np.float64(-0.29875)],[1],[0],[0],[6.731008299975656],['text_3'],,,,,15,5,305,9,856.6506762000499,,,,,,,,856.6370545000536,856.6506762000499,856.6506762000499,856.6506762000499,0.0013004000065848231,863.368928699987,pastry,[np.float64(-0.13625)],[np.float64(-0.29875)],[1],[0],[0],[6.731008299975656],['text_3'],Participant 01,001,2025-10-16_17h51.32.797,Word Priming Experiment,,2025.1.1,120.23349343055776,2025-10-16 17h51.46.329826 +0530,
,306,6,15,,,p_nc_l,Pencil,new,penicl,[np.float64(-0.13625)],[np.float64(-0.29875)],[1],[0],[0],[4.329099699971266],['text_3'],,,,,15,6,306,16,863.382790200063,,,,,,,,863.3707426000619,863.382790200063,863.382790200063,863.382790200063,0.0017417001072317362,867.7006668000249,penicl,[np.float64(-0.13625)],[np.float64(-0.29875)],[1],[0],[0],[4.329099699971266],['text_3'],Participant 01,001,2025-10-16_17h51.32.797,Word Priming Experiment,,2025.1.1,120.23349343055776,2025-10-16 17h51.46.329826 +0530,
,307,7,15,,,_a_bl_,Marble,old,tavlr,[np.float64(-0.13625)],[np.float64(-0.29875)],[1],[0],[0],[3.450820100028068],['text_3'],,,,,15,7,307,11,867.7161944000982,,,,,,,,867.7021639000159,867.7161944000982,867.7161944000982,867.7161944000982,0.0014295000582933426,871.1544636000181,tavlr,[np.float64(-0.13625)],[np.float64(-0.29875)],[1],[0],[0],[3.450820100028068],['text_3'],Participant 01,001,2025-10-16_17h51.32.797,Word Priming Experiment,,2025.1.1,120.23349343055776,2025-10-16 17h51.46.329826 +0530,
,308,8,15,,,_oo_,Book,old,book,[np.float64(-0.13625)],[np.float64(-0.29875)],[1],[0],[0],[3.84524249995593],['text_3'],,,,,15,8,308,13,871.1829626000253,,,,,,,,871.1580780000659,871.1829626000253,871.1829626000253,871.1829626000253,0.003462499938905239,875.0048001999967,book,[np.float64(-0.13625)],[np.float64(-0.29875)],[1],[0],[0],[3.84524249995593],['text_3'],Participant 01,001,2025-10-16_17h51.32.797,Word Priming Experiment,,2025.1.1,120.23349343055776,2025-10-16 17h51.46.329826 +0530,
,309,9,15,,,_ho_e,Phone,old,house,[np.float64(-0.13625)],[np.float64(-0.29875)],[1],[0],[0],[4.728786699939519],['text_3'],,,,,15,9,309,12,875.0167550999904,,,,,,,,875.0070872000651,875.0167550999904,875.0167550999904,875.0167550999904,0.0021730000153183937,879.7379155000672,house,[np.float64(-0.13625)],[np.float64(-0.29875)],[1],[0],[0],[4.728786699939519],['text_3'],Participant 01,001,2025-10-16_17h51.32.797,Word Priming Experiment,,2025.1.1,120.23349343055776,2025-10-16 17h51.46.329826 +0530,
,310,10,15,,,ta_l_,Table,new,table,[np.float64(-0.13625)],[np.float64(-0.29875)],[1],[0],[0],[5.277357900049537],['text_3'],,,,,15,10,310,15,879.7655734000728,,,,,,,,879.7408960000612,879.7655734000728,879.7655734000728,879.7655734000728,0.0028230000752955675,885.0191839000909,table,[np.float64(-0.13625)],[np.float64(-0.29875)],[1],[0],[0],[5.277357900049537],['text_3'],Participant 01,001,2025-10-16_17h51.32.797,Word Priming Experiment,,2025.1.1,120.23349343055776,2025-10-16 17h51.46.329826 +0530,
,311,11,15,,,v_s_,Vase,new,,[np.float64(-0.13625)],[np.float64(-0.29875)],[1],[0],[0],[0.4482477999990806],['text_3'],,,,,15,11,311,17,885.0334811999928,,,,,,,,885.0206308000488,885.0334811999928,885.0334811999928,885.0334811999928,0.0013612000038847327,885.4702129000798,,[np.float64(-0.13625)],[np.float64(-0.29875)],[1],[0],[0],[0.4482477999990806],['text_3'],Participant 01,001,2025-10-16_17h51.32.797,Word Priming Experiment,,2025.1.1,120.23349343055776,2025-10-16 17h51.46.329826 +0530,
,312,12,15,,,c_s_,Case,old,case,[np.float64(-0.13625)],[np.float64(-0.29875)],[1],[0],[0],[2.543962600058876],['text_3'],,,,,15,12,312,5,885.4827801000793,,,,,,,,885.4731203000993,885.4827801000793,885.4827801000793,885.4827801000793,0.0027827000012621284,888.0180343000684,case,[np.float64(-0.13625)],[np.float64(-0.29875)],[1],[0],[0],[2.543962600058876],['text_3'],Participant 01,001,2025-10-16_17h51.32.797,Word Priming Experiment,,2025.1.1,120.23349343055776,2025-10-16 17h51.46.329826 +0530,
,313,13,15,,,_ha_t,Chart,old,chart,[np.float64(-0.13625)],[np.float64(-0.29875)],[1],[0],[0],[4.481699000112712],['text_3'],,,,,15,13,313,1,888.0328691999894,,,,,,,,888.0197078000056,888.0328691999894,888.0328691999894,888.0328691999894,0.0016080999048426747,892.5024578000885,chart,[np.float64(-0.13625)],[np.float64(-0.29875)],[1],[0],[0],[4.481699000112712],['text_3'],Participant 01,001,2025-10-16_17h51.32.797,Word Priming Experiment,,2025.1.1,120.23349343055776,2025-10-16 17h51.46.329826 +0530,
,314,14,15,,,c_m_ra,Camera,new,camera,[np.float64(-0.13625)],[np.float64(-0.29875)],[1],[0],[0],[3.3648566000629216],['text_3'],,,,,15,14,314,19,892.5161903999979,,,,,,,,892.5042519000126,892.5161903999979,892.5161903999979,892.5161903999979,0.001725599984638393,895.8699658000842,camera,[np.float64(-0.13625)],[np.float64(-0.29875)],[1],[0],[0],[3.3648566000629216],['text_3'],Participant 01,001,2025-10-16_17h51.32.797,Word Priming Experiment,,2025.1.1,120.23349343055776,2025-10-16 17h51.46.329826 +0530,
,315,15,15,,,_o_rd,Board,old,board,[np.float64(-0.13625)],[np.float64(-0.29875)],[1],[0],[0],[3.532032100018114],['text_3'],,,,,15,15,315,10,895.8826898999978,,,,,,,,895.8714572000317,895.8826898999978,895.8826898999978,895.8826898999978,0.0014282000483945012,899.4044335000217,board,[np.float64(-0.13625)],[np.float64(-0.29875)],[1],[0],[0],[3.532032100018114],['text_3'],Participant 01,001,2025-10-16_17h51.32.797,Word Priming Experiment,,2025.1.1,120.23349343055776,2025-10-16 17h51.46.329826 +0530,
,316,16,15,,,P_as_tr_,Pastry,old,pastry,[np.float64(-0.13625)],[np.float64(-0.29875)],[1],[0],[0],[3.012107099988498],['text_3'],,,,,15,16,316,4,899.4162601000862,,,,,,,,899.40610630007,899.4162601000862,899.4162601000862,899.4162601000862,0.0016038999892771244,902.4190910999896,pastry,[np.float64(-0.13625)],[np.float64(-0.29875)],[1],[0],[0],[3.012107099988498],['text_3'],Participant 01,001,2025-10-16_17h51.32.797,Word Priming Experiment,,2025.1.1,120.23349343055776,2025-10-16 17h51.46.329826 +0530,
,317,17,15,,,bo_t_e,Bottle,new,,[np.float64(-0.13625)],[np.float64(-0.29875)],[1],[0],[0],[0.3157735000131652],['text_3'],,,,,15,17,317,18,902.432793200016,,,,,,,,902.4204870000249,902.432793200016,902.432793200016,902.432793200016,0.0013274999801069498,902.7376375000458,,[np.float64(-0.13625)],[np.float64(-0.29875)],[1],[0],[0],[0.3157735000131652],['text_3'],Participant 01,001,2025-10-16_17h51.32.797,Word Priming Experiment,,2025.1.1,120.23349343055776,2025-10-16 17h51.46.329826 +0530,
,318,18,15,,,P_li_e,Police,old,police,[np.float64(-0.13625)],[np.float64(-0.29875)],[1],[0],[0],[2.9614915000274777],['text_3'],,,,,15,18,318,7,902.7497115000151,,,,,,,,902.7403678999981,902.7497115000151,902.7497115000151,902.7497115000151,0.0026129999896511436,905.7032009999966,police,[np.float64(-0.13625)],[np.float64(-0.29875)],[1],[0],[0],[2.9614915000274777],['text_3'],Participant 01,001,2025-10-16_17h51.32.797,Word Priming Experiment,,2025.1.1,120.23349343055776,2025-10-16 17h51.46.329826 +0530,
,319,19,15,,,K_y_,Keys,old,keys,[np.float64(-0.13625)],[np.float64(-0.29875)],[1],[0],[0],[2.897208399954252],['text_3'],,,,,15,19,319,8,905.7157013000688,,,,,,,,905.7055340000661,905.7157013000688,905.7157013000688,905.7157013000688,0.002203000010922551,908.603833500063,keys,[np.float64(-0.13625)],[np.float64(-0.29875)],[1],[0],[0],[2.897208399954252],['text_3'],Participant 01,001,2025-10-16_17h51.32.797,Word Priming Experiment,,2025.1.1,120.23349343055776,2025-10-16 17h51.46.329826 +0530,
,320,0,16,,,P_as_tr_,Pastry,old,pastry,[np.float64(-0.13625)],[np.float64(-0.29875)],[1],[0],[0],[3.1617177999578416],['text_3'],,,,,16,0,320,4,908.6166744000511,,,,,,,,908.6059560000431,908.6166744000511,908.6166744000511,908.6166744000511,0.002029599971137941,911.7687588999979,pastry,[np.float64(-0.13625)],[np.float64(-0.29875)],[1],[0],[0],[3.1617177999578416],['text_3'],Participant 01,001,2025-10-16_17h51.32.797,Word Priming Experiment,,2025.1.1,120.23349343055776,2025-10-16 17h51.46.329826 +0530,
,321,1,16,,,ta_l_,Table,new,table,[np.float64(-0.13625)],[np.float64(-0.29875)],[1],[0],[0],[2.898011799901724],['text_3'],,,,,16,1,321,15,911.7827335000038,,,,,,,,911.7707958000246,911.7827335000038,911.7827335000038,911.7827335000038,0.0019369000801816583,914.6703181000194,table,[np.float64(-0.13625)],[np.float64(-0.29875)],[1],[0],[0],[2.898011799901724],['text_3'],Participant 01,001,2025-10-16_17h51.32.797,Word Priming Experiment,,2025.1.1,120.23349343055776,2025-10-16 17h51.46.329826 +0530,
,322,2,16,,,K_y_,Keys,old,keys,[np.float64(-0.13625)],[np.float64(-0.29875)],[1],[0],[0],[3.0611856000032276],['text_3'],,,,,16,2,322,8,914.6831395000918,,,,,,,,914.6729995000642,914.6831395000918,914.6831395000918,914.6831395000918,0.002547799958847463,917.7351557000075,keys,[np.float64(-0.13625)],[np.float64(-0.29875)],[1],[0],[0],[3.0611856000032276],['text_3'],Participant 01,001,2025-10-16_17h51.32.797,Word Priming Experiment,,2025.1.1,120.23349343055776,2025-10-16 17h51.46.329826 +0530,
,323,3,16,,,_o_rd,Board,old,board,[np.float64(-0.13625)],[np.float64(-0.29875)],[1],[0],[0],[6.01574800000526],['text_3'],,,,,16,3,323,10,917.7505029999884,,,,,,,,917.736620400101,917.7505029999884,917.7505029999884,917.7505029999884,0.0013872000854462385,923.7542974000098,board,[np.float64(-0.13625)],[np.float64(-0.29875)],[1],[0],[0],[6.01574800000526],['text_3'],Participant 01,001,2025-10-16_17h51.32.797,Word Priming Experiment,,2025.1.1,120.23349343055776,2025-10-16 17h51.46.329826 +0530,
,324,4,16,,,p_nc_l,Pencil,new,pencil,[np.float64(-0.13625)],[np.float64(-0.29875)],[1],[0],[0],[3.776784099987708],['text_3'],,,,,16,4,324,16,923.7822255000938,,,,,,,,923.7577769000782,923.7822255000938,923.7822255000938,923.7822255000938,0.0032798999454826117,927.5357554000802,pencil,[np.float64(-0.13625)],[np.float64(-0.29875)],[1],[0],[0],[3.776784099987708],['text_3'],Participant 01,001,2025-10-16_17h51.32.797,Word Priming Experiment,,2025.1.1,120.23349343055776,2025-10-16 17h51.46.329826 +0530,
,325,5,16,,,l_pt_p,Laptop,old,laptop,[np.float64(-0.13625)],[np.float64(-0.29875)],[1],[0],[0],[3.5283714999677613],['text_3'],,,,,16,5,325,0,927.5488524000393,,,,,,,,927.5378944000695,927.5488524000393,927.5488524000393,927.5488524000393,0.002039099927060306,931.0671982000349,laptop,[np.float64(-0.13625)],[np.float64(-0.29875)],[1],[0],[0],[3.5283714999677613],['text_3'],Participant 01,001,2025-10-16_17h51.32.797,Word Priming Experiment,,2025.1.1,120.23349343055776,2025-10-16 17h51.46.329826 +0530,
,326,6,16,,,c_m_ra,Camera,new,camera,[np.float64(-0.13625)],[np.float64(-0.29875)],[1],[0],[0],[3.400527900084853],['text_3'],,,,,16,6,326,19,931.0826650999952,,,,,,,,931.0687334000831,931.0826650999952,931.0826650999952,931.0826650999952,0.0014550000196322799,934.4704074000474,camera,[np.float64(-0.13625)],[np.float64(-0.29875)],[1],[0],[0],[3.400527900084853],['text_3'],Participant 01,001,2025-10-16_17h51.32.797,Word Priming Experiment,,2025.1.1,120.23349343055776,2025-10-16 17h51.46.329826 +0530,
,327,7,16,,,c_s_io_,Cushion,new,cushion,[np.float64(-0.13625)],[np.float64(-0.29875)],[1],[0],[0],[3.4624359000008553],['text_3'],,,,,16,7,327,14,934.4837979000295,,,,,,,,934.4722037999891,934.4837979000295,934.4837979000295,934.4837979000295,0.0017117999959737062,937.9355464000255,cushion,[np.float64(-0.13625)],[np.float64(-0.29875)],[1],[0],[0],[3.4624359000008553],['text_3'],Participant 01,001,2025-10-16_17h51.32.797,Word Priming Experiment,,2025.1.1,120.23349343055776,2025-10-16 17h51.46.329826 +0530,
,328,8,16,,,v_s_,Vase,new,vase,[np.float64(-0.13625)],[np.float64(-0.29875)],[1],[0],[0],[4.746692799963057],['text_3'],,,,,16,8,328,17,937.9487003000686,,,,,,,,937.9371263000648,937.9487003000686,937.9487003000686,937.9487003000686,0.0015122999902814627,942.6850561000174,vase,[np.float64(-0.13625)],[np.float64(-0.29875)],[1],[0],[0],[4.746692799963057],['text_3'],Participant 01,001,2025-10-16_17h51.32.797,Word Priming Experiment,,2025.1.1,120.23349343055776,2025-10-16 17h51.46.329826 +0530,
,329,9,16,,,P_st_r,Poster,old,pastry,[np.float64(-0.13625)],[np.float64(-0.29875)],[1],[0],[0],[3.4323819000273943],['text_3'],,,,,16,9,329,9,942.6990104999859,,,,,,,,942.6870973000769,942.6990104999859,942.6990104999859,942.6990104999859,0.0019367000786587596,946.1211998000508,pastry,[np.float64(-0.13625)],[np.float64(-0.29875)],[1],[0],[0],[3.4323819000273943],['text_3'],Participant 01,001,2025-10-16_17h51.32.797,Word Priming Experiment,,2025.1.1,120.23349343055776,2025-10-16 17h51.46.329826 +0530,
,330,10,16,,,c_s_,Case,old,case,[np.float64(-0.13625)],[np.float64(-0.29875)],[1],[0],[0],[2.7098556000273675],['text_3'],,,,,16,10,330,5,946.1479594000848,,,,,,,,946.1244488999946,946.1479594000848,946.1479594000848,946.1479594000848,0.003078600042499602,948.8354745000834,case,[np.float64(-0.13625)],[np.float64(-0.29875)],[1],[0],[0],[2.7098556000273675],['text_3'],Participant 01,001,2025-10-16_17h51.32.797,Word Priming Experiment,,2025.1.1,120.23349343055776,2025-10-16 17h51.46.329826 +0530,
,331,11,16,,,bo_t_e,Bottle,new,bottle,[np.float64(-0.13625)],[np.float64(-0.29875)],[1],[0],[0],[6.145150700001977],['text_3'],,,,,16,11,331,18,948.8499369000783,,,,,,,,948.8374523000093,948.8499369000783,948.8499369000783,948.8499369000783,0.0018752999603748322,954.9835576000623,bottle,[np.float64(-0.13625)],[np.float64(-0.29875)],[1],[0],[0],[6.145150700001977],['text_3'],Participant 01,001,2025-10-16_17h51.32.797,Word Priming Experiment,,2025.1.1,120.23349343055776,2025-10-16 17h51.46.329826 +0530,
,332,12,16,,,P_li_e,Police,old,police,[np.float64(-0.13625)],[np.float64(-0.29875)],[1],[0],[0],[3.198638299945742],['text_3'],,,,,16,12,332,7,954.9989120000973,,,,,,,,954.9850533000426,954.9989120000973,954.9989120000973,954.9989120000973,0.0014188999775797129,958.1845771000953,police,[np.float64(-0.13625)],[np.float64(-0.29875)],[1],[0],[0],[3.198638299945742],['text_3'],Participant 01,001,2025-10-16_17h51.32.797,Word Priming Experiment,,2025.1.1,120.23349343055776,2025-10-16 17h51.46.329826 +0530,
,333,13,16,,,_ha_t,Chart,old,chart,[np.float64(-0.13625)],[np.float64(-0.29875)],[1],[0],[0],[3.3993364999769256],['text_3'],,,,,16,13,333,1,958.1991729000583,,,,,,,,958.1859482000582,958.1991729000583,958.1991729000583,958.1991729000583,0.0012987999944016337,961.5862250000937,chart,[np.float64(-0.13625)],[np.float64(-0.29875)],[1],[0],[0],[3.3993364999769256],['text_3'],Participant 01,001,2025-10-16_17h51.32.797,Word Priming Experiment,,2025.1.1,120.23349343055776,2025-10-16 17h51.46.329826 +0530,
,334,14,16,,,_ou_se,mouse,old,mouse,[np.float64(-0.13625)],[np.float64(-0.29875)],[1],[0],[0],[2.4966499999864027],['text_3'],,,,,16,14,334,3,961.6001973000821,,,,,,,,961.5878511000192,961.6001973000821,961.6001973000821,961.6001973000821,0.0015515000559389591,964.0854175999993,mouse,[np.float64(-0.13625)],[np.float64(-0.29875)],[1],[0],[0],[2.4966499999864027],['text_3'],Participant 01,001,2025-10-16_17h51.32.797,Word Priming Experiment,,2025.1.1,120.23349343055776,2025-10-16 17h51.46.329826 +0530,
,335,15,16,,,_a_bl_,Marble,old,table,[np.float64(-0.13625)],[np.float64(-0.29875)],[1],[0],[0],[3.4484657999128103],['text_3'],,,,,16,15,335,11,964.0987787999911,,,,,,,,964.0868642000714,964.0987787999911,964.0987787999911,964.0987787999911,0.0013722999719902873,967.5363804000663,table,[np.float64(-0.13625)],[np.float64(-0.29875)],[1],[0],[0],[3.4484657999128103],['text_3'],Participant 01,001,2025-10-16_17h51.32.797,Word Priming Experiment,,2025.1.1,120.23349343055776,2025-10-16 17h51.46.329826 +0530,
,336,16,16,,,_oo_,Book,old,book,[np.float64(-0.13625)],[np.float64(-0.29875)],[1],[0],[0],[2.4297247999347746],['text_3'],,,,,16,16,336,13,967.5491925000679,,,,,,,,967.5383395000827,967.5491925000679,967.5491925000679,967.5491925000679,0.0018735999474301934,969.9690080999862,book,[np.float64(-0.13625)],[np.float64(-0.29875)],[1],[0],[0],[2.4297247999347746],['text_3'],Participant 01,001,2025-10-16_17h51.32.797,Word Priming Experiment,,2025.1.1,120.23349343055776,2025-10-16 17h51.46.329826 +0530,
,337,17,16,,,T_hi_t,Tshirt,old,tshirt,[np.float64(-0.13625)],[np.float64(-0.29875)],[1],[0],[0],[3.0469660999951884],['text_3'],,,,,16,17,337,2,969.9826749000931,,,,,,,,969.9703674000921,969.9826749000931,969.9826749000931,969.9826749000931,0.0012923999456688762,973.0182338000741,tshirt,[np.float64(-0.13625)],[np.float64(-0.29875)],[1],[0],[0],[3.0469660999951884],['text_3'],Participant 01,001,2025-10-16_17h51.32.797,Word Priming Experiment,,2025.1.1,120.23349343055776,2025-10-16 17h51.46.329826 +0530,
,338,18,16,,,_ru_is_,Cruise,old,cruise,[np.float64(-0.13625)],[np.float64(-0.29875)],[1],[0],[0],[3.7628012999193743],['text_3'],,,,,16,18,338,6,973.0323722000467,,,,,,,,973.0199191001011,973.0323722000467,973.0323722000467,973.0323722000467,0.0016141999512910843,976.7836440000683,cruise,[np.float64(-0.13625)],[np.float64(-0.29875)],[1],[0],[0],[3.7628012999193743],['text_3'],Participant 01,001,2025-10-16_17h51.32.797,Word Priming Experiment,,2025.1.1,120.23349343055776,2025-10-16 17h51.46.329826 +0530,
,339,19,16,,,_ho_e,Phone,old,book,[np.float64(-0.13625)],[np.float64(-0.29875)],[1],[0],[0],[7.048357099993154],['text_3'],,,,,16,19,339,12,976.7989424000261,,,,,,,,976.7856446000515,976.7989424000261,976.7989424000261,976.7989424000261,0.0019233000930398703,983.8349334000377,book,[np.float64(-0.13625)],[np.float64(-0.29875)],[1],[0],[0],[7.048357099993154],['text_3'],Participant 01,001,2025-10-16_17h51.32.797,Word Priming Experiment,,2025.1.1,120.23349343055776,2025-10-16 17h51.46.329826 +0530,
,340,0,17,,,_ru_is_,Cruise,old,cruise,[np.float64(-0.13625)],[np.float64(-0.29875)],[1],[0],[0],[5.34800469991751],['text_3'],,,,,17,0,340,6,983.8487311000936,,,,,,,,983.8365159000969,983.8487311000936,983.8487311000936,983.8487311000936,0.0015024999156594276,989.1854965999955,cruise,[np.float64(-0.13625)],[np.float64(-0.29875)],[1],[0],[0],[5.34800469991751],['text_3'],Participant 01,001,2025-10-16_17h51.32.797,Word Priming Experiment,,2025.1.1,120.23349343055776,2025-10-16 17h51.46.329826 +0530,
,341,1,17,,,P_st_r,Poster,old,pastry,[np.float64(-0.13625)],[np.float64(-0.29875)],[1],[0],[0],[4.880105199990794],['text_3'],,,,,17,1,341,9,989.1994042000733,,,,,,,,989.1868330000434,989.1994042000733,989.1994042000733,989.1994042000733,0.001260999939404428,994.0677870000945,pastry,[np.float64(-0.13625)],[np.float64(-0.29875)],[1],[0],[0],[4.880105199990794],['text_3'],Participant 01,001,2025-10-16_17h51.32.797,Word Priming Experiment,,2025.1.1,120.23349343055776,2025-10-16 17h51.46.329826 +0530,
,342,2,17,,,_o_rd,Board,old,board,[np.float64(-0.13625)],[np.float64(-0.29875)],[1],[0],[0],[4.332176900003105],['text_3'],,,,,17,2,342,10,994.0825120999943,,,,,,,,994.0693726000609,994.0825120999943,994.0825120999943,994.0825120999943,0.0015164000215008855,998.4024730999954,board,[np.float64(-0.13625)],[np.float64(-0.29875)],[1],[0],[0],[4.332176900003105],['text_3'],Participant 01,001,2025-10-16_17h51.32.797,Word Priming Experiment,,2025.1.1,120.23349343055776,2025-10-16 17h51.46.329826 +0530,
,343,3,17,,,T_hi_t,Tshirt,old,tshirt,[np.float64(-0.13625)],[np.float64(-0.29875)],[1],[0],[0],[4.263824500027113],['text_3'],,,,,17,3,343,2,998.41652660002,,,,,,,,998.4041261000093,998.41652660002,998.41652660002,998.41652660002,0.0015665999380871654,1002.6689335000701,tshirt,[np.float64(-0.13625)],[np.float64(-0.29875)],[1],[0],[0],[4.263824500027113],['text_3'],Participant 01,001,2025-10-16_17h51.32.797,Word Priming Experiment,,2025.1.1,120.23349343055776,2025-10-16 17h51.46.329826 +0530,
,344,4,17,,,_oo_,Book,old,book,[np.float64(-0.13625)],[np.float64(-0.29875)],[1],[0],[0],[2.865483699948527],['text_3'],,,,,17,4,344,13,1002.6819734000601,,,,,,,,1002.670308800065,1002.6819734000601,1002.6819734000601,1002.6819734000601,0.0013007000088691711,1005.5367540000007,book,[np.float64(-0.13625)],[np.float64(-0.29875)],[1],[0],[0],[2.865483699948527],['text_3'],Participant 01,001,2025-10-16_17h51.32.797,Word Priming Experiment,,2025.1.1,120.23349343055776,2025-10-16 17h51.46.329826 +0530,
,345,5,17,,,ta_l_,Table,new,table,[np.float64(-0.13625)],[np.float64(-0.29875)],[1],[0],[0],[3.128413000027649],['text_3'],,,,,17,5,345,15,1005.5499166999944,,,,,,,,1005.5381302000023,1005.5499166999944,1005.5499166999944,1005.5499166999944,0.00130209990311414,1008.6674240999855,table,[np.float64(-0.13625)],[np.float64(-0.29875)],[1],[0],[0],[3.128413000027649],['text_3'],Participant 01,001,2025-10-16_17h51.32.797,Word Priming Experiment,,2025.1.1,120.23349343055776,2025-10-16 17h51.46.329826 +0530,
,346,6,17,,,v_s_,Vase,new,vase,[np.float64(-0.13625)],[np.float64(-0.29875)],[1],[0],[0],[2.9655490999575704],['text_3'],,,,,17,6,346,17,1008.681782700005,,,,,,,,1008.6687471000478,1008.681782700005,1008.681782700005,1008.681782700005,0.001254500006325543,1011.6352272999939,vase,[np.float64(-0.13625)],[np.float64(-0.29875)],[1],[0],[0],[2.9655490999575704],['text_3'],Participant 01,001,2025-10-16_17h51.32.797,Word Priming Experiment,,2025.1.1,120.23349343055776,2025-10-16 17h51.46.329826 +0530,
,347,7,17,,,l_pt_p,Laptop,old,laptoplaptop,[np.float64(-0.13625)],[np.float64(-0.29875)],[1],[0],[0],[8.48007749998942],['text_3'],,,,,17,7,347,0,1011.6504187000683,,,,,,,,1011.6368327999953,1011.6504187000683,1011.6504187000683,1011.6504187000683,0.0015310999006032944,1020.1178288999945,laptoplaptop,[np.float64(-0.13625)],[np.float64(-0.29875)],[1],[0],[0],[8.48007749998942],['text_3'],Participant 01,001,2025-10-16_17h51.32.797,Word Priming Experiment,,2025.1.1,120.23349343055776,2025-10-16 17h51.46.329826 +0530,
,348,8,17,,,c_s_io_,Cushion,new,cushion,[np.float64(-0.13625)],[np.float64(-0.29875)],[1],[0],[0],[3.116391299990937],['text_3'],,,,,17,8,348,14,1020.1325282000471,,,,,,,,1020.1193171000341,1020.1325282000471,1020.1325282000471,1020.1325282000471,0.0014158999547362328,1023.2369177000364,cushion,[np.float64(-0.13625)],[np.float64(-0.29875)],[1],[0],[0],[3.116391299990937],['text_3'],Participant 01,001,2025-10-16_17h51.32.797,Word Priming Experiment,,2025.1.1,120.23349343055776,2025-10-16 17h51.46.329826 +0530,
,349,9,17,,,_ha_t,Chart,old,chart,[np.float64(-0.13625)],[np.float64(-0.29875)],[1],[0],[0],[3.911863699904643],['text_3'],,,,,17,9,349,1,1023.2495642000576,,,,,,,,1023.2386260000058,1023.2495642000576,1023.2495642000576,1023.2495642000576,0.001617699977941811,1027.1514378000284,chart,[np.float64(-0.13625)],[np.float64(-0.29875)],[1],[0],[0],[3.911863699904643],['text_3'],Participant 01,001,2025-10-16_17h51.32.797,Word Priming Experiment,,2025.1.1,120.23349343055776,2025-10-16 17h51.46.329826 +0530,
,350,10,17,,,c_m_ra,Camera,new,camera,[np.float64(-0.13625)],[np.float64(-0.29875)],[1],[0],[0],[2.9973974999738857],['text_3'],,,,,17,10,350,19,1027.1655853000702,,,,,,,,1027.1529860000592,1027.1655853000702,1027.1655853000702,1027.1655853000702,0.0014711000258103013,1030.1512988000177,camera,[np.float64(-0.13625)],[np.float64(-0.29875)],[1],[0],[0],[2.9973974999738857],['text_3'],Participant 01,001,2025-10-16_17h51.32.797,Word Priming Experiment,,2025.1.1,120.23349343055776,2025-10-16 17h51.46.329826 +0530,
,351,11,17,,,_ho_e,Phone,old,phone,[np.float64(-0.13625)],[np.float64(-0.29875)],[1],[0],[0],[8.480990399955772],['text_3'],,,,,17,11,351,12,1030.1807700000936,,,,,,,,1030.1533126999857,1030.1807700000936,1030.1807700000936,1030.1807700000936,0.0019819000735878944,1038.635531600099,phone,[np.float64(-0.13625)],[np.float64(-0.29875)],[1],[0],[0],[8.480990399955772],['text_3'],Participant 01,001,2025-10-16_17h51.32.797,Word Priming Experiment,,2025.1.1,120.23349343055776,2025-10-16 17h51.46.329826 +0530,
,352,12,17,,,bo_t_e,Bottle,new,bottle,[np.float64(-0.13625)],[np.float64(-0.29875)],[1],[0],[0],[3.1141625999007374],['text_3'],,,,,17,12,352,18,1038.6484644000884,,,,,,,,1038.6371380999917,1038.6484644000884,1038.6484644000884,1038.6484644000884,0.0015355999348685145,1041.7525411000242,bottle,[np.float64(-0.13625)],[np.float64(-0.29875)],[1],[0],[0],[3.1141625999007374],['text_3'],Participant 01,001,2025-10-16_17h51.32.797,Word Priming Experiment,,2025.1.1,120.23349343055776,2025-10-16 17h51.46.329826 +0530,
,353,13,17,,,K_y_,Keys,old,keys,[np.float64(-0.13625)],[np.float64(-0.29875)],[1],[0],[0],[2.3121904000872746],['text_3'],,,,,17,13,353,8,1041.7646645000204,,,,,,,,1041.7541308000218,1041.7646645000204,1041.7646645000204,1041.7646645000204,0.0015079000731930137,1044.0672731000232,keys,[np.float64(-0.13625)],[np.float64(-0.29875)],[1],[0],[0],[2.3121904000872746],['text_3'],Participant 01,001,2025-10-16_17h51.32.797,Word Priming Experiment,,2025.1.1,120.23349343055776,2025-10-16 17h51.46.329826 +0530,
,354,14,17,,,c_s_,Case,old,case,[np.float64(-0.13625)],[np.float64(-0.29875)],[1],[0],[0],[2.731500699999742],['text_3'],,,,,17,14,354,5,1044.0817748000845,,,,,,,,1044.068786000018,1044.0817748000845,1044.0817748000845,1044.0817748000845,0.0014440000522881746,1046.8012195000192,case,[np.float64(-0.13625)],[np.float64(-0.29875)],[1],[0],[0],[2.731500699999742],['text_3'],Participant 01,001,2025-10-16_17h51.32.797,Word Priming Experiment,,2025.1.1,120.23349343055776,2025-10-16 17h51.46.329826 +0530,
,355,15,17,,,P_li_e,Police,old,police,[np.float64(-0.13625)],[np.float64(-0.29875)],[1],[0],[0],[3.1528308999259025],['text_3'],,,,,17,15,355,7,1046.8152718000347,,,,,,,,1046.8028683000011,1046.8152718000347,1046.8152718000347,1046.8152718000347,0.0015817000530660152,1049.9572200000985,police,[np.float64(-0.13625)],[np.float64(-0.29875)],[1],[0],[0],[3.1528308999259025],['text_3'],Participant 01,001,2025-10-16_17h51.32.797,Word Priming Experiment,,2025.1.1,120.23349343055776,2025-10-16 17h51.46.329826 +0530,
,356,16,17,,,p_nc_l,Pencil,new,pencil,[np.float64(-0.13625)],[np.float64(-0.29875)],[1],[0],[0],[7.3899581000441685],['text_3'],,,,,17,16,356,16,1049.9813114000717,,,,,,,,1049.9598423000425,1049.9813114000717,1049.9813114000717,1049.9813114000717,0.0024811000330373645,1057.3507607000647,pencil,[np.float64(-0.13625)],[np.float64(-0.29875)],[1],[0],[0],[7.3899581000441685],['text_3'],Participant 01,001,2025-10-16_17h51.32.797,Word Priming Experiment,,2025.1.1,120.23349343055776,2025-10-16 17h51.46.329826 +0530,
,357,17,17,,,_a_bl_,Marble,old,tablr,[np.float64(-0.13625)],[np.float64(-0.29875)],[1],[0],[0],[5.714288599905558],['text_3'],,,,,17,17,357,11,1057.365145000047,,,,,,,,1057.3522321000928,1057.365145000047,1057.365145000047,1057.365145000047,0.0013951000291854143,1063.0674770000624,tablr,[np.float64(-0.13625)],[np.float64(-0.29875)],[1],[0],[0],[5.714288599905558],['text_3'],Participant 01,001,2025-10-16_17h51.32.797,Word Priming Experiment,,2025.1.1,120.23349343055776,2025-10-16 17h51.46.329826 +0530,
,358,18,17,,,P_as_tr_,Pastry,old,pastry,[np.float64(-0.13625)],[np.float64(-0.29875)],[1],[0],[0],[3.362623699940741],['text_3'],,,,,17,18,358,4,1063.0817110000644,,,,,,,,1063.0690964000532,1063.0817110000644,1063.0817110000644,1063.0817110000644,0.0015438999980688095,1066.4327341000317,pastry,[np.float64(-0.13625)],[np.float64(-0.29875)],[1],[0],[0],[3.362623699940741],['text_3'],Participant 01,001,2025-10-16_17h51.32.797,Word Priming Experiment,,2025.1.1,120.23349343055776,2025-10-16 17h51.46.329826 +0530,
,359,19,17,,,_ou_se,mouse,old,mouse,[np.float64(-0.13625)],[np.float64(-0.29875)],[1],[0],[0],[2.799111200030893],['text_3'],,,,,17,19,359,3,1066.4481498000678,,,,,,,,1066.4342409000965,1066.4481498000678,1066.4481498000678,1066.4481498000678,0.00143440009560436,1069.2343098000856,mouse,[np.float64(-0.13625)],[np.float64(-0.29875)],[1],[0],[0],[2.799111200030893],['text_3'],Participant 01,001,2025-10-16_17h51.32.797,Word Priming Experiment,,2025.1.1,120.23349343055776,2025-10-16 17h51.46.329826 +0530,
,360,0,18,,,bo_t_e,Bottle,new,bottle,[np.float64(-0.13625)],[np.float64(-0.29875)],[1],[0],[0],[3.0463107000105083],['text_3'],,,,,18,0,360,18,1069.248600400053,,,,,,,,1069.2359317000955,1069.248600400053,1069.248600400053,1069.248600400053,0.0015444000018760562,1072.283253600006,bottle,[np.float64(-0.13625)],[np.float64(-0.29875)],[1],[0],[0],[3.0463107000105083],['text_3'],Participant 01,001,2025-10-16_17h51.32.797,Word Priming Experiment,,2025.1.1,120.23349343055776,2025-10-16 17h51.46.329826 +0530,
,361,1,18,,,_oo_,Book,old,book,[np.float64(-0.13625)],[np.float64(-0.29875)],[1],[0],[0],[2.8491430999711156],['text_3'],,,,,18,1,361,13,1072.298219999997,,,,,,,,1072.2846066000639,1072.298219999997,1072.298219999997,1072.298219999997,0.0012728000292554498,1075.1348043000326,book,[np.float64(-0.13625)],[np.float64(-0.29875)],[1],[0],[0],[2.8491430999711156],['text_3'],Participant 01,001,2025-10-16_17h51.32.797,Word Priming Experiment,,2025.1.1,120.23349343055776,2025-10-16 17h51.46.329826 +0530,
,362,2,18,,,P_st_r,Poster,old,pastry,[np.float64(-0.13625)],[np.float64(-0.29875)],[1],[0],[0],[3.013982499949634],['text_3'],,,,,18,2,362,9,1075.1496389000677,,,,,,,,1075.1363685000688,1075.1496389000677,1075.1496389000677,1075.1496389000677,0.0014906000578776002,1078.151391900028,pastry,[np.float64(-0.13625)],[np.float64(-0.29875)],[1],[0],[0],[3.013982499949634],['text_3'],Participant 01,001,2025-10-16_17h51.32.797,Word Priming Experiment,,2025.1.1,120.23349343055776,2025-10-16 17h51.46.329826 +0530,
,363,3,18,,,p_nc_l,Pencil,new,pencil,[np.float64(-0.13625)],[np.float64(-0.29875)],[1],[0],[0],[3.480749199981801],['text_3'],,,,,18,3,363,16,1078.1651520000305,,,,,,,,1078.1530081999954,1078.1651520000305,1078.1651520000305,1078.1651520000305,0.00154079997446388,1081.63483980007,pencil,[np.float64(-0.13625)],[np.float64(-0.29875)],[1],[0],[0],[3.480749199981801],['text_3'],Participant 01,001,2025-10-16_17h51.32.797,Word Priming Experiment,,2025.1.1,120.23349343055776,2025-10-16 17h51.46.329826 +0530,
,364,4,18,,,P_li_e,Police,old,police,[np.float64(-0.13625)],[np.float64(-0.29875)],[1],[0],[0],[3.1785367000848055],['text_3'],,,,,18,4,364,7,1081.6641192000825,,,,,,,,1081.6383973000338,1081.6641192000825,1081.6641192000825,1081.6641192000825,0.0034944000653922558,1084.8179869999876,police,[np.float64(-0.13625)],[np.float64(-0.29875)],[1],[0],[0],[3.1785367000848055],['text_3'],Participant 01,001,2025-10-16_17h51.32.797,Word Priming Experiment,,2025.1.1,120.23349343055776,2025-10-16 17h51.46.329826 +0530,
,365,5,18,,,_ou_se,mouse,old,mouse,[np.float64(-0.13625)],[np.float64(-0.29875)],[1],[0],[0],[2.880454699974507],['text_3'],,,,,18,5,365,3,1084.8320894000353,,,,,,,,1084.8194468000438,1084.8320894000353,1084.8320894000353,1084.8320894000353,0.0013696999521926045,1087.7008885000832,mouse,[np.float64(-0.13625)],[np.float64(-0.29875)],[1],[0],[0],[2.880454699974507],['text_3'],Participant 01,001,2025-10-16_17h51.32.797,Word Priming Experiment,,2025.1.1,120.23349343055776,2025-10-16 17h51.46.329826 +0530,
,366,6,18,,,T_hi_t,Tshirt,old,tshirt,[np.float64(-0.13625)],[np.float64(-0.29875)],[1],[0],[0],[3.064097600057721],['text_3'],,,,,18,6,366,2,1087.7145865000784,,,,,,,,1087.702571000089,1087.7145865000784,1087.7145865000784,1087.7145865000784,0.0016013000858947635,1090.767725600046,tshirt,[np.float64(-0.13625)],[np.float64(-0.29875)],[1],[0],[0],[3.064097600057721],['text_3'],Participant 01,001,2025-10-16_17h51.32.797,Word Priming Experiment,,2025.1.1,120.23349343055776,2025-10-16 17h51.46.329826 +0530,
,367,7,18,,,_ho_e,Phone,old,phone,[np.float64(-0.13625)],[np.float64(-0.29875)],[1],[0],[0],[3.9795518999453634],['text_3'],,,,,18,7,367,12,1090.7819939000765,,,,,,,,1090.7693124000216,1090.7819939000765,1090.7819939000765,1090.7819939000765,0.0015074999537318945,1094.7499298000475,phone,[np.float64(-0.13625)],[np.float64(-0.29875)],[1],[0],[0],[3.9795518999453634],['text_3'],Participant 01,001,2025-10-16_17h51.32.797,Word Priming Experiment,,2025.1.1,120.23349343055776,2025-10-16 17h51.46.329826 +0530,
,368,8,18,,,ta_l_,Table,new,table,[np.float64(-0.13625)],[np.float64(-0.29875)],[1],[0],[0],[3.299051799927838],['text_3'],,,,,18,8,368,15,1094.765468500089,,,,,,,,1094.7515994000714,1094.765468500089,1094.765468500089,1094.765468500089,0.0015994999557733536,1098.0528308000648,table,[np.float64(-0.13625)],[np.float64(-0.29875)],[1],[0],[0],[3.299051799927838],['text_3'],Participant 01,001,2025-10-16_17h51.32.797,Word Priming Experiment,,2025.1.1,120.23349343055776,2025-10-16 17h51.46.329826 +0530,
,369,9,18,,,v_s_,Vase,new,vase,[np.float64(-0.13625)],[np.float64(-0.29875)],[1],[0],[0],[2.992682099924423],['text_3'],,,,,18,9,369,17,1098.0804654000094,,,,,,,,1098.0561816000845,1098.0804654000094,1098.0804654000094,1098.0804654000094,0.0031759999692440033,1101.0500317000551,vase,[np.float64(-0.13625)],[np.float64(-0.29875)],[1],[0],[0],[2.992682099924423],['text_3'],Participant 01,001,2025-10-16_17h51.32.797,Word Priming Experiment,,2025.1.1,120.23349343055776,2025-10-16 17h51.46.329826 +0530,
,370,10,18,,,c_s_,Case,old,case,[np.float64(-0.13625)],[np.float64(-0.29875)],[1],[0],[0],[2.4967697000829503],['text_3'],,,,,18,10,370,5,1101.0643969000084,,,,,,,,1101.0521758000832,1101.0643969000084,1101.0643969000084,1101.0643969000084,0.002057699952274561,1103.550030100043,case,[np.float64(-0.13625)],[np.float64(-0.29875)],[1],[0],[0],[2.4967697000829503],['text_3'],Participant 01,001,2025-10-16_17h51.32.797,Word Priming Experiment,,2025.1.1,120.23349343055776,2025-10-16 17h51.46.329826 +0530,
,371,11,18,,,K_y_,Keys,old,keys,[np.float64(-0.13625)],[np.float64(-0.29875)],[1],[0],[0],[3.064395699999295],['text_3'],,,,,18,11,371,8,1103.564051100053,,,,,,,,1103.5514749001013,1103.564051100053,1103.564051100053,1103.564051100053,0.0013652000343427062,1106.6169369000709,keys,[np.float64(-0.13625)],[np.float64(-0.29875)],[1],[0],[0],[3.064395699999295],['text_3'],Participant 01,001,2025-10-16_17h51.32.797,Word Priming Experiment,,2025.1.1,120.23349343055776,2025-10-16 17h51.46.329826 +0530,
,372,12,18,,,l_pt_p,Laptop,old,laptop,[np.float64(-0.13625)],[np.float64(-0.29875)],[1],[0],[0],[3.9131939000217244],['text_3'],,,,,18,12,372,0,1106.6305840000277,,,,,,,,1106.6190093000187,1106.6305840000277,1106.6305840000277,1106.6305840000277,0.0019934000447392464,1110.5335553000914,laptop,[np.float64(-0.13625)],[np.float64(-0.29875)],[1],[0],[0],[3.9131939000217244],['text_3'],Participant 01,001,2025-10-16_17h51.32.797,Word Priming Experiment,,2025.1.1,120.23349343055776,2025-10-16 17h51.46.329826 +0530,
,373,13,18,,,_o_rd,Board,old,board,[np.float64(-0.13625)],[np.float64(-0.29875)],[1],[0],[0],[4.146914800046943],['text_3'],,,,,18,13,373,10,1110.547239500098,,,,,,,,1110.5354918000521,1110.547239500098,1110.547239500098,1110.547239500098,0.0018294999608770013,1114.683769700001,board,[np.float64(-0.13625)],[np.float64(-0.29875)],[1],[0],[0],[4.146914800046943],['text_3'],Participant 01,001,2025-10-16_17h51.32.797,Word Priming Experiment,,2025.1.1,120.23349343055776,2025-10-16 17h51.46.329826 +0530,
,374,14,18,,,P_as_tr_,Pastry,old,pastry,[np.float64(-0.13625)],[np.float64(-0.29875)],[1],[0],[0],[4.12975250009913],['text_3'],,,,,18,14,374,4,1114.6971093000611,,,,,,,,1114.686058600084,1114.6971093000611,1114.6971093000611,1114.6971093000611,0.0021874000085517764,1118.8168925000355,pastry,[np.float64(-0.13625)],[np.float64(-0.29875)],[1],[0],[0],[4.12975250009913],['text_3'],Participant 01,001,2025-10-16_17h51.32.797,Word Priming Experiment,,2025.1.1,120.23349343055776,2025-10-16 17h51.46.329826 +0530,
,375,15,18,,,c_m_ra,Camera,new,camera,[np.float64(-0.13625)],[np.float64(-0.29875)],[1],[0],[0],[3.012257800088264],['text_3'],,,,,18,15,375,19,1118.8305404999992,,,,,,,,1118.818689100095,1118.8305404999992,1118.8305404999992,1118.8305404999992,0.0017207999480888247,1121.8320082999999,camera,[np.float64(-0.13625)],[np.float64(-0.29875)],[1],[0],[0],[3.012257800088264],['text_3'],Participant 01,001,2025-10-16_17h51.32.797,Word Priming Experiment,,2025.1.1,120.23349343055776,2025-10-16 17h51.46.329826 +0530,
,376,16,18,,,c_s_io_,Cushion,new,cushion,[np.float64(-0.13625)],[np.float64(-0.29875)],[1],[0],[0],[3.148572999984026],['text_3'],,,,,18,16,376,14,1121.847748100059,,,,,,,,1121.8335743000498,1121.847748100059,1121.847748100059,1121.847748100059,0.0014958999818190932,1124.983498500078,cushion,[np.float64(-0.13625)],[np.float64(-0.29875)],[1],[0],[0],[3.148572999984026],['text_3'],Participant 01,001,2025-10-16_17h51.32.797,Word Priming Experiment,,2025.1.1,120.23349343055776,2025-10-16 17h51.46.329826 +0530,
,377,17,18,,,_ha_t,Chart,old,chart,[np.float64(-0.13625)],[np.float64(-0.29875)],[1],[0],[0],[3.7113976000109687],['text_3'],,,,,18,17,377,1,1124.9970763000892,,,,,,,,1124.9856639000354,1124.9970763000892,1124.9970763000892,1124.9970763000892,0.0020665000192821026,1128.6981523000868,chart,[np.float64(-0.13625)],[np.float64(-0.29875)],[1],[0],[0],[3.7113976000109687],['text_3'],Participant 01,001,2025-10-16_17h51.32.797,Word Priming Experiment,,2025.1.1,120.23349343055776,2025-10-16 17h51.46.329826 +0530,
,378,18,18,,,_a_bl_,Marble,old,table,[np.float64(-0.13625)],[np.float64(-0.29875)],[1],[0],[0],[3.0005253000417724],['text_3'],,,,,18,18,378,11,1128.714241300011,,,,,,,,1128.699784800061,1128.714241300011,1128.714241300011,1128.714241300011,0.0015614000149071217,1131.7016770000337,table,[np.float64(-0.13625)],[np.float64(-0.29875)],[1],[0],[0],[3.0005253000417724],['text_3'],Participant 01,001,2025-10-16_17h51.32.797,Word Priming Experiment,,2025.1.1,120.23349343055776,2025-10-16 17h51.46.329826 +0530,
,379,19,18,,,_ru_is_,Cruise,old,cruise,[np.float64(-0.13625)],[np.float64(-0.29875)],[1],[0],[0],[3.327749300049618],['text_3'],,,,,18,19,379,6,1131.7150284000672,,,,,,,,1131.7037400000263,1131.7150284000672,1131.7150284000672,1131.7150284000672,0.001975800027139485,1135.0328070000978,cruise,[np.float64(-0.13625)],[np.float64(-0.29875)],[1],[0],[0],[3.327749300049618],['text_3'],Participant 01,001,2025-10-16_17h51.32.797,Word Priming Experiment,,2025.1.1,120.23349343055776,2025-10-16 17h51.46.329826 +0530,
,380,0,19,,,c_s_,Case,old,case,[np.float64(-0.13625)],[np.float64(-0.29875)],[1],[0],[0],[2.581464899936691],['text_3'],,,,,19,0,380,5,1135.0470555000938,,,,,,,,1135.034742500051,1135.0470555000938,1135.0470555000938,1135.0470555000938,0.0018480999860912561,1137.617345100036,case,[np.float64(-0.13625)],[np.float64(-0.29875)],[1],[0],[0],[2.581464899936691],['text_3'],Participant 01,001,2025-10-16_17h51.32.797,Word Priming Experiment,,2025.1.1,120.23349343055776,2025-10-16 17h51.46.329826 +0530,
,381,1,19,,,_o_rd,Board,old,board,[np.float64(-0.13625)],[np.float64(-0.29875)],[1],[0],[0],[3.4804661000380293],['text_3'],,,,,19,1,381,10,1137.6303958999924,,,,,,,,1137.618754300056,1137.6303958999924,1137.6303958999924,1137.6303958999924,0.0013354000402614474,1141.1008559000911,board,[np.float64(-0.13625)],[np.float64(-0.29875)],[1],[0],[0],[3.4804661000380293],['text_3'],Participant 01,001,2025-10-16_17h51.32.797,Word Priming Experiment,,2025.1.1,120.23349343055776,2025-10-16 17h51.46.329826 +0530,
,382,2,19,,,ta_l_,Table,new,table,[np.float64(-0.13625)],[np.float64(-0.29875)],[1],[0],[0],[3.6452099999878556],['text_3'],,,,,19,2,382,15,1141.1136254000012,,,,,,,,1141.1034378000768,1141.1136254000012,1141.1136254000012,1141.1136254000012,0.002462900010868907,1144.7499887000304,table,[np.float64(-0.13625)],[np.float64(-0.29875)],[1],[0],[0],[3.6452099999878556],['text_3'],Participant 01,001,2025-10-16_17h51.32.797,Word Priming Experiment,,2025.1.1,120.23349343055776,2025-10-16 17h51.46.329826 +0530,
,383,3,19,,,v_s_,Vase,new,vase,[np.float64(-0.13625)],[np.float64(-0.29875)],[1],[0],[0],[3.1788987000472844],['text_3'],,,,,19,3,383,17,1144.763523700065,,,,,,,,1144.7519414999988,1144.763523700065,1144.763523700065,1144.763523700065,0.0018587000668048859,1147.932269699988,vase,[np.float64(-0.13625)],[np.float64(-0.29875)],[1],[0],[0],[3.1788987000472844],['text_3'],Participant 01,001,2025-10-16_17h51.32.797,Word Priming Experiment,,2025.1.1,120.23349343055776,2025-10-16 17h51.46.329826 +0530,
,384,4,19,,,bo_t_e,Bottle,new,,[np.float64(-0.13625)],[np.float64(-0.29875)],[1],[0],[0],[0.4479730000020936],['text_3'],,,,,19,4,384,18,1147.9466496000532,,,,,,,,1147.9346073000925,1147.9466496000532,1147.9466496000532,1147.9466496000532,0.002231599995866418,1148.3845453000395,,[np.float64(-0.13625)],[np.float64(-0.29875)],[1],[0],[0],[0.4479730000020936],['text_3'],Participant 01,001,2025-10-16_17h51.32.797,Word Priming Experiment,,2025.1.1,120.23349343055776,2025-10-16 17h51.46.329826 +0530,
,385,5,19,,,c_m_ra,Camera,new,camera,[np.float64(-0.13625)],[np.float64(-0.29875)],[1],[0],[0],[4.778138099936768],['text_3'],,,,,19,5,385,19,1148.4128430000274,,,,,,,,1148.3880754000274,1148.4128430000274,1148.4128430000274,1148.4128430000274,0.0032845999812707305,1153.167964000022,camera,[np.float64(-0.13625)],[np.float64(-0.29875)],[1],[0],[0],[4.778138099936768],['text_3'],Participant 01,001,2025-10-16_17h51.32.797,Word Priming Experiment,,2025.1.1,120.23349343055776,2025-10-16 17h51.46.329826 +0530,
,386,6,19,,,l_pt_p,Laptop,old,latop,[np.float64(-0.13625)],[np.float64(-0.29875)],[1],[0],[0],[4.843590600066818],['text_3'],,,,,19,6,386,0,1153.180145499995,,,,,,,,1153.1709097001003,1153.180145499995,1153.180145499995,1153.180145499995,0.002808899967931211,1158.0157754000975,latop,[np.float64(-0.13625)],[np.float64(-0.29875)],[1],[0],[0],[4.843590600066818],['text_3'],Participant 01,001,2025-10-16_17h51.32.797,Word Priming Experiment,,2025.1.1,120.23349343055776,2025-10-16 17h51.46.329826 +0530,
,387,7,19,,,P_st_r,Poster,old,pastry,[np.float64(-0.13625)],[np.float64(-0.29875)],[1],[0],[0],[3.9463749999413267],['text_3'],,,,,19,7,387,9,1158.030369300046,,,,,,,,1158.0175508999964,1158.030369300046,1158.030369300046,1158.030369300046,0.001688400050625205,1161.9650267000543,pastry,[np.float64(-0.13625)],[np.float64(-0.29875)],[1],[0],[0],[3.9463749999413267],['text_3'],Participant 01,001,2025-10-16_17h51.32.797,Word Priming Experiment,,2025.1.1,120.23349343055776,2025-10-16 17h51.46.329826 +0530,
,388,8,19,,,_ru_is_,Cruise,old,cruise,[np.float64(-0.13625)],[np.float64(-0.29875)],[1],[0],[0],[3.8303765999153256],['text_3'],,,,,19,8,388,6,1161.9798898000736,,,,,,,,1161.9668398000067,1161.9798898000736,1161.9798898000736,1161.9798898000736,0.001741599990054965,1165.798332800041,cruise,[np.float64(-0.13625)],[np.float64(-0.29875)],[1],[0],[0],[3.8303765999153256],['text_3'],Participant 01,001,2025-10-16_17h51.32.797,Word Priming Experiment,,2025.1.1,120.23349343055776,2025-10-16 17h51.46.329826 +0530,
,389,9,19,,,T_hi_t,Tshirt,old,tshirt,[np.float64(-0.13625)],[np.float64(-0.29875)],[1],[0],[0],[4.200132200028747],['text_3'],,,,,19,9,389,2,1165.8131220000796,,,,,,,,1165.7997648000019,1165.8131220000796,1165.8131220000796,1165.8131220000796,0.0013590999878942966,1170.0023861000082,tshirt,[np.float64(-0.13625)],[np.float64(-0.29875)],[1],[0],[0],[4.200132200028747],['text_3'],Participant 01,001,2025-10-16_17h51.32.797,Word Priming Experiment,,2025.1.1,120.23349343055776,2025-10-16 17h51.46.329826 +0530,
,390,10,19,,,P_li_e,Police,old,,[np.float64(-0.13625)],[np.float64(-0.29875)],[1],[0],[0],[0.6261966000311077],['text_3'],,,,,19,10,390,7,1170.0151872000424,,,,,,,,1170.0055817000102,1170.0151872000424,1170.0151872000424,1170.0151872000424,0.0029766999650746584,1170.6332567000063,,[np.float64(-0.13625)],[np.float64(-0.29875)],[1],[0],[0],[0.6261966000311077],['text_3'],Participant 01,001,2025-10-16_17h51.32.797,Word Priming Experiment,,2025.1.1,120.23349343055776,2025-10-16 17h51.46.329826 +0530,
,391,11,19,,,p_nc_l,Pencil,new,,[np.float64(-0.13625)],[np.float64(-0.29875)],[1],[0],[0],[0.44445049995556474],['text_3'],,,,,19,11,391,16,1170.6466374000302,,,,,,,,1170.6356880000094,1170.6466374000302,1170.6466374000302,1170.6466374000302,0.0023311000550165772,1171.0813355999999,,[np.float64(-0.13625)],[np.float64(-0.29875)],[1],[0],[0],[0.44445049995556474],['text_3'],Participant 01,001,2025-10-16_17h51.32.797,Word Priming Experiment,,2025.1.1,120.23349343055776,2025-10-16 17h51.46.329826 +0530,
,392,12,19,,,_oo_,Book,old,,[np.float64(-0.13625)],[np.float64(-0.29875)],[1],[0],[0],[0.24793280009180307],['text_3'],,,,,19,12,392,13,1171.0966260000132,,,,,,,,1171.0829229000956,1171.0966260000132,1171.0966260000132,1171.0966260000132,0.0015122999902814627,1171.3329768000403,,[np.float64(-0.13625)],[np.float64(-0.29875)],[1],[0],[0],[0.24793280009180307],['text_3'],Participant 01,001,2025-10-16_17h51.32.797,Word Priming Experiment,,2025.1.1,120.23349343055776,2025-10-16 17h51.46.329826 +0530,
,393,13,19,,,K_y_,Keys,old,,[np.float64(-0.13625)],[np.float64(-0.29875)],[1],[0],[0],[0.14581569994334131],['text_3'],,,,,19,13,393,8,1171.3627545000054,,,,,,,,1171.3360198000446,1171.3627545000054,1171.3627545000054,1171.3627545000054,0.0028451000107452273,1171.4831380000105,,[np.float64(-0.13625)],[np.float64(-0.29875)],[1],[0],[0],[0.14581569994334131],['text_3'],Participant 01,001,2025-10-16_17h51.32.797,Word Priming Experiment,,2025.1.1,120.23349343055776,2025-10-16 17h51.46.329826 +0530,
,394,14,19,,,_a_bl_,Marble,old,,[np.float64(-0.13625)],[np.float64(-0.29875)],[1],[0],[0],[0.2137858000351116],['text_3'],,,,,19,14,394,11,1171.4970182999969,,,,,,,,1171.4849523000885,1171.4970182999969,1171.4970182999969,1171.4970182999969,0.0017306000227108598,1171.7000866000308,,[np.float64(-0.13625)],[np.float64(-0.29875)],[1],[0],[0],[0.2137858000351116],['text_3'],Participant 01,001,2025-10-16_17h51.32.797,Word Priming Experiment,,2025.1.1,120.23349343055776,2025-10-16 17h51.46.329826 +0530,
,395,15,19,,,_ou_se,mouse,old,,[np.float64(-0.13625)],[np.float64(-0.29875)],[1],[0],[0],[0.17975280003156513],['text_3'],,,,,19,15,395,3,1171.713339000009,,,,,,,,1171.7023477000184,1171.713339000009,1171.713339000009,1171.713339000009,0.002168699982576072,1171.8835019000107,,[np.float64(-0.13625)],[np.float64(-0.29875)],[1],[0],[0],[0.17975280003156513],['text_3'],Participant 01,001,2025-10-16_17h51.32.797,Word Priming Experiment,,2025.1.1,120.23349343055776,2025-10-16 17h51.46.329826 +0530,
,396,16,19,,,P_as_tr_,Pastry,old,,[np.float64(-0.13625)],[np.float64(-0.29875)],[1],[0],[0],[0.17925649997778237],['text_3'],,,,,19,16,396,4,1171.8965047000675,,,,,,,,1171.8857109000674,1171.8965047000675,1171.8965047000675,1171.8965047000675,0.0020843000384047627,1172.0664697000757,,[np.float64(-0.13625)],[np.float64(-0.29875)],[1],[0],[0],[0.17925649997778237],['text_3'],Participant 01,001,2025-10-16_17h51.32.797,Word Priming Experiment,,2025.1.1,120.23349343055776,2025-10-16 17h51.46.329826 +0530,
,397,17,19,,,_ho_e,Phone,old,,[np.float64(-0.13625)],[np.float64(-0.29875)],[1],[0],[0],[0.19666640006471425],['text_3'],,,,,19,17,397,12,1172.0799384000711,,,,,,,,1172.0685424000258,1172.0799384000711,1172.0799384000711,1172.0799384000711,0.0019689000910148025,1172.266952700098,,[np.float64(-0.13625)],[np.float64(-0.29875)],[1],[0],[0],[0.19666640006471425],['text_3'],Participant 01,001,2025-10-16_17h51.32.797,Word Priming Experiment,,2025.1.1,120.23349343055776,2025-10-16 17h51.46.329826 +0530,
,398,18,19,,,c_s_io_,Cushion,new,,[np.float64(-0.13625)],[np.float64(-0.29875)],[1],[0],[0],[0.17944109998643398],['text_3'],,,,,19,18,398,14,1172.2799062000122,,,,,,,,1172.2691624000436,1172.2799062000122,1172.2799062000122,1172.2799062000122,0.002080500009469688,1172.4497057000408,,[np.float64(-0.13625)],[np.float64(-0.29875)],[1],[0],[0],[0.17944109998643398],['text_3'],Participant 01,001,2025-10-16_17h51.32.797,Word Priming Experiment,,2025.1.1,120.23349343055776,2025-10-16 17h51.46.329826 +0530,
,399,19,19,,,_ha_t,Chart,old,,[np.float64(-0.13625)],[np.float64(-0.29875)],[1],[0],[0],[0.19609689991921186],['text_3'],,,,,19,19,399,1,1172.4634275001008,,,,,,,,1172.4511985999998,1172.4634275001008,1172.4634275001008,1172.4634275001008,0.0014149999478831887,1172.6484281000448,,[np.float64(-0.13625)],[np.float64(-0.29875)],[1],[0],[0],[0.19609689991921186],['text_3'],Participant 01,001,2025-10-16_17h51.32.797,Word Priming Experiment,,2025.1.1,120.23349343055776,2025-10-16 17h51.46.329826 +0530,
