pos,corr_resp,thisN,thisTrialN,thisRepN,key_resp.keys,key_resp.corr,key_resp.rt,key_resp.duration,trials.thisRepN,trials.thisTrialN,trials.thisN,trials.thisIndex,trials_2.thisRepN,trials_2.thisTrialN,trials_2.thisN,trials_2.thisIndex,thisRow.t,notes,trial.started,fixation.started,line1.started,line2.started,line3.started,line4.started,fixation.stopped,probe.started,key_resp.started,trial.stopped,trials.key_resp.keys,trials.key_resp.corr,trials.key_resp.rt,trials.key_resp.duration,trials_2.key_resp.keys,trials_2.key_resp.corr,trials_2.key_resp.rt,trials_2.key_resp.duration,participant,session,date,expName,expVersion,psychopyVersion,frameRate,expStart,
-50,x,0,0,0,z,0,0.2515768000012031,None,0,0,0,0,,,,,0.028180500001326436,,0.019241400001192233,1.011587299999519,1.011587299999519,1.011587299999519,1.011587299999519,1.011587299999519,2.0120185000014317,2.0120185000014317,2.0120185000014317,2.287884800000029,z,0,0.2515768000012031,None,,,,,Participant 3,001,2025-10-02_17h21.49.987,Motor Sequence Learning Bhumika Bajaj AU2320057,,2025.1.1,59.07218857767291,2025-10-02 17h22.09.425450 +0530,
150,v,1,1,0,v,1,0.801835399997799,None,0,1,1,1,,,,,2.295900700002676,,2.288389700002881,3.2959533000030206,3.2959533000030206,3.2959533000030206,3.2959533000030206,3.2959533000030206,4.311400800001138,4.293503400000191,4.293503400000191,5.111399800000072,v,1,0.801835399997799,None,,,,,Participant 3,001,2025-10-02_17h21.49.987,Motor Sequence Learning Bhumika Bajaj AU2320057,,2025.1.1,59.07218857767291,2025-10-02 17h22.09.425450 +0530,
50,c,2,2,0,c,1,0.7589154000015697,None,0,2,2,2,,,,,5.126965499999642,,5.1117761000023165,6.1107962999994925,6.1107962999994925,6.1107962999994925,6.1107962999994925,6.1107962999994925,7.115639200001169,7.115639200001169,7.115639200001169,7.879780800001754,c,1,0.7589154000015697,None,,,,,Participant 3,001,2025-10-02_17h21.49.987,Motor Sequence Learning Bhumika Bajaj AU2320057,,2025.1.1,59.07218857767291,2025-10-02 17h22.09.425450 +0530,
-150,z,3,3,0,z,1,1.1473652999993647,None,0,3,3,3,,,,,7.896108000000822,,7.8803420000003825,8.879521800001385,8.879521800001385,8.879521800001385,8.879521800001385,8.879521800001385,9.881927200000064,9.881927200000064,9.881927200000064,11.031059700002515,z,1,1.1473652999993647,None,,,,,Participant 3,001,2025-10-02_17h21.49.987,Motor Sequence Learning Bhumika Bajaj AU2320057,,2025.1.1,59.07218857767291,2025-10-02 17h22.09.425450 +0530,
-50,x,4,0,1,x,1,0.9088711000003968,None,1,0,4,0,,,,,11.046130700000504,,11.031417300000612,12.046232400000008,12.046232400000008,12.046232400000008,12.046232400000008,12.046232400000008,13.045301900001505,13.045301900001505,13.045301900001505,13.96292270000049,x,1,0.9088711000003968,None,,,,,Participant 3,001,2025-10-02_17h21.49.987,Motor Sequence Learning Bhumika Bajaj AU2320057,,2025.1.1,59.07218857767291,2025-10-02 17h22.09.425450 +0530,
150,v,5,1,1,c,0,0.6124660999994376,None,1,1,5,1,,,,,13.979376400002366,,13.963450700000976,14.962269400002697,14.962269400002697,14.962269400002697,14.962269400002697,14.962269400002697,15.962563600001886,15.962563600001886,15.962563600001886,16.58010320000176,c,0,0.6124660999994376,None,,,,,Participant 3,001,2025-10-02_17h21.49.987,Motor Sequence Learning Bhumika Bajaj AU2320057,,2025.1.1,59.07218857767291,2025-10-02 17h22.09.425450 +0530,
50,c,6,2,1,c,1,0.6093767000020307,None,1,2,6,2,,,,,16.595969300000434,,16.580663200002164,17.59568720000243,17.59568720000243,17.59568720000243,17.59568720000243,17.59568720000243,18.596043200002896,18.57945440000185,18.57945440000185,19.19672040000296,c,1,0.6093767000020307,None,,,,,Participant 3,001,2025-10-02_17h21.49.987,Motor Sequence Learning Bhumika Bajaj AU2320057,,2025.1.1,59.07218857767291,2025-10-02 17h22.09.425450 +0530,
-150,z,7,3,1,z,1,0.8507245000000694,None,1,3,7,3,,,,,19.21229239999957,,19.197232599999552,20.212212200000067,20.212212200000067,20.212212200000067,20.212212200000067,20.212212200000067,21.212880400002177,21.195664800001396,21.195664800001396,22.062181299999793,z,1,0.8507245000000694,None,,,,,Participant 3,001,2025-10-02_17h21.49.987,Motor Sequence Learning Bhumika Bajaj AU2320057,,2025.1.1,59.07218857767291,2025-10-02 17h22.09.425450 +0530,
-50,x,8,0,2,x,1,0.562289099998452,None,2,0,8,0,,,,,22.076985499999864,,22.06283919999987,23.065194900002098,23.065194900002098,23.065194900002098,23.065194900002098,23.065194900002098,24.078537000001234,24.062583000002633,24.062583000002633,24.63059190000058,x,1,0.562289099998452,None,,,,,Participant 3,001,2025-10-02_17h21.49.987,Motor Sequence Learning Bhumika Bajaj AU2320057,,2025.1.1,59.07218857767291,2025-10-02 17h22.09.425450 +0530,
150,v,9,1,2,v,1,0.6512400999999954,None,2,1,9,1,,,,,24.646081300001242,,24.631159200002003,25.645580500000506,25.645580500000506,25.645580500000506,25.645580500000506,25.645580500000506,26.64802210000198,26.631786900001316,26.631786900001316,27.296676000001753,v,1,0.6512400999999954,None,,,,,Participant 3,001,2025-10-02_17h21.49.987,Motor Sequence Learning Bhumika Bajaj AU2320057,,2025.1.1,59.07218857767291,2025-10-02 17h22.09.425450 +0530,
50,c,10,2,2,c,1,0.4151017000003776,None,2,2,10,2,,,,,27.311980599999515,,27.297193700000207,28.2991906999996,28.2991906999996,28.2991906999996,28.2991906999996,28.2991906999996,29.311778100000083,29.311778100000083,29.311778100000083,29.729516800001875,c,1,0.4151017000003776,None,,,,,Participant 3,001,2025-10-02_17h21.49.987,Motor Sequence Learning Bhumika Bajaj AU2320057,,2025.1.1,59.07218857767291,2025-10-02 17h22.09.425450 +0530,
-150,z,11,3,2,z,1,0.9659955999995873,None,2,3,11,3,,,,,29.745344800001476,,29.73015049999958,30.729273799999646,30.729273799999646,30.729273799999646,30.729273799999646,30.729273799999646,31.736975600000733,31.736975600000733,31.736975600000733,32.70609360000162,z,1,0.9659955999995873,None,,,,,Participant 3,001,2025-10-02_17h21.49.987,Motor Sequence Learning Bhumika Bajaj AU2320057,,2025.1.1,59.07218857767291,2025-10-02 17h22.09.425450 +0530,
-50,x,12,0,3,x,1,1.0413150999993377,None,3,0,12,0,,,,,32.720345600002474,,32.706616999999824,33.72132110000166,33.72132110000166,33.72132110000166,33.72132110000166,33.72132110000166,34.72642590000032,34.71039759999985,34.71039759999985,35.762642400000914,x,1,1.0413150999993377,None,,,,,Participant 3,001,2025-10-02_17h21.49.987,Motor Sequence Learning Bhumika Bajaj AU2320057,,2025.1.1,59.07218857767291,2025-10-02 17h22.09.425450 +0530,
150,v,13,1,3,v,1,1.072189200000139,None,3,1,13,1,,,,,35.778797200000554,,35.763171700000385,36.7619932000016,36.7619932000016,36.7619932000016,36.7619932000016,36.7619932000016,37.761625600000116,37.761625600000116,37.761625600000116,38.84660570000051,v,1,1.072189200000139,None,,,,,Participant 3,001,2025-10-02_17h21.49.987,Motor Sequence Learning Bhumika Bajaj AU2320057,,2025.1.1,59.07218857767291,2025-10-02 17h22.09.425450 +0530,
50,c,14,2,3,c,1,0.2693643999991764,None,3,2,14,2,,,,,38.861668100002134,,38.84713280000142,39.849595800002135,39.849595800002135,39.849595800002135,39.849595800002135,39.849595800002135,40.8626562999998,40.8626562999998,40.8626562999998,41.14335050000227,c,1,0.2693643999991764,None,,,,,Participant 3,001,2025-10-02_17h21.49.987,Motor Sequence Learning Bhumika Bajaj AU2320057,,2025.1.1,59.07218857767291,2025-10-02 17h22.09.425450 +0530,
-150,z,15,3,3,z,1,0.30302880000090227,None,3,3,15,3,,,,,41.16266209999958,,41.14418800000203,42.14540340000167,42.14540340000167,42.14540340000167,42.14540340000167,42.14540340000167,43.14490550000119,43.14490550000119,43.14490550000119,43.46352409999963,z,1,0.30302880000090227,None,,,,,Participant 3,001,2025-10-02_17h21.49.987,Motor Sequence Learning Bhumika Bajaj AU2320057,,2025.1.1,59.07218857767291,2025-10-02 17h22.09.425450 +0530,
-50,x,16,0,4,x,1,0.7388891000009608,None,4,0,16,0,,,,,43.48033250000299,,43.46404410000105,44.47999540000092,44.47999540000092,44.47999540000092,44.47999540000092,44.47999540000092,45.49538830000165,45.479857000002085,45.479857000002085,46.23364539999966,x,1,0.7388891000009608,None,,,,,Participant 3,001,2025-10-02_17h21.49.987,Motor Sequence Learning Bhumika Bajaj AU2320057,,2025.1.1,59.07218857767291,2025-10-02 17h22.09.425450 +0530,
150,v,17,1,4,v,1,0.39513549999901443,None,4,1,17,1,,,,,46.245235700000194,,46.234590500000195,47.24639300000126,47.24639300000126,47.24639300000126,47.24639300000126,47.24639300000126,48.26170210000055,48.245116699999926,48.245116699999926,48.645568300002196,v,1,0.39513549999901443,None,,,,,Participant 3,001,2025-10-02_17h21.49.987,Motor Sequence Learning Bhumika Bajaj AU2320057,,2025.1.1,59.07218857767291,2025-10-02 17h22.09.425450 +0530,
50,c,18,2,4,x,0,0.27924519999942277,None,4,2,18,2,,,,,48.661915300002875,,48.646117300002516,49.64514129999952,49.64514129999952,49.64514129999952,49.64514129999952,49.64514129999952,50.64357060000111,50.64357060000111,50.64357060000111,50.92874070000107,x,0,0.27924519999942277,None,,,,,Participant 3,001,2025-10-02_17h21.49.987,Motor Sequence Learning Bhumika Bajaj AU2320057,,2025.1.1,59.07218857767291,2025-10-02 17h22.09.425450 +0530,
-150,z,19,3,4,z,1,0.7653854000018327,None,4,3,19,3,,,,,50.944740300001286,,50.929260600001726,51.93314029999965,51.93314029999965,51.93314029999965,51.93314029999965,51.93314029999965,52.943503100003,52.943503100003,52.943503100003,53.71088610000152,z,1,0.7653854000018327,None,,,,,Participant 3,001,2025-10-02_17h21.49.987,Motor Sequence Learning Bhumika Bajaj AU2320057,,2025.1.1,59.07218857767291,2025-10-02 17h22.09.425450 +0530,
-50,x,20,0,5,x,1,0.09448540000084904,None,5,0,20,0,,,,,53.72618190000139,,53.71141560000251,54.71197270000266,54.71197270000266,54.71197270000266,54.71197270000266,54.71197270000266,55.71218510000108,55.71218510000108,55.71218510000108,55.81313729999965,x,1,0.09448540000084904,None,,,,,Participant 3,001,2025-10-02_17h21.49.987,Motor Sequence Learning Bhumika Bajaj AU2320057,,2025.1.1,59.07218857767291,2025-10-02 17h22.09.425450 +0530,
150,v,21,1,5,v,1,6.823093100003462,None,5,1,21,1,,,,,55.829370200000994,,55.81365220000225,56.82666270000118,56.82666270000118,56.82666270000118,56.82666270000118,56.82666270000118,57.825462900000275,57.825462900000275,57.825462900000275,64.65405350000219,v,1,6.823093100003462,None,,,,,Participant 3,001,2025-10-02_17h21.49.987,Motor Sequence Learning Bhumika Bajaj AU2320057,,2025.1.1,59.07218857767291,2025-10-02 17h22.09.425450 +0530,
50,c,22,2,5,c,1,0.6457521999982418,None,5,2,22,2,,,,,64.67037479999999,,64.65462440000192,65.65350620000027,65.65350620000027,65.65350620000027,65.65350620000027,65.65350620000027,66.65349870000136,66.65349870000136,66.65349870000136,67.3046428000016,c,1,0.6457521999982418,None,,,,,Participant 3,001,2025-10-02_17h21.49.987,Motor Sequence Learning Bhumika Bajaj AU2320057,,2025.1.1,59.07218857767291,2025-10-02 17h22.09.425450 +0530,
-150,z,23,3,5,z,1,0.3601676999969641,None,5,3,23,3,,,,,67.31994020000275,,67.30515990000276,68.31990080000105,68.31990080000105,68.31990080000105,68.31990080000105,68.31990080000105,69.3374498000012,69.3007961000003,69.3007961000003,69.67049680000127,z,1,0.3601676999969641,None,,,,,Participant 3,001,2025-10-02_17h21.49.987,Motor Sequence Learning Bhumika Bajaj AU2320057,,2025.1.1,59.07218857767291,2025-10-02 17h22.09.425450 +0530,
-50,x,24,0,6,x,1,0.6876812999980757,None,6,0,24,0,,,,,69.68602830000236,,69.67101480000201,70.67297049999979,70.67297049999979,70.67297049999979,70.67297049999979,70.67297049999979,71.67370180000216,71.67370180000216,71.67370180000216,72.37443320000239,x,1,0.6876812999980757,None,,,,,Participant 3,001,2025-10-02_17h21.49.987,Motor Sequence Learning Bhumika Bajaj AU2320057,,2025.1.1,59.07218857767291,2025-10-02 17h22.09.425450 +0530,
150,v,25,1,6,v,1,0.37878030000138097,None,6,1,25,1,,,,,72.39091420000113,,72.37532400000055,73.3909244000024,73.3909244000024,73.3909244000024,73.3909244000024,73.3909244000024,74.40351400000145,74.38636820000102,74.38636820000102,74.77036670000234,v,1,0.37878030000138097,None,,,,,Participant 3,001,2025-10-02_17h21.49.987,Motor Sequence Learning Bhumika Bajaj AU2320057,,2025.1.1,59.07218857767291,2025-10-02 17h22.09.425450 +0530,
50,c,26,2,6,c,1,0.979073000002245,None,6,2,26,2,,,,,74.78724940000029,,74.77089379999961,75.77357580000171,75.77357580000171,75.77357580000171,75.77357580000171,75.77357580000171,76.77280560000145,76.77280560000145,76.77280560000145,77.75678740000149,c,1,0.979073000002245,None,,,,,Participant 3,001,2025-10-02_17h21.49.987,Motor Sequence Learning Bhumika Bajaj AU2320057,,2025.1.1,59.07218857767291,2025-10-02 17h22.09.425450 +0530,
-150,z,27,3,6,x,0,0.5971991999977035,None,6,3,27,3,,,,,77.77322980000099,,77.75743130000046,78.75680080000166,78.75680080000166,78.75680080000166,78.75680080000166,78.75680080000166,79.76971380000032,79.76971380000032,79.76971380000032,80.3713553000016,x,0,0.5971991999977035,None,,,,,Participant 3,001,2025-10-02_17h21.49.987,Motor Sequence Learning Bhumika Bajaj AU2320057,,2025.1.1,59.07218857767291,2025-10-02 17h22.09.425450 +0530,
-50,x,28,0,7,z,0,0.39477480000277865,None,7,0,28,0,,,,,80.38729380000223,,80.37178300000232,81.38463940000292,81.38463940000292,81.38463940000292,81.38463940000292,81.38463940000292,82.3865106000012,82.3865106000012,82.3865106000012,82.78426980000222,z,0,0.39477480000277865,None,,,,,Participant 3,001,2025-10-02_17h21.49.987,Motor Sequence Learning Bhumika Bajaj AU2320057,,2025.1.1,59.07218857767291,2025-10-02 17h22.09.425450 +0530,
150,v,29,1,7,v,1,0.618694199998572,None,7,1,29,1,,,,,82.80308440000226,,82.78474240000287,83.79134510000222,83.79134510000222,83.79134510000222,83.79134510000222,83.79134510000222,84.80395860000135,84.78659030000199,84.78659030000199,85.41765280000254,v,1,0.618694199998572,None,,,,,Participant 3,001,2025-10-02_17h21.49.987,Motor Sequence Learning Bhumika Bajaj AU2320057,,2025.1.1,59.07218857767291,2025-10-02 17h22.09.425450 +0530,
50,c,30,2,7,v,0,0.36171850000027916,None,7,2,30,2,,,,,85.43440510000073,,85.4181564999999,86.42340010000044,86.42340010000044,86.42340010000044,86.42340010000044,86.42340010000044,87.4366399999999,87.42059210000298,87.42059210000298,87.79180260000066,v,0,0.36171850000027916,None,,,,,Participant 3,001,2025-10-02_17h21.49.987,Motor Sequence Learning Bhumika Bajaj AU2320057,,2025.1.1,59.07218857767291,2025-10-02 17h22.09.425450 +0530,
-150,z,31,3,7,x,0,0.9261260999992373,None,7,3,31,3,,,,,87.8064641000019,,87.79276220000247,88.80350900000121,88.80350900000121,88.80350900000121,88.80350900000121,88.80350900000121,89.80339850000018,89.80339850000018,89.80339850000018,90.73751970000012,x,0,0.9261260999992373,None,,,,,Participant 3,001,2025-10-02_17h21.49.987,Motor Sequence Learning Bhumika Bajaj AU2320057,,2025.1.1,59.07218857767291,2025-10-02 17h22.09.425450 +0530,
-50,x,32,0,8,c,0,0.5528740000008838,None,8,0,32,0,,,,,90.75369730000239,,90.73806030000196,91.75299470000027,91.75299470000027,91.75299470000027,91.75299470000027,91.75299470000027,92.75300340000103,92.75300340000103,92.75300340000103,93.32076280000183,c,0,0.5528740000008838,None,,,,,Participant 3,001,2025-10-02_17h21.49.987,Motor Sequence Learning Bhumika Bajaj AU2320057,,2025.1.1,59.07218857767291,2025-10-02 17h22.09.425450 +0530,
150,v,33,1,8,v,1,0.5615066999998817,None,8,1,33,1,,,,,93.335737100002,,93.32131880000088,94.3365217999999,94.3365217999999,94.3365217999999,94.3365217999999,94.3365217999999,95.33604070000001,95.32008640000277,95.32008640000277,95.88697680000041,v,1,0.5615066999998817,None,,,,,Participant 3,001,2025-10-02_17h21.49.987,Motor Sequence Learning Bhumika Bajaj AU2320057,,2025.1.1,59.07218857767291,2025-10-02 17h22.09.425450 +0530,
50,c,34,2,8,x,0,0.500984399997833,None,8,2,34,2,,,,,95.90300829999978,,95.88750140000047,96.88692780000201,96.88692780000201,96.88692780000201,96.88692780000201,96.88692780000201,97.8867448000019,97.8867448000019,97.8867448000019,98.40531430000192,x,0,0.500984399997833,None,,,,,Participant 3,001,2025-10-02_17h21.49.987,Motor Sequence Learning Bhumika Bajaj AU2320057,,2025.1.1,59.07218857767291,2025-10-02 17h22.09.425450 +0530,
-150,z,35,3,8,z,1,0.37092649999976857,None,8,3,35,3,,,,,98.42007899999953,,98.4058655000008,99.41967120000118,99.41967120000118,99.41967120000118,99.41967120000118,99.41967120000118,100.42007660000309,100.40375970000241,100.40375970000241,100.77563940000255,z,1,0.37092649999976857,None,,,,,Participant 3,001,2025-10-02_17h21.49.987,Motor Sequence Learning Bhumika Bajaj AU2320057,,2025.1.1,59.07218857767291,2025-10-02 17h22.09.425450 +0530,
-50,x,36,0,9,x,1,0.30089049999878625,None,9,0,36,0,,,,,100.79009660000156,,100.77647480000087,101.78657999999996,101.78657999999996,101.78657999999996,101.78657999999996,101.78657999999996,102.78618810000262,102.78618810000262,102.78618810000262,103.1044103000022,x,1,0.30089049999878625,None,,,,,Participant 3,001,2025-10-02_17h21.49.987,Motor Sequence Learning Bhumika Bajaj AU2320057,,2025.1.1,59.07218857767291,2025-10-02 17h22.09.425450 +0530,
150,v,37,1,9,v,1,0.05472550000195042,None,9,1,37,1,,,,,103.11941600000137,,103.10494780000226,104.11988790000032,104.11988790000032,104.11988790000032,104.11988790000032,104.11988790000032,105.11912210000082,105.11912210000082,105.11912210000082,105.18736410000201,v,1,0.05472550000195042,None,,,,,Participant 3,001,2025-10-02_17h21.49.987,Motor Sequence Learning Bhumika Bajaj AU2320057,,2025.1.1,59.07218857767291,2025-10-02 17h22.09.425450 +0530,
50,c,38,2,9,c,1,0.2447954999988724,None,9,2,38,2,,,,,105.20321790000162,,105.18788660000064,106.18699570000172,106.18699570000172,106.18699570000172,106.18699570000172,106.18699570000172,107.18718170000284,107.2032246000017,107.2032246000017,107.45350180000241,c,1,0.2447954999988724,None,,,,,Participant 3,001,2025-10-02_17h21.49.987,Motor Sequence Learning Bhumika Bajaj AU2320057,,2025.1.1,59.07218857767291,2025-10-02 17h22.09.425450 +0530,
-150,z,39,3,9,z,1,0.6508611999997811,None,9,3,39,3,,,,,107.47014979999949,,107.4540448000007,108.4529317000015,108.4529317000015,108.4529317000015,108.4529317000015,108.4529317000015,109.45313400000305,109.46999830000277,109.46999830000277,110.13797200000045,z,1,0.6508611999997811,None,,,,,Participant 3,001,2025-10-02_17h21.49.987,Motor Sequence Learning Bhumika Bajaj AU2320057,,2025.1.1,59.07218857767291,2025-10-02 17h22.09.425450 +0530,
-50,x,40,0,10,x,1,0.19374129999778233,None,10,0,40,0,,,,,110.15416900000127,,110.13850670000102,111.13937630000146,111.13937630000146,111.13937630000146,111.13937630000146,111.13937630000146,112.15134039999975,112.15134039999975,112.15134039999975,112.35255470000266,x,1,0.19374129999778233,None,,,,,Participant 3,001,2025-10-02_17h21.49.987,Motor Sequence Learning Bhumika Bajaj AU2320057,,2025.1.1,59.07218857767291,2025-10-02 17h22.09.425450 +0530,
150,v,41,1,10,v,1,0.3959902000024158,None,10,1,41,1,,,,,112.36753769999996,,112.3531796999996,113.35269020000123,113.35269020000123,113.35269020000123,113.35269020000123,113.35269020000123,114.35295709999991,114.35295709999991,114.35295709999991,114.75410760000159,v,1,0.3959902000024158,None,,,,,Participant 3,001,2025-10-02_17h21.49.987,Motor Sequence Learning Bhumika Bajaj AU2320057,,2025.1.1,59.07218857767291,2025-10-02 17h22.09.425450 +0530,
50,c,42,2,10,c,1,0.42237569999997504,None,10,2,42,2,,,,,114.76964430000226,,114.75466670000242,115.7671623999995,115.7671623999995,115.7671623999995,115.7671623999995,115.7671623999995,116.76995140000145,116.76995140000145,116.76995140000145,117.20768920000046,c,1,0.42237569999997504,None,,,,,Participant 3,001,2025-10-02_17h21.49.987,Motor Sequence Learning Bhumika Bajaj AU2320057,,2025.1.1,59.07218857767291,2025-10-02 17h22.09.425450 +0530,
-150,z,43,3,10,z,1,0.3269064999985858,None,10,3,43,3,,,,,117.22265350000089,,117.20882239999992,118.22313150000264,118.22313150000264,118.22313150000264,118.22313150000264,118.22313150000264,119.23549240000284,119.21914520000064,119.21914520000064,119.5573527000015,z,1,0.3269064999985858,None,,,,,Participant 3,001,2025-10-02_17h21.49.987,Motor Sequence Learning Bhumika Bajaj AU2320057,,2025.1.1,59.07218857767291,2025-10-02 17h22.09.425450 +0530,
-50,x,44,0,11,x,1,0.41106460000082734,None,11,0,44,0,,,,,119.57294490000277,,119.55822850000186,120.55630949999977,120.55630949999977,120.55630949999977,120.55630949999977,120.55630949999977,121.57345220000207,121.57345220000207,121.57345220000207,121.98786550000295,x,1,0.41106460000082734,None,,,,,Participant 3,001,2025-10-02_17h21.49.987,Motor Sequence Learning Bhumika Bajaj AU2320057,,2025.1.1,59.07218857767291,2025-10-02 17h22.09.425450 +0530,
150,v,45,1,11,v,1,0.3318734000022232,None,11,1,45,1,,,,,122.00268290000167,,121.98844590000226,122.98908460000166,122.98908460000166,122.98908460000166,122.98908460000166,122.98908460000166,123.98650380000254,123.98650380000254,123.98650380000254,124.3368756000018,v,1,0.3318734000022232,None,,,,,Participant 3,001,2025-10-02_17h21.49.987,Motor Sequence Learning Bhumika Bajaj AU2320057,,2025.1.1,59.07218857767291,2025-10-02 17h22.09.425450 +0530,
50,c,46,2,11,c,1,0.2967530000023544,None,11,2,46,2,,,,,124.3530122000011,,124.33749510000052,125.3367367000028,125.3367367000028,125.3367367000028,125.3367367000028,125.3367367000028,126.35168520000298,126.35168520000298,126.35168520000298,126.65355700000146,c,1,0.2967530000023544,None,,,,,Participant 3,001,2025-10-02_17h21.49.987,Motor Sequence Learning Bhumika Bajaj AU2320057,,2025.1.1,59.07218857767291,2025-10-02 17h22.09.425450 +0530,
-150,z,47,3,11,z,1,0.24956640000164043,None,11,3,47,3,,,,,126.66974090000076,,126.65407350000169,127.65637799999968,127.65637799999968,127.65637799999968,127.65637799999968,127.65637799999968,128.66944250000233,128.6535616000001,128.6535616000001,128.90652520000003,z,1,0.24956640000164043,None,,,,,Participant 3,001,2025-10-02_17h21.49.987,Motor Sequence Learning Bhumika Bajaj AU2320057,,2025.1.1,59.07218857767291,2025-10-02 17h22.09.425450 +0530,
-50,x,48,0,12,x,1,0.4024692999992112,None,12,0,48,0,,,,,128.92285160000029,,128.90718790000028,129.92249710000033,129.92249710000033,129.92249710000033,129.92249710000033,129.92249710000033,130.93414080000002,130.9195671000016,130.9195671000016,131.3373012000011,x,1,0.4024692999992112,None,,,,,Participant 3,001,2025-10-02_17h21.49.987,Motor Sequence Learning Bhumika Bajaj AU2320057,,2025.1.1,59.07218857767291,2025-10-02 17h22.09.425450 +0530,
150,v,49,1,12,v,1,0.04266800000186777,None,12,1,49,1,,,,,131.35342590000073,,131.3378241999999,132.352706200003,132.352706200003,132.352706200003,132.352706200003,132.352706200003,133.35661729999993,133.33938760000092,133.33938760000092,133.39118620000227,v,1,0.04266800000186777,None,,,,,Participant 3,001,2025-10-02_17h21.49.987,Motor Sequence Learning Bhumika Bajaj AU2320057,,2025.1.1,59.07218857767291,2025-10-02 17h22.09.425450 +0530,
50,c,50,2,12,c,1,0.19953739999982645,None,12,2,50,2,,,,,133.40625100000034,,133.3920868000023,134.39095500000258,134.39095500000258,134.39095500000258,134.39095500000258,134.39095500000258,135.40532560000065,135.40532560000065,135.40532560000065,135.60759730000063,c,1,0.19953739999982645,None,,,,,Participant 3,001,2025-10-02_17h21.49.987,Motor Sequence Learning Bhumika Bajaj AU2320057,,2025.1.1,59.07218857767291,2025-10-02 17h22.09.425450 +0530,
-150,z,51,3,12,z,1,0.2795981999988726,None,12,3,51,3,,,,,135.62223770000128,,135.60855780000202,136.6200647000005,136.6200647000005,136.6200647000005,136.6200647000005,136.6200647000005,137.61971430000267,137.61971430000267,137.61971430000267,137.90444280000156,z,1,0.2795981999988726,None,,,,,Participant 3,001,2025-10-02_17h21.49.987,Motor Sequence Learning Bhumika Bajaj AU2320057,,2025.1.1,59.07218857767291,2025-10-02 17h22.09.425450 +0530,
-50,x,52,0,13,x,1,0.32756460000018706,None,13,0,52,0,,,,,137.91902670000127,,137.90495600000213,138.91979340000034,138.91979340000034,138.91979340000034,138.91979340000034,138.91979340000034,139.91998349999994,139.91998349999994,139.91998349999994,140.25361300000077,x,1,0.32756460000018706,None,,,,,Participant 3,001,2025-10-02_17h21.49.987,Motor Sequence Learning Bhumika Bajaj AU2320057,,2025.1.1,59.07218857767291,2025-10-02 17h22.09.425450 +0530,
150,v,53,1,13,v,1,0.6170775000027788,None,13,1,53,1,,,,,140.27044860000024,,140.2541437,141.2529125000001,141.2529125000001,141.2529125000001,141.2529125000001,141.2529125000001,142.25315020000198,142.25315020000198,142.25315020000198,142.8719435000021,v,1,0.6170775000027788,None,,,,,Participant 3,001,2025-10-02_17h21.49.987,Motor Sequence Learning Bhumika Bajaj AU2320057,,2025.1.1,59.07218857767291,2025-10-02 17h22.09.425450 +0530,
50,c,54,2,13,c,1,0.28282989999934216,None,13,2,54,2,,,,,142.88615349999964,,142.8724968000024,143.8743252000022,143.8743252000022,143.8743252000022,143.8743252000022,143.8743252000022,144.88938419999977,144.8728415000005,144.8728415000005,145.1700916000009,c,1,0.28282989999934216,None,,,,,Participant 3,001,2025-10-02_17h21.49.987,Motor Sequence Learning Bhumika Bajaj AU2320057,,2025.1.1,59.07218857767291,2025-10-02 17h22.09.425450 +0530,
-150,z,55,3,13,z,1,0.46542129999943427,None,13,3,55,3,,,,,145.1834114000012,,145.17060520000086,146.1864925000009,146.1864925000009,146.1864925000009,146.1864925000009,146.1864925000009,147.18625350000002,147.16893520000303,147.16893520000303,147.63535469999988,z,1,0.46542129999943427,None,,,,,Participant 3,001,2025-10-02_17h21.49.987,Motor Sequence Learning Bhumika Bajaj AU2320057,,2025.1.1,59.07218857767291,2025-10-02 17h22.09.425450 +0530,
-50,x,56,0,14,x,1,0.4915746000006038,None,14,0,56,0,,,,,147.6515242000023,,147.6358340000006,148.65107350000108,148.65107350000108,148.65107350000108,148.65107350000108,148.65107350000108,149.6528188000011,149.6354898000027,149.6354898000027,150.13693150000108,x,1,0.4915746000006038,None,,,,,Participant 3,001,2025-10-02_17h21.49.987,Motor Sequence Learning Bhumika Bajaj AU2320057,,2025.1.1,59.07218857767291,2025-10-02 17h22.09.425450 +0530,
150,v,57,1,14,v,1,0.3230552000022726,None,14,1,57,1,,,,,150.15303219999987,,150.13758530000268,151.1378877999996,151.1378877999996,151.1378877999996,151.1378877999996,151.1378877999996,152.15279270000246,152.15279270000246,152.15279270000246,152.48645490000126,v,1,0.3230552000022726,None,,,,,Participant 3,001,2025-10-02_17h21.49.987,Motor Sequence Learning Bhumika Bajaj AU2320057,,2025.1.1,59.07218857767291,2025-10-02 17h22.09.425450 +0530,
50,c,58,2,14,c,1,0.041233900003135204,None,14,2,58,2,,,,,152.50266570000167,,152.48699070000293,153.48681770000258,153.48681770000258,153.48681770000258,153.48681770000258,153.48681770000258,154.50341079999998,154.50341079999998,154.50341079999998,154.553164500001,c,1,0.041233900003135204,None,,,,,Participant 3,001,2025-10-02_17h21.49.987,Motor Sequence Learning Bhumika Bajaj AU2320057,,2025.1.1,59.07218857767291,2025-10-02 17h22.09.425450 +0530,
-150,z,59,3,14,z,1,0.0866334000020288,None,14,3,59,3,,,,,154.56952400000227,,154.5536804000003,155.55265119999967,155.55265119999967,155.55265119999967,155.55265119999967,155.55265119999967,156.5532201999995,156.5532201999995,156.5532201999995,156.65078350000113,z,1,0.0866334000020288,None,,,,,Participant 3,001,2025-10-02_17h21.49.987,Motor Sequence Learning Bhumika Bajaj AU2320057,,2025.1.1,59.07218857767291,2025-10-02 17h22.09.425450 +0530,
-50,x,60,0,15,x,1,0.04894810000041616,None,15,0,60,0,,,,,156.6667066000009,,156.65133790000255,157.6509302000013,157.6509302000013,157.6509302000013,157.6509302000013,157.6509302000013,158.65187640000295,158.65187640000295,158.65187640000295,158.7038296000028,x,1,0.04894810000041616,None,,,,,Participant 3,001,2025-10-02_17h21.49.987,Motor Sequence Learning Bhumika Bajaj AU2320057,,2025.1.1,59.07218857767291,2025-10-02 17h22.09.425450 +0530,
150,v,61,1,15,v,1,0.133823799998936,None,15,1,61,1,,,,,158.7192055000014,,158.7043408999998,159.71923790000073,159.71923790000073,159.71923790000073,159.71923790000073,159.71923790000073,160.73401430000013,160.71726730000228,160.71726730000228,160.86781030000202,v,1,0.133823799998936,None,,,,,Participant 3,001,2025-10-02_17h21.49.987,Motor Sequence Learning Bhumika Bajaj AU2320057,,2025.1.1,59.07218857767291,2025-10-02 17h22.09.425450 +0530,
50,c,62,2,15,x,0,0.08578589999888209,None,15,2,62,2,,,,,160.884023300001,,160.86834380000073,161.8861586000021,161.8861586000021,161.8861586000021,161.8861586000021,161.8861586000021,162.88636469999983,162.8702876999996,162.8702876999996,162.97018300000127,x,0,0.08578589999888209,None,,,,,Participant 3,001,2025-10-02_17h21.49.987,Motor Sequence Learning Bhumika Bajaj AU2320057,,2025.1.1,59.07218857767291,2025-10-02 17h22.09.425450 +0530,
-150,z,63,3,15,z,1,0.36829059999945457,None,15,3,63,3,,,,,162.9855690000004,,162.97070470000108,163.96934380000312,163.96934380000312,163.96934380000312,163.96934380000312,163.96934380000312,164.9725391000029,164.9725391000029,164.9725391000029,165.35364839999966,z,1,0.36829059999945457,None,,,,,Participant 3,001,2025-10-02_17h21.49.987,Motor Sequence Learning Bhumika Bajaj AU2320057,,2025.1.1,59.07218857767291,2025-10-02 17h22.09.425450 +0530,
-50,x,64,0,16,v,0,0.15812019999793847,None,16,0,64,0,,,,,165.36974100000225,,165.35417080000116,166.36629670000184,166.36629670000184,166.36629670000184,166.36629670000184,166.36629670000184,167.37243339999986,167.35658730000068,167.35658730000068,167.5236122000024,v,0,0.15812019999793847,None,,,,,Participant 3,001,2025-10-02_17h21.49.987,Motor Sequence Learning Bhumika Bajaj AU2320057,,2025.1.1,59.07218857767291,2025-10-02 17h22.09.425450 +0530,
150,v,65,1,16,c,0,0.09608870000010938,None,16,1,65,1,,,,,167.53998839999986,,167.5246201000009,168.52204520000305,168.52204520000305,168.52204520000305,168.52204520000305,168.52204520000305,169.5225762000009,169.53977270000178,169.53977270000178,169.64093030000004,c,0,0.09608870000010938,None,,,,,Participant 3,001,2025-10-02_17h21.49.987,Motor Sequence Learning Bhumika Bajaj AU2320057,,2025.1.1,59.07218857767291,2025-10-02 17h22.09.425450 +0530,
50,c,66,2,16,c,1,0.49505370000042603,None,16,2,66,2,,,,,169.65569630000027,,169.64181170000302,170.65258010000252,170.65258010000252,170.65258010000252,170.65258010000252,170.65258010000252,171.65236350000123,171.65236350000123,171.65236350000123,172.15306559999954,c,1,0.49505370000042603,None,,,,,Participant 3,001,2025-10-02_17h21.49.987,Motor Sequence Learning Bhumika Bajaj AU2320057,,2025.1.1,59.07218857767291,2025-10-02 17h22.09.425450 +0530,
-150,z,67,3,16,z,1,0.5598216999969736,None,16,3,67,3,,,,,172.17014290000225,,172.1535995000013,173.15187230000083,173.15187230000083,173.15187230000083,173.15187230000083,173.15187230000083,174.1505545,174.1505545,174.1505545,174.719807700003,z,1,0.5598216999969736,None,,,,,Participant 3,001,2025-10-02_17h21.49.987,Motor Sequence Learning Bhumika Bajaj AU2320057,,2025.1.1,59.07218857767291,2025-10-02 17h22.09.425450 +0530,
-50,x,68,0,17,x,1,0.13713759999882313,None,17,0,68,0,,,,,174.73599350000222,,174.72034429999985,175.71909460000097,175.71909460000097,175.71909460000097,175.71909460000097,175.71909460000097,176.71847890000208,176.71847890000208,176.71847890000208,176.87042890000157,x,1,0.13713759999882313,None,,,,,Participant 3,001,2025-10-02_17h21.49.987,Motor Sequence Learning Bhumika Bajaj AU2320057,,2025.1.1,59.07218857767291,2025-10-02 17h22.09.425450 +0530,
150,v,69,1,17,v,1,0.9547654000016337,None,17,1,69,1,,,,,176.88571650000085,,176.8709622000024,177.88547540000218,177.88547540000218,177.88547540000218,177.88547540000218,177.88547540000218,178.8998954000017,178.883120100003,178.883120100003,179.85316539999985,v,1,0.9547654000016337,None,,,,,Participant 3,001,2025-10-02_17h21.49.987,Motor Sequence Learning Bhumika Bajaj AU2320057,,2025.1.1,59.07218857767291,2025-10-02 17h22.09.425450 +0530,
50,c,70,2,17,z,0,0.5251577999988513,None,17,2,70,2,,,,,179.86901399999988,,179.85369139999966,180.86616810000123,180.86616810000123,180.86616810000123,180.86616810000123,180.86616810000123,181.86914460000116,181.85279880000235,181.85279880000235,182.38604690000284,z,0,0.5251577999988513,None,,,,,Participant 3,001,2025-10-02_17h21.49.987,Motor Sequence Learning Bhumika Bajaj AU2320057,,2025.1.1,59.07218857767291,2025-10-02 17h22.09.425450 +0530,
-150,z,71,3,17,c,0,0.1008003999995708,None,17,3,71,3,,,,,182.40207080000255,,182.3865736000007,183.3856577000006,183.3856577000006,183.3856577000006,183.3856577000006,183.3856577000006,184.40048850000312,184.40048850000312,184.40048850000312,184.5176616000026,c,0,0.1008003999995708,None,,,,,Participant 3,001,2025-10-02_17h21.49.987,Motor Sequence Learning Bhumika Bajaj AU2320057,,2025.1.1,59.07218857767291,2025-10-02 17h22.09.425450 +0530,
-50,x,72,0,18,c,0,0.4781829999992624,None,18,0,72,0,,,,,184.53336610000042,,184.5181752999997,185.51889970000047,185.51889970000047,185.51889970000047,185.51889970000047,185.51889970000047,186.51918730000034,186.51918730000034,186.51918730000034,187.002616400001,c,0,0.4781829999992624,None,,,,,Participant 3,001,2025-10-02_17h21.49.987,Motor Sequence Learning Bhumika Bajaj AU2320057,,2025.1.1,59.07218857767291,2025-10-02 17h22.09.425450 +0530,
150,v,73,1,18,v,1,0.31112690000009025,None,18,1,73,1,,,,,187.01836550000007,,187.00318440000046,188.0024880000019,188.0024880000019,188.0024880000019,188.0024880000019,188.0024880000019,189.00258010000107,189.00258010000107,189.00258010000107,189.31927800000267,v,1,0.31112690000009025,None,,,,,Participant 3,001,2025-10-02_17h21.49.987,Motor Sequence Learning Bhumika Bajaj AU2320057,,2025.1.1,59.07218857767291,2025-10-02 17h22.09.425450 +0530,
50,c,74,2,18,6,0,2.028144899999461,None,18,2,74,2,,,,,189.33519080000042,,189.3197970000001,190.32324309999967,190.32324309999967,190.32324309999967,190.32324309999967,190.32324309999967,191.33608200000162,191.3189971000029,191.3189971000029,193.35276180000074,6,0,2.028144899999461,None,,,,,Participant 3,001,2025-10-02_17h21.49.987,Motor Sequence Learning Bhumika Bajaj AU2320057,,2025.1.1,59.07218857767291,2025-10-02 17h22.09.425450 +0530,
-150,z,75,3,18,v,0,0.18771459999697981,None,18,3,75,3,,,,,193.36877559999994,,193.3532871000025,194.35489489999964,194.35489489999964,194.35489489999964,194.35489489999964,194.35489489999964,195.369138500002,195.35216200000286,195.35216200000286,195.55324870000186,v,0,0.18771459999697981,None,,,,,Participant 3,001,2025-10-02_17h21.49.987,Motor Sequence Learning Bhumika Bajaj AU2320057,,2025.1.1,59.07218857767291,2025-10-02 17h22.09.425450 +0530,
-50,x,76,0,19,v,0,1.6006520999981149,None,19,0,76,0,,,,,195.56894680000187,,195.55376420000175,196.56640289999996,196.56640289999996,196.56640289999996,196.56640289999996,196.56640289999996,197.56898410000213,197.56898410000213,197.56898410000213,199.17309380000006,v,0,1.6006520999981149,None,,,,,Participant 3,001,2025-10-02_17h21.49.987,Motor Sequence Learning Bhumika Bajaj AU2320057,,2025.1.1,59.07218857767291,2025-10-02 17h22.09.425450 +0530,
150,v,77,1,19,c,0,0.30056250000052387,None,19,1,77,1,,,,,199.1898970000002,,199.17398980000144,200.18583299999955,200.18583299999955,200.18583299999955,200.18583299999955,200.18583299999955,201.1856652000024,201.1856652000024,201.1856652000024,201.5035906000012,c,0,0.30056250000052387,None,,,,,Participant 3,001,2025-10-02_17h21.49.987,Motor Sequence Learning Bhumika Bajaj AU2320057,,2025.1.1,59.07218857767291,2025-10-02 17h22.09.425450 +0530,
50,c,78,2,19,c,1,0.6200976999971317,None,19,2,78,2,,,,,201.51897660000031,,201.50412789999973,202.51934040000197,202.51934040000197,202.51934040000197,202.51934040000197,202.51934040000197,203.5186829000013,203.5186829000013,203.5186829000013,204.15324750000218,c,1,0.6200976999971317,None,,,,,Participant 3,001,2025-10-02_17h21.49.987,Motor Sequence Learning Bhumika Bajaj AU2320057,,2025.1.1,59.07218857767291,2025-10-02 17h22.09.425450 +0530,
-150,z,79,3,19,z,1,0.3316006000022753,None,19,3,79,3,,,,,204.16857580000215,,204.15376280000055,205.16589080000267,205.16589080000267,205.16589080000267,205.16589080000267,205.16589080000267,206.16634370000247,206.16634370000247,206.16634370000247,206.5031291000014,z,1,0.3316006000022753,None,,,,,Participant 3,001,2025-10-02_17h21.49.987,Motor Sequence Learning Bhumika Bajaj AU2320057,,2025.1.1,59.07218857767291,2025-10-02 17h22.09.425450 +0530,
-50,x,80,0,20,x,1,0.4085880000020552,None,20,0,80,0,,,,,206.5193395000024,,206.50368640000306,207.5182029000025,207.5182029000025,207.5182029000025,207.5182029000025,207.5182029000025,208.51873780000096,208.51873780000096,208.51873780000096,208.9359347999998,x,1,0.4085880000020552,None,,,,,Participant 3,001,2025-10-02_17h21.49.987,Motor Sequence Learning Bhumika Bajaj AU2320057,,2025.1.1,59.07218857767291,2025-10-02 17h22.09.425450 +0530,
150,v,81,1,20,v,1,0.29877140000098734,None,20,1,81,1,,,,,208.95220330000302,,208.93644260000292,209.9354908000023,209.9354908000023,209.9354908000023,209.9354908000023,209.9354908000023,210.93496779999987,210.93496779999987,210.93496779999987,211.23668990000078,v,1,0.29877140000098734,None,,,,,Participant 3,001,2025-10-02_17h21.49.987,Motor Sequence Learning Bhumika Bajaj AU2320057,,2025.1.1,59.07218857767291,2025-10-02 17h22.09.425450 +0530,
50,c,82,2,20,c,1,0.5669176999981573,None,20,2,82,2,,,,,211.2521564000017,,211.23721180000211,212.2521293000027,212.2521293000027,212.2521293000027,212.2521293000027,212.2521293000027,213.2565988000024,213.23786910000126,213.23786910000126,213.80674089999957,c,1,0.5669176999981573,None,,,,,Participant 3,001,2025-10-02_17h21.49.987,Motor Sequence Learning Bhumika Bajaj AU2320057,,2025.1.1,59.07218857767291,2025-10-02 17h22.09.425450 +0530,
-150,z,83,3,20,z,1,0.379729899999802,None,20,3,83,3,,,,,213.82146280000234,,213.80824860000212,214.8188704000022,214.8188704000022,214.8188704000022,214.8188704000022,214.8188704000022,215.81881050000084,215.81881050000084,215.81881050000084,216.20217790000243,z,1,0.379729899999802,None,,,,,Participant 3,001,2025-10-02_17h21.49.987,Motor Sequence Learning Bhumika Bajaj AU2320057,,2025.1.1,59.07218857767291,2025-10-02 17h22.09.425450 +0530,
-50,x,84,0,21,x,1,0.5245152999996208,None,21,0,84,0,,,,,216.21875440000076,,216.2027132000003,217.20203760000004,217.20203760000004,217.20203760000004,217.20203760000004,217.20203760000004,218.20160380000016,218.20160380000016,218.20160380000016,218.7355275000009,x,1,0.5245152999996208,None,,,,,Participant 3,001,2025-10-02_17h21.49.987,Motor Sequence Learning Bhumika Bajaj AU2320057,,2025.1.1,59.07218857767291,2025-10-02 17h22.09.425450 +0530,
150,v,85,1,21,v,1,0.3946957000007387,None,21,1,85,1,,,,,218.75255160000233,,218.7360676999997,219.75039670000115,219.75039670000115,219.75039670000115,219.75039670000115,219.75039670000115,220.751275300001,220.7371407999999,220.7371407999999,221.13601560000097,v,1,0.3946957000007387,None,,,,,Participant 3,001,2025-10-02_17h21.49.987,Motor Sequence Learning Bhumika Bajaj AU2320057,,2025.1.1,59.07218857767291,2025-10-02 17h22.09.425450 +0530,
50,c,86,2,21,v,0,0.5335110999985773,None,21,2,86,2,,,,,221.15216670000154,,221.13653650000197,222.13535270000284,222.13535270000284,222.13535270000284,222.13535270000284,222.13535270000284,223.13509239999985,223.13509239999985,223.13509239999985,223.66971390000253,v,0,0.5335110999985773,None,,,,,Participant 3,001,2025-10-02_17h21.49.987,Motor Sequence Learning Bhumika Bajaj AU2320057,,2025.1.1,59.07218857767291,2025-10-02 17h22.09.425450 +0530,
-150,z,87,3,21,z,1,0.8145170000025246,None,21,3,87,3,,,,,223.68541950000144,,223.67023800000243,224.6722418999998,224.6722418999998,224.6722418999998,224.6722418999998,224.6722418999998,225.67154690000098,225.67154690000098,225.67154690000098,226.49069220000092,z,1,0.8145170000025246,None,,,,,Participant 3,001,2025-10-02_17h21.49.987,Motor Sequence Learning Bhumika Bajaj AU2320057,,2025.1.1,59.07218857767291,2025-10-02 17h22.09.425450 +0530,
-50,x,88,0,22,v,0,0.15966179999668384,None,22,0,88,0,,,,,226.50650730000052,,226.49159080000027,227.5011271000003,227.5011271000003,227.5011271000003,227.5011271000003,227.5011271000003,228.50013390000095,228.50013390000095,228.50013390000095,228.66758420000042,v,0,0.15966179999668384,None,,,,,Participant 3,001,2025-10-02_17h21.49.987,Motor Sequence Learning Bhumika Bajaj AU2320057,,2025.1.1,59.07218857767291,2025-10-02 17h22.09.425450 +0530,
150,v,89,1,22,x,0,0.38647730000229785,None,22,1,89,1,,,,,228.68310290000227,,228.66812030000074,229.67306810000082,229.67306810000082,229.67306810000082,229.67306810000082,229.67306810000082,230.6845377000027,230.66851640000095,230.66851640000095,231.0695833000027,x,0,0.38647730000229785,None,,,,,Participant 3,001,2025-10-02_17h21.49.987,Motor Sequence Learning Bhumika Bajaj AU2320057,,2025.1.1,59.07218857767291,2025-10-02 17h22.09.425450 +0530,
50,c,90,2,22,x,0,0.37372489999688696,None,22,2,90,2,,,,,231.08625419999953,,231.07010650000302,232.07138940000004,232.07138940000004,232.07138940000004,232.07138940000004,232.07138940000004,233.08537790000264,233.06862209999963,233.06862209999963,233.4529055000021,x,0,0.37372489999688696,None,,,,,Participant 3,001,2025-10-02_17h21.49.987,Motor Sequence Learning Bhumika Bajaj AU2320057,,2025.1.1,59.07218857767291,2025-10-02 17h22.09.425450 +0530,
-150,z,91,3,22,v,0,0.539600000000064,None,22,3,91,3,,,,,233.46846420000293,,233.45343440000215,234.4684264000025,234.4684264000025,234.4684264000025,234.4684264000025,234.4684264000025,235.46833570000308,235.46833570000308,235.46833570000308,236.01924599999984,v,0,0.539600000000064,None,,,,,Participant 3,001,2025-10-02_17h21.49.987,Motor Sequence Learning Bhumika Bajaj AU2320057,,2025.1.1,59.07218857767291,2025-10-02 17h22.09.425450 +0530,
-50,x,92,0,23,x,1,0.2235694999981206,None,23,0,92,0,,,,,236.03450010000233,,236.01984640000228,237.03515710000283,237.03515710000283,237.03515710000283,237.03515710000283,237.03515710000283,238.03517660000216,238.03517660000216,238.03517660000216,238.26963160000014,x,1,0.2235694999981206,None,,,,,Participant 3,001,2025-10-02_17h21.49.987,Motor Sequence Learning Bhumika Bajaj AU2320057,,2025.1.1,59.07218857767291,2025-10-02 17h22.09.425450 +0530,
150,v,93,1,23,v,1,0.10731120000127703,None,23,1,93,1,,,,,238.285045800003,,238.2701827000019,239.28570160000163,239.28570160000163,239.28570160000163,239.28570160000163,239.28570160000163,240.28500490000079,240.28500490000079,240.28500490000079,240.4024786000009,v,1,0.10731120000127703,None,,,,,Participant 3,001,2025-10-02_17h21.49.987,Motor Sequence Learning Bhumika Bajaj AU2320057,,2025.1.1,59.07218857767291,2025-10-02 17h22.09.425450 +0530,
50,c,94,2,23,x,0,0.4632223000007798,None,23,2,94,2,,,,,240.41910480000297,,240.40298040000198,241.40234820000114,241.40234820000114,241.40234820000114,241.40234820000114,241.40234820000114,242.40189400000236,242.40189400000236,242.40189400000236,242.87209390000135,x,0,0.4632223000007798,None,,,,,Participant 3,001,2025-10-02_17h21.49.987,Motor Sequence Learning Bhumika Bajaj AU2320057,,2025.1.1,59.07218857767291,2025-10-02 17h22.09.425450 +0530,
-150,z,95,3,23,x,0,0.4352889999972831,None,23,3,95,3,,,,,242.88862100000188,,242.87286420000237,243.88925970000128,243.88925970000128,243.88925970000128,243.88925970000128,243.88925970000128,244.90458130000115,244.88259590000234,244.88259590000234,245.31931030000123,x,0,0.4352889999972831,None,,,,,Participant 3,001,2025-10-02_17h21.49.987,Motor Sequence Learning Bhumika Bajaj AU2320057,,2025.1.1,59.07218857767291,2025-10-02 17h22.09.425450 +0530,
-50,x,96,0,24,v,0,0.2790372000017669,None,24,0,96,0,,,,,245.3355029000013,,245.31985560000248,246.31960700000127,246.31960700000127,246.31960700000127,246.31960700000127,246.31960700000127,247.31822540000212,247.31822540000212,247.31822540000212,247.60245530000248,v,0,0.2790372000017669,None,,,,,Participant 3,001,2025-10-02_17h21.49.987,Motor Sequence Learning Bhumika Bajaj AU2320057,,2025.1.1,59.07218857767291,2025-10-02 17h22.09.425450 +0530,
150,v,97,1,24,x,0,0.27872370000113733,None,24,1,97,1,,,,,247.6187858000012,,247.60295990000304,248.6023709000001,248.6023709000001,248.6023709000001,248.6023709000001,248.6023709000001,249.60113629999978,249.60113629999978,249.60113629999978,249.88556560000143,x,0,0.27872370000113733,None,,,,,Participant 3,001,2025-10-02_17h21.49.987,Motor Sequence Learning Bhumika Bajaj AU2320057,,2025.1.1,59.07218857767291,2025-10-02 17h22.09.425450 +0530,
50,c,98,2,24,c,1,0.8696073999999498,None,24,2,98,2,,,,,249.90194960000008,,249.88608210000166,250.8851949000018,250.8851949000018,250.8851949000018,250.8851949000018,250.8851949000018,251.88863870000205,251.88863870000205,251.88863870000205,252.770371300001,c,1,0.8696073999999498,None,,,,,Participant 3,001,2025-10-02_17h21.49.987,Motor Sequence Learning Bhumika Bajaj AU2320057,,2025.1.1,59.07218857767291,2025-10-02 17h22.09.425450 +0530,
-150,z,99,3,24,z,1,0.7754692000016803,None,24,3,99,3,,,,,252.78567079999993,,252.77091510000173,253.77112000000125,253.77112000000125,253.77112000000125,253.77112000000125,253.77112000000125,254.77123620000202,254.77123620000202,254.77123620000202,255.55246370000168,z,1,0.7754692000016803,None,,,,,Participant 3,001,2025-10-02_17h21.49.987,Motor Sequence Learning Bhumika Bajaj AU2320057,,2025.1.1,59.07218857767291,2025-10-02 17h22.09.425450 +0530,
-50,x,100,0,25,x,1,0.5999798000011651,None,25,0,100,0,,,,,255.56880550000278,,255.55300030000217,256.55183279999983,256.55183279999983,256.55183279999983,256.55183279999983,256.55183279999983,257.55203910000273,257.55203910000273,257.55203910000273,258.1541823000007,x,1,0.5999798000011651,None,,,,,Participant 3,001,2025-10-02_17h21.49.987,Motor Sequence Learning Bhumika Bajaj AU2320057,,2025.1.1,59.07218857767291,2025-10-02 17h22.09.425450 +0530,
150,v,101,1,25,v,1,0.5768936000022222,None,25,1,101,1,,,,,258.16849809999985,,258.1546937000021,259.1549312999996,259.1549312999996,259.1549312999996,259.1549312999996,259.1549312999996,260.1556874000016,260.1556874000016,260.1556874000016,260.7363581999998,v,1,0.5768936000022222,None,,,,,Participant 3,001,2025-10-02_17h21.49.987,Motor Sequence Learning Bhumika Bajaj AU2320057,,2025.1.1,59.07218857767291,2025-10-02 17h22.09.425450 +0530,
50,c,102,2,25,c,1,0.6628077999994275,None,25,2,102,2,,,,,260.75085709999985,,260.73734310000145,261.75203260000126,261.75203260000126,261.75203260000126,261.75203260000126,261.75203260000126,262.75466080000115,262.73868810000204,262.73868810000204,263.4030046000007,c,1,0.6628077999994275,None,,,,,Participant 3,001,2025-10-02_17h21.49.987,Motor Sequence Learning Bhumika Bajaj AU2320057,,2025.1.1,59.07218857767291,2025-10-02 17h22.09.425450 +0530,
-150,z,103,3,25,z,1,1.187103100000968,None,25,3,103,3,,,,,263.41755770000236,,263.40354840000145,264.4180813000021,264.4180813000021,264.4180813000021,264.4180813000021,264.4180813000021,265.4184690000002,265.4184690000002,265.4184690000002,266.6169996000026,z,1,1.187103100000968,None,,,,,Participant 3,001,2025-10-02_17h21.49.987,Motor Sequence Learning Bhumika Bajaj AU2320057,,2025.1.1,59.07218857767291,2025-10-02 17h22.09.425450 +0530,
-50,x,104,0,26,x,1,0.9197190000013507,None,26,0,104,0,,,,,266.6327366000005,,266.61746590000257,267.61752740000156,267.61752740000156,267.61752740000156,267.61752740000156,267.61752740000156,268.6181394000014,268.6181394000014,268.6181394000014,269.55476850000196,x,1,0.9197190000013507,None,,,,,Participant 3,001,2025-10-02_17h21.49.987,Motor Sequence Learning Bhumika Bajaj AU2320057,,2025.1.1,59.07218857767291,2025-10-02 17h22.09.425450 +0530,
150,v,105,1,26,v,1,0.4534163999996963,None,26,1,105,1,,,,,269.57292430000234,,269.5556643000018,270.5676714000001,270.5676714000001,270.5676714000001,270.5676714000001,270.5676714000001,271.5697497000001,271.5532177000023,271.5532177000023,272.01785940000264,v,1,0.4534163999996963,None,,,,,Participant 3,001,2025-10-02_17h21.49.987,Motor Sequence Learning Bhumika Bajaj AU2320057,,2025.1.1,59.07218857767291,2025-10-02 17h22.09.425450 +0530,
50,c,106,2,26,c,1,0.3693731999992451,None,26,2,106,2,,,,,272.0337915000018,,272.018396200001,273.02216070000213,273.02216070000213,273.02216070000213,273.02216070000213,273.02216070000213,274.03515010000046,274.03515010000046,274.03515010000046,274.41919340000095,c,1,0.3693731999992451,None,,,,,Participant 3,001,2025-10-02_17h21.49.987,Motor Sequence Learning Bhumika Bajaj AU2320057,,2025.1.1,59.07218857767291,2025-10-02 17h22.09.425450 +0530,
-150,z,107,3,26,z,1,0.01941409999926691,None,26,3,107,3,,,,,274.4351284000004,,274.4197502999996,275.4200963000003,275.4200963000003,275.4200963000003,275.4200963000003,275.4200963000003,276.4345561000009,276.4345561000009,276.4345561000009,276.46877980000136,z,1,0.01941409999926691,None,,,,,Participant 3,001,2025-10-02_17h21.49.987,Motor Sequence Learning Bhumika Bajaj AU2320057,,2025.1.1,59.07218857767291,2025-10-02 17h22.09.425450 +0530,
-50,x,108,0,27,x,1,0.3742223999979615,None,27,0,108,0,,,,,276.4848189000004,,276.46929600000294,277.46567380000124,277.46567380000124,277.46567380000124,277.46567380000124,277.46567380000124,278.4695216,278.4695216,278.4695216,278.85494590000235,x,1,0.3742223999979615,None,,,,,Participant 3,001,2025-10-02_17h21.49.987,Motor Sequence Learning Bhumika Bajaj AU2320057,,2025.1.1,59.07218857767291,2025-10-02 17h22.09.425450 +0530,
150,v,109,1,27,v,1,0.27156250000189175,None,27,1,109,1,,,,,278.871806500003,,278.8558608000021,279.85313080000196,279.85313080000196,279.85313080000196,279.85313080000196,279.85313080000196,280.85429529999965,280.85429529999965,280.85429529999965,281.1344317000003,v,1,0.27156250000189175,None,,,,,Participant 3,001,2025-10-02_17h21.49.987,Motor Sequence Learning Bhumika Bajaj AU2320057,,2025.1.1,59.07218857767291,2025-10-02 17h22.09.425450 +0530,
50,c,110,2,27,c,1,0.8551234999977169,None,27,2,110,2,,,,,281.1493040000023,,281.13483629999973,282.13474510000015,282.13474510000015,282.13474510000015,282.13474510000015,282.13474510000015,283.1349236999995,283.1349236999995,283.1349236999995,284.00209200000245,c,1,0.8551234999977169,None,,,,,Participant 3,001,2025-10-02_17h21.49.987,Motor Sequence Learning Bhumika Bajaj AU2320057,,2025.1.1,59.07218857767291,2025-10-02 17h22.09.425450 +0530,
-150,z,111,3,27,z,1,0.5958241999978782,None,27,3,111,3,,,,,284.01766580000185,,284.0026175000021,285.00114920000124,285.00114920000124,285.00114920000124,285.00114920000124,285.00114920000124,286.00174120000156,286.0179019999996,286.0179019999996,286.61946030000036,z,1,0.5958241999978782,None,,,,,Participant 3,001,2025-10-02_17h21.49.987,Motor Sequence Learning Bhumika Bajaj AU2320057,,2025.1.1,59.07218857767291,2025-10-02 17h22.09.425450 +0530,
-50,x,112,0,28,x,1,0.6445890000031795,None,28,0,112,0,,,,,286.63472380000167,,286.6200811000017,287.6346927000013,287.6346927000013,287.6346927000013,287.6346927000013,287.6346927000013,288.63497140000254,288.63497140000254,288.63497140000254,289.2857072000006,x,1,0.6445890000031795,None,,,,,Participant 3,001,2025-10-02_17h21.49.987,Motor Sequence Learning Bhumika Bajaj AU2320057,,2025.1.1,59.07218857767291,2025-10-02 17h22.09.425450 +0530,
150,v,113,1,28,v,1,0.5505085000004328,None,28,1,113,1,,,,,289.3009832000025,,289.28621620000195,290.28794840000046,290.28794840000046,290.28794840000046,290.28794840000046,290.28794840000046,291.3014703000008,291.3014703000008,291.3014703000008,291.8682864000002,v,1,0.5505085000004328,None,,,,,Participant 3,001,2025-10-02_17h21.49.987,Motor Sequence Learning Bhumika Bajaj AU2320057,,2025.1.1,59.07218857767291,2025-10-02 17h22.09.425450 +0530,
50,c,114,2,28,c,1,0.4563219999981811,None,28,2,114,2,,,,,291.88523050000003,,291.8688988000031,292.8673474999996,292.8673474999996,292.8673474999996,292.8673474999996,292.8673474999996,293.8677889999999,293.8677889999999,293.8677889999999,294.3361490999996,c,1,0.4563219999981811,None,,,,,Participant 3,001,2025-10-02_17h21.49.987,Motor Sequence Learning Bhumika Bajaj AU2320057,,2025.1.1,59.07218857767291,2025-10-02 17h22.09.425450 +0530,
-150,z,115,3,28,z,1,0.29971179999847664,None,28,3,115,3,,,,,294.3509898000011,,294.33665699999983,295.35149770000135,295.35149770000135,295.35149770000135,295.35149770000135,295.35149770000135,296.3511682999997,296.3511682999997,296.3511682999997,296.65388410000014,z,1,0.29971179999847664,None,,,,,Participant 3,001,2025-10-02_17h21.49.987,Motor Sequence Learning Bhumika Bajaj AU2320057,,2025.1.1,59.07218857767291,2025-10-02 17h22.09.425450 +0530,
-50,x,116,0,29,x,1,0.29010610000113957,None,29,0,116,0,,,,,296.6677457000005,,296.65438990000257,297.65373980000004,297.65373980000004,297.65373980000004,297.65373980000004,297.65373980000004,298.65641750000214,298.65641750000214,298.65641750000214,298.9564535999998,x,1,0.29010610000113957,None,,,,,Participant 3,001,2025-10-02_17h21.49.987,Motor Sequence Learning Bhumika Bajaj AU2320057,,2025.1.1,59.07218857767291,2025-10-02 17h22.09.425450 +0530,
150,v,117,1,29,v,1,0.17708590000256663,None,29,1,117,1,,,,,298.96851470000183,,298.9570961000027,299.96778670000276,299.96778670000276,299.96778670000276,299.96778670000276,299.96778670000276,300.98436570000194,300.968169900003,300.968169900003,301.1514219000019,v,1,0.17708590000256663,None,,,,,Participant 3,001,2025-10-02_17h21.49.987,Motor Sequence Learning Bhumika Bajaj AU2320057,,2025.1.1,59.07218857767291,2025-10-02 17h22.09.425450 +0530,
50,c,118,2,29,c,1,0.37540179999996326,None,29,2,118,2,,,,,301.16756590000296,,301.1519655000011,302.1514636000029,302.1514636000029,302.1514636000029,302.1514636000029,302.1514636000029,303.15086470000097,303.15086470000097,303.15086470000097,303.5362540999995,c,1,0.37540179999996326,None,,,,,Participant 3,001,2025-10-02_17h21.49.987,Motor Sequence Learning Bhumika Bajaj AU2320057,,2025.1.1,59.07218857767291,2025-10-02 17h22.09.425450 +0530,
-150,z,119,3,29,z,1,0.14578480000272975,None,29,3,119,3,,,,,303.5518539000004,,303.5367705000026,304.5500064000007,304.5500064000007,304.5500064000007,304.5500064000007,304.5500064000007,305.5513434000022,305.5513434000022,305.5513434000022,305.7025562000017,z,1,0.14578480000272975,None,,,,,Participant 3,001,2025-10-02_17h21.49.987,Motor Sequence Learning Bhumika Bajaj AU2320057,,2025.1.1,59.07218857767291,2025-10-02 17h22.09.425450 +0530,
-50,x,120,0,30,x,1,0.45253040000170586,None,30,0,120,0,,,,,305.71815400000196,,305.7030883000007,306.71754750000036,306.71754750000036,306.71754750000036,306.71754750000036,306.71754750000036,307.7176851000004,307.70045820000087,307.70045820000087,308.1690742000028,x,1,0.45253040000170586,None,,,,,Participant 3,001,2025-10-02_17h21.49.987,Motor Sequence Learning Bhumika Bajaj AU2320057,,2025.1.1,59.07218857767291,2025-10-02 17h22.09.425450 +0530,
150,v,121,1,30,v,1,0.28595560000030673,None,30,1,121,1,,,,,308.18436680000013,,308.1696017000031,309.184439800003,309.184439800003,309.184439800003,309.184439800003,309.184439800003,310.18483560000095,310.18483560000095,310.18483560000095,310.4851756999997,v,1,0.28595560000030673,None,,,,,Participant 3,001,2025-10-02_17h21.49.987,Motor Sequence Learning Bhumika Bajaj AU2320057,,2025.1.1,59.07218857767291,2025-10-02 17h22.09.425450 +0530,
50,c,122,2,30,c,1,0.645357100002002,None,30,2,122,2,,,,,310.5017086000007,,310.48568200000227,311.4867927000014,311.4867927000014,311.4867927000014,311.4867927000014,311.4867927000014,312.5006923000001,312.4851641000023,312.4851641000023,313.136376800001,c,1,0.645357100002002,None,,,,,Participant 3,001,2025-10-02_17h21.49.987,Motor Sequence Learning Bhumika Bajaj AU2320057,,2025.1.1,59.07218857767291,2025-10-02 17h22.09.425450 +0530,
-150,z,123,3,30,z,1,0.47870139999940875,None,30,3,123,3,,,,,313.15174509999997,,313.13692260000244,314.1363170000004,314.1363170000004,314.1363170000004,314.1363170000004,314.1363170000004,315.15076039999985,315.15076039999985,315.15076039999985,315.6350377000017,z,1,0.47870139999940875,None,,,,,Participant 3,001,2025-10-02_17h21.49.987,Motor Sequence Learning Bhumika Bajaj AU2320057,,2025.1.1,59.07218857767291,2025-10-02 17h22.09.425450 +0530,
-50,x,124,0,31,x,1,0.3786906000023009,None,31,0,124,0,,,,,315.650553200001,,315.6355949000026,316.63637430000017,316.63637430000017,316.63637430000017,316.63637430000017,316.63637430000017,317.65110670000286,317.63389780000216,317.63389780000216,318.01785120000204,x,1,0.3786906000023009,None,,,,,Participant 3,001,2025-10-02_17h21.49.987,Motor Sequence Learning Bhumika Bajaj AU2320057,,2025.1.1,59.07218857767291,2025-10-02 17h22.09.425450 +0530,
150,v,125,1,31,v,1,0.7173477000033017,None,31,1,125,1,,,,,318.0338585999998,,318.0183864000028,319.01916580000034,319.01916580000034,319.01916580000034,319.01916580000034,319.01916580000034,320.0346825000015,320.0346825000015,320.0346825000015,320.75670320000063,v,1,0.7173477000033017,None,,,,,Participant 3,001,2025-10-02_17h21.49.987,Motor Sequence Learning Bhumika Bajaj AU2320057,,2025.1.1,59.07218857767291,2025-10-02 17h22.09.425450 +0530,
50,c,126,2,31,c,1,0.6407289999988279,None,31,2,126,2,,,,,320.7679250000001,,320.75776360000236,321.7715100000023,321.7715100000023,321.7715100000023,321.7715100000023,321.7715100000023,322.77183330000116,322.77183330000116,322.77183330000116,323.4179839999997,c,1,0.6407289999988279,None,,,,,Participant 3,001,2025-10-02_17h21.49.987,Motor Sequence Learning Bhumika Bajaj AU2320057,,2025.1.1,59.07218857767291,2025-10-02 17h22.09.425450 +0530,
-150,z,127,3,31,z,1,0.660148200000549,None,31,3,127,3,,,,,323.4343187000013,,323.4185075000023,324.41793189999953,324.41793189999953,324.41793189999953,324.41793189999953,324.41793189999953,325.41768010000305,325.41768010000305,325.41768010000305,326.0837485000011,z,1,0.660148200000549,None,,,,,Participant 3,001,2025-10-02_17h21.49.987,Motor Sequence Learning Bhumika Bajaj AU2320057,,2025.1.1,59.07218857767291,2025-10-02 17h22.09.425450 +0530,
-50,x,128,0,32,x,1,0.34528149999823654,None,32,0,128,0,,,,,326.1001534999996,,326.0841352000025,327.09798090000186,327.09798090000186,327.09798090000186,327.09798090000186,327.09798090000186,328.1014146000016,328.08458170000085,328.08458170000085,328.43559900000037,x,1,0.34528149999823654,None,,,,,Participant 3,001,2025-10-02_17h21.49.987,Motor Sequence Learning Bhumika Bajaj AU2320057,,2025.1.1,59.07218857767291,2025-10-02 17h22.09.425450 +0530,
150,v,129,1,32,v,1,0.507576700001664,None,32,1,129,1,,,,,328.4504949000002,,328.4361261000013,329.4488882000005,329.4488882000005,329.4488882000005,329.4488882000005,329.4488882000005,330.4514826000013,330.4514826000013,330.4514826000013,330.9720625000009,v,1,0.507576700001664,None,,,,,Participant 3,001,2025-10-02_17h21.49.987,Motor Sequence Learning Bhumika Bajaj AU2320057,,2025.1.1,59.07218857767291,2025-10-02 17h22.09.425450 +0530,
50,c,130,2,32,c,1,1.0648441999983334,None,32,2,130,2,,,,,330.98732329999984,,330.9734031000007,331.9839702999998,331.9839702999998,331.9839702999998,331.9839702999998,331.9839702999998,332.98263550000047,332.98263550000047,332.98263550000047,334.05081110000174,c,1,1.0648441999983334,None,,,,,Participant 3,001,2025-10-02_17h21.49.987,Motor Sequence Learning Bhumika Bajaj AU2320057,,2025.1.1,59.07218857767291,2025-10-02 17h22.09.425450 +0530,
-150,z,131,3,32,z,1,0.5640684999998484,None,32,3,131,3,,,,,334.0662408999997,,334.05130819999977,335.0499744000008,335.0499744000008,335.0499744000008,335.0499744000008,335.0499744000008,336.0509825000008,336.0509825000008,336.0509825000008,336.6160904999997,z,1,0.5640684999998484,None,,,,,Participant 3,001,2025-10-02_17h21.49.987,Motor Sequence Learning Bhumika Bajaj AU2320057,,2025.1.1,59.07218857767291,2025-10-02 17h22.09.425450 +0530,
-50,x,132,0,33,x,1,0.27535139999963576,None,33,0,132,0,,,,,336.6316059000019,,336.61662520000027,337.6154975000027,337.6154975000027,337.6154975000027,337.6154975000027,337.6154975000027,338.61726620000263,338.61726620000263,338.61726620000263,338.90123909999966,x,1,0.27535139999963576,None,,,,,Participant 3,001,2025-10-02_17h21.49.987,Motor Sequence Learning Bhumika Bajaj AU2320057,,2025.1.1,59.07218857767291,2025-10-02 17h22.09.425450 +0530,
150,v,133,1,33,v,1,0.26486490000024787,None,33,1,133,1,,,,,338.91702280000027,,338.901772600002,339.9028321000005,339.9028321000005,339.9028321000005,339.9028321000005,339.9028321000005,340.90425680000044,340.90425680000044,340.90425680000044,341.1709300000002,v,1,0.26486490000024787,None,,,,,Participant 3,001,2025-10-02_17h21.49.987,Motor Sequence Learning Bhumika Bajaj AU2320057,,2025.1.1,59.07218857767291,2025-10-02 17h22.09.425450 +0530,
50,c,134,2,33,c,1,0.22132000000055996,None,33,2,134,2,,,,,341.1850430000013,,341.17201900000146,342.169709400001,342.169709400001,342.169709400001,342.169709400001,342.169709400001,343.1846747000018,343.1846747000018,343.1846747000018,343.4180718000025,c,1,0.22132000000055996,None,,,,,Participant 3,001,2025-10-02_17h21.49.987,Motor Sequence Learning Bhumika Bajaj AU2320057,,2025.1.1,59.07218857767291,2025-10-02 17h22.09.425450 +0530,
-150,z,135,3,33,z,1,0.14078759999756585,None,33,3,135,3,,,,,343.4337409,,343.4185776000013,344.4175342000017,344.4175342000017,344.4175342000017,344.4175342000017,344.4175342000017,345.4172577999998,345.4172577999998,345.4172577999998,345.5679415000013,z,1,0.14078759999756585,None,,,,,Participant 3,001,2025-10-02_17h21.49.987,Motor Sequence Learning Bhumika Bajaj AU2320057,,2025.1.1,59.07218857767291,2025-10-02 17h22.09.425450 +0530,
-50,x,136,0,34,x,1,0.28360370000154944,None,34,0,136,0,,,,,345.5840860999997,,345.5684493000008,346.56739279999965,346.56739279999965,346.56739279999965,346.56739279999965,346.56739279999965,347.567308200003,347.567308200003,347.567308200003,347.8557677000026,x,1,0.28360370000154944,None,,,,,Participant 3,001,2025-10-02_17h21.49.987,Motor Sequence Learning Bhumika Bajaj AU2320057,,2025.1.1,59.07218857767291,2025-10-02 17h22.09.425450 +0530,
150,v,137,1,34,v,1,0.37697450000268873,None,34,1,137,1,,,,,347.87101950000215,,347.85659600000145,348.87138750000304,348.87138750000304,348.87138750000304,348.87138750000304,348.87138750000304,349.8705993000003,349.8705993000003,349.8705993000003,350.2518544000013,v,1,0.37697450000268873,None,,,,,Participant 3,001,2025-10-02_17h21.49.987,Motor Sequence Learning Bhumika Bajaj AU2320057,,2025.1.1,59.07218857767291,2025-10-02 17h22.09.425450 +0530,
50,c,138,2,34,c,1,0.37368140000035055,None,34,2,138,2,,,,,350.26744360000157,,350.25235840000096,351.25056600000244,351.25056600000244,351.25056600000244,351.25056600000244,351.25056600000244,352.25036530000216,352.25036530000216,352.25036530000216,352.63529410000046,c,1,0.37368140000035055,None,,,,,Participant 3,001,2025-10-02_17h21.49.987,Motor Sequence Learning Bhumika Bajaj AU2320057,,2025.1.1,59.07218857767291,2025-10-02 17h22.09.425450 +0530,
-150,z,139,3,34,z,1,0.3697305999994569,None,34,3,139,3,,,,,352.65113570000176,,352.63580730000103,353.6508958000013,353.6508958000013,353.6508958000013,353.6508958000013,353.6508958000013,354.6512524000027,354.6512524000027,354.6512524000027,355.0347503000012,z,1,0.3697305999994569,None,,,,,Participant 3,001,2025-10-02_17h21.49.987,Motor Sequence Learning Bhumika Bajaj AU2320057,,2025.1.1,59.07218857767291,2025-10-02 17h22.09.425450 +0530,
-50,x,140,0,35,c,0,0.09799099999872851,None,35,0,140,0,,,,,355.04909340000086,,355.03529809999964,356.05101300000024,356.05101300000024,356.05101300000024,356.05101300000024,356.05101300000024,357.06480120000197,357.048045800002,357.048045800002,357.15132240000094,c,0,0.09799099999872851,None,,,,,Participant 3,001,2025-10-02_17h21.49.987,Motor Sequence Learning Bhumika Bajaj AU2320057,,2025.1.1,59.07218857767291,2025-10-02 17h22.09.425450 +0530,
150,v,141,1,35,v,1,0.6605774000017846,None,35,1,141,1,,,,,357.1693851000018,,357.15187330000117,358.1502051999996,358.1502051999996,358.1502051999996,358.1502051999996,358.1502051999996,359.151041000001,359.151041000001,359.151041000001,359.81595039999956,v,1,0.6605774000017846,None,,,,,Participant 3,001,2025-10-02_17h21.49.987,Motor Sequence Learning Bhumika Bajaj AU2320057,,2025.1.1,59.07218857767291,2025-10-02 17h22.09.425450 +0530,
50,c,142,2,35,c,1,0.31085890000031213,None,35,2,142,2,,,,,359.8318259000007,,359.81646770000225,360.81994920000216,360.81994920000216,360.81994920000216,360.81994920000216,360.81994920000216,361.820833400001,361.820833400001,361.820833400001,362.134644400001,c,1,0.31085890000031213,None,,,,,Participant 3,001,2025-10-02_17h21.49.987,Motor Sequence Learning Bhumika Bajaj AU2320057,,2025.1.1,59.07218857767291,2025-10-02 17h22.09.425450 +0530,
-150,z,143,3,35,z,1,0.38309429999935674,None,35,3,143,3,,,,,362.14902970000185,,362.13499500000034,363.13722600000256,363.13722600000256,363.13722600000256,363.13722600000256,363.13722600000256,364.1373714000001,364.1373714000001,364.1373714000001,364.533215200001,z,1,0.38309429999935674,None,,,,,Participant 3,001,2025-10-02_17h21.49.987,Motor Sequence Learning Bhumika Bajaj AU2320057,,2025.1.1,59.07218857767291,2025-10-02 17h22.09.425450 +0530,
-50,x,144,0,36,x,1,0.44014529999913066,None,36,0,144,0,,,,,364.54886290000286,,364.53373360000114,365.5343457000017,365.5343457000017,365.5343457000017,365.5343457000017,365.5343457000017,366.53404070000033,366.53404070000033,366.53404070000033,366.98449240000264,x,1,0.44014529999913066,None,,,,,Participant 3,001,2025-10-02_17h21.49.987,Motor Sequence Learning Bhumika Bajaj AU2320057,,2025.1.1,59.07218857767291,2025-10-02 17h22.09.425450 +0530,
150,v,145,1,36,v,1,0.3853458999983559,None,36,1,145,1,,,,,367.0007435000007,,366.98503150000033,367.9841903000015,367.9841903000015,367.9841903000015,367.9841903000015,367.9841903000015,368.9843512000007,368.9843512000007,368.9843512000007,369.38471910000226,v,1,0.3853458999983559,None,,,,,Participant 3,001,2025-10-02_17h21.49.987,Motor Sequence Learning Bhumika Bajaj AU2320057,,2025.1.1,59.07218857767291,2025-10-02 17h22.09.425450 +0530,
50,c,146,2,36,c,1,1.1322776999986672,None,36,2,146,2,,,,,369.4011109000021,,369.3852489000019,370.3841564000031,370.3841564000031,370.3841564000031,370.3841564000031,370.3841564000031,371.3827746999996,371.4006585999996,371.4006585999996,372.53807660000166,c,1,1.1322776999986672,None,,,,,Participant 3,001,2025-10-02_17h21.49.987,Motor Sequence Learning Bhumika Bajaj AU2320057,,2025.1.1,59.07218857767291,2025-10-02 17h22.09.425450 +0530,
-150,z,147,3,36,z,1,0.3566299000012805,None,36,3,147,3,,,,,372.55324420000034,,372.5391529000008,373.5507415000029,373.5507415000029,373.5507415000029,373.5507415000029,373.5507415000029,374.55014980000124,374.55014980000124,374.55014980000124,374.91853750000155,z,1,0.3566299000012805,None,,,,,Participant 3,001,2025-10-02_17h21.49.987,Motor Sequence Learning Bhumika Bajaj AU2320057,,2025.1.1,59.07218857767291,2025-10-02 17h22.09.425450 +0530,
-50,x,148,0,37,x,1,0.2828894999984186,None,37,0,148,0,,,,,374.9346422000017,,374.9190404000001,375.9207282999996,375.9207282999996,375.9207282999996,375.9207282999996,375.9207282999996,376.933850100002,376.91762160000144,376.91762160000144,377.202234700002,x,1,0.2828894999984186,None,,,,,Participant 3,001,2025-10-02_17h21.49.987,Motor Sequence Learning Bhumika Bajaj AU2320057,,2025.1.1,59.07218857767291,2025-10-02 17h22.09.425450 +0530,
150,v,149,1,37,x,0,0.47241630000280566,None,37,1,149,1,,,,,377.2173220000004,,377.2027489000029,378.2178414000009,378.2178414000009,378.2178414000009,378.2178414000009,378.2178414000009,379.22034630000053,379.20379390000016,379.20379390000016,379.6873087000022,x,0,0.47241630000280566,None,,,,,Participant 3,001,2025-10-02_17h21.49.987,Motor Sequence Learning Bhumika Bajaj AU2320057,,2025.1.1,59.07218857767291,2025-10-02 17h22.09.425450 +0530,
50,c,150,2,37,c,1,0.7077728000003844,None,37,2,150,2,,,,,379.70068060000267,,379.68799240000226,380.7007502000015,380.7007502000015,380.7007502000015,380.7007502000015,380.7007502000015,381.7031625000018,381.7031625000018,381.7031625000018,382.42194010000094,c,1,0.7077728000003844,None,,,,,Participant 3,001,2025-10-02_17h21.49.987,Motor Sequence Learning Bhumika Bajaj AU2320057,,2025.1.1,59.07218857767291,2025-10-02 17h22.09.425450 +0530,
-150,z,151,3,37,z,1,2.2549756999978854,None,37,3,151,3,,,,,382.43696009999985,,382.4227888000023,383.4370043000017,383.4370043000017,383.4370043000017,383.4370043000017,383.4370043000017,384.45064249999996,384.43393050000304,384.43393050000304,386.701543500003,z,1,2.2549756999978854,None,,,,,Participant 3,001,2025-10-02_17h21.49.987,Motor Sequence Learning Bhumika Bajaj AU2320057,,2025.1.1,59.07218857767291,2025-10-02 17h22.09.425450 +0530,
-50,x,152,0,38,x,1,0.5371943999998621,None,38,0,152,0,,,,,386.7180924000022,,386.70212340000216,387.7005700000009,387.7005700000009,387.7005700000009,387.7005700000009,387.7005700000009,388.69834510000146,388.71552800000063,388.71552800000063,389.2680336000012,x,1,0.5371943999998621,None,,,,,Participant 3,001,2025-10-02_17h21.49.987,Motor Sequence Learning Bhumika Bajaj AU2320057,,2025.1.1,59.07218857767291,2025-10-02 17h22.09.425450 +0530,
150,v,153,1,38,v,1,1.0266730000003008,None,38,1,153,1,,,,,389.28411849999975,,389.26853839999967,390.2837873999997,390.2837873999997,390.2837873999997,390.2837873999997,390.2837873999997,391.2856113000016,391.2690083000016,391.2690083000016,392.3009893000017,v,1,1.0266730000003008,None,,,,,Participant 3,001,2025-10-02_17h21.49.987,Motor Sequence Learning Bhumika Bajaj AU2320057,,2025.1.1,59.07218857767291,2025-10-02 17h22.09.425450 +0530,
50,c,154,2,38,c,1,0.6389925000003132,None,38,2,154,2,,,,,392.31701780000003,,392.30150010000216,393.3002321000022,393.3002321000022,393.3002321000022,393.3002321000022,393.3002321000022,394.3145078000016,394.3145078000016,394.3145078000016,394.96777210000073,c,1,0.6389925000003132,None,,,,,Participant 3,001,2025-10-02_17h21.49.987,Motor Sequence Learning Bhumika Bajaj AU2320057,,2025.1.1,59.07218857767291,2025-10-02 17h22.09.425450 +0530,
-150,z,155,3,38,z,1,0.6553582999986247,None,38,3,155,3,,,,,394.98397380000097,,394.9682669000031,395.9674384000027,395.9674384000027,395.9674384000027,395.9674384000027,395.9674384000027,396.96744780000154,396.98336740000013,396.98336740000013,397.65103570000065,z,1,0.6553582999986247,None,,,,,Participant 3,001,2025-10-02_17h21.49.987,Motor Sequence Learning Bhumika Bajaj AU2320057,,2025.1.1,59.07218857767291,2025-10-02 17h22.09.425450 +0530,
-50,x,156,0,39,x,1,0.6046562000010454,None,39,0,156,0,,,,,397.66681059999974,,397.65154430000257,398.64994600000136,398.64994600000136,398.64994600000136,398.64994600000136,398.64994600000136,399.65419459999976,399.65419459999976,399.65419459999976,400.2678089000001,x,1,0.6046562000010454,None,,,,,Participant 3,001,2025-10-02_17h21.49.987,Motor Sequence Learning Bhumika Bajaj AU2320057,,2025.1.1,59.07218857767291,2025-10-02 17h22.09.425450 +0530,
150,v,157,1,39,v,1,1.088024900000164,None,39,1,157,1,,,,,400.28340890000254,,400.2682996000003,401.2820959000019,401.2820959000019,401.2820959000019,401.2820959000019,401.2820959000019,402.2837803000002,402.2837803000002,402.2837803000002,403.3891970000004,v,1,1.088024900000164,None,,,,,Participant 3,001,2025-10-02_17h21.49.987,Motor Sequence Learning Bhumika Bajaj AU2320057,,2025.1.1,59.07218857767291,2025-10-02 17h22.09.425450 +0530,
50,c,158,2,39,c,1,1.126165100002254,None,39,2,158,2,,,,,403.4031891000013,,403.3900727,404.40347250000195,404.40347250000195,404.40347250000195,404.40347250000195,404.40347250000195,405.41749790000176,405.41749790000176,405.41749790000176,406.5510396000027,c,1,1.126165100002254,None,,,,,Participant 3,001,2025-10-02_17h21.49.987,Motor Sequence Learning Bhumika Bajaj AU2320057,,2025.1.1,59.07218857767291,2025-10-02 17h22.09.425450 +0530,
-150,z,159,3,39,x,0,1.077798400001484,None,39,3,159,3,,,,,406.5676444000019,,406.5515443000004,407.566758500001,407.566758500001,407.566758500001,407.566758500001,407.566758500001,408.5684797000031,408.5510342000016,408.5510342000016,409.63441530000273,x,0,1.077798400001484,None,,,,,Participant 3,001,2025-10-02_17h21.49.987,Motor Sequence Learning Bhumika Bajaj AU2320057,,2025.1.1,59.07218857767291,2025-10-02 17h22.09.425450 +0530,
-50,x,160,0,40,x,1,0.5819773999974132,None,40,0,160,0,,,,,409.6499388000011,,409.63494920000085,410.64730300000156,410.64730300000156,410.64730300000156,410.64730300000156,410.64730300000156,411.6500151,411.6339009000003,411.6339009000003,412.2186438000026,x,1,0.5819773999974132,None,,,,,Participant 3,001,2025-10-02_17h21.49.987,Motor Sequence Learning Bhumika Bajaj AU2320057,,2025.1.1,59.07218857767291,2025-10-02 17h22.09.425450 +0530,
150,v,161,1,40,c,0,0.4426351000001887,None,40,1,161,1,,,,,412.2338980000022,,412.2191516000021,413.22000390000176,413.22000390000176,413.22000390000176,413.22000390000176,413.22000390000176,414.2180421000012,414.2180421000012,414.2180421000012,414.66708350000044,c,0,0.4426351000001887,None,,,,,Participant 3,001,2025-10-02_17h21.49.987,Motor Sequence Learning Bhumika Bajaj AU2320057,,2025.1.1,59.07218857767291,2025-10-02 17h22.09.425450 +0530,
50,c,162,2,40,c,1,0.3965687000018079,None,40,2,162,2,,,,,414.6831452000006,,414.66761320000296,415.6698740000029,415.6698740000029,415.6698740000029,415.6698740000029,415.6698740000029,416.68372120000276,416.66675880000184,416.66675880000184,417.0679059000031,c,1,0.3965687000018079,None,,,,,Participant 3,001,2025-10-02_17h21.49.987,Motor Sequence Learning Bhumika Bajaj AU2320057,,2025.1.1,59.07218857767291,2025-10-02 17h22.09.425450 +0530,
-150,z,163,3,40,z,1,0.8665765000005194,None,40,3,163,3,,,,,417.08410220000223,,417.06842099999994,418.0837309000017,418.0837309000017,418.0837309000017,418.0837309000017,418.0837309000017,419.100236600003,419.08087850000084,419.08087850000084,419.9527885999996,z,1,0.8665765000005194,None,,,,,Participant 3,001,2025-10-02_17h21.49.987,Motor Sequence Learning Bhumika Bajaj AU2320057,,2025.1.1,59.07218857767291,2025-10-02 17h22.09.425450 +0530,
-50,x,164,0,41,x,1,0.33043330000145943,None,41,0,164,0,,,,,419.96768670000165,,419.95328300000256,420.95319440000094,420.95319440000094,420.95319440000094,420.95319440000094,420.95319440000094,421.9665365000001,421.9665365000001,421.9665365000001,422.300908600002,x,1,0.33043330000145943,None,,,,,Participant 3,001,2025-10-02_17h21.49.987,Motor Sequence Learning Bhumika Bajaj AU2320057,,2025.1.1,59.07218857767291,2025-10-02 17h22.09.425450 +0530,
150,v,165,1,41,v,1,0.2552485999985947,None,41,1,165,1,,,,,422.3167439000026,,422.3014084000024,423.3141319000024,423.3141319000024,423.3141319000024,423.3141319000024,423.3141319000024,424.3143732000026,424.3143732000026,424.3143732000026,424.5813909000026,v,1,0.2552485999985947,None,,,,,Participant 3,001,2025-10-02_17h21.49.987,Motor Sequence Learning Bhumika Bajaj AU2320057,,2025.1.1,59.07218857767291,2025-10-02 17h22.09.425450 +0530,
50,c,166,2,41,c,1,0.488279600001988,None,41,2,166,2,,,,,424.5974051000012,,424.58190319999994,425.5834845999998,425.5834845999998,425.5834845999998,425.5834845999998,425.5834845999998,426.5829276000004,426.5829276000004,426.5829276000004,427.08232620000126,c,1,0.488279600001988,None,,,,,Participant 3,001,2025-10-02_17h21.49.987,Motor Sequence Learning Bhumika Bajaj AU2320057,,2025.1.1,59.07218857767291,2025-10-02 17h22.09.425450 +0530,
-150,z,167,3,41,z,1,0.4624736000005214,None,41,3,167,3,,,,,427.0988486999995,,427.08265790000223,428.0830749000015,428.0830749000015,428.0830749000015,428.0830749000015,428.0830749000015,429.0832683000008,429.0832683000008,429.0832683000008,429.55003900000156,z,1,0.4624736000005214,None,,,,,Participant 3,001,2025-10-02_17h21.49.987,Motor Sequence Learning Bhumika Bajaj AU2320057,,2025.1.1,59.07218857767291,2025-10-02 17h22.09.425450 +0530,
-50,x,168,0,42,x,1,0.3950556999989203,None,42,0,168,0,,,,,429.56670470000245,,429.55056630000036,430.5528403000026,430.5528403000026,430.5528403000026,430.5528403000026,430.5528403000026,431.566373200003,431.55059679999977,431.55059679999977,431.9547485000003,x,1,0.3950556999989203,None,,,,,Participant 3,001,2025-10-02_17h21.49.987,Motor Sequence Learning Bhumika Bajaj AU2320057,,2025.1.1,59.07218857767291,2025-10-02 17h22.09.425450 +0530,
150,v,169,1,42,v,1,0.31684970000060275,None,42,1,169,1,,,,,431.9696646000011,,431.9556145000024,432.9678201000024,432.9678201000024,432.9678201000024,432.9678201000024,432.9678201000024,433.96748670000306,433.96748670000306,433.96748670000306,434.30341190000036,v,1,0.31684970000060275,None,,,,,Participant 3,001,2025-10-02_17h21.49.987,Motor Sequence Learning Bhumika Bajaj AU2320057,,2025.1.1,59.07218857767291,2025-10-02 17h22.09.425450 +0530,
50,c,170,2,42,c,1,0.1799784999966505,None,42,2,170,2,,,,,434.3210246000017,,434.30433520000224,435.30260869999984,435.30260869999984,435.30260869999984,435.30260869999984,435.30260869999984,436.31413500000053,436.31413500000053,436.31413500000053,436.5047584000022,c,1,0.1799784999966505,None,,,,,Participant 3,001,2025-10-02_17h21.49.987,Motor Sequence Learning Bhumika Bajaj AU2320057,,2025.1.1,59.07218857767291,2025-10-02 17h22.09.425450 +0530,
-150,z,171,3,42,z,1,0.15577699999994365,None,42,3,171,3,,,,,436.52003719999993,,436.50566340000296,437.5159609000002,437.5159609000002,437.5159609000002,437.5159609000002,437.5159609000002,438.5164337000024,438.5164337000024,438.5164337000024,438.68885560000126,z,1,0.15577699999994365,None,,,,,Participant 3,001,2025-10-02_17h21.49.987,Motor Sequence Learning Bhumika Bajaj AU2320057,,2025.1.1,59.07218857767291,2025-10-02 17h22.09.425450 +0530,
-50,x,172,0,43,c,0,0.8570885000008275,None,43,0,172,0,,,,,438.7025538000016,,438.6897635000023,439.6998655000025,439.6998655000025,439.6998655000025,439.6998655000025,439.6998655000025,440.71442800000295,440.6984639000002,440.6984639000002,441.567853200002,c,0,0.8570885000008275,None,,,,,Participant 3,001,2025-10-02_17h21.49.987,Motor Sequence Learning Bhumika Bajaj AU2320057,,2025.1.1,59.07218857767291,2025-10-02 17h22.09.425450 +0530,
150,v,173,1,43,c,0,0.44718959999954677,None,43,1,173,1,,,,,441.5826796000001,,441.56839890000265,442.5685639000003,442.5685639000003,442.5685639000003,442.5685639000003,442.5685639000003,443.5672691,443.5672691,443.5672691,444.0183883999998,c,0,0.44718959999954677,None,,,,,Participant 3,001,2025-10-02_17h21.49.987,Motor Sequence Learning Bhumika Bajaj AU2320057,,2025.1.1,59.07218857767291,2025-10-02 17h22.09.425450 +0530,
50,c,174,2,43,c,1,0.44636259999970207,None,43,2,174,2,,,,,444.03285210000104,,444.0190810000022,445.03260969999974,445.03260969999974,445.03260969999974,445.03260969999974,445.03260969999974,446.03309340000123,446.03309340000123,446.03309340000123,446.4838313,c,1,0.44636259999970207,None,,,,,Participant 3,001,2025-10-02_17h21.49.987,Motor Sequence Learning Bhumika Bajaj AU2320057,,2025.1.1,59.07218857767291,2025-10-02 17h22.09.425450 +0530,
-150,z,175,3,43,z,1,0.5800213000002259,None,43,3,175,3,,,,,446.499874000001,,446.48433240000304,447.48321550000037,447.48321550000037,447.48321550000037,447.48321550000037,447.48321550000037,448.4831333000002,448.4831333000002,448.4831333000002,449.06782290000046,z,1,0.5800213000002259,None,,,,,Participant 3,001,2025-10-02_17h21.49.987,Motor Sequence Learning Bhumika Bajaj AU2320057,,2025.1.1,59.07218857767291,2025-10-02 17h22.09.425450 +0530,
-50,x,176,0,44,x,1,0.585999200000515,None,44,0,176,0,,,,,449.08301720000236,,449.06837120000273,450.0835184000025,450.0835184000025,450.0835184000025,450.0835184000025,450.0835184000025,451.0833281000014,451.06604490000245,451.06604490000245,451.6665549999998,x,1,0.585999200000515,None,,,,,Participant 3,001,2025-10-02_17h21.49.987,Motor Sequence Learning Bhumika Bajaj AU2320057,,2025.1.1,59.07218857767291,2025-10-02 17h22.09.425450 +0530,
150,v,177,1,44,v,1,0.38024919999952544,None,44,1,177,1,,,,,451.6823074000022,,451.6670819000028,452.6667140000027,452.6667140000027,452.6667140000027,452.6667140000027,452.6667140000027,453.6652056000021,453.6652056000021,453.6652056000021,454.0515187000019,v,1,0.38024919999952544,None,,,,,Participant 3,001,2025-10-02_17h21.49.987,Motor Sequence Learning Bhumika Bajaj AU2320057,,2025.1.1,59.07218857767291,2025-10-02 17h22.09.425450 +0530,
50,c,178,2,44,c,1,0.28639969999858295,None,44,2,178,2,,,,,454.06680830000187,,454.0520280000019,455.0664434999999,455.0664434999999,455.0664434999999,455.0664434999999,455.0664434999999,456.0661906000023,456.0661906000023,456.0661906000023,456.36686720000216,c,1,0.28639969999858295,None,,,,,Participant 3,001,2025-10-02_17h21.49.987,Motor Sequence Learning Bhumika Bajaj AU2320057,,2025.1.1,59.07218857767291,2025-10-02 17h22.09.425450 +0530,
-150,z,179,3,44,z,1,0.29747060000227066,None,44,3,179,3,,,,,456.38266620000286,,456.3673837999995,457.366255500001,457.366255500001,457.366255500001,457.366255500001,457.366255500001,458.355653300001,458.355653300001,458.355653300001,458.65825330000007,z,1,0.29747060000227066,None,,,,,Participant 3,001,2025-10-02_17h21.49.987,Motor Sequence Learning Bhumika Bajaj AU2320057,,2025.1.1,59.07218857767291,2025-10-02 17h22.09.425450 +0530,
-50,x,180,0,45,x,1,0.3152063999987149,None,45,0,180,0,,,,,458.6750248999997,,458.658761900002,459.6576120999998,459.6576120999998,459.6576120999998,459.6576120999998,459.6576120999998,460.66252950000126,460.66252950000126,460.66252950000126,460.9906719999999,x,1,0.3152063999987149,None,,,,,Participant 3,001,2025-10-02_17h21.49.987,Motor Sequence Learning Bhumika Bajaj AU2320057,,2025.1.1,59.07218857767291,2025-10-02 17h22.09.425450 +0530,
150,v,181,1,45,v,1,0.5113423000002513,None,45,1,181,1,,,,,461.00631110000177,,460.9910149999996,461.9922719000024,461.9922719000024,461.9922719000024,461.9922719000024,461.9922719000024,462.9917478000025,462.9917478000025,462.9917478000025,463.51456250000047,v,1,0.5113423000002513,None,,,,,Participant 3,001,2025-10-02_17h21.49.987,Motor Sequence Learning Bhumika Bajaj AU2320057,,2025.1.1,59.07218857767291,2025-10-02 17h22.09.425450 +0530,
50,c,182,2,45,c,1,0.6288535999992746,None,45,2,182,2,,,,,463.5258762000012,,463.51537120000285,464.52472320000015,464.52472320000015,464.52472320000015,464.52472320000015,464.52472320000015,465.52710110000044,465.52710110000044,465.52710110000044,466.16366760000165,c,1,0.6288535999992746,None,,,,,Participant 3,001,2025-10-02_17h21.49.987,Motor Sequence Learning Bhumika Bajaj AU2320057,,2025.1.1,59.07218857767291,2025-10-02 17h22.09.425450 +0530,
-150,z,183,3,45,z,1,0.2500542999987374,None,45,3,183,3,,,,,466.17787840000165,,466.16460480000023,467.1752944,467.1752944,467.1752944,467.1752944,467.1752944,468.17748290000236,468.17748290000236,468.17748290000236,468.42988980000155,z,1,0.2500542999987374,None,,,,,Participant 3,001,2025-10-02_17h21.49.987,Motor Sequence Learning Bhumika Bajaj AU2320057,,2025.1.1,59.07218857767291,2025-10-02 17h22.09.425450 +0530,
-50,x,184,0,46,x,1,0.18275759999960428,None,46,0,184,0,,,,,468.4436983000014,,468.43075800000224,469.44534120000026,469.44534120000026,469.44534120000026,469.44534120000026,469.44534120000026,470.5054474000026,470.44705290000275,470.44705290000275,470.641096000003,x,1,0.18275759999960428,None,,,,,Participant 3,001,2025-10-02_17h21.49.987,Motor Sequence Learning Bhumika Bajaj AU2320057,,2025.1.1,59.07218857767291,2025-10-02 17h22.09.425450 +0530,
150,v,185,1,46,h,0,4.433328999999503,None,46,1,185,1,,,,,470.6574787999998,,470.6417072000004,471.64350829999967,471.64350829999967,471.64350829999967,471.64350829999967,471.64350829999967,472.65545660000134,472.65545660000134,472.65545660000134,477.1007561000006,h,0,4.433328999999503,None,,,,,Participant 3,001,2025-10-02_17h21.49.987,Motor Sequence Learning Bhumika Bajaj AU2320057,,2025.1.1,59.07218857767291,2025-10-02 17h22.09.425450 +0530,
50,c,186,2,46,c,1,1.306651700000657,None,46,2,186,2,,,,,477.11560960000133,,477.101266200003,478.11638620000303,478.11638620000303,478.11638620000303,478.11638620000303,478.11638620000303,479.1165232000021,479.09897869999986,479.09897869999986,480.41548200000034,c,1,1.306651700000657,None,,,,,Participant 3,001,2025-10-02_17h21.49.987,Motor Sequence Learning Bhumika Bajaj AU2320057,,2025.1.1,59.07218857767291,2025-10-02 17h22.09.425450 +0530,
-150,z,187,3,46,z,1,0.839933100000053,None,46,3,187,3,,,,,480.4316078000011,,480.4160211000017,481.4160916000001,481.4160916000001,481.4160916000001,481.4160916000001,481.4160916000001,482.41956349999964,482.41956349999964,482.41956349999964,483.2709164000007,z,1,0.839933100000053,None,,,,,Participant 3,001,2025-10-02_17h21.49.987,Motor Sequence Learning Bhumika Bajaj AU2320057,,2025.1.1,59.07218857767291,2025-10-02 17h22.09.425450 +0530,
-50,x,188,0,47,x,1,0.475692899999558,None,47,0,188,0,,,,,483.2861053000015,,483.2717396000007,484.2855490000002,484.2855490000002,484.2855490000002,484.2855490000002,484.2855490000002,485.29932680000275,485.28287439999986,485.28287439999986,485.76658260000113,x,1,0.475692899999558,None,,,,,Participant 3,001,2025-10-02_17h21.49.987,Motor Sequence Learning Bhumika Bajaj AU2320057,,2025.1.1,59.07218857767291,2025-10-02 17h22.09.425450 +0530,
150,v,189,1,47,v,1,1.0268071999998938,None,47,1,189,1,,,,,485.78258720000304,,485.7671190000001,486.76627200000075,486.76627200000075,486.76627200000075,486.76627200000075,486.76627200000075,487.7684552000028,487.7684552000028,487.7684552000028,488.79992830000265,v,1,1.0268071999998938,None,,,,,Participant 3,001,2025-10-02_17h21.49.987,Motor Sequence Learning Bhumika Bajaj AU2320057,,2025.1.1,59.07218857767291,2025-10-02 17h22.09.425450 +0530,
50,c,190,2,47,c,1,0.36175510000248323,None,47,2,190,2,,,,,488.8160386000018,,488.80045880000034,489.81392760000017,489.81392760000017,489.81392760000017,489.81392760000017,489.81392760000017,490.8164147999996,490.7996292000025,490.7996292000025,491.1673499000026,c,1,0.36175510000248323,None,,,,,Participant 3,001,2025-10-02_17h21.49.987,Motor Sequence Learning Bhumika Bajaj AU2320057,,2025.1.1,59.07218857767291,2025-10-02 17h22.09.425450 +0530,
-150,z,191,3,47,z,1,0.2969808000016201,None,47,3,191,3,,,,,491.1840480999999,,491.1678739000017,492.1665807999998,492.1665807999998,492.1665807999998,492.1665807999998,492.1665807999998,493.1810951000007,493.1810951000007,493.1810951000007,493.48147750000135,z,1,0.2969808000016201,None,,,,,Participant 3,001,2025-10-02_17h21.49.987,Motor Sequence Learning Bhumika Bajaj AU2320057,,2025.1.1,59.07218857767291,2025-10-02 17h22.09.425450 +0530,
-50,x,192,0,48,x,1,0.297052400001121,None,48,0,192,0,,,,,493.49769860000015,,493.4819550000029,494.48279430000184,494.48279430000184,494.48279430000184,494.48279430000184,494.48279430000184,495.4830948000017,495.4830948000017,495.4830948000017,495.7843290000019,x,1,0.297052400001121,None,,,,,Participant 3,001,2025-10-02_17h21.49.987,Motor Sequence Learning Bhumika Bajaj AU2320057,,2025.1.1,59.07218857767291,2025-10-02 17h22.09.425450 +0530,
150,v,193,1,48,v,1,0.7100804000001517,None,48,1,193,1,,,,,495.7995671000026,,495.7848363000012,496.8003559000026,496.8003559000026,496.8003559000026,496.8003559000026,496.8003559000026,497.79980160000196,497.79980160000196,497.79980160000196,498.51776280000195,v,1,0.7100804000001517,None,,,,,Participant 3,001,2025-10-02_17h21.49.987,Motor Sequence Learning Bhumika Bajaj AU2320057,,2025.1.1,59.07218857767291,2025-10-02 17h22.09.425450 +0530,
50,c,194,2,48,c,1,0.4274713000013435,None,48,2,194,2,,,,,498.5329871000031,,498.5182977000004,499.53316880000057,499.53316880000057,499.53316880000057,499.53316880000057,499.53316880000057,500.5325957000023,500.5325957000023,500.5325957000023,500.9670059000018,c,1,0.4274713000013435,None,,,,,Participant 3,001,2025-10-02_17h21.49.987,Motor Sequence Learning Bhumika Bajaj AU2320057,,2025.1.1,59.07218857767291,2025-10-02 17h22.09.425450 +0530,
-150,z,195,3,48,z,1,0.4325165000009292,None,48,3,195,3,,,,,500.9828861999995,,500.9675164,501.9804995000013,501.9804995000013,501.9804995000013,501.9804995000013,501.9804995000013,502.9796802000019,502.9796802000019,502.9796802000019,503.4167941000014,z,1,0.4325165000009292,None,,,,,Participant 3,001,2025-10-02_17h21.49.987,Motor Sequence Learning Bhumika Bajaj AU2320057,,2025.1.1,59.07218857767291,2025-10-02 17h22.09.425450 +0530,
-50,x,196,0,49,x,1,0.32839360000070883,None,49,0,196,0,,,,,503.43311480000193,,503.41730720000123,504.4161423000005,504.4161423000005,504.4161423000005,504.4161423000005,504.4161423000005,505.43041150000136,505.43041150000136,505.43041150000136,505.77023460000055,x,1,0.32839360000070883,None,,,,,Participant 3,001,2025-10-02_17h21.49.987,Motor Sequence Learning Bhumika Bajaj AU2320057,,2025.1.1,59.07218857767291,2025-10-02 17h22.09.425450 +0530,
150,v,197,1,49,v,1,0.3048205000013695,None,49,1,197,1,,,,,505.78519360000064,,505.77114840000286,506.77043480000066,506.77043480000066,506.77043480000066,506.77043480000066,506.77043480000066,507.769193600001,507.769193600001,507.769193600001,508.08801239999957,v,1,0.3048205000013695,None,,,,,Participant 3,001,2025-10-02_17h21.49.987,Motor Sequence Learning Bhumika Bajaj AU2320057,,2025.1.1,59.07218857767291,2025-10-02 17h22.09.425450 +0530,
50,c,198,2,49,v,0,0.42096260000107577,None,49,2,198,2,,,,,508.10315470000205,,508.0889153999997,509.1022929999999,509.1022929999999,509.1022929999999,509.1022929999999,509.1022929999999,510.1160183000029,510.0991434999996,510.0991434999996,510.5221573000017,v,0,0.42096260000107577,None,,,,,Participant 3,001,2025-10-02_17h21.49.987,Motor Sequence Learning Bhumika Bajaj AU2320057,,2025.1.1,59.07218857767291,2025-10-02 17h22.09.425450 +0530,
-150,z,199,3,49,z,1,0.5725561999970523,None,49,3,199,3,,,,,510.5354479000016,,510.5230173000018,511.53608950000125,511.53608950000125,511.53608950000125,511.53608950000125,511.53608950000125,512.5535331000028,512.5371038000012,512.5371038000012,513.1197831000027,z,1,0.5725561999970523,None,,,,,Participant 3,001,2025-10-02_17h21.49.987,Motor Sequence Learning Bhumika Bajaj AU2320057,,2025.1.1,59.07218857767291,2025-10-02 17h22.09.425450 +0530,
150,v,0,0,0,v,1,0.4802430000017921,None,,,,,0,0,0,1,513.1468502999996,,513.136376100003,514.1323903000011,514.1323903000011,514.1323903000011,514.1323903000011,514.1323903000011,515.1325192000004,515.1325192000004,515.1325192000004,515.6168003000021,,,,,v,1,0.4802430000017921,None,Participant 3,001,2025-10-02_17h21.49.987,Motor Sequence Learning Bhumika Bajaj AU2320057,,2025.1.1,59.07218857767291,2025-10-02 17h22.09.425450 +0530,
50,c,1,1,0,c,1,0.4575857999989239,None,,,,,0,1,1,2,515.6324738000003,,515.6173169000031,516.6162202000014,516.6162202000014,516.6162202000014,516.6162202000014,516.6162202000014,517.6166346999998,517.6166346999998,517.6166346999998,518.083019200003,,,,,c,1,0.4575857999989239,None,Participant 3,001,2025-10-02_17h21.49.987,Motor Sequence Learning Bhumika Bajaj AU2320057,,2025.1.1,59.07218857767291,2025-10-02 17h22.09.425450 +0530,
-50,x,2,2,0,c,0,0.5700684000003093,None,,,,,0,2,2,0,518.0993185000007,,518.083526800001,519.0822171,519.0822171,519.0822171,519.0822171,519.0822171,520.0825753999998,520.0825753999998,520.0825753999998,520.6673198999997,,,,,c,0,0.5700684000003093,None,Participant 3,001,2025-10-02_17h21.49.987,Motor Sequence Learning Bhumika Bajaj AU2320057,,2025.1.1,59.07218857767291,2025-10-02 17h22.09.425450 +0530,
50,c,3,3,1,c,1,0.6776953000007779,None,,,,,1,3,3,2,520.6831359000025,,520.6678334999997,521.682445800001,521.682445800001,521.682445800001,521.682445800001,521.682445800001,522.6825525000022,522.6825525000022,522.6825525000022,523.3664143999995,,,,,c,1,0.6776953000007779,None,Participant 3,001,2025-10-02_17h21.49.987,Motor Sequence Learning Bhumika Bajaj AU2320057,,2025.1.1,59.07218857767291,2025-10-02 17h22.09.425450 +0530,
50,c,4,4,2,c,1,0.4161085000014282,None,,,,,2,4,4,2,523.3826982999999,,523.3669332000027,524.3682369000016,524.3682369000016,524.3682369000016,524.3682369000016,524.3682369000016,525.3651217000006,525.3651217000006,525.3651217000006,525.7893763000029,,,,,c,1,0.4161085000014282,None,Participant 3,001,2025-10-02_17h21.49.987,Motor Sequence Learning Bhumika Bajaj AU2320057,,2025.1.1,59.07218857767291,2025-10-02 17h22.09.425450 +0530,
-150,z,5,5,0,z,1,0.7012404999986757,None,,,,,0,5,5,3,525.8167767000014,,525.7903208999996,526.8027053000005,526.8027053000005,526.8027053000005,526.8027053000005,526.8027053000005,527.8161204999997,527.7997187000001,527.7997187000001,528.5051598999999,,,,,z,1,0.7012404999986757,None,Participant 3,001,2025-10-02_17h21.49.987,Motor Sequence Learning Bhumika Bajaj AU2320057,,2025.1.1,59.07218857767291,2025-10-02 17h22.09.425450 +0530,
-50,x,6,6,1,x,1,0.46582520000083605,None,,,,,1,6,6,0,528.5197445000013,,528.5060489000025,529.5180277,529.5180277,529.5180277,529.5180277,529.5180277,530.5324447000021,530.5157169000013,530.5157169000013,530.9831671000029,,,,,x,1,0.46582520000083605,None,Participant 3,001,2025-10-02_17h21.49.987,Motor Sequence Learning Bhumika Bajaj AU2320057,,2025.1.1,59.07218857767291,2025-10-02 17h22.09.425450 +0530,
150,v,7,7,1,v,1,0.5989731999979995,None,,,,,1,7,7,1,530.9993114000026,,530.9837337000026,531.9985084,531.9985084,531.9985084,531.9985084,531.9985084,532.9990219000028,532.9823026000013,532.9823026000013,533.5841603000008,,,,,v,1,0.5989731999979995,None,Participant 3,001,2025-10-02_17h21.49.987,Motor Sequence Learning Bhumika Bajaj AU2320057,,2025.1.1,59.07218857767291,2025-10-02 17h22.09.425450 +0530,
50,c,8,8,3,c,1,0.5841280999993614,None,,,,,3,8,8,2,533.5987961000028,,533.5846832999996,534.5999054000022,534.5999054000022,534.5999054000022,534.5999054000022,534.5999054000022,535.5986460000022,535.5986460000022,535.5986460000022,536.2009767000018,,,,,c,1,0.5841280999993614,None,Participant 3,001,2025-10-02_17h21.49.987,Motor Sequence Learning Bhumika Bajaj AU2320057,,2025.1.1,59.07218857767291,2025-10-02 17h22.09.425450 +0530,
150,v,9,9,2,v,1,0.4823992999990878,None,,,,,2,9,9,1,536.2156796000017,,536.2015193000007,537.2156447000016,537.2156447000016,537.2156447000016,537.2156447000016,537.2156447000016,538.2163177000002,538.2163177000002,538.2163177000002,538.6999985000002,,,,,v,1,0.4823992999990878,None,Participant 3,001,2025-10-02_17h21.49.987,Motor Sequence Learning Bhumika Bajaj AU2320057,,2025.1.1,59.07218857767291,2025-10-02 17h22.09.425450 +0530,
-150,z,10,10,1,z,1,0.6831535999990592,None,,,,,1,10,10,3,538.7159151000014,,538.7005310000022,539.698414100003,539.698414100003,539.698414100003,539.698414100003,539.698414100003,540.7022550000002,540.7022550000002,540.7022550000002,541.3995897000023,,,,,z,1,0.6831535999990592,None,Participant 3,001,2025-10-02_17h21.49.987,Motor Sequence Learning Bhumika Bajaj AU2320057,,2025.1.1,59.07218857767291,2025-10-02 17h22.09.425450 +0530,
50,c,11,11,4,c,1,0.5943397000010009,None,,,,,4,11,11,2,541.4164670999999,,541.400113300002,542.4130899000011,542.4130899000011,542.4130899000011,542.4130899000011,542.4130899000011,543.4154804000027,543.3988814000004,543.3988814000004,543.9993372000026,,,,,c,1,0.5943397000010009,None,Participant 3,001,2025-10-02_17h21.49.987,Motor Sequence Learning Bhumika Bajaj AU2320057,,2025.1.1,59.07218857767291,2025-10-02 17h22.09.425450 +0530,
50,c,12,12,5,c,1,0.3669269999991229,None,,,,,5,12,12,2,544.0150986000008,,543.9998749000006,545.0022589,545.0022589,545.0022589,545.0022589,545.0022589,546.0153404000012,545.9993681000014,545.9993681000014,546.3855404000024,,,,,c,1,0.3669269999991229,None,Participant 3,001,2025-10-02_17h21.49.987,Motor Sequence Learning Bhumika Bajaj AU2320057,,2025.1.1,59.07218857767291,2025-10-02 17h22.09.425450 +0530,
-50,x,13,13,2,x,1,0.47185959999842453,None,,,,,2,13,13,0,546.4026489000025,,546.3860782000011,547.3856493000021,547.3856493000021,547.3856493000021,547.3856493000021,547.3856493000021,548.3990903000013,548.3990903000013,548.3990903000013,548.8825925000019,,,,,x,1,0.47185959999842453,None,Participant 3,001,2025-10-02_17h21.49.987,Motor Sequence Learning Bhumika Bajaj AU2320057,,2025.1.1,59.07218857767291,2025-10-02 17h22.09.425450 +0530,
-150,z,14,14,2,z,1,0.8693803999994998,None,,,,,2,14,14,3,548.898549900001,,548.8831420999995,549.8830555000022,549.8830555000022,549.8830555000022,549.8830555000022,549.8830555000022,550.8818380000012,550.8818380000012,550.8818380000012,551.7666178,,,,,z,1,0.8693803999994998,None,Participant 3,001,2025-10-02_17h21.49.987,Motor Sequence Learning Bhumika Bajaj AU2320057,,2025.1.1,59.07218857767291,2025-10-02 17h22.09.425450 +0530,
50,c,15,15,6,c,1,0.4146640000035404,None,,,,,6,15,15,2,551.7818850000003,,551.7671635000006,552.7653858000012,552.7653858000012,552.7653858000012,552.7653858000012,552.7653858000012,553.7654892999999,553.7654892999999,553.7654892999999,554.1830303000024,,,,,c,1,0.4146640000035404,None,Participant 3,001,2025-10-02_17h21.49.987,Motor Sequence Learning Bhumika Bajaj AU2320057,,2025.1.1,59.07218857767291,2025-10-02 17h22.09.425450 +0530,
150,v,16,16,3,v,1,1.2321288000021013,None,,,,,3,16,16,1,554.1980834999995,,554.1835843000008,555.1820351000024,555.1820351000024,555.1820351000024,555.1820351000024,555.1820351000024,556.1822173,556.198779600003,556.198779600003,557.4333437000023,,,,,v,1,1.2321288000021013,None,Participant 3,001,2025-10-02_17h21.49.987,Motor Sequence Learning Bhumika Bajaj AU2320057,,2025.1.1,59.07218857767291,2025-10-02 17h22.09.425450 +0530,
-50,x,17,17,3,x,1,0.7118867999997747,None,,,,,3,17,17,0,557.4487770000014,,557.4338846999999,558.4319978000021,558.4319978000021,558.4319978000021,558.4319978000021,558.4319978000021,559.4318249000025,559.4318249000025,559.4318249000025,560.1537296999995,,,,,x,1,0.7118867999997747,None,Participant 3,001,2025-10-02_17h21.49.987,Motor Sequence Learning Bhumika Bajaj AU2320057,,2025.1.1,59.07218857767291,2025-10-02 17h22.09.425450 +0530,
-50,x,18,18,4,x,1,0.47288660000049276,None,,,,,4,18,18,0,560.1688936999999,,560.154666800001,561.1524774000027,561.1524774000027,561.1524774000027,561.1524774000027,561.1524774000027,562.1626759000028,562.1626759000028,562.1626759000028,562.646323500001,,,,,x,1,0.47288660000049276,None,Participant 3,001,2025-10-02_17h21.49.987,Motor Sequence Learning Bhumika Bajaj AU2320057,,2025.1.1,59.07218857767291,2025-10-02 17h22.09.425450 +0530,
150,v,19,19,4,v,1,0.6106011000010767,None,,,,,4,19,19,1,562.6626598000003,,562.6468236000001,563.6534845000024,563.6534845000024,563.6534845000024,563.6534845000024,563.6534845000024,564.6682480000018,564.650834,564.650834,565.2641025000012,,,,,v,1,0.6106011000010767,None,Participant 3,001,2025-10-02_17h21.49.987,Motor Sequence Learning Bhumika Bajaj AU2320057,,2025.1.1,59.07218857767291,2025-10-02 17h22.09.425450 +0530,
150,v,20,20,5,x,0,0.31761550000010175,None,,,,,5,20,20,1,565.2828449000008,,565.2648112000024,566.2640828000003,566.2640828000003,566.2640828000003,566.2640828000003,566.2640828000003,567.2690411000003,567.2690411000003,567.2690411000003,567.6041039000011,,,,,x,0,0.31761550000010175,None,Participant 3,001,2025-10-02_17h21.49.987,Motor Sequence Learning Bhumika Bajaj AU2320057,,2025.1.1,59.07218857767291,2025-10-02 17h22.09.425450 +0530,
150,v,21,21,6,v,1,0.6363920999974653,None,,,,,6,21,21,1,567.6181810000016,,567.604972000001,568.6188702,568.6188702,568.6188702,568.6188702,568.6188702,569.631790200001,569.615799500003,569.615799500003,570.2665756999995,,,,,v,1,0.6363920999974653,None,Participant 3,001,2025-10-02_17h21.49.987,Motor Sequence Learning Bhumika Bajaj AU2320057,,2025.1.1,59.07218857767291,2025-10-02 17h22.09.425450 +0530,
-150,z,22,22,3,c,0,0.14559039999949164,None,,,,,3,22,22,3,570.2832051000005,,570.2671157000004,571.2695001000029,571.2695001000029,571.2695001000029,571.2695001000029,571.2695001000029,572.2820444000026,572.2820444000026,572.2820444000026,572.4330667000031,,,,,c,0,0.14559039999949164,None,Participant 3,001,2025-10-02_17h21.49.987,Motor Sequence Learning Bhumika Bajaj AU2320057,,2025.1.1,59.07218857767291,2025-10-02 17h22.09.425450 +0530,
150,v,23,23,7,c,0,0.6883830999977363,None,,,,,7,23,23,1,572.4485676000004,,572.4335802000023,573.4482472000018,573.4482472000018,573.4482472000018,573.4482472000018,573.4482472000018,574.4488053000023,574.4488053000023,574.4488053000023,575.1490809000024,,,,,c,0,0.6883830999977363,None,Participant 3,001,2025-10-02_17h21.49.987,Motor Sequence Learning Bhumika Bajaj AU2320057,,2025.1.1,59.07218857767291,2025-10-02 17h22.09.425450 +0530,
-50,x,24,24,5,c,0,0.06182699999772012,None,,,,,5,24,24,0,575.1630143000002,,575.1495195999996,576.1486842000013,576.1486842000013,576.1486842000013,576.1486842000013,576.1486842000013,577.1627093000025,577.1627093000025,577.1627093000025,577.2299395000009,,,,,c,0,0.06182699999772012,None,Participant 3,001,2025-10-02_17h21.49.987,Motor Sequence Learning Bhumika Bajaj AU2320057,,2025.1.1,59.07218857767291,2025-10-02 17h22.09.425450 +0530,
-50,x,25,25,6,v,0,0.14579529999900842,None,,,,,6,25,25,0,577.2461785000014,,577.230419800002,578.2307198000017,578.2307198000017,578.2307198000017,578.2307198000017,578.2307198000017,579.2315603999996,579.2315603999996,579.2315603999996,579.3835395000024,,,,,v,0,0.14579529999900842,None,Participant 3,001,2025-10-02_17h21.49.987,Motor Sequence Learning Bhumika Bajaj AU2320057,,2025.1.1,59.07218857767291,2025-10-02 17h22.09.425450 +0530,
-50,x,26,26,7,c,0,0.24818640000012238,None,,,,,7,26,26,0,579.3987250999999,,579.3840913000022,580.3867365000006,580.3867365000006,580.3867365000006,580.3867365000006,580.3867365000006,581.3985412000002,581.3985412000002,581.3985412000002,581.6540201999996,,,,,c,0,0.24818640000012238,None,Participant 3,001,2025-10-02_17h21.49.987,Motor Sequence Learning Bhumika Bajaj AU2320057,,2025.1.1,59.07218857767291,2025-10-02 17h22.09.425450 +0530,
-50,x,27,27,8,v,0,0.1946447000009357,None,,,,,8,27,27,0,581.6689191000005,,581.6552585000027,582.6681411000027,582.6681411000027,582.6681411000027,582.6681411000027,582.6681411000027,583.6686919000022,583.6686919000022,583.6686919000022,583.8697700000012,,,,,v,0,0.1946447000009357,None,Participant 3,001,2025-10-02_17h21.49.987,Motor Sequence Learning Bhumika Bajaj AU2320057,,2025.1.1,59.07218857767291,2025-10-02 17h22.09.425450 +0530,
150,v,28,28,8,c,0,0.19635160000325413,None,,,,,8,28,28,1,583.8855015000008,,583.8707175000018,584.8850538000006,584.8850538000006,584.8850538000006,584.8850538000006,584.8850538000006,585.8990102000025,585.8817702000015,585.8817702000015,586.0827519000013,,,,,c,0,0.19635160000325413,None,Participant 3,001,2025-10-02_17h21.49.987,Motor Sequence Learning Bhumika Bajaj AU2320057,,2025.1.1,59.07218857767291,2025-10-02 17h22.09.425450 +0530,
-50,x,29,29,9,v,0,0.017681099998299032,None,,,,,9,29,29,0,586.0982537000018,,586.0832762999999,587.0961081000023,587.0961081000023,587.0961081000023,587.0961081000023,587.0961081000023,588.0989063000015,588.0822880000014,588.0822880000014,588.1153410000006,,,,,v,0,0.017681099998299032,None,Participant 3,001,2025-10-02_17h21.49.987,Motor Sequence Learning Bhumika Bajaj AU2320057,,2025.1.1,59.07218857767291,2025-10-02 17h22.09.425450 +0530,
-50,x,30,30,10,v,0,0.3361896999995224,None,,,,,10,30,30,0,588.131530300001,,588.1159020000014,589.1149439000001,589.1149439000001,589.1149439000001,589.1149439000001,589.1149439000001,590.1154649000018,590.1154649000018,590.1154649000018,590.4656436000005,,,,,v,0,0.3361896999995224,None,Participant 3,001,2025-10-02_17h21.49.987,Motor Sequence Learning Bhumika Bajaj AU2320057,,2025.1.1,59.07218857767291,2025-10-02 17h22.09.425450 +0530,
50,c,31,31,7,v,0,0.2418009000029997,None,,,,,7,31,31,2,590.4812565000029,,590.4661589000025,591.4650376000027,591.4650376000027,591.4650376000027,591.4650376000027,591.4650376000027,592.4649801000014,592.4814986000019,592.4814986000019,592.732670100002,,,,,v,0,0.2418009000029997,None,Participant 3,001,2025-10-02_17h21.49.987,Motor Sequence Learning Bhumika Bajaj AU2320057,,2025.1.1,59.07218857767291,2025-10-02 17h22.09.425450 +0530,
-150,z,32,32,4,c,0,0.11770859999887762,None,,,,,4,32,32,3,592.7482636000022,,592.7331895999996,593.7316695000009,593.7316695000009,593.7316695000009,593.7316695000009,593.7316695000009,594.7315054000028,594.7315054000028,594.7315054000028,594.8656951000012,,,,,c,0,0.11770859999887762,None,Participant 3,001,2025-10-02_17h21.49.987,Motor Sequence Learning Bhumika Bajaj AU2320057,,2025.1.1,59.07218857767291,2025-10-02 17h22.09.425450 +0530,
-150,z,33,33,5,c,0,0.09589430000050925,None,,,,,5,33,33,3,594.8817382000016,,594.8662594000016,595.8658898000031,595.8658898000031,595.8658898000031,595.8658898000031,595.8658898000031,596.865436600001,596.865436600001,596.865436600001,596.9664529000001,,,,,c,0,0.09589430000050925,None,Participant 3,001,2025-10-02_17h21.49.987,Motor Sequence Learning Bhumika Bajaj AU2320057,,2025.1.1,59.07218857767291,2025-10-02 17h22.09.425450 +0530,
-50,x,34,34,11,x,1,0.3790222999996331,None,,,,,11,34,34,0,596.9812545000023,,596.9670071,597.9823109000026,597.9823109000026,597.9823109000026,597.9823109000026,597.9823109000026,598.9983012000012,598.9825077000023,598.9825077000023,599.3635011000006,,,,,x,1,0.3790222999996331,None,Participant 3,001,2025-10-02_17h21.49.987,Motor Sequence Learning Bhumika Bajaj AU2320057,,2025.1.1,59.07218857767291,2025-10-02 17h22.09.425450 +0530,
-150,z,35,35,6,z,1,0.5618151999988186,None,,,,,6,35,35,3,599.3789955000029,,599.3640321000021,600.3647192999997,600.3647192999997,600.3647192999997,600.3647192999997,600.3647192999997,601.3653216000021,601.3653216000021,601.3653216000021,601.9356996000024,,,,,z,1,0.5618151999988186,None,Participant 3,001,2025-10-02_17h21.49.987,Motor Sequence Learning Bhumika Bajaj AU2320057,,2025.1.1,59.07218857767291,2025-10-02 17h22.09.425450 +0530,
50,c,36,36,8,c,1,0.3071072999991884,None,,,,,8,36,36,2,601.9512023000025,,601.9366793000008,602.948535800002,602.948535800002,602.948535800002,602.948535800002,602.948535800002,603.9485132000009,603.9485132000009,603.9485132000009,604.2680543000024,,,,,c,1,0.3071072999991884,None,Participant 3,001,2025-10-02_17h21.49.987,Motor Sequence Learning Bhumika Bajaj AU2320057,,2025.1.1,59.07218857767291,2025-10-02 17h22.09.425450 +0530,
-150,z,37,37,7,z,1,0.5447702999990724,None,,,,,7,37,37,3,604.2829824,,604.2688467000007,605.2818700000025,605.2818700000025,605.2818700000025,605.2818700000025,605.2818700000025,606.2820968000015,606.2820968000015,606.2820968000015,606.8325824000021,,,,,z,1,0.5447702999990724,None,Participant 3,001,2025-10-02_17h21.49.987,Motor Sequence Learning Bhumika Bajaj AU2320057,,2025.1.1,59.07218857767291,2025-10-02 17h22.09.425450 +0530,
-150,z,38,38,8,x,0,0.3356891999974323,None,,,,,8,38,38,3,606.848614100003,,606.8331007000015,607.8316080000004,607.8316080000004,607.8316080000004,607.8316080000004,607.8316080000004,608.8317779999998,608.8317779999998,608.8317779999998,609.1829687000027,,,,,x,0,0.3356891999974323,None,Participant 3,001,2025-10-02_17h21.49.987,Motor Sequence Learning Bhumika Bajaj AU2320057,,2025.1.1,59.07218857767291,2025-10-02 17h22.09.425450 +0530,
50,c,39,39,9,c,1,0.6491414999982226,None,,,,,9,39,39,2,609.1987627000017,,609.1835140000003,610.1823325000005,610.1823325000005,610.1823325000005,610.1823325000005,610.1823325000005,611.1850962999997,611.1850962999997,611.1850962999997,611.8495597000001,,,,,c,1,0.6491414999982226,None,Participant 3,001,2025-10-02_17h21.49.987,Motor Sequence Learning Bhumika Bajaj AU2320057,,2025.1.1,59.07218857767291,2025-10-02 17h22.09.425450 +0530,
-50,x,40,40,12,x,1,0.5661381999998412,None,,,,,12,40,40,0,611.865646600003,,611.8500935000011,612.8505910000022,612.8505910000022,612.8505910000022,612.8505910000022,612.8505910000022,613.8650661000029,613.8650661000029,613.8650661000029,614.4350771999998,,,,,x,1,0.5661381999998412,None,Participant 3,001,2025-10-02_17h21.49.987,Motor Sequence Learning Bhumika Bajaj AU2320057,,2025.1.1,59.07218857767291,2025-10-02 17h22.09.425450 +0530,
50,c,41,41,10,c,1,0.594608800001879,None,,,,,10,41,41,2,614.4461786000029,,614.4356179999995,615.4483493000007,615.4483493000007,615.4483493000007,615.4483493000007,615.4483493000007,616.4636448000019,616.4469193000004,616.4469193000004,617.0478916000029,,,,,c,1,0.594608800001879,None,Participant 3,001,2025-10-02_17h21.49.987,Motor Sequence Learning Bhumika Bajaj AU2320057,,2025.1.1,59.07218857767291,2025-10-02 17h22.09.425450 +0530,
50,c,42,42,11,c,1,0.7016380000022764,None,,,,,11,42,42,2,617.0646659000013,,617.0483019000021,618.0633330000019,618.0633330000019,618.0633330000019,618.0633330000019,618.0633330000019,619.0635945000031,619.0635945000031,619.0635945000031,619.7801852000011,,,,,c,1,0.7016380000022764,None,Participant 3,001,2025-10-02_17h21.49.987,Motor Sequence Learning Bhumika Bajaj AU2320057,,2025.1.1,59.07218857767291,2025-10-02 17h22.09.425450 +0530,
50,c,43,43,12,c,1,0.6648180000011052,None,,,,,12,43,43,2,619.7967602000026,,619.7806807000015,620.7801018000027,620.7801018000027,620.7801018000027,620.7801018000027,620.7801018000027,621.7800306000026,621.7800306000026,621.7800306000026,622.4525438000019,,,,,c,1,0.6648180000011052,None,Participant 3,001,2025-10-02_17h21.49.987,Motor Sequence Learning Bhumika Bajaj AU2320057,,2025.1.1,59.07218857767291,2025-10-02 17h22.09.425450 +0530,
-150,z,44,44,9,z,1,0.7653938999974343,None,,,,,9,44,44,3,622.4685304000013,,622.4532618000012,623.4701399000005,623.4701399000005,623.4701399000005,623.4701399000005,623.4701399000005,624.4843247000026,624.4677840000004,624.4677840000004,625.2376937000008,,,,,z,1,0.7653938999974343,None,Participant 3,001,2025-10-02_17h21.49.987,Motor Sequence Learning Bhumika Bajaj AU2320057,,2025.1.1,59.07218857767291,2025-10-02 17h22.09.425450 +0530,
-50,x,45,45,13,x,1,0.5150133999995887,None,,,,,13,45,45,0,625.2515880000028,,625.238572600003,626.2530296000004,626.2530296000004,626.2530296000004,626.2530296000004,626.2530296000004,627.2677473000003,627.2514365000025,627.2514365000025,627.7704449000012,,,,,x,1,0.5150133999995887,None,Participant 3,001,2025-10-02_17h21.49.987,Motor Sequence Learning Bhumika Bajaj AU2320057,,2025.1.1,59.07218857767291,2025-10-02 17h22.09.425450 +0530,
-150,z,46,46,10,z,1,0.6614887999967323,None,,,,,10,46,46,3,627.7851631000012,,627.771333800003,628.7859996000007,628.7859996000007,628.7859996000007,628.7859996000007,628.7859996000007,629.7980033000022,629.7814761000009,629.7814761000009,630.4488627000028,,,,,z,1,0.6614887999967323,None,Participant 3,001,2025-10-02_17h21.49.987,Motor Sequence Learning Bhumika Bajaj AU2320057,,2025.1.1,59.07218857767291,2025-10-02 17h22.09.425450 +0530,
-150,z,47,47,11,z,1,0.7083580999969854,None,,,,,11,47,47,3,630.4647764000001,,630.4493925999996,631.448229200003,631.448229200003,631.448229200003,631.448229200003,631.448229200003,632.4485789000028,632.4485789000028,632.4485789000028,633.1631358000013,,,,,z,1,0.7083580999969854,None,Participant 3,001,2025-10-02_17h21.49.987,Motor Sequence Learning Bhumika Bajaj AU2320057,,2025.1.1,59.07218857767291,2025-10-02 17h22.09.425450 +0530,
150,v,48,48,9,v,1,0.8147948999976506,None,,,,,9,48,48,1,633.1789220999999,,633.1636558000027,634.1645282000027,634.1645282000027,634.1645282000027,634.1645282000027,634.1645282000027,635.1647830000002,635.1647830000002,635.1647830000002,635.9824265999996,,,,,v,1,0.8147948999976506,None,Participant 3,001,2025-10-02_17h21.49.987,Motor Sequence Learning Bhumika Bajaj AU2320057,,2025.1.1,59.07218857767291,2025-10-02 17h22.09.425450 +0530,
-150,z,49,49,12,z,1,0.7603412000025855,None,,,,,12,49,49,3,635.9986009000022,,635.982987000003,636.9810206000002,636.9810206000002,636.9810206000002,636.9810206000002,636.9810206000002,637.9819562000012,637.9819562000012,637.9819562000012,638.7520418000022,,,,,z,1,0.7603412000025855,None,Participant 3,001,2025-10-02_17h21.49.987,Motor Sequence Learning Bhumika Bajaj AU2320057,,2025.1.1,59.07218857767291,2025-10-02 17h22.09.425450 +0530,
50,c,50,50,13,c,1,0.774710600002436,None,,,,,13,50,50,2,638.7676217000007,,638.7529361000015,639.7679897000016,639.7679897000016,639.7679897000016,639.7679897000016,639.7679897000016,640.7813507000028,640.7645760000014,640.7645760000014,641.5483168999999,,,,,c,1,0.774710600002436,None,Participant 3,001,2025-10-02_17h21.49.987,Motor Sequence Learning Bhumika Bajaj AU2320057,,2025.1.1,59.07218857767291,2025-10-02 17h22.09.425450 +0530,
-150,z,51,51,13,z,1,0.762526099999377,None,,,,,13,51,51,3,641.5636720000002,,641.5489570000027,642.5475020000013,642.5475020000013,642.5475020000013,642.5475020000013,642.5475020000013,643.547401900003,643.547401900003,643.547401900003,644.3151542000014,,,,,z,1,0.762526099999377,None,Participant 3,001,2025-10-02_17h21.49.987,Motor Sequence Learning Bhumika Bajaj AU2320057,,2025.1.1,59.07218857767291,2025-10-02 17h22.09.425450 +0530,
-150,z,52,52,14,z,1,0.6878668999997899,None,,,,,14,52,52,3,644.331213700003,,644.3156774000017,645.3184252000028,645.3184252000028,645.3184252000028,645.3184252000028,645.3184252000028,646.3349988000009,646.3172154000022,646.3172154000022,647.0187960000003,,,,,z,1,0.6878668999997899,None,Participant 3,001,2025-10-02_17h21.49.987,Motor Sequence Learning Bhumika Bajaj AU2320057,,2025.1.1,59.07218857767291,2025-10-02 17h22.09.425450 +0530,
-150,z,53,53,15,z,1,0.8491920000014943,None,,,,,15,53,53,3,647.0337392000001,,647.019688700002,648.0174016000019,648.0174016000019,648.0174016000019,648.0174016000019,648.0174016000019,649.0310492999997,649.0310492999997,649.0310492999997,649.8835730000028,,,,,z,1,0.8491920000014943,None,Participant 3,001,2025-10-02_17h21.49.987,Motor Sequence Learning Bhumika Bajaj AU2320057,,2025.1.1,59.07218857767291,2025-10-02 17h22.09.425450 +0530,
150,v,54,54,10,v,1,0.7540559000008216,None,,,,,10,54,54,1,649.8975028000023,,649.8841006000002,650.8831110000028,650.8831110000028,650.8831110000028,650.8831110000028,650.8831110000028,651.8977637999997,651.8977637999997,651.8977637999997,652.6646843000017,,,,,v,1,0.7540559000008216,None,Participant 3,001,2025-10-02_17h21.49.987,Motor Sequence Learning Bhumika Bajaj AU2320057,,2025.1.1,59.07218857767291,2025-10-02 17h22.09.425450 +0530,
-150,z,55,55,16,z,1,0.411436300000787,None,,,,,16,55,55,3,652.6807245000018,,652.665241900002,653.6644097000026,653.6644097000026,653.6644097000026,653.6644097000026,653.6644097000026,654.6647876999996,654.6647876999996,654.6647876999996,655.0821600000017,,,,,z,1,0.411436300000787,None,Participant 3,001,2025-10-02_17h21.49.987,Motor Sequence Learning Bhumika Bajaj AU2320057,,2025.1.1,59.07218857767291,2025-10-02 17h22.09.425450 +0530,
50,c,56,56,14,c,1,0.4517207999997481,None,,,,,14,56,56,2,655.0973059000025,,655.0826811000006,656.0811858000015,656.0811858000015,656.0811858000015,656.0811858000015,656.0811858000015,657.0813363000016,657.0813363000016,657.0813363000016,657.5383610999997,,,,,c,1,0.4517207999997481,None,Participant 3,001,2025-10-02_17h21.49.987,Motor Sequence Learning Bhumika Bajaj AU2320057,,2025.1.1,59.07218857767291,2025-10-02 17h22.09.425450 +0530,
50,c,57,57,15,c,1,0.7582990000009886,None,,,,,15,57,57,2,657.5512378000021,,657.5394556000028,658.5505284000028,658.5505284000028,658.5505284000028,658.5505284000028,658.5505284000028,659.5517345000007,659.5517345000007,659.5517345000007,660.3151493000005,,,,,c,1,0.7582990000009886,None,Participant 3,001,2025-10-02_17h21.49.987,Motor Sequence Learning Bhumika Bajaj AU2320057,,2025.1.1,59.07218857767291,2025-10-02 17h22.09.425450 +0530,
-50,x,58,58,14,x,1,0.7764263000026403,None,,,,,14,58,58,0,660.3306207000023,,660.3156663000009,661.3141933000006,661.3141933000006,661.3141933000006,661.3141933000006,661.3141933000006,662.3145014000002,662.3145014000002,662.3145014000002,663.0985591000026,,,,,x,1,0.7764263000026403,None,Participant 3,001,2025-10-02_17h21.49.987,Motor Sequence Learning Bhumika Bajaj AU2320057,,2025.1.1,59.07218857767291,2025-10-02 17h22.09.425450 +0530,
50,c,59,59,16,c,1,0.9270843000012974,None,,,,,16,59,59,2,663.1145063000004,,663.0991012000013,664.0975292000003,664.0975292000003,664.0975292000003,664.0975292000003,664.0975292000003,665.1136294999997,665.1136294999997,665.1136294999997,666.049017100002,,,,,c,1,0.9270843000012974,None,Participant 3,001,2025-10-02_17h21.49.987,Motor Sequence Learning Bhumika Bajaj AU2320057,,2025.1.1,59.07218857767291,2025-10-02 17h22.09.425450 +0530,
50,c,60,60,17,c,1,0.6048838999995496,None,,,,,17,60,60,2,666.0641524000021,,666.0495542999997,667.064337900003,667.064337900003,667.064337900003,667.064337900003,667.064337900003,668.0638384000013,668.0479011000025,668.0479011000025,668.6646994000002,,,,,c,1,0.6048838999995496,None,Participant 3,001,2025-10-02_17h21.49.987,Motor Sequence Learning Bhumika Bajaj AU2320057,,2025.1.1,59.07218857767291,2025-10-02 17h22.09.425450 +0530,
150,v,61,61,11,v,1,0.7740728000026138,None,,,,,11,61,61,1,668.6805211000028,,668.6652255000008,669.6783937,669.6783937,669.6783937,669.6783937,669.6783937,670.679447100003,670.679447100003,670.679447100003,671.4701587000018,,,,,v,1,0.7740728000026138,None,Participant 3,001,2025-10-02_17h21.49.987,Motor Sequence Learning Bhumika Bajaj AU2320057,,2025.1.1,59.07218857767291,2025-10-02 17h22.09.425450 +0530,
50,c,62,62,18,c,1,0.4613666999975976,None,,,,,18,62,62,2,671.4848039000026,,671.4710285000001,672.4804634000029,672.4804634000029,672.4804634000029,672.4804634000029,672.4804634000029,673.4841317000028,673.4841317000028,673.4841317000028,673.9525652000011,,,,,c,1,0.4613666999975976,None,Participant 3,001,2025-10-02_17h21.49.987,Motor Sequence Learning Bhumika Bajaj AU2320057,,2025.1.1,59.07218857767291,2025-10-02 17h22.09.425450 +0530,
-150,z,63,63,17,z,1,0.6009019000011904,None,,,,,17,63,63,3,673.9669451000009,,673.9531649000019,674.9663533000021,674.9663533000021,674.9663533000021,674.9663533000021,674.9663533000021,675.9811880000016,675.9640108000021,675.9640108000021,676.5708164000025,,,,,z,1,0.6009019000011904,None,Participant 3,001,2025-10-02_17h21.49.987,Motor Sequence Learning Bhumika Bajaj AU2320057,,2025.1.1,59.07218857767291,2025-10-02 17h22.09.425450 +0530,
-150,z,64,64,18,z,1,0.6766215999996348,None,,,,,18,64,64,3,676.5829823000022,,676.5718584999995,677.5810265,677.5810265,677.5810265,677.5810265,677.5810265,678.5808846,678.5808846,678.5808846,679.2652130999995,,,,,z,1,0.6766215999996348,None,Participant 3,001,2025-10-02_17h21.49.987,Motor Sequence Learning Bhumika Bajaj AU2320057,,2025.1.1,59.07218857767291,2025-10-02 17h22.09.425450 +0530,
150,v,65,65,12,v,1,0.6778167999982543,None,,,,,12,65,65,1,679.2812236999998,,679.2657246000017,680.2803882000007,680.2803882000007,680.2803882000007,680.2803882000007,680.2803882000007,681.2814328000022,681.2814328000022,681.2814328000022,681.9649202,,,,,v,1,0.6778167999982543,None,Participant 3,001,2025-10-02_17h21.49.987,Motor Sequence Learning Bhumika Bajaj AU2320057,,2025.1.1,59.07218857767291,2025-10-02 17h22.09.425450 +0530,
-150,z,66,66,19,z,1,1.316936999999598,None,,,,,19,66,66,3,681.9817580000017,,681.9654795999995,682.9789130999998,682.9789130999998,682.9789130999998,682.9789130999998,682.9789130999998,683.9837812000005,683.9682802999996,683.9682802999996,685.2862266000011,,,,,z,1,1.316936999999598,None,Participant 3,001,2025-10-02_17h21.49.987,Motor Sequence Learning Bhumika Bajaj AU2320057,,2025.1.1,59.07218857767291,2025-10-02 17h22.09.425450 +0530,
150,v,67,67,13,v,1,0.628241700000217,None,,,,,13,67,67,1,685.3013653000016,,685.2870585000019,686.2973674000023,686.2973674000023,686.2973674000023,686.2973674000023,686.2973674000023,687.2975197000014,687.2975197000014,687.2975197000014,687.9311855000014,,,,,v,1,0.628241700000217,None,Participant 3,001,2025-10-02_17h21.49.987,Motor Sequence Learning Bhumika Bajaj AU2320057,,2025.1.1,59.07218857767291,2025-10-02 17h22.09.425450 +0530,
-50,x,68,68,15,x,1,0.46422460000030696,None,,,,,15,68,68,0,687.9481441000025,,687.9317296000008,688.9345448000022,688.9345448000022,688.9345448000022,688.9345448000022,688.9345448000022,689.9341017000006,689.9341017000006,689.9341017000006,690.4149539000027,,,,,x,1,0.46422460000030696,None,Participant 3,001,2025-10-02_17h21.49.987,Motor Sequence Learning Bhumika Bajaj AU2320057,,2025.1.1,59.07218857767291,2025-10-02 17h22.09.425450 +0530,
-150,z,69,69,20,z,1,0.5571479999998701,None,,,,,20,69,69,3,690.4305584000031,,690.4155592999996,691.4303961000005,691.4303961000005,691.4303961000005,691.4303961000005,691.4303961000005,692.4314885000022,692.4314885000022,692.4314885000022,692.9984048000006,,,,,z,1,0.5571479999998701,None,Participant 3,001,2025-10-02_17h21.49.987,Motor Sequence Learning Bhumika Bajaj AU2320057,,2025.1.1,59.07218857767291,2025-10-02 17h22.09.425450 +0530,
-150,z,70,70,21,z,1,0.5171656999991683,None,,,,,21,70,70,3,693.0149858000004,,692.9992017000004,694.0145701000001,694.0145701000001,694.0145701000001,694.0145701000001,694.0145701000001,695.0135980000014,695.0135980000014,695.0135980000014,695.5317918000001,,,,,z,1,0.5171656999991683,None,Participant 3,001,2025-10-02_17h21.49.987,Motor Sequence Learning Bhumika Bajaj AU2320057,,2025.1.1,59.07218857767291,2025-10-02 17h22.09.425450 +0530,
-150,z,71,71,22,z,1,0.45421409999835305,None,,,,,22,71,71,3,695.5473125000026,,695.5323256000011,696.5298025000011,696.5298025000011,696.5298025000011,696.5298025000011,696.5298025000011,697.5307783000026,697.5307783000026,697.5307783000026,697.9973874999996,,,,,z,1,0.45421409999835305,None,Participant 3,001,2025-10-02_17h21.49.987,Motor Sequence Learning Bhumika Bajaj AU2320057,,2025.1.1,59.07218857767291,2025-10-02 17h22.09.425450 +0530,
-150,z,72,72,23,z,1,0.40420369999992545,None,,,,,23,72,72,3,698.0145078000023,,697.9979732000029,698.997239100001,698.997239100001,698.997239100001,698.997239100001,698.997239100001,699.9967805000015,699.9967805000015,699.9967805000015,700.4148948000002,,,,,z,1,0.40420369999992545,None,Participant 3,001,2025-10-02_17h21.49.987,Motor Sequence Learning Bhumika Bajaj AU2320057,,2025.1.1,59.07218857767291,2025-10-02 17h22.09.425450 +0530,
-150,z,73,73,24,z,1,0.5492160000030708,None,,,,,24,73,73,3,700.4310813000011,,700.4153981000018,701.430879800002,701.430879800002,701.430879800002,701.430879800002,701.430879800002,702.4303552000019,702.4303552000019,702.4303552000019,702.982247400003,,,,,z,1,0.5492160000030708,None,Participant 3,001,2025-10-02_17h21.49.987,Motor Sequence Learning Bhumika Bajaj AU2320057,,2025.1.1,59.07218857767291,2025-10-02 17h22.09.425450 +0530,
-150,z,74,74,25,z,1,0.4007577999982459,None,,,,,25,74,74,3,702.9973182000031,,702.9828892000005,703.9808260999998,703.9808260999998,703.9808260999998,703.9808260999998,703.9808260999998,704.9801638999998,704.9970797000024,704.9970797000024,705.4027134999997,,,,,z,1,0.4007577999982459,None,Participant 3,001,2025-10-02_17h21.49.987,Motor Sequence Learning Bhumika Bajaj AU2320057,,2025.1.1,59.07218857767291,2025-10-02 17h22.09.425450 +0530,
-150,z,75,75,26,z,1,0.546047699997871,None,,,,,26,75,75,3,705.4171662000008,,705.4035925999997,706.4150714000025,706.4150714000025,706.4150714000025,706.4150714000025,706.4150714000025,707.4313688000002,707.4141378000022,707.4141378000022,707.9653104999998,,,,,z,1,0.546047699997871,None,Participant 3,001,2025-10-02_17h21.49.987,Motor Sequence Learning Bhumika Bajaj AU2320057,,2025.1.1,59.07218857767291,2025-10-02 17h22.09.425450 +0530,
50,c,76,76,19,c,1,0.6176321000020835,None,,,,,19,76,76,2,707.9808279000026,,707.9658655000021,708.9805446999999,708.9805446999999,708.9805446999999,708.9805446999999,708.9805446999999,709.9806406999996,709.9806406999996,709.9806406999996,710.6125141000011,,,,,c,1,0.6176321000020835,None,Participant 3,001,2025-10-02_17h21.49.987,Motor Sequence Learning Bhumika Bajaj AU2320057,,2025.1.1,59.07218857767291,2025-10-02 17h22.09.425450 +0530,
-50,x,77,77,16,x,1,0.6120915999999852,None,,,,,16,77,77,0,710.6284451000029,,710.6129956000004,711.6300556999995,711.6300556999995,711.6300556999995,711.6300556999995,711.6300556999995,712.6307899000021,712.6142923000007,712.6142923000007,713.231194400003,,,,,x,1,0.6120915999999852,None,Participant 3,001,2025-10-02_17h21.49.987,Motor Sequence Learning Bhumika Bajaj AU2320057,,2025.1.1,59.07218857767291,2025-10-02 17h22.09.425450 +0530,
150,v,78,78,14,v,1,0.691182900001877,None,,,,,14,78,78,1,713.247236500003,,713.2317438000027,714.2473065000013,714.2473065000013,714.2473065000013,714.2473065000013,714.2473065000013,715.2467616000031,715.2312973000007,715.2312973000007,715.9311199000003,,,,,v,1,0.691182900001877,None,Participant 3,001,2025-10-02_17h21.49.987,Motor Sequence Learning Bhumika Bajaj AU2320057,,2025.1.1,59.07218857767291,2025-10-02 17h22.09.425450 +0530,
50,c,79,79,20,x,0,0.3784489999998186,None,,,,,20,79,79,2,715.9467156999999,,715.9316310000031,716.9305215000022,716.9305215000022,716.9305215000022,716.9305215000022,716.9305215000022,717.9302454000026,717.9302454000026,717.9302454000026,718.3140725000012,,,,,x,0,0.3784489999998186,None,Participant 3,001,2025-10-02_17h21.49.987,Motor Sequence Learning Bhumika Bajaj AU2320057,,2025.1.1,59.07218857767291,2025-10-02 17h22.09.425450 +0530,
150,v,80,80,15,x,0,0.08225780000066152,None,,,,,15,80,80,1,718.3302390999997,,718.3145927000005,719.3140821000015,719.3140821000015,719.3140821000015,719.3140821000015,719.3140821000015,720.3288923,720.3288923,720.3288923,720.4121344000014,,,,,x,0,0.08225780000066152,None,Participant 3,001,2025-10-02_17h21.49.987,Motor Sequence Learning Bhumika Bajaj AU2320057,,2025.1.1,59.07218857767291,2025-10-02 17h22.09.425450 +0530,
-150,z,81,81,27,z,1,1.2344296000010218,None,,,,,27,81,81,3,720.4306448999996,,720.4126367000026,721.4140366000029,721.4140366000029,721.4140366000029,721.4140366000029,721.4140366000029,722.4137853000029,722.4137853000029,722.4137853000029,723.6645848000007,,,,,z,1,1.2344296000010218,None,Participant 3,001,2025-10-02_17h21.49.987,Motor Sequence Learning Bhumika Bajaj AU2320057,,2025.1.1,59.07218857767291,2025-10-02 17h22.09.425450 +0530,
-50,x,82,82,17,x,1,0.5857369000004837,None,,,,,17,82,82,0,723.6808511000017,,723.6651044000027,724.6802293000001,724.6802293000001,724.6802293000001,724.6802293000001,724.6802293000001,725.6805029999996,725.6641893000015,725.6641893000015,726.2519592999997,,,,,x,1,0.5857369000004837,None,Participant 3,001,2025-10-02_17h21.49.987,Motor Sequence Learning Bhumika Bajaj AU2320057,,2025.1.1,59.07218857767291,2025-10-02 17h22.09.425450 +0530,
-50,x,83,83,18,x,1,1.4451790000020992,None,,,,,18,83,83,0,726.2669588999997,,726.2528634000009,727.2640161000018,727.2640161000018,727.2640161000018,727.2640161000018,727.2640161000018,728.2634763999995,728.2634763999995,728.2634763999995,729.715481700001,,,,,x,1,1.4451790000020992,None,Participant 3,001,2025-10-02_17h21.49.987,Motor Sequence Learning Bhumika Bajaj AU2320057,,2025.1.1,59.07218857767291,2025-10-02 17h22.09.425450 +0530,
50,c,84,84,21,c,1,1.126952500002517,None,,,,,21,84,84,2,729.7309932999997,,729.7160105000003,730.7304390999998,730.7304390999998,730.7304390999998,730.7304390999998,730.7304390999998,731.731661400001,731.731661400001,731.731661400001,732.8644295000013,,,,,c,1,1.126952500002517,None,Participant 3,001,2025-10-02_17h21.49.987,Motor Sequence Learning Bhumika Bajaj AU2320057,,2025.1.1,59.07218857767291,2025-10-02 17h22.09.425450 +0530,
50,c,85,85,22,c,1,1.1526746000017738,None,,,,,22,85,85,2,732.8806052,,732.8649476000028,733.8683961999996,733.8683961999996,733.8683961999996,733.8683961999996,733.8683961999996,734.8803222000024,734.8639014,734.8639014,736.0327632000008,,,,,c,1,1.1526746000017738,None,Participant 3,001,2025-10-02_17h21.49.987,Motor Sequence Learning Bhumika Bajaj AU2320057,,2025.1.1,59.07218857767291,2025-10-02 17h22.09.425450 +0530,
-150,z,86,86,28,z,1,0.5880896999988181,None,,,,,28,86,86,3,736.0505582000005,,736.0333653000016,737.0450760000022,737.0450760000022,737.0450760000022,737.0450760000022,737.0450760000022,738.0471782000022,738.0471782000022,738.0471782000022,738.6477438000002,,,,,z,1,0.5880896999988181,None,Participant 3,001,2025-10-02_17h21.49.987,Motor Sequence Learning Bhumika Bajaj AU2320057,,2025.1.1,59.07218857767291,2025-10-02 17h22.09.425450 +0530,
150,v,87,87,16,v,1,0.7601500999990094,None,,,,,16,87,87,1,738.6642572000019,,738.6482701000023,739.6474602000017,739.6474602000017,739.6474602000017,739.6474602000017,739.6474602000017,740.6494562000007,740.6494562000007,740.6494562000007,741.4146058000006,,,,,v,1,0.7601500999990094,None,Participant 3,001,2025-10-02_17h21.49.987,Motor Sequence Learning Bhumika Bajaj AU2320057,,2025.1.1,59.07218857767291,2025-10-02 17h22.09.425450 +0530,
150,v,88,88,17,v,1,1.0833941000018967,None,,,,,17,88,88,1,741.4304835000003,,741.4151285000007,742.4135210000022,742.4135210000022,742.4135210000022,742.4135210000022,742.4135210000022,743.4136921000027,743.4136921000027,743.4136921000027,744.4983266000017,,,,,v,1,1.0833941000018967,None,Participant 3,001,2025-10-02_17h21.49.987,Motor Sequence Learning Bhumika Bajaj AU2320057,,2025.1.1,59.07218857767291,2025-10-02 17h22.09.425450 +0530,
-50,x,89,89,19,x,1,0.7126787000015611,None,,,,,19,89,89,0,744.5145281000005,,744.4988674000015,745.5006993999996,745.5006993999996,745.5006993999996,745.5006993999996,745.5006993999996,746.5151824000022,746.5151824000022,746.5151824000022,747.2348287000023,,,,,x,1,0.7126787000015611,None,Participant 3,001,2025-10-02_17h21.49.987,Motor Sequence Learning Bhumika Bajaj AU2320057,,2025.1.1,59.07218857767291,2025-10-02 17h22.09.425450 +0530,
-150,z,90,90,29,z,1,0.8415236999971967,None,,,,,29,90,90,3,747.2499850000022,,747.2357709000025,748.2347025000017,748.2347025000017,748.2347025000017,748.2347025000017,748.2347025000017,749.2332394000005,749.250367800003,749.250367800003,750.1012732000017,,,,,z,1,0.8415236999971967,None,Participant 3,001,2025-10-02_17h21.49.987,Motor Sequence Learning Bhumika Bajaj AU2320057,,2025.1.1,59.07218857767291,2025-10-02 17h22.09.425450 +0530,
-50,x,91,91,20,x,1,0.36959120000028634,None,,,,,20,91,91,0,750.1165447000021,,750.1023421999998,751.1134003000006,751.1134003000006,751.1134003000006,751.1134003000006,751.1134003000006,752.1283234000002,752.1117489000026,752.1117489000026,752.4976448000016,,,,,x,1,0.36959120000028634,None,Participant 3,001,2025-10-02_17h21.49.987,Motor Sequence Learning Bhumika Bajaj AU2320057,,2025.1.1,59.07218857767291,2025-10-02 17h22.09.425450 +0530,
-150,z,92,92,30,z,1,0.8806331999985559,None,,,,,30,92,92,3,752.5133329000018,,752.4981582,753.500878400002,753.500878400002,753.500878400002,753.500878400002,753.500878400002,754.4999934000007,754.4999934000007,754.4999934000007,755.3855198000019,,,,,z,1,0.8806331999985559,None,Participant 3,001,2025-10-02_17h21.49.987,Motor Sequence Learning Bhumika Bajaj AU2320057,,2025.1.1,59.07218857767291,2025-10-02 17h22.09.425450 +0530,
50,c,93,93,23,c,1,0.7539716999999655,None,,,,,23,93,93,2,755.4001559999997,,755.3864326000003,756.3975712000029,756.3975712000029,756.3975712000029,756.3975712000029,756.3975712000029,757.3967402000017,757.3967402000017,757.3967402000017,758.1640795000021,,,,,c,1,0.7539716999999655,None,Participant 3,001,2025-10-02_17h21.49.987,Motor Sequence Learning Bhumika Bajaj AU2320057,,2025.1.1,59.07218857767291,2025-10-02 17h22.09.425450 +0530,
-50,x,94,94,21,x,1,0.681284999998752,None,,,,,21,94,94,0,758.1800374000013,,758.1647176000006,759.1796998000027,759.1796998000027,759.1796998000027,759.1796998000027,759.1796998000027,760.1805851999998,760.1637475000025,760.1637475000025,760.8479994000008,,,,,x,1,0.681284999998752,None,Participant 3,001,2025-10-02_17h21.49.987,Motor Sequence Learning Bhumika Bajaj AU2320057,,2025.1.1,59.07218857767291,2025-10-02 17h22.09.425450 +0530,
150,v,95,95,18,v,1,0.8096627000013541,None,,,,,18,95,95,1,760.8635853000014,,760.8487249000027,761.860795800003,761.860795800003,761.860795800003,761.860795800003,761.860795800003,762.8633709000023,762.8633709000023,762.8633709000023,763.6815854000015,,,,,v,1,0.8096627000013541,None,Participant 3,001,2025-10-02_17h21.49.987,Motor Sequence Learning Bhumika Bajaj AU2320057,,2025.1.1,59.07218857767291,2025-10-02 17h22.09.425450 +0530,
-150,z,96,96,31,z,1,0.9079660000024887,None,,,,,31,96,96,3,763.6985942000028,,763.6820243000002,764.6966960999998,764.6966960999998,764.6966960999998,764.6966960999998,764.6966960999998,765.711661100002,765.6950636000001,765.6950636000001,766.614249000002,,,,,z,1,0.9079660000024887,None,Participant 3,001,2025-10-02_17h21.49.987,Motor Sequence Learning Bhumika Bajaj AU2320057,,2025.1.1,59.07218857767291,2025-10-02 17h22.09.425450 +0530,
-50,x,97,97,22,x,1,0.6615308000000368,None,,,,,22,97,97,0,766.629335200003,,766.6147701000009,767.6305806000018,767.6305806000018,767.6305806000018,767.6305806000018,767.6305806000018,768.6345414000025,768.6163202000025,768.6163202000025,769.2805607000009,,,,,x,1,0.6615308000000368,None,Participant 3,001,2025-10-02_17h21.49.987,Motor Sequence Learning Bhumika Bajaj AU2320057,,2025.1.1,59.07218857767291,2025-10-02 17h22.09.425450 +0530,
-50,x,98,98,23,x,1,0.6075281000012183,None,,,,,23,98,98,0,769.2973869000016,,769.2810915000009,770.2965164000016,770.2965164000016,770.2965164000016,770.2965164000016,770.2965164000016,771.2967897000017,771.2794329000026,771.2794329000026,771.8972434000025,,,,,x,1,0.6075281000012183,None,Participant 3,001,2025-10-02_17h21.49.987,Motor Sequence Learning Bhumika Bajaj AU2320057,,2025.1.1,59.07218857767291,2025-10-02 17h22.09.425450 +0530,
-150,z,99,99,32,z,1,0.6805606000016269,None,,,,,32,99,99,3,771.9133040000015,,771.8977525000009,772.9141277000017,772.9141277000017,772.9141277000017,772.9141277000017,772.9141277000017,773.9278298999998,773.9111589000022,773.9111589000022,774.5974918000029,,,,,z,1,0.6805606000016269,None,Participant 3,001,2025-10-02_17h21.49.987,Motor Sequence Learning Bhumika Bajaj AU2320057,,2025.1.1,59.07218857767291,2025-10-02 17h22.09.425450 +0530,
-50,x,100,100,24,x,1,0.8056911999992735,None,,,,,24,100,100,0,774.6131733000002,,774.5980345999997,775.5965505000022,775.5965505000022,775.5965505000022,775.5965505000022,775.5965505000022,776.5955547000012,776.5955547000012,776.5955547000012,777.4139465000007,,,,,x,1,0.8056911999992735,None,Participant 3,001,2025-10-02_17h21.49.987,Motor Sequence Learning Bhumika Bajaj AU2320057,,2025.1.1,59.07218857767291,2025-10-02 17h22.09.425450 +0530,
-50,x,101,101,25,x,1,1.012233000001288,None,,,,,25,101,101,0,777.430818300003,,777.4144944,778.4133973999997,778.4133973999997,778.4133973999997,778.4133973999997,778.4133973999997,779.4127576000028,779.4127576000028,779.4127576000028,780.4306053,,,,,x,1,1.012233000001288,None,Participant 3,001,2025-10-02_17h21.49.987,Motor Sequence Learning Bhumika Bajaj AU2320057,,2025.1.1,59.07218857767291,2025-10-02 17h22.09.425450 +0530,
-150,z,102,102,33,z,1,0.7729870000002848,None,,,,,33,102,102,3,780.4467240000013,,780.431165500002,781.4300412000011,781.4300412000011,781.4300412000011,781.4300412000011,781.4300412000011,782.4300787000029,782.4300787000029,782.4300787000029,783.2140342000021,,,,,z,1,0.7729870000002848,None,Participant 3,001,2025-10-02_17h21.49.987,Motor Sequence Learning Bhumika Bajaj AU2320057,,2025.1.1,59.07218857767291,2025-10-02 17h22.09.425450 +0530,
50,c,103,103,24,c,1,0.8782195999992837,None,,,,,24,103,103,2,783.2298090000004,,783.2145377000015,784.2164716000007,784.2164716000007,784.2164716000007,784.2164716000007,784.2164716000007,785.2157549000003,785.2157549000003,785.2157549000003,786.0973239000014,,,,,c,1,0.8782195999992837,None,Participant 3,001,2025-10-02_17h21.49.987,Motor Sequence Learning Bhumika Bajaj AU2320057,,2025.1.1,59.07218857767291,2025-10-02 17h22.09.425450 +0530,
-150,z,104,104,34,z,1,0.5608835999992152,None,,,,,34,104,104,3,786.1126320000003,,786.0978475000011,787.1102738000009,787.1102738000009,787.1102738000009,787.1102738000009,787.1102738000009,788.1135238999996,788.0966612000011,788.0966612000011,788.663626900001,,,,,z,1,0.5608835999992152,None,Participant 3,001,2025-10-02_17h21.49.987,Motor Sequence Learning Bhumika Bajaj AU2320057,,2025.1.1,59.07218857767291,2025-10-02 17h22.09.425450 +0530,
-50,x,105,105,26,x,1,0.3615855999996711,None,,,,,26,105,105,0,788.6797323000028,,788.6641592000014,789.6631859000008,789.6631859000008,789.6631859000008,789.6631859000008,789.6631859000008,790.6632199000014,790.6632199000014,790.6632199000014,791.0300601000017,,,,,x,1,0.3615855999996711,None,Participant 3,001,2025-10-02_17h21.49.987,Motor Sequence Learning Bhumika Bajaj AU2320057,,2025.1.1,59.07218857767291,2025-10-02 17h22.09.425450 +0530,
-50,x,106,106,27,x,1,0.4976301999995485,None,,,,,27,106,106,0,791.0463046000004,,791.0306146000003,792.030583900003,792.030583900003,792.030583900003,792.030583900003,792.030583900003,793.0301499000016,793.0301499000016,793.0301499000016,793.5332570000028,,,,,x,1,0.4976301999995485,None,Participant 3,001,2025-10-02_17h21.49.987,Motor Sequence Learning Bhumika Bajaj AU2320057,,2025.1.1,59.07218857767291,2025-10-02 17h22.09.425450 +0530,
-50,x,107,107,28,x,1,0.7370574999986275,None,,,,,28,107,107,0,793.5493332000005,,793.5346629000014,794.5330939000014,794.5330939000014,794.5330939000014,794.5330939000014,794.5330939000014,795.5328232000029,795.5328232000029,795.5328232000029,796.2813851999999,,,,,x,1,0.7370574999986275,None,Participant 3,001,2025-10-02_17h21.49.987,Motor Sequence Learning Bhumika Bajaj AU2320057,,2025.1.1,59.07218857767291,2025-10-02 17h22.09.425450 +0530,
150,v,108,108,19,c,0,1.253705400002218,None,,,,,19,108,108,1,796.2962130000014,,796.281907200002,797.2964500000016,797.2964500000016,797.2964500000016,797.2964500000016,797.2964500000016,798.2972821000003,798.2972821000003,798.2972821000003,799.563851400002,,,,,c,0,1.253705400002218,None,Participant 3,001,2025-10-02_17h21.49.987,Motor Sequence Learning Bhumika Bajaj AU2320057,,2025.1.1,59.07218857767291,2025-10-02 17h22.09.425450 +0530,
-150,z,109,109,35,x,0,0.8832186999970872,None,,,,,35,109,109,3,799.5797784000024,,799.5643939000001,800.5627099000012,800.5627099000012,800.5627099000012,800.5627099000012,800.5627099000012,801.5631116000004,801.5631116000004,801.5631116000004,802.4638716000009,,,,,x,0,0.8832186999970872,None,Participant 3,001,2025-10-02_17h21.49.987,Motor Sequence Learning Bhumika Bajaj AU2320057,,2025.1.1,59.07218857767291,2025-10-02 17h22.09.425450 +0530,
50,c,110,110,25,c,1,0.8019770999999309,None,,,,,25,110,110,2,802.4804380000023,,802.4644751000014,803.4667308999997,803.4667308999997,803.4667308999997,803.4667308999997,803.4667308999997,804.4797926000028,804.463781800001,804.463781800001,805.2811943000015,,,,,c,1,0.8019770999999309,None,Participant 3,001,2025-10-02_17h21.49.987,Motor Sequence Learning Bhumika Bajaj AU2320057,,2025.1.1,59.07218857767291,2025-10-02 17h22.09.425450 +0530,
-50,x,111,111,29,x,1,0.8016246999977739,None,,,,,29,111,111,0,805.296398100003,,805.2817329999998,806.2794906000017,806.2794906000017,806.2794906000017,806.2794906000017,806.2794906000017,807.2800161000014,807.2963528,807.2963528,808.114408100002,,,,,x,1,0.8016246999977739,None,Participant 3,001,2025-10-02_17h21.49.987,Motor Sequence Learning Bhumika Bajaj AU2320057,,2025.1.1,59.07218857767291,2025-10-02 17h22.09.425450 +0530,
-50,x,112,112,30,x,1,0.6510754000009911,None,,,,,30,112,112,0,808.1291826000015,,808.1149263000007,809.1292687000023,809.1292687000023,809.1292687000023,809.1292687000023,809.1292687000023,810.1293946000005,810.1138169000005,810.1138169000005,810.7805612000011,,,,,x,1,0.6510754000009911,None,Participant 3,001,2025-10-02_17h21.49.987,Motor Sequence Learning Bhumika Bajaj AU2320057,,2025.1.1,59.07218857767291,2025-10-02 17h22.09.425450 +0530,
150,v,113,113,20,v,1,0.6850290000002133,None,,,,,20,113,113,1,810.7971271000024,,810.7810800000007,811.7800047000019,811.7800047000019,811.7800047000019,811.7800047000019,811.7800047000019,812.7827180000022,812.7827180000022,812.7827180000022,813.4814561000021,,,,,v,1,0.6850290000002133,None,Participant 3,001,2025-10-02_17h21.49.987,Motor Sequence Learning Bhumika Bajaj AU2320057,,2025.1.1,59.07218857767291,2025-10-02 17h22.09.425450 +0530,
-150,z,114,114,36,z,1,0.8795807999995304,None,,,,,36,114,114,3,813.4961785000014,,813.4819921000017,814.4814141000024,814.4814141000024,814.4814141000024,814.4814141000024,814.4814141000024,815.4830126000015,815.4830126000015,815.4830126000015,816.3782012000011,,,,,z,1,0.8795807999995304,None,Participant 3,001,2025-10-02_17h21.49.987,Motor Sequence Learning Bhumika Bajaj AU2320057,,2025.1.1,59.07218857767291,2025-10-02 17h22.09.425450 +0530,
50,c,115,115,26,c,1,0.8029884999996284,None,,,,,26,115,115,2,816.3946202000006,,816.3786924000015,817.3840382000017,817.3840382000017,817.3840382000017,817.3840382000017,817.3840382000017,818.3963913000007,818.3795619000011,818.3795619000011,819.1971245000022,,,,,c,1,0.8029884999996284,None,Participant 3,001,2025-10-02_17h21.49.987,Motor Sequence Learning Bhumika Bajaj AU2320057,,2025.1.1,59.07218857767291,2025-10-02 17h22.09.425450 +0530,
-150,z,116,116,37,z,1,0.7818907999971998,None,,,,,37,116,116,3,819.2129185000013,,819.197641900002,820.1996886000015,820.1996886000015,820.1996886000015,820.1996886000015,820.1996886000015,821.210530100001,821.210530100001,821.210530100001,821.9976635000021,,,,,z,1,0.7818907999971998,None,Participant 3,001,2025-10-02_17h21.49.987,Motor Sequence Learning Bhumika Bajaj AU2320057,,2025.1.1,59.07218857767291,2025-10-02 17h22.09.425450 +0530,
-50,x,117,117,31,x,1,0.6991637999999512,None,,,,,31,117,117,0,822.0129733000031,,821.9981767999998,823.0125291000004,823.0125291000004,823.0125291000004,823.0125291000004,823.0125291000004,824.0128227000023,824.0128227000023,824.0128227000023,824.7145488000024,,,,,x,1,0.6991637999999512,None,Participant 3,001,2025-10-02_17h21.49.987,Motor Sequence Learning Bhumika Bajaj AU2320057,,2025.1.1,59.07218857767291,2025-10-02 17h22.09.425450 +0530,
150,v,118,118,21,v,1,0.7513603000006697,None,,,,,21,118,118,1,824.7298475999996,,824.7150841000002,825.7298627000018,825.7298627000018,825.7298627000018,825.7298627000018,825.7298627000018,826.7300552000015,826.7135016000029,826.7135016000029,827.4660559000004,,,,,v,1,0.7513603000006697,None,Participant 3,001,2025-10-02_17h21.49.987,Motor Sequence Learning Bhumika Bajaj AU2320057,,2025.1.1,59.07218857767291,2025-10-02 17h22.09.425450 +0530,
-150,z,119,119,38,z,1,0.9951268999975582,None,,,,,38,119,119,3,827.4819489000001,,827.4666660000003,828.4791653000029,828.4791653000029,828.4791653000029,828.4791653000029,828.4791653000029,829.4791619000025,829.4791619000025,829.4791619000025,830.4796709000002,,,,,z,1,0.9951268999975582,None,Participant 3,001,2025-10-02_17h21.49.987,Motor Sequence Learning Bhumika Bajaj AU2320057,,2025.1.1,59.07218857767291,2025-10-02 17h22.09.425450 +0530,
50,c,120,120,27,c,1,1.0410262000004877,None,,,,,27,120,120,2,830.4998321000021,,830.4801920000027,831.4805839,831.4805839,831.4805839,831.4805839,831.4805839,832.4958514000027,832.480324600001,832.480324600001,833.5303611000018,,,,,c,1,1.0410262000004877,None,Participant 3,001,2025-10-02_17h21.49.987,Motor Sequence Learning Bhumika Bajaj AU2320057,,2025.1.1,59.07218857767291,2025-10-02 17h22.09.425450 +0530,
50,c,121,121,28,c,1,0.848448600001575,None,,,,,28,121,121,2,833.5453381000007,,833.5308877999996,834.5292552000028,834.5292552000028,834.5292552000028,834.5292552000028,834.5292552000028,835.5300668000018,835.5461641000002,835.5461641000002,836.397223400003,,,,,c,1,0.848448600001575,None,Participant 3,001,2025-10-02_17h21.49.987,Motor Sequence Learning Bhumika Bajaj AU2320057,,2025.1.1,59.07218857767291,2025-10-02 17h22.09.425450 +0530,
-150,z,122,122,39,z,1,1.4146146999992197,None,,,,,39,122,122,3,836.412595400001,,836.3977723999997,837.4128587000014,837.4128587000014,837.4128587000014,837.4128587000014,837.4128587000014,838.4135100000021,838.4135100000021,838.4135100000021,839.8310696000008,,,,,z,1,1.4146146999992197,None,Participant 3,001,2025-10-02_17h21.49.987,Motor Sequence Learning Bhumika Bajaj AU2320057,,2025.1.1,59.07218857767291,2025-10-02 17h22.09.425450 +0530,
150,v,123,123,22,v,1,0.6849393000011332,None,,,,,22,123,123,1,839.8456241000022,,839.8315949000025,840.8443074000024,840.8443074000024,840.8443074000024,840.8443074000024,840.8443074000024,841.8461785,841.8461785,841.8461785,842.5475681000025,,,,,v,1,0.6849393000011332,None,Participant 3,001,2025-10-02_17h21.49.987,Motor Sequence Learning Bhumika Bajaj AU2320057,,2025.1.1,59.07218857767291,2025-10-02 17h22.09.425450 +0530,
150,v,124,124,23,v,1,0.6204446999981883,None,,,,,23,124,124,1,842.5628389000012,,842.5481282000001,843.5630204000008,843.5630204000008,843.5630204000008,843.5630204000008,843.5630204000008,844.576816300003,844.5602826000031,844.5602826000031,845.1973560000006,,,,,v,1,0.6204446999981883,None,Participant 3,001,2025-10-02_17h21.49.987,Motor Sequence Learning Bhumika Bajaj AU2320057,,2025.1.1,59.07218857767291,2025-10-02 17h22.09.425450 +0530,
50,c,125,125,29,c,1,0.4489417000004323,None,,,,,29,125,125,2,845.2133384000008,,845.197863100002,846.2131384000022,846.2131384000022,846.2131384000022,846.2131384000022,846.2131384000022,847.2124834999995,847.1959774999996,847.1959774999996,847.6489405000029,,,,,c,1,0.4489417000004323,None,Participant 3,001,2025-10-02_17h21.49.987,Motor Sequence Learning Bhumika Bajaj AU2320057,,2025.1.1,59.07218857767291,2025-10-02 17h22.09.425450 +0530,
50,c,126,126,30,c,1,0.5960153000014543,None,,,,,30,126,126,2,847.6629796000016,,847.6494604,848.6627595000027,848.6627595000027,848.6627595000027,848.6627595000027,848.6627595000027,849.6799602000028,849.6625779000024,849.6625779000024,850.2607029999999,,,,,c,1,0.5960153000014543,None,Participant 3,001,2025-10-02_17h21.49.987,Motor Sequence Learning Bhumika Bajaj AU2320057,,2025.1.1,59.07218857767291,2025-10-02 17h22.09.425450 +0530,
-150,z,127,127,40,z,1,0.7613725000010163,None,,,,,40,127,127,3,850.277283200001,,850.2612327000024,851.2658329000005,851.2658329000005,851.2658329000005,851.2658329000005,851.2658329000005,852.2795468000004,852.2637065000017,852.2637065000017,853.0300195000018,,,,,z,1,0.7613725000010163,None,Participant 3,001,2025-10-02_17h21.49.987,Motor Sequence Learning Bhumika Bajaj AU2320057,,2025.1.1,59.07218857767291,2025-10-02 17h22.09.425450 +0530,
150,v,128,128,24,v,1,0.7023565000017697,None,,,,,24,128,128,1,853.0442584000011,,853.0305389000023,854.0321392000005,854.0321392000005,854.0321392000005,854.0321392000005,854.0321392000005,855.045458200002,855.045458200002,855.045458200002,855.7635577000001,,,,,v,1,0.7023565000017697,None,Participant 3,001,2025-10-02_17h21.49.987,Motor Sequence Learning Bhumika Bajaj AU2320057,,2025.1.1,59.07218857767291,2025-10-02 17h22.09.425450 +0530,
50,c,129,129,31,c,1,0.7197856000020693,None,,,,,31,129,129,2,855.7798559000003,,855.7640785000003,856.7652009000012,856.7652009000012,856.7652009000012,856.7652009000012,856.7652009000012,857.779268000002,857.779268000002,857.779268000002,858.5011341999998,,,,,c,1,0.7197856000020693,None,Participant 3,001,2025-10-02_17h21.49.987,Motor Sequence Learning Bhumika Bajaj AU2320057,,2025.1.1,59.07218857767291,2025-10-02 17h22.09.425450 +0530,
-50,x,130,130,32,x,1,0.7116693999996642,None,,,,,32,130,130,0,858.5177263000005,,858.5020905000019,859.5128282000005,859.5128282000005,859.5128282000005,859.5128282000005,859.5128282000005,860.5135111000018,860.5135111000018,860.5135111000018,861.2308303999998,,,,,x,1,0.7116693999996642,None,Participant 3,001,2025-10-02_17h21.49.987,Motor Sequence Learning Bhumika Bajaj AU2320057,,2025.1.1,59.07218857767291,2025-10-02 17h22.09.425450 +0530,
50,c,131,131,32,c,1,1.079020799999853,None,,,,,32,131,131,2,861.2477842000008,,861.2313625999996,862.2462881000029,862.2462881000029,862.2462881000029,862.2462881000029,862.2462881000029,863.2458912000002,863.2458912000002,863.2458912000002,864.334537900002,,,,,c,1,1.079020799999853,None,Participant 3,001,2025-10-02_17h21.49.987,Motor Sequence Learning Bhumika Bajaj AU2320057,,2025.1.1,59.07218857767291,2025-10-02 17h22.09.425450 +0530,
-50,x,132,132,33,x,1,1.003278299998783,None,,,,,33,132,132,0,864.3486641000018,,864.3356213000006,865.3494195000021,865.3494195000021,865.3494195000021,865.3494195000021,865.3494195000021,866.3659313999997,866.3502691000031,866.3502691000031,867.3666612000015,,,,,x,1,1.003278299998783,None,Participant 3,001,2025-10-02_17h21.49.987,Motor Sequence Learning Bhumika Bajaj AU2320057,,2025.1.1,59.07218857767291,2025-10-02 17h22.09.425450 +0530,
50,c,133,133,33,c,1,0.6924715999994078,None,,,,,33,133,133,2,867.3819077000007,,867.3675495000025,868.3653802000008,868.3653802000008,868.3653802000008,868.3653802000008,868.3653802000008,869.3651970999999,869.3814631000023,869.3814631000023,870.0793607000014,,,,,c,1,0.6924715999994078,None,Participant 3,001,2025-10-02_17h21.49.987,Motor Sequence Learning Bhumika Bajaj AU2320057,,2025.1.1,59.07218857767291,2025-10-02 17h22.09.425450 +0530,
-50,x,134,134,34,x,1,0.5324317000013252,None,,,,,34,134,134,0,870.0960120000018,,870.0797571000003,871.0798629000019,871.0798629000019,871.0798629000019,871.0798629000019,871.0798629000019,872.0960488000019,872.0795257000027,872.0795257000027,872.6153089,,,,,x,1,0.5324317000013252,None,Participant 3,001,2025-10-02_17h21.49.987,Motor Sequence Learning Bhumika Bajaj AU2320057,,2025.1.1,59.07218857767291,2025-10-02 17h22.09.425450 +0530,
150,v,135,135,25,v,1,0.3677389000004041,None,,,,,25,135,135,1,872.631503800003,,872.6159039000013,873.6157867000002,873.6157867000002,873.6157867000002,873.6157867000002,873.6157867000002,874.628910200001,874.628910200001,874.628910200001,875.013467300003,,,,,v,1,0.3677389000004041,None,Participant 3,001,2025-10-02_17h21.49.987,Motor Sequence Learning Bhumika Bajaj AU2320057,,2025.1.1,59.07218857767291,2025-10-02 17h22.09.425450 +0530,
50,c,136,136,34,c,1,0.4267109999964305,None,,,,,34,136,136,2,875.0291104999997,,875.0139913000021,876.0290664000022,876.0290664000022,876.0290664000022,876.0290664000022,876.0290664000022,877.0281011000006,877.0281011000006,877.0281011000006,877.4618614000028,,,,,c,1,0.4267109999964305,None,Participant 3,001,2025-10-02_17h21.49.987,Motor Sequence Learning Bhumika Bajaj AU2320057,,2025.1.1,59.07218857767291,2025-10-02 17h22.09.425450 +0530,
-150,z,137,137,41,z,1,0.3764299000031315,None,,,,,41,137,137,3,877.4786194000008,,877.462362000002,878.4621015000012,878.4621015000012,878.4621015000012,878.4621015000012,878.4621015000012,879.4618797000003,879.4618797000003,879.4618797000003,879.8468150000008,,,,,z,1,0.3764299000031315,None,Participant 3,001,2025-10-02_17h21.49.987,Motor Sequence Learning Bhumika Bajaj AU2320057,,2025.1.1,59.07218857767291,2025-10-02 17h22.09.425450 +0530,
150,v,138,138,26,v,1,0.699261400000978,None,,,,,26,138,138,1,879.8621272000019,,879.8473628000029,880.8454570000031,880.8454570000031,880.8454570000031,880.8454570000031,880.8454570000031,881.8458339000026,881.8619247999995,881.8619247999995,882.5677992000019,,,,,v,1,0.699261400000978,None,Participant 3,001,2025-10-02_17h21.49.987,Motor Sequence Learning Bhumika Bajaj AU2320057,,2025.1.1,59.07218857767291,2025-10-02 17h22.09.425450 +0530,
-50,x,139,139,35,x,1,0.5660955999992439,None,,,,,35,139,139,0,882.5827967000005,,882.5687069000014,883.578737900003,883.578737900003,883.578737900003,883.578737900003,883.578737900003,884.5790132000002,884.5790132000002,884.5790132000002,885.1478390000011,,,,,x,1,0.5660955999992439,None,Participant 3,001,2025-10-02_17h21.49.987,Motor Sequence Learning Bhumika Bajaj AU2320057,,2025.1.1,59.07218857767291,2025-10-02 17h22.09.425450 +0530,
150,v,140,140,27,v,1,4.047395899997355,None,,,,,27,140,140,1,885.1620134000004,,885.1483508000019,886.1621035999997,886.1621035999997,886.1621035999997,886.1621035999997,886.1621035999997,887.176543900001,887.1616102000007,887.1616102000007,891.2214939000005,,,,,v,1,4.047395899997355,None,Participant 3,001,2025-10-02_17h21.49.987,Motor Sequence Learning Bhumika Bajaj AU2320057,,2025.1.1,59.07218857767291,2025-10-02 17h22.09.425450 +0530,
50,c,141,141,35,v,0,0.6927450999974099,None,,,,,35,141,141,2,891.2371073000031,,891.2220061000007,892.2351450999995,892.2351450999995,892.2351450999995,892.2351450999995,892.2351450999995,893.2370098000029,893.2370098000029,893.2370098000029,893.9379012000027,,,,,v,0,0.6927450999974099,None,Participant 3,001,2025-10-02_17h21.49.987,Motor Sequence Learning Bhumika Bajaj AU2320057,,2025.1.1,59.07218857767291,2025-10-02 17h22.09.425450 +0530,
-50,x,142,142,36,z,0,0.346084199998586,None,,,,,36,142,142,0,893.9537811000009,,893.9384546000001,894.9538456000009,894.9538456000009,894.9538456000009,894.9538456000009,894.9538456000009,895.9542480000018,895.9374125000031,895.9374125000031,896.2879939000013,,,,,z,0,0.346084199998586,None,Participant 3,001,2025-10-02_17h21.49.987,Motor Sequence Learning Bhumika Bajaj AU2320057,,2025.1.1,59.07218857767291,2025-10-02 17h22.09.425450 +0530,
50,c,143,143,36,z,0,0.3127550999997766,None,,,,,36,143,143,2,896.3030566000016,,896.288598500003,897.2875854000013,897.2875854000013,897.2875854000013,897.2875854000013,897.2875854000013,898.2865993000014,898.3036843000009,898.3036843000009,898.6215742000022,,,,,z,0,0.3127550999997766,None,Participant 3,001,2025-10-02_17h21.49.987,Motor Sequence Learning Bhumika Bajaj AU2320057,,2025.1.1,59.07218857767291,2025-10-02 17h22.09.425450 +0530,
50,c,144,144,37,c,1,0.0490855999996711,None,,,,,37,144,144,2,898.6371158000002,,898.622166600002,899.6371083000013,899.6371083000013,899.6371083000013,899.6371083000013,899.6371083000013,900.6378014000002,900.6378014000002,900.6378014000002,900.6881539000024,,,,,c,1,0.0490855999996711,None,Participant 3,001,2025-10-02_17h21.49.987,Motor Sequence Learning Bhumika Bajaj AU2320057,,2025.1.1,59.07218857767291,2025-10-02 17h22.09.425450 +0530,
150,v,145,145,28,v,1,0.46093520000067656,None,,,,,28,145,145,1,900.7035744000023,,900.6887837000031,901.7014454000018,901.7014454000018,901.7014454000018,901.7014454000018,901.7014454000018,902.7043236999998,902.6871363000027,902.6871363000027,903.1541587000029,,,,,v,1,0.46093520000067656,None,Participant 3,001,2025-10-02_17h21.49.987,Motor Sequence Learning Bhumika Bajaj AU2320057,,2025.1.1,59.07218857767291,2025-10-02 17h22.09.425450 +0530,
-150,z,146,146,42,z,1,0.6077199999999721,None,,,,,42,146,146,3,903.1708092000008,,903.1547172000028,904.1541214999997,904.1541214999997,904.1541214999997,904.1541214999997,904.1541214999997,905.1569660000023,905.1569660000023,905.1569660000023,905.7704472000005,,,,,z,1,0.6077199999999721,None,Participant 3,001,2025-10-02_17h21.49.987,Motor Sequence Learning Bhumika Bajaj AU2320057,,2025.1.1,59.07218857767291,2025-10-02 17h22.09.425450 +0530,
150,v,147,147,29,v,1,0.5518188999994891,None,,,,,29,147,147,1,905.7872158000027,,905.770972600003,906.7702600000011,906.7702600000011,906.7702600000011,906.7702600000011,906.7702600000011,907.7702987000011,907.7702987000011,907.7702987000011,908.3227671000022,,,,,v,1,0.5518188999994891,None,Participant 3,001,2025-10-02_17h21.49.987,Motor Sequence Learning Bhumika Bajaj AU2320057,,2025.1.1,59.07218857767291,2025-10-02 17h22.09.425450 +0530,
150,v,148,148,30,v,1,0.5110314000012295,None,,,,,30,148,148,1,908.3370164000007,,908.3232803000028,909.3365790999997,909.3365790999997,909.3365790999997,909.3365790999997,909.3365790999997,910.337765100001,910.337765100001,910.337765100001,910.8540512,,,,,v,1,0.5110314000012295,None,Participant 3,001,2025-10-02_17h21.49.987,Motor Sequence Learning Bhumika Bajaj AU2320057,,2025.1.1,59.07218857767291,2025-10-02 17h22.09.425450 +0530,
150,v,149,149,31,v,1,0.5789910000021337,None,,,,,31,149,149,1,910.8706457000008,,910.8545752000027,911.8535028000006,911.8535028000006,911.8535028000006,911.8535028000006,911.8535028000006,912.8544346000017,912.8544346000017,912.8544346000017,913.4382906000028,,,,,v,1,0.5789910000021337,None,Participant 3,001,2025-10-02_17h21.49.987,Motor Sequence Learning Bhumika Bajaj AU2320057,,2025.1.1,59.07218857767291,2025-10-02 17h22.09.425450 +0530,
150,v,150,150,32,v,1,0.5147842999977001,None,,,,,32,150,150,1,913.4537176000013,,913.4388158000002,914.4398625000031,914.4398625000031,914.4398625000031,914.4398625000031,914.4398625000031,915.4401579000005,915.4401579000005,915.4401579000005,915.9597764999999,,,,,v,1,0.5147842999977001,None,Participant 3,001,2025-10-02_17h21.49.987,Motor Sequence Learning Bhumika Bajaj AU2320057,,2025.1.1,59.07218857767291,2025-10-02 17h22.09.425450 +0530,
-50,x,151,151,37,x,1,0.5458328999993682,None,,,,,37,151,151,0,915.9866271000028,,915.9606792000013,916.9739480999997,916.9739480999997,916.9739480999997,916.9739480999997,916.9739480999997,917.9882891000016,917.9726248000006,917.9726248000006,918.5236105000004,,,,,x,1,0.5458328999993682,None,Participant 3,001,2025-10-02_17h21.49.987,Motor Sequence Learning Bhumika Bajaj AU2320057,,2025.1.1,59.07218857767291,2025-10-02 17h22.09.425450 +0530,
-50,x,152,152,38,x,1,0.42693639999924926,None,,,,,38,152,152,0,918.5394135000024,,918.5244286000016,919.5231896000005,919.5231896000005,919.5231896000005,919.5231896000005,919.5231896000005,920.5369191000027,920.5369191000027,920.5369191000027,920.9714267000018,,,,,x,1,0.42693639999924926,None,Participant 3,001,2025-10-02_17h21.49.987,Motor Sequence Learning Bhumika Bajaj AU2320057,,2025.1.1,59.07218857767291,2025-10-02 17h22.09.425450 +0530,
-150,z,153,153,43,z,1,0.5220355999990716,None,,,,,43,153,153,3,920.9862742000005,,920.9719460000015,921.9873528999997,921.9873528999997,921.9873528999997,921.9873528999997,921.9873528999997,922.9867938999996,922.9867938999996,922.9867938999996,923.5208364999999,,,,,z,1,0.5220355999990716,None,Participant 3,001,2025-10-02_17h21.49.987,Motor Sequence Learning Bhumika Bajaj AU2320057,,2025.1.1,59.07218857767291,2025-10-02 17h22.09.425450 +0530,
150,v,154,154,33,v,1,0.5084362999987206,None,,,,,33,154,154,1,923.5367879000005,,923.5213646000011,924.5235876000006,924.5235876000006,924.5235876000006,924.5235876000006,924.5235876000006,925.5372312,925.5211663000009,925.5211663000009,926.0373975000002,,,,,v,1,0.5084362999987206,None,Participant 3,001,2025-10-02_17h21.49.987,Motor Sequence Learning Bhumika Bajaj AU2320057,,2025.1.1,59.07218857767291,2025-10-02 17h22.09.425450 +0530,
150,v,155,155,34,v,1,0.4852735999993456,None,,,,,34,155,155,1,926.0540627000009,,926.0379189000014,927.0402683000029,927.0402683000029,927.0402683000029,927.0402683000029,927.0402683000029,928.0384663000004,928.0384663000004,928.0384663000004,928.5384593000017,,,,,v,1,0.4852735999993456,None,Participant 3,001,2025-10-02_17h21.49.987,Motor Sequence Learning Bhumika Bajaj AU2320057,,2025.1.1,59.07218857767291,2025-10-02 17h22.09.425450 +0530,
150,v,156,156,35,v,1,0.3813564000010956,None,,,,,35,156,156,1,928.5538831000013,,928.5389615000022,929.5393693000005,929.5393693000005,929.5393693000005,929.5393693000005,929.5393693000005,930.5537404000024,930.5537404000024,930.5537404000024,930.9407852000004,,,,,v,1,0.3813564000010956,None,Participant 3,001,2025-10-02_17h21.49.987,Motor Sequence Learning Bhumika Bajaj AU2320057,,2025.1.1,59.07218857767291,2025-10-02 17h22.09.425450 +0530,
50,c,157,157,38,c,1,0.3795323999984248,None,,,,,38,157,157,2,930.9541691000013,,930.9422107999999,931.9510463000006,931.9510463000006,931.9510463000006,931.9510463000006,931.9510463000006,932.9532822000001,932.9532822000001,932.9532822000001,933.3375178000024,,,,,c,1,0.3795323999984248,None,Participant 3,001,2025-10-02_17h21.49.987,Motor Sequence Learning Bhumika Bajaj AU2320057,,2025.1.1,59.07218857767291,2025-10-02 17h22.09.425450 +0530,
50,c,158,158,39,c,1,0.4692485999985365,None,,,,,39,158,158,2,933.3528960000003,,933.338051900002,934.3367274000011,934.3367274000011,934.3367274000011,934.3367274000011,934.3367274000011,935.3366161000013,935.3366161000013,935.3366161000013,935.8211533000031,,,,,c,1,0.4692485999985365,None,Participant 3,001,2025-10-02_17h21.49.987,Motor Sequence Learning Bhumika Bajaj AU2320057,,2025.1.1,59.07218857767291,2025-10-02 17h22.09.425450 +0530,
150,v,159,159,36,v,1,0.6253228999994462,None,,,,,36,159,159,1,935.8363793999997,,935.8216713000002,936.834414500001,936.834414500001,936.834414500001,936.834414500001,936.834414500001,937.8374428000025,937.8196472000018,937.8196472000018,938.4542978000027,,,,,v,1,0.6253228999994462,None,Participant 3,001,2025-10-02_17h21.49.987,Motor Sequence Learning Bhumika Bajaj AU2320057,,2025.1.1,59.07218857767291,2025-10-02 17h22.09.425450 +0530,
50,c,160,160,40,c,1,0.5674586000022828,None,,,,,40,160,160,2,938.4702725999996,,938.4548470000009,939.4541782000015,939.4541782000015,939.4541782000015,939.4541782000015,939.4541782000015,940.4533404000031,940.469678700003,940.469678700003,941.0397099000002,,,,,c,1,0.5674586000022828,None,Participant 3,001,2025-10-02_17h21.49.987,Motor Sequence Learning Bhumika Bajaj AU2320057,,2025.1.1,59.07218857767291,2025-10-02 17h22.09.425450 +0530,
50,c,161,161,41,c,1,0.5074311000025773,None,,,,,41,161,161,2,941.0536181999996,,941.0402499000011,942.0515612000017,942.0515612000017,942.0515612000017,942.0515612000017,942.0515612000017,943.0515794000021,943.0515794000021,943.0515794000021,943.5681382000002,,,,,c,1,0.5074311000025773,None,Participant 3,001,2025-10-02_17h21.49.987,Motor Sequence Learning Bhumika Bajaj AU2320057,,2025.1.1,59.07218857767291,2025-10-02 17h22.09.425450 +0530,
-150,z,162,162,44,c,0,0.6283565999983693,None,,,,,44,162,162,3,943.5881251000028,,943.5683365000004,944.5675943999995,944.5675943999995,944.5675943999995,944.5675943999995,944.5675943999995,945.5700923000004,945.5700923000004,945.5700923000004,946.2036928000016,,,,,c,0,0.6283565999983693,None,Participant 3,001,2025-10-02_17h21.49.987,Motor Sequence Learning Bhumika Bajaj AU2320057,,2025.1.1,59.07218857767291,2025-10-02 17h22.09.425450 +0530,
50,c,163,163,42,c,1,0.33840910000071744,None,,,,,42,163,163,2,946.2200617000017,,946.2041124000025,947.2174173000021,947.2174173000021,947.2174173000021,947.2174173000021,947.2174173000021,948.2201673000018,948.2032701999997,948.2032701999997,948.5544590000027,,,,,c,1,0.33840910000071744,None,Participant 3,001,2025-10-02_17h21.49.987,Motor Sequence Learning Bhumika Bajaj AU2320057,,2025.1.1,59.07218857767291,2025-10-02 17h22.09.425450 +0530,
50,c,164,164,43,c,1,0.39106570000149077,None,,,,,43,164,164,2,948.5700741,,948.5550172000003,949.5713504000014,949.5713504000014,949.5713504000014,949.5713504000014,949.5713504000014,950.5868265999998,950.5675209000001,950.5675209000001,950.972297100001,,,,,c,1,0.39106570000149077,None,Participant 3,001,2025-10-02_17h21.49.987,Motor Sequence Learning Bhumika Bajaj AU2320057,,2025.1.1,59.07218857767291,2025-10-02 17h22.09.425450 +0530,
50,c,165,165,44,c,1,0.35685319999902276,None,,,,,44,165,165,2,950.9883569000012,,950.9729000000007,951.9871433000008,951.9871433000008,951.9871433000008,951.9871433000008,951.9871433000008,952.9871447000005,952.9871447000005,952.9871447000005,953.3538918000013,,,,,c,1,0.35685319999902276,None,Participant 3,001,2025-10-02_17h21.49.987,Motor Sequence Learning Bhumika Bajaj AU2320057,,2025.1.1,59.07218857767291,2025-10-02 17h22.09.425450 +0530,
-50,x,166,166,39,x,1,0.6220123999992211,None,,,,,39,166,166,0,953.3700024000027,,953.3544107000016,954.3560271000024,954.3560271000024,954.3560271000024,954.3560271000024,954.3560271000024,955.3554005000005,955.3554005000005,955.3554005000005,955.9871585000001,,,,,x,1,0.6220123999992211,None,Participant 3,001,2025-10-02_17h21.49.987,Motor Sequence Learning Bhumika Bajaj AU2320057,,2025.1.1,59.07218857767291,2025-10-02 17h22.09.425450 +0530,
150,v,167,167,37,v,1,0.652281499998935,None,,,,,37,167,167,1,956.0022652000007,,955.9876987000025,956.986011500001,956.986011500001,956.986011500001,956.986011500001,956.986011500001,957.9868864000018,957.9868864000018,957.9868864000018,958.6552757999998,,,,,v,1,0.652281499998935,None,Participant 3,001,2025-10-02_17h21.49.987,Motor Sequence Learning Bhumika Bajaj AU2320057,,2025.1.1,59.07218857767291,2025-10-02 17h22.09.425450 +0530,
50,c,168,168,45,c,1,0.5791514000011375,None,,,,,45,168,168,2,958.6701634000019,,958.6557967000008,959.6700554000017,959.6700554000017,959.6700554000017,959.6700554000017,959.6700554000017,960.672885,960.6567971000004,960.6567971000004,961.2391590000007,,,,,c,1,0.5791514000011375,None,Participant 3,001,2025-10-02_17h21.49.987,Motor Sequence Learning Bhumika Bajaj AU2320057,,2025.1.1,59.07218857767291,2025-10-02 17h22.09.425450 +0530,
50,c,169,169,46,c,1,0.5752519000016036,None,,,,,46,169,169,2,961.2539421000001,,961.2397030000029,962.2376461000022,962.2376461000022,962.2376461000022,962.2376461000022,962.2376461000022,963.2534663000006,963.2534663000006,963.2534663000006,963.8377558000029,,,,,c,1,0.5752519000016036,None,Participant 3,001,2025-10-02_17h21.49.987,Motor Sequence Learning Bhumika Bajaj AU2320057,,2025.1.1,59.07218857767291,2025-10-02 17h22.09.425450 +0530,
-150,z,170,170,45,z,1,0.677894299999025,None,,,,,45,170,170,3,963.8535813000017,,963.8382891000001,964.8399788000024,964.8399788000024,964.8399788000024,964.8399788000024,964.8399788000024,965.8536668000015,965.8367954000023,965.8367954000023,966.5205439000019,,,,,z,1,0.677894299999025,None,Participant 3,001,2025-10-02_17h21.49.987,Motor Sequence Learning Bhumika Bajaj AU2320057,,2025.1.1,59.07218857767291,2025-10-02 17h22.09.425450 +0530,
-150,z,171,171,46,z,1,0.9388803999972879,None,,,,,46,171,171,3,966.5350171999999,,966.5210822000008,967.5200953000021,967.5200953000021,967.5200953000021,967.5200953000021,967.5200953000021,968.523844000003,968.523844000003,968.523844000003,969.474129000002,,,,,z,1,0.9388803999972879,None,Participant 3,001,2025-10-02_17h21.49.987,Motor Sequence Learning Bhumika Bajaj AU2320057,,2025.1.1,59.07218857767291,2025-10-02 17h22.09.425450 +0530,
-50,x,172,172,40,x,1,0.32599240000126883,None,,,,,40,172,172,0,969.4893193000025,,969.474993900003,970.4858254999999,970.4858254999999,970.4858254999999,970.4858254999999,970.4858254999999,971.4884721000017,971.4884721000017,971.4884721000017,971.8234130000019,,,,,x,1,0.32599240000126883,None,Participant 3,001,2025-10-02_17h21.49.987,Motor Sequence Learning Bhumika Bajaj AU2320057,,2025.1.1,59.07218857767291,2025-10-02 17h22.09.425450 +0530,
-50,x,173,173,41,x,1,0.485774599997967,None,,,,,41,173,173,0,971.8403813000004,,971.824351700001,972.8229064000006,972.8229064000006,972.8229064000006,972.8229064000006,972.8229064000006,973.835332900002,973.835332900002,973.835332900002,974.3373140000003,,,,,x,1,0.485774599997967,None,Participant 3,001,2025-10-02_17h21.49.987,Motor Sequence Learning Bhumika Bajaj AU2320057,,2025.1.1,59.07218857767291,2025-10-02 17h22.09.425450 +0530,
150,v,174,174,38,v,1,0.6985319000013988,None,,,,,38,174,174,1,974.3529460000027,,974.3378822000013,975.3372608000027,975.3372608000027,975.3372608000027,975.3372608000027,975.3372608000027,976.3367302000006,976.3367302000006,976.3367302000006,977.0379240000002,,,,,v,1,0.6985319000013988,None,Participant 3,001,2025-10-02_17h21.49.987,Motor Sequence Learning Bhumika Bajaj AU2320057,,2025.1.1,59.07218857767291,2025-10-02 17h22.09.425450 +0530,
150,v,175,175,39,c,0,1.1419266999982938,None,,,,,39,175,175,1,977.0533390000019,,977.0384489999997,978.0535899999995,978.0535899999995,978.0535899999995,978.0535899999995,978.0535899999995,979.0680347000016,979.0514882999996,979.0514882999996,980.2016603000011,,,,,c,0,1.1419266999982938,None,Participant 3,001,2025-10-02_17h21.49.987,Motor Sequence Learning Bhumika Bajaj AU2320057,,2025.1.1,59.07218857767291,2025-10-02 17h22.09.425450 +0530,
150,v,176,176,40,v,1,0.6822710000014922,None,,,,,40,176,176,1,980.2176485000018,,980.2020818000019,981.2058113000021,981.2058113000021,981.2058113000021,981.2058113000021,981.2058113000021,982.2201716000018,982.2035442000015,982.2035442000015,982.8874531000001,,,,,v,1,0.6822710000014922,None,Participant 3,001,2025-10-02_17h21.49.987,Motor Sequence Learning Bhumika Bajaj AU2320057,,2025.1.1,59.07218857767291,2025-10-02 17h22.09.425450 +0530,
150,v,177,177,41,v,1,0.5433749000003445,None,,,,,41,177,177,1,982.9024406999997,,982.8878866000014,983.9029536000016,983.9029536000016,983.9029536000016,983.9029536000016,983.9029536000016,984.9031962000008,984.9031962000008,984.9031962000008,985.4534538000007,,,,,v,1,0.5433749000003445,None,Participant 3,001,2025-10-02_17h21.49.987,Motor Sequence Learning Bhumika Bajaj AU2320057,,2025.1.1,59.07218857767291,2025-10-02 17h22.09.425450 +0530,
-50,x,178,178,42,x,1,0.7491770999986329,None,,,,,42,178,178,0,985.469572500002,,985.453977600002,986.4688510000015,986.4688510000015,986.4688510000015,986.4688510000015,986.4688510000015,987.4706087000013,987.4530412000022,987.4530412000022,988.2048711999996,,,,,x,1,0.7491770999986329,None,Participant 3,001,2025-10-02_17h21.49.987,Motor Sequence Learning Bhumika Bajaj AU2320057,,2025.1.1,59.07218857767291,2025-10-02 17h22.09.425450 +0530,
-50,x,179,179,43,x,1,0.8495697999969707,None,,,,,43,179,179,0,988.2198601000018,,988.2053814000028,989.2201162000019,989.2201162000019,989.2201162000019,989.2201162000019,989.2201162000019,990.2201667000008,990.2201667000008,990.2201667000008,991.0712114000016,,,,,x,1,0.8495697999969707,None,Participant 3,001,2025-10-02_17h21.49.987,Motor Sequence Learning Bhumika Bajaj AU2320057,,2025.1.1,59.07218857767291,2025-10-02 17h22.09.425450 +0530,
-150,z,180,180,47,z,1,0.9820059999983641,None,,,,,47,180,180,3,991.0864426000007,,991.0717291000001,992.0861012000023,992.0861012000023,992.0861012000023,992.0861012000023,992.0861012000023,993.0888384999998,993.0719984000025,993.0719984000025,994.0709816000017,,,,,z,1,0.9820059999983641,None,Participant 3,001,2025-10-02_17h21.49.987,Motor Sequence Learning Bhumika Bajaj AU2320057,,2025.1.1,59.07218857767291,2025-10-02 17h22.09.425450 +0530,
150,v,181,181,42,v,1,0.8829721000001882,None,,,,,42,181,181,1,994.086263600002,,994.0715383999996,995.0868101000015,995.0868101000015,995.0868101000015,995.0868101000015,995.0868101000015,996.0863441000001,996.0863441000001,996.0863441000001,996.9707455999996,,,,,v,1,0.8829721000001882,None,Participant 3,001,2025-10-02_17h21.49.987,Motor Sequence Learning Bhumika Bajaj AU2320057,,2025.1.1,59.07218857767291,2025-10-02 17h22.09.425450 +0530,
-50,x,182,182,44,x,1,0.903998000001593,None,,,,,44,182,182,0,996.9862864000024,,996.9712816000028,997.9865682000018,997.9865682000018,997.9865682000018,997.9865682000018,997.9865682000018,998.9858588000025,998.9858588000025,998.9858588000025,999.907524000002,,,,,x,1,0.903998000001593,None,Participant 3,001,2025-10-02_17h21.49.987,Motor Sequence Learning Bhumika Bajaj AU2320057,,2025.1.1,59.07218857767291,2025-10-02 17h22.09.425450 +0530,
-150,z,183,183,48,z,1,0.838836299997638,None,,,,,48,183,183,3,999.9228618000016,,999.9084464000007,1000.9167794000023,1000.9167794000023,1000.9167794000023,1000.9167794000023,1000.9167794000023,1001.919593300001,1001.919593300001,1001.919593300001,1002.7703413000017,,,,,z,1,0.838836299997638,None,Participant 3,001,2025-10-02_17h21.49.987,Motor Sequence Learning Bhumika Bajaj AU2320057,,2025.1.1,59.07218857767291,2025-10-02 17h22.09.425450 +0530,
50,c,184,184,47,c,1,1.3735831000012695,None,,,,,47,184,184,2,1002.7871524000002,,1002.7708552000004,1003.7865590000001,1003.7865590000001,1003.7865590000001,1003.7865590000001,1003.7865590000001,1004.788781700001,1004.772214800003,1004.772214800003,1006.1577400000024,,,,,c,1,1.3735831000012695,None,Participant 3,001,2025-10-02_17h21.49.987,Motor Sequence Learning Bhumika Bajaj AU2320057,,2025.1.1,59.07218857767291,2025-10-02 17h22.09.425450 +0530,
150,v,185,185,43,v,1,0.7141730999974243,None,,,,,43,185,185,1,1006.1735707000007,,1006.1587595000019,1007.1694472000017,1007.1694472000017,1007.1694472000017,1007.1694472000017,1007.1694472000017,1008.1702786000023,1008.1702786000023,1008.1702786000023,1008.8881785000012,,,,,v,1,0.7141730999974243,None,Participant 3,001,2025-10-02_17h21.49.987,Motor Sequence Learning Bhumika Bajaj AU2320057,,2025.1.1,59.07218857767291,2025-10-02 17h22.09.425450 +0530,
-50,x,186,186,45,x,1,0.7311676999997871,None,,,,,45,186,186,0,1008.9013699999996,,1008.8886544000015,1009.8875979000004,1009.8875979000004,1009.8875979000004,1009.8875979000004,1009.8875979000004,1010.9028566000015,1010.9028566000015,1010.9028566000015,1011.6366484000027,,,,,x,1,0.7311676999997871,None,Participant 3,001,2025-10-02_17h21.49.987,Motor Sequence Learning Bhumika Bajaj AU2320057,,2025.1.1,59.07218857767291,2025-10-02 17h22.09.425450 +0530,
150,v,187,187,44,v,1,0.8973313999995298,None,,,,,44,187,187,1,1011.6513895000026,,1011.6372781000027,1012.6510957000028,1012.6510957000028,1012.6510957000028,1012.6510957000028,1012.6510957000028,1013.6507072000022,1013.6507072000022,1013.6507072000022,1014.5522915000001,,,,,v,1,0.8973313999995298,None,Participant 3,001,2025-10-02_17h21.49.987,Motor Sequence Learning Bhumika Bajaj AU2320057,,2025.1.1,59.07218857767291,2025-10-02 17h22.09.425450 +0530,
150,v,188,188,45,v,1,0.6608070000002044,None,,,,,45,188,188,1,1014.568616200002,,1014.552767600002,1015.5528928000022,1015.5528928000022,1015.5528928000022,1015.5528928000022,1015.5528928000022,1016.5532955000017,1016.5532955000017,1016.5532955000017,1017.2204985999997,,,,,v,1,0.6608070000002044,None,Participant 3,001,2025-10-02_17h21.49.987,Motor Sequence Learning Bhumika Bajaj AU2320057,,2025.1.1,59.07218857767291,2025-10-02 17h22.09.425450 +0530,
-50,x,189,189,46,x,1,0.7163645000000542,None,,,,,46,189,189,0,1017.2371015000026,,1017.2210565000023,1018.2193532000019,1018.2193532000019,1018.2193532000019,1018.2193532000019,1018.2193532000019,1019.2366237999995,1019.2366237999995,1019.2366237999995,1019.9559795000023,,,,,x,1,0.7163645000000542,None,Participant 3,001,2025-10-02_17h21.49.987,Motor Sequence Learning Bhumika Bajaj AU2320057,,2025.1.1,59.07218857767291,2025-10-02 17h22.09.425450 +0530,
-50,x,190,190,47,x,1,0.6267759000002115,None,,,,,47,190,190,0,1019.9701118000012,,1019.9564995000001,1020.9695855999998,1020.9695855999998,1020.9695855999998,1020.9695855999998,1020.9695855999998,1021.9722152000031,1021.9722152000031,1021.9722152000031,1022.6046883000017,,,,,x,1,0.6267759000002115,None,Participant 3,001,2025-10-02_17h21.49.987,Motor Sequence Learning Bhumika Bajaj AU2320057,,2025.1.1,59.07218857767291,2025-10-02 17h22.09.425450 +0530,
150,v,191,191,46,v,1,0.6834528000035789,None,,,,,46,191,191,1,1022.6202015000017,,1022.6051284000023,1023.6182251000027,1023.6182251000027,1023.6182251000027,1023.6182251000027,1023.6182251000027,1024.6203187000028,1024.6203187000028,1024.6203187000028,1025.319141400003,,,,,v,1,0.6834528000035789,None,Participant 3,001,2025-10-02_17h21.49.987,Motor Sequence Learning Bhumika Bajaj AU2320057,,2025.1.1,59.07218857767291,2025-10-02 17h22.09.425450 +0530,
150,v,192,192,47,v,1,0.6519557999999961,None,,,,,47,192,192,1,1025.335062500002,,1025.319548200001,1026.3371205000003,1026.3371205000003,1026.3371205000003,1026.3371205000003,1026.3371205000003,1027.3362591000005,1027.319524800001,1027.319524800001,1027.9867827000016,,,,,v,1,0.6519557999999961,None,Participant 3,001,2025-10-02_17h21.49.987,Motor Sequence Learning Bhumika Bajaj AU2320057,,2025.1.1,59.07218857767291,2025-10-02 17h22.09.425450 +0530,
150,v,193,193,48,v,1,0.6087915000025532,None,,,,,48,193,193,1,1028.003478300001,,1027.9873662000027,1029.0024905999999,1029.0024905999999,1029.0024905999999,1029.0024905999999,1029.0024905999999,1030.0052600000017,1029.9879604000016,1029.9879604000016,1030.6007272000024,,,,,v,1,0.6087915000025532,None,Participant 3,001,2025-10-02_17h21.49.987,Motor Sequence Learning Bhumika Bajaj AU2320057,,2025.1.1,59.07218857767291,2025-10-02 17h22.09.425450 +0530,
50,c,194,194,48,c,1,0.4275323000001663,None,,,,,48,194,194,2,1030.6172132000029,,1030.601309900001,1031.6027237000017,1031.6027237000017,1031.6027237000017,1031.6027237000017,1031.6027237000017,1032.6033148000024,1032.6033148000024,1032.6033148000024,1033.0360241000017,,,,,c,1,0.4275323000001663,None,Participant 3,001,2025-10-02_17h21.49.987,Motor Sequence Learning Bhumika Bajaj AU2320057,,2025.1.1,59.07218857767291,2025-10-02 17h22.09.425450 +0530,
50,c,195,195,49,c,1,0.28826050000134273,None,,,,,49,195,195,2,1033.0533195999997,,1033.0365598000026,1034.0392537000007,1034.0392537000007,1034.0392537000007,1034.0392537000007,1034.0392537000007,1035.0528231999997,1035.035945300002,1035.035945300002,1035.3400110000002,,,,,c,1,0.28826050000134273,None,Participant 3,001,2025-10-02_17h21.49.987,Motor Sequence Learning Bhumika Bajaj AU2320057,,2025.1.1,59.07218857767291,2025-10-02 17h22.09.425450 +0530,
150,v,196,196,49,v,1,0.7069463999978325,None,,,,,49,196,196,1,1035.3557106000007,,1035.340924,1036.340207000001,1036.340207000001,1036.340207000001,1036.340207000001,1036.340207000001,1037.337163600001,1037.337163600001,1037.337163600001,1038.0510214000024,,,,,v,1,0.7069463999978325,None,Participant 3,001,2025-10-02_17h21.49.987,Motor Sequence Learning Bhumika Bajaj AU2320057,,2025.1.1,59.07218857767291,2025-10-02 17h22.09.425450 +0530,
-150,z,197,197,49,z,1,0.6105136000005587,None,,,,,49,197,197,3,1038.0693224000024,,1038.0515134000016,1039.0559291000027,1039.0559291000027,1039.0559291000027,1039.0559291000027,1039.0559291000027,1040.0533052000028,1040.0533052000028,1040.0533052000028,1040.6740365000005,,,,,z,1,0.6105136000005587,None,Participant 3,001,2025-10-02_17h21.49.987,Motor Sequence Learning Bhumika Bajaj AU2320057,,2025.1.1,59.07218857767291,2025-10-02 17h22.09.425450 +0530,
-50,x,198,198,48,x,1,0.7091889999974228,None,,,,,48,198,198,0,1040.688573200001,,1040.6749533000002,1041.6856908000009,1041.6856908000009,1041.6856908000009,1041.6856908000009,1041.6856908000009,1042.6860616000013,1042.6860616000013,1042.6860616000013,1043.4036210000013,,,,,x,1,0.7091889999974228,None,Participant 3,001,2025-10-02_17h21.49.987,Motor Sequence Learning Bhumika Bajaj AU2320057,,2025.1.1,59.07218857767291,2025-10-02 17h22.09.425450 +0530,
-50,x,199,199,49,c,0,0.21818760000314796,None,,,,,49,199,199,0,1043.4199922000007,,1043.4045884000006,1044.4193930000001,1044.4193930000001,1044.4193930000001,1044.4193930000001,1044.4193930000001,1045.419913200003,1045.4027557000009,1045.4027557000009,1045.6370731999996,,,,,c,0,0.21818760000314796,None,Participant 3,001,2025-10-02_17h21.49.987,Motor Sequence Learning Bhumika Bajaj AU2320057,,2025.1.1,59.07218857767291,2025-10-02 17h22.09.425450 +0530,
