pos,corr_resp,thisN,thisTrialN,thisRepN,key_resp.keys,key_resp.corr,key_resp.rt,key_resp.duration,trials.thisRepN,trials.thisTrialN,trials.thisN,trials.thisIndex,trials_2.thisRepN,trials_2.thisTrialN,trials_2.thisN,trials_2.thisIndex,thisRow.t,notes,trial.started,fixation.started,line1.started,line2.started,line3.started,line4.started,fixation.stopped,probe.started,key_resp.started,trial.stopped,trials.key_resp.keys,trials.key_resp.corr,trials.key_resp.rt,trials.key_resp.duration,trials_2.key_resp.keys,trials_2.key_resp.corr,trials_2.key_resp.rt,trials_2.key_resp.duration,participant,session,date,expName,expVersion,psychopyVersion,frameRate,expStart,
-50,x,0,0,0,x,1,0.33714019999933953,None,0,0,0,0,,,,,0.055922300000020186,,0.03911100000004808,1.0090101999994658,1.0090101999994658,1.0090101999994658,1.0090101999994658,1.0090101999994658,2.009135199999946,2.009135199999946,2.009135199999946,2.3587846999998874,x,1,0.33714019999933953,None,,,,,Participant 1 ,001,2025-10-02_15h24.18.561,Motor Sequence Learning Bhumika Bajaj AU2320057,,2025.1.1,119.01134892075834,2025-10-02 15h24.35.313320 +0530,
150,v,1,1,0,x,0,0.07134659999974247,None,0,1,1,1,,,,,2.374474399999599,,2.3593684999996185,3.347908699999607,3.347908699999607,3.347908699999607,3.347908699999607,3.347908699999607,4.347115099999428,4.356928700000935,4.356928700000935,4.431261499999891,x,0,0.07134659999974247,None,,,,,Participant 1 ,001,2025-10-02_15h24.18.561,Motor Sequence Learning Bhumika Bajaj AU2320057,,2025.1.1,119.01134892075834,2025-10-02 15h24.35.313320 +0530,
50,c,2,2,0,c,1,0.8115453999998863,None,0,2,2,2,,,,,4.439438100000189,,4.43159039999955,5.441942800000106,5.441942800000106,5.441942800000106,5.441942800000106,5.441942800000106,6.4426540000004024,6.4426540000004024,6.4426540000004024,7.259356500000649,c,1,0.8115453999998863,None,,,,,Participant 1 ,001,2025-10-02_15h24.18.561,Motor Sequence Learning Bhumika Bajaj AU2320057,,2025.1.1,119.01134892075834,2025-10-02 15h24.35.313320 +0530,
-150,z,3,3,0,z,1,0.710484400000496,None,0,3,3,3,,,,,7.275859400000627,,7.259862599999906,8.25668079999923,8.25668079999923,8.25668079999923,8.25668079999923,8.25668079999923,9.26732169999923,9.26732169999923,9.26732169999923,9.984440000000177,z,1,0.710484400000496,None,,,,,Participant 1 ,001,2025-10-02_15h24.18.561,Motor Sequence Learning Bhumika Bajaj AU2320057,,2025.1.1,119.01134892075834,2025-10-02 15h24.35.313320 +0530,
-50,x,4,0,1,v,0,0.8359070000005886,None,1,0,4,0,,,,,10.00060830000075,,9.984948999999688,11.000889700000698,11.000889700000698,11.000889700000698,11.000889700000698,11.000889700000698,12.000903199999811,11.983525400000872,11.983525400000872,12.834492100000716,v,0,0.8359070000005886,None,,,,,Participant 1 ,001,2025-10-02_15h24.18.561,Motor Sequence Learning Bhumika Bajaj AU2320057,,2025.1.1,119.01134892075834,2025-10-02 15h24.35.313320 +0530,
150,v,5,1,1,x,0,0.519249499999205,None,1,1,5,1,,,,,12.850793699999485,,12.835016600000017,13.837660799999867,13.837660799999867,13.837660799999867,13.837660799999867,13.837660799999867,14.850403599999481,14.850403599999481,14.850403599999481,15.384494899999481,x,0,0.519249499999205,None,,,,,Participant 1 ,001,2025-10-02_15h24.18.561,Motor Sequence Learning Bhumika Bajaj AU2320057,,2025.1.1,119.01134892075834,2025-10-02 15h24.35.313320 +0530,
50,c,6,2,1,v,0,0.2727522000004683,None,1,2,6,2,,,,,15.400236600000426,,15.38502619999963,16.38425190000089,16.38425190000089,16.38425190000089,16.38425190000089,16.38425190000089,17.383670400000483,17.383670400000483,17.383670400000483,17.667835899999773,v,0,0.2727522000004683,None,,,,,Participant 1 ,001,2025-10-02_15h24.18.561,Motor Sequence Learning Bhumika Bajaj AU2320057,,2025.1.1,119.01134892075834,2025-10-02 15h24.35.313320 +0530,
-150,z,7,3,1,z,1,0.6135410999995656,None,1,3,7,3,,,,,17.68347370000083,,17.668364700000893,18.670510699999795,18.670510699999795,18.670510699999795,18.670510699999795,18.670510699999795,19.684843700000783,19.668281500000376,19.668281500000376,20.284564300000056,z,1,0.6135410999995656,None,,,,,Participant 1 ,001,2025-10-02_15h24.18.561,Motor Sequence Learning Bhumika Bajaj AU2320057,,2025.1.1,119.01134892075834,2025-10-02 15h24.35.313320 +0530,
-50,x,8,0,2,v,0,0.8181186999991041,None,2,0,8,0,,,,,20.300313600000663,,20.28509479999957,21.286676400000943,21.286676400000943,21.286676400000943,21.286676400000943,21.286676400000943,22.30056279999917,22.30056279999917,22.30056279999917,23.134856799999397,v,0,0.8181186999991041,None,,,,,Participant 1 ,001,2025-10-02_15h24.18.561,Motor Sequence Learning Bhumika Bajaj AU2320057,,2025.1.1,119.01134892075834,2025-10-02 15h24.35.313320 +0530,
150,v,9,1,2,c,0,0.10475770000084594,None,2,1,9,1,,,,,23.15123929999936,,23.13538680000056,24.15047030000096,24.15047030000096,24.15047030000096,24.15047030000096,24.15047030000096,25.15028920000077,25.15028920000077,25.15028920000077,25.267502700000477,c,0,0.10475770000084594,None,,,,,Participant 1 ,001,2025-10-02_15h24.18.561,Motor Sequence Learning Bhumika Bajaj AU2320057,,2025.1.1,119.01134892075834,2025-10-02 15h24.35.313320 +0530,
50,c,10,2,2,z,0,1.4254306999991968,None,2,2,10,2,,,,,25.283186799999385,,25.268020100000285,26.267310700000962,26.267310700000962,26.267310700000962,26.267310700000962,26.267310700000962,27.267184599999382,27.283412200000384,27.283412200000384,28.72175790000074,z,0,1.4254306999991968,None,,,,,Participant 1 ,001,2025-10-02_15h24.18.561,Motor Sequence Learning Bhumika Bajaj AU2320057,,2025.1.1,119.01134892075834,2025-10-02 15h24.35.313320 +0530,
-150,z,11,3,2,x,0,2.2589238000000478,None,2,3,11,3,,,,,28.73401919999924,,28.722347700000682,29.73201639999934,29.73201639999934,29.73201639999934,29.73201639999934,29.73201639999934,30.733921299999565,30.733921299999565,30.733921299999565,33.00149129999954,x,0,2.2589238000000478,None,,,,,Participant 1 ,001,2025-10-02_15h24.18.561,Motor Sequence Learning Bhumika Bajaj AU2320057,,2025.1.1,119.01134892075834,2025-10-02 15h24.35.313320 +0530,
-50,x,12,0,3,v,0,1.8836188000004768,None,3,0,12,0,,,,,33.01686449999943,,33.00202940000054,34.01661840000088,34.01661840000088,34.01661840000088,34.01661840000088,34.01661840000088,35.01691749999918,35.01691749999918,35.01691749999918,36.915081799999825,v,0,1.8836188000004768,None,,,,,Participant 1 ,001,2025-10-02_15h24.18.561,Motor Sequence Learning Bhumika Bajaj AU2320057,,2025.1.1,119.01134892075834,2025-10-02 15h24.35.313320 +0530,
150,v,13,1,3,z,0,1.0459399999999732,None,3,1,13,1,,,,,36.932788100000835,,36.9155953999998,37.91642669999965,37.91642669999965,37.91642669999965,37.91642669999965,37.91642669999965,38.91829879999932,38.91829879999932,38.91829879999932,39.967510700000275,z,0,1.0459399999999732,None,,,,,Participant 1 ,001,2025-10-02_15h24.18.561,Motor Sequence Learning Bhumika Bajaj AU2320057,,2025.1.1,119.01134892075834,2025-10-02 15h24.35.313320 +0530,
50,c,14,2,3,v,0,0.9635000999987824,None,3,2,14,2,,,,,39.98332560000017,,39.96805250000034,40.966499100000874,40.966499100000874,40.966499100000874,40.966499100000874,40.966499100000874,41.966272699999536,41.966272699999536,41.966272699999536,42.93451970000024,v,0,0.9635000999987824,None,,,,,Participant 1 ,001,2025-10-02_15h24.18.561,Motor Sequence Learning Bhumika Bajaj AU2320057,,2025.1.1,119.01134892075834,2025-10-02 15h24.35.313320 +0530,
-150,z,15,3,3,v,0,1.3641492999995535,None,3,3,15,3,,,,,42.950388699999166,,42.93505430000005,43.933641600000556,43.933641600000556,43.933641600000556,43.933641600000556,43.933641600000556,44.93121410000094,44.95052779999969,44.95052779999969,46.322767999999996,v,0,1.3641492999995535,None,,,,,Participant 1 ,001,2025-10-02_15h24.18.561,Motor Sequence Learning Bhumika Bajaj AU2320057,,2025.1.1,119.01134892075834,2025-10-02 15h24.35.313320 +0530,
-50,x,16,0,4,z,0,0.2116464000009728,None,4,0,16,0,,,,,46.33617349999986,,46.32428649999929,47.33598549999988,47.33598549999988,47.33598549999988,47.33598549999988,47.33598549999988,48.35018579999996,48.333548299999165,48.333548299999165,48.55048979999992,z,0,0.2116464000009728,None,,,,,Participant 1 ,001,2025-10-02_15h24.18.561,Motor Sequence Learning Bhumika Bajaj AU2320057,,2025.1.1,119.01134892075834,2025-10-02 15h24.35.313320 +0530,
150,v,17,1,4,v,1,0.31672530000105326,None,4,1,17,1,,,,,48.56666469999982,,48.551036299999396,49.54991669999981,49.54991669999981,49.54991669999981,49.54991669999981,49.54991669999981,50.54995520000011,50.54995520000011,50.54995520000011,50.86731800000052,v,1,0.31672530000105326,None,,,,,Participant 1 ,001,2025-10-02_15h24.18.561,Motor Sequence Learning Bhumika Bajaj AU2320057,,2025.1.1,119.01134892075834,2025-10-02 15h24.35.313320 +0530,
50,c,18,2,4,x,0,0.209337800000867,None,4,2,18,2,,,,,50.883773499999734,,50.867866099999446,51.87020940000002,51.87020940000002,51.87020940000002,51.87020940000002,51.87020940000002,52.870044999999664,52.870044999999664,52.870044999999664,53.088433000000805,x,0,0.209337800000867,None,,,,,Participant 1 ,001,2025-10-02_15h24.18.561,Motor Sequence Learning Bhumika Bajaj AU2320057,,2025.1.1,119.01134892075834,2025-10-02 15h24.35.313320 +0530,
-150,z,19,3,4,c,0,0.40635330000077374,None,4,3,19,3,,,,,53.10353369999939,,53.089370300000155,54.10473060000004,54.10473060000004,54.10473060000004,54.10473060000004,54.10473060000004,55.11980489999951,55.10164040000018,55.10164040000018,55.52079500000036,c,0,0.40635330000077374,None,,,,,Participant 1 ,001,2025-10-02_15h24.18.561,Motor Sequence Learning Bhumika Bajaj AU2320057,,2025.1.1,119.01134892075834,2025-10-02 15h24.35.313320 +0530,
-50,x,20,0,5,z,0,1.3641103000009025,None,5,0,20,0,,,,,55.53701150000052,,55.521805099999256,56.537346200000684,56.537346200000684,56.537346200000684,56.537346200000684,56.537346200000684,57.536354399999254,57.51973200000066,57.51973200000066,58.88758760000019,z,0,1.3641103000009025,None,,,,,Participant 1 ,001,2025-10-02_15h24.18.561,Motor Sequence Learning Bhumika Bajaj AU2320057,,2025.1.1,119.01134892075834,2025-10-02 15h24.35.313320 +0530,
150,v,21,1,5,v,1,1.0283378000003722,None,5,1,21,1,,,,,58.90176319999955,,58.888391300000876,59.900305400000434,59.900305400000434,59.900305400000434,59.900305400000434,59.900305400000434,60.90031420000014,60.90031420000014,60.90031420000014,61.934342799999285,v,1,1.0283378000003722,None,,,,,Participant 1 ,001,2025-10-02_15h24.18.561,Motor Sequence Learning Bhumika Bajaj AU2320057,,2025.1.1,119.01134892075834,2025-10-02 15h24.35.313320 +0530,
50,c,22,2,5,v,0,0.5037800000009156,None,5,2,22,2,,,,,61.948821100000714,,61.9349385000005,62.93264210000052,62.93264210000052,62.93264210000052,62.93264210000052,62.93264210000052,63.93389460000071,63.93389460000071,63.93389460000071,64.45012490000045,v,0,0.5037800000009156,None,,,,,Participant 1 ,001,2025-10-02_15h24.18.561,Motor Sequence Learning Bhumika Bajaj AU2320057,,2025.1.1,119.01134892075834,2025-10-02 15h24.35.313320 +0530,
-150,z,23,3,5,z,1,0.33882769999945594,None,5,3,23,3,,,,,64.46662640000068,,64.4506607000003,65.4502467000002,65.4502467000002,65.4502467000002,65.4502467000002,65.4502467000002,66.44976870000028,66.44976870000028,66.44976870000028,66.80021450000095,z,1,0.33882769999945594,None,,,,,Participant 1 ,001,2025-10-02_15h24.18.561,Motor Sequence Learning Bhumika Bajaj AU2320057,,2025.1.1,119.01134892075834,2025-10-02 15h24.35.313320 +0530,
-50,x,24,0,6,v,0,0.7608331999999791,None,6,0,24,0,,,,,66.81670180000037,,66.80076790000021,67.80113899999924,67.80113899999924,67.80113899999924,67.80113899999924,67.80113899999924,68.81702009999935,68.80068989999927,68.80068989999927,69.5668910000004,v,0,0.7608331999999791,None,,,,,Participant 1 ,001,2025-10-02_15h24.18.561,Motor Sequence Learning Bhumika Bajaj AU2320057,,2025.1.1,119.01134892075834,2025-10-02 15h24.35.313320 +0530,
150,v,25,1,6,z,0,0.5621675999991567,None,6,1,25,1,,,,,69.58272570000008,,69.56742069999927,70.56646870000077,70.56646870000077,70.56646870000077,70.56646870000077,70.56646870000077,71.5661168000006,71.5661168000006,71.5661168000006,72.13360959999955,z,0,0.5621675999991567,None,,,,,Participant 1 ,001,2025-10-02_15h24.18.561,Motor Sequence Learning Bhumika Bajaj AU2320057,,2025.1.1,119.01134892075834,2025-10-02 15h24.35.313320 +0530,
50,c,26,2,6,v,0,0.05085430000144697,None,6,2,26,2,,,,,72.14983340000072,,72.13415879999957,73.13658380000015,73.13658380000015,73.13658380000015,73.13658380000015,73.13658380000015,74.1520087000008,74.13704630000029,74.13704630000029,74.20551580000028,v,0,0.05085430000144697,None,,,,,Participant 1 ,001,2025-10-02_15h24.18.561,Motor Sequence Learning Bhumika Bajaj AU2320057,,2025.1.1,119.01134892075834,2025-10-02 15h24.35.313320 +0530,
-150,z,27,3,6,z,1,0.16916020000098797,None,6,3,27,3,,,,,74.22043660000054,,74.20639300000039,75.2172057000007,75.2172057000007,75.2172057000007,75.2172057000007,75.2172057000007,76.21688279999944,76.21688279999944,76.21688279999944,76.40062969999963,z,1,0.16916020000098797,None,,,,,Participant 1 ,001,2025-10-02_15h24.18.561,Motor Sequence Learning Bhumika Bajaj AU2320057,,2025.1.1,119.01134892075834,2025-10-02 15h24.35.313320 +0530,
-50,x,28,0,7,v,0,0.7539727999992465,None,7,0,28,0,,,,,76.4164223000007,,76.40148770000087,77.41670350000095,77.41670350000095,77.41670350000095,77.41670350000095,77.41670350000095,78.43692499999997,78.41605960000015,78.41605960000015,79.18737409999994,v,0,0.7539727999992465,None,,,,,Participant 1 ,001,2025-10-02_15h24.18.561,Motor Sequence Learning Bhumika Bajaj AU2320057,,2025.1.1,119.01134892075834,2025-10-02 15h24.35.313320 +0530,
150,v,29,1,7,z,0,0.3023378000016237,None,7,1,29,1,,,,,79.20328750000044,,79.18830739999976,80.20098979999966,80.20098979999966,80.20098979999966,80.20098979999966,80.20098979999966,81.20000230000005,81.20000230000005,81.20000230000005,81.51753979999921,z,0,0.3023378000016237,None,,,,,Participant 1 ,001,2025-10-02_15h24.18.561,Motor Sequence Learning Bhumika Bajaj AU2320057,,2025.1.1,119.01134892075834,2025-10-02 15h24.35.313320 +0530,
50,c,30,2,7,c,1,0.6340013000008184,None,7,2,30,2,,,,,81.53327010000066,,81.51806940000097,82.53306929999962,82.53306929999962,82.53306929999962,82.53306929999962,82.53306929999962,83.53376260000005,83.51667869999983,83.51667869999983,84.16698870000073,c,1,0.6340013000008184,None,,,,,Participant 1 ,001,2025-10-02_15h24.18.561,Motor Sequence Learning Bhumika Bajaj AU2320057,,2025.1.1,119.01134892075834,2025-10-02 15h24.35.313320 +0530,
-150,z,31,3,7,x,0,0.41842739999992773,None,7,3,31,3,,,,,84.1844344000001,,84.16750990000037,85.16607149999982,85.16607149999982,85.16607149999982,85.16607149999982,85.16607149999982,86.16653249999945,86.16653249999945,86.16653249999945,86.60029059999943,x,0,0.41842739999992773,None,,,,,Participant 1 ,001,2025-10-02_15h24.18.561,Motor Sequence Learning Bhumika Bajaj AU2320057,,2025.1.1,119.01134892075834,2025-10-02 15h24.35.313320 +0530,
-50,x,32,0,8,v,0,0.4219408000008116,None,8,0,32,0,,,,,86.62070099999983,,86.60080320000088,87.59993829999985,87.59993829999985,87.59993829999985,87.59993829999985,87.59993829999985,88.60053639999933,88.60053639999933,88.60053639999933,89.03385870000056,v,0,0.4219408000008116,None,,,,,Participant 1 ,001,2025-10-02_15h24.18.561,Motor Sequence Learning Bhumika Bajaj AU2320057,,2025.1.1,119.01134892075834,2025-10-02 15h24.35.313320 +0530,
150,v,33,1,8,z,0,0.3280692000007548,None,8,1,33,1,,,,,89.04985789999955,,89.03440269999919,90.03590029999941,90.03590029999941,90.03590029999941,90.03590029999941,90.03590029999941,91.04947139999967,91.04947139999967,91.04947139999967,91.38297600000078,z,0,0.3280692000007548,None,,,,,Participant 1 ,001,2025-10-02_15h24.18.561,Motor Sequence Learning Bhumika Bajaj AU2320057,,2025.1.1,119.01134892075834,2025-10-02 15h24.35.313320 +0530,
50,c,34,2,8,v,0,0.2704907999996067,None,8,2,34,2,,,,,91.39913890000025,,91.38367300000027,92.38302130000011,92.38302130000011,92.38302130000011,92.38302130000011,92.38302130000011,93.39754709999943,93.39754709999943,93.39754709999943,93.6810557000008,v,0,0.2704907999996067,None,,,,,Participant 1 ,001,2025-10-02_15h24.18.561,Motor Sequence Learning Bhumika Bajaj AU2320057,,2025.1.1,119.01134892075834,2025-10-02 15h24.35.313320 +0530,
-150,z,35,3,8,x,0,0.6415474999994331,None,8,3,35,3,,,,,93.7034478000005,,93.68154660000073,94.68575930000043,94.68575930000043,94.68575930000043,94.68575930000043,94.68575930000043,95.68695379999917,95.68695379999917,95.68695379999917,96.33851990000039,x,0,0.6415474999994331,None,,,,,Participant 1 ,001,2025-10-02_15h24.18.561,Motor Sequence Learning Bhumika Bajaj AU2320057,,2025.1.1,119.01134892075834,2025-10-02 15h24.35.313320 +0530,
-50,x,36,0,9,v,0,0.1338500000001659,None,9,0,36,0,,,,,96.35313069999938,,96.33947219999936,97.35364889999983,97.35364889999983,97.35364889999983,97.35364889999983,97.35364889999983,98.36438640000051,98.34912749999967,98.34912749999967,98.4858064,v,0,0.1338500000001659,None,,,,,Participant 1 ,001,2025-10-02_15h24.18.561,Motor Sequence Learning Bhumika Bajaj AU2320057,,2025.1.1,119.01134892075834,2025-10-02 15h24.35.313320 +0530,
150,v,37,1,9,x,0,0.5450029999992694,None,9,1,37,1,,,,,98.4976459999998,,98.48679950000042,99.49920320000092,99.49920320000092,99.49920320000092,99.49920320000092,99.49920320000092,100.4994442999996,100.4994442999996,100.4994442999996,101.04841139999917,x,0,0.5450029999992694,None,,,,,Participant 1 ,001,2025-10-02_15h24.18.561,Motor Sequence Learning Bhumika Bajaj AU2320057,,2025.1.1,119.01134892075834,2025-10-02 15h24.35.313320 +0530,
50,c,38,2,9,v,0,0.8308797999998205,None,9,2,38,2,,,,,101.06454750000012,,101.04875270000048,102.05273169999964,102.05273169999964,102.05273169999964,102.05273169999964,102.05273169999964,103.06741329999932,103.0520761000007,103.0520761000007,103.8882109999995,v,0,0.8308797999998205,None,,,,,Participant 1 ,001,2025-10-02_15h24.18.561,Motor Sequence Learning Bhumika Bajaj AU2320057,,2025.1.1,119.01134892075834,2025-10-02 15h24.35.313320 +0530,
-150,z,39,3,9,z,1,0.9991203000008682,None,9,3,39,3,,,,,103.9039885000002,,103.88909969999986,104.90277349999997,104.90277349999997,104.90277349999997,104.90277349999997,104.90277349999997,105.91344570000001,105.8995161999992,105.8995161999992,106.90155709999999,z,1,0.9991203000008682,None,,,,,Participant 1 ,001,2025-10-02_15h24.18.561,Motor Sequence Learning Bhumika Bajaj AU2320057,,2025.1.1,119.01134892075834,2025-10-02 15h24.35.313320 +0530,
-50,x,40,0,10,z,0,0.32810849999987113,None,10,0,40,0,,,,,106.91649060000054,,106.90207279999959,107.91638100000091,107.91638100000091,107.91638100000091,107.91638100000091,107.91638100000091,108.9163998999993,108.9163998999993,108.9163998999993,109.25027059999957,z,0,0.32810849999987113,None,,,,,Participant 1 ,001,2025-10-02_15h24.18.561,Motor Sequence Learning Bhumika Bajaj AU2320057,,2025.1.1,119.01134892075834,2025-10-02 15h24.35.313320 +0530,
150,v,41,1,10,v,1,0.3365028000007442,None,10,1,41,1,,,,,109.26712170000064,,109.25080320000052,110.24952660000054,110.24952660000054,110.24952660000054,110.24952660000054,110.24952660000054,111.2497514000006,111.2497514000006,111.2497514000006,111.6003084999993,v,1,0.3365028000007442,None,,,,,Participant 1 ,001,2025-10-02_15h24.18.561,Motor Sequence Learning Bhumika Bajaj AU2320057,,2025.1.1,119.01134892075834,2025-10-02 15h24.35.313320 +0530,
50,c,42,2,10,x,0,0.6764540999993187,None,10,2,42,2,,,,,111.61649240000042,,111.60085980000076,112.59963249999964,112.59963249999964,112.59963249999964,112.59963249999964,112.59963249999964,113.59972770000059,113.59972770000059,113.59972770000059,114.28377010000077,x,0,0.6764540999993187,None,,,,,Participant 1 ,001,2025-10-02_15h24.18.561,Motor Sequence Learning Bhumika Bajaj AU2320057,,2025.1.1,119.01134892075834,2025-10-02 15h24.35.313320 +0530,
-150,z,43,3,10,v,0,1.481499999999869,None,10,3,43,3,,,,,114.29858550000063,,114.28429379999943,115.28265490000013,115.28265490000013,115.28265490000013,115.28265490000013,115.28265490000013,116.28280210000048,116.28280210000048,116.28280210000048,117.76739180000004,v,0,1.481499999999869,None,,,,,Participant 1 ,001,2025-10-02_15h24.18.561,Motor Sequence Learning Bhumika Bajaj AU2320057,,2025.1.1,119.01134892075834,2025-10-02 15h24.35.313320 +0530,
-50,x,44,0,11,v,0,0.363833400000658,None,11,0,44,0,,,,,117.78284200000053,,117.76791240000057,118.76675769999929,118.76675769999929,118.76675769999929,118.76675769999929,118.76675769999929,119.76648419999947,119.7827443999995,119.7827443999995,120.15049739999995,v,0,0.363833400000658,None,,,,,Participant 1 ,001,2025-10-02_15h24.18.561,Motor Sequence Learning Bhumika Bajaj AU2320057,,2025.1.1,119.01134892075834,2025-10-02 15h24.35.313320 +0530,
150,v,45,1,11,c,0,0.8778970999992453,None,11,1,45,1,,,,,120.1664366999994,,120.15102289999959,121.14906180000071,121.14906180000071,121.14906180000071,121.14906180000071,121.14906180000071,122.15067839999938,122.16652769999928,122.16652769999928,123.04993810000087,c,0,0.8778970999992453,None,,,,,Participant 1 ,001,2025-10-02_15h24.18.561,Motor Sequence Learning Bhumika Bajaj AU2320057,,2025.1.1,119.01134892075834,2025-10-02 15h24.35.313320 +0530,
50,c,46,2,11,v,0,0.43462750000071537,None,11,2,46,2,,,,,123.06669619999957,,123.05048410000018,124.05247579999923,124.05247579999923,124.05247579999923,124.05247579999923,124.05247579999923,125.0635796000006,125.0635796000006,125.0635796000006,125.5012229999993,v,0,0.43462750000071537,None,,,,,Participant 1 ,001,2025-10-02_15h24.18.561,Motor Sequence Learning Bhumika Bajaj AU2320057,,2025.1.1,119.01134892075834,2025-10-02 15h24.35.313320 +0530,
-150,z,47,3,11,z,1,0.3172517000002699,None,11,3,47,3,,,,,125.51608990000022,,125.50174490000063,126.51642469999933,126.51642469999933,126.51642469999933,126.51642469999933,126.51642469999933,127.51850410000043,127.50172910000038,127.50172910000038,127.83124750000025,z,1,0.3172517000002699,None,,,,,Participant 1 ,001,2025-10-02_15h24.18.561,Motor Sequence Learning Bhumika Bajaj AU2320057,,2025.1.1,119.01134892075834,2025-10-02 15h24.35.313320 +0530,
-50,x,48,0,12,v,0,0.10075879999931203,None,12,0,48,0,,,,,127.84686160000092,,127.83178670000052,128.83642470000086,128.83642470000086,128.83642470000086,128.83642470000086,128.83642470000086,129.85072209999998,129.83381609999924,129.83381609999924,129.94982789999995,v,0,0.10075879999931203,None,,,,,Participant 1 ,001,2025-10-02_15h24.18.561,Motor Sequence Learning Bhumika Bajaj AU2320057,,2025.1.1,119.01134892075834,2025-10-02 15h24.35.313320 +0530,
150,v,49,1,12,v,1,0.24947890000112238,None,12,1,49,1,,,,,129.96437220000007,,129.95019019999927,130.9500750999996,130.9500750999996,130.9500750999996,130.9500750999996,130.9500750999996,131.96649550000075,131.9496096999992,131.9496096999992,132.19994810000026,v,1,0.24947890000112238,None,,,,,Participant 1 ,001,2025-10-02_15h24.18.561,Motor Sequence Learning Bhumika Bajaj AU2320057,,2025.1.1,119.01134892075834,2025-10-02 15h24.35.313320 +0530,
50,c,50,2,12,v,0,1.8655891999987944,None,12,2,50,2,,,,,132.21550659999957,,132.20047739999973,133.19937700000082,133.19937700000082,133.19937700000082,133.19937700000082,133.19937700000082,134.19944319999922,134.19944319999922,134.19944319999922,136.0684498999999,v,0,1.8655891999987944,None,,,,,Participant 1 ,001,2025-10-02_15h24.18.561,Motor Sequence Learning Bhumika Bajaj AU2320057,,2025.1.1,119.01134892075834,2025-10-02 15h24.35.313320 +0530,
-150,z,51,3,12,x,0,0.9217062999996415,None,12,3,51,3,,,,,136.08296619999965,,136.06902420000006,137.0694853999994,137.0694853999994,137.0694853999994,137.0694853999994,137.0694853999994,138.0831760000001,138.0831760000001,138.0831760000001,139.01656080000066,x,0,0.9217062999996415,None,,,,,Participant 1 ,001,2025-10-02_15h24.18.561,Motor Sequence Learning Bhumika Bajaj AU2320057,,2025.1.1,119.01134892075834,2025-10-02 15h24.35.313320 +0530,
-50,x,52,0,13,x,1,0.18364560000009078,None,13,0,52,0,,,,,139.03253030000087,,139.01707279999937,140.0195650000005,140.0195650000005,140.0195650000005,140.0195650000005,140.0195650000005,141.0343668000005,141.01784210000005,141.01784210000005,141.21674600000006,x,1,0.18364560000009078,None,,,,,Participant 1 ,001,2025-10-02_15h24.18.561,Motor Sequence Learning Bhumika Bajaj AU2320057,,2025.1.1,119.01134892075834,2025-10-02 15h24.35.313320 +0530,
150,v,53,1,13,x,0,0.06346729999859235,None,13,1,53,1,,,,,141.23270090000005,,141.2172971,142.21930090000023,142.21930090000023,142.21930090000023,142.21930090000023,142.21930090000023,143.23285709999982,143.23285709999982,143.23285709999982,143.300115,x,0,0.06346729999859235,None,,,,,Participant 1 ,001,2025-10-02_15h24.18.561,Motor Sequence Learning Bhumika Bajaj AU2320057,,2025.1.1,119.01134892075834,2025-10-02 15h24.35.313320 +0530,
50,c,54,2,13,z,0,0.09589330000017071,None,13,2,54,2,,,,,143.3166196000002,,143.30064069999935,144.3032299000006,144.3032299000006,144.3032299000006,144.3032299000006,144.3032299000006,145.3162812999999,145.29957579999973,145.29957579999973,145.39994280000064,z,0,0.09589330000017071,None,,,,,Participant 1 ,001,2025-10-02_15h24.18.561,Motor Sequence Learning Bhumika Bajaj AU2320057,,2025.1.1,119.01134892075834,2025-10-02 15h24.35.313320 +0530,
-150,z,55,3,13,v,0,0.07719120000001567,None,13,3,55,3,,,,,145.41586439999992,,145.40047129999948,146.3998597000009,146.3998597000009,146.3998597000009,146.3998597000009,146.3998597000009,147.3997815999992,147.3997815999992,147.3997815999992,147.4831281000006,v,0,0.07719120000001567,None,,,,,Participant 1 ,001,2025-10-02_15h24.18.561,Motor Sequence Learning Bhumika Bajaj AU2320057,,2025.1.1,119.01134892075834,2025-10-02 15h24.35.313320 +0530,
-50,x,56,0,14,x,1,0.27398579999862704,None,14,0,56,0,,,,,147.49975489999997,,147.48382909999964,148.48521099999925,148.48521099999925,148.48521099999925,148.48521099999925,148.48521099999925,149.48580109999966,149.48580109999966,149.48580109999966,149.77106509999976,x,1,0.27398579999862704,None,,,,,Participant 1 ,001,2025-10-02_15h24.18.561,Motor Sequence Learning Bhumika Bajaj AU2320057,,2025.1.1,119.01134892075834,2025-10-02 15h24.35.313320 +0530,
150,v,57,1,14,x,0,0.3368700999999419,None,14,1,57,1,,,,,149.78549609999936,,149.77191669999957,150.78359330000058,150.78359330000058,150.78359330000058,150.78359330000058,150.78359330000058,151.80192979999993,151.80192979999993,151.80192979999993,152.14903419999973,x,0,0.3368700999999419,None,,,,,Participant 1 ,001,2025-10-02_15h24.18.561,Motor Sequence Learning Bhumika Bajaj AU2320057,,2025.1.1,119.01134892075834,2025-10-02 15h24.35.313320 +0530,
50,c,58,2,14,v,0,1.1744150000013178,None,14,2,58,2,,,,,152.16417510000065,,152.14964820000023,153.15405939999982,153.15405939999982,153.15405939999982,153.15405939999982,153.15405939999982,154.16288669999994,154.16288669999994,154.16288669999994,155.34927339999922,v,0,1.1744150000013178,None,,,,,Participant 1 ,001,2025-10-02_15h24.18.561,Motor Sequence Learning Bhumika Bajaj AU2320057,,2025.1.1,119.01134892075834,2025-10-02 15h24.35.313320 +0530,
-150,z,59,3,14,z,1,0.37085169999954815,None,14,3,59,3,,,,,155.36332419999962,,155.34980429999996,156.34850489999917,156.34850489999917,156.34850489999917,156.34850489999917,156.34850489999917,157.34921940000095,157.34921940000095,157.34921940000095,157.7332124000004,z,1,0.37085169999954815,None,,,,,Participant 1 ,001,2025-10-02_15h24.18.561,Motor Sequence Learning Bhumika Bajaj AU2320057,,2025.1.1,119.01134892075834,2025-10-02 15h24.35.313320 +0530,
-50,x,60,0,15,v,0,0.9460715000004711,None,15,0,60,0,,,,,157.74937730000056,,157.7335765000007,158.73228700000072,158.73228700000072,158.73228700000072,158.73228700000072,158.73228700000072,159.73223169999983,159.74851330000092,159.74851330000092,160.7000380999998,v,0,0.9460715000004711,None,,,,,Participant 1 ,001,2025-10-02_15h24.18.561,Motor Sequence Learning Bhumika Bajaj AU2320057,,2025.1.1,119.01134892075834,2025-10-02 15h24.35.313320 +0530,
150,v,61,1,15,c,0,0.9559432999994897,None,15,1,61,1,,,,,160.7164990000001,,160.70086249999986,161.69936459999917,161.69936459999917,161.69936459999917,161.69936459999917,161.69936459999917,162.70069540000077,162.70069540000077,162.70069540000077,163.66626200000064,c,0,0.9559432999994897,None,,,,,Participant 1 ,001,2025-10-02_15h24.18.561,Motor Sequence Learning Bhumika Bajaj AU2320057,,2025.1.1,119.01134892075834,2025-10-02 15h24.35.313320 +0530,
50,c,62,2,15,x,0,0.14161480000075244,None,15,2,62,2,,,,,163.68220760000077,,163.66680889999952,164.6657615999993,164.6657615999993,164.6657615999993,164.6657615999993,164.6657615999993,165.66549250000025,165.66549250000025,165.66549250000025,165.81709520000004,x,0,0.14161480000075244,None,,,,,Participant 1 ,001,2025-10-02_15h24.18.561,Motor Sequence Learning Bhumika Bajaj AU2320057,,2025.1.1,119.01134892075834,2025-10-02 15h24.35.313320 +0530,
-150,z,63,3,15,x,0,0.4433941000006598,None,15,3,63,3,,,,,165.83022300000084,,165.81755329999942,166.8321902000007,166.8321902000007,166.8321902000007,166.8321902000007,166.8321902000007,167.83282169999984,167.83282169999984,167.83282169999984,168.28040540000075,x,0,0.4433941000006598,None,,,,,Participant 1 ,001,2025-10-02_15h24.18.561,Motor Sequence Learning Bhumika Bajaj AU2320057,,2025.1.1,119.01134892075834,2025-10-02 15h24.35.313320 +0530,
-50,x,64,0,16,z,0,0.7851623999995354,None,16,0,64,0,,,,,168.29649790000076,,168.28096519999963,169.28238480000073,169.28238480000073,169.28238480000073,169.28238480000073,169.28238480000073,170.2825560000001,170.2825560000001,170.2825560000001,171.08081929999935,z,0,0.7851623999995354,None,,,,,Participant 1 ,001,2025-10-02_15h24.18.561,Motor Sequence Learning Bhumika Bajaj AU2320057,,2025.1.1,119.01134892075834,2025-10-02 15h24.35.313320 +0530,
150,v,65,1,16,v,1,0.013092999999571475,None,16,1,65,1,,,,,171.09616099999948,,171.0812607000007,172.08175719999963,172.08175719999963,172.08175719999963,172.08175719999963,172.08175719999963,173.07964309999988,173.07964309999988,173.07964309999988,173.09691829999974,v,1,0.013092999999571475,None,,,,,Participant 1 ,001,2025-10-02_15h24.18.561,Motor Sequence Learning Bhumika Bajaj AU2320057,,2025.1.1,119.01134892075834,2025-10-02 15h24.35.313320 +0530,
50,c,66,2,16,v,0,0.03968679999888991,None,16,2,66,2,,,,,173.1144279,,173.0974409999999,174.1032439999999,174.1032439999999,174.1032439999999,174.1032439999999,174.1032439999999,175.11268410000048,175.0964146999995,175.0964146999995,175.14654979999978,v,0,0.03968679999888991,None,,,,,Participant 1 ,001,2025-10-02_15h24.18.561,Motor Sequence Learning Bhumika Bajaj AU2320057,,2025.1.1,119.01134892075834,2025-10-02 15h24.35.313320 +0530,
-150,z,67,3,16,c,0,0.8796485999992001,None,16,3,67,3,,,,,175.16301399999975,,175.14701609999975,176.14820970000073,176.14820970000073,176.14820970000073,176.14820970000073,176.14820970000073,177.1489603000009,177.1489603000009,177.1489603000009,178.03296969999974,c,0,0.8796485999992001,None,,,,,Participant 1 ,001,2025-10-02_15h24.18.561,Motor Sequence Learning Bhumika Bajaj AU2320057,,2025.1.1,119.01134892075834,2025-10-02 15h24.35.313320 +0530,
-50,x,68,0,17,z,0,0.05136789999960456,None,17,0,68,0,,,,,178.0490293999992,,178.0335044000003,179.04885739999918,179.04885739999918,179.04885739999918,179.04885739999918,179.04885739999918,180.06443480000053,180.03081910000037,180.03081910000037,180.0981044,z,0,0.05136789999960456,None,,,,,Participant 1 ,001,2025-10-02_15h24.18.561,Motor Sequence Learning Bhumika Bajaj AU2320057,,2025.1.1,119.01134892075834,2025-10-02 15h24.35.313320 +0530,
150,v,69,1,17,v,1,0.7019581000004109,None,17,1,69,1,,,,,180.11319829999957,,180.0985385999993,181.09984430000077,181.09984430000077,181.09984430000077,181.09984430000077,181.09984430000077,182.09926149999956,182.09926149999956,182.09926149999956,182.81446929999947,v,1,0.7019581000004109,None,,,,,Participant 1 ,001,2025-10-02_15h24.18.561,Motor Sequence Learning Bhumika Bajaj AU2320057,,2025.1.1,119.01134892075834,2025-10-02 15h24.35.313320 +0530,
50,c,70,2,17,z,0,0.5730385000006208,None,17,2,70,2,,,,,182.83008560000053,,182.81498620000093,183.81638500000008,183.81638500000008,183.81638500000008,183.81638500000008,183.81638500000008,184.83098419999988,184.8141214999996,184.8141214999996,185.39720640000087,z,0,0.5730385000006208,None,,,,,Participant 1 ,001,2025-10-02_15h24.18.561,Motor Sequence Learning Bhumika Bajaj AU2320057,,2025.1.1,119.01134892075834,2025-10-02 15h24.35.313320 +0530,
-150,z,71,3,17,c,0,0.17291800000020885,None,17,3,71,3,,,,,185.41342900000018,,185.39770569999928,186.3992488999993,186.3992488999993,186.3992488999993,186.3992488999993,186.3992488999993,187.3995969000007,187.3995969000007,187.3995969000007,187.5826266999993,c,0,0.17291800000020885,None,,,,,Participant 1 ,001,2025-10-02_15h24.18.561,Motor Sequence Learning Bhumika Bajaj AU2320057,,2025.1.1,119.01134892075834,2025-10-02 15h24.35.313320 +0530,
-50,x,72,0,18,x,1,0.9778349999996863,None,18,0,72,0,,,,,187.5964514999996,,187.58308450000004,188.5826046000002,188.5826046000002,188.5826046000002,188.5826046000002,188.5826046000002,189.58261959999982,189.58261959999982,189.58261959999982,190.5660368000008,x,1,0.9778349999996863,None,,,,,Participant 1 ,001,2025-10-02_15h24.18.561,Motor Sequence Learning Bhumika Bajaj AU2320057,,2025.1.1,119.01134892075834,2025-10-02 15h24.35.313320 +0530,
150,v,73,1,18,v,1,0.3107850000014878,None,18,1,73,1,,,,,190.58185290000074,,190.56655649999993,191.58015220000016,191.58015220000016,191.58015220000016,191.58015220000016,191.58015220000016,192.58270690000063,192.56540239999958,192.56540239999958,192.88217090000035,v,1,0.3107850000014878,None,,,,,Participant 1 ,001,2025-10-02_15h24.18.561,Motor Sequence Learning Bhumika Bajaj AU2320057,,2025.1.1,119.01134892075834,2025-10-02 15h24.35.313320 +0530,
50,c,74,2,18,c,1,0.31264809999993304,None,18,2,74,2,,,,,192.89952040000026,,192.8826982999999,193.88191039999947,193.88191039999947,193.88191039999947,193.88191039999947,193.88191039999947,194.88255220000065,194.88255220000065,194.88255220000065,195.2023664999997,c,1,0.31264809999993304,None,,,,,Participant 1 ,001,2025-10-02_15h24.18.561,Motor Sequence Learning Bhumika Bajaj AU2320057,,2025.1.1,119.01134892075834,2025-10-02 15h24.35.313320 +0530,
-150,z,75,3,18,z,1,0.2789163000015833,None,18,3,75,3,,,,,195.21786819999943,,195.20350820000021,196.20220139999947,196.20220139999947,196.20220139999947,196.20220139999947,196.20220139999947,197.21542829999999,197.21542829999999,197.21542829999999,197.49892229999932,z,1,0.2789163000015833,None,,,,,Participant 1 ,001,2025-10-02_15h24.18.561,Motor Sequence Learning Bhumika Bajaj AU2320057,,2025.1.1,119.01134892075834,2025-10-02 15h24.35.313320 +0530,
-50,x,76,0,19,x,1,0.4818068000004132,None,19,0,76,0,,,,,197.51593030000004,,197.49942519999968,198.4987146000003,198.4987146000003,198.4987146000003,198.4987146000003,198.4987146000003,199.49945540000044,199.49945540000044,199.49945540000044,199.98564989999977,x,1,0.4818068000004132,None,,,,,Participant 1 ,001,2025-10-02_15h24.18.561,Motor Sequence Learning Bhumika Bajaj AU2320057,,2025.1.1,119.01134892075834,2025-10-02 15h24.35.313320 +0530,
150,v,77,1,19,v,1,0.28628679999928863,None,19,1,77,1,,,,,200.00244200000088,,199.9871194999996,200.99848240000028,200.99848240000028,200.99848240000028,200.99848240000028,200.99848240000028,201.9991442999999,201.9991442999999,201.9991442999999,202.2870444,v,1,0.28628679999928863,None,,,,,Participant 1 ,001,2025-10-02_15h24.18.561,Motor Sequence Learning Bhumika Bajaj AU2320057,,2025.1.1,119.01134892075834,2025-10-02 15h24.35.313320 +0530,
50,c,78,2,19,c,1,0.3353925999999774,None,19,2,78,2,,,,,202.30219260000013,,202.2879594999995,203.29643849999957,203.29643849999957,203.29643849999957,203.29643849999957,203.29643849999957,204.2993232000008,204.2993232000008,204.2993232000008,204.64938900000016,c,1,0.3353925999999774,None,,,,,Participant 1 ,001,2025-10-02_15h24.18.561,Motor Sequence Learning Bhumika Bajaj AU2320057,,2025.1.1,119.01134892075834,2025-10-02 15h24.35.313320 +0530,
-150,z,79,3,19,z,1,0.3159432000011293,None,19,3,79,3,,,,,204.66526089999934,,204.6498960000008,205.64864789999956,205.64864789999956,205.64864789999956,205.64864789999956,205.64864789999956,206.64850320000005,206.64850320000005,206.64850320000005,206.96716130000095,z,1,0.3159432000011293,None,,,,,Participant 1 ,001,2025-10-02_15h24.18.561,Motor Sequence Learning Bhumika Bajaj AU2320057,,2025.1.1,119.01134892075834,2025-10-02 15h24.35.313320 +0530,
-50,x,80,0,20,x,1,0.24749859999974433,None,20,0,80,0,,,,,206.9822734999998,,206.9676660999994,207.98189400000047,207.98189400000047,207.98189400000047,207.98189400000047,207.98189400000047,208.98559550000027,208.98559550000027,208.98559550000027,209.23761899999954,x,1,0.24749859999974433,None,,,,,Participant 1 ,001,2025-10-02_15h24.18.561,Motor Sequence Learning Bhumika Bajaj AU2320057,,2025.1.1,119.01134892075834,2025-10-02 15h24.35.313320 +0530,
150,v,81,1,20,v,1,1.682076600000073,None,20,1,81,1,,,,,209.25176119999924,,209.23851970000032,210.24790530000064,210.24790530000064,210.24790530000064,210.24790530000064,210.24790530000064,211.24894649999987,211.24894649999987,211.24894649999987,212.93809789999978,v,1,1.682076600000073,None,,,,,Participant 1 ,001,2025-10-02_15h24.18.561,Motor Sequence Learning Bhumika Bajaj AU2320057,,2025.1.1,119.01134892075834,2025-10-02 15h24.35.313320 +0530,
50,c,82,2,20,c,1,0.35362829999940004,None,20,2,82,2,,,,,212.95214139999916,,212.93892380000034,213.9497019999999,213.9497019999999,213.9497019999999,213.9497019999999,213.9497019999999,214.9489446000007,214.9489446000007,214.9489446000007,215.32022549999965,c,1,0.35362829999940004,None,,,,,Participant 1 ,001,2025-10-02_15h24.18.561,Motor Sequence Learning Bhumika Bajaj AU2320057,,2025.1.1,119.01134892075834,2025-10-02 15h24.35.313320 +0530,
-150,z,83,3,20,z,1,0.8031560999988869,None,20,3,83,3,,,,,215.3350972999997,,215.32141349999984,216.33172530000047,216.33172530000047,216.33172530000047,216.33172530000047,216.33172530000047,217.33170190000055,217.33170190000055,217.33170190000055,218.14964940000027,z,1,0.8031560999988869,None,,,,,Participant 1 ,001,2025-10-02_15h24.18.561,Motor Sequence Learning Bhumika Bajaj AU2320057,,2025.1.1,119.01134892075834,2025-10-02 15h24.35.313320 +0530,
-50,x,84,0,21,v,0,0.3571996000009676,None,21,0,84,0,,,,,218.1662563000009,,218.1501215999997,219.14986920000047,219.14986920000047,219.14986920000047,219.14986920000047,219.14986920000047,220.16474630000084,220.16474630000084,220.16474630000084,220.5327032999994,v,0,0.3571996000009676,None,,,,,Participant 1 ,001,2025-10-02_15h24.18.561,Motor Sequence Learning Bhumika Bajaj AU2320057,,2025.1.1,119.01134892075834,2025-10-02 15h24.35.313320 +0530,
150,v,85,1,21,z,0,0.4994975000008708,None,21,1,85,1,,,,,220.5451482999997,,220.53323029999956,221.52918929999942,221.52918929999942,221.52918929999942,221.52918929999942,221.52918929999942,222.5203249999995,222.53755219999948,222.53755219999948,223.04209300000002,z,0,0.4994975000008708,None,,,,,Participant 1 ,001,2025-10-02_15h24.18.561,Motor Sequence Learning Bhumika Bajaj AU2320057,,2025.1.1,119.01134892075834,2025-10-02 15h24.35.313320 +0530,
50,c,86,2,21,z,0,0.19492149999859976,None,21,2,86,2,,,,,223.05766340000082,,223.04265569999916,224.0383058999996,224.0383058999996,224.0383058999996,224.0383058999996,224.0383058999996,225.02887790000023,225.0381522000007,225.0381522000007,225.23891360000016,z,0,0.19492149999859976,None,,,,,Participant 1 ,001,2025-10-02_15h24.18.561,Motor Sequence Learning Bhumika Bajaj AU2320057,,2025.1.1,119.01134892075834,2025-10-02 15h24.35.313320 +0530,
-150,z,87,3,21,v,0,0.7613880000008066,None,21,3,87,3,,,,,225.24538310000025,,225.23928859999978,226.24850370000058,226.24850370000058,226.24850370000058,226.24850370000058,226.24850370000058,227.24887940000008,227.24887940000008,227.24887940000008,228.01610059999985,v,0,0.7613880000008066,None,,,,,Participant 1 ,001,2025-10-02_15h24.18.561,Motor Sequence Learning Bhumika Bajaj AU2320057,,2025.1.1,119.01134892075834,2025-10-02 15h24.35.313320 +0530,
-50,x,88,0,22,x,1,0.6938661999993201,None,22,0,88,0,,,,,228.02954730000056,,228.01652620000095,229.01559479999923,229.01559479999923,229.01559479999923,229.01559479999923,229.01559479999923,230.01613109999926,230.01613109999926,230.01613109999926,230.71618689999923,x,1,0.6938661999993201,None,,,,,Participant 1 ,001,2025-10-02_15h24.18.561,Motor Sequence Learning Bhumika Bajaj AU2320057,,2025.1.1,119.01134892075834,2025-10-02 15h24.35.313320 +0530,
150,v,89,1,22,v,1,0.8168148000004294,None,22,1,89,1,,,,,230.73203749999993,,230.7167470000004,231.71776239999963,231.71776239999963,231.71776239999963,231.71776239999963,231.71776239999963,232.71895170000062,232.71895170000062,232.71895170000062,233.54820070000096,v,1,0.8168148000004294,None,,,,,Participant 1 ,001,2025-10-02_15h24.18.561,Motor Sequence Learning Bhumika Bajaj AU2320057,,2025.1.1,119.01134892075834,2025-10-02 15h24.35.313320 +0530,
50,c,90,2,22,c,1,0.25062050000087766,None,22,2,90,2,,,,,233.5642184999997,,233.5487131000009,234.54894950000016,234.54894950000016,234.54894950000016,234.54894950000016,234.54894950000016,235.54794290000063,235.54794290000063,235.54794290000063,235.79943210000056,c,1,0.25062050000087766,None,,,,,Participant 1 ,001,2025-10-02_15h24.18.561,Motor Sequence Learning Bhumika Bajaj AU2320057,,2025.1.1,119.01134892075834,2025-10-02 15h24.35.313320 +0530,
-150,z,91,3,22,z,1,0.22395380000125442,None,22,3,91,3,,,,,235.81509919999917,,235.79997809999986,236.7989963,236.7989963,236.7989963,236.7989963,236.7989963,237.79859679999936,237.79859679999936,237.79859679999936,238.03301459999966,z,1,0.22395380000125442,None,,,,,Participant 1 ,001,2025-10-02_15h24.18.561,Motor Sequence Learning Bhumika Bajaj AU2320057,,2025.1.1,119.01134892075834,2025-10-02 15h24.35.313320 +0530,
-50,x,92,0,23,c,0,0.652492400000483,None,23,0,92,0,,,,,238.0485850999994,,238.03351909999947,239.04822389999936,239.04822389999936,239.04822389999936,239.04822389999936,239.04822389999936,240.04865410000093,240.04865410000093,240.04865410000093,240.71572510000078,c,0,0.652492400000483,None,,,,,Participant 1 ,001,2025-10-02_15h24.18.561,Motor Sequence Learning Bhumika Bajaj AU2320057,,2025.1.1,119.01134892075834,2025-10-02 15h24.35.313320 +0530,
150,v,93,1,23,v,1,0.390906200000245,None,23,1,93,1,,,,,240.7319348000001,,240.7162552000009,241.7155342999995,241.7155342999995,241.7155342999995,241.7155342999995,241.7155342999995,242.7295761000005,242.7295761000005,242.7295761000005,243.13482499999918,v,1,0.390906200000245,None,,,,,Participant 1 ,001,2025-10-02_15h24.18.561,Motor Sequence Learning Bhumika Bajaj AU2320057,,2025.1.1,119.01134892075834,2025-10-02 15h24.35.313320 +0530,
50,c,94,2,23,c,1,0.5754443999994692,None,23,2,94,2,,,,,243.15072959999998,,243.13555470000028,244.1345765999995,244.1345765999995,244.1345765999995,244.1345765999995,244.1345765999995,245.14818279999963,245.14818279999963,245.14818279999963,245.73222859999987,c,1,0.5754443999994692,None,,,,,Participant 1 ,001,2025-10-02_15h24.18.561,Motor Sequence Learning Bhumika Bajaj AU2320057,,2025.1.1,119.01134892075834,2025-10-02 15h24.35.313320 +0530,
-150,z,95,3,23,z,1,0.3126047000005201,None,23,3,95,3,,,,,245.74807150000015,,245.7327731000005,246.73172780000095,246.73172780000095,246.73172780000095,246.73172780000095,246.73172780000095,247.73236010000073,247.73236010000073,247.73236010000073,248.04925229999935,z,1,0.3126047000005201,None,,,,,Participant 1 ,001,2025-10-02_15h24.18.561,Motor Sequence Learning Bhumika Bajaj AU2320057,,2025.1.1,119.01134892075834,2025-10-02 15h24.35.313320 +0530,
-50,x,96,0,24,x,1,0.337185700000191,None,24,0,96,0,,,,,248.06518619999952,,248.04977719999988,249.0482205999997,249.0482205999997,249.0482205999997,249.0482205999997,249.0482205999997,250.04821040000024,250.0647938000002,250.0647938000002,250.41502030000083,x,1,0.337185700000191,None,,,,,Participant 1 ,001,2025-10-02_15h24.18.561,Motor Sequence Learning Bhumika Bajaj AU2320057,,2025.1.1,119.01134892075834,2025-10-02 15h24.35.313320 +0530,
150,v,97,1,24,v,1,0.48041470000134723,None,24,1,97,1,,,,,250.43182700000034,,250.41555639999933,251.41525060000095,251.41525060000095,251.41525060000095,251.41525060000095,251.41525060000095,252.4163693999999,252.4163693999999,252.4163693999999,252.89954949999992,v,1,0.48041470000134723,None,,,,,Participant 1 ,001,2025-10-02_15h24.18.561,Motor Sequence Learning Bhumika Bajaj AU2320057,,2025.1.1,119.01134892075834,2025-10-02 15h24.35.313320 +0530,
50,c,98,2,24,c,1,0.40109060000031604,None,24,2,98,2,,,,,252.91473349999978,,252.90006840000024,253.91213509999943,253.91213509999943,253.91213509999943,253.91213509999943,253.91213509999943,254.91268479999962,254.89860059999955,254.89860059999955,255.31611879999946,c,1,0.40109060000031604,None,,,,,Participant 1 ,001,2025-10-02_15h24.18.561,Motor Sequence Learning Bhumika Bajaj AU2320057,,2025.1.1,119.01134892075834,2025-10-02 15h24.35.313320 +0530,
-150,z,99,3,24,z,1,0.29926590000104625,None,24,3,99,3,,,,,255.33146090000082,,255.31664769999952,256.31857390000005,256.31857390000005,256.31857390000005,256.31857390000005,256.31857390000005,257.31815300000017,257.31815300000017,257.31815300000017,257.6325137999993,z,1,0.29926590000104625,None,,,,,Participant 1 ,001,2025-10-02_15h24.18.561,Motor Sequence Learning Bhumika Bajaj AU2320057,,2025.1.1,119.01134892075834,2025-10-02 15h24.35.313320 +0530,
-50,x,100,0,25,x,1,0.3543572000016866,None,25,0,100,0,,,,,257.6485809000005,,257.63309859999936,258.6313260000006,258.6313260000006,258.6313260000006,258.6313260000006,258.6313260000006,259.6467697999997,259.6467697999997,259.6467697999997,260.01536300000043,x,1,0.3543572000016866,None,,,,,Participant 1 ,001,2025-10-02_15h24.18.561,Motor Sequence Learning Bhumika Bajaj AU2320057,,2025.1.1,119.01134892075834,2025-10-02 15h24.35.313320 +0530,
150,v,101,1,25,v,1,1.0936404000003677,None,25,1,101,1,,,,,260.0314412000007,,260.0158843999998,261.0301402999994,261.0301402999994,261.0301402999994,261.0301402999994,261.0301402999994,262.03159570000025,262.0145382999999,262.0145382999999,263.12055429999964,v,1,1.0936404000003677,None,,,,,Participant 1 ,001,2025-10-02_15h24.18.561,Motor Sequence Learning Bhumika Bajaj AU2320057,,2025.1.1,119.01134892075834,2025-10-02 15h24.35.313320 +0530,
50,c,102,2,25,c,1,0.30790039999919827,None,25,2,102,2,,,,,263.1346637000006,,263.1211261999997,264.1308258000008,264.1308258000008,264.1308258000008,264.1308258000008,264.1308258000008,265.13358770000013,265.13358770000013,265.13358770000013,265.44825259999925,c,1,0.30790039999919827,None,,,,,Participant 1 ,001,2025-10-02_15h24.18.561,Motor Sequence Learning Bhumika Bajaj AU2320057,,2025.1.1,119.01134892075834,2025-10-02 15h24.35.313320 +0530,
-150,z,103,3,25,z,1,0.5034814999999071,None,25,3,103,3,,,,,265.4645383999996,,265.44877310000084,266.4513697000002,266.4513697000002,266.4513697000002,266.4513697000002,266.4513697000002,267.44957280000017,267.44957280000017,267.44957280000017,267.96545030000016,z,1,0.5034814999999071,None,,,,,Participant 1 ,001,2025-10-02_15h24.18.561,Motor Sequence Learning Bhumika Bajaj AU2320057,,2025.1.1,119.01134892075834,2025-10-02 15h24.35.313320 +0530,
-50,x,104,0,26,x,1,0.31664979999914067,None,26,0,104,0,,,,,267.98117979999915,,267.9659585999998,268.9667950999992,268.9667950999992,268.9667950999992,268.9667950999992,268.9667950999992,269.9804392999995,269.9804392999995,269.9804392999995,270.29818800000066,x,1,0.31664979999914067,None,,,,,Participant 1 ,001,2025-10-02_15h24.18.561,Motor Sequence Learning Bhumika Bajaj AU2320057,,2025.1.1,119.01134892075834,2025-10-02 15h24.35.313320 +0530,
150,v,105,1,26,v,1,0.635665700001482,None,26,1,105,1,,,,,270.3138841,,270.29862219999995,271.3132050999993,271.3132050999993,271.3132050999993,271.3132050999993,271.3132050999993,272.3142805999996,272.2972976000001,272.2972976000001,272.94857199999933,v,1,0.635665700001482,None,,,,,Participant 1 ,001,2025-10-02_15h24.18.561,Motor Sequence Learning Bhumika Bajaj AU2320057,,2025.1.1,119.01134892075834,2025-10-02 15h24.35.313320 +0530,
50,c,106,2,26,c,1,0.34086719999868365,None,26,2,106,2,,,,,272.96495069999946,,272.9491011000009,273.95111370000086,273.95111370000086,273.95111370000086,273.95111370000086,273.95111370000086,274.9478147000009,274.9478147000009,274.9478147000009,275.30199150000044,c,1,0.34086719999868365,None,,,,,Participant 1 ,001,2025-10-02_15h24.18.561,Motor Sequence Learning Bhumika Bajaj AU2320057,,2025.1.1,119.01134892075834,2025-10-02 15h24.35.313320 +0530,
-150,z,107,3,26,z,1,0.7132022000005236,None,26,3,107,3,,,,,275.3170731000009,,275.30291209999996,276.3135751000009,276.3135751000009,276.3135751000009,276.3135751000009,276.3135751000009,277.3128710000001,277.3128710000001,277.3128710000001,278.03193810000084,z,1,0.7132022000005236,None,,,,,Participant 1 ,001,2025-10-02_15h24.18.561,Motor Sequence Learning Bhumika Bajaj AU2320057,,2025.1.1,119.01134892075834,2025-10-02 15h24.35.313320 +0530,
-50,x,108,0,27,v,0,0.3675405999983923,None,27,0,108,0,,,,,278.04591190000065,,278.03260690000025,279.04750240000067,279.04750240000067,279.04750240000067,279.04750240000067,279.04750240000067,280.04641470000024,280.04641470000024,280.04641470000024,280.43194460000086,v,0,0.3675405999983923,None,,,,,Participant 1 ,001,2025-10-02_15h24.18.561,Motor Sequence Learning Bhumika Bajaj AU2320057,,2025.1.1,119.01134892075834,2025-10-02 15h24.35.313320 +0530,
150,v,109,1,27,v,1,0.5304415999999037,None,27,1,109,1,,,,,280.44717970000056,,280.4324954999993,281.4469960999995,281.4469960999995,281.4469960999995,281.4469960999995,281.4469960999995,282.4475198,282.4475198,282.4475198,282.9828142000006,v,1,0.5304415999999037,None,,,,,Participant 1 ,001,2025-10-02_15h24.18.561,Motor Sequence Learning Bhumika Bajaj AU2320057,,2025.1.1,119.01134892075834,2025-10-02 15h24.35.313320 +0530,
50,c,110,2,27,v,0,0.6484373000002961,None,27,2,110,2,,,,,282.99775729999965,,282.98323039999923,283.99798829999963,283.99798829999963,283.99798829999963,283.99798829999963,283.99798829999963,284.99835130000065,284.99835130000065,284.99835130000065,285.6492555999994,v,0,0.6484373000002961,None,,,,,Participant 1 ,001,2025-10-02_15h24.18.561,Motor Sequence Learning Bhumika Bajaj AU2320057,,2025.1.1,119.01134892075834,2025-10-02 15h24.35.313320 +0530,
-150,z,111,3,27,c,0,0.2281753999995999,None,27,3,111,3,,,,,285.66468929999974,,285.64980300000025,286.6487799000006,286.6487799000006,286.6487799000006,286.6487799000006,286.6487799000006,287.6483554999995,287.6483554999995,287.6483554999995,287.88245409999945,c,0,0.2281753999995999,None,,,,,Participant 1 ,001,2025-10-02_15h24.18.561,Motor Sequence Learning Bhumika Bajaj AU2320057,,2025.1.1,119.01134892075834,2025-10-02 15h24.35.313320 +0530,
-50,x,112,0,28,c,0,0.06385250000130327,None,28,0,112,0,,,,,287.8988150999994,,287.8829764000002,288.8825400000005,288.8825400000005,288.8825400000005,288.8825400000005,288.8825400000005,289.89636249999967,289.89636249999967,289.89636249999967,289.96555420000004,c,0,0.06385250000130327,None,,,,,Participant 1 ,001,2025-10-02_15h24.18.561,Motor Sequence Learning Bhumika Bajaj AU2320057,,2025.1.1,119.01134892075834,2025-10-02 15h24.35.313320 +0530,
150,v,113,1,28,v,1,1.4776388999998744,None,28,1,113,1,,,,,289.9804437999992,,289.9659656999993,290.96302409999953,290.96302409999953,290.96302409999953,290.96302409999953,290.96302409999953,291.9627457000006,291.9627457000006,291.9627457000006,293.44758940000065,v,1,1.4776388999998744,None,,,,,Participant 1 ,001,2025-10-02_15h24.18.561,Motor Sequence Learning Bhumika Bajaj AU2320057,,2025.1.1,119.01134892075834,2025-10-02 15h24.35.313320 +0530,
50,c,114,2,28,v,0,0.6068919999997888,None,28,2,114,2,,,,,293.45652730000074,,293.44836190000024,294.44726210000044,294.44726210000044,294.44726210000044,294.44726210000044,294.44726210000044,295.45599290000064,295.45599290000064,295.45599290000064,296.07329709999976,v,0,0.6068919999997888,None,,,,,Participant 1 ,001,2025-10-02_15h24.18.561,Motor Sequence Learning Bhumika Bajaj AU2320057,,2025.1.1,119.01134892075834,2025-10-02 15h24.35.313320 +0530,
-150,z,115,3,28,v,0,0.46832029999859515,None,28,3,115,3,,,,,296.09012559999974,,296.0741099000006,297.07290269999976,297.07290269999976,297.07290269999976,297.07290269999976,297.07290269999976,298.0814338,298.0814338,298.0814338,298.56607930000064,v,0,0.46832029999859515,None,,,,,Participant 1 ,001,2025-10-02_15h24.18.561,Motor Sequence Learning Bhumika Bajaj AU2320057,,2025.1.1,119.01134892075834,2025-10-02 15h24.35.313320 +0530,
-50,x,116,0,29,v,0,0.3766215999985434,None,29,0,116,0,,,,,298.5812729999998,,298.5666223999997,299.5816150999999,299.5816150999999,299.5816150999999,299.5816150999999,299.5816150999999,300.5825406999993,300.5825406999993,300.5825406999993,300.9632414000007,v,0,0.3766215999985434,None,,,,,Participant 1 ,001,2025-10-02_15h24.18.561,Motor Sequence Learning Bhumika Bajaj AU2320057,,2025.1.1,119.01134892075834,2025-10-02 15h24.35.313320 +0530,
150,v,117,1,29,v,1,1.4303027000005386,None,29,1,117,1,,,,,300.97880839999925,,300.96375160000025,301.9645361999992,301.9645361999992,301.9645361999992,301.9645361999992,301.9645361999992,302.9785984000009,302.96234279999953,302.96234279999953,304.39860430000044,v,1,1.4303027000005386,None,,,,,Participant 1 ,001,2025-10-02_15h24.18.561,Motor Sequence Learning Bhumika Bajaj AU2320057,,2025.1.1,119.01134892075834,2025-10-02 15h24.35.313320 +0530,
50,c,118,2,29,x,0,0.5060671999999613,None,29,2,118,2,,,,,304.41477680000025,,304.39913309999974,305.3980336000004,305.3980336000004,305.3980336000004,305.3980336000004,305.3980336000004,306.4137728000005,306.4137728000005,306.4137728000005,306.93181360000017,x,0,0.5060671999999613,None,,,,,Participant 1 ,001,2025-10-02_15h24.18.561,Motor Sequence Learning Bhumika Bajaj AU2320057,,2025.1.1,119.01134892075834,2025-10-02 15h24.35.313320 +0530,
-150,z,119,3,29,v,0,0.29240609999942535,None,29,3,119,3,,,,,306.9478966000006,,306.9329660000003,307.9318201999995,307.9318201999995,307.9318201999995,307.9318201999995,307.9318201999995,308.92912409999917,308.9475302999999,308.9475302999999,309.2468989000008,v,0,0.29240609999942535,None,,,,,Participant 1 ,001,2025-10-02_15h24.18.561,Motor Sequence Learning Bhumika Bajaj AU2320057,,2025.1.1,119.01134892075834,2025-10-02 15h24.35.313320 +0530,
-50,x,120,0,30,c,0,0.7406814000005397,None,30,0,120,0,,,,,309.26408360000096,,309.2473850999995,310.2557314000005,310.2557314000005,310.2557314000005,310.2557314000005,310.2557314000005,311.25637669999924,311.25637669999924,311.25637669999924,312.0070063000003,c,0,0.7406814000005397,None,,,,,Participant 1 ,001,2025-10-02_15h24.18.561,Motor Sequence Learning Bhumika Bajaj AU2320057,,2025.1.1,119.01134892075834,2025-10-02 15h24.35.313320 +0530,
150,v,121,1,30,z,0,0.5279788000007102,None,30,1,121,1,,,,,312.0218146999996,,312.0073881999997,313.0038760999996,313.0038760999996,313.0038760999996,313.0038760999996,313.0038760999996,314.0147586999992,314.0147586999992,314.0147586999992,314.54836839999916,z,0,0.5279788000007102,None,,,,,Participant 1 ,001,2025-10-02_15h24.18.561,Motor Sequence Learning Bhumika Bajaj AU2320057,,2025.1.1,119.01134892075834,2025-10-02 15h24.35.313320 +0530,
50,c,122,2,30,x,0,0.3328485999991244,None,30,2,122,2,,,,,314.56462549999924,,314.54905060000056,315.54685249999966,315.54685249999966,315.54685249999966,315.54685249999966,315.54685249999966,316.5488800999992,316.56452030000037,316.56452030000037,316.8988647999995,x,0,0.3328485999991244,None,,,,,Participant 1 ,001,2025-10-02_15h24.18.561,Motor Sequence Learning Bhumika Bajaj AU2320057,,2025.1.1,119.01134892075834,2025-10-02 15h24.35.313320 +0530,
-150,z,123,3,30,v,0,0.24372939999921073,None,30,3,123,3,,,,,316.91475680000076,,316.8993907999993,317.9150786000009,317.9150786000009,317.9150786000009,317.9150786000009,317.9150786000009,318.9303043,318.91205289999925,318.91205289999925,319.16363830000046,v,0,0.24372939999921073,None,,,,,Participant 1 ,001,2025-10-02_15h24.18.561,Motor Sequence Learning Bhumika Bajaj AU2320057,,2025.1.1,119.01134892075834,2025-10-02 15h24.35.313320 +0530,
-50,x,124,0,31,c,0,0.9317566999998235,None,31,0,124,0,,,,,319.18023990000074,,319.1642673999995,320.1627430999997,320.1627430999997,320.1627430999997,320.1627430999997,320.1627430999997,321.1624018000002,321.17898819999937,321.17898819999937,322.11529540000083,c,0,0.9317566999998235,None,,,,,Participant 1 ,001,2025-10-02_15h24.18.561,Motor Sequence Learning Bhumika Bajaj AU2320057,,2025.1.1,119.01134892075834,2025-10-02 15h24.35.313320 +0530,
150,v,125,1,31,x,0,0.983602799999062,None,31,1,125,1,,,,,322.13078250000035,,322.11583149999933,323.1308907999992,323.1308907999992,323.1308907999992,323.1308907999992,323.1308907999992,324.1311846999997,324.1311846999997,324.1311846999997,325.1317803000002,x,0,0.983602799999062,None,,,,,Participant 1 ,001,2025-10-02_15h24.18.561,Motor Sequence Learning Bhumika Bajaj AU2320057,,2025.1.1,119.01134892075834,2025-10-02 15h24.35.313320 +0530,
50,c,126,2,31,c,1,0.2659500999998272,None,31,2,126,2,,,,,325.14755870000045,,325.1322904000008,326.13804080000045,326.13804080000045,326.13804080000045,326.13804080000045,326.13804080000045,327.14512260000083,327.12891970000055,327.12891970000055,327.39812920000077,c,1,0.2659500999998272,None,,,,,Participant 1 ,001,2025-10-02_15h24.18.561,Motor Sequence Learning Bhumika Bajaj AU2320057,,2025.1.1,119.01134892075834,2025-10-02 15h24.35.313320 +0530,
-150,z,127,3,31,z,1,1.485384999999951,None,31,3,127,3,,,,,327.41323960000045,,327.39878409999983,328.39764529999957,328.39764529999957,328.39764529999957,328.39764529999957,328.39764529999957,329.39785400000073,329.39785400000073,329.39785400000073,330.8982109999997,z,1,1.485384999999951,None,,,,,Participant 1 ,001,2025-10-02_15h24.18.561,Motor Sequence Learning Bhumika Bajaj AU2320057,,2025.1.1,119.01134892075834,2025-10-02 15h24.35.313320 +0530,
-50,x,128,0,32,c,0,1.5104343999992125,None,32,0,128,0,,,,,330.9143727999999,,330.8987586000003,331.89731290000054,331.89731290000054,331.89731290000054,331.89731290000054,331.89731290000054,332.9136856999994,332.9136856999994,332.9136856999994,334.4306672999992,c,0,1.5104343999992125,None,,,,,Participant 1 ,001,2025-10-02_15h24.18.561,Motor Sequence Learning Bhumika Bajaj AU2320057,,2025.1.1,119.01134892075834,2025-10-02 15h24.35.313320 +0530,
150,v,129,1,32,v,1,1.226002100000187,None,32,1,129,1,,,,,334.44803069999944,,334.43161209999926,335.4286630000006,335.4286630000006,335.4286630000006,335.4286630000006,335.4286630000006,336.4329988999998,336.4329988999998,336.4329988999998,337.67067809999935,v,1,1.226002100000187,None,,,,,Participant 1 ,001,2025-10-02_15h24.18.561,Motor Sequence Learning Bhumika Bajaj AU2320057,,2025.1.1,119.01134892075834,2025-10-02 15h24.35.313320 +0530,
50,c,130,2,32,v,0,0.5612127000003966,None,32,2,130,2,,,,,337.68374439999934,,337.6711912999999,338.6791942,338.6791942,338.6791942,338.6791942,338.6791942,339.67944779999925,339.67944779999925,339.67944779999925,340.2462785000007,v,0,0.5612127000003966,None,,,,,Participant 1 ,001,2025-10-02_15h24.18.561,Motor Sequence Learning Bhumika Bajaj AU2320057,,2025.1.1,119.01134892075834,2025-10-02 15h24.35.313320 +0530,
-150,z,131,3,32,v,0,0.34472140000070794,None,32,3,131,3,,,,,340.2623884000004,,340.24682080000093,341.2475923000002,341.2475923000002,341.2475923000002,341.2475923000002,341.2475923000002,342.2474392999993,342.2474392999993,342.2474392999993,342.59612630000083,v,0,0.34472140000070794,None,,,,,Participant 1 ,001,2025-10-02_15h24.18.561,Motor Sequence Learning Bhumika Bajaj AU2320057,,2025.1.1,119.01134892075834,2025-10-02 15h24.35.313320 +0530,
-50,x,132,0,33,v,0,0.6617074000005232,None,33,0,132,0,,,,,342.61481430000094,,342.59650599999986,343.5985634000008,343.5985634000008,343.5985634000008,343.5985634000008,343.5985634000008,344.6142209000009,344.5965911000003,344.5965911000003,345.26423480000085,v,0,0.6617074000005232,None,,,,,Participant 1 ,001,2025-10-02_15h24.18.561,Motor Sequence Learning Bhumika Bajaj AU2320057,,2025.1.1,119.01134892075834,2025-10-02 15h24.35.313320 +0530,
150,v,133,1,33,v,1,0.3302456000001257,None,33,1,133,1,,,,,345.27845010000055,,345.26466380000056,346.26228450000053,346.26228450000053,346.26228450000053,346.26228450000053,346.26228450000053,347.26524319999953,347.2811653000008,347.2811653000008,347.61535770000046,v,1,0.3302456000001257,None,,,,,Participant 1 ,001,2025-10-02_15h24.18.561,Motor Sequence Learning Bhumika Bajaj AU2320057,,2025.1.1,119.01134892075834,2025-10-02 15h24.35.313320 +0530,
50,c,134,2,33,z,0,0.9408860999992612,None,33,2,134,2,,,,,347.63133200000084,,347.6158990999993,348.63110889999916,348.63110889999916,348.63110889999916,348.63110889999916,348.63110889999916,349.6345132999995,349.61793639999996,349.61793639999996,350.5652344000009,z,0,0.9408860999992612,None,,,,,Participant 1 ,001,2025-10-02_15h24.18.561,Motor Sequence Learning Bhumika Bajaj AU2320057,,2025.1.1,119.01134892075834,2025-10-02 15h24.35.313320 +0530,
-150,z,135,3,33,c,0,0.3026493000015762,None,33,3,135,3,,,,,350.58075950000057,,350.5657496999993,351.5793317000007,351.5793317000007,351.5793317000007,351.5793317000007,351.5793317000007,352.580645,352.5646068999995,352.5646068999995,352.8786003999994,c,0,0.3026493000015762,None,,,,,Participant 1 ,001,2025-10-02_15h24.18.561,Motor Sequence Learning Bhumika Bajaj AU2320057,,2025.1.1,119.01134892075834,2025-10-02 15h24.35.313320 +0530,
-50,x,136,0,34,x,1,0.7867847999987134,None,34,0,136,0,,,,,352.8869525000009,,352.8789868999993,353.88137760000063,353.88137760000063,353.88137760000063,353.88137760000063,353.88137760000063,354.88054980000015,354.88054980000015,354.88054980000015,355.6725843999993,x,1,0.7867847999987134,None,,,,,Participant 1 ,001,2025-10-02_15h24.18.561,Motor Sequence Learning Bhumika Bajaj AU2320057,,2025.1.1,119.01134892075834,2025-10-02 15h24.35.313320 +0530,
150,v,137,1,34,v,1,0.3957762999998522,None,34,1,137,1,,,,,355.67884819999927,,355.6729828000007,356.6799107000006,356.6799107000006,356.6799107000006,356.6799107000006,356.6799107000006,357.69647070000065,357.6788464000001,357.6788464000001,358.0807163999998,v,1,0.3957762999998522,None,,,,,Participant 1 ,001,2025-10-02_15h24.18.561,Motor Sequence Learning Bhumika Bajaj AU2320057,,2025.1.1,119.01134892075834,2025-10-02 15h24.35.313320 +0530,
50,c,138,2,34,c,1,0.2809111999995366,None,34,2,138,2,,,,,358.08578920000036,,358.08106020000014,359.0857395999992,359.0857395999992,359.0857395999992,359.0857395999992,359.0857395999992,360.0946476000008,360.0946476000008,360.0946476000008,360.38135390000025,c,1,0.2809111999995366,None,,,,,Participant 1 ,001,2025-10-02_15h24.18.561,Motor Sequence Learning Bhumika Bajaj AU2320057,,2025.1.1,119.01134892075834,2025-10-02 15h24.35.313320 +0530,
-150,z,139,3,34,z,1,0.31731700000091223,None,34,3,139,3,,,,,360.39658450000024,,360.3818646,361.39765590000025,361.39765590000025,361.39765590000025,361.39765590000025,361.39765590000025,362.3972379000006,362.38049950000095,362.38049950000095,362.69982119999986,z,1,0.31731700000091223,None,,,,,Participant 1 ,001,2025-10-02_15h24.18.561,Motor Sequence Learning Bhumika Bajaj AU2320057,,2025.1.1,119.01134892075834,2025-10-02 15h24.35.313320 +0530,
-50,x,140,0,35,x,1,0.04785420000007434,None,35,0,140,0,,,,,362.7140285000005,,362.7003404999996,363.7141988000003,363.7141988000003,363.7141988000003,363.7141988000003,363.7141988000003,364.71347400000013,364.71347400000013,364.71347400000013,364.7653934000009,x,1,0.04785420000007434,None,,,,,Participant 1 ,001,2025-10-02_15h24.18.561,Motor Sequence Learning Bhumika Bajaj AU2320057,,2025.1.1,119.01134892075834,2025-10-02 15h24.35.313320 +0530,
150,v,141,1,35,v,1,0.3330948000002536,None,35,1,141,1,,,,,364.78048189999936,,364.7659313000004,365.7805110999998,365.7805110999998,365.7805110999998,365.7805110999998,365.7805110999998,366.7825178999992,366.7630387999998,366.7630387999998,367.10305340000014,v,1,0.3330948000002536,None,,,,,Participant 1 ,001,2025-10-02_15h24.18.561,Motor Sequence Learning Bhumika Bajaj AU2320057,,2025.1.1,119.01134892075834,2025-10-02 15h24.35.313320 +0530,
50,c,142,2,35,c,1,0.5069304000007833,None,35,2,142,2,,,,,367.11741149999943,,367.1042314999995,368.11453729999994,368.11453729999994,368.11453729999994,368.11453729999994,368.11453729999994,369.11079430000063,369.09500690000095,369.09500690000095,369.60457719999977,c,1,0.5069304000007833,None,,,,,Participant 1 ,001,2025-10-02_15h24.18.561,Motor Sequence Learning Bhumika Bajaj AU2320057,,2025.1.1,119.01134892075834,2025-10-02 15h24.35.313320 +0530,
-150,z,143,3,35,z,1,0.05162179999933869,None,35,3,143,3,,,,,369.6197295000002,,369.6050634000003,370.6052486000008,370.6052486000008,370.6052486000008,370.6052486000008,370.6052486000008,371.6065099000007,371.6065099000007,371.6065099000007,371.6731572000008,z,1,0.05162179999933869,None,,,,,Participant 1 ,001,2025-10-02_15h24.18.561,Motor Sequence Learning Bhumika Bajaj AU2320057,,2025.1.1,119.01134892075834,2025-10-02 15h24.35.313320 +0530,
-50,x,144,0,36,x,1,0.10285029999977269,None,36,0,144,0,,,,,371.6886606999997,,371.6735850999994,372.68963480000093,372.68963480000093,372.68963480000093,372.68963480000093,372.68963480000093,373.68882029999986,373.6729527999996,373.6729527999996,373.7897042000004,x,1,0.10285029999977269,None,,,,,Participant 1 ,001,2025-10-02_15h24.18.561,Motor Sequence Learning Bhumika Bajaj AU2320057,,2025.1.1,119.01134892075834,2025-10-02 15h24.35.313320 +0530,
150,v,145,1,36,v,1,0.22121940000033646,None,36,1,145,1,,,,,373.8051183999996,,373.79023439999946,374.80514849999963,374.80514849999963,374.80514849999963,374.80514849999963,374.80514849999963,375.8050755999993,375.8050755999993,375.8050755999993,376.02968239999973,v,1,0.22121940000033646,None,,,,,Participant 1 ,001,2025-10-02_15h24.18.561,Motor Sequence Learning Bhumika Bajaj AU2320057,,2025.1.1,119.01134892075834,2025-10-02 15h24.35.313320 +0530,
50,c,146,2,36,v,0,0.4473173999995197,None,36,2,146,2,,,,,376.0381961000003,,376.0301034999993,377.03024670000013,377.03024670000013,377.03024670000013,377.03024670000013,377.03024670000013,378.0367275999997,378.0367275999997,378.0367275999997,378.4899757000003,v,0,0.4473173999995197,None,,,,,Participant 1 ,001,2025-10-02_15h24.18.561,Motor Sequence Learning Bhumika Bajaj AU2320057,,2025.1.1,119.01134892075834,2025-10-02 15h24.35.313320 +0530,
-150,z,147,3,36,v,0,0.07263020000027609,None,36,3,147,3,,,,,378.5056339999992,,378.49070439999923,379.5051284000001,379.5051284000001,379.5051284000001,379.5051284000001,379.5051284000001,380.50560790000054,380.50560790000054,380.50560790000054,380.5895872000001,v,0,0.07263020000027609,None,,,,,Participant 1 ,001,2025-10-02_15h24.18.561,Motor Sequence Learning Bhumika Bajaj AU2320057,,2025.1.1,119.01134892075834,2025-10-02 15h24.35.313320 +0530,
-50,x,148,0,37,v,0,0.08674529999916558,None,37,0,148,0,,,,,380.60531040000023,,380.5901240000003,381.5881494999994,381.5881494999994,381.5881494999994,381.5881494999994,381.5881494999994,382.58861350000006,382.58861350000006,382.58861350000006,382.6795937000006,v,0,0.08674529999916558,None,,,,,Participant 1 ,001,2025-10-02_15h24.18.561,Motor Sequence Learning Bhumika Bajaj AU2320057,,2025.1.1,119.01134892075834,2025-10-02 15h24.35.313320 +0530,
150,v,149,1,37,v,1,0.3671718999994482,None,37,1,149,1,,,,,382.68760010000005,,382.6799871000003,383.68910250000044,383.68910250000044,383.68910250000044,383.68910250000044,383.68910250000044,384.70336619999944,384.6862775999998,384.6862775999998,385.05666930000007,v,1,0.3671718999994482,None,,,,,Participant 1 ,001,2025-10-02_15h24.18.561,Motor Sequence Learning Bhumika Bajaj AU2320057,,2025.1.1,119.01134892075834,2025-10-02 15h24.35.313320 +0530,
50,c,150,2,37,v,0,0.3338761000013619,None,37,2,150,2,,,,,385.0718947999994,,385.0573623,386.07164159999957,386.07164159999957,386.07164159999957,386.07164159999957,386.07164159999957,387.0721912000008,387.0721912000008,387.0721912000008,387.4067637999997,v,0,0.3338761000013619,None,,,,,Participant 1 ,001,2025-10-02_15h24.18.561,Motor Sequence Learning Bhumika Bajaj AU2320057,,2025.1.1,119.01134892075834,2025-10-02 15h24.35.313320 +0530,
-150,z,151,3,37,v,0,0.23100949999934528,None,37,3,151,3,,,,,387.42237940000086,,387.4072778000009,388.42189080000026,388.42189080000026,388.42189080000026,388.42189080000026,388.42189080000026,389.4135494000002,389.40442989999974,389.40442989999974,389.6362819999995,v,0,0.23100949999934528,None,,,,,Participant 1 ,001,2025-10-02_15h24.18.561,Motor Sequence Learning Bhumika Bajaj AU2320057,,2025.1.1,119.01134892075834,2025-10-02 15h24.35.313320 +0530,
-50,x,152,0,38,v,0,0.6283094000009442,None,38,0,152,0,,,,,389.6443259000007,,389.63681429999997,390.64685370000007,390.64685370000007,390.64685370000007,390.64685370000007,390.64685370000007,391.64679740000065,391.64679740000065,391.64679740000065,392.2813096000009,v,0,0.6283094000009442,None,,,,,Participant 1 ,001,2025-10-02_15h24.18.561,Motor Sequence Learning Bhumika Bajaj AU2320057,,2025.1.1,119.01134892075834,2025-10-02 15h24.35.313320 +0530,
150,v,153,1,38,v,1,0.3942968999999721,None,38,1,153,1,,,,,392.2971746000003,,392.2818600999999,393.28008989999944,393.28008989999944,393.28008989999944,393.28008989999944,393.28008989999944,394.2814784000002,394.29773940000086,394.29773940000086,394.69785109999975,v,1,0.3942968999999721,None,,,,,Participant 1 ,001,2025-10-02_15h24.18.561,Motor Sequence Learning Bhumika Bajaj AU2320057,,2025.1.1,119.01134892075834,2025-10-02 15h24.35.313320 +0530,
50,c,154,2,38,c,1,0.9018959000004543,None,38,2,154,2,,,,,394.71363999999994,,394.6984083999996,395.7136728000005,395.7136728000005,395.7136728000005,395.7136728000005,395.7136728000005,396.7126122999998,396.6965108000004,396.6965108000004,397.6136726000004,c,1,0.9018959000004543,None,,,,,Participant 1 ,001,2025-10-02_15h24.18.561,Motor Sequence Learning Bhumika Bajaj AU2320057,,2025.1.1,119.01134892075834,2025-10-02 15h24.35.313320 +0530,
-150,z,155,3,38,c,0,0.11858310000025085,None,38,3,155,3,,,,,397.62968589999946,,397.61429060000046,398.6132558999998,398.6132558999998,398.6132558999998,398.6132558999998,398.6132558999998,399.6138255999995,399.6138255999995,399.6138255999995,399.74733410000044,c,0,0.11858310000025085,None,,,,,Participant 1 ,001,2025-10-02_15h24.18.561,Motor Sequence Learning Bhumika Bajaj AU2320057,,2025.1.1,119.01134892075834,2025-10-02 15h24.35.313320 +0530,
-50,x,156,0,39,v,0,0.5081797999991977,None,39,0,156,0,,,,,399.76168209999923,,399.7483092000002,400.7467297000003,400.7467297000003,400.7467297000003,400.7467297000003,400.7467297000003,401.7467345999994,401.7467345999994,401.7467345999994,402.2621314000007,v,0,0.5081797999991977,None,,,,,Participant 1 ,001,2025-10-02_15h24.18.561,Motor Sequence Learning Bhumika Bajaj AU2320057,,2025.1.1,119.01134892075834,2025-10-02 15h24.35.313320 +0530,
150,v,157,1,39,x,0,0.040844799999831594,None,39,1,157,1,,,,,402.27816639999946,,402.2625633000007,403.2629582999998,403.2629582999998,403.2629582999998,403.2629582999998,403.2629582999998,404.26299760000074,404.26299760000074,404.26299760000074,404.3117662000004,x,0,0.040844799999831594,None,,,,,Participant 1 ,001,2025-10-02_15h24.18.561,Motor Sequence Learning Bhumika Bajaj AU2320057,,2025.1.1,119.01134892075834,2025-10-02 15h24.35.313320 +0530,
50,c,158,2,39,z,0,0.26429599999937636,None,39,2,158,2,,,,,404.3301630999995,,404.31217560000005,405.3133734999992,405.3133734999992,405.3133734999992,405.3133734999992,405.3133734999992,406.31331189999946,406.31331189999946,406.31331189999946,406.58159329999944,z,0,0.26429599999937636,None,,,,,Participant 1 ,001,2025-10-02_15h24.18.561,Motor Sequence Learning Bhumika Bajaj AU2320057,,2025.1.1,119.01134892075834,2025-10-02 15h24.35.313320 +0530,
-150,z,159,3,39,z,1,0.04181310000058147,None,39,3,159,3,,,,,406.59642130000066,,406.58210789999976,407.59683589999986,407.59683589999986,407.59683589999986,407.59683589999986,407.59683589999986,408.5967756000009,408.5967756000009,408.5967756000009,408.6474656999999,z,1,0.04181310000058147,None,,,,,Participant 1 ,001,2025-10-02_15h24.18.561,Motor Sequence Learning Bhumika Bajaj AU2320057,,2025.1.1,119.01134892075834,2025-10-02 15h24.35.313320 +0530,
-50,x,160,0,40,c,0,0.12521989999913785,None,40,0,160,0,,,,,408.6635561000003,,408.64799499999936,409.66115379999974,409.66115379999974,409.66115379999974,409.66115379999974,409.66115379999974,410.66238449999946,410.6459522999994,410.6459522999994,410.7810895999992,c,0,0.12521989999913785,None,,,,,Participant 1 ,001,2025-10-02_15h24.18.561,Motor Sequence Learning Bhumika Bajaj AU2320057,,2025.1.1,119.01134892075834,2025-10-02 15h24.35.313320 +0530,
150,v,161,1,40,c,0,0.33278510000127426,None,40,1,161,1,,,,,410.7969441000005,,410.7814732000006,411.7971517999995,411.7971517999995,411.7971517999995,411.7971517999995,411.7971517999995,412.79638420000083,412.79638420000083,412.79638420000083,413.14574560000074,c,0,0.33278510000127426,None,,,,,Participant 1 ,001,2025-10-02_15h24.18.561,Motor Sequence Learning Bhumika Bajaj AU2320057,,2025.1.1,119.01134892075834,2025-10-02 15h24.35.313320 +0530,
50,c,162,2,40,c,1,0.2832314999996015,None,40,2,162,2,,,,,413.1622284999994,,413.14623290000054,414.14765550000084,414.14765550000084,414.14765550000084,414.14765550000084,414.14765550000084,415.14635799999996,415.14635799999996,415.14635799999996,415.4325267000004,c,1,0.2832314999996015,None,,,,,Participant 1 ,001,2025-10-02_15h24.18.561,Motor Sequence Learning Bhumika Bajaj AU2320057,,2025.1.1,119.01134892075834,2025-10-02 15h24.35.313320 +0530,
-150,z,163,3,40,c,0,0.15098760000000766,None,40,3,163,3,,,,,415.44536510000034,,415.4328707000004,416.4474986000005,416.4474986000005,416.4474986000005,416.4474986000005,416.4474986000005,417.4465751000007,417.4465751000007,417.4465751000007,417.6142734999994,c,0,0.15098760000000766,None,,,,,Participant 1 ,001,2025-10-02_15h24.18.561,Motor Sequence Learning Bhumika Bajaj AU2320057,,2025.1.1,119.01134892075834,2025-10-02 15h24.35.313320 +0530,
-50,x,164,0,41,x,1,0.022068599999329308,None,41,0,164,0,,,,,417.6296490000004,,417.61482009999963,418.61397380000017,418.61397380000017,418.61397380000017,418.61397380000017,418.61397380000017,419.6131413000003,419.63124659999994,419.63124659999994,419.66498130000036,x,1,0.022068599999329308,None,,,,,Participant 1 ,001,2025-10-02_15h24.18.561,Motor Sequence Learning Bhumika Bajaj AU2320057,,2025.1.1,119.01134892075834,2025-10-02 15h24.35.313320 +0530,
150,v,165,1,41,x,0,0.4115067000002455,None,41,1,165,1,,,,,419.6805999999997,,419.6654873999996,420.68040810000093,420.68040810000093,420.68040810000093,420.68040810000093,420.68040810000093,421.69681579999997,421.6797284000004,421.6797284000004,422.0975896,x,0,0.4115067000002455,None,,,,,Participant 1 ,001,2025-10-02_15h24.18.561,Motor Sequence Learning Bhumika Bajaj AU2320057,,2025.1.1,119.01134892075834,2025-10-02 15h24.35.313320 +0530,
50,c,166,2,41,x,0,0.3323371999995288,None,41,2,166,2,,,,,422.1138229999997,,422.0981322000007,423.0962001000007,423.0962001000007,423.0962001000007,423.0962001000007,423.0962001000007,424.09447179999916,424.09447179999916,424.09447179999916,424.43165580000095,x,0,0.3323371999995288,None,,,,,Participant 1 ,001,2025-10-02_15h24.18.561,Motor Sequence Learning Bhumika Bajaj AU2320057,,2025.1.1,119.01134892075834,2025-10-02 15h24.35.313320 +0530,
-150,z,167,3,41,x,0,0.16943979999996372,None,41,3,167,3,,,,,424.4468476000002,,424.4321777999994,425.4471642999997,425.4471642999997,425.4471642999997,425.4471642999997,425.4471642999997,426.4465318999992,426.4465318999992,426.4465318999992,426.6216015000009,x,0,0.16943979999996372,None,,,,,Participant 1 ,001,2025-10-02_15h24.18.561,Motor Sequence Learning Bhumika Bajaj AU2320057,,2025.1.1,119.01134892075834,2025-10-02 15h24.35.313320 +0530,
-50,x,168,0,42,x,1,0.17877240000052552,None,42,0,168,0,,,,,426.62764590000006,,426.62209860000075,427.63050010000006,427.63050010000006,427.63050010000006,427.63050010000006,427.63050010000006,428.6301248,428.6301248,428.6301248,428.81534180000017,x,1,0.17877240000052552,None,,,,,Participant 1 ,001,2025-10-02_15h24.18.561,Motor Sequence Learning Bhumika Bajaj AU2320057,,2025.1.1,119.01134892075834,2025-10-02 15h24.35.313320 +0530,
150,v,169,1,42,x,0,1.0743548999998893,None,42,1,169,1,,,,,428.83078150000074,,428.8158356999993,429.8295799000007,429.8295799000007,429.8295799000007,429.8295799000007,429.8295799000007,430.82968489999985,430.8132053999998,430.8132053999998,431.8894928000009,x,0,1.0743548999998893,None,,,,,Participant 1 ,001,2025-10-02_15h24.18.561,Motor Sequence Learning Bhumika Bajaj AU2320057,,2025.1.1,119.01134892075834,2025-10-02 15h24.35.313320 +0530,
50,c,170,2,42,z,0,0.13707350000004226,None,42,2,170,2,,,,,431.9011706000001,,431.8903857999994,432.8964933999996,432.8964933999996,432.8964933999996,432.8964933999996,432.8964933999996,433.89402920000066,433.88585629999943,433.88585629999943,434.0280177000004,z,0,0.13707350000004226,None,,,,,Participant 1 ,001,2025-10-02_15h24.18.561,Motor Sequence Learning Bhumika Bajaj AU2320057,,2025.1.1,119.01134892075834,2025-10-02 15h24.35.313320 +0530,
-150,z,171,3,42,z,1,0.14932100000078208,None,42,3,171,3,,,,,434.0349019000005,,434.0283786,435.0385430000006,435.0385430000006,435.0385430000006,435.0385430000006,435.0385430000006,436.03827230000024,436.03827230000024,436.03827230000024,436.1898744000009,z,1,0.14932100000078208,None,,,,,Participant 1 ,001,2025-10-02_15h24.18.561,Motor Sequence Learning Bhumika Bajaj AU2320057,,2025.1.1,119.01134892075834,2025-10-02 15h24.35.313320 +0530,
-50,x,172,0,43,z,0,0.29921809999905236,None,43,0,172,0,,,,,436.20510710000053,,436.19042210000043,437.18843709999965,437.18843709999965,437.18843709999965,437.18843709999965,437.18843709999965,438.20435370000087,438.20435370000087,438.20435370000087,438.50686359999963,z,0,0.29921809999905236,None,,,,,Participant 1 ,001,2025-10-02_15h24.18.561,Motor Sequence Learning Bhumika Bajaj AU2320057,,2025.1.1,119.01134892075834,2025-10-02 15h24.35.313320 +0530,
150,v,173,1,43,z,0,0.13967249999950582,None,43,1,173,1,,,,,438.5217453999994,,438.50787579999997,439.5214756000005,439.5214756000005,439.5214756000005,439.5214756000005,439.5214756000005,440.5211347000004,440.5211347000004,440.5211347000004,440.6725040000001,z,0,0.13967249999950582,None,,,,,Participant 1 ,001,2025-10-02_15h24.18.561,Motor Sequence Learning Bhumika Bajaj AU2320057,,2025.1.1,119.01134892075834,2025-10-02 15h24.35.313320 +0530,
50,c,174,2,43,x,0,0.4023666000011872,None,43,2,174,2,,,,,440.6883636999992,,440.6730477000001,441.6880063999997,441.6880063999997,441.6880063999997,441.6880063999997,441.6880063999997,442.68863880000026,442.68863880000026,442.68863880000026,443.1059182000008,x,0,0.4023666000011872,None,,,,,Participant 1 ,001,2025-10-02_15h24.18.561,Motor Sequence Learning Bhumika Bajaj AU2320057,,2025.1.1,119.01134892075834,2025-10-02 15h24.35.313320 +0530,
-150,z,175,3,43,v,0,0.8989367000012862,None,43,3,175,3,,,,,443.1204791,,443.1066843000008,444.10534800000096,444.10534800000096,444.10534800000096,444.10534800000096,444.10534800000096,445.11941110000043,445.11941110000043,445.11941110000043,446.0196823999995,v,0,0.8989367000012862,None,,,,,Participant 1 ,001,2025-10-02_15h24.18.561,Motor Sequence Learning Bhumika Bajaj AU2320057,,2025.1.1,119.01134892075834,2025-10-02 15h24.35.313320 +0530,
-50,x,176,0,44,v,0,0.14607470000009926,None,44,0,176,0,,,,,446.02718040000036,,446.020031,447.02230770000097,447.02230770000097,447.02230770000097,447.02230770000097,447.02230770000097,448.03727980000076,448.03727980000076,448.03727980000076,448.1880523,v,0,0.14607470000009926,None,,,,,Participant 1 ,001,2025-10-02_15h24.18.561,Motor Sequence Learning Bhumika Bajaj AU2320057,,2025.1.1,119.01134892075834,2025-10-02 15h24.35.313320 +0530,
150,v,177,1,44,c,0,0.3369851000006747,None,44,1,177,1,,,,,448.2026084000008,,448.1883994,449.18741580000096,449.18741580000096,449.18741580000096,449.18741580000096,449.18741580000096,450.18756249999933,450.18756249999933,450.18756249999933,450.5381096000001,c,0,0.3369851000006747,None,,,,,Participant 1 ,001,2025-10-02_15h24.18.561,Motor Sequence Learning Bhumika Bajaj AU2320057,,2025.1.1,119.01134892075834,2025-10-02 15h24.35.313320 +0530,
50,c,178,2,44,z,0,0.9454224000000977,None,44,2,178,2,,,,,450.5530211000005,,450.5387088999996,451.53491869999925,451.53491869999925,451.53491869999925,451.53491869999925,451.53491869999925,452.5436169000004,452.5436169000004,452.5436169000004,453.4944109999997,z,0,0.9454224000000977,None,,,,,Participant 1 ,001,2025-10-02_15h24.18.561,Motor Sequence Learning Bhumika Bajaj AU2320057,,2025.1.1,119.01134892075834,2025-10-02 15h24.35.313320 +0530,
-150,z,179,3,44,z,1,0.09887990000061109,None,44,3,179,3,,,,,453.51063609999983,,453.4947852000005,454.49358159999974,454.49358159999974,454.49358159999974,454.49358159999974,454.49358159999974,455.4937680000003,455.4937680000003,455.4937680000003,455.5942562,z,1,0.09887990000061109,None,,,,,Participant 1 ,001,2025-10-02_15h24.18.561,Motor Sequence Learning Bhumika Bajaj AU2320057,,2025.1.1,119.01134892075834,2025-10-02 15h24.35.313320 +0530,
-50,x,180,0,45,z,0,0.28843310000047495,None,45,0,180,0,,,,,455.61013620000085,,455.59458690000065,456.59396320000087,456.59396320000087,456.59396320000087,456.59396320000087,456.59396320000087,457.59336670000084,457.59336670000084,457.59336670000084,457.8946651999995,z,0,0.28843310000047495,None,,,,,Participant 1 ,001,2025-10-02_15h24.18.561,Motor Sequence Learning Bhumika Bajaj AU2320057,,2025.1.1,119.01134892075834,2025-10-02 15h24.35.313320 +0530,
150,v,181,1,45,z,0,0.1376684999995632,None,45,1,181,1,,,,,457.9105620999999,,457.89501890000065,458.9104944999999,458.9104944999999,458.9104944999999,458.9104944999999,458.9104944999999,459.91086800000085,459.91086800000085,459.91086800000085,460.0606652000006,z,0,0.1376684999995632,None,,,,,Participant 1 ,001,2025-10-02_15h24.18.561,Motor Sequence Learning Bhumika Bajaj AU2320057,,2025.1.1,119.01134892075834,2025-10-02 15h24.35.313320 +0530,
50,c,182,2,45,z,0,0.7030278999991424,None,45,2,182,2,,,,,460.07714189999933,,460.0611305000002,461.0611341999993,461.0611341999993,461.0611341999993,461.0611341999993,461.0611341999993,462.06021359999977,462.06021359999977,462.06021359999977,462.7772339000003,z,0,0.7030278999991424,None,,,,,Participant 1 ,001,2025-10-02_15h24.18.561,Motor Sequence Learning Bhumika Bajaj AU2320057,,2025.1.1,119.01134892075834,2025-10-02 15h24.35.313320 +0530,
-150,z,183,3,45,x,0,0.028971499999897787,None,45,3,183,3,,,,,462.7934473000005,,462.7776455000003,463.77669570000035,463.77669570000035,463.77669570000035,463.77669570000035,463.77669570000035,464.77714279999964,464.77714279999964,464.77714279999964,464.81061580000096,x,0,0.028971499999897787,None,,,,,Participant 1 ,001,2025-10-02_15h24.18.561,Motor Sequence Learning Bhumika Bajaj AU2320057,,2025.1.1,119.01134892075834,2025-10-02 15h24.35.313320 +0530,
-50,x,184,0,46,x,1,1.0940436000000773,None,46,0,184,0,,,,,464.8269498000009,,464.81094680000024,465.81124029999955,465.81124029999955,465.81124029999955,465.81124029999955,465.81124029999955,466.9269421000008,466.9269421000008,466.9269421000008,468.02854300000035,x,1,1.0940436000000773,None,,,,,Participant 1 ,001,2025-10-02_15h24.18.561,Motor Sequence Learning Bhumika Bajaj AU2320057,,2025.1.1,119.01134892075834,2025-10-02 15h24.35.313320 +0530,
150,v,185,1,46,v,1,0.69879310000033,None,46,1,185,1,,,,,468.04441869999937,,468.02912859999924,469.0360249999994,469.0360249999994,469.0360249999994,469.0360249999994,469.0360249999994,470.0454128000001,470.0281003,470.0281003,470.7294572999999,v,1,0.69879310000033,None,,,,,Participant 1 ,001,2025-10-02_15h24.18.561,Motor Sequence Learning Bhumika Bajaj AU2320057,,2025.1.1,119.01134892075834,2025-10-02 15h24.35.313320 +0530,
50,c,186,2,46,v,0,1.1866174999995565,None,46,2,186,2,,,,,470.74430799999936,,470.72998910000024,471.7284961000005,471.7284961000005,471.7284961000005,471.7284961000005,471.7284961000005,472.7324941000006,472.7324941000006,472.7324941000006,473.9224130999992,v,0,1.1866174999995565,None,,,,,Participant 1 ,001,2025-10-02_15h24.18.561,Motor Sequence Learning Bhumika Bajaj AU2320057,,2025.1.1,119.01134892075834,2025-10-02 15h24.35.313320 +0530,
-150,z,187,3,46,z,1,0.4870790999993915,None,46,3,187,3,,,,,473.9378930999992,,473.9229212000009,474.9386620000005,474.9386620000005,474.9386620000005,474.9386620000005,474.9386620000005,475.93900399999984,475.93900399999984,475.93900399999984,476.43939639999917,z,1,0.4870790999993915,None,,,,,Participant 1 ,001,2025-10-02_15h24.18.561,Motor Sequence Learning Bhumika Bajaj AU2320057,,2025.1.1,119.01134892075834,2025-10-02 15h24.35.313320 +0530,
-50,x,188,0,47,c,0,0.2371566999991046,None,47,0,188,0,,,,,476.4547445999997,,476.4399125,477.43846959999973,477.43846959999973,477.43846959999973,477.43846959999973,477.43846959999973,478.43802069999947,478.45403369999985,478.45403369999985,478.7053238999997,c,0,0.2371566999991046,None,,,,,Participant 1 ,001,2025-10-02_15h24.18.561,Motor Sequence Learning Bhumika Bajaj AU2320057,,2025.1.1,119.01134892075834,2025-10-02 15h24.35.313320 +0530,
150,v,189,1,47,x,0,0.10961779999888677,None,47,1,189,1,,,,,478.7199008000007,,478.70576640000036,479.7042390000006,479.7042390000006,479.7042390000006,479.7042390000006,479.7042390000006,480.7045871999999,480.7045871999999,480.7045871999999,480.8192698999992,x,0,0.10961779999888677,None,,,,,Participant 1 ,001,2025-10-02_15h24.18.561,Motor Sequence Learning Bhumika Bajaj AU2320057,,2025.1.1,119.01134892075834,2025-10-02 15h24.35.313320 +0530,
50,c,190,2,47,z,0,0.5680783999996493,None,47,2,190,2,,,,,480.8374254999999,,480.81967389999954,481.8211831000008,481.8211831000008,481.8211831000008,481.8211831000008,481.8211831000008,482.8184287999993,482.8184287999993,482.8184287999993,483.39000789999955,z,0,0.5680783999996493,None,,,,,Participant 1 ,001,2025-10-02_15h24.18.561,Motor Sequence Learning Bhumika Bajaj AU2320057,,2025.1.1,119.01134892075834,2025-10-02 15h24.35.313320 +0530,
-150,z,191,3,47,x,0,0.18282770000041637,None,47,3,191,3,,,,,483.40437530000054,,483.3906005000008,484.39114060000065,484.39114060000065,484.39114060000065,484.39114060000065,484.39114060000065,485.4048634999999,485.4048634999999,485.4048634999999,485.58918260000064,x,0,0.18282770000041637,None,,,,,Participant 1 ,001,2025-10-02_15h24.18.561,Motor Sequence Learning Bhumika Bajaj AU2320057,,2025.1.1,119.01134892075834,2025-10-02 15h24.35.313320 +0530,
-50,x,192,0,48,z,0,0.3308321000004071,None,48,0,192,0,,,,,485.6051184000007,,485.58958990000065,486.58538450000015,486.58538450000015,486.58538450000015,486.58538450000015,486.58538450000015,487.58812410000064,487.60444409999945,487.60444409999945,487.9381491000004,z,0,0.3308321000004071,None,,,,,Participant 1 ,001,2025-10-02_15h24.18.561,Motor Sequence Learning Bhumika Bajaj AU2320057,,2025.1.1,119.01134892075834,2025-10-02 15h24.35.313320 +0530,
150,v,193,1,48,z,0,0.3755784999993921,None,48,1,193,1,,,,,487.9529244999994,,487.93869749999976,488.95312809999996,488.95312809999996,488.95312809999996,488.95312809999996,488.95312809999996,489.9541174999995,489.9358816999993,489.9358816999993,490.31975840000086,z,0,0.3755784999993921,None,,,,,Participant 1 ,001,2025-10-02_15h24.18.561,Motor Sequence Learning Bhumika Bajaj AU2320057,,2025.1.1,119.01134892075834,2025-10-02 15h24.35.313320 +0530,
50,c,194,2,48,z,0,0.023377599998639198,None,48,2,194,2,,,,,490.3357262999998,,490.3202973000007,491.32144399999925,491.32144399999925,491.32144399999925,491.32144399999925,491.32144399999925,492.32082140000057,492.32082140000057,492.32082140000057,492.3549636000007,z,0,0.023377599998639198,None,,,,,Participant 1 ,001,2025-10-02_15h24.18.561,Motor Sequence Learning Bhumika Bajaj AU2320057,,2025.1.1,119.01134892075834,2025-10-02 15h24.35.313320 +0530,
-150,z,195,3,48,z,1,0.08272109999961685,None,48,3,195,3,,,,,492.37128049999956,,492.3554989000004,493.35489679999955,493.35489679999955,493.35489679999955,493.35489679999955,493.35489679999955,494.36944179999955,494.36944179999955,494.36944179999955,494.4528255999994,z,1,0.08272109999961685,None,,,,,Participant 1 ,001,2025-10-02_15h24.18.561,Motor Sequence Learning Bhumika Bajaj AU2320057,,2025.1.1,119.01134892075834,2025-10-02 15h24.35.313320 +0530,
-50,x,196,0,49,z,0,0.1932217000012315,None,49,0,196,0,,,,,494.46851029999925,,494.45329859999947,495.4552275999995,495.4552275999995,495.4552275999995,495.4552275999995,495.4552275999995,496.4707887000004,496.4540684000003,496.4540684000003,496.6544739000001,z,0,0.1932217000012315,None,,,,,Participant 1 ,001,2025-10-02_15h24.18.561,Motor Sequence Learning Bhumika Bajaj AU2320057,,2025.1.1,119.01134892075834,2025-10-02 15h24.35.313320 +0530,
150,v,197,1,49,z,0,0.42557339999984833,None,49,1,197,1,,,,,496.67074160000084,,496.6551638000001,497.6545686999998,497.6545686999998,497.6545686999998,497.6545686999998,497.6545686999998,498.6679903000004,498.6679903000004,498.6679903000004,499.0942890999995,z,0,0.42557339999984833,None,,,,,Participant 1 ,001,2025-10-02_15h24.18.561,Motor Sequence Learning Bhumika Bajaj AU2320057,,2025.1.1,119.01134892075834,2025-10-02 15h24.35.313320 +0530,
50,c,198,2,49,v,0,0.4961705999994592,None,49,2,198,2,,,,,499.10251980000066,,499.0949206999994,500.09580860000096,500.09580860000096,500.09580860000096,500.09580860000096,500.09580860000096,501.09595459999946,501.09595459999946,501.09595459999946,501.5968255000007,v,0,0.4961705999994592,None,,,,,Participant 1 ,001,2025-10-02_15h24.18.561,Motor Sequence Learning Bhumika Bajaj AU2320057,,2025.1.1,119.01134892075834,2025-10-02 15h24.35.313320 +0530,
-150,z,199,3,49,v,0,0.16735010000047623,None,49,3,199,3,,,,,501.6119617000004,,501.5973510999993,502.6124051000006,502.6124051000006,502.6124051000006,502.6124051000006,502.6124051000006,503.61314590000075,503.61314590000075,503.61314590000075,503.7969264000003,v,0,0.16735010000047623,None,,,,,Participant 1 ,001,2025-10-02_15h24.18.561,Motor Sequence Learning Bhumika Bajaj AU2320057,,2025.1.1,119.01134892075834,2025-10-02 15h24.35.313320 +0530,
150,v,0,0,0,v,1,0.3167467999992368,None,,,,,0,0,0,1,503.8271029999996,,503.81235860000015,504.81290640000043,504.81290640000043,504.81290640000043,504.81290640000043,504.81290640000043,505.8124437999995,505.8124437999995,505.8124437999995,506.1397054000008,,,,,v,1,0.3167467999992368,None,Participant 1 ,001,2025-10-02_15h24.18.561,Motor Sequence Learning Bhumika Bajaj AU2320057,,2025.1.1,119.01134892075834,2025-10-02 15h24.35.313320 +0530,
-150,z,1,1,0,v,0,0.16481019999991986,None,,,,,0,1,1,3,506.1524719000008,,506.1403957000002,507.1541493000004,507.1541493000004,507.1541493000004,507.1541493000004,507.1541493000004,508.1538008000007,508.1538008000007,508.1538008000007,508.3208556999998,,,,,v,0,0.16481019999991986,None,Participant 1 ,001,2025-10-02_15h24.18.561,Motor Sequence Learning Bhumika Bajaj AU2320057,,2025.1.1,119.01134892075834,2025-10-02 15h24.35.313320 +0530,
-50,x,2,2,0,c,0,0.15876989999924263,None,,,,,0,2,2,0,508.3375479000006,,508.3212251999994,509.3207781000001,509.3207781000001,509.3207781000001,509.3207781000001,509.3207781000001,510.3211563999994,510.3211563999994,510.3211563999994,510.4884667000006,,,,,c,0,0.15876989999924263,None,Participant 1 ,001,2025-10-02_15h24.18.561,Motor Sequence Learning Bhumika Bajaj AU2320057,,2025.1.1,119.01134892075834,2025-10-02 15h24.35.313320 +0530,
-50,x,3,3,1,x,1,0.2324650999998994,None,,,,,1,3,3,0,510.5040513999993,,510.4889846999995,511.4954782999994,511.4954782999994,511.4954782999994,511.4954782999994,511.4954782999994,512.4925963999995,512.4854990999993,512.4854990999993,512.7183435999996,,,,,x,1,0.2324650999998994,None,Participant 1 ,001,2025-10-02_15h24.18.561,Motor Sequence Learning Bhumika Bajaj AU2320057,,2025.1.1,119.01134892075834,2025-10-02 15h24.35.313320 +0530,
-150,z,4,4,1,c,0,0.21918369999912102,None,,,,,1,4,4,3,512.7263898000001,,512.7188160999995,513.7204457000007,513.7204457000007,513.7204457000007,513.7204457000007,513.7204457000007,514.7284173000007,514.7284173000007,514.7284173000007,514.9621793000006,,,,,c,0,0.21918369999912102,None,Participant 1 ,001,2025-10-02_15h24.18.561,Motor Sequence Learning Bhumika Bajaj AU2320057,,2025.1.1,119.01134892075834,2025-10-02 15h24.35.313320 +0530,
-150,z,5,5,2,z,1,0.14974330000040936,None,,,,,2,5,5,3,514.9784710000004,,514.9626126000003,515.9794849000009,515.9794849000009,515.9794849000009,515.9794849000009,515.9794849000009,516.9796370000004,516.9796370000004,516.9796370000004,517.1319948,,,,,z,1,0.14974330000040936,None,Participant 1 ,001,2025-10-02_15h24.18.561,Motor Sequence Learning Bhumika Bajaj AU2320057,,2025.1.1,119.01134892075834,2025-10-02 15h24.35.313320 +0530,
150,v,6,6,1,x,0,0.31557040000006964,None,,,,,1,6,6,1,517.1455791000008,,517.1325195000009,518.1434083999993,518.1434083999993,518.1434083999993,518.1434083999993,518.1434083999993,519.1432320000004,519.1432320000004,519.1432320000004,519.4631162000005,,,,,x,0,0.31557040000006964,None,Participant 1 ,001,2025-10-02_15h24.18.561,Motor Sequence Learning Bhumika Bajaj AU2320057,,2025.1.1,119.01134892075834,2025-10-02 15h24.35.313320 +0530,
150,v,7,7,2,z,0,0.24379740000040329,None,,,,,2,7,7,1,519.4789246,,519.4635648999993,520.4773652999993,520.4773652999993,520.4773652999993,520.4773652999993,520.4773652999993,521.4785155999998,521.4785155999998,521.4785155999998,521.7279758000004,,,,,z,0,0.24379740000040329,None,Participant 1 ,001,2025-10-02_15h24.18.561,Motor Sequence Learning Bhumika Bajaj AU2320057,,2025.1.1,119.01134892075834,2025-10-02 15h24.35.313320 +0530,
150,v,8,8,3,x,0,0.22478830000000016,None,,,,,3,8,8,1,521.7436512000004,,521.7285233000002,522.7286817000004,522.7286817000004,522.7286817000004,522.7286817000004,522.7286817000004,523.7284684999995,523.7284684999995,523.7284684999995,523.9630376000005,,,,,x,0,0.22478830000000016,None,Participant 1 ,001,2025-10-02_15h24.18.561,Motor Sequence Learning Bhumika Bajaj AU2320057,,2025.1.1,119.01134892075834,2025-10-02 15h24.35.313320 +0530,
50,c,9,9,0,x,0,0.46150069999930565,None,,,,,0,9,9,2,523.9783475000004,,523.9634821,524.9789142999998,524.9789142999998,524.9789142999998,524.9789142999998,524.9789142999998,525.9784801999995,525.9623219000005,525.9623219000005,526.4301321000003,,,,,x,0,0.46150069999930565,None,Participant 1 ,001,2025-10-02_15h24.18.561,Motor Sequence Learning Bhumika Bajaj AU2320057,,2025.1.1,119.01134892075834,2025-10-02 15h24.35.313320 +0530,
-150,z,10,10,3,x,0,0.16737259999899834,None,,,,,3,10,10,3,526.4459208999997,,526.4306765000001,527.4451122999999,527.4451122999999,527.4451122999999,527.4451122999999,527.4451122999999,528.4451991999995,528.4451991999995,528.4451991999995,528.6145176999999,,,,,x,0,0.16737259999899834,None,Participant 1 ,001,2025-10-02_15h24.18.561,Motor Sequence Learning Bhumika Bajaj AU2320057,,2025.1.1,119.01134892075834,2025-10-02 15h24.35.313320 +0530,
-50,x,11,11,2,x,1,0.06116440000005241,None,,,,,2,11,11,0,528.6291060000003,,528.6150390000003,529.6296614000003,529.6296614000003,529.6296614000003,529.6296614000003,529.6296614000003,530.6292658000002,530.6292658000002,530.6292658000002,530.6973340999994,,,,,x,1,0.06116440000005241,None,Participant 1 ,001,2025-10-02_15h24.18.561,Motor Sequence Learning Bhumika Bajaj AU2320057,,2025.1.1,119.01134892075834,2025-10-02 15h24.35.313320 +0530,
150,v,12,12,4,c,0,0.40211989999988873,None,,,,,4,12,12,1,530.7124939000005,,530.6978550000003,531.7096992999996,531.7096992999996,531.7096992999996,531.7096992999996,531.7096992999996,532.7130465000009,532.7130465000009,532.7130465000009,533.1297694999994,,,,,c,0,0.40211989999988873,None,Participant 1 ,001,2025-10-02_15h24.18.561,Motor Sequence Learning Bhumika Bajaj AU2320057,,2025.1.1,119.01134892075834,2025-10-02 15h24.35.313320 +0530,
50,c,13,13,1,z,0,0.08117889999994077,None,,,,,1,13,13,2,533.1455129999995,,533.1303186000005,534.1360141999994,534.1360141999994,534.1360141999994,534.1360141999994,534.1360141999994,535.1366868999994,535.1366868999994,535.1366868999994,535.2220945000008,,,,,z,0,0.08117889999994077,None,Participant 1 ,001,2025-10-02_15h24.18.561,Motor Sequence Learning Bhumika Bajaj AU2320057,,2025.1.1,119.01134892075834,2025-10-02 15h24.35.313320 +0530,
50,c,14,14,2,v,0,0.33260620000146446,None,,,,,2,14,14,2,535.2367415999997,,535.2226633000009,536.2379619999992,536.2379619999992,536.2379619999992,536.2379619999992,536.2379619999992,537.2371115999995,537.2213931999995,537.2213931999995,537.5709186000004,,,,,v,0,0.33260620000146446,None,Participant 1 ,001,2025-10-02_15h24.18.561,Motor Sequence Learning Bhumika Bajaj AU2320057,,2025.1.1,119.01134892075834,2025-10-02 15h24.35.313320 +0530,
-50,x,15,15,3,z,0,0.3331756999996287,None,,,,,3,15,15,0,537.5875828000007,,537.5714559999997,538.5697927000001,538.5697927000001,538.5697927000001,538.5697927000001,538.5697927000001,539.5698534000003,539.5698534000003,539.5698534000003,539.9063573999993,,,,,z,0,0.3331756999996287,None,Participant 1 ,001,2025-10-02_15h24.18.561,Motor Sequence Learning Bhumika Bajaj AU2320057,,2025.1.1,119.01134892075834,2025-10-02 15h24.35.313320 +0530,
-50,x,16,16,4,c,0,0.23424250000061875,None,,,,,4,16,16,0,539.9204178,,539.9070857999995,540.9185665000005,540.9185665000005,540.9185665000005,540.9185665000005,540.9185665000005,541.9209016000004,541.9209016000004,541.9209016000004,542.1724742999995,,,,,c,0,0.23424250000061875,None,Participant 1 ,001,2025-10-02_15h24.18.561,Motor Sequence Learning Bhumika Bajaj AU2320057,,2025.1.1,119.01134892075834,2025-10-02 15h24.35.313320 +0530,
-50,x,17,17,5,c,0,0.3108954999988782,None,,,,,5,17,17,0,542.1873331999996,,542.1729954999992,543.1852079,543.1852079,543.1852079,543.1852079,543.1852079,544.1867474999999,544.1867474999999,544.1867474999999,544.5043301000005,,,,,c,0,0.3108954999988782,None,Participant 1 ,001,2025-10-02_15h24.18.561,Motor Sequence Learning Bhumika Bajaj AU2320057,,2025.1.1,119.01134892075834,2025-10-02 15h24.35.313320 +0530,
50,c,18,18,3,c,1,0.4087696999995387,None,,,,,3,18,18,2,544.5208629999997,,544.5048726999994,545.5019967999997,545.5019967999997,545.5019967999997,545.5019967999997,545.5019967999997,546.4932418999997,546.5006635000009,546.5006635000009,546.9105767000001,,,,,c,1,0.4087696999995387,None,Participant 1 ,001,2025-10-02_15h24.18.561,Motor Sequence Learning Bhumika Bajaj AU2320057,,2025.1.1,119.01134892075834,2025-10-02 15h24.35.313320 +0530,
-50,x,19,19,6,x,1,0.5855368000011367,None,,,,,6,19,19,0,546.9185878999997,,546.9111881999997,547.9013462000003,547.9013462000003,547.9013462000003,547.9013462000003,547.9013462000003,548.8928429999996,548.9097693000003,548.9097693000003,549.5022664999997,,,,,x,1,0.5855368000011367,None,Participant 1 ,001,2025-10-02_15h24.18.561,Motor Sequence Learning Bhumika Bajaj AU2320057,,2025.1.1,119.01134892075834,2025-10-02 15h24.35.313320 +0530,
-50,x,20,20,7,x,1,0.564925000000585,None,,,,,7,20,20,0,549.5101938000007,,549.5026424000007,550.4933323999994,550.4933323999994,550.4933323999994,550.4933323999994,550.4933323999994,551.4844226999994,551.5010827999995,551.5010827999995,552.0686127999998,,,,,x,1,0.564925000000585,None,Participant 1 ,001,2025-10-02_15h24.18.561,Motor Sequence Learning Bhumika Bajaj AU2320057,,2025.1.1,119.01134892075834,2025-10-02 15h24.35.313320 +0530,
-50,x,21,21,8,c,0,0.7869728000005125,None,,,,,8,21,21,0,552.0769144000005,,552.0690486999993,553.0701165999999,553.0701165999999,553.0701165999999,553.0701165999999,553.0701165999999,554.0682923999993,554.0598296000007,554.0598296000007,554.8550319999995,,,,,c,0,0.7869728000005125,None,Participant 1 ,001,2025-10-02_15h24.18.561,Motor Sequence Learning Bhumika Bajaj AU2320057,,2025.1.1,119.01134892075834,2025-10-02 15h24.35.313320 +0530,
150,v,22,22,5,x,0,0.12130949999846052,None,,,,,5,22,22,1,554.870210000001,,554.8555598000003,555.8675094000009,555.8675094000009,555.8675094000009,555.8675094000009,555.8675094000009,556.8701424999999,556.8701424999999,556.8701424999999,557.0051132000008,,,,,x,0,0.12130949999846052,None,Participant 1 ,001,2025-10-02_15h24.18.561,Motor Sequence Learning Bhumika Bajaj AU2320057,,2025.1.1,119.01134892075834,2025-10-02 15h24.35.313320 +0530,
150,v,23,23,6,x,0,0.3367664999987028,None,,,,,6,23,23,1,557.0205074999994,,557.0056442999994,558.0019429999993,558.0019429999993,558.0019429999993,558.0019429999993,558.0019429999993,559.0033046999997,559.0213366999997,559.0213366999997,559.3686261999992,,,,,x,0,0.3367664999987028,None,Participant 1 ,001,2025-10-02_15h24.18.561,Motor Sequence Learning Bhumika Bajaj AU2320057,,2025.1.1,119.01134892075834,2025-10-02 15h24.35.313320 +0530,
-50,x,24,24,9,x,1,0.2299964000012551,None,,,,,9,24,24,0,559.3878229000002,,559.3690294999997,560.3715640999999,560.3715640999999,560.3715640999999,560.3715640999999,560.3715640999999,561.3869261,561.3705081000007,561.3705081000007,561.6048680000004,,,,,x,1,0.2299964000012551,None,Participant 1 ,001,2025-10-02_15h24.18.561,Motor Sequence Learning Bhumika Bajaj AU2320057,,2025.1.1,119.01134892075834,2025-10-02 15h24.35.313320 +0530,
150,v,25,25,7,x,0,0.223163000000568,None,,,,,7,25,25,1,561.6204316999992,,561.6053794,562.6207572000003,562.6207572000003,562.6207572000003,562.6207572000003,562.6207572000003,563.6203208000006,563.6203208000006,563.6203208000006,563.8526942999997,,,,,x,0,0.223163000000568,None,Participant 1 ,001,2025-10-02_15h24.18.561,Motor Sequence Learning Bhumika Bajaj AU2320057,,2025.1.1,119.01134892075834,2025-10-02 15h24.35.313320 +0530,
150,v,26,26,8,x,0,0.36550439999882656,None,,,,,8,26,26,1,563.8699539000008,,563.8532216999993,564.8527185000003,564.8527185000003,564.8527185000003,564.8527185000003,564.8527185000003,565.8679692000005,565.8679692000005,565.8679692000005,566.2373367,,,,,x,0,0.36550439999882656,None,Participant 1 ,001,2025-10-02_15h24.18.561,Motor Sequence Learning Bhumika Bajaj AU2320057,,2025.1.1,119.01134892075834,2025-10-02 15h24.35.313320 +0530,
-50,x,27,27,10,x,1,0.7658507999985886,None,,,,,10,27,27,0,566.2531799000008,,566.2378783000004,567.2367068000003,567.2367068000003,567.2367068000003,567.2367068000003,567.2367068000003,568.2375830000001,568.253451300001,568.253451300001,569.0198151999994,,,,,x,1,0.7658507999985886,None,Participant 1 ,001,2025-10-02_15h24.18.561,Motor Sequence Learning Bhumika Bajaj AU2320057,,2025.1.1,119.01134892075834,2025-10-02 15h24.35.313320 +0530,
-50,x,28,28,11,x,1,0.37473810000119556,None,,,,,11,28,28,0,569.0335044999993,,569.0203148,570.0369969000003,570.0369969000003,570.0369969000003,570.0369969000003,570.0369969000003,571.0368438000005,571.0210564999998,571.0210564999998,571.4057288999993,,,,,x,1,0.37473810000119556,None,Participant 1 ,001,2025-10-02_15h24.18.561,Motor Sequence Learning Bhumika Bajaj AU2320057,,2025.1.1,119.01134892075834,2025-10-02 15h24.35.313320 +0530,
-150,z,29,29,4,x,0,0.06503720000000612,None,,,,,4,29,29,3,571.4180888999999,,571.4065852000003,572.4199661999992,572.4199661999992,572.4199661999992,572.4199661999992,572.4199661999992,573.4342603999994,573.4184810999996,573.4184810999996,573.4856039999995,,,,,x,0,0.06503720000000612,None,Participant 1 ,001,2025-10-02_15h24.18.561,Motor Sequence Learning Bhumika Bajaj AU2320057,,2025.1.1,119.01134892075834,2025-10-02 15h24.35.313320 +0530,
-150,z,30,30,5,x,0,0.43482630000107747,None,,,,,5,30,30,3,573.5018201999992,,573.4862002999998,574.4874084999992,574.4874084999992,574.4874084999992,574.4874084999992,574.4874084999992,575.4842334999994,575.4842334999994,575.4842334999994,575.9264309999999,,,,,x,0,0.43482630000107747,None,Participant 1 ,001,2025-10-02_15h24.18.561,Motor Sequence Learning Bhumika Bajaj AU2320057,,2025.1.1,119.01134892075834,2025-10-02 15h24.35.313320 +0530,
-150,z,31,31,6,c,0,0.7911374999985128,None,,,,,6,31,31,3,575.9344019,,575.9268346999997,576.9367929,576.9367929,576.9367929,576.9367929,576.9367929,577.9358059999995,577.9358059999995,577.9358059999995,578.7439417999994,,,,,c,0,0.7911374999985128,None,Participant 1 ,001,2025-10-02_15h24.18.561,Motor Sequence Learning Bhumika Bajaj AU2320057,,2025.1.1,119.01134892075834,2025-10-02 15h24.35.313320 +0530,
150,v,32,32,9,x,0,1.601535600000716,None,,,,,9,32,32,1,578.7505689999998,,578.7443887999998,579.7536325000001,579.7536325000001,579.7536325000001,579.7536325000001,579.7536325000001,580.7532289999999,580.7532289999999,580.7532289999999,582.3706320000001,,,,,x,0,1.601535600000716,None,Participant 1 ,001,2025-10-02_15h24.18.561,Motor Sequence Learning Bhumika Bajaj AU2320057,,2025.1.1,119.01134892075834,2025-10-02 15h24.35.313320 +0530,
-150,z,33,33,7,v,0,0.30108860000109416,None,,,,,7,33,33,3,582.3864522000003,,582.3711879000002,583.3706445000007,583.3706445000007,583.3706445000007,583.3706445000007,583.3706445000007,584.3704319999997,584.3704319999997,584.3704319999997,584.6878068999995,,,,,v,0,0.30108860000109416,None,Participant 1 ,001,2025-10-02_15h24.18.561,Motor Sequence Learning Bhumika Bajaj AU2320057,,2025.1.1,119.01134892075834,2025-10-02 15h24.35.313320 +0530,
-150,z,34,34,8,x,0,0.21442580000075395,None,,,,,8,34,34,3,584.7035027000002,,584.6883615000006,585.6902283,585.6902283,585.6902283,585.6902283,585.6902283,586.7039987000007,586.6870237999992,586.6870237999992,586.9040248000001,,,,,x,0,0.21442580000075395,None,Participant 1 ,001,2025-10-02_15h24.18.561,Motor Sequence Learning Bhumika Bajaj AU2320057,,2025.1.1,119.01134892075834,2025-10-02 15h24.35.313320 +0530,
150,v,35,35,10,c,0,0.3189669999992475,None,,,,,10,35,35,1,586.9206888000008,,586.9045846000008,587.9040347999999,587.9040347999999,587.9040347999999,587.9040347999999,587.9040347999999,588.9035108999997,588.9035108999997,588.9035108999997,589.2375799000001,,,,,c,0,0.3189669999992475,None,Participant 1 ,001,2025-10-02_15h24.18.561,Motor Sequence Learning Bhumika Bajaj AU2320057,,2025.1.1,119.01134892075834,2025-10-02 15h24.35.313320 +0530,
50,c,36,36,4,c,1,0.8997963000001619,None,,,,,4,36,36,2,589.2534868999992,,589.2381378000009,590.2362902999994,590.2362902999994,590.2362902999994,590.2362902999994,590.2362902999994,591.2514843999998,591.2514843999998,591.2514843999998,592.1517733000001,,,,,c,1,0.8997963000001619,None,Participant 1 ,001,2025-10-02_15h24.18.561,Motor Sequence Learning Bhumika Bajaj AU2320057,,2025.1.1,119.01134892075834,2025-10-02 15h24.35.313320 +0530,
150,v,37,37,11,v,1,0.7578309000000445,None,,,,,11,37,37,1,592.1671170000009,,592.1521522999992,593.1629389999998,593.1629389999998,593.1629389999998,593.1629389999998,593.1629389999998,594.1772892999998,594.1620569000006,594.1620569000006,594.9208435,,,,,v,1,0.7578309000000445,None,Participant 1 ,001,2025-10-02_15h24.18.561,Motor Sequence Learning Bhumika Bajaj AU2320057,,2025.1.1,119.01134892075834,2025-10-02 15h24.35.313320 +0530,
50,c,38,38,5,c,1,0.5619234000005235,None,,,,,5,38,38,2,594.9368384999998,,594.9213880999996,595.9230518000004,595.9230518000004,595.9230518000004,595.9230518000004,595.9230518000004,596.9372949000008,596.9199472,596.9199472,597.4869517999996,,,,,c,1,0.5619234000005235,None,Participant 1 ,001,2025-10-02_15h24.18.561,Motor Sequence Learning Bhumika Bajaj AU2320057,,2025.1.1,119.01134892075834,2025-10-02 15h24.35.313320 +0530,
50,c,39,39,6,c,1,0.6598974999997154,None,,,,,6,39,39,2,597.5031839999992,,597.4874916000008,598.4906109000003,598.4906109000003,598.4906109000003,598.4906109000003,598.4906109000003,599.4897407000008,599.4897407000008,599.4897407000008,600.1547652999998,,,,,c,1,0.6598974999997154,None,Participant 1 ,001,2025-10-02_15h24.18.561,Motor Sequence Learning Bhumika Bajaj AU2320057,,2025.1.1,119.01134892075834,2025-10-02 15h24.35.313320 +0530,
50,c,40,40,7,c,1,0.4089635000000271,None,,,,,7,40,40,2,600.1698563000009,,600.1552883999993,601.1564476999993,601.1564476999993,601.1564476999993,601.1564476999993,601.1564476999993,602.1701646000001,602.1701646000001,602.1701646000001,602.5875496000008,,,,,c,1,0.4089635000000271,None,Participant 1 ,001,2025-10-02_15h24.18.561,Motor Sequence Learning Bhumika Bajaj AU2320057,,2025.1.1,119.01134892075834,2025-10-02 15h24.35.313320 +0530,
-50,x,41,41,12,x,1,0.5731069000012212,None,,,,,12,41,41,0,602.6034899999995,,602.5880570000008,603.590309700001,603.590309700001,603.590309700001,603.590309700001,603.590309700001,604.5900973999996,604.5900973999996,604.5900973999996,605.1700349999992,,,,,x,1,0.5731069000012212,None,Participant 1 ,001,2025-10-02_15h24.18.561,Motor Sequence Learning Bhumika Bajaj AU2320057,,2025.1.1,119.01134892075834,2025-10-02 15h24.35.313320 +0530,
50,c,42,42,8,c,1,0.33951150000029884,None,,,,,8,42,42,2,605.1871757999997,,605.1706603000002,606.1696816999993,606.1696816999993,606.1696816999993,606.1696816999993,606.1696816999993,607.1693928999994,607.1693928999994,607.1693928999994,607.5208856000008,,,,,c,1,0.33951150000029884,None,Participant 1 ,001,2025-10-02_15h24.18.561,Motor Sequence Learning Bhumika Bajaj AU2320057,,2025.1.1,119.01134892075834,2025-10-02 15h24.35.313320 +0530,
-150,z,43,43,9,x,0,0.32796260000031907,None,,,,,9,43,43,3,607.5366814000008,,607.5214027000002,608.5197946000008,608.5197946000008,608.5197946000008,608.5197946000008,608.5197946000008,609.5206983999997,609.5206983999997,609.5206983999997,609.8538012999998,,,,,x,0,0.32796260000031907,None,Participant 1 ,001,2025-10-02_15h24.18.561,Motor Sequence Learning Bhumika Bajaj AU2320057,,2025.1.1,119.01134892075834,2025-10-02 15h24.35.313320 +0530,
50,c,44,44,9,v,0,1.2017166999994515,None,,,,,9,44,44,2,609.8703100000002,,609.8543343000001,610.8536251000005,610.8536251000005,610.8536251000005,610.8536251000005,610.8536251000005,611.8532503999995,611.8532503999995,611.8532503999995,613.0713347000001,,,,,v,0,1.2017166999994515,None,Participant 1 ,001,2025-10-02_15h24.18.561,Motor Sequence Learning Bhumika Bajaj AU2320057,,2025.1.1,119.01134892075834,2025-10-02 15h24.35.313320 +0530,
150,v,45,45,12,c,0,0.6502987999992911,None,,,,,12,45,45,1,613.0864320000001,,613.0718586999992,614.0863391000003,614.0863391000003,614.0863391000003,614.0863391000003,614.0863391000003,615.0865092999993,615.0865092999993,615.0865092999993,615.7374180999996,,,,,c,0,0.6502987999992911,None,Participant 1 ,001,2025-10-02_15h24.18.561,Motor Sequence Learning Bhumika Bajaj AU2320057,,2025.1.1,119.01134892075834,2025-10-02 15h24.35.313320 +0530,
-50,x,46,46,13,x,1,0.3601633000016591,None,,,,,13,46,46,0,615.7531937999993,,615.7379407999997,616.7397342999993,616.7397342999993,616.7397342999993,616.7397342999993,616.7397342999993,617.7529073999995,617.7529073999995,617.7529073999995,618.1203284000003,,,,,x,1,0.3601633000016591,None,Participant 1 ,001,2025-10-02_15h24.18.561,Motor Sequence Learning Bhumika Bajaj AU2320057,,2025.1.1,119.01134892075834,2025-10-02 15h24.35.313320 +0530,
-150,z,47,47,10,x,0,0.5776990000013029,None,,,,,10,47,47,3,618.1365532,,618.1208416999998,619.1198523999992,619.1198523999992,619.1198523999992,619.1198523999992,619.1198523999992,620.1232550000004,620.1232550000004,620.1232550000004,620.7044557000008,,,,,x,0,0.5776990000013029,None,Participant 1 ,001,2025-10-02_15h24.18.561,Motor Sequence Learning Bhumika Bajaj AU2320057,,2025.1.1,119.01134892075834,2025-10-02 15h24.35.313320 +0530,
-50,x,48,48,14,c,0,1.0429485000004206,None,,,,,14,48,48,0,620.7197639999995,,620.7050381999998,621.7234521000009,621.7234521000009,621.7234521000009,621.7234521000009,621.7234521000009,622.7201218999999,622.7075968000008,622.7075968000008,623.7537759999996,,,,,c,0,1.0429485000004206,None,Participant 1 ,001,2025-10-02_15h24.18.561,Motor Sequence Learning Bhumika Bajaj AU2320057,,2025.1.1,119.01134892075834,2025-10-02 15h24.35.313320 +0530,
-150,z,49,49,11,v,0,0.31389260000105423,None,,,,,11,49,49,3,623.7694126000006,,623.7543327000003,624.7695696999999,624.7695696999999,624.7695696999999,624.7695696999999,624.7695696999999,625.7684733000006,625.7684733000006,625.7684733000006,626.0870565000005,,,,,v,0,0.31389260000105423,None,Participant 1 ,001,2025-10-02_15h24.18.561,Motor Sequence Learning Bhumika Bajaj AU2320057,,2025.1.1,119.01134892075834,2025-10-02 15h24.35.313320 +0530,
-50,x,50,50,15,z,0,0.300110100000893,None,,,,,15,50,50,0,626.1015399000007,,626.0874351000002,627.0840399999997,627.0840399999997,627.0840399999997,627.0840399999997,627.0840399999997,628.0943611000002,628.0943611000002,628.0943611000002,628.3960729999999,,,,,z,0,0.300110100000893,None,Participant 1 ,001,2025-10-02_15h24.18.561,Motor Sequence Learning Bhumika Bajaj AU2320057,,2025.1.1,119.01134892075834,2025-10-02 15h24.35.313320 +0530,
-150,z,51,51,12,z,1,0.12404849999984435,None,,,,,12,51,51,3,628.4117439000001,,628.3968755000005,629.4113531999992,629.4113531999992,629.4113531999992,629.4113531999992,629.4113531999992,630.4259397000005,630.4103775000003,630.4103775000003,630.5430056999994,,,,,z,1,0.12404849999984435,None,Participant 1 ,001,2025-10-02_15h24.18.561,Motor Sequence Learning Bhumika Bajaj AU2320057,,2025.1.1,119.01134892075834,2025-10-02 15h24.35.313320 +0530,
-150,z,52,52,13,z,1,0.18361209999966377,None,,,,,13,52,52,3,630.5600565999994,,630.5435042999998,631.5442936,631.5442936,631.5442936,631.5442936,631.5442936,632.5449227999998,632.5449227999998,632.5449227999998,632.7450724999999,,,,,z,1,0.18361209999966377,None,Participant 1 ,001,2025-10-02_15h24.18.561,Motor Sequence Learning Bhumika Bajaj AU2320057,,2025.1.1,119.01134892075834,2025-10-02 15h24.35.313320 +0530,
-50,x,53,53,16,z,0,0.027283999999781372,None,,,,,16,53,53,0,632.7617002999996,,632.7455986000004,633.7481958999997,633.7481958999997,633.7481958999997,633.7481958999997,633.7481958999997,634.7604554999998,634.7604554999998,634.7604554999998,634.7957253999994,,,,,z,0,0.027283999999781372,None,Participant 1 ,001,2025-10-02_15h24.18.561,Motor Sequence Learning Bhumika Bajaj AU2320057,,2025.1.1,119.01134892075834,2025-10-02 15h24.35.313320 +0530,
-150,z,54,54,14,v,0,0.9469789000013407,None,,,,,14,54,54,3,634.8116057000007,,634.7961061000005,635.7948376000004,635.7948376000004,635.7948376000004,635.7948376000004,635.7948376000004,636.8005579000001,636.8005579000001,636.8005579000001,637.7533648999997,,,,,v,0,0.9469789000013407,None,Participant 1 ,001,2025-10-02_15h24.18.561,Motor Sequence Learning Bhumika Bajaj AU2320057,,2025.1.1,119.01134892075834,2025-10-02 15h24.35.313320 +0530,
150,v,55,55,13,z,0,0.2433579999997164,None,,,,,13,55,55,1,637.7695764,,637.7539133000009,638.7691955999999,638.7691955999999,638.7691955999999,638.7691955999999,638.7691955999999,639.7863226000009,639.7671714000007,639.7671714000007,640.0181002000008,,,,,z,0,0.2433579999997164,None,Participant 1 ,001,2025-10-02_15h24.18.561,Motor Sequence Learning Bhumika Bajaj AU2320057,,2025.1.1,119.01134892075834,2025-10-02 15h24.35.313320 +0530,
-50,x,56,56,17,z,0,0.46162140000160434,None,,,,,17,56,56,0,640.0337703999994,,640.0187332999994,641.0191292,641.0191292,641.0191292,641.0191292,641.0191292,642.0194742000003,642.0194742000003,642.0194742000003,642.4866230999996,,,,,z,0,0.46162140000160434,None,Participant 1 ,001,2025-10-02_15h24.18.561,Motor Sequence Learning Bhumika Bajaj AU2320057,,2025.1.1,119.01134892075834,2025-10-02 15h24.35.313320 +0530,
-50,x,57,57,18,v,0,0.5426511999994545,None,,,,,18,57,57,0,642.5039794999993,,642.4871445000008,643.4867398000006,643.4867398000006,643.4867398000006,643.4867398000006,643.4867398000006,644.4867348999996,644.4867348999996,644.4867348999996,645.0374303999997,,,,,v,0,0.5426511999994545,None,Participant 1 ,001,2025-10-02_15h24.18.561,Motor Sequence Learning Bhumika Bajaj AU2320057,,2025.1.1,119.01134892075834,2025-10-02 15h24.35.313320 +0530,
-50,x,58,58,19,x,1,0.2783815000002505,None,,,,,19,58,58,0,645.0528795999999,,645.0379460999993,646.0504103000003,646.0504103000003,646.0504103000003,646.0504103000003,646.0504103000003,647.0526943999994,647.0357499000002,647.0357499000002,647.3195814999999,,,,,x,1,0.2783815000002505,None,Participant 1 ,001,2025-10-02_15h24.18.561,Motor Sequence Learning Bhumika Bajaj AU2320057,,2025.1.1,119.01134892075834,2025-10-02 15h24.35.313320 +0530,
-50,x,59,59,20,x,1,0.684972299999572,None,,,,,20,59,59,0,647.3335330999998,,647.3203518000009,648.3191041000009,648.3191041000009,648.3191041000009,648.3191041000009,648.3191041000009,649.3200653999993,649.3200653999993,649.3200653999993,650.0201336999999,,,,,x,1,0.684972299999572,None,Participant 1 ,001,2025-10-02_15h24.18.561,Motor Sequence Learning Bhumika Bajaj AU2320057,,2025.1.1,119.01134892075834,2025-10-02 15h24.35.313320 +0530,
-50,x,60,60,21,x,1,0.5631671000010101,None,,,,,21,60,60,0,650.0360189000003,,650.0204746,651.0169217999992,651.0169217999992,651.0169217999992,651.0169217999992,651.0169217999992,652.0082179000001,652.0173675999995,652.0173675999995,652.5836674000002,,,,,x,1,0.5631671000010101,None,Participant 1 ,001,2025-10-02_15h24.18.561,Motor Sequence Learning Bhumika Bajaj AU2320057,,2025.1.1,119.01134892075834,2025-10-02 15h24.35.313320 +0530,
150,v,61,61,14,x,0,0.06156379999993078,None,,,,,14,61,61,1,652.5917616999996,,652.5840317000002,653.5862761000008,653.5862761000008,653.5862761000008,653.5862761000008,653.5862761000008,654.5860121999995,654.5860121999995,654.5860121999995,654.6531632000006,,,,,x,0,0.06156379999993078,None,Participant 1 ,001,2025-10-02_15h24.18.561,Motor Sequence Learning Bhumika Bajaj AU2320057,,2025.1.1,119.01134892075834,2025-10-02 15h24.35.313320 +0530,
50,c,62,62,10,c,1,0.047827399999732734,None,,,,,10,62,62,2,654.6699546,,654.6537071000002,655.6527255000001,655.6527255000001,655.6527255000001,655.6527255000001,655.6527255000001,656.6529492000009,656.6529492000009,656.6529492000009,656.7018623000004,,,,,c,1,0.047827399999732734,None,Participant 1 ,001,2025-10-02_15h24.18.561,Motor Sequence Learning Bhumika Bajaj AU2320057,,2025.1.1,119.01134892075834,2025-10-02 15h24.35.313320 +0530,
-50,x,63,63,22,x,1,0.8026294999999664,None,,,,,22,63,63,0,656.7163364999997,,656.7022584999995,657.7120176000008,657.7120176000008,657.7120176000008,657.7120176000008,657.7120176000008,658.7194731,658.7033910999999,658.7033910999999,659.5211940000008,,,,,x,1,0.8026294999999664,None,Participant 1 ,001,2025-10-02_15h24.18.561,Motor Sequence Learning Bhumika Bajaj AU2320057,,2025.1.1,119.01134892075834,2025-10-02 15h24.35.313320 +0530,
-150,z,64,64,15,x,0,0.1490721999998641,None,,,,,15,64,64,3,659.5361092000003,,659.5217279000008,660.5354953999995,660.5354953999995,660.5354953999995,660.5354953999995,660.5354953999995,661.5368495999992,661.5368495999992,661.5368495999992,661.6882038999993,,,,,x,0,0.1490721999998641,None,Participant 1 ,001,2025-10-02_15h24.18.561,Motor Sequence Learning Bhumika Bajaj AU2320057,,2025.1.1,119.01134892075834,2025-10-02 15h24.35.313320 +0530,
50,c,65,65,11,c,1,0.3919500000010885,None,,,,,11,65,65,2,661.7029321999999,,661.6892277000006,662.7025405999993,662.7025405999993,662.7025405999993,662.7025405999993,662.7025405999993,663.7023066000002,663.7023066000002,663.7023066000002,664.1010982000007,,,,,c,1,0.3919500000010885,None,Participant 1 ,001,2025-10-02_15h24.18.561,Motor Sequence Learning Bhumika Bajaj AU2320057,,2025.1.1,119.01134892075834,2025-10-02 15h24.35.313320 +0530,
-150,z,66,66,16,x,0,0.1839087999996991,None,,,,,16,66,66,3,664.1087380000008,,664.1016880000006,665.1035666999996,665.1035666999996,665.1035666999996,665.1035666999996,665.1035666999996,666.1169890000001,666.1001772,666.1001772,666.2871025999993,,,,,x,0,0.1839087999996991,None,Participant 1 ,001,2025-10-02_15h24.18.561,Motor Sequence Learning Bhumika Bajaj AU2320057,,2025.1.1,119.01134892075834,2025-10-02 15h24.35.313320 +0530,
50,c,67,67,12,v,0,0.722801800000525,None,,,,,12,67,67,2,666.3021707000007,,666.2876366,667.3029477,667.3029477,667.3029477,667.3029477,667.3029477,668.3054408999997,668.2888767999993,668.2888767999993,669.0171009000005,,,,,v,0,0.722801800000525,None,Participant 1 ,001,2025-10-02_15h24.18.561,Motor Sequence Learning Bhumika Bajaj AU2320057,,2025.1.1,119.01134892075834,2025-10-02 15h24.35.313320 +0530,
-50,x,68,68,23,z,0,0.670911299999716,None,,,,,23,68,68,0,669.0334545000005,,669.0176066999993,670.0231958000004,670.0231958000004,670.0231958000004,670.0231958000004,670.0231958000004,671.0358452,671.0194143999997,671.0194143999997,671.6933126999993,,,,,z,0,0.670911299999716,None,Participant 1 ,001,2025-10-02_15h24.18.561,Motor Sequence Learning Bhumika Bajaj AU2320057,,2025.1.1,119.01134892075834,2025-10-02 15h24.35.313320 +0530,
50,c,69,69,13,c,1,0.6542380999999295,None,,,,,13,69,69,2,671.7063581999992,,671.6942725000008,672.7030290000002,672.7030290000002,672.7030290000002,672.7030290000002,672.7030290000002,673.7025622000001,673.7025622000001,673.7025622000001,674.3701732000009,,,,,c,1,0.6542380999999295,None,Participant 1 ,001,2025-10-02_15h24.18.561,Motor Sequence Learning Bhumika Bajaj AU2320057,,2025.1.1,119.01134892075834,2025-10-02 15h24.35.313320 +0530,
-50,x,70,70,24,z,0,0.49786390000008396,None,,,,,24,70,70,0,674.3858701999998,,674.3706877999994,675.3863156999996,675.3863156999996,675.3863156999996,675.3863156999996,675.3863156999996,676.3865588000008,676.3688655999995,676.3688655999995,676.8694235999992,,,,,z,0,0.49786390000008396,None,Participant 1 ,001,2025-10-02_15h24.18.561,Motor Sequence Learning Bhumika Bajaj AU2320057,,2025.1.1,119.01134892075834,2025-10-02 15h24.35.313320 +0530,
150,v,71,71,15,v,1,0.15354589999878954,None,,,,,15,71,71,1,676.8853913999992,,676.8699844999992,677.8689496000006,677.8689496000006,677.8689496000006,677.8689496000006,677.8689496000006,678.8688975000005,678.8688975000005,678.8688975000005,679.0367717000008,,,,,v,1,0.15354589999878954,None,Participant 1 ,001,2025-10-02_15h24.18.561,Motor Sequence Learning Bhumika Bajaj AU2320057,,2025.1.1,119.01134892075834,2025-10-02 15h24.35.313320 +0530,
50,c,72,72,14,v,0,1.721116599999732,None,,,,,14,72,72,2,679.0526907999993,,679.0373190000009,680.0522172000001,680.0522172000001,680.0522172000001,680.0522172000001,680.0522172000001,681.0557382999996,681.0393941999992,681.0393941999992,682.7694675000002,,,,,v,0,1.721116599999732,None,Participant 1 ,001,2025-10-02_15h24.18.561,Motor Sequence Learning Bhumika Bajaj AU2320057,,2025.1.1,119.01134892075834,2025-10-02 15h24.35.313320 +0530,
-50,x,73,73,25,x,1,0.5803906000001007,None,,,,,25,73,73,0,682.7854088000004,,682.7699869999997,683.7686716999997,683.7686716999997,683.7686716999997,683.7686716999997,683.7686716999997,684.7670933999998,684.7836905000004,684.7836905000004,685.3691749000009,,,,,x,1,0.5803906000001007,None,Participant 1 ,001,2025-10-02_15h24.18.561,Motor Sequence Learning Bhumika Bajaj AU2320057,,2025.1.1,119.01134892075834,2025-10-02 15h24.35.313320 +0530,
150,v,74,74,16,v,1,0.5238272000005963,None,,,,,16,74,74,1,685.3854384999995,,685.3697210999999,686.3689474000003,686.3689474000003,686.3689474000003,686.3689474000003,686.3689474000003,687.3694914000007,687.3694914000007,687.3694914000007,687.9031857000009,,,,,v,1,0.5238272000005963,None,Participant 1 ,001,2025-10-02_15h24.18.561,Motor Sequence Learning Bhumika Bajaj AU2320057,,2025.1.1,119.01134892075834,2025-10-02 15h24.35.313320 +0530,
50,c,75,75,15,x,0,0.9084081000000879,None,,,,,15,75,75,2,687.9188604999999,,687.9037133000002,688.9033994000001,688.9033994000001,688.9033994000001,688.9033994000001,688.9033994000001,689.9191504999999,689.9191504999999,689.9191504999999,690.8364280000005,,,,,x,0,0.9084081000000879,None,Participant 1 ,001,2025-10-02_15h24.18.561,Motor Sequence Learning Bhumika Bajaj AU2320057,,2025.1.1,119.01134892075834,2025-10-02 15h24.35.313320 +0530,
-50,x,76,76,26,x,1,0.3779986999998073,None,,,,,26,76,76,0,690.8521777000005,,690.8369561,691.8389463999993,691.8389463999993,691.8389463999993,691.8389463999993,691.8389463999993,692.8525461999998,692.8360931999996,692.8360931999996,693.2192058,,,,,x,1,0.3779986999998073,None,Participant 1 ,001,2025-10-02_15h24.18.561,Motor Sequence Learning Bhumika Bajaj AU2320057,,2025.1.1,119.01134892075834,2025-10-02 15h24.35.313320 +0530,
-150,z,77,77,17,x,0,0.11258049999923969,None,,,,,17,77,77,3,693.2354876000009,,693.2197300999997,694.2188941999993,694.2188941999993,694.2188941999993,694.2188941999993,694.2188941999993,695.2190553,695.2190553,695.2190553,695.3364349000003,,,,,x,0,0.11258049999923969,None,Participant 1 ,001,2025-10-02_15h24.18.561,Motor Sequence Learning Bhumika Bajaj AU2320057,,2025.1.1,119.01134892075834,2025-10-02 15h24.35.313320 +0530,
-150,z,78,78,18,z,1,0.7507040000000416,None,,,,,18,78,78,3,695.3522109000005,,695.3369798999993,696.3523518000002,696.3523518000002,696.3523518000002,696.3523518000002,696.3523518000002,697.3525611999994,697.3360823000003,697.3360823000003,698.0889771000002,,,,,z,1,0.7507040000000416,None,Participant 1 ,001,2025-10-02_15h24.18.561,Motor Sequence Learning Bhumika Bajaj AU2320057,,2025.1.1,119.01134892075834,2025-10-02 15h24.35.313320 +0530,
-150,z,79,79,19,z,1,0.4335014999996929,None,,,,,19,79,79,3,698.1022594000005,,698.0894936000004,699.1010119999992,699.1010119999992,699.1010119999992,699.1010119999992,699.1010119999992,700.1050610000002,700.0861230999999,700.0861230999999,700.5367253000004,,,,,z,1,0.4335014999996929,None,Participant 1 ,001,2025-10-02_15h24.18.561,Motor Sequence Learning Bhumika Bajaj AU2320057,,2025.1.1,119.01134892075834,2025-10-02 15h24.35.313320 +0530,
-50,x,80,80,27,x,1,0.663137600000482,None,,,,,27,80,80,0,700.5525945999998,,700.5372532000001,701.5379936999998,701.5379936999998,701.5379936999998,701.5379936999998,701.5379936999998,702.5525065000002,702.5359487000005,702.5359487000005,703.2030978999992,,,,,x,1,0.663137600000482,None,Participant 1 ,001,2025-10-02_15h24.18.561,Motor Sequence Learning Bhumika Bajaj AU2320057,,2025.1.1,119.01134892075834,2025-10-02 15h24.35.313320 +0530,
50,c,81,81,16,c,1,0.4735923999996885,None,,,,,16,81,81,2,703.2189997000005,,703.2036375000007,704.2021855000003,704.2021855000003,704.2021855000003,704.2021855000003,704.2021855000003,705.2022990999994,705.2022990999994,705.2022990999994,705.6855343999996,,,,,c,1,0.4735923999996885,None,Participant 1 ,001,2025-10-02_15h24.18.561,Motor Sequence Learning Bhumika Bajaj AU2320057,,2025.1.1,119.01134892075834,2025-10-02 15h24.35.313320 +0530,
-150,z,82,82,20,z,1,0.4803689000000304,None,,,,,20,82,82,3,705.7005224999994,,705.6860508000009,706.6858138999996,706.6858138999996,706.6858138999996,706.6858138999996,706.6858138999996,707.6855711999997,707.6855711999997,707.6855711999997,708.1740291999995,,,,,z,1,0.4803689000000304,None,Participant 1 ,001,2025-10-02_15h24.18.561,Motor Sequence Learning Bhumika Bajaj AU2320057,,2025.1.1,119.01134892075834,2025-10-02 15h24.35.313320 +0530,
50,c,83,83,17,c,1,0.343752200000381,None,,,,,17,83,83,2,708.1879599999993,,708.1750577000003,709.1868670000003,709.1868670000003,709.1868670000003,709.1868670000003,709.1868670000003,710.1856974000002,710.1856974000002,710.1856974000002,710.5343451000008,,,,,c,1,0.343752200000381,None,Participant 1 ,001,2025-10-02_15h24.18.561,Motor Sequence Learning Bhumika Bajaj AU2320057,,2025.1.1,119.01134892075834,2025-10-02 15h24.35.313320 +0530,
-50,x,84,84,28,x,1,0.8781894000003376,None,,,,,28,84,84,0,710.5499667999993,,710.5349814000001,711.5357411000005,711.5357411000005,711.5357411000005,711.5357411000005,711.5357411000005,712.5357292000008,712.5357292000008,712.5357292000008,713.4198644000007,,,,,x,1,0.8781894000003376,None,Participant 1 ,001,2025-10-02_15h24.18.561,Motor Sequence Learning Bhumika Bajaj AU2320057,,2025.1.1,119.01134892075834,2025-10-02 15h24.35.313320 +0530,
150,v,85,85,17,v,1,0.8132344000005105,None,,,,,17,85,85,1,713.4354705000005,,713.420411000001,714.4189088000003,714.4189088000003,714.4189088000003,714.4189088000003,714.4189088000003,715.4190171999999,715.4356210000005,715.4356210000005,716.2536414000006,,,,,v,1,0.8132344000005105,None,Participant 1 ,001,2025-10-02_15h24.18.561,Motor Sequence Learning Bhumika Bajaj AU2320057,,2025.1.1,119.01134892075834,2025-10-02 15h24.35.313320 +0530,
-150,z,86,86,21,z,1,0.3479525000002468,None,,,,,21,86,86,3,716.2687219,,716.2541631999993,717.2665899999993,717.2665899999993,717.2665899999993,717.2665899999993,717.2665899999993,718.2721763000009,718.2552644999996,718.2552644999996,718.6079571999999,,,,,z,1,0.3479525000002468,None,Participant 1 ,001,2025-10-02_15h24.18.561,Motor Sequence Learning Bhumika Bajaj AU2320057,,2025.1.1,119.01134892075834,2025-10-02 15h24.35.313320 +0530,
-50,x,87,87,29,x,1,0.7229408999992302,None,,,,,29,87,87,0,718.6223883999992,,718.6088543999995,719.6224395000008,719.6224395000008,719.6224395000008,719.6224395000008,719.6224395000008,720.6354709000007,720.619545900001,720.619545900001,721.3533748999998,,,,,x,1,0.7229408999992302,None,Participant 1 ,001,2025-10-02_15h24.18.561,Motor Sequence Learning Bhumika Bajaj AU2320057,,2025.1.1,119.01134892075834,2025-10-02 15h24.35.313320 +0530,
-50,x,88,88,30,c,0,0.9028957999998966,None,,,,,30,88,88,0,721.3701772999993,,721.3539290999997,722.3552025000008,722.3552025000008,722.3552025000008,722.3552025000008,722.3552025000008,723.3700915000009,723.3700915000009,723.3700915000009,724.287617,,,,,c,0,0.9028957999998966,None,Participant 1 ,001,2025-10-02_15h24.18.561,Motor Sequence Learning Bhumika Bajaj AU2320057,,2025.1.1,119.01134892075834,2025-10-02 15h24.35.313320 +0530,
-150,z,89,89,22,c,0,0.17788999999902444,None,,,,,22,89,89,3,724.3046486999992,,724.2881402000003,725.2887143000007,725.2887143000007,725.2887143000007,725.2887143000007,725.2887143000007,726.302764600001,726.302764600001,726.302764600001,726.4861741999994,,,,,c,0,0.17788999999902444,None,Participant 1 ,001,2025-10-02_15h24.18.561,Motor Sequence Learning Bhumika Bajaj AU2320057,,2025.1.1,119.01134892075834,2025-10-02 15h24.35.313320 +0530,
50,c,90,90,18,v,0,0.8051510000004782,None,,,,,18,90,90,2,726.5024207999995,,726.4867023000006,727.5017719999996,727.5017719999996,727.5017719999996,727.5017719999996,727.5017719999996,728.5048908000008,728.4884614999992,728.4884614999992,729.3074801999992,,,,,v,0,0.8051510000004782,None,Participant 1 ,001,2025-10-02_15h24.18.561,Motor Sequence Learning Bhumika Bajaj AU2320057,,2025.1.1,119.01134892075834,2025-10-02 15h24.35.313320 +0530,
-50,x,91,91,31,c,0,0.26129349999973783,None,,,,,31,91,91,0,729.3215173999997,,729.3084818999996,730.3216534000003,730.3216534000003,730.3216534000003,730.3216534000003,730.3216534000003,731.3351653000009,731.3188969999992,731.3188969999992,731.5859455000009,,,,,c,0,0.26129349999973783,None,Participant 1 ,001,2025-10-02_15h24.18.561,Motor Sequence Learning Bhumika Bajaj AU2320057,,2025.1.1,119.01134892075834,2025-10-02 15h24.35.313320 +0530,
-150,z,92,92,23,x,0,0.047050600000147824,None,,,,,23,92,92,3,731.6015896999997,,731.5864681000003,732.5884143000003,732.5884143000003,732.5884143000003,732.5884143000003,732.5884143000003,733.5897655999997,733.5897655999997,733.5897655999997,733.6418193999998,,,,,x,0,0.047050600000147824,None,Participant 1 ,001,2025-10-02_15h24.18.561,Motor Sequence Learning Bhumika Bajaj AU2320057,,2025.1.1,119.01134892075834,2025-10-02 15h24.35.313320 +0530,
150,v,93,93,18,c,0,0.2886889000001247,None,,,,,18,93,93,1,733.6546428000001,,733.6426804999992,734.6554140999997,734.6554140999997,734.6554140999997,734.6554140999997,734.6554140999997,735.6553889999996,735.6553889999996,735.6553889999996,735.9556704999995,,,,,c,0,0.2886889000001247,None,Participant 1 ,001,2025-10-02_15h24.18.561,Motor Sequence Learning Bhumika Bajaj AU2320057,,2025.1.1,119.01134892075834,2025-10-02 15h24.35.313320 +0530,
50,c,94,94,19,c,1,0.17374310000013793,None,,,,,19,94,94,2,735.9706038999993,,735.9565473000002,736.9680355,736.9680355,736.9680355,736.9680355,736.9680355,737.9685752999994,737.9685752999994,737.9685752999994,738.1526556000008,,,,,c,1,0.17374310000013793,None,Participant 1 ,001,2025-10-02_15h24.18.561,Motor Sequence Learning Bhumika Bajaj AU2320057,,2025.1.1,119.01134892075834,2025-10-02 15h24.35.313320 +0530,
-150,z,95,95,24,v,0,0.504829499999687,None,,,,,24,95,95,3,738.1684397000008,,738.1536183000007,739.1557711000005,739.1557711000005,739.1557711000005,739.1557711000005,739.1557711000005,740.1687786999992,740.1518448999996,740.1518448999996,740.6691559999999,,,,,v,0,0.504829499999687,None,Participant 1 ,001,2025-10-02_15h24.18.561,Motor Sequence Learning Bhumika Bajaj AU2320057,,2025.1.1,119.01134892075834,2025-10-02 15h24.35.313320 +0530,
50,c,96,96,20,v,0,0.23236089999954856,None,,,,,20,96,96,2,740.6850990000003,,740.6698840999998,741.6679373000006,741.6679373000006,741.6679373000006,741.6679373000006,741.6679373000006,742.6688491000004,742.6688491000004,742.6688491000004,742.9036147000006,,,,,v,0,0.23236089999954856,None,Participant 1 ,001,2025-10-02_15h24.18.561,Motor Sequence Learning Bhumika Bajaj AU2320057,,2025.1.1,119.01134892075834,2025-10-02 15h24.35.313320 +0530,
-50,x,97,97,32,c,0,0.7556203000003734,None,,,,,32,97,97,0,742.9186037,,742.9041390999992,743.9054403000009,743.9054403000009,743.9054403000009,743.9054403000009,743.9054403000009,744.9183327999999,744.9183327999999,744.9183327999999,745.6865531999993,,,,,c,0,0.7556203000003734,None,Participant 1 ,001,2025-10-02_15h24.18.561,Motor Sequence Learning Bhumika Bajaj AU2320057,,2025.1.1,119.01134892075834,2025-10-02 15h24.35.313320 +0530,
-150,z,98,98,25,v,0,0.4488717000003817,None,,,,,25,98,98,3,745.7016535999992,,745.6871002000007,746.7018594000001,746.7018594000001,746.7018594000001,746.7018594000001,746.7018594000001,747.7022115,747.6852636000003,747.6852636000003,748.1367463999995,,,,,v,0,0.4488717000003817,None,Participant 1 ,001,2025-10-02_15h24.18.561,Motor Sequence Learning Bhumika Bajaj AU2320057,,2025.1.1,119.01134892075834,2025-10-02 15h24.35.313320 +0530,
150,v,99,99,19,z,0,0.8429489999998623,None,,,,,19,99,99,1,748.1518085999996,,748.1372771999995,749.1512438000009,749.1512438000009,749.1512438000009,749.1512438000009,749.1512438000009,750.1514213999999,750.1514213999999,750.1514213999999,750.9996823000001,,,,,z,0,0.8429489999998623,None,Participant 1 ,001,2025-10-02_15h24.18.561,Motor Sequence Learning Bhumika Bajaj AU2320057,,2025.1.1,119.01134892075834,2025-10-02 15h24.35.313320 +0530,
-150,z,100,100,26,c,0,0.09251430000040273,None,,,,,26,100,100,3,751.0155863,,751.0000911999996,752.0154586000008,752.0154586000008,752.0154586000008,752.0154586000008,752.0154586000008,753.0155254000001,752.9987650000003,752.9987650000003,753.0992846000008,,,,,c,0,0.09251430000040273,None,Participant 1 ,001,2025-10-02_15h24.18.561,Motor Sequence Learning Bhumika Bajaj AU2320057,,2025.1.1,119.01134892075834,2025-10-02 15h24.35.313320 +0530,
150,v,101,101,20,c,0,1.048497399999178,None,,,,,20,101,101,1,753.1158885000004,,753.0998653000006,754.0985646999998,754.0985646999998,754.0985646999998,754.0985646999998,754.0985646999998,755.0988250000009,755.0988250000009,755.0988250000009,756.1498042999992,,,,,c,0,1.048497399999178,None,Participant 1 ,001,2025-10-02_15h24.18.561,Motor Sequence Learning Bhumika Bajaj AU2320057,,2025.1.1,119.01134892075834,2025-10-02 15h24.35.313320 +0530,
50,c,102,102,21,c,1,0.8592567000014242,None,,,,,21,102,102,2,756.1654957999999,,756.1501836999996,757.1651861000009,757.1651861000009,757.1651861000009,757.1651861000009,757.1651861000009,758.1659952999998,758.1659952999998,758.1659952999998,759.0473696000008,,,,,c,1,0.8592567000014242,None,Participant 1 ,001,2025-10-02_15h24.18.561,Motor Sequence Learning Bhumika Bajaj AU2320057,,2025.1.1,119.01134892075834,2025-10-02 15h24.35.313320 +0530,
150,v,103,103,21,c,0,0.407461400000102,None,,,,,21,103,103,1,759.0675537000006,,759.0486450999997,760.0494450000006,760.0494450000006,760.0494450000006,760.0494450000006,760.0494450000006,761.0488710000009,761.0488710000009,761.0488710000009,761.4656407999992,,,,,c,0,0.407461400000102,None,Participant 1 ,001,2025-10-02_15h24.18.561,Motor Sequence Learning Bhumika Bajaj AU2320057,,2025.1.1,119.01134892075834,2025-10-02 15h24.35.313320 +0530,
-150,z,104,104,27,c,0,0.09113879999858909,None,,,,,27,104,104,3,761.482195300001,,761.4661422999998,762.4655660000008,762.4655660000008,762.4655660000008,762.4655660000008,762.4655660000008,763.4658402999994,763.4658402999994,763.4658402999994,763.5661220000002,,,,,c,0,0.09113879999858909,None,Participant 1 ,001,2025-10-02_15h24.18.561,Motor Sequence Learning Bhumika Bajaj AU2320057,,2025.1.1,119.01134892075834,2025-10-02 15h24.35.313320 +0530,
50,c,105,105,22,c,1,0.23518869999861636,None,,,,,22,105,105,2,763.5826373,,763.5665423999999,764.5656092000008,764.5656092000008,764.5656092000008,764.5656092000008,764.5656092000008,765.5660320999996,765.5660320999996,765.5660320999996,765.8168134999996,,,,,c,1,0.23518869999861636,None,Participant 1 ,001,2025-10-02_15h24.18.561,Motor Sequence Learning Bhumika Bajaj AU2320057,,2025.1.1,119.01134892075834,2025-10-02 15h24.35.313320 +0530,
150,v,106,106,22,c,0,0.027034400000047754,None,,,,,22,106,106,1,765.8332298000005,,765.8173807000003,766.8164975,766.8164975,766.8164975,766.8164975,766.8164975,767.8162706000003,767.8332888999994,767.8332888999994,767.8671040000008,,,,,c,0,0.027034400000047754,None,Participant 1 ,001,2025-10-02_15h24.18.561,Motor Sequence Learning Bhumika Bajaj AU2320057,,2025.1.1,119.01134892075834,2025-10-02 15h24.35.313320 +0530,
-150,z,107,107,28,z,1,0.47207220000018424,None,,,,,28,107,107,3,767.8831363000008,,767.8676775000004,768.8823195000004,768.8823195000004,768.8823195000004,768.8823195000004,768.8823195000004,769.8824311000008,769.8824311000008,769.8824311000008,770.3661456999998,,,,,z,1,0.47207220000018424,None,Participant 1 ,001,2025-10-02_15h24.18.561,Motor Sequence Learning Bhumika Bajaj AU2320057,,2025.1.1,119.01134892075834,2025-10-02 15h24.35.313320 +0530,
50,c,108,108,23,v,0,2.2048145000007935,None,,,,,23,108,108,2,770.3822259999997,,770.3666573999999,771.3654704,771.3654704,771.3654704,771.3654704,771.3654704,772.3655564000001,772.3655564000001,772.3655564000001,774.5828442000002,,,,,v,0,2.2048145000007935,None,Participant 1 ,001,2025-10-02_15h24.18.561,Motor Sequence Learning Bhumika Bajaj AU2320057,,2025.1.1,119.01134892075834,2025-10-02 15h24.35.313320 +0530,
150,v,109,109,23,v,1,2.236649899999975,None,,,,,23,109,109,1,774.5988092000007,,774.5833722000007,775.5820602000003,775.5820602000003,775.5820602000003,775.5820602000003,775.5820602000003,776.5821364999993,776.5821364999993,776.5821364999993,778.832630500001,,,,,v,1,2.236649899999975,None,Participant 1 ,001,2025-10-02_15h24.18.561,Motor Sequence Learning Bhumika Bajaj AU2320057,,2025.1.1,119.01134892075834,2025-10-02 15h24.35.313320 +0530,
-150,z,110,110,29,c,0,0.3281416999998328,None,,,,,29,110,110,3,778.8489174999995,,778.8331441999999,779.8320612999996,779.8320612999996,779.8320612999996,779.8320612999996,779.8320612999996,780.8321493000003,780.8321493000003,780.8321493000003,781.166142600001,,,,,c,0,0.3281416999998328,None,Participant 1 ,001,2025-10-02_15h24.18.561,Motor Sequence Learning Bhumika Bajaj AU2320057,,2025.1.1,119.01134892075834,2025-10-02 15h24.35.313320 +0530,
50,c,111,111,24,z,0,0.28656620000037947,None,,,,,24,111,111,2,781.1821510000009,,781.1666865999996,782.1655401000007,782.1655401000007,782.1655401000007,782.1655401000007,782.1655401000007,783.1654383000005,783.1654383000005,783.1654383000005,783.4664386000004,,,,,z,0,0.28656620000037947,None,Participant 1 ,001,2025-10-02_15h24.18.561,Motor Sequence Learning Bhumika Bajaj AU2320057,,2025.1.1,119.01134892075834,2025-10-02 15h24.35.313320 +0530,
150,v,112,112,24,z,0,0.42031429999951797,None,,,,,24,112,112,1,783.4831854000004,,783.4669338000003,784.4850205000002,784.4850205000002,784.4850205000002,784.4850205000002,784.4850205000002,785.4847250999992,785.4681696999996,785.4681696999996,785.9024472000001,,,,,z,0,0.42031429999951797,None,Participant 1 ,001,2025-10-02_15h24.18.561,Motor Sequence Learning Bhumika Bajaj AU2320057,,2025.1.1,119.01134892075834,2025-10-02 15h24.35.313320 +0530,
-50,x,113,113,33,v,0,1.683075299999473,None,,,,,33,113,113,0,785.9177584999998,,785.9029926999992,786.9027010999998,786.9027010999998,786.9027010999998,786.9027010999998,786.9027010999998,787.9181841999998,787.9181841999998,787.9181841999998,789.6163725999995,,,,,v,0,1.683075299999473,None,Participant 1 ,001,2025-10-02_15h24.18.561,Motor Sequence Learning Bhumika Bajaj AU2320057,,2025.1.1,119.01134892075834,2025-10-02 15h24.35.313320 +0530,
150,v,114,114,25,z,0,1.1363456999988557,None,,,,,25,114,114,1,789.6323424000002,,789.6169351000008,790.6359890000003,790.6359890000003,790.6359890000003,790.6359890000003,790.6359890000003,791.6356689999993,791.6187327000007,791.6187327000007,792.7692604000003,,,,,z,0,1.1363456999988557,None,Participant 1 ,001,2025-10-02_15h24.18.561,Motor Sequence Learning Bhumika Bajaj AU2320057,,2025.1.1,119.01134892075834,2025-10-02 15h24.35.313320 +0530,
150,v,115,115,26,z,0,0.3024088000001939,None,,,,,26,115,115,1,792.7852877999994,,792.7696926000008,793.7710413999994,793.7710413999994,793.7710413999994,793.7710413999994,793.7710413999994,794.7680574999995,794.7680574999995,794.7680574999995,795.0868334999996,,,,,z,0,0.3024088000001939,None,Participant 1 ,001,2025-10-02_15h24.18.561,Motor Sequence Learning Bhumika Bajaj AU2320057,,2025.1.1,119.01134892075834,2025-10-02 15h24.35.313320 +0530,
50,c,116,116,25,v,0,0.06125909999900614,None,,,,,25,116,116,2,795.1021361000003,,795.0873833999995,796.0989537999994,796.0989537999994,796.0989537999994,796.0989537999994,796.0989537999994,797.0986800999999,797.0986800999999,797.0986800999999,797.1660410999993,,,,,v,0,0.06125909999900614,None,Participant 1 ,001,2025-10-02_15h24.18.561,Motor Sequence Learning Bhumika Bajaj AU2320057,,2025.1.1,119.01134892075834,2025-10-02 15h24.35.313320 +0530,
-150,z,117,117,30,v,0,1.656064199998582,None,,,,,30,117,117,3,797.1821686999992,,797.1665111000002,798.1711940000005,798.1711940000005,798.1711940000005,798.1711940000005,798.1711940000005,799.1847130000006,799.1679402999998,799.1679402999998,800.8347936999999,,,,,v,0,1.656064199998582,None,Participant 1 ,001,2025-10-02_15h24.18.561,Motor Sequence Learning Bhumika Bajaj AU2320057,,2025.1.1,119.01134892075834,2025-10-02 15h24.35.313320 +0530,
50,c,118,118,26,v,0,1.3373266999988118,None,,,,,26,118,118,2,800.8514255999999,,800.8353545999998,801.8377113999995,801.8377113999995,801.8377113999995,801.8377113999995,801.8377113999995,802.8504718000004,802.8346091000003,802.8346091000003,804.1862108999994,,,,,v,0,1.3373266999988118,None,Participant 1 ,001,2025-10-02_15h24.18.561,Motor Sequence Learning Bhumika Bajaj AU2320057,,2025.1.1,119.01134892075834,2025-10-02 15h24.35.313320 +0530,
-150,z,119,119,31,v,0,2.612853200000245,None,,,,,31,119,119,3,804.2013754,,804.1872717999995,805.1868773000006,805.1868773000006,805.1868773000006,805.1868773000006,805.1868773000006,806.2010989999999,806.2010989999999,806.2010989999999,808.8184925000005,,,,,v,0,2.612853200000245,None,Participant 1 ,001,2025-10-02_15h24.18.561,Motor Sequence Learning Bhumika Bajaj AU2320057,,2025.1.1,119.01134892075834,2025-10-02 15h24.35.313320 +0530,
-50,x,120,120,34,c,0,0.12027899999884539,None,,,,,34,120,120,0,808.8339161000004,,808.8190262000007,809.8211611999996,809.8211611999996,809.8211611999996,809.8211611999996,809.8211611999996,810.8344259999994,810.8172336999996,810.8172336999996,810.9508729999998,,,,,c,0,0.12027899999884539,None,Participant 1 ,001,2025-10-02_15h24.18.561,Motor Sequence Learning Bhumika Bajaj AU2320057,,2025.1.1,119.01134892075834,2025-10-02 15h24.35.313320 +0530,
150,v,121,121,27,c,0,0.30096620000040275,None,,,,,27,121,121,1,810.9668380000003,,810.9514863000004,811.9494816999995,811.9494816999995,811.9494816999995,811.9494816999995,811.9494816999995,812.9540584000006,812.9540584000006,812.9540584000006,813.2685595999992,,,,,c,0,0.30096620000040275,None,Participant 1 ,001,2025-10-02_15h24.18.561,Motor Sequence Learning Bhumika Bajaj AU2320057,,2025.1.1,119.01134892075834,2025-10-02 15h24.35.313320 +0530,
-50,x,122,122,35,v,0,0.1452941000006831,None,,,,,35,122,122,0,813.2846685000004,,813.2692704000001,814.271240600001,814.271240600001,814.271240600001,814.271240600001,814.271240600001,815.2702984999996,815.2702984999996,815.2702984999996,815.4223038,,,,,v,0,0.1452941000006831,None,Participant 1 ,001,2025-10-02_15h24.18.561,Motor Sequence Learning Bhumika Bajaj AU2320057,,2025.1.1,119.01134892075834,2025-10-02 15h24.35.313320 +0530,
-150,z,123,123,32,v,0,0.5816733000010572,None,,,,,32,123,123,3,815.4376623000007,,815.4232147999992,816.4213292999993,816.4213292999993,816.4213292999993,816.4213292999993,816.4213292999993,817.4328896000006,817.4328896000006,817.4328896000006,818.0193999999992,,,,,v,0,0.5816733000010572,None,Participant 1 ,001,2025-10-02_15h24.18.561,Motor Sequence Learning Bhumika Bajaj AU2320057,,2025.1.1,119.01134892075834,2025-10-02 15h24.35.313320 +0530,
50,c,124,124,27,v,0,0.08072689999971772,None,,,,,27,124,124,2,818.0347139999994,,818.0199202000003,819.0213005999994,819.0213005999994,819.0213005999994,819.0213005999994,819.0213005999994,820.0343130000001,820.0343130000001,820.0343130000001,820.1189983000004,,,,,v,0,0.08072689999971772,None,Participant 1 ,001,2025-10-02_15h24.18.561,Motor Sequence Learning Bhumika Bajaj AU2320057,,2025.1.1,119.01134892075834,2025-10-02 15h24.35.313320 +0530,
150,v,125,125,28,v,1,0.4213433000004443,None,,,,,28,125,125,1,820.1347932999997,,820.1195186999994,821.1179943999996,821.1179943999996,821.1179943999996,821.1179943999996,821.1179943999996,822.1213707999996,822.1363208999992,822.1363208999992,822.5701239000009,,,,,v,1,0.4213433000004443,None,Participant 1 ,001,2025-10-02_15h24.18.561,Motor Sequence Learning Bhumika Bajaj AU2320057,,2025.1.1,119.01134892075834,2025-10-02 15h24.35.313320 +0530,
50,c,126,126,28,c,1,0.23889090000011493,None,,,,,28,126,126,2,822.5840095000003,,822.5706876000004,823.5692607000001,823.5692607000001,823.5692607000001,823.5692607000001,823.5692607000001,824.5842458999996,824.5842458999996,824.5842458999996,824.8358451999993,,,,,c,1,0.23889090000011493,None,Participant 1 ,001,2025-10-02_15h24.18.561,Motor Sequence Learning Bhumika Bajaj AU2320057,,2025.1.1,119.01134892075834,2025-10-02 15h24.35.313320 +0530,
150,v,127,127,29,c,0,0.499248300000545,None,,,,,29,127,127,1,824.8512656999992,,824.8363893000005,825.8511056000007,825.8511056000007,825.8511056000007,825.8511056000007,825.8511056000007,826.8526032999998,826.8355131000008,826.8355131000008,827.3356112000001,,,,,c,0,0.499248300000545,None,Participant 1 ,001,2025-10-02_15h24.18.561,Motor Sequence Learning Bhumika Bajaj AU2320057,,2025.1.1,119.01134892075834,2025-10-02 15h24.35.313320 +0530,
-150,z,128,128,33,c,0,0.0182647999990877,None,,,,,33,128,128,3,827.3512532999994,,827.3361650999996,828.3370030000005,828.3370030000005,828.3370030000005,828.3370030000005,828.3370030000005,829.3359526999993,829.3359526999993,829.3359526999993,829.3702321000001,,,,,c,0,0.0182647999990877,None,Participant 1 ,001,2025-10-02_15h24.18.561,Motor Sequence Learning Bhumika Bajaj AU2320057,,2025.1.1,119.01134892075834,2025-10-02 15h24.35.313320 +0530,
150,v,129,129,30,v,1,0.20134649999999965,None,,,,,30,129,129,1,829.3858347999994,,829.3708568000002,830.3848851999992,830.3848851999992,830.3848851999992,830.3848851999992,830.3848851999992,831.3840947000008,831.3840947000008,831.3840947000008,831.6043145999993,,,,,v,1,0.20134649999999965,None,Participant 1 ,001,2025-10-02_15h24.18.561,Motor Sequence Learning Bhumika Bajaj AU2320057,,2025.1.1,119.01134892075834,2025-10-02 15h24.35.313320 +0530,
50,c,130,130,29,c,1,0.1374749000005977,None,,,,,29,130,130,2,831.6206610000008,,831.6052483999993,832.6176412000004,832.6176412000004,832.6176412000004,832.6176412000004,832.6176412000004,833.6183932000004,833.6183932000004,833.6183932000004,833.7686895999996,,,,,c,1,0.1374749000005977,None,Participant 1 ,001,2025-10-02_15h24.18.561,Motor Sequence Learning Bhumika Bajaj AU2320057,,2025.1.1,119.01134892075834,2025-10-02 15h24.35.313320 +0530,
50,c,131,131,30,v,0,0.03765199999907054,None,,,,,30,131,131,2,833.7841313999998,,833.7692038999994,834.7710592999993,834.7710592999993,834.7710592999993,834.7710592999993,834.7710592999993,835.7703689999998,835.7703689999998,835.7703689999998,835.8212406999992,,,,,v,0,0.03765199999907054,None,Participant 1 ,001,2025-10-02_15h24.18.561,Motor Sequence Learning Bhumika Bajaj AU2320057,,2025.1.1,119.01134892075834,2025-10-02 15h24.35.313320 +0530,
-50,x,132,132,36,v,0,0.18782680000003893,None,,,,,36,132,132,0,835.8367084000001,,835.8221613000005,836.8348812999993,836.8348812999993,836.8348812999993,836.8348812999993,836.8348812999993,837.8338125000009,837.8338125000009,837.8338125000009,838.0353374999995,,,,,v,0,0.18782680000003893,None,Participant 1 ,001,2025-10-02_15h24.18.561,Motor Sequence Learning Bhumika Bajaj AU2320057,,2025.1.1,119.01134892075834,2025-10-02 15h24.35.313320 +0530,
50,c,133,133,31,v,0,0.9668136000000231,None,,,,,31,133,133,2,838.0511709999992,,838.0358840999997,839.0367284000004,839.0367284000004,839.0367284000004,839.0367284000004,839.0367284000004,840.0510180000001,840.0510180000001,840.0510180000001,841.0340859999997,,,,,v,0,0.9668136000000231,None,Participant 1 ,001,2025-10-02_15h24.18.561,Motor Sequence Learning Bhumika Bajaj AU2320057,,2025.1.1,119.01134892075834,2025-10-02 15h24.35.313320 +0530,
50,c,134,134,32,c,1,0.2444641000001866,None,,,,,32,134,134,2,841.0497778000008,,841.0346740000005,842.0490071000004,842.0490071000004,842.0490071000004,842.0490071000004,842.0490071000004,843.0523909999993,843.0360495999994,843.0360495999994,843.2868715999994,,,,,c,1,0.2444641000001866,None,Participant 1 ,001,2025-10-02_15h24.18.561,Motor Sequence Learning Bhumika Bajaj AU2320057,,2025.1.1,119.01134892075834,2025-10-02 15h24.35.313320 +0530,
-50,x,135,135,37,z,0,0.54502980000143,None,,,,,37,135,135,0,843.3019832999998,,843.2874155999998,844.3020577999996,844.3020577999996,844.3020577999996,844.3020577999996,844.3020577999996,845.3187632999998,845.3007503999997,845.3007503999997,845.8514245000006,,,,,z,0,0.54502980000143,None,Participant 1 ,001,2025-10-02_15h24.18.561,Motor Sequence Learning Bhumika Bajaj AU2320057,,2025.1.1,119.01134892075834,2025-10-02 15h24.35.313320 +0530,
-150,z,136,136,34,v,0,0.7117863999992551,None,,,,,34,136,136,3,845.8672970999996,,845.8519471,846.8509967000009,846.8509967000009,846.8509967000009,846.8509967000009,846.8509967000009,847.8506644999998,847.8506644999998,847.8506644999998,848.5676970000004,,,,,v,0,0.7117863999992551,None,Participant 1 ,001,2025-10-02_15h24.18.561,Motor Sequence Learning Bhumika Bajaj AU2320057,,2025.1.1,119.01134892075834,2025-10-02 15h24.35.313320 +0530,
-50,x,137,137,38,z,0,0.6538932000003115,None,,,,,38,137,137,0,848.5846473000001,,848.5682508000009,849.5670446999993,849.5670446999993,849.5670446999993,849.5670446999993,849.5670446999993,850.5676227999993,850.5676227999993,850.5676227999993,851.2255836999993,,,,,z,0,0.6538932000003115,None,Participant 1 ,001,2025-10-02_15h24.18.561,Motor Sequence Learning Bhumika Bajaj AU2320057,,2025.1.1,119.01134892075834,2025-10-02 15h24.35.313320 +0530,
-50,x,138,138,39,z,0,0.2470101999988401,None,,,,,39,138,138,0,851.2316824000009,,851.2260186999993,852.2426300999996,852.2426300999996,852.2426300999996,852.2426300999996,852.2426300999996,853.2425413000001,853.2254720000001,853.2254720000001,853.4771763999997,,,,,z,0,0.2470101999988401,None,Participant 1 ,001,2025-10-02_15h24.18.561,Motor Sequence Learning Bhumika Bajaj AU2320057,,2025.1.1,119.01134892075834,2025-10-02 15h24.35.313320 +0530,
-50,x,139,139,40,z,0,0.14501779999955033,None,,,,,40,139,139,0,853.4923125000005,,853.4777362999994,854.4756816000008,854.4756816000008,854.4756816000008,854.4756816000008,854.4756816000008,855.4849109999996,855.4849109999996,855.4849109999996,855.6345638999992,,,,,z,0,0.14501779999955033,None,Participant 1 ,001,2025-10-02_15h24.18.561,Motor Sequence Learning Bhumika Bajaj AU2320057,,2025.1.1,119.01134892075834,2025-10-02 15h24.35.313320 +0530,
-150,z,140,140,35,z,1,0.4281993999993574,None,,,,,35,140,140,3,855.6511049000001,,855.6350990999999,856.6317068000008,856.6317068000008,856.6317068000008,856.6317068000008,856.6317068000008,857.6231630000002,857.6315727000001,857.6315727000001,858.0606886000005,,,,,z,1,0.4281993999993574,None,Participant 1 ,001,2025-10-02_15h24.18.561,Motor Sequence Learning Bhumika Bajaj AU2320057,,2025.1.1,119.01134892075834,2025-10-02 15h24.35.313320 +0530,
150,v,141,141,31,v,1,0.6585180000001856,None,,,,,31,141,141,1,858.0758822999996,,858.0612062,859.0766168999999,859.0766168999999,859.0766168999999,859.0766168999999,859.0766168999999,860.0799695999995,860.0621800000008,860.0621800000008,860.7276949000006,,,,,v,1,0.6585180000001856,None,Participant 1 ,001,2025-10-02_15h24.18.561,Motor Sequence Learning Bhumika Bajaj AU2320057,,2025.1.1,119.01134892075834,2025-10-02 15h24.35.313320 +0530,
-150,z,142,142,36,z,1,0.40529500000047847,None,,,,,36,142,142,3,860.7427745999994,,860.7282467000005,861.7428029999992,861.7428029999992,861.7428029999992,861.7428029999992,861.7428029999992,862.7426271000004,862.7426271000004,862.7426271000004,863.1635533000008,,,,,z,1,0.40529500000047847,None,Participant 1 ,001,2025-10-02_15h24.18.561,Motor Sequence Learning Bhumika Bajaj AU2320057,,2025.1.1,119.01134892075834,2025-10-02 15h24.35.313320 +0530,
150,v,143,143,32,v,1,0.7971026000013808,None,,,,,32,143,143,1,863.1799910000009,,863.1645122000009,864.1624198999998,864.1624198999998,864.1624198999998,864.1624198999998,864.1624198999998,865.1756024000006,865.1756024000006,865.1756024000006,865.9755882999998,,,,,v,1,0.7971026000013808,None,Participant 1 ,001,2025-10-02_15h24.18.561,Motor Sequence Learning Bhumika Bajaj AU2320057,,2025.1.1,119.01134892075834,2025-10-02 15h24.35.313320 +0530,
-150,z,144,144,37,z,1,0.3305412999998225,None,,,,,37,144,144,3,865.9925364999999,,865.9763702,866.9780339999998,866.9780339999998,866.9780339999998,866.9780339999998,866.9780339999998,867.9779244000001,867.9779244000001,867.9779244000001,868.3097061999997,,,,,z,1,0.3305412999998225,None,Participant 1 ,001,2025-10-02_15h24.18.561,Motor Sequence Learning Bhumika Bajaj AU2320057,,2025.1.1,119.01134892075834,2025-10-02 15h24.35.313320 +0530,
-50,x,145,145,41,c,0,0.9967541999994864,None,,,,,41,145,145,0,868.3256094999997,,868.3102257999999,869.3090776000008,869.3090776000008,869.3090776000008,869.3090776000008,869.3090776000008,870.3093454000009,870.3093454000009,870.3093454000009,871.3097961999993,,,,,c,0,0.9967541999994864,None,Participant 1 ,001,2025-10-02_15h24.18.561,Motor Sequence Learning Bhumika Bajaj AU2320057,,2025.1.1,119.01134892075834,2025-10-02 15h24.35.313320 +0530,
-150,z,146,146,38,z,1,0.5991427999997541,None,,,,,38,146,146,3,871.3256846000004,,871.3103499000008,872.311522,872.311522,872.311522,872.311522,872.311522,873.3124007999995,873.3124007999995,873.3124007999995,873.9257882000002,,,,,z,1,0.5991427999997541,None,Participant 1 ,001,2025-10-02_15h24.18.561,Motor Sequence Learning Bhumika Bajaj AU2320057,,2025.1.1,119.01134892075834,2025-10-02 15h24.35.313320 +0530,
50,c,147,147,33,c,1,0.7264912000009645,None,,,,,33,147,147,2,873.9423475999993,,873.9263501999994,874.9250988999993,874.9250988999993,874.9250988999993,874.9250988999993,874.9250988999993,875.9246554000001,875.9246554000001,875.9246554000001,876.6622888000002,,,,,c,1,0.7264912000009645,None,Participant 1 ,001,2025-10-02_15h24.18.561,Motor Sequence Learning Bhumika Bajaj AU2320057,,2025.1.1,119.01134892075834,2025-10-02 15h24.35.313320 +0530,
-50,x,148,148,42,x,1,0.5166325999998662,None,,,,,42,148,148,0,876.6767077999993,,876.6630349000006,877.6761344000006,877.6761344000006,877.6761344000006,877.6761344000006,877.6761344000006,878.6761050999994,878.6761050999994,878.6761050999994,879.193406800001,,,,,x,1,0.5166325999998662,None,Participant 1 ,001,2025-10-02_15h24.18.561,Motor Sequence Learning Bhumika Bajaj AU2320057,,2025.1.1,119.01134892075834,2025-10-02 15h24.35.313320 +0530,
150,v,149,149,33,v,1,0.5783960999997362,None,,,,,33,149,149,1,879.2089023000008,,879.1939536999998,880.2097816999994,880.2097816999994,880.2097816999994,880.2097816999994,880.2097816999994,881.2257915999999,881.2087864999994,881.2087864999994,881.7930140999997,,,,,v,1,0.5783960999997362,None,Participant 1 ,001,2025-10-02_15h24.18.561,Motor Sequence Learning Bhumika Bajaj AU2320057,,2025.1.1,119.01134892075834,2025-10-02 15h24.35.313320 +0530,
150,v,150,150,34,v,1,0.6876300999992964,None,,,,,34,150,150,1,881.8091533999996,,881.7935209000007,882.8089877000002,882.8089877000002,882.8089877000002,882.8089877000002,882.8089877000002,883.8229578999999,883.8062723999992,883.8062723999992,884.5098121999999,,,,,v,1,0.6876300999992964,None,Participant 1 ,001,2025-10-02_15h24.18.561,Motor Sequence Learning Bhumika Bajaj AU2320057,,2025.1.1,119.01134892075834,2025-10-02 15h24.35.313320 +0530,
150,v,151,151,35,v,1,0.5589485999989847,None,,,,,35,151,151,1,884.5254132999999,,884.5103827000003,885.5090698000004,885.5090698000004,885.5090698000004,885.5090698000004,885.5090698000004,886.5094630000003,886.5094630000003,886.5094630000003,887.0766258000003,,,,,v,1,0.5589485999989847,None,Participant 1 ,001,2025-10-02_15h24.18.561,Motor Sequence Learning Bhumika Bajaj AU2320057,,2025.1.1,119.01134892075834,2025-10-02 15h24.35.313320 +0530,
150,v,152,152,36,v,1,0.6339883000000555,None,,,,,36,152,152,1,887.0921113999993,,887.0771676000004,888.0784191000002,888.0784191000002,888.0784191000002,888.0784191000002,888.0784191000002,889.0930017999999,889.0930017999999,889.0930017999999,889.7312927000003,,,,,v,1,0.6339883000000555,None,Participant 1 ,001,2025-10-02_15h24.18.561,Motor Sequence Learning Bhumika Bajaj AU2320057,,2025.1.1,119.01134892075834,2025-10-02 15h24.35.313320 +0530,
50,c,153,153,34,c,1,0.7113346999994974,None,,,,,34,153,153,2,889.7452186999999,,889.7322107,890.7444735999998,890.7444735999998,890.7444735999998,890.7444735999998,890.7444735999998,891.7591233999992,891.7422953999994,891.7422953999994,892.4567693000008,,,,,c,1,0.7113346999994974,None,Participant 1 ,001,2025-10-02_15h24.18.561,Motor Sequence Learning Bhumika Bajaj AU2320057,,2025.1.1,119.01134892075834,2025-10-02 15h24.35.313320 +0530,
150,v,154,154,37,v,1,0.7299027999997634,None,,,,,37,154,154,1,892.4756431000005,,892.4572876000002,893.4590927999998,893.4590927999998,893.4590927999998,893.4590927999998,893.4590927999998,894.4600243999994,894.4600243999994,894.4600243999994,895.1929056999998,,,,,v,1,0.7299027999997634,None,Participant 1 ,001,2025-10-02_15h24.18.561,Motor Sequence Learning Bhumika Bajaj AU2320057,,2025.1.1,119.01134892075834,2025-10-02 15h24.35.313320 +0530,
-150,z,155,155,39,z,1,0.6166850999998132,None,,,,,39,155,155,3,895.2085349000008,,895.1934369999999,896.1928081000005,896.1928081000005,896.1928081000005,896.1928081000005,896.1928081000005,897.1918358000003,897.1918358000003,897.1918358000003,897.8097481000004,,,,,z,1,0.6166850999998132,None,Participant 1 ,001,2025-10-02_15h24.18.561,Motor Sequence Learning Bhumika Bajaj AU2320057,,2025.1.1,119.01134892075834,2025-10-02 15h24.35.313320 +0530,
150,v,156,156,38,v,1,0.3542751999993925,None,,,,,38,156,156,1,897.8255640000007,,897.8102679999993,898.825195200001,898.825195200001,898.825195200001,898.825195200001,898.825195200001,899.8282947999996,899.8112027999996,899.8112027999996,900.1761435999997,,,,,v,1,0.3542751999993925,None,Participant 1 ,001,2025-10-02_15h24.18.561,Motor Sequence Learning Bhumika Bajaj AU2320057,,2025.1.1,119.01134892075834,2025-10-02 15h24.35.313320 +0530,
-150,z,157,157,40,z,1,0.6052981000011641,None,,,,,40,157,157,3,900.1919584999996,,900.1766908999998,901.1922106000002,901.1922106000002,901.1922106000002,901.1922106000002,901.1922106000002,902.2081615999996,902.1919022000002,902.1919022000002,902.8134690000006,,,,,z,1,0.6052981000011641,None,Participant 1 ,001,2025-10-02_15h24.18.561,Motor Sequence Learning Bhumika Bajaj AU2320057,,2025.1.1,119.01134892075834,2025-10-02 15h24.35.313320 +0530,
-150,z,158,158,41,z,1,0.6678300000003219,None,,,,,41,158,158,3,902.8291506999994,,902.8143261000005,903.8257973,903.8257973,903.8257973,903.8257973,903.8257973,904.8259185000006,904.8259185000006,904.8259185000006,905.4980961000001,,,,,z,1,0.6678300000003219,None,Participant 1 ,001,2025-10-02_15h24.18.561,Motor Sequence Learning Bhumika Bajaj AU2320057,,2025.1.1,119.01134892075834,2025-10-02 15h24.35.313320 +0530,
-50,x,159,159,43,z,0,0.7879105000010895,None,,,,,43,159,159,0,905.5105330000006,,905.4994356000007,906.5123156000009,906.5123156000009,906.5123156000009,906.5123156000009,906.5123156000009,907.5126008999996,907.5126008999996,907.5126008999996,908.3093822999999,,,,,z,0,0.7879105000010895,None,Participant 1 ,001,2025-10-02_15h24.18.561,Motor Sequence Learning Bhumika Bajaj AU2320057,,2025.1.1,119.01134892075834,2025-10-02 15h24.35.313320 +0530,
150,v,160,160,39,v,1,0.43363399999907415,None,,,,,39,160,160,1,908.3252604000008,,908.3099044999999,909.3084020000006,909.3084020000006,909.3084020000006,909.3084020000006,909.3084020000006,910.3084416000002,910.3258265000004,910.3258265000004,910.7760089999992,,,,,v,1,0.43363399999907415,None,Participant 1 ,001,2025-10-02_15h24.18.561,Motor Sequence Learning Bhumika Bajaj AU2320057,,2025.1.1,119.01134892075834,2025-10-02 15h24.35.313320 +0530,
-50,x,161,161,44,x,1,0.7901891000001342,None,,,,,44,161,161,0,910.7926939000008,,910.7765390000004,911.775675500001,911.775675500001,911.775675500001,911.775675500001,911.775675500001,912.7749222999992,912.7749222999992,912.7749222999992,913.5937618000007,,,,,x,1,0.7901891000001342,None,Participant 1 ,001,2025-10-02_15h24.18.561,Motor Sequence Learning Bhumika Bajaj AU2320057,,2025.1.1,119.01134892075834,2025-10-02 15h24.35.313320 +0530,
50,c,162,162,35,c,1,0.6288113000009616,None,,,,,35,162,162,2,913.6129206999994,,913.5947127,914.5953375000008,914.5953375000008,914.5953375000008,914.5953375000008,914.5953375000008,915.5945123000001,915.5945123000001,915.5945123000001,916.2267773000003,,,,,c,1,0.6288113000009616,None,Participant 1 ,001,2025-10-02_15h24.18.561,Motor Sequence Learning Bhumika Bajaj AU2320057,,2025.1.1,119.01134892075834,2025-10-02 15h24.35.313320 +0530,
150,v,163,163,40,v,1,0.7869150000005902,None,,,,,40,163,163,1,916.2415127000004,,916.2273129999994,917.2265219000001,917.2265219000001,917.2265219000001,917.2265219000001,917.2265219000001,918.2250335999997,918.2421525000009,918.2421525000009,919.0328422000002,,,,,v,1,0.7869150000005902,None,Participant 1 ,001,2025-10-02_15h24.18.561,Motor Sequence Learning Bhumika Bajaj AU2320057,,2025.1.1,119.01134892075834,2025-10-02 15h24.35.313320 +0530,
-150,z,164,164,42,z,1,0.5088360999998258,None,,,,,42,164,164,3,919.0425250000008,,919.0333797999992,920.0449955999993,920.0449955999993,920.0449955999993,920.0449955999993,920.0449955999993,921.0456945000005,921.0456945000005,921.0456945000005,921.5633257999998,,,,,z,1,0.5088360999998258,None,Participant 1 ,001,2025-10-02_15h24.18.561,Motor Sequence Learning Bhumika Bajaj AU2320057,,2025.1.1,119.01134892075834,2025-10-02 15h24.35.313320 +0530,
150,v,165,165,41,v,1,0.49328349999996135,None,,,,,41,165,165,1,921.5782918000004,,921.5641806000003,922.5755100999995,922.5755100999995,922.5755100999995,922.5755100999995,922.5755100999995,923.5749427999999,923.5749427999999,923.5749427999999,924.0743825000009,,,,,v,1,0.49328349999996135,None,Participant 1 ,001,2025-10-02_15h24.18.561,Motor Sequence Learning Bhumika Bajaj AU2320057,,2025.1.1,119.01134892075834,2025-10-02 15h24.35.313320 +0530,
50,c,166,166,36,c,1,0.6923113000011654,None,,,,,36,166,166,2,924.0897072000007,,924.0747599000006,925.0753347999998,925.0753347999998,925.0753347999998,925.0753347999998,925.0753347999998,926.0747907999994,926.0747907999994,926.0747907999994,926.7800771000002,,,,,c,1,0.6923113000011654,None,Participant 1 ,001,2025-10-02_15h24.18.561,Motor Sequence Learning Bhumika Bajaj AU2320057,,2025.1.1,119.01134892075834,2025-10-02 15h24.35.313320 +0530,
150,v,167,167,42,v,1,1.0104282000011153,None,,,,,42,167,167,1,926.7956620999994,,926.7811418000001,927.7945522999999,927.7945522999999,927.7945522999999,927.7945522999999,927.7945522999999,928.8095362000004,928.7915845000007,928.7915845000007,929.8100974999998,,,,,v,1,1.0104282000011153,None,Participant 1 ,001,2025-10-02_15h24.18.561,Motor Sequence Learning Bhumika Bajaj AU2320057,,2025.1.1,119.01134892075834,2025-10-02 15h24.35.313320 +0530,
50,c,168,168,37,c,1,0.5622065999996266,None,,,,,37,168,168,2,929.8249011000007,,929.8108487999998,930.8089180000006,930.8089180000006,930.8089180000006,930.8089180000006,930.8089180000006,931.8121248000007,931.8282737999998,931.8282737999998,932.3928551000008,,,,,c,1,0.5622065999996266,None,Participant 1 ,001,2025-10-02_15h24.18.561,Motor Sequence Learning Bhumika Bajaj AU2320057,,2025.1.1,119.01134892075834,2025-10-02 15h24.35.313320 +0530,
150,v,169,169,43,v,1,0.8066612999991776,None,,,,,43,169,169,1,932.4082142000007,,932.393376,933.4084566000001,933.4084566000001,933.4084566000001,933.4084566000001,933.4084566000001,934.4121696000002,934.3939898000008,934.3939898000008,935.2063801999993,,,,,v,1,0.8066612999991776,None,Participant 1 ,001,2025-10-02_15h24.18.561,Motor Sequence Learning Bhumika Bajaj AU2320057,,2025.1.1,119.01134892075834,2025-10-02 15h24.35.313320 +0530,
-50,x,170,170,45,c,0,0.6353200000012293,None,,,,,45,170,170,0,935.2257255999994,,935.2067927000007,936.2061267999998,936.2061267999998,936.2061267999998,936.2061267999998,936.2061267999998,937.2089472999996,937.2089472999996,937.2089472999996,937.8595098000005,,,,,c,0,0.6353200000012293,None,Participant 1 ,001,2025-10-02_15h24.18.561,Motor Sequence Learning Bhumika Bajaj AU2320057,,2025.1.1,119.01134892075834,2025-10-02 15h24.35.313320 +0530,
150,v,171,171,44,c,0,0.5764312999999675,None,,,,,44,171,171,1,937.8757451000001,,937.8599536000002,938.8611247999997,938.8611247999997,938.8611247999997,938.8611247999997,938.8611247999997,939.8752107,939.8585629999998,939.8585629999998,940.4409888999999,,,,,c,0,0.5764312999999675,None,Participant 1 ,001,2025-10-02_15h24.18.561,Motor Sequence Learning Bhumika Bajaj AU2320057,,2025.1.1,119.01134892075834,2025-10-02 15h24.35.313320 +0530,
-150,z,172,172,43,z,1,0.5179323999982444,None,,,,,43,172,172,3,940.4570946000003,,940.4414672999992,941.4440095999998,941.4440095999998,941.4440095999998,941.4440095999998,941.4440095999998,942.4586008999995,942.4421874,942.4421874,942.9768456000002,,,,,z,1,0.5179323999982444,None,Participant 1 ,001,2025-10-02_15h24.18.561,Motor Sequence Learning Bhumika Bajaj AU2320057,,2025.1.1,119.01134892075834,2025-10-02 15h24.35.313320 +0530,
50,c,173,173,38,c,1,0.9769938999997976,None,,,,,38,173,173,2,942.9905115000001,,942.9772699999994,943.9811128000001,943.9811128000001,943.9811128000001,943.9811128000001,943.9811128000001,944.9742225999998,944.9742225999998,944.9742225999998,945.9594899999993,,,,,c,1,0.9769938999997976,None,Participant 1 ,001,2025-10-02_15h24.18.561,Motor Sequence Learning Bhumika Bajaj AU2320057,,2025.1.1,119.01134892075834,2025-10-02 15h24.35.313320 +0530,
50,c,174,174,39,c,1,0.5305764000004274,None,,,,,39,174,174,2,945.9746816999996,,945.9600157000004,946.9749950000005,946.9749950000005,946.9749950000005,946.9749950000005,946.9749950000005,947.9743153,947.9743153,947.9743153,948.5091630000006,,,,,c,1,0.5305764000004274,None,Participant 1 ,001,2025-10-02_15h24.18.561,Motor Sequence Learning Bhumika Bajaj AU2320057,,2025.1.1,119.01134892075834,2025-10-02 15h24.35.313320 +0530,
-150,z,175,175,44,z,1,0.8112772999993467,None,,,,,44,175,175,3,948.5249569000007,,948.5096954,949.5079096000009,949.5079096000009,949.5079096000009,949.5079096000009,949.5079096000009,950.5093895999998,950.5093895999998,950.5093895999998,951.3258561000002,,,,,z,1,0.8112772999993467,None,Participant 1 ,001,2025-10-02_15h24.18.561,Motor Sequence Learning Bhumika Bajaj AU2320057,,2025.1.1,119.01134892075834,2025-10-02 15h24.35.313320 +0530,
50,c,176,176,40,c,1,0.46403900000041176,None,,,,,40,176,176,2,951.3416352000004,,951.3263984000005,952.3287466000002,952.3287466000002,952.3287466000002,952.3287466000002,952.3287466000002,953.3414785999994,953.3414785999994,953.3414785999994,953.8093843000006,,,,,c,1,0.46403900000041176,None,Participant 1 ,001,2025-10-02_15h24.18.561,Motor Sequence Learning Bhumika Bajaj AU2320057,,2025.1.1,119.01134892075834,2025-10-02 15h24.35.313320 +0530,
-50,x,177,177,46,x,1,0.7453095000000758,None,,,,,46,177,177,0,953.8250638000009,,953.8099012000002,954.8083845000001,954.8083845000001,954.8083845000001,954.8083845000001,954.8083845000001,955.8086729999995,955.8251939000002,955.8251939000002,956.5757596000003,,,,,x,1,0.7453095000000758,None,Participant 1 ,001,2025-10-02_15h24.18.561,Motor Sequence Learning Bhumika Bajaj AU2320057,,2025.1.1,119.01134892075834,2025-10-02 15h24.35.313320 +0530,
-150,z,178,178,45,z,1,0.6871762999999191,None,,,,,45,178,178,3,956.5916159000008,,956.5763088000003,957.5749204999993,957.5749204999993,957.5749204999993,957.5749204999993,957.5749204999993,958.575203800001,958.5917597000007,958.5917597000007,959.2926602999996,,,,,z,1,0.6871762999999191,None,Participant 1 ,001,2025-10-02_15h24.18.561,Motor Sequence Learning Bhumika Bajaj AU2320057,,2025.1.1,119.01134892075834,2025-10-02 15h24.35.313320 +0530,
50,c,179,179,41,c,1,0.9617502000000968,None,,,,,41,179,179,2,959.3080984000007,,959.2932103999992,960.2950732999998,960.2950732999998,960.2950732999998,960.2950732999998,960.2950732999998,961.3081899000008,961.3081899000008,961.3081899000008,962.2756608,,,,,c,1,0.9617502000000968,None,Participant 1 ,001,2025-10-02_15h24.18.561,Motor Sequence Learning Bhumika Bajaj AU2320057,,2025.1.1,119.01134892075834,2025-10-02 15h24.35.313320 +0530,
50,c,180,180,42,c,1,0.411427700000786,None,,,,,42,180,180,2,962.2899782000004,,962.2762254000008,963.2784924999996,963.2784924999996,963.2784924999996,963.2784924999996,963.2784924999996,964.2919058000007,964.2747046999993,964.2747046999993,964.6911946,,,,,c,1,0.411427700000786,None,Participant 1 ,001,2025-10-02_15h24.18.561,Motor Sequence Learning Bhumika Bajaj AU2320057,,2025.1.1,119.01134892075834,2025-10-02 15h24.35.313320 +0530,
-150,z,181,181,46,z,1,0.4993664000012359,None,,,,,46,181,181,3,964.7083048999993,,964.6917546000004,965.6913712999994,965.6913712999994,965.6913712999994,965.6913712999994,965.6913712999994,966.6951456000006,966.6951456000006,966.6951456000006,967.1966173000001,,,,,z,1,0.4993664000012359,None,Participant 1 ,001,2025-10-02_15h24.18.561,Motor Sequence Learning Bhumika Bajaj AU2320057,,2025.1.1,119.01134892075834,2025-10-02 15h24.35.313320 +0530,
-150,z,182,182,47,x,0,0.38135780000084196,None,,,,,47,182,182,3,967.2111882999998,,967.1974847000001,968.2115503000005,968.2115503000005,968.2115503000005,968.2115503000005,968.2115503000005,969.2246806999992,969.2078039000007,969.2078039000007,969.5925569999999,,,,,x,0,0.38135780000084196,None,Participant 1 ,001,2025-10-02_15h24.18.561,Motor Sequence Learning Bhumika Bajaj AU2320057,,2025.1.1,119.01134892075834,2025-10-02 15h24.35.313320 +0530,
50,c,183,183,43,c,1,0.8488550999991276,None,,,,,43,183,183,2,969.6072628000002,,969.5931314999998,970.6081166999993,970.6081166999993,970.6081166999993,970.6081166999993,970.6081166999993,971.6109135000006,971.5964887000009,971.5964887000009,972.4589945999996,,,,,c,1,0.8488550999991276,None,Participant 1 ,001,2025-10-02_15h24.18.561,Motor Sequence Learning Bhumika Bajaj AU2320057,,2025.1.1,119.01134892075834,2025-10-02 15h24.35.313320 +0530,
-150,z,184,184,48,z,1,0.5886477000003651,None,,,,,48,184,184,3,972.4747614000007,,972.4595960999995,973.4669183999995,973.4669183999995,973.4669183999995,973.4669183999995,973.4669183999995,974.4664955999997,974.4664955999997,974.4664955999997,975.0667997,,,,,z,1,0.5886477000003651,None,Participant 1 ,001,2025-10-02_15h24.18.561,Motor Sequence Learning Bhumika Bajaj AU2320057,,2025.1.1,119.01134892075834,2025-10-02 15h24.35.313320 +0530,
50,c,185,185,44,c,1,0.6461342000002332,None,,,,,44,185,185,2,975.0813923000005,,975.0673122999997,976.0666199000007,976.0666199000007,976.0666199000007,976.0666199000007,976.0666199000007,977.0665743000009,977.0665743000009,977.0665743000009,977.7207983000008,,,,,c,1,0.6461342000002332,None,Participant 1 ,001,2025-10-02_15h24.18.561,Motor Sequence Learning Bhumika Bajaj AU2320057,,2025.1.1,119.01134892075834,2025-10-02 15h24.35.313320 +0530,
150,v,186,186,45,v,1,0.5932004000005691,None,,,,,45,186,186,1,977.7327502999997,,977.7217397000004,978.7363363000004,978.7363363000004,978.7363363000004,978.7363363000004,978.7363363000004,979.7356935999996,979.7356935999996,979.7356935999996,980.3333122999993,,,,,v,1,0.5932004000005691,None,Participant 1 ,001,2025-10-02_15h24.18.561,Motor Sequence Learning Bhumika Bajaj AU2320057,,2025.1.1,119.01134892075834,2025-10-02 15h24.35.313320 +0530,
150,v,187,187,46,v,1,0.6922740999998496,None,,,,,46,187,187,1,980.3493359999993,,980.3338564000005,981.3329715,981.3329715,981.3329715,981.3329715,981.3329715,982.3326307000007,982.3326307000007,982.3326307000007,983.0335264999994,,,,,v,1,0.6922740999998496,None,Participant 1 ,001,2025-10-02_15h24.18.561,Motor Sequence Learning Bhumika Bajaj AU2320057,,2025.1.1,119.01134892075834,2025-10-02 15h24.35.313320 +0530,
50,c,188,188,45,c,1,0.6347791000007419,None,,,,,45,188,188,2,983.0501139000007,,983.0340703000002,984.0365027000007,984.0365027000007,984.0365027000007,984.0365027000007,984.0365027000007,985.0535290000007,985.0360915000001,985.0360915000001,985.6841222999992,,,,,c,1,0.6347791000007419,None,Participant 1 ,001,2025-10-02_15h24.18.561,Motor Sequence Learning Bhumika Bajaj AU2320057,,2025.1.1,119.01134892075834,2025-10-02 15h24.35.313320 +0530,
-50,x,189,189,47,x,1,1.0248365000006743,None,,,,,47,189,189,0,985.7001352000007,,985.6846382000003,986.696844,986.696844,986.696844,986.696844,986.696844,987.6992738999998,987.6992738999998,987.6992738999998,988.7318317000008,,,,,x,1,1.0248365000006743,None,Participant 1 ,001,2025-10-02_15h24.18.561,Motor Sequence Learning Bhumika Bajaj AU2320057,,2025.1.1,119.01134892075834,2025-10-02 15h24.35.313320 +0530,
150,v,190,190,47,v,1,0.594936499999676,None,,,,,47,190,190,1,988.7496293000004,,988.7324260000005,989.7356540000001,989.7356540000001,989.7356540000001,989.7356540000001,989.7356540000001,990.7492010000005,990.7328120000002,990.7328120000002,991.3332295,,,,,v,1,0.594936499999676,None,Participant 1 ,001,2025-10-02_15h24.18.561,Motor Sequence Learning Bhumika Bajaj AU2320057,,2025.1.1,119.01134892075834,2025-10-02 15h24.35.313320 +0530,
-50,x,191,191,48,x,1,0.6567470999998477,None,,,,,48,191,191,0,991.3499499000009,,991.3337783000006,992.3351956999995,992.3351956999995,992.3351956999995,992.3351956999995,992.3351956999995,993.3491257000005,993.3323440999993,993.3323440999993,994.0030442000007,,,,,x,1,0.6567470999998477,None,Participant 1 ,001,2025-10-02_15h24.18.561,Motor Sequence Learning Bhumika Bajaj AU2320057,,2025.1.1,119.01134892075834,2025-10-02 15h24.35.313320 +0530,
50,c,192,192,46,c,1,0.6398511000006692,None,,,,,46,192,192,2,994.0188911999994,,994.0038361000006,995.0164215999994,995.0164215999994,995.0164215999994,995.0164215999994,995.0164215999994,996.0159077000008,996.0159077000008,996.0159077000008,996.6668028000004,,,,,c,1,0.6398511000006692,None,Participant 1 ,001,2025-10-02_15h24.18.561,Motor Sequence Learning Bhumika Bajaj AU2320057,,2025.1.1,119.01134892075834,2025-10-02 15h24.35.313320 +0530,
50,c,193,193,47,c,1,0.654773500000374,None,,,,,47,193,193,2,996.6838157000002,,996.6673578999998,997.6659753000004,997.6659753000004,997.6659753000004,997.6659753000004,997.6659753000004,998.6661340999999,998.6661340999999,998.6661340999999,999.3379550000009,,,,,c,1,0.654773500000374,None,Participant 1 ,001,2025-10-02_15h24.18.561,Motor Sequence Learning Bhumika Bajaj AU2320057,,2025.1.1,119.01134892075834,2025-10-02 15h24.35.313320 +0530,
150,v,194,194,48,v,1,0.854521899998872,None,,,,,48,194,194,1,999.3525403000003,,999.3388109999996,1000.3500631999996,1000.3500631999996,1000.3500631999996,1000.3500631999996,1000.3500631999996,1001.3498954999995,1001.3498954999995,1001.3498954999995,1002.2149257000001,,,,,v,1,0.854521899998872,None,Participant 1 ,001,2025-10-02_15h24.18.561,Motor Sequence Learning Bhumika Bajaj AU2320057,,2025.1.1,119.01134892075834,2025-10-02 15h24.35.313320 +0530,
-150,z,195,195,49,z,1,0.9026508999995713,None,,,,,49,195,195,3,1002.2315935000006,,1002.2155079000004,1003.2162220000009,1003.2162220000009,1003.2162220000009,1003.2162220000009,1003.2162220000009,1004.2156419000003,1004.2156419000003,1004.2156419000003,1005.1341916000001,,,,,z,1,0.9026508999995713,None,Participant 1 ,001,2025-10-02_15h24.18.561,Motor Sequence Learning Bhumika Bajaj AU2320057,,2025.1.1,119.01134892075834,2025-10-02 15h24.35.313320 +0530,
50,c,196,196,48,c,1,0.7688512000004266,None,,,,,48,196,196,2,1005.1496451000003,,1005.1347258999995,1006.1501193000004,1006.1501193000004,1006.1501193000004,1006.1501193000004,1006.1501193000004,1007.1493850999996,1007.1493850999996,1007.1493850999996,1007.9332187,,,,,c,1,0.7688512000004266,None,Participant 1 ,001,2025-10-02_15h24.18.561,Motor Sequence Learning Bhumika Bajaj AU2320057,,2025.1.1,119.01134892075834,2025-10-02 15h24.35.313320 +0530,
-50,x,197,197,49,x,1,0.6308869000004051,None,,,,,49,197,197,0,1007.9476708000002,,1007.9337833999998,1008.9362851999995,1008.9362851999995,1008.9362851999995,1008.9362851999995,1008.9362851999995,1009.9491799000007,1009.9325377000005,1009.9325377000005,1010.5670360000004,,,,,x,1,0.6308869000004051,None,Participant 1 ,001,2025-10-02_15h24.18.561,Motor Sequence Learning Bhumika Bajaj AU2320057,,2025.1.1,119.01134892075834,2025-10-02 15h24.35.313320 +0530,
50,c,198,198,49,c,1,0.5918342000004486,None,,,,,49,198,198,2,1010.5824599000007,,1010.5676000000003,1011.5660886999995,1011.5660886999995,1011.5660886999995,1011.5660886999995,1011.5660886999995,1012.5660988,1012.5824417000003,1012.5824417000003,1013.1809233000004,,,,,c,1,0.5918342000004486,None,Participant 1 ,001,2025-10-02_15h24.18.561,Motor Sequence Learning Bhumika Bajaj AU2320057,,2025.1.1,119.01134892075834,2025-10-02 15h24.35.313320 +0530,
150,v,199,199,49,v,1,0.5202604999994946,None,,,,,49,199,199,1,1013.1991333000005,,1013.1814785999995,1014.1827579000001,1014.1827579000001,1014.1827579000001,1014.1827579000001,1014.1827579000001,1015.1823143000001,1015.1823143000001,1015.1823143000001,1015.7039846999996,,,,,v,1,0.5202604999994946,None,Participant 1 ,001,2025-10-02_15h24.18.561,Motor Sequence Learning Bhumika Bajaj AU2320057,,2025.1.1,119.01134892075834,2025-10-02 15h24.35.313320 +0530,
