study_word,thisN,thisTrialN,thisRepN,slider.response,slider.rt,test_word,Reference,old_new,textbox.text,testmouse.x,testmouse.y,testmouse.leftButton,testmouse.midButton,testmouse.rightButton,testmouse.time,testmouse.clicked_name,trials.thisRepN,trials.thisTrialN,trials.thisN,trials.thisIndex,trials_2.thisRepN,trials_2.thisTrialN,trials_2.thisN,trials_2.thisIndex,thisRow.t,notes,trial.started,text.started,slider.started,trial.stopped,trials.slider.response,trials.slider.rt,test.started,text_2.started,textbox.started,text_3.started,testmouse.started,test.stopped,trials_2.textbox.text,trials_2.testmouse.x,trials_2.testmouse.y,trials_2.testmouse.leftButton,trials_2.testmouse.midButton,trials_2.testmouse.rightButton,trials_2.testmouse.time,trials_2.testmouse.clicked_name,participant,session,date,expName,expVersion,psychopyVersion,frameRate,expStart,
mouse,0,0,0,1.075,1.8805276000639424,,,,,,,,,,,,0,0,0,8,,,,,0.04128320002928376,,0.02207910001743585,0.04128320002928376,0.04128320002928376,1.93447560002096,1.075,1.8805276000639424,,,,,,,,,,,,,,,Participant 03,001,2025-10-16_19h53.57.660,Word Priming Experiment,,2025.1.1,119.40654948965773,2025-10-16 19h54.28.617137 +0530,
Police,1,1,0,1.075,1.2617921999190003,,,,,,,,,,,,0,1,1,12,,,,,1.9661071000155061,,1.940950300078839,1.9661071000155061,1.9661071000155061,3.218769900035113,1.075,1.2617921999190003,,,,,,,,,,,,,,,Participant 03,001,2025-10-16_19h53.57.660,Word Priming Experiment,,2025.1.1,119.40654948965773,2025-10-16 19h54.28.617137 +0530,
Pastry,2,2,0,1.075,0.9766768999397755,,,,,,,,,,,,0,2,2,9,,,,,3.2495724000036716,,3.2265221000416204,3.2495724000036716,3.2495724000036716,4.217954899999313,1.075,0.9766768999397755,,,,,,,,,,,,,,,Participant 03,001,2025-10-16_19h53.57.660,Word Priming Experiment,,2025.1.1,119.40654948965773,2025-10-16 19h54.28.617137 +0530,
Keys,3,3,0,1.075,0.8465175000019372,,,,,,,,,,,,0,3,3,13,,,,,4.233921600040048,,4.223421000060625,4.233921600040048,4.233921600040048,5.083964400109835,1.075,0.8465175000019372,,,,,,,,,,,,,,,Participant 03,001,2025-10-16_19h53.57.660,Word Priming Experiment,,2025.1.1,119.40654948965773,2025-10-16 19h54.28.617137 +0530,
phone,4,4,0,1.075,0.598953599925153,,,,,,,,,,,,0,4,4,2,,,,,5.100326200015843,,5.088628900004551,5.100326200015843,5.100326200015843,5.703012000070885,1.075,0.598953599925153,,,,,,,,,,,,,,,Participant 03,001,2025-10-16_19h53.57.660,Word Priming Experiment,,2025.1.1,119.40654948965773,2025-10-16 19h54.28.617137 +0530,
Laptop,5,5,0,2.055,1.0028100999770686,,,,,,,,,,,,0,5,5,5,,,,,5.732797300093807,,5.708499100059271,5.732797300093807,5.732797300093807,6.7254106000764295,2.055,1.0028100999770686,,,,,,,,,,,,,,,Participant 03,001,2025-10-16_19h53.57.660,Word Priming Experiment,,2025.1.1,119.40654948965773,2025-10-16 19h54.28.617137 +0530,
T-shirt,6,6,0,2.91,1.7719598000403494,,,,,,,,,,,,0,6,6,7,,,,,6.742515400052071,,6.730138800106943,6.742515400052071,6.742515400052071,8.51783270004671,2.91,1.7719598000403494,,,,,,,,,,,,,,,Participant 03,001,2025-10-16_19h53.57.660,Word Priming Experiment,,2025.1.1,119.40654948965773,2025-10-16 19h54.28.617137 +0530,
Case,7,7,0,4.03,1.2922824999550357,,,,,,,,,,,,0,7,7,10,,,,,8.53326310007833,,8.52014090004377,8.53326310007833,8.53326310007833,9.842405300005339,4.03,1.2922824999550357,,,,,,,,,,,,,,,Participant 03,001,2025-10-16_19h53.57.660,Word Priming Experiment,,2025.1.1,119.40654948965773,2025-10-16 19h54.28.617137 +0530,
cushion,8,8,0,1.065,1.584242400014773,,,,,,,,,,,,0,8,8,1,,,,,9.85908130009193,,9.845844800001942,9.85908130009193,9.85908130009193,11.459834100096487,1.065,1.584242400014773,,,,,,,,,,,,,,,Participant 03,001,2025-10-16_19h53.57.660,Word Priming Experiment,,2025.1.1,119.40654948965773,2025-10-16 19h54.28.617137 +0530,
marble,9,9,0,1.065,0.4144227000651881,,,,,,,,,,,,0,9,9,3,,,,,11.475970500032417,,11.463672700105235,11.475970500032417,11.475970500032417,11.8935375000583,1.065,0.4144227000651881,,,,,,,,,,,,,,,Participant 03,001,2025-10-16_19h53.57.660,Word Priming Experiment,,2025.1.1,119.40654948965773,2025-10-16 19h54.28.617137 +0530,
board,10,10,0,2.105,1.5862024000380188,,,,,,,,,,,,0,10,10,4,,,,,11.908220500103198,,11.898862700094469,11.908220500103198,11.908220500103198,13.502016400103457,2.105,1.5862024000380188,,,,,,,,,,,,,,,Participant 03,001,2025-10-16_19h53.57.660,Word Priming Experiment,,2025.1.1,119.40654948965773,2025-10-16 19h54.28.617137 +0530,
Poster,11,11,0,2.105,0.4483147000428289,,,,,,,,,,,,0,11,11,14,,,,,13.516839800053276,,13.50554780010134,13.516839800053276,13.516839800053276,13.968689700006507,2.105,0.4483147000428289,,,,,,,,,,,,,,,Participant 03,001,2025-10-16_19h53.57.660,Word Priming Experiment,,2025.1.1,119.40654948965773,2025-10-16 19h54.28.617137 +0530,
book,12,12,0,3.27,1.2133342999732122,,,,,,,,,,,,0,12,12,0,,,,,13.984149300027639,,13.973375500063412,13.984149300027639,13.984149300027639,15.218292500008829,3.27,1.2133342999732122,,,,,,,,,,,,,,,Participant 03,001,2025-10-16_19h53.57.660,Word Priming Experiment,,2025.1.1,119.40654948965773,2025-10-16 19h54.28.617137 +0530,
Chart,13,13,0,1,3.706028199987486,,,,,,,,,,,,0,13,13,6,,,,,15.234440800035372,,15.222076100064442,15.234440800035372,15.234440800035372,18.942809600033797,1,3.706028199987486,,,,,,,,,,,,,,,Participant 03,001,2025-10-16_19h53.57.660,Word Priming Experiment,,2025.1.1,119.40654948965773,2025-10-16 19h54.28.617137 +0530,
Cruise,14,14,0,4.92,1.9258211000123993,,,,,,,,,,,,0,14,14,11,,,,,18.95875920006074,,18.9456776001025,18.95875920006074,18.95875920006074,20.885958700091578,4.92,1.9258211000123993,,,,,,,,,,,,,,,Participant 03,001,2025-10-16_19h53.57.660,Word Priming Experiment,,2025.1.1,119.40654948965773,2025-10-16 19h54.28.617137 +0530,
book,15,0,1,1,7.13140359998215,,,,,,,,,,,,1,0,15,0,,,,,20.899744800059125,,20.88907790009398,20.899744800059125,20.899744800059125,28.03491320007015,1,7.13140359998215,,,,,,,,,,,,,,,Participant 03,001,2025-10-16_19h53.57.660,Word Priming Experiment,,2025.1.1,119.40654948965773,2025-10-16 19h54.28.617137 +0530,
T-shirt,16,1,1,1,1.281529500032775,,,,,,,,,,,,1,1,16,7,,,,,28.049730600090697,,28.038141500088386,28.049730600090697,28.049730600090697,29.33440590009559,1,1.281529500032775,,,,,,,,,,,,,,,Participant 03,001,2025-10-16_19h53.57.660,Word Priming Experiment,,2025.1.1,119.40654948965773,2025-10-16 19h54.28.617137 +0530,
Keys,17,2,1,1,1.1671827000100166,,,,,,,,,,,,1,2,17,13,,,,,29.35082420008257,,29.337299400009215,29.35082420008257,29.35082420008257,30.518440300016664,1,1.1671827000100166,,,,,,,,,,,,,,,Participant 03,001,2025-10-16_19h53.57.660,Word Priming Experiment,,2025.1.1,119.40654948965773,2025-10-16 19h54.28.617137 +0530,
Cruise,18,3,1,4.795,2.1140659999800846,,,,,,,,,,,,1,3,18,11,,,,,30.54905510006938,,30.522702900110744,30.54905510006938,30.54905510006938,32.652984200045466,4.795,2.1140659999800846,,,,,,,,,,,,,,,Participant 03,001,2025-10-16_19h53.57.660,Word Priming Experiment,,2025.1.1,119.40654948965773,2025-10-16 19h54.28.617137 +0530,
Case,19,4,1,3.965,5.022754700039513,,,,,,,,,,,,1,4,19,10,,,,,32.66653710009996,,32.655788400094025,32.66653710009996,32.66653710009996,37.693035100004636,3.965,5.022754700039513,,,,,,,,,,,,,,,Participant 03,001,2025-10-16_19h53.57.660,Word Priming Experiment,,2025.1.1,119.40654948965773,2025-10-16 19h54.28.617137 +0530,
Chart,20,5,1,1.02,2.0737290000543,,,,,,,,,,,,1,5,20,6,,,,,37.708657600102015,,37.69596800010186,37.708657600102015,37.708657600102015,39.78442100004759,1.02,2.0737290000543,,,,,,,,,,,,,,,Participant 03,001,2025-10-16_19h53.57.660,Word Priming Experiment,,2025.1.1,119.40654948965773,2025-10-16 19h54.28.617137 +0530,
marble,21,6,1,3.51,3.2489174000220373,,,,,,,,,,,,1,6,21,3,,,,,39.79989430005662,,39.78732100001071,39.79989430005662,39.79989430005662,43.05205710011069,3.51,3.2489174000220373,,,,,,,,,,,,,,,Participant 03,001,2025-10-16_19h53.57.660,Word Priming Experiment,,2025.1.1,119.40654948965773,2025-10-16 19h54.28.617137 +0530,
Laptop,22,7,1,1.03,1.9558340000221506,,,,,,,,,,,,1,7,22,5,,,,,43.067086299997754,,43.054827800020576,43.067086299997754,43.067086299997754,45.026533400057815,1.03,1.9558340000221506,,,,,,,,,,,,,,,Participant 03,001,2025-10-16_19h53.57.660,Word Priming Experiment,,2025.1.1,119.40654948965773,2025-10-16 19h54.28.617137 +0530,
phone,23,8,1,1.03,1.2683862000703812,,,,,,,,,,,,1,8,23,2,,,,,45.04162280005403,,45.02971690008417,45.04162280005403,45.04162280005403,46.309732699999586,1.03,1.2683862000703812,,,,,,,,,,,,,,,Participant 03,001,2025-10-16_19h53.57.660,Word Priming Experiment,,2025.1.1,119.40654948965773,2025-10-16 19h54.28.617137 +0530,
mouse,24,9,1,3.915,3.1075416000094265,,,,,,,,,,,,1,9,24,8,,,,,46.3249898001086,,46.312216000049375,46.3249898001086,46.3249898001086,49.43450329999905,3.915,3.1075416000094265,,,,,,,,,,,,,,,Participant 03,001,2025-10-16_19h53.57.660,Word Priming Experiment,,2025.1.1,119.40654948965773,2025-10-16 19h54.28.617137 +0530,
Pastry,25,10,1,1.035,1.6735905000241473,,,,,,,,,,,,1,10,25,9,,,,,49.449761700001545,,49.43761310004629,49.449761700001545,49.449761700001545,51.12568789999932,1.035,1.6735905000241473,,,,,,,,,,,,,,,Participant 03,001,2025-10-16_19h53.57.660,Word Priming Experiment,,2025.1.1,119.40654948965773,2025-10-16 19h54.28.617137 +0530,
Poster,26,11,1,1.035,1.1826657999772578,,,,,,,,,,,,1,11,26,14,,,,,51.14119800005574,,51.12874760001432,51.14119800005574,51.14119800005574,52.328223500051536,1.035,1.1826657999772578,,,,,,,,,,,,,,,Participant 03,001,2025-10-16_19h53.57.660,Word Priming Experiment,,2025.1.1,119.40654948965773,2025-10-16 19h54.28.617137 +0530,
cushion,27,12,1,1.035,1.1801439000992104,,,,,,,,,,,,1,12,27,1,,,,,52.34217410010751,,52.331865500076674,52.34217410010751,52.34217410010751,53.54277749999892,1.035,1.1801439000992104,,,,,,,,,,,,,,,Participant 03,001,2025-10-16_19h53.57.660,Word Priming Experiment,,2025.1.1,119.40654948965773,2025-10-16 19h54.28.617137 +0530,
board,28,13,1,1.035,1.248075700015761,,,,,,,,,,,,1,13,28,4,,,,,53.55840680003166,,53.54695390001871,53.55840680003166,53.55840680003166,54.809680100064725,1.035,1.248075700015761,,,,,,,,,,,,,,,Participant 03,001,2025-10-16_19h53.57.660,Word Priming Experiment,,2025.1.1,119.40654948965773,2025-10-16 19h54.28.617137 +0530,
Police,29,14,1,1.035,1.6987430999288335,,,,,,,,,,,,1,14,29,12,,,,,54.82620940008201,,54.812857300043106,54.82620940008201,54.82620940008201,56.52517989999615,1.035,1.6987430999288335,,,,,,,,,,,,,,,Participant 03,001,2025-10-16_19h53.57.660,Word Priming Experiment,,2025.1.1,119.40654948965773,2025-10-16 19h54.28.617137 +0530,
cushion,30,0,2,1.035,1.0335980000672862,,,,,,,,,,,,2,0,30,1,,,,,56.54112360009458,,56.527897700085305,56.54112360009458,56.54112360009458,57.57666060002521,1.035,1.0335980000672862,,,,,,,,,,,,,,,Participant 03,001,2025-10-16_19h53.57.660,Word Priming Experiment,,2025.1.1,119.40654948965773,2025-10-16 19h54.28.617137 +0530,
Chart,31,1,2,1.035,1.3309739000396803,,,,,,,,,,,,2,1,31,6,,,,,57.59112820005976,,57.579531499999575,57.59112820005976,57.59112820005976,58.9254074000055,1.035,1.3309739000396803,,,,,,,,,,,,,,,Participant 03,001,2025-10-16_19h53.57.660,Word Priming Experiment,,2025.1.1,119.40654948965773,2025-10-16 19h54.28.617137 +0530,
Poster,32,2,2,1.035,1.0314072000328451,,,,,,,,,,,,2,2,32,14,,,,,58.941580600105226,,58.92827430006582,58.941580600105226,58.941580600105226,59.974873000057414,1.035,1.0314072000328451,,,,,,,,,,,,,,,Participant 03,001,2025-10-16_19h53.57.660,Word Priming Experiment,,2025.1.1,119.40654948965773,2025-10-16 19h54.28.617137 +0530,
Pastry,33,3,2,1.035,1.10150099999737,,,,,,,,,,,,2,3,33,9,,,,,59.99140550009906,,59.977447000099346,59.99140550009906,59.99140550009906,61.092447200091556,1.035,1.10150099999737,,,,,,,,,,,,,,,Participant 03,001,2025-10-16_19h53.57.660,Word Priming Experiment,,2025.1.1,119.40654948965773,2025-10-16 19h54.28.617137 +0530,
marble,34,4,2,4.175,5.825003099977039,,,,,,,,,,,,2,4,34,3,,,,,61.10804160009138,,61.09481940011028,61.10804160009138,61.10804160009138,66.95004700007848,4.175,5.825003099977039,,,,,,,,,,,,,,,Participant 03,001,2025-10-16_19h53.57.660,Word Priming Experiment,,2025.1.1,119.40654948965773,2025-10-16 19h54.28.617137 +0530,
Laptop,35,5,2,4.1850000000000005,3.305595300043933,,,,,,,,,,,,2,5,35,5,,,,,66.9666106000077,,66.9539850000292,66.9666106000077,66.9666106000077,70.28319860005286,4.1850000000000005,3.305595300043933,,,,,,,,,,,,,,,Participant 03,001,2025-10-16_19h53.57.660,Word Priming Experiment,,2025.1.1,119.40654948965773,2025-10-16 19h54.28.617137 +0530,
phone,36,6,2,1.025,2.048890700098127,,,,,,,,,,,,2,6,36,2,,,,,70.2999478999991,,70.2861027000472,70.2999478999991,70.2999478999991,72.35219100001268,1.025,2.048890700098127,,,,,,,,,,,,,,,Participant 03,001,2025-10-16_19h53.57.660,Word Priming Experiment,,2025.1.1,119.40654948965773,2025-10-16 19h54.28.617137 +0530,
book,37,7,2,1.025,0.8317205000203103,,,,,,,,,,,,2,7,37,0,,,,,72.36622540000826,,72.35492680000607,72.36622540000826,72.36622540000826,73.21690690005198,1.025,0.8317205000203103,,,,,,,,,,,,,,,Participant 03,001,2025-10-16_19h53.57.660,Word Priming Experiment,,2025.1.1,119.40654948965773,2025-10-16 19h54.28.617137 +0530,
Case,38,8,2,1.025,0.9298031999496743,,,,,,,,,,,,2,8,38,10,,,,,73.2355473000789,,73.22191240009852,73.2355473000789,73.2355473000789,74.16782319999766,1.025,0.9298031999496743,,,,,,,,,,,,,,,Participant 03,001,2025-10-16_19h53.57.660,Word Priming Experiment,,2025.1.1,119.40654948965773,2025-10-16 19h54.28.617137 +0530,
board,39,9,2,2.935,3.7805020000087097,,,,,,,,,,,,2,9,39,4,,,,,74.18278230004944,,74.17209230002481,74.18278230004944,74.18278230004944,77.96743840002455,2.935,3.7805020000087097,,,,,,,,,,,,,,,Participant 03,001,2025-10-16_19h53.57.660,Word Priming Experiment,,2025.1.1,119.40654948965773,2025-10-16 19h54.28.617137 +0530,
T-shirt,40,10,2,1,2.340264300000854,,,,,,,,,,,,2,10,40,7,,,,,77.98397460009437,,77.97075140010566,77.98397460009437,77.98397460009437,80.34154650010169,1,2.340264300000854,,,,,,,,,,,,,,,Participant 03,001,2025-10-16_19h53.57.660,Word Priming Experiment,,2025.1.1,119.40654948965773,2025-10-16 19h54.28.617137 +0530,
mouse,41,11,2,1,2.08256380003877,,,,,,,,,,,,2,11,41,8,,,,,80.35842220007908,,80.34532690001652,80.35842220007908,80.35842220007908,82.44140560005326,1,2.08256380003877,,,,,,,,,,,,,,,Participant 03,001,2025-10-16_19h53.57.660,Word Priming Experiment,,2025.1.1,119.40654948965773,2025-10-16 19h54.28.617137 +0530,
Cruise,42,12,2,4.985,4.233597600017674,,,,,,,,,,,,2,12,42,11,,,,,82.45780680002645,,82.44398090010509,82.45780680002645,82.45780680002645,86.7083363001002,4.985,4.233597600017674,,,,,,,,,,,,,,,Participant 03,001,2025-10-16_19h53.57.660,Word Priming Experiment,,2025.1.1,119.40654948965773,2025-10-16 19h54.28.617137 +0530,
Police,43,13,2,1.065,1.6816072000656277,,,,,,,,,,,,2,13,43,12,,,,,86.72478090005461,,86.71238939999603,86.72478090005461,86.72478090005461,88.42510360002052,1.065,1.6816072000656277,,,,,,,,,,,,,,,Participant 03,001,2025-10-16_19h53.57.660,Word Priming Experiment,,2025.1.1,119.40654948965773,2025-10-16 19h54.28.617137 +0530,
Keys,44,14,2,1.065,1.2324063000269234,,,,,,,,,,,,2,14,44,13,,,,,88.44183630007319,,88.42866710003,88.44183630007319,88.44183630007319,89.67593850009143,1.065,1.2324063000269234,,,,,,,,,,,,,,,Participant 03,001,2025-10-16_19h53.57.660,Word Priming Experiment,,2025.1.1,119.40654948965773,2025-10-16 19h54.28.617137 +0530,
Pastry,45,0,3,1.065,2.0471628999803215,,,,,,,,,,,,3,0,45,9,,,,,89.69081910001114,,89.67941270000301,89.69081910001114,89.69081910001114,91.74219590006396,1.065,2.0471628999803215,,,,,,,,,,,,,,,Participant 03,001,2025-10-16_19h53.57.660,Word Priming Experiment,,2025.1.1,119.40654948965773,2025-10-16 19h54.28.617137 +0530,
marble,46,1,3,1.065,1.1151168000651523,,,,,,,,,,,,3,1,46,3,,,,,91.7580658000661,,91.74616209999658,91.7580658000661,91.7580658000661,92.89122820005286,1.065,1.1151168000651523,,,,,,,,,,,,,,,Participant 03,001,2025-10-16_19h53.57.660,Word Priming Experiment,,2025.1.1,119.40654948965773,2025-10-16 19h54.28.617137 +0530,
Chart,47,2,3,1.065,0.9485683999955654,,,,,,,,,,,,3,2,47,6,,,,,92.90837060008198,,92.89514950010926,92.90837060008198,92.90837060008198,93.8579831001116,1.065,0.9485683999955654,,,,,,,,,,,,,,,Participant 03,001,2025-10-16_19h53.57.660,Word Priming Experiment,,2025.1.1,119.40654948965773,2025-10-16 19h54.28.617137 +0530,
Case,48,3,3,3.95,4.956178699969314,,,,,,,,,,,,3,3,48,10,,,,,93.87458320008591,,93.86136040010024,93.87458320008591,93.87458320008591,98.84111560008023,3.95,4.956178699969314,,,,,,,,,,,,,,,Participant 03,001,2025-10-16_19h53.57.660,Word Priming Experiment,,2025.1.1,119.40654948965773,2025-10-16 19h54.28.617137 +0530,
mouse,49,4,3,3.95,0.3819589000195265,,,,,,,,,,,,3,4,49,8,,,,,98.85774520004634,,98.8449140000157,98.85774520004634,98.85774520004634,99.2449406000087,3.95,0.3819589000195265,,,,,,,,,,,,,,,Participant 03,001,2025-10-16_19h53.57.660,Word Priming Experiment,,2025.1.1,119.40654948965773,2025-10-16 19h54.28.617137 +0530,
book,50,5,3,1.015,2.094801399973221,,,,,,,,,,,,3,5,50,0,,,,,99.27358460007235,,99.24860430008266,99.27358460007235,99.27358460007235,101.37483470002189,1.015,2.094801399973221,,,,,,,,,,,,,,,Participant 03,001,2025-10-16_19h53.57.660,Word Priming Experiment,,2025.1.1,119.40654948965773,2025-10-16 19h54.28.617137 +0530,
Cruise,51,6,3,4.865,2.730709300027229,,,,,,,,,,,,3,6,51,11,,,,,101.39121330005582,,101.3790121000493,101.39121330005582,101.39121330005582,104.1422453999985,4.865,2.730709300027229,,,,,,,,,,,,,,,Participant 03,001,2025-10-16_19h53.57.660,Word Priming Experiment,,2025.1.1,119.40654948965773,2025-10-16 19h54.28.617137 +0530,
Laptop,52,7,3,4.895,2.2468268999364227,,,,,,,,,,,,3,7,52,5,,,,,104.15955270000268,,104.14617720001843,104.15955270000268,104.15955270000268,106.42437140003312,4.895,2.2468268999364227,,,,,,,,,,,,,,,Participant 03,001,2025-10-16_19h53.57.660,Word Priming Experiment,,2025.1.1,119.40654948965773,2025-10-16 19h54.28.617137 +0530,
Keys,53,8,3,1,1.8766080999048427,,,,,,,,,,,,3,8,53,13,,,,,106.44167210010346,,106.42806470009964,106.44167210010346,106.44167210010346,108.31792820000555,1,1.8766080999048427,,,,,,,,,,,,,,,Participant 03,001,2025-10-16_19h53.57.660,Word Priming Experiment,,2025.1.1,119.40654948965773,2025-10-16 19h54.28.617137 +0530,
cushion,54,9,3,1,0.9642878000158817,,,,,,,,,,,,3,9,54,1,,,,,108.33255990000907,,108.32064530008938,108.33255990000907,108.33255990000907,109.29956660000607,1,0.9642878000158817,,,,,,,,,,,,,,,Participant 03,001,2025-10-16_19h53.57.660,Word Priming Experiment,,2025.1.1,119.40654948965773,2025-10-16 19h54.28.617137 +0530,
phone,55,10,3,1,0.9832942000357434,,,,,,,,,,,,3,10,55,2,,,,,109.31568250001874,,109.30226270004641,109.31568250001874,109.31568250001874,110.30079960008152,1,0.9832942000357434,,,,,,,,,,,,,,,Participant 03,001,2025-10-16_19h53.57.660,Word Priming Experiment,,2025.1.1,119.40654948965773,2025-10-16 19h54.28.617137 +0530,
Police,56,11,3,1,0.8644419000484049,,,,,,,,,,,,3,11,56,12,,,,,110.315559700015,,110.30507240002044,110.315559700015,110.315559700015,111.18406070000492,1,0.8644419000484049,,,,,,,,,,,,,,,Participant 03,001,2025-10-16_19h53.57.660,Word Priming Experiment,,2025.1.1,119.40654948965773,2025-10-16 19h54.28.617137 +0530,
board,57,12,3,1,1.030659299925901,,,,,,,,,,,,3,12,57,4,,,,,111.19919190008659,,111.1875365000451,111.19919190008659,111.19919190008659,112.2353711000178,1,1.030659299925901,,,,,,,,,,,,,,,Participant 03,001,2025-10-16_19h53.57.660,Word Priming Experiment,,2025.1.1,119.40654948965773,2025-10-16 19h54.28.617137 +0530,
T-shirt,58,13,3,1,0.8630322000244632,,,,,,,,,,,,3,13,58,7,,,,,112.24890210002195,,112.23868130007759,112.24890210002195,112.24890210002195,113.11672290007118,1,0.8630322000244632,,,,,,,,,,,,,,,Participant 03,001,2025-10-16_19h53.57.660,Word Priming Experiment,,2025.1.1,119.40654948965773,2025-10-16 19h54.28.617137 +0530,
Poster,59,14,3,1,0.9986526001011953,,,,,,,,,,,,3,14,59,14,,,,,113.1324490000261,,113.11997980007436,113.1324490000261,113.1324490000261,114.14975930005312,1,0.9986526001011953,,,,,,,,,,,,,,,Participant 03,001,2025-10-16_19h53.57.660,Word Priming Experiment,,2025.1.1,119.40654948965773,2025-10-16 19h54.28.617137 +0530,
Pastry,60,0,4,1,0.8820588999660686,,,,,,,,,,,,4,0,60,9,,,,,114.16616550006438,,114.15346030006185,114.16616550006438,114.16616550006438,115.06604659999721,1,0.8820588999660686,,,,,,,,,,,,,,,Participant 03,001,2025-10-16_19h53.57.660,Word Priming Experiment,,2025.1.1,119.40654948965773,2025-10-16 19h54.28.617137 +0530,
Keys,61,1,4,1,1.8661836999235675,,,,,,,,,,,,4,1,61,13,,,,,115.08295850001741,,115.06977650010958,115.08295850001741,115.08295850001741,116.95047450007405,1,1.8661836999235675,,,,,,,,,,,,,,,Participant 03,001,2025-10-16_19h53.57.660,Word Priming Experiment,,2025.1.1,119.40654948965773,2025-10-16 19h54.28.617137 +0530,
Laptop,62,2,4,2.8049999999999997,2.4390311000170186,,,,,,,,,,,,4,2,62,5,,,,,116.96556710009463,,116.95421080000233,116.96556710009463,116.96556710009463,119.42410950001795,2.8049999999999997,2.4390311000170186,,,,,,,,,,,,,,,Participant 03,001,2025-10-16_19h53.57.660,Word Priming Experiment,,2025.1.1,119.40654948965773,2025-10-16 19h54.28.617137 +0530,
Police,63,3,4,1.095,1.557069499976933,,,,,,,,,,,,4,3,63,12,,,,,119.44087990000844,,119.427852599998,119.44087990000844,119.44087990000844,121.01622300001327,1.095,1.557069499976933,,,,,,,,,,,,,,,Participant 03,001,2025-10-16_19h53.57.660,Word Priming Experiment,,2025.1.1,119.40654948965773,2025-10-16 19h54.28.617137 +0530,
cushion,64,4,4,1.095,0.8642104000318795,,,,,,,,,,,,4,4,64,1,,,,,121.03325830004178,,121.02005020005163,121.03325830004178,121.03325830004178,121.90157390001696,1.095,0.8642104000318795,,,,,,,,,,,,,,,Participant 03,001,2025-10-16_19h53.57.660,Word Priming Experiment,,2025.1.1,119.40654948965773,2025-10-16 19h54.28.617137 +0530,
Cruise,65,5,4,1.095,0.8146428000181913,,,,,,,,,,,,4,5,65,11,,,,,121.91599860007409,,121.90490730002057,121.91599860007409,121.91599860007409,122.73375630006194,1.095,0.8146428000181913,,,,,,,,,,,,,,,Participant 03,001,2025-10-16_19h53.57.660,Word Priming Experiment,,2025.1.1,119.40654948965773,2025-10-16 19h54.28.617137 +0530,
Poster,66,6,4,3.865,4.345635200035758,,,,,,,,,,,,4,6,66,14,,,,,122.74901390005834,,122.73921220004559,122.74901390005834,122.74901390005834,127.10033080005087,3.865,4.345635200035758,,,,,,,,,,,,,,,Participant 03,001,2025-10-16_19h53.57.660,Word Priming Experiment,,2025.1.1,119.40654948965773,2025-10-16 19h54.28.617137 +0530,
mouse,67,7,4,3.865,0.3985930000199005,,,,,,,,,,,,4,7,67,8,,,,,127.11551300005522,,127.10281540011056,127.11551300005522,127.11551300005522,127.53289670008235,3.865,0.3985930000199005,,,,,,,,,,,,,,,Participant 03,001,2025-10-16_19h53.57.660,Word Priming Experiment,,2025.1.1,119.40654948965773,2025-10-16 19h54.28.617137 +0530,
T-shirt,68,8,4,1.155,1.4313804999692366,,,,,,,,,,,,4,8,68,7,,,,,127.549391400069,,127.5374543000944,127.549391400069,127.549391400069,128.983559000073,1.155,1.4313804999692366,,,,,,,,,,,,,,,Participant 03,001,2025-10-16_19h53.57.660,Word Priming Experiment,,2025.1.1,119.40654948965773,2025-10-16 19h54.28.617137 +0530,
board,69,9,4,1.155,1.4136489999946207,,,,,,,,,,,,4,9,69,4,,,,,128.99943770002574,,128.9872456000885,128.99943770002574,128.99943770002574,130.41727700002957,1.155,1.4136489999946207,,,,,,,,,,,,,,,Participant 03,001,2025-10-16_19h53.57.660,Word Priming Experiment,,2025.1.1,119.40654948965773,2025-10-16 19h54.28.617137 +0530,
marble,70,10,4,1.155,0.9305465000215918,,,,,,,,,,,,4,10,70,3,,,,,130.4333273000084,,130.42026710009668,130.4333273000084,130.4333273000084,131.3683488999959,1.155,0.9305465000215918,,,,,,,,,,,,,,,Participant 03,001,2025-10-16_19h53.57.660,Word Priming Experiment,,2025.1.1,119.40654948965773,2025-10-16 19h54.28.617137 +0530,
Chart,71,11,4,1.155,0.9465209000045434,,,,,,,,,,,,4,11,71,6,,,,,131.3821308000479,,131.37179730006028,131.3821308000479,131.3821308000479,132.33344050007872,1.155,0.9465209000045434,,,,,,,,,,,,,,,Participant 03,001,2025-10-16_19h53.57.660,Word Priming Experiment,,2025.1.1,119.40654948965773,2025-10-16 19h54.28.617137 +0530,
Case,72,12,4,1.155,0.8986303000710905,,,,,,,,,,,,4,12,72,10,,,,,132.3487090000417,,132.33603500004392,132.3487090000417,132.3487090000417,133.2495012000436,1.155,0.8986303000710905,,,,,,,,,,,,,,,Participant 03,001,2025-10-16_19h53.57.660,Word Priming Experiment,,2025.1.1,119.40654948965773,2025-10-16 19h54.28.617137 +0530,
phone,73,13,4,1.155,1.0515132999280468,,,,,,,,,,,,4,13,73,2,,,,,133.26626370009035,,133.25212540000211,133.26626370009035,133.26626370009035,134.31747940008063,1.155,1.0515132999280468,,,,,,,,,,,,,,,Participant 03,001,2025-10-16_19h53.57.660,Word Priming Experiment,,2025.1.1,119.40654948965773,2025-10-16 19h54.28.617137 +0530,
book,74,14,4,1.155,1.1145120000001043,,,,,,,,,,,,4,14,74,0,,,,,134.33184430003166,,134.31990290002432,134.33184430003166,134.33184430003166,135.4663426000625,1.155,1.1145120000001043,,,,,,,,,,,,,,,Participant 03,001,2025-10-16_19h53.57.660,Word Priming Experiment,,2025.1.1,119.40654948965773,2025-10-16 19h54.28.617137 +0530,
phone,75,0,5,1.155,0.998851599986665,,,,,,,,,,,,5,0,75,2,,,,,135.4829259000253,,135.46987310005352,135.4829259000253,135.4829259000253,136.49923410010524,1.155,0.998851599986665,,,,,,,,,,,,,,,Participant 03,001,2025-10-16_19h53.57.660,Word Priming Experiment,,2025.1.1,119.40654948965773,2025-10-16 19h54.28.617137 +0530,
Keys,76,1,5,1.155,0.1363324000267312,,,,,,,,,,,,5,1,76,13,,,,,136.51661030005198,,136.5031772000948,136.51661030005198,136.51661030005198,136.66606550000142,1.155,0.1363324000267312,,,,,,,,,,,,,,,Participant 03,001,2025-10-16_19h53.57.660,Word Priming Experiment,,2025.1.1,119.40654948965773,2025-10-16 19h54.28.617137 +0530,
mouse,77,2,5,1.155,0.14724459999706596,,,,,,,,,,,,5,2,77,8,,,,,136.68280040007085,,136.6698500000639,136.68280040007085,136.68280040007085,136.83639559999574,1.155,0.14724459999706596,,,,,,,,,,,,,,,Participant 03,001,2025-10-16_19h53.57.660,Word Priming Experiment,,2025.1.1,119.40654948965773,2025-10-16 19h54.28.617137 +0530,
book,78,3,5,1.155,0.14704859990160912,,,,,,,,,,,,5,3,78,0,,,,,136.8644921000814,,136.83944930008147,136.8644921000814,136.8644921000814,137.01609270006884,1.155,0.14704859990160912,,,,,,,,,,,,,,,Participant 03,001,2025-10-16_19h53.57.660,Word Priming Experiment,,2025.1.1,119.40654948965773,2025-10-16 19h54.28.617137 +0530,
Pastry,79,4,5,1.155,0.1466319999890402,,,,,,,,,,,,5,4,79,9,,,,,137.0325051000109,,137.0209941000212,137.0325051000109,137.0325051000109,137.18250160000753,1.155,0.1466319999890402,,,,,,,,,,,,,,,Participant 03,001,2025-10-16_19h53.57.660,Word Priming Experiment,,2025.1.1,119.40654948965773,2025-10-16 19h54.28.617137 +0530,
Cruise,80,5,5,1.155,0.16636250005103648,,,,,,,,,,,,5,5,80,11,,,,,137.1985360000981,,137.18536600004882,137.1985360000981,137.1985360000981,137.38312680006493,1.155,0.16636250005103648,,,,,,,,,,,,,,,Participant 03,001,2025-10-16_19h53.57.660,Word Priming Experiment,,2025.1.1,119.40654948965773,2025-10-16 19h54.28.617137 +0530,
Chart,81,6,5,1.155,0.13022349996026605,,,,,,,,,,,,5,6,81,6,,,,,137.3997966001043,,137.38727180007845,137.3997966001043,137.3997966001043,137.53413880011067,1.155,0.13022349996026605,,,,,,,,,,,,,,,Participant 03,001,2025-10-16_19h53.57.660,Word Priming Experiment,,2025.1.1,119.40654948965773,2025-10-16 19h54.28.617137 +0530,
marble,82,7,5,1.155,0.18097129999659956,,,,,,,,,,,,5,7,82,3,,,,,137.54882060003,,137.5371120000491,137.54882060003,137.54882060003,137.7334009000333,1.155,0.18097129999659956,,,,,,,,,,,,,,,Participant 03,001,2025-10-16_19h53.57.660,Word Priming Experiment,,2025.1.1,119.40654948965773,2025-10-16 19h54.28.617137 +0530,
Case,83,8,5,1.155,0.14805379998870194,,,,,,,,,,,,5,8,83,10,,,,,137.75042990001384,,137.73635240003932,137.75042990001384,137.75042990001384,137.8993956000777,1.155,0.14805379998870194,,,,,,,,,,,,,,,Participant 03,001,2025-10-16_19h53.57.660,Word Priming Experiment,,2025.1.1,119.40654948965773,2025-10-16 19h54.28.617137 +0530,
Poster,84,9,5,1.155,0.1669935000827536,,,,,,,,,,,,5,9,84,14,,,,,137.9154985001078,,137.90225510008167,137.9154985001078,137.9154985001078,138.0994503000984,1.155,0.1669935000827536,,,,,,,,,,,,,,,Participant 03,001,2025-10-16_19h53.57.660,Word Priming Experiment,,2025.1.1,119.40654948965773,2025-10-16 19h54.28.617137 +0530,
T-shirt,85,10,5,1.155,0.16618419997394085,,,,,,,,,,,,5,10,85,7,,,,,138.11699440004304,,138.10347570001613,138.11699440004304,138.11699440004304,138.28305369999725,1.155,0.16618419997394085,,,,,,,,,,,,,,,Participant 03,001,2025-10-16_19h53.57.660,Word Priming Experiment,,2025.1.1,119.40654948965773,2025-10-16 19h54.28.617137 +0530,
Police,86,11,5,1.155,0.16462239995598793,,,,,,,,,,,,5,11,86,12,,,,,138.29934600007255,,138.28604130004533,138.29934600007255,138.29934600007255,138.46624180010986,1.155,0.16462239995598793,,,,,,,,,,,,,,,Participant 03,001,2025-10-16_19h53.57.660,Word Priming Experiment,,2025.1.1,119.40654948965773,2025-10-16 19h54.28.617137 +0530,
board,87,12,5,1.155,0.15022499999031425,,,,,,,,,,,,5,12,87,4,,,,,138.48228740005288,,138.4690755000338,138.48228740005288,138.48228740005288,138.63253660011105,1.155,0.15022499999031425,,,,,,,,,,,,,,,Participant 03,001,2025-10-16_19h53.57.660,Word Priming Experiment,,2025.1.1,119.40654948965773,2025-10-16 19h54.28.617137 +0530,
cushion,88,13,5,1.155,0.15023389994166791,,,,,,,,,,,,5,13,88,1,,,,,138.64907929999754,,138.63522749999538,138.64907929999754,138.64907929999754,138.80089990003034,1.155,0.15023389994166791,,,,,,,,,,,,,,,Participant 03,001,2025-10-16_19h53.57.660,Word Priming Experiment,,2025.1.1,119.40654948965773,2025-10-16 19h54.28.617137 +0530,
Laptop,89,14,5,1.155,0.1129058999940753,,,,,,,,,,,,5,14,89,5,,,,,138.8158852000488,,138.80478770006448,138.8158852000488,138.8158852000488,138.9331591000082,1.155,0.1129058999940753,,,,,,,,,,,,,,,Participant 03,001,2025-10-16_19h53.57.660,Word Priming Experiment,,2025.1.1,119.40654948965773,2025-10-16 19h54.28.617137 +0530,
phone,90,0,6,1.155,0.11560719995759428,,,,,,,,,,,,6,0,90,2,,,,,138.94868040003348,,138.93603600002825,138.94868040003348,138.94868040003348,139.06764290004503,1.155,0.11560719995759428,,,,,,,,,,,,,,,Participant 03,001,2025-10-16_19h53.57.660,Word Priming Experiment,,2025.1.1,119.40654948965773,2025-10-16 19h54.28.617137 +0530,
T-shirt,91,1,6,1.155,0.09694399998988956,,,,,,,,,,,,6,1,91,7,,,,,139.08213800005615,,139.0716406001011,139.08213800005615,139.08213800005615,139.18312460009474,1.155,0.09694399998988956,,,,,,,,,,,,,,,Participant 03,001,2025-10-16_19h53.57.660,Word Priming Experiment,,2025.1.1,119.40654948965773,2025-10-16 19h54.28.617137 +0530,
cushion,92,2,6,1.155,0.1004580999724567,,,,,,,,,,,,6,2,92,1,,,,,139.19860100001097,,139.1857461000327,139.19860100001097,139.19860100001097,139.30110480007716,1.155,0.1004580999724567,,,,,,,,,,,,,,,Participant 03,001,2025-10-16_19h53.57.660,Word Priming Experiment,,2025.1.1,119.40654948965773,2025-10-16 19h54.28.617137 +0530,
mouse,93,3,6,1.155,0.11372310004662722,,,,,,,,,,,,6,3,93,8,,,,,139.3157628000481,,139.3048829000909,139.3157628000481,139.3157628000481,139.4331767000258,1.155,0.11372310004662722,,,,,,,,,,,,,,,Participant 03,001,2025-10-16_19h53.57.660,Word Priming Experiment,,2025.1.1,119.40654948965773,2025-10-16 19h54.28.617137 +0530,
Keys,94,4,6,1.155,0.09996789996512234,,,,,,,,,,,,6,4,94,13,,,,,139.44928210007492,,139.4360969000263,139.44928210007492,139.44928210007492,139.56629030010663,1.155,0.09996789996512234,,,,,,,,,,,,,,,Participant 03,001,2025-10-16_19h53.57.660,Word Priming Experiment,,2025.1.1,119.40654948965773,2025-10-16 19h54.28.617137 +0530,
Poster,95,5,6,1.155,0.09704440005589277,,,,,,,,,,,,6,5,95,14,,,,,139.58286350010894,,139.57054440001957,139.58286350010894,139.58286350010894,139.68349500000477,1.155,0.09704440005589277,,,,,,,,,,,,,,,Participant 03,001,2025-10-16_19h53.57.660,Word Priming Experiment,,2025.1.1,119.40654948965773,2025-10-16 19h54.28.617137 +0530,
marble,96,6,6,1.155,0.09909619996324182,,,,,,,,,,,,6,6,96,3,,,,,139.69866940006614,,139.68687790003605,139.69866940006614,139.69866940006614,139.79929710004944,1.155,0.09909619996324182,,,,,,,,,,,,,,,Participant 03,001,2025-10-16_19h53.57.660,Word Priming Experiment,,2025.1.1,119.40654948965773,2025-10-16 19h54.28.617137 +0530,
Case,97,7,6,1.155,0.11785239994060248,,,,,,,,,,,,6,7,97,10,,,,,139.8157126000151,,139.8019176000962,139.8157126000151,139.8157126000151,139.93348060001153,1.155,0.11785239994060248,,,,,,,,,,,,,,,Participant 03,001,2025-10-16_19h53.57.660,Word Priming Experiment,,2025.1.1,119.40654948965773,2025-10-16 19h54.28.617137 +0530,
Chart,98,8,6,1.155,0.09853410010691732,,,,,,,,,,,,6,8,98,6,,,,,139.94889570004307,,139.93626790004782,139.94889570004307,139.94889570004307,140.0494569001021,1.155,0.09853410010691732,,,,,,,,,,,,,,,Participant 03,001,2025-10-16_19h53.57.660,Word Priming Experiment,,2025.1.1,119.40654948965773,2025-10-16 19h54.28.617137 +0530,
Cruise,99,9,6,1.155,0.24888090009335428,,,,,,,,,,,,6,9,99,11,,,,,140.0657121000113,,140.05246520007495,140.0657121000113,140.0657121000113,140.31648800009862,1.155,0.24888090009335428,,,,,,,,,,,,,,,Participant 03,001,2025-10-16_19h53.57.660,Word Priming Experiment,,2025.1.1,119.40654948965773,2025-10-16 19h54.28.617137 +0530,
Pastry,100,10,6,1.155,0.2320590999443084,,,,,,,,,,,,6,10,100,9,,,,,140.33256180002354,,140.3193865000503,140.33256180002354,140.33256180002354,140.56658560002688,1.155,0.2320590999443084,,,,,,,,,,,,,,,Participant 03,001,2025-10-16_19h53.57.660,Word Priming Experiment,,2025.1.1,119.40654948965773,2025-10-16 19h54.28.617137 +0530,
Police,101,11,6,1.155,0.23233579995576292,,,,,,,,,,,,6,11,101,12,,,,,140.58212770009413,,140.56971970002633,140.58212770009413,140.58212770009413,140.81669750006404,1.155,0.23233579995576292,,,,,,,,,,,,,,,Participant 03,001,2025-10-16_19h53.57.660,Word Priming Experiment,,2025.1.1,119.40654948965773,2025-10-16 19h54.28.617137 +0530,
board,102,12,6,1.155,0.09860080003272742,,,,,,,,,,,,6,12,102,4,,,,,140.8320010000607,,140.8196031000698,140.8320010000607,140.8320010000607,140.94944039999973,1.155,0.09860080003272742,,,,,,,,,,,,,,,Participant 03,001,2025-10-16_19h53.57.660,Word Priming Experiment,,2025.1.1,119.40654948965773,2025-10-16 19h54.28.617137 +0530,
book,103,13,6,1.155,0.3974469000240788,,,,,,,,,,,,6,13,103,0,,,,,140.96640890010167,,140.9534652000293,140.96640890010167,140.96640890010167,141.36748570005875,1.155,0.3974469000240788,,,,,,,,,,,,,,,Participant 03,001,2025-10-16_19h53.57.660,Word Priming Experiment,,2025.1.1,119.40654948965773,2025-10-16 19h54.28.617137 +0530,
Laptop,104,14,6,1.155,0.23094090004451573,,,,,,,,,,,,6,14,104,5,,,,,141.3821647000732,,141.37098970008083,141.3821647000732,141.3821647000732,141.61581820005085,1.155,0.23094090004451573,,,,,,,,,,,,,,,Participant 03,001,2025-10-16_19h53.57.660,Word Priming Experiment,,2025.1.1,119.40654948965773,2025-10-16 19h54.28.617137 +0530,
marble,105,0,7,1.155,0.09979450004175305,,,,,,,,,,,,7,0,105,3,,,,,141.63198970002122,,141.6183008000953,141.63198970002122,141.63198970002122,141.75029270001687,1.155,0.09979450004175305,,,,,,,,,,,,,,,Participant 03,001,2025-10-16_19h53.57.660,Word Priming Experiment,,2025.1.1,119.40654948965773,2025-10-16 19h54.28.617137 +0530,
Poster,106,1,7,1.155,0.09642319998238236,,,,,,,,,,,,7,1,106,14,,,,,141.7662982000038,,141.75451830006205,141.7662982000038,141.7662982000038,141.8686072001001,1.155,0.09642319998238236,,,,,,,,,,,,,,,Participant 03,001,2025-10-16_19h53.57.660,Word Priming Experiment,,2025.1.1,119.40654948965773,2025-10-16 19h54.28.617137 +0530,
Chart,107,2,7,1.155,0.09618690004572272,,,,,,,,,,,,7,2,107,6,,,,,141.8980942000635,,141.8723765000468,141.8980942000635,141.8980942000635,141.9842493000906,1.155,0.09618690004572272,,,,,,,,,,,,,,,Participant 03,001,2025-10-16_19h53.57.660,Word Priming Experiment,,2025.1.1,119.40654948965773,2025-10-16 19h54.28.617137 +0530,
mouse,108,3,7,1.155,0.1141505999257788,,,,,,,,,,,,7,3,108,8,,,,,142.00022190005984,,141.98741100006737,142.00022190005984,142.00022190005984,142.11645700002555,1.155,0.1141505999257788,,,,,,,,,,,,,,,Participant 03,001,2025-10-16_19h53.57.660,Word Priming Experiment,,2025.1.1,119.40654948965773,2025-10-16 19h54.28.617137 +0530,
Keys,109,4,7,1.155,0.10121520003303885,,,,,,,,,,,,7,4,109,13,,,,,142.13254690007307,,142.1193426999962,142.13254690007307,142.13254690007307,142.24935820000246,1.155,0.10121520003303885,,,,,,,,,,,,,,,Participant 03,001,2025-10-16_19h53.57.660,Word Priming Experiment,,2025.1.1,119.40654948965773,2025-10-16 19h54.28.617137 +0530,
board,110,5,7,1.155,0.11546189989894629,,,,,,,,,,,,7,5,110,4,,,,,142.2660959000932,,142.2535332000116,142.2660959000932,142.2660959000932,142.3837765000062,1.155,0.11546189989894629,,,,,,,,,,,,,,,Participant 03,001,2025-10-16_19h53.57.660,Word Priming Experiment,,2025.1.1,119.40654948965773,2025-10-16 19h54.28.617137 +0530,
book,111,6,7,1.155,0.09890930005349219,,,,,,,,,,,,7,6,111,0,,,,,142.3981485000113,,142.38620230008382,142.3981485000113,142.3981485000113,142.51622270001099,1.155,0.09890930005349219,,,,,,,,,,,,,,,Participant 03,001,2025-10-16_19h53.57.660,Word Priming Experiment,,2025.1.1,119.40654948965773,2025-10-16 19h54.28.617137 +0530,
phone,112,7,7,1.155,0.08071690006181598,,,,,,,,,,,,7,7,112,2,,,,,142.5483842000831,,142.52078470005654,142.5483842000831,142.5483842000831,142.61621050001122,1.155,0.08071690006181598,,,,,,,,,,,,,,,Participant 03,001,2025-10-16_19h53.57.660,Word Priming Experiment,,2025.1.1,119.40654948965773,2025-10-16 19h54.28.617137 +0530,
Police,113,8,7,1.155,0.11712770001031458,,,,,,,,,,,,7,8,113,12,,,,,142.63198730000295,,142.61894460010808,142.63198730000295,142.63198730000295,142.75020370003767,1.155,0.11712770001031458,,,,,,,,,,,,,,,Participant 03,001,2025-10-16_19h53.57.660,Word Priming Experiment,,2025.1.1,119.40654948965773,2025-10-16 19h54.28.617137 +0530,
cushion,114,9,7,1.155,0.09928059997037053,,,,,,,,,,,,7,9,114,1,,,,,142.76519380009267,,142.75303950009402,142.76519380009267,142.76519380009267,142.8671697000973,1.155,0.09928059997037053,,,,,,,,,,,,,,,Participant 03,001,2025-10-16_19h53.57.660,Word Priming Experiment,,2025.1.1,119.40654948965773,2025-10-16 19h54.28.617137 +0530,
Pastry,115,10,7,1.155,0.11647450004238635,,,,,,,,,,,,7,10,115,9,,,,,142.88211360003334,,142.86967760010157,142.88211360003334,142.88211360003334,143.00071400008164,1.155,0.11647450004238635,,,,,,,,,,,,,,,Participant 03,001,2025-10-16_19h53.57.660,Word Priming Experiment,,2025.1.1,119.40654948965773,2025-10-16 19h54.28.617137 +0530,
Cruise,116,11,7,1.155,0.0979626999469474,,,,,,,,,,,,7,11,116,11,,,,,143.016360300011,,143.0049321000697,143.016360300011,143.016360300011,143.11558130010962,1.155,0.0979626999469474,,,,,,,,,,,,,,,Participant 03,001,2025-10-16_19h53.57.660,Word Priming Experiment,,2025.1.1,119.40654948965773,2025-10-16 19h54.28.617137 +0530,
Laptop,117,12,7,1.155,0.13413490005768836,,,,,,,,,,,,7,12,117,5,,,,,143.1325626000762,,143.11802110006101,143.1325626000762,143.1325626000762,143.2659104000777,1.155,0.13413490005768836,,,,,,,,,,,,,,,Participant 03,001,2025-10-16_19h53.57.660,Word Priming Experiment,,2025.1.1,119.40654948965773,2025-10-16 19h54.28.617137 +0530,
T-shirt,118,13,7,1.155,0.1816910000052303,,,,,,,,,,,,7,13,118,7,,,,,143.28234610008076,,143.2689176000422,143.28234610008076,143.28234610008076,143.4662267001113,1.155,0.1816910000052303,,,,,,,,,,,,,,,Participant 03,001,2025-10-16_19h53.57.660,Word Priming Experiment,,2025.1.1,119.40654948965773,2025-10-16 19h54.28.617137 +0530,
Case,119,14,7,1.155,0.1824050999712199,,,,,,,,,,,,7,14,119,10,,,,,143.48204010003246,,143.4688778000418,143.48204010003246,143.48204010003246,143.666437100037,1.155,0.1824050999712199,,,,,,,,,,,,,,,Participant 03,001,2025-10-16_19h53.57.660,Word Priming Experiment,,2025.1.1,119.40654948965773,2025-10-16 19h54.28.617137 +0530,
cushion,120,0,8,1.155,0.1321421000175178,,,,,,,,,,,,8,0,120,1,,,,,143.68205430009402,,143.6698210000759,143.68205430009402,143.68205430009402,143.83226340007968,1.155,0.1321421000175178,,,,,,,,,,,,,,,Participant 03,001,2025-10-16_19h53.57.660,Word Priming Experiment,,2025.1.1,119.40654948965773,2025-10-16 19h54.28.617137 +0530,
Keys,121,1,8,1.155,0.1493262000149116,,,,,,,,,,,,8,1,121,13,,,,,143.8490159000503,,143.8361877000425,143.8490159000503,143.8490159000503,143.9998652000213,1.155,0.1493262000149116,,,,,,,,,,,,,,,Participant 03,001,2025-10-16_19h53.57.660,Word Priming Experiment,,2025.1.1,119.40654948965773,2025-10-16 19h54.28.617137 +0530,
Pastry,122,2,8,1.155,0.14959539996925741,,,,,,,,,,,,8,2,122,9,,,,,144.01535060000606,,144.0028007000219,144.01535060000606,144.01535060000606,144.16729310003575,1.155,0.14959539996925741,,,,,,,,,,,,,,,Participant 03,001,2025-10-16_19h53.57.660,Word Priming Experiment,,2025.1.1,119.40654948965773,2025-10-16 19h54.28.617137 +0530,
book,123,3,8,1.155,0.14788880001287907,,,,,,,,,,,,8,3,123,0,,,,,144.18167230009567,,144.16966070001945,144.18167230009567,144.18167230009567,144.3342377000954,1.155,0.14788880001287907,,,,,,,,,,,,,,,Participant 03,001,2025-10-16_19h53.57.660,Word Priming Experiment,,2025.1.1,119.40654948965773,2025-10-16 19h54.28.617137 +0530,
phone,124,4,8,1.155,0.1478905000258237,,,,,,,,,,,,8,4,124,2,,,,,144.34943600010592,,144.3372019000817,144.34943600010592,144.34943600010592,144.4994461000897,1.155,0.1478905000258237,,,,,,,,,,,,,,,Participant 03,001,2025-10-16_19h53.57.660,Word Priming Experiment,,2025.1.1,119.40654948965773,2025-10-16 19h54.28.617137 +0530,
Police,125,5,8,1.155,0.18215339991729707,,,,,,,,,,,,8,5,125,12,,,,,144.5152393000899,,144.50222440005746,144.5152393000899,144.5152393000899,144.69942760001868,1.155,0.18215339991729707,,,,,,,,,,,,,,,Participant 03,001,2025-10-16_19h53.57.660,Word Priming Experiment,,2025.1.1,119.40654948965773,2025-10-16 19h54.28.617137 +0530,
Poster,126,6,8,1.155,0.18370739999227226,,,,,,,,,,,,8,6,126,14,,,,,144.71517840004526,,144.7023059000494,144.71517840004526,144.71517840004526,144.90022020007018,1.155,0.18370739999227226,,,,,,,,,,,,,,,Participant 03,001,2025-10-16_19h53.57.660,Word Priming Experiment,,2025.1.1,119.40654948965773,2025-10-16 19h54.28.617137 +0530,
Case,127,7,8,1.155,0.1528612000402063,,,,,,,,,,,,8,7,127,10,,,,,144.9157292000018,,144.9036061000079,144.9157292000018,144.9157292000018,145.08257260010578,1.155,0.1528612000402063,,,,,,,,,,,,,,,Participant 03,001,2025-10-16_19h53.57.660,Word Priming Experiment,,2025.1.1,119.40654948965773,2025-10-16 19h54.28.617137 +0530,
Chart,128,8,8,1.155,0.15047849994152784,,,,,,,,,,,,8,8,128,6,,,,,145.09927490004338,,145.08643910009414,145.09927490004338,145.09927490004338,145.26570720004383,1.155,0.15047849994152784,,,,,,,,,,,,,,,Participant 03,001,2025-10-16_19h53.57.660,Word Priming Experiment,,2025.1.1,119.40654948965773,2025-10-16 19h54.28.617137 +0530,
T-shirt,129,9,8,1.155,0.14899439993314445,,,,,,,,,,,,8,9,129,7,,,,,145.28479210007936,,145.2702666000696,145.28479210007936,145.28479210007936,145.43360250000842,1.155,0.14899439993314445,,,,,,,,,,,,,,,Participant 03,001,2025-10-16_19h53.57.660,Word Priming Experiment,,2025.1.1,119.40654948965773,2025-10-16 19h54.28.617137 +0530,
marble,130,10,8,1.155,0.1648443000158295,,,,,,,,,,,,8,10,130,3,,,,,145.44883880007546,,145.43680720007978,145.44883880007546,145.44883880007546,145.61674680002034,1.155,0.1648443000158295,,,,,,,,,,,,,,,Participant 03,001,2025-10-16_19h53.57.660,Word Priming Experiment,,2025.1.1,119.40654948965773,2025-10-16 19h54.28.617137 +0530,
Cruise,131,11,8,1.155,0.1670293000061065,,,,,,,,,,,,8,11,131,11,,,,,145.6319039000664,,145.61959850008134,145.6319039000664,145.6319039000664,145.81590660009533,1.155,0.1670293000061065,,,,,,,,,,,,,,,Participant 03,001,2025-10-16_19h53.57.660,Word Priming Experiment,,2025.1.1,119.40654948965773,2025-10-16 19h54.28.617137 +0530,
board,132,12,8,1.155,0.18144009995739907,,,,,,,,,,,,8,12,132,4,,,,,145.83269240008667,,145.8198274000315,145.83269240008667,145.83269240008667,146.0171963000903,1.155,0.18144009995739907,,,,,,,,,,,,,,,Participant 03,001,2025-10-16_19h53.57.660,Word Priming Experiment,,2025.1.1,119.40654948965773,2025-10-16 19h54.28.617137 +0530,
Laptop,133,13,8,1.155,0.18231840000953525,,,,,,,,,,,,8,13,133,5,,,,,146.03177100000903,,146.02019340009429,146.03177100000903,146.03177100000903,146.2168520000996,1.155,0.18231840000953525,,,,,,,,,,,,,,,Participant 03,001,2025-10-16_19h53.57.660,Word Priming Experiment,,2025.1.1,119.40654948965773,2025-10-16 19h54.28.617137 +0530,
mouse,134,14,8,1.155,0.19751930003985763,,,,,,,,,,,,8,14,134,8,,,,,146.23185410001315,,146.2194183000829,146.23185410001315,146.23185410001315,146.43519910005853,1.155,0.19751930003985763,,,,,,,,,,,,,,,Participant 03,001,2025-10-16_19h53.57.660,Word Priming Experiment,,2025.1.1,119.40654948965773,2025-10-16 19h54.28.617137 +0530,
book,135,0,9,1.155,0.16364490007981658,,,,,,,,,,,,9,0,135,0,,,,,146.4655541999964,,146.43873580009677,146.4655541999964,146.4655541999964,146.61724800011143,1.155,0.16364490007981658,,,,,,,,,,,,,,,Participant 03,001,2025-10-16_19h53.57.660,Word Priming Experiment,,2025.1.1,119.40654948965773,2025-10-16 19h54.28.617137 +0530,
mouse,136,1,9,1.155,0.14695549989119172,,,,,,,,,,,,9,1,136,8,,,,,146.63210450008046,,146.6204369000625,146.63210450008046,146.63210450008046,146.78453190007713,1.155,0.14695549989119172,,,,,,,,,,,,,,,Participant 03,001,2025-10-16_19h53.57.660,Word Priming Experiment,,2025.1.1,119.40654948965773,2025-10-16 19h54.28.617137 +0530,
Case,137,2,9,1.155,0.1489702999824658,,,,,,,,,,,,9,2,137,10,,,,,146.79864819999784,,146.78726030001417,146.79864819999784,146.79864819999784,146.96600380004384,1.155,0.1489702999824658,,,,,,,,,,,,,,,Participant 03,001,2025-10-16_19h53.57.660,Word Priming Experiment,,2025.1.1,119.40654948965773,2025-10-16 19h54.28.617137 +0530,
marble,138,3,9,1.155,0.1306362000759691,,,,,,,,,,,,9,3,138,3,,,,,146.98251030000392,,146.97084760002326,146.98251030000392,146.98251030000392,147.13231120002456,1.155,0.1306362000759691,,,,,,,,,,,,,,,Participant 03,001,2025-10-16_19h53.57.660,Word Priming Experiment,,2025.1.1,119.40654948965773,2025-10-16 19h54.28.617137 +0530,
phone,139,4,9,1.155,0.14899749995674938,,,,,,,,,,,,9,4,139,2,,,,,147.14958870003466,,147.13647250004578,147.14958870003466,147.14958870003466,147.2991989000002,1.155,0.14899749995674938,,,,,,,,,,,,,,,Participant 03,001,2025-10-16_19h53.57.660,Word Priming Experiment,,2025.1.1,119.40654948965773,2025-10-16 19h54.28.617137 +0530,
Pastry,140,5,9,1.155,0.19948519999161363,,,,,,,,,,,,9,5,140,9,,,,,147.3151446999982,,147.30196280009113,147.3151446999982,147.3151446999982,147.51676070003305,1.155,0.19948519999161363,,,,,,,,,,,,,,,Participant 03,001,2025-10-16_19h53.57.660,Word Priming Experiment,,2025.1.1,119.40654948965773,2025-10-16 19h54.28.617137 +0530,
board,141,6,9,1.155,0.14843080006539822,,,,,,,,,,,,9,6,141,4,,,,,147.53176810010336,,147.51942800008692,147.53176810010336,147.53176810010336,147.68243370007258,1.155,0.14843080006539822,,,,,,,,,,,,,,,Participant 03,001,2025-10-16_19h53.57.660,Word Priming Experiment,,2025.1.1,119.40654948965773,2025-10-16 19h54.28.617137 +0530,
Keys,142,7,9,1.155,0.2188185000559315,,,,,,,,,,,,9,7,142,13,,,,,147.69868550007232,,147.68469550006557,147.69868550007232,147.69868550007232,147.91730349999852,1.155,0.2188185000559315,,,,,,,,,,,,,,,Participant 03,001,2025-10-16_19h53.57.660,Word Priming Experiment,,2025.1.1,119.40654948965773,2025-10-16 19h54.28.617137 +0530,
Poster,143,8,9,1.155,0.18093829997815192,,,,,,,,,,,,9,8,143,14,,,,,147.93186720006634,,147.91995180002414,147.93186720006634,147.93186720006634,148.11570820002817,1.155,0.18093829997815192,,,,,,,,,,,,,,,Participant 03,001,2025-10-16_19h53.57.660,Word Priming Experiment,,2025.1.1,119.40654948965773,2025-10-16 19h54.28.617137 +0530,
T-shirt,144,9,9,1.155,0.19888050004374236,,,,,,,,,,,,9,9,144,7,,,,,148.13234590005595,,148.11839580000378,148.13234590005595,148.13234590005595,148.33346890006214,1.155,0.19888050004374236,,,,,,,,,,,,,,,Participant 03,001,2025-10-16_19h53.57.660,Word Priming Experiment,,2025.1.1,119.40654948965773,2025-10-16 19h54.28.617137 +0530,
Cruise,145,10,9,1.155,0.1992178000509739,,,,,,,,,,,,9,10,145,11,,,,,148.34859660000075,,148.33739890006837,148.34859660000075,148.34859660000075,148.5502946000779,1.155,0.1992178000509739,,,,,,,,,,,,,,,Participant 03,001,2025-10-16_19h53.57.660,Word Priming Experiment,,2025.1.1,119.40654948965773,2025-10-16 19h54.28.617137 +0530,
Laptop,146,11,9,1.155,0.16521420003846288,,,,,,,,,,,,9,11,146,5,,,,,148.56528070010245,,148.55360310000833,148.56528070010245,148.56528070010245,148.73327250010334,1.155,0.16521420003846288,,,,,,,,,,,,,,,Participant 03,001,2025-10-16_19h53.57.660,Word Priming Experiment,,2025.1.1,119.40654948965773,2025-10-16 19h54.28.617137 +0530,
Chart,147,12,9,1.155,0.1985760999377817,,,,,,,,,,,,9,12,147,6,,,,,148.74917090008967,,148.73649280006066,148.74917090008967,148.74917090008967,148.94957640010398,1.155,0.1985760999377817,,,,,,,,,,,,,,,Participant 03,001,2025-10-16_19h53.57.660,Word Priming Experiment,,2025.1.1,119.40654948965773,2025-10-16 19h54.28.617137 +0530,
Police,148,13,9,1.155,0.1660359000088647,,,,,,,,,,,,9,13,148,12,,,,,148.96523970004637,,148.95208250009455,148.96523970004637,148.96523970004637,149.1335646000225,1.155,0.1660359000088647,,,,,,,,,,,,,,,Participant 03,001,2025-10-16_19h53.57.660,Word Priming Experiment,,2025.1.1,119.40654948965773,2025-10-16 19h54.28.617137 +0530,
cushion,149,14,9,1.155,0.1829200000502169,,,,,,,,,,,,9,14,149,1,,,,,149.14848870004062,,149.1362652000971,149.14848870004062,149.14848870004062,149.33315150009003,1.155,0.1829200000502169,,,,,,,,,,,,,,,Participant 03,001,2025-10-16_19h53.57.660,Word Priming Experiment,,2025.1.1,119.40654948965773,2025-10-16 19h54.28.617137 +0530,
Keys,150,0,10,1.155,0.18210999993607402,,,,,,,,,,,,10,0,150,13,,,,,149.34883130004164,,149.3364309000317,149.34883130004164,149.34883130004164,149.5340386000462,1.155,0.18210999993607402,,,,,,,,,,,,,,,Participant 03,001,2025-10-16_19h53.57.660,Word Priming Experiment,,2025.1.1,119.40654948965773,2025-10-16 19h54.28.617137 +0530,
Chart,151,1,10,1.155,0.1817964999936521,,,,,,,,,,,,10,1,151,6,,,,,149.54850350006018,,149.5367798000807,149.54850350006018,149.54850350006018,149.74924650008325,1.155,0.1817964999936521,,,,,,,,,,,,,,,Participant 03,001,2025-10-16_19h53.57.660,Word Priming Experiment,,2025.1.1,119.40654948965773,2025-10-16 19h54.28.617137 +0530,
marble,152,2,10,1.155,0.16393229993991554,,,,,,,,,,,,10,2,152,3,,,,,149.76555470004678,,149.75323830009438,149.76555470004678,149.76555470004678,149.93490039999597,1.155,0.16393229993991554,,,,,,,,,,,,,,,Participant 03,001,2025-10-16_19h53.57.660,Word Priming Experiment,,2025.1.1,119.40654948965773,2025-10-16 19h54.28.617137 +0530,
mouse,153,3,10,1.155,0.21447889995761216,,,,,,,,,,,,10,3,153,8,,,,,149.95059680007398,,149.93827110005077,149.95059680007398,149.95059680007398,150.1842698000837,1.155,0.21447889995761216,,,,,,,,,,,,,,,Participant 03,001,2025-10-16_19h53.57.660,Word Priming Experiment,,2025.1.1,119.40654948965773,2025-10-16 19h54.28.617137 +0530,
phone,154,4,10,1.155,0.18203010002616793,,,,,,,,,,,,10,4,154,2,,,,,150.19914210005663,,150.18805700005032,150.19914210005663,150.19914210005663,150.40049340005498,1.155,0.18203010002616793,,,,,,,,,,,,,,,Participant 03,001,2025-10-16_19h53.57.660,Word Priming Experiment,,2025.1.1,119.40654948965773,2025-10-16 19h54.28.617137 +0530,
Cruise,155,5,10,1.155,0.16422199993394315,,,,,,,,,,,,10,5,155,11,,,,,150.43160670006182,,150.40508810000028,150.43160670006182,150.43160670006182,150.59909490006976,1.155,0.16422199993394315,,,,,,,,,,,,,,,Participant 03,001,2025-10-16_19h53.57.660,Word Priming Experiment,,2025.1.1,119.40654948965773,2025-10-16 19h54.28.617137 +0530,
Case,156,6,10,1.155,0.1309311999939382,,,,,,,,,,,,10,6,156,10,,,,,150.61635950009804,,150.60295920004137,150.61635950009804,150.61635950009804,150.74947540007997,1.155,0.1309311999939382,,,,,,,,,,,,,,,Participant 03,001,2025-10-16_19h53.57.660,Word Priming Experiment,,2025.1.1,119.40654948965773,2025-10-16 19h54.28.617137 +0530,
Pastry,157,7,10,1.155,0.1504986999789253,,,,,,,,,,,,10,7,157,9,,,,,150.7654284000164,,150.75263380003162,150.7654284000164,150.7654284000164,150.91694850008935,1.155,0.1504986999789253,,,,,,,,,,,,,,,Participant 03,001,2025-10-16_19h53.57.660,Word Priming Experiment,,2025.1.1,119.40654948965773,2025-10-16 19h54.28.617137 +0530,
Laptop,158,8,10,1.155,0.1645633999723941,,,,,,,,,,,,10,8,158,5,,,,,150.93178199999966,,150.9196624000324,150.93178199999966,150.93178199999966,151.0995444,1.155,0.1645633999723941,,,,,,,,,,,,,,,Participant 03,001,2025-10-16_19h53.57.660,Word Priming Experiment,,2025.1.1,119.40654948965773,2025-10-16 19h54.28.617137 +0530,
T-shirt,159,9,10,1.155,0.18344599998090416,,,,,,,,,,,,10,9,159,7,,,,,151.1152427000925,,151.10203400009777,151.1152427000925,151.1152427000925,151.29881710000336,1.155,0.18344599998090416,,,,,,,,,,,,,,,Participant 03,001,2025-10-16_19h53.57.660,Word Priming Experiment,,2025.1.1,119.40654948965773,2025-10-16 19h54.28.617137 +0530,
Poster,160,10,10,1.155,0.18588589993305504,,,,,,,,,,,,10,10,160,14,,,,,151.31821240007412,,151.30121560010593,151.31821240007412,151.31821240007412,151.50106170005165,1.155,0.18588589993305504,,,,,,,,,,,,,,,Participant 03,001,2025-10-16_19h53.57.660,Word Priming Experiment,,2025.1.1,119.40654948965773,2025-10-16 19h54.28.617137 +0530,
Police,161,11,10,1.155,0.14750860002823174,,,,,,,,,,,,10,11,161,12,,,,,151.51496870000847,,151.50396610004827,151.51496870000847,151.51496870000847,151.66656400007196,1.155,0.14750860002823174,,,,,,,,,,,,,,,Participant 03,001,2025-10-16_19h53.57.660,Word Priming Experiment,,2025.1.1,119.40654948965773,2025-10-16 19h54.28.617137 +0530,
book,162,12,10,1.155,0.13181300007272512,,,,,,,,,,,,10,12,162,0,,,,,151.68192380003165,,151.66948860010598,151.68192380003165,151.68192380003165,151.81600260001142,1.155,0.13181300007272512,,,,,,,,,,,,,,,Participant 03,001,2025-10-16_19h53.57.660,Word Priming Experiment,,2025.1.1,119.40654948965773,2025-10-16 19h54.28.617137 +0530,
cushion,163,13,10,1.155,0.21696790005080402,,,,,,,,,,,,10,13,163,1,,,,,151.83221760008018,,151.81847320008092,151.83221760008018,151.83221760008018,152.06592030008323,1.155,0.21696790005080402,,,,,,,,,,,,,,,Participant 03,001,2025-10-16_19h53.57.660,Word Priming Experiment,,2025.1.1,119.40654948965773,2025-10-16 19h54.28.617137 +0530,
board,164,14,10,1.155,0.16501270001754165,,,,,,,,,,,,10,14,164,4,,,,,152.08322440006305,,152.07049330009613,152.08322440006305,152.08322440006305,152.26573580002878,1.155,0.16501270001754165,,,,,,,,,,,,,,,Participant 03,001,2025-10-16_19h53.57.660,Word Priming Experiment,,2025.1.1,119.40654948965773,2025-10-16 19h54.28.617137 +0530,
marble,165,0,11,1.155,0.16741400002501905,,,,,,,,,,,,11,0,165,3,,,,,152.28268350008875,,152.26938230008818,152.28268350008875,152.28268350008875,152.4503031000495,1.155,0.16741400002501905,,,,,,,,,,,,,,,Participant 03,001,2025-10-16_19h53.57.660,Word Priming Experiment,,2025.1.1,119.40654948965773,2025-10-16 19h54.28.617137 +0530,
board,166,1,11,1.155,0.1984777000034228,,,,,,,,,,,,11,1,166,4,,,,,152.46521390008274,,152.45279010001104,152.46521390008274,152.46521390008274,152.66568050009664,1.155,0.1984777000034228,,,,,,,,,,,,,,,Participant 03,001,2025-10-16_19h53.57.660,Word Priming Experiment,,2025.1.1,119.40654948965773,2025-10-16 19h54.28.617137 +0530,
Poster,167,2,11,1.155,0.1689344000769779,,,,,,,,,,,,11,2,167,14,,,,,152.68194150005002,,152.66800410009455,152.68194150005002,152.68194150005002,152.85080620006192,1.155,0.1689344000769779,,,,,,,,,,,,,,,Participant 03,001,2025-10-16_19h53.57.660,Word Priming Experiment,,2025.1.1,119.40654948965773,2025-10-16 19h54.28.617137 +0530,
Pastry,168,3,11,1.155,0.16545420000329614,,,,,,,,,,,,11,3,168,9,,,,,152.86526300001424,,152.85388090007473,152.86526300001424,152.86526300001424,153.05064660008065,1.155,0.16545420000329614,,,,,,,,,,,,,,,Participant 03,001,2025-10-16_19h53.57.660,Word Priming Experiment,,2025.1.1,119.40654948965773,2025-10-16 19h54.28.617137 +0530,
Keys,169,4,11,1.155,0.18259090010542423,,,,,,,,,,,,11,4,169,13,,,,,153.06605840008706,,153.0546456000302,153.06605840008706,153.06605840008706,153.25237570004538,1.155,0.18259090010542423,,,,,,,,,,,,,,,Participant 03,001,2025-10-16_19h53.57.660,Word Priming Experiment,,2025.1.1,119.40654948965773,2025-10-16 19h54.28.617137 +0530,
mouse,170,5,11,1.155,0.21170050010550767,,,,,,,,,,,,11,5,170,8,,,,,153.28152750001755,,153.25727729999926,153.28152750001755,153.28152750001755,153.48483280010987,1.155,0.21170050010550767,,,,,,,,,,,,,,,Participant 03,001,2025-10-16_19h53.57.660,Word Priming Experiment,,2025.1.1,119.40654948965773,2025-10-16 19h54.28.617137 +0530,
Chart,171,6,11,1.155,0.19677170005161315,,,,,,,,,,,,11,6,171,6,,,,,153.49856840004213,,153.48774870007765,153.49856840004213,153.49856840004213,153.7006663000211,1.155,0.19677170005161315,,,,,,,,,,,,,,,Participant 03,001,2025-10-16_19h53.57.660,Word Priming Experiment,,2025.1.1,119.40654948965773,2025-10-16 19h54.28.617137 +0530,
book,172,7,11,1.155,0.18094759993255138,,,,,,,,,,,,11,7,172,0,,,,,153.7152189000044,,153.70346460002474,153.7152189000044,153.7152189000044,153.8991529000923,1.155,0.18094759993255138,,,,,,,,,,,,,,,Participant 03,001,2025-10-16_19h53.57.660,Word Priming Experiment,,2025.1.1,119.40654948965773,2025-10-16 19h54.28.617137 +0530,
phone,173,8,11,1.155,0.20030629995744675,,,,,,,,,,,,11,8,173,2,,,,,153.91561660007574,,153.90180160000455,153.91561660007574,153.91561660007574,154.117854500073,1.155,0.20030629995744675,,,,,,,,,,,,,,,Participant 03,001,2025-10-16_19h53.57.660,Word Priming Experiment,,2025.1.1,119.40654948965773,2025-10-16 19h54.28.617137 +0530,
Laptop,174,9,11,1.295,0.41244630003347993,,,,,,,,,,,,11,9,174,5,,,,,154.13173720007762,,154.12111570010893,154.13173720007762,154.13173720007762,154.54927300009876,1.295,0.41244630003347993,,,,,,,,,,,,,,,Participant 03,001,2025-10-16_19h53.57.660,Word Priming Experiment,,2025.1.1,119.40654948965773,2025-10-16 19h54.28.617137 +0530,
Police,175,10,11,1.295,0.3011140999151394,,,,,,,,,,,,11,10,175,12,,,,,154.56450060009956,,154.5521401000442,154.56450060009956,154.56450060009956,154.86650520004332,1.295,0.3011140999151394,,,,,,,,,,,,,,,Participant 03,001,2025-10-16_19h53.57.660,Word Priming Experiment,,2025.1.1,119.40654948965773,2025-10-16 19h54.28.617137 +0530,
Cruise,176,11,11,1.295,0.18154319992754608,,,,,,,,,,,,11,11,176,11,,,,,154.88225820008665,,154.86987110006157,154.88225820008665,154.88225820008665,155.08252630010247,1.295,0.18154319992754608,,,,,,,,,,,,,,,Participant 03,001,2025-10-16_19h53.57.660,Word Priming Experiment,,2025.1.1,119.40654948965773,2025-10-16 19h54.28.617137 +0530,
cushion,177,12,11,1,0.6652619999367744,,,,,,,,,,,,11,12,177,1,,,,,155.09959600004368,,155.0865305000916,155.09959600004368,155.09959600004368,155.76508720009588,1,0.6652619999367744,,,,,,,,,,,,,,,Participant 03,001,2025-10-16_19h53.57.660,Word Priming Experiment,,2025.1.1,119.40654948965773,2025-10-16 19h54.28.617137 +0530,
T-shirt,178,13,11,1,0.3334668999304995,,,,,,,,,,,,11,13,178,7,,,,,155.78069760010112,,155.76773810002487,155.78069760010112,155.78069760010112,156.1193463000236,1,0.3334668999304995,,,,,,,,,,,,,,,Participant 03,001,2025-10-16_19h53.57.660,Word Priming Experiment,,2025.1.1,119.40654948965773,2025-10-16 19h54.28.617137 +0530,
Case,179,14,11,1,0.14597209997009486,,,,,,,,,,,,11,14,179,10,,,,,156.1479229000397,,156.1230011000298,156.1479229000397,156.1479229000397,156.2995285000652,1,0.14597209997009486,,,,,,,,,,,,,,,Participant 03,001,2025-10-16_19h53.57.660,Word Priming Experiment,,2025.1.1,119.40654948965773,2025-10-16 19h54.28.617137 +0530,
Keys,180,0,12,1,0.1822565000038594,,,,,,,,,,,,12,0,180,13,,,,,156.31604320008773,,156.30342810007278,156.31604320008773,156.31604320008773,156.5160017000744,1,0.1822565000038594,,,,,,,,,,,,,,,Participant 03,001,2025-10-16_19h53.57.660,Word Priming Experiment,,2025.1.1,119.40654948965773,2025-10-16 19h54.28.617137 +0530,
Case,181,1,12,1,0.23184529994614422,,,,,,,,,,,,12,1,181,10,,,,,156.5325711000478,,156.5196950000245,156.5325711000478,156.5325711000478,156.76634650002234,1,0.23184529994614422,,,,,,,,,,,,,,,Participant 03,001,2025-10-16_19h53.57.660,Word Priming Experiment,,2025.1.1,119.40654948965773,2025-10-16 19h54.28.617137 +0530,
Cruise,182,2,12,1,0.24871740001253784,,,,,,,,,,,,12,2,182,11,,,,,156.78189110010862,,156.7693434000248,156.78189110010862,156.78189110010862,157.04912300000433,1,0.24871740001253784,,,,,,,,,,,,,,,Participant 03,001,2025-10-16_19h53.57.660,Word Priming Experiment,,2025.1.1,119.40654948965773,2025-10-16 19h54.28.617137 +0530,
Chart,183,3,12,1,0.21560990007128567,,,,,,,,,,,,12,3,183,6,,,,,157.06856230006088,,157.05373110005166,157.06856230006088,157.06856230006088,157.28325530001894,1,0.21560990007128567,,,,,,,,,,,,,,,Participant 03,001,2025-10-16_19h53.57.660,Word Priming Experiment,,2025.1.1,119.40654948965773,2025-10-16 19h54.28.617137 +0530,
Laptop,184,4,12,1,0.09761079994495958,,,,,,,,,,,,12,4,184,5,,,,,157.29847410006914,,157.28616120002698,157.29847410006914,157.29847410006914,157.39994440006558,1,0.09761079994495958,,,,,,,,,,,,,,,Participant 03,001,2025-10-16_19h53.57.660,Word Priming Experiment,,2025.1.1,119.40654948965773,2025-10-16 19h54.28.617137 +0530,
board,185,5,12,1,0.11559760000091046,,,,,,,,,,,,12,5,185,4,,,,,157.4150630000513,,157.40367690008134,157.4150630000513,157.4150630000513,157.53354230010882,1,0.11559760000091046,,,,,,,,,,,,,,,Participant 03,001,2025-10-16_19h53.57.660,Word Priming Experiment,,2025.1.1,119.40654948965773,2025-10-16 19h54.28.617137 +0530,
book,186,6,12,1,0.10582089994568378,,,,,,,,,,,,12,6,186,0,,,,,157.55001850007102,,157.53658760001417,157.55001850007102,157.55001850007102,157.6657228000695,1,0.10582089994568378,,,,,,,,,,,,,,,Participant 03,001,2025-10-16_19h53.57.660,Word Priming Experiment,,2025.1.1,119.40654948965773,2025-10-16 19h54.28.617137 +0530,
mouse,187,7,12,1,0.08157659997232258,,,,,,,,,,,,12,7,187,8,,,,,157.68455760006327,,157.6694681000663,157.68455760006327,157.68455760006327,157.76668230001815,1,0.08157659997232258,,,,,,,,,,,,,,,Participant 03,001,2025-10-16_19h53.57.660,Word Priming Experiment,,2025.1.1,119.40654948965773,2025-10-16 19h54.28.617137 +0530,
Pastry,188,8,12,1,0.11495950003154576,,,,,,,,,,,,12,8,188,9,,,,,157.7830453000497,,157.76964220008813,157.7830453000497,157.7830453000497,157.89985899999738,1,0.11495950003154576,,,,,,,,,,,,,,,Participant 03,001,2025-10-16_19h53.57.660,Word Priming Experiment,,2025.1.1,119.40654948965773,2025-10-16 19h54.28.617137 +0530,
cushion,189,9,12,1,0.09935009991750121,,,,,,,,,,,,12,9,189,1,,,,,157.91536460001953,,157.90301420004107,157.91536460001953,157.91536460001953,158.01744070008863,1,0.09935009991750121,,,,,,,,,,,,,,,Participant 03,001,2025-10-16_19h53.57.660,Word Priming Experiment,,2025.1.1,119.40654948965773,2025-10-16 19h54.28.617137 +0530,
Police,190,10,12,1,0.11769199999980628,,,,,,,,,,,,12,10,190,12,,,,,158.03336880006827,,158.0200945000397,158.03336880006827,158.03336880006827,158.16566990001593,1,0.11769199999980628,,,,,,,,,,,,,,,Participant 03,001,2025-10-16_19h53.57.660,Word Priming Experiment,,2025.1.1,119.40654948965773,2025-10-16 19h54.28.617137 +0530,
Poster,191,11,12,1,0.08227659994736314,,,,,,,,,,,,12,11,191,14,,,,,158.18228080007248,,158.17000580008607,158.18228080007248,158.18228080007248,158.266708600102,1,0.08227659994736314,,,,,,,,,,,,,,,Participant 03,001,2025-10-16_19h53.57.660,Word Priming Experiment,,2025.1.1,119.40654948965773,2025-10-16 19h54.28.617137 +0530,
marble,192,12,12,1,0.11735129996668547,,,,,,,,,,,,12,12,192,3,,,,,158.2824306000257,,158.26929240010213,158.2824306000257,158.2824306000257,158.39994010003284,1,0.11735129996668547,,,,,,,,,,,,,,,Participant 03,001,2025-10-16_19h53.57.660,Word Priming Experiment,,2025.1.1,119.40654948965773,2025-10-16 19h54.28.617137 +0530,
T-shirt,193,13,12,1,0.11333320010453463,,,,,,,,,,,,12,13,193,7,,,,,158.41527950007003,,158.40346030006185,158.41527950007003,158.41527950007003,158.5327468001051,1,0.11333320010453463,,,,,,,,,,,,,,,Participant 03,001,2025-10-16_19h53.57.660,Word Priming Experiment,,2025.1.1,119.40654948965773,2025-10-16 19h54.28.617137 +0530,
phone,194,14,12,1,0.10015240008942783,,,,,,,,,,,,12,14,194,2,,,,,158.5490649000276,,158.5352828000905,158.5490649000276,158.5490649000276,158.64972810004838,1,0.10015240008942783,,,,,,,,,,,,,,,Participant 03,001,2025-10-16_19h53.57.660,Word Priming Experiment,,2025.1.1,119.40654948965773,2025-10-16 19h54.28.617137 +0530,
book,195,0,13,1,0.1170319999800995,,,,,,,,,,,,13,0,195,0,,,,,158.66560619999655,,158.65276040008757,158.66560619999655,158.66560619999655,158.78310570004396,1,0.1170319999800995,,,,,,,,,,,,,,,Participant 03,001,2025-10-16_19h53.57.660,Word Priming Experiment,,2025.1.1,119.40654948965773,2025-10-16 19h54.28.617137 +0530,
Laptop,196,1,13,1,0.09859159996267408,,,,,,,,,,,,13,1,196,5,,,,,158.7988085000543,,158.78611080010887,158.7988085000543,158.7988085000543,158.91602870007046,1,0.09859159996267408,,,,,,,,,,,,,,,Participant 03,001,2025-10-16_19h53.57.660,Word Priming Experiment,,2025.1.1,119.40654948965773,2025-10-16 19h54.28.617137 +0530,
marble,197,2,13,1,0.09819749998860061,,,,,,,,,,,,13,2,197,3,,,,,158.93242190009914,,158.9200484000612,158.93242190009914,158.93242190009914,159.03300920000765,1,0.09819749998860061,,,,,,,,,,,,,,,Participant 03,001,2025-10-16_19h53.57.660,Word Priming Experiment,,2025.1.1,119.40654948965773,2025-10-16 19h54.28.617137 +0530,
Cruise,198,3,13,1,0.09904070000629872,,,,,,,,,,,,13,3,198,11,,,,,159.04854180000257,,159.03563680010848,159.04854180000257,159.04854180000257,159.1488043999998,1,0.09904070000629872,,,,,,,,,,,,,,,Participant 03,001,2025-10-16_19h53.57.660,Word Priming Experiment,,2025.1.1,119.40654948965773,2025-10-16 19h54.28.617137 +0530,
Case,199,4,13,1,0.12175769999157637,,,,,,,,,,,,13,4,199,10,,,,,159.16522500000428,,159.15135970001575,159.16522500000428,159.16522500000428,159.29910840000957,1,0.12175769999157637,,,,,,,,,,,,,,,Participant 03,001,2025-10-16_19h53.57.660,Word Priming Experiment,,2025.1.1,119.40654948965773,2025-10-16 19h54.28.617137 +0530,
phone,200,5,13,1,0.08211610000580549,,,,,,,,,,,,13,5,200,2,,,,,159.3163512001047,,159.3030614000745,159.3163512001047,159.3163512001047,159.41590660007205,1,0.08211610000580549,,,,,,,,,,,,,,,Participant 03,001,2025-10-16_19h53.57.660,Word Priming Experiment,,2025.1.1,119.40654948965773,2025-10-16 19h54.28.617137 +0530,
board,201,6,13,1,0.09811529994476587,,,,,,,,,,,,13,6,201,4,,,,,159.4346354000736,,159.42006850009784,159.4346354000736,159.4346354000736,159.53597369999625,1,0.09811529994476587,,,,,,,,,,,,,,,Participant 03,001,2025-10-16_19h53.57.660,Word Priming Experiment,,2025.1.1,119.40654948965773,2025-10-16 19h54.28.617137 +0530,
cushion,202,7,13,1,0.09310530009679496,,,,,,,,,,,,13,7,202,1,,,,,159.56586390000302,,159.54133640008513,159.56586390000302,159.56586390000302,159.64950790000148,1,0.09310530009679496,,,,,,,,,,,,,,,Participant 03,001,2025-10-16_19h53.57.660,Word Priming Experiment,,2025.1.1,119.40654948965773,2025-10-16 19h54.28.617137 +0530,
Chart,203,8,13,1,0.10012740001548082,,,,,,,,,,,,13,8,203,6,,,,,159.66516220010817,,159.65226870006882,159.66516220010817,159.66516220010817,159.78260330006015,1,0.10012740001548082,,,,,,,,,,,,,,,Participant 03,001,2025-10-16_19h53.57.660,Word Priming Experiment,,2025.1.1,119.40654948965773,2025-10-16 19h54.28.617137 +0530,
Keys,204,9,13,1,0.09631549997720867,,,,,,,,,,,,13,9,204,13,,,,,159.79974810010754,,159.7872998000821,159.79974810010754,159.79974810010754,159.89904640009627,1,0.09631549997720867,,,,,,,,,,,,,,,Participant 03,001,2025-10-16_19h53.57.660,Word Priming Experiment,,2025.1.1,119.40654948965773,2025-10-16 19h54.28.617137 +0530,
Police,205,10,13,1,0.1153572000330314,,,,,,,,,,,,13,10,205,12,,,,,159.915558500099,,159.9023844000185,159.915558500099,159.915558500099,160.03455610002857,1,0.1153572000330314,,,,,,,,,,,,,,,Participant 03,001,2025-10-16_19h53.57.660,Word Priming Experiment,,2025.1.1,119.40654948965773,2025-10-16 19h54.28.617137 +0530,
T-shirt,206,11,13,1,0.09863330004736781,,,,,,,,,,,,13,11,206,7,,,,,160.04834520001896,,160.0381741001038,160.04834520001896,160.04834520001896,160.15067580004688,1,0.09863330004736781,,,,,,,,,,,,,,,Participant 03,001,2025-10-16_19h53.57.660,Word Priming Experiment,,2025.1.1,119.40654948965773,2025-10-16 19h54.28.617137 +0530,
mouse,207,12,13,1,0.1120056000072509,,,,,,,,,,,,13,12,207,8,,,,,160.1823894000845,,160.15618780010846,160.1823894000845,160.1823894000845,160.28429070010316,1,0.1120056000072509,,,,,,,,,,,,,,,Participant 03,001,2025-10-16_19h53.57.660,Word Priming Experiment,,2025.1.1,119.40654948965773,2025-10-16 19h54.28.617137 +0530,
Poster,208,13,13,1,0.09856329998001456,,,,,,,,,,,,13,13,208,14,,,,,160.29837040009443,,160.28778420004528,160.29837040009443,160.29837040009443,160.4001446000766,1,0.09856329998001456,,,,,,,,,,,,,,,Participant 03,001,2025-10-16_19h53.57.660,Word Priming Experiment,,2025.1.1,119.40654948965773,2025-10-16 19h54.28.617137 +0530,
Pastry,209,14,13,1,0.1030449999962002,,,,,,,,,,,,13,14,209,9,,,,,160.41579970007297,,160.40341190004256,160.41579970007297,160.41579970007297,160.53406510001514,1,0.1030449999962002,,,,,,,,,,,,,,,Participant 03,001,2025-10-16_19h53.57.660,Word Priming Experiment,,2025.1.1,119.40654948965773,2025-10-16 19h54.28.617137 +0530,
Keys,210,0,14,1,0.10060339991468936,,,,,,,,,,,,14,0,210,13,,,,,160.54951140005141,,160.53805570001714,160.54951140005141,160.54951140005141,160.64930820011068,1,0.10060339991468936,,,,,,,,,,,,,,,Participant 03,001,2025-10-16_19h53.57.660,Word Priming Experiment,,2025.1.1,119.40654948965773,2025-10-16 19h54.28.617137 +0530,
Poster,211,1,14,1,0.10026670002844185,,,,,,,,,,,,14,1,211,14,,,,,160.66522000008263,,160.65204460010864,160.66522000008263,160.66522000008263,160.7668682000367,1,0.10026670002844185,,,,,,,,,,,,,,,Participant 03,001,2025-10-16_19h53.57.660,Word Priming Experiment,,2025.1.1,119.40654948965773,2025-10-16 19h54.28.617137 +0530,
Case,212,2,14,1,0.11601930006872863,,,,,,,,,,,,14,2,212,10,,,,,160.78181360010058,,160.77028950001113,160.78181360010058,160.78181360010058,160.91702750010882,1,0.11601930006872863,,,,,,,,,,,,,,,Participant 03,001,2025-10-16_19h53.57.660,Word Priming Experiment,,2025.1.1,119.40654948965773,2025-10-16 19h54.28.617137 +0530,
book,213,3,14,1,0.09625449997838587,,,,,,,,,,,,14,3,213,0,,,,,160.9328347000992,,160.92127080005594,160.9328347000992,160.9328347000992,161.0325010000961,1,0.09625449997838587,,,,,,,,,,,,,,,Participant 03,001,2025-10-16_19h53.57.660,Word Priming Experiment,,2025.1.1,119.40654948965773,2025-10-16 19h54.28.617137 +0530,
Chart,214,4,14,1,0.11780309991445392,,,,,,,,,,,,14,4,214,6,,,,,161.04842000000644,,161.03547310002614,161.04842000000644,161.04842000000644,161.16695000010077,1,0.11780309991445392,,,,,,,,,,,,,,,Participant 03,001,2025-10-16_19h53.57.660,Word Priming Experiment,,2025.1.1,119.40654948965773,2025-10-16 19h54.28.617137 +0530,
board,215,5,14,1,0.09760129998903722,,,,,,,,,,,,14,5,215,4,,,,,161.18186580005568,,161.16958119999617,161.18186580005568,161.18186580005568,161.28292130003683,1,0.09760129998903722,,,,,,,,,,,,,,,Participant 03,001,2025-10-16_19h53.57.660,Word Priming Experiment,,2025.1.1,119.40654948965773,2025-10-16 19h54.28.617137 +0530,
cushion,216,6,14,1,0.09791639994364232,,,,,,,,,,,,14,6,216,1,,,,,161.2987073000986,,161.28597890003584,161.2987073000986,161.2987073000986,161.40121740009636,1,0.09791639994364232,,,,,,,,,,,,,,,Participant 03,001,2025-10-16_19h53.57.660,Word Priming Experiment,,2025.1.1,119.40654948965773,2025-10-16 19h54.28.617137 +0530,
T-shirt,217,7,14,1,0.11632799997460097,,,,,,,,,,,,14,7,217,7,,,,,161.41541450005025,,161.40436410007533,161.41541450005025,161.41541450005025,161.5333641000325,1,0.11632799997460097,,,,,,,,,,,,,,,Participant 03,001,2025-10-16_19h53.57.660,Word Priming Experiment,,2025.1.1,119.40654948965773,2025-10-16 19h54.28.617137 +0530,
phone,218,8,14,1,0.10602449998259544,,,,,,,,,,,,14,8,218,2,,,,,161.54890340007842,,161.53628240001854,161.54890340007842,161.54890340007842,161.66566390008666,1,0.10602449998259544,,,,,,,,,,,,,,,Participant 03,001,2025-10-16_19h53.57.660,Word Priming Experiment,,2025.1.1,119.40654948965773,2025-10-16 19h54.28.617137 +0530,
mouse,219,9,14,1,0.0992455999366939,,,,,,,,,,,,14,9,219,8,,,,,161.68234290007968,,161.66971380007453,161.68234290007968,161.68234290007968,161.78404390008654,1,0.0992455999366939,,,,,,,,,,,,,,,Participant 03,001,2025-10-16_19h53.57.660,Word Priming Experiment,,2025.1.1,119.40654948965773,2025-10-16 19h54.28.617137 +0530,
Pastry,220,10,14,1,0.09745670005213469,,,,,,,,,,,,14,10,220,9,,,,,161.79858060006518,,161.7866737000877,161.79858060006518,161.79858060006518,161.89987070008647,1,0.09745670005213469,,,,,,,,,,,,,,,Participant 03,001,2025-10-16_19h53.57.660,Word Priming Experiment,,2025.1.1,119.40654948965773,2025-10-16 19h54.28.617137 +0530,
Police,221,11,14,1,0.11575270001776516,,,,,,,,,,,,14,11,221,12,,,,,161.91538450005464,,161.9027657000115,161.91538450005464,161.91538450005464,162.03381180006545,1,0.11575270001776516,,,,,,,,,,,,,,,Participant 03,001,2025-10-16_19h53.57.660,Word Priming Experiment,,2025.1.1,119.40654948965773,2025-10-16 19h54.28.617137 +0530,
Laptop,222,12,14,1,0.09755469998344779,,,,,,,,,,,,14,12,222,5,,,,,162.04855649999809,,162.03639640007168,162.04855649999809,162.04855649999809,162.1489775000373,1,0.09755469998344779,,,,,,,,,,,,,,,Participant 03,001,2025-10-16_19h53.57.660,Word Priming Experiment,,2025.1.1,119.40654948965773,2025-10-16 19h54.28.617137 +0530,
marble,223,13,14,1,0.11657030007336289,,,,,,,,,,,,14,13,223,3,,,,,162.1655422000913,,162.15148930007126,162.1655422000913,162.1655422000913,162.28413270006422,1,0.11657030007336289,,,,,,,,,,,,,,,Participant 03,001,2025-10-16_19h53.57.660,Word Priming Experiment,,2025.1.1,119.40654948965773,2025-10-16 19h54.28.617137 +0530,
Cruise,224,14,14,1,0.09710059990175068,,,,,,,,,,,,14,14,224,11,,,,,162.2983394000912,,162.28681950003374,162.2983394000912,162.2983394000912,162.3992458001012,1,0.09710059990175068,,,,,,,,,,,,,,,Participant 03,001,2025-10-16_19h53.57.660,Word Priming Experiment,,2025.1.1,119.40654948965773,2025-10-16 19h54.28.617137 +0530,
,0,0,0,,,_ru_is_,Cruise,old,"cruise
","[np.float64(-0.5125), np.float64(-0.5125), np.float64(-0.5125), np.float64(-0.5125), np.float64(-0.5125), np.float64(-0.5125), np.float64(-0.5125), np.float64(-0.5125), np.float64(-0.5125), np.float64(-0.5125), np.float64(-0.5125), np.float64(-0.5125), np.float64(-0.5125), np.float64(-0.5125), np.float64(-0.5125), np.float64(-0.5125), np.float64(-0.5125), np.float64(-0.0125)]","[np.float64(-0.33375), np.float64(-0.33375), np.float64(-0.33375), np.float64(-0.33375), np.float64(-0.33375), np.float64(-0.33375), np.float64(-0.33375), np.float64(-0.33375), np.float64(-0.33375), np.float64(-0.33375), np.float64(-0.33375), np.float64(-0.33375), np.float64(-0.33375), np.float64(-0.33375), np.float64(-0.33375), np.float64(-0.33375), np.float64(-0.33375), np.float64(-0.32625)]","[1, 1, 1, 1, 1, 1, 1, 1, 1, 1, 1, 1, 1, 1, 1, 1, 1, 1]","[0, 0, 0, 0, 0, 0, 0, 0, 0, 0, 0, 0, 0, 0, 0, 0, 0, 0]","[0, 0, 0, 0, 0, 0, 0, 0, 0, 0, 0, 0, 0, 0, 0, 0, 0, 0]","[0.016166400047950447, 0.1508581000380218, 0.2841942999511957, 0.4005120999645442, 0.5340580999618396, 0.6509545999579132, 0.7844215000513941, 0.8998901000013575, 1.0175537000177428, 1.1678095000097528, 1.2826116000069305, 1.4171872000442818, 1.5335132000036538, 1.6666548000648618, 1.7826579000102356, 1.8997989000054076, 2.033950899960473, 26.426255400059745]","[None, None, None, None, None, None, None, None, None, None, None, None, None, None, None, None, None, 'text_3']",,,,,0,0,0,6,162.4312973000342,,,,,,,,162.41696170007344,162.4312973000342,162.4312973000342,162.4312973000342,0.01772430003620684,188.84356850001495,"cruise
","[np.float64(-0.5125), np.float64(-0.5125), np.float64(-0.5125), np.float64(-0.5125), np.float64(-0.5125), np.float64(-0.5125), np.float64(-0.5125), np.float64(-0.5125), np.float64(-0.5125), np.float64(-0.5125), np.float64(-0.5125), np.float64(-0.5125), np.float64(-0.5125), np.float64(-0.5125), np.float64(-0.5125), np.float64(-0.5125), np.float64(-0.5125), np.float64(-0.0125)]","[np.float64(-0.33375), np.float64(-0.33375), np.float64(-0.33375), np.float64(-0.33375), np.float64(-0.33375), np.float64(-0.33375), np.float64(-0.33375), np.float64(-0.33375), np.float64(-0.33375), np.float64(-0.33375), np.float64(-0.33375), np.float64(-0.33375), np.float64(-0.33375), np.float64(-0.33375), np.float64(-0.33375), np.float64(-0.33375), np.float64(-0.33375), np.float64(-0.32625)]","[1, 1, 1, 1, 1, 1, 1, 1, 1, 1, 1, 1, 1, 1, 1, 1, 1, 1]","[0, 0, 0, 0, 0, 0, 0, 0, 0, 0, 0, 0, 0, 0, 0, 0, 0, 0]","[0, 0, 0, 0, 0, 0, 0, 0, 0, 0, 0, 0, 0, 0, 0, 0, 0, 0]","[0.016166400047950447, 0.1508581000380218, 0.2841942999511957, 0.4005120999645442, 0.5340580999618396, 0.6509545999579132, 0.7844215000513941, 0.8998901000013575, 1.0175537000177428, 1.1678095000097528, 1.2826116000069305, 1.4171872000442818, 1.5335132000036538, 1.6666548000648618, 1.7826579000102356, 1.8997989000054076, 2.033950899960473, 26.426255400059745]","[None, None, None, None, None, None, None, None, None, None, None, None, None, None, None, None, None, 'text_3']",Participant 03,001,2025-10-16_19h53.57.660,Word Priming Experiment,,2025.1.1,119.40654948965773,2025-10-16 19h54.28.617137 +0530,
,1,1,0,,,ta_l_,Table,new,table,[np.float64(-0.01)],[np.float64(-0.31)],[1],[0],[0],[10.152825299999677],['text_3'],,,,,0,1,1,15,188.87413830007426,,,,,,,,188.8497046000557,188.87413830007426,188.87413830007426,188.87413830007426,0.0049458000576123595,199.00296420010272,table,[np.float64(-0.01)],[np.float64(-0.31)],[1],[0],[0],[10.152825299999677],['text_3'],Participant 03,001,2025-10-16_19h53.57.660,Word Priming Experiment,,2025.1.1,119.40654948965773,2025-10-16 19h54.28.617137 +0530,
,2,2,0,,,P_st_r,Poster,old,pastry,[np.float64(0.0225)],[np.float64(-0.285)],[1],[0],[0],[21.610758000053465],['text_3'],,,,,0,2,2,9,199.03163800004404,,,,,,,,199.00782280007843,199.03163800004404,199.03163800004404,199.03163800004404,0.004742699908092618,220.6190981999971,pastry,[np.float64(0.0225)],[np.float64(-0.285)],[1],[0],[0],[21.610758000053465],['text_3'],Participant 03,001,2025-10-16_19h53.57.660,Word Priming Experiment,,2025.1.1,119.40654948965773,2025-10-16 19h54.28.617137 +0530,
,3,3,0,,,_ha_t,Chart,old,hats,[np.float64(0.0225)],[np.float64(-0.285)],[1],[0],[0],[15.509920099982992],['text_3'],,,,,0,3,3,1,220.64736780000385,,,,,,,,220.62408770003822,220.64736780000385,220.64736780000385,220.64736780000385,0.004767999984323978,236.13443269999698,hats,[np.float64(0.0225)],[np.float64(-0.285)],[1],[0],[0],[15.509920099982992],['text_3'],Participant 03,001,2025-10-16_19h53.57.660,Word Priming Experiment,,2025.1.1,119.40654948965773,2025-10-16 19h54.28.617137 +0530,
,4,4,0,,,bo_t_e,Bottle,new,bost,[np.float64(0.0225)],[np.float64(-0.285)],[1],[0],[0],[15.228902600007132],['text_3'],,,,,0,4,4,18,236.14844080002513,,,,,,,,236.13752119999845,236.14844080002513,236.14844080002513,236.14844080002513,0.0028346999315544963,251.36673690006137,bost,[np.float64(0.0225)],[np.float64(-0.285)],[1],[0],[0],[15.228902600007132],['text_3'],Participant 03,001,2025-10-16_19h53.57.660,Word Priming Experiment,,2025.1.1,119.40654948965773,2025-10-16 19h54.28.617137 +0530,
,5,5,0,,,l_pt_p,Laptop,old,laptop,[np.float64(0.0225)],[np.float64(-0.285)],[1],[0],[0],[4.764186699991114],['text_3'],,,,,0,5,5,0,251.3815968000563,,,,,,,,251.36962960008532,251.3815968000563,251.3815968000563,251.3815968000563,0.0027664999943226576,256.1343328000512,laptop,[np.float64(0.0225)],[np.float64(-0.285)],[1],[0],[0],[4.764186699991114],['text_3'],Participant 03,001,2025-10-16_19h53.57.660,Word Priming Experiment,,2025.1.1,119.40654948965773,2025-10-16 19h54.28.617137 +0530,
,6,6,0,,,_o_rd,Board,old,keys,[np.float64(0.0225)],[np.float64(-0.285)],[1],[0],[0],[19.760754500050098],['text_3'],,,,,0,6,6,10,256.165085600107,,,,,,,,256.1392144000856,256.165085600107,256.165085600107,256.165085600107,0.0046922999899834394,275.9003896000795,keys,[np.float64(0.0225)],[np.float64(-0.285)],[1],[0],[0],[19.760754500050098],['text_3'],Participant 03,001,2025-10-16_19h53.57.660,Word Priming Experiment,,2025.1.1,119.40654948965773,2025-10-16 19h54.28.617137 +0530,
,7,7,0,,,c_s_io_,Cushion,new,cushion,[np.float64(0.0225)],[np.float64(-0.285)],[1],[0],[0],[5.328342599910684],['text_3'],,,,,0,7,7,14,275.9166818000376,,,,,,,,275.9039799000602,275.9166818000376,275.9166818000376,275.9166818000376,0.0034413000103086233,281.23266780003905,cushion,[np.float64(0.0225)],[np.float64(-0.285)],[1],[0],[0],[5.328342599910684],['text_3'],Participant 03,001,2025-10-16_19h53.57.660,Word Priming Experiment,,2025.1.1,119.40654948965773,2025-10-16 19h54.28.617137 +0530,
,8,8,0,,,c_m_ra,Camera,new,camera,[np.float64(0.0225)],[np.float64(-0.285)],[1],[0],[0],[4.845846500014886],['text_3'],,,,,0,8,8,19,281.2494437000714,,,,,,,,281.2363590000896,281.2494437000714,281.2494437000714,281.2494437000714,0.003509000060148537,286.0826079000253,camera,[np.float64(0.0225)],[np.float64(-0.285)],[1],[0],[0],[4.845846500014886],['text_3'],Participant 03,001,2025-10-16_19h53.57.660,Word Priming Experiment,,2025.1.1,119.40654948965773,2025-10-16 19h54.28.617137 +0530,
,9,9,0,,,_ou_se,mouse,old,mouse,[np.float64(0.0225)],[np.float64(-0.285)],[1],[0],[0],[5.794208100065589],['text_3'],,,,,0,9,9,3,286.1150437000906,,,,,,,,286.0877546000993,286.1150437000906,286.1150437000906,286.1150437000906,0.0049477999564260244,291.88243180001155,mouse,[np.float64(0.0225)],[np.float64(-0.285)],[1],[0],[0],[5.794208100065589],['text_3'],Participant 03,001,2025-10-16_19h53.57.660,Word Priming Experiment,,2025.1.1,119.40654948965773,2025-10-16 19h54.28.617137 +0530,
,10,10,0,,,_oo_,Book,old,school,[np.float64(0.0225)],[np.float64(-0.285)],[1],[0],[0],[8.6160781000508],['text_3'],,,,,0,10,10,13,291.8977323001018,,,,,,,,291.88518850004766,291.8977323001018,291.8977323001018,291.8977323001018,0.002609599963761866,300.5017451000167,school,[np.float64(0.0225)],[np.float64(-0.285)],[1],[0],[0],[8.6160781000508],['text_3'],Participant 03,001,2025-10-16_19h53.57.660,Word Priming Experiment,,2025.1.1,119.40654948965773,2025-10-16 19h54.28.617137 +0530,
,11,11,0,,,T_hi_t,Tshirt,old,tshirt,[np.float64(0.0225)],[np.float64(-0.285)],[1],[0],[0],[3.209621599991806],['text_3'],,,,,0,11,11,2,300.5301866000518,,,,,,,,300.5074169000145,300.5301866000518,300.5301866000518,300.5301866000518,0.005519300000742078,303.7176253000507,tshirt,[np.float64(0.0225)],[np.float64(-0.285)],[1],[0],[0],[3.209621599991806],['text_3'],Participant 03,001,2025-10-16_19h53.57.660,Word Priming Experiment,,2025.1.1,119.40654948965773,2025-10-16 19h54.28.617137 +0530,
,12,12,0,,,P_as_tr_,Pastry,old,pastry,[np.float64(0.0225)],[np.float64(-0.285)],[1],[0],[0],[3.3075951000209898],['text_3'],,,,,0,12,12,4,303.7471330000553,,,,,,,,303.7247181000421,303.7471330000553,303.7471330000553,303.7471330000553,0.006892699981108308,307.032801900059,pastry,[np.float64(0.0225)],[np.float64(-0.285)],[1],[0],[0],[3.3075951000209898],['text_3'],Participant 03,001,2025-10-16_19h53.57.660,Word Priming Experiment,,2025.1.1,119.40654948965773,2025-10-16 19h54.28.617137 +0530,
,13,13,0,,,K_y_,Keys,old,keys,[np.float64(0.0225)],[np.float64(-0.285)],[1],[0],[0],[2.6122226000297815],['text_3'],,,,,0,13,13,8,307.0639730000403,,,,,,,,307.03735630004667,307.0639730000403,307.0639730000403,307.0639730000403,0.0043669999577105045,309.65004360000603,keys,[np.float64(0.0225)],[np.float64(-0.285)],[1],[0],[0],[2.6122226000297815],['text_3'],Participant 03,001,2025-10-16_19h53.57.660,Word Priming Experiment,,2025.1.1,119.40654948965773,2025-10-16 19h54.28.617137 +0530,
,14,14,0,,,p_nc_l,Pencil,new,pencil,[np.float64(0.0225)],[np.float64(-0.285)],[1],[0],[0],[4.415157200070098],['text_3'],,,,,0,14,14,16,309.66616970009636,,,,,,,,309.6528071000939,309.66616970009636,309.66616970009636,309.66616970009636,0.002664900035597384,314.06837740004994,pencil,[np.float64(0.0225)],[np.float64(-0.285)],[1],[0],[0],[4.415157200070098],['text_3'],Participant 03,001,2025-10-16_19h53.57.660,Word Priming Experiment,,2025.1.1,119.40654948965773,2025-10-16 19h54.28.617137 +0530,
,15,15,0,,,_a_bl_,Marble,old,table,[np.float64(0.0225)],[np.float64(-0.285)],[1],[0],[0],[3.5431960999267176],['text_3'],,,,,0,15,15,11,314.09846910007764,,,,,,,,314.07249530008994,314.09846910007764,314.09846910007764,314.09846910007764,0.00396640005055815,317.62635280005634,table,[np.float64(0.0225)],[np.float64(-0.285)],[1],[0],[0],[3.5431960999267176],['text_3'],Participant 03,001,2025-10-16_19h53.57.660,Word Priming Experiment,,2025.1.1,119.40654948965773,2025-10-16 19h54.28.617137 +0530,
,16,16,0,,,_ho_e,Phone,old,shoes,[np.float64(0.0225)],[np.float64(-0.285)],[1],[0],[0],[17.07044730009511],['text_3'],,,,,0,16,16,12,317.6467957000714,,,,,,,,317.62985540006775,317.6467957000714,317.6467957000714,317.6467957000714,0.0033138999715447426,334.7007518000901,shoes,[np.float64(0.0225)],[np.float64(-0.285)],[1],[0],[0],[17.07044730009511],['text_3'],Participant 03,001,2025-10-16_19h53.57.660,Word Priming Experiment,,2025.1.1,119.40654948965773,2025-10-16 19h54.28.617137 +0530,
,17,17,0,,,P_li_e,Police,old,police,[np.float64(0.0225)],[np.float64(-0.285)],[1],[0],[0],[3.4970005999784917],['text_3'],,,,,0,17,17,7,334.7157346000895,,,,,,,,334.70343820005655,334.7157346000895,334.7157346000895,334.7157346000895,0.0025475999573245645,338.2009054000955,police,[np.float64(0.0225)],[np.float64(-0.285)],[1],[0],[0],[3.4970005999784917],['text_3'],Participant 03,001,2025-10-16_19h53.57.660,Word Priming Experiment,,2025.1.1,119.40654948965773,2025-10-16 19h54.28.617137 +0530,
,18,18,0,,,c_s_,Case,old,,[np.float64(0.0225)],[np.float64(-0.285)],[1],[0],[0],[0.175437800004147],['text_3'],,,,,0,18,18,5,338.2301099000033,,,,,,,,338.20599210006185,338.2301099000033,338.2301099000033,338.2301099000033,0.00492940004914999,338.3819310000399,,[np.float64(0.0225)],[np.float64(-0.285)],[1],[0],[0],[0.175437800004147],['text_3'],Participant 03,001,2025-10-16_19h53.57.660,Word Priming Experiment,,2025.1.1,119.40654948965773,2025-10-16 19h54.28.617137 +0530,
,19,19,0,,,v_s_,Vase,new,vase,[np.float64(0.0225)],[np.float64(-0.285)],[1],[0],[0],[5.458274299977347],['text_3'],,,,,0,19,19,17,338.41322950005997,,,,,,,,338.39013130008243,338.41322950005997,338.41322950005997,338.41322950005997,0.008055599988438189,343.8489174999995,vase,[np.float64(0.0225)],[np.float64(-0.285)],[1],[0],[0],[5.458274299977347],['text_3'],Participant 03,001,2025-10-16_19h53.57.660,Word Priming Experiment,,2025.1.1,119.40654948965773,2025-10-16 19h54.28.617137 +0530,
,20,0,1,,,_ha_t,Chart,old,,[np.float64(0.0225)],[np.float64(-0.285)],[1],[0],[0],[5.801639300072566],['text_3'],,,,,1,0,20,1,343.86345970002003,,,,,,,,343.8522733000573,343.86345970002003,343.86345970002003,343.86345970002003,0.0032071000896394253,349.654382500099,,[np.float64(0.0225)],[np.float64(-0.285)],[1],[0],[0],[5.801639300072566],['text_3'],Participant 03,001,2025-10-16_19h53.57.660,Word Priming Experiment,,2025.1.1,119.40654948965773,2025-10-16 19h54.28.617137 +0530,
,21,1,1,,,_a_bl_,Marble,old,,[np.float64(0.0225)],[np.float64(-0.285)],[1],[0],[0],[0.15656089992262423],['text_3'],,,,,1,1,21,11,349.68080610001925,,,,,,,,349.6587098001037,349.68080610001925,349.68080610001925,349.68080610001925,0.004181299940682948,349.8160528000444,,[np.float64(0.0225)],[np.float64(-0.285)],[1],[0],[0],[0.15656089992262423],['text_3'],Participant 03,001,2025-10-16_19h53.57.660,Word Priming Experiment,,2025.1.1,119.40654948965773,2025-10-16 19h54.28.617137 +0530,
,22,2,1,,,K_y_,Keys,old,keys,[np.float64(0.0225)],[np.float64(-0.285)],[1],[0],[0],[2.6614613001002],['text_3'],,,,,1,2,22,8,349.8303842000896,,,,,,,,349.8204817000078,349.8303842000896,349.8303842000896,349.8303842000896,0.004282500012777746,352.48232450010255,keys,[np.float64(0.0225)],[np.float64(-0.285)],[1],[0],[0],[2.6614613001002],['text_3'],Participant 03,001,2025-10-16_19h53.57.660,Word Priming Experiment,,2025.1.1,119.40654948965773,2025-10-16 19h54.28.617137 +0530,
,23,3,1,,,c_s_io_,Cushion,new,cushion,[np.float64(0.0225)],[np.float64(-0.285)],[1],[0],[0],[3.7305043000960723],['text_3'],,,,,1,3,23,14,352.4974396000616,,,,,,,,352.48516450007446,352.4974396000616,352.4974396000616,352.4974396000616,0.0027120000449940562,356.21606280002743,cushion,[np.float64(0.0225)],[np.float64(-0.285)],[1],[0],[0],[3.7305043000960723],['text_3'],Participant 03,001,2025-10-16_19h53.57.660,Word Priming Experiment,,2025.1.1,119.40654948965773,2025-10-16 19h54.28.617137 +0530,
,24,4,1,,,P_as_tr_,Pastry,old,pastry,[np.float64(0.0225)],[np.float64(-0.285)],[1],[0],[0],[3.181869800086133],['text_3'],,,,,1,4,24,4,356.230595100089,,,,,,,,356.21929630008526,356.230595100089,356.230595100089,356.230595100089,0.0031136999605223536,359.40161670011,pastry,[np.float64(0.0225)],[np.float64(-0.285)],[1],[0],[0],[3.181869800086133],['text_3'],Participant 03,001,2025-10-16_19h53.57.660,Word Priming Experiment,,2025.1.1,119.40654948965773,2025-10-16 19h54.28.617137 +0530,
,25,5,1,,,P_li_e,Police,old,,[np.float64(0.0225)],[np.float64(-0.285)],[1],[0],[0],[0.17793700005859137],['text_3'],,,,,1,5,25,7,359.4302580000367,,,,,,,,359.4044919000007,359.4302580000367,359.4302580000367,359.4302580000367,0.002739100018516183,359.58284170005936,,[np.float64(0.0225)],[np.float64(-0.285)],[1],[0],[0],[0.17793700005859137],['text_3'],Participant 03,001,2025-10-16_19h53.57.660,Word Priming Experiment,,2025.1.1,119.40654948965773,2025-10-16 19h54.28.617137 +0530,
,26,6,1,,,_oo_,Book,old,school,[np.float64(0.0225)],[np.float64(-0.285)],[1],[0],[0],[6.580621600034647],['text_3'],,,,,1,6,26,13,359.5972501001088,,,,,,,,359.5858643000247,359.5972501001088,359.5972501001088,359.5972501001088,0.002835500054061413,366.16691850009374,school,[np.float64(0.0225)],[np.float64(-0.285)],[1],[0],[0],[6.580621600034647],['text_3'],Participant 03,001,2025-10-16_19h53.57.660,Word Priming Experiment,,2025.1.1,119.40654948965773,2025-10-16 19h54.28.617137 +0530,
,27,7,1,,,P_st_r,Poster,old,pastry,[np.float64(0.0225)],[np.float64(-0.285)],[1],[0],[0],[3.444003199925646],['text_3'],,,,,1,7,27,9,366.18047420005314,,,,,,,,366.17041640006937,366.18047420005314,366.18047420005314,366.18047420005314,0.0033571000676602125,369.61497240001336,pastry,[np.float64(0.0225)],[np.float64(-0.285)],[1],[0],[0],[3.444003199925646],['text_3'],Participant 03,001,2025-10-16_19h53.57.660,Word Priming Experiment,,2025.1.1,119.40654948965773,2025-10-16 19h54.28.617137 +0530,
,28,8,1,,,bo_t_e,Bottle,new,bottle,[np.float64(0.0225)],[np.float64(-0.28625)],[1],[0],[0],[12.937749600037932],['text_3'],,,,,1,8,28,18,369.64570470002946,,,,,,,,369.6200513000367,369.64570470002946,369.64570470002946,369.64570470002946,0.004844999988563359,382.5586204000283,bottle,[np.float64(0.0225)],[np.float64(-0.28625)],[1],[0],[0],[12.937749600037932],['text_3'],Participant 03,001,2025-10-16_19h53.57.660,Word Priming Experiment,,2025.1.1,119.40654948965773,2025-10-16 19h54.28.617137 +0530,
,29,9,1,,,c_s_,Case,old,,[np.float64(0.0225)],[np.float64(-0.28625)],[1],[0],[0],[0.17600019997917116],['text_3'],,,,,1,9,29,5,382.5888793000486,,,,,,,,382.56296460004523,382.5888793000486,382.5888793000486,382.5888793000486,0.0042996000265702605,382.73962420003954,,[np.float64(0.0225)],[np.float64(-0.28625)],[1],[0],[0],[0.17600019997917116],['text_3'],Participant 03,001,2025-10-16_19h53.57.660,Word Priming Experiment,,2025.1.1,119.40654948965773,2025-10-16 19h54.28.617137 +0530,
,30,10,1,,,_o_rd,Board,old,chord,[np.float64(0.0225)],[np.float64(-0.28625)],[1],[0],[0],[7.414346900070086],['text_3'],,,,,1,10,30,10,382.77078000002075,,,,,,,,382.7433089000406,382.77078000002075,382.77078000002075,382.77078000002075,0.0035724000772461295,390.1583772000158,chord,[np.float64(0.0225)],[np.float64(-0.28625)],[1],[0],[0],[7.414346900070086],['text_3'],Participant 03,001,2025-10-16_19h53.57.660,Word Priming Experiment,,2025.1.1,119.40654948965773,2025-10-16 19h54.28.617137 +0530,
,31,11,1,,,_ru_is_,Cruise,old,cruise,[np.float64(0.0225)],[np.float64(-0.28625)],[1],[0],[0],[3.945831299992278],['text_3'],,,,,1,11,31,6,390.18881290010177,,,,,,,,390.1640690000495,390.18881290010177,390.18881290010177,390.18881290010177,0.005475000012665987,394.11045660008676,cruise,[np.float64(0.0225)],[np.float64(-0.28625)],[1],[0],[0],[3.945831299992278],['text_3'],Participant 03,001,2025-10-16_19h53.57.660,Word Priming Experiment,,2025.1.1,119.40654948965773,2025-10-16 19h54.28.617137 +0530,
,32,12,1,,,_ho_e,Phone,old,shoes,[np.float64(0.0225)],[np.float64(-0.28625)],[1],[0],[0],[4.33929009991698],['text_3'],,,,,1,12,32,12,394.139344300027,,,,,,,,394.1169365000678,394.139344300027,394.139344300027,394.139344300027,0.006150399916805327,398.45688160008285,shoes,[np.float64(0.0225)],[np.float64(-0.28625)],[1],[0],[0],[4.33929009991698],['text_3'],Participant 03,001,2025-10-16_19h53.57.660,Word Priming Experiment,,2025.1.1,119.40654948965773,2025-10-16 19h54.28.617137 +0530,
,33,13,1,,,v_s_,Vase,new,vase,[np.float64(0.0225)],[np.float64(-0.28625)],[1],[0],[0],[9.246567000052892],['text_3'],,,,,1,13,33,17,398.4887090000557,,,,,,,,398.46064580010716,398.4887090000557,398.4887090000557,398.4887090000557,0.0035811000270769,407.7078954000026,vase,[np.float64(0.0225)],[np.float64(-0.28625)],[1],[0],[0],[9.246567000052892],['text_3'],Participant 03,001,2025-10-16_19h53.57.660,Word Priming Experiment,,2025.1.1,119.40654948965773,2025-10-16 19h54.28.617137 +0530,
,34,14,1,,,T_hi_t,Tshirt,old,tshirt,[np.float64(0.0225)],[np.float64(-0.28625)],[1],[0],[0],[3.4081974999280646],['text_3'],,,,,1,14,34,2,407.7372762000887,,,,,,,,407.71435670007486,407.7372762000887,407.7372762000887,407.7372762000887,0.006218999973498285,411.1231775000924,tshirt,[np.float64(0.0225)],[np.float64(-0.28625)],[1],[0],[0],[3.4081974999280646],['text_3'],Participant 03,001,2025-10-16_19h53.57.660,Word Priming Experiment,,2025.1.1,119.40654948965773,2025-10-16 19h54.28.617137 +0530,
,35,15,1,,,c_m_ra,Camera,new,camera,[np.float64(0.0225)],[np.float64(-0.28625)],[1],[0],[0],[3.4618930999422446],['text_3'],,,,,1,15,35,19,411.15397390001453,,,,,,,,411.12764530000277,411.15397390001453,411.15397390001453,411.15397390001453,0.004341299994848669,414.5901560001075,camera,[np.float64(0.0225)],[np.float64(-0.28625)],[1],[0],[0],[3.4618930999422446],['text_3'],Participant 03,001,2025-10-16_19h53.57.660,Word Priming Experiment,,2025.1.1,119.40654948965773,2025-10-16 19h54.28.617137 +0530,
,36,16,1,,,_ou_se,mouse,old,mouse,[np.float64(0.0225)],[np.float64(-0.28625)],[1],[0],[0],[5.997324700001627],['text_3'],,,,,1,16,36,3,414.6051526000956,,,,,,,,414.59351190004963,414.6051526000956,414.6051526000956,414.6051526000956,0.0032112000044435263,420.59152300003916,mouse,[np.float64(0.0225)],[np.float64(-0.28625)],[1],[0],[0],[5.997324700001627],['text_3'],Participant 03,001,2025-10-16_19h53.57.660,Word Priming Experiment,,2025.1.1,119.40654948965773,2025-10-16 19h54.28.617137 +0530,
,37,17,1,,,l_pt_p,Laptop,old,laptop,[np.float64(0.0225)],[np.float64(-0.28625)],[1],[0],[0],[3.3597800999414176],['text_3'],,,,,1,17,37,0,420.6203103000298,,,,,,,,420.5974684000248,420.6203103000298,420.6203103000298,420.6203103000298,0.0057064000284299254,423.95805830007885,laptop,[np.float64(0.0225)],[np.float64(-0.28625)],[1],[0],[0],[3.3597800999414176],['text_3'],Participant 03,001,2025-10-16_19h53.57.660,Word Priming Experiment,,2025.1.1,119.40654948965773,2025-10-16 19h54.28.617137 +0530,
,38,18,1,,,ta_l_,Table,new,table,[np.float64(0.0225)],[np.float64(-0.28625)],[1],[0],[0],[3.578010599943809],['text_3'],,,,,1,18,38,15,423.98771630006377,,,,,,,,423.9639530000277,423.98771630006377,423.98771630006377,423.98771630006377,0.005688000004738569,427.5428423000267,table,[np.float64(0.0225)],[np.float64(-0.28625)],[1],[0],[0],[3.578010599943809],['text_3'],Participant 03,001,2025-10-16_19h53.57.660,Word Priming Experiment,,2025.1.1,119.40654948965773,2025-10-16 19h54.28.617137 +0530,
,39,19,1,,,p_nc_l,Pencil,new,pencil,[np.float64(0.0225)],[np.float64(-0.28625)],[1],[0],[0],[5.157287099980749],['text_3'],,,,,1,19,39,16,427.5711221001111,,,,,,,,427.5481148000108,427.5711221001111,427.5711221001111,427.5711221001111,0.005051200045272708,432.70588030002546,pencil,[np.float64(0.0225)],[np.float64(-0.28625)],[1],[0],[0],[5.157287099980749],['text_3'],Participant 03,001,2025-10-16_19h53.57.660,Word Priming Experiment,,2025.1.1,119.40654948965773,2025-10-16 19h54.28.617137 +0530,
,40,0,2,,,c_s_,Case,old,case,[np.float64(0.0225)],[np.float64(-0.28625)],[1],[0],[0],[3.1977162999100983],['text_3'],,,,,2,0,40,5,432.721254000091,,,,,,,,432.7081083001103,432.721254000091,432.721254000091,432.721254000091,0.0021344999549910426,435.9062327001011,case,[np.float64(0.0225)],[np.float64(-0.28625)],[1],[0],[0],[3.1977162999100983],['text_3'],Participant 03,001,2025-10-16_19h53.57.660,Word Priming Experiment,,2025.1.1,119.40654948965773,2025-10-16 19h54.28.617137 +0530,
,41,1,2,,,_ou_se,mouse,old,mouses,[np.float64(0.0225)],[np.float64(-0.28625)],[1],[0],[0],[3.9800348000135273],['text_3'],,,,,2,1,41,3,435.93682120006997,,,,,,,,435.9100582000101,435.93682120006997,435.93682120006997,435.93682120006997,0.003733899910002947,439.89087120001204,mouses,[np.float64(0.0225)],[np.float64(-0.28625)],[1],[0],[0],[3.9800348000135273],['text_3'],Participant 03,001,2025-10-16_19h53.57.660,Word Priming Experiment,,2025.1.1,119.40654948965773,2025-10-16 19h54.28.617137 +0530,
,42,2,2,,,P_st_r,Poster,old,pastry,[np.float64(0.0225)],[np.float64(-0.28625)],[1],[0],[0],[3.33050539996475],['text_3'],,,,,2,2,42,9,439.92043790000025,,,,,,,,439.8951887000585,439.92043790000025,439.92043790000025,439.92043790000025,0.004075300064869225,443.2264614000451,pastry,[np.float64(0.0225)],[np.float64(-0.28625)],[1],[0],[0],[3.33050539996475],['text_3'],Participant 03,001,2025-10-16_19h53.57.660,Word Priming Experiment,,2025.1.1,119.40654948965773,2025-10-16 19h54.28.617137 +0530,
,43,3,2,,,P_as_tr_,Pastry,old,pastryies,[np.float64(0.0225)],[np.float64(-0.28625)],[1],[0],[0],[14.724967199959792],['text_3'],,,,,2,3,43,4,443.2547456000466,,,,,,,,443.23127020010725,443.2547456000466,443.2547456000466,443.2547456000466,0.004638200043700635,457.9569612001069,pastryies,[np.float64(0.0225)],[np.float64(-0.28625)],[1],[0],[0],[14.724967199959792],['text_3'],Participant 03,001,2025-10-16_19h53.57.660,Word Priming Experiment,,2025.1.1,119.40654948965773,2025-10-16 19h54.28.617137 +0530,
,44,4,2,,,T_hi_t,Tshirt,old,tshirt,[np.float64(0.0225)],[np.float64(-0.28625)],[1],[0],[0],[5.69506860000547],['text_3'],,,,,2,4,44,2,457.97188850003295,,,,,,,,457.96055890002754,457.97188850003295,457.97188850003295,457.97188850003295,0.0034414000110700727,463.65614020009525,tshirt,[np.float64(0.0225)],[np.float64(-0.28625)],[1],[0],[0],[5.69506860000547],['text_3'],Participant 03,001,2025-10-16_19h53.57.660,Word Priming Experiment,,2025.1.1,119.40654948965773,2025-10-16 19h54.28.617137 +0530,
,45,5,2,,,_ru_is_,Cruise,old,cruise,[np.float64(0.0225)],[np.float64(-0.28625)],[1],[0],[0],[4.014976099948399],['text_3'],,,,,2,5,45,6,463.6716588001,,,,,,,,463.65899190003984,463.6716588001,463.6716588001,463.6716588001,0.0027345999842509627,467.6746638000477,cruise,[np.float64(0.0225)],[np.float64(-0.28625)],[1],[0],[0],[4.014976099948399],['text_3'],Participant 03,001,2025-10-16_19h53.57.660,Word Priming Experiment,,2025.1.1,119.40654948965773,2025-10-16 19h54.28.617137 +0530,
,46,6,2,,,_ho_e,Phone,old,shoes,[np.float64(0.0225)],[np.float64(-0.28625)],[1],[0],[0],[4.02641389996279],['text_3'],,,,,2,6,46,12,467.70441070001107,,,,,,,,467.67974890000187,467.70441070001107,467.70441070001107,467.70441070001107,0.004909800016321242,471.7069942000089,shoes,[np.float64(0.0225)],[np.float64(-0.28625)],[1],[0],[0],[4.02641389996279],['text_3'],Participant 03,001,2025-10-16_19h53.57.660,Word Priming Experiment,,2025.1.1,119.40654948965773,2025-10-16 19h54.28.617137 +0530,
,47,7,2,,,_a_bl_,Marble,old,table,[np.float64(0.0225)],[np.float64(-0.28625)],[1],[0],[0],[3.144632800016552],['text_3'],,,,,2,7,47,11,471.7363838000456,,,,,,,,471.7126078000292,471.7363838000456,471.7363838000456,471.7363838000456,0.005401399917900562,474.8581248000264,table,[np.float64(0.0225)],[np.float64(-0.28625)],[1],[0],[0],[3.144632800016552],['text_3'],Participant 03,001,2025-10-16_19h53.57.660,Word Priming Experiment,,2025.1.1,119.40654948965773,2025-10-16 19h54.28.617137 +0530,
,48,8,2,,,l_pt_p,Laptop,old,laptop,[np.float64(0.0225)],[np.float64(-0.28625)],[1],[0],[0],[3.1911441000411287],['text_3'],,,,,2,8,48,0,474.8866269000573,,,,,,,,474.86377450008877,474.8866269000573,474.8866269000573,474.8866269000573,0.005467499955557287,478.05550310004037,laptop,[np.float64(0.0225)],[np.float64(-0.28625)],[1],[0],[0],[3.1911441000411287],['text_3'],Participant 03,001,2025-10-16_19h53.57.660,Word Priming Experiment,,2025.1.1,119.40654948965773,2025-10-16 19h54.28.617137 +0530,
,49,9,2,,,P_li_e,Police,old,police,[np.float64(0.0225)],[np.float64(-0.28625)],[1],[0],[0],[2.9978121999884024],['text_3'],,,,,2,9,49,7,478.07216770004015,,,,,,,,478.0582227000268,478.07216770004015,478.07216770004015,478.07216770004015,0.002599300001747906,481.0565526999999,police,[np.float64(0.0225)],[np.float64(-0.28625)],[1],[0],[0],[2.9978121999884024],['text_3'],Participant 03,001,2025-10-16_19h53.57.660,Word Priming Experiment,,2025.1.1,119.40654948965773,2025-10-16 19h54.28.617137 +0530,
,50,10,2,,,_oo_,Book,old,book,[np.float64(0.0225)],[np.float64(-0.28625)],[1],[0],[0],[7.495461700018495],['text_3'],,,,,2,10,50,13,481.08632810006384,,,,,,,,481.060532100033,481.08632810006384,481.08632810006384,481.08632810006384,0.0038739999290555716,488.55681980005465,book,[np.float64(0.0225)],[np.float64(-0.28625)],[1],[0],[0],[7.495461700018495],['text_3'],Participant 03,001,2025-10-16_19h53.57.660,Word Priming Experiment,,2025.1.1,119.40654948965773,2025-10-16 19h54.28.617137 +0530,
,51,11,2,,,c_s_io_,Cushion,new,cushion,[np.float64(0.0225)],[np.float64(-0.28625)],[1],[0],[0],[3.7791637999471277],['text_3'],,,,,2,11,51,14,488.5865305000916,,,,,,,,488.56139700009953,488.5865305000916,488.5865305000916,488.5865305000916,0.004358000005595386,492.3411307000788,cushion,[np.float64(0.0225)],[np.float64(-0.28625)],[1],[0],[0],[3.7791637999471277],['text_3'],Participant 03,001,2025-10-16_19h53.57.660,Word Priming Experiment,,2025.1.1,119.40654948965773,2025-10-16 19h54.28.617137 +0530,
,52,12,2,,,v_s_,Vase,new,vase,[np.float64(0.0225)],[np.float64(-0.28625)],[1],[0],[0],[2.7785140000050887],['text_3'],,,,,2,12,52,17,492.37102380010765,,,,,,,,492.3454310001107,492.37102380010765,492.37102380010765,492.37102380010765,0.004200200084596872,495.1248616001103,vase,[np.float64(0.0225)],[np.float64(-0.28625)],[1],[0],[0],[2.7785140000050887],['text_3'],Participant 03,001,2025-10-16_19h53.57.660,Word Priming Experiment,,2025.1.1,119.40654948965773,2025-10-16 19h54.28.617137 +0530,
,53,13,2,,,c_m_ra,Camera,new,camera,[np.float64(0.0225)],[np.float64(-0.28625)],[1],[0],[0],[3.6269443000201136],['text_3'],,,,,2,13,53,19,495.13728340005036,,,,,,,,495.1279050000012,495.13728340005036,495.13728340005036,495.13728340005036,0.002866300055757165,498.7556742000161,camera,[np.float64(0.0225)],[np.float64(-0.28625)],[1],[0],[0],[3.6269443000201136],['text_3'],Participant 03,001,2025-10-16_19h53.57.660,Word Priming Experiment,,2025.1.1,119.40654948965773,2025-10-16 19h54.28.617137 +0530,
,54,14,2,,,K_y_,Keys,old,keys,[np.float64(0.0225)],[np.float64(-0.28625)],[1],[0],[0],[3.2142479000613093],['text_3'],,,,,2,14,54,8,498.78644380008336,,,,,,,,498.76015440002084,498.78644380008336,498.78644380008336,498.78644380008336,0.004298900021240115,501.9754731000867,keys,[np.float64(0.0225)],[np.float64(-0.28625)],[1],[0],[0],[3.2142479000613093],['text_3'],Participant 03,001,2025-10-16_19h53.57.660,Word Priming Experiment,,2025.1.1,119.40654948965773,2025-10-16 19h54.28.617137 +0530,
,55,15,2,,,_o_rd,Board,old,chord,[np.float64(0.0225)],[np.float64(-0.28625)],[1],[0],[0],[9.060267199994996],['text_3'],,,,,2,15,55,10,502.0027896000538,,,,,,,,501.97921380004846,502.0027896000538,502.0027896000538,502.0027896000538,0.003551800036802888,511.04077590000816,chord,[np.float64(0.0225)],[np.float64(-0.28625)],[1],[0],[0],[9.060267199994996],['text_3'],Participant 03,001,2025-10-16_19h53.57.660,Word Priming Experiment,,2025.1.1,119.40654948965773,2025-10-16 19h54.28.617137 +0530,
,56,16,2,,,_ha_t,Chart,old,shat,[np.float64(0.0225)],[np.float64(-0.28625)],[1],[0],[0],[5.494733500061557],['text_3'],,,,,2,16,56,1,511.06967330002226,,,,,,,,511.04491120006423,511.06967330002226,511.06967330002226,511.06967330002226,0.003995900042355061,516.5405550000723,shat,[np.float64(0.0225)],[np.float64(-0.28625)],[1],[0],[0],[5.494733500061557],['text_3'],Participant 03,001,2025-10-16_19h53.57.660,Word Priming Experiment,,2025.1.1,119.40654948965773,2025-10-16 19h54.28.617137 +0530,
,57,17,2,,,bo_t_e,Bottle,new,,[np.float64(0.02375)],[np.float64(-0.28375)],[1],[0],[0],[12.3004210999934],['text_3'],,,,,2,17,57,18,516.5694779000478,,,,,,,,516.5454240000108,516.5694779000478,516.5694779000478,516.5694779000478,0.004648500005714595,528.846614500042,,[np.float64(0.02375)],[np.float64(-0.28375)],[1],[0],[0],[12.3004210999934],['text_3'],Participant 03,001,2025-10-16_19h53.57.660,Word Priming Experiment,,2025.1.1,119.40654948965773,2025-10-16 19h54.28.617137 +0530,
,58,18,2,,,ta_l_,Table,new,,[np.float64(0.02375)],[np.float64(-0.28375)],[1],[0],[0],[0.21448189998045564],['text_3'],,,,,2,18,58,15,528.8621600000188,,,,,,,,528.8494907000568,528.8621600000188,528.8621600000188,528.8621600000188,0.002750999992713332,529.0645256000571,,[np.float64(0.02375)],[np.float64(-0.28375)],[1],[0],[0],[0.21448189998045564],['text_3'],Participant 03,001,2025-10-16_19h53.57.660,Word Priming Experiment,,2025.1.1,119.40654948965773,2025-10-16 19h54.28.617137 +0530,
,59,19,2,,,p_nc_l,Pencil,new,pencil,[np.float64(0.02375)],[np.float64(-0.28375)],[1],[0],[0],[4.761469400022179],['text_3'],,,,,2,19,59,16,529.078202100005,,,,,,,,529.0678995000198,529.078202100005,529.078202100005,529.078202100005,0.0032335000578314066,533.8299587001093,pencil,[np.float64(0.02375)],[np.float64(-0.28375)],[1],[0],[0],[4.761469400022179],['text_3'],Participant 03,001,2025-10-16_19h53.57.660,Word Priming Experiment,,2025.1.1,119.40654948965773,2025-10-16 19h54.28.617137 +0530,
,60,0,3,,,v_s_,Vase,new,vase,[np.float64(0.02375)],[np.float64(-0.28375)],[1],[0],[0],[2.9965434999903664],['text_3'],,,,,3,0,60,17,533.8468724000268,,,,,,,,533.8330639000051,533.8468724000268,533.8468724000268,533.8468724000268,0.0029128999449312687,536.8423721001018,vase,[np.float64(0.02375)],[np.float64(-0.28375)],[1],[0],[0],[2.9965434999903664],['text_3'],Participant 03,001,2025-10-16_19h53.57.660,Word Priming Experiment,,2025.1.1,119.40654948965773,2025-10-16 19h54.28.617137 +0530,
,61,1,3,,,_ou_se,mouse,old,mouses,[np.float64(0.02375)],[np.float64(-0.28375)],[1],[0],[0],[6.334597400040366],['text_3'],,,,,3,1,61,3,536.8614507000893,,,,,,,,536.8458697000751,536.8614507000893,536.8614507000893,536.8614507000893,0.0033280999632552266,543.1810775001068,mouses,[np.float64(0.02375)],[np.float64(-0.28375)],[1],[0],[0],[6.334597400040366],['text_3'],Participant 03,001,2025-10-16_19h53.57.660,Word Priming Experiment,,2025.1.1,119.40654948965773,2025-10-16 19h54.28.617137 +0530,
,62,2,3,,,ta_l_,Table,new,table,[np.float64(0.02375)],[np.float64(-0.28375)],[1],[0],[0],[2.8978077999781817],['text_3'],,,,,3,2,62,15,543.1950467000715,,,,,,,,543.184111700044,543.1950467000715,543.1950467000715,543.1950467000715,0.0027698000194504857,546.0828648000024,table,[np.float64(0.02375)],[np.float64(-0.28375)],[1],[0],[0],[2.8978077999781817],['text_3'],Participant 03,001,2025-10-16_19h53.57.660,Word Priming Experiment,,2025.1.1,119.40654948965773,2025-10-16 19h54.28.617137 +0530,
,63,3,3,,,l_pt_p,Laptop,old,laptop,[np.float64(0.02375)],[np.float64(-0.28375)],[1],[0],[0],[7.027970499941148],['text_3'],,,,,3,3,63,0,546.1104845000664,,,,,,,,546.0861644000979,546.1104845000664,546.1104845000664,546.1104845000664,0.0031229000305756927,553.1147336000577,laptop,[np.float64(0.02375)],[np.float64(-0.28375)],[1],[0],[0],[7.027970499941148],['text_3'],Participant 03,001,2025-10-16_19h53.57.660,Word Priming Experiment,,2025.1.1,119.40654948965773,2025-10-16 19h54.28.617137 +0530,
,64,4,3,,,_ho_e,Phone,old,shoes,[np.float64(0.02375)],[np.float64(-0.28375)],[1],[0],[0],[4.129736399976537],['text_3'],,,,,3,4,64,12,553.1287829000503,,,,,,,,553.1177238000091,553.1287829000503,553.1287829000503,553.1287829000503,0.0028750000055879354,557.2482367000775,shoes,[np.float64(0.02375)],[np.float64(-0.28375)],[1],[0],[0],[4.129736399976537],['text_3'],Participant 03,001,2025-10-16_19h53.57.660,Word Priming Experiment,,2025.1.1,119.40654948965773,2025-10-16 19h54.28.617137 +0530,
,65,5,3,,,_o_rd,Board,old,chord,[np.float64(0.02375)],[np.float64(-0.28375)],[1],[0],[0],[3.3444168000714853],['text_3'],,,,,3,5,65,10,557.2779656000203,,,,,,,,557.2525359001011,557.2779656000203,557.2779656000203,557.2779656000203,0.004176599904894829,560.5980676000472,chord,[np.float64(0.02375)],[np.float64(-0.28375)],[1],[0],[0],[3.3444168000714853],['text_3'],Participant 03,001,2025-10-16_19h53.57.660,Word Priming Experiment,,2025.1.1,119.40654948965773,2025-10-16 19h54.28.617137 +0530,
,66,6,3,,,_ha_t,Chart,old,chaft,[np.float64(0.02375)],[np.float64(-0.28375)],[1],[0],[0],[18.309557000058703],['text_3'],,,,,3,6,66,1,560.6271698001074,,,,,,,,560.6033201999962,560.6271698001074,560.6271698001074,560.6271698001074,0.005063199903815985,578.913677600096,chaft,[np.float64(0.02375)],[np.float64(-0.28375)],[1],[0],[0],[18.309557000058703],['text_3'],Participant 03,001,2025-10-16_19h53.57.660,Word Priming Experiment,,2025.1.1,119.40654948965773,2025-10-16 19h54.28.617137 +0530,
,67,7,3,,,c_s_io_,Cushion,new,cushion,[np.float64(0.02375)],[np.float64(-0.28375)],[1],[0],[0],[3.399684900068678],['text_3'],,,,,3,7,67,14,578.9443750000792,,,,,,,,578.9187456000363,578.9443750000792,578.9443750000792,578.9443750000792,0.0049588000401854515,582.3196479000617,cushion,[np.float64(0.02375)],[np.float64(-0.28375)],[1],[0],[0],[3.399684900068678],['text_3'],Participant 03,001,2025-10-16_19h53.57.660,Word Priming Experiment,,2025.1.1,119.40654948965773,2025-10-16 19h54.28.617137 +0530,
,68,8,3,,,c_m_ra,Camera,new,camera,[np.float64(0.02375)],[np.float64(-0.28375)],[1],[0],[0],[3.4521507000317797],['text_3'],,,,,3,8,68,19,582.3438990000868,,,,,,,,582.3273102000821,582.3438990000868,582.3438990000868,582.3438990000868,0.007442699978128076,585.7803023000015,camera,[np.float64(0.02375)],[np.float64(-0.28375)],[1],[0],[0],[3.4521507000317797],['text_3'],Participant 03,001,2025-10-16_19h53.57.660,Word Priming Experiment,,2025.1.1,119.40654948965773,2025-10-16 19h54.28.617137 +0530,
,69,9,3,,,p_nc_l,Pencil,new,pencil,[np.float64(0.02375)],[np.float64(-0.28375)],[1],[0],[0],[3.795834199991077],['text_3'],,,,,3,9,69,16,585.7974217000883,,,,,,,,585.7837130000116,585.7974217000883,585.7974217000883,585.7974217000883,0.0032432000152766705,589.5802448000759,pencil,[np.float64(0.02375)],[np.float64(-0.28375)],[1],[0],[0],[3.795834199991077],['text_3'],Participant 03,001,2025-10-16_19h53.57.660,Word Priming Experiment,,2025.1.1,119.40654948965773,2025-10-16 19h54.28.617137 +0530,
,70,10,3,,,P_li_e,Police,old,police,[np.float64(0.02375)],[np.float64(-0.28375)],[1],[0],[0],[2.812330999993719],['text_3'],,,,,3,10,70,7,589.5952480999986,,,,,,,,589.5838923000265,589.5952480999986,589.5952480999986,589.5952480999986,0.003480600076727569,592.4029104000656,police,[np.float64(0.02375)],[np.float64(-0.28375)],[1],[0],[0],[2.812330999993719],['text_3'],Participant 03,001,2025-10-16_19h53.57.660,Word Priming Experiment,,2025.1.1,119.40654948965773,2025-10-16 19h54.28.617137 +0530,
,71,11,3,,,P_as_tr_,Pastry,old,pastries,[np.float64(0.02375)],[np.float64(-0.28375)],[1],[0],[0],[5.991356999962591],['text_3'],,,,,3,11,71,4,592.427383900038,,,,,,,,592.4070140999975,592.427383900038,592.427383900038,592.427383900038,0.003867599996738136,598.3990380000323,pastries,[np.float64(0.02375)],[np.float64(-0.28375)],[1],[0],[0],[5.991356999962591],['text_3'],Participant 03,001,2025-10-16_19h53.57.660,Word Priming Experiment,,2025.1.1,119.40654948965773,2025-10-16 19h54.28.617137 +0530,
,72,12,3,,,T_hi_t,Tshirt,old,tshirt,[np.float64(0.02375)],[np.float64(-0.28375)],[1],[0],[0],[3.3307251000078395],['text_3'],,,,,3,12,72,2,598.4128860000055,,,,,,,,598.4019377001096,598.4128860000055,598.4128860000055,598.4128860000055,0.0027645000955089927,601.733638200094,tshirt,[np.float64(0.02375)],[np.float64(-0.28375)],[1],[0],[0],[3.3307251000078395],['text_3'],Participant 03,001,2025-10-16_19h53.57.660,Word Priming Experiment,,2025.1.1,119.40654948965773,2025-10-16 19h54.28.617137 +0530,
,73,13,3,,,_oo_,Book,old,book,[np.float64(0.02375)],[np.float64(-0.28375)],[1],[0],[0],[11.14214000001084],['text_3'],,,,,3,13,73,13,601.7615130000049,,,,,,,,601.7376944000134,601.7615130000049,601.7615130000049,601.7615130000049,0.003867699997499585,612.8805354000069,book,[np.float64(0.02375)],[np.float64(-0.28375)],[1],[0],[0],[11.14214000001084],['text_3'],Participant 03,001,2025-10-16_19h53.57.660,Word Priming Experiment,,2025.1.1,119.40654948965773,2025-10-16 19h54.28.617137 +0530,
,74,14,3,,,c_s_,Case,old,case,[np.float64(0.02375)],[np.float64(-0.28375)],[1],[0],[0],[3.179944399977103],['text_3'],,,,,3,14,74,5,612.8943851001095,,,,,,,,612.8832901000278,612.8943851001095,612.8943851001095,612.8943851001095,0.002636199933476746,616.0641686000163,case,[np.float64(0.02375)],[np.float64(-0.28375)],[1],[0],[0],[3.179944399977103],['text_3'],Participant 03,001,2025-10-16_19h53.57.660,Word Priming Experiment,,2025.1.1,119.40654948965773,2025-10-16 19h54.28.617137 +0530,
,75,15,3,,,bo_t_e,Bottle,new,boaste,[np.float64(0.02375)],[np.float64(-0.28375)],[1],[0],[0],[4.427653199993074],['text_3'],,,,,3,15,75,18,616.0937633001013,,,,,,,,616.069871100015,616.0937633001013,616.0937633001013,616.0937633001013,0.0055315999779850245,620.4984375000931,boaste,[np.float64(0.02375)],[np.float64(-0.28375)],[1],[0],[0],[4.427653199993074],['text_3'],Participant 03,001,2025-10-16_19h53.57.660,Word Priming Experiment,,2025.1.1,119.40654948965773,2025-10-16 19h54.28.617137 +0530,
,76,16,3,,,_ru_is_,Cruise,old,cruise,[np.float64(0.02375)],[np.float64(-0.28375)],[1],[0],[0],[3.943616700009443],['text_3'],,,,,3,16,76,6,620.5267492000712,,,,,,,,620.502208400052,620.5267492000712,620.5267492000712,620.5267492000712,0.003604800091125071,624.4464651000453,cruise,[np.float64(0.02375)],[np.float64(-0.28375)],[1],[0],[0],[3.943616700009443],['text_3'],Participant 03,001,2025-10-16_19h53.57.660,Word Priming Experiment,,2025.1.1,119.40654948965773,2025-10-16 19h54.28.617137 +0530,
,77,17,3,,,_a_bl_,Marble,old,table,[np.float64(0.02375)],[np.float64(-0.28375)],[1],[0],[0],[3.381356199970469],['text_3'],,,,,3,17,77,11,624.4624833000125,,,,,,,,624.449087300105,624.4624833000125,624.4624833000125,624.4624833000125,0.002505500102415681,627.8312513000565,table,[np.float64(0.02375)],[np.float64(-0.28375)],[1],[0],[0],[3.381356199970469],['text_3'],Participant 03,001,2025-10-16_19h53.57.660,Word Priming Experiment,,2025.1.1,119.40654948965773,2025-10-16 19h54.28.617137 +0530,
,78,18,3,,,K_y_,Keys,old,keys,[np.float64(0.02375)],[np.float64(-0.28375)],[1],[0],[0],[2.328203500015661],['text_3'],,,,,3,18,78,8,627.8602098000702,,,,,,,,627.8347912000027,627.8602098000702,627.8602098000702,627.8602098000702,0.0033820000244304538,630.1637768000364,keys,[np.float64(0.02375)],[np.float64(-0.28375)],[1],[0],[0],[2.328203500015661],['text_3'],Participant 03,001,2025-10-16_19h53.57.660,Word Priming Experiment,,2025.1.1,119.40654948965773,2025-10-16 19h54.28.617137 +0530,
,79,19,3,,,P_st_r,Poster,old,pastry,[np.float64(0.02375)],[np.float64(-0.28375)],[1],[0],[0],[3.2480792000424117],['text_3'],,,,,3,19,79,9,630.1777654000325,,,,,,,,630.1667811000952,630.1777654000325,630.1777654000325,630.1777654000325,0.0028577999910339713,633.4161090000998,pastry,[np.float64(0.02375)],[np.float64(-0.28375)],[1],[0],[0],[3.2480792000424117],['text_3'],Participant 03,001,2025-10-16_19h53.57.660,Word Priming Experiment,,2025.1.1,119.40654948965773,2025-10-16 19h54.28.617137 +0530,
,80,0,4,,,bo_t_e,Bottle,new,boats,[np.float64(0.02375)],[np.float64(-0.28375)],[1],[0],[0],[2.8906923999311402],['text_3'],,,,,4,0,80,18,633.4434490000131,,,,,,,,633.4217578000389,633.4434490000131,633.4434490000131,633.4434490000131,0.0053833998972550035,636.31370040006,boats,[np.float64(0.02375)],[np.float64(-0.28375)],[1],[0],[0],[2.8906923999311402],['text_3'],Participant 03,001,2025-10-16_19h53.57.660,Word Priming Experiment,,2025.1.1,119.40654948965773,2025-10-16 19h54.28.617137 +0530,
,81,1,4,,,p_nc_l,Pencil,new,pencil,[np.float64(0.02375)],[np.float64(-0.28375)],[1],[0],[0],[3.676376499934122],['text_3'],,,,,4,1,81,16,636.3440847001038,,,,,,,,636.3192646000534,636.3440847001038,636.3440847001038,636.3440847001038,0.005375899956561625,639.9965368000558,pencil,[np.float64(0.02375)],[np.float64(-0.28375)],[1],[0],[0],[3.676376499934122],['text_3'],Participant 03,001,2025-10-16_19h53.57.660,Word Priming Experiment,,2025.1.1,119.40654948965773,2025-10-16 19h54.28.617137 +0530,
,82,2,4,,,c_m_ra,Camera,new,camera,[np.float64(0.02375)],[np.float64(-0.28375)],[1],[0],[0],[5.162599799921736],['text_3'],,,,,4,2,82,19,640.0123353000963,,,,,,,,640.0000559000764,640.0123353000963,640.0123353000963,640.0123353000963,0.0033242000499740243,645.1633781000273,camera,[np.float64(0.02375)],[np.float64(-0.28375)],[1],[0],[0],[5.162599799921736],['text_3'],Participant 03,001,2025-10-16_19h53.57.660,Word Priming Experiment,,2025.1.1,119.40654948965773,2025-10-16 19h54.28.617137 +0530,
,83,3,4,,,v_s_,Vase,new,vase,[np.float64(0.02375)],[np.float64(-0.28375)],[1],[0],[0],[5.879667300032452],['text_3'],,,,,4,3,83,17,645.1794726001099,,,,,,,,645.1662300000899,645.1794726001099,645.1794726001099,645.1794726001099,0.0027043999871239066,651.0466159000061,vase,[np.float64(0.02375)],[np.float64(-0.28375)],[1],[0],[0],[5.879667300032452],['text_3'],Participant 03,001,2025-10-16_19h53.57.660,Word Priming Experiment,,2025.1.1,119.40654948965773,2025-10-16 19h54.28.617137 +0530,
,84,4,4,,,_ou_se,mouse,old,mouses,[np.float64(0.02375)],[np.float64(-0.28375)],[1],[0],[0],[5.894657100085169],['text_3'],,,,,4,4,84,3,651.0769247000571,,,,,,,,651.0513263000175,651.0769247000571,651.0769247000571,651.0769247000571,0.004463199991732836,656.9467087000376,mouses,[np.float64(0.02375)],[np.float64(-0.28375)],[1],[0],[0],[5.894657100085169],['text_3'],Participant 03,001,2025-10-16_19h53.57.660,Word Priming Experiment,,2025.1.1,119.40654948965773,2025-10-16 19h54.28.617137 +0530,
,85,5,4,,,_oo_,Book,old,book,[np.float64(0.02375)],[np.float64(-0.28375)],[1],[0],[0],[2.713956299936399],['text_3'],,,,,4,5,85,13,656.9603625000454,,,,,,,,656.9490630000364,656.9603625000454,656.9603625000454,656.9603625000454,0.0022383000468835235,659.6638266000664,book,[np.float64(0.02375)],[np.float64(-0.28375)],[1],[0],[0],[2.713956299936399],['text_3'],Participant 03,001,2025-10-16_19h53.57.660,Word Priming Experiment,,2025.1.1,119.40654948965773,2025-10-16 19h54.28.617137 +0530,
,86,6,4,,,_o_rd,Board,old,chord,[np.float64(0.02375)],[np.float64(-0.28375)],[1],[0],[0],[2.4953430000459775],['text_3'],,,,,4,6,86,10,659.6936174000148,,,,,,,,659.6668156000087,659.6936174000148,659.6936174000148,659.6936174000148,0.002841999987140298,662.16289710009,chord,[np.float64(0.02375)],[np.float64(-0.28375)],[1],[0],[0],[2.4953430000459775],['text_3'],Participant 03,001,2025-10-16_19h53.57.660,Word Priming Experiment,,2025.1.1,119.40654948965773,2025-10-16 19h54.28.617137 +0530,
,87,7,4,,,l_pt_p,Laptop,old,laptop,[np.float64(0.02375)],[np.float64(-0.28375)],[1],[0],[0],[2.944248899933882],['text_3'],,,,,4,7,87,0,662.1938723000931,,,,,,,,662.1680513001047,662.1938723000931,662.1938723000931,662.1938723000931,0.0050469000125303864,665.1130799000384,laptop,[np.float64(0.02375)],[np.float64(-0.28375)],[1],[0],[0],[2.944248899933882],['text_3'],Participant 03,001,2025-10-16_19h53.57.660,Word Priming Experiment,,2025.1.1,119.40654948965773,2025-10-16 19h54.28.617137 +0530,
,88,8,4,,,ta_l_,Table,new,table,[np.float64(0.02375)],[np.float64(-0.28375)],[1],[0],[0],[5.99732560000848],['text_3'],,,,,4,8,88,15,665.1282212000806,,,,,,,,665.1161901000887,665.1282212000806,665.1282212000806,665.1282212000806,0.00288309995085001,671.1143669000594,table,[np.float64(0.02375)],[np.float64(-0.28375)],[1],[0],[0],[5.99732560000848],['text_3'],Participant 03,001,2025-10-16_19h53.57.660,Word Priming Experiment,,2025.1.1,119.40654948965773,2025-10-16 19h54.28.617137 +0530,
,89,9,4,,,P_li_e,Police,old,police,[np.float64(0.02375)],[np.float64(-0.28375)],[1],[0],[0],[3.028662500088103],['text_3'],,,,,4,9,89,7,671.1431039000163,,,,,,,,671.1175867000129,671.1431039000163,671.1431039000163,671.1431039000163,0.0030598000157624483,674.1470483000157,police,[np.float64(0.02375)],[np.float64(-0.28375)],[1],[0],[0],[3.028662500088103],['text_3'],Participant 03,001,2025-10-16_19h53.57.660,Word Priming Experiment,,2025.1.1,119.40654948965773,2025-10-16 19h54.28.617137 +0530,
,90,10,4,,,_ha_t,Chart,old,shaft,[np.float64(0.02375)],[np.float64(-0.28375)],[1],[0],[0],[4.863619999960065],['text_3'],,,,,4,10,90,1,674.1611623000354,,,,,,,,674.1504974000854,674.1611623000354,674.1611623000354,674.1611623000354,0.0033010999904945493,679.01508380007,shaft,[np.float64(0.02375)],[np.float64(-0.28375)],[1],[0],[0],[4.863619999960065],['text_3'],Participant 03,001,2025-10-16_19h53.57.660,Word Priming Experiment,,2025.1.1,119.40654948965773,2025-10-16 19h54.28.617137 +0530,
,91,11,4,,,_a_bl_,Marble,old,table,[np.float64(0.02375)],[np.float64(-0.28375)],[1],[0],[0],[2.5107229000423104],['text_3'],,,,,4,11,91,11,679.0428363000974,,,,,,,,679.0190219000215,679.0428363000974,679.0428363000974,679.0428363000974,0.0037815000396221876,681.5310291000642,table,[np.float64(0.02375)],[np.float64(-0.28375)],[1],[0],[0],[2.5107229000423104],['text_3'],Participant 03,001,2025-10-16_19h53.57.660,Word Priming Experiment,,2025.1.1,119.40654948965773,2025-10-16 19h54.28.617137 +0530,
,92,12,4,,,P_st_r,Poster,old,pastry,[np.float64(0.02375)],[np.float64(-0.28375)],[1],[0],[0],[2.94294970005285],['text_3'],,,,,4,12,92,9,681.5600427000318,,,,,,,,681.5362878000597,681.5600427000318,681.5600427000318,681.5600427000318,0.0049940000753849745,684.4806250000838,pastry,[np.float64(0.02375)],[np.float64(-0.28375)],[1],[0],[0],[2.94294970005285],['text_3'],Participant 03,001,2025-10-16_19h53.57.660,Word Priming Experiment,,2025.1.1,119.40654948965773,2025-10-16 19h54.28.617137 +0530,
,93,13,4,,,T_hi_t,Tshirt,old,,[np.float64(0.02375)],[np.float64(-0.28375)],[1],[0],[0],[0.12383920000866055],['text_3'],,,,,4,13,93,2,684.5097382999957,,,,,,,,684.4883534000255,684.5097382999957,684.5097382999957,684.5097382999957,0.007469800068065524,684.6133279000642,,[np.float64(0.02375)],[np.float64(-0.28375)],[1],[0],[0],[0.12383920000866055],['text_3'],Participant 03,001,2025-10-16_19h53.57.660,Word Priming Experiment,,2025.1.1,119.40654948965773,2025-10-16 19h54.28.617137 +0530,
,94,14,4,,,P_as_tr_,Pastry,old,pastries,[np.float64(0.02375)],[np.float64(-0.28375)],[1],[0],[0],[4.096587100066245],['text_3'],,,,,4,14,94,4,684.6267820000648,,,,,,,,684.6162685001036,684.6267820000648,684.6267820000648,684.6267820000648,0.0028222999535501003,688.7138070000801,pastries,[np.float64(0.02375)],[np.float64(-0.28375)],[1],[0],[0],[4.096587100066245],['text_3'],Participant 03,001,2025-10-16_19h53.57.660,Word Priming Experiment,,2025.1.1,119.40654948965773,2025-10-16 19h54.28.617137 +0530,
,95,15,4,,,c_s_,Case,old,case,[np.float64(0.02375)],[np.float64(-0.28375)],[1],[0],[0],[2.7944526999490336],['text_3'],,,,,4,15,95,5,688.7266324000666,,,,,,,,688.7170105000259,688.7266324000666,688.7266324000666,688.7266324000666,0.0030592000111937523,691.5122121000895,case,[np.float64(0.02375)],[np.float64(-0.28375)],[1],[0],[0],[2.7944526999490336],['text_3'],Participant 03,001,2025-10-16_19h53.57.660,Word Priming Experiment,,2025.1.1,119.40654948965773,2025-10-16 19h54.28.617137 +0530,
,96,16,4,,,_ho_e,Phone,old,shoes,[np.float64(0.02375)],[np.float64(-0.28375)],[1],[0],[0],[2.5275657000020146],['text_3'],,,,,4,16,96,12,691.5427876000758,,,,,,,,691.5166913000867,691.5427876000758,691.5427876000758,691.5427876000758,0.004369399975985289,694.0450090001104,shoes,[np.float64(0.02375)],[np.float64(-0.28375)],[1],[0],[0],[2.5275657000020146],['text_3'],Participant 03,001,2025-10-16_19h53.57.660,Word Priming Experiment,,2025.1.1,119.40654948965773,2025-10-16 19h54.28.617137 +0530,
,97,17,4,,,c_s_io_,Cushion,new,cushion,[np.float64(0.02375)],[np.float64(-0.28375)],[1],[0],[0],[4.689911500085145],['text_3'],,,,,4,17,97,14,694.075800599996,,,,,,,,694.0561361000873,694.075800599996,694.075800599996,694.075800599996,0.011016700067557395,698.7473234001081,cushion,[np.float64(0.02375)],[np.float64(-0.28375)],[1],[0],[0],[4.689911500085145],['text_3'],Participant 03,001,2025-10-16_19h53.57.660,Word Priming Experiment,,2025.1.1,119.40654948965773,2025-10-16 19h54.28.617137 +0530,
,98,18,4,,,_ru_is_,Cruise,old,cruise,[np.float64(0.02375)],[np.float64(-0.28375)],[1],[0],[0],[3.659907600027509],['text_3'],,,,,4,18,98,6,698.7766035000095,,,,,,,,698.7524079000577,698.7766035000095,698.7766035000095,698.7766035000095,0.00486570002976805,702.4132679000031,cruise,[np.float64(0.02375)],[np.float64(-0.28375)],[1],[0],[0],[3.659907600027509],['text_3'],Participant 03,001,2025-10-16_19h53.57.660,Word Priming Experiment,,2025.1.1,119.40654948965773,2025-10-16 19h54.28.617137 +0530,
,99,19,4,,,K_y_,Keys,old,keys,[np.float64(0.02375)],[np.float64(-0.28375)],[1],[0],[0],[2.145728100091219],['text_3'],,,,,4,19,99,8,702.4267042001011,,,,,,,,702.4161863001063,702.4267042001011,702.4267042001011,702.4267042001011,0.0027767999563366175,704.5633243001066,keys,[np.float64(0.02375)],[np.float64(-0.28375)],[1],[0],[0],[2.145728100091219],['text_3'],Participant 03,001,2025-10-16_19h53.57.660,Word Priming Experiment,,2025.1.1,119.40654948965773,2025-10-16 19h54.28.617137 +0530,
,100,0,5,,,T_hi_t,Tshirt,old,tshirt,[np.float64(0.02375)],[np.float64(-0.28375)],[1],[0],[0],[6.992442000075243],['text_3'],,,,,5,0,100,2,704.592615700094,,,,,,,,704.5687050000997,704.592615700094,704.592615700094,704.592615700094,0.005162899964489043,711.5623220000416,tshirt,[np.float64(0.02375)],[np.float64(-0.28375)],[1],[0],[0],[6.992442000075243],['text_3'],Participant 03,001,2025-10-16_19h53.57.660,Word Priming Experiment,,2025.1.1,119.40654948965773,2025-10-16 19h54.28.617137 +0530,
,101,1,5,,,_ru_is_,Cruise,old,,[np.float64(0.02375)],[np.float64(-0.28375)],[1],[0],[0],[0.14426359999924898],['text_3'],,,,,5,1,101,6,711.5949682000792,,,,,,,,711.5672811000841,711.5949682000792,711.5949682000792,711.5949682000792,0.004736499977298081,711.7122928000754,,[np.float64(0.02375)],[np.float64(-0.28375)],[1],[0],[0],[0.14426359999924898],['text_3'],Participant 03,001,2025-10-16_19h53.57.660,Word Priming Experiment,,2025.1.1,119.40654948965773,2025-10-16 19h54.28.617137 +0530,
,102,2,5,,,ta_l_,Table,new,table,[np.float64(0.02375)],[np.float64(-0.28375)],[1],[0],[0],[2.9128896000329405],['text_3'],,,,,5,2,102,15,711.7272499999963,,,,,,,,711.7153611000394,711.7272499999963,711.7272499999963,711.7272499999963,0.002976300078444183,714.6291466000257,table,[np.float64(0.02375)],[np.float64(-0.28375)],[1],[0],[0],[2.9128896000329405],['text_3'],Participant 03,001,2025-10-16_19h53.57.660,Word Priming Experiment,,2025.1.1,119.40654948965773,2025-10-16 19h54.28.617137 +0530,
,103,3,5,,,bo_t_e,Bottle,new,bottle,[np.float64(0.02375)],[np.float64(-0.28375)],[1],[0],[0],[5.995176599943079],['text_3'],,,,,5,3,103,18,714.6453773000976,,,,,,,,714.6332349000731,714.6453773000976,714.6453773000976,714.6453773000976,0.003919700044207275,720.6296855000546,bottle,[np.float64(0.02375)],[np.float64(-0.28375)],[1],[0],[0],[5.995176599943079],['text_3'],Participant 03,001,2025-10-16_19h53.57.660,Word Priming Experiment,,2025.1.1,119.40654948965773,2025-10-16 19h54.28.617137 +0530,
,104,4,5,,,_o_rd,Board,old,chord,[np.float64(0.02375)],[np.float64(-0.28375)],[1],[0],[0],[2.744554200093262],['text_3'],,,,,5,4,104,10,720.6597141000675,,,,,,,,720.6356384000974,720.6597141000675,720.6597141000675,720.6597141000675,0.005739500047639012,723.381170000066,chord,[np.float64(0.02375)],[np.float64(-0.28375)],[1],[0],[0],[2.744554200093262],['text_3'],Participant 03,001,2025-10-16_19h53.57.660,Word Priming Experiment,,2025.1.1,119.40654948965773,2025-10-16 19h54.28.617137 +0530,
,105,5,5,,,P_st_r,Poster,old,pastry,[np.float64(0.02375)],[np.float64(-0.28375)],[1],[0],[0],[4.1766317000146955],['text_3'],,,,,5,5,105,9,723.4092868000735,,,,,,,,723.3853420000523,723.4092868000735,723.4092868000735,723.4092868000735,0.004051399999298155,727.563227500068,pastry,[np.float64(0.02375)],[np.float64(-0.28375)],[1],[0],[0],[4.1766317000146955],['text_3'],Participant 03,001,2025-10-16_19h53.57.660,Word Priming Experiment,,2025.1.1,119.40654948965773,2025-10-16 19h54.28.617137 +0530,
,106,6,5,,,c_m_ra,Camera,new,camera,[np.float64(0.02375)],[np.float64(-0.28375)],[1],[0],[0],[3.6953600000124425],['text_3'],,,,,5,6,106,19,727.5922965001082,,,,,,,,727.5665369000053,727.5922965001082,727.5922965001082,727.5922965001082,0.0031754999654367566,731.2626585999969,camera,[np.float64(0.02375)],[np.float64(-0.28375)],[1],[0],[0],[3.6953600000124425],['text_3'],Participant 03,001,2025-10-16_19h53.57.660,Word Priming Experiment,,2025.1.1,119.40654948965773,2025-10-16 19h54.28.617137 +0530,
,107,7,5,,,_ha_t,Chart,old,chaft,[np.float64(0.02375)],[np.float64(-0.28375)],[1],[0],[0],[3.312471399898641],['text_3'],,,,,5,7,107,1,731.2763507000636,,,,,,,,731.2658210000955,731.2763507000636,731.2763507000636,731.2763507000636,0.0030361999524757266,734.5792627000483,chaft,[np.float64(0.02375)],[np.float64(-0.28375)],[1],[0],[0],[3.312471399898641],['text_3'],Participant 03,001,2025-10-16_19h53.57.660,Word Priming Experiment,,2025.1.1,119.40654948965773,2025-10-16 19h54.28.617137 +0530,
,108,8,5,,,_a_bl_,Marble,old,table,[np.float64(0.02375)],[np.float64(-0.28375)],[1],[0],[0],[2.647593400091864],['text_3'],,,,,5,8,108,11,734.6090913000517,,,,,,,,734.583081800025,734.6090913000517,734.6090913000517,734.6090913000517,0.003652599989436567,737.2318587000482,table,[np.float64(0.02375)],[np.float64(-0.28375)],[1],[0],[0],[2.647593400091864],['text_3'],Participant 03,001,2025-10-16_19h53.57.660,Word Priming Experiment,,2025.1.1,119.40654948965773,2025-10-16 19h54.28.617137 +0530,
,109,9,5,,,p_nc_l,Pencil,new,pencil,[np.float64(0.02375)],[np.float64(-0.28375)],[1],[0],[0],[6.707381599931978],['text_3'],,,,,5,9,109,16,737.2595606000395,,,,,,,,737.2371795000508,737.2595606000395,737.2595606000395,737.2595606000395,0.0051568999188020825,743.9456199000124,pencil,[np.float64(0.02375)],[np.float64(-0.28375)],[1],[0],[0],[6.707381599931978],['text_3'],Participant 03,001,2025-10-16_19h53.57.660,Word Priming Experiment,,2025.1.1,119.40654948965773,2025-10-16 19h54.28.617137 +0530,
,110,10,5,,,_oo_,Book,old,book,[np.float64(0.02375)],[np.float64(-0.28375)],[1],[0],[0],[3.2936995999189094],['text_3'],,,,,5,10,110,13,743.9756041000364,,,,,,,,743.9509553000098,743.9756041000364,743.9756041000364,743.9756041000364,0.005194099969230592,747.245945700095,book,[np.float64(0.02375)],[np.float64(-0.28375)],[1],[0],[0],[3.2936995999189094],['text_3'],Participant 03,001,2025-10-16_19h53.57.660,Word Priming Experiment,,2025.1.1,119.40654948965773,2025-10-16 19h54.28.617137 +0530,
,111,11,5,,,_ou_se,mouse,old,mouses,[np.float64(0.02375)],[np.float64(-0.28375)],[1],[0],[0],[5.163156499969773],['text_3'],,,,,5,11,111,3,747.2757232000586,,,,,,,,747.2494818000123,747.2757232000586,747.2757232000586,747.2757232000586,0.00338860007468611,752.4135968000628,mouses,[np.float64(0.02375)],[np.float64(-0.28375)],[1],[0],[0],[5.163156499969773],['text_3'],Participant 03,001,2025-10-16_19h53.57.660,Word Priming Experiment,,2025.1.1,119.40654948965773,2025-10-16 19h54.28.617137 +0530,
,112,12,5,,,v_s_,Vase,new,vase,[np.float64(0.02375)],[np.float64(-0.28375)],[1],[0],[0],[2.4455496000591666],['text_3'],,,,,5,12,112,17,752.4425434001023,,,,,,,,752.4166438000975,752.4425434001023,752.4425434001023,752.4425434001023,0.002898199949413538,754.8631993000163,vase,[np.float64(0.02375)],[np.float64(-0.28375)],[1],[0],[0],[2.4455496000591666],['text_3'],Participant 03,001,2025-10-16_19h53.57.660,Word Priming Experiment,,2025.1.1,119.40654948965773,2025-10-16 19h54.28.617137 +0530,
,113,13,5,,,P_as_tr_,Pastry,old,pastries,[np.float64(0.02375)],[np.float64(-0.28375)],[1],[0],[0],[4.544778300100006],['text_3'],,,,,5,13,113,4,754.892224600073,,,,,,,,754.8679948000936,754.892224600073,754.892224600073,754.892224600073,0.00467020005453378,759.4143375999993,pastries,[np.float64(0.02375)],[np.float64(-0.28375)],[1],[0],[0],[4.544778300100006],['text_3'],Participant 03,001,2025-10-16_19h53.57.660,Word Priming Experiment,,2025.1.1,119.40654948965773,2025-10-16 19h54.28.617137 +0530,
,114,14,5,,,P_li_e,Police,old,,[np.float64(0.02375)],[np.float64(-0.28375)],[1],[0],[0],[0.1739242000039667],['text_3'],,,,,5,14,114,7,759.4418468000367,,,,,,,,759.4205241000745,759.4418468000367,759.4418468000367,759.4418468000367,0.005942299962043762,759.595369100105,,[np.float64(0.02375)],[np.float64(-0.28375)],[1],[0],[0],[0.1739242000039667],['text_3'],Participant 03,001,2025-10-16_19h53.57.660,Word Priming Experiment,,2025.1.1,119.40654948965773,2025-10-16 19h54.28.617137 +0530,
,115,15,5,,,c_s_,Case,old,case,[np.float64(0.02375)],[np.float64(-0.28375)],[1],[0],[0],[3.130503399996087],['text_3'],,,,,5,15,115,5,759.6100576000754,,,,,,,,759.5977624000516,759.6100576000754,759.6100576000754,759.6100576000754,0.002287199953570962,762.7290985001018,case,[np.float64(0.02375)],[np.float64(-0.28375)],[1],[0],[0],[3.130503399996087],['text_3'],Participant 03,001,2025-10-16_19h53.57.660,Word Priming Experiment,,2025.1.1,119.40654948965773,2025-10-16 19h54.28.617137 +0530,
,116,16,5,,,l_pt_p,Laptop,old,laptop,[np.float64(0.02375)],[np.float64(-0.28375)],[1],[0],[0],[2.7954970999853685],['text_3'],,,,,5,16,116,0,762.7446353000123,,,,,,,,762.7320084000239,762.7446353000123,762.7446353000123,762.7446353000123,0.0027598999440670013,765.5290370000293,laptop,[np.float64(0.02375)],[np.float64(-0.28375)],[1],[0],[0],[2.7954970999853685],['text_3'],Participant 03,001,2025-10-16_19h53.57.660,Word Priming Experiment,,2025.1.1,119.40654948965773,2025-10-16 19h54.28.617137 +0530,
,117,17,5,,,_ho_e,Phone,old,shoes,[np.float64(0.02375)],[np.float64(-0.28375)],[1],[0],[0],[3.045462999958545],['text_3'],,,,,5,17,117,12,765.5589041000931,,,,,,,,765.533356100088,765.5589041000931,765.5589041000931,765.5589041000931,0.004088000045157969,768.5797283001011,shoes,[np.float64(0.02375)],[np.float64(-0.28375)],[1],[0],[0],[3.045462999958545],['text_3'],Participant 03,001,2025-10-16_19h53.57.660,Word Priming Experiment,,2025.1.1,119.40654948965773,2025-10-16 19h54.28.617137 +0530,
,118,18,5,,,K_y_,Keys,old,keys,[np.float64(0.02375)],[np.float64(-0.28375)],[1],[0],[0],[4.427362899994478],['text_3'],,,,,5,18,118,8,768.6087477999972,,,,,,,,768.5831256000092,768.6087477999972,768.6087477999972,768.6087477999972,0.003150800010189414,773.0113812000491,keys,[np.float64(0.02375)],[np.float64(-0.28375)],[1],[0],[0],[4.427362899994478],['text_3'],Participant 03,001,2025-10-16_19h53.57.660,Word Priming Experiment,,2025.1.1,119.40654948965773,2025-10-16 19h54.28.617137 +0530,
,119,19,5,,,c_s_io_,Cushion,new,cushion,[np.float64(0.02375)],[np.float64(-0.28375)],[1],[0],[0],[2.6464408000465482],['text_3'],,,,,5,19,119,14,773.0278616000433,,,,,,,,773.0143909000326,773.0278616000433,773.0278616000433,773.0278616000433,0.0028593000024557114,775.6619353001006,cushion,[np.float64(0.02375)],[np.float64(-0.28375)],[1],[0],[0],[2.6464408000465482],['text_3'],Participant 03,001,2025-10-16_19h53.57.660,Word Priming Experiment,,2025.1.1,119.40654948965773,2025-10-16 19h54.28.617137 +0530,
,120,0,6,,,v_s_,Vase,new,vase,[np.float64(0.02375)],[np.float64(-0.28375)],[1],[0],[0],[2.544576600077562],['text_3'],,,,,6,0,120,17,775.6919842000352,,,,,,,,775.6660237000324,775.6919842000352,775.6919842000352,775.6919842000352,0.0039079999551177025,778.2114460000303,vase,[np.float64(0.02375)],[np.float64(-0.28375)],[1],[0],[0],[2.544576600077562],['text_3'],Participant 03,001,2025-10-16_19h53.57.660,Word Priming Experiment,,2025.1.1,119.40654948965773,2025-10-16 19h54.28.617137 +0530,
,121,1,6,,,T_hi_t,Tshirt,old,tshirt,[np.float64(0.02375)],[np.float64(-0.28375)],[1],[0],[0],[7.1291436000028625],['text_3'],,,,,6,1,121,2,778.2257992000086,,,,,,,,778.213991100085,778.2257992000086,778.2257992000086,778.2257992000086,0.0024196000304073095,785.3440793000627,tshirt,[np.float64(0.02375)],[np.float64(-0.28375)],[1],[0],[0],[7.1291436000028625],['text_3'],Participant 03,001,2025-10-16_19h53.57.660,Word Priming Experiment,,2025.1.1,119.40654948965773,2025-10-16 19h54.28.617137 +0530,
,122,2,6,,,c_m_ra,Camera,new,camera,[np.float64(0.02375)],[np.float64(-0.28375)],[1],[0],[0],[4.078987600049004],['text_3'],,,,,6,2,122,19,785.3750012000091,,,,,,,,785.3489368000301,785.3750012000091,785.3750012000091,785.3750012000091,0.004744099918752909,789.4292638000334,camera,[np.float64(0.02375)],[np.float64(-0.28375)],[1],[0],[0],[4.078987600049004],['text_3'],Participant 03,001,2025-10-16_19h53.57.660,Word Priming Experiment,,2025.1.1,119.40654948965773,2025-10-16 19h54.28.617137 +0530,
,123,3,6,,,P_as_tr_,Pastry,old,pastries,[np.float64(0.02375)],[np.float64(-0.28375)],[1],[0],[0],[5.87958459998481],['text_3'],,,,,6,3,123,4,789.4589265000541,,,,,,,,789.4324968000874,789.4589265000541,789.4589265000541,789.4589265000541,0.003104100003838539,795.3133019000525,pastries,[np.float64(0.02375)],[np.float64(-0.28375)],[1],[0],[0],[5.87958459998481],['text_3'],Participant 03,001,2025-10-16_19h53.57.660,Word Priming Experiment,,2025.1.1,119.40654948965773,2025-10-16 19h54.28.617137 +0530,
,124,4,6,,,c_s_io_,Cushion,new,cushion,[np.float64(0.02375)],[np.float64(-0.28375)],[1],[0],[0],[3.0253959000110626],['text_3'],,,,,6,4,124,14,795.3426664000144,,,,,,,,795.3193289000774,795.3426664000144,795.3426664000144,795.3426664000144,0.0058639999479055405,798.3457985999994,cushion,[np.float64(0.02375)],[np.float64(-0.28375)],[1],[0],[0],[3.0253959000110626],['text_3'],Participant 03,001,2025-10-16_19h53.57.660,Word Priming Experiment,,2025.1.1,119.40654948965773,2025-10-16 19h54.28.617137 +0530,
,125,5,6,,,bo_t_e,Bottle,new,bottle,[np.float64(0.02375)],[np.float64(-0.28375)],[1],[0],[0],[3.578635400044732],['text_3'],,,,,6,5,125,18,798.35991930007,,,,,,,,798.3486187000526,798.35991930007,798.35991930007,798.35991930007,0.0026817000471055508,801.9283374000806,bottle,[np.float64(0.02375)],[np.float64(-0.28375)],[1],[0],[0],[3.578635400044732],['text_3'],Participant 03,001,2025-10-16_19h53.57.660,Word Priming Experiment,,2025.1.1,119.40654948965773,2025-10-16 19h54.28.617137 +0530,
,126,6,6,,,ta_l_,Table,new,,[np.float64(0.02375)],[np.float64(-0.28375)],[1],[0],[0],[0.17730629991274327],['text_3'],,,,,6,6,126,15,801.9585098000243,,,,,,,,801.93416360009,801.9585098000243,801.9585098000243,801.9585098000243,0.005680099944584072,802.1130837000674,,[np.float64(0.02375)],[np.float64(-0.28375)],[1],[0],[0],[0.17730629991274327],['text_3'],Participant 03,001,2025-10-16_19h53.57.660,Word Priming Experiment,,2025.1.1,119.40654948965773,2025-10-16 19h54.28.617137 +0530,
,127,7,6,,,c_s_,Case,old,case,[np.float64(0.02375)],[np.float64(-0.28375)],[1],[0],[0],[3.075620000017807],['text_3'],,,,,6,7,127,5,802.1418776001083,,,,,,,,802.1191929000197,802.1418776001083,802.1418776001083,802.1418776001083,0.005853899987414479,805.1958898000885,case,[np.float64(0.02375)],[np.float64(-0.28375)],[1],[0],[0],[3.075620000017807],['text_3'],Participant 03,001,2025-10-16_19h53.57.660,Word Priming Experiment,,2025.1.1,119.40654948965773,2025-10-16 19h54.28.617137 +0530,
,128,8,6,,,K_y_,Keys,old,keys,[np.float64(0.02375)],[np.float64(-0.28375)],[1],[0],[0],[3.0302016000496224],['text_3'],,,,,6,8,128,8,805.2090374000836,,,,,,,,805.1983792000683,805.2090374000836,805.2090374000836,805.2090374000836,0.002349100075662136,808.2295448000077,keys,[np.float64(0.02375)],[np.float64(-0.28375)],[1],[0],[0],[3.0302016000496224],['text_3'],Participant 03,001,2025-10-16_19h53.57.660,Word Priming Experiment,,2025.1.1,119.40654948965773,2025-10-16 19h54.28.617137 +0530,
,129,9,6,,,P_li_e,Police,old,,[np.float64(0.02375)],[np.float64(-0.28375)],[1],[0],[0],[0.3287811999907717],['text_3'],,,,,6,9,129,7,808.2454062000616,,,,,,,,808.2328405000735,808.2454062000616,808.2454062000616,808.2454062000616,0.0031217000214383006,808.5624308000552,,[np.float64(0.02375)],[np.float64(-0.28375)],[1],[0],[0],[0.3287811999907717],['text_3'],Participant 03,001,2025-10-16_19h53.57.660,Word Priming Experiment,,2025.1.1,119.40654948965773,2025-10-16 19h54.28.617137 +0530,
,130,10,6,,,_oo_,Book,old,book,[np.float64(0.02375)],[np.float64(-0.28375)],[1],[0],[0],[4.1957288000267],['text_3'],,,,,6,10,130,13,808.577505000052,,,,,,,,808.5645856000483,808.577505000052,808.577505000052,808.577505000052,0.0020502000115811825,812.761503100046,book,[np.float64(0.02375)],[np.float64(-0.28375)],[1],[0],[0],[4.1957288000267],['text_3'],Participant 03,001,2025-10-16_19h53.57.660,Word Priming Experiment,,2025.1.1,119.40654948965773,2025-10-16 19h54.28.617137 +0530,
,131,11,6,,,_a_bl_,Marble,old,table,[np.float64(0.02375)],[np.float64(-0.28375)],[1],[0],[0],[4.195955400005914],['text_3'],,,,,6,11,131,11,812.7925256000599,,,,,,,,812.7649977999972,812.7925256000599,812.7925256000599,812.7925256000599,0.003326399950310588,816.961987500079,table,[np.float64(0.02375)],[np.float64(-0.28375)],[1],[0],[0],[4.195955400005914],['text_3'],Participant 03,001,2025-10-16_19h53.57.660,Word Priming Experiment,,2025.1.1,119.40654948965773,2025-10-16 19h54.28.617137 +0530,
,132,12,6,,,p_nc_l,Pencil,new,,[np.float64(0.02375)],[np.float64(-0.28375)],[1],[0],[0],[0.12487980001606047],['text_3'],,,,,6,12,132,16,816.9916465000715,,,,,,,,816.9678921001032,816.9916465000715,816.9916465000715,816.9916465000715,0.005614800029434264,817.0937354000052,,[np.float64(0.02375)],[np.float64(-0.28375)],[1],[0],[0],[0.12487980001606047],['text_3'],Participant 03,001,2025-10-16_19h53.57.660,Word Priming Experiment,,2025.1.1,119.40654948965773,2025-10-16 19h54.28.617137 +0530,
,133,13,6,,,_ha_t,Chart,old,shaft,[np.float64(0.02375)],[np.float64(-0.28375)],[1],[0],[0],[6.1992631000466645],['text_3'],,,,,6,13,133,1,817.1092662001029,,,,,,,,817.0961270000553,817.1092662001029,817.1092662001029,817.1092662001029,0.0022764999885112047,823.296406700043,shaft,[np.float64(0.02375)],[np.float64(-0.28375)],[1],[0],[0],[6.1992631000466645],['text_3'],Participant 03,001,2025-10-16_19h53.57.660,Word Priming Experiment,,2025.1.1,119.40654948965773,2025-10-16 19h54.28.617137 +0530,
,134,14,6,,,_ou_se,mouse,old,mouses,[np.float64(0.02375)],[np.float64(-0.28375)],[1],[0],[0],[6.79200499993749],['text_3'],,,,,6,14,134,3,823.3251020000316,,,,,,,,823.3024941000622,823.3251020000316,823.3251020000316,823.3251020000316,0.005940999952144921,830.0955690999981,mouses,[np.float64(0.02375)],[np.float64(-0.28375)],[1],[0],[0],[6.79200499993749],['text_3'],Participant 03,001,2025-10-16_19h53.57.660,Word Priming Experiment,,2025.1.1,119.40654948965773,2025-10-16 19h54.28.617137 +0530,
,135,15,6,,,_ru_is_,Cruise,old,curises,[np.float64(0.02375)],[np.float64(-0.28375)],[1],[0],[0],[6.144709900021553],['text_3'],,,,,6,15,135,6,830.1091471000109,,,,,,,,830.0989252000581,830.1091471000109,830.1091471000109,830.1091471000109,0.0032305000349879265,836.2445690000895,curises,[np.float64(0.02375)],[np.float64(-0.28375)],[1],[0],[0],[6.144709900021553],['text_3'],Participant 03,001,2025-10-16_19h53.57.660,Word Priming Experiment,,2025.1.1,119.40654948965773,2025-10-16 19h54.28.617137 +0530,
,136,16,6,,,_ho_e,Phone,old,shoes,[np.float64(0.02375)],[np.float64(-0.28375)],[1],[0],[0],[4.914364099968225],['text_3'],,,,,6,16,136,12,836.2601401000284,,,,,,,,836.2474008999998,836.2601401000284,836.2601401000284,836.2601401000284,0.0026643999153748155,841.1636538000312,shoes,[np.float64(0.02375)],[np.float64(-0.28375)],[1],[0],[0],[4.914364099968225],['text_3'],Participant 03,001,2025-10-16_19h53.57.660,Word Priming Experiment,,2025.1.1,119.40654948965773,2025-10-16 19h54.28.617137 +0530,
,137,17,6,,,l_pt_p,Laptop,old,laptop,[np.float64(0.02375)],[np.float64(-0.28375)],[1],[0],[0],[4.209103300003335],['text_3'],,,,,6,17,137,0,841.191638700082,,,,,,,,841.1680670001078,841.191638700082,841.191638700082,841.191638700082,0.004053300013765693,845.3780931000365,laptop,[np.float64(0.02375)],[np.float64(-0.28375)],[1],[0],[0],[4.209103300003335],['text_3'],Participant 03,001,2025-10-16_19h53.57.660,Word Priming Experiment,,2025.1.1,119.40654948965773,2025-10-16 19h54.28.617137 +0530,
,138,18,6,,,P_st_r,Poster,old,pastry,[np.float64(0.02375)],[np.float64(-0.28375)],[1],[0],[0],[5.360663200030103],['text_3'],,,,,6,18,138,9,845.4084705000278,,,,,,,,845.3831619000994,845.4084705000278,845.4084705000278,845.4084705000278,0.00493819999974221,850.7449881000211,pastry,[np.float64(0.02375)],[np.float64(-0.28375)],[1],[0],[0],[5.360663200030103],['text_3'],Participant 03,001,2025-10-16_19h53.57.660,Word Priming Experiment,,2025.1.1,119.40654948965773,2025-10-16 19h54.28.617137 +0530,
,139,19,6,,,_o_rd,Board,old,chord,[np.float64(0.02375)],[np.float64(-0.28375)],[1],[0],[0],[2.9126487999456003],['text_3'],,,,,6,19,139,10,850.7598681000527,,,,,,,,850.7481826000148,850.7598681000527,850.7598681000527,850.7598681000527,0.003056199988350272,853.6618183000246,chord,[np.float64(0.02375)],[np.float64(-0.28375)],[1],[0],[0],[2.9126487999456003],['text_3'],Participant 03,001,2025-10-16_19h53.57.660,Word Priming Experiment,,2025.1.1,119.40654948965773,2025-10-16 19h54.28.617137 +0530,
,140,0,7,,,c_s_,Case,old,case,[np.float64(0.02375)],[np.float64(-0.28375)],[1],[0],[0],[2.4262786000035703],['text_3'],,,,,7,0,140,5,853.6920583000174,,,,,,,,853.6666332000168,853.6920583000174,853.6920583000174,853.6920583000174,0.004672399954870343,856.0945026000263,case,[np.float64(0.02375)],[np.float64(-0.28375)],[1],[0],[0],[2.4262786000035703],['text_3'],Participant 03,001,2025-10-16_19h53.57.660,Word Priming Experiment,,2025.1.1,119.40654948965773,2025-10-16 19h54.28.617137 +0530,
,141,1,7,,,_ha_t,Chart,old,shaft,[np.float64(0.02375)],[np.float64(-0.28375)],[1],[0],[0],[3.1280255999881774],['text_3'],,,,,7,1,141,1,856.1246221000329,,,,,,,,856.098863900057,856.1246221000329,856.1246221000329,856.1246221000329,0.004153299960307777,859.2282079000724,shaft,[np.float64(0.02375)],[np.float64(-0.28375)],[1],[0],[0],[3.1280255999881774],['text_3'],Participant 03,001,2025-10-16_19h53.57.660,Word Priming Experiment,,2025.1.1,119.40654948965773,2025-10-16 19h54.28.617137 +0530,
,142,2,7,,,_ru_is_,Cruise,old,cruises,[np.float64(0.02375)],[np.float64(-0.28375)],[1],[0],[0],[7.510558699956164],['text_3'],,,,,7,2,142,6,859.257929500076,,,,,,,,859.2336525000865,859.257929500076,859.257929500076,859.257929500076,0.005250499933026731,866.7459609000944,cruises,[np.float64(0.02375)],[np.float64(-0.28375)],[1],[0],[0],[7.510558699956164],['text_3'],Participant 03,001,2025-10-16_19h53.57.660,Word Priming Experiment,,2025.1.1,119.40654948965773,2025-10-16 19h54.28.617137 +0530,
,143,3,7,,,c_s_io_,Cushion,new,,[np.float64(0.02375)],[np.float64(-0.28375)],[1],[0],[0],[0.22622239997144789],['text_3'],,,,,7,3,143,14,866.7743468000554,,,,,,,,866.7505661000032,866.7743468000554,866.7743468000554,866.7743468000554,0.004408900043927133,866.9780495000305,,[np.float64(0.02375)],[np.float64(-0.28375)],[1],[0],[0],[0.22622239997144789],['text_3'],Participant 03,001,2025-10-16_19h53.57.660,Word Priming Experiment,,2025.1.1,119.40654948965773,2025-10-16 19h54.28.617137 +0530,
,144,4,7,,,K_y_,Keys,old,keys,[np.float64(0.02375)],[np.float64(-0.28375)],[1],[0],[0],[2.4323403999442235],['text_3'],,,,,7,4,144,8,866.9929954000982,,,,,,,,866.9810351000633,866.9929954000982,866.9929954000982,866.9929954000982,0.0027987000066787004,869.415028700023,keys,[np.float64(0.02375)],[np.float64(-0.28375)],[1],[0],[0],[2.4323403999442235],['text_3'],Participant 03,001,2025-10-16_19h53.57.660,Word Priming Experiment,,2025.1.1,119.40654948965773,2025-10-16 19h54.28.617137 +0530,
,145,5,7,,,_ho_e,Phone,old,shoes,[np.float64(0.02375)],[np.float64(-0.28375)],[1],[0],[0],[2.75071619998198],['text_3'],,,,,7,5,145,12,869.4597543000709,,,,,,,,869.4252557000145,869.4597543000709,869.4597543000709,869.4597543000709,0.010142300045117736,872.1772621000418,shoes,[np.float64(0.02375)],[np.float64(-0.28375)],[1],[0],[0],[2.75071619998198],['text_3'],Participant 03,001,2025-10-16_19h53.57.660,Word Priming Experiment,,2025.1.1,119.40654948965773,2025-10-16 19h54.28.617137 +0530,
,146,6,7,,,_a_bl_,Marble,old,table,[np.float64(0.02375)],[np.float64(-0.28375)],[1],[0],[0],[2.715035600005649],['text_3'],,,,,7,6,146,11,872.1937536000041,,,,,,,,872.1807693000883,872.1937536000041,872.1937536000041,872.1937536000041,0.0032224999740719795,874.8978748000227,table,[np.float64(0.02375)],[np.float64(-0.28375)],[1],[0],[0],[2.715035600005649],['text_3'],Participant 03,001,2025-10-16_19h53.57.660,Word Priming Experiment,,2025.1.1,119.40654948965773,2025-10-16 19h54.28.617137 +0530,
,147,7,7,,,ta_l_,Table,new,table,[np.float64(0.02375)],[np.float64(-0.28375)],[1],[0],[0],[3.110009599942714],['text_3'],,,,,7,7,147,15,874.924239700078,,,,,,,,874.9019564000191,874.924239700078,874.924239700078,874.924239700078,0.003867099992930889,878.0132563000079,table,[np.float64(0.02375)],[np.float64(-0.28375)],[1],[0],[0],[3.110009599942714],['text_3'],Participant 03,001,2025-10-16_19h53.57.660,Word Priming Experiment,,2025.1.1,119.40654948965773,2025-10-16 19h54.28.617137 +0530,
,148,8,7,,,P_li_e,Police,old,police,[np.float64(0.02375)],[np.float64(-0.28375)],[1],[0],[0],[3.6929809999419376],['text_3'],,,,,7,8,148,7,878.0409549000906,,,,,,,,878.0164490001043,878.0409549000906,878.0409549000906,878.0409549000906,0.00302689999807626,881.7113627000945,police,[np.float64(0.02375)],[np.float64(-0.28375)],[1],[0],[0],[3.6929809999419376],['text_3'],Participant 03,001,2025-10-16_19h53.57.660,Word Priming Experiment,,2025.1.1,119.40654948965773,2025-10-16 19h54.28.617137 +0530,
,149,9,7,,,T_hi_t,Tshirt,old,tshirt,[np.float64(0.02375)],[np.float64(-0.28375)],[1],[0],[0],[2.629735100083053],['text_3'],,,,,7,9,149,2,881.7250595000805,,,,,,,,881.7142248000018,881.7250595000805,881.7250595000805,881.7250595000805,0.0026523000560700893,884.3451889000135,tshirt,[np.float64(0.02375)],[np.float64(-0.28375)],[1],[0],[0],[2.629735100083053],['text_3'],Participant 03,001,2025-10-16_19h53.57.660,Word Priming Experiment,,2025.1.1,119.40654948965773,2025-10-16 19h54.28.617137 +0530,
,150,10,7,,,_oo_,Book,old,book,[np.float64(0.02375)],[np.float64(-0.28375)],[1],[0],[0],[2.778221799992025],['text_3'],,,,,7,10,150,13,884.3739586001029,,,,,,,,884.3486470000353,884.3739586001029,884.3739586001029,884.3739586001029,0.003304900019429624,887.1278515000595,book,[np.float64(0.02375)],[np.float64(-0.28375)],[1],[0],[0],[2.778221799992025],['text_3'],Participant 03,001,2025-10-16_19h53.57.660,Word Priming Experiment,,2025.1.1,119.40654948965773,2025-10-16 19h54.28.617137 +0530,
,151,11,7,,,c_m_ra,Camera,new,camera,[np.float64(0.02375)],[np.float64(-0.28375)],[1],[0],[0],[3.813503700075671],['text_3'],,,,,7,11,151,19,887.1413625000278,,,,,,,,887.1305851000361,887.1413625000278,887.1413625000278,887.1413625000278,0.0025954999728128314,890.9456766000949,camera,[np.float64(0.02375)],[np.float64(-0.28375)],[1],[0],[0],[3.813503700075671],['text_3'],Participant 03,001,2025-10-16_19h53.57.660,Word Priming Experiment,,2025.1.1,119.40654948965773,2025-10-16 19h54.28.617137 +0530,
,152,12,7,,,bo_t_e,Bottle,new,bottle,[np.float64(0.02375)],[np.float64(-0.28375)],[1],[0],[0],[3.6256530000828207],['text_3'],,,,,7,12,152,18,890.9740482000634,,,,,,,,890.9512825000565,890.9740482000634,890.9740482000634,890.9740482000634,0.005345000070519745,894.5779950000579,bottle,[np.float64(0.02375)],[np.float64(-0.28375)],[1],[0],[0],[3.6256530000828207],['text_3'],Participant 03,001,2025-10-16_19h53.57.660,Word Priming Experiment,,2025.1.1,119.40654948965773,2025-10-16 19h54.28.617137 +0530,
,153,13,7,,,P_st_r,Poster,old,pastry,[np.float64(0.02375)],[np.float64(-0.28375)],[1],[0],[0],[3.446553000016138],['text_3'],,,,,7,13,153,9,894.5938427000074,,,,,,,,894.5808442000998,894.5938427000074,894.5938427000074,894.5938427000074,0.0027098999125882983,898.0286053000018,pastry,[np.float64(0.02375)],[np.float64(-0.28375)],[1],[0],[0],[3.446553000016138],['text_3'],Participant 03,001,2025-10-16_19h53.57.660,Word Priming Experiment,,2025.1.1,119.40654948965773,2025-10-16 19h54.28.617137 +0530,
,154,14,7,,,_ou_se,mouse,old,mouses,[np.float64(0.02375)],[np.float64(-0.28375)],[1],[0],[0],[4.010918200016022],['text_3'],,,,,7,14,154,3,898.0417095000157,,,,,,,,898.0320440001087,898.0417095000157,898.0417095000157,898.0417095000157,0.003281799959950149,902.0439652000787,mouses,[np.float64(0.02375)],[np.float64(-0.28375)],[1],[0],[0],[4.010918200016022],['text_3'],Participant 03,001,2025-10-16_19h53.57.660,Word Priming Experiment,,2025.1.1,119.40654948965773,2025-10-16 19h54.28.617137 +0530,
,155,15,7,,,_o_rd,Board,old,chord,[np.float64(0.02375)],[np.float64(-0.28375)],[1],[0],[0],[2.495635599945672],['text_3'],,,,,7,15,155,10,902.0743061000248,,,,,,,,902.0483209000668,902.0743061000248,902.0743061000248,902.0743061000248,0.004237100016325712,904.5510718000587,chord,[np.float64(0.02375)],[np.float64(-0.28375)],[1],[0],[0],[2.495635599945672],['text_3'],Participant 03,001,2025-10-16_19h53.57.660,Word Priming Experiment,,2025.1.1,119.40654948965773,2025-10-16 19h54.28.617137 +0530,
,156,16,7,,,l_pt_p,Laptop,old,laptop,[np.float64(0.02375)],[np.float64(-0.28375)],[1],[0],[0],[2.853773699956946],['text_3'],,,,,7,16,156,0,904.5741258000489,,,,,,,,904.5557202000637,904.5741258000489,904.5741258000489,904.5741258000489,0.00440940004773438,907.4116225000471,laptop,[np.float64(0.02375)],[np.float64(-0.28375)],[1],[0],[0],[2.853773699956946],['text_3'],Participant 03,001,2025-10-16_19h53.57.660,Word Priming Experiment,,2025.1.1,119.40654948965773,2025-10-16 19h54.28.617137 +0530,
,157,17,7,,,P_as_tr_,Pastry,old,pastries,[np.float64(0.02375)],[np.float64(-0.28375)],[1],[0],[0],[3.3278634999878705],['text_3'],,,,,7,17,157,4,907.4408137000864,,,,,,,,907.4160844000289,907.4408137000864,907.4408137000864,907.4408137000864,0.0042498999973759055,910.7457279000664,pastries,[np.float64(0.02375)],[np.float64(-0.28375)],[1],[0],[0],[3.3278634999878705],['text_3'],Participant 03,001,2025-10-16_19h53.57.660,Word Priming Experiment,,2025.1.1,119.40654948965773,2025-10-16 19h54.28.617137 +0530,
,158,18,7,,,v_s_,Vase,new,vase,[np.float64(0.02375)],[np.float64(-0.28375)],[1],[0],[0],[3.041661800001748],['text_3'],,,,,7,18,158,17,910.7740931001026,,,,,,,,910.7506847000914,910.7740931001026,910.7740931001026,910.7740931001026,0.004764299956150353,913.7934807999991,vase,[np.float64(0.02375)],[np.float64(-0.28375)],[1],[0],[0],[3.041661800001748],['text_3'],Participant 03,001,2025-10-16_19h53.57.660,Word Priming Experiment,,2025.1.1,119.40654948965773,2025-10-16 19h54.28.617137 +0530,
,159,19,7,,,p_nc_l,Pencil,new,pencil,[np.float64(0.02375)],[np.float64(-0.28375)],[1],[0],[0],[7.109545400016941],['text_3'],,,,,7,19,159,16,913.8241157000884,,,,,,,,913.7980926000746,913.8241157000884,913.8241157000884,913.8241157000884,0.004516700049862266,920.908754000091,pencil,[np.float64(0.02375)],[np.float64(-0.28375)],[1],[0],[0],[7.109545400016941],['text_3'],Participant 03,001,2025-10-16_19h53.57.660,Word Priming Experiment,,2025.1.1,119.40654948965773,2025-10-16 19h54.28.617137 +0530,
,160,0,8,,,bo_t_e,Bottle,new,"bottle
",[np.float64(0.02375)],[np.float64(-0.28375)],[1],[0],[0],[5.333321199985221],['text_3'],,,,,8,0,160,18,920.9243117000442,,,,,,,,920.9111259001074,920.9243117000442,920.9243117000442,920.9243117000442,0.0022558000637218356,926.2453858000226,"bottle
",[np.float64(0.02375)],[np.float64(-0.28375)],[1],[0],[0],[5.333321199985221],['text_3'],Participant 03,001,2025-10-16_19h53.57.660,Word Priming Experiment,,2025.1.1,119.40654948965773,2025-10-16 19h54.28.617137 +0530,
,161,1,8,,,_o_rd,Board,old,,[np.float64(0.02375)],[np.float64(-0.28375)],[1],[0],[0],[0.1279600999550894],['text_3'],,,,,8,1,161,10,926.2577985000098,,,,,,,,926.248169700033,926.2577985000098,926.2577985000098,926.2577985000098,0.0026635000249370933,926.3780020000413,,[np.float64(0.02375)],[np.float64(-0.28375)],[1],[0],[0],[0.1279600999550894],['text_3'],Participant 03,001,2025-10-16_19h53.57.660,Word Priming Experiment,,2025.1.1,119.40654948965773,2025-10-16 19h54.28.617137 +0530,
,162,2,8,,,c_m_ra,Camera,new,camera,[np.float64(0.02375)],[np.float64(-0.28375)],[1],[0],[0],[3.977177600027062],['text_3'],,,,,8,2,162,19,926.4069431000389,,,,,,,,926.3836272000335,926.4069431000389,926.4069431000389,926.4069431000389,0.005371600040234625,930.3631139000645,camera,[np.float64(0.02375)],[np.float64(-0.28375)],[1],[0],[0],[3.977177600027062],['text_3'],Participant 03,001,2025-10-16_19h53.57.660,Word Priming Experiment,,2025.1.1,119.40654948965773,2025-10-16 19h54.28.617137 +0530,
,163,3,8,,,_ru_is_,Cruise,old,cruise,[np.float64(0.02375)],[np.float64(-0.28375)],[1],[0],[0],[8.526705600088462],['text_3'],,,,,8,3,163,6,930.3907103000674,,,,,,,,930.3671059000771,930.3907103000674,930.3907103000674,930.3907103000674,0.0037538999458774924,938.8950417001033,cruise,[np.float64(0.02375)],[np.float64(-0.28375)],[1],[0],[0],[8.526705600088462],['text_3'],Participant 03,001,2025-10-16_19h53.57.660,Word Priming Experiment,,2025.1.1,119.40654948965773,2025-10-16 19h54.28.617137 +0530,
,164,4,8,,,_a_bl_,Marble,old,table,[np.float64(0.02375)],[np.float64(-0.28375)],[1],[0],[0],[2.877695400035009],['text_3'],,,,,8,4,164,11,938.9243728000438,,,,,,,,938.8985250000842,938.9243728000438,938.9243728000438,938.9243728000438,0.003301899996586144,941.7781699000625,table,[np.float64(0.02375)],[np.float64(-0.28375)],[1],[0],[0],[2.877695400035009],['text_3'],Participant 03,001,2025-10-16_19h53.57.660,Word Priming Experiment,,2025.1.1,119.40654948965773,2025-10-16 19h54.28.617137 +0530,
,165,5,8,,,c_s_,Case,old,case,[np.float64(0.02375)],[np.float64(-0.28375)],[1],[0],[0],[3.3632064999546856],['text_3'],,,,,8,5,165,5,941.8068160000257,,,,,,,,941.7820522000547,941.8068160000257,941.8068160000257,941.8068160000257,0.003683099988847971,945.1466313001001,case,[np.float64(0.02375)],[np.float64(-0.28375)],[1],[0],[0],[3.3632064999546856],['text_3'],Participant 03,001,2025-10-16_19h53.57.660,Word Priming Experiment,,2025.1.1,119.40654948965773,2025-10-16 19h54.28.617137 +0530,
,166,6,8,,,l_pt_p,Laptop,old,laptop,[np.float64(0.02375)],[np.float64(-0.28375)],[1],[0],[0],[3.168801399995573],['text_3'],,,,,8,6,166,0,945.1736022999976,,,,,,,,945.1500829000724,945.1736022999976,945.1736022999976,945.1736022999976,0.003276399918831885,948.3232569000684,laptop,[np.float64(0.02375)],[np.float64(-0.28375)],[1],[0],[0],[3.168801399995573],['text_3'],Participant 03,001,2025-10-16_19h53.57.660,Word Priming Experiment,,2025.1.1,119.40654948965773,2025-10-16 19h54.28.617137 +0530,
,167,7,8,,,_ou_se,mouse,old,mosues,[np.float64(0.02375)],[np.float64(-0.28375)],[1],[0],[0],[2.4639793999958783],['text_3'],,,,,8,7,167,3,948.3404452000977,,,,,,,,948.3284632000141,948.3404452000977,948.3404452000977,948.3404452000977,0.005037200055085123,950.7936499000061,mosues,[np.float64(0.02375)],[np.float64(-0.28375)],[1],[0],[0],[2.4639793999958783],['text_3'],Participant 03,001,2025-10-16_19h53.57.660,Word Priming Experiment,,2025.1.1,119.40654948965773,2025-10-16 19h54.28.617137 +0530,
,168,8,8,,,v_s_,Vase,new,vase,[np.float64(0.02375)],[np.float64(-0.28375)],[1],[0],[0],[2.3791379000758752],['text_3'],,,,,8,8,168,17,950.8100308000576,,,,,,,,950.7970996000804,950.8100308000576,950.8100308000576,950.8100308000576,0.002687699976377189,953.1779860000825,vase,[np.float64(0.02375)],[np.float64(-0.28375)],[1],[0],[0],[2.3791379000758752],['text_3'],Participant 03,001,2025-10-16_19h53.57.660,Word Priming Experiment,,2025.1.1,119.40654948965773,2025-10-16 19h54.28.617137 +0530,
,169,9,8,,,T_hi_t,Tshirt,old,tshirt,"[np.float64(-0.0325), np.float64(-0.0325), np.float64(-0.0325), np.float64(-0.0325), np.float64(0.00875)]","[np.float64(0.01625), np.float64(0.01625), np.float64(0.01625), np.float64(0.01625), np.float64(-0.30125)]","[1, 1, 1, 1, 1]","[0, 0, 0, 0, 0]","[0, 0, 0, 0, 0]","[5.89509350003209, 6.527183800004423, 6.894434800022282, 7.143220399972051, 12.07747300004121]","[None, None, None, None, 'text_3']",,,,,8,9,169,2,953.2073548000772,,,,,,,,953.1823637000052,953.2073548000772,953.2073548000772,953.2073548000772,0.004216099972836673,965.2611001000041,tshirt,"[np.float64(-0.0325), np.float64(-0.0325), np.float64(-0.0325), np.float64(-0.0325), np.float64(0.00875)]","[np.float64(0.01625), np.float64(0.01625), np.float64(0.01625), np.float64(0.01625), np.float64(-0.30125)]","[1, 1, 1, 1, 1]","[0, 0, 0, 0, 0]","[0, 0, 0, 0, 0]","[5.89509350003209, 6.527183800004423, 6.894434800022282, 7.143220399972051, 12.07747300004121]","[None, None, None, None, 'text_3']",Participant 03,001,2025-10-16_19h53.57.660,Word Priming Experiment,,2025.1.1,119.40654948965773,2025-10-16 19h54.28.617137 +0530,
,170,10,8,,,P_st_r,Poster,old,pastry,[np.float64(0.00875)],[np.float64(-0.30125)],[1],[0],[0],[3.3279579000081867],['text_3'],,,,,8,10,170,9,965.2900422000093,,,,,,,,965.2644793000072,965.2900422000093,965.2900422000093,965.2900422000093,0.00315440003760159,968.5937449000776,pastry,[np.float64(0.00875)],[np.float64(-0.30125)],[1],[0],[0],[3.3279579000081867],['text_3'],Participant 03,001,2025-10-16_19h53.57.660,Word Priming Experiment,,2025.1.1,119.40654948965773,2025-10-16 19h54.28.617137 +0530,
,171,11,8,,,_ho_e,Phone,old,shoes,[np.float64(0.00875)],[np.float64(-0.30125)],[1],[0],[0],[4.946274899994023],['text_3'],,,,,8,11,171,12,968.6095617000246,,,,,,,,968.597296000109,968.6095617000246,968.6095617000246,968.6095617000246,0.0033675000304356217,973.5459531000815,shoes,[np.float64(0.00875)],[np.float64(-0.30125)],[1],[0],[0],[4.946274899994023],['text_3'],Participant 03,001,2025-10-16_19h53.57.660,Word Priming Experiment,,2025.1.1,119.40654948965773,2025-10-16 19h54.28.617137 +0530,
,172,12,8,,,c_s_io_,Cushion,new,cuhsion,[np.float64(0.00875)],[np.float64(-0.30125)],[1],[0],[0],[3.791301400051452],['text_3'],,,,,8,12,172,14,973.5735007000621,,,,,,,,973.5517128000502,973.5735007000621,973.5735007000621,973.5735007000621,0.005510600050911307,977.3442365000956,cuhsion,[np.float64(0.00875)],[np.float64(-0.30125)],[1],[0],[0],[3.791301400051452],['text_3'],Participant 03,001,2025-10-16_19h53.57.660,Word Priming Experiment,,2025.1.1,119.40654948965773,2025-10-16 19h54.28.617137 +0530,
,173,13,8,,,P_as_tr_,Pastry,old,pastries,[np.float64(0.00875)],[np.float64(-0.30125)],[1],[0],[0],[5.329730299999937],['text_3'],,,,,8,13,173,4,977.3583356000017,,,,,,,,977.3471840000711,977.3583356000017,977.3583356000017,977.3583356000017,0.0028128999983891845,982.6793446000665,pastries,[np.float64(0.00875)],[np.float64(-0.30125)],[1],[0],[0],[5.329730299999937],['text_3'],Participant 03,001,2025-10-16_19h53.57.660,Word Priming Experiment,,2025.1.1,119.40654948965773,2025-10-16 19h54.28.617137 +0530,
,174,14,8,,,_ha_t,Chart,old,shaft,[np.float64(0.00875)],[np.float64(-0.30125)],[1],[0],[0],[3.109474900062196],['text_3'],,,,,8,14,174,1,982.7071280000964,,,,,,,,982.6829608000116,982.7071280000964,982.7071280000964,982.7071280000964,0.0034132000291720033,985.7937064000871,shaft,[np.float64(0.00875)],[np.float64(-0.30125)],[1],[0],[0],[3.109474900062196],['text_3'],Participant 03,001,2025-10-16_19h53.57.660,Word Priming Experiment,,2025.1.1,119.40654948965773,2025-10-16 19h54.28.617137 +0530,
,175,15,8,,,p_nc_l,Pencil,new,pencil,[np.float64(0.00875)],[np.float64(-0.30125)],[1],[0],[0],[5.51185159990564],['text_3'],,,,,8,15,175,16,985.8229729000013,,,,,,,,985.7973136000801,985.8229729000013,985.8229729000013,985.8229729000013,0.0034134999150410295,991.3110255000647,pencil,[np.float64(0.00875)],[np.float64(-0.30125)],[1],[0],[0],[5.51185159990564],['text_3'],Participant 03,001,2025-10-16_19h53.57.660,Word Priming Experiment,,2025.1.1,119.40654948965773,2025-10-16 19h54.28.617137 +0530,
,176,16,8,,,_oo_,Book,old,book,[np.float64(0.00875)],[np.float64(-0.30125)],[1],[0],[0],[2.5926097000483423],['text_3'],,,,,8,16,176,13,991.3400734000606,,,,,,,,991.3157439000206,991.3400734000606,991.3400734000606,991.3400734000606,0.004540399997495115,993.9096381000709,book,[np.float64(0.00875)],[np.float64(-0.30125)],[1],[0],[0],[2.5926097000483423],['text_3'],Participant 03,001,2025-10-16_19h53.57.660,Word Priming Experiment,,2025.1.1,119.40654948965773,2025-10-16 19h54.28.617137 +0530,
,177,17,8,,,P_li_e,Police,old,police,[np.float64(0.00875)],[np.float64(-0.30125)],[1],[0],[0],[4.230203100014478],['text_3'],,,,,8,17,177,7,993.9251040000236,,,,,,,,993.9121685000136,993.9251040000236,993.9251040000236,993.9251040000236,0.0023990999907255173,998.1442929001059,police,[np.float64(0.00875)],[np.float64(-0.30125)],[1],[0],[0],[4.230203100014478],['text_3'],Participant 03,001,2025-10-16_19h53.57.660,Word Priming Experiment,,2025.1.1,119.40654948965773,2025-10-16 19h54.28.617137 +0530,
,178,18,8,,,ta_l_,Table,new,table,[np.float64(0.00875)],[np.float64(-0.30125)],[1],[0],[0],[2.807882299995981],['text_3'],,,,,8,18,178,15,998.1730544000166,,,,,,,,998.1494367000414,998.1730544000166,998.1730544000166,998.1730544000166,0.0049267999129369855,1000.9589040999999,table,[np.float64(0.00875)],[np.float64(-0.30125)],[1],[0],[0],[2.807882299995981],['text_3'],Participant 03,001,2025-10-16_19h53.57.660,Word Priming Experiment,,2025.1.1,119.40654948965773,2025-10-16 19h54.28.617137 +0530,
,179,19,8,,,K_y_,Keys,old,keys,[np.float64(0.00875)],[np.float64(-0.30125)],[1],[0],[0],[3.01435810001567],['text_3'],,,,,8,19,179,8,1000.9737368000206,,,,,,,,1000.9616462000413,1000.9737368000206,1000.9737368000206,1000.9737368000206,0.0025952000869438052,1003.9771326000337,keys,[np.float64(0.00875)],[np.float64(-0.30125)],[1],[0],[0],[3.01435810001567],['text_3'],Participant 03,001,2025-10-16_19h53.57.660,Word Priming Experiment,,2025.1.1,119.40654948965773,2025-10-16 19h54.28.617137 +0530,
,180,0,9,,,p_nc_l,Pencil,new,penicl,[np.float64(0.00875)],[np.float64(-0.30125)],[1],[0],[0],[2.62842860003002],['text_3'],,,,,9,0,180,16,1004.008881200105,,,,,,,,1003.9803668000968,1004.008881200105,1004.008881200105,1004.008881200105,0.0031071000266820192,1006.6099333000602,penicl,[np.float64(0.00875)],[np.float64(-0.30125)],[1],[0],[0],[2.62842860003002],['text_3'],Participant 03,001,2025-10-16_19h53.57.660,Word Priming Experiment,,2025.1.1,119.40654948965773,2025-10-16 19h54.28.617137 +0530,
,181,1,9,,,K_y_,Keys,old,,[np.float64(0.00875)],[np.float64(-0.30125)],[1],[0],[0],[0.19847070006653666],['text_3'],,,,,9,1,181,8,1006.6241340000415,,,,,,,,1006.6119584999979,1006.6241340000415,1006.6241340000415,1006.6241340000415,0.001902200048789382,1006.8117291000672,,[np.float64(0.00875)],[np.float64(-0.30125)],[1],[0],[0],[0.19847070006653666],['text_3'],Participant 03,001,2025-10-16_19h53.57.660,Word Priming Experiment,,2025.1.1,119.40654948965773,2025-10-16 19h54.28.617137 +0530,
,182,2,9,,,_ou_se,mouse,old,mouses,[np.float64(0.00875)],[np.float64(-0.30125)],[1],[0],[0],[3.3282962000230327],['text_3'],,,,,9,2,182,3,1006.8394176000729,,,,,,,,1006.8152608000673,1006.8394176000729,1006.8394176000729,1006.8394176000729,0.0033715000608935952,1010.144791000057,mouses,[np.float64(0.00875)],[np.float64(-0.30125)],[1],[0],[0],[3.3282962000230327],['text_3'],Participant 03,001,2025-10-16_19h53.57.660,Word Priming Experiment,,2025.1.1,119.40654948965773,2025-10-16 19h54.28.617137 +0530,
,183,3,9,,,c_s_,Case,old,case,[np.float64(0.00875)],[np.float64(-0.30125)],[1],[0],[0],[3.130999300046824],['text_3'],,,,,9,3,183,5,1010.1751853000605,,,,,,,,1010.1476838000817,1010.1751853000605,1010.1751853000605,1010.1751853000605,0.0027565999189391732,1013.2809686000692,case,[np.float64(0.00875)],[np.float64(-0.30125)],[1],[0],[0],[3.130999300046824],['text_3'],Participant 03,001,2025-10-16_19h53.57.660,Word Priming Experiment,,2025.1.1,119.40654948965773,2025-10-16 19h54.28.617137 +0530,
,184,4,9,,,l_pt_p,Laptop,old,laptop,[np.float64(0.00875)],[np.float64(-0.30125)],[1],[0],[0],[2.8890187999932095],['text_3'],,,,,9,4,184,0,1013.3061053000856,,,,,,,,1013.2865187000716,1013.3061053000856,1013.3061053000856,1013.3061053000856,0.005284099956043065,1016.1768168000272,laptop,[np.float64(0.00875)],[np.float64(-0.30125)],[1],[0],[0],[2.8890187999932095],['text_3'],Participant 03,001,2025-10-16_19h53.57.660,Word Priming Experiment,,2025.1.1,119.40654948965773,2025-10-16 19h54.28.617137 +0530,
,185,5,9,,,c_m_ra,Camera,new,camera,[np.float64(0.00875)],[np.float64(-0.30125)],[1],[0],[0],[3.3117941000964493],['text_3'],,,,,9,5,185,19,1016.1904947001021,,,,,,,,1016.1799005001085,1016.1904947001021,1016.1904947001021,1016.1904947001021,0.002916799974627793,1019.4931133000646,camera,[np.float64(0.00875)],[np.float64(-0.30125)],[1],[0],[0],[3.3117941000964493],['text_3'],Participant 03,001,2025-10-16_19h53.57.660,Word Priming Experiment,,2025.1.1,119.40654948965773,2025-10-16 19h54.28.617137 +0530,
,186,6,9,,,_oo_,Book,old,book,[np.float64(0.00875)],[np.float64(-0.30125)],[1],[0],[0],[2.7955281999893486],['text_3'],,,,,9,6,186,13,1019.5073344000848,,,,,,,,1019.4962320000632,1019.5073344000848,1019.5073344000848,1019.5073344000848,0.0029578000539913774,1022.2928832001053,book,[np.float64(0.00875)],[np.float64(-0.30125)],[1],[0],[0],[2.7955281999893486],['text_3'],Participant 03,001,2025-10-16_19h53.57.660,Word Priming Experiment,,2025.1.1,119.40654948965773,2025-10-16 19h54.28.617137 +0530,
,187,7,9,,,ta_l_,Table,new,table,[np.float64(0.00875)],[np.float64(-0.30125)],[1],[0],[0],[2.696211100090295],['text_3'],,,,,9,7,187,15,1022.3069966000039,,,,,,,,1022.2955609000055,1022.3069966000039,1022.3069966000039,1022.3069966000039,0.002554499893449247,1024.9933212000178,table,[np.float64(0.00875)],[np.float64(-0.30125)],[1],[0],[0],[2.696211100090295],['text_3'],Participant 03,001,2025-10-16_19h53.57.660,Word Priming Experiment,,2025.1.1,119.40654948965773,2025-10-16 19h54.28.617137 +0530,
,188,8,9,,,_ru_is_,Cruise,old,cruises,[np.float64(0.00875)],[np.float64(-0.30125)],[1],[0],[0],[3.5755181999411434],['text_3'],,,,,9,8,188,6,1025.0228811000707,,,,,,,,1024.9996053000214,1025.0228811000707,1025.0228811000707,1025.0228811000707,0.006095499964430928,1028.5777175000403,cruises,[np.float64(0.00875)],[np.float64(-0.30125)],[1],[0],[0],[3.5755181999411434],['text_3'],Participant 03,001,2025-10-16_19h53.57.660,Word Priming Experiment,,2025.1.1,119.40654948965773,2025-10-16 19h54.28.617137 +0530,
,189,9,9,,,_a_bl_,Marble,old,table,[np.float64(0.00875)],[np.float64(-0.30125)],[1],[0],[0],[2.8106433000648394],['text_3'],,,,,9,9,189,11,1028.6061187000014,,,,,,,,1028.5828032999998,1028.6061187000014,1028.6061187000014,1028.6061187000014,0.004824699950404465,1031.3962964001112,table,[np.float64(0.00875)],[np.float64(-0.30125)],[1],[0],[0],[2.8106433000648394],['text_3'],Participant 03,001,2025-10-16_19h53.57.660,Word Priming Experiment,,2025.1.1,119.40654948965773,2025-10-16 19h54.28.617137 +0530,
,190,10,9,,,bo_t_e,Bottle,new,bottle,[np.float64(0.00875)],[np.float64(-0.30125)],[1],[0],[0],[3.7406919000204653],['text_3'],,,,,9,10,190,18,1031.42357120011,,,,,,,,1031.402093200013,1031.42357120011,1031.42357120011,1031.42357120011,0.005553900031372905,1035.1452777000377,bottle,[np.float64(0.00875)],[np.float64(-0.30125)],[1],[0],[0],[3.7406919000204653],['text_3'],Participant 03,001,2025-10-16_19h53.57.660,Word Priming Experiment,,2025.1.1,119.40654948965773,2025-10-16 19h54.28.617137 +0530,
,191,11,9,,,P_st_r,Poster,old,pastry,[np.float64(0.00875)],[np.float64(-0.30125)],[1],[0],[0],[7.091303799999878],['text_3'],,,,,9,11,191,9,1035.1729489000281,,,,,,,,1035.1510275000473,1035.1729489000281,1035.1729489000281,1035.1729489000281,0.005458800005726516,1042.24443410011,pastry,[np.float64(0.00875)],[np.float64(-0.30125)],[1],[0],[0],[7.091303799999878],['text_3'],Participant 03,001,2025-10-16_19h53.57.660,Word Priming Experiment,,2025.1.1,119.40654948965773,2025-10-16 19h54.28.617137 +0530,
,192,12,9,,,_ha_t,Chart,old,shaft,[np.float64(0.00875)],[np.float64(-0.30125)],[1],[0],[0],[3.058657900081016],['text_3'],,,,,9,12,192,1,1042.272868100088,,,,,,,,1042.2494913000846,1042.272868100088,1042.272868100088,1042.272868100088,0.00483300001360476,1045.3095898000756,shaft,[np.float64(0.00875)],[np.float64(-0.30125)],[1],[0],[0],[3.058657900081016],['text_3'],Participant 03,001,2025-10-16_19h53.57.660,Word Priming Experiment,,2025.1.1,119.40654948965773,2025-10-16 19h54.28.617137 +0530,
,193,13,9,,,_o_rd,Board,old,vhord,[np.float64(0.00875)],[np.float64(-0.30125)],[1],[0],[0],[3.4126448000315577],['text_3'],,,,,9,13,193,10,1045.3235246000113,,,,,,,,1045.312920400058,1045.3235246000113,1045.3235246000113,1045.3235246000113,0.0031744000734761357,1048.726850700099,vhord,[np.float64(0.00875)],[np.float64(-0.30125)],[1],[0],[0],[3.4126448000315577],['text_3'],Participant 03,001,2025-10-16_19h53.57.660,Word Priming Experiment,,2025.1.1,119.40654948965773,2025-10-16 19h54.28.617137 +0530,
,194,14,9,,,v_s_,Vase,new,vase,[np.float64(0.00875)],[np.float64(-0.30125)],[1],[0],[0],[3.4467351000057533],['text_3'],,,,,9,14,194,17,1048.7395472000353,,,,,,,,1048.729481400107,1048.7395472000353,1048.7395472000353,1048.7395472000353,0.0024800000246614218,1052.1777858000714,vase,[np.float64(0.00875)],[np.float64(-0.30125)],[1],[0],[0],[3.4467351000057533],['text_3'],Participant 03,001,2025-10-16_19h53.57.660,Word Priming Experiment,,2025.1.1,119.40654948965773,2025-10-16 19h54.28.617137 +0530,
,195,15,9,,,_ho_e,Phone,old,shoes,[np.float64(0.00875)],[np.float64(-0.30125)],[1],[0],[0],[3.529486099956557],['text_3'],,,,,9,15,195,12,1052.2059837999986,,,,,,,,1052.1829270001035,1052.2059837999986,1052.2059837999986,1052.2059837999986,0.004986200015991926,1055.7143252000678,shoes,[np.float64(0.00875)],[np.float64(-0.30125)],[1],[0],[0],[3.529486099956557],['text_3'],Participant 03,001,2025-10-16_19h53.57.660,Word Priming Experiment,,2025.1.1,119.40654948965773,2025-10-16 19h54.28.617137 +0530,
,196,16,9,,,P_as_tr_,Pastry,old,pastries,[np.float64(0.00875)],[np.float64(-0.30125)],[1],[0],[0],[5.92554409999866],['text_3'],,,,,9,16,196,4,1055.7395367000718,,,,,,,,1055.7171418000944,1055.7395367000718,1055.7395367000718,1055.7395367000718,0.0026542000705376267,1061.6441504000686,pastries,[np.float64(0.00875)],[np.float64(-0.30125)],[1],[0],[0],[5.92554409999866],['text_3'],Participant 03,001,2025-10-16_19h53.57.660,Word Priming Experiment,,2025.1.1,119.40654948965773,2025-10-16 19h54.28.617137 +0530,
,197,17,9,,,T_hi_t,Tshirt,old,tshirt,[np.float64(0.00875)],[np.float64(-0.30125)],[1],[0],[0],[3.7124636999797076],['text_3'],,,,,9,17,197,2,1061.673294300097,,,,,,,,1061.647257600096,1061.673294300097,1061.673294300097,1061.673294300097,0.0029405999230220914,1065.3612782000564,tshirt,[np.float64(0.00875)],[np.float64(-0.30125)],[1],[0],[0],[3.7124636999797076],['text_3'],Participant 03,001,2025-10-16_19h53.57.660,Word Priming Experiment,,2025.1.1,119.40654948965773,2025-10-16 19h54.28.617137 +0530,
,198,18,9,,,P_li_e,Police,old,police,[np.float64(0.00875)],[np.float64(-0.30125)],[1],[0],[0],[2.627776400069706],['text_3'],,,,,9,18,198,7,1065.389233199996,,,,,,,,1065.3667017000262,1065.389233199996,1065.389233199996,1065.389233199996,0.0052553999703377485,1067.9962164000608,police,[np.float64(0.00875)],[np.float64(-0.30125)],[1],[0],[0],[2.627776400069706],['text_3'],Participant 03,001,2025-10-16_19h53.57.660,Word Priming Experiment,,2025.1.1,119.40654948965773,2025-10-16 19h54.28.617137 +0530,
,199,19,9,,,c_s_io_,Cushion,new,cushion,[np.float64(0.00875)],[np.float64(-0.30125)],[1],[0],[0],[3.544240599963814],['text_3'],,,,,9,19,199,14,1068.0227848000359,,,,,,,,1067.9994478001026,1068.0227848000359,1068.0227848000359,1068.0227848000359,0.003070099977776408,1071.545994700049,cushion,[np.float64(0.00875)],[np.float64(-0.30125)],[1],[0],[0],[3.544240599963814],['text_3'],Participant 03,001,2025-10-16_19h53.57.660,Word Priming Experiment,,2025.1.1,119.40654948965773,2025-10-16 19h54.28.617137 +0530,
,200,0,10,,,_ou_se,mouse,old,mouses,[np.float64(0.00875)],[np.float64(-0.30125)],[1],[0],[0],[3.9930732999928296],['text_3'],,,,,10,0,200,3,1071.5724721000297,,,,,,,,1071.5503163000103,1071.5724721000297,1071.5724721000297,1071.5724721000297,0.004083800013177097,1075.5463276000228,mouses,[np.float64(0.00875)],[np.float64(-0.30125)],[1],[0],[0],[3.9930732999928296],['text_3'],Participant 03,001,2025-10-16_19h53.57.660,Word Priming Experiment,,2025.1.1,119.40654948965773,2025-10-16 19h54.28.617137 +0530,
,201,1,10,,,P_li_e,Police,old,police,[np.float64(0.00875)],[np.float64(-0.30125)],[1],[0],[0],[3.671878100023605],['text_3'],,,,,10,1,201,7,1075.573165500071,,,,,,,,1075.5515726000303,1075.573165500071,1075.573165500071,1075.573165500071,0.00500619993545115,1079.225858500111,police,[np.float64(0.00875)],[np.float64(-0.30125)],[1],[0],[0],[3.671878100023605],['text_3'],Participant 03,001,2025-10-16_19h53.57.660,Word Priming Experiment,,2025.1.1,119.40654948965773,2025-10-16 19h54.28.617137 +0530,
,202,2,10,,,_ru_is_,Cruise,old,cyuise,[np.float64(0.00875)],[np.float64(-0.30125)],[1],[0],[0],[4.194929699995555],['text_3'],,,,,10,2,202,6,1079.241426600027,,,,,,,,1079.2294658001047,1079.241426600027,1079.241426600027,1079.241426600027,0.0033853999339044094,1083.4256157000782,cyuise,[np.float64(0.00875)],[np.float64(-0.30125)],[1],[0],[0],[4.194929699995555],['text_3'],Participant 03,001,2025-10-16_19h53.57.660,Word Priming Experiment,,2025.1.1,119.40654948965773,2025-10-16 19h54.28.617137 +0530,
,203,3,10,,,P_as_tr_,Pastry,old,pastries,[np.float64(0.00875)],[np.float64(-0.30125)],[1],[0],[0],[3.764300499926321],['text_3'],,,,,10,3,203,4,1083.4408005001023,,,,,,,,1083.4286778999958,1083.4408005001023,1083.4408005001023,1083.4408005001023,0.0029296999564394355,1087.1949374000542,pastries,[np.float64(0.00875)],[np.float64(-0.30125)],[1],[0],[0],[3.764300499926321],['text_3'],Participant 03,001,2025-10-16_19h53.57.660,Word Priming Experiment,,2025.1.1,119.40654948965773,2025-10-16 19h54.28.617137 +0530,
,204,4,10,,,bo_t_e,Bottle,new,bottle,[np.float64(0.00875)],[np.float64(-0.30125)],[1],[0],[0],[3.5089401000877842],['text_3'],,,,,10,4,204,18,1087.2222432000563,,,,,,,,1087.1989482000936,1087.2222432000563,1087.2222432000563,1087.2222432000563,0.003777200006879866,1090.7091589000775,bottle,[np.float64(0.00875)],[np.float64(-0.30125)],[1],[0],[0],[3.5089401000877842],['text_3'],Participant 03,001,2025-10-16_19h53.57.660,Word Priming Experiment,,2025.1.1,119.40654948965773,2025-10-16 19h54.28.617137 +0530,
,205,5,10,,,_oo_,Book,old,book,[np.float64(0.00875)],[np.float64(-0.30125)],[1],[0],[0],[3.6952361000003293],['text_3'],,,,,10,5,205,13,1090.7245788000291,,,,,,,,1090.7125804000534,1090.7245788000291,1090.7245788000291,1090.7245788000291,0.0032929000444710255,1094.4098984000739,book,[np.float64(0.00875)],[np.float64(-0.30125)],[1],[0],[0],[3.6952361000003293],['text_3'],Participant 03,001,2025-10-16_19h53.57.660,Word Priming Experiment,,2025.1.1,119.40654948965773,2025-10-16 19h54.28.617137 +0530,
,206,6,10,,,P_st_r,Poster,old,pastry,[np.float64(0.00875)],[np.float64(-0.30125)],[1],[0],[0],[4.143830700078979],['text_3'],,,,,10,6,206,9,1094.4388232000638,,,,,,,,1094.415040000109,1094.4388232000638,1094.4388232000638,1094.4388232000638,0.004928800044581294,1098.5605792000424,pastry,[np.float64(0.00875)],[np.float64(-0.30125)],[1],[0],[0],[4.143830700078979],['text_3'],Participant 03,001,2025-10-16_19h53.57.660,Word Priming Experiment,,2025.1.1,119.40654948965773,2025-10-16 19h54.28.617137 +0530,
,207,7,10,,,c_s_io_,Cushion,new,cushion,[np.float64(0.00875)],[np.float64(-0.30125)],[1],[0],[0],[4.511047999956645],['text_3'],,,,,10,7,207,14,1098.588387100026,,,,,,,,1098.563516400056,1098.588387100026,1098.588387100026,1098.588387100026,0.0027724000392481685,1103.076165100094,cushion,[np.float64(0.00875)],[np.float64(-0.30125)],[1],[0],[0],[4.511047999956645],['text_3'],Participant 03,001,2025-10-16_19h53.57.660,Word Priming Experiment,,2025.1.1,119.40654948965773,2025-10-16 19h54.28.617137 +0530,
,208,8,10,,,_ha_t,Chart,old,shaft,[np.float64(0.00875)],[np.float64(-0.30125)],[1],[0],[0],[2.658857199945487],['text_3'],,,,,10,8,208,1,1103.1052502000239,,,,,,,,1103.0829426000128,1103.1052502000239,1103.1052502000239,1103.1052502000239,0.006565800053067505,1105.7435334000038,shaft,[np.float64(0.00875)],[np.float64(-0.30125)],[1],[0],[0],[2.658857199945487],['text_3'],Participant 03,001,2025-10-16_19h53.57.660,Word Priming Experiment,,2025.1.1,119.40654948965773,2025-10-16 19h54.28.617137 +0530,
,209,9,10,,,K_y_,Keys,old,keys,[np.float64(0.00875)],[np.float64(-0.30125)],[1],[0],[0],[5.194446300039999],['text_3'],,,,,10,9,209,8,1105.756671500043,,,,,,,,1105.7459343000082,1105.756671500043,1105.756671500043,1105.756671500043,0.0022598999785259366,1110.9417144000763,keys,[np.float64(0.00875)],[np.float64(-0.30125)],[1],[0],[0],[5.194446300039999],['text_3'],Participant 03,001,2025-10-16_19h53.57.660,Word Priming Experiment,,2025.1.1,119.40654948965773,2025-10-16 19h54.28.617137 +0530,
,210,10,10,,,c_s_,Case,old,case,[np.float64(0.00875)],[np.float64(-0.30125)],[1],[0],[0],[2.9469068000325933],['text_3'],,,,,10,10,210,5,1110.956203000038,,,,,,,,1110.9442108001094,1110.956203000038,1110.956203000038,1110.956203000038,0.0023638999555259943,1113.892659300007,case,[np.float64(0.00875)],[np.float64(-0.30125)],[1],[0],[0],[2.9469068000325933],['text_3'],Participant 03,001,2025-10-16_19h53.57.660,Word Priming Experiment,,2025.1.1,119.40654948965773,2025-10-16 19h54.28.617137 +0530,
,211,11,10,,,_ho_e,Phone,old,shoes,[np.float64(0.00875)],[np.float64(-0.30125)],[1],[0],[0],[3.1101711000083014],['text_3'],,,,,10,11,211,12,1113.9221929000923,,,,,,,,1113.89820470009,1113.9221929000923,1113.9221929000923,1113.9221929000923,0.005413700011558831,1117.0112599000568,shoes,[np.float64(0.00875)],[np.float64(-0.30125)],[1],[0],[0],[3.1101711000083014],['text_3'],Participant 03,001,2025-10-16_19h53.57.660,Word Priming Experiment,,2025.1.1,119.40654948965773,2025-10-16 19h54.28.617137 +0530,
,212,12,10,,,_o_rd,Board,old,chord,[np.float64(0.00875)],[np.float64(-0.30125)],[1],[0],[0],[3.776413799962029],['text_3'],,,,,10,12,212,10,1117.03885370004,,,,,,,,1117.0154252001084,1117.03885370004,1117.03885370004,1117.03885370004,0.003952999948523939,1120.7934012000915,chord,[np.float64(0.00875)],[np.float64(-0.30125)],[1],[0],[0],[3.776413799962029],['text_3'],Participant 03,001,2025-10-16_19h53.57.660,Word Priming Experiment,,2025.1.1,119.40654948965773,2025-10-16 19h54.28.617137 +0530,
,213,13,10,,,T_hi_t,Tshirt,old,tshirt,[np.float64(0.00875)],[np.float64(-0.30125)],[1],[0],[0],[3.478120299987495],['text_3'],,,,,10,13,213,2,1120.8214614000171,,,,,,,,1120.7964200000279,1120.8214614000171,1120.8214614000171,1120.8214614000171,0.0028542999643832445,1124.2761283,tshirt,[np.float64(0.00875)],[np.float64(-0.30125)],[1],[0],[0],[3.478120299987495],['text_3'],Participant 03,001,2025-10-16_19h53.57.660,Word Priming Experiment,,2025.1.1,119.40654948965773,2025-10-16 19h54.28.617137 +0530,
,214,14,10,,,_a_bl_,Marble,old,table,[np.float64(0.00875)],[np.float64(-0.30125)],[1],[0],[0],[3.4083409999730065],['text_3'],,,,,10,14,214,11,1124.3053378000623,,,,,,,,1124.282774600084,1124.3053378000623,1124.3053378000623,1124.3053378000623,0.006425400031730533,1127.6925307000056,table,[np.float64(0.00875)],[np.float64(-0.30125)],[1],[0],[0],[3.4083409999730065],['text_3'],Participant 03,001,2025-10-16_19h53.57.660,Word Priming Experiment,,2025.1.1,119.40654948965773,2025-10-16 19h54.28.617137 +0530,
,215,15,10,,,ta_l_,Table,new,table,[np.float64(0.00875)],[np.float64(-0.30125)],[1],[0],[0],[2.895058900001459],['text_3'],,,,,10,15,215,15,1127.7070892000338,,,,,,,,1127.6954361000098,1127.7070892000338,1127.7070892000338,1127.7070892000338,0.0027593999402597547,1130.5925238000927,table,[np.float64(0.00875)],[np.float64(-0.30125)],[1],[0],[0],[2.895058900001459],['text_3'],Participant 03,001,2025-10-16_19h53.57.660,Word Priming Experiment,,2025.1.1,119.40654948965773,2025-10-16 19h54.28.617137 +0530,
,216,16,10,,,v_s_,Vase,new,vase,[np.float64(0.00875)],[np.float64(-0.30125)],[1],[0],[0],[2.992545200046152],['text_3'],,,,,10,16,216,17,1130.621739400085,,,,,,,,1130.597921500099,1130.621739400085,1130.621739400085,1130.621739400085,0.005177199956960976,1133.5918827001005,vase,[np.float64(0.00875)],[np.float64(-0.30125)],[1],[0],[0],[2.992545200046152],['text_3'],Participant 03,001,2025-10-16_19h53.57.660,Word Priming Experiment,,2025.1.1,119.40654948965773,2025-10-16 19h54.28.617137 +0530,
,217,17,10,,,p_nc_l,Pencil,new,pencil,[np.float64(0.00875)],[np.float64(-0.30125)],[1],[0],[0],[3.713063900009729],['text_3'],,,,,10,17,217,16,1133.607972000027,,,,,,,,1133.5945986000588,1133.607972000027,1133.607972000027,1133.607972000027,0.0025475999573245645,1137.308936100104,pencil,[np.float64(0.00875)],[np.float64(-0.30125)],[1],[0],[0],[3.713063900009729],['text_3'],Participant 03,001,2025-10-16_19h53.57.660,Word Priming Experiment,,2025.1.1,119.40654948965773,2025-10-16 19h54.28.617137 +0530,
,218,18,10,,,l_pt_p,Laptop,old,laptop,[np.float64(0.00875)],[np.float64(-0.30125)],[1],[0],[0],[4.595215099980123],['text_3'],,,,,10,18,218,0,1137.3243569000624,,,,,,,,1137.3121396000497,1137.3243569000624,1137.3243569000624,1137.3243569000624,0.0030598000157624483,1141.9088055000175,laptop,[np.float64(0.00875)],[np.float64(-0.30125)],[1],[0],[0],[4.595215099980123],['text_3'],Participant 03,001,2025-10-16_19h53.57.660,Word Priming Experiment,,2025.1.1,119.40654948965773,2025-10-16 19h54.28.617137 +0530,
,219,19,10,,,c_m_ra,Camera,new,camera,[np.float64(0.00875)],[np.float64(-0.30125)],[1],[0],[0],[3.012392900069244],['text_3'],,,,,10,19,219,19,1141.9242638000287,,,,,,,,1141.9117889000336,1141.9242638000287,1141.9242638000287,1141.9242638000287,0.002829600009135902,1144.9254966001026,camera,[np.float64(0.00875)],[np.float64(-0.30125)],[1],[0],[0],[3.012392900069244],['text_3'],Participant 03,001,2025-10-16_19h53.57.660,Word Priming Experiment,,2025.1.1,119.40654948965773,2025-10-16 19h54.28.617137 +0530,
,220,0,11,,,P_st_r,Poster,old,pastry,[np.float64(0.00875)],[np.float64(-0.30125)],[1],[0],[0],[5.180088600027375],['text_3'],,,,,11,0,220,9,1144.9392174000386,,,,,,,,1144.928405500017,1144.9392174000386,1144.9392174000386,1144.9392174000386,0.0027586999349296093,1150.109949600068,pastry,[np.float64(0.00875)],[np.float64(-0.30125)],[1],[0],[0],[5.180088600027375],['text_3'],Participant 03,001,2025-10-16_19h53.57.660,Word Priming Experiment,,2025.1.1,119.40654948965773,2025-10-16 19h54.28.617137 +0530,
,221,1,11,,,_a_bl_,Marble,old,table,[np.float64(0.00875)],[np.float64(-0.30125)],[1],[0],[0],[3.077793200034648],['text_3'],,,,,11,1,221,11,1150.1382868000073,,,,,,,,1150.1132750000106,1150.1382868000073,1150.1382868000073,1150.1382868000073,0.0031796999974176288,1153.1923771000002,table,[np.float64(0.00875)],[np.float64(-0.30125)],[1],[0],[0],[3.077793200034648],['text_3'],Participant 03,001,2025-10-16_19h53.57.660,Word Priming Experiment,,2025.1.1,119.40654948965773,2025-10-16 19h54.28.617137 +0530,
,222,2,11,,,P_li_e,Police,old,police,[np.float64(0.00875)],[np.float64(-0.30125)],[1],[0],[0],[2.9809634999837726],['text_3'],,,,,11,2,222,7,1153.2055948000634,,,,,,,,1153.195055100019,1153.2055948000634,1153.2055948000634,1153.2055948000634,0.0025390000082552433,1156.1779860000825,police,[np.float64(0.00875)],[np.float64(-0.30125)],[1],[0],[0],[2.9809634999837726],['text_3'],Participant 03,001,2025-10-16_19h53.57.660,Word Priming Experiment,,2025.1.1,119.40654948965773,2025-10-16 19h54.28.617137 +0530,
,223,3,11,,,c_s_io_,Cushion,new,cushion,[np.float64(0.00875)],[np.float64(-0.30125)],[1],[0],[0],[2.6595455000642687],['text_3'],,,,,11,3,223,14,1156.205576300039,,,,,,,,1156.1818830000702,1156.205576300039,1156.205576300039,1156.205576300039,0.003689100034534931,1158.8434986000648,cushion,[np.float64(0.00875)],[np.float64(-0.30125)],[1],[0],[0],[2.6595455000642687],['text_3'],Participant 03,001,2025-10-16_19h53.57.660,Word Priming Experiment,,2025.1.1,119.40654948965773,2025-10-16 19h54.28.617137 +0530,
,224,4,11,,,l_pt_p,Laptop,old,laptp,[np.float64(0.00875)],[np.float64(-0.30125)],[1],[0],[0],[3.9939187999116257],['text_3'],,,,,11,4,224,0,1158.8715752999997,,,,,,,,1158.8471226000693,1158.8715752999997,1158.8715752999997,1158.8715752999997,0.003453899989835918,1162.8426275000675,laptp,[np.float64(0.00875)],[np.float64(-0.30125)],[1],[0],[0],[3.9939187999116257],['text_3'],Participant 03,001,2025-10-16_19h53.57.660,Word Priming Experiment,,2025.1.1,119.40654948965773,2025-10-16 19h54.28.617137 +0530,
,225,5,11,,,v_s_,Vase,new,vase,[np.float64(0.00875)],[np.float64(-0.30125)],[1],[0],[0],[4.078197299968451],['text_3'],,,,,11,5,225,17,1162.8560851000948,,,,,,,,1162.8457129000453,1162.8560851000948,1162.8560851000948,1162.8560851000948,0.0029433000599965453,1166.92681850004,vase,[np.float64(0.00875)],[np.float64(-0.30125)],[1],[0],[0],[4.078197299968451],['text_3'],Participant 03,001,2025-10-16_19h53.57.660,Word Priming Experiment,,2025.1.1,119.40654948965773,2025-10-16 19h54.28.617137 +0530,
,226,6,11,,,P_as_tr_,Pastry,old,pastries,[np.float64(0.00875)],[np.float64(-0.30125)],[1],[0],[0],[3.9920501000015065],['text_3'],,,,,11,6,226,4,1166.95481070003,,,,,,,,1166.9329058000585,1166.95481070003,1166.95481070003,1166.95481070003,0.005651699961163104,1170.9282102000434,pastries,[np.float64(0.00875)],[np.float64(-0.30125)],[1],[0],[0],[3.9920501000015065],['text_3'],Participant 03,001,2025-10-16_19h53.57.660,Word Priming Experiment,,2025.1.1,119.40654948965773,2025-10-16 19h54.28.617137 +0530,
,227,7,11,,,c_s_,Case,old,case,[np.float64(0.00875)],[np.float64(-0.30125)],[1],[0],[0],[2.823668400058523],['text_3'],,,,,11,7,227,5,1170.9556375000393,,,,,,,,1170.9345963000087,1170.9556375000393,1170.9556375000393,1170.9556375000393,0.00616810005158186,1173.7615086000878,case,[np.float64(0.00875)],[np.float64(-0.30125)],[1],[0],[0],[2.823668400058523],['text_3'],Participant 03,001,2025-10-16_19h53.57.660,Word Priming Experiment,,2025.1.1,119.40654948965773,2025-10-16 19h54.28.617137 +0530,
,228,8,11,,,_ho_e,Phone,old,shoes,[np.float64(0.00875)],[np.float64(-0.30125)],[1],[0],[0],[2.957433400093578],['text_3'],,,,,11,8,228,12,1173.7884349001106,,,,,,,,1173.766090100049,1173.7884349001106,1173.7884349001106,1173.7884349001106,0.004329100018367171,1176.725163700059,shoes,[np.float64(0.00875)],[np.float64(-0.30125)],[1],[0],[0],[2.957433400093578],['text_3'],Participant 03,001,2025-10-16_19h53.57.660,Word Priming Experiment,,2025.1.1,119.40654948965773,2025-10-16 19h54.28.617137 +0530,
,229,9,11,,,_oo_,Book,old,book,[np.float64(0.00875)],[np.float64(-0.30125)],[1],[0],[0],[3.126866800012067],['text_3'],,,,,11,9,229,13,1176.754965600092,,,,,,,,1176.730032899999,1176.754965600092,1176.754965600092,1176.754965600092,0.004622100037522614,1179.8587425000733,book,[np.float64(0.00875)],[np.float64(-0.30125)],[1],[0],[0],[3.126866800012067],['text_3'],Participant 03,001,2025-10-16_19h53.57.660,Word Priming Experiment,,2025.1.1,119.40654948965773,2025-10-16 19h54.28.617137 +0530,
,230,10,11,,,_ou_se,mouse,old,mouses,[np.float64(0.00875)],[np.float64(-0.30125)],[1],[0],[0],[5.912003200035542],['text_3'],,,,,11,10,230,3,1179.8883357000304,,,,,,,,1179.8622675000224,1179.8883357000304,1179.8883357000304,1179.8883357000304,0.0033552999375388026,1185.7757962000323,mouses,[np.float64(0.00875)],[np.float64(-0.30125)],[1],[0],[0],[5.912003200035542],['text_3'],Participant 03,001,2025-10-16_19h53.57.660,Word Priming Experiment,,2025.1.1,119.40654948965773,2025-10-16 19h54.28.617137 +0530,
,231,11,11,,,_ru_is_,Cruise,old,cruise,[np.float64(0.00875)],[np.float64(-0.30125)],[1],[0],[0],[10.011601399979554],['text_3'],,,,,11,11,231,6,1185.7886438000714,,,,,,,,1185.7788557000458,1185.7886438000714,1185.7886438000714,1185.7886438000714,0.002921600011177361,1195.7918452000013,cruise,[np.float64(0.00875)],[np.float64(-0.30125)],[1],[0],[0],[10.011601399979554],['text_3'],Participant 03,001,2025-10-16_19h53.57.660,Word Priming Experiment,,2025.1.1,119.40654948965773,2025-10-16 19h54.28.617137 +0530,
,232,12,11,,,_ha_t,Chart,old,"shaft
",[np.float64(0.00875)],[np.float64(-0.30125)],[1],[0],[0],[3.9789304999867454],['text_3'],,,,,11,12,232,1,1195.8053765000077,,,,,,,,1195.794994099997,1195.8053765000077,1195.8053765000077,1195.8053765000077,0.0029870999278500676,1199.7765805000672,"shaft
",[np.float64(0.00875)],[np.float64(-0.30125)],[1],[0],[0],[3.9789304999867454],['text_3'],Participant 03,001,2025-10-16_19h53.57.660,Word Priming Experiment,,2025.1.1,119.40654948965773,2025-10-16 19h54.28.617137 +0530,
,233,13,11,,,ta_l_,Table,new,,[np.float64(0.00875)],[np.float64(-0.30125)],[1],[0],[0],[0.14301340002566576],['text_3'],,,,,11,13,233,15,1199.8045648999978,,,,,,,,1199.7809488000348,1199.8045648999978,1199.8045648999978,1199.8045648999978,0.004141799989156425,1199.9268017000286,,[np.float64(0.00875)],[np.float64(-0.30125)],[1],[0],[0],[0.14301340002566576],['text_3'],Participant 03,001,2025-10-16_19h53.57.660,Word Priming Experiment,,2025.1.1,119.40654948965773,2025-10-16 19h54.28.617137 +0530,
,234,14,11,,,_o_rd,Board,old,chord,[np.float64(0.00875)],[np.float64(-0.30125)],[1],[0],[0],[3.3908733999123797],['text_3'],,,,,11,14,234,10,1199.9545879000798,,,,,,,,1199.9341041001026,1199.9545879000798,1199.9545879000798,1199.9545879000798,0.007026999955996871,1203.3265786000993,chord,[np.float64(0.00875)],[np.float64(-0.30125)],[1],[0],[0],[3.3908733999123797],['text_3'],Participant 03,001,2025-10-16_19h53.57.660,Word Priming Experiment,,2025.1.1,119.40654948965773,2025-10-16 19h54.28.617137 +0530,
,235,15,11,,,p_nc_l,Pencil,new,pencil,[np.float64(0.00875)],[np.float64(-0.30125)],[1],[0],[0],[3.711569699924439],['text_3'],,,,,11,15,235,16,1203.3416099000024,,,,,,,,1203.3296306000557,1203.3416099000024,1203.3416099000024,1203.3416099000024,0.0029105000430718064,1207.0424342000624,pencil,[np.float64(0.00875)],[np.float64(-0.30125)],[1],[0],[0],[3.711569699924439],['text_3'],Participant 03,001,2025-10-16_19h53.57.660,Word Priming Experiment,,2025.1.1,119.40654948965773,2025-10-16 19h54.28.617137 +0530,
,236,16,11,,,c_m_ra,Camera,new,camera,[np.float64(0.00875)],[np.float64(-0.30125)],[1],[0],[0],[3.0950543000362813],['text_3'],,,,,11,16,236,19,1207.0550948000746,,,,,,,,1207.044957300066,1207.0550948000746,1207.0550948000746,1207.0550948000746,0.0024060000432655215,1210.1419822000898,camera,[np.float64(0.00875)],[np.float64(-0.30125)],[1],[0],[0],[3.0950543000362813],['text_3'],Participant 03,001,2025-10-16_19h53.57.660,Word Priming Experiment,,2025.1.1,119.40654948965773,2025-10-16 19h54.28.617137 +0530,
,237,17,11,,,T_hi_t,Tshirt,old,tshirt,[np.float64(0.00875)],[np.float64(-0.30125)],[1],[0],[0],[2.828603799920529],['text_3'],,,,,11,17,237,2,1210.1708776000887,,,,,,,,1210.145458700019,1210.1708776000887,1210.1708776000887,1210.1708776000887,0.0032285000197589397,1212.9766230001114,tshirt,[np.float64(0.00875)],[np.float64(-0.30125)],[1],[0],[0],[2.828603799920529],['text_3'],Participant 03,001,2025-10-16_19h53.57.660,Word Priming Experiment,,2025.1.1,119.40654948965773,2025-10-16 19h54.28.617137 +0530,
,238,18,11,,,bo_t_e,Bottle,new,bottle,[np.float64(0.00875)],[np.float64(-0.30125)],[1],[0],[0],[3.7109264000318944],['text_3'],,,,,11,18,238,18,1213.0043833000818,,,,,,,,1212.9819255000912,1213.0043833000818,1213.0043833000818,1213.0043833000818,0.0051108000334352255,1216.694465400069,bottle,[np.float64(0.00875)],[np.float64(-0.30125)],[1],[0],[0],[3.7109264000318944],['text_3'],Participant 03,001,2025-10-16_19h53.57.660,Word Priming Experiment,,2025.1.1,119.40654948965773,2025-10-16 19h54.28.617137 +0530,
,239,19,11,,,K_y_,Keys,old,,[np.float64(0.00875)],[np.float64(-0.30125)],[0],[0],[1],[0.16042989993002266],['text_3'],,,,,11,19,239,8,1216.7209037001012,,,,,,,,1216.6971372000407,1216.7209037001012,1216.7209037001012,1216.7209037001012,0.002556900028139353,1216.8589700000593,,[np.float64(0.00875)],[np.float64(-0.30125)],[0],[0],[1],[0.16042989993002266],['text_3'],Participant 03,001,2025-10-16_19h53.57.660,Word Priming Experiment,,2025.1.1,119.40654948965773,2025-10-16 19h54.28.617137 +0530,
,240,0,12,,,P_li_e,Police,old,,[np.float64(0.00875)],[np.float64(-0.30125)],[0],[0],[1],[0.17875409999396652],['text_3'],,,,,12,0,240,7,1216.8721574000083,,,,,,,,1216.8613638000097,1216.8721574000083,1216.8721574000083,1216.8721574000083,0.0022815000265836716,1217.0412903000833,,[np.float64(0.00875)],[np.float64(-0.30125)],[0],[0],[1],[0.17875409999396652],['text_3'],Participant 03,001,2025-10-16_19h53.57.660,Word Priming Experiment,,2025.1.1,119.40654948965773,2025-10-16 19h54.28.617137 +0530,
,241,1,12,,,_a_bl_,Marble,old,,[np.float64(0.00875)],[np.float64(-0.30125)],[1],[0],[0],[0.1302438999991864],['text_3'],,,,,12,1,241,11,1217.055107400054,,,,,,,,1217.0433348000515,1217.055107400054,1217.055107400054,1217.055107400054,0.0019506000680848956,1217.1750234001083,,[np.float64(0.00875)],[np.float64(-0.30125)],[1],[0],[0],[0.1302438999991864],['text_3'],Participant 03,001,2025-10-16_19h53.57.660,Word Priming Experiment,,2025.1.1,119.40654948965773,2025-10-16 19h54.28.617137 +0530,
,242,2,12,,,K_y_,Keys,old,,[np.float64(0.00875)],[np.float64(-0.30125)],[1],[0],[0],[0.13025380007456988],['text_3'],,,,,12,2,242,8,1217.1890636000317,,,,,,,,1217.17847230006,1217.1890636000317,1217.1890636000317,1217.1890636000317,0.00327559991274029,1217.3100106000202,,[np.float64(0.00875)],[np.float64(-0.30125)],[1],[0],[0],[0.13025380007456988],['text_3'],Participant 03,001,2025-10-16_19h53.57.660,Word Priming Experiment,,2025.1.1,119.40654948965773,2025-10-16 19h54.28.617137 +0530,
,243,3,12,,,l_pt_p,Laptop,old,,[np.float64(0.00875)],[np.float64(-0.30125)],[1],[0],[0],[0.12640839989762753],['text_3'],,,,,12,3,243,0,1217.3380645000143,,,,,,,,1217.3128564000363,1217.3380645000143,1217.3380645000143,1217.3380645000143,0.0027291999431326985,1217.4405044000596,,[np.float64(0.00875)],[np.float64(-0.30125)],[1],[0],[0],[0.12640839989762753],['text_3'],Participant 03,001,2025-10-16_19h53.57.660,Word Priming Experiment,,2025.1.1,119.40654948965773,2025-10-16 19h54.28.617137 +0530,
,244,4,12,,,v_s_,Vase,new,,[np.float64(0.00875)],[np.float64(-0.30125)],[1],[0],[0],[0.11493290006183088],['text_3'],,,,,12,4,244,17,1217.4555472000502,,,,,,,,1217.4426057999954,1217.4555472000502,1217.4555472000502,1217.4555472000502,0.0019488000543788075,1217.559900799999,,[np.float64(0.00875)],[np.float64(-0.30125)],[1],[0],[0],[0.11493290006183088],['text_3'],Participant 03,001,2025-10-16_19h53.57.660,Word Priming Experiment,,2025.1.1,119.40654948965773,2025-10-16 19h54.28.617137 +0530,
,245,5,12,,,P_as_tr_,Pastry,old,,[np.float64(0.00875)],[np.float64(-0.30125)],[1],[0],[0],[0.1085293999640271],['text_3'],,,,,12,5,245,4,1217.5877097001066,,,,,,,,1217.5644104001112,1217.5877097001066,1217.5877097001066,1217.5877097001066,0.004288000054657459,1217.6743836000096,,[np.float64(0.00875)],[np.float64(-0.30125)],[1],[0],[0],[0.1085293999640271],['text_3'],Participant 03,001,2025-10-16_19h53.57.660,Word Priming Experiment,,2025.1.1,119.40654948965773,2025-10-16 19h54.28.617137 +0530,
,246,6,12,,,T_hi_t,Tshirt,old,,[np.float64(0.00875)],[np.float64(-0.30125)],[0],[0],[1],[0.13094649999402463],['text_3'],,,,,12,6,246,2,1217.6888356000418,,,,,,,,1217.676935399999,1217.6888356000418,1217.6888356000418,1217.6888356000418,0.002428400097414851,1217.8091182000935,,[np.float64(0.00875)],[np.float64(-0.30125)],[0],[0],[1],[0.13094649999402463],['text_3'],Participant 03,001,2025-10-16_19h53.57.660,Word Priming Experiment,,2025.1.1,119.40654948965773,2025-10-16 19h54.28.617137 +0530,
,247,7,12,,,c_s_io_,Cushion,new,,[np.float64(0.00875)],[np.float64(-0.30125)],[0],[0],[1],[0.11287409998476505],['text_3'],,,,,12,7,247,14,1217.8221485000104,,,,,,,,1217.811630900018,1217.8221485000104,1217.8221485000104,1217.8221485000104,0.0023892999161034822,1217.9268379000714,,[np.float64(0.00875)],[np.float64(-0.30125)],[0],[0],[1],[0.11287409998476505],['text_3'],Participant 03,001,2025-10-16_19h53.57.660,Word Priming Experiment,,2025.1.1,119.40654948965773,2025-10-16 19h54.28.617137 +0530,
,248,8,12,,,p_nc_l,Pencil,new,,[np.float64(0.00875)],[np.float64(-0.30125)],[1],[0],[0],[0.12516590009909123],['text_3'],,,,,12,8,248,16,1217.954340300057,,,,,,,,1217.9320512000704,1217.954340300057,1217.954340300057,1217.954340300057,0.005005400045774877,1218.0593633000972,,[np.float64(0.00875)],[np.float64(-0.30125)],[1],[0],[0],[0.12516590009909123],['text_3'],Participant 03,001,2025-10-16_19h53.57.660,Word Priming Experiment,,2025.1.1,119.40654948965773,2025-10-16 19h54.28.617137 +0530,
,249,9,12,,,c_m_ra,Camera,new,,[np.float64(0.00875)],[np.float64(-0.30125)],[1],[0],[0],[0.11126229993533343],['text_3'],,,,,12,9,249,19,1218.0719205000205,,,,,,,,1218.0622801000718,1218.0719205000205,1218.0719205000205,1218.0719205000205,0.0027817999944090843,1218.174926100066,,[np.float64(0.00875)],[np.float64(-0.30125)],[1],[0],[0],[0.11126229993533343],['text_3'],Participant 03,001,2025-10-16_19h53.57.660,Word Priming Experiment,,2025.1.1,119.40654948965773,2025-10-16 19h54.28.617137 +0530,
,250,10,12,,,_ru_is_,Cruise,old,,[np.float64(0.00875)],[np.float64(-0.30125)],[1],[0],[0],[0.12921689997892827],['text_3'],,,,,12,10,250,6,1218.187958800001,,,,,,,,1218.1778064999962,1218.187958800001,1218.187958800001,1218.187958800001,0.002716400078497827,1218.3083394001005,,[np.float64(0.00875)],[np.float64(-0.30125)],[1],[0],[0],[0.12921689997892827],['text_3'],Participant 03,001,2025-10-16_19h53.57.660,Word Priming Experiment,,2025.1.1,119.40654948965773,2025-10-16 19h54.28.617137 +0530,
,251,11,12,,,_oo_,Book,old,,[np.float64(0.00875)],[np.float64(-0.30125)],[1],[0],[0],[0.11188390001188964],['text_3'],,,,,12,11,251,13,1218.321890500025,,,,,,,,1218.3110118000768,1218.321890500025,1218.321890500025,1218.321890500025,0.0025523999938741326,1218.4242242000764,,[np.float64(0.00875)],[np.float64(-0.30125)],[1],[0],[0],[0.11188390001188964],['text_3'],Participant 03,001,2025-10-16_19h53.57.660,Word Priming Experiment,,2025.1.1,119.40654948965773,2025-10-16 19h54.28.617137 +0530,
,252,12,12,,,_o_rd,Board,old,,[np.float64(0.00875)],[np.float64(-0.30125)],[1],[0],[0],[0.12918759998865426],['text_3'],,,,,12,12,252,10,1218.4378108000383,,,,,,,,1218.4271310000913,1218.4378108000383,1218.4378108000383,1218.4378108000383,0.0027846000157296658,1218.5588011000073,,[np.float64(0.00875)],[np.float64(-0.30125)],[1],[0],[0],[0.12918759998865426],['text_3'],Participant 03,001,2025-10-16_19h53.57.660,Word Priming Experiment,,2025.1.1,119.40654948965773,2025-10-16 19h54.28.617137 +0530,
,253,13,12,,,_ho_e,Phone,old,,[np.float64(0.00875)],[np.float64(-0.30125)],[1],[0],[0],[0.11256619996856898],['text_3'],,,,,12,13,253,12,1218.5878925001016,,,,,,,,1218.5610321999993,1218.5878925001016,1218.5878925001016,1218.5878925001016,0.0021139999153092504,1218.6753293001093,,[np.float64(0.00875)],[np.float64(-0.30125)],[1],[0],[0],[0.11256619996856898],['text_3'],Participant 03,001,2025-10-16_19h53.57.660,Word Priming Experiment,,2025.1.1,119.40654948965773,2025-10-16 19h54.28.617137 +0530,
,254,14,12,,,P_st_r,Poster,old,,[np.float64(0.00875)],[np.float64(-0.30125)],[1],[0],[0],[0.12877120007760823],['text_3'],,,,,12,14,254,9,1218.7040726999985,,,,,,,,1218.6784214000218,1218.7040726999985,1218.7040726999985,1218.7040726999985,0.002964499988593161,1218.808393400046,,[np.float64(0.00875)],[np.float64(-0.30125)],[1],[0],[0],[0.12877120007760823],['text_3'],Participant 03,001,2025-10-16_19h53.57.660,Word Priming Experiment,,2025.1.1,119.40654948965773,2025-10-16 19h54.28.617137 +0530,
,255,15,12,,,bo_t_e,Bottle,new,,[np.float64(0.00875)],[np.float64(-0.30125)],[1],[0],[0],[0.23071349994279444],['text_3'],,,,,12,15,255,18,1218.8223864000756,,,,,,,,1218.810985899996,1218.8223864000756,1218.8223864000756,1218.8223864000756,0.0024766999995335937,1219.0440920999972,,[np.float64(0.00875)],[np.float64(-0.30125)],[1],[0],[0],[0.23071349994279444],['text_3'],Participant 03,001,2025-10-16_19h53.57.660,Word Priming Experiment,,2025.1.1,119.40654948965773,2025-10-16 19h54.28.617137 +0530,
,256,16,12,,,_ha_t,Chart,old,,[np.float64(0.00875)],[np.float64(-0.30125)],[1],[0],[0],[0.12510189996100962],['text_3'],,,,,12,16,256,1,1219.0716878999956,,,,,,,,1219.0488394000567,1219.0716878999956,1219.0716878999956,1219.0716878999956,0.004555799998342991,1219.1760399000486,,[np.float64(0.00875)],[np.float64(-0.30125)],[1],[0],[0],[0.12510189996100962],['text_3'],Participant 03,001,2025-10-16_19h53.57.660,Word Priming Experiment,,2025.1.1,119.40654948965773,2025-10-16 19h54.28.617137 +0530,
,257,17,12,,,c_s_,Case,old,,[np.float64(0.00875)],[np.float64(-0.30125)],[1],[0],[0],[0.12506670004222542],['text_3'],,,,,12,17,257,5,1219.2045008999994,,,,,,,,1219.1806981000118,1219.2045008999994,1219.2045008999994,1219.2045008999994,0.00482089992146939,1219.3078757000621,,[np.float64(0.00875)],[np.float64(-0.30125)],[1],[0],[0],[0.12506670004222542],['text_3'],Participant 03,001,2025-10-16_19h53.57.660,Word Priming Experiment,,2025.1.1,119.40654948965773,2025-10-16 19h54.28.617137 +0530,
,258,18,12,,,ta_l_,Table,new,,[np.float64(0.00875)],[np.float64(-0.30125)],[1],[0],[0],[0.13250429998151958],['text_3'],,,,,12,18,258,15,1219.3219582000747,,,,,,,,1219.3105884999968,1219.3219582000747,1219.3219582000747,1219.3219582000747,0.00258239998947829,1219.4459149000468,,[np.float64(0.00875)],[np.float64(-0.30125)],[1],[0],[0],[0.13250429998151958],['text_3'],Participant 03,001,2025-10-16_19h53.57.660,Word Priming Experiment,,2025.1.1,119.40654948965773,2025-10-16 19h54.28.617137 +0530,
,259,19,12,,,_ou_se,mouse,old,,[np.float64(0.00875)],[np.float64(-0.30125)],[1],[0],[0],[0.10917520010843873],['text_3'],,,,,12,19,259,3,1219.4709547000239,,,,,,,,1219.4487831000006,1219.4709547000239,1219.4709547000239,1219.4709547000239,0.0027191999834030867,1219.5592789000366,,[np.float64(0.00875)],[np.float64(-0.30125)],[1],[0],[0],[0.10917520010843873],['text_3'],Participant 03,001,2025-10-16_19h53.57.660,Word Priming Experiment,,2025.1.1,119.40654948965773,2025-10-16 19h54.28.617137 +0530,
,260,0,13,,,c_s_,Case,old,,[np.float64(0.00875)],[np.float64(-0.30125)],[1],[0],[0],[0.1293438000138849],['text_3'],,,,,13,0,260,5,1219.5721147001022,,,,,,,,1219.5613280000398,1219.5721147001022,1219.5721147001022,1219.5721147001022,0.0019461000338196754,1219.6919635001104,,[np.float64(0.00875)],[np.float64(-0.30125)],[1],[0],[0],[0.1293438000138849],['text_3'],Participant 03,001,2025-10-16_19h53.57.660,Word Priming Experiment,,2025.1.1,119.40654948965773,2025-10-16 19h54.28.617137 +0530,
,261,1,13,,,bo_t_e,Bottle,new,,[np.float64(0.00875)],[np.float64(-0.30125)],[1],[0],[0],[0.11376089998520911],['text_3'],,,,,13,1,261,18,1219.7063522000099,,,,,,,,1219.694085400086,1219.7063522000099,1219.7063522000099,1219.7063522000099,0.00202250003349036,1219.8093875000486,,[np.float64(0.00875)],[np.float64(-0.30125)],[1],[0],[0],[0.11376089998520911],['text_3'],Participant 03,001,2025-10-16_19h53.57.660,Word Priming Experiment,,2025.1.1,119.40654948965773,2025-10-16 19h54.28.617137 +0530,
,262,2,13,,,l_pt_p,Laptop,old,,[np.float64(0.00875)],[np.float64(-0.30125)],[1],[0],[0],[0.1084923999151215],['text_3'],,,,,13,2,262,0,1219.8378029000014,,,,,,,,1219.813705000095,1219.8378029000014,1219.8378029000014,1219.8378029000014,0.004233199986629188,1219.923547100043,,[np.float64(0.00875)],[np.float64(-0.30125)],[1],[0],[0],[0.1084923999151215],['text_3'],Participant 03,001,2025-10-16_19h53.57.660,Word Priming Experiment,,2025.1.1,119.40654948965773,2025-10-16 19h54.28.617137 +0530,
,263,3,13,,,_ru_is_,Cruise,old,,[np.float64(0.00875)],[np.float64(-0.30125)],[1],[0],[0],[0.13058110000565648],['text_3'],,,,,13,3,263,6,1219.9542007000418,,,,,,,,1219.9263948000735,1219.9542007000418,1219.9542007000418,1219.9542007000418,0.002758400049060583,1220.0608120000688,,[np.float64(0.00875)],[np.float64(-0.30125)],[1],[0],[0],[0.13058110000565648],['text_3'],Participant 03,001,2025-10-16_19h53.57.660,Word Priming Experiment,,2025.1.1,119.40654948965773,2025-10-16 19h54.28.617137 +0530,
,264,4,13,,,v_s_,Vase,new,,[np.float64(0.00875)],[np.float64(-0.30125)],[1],[0],[0],[0.6066466000629589],['text_3'],,,,,13,4,264,17,1220.08819150005,,,,,,,,1220.0672862000065,1220.08819150005,1220.08819150005,1220.08819150005,0.006227699923329055,1220.675224400009,,[np.float64(0.00875)],[np.float64(-0.30125)],[1],[0],[0],[0.6066466000629589],['text_3'],Participant 03,001,2025-10-16_19h53.57.660,Word Priming Experiment,,2025.1.1,119.40654948965773,2025-10-16 19h54.28.617137 +0530,
,265,5,13,,,T_hi_t,Tshirt,old,,[np.float64(0.00875)],[np.float64(-0.30125)],[1],[0],[0],[0.11237840005196631],['text_3'],,,,,13,5,265,2,1220.6891203999985,,,,,,,,1220.6780289000599,1220.6891203999985,1220.6891203999985,1220.6891203999985,0.002700299955904484,1220.7936969000148,,[np.float64(0.00875)],[np.float64(-0.30125)],[1],[0],[0],[0.11237840005196631],['text_3'],Participant 03,001,2025-10-16_19h53.57.660,Word Priming Experiment,,2025.1.1,119.40654948965773,2025-10-16 19h54.28.617137 +0530,
,266,6,13,,,_oo_,Book,old,,[np.float64(0.00875)],[np.float64(-0.30125)],[1],[0],[0],[0.1098976000212133],['text_3'],,,,,13,6,266,13,1220.8210560000734,,,,,,,,1220.7975741000846,1220.8210560000734,1220.8210560000734,1220.8210560000734,0.0036407000152394176,1220.9099480001023,,[np.float64(0.00875)],[np.float64(-0.30125)],[1],[0],[0],[0.1098976000212133],['text_3'],Participant 03,001,2025-10-16_19h53.57.660,Word Priming Experiment,,2025.1.1,119.40654948965773,2025-10-16 19h54.28.617137 +0530,
,267,7,13,,,c_m_ra,Camera,new,,[np.float64(0.00875)],[np.float64(-0.30125)],[1],[0],[0],[0.1248881999636069],['text_3'],,,,,13,7,267,19,1220.9377074000658,,,,,,,,1220.9150927000446,1220.9377074000658,1220.9377074000658,1220.9377074000658,0.004949399968609214,1221.0413477000548,,[np.float64(0.00875)],[np.float64(-0.30125)],[1],[0],[0],[0.1248881999636069],['text_3'],Participant 03,001,2025-10-16_19h53.57.660,Word Priming Experiment,,2025.1.1,119.40654948965773,2025-10-16 19h54.28.617137 +0530,
,268,8,13,,,K_y_,Keys,old,,[np.float64(0.00875)],[np.float64(-0.30125)],[1],[0],[0],[0.11374489997979254],['text_3'],,,,,13,8,268,8,1221.0551542000612,,,,,,,,1221.0433817000594,1221.0551542000612,1221.0551542000612,1221.0551542000612,0.0019236999796703458,1221.158363500028,,[np.float64(0.00875)],[np.float64(-0.30125)],[1],[0],[0],[0.11374489997979254],['text_3'],Participant 03,001,2025-10-16_19h53.57.660,Word Priming Experiment,,2025.1.1,119.40654948965773,2025-10-16 19h54.28.617137 +0530,
,269,9,13,,,P_st_r,Poster,old,,[np.float64(0.00875)],[np.float64(-0.30125)],[1],[0],[0],[0.1292620999738574],['text_3'],,,,,13,9,269,9,1221.171275800094,,,,,,,,1221.1610189001076,1221.171275800094,1221.171275800094,1221.171275800094,0.00255430000834167,1221.2938065000344,,[np.float64(0.00875)],[np.float64(-0.30125)],[1],[0],[0],[0.1292620999738574],['text_3'],Participant 03,001,2025-10-16_19h53.57.660,Word Priming Experiment,,2025.1.1,119.40654948965773,2025-10-16 19h54.28.617137 +0530,
,270,10,13,,,P_as_tr_,Pastry,old,,[np.float64(0.00875)],[np.float64(-0.30125)],[1],[0],[0],[0.10644989996217191],['text_3'],,,,,13,10,270,4,1221.3209262000164,,,,,,,,1221.3004456000635,1221.3209262000164,1221.3209262000164,1221.3209262000164,0.006370600080117583,1221.4090865000617,,[np.float64(0.00875)],[np.float64(-0.30125)],[1],[0],[0],[0.10644989996217191],['text_3'],Participant 03,001,2025-10-16_19h53.57.660,Word Priming Experiment,,2025.1.1,119.40654948965773,2025-10-16 19h54.28.617137 +0530,
,271,11,13,,,c_s_io_,Cushion,new,,[np.float64(0.00875)],[np.float64(-0.30125)],[1],[0],[0],[0.12830660003237426],['text_3'],,,,,13,11,271,14,1221.4378490000963,,,,,,,,1221.4139655000763,1221.4378490000963,1221.4378490000963,1221.4378490000963,0.004659299971535802,1221.5451358000282,,[np.float64(0.00875)],[np.float64(-0.30125)],[1],[0],[0],[0.12830660003237426],['text_3'],Participant 03,001,2025-10-16_19h53.57.660,Word Priming Experiment,,2025.1.1,119.40654948965773,2025-10-16 19h54.28.617137 +0530,
,272,12,13,,,p_nc_l,Pencil,new,,[np.float64(0.00875)],[np.float64(-0.30125)],[1],[0],[0],[0.10676519991829991],['text_3'],,,,,13,12,272,16,1221.5711526001105,,,,,,,,1221.5499976000283,1221.5711526001105,1221.5711526001105,1221.5711526001105,0.00460340001154691,1221.6580184000777,,[np.float64(0.00875)],[np.float64(-0.30125)],[1],[0],[0],[0.10676519991829991],['text_3'],Participant 03,001,2025-10-16_19h53.57.660,Word Priming Experiment,,2025.1.1,119.40654948965773,2025-10-16 19h54.28.617137 +0530,
,273,13,13,,,_ho_e,Phone,old,shoes,[np.float64(0.00875)],[np.float64(-0.30125)],[1],[0],[0],[3.180305799935013],['text_3'],,,,,13,13,273,12,1221.671052700025,,,,,,,,1221.6604127000319,1221.671052700025,1221.671052700025,1221.671052700025,0.0022225999273359776,1224.841998500051,shoes,[np.float64(0.00875)],[np.float64(-0.30125)],[1],[0],[0],[3.180305799935013],['text_3'],Participant 03,001,2025-10-16_19h53.57.660,Word Priming Experiment,,2025.1.1,119.40654948965773,2025-10-16 19h54.28.617137 +0530,
,274,14,13,,,_ha_t,Chart,old,shaft,[np.float64(0.00875)],[np.float64(-0.30125)],[1],[0],[0],[2.979897400015034],['text_3'],,,,,13,14,274,1,1224.8553067001048,,,,,,,,1224.8444981001085,1224.8553067001048,1224.8553067001048,1224.8553067001048,0.00239140004850924,1227.826067200047,shaft,[np.float64(0.00875)],[np.float64(-0.30125)],[1],[0],[0],[2.979897400015034],['text_3'],Participant 03,001,2025-10-16_19h53.57.660,Word Priming Experiment,,2025.1.1,119.40654948965773,2025-10-16 19h54.28.617137 +0530,
,275,15,13,,,_ou_se,mouse,old,mouses,[np.float64(0.00875)],[np.float64(-0.30125)],[1],[0],[0],[4.094888100051321],['text_3'],,,,,13,15,275,3,1227.8538693001028,,,,,,,,1227.8289576000534,1227.8538693001028,1227.8538693001028,1227.8538693001028,0.002750999992713332,1231.9261984000914,mouses,[np.float64(0.00875)],[np.float64(-0.30125)],[1],[0],[0],[4.094888100051321],['text_3'],Participant 03,001,2025-10-16_19h53.57.660,Word Priming Experiment,,2025.1.1,119.40654948965773,2025-10-16 19h54.28.617137 +0530,
,276,16,13,,,_a_bl_,Marble,old,table,[np.float64(0.00875)],[np.float64(-0.30125)],[1],[0],[0],[2.8783856000518426],['text_3'],,,,,13,16,276,11,1231.954100400093,,,,,,,,1231.9294576999964,1231.954100400093,1231.954100400093,1231.954100400093,0.0029737999429926276,1234.8093364000088,table,[np.float64(0.00875)],[np.float64(-0.30125)],[1],[0],[0],[2.8783856000518426],['text_3'],Participant 03,001,2025-10-16_19h53.57.660,Word Priming Experiment,,2025.1.1,119.40654948965773,2025-10-16 19h54.28.617137 +0530,
,277,17,13,,,_o_rd,Board,old,chord,[np.float64(0.00875)],[np.float64(-0.30125)],[1],[0],[0],[2.928354199975729],['text_3'],,,,,13,17,277,10,1234.8374761000741,,,,,,,,1234.812048700056,1234.8374761000741,1234.8374761000741,1234.8374761000741,0.0025572999147698283,1237.7417825000593,chord,[np.float64(0.00875)],[np.float64(-0.30125)],[1],[0],[0],[2.928354199975729],['text_3'],Participant 03,001,2025-10-16_19h53.57.660,Word Priming Experiment,,2025.1.1,119.40654948965773,2025-10-16 19h54.28.617137 +0530,
,278,18,13,,,ta_l_,Table,new,table,[np.float64(0.00875)],[np.float64(-0.30125)],[1],[0],[0],[2.6456124999094754],['text_3'],,,,,13,18,278,15,1237.7544955000049,,,,,,,,1237.744305600063,1237.7544955000049,1237.7544955000049,1237.7544955000049,0.002378000062890351,1240.3918431000784,table,[np.float64(0.00875)],[np.float64(-0.30125)],[1],[0],[0],[2.6456124999094754],['text_3'],Participant 03,001,2025-10-16_19h53.57.660,Word Priming Experiment,,2025.1.1,119.40654948965773,2025-10-16 19h54.28.617137 +0530,
,279,19,13,,,P_li_e,Police,old,police,[np.float64(0.00875)],[np.float64(-0.30125)],[1],[0],[0],[3.144384799990803],['text_3'],,,,,13,19,279,7,1240.421153500094,,,,,,,,1240.395921700052,1240.421153500094,1240.421153500094,1240.421153500094,0.003880399977788329,1243.5418630000204,police,[np.float64(0.00875)],[np.float64(-0.30125)],[1],[0],[0],[3.144384799990803],['text_3'],Participant 03,001,2025-10-16_19h53.57.660,Word Priming Experiment,,2025.1.1,119.40654948965773,2025-10-16 19h54.28.617137 +0530,
,280,0,14,,,T_hi_t,Tshirt,old,tshirt,[np.float64(0.00875)],[np.float64(-0.30125)],[1],[0],[0],[2.7619297000346705],['text_3'],,,,,14,0,280,2,1243.5562975000357,,,,,,,,1243.544788200059,1243.5562975000357,1243.5562975000357,1243.5562975000357,0.0027666999958455563,1246.3094567001099,tshirt,[np.float64(0.00875)],[np.float64(-0.30125)],[1],[0],[0],[2.7619297000346705],['text_3'],Participant 03,001,2025-10-16_19h53.57.660,Word Priming Experiment,,2025.1.1,119.40654948965773,2025-10-16 19h54.28.617137 +0530,
,281,1,14,,,ta_l_,Table,new,table,[np.float64(0.00875)],[np.float64(-0.30125)],[1],[0],[0],[12.043441199930385],['text_3'],,,,,14,1,281,15,1246.3371496000327,,,,,,,,1246.3150774000678,1246.3371496000327,1246.3371496000327,1246.3371496000327,0.005400600028224289,1258.36050900002,table,[np.float64(0.00875)],[np.float64(-0.30125)],[1],[0],[0],[12.043441199930385],['text_3'],Participant 03,001,2025-10-16_19h53.57.660,Word Priming Experiment,,2025.1.1,119.40654948965773,2025-10-16 19h54.28.617137 +0530,
,282,2,14,,,_ru_is_,Cruise,old,,[np.float64(0.00875)],[np.float64(-0.30125)],[1],[0],[0],[0.1250809000339359],['text_3'],,,,,14,2,282,6,1258.3872299001087,,,,,,,,1258.3641346000368,1258.3872299001087,1258.3872299001087,1258.3872299001087,0.003451599972322583,1258.4906294000102,,[np.float64(0.00875)],[np.float64(-0.30125)],[1],[0],[0],[0.1250809000339359],['text_3'],Participant 03,001,2025-10-16_19h53.57.660,Word Priming Experiment,,2025.1.1,119.40654948965773,2025-10-16 19h54.28.617137 +0530,
,283,3,14,,,_ho_e,Phone,old,shoes,[np.float64(0.00875)],[np.float64(-0.30125)],[1],[0],[0],[3.311156200012192],['text_3'],,,,,14,3,283,12,1258.521126500098,,,,,,,,1258.4952599001117,1258.521126500098,1258.521126500098,1258.521126500098,0.004403800005093217,1261.8082013000967,shoes,[np.float64(0.00875)],[np.float64(-0.30125)],[1],[0],[0],[3.311156200012192],['text_3'],Participant 03,001,2025-10-16_19h53.57.660,Word Priming Experiment,,2025.1.1,119.40654948965773,2025-10-16 19h54.28.617137 +0530,
,284,4,14,,,P_st_r,Poster,old,pastry,[np.float64(0.00875)],[np.float64(-0.30125)],[1],[0],[0],[4.144623499945737],['text_3'],,,,,14,4,284,9,1261.8232710000593,,,,,,,,1261.8110717000673,1261.8232710000593,1261.8232710000593,1261.8232710000593,0.0027155999559909105,1265.9571906001074,pastry,[np.float64(0.00875)],[np.float64(-0.30125)],[1],[0],[0],[4.144623499945737],['text_3'],Participant 03,001,2025-10-16_19h53.57.660,Word Priming Experiment,,2025.1.1,119.40654948965773,2025-10-16 19h54.28.617137 +0530,
,285,5,14,,,_a_bl_,Marble,old,,[np.float64(0.00875)],[np.float64(-0.30125)],[1],[0],[0],[1.4463786000851542],['text_3'],,,,,14,5,285,11,1265.9727574000135,,,,,,,,1265.9599411000963,1265.9727574000135,1265.9727574000135,1265.9727574000135,0.002597799990326166,1267.40824410005,,[np.float64(0.00875)],[np.float64(-0.30125)],[1],[0],[0],[1.4463786000851542],['text_3'],Participant 03,001,2025-10-16_19h53.57.660,Word Priming Experiment,,2025.1.1,119.40654948965773,2025-10-16 19h54.28.617137 +0530,
,286,6,14,,,v_s_,Vase,new,,[np.float64(0.00875)],[np.float64(-0.30125)],[1],[0],[0],[0.37815960007719696],['text_3'],,,,,14,6,286,17,1267.4370736000128,,,,,,,,1267.4113907000283,1267.4370736000128,1267.4370736000128,1267.4370736000128,0.0029498999938368797,1267.791893400019,,[np.float64(0.00875)],[np.float64(-0.30125)],[1],[0],[0],[0.37815960007719696],['text_3'],Participant 03,001,2025-10-16_19h53.57.660,Word Priming Experiment,,2025.1.1,119.40654948965773,2025-10-16 19h54.28.617137 +0530,
,287,7,14,,,_o_rd,Board,old,,[np.float64(0.00875)],[np.float64(-0.30125)],[1],[0],[0],[0.5946984000038356],['text_3'],,,,,14,7,287,10,1267.8204213000135,,,,,,,,1267.7962288000854,1267.8204213000135,1267.8204213000135,1267.8204213000135,0.0041195000521838665,1268.3941234000959,,[np.float64(0.00875)],[np.float64(-0.30125)],[1],[0],[0],[0.5946984000038356],['text_3'],Participant 03,001,2025-10-16_19h53.57.660,Word Priming Experiment,,2025.1.1,119.40654948965773,2025-10-16 19h54.28.617137 +0530,
,288,8,14,,,K_y_,Keys,old,keys,[np.float64(0.00875)],[np.float64(-0.30125)],[1],[0],[0],[3.7396314999787137],['text_3'],,,,,14,8,288,8,1268.4206783000845,,,,,,,,1268.3990433000727,1268.4206783000845,1268.4206783000845,1268.4206783000845,0.004665999906137586,1272.1411709000822,keys,[np.float64(0.00875)],[np.float64(-0.30125)],[1],[0],[0],[3.7396314999787137],['text_3'],Participant 03,001,2025-10-16_19h53.57.660,Word Priming Experiment,,2025.1.1,119.40654948965773,2025-10-16 19h54.28.617137 +0530,
,289,9,14,,,c_m_ra,Camera,new,camera,[np.float64(0.00875)],[np.float64(-0.30125)],[1],[0],[0],[3.6274813000345603],['text_3'],,,,,14,9,289,19,1272.1704218001105,,,,,,,,1272.1458979001036,1272.1704218001105,1272.1704218001105,1272.1704218001105,0.004522899980656803,1275.775015000021,camera,[np.float64(0.00875)],[np.float64(-0.30125)],[1],[0],[0],[3.6274813000345603],['text_3'],Participant 03,001,2025-10-16_19h53.57.660,Word Priming Experiment,,2025.1.1,119.40654948965773,2025-10-16 19h54.28.617137 +0530,
,290,10,14,,,P_as_tr_,Pastry,old,pastries,[np.float64(0.00875)],[np.float64(-0.30125)],[1],[0],[0],[4.32932279992383],['text_3'],,,,,14,10,290,4,1275.7884724000469,,,,,,,,1275.7773008000804,1275.7884724000469,1275.7884724000469,1275.7884724000469,0.002172200009226799,1280.108497200068,pastries,[np.float64(0.00875)],[np.float64(-0.30125)],[1],[0],[0],[4.32932279992383],['text_3'],Participant 03,001,2025-10-16_19h53.57.660,Word Priming Experiment,,2025.1.1,119.40654948965773,2025-10-16 19h54.28.617137 +0530,
,291,11,14,,,_oo_,Book,old,book,[np.float64(0.00875)],[np.float64(-0.30125)],[1],[0],[0],[2.7946997999679297],['text_3'],,,,,14,11,291,13,1280.1216608000686,,,,,,,,1280.111476500053,1280.1216608000686,1280.1216608000686,1280.1216608000686,0.0028180000372231007,1282.9087062000763,book,[np.float64(0.00875)],[np.float64(-0.30125)],[1],[0],[0],[2.7946997999679297],['text_3'],Participant 03,001,2025-10-16_19h53.57.660,Word Priming Experiment,,2025.1.1,119.40654948965773,2025-10-16 19h54.28.617137 +0530,
,292,12,14,,,P_li_e,Police,old,police,[np.float64(0.00875)],[np.float64(-0.30125)],[1],[0],[0],[4.141909199999645],['text_3'],,,,,14,12,292,7,1282.9372683000984,,,,,,,,1282.9135919000255,1282.9372683000984,1282.9372683000984,1282.9372683000984,0.004670199938118458,1287.0582636001054,police,[np.float64(0.00875)],[np.float64(-0.30125)],[1],[0],[0],[4.141909199999645],['text_3'],Participant 03,001,2025-10-16_19h53.57.660,Word Priming Experiment,,2025.1.1,119.40654948965773,2025-10-16 19h54.28.617137 +0530,
,293,13,14,,,bo_t_e,Bottle,new,bottle,[np.float64(0.00875)],[np.float64(-0.30125)],[1],[0],[0],[9.675999099970795],['text_3'],,,,,14,13,293,18,1287.0869878000813,,,,,,,,1287.06313470006,1287.0869878000813,1287.0869878000813,1287.0869878000813,0.004600199987180531,1296.7409892000724,bottle,[np.float64(0.00875)],[np.float64(-0.30125)],[1],[0],[0],[9.675999099970795],['text_3'],Participant 03,001,2025-10-16_19h53.57.660,Word Priming Experiment,,2025.1.1,119.40654948965773,2025-10-16 19h54.28.617137 +0530,
,294,14,14,,,c_s_,Case,old,case,[np.float64(0.00875)],[np.float64(-0.30125)],[1],[0],[0],[2.8773082999978215],['text_3'],,,,,14,14,294,5,1296.7703740000725,,,,,,,,1296.7460563000059,1296.7703740000725,1296.7703740000725,1296.7703740000725,0.0049239000072702765,1299.6266524000093,case,[np.float64(0.00875)],[np.float64(-0.30125)],[1],[0],[0],[2.8773082999978215],['text_3'],Participant 03,001,2025-10-16_19h53.57.660,Word Priming Experiment,,2025.1.1,119.40654948965773,2025-10-16 19h54.28.617137 +0530,
,295,15,14,,,_ou_se,mouse,old,mlouses,[np.float64(0.00875)],[np.float64(-0.30125)],[1],[0],[0],[4.591384100029245],['text_3'],,,,,14,15,295,3,1299.6533424000954,,,,,,,,1299.6316713000415,1299.6533424000954,1299.6533424000954,1299.6533424000954,0.004760999931022525,1304.226321700029,mlouses,[np.float64(0.00875)],[np.float64(-0.30125)],[1],[0],[0],[4.591384100029245],['text_3'],Participant 03,001,2025-10-16_19h53.57.660,Word Priming Experiment,,2025.1.1,119.40654948965773,2025-10-16 19h54.28.617137 +0530,
,296,16,14,,,l_pt_p,Laptop,old,laptop,[np.float64(0.00875)],[np.float64(-0.30125)],[1],[0],[0],[3.3739523999392986],['text_3'],,,,,14,16,296,0,1304.2534706000006,,,,,,,,1304.2319382000715,1304.2534706000006,1304.2534706000006,1304.2534706000006,0.005341199925169349,1307.6094381000148,laptop,[np.float64(0.00875)],[np.float64(-0.30125)],[1],[0],[0],[3.3739523999392986],['text_3'],Participant 03,001,2025-10-16_19h53.57.660,Word Priming Experiment,,2025.1.1,119.40654948965773,2025-10-16 19h54.28.617137 +0530,
,297,17,14,,,p_nc_l,Pencil,new,penicl,[np.float64(0.00875)],[np.float64(-0.30125)],[1],[0],[0],[2.7742876999545842],['text_3'],,,,,14,17,297,16,1307.6368494000053,,,,,,,,1307.614982200088,1307.6368494000053,1307.6368494000053,1307.6368494000053,0.005283599952235818,1310.391280900105,penicl,[np.float64(0.00875)],[np.float64(-0.30125)],[1],[0],[0],[2.7742876999545842],['text_3'],Participant 03,001,2025-10-16_19h53.57.660,Word Priming Experiment,,2025.1.1,119.40654948965773,2025-10-16 19h54.28.617137 +0530,
,298,18,14,,,_ha_t,Chart,old,shaft,[np.float64(0.00875)],[np.float64(-0.30125)],[1],[0],[0],[3.295742299989797],['text_3'],,,,,14,18,298,1,1310.42057940003,,,,,,,,1310.3951088000322,1310.42057940003,1310.42057940003,1310.42057940003,0.0036503999726846814,1313.694467900088,shaft,[np.float64(0.00875)],[np.float64(-0.30125)],[1],[0],[0],[3.295742299989797],['text_3'],Participant 03,001,2025-10-16_19h53.57.660,Word Priming Experiment,,2025.1.1,119.40654948965773,2025-10-16 19h54.28.617137 +0530,
,299,19,14,,,c_s_io_,Cushion,new,cushion,[np.float64(0.00875)],[np.float64(-0.30125)],[1],[0],[0],[5.038742500008084],['text_3'],,,,,14,19,299,14,1313.7201902000234,,,,,,,,1313.7000933000818,1313.7201902000234,1313.7201902000234,1313.7201902000234,0.005380099988542497,1318.7425062000984,cushion,[np.float64(0.00875)],[np.float64(-0.30125)],[1],[0],[0],[5.038742500008084],['text_3'],Participant 03,001,2025-10-16_19h53.57.660,Word Priming Experiment,,2025.1.1,119.40654948965773,2025-10-16 19h54.28.617137 +0530,
,300,0,15,,,c_s_,Case,old,case,[np.float64(0.00875)],[np.float64(-0.30125)],[1],[0],[0],[8.490542000043206],['text_3'],,,,,15,0,300,5,1318.7698297000024,,,,,,,,1318.7483711000532,1318.7698297000024,1318.7698297000024,1318.7698297000024,0.005575999966822565,1327.2410724000074,case,[np.float64(0.00875)],[np.float64(-0.30125)],[1],[0],[0],[8.490542000043206],['text_3'],Participant 03,001,2025-10-16_19h53.57.660,Word Priming Experiment,,2025.1.1,119.40654948965773,2025-10-16 19h54.28.617137 +0530,
,301,1,15,,,K_y_,Keys,old,,[np.float64(0.00875)],[np.float64(-0.30125)],[1],[0],[0],[0.19240120006725192],['text_3'],,,,,15,1,301,8,1327.2706531001022,,,,,,,,1327.2460299000377,1327.2706531001022,1327.2706531001022,1327.2706531001022,0.004749499959871173,1327.4405330000445,,[np.float64(0.00875)],[np.float64(-0.30125)],[1],[0],[0],[0.19240120006725192],['text_3'],Participant 03,001,2025-10-16_19h53.57.660,Word Priming Experiment,,2025.1.1,119.40654948965773,2025-10-16 19h54.28.617137 +0530,
,302,2,15,,,P_li_e,Police,old,police,[np.float64(0.00875)],[np.float64(-0.30125)],[1],[0],[0],[6.311727699940093],['text_3'],,,,,15,2,302,7,1327.4698762000771,,,,,,,,1327.4439111000393,1327.4698762000771,1327.4698762000771,1327.4698762000771,0.0032156999222934246,1333.7585563000757,police,[np.float64(0.00875)],[np.float64(-0.30125)],[1],[0],[0],[6.311727699940093],['text_3'],Participant 03,001,2025-10-16_19h53.57.660,Word Priming Experiment,,2025.1.1,119.40654948965773,2025-10-16 19h54.28.617137 +0530,
,303,3,15,,,ta_l_,Table,new,,[np.float64(0.00875)],[np.float64(-0.30125)],[1],[0],[0],[2.260539900045842],['text_3'],,,,,15,3,303,15,1333.7865737000247,,,,,,,,1333.7632632000605,1333.7865737000247,1333.7865737000247,1333.7865737000247,0.004516800050623715,1336.0273219000082,,[np.float64(0.00875)],[np.float64(-0.30125)],[1],[0],[0],[2.260539900045842],['text_3'],Participant 03,001,2025-10-16_19h53.57.660,Word Priming Experiment,,2025.1.1,119.40654948965773,2025-10-16 19h54.28.617137 +0530,
,304,4,15,,,T_hi_t,Tshirt,old,,[np.float64(0.00875)],[np.float64(-0.30125)],[1],[0],[0],[0.22432230005506426],['text_3'],,,,,15,4,304,2,1336.053140800097,,,,,,,,1336.031502100057,1336.053140800097,1336.053140800097,1336.053140800097,0.003925899975001812,1336.2573462000582,,[np.float64(0.00875)],[np.float64(-0.30125)],[1],[0],[0],[0.22432230005506426],['text_3'],Participant 03,001,2025-10-16_19h53.57.660,Word Priming Experiment,,2025.1.1,119.40654948965773,2025-10-16 19h54.28.617137 +0530,
,305,5,15,,,bo_t_e,Bottle,new,bottle,[np.float64(0.00875)],[np.float64(-0.30125)],[1],[0],[0],[3.163271800032817],['text_3'],,,,,15,5,305,18,1336.2705751000904,,,,,,,,1336.259467100026,1336.2705751000904,1336.2705751000904,1336.2705751000904,0.002005400019697845,1339.4253861000761,bottle,[np.float64(0.00875)],[np.float64(-0.30125)],[1],[0],[0],[3.163271800032817],['text_3'],Participant 03,001,2025-10-16_19h53.57.660,Word Priming Experiment,,2025.1.1,119.40654948965773,2025-10-16 19h54.28.617137 +0530,
,306,6,15,,,v_s_,Vase,new,,[np.float64(0.00875)],[np.float64(-0.30125)],[1],[0],[0],[0.2906935999635607],['text_3'],,,,,15,6,306,17,1339.4530582000734,,,,,,,,1339.4306254000403,1339.4530582000734,1339.4530582000734,1339.4530582000734,0.005005499930121005,1339.7227534000995,,[np.float64(0.00875)],[np.float64(-0.30125)],[1],[0],[0],[0.2906935999635607],['text_3'],Participant 03,001,2025-10-16_19h53.57.660,Word Priming Experiment,,2025.1.1,119.40654948965773,2025-10-16 19h54.28.617137 +0530,
,307,7,15,,,P_as_tr_,Pastry,old,pastries,[np.float64(0.00875)],[np.float64(-0.30125)],[1],[0],[0],[3.511103400029242],['text_3'],,,,,15,7,307,4,1339.7531186999986,,,,,,,,1339.7277200000826,1339.7531186999986,1339.7531186999986,1339.7531186999986,0.004837200045585632,1343.2405706000281,pastries,[np.float64(0.00875)],[np.float64(-0.30125)],[1],[0],[0],[3.511103400029242],['text_3'],Participant 03,001,2025-10-16_19h53.57.660,Word Priming Experiment,,2025.1.1,119.40654948965773,2025-10-16 19h54.28.617137 +0530,
,308,8,15,,,c_s_io_,Cushion,new,cushion,[np.float64(0.00875)],[np.float64(-0.30125)],[1],[0],[0],[5.962350400048308],['text_3'],,,,,15,8,308,14,1343.2554908000166,,,,,,,,1343.2436601000372,1343.2554908000166,1343.2554908000166,1343.2554908000166,0.0029241000302135944,1349.2081070001004,cushion,[np.float64(0.00875)],[np.float64(-0.30125)],[1],[0],[0],[5.962350400048308],['text_3'],Participant 03,001,2025-10-16_19h53.57.660,Word Priming Experiment,,2025.1.1,119.40654948965773,2025-10-16 19h54.28.617137 +0530,
,309,9,15,,,_ou_se,mouse,old,mouses,[np.float64(0.00875)],[np.float64(-0.30125)],[1],[0],[0],[3.761977499932982],['text_3'],,,,,15,9,309,3,1349.2209430000512,,,,,,,,1349.2106559000676,1349.2209430000512,1349.2209430000512,1349.2209430000512,0.0024080000584945083,1352.9742216001032,mouses,[np.float64(0.00875)],[np.float64(-0.30125)],[1],[0],[0],[3.761977499932982],['text_3'],Participant 03,001,2025-10-16_19h53.57.660,Word Priming Experiment,,2025.1.1,119.40654948965773,2025-10-16 19h54.28.617137 +0530,
,310,10,15,,,_ha_t,Chart,old,shaft,[np.float64(0.00875)],[np.float64(-0.30125)],[1],[0],[0],[5.9777606999268755],['text_3'],,,,,15,10,310,1,1352.9875187000725,,,,,,,,1352.977241500048,1352.9875187000725,1352.9875187000725,1352.9875187000725,0.002875100006349385,1358.9584406000795,shaft,[np.float64(0.00875)],[np.float64(-0.30125)],[1],[0],[0],[5.9777606999268755],['text_3'],Participant 03,001,2025-10-16_19h53.57.660,Word Priming Experiment,,2025.1.1,119.40654948965773,2025-10-16 19h54.28.617137 +0530,
,311,11,15,,,c_m_ra,Camera,new,camera,[np.float64(0.00875)],[np.float64(-0.30125)],[1],[0],[0],[9.306879000039771],['text_3'],,,,,15,11,311,19,1358.9860643000575,,,,,,,,1358.9647331000306,1358.9860643000575,1358.9860643000575,1358.9860643000575,0.006057199905626476,1368.2751593000721,camera,[np.float64(0.00875)],[np.float64(-0.30125)],[1],[0],[0],[9.306879000039771],['text_3'],Participant 03,001,2025-10-16_19h53.57.660,Word Priming Experiment,,2025.1.1,119.40654948965773,2025-10-16 19h54.28.617137 +0530,
,312,12,15,,,l_pt_p,Laptop,old,laptop,[np.float64(0.00875)],[np.float64(-0.30125)],[1],[0],[0],[3.3750160000054166],['text_3'],,,,,15,12,312,0,1368.3025599000975,,,,,,,,1368.2809340000385,1368.3025599000975,1368.3025599000975,1368.3025599000975,0.005551000009290874,1371.6590312001063,laptop,[np.float64(0.00875)],[np.float64(-0.30125)],[1],[0],[0],[3.3750160000054166],['text_3'],Participant 03,001,2025-10-16_19h53.57.660,Word Priming Experiment,,2025.1.1,119.40654948965773,2025-10-16 19h54.28.617137 +0530,
,313,13,15,,,_o_rd,Board,old,chord,[np.float64(0.00875)],[np.float64(-0.30125)],[1],[0],[0],[3.972787100006826],['text_3'],,,,,15,13,313,10,1371.6870255999966,,,,,,,,1371.665885000024,1371.6870255999966,1371.6870255999966,1371.6870255999966,0.00654269999358803,1375.6402352000587,chord,[np.float64(0.00875)],[np.float64(-0.30125)],[1],[0],[0],[3.972787100006826],['text_3'],Participant 03,001,2025-10-16_19h53.57.660,Word Priming Experiment,,2025.1.1,119.40654948965773,2025-10-16 19h54.28.617137 +0530,
,314,14,15,,,_ru_is_,Cruise,old,cruises,[np.float64(0.00875)],[np.float64(-0.30125)],[1],[0],[0],[4.4127169999992475],['text_3'],,,,,15,14,314,6,1375.6693233000115,,,,,,,,1375.6428598000202,1375.6693233000115,1375.6693233000115,1375.6693233000115,0.0024839999387040734,1380.0573881000746,cruises,[np.float64(0.00875)],[np.float64(-0.30125)],[1],[0],[0],[4.4127169999992475],['text_3'],Participant 03,001,2025-10-16_19h53.57.660,Word Priming Experiment,,2025.1.1,119.40654948965773,2025-10-16 19h54.28.617137 +0530,
,315,15,15,,,_oo_,Book,old,book,[np.float64(0.00875)],[np.float64(-0.30125)],[1],[0],[0],[2.9277962000342086],['text_3'],,,,,15,15,315,13,1380.086115800077,,,,,,,,1380.0603350000456,1380.086115800077,1380.086115800077,1380.086115800077,0.002792099956423044,1382.9911337000085,book,[np.float64(0.00875)],[np.float64(-0.30125)],[1],[0],[0],[2.9277962000342086],['text_3'],Participant 03,001,2025-10-16_19h53.57.660,Word Priming Experiment,,2025.1.1,119.40654948965773,2025-10-16 19h54.28.617137 +0530,
,316,16,15,,,_ho_e,Phone,old,shoes,[np.float64(0.00875)],[np.float64(-0.30125)],[1],[0],[0],[3.933974700048566],['text_3'],,,,,15,16,316,12,1383.019639300066,,,,,,,,1382.9974706000648,1383.019639300066,1383.019639300066,1383.019639300066,0.0060803999658674,1386.9332485001069,shoes,[np.float64(0.00875)],[np.float64(-0.30125)],[1],[0],[0],[3.933974700048566],['text_3'],Participant 03,001,2025-10-16_19h53.57.660,Word Priming Experiment,,2025.1.1,119.40654948965773,2025-10-16 19h54.28.617137 +0530,
,317,17,15,,,P_st_r,Poster,old,pastry,[np.float64(0.00875)],[np.float64(-0.30125)],[1],[0],[0],[3.053258200059645],['text_3'],,,,,15,17,317,9,1386.9527992000803,,,,,,,,1386.935880200006,1386.9527992000803,1386.9527992000803,1386.9527992000803,0.0025040999753400683,1389.991420000093,pastry,[np.float64(0.00875)],[np.float64(-0.30125)],[1],[0],[0],[3.053258200059645],['text_3'],Participant 03,001,2025-10-16_19h53.57.660,Word Priming Experiment,,2025.1.1,119.40654948965773,2025-10-16 19h54.28.617137 +0530,
,318,18,15,,,_a_bl_,Marble,old,table,[np.float64(0.00875)],[np.float64(-0.30125)],[1],[0],[0],[3.941867099958472],['text_3'],,,,,15,18,318,11,1390.0191609000321,,,,,,,,1389.9969231000869,1390.0191609000321,1390.0191609000321,1390.0191609000321,0.00529680005274713,1393.941928800079,table,[np.float64(0.00875)],[np.float64(-0.30125)],[1],[0],[0],[3.941867099958472],['text_3'],Participant 03,001,2025-10-16_19h53.57.660,Word Priming Experiment,,2025.1.1,119.40654948965773,2025-10-16 19h54.28.617137 +0530,
,319,19,15,,,p_nc_l,Pencil,new,pencil,[np.float64(0.00875)],[np.float64(-0.30125)],[1],[0],[0],[3.291210600058548],['text_3'],,,,,15,19,319,16,1393.9696984000038,,,,,,,,1393.9478360000066,1393.9696984000038,1393.9696984000038,1393.9696984000038,0.005623399978503585,1397.241417500074,pencil,[np.float64(0.00875)],[np.float64(-0.30125)],[1],[0],[0],[3.291210600058548],['text_3'],Participant 03,001,2025-10-16_19h53.57.660,Word Priming Experiment,,2025.1.1,119.40654948965773,2025-10-16 19h54.28.617137 +0530,
,320,0,16,,,P_li_e,Police,old,police,[np.float64(0.00875)],[np.float64(-0.30125)],[1],[0],[0],[3.409250700031407],['text_3'],,,,,16,0,320,7,1397.2696056000423,,,,,,,,1397.2464371999959,1397.2696056000423,1397.2696056000423,1397.2696056000423,0.004840300069190562,1400.6587827000767,police,[np.float64(0.00875)],[np.float64(-0.30125)],[1],[0],[0],[3.409250700031407],['text_3'],Participant 03,001,2025-10-16_19h53.57.660,Word Priming Experiment,,2025.1.1,119.40654948965773,2025-10-16 19h54.28.617137 +0530,
,321,1,16,,,v_s_,Vase,new,vase,[np.float64(0.00875)],[np.float64(-0.30125)],[1],[0],[0],[2.6099426000146195],['text_3'],,,,,16,1,321,17,1400.6868415001081,,,,,,,,1400.6634941000957,1400.6868415001081,1400.6868415001081,1400.6868415001081,0.004617400001734495,1403.2762331000995,vase,[np.float64(0.00875)],[np.float64(-0.30125)],[1],[0],[0],[2.6099426000146195],['text_3'],Participant 03,001,2025-10-16_19h53.57.660,Word Priming Experiment,,2025.1.1,119.40654948965773,2025-10-16 19h54.28.617137 +0530,
,322,2,16,,,c_s_io_,Cushion,new,cushion,[np.float64(0.00875)],[np.float64(-0.30125)],[1],[0],[0],[3.074842800037004],['text_3'],,,,,16,2,322,14,1403.3025701000588,,,,,,,,1403.2804184000706,1403.3025701000588,1403.3025701000588,1403.3025701000588,0.003982799942605197,1406.358996600029,cushion,[np.float64(0.00875)],[np.float64(-0.30125)],[1],[0],[0],[3.074842800037004],['text_3'],Participant 03,001,2025-10-16_19h53.57.660,Word Priming Experiment,,2025.1.1,119.40654948965773,2025-10-16 19h54.28.617137 +0530,
,323,3,16,,,bo_t_e,Bottle,new,bottle,[np.float64(0.00875)],[np.float64(-0.30125)],[1],[0],[0],[2.7903867999557406],['text_3'],,,,,16,3,323,18,1406.3859587000916,,,,,,,,1406.3643797000404,1406.3859587000916,1406.3859587000916,1406.3859587000916,0.005084099946543574,1409.1566760001006,bottle,[np.float64(0.00875)],[np.float64(-0.30125)],[1],[0],[0],[2.7903867999557406],['text_3'],Participant 03,001,2025-10-16_19h53.57.660,Word Priming Experiment,,2025.1.1,119.40654948965773,2025-10-16 19h54.28.617137 +0530,
,324,4,16,,,_oo_,Book,old,book,[np.float64(0.00875)],[np.float64(-0.30125)],[1],[0],[0],[2.7786637999815866],['text_3'],,,,,16,4,324,13,1409.1860437000869,,,,,,,,1409.1600673000794,1409.1860437000869,1409.1860437000869,1409.1860437000869,0.003217900055460632,1411.9418104001088,book,[np.float64(0.00875)],[np.float64(-0.30125)],[1],[0],[0],[2.7786637999815866],['text_3'],Participant 03,001,2025-10-16_19h53.57.660,Word Priming Experiment,,2025.1.1,119.40654948965773,2025-10-16 19h54.28.617137 +0530,
,325,5,16,,,ta_l_,Table,new,table,"[np.float64(-0.00875), np.float64(-0.00875), np.float64(-0.00875), np.float64(-0.0025)]","[np.float64(-0.24625), np.float64(-0.24625), np.float64(-0.24625), np.float64(-0.3175)]","[1, 1, 1, 1]","[0, 0, 0, 0]","[0, 0, 0, 0]","[3.350670700077899, 4.567051900085062, 5.183311700006016, 6.10973810008727]","[None, None, None, 'text_3']",,,,,16,5,325,15,1411.9689916000934,,,,,,,,1411.9462444999954,1411.9689916000934,1411.9689916000934,1411.9689916000934,0.004221900017000735,1418.0591282000532,table,"[np.float64(-0.00875), np.float64(-0.00875), np.float64(-0.00875), np.float64(-0.0025)]","[np.float64(-0.24625), np.float64(-0.24625), np.float64(-0.24625), np.float64(-0.3175)]","[1, 1, 1, 1]","[0, 0, 0, 0]","[0, 0, 0, 0]","[3.350670700077899, 4.567051900085062, 5.183311700006016, 6.10973810008727]","[None, None, None, 'text_3']",Participant 03,001,2025-10-16_19h53.57.660,Word Priming Experiment,,2025.1.1,119.40654948965773,2025-10-16 19h54.28.617137 +0530,
,326,6,16,,,_ho_e,Phone,old,shoes,[np.float64(-0.0025)],[np.float64(-0.3175)],[1],[0],[0],[2.8746984000317752],['text_3'],,,,,16,6,326,12,1418.085938300006,,,,,,,,1418.0641091000289,1418.085938300006,1418.085938300006,1418.085938300006,0.0046845999313518405,1420.9423295001034,shoes,[np.float64(-0.0025)],[np.float64(-0.3175)],[1],[0],[0],[2.8746984000317752],['text_3'],Participant 03,001,2025-10-16_19h53.57.660,Word Priming Experiment,,2025.1.1,119.40654948965773,2025-10-16 19h54.28.617137 +0530,
,327,7,16,,,_o_rd,Board,old,chord,[np.float64(-0.0025)],[np.float64(-0.3175)],[1],[0],[0],[3.092784499982372],['text_3'],,,,,16,7,327,10,1420.9688241000986,,,,,,,,1420.945984100108,1420.9688241000986,1420.9688241000986,1420.9688241000986,0.0034782999427989125,1424.0404182000784,chord,[np.float64(-0.0025)],[np.float64(-0.3175)],[1],[0],[0],[3.092784499982372],['text_3'],Participant 03,001,2025-10-16_19h53.57.660,Word Priming Experiment,,2025.1.1,119.40654948965773,2025-10-16 19h54.28.617137 +0530,
,328,8,16,,,l_pt_p,Laptop,old,laptop,[np.float64(-0.0025)],[np.float64(-0.3175)],[1],[0],[0],[3.4471762999892235],['text_3'],,,,,16,8,328,0,1424.0696122000227,,,,,,,,1424.0435108999955,1424.0696122000227,1424.0696122000227,1424.0696122000227,0.002962099970318377,1427.494274500059,laptop,[np.float64(-0.0025)],[np.float64(-0.3175)],[1],[0],[0],[3.4471762999892235],['text_3'],Participant 03,001,2025-10-16_19h53.57.660,Word Priming Experiment,,2025.1.1,119.40654948965773,2025-10-16 19h54.28.617137 +0530,
,329,9,16,,,_a_bl_,Marble,old,table,[np.float64(-0.0025)],[np.float64(-0.3175)],[1],[0],[0],[4.487575200037099],['text_3'],,,,,16,9,329,11,1427.5189150000224,,,,,,,,1427.5017074000789,1427.5189150000224,1427.5189150000224,1427.5189150000224,0.007135500083677471,1431.9933475001017,table,[np.float64(-0.0025)],[np.float64(-0.3175)],[1],[0],[0],[4.487575200037099],['text_3'],Participant 03,001,2025-10-16_19h53.57.660,Word Priming Experiment,,2025.1.1,119.40654948965773,2025-10-16 19h54.28.617137 +0530,
,330,10,16,,,P_st_r,Poster,old,pastry,[np.float64(-0.0025)],[np.float64(-0.3175)],[1],[0],[0],[7.174686099984683],['text_3'],,,,,16,10,330,9,1432.0190337001113,,,,,,,,1431.9987247000681,1432.0190337001113,1432.0190337001113,1432.0190337001113,0.005092600011266768,1439.1753979000496,pastry,[np.float64(-0.0025)],[np.float64(-0.3175)],[1],[0],[0],[7.174686099984683],['text_3'],Participant 03,001,2025-10-16_19h53.57.660,Word Priming Experiment,,2025.1.1,119.40654948965773,2025-10-16 19h54.28.617137 +0530,
,331,11,16,,,p_nc_l,Pencil,new,pencil,[np.float64(-0.0025)],[np.float64(-0.3175)],[1],[0],[0],[2.827864999999292],['text_3'],,,,,16,11,331,16,1439.2020472000586,,,,,,,,1439.1788340000203,1439.2020472000586,1439.2020472000586,1439.2020472000586,0.0033017999958246946,1442.008969800081,pencil,[np.float64(-0.0025)],[np.float64(-0.3175)],[1],[0],[0],[2.827864999999292],['text_3'],Participant 03,001,2025-10-16_19h53.57.660,Word Priming Experiment,,2025.1.1,119.40654948965773,2025-10-16 19h54.28.617137 +0530,
,332,12,16,,,c_m_ra,Camera,new,camera,[np.float64(-0.0025)],[np.float64(-0.3175)],[1],[0],[0],[3.960177500033751],['text_3'],,,,,16,12,332,19,1442.0354697000002,,,,,,,,1442.0124396000756,1442.0354697000002,1442.0354697000002,1442.0354697000002,0.0033155999844893813,1445.974952800083,camera,[np.float64(-0.0025)],[np.float64(-0.3175)],[1],[0],[0],[3.960177500033751],['text_3'],Participant 03,001,2025-10-16_19h53.57.660,Word Priming Experiment,,2025.1.1,119.40654948965773,2025-10-16 19h54.28.617137 +0530,
,333,13,16,,,T_hi_t,Tshirt,old,tshirt,[np.float64(-0.0025)],[np.float64(-0.3175)],[1],[0],[0],[3.926500599947758],['text_3'],,,,,16,13,333,2,1446.0021657000761,,,,,,,,1445.9782380000688,1446.0021657000761,1446.0021657000761,1446.0021657000761,0.003096899949014187,1449.908982400084,tshirt,[np.float64(-0.0025)],[np.float64(-0.3175)],[1],[0],[0],[3.926500599947758],['text_3'],Participant 03,001,2025-10-16_19h53.57.660,Word Priming Experiment,,2025.1.1,119.40654948965773,2025-10-16 19h54.28.617137 +0530,
,334,14,16,,,_ou_se,mouse,old,mouses,[np.float64(-0.0025)],[np.float64(-0.3175)],[1],[0],[0],[3.189212299999781],['text_3'],,,,,16,14,334,3,1449.9351143999957,,,,,,,,1449.914825700107,1449.9351143999957,1449.9351143999957,1449.9351143999957,0.005570000037550926,1453.1080440001097,mouses,[np.float64(-0.0025)],[np.float64(-0.3175)],[1],[0],[0],[3.189212299999781],['text_3'],Participant 03,001,2025-10-16_19h53.57.660,Word Priming Experiment,,2025.1.1,119.40654948965773,2025-10-16 19h54.28.617137 +0530,
,335,15,16,,,K_y_,Keys,old,keys,[np.float64(-0.0025)],[np.float64(-0.3175)],[1],[0],[0],[2.775235000066459],['text_3'],,,,,16,15,335,8,1453.135591700091,,,,,,,,1453.113696000073,1453.135591700091,1453.135591700091,1453.135591700091,0.005369700025767088,1455.891363200033,keys,[np.float64(-0.0025)],[np.float64(-0.3175)],[1],[0],[0],[2.775235000066459],['text_3'],Participant 03,001,2025-10-16_19h53.57.660,Word Priming Experiment,,2025.1.1,119.40654948965773,2025-10-16 19h54.28.617137 +0530,
,336,16,16,,,c_s_,Case,old,case,[np.float64(-0.0025)],[np.float64(-0.3175)],[1],[0],[0],[6.712410400039516],['text_3'],,,,,16,16,336,5,1455.918636700022,,,,,,,,1455.8941081000958,1455.918636700022,1455.918636700022,1455.918636700022,0.002605099929496646,1462.6094639000949,case,[np.float64(-0.0025)],[np.float64(-0.3175)],[1],[0],[0],[6.712410400039516],['text_3'],Participant 03,001,2025-10-16_19h53.57.660,Word Priming Experiment,,2025.1.1,119.40654948965773,2025-10-16 19h54.28.617137 +0530,
,337,17,16,,,_ru_is_,Cruise,old,cruises,[np.float64(-0.0025)],[np.float64(-0.3175)],[1],[0],[0],[5.9068833000492305],['text_3'],,,,,16,17,337,6,1462.6351101000328,,,,,,,,1462.6138762000483,1462.6351101000328,1462.6351101000328,1462.6351101000328,0.004202999989502132,1468.5235595999984,cruises,[np.float64(-0.0025)],[np.float64(-0.3175)],[1],[0],[0],[5.9068833000492305],['text_3'],Participant 03,001,2025-10-16_19h53.57.660,Word Priming Experiment,,2025.1.1,119.40654948965773,2025-10-16 19h54.28.617137 +0530,
,338,18,16,,,P_as_tr_,Pastry,old,pastries,[np.float64(-0.0025)],[np.float64(-0.3175)],[1],[0],[0],[3.845430299988948],['text_3'],,,,,16,18,338,4,1468.552040000097,,,,,,,,1468.5272601000033,1468.552040000097,1468.552040000097,1468.552040000097,0.0035334000131115317,1472.375846000039,pastries,[np.float64(-0.0025)],[np.float64(-0.3175)],[1],[0],[0],[3.845430299988948],['text_3'],Participant 03,001,2025-10-16_19h53.57.660,Word Priming Experiment,,2025.1.1,119.40654948965773,2025-10-16 19h54.28.617137 +0530,
,339,19,16,,,_ha_t,Chart,old,chart,[np.float64(-0.0025)],[np.float64(-0.3175)],[1],[0],[0],[4.590554299997166],['text_3'],,,,,16,19,339,1,1472.4018274000846,,,,,,,,1472.3805008000927,1472.4018274000846,1472.4018274000846,1472.4018274000846,0.004488200065679848,1476.9727816000814,chart,[np.float64(-0.0025)],[np.float64(-0.3175)],[1],[0],[0],[4.590554299997166],['text_3'],Participant 03,001,2025-10-16_19h53.57.660,Word Priming Experiment,,2025.1.1,119.40654948965773,2025-10-16 19h54.28.617137 +0530,
,340,0,17,,,_ru_is_,Cruise,old,cruise,[np.float64(-0.0025)],[np.float64(-0.3175)],[1],[0],[0],[3.1973249000729993],['text_3'],,,,,17,0,340,6,1476.9863007001113,,,,,,,,1476.9753127000295,1476.9863007001113,1476.9863007001113,1476.9863007001113,0.0023929999442771077,1480.1762232000474,cruise,[np.float64(-0.0025)],[np.float64(-0.3175)],[1],[0],[0],[3.1973249000729993],['text_3'],Participant 03,001,2025-10-16_19h53.57.660,Word Priming Experiment,,2025.1.1,119.40654948965773,2025-10-16 19h54.28.617137 +0530,
,341,1,17,,,p_nc_l,Pencil,new,,[np.float64(-0.0025)],[np.float64(-0.3175)],[1],[0],[0],[0.5251462000887841],['text_3'],,,,,17,1,341,16,1480.2020736000268,,,,,,,,1480.1792393000796,1480.2020736000268,1480.2020736000268,1480.2020736000268,0.0028440000023692846,1480.7057940000668,,[np.float64(-0.0025)],[np.float64(-0.3175)],[1],[0],[0],[0.5251462000887841],['text_3'],Participant 03,001,2025-10-16_19h53.57.660,Word Priming Experiment,,2025.1.1,119.40654948965773,2025-10-16 19h54.28.617137 +0530,
,342,2,17,,,v_s_,Vase,new,,[np.float64(-0.0025)],[np.float64(-0.3175)],[1],[0],[0],[0.10936989996116608],['text_3'],,,,,17,2,342,17,1480.7353056001011,,,,,,,,1480.7109941000817,1480.7353056001011,1480.7353056001011,1480.7353056001011,0.005126800038851798,1480.8230264000595,,[np.float64(-0.0025)],[np.float64(-0.3175)],[1],[0],[0],[0.10936989996116608],['text_3'],Participant 03,001,2025-10-16_19h53.57.660,Word Priming Experiment,,2025.1.1,119.40654948965773,2025-10-16 19h54.28.617137 +0530,
,343,3,17,,,_a_bl_,Marble,old,table,[np.float64(-0.0025)],[np.float64(-0.3175)],[1],[0],[0],[2.75831379997544],['text_3'],,,,,17,3,343,11,1480.8522137000691,,,,,,,,1480.8284217000473,1480.8522137000691,1480.8522137000691,1480.8522137000691,0.005161899956874549,1483.5899678000715,table,[np.float64(-0.0025)],[np.float64(-0.3175)],[1],[0],[0],[2.75831379997544],['text_3'],Participant 03,001,2025-10-16_19h53.57.660,Word Priming Experiment,,2025.1.1,119.40654948965773,2025-10-16 19h54.28.617137 +0530,
,344,4,17,,,_ho_e,Phone,old,shoes,[np.float64(-0.0025)],[np.float64(-0.3175)],[1],[0],[0],[2.7258738999953493],['text_3'],,,,,17,4,344,12,1483.6185093000531,,,,,,,,1483.5956735000946,1483.6185093000531,1483.6185093000531,1483.6185093000531,0.00540200003888458,1486.3239727000473,shoes,[np.float64(-0.0025)],[np.float64(-0.3175)],[1],[0],[0],[2.7258738999953493],['text_3'],Participant 03,001,2025-10-16_19h53.57.660,Word Priming Experiment,,2025.1.1,119.40654948965773,2025-10-16 19h54.28.617137 +0530,
,345,5,17,,,_o_rd,Board,old,,[np.float64(-0.0025)],[np.float64(-0.3175)],[1],[0],[0],[0.14498500002082437],['text_3'],,,,,17,5,345,10,1486.3358265000861,,,,,,,,1486.3265555000398,1486.3358265000861,1486.3358265000861,1486.3358265000861,0.0024299999931827188,1486.4752124000806,,[np.float64(-0.0025)],[np.float64(-0.3175)],[1],[0],[0],[0.14498500002082437],['text_3'],Participant 03,001,2025-10-16_19h53.57.660,Word Priming Experiment,,2025.1.1,119.40654948965773,2025-10-16 19h54.28.617137 +0530,
,346,6,17,,,K_y_,Keys,old,,[np.float64(-0.0025)],[np.float64(-0.3175)],[1],[0],[0],[0.12617529998533428],['text_3'],,,,,17,6,346,8,1486.5017519000685,,,,,,,,1486.4798429000657,1486.5017519000685,1486.5017519000685,1486.5017519000685,0.004335599951446056,1486.6101723000174,,[np.float64(-0.0025)],[np.float64(-0.3175)],[1],[0],[0],[0.12617529998533428],['text_3'],Participant 03,001,2025-10-16_19h53.57.660,Word Priming Experiment,,2025.1.1,119.40654948965773,2025-10-16 19h54.28.617137 +0530,
,347,7,17,,,_ou_se,mouse,old,,[np.float64(-0.0025)],[np.float64(-0.3175)],[1],[0],[0],[0.12007140007335693],['text_3'],,,,,17,7,347,3,1486.6356261000037,,,,,,,,1486.6160390001023,1486.6356261000037,1486.6356261000037,1486.6356261000037,0.005635800072923303,1486.7379237000132,,[np.float64(-0.0025)],[np.float64(-0.3175)],[1],[0],[0],[0.12007140007335693],['text_3'],Participant 03,001,2025-10-16_19h53.57.660,Word Priming Experiment,,2025.1.1,119.40654948965773,2025-10-16 19h54.28.617137 +0530,
,348,8,17,,,T_hi_t,Tshirt,old,tshirt,[np.float64(-0.0025)],[np.float64(-0.3175)],[1],[0],[0],[3.2455958999926224],['text_3'],,,,,17,8,348,2,1486.7526201000437,,,,,,,,1486.7401115000248,1486.7526201000437,1486.7526201000437,1486.7526201000437,0.0020798000041395426,1489.9870392000303,tshirt,[np.float64(-0.0025)],[np.float64(-0.3175)],[1],[0],[0],[3.2455958999926224],['text_3'],Participant 03,001,2025-10-16_19h53.57.660,Word Priming Experiment,,2025.1.1,119.40654948965773,2025-10-16 19h54.28.617137 +0530,
,349,9,17,,,l_pt_p,Laptop,old,laptop,[np.float64(-0.0025)],[np.float64(-0.3175)],[1],[0],[0],[3.565615199971944],['text_3'],,,,,17,9,349,0,1490.0023390999995,,,,,,,,1489.9890657000942,1490.0023390999995,1490.0023390999995,1490.0023390999995,0.0019117000047117472,1493.5590814000461,laptop,[np.float64(-0.0025)],[np.float64(-0.3175)],[1],[0],[0],[3.565615199971944],['text_3'],Participant 03,001,2025-10-16_19h53.57.660,Word Priming Experiment,,2025.1.1,119.40654948965773,2025-10-16 19h54.28.617137 +0530,
,350,10,17,,,c_s_io_,Cushion,new,cushion,[np.float64(-0.0025)],[np.float64(-0.3175)],[1],[0],[0],[3.6854591000592336],['text_3'],,,,,17,10,350,14,1493.5850541000254,,,,,,,,1493.565466800006,1493.5850541000254,1493.5850541000254,1493.5850541000254,0.006107299937866628,1497.256638700026,cushion,[np.float64(-0.0025)],[np.float64(-0.3175)],[1],[0],[0],[3.6854591000592336],['text_3'],Participant 03,001,2025-10-16_19h53.57.660,Word Priming Experiment,,2025.1.1,119.40654948965773,2025-10-16 19h54.28.617137 +0530,
,351,11,17,,,P_as_tr_,Pastry,old,pastries,[np.float64(-0.0025)],[np.float64(-0.3175)],[1],[0],[0],[10.493514800095],['text_3'],,,,,17,11,351,4,1497.2849907000782,,,,,,,,1497.2598776000086,1497.2849907000782,1497.2849907000782,1497.2849907000782,0.0031037000007927418,1507.7553314000834,pastries,[np.float64(-0.0025)],[np.float64(-0.3175)],[1],[0],[0],[10.493514800095],['text_3'],Participant 03,001,2025-10-16_19h53.57.660,Word Priming Experiment,,2025.1.1,119.40654948965773,2025-10-16 19h54.28.617137 +0530,
,352,12,17,,,c_m_ra,Camera,new,camera,[np.float64(-0.0025)],[np.float64(-0.3175)],[1],[0],[0],[3.69460250006523],['text_3'],,,,,17,12,352,19,1507.7848564001033,,,,,,,,1507.759264200111,1507.7848564001033,1507.7848564001033,1507.7848564001033,0.00377660000231117,1511.4561608000658,camera,[np.float64(-0.0025)],[np.float64(-0.3175)],[1],[0],[0],[3.69460250006523],['text_3'],Participant 03,001,2025-10-16_19h53.57.660,Word Priming Experiment,,2025.1.1,119.40654948965773,2025-10-16 19h54.28.617137 +0530,
,353,13,17,,,P_li_e,Police,old,police,[np.float64(-0.0025)],[np.float64(-0.3175)],[1],[0],[0],[3.060474699945189],['text_3'],,,,,17,13,353,7,1511.4847881000023,,,,,,,,1511.4607227001106,1511.4847881000023,1511.4847881000023,1511.4847881000023,0.004373400006443262,1514.5234712000238,police,[np.float64(-0.0025)],[np.float64(-0.3175)],[1],[0],[0],[3.060474699945189],['text_3'],Participant 03,001,2025-10-16_19h53.57.660,Word Priming Experiment,,2025.1.1,119.40654948965773,2025-10-16 19h54.28.617137 +0530,
,354,14,17,,,_oo_,Book,old,book,[np.float64(-0.0025)],[np.float64(-0.3175)],[1],[0],[0],[2.894622099935077],['text_3'],,,,,17,14,354,13,1514.5515691000037,,,,,,,,1514.5264008000959,1514.5515691000037,1514.5515691000037,1514.5515691000037,0.0027808001032099128,1517.4228072999977,book,[np.float64(-0.0025)],[np.float64(-0.3175)],[1],[0],[0],[2.894622099935077],['text_3'],Participant 03,001,2025-10-16_19h53.57.660,Word Priming Experiment,,2025.1.1,119.40654948965773,2025-10-16 19h54.28.617137 +0530,
,355,15,17,,,bo_t_e,Bottle,new,bottle,[np.float64(-0.0025)],[np.float64(-0.3175)],[1],[0],[0],[2.9964504999807104],['text_3'],,,,,17,15,355,18,1517.4357862001052,,,,,,,,1517.4254991000053,1517.4357862001052,1517.4357862001052,1517.4357862001052,0.0025616000639274716,1520.4239191000815,bottle,[np.float64(-0.0025)],[np.float64(-0.3175)],[1],[0],[0],[2.9964504999807104],['text_3'],Participant 03,001,2025-10-16_19h53.57.660,Word Priming Experiment,,2025.1.1,119.40654948965773,2025-10-16 19h54.28.617137 +0530,
,356,16,17,,,P_st_r,Poster,old,pastry,[np.float64(-0.0025)],[np.float64(-0.3175)],[1],[0],[0],[3.809632100048475],['text_3'],,,,,17,16,356,9,1520.4514875001041,,,,,,,,1520.42704650003,1520.4514875001041,1520.4514875001041,1520.4514875001041,0.002980399993248284,1524.2393094000872,pastry,[np.float64(-0.0025)],[np.float64(-0.3175)],[1],[0],[0],[3.809632100048475],['text_3'],Participant 03,001,2025-10-16_19h53.57.660,Word Priming Experiment,,2025.1.1,119.40654948965773,2025-10-16 19h54.28.617137 +0530,
,357,17,17,,,_ha_t,Chart,old,chart,[np.float64(-0.0025)],[np.float64(-0.3175)],[1],[0],[0],[3.427486800006591],['text_3'],,,,,17,17,357,1,1524.2679558000527,,,,,,,,1524.243915500003,1524.2679558000527,1524.2679558000527,1524.2679558000527,0.004350300063379109,1527.6748463000404,chart,[np.float64(-0.0025)],[np.float64(-0.3175)],[1],[0],[0],[3.427486800006591],['text_3'],Participant 03,001,2025-10-16_19h53.57.660,Word Priming Experiment,,2025.1.1,119.40654948965773,2025-10-16 19h54.28.617137 +0530,
,358,18,17,,,ta_l_,Table,new,table,[np.float64(-0.0025)],[np.float64(-0.3175)],[1],[0],[0],[2.7744450999889523],['text_3'],,,,,17,18,358,15,1527.702197500039,,,,,,,,1527.6793697000248,1527.702197500039,1527.702197500039,1527.702197500039,0.004314900026656687,1530.4561377000064,table,[np.float64(-0.0025)],[np.float64(-0.3175)],[1],[0],[0],[2.7744450999889523],['text_3'],Participant 03,001,2025-10-16_19h53.57.660,Word Priming Experiment,,2025.1.1,119.40654948965773,2025-10-16 19h54.28.617137 +0530,
,359,19,17,,,c_s_,Case,old,case,[np.float64(-0.0025)],[np.float64(-0.3175)],[1],[0],[0],[3.4952991000609472],['text_3'],,,,,17,19,359,5,1530.4847325000446,,,,,,,,1530.4596093000146,1530.4847325000446,1530.4847325000446,1530.4847325000446,0.0032869999995455146,1533.9588913000189,case,[np.float64(-0.0025)],[np.float64(-0.3175)],[1],[0],[0],[3.4952991000609472],['text_3'],Participant 03,001,2025-10-16_19h53.57.660,Word Priming Experiment,,2025.1.1,119.40654948965773,2025-10-16 19h54.28.617137 +0530,
,360,0,18,,,ta_l_,Table,new,table,[np.float64(-0.0025)],[np.float64(-0.3175)],[1],[0],[0],[2.5367587000364438],['text_3'],,,,,18,0,360,15,1533.9846995000262,,,,,,,,1533.9678560000611,1533.9846995000262,1533.9846995000262,1533.9846995000262,0.008651799988001585,1536.507075700094,table,[np.float64(-0.0025)],[np.float64(-0.3175)],[1],[0],[0],[2.5367587000364438],['text_3'],Participant 03,001,2025-10-16_19h53.57.660,Word Priming Experiment,,2025.1.1,119.40654948965773,2025-10-16 19h54.28.617137 +0530,
,361,1,18,,,c_s_io_,Cushion,new,cushion,[np.float64(-0.0025)],[np.float64(-0.3175)],[1],[0],[0],[2.876832199981436],['text_3'],,,,,18,1,361,14,1536.5342377000488,,,,,,,,1536.5096391000552,1536.5342377000488,1536.5342377000488,1536.5342377000488,0.0024480000138282776,1539.3895817000885,cushion,[np.float64(-0.0025)],[np.float64(-0.3175)],[1],[0],[0],[2.876832199981436],['text_3'],Participant 03,001,2025-10-16_19h53.57.660,Word Priming Experiment,,2025.1.1,119.40654948965773,2025-10-16 19h54.28.617137 +0530,
,362,2,18,,,T_hi_t,Tshirt,old,tshirt,[np.float64(-0.0025)],[np.float64(-0.3175)],[1],[0],[0],[4.275526799960062],['text_3'],,,,,18,2,362,2,1539.4187132000225,,,,,,,,1539.3948174000252,1539.4187132000225,1539.4187132000225,1539.4187132000225,0.004998100106604397,1543.6746396000963,tshirt,[np.float64(-0.0025)],[np.float64(-0.3175)],[1],[0],[0],[4.275526799960062],['text_3'],Participant 03,001,2025-10-16_19h53.57.660,Word Priming Experiment,,2025.1.1,119.40654948965773,2025-10-16 19h54.28.617137 +0530,
,363,3,18,,,bo_t_e,Bottle,new,bottle,[np.float64(-0.0025)],[np.float64(-0.3175)],[1],[0],[0],[4.022614700021222],['text_3'],,,,,18,3,363,18,1543.7021591000957,,,,,,,,1543.681505100103,1543.7021591000957,1543.7021591000957,1543.7021591000957,0.006609699921682477,1547.7080717000645,bottle,[np.float64(-0.0025)],[np.float64(-0.3175)],[1],[0],[0],[4.022614700021222],['text_3'],Participant 03,001,2025-10-16_19h53.57.660,Word Priming Experiment,,2025.1.1,119.40654948965773,2025-10-16 19h54.28.617137 +0530,
,364,4,18,,,_ru_is_,Cruise,old,cruise,[np.float64(-0.0025)],[np.float64(-0.3175)],[1],[0],[0],[2.843227499979548],['text_3'],,,,,18,4,364,6,1547.7348748000804,,,,,,,,1547.7106702000601,1547.7348748000804,1547.7348748000804,1547.7348748000804,0.0024744999827817082,1550.5562195000239,cruise,[np.float64(-0.0025)],[np.float64(-0.3175)],[1],[0],[0],[2.843227499979548],['text_3'],Participant 03,001,2025-10-16_19h53.57.660,Word Priming Experiment,,2025.1.1,119.40654948965773,2025-10-16 19h54.28.617137 +0530,
,365,5,18,,,_o_rd,Board,old,chord,[np.float64(-0.0025)],[np.float64(-0.3175)],[1],[0],[0],[8.662392899976112],['text_3'],,,,,18,5,365,10,1550.5684525000397,,,,,,,,1550.5587818000931,1550.5684525000397,1550.5684525000397,1550.5684525000397,0.002425700076855719,1559.222825200064,chord,[np.float64(-0.0025)],[np.float64(-0.3175)],[1],[0],[0],[8.662392899976112],['text_3'],Participant 03,001,2025-10-16_19h53.57.660,Word Priming Experiment,,2025.1.1,119.40654948965773,2025-10-16 19h54.28.617137 +0530,
,366,6,18,,,K_y_,Keys,old,keys,[np.float64(-0.0025)],[np.float64(-0.3175)],[1],[0],[0],[2.076957399956882],['text_3'],,,,,18,6,366,8,1559.2510539001087,,,,,,,,1559.225920900004,1559.2510539001087,1559.2510539001087,1559.2510539001087,0.0029491999885067344,1561.3048231001012,keys,[np.float64(-0.0025)],[np.float64(-0.3175)],[1],[0],[0],[2.076957399956882],['text_3'],Participant 03,001,2025-10-16_19h53.57.660,Word Priming Experiment,,2025.1.1,119.40654948965773,2025-10-16 19h54.28.617137 +0530,
,367,7,18,,,c_s_,Case,old,case,[np.float64(-0.0025)],[np.float64(-0.3175)],[1],[0],[0],[2.6292516000103205],['text_3'],,,,,18,7,367,5,1561.3192459000275,,,,,,,,1561.3077660000417,1561.3192459000275,1561.3192459000275,1561.3192459000275,0.002793300081975758,1563.9444813000737,case,[np.float64(-0.0025)],[np.float64(-0.3175)],[1],[0],[0],[2.6292516000103205],['text_3'],Participant 03,001,2025-10-16_19h53.57.660,Word Priming Experiment,,2025.1.1,119.40654948965773,2025-10-16 19h54.28.617137 +0530,
,368,8,18,,,_oo_,Book,old,book,[np.float64(-0.0025)],[np.float64(-0.3175)],[1],[0],[0],[3.083278700010851],['text_3'],,,,,18,8,368,13,1563.9675492000533,,,,,,,,1563.952713000006,1563.9675492000533,1563.9675492000533,1563.9675492000533,0.007941999938338995,1567.0387752000242,book,[np.float64(-0.0025)],[np.float64(-0.3175)],[1],[0],[0],[3.083278700010851],['text_3'],Participant 03,001,2025-10-16_19h53.57.660,Word Priming Experiment,,2025.1.1,119.40654948965773,2025-10-16 19h54.28.617137 +0530,
,369,9,18,,,_ou_se,mouse,old,mosues,[np.float64(-0.0025)],[np.float64(-0.3175)],[1],[0],[0],[2.91025419998914],['text_3'],,,,,18,9,369,3,1567.067524000071,,,,,,,,1567.0443224000046,1567.067524000071,1567.067524000071,1567.067524000071,0.005297499941661954,1569.95802920009,mosues,[np.float64(-0.0025)],[np.float64(-0.3175)],[1],[0],[0],[2.91025419998914],['text_3'],Participant 03,001,2025-10-16_19h53.57.660,Word Priming Experiment,,2025.1.1,119.40654948965773,2025-10-16 19h54.28.617137 +0530,
,370,10,18,,,v_s_,Vase,new,vase,[np.float64(-0.0025)],[np.float64(-0.3175)],[1],[0],[0],[2.3239682000130415],['text_3'],,,,,18,10,370,17,1569.9842190000927,,,,,,,,1569.9620963000925,1569.9842190000927,1569.9842190000927,1569.9842190000927,0.0038158000679686666,1572.2883924000198,vase,[np.float64(-0.0025)],[np.float64(-0.3175)],[1],[0],[0],[2.3239682000130415],['text_3'],Participant 03,001,2025-10-16_19h53.57.660,Word Priming Experiment,,2025.1.1,119.40654948965773,2025-10-16 19h54.28.617137 +0530,
,371,11,18,,,_ho_e,Phone,old,shoes,[np.float64(-0.0025)],[np.float64(-0.3175)],[1],[0],[0],[3.1279164999723434],['text_3'],,,,,18,11,371,12,1572.317315200111,,,,,,,,1572.2915838001063,1572.317315200111,1572.317315200111,1572.317315200111,0.003037799964658916,1575.4213112000143,shoes,[np.float64(-0.0025)],[np.float64(-0.3175)],[1],[0],[0],[3.1279164999723434],['text_3'],Participant 03,001,2025-10-16_19h53.57.660,Word Priming Experiment,,2025.1.1,119.40654948965773,2025-10-16 19h54.28.617137 +0530,
,372,12,18,,,P_as_tr_,Pastry,old,pastries,[np.float64(-0.0025)],[np.float64(-0.3175)],[1],[0],[0],[3.9638149000238627],['text_3'],,,,,18,12,372,4,1575.4347796000075,,,,,,,,1575.4238944000099,1575.4347796000075,1575.4347796000075,1575.4347796000075,0.002466999925673008,1579.390024100081,pastries,[np.float64(-0.0025)],[np.float64(-0.3175)],[1],[0],[0],[3.9638149000238627],['text_3'],Participant 03,001,2025-10-16_19h53.57.660,Word Priming Experiment,,2025.1.1,119.40654948965773,2025-10-16 19h54.28.617137 +0530,
,373,13,18,,,_a_bl_,Marble,old,table,[np.float64(-0.0025)],[np.float64(-0.3175)],[1],[0],[0],[7.510934599908069],['text_3'],,,,,18,13,373,11,1579.4179669000441,,,,,,,,1579.3932014000602,1579.4179669000441,1579.4179669000441,1579.4179669000441,0.0030196000589057803,1586.9085732001113,table,[np.float64(-0.0025)],[np.float64(-0.3175)],[1],[0],[0],[7.510934599908069],['text_3'],Participant 03,001,2025-10-16_19h53.57.660,Word Priming Experiment,,2025.1.1,119.40654948965773,2025-10-16 19h54.28.617137 +0530,
,374,14,18,,,p_nc_l,Pencil,new,pencil,[np.float64(-0.0025)],[np.float64(-0.3175)],[1],[0],[0],[3.602613199967891],['text_3'],,,,,18,14,374,16,1586.9339228000026,,,,,,,,1586.917054700083,1586.9339228000026,1586.9339228000026,1586.9339228000026,0.008185899932868779,1590.5228258999996,pencil,[np.float64(-0.0025)],[np.float64(-0.3175)],[1],[0],[0],[3.602613199967891],['text_3'],Participant 03,001,2025-10-16_19h53.57.660,Word Priming Experiment,,2025.1.1,119.40654948965773,2025-10-16 19h54.28.617137 +0530,
,375,15,18,,,l_pt_p,Laptop,old,laptop,[np.float64(-0.0025)],[np.float64(-0.3175)],[1],[0],[0],[7.375260900007561],['text_3'],,,,,18,15,375,0,1590.5505326000275,,,,,,,,1590.5279506000225,1590.5505326000275,1590.5505326000275,1590.5505326000275,0.004882099921815097,1597.9072175000329,laptop,[np.float64(-0.0025)],[np.float64(-0.3175)],[1],[0],[0],[7.375260900007561],['text_3'],Participant 03,001,2025-10-16_19h53.57.660,Word Priming Experiment,,2025.1.1,119.40654948965773,2025-10-16 19h54.28.617137 +0530,
,376,16,18,,,_ha_t,Chart,old,chart,[np.float64(-0.0025)],[np.float64(-0.3175)],[1],[0],[0],[5.256670700036921],['text_3'],,,,,18,16,376,1,1597.9339096000185,,,,,,,,1597.913221900002,1597.9339096000185,1597.9339096000185,1597.9339096000185,0.005756800062954426,1603.1726990001043,chart,[np.float64(-0.0025)],[np.float64(-0.3175)],[1],[0],[0],[5.256670700036921],['text_3'],Participant 03,001,2025-10-16_19h53.57.660,Word Priming Experiment,,2025.1.1,119.40654948965773,2025-10-16 19h54.28.617137 +0530,
,377,17,18,,,P_st_r,Poster,old,pastry,[np.float64(-0.0025)],[np.float64(-0.3175)],[1],[0],[0],[3.4750493000028655],['text_3'],,,,,18,17,377,9,1603.2006281000795,,,,,,,,1603.1780138000613,1603.2006281000795,1603.2006281000795,1603.2006281000795,0.005046700011007488,1606.6553972000256,pastry,[np.float64(-0.0025)],[np.float64(-0.3175)],[1],[0],[0],[3.4750493000028655],['text_3'],Participant 03,001,2025-10-16_19h53.57.660,Word Priming Experiment,,2025.1.1,119.40654948965773,2025-10-16 19h54.28.617137 +0530,
,378,18,18,,,P_li_e,Police,old,police,[np.float64(-0.0025)],[np.float64(-0.3175)],[1],[0],[0],[2.7772199000464752],['text_3'],,,,,18,18,378,7,1606.6839320000727,,,,,,,,1606.659031999996,1606.6839320000727,1606.6839320000727,1606.6839320000727,0.003470800002105534,1609.4388398000738,police,[np.float64(-0.0025)],[np.float64(-0.3175)],[1],[0],[0],[2.7772199000464752],['text_3'],Participant 03,001,2025-10-16_19h53.57.660,Word Priming Experiment,,2025.1.1,119.40654948965773,2025-10-16 19h54.28.617137 +0530,
,379,19,18,,,c_m_ra,Camera,new,camera,[np.float64(-0.0025)],[np.float64(-0.3175)],[1],[0],[0],[4.625273099984042],['text_3'],,,,,18,19,379,19,1609.466981900041,,,,,,,,1609.4440722001018,1609.466981900041,1609.466981900041,1609.466981900041,0.00501830002758652,1614.071483500069,camera,[np.float64(-0.0025)],[np.float64(-0.3175)],[1],[0],[0],[4.625273099984042],['text_3'],Participant 03,001,2025-10-16_19h53.57.660,Word Priming Experiment,,2025.1.1,119.40654948965773,2025-10-16 19h54.28.617137 +0530,
,380,0,19,,,ta_l_,Table,new,table,[np.float64(-0.0025)],[np.float64(-0.3175)],[1],[0],[0],[2.8452041000127792],['text_3'],,,,,19,0,380,15,1614.085107400082,,,,,,,,1614.0742810000665,1614.085107400082,1614.085107400082,1614.085107400082,0.0026488000294193625,1616.9221365000121,table,[np.float64(-0.0025)],[np.float64(-0.3175)],[1],[0],[0],[2.8452041000127792],['text_3'],Participant 03,001,2025-10-16_19h53.57.660,Word Priming Experiment,,2025.1.1,119.40654948965773,2025-10-16 19h54.28.617137 +0530,
,381,1,19,,,_ha_t,Chart,old,chart,[np.float64(-0.0025)],[np.float64(-0.3175)],[1],[0],[0],[2.9603144000284374],['text_3'],,,,,19,1,381,1,1616.9506686000386,,,,,,,,1616.9255895999959,1616.9506686000386,1616.9506686000386,1616.9506686000386,0.0032504000701010227,1619.8882394999964,chart,[np.float64(-0.0025)],[np.float64(-0.3175)],[1],[0],[0],[2.9603144000284374],['text_3'],Participant 03,001,2025-10-16_19h53.57.660,Word Priming Experiment,,2025.1.1,119.40654948965773,2025-10-16 19h54.28.617137 +0530,
,382,2,19,,,l_pt_p,Laptop,old,lAPTOP,[np.float64(-0.0025)],[np.float64(-0.3175)],[1],[0],[0],[4.646918699960224],['text_3'],,,,,19,2,382,0,1619.9167133000446,,,,,,,,1619.891242200043,1619.9167133000446,1619.9167133000446,1619.9167133000446,0.002836500061675906,1624.5420355000533,lAPTOP,[np.float64(-0.0025)],[np.float64(-0.3175)],[1],[0],[0],[4.646918699960224],['text_3'],Participant 03,001,2025-10-16_19h53.57.660,Word Priming Experiment,,2025.1.1,119.40654948965773,2025-10-16 19h54.28.617137 +0530,
,383,3,19,,,c_s_io_,Cushion,new,,[np.float64(-0.0025)],[np.float64(-0.3175)],[1],[0],[0],[0.26919100002851337],['text_3'],,,,,19,3,383,14,1624.5672481000656,,,,,,,,1624.5489563000156,1624.5672481000656,1624.5672481000656,1624.5672481000656,0.0066368000116199255,1624.82094720006,,[np.float64(-0.0025)],[np.float64(-0.3175)],[1],[0],[0],[0.26919100002851337],['text_3'],Participant 03,001,2025-10-16_19h53.57.660,Word Priming Experiment,,2025.1.1,119.40654948965773,2025-10-16 19h54.28.617137 +0530,
,384,4,19,,,_a_bl_,Marble,old,table,[np.float64(-0.0025)],[np.float64(-0.3175)],[1],[0],[0],[3.195723499986343],['text_3'],,,,,19,4,384,11,1624.8504405000713,,,,,,,,1624.8242380000884,1624.8504405000713,1624.8504405000713,1624.8504405000713,0.003091100021265447,1628.0238833000185,table,[np.float64(-0.0025)],[np.float64(-0.3175)],[1],[0],[0],[3.195723499986343],['text_3'],Participant 03,001,2025-10-16_19h53.57.660,Word Priming Experiment,,2025.1.1,119.40654948965773,2025-10-16 19h54.28.617137 +0530,
,385,5,19,,,c_s_,Case,old,,[np.float64(-0.0025)],[np.float64(-0.3175)],[0],[0],[1],[0.4759016000898555],['text_3'],,,,,19,5,385,5,1628.050375400111,,,,,,,,1628.0283472000156,1628.050375400111,1628.050375400111,1628.050375400111,0.004124399973079562,1628.507639400079,,[np.float64(-0.0025)],[np.float64(-0.3175)],[0],[0],[1],[0.4759016000898555],['text_3'],Participant 03,001,2025-10-16_19h53.57.660,Word Priming Experiment,,2025.1.1,119.40654948965773,2025-10-16 19h54.28.617137 +0530,
,386,6,19,,,bo_t_e,Bottle,new,,[np.float64(-0.0025)],[np.float64(-0.3175)],[1],[0],[0],[0.490438099950552],['text_3'],,,,,19,6,386,18,1628.5336335001048,,,,,,,,1628.5132819000864,1628.5336335001048,1628.5336335001048,1628.5336335001048,0.005372299929149449,1629.006539800088,,[np.float64(-0.0025)],[np.float64(-0.3175)],[1],[0],[0],[0.490438099950552],['text_3'],Participant 03,001,2025-10-16_19h53.57.660,Word Priming Experiment,,2025.1.1,119.40654948965773,2025-10-16 19h54.28.617137 +0530,
,387,7,19,,,T_hi_t,Tshirt,old,,[np.float64(-0.0025)],[np.float64(-0.3175)],[1],[0],[0],[0.1255941999843344],['text_3'],,,,,19,7,387,2,1629.0338876000606,,,,,,,,1629.0116660000058,1629.0338876000606,1629.0338876000606,1629.0338876000606,0.0048949000192806125,1629.1393036000663,,[np.float64(-0.0025)],[np.float64(-0.3175)],[1],[0],[0],[0.1255941999843344],['text_3'],Participant 03,001,2025-10-16_19h53.57.660,Word Priming Experiment,,2025.1.1,119.40654948965773,2025-10-16 19h54.28.617137 +0530,
,388,8,19,,,c_m_ra,Camera,new,camera,[np.float64(-0.0025)],[np.float64(-0.3175)],[1],[0],[0],[3.9614342999411747],['text_3'],,,,,19,8,388,19,1629.1668334000278,,,,,,,,1629.1417961000698,1629.1668334000278,1629.1668334000278,1629.1668334000278,0.0023731000255793333,1633.1052853000583,camera,[np.float64(-0.0025)],[np.float64(-0.3175)],[1],[0],[0],[3.9614342999411747],['text_3'],Participant 03,001,2025-10-16_19h53.57.660,Word Priming Experiment,,2025.1.1,119.40654948965773,2025-10-16 19h54.28.617137 +0530,
,389,9,19,,,v_s_,Vase,new,vase,[np.float64(-0.0025)],[np.float64(-0.3175)],[1],[0],[0],[2.526622600038536],['text_3'],,,,,19,9,389,17,1633.133416500059,,,,,,,,1633.1096864000428,1633.133416500059,1633.133416500059,1633.133416500059,0.0042631999822333455,1635.6387411000906,vase,[np.float64(-0.0025)],[np.float64(-0.3175)],[1],[0],[0],[2.526622600038536],['text_3'],Participant 03,001,2025-10-16_19h53.57.660,Word Priming Experiment,,2025.1.1,119.40654948965773,2025-10-16 19h54.28.617137 +0530,
,390,10,19,,,P_as_tr_,Pastry,old,pastries,[np.float64(-0.0025)],[np.float64(-0.3175)],[1],[0],[0],[3.4442282000090927],['text_3'],,,,,19,10,390,4,1635.6668339000316,,,,,,,,1635.641667400021,1635.6668339000316,1635.6668339000316,1635.6668339000316,0.002783500007353723,1639.0877588000149,pastries,[np.float64(-0.0025)],[np.float64(-0.3175)],[1],[0],[0],[3.4442282000090927],['text_3'],Participant 03,001,2025-10-16_19h53.57.660,Word Priming Experiment,,2025.1.1,119.40654948965773,2025-10-16 19h54.28.617137 +0530,
,391,11,19,,,_o_rd,Board,old,chord,[np.float64(-0.0025)],[np.float64(-0.3175)],[1],[0],[0],[2.8272904999321327],['text_3'],,,,,19,11,391,10,1639.1168882000493,,,,,,,,1639.0914504000684,1639.1168882000493,1639.1168882000493,1639.1168882000493,0.0035351000260561705,1641.9210984000238,chord,[np.float64(-0.0025)],[np.float64(-0.3175)],[1],[0],[0],[2.8272904999321327],['text_3'],Participant 03,001,2025-10-16_19h53.57.660,Word Priming Experiment,,2025.1.1,119.40654948965773,2025-10-16 19h54.28.617137 +0530,
,392,12,19,,,P_st_r,Poster,old,pastry,[np.float64(-0.0025)],[np.float64(-0.3175)],[1],[0],[0],[6.69230570003856],['text_3'],,,,,19,12,392,9,1641.950331500033,,,,,,,,1641.9257917000214,1641.950331500033,1641.950331500033,1641.950331500033,0.00453690008725971,1648.6216078000143,pastry,[np.float64(-0.0025)],[np.float64(-0.3175)],[1],[0],[0],[6.69230570003856],['text_3'],Participant 03,001,2025-10-16_19h53.57.660,Word Priming Experiment,,2025.1.1,119.40654948965773,2025-10-16 19h54.28.617137 +0530,
,393,13,19,,,K_y_,Keys,old,keys,[np.float64(-0.0025)],[np.float64(-0.3175)],[1],[0],[0],[3.4122022000374272],['text_3'],,,,,19,13,393,8,1648.6501335001085,,,,,,,,1648.6250415000832,1648.6501335001085,1648.6501335001085,1648.6501335001085,0.0032357999589294195,1652.0417648000875,keys,[np.float64(-0.0025)],[np.float64(-0.3175)],[1],[0],[0],[3.4122022000374272],['text_3'],Participant 03,001,2025-10-16_19h53.57.660,Word Priming Experiment,,2025.1.1,119.40654948965773,2025-10-16 19h54.28.617137 +0530,
,394,14,19,,,P_li_e,Police,old,police,[np.float64(-0.0025)],[np.float64(-0.3175)],[1],[0],[0],[3.62197560002096],['text_3'],,,,,19,14,394,7,1652.0667536000255,,,,,,,,1652.047043700004,1652.0667536000255,1652.0667536000255,1652.0667536000255,0.005042099975980818,1655.6715140000451,police,[np.float64(-0.0025)],[np.float64(-0.3175)],[1],[0],[0],[3.62197560002096],['text_3'],Participant 03,001,2025-10-16_19h53.57.660,Word Priming Experiment,,2025.1.1,119.40654948965773,2025-10-16 19h54.28.617137 +0530,
,395,15,19,,,p_nc_l,Pencil,new,pencil,[np.float64(-0.0025)],[np.float64(-0.3175)],[1],[0],[0],[4.446193600073457],['text_3'],,,,,19,15,395,16,1655.7008280000882,,,,,,,,1655.6744676000671,1655.7008280000882,1655.7008280000882,1655.7008280000882,0.0028019000310450792,1660.1237009000033,pencil,[np.float64(-0.0025)],[np.float64(-0.3175)],[1],[0],[0],[4.446193600073457],['text_3'],Participant 03,001,2025-10-16_19h53.57.660,Word Priming Experiment,,2025.1.1,119.40654948965773,2025-10-16 19h54.28.617137 +0530,
,396,16,19,,,_ou_se,mouse,old,,[np.float64(-0.0025)],[np.float64(-0.3175)],[0],[0],[1],[0.0908854000736028],['text_3'],,,,,19,16,396,3,1660.149967800011,,,,,,,,1660.1282033000607,1660.149967800011,1660.149967800011,1660.149967800011,0.004294199985451996,1660.221089300001,,[np.float64(-0.0025)],[np.float64(-0.3175)],[0],[0],[1],[0.0908854000736028],['text_3'],Participant 03,001,2025-10-16_19h53.57.660,Word Priming Experiment,,2025.1.1,119.40654948965773,2025-10-16 19h54.28.617137 +0530,
,397,17,19,,,_oo_,Book,old,,[np.float64(-0.0025)],[np.float64(-0.3175)],[1],[0],[0],[0.12960780004505068],['text_3'],,,,,19,17,397,13,1660.2499614000553,,,,,,,,1660.2233245000243,1660.2499614000553,1660.2499614000553,1660.2499614000553,0.0021021999418735504,1660.3552060000366,,[np.float64(-0.0025)],[np.float64(-0.3175)],[1],[0],[0],[0.12960780004505068],['text_3'],Participant 03,001,2025-10-16_19h53.57.660,Word Priming Experiment,,2025.1.1,119.40654948965773,2025-10-16 19h54.28.617137 +0530,
,398,18,19,,,_ru_is_,Cruise,old,,[np.float64(-0.0025)],[np.float64(-0.3175)],[1],[0],[0],[0.1258871000027284],['text_3'],,,,,19,18,398,6,1660.3670188999968,,,,,,,,1660.35830610001,1660.3670188999968,1660.3670188999968,1660.3670188999968,0.002948900102637708,1660.486542400089,,[np.float64(-0.0025)],[np.float64(-0.3175)],[1],[0],[0],[0.1258871000027284],['text_3'],Participant 03,001,2025-10-16_19h53.57.660,Word Priming Experiment,,2025.1.1,119.40654948965773,2025-10-16 19h54.28.617137 +0530,
,399,19,19,,,_ho_e,Phone,old,,[np.float64(-0.0025)],[np.float64(-0.3175)],[1],[0],[0],[0.11204149993136525],['text_3'],,,,,19,19,399,12,1660.5163105000975,,,,,,,,1660.4897665000753,1660.5163105000975,1660.5163105000975,1660.5163105000975,0.003056199988350272,1660.603802800062,,[np.float64(-0.0025)],[np.float64(-0.3175)],[1],[0],[0],[0.11204149993136525],['text_3'],Participant 03,001,2025-10-16_19h53.57.660,Word Priming Experiment,,2025.1.1,119.40654948965773,2025-10-16 19h54.28.617137 +0530,
