23.1767 	INFO 	Loaded monitor calibration from ['2025_08_12 09:52']
23.3926 	INFO 	Using renderer 'Intel(R) Arc(TM) Graphics' for graphics
23.3926 	INFO 	OpenGL version supported by driver is 4..
23.4200 	EXP 	Created window1 = Window(allowGUI=True, allowStencil=False, autoLog=True, backendConf=UNKNOWN, backgroundFit=<method-wrapper '__getattribute__' of attributeSetter object at 0x000001B68CE8AA10>, backgroundImage=<method-wrapper '__getattribute__' of attributeSetter object at 0x000001B68CE8AA70>, bitsMode=UNKNOWN, blendMode='avg', bpc=(8, 8, 8), color=array([0, 0, 0]), colorSpace='rgb', depthBits=8, fullscr=False, gamma=None, gammaErrorPolicy='raise', infoMsg=UNKNOWN, lms=UNKNOWN, monitor=<psychopy.monitors.calibTools.Monitor object at 0x000001B68DF99F60>, multiSample=False, name='window1', numSamples=2, pos=[np.float64(640.0), np.float64(400.0)], screen=0, size=array([1280,  800]), stencilBits=0, stereo=False, title='PsychoPy', units='height', useFBO=True, useRetina=False, viewOri=0.0, viewPos=None, viewScale=None, waitBlanking=True, winType='pyglet')
23.4201 	EXP 	window1: backgroundImage = ''
23.4201 	EXP 	window1: backgroundFit = 'none'
23.8911 	EXP 	window1: Attempting to measure frame rate of screen (0) ...
23.8911 	EXP 	window1: recordFrameIntervals = False
24.0693 	EXP 	window1: recordFrameIntervals = True
24.3887 	WARNING 	t of last frame was 20.02ms (=1/49)
24.6039 	EXP 	Screen (0) actual frame rate measured at 59.07Hz
24.6040 	EXP 	window1: recordFrameIntervals = False
24.8861 	INFO 	keyboard.Keyboard is using ptb backend.
24.8862 	INFO 	keyboard.Keyboard is using ptb backend.
24.8863 	EXP 	Motor Sequence Learning Bhumika Bajaj AU2320057: status = STARTED
24.8894 	EXP 	Created fixation = ShapeStim(__class__=<class 'psychopy.visual.shape.ShapeStim'>, anchor=('center', 'center'), autoDraw=False, autoLog=True, closeShape=True, color=method-wrapper(...), colorSpace='rgb', contrast=None, depth=0.0, draggable=False, fillColor=array([1, 1, 1]), fillColorSpace='rgb', fillRGB=array([1, 1, 1]), interpolate=True, lineColor=array([1., 1., 1.]), lineColorSpace='rgb', lineRGB=array([1, 1, 1]), lineWidth=1.0, name='fixation', opacity=1, ori=0.0, pos=array([0., 0.]), size=array([10., 10.]), units='pix', vertices=ndarray(...), win=Window(...), windingRule=None)
24.8909 	EXP 	Created line1 = Rect(__class__=<class 'psychopy.visual.rect.Rect'>, anchor=('center', 'center'), autoDraw=False, autoLog=True, closeShape=True, color=method-wrapper(...), colorSpace='rgb', contrast=None, depth=-1.0, draggable=False, fillColor=array([1, 1, 1]), fillColorSpace='rgb', fillRGB=array([1, 1, 1]), interpolate=True, lineColor=array([1., 1., 1.]), lineColorSpace='rgb', lineRGB=array([1, 1, 1]), lineWidth=1.0, name='line1', opacity=1, ori=90.0, pos=array([-150.,    0.]), size=array([100.,  10.]), units='pix', vertices=ndarray(...), win=Window(...))
24.8922 	EXP 	Created line2 = Rect(__class__=<class 'psychopy.visual.rect.Rect'>, anchor=('center', 'center'), autoDraw=False, autoLog=True, closeShape=True, color=method-wrapper(...), colorSpace='rgb', contrast=None, depth=-2.0, draggable=False, fillColor=array([1, 1, 1]), fillColorSpace='rgb', fillRGB=array([1, 1, 1]), interpolate=True, lineColor=array([1., 1., 1.]), lineColorSpace='rgb', lineRGB=array([1, 1, 1]), lineWidth=1.0, name='line2', opacity=1, ori=90.0, pos=array([-50.,   0.]), size=array([100.,  10.]), units='pix', vertices=ndarray(...), win=Window(...))
24.8934 	EXP 	Created line3 = Rect(__class__=<class 'psychopy.visual.rect.Rect'>, anchor=('center', 'center'), autoDraw=False, autoLog=True, closeShape=True, color=method-wrapper(...), colorSpace='rgb', contrast=None, depth=-3.0, draggable=False, fillColor=array([1, 1, 1]), fillColorSpace='rgb', fillRGB=array([1, 1, 1]), interpolate=True, lineColor=array([1., 1., 1.]), lineColorSpace='rgb', lineRGB=array([1, 1, 1]), lineWidth=1.0, name='line3', opacity=1, ori=90.0, pos=array([50.,  0.]), size=array([100.,  10.]), units='pix', vertices=ndarray(...), win=Window(...))
24.8946 	EXP 	Created line4 = Rect(__class__=<class 'psychopy.visual.rect.Rect'>, anchor=('center', 'center'), autoDraw=False, autoLog=True, closeShape=True, color=method-wrapper(...), colorSpace='rgb', contrast=None, depth=-4.0, draggable=False, fillColor=array([1, 1, 1]), fillColorSpace='rgb', fillRGB=array([1, 1, 1]), interpolate=True, lineColor=array([1., 1., 1.]), lineColorSpace='rgb', lineRGB=array([1, 1, 1]), lineWidth=1.0, name='line4', opacity=1, ori=90.0, pos=array([150.,   0.]), size=array([100.,  10.]), units='pix', vertices=ndarray(...), win=Window(...))
24.8961 	EXP 	Created probe = ShapeStim(__class__=<class 'psychopy.visual.shape.ShapeStim'>, anchor=('center', 'center'), autoDraw=False, autoLog=True, closeShape=True, color=method-wrapper(...), colorSpace='rgb', contrast=None, depth=-5.0, draggable=False, fillColor=array([1, 1, 1]), fillColorSpace='rgb', fillRGB=array([1, 1, 1]), interpolate=True, lineColor=array([1., 1., 1.]), lineColorSpace='rgb', lineRGB=array([1, 1, 1]), lineWidth=1.0, name='probe', opacity=1, ori=0.0, pos=array([0., 0.]), size=array([10., 10.]), units='pix', vertices=ndarray(...), win=Window(...), windingRule=None)
24.8987 	EXP 	Created fixation = ShapeStim(__class__=<class 'psychopy.visual.shape.ShapeStim'>, anchor=('center', 'center'), autoDraw=False, autoLog=True, closeShape=True, color=method-wrapper(...), colorSpace='rgb', contrast=None, depth=0.0, draggable=False, fillColor=array([1, 1, 1]), fillColorSpace='rgb', fillRGB=array([1, 1, 1]), interpolate=True, lineColor=array([1., 1., 1.]), lineColorSpace='rgb', lineRGB=array([1, 1, 1]), lineWidth=1.0, name='fixation', opacity=1, ori=0.0, pos=array([0., 0.]), size=array([10., 10.]), units='pix', vertices=ndarray(...), win=Window(...), windingRule=None)
24.9008 	EXP 	Created line1 = Rect(__class__=<class 'psychopy.visual.rect.Rect'>, anchor=('center', 'center'), autoDraw=False, autoLog=True, closeShape=True, color=method-wrapper(...), colorSpace='rgb', contrast=None, depth=-1.0, draggable=False, fillColor=array([1, 1, 1]), fillColorSpace='rgb', fillRGB=array([1, 1, 1]), interpolate=True, lineColor=array([1., 1., 1.]), lineColorSpace='rgb', lineRGB=array([1, 1, 1]), lineWidth=1.0, name='line1', opacity=1, ori=90.0, pos=array([-150.,    0.]), size=array([100.,  10.]), units='pix', vertices=ndarray(...), win=Window(...))
24.9024 	EXP 	Created line2 = Rect(__class__=<class 'psychopy.visual.rect.Rect'>, anchor=('center', 'center'), autoDraw=False, autoLog=True, closeShape=True, color=method-wrapper(...), colorSpace='rgb', contrast=None, depth=-2.0, draggable=False, fillColor=array([1, 1, 1]), fillColorSpace='rgb', fillRGB=array([1, 1, 1]), interpolate=True, lineColor=array([1., 1., 1.]), lineColorSpace='rgb', lineRGB=array([1, 1, 1]), lineWidth=1.0, name='line2', opacity=1, ori=90.0, pos=array([-50.,   0.]), size=array([100.,  10.]), units='pix', vertices=ndarray(...), win=Window(...))
24.9039 	EXP 	Created line3 = Rect(__class__=<class 'psychopy.visual.rect.Rect'>, anchor=('center', 'center'), autoDraw=False, autoLog=True, closeShape=True, color=method-wrapper(...), colorSpace='rgb', contrast=None, depth=-3.0, draggable=False, fillColor=array([1, 1, 1]), fillColorSpace='rgb', fillRGB=array([1, 1, 1]), interpolate=True, lineColor=array([1., 1., 1.]), lineColorSpace='rgb', lineRGB=array([1, 1, 1]), lineWidth=1.0, name='line3', opacity=1, ori=90.0, pos=array([50.,  0.]), size=array([100.,  10.]), units='pix', vertices=ndarray(...), win=Window(...))
24.9054 	EXP 	Created line4 = Rect(__class__=<class 'psychopy.visual.rect.Rect'>, anchor=('center', 'center'), autoDraw=False, autoLog=True, closeShape=True, color=method-wrapper(...), colorSpace='rgb', contrast=None, depth=-4.0, draggable=False, fillColor=array([1, 1, 1]), fillColorSpace='rgb', fillRGB=array([1, 1, 1]), interpolate=True, lineColor=array([1., 1., 1.]), lineColorSpace='rgb', lineRGB=array([1, 1, 1]), lineWidth=1.0, name='line4', opacity=1, ori=90.0, pos=array([150.,   0.]), size=array([100.,  10.]), units='pix', vertices=ndarray(...), win=Window(...))
24.9074 	EXP 	Created probe = ShapeStim(__class__=<class 'psychopy.visual.shape.ShapeStim'>, anchor=('center', 'center'), autoDraw=False, autoLog=True, closeShape=True, color=method-wrapper(...), colorSpace='rgb', contrast=None, depth=-5.0, draggable=False, fillColor=array([1, 1, 1]), fillColorSpace='rgb', fillRGB=array([1, 1, 1]), interpolate=True, lineColor=array([1., 1., 1.]), lineColorSpace='rgb', lineRGB=array([1, 1, 1]), lineWidth=1.0, name='probe', opacity=1, ori=0.0, pos=array([0., 0.]), size=array([10., 10.]), units='pix', vertices=ndarray(...), win=Window(...), windingRule=None)
0.0172 	EXP 	Imported C:/Users/bhumika/OneDrive/Documents/sequence_con.csv.xlsx as conditions, 4 conditions, 2 params
0.0190 	EXP 	New trial (rep=0, index=0): <Trial 0 (0 in rep 0) data={'pos': -50, 'corr_resp': 'x', 'thisN': 0, 'thisTrialN': 0, 'thisRepN': 0}>
1.0116 	EXP 	fixation: autoDraw = True
1.0116 	EXP 	line1: autoDraw = True
1.0116 	EXP 	line2: autoDraw = True
1.0116 	EXP 	line3: autoDraw = True
1.0116 	EXP 	line4: autoDraw = True
2.0122 	INFO 	Keyboard events cleared
2.0120 	EXP 	fixation: autoDraw = False
2.0120 	EXP 	probe: autoDraw = True
2.2649 	DATA 	Keypress: z
2.2876 	EXP 	Device response: <KeyPress from None: t=2.2636737000029825, value=z, duration=None>
2.2881 	EXP 	New trial (rep=0, index=1): <Trial 1 (1 in rep 0) data={'pos': 150, 'corr_resp': 'v', 'thisN': 1, 'thisTrialN': 1, 'thisRepN': 0}>
2.2959 	EXP 	fixation: autoDraw = False
2.2959 	EXP 	line1: autoDraw = False
2.2959 	EXP 	line2: autoDraw = False
2.2959 	EXP 	line3: autoDraw = False
2.2959 	EXP 	line4: autoDraw = False
2.2959 	EXP 	probe: autoDraw = False
2.4468 	EXP 	Device response: <KeyPress from None: t=2.2636737000029825, value=z, duration=0.17295949999970617>
3.2960 	EXP 	fixation: autoDraw = True
3.2960 	EXP 	line1: autoDraw = True
3.2960 	EXP 	line2: autoDraw = True
3.2960 	EXP 	line3: autoDraw = True
3.2960 	EXP 	line4: autoDraw = True
4.2936 	INFO 	Keyboard events cleared
4.2935 	EXP 	probe: autoDraw = True
4.3114 	EXP 	fixation: autoDraw = False
4.8714 	DATA 	Mouse: Left button down, pos=(389,711)
5.0843 	DATA 	Mouse:  Left button up, pos=(389,711)
5.0970 	DATA 	Keypress: v
5.1112 	EXP 	Device response: <KeyPress from None: t=5.095401700000366, value=v, duration=None>
5.1115 	EXP 	New trial (rep=0, index=2): <Trial 2 (2 in rep 0) data={'pos': 50, 'corr_resp': 'c', 'thisN': 2, 'thisTrialN': 2, 'thisRepN': 0}>
5.1270 	EXP 	fixation: autoDraw = False
5.1270 	EXP 	line1: autoDraw = False
5.1270 	EXP 	line2: autoDraw = False
5.1270 	EXP 	line3: autoDraw = False
5.1270 	EXP 	line4: autoDraw = False
5.1270 	EXP 	probe: autoDraw = False
5.2296 	EXP 	Device response: <KeyPress from None: t=5.095401700000366, value=v, duration=0.11805079999976442>
6.1108 	EXP 	fixation: autoDraw = True
6.1108 	EXP 	line1: autoDraw = True
6.1108 	EXP 	line2: autoDraw = True
6.1108 	EXP 	line3: autoDraw = True
6.1108 	EXP 	line4: autoDraw = True
7.1159 	INFO 	Keyboard events cleared
7.1156 	EXP 	fixation: autoDraw = False
7.1156 	EXP 	probe: autoDraw = True
7.8796 	EXP 	Device response: <KeyPress from None: t=7.874692200002755, value=c, duration=None>
7.8800 	EXP 	New trial (rep=0, index=3): <Trial 3 (3 in rep 0) data={'pos': -150, 'corr_resp': 'z', 'thisN': 3, 'thisTrialN': 3, 'thisRepN': 0}>
7.8813 	DATA 	Keypress: c
7.8961 	EXP 	fixation: autoDraw = False
7.8961 	EXP 	line1: autoDraw = False
7.8961 	EXP 	line2: autoDraw = False
7.8961 	EXP 	line3: autoDraw = False
7.8961 	EXP 	line4: autoDraw = False
7.8961 	EXP 	probe: autoDraw = False
8.1963 	EXP 	Device response: <KeyPress from None: t=7.874692200002755, value=c, duration=0.3158815999995568>
8.8795 	EXP 	fixation: autoDraw = True
8.8795 	EXP 	line1: autoDraw = True
8.8795 	EXP 	line2: autoDraw = True
8.8795 	EXP 	line3: autoDraw = True
8.8795 	EXP 	line4: autoDraw = True
9.8822 	INFO 	Keyboard events cleared
9.8819 	EXP 	fixation: autoDraw = False
9.8819 	EXP 	probe: autoDraw = True
11.0309 	EXP 	Device response: <KeyPress from None: t=11.029432400002406, value=z, duration=None>
11.0312 	EXP 	New trial (rep=1, index=0): <Trial 4 (0 in rep 1) data={'pos': -50, 'corr_resp': 'x', 'thisN': 4, 'thisTrialN': 0, 'thisRepN': 1}>
11.0321 	DATA 	Keypress: z
11.0461 	EXP 	fixation: autoDraw = False
11.0461 	EXP 	line1: autoDraw = False
11.0461 	EXP 	line2: autoDraw = False
11.0461 	EXP 	line3: autoDraw = False
11.0461 	EXP 	line4: autoDraw = False
11.0461 	EXP 	probe: autoDraw = False
11.1768 	EXP 	Device response: <KeyPress from None: t=11.029432400002406, value=z, duration=0.13947629999893252>
12.0462 	EXP 	fixation: autoDraw = True
12.0462 	EXP 	line1: autoDraw = True
12.0462 	EXP 	line2: autoDraw = True
12.0462 	EXP 	line3: autoDraw = True
12.0462 	EXP 	line4: autoDraw = True
13.0455 	INFO 	Keyboard events cleared
13.0453 	EXP 	fixation: autoDraw = False
13.0453 	EXP 	probe: autoDraw = True
13.9627 	EXP 	Device response: <KeyPress from None: t=13.95426740000039, value=x, duration=None>
13.9631 	EXP 	New trial (rep=1, index=1): <Trial 5 (1 in rep 1) data={'pos': 150, 'corr_resp': 'v', 'thisN': 5, 'thisTrialN': 1, 'thisRepN': 1}>
13.9644 	DATA 	Keypress: x
13.9794 	EXP 	fixation: autoDraw = False
13.9794 	EXP 	line1: autoDraw = False
13.9794 	EXP 	line2: autoDraw = False
13.9794 	EXP 	line3: autoDraw = False
13.9794 	EXP 	line4: autoDraw = False
13.9794 	EXP 	probe: autoDraw = False
14.0965 	EXP 	Device response: <KeyPress from None: t=13.95426740000039, value=x, duration=0.13430200000220793>
14.9623 	EXP 	fixation: autoDraw = True
14.9623 	EXP 	line1: autoDraw = True
14.9623 	EXP 	line2: autoDraw = True
14.9623 	EXP 	line3: autoDraw = True
14.9623 	EXP 	line4: autoDraw = True
15.9628 	INFO 	Keyboard events cleared
15.9626 	EXP 	fixation: autoDraw = False
15.9626 	EXP 	probe: autoDraw = True
16.5799 	EXP 	Device response: <KeyPress from None: t=16.57512730000235, value=c, duration=None>
16.5803 	EXP 	New trial (rep=1, index=2): <Trial 6 (2 in rep 1) data={'pos': 50, 'corr_resp': 'c', 'thisN': 6, 'thisTrialN': 2, 'thisRepN': 1}>
16.5816 	DATA 	Keypress: c
16.5960 	EXP 	fixation: autoDraw = False
16.5960 	EXP 	line1: autoDraw = False
16.5960 	EXP 	line2: autoDraw = False
16.5960 	EXP 	line3: autoDraw = False
16.5960 	EXP 	line4: autoDraw = False
16.5960 	EXP 	probe: autoDraw = False
16.7469 	EXP 	Device response: <KeyPress from None: t=16.57512730000235, value=c, duration=0.1670553000003565>
17.5957 	EXP 	fixation: autoDraw = True
17.5957 	EXP 	line1: autoDraw = True
17.5957 	EXP 	line2: autoDraw = True
17.5957 	EXP 	line3: autoDraw = True
17.5957 	EXP 	line4: autoDraw = True
18.5796 	INFO 	Keyboard events cleared
18.5795 	EXP 	probe: autoDraw = True
18.5960 	EXP 	fixation: autoDraw = False
19.1965 	EXP 	Device response: <KeyPress from None: t=19.188922200002708, value=c, duration=None>
19.1969 	EXP 	New trial (rep=1, index=3): <Trial 7 (3 in rep 1) data={'pos': -150, 'corr_resp': 'z', 'thisN': 7, 'thisTrialN': 3, 'thisRepN': 1}>
19.1992 	DATA 	Keypress: c
19.2123 	EXP 	fixation: autoDraw = False
19.2123 	EXP 	line1: autoDraw = False
19.2123 	EXP 	line2: autoDraw = False
19.2123 	EXP 	line3: autoDraw = False
19.2123 	EXP 	line4: autoDraw = False
19.2123 	EXP 	probe: autoDraw = False
19.3463 	EXP 	Device response: <KeyPress from None: t=19.188922200002708, value=c, duration=0.15661459999682847>
20.2122 	EXP 	fixation: autoDraw = True
20.2122 	EXP 	line1: autoDraw = True
20.2122 	EXP 	line2: autoDraw = True
20.2122 	EXP 	line3: autoDraw = True
20.2122 	EXP 	line4: autoDraw = True
21.1959 	INFO 	Keyboard events cleared
21.1957 	EXP 	probe: autoDraw = True
21.2129 	EXP 	fixation: autoDraw = False
22.0620 	EXP 	Device response: <KeyPress from None: t=22.046482200003084, value=z, duration=None>
22.0625 	EXP 	New trial (rep=2, index=0): <Trial 8 (0 in rep 2) data={'pos': -50, 'corr_resp': 'x', 'thisN': 8, 'thisTrialN': 0, 'thisRepN': 2}>
22.0641 	DATA 	Keypress: z
22.0770 	EXP 	fixation: autoDraw = False
22.0770 	EXP 	line1: autoDraw = False
22.0770 	EXP 	line2: autoDraw = False
22.0770 	EXP 	line3: autoDraw = False
22.0770 	EXP 	line4: autoDraw = False
22.0770 	EXP 	probe: autoDraw = False
22.1959 	EXP 	Device response: <KeyPress from None: t=22.046482200003084, value=z, duration=0.1447359999983746>
23.0652 	EXP 	fixation: autoDraw = True
23.0652 	EXP 	line1: autoDraw = True
23.0652 	EXP 	line2: autoDraw = True
23.0652 	EXP 	line3: autoDraw = True
23.0652 	EXP 	line4: autoDraw = True
24.0628 	INFO 	Keyboard events cleared
24.0626 	EXP 	probe: autoDraw = True
24.0785 	EXP 	fixation: autoDraw = False
24.6303 	EXP 	Device response: <KeyPress from None: t=24.62496470000042, value=x, duration=None>
24.6308 	EXP 	New trial (rep=2, index=1): <Trial 9 (1 in rep 2) data={'pos': 150, 'corr_resp': 'v', 'thisN': 9, 'thisTrialN': 1, 'thisRepN': 2}>
24.6321 	DATA 	Keypress: x
24.6461 	EXP 	fixation: autoDraw = False
24.6461 	EXP 	line1: autoDraw = False
24.6461 	EXP 	line2: autoDraw = False
24.6461 	EXP 	line3: autoDraw = False
24.6461 	EXP 	line4: autoDraw = False
24.6461 	EXP 	probe: autoDraw = False
24.8142 	EXP 	Device response: <KeyPress from None: t=24.62496470000042, value=x, duration=0.18516470000031404>
25.6456 	EXP 	fixation: autoDraw = True
25.6456 	EXP 	line1: autoDraw = True
25.6456 	EXP 	line2: autoDraw = True
25.6456 	EXP 	line3: autoDraw = True
25.6456 	EXP 	line4: autoDraw = True
26.6321 	INFO 	Keyboard events cleared
26.6318 	EXP 	probe: autoDraw = True
26.6480 	EXP 	fixation: autoDraw = False
27.2965 	EXP 	Device response: <KeyPress from None: t=27.283171300001413, value=v, duration=None>
27.2969 	EXP 	New trial (rep=2, index=2): <Trial 10 (2 in rep 2) data={'pos': 50, 'corr_resp': 'c', 'thisN': 10, 'thisTrialN': 2, 'thisRepN': 2}>
27.2981 	DATA 	Keypress: v
27.3120 	EXP 	fixation: autoDraw = False
27.3120 	EXP 	line1: autoDraw = False
27.3120 	EXP 	line2: autoDraw = False
27.3120 	EXP 	line3: autoDraw = False
27.3120 	EXP 	line4: autoDraw = False
27.3120 	EXP 	probe: autoDraw = False
27.4453 	EXP 	Device response: <KeyPress from None: t=27.283171300001413, value=v, duration=0.15708729999823845>
28.2992 	EXP 	fixation: autoDraw = True
28.2992 	EXP 	line1: autoDraw = True
28.2992 	EXP 	line2: autoDraw = True
28.2992 	EXP 	line3: autoDraw = True
28.2992 	EXP 	line4: autoDraw = True
29.3120 	INFO 	Keyboard events cleared
29.3118 	EXP 	fixation: autoDraw = False
29.3118 	EXP 	probe: autoDraw = True
29.7293 	EXP 	Device response: <KeyPress from None: t=29.726977199999965, value=c, duration=None>
29.7298 	EXP 	New trial (rep=2, index=3): <Trial 11 (3 in rep 2) data={'pos': -150, 'corr_resp': 'z', 'thisN': 11, 'thisTrialN': 3, 'thisRepN': 2}>
29.7311 	DATA 	Keypress: c
29.7453 	EXP 	fixation: autoDraw = False
29.7453 	EXP 	line1: autoDraw = False
29.7453 	EXP 	line2: autoDraw = False
29.7453 	EXP 	line3: autoDraw = False
29.7453 	EXP 	line4: autoDraw = False
29.7453 	EXP 	probe: autoDraw = False
29.9464 	EXP 	Device response: <KeyPress from None: t=29.726977199999965, value=c, duration=0.20951350000177626>
30.7293 	EXP 	fixation: autoDraw = True
30.7293 	EXP 	line1: autoDraw = True
30.7293 	EXP 	line2: autoDraw = True
30.7293 	EXP 	line3: autoDraw = True
30.7293 	EXP 	line4: autoDraw = True
31.7372 	INFO 	Keyboard events cleared
31.7370 	EXP 	fixation: autoDraw = False
31.7370 	EXP 	probe: autoDraw = True
32.7059 	EXP 	Device response: <KeyPress from None: t=32.70306790000177, value=z, duration=None>
32.7063 	EXP 	New trial (rep=3, index=0): <Trial 12 (0 in rep 3) data={'pos': -50, 'corr_resp': 'x', 'thisN': 12, 'thisTrialN': 0, 'thisRepN': 3}>
32.7076 	DATA 	Keypress: z
32.7203 	EXP 	fixation: autoDraw = False
32.7203 	EXP 	line1: autoDraw = False
32.7203 	EXP 	line2: autoDraw = False
32.7203 	EXP 	line3: autoDraw = False
32.7203 	EXP 	line4: autoDraw = False
32.7203 	EXP 	probe: autoDraw = False
32.8873 	EXP 	Device response: <KeyPress from None: t=32.70306790000177, value=z, duration=0.16825239999889163>
33.7213 	EXP 	fixation: autoDraw = True
33.7213 	EXP 	line1: autoDraw = True
33.7213 	EXP 	line2: autoDraw = True
33.7213 	EXP 	line3: autoDraw = True
33.7213 	EXP 	line4: autoDraw = True
34.7106 	INFO 	Keyboard events cleared
34.7104 	EXP 	probe: autoDraw = True
34.7264 	EXP 	fixation: autoDraw = False
35.7624 	EXP 	Device response: <KeyPress from None: t=35.75178620000224, value=x, duration=None>
35.7629 	EXP 	New trial (rep=3, index=1): <Trial 13 (1 in rep 3) data={'pos': 150, 'corr_resp': 'v', 'thisN': 13, 'thisTrialN': 1, 'thisRepN': 3}>
35.7641 	DATA 	Keypress: x
35.7788 	EXP 	fixation: autoDraw = False
35.7788 	EXP 	line1: autoDraw = False
35.7788 	EXP 	line2: autoDraw = False
35.7788 	EXP 	line3: autoDraw = False
35.7788 	EXP 	line4: autoDraw = False
35.7788 	EXP 	probe: autoDraw = False
35.9127 	EXP 	Device response: <KeyPress from None: t=35.75178620000224, value=x, duration=0.1566711999985273>
36.7620 	EXP 	fixation: autoDraw = True
36.7620 	EXP 	line1: autoDraw = True
36.7620 	EXP 	line2: autoDraw = True
36.7620 	EXP 	line3: autoDraw = True
36.7620 	EXP 	line4: autoDraw = True
37.7618 	INFO 	Keyboard events cleared
37.7616 	EXP 	fixation: autoDraw = False
37.7616 	EXP 	probe: autoDraw = True
38.8464 	EXP 	Device response: <KeyPress from None: t=38.83390770000187, value=v, duration=None>
38.8468 	EXP 	New trial (rep=3, index=2): <Trial 14 (2 in rep 3) data={'pos': 50, 'corr_resp': 'c', 'thisN': 14, 'thisTrialN': 2, 'thisRepN': 3}>
38.8482 	DATA 	Keypress: v
38.8617 	EXP 	fixation: autoDraw = False
38.8617 	EXP 	line1: autoDraw = False
38.8617 	EXP 	line2: autoDraw = False
38.8617 	EXP 	line3: autoDraw = False
38.8617 	EXP 	line4: autoDraw = False
38.8617 	EXP 	probe: autoDraw = False
38.9630 	EXP 	Device response: <KeyPress from None: t=38.83390770000187, value=v, duration=0.11783250000007683>
39.8496 	EXP 	fixation: autoDraw = True
39.8496 	EXP 	line1: autoDraw = True
39.8496 	EXP 	line2: autoDraw = True
39.8496 	EXP 	line3: autoDraw = True
39.8496 	EXP 	line4: autoDraw = True
40.8629 	INFO 	Keyboard events cleared
40.8627 	EXP 	fixation: autoDraw = False
40.8627 	EXP 	probe: autoDraw = True
41.1432 	EXP 	Device response: <KeyPress from None: t=41.13212740000017, value=c, duration=None>
41.1435 	EXP 	New trial (rep=3, index=3): <Trial 15 (3 in rep 3) data={'pos': -150, 'corr_resp': 'z', 'thisN': 15, 'thisTrialN': 3, 'thisRepN': 3}>
41.1449 	DATA 	Keypress: c
41.1627 	EXP 	fixation: autoDraw = False
41.1627 	EXP 	line1: autoDraw = False
41.1627 	EXP 	line2: autoDraw = False
41.1627 	EXP 	line3: autoDraw = False
41.1627 	EXP 	line4: autoDraw = False
41.1627 	EXP 	probe: autoDraw = False
41.2809 	EXP 	Device response: <KeyPress from None: t=41.13212740000017, value=c, duration=0.1465717000028235>
42.1454 	EXP 	fixation: autoDraw = True
42.1454 	EXP 	line1: autoDraw = True
42.1454 	EXP 	line2: autoDraw = True
42.1454 	EXP 	line3: autoDraw = True
42.1454 	EXP 	line4: autoDraw = True
43.1451 	INFO 	Keyboard events cleared
43.1449 	EXP 	fixation: autoDraw = False
43.1449 	EXP 	probe: autoDraw = True
43.4633 	EXP 	Device response: <KeyPress from None: t=43.44804320000185, value=z, duration=None>
43.4637 	EXP 	New trial (rep=4, index=0): <Trial 16 (0 in rep 4) data={'pos': -50, 'corr_resp': 'x', 'thisN': 16, 'thisTrialN': 0, 'thisRepN': 4}>
43.4653 	DATA 	Keypress: z
43.4803 	EXP 	fixation: autoDraw = False
43.4803 	EXP 	line1: autoDraw = False
43.4803 	EXP 	line2: autoDraw = False
43.4803 	EXP 	line3: autoDraw = False
43.4803 	EXP 	line4: autoDraw = False
43.4803 	EXP 	probe: autoDraw = False
43.6622 	EXP 	Device response: <KeyPress from None: t=43.44804320000185, value=z, duration=0.20311339999898337>
44.4800 	EXP 	fixation: autoDraw = True
44.4800 	EXP 	line1: autoDraw = True
44.4800 	EXP 	line2: autoDraw = True
44.4800 	EXP 	line3: autoDraw = True
44.4800 	EXP 	line4: autoDraw = True
45.4801 	INFO 	Keyboard events cleared
45.4799 	EXP 	probe: autoDraw = True
45.4954 	EXP 	fixation: autoDraw = False
46.2333 	EXP 	Device response: <KeyPress from None: t=46.21883660000094, value=x, duration=None>
46.2341 	EXP 	New trial (rep=4, index=1): <Trial 17 (1 in rep 4) data={'pos': 150, 'corr_resp': 'v', 'thisN': 17, 'thisTrialN': 1, 'thisRepN': 4}>
46.2364 	DATA 	Keypress: x
46.2452 	EXP 	fixation: autoDraw = False
46.2452 	EXP 	line1: autoDraw = False
46.2452 	EXP 	line2: autoDraw = False
46.2452 	EXP 	line3: autoDraw = False
46.2452 	EXP 	line4: autoDraw = False
46.2452 	EXP 	probe: autoDraw = False
46.3940 	EXP 	Device response: <KeyPress from None: t=46.21883660000094, value=x, duration=0.16384300000208896>
47.2464 	EXP 	fixation: autoDraw = True
47.2464 	EXP 	line1: autoDraw = True
47.2464 	EXP 	line2: autoDraw = True
47.2464 	EXP 	line3: autoDraw = True
47.2464 	EXP 	line4: autoDraw = True
48.2453 	INFO 	Keyboard events cleared
48.2451 	EXP 	probe: autoDraw = True
48.2617 	EXP 	fixation: autoDraw = False
48.6453 	EXP 	Device response: <KeyPress from None: t=48.640346000000136, value=v, duration=None>
48.6458 	EXP 	New trial (rep=4, index=2): <Trial 18 (2 in rep 4) data={'pos': 50, 'corr_resp': 'c', 'thisN': 18, 'thisTrialN': 2, 'thisRepN': 4}>
48.6471 	DATA 	Keypress: v
48.6619 	EXP 	fixation: autoDraw = False
48.6619 	EXP 	line1: autoDraw = False
48.6619 	EXP 	line2: autoDraw = False
48.6619 	EXP 	line3: autoDraw = False
48.6619 	EXP 	line4: autoDraw = False
48.6619 	EXP 	probe: autoDraw = False
48.8288 	EXP 	Device response: <KeyPress from None: t=48.640346000000136, value=v, duration=0.17705340000247816>
49.6451 	EXP 	fixation: autoDraw = True
49.6451 	EXP 	line1: autoDraw = True
49.6451 	EXP 	line2: autoDraw = True
49.6451 	EXP 	line3: autoDraw = True
49.6451 	EXP 	line4: autoDraw = True
50.6437 	INFO 	Keyboard events cleared
50.6436 	EXP 	fixation: autoDraw = False
50.6436 	EXP 	probe: autoDraw = True
50.9285 	EXP 	Device response: <KeyPress from None: t=50.92287700000088, value=x, duration=None>
50.9289 	EXP 	New trial (rep=4, index=3): <Trial 19 (3 in rep 4) data={'pos': -150, 'corr_resp': 'z', 'thisN': 19, 'thisTrialN': 3, 'thisRepN': 4}>
50.9302 	DATA 	Keypress: x
50.9447 	EXP 	fixation: autoDraw = False
50.9447 	EXP 	line1: autoDraw = False
50.9447 	EXP 	line2: autoDraw = False
50.9447 	EXP 	line3: autoDraw = False
50.9447 	EXP 	line4: autoDraw = False
50.9447 	EXP 	probe: autoDraw = False
51.0622 	EXP 	Device response: <KeyPress from None: t=50.92287700000088, value=x, duration=0.1340383999995538>
51.9331 	EXP 	fixation: autoDraw = True
51.9331 	EXP 	line1: autoDraw = True
51.9331 	EXP 	line2: autoDraw = True
51.9331 	EXP 	line3: autoDraw = True
51.9331 	EXP 	line4: autoDraw = True
52.9437 	INFO 	Keyboard events cleared
52.9435 	EXP 	fixation: autoDraw = False
52.9435 	EXP 	probe: autoDraw = True
53.7107 	EXP 	Device response: <KeyPress from None: t=53.70895030000247, value=z, duration=None>
53.7111 	EXP 	New trial (rep=5, index=0): <Trial 20 (0 in rep 5) data={'pos': -50, 'corr_resp': 'x', 'thisN': 20, 'thisTrialN': 0, 'thisRepN': 5}>
53.7123 	DATA 	Keypress: z
53.7262 	EXP 	fixation: autoDraw = False
53.7262 	EXP 	line1: autoDraw = False
53.7262 	EXP 	line2: autoDraw = False
53.7262 	EXP 	line3: autoDraw = False
53.7262 	EXP 	line4: autoDraw = False
53.7262 	EXP 	probe: autoDraw = False
53.8936 	EXP 	Device response: <KeyPress from None: t=53.70895030000247, value=z, duration=0.17068400000061956>
54.7120 	EXP 	fixation: autoDraw = True
54.7120 	EXP 	line1: autoDraw = True
54.7120 	EXP 	line2: autoDraw = True
54.7120 	EXP 	line3: autoDraw = True
54.7120 	EXP 	line4: autoDraw = True
55.7124 	INFO 	Keyboard events cleared
55.7122 	EXP 	fixation: autoDraw = False
55.7122 	EXP 	probe: autoDraw = True
55.8129 	EXP 	Device response: <KeyPress from None: t=55.80676880000101, value=x, duration=None>
55.8133 	EXP 	New trial (rep=5, index=1): <Trial 21 (1 in rep 5) data={'pos': 150, 'corr_resp': 'v', 'thisN': 21, 'thisTrialN': 1, 'thisRepN': 5}>
55.8147 	DATA 	Keypress: x
55.8294 	EXP 	fixation: autoDraw = False
55.8294 	EXP 	line1: autoDraw = False
55.8294 	EXP 	line2: autoDraw = False
55.8294 	EXP 	line3: autoDraw = False
55.8294 	EXP 	line4: autoDraw = False
55.8294 	EXP 	probe: autoDraw = False
55.8637 	EXP 	Device response: <KeyPress from None: t=55.86070170000312, value=c, duration=None>
55.8646 	DATA 	Keypress: c
55.9291 	EXP 	Device response: <KeyPress from None: t=55.86070170000312, value=c, duration=0.06296179999844753>
56.0447 	EXP 	Device response: <KeyPress from None: t=55.80676880000101, value=x, duration=0.2214945000014268>
56.8267 	EXP 	fixation: autoDraw = True
56.8267 	EXP 	line1: autoDraw = True
56.8267 	EXP 	line2: autoDraw = True
56.8267 	EXP 	line3: autoDraw = True
56.8267 	EXP 	line4: autoDraw = True
57.8256 	INFO 	Keyboard events cleared
57.8255 	EXP 	fixation: autoDraw = False
57.8255 	EXP 	probe: autoDraw = True
64.6538 	EXP 	Device response: <KeyPress from None: t=64.64862280000307, value=v, duration=None>
64.6543 	EXP 	New trial (rep=5, index=2): <Trial 22 (2 in rep 5) data={'pos': 50, 'corr_resp': 'c', 'thisN': 22, 'thisTrialN': 2, 'thisRepN': 5}>
64.6555 	DATA 	Keypress: v
64.6704 	EXP 	fixation: autoDraw = False
64.6704 	EXP 	line1: autoDraw = False
64.6704 	EXP 	line2: autoDraw = False
64.6704 	EXP 	line3: autoDraw = False
64.6704 	EXP 	line4: autoDraw = False
64.6704 	EXP 	probe: autoDraw = False
64.7539 	EXP 	Device response: <KeyPress from None: t=64.64862280000307, value=v, duration=0.10059629999886965>
65.6535 	EXP 	fixation: autoDraw = True
65.6535 	EXP 	line1: autoDraw = True
65.6535 	EXP 	line2: autoDraw = True
65.6535 	EXP 	line3: autoDraw = True
65.6535 	EXP 	line4: autoDraw = True
66.6537 	INFO 	Keyboard events cleared
66.6535 	EXP 	fixation: autoDraw = False
66.6535 	EXP 	probe: autoDraw = True
67.3044 	EXP 	Device response: <KeyPress from None: t=67.29934599999979, value=c, duration=None>
67.3048 	EXP 	New trial (rep=5, index=3): <Trial 23 (3 in rep 5) data={'pos': -150, 'corr_resp': 'z', 'thisN': 23, 'thisTrialN': 3, 'thisRepN': 5}>
67.3061 	DATA 	Keypress: c
67.3199 	EXP 	fixation: autoDraw = False
67.3199 	EXP 	line1: autoDraw = False
67.3199 	EXP 	line2: autoDraw = False
67.3199 	EXP 	line3: autoDraw = False
67.3199 	EXP 	line4: autoDraw = False
67.3199 	EXP 	probe: autoDraw = False
67.4536 	EXP 	Device response: <KeyPress from None: t=67.29934599999979, value=c, duration=0.1405776000028709>
68.3199 	EXP 	fixation: autoDraw = True
68.3199 	EXP 	line1: autoDraw = True
68.3199 	EXP 	line2: autoDraw = True
68.3199 	EXP 	line3: autoDraw = True
68.3199 	EXP 	line4: autoDraw = True
69.3009 	INFO 	Keyboard events cleared
69.3008 	EXP 	probe: autoDraw = True
69.3374 	EXP 	fixation: autoDraw = False
69.6703 	EXP 	Device response: <KeyPress from None: t=69.66101669999989, value=z, duration=None>
69.6707 	EXP 	New trial (rep=6, index=0): <Trial 24 (0 in rep 6) data={'pos': -50, 'corr_resp': 'x', 'thisN': 24, 'thisTrialN': 0, 'thisRepN': 6}>
69.6720 	DATA 	Keypress: z
69.6860 	EXP 	fixation: autoDraw = False
69.6860 	EXP 	line1: autoDraw = False
69.6860 	EXP 	line2: autoDraw = False
69.6860 	EXP 	line3: autoDraw = False
69.6860 	EXP 	line4: autoDraw = False
69.6860 	EXP 	probe: autoDraw = False
69.8870 	EXP 	Device response: <KeyPress from None: t=69.66101669999989, value=z, duration=0.2207882000002428>
70.6730 	EXP 	fixation: autoDraw = True
70.6730 	EXP 	line1: autoDraw = True
70.6730 	EXP 	line2: autoDraw = True
70.6730 	EXP 	line3: autoDraw = True
70.6730 	EXP 	line4: autoDraw = True
71.6740 	INFO 	Keyboard events cleared
71.6737 	EXP 	fixation: autoDraw = False
71.6737 	EXP 	probe: autoDraw = True
72.3627 	DATA 	Keypress: x
72.3741 	EXP 	Device response: <KeyPress from None: t=72.36152690000017, value=x, duration=None>
72.3747 	EXP 	New trial (rep=6, index=1): <Trial 25 (1 in rep 6) data={'pos': 150, 'corr_resp': 'v', 'thisN': 25, 'thisTrialN': 1, 'thisRepN': 6}>
72.3909 	EXP 	fixation: autoDraw = False
72.3909 	EXP 	line1: autoDraw = False
72.3909 	EXP 	line2: autoDraw = False
72.3909 	EXP 	line3: autoDraw = False
72.3909 	EXP 	line4: autoDraw = False
72.3909 	EXP 	probe: autoDraw = False
72.5248 	EXP 	Device response: <KeyPress from None: t=72.36152690000017, value=x, duration=0.1623362000027555>
73.3909 	EXP 	fixation: autoDraw = True
73.3909 	EXP 	line1: autoDraw = True
73.3909 	EXP 	line2: autoDraw = True
73.3909 	EXP 	line3: autoDraw = True
73.3909 	EXP 	line4: autoDraw = True
74.3867 	INFO 	Keyboard events cleared
74.3864 	EXP 	probe: autoDraw = True
74.4035 	EXP 	fixation: autoDraw = False
74.7701 	EXP 	Device response: <KeyPress from None: t=74.76524220000283, value=v, duration=None>
74.7706 	EXP 	New trial (rep=6, index=2): <Trial 26 (2 in rep 6) data={'pos': 50, 'corr_resp': 'c', 'thisN': 26, 'thisTrialN': 2, 'thisRepN': 6}>
74.7718 	DATA 	Keypress: v
74.7872 	EXP 	fixation: autoDraw = False
74.7872 	EXP 	line1: autoDraw = False
74.7872 	EXP 	line2: autoDraw = False
74.7872 	EXP 	line3: autoDraw = False
74.7872 	EXP 	line4: autoDraw = False
74.7872 	EXP 	probe: autoDraw = False
74.9536 	EXP 	Device response: <KeyPress from None: t=74.76524220000283, value=v, duration=0.1832591999991564>
75.7736 	EXP 	fixation: autoDraw = True
75.7736 	EXP 	line1: autoDraw = True
75.7736 	EXP 	line2: autoDraw = True
75.7736 	EXP 	line3: autoDraw = True
75.7736 	EXP 	line4: autoDraw = True
76.7731 	INFO 	Keyboard events cleared
76.7728 	EXP 	fixation: autoDraw = False
76.7728 	EXP 	probe: autoDraw = True
77.7565 	EXP 	Device response: <KeyPress from None: t=77.7520480000021, value=c, duration=None>
77.7570 	EXP 	New trial (rep=6, index=3): <Trial 27 (3 in rep 6) data={'pos': -150, 'corr_resp': 'z', 'thisN': 27, 'thisTrialN': 3, 'thisRepN': 6}>
77.7615 	DATA 	Keypress: c
77.7732 	EXP 	fixation: autoDraw = False
77.7732 	EXP 	line1: autoDraw = False
77.7732 	EXP 	line2: autoDraw = False
77.7732 	EXP 	line3: autoDraw = False
77.7732 	EXP 	line4: autoDraw = False
77.7732 	EXP 	probe: autoDraw = False
77.8935 	EXP 	Device response: <KeyPress from None: t=77.7520480000021, value=c, duration=0.13824530000056257>
78.7568 	EXP 	fixation: autoDraw = True
78.7568 	EXP 	line1: autoDraw = True
78.7568 	EXP 	line2: autoDraw = True
78.7568 	EXP 	line3: autoDraw = True
78.7568 	EXP 	line4: autoDraw = True
79.7699 	INFO 	Keyboard events cleared
79.7697 	EXP 	fixation: autoDraw = False
79.7697 	EXP 	probe: autoDraw = True
80.3712 	EXP 	Device response: <KeyPress from None: t=80.36701130000074, value=x, duration=None>
80.3715 	EXP 	New trial (rep=7, index=0): <Trial 28 (0 in rep 7) data={'pos': -50, 'corr_resp': 'x', 'thisN': 28, 'thisTrialN': 0, 'thisRepN': 7}>
80.3725 	DATA 	Keypress: x
80.3873 	EXP 	fixation: autoDraw = False
80.3873 	EXP 	line1: autoDraw = False
80.3873 	EXP 	line2: autoDraw = False
80.3873 	EXP 	line3: autoDraw = False
80.3873 	EXP 	line4: autoDraw = False
80.3873 	EXP 	probe: autoDraw = False
80.5707 	EXP 	Device response: <KeyPress from None: t=80.36701130000074, value=x, duration=0.1913249999997788>
81.3846 	EXP 	fixation: autoDraw = True
81.3846 	EXP 	line1: autoDraw = True
81.3846 	EXP 	line2: autoDraw = True
81.3846 	EXP 	line3: autoDraw = True
81.3846 	EXP 	line4: autoDraw = True
82.3867 	INFO 	Keyboard events cleared
82.3865 	EXP 	fixation: autoDraw = False
82.3865 	EXP 	probe: autoDraw = True
82.7841 	EXP 	Device response: <KeyPress from None: t=82.78137890000289, value=z, duration=None>
82.7845 	EXP 	New trial (rep=7, index=1): <Trial 29 (1 in rep 7) data={'pos': 150, 'corr_resp': 'v', 'thisN': 29, 'thisTrialN': 1, 'thisRepN': 7}>
82.7855 	DATA 	Keypress: z
82.8031 	EXP 	fixation: autoDraw = False
82.8031 	EXP 	line1: autoDraw = False
82.8031 	EXP 	line2: autoDraw = False
82.8031 	EXP 	line3: autoDraw = False
82.8031 	EXP 	line4: autoDraw = False
82.8031 	EXP 	probe: autoDraw = False
82.9031 	EXP 	Device response: <KeyPress from None: t=82.78137890000289, value=z, duration=0.11703009999837377>
83.7913 	EXP 	fixation: autoDraw = True
83.7913 	EXP 	line1: autoDraw = True
83.7913 	EXP 	line2: autoDraw = True
83.7913 	EXP 	line3: autoDraw = True
83.7913 	EXP 	line4: autoDraw = True
84.7868 	INFO 	Keyboard events cleared
84.7866 	EXP 	probe: autoDraw = True
84.8040 	EXP 	fixation: autoDraw = False
85.4175 	EXP 	Device response: <KeyPress from None: t=85.40537810000023, value=v, duration=None>
85.4178 	EXP 	New trial (rep=7, index=2): <Trial 30 (2 in rep 7) data={'pos': 50, 'corr_resp': 'c', 'thisN': 30, 'thisTrialN': 2, 'thisRepN': 7}>
85.4189 	DATA 	Keypress: v
85.4344 	EXP 	fixation: autoDraw = False
85.4344 	EXP 	line1: autoDraw = False
85.4344 	EXP 	line2: autoDraw = False
85.4344 	EXP 	line3: autoDraw = False
85.4344 	EXP 	line4: autoDraw = False
85.4344 	EXP 	probe: autoDraw = False
85.6030 	EXP 	Device response: <KeyPress from None: t=85.40537810000023, value=v, duration=0.19177910000144038>
86.4234 	EXP 	fixation: autoDraw = True
86.4234 	EXP 	line1: autoDraw = True
86.4234 	EXP 	line2: autoDraw = True
86.4234 	EXP 	line3: autoDraw = True
86.4234 	EXP 	line4: autoDraw = True
87.4208 	INFO 	Keyboard events cleared
87.4206 	EXP 	probe: autoDraw = True
87.4366 	EXP 	fixation: autoDraw = False
87.7914 	EXP 	Device response: <KeyPress from None: t=87.78241479999997, value=v, duration=None>
87.7922 	EXP 	New trial (rep=7, index=3): <Trial 31 (3 in rep 7) data={'pos': -150, 'corr_resp': 'z', 'thisN': 31, 'thisTrialN': 3, 'thisRepN': 7}>
87.7947 	DATA 	Keypress: v
87.8065 	EXP 	fixation: autoDraw = False
87.8065 	EXP 	line1: autoDraw = False
87.8065 	EXP 	line2: autoDraw = False
87.8065 	EXP 	line3: autoDraw = False
87.8065 	EXP 	line4: autoDraw = False
87.8065 	EXP 	probe: autoDraw = False
88.0236 	EXP 	Device response: <KeyPress from None: t=87.78241479999997, value=v, duration=0.2358111000030476>
88.8035 	EXP 	fixation: autoDraw = True
88.8035 	EXP 	line1: autoDraw = True
88.8035 	EXP 	line2: autoDraw = True
88.8035 	EXP 	line3: autoDraw = True
88.8035 	EXP 	line4: autoDraw = True
89.8036 	INFO 	Keyboard events cleared
89.8034 	EXP 	fixation: autoDraw = False
89.8034 	EXP 	probe: autoDraw = True
90.7373 	EXP 	Device response: <KeyPress from None: t=90.72962990000087, value=x, duration=None>
90.7377 	EXP 	New trial (rep=8, index=0): <Trial 32 (0 in rep 8) data={'pos': -50, 'corr_resp': 'x', 'thisN': 32, 'thisTrialN': 0, 'thisRepN': 8}>
90.7393 	DATA 	Keypress: x
90.7537 	EXP 	fixation: autoDraw = False
90.7537 	EXP 	line1: autoDraw = False
90.7537 	EXP 	line2: autoDraw = False
90.7537 	EXP 	line3: autoDraw = False
90.7537 	EXP 	line4: autoDraw = False
90.7537 	EXP 	probe: autoDraw = False
91.1048 	EXP 	Device response: <KeyPress from None: t=90.72962990000087, value=x, duration=0.37338309999904595>
91.7530 	EXP 	fixation: autoDraw = True
91.7530 	EXP 	line1: autoDraw = True
91.7530 	EXP 	line2: autoDraw = True
91.7530 	EXP 	line3: autoDraw = True
91.7530 	EXP 	line4: autoDraw = True
92.3699 	EXP 	Device response: <KeyPress from None: t=92.36491279999973, value=x, duration=None>
92.3716 	DATA 	Keypress: x
92.5889 	EXP 	Device response: <KeyPress from None: t=92.36491279999973, value=x, duration=0.21799160000227857>
92.7534 	INFO 	Keyboard events cleared
92.7530 	EXP 	fixation: autoDraw = False
92.7530 	EXP 	probe: autoDraw = True
93.3205 	EXP 	Device response: <KeyPress from None: t=93.30613430000085, value=c, duration=None>
93.3210 	EXP 	New trial (rep=8, index=1): <Trial 33 (1 in rep 8) data={'pos': 150, 'corr_resp': 'v', 'thisN': 33, 'thisTrialN': 1, 'thisRepN': 8}>
93.3223 	DATA 	Keypress: c
93.3357 	EXP 	fixation: autoDraw = False
93.3357 	EXP 	line1: autoDraw = False
93.3357 	EXP 	line2: autoDraw = False
93.3357 	EXP 	line3: autoDraw = False
93.3357 	EXP 	line4: autoDraw = False
93.3357 	EXP 	probe: autoDraw = False
93.5197 	EXP 	Device response: <KeyPress from None: t=93.30613430000085, value=c, duration=0.2087774999999965>
94.3365 	EXP 	fixation: autoDraw = True
94.3365 	EXP 	line1: autoDraw = True
94.3365 	EXP 	line2: autoDraw = True
94.3365 	EXP 	line3: autoDraw = True
94.3365 	EXP 	line4: autoDraw = True
95.3203 	INFO 	Keyboard events cleared
95.3201 	EXP 	probe: autoDraw = True
95.3360 	EXP 	fixation: autoDraw = False
95.8868 	EXP 	Device response: <KeyPress from None: t=95.88168980000046, value=v, duration=None>
95.8872 	EXP 	New trial (rep=8, index=2): <Trial 34 (2 in rep 8) data={'pos': 50, 'corr_resp': 'c', 'thisN': 34, 'thisTrialN': 2, 'thisRepN': 8}>
95.8884 	DATA 	Keypress: v
95.9030 	EXP 	fixation: autoDraw = False
95.9030 	EXP 	line1: autoDraw = False
95.9030 	EXP 	line2: autoDraw = False
95.9030 	EXP 	line3: autoDraw = False
95.9030 	EXP 	line4: autoDraw = False
95.9030 	EXP 	probe: autoDraw = False
96.1037 	EXP 	Device response: <KeyPress from None: t=95.88168980000046, value=v, duration=0.21864760000244132>
96.8869 	EXP 	fixation: autoDraw = True
96.8869 	EXP 	line1: autoDraw = True
96.8869 	EXP 	line2: autoDraw = True
96.8869 	EXP 	line3: autoDraw = True
96.8869 	EXP 	line4: autoDraw = True
97.8869 	INFO 	Keyboard events cleared
97.8867 	EXP 	fixation: autoDraw = False
97.8867 	EXP 	probe: autoDraw = True
98.3887 	DATA 	Keypress: x
98.4051 	EXP 	Device response: <KeyPress from None: t=98.3878251999995, value=x, duration=None>
98.4055 	EXP 	New trial (rep=8, index=3): <Trial 35 (3 in rep 8) data={'pos': -150, 'corr_resp': 'z', 'thisN': 35, 'thisTrialN': 3, 'thisRepN': 8}>
98.4201 	EXP 	fixation: autoDraw = False
98.4201 	EXP 	line1: autoDraw = False
98.4201 	EXP 	line2: autoDraw = False
98.4201 	EXP 	line3: autoDraw = False
98.4201 	EXP 	line4: autoDraw = False
98.4201 	EXP 	probe: autoDraw = False
98.7036 	EXP 	Device response: <KeyPress from None: t=98.3878251999995, value=x, duration=0.31113940000068396>
99.4197 	EXP 	fixation: autoDraw = True
99.4197 	EXP 	line1: autoDraw = True
99.4197 	EXP 	line2: autoDraw = True
99.4197 	EXP 	line3: autoDraw = True
99.4197 	EXP 	line4: autoDraw = True
100.4040 	INFO 	Keyboard events cleared
100.4038 	EXP 	probe: autoDraw = True
100.4201 	EXP 	fixation: autoDraw = False
100.7752 	EXP 	Device response: <KeyPress from None: t=100.7748113000016, value=z, duration=None>
100.7759 	EXP 	New trial (rep=9, index=0): <Trial 36 (0 in rep 9) data={'pos': -50, 'corr_resp': 'x', 'thisN': 36, 'thisTrialN': 0, 'thisRepN': 9}>
100.7784 	DATA 	Keypress: z
100.7901 	EXP 	fixation: autoDraw = False
100.7901 	EXP 	line1: autoDraw = False
100.7901 	EXP 	line2: autoDraw = False
100.7901 	EXP 	line3: autoDraw = False
100.7901 	EXP 	line4: autoDraw = False
100.7901 	EXP 	probe: autoDraw = False
101.0228 	EXP 	Device response: <KeyPress from None: t=100.7748113000016, value=z, duration=0.23152219999974477>
101.7866 	EXP 	fixation: autoDraw = True
101.7866 	EXP 	line1: autoDraw = True
101.7866 	EXP 	line2: autoDraw = True
101.7866 	EXP 	line3: autoDraw = True
101.7866 	EXP 	line4: autoDraw = True
102.7864 	INFO 	Keyboard events cleared
102.7862 	EXP 	fixation: autoDraw = False
102.7862 	EXP 	probe: autoDraw = True
103.0887 	DATA 	Keypress: x
103.1042 	EXP 	Device response: <KeyPress from None: t=103.08717220000108, value=x, duration=None>
103.1046 	EXP 	New trial (rep=9, index=1): <Trial 37 (1 in rep 9) data={'pos': 150, 'corr_resp': 'v', 'thisN': 37, 'thisTrialN': 1, 'thisRepN': 9}>
103.1194 	EXP 	fixation: autoDraw = False
103.1194 	EXP 	line1: autoDraw = False
103.1194 	EXP 	line2: autoDraw = False
103.1194 	EXP 	line3: autoDraw = False
103.1194 	EXP 	line4: autoDraw = False
103.1194 	EXP 	probe: autoDraw = False
103.3031 	EXP 	Device response: <KeyPress from None: t=103.08717220000108, value=x, duration=0.20570360000056098>
104.1199 	EXP 	fixation: autoDraw = True
104.1199 	EXP 	line1: autoDraw = True
104.1199 	EXP 	line2: autoDraw = True
104.1199 	EXP 	line3: autoDraw = True
104.1199 	EXP 	line4: autoDraw = True
105.1193 	INFO 	Keyboard events cleared
105.1191 	EXP 	fixation: autoDraw = False
105.1191 	EXP 	probe: autoDraw = True
105.1871 	EXP 	Device response: <KeyPress from None: t=105.17394450000211, value=v, duration=None>
105.1876 	EXP 	New trial (rep=9, index=2): <Trial 38 (2 in rep 9) data={'pos': 50, 'corr_resp': 'c', 'thisN': 38, 'thisTrialN': 2, 'thisRepN': 9}>
105.1888 	DATA 	Keypress: v
105.2032 	EXP 	fixation: autoDraw = False
105.2032 	EXP 	line1: autoDraw = False
105.2032 	EXP 	line2: autoDraw = False
105.2032 	EXP 	line3: autoDraw = False
105.2032 	EXP 	line4: autoDraw = False
105.2032 	EXP 	probe: autoDraw = False
105.3541 	EXP 	Device response: <KeyPress from None: t=105.17394450000211, value=v, duration=0.17931409999800962>
106.1870 	EXP 	fixation: autoDraw = True
106.1870 	EXP 	line1: autoDraw = True
106.1870 	EXP 	line2: autoDraw = True
106.1870 	EXP 	line3: autoDraw = True
106.1870 	EXP 	line4: autoDraw = True
107.1872 	EXP 	fixation: autoDraw = False
107.2034 	INFO 	Keyboard events cleared
107.2032 	EXP 	probe: autoDraw = True
107.4533 	EXP 	Device response: <KeyPress from None: t=107.44811150000169, value=c, duration=None>
107.4537 	EXP 	New trial (rep=9, index=3): <Trial 39 (3 in rep 9) data={'pos': -150, 'corr_resp': 'z', 'thisN': 39, 'thisTrialN': 3, 'thisRepN': 9}>
107.4550 	DATA 	Keypress: c
107.4701 	EXP 	fixation: autoDraw = False
107.4701 	EXP 	line1: autoDraw = False
107.4701 	EXP 	line2: autoDraw = False
107.4701 	EXP 	line3: autoDraw = False
107.4701 	EXP 	line4: autoDraw = False
107.4701 	EXP 	probe: autoDraw = False
107.6035 	EXP 	Device response: <KeyPress from None: t=107.44811150000169, value=c, duration=0.15164379999987432>
108.4529 	EXP 	fixation: autoDraw = True
108.4529 	EXP 	line1: autoDraw = True
108.4529 	EXP 	line2: autoDraw = True
108.4529 	EXP 	line3: autoDraw = True
108.4529 	EXP 	line4: autoDraw = True
109.3340 	EXP 	Device response: <KeyPress from None: t=109.33060340000156, value=z, duration=None>
109.3353 	DATA 	Keypress: z
109.4531 	EXP 	fixation: autoDraw = False
109.4702 	INFO 	Keyboard events cleared
109.4700 	EXP 	probe: autoDraw = True
109.5533 	EXP 	Device response: <KeyPress from None: t=109.33060340000156, value=z, duration=0.21743729999798234>
110.1219 	DATA 	Keypress: z
110.1377 	EXP 	Device response: <KeyPress from None: t=110.12095950000003, value=z, duration=None>
110.1382 	EXP 	New trial (rep=10, index=0): <Trial 40 (0 in rep 10) data={'pos': -50, 'corr_resp': 'x', 'thisN': 40, 'thisTrialN': 0, 'thisRepN': 10}>
110.1542 	EXP 	fixation: autoDraw = False
110.1542 	EXP 	line1: autoDraw = False
110.1542 	EXP 	line2: autoDraw = False
110.1542 	EXP 	line3: autoDraw = False
110.1542 	EXP 	line4: autoDraw = False
110.1542 	EXP 	probe: autoDraw = False
110.3365 	EXP 	Device response: <KeyPress from None: t=110.12095950000003, value=z, duration=0.2032744999996794>
111.1394 	EXP 	fixation: autoDraw = True
111.1394 	EXP 	line1: autoDraw = True
111.1394 	EXP 	line2: autoDraw = True
111.1394 	EXP 	line3: autoDraw = True
111.1394 	EXP 	line4: autoDraw = True
112.1515 	INFO 	Keyboard events cleared
112.1513 	EXP 	fixation: autoDraw = False
112.1513 	EXP 	probe: autoDraw = True
112.3521 	EXP 	Device response: <KeyPress from None: t=112.34514789999957, value=x, duration=None>
112.3528 	EXP 	New trial (rep=10, index=1): <Trial 41 (1 in rep 10) data={'pos': 150, 'corr_resp': 'v', 'thisN': 41, 'thisTrialN': 1, 'thisRepN': 10}>
112.3541 	DATA 	Keypress: x
112.3675 	EXP 	fixation: autoDraw = False
112.3675 	EXP 	line1: autoDraw = False
112.3675 	EXP 	line2: autoDraw = False
112.3675 	EXP 	line3: autoDraw = False
112.3675 	EXP 	line4: autoDraw = False
112.3675 	EXP 	probe: autoDraw = False
112.5543 	EXP 	Device response: <KeyPress from None: t=112.34514789999957, value=x, duration=0.20628470000156085>
113.3527 	EXP 	fixation: autoDraw = True
113.3527 	EXP 	line1: autoDraw = True
113.3527 	EXP 	line2: autoDraw = True
113.3527 	EXP 	line3: autoDraw = True
113.3527 	EXP 	line4: autoDraw = True
114.3532 	INFO 	Keyboard events cleared
114.3530 	EXP 	fixation: autoDraw = False
114.3530 	EXP 	probe: autoDraw = True
114.7539 	EXP 	Device response: <KeyPress from None: t=114.749040900002, value=v, duration=None>
114.7543 	EXP 	New trial (rep=10, index=2): <Trial 42 (2 in rep 10) data={'pos': 50, 'corr_resp': 'c', 'thisN': 42, 'thisTrialN': 2, 'thisRepN': 10}>
114.7556 	DATA 	Keypress: v
114.7696 	EXP 	fixation: autoDraw = False
114.7696 	EXP 	line1: autoDraw = False
114.7696 	EXP 	line2: autoDraw = False
114.7696 	EXP 	line3: autoDraw = False
114.7696 	EXP 	line4: autoDraw = False
114.7696 	EXP 	probe: autoDraw = False
114.9672 	EXP 	Device response: <KeyPress from None: t=114.749040900002, value=v, duration=0.213842699999077>
115.7672 	EXP 	fixation: autoDraw = True
115.7672 	EXP 	line1: autoDraw = True
115.7672 	EXP 	line2: autoDraw = True
115.7672 	EXP 	line3: autoDraw = True
115.7672 	EXP 	line4: autoDraw = True
116.4432 	EXP 	Device response: <KeyPress from None: t=116.4393213000003, value=c, duration=None>
116.4466 	DATA 	Keypress: c
116.7702 	INFO 	Keyboard events cleared
116.7700 	EXP 	fixation: autoDraw = False
116.7700 	EXP 	probe: autoDraw = True
116.9404 	EXP 	Device response: <KeyPress from None: t=116.4393213000003, value=c, duration=0.48609480000231997>
117.1955 	DATA 	Keypress: c
117.2073 	EXP 	Device response: <KeyPress from None: t=117.19244780000008, value=c, duration=None>
117.2080 	EXP 	New trial (rep=10, index=3): <Trial 43 (3 in rep 10) data={'pos': -150, 'corr_resp': 'z', 'thisN': 43, 'thisTrialN': 3, 'thisRepN': 10}>
117.2227 	EXP 	fixation: autoDraw = False
117.2227 	EXP 	line1: autoDraw = False
117.2227 	EXP 	line2: autoDraw = False
117.2227 	EXP 	line3: autoDraw = False
117.2227 	EXP 	line4: autoDraw = False
117.2227 	EXP 	probe: autoDraw = False
117.6237 	EXP 	Device response: <KeyPress from None: t=117.19244780000008, value=c, duration=0.42754640000202926>
118.2231 	EXP 	fixation: autoDraw = True
118.2231 	EXP 	line1: autoDraw = True
118.2231 	EXP 	line2: autoDraw = True
118.2231 	EXP 	line3: autoDraw = True
118.2231 	EXP 	line4: autoDraw = True
119.2193 	INFO 	Keyboard events cleared
119.2191 	EXP 	probe: autoDraw = True
119.2355 	EXP 	fixation: autoDraw = False
119.5569 	EXP 	Device response: <KeyPress from None: t=119.54614550000042, value=z, duration=None>
119.5577 	EXP 	New trial (rep=11, index=0): <Trial 44 (0 in rep 11) data={'pos': -50, 'corr_resp': 'x', 'thisN': 44, 'thisTrialN': 0, 'thisRepN': 11}>
119.5601 	DATA 	Keypress: z
119.5729 	EXP 	fixation: autoDraw = False
119.5729 	EXP 	line1: autoDraw = False
119.5729 	EXP 	line2: autoDraw = False
119.5729 	EXP 	line3: autoDraw = False
119.5729 	EXP 	line4: autoDraw = False
119.5729 	EXP 	probe: autoDraw = False
119.7537 	EXP 	Device response: <KeyPress from None: t=119.54614550000042, value=z, duration=0.20262840000214055>
120.5563 	EXP 	fixation: autoDraw = True
120.5563 	EXP 	line1: autoDraw = True
120.5563 	EXP 	line2: autoDraw = True
120.5563 	EXP 	line3: autoDraw = True
120.5563 	EXP 	line4: autoDraw = True
121.0088 	DATA 	Keypress: x
121.0233 	EXP 	Device response: <KeyPress from None: t=121.00484670000151, value=x, duration=None>
121.2567 	EXP 	Device response: <KeyPress from None: t=121.00484670000151, value=x, duration=0.24845970000023954>
121.5738 	INFO 	Keyboard events cleared
121.5735 	EXP 	fixation: autoDraw = False
121.5735 	EXP 	probe: autoDraw = True
121.9876 	EXP 	Device response: <KeyPress from None: t=121.98466780000308, value=x, duration=None>
121.9881 	EXP 	New trial (rep=11, index=1): <Trial 45 (1 in rep 11) data={'pos': 150, 'corr_resp': 'v', 'thisN': 45, 'thisTrialN': 1, 'thisRepN': 11}>
121.9894 	DATA 	Keypress: x
122.0027 	EXP 	fixation: autoDraw = False
122.0027 	EXP 	line1: autoDraw = False
122.0027 	EXP 	line2: autoDraw = False
122.0027 	EXP 	line3: autoDraw = False
122.0027 	EXP 	line4: autoDraw = False
122.0027 	EXP 	probe: autoDraw = False
122.2035 	EXP 	Device response: <KeyPress from None: t=121.98466780000308, value=x, duration=0.20351339999979245>
122.9891 	EXP 	fixation: autoDraw = True
122.9891 	EXP 	line1: autoDraw = True
122.9891 	EXP 	line2: autoDraw = True
122.9891 	EXP 	line3: autoDraw = True
122.9891 	EXP 	line4: autoDraw = True
123.9867 	INFO 	Keyboard events cleared
123.9865 	EXP 	fixation: autoDraw = False
123.9865 	EXP 	probe: autoDraw = True
124.3199 	DATA 	Keypress: v
124.3366 	EXP 	Device response: <KeyPress from None: t=124.31848340000215, value=v, duration=None>
124.3371 	EXP 	New trial (rep=11, index=2): <Trial 46 (2 in rep 11) data={'pos': 50, 'corr_resp': 'c', 'thisN': 46, 'thisTrialN': 2, 'thisRepN': 11}>
124.3530 	EXP 	fixation: autoDraw = False
124.3530 	EXP 	line1: autoDraw = False
124.3530 	EXP 	line2: autoDraw = False
124.3530 	EXP 	line3: autoDraw = False
124.3530 	EXP 	line4: autoDraw = False
124.3530 	EXP 	probe: autoDraw = False
124.5176 	EXP 	Device response: <KeyPress from None: t=124.31848340000215, value=v, duration=0.19239359999846783>
125.3367 	EXP 	fixation: autoDraw = True
125.3367 	EXP 	line1: autoDraw = True
125.3367 	EXP 	line2: autoDraw = True
125.3367 	EXP 	line3: autoDraw = True
125.3367 	EXP 	line4: autoDraw = True
126.3518 	INFO 	Keyboard events cleared
126.3517 	EXP 	fixation: autoDraw = False
126.3517 	EXP 	probe: autoDraw = True
126.6533 	EXP 	Device response: <KeyPress from None: t=126.64849270000195, value=c, duration=None>
126.6538 	EXP 	New trial (rep=11, index=3): <Trial 47 (3 in rep 11) data={'pos': -150, 'corr_resp': 'z', 'thisN': 47, 'thisTrialN': 3, 'thisRepN': 11}>
126.6550 	DATA 	Keypress: c
126.6697 	EXP 	fixation: autoDraw = False
126.6697 	EXP 	line1: autoDraw = False
126.6697 	EXP 	line2: autoDraw = False
126.6697 	EXP 	line3: autoDraw = False
126.6697 	EXP 	line4: autoDraw = False
126.6697 	EXP 	probe: autoDraw = False
126.9739 	EXP 	Device response: <KeyPress from None: t=126.64849270000195, value=c, duration=0.3166025999998965>
127.6564 	EXP 	fixation: autoDraw = True
127.6564 	EXP 	line1: autoDraw = True
127.6564 	EXP 	line2: autoDraw = True
127.6564 	EXP 	line3: autoDraw = True
127.6564 	EXP 	line4: autoDraw = True
128.6538 	INFO 	Keyboard events cleared
128.6536 	EXP 	probe: autoDraw = True
128.6694 	EXP 	fixation: autoDraw = False
128.9063 	EXP 	Device response: <KeyPress from None: t=128.9032223000031, value=z, duration=None>
128.9067 	EXP 	New trial (rep=12, index=0): <Trial 48 (0 in rep 12) data={'pos': -50, 'corr_resp': 'x', 'thisN': 48, 'thisTrialN': 0, 'thisRepN': 12}>
128.9093 	DATA 	Keypress: z
128.9229 	EXP 	fixation: autoDraw = False
128.9229 	EXP 	line1: autoDraw = False
128.9229 	EXP 	line2: autoDraw = False
128.9229 	EXP 	line3: autoDraw = False
128.9229 	EXP 	line4: autoDraw = False
128.9229 	EXP 	probe: autoDraw = False
129.1046 	EXP 	Device response: <KeyPress from None: t=128.9032223000031, value=z, duration=0.18915559999732068>
129.9225 	EXP 	fixation: autoDraw = True
129.9225 	EXP 	line1: autoDraw = True
129.9225 	EXP 	line2: autoDraw = True
129.9225 	EXP 	line3: autoDraw = True
129.9225 	EXP 	line4: autoDraw = True
130.9198 	INFO 	Keyboard events cleared
130.9196 	EXP 	probe: autoDraw = True
130.9341 	EXP 	fixation: autoDraw = False
131.3371 	EXP 	Device response: <KeyPress from None: t=131.3221252000003, value=x, duration=None>
131.3375 	EXP 	New trial (rep=12, index=1): <Trial 49 (1 in rep 12) data={'pos': 150, 'corr_resp': 'v', 'thisN': 49, 'thisTrialN': 1, 'thisRepN': 12}>
131.3388 	DATA 	Keypress: x
131.3534 	EXP 	fixation: autoDraw = False
131.3534 	EXP 	line1: autoDraw = False
131.3534 	EXP 	line2: autoDraw = False
131.3534 	EXP 	line3: autoDraw = False
131.3534 	EXP 	line4: autoDraw = False
131.3534 	EXP 	probe: autoDraw = False
131.5867 	EXP 	Device response: <KeyPress from None: t=131.3221252000003, value=x, duration=0.2591241000009177>
132.3527 	EXP 	fixation: autoDraw = True
132.3527 	EXP 	line1: autoDraw = True
132.3527 	EXP 	line2: autoDraw = True
132.3527 	EXP 	line3: autoDraw = True
132.3527 	EXP 	line4: autoDraw = True
133.3397 	INFO 	Keyboard events cleared
133.3394 	EXP 	probe: autoDraw = True
133.3566 	EXP 	fixation: autoDraw = False
133.3908 	EXP 	Device response: <KeyPress from None: t=133.3821921000017, value=v, duration=None>
133.3915 	EXP 	New trial (rep=12, index=2): <Trial 50 (2 in rep 12) data={'pos': 50, 'corr_resp': 'c', 'thisN': 50, 'thisTrialN': 2, 'thisRepN': 12}>
133.3942 	DATA 	Keypress: v
133.4063 	EXP 	fixation: autoDraw = False
133.4063 	EXP 	line1: autoDraw = False
133.4063 	EXP 	line2: autoDraw = False
133.4063 	EXP 	line3: autoDraw = False
133.4063 	EXP 	line4: autoDraw = False
133.4063 	EXP 	probe: autoDraw = False
133.5767 	EXP 	Device response: <KeyPress from None: t=133.3821921000017, value=v, duration=0.1912664000010409>
134.3910 	EXP 	fixation: autoDraw = True
134.3910 	EXP 	line1: autoDraw = True
134.3910 	EXP 	line2: autoDraw = True
134.3910 	EXP 	line3: autoDraw = True
134.3910 	EXP 	line4: autoDraw = True
135.4056 	INFO 	Keyboard events cleared
135.4053 	EXP 	fixation: autoDraw = False
135.4053 	EXP 	probe: autoDraw = True
135.6072 	EXP 	Device response: <KeyPress from None: t=135.60500350000075, value=c, duration=None>
135.6080 	EXP 	New trial (rep=12, index=3): <Trial 51 (3 in rep 12) data={'pos': -150, 'corr_resp': 'z', 'thisN': 51, 'thisTrialN': 3, 'thisRepN': 12}>
135.6105 	DATA 	Keypress: c
135.6222 	EXP 	fixation: autoDraw = False
135.6222 	EXP 	line1: autoDraw = False
135.6222 	EXP 	line2: autoDraw = False
135.6222 	EXP 	line3: autoDraw = False
135.6222 	EXP 	line4: autoDraw = False
135.6222 	EXP 	probe: autoDraw = False
135.8239 	EXP 	Device response: <KeyPress from None: t=135.60500350000075, value=c, duration=0.20703929999945103>
136.6201 	EXP 	fixation: autoDraw = True
136.6201 	EXP 	line1: autoDraw = True
136.6201 	EXP 	line2: autoDraw = True
136.6201 	EXP 	line3: autoDraw = True
136.6201 	EXP 	line4: autoDraw = True
137.6199 	INFO 	Keyboard events cleared
137.6197 	EXP 	fixation: autoDraw = False
137.6197 	EXP 	probe: autoDraw = True
137.9042 	EXP 	Device response: <KeyPress from None: t=137.89940930000012, value=z, duration=None>
137.9046 	EXP 	New trial (rep=13, index=0): <Trial 52 (0 in rep 13) data={'pos': -50, 'corr_resp': 'x', 'thisN': 52, 'thisTrialN': 0, 'thisRepN': 13}>
137.9060 	DATA 	Keypress: z
137.9190 	EXP 	fixation: autoDraw = False
137.9190 	EXP 	line1: autoDraw = False
137.9190 	EXP 	line2: autoDraw = False
137.9190 	EXP 	line3: autoDraw = False
137.9190 	EXP 	line4: autoDraw = False
137.9190 	EXP 	probe: autoDraw = False
138.1369 	EXP 	Device response: <KeyPress from None: t=137.89940930000012, value=z, duration=0.224727000000712>
138.9198 	EXP 	fixation: autoDraw = True
138.9198 	EXP 	line1: autoDraw = True
138.9198 	EXP 	line2: autoDraw = True
138.9198 	EXP 	line3: autoDraw = True
138.9198 	EXP 	line4: autoDraw = True
139.7205 	EXP 	Device response: <KeyPress from None: t=139.71780299999955, value=x, duration=None>
139.7222 	DATA 	Keypress: x
139.9202 	INFO 	Keyboard events cleared
139.9200 	EXP 	fixation: autoDraw = False
139.9200 	EXP 	probe: autoDraw = True
140.0372 	EXP 	Device response: <KeyPress from None: t=139.71780299999955, value=x, duration=0.3171970000003057>
140.2534 	EXP 	Device response: <KeyPress from None: t=140.24765240000124, value=x, duration=None>
140.2538 	EXP 	New trial (rep=13, index=1): <Trial 53 (1 in rep 13) data={'pos': 150, 'corr_resp': 'v', 'thisN': 53, 'thisTrialN': 1, 'thisRepN': 13}>
140.2550 	DATA 	Keypress: x
140.2704 	EXP 	fixation: autoDraw = False
140.2704 	EXP 	line1: autoDraw = False
140.2704 	EXP 	line2: autoDraw = False
140.2704 	EXP 	line3: autoDraw = False
140.2704 	EXP 	line4: autoDraw = False
140.2704 	EXP 	probe: autoDraw = False
140.5172 	EXP 	Device response: <KeyPress from None: t=140.24765240000124, value=x, duration=0.2666386999990209>
141.2529 	EXP 	fixation: autoDraw = True
141.2529 	EXP 	line1: autoDraw = True
141.2529 	EXP 	line2: autoDraw = True
141.2529 	EXP 	line3: autoDraw = True
141.2529 	EXP 	line4: autoDraw = True
142.2382 	EXP 	Device response: <KeyPress from None: t=142.23513600000297, value=v, duration=None>
142.2404 	DATA 	Keypress: v
142.2534 	INFO 	Keyboard events cleared
142.2532 	EXP 	fixation: autoDraw = False
142.2532 	EXP 	probe: autoDraw = True
142.4372 	EXP 	Device response: <KeyPress from None: t=142.23513600000297, value=v, duration=0.18661519999659504>
142.8717 	EXP 	Device response: <KeyPress from None: t=142.8703254000029, value=v, duration=None>
142.8721 	EXP 	New trial (rep=13, index=2): <Trial 54 (2 in rep 13) data={'pos': 50, 'corr_resp': 'c', 'thisN': 54, 'thisTrialN': 2, 'thisRepN': 13}>
142.8734 	DATA 	Keypress: v
142.8862 	EXP 	fixation: autoDraw = False
142.8862 	EXP 	line1: autoDraw = False
142.8862 	EXP 	line2: autoDraw = False
142.8862 	EXP 	line3: autoDraw = False
142.8862 	EXP 	line4: autoDraw = False
142.8862 	EXP 	probe: autoDraw = False
143.1062 	EXP 	Device response: <KeyPress from None: t=142.8703254000029, value=v, duration=0.2202045999983966>
143.8743 	EXP 	fixation: autoDraw = True
143.8743 	EXP 	line1: autoDraw = True
143.8743 	EXP 	line2: autoDraw = True
143.8743 	EXP 	line3: autoDraw = True
143.8743 	EXP 	line4: autoDraw = True
144.3436 	DATA 	Keypress: c
144.3567 	EXP 	Device response: <KeyPress from None: t=144.3412442000008, value=c, duration=None>
144.7701 	EXP 	Device response: <KeyPress from None: t=144.3412442000008, value=c, duration=0.42312410000158707>
144.8731 	INFO 	Keyboard events cleared
144.8728 	EXP 	probe: autoDraw = True
144.8894 	EXP 	fixation: autoDraw = False
145.1698 	EXP 	Device response: <KeyPress from None: t=145.15580920000139, value=c, duration=None>
145.1703 	EXP 	New trial (rep=13, index=3): <Trial 55 (3 in rep 13) data={'pos': -150, 'corr_resp': 'z', 'thisN': 55, 'thisTrialN': 3, 'thisRepN': 13}>
145.1713 	DATA 	Keypress: c
145.1834 	EXP 	fixation: autoDraw = False
145.1834 	EXP 	line1: autoDraw = False
145.1834 	EXP 	line2: autoDraw = False
145.1834 	EXP 	line3: autoDraw = False
145.1834 	EXP 	line4: autoDraw = False
145.1834 	EXP 	probe: autoDraw = False
145.3871 	EXP 	Device response: <KeyPress from None: t=145.15580920000139, value=c, duration=0.2179967999982182>
146.1865 	EXP 	fixation: autoDraw = True
146.1865 	EXP 	line1: autoDraw = True
146.1865 	EXP 	line2: autoDraw = True
146.1865 	EXP 	line3: autoDraw = True
146.1865 	EXP 	line4: autoDraw = True
147.1039 	EXP 	Device response: <KeyPress from None: t=147.10029340000256, value=z, duration=None>
147.1061 	DATA 	Keypress: z
147.1693 	INFO 	Keyboard events cleared
147.1689 	EXP 	probe: autoDraw = True
147.1863 	EXP 	fixation: autoDraw = False
147.2865 	EXP 	Device response: <KeyPress from None: t=147.10029340000256, value=z, duration=0.180935699998372>
147.6351 	EXP 	Device response: <KeyPress from None: t=147.63458030000038, value=z, duration=None>
147.6355 	EXP 	New trial (rep=14, index=0): <Trial 56 (0 in rep 14) data={'pos': -50, 'corr_resp': 'x', 'thisN': 56, 'thisTrialN': 0, 'thisRepN': 14}>
147.6366 	DATA 	Keypress: z
147.6515 	EXP 	fixation: autoDraw = False
147.6515 	EXP 	line1: autoDraw = False
147.6515 	EXP 	line2: autoDraw = False
147.6515 	EXP 	line3: autoDraw = False
147.6515 	EXP 	line4: autoDraw = False
147.6515 	EXP 	probe: autoDraw = False
147.8405 	EXP 	Device response: <KeyPress from None: t=147.63458030000038, value=z, duration=0.1945703000019421>
148.6511 	EXP 	fixation: autoDraw = True
148.6511 	EXP 	line1: autoDraw = True
148.6511 	EXP 	line2: autoDraw = True
148.6511 	EXP 	line3: autoDraw = True
148.6511 	EXP 	line4: autoDraw = True
149.5696 	EXP 	Device response: <KeyPress from None: t=149.56161620000057, value=x, duration=None>
149.5714 	DATA 	Keypress: x
149.6357 	INFO 	Keyboard events cleared
149.6355 	EXP 	probe: autoDraw = True
149.6528 	EXP 	fixation: autoDraw = False
149.8239 	EXP 	Device response: <KeyPress from None: t=149.56161620000057, value=x, duration=0.24924160000227857>
150.1366 	EXP 	Device response: <KeyPress from None: t=150.12717150000026, value=x, duration=None>
150.1372 	EXP 	New trial (rep=14, index=1): <Trial 57 (1 in rep 14) data={'pos': 150, 'corr_resp': 'v', 'thisN': 57, 'thisTrialN': 1, 'thisRepN': 14}>
150.1385 	DATA 	Keypress: x
150.1530 	EXP 	fixation: autoDraw = False
150.1530 	EXP 	line1: autoDraw = False
150.1530 	EXP 	line2: autoDraw = False
150.1530 	EXP 	line3: autoDraw = False
150.1530 	EXP 	line4: autoDraw = False
150.1530 	EXP 	probe: autoDraw = False
150.3910 	EXP 	Device response: <KeyPress from None: t=150.12717150000026, value=x, duration=0.25517650000256253>
151.1379 	EXP 	fixation: autoDraw = True
151.1379 	EXP 	line1: autoDraw = True
151.1379 	EXP 	line2: autoDraw = True
151.1379 	EXP 	line3: autoDraw = True
151.1379 	EXP 	line4: autoDraw = True
151.6377 	DATA 	Keypress: v
151.6535 	EXP 	Device response: <KeyPress from None: t=151.6368321000009, value=v, duration=None>
151.8204 	EXP 	Device response: <KeyPress from None: t=151.6368321000009, value=v, duration=0.17045390000203042>
152.0725 	DATA 	Keypress: v
152.0867 	EXP 	Device response: <KeyPress from None: t=152.07150790000014, value=v, duration=None>
152.1530 	INFO 	Keyboard events cleared
152.1528 	EXP 	fixation: autoDraw = False
152.1528 	EXP 	probe: autoDraw = True
152.2531 	EXP 	Device response: <KeyPress from None: t=152.07150790000014, value=v, duration=0.1660663000002387>
152.4862 	EXP 	Device response: <KeyPress from None: t=152.4759432000028, value=v, duration=None>
152.4867 	EXP 	New trial (rep=14, index=2): <Trial 58 (2 in rep 14) data={'pos': 50, 'corr_resp': 'c', 'thisN': 58, 'thisTrialN': 2, 'thisRepN': 14}>
152.4879 	DATA 	Keypress: v
152.5027 	EXP 	fixation: autoDraw = False
152.5027 	EXP 	line1: autoDraw = False
152.5027 	EXP 	line2: autoDraw = False
152.5027 	EXP 	line3: autoDraw = False
152.5027 	EXP 	line4: autoDraw = False
152.5027 	EXP 	probe: autoDraw = False
152.6531 	EXP 	Device response: <KeyPress from None: t=152.4759432000028, value=v, duration=0.16547319999881438>
152.8866 	EXP 	Device response: <KeyPress from None: t=152.8753026000013, value=v, duration=None>
152.8875 	DATA 	Keypress: v
153.0696 	EXP 	Device response: <KeyPress from None: t=152.8753026000013, value=v, duration=0.1840998000006948>
153.4868 	EXP 	fixation: autoDraw = True
153.4868 	EXP 	line1: autoDraw = True
153.4868 	EXP 	line2: autoDraw = True
153.4868 	EXP 	line3: autoDraw = True
153.4868 	EXP 	line4: autoDraw = True
153.7867 	EXP 	Device response: <KeyPress from None: t=153.78180870000142, value=c, duration=None>
153.7884 	DATA 	Keypress: c
153.9674 	EXP 	Device response: <KeyPress from None: t=153.78180870000142, value=c, duration=0.17303810000157682>
154.2031 	EXP 	Device response: <KeyPress from None: t=154.18839460000163, value=c, duration=None>
154.2049 	DATA 	Keypress: c
154.3864 	EXP 	Device response: <KeyPress from None: t=154.18839460000163, value=c, duration=0.19344569999884698>
154.5036 	INFO 	Keyboard events cleared
154.5034 	EXP 	fixation: autoDraw = False
154.5034 	EXP 	probe: autoDraw = True
154.5529 	EXP 	Device response: <KeyPress from None: t=154.54475600000296, value=c, duration=None>
154.5534 	EXP 	New trial (rep=14, index=3): <Trial 59 (3 in rep 14) data={'pos': -150, 'corr_resp': 'z', 'thisN': 59, 'thisTrialN': 3, 'thisRepN': 14}>
154.5550 	DATA 	Keypress: c
154.5695 	EXP 	fixation: autoDraw = False
154.5695 	EXP 	line1: autoDraw = False
154.5695 	EXP 	line2: autoDraw = False
154.5695 	EXP 	line3: autoDraw = False
154.5695 	EXP 	line4: autoDraw = False
154.5695 	EXP 	probe: autoDraw = False
154.9696 	EXP 	Device response: <KeyPress from None: t=154.54475600000296, value=c, duration=0.41803349999827333>
155.5527 	EXP 	fixation: autoDraw = True
155.5527 	EXP 	line1: autoDraw = True
155.5527 	EXP 	line2: autoDraw = True
155.5527 	EXP 	line3: autoDraw = True
155.5527 	EXP 	line4: autoDraw = True
155.7197 	EXP 	Device response: <KeyPress from None: t=155.70791280000049, value=z, duration=None>
155.7215 	DATA 	Keypress: z
155.9370 	EXP 	Device response: <KeyPress from None: t=155.70791280000049, value=z, duration=0.21823610000137705>
156.2238 	DATA 	Keypress: z
156.2411 	EXP 	Device response: <KeyPress from None: t=156.22035120000146, value=z, duration=None>
156.4246 	EXP 	Device response: <KeyPress from None: t=156.22035120000146, value=z, duration=0.18713890000071842>
156.5535 	INFO 	Keyboard events cleared
156.5532 	EXP 	fixation: autoDraw = False
156.5532 	EXP 	probe: autoDraw = True
156.6506 	EXP 	Device response: <KeyPress from None: t=156.63999850000255, value=z, duration=None>
156.6510 	EXP 	New trial (rep=15, index=0): <Trial 60 (0 in rep 15) data={'pos': -50, 'corr_resp': 'x', 'thisN': 60, 'thisTrialN': 0, 'thisRepN': 15}>
156.6522 	DATA 	Keypress: z
156.6667 	EXP 	fixation: autoDraw = False
156.6667 	EXP 	line1: autoDraw = False
156.6667 	EXP 	line2: autoDraw = False
156.6667 	EXP 	line3: autoDraw = False
156.6667 	EXP 	line4: autoDraw = False
156.6667 	EXP 	probe: autoDraw = False
156.8581 	EXP 	Device response: <KeyPress from None: t=156.63999850000255, value=z, duration=0.2150441999983741>
157.6509 	EXP 	fixation: autoDraw = True
157.6509 	EXP 	line1: autoDraw = True
157.6509 	EXP 	line2: autoDraw = True
157.6509 	EXP 	line3: autoDraw = True
157.6509 	EXP 	line4: autoDraw = True
158.0200 	EXP 	Device response: <KeyPress from None: t=158.01507649999985, value=x, duration=None>
158.0222 	DATA 	Keypress: x
158.2533 	EXP 	Device response: <KeyPress from None: t=158.01507649999985, value=x, duration=0.2244237000013527>
158.4533 	EXP 	Device response: <KeyPress from None: t=158.4418844000029, value=x, duration=None>
158.4550 	DATA 	Keypress: x
158.6521 	INFO 	Keyboard events cleared
158.6519 	EXP 	fixation: autoDraw = False
158.6519 	EXP 	probe: autoDraw = True
158.6704 	EXP 	Device response: <KeyPress from None: t=158.4418844000029, value=x, duration=0.2274714999985008>
158.7036 	EXP 	Device response: <KeyPress from None: t=158.70092020000084, value=x, duration=None>
158.7040 	EXP 	New trial (rep=15, index=1): <Trial 61 (1 in rep 15) data={'pos': 150, 'corr_resp': 'v', 'thisN': 61, 'thisTrialN': 1, 'thisRepN': 15}>
158.7052 	DATA 	Keypress: x
158.7192 	EXP 	fixation: autoDraw = False
158.7192 	EXP 	line1: autoDraw = False
158.7192 	EXP 	line2: autoDraw = False
158.7192 	EXP 	line3: autoDraw = False
158.7192 	EXP 	line4: autoDraw = False
158.7192 	EXP 	probe: autoDraw = False
158.9194 	EXP 	Device response: <KeyPress from None: t=158.70092020000084, value=x, duration=0.21343460000207415>
159.7192 	EXP 	fixation: autoDraw = True
159.7192 	EXP 	line1: autoDraw = True
159.7192 	EXP 	line2: autoDraw = True
159.7192 	EXP 	line3: autoDraw = True
159.7192 	EXP 	line4: autoDraw = True
160.1527 	EXP 	Device response: <KeyPress from None: t=160.14774820000093, value=v, duration=None>
160.1544 	DATA 	Keypress: v
160.3203 	EXP 	Device response: <KeyPress from None: t=160.14774820000093, value=v, duration=0.1694409000010637>
160.5529 	EXP 	Device response: <KeyPress from None: t=160.54004630000054, value=v, duration=None>
160.5548 	DATA 	Keypress: v
160.7175 	INFO 	Keyboard events cleared
160.7173 	EXP 	probe: autoDraw = True
160.7340 	EXP 	fixation: autoDraw = False
160.8519 	DATA 	Keypress: v
160.8675 	EXP 	Device response: <KeyPress from None: t=160.85115320000114, value=v, duration=None>
160.8680 	EXP 	New trial (rep=15, index=2): <Trial 62 (2 in rep 15) data={'pos': 50, 'corr_resp': 'c', 'thisN': 62, 'thisTrialN': 2, 'thisRepN': 15}>
160.8840 	EXP 	fixation: autoDraw = False
160.8840 	EXP 	line1: autoDraw = False
160.8840 	EXP 	line2: autoDraw = False
160.8840 	EXP 	line3: autoDraw = False
160.8840 	EXP 	line4: autoDraw = False
160.8840 	EXP 	probe: autoDraw = False
161.0340 	EXP 	Device response: <KeyPress from None: t=160.54004630000054, value=v, duration=0.4914295000016864>
161.3063 	EXP 	Device response: <KeyPress from None: t=161.30295710000064, value=v, duration=None>
161.3080 	DATA 	Keypress: v
161.4861 	EXP 	Device response: <KeyPress from None: t=160.85115320000114, value=v, duration=0.6287044000018795>
161.7205 	DATA 	Keypress: v
161.7410 	EXP 	Device response: <KeyPress from None: t=161.72009780000008, value=v, duration=None>
161.8605 	EXP 	Device response: <KeyPress from None: t=161.30295710000064, value=v, duration=0.5532841000022017>
161.8862 	EXP 	fixation: autoDraw = True
161.8862 	EXP 	line1: autoDraw = True
161.8862 	EXP 	line2: autoDraw = True
161.8862 	EXP 	line3: autoDraw = True
161.8862 	EXP 	line4: autoDraw = True
162.5198 	EXP 	Device response: <KeyPress from None: t=162.51533870000276, value=v, duration=None>
162.5215 	DATA 	Keypress: v
162.7026 	EXP 	Device response: <KeyPress from None: t=161.72009780000008, value=v, duration=0.9719788000002154>
162.8705 	INFO 	Keyboard events cleared
162.8703 	EXP 	probe: autoDraw = True
162.8864 	EXP 	fixation: autoDraw = False
162.9699 	EXP 	Device response: <KeyPress from None: t=162.95617670000138, value=x, duration=None>
162.9704 	EXP 	New trial (rep=15, index=3): <Trial 63 (3 in rep 15) data={'pos': -150, 'corr_resp': 'z', 'thisN': 63, 'thisTrialN': 3, 'thisRepN': 15}>
162.9718 	DATA 	Keypress: x
162.9856 	EXP 	fixation: autoDraw = False
162.9856 	EXP 	line1: autoDraw = False
162.9856 	EXP 	line2: autoDraw = False
162.9856 	EXP 	line3: autoDraw = False
162.9856 	EXP 	line4: autoDraw = False
162.9856 	EXP 	probe: autoDraw = False
163.1366 	EXP 	Device response: <KeyPress from None: t=162.95617670000138, value=x, duration=0.17140930000095977>
163.9693 	EXP 	fixation: autoDraw = True
163.9693 	EXP 	line1: autoDraw = True
163.9693 	EXP 	line2: autoDraw = True
163.9693 	EXP 	line3: autoDraw = True
163.9693 	EXP 	line4: autoDraw = True
164.7670 	EXP 	Device response: <KeyPress from None: t=164.75583750000078, value=z, duration=None>
164.7685 	DATA 	Keypress: z
164.9728 	INFO 	Keyboard events cleared
164.9725 	EXP 	fixation: autoDraw = False
164.9725 	EXP 	probe: autoDraw = True
165.3534 	EXP 	Device response: <KeyPress from None: t=165.34093120000034, value=z, duration=None>
165.3538 	EXP 	New trial (rep=16, index=0): <Trial 64 (0 in rep 16) data={'pos': -50, 'corr_resp': 'x', 'thisN': 64, 'thisTrialN': 0, 'thisRepN': 16}>
165.3552 	DATA 	Keypress: z
165.3697 	EXP 	fixation: autoDraw = False
165.3697 	EXP 	line1: autoDraw = False
165.3697 	EXP 	line2: autoDraw = False
165.3697 	EXP 	line3: autoDraw = False
165.3697 	EXP 	line4: autoDraw = False
165.3697 	EXP 	probe: autoDraw = False
165.5362 	EXP 	Device response: <KeyPress from None: t=164.75583750000078, value=z, duration=0.7750310000010359>
166.3663 	EXP 	fixation: autoDraw = True
166.3663 	EXP 	line1: autoDraw = True
166.3663 	EXP 	line2: autoDraw = True
166.3663 	EXP 	line3: autoDraw = True
166.3663 	EXP 	line4: autoDraw = True
166.7862 	EXP 	Device response: <KeyPress from None: t=166.78148040000087, value=v, duration=None>
166.7882 	DATA 	Keypress: v
166.9237 	EXP 	Device response: <KeyPress from None: t=162.51533870000276, value=v, duration=4.396894699999393>
167.1579 	EXP 	Device response: <KeyPress from None: t=167.15750440000193, value=v, duration=None>
167.1616 	DATA 	Keypress: v
167.3246 	EXP 	Device response: <KeyPress from None: t=166.78148040000087, value=v, duration=0.5412025000005087>
167.3569 	INFO 	Keyboard events cleared
167.3566 	EXP 	probe: autoDraw = True
167.3724 	EXP 	fixation: autoDraw = False
167.5232 	EXP 	Device response: <KeyPress from None: t=167.5148380999999, value=v, duration=None>
167.5240 	EXP 	New trial (rep=16, index=1): <Trial 65 (1 in rep 16) data={'pos': 150, 'corr_resp': 'v', 'thisN': 65, 'thisTrialN': 1, 'thisRepN': 16}>
167.5266 	DATA 	Keypress: v
167.5400 	EXP 	fixation: autoDraw = False
167.5400 	EXP 	line1: autoDraw = False
167.5400 	EXP 	line2: autoDraw = False
167.5400 	EXP 	line3: autoDraw = False
167.5400 	EXP 	line4: autoDraw = False
167.5400 	EXP 	probe: autoDraw = False
167.8733 	EXP 	Device response: <KeyPress from None: t=167.15750440000193, value=v, duration=0.6997826000006171>
168.1229 	EXP 	Device response: <KeyPress from None: t=168.10980370000107, value=v, duration=None>
168.1249 	DATA 	Keypress: v
168.2743 	EXP 	Device response: <KeyPress from None: t=167.5148380999999, value=v, duration=0.7575133999998798>
168.5220 	EXP 	fixation: autoDraw = True
168.5220 	EXP 	line1: autoDraw = True
168.5220 	EXP 	line2: autoDraw = True
168.5220 	EXP 	line3: autoDraw = True
168.5220 	EXP 	line4: autoDraw = True
169.2233 	EXP 	Device response: <KeyPress from None: t=169.21913830000267, value=c, duration=None>
169.2260 	DATA 	Keypress: c
169.4027 	EXP 	Device response: <KeyPress from None: t=169.21913830000267, value=c, duration=0.1783584000004339>
169.5226 	EXP 	fixation: autoDraw = False
169.5401 	INFO 	Keyboard events cleared
169.5398 	EXP 	probe: autoDraw = True
169.6406 	EXP 	Device response: <KeyPress from None: t=169.6359979000008, value=c, duration=None>
169.6412 	EXP 	New trial (rep=16, index=2): <Trial 66 (2 in rep 16) data={'pos': 50, 'corr_resp': 'c', 'thisN': 66, 'thisTrialN': 2, 'thisRepN': 16}>
169.6437 	DATA 	Keypress: c
169.6557 	EXP 	fixation: autoDraw = False
169.6557 	EXP 	line1: autoDraw = False
169.6557 	EXP 	line2: autoDraw = False
169.6557 	EXP 	line3: autoDraw = False
169.6557 	EXP 	line4: autoDraw = False
169.6557 	EXP 	probe: autoDraw = False
169.8730 	EXP 	Device response: <KeyPress from None: t=169.6359979000008, value=c, duration=0.22266450000097393>
170.6526 	EXP 	fixation: autoDraw = True
170.6526 	EXP 	line1: autoDraw = True
170.6526 	EXP 	line2: autoDraw = True
170.6526 	EXP 	line3: autoDraw = True
170.6526 	EXP 	line4: autoDraw = True
171.6526 	INFO 	Keyboard events cleared
171.6524 	EXP 	fixation: autoDraw = False
171.6524 	EXP 	probe: autoDraw = True
172.1528 	EXP 	Device response: <KeyPress from None: t=172.1475113000015, value=c, duration=None>
172.1533 	EXP 	New trial (rep=16, index=3): <Trial 67 (3 in rep 16) data={'pos': -150, 'corr_resp': 'z', 'thisN': 67, 'thisTrialN': 3, 'thisRepN': 16}>
172.1545 	DATA 	Keypress: c
172.1701 	EXP 	fixation: autoDraw = False
172.1701 	EXP 	line1: autoDraw = False
172.1701 	EXP 	line2: autoDraw = False
172.1701 	EXP 	line3: autoDraw = False
172.1701 	EXP 	line4: autoDraw = False
172.1701 	EXP 	probe: autoDraw = False
172.3875 	EXP 	Device response: <KeyPress from None: t=172.1475113000015, value=c, duration=0.2256630000010773>
173.1519 	EXP 	fixation: autoDraw = True
173.1519 	EXP 	line1: autoDraw = True
173.1519 	EXP 	line2: autoDraw = True
173.1519 	EXP 	line3: autoDraw = True
173.1519 	EXP 	line4: autoDraw = True
173.4196 	EXP 	Device response: <KeyPress from None: t=173.41093120000005, value=z, duration=None>
173.4214 	DATA 	Keypress: z
173.6197 	EXP 	Device response: <KeyPress from None: t=165.34093120000034, value=z, duration=8.273919999999634>
173.9360 	EXP 	Device response: <KeyPress from None: t=173.93376920000082, value=z, duration=None>
173.9377 	DATA 	Keypress: z
174.1207 	EXP 	Device response: <KeyPress from None: t=173.41093120000005, value=z, duration=0.7054877000009583>
174.1508 	INFO 	Keyboard events cleared
174.1506 	EXP 	fixation: autoDraw = False
174.1506 	EXP 	probe: autoDraw = True
174.7196 	EXP 	Device response: <KeyPress from None: t=174.71044059999986, value=z, duration=None>
174.7200 	EXP 	New trial (rep=17, index=0): <Trial 68 (0 in rep 17) data={'pos': -50, 'corr_resp': 'x', 'thisN': 68, 'thisTrialN': 0, 'thisRepN': 17}>
174.7213 	DATA 	Keypress: z
174.7360 	EXP 	fixation: autoDraw = False
174.7360 	EXP 	line1: autoDraw = False
174.7360 	EXP 	line2: autoDraw = False
174.7360 	EXP 	line3: autoDraw = False
174.7360 	EXP 	line4: autoDraw = False
174.7360 	EXP 	probe: autoDraw = False
174.9368 	EXP 	Device response: <KeyPress from None: t=173.93376920000082, value=z, duration=0.9953238000016427>
175.3027 	EXP 	Device response: <KeyPress from None: t=175.29738329999964, value=x, duration=None>
175.3036 	DATA 	Keypress: x
175.4711 	EXP 	Device response: <KeyPress from None: t=175.29738329999964, value=x, duration=0.17102040000099805>
175.7191 	EXP 	fixation: autoDraw = True
175.7191 	EXP 	line1: autoDraw = True
175.7191 	EXP 	line2: autoDraw = True
175.7191 	EXP 	line3: autoDraw = True
175.7191 	EXP 	line4: autoDraw = True
176.4195 	EXP 	Device response: <KeyPress from None: t=176.41089830000055, value=x, duration=None>
176.4212 	DATA 	Keypress: x
176.6369 	EXP 	Device response: <KeyPress from None: t=176.41089830000055, value=x, duration=0.22496180000234745>
176.7187 	INFO 	Keyboard events cleared
176.7185 	EXP 	fixation: autoDraw = False
176.7185 	EXP 	probe: autoDraw = True
176.8702 	EXP 	Device response: <KeyPress from None: t=176.85570830000142, value=x, duration=None>
176.8706 	EXP 	New trial (rep=17, index=1): <Trial 69 (1 in rep 17) data={'pos': 150, 'corr_resp': 'v', 'thisN': 69, 'thisTrialN': 1, 'thisRepN': 17}>
176.8720 	DATA 	Keypress: x
176.8857 	EXP 	fixation: autoDraw = False
176.8857 	EXP 	line1: autoDraw = False
176.8857 	EXP 	line2: autoDraw = False
176.8857 	EXP 	line3: autoDraw = False
176.8857 	EXP 	line4: autoDraw = False
176.8857 	EXP 	probe: autoDraw = False
177.0859 	EXP 	Device response: <KeyPress from None: t=176.85570830000142, value=x, duration=0.2249852999993891>
177.8855 	EXP 	fixation: autoDraw = True
177.8855 	EXP 	line1: autoDraw = True
177.8855 	EXP 	line2: autoDraw = True
177.8855 	EXP 	line3: autoDraw = True
177.8855 	EXP 	line4: autoDraw = True
177.9855 	EXP 	Device response: <KeyPress from None: t=177.98018370000136, value=v, duration=None>
177.9875 	DATA 	Keypress: v
178.1690 	EXP 	Device response: <KeyPress from None: t=168.10980370000107, value=v, duration=10.054203399999096>
178.4056 	DATA 	Keypress: v
178.4195 	EXP 	Device response: <KeyPress from None: t=178.40503540000282, value=v, duration=None>
178.5868 	EXP 	Device response: <KeyPress from None: t=177.98018370000136, value=v, duration=0.6059142999984033>
178.7695 	EXP 	Device response: <KeyPress from None: t=178.76033260000258, value=v, duration=None>
178.7714 	DATA 	Keypress: v
178.8833 	INFO 	Keyboard events cleared
178.8831 	EXP 	probe: autoDraw = True
178.8999 	EXP 	fixation: autoDraw = False
179.6863 	EXP 	Device response: <KeyPress from None: t=178.40503540000282, value=v, duration=1.2736735999969824>
179.8391 	DATA 	Keypress: v
179.8529 	EXP 	Device response: <KeyPress from None: t=179.83794160000252, value=v, duration=None>
179.8534 	EXP 	New trial (rep=17, index=2): <Trial 70 (2 in rep 17) data={'pos': 50, 'corr_resp': 'c', 'thisN': 70, 'thisTrialN': 2, 'thisRepN': 17}>
179.8690 	EXP 	fixation: autoDraw = False
179.8690 	EXP 	line1: autoDraw = False
179.8690 	EXP 	line2: autoDraw = False
179.8690 	EXP 	line3: autoDraw = False
179.8690 	EXP 	line4: autoDraw = False
179.8690 	EXP 	probe: autoDraw = False
180.0363 	EXP 	Device response: <KeyPress from None: t=178.76033260000258, value=v, duration=1.2712613999974565>
180.4859 	EXP 	Device response: <KeyPress from None: t=180.47058820000166, value=v, duration=None>
180.4869 	DATA 	Keypress: v
180.8662 	EXP 	fixation: autoDraw = True
180.8662 	EXP 	line1: autoDraw = True
180.8662 	EXP 	line2: autoDraw = True
180.8662 	EXP 	line3: autoDraw = True
180.8662 	EXP 	line4: autoDraw = True
180.9841 	EXP 	Device response: <KeyPress from None: t=179.83794160000252, value=v, duration=1.1313248000005842>
181.0005 	EXP 	Device response: <KeyPress from None: t=180.99240120000104, value=v, duration=None>
181.0020 	DATA 	Keypress: v
181.0337 	EXP 	Device response: <KeyPress from None: t=180.47058820000166, value=v, duration=0.5524494999990566>
181.7191 	EXP 	Device response: <KeyPress from None: t=181.71361869999964, value=z, duration=None>
181.7208 	DATA 	Keypress: z
181.8530 	INFO 	Keyboard events cleared
181.8528 	EXP 	probe: autoDraw = True
181.8691 	EXP 	fixation: autoDraw = False
181.9203 	EXP 	Device response: <KeyPress from None: t=174.71044059999986, value=z, duration=7.199277700001403>
182.3858 	EXP 	Device response: <KeyPress from None: t=182.3780450000013, value=z, duration=None>
182.3862 	EXP 	New trial (rep=17, index=3): <Trial 71 (3 in rep 17) data={'pos': -150, 'corr_resp': 'z', 'thisN': 71, 'thisTrialN': 3, 'thisRepN': 17}>
182.3887 	DATA 	Keypress: z
182.3895 	DATA 	Keypress: x
182.4021 	EXP 	fixation: autoDraw = False
182.4021 	EXP 	line1: autoDraw = False
182.4021 	EXP 	line2: autoDraw = False
182.4021 	EXP 	line3: autoDraw = False
182.4021 	EXP 	line4: autoDraw = False
182.4021 	EXP 	probe: autoDraw = False
182.4027 	EXP 	Device response: <KeyPress from None: t=182.38865000000078, value=x, duration=None>
182.6701 	EXP 	Device response: <KeyPress from None: t=181.71361869999964, value=z, duration=0.9540171000007831>
182.7370 	EXP 	Device response: <KeyPress from None: t=182.38865000000078, value=x, duration=0.34706830000141053>
182.9367 	EXP 	Device response: <KeyPress from None: t=182.93573660000038, value=v, duration=None>
182.9376 	DATA 	Keypress: v
183.0676 	EXP 	Device response: <KeyPress from None: t=180.99240120000104, value=v, duration=2.0721546999993734>
183.2707 	DATA 	Keypress: c
183.2868 	EXP 	Device response: <KeyPress from None: t=183.27006150000307, value=c, duration=None>
183.3857 	EXP 	fixation: autoDraw = True
183.3857 	EXP 	line1: autoDraw = True
183.3857 	EXP 	line2: autoDraw = True
183.3857 	EXP 	line3: autoDraw = True
183.3857 	EXP 	line4: autoDraw = True
183.5363 	EXP 	Device response: <KeyPress from None: t=183.27006150000307, value=c, duration=0.2596486999973422>
183.8365 	EXP 	Device response: <KeyPress from None: t=183.83420630000182, value=v, duration=None>
183.8382 	DATA 	Keypress: v
183.8510 	EXP 	Device response: <KeyPress from None: t=183.8431268000022, value=c, duration=None>
183.8524 	DATA 	Keypress: c
183.9839 	EXP 	Device response: <KeyPress from None: t=183.8431268000022, value=c, duration=0.13645209999958752>
184.0019 	EXP 	Device response: <KeyPress from None: t=182.93573660000038, value=v, duration=1.0524599000018497>
184.1714 	DATA 	Keypress: v
184.1843 	EXP 	Device response: <KeyPress from None: t=184.17070260000037, value=v, duration=None>
184.1844 	EXP 	Device response: <KeyPress from None: t=184.1796764999999, value=c, duration=None>
184.1859 	DATA 	Keypress: c
184.3368 	EXP 	Device response: <KeyPress from None: t=183.83420630000182, value=v, duration=0.4986762999978964>
184.4008 	INFO 	Keyboard events cleared
184.4005 	EXP 	fixation: autoDraw = False
184.4005 	EXP 	probe: autoDraw = True
184.5025 	DATA 	Keypress: c
184.5175 	EXP 	Device response: <KeyPress from None: t=184.5014321000017, value=c, duration=None>
184.5179 	EXP 	New trial (rep=18, index=0): <Trial 72 (0 in rep 18) data={'pos': -50, 'corr_resp': 'x', 'thisN': 72, 'thisTrialN': 0, 'thisRepN': 18}>
184.5334 	EXP 	fixation: autoDraw = False
184.5334 	EXP 	line1: autoDraw = False
184.5334 	EXP 	line2: autoDraw = False
184.5334 	EXP 	line3: autoDraw = False
184.5334 	EXP 	line4: autoDraw = False
184.5334 	EXP 	probe: autoDraw = False
184.5339 	EXP 	Device response: <KeyPress from None: t=184.52983620000305, value=v, duration=None>
184.5346 	DATA 	Keypress: v
184.6667 	EXP 	Device response: <KeyPress from None: t=184.17070260000037, value=v, duration=0.4942049000019324>
184.7526 	EXP 	Device response: <KeyPress from None: t=184.1796764999999, value=c, duration=0.5610740000010992>
184.8692 	EXP 	Device response: <KeyPress from None: t=184.86837920000107, value=c, duration=None>
184.8701 	DATA 	Keypress: c
185.3021 	EXP 	Device response: <KeyPress from None: t=184.5014321000017, value=c, duration=0.7955202999983157>
185.5189 	EXP 	fixation: autoDraw = True
185.5189 	EXP 	line1: autoDraw = True
185.5189 	EXP 	line2: autoDraw = True
185.5189 	EXP 	line3: autoDraw = True
185.5189 	EXP 	line4: autoDraw = True
186.5194 	INFO 	Keyboard events cleared
186.5192 	EXP 	fixation: autoDraw = False
186.5192 	EXP 	probe: autoDraw = True
187.0024 	EXP 	Device response: <KeyPress from None: t=186.99746460000097, value=c, duration=None>
187.0029 	EXP 	New trial (rep=18, index=1): <Trial 73 (1 in rep 18) data={'pos': 150, 'corr_resp': 'v', 'thisN': 73, 'thisTrialN': 1, 'thisRepN': 18}>
187.0044 	DATA 	Keypress: c
187.0184 	EXP 	fixation: autoDraw = False
187.0184 	EXP 	line1: autoDraw = False
187.0184 	EXP 	line2: autoDraw = False
187.0184 	EXP 	line3: autoDraw = False
187.0184 	EXP 	line4: autoDraw = False
187.0184 	EXP 	probe: autoDraw = False
187.0538 	EXP 	Device response: <KeyPress from None: t=187.04220610000266, value=v, duration=None>
187.0552 	DATA 	Keypress: v
187.2200 	EXP 	Device response: <KeyPress from None: t=184.52983620000305, value=v, duration=2.6733707999992475>
187.2705 	EXP 	Device response: <KeyPress from None: t=184.86837920000107, value=c, duration=2.399400300000707>
188.0025 	EXP 	fixation: autoDraw = True
188.0025 	EXP 	line1: autoDraw = True
188.0025 	EXP 	line2: autoDraw = True
188.0025 	EXP 	line3: autoDraw = True
188.0025 	EXP 	line4: autoDraw = True
188.6687 	DATA 	Keypress: v
188.6835 	EXP 	Device response: <KeyPress from None: t=188.66819140000007, value=v, duration=None>
188.8671 	EXP 	Device response: <KeyPress from None: t=187.04220610000266, value=v, duration=1.8177139999970677>
189.0028 	INFO 	Keyboard events cleared
189.0026 	EXP 	fixation: autoDraw = False
189.0026 	EXP 	probe: autoDraw = True
189.3191 	EXP 	Device response: <KeyPress from None: t=189.3137996000005, value=v, duration=None>
189.3195 	EXP 	New trial (rep=18, index=2): <Trial 74 (2 in rep 18) data={'pos': 50, 'corr_resp': 'c', 'thisN': 74, 'thisTrialN': 2, 'thisRepN': 18}>
189.3207 	DATA 	Keypress: v
189.3352 	EXP 	fixation: autoDraw = False
189.3352 	EXP 	line1: autoDraw = False
189.3352 	EXP 	line2: autoDraw = False
189.3352 	EXP 	line3: autoDraw = False
189.3352 	EXP 	line4: autoDraw = False
189.3352 	EXP 	probe: autoDraw = False
189.5196 	EXP 	Device response: <KeyPress from None: t=188.66819140000007, value=v, duration=0.8445401999997557>
189.8742 	EXP 	Device response: <KeyPress from None: t=189.87235050000163, value=v, duration=None>
189.8760 	DATA 	Keypress: v
190.0551 	EXP 	Device response: <KeyPress from None: t=189.3137996000005, value=v, duration=0.7337944999999308>
190.3086 	EXP 	Device response: <KeyPress from None: t=190.3033667000018, value=v, duration=None>
190.3116 	DATA 	Keypress: v
190.3232 	EXP 	fixation: autoDraw = True
190.3232 	EXP 	line1: autoDraw = True
190.3232 	EXP 	line2: autoDraw = True
190.3232 	EXP 	line3: autoDraw = True
190.3232 	EXP 	line4: autoDraw = True
190.4904 	EXP 	Device response: <KeyPress from None: t=189.87235050000163, value=v, duration=0.6018499999991036>
191.3192 	INFO 	Keyboard events cleared
191.3190 	EXP 	probe: autoDraw = True
191.3361 	EXP 	fixation: autoDraw = False
193.2705 	EXP 	Device response: <KeyPress from None: t=193.25484610000058, value=backslash, duration=None>
193.2705 	EXP 	Device response: <KeyPress from None: t=193.25484610000058, value=backslash, duration=0.011781600001995685>
193.2728 	DATA 	Keypress: backslash
193.3525 	EXP 	Device response: <KeyPress from None: t=193.3472337000021, value=6, duration=None>
193.3530 	EXP 	New trial (rep=18, index=3): <Trial 75 (3 in rep 18) data={'pos': -150, 'corr_resp': 'z', 'thisN': 75, 'thisTrialN': 3, 'thisRepN': 18}>
193.3542 	DATA 	Keypress: 6
193.3688 	EXP 	fixation: autoDraw = False
193.3688 	EXP 	line1: autoDraw = False
193.3688 	EXP 	line2: autoDraw = False
193.3688 	EXP 	line3: autoDraw = False
193.3688 	EXP 	line4: autoDraw = False
193.3688 	EXP 	probe: autoDraw = False
193.3695 	EXP 	Device response: <KeyPress from None: t=193.3472337000021, value=6, duration=0.016307999998389278>
194.3549 	EXP 	fixation: autoDraw = True
194.3549 	EXP 	line1: autoDraw = True
194.3549 	EXP 	line2: autoDraw = True
194.3549 	EXP 	line3: autoDraw = True
194.3549 	EXP 	line4: autoDraw = True
194.6737 	EXP 	Device response: <KeyPress from None: t=194.66606650000176, value=v, duration=None>
194.6769 	DATA 	Keypress: v
194.8536 	EXP 	Device response: <KeyPress from None: t=190.3033667000018, value=v, duration=4.549025600001187>
195.3524 	INFO 	Keyboard events cleared
195.3522 	EXP 	probe: autoDraw = True
195.3691 	EXP 	fixation: autoDraw = False
195.5530 	EXP 	Device response: <KeyPress from None: t=195.53996449999977, value=v, duration=None>
195.5534 	EXP 	New trial (rep=19, index=0): <Trial 76 (0 in rep 19) data={'pos': -50, 'corr_resp': 'x', 'thisN': 76, 'thisTrialN': 0, 'thisRepN': 19}>
195.5549 	DATA 	Keypress: v
195.5689 	EXP 	fixation: autoDraw = False
195.5689 	EXP 	line1: autoDraw = False
195.5689 	EXP 	line2: autoDraw = False
195.5689 	EXP 	line3: autoDraw = False
195.5689 	EXP 	line4: autoDraw = False
195.5689 	EXP 	probe: autoDraw = False
195.7198 	EXP 	Device response: <KeyPress from None: t=194.66606650000176, value=v, duration=1.0481461999988824>
196.5664 	EXP 	fixation: autoDraw = True
196.5664 	EXP 	line1: autoDraw = True
196.5664 	EXP 	line2: autoDraw = True
196.5664 	EXP 	line3: autoDraw = True
196.5664 	EXP 	line4: autoDraw = True
197.5692 	INFO 	Keyboard events cleared
197.5690 	EXP 	fixation: autoDraw = False
197.5690 	EXP 	probe: autoDraw = True
199.1727 	EXP 	Device response: <KeyPress from None: t=199.16972689999966, value=v, duration=None>
199.1734 	EXP 	New trial (rep=19, index=1): <Trial 77 (1 in rep 19) data={'pos': 150, 'corr_resp': 'v', 'thisN': 77, 'thisTrialN': 1, 'thisRepN': 19}>
199.1759 	DATA 	Keypress: v
199.1899 	EXP 	fixation: autoDraw = False
199.1899 	EXP 	line1: autoDraw = False
199.1899 	EXP 	line2: autoDraw = False
199.1899 	EXP 	line3: autoDraw = False
199.1899 	EXP 	line4: autoDraw = False
199.1899 	EXP 	probe: autoDraw = False
199.3731 	EXP 	Device response: <KeyPress from None: t=195.53996449999977, value=v, duration=3.8319184000029054>
200.1858 	EXP 	fixation: autoDraw = True
200.1858 	EXP 	line1: autoDraw = True
200.1858 	EXP 	line2: autoDraw = True
200.1858 	EXP 	line3: autoDraw = True
200.1858 	EXP 	line4: autoDraw = True
200.4694 	EXP 	Device response: <KeyPress from None: t=200.46677550000095, value=c, duration=None>
200.4712 	DATA 	Keypress: c
200.6695 	EXP 	Device response: <KeyPress from None: t=186.99746460000097, value=c, duration=13.657894200001465>
201.0711 	DATA 	Keypress: v
201.0861 	EXP 	Device response: <KeyPress from None: t=201.0694293000015, value=v, duration=None>
201.1859 	INFO 	Keyboard events cleared
201.1857 	EXP 	fixation: autoDraw = False
201.1857 	EXP 	probe: autoDraw = True
201.2692 	EXP 	Device response: <KeyPress from None: t=199.16972689999966, value=v, duration=2.0839648000001034>
201.4880 	DATA 	Keypress: c
201.5033 	EXP 	Device response: <KeyPress from None: t=201.4863292000009, value=c, duration=None>
201.5038 	EXP 	New trial (rep=19, index=2): <Trial 78 (2 in rep 19) data={'pos': 50, 'corr_resp': 'c', 'thisN': 78, 'thisTrialN': 2, 'thisRepN': 19}>
201.5190 	EXP 	fixation: autoDraw = False
201.5190 	EXP 	line1: autoDraw = False
201.5190 	EXP 	line2: autoDraw = False
201.5190 	EXP 	line3: autoDraw = False
201.5190 	EXP 	line4: autoDraw = False
201.5190 	EXP 	probe: autoDraw = False
201.6359 	EXP 	Device response: <KeyPress from None: t=200.46677550000095, value=c, duration=1.164383800001815>
202.1187 	EXP 	Device response: <KeyPress from None: t=202.1021107000015, value=v, duration=None>
202.1197 	DATA 	Keypress: v
202.3692 	EXP 	Device response: <KeyPress from None: t=201.0694293000015, value=v, duration=1.2894497999986925>
202.5193 	EXP 	fixation: autoDraw = True
202.5193 	EXP 	line1: autoDraw = True
202.5193 	EXP 	line2: autoDraw = True
202.5193 	EXP 	line3: autoDraw = True
202.5193 	EXP 	line4: autoDraw = True
203.0187 	EXP 	Device response: <KeyPress from None: t=203.00696280000193, value=v, duration=None>
203.0204 	DATA 	Keypress: v
203.1530 	EXP 	Device response: <KeyPress from None: t=202.1021107000015, value=v, duration=1.0484093000013672>
203.5189 	INFO 	Keyboard events cleared
203.5187 	EXP 	fixation: autoDraw = False
203.5187 	EXP 	probe: autoDraw = True
204.1530 	EXP 	Device response: <KeyPress from None: t=204.13887109999996, value=c, duration=None>
204.1534 	EXP 	New trial (rep=19, index=3): <Trial 79 (3 in rep 19) data={'pos': -150, 'corr_resp': 'z', 'thisN': 79, 'thisTrialN': 3, 'thisRepN': 19}>
204.1547 	DATA 	Keypress: c
204.1686 	EXP 	fixation: autoDraw = False
204.1686 	EXP 	line1: autoDraw = False
204.1686 	EXP 	line2: autoDraw = False
204.1686 	EXP 	line3: autoDraw = False
204.1686 	EXP 	line4: autoDraw = False
204.1686 	EXP 	probe: autoDraw = False
204.3023 	EXP 	Device response: <KeyPress from None: t=201.4863292000009, value=c, duration=2.8090740000006917>
205.1659 	EXP 	fixation: autoDraw = True
205.1659 	EXP 	line1: autoDraw = True
205.1659 	EXP 	line2: autoDraw = True
205.1659 	EXP 	line3: autoDraw = True
205.1659 	EXP 	line4: autoDraw = True
206.1665 	INFO 	Keyboard events cleared
206.1663 	EXP 	fixation: autoDraw = False
206.1663 	EXP 	probe: autoDraw = True
206.5029 	EXP 	Device response: <KeyPress from None: t=206.4980052000028, value=z, duration=None>
206.5033 	EXP 	New trial (rep=20, index=0): <Trial 80 (0 in rep 20) data={'pos': -50, 'corr_resp': 'x', 'thisN': 80, 'thisTrialN': 0, 'thisRepN': 20}>
206.5045 	DATA 	Keypress: z
206.5193 	EXP 	fixation: autoDraw = False
206.5193 	EXP 	line1: autoDraw = False
206.5193 	EXP 	line2: autoDraw = False
206.5193 	EXP 	line3: autoDraw = False
206.5193 	EXP 	line4: autoDraw = False
206.5193 	EXP 	probe: autoDraw = False
206.6861 	EXP 	Device response: <KeyPress from None: t=182.3780450000013, value=z, duration=24.295079700001224>
207.5182 	EXP 	fixation: autoDraw = True
207.5182 	EXP 	line1: autoDraw = True
207.5182 	EXP 	line2: autoDraw = True
207.5182 	EXP 	line3: autoDraw = True
207.5182 	EXP 	line4: autoDraw = True
208.5189 	INFO 	Keyboard events cleared
208.5187 	EXP 	fixation: autoDraw = False
208.5187 	EXP 	probe: autoDraw = True
208.9357 	EXP 	Device response: <KeyPress from None: t=208.92742040000303, value=x, duration=None>
208.9361 	EXP 	New trial (rep=20, index=1): <Trial 81 (1 in rep 20) data={'pos': 150, 'corr_resp': 'v', 'thisN': 81, 'thisTrialN': 1, 'thisRepN': 20}>
208.9373 	DATA 	Keypress: x
208.9522 	EXP 	fixation: autoDraw = False
208.9522 	EXP 	line1: autoDraw = False
208.9522 	EXP 	line2: autoDraw = False
208.9522 	EXP 	line3: autoDraw = False
208.9522 	EXP 	line4: autoDraw = False
208.9522 	EXP 	probe: autoDraw = False
209.1194 	EXP 	Device response: <KeyPress from None: t=208.92742040000303, value=x, duration=0.17596579999735695>
209.9355 	EXP 	fixation: autoDraw = True
209.9355 	EXP 	line1: autoDraw = True
209.9355 	EXP 	line2: autoDraw = True
209.9355 	EXP 	line3: autoDraw = True
209.9355 	EXP 	line4: autoDraw = True
210.9352 	INFO 	Keyboard events cleared
210.9350 	EXP 	fixation: autoDraw = False
210.9350 	EXP 	probe: autoDraw = True
211.2365 	EXP 	Device response: <KeyPress from None: t=211.2338359000023, value=v, duration=None>
211.2369 	EXP 	New trial (rep=20, index=2): <Trial 82 (2 in rep 20) data={'pos': 50, 'corr_resp': 'c', 'thisN': 82, 'thisTrialN': 2, 'thisRepN': 20}>
211.2381 	DATA 	Keypress: v
211.2522 	EXP 	fixation: autoDraw = False
211.2522 	EXP 	line1: autoDraw = False
211.2522 	EXP 	line2: autoDraw = False
211.2522 	EXP 	line3: autoDraw = False
211.2522 	EXP 	line4: autoDraw = False
211.2522 	EXP 	probe: autoDraw = False
211.4022 	EXP 	Device response: <KeyPress from None: t=203.00696280000193, value=v, duration=8.391682499997842>
212.2521 	EXP 	fixation: autoDraw = True
212.2521 	EXP 	line1: autoDraw = True
212.2521 	EXP 	line2: autoDraw = True
212.2521 	EXP 	line3: autoDraw = True
212.2521 	EXP 	line4: autoDraw = True
213.2382 	INFO 	Keyboard events cleared
213.2379 	EXP 	probe: autoDraw = True
213.2566 	EXP 	fixation: autoDraw = False
213.8064 	EXP 	Device response: <KeyPress from None: t=213.8049284000008, value=c, duration=None>
213.8071 	EXP 	New trial (rep=20, index=3): <Trial 83 (3 in rep 20) data={'pos': -150, 'corr_resp': 'z', 'thisN': 83, 'thisTrialN': 3, 'thisRepN': 20}>
213.8102 	DATA 	Keypress: c
213.8215 	EXP 	fixation: autoDraw = False
213.8215 	EXP 	line1: autoDraw = False
213.8215 	EXP 	line2: autoDraw = False
213.8215 	EXP 	line3: autoDraw = False
213.8215 	EXP 	line4: autoDraw = False
213.8215 	EXP 	probe: autoDraw = False
214.0014 	EXP 	Device response: <KeyPress from None: t=204.13887109999996, value=c, duration=9.860028500002954>
214.8189 	EXP 	fixation: autoDraw = True
214.8189 	EXP 	line1: autoDraw = True
214.8189 	EXP 	line2: autoDraw = True
214.8189 	EXP 	line3: autoDraw = True
214.8189 	EXP 	line4: autoDraw = True
215.8190 	INFO 	Keyboard events cleared
215.8188 	EXP 	fixation: autoDraw = False
215.8188 	EXP 	probe: autoDraw = True
216.2020 	EXP 	Device response: <KeyPress from None: t=216.19864420000158, value=z, duration=None>
216.2024 	EXP 	New trial (rep=21, index=0): <Trial 84 (0 in rep 21) data={'pos': -50, 'corr_resp': 'x', 'thisN': 84, 'thisTrialN': 0, 'thisRepN': 21}>
216.2036 	DATA 	Keypress: z
216.2188 	EXP 	fixation: autoDraw = False
216.2188 	EXP 	line1: autoDraw = False
216.2188 	EXP 	line2: autoDraw = False
216.2188 	EXP 	line3: autoDraw = False
216.2188 	EXP 	line4: autoDraw = False
216.2188 	EXP 	probe: autoDraw = False
216.4029 	EXP 	Device response: <KeyPress from None: t=206.4980052000028, value=z, duration=9.902149999998073>
217.2020 	EXP 	fixation: autoDraw = True
217.2020 	EXP 	line1: autoDraw = True
217.2020 	EXP 	line2: autoDraw = True
217.2020 	EXP 	line3: autoDraw = True
217.2020 	EXP 	line4: autoDraw = True
218.2018 	INFO 	Keyboard events cleared
218.2016 	EXP 	fixation: autoDraw = False
218.2016 	EXP 	probe: autoDraw = True
218.7352 	EXP 	Device response: <KeyPress from None: t=218.72621010000148, value=x, duration=None>
218.7357 	EXP 	New trial (rep=21, index=1): <Trial 85 (1 in rep 21) data={'pos': 150, 'corr_resp': 'v', 'thisN': 85, 'thisTrialN': 1, 'thisRepN': 21}>
218.7373 	DATA 	Keypress: x
218.7526 	EXP 	fixation: autoDraw = False
218.7526 	EXP 	line1: autoDraw = False
218.7526 	EXP 	line2: autoDraw = False
218.7526 	EXP 	line3: autoDraw = False
218.7526 	EXP 	line4: autoDraw = False
218.7526 	EXP 	probe: autoDraw = False
219.1878 	EXP 	Device response: <KeyPress from None: t=218.72621010000148, value=x, duration=0.4520035999994434>
219.7504 	EXP 	fixation: autoDraw = True
219.7504 	EXP 	line1: autoDraw = True
219.7504 	EXP 	line2: autoDraw = True
219.7504 	EXP 	line3: autoDraw = True
219.7504 	EXP 	line4: autoDraw = True
220.7374 	INFO 	Keyboard events cleared
220.7371 	EXP 	probe: autoDraw = True
220.7513 	EXP 	fixation: autoDraw = False
221.1358 	EXP 	Device response: <KeyPress from None: t=221.1319454000004, value=v, duration=None>
221.1362 	EXP 	New trial (rep=21, index=2): <Trial 86 (2 in rep 21) data={'pos': 50, 'corr_resp': 'c', 'thisN': 86, 'thisTrialN': 2, 'thisRepN': 21}>
221.1374 	DATA 	Keypress: v
221.1522 	EXP 	fixation: autoDraw = False
221.1522 	EXP 	line1: autoDraw = False
221.1522 	EXP 	line2: autoDraw = False
221.1522 	EXP 	line3: autoDraw = False
221.1522 	EXP 	line4: autoDraw = False
221.1522 	EXP 	probe: autoDraw = False
221.4188 	EXP 	Device response: <KeyPress from None: t=211.2338359000023, value=v, duration=10.179813200000353>
222.1354 	EXP 	fixation: autoDraw = True
222.1354 	EXP 	line1: autoDraw = True
222.1354 	EXP 	line2: autoDraw = True
222.1354 	EXP 	line3: autoDraw = True
222.1354 	EXP 	line4: autoDraw = True
223.1354 	INFO 	Keyboard events cleared
223.1351 	EXP 	fixation: autoDraw = False
223.1351 	EXP 	probe: autoDraw = True
223.1373 	DATA 	Keypress: v
223.3519 	EXP 	Device response: <KeyPress from None: t=221.1319454000004, value=v, duration=2.214361199999985>
223.6695 	EXP 	Device response: <KeyPress from None: t=223.66870270000072, value=v, duration=None>
223.6699 	EXP 	New trial (rep=21, index=3): <Trial 87 (3 in rep 21) data={'pos': -150, 'corr_resp': 'z', 'thisN': 87, 'thisTrialN': 3, 'thisRepN': 21}>
223.6711 	DATA 	Keypress: v
223.6854 	EXP 	fixation: autoDraw = False
223.6854 	EXP 	line1: autoDraw = False
223.6854 	EXP 	line2: autoDraw = False
223.6854 	EXP 	line3: autoDraw = False
223.6854 	EXP 	line4: autoDraw = False
223.6854 	EXP 	probe: autoDraw = False
223.8705 	EXP 	Device response: <KeyPress from None: t=223.66870270000072, value=v, duration=0.20149039999887464>
224.6722 	EXP 	fixation: autoDraw = True
224.6722 	EXP 	line1: autoDraw = True
224.6722 	EXP 	line2: autoDraw = True
224.6722 	EXP 	line3: autoDraw = True
224.6722 	EXP 	line4: autoDraw = True
224.9900 	EXP 	Device response: <KeyPress from None: t=224.9767963000013, value=v, duration=None>
224.9936 	DATA 	Keypress: v
225.2351 	EXP 	Device response: <KeyPress from None: t=224.9767963000013, value=v, duration=0.24568549999821698>
225.6718 	INFO 	Keyboard events cleared
225.6715 	EXP 	fixation: autoDraw = False
225.6715 	EXP 	probe: autoDraw = True
226.4903 	EXP 	Device response: <KeyPress from None: t=226.48619760000292, value=z, duration=None>
226.4910 	EXP 	New trial (rep=22, index=0): <Trial 88 (0 in rep 22) data={'pos': -50, 'corr_resp': 'x', 'thisN': 88, 'thisTrialN': 0, 'thisRepN': 22}>
226.4934 	DATA 	Keypress: z
226.5065 	EXP 	fixation: autoDraw = False
226.5065 	EXP 	line1: autoDraw = False
226.5065 	EXP 	line2: autoDraw = False
226.5065 	EXP 	line3: autoDraw = False
226.5065 	EXP 	line4: autoDraw = False
226.5065 	EXP 	probe: autoDraw = False
226.6724 	EXP 	Device response: <KeyPress from None: t=216.19864420000158, value=z, duration=10.46898499999952>
227.5011 	EXP 	fixation: autoDraw = True
227.5011 	EXP 	line1: autoDraw = True
227.5011 	EXP 	line2: autoDraw = True
227.5011 	EXP 	line3: autoDraw = True
227.5011 	EXP 	line4: autoDraw = True
228.5003 	INFO 	Keyboard events cleared
228.5001 	EXP 	fixation: autoDraw = False
228.5001 	EXP 	probe: autoDraw = True
228.6674 	EXP 	Device response: <KeyPress from None: t=228.65985329999967, value=v, duration=None>
228.6678 	EXP 	New trial (rep=22, index=1): <Trial 89 (1 in rep 22) data={'pos': 150, 'corr_resp': 'v', 'thisN': 89, 'thisTrialN': 1, 'thisRepN': 22}>
228.6690 	DATA 	Keypress: v
228.6831 	EXP 	fixation: autoDraw = False
228.6831 	EXP 	line1: autoDraw = False
228.6831 	EXP 	line2: autoDraw = False
228.6831 	EXP 	line3: autoDraw = False
228.6831 	EXP 	line4: autoDraw = False
228.6831 	EXP 	probe: autoDraw = False
228.9209 	EXP 	Device response: <KeyPress from None: t=228.65985329999967, value=v, duration=0.24719530000220402>
229.6731 	EXP 	fixation: autoDraw = True
229.6731 	EXP 	line1: autoDraw = True
229.6731 	EXP 	line2: autoDraw = True
229.6731 	EXP 	line3: autoDraw = True
229.6731 	EXP 	line4: autoDraw = True
230.5556 	EXP 	Device response: <KeyPress from None: t=230.5487162999998, value=x, duration=None>
230.5589 	DATA 	Keypress: x
230.6687 	INFO 	Keyboard events cleared
230.6685 	EXP 	probe: autoDraw = True
230.6845 	EXP 	fixation: autoDraw = False
230.7856 	EXP 	Device response: <KeyPress from None: t=230.5487162999998, value=x, duration=0.22132510000301409>
231.0563 	DATA 	Keypress: x
231.0694 	EXP 	Device response: <KeyPress from None: t=231.05508620000182, value=x, duration=None>
231.0698 	EXP 	New trial (rep=22, index=2): <Trial 90 (2 in rep 22) data={'pos': 50, 'corr_resp': 'c', 'thisN': 90, 'thisTrialN': 2, 'thisRepN': 22}>
231.0863 	EXP 	fixation: autoDraw = False
231.0863 	EXP 	line1: autoDraw = False
231.0863 	EXP 	line2: autoDraw = False
231.0863 	EXP 	line3: autoDraw = False
231.0863 	EXP 	line4: autoDraw = False
231.0863 	EXP 	probe: autoDraw = False
231.2858 	EXP 	Device response: <KeyPress from None: t=231.05508620000182, value=x, duration=0.22584339999957592>
231.5861 	EXP 	Device response: <KeyPress from None: t=231.58201630000258, value=x, duration=None>
231.5871 	DATA 	Keypress: x
231.8407 	EXP 	Device response: <KeyPress from None: t=231.58201630000258, value=x, duration=0.2539015999973344>
232.0714 	EXP 	fixation: autoDraw = True
232.0714 	EXP 	line1: autoDraw = True
232.0714 	EXP 	line2: autoDraw = True
232.0714 	EXP 	line3: autoDraw = True
232.0714 	EXP 	line4: autoDraw = True
232.4061 	EXP 	Device response: <KeyPress from None: t=232.3960858999999, value=z, duration=None>
232.4096 	DATA 	Keypress: z
232.6203 	EXP 	Device response: <KeyPress from None: t=226.48619760000292, value=z, duration=6.124031699997431>
232.9033 	EXP 	Device response: <KeyPress from None: t=232.9016061000002, value=x, duration=None>
232.9057 	DATA 	Keypress: x
233.0691 	INFO 	Keyboard events cleared
233.0686 	EXP 	probe: autoDraw = True
233.0854 	EXP 	fixation: autoDraw = False
233.1353 	EXP 	Device response: <KeyPress from None: t=232.9016061000002, value=x, duration=0.23021580000204267>
233.4525 	EXP 	Device response: <KeyPress from None: t=233.44257629999993, value=x, duration=None>
233.4531 	EXP 	New trial (rep=22, index=3): <Trial 91 (3 in rep 22) data={'pos': -150, 'corr_resp': 'z', 'thisN': 91, 'thisTrialN': 3, 'thisRepN': 22}>
233.4543 	DATA 	Keypress: x
233.4685 	EXP 	fixation: autoDraw = False
233.4685 	EXP 	line1: autoDraw = False
233.4685 	EXP 	line2: autoDraw = False
233.4685 	EXP 	line3: autoDraw = False
233.4685 	EXP 	line4: autoDraw = False
233.4685 	EXP 	probe: autoDraw = False
233.6850 	EXP 	Device response: <KeyPress from None: t=233.44257629999993, value=x, duration=0.23756990000038058>
234.0352 	EXP 	Device response: <KeyPress from None: t=234.03028199999972, value=c, duration=None>
234.0360 	DATA 	Keypress: c
234.0519 	EXP 	Device response: <KeyPress from None: t=234.0475987000027, value=x, duration=None>
234.0528 	DATA 	Keypress: x
234.2689 	EXP 	Device response: <KeyPress from None: t=213.8049284000008, value=c, duration=20.451257100001385>
234.3017 	EXP 	Device response: <KeyPress from None: t=234.0475987000027, value=x, duration=0.2491993999974511>
234.4684 	EXP 	fixation: autoDraw = True
234.4684 	EXP 	line1: autoDraw = True
234.4684 	EXP 	line2: autoDraw = True
234.4684 	EXP 	line3: autoDraw = True
234.4684 	EXP 	line4: autoDraw = True
234.5524 	EXP 	Device response: <KeyPress from None: t=234.53813210000226, value=v, duration=None>
234.5543 	DATA 	Keypress: v
234.7695 	EXP 	Device response: <KeyPress from None: t=234.53813210000226, value=v, duration=0.22057940000013332>
235.4685 	INFO 	Keyboard events cleared
235.4683 	EXP 	fixation: autoDraw = False
235.4683 	EXP 	probe: autoDraw = True
236.0190 	EXP 	Device response: <KeyPress from None: t=236.00803280000036, value=v, duration=None>
236.0196 	EXP 	New trial (rep=23, index=0): <Trial 92 (0 in rep 23) data={'pos': -50, 'corr_resp': 'x', 'thisN': 92, 'thisTrialN': 0, 'thisRepN': 23}>
236.0206 	DATA 	Keypress: v
236.0345 	EXP 	fixation: autoDraw = False
236.0345 	EXP 	line1: autoDraw = False
236.0345 	EXP 	line2: autoDraw = False
236.0345 	EXP 	line3: autoDraw = False
236.0345 	EXP 	line4: autoDraw = False
236.0345 	EXP 	probe: autoDraw = False
236.2352 	EXP 	Device response: <KeyPress from None: t=236.00803280000036, value=v, duration=0.22216309999930672>
237.0352 	EXP 	fixation: autoDraw = True
237.0352 	EXP 	line1: autoDraw = True
237.0352 	EXP 	line2: autoDraw = True
237.0352 	EXP 	line3: autoDraw = True
237.0352 	EXP 	line4: autoDraw = True
238.0354 	INFO 	Keyboard events cleared
238.0352 	EXP 	fixation: autoDraw = False
238.0352 	EXP 	probe: autoDraw = True
238.2694 	EXP 	Device response: <KeyPress from None: t=238.25883629999953, value=x, duration=None>
238.2698 	EXP 	New trial (rep=23, index=1): <Trial 93 (1 in rep 23) data={'pos': 150, 'corr_resp': 'v', 'thisN': 93, 'thisTrialN': 1, 'thisRepN': 23}>
238.2719 	DATA 	Keypress: x
238.2850 	EXP 	fixation: autoDraw = False
238.2850 	EXP 	line1: autoDraw = False
238.2850 	EXP 	line2: autoDraw = False
238.2850 	EXP 	line3: autoDraw = False
238.2850 	EXP 	line4: autoDraw = False
238.2850 	EXP 	probe: autoDraw = False
238.4690 	EXP 	Device response: <KeyPress from None: t=238.25883629999953, value=x, duration=0.2003878000032273>
239.2857 	EXP 	fixation: autoDraw = True
239.2857 	EXP 	line1: autoDraw = True
239.2857 	EXP 	line2: autoDraw = True
239.2857 	EXP 	line3: autoDraw = True
239.2857 	EXP 	line4: autoDraw = True
239.7193 	EXP 	Device response: <KeyPress from None: t=239.71690320000198, value=v, duration=None>
239.7210 	DATA 	Keypress: v
240.0693 	EXP 	Device response: <KeyPress from None: t=239.71690320000198, value=v, duration=0.3429314999993949>
240.2852 	INFO 	Keyboard events cleared
240.2850 	EXP 	fixation: autoDraw = False
240.2850 	EXP 	probe: autoDraw = True
240.4022 	EXP 	Device response: <KeyPress from None: t=240.39241440000114, value=v, duration=None>
240.4027 	EXP 	New trial (rep=23, index=2): <Trial 94 (2 in rep 23) data={'pos': 50, 'corr_resp': 'c', 'thisN': 94, 'thisTrialN': 2, 'thisRepN': 23}>
240.4039 	DATA 	Keypress: v
240.4191 	EXP 	fixation: autoDraw = False
240.4191 	EXP 	line1: autoDraw = False
240.4191 	EXP 	line2: autoDraw = False
240.4191 	EXP 	line3: autoDraw = False
240.4191 	EXP 	line4: autoDraw = False
240.4191 	EXP 	probe: autoDraw = False
240.5687 	EXP 	Device response: <KeyPress from None: t=240.39241440000114, value=v, duration=0.15993520000120043>
240.8853 	EXP 	Device response: <KeyPress from None: t=240.8724758999997, value=v, duration=None>
240.8865 	DATA 	Keypress: v
241.0669 	EXP 	Device response: <KeyPress from None: t=240.8724758999997, value=v, duration=0.18859030000021448>
241.3189 	EXP 	Device response: <KeyPress from None: t=241.31385310000041, value=v, duration=None>
241.3199 	DATA 	Keypress: v
241.4023 	EXP 	fixation: autoDraw = True
241.4023 	EXP 	line1: autoDraw = True
241.4023 	EXP 	line2: autoDraw = True
241.4023 	EXP 	line3: autoDraw = True
241.4023 	EXP 	line4: autoDraw = True
241.4549 	EXP 	Device response: <KeyPress from None: t=241.31385310000041, value=v, duration=0.13816530000258354>
241.6356 	EXP 	Device response: <KeyPress from None: t=241.63297349999993, value=v, duration=None>
241.6373 	DATA 	Keypress: v
241.8032 	EXP 	Device response: <KeyPress from None: t=241.63297349999993, value=v, duration=0.15523850000317907>
242.0686 	EXP 	Device response: <KeyPress from None: t=242.06527720000304, value=x, duration=None>
242.0706 	DATA 	Keypress: x
242.3185 	EXP 	Device response: <KeyPress from None: t=242.06527720000304, value=x, duration=0.24634079999668756>
242.4021 	INFO 	Keyboard events cleared
242.4019 	EXP 	fixation: autoDraw = False
242.4019 	EXP 	probe: autoDraw = True
242.8718 	EXP 	Device response: <KeyPress from None: t=242.8652097000013, value=x, duration=None>
242.8724 	EXP 	New trial (rep=23, index=3): <Trial 95 (3 in rep 23) data={'pos': -150, 'corr_resp': 'z', 'thisN': 95, 'thisTrialN': 3, 'thisRepN': 23}>
242.8742 	DATA 	Keypress: x
242.8886 	EXP 	fixation: autoDraw = False
242.8886 	EXP 	line1: autoDraw = False
242.8886 	EXP 	line2: autoDraw = False
242.8886 	EXP 	line3: autoDraw = False
242.8886 	EXP 	line4: autoDraw = False
242.8886 	EXP 	probe: autoDraw = False
243.1065 	EXP 	Device response: <KeyPress from None: t=242.8652097000013, value=x, duration=0.2366105000000971>
243.8893 	EXP 	fixation: autoDraw = True
243.8893 	EXP 	line1: autoDraw = True
243.8893 	EXP 	line2: autoDraw = True
243.8893 	EXP 	line3: autoDraw = True
243.8893 	EXP 	line4: autoDraw = True
244.3884 	EXP 	Device response: <KeyPress from None: t=244.38075469999967, value=x, duration=None>
244.3904 	DATA 	Keypress: x
244.5853 	EXP 	Device response: <KeyPress from None: t=244.38075469999967, value=x, duration=0.20383270000093034>
244.8827 	INFO 	Keyboard events cleared
244.8826 	EXP 	probe: autoDraw = True
244.9046 	EXP 	fixation: autoDraw = False
245.3191 	EXP 	Device response: <KeyPress from None: t=245.31795090000014, value=x, duration=None>
245.3195 	EXP 	New trial (rep=24, index=0): <Trial 96 (0 in rep 24) data={'pos': -50, 'corr_resp': 'x', 'thisN': 96, 'thisTrialN': 0, 'thisRepN': 24}>
245.3208 	DATA 	Keypress: x
245.3355 	EXP 	fixation: autoDraw = False
245.3355 	EXP 	line1: autoDraw = False
245.3355 	EXP 	line2: autoDraw = False
245.3355 	EXP 	line3: autoDraw = False
245.3355 	EXP 	line4: autoDraw = False
245.3355 	EXP 	probe: autoDraw = False
245.5354 	EXP 	Device response: <KeyPress from None: t=245.31795090000014, value=x, duration=0.21207300000241958>
246.3196 	EXP 	fixation: autoDraw = True
246.3196 	EXP 	line1: autoDraw = True
246.3196 	EXP 	line2: autoDraw = True
246.3196 	EXP 	line3: autoDraw = True
246.3196 	EXP 	line4: autoDraw = True
246.9065 	EXP 	Device response: <KeyPress from None: t=246.9055898000006, value=v, duration=None>
246.9097 	DATA 	Keypress: v
247.0863 	EXP 	Device response: <KeyPress from None: t=246.9055898000006, value=v, duration=0.17099059999964084>
247.3184 	INFO 	Keyboard events cleared
247.3182 	EXP 	fixation: autoDraw = False
247.3182 	EXP 	probe: autoDraw = True
247.6022 	EXP 	Device response: <KeyPress from None: t=247.59735640000144, value=v, duration=None>
247.6026 	EXP 	New trial (rep=24, index=1): <Trial 97 (1 in rep 24) data={'pos': 150, 'corr_resp': 'v', 'thisN': 97, 'thisTrialN': 1, 'thisRepN': 24}>
247.6039 	DATA 	Keypress: v
247.6188 	EXP 	fixation: autoDraw = False
247.6188 	EXP 	line1: autoDraw = False
247.6188 	EXP 	line2: autoDraw = False
247.6188 	EXP 	line3: autoDraw = False
247.6188 	EXP 	line4: autoDraw = False
247.6188 	EXP 	probe: autoDraw = False
247.8027 	EXP 	Device response: <KeyPress from None: t=247.59735640000144, value=v, duration=0.20015259999854607>
248.6024 	EXP 	fixation: autoDraw = True
248.6024 	EXP 	line1: autoDraw = True
248.6024 	EXP 	line2: autoDraw = True
248.6024 	EXP 	line3: autoDraw = True
248.6024 	EXP 	line4: autoDraw = True
249.6013 	INFO 	Keyboard events cleared
249.6011 	EXP 	fixation: autoDraw = False
249.6011 	EXP 	probe: autoDraw = True
249.8853 	EXP 	Device response: <KeyPress from None: t=249.8799108000021, value=x, duration=None>
249.8858 	EXP 	New trial (rep=24, index=2): <Trial 98 (2 in rep 24) data={'pos': 50, 'corr_resp': 'c', 'thisN': 98, 'thisTrialN': 2, 'thisRepN': 24}>
249.8870 	DATA 	Keypress: x
249.9019 	EXP 	fixation: autoDraw = False
249.9019 	EXP 	line1: autoDraw = False
249.9019 	EXP 	line2: autoDraw = False
249.9019 	EXP 	line3: autoDraw = False
249.9019 	EXP 	line4: autoDraw = False
249.9019 	EXP 	probe: autoDraw = False
250.1352 	EXP 	Device response: <KeyPress from None: t=249.8799108000021, value=x, duration=0.24938549999933457>
250.8852 	EXP 	fixation: autoDraw = True
250.8852 	EXP 	line1: autoDraw = True
250.8852 	EXP 	line2: autoDraw = True
250.8852 	EXP 	line3: autoDraw = True
250.8852 	EXP 	line4: autoDraw = True
251.8889 	INFO 	Keyboard events cleared
251.8886 	EXP 	fixation: autoDraw = False
251.8886 	EXP 	probe: autoDraw = True
252.7701 	EXP 	Device response: <KeyPress from None: t=252.7583889000016, value=c, duration=None>
252.7706 	EXP 	New trial (rep=24, index=3): <Trial 99 (3 in rep 24) data={'pos': -150, 'corr_resp': 'z', 'thisN': 99, 'thisTrialN': 3, 'thisRepN': 24}>
252.7720 	DATA 	Keypress: c
252.7857 	EXP 	fixation: autoDraw = False
252.7857 	EXP 	line1: autoDraw = False
252.7857 	EXP 	line2: autoDraw = False
252.7857 	EXP 	line3: autoDraw = False
252.7857 	EXP 	line4: autoDraw = False
252.7857 	EXP 	probe: autoDraw = False
252.9505 	EXP 	Device response: <KeyPress from None: t=234.03028199999972, value=c, duration=18.91401279999991>
253.7711 	EXP 	fixation: autoDraw = True
253.7711 	EXP 	line1: autoDraw = True
253.7711 	EXP 	line2: autoDraw = True
253.7711 	EXP 	line3: autoDraw = True
253.7711 	EXP 	line4: autoDraw = True
254.7716 	INFO 	Keyboard events cleared
254.7712 	EXP 	fixation: autoDraw = False
254.7712 	EXP 	probe: autoDraw = True
255.5522 	EXP 	Device response: <KeyPress from None: t=255.5468572000027, value=z, duration=None>
255.5527 	EXP 	New trial (rep=25, index=0): <Trial 100 (0 in rep 25) data={'pos': -50, 'corr_resp': 'x', 'thisN': 100, 'thisTrialN': 0, 'thisRepN': 25}>
255.5539 	DATA 	Keypress: z
255.5688 	EXP 	fixation: autoDraw = False
255.5688 	EXP 	line1: autoDraw = False
255.5688 	EXP 	line2: autoDraw = False
255.5688 	EXP 	line3: autoDraw = False
255.5688 	EXP 	line4: autoDraw = False
255.5688 	EXP 	probe: autoDraw = False
255.7537 	EXP 	Device response: <KeyPress from None: t=232.3960858999999, value=z, duration=23.350503300000128>
256.5518 	EXP 	fixation: autoDraw = True
256.5518 	EXP 	line1: autoDraw = True
256.5518 	EXP 	line2: autoDraw = True
256.5518 	EXP 	line3: autoDraw = True
256.5518 	EXP 	line4: autoDraw = True
257.5522 	INFO 	Keyboard events cleared
257.5520 	EXP 	fixation: autoDraw = False
257.5520 	EXP 	probe: autoDraw = True
258.1539 	EXP 	Device response: <KeyPress from None: t=258.15211740000086, value=x, duration=None>
258.1544 	EXP 	New trial (rep=25, index=1): <Trial 101 (1 in rep 25) data={'pos': 150, 'corr_resp': 'v', 'thisN': 101, 'thisTrialN': 1, 'thisRepN': 25}>
258.1558 	DATA 	Keypress: x
258.1685 	EXP 	fixation: autoDraw = False
258.1685 	EXP 	line1: autoDraw = False
258.1685 	EXP 	line2: autoDraw = False
258.1685 	EXP 	line3: autoDraw = False
258.1685 	EXP 	line4: autoDraw = False
258.1685 	EXP 	probe: autoDraw = False
258.4195 	EXP 	Device response: <KeyPress from None: t=258.15211740000086, value=x, duration=0.2526079999988724>
259.1549 	EXP 	fixation: autoDraw = True
259.1549 	EXP 	line1: autoDraw = True
259.1549 	EXP 	line2: autoDraw = True
259.1549 	EXP 	line3: autoDraw = True
259.1549 	EXP 	line4: autoDraw = True
260.1560 	INFO 	Keyboard events cleared
260.1557 	EXP 	fixation: autoDraw = False
260.1557 	EXP 	probe: autoDraw = True
260.7360 	EXP 	Device response: <KeyPress from None: t=260.73272270000234, value=v, duration=None>
260.7367 	EXP 	New trial (rep=25, index=2): <Trial 102 (2 in rep 25) data={'pos': 50, 'corr_resp': 'c', 'thisN': 102, 'thisTrialN': 2, 'thisRepN': 25}>
260.7389 	DATA 	Keypress: v
260.7509 	EXP 	fixation: autoDraw = False
260.7509 	EXP 	line1: autoDraw = False
260.7509 	EXP 	line2: autoDraw = False
260.7509 	EXP 	line3: autoDraw = False
260.7509 	EXP 	line4: autoDraw = False
260.7509 	EXP 	probe: autoDraw = False
260.9184 	EXP 	Device response: <KeyPress from None: t=260.73272270000234, value=v, duration=0.17567769999732263>
261.7520 	EXP 	fixation: autoDraw = True
261.7520 	EXP 	line1: autoDraw = True
261.7520 	EXP 	line2: autoDraw = True
261.7520 	EXP 	line3: autoDraw = True
261.7520 	EXP 	line4: autoDraw = True
262.7390 	INFO 	Keyboard events cleared
262.7387 	EXP 	probe: autoDraw = True
262.7547 	EXP 	fixation: autoDraw = False
263.4028 	EXP 	Device response: <KeyPress from None: t=263.40163329999996, value=c, duration=None>
263.4032 	EXP 	New trial (rep=25, index=3): <Trial 103 (3 in rep 25) data={'pos': -150, 'corr_resp': 'z', 'thisN': 103, 'thisTrialN': 3, 'thisRepN': 25}>
263.4045 	DATA 	Keypress: c
263.4176 	EXP 	fixation: autoDraw = False
263.4176 	EXP 	line1: autoDraw = False
263.4176 	EXP 	line2: autoDraw = False
263.4176 	EXP 	line3: autoDraw = False
263.4176 	EXP 	line4: autoDraw = False
263.4176 	EXP 	probe: autoDraw = False
263.6521 	EXP 	Device response: <KeyPress from None: t=252.7583889000016, value=c, duration=10.89162479999868>
264.4181 	EXP 	fixation: autoDraw = True
264.4181 	EXP 	line1: autoDraw = True
264.4181 	EXP 	line2: autoDraw = True
264.4181 	EXP 	line3: autoDraw = True
264.4181 	EXP 	line4: autoDraw = True
265.4187 	INFO 	Keyboard events cleared
265.4185 	EXP 	fixation: autoDraw = False
265.4185 	EXP 	probe: autoDraw = True
266.6168 	EXP 	Device response: <KeyPress from None: t=266.6056671000006, value=z, duration=None>
266.6172 	EXP 	New trial (rep=26, index=0): <Trial 104 (0 in rep 26) data={'pos': -50, 'corr_resp': 'x', 'thisN': 104, 'thisTrialN': 0, 'thisRepN': 26}>
266.6182 	DATA 	Keypress: z
266.6327 	EXP 	fixation: autoDraw = False
266.6327 	EXP 	line1: autoDraw = False
266.6327 	EXP 	line2: autoDraw = False
266.6327 	EXP 	line3: autoDraw = False
266.6327 	EXP 	line4: autoDraw = False
266.6327 	EXP 	probe: autoDraw = False
266.8005 	EXP 	Device response: <KeyPress from None: t=255.5468572000027, value=z, duration=11.249825099999725>
267.6175 	EXP 	fixation: autoDraw = True
267.6175 	EXP 	line1: autoDraw = True
267.6175 	EXP 	line2: autoDraw = True
267.6175 	EXP 	line3: autoDraw = True
267.6175 	EXP 	line4: autoDraw = True
268.6183 	INFO 	Keyboard events cleared
268.6181 	EXP 	fixation: autoDraw = False
268.6181 	EXP 	probe: autoDraw = True
269.5393 	DATA 	Keypress: x
269.5544 	EXP 	Device response: <KeyPress from None: t=269.53795420000097, value=x, duration=None>
269.5551 	EXP 	New trial (rep=26, index=1): <Trial 105 (1 in rep 26) data={'pos': 150, 'corr_resp': 'v', 'thisN': 105, 'thisTrialN': 1, 'thisRepN': 26}>
269.5729 	EXP 	fixation: autoDraw = False
269.5729 	EXP 	line1: autoDraw = False
269.5729 	EXP 	line2: autoDraw = False
269.5729 	EXP 	line3: autoDraw = False
269.5729 	EXP 	line4: autoDraw = False
269.5729 	EXP 	probe: autoDraw = False
269.8219 	EXP 	Device response: <KeyPress from None: t=269.53795420000097, value=x, duration=0.2681363000010606>
270.5677 	EXP 	fixation: autoDraw = True
270.5677 	EXP 	line1: autoDraw = True
270.5677 	EXP 	line2: autoDraw = True
270.5677 	EXP 	line3: autoDraw = True
270.5677 	EXP 	line4: autoDraw = True
271.5535 	INFO 	Keyboard events cleared
271.5532 	EXP 	probe: autoDraw = True
271.5697 	EXP 	fixation: autoDraw = False
272.0176 	EXP 	Device response: <KeyPress from None: t=272.0067564000019, value=v, duration=None>
272.0181 	EXP 	New trial (rep=26, index=2): <Trial 106 (2 in rep 26) data={'pos': 50, 'corr_resp': 'c', 'thisN': 106, 'thisTrialN': 2, 'thisRepN': 26}>
272.0193 	DATA 	Keypress: v
272.0338 	EXP 	fixation: autoDraw = False
272.0338 	EXP 	line1: autoDraw = False
272.0338 	EXP 	line2: autoDraw = False
272.0338 	EXP 	line3: autoDraw = False
272.0338 	EXP 	line4: autoDraw = False
272.0338 	EXP 	probe: autoDraw = False
272.2190 	EXP 	Device response: <KeyPress from None: t=272.0067564000019, value=v, duration=0.2031944000009389>
273.0222 	EXP 	fixation: autoDraw = True
273.0222 	EXP 	line1: autoDraw = True
273.0222 	EXP 	line2: autoDraw = True
273.0222 	EXP 	line3: autoDraw = True
273.0222 	EXP 	line4: autoDraw = True
274.0354 	INFO 	Keyboard events cleared
274.0352 	EXP 	fixation: autoDraw = False
274.0352 	EXP 	probe: autoDraw = True
274.4190 	EXP 	Device response: <KeyPress from None: t=274.4046187000022, value=c, duration=None>
274.4194 	EXP 	New trial (rep=26, index=3): <Trial 107 (3 in rep 26) data={'pos': -150, 'corr_resp': 'z', 'thisN': 107, 'thisTrialN': 3, 'thisRepN': 26}>
274.4207 	DATA 	Keypress: c
274.4351 	EXP 	fixation: autoDraw = False
274.4351 	EXP 	line1: autoDraw = False
274.4351 	EXP 	line2: autoDraw = False
274.4351 	EXP 	line3: autoDraw = False
274.4351 	EXP 	line4: autoDraw = False
274.4351 	EXP 	probe: autoDraw = False
274.6186 	EXP 	Device response: <KeyPress from None: t=263.40163329999996, value=c, duration=11.201889500000107>
275.4201 	EXP 	fixation: autoDraw = True
275.4201 	EXP 	line1: autoDraw = True
275.4201 	EXP 	line2: autoDraw = True
275.4201 	EXP 	line3: autoDraw = True
275.4201 	EXP 	line4: autoDraw = True
276.4348 	INFO 	Keyboard events cleared
276.4346 	EXP 	fixation: autoDraw = False
276.4346 	EXP 	probe: autoDraw = True
276.4686 	EXP 	Device response: <KeyPress from None: t=276.4540607000017, value=z, duration=None>
276.4690 	EXP 	New trial (rep=27, index=0): <Trial 108 (0 in rep 27) data={'pos': -50, 'corr_resp': 'x', 'thisN': 108, 'thisTrialN': 0, 'thisRepN': 27}>
276.4702 	DATA 	Keypress: z
276.4848 	EXP 	fixation: autoDraw = False
276.4848 	EXP 	line1: autoDraw = False
276.4848 	EXP 	line2: autoDraw = False
276.4848 	EXP 	line3: autoDraw = False
276.4848 	EXP 	line4: autoDraw = False
276.4848 	EXP 	probe: autoDraw = False
276.5853 	EXP 	Device response: <KeyPress from None: t=266.6056671000006, value=z, duration=9.962745100001484>
277.4657 	EXP 	fixation: autoDraw = True
277.4657 	EXP 	line1: autoDraw = True
277.4657 	EXP 	line2: autoDraw = True
277.4657 	EXP 	line3: autoDraw = True
277.4657 	EXP 	line4: autoDraw = True
278.4697 	INFO 	Keyboard events cleared
278.4695 	EXP 	fixation: autoDraw = False
278.4695 	EXP 	probe: autoDraw = True
278.8546 	EXP 	Device response: <KeyPress from None: t=278.8438129999995, value=x, duration=None>
278.8553 	EXP 	New trial (rep=27, index=1): <Trial 109 (1 in rep 27) data={'pos': 150, 'corr_resp': 'v', 'thisN': 109, 'thisTrialN': 1, 'thisRepN': 27}>
278.8578 	DATA 	Keypress: x
278.8718 	EXP 	fixation: autoDraw = False
278.8718 	EXP 	line1: autoDraw = False
278.8718 	EXP 	line2: autoDraw = False
278.8718 	EXP 	line3: autoDraw = False
278.8718 	EXP 	line4: autoDraw = False
278.8718 	EXP 	probe: autoDraw = False
279.0533 	EXP 	Device response: <KeyPress from None: t=278.8438129999995, value=x, duration=0.20206730000063544>
279.8531 	EXP 	fixation: autoDraw = True
279.8531 	EXP 	line1: autoDraw = True
279.8531 	EXP 	line2: autoDraw = True
279.8531 	EXP 	line3: autoDraw = True
279.8531 	EXP 	line4: autoDraw = True
280.8546 	INFO 	Keyboard events cleared
280.8543 	EXP 	fixation: autoDraw = False
280.8543 	EXP 	probe: autoDraw = True
281.1343 	EXP 	Device response: <KeyPress from None: t=281.1259906000014, value=v, duration=None>
281.1346 	EXP 	New trial (rep=27, index=2): <Trial 110 (2 in rep 27) data={'pos': 50, 'corr_resp': 'c', 'thisN': 110, 'thisTrialN': 2, 'thisRepN': 27}>
281.1355 	DATA 	Keypress: v
281.1493 	EXP 	fixation: autoDraw = False
281.1493 	EXP 	line1: autoDraw = False
281.1493 	EXP 	line2: autoDraw = False
281.1493 	EXP 	line3: autoDraw = False
281.1493 	EXP 	line4: autoDraw = False
281.1493 	EXP 	probe: autoDraw = False
281.3192 	EXP 	Device response: <KeyPress from None: t=281.1259906000014, value=v, duration=0.18859190000148374>
282.1347 	EXP 	fixation: autoDraw = True
282.1347 	EXP 	line1: autoDraw = True
282.1347 	EXP 	line2: autoDraw = True
282.1347 	EXP 	line3: autoDraw = True
282.1347 	EXP 	line4: autoDraw = True
283.1351 	INFO 	Keyboard events cleared
283.1349 	EXP 	fixation: autoDraw = False
283.1349 	EXP 	probe: autoDraw = True
284.0019 	EXP 	Device response: <KeyPress from None: t=283.9901413000007, value=c, duration=None>
284.0023 	EXP 	New trial (rep=27, index=3): <Trial 111 (3 in rep 27) data={'pos': -150, 'corr_resp': 'z', 'thisN': 111, 'thisTrialN': 3, 'thisRepN': 27}>
284.0036 	DATA 	Keypress: c
284.0177 	EXP 	fixation: autoDraw = False
284.0177 	EXP 	line1: autoDraw = False
284.0177 	EXP 	line2: autoDraw = False
284.0177 	EXP 	line3: autoDraw = False
284.0177 	EXP 	line4: autoDraw = False
284.0177 	EXP 	probe: autoDraw = False
284.1691 	EXP 	Device response: <KeyPress from None: t=274.4046187000022, value=c, duration=9.759266999997635>
285.0011 	EXP 	fixation: autoDraw = True
285.0011 	EXP 	line1: autoDraw = True
285.0011 	EXP 	line2: autoDraw = True
285.0011 	EXP 	line3: autoDraw = True
285.0011 	EXP 	line4: autoDraw = True
286.0017 	EXP 	fixation: autoDraw = False
286.0181 	INFO 	Keyboard events cleared
286.0179 	EXP 	probe: autoDraw = True
286.6192 	EXP 	Device response: <KeyPress from None: t=286.6138183000003, value=z, duration=None>
286.6198 	EXP 	New trial (rep=28, index=0): <Trial 112 (0 in rep 28) data={'pos': -50, 'corr_resp': 'x', 'thisN': 112, 'thisTrialN': 0, 'thisRepN': 28}>
286.6211 	DATA 	Keypress: z
286.6347 	EXP 	fixation: autoDraw = False
286.6347 	EXP 	line1: autoDraw = False
286.6347 	EXP 	line2: autoDraw = False
286.6347 	EXP 	line3: autoDraw = False
286.6347 	EXP 	line4: autoDraw = False
286.6347 	EXP 	probe: autoDraw = False
286.8350 	EXP 	Device response: <KeyPress from None: t=276.4540607000017, value=z, duration=10.37462609999784>
287.6347 	EXP 	fixation: autoDraw = True
287.6347 	EXP 	line1: autoDraw = True
287.6347 	EXP 	line2: autoDraw = True
287.6347 	EXP 	line3: autoDraw = True
287.6347 	EXP 	line4: autoDraw = True
288.6352 	INFO 	Keyboard events cleared
288.6350 	EXP 	fixation: autoDraw = False
288.6350 	EXP 	probe: autoDraw = True
289.2855 	EXP 	Device response: <KeyPress from None: t=289.2796546000027, value=x, duration=None>
289.2859 	EXP 	New trial (rep=28, index=1): <Trial 113 (1 in rep 28) data={'pos': 150, 'corr_resp': 'v', 'thisN': 113, 'thisTrialN': 1, 'thisRepN': 28}>
289.2871 	DATA 	Keypress: x
289.3010 	EXP 	fixation: autoDraw = False
289.3010 	EXP 	line1: autoDraw = False
289.3010 	EXP 	line2: autoDraw = False
289.3010 	EXP 	line3: autoDraw = False
289.3010 	EXP 	line4: autoDraw = False
289.3010 	EXP 	probe: autoDraw = False
289.4897 	EXP 	Device response: <KeyPress from None: t=289.2796546000027, value=x, duration=0.19430419999844162>
290.2879 	EXP 	fixation: autoDraw = True
290.2879 	EXP 	line1: autoDraw = True
290.2879 	EXP 	line2: autoDraw = True
290.2879 	EXP 	line3: autoDraw = True
290.2879 	EXP 	line4: autoDraw = True
291.3017 	INFO 	Keyboard events cleared
291.3015 	EXP 	fixation: autoDraw = False
291.3015 	EXP 	probe: autoDraw = True
291.8532 	DATA 	Keypress: v
291.8681 	EXP 	Device response: <KeyPress from None: t=291.8520703000031, value=v, duration=None>
291.8685 	EXP 	New trial (rep=28, index=2): <Trial 114 (2 in rep 28) data={'pos': 50, 'corr_resp': 'c', 'thisN': 114, 'thisTrialN': 2, 'thisRepN': 28}>
291.8852 	EXP 	fixation: autoDraw = False
291.8852 	EXP 	line1: autoDraw = False
291.8852 	EXP 	line2: autoDraw = False
291.8852 	EXP 	line3: autoDraw = False
291.8852 	EXP 	line4: autoDraw = False
291.8852 	EXP 	probe: autoDraw = False
292.0671 	EXP 	Device response: <KeyPress from None: t=291.8520703000031, value=v, duration=0.20605929999874206>
292.8673 	EXP 	fixation: autoDraw = True
292.8673 	EXP 	line1: autoDraw = True
292.8673 	EXP 	line2: autoDraw = True
292.8673 	EXP 	line3: autoDraw = True
292.8673 	EXP 	line4: autoDraw = True
293.8680 	INFO 	Keyboard events cleared
293.8678 	EXP 	fixation: autoDraw = False
293.8678 	EXP 	probe: autoDraw = True
294.3359 	EXP 	Device response: <KeyPress from None: t=294.32420210000055, value=c, duration=None>
294.3363 	EXP 	New trial (rep=28, index=3): <Trial 115 (3 in rep 28) data={'pos': -150, 'corr_resp': 'z', 'thisN': 115, 'thisTrialN': 3, 'thisRepN': 28}>
294.3376 	DATA 	Keypress: c
294.3510 	EXP 	fixation: autoDraw = False
294.3510 	EXP 	line1: autoDraw = False
294.3510 	EXP 	line2: autoDraw = False
294.3510 	EXP 	line3: autoDraw = False
294.3510 	EXP 	line4: autoDraw = False
294.3510 	EXP 	probe: autoDraw = False
294.5520 	EXP 	Device response: <KeyPress from None: t=283.9901413000007, value=c, duration=10.557277200001408>
295.3515 	EXP 	fixation: autoDraw = True
295.3515 	EXP 	line1: autoDraw = True
295.3515 	EXP 	line2: autoDraw = True
295.3515 	EXP 	line3: autoDraw = True
295.3515 	EXP 	line4: autoDraw = True
296.3514 	INFO 	Keyboard events cleared
296.3512 	EXP 	fixation: autoDraw = False
296.3512 	EXP 	probe: autoDraw = True
296.6537 	EXP 	Device response: <KeyPress from None: t=296.6509732000013, value=z, duration=None>
296.6541 	EXP 	New trial (rep=29, index=0): <Trial 116 (0 in rep 29) data={'pos': -50, 'corr_resp': 'x', 'thisN': 116, 'thisTrialN': 0, 'thisRepN': 29}>
296.6554 	DATA 	Keypress: z
296.6677 	EXP 	fixation: autoDraw = False
296.6677 	EXP 	line1: autoDraw = False
296.6677 	EXP 	line2: autoDraw = False
296.6677 	EXP 	line3: autoDraw = False
296.6677 	EXP 	line4: autoDraw = False
296.6677 	EXP 	probe: autoDraw = False
296.8323 	EXP 	Device response: <KeyPress from None: t=286.6138183000003, value=z, duration=10.214465600001859>
297.6537 	EXP 	fixation: autoDraw = True
297.6537 	EXP 	line1: autoDraw = True
297.6537 	EXP 	line2: autoDraw = True
297.6537 	EXP 	line3: autoDraw = True
297.6537 	EXP 	line4: autoDraw = True
298.6567 	INFO 	Keyboard events cleared
298.6564 	EXP 	fixation: autoDraw = False
298.6564 	EXP 	probe: autoDraw = True
298.9552 	EXP 	Device response: <KeyPress from None: t=298.94666470000084, value=x, duration=None>
298.9567 	EXP 	New trial (rep=29, index=1): <Trial 117 (1 in rep 29) data={'pos': 150, 'corr_resp': 'v', 'thisN': 117, 'thisTrialN': 1, 'thisRepN': 29}>
298.9584 	DATA 	Keypress: x
298.9685 	EXP 	fixation: autoDraw = False
298.9685 	EXP 	line1: autoDraw = False
298.9685 	EXP 	line2: autoDraw = False
298.9685 	EXP 	line3: autoDraw = False
298.9685 	EXP 	line4: autoDraw = False
298.9685 	EXP 	probe: autoDraw = False
299.1712 	EXP 	Device response: <KeyPress from None: t=298.94666470000084, value=x, duration=0.20934940000006463>
299.9678 	EXP 	fixation: autoDraw = True
299.9678 	EXP 	line1: autoDraw = True
299.9678 	EXP 	line2: autoDraw = True
299.9678 	EXP 	line3: autoDraw = True
299.9678 	EXP 	line4: autoDraw = True
300.9684 	INFO 	Keyboard events cleared
300.9682 	EXP 	probe: autoDraw = True
300.9844 	EXP 	fixation: autoDraw = False
301.1512 	EXP 	Device response: <KeyPress from None: t=301.14535760000217, value=v, duration=None>
301.1516 	EXP 	New trial (rep=29, index=2): <Trial 118 (2 in rep 29) data={'pos': 50, 'corr_resp': 'c', 'thisN': 118, 'thisTrialN': 2, 'thisRepN': 29}>
301.1529 	DATA 	Keypress: v
301.1676 	EXP 	fixation: autoDraw = False
301.1676 	EXP 	line1: autoDraw = False
301.1676 	EXP 	line2: autoDraw = False
301.1676 	EXP 	line3: autoDraw = False
301.1676 	EXP 	line4: autoDraw = False
301.1676 	EXP 	probe: autoDraw = False
301.3525 	EXP 	Device response: <KeyPress from None: t=301.14535760000217, value=v, duration=0.20095209999999497>
302.1515 	EXP 	fixation: autoDraw = True
302.1515 	EXP 	line1: autoDraw = True
302.1515 	EXP 	line2: autoDraw = True
302.1515 	EXP 	line3: autoDraw = True
302.1515 	EXP 	line4: autoDraw = True
303.1511 	INFO 	Keyboard events cleared
303.1509 	EXP 	fixation: autoDraw = False
303.1509 	EXP 	probe: autoDraw = True
303.5360 	EXP 	Device response: <KeyPress from None: t=303.5263603000021, value=c, duration=None>
303.5364 	EXP 	New trial (rep=29, index=3): <Trial 119 (3 in rep 29) data={'pos': -150, 'corr_resp': 'z', 'thisN': 119, 'thisTrialN': 3, 'thisRepN': 29}>
303.5378 	DATA 	Keypress: c
303.5519 	EXP 	fixation: autoDraw = False
303.5519 	EXP 	line1: autoDraw = False
303.5519 	EXP 	line2: autoDraw = False
303.5519 	EXP 	line3: autoDraw = False
303.5519 	EXP 	line4: autoDraw = False
303.5519 	EXP 	probe: autoDraw = False
303.7346 	EXP 	Device response: <KeyPress from None: t=294.32420210000055, value=c, duration=9.404197100000601>
303.7687 	EXP 	Device response: <KeyPress from None: t=303.7631446000014, value=c, duration=None>
303.7698 	DATA 	Keypress: c
303.8516 	EXP 	Device response: <KeyPress from None: t=303.5263603000021, value=c, duration=0.31055469999773777>
304.5500 	EXP 	fixation: autoDraw = True
304.5500 	EXP 	line1: autoDraw = True
304.5500 	EXP 	line2: autoDraw = True
304.5500 	EXP 	line3: autoDraw = True
304.5500 	EXP 	line4: autoDraw = True
304.8894 	EXP 	Device response: <KeyPress from None: t=304.88834430000134, value=z, duration=None>
304.8928 	DATA 	Keypress: z
305.0826 	EXP 	Device response: <KeyPress from None: t=296.6509732000013, value=z, duration=8.417183900000964>
305.3178 	EXP 	Device response: <KeyPress from None: t=305.31302140000116, value=z, duration=None>
305.3195 	DATA 	Keypress: z
305.4848 	EXP 	Device response: <KeyPress from None: t=304.88834430000134, value=z, duration=0.5918291999987559>
305.5516 	INFO 	Keyboard events cleared
305.5513 	EXP 	fixation: autoDraw = False
305.5513 	EXP 	probe: autoDraw = True
305.7023 	EXP 	Device response: <KeyPress from None: t=305.6972259000031, value=z, duration=None>
305.7027 	EXP 	New trial (rep=30, index=0): <Trial 120 (0 in rep 30) data={'pos': -50, 'corr_resp': 'x', 'thisN': 120, 'thisTrialN': 0, 'thisRepN': 30}>
305.7041 	DATA 	Keypress: z
305.7182 	EXP 	fixation: autoDraw = False
305.7182 	EXP 	line1: autoDraw = False
305.7182 	EXP 	line2: autoDraw = False
305.7182 	EXP 	line3: autoDraw = False
305.7182 	EXP 	line4: autoDraw = False
305.7182 	EXP 	probe: autoDraw = False
305.9017 	EXP 	Device response: <KeyPress from None: t=305.31302140000116, value=z, duration=0.5810090000013588>
306.4853 	EXP 	Device response: <KeyPress from None: t=306.48105120000037, value=x, duration=None>
306.4861 	DATA 	Keypress: x
306.6513 	EXP 	Device response: <KeyPress from None: t=306.48105120000037, value=x, duration=0.1569634000006772>
306.7175 	EXP 	fixation: autoDraw = True
306.7175 	EXP 	line1: autoDraw = True
306.7175 	EXP 	line2: autoDraw = True
306.7175 	EXP 	line3: autoDraw = True
306.7175 	EXP 	line4: autoDraw = True
307.7007 	INFO 	Keyboard events cleared
307.7005 	EXP 	probe: autoDraw = True
307.7177 	EXP 	fixation: autoDraw = False
308.1544 	DATA 	Keypress: x
308.1688 	EXP 	Device response: <KeyPress from None: t=308.1530918000026, value=x, duration=None>
308.1693 	EXP 	New trial (rep=30, index=1): <Trial 121 (1 in rep 30) data={'pos': 150, 'corr_resp': 'v', 'thisN': 121, 'thisTrialN': 1, 'thisRepN': 30}>
308.1844 	EXP 	fixation: autoDraw = False
308.1844 	EXP 	line1: autoDraw = False
308.1844 	EXP 	line2: autoDraw = False
308.1844 	EXP 	line3: autoDraw = False
308.1844 	EXP 	line4: autoDraw = False
308.1844 	EXP 	probe: autoDraw = False
308.3488 	EXP 	Device response: <KeyPress from None: t=308.1530918000026, value=x, duration=0.19318869999915478>
309.1844 	EXP 	fixation: autoDraw = True
309.1844 	EXP 	line1: autoDraw = True
309.1844 	EXP 	line2: autoDraw = True
309.1844 	EXP 	line3: autoDraw = True
309.1844 	EXP 	line4: autoDraw = True
309.9684 	EXP 	Device response: <KeyPress from None: t=309.961603300002, value=v, duration=None>
309.9702 	DATA 	Keypress: v
310.1518 	EXP 	Device response: <KeyPress from None: t=309.961603300002, value=v, duration=0.18548889999874518>
310.1851 	INFO 	Keyboard events cleared
310.1848 	EXP 	fixation: autoDraw = False
310.1848 	EXP 	probe: autoDraw = True
310.4850 	EXP 	Device response: <KeyPress from None: t=310.4708939000011, value=v, duration=None>
310.4854 	EXP 	New trial (rep=30, index=2): <Trial 122 (2 in rep 30) data={'pos': 50, 'corr_resp': 'c', 'thisN': 122, 'thisTrialN': 2, 'thisRepN': 30}>
310.4866 	DATA 	Keypress: v
310.5017 	EXP 	fixation: autoDraw = False
310.5017 	EXP 	line1: autoDraw = False
310.5017 	EXP 	line2: autoDraw = False
310.5017 	EXP 	line3: autoDraw = False
310.5017 	EXP 	line4: autoDraw = False
310.5017 	EXP 	probe: autoDraw = False
310.6681 	EXP 	Device response: <KeyPress from None: t=310.4708939000011, value=v, duration=0.18651350000072853>
311.4868 	EXP 	fixation: autoDraw = True
311.4868 	EXP 	line1: autoDraw = True
311.4868 	EXP 	line2: autoDraw = True
311.4868 	EXP 	line3: autoDraw = True
311.4868 	EXP 	line4: autoDraw = True
312.4854 	INFO 	Keyboard events cleared
312.4852 	EXP 	probe: autoDraw = True
312.5007 	EXP 	fixation: autoDraw = False
313.1361 	EXP 	Device response: <KeyPress from None: t=313.13062120000177, value=c, duration=None>
313.1366 	EXP 	New trial (rep=30, index=3): <Trial 123 (3 in rep 30) data={'pos': -150, 'corr_resp': 'z', 'thisN': 123, 'thisTrialN': 3, 'thisRepN': 30}>
313.1380 	DATA 	Keypress: c
313.1517 	EXP 	fixation: autoDraw = False
313.1517 	EXP 	line1: autoDraw = False
313.1517 	EXP 	line2: autoDraw = False
313.1517 	EXP 	line3: autoDraw = False
313.1517 	EXP 	line4: autoDraw = False
313.1517 	EXP 	probe: autoDraw = False
313.3523 	EXP 	Device response: <KeyPress from None: t=303.7631446000014, value=c, duration=9.58706710000115>
314.1363 	EXP 	fixation: autoDraw = True
314.1363 	EXP 	line1: autoDraw = True
314.1363 	EXP 	line2: autoDraw = True
314.1363 	EXP 	line3: autoDraw = True
314.1363 	EXP 	line4: autoDraw = True
315.1510 	INFO 	Keyboard events cleared
315.1508 	EXP 	fixation: autoDraw = False
315.1508 	EXP 	probe: autoDraw = True
315.6348 	EXP 	Device response: <KeyPress from None: t=315.62955650000004, value=z, duration=None>
315.6353 	EXP 	New trial (rep=31, index=0): <Trial 124 (0 in rep 31) data={'pos': -50, 'corr_resp': 'x', 'thisN': 124, 'thisTrialN': 0, 'thisRepN': 31}>
315.6365 	DATA 	Keypress: z
315.6506 	EXP 	fixation: autoDraw = False
315.6506 	EXP 	line1: autoDraw = False
315.6506 	EXP 	line2: autoDraw = False
315.6506 	EXP 	line3: autoDraw = False
315.6506 	EXP 	line4: autoDraw = False
315.6506 	EXP 	probe: autoDraw = False
315.8344 	EXP 	Device response: <KeyPress from None: t=305.6972259000031, value=z, duration=10.130987199998344>
316.6364 	EXP 	fixation: autoDraw = True
316.6364 	EXP 	line1: autoDraw = True
316.6364 	EXP 	line2: autoDraw = True
316.6364 	EXP 	line3: autoDraw = True
316.6364 	EXP 	line4: autoDraw = True
317.2349 	EXP 	Device response: <KeyPress from None: t=317.2303114999995, value=x, duration=None>
317.2366 	DATA 	Keypress: x
317.4498 	EXP 	Device response: <KeyPress from None: t=317.2303114999995, value=x, duration=0.21091830000295886>
317.6341 	INFO 	Keyboard events cleared
317.6339 	EXP 	probe: autoDraw = True
317.6511 	EXP 	fixation: autoDraw = False
318.0176 	EXP 	Device response: <KeyPress from None: t=318.01267610000286, value=x, duration=None>
318.0181 	EXP 	New trial (rep=31, index=1): <Trial 125 (1 in rep 31) data={'pos': 150, 'corr_resp': 'v', 'thisN': 125, 'thisTrialN': 1, 'thisRepN': 31}>
318.0192 	DATA 	Keypress: x
318.0339 	EXP 	fixation: autoDraw = False
318.0339 	EXP 	line1: autoDraw = False
318.0339 	EXP 	line2: autoDraw = False
318.0339 	EXP 	line3: autoDraw = False
318.0339 	EXP 	line4: autoDraw = False
318.0339 	EXP 	probe: autoDraw = False
318.5094 	EXP 	Device response: <KeyPress from None: t=318.01267610000286, value=x, duration=0.49043600000004517>
319.0192 	EXP 	fixation: autoDraw = True
319.0192 	EXP 	line1: autoDraw = True
319.0192 	EXP 	line2: autoDraw = True
319.0192 	EXP 	line3: autoDraw = True
319.0192 	EXP 	line4: autoDraw = True
320.0349 	INFO 	Keyboard events cleared
320.0347 	EXP 	fixation: autoDraw = False
320.0347 	EXP 	probe: autoDraw = True
320.7562 	EXP 	Device response: <KeyPress from None: t=320.7521126000029, value=v, duration=None>
320.7570 	EXP 	New trial (rep=31, index=2): <Trial 126 (2 in rep 31) data={'pos': 50, 'corr_resp': 'c', 'thisN': 126, 'thisTrialN': 2, 'thisRepN': 31}>
320.7601 	DATA 	Keypress: v
320.7679 	EXP 	fixation: autoDraw = False
320.7679 	EXP 	line1: autoDraw = False
320.7679 	EXP 	line2: autoDraw = False
320.7679 	EXP 	line3: autoDraw = False
320.7679 	EXP 	line4: autoDraw = False
320.7679 	EXP 	probe: autoDraw = False
320.9903 	EXP 	Device response: <KeyPress from None: t=320.7521126000029, value=v, duration=0.21414979999826755>
321.7715 	EXP 	fixation: autoDraw = True
321.7715 	EXP 	line1: autoDraw = True
321.7715 	EXP 	line2: autoDraw = True
321.7715 	EXP 	line3: autoDraw = True
321.7715 	EXP 	line4: autoDraw = True
322.7721 	INFO 	Keyboard events cleared
322.7718 	EXP 	fixation: autoDraw = False
322.7718 	EXP 	probe: autoDraw = True
323.4178 	EXP 	Device response: <KeyPress from None: t=323.4127042, value=c, duration=None>
323.4182 	EXP 	New trial (rep=31, index=3): <Trial 127 (3 in rep 31) data={'pos': -150, 'corr_resp': 'z', 'thisN': 127, 'thisTrialN': 3, 'thisRepN': 31}>
323.4194 	DATA 	Keypress: c
323.4343 	EXP 	fixation: autoDraw = False
323.4343 	EXP 	line1: autoDraw = False
323.4343 	EXP 	line2: autoDraw = False
323.4343 	EXP 	line3: autoDraw = False
323.4343 	EXP 	line4: autoDraw = False
323.4343 	EXP 	probe: autoDraw = False
323.6358 	EXP 	Device response: <KeyPress from None: t=313.13062120000177, value=c, duration=10.488043800000014>
324.4179 	EXP 	fixation: autoDraw = True
324.4179 	EXP 	line1: autoDraw = True
324.4179 	EXP 	line2: autoDraw = True
324.4179 	EXP 	line3: autoDraw = True
324.4179 	EXP 	line4: autoDraw = True
325.4179 	INFO 	Keyboard events cleared
325.4177 	EXP 	fixation: autoDraw = False
325.4177 	EXP 	probe: autoDraw = True
326.0836 	EXP 	Device response: <KeyPress from None: t=326.0779231000015, value=z, duration=None>
326.0839 	EXP 	New trial (rep=32, index=0): <Trial 128 (0 in rep 32) data={'pos': -50, 'corr_resp': 'x', 'thisN': 128, 'thisTrialN': 0, 'thisRepN': 32}>
326.0849 	DATA 	Keypress: z
326.1002 	EXP 	fixation: autoDraw = False
326.1002 	EXP 	line1: autoDraw = False
326.1002 	EXP 	line2: autoDraw = False
326.1002 	EXP 	line3: autoDraw = False
326.1002 	EXP 	line4: autoDraw = False
326.1002 	EXP 	probe: autoDraw = False
326.2353 	EXP 	Device response: <KeyPress from None: t=315.62955650000004, value=z, duration=10.59978190000038>
327.0980 	EXP 	fixation: autoDraw = True
327.0980 	EXP 	line1: autoDraw = True
327.0980 	EXP 	line2: autoDraw = True
327.0980 	EXP 	line3: autoDraw = True
327.0980 	EXP 	line4: autoDraw = True
327.4679 	EXP 	Device response: <KeyPress from None: t=327.45289740000226, value=x, duration=None>
327.4700 	DATA 	Keypress: x
327.7347 	EXP 	Device response: <KeyPress from None: t=327.45289740000226, value=x, duration=0.27281939999738825>
328.0848 	INFO 	Keyboard events cleared
328.0846 	EXP 	probe: autoDraw = True
328.1014 	EXP 	fixation: autoDraw = False
328.4353 	EXP 	Device response: <KeyPress from None: t=328.4299523000009, value=x, duration=None>
328.4358 	EXP 	New trial (rep=32, index=1): <Trial 129 (1 in rep 32) data={'pos': 150, 'corr_resp': 'v', 'thisN': 129, 'thisTrialN': 1, 'thisRepN': 32}>
328.4371 	DATA 	Keypress: x
328.4505 	EXP 	fixation: autoDraw = False
328.4505 	EXP 	line1: autoDraw = False
328.4505 	EXP 	line2: autoDraw = False
328.4505 	EXP 	line3: autoDraw = False
328.4505 	EXP 	line4: autoDraw = False
328.4505 	EXP 	probe: autoDraw = False
328.5696 	EXP 	Device response: <KeyPress from None: t=328.4299523000009, value=x, duration=0.13746579999860842>
329.4489 	EXP 	fixation: autoDraw = True
329.4489 	EXP 	line1: autoDraw = True
329.4489 	EXP 	line2: autoDraw = True
329.4489 	EXP 	line3: autoDraw = True
329.4489 	EXP 	line4: autoDraw = True
330.4517 	INFO 	Keyboard events cleared
330.4515 	EXP 	fixation: autoDraw = False
330.4515 	EXP 	probe: autoDraw = True
330.9611 	DATA 	Keypress: v
330.9715 	EXP 	Device response: <KeyPress from None: t=330.9591591000026, value=v, duration=None>
330.9724 	EXP 	New trial (rep=32, index=2): <Trial 130 (2 in rep 32) data={'pos': 50, 'corr_resp': 'c', 'thisN': 130, 'thisTrialN': 2, 'thisRepN': 32}>
330.9873 	EXP 	fixation: autoDraw = False
330.9873 	EXP 	line1: autoDraw = False
330.9873 	EXP 	line2: autoDraw = False
330.9873 	EXP 	line3: autoDraw = False
330.9873 	EXP 	line4: autoDraw = False
330.9873 	EXP 	probe: autoDraw = False
331.1664 	EXP 	Device response: <KeyPress from None: t=330.9591591000026, value=v, duration=0.19420399999944493>
331.9840 	EXP 	fixation: autoDraw = True
331.9840 	EXP 	line1: autoDraw = True
331.9840 	EXP 	line2: autoDraw = True
331.9840 	EXP 	line3: autoDraw = True
331.9840 	EXP 	line4: autoDraw = True
332.9828 	INFO 	Keyboard events cleared
332.9826 	EXP 	fixation: autoDraw = False
332.9826 	EXP 	probe: autoDraw = True
334.0506 	EXP 	Device response: <KeyPress from None: t=334.04755920000025, value=c, duration=None>
334.0510 	EXP 	New trial (rep=32, index=3): <Trial 131 (3 in rep 32) data={'pos': -150, 'corr_resp': 'z', 'thisN': 131, 'thisTrialN': 3, 'thisRepN': 32}>
334.0522 	DATA 	Keypress: c
334.0662 	EXP 	fixation: autoDraw = False
334.0662 	EXP 	line1: autoDraw = False
334.0662 	EXP 	line2: autoDraw = False
334.0662 	EXP 	line3: autoDraw = False
334.0662 	EXP 	line4: autoDraw = False
334.0662 	EXP 	probe: autoDraw = False
334.2564 	EXP 	Device response: <KeyPress from None: t=323.4127042, value=c, duration=10.828924100002041>
334.2882 	EXP 	Device response: <KeyPress from None: t=334.2782675000017, value=c, duration=None>
334.2906 	DATA 	Keypress: c
334.3698 	EXP 	Device response: <KeyPress from None: t=334.04755920000025, value=c, duration=0.3137464999999793>
335.0500 	EXP 	fixation: autoDraw = True
335.0500 	EXP 	line1: autoDraw = True
335.0500 	EXP 	line2: autoDraw = True
335.0500 	EXP 	line3: autoDraw = True
335.0500 	EXP 	line4: autoDraw = True
336.0512 	INFO 	Keyboard events cleared
336.0510 	EXP 	fixation: autoDraw = False
336.0510 	EXP 	probe: autoDraw = True
336.6159 	EXP 	Device response: <KeyPress from None: t=336.6151430000027, value=z, duration=None>
336.6163 	EXP 	New trial (rep=33, index=0): <Trial 132 (0 in rep 33) data={'pos': -50, 'corr_resp': 'x', 'thisN': 132, 'thisTrialN': 0, 'thisRepN': 33}>
336.6174 	DATA 	Keypress: z
336.6316 	EXP 	fixation: autoDraw = False
336.6316 	EXP 	line1: autoDraw = False
336.6316 	EXP 	line2: autoDraw = False
336.6316 	EXP 	line3: autoDraw = False
336.6316 	EXP 	line4: autoDraw = False
336.6316 	EXP 	probe: autoDraw = False
336.8071 	EXP 	Device response: <KeyPress from None: t=326.0779231000015, value=z, duration=10.727050800000143>
337.6155 	EXP 	fixation: autoDraw = True
337.6155 	EXP 	line1: autoDraw = True
337.6155 	EXP 	line2: autoDraw = True
337.6155 	EXP 	line3: autoDraw = True
337.6155 	EXP 	line4: autoDraw = True
338.6175 	INFO 	Keyboard events cleared
338.6173 	EXP 	fixation: autoDraw = False
338.6173 	EXP 	probe: autoDraw = True
338.9010 	EXP 	Device response: <KeyPress from None: t=338.8927121000015, value=x, duration=None>
338.9014 	EXP 	New trial (rep=33, index=1): <Trial 133 (1 in rep 33) data={'pos': 150, 'corr_resp': 'v', 'thisN': 133, 'thisTrialN': 1, 'thisRepN': 33}>
338.9027 	DATA 	Keypress: x
338.9170 	EXP 	fixation: autoDraw = False
338.9170 	EXP 	line1: autoDraw = False
338.9170 	EXP 	line2: autoDraw = False
338.9170 	EXP 	line3: autoDraw = False
338.9170 	EXP 	line4: autoDraw = False
338.9170 	EXP 	probe: autoDraw = False
339.1561 	EXP 	Device response: <KeyPress from None: t=338.8927121000015, value=x, duration=0.24628690000099596>
339.9028 	EXP 	fixation: autoDraw = True
339.9028 	EXP 	line1: autoDraw = True
339.9028 	EXP 	line2: autoDraw = True
339.9028 	EXP 	line3: autoDraw = True
339.9028 	EXP 	line4: autoDraw = True
340.9046 	INFO 	Keyboard events cleared
340.9043 	EXP 	fixation: autoDraw = False
340.9043 	EXP 	probe: autoDraw = True
341.1706 	EXP 	Device response: <KeyPress from None: t=341.16926720000265, value=v, duration=None>
341.1712 	EXP 	New trial (rep=33, index=2): <Trial 134 (2 in rep 33) data={'pos': 50, 'corr_resp': 'c', 'thisN': 134, 'thisTrialN': 2, 'thisRepN': 33}>
341.1732 	DATA 	Keypress: v
341.1850 	EXP 	fixation: autoDraw = False
341.1850 	EXP 	line1: autoDraw = False
341.1850 	EXP 	line2: autoDraw = False
341.1850 	EXP 	line3: autoDraw = False
341.1850 	EXP 	line4: autoDraw = False
341.1850 	EXP 	probe: autoDraw = False
341.3516 	EXP 	Device response: <KeyPress from None: t=341.16926720000265, value=v, duration=0.16670629999862285>
342.1697 	EXP 	fixation: autoDraw = True
342.1697 	EXP 	line1: autoDraw = True
342.1697 	EXP 	line2: autoDraw = True
342.1697 	EXP 	line3: autoDraw = True
342.1697 	EXP 	line4: autoDraw = True
343.1849 	INFO 	Keyboard events cleared
343.1847 	EXP 	fixation: autoDraw = False
343.1847 	EXP 	probe: autoDraw = True
343.4178 	EXP 	Device response: <KeyPress from None: t=343.4060989000027, value=c, duration=None>
343.4183 	EXP 	New trial (rep=33, index=3): <Trial 135 (3 in rep 33) data={'pos': -150, 'corr_resp': 'z', 'thisN': 135, 'thisTrialN': 3, 'thisRepN': 33}>
343.4195 	DATA 	Keypress: c
343.4337 	EXP 	fixation: autoDraw = False
343.4337 	EXP 	line1: autoDraw = False
343.4337 	EXP 	line2: autoDraw = False
343.4337 	EXP 	line3: autoDraw = False
343.4337 	EXP 	line4: autoDraw = False
343.4337 	EXP 	probe: autoDraw = False
343.6208 	EXP 	Device response: <KeyPress from None: t=334.2782675000017, value=c, duration=9.341480600000068>
344.4175 	EXP 	fixation: autoDraw = True
344.4175 	EXP 	line1: autoDraw = True
344.4175 	EXP 	line2: autoDraw = True
344.4175 	EXP 	line3: autoDraw = True
344.4175 	EXP 	line4: autoDraw = True
345.1349 	EXP 	Device response: <KeyPress from None: t=345.1277332999998, value=z, duration=None>
345.1367 	DATA 	Keypress: z
345.3343 	EXP 	Device response: <KeyPress from None: t=336.6151430000027, value=z, duration=8.713439799998014>
345.4175 	INFO 	Keyboard events cleared
345.4173 	EXP 	fixation: autoDraw = False
345.4173 	EXP 	probe: autoDraw = True
345.5677 	EXP 	Device response: <KeyPress from None: t=345.5581407999998, value=z, duration=None>
345.5681 	EXP 	New trial (rep=34, index=0): <Trial 136 (0 in rep 34) data={'pos': -50, 'corr_resp': 'x', 'thisN': 136, 'thisTrialN': 0, 'thisRepN': 34}>
345.5694 	DATA 	Keypress: z
345.5841 	EXP 	fixation: autoDraw = False
345.5841 	EXP 	line1: autoDraw = False
345.5841 	EXP 	line2: autoDraw = False
345.5841 	EXP 	line3: autoDraw = False
345.5841 	EXP 	line4: autoDraw = False
345.5841 	EXP 	probe: autoDraw = False
345.8018 	EXP 	Device response: <KeyPress from None: t=345.1277332999998, value=z, duration=0.673406600002636>
346.5674 	EXP 	fixation: autoDraw = True
346.5674 	EXP 	line1: autoDraw = True
346.5674 	EXP 	line2: autoDraw = True
346.5674 	EXP 	line3: autoDraw = True
346.5674 	EXP 	line4: autoDraw = True
347.0014 	EXP 	Device response: <KeyPress from None: t=346.99063800000295, value=x, duration=None>
347.0031 	DATA 	Keypress: x
347.1840 	EXP 	Device response: <KeyPress from None: t=346.99063800000295, value=x, duration=0.18871789999684552>
347.4678 	EXP 	Device response: <KeyPress from None: t=347.4623745000026, value=x, duration=None>
347.4694 	DATA 	Keypress: x
347.5675 	INFO 	Keyboard events cleared
347.5673 	EXP 	fixation: autoDraw = False
347.5673 	EXP 	probe: autoDraw = True
347.6513 	EXP 	Device response: <KeyPress from None: t=347.4623745000026, value=x, duration=0.18133789999774308>
347.8554 	EXP 	Device response: <KeyPress from None: t=347.85100950000196, value=x, duration=None>
347.8561 	EXP 	New trial (rep=34, index=1): <Trial 137 (1 in rep 34) data={'pos': 150, 'corr_resp': 'v', 'thisN': 137, 'thisTrialN': 1, 'thisRepN': 34}>
347.8584 	DATA 	Keypress: x
347.8710 	EXP 	fixation: autoDraw = False
347.8710 	EXP 	line1: autoDraw = False
347.8710 	EXP 	line2: autoDraw = False
347.8710 	EXP 	line3: autoDraw = False
347.8710 	EXP 	line4: autoDraw = False
347.8710 	EXP 	probe: autoDraw = False
348.0212 	EXP 	Device response: <KeyPress from None: t=347.85100950000196, value=x, duration=0.16311489999861806>
348.8714 	EXP 	fixation: autoDraw = True
348.8714 	EXP 	line1: autoDraw = True
348.8714 	EXP 	line2: autoDraw = True
348.8714 	EXP 	line3: autoDraw = True
348.8714 	EXP 	line4: autoDraw = True
349.0713 	EXP 	Device response: <KeyPress from None: t=349.0588936000022, value=v, duration=None>
349.0752 	DATA 	Keypress: v
349.2725 	EXP 	Device response: <KeyPress from None: t=349.0588936000022, value=v, duration=0.20689329999731854>
349.8602 	DATA 	Keypress: v
349.8710 	INFO 	Keyboard events cleared
349.8706 	EXP 	fixation: autoDraw = False
349.8706 	EXP 	probe: autoDraw = True
350.2516 	EXP 	Device response: <KeyPress from None: t=350.2477104000027, value=v, duration=None>
350.2520 	EXP 	New trial (rep=34, index=2): <Trial 138 (2 in rep 34) data={'pos': 50, 'corr_resp': 'c', 'thisN': 138, 'thisTrialN': 2, 'thisRepN': 34}>
350.2532 	DATA 	Keypress: v
350.2674 	EXP 	fixation: autoDraw = False
350.2674 	EXP 	line1: autoDraw = False
350.2674 	EXP 	line2: autoDraw = False
350.2674 	EXP 	line3: autoDraw = False
350.2674 	EXP 	line4: autoDraw = False
350.2674 	EXP 	probe: autoDraw = False
350.4340 	EXP 	Device response: <KeyPress from None: t=350.2477104000027, value=v, duration=0.1781548999970255>
351.2506 	EXP 	fixation: autoDraw = True
351.2506 	EXP 	line1: autoDraw = True
351.2506 	EXP 	line2: autoDraw = True
351.2506 	EXP 	line3: autoDraw = True
351.2506 	EXP 	line4: autoDraw = True
352.2506 	INFO 	Keyboard events cleared
352.2504 	EXP 	fixation: autoDraw = False
352.2504 	EXP 	probe: autoDraw = True
352.6351 	EXP 	Device response: <KeyPress from None: t=352.624142800003, value=c, duration=None>
352.6355 	EXP 	New trial (rep=34, index=3): <Trial 139 (3 in rep 34) data={'pos': -150, 'corr_resp': 'z', 'thisN': 139, 'thisTrialN': 3, 'thisRepN': 34}>
352.6368 	DATA 	Keypress: c
352.6511 	EXP 	fixation: autoDraw = False
352.6511 	EXP 	line1: autoDraw = False
352.6511 	EXP 	line2: autoDraw = False
352.6511 	EXP 	line3: autoDraw = False
352.6511 	EXP 	line4: autoDraw = False
352.6511 	EXP 	probe: autoDraw = False
352.8175 	EXP 	Device response: <KeyPress from None: t=343.4060989000027, value=c, duration=9.397754300000088>
353.6509 	EXP 	fixation: autoDraw = True
353.6509 	EXP 	line1: autoDraw = True
353.6509 	EXP 	line2: autoDraw = True
353.6509 	EXP 	line3: autoDraw = True
353.6509 	EXP 	line4: autoDraw = True
354.6515 	INFO 	Keyboard events cleared
354.6513 	EXP 	fixation: autoDraw = False
354.6513 	EXP 	probe: autoDraw = True
355.0345 	EXP 	Device response: <KeyPress from None: t=355.02108729999964, value=z, duration=None>
355.0350 	EXP 	New trial (rep=35, index=0): <Trial 140 (0 in rep 35) data={'pos': -50, 'corr_resp': 'x', 'thisN': 140, 'thisTrialN': 0, 'thisRepN': 35}>
355.0363 	DATA 	Keypress: z
355.0491 	EXP 	fixation: autoDraw = False
355.0491 	EXP 	line1: autoDraw = False
355.0491 	EXP 	line2: autoDraw = False
355.0491 	EXP 	line3: autoDraw = False
355.0491 	EXP 	line4: autoDraw = False
355.0491 	EXP 	probe: autoDraw = False
355.2020 	EXP 	Device response: <KeyPress from None: t=345.5581407999998, value=z, duration=9.630393400002504>
356.0510 	EXP 	fixation: autoDraw = True
356.0510 	EXP 	line1: autoDraw = True
356.0510 	EXP 	line2: autoDraw = True
356.0510 	EXP 	line3: autoDraw = True
356.0510 	EXP 	line4: autoDraw = True
356.5532 	DATA 	Keypress: c
356.5680 	EXP 	Device response: <KeyPress from None: t=356.55221789999996, value=c, duration=None>
356.8661 	EXP 	Device response: <KeyPress from None: t=352.624142800003, value=c, duration=4.2288608999988355>
357.0482 	INFO 	Keyboard events cleared
357.0480 	EXP 	probe: autoDraw = True
357.0648 	EXP 	fixation: autoDraw = False
357.1511 	EXP 	Device response: <KeyPress from None: t=357.14608410000073, value=c, duration=None>
357.1515 	EXP 	New trial (rep=35, index=1): <Trial 141 (1 in rep 35) data={'pos': 150, 'corr_resp': 'v', 'thisN': 141, 'thisTrialN': 1, 'thisRepN': 35}>
357.1528 	DATA 	Keypress: c
357.1694 	EXP 	fixation: autoDraw = False
357.1694 	EXP 	line1: autoDraw = False
357.1694 	EXP 	line2: autoDraw = False
357.1694 	EXP 	line3: autoDraw = False
357.1694 	EXP 	line4: autoDraw = False
357.1694 	EXP 	probe: autoDraw = False
357.3707 	EXP 	Device response: <KeyPress from None: t=356.55221789999996, value=c, duration=0.8126382000009471>
358.1502 	EXP 	fixation: autoDraw = True
358.1502 	EXP 	line1: autoDraw = True
358.1502 	EXP 	line2: autoDraw = True
358.1502 	EXP 	line3: autoDraw = True
358.1502 	EXP 	line4: autoDraw = True
359.1512 	INFO 	Keyboard events cleared
359.1510 	EXP 	fixation: autoDraw = False
359.1510 	EXP 	probe: autoDraw = True
359.8157 	EXP 	Device response: <KeyPress from None: t=359.81171350000295, value=v, duration=None>
359.8161 	EXP 	New trial (rep=35, index=2): <Trial 142 (2 in rep 35) data={'pos': 50, 'corr_resp': 'c', 'thisN': 142, 'thisTrialN': 2, 'thisRepN': 35}>
359.8173 	DATA 	Keypress: v
359.8318 	EXP 	fixation: autoDraw = False
359.8318 	EXP 	line1: autoDraw = False
359.8318 	EXP 	line2: autoDraw = False
359.8318 	EXP 	line3: autoDraw = False
359.8318 	EXP 	line4: autoDraw = False
359.8318 	EXP 	probe: autoDraw = False
359.9657 	EXP 	Device response: <KeyPress from None: t=359.81171350000295, value=v, duration=0.15095449999716948>
360.8199 	EXP 	fixation: autoDraw = True
360.8199 	EXP 	line1: autoDraw = True
360.8199 	EXP 	line2: autoDraw = True
360.8199 	EXP 	line3: autoDraw = True
360.8199 	EXP 	line4: autoDraw = True
361.8211 	INFO 	Keyboard events cleared
361.8208 	EXP 	fixation: autoDraw = False
361.8208 	EXP 	probe: autoDraw = True
362.1345 	EXP 	Device response: <KeyPress from None: t=362.13182860000234, value=c, duration=None>
362.1348 	EXP 	New trial (rep=35, index=3): <Trial 143 (3 in rep 35) data={'pos': -150, 'corr_resp': 'z', 'thisN': 143, 'thisTrialN': 3, 'thisRepN': 35}>
362.1356 	DATA 	Keypress: c
362.1490 	EXP 	fixation: autoDraw = False
362.1490 	EXP 	line1: autoDraw = False
362.1490 	EXP 	line2: autoDraw = False
362.1490 	EXP 	line3: autoDraw = False
362.1490 	EXP 	line4: autoDraw = False
362.1490 	EXP 	probe: autoDraw = False
362.3542 	EXP 	Device response: <KeyPress from None: t=357.14608410000073, value=c, duration=5.19349449999936>
363.1372 	EXP 	fixation: autoDraw = True
363.1372 	EXP 	line1: autoDraw = True
363.1372 	EXP 	line2: autoDraw = True
363.1372 	EXP 	line3: autoDraw = True
363.1372 	EXP 	line4: autoDraw = True
364.1377 	INFO 	Keyboard events cleared
364.1374 	EXP 	fixation: autoDraw = False
364.1374 	EXP 	probe: autoDraw = True
364.5330 	EXP 	Device response: <KeyPress from None: t=364.52061400000093, value=z, duration=None>
364.5334 	EXP 	New trial (rep=36, index=0): <Trial 144 (0 in rep 36) data={'pos': -50, 'corr_resp': 'x', 'thisN': 144, 'thisTrialN': 0, 'thisRepN': 36}>
364.5346 	DATA 	Keypress: z
364.5489 	EXP 	fixation: autoDraw = False
364.5489 	EXP 	line1: autoDraw = False
364.5489 	EXP 	line2: autoDraw = False
364.5489 	EXP 	line3: autoDraw = False
364.5489 	EXP 	line4: autoDraw = False
364.5489 	EXP 	probe: autoDraw = False
364.7214 	EXP 	Device response: <KeyPress from None: t=355.02108729999964, value=z, duration=9.68929879999996>
365.5343 	EXP 	fixation: autoDraw = True
365.5343 	EXP 	line1: autoDraw = True
365.5343 	EXP 	line2: autoDraw = True
365.5343 	EXP 	line3: autoDraw = True
365.5343 	EXP 	line4: autoDraw = True
366.5342 	INFO 	Keyboard events cleared
366.5340 	EXP 	fixation: autoDraw = False
366.5340 	EXP 	probe: autoDraw = True
366.9843 	EXP 	Device response: <KeyPress from None: t=366.97427640000024, value=x, duration=None>
366.9847 	EXP 	New trial (rep=36, index=1): <Trial 145 (1 in rep 36) data={'pos': 150, 'corr_resp': 'v', 'thisN': 145, 'thisTrialN': 1, 'thisRepN': 36}>
366.9860 	DATA 	Keypress: x
367.0007 	EXP 	fixation: autoDraw = False
367.0007 	EXP 	line1: autoDraw = False
367.0007 	EXP 	line2: autoDraw = False
367.0007 	EXP 	line3: autoDraw = False
367.0007 	EXP 	line4: autoDraw = False
367.0007 	EXP 	probe: autoDraw = False
367.1857 	EXP 	Device response: <KeyPress from None: t=366.97427640000024, value=x, duration=0.1997289000028104>
367.9842 	EXP 	fixation: autoDraw = True
367.9842 	EXP 	line1: autoDraw = True
367.9842 	EXP 	line2: autoDraw = True
367.9842 	EXP 	line3: autoDraw = True
367.9842 	EXP 	line4: autoDraw = True
368.9846 	INFO 	Keyboard events cleared
368.9844 	EXP 	fixation: autoDraw = False
368.9844 	EXP 	probe: autoDraw = True
369.3845 	EXP 	Device response: <KeyPress from None: t=369.3698006000013, value=v, duration=None>
369.3849 	EXP 	New trial (rep=36, index=2): <Trial 146 (2 in rep 36) data={'pos': 50, 'corr_resp': 'c', 'thisN': 146, 'thisTrialN': 2, 'thisRepN': 36}>
369.3862 	DATA 	Keypress: v
369.4011 	EXP 	fixation: autoDraw = False
369.4011 	EXP 	line1: autoDraw = False
369.4011 	EXP 	line2: autoDraw = False
369.4011 	EXP 	line3: autoDraw = False
369.4011 	EXP 	line4: autoDraw = False
369.4011 	EXP 	probe: autoDraw = False
369.6015 	EXP 	Device response: <KeyPress from None: t=369.3698006000013, value=v, duration=0.22222830000100657>
370.3842 	EXP 	fixation: autoDraw = True
370.3842 	EXP 	line1: autoDraw = True
370.3842 	EXP 	line2: autoDraw = True
370.3842 	EXP 	line3: autoDraw = True
370.3842 	EXP 	line4: autoDraw = True
371.3828 	EXP 	fixation: autoDraw = False
371.4009 	INFO 	Keyboard events cleared
371.4007 	EXP 	probe: autoDraw = True
372.5377 	EXP 	Device response: <KeyPress from None: t=372.53302930000063, value=c, duration=None>
372.5384 	EXP 	New trial (rep=36, index=3): <Trial 147 (3 in rep 36) data={'pos': -150, 'corr_resp': 'z', 'thisN': 147, 'thisTrialN': 3, 'thisRepN': 36}>
372.5410 	DATA 	Keypress: c
372.5532 	EXP 	fixation: autoDraw = False
372.5532 	EXP 	line1: autoDraw = False
372.5532 	EXP 	line2: autoDraw = False
372.5532 	EXP 	line3: autoDraw = False
372.5532 	EXP 	line4: autoDraw = False
372.5532 	EXP 	probe: autoDraw = False
372.8182 	EXP 	Device response: <KeyPress from None: t=362.13182860000234, value=c, duration=10.678389299999253>
373.5507 	EXP 	fixation: autoDraw = True
373.5507 	EXP 	line1: autoDraw = True
373.5507 	EXP 	line2: autoDraw = True
373.5507 	EXP 	line3: autoDraw = True
373.5507 	EXP 	line4: autoDraw = True
374.5504 	INFO 	Keyboard events cleared
374.5501 	EXP 	fixation: autoDraw = False
374.5501 	EXP 	probe: autoDraw = True
374.9183 	EXP 	Device response: <KeyPress from None: t=374.9068756000015, value=z, duration=None>
374.9187 	EXP 	New trial (rep=37, index=0): <Trial 148 (0 in rep 37) data={'pos': -50, 'corr_resp': 'x', 'thisN': 148, 'thisTrialN': 0, 'thisRepN': 37}>
374.9200 	DATA 	Keypress: z
374.9346 	EXP 	fixation: autoDraw = False
374.9346 	EXP 	line1: autoDraw = False
374.9346 	EXP 	line2: autoDraw = False
374.9346 	EXP 	line3: autoDraw = False
374.9346 	EXP 	line4: autoDraw = False
374.9346 	EXP 	probe: autoDraw = False
375.1017 	EXP 	Device response: <KeyPress from None: t=364.52061400000093, value=z, duration=10.578505500001484>
375.9207 	EXP 	fixation: autoDraw = True
375.9207 	EXP 	line1: autoDraw = True
375.9207 	EXP 	line2: autoDraw = True
375.9207 	EXP 	line3: autoDraw = True
375.9207 	EXP 	line4: autoDraw = True
376.9178 	INFO 	Keyboard events cleared
376.9176 	EXP 	probe: autoDraw = True
376.9339 	EXP 	fixation: autoDraw = False
377.2020 	EXP 	Device response: <KeyPress from None: t=377.20061329999953, value=x, duration=None>
377.2024 	EXP 	New trial (rep=37, index=1): <Trial 149 (1 in rep 37) data={'pos': 150, 'corr_resp': 'v', 'thisN': 149, 'thisTrialN': 1, 'thisRepN': 37}>
377.2037 	DATA 	Keypress: x
377.2173 	EXP 	fixation: autoDraw = False
377.2173 	EXP 	line1: autoDraw = False
377.2173 	EXP 	line2: autoDraw = False
377.2173 	EXP 	line3: autoDraw = False
377.2173 	EXP 	line4: autoDraw = False
377.2173 	EXP 	probe: autoDraw = False
377.4352 	EXP 	Device response: <KeyPress from None: t=377.20061329999953, value=x, duration=0.2200233000003209>
378.2178 	EXP 	fixation: autoDraw = True
378.2178 	EXP 	line1: autoDraw = True
378.2178 	EXP 	line2: autoDraw = True
378.2178 	EXP 	line3: autoDraw = True
378.2178 	EXP 	line4: autoDraw = True
379.2041 	INFO 	Keyboard events cleared
379.2038 	EXP 	probe: autoDraw = True
379.2203 	EXP 	fixation: autoDraw = False
379.6870 	EXP 	Device response: <KeyPress from None: t=379.6763463000025, value=x, duration=None>
379.6875 	EXP 	New trial (rep=37, index=2): <Trial 150 (2 in rep 37) data={'pos': 50, 'corr_resp': 'c', 'thisN': 150, 'thisTrialN': 2, 'thisRepN': 37}>
379.6894 	DATA 	Keypress: x
379.6897 	DATA 	Keypress: c
379.7007 	EXP 	fixation: autoDraw = False
379.7007 	EXP 	line1: autoDraw = False
379.7007 	EXP 	line2: autoDraw = False
379.7007 	EXP 	line3: autoDraw = False
379.7007 	EXP 	line4: autoDraw = False
379.7007 	EXP 	probe: autoDraw = False
379.7012 	EXP 	Device response: <KeyPress from None: t=379.68897240000297, value=c, duration=None>
379.8019 	EXP 	Device response: <KeyPress from None: t=379.6763463000025, value=x, duration=0.11397349999970174>
379.9347 	EXP 	Device response: <KeyPress from None: t=372.53302930000063, value=c, duration=7.393137700000807>
380.7008 	EXP 	fixation: autoDraw = True
380.7008 	EXP 	line1: autoDraw = True
380.7008 	EXP 	line2: autoDraw = True
380.7008 	EXP 	line3: autoDraw = True
380.7008 	EXP 	line4: autoDraw = True
381.7035 	INFO 	Keyboard events cleared
381.7032 	EXP 	fixation: autoDraw = False
381.7032 	EXP 	probe: autoDraw = True
382.4215 	EXP 	Device response: <KeyPress from None: t=382.41107920000286, value=c, duration=None>
382.4222 	EXP 	New trial (rep=37, index=3): <Trial 151 (3 in rep 37) data={'pos': -150, 'corr_resp': 'z', 'thisN': 151, 'thisTrialN': 3, 'thisRepN': 37}>
382.4246 	DATA 	Keypress: c
382.4370 	EXP 	fixation: autoDraw = False
382.4370 	EXP 	line1: autoDraw = False
382.4370 	EXP 	line2: autoDraw = False
382.4370 	EXP 	line3: autoDraw = False
382.4370 	EXP 	line4: autoDraw = False
382.4370 	EXP 	probe: autoDraw = False
382.6523 	EXP 	Device response: <KeyPress from None: t=379.68897240000297, value=c, duration=2.9522407999975258>
383.4370 	EXP 	fixation: autoDraw = True
383.4370 	EXP 	line1: autoDraw = True
383.4370 	EXP 	line2: autoDraw = True
383.4370 	EXP 	line3: autoDraw = True
383.4370 	EXP 	line4: autoDraw = True
384.4341 	INFO 	Keyboard events cleared
384.4339 	EXP 	probe: autoDraw = True
384.4506 	EXP 	fixation: autoDraw = False
386.7013 	EXP 	Device response: <KeyPress from None: t=386.68899539999984, value=z, duration=None>
386.7017 	EXP 	New trial (rep=38, index=0): <Trial 152 (0 in rep 38) data={'pos': -50, 'corr_resp': 'x', 'thisN': 152, 'thisTrialN': 0, 'thisRepN': 38}>
386.7031 	DATA 	Keypress: z
386.7181 	EXP 	fixation: autoDraw = False
386.7181 	EXP 	line1: autoDraw = False
386.7181 	EXP 	line2: autoDraw = False
386.7181 	EXP 	line3: autoDraw = False
386.7181 	EXP 	line4: autoDraw = False
386.7181 	EXP 	probe: autoDraw = False
386.9048 	EXP 	Device response: <KeyPress from None: t=374.9068756000015, value=z, duration=11.982065399999556>
387.7006 	EXP 	fixation: autoDraw = True
387.7006 	EXP 	line1: autoDraw = True
387.7006 	EXP 	line2: autoDraw = True
387.7006 	EXP 	line3: autoDraw = True
387.7006 	EXP 	line4: autoDraw = True
388.6983 	EXP 	fixation: autoDraw = False
388.7156 	INFO 	Keyboard events cleared
388.7155 	EXP 	probe: autoDraw = True
389.2538 	DATA 	Keypress: x
389.2678 	EXP 	Device response: <KeyPress from None: t=389.25276719999965, value=x, duration=None>
389.2682 	EXP 	New trial (rep=38, index=1): <Trial 153 (1 in rep 38) data={'pos': 150, 'corr_resp': 'v', 'thisN': 153, 'thisTrialN': 1, 'thisRepN': 38}>
389.2841 	EXP 	fixation: autoDraw = False
389.2841 	EXP 	line1: autoDraw = False
389.2841 	EXP 	line2: autoDraw = False
389.2841 	EXP 	line3: autoDraw = False
389.2841 	EXP 	line4: autoDraw = False
389.2841 	EXP 	probe: autoDraw = False
389.4685 	EXP 	Device response: <KeyPress from None: t=389.25276719999965, value=x, duration=0.20275640000181738>
389.5510 	EXP 	Device response: <KeyPress from None: t=389.54319229999965, value=z, duration=None>
389.5519 	DATA 	Keypress: z
389.7351 	EXP 	Device response: <KeyPress from None: t=386.68899539999984, value=z, duration=3.0352554000019154>
390.2838 	EXP 	fixation: autoDraw = True
390.2838 	EXP 	line1: autoDraw = True
390.2838 	EXP 	line2: autoDraw = True
390.2838 	EXP 	line3: autoDraw = True
390.2838 	EXP 	line4: autoDraw = True
391.1398 	EXP 	Device response: <KeyPress from None: t=391.135437500001, value=x, duration=None>
391.1440 	DATA 	Keypress: x
391.2693 	INFO 	Keyboard events cleared
391.2690 	EXP 	probe: autoDraw = True
391.2856 	EXP 	fixation: autoDraw = False
391.4172 	EXP 	Device response: <KeyPress from None: t=391.135437500001, value=x, duration=0.2686455000002752>
392.3007 	EXP 	Device response: <KeyPress from None: t=392.295809700001, value=v, duration=None>
392.3012 	EXP 	New trial (rep=38, index=2): <Trial 154 (2 in rep 38) data={'pos': 50, 'corr_resp': 'c', 'thisN': 154, 'thisTrialN': 2, 'thisRepN': 38}>
392.3024 	DATA 	Keypress: v
392.3170 	EXP 	fixation: autoDraw = False
392.3170 	EXP 	line1: autoDraw = False
392.3170 	EXP 	line2: autoDraw = False
392.3170 	EXP 	line3: autoDraw = False
392.3170 	EXP 	line4: autoDraw = False
392.3170 	EXP 	probe: autoDraw = False
392.4846 	EXP 	Device response: <KeyPress from None: t=392.295809700001, value=v, duration=0.18659710000065388>
393.3002 	EXP 	fixation: autoDraw = True
393.3002 	EXP 	line1: autoDraw = True
393.3002 	EXP 	line2: autoDraw = True
393.3002 	EXP 	line3: autoDraw = True
393.3002 	EXP 	line4: autoDraw = True
394.3147 	INFO 	Keyboard events cleared
394.3145 	EXP 	fixation: autoDraw = False
394.3145 	EXP 	probe: autoDraw = True
394.9675 	EXP 	Device response: <KeyPress from None: t=394.9535663000024, value=c, duration=None>
394.9680 	EXP 	New trial (rep=38, index=3): <Trial 155 (3 in rep 38) data={'pos': -150, 'corr_resp': 'z', 'thisN': 155, 'thisTrialN': 3, 'thisRepN': 38}>
394.9692 	DATA 	Keypress: c
394.9840 	EXP 	fixation: autoDraw = False
394.9840 	EXP 	line1: autoDraw = False
394.9840 	EXP 	line2: autoDraw = False
394.9840 	EXP 	line3: autoDraw = False
394.9840 	EXP 	line4: autoDraw = False
394.9840 	EXP 	probe: autoDraw = False
395.1321 	EXP 	Device response: <KeyPress from None: t=382.41107920000286, value=c, duration=12.714412799999991>
395.9674 	EXP 	fixation: autoDraw = True
395.9674 	EXP 	line1: autoDraw = True
395.9674 	EXP 	line2: autoDraw = True
395.9674 	EXP 	line3: autoDraw = True
395.9674 	EXP 	line4: autoDraw = True
396.9674 	EXP 	fixation: autoDraw = False
396.9836 	INFO 	Keyboard events cleared
396.9834 	EXP 	probe: autoDraw = True
397.6508 	EXP 	Device response: <KeyPress from None: t=397.63882469999953, value=z, duration=None>
397.6512 	EXP 	New trial (rep=39, index=0): <Trial 156 (0 in rep 39) data={'pos': -50, 'corr_resp': 'x', 'thisN': 156, 'thisTrialN': 0, 'thisRepN': 39}>
397.6525 	DATA 	Keypress: z
397.6668 	EXP 	fixation: autoDraw = False
397.6668 	EXP 	line1: autoDraw = False
397.6668 	EXP 	line2: autoDraw = False
397.6668 	EXP 	line3: autoDraw = False
397.6668 	EXP 	line4: autoDraw = False
397.6668 	EXP 	probe: autoDraw = False
397.8504 	EXP 	Device response: <KeyPress from None: t=389.54319229999965, value=z, duration=8.299109300001874>
398.6499 	EXP 	fixation: autoDraw = True
398.6499 	EXP 	line1: autoDraw = True
398.6499 	EXP 	line2: autoDraw = True
398.6499 	EXP 	line3: autoDraw = True
398.6499 	EXP 	line4: autoDraw = True
399.6545 	INFO 	Keyboard events cleared
399.6542 	EXP 	fixation: autoDraw = False
399.6542 	EXP 	probe: autoDraw = True
400.2676 	EXP 	Device response: <KeyPress from None: t=400.2589982000027, value=x, duration=None>
400.2680 	EXP 	New trial (rep=39, index=1): <Trial 157 (1 in rep 39) data={'pos': 150, 'corr_resp': 'v', 'thisN': 157, 'thisTrialN': 1, 'thisRepN': 39}>
400.2692 	DATA 	Keypress: x
400.2834 	EXP 	fixation: autoDraw = False
400.2834 	EXP 	line1: autoDraw = False
400.2834 	EXP 	line2: autoDraw = False
400.2834 	EXP 	line3: autoDraw = False
400.2834 	EXP 	line4: autoDraw = False
400.2834 	EXP 	probe: autoDraw = False
400.4508 	EXP 	Device response: <KeyPress from None: t=400.2589982000027, value=x, duration=0.19119789999967907>
401.2821 	EXP 	fixation: autoDraw = True
401.2821 	EXP 	line1: autoDraw = True
401.2821 	EXP 	line2: autoDraw = True
401.2821 	EXP 	line3: autoDraw = True
401.2821 	EXP 	line4: autoDraw = True
402.2840 	INFO 	Keyboard events cleared
402.2838 	EXP 	fixation: autoDraw = False
402.2838 	EXP 	probe: autoDraw = True
403.3734 	DATA 	Keypress: v
403.3888 	EXP 	Device response: <KeyPress from None: t=403.37190080000073, value=v, duration=None>
403.3895 	EXP 	New trial (rep=39, index=2): <Trial 158 (2 in rep 39) data={'pos': 50, 'corr_resp': 'c', 'thisN': 158, 'thisTrialN': 2, 'thisRepN': 39}>
403.4032 	EXP 	fixation: autoDraw = False
403.4032 	EXP 	line1: autoDraw = False
403.4032 	EXP 	line2: autoDraw = False
403.4032 	EXP 	line3: autoDraw = False
403.4032 	EXP 	line4: autoDraw = False
403.4032 	EXP 	probe: autoDraw = False
403.5549 	EXP 	Device response: <KeyPress from None: t=403.37190080000073, value=v, duration=0.1658744000014849>
404.4035 	EXP 	fixation: autoDraw = True
404.4035 	EXP 	line1: autoDraw = True
404.4035 	EXP 	line2: autoDraw = True
404.4035 	EXP 	line3: autoDraw = True
404.4035 	EXP 	line4: autoDraw = True
405.4178 	INFO 	Keyboard events cleared
405.4175 	EXP 	fixation: autoDraw = False
405.4175 	EXP 	probe: autoDraw = True
406.5506 	EXP 	Device response: <KeyPress from None: t=406.54380380000293, value=c, duration=None>
406.5512 	EXP 	New trial (rep=39, index=3): <Trial 159 (3 in rep 39) data={'pos': -150, 'corr_resp': 'z', 'thisN': 159, 'thisTrialN': 3, 'thisRepN': 39}>
406.5525 	DATA 	Keypress: c
406.5676 	EXP 	fixation: autoDraw = False
406.5676 	EXP 	line1: autoDraw = False
406.5676 	EXP 	line2: autoDraw = False
406.5676 	EXP 	line3: autoDraw = False
406.5676 	EXP 	line4: autoDraw = False
406.5676 	EXP 	probe: autoDraw = False
406.7513 	EXP 	Device response: <KeyPress from None: t=394.9535663000024, value=c, duration=11.783853900000395>
407.5668 	EXP 	fixation: autoDraw = True
407.5668 	EXP 	line1: autoDraw = True
407.5668 	EXP 	line2: autoDraw = True
407.5668 	EXP 	line3: autoDraw = True
407.5668 	EXP 	line4: autoDraw = True
408.5520 	INFO 	Keyboard events cleared
408.5510 	EXP 	probe: autoDraw = True
408.5685 	EXP 	fixation: autoDraw = False
409.6342 	EXP 	Device response: <KeyPress from None: t=409.62899780000225, value=x, duration=None>
409.6346 	EXP 	New trial (rep=40, index=0): <Trial 160 (0 in rep 40) data={'pos': -50, 'corr_resp': 'x', 'thisN': 160, 'thisTrialN': 0, 'thisRepN': 40}>
409.6358 	DATA 	Keypress: x
409.6499 	EXP 	fixation: autoDraw = False
409.6499 	EXP 	line1: autoDraw = False
409.6499 	EXP 	line2: autoDraw = False
409.6499 	EXP 	line3: autoDraw = False
409.6499 	EXP 	line4: autoDraw = False
409.6499 	EXP 	probe: autoDraw = False
409.8016 	EXP 	Device response: <KeyPress from None: t=409.62899780000225, value=x, duration=0.171041099998547>
410.6473 	EXP 	fixation: autoDraw = True
410.6473 	EXP 	line1: autoDraw = True
410.6473 	EXP 	line2: autoDraw = True
410.6473 	EXP 	line3: autoDraw = True
410.6473 	EXP 	line4: autoDraw = True
411.6341 	INFO 	Keyboard events cleared
411.6339 	EXP 	probe: autoDraw = True
411.6500 	EXP 	fixation: autoDraw = False
412.2184 	EXP 	Device response: <KeyPress from None: t=412.2159707999999, value=x, duration=None>
412.2188 	EXP 	New trial (rep=40, index=1): <Trial 161 (1 in rep 40) data={'pos': 150, 'corr_resp': 'v', 'thisN': 161, 'thisTrialN': 1, 'thisRepN': 40}>
412.2200 	DATA 	Keypress: x
412.2339 	EXP 	fixation: autoDraw = False
412.2339 	EXP 	line1: autoDraw = False
412.2339 	EXP 	line2: autoDraw = False
412.2339 	EXP 	line3: autoDraw = False
412.2339 	EXP 	line4: autoDraw = False
412.2339 	EXP 	probe: autoDraw = False
412.3845 	EXP 	Device response: <KeyPress from None: t=412.2159707999999, value=x, duration=0.1640179000023636>
413.2200 	EXP 	fixation: autoDraw = True
413.2200 	EXP 	line1: autoDraw = True
413.2200 	EXP 	line2: autoDraw = True
413.2200 	EXP 	line3: autoDraw = True
413.2200 	EXP 	line4: autoDraw = True
414.2183 	INFO 	Keyboard events cleared
414.2180 	EXP 	fixation: autoDraw = False
414.2180 	EXP 	probe: autoDraw = True
414.6669 	EXP 	Device response: <KeyPress from None: t=414.66081810000105, value=c, duration=None>
414.6673 	EXP 	New trial (rep=40, index=2): <Trial 162 (2 in rep 40) data={'pos': 50, 'corr_resp': 'c', 'thisN': 162, 'thisTrialN': 2, 'thisRepN': 40}>
414.6685 	DATA 	Keypress: c
414.6831 	EXP 	fixation: autoDraw = False
414.6831 	EXP 	line1: autoDraw = False
414.6831 	EXP 	line2: autoDraw = False
414.6831 	EXP 	line3: autoDraw = False
414.6831 	EXP 	line4: autoDraw = False
414.6831 	EXP 	probe: autoDraw = False
414.8328 	EXP 	Device response: <KeyPress from None: t=406.54380380000293, value=c, duration=8.281349599998066>
415.6699 	EXP 	fixation: autoDraw = True
415.6699 	EXP 	line1: autoDraw = True
415.6699 	EXP 	line2: autoDraw = True
415.6699 	EXP 	line3: autoDraw = True
415.6699 	EXP 	line4: autoDraw = True
416.6670 	INFO 	Keyboard events cleared
416.6668 	EXP 	probe: autoDraw = True
416.6837 	EXP 	fixation: autoDraw = False
417.0677 	EXP 	Device response: <KeyPress from None: t=417.06341760000214, value=c, duration=None>
417.0681 	EXP 	New trial (rep=40, index=3): <Trial 163 (3 in rep 40) data={'pos': -150, 'corr_resp': 'z', 'thisN': 163, 'thisTrialN': 3, 'thisRepN': 40}>
417.0700 	DATA 	Keypress: c
417.0841 	EXP 	fixation: autoDraw = False
417.0841 	EXP 	line1: autoDraw = False
417.0841 	EXP 	line2: autoDraw = False
417.0841 	EXP 	line3: autoDraw = False
417.0841 	EXP 	line4: autoDraw = False
417.0841 	EXP 	probe: autoDraw = False
417.2841 	EXP 	Device response: <KeyPress from None: t=414.66081810000105, value=c, duration=2.6155385999991267>
418.0837 	EXP 	fixation: autoDraw = True
418.0837 	EXP 	line1: autoDraw = True
418.0837 	EXP 	line2: autoDraw = True
418.0837 	EXP 	line3: autoDraw = True
418.0837 	EXP 	line4: autoDraw = True
419.0810 	INFO 	Keyboard events cleared
419.0809 	EXP 	probe: autoDraw = True
419.1002 	EXP 	fixation: autoDraw = False
419.9526 	EXP 	Device response: <KeyPress from None: t=419.9475029000023, value=z, duration=None>
419.9530 	EXP 	New trial (rep=41, index=0): <Trial 164 (0 in rep 41) data={'pos': -50, 'corr_resp': 'x', 'thisN': 164, 'thisTrialN': 0, 'thisRepN': 41}>
419.9544 	DATA 	Keypress: z
419.9677 	EXP 	fixation: autoDraw = False
419.9677 	EXP 	line1: autoDraw = False
419.9677 	EXP 	line2: autoDraw = False
419.9677 	EXP 	line3: autoDraw = False
419.9677 	EXP 	line4: autoDraw = False
419.9677 	EXP 	probe: autoDraw = False
420.1400 	EXP 	Device response: <KeyPress from None: t=397.63882469999953, value=z, duration=22.497575100001995>
420.9532 	EXP 	fixation: autoDraw = True
420.9532 	EXP 	line1: autoDraw = True
420.9532 	EXP 	line2: autoDraw = True
420.9532 	EXP 	line3: autoDraw = True
420.9532 	EXP 	line4: autoDraw = True
421.9667 	INFO 	Keyboard events cleared
421.9665 	EXP 	fixation: autoDraw = False
421.9665 	EXP 	probe: autoDraw = True
422.3007 	EXP 	Device response: <KeyPress from None: t=422.2970658000013, value=x, duration=None>
422.3011 	EXP 	New trial (rep=41, index=1): <Trial 165 (1 in rep 41) data={'pos': 150, 'corr_resp': 'v', 'thisN': 165, 'thisTrialN': 1, 'thisRepN': 41}>
422.3023 	DATA 	Keypress: x
422.3167 	EXP 	fixation: autoDraw = False
422.3167 	EXP 	line1: autoDraw = False
422.3167 	EXP 	line2: autoDraw = False
422.3167 	EXP 	line3: autoDraw = False
422.3167 	EXP 	line4: autoDraw = False
422.3167 	EXP 	probe: autoDraw = False
422.4501 	EXP 	Device response: <KeyPress from None: t=422.2970658000013, value=x, duration=0.1374232000016491>
423.3141 	EXP 	fixation: autoDraw = True
423.3141 	EXP 	line1: autoDraw = True
423.3141 	EXP 	line2: autoDraw = True
423.3141 	EXP 	line3: autoDraw = True
423.3141 	EXP 	line4: autoDraw = True
424.3145 	INFO 	Keyboard events cleared
424.3144 	EXP 	fixation: autoDraw = False
424.3144 	EXP 	probe: autoDraw = True
424.5812 	EXP 	Device response: <KeyPress from None: t=424.56968730000153, value=v, duration=None>
424.5816 	EXP 	New trial (rep=41, index=2): <Trial 166 (2 in rep 41) data={'pos': 50, 'corr_resp': 'c', 'thisN': 166, 'thisTrialN': 2, 'thisRepN': 41}>
424.5826 	DATA 	Keypress: v
424.5974 	EXP 	fixation: autoDraw = False
424.5974 	EXP 	line1: autoDraw = False
424.5974 	EXP 	line2: autoDraw = False
424.5974 	EXP 	line3: autoDraw = False
424.5974 	EXP 	line4: autoDraw = False
424.5974 	EXP 	probe: autoDraw = False
424.7163 	EXP 	Device response: <KeyPress from None: t=424.56968730000153, value=v, duration=0.1414154000012786>
425.5835 	EXP 	fixation: autoDraw = True
425.5835 	EXP 	line1: autoDraw = True
425.5835 	EXP 	line2: autoDraw = True
425.5835 	EXP 	line3: autoDraw = True
425.5835 	EXP 	line4: autoDraw = True
426.5831 	INFO 	Keyboard events cleared
426.5829 	EXP 	fixation: autoDraw = False
426.5829 	EXP 	probe: autoDraw = True
427.0822 	EXP 	Device response: <KeyPress from None: t=427.07129700000223, value=c, duration=None>
427.0825 	EXP 	New trial (rep=41, index=3): <Trial 167 (3 in rep 41) data={'pos': -150, 'corr_resp': 'z', 'thisN': 167, 'thisTrialN': 3, 'thisRepN': 41}>
427.0832 	DATA 	Keypress: c
427.0988 	EXP 	fixation: autoDraw = False
427.0988 	EXP 	line1: autoDraw = False
427.0988 	EXP 	line2: autoDraw = False
427.0988 	EXP 	line3: autoDraw = False
427.0988 	EXP 	line4: autoDraw = False
427.0988 	EXP 	probe: autoDraw = False
427.2337 	EXP 	Device response: <KeyPress from None: t=417.06341760000214, value=c, duration=10.166114699997706>
428.0831 	EXP 	fixation: autoDraw = True
428.0831 	EXP 	line1: autoDraw = True
428.0831 	EXP 	line2: autoDraw = True
428.0831 	EXP 	line3: autoDraw = True
428.0831 	EXP 	line4: autoDraw = True
428.4171 	EXP 	Device response: <KeyPress from None: t=428.40930760000265, value=z, duration=None>
428.4190 	DATA 	Keypress: z
428.6338 	EXP 	Device response: <KeyPress from None: t=419.9475029000023, value=z, duration=8.67256549999729>
429.0342 	EXP 	Device response: <KeyPress from None: t=429.0319374999999, value=z, duration=None>
429.0359 	DATA 	Keypress: z
429.0835 	INFO 	Keyboard events cleared
429.0833 	EXP 	fixation: autoDraw = False
429.0833 	EXP 	probe: autoDraw = True
429.2508 	EXP 	Device response: <KeyPress from None: t=428.40930760000265, value=z, duration=0.8340528999979142>
429.5498 	EXP 	Device response: <KeyPress from None: t=429.5458335000003, value=z, duration=None>
429.5502 	EXP 	New trial (rep=42, index=0): <Trial 168 (0 in rep 42) data={'pos': -50, 'corr_resp': 'x', 'thisN': 168, 'thisTrialN': 0, 'thisRepN': 42}>
429.5516 	DATA 	Keypress: z
429.5667 	EXP 	fixation: autoDraw = False
429.5667 	EXP 	line1: autoDraw = False
429.5667 	EXP 	line2: autoDraw = False
429.5667 	EXP 	line3: autoDraw = False
429.5667 	EXP 	line4: autoDraw = False
429.5667 	EXP 	probe: autoDraw = False
429.7658 	EXP 	Device response: <KeyPress from None: t=429.0319374999999, value=z, duration=0.7183082000010472>
430.5528 	EXP 	fixation: autoDraw = True
430.5528 	EXP 	line1: autoDraw = True
430.5528 	EXP 	line2: autoDraw = True
430.5528 	EXP 	line3: autoDraw = True
430.5528 	EXP 	line4: autoDraw = True
430.9741 	EXP 	Device response: <KeyPress from None: t=430.96943100000135, value=x, duration=None>
430.9788 	DATA 	Keypress: x
431.1557 	EXP 	Device response: <KeyPress from None: t=430.96943100000135, value=x, duration=0.18210090000138734>
431.4999 	EXP 	Device response: <KeyPress from None: t=431.49490680000235, value=x, duration=None>
431.5016 	DATA 	Keypress: x
431.5508 	INFO 	Keyboard events cleared
431.5506 	EXP 	probe: autoDraw = True
431.5664 	EXP 	fixation: autoDraw = False
431.7841 	EXP 	Device response: <KeyPress from None: t=431.49490680000235, value=x, duration=0.2889891999984684>
431.9544 	EXP 	Device response: <KeyPress from None: t=431.9457536000009, value=x, duration=None>
431.9551 	EXP 	New trial (rep=42, index=1): <Trial 169 (1 in rep 42) data={'pos': 150, 'corr_resp': 'v', 'thisN': 169, 'thisTrialN': 1, 'thisRepN': 42}>
431.9577 	DATA 	Keypress: x
431.9697 	EXP 	fixation: autoDraw = False
431.9697 	EXP 	line1: autoDraw = False
431.9697 	EXP 	line2: autoDraw = False
431.9697 	EXP 	line3: autoDraw = False
431.9697 	EXP 	line4: autoDraw = False
431.9697 	EXP 	probe: autoDraw = False
432.1032 	EXP 	Device response: <KeyPress from None: t=431.9457536000009, value=x, duration=0.14455610000004526>
432.9678 	EXP 	fixation: autoDraw = True
432.9678 	EXP 	line1: autoDraw = True
432.9678 	EXP 	line2: autoDraw = True
432.9678 	EXP 	line3: autoDraw = True
432.9678 	EXP 	line4: autoDraw = True
433.9678 	INFO 	Keyboard events cleared
433.9675 	EXP 	fixation: autoDraw = False
433.9675 	EXP 	probe: autoDraw = True
434.2861 	DATA 	Keypress: v
434.3029 	EXP 	Device response: <KeyPress from None: t=434.28447810000216, value=v, duration=None>
434.3037 	EXP 	New trial (rep=42, index=2): <Trial 170 (2 in rep 42) data={'pos': 50, 'corr_resp': 'c', 'thisN': 170, 'thisTrialN': 2, 'thisRepN': 42}>
434.3210 	EXP 	fixation: autoDraw = False
434.3210 	EXP 	line1: autoDraw = False
434.3210 	EXP 	line2: autoDraw = False
434.3210 	EXP 	line3: autoDraw = False
434.3210 	EXP 	line4: autoDraw = False
434.3210 	EXP 	probe: autoDraw = False
434.4169 	EXP 	Device response: <KeyPress from None: t=434.28447810000216, value=v, duration=0.11726529999941704>
435.3026 	EXP 	fixation: autoDraw = True
435.3026 	EXP 	line1: autoDraw = True
435.3026 	EXP 	line2: autoDraw = True
435.3026 	EXP 	line3: autoDraw = True
435.3026 	EXP 	line4: autoDraw = True
435.9020 	EXP 	Device response: <KeyPress from None: t=435.89925720000247, value=c, duration=None>
435.9051 	DATA 	Keypress: c
436.0325 	EXP 	Device response: <KeyPress from None: t=427.07129700000223, value=c, duration=8.94695320000028>
436.2153 	EXP 	Device response: <KeyPress from None: t=436.2026336000017, value=c, duration=None>
436.2169 	DATA 	Keypress: c
436.3143 	INFO 	Keyboard events cleared
436.3141 	EXP 	fixation: autoDraw = False
436.3141 	EXP 	probe: autoDraw = True
436.3476 	EXP 	Device response: <KeyPress from None: t=435.89925720000247, value=c, duration=0.44439760000022943>
436.5044 	EXP 	Device response: <KeyPress from None: t=436.49417449999964, value=c, duration=None>
436.5051 	EXP 	New trial (rep=42, index=3): <Trial 171 (3 in rep 42) data={'pos': -150, 'corr_resp': 'z', 'thisN': 171, 'thisTrialN': 3, 'thisRepN': 42}>
436.5078 	DATA 	Keypress: c
436.5200 	EXP 	fixation: autoDraw = False
436.5200 	EXP 	line1: autoDraw = False
436.5200 	EXP 	line2: autoDraw = False
436.5200 	EXP 	line3: autoDraw = False
436.5200 	EXP 	line4: autoDraw = False
436.5200 	EXP 	probe: autoDraw = False
436.6546 	EXP 	Device response: <KeyPress from None: t=436.2026336000017, value=c, duration=0.44067699999868637>
436.8193 	EXP 	Device response: <KeyPress from None: t=436.80839390000256, value=c, duration=None>
436.8211 	DATA 	Keypress: c
436.9542 	EXP 	Device response: <KeyPress from None: t=436.49417449999964, value=c, duration=0.44413150000036694>
437.5160 	EXP 	fixation: autoDraw = True
437.5160 	EXP 	line1: autoDraw = True
437.5160 	EXP 	line2: autoDraw = True
437.5160 	EXP 	line3: autoDraw = True
437.5160 	EXP 	line4: autoDraw = True
438.0730 	EXP 	Device response: <KeyPress from None: t=438.06854770000064, value=z, duration=None>
438.0764 	DATA 	Keypress: z
438.2541 	EXP 	Device response: <KeyPress from None: t=429.5458335000003, value=z, duration=8.700454699999682>
438.4027 	EXP 	Device response: <KeyPress from None: t=438.3894747000013, value=z, duration=None>
438.4048 	DATA 	Keypress: z
438.5166 	INFO 	Keyboard events cleared
438.5164 	EXP 	fixation: autoDraw = False
438.5164 	EXP 	probe: autoDraw = True
438.5342 	EXP 	Device response: <KeyPress from None: t=438.06854770000064, value=z, duration=0.4629531999999017>
438.6749 	DATA 	Keypress: z
438.6882 	EXP 	Device response: <KeyPress from None: t=438.6723062000019, value=z, duration=None>
438.6892 	EXP 	New trial (rep=43, index=0): <Trial 172 (0 in rep 43) data={'pos': -50, 'corr_resp': 'x', 'thisN': 172, 'thisTrialN': 0, 'thisRepN': 43}>
438.7026 	EXP 	fixation: autoDraw = False
438.7026 	EXP 	line1: autoDraw = False
438.7026 	EXP 	line2: autoDraw = False
438.7026 	EXP 	line3: autoDraw = False
438.7026 	EXP 	line4: autoDraw = False
438.7026 	EXP 	probe: autoDraw = False
438.8839 	EXP 	Device response: <KeyPress from None: t=438.3894747000013, value=z, duration=0.4890549000010651>
439.6999 	EXP 	fixation: autoDraw = True
439.6999 	EXP 	line1: autoDraw = True
439.6999 	EXP 	line2: autoDraw = True
439.6999 	EXP 	line3: autoDraw = True
439.6999 	EXP 	line4: autoDraw = True
439.7331 	EXP 	Device response: <KeyPress from None: t=439.7274705000018, value=x, duration=None>
439.7347 	DATA 	Keypress: x
439.8834 	EXP 	Device response: <KeyPress from None: t=439.7274705000018, value=x, duration=0.15077279999968596>
440.2840 	EXP 	Device response: <KeyPress from None: t=440.283391500001, value=x, duration=None>
440.2894 	DATA 	Keypress: x
440.4831 	EXP 	Device response: <KeyPress from None: t=440.283391500001, value=x, duration=0.19472700000187615>
440.6986 	INFO 	Keyboard events cleared
440.6985 	EXP 	probe: autoDraw = True
440.7144 	EXP 	fixation: autoDraw = False
441.5676 	EXP 	Device response: <KeyPress from None: t=441.5556049000006, value=c, duration=None>
441.5680 	EXP 	New trial (rep=43, index=1): <Trial 173 (1 in rep 43) data={'pos': 150, 'corr_resp': 'v', 'thisN': 173, 'thisTrialN': 1, 'thisRepN': 43}>
441.5699 	DATA 	Keypress: c
441.5827 	EXP 	fixation: autoDraw = False
441.5827 	EXP 	line1: autoDraw = False
441.5827 	EXP 	line2: autoDraw = False
441.5827 	EXP 	line3: autoDraw = False
441.5827 	EXP 	line4: autoDraw = False
441.5827 	EXP 	probe: autoDraw = False
441.7209 	EXP 	Device response: <KeyPress from None: t=436.80839390000256, value=c, duration=4.90392939999947>
442.5686 	EXP 	fixation: autoDraw = True
442.5686 	EXP 	line1: autoDraw = True
442.5686 	EXP 	line2: autoDraw = True
442.5686 	EXP 	line3: autoDraw = True
442.5686 	EXP 	line4: autoDraw = True
443.5676 	INFO 	Keyboard events cleared
443.5673 	EXP 	fixation: autoDraw = False
443.5673 	EXP 	probe: autoDraw = True
444.0181 	EXP 	Device response: <KeyPress from None: t=444.01461180000115, value=c, duration=None>
444.0187 	EXP 	New trial (rep=43, index=2): <Trial 174 (2 in rep 43) data={'pos': 50, 'corr_resp': 'c', 'thisN': 174, 'thisTrialN': 2, 'thisRepN': 43}>
444.0203 	DATA 	Keypress: c
444.0329 	EXP 	fixation: autoDraw = False
444.0329 	EXP 	line1: autoDraw = False
444.0329 	EXP 	line2: autoDraw = False
444.0329 	EXP 	line3: autoDraw = False
444.0329 	EXP 	line4: autoDraw = False
444.0329 	EXP 	probe: autoDraw = False
444.0334 	EXP 	Device response: <KeyPress from None: t=441.5556049000006, value=c, duration=2.4710154999993392>
444.0712 	EXP 	Device response: <KeyPress from None: t=444.0549631000031, value=c, duration=None>
444.0731 	DATA 	Keypress: c
444.4875 	EXP 	Device response: <KeyPress from None: t=444.01461180000115, value=c, duration=0.4582382000007783>
444.8838 	EXP 	Device response: <KeyPress from None: t=444.8727174000014, value=c, duration=None>
444.8848 	DATA 	Keypress: c
445.0008 	EXP 	Device response: <KeyPress from None: t=444.0549631000031, value=c, duration=0.9345868999989762>
445.0326 	EXP 	fixation: autoDraw = True
445.0326 	EXP 	line1: autoDraw = True
445.0326 	EXP 	line2: autoDraw = True
445.0326 	EXP 	line3: autoDraw = True
445.0326 	EXP 	line4: autoDraw = True
445.3164 	EXP 	Device response: <KeyPress from None: t=445.3084063999995, value=c, duration=None>
445.3181 	DATA 	Keypress: c
445.4524 	EXP 	Device response: <KeyPress from None: t=444.8727174000014, value=c, duration=0.5694283000011637>
446.0333 	INFO 	Keyboard events cleared
446.0331 	EXP 	fixation: autoDraw = False
446.0331 	EXP 	probe: autoDraw = True
446.4836 	EXP 	Device response: <KeyPress from None: t=446.4795520000007, value=c, duration=None>
446.4840 	EXP 	New trial (rep=43, index=3): <Trial 175 (3 in rep 43) data={'pos': -150, 'corr_resp': 'z', 'thisN': 175, 'thisTrialN': 3, 'thisRepN': 43}>
446.4852 	DATA 	Keypress: c
446.4999 	EXP 	fixation: autoDraw = False
446.4999 	EXP 	line1: autoDraw = False
446.4999 	EXP 	line2: autoDraw = False
446.4999 	EXP 	line3: autoDraw = False
446.4999 	EXP 	line4: autoDraw = False
446.4999 	EXP 	probe: autoDraw = False
446.6500 	EXP 	Device response: <KeyPress from None: t=445.3084063999995, value=c, duration=1.3286906000030285>
447.4832 	EXP 	fixation: autoDraw = True
447.4832 	EXP 	line1: autoDraw = True
447.4832 	EXP 	line2: autoDraw = True
447.4832 	EXP 	line3: autoDraw = True
447.4832 	EXP 	line4: autoDraw = True
448.4833 	INFO 	Keyboard events cleared
448.4831 	EXP 	fixation: autoDraw = False
448.4831 	EXP 	probe: autoDraw = True
449.0676 	EXP 	Device response: <KeyPress from None: t=449.06325020000077, value=z, duration=None>
449.0680 	EXP 	New trial (rep=44, index=0): <Trial 176 (0 in rep 44) data={'pos': -50, 'corr_resp': 'x', 'thisN': 176, 'thisTrialN': 0, 'thisRepN': 44}>
449.0696 	DATA 	Keypress: z
449.0830 	EXP 	fixation: autoDraw = False
449.0830 	EXP 	line1: autoDraw = False
449.0830 	EXP 	line2: autoDraw = False
449.0830 	EXP 	line3: autoDraw = False
449.0830 	EXP 	line4: autoDraw = False
449.0830 	EXP 	probe: autoDraw = False
449.2506 	EXP 	Device response: <KeyPress from None: t=438.6723062000019, value=z, duration=10.572258000000147>
450.0835 	EXP 	fixation: autoDraw = True
450.0835 	EXP 	line1: autoDraw = True
450.0835 	EXP 	line2: autoDraw = True
450.0835 	EXP 	line3: autoDraw = True
450.0835 	EXP 	line4: autoDraw = True
451.0662 	INFO 	Keyboard events cleared
451.0660 	EXP 	probe: autoDraw = True
451.0833 	EXP 	fixation: autoDraw = False
451.6663 	EXP 	Device response: <KeyPress from None: t=451.6521274000006, value=x, duration=None>
451.6667 	EXP 	New trial (rep=44, index=1): <Trial 177 (1 in rep 44) data={'pos': 150, 'corr_resp': 'v', 'thisN': 177, 'thisTrialN': 1, 'thisRepN': 44}>
451.6680 	DATA 	Keypress: x
451.6823 	EXP 	fixation: autoDraw = False
451.6823 	EXP 	line1: autoDraw = False
451.6823 	EXP 	line2: autoDraw = False
451.6823 	EXP 	line3: autoDraw = False
451.6823 	EXP 	line4: autoDraw = False
451.6823 	EXP 	probe: autoDraw = False
451.8480 	EXP 	Device response: <KeyPress from None: t=451.6521274000006, value=x, duration=0.1884621999997762>
452.6667 	EXP 	fixation: autoDraw = True
452.6667 	EXP 	line1: autoDraw = True
452.6667 	EXP 	line2: autoDraw = True
452.6667 	EXP 	line3: autoDraw = True
452.6667 	EXP 	line4: autoDraw = True
453.6655 	INFO 	Keyboard events cleared
453.6652 	EXP 	fixation: autoDraw = False
453.6652 	EXP 	probe: autoDraw = True
454.0513 	EXP 	Device response: <KeyPress from None: t=454.0455996000019, value=v, duration=None>
454.0517 	EXP 	New trial (rep=44, index=2): <Trial 178 (2 in rep 44) data={'pos': 50, 'corr_resp': 'c', 'thisN': 178, 'thisTrialN': 2, 'thisRepN': 44}>
454.0530 	DATA 	Keypress: v
454.0668 	EXP 	fixation: autoDraw = False
454.0668 	EXP 	line1: autoDraw = False
454.0668 	EXP 	line2: autoDraw = False
454.0668 	EXP 	line3: autoDraw = False
454.0668 	EXP 	line4: autoDraw = False
454.0668 	EXP 	probe: autoDraw = False
454.2338 	EXP 	Device response: <KeyPress from None: t=454.0455996000019, value=v, duration=0.17368019999776152>
455.0664 	EXP 	fixation: autoDraw = True
455.0664 	EXP 	line1: autoDraw = True
455.0664 	EXP 	line2: autoDraw = True
455.0664 	EXP 	line3: autoDraw = True
455.0664 	EXP 	line4: autoDraw = True
456.0664 	INFO 	Keyboard events cleared
456.0662 	EXP 	fixation: autoDraw = False
456.0662 	EXP 	probe: autoDraw = True
456.3666 	EXP 	Device response: <KeyPress from None: t=456.3526872000002, value=c, duration=None>
456.3671 	EXP 	New trial (rep=44, index=3): <Trial 179 (3 in rep 44) data={'pos': -150, 'corr_resp': 'z', 'thisN': 179, 'thisTrialN': 3, 'thisRepN': 44}>
456.3683 	DATA 	Keypress: c
456.3827 	EXP 	fixation: autoDraw = False
456.3827 	EXP 	line1: autoDraw = False
456.3827 	EXP 	line2: autoDraw = False
456.3827 	EXP 	line3: autoDraw = False
456.3827 	EXP 	line4: autoDraw = False
456.3827 	EXP 	probe: autoDraw = False
456.5670 	EXP 	Device response: <KeyPress from None: t=446.4795520000007, value=c, duration=10.075561900001048>
457.3663 	EXP 	fixation: autoDraw = True
457.3663 	EXP 	line1: autoDraw = True
457.3663 	EXP 	line2: autoDraw = True
457.3663 	EXP 	line3: autoDraw = True
457.3663 	EXP 	line4: autoDraw = True
458.3558 	INFO 	Keyboard events cleared
458.3557 	EXP 	fixation: autoDraw = False
458.3557 	EXP 	probe: autoDraw = True
458.6580 	EXP 	Device response: <KeyPress from None: t=458.65317340000183, value=z, duration=None>
458.6584 	EXP 	New trial (rep=45, index=0): <Trial 180 (0 in rep 45) data={'pos': -50, 'corr_resp': 'x', 'thisN': 180, 'thisTrialN': 0, 'thisRepN': 45}>
458.6597 	DATA 	Keypress: z
458.6750 	EXP 	fixation: autoDraw = False
458.6750 	EXP 	line1: autoDraw = False
458.6750 	EXP 	line2: autoDraw = False
458.6750 	EXP 	line3: autoDraw = False
458.6750 	EXP 	line4: autoDraw = False
458.6750 	EXP 	probe: autoDraw = False
458.8585 	EXP 	Device response: <KeyPress from None: t=449.06325020000077, value=z, duration=9.790380000002187>
459.6576 	EXP 	fixation: autoDraw = True
459.6576 	EXP 	line1: autoDraw = True
459.6576 	EXP 	line2: autoDraw = True
459.6576 	EXP 	line3: autoDraw = True
459.6576 	EXP 	line4: autoDraw = True
460.6628 	INFO 	Keyboard events cleared
460.6625 	EXP 	fixation: autoDraw = False
460.6625 	EXP 	probe: autoDraw = True
460.9905 	EXP 	Device response: <KeyPress from None: t=460.9778815999998, value=x, duration=None>
460.9908 	EXP 	New trial (rep=45, index=1): <Trial 181 (1 in rep 45) data={'pos': 150, 'corr_resp': 'v', 'thisN': 181, 'thisTrialN': 1, 'thisRepN': 45}>
460.9919 	DATA 	Keypress: x
461.0063 	EXP 	fixation: autoDraw = False
461.0063 	EXP 	line1: autoDraw = False
461.0063 	EXP 	line2: autoDraw = False
461.0063 	EXP 	line3: autoDraw = False
461.0063 	EXP 	line4: autoDraw = False
461.0063 	EXP 	probe: autoDraw = False
461.2255 	EXP 	Device response: <KeyPress from None: t=460.9778815999998, value=x, duration=0.24484140000276966>
461.9923 	EXP 	fixation: autoDraw = True
461.9923 	EXP 	line1: autoDraw = True
461.9923 	EXP 	line2: autoDraw = True
461.9923 	EXP 	line3: autoDraw = True
461.9923 	EXP 	line4: autoDraw = True
462.9921 	INFO 	Keyboard events cleared
462.9917 	EXP 	fixation: autoDraw = False
462.9917 	EXP 	probe: autoDraw = True
463.5142 	EXP 	Device response: <KeyPress from None: t=463.50323870000284, value=v, duration=None>
463.5149 	EXP 	New trial (rep=45, index=2): <Trial 182 (2 in rep 45) data={'pos': 50, 'corr_resp': 'c', 'thisN': 182, 'thisTrialN': 2, 'thisRepN': 45}>
463.5173 	DATA 	Keypress: v
463.5259 	EXP 	fixation: autoDraw = False
463.5259 	EXP 	line1: autoDraw = False
463.5259 	EXP 	line2: autoDraw = False
463.5259 	EXP 	line3: autoDraw = False
463.5259 	EXP 	line4: autoDraw = False
463.5259 	EXP 	probe: autoDraw = False
463.6630 	EXP 	Device response: <KeyPress from None: t=463.50323870000284, value=v, duration=0.15585730000020703>
464.5247 	EXP 	fixation: autoDraw = True
464.5247 	EXP 	line1: autoDraw = True
464.5247 	EXP 	line2: autoDraw = True
464.5247 	EXP 	line3: autoDraw = True
464.5247 	EXP 	line4: autoDraw = True
465.5274 	INFO 	Keyboard events cleared
465.5271 	EXP 	fixation: autoDraw = False
465.5271 	EXP 	probe: autoDraw = True
466.1632 	EXP 	Device response: <KeyPress from None: t=466.1560986000004, value=c, duration=None>
466.1640 	EXP 	New trial (rep=45, index=3): <Trial 183 (3 in rep 45) data={'pos': -150, 'corr_resp': 'z', 'thisN': 183, 'thisTrialN': 3, 'thisRepN': 45}>
466.1665 	DATA 	Keypress: c
466.1779 	EXP 	fixation: autoDraw = False
466.1779 	EXP 	line1: autoDraw = False
466.1779 	EXP 	line2: autoDraw = False
466.1779 	EXP 	line3: autoDraw = False
466.1779 	EXP 	line4: autoDraw = False
466.1779 	EXP 	probe: autoDraw = False
466.3624 	EXP 	Device response: <KeyPress from None: t=456.3526872000002, value=c, duration=10.006391999999323>
467.1753 	EXP 	fixation: autoDraw = True
467.1753 	EXP 	line1: autoDraw = True
467.1753 	EXP 	line2: autoDraw = True
467.1753 	EXP 	line3: autoDraw = True
467.1753 	EXP 	line4: autoDraw = True
468.1778 	INFO 	Keyboard events cleared
468.1775 	EXP 	fixation: autoDraw = False
468.1775 	EXP 	probe: autoDraw = True
468.4295 	EXP 	Device response: <KeyPress from None: t=468.42767670000103, value=z, duration=None>
468.4302 	EXP 	New trial (rep=46, index=0): <Trial 184 (0 in rep 46) data={'pos': -50, 'corr_resp': 'x', 'thisN': 184, 'thisTrialN': 0, 'thisRepN': 46}>
468.4325 	DATA 	Keypress: z
468.4437 	EXP 	fixation: autoDraw = False
468.4437 	EXP 	line1: autoDraw = False
468.4437 	EXP 	line2: autoDraw = False
468.4437 	EXP 	line3: autoDraw = False
468.4437 	EXP 	line4: autoDraw = False
468.4437 	EXP 	probe: autoDraw = False
468.6788 	EXP 	Device response: <KeyPress from None: t=458.65317340000183, value=z, duration=10.021930200000497>
469.4453 	EXP 	fixation: autoDraw = True
469.4453 	EXP 	line1: autoDraw = True
469.4453 	EXP 	line2: autoDraw = True
469.4453 	EXP 	line3: autoDraw = True
469.4453 	EXP 	line4: autoDraw = True
470.4474 	INFO 	Keyboard events cleared
470.4471 	EXP 	probe: autoDraw = True
470.5054 	EXP 	fixation: autoDraw = False
470.6408 	EXP 	Device response: <KeyPress from None: t=470.6299590000017, value=x, duration=None>
470.6413 	EXP 	New trial (rep=46, index=1): <Trial 185 (1 in rep 46) data={'pos': 150, 'corr_resp': 'v', 'thisN': 185, 'thisTrialN': 1, 'thisRepN': 46}>
470.6575 	EXP 	fixation: autoDraw = False
470.6575 	EXP 	line1: autoDraw = False
470.6575 	EXP 	line2: autoDraw = False
470.6575 	EXP 	line3: autoDraw = False
470.6575 	EXP 	line4: autoDraw = False
470.6575 	EXP 	probe: autoDraw = False
470.8580 	EXP 	Device response: <KeyPress from None: t=470.6299590000017, value=x, duration=0.2173051999998279>
471.6435 	EXP 	fixation: autoDraw = True
471.6435 	EXP 	line1: autoDraw = True
471.6435 	EXP 	line2: autoDraw = True
471.6435 	EXP 	line3: autoDraw = True
471.6435 	EXP 	line4: autoDraw = True
472.6557 	INFO 	Keyboard events cleared
472.6555 	EXP 	fixation: autoDraw = False
472.6555 	EXP 	probe: autoDraw = True
477.1005 	EXP 	Device response: <KeyPress from None: t=477.0888821000008, value=h, duration=None>
477.1009 	EXP 	New trial (rep=46, index=2): <Trial 186 (2 in rep 46) data={'pos': 50, 'corr_resp': 'c', 'thisN': 186, 'thisTrialN': 2, 'thisRepN': 46}>
477.1023 	DATA 	Keypress: h
477.1156 	EXP 	fixation: autoDraw = False
477.1156 	EXP 	line1: autoDraw = False
477.1156 	EXP 	line2: autoDraw = False
477.1156 	EXP 	line3: autoDraw = False
477.1156 	EXP 	line4: autoDraw = False
477.1156 	EXP 	probe: autoDraw = False
477.2168 	EXP 	Device response: <KeyPress from None: t=477.0888821000008, value=h, duration=0.11122590000013588>
478.1164 	EXP 	fixation: autoDraw = True
478.1164 	EXP 	line1: autoDraw = True
478.1164 	EXP 	line2: autoDraw = True
478.1164 	EXP 	line3: autoDraw = True
478.1164 	EXP 	line4: autoDraw = True
479.0992 	INFO 	Keyboard events cleared
479.0990 	EXP 	probe: autoDraw = True
479.1165 	EXP 	fixation: autoDraw = False
480.4153 	EXP 	Device response: <KeyPress from None: t=480.40572650000104, value=c, duration=None>
480.4157 	EXP 	New trial (rep=46, index=3): <Trial 187 (3 in rep 46) data={'pos': -150, 'corr_resp': 'z', 'thisN': 187, 'thisTrialN': 3, 'thisRepN': 46}>
480.4169 	DATA 	Keypress: c
480.4316 	EXP 	fixation: autoDraw = False
480.4316 	EXP 	line1: autoDraw = False
480.4316 	EXP 	line2: autoDraw = False
480.4316 	EXP 	line3: autoDraw = False
480.4316 	EXP 	line4: autoDraw = False
480.4316 	EXP 	probe: autoDraw = False
480.4995 	EXP 	Device response: <KeyPress from None: t=466.1560986000004, value=c, duration=14.340071300001>
481.2001 	EXP 	Device response: <KeyPress from None: t=481.19563240000207, value=right, duration=None>
481.2010 	DATA 	Keypress: right
481.3165 	EXP 	Device response: <KeyPress from None: t=481.19563240000207, value=right, duration=0.11615019999953802>
481.4161 	EXP 	fixation: autoDraw = True
481.4161 	EXP 	line1: autoDraw = True
481.4161 	EXP 	line2: autoDraw = True
481.4161 	EXP 	line3: autoDraw = True
481.4161 	EXP 	line4: autoDraw = True
482.4199 	INFO 	Keyboard events cleared
482.4196 	EXP 	fixation: autoDraw = False
482.4196 	EXP 	probe: autoDraw = True
483.2705 	EXP 	Device response: <KeyPress from None: t=483.2596407000019, value=z, duration=None>
483.2712 	EXP 	New trial (rep=47, index=0): <Trial 188 (0 in rep 47) data={'pos': -50, 'corr_resp': 'x', 'thisN': 188, 'thisTrialN': 0, 'thisRepN': 47}>
483.2737 	DATA 	Keypress: z
483.2861 	EXP 	fixation: autoDraw = False
483.2861 	EXP 	line1: autoDraw = False
483.2861 	EXP 	line2: autoDraw = False
483.2861 	EXP 	line3: autoDraw = False
483.2861 	EXP 	line4: autoDraw = False
483.2861 	EXP 	probe: autoDraw = False
483.3852 	EXP 	Device response: <KeyPress from None: t=468.42767670000103, value=z, duration=14.946919599999092>
484.2855 	EXP 	fixation: autoDraw = True
484.2855 	EXP 	line1: autoDraw = True
484.2855 	EXP 	line2: autoDraw = True
484.2855 	EXP 	line3: autoDraw = True
484.2855 	EXP 	line4: autoDraw = True
485.2831 	INFO 	Keyboard events cleared
485.2829 	EXP 	probe: autoDraw = True
485.2993 	EXP 	fixation: autoDraw = False
485.7664 	EXP 	Device response: <KeyPress from None: t=485.75866040000255, value=x, duration=None>
485.7668 	EXP 	New trial (rep=47, index=1): <Trial 189 (1 in rep 47) data={'pos': 150, 'corr_resp': 'v', 'thisN': 189, 'thisTrialN': 1, 'thisRepN': 47}>
485.7680 	DATA 	Keypress: x
485.7826 	EXP 	fixation: autoDraw = False
485.7826 	EXP 	line1: autoDraw = False
485.7826 	EXP 	line2: autoDraw = False
485.7826 	EXP 	line3: autoDraw = False
485.7826 	EXP 	line4: autoDraw = False
485.7826 	EXP 	probe: autoDraw = False
485.8840 	EXP 	Device response: <KeyPress from None: t=485.75866040000255, value=x, duration=0.1193223999980546>
486.7663 	EXP 	fixation: autoDraw = True
486.7663 	EXP 	line1: autoDraw = True
486.7663 	EXP 	line2: autoDraw = True
486.7663 	EXP 	line3: autoDraw = True
486.7663 	EXP 	line4: autoDraw = True
487.7687 	INFO 	Keyboard events cleared
487.7685 	EXP 	fixation: autoDraw = False
487.7685 	EXP 	probe: autoDraw = True
488.7997 	EXP 	Device response: <KeyPress from None: t=488.7953696000004, value=v, duration=None>
488.8001 	EXP 	New trial (rep=47, index=2): <Trial 190 (2 in rep 47) data={'pos': 50, 'corr_resp': 'c', 'thisN': 190, 'thisTrialN': 2, 'thisRepN': 47}>
488.8013 	DATA 	Keypress: v
488.8160 	EXP 	fixation: autoDraw = False
488.8160 	EXP 	line1: autoDraw = False
488.8160 	EXP 	line2: autoDraw = False
488.8160 	EXP 	line3: autoDraw = False
488.8160 	EXP 	line4: autoDraw = False
488.8160 	EXP 	probe: autoDraw = False
488.9498 	EXP 	Device response: <KeyPress from None: t=488.7953696000004, value=v, duration=0.14361840000128723>
489.8139 	EXP 	fixation: autoDraw = True
489.8139 	EXP 	line1: autoDraw = True
489.8139 	EXP 	line2: autoDraw = True
489.8139 	EXP 	line3: autoDraw = True
489.8139 	EXP 	line4: autoDraw = True
490.7998 	INFO 	Keyboard events cleared
490.7996 	EXP 	probe: autoDraw = True
490.8164 	EXP 	fixation: autoDraw = False
491.1671 	EXP 	Device response: <KeyPress from None: t=491.1614714000025, value=c, duration=None>
491.1675 	EXP 	New trial (rep=47, index=3): <Trial 191 (3 in rep 47) data={'pos': -150, 'corr_resp': 'z', 'thisN': 191, 'thisTrialN': 3, 'thisRepN': 47}>
491.1690 	DATA 	Keypress: c
491.1840 	EXP 	fixation: autoDraw = False
491.1840 	EXP 	line1: autoDraw = False
491.1840 	EXP 	line2: autoDraw = False
491.1840 	EXP 	line3: autoDraw = False
491.1840 	EXP 	line4: autoDraw = False
491.1840 	EXP 	probe: autoDraw = False
491.3165 	EXP 	Device response: <KeyPress from None: t=480.40572650000104, value=c, duration=10.89809470000182>
492.1666 	EXP 	fixation: autoDraw = True
492.1666 	EXP 	line1: autoDraw = True
492.1666 	EXP 	line2: autoDraw = True
492.1666 	EXP 	line3: autoDraw = True
492.1666 	EXP 	line4: autoDraw = True
493.1812 	INFO 	Keyboard events cleared
493.1811 	EXP 	fixation: autoDraw = False
493.1811 	EXP 	probe: autoDraw = True
493.4813 	EXP 	Device response: <KeyPress from None: t=493.4781499000019, value=z, duration=None>
493.4817 	EXP 	New trial (rep=48, index=0): <Trial 192 (0 in rep 48) data={'pos': -50, 'corr_resp': 'x', 'thisN': 192, 'thisTrialN': 0, 'thisRepN': 48}>
493.4827 	DATA 	Keypress: z
493.4977 	EXP 	fixation: autoDraw = False
493.4977 	EXP 	line1: autoDraw = False
493.4977 	EXP 	line2: autoDraw = False
493.4977 	EXP 	line3: autoDraw = False
493.4977 	EXP 	line4: autoDraw = False
493.4977 	EXP 	probe: autoDraw = False
493.6874 	EXP 	Device response: <KeyPress from None: t=483.2596407000019, value=z, duration=10.412912600000709>
494.4828 	EXP 	fixation: autoDraw = True
494.4828 	EXP 	line1: autoDraw = True
494.4828 	EXP 	line2: autoDraw = True
494.4828 	EXP 	line3: autoDraw = True
494.4828 	EXP 	line4: autoDraw = True
495.4833 	INFO 	Keyboard events cleared
495.4831 	EXP 	fixation: autoDraw = False
495.4831 	EXP 	probe: autoDraw = True
495.7841 	EXP 	Device response: <KeyPress from None: t=495.78025080000225, value=x, duration=None>
495.7845 	EXP 	New trial (rep=48, index=1): <Trial 193 (1 in rep 48) data={'pos': 150, 'corr_resp': 'v', 'thisN': 193, 'thisTrialN': 1, 'thisRepN': 48}>
495.7857 	DATA 	Keypress: x
495.7996 	EXP 	fixation: autoDraw = False
495.7996 	EXP 	line1: autoDraw = False
495.7996 	EXP 	line2: autoDraw = False
495.7996 	EXP 	line3: autoDraw = False
495.7996 	EXP 	line4: autoDraw = False
495.7996 	EXP 	probe: autoDraw = False
495.9507 	EXP 	Device response: <KeyPress from None: t=495.78025080000225, value=x, duration=0.1663124999977299>
496.8004 	EXP 	fixation: autoDraw = True
496.8004 	EXP 	line1: autoDraw = True
496.8004 	EXP 	line2: autoDraw = True
496.8004 	EXP 	line3: autoDraw = True
496.8004 	EXP 	line4: autoDraw = True
497.8000 	INFO 	Keyboard events cleared
497.7998 	EXP 	fixation: autoDraw = False
497.7998 	EXP 	probe: autoDraw = True
498.5175 	EXP 	Device response: <KeyPress from None: t=498.5099807000006, value=v, duration=None>
498.5179 	EXP 	New trial (rep=48, index=2): <Trial 194 (2 in rep 48) data={'pos': 50, 'corr_resp': 'c', 'thisN': 194, 'thisTrialN': 2, 'thisRepN': 48}>
498.5193 	DATA 	Keypress: v
498.5330 	EXP 	fixation: autoDraw = False
498.5330 	EXP 	line1: autoDraw = False
498.5330 	EXP 	line2: autoDraw = False
498.5330 	EXP 	line3: autoDraw = False
498.5330 	EXP 	line4: autoDraw = False
498.5330 	EXP 	probe: autoDraw = False
498.7004 	EXP 	Device response: <KeyPress from None: t=498.5099807000006, value=v, duration=0.17741319999913685>
499.5332 	EXP 	fixation: autoDraw = True
499.5332 	EXP 	line1: autoDraw = True
499.5332 	EXP 	line2: autoDraw = True
499.5332 	EXP 	line3: autoDraw = True
499.5332 	EXP 	line4: autoDraw = True
500.5328 	INFO 	Keyboard events cleared
500.5326 	EXP 	fixation: autoDraw = False
500.5326 	EXP 	probe: autoDraw = True
500.9667 	EXP 	Device response: <KeyPress from None: t=500.96016090000194, value=c, duration=None>
500.9672 	EXP 	New trial (rep=48, index=3): <Trial 195 (3 in rep 48) data={'pos': -150, 'corr_resp': 'z', 'thisN': 195, 'thisTrialN': 3, 'thisRepN': 48}>
500.9686 	DATA 	Keypress: c
500.9829 	EXP 	fixation: autoDraw = False
500.9829 	EXP 	line1: autoDraw = False
500.9829 	EXP 	line2: autoDraw = False
500.9829 	EXP 	line3: autoDraw = False
500.9829 	EXP 	line4: autoDraw = False
500.9829 	EXP 	probe: autoDraw = False
501.1053 	EXP 	Device response: <KeyPress from None: t=491.1614714000025, value=c, duration=9.926984399997309>
501.9805 	EXP 	fixation: autoDraw = True
501.9805 	EXP 	line1: autoDraw = True
501.9805 	EXP 	line2: autoDraw = True
501.9805 	EXP 	line3: autoDraw = True
501.9805 	EXP 	line4: autoDraw = True
502.9798 	INFO 	Keyboard events cleared
502.9797 	EXP 	fixation: autoDraw = False
502.9797 	EXP 	probe: autoDraw = True
503.4165 	EXP 	Device response: <KeyPress from None: t=503.41224630000215, value=z, duration=None>
503.4170 	EXP 	New trial (rep=49, index=0): <Trial 196 (0 in rep 49) data={'pos': -50, 'corr_resp': 'x', 'thisN': 196, 'thisTrialN': 0, 'thisRepN': 49}>
503.4183 	DATA 	Keypress: z
503.4331 	EXP 	fixation: autoDraw = False
503.4331 	EXP 	line1: autoDraw = False
503.4331 	EXP 	line2: autoDraw = False
503.4331 	EXP 	line3: autoDraw = False
503.4331 	EXP 	line4: autoDraw = False
503.4331 	EXP 	probe: autoDraw = False
503.8038 	EXP 	Device response: <KeyPress from None: t=493.4781499000019, value=z, duration=10.309930299998086>
504.4161 	EXP 	fixation: autoDraw = True
504.4161 	EXP 	line1: autoDraw = True
504.4161 	EXP 	line2: autoDraw = True
504.4161 	EXP 	line3: autoDraw = True
504.4161 	EXP 	line4: autoDraw = True
505.4306 	INFO 	Keyboard events cleared
505.4304 	EXP 	fixation: autoDraw = False
505.4304 	EXP 	probe: autoDraw = True
505.7698 	EXP 	Device response: <KeyPress from None: t=505.75889090000055, value=x, duration=None>
505.7706 	EXP 	New trial (rep=49, index=1): <Trial 197 (1 in rep 49) data={'pos': 150, 'corr_resp': 'v', 'thisN': 197, 'thisTrialN': 1, 'thisRepN': 49}>
505.7744 	DATA 	Keypress: x
505.7852 	EXP 	fixation: autoDraw = False
505.7852 	EXP 	line1: autoDraw = False
505.7852 	EXP 	line2: autoDraw = False
505.7852 	EXP 	line3: autoDraw = False
505.7852 	EXP 	line4: autoDraw = False
505.7852 	EXP 	probe: autoDraw = False
505.9496 	EXP 	Device response: <KeyPress from None: t=505.75889090000055, value=x, duration=0.1853384999994887>
506.7704 	EXP 	fixation: autoDraw = True
506.7704 	EXP 	line1: autoDraw = True
506.7704 	EXP 	line2: autoDraw = True
506.7704 	EXP 	line3: autoDraw = True
506.7704 	EXP 	line4: autoDraw = True
507.7695 	INFO 	Keyboard events cleared
507.7692 	EXP 	fixation: autoDraw = False
507.7692 	EXP 	probe: autoDraw = True
508.0876 	EXP 	Device response: <KeyPress from None: t=508.07415200000105, value=v, duration=None>
508.0883 	EXP 	New trial (rep=49, index=2): <Trial 198 (2 in rep 49) data={'pos': 50, 'corr_resp': 'c', 'thisN': 198, 'thisTrialN': 2, 'thisRepN': 49}>
508.0908 	DATA 	Keypress: v
508.1032 	EXP 	fixation: autoDraw = False
508.1032 	EXP 	line1: autoDraw = False
508.1032 	EXP 	line2: autoDraw = False
508.1032 	EXP 	line3: autoDraw = False
508.1032 	EXP 	line4: autoDraw = False
508.1032 	EXP 	probe: autoDraw = False
508.2565 	EXP 	Device response: <KeyPress from None: t=508.07415200000105, value=v, duration=0.178545300001133>
509.1023 	EXP 	fixation: autoDraw = True
509.1023 	EXP 	line1: autoDraw = True
509.1023 	EXP 	line2: autoDraw = True
509.1023 	EXP 	line3: autoDraw = True
509.1023 	EXP 	line4: autoDraw = True
510.0994 	INFO 	Keyboard events cleared
510.0991 	EXP 	probe: autoDraw = True
510.1160 	EXP 	fixation: autoDraw = False
510.5218 	EXP 	Device response: <KeyPress from None: t=510.5202022000012, value=v, duration=None>
510.5224 	EXP 	New trial (rep=49, index=3): <Trial 199 (3 in rep 49) data={'pos': -150, 'corr_resp': 'z', 'thisN': 199, 'thisTrialN': 3, 'thisRepN': 49}>
510.5250 	DATA 	Keypress: v
510.5354 	EXP 	fixation: autoDraw = False
510.5354 	EXP 	line1: autoDraw = False
510.5354 	EXP 	line2: autoDraw = False
510.5354 	EXP 	line3: autoDraw = False
510.5354 	EXP 	line4: autoDraw = False
510.5354 	EXP 	probe: autoDraw = False
510.6203 	EXP 	Device response: <KeyPress from None: t=510.5202022000012, value=v, duration=0.09579840000151307>
511.5361 	EXP 	fixation: autoDraw = True
511.5361 	EXP 	line1: autoDraw = True
511.5361 	EXP 	line2: autoDraw = True
511.5361 	EXP 	line3: autoDraw = True
511.5361 	EXP 	line4: autoDraw = True
512.5374 	INFO 	Keyboard events cleared
512.5371 	EXP 	probe: autoDraw = True
512.5535 	EXP 	fixation: autoDraw = False
513.1193 	EXP 	Device response: <KeyPress from None: t=513.109805, value=z, duration=None>
513.1307 	EXP 	Imported C:/Users/bhumika/OneDrive/Documents/sequence_con.csv.xlsx as conditions, 4 conditions, 2 params
513.1359 	EXP 	New trial (rep=0, index=0): <Trial 0 (0 in rep 0) data={'pos': 150, 'corr_resp': 'v', 'thisN': 0, 'thisTrialN': 0, 'thisRepN': 0}>
513.1376 	DATA 	Keypress: z
513.1469 	EXP 	fixation: autoDraw = False
513.1469 	EXP 	line1: autoDraw = False
513.1469 	EXP 	line2: autoDraw = False
513.1469 	EXP 	line3: autoDraw = False
513.1469 	EXP 	line4: autoDraw = False
513.1469 	EXP 	probe: autoDraw = False
513.2968 	EXP 	Device response: <KeyPress from None: t=503.41224630000215, value=z, duration=9.878953100000217>
514.1324 	EXP 	fixation: autoDraw = True
514.1324 	EXP 	line1: autoDraw = True
514.1324 	EXP 	line2: autoDraw = True
514.1324 	EXP 	line3: autoDraw = True
514.1324 	EXP 	line4: autoDraw = True
515.1327 	INFO 	Keyboard events cleared
515.1325 	EXP 	fixation: autoDraw = False
515.1325 	EXP 	probe: autoDraw = True
515.6166 	EXP 	Device response: <KeyPress from None: t=515.612855000003, value=v, duration=None>
515.6170 	EXP 	New trial (rep=0, index=1): <Trial 1 (1 in rep 0) data={'pos': 50, 'corr_resp': 'c', 'thisN': 1, 'thisTrialN': 1, 'thisRepN': 0}>
515.6183 	DATA 	Keypress: v
515.6325 	EXP 	fixation: autoDraw = False
515.6325 	EXP 	line1: autoDraw = False
515.6325 	EXP 	line2: autoDraw = False
515.6325 	EXP 	line3: autoDraw = False
515.6325 	EXP 	line4: autoDraw = False
515.6325 	EXP 	probe: autoDraw = False
515.7669 	EXP 	Device response: <KeyPress from None: t=515.612855000003, value=v, duration=0.14848419999907492>
516.6162 	EXP 	fixation: autoDraw = True
516.6162 	EXP 	line1: autoDraw = True
516.6162 	EXP 	line2: autoDraw = True
516.6162 	EXP 	line3: autoDraw = True
516.6162 	EXP 	line4: autoDraw = True
517.6169 	INFO 	Keyboard events cleared
517.6166 	EXP 	fixation: autoDraw = False
517.6166 	EXP 	probe: autoDraw = True
518.0828 	EXP 	Device response: <KeyPress from None: t=518.0743234000001, value=c, duration=None>
518.0832 	EXP 	New trial (rep=0, index=2): <Trial 2 (2 in rep 0) data={'pos': -50, 'corr_resp': 'x', 'thisN': 2, 'thisTrialN': 2, 'thisRepN': 0}>
518.0845 	DATA 	Keypress: c
518.0993 	EXP 	fixation: autoDraw = False
518.0993 	EXP 	line1: autoDraw = False
518.0993 	EXP 	line2: autoDraw = False
518.0993 	EXP 	line3: autoDraw = False
518.0993 	EXP 	line4: autoDraw = False
518.0993 	EXP 	probe: autoDraw = False
518.2661 	EXP 	Device response: <KeyPress from None: t=500.96016090000194, value=c, duration=17.29070800000045>
519.0822 	EXP 	fixation: autoDraw = True
519.0822 	EXP 	line1: autoDraw = True
519.0822 	EXP 	line2: autoDraw = True
519.0822 	EXP 	line3: autoDraw = True
519.0822 	EXP 	line4: autoDraw = True
520.0828 	INFO 	Keyboard events cleared
520.0826 	EXP 	fixation: autoDraw = False
520.0826 	EXP 	probe: autoDraw = True
520.6671 	EXP 	Device response: <KeyPress from None: t=520.652738300003, value=c, duration=None>
520.6675 	EXP 	New trial (rep=1, index=3): <Trial 3 (3 in rep 1) data={'pos': 50, 'corr_resp': 'c', 'thisN': 3, 'thisTrialN': 3, 'thisRepN': 1}>
520.6688 	DATA 	Keypress: c
520.6831 	EXP 	fixation: autoDraw = False
520.6831 	EXP 	line1: autoDraw = False
520.6831 	EXP 	line2: autoDraw = False
520.6831 	EXP 	line3: autoDraw = False
520.6831 	EXP 	line4: autoDraw = False
520.6831 	EXP 	probe: autoDraw = False
520.8497 	EXP 	Device response: <KeyPress from None: t=518.0743234000001, value=c, duration=2.7730107999996108>
521.6824 	EXP 	fixation: autoDraw = True
521.6824 	EXP 	line1: autoDraw = True
521.6824 	EXP 	line2: autoDraw = True
521.6824 	EXP 	line3: autoDraw = True
521.6824 	EXP 	line4: autoDraw = True
522.6828 	INFO 	Keyboard events cleared
522.6826 	EXP 	fixation: autoDraw = False
522.6826 	EXP 	probe: autoDraw = True
523.3662 	EXP 	Device response: <KeyPress from None: t=523.3603392000005, value=c, duration=None>
523.3666 	EXP 	New trial (rep=2, index=4): <Trial 4 (4 in rep 2) data={'pos': 50, 'corr_resp': 'c', 'thisN': 4, 'thisTrialN': 4, 'thisRepN': 2}>
523.3685 	DATA 	Keypress: c
523.3827 	EXP 	fixation: autoDraw = False
523.3827 	EXP 	line1: autoDraw = False
523.3827 	EXP 	line2: autoDraw = False
523.3827 	EXP 	line3: autoDraw = False
523.3827 	EXP 	line4: autoDraw = False
523.3827 	EXP 	probe: autoDraw = False
523.5339 	EXP 	Device response: <KeyPress from None: t=520.652738300003, value=c, duration=2.875419999996666>
524.3682 	EXP 	fixation: autoDraw = True
524.3682 	EXP 	line1: autoDraw = True
524.3682 	EXP 	line2: autoDraw = True
524.3682 	EXP 	line3: autoDraw = True
524.3682 	EXP 	line4: autoDraw = True
525.3653 	INFO 	Keyboard events cleared
525.3651 	EXP 	fixation: autoDraw = False
525.3651 	EXP 	probe: autoDraw = True
525.7890 	EXP 	Device response: <KeyPress from None: t=525.7813328000011, value=c, duration=None>
525.7897 	EXP 	New trial (rep=0, index=5): <Trial 5 (5 in rep 0) data={'pos': -150, 'corr_resp': 'z', 'thisN': 5, 'thisTrialN': 5, 'thisRepN': 0}>
525.7923 	DATA 	Keypress: c
525.8168 	EXP 	fixation: autoDraw = False
525.8168 	EXP 	line1: autoDraw = False
525.8168 	EXP 	line2: autoDraw = False
525.8168 	EXP 	line3: autoDraw = False
525.8168 	EXP 	line4: autoDraw = False
525.8168 	EXP 	probe: autoDraw = False
525.9713 	EXP 	Device response: <KeyPress from None: t=523.3603392000005, value=c, duration=2.604525400001876>
526.8027 	EXP 	fixation: autoDraw = True
526.8027 	EXP 	line1: autoDraw = True
526.8027 	EXP 	line2: autoDraw = True
526.8027 	EXP 	line3: autoDraw = True
526.8027 	EXP 	line4: autoDraw = True
527.7999 	INFO 	Keyboard events cleared
527.7997 	EXP 	probe: autoDraw = True
527.8161 	EXP 	fixation: autoDraw = False
528.5048 	EXP 	Device response: <KeyPress from None: t=528.5010537000016, value=z, duration=None>
528.5055 	EXP 	New trial (rep=1, index=6): <Trial 6 (6 in rep 1) data={'pos': -50, 'corr_resp': 'x', 'thisN': 6, 'thisTrialN': 6, 'thisRepN': 1}>
528.5082 	DATA 	Keypress: z
528.5197 	EXP 	fixation: autoDraw = False
528.5197 	EXP 	line1: autoDraw = False
528.5197 	EXP 	line2: autoDraw = False
528.5197 	EXP 	line3: autoDraw = False
528.5197 	EXP 	line4: autoDraw = False
528.5197 	EXP 	probe: autoDraw = False
528.7703 	EXP 	Device response: <KeyPress from None: t=513.109805, value=z, duration=15.65946249999979>
529.5180 	EXP 	fixation: autoDraw = True
529.5180 	EXP 	line1: autoDraw = True
529.5180 	EXP 	line2: autoDraw = True
529.5180 	EXP 	line3: autoDraw = True
529.5180 	EXP 	line4: autoDraw = True
530.5159 	INFO 	Keyboard events cleared
530.5157 	EXP 	probe: autoDraw = True
530.5324 	EXP 	fixation: autoDraw = False
530.9829 	EXP 	Device response: <KeyPress from None: t=530.9816439000024, value=x, duration=None>
530.9834 	EXP 	New trial (rep=1, index=7): <Trial 7 (7 in rep 1) data={'pos': 150, 'corr_resp': 'v', 'thisN': 7, 'thisTrialN': 7, 'thisRepN': 1}>
530.9846 	DATA 	Keypress: x
530.9993 	EXP 	fixation: autoDraw = False
530.9993 	EXP 	line1: autoDraw = False
530.9993 	EXP 	line2: autoDraw = False
530.9993 	EXP 	line3: autoDraw = False
530.9993 	EXP 	line4: autoDraw = False
530.9993 	EXP 	probe: autoDraw = False
531.1327 	EXP 	Device response: <KeyPress from None: t=530.9816439000024, value=x, duration=0.1466798999972525>
531.9985 	EXP 	fixation: autoDraw = True
531.9985 	EXP 	line1: autoDraw = True
531.9985 	EXP 	line2: autoDraw = True
531.9985 	EXP 	line3: autoDraw = True
531.9985 	EXP 	line4: autoDraw = True
532.9825 	INFO 	Keyboard events cleared
532.9823 	EXP 	probe: autoDraw = True
532.9990 	EXP 	fixation: autoDraw = False
533.5839 	EXP 	Device response: <KeyPress from None: t=533.5813732999995, value=v, duration=None>
533.5844 	EXP 	New trial (rep=3, index=8): <Trial 8 (8 in rep 3) data={'pos': 50, 'corr_resp': 'c', 'thisN': 8, 'thisTrialN': 8, 'thisRepN': 3}>
533.5856 	DATA 	Keypress: v
533.5988 	EXP 	fixation: autoDraw = False
533.5988 	EXP 	line1: autoDraw = False
533.5988 	EXP 	line2: autoDraw = False
533.5988 	EXP 	line3: autoDraw = False
533.5988 	EXP 	line4: autoDraw = False
533.5988 	EXP 	probe: autoDraw = False
533.7659 	EXP 	Device response: <KeyPress from None: t=533.5813732999995, value=v, duration=0.1794091000010667>
534.5999 	EXP 	fixation: autoDraw = True
534.5999 	EXP 	line1: autoDraw = True
534.5999 	EXP 	line2: autoDraw = True
534.5999 	EXP 	line3: autoDraw = True
534.5999 	EXP 	line4: autoDraw = True
535.5989 	INFO 	Keyboard events cleared
535.5986 	EXP 	fixation: autoDraw = False
535.5986 	EXP 	probe: autoDraw = True
536.1844 	DATA 	Keypress: c
536.2007 	EXP 	Device response: <KeyPress from None: t=536.1828736999996, value=c, duration=None>
536.2012 	EXP 	New trial (rep=2, index=9): <Trial 9 (9 in rep 2) data={'pos': 150, 'corr_resp': 'v', 'thisN': 9, 'thisTrialN': 9, 'thisRepN': 2}>
536.2157 	EXP 	fixation: autoDraw = False
536.2157 	EXP 	line1: autoDraw = False
536.2157 	EXP 	line2: autoDraw = False
536.2157 	EXP 	line3: autoDraw = False
536.2157 	EXP 	line4: autoDraw = False
536.2157 	EXP 	probe: autoDraw = False
536.3657 	EXP 	Device response: <KeyPress from None: t=525.7813328000011, value=c, duration=10.579225500001485>
537.2156 	EXP 	fixation: autoDraw = True
537.2156 	EXP 	line1: autoDraw = True
537.2156 	EXP 	line2: autoDraw = True
537.2156 	EXP 	line3: autoDraw = True
537.2156 	EXP 	line4: autoDraw = True
538.2165 	INFO 	Keyboard events cleared
538.2163 	EXP 	fixation: autoDraw = False
538.2163 	EXP 	probe: autoDraw = True
538.6998 	EXP 	Device response: <KeyPress from None: t=538.6988244000022, value=v, duration=None>
538.7002 	EXP 	New trial (rep=1, index=10): <Trial 10 (10 in rep 1) data={'pos': -150, 'corr_resp': 'z', 'thisN': 10, 'thisTrialN': 10, 'thisRepN': 1}>
538.7014 	DATA 	Keypress: v
538.7159 	EXP 	fixation: autoDraw = False
538.7159 	EXP 	line1: autoDraw = False
538.7159 	EXP 	line2: autoDraw = False
538.7159 	EXP 	line3: autoDraw = False
538.7159 	EXP 	line4: autoDraw = False
538.7159 	EXP 	probe: autoDraw = False
538.8965 	EXP 	Device response: <KeyPress from None: t=538.6988244000022, value=v, duration=0.19292889999996987>
539.6984 	EXP 	fixation: autoDraw = True
539.6984 	EXP 	line1: autoDraw = True
539.6984 	EXP 	line2: autoDraw = True
539.6984 	EXP 	line3: autoDraw = True
539.6984 	EXP 	line4: autoDraw = True
540.7026 	INFO 	Keyboard events cleared
540.7023 	EXP 	fixation: autoDraw = False
540.7023 	EXP 	probe: autoDraw = True
541.3993 	EXP 	Device response: <KeyPress from None: t=541.3855545000006, value=z, duration=None>
541.3998 	EXP 	New trial (rep=4, index=11): <Trial 11 (11 in rep 4) data={'pos': 50, 'corr_resp': 'c', 'thisN': 11, 'thisTrialN': 11, 'thisRepN': 4}>
541.4011 	DATA 	Keypress: z
541.4165 	EXP 	fixation: autoDraw = False
541.4165 	EXP 	line1: autoDraw = False
541.4165 	EXP 	line2: autoDraw = False
541.4165 	EXP 	line3: autoDraw = False
541.4165 	EXP 	line4: autoDraw = False
541.4165 	EXP 	probe: autoDraw = False
541.6340 	EXP 	Device response: <KeyPress from None: t=528.5010537000016, value=z, duration=13.115538499998365>
542.4131 	EXP 	fixation: autoDraw = True
542.4131 	EXP 	line1: autoDraw = True
542.4131 	EXP 	line2: autoDraw = True
542.4131 	EXP 	line3: autoDraw = True
542.4131 	EXP 	line4: autoDraw = True
543.3991 	INFO 	Keyboard events cleared
543.3989 	EXP 	probe: autoDraw = True
543.4155 	EXP 	fixation: autoDraw = False
543.9991 	EXP 	Device response: <KeyPress from None: t=543.9933134000021, value=c, duration=None>
543.9995 	EXP 	New trial (rep=5, index=12): <Trial 12 (12 in rep 5) data={'pos': 50, 'corr_resp': 'c', 'thisN': 12, 'thisTrialN': 12, 'thisRepN': 5}>
544.0008 	DATA 	Keypress: c
544.0151 	EXP 	fixation: autoDraw = False
544.0151 	EXP 	line1: autoDraw = False
544.0151 	EXP 	line2: autoDraw = False
544.0151 	EXP 	line3: autoDraw = False
544.0151 	EXP 	line4: autoDraw = False
544.0151 	EXP 	probe: autoDraw = False
544.1661 	EXP 	Device response: <KeyPress from None: t=536.1828736999996, value=c, duration=7.977701800002251>
545.0023 	EXP 	fixation: autoDraw = True
545.0023 	EXP 	line1: autoDraw = True
545.0023 	EXP 	line2: autoDraw = True
545.0023 	EXP 	line3: autoDraw = True
545.0023 	EXP 	line4: autoDraw = True
545.9996 	INFO 	Keyboard events cleared
545.9994 	EXP 	probe: autoDraw = True
546.0153 	EXP 	fixation: autoDraw = False
546.3685 	DATA 	Keypress: c
546.3853 	EXP 	Device response: <KeyPress from None: t=546.3663817000015, value=c, duration=None>
546.3857 	EXP 	New trial (rep=2, index=13): <Trial 13 (13 in rep 2) data={'pos': -50, 'corr_resp': 'x', 'thisN': 13, 'thisTrialN': 13, 'thisRepN': 2}>
546.4026 	EXP 	fixation: autoDraw = False
546.4026 	EXP 	line1: autoDraw = False
546.4026 	EXP 	line2: autoDraw = False
546.4026 	EXP 	line3: autoDraw = False
546.4026 	EXP 	line4: autoDraw = False
546.4026 	EXP 	probe: autoDraw = False
546.5239 	EXP 	Device response: <KeyPress from None: t=543.9933134000021, value=c, duration=2.5255231999981334>
547.3856 	EXP 	fixation: autoDraw = True
547.3856 	EXP 	line1: autoDraw = True
547.3856 	EXP 	line2: autoDraw = True
547.3856 	EXP 	line3: autoDraw = True
547.3856 	EXP 	line4: autoDraw = True
548.3993 	INFO 	Keyboard events cleared
548.3991 	EXP 	fixation: autoDraw = False
548.3991 	EXP 	probe: autoDraw = True
548.8824 	EXP 	Device response: <KeyPress from None: t=548.8710432000007, value=x, duration=None>
548.8828 	EXP 	New trial (rep=2, index=14): <Trial 14 (14 in rep 2) data={'pos': -150, 'corr_resp': 'z', 'thisN': 14, 'thisTrialN': 14, 'thisRepN': 2}>
548.8841 	DATA 	Keypress: x
548.8985 	EXP 	fixation: autoDraw = False
548.8985 	EXP 	line1: autoDraw = False
548.8985 	EXP 	line2: autoDraw = False
548.8985 	EXP 	line3: autoDraw = False
548.8985 	EXP 	line4: autoDraw = False
548.8985 	EXP 	probe: autoDraw = False
549.0473 	EXP 	Device response: <KeyPress from None: t=548.8710432000007, value=x, duration=0.1756602000023122>
549.8831 	EXP 	fixation: autoDraw = True
549.8831 	EXP 	line1: autoDraw = True
549.8831 	EXP 	line2: autoDraw = True
549.8831 	EXP 	line3: autoDraw = True
549.8831 	EXP 	line4: autoDraw = True
550.8820 	INFO 	Keyboard events cleared
550.8818 	EXP 	fixation: autoDraw = False
550.8818 	EXP 	probe: autoDraw = True
551.7520 	DATA 	Keypress: z
551.7664 	EXP 	Device response: <KeyPress from None: t=551.7513128999999, value=z, duration=None>
551.7668 	EXP 	New trial (rep=6, index=15): <Trial 15 (15 in rep 6) data={'pos': 50, 'corr_resp': 'c', 'thisN': 15, 'thisTrialN': 15, 'thisRepN': 6}>
551.7819 	EXP 	fixation: autoDraw = False
551.7819 	EXP 	line1: autoDraw = False
551.7819 	EXP 	line2: autoDraw = False
551.7819 	EXP 	line3: autoDraw = False
551.7819 	EXP 	line4: autoDraw = False
551.7819 	EXP 	probe: autoDraw = False
552.0654 	EXP 	Device response: <KeyPress from None: t=541.3855545000006, value=z, duration=10.673443800002133>
552.7654 	EXP 	fixation: autoDraw = True
552.7654 	EXP 	line1: autoDraw = True
552.7654 	EXP 	line2: autoDraw = True
552.7654 	EXP 	line3: autoDraw = True
552.7654 	EXP 	line4: autoDraw = True
553.7657 	INFO 	Keyboard events cleared
553.7655 	EXP 	fixation: autoDraw = False
553.7655 	EXP 	probe: autoDraw = True
554.1828 	EXP 	Device response: <KeyPress from None: t=554.1802512000031, value=c, duration=None>
554.1833 	EXP 	New trial (rep=3, index=16): <Trial 16 (16 in rep 3) data={'pos': 150, 'corr_resp': 'v', 'thisN': 16, 'thisTrialN': 16, 'thisRepN': 3}>
554.1845 	DATA 	Keypress: c
554.1981 	EXP 	fixation: autoDraw = False
554.1981 	EXP 	line1: autoDraw = False
554.1981 	EXP 	line2: autoDraw = False
554.1981 	EXP 	line3: autoDraw = False
554.1981 	EXP 	line4: autoDraw = False
554.1981 	EXP 	probe: autoDraw = False
554.3806 	EXP 	Device response: <KeyPress from None: t=546.3663817000015, value=c, duration=8.011007799999788>
555.1820 	EXP 	fixation: autoDraw = True
555.1820 	EXP 	line1: autoDraw = True
555.1820 	EXP 	line2: autoDraw = True
555.1820 	EXP 	line3: autoDraw = True
555.1820 	EXP 	line4: autoDraw = True
556.1822 	EXP 	fixation: autoDraw = False
556.1990 	INFO 	Keyboard events cleared
556.1988 	EXP 	probe: autoDraw = True
557.4331 	EXP 	Device response: <KeyPress from None: t=557.4310098000024, value=v, duration=None>
557.4336 	EXP 	New trial (rep=3, index=17): <Trial 17 (17 in rep 3) data={'pos': -50, 'corr_resp': 'x', 'thisN': 17, 'thisTrialN': 17, 'thisRepN': 3}>
557.4348 	DATA 	Keypress: v
557.4488 	EXP 	fixation: autoDraw = False
557.4488 	EXP 	line1: autoDraw = False
557.4488 	EXP 	line2: autoDraw = False
557.4488 	EXP 	line3: autoDraw = False
557.4488 	EXP 	line4: autoDraw = False
557.4488 	EXP 	probe: autoDraw = False
557.6157 	EXP 	Device response: <KeyPress from None: t=557.4310098000024, value=v, duration=0.1692847999984224>
558.4320 	EXP 	fixation: autoDraw = True
558.4320 	EXP 	line1: autoDraw = True
558.4320 	EXP 	line2: autoDraw = True
558.4320 	EXP 	line3: autoDraw = True
558.4320 	EXP 	line4: autoDraw = True
559.4320 	INFO 	Keyboard events cleared
559.4318 	EXP 	fixation: autoDraw = False
559.4318 	EXP 	probe: autoDraw = True
560.1533 	EXP 	Device response: <KeyPress from None: t=560.1438095000012, value=x, duration=None>
560.1541 	EXP 	New trial (rep=4, index=18): <Trial 18 (18 in rep 4) data={'pos': -50, 'corr_resp': 'x', 'thisN': 18, 'thisTrialN': 18, 'thisRepN': 4}>
560.1566 	DATA 	Keypress: x
560.1689 	EXP 	fixation: autoDraw = False
560.1689 	EXP 	line1: autoDraw = False
560.1689 	EXP 	line2: autoDraw = False
560.1689 	EXP 	line3: autoDraw = False
560.1689 	EXP 	line4: autoDraw = False
560.1689 	EXP 	probe: autoDraw = False
560.3525 	EXP 	Device response: <KeyPress from None: t=560.1438095000012, value=x, duration=0.19971970000187866>
561.1525 	EXP 	fixation: autoDraw = True
561.1525 	EXP 	line1: autoDraw = True
561.1525 	EXP 	line2: autoDraw = True
561.1525 	EXP 	line3: autoDraw = True
561.1525 	EXP 	line4: autoDraw = True
562.1628 	INFO 	Keyboard events cleared
562.1627 	EXP 	fixation: autoDraw = False
562.1627 	EXP 	probe: autoDraw = True
562.6461 	EXP 	Device response: <KeyPress from None: t=562.6356137000002, value=x, duration=None>
562.6465 	EXP 	New trial (rep=4, index=19): <Trial 19 (19 in rep 4) data={'pos': 150, 'corr_resp': 'v', 'thisN': 19, 'thisTrialN': 19, 'thisRepN': 4}>
562.6476 	DATA 	Keypress: x
562.6627 	EXP 	fixation: autoDraw = False
562.6627 	EXP 	line1: autoDraw = False
562.6627 	EXP 	line2: autoDraw = False
562.6627 	EXP 	line3: autoDraw = False
562.6627 	EXP 	line4: autoDraw = False
562.6627 	EXP 	probe: autoDraw = False
562.8203 	EXP 	Device response: <KeyPress from None: t=562.6356137000002, value=x, duration=0.17570750000231783>
563.6535 	EXP 	fixation: autoDraw = True
563.6535 	EXP 	line1: autoDraw = True
563.6535 	EXP 	line2: autoDraw = True
563.6535 	EXP 	line3: autoDraw = True
563.6535 	EXP 	line4: autoDraw = True
564.6511 	INFO 	Keyboard events cleared
564.6508 	EXP 	probe: autoDraw = True
564.6682 	EXP 	fixation: autoDraw = False
565.2639 	EXP 	Device response: <KeyPress from None: t=565.2615694000015, value=v, duration=None>
565.2643 	EXP 	New trial (rep=5, index=20): <Trial 20 (20 in rep 5) data={'pos': 150, 'corr_resp': 'v', 'thisN': 20, 'thisTrialN': 20, 'thisRepN': 5}>
565.2657 	DATA 	Keypress: v
565.2828 	EXP 	fixation: autoDraw = False
565.2828 	EXP 	line1: autoDraw = False
565.2828 	EXP 	line2: autoDraw = False
565.2828 	EXP 	line3: autoDraw = False
565.2828 	EXP 	line4: autoDraw = False
565.2828 	EXP 	probe: autoDraw = False
565.4992 	EXP 	Device response: <KeyPress from None: t=565.2615694000015, value=v, duration=0.23132719999921392>
566.2641 	EXP 	fixation: autoDraw = True
566.2641 	EXP 	line1: autoDraw = True
566.2641 	EXP 	line2: autoDraw = True
566.2641 	EXP 	line3: autoDraw = True
566.2641 	EXP 	line4: autoDraw = True
567.2693 	INFO 	Keyboard events cleared
567.2690 	EXP 	fixation: autoDraw = False
567.2690 	EXP 	probe: autoDraw = True
567.5902 	DATA 	Keypress: x
567.6037 	EXP 	Device response: <KeyPress from None: t=567.5868023000003, value=x, duration=None>
567.6044 	EXP 	New trial (rep=6, index=21): <Trial 21 (21 in rep 6) data={'pos': 150, 'corr_resp': 'v', 'thisN': 21, 'thisTrialN': 21, 'thisRepN': 6}>
567.6182 	EXP 	fixation: autoDraw = False
567.6182 	EXP 	line1: autoDraw = False
567.6182 	EXP 	line2: autoDraw = False
567.6182 	EXP 	line3: autoDraw = False
567.6182 	EXP 	line4: autoDraw = False
567.6182 	EXP 	probe: autoDraw = False
567.7515 	EXP 	Device response: <KeyPress from None: t=567.5868023000003, value=x, duration=0.15102440000191564>
568.6189 	EXP 	fixation: autoDraw = True
568.6189 	EXP 	line1: autoDraw = True
568.6189 	EXP 	line2: autoDraw = True
568.6189 	EXP 	line3: autoDraw = True
568.6189 	EXP 	line4: autoDraw = True
569.6160 	INFO 	Keyboard events cleared
569.6158 	EXP 	probe: autoDraw = True
569.6318 	EXP 	fixation: autoDraw = False
570.2664 	EXP 	Device response: <KeyPress from None: t=570.2522860999998, value=v, duration=None>
570.2668 	EXP 	New trial (rep=3, index=22): <Trial 22 (22 in rep 3) data={'pos': -150, 'corr_resp': 'z', 'thisN': 22, 'thisTrialN': 22, 'thisRepN': 3}>
570.2681 	DATA 	Keypress: v
570.2832 	EXP 	fixation: autoDraw = False
570.2832 	EXP 	line1: autoDraw = False
570.2832 	EXP 	line2: autoDraw = False
570.2832 	EXP 	line3: autoDraw = False
570.2832 	EXP 	line4: autoDraw = False
570.2832 	EXP 	probe: autoDraw = False
570.4544 	EXP 	Device response: <KeyPress from None: t=570.2522860999998, value=v, duration=0.19380150000142748>
571.2695 	EXP 	fixation: autoDraw = True
571.2695 	EXP 	line1: autoDraw = True
571.2695 	EXP 	line2: autoDraw = True
571.2695 	EXP 	line3: autoDraw = True
571.2695 	EXP 	line4: autoDraw = True
571.7565 	DATA 	Keypress: v
571.7695 	EXP 	Device response: <KeyPress from None: t=571.7552813000002, value=v, duration=None>
571.9187 	EXP 	Device response: <KeyPress from None: t=571.7552813000002, value=v, duration=0.16223159999935888>
572.2822 	INFO 	Keyboard events cleared
572.2820 	EXP 	fixation: autoDraw = False
572.2820 	EXP 	probe: autoDraw = True
572.4328 	EXP 	Device response: <KeyPress from None: t=572.4277297000008, value=c, duration=None>
572.4333 	EXP 	New trial (rep=7, index=23): <Trial 23 (23 in rep 7) data={'pos': 150, 'corr_resp': 'v', 'thisN': 23, 'thisTrialN': 23, 'thisRepN': 7}>
572.4345 	DATA 	Keypress: c
572.4486 	EXP 	fixation: autoDraw = False
572.4486 	EXP 	line1: autoDraw = False
572.4486 	EXP 	line2: autoDraw = False
572.4486 	EXP 	line3: autoDraw = False
572.4486 	EXP 	line4: autoDraw = False
572.4486 	EXP 	probe: autoDraw = False
572.6326 	EXP 	Device response: <KeyPress from None: t=554.1802512000031, value=c, duration=18.439170199999353>
573.4156 	EXP 	Device response: <KeyPress from None: t=573.4061511, value=c, duration=None>
573.4165 	DATA 	Keypress: c
573.4482 	EXP 	fixation: autoDraw = True
573.4482 	EXP 	line1: autoDraw = True
573.4482 	EXP 	line2: autoDraw = True
573.4482 	EXP 	line3: autoDraw = True
573.4482 	EXP 	line4: autoDraw = True
573.5657 	EXP 	Device response: <KeyPress from None: t=572.4277297000008, value=c, duration=1.1345002999987628>
574.2326 	EXP 	Device response: <KeyPress from None: t=574.228344500003, value=c, duration=None>
574.2343 	DATA 	Keypress: c
574.4327 	EXP 	Device response: <KeyPress from None: t=573.4061511, value=c, duration=1.0149100000016915>
574.4490 	INFO 	Keyboard events cleared
574.4488 	EXP 	fixation: autoDraw = False
574.4488 	EXP 	probe: autoDraw = True
575.1489 	EXP 	Device response: <KeyPress from None: t=575.1372835000002, value=c, duration=None>
575.1492 	EXP 	New trial (rep=5, index=24): <Trial 24 (24 in rep 5) data={'pos': -50, 'corr_resp': 'x', 'thisN': 24, 'thisTrialN': 24, 'thisRepN': 5}>
575.1504 	DATA 	Keypress: c
575.1630 	EXP 	fixation: autoDraw = False
575.1630 	EXP 	line1: autoDraw = False
575.1630 	EXP 	line2: autoDraw = False
575.1630 	EXP 	line3: autoDraw = False
575.1630 	EXP 	line4: autoDraw = False
575.1630 	EXP 	probe: autoDraw = False
575.2972 	EXP 	Device response: <KeyPress from None: t=574.228344500003, value=c, duration=1.0554594999994151>
575.5818 	EXP 	Device response: <KeyPress from None: t=575.5669833000029, value=c, duration=None>
575.5827 	DATA 	Keypress: c
575.6847 	DATA 	Keypress: x
575.6997 	EXP 	Device response: <KeyPress from None: t=575.6838260000004, value=x, duration=None>
575.7160 	EXP 	Device response: <KeyPress from None: t=575.1372835000002, value=c, duration=0.5729017000012391>
575.9152 	EXP 	Device response: <KeyPress from None: t=575.6838260000004, value=x, duration=0.22660150000228896>
576.1487 	EXP 	fixation: autoDraw = True
576.1487 	EXP 	line1: autoDraw = True
576.1487 	EXP 	line2: autoDraw = True
576.1487 	EXP 	line3: autoDraw = True
576.1487 	EXP 	line4: autoDraw = True
576.5001 	EXP 	Device response: <KeyPress from None: t=576.4969526000023, value=x, duration=None>
576.5018 	DATA 	Keypress: x
576.6822 	EXP 	Device response: <KeyPress from None: t=576.4969526000023, value=x, duration=0.176181999999244>
577.1629 	INFO 	Keyboard events cleared
577.1627 	EXP 	fixation: autoDraw = False
577.1627 	EXP 	probe: autoDraw = True
577.2150 	DATA 	Keypress: v
577.2297 	EXP 	Device response: <KeyPress from None: t=577.214504800002, value=v, duration=None>
577.2298 	EXP 	Device response: <KeyPress from None: t=577.2246011999996, value=c, duration=None>
577.2301 	EXP 	New trial (rep=6, index=25): <Trial 25 (25 in rep 6) data={'pos': -50, 'corr_resp': 'x', 'thisN': 25, 'thisTrialN': 25, 'thisRepN': 6}>
577.2311 	DATA 	Keypress: c
577.2462 	EXP 	fixation: autoDraw = False
577.2462 	EXP 	line1: autoDraw = False
577.2462 	EXP 	line2: autoDraw = False
577.2462 	EXP 	line3: autoDraw = False
577.2462 	EXP 	line4: autoDraw = False
577.2462 	EXP 	probe: autoDraw = False
577.3682 	EXP 	Device response: <KeyPress from None: t=577.214504800002, value=v, duration=0.14167209999868646>
577.3682 	EXP 	Device response: <KeyPress from None: t=575.5669833000029, value=c, duration=1.7980956999999762>
578.1324 	EXP 	Device response: <KeyPress from None: t=578.1246874999997, value=v, duration=None>
578.1337 	DATA 	Keypress: v
578.2307 	EXP 	fixation: autoDraw = True
578.2307 	EXP 	line1: autoDraw = True
578.2307 	EXP 	line2: autoDraw = True
578.2307 	EXP 	line3: autoDraw = True
578.2307 	EXP 	line4: autoDraw = True
578.3493 	EXP 	Device response: <KeyPress from None: t=578.1246874999997, value=v, duration=0.20928310000090278>
578.5999 	EXP 	Device response: <KeyPress from None: t=578.5959806999999, value=v, duration=None>
578.6018 	DATA 	Keypress: v
578.7822 	EXP 	Device response: <KeyPress from None: t=578.5959806999999, value=v, duration=0.17213140000239946>
578.9820 	EXP 	Device response: <KeyPress from None: t=578.9786488999998, value=v, duration=None>
578.9837 	DATA 	Keypress: v
579.1464 	EXP 	Device response: <KeyPress from None: t=578.9786488999998, value=v, duration=0.16289450000112993>
579.2318 	INFO 	Keyboard events cleared
579.2316 	EXP 	fixation: autoDraw = False
579.2316 	EXP 	probe: autoDraw = True
579.3833 	EXP 	Device response: <KeyPress from None: t=579.3774502000015, value=v, duration=None>
579.3837 	EXP 	New trial (rep=7, index=26): <Trial 26 (26 in rep 7) data={'pos': -50, 'corr_resp': 'x', 'thisN': 26, 'thisTrialN': 26, 'thisRepN': 7}>
579.3850 	DATA 	Keypress: v
579.3987 	EXP 	fixation: autoDraw = False
579.3987 	EXP 	line1: autoDraw = False
579.3987 	EXP 	line2: autoDraw = False
579.3987 	EXP 	line3: autoDraw = False
579.3987 	EXP 	line4: autoDraw = False
579.3987 	EXP 	probe: autoDraw = False
579.5487 	EXP 	Device response: <KeyPress from None: t=579.3774502000015, value=v, duration=0.16391329999896698>
579.7320 	EXP 	Device response: <KeyPress from None: t=579.7270121000001, value=v, duration=None>
579.7329 	DATA 	Keypress: v
579.8999 	EXP 	Device response: <KeyPress from None: t=579.7270121000001, value=v, duration=0.17069230000197422>
579.9162 	EXP 	Device response: <KeyPress from None: t=579.9110712000002, value=x, duration=None>
579.9172 	DATA 	Keypress: x
580.0991 	EXP 	Device response: <KeyPress from None: t=579.9110712000002, value=x, duration=0.1853768000000855>
580.2866 	EXP 	Device response: <KeyPress from None: t=580.2851640000008, value=x, duration=None>
580.2890 	DATA 	Keypress: x
580.3207 	EXP 	Device response: <KeyPress from None: t=580.3150889999997, value=v, duration=None>
580.3226 	DATA 	Keypress: v
580.3867 	EXP 	fixation: autoDraw = True
580.3867 	EXP 	line1: autoDraw = True
580.3867 	EXP 	line2: autoDraw = True
580.3867 	EXP 	line3: autoDraw = True
580.3867 	EXP 	line4: autoDraw = True
580.4680 	EXP 	Device response: <KeyPress from None: t=580.3150889999997, value=v, duration=0.13768770000024233>
580.4681 	EXP 	Device response: <KeyPress from None: t=580.2851640000008, value=x, duration=0.17609100000117905>
580.6406 	DATA 	Keypress: x
580.6544 	EXP 	Device response: <KeyPress from None: t=580.6383765000028, value=x, duration=None>
580.8506 	EXP 	Device response: <KeyPress from None: t=580.6383765000028, value=x, duration=0.1849012999991828>
581.1059 	DATA 	Keypress: x
581.1188 	EXP 	Device response: <KeyPress from None: t=581.1028606, value=x, duration=None>
581.2180 	EXP 	Device response: <KeyPress from None: t=581.2132888000015, value=c, duration=None>
581.2210 	DATA 	Keypress: c
581.2858 	EXP 	Device response: <KeyPress from None: t=581.1028606, value=x, duration=0.17487640000035753>
581.3988 	INFO 	Keyboard events cleared
581.3985 	EXP 	fixation: autoDraw = False
581.3985 	EXP 	probe: autoDraw = True
581.6536 	EXP 	Device response: <KeyPress from None: t=581.6468194000008, value=c, duration=None>
581.6544 	EXP 	New trial (rep=8, index=27): <Trial 27 (27 in rep 8) data={'pos': -50, 'corr_resp': 'x', 'thisN': 27, 'thisTrialN': 27, 'thisRepN': 8}>
581.6575 	DATA 	Keypress: c
581.6689 	EXP 	fixation: autoDraw = False
581.6689 	EXP 	line1: autoDraw = False
581.6689 	EXP 	line2: autoDraw = False
581.6689 	EXP 	line3: autoDraw = False
581.6689 	EXP 	line4: autoDraw = False
581.6689 	EXP 	probe: autoDraw = False
581.7195 	EXP 	Device response: <KeyPress from None: t=581.718381300001, value=x, duration=None>
581.7213 	DATA 	Keypress: x
581.8375 	EXP 	Device response: <KeyPress from None: t=577.2246011999996, value=c, duration=4.609016900001734>
581.8877 	EXP 	Device response: <KeyPress from None: t=581.718381300001, value=x, duration=0.1683956999986549>
582.6681 	EXP 	fixation: autoDraw = True
582.6681 	EXP 	line1: autoDraw = True
582.6681 	EXP 	line2: autoDraw = True
582.6681 	EXP 	line3: autoDraw = True
582.6681 	EXP 	line4: autoDraw = True
583.1033 	EXP 	Device response: <KeyPress from None: t=583.0946541000012, value=x, duration=None>
583.1066 	DATA 	Keypress: x
583.3035 	EXP 	Device response: <KeyPress from None: t=583.0946541000012, value=x, duration=0.19280390000130865>
583.5508 	EXP 	Device response: <KeyPress from None: t=583.542945600002, value=v, duration=None>
583.5539 	DATA 	Keypress: v
583.6690 	INFO 	Keyboard events cleared
583.6687 	EXP 	fixation: autoDraw = False
583.6687 	EXP 	probe: autoDraw = True
583.7193 	EXP 	Device response: <KeyPress from None: t=583.542945600002, value=v, duration=0.16619929999797023>
583.8694 	EXP 	Device response: <KeyPress from None: t=583.8634793000019, value=v, duration=None>
583.8701 	EXP 	New trial (rep=8, index=28): <Trial 28 (28 in rep 8) data={'pos': 150, 'corr_resp': 'v', 'thisN': 28, 'thisTrialN': 28, 'thisRepN': 8}>
583.8727 	DATA 	Keypress: v
583.8855 	EXP 	fixation: autoDraw = False
583.8855 	EXP 	line1: autoDraw = False
583.8855 	EXP 	line2: autoDraw = False
583.8855 	EXP 	line3: autoDraw = False
583.8855 	EXP 	line4: autoDraw = False
583.8855 	EXP 	probe: autoDraw = False
583.9543 	EXP 	Device response: <KeyPress from None: t=583.944313, value=z, duration=None>
583.9562 	DATA 	Keypress: z
584.0204 	EXP 	Device response: <KeyPress from None: t=583.8634793000019, value=v, duration=0.1525182000004861>
584.2015 	EXP 	Device response: <KeyPress from None: t=551.7513128999999, value=z, duration=32.438906000003044>
584.3325 	EXP 	Device response: <KeyPress from None: t=584.3205158000019, value=v, duration=None>
584.3335 	DATA 	Keypress: v
584.3821 	EXP 	Device response: <KeyPress from None: t=584.3766711000026, value=c, duration=None>
584.3830 	DATA 	Keypress: c
584.4491 	EXP 	Device response: <KeyPress from None: t=584.3205158000019, value=v, duration=0.12371530000018538>
584.4866 	EXP 	Device response: <KeyPress from None: t=581.2132888000015, value=c, duration=3.2574372999988555>
584.8851 	EXP 	fixation: autoDraw = True
584.8851 	EXP 	line1: autoDraw = True
584.8851 	EXP 	line2: autoDraw = True
584.8851 	EXP 	line3: autoDraw = True
584.8851 	EXP 	line4: autoDraw = True
585.5033 	EXP 	Device response: <KeyPress from None: t=585.4950400000016, value=c, duration=None>
585.5066 	DATA 	Keypress: c
585.6519 	EXP 	Device response: <KeyPress from None: t=581.6468194000008, value=c, duration=3.992761600002268>
585.7849 	EXP 	Device response: <KeyPress from None: t=585.7821666000018, value=c, duration=None>
585.7880 	DATA 	Keypress: c
585.8820 	INFO 	Keyboard events cleared
585.8818 	EXP 	probe: autoDraw = True
585.8990 	EXP 	fixation: autoDraw = False
585.9484 	EXP 	Device response: <KeyPress from None: t=584.3766711000026, value=c, duration=1.566606699998374>
586.0825 	EXP 	Device response: <KeyPress from None: t=586.078211400003, value=c, duration=None>
586.0830 	EXP 	New trial (rep=9, index=29): <Trial 29 (29 in rep 9) data={'pos': -50, 'corr_resp': 'x', 'thisN': 29, 'thisTrialN': 29, 'thisRepN': 9}>
586.0842 	DATA 	Keypress: c
586.0983 	EXP 	fixation: autoDraw = False
586.0983 	EXP 	line1: autoDraw = False
586.0983 	EXP 	line2: autoDraw = False
586.0983 	EXP 	line3: autoDraw = False
586.0983 	EXP 	line4: autoDraw = False
586.0983 	EXP 	probe: autoDraw = False
586.2324 	EXP 	Device response: <KeyPress from None: t=585.4950400000016, value=c, duration=0.7211023999989266>
586.4653 	EXP 	Device response: <KeyPress from None: t=586.4545532000011, value=c, duration=None>
586.4662 	DATA 	Keypress: c
586.5820 	EXP 	Device response: <KeyPress from None: t=585.7821666000018, value=c, duration=0.7910381000001507>
586.7820 	EXP 	Device response: <KeyPress from None: t=586.7735061000021, value=c, duration=None>
586.7829 	DATA 	Keypress: c
586.8988 	EXP 	Device response: <KeyPress from None: t=586.078211400003, value=c, duration=0.8103485999999975>
587.0961 	EXP 	fixation: autoDraw = True
587.0961 	EXP 	line1: autoDraw = True
587.0961 	EXP 	line2: autoDraw = True
587.0961 	EXP 	line3: autoDraw = True
587.0961 	EXP 	line4: autoDraw = True
587.7156 	EXP 	Device response: <KeyPress from None: t=587.7096195000013, value=v, duration=None>
587.7174 	DATA 	Keypress: v
587.8654 	EXP 	Device response: <KeyPress from None: t=587.7096195000013, value=v, duration=0.14558210000177496>
588.0684 	DATA 	Keypress: c
588.0826 	INFO 	Keyboard events cleared
588.0823 	EXP 	probe: autoDraw = True
588.0989 	EXP 	fixation: autoDraw = False
588.1014 	DATA 	Keypress: v
588.1151 	EXP 	Device response: <KeyPress from None: t=588.1000858000007, value=v, duration=None>
588.1156 	EXP 	New trial (rep=10, index=30): <Trial 30 (30 in rep 10) data={'pos': -50, 'corr_resp': 'x', 'thisN': 30, 'thisTrialN': 30, 'thisRepN': 10}>
588.1315 	EXP 	fixation: autoDraw = False
588.1315 	EXP 	line1: autoDraw = False
588.1315 	EXP 	line2: autoDraw = False
588.1315 	EXP 	line3: autoDraw = False
588.1315 	EXP 	line4: autoDraw = False
588.1315 	EXP 	probe: autoDraw = False
588.2152 	EXP 	Device response: <KeyPress from None: t=586.4545532000011, value=c, duration=1.7557773000007728>
588.2297 	EXP 	Device response: <KeyPress from None: t=588.1000858000007, value=v, duration=0.11976549999963026>
588.5658 	EXP 	Device response: <KeyPress from None: t=588.5608804000003, value=c, duration=None>
588.5667 	DATA 	Keypress: c
588.7986 	EXP 	Device response: <KeyPress from None: t=586.7735061000021, value=c, duration=2.0095528999991075>
589.0159 	EXP 	Device response: <KeyPress from None: t=589.007111400002, value=c, duration=None>
589.0168 	DATA 	Keypress: c
589.0492 	EXP 	Device response: <KeyPress from None: t=589.0365402000025, value=v, duration=None>
589.0503 	DATA 	Keypress: v
589.1149 	EXP 	fixation: autoDraw = True
589.1149 	EXP 	line1: autoDraw = True
589.1149 	EXP 	line2: autoDraw = True
589.1149 	EXP 	line3: autoDraw = True
589.1149 	EXP 	line4: autoDraw = True
589.1680 	EXP 	Device response: <KeyPress from None: t=589.0365402000025, value=v, duration=0.12783759999729227>
589.1992 	EXP 	Device response: <KeyPress from None: t=588.5608804000003, value=c, duration=0.6339465000019118>
589.7823 	EXP 	Device response: <KeyPress from None: t=589.7791115, value=v, duration=None>
589.7840 	DATA 	Keypress: v
589.9651 	EXP 	Device response: <KeyPress from None: t=589.7791115, value=v, duration=0.18108520000168937>
590.1157 	INFO 	Keyboard events cleared
590.1155 	EXP 	fixation: autoDraw = False
590.1155 	EXP 	probe: autoDraw = True
590.4654 	EXP 	Device response: <KeyPress from None: t=590.451748800002, value=v, duration=None>
590.4658 	EXP 	New trial (rep=7, index=31): <Trial 31 (31 in rep 7) data={'pos': 50, 'corr_resp': 'c', 'thisN': 31, 'thisTrialN': 31, 'thisRepN': 7}>
590.4671 	DATA 	Keypress: v
590.4813 	EXP 	fixation: autoDraw = False
590.4813 	EXP 	line1: autoDraw = False
590.4813 	EXP 	line2: autoDraw = False
590.4813 	EXP 	line3: autoDraw = False
590.4813 	EXP 	line4: autoDraw = False
590.4813 	EXP 	probe: autoDraw = False
590.4820 	EXP 	Device response: <KeyPress from None: t=590.4760453000017, value=c, duration=None>
590.4829 	DATA 	Keypress: c
590.5987 	EXP 	Device response: <KeyPress from None: t=589.007111400002, value=c, duration=1.5763695999994525>
590.6323 	EXP 	Device response: <KeyPress from None: t=590.451748800002, value=v, duration=0.17706019999968703>
591.0524 	DATA 	Keypress: v
591.0685 	EXP 	Device response: <KeyPress from None: t=591.0508219000003, value=v, duration=None>
591.0858 	EXP 	Device response: <KeyPress from None: t=591.0844027000021, value=c, duration=None>
591.0877 	DATA 	Keypress: c
591.1851 	EXP 	Device response: <KeyPress from None: t=590.4760453000017, value=c, duration=0.7035462999992887>
591.2017 	EXP 	Device response: <KeyPress from None: t=591.0508219000003, value=v, duration=0.142681100001937>
591.4650 	EXP 	fixation: autoDraw = True
591.4650 	EXP 	line1: autoDraw = True
591.4650 	EXP 	line2: autoDraw = True
591.4650 	EXP 	line3: autoDraw = True
591.4650 	EXP 	line4: autoDraw = True
591.6657 	EXP 	Device response: <KeyPress from None: t=591.6602429000013, value=c, duration=None>
591.6658 	EXP 	Device response: <KeyPress from None: t=591.6644817000015, value=v, duration=None>
591.6678 	DATA 	Keypress: c
591.6683 	DATA 	Keypress: v
591.8488 	EXP 	Device response: <KeyPress from None: t=591.6644817000015, value=v, duration=0.17531400000007125>
591.8671 	EXP 	Device response: <KeyPress from None: t=591.0844027000021, value=c, duration=0.7805025999987265>
592.2674 	DATA 	Keypress: v
592.2825 	EXP 	Device response: <KeyPress from None: t=592.2664861000012, value=v, duration=None>
592.4487 	EXP 	Device response: <KeyPress from None: t=592.2664861000012, value=v, duration=0.17728669999996782>
592.4650 	EXP 	fixation: autoDraw = False
592.4817 	INFO 	Keyboard events cleared
592.4815 	EXP 	probe: autoDraw = True
592.7324 	EXP 	Device response: <KeyPress from None: t=592.7233938000027, value=v, duration=None>
592.7329 	EXP 	New trial (rep=4, index=32): <Trial 32 (32 in rep 4) data={'pos': -150, 'corr_resp': 'z', 'thisN': 32, 'thisTrialN': 32, 'thisRepN': 4}>
592.7342 	DATA 	Keypress: v
592.7483 	EXP 	fixation: autoDraw = False
592.7483 	EXP 	line1: autoDraw = False
592.7483 	EXP 	line2: autoDraw = False
592.7483 	EXP 	line3: autoDraw = False
592.7483 	EXP 	line4: autoDraw = False
592.7483 	EXP 	probe: autoDraw = False
592.8991 	EXP 	Device response: <KeyPress from None: t=592.7233938000027, value=v, duration=0.1644918999991205>
593.7317 	EXP 	fixation: autoDraw = True
593.7317 	EXP 	line1: autoDraw = True
593.7317 	EXP 	line2: autoDraw = True
593.7317 	EXP 	line3: autoDraw = True
593.7317 	EXP 	line4: autoDraw = True
594.3491 	EXP 	Device response: <KeyPress from None: t=594.340593500001, value=c, duration=None>
594.3510 	DATA 	Keypress: c
594.5157 	EXP 	Device response: <KeyPress from None: t=591.6602429000013, value=c, duration=2.8436142999998992>
594.7317 	INFO 	Keyboard events cleared
594.7315 	EXP 	fixation: autoDraw = False
594.7315 	EXP 	probe: autoDraw = True
594.8503 	DATA 	Keypress: c
594.8655 	EXP 	Device response: <KeyPress from None: t=594.8493086000017, value=c, duration=None>
594.8659 	EXP 	New trial (rep=5, index=33): <Trial 33 (33 in rep 5) data={'pos': -150, 'corr_resp': 'z', 'thisN': 33, 'thisTrialN': 33, 'thisRepN': 5}>
594.8817 	EXP 	fixation: autoDraw = False
594.8817 	EXP 	line1: autoDraw = False
594.8817 	EXP 	line2: autoDraw = False
594.8817 	EXP 	line3: autoDraw = False
594.8817 	EXP 	line4: autoDraw = False
594.8817 	EXP 	probe: autoDraw = False
595.0492 	EXP 	Device response: <KeyPress from None: t=594.340593500001, value=c, duration=0.6931220000005851>
595.2984 	EXP 	Device response: <KeyPress from None: t=595.293489300002, value=c, duration=None>
595.2993 	DATA 	Keypress: c
595.4158 	EXP 	Device response: <KeyPress from None: t=594.8493086000017, value=c, duration=0.5588395999984641>
595.7827 	EXP 	Device response: <KeyPress from None: t=595.7792375999998, value=c, duration=None>
595.7842 	DATA 	Keypress: c
595.8659 	EXP 	fixation: autoDraw = True
595.8659 	EXP 	line1: autoDraw = True
595.8659 	EXP 	line2: autoDraw = True
595.8659 	EXP 	line3: autoDraw = True
595.8659 	EXP 	line4: autoDraw = True
595.9321 	EXP 	Device response: <KeyPress from None: t=595.293489300002, value=c, duration=0.6267607000008866>
596.1992 	EXP 	Device response: <KeyPress from None: t=596.1867053000024, value=c, duration=None>
596.2009 	DATA 	Keypress: c
596.3658 	EXP 	Device response: <KeyPress from None: t=595.7792375999998, value=c, duration=0.5862502000018139>
596.6160 	EXP 	Device response: <KeyPress from None: t=596.6013717000023, value=c, duration=None>
596.6177 	DATA 	Keypress: c
596.7821 	EXP 	Device response: <KeyPress from None: t=596.1867053000024, value=c, duration=0.5810272999988229>
596.8657 	INFO 	Keyboard events cleared
596.8654 	EXP 	fixation: autoDraw = False
596.8654 	EXP 	probe: autoDraw = True
596.9662 	EXP 	Device response: <KeyPress from None: t=596.9614374000012, value=c, duration=None>
596.9667 	EXP 	New trial (rep=11, index=34): <Trial 34 (34 in rep 11) data={'pos': -50, 'corr_resp': 'x', 'thisN': 34, 'thisTrialN': 34, 'thisRepN': 11}>
596.9680 	DATA 	Keypress: c
596.9813 	EXP 	fixation: autoDraw = False
596.9813 	EXP 	line1: autoDraw = False
596.9813 	EXP 	line2: autoDraw = False
596.9813 	EXP 	line3: autoDraw = False
596.9813 	EXP 	line4: autoDraw = False
596.9813 	EXP 	probe: autoDraw = False
597.1490 	EXP 	Device response: <KeyPress from None: t=596.6013717000023, value=c, duration=0.5413158999981533>
597.3666 	EXP 	Device response: <KeyPress from None: t=597.3642338000027, value=c, duration=None>
597.3675 	DATA 	Keypress: c
597.5158 	EXP 	Device response: <KeyPress from None: t=596.9614374000012, value=c, duration=0.5377030999989074>
597.7332 	EXP 	Device response: <KeyPress from None: t=597.7167102000021, value=c, duration=None>
597.7343 	DATA 	Keypress: c
597.8988 	EXP 	Device response: <KeyPress from None: t=597.3642338000027, value=c, duration=0.5274673999992956>
597.9823 	EXP 	fixation: autoDraw = True
597.9823 	EXP 	line1: autoDraw = True
597.9823 	EXP 	line2: autoDraw = True
597.9823 	EXP 	line3: autoDraw = True
597.9823 	EXP 	line4: autoDraw = True
598.1323 	EXP 	Device response: <KeyPress from None: t=598.122625, value=c, duration=None>
598.1345 	DATA 	Keypress: c
598.2818 	EXP 	Device response: <KeyPress from None: t=597.7167102000021, value=c, duration=0.5596077000009245>
598.5329 	EXP 	Device response: <KeyPress from None: t=598.5217188999995, value=c, duration=None>
598.5349 	DATA 	Keypress: c
598.6991 	EXP 	Device response: <KeyPress from None: t=598.122625, value=c, duration=0.5666054000030272>
598.9827 	INFO 	Keyboard events cleared
598.9825 	EXP 	probe: autoDraw = True
598.9983 	EXP 	fixation: autoDraw = False
599.3633 	EXP 	Device response: <KeyPress from None: t=599.3616093000019, value=x, duration=None>
599.3637 	EXP 	New trial (rep=6, index=35): <Trial 35 (35 in rep 6) data={'pos': -150, 'corr_resp': 'z', 'thisN': 35, 'thisTrialN': 35, 'thisRepN': 6}>
599.3648 	DATA 	Keypress: x
599.3790 	EXP 	fixation: autoDraw = False
599.3790 	EXP 	line1: autoDraw = False
599.3790 	EXP 	line2: autoDraw = False
599.3790 	EXP 	line3: autoDraw = False
599.3790 	EXP 	line4: autoDraw = False
599.3790 	EXP 	probe: autoDraw = False
599.5160 	EXP 	Device response: <KeyPress from None: t=599.3616093000019, value=x, duration=0.13728220000120928>
600.3647 	EXP 	fixation: autoDraw = True
600.3647 	EXP 	line1: autoDraw = True
600.3647 	EXP 	line2: autoDraw = True
600.3647 	EXP 	line3: autoDraw = True
600.3647 	EXP 	line4: autoDraw = True
601.3656 	INFO 	Keyboard events cleared
601.3653 	EXP 	fixation: autoDraw = False
601.3653 	EXP 	probe: autoDraw = True
601.9353 	EXP 	Device response: <KeyPress from None: t=601.9272457000006, value=z, duration=None>
601.9360 	EXP 	New trial (rep=8, index=36): <Trial 36 (36 in rep 8) data={'pos': 50, 'corr_resp': 'c', 'thisN': 36, 'thisTrialN': 36, 'thisRepN': 8}>
601.9389 	DATA 	Keypress: z
601.9512 	EXP 	fixation: autoDraw = False
601.9512 	EXP 	line1: autoDraw = False
601.9512 	EXP 	line2: autoDraw = False
601.9512 	EXP 	line3: autoDraw = False
601.9512 	EXP 	line4: autoDraw = False
601.9512 	EXP 	probe: autoDraw = False
602.1159 	EXP 	Device response: <KeyPress from None: t=583.944313, value=z, duration=18.15993510000044>
602.9485 	EXP 	fixation: autoDraw = True
602.9485 	EXP 	line1: autoDraw = True
602.9485 	EXP 	line2: autoDraw = True
602.9485 	EXP 	line3: autoDraw = True
602.9485 	EXP 	line4: autoDraw = True
603.9487 	INFO 	Keyboard events cleared
603.9485 	EXP 	fixation: autoDraw = False
603.9485 	EXP 	probe: autoDraw = True
604.2677 	EXP 	Device response: <KeyPress from None: t=604.2557188999999, value=c, duration=None>
604.2684 	EXP 	New trial (rep=7, index=37): <Trial 37 (37 in rep 7) data={'pos': -150, 'corr_resp': 'z', 'thisN': 37, 'thisTrialN': 37, 'thisRepN': 7}>
604.2705 	DATA 	Keypress: c
604.2830 	EXP 	fixation: autoDraw = False
604.2830 	EXP 	line1: autoDraw = False
604.2830 	EXP 	line2: autoDraw = False
604.2830 	EXP 	line3: autoDraw = False
604.2830 	EXP 	line4: autoDraw = False
604.2830 	EXP 	probe: autoDraw = False
604.3800 	EXP 	Device response: <KeyPress from None: t=598.5217188999995, value=c, duration=5.84541960000206>
605.2819 	EXP 	fixation: autoDraw = True
605.2819 	EXP 	line1: autoDraw = True
605.2819 	EXP 	line2: autoDraw = True
605.2819 	EXP 	line3: autoDraw = True
605.2819 	EXP 	line4: autoDraw = True
606.2823 	INFO 	Keyboard events cleared
606.2821 	EXP 	fixation: autoDraw = False
606.2821 	EXP 	probe: autoDraw = True
606.8323 	EXP 	Device response: <KeyPress from None: t=606.8269762000018, value=z, duration=None>
606.8328 	EXP 	New trial (rep=8, index=38): <Trial 38 (38 in rep 8) data={'pos': -150, 'corr_resp': 'z', 'thisN': 38, 'thisTrialN': 38, 'thisRepN': 8}>
606.8341 	DATA 	Keypress: z
606.8486 	EXP 	fixation: autoDraw = False
606.8486 	EXP 	line1: autoDraw = False
606.8486 	EXP 	line2: autoDraw = False
606.8486 	EXP 	line3: autoDraw = False
606.8486 	EXP 	line4: autoDraw = False
606.8486 	EXP 	probe: autoDraw = False
607.0155 	EXP 	Device response: <KeyPress from None: t=601.9272457000006, value=z, duration=5.075073300002259>
607.8316 	EXP 	fixation: autoDraw = True
607.8316 	EXP 	line1: autoDraw = True
607.8316 	EXP 	line2: autoDraw = True
607.8316 	EXP 	line3: autoDraw = True
607.8316 	EXP 	line4: autoDraw = True
608.8320 	INFO 	Keyboard events cleared
608.8318 	EXP 	fixation: autoDraw = False
608.8318 	EXP 	probe: autoDraw = True
609.1681 	DATA 	Keypress: x
609.1827 	EXP 	Device response: <KeyPress from None: t=609.1675608000005, value=x, duration=None>
609.1832 	EXP 	New trial (rep=9, index=39): <Trial 39 (39 in rep 9) data={'pos': 50, 'corr_resp': 'c', 'thisN': 39, 'thisTrialN': 39, 'thisRepN': 9}>
609.1988 	EXP 	fixation: autoDraw = False
609.1988 	EXP 	line1: autoDraw = False
609.1988 	EXP 	line2: autoDraw = False
609.1988 	EXP 	line3: autoDraw = False
609.1988 	EXP 	line4: autoDraw = False
609.1988 	EXP 	probe: autoDraw = False
609.3319 	EXP 	Device response: <KeyPress from None: t=609.1675608000005, value=x, duration=0.15883970000140835>
610.1823 	EXP 	fixation: autoDraw = True
610.1823 	EXP 	line1: autoDraw = True
610.1823 	EXP 	line2: autoDraw = True
610.1823 	EXP 	line3: autoDraw = True
610.1823 	EXP 	line4: autoDraw = True
611.1854 	INFO 	Keyboard events cleared
611.1851 	EXP 	fixation: autoDraw = False
611.1851 	EXP 	probe: autoDraw = True
611.8492 	EXP 	Device response: <KeyPress from None: t=611.8343806000012, value=c, duration=None>
611.8498 	EXP 	New trial (rep=12, index=40): <Trial 40 (40 in rep 12) data={'pos': -50, 'corr_resp': 'x', 'thisN': 40, 'thisTrialN': 40, 'thisRepN': 12}>
611.8513 	DATA 	Keypress: c
611.8656 	EXP 	fixation: autoDraw = False
611.8656 	EXP 	line1: autoDraw = False
611.8656 	EXP 	line2: autoDraw = False
611.8656 	EXP 	line3: autoDraw = False
611.8656 	EXP 	line4: autoDraw = False
611.8656 	EXP 	probe: autoDraw = False
612.0000 	EXP 	Device response: <KeyPress from None: t=604.2557188999999, value=c, duration=7.733156400001462>
612.8506 	EXP 	fixation: autoDraw = True
612.8506 	EXP 	line1: autoDraw = True
612.8506 	EXP 	line2: autoDraw = True
612.8506 	EXP 	line3: autoDraw = True
612.8506 	EXP 	line4: autoDraw = True
613.8653 	INFO 	Keyboard events cleared
613.8651 	EXP 	fixation: autoDraw = False
613.8651 	EXP 	probe: autoDraw = True
614.4348 	EXP 	Device response: <KeyPress from None: t=614.4313002000017, value=x, duration=None>
614.4353 	EXP 	New trial (rep=10, index=41): <Trial 41 (41 in rep 10) data={'pos': 50, 'corr_resp': 'c', 'thisN': 41, 'thisTrialN': 41, 'thisRepN': 10}>
614.4366 	DATA 	Keypress: x
614.4462 	EXP 	fixation: autoDraw = False
614.4462 	EXP 	line1: autoDraw = False
614.4462 	EXP 	line2: autoDraw = False
614.4462 	EXP 	line3: autoDraw = False
614.4462 	EXP 	line4: autoDraw = False
614.4462 	EXP 	probe: autoDraw = False
614.6862 	EXP 	Device response: <KeyPress from None: t=614.4313002000017, value=x, duration=0.23492439999972703>
615.4483 	EXP 	fixation: autoDraw = True
615.4483 	EXP 	line1: autoDraw = True
615.4483 	EXP 	line2: autoDraw = True
615.4483 	EXP 	line3: autoDraw = True
615.4483 	EXP 	line4: autoDraw = True
616.4471 	INFO 	Keyboard events cleared
616.4469 	EXP 	probe: autoDraw = True
616.4636 	EXP 	fixation: autoDraw = False
617.0477 	EXP 	Device response: <KeyPress from None: t=617.0415984000028, value=c, duration=None>
617.0480 	EXP 	New trial (rep=11, index=42): <Trial 42 (42 in rep 11) data={'pos': 50, 'corr_resp': 'c', 'thisN': 42, 'thisTrialN': 42, 'thisRepN': 11}>
617.0491 	DATA 	Keypress: c
617.0647 	EXP 	fixation: autoDraw = False
617.0647 	EXP 	line1: autoDraw = False
617.0647 	EXP 	line2: autoDraw = False
617.0647 	EXP 	line3: autoDraw = False
617.0647 	EXP 	line4: autoDraw = False
617.0647 	EXP 	probe: autoDraw = False
617.2144 	EXP 	Device response: <KeyPress from None: t=611.8343806000012, value=c, duration=5.377118899999914>
618.0633 	EXP 	fixation: autoDraw = True
618.0633 	EXP 	line1: autoDraw = True
618.0633 	EXP 	line2: autoDraw = True
618.0633 	EXP 	line3: autoDraw = True
618.0633 	EXP 	line4: autoDraw = True
619.0637 	INFO 	Keyboard events cleared
619.0636 	EXP 	fixation: autoDraw = False
619.0636 	EXP 	probe: autoDraw = True
619.7659 	DATA 	Keypress: c
619.7800 	EXP 	Device response: <KeyPress from None: t=619.7652990000024, value=c, duration=None>
619.7804 	EXP 	New trial (rep=12, index=43): <Trial 43 (43 in rep 12) data={'pos': 50, 'corr_resp': 'c', 'thisN': 43, 'thisTrialN': 43, 'thisRepN': 12}>
619.7968 	EXP 	fixation: autoDraw = False
619.7968 	EXP 	line1: autoDraw = False
619.7968 	EXP 	line2: autoDraw = False
619.7968 	EXP 	line3: autoDraw = False
619.7968 	EXP 	line4: autoDraw = False
619.7968 	EXP 	probe: autoDraw = False
619.8300 	EXP 	Device response: <KeyPress from None: t=617.0415984000028, value=c, duration=2.7809444999984407>
620.7801 	EXP 	fixation: autoDraw = True
620.7801 	EXP 	line1: autoDraw = True
620.7801 	EXP 	line2: autoDraw = True
620.7801 	EXP 	line3: autoDraw = True
620.7801 	EXP 	line4: autoDraw = True
621.7801 	INFO 	Keyboard events cleared
621.7800 	EXP 	fixation: autoDraw = False
621.7800 	EXP 	probe: autoDraw = True
622.4522 	EXP 	Device response: <KeyPress from None: t=622.4448961000016, value=c, duration=None>
622.4528 	EXP 	New trial (rep=9, index=44): <Trial 44 (44 in rep 9) data={'pos': -150, 'corr_resp': 'z', 'thisN': 44, 'thisTrialN': 44, 'thisRepN': 9}>
622.4545 	DATA 	Keypress: c
622.4685 	EXP 	fixation: autoDraw = False
622.4685 	EXP 	line1: autoDraw = False
622.4685 	EXP 	line2: autoDraw = False
622.4685 	EXP 	line3: autoDraw = False
622.4685 	EXP 	line4: autoDraw = False
622.4685 	EXP 	probe: autoDraw = False
622.5165 	EXP 	Device response: <KeyPress from None: t=619.7652990000024, value=c, duration=2.7449578999985533>
623.4701 	EXP 	fixation: autoDraw = True
623.4701 	EXP 	line1: autoDraw = True
623.4701 	EXP 	line2: autoDraw = True
623.4701 	EXP 	line3: autoDraw = True
623.4701 	EXP 	line4: autoDraw = True
624.4681 	INFO 	Keyboard events cleared
624.4678 	EXP 	probe: autoDraw = True
624.4843 	EXP 	fixation: autoDraw = False
625.2372 	EXP 	Device response: <KeyPress from None: t=625.2333233999998, value=z, duration=None>
625.2380 	EXP 	New trial (rep=13, index=45): <Trial 45 (45 in rep 13) data={'pos': -50, 'corr_resp': 'x', 'thisN': 45, 'thisTrialN': 45, 'thisRepN': 13}>
625.2405 	DATA 	Keypress: z
625.2516 	EXP 	fixation: autoDraw = False
625.2516 	EXP 	line1: autoDraw = False
625.2516 	EXP 	line2: autoDraw = False
625.2516 	EXP 	line3: autoDraw = False
625.2516 	EXP 	line4: autoDraw = False
625.2516 	EXP 	probe: autoDraw = False
625.3035 	EXP 	Device response: <KeyPress from None: t=606.8269762000018, value=z, duration=18.46915000000081>
626.2530 	EXP 	fixation: autoDraw = True
626.2530 	EXP 	line1: autoDraw = True
626.2530 	EXP 	line2: autoDraw = True
626.2530 	EXP 	line3: autoDraw = True
626.2530 	EXP 	line4: autoDraw = True
627.2517 	INFO 	Keyboard events cleared
627.2514 	EXP 	probe: autoDraw = True
627.2677 	EXP 	fixation: autoDraw = False
627.7701 	EXP 	Device response: <KeyPress from None: t=627.7665866000025, value=x, duration=None>
627.7707 	EXP 	New trial (rep=10, index=46): <Trial 46 (46 in rep 10) data={'pos': -150, 'corr_resp': 'z', 'thisN': 46, 'thisTrialN': 46, 'thisRepN': 10}>
627.7731 	DATA 	Keypress: x
627.7852 	EXP 	fixation: autoDraw = False
627.7852 	EXP 	line1: autoDraw = False
627.7852 	EXP 	line2: autoDraw = False
627.7852 	EXP 	line3: autoDraw = False
627.7852 	EXP 	line4: autoDraw = False
627.7852 	EXP 	probe: autoDraw = False
627.8524 	EXP 	Device response: <KeyPress from None: t=627.7665866000025, value=x, duration=0.0713536999974167>
628.7860 	EXP 	fixation: autoDraw = True
628.7860 	EXP 	line1: autoDraw = True
628.7860 	EXP 	line2: autoDraw = True
628.7860 	EXP 	line3: autoDraw = True
628.7860 	EXP 	line4: autoDraw = True
629.7817 	INFO 	Keyboard events cleared
629.7815 	EXP 	probe: autoDraw = True
629.7980 	EXP 	fixation: autoDraw = False
630.4485 	EXP 	Device response: <KeyPress from None: t=630.4430549999997, value=z, duration=None>
630.4491 	EXP 	New trial (rep=11, index=47): <Trial 47 (47 in rep 11) data={'pos': -150, 'corr_resp': 'z', 'thisN': 47, 'thisTrialN': 47, 'thisRepN': 11}>
630.4503 	DATA 	Keypress: z
630.4648 	EXP 	fixation: autoDraw = False
630.4648 	EXP 	line1: autoDraw = False
630.4648 	EXP 	line2: autoDraw = False
630.4648 	EXP 	line3: autoDraw = False
630.4648 	EXP 	line4: autoDraw = False
630.4648 	EXP 	probe: autoDraw = False
630.5159 	EXP 	Device response: <KeyPress from None: t=625.2333233999998, value=z, duration=5.272332800002914>
631.4482 	EXP 	fixation: autoDraw = True
631.4482 	EXP 	line1: autoDraw = True
631.4482 	EXP 	line2: autoDraw = True
631.4482 	EXP 	line3: autoDraw = True
631.4482 	EXP 	line4: autoDraw = True
632.4488 	INFO 	Keyboard events cleared
632.4486 	EXP 	fixation: autoDraw = False
632.4486 	EXP 	probe: autoDraw = True
633.1629 	EXP 	Device response: <KeyPress from None: t=633.1570329999995, value=z, duration=None>
633.1633 	EXP 	New trial (rep=9, index=48): <Trial 48 (48 in rep 9) data={'pos': 150, 'corr_resp': 'v', 'thisN': 48, 'thisTrialN': 48, 'thisRepN': 9}>
633.1645 	DATA 	Keypress: z
633.1789 	EXP 	fixation: autoDraw = False
633.1789 	EXP 	line1: autoDraw = False
633.1789 	EXP 	line2: autoDraw = False
633.1789 	EXP 	line3: autoDraw = False
633.1789 	EXP 	line4: autoDraw = False
633.1789 	EXP 	probe: autoDraw = False
633.2296 	EXP 	Device response: <KeyPress from None: t=630.4430549999997, value=z, duration=2.782653300000675>
634.1645 	EXP 	fixation: autoDraw = True
634.1645 	EXP 	line1: autoDraw = True
634.1645 	EXP 	line2: autoDraw = True
634.1645 	EXP 	line3: autoDraw = True
634.1645 	EXP 	line4: autoDraw = True
635.1650 	INFO 	Keyboard events cleared
635.1648 	EXP 	fixation: autoDraw = False
635.1648 	EXP 	probe: autoDraw = True
635.9821 	EXP 	Device response: <KeyPress from None: t=635.9796798999996, value=v, duration=None>
635.9826 	EXP 	New trial (rep=12, index=49): <Trial 49 (49 in rep 12) data={'pos': -150, 'corr_resp': 'z', 'thisN': 49, 'thisTrialN': 49, 'thisRepN': 12}>
635.9841 	DATA 	Keypress: v
635.9986 	EXP 	fixation: autoDraw = False
635.9986 	EXP 	line1: autoDraw = False
635.9986 	EXP 	line2: autoDraw = False
635.9986 	EXP 	line3: autoDraw = False
635.9986 	EXP 	line4: autoDraw = False
635.9986 	EXP 	probe: autoDraw = False
636.0644 	EXP 	Device response: <KeyPress from None: t=635.9796798999996, value=v, duration=0.07676500000161468>
636.9810 	EXP 	fixation: autoDraw = True
636.9810 	EXP 	line1: autoDraw = True
636.9810 	EXP 	line2: autoDraw = True
636.9810 	EXP 	line3: autoDraw = True
636.9810 	EXP 	line4: autoDraw = True
637.9822 	INFO 	Keyboard events cleared
637.9820 	EXP 	fixation: autoDraw = False
637.9820 	EXP 	probe: autoDraw = True
638.7517 	EXP 	Device response: <KeyPress from None: t=638.7424028000023, value=z, duration=None>
638.7524 	EXP 	New trial (rep=13, index=50): <Trial 50 (50 in rep 13) data={'pos': 50, 'corr_resp': 'c', 'thisN': 50, 'thisTrialN': 50, 'thisRepN': 13}>
638.7547 	DATA 	Keypress: z
638.7676 	EXP 	fixation: autoDraw = False
638.7676 	EXP 	line1: autoDraw = False
638.7676 	EXP 	line2: autoDraw = False
638.7676 	EXP 	line3: autoDraw = False
638.7676 	EXP 	line4: autoDraw = False
638.7676 	EXP 	probe: autoDraw = False
638.8357 	EXP 	Device response: <KeyPress from None: t=633.1570329999995, value=z, duration=5.670091000003595>
639.7680 	EXP 	fixation: autoDraw = True
639.7680 	EXP 	line1: autoDraw = True
639.7680 	EXP 	line2: autoDraw = True
639.7680 	EXP 	line3: autoDraw = True
639.7680 	EXP 	line4: autoDraw = True
640.7648 	INFO 	Keyboard events cleared
640.7646 	EXP 	probe: autoDraw = True
640.7814 	EXP 	fixation: autoDraw = False
641.5480 	EXP 	Device response: <KeyPress from None: t=641.5393786000022, value=c, duration=None>
641.5485 	EXP 	New trial (rep=13, index=51): <Trial 51 (51 in rep 13) data={'pos': -150, 'corr_resp': 'z', 'thisN': 51, 'thisTrialN': 51, 'thisRepN': 13}>
641.5498 	DATA 	Keypress: c
641.5637 	EXP 	fixation: autoDraw = False
641.5637 	EXP 	line1: autoDraw = False
641.5637 	EXP 	line2: autoDraw = False
641.5637 	EXP 	line3: autoDraw = False
641.5637 	EXP 	line4: autoDraw = False
641.5637 	EXP 	probe: autoDraw = False
641.6362 	EXP 	Device response: <KeyPress from None: t=622.4448961000016, value=c, duration=19.176231099998404>
642.5475 	EXP 	fixation: autoDraw = True
642.5475 	EXP 	line1: autoDraw = True
642.5475 	EXP 	line2: autoDraw = True
642.5475 	EXP 	line3: autoDraw = True
642.5475 	EXP 	line4: autoDraw = True
643.5476 	INFO 	Keyboard events cleared
643.5474 	EXP 	fixation: autoDraw = False
643.5474 	EXP 	probe: autoDraw = True
644.3149 	EXP 	Device response: <KeyPress from None: t=644.3100223000001, value=z, duration=None>
644.3154 	EXP 	New trial (rep=14, index=52): <Trial 52 (52 in rep 14) data={'pos': -150, 'corr_resp': 'z', 'thisN': 52, 'thisTrialN': 52, 'thisRepN': 14}>
644.3166 	DATA 	Keypress: z
644.3312 	EXP 	fixation: autoDraw = False
644.3312 	EXP 	line1: autoDraw = False
644.3312 	EXP 	line2: autoDraw = False
644.3312 	EXP 	line3: autoDraw = False
644.3312 	EXP 	line4: autoDraw = False
644.3312 	EXP 	probe: autoDraw = False
644.3987 	EXP 	Device response: <KeyPress from None: t=638.7424028000023, value=z, duration=5.648410999998305>
645.3184 	EXP 	fixation: autoDraw = True
645.3184 	EXP 	line1: autoDraw = True
645.3184 	EXP 	line2: autoDraw = True
645.3184 	EXP 	line3: autoDraw = True
645.3184 	EXP 	line4: autoDraw = True
646.3175 	INFO 	Keyboard events cleared
646.3172 	EXP 	probe: autoDraw = True
646.3350 	EXP 	fixation: autoDraw = False
647.0184 	EXP 	Device response: <KeyPress from None: t=647.0052268, value=z, duration=None>
647.0192 	EXP 	New trial (rep=15, index=53): <Trial 53 (53 in rep 15) data={'pos': -150, 'corr_resp': 'z', 'thisN': 53, 'thisTrialN': 53, 'thisRepN': 15}>
647.0220 	DATA 	Keypress: z
647.0337 	EXP 	fixation: autoDraw = False
647.0337 	EXP 	line1: autoDraw = False
647.0337 	EXP 	line2: autoDraw = False
647.0337 	EXP 	line3: autoDraw = False
647.0337 	EXP 	line4: autoDraw = False
647.0337 	EXP 	probe: autoDraw = False
647.0850 	EXP 	Device response: <KeyPress from None: t=644.3100223000001, value=z, duration=2.7638095000002068>
648.0174 	EXP 	fixation: autoDraw = True
648.0174 	EXP 	line1: autoDraw = True
648.0174 	EXP 	line2: autoDraw = True
648.0174 	EXP 	line3: autoDraw = True
648.0174 	EXP 	line4: autoDraw = True
649.0313 	INFO 	Keyboard events cleared
649.0310 	EXP 	fixation: autoDraw = False
649.0310 	EXP 	probe: autoDraw = True
649.8834 	EXP 	Device response: <KeyPress from None: t=649.8803909000017, value=z, duration=None>
649.8838 	EXP 	New trial (rep=10, index=54): <Trial 54 (54 in rep 10) data={'pos': 150, 'corr_resp': 'v', 'thisN': 54, 'thisTrialN': 54, 'thisRepN': 10}>
649.8850 	DATA 	Keypress: z
649.8975 	EXP 	fixation: autoDraw = False
649.8975 	EXP 	line1: autoDraw = False
649.8975 	EXP 	line2: autoDraw = False
649.8975 	EXP 	line3: autoDraw = False
649.8975 	EXP 	line4: autoDraw = False
649.8975 	EXP 	probe: autoDraw = False
649.9651 	EXP 	Device response: <KeyPress from None: t=647.0052268, value=z, duration=2.944296100002248>
650.8831 	EXP 	fixation: autoDraw = True
650.8831 	EXP 	line1: autoDraw = True
650.8831 	EXP 	line2: autoDraw = True
650.8831 	EXP 	line3: autoDraw = True
650.8831 	EXP 	line4: autoDraw = True
651.8980 	INFO 	Keyboard events cleared
651.8978 	EXP 	fixation: autoDraw = False
651.8978 	EXP 	probe: autoDraw = True
652.6645 	EXP 	Device response: <KeyPress from None: t=652.651914500002, value=v, duration=None>
652.6649 	EXP 	New trial (rep=16, index=55): <Trial 55 (55 in rep 16) data={'pos': -150, 'corr_resp': 'z', 'thisN': 55, 'thisTrialN': 55, 'thisRepN': 16}>
652.6662 	DATA 	Keypress: v
652.6807 	EXP 	fixation: autoDraw = False
652.6807 	EXP 	line1: autoDraw = False
652.6807 	EXP 	line2: autoDraw = False
652.6807 	EXP 	line3: autoDraw = False
652.6807 	EXP 	line4: autoDraw = False
652.6807 	EXP 	probe: autoDraw = False
652.7323 	EXP 	Device response: <KeyPress from None: t=652.651914500002, value=v, duration=0.06412469999850146>
653.6644 	EXP 	fixation: autoDraw = True
653.6644 	EXP 	line1: autoDraw = True
653.6644 	EXP 	line2: autoDraw = True
653.6644 	EXP 	line3: autoDraw = True
653.6644 	EXP 	line4: autoDraw = True
654.6650 	INFO 	Keyboard events cleared
654.6648 	EXP 	fixation: autoDraw = False
654.6648 	EXP 	probe: autoDraw = True
655.0819 	EXP 	Device response: <KeyPress from None: t=655.0763172000006, value=z, duration=None>
655.0824 	EXP 	New trial (rep=14, index=56): <Trial 56 (56 in rep 14) data={'pos': 50, 'corr_resp': 'c', 'thisN': 56, 'thisTrialN': 56, 'thisRepN': 14}>
655.0837 	DATA 	Keypress: z
655.0973 	EXP 	fixation: autoDraw = False
655.0973 	EXP 	line1: autoDraw = False
655.0973 	EXP 	line2: autoDraw = False
655.0973 	EXP 	line3: autoDraw = False
655.0973 	EXP 	line4: autoDraw = False
655.0973 	EXP 	probe: autoDraw = False
655.2519 	EXP 	Device response: <KeyPress from None: t=649.8803909000017, value=z, duration=5.354931900001247>
656.0812 	EXP 	fixation: autoDraw = True
656.0812 	EXP 	line1: autoDraw = True
656.0812 	EXP 	line2: autoDraw = True
656.0812 	EXP 	line3: autoDraw = True
656.0812 	EXP 	line4: autoDraw = True
657.0815 	INFO 	Keyboard events cleared
657.0813 	EXP 	fixation: autoDraw = False
657.0813 	EXP 	probe: autoDraw = True
657.5379 	EXP 	Device response: <KeyPress from None: t=657.5331551000017, value=c, duration=None>
657.5387 	EXP 	New trial (rep=15, index=57): <Trial 57 (57 in rep 15) data={'pos': 50, 'corr_resp': 'c', 'thisN': 57, 'thisTrialN': 57, 'thisRepN': 15}>
657.5418 	DATA 	Keypress: c
657.5512 	EXP 	fixation: autoDraw = False
657.5512 	EXP 	line1: autoDraw = False
657.5512 	EXP 	line2: autoDraw = False
657.5512 	EXP 	line3: autoDraw = False
657.5512 	EXP 	line4: autoDraw = False
657.5512 	EXP 	probe: autoDraw = False
657.6855 	EXP 	Device response: <KeyPress from None: t=641.5393786000022, value=c, duration=16.13476140000057>
658.5505 	EXP 	fixation: autoDraw = True
658.5505 	EXP 	line1: autoDraw = True
658.5505 	EXP 	line2: autoDraw = True
658.5505 	EXP 	line3: autoDraw = True
658.5505 	EXP 	line4: autoDraw = True
659.5521 	INFO 	Keyboard events cleared
659.5517 	EXP 	fixation: autoDraw = False
659.5517 	EXP 	probe: autoDraw = True
660.3149 	EXP 	Device response: <KeyPress from None: t=660.3101820000011, value=c, duration=None>
660.3153 	EXP 	New trial (rep=14, index=58): <Trial 58 (58 in rep 14) data={'pos': -50, 'corr_resp': 'x', 'thisN': 58, 'thisTrialN': 58, 'thisRepN': 14}>
660.3165 	DATA 	Keypress: c
660.3306 	EXP 	fixation: autoDraw = False
660.3306 	EXP 	line1: autoDraw = False
660.3306 	EXP 	line2: autoDraw = False
660.3306 	EXP 	line3: autoDraw = False
660.3306 	EXP 	line4: autoDraw = False
660.3306 	EXP 	probe: autoDraw = False
660.3983 	EXP 	Device response: <KeyPress from None: t=657.5331551000017, value=c, duration=2.8489754000001994>
661.3142 	EXP 	fixation: autoDraw = True
661.3142 	EXP 	line1: autoDraw = True
661.3142 	EXP 	line2: autoDraw = True
661.3142 	EXP 	line3: autoDraw = True
661.3142 	EXP 	line4: autoDraw = True
662.3147 	INFO 	Keyboard events cleared
662.3145 	EXP 	fixation: autoDraw = False
662.3145 	EXP 	probe: autoDraw = True
663.0983 	EXP 	Device response: <KeyPress from None: t=663.0910246000021, value=x, duration=None>
663.0988 	EXP 	New trial (rep=16, index=59): <Trial 59 (59 in rep 16) data={'pos': 50, 'corr_resp': 'c', 'thisN': 59, 'thisTrialN': 59, 'thisRepN': 16}>
663.1000 	DATA 	Keypress: x
663.1145 	EXP 	fixation: autoDraw = False
663.1145 	EXP 	line1: autoDraw = False
663.1145 	EXP 	line2: autoDraw = False
663.1145 	EXP 	line3: autoDraw = False
663.1145 	EXP 	line4: autoDraw = False
663.1145 	EXP 	probe: autoDraw = False
663.1817 	EXP 	Device response: <KeyPress from None: t=663.0910246000021, value=x, duration=0.08174119999966933>
664.0975 	EXP 	fixation: autoDraw = True
664.0975 	EXP 	line1: autoDraw = True
664.0975 	EXP 	line2: autoDraw = True
664.0975 	EXP 	line3: autoDraw = True
664.0975 	EXP 	line4: autoDraw = True
665.1139 	INFO 	Keyboard events cleared
665.1136 	EXP 	fixation: autoDraw = False
665.1136 	EXP 	probe: autoDraw = True
666.0488 	EXP 	Device response: <KeyPress from None: t=666.0408206000029, value=c, duration=None>
666.0492 	EXP 	New trial (rep=17, index=60): <Trial 60 (60 in rep 17) data={'pos': 50, 'corr_resp': 'c', 'thisN': 60, 'thisTrialN': 60, 'thisRepN': 17}>
666.0506 	DATA 	Keypress: c
666.0642 	EXP 	fixation: autoDraw = False
666.0642 	EXP 	line1: autoDraw = False
666.0642 	EXP 	line2: autoDraw = False
666.0642 	EXP 	line3: autoDraw = False
666.0642 	EXP 	line4: autoDraw = False
666.0642 	EXP 	probe: autoDraw = False
666.1316 	EXP 	Device response: <KeyPress from None: t=660.3101820000011, value=c, duration=5.810564600000362>
667.0643 	EXP 	fixation: autoDraw = True
667.0643 	EXP 	line1: autoDraw = True
667.0643 	EXP 	line2: autoDraw = True
667.0643 	EXP 	line3: autoDraw = True
667.0643 	EXP 	line4: autoDraw = True
668.0481 	INFO 	Keyboard events cleared
668.0479 	EXP 	probe: autoDraw = True
668.0638 	EXP 	fixation: autoDraw = False
668.6645 	EXP 	Device response: <KeyPress from None: t=668.6528791000019, value=c, duration=None>
668.6649 	EXP 	New trial (rep=11, index=61): <Trial 61 (61 in rep 11) data={'pos': 150, 'corr_resp': 'v', 'thisN': 61, 'thisTrialN': 61, 'thisRepN': 11}>
668.6661 	DATA 	Keypress: c
668.6805 	EXP 	fixation: autoDraw = False
668.6805 	EXP 	line1: autoDraw = False
668.6805 	EXP 	line2: autoDraw = False
668.6805 	EXP 	line3: autoDraw = False
668.6805 	EXP 	line4: autoDraw = False
668.6805 	EXP 	probe: autoDraw = False
668.7315 	EXP 	Device response: <KeyPress from None: t=666.0408206000029, value=c, duration=2.679970699999103>
669.6784 	EXP 	fixation: autoDraw = True
669.6784 	EXP 	line1: autoDraw = True
669.6784 	EXP 	line2: autoDraw = True
669.6784 	EXP 	line3: autoDraw = True
669.6784 	EXP 	line4: autoDraw = True
670.6796 	INFO 	Keyboard events cleared
670.6794 	EXP 	fixation: autoDraw = False
670.6794 	EXP 	probe: autoDraw = True
671.4562 	DATA 	Keypress: v
671.4697 	EXP 	Device response: <KeyPress from None: t=671.4536036000027, value=v, duration=None>
671.4705 	EXP 	New trial (rep=18, index=62): <Trial 62 (62 in rep 18) data={'pos': 50, 'corr_resp': 'c', 'thisN': 62, 'thisTrialN': 62, 'thisRepN': 18}>
671.4848 	EXP 	fixation: autoDraw = False
671.4848 	EXP 	line1: autoDraw = False
671.4848 	EXP 	line2: autoDraw = False
671.4848 	EXP 	line3: autoDraw = False
671.4848 	EXP 	line4: autoDraw = False
671.4848 	EXP 	probe: autoDraw = False
671.5680 	EXP 	Device response: <KeyPress from None: t=671.4536036000027, value=v, duration=0.09923069999786094>
672.4805 	EXP 	fixation: autoDraw = True
672.4805 	EXP 	line1: autoDraw = True
672.4805 	EXP 	line2: autoDraw = True
672.4805 	EXP 	line3: autoDraw = True
672.4805 	EXP 	line4: autoDraw = True
673.4844 	INFO 	Keyboard events cleared
673.4841 	EXP 	fixation: autoDraw = False
673.4841 	EXP 	probe: autoDraw = True
673.9523 	EXP 	Device response: <KeyPress from None: t=673.9456506999995, value=c, duration=None>
673.9528 	EXP 	New trial (rep=17, index=63): <Trial 63 (63 in rep 17) data={'pos': -150, 'corr_resp': 'z', 'thisN': 63, 'thisTrialN': 63, 'thisRepN': 17}>
673.9542 	DATA 	Keypress: c
673.9669 	EXP 	fixation: autoDraw = False
673.9669 	EXP 	line1: autoDraw = False
673.9669 	EXP 	line2: autoDraw = False
673.9669 	EXP 	line3: autoDraw = False
673.9669 	EXP 	line4: autoDraw = False
673.9669 	EXP 	probe: autoDraw = False
674.0846 	EXP 	Device response: <KeyPress from None: t=668.6528791000019, value=c, duration=5.423046500000055>
674.9664 	EXP 	fixation: autoDraw = True
674.9664 	EXP 	line1: autoDraw = True
674.9664 	EXP 	line2: autoDraw = True
674.9664 	EXP 	line3: autoDraw = True
674.9664 	EXP 	line4: autoDraw = True
675.9642 	INFO 	Keyboard events cleared
675.9640 	EXP 	probe: autoDraw = True
675.9812 	EXP 	fixation: autoDraw = False
676.5704 	EXP 	Device response: <KeyPress from None: t=676.5650010000027, value=z, duration=None>
676.5712 	EXP 	New trial (rep=18, index=64): <Trial 64 (64 in rep 18) data={'pos': -150, 'corr_resp': 'z', 'thisN': 64, 'thisTrialN': 64, 'thisRepN': 18}>
676.5738 	DATA 	Keypress: z
676.5830 	EXP 	fixation: autoDraw = False
676.5830 	EXP 	line1: autoDraw = False
676.5830 	EXP 	line2: autoDraw = False
676.5830 	EXP 	line3: autoDraw = False
676.5830 	EXP 	line4: autoDraw = False
676.5830 	EXP 	probe: autoDraw = False
676.7195 	EXP 	Device response: <KeyPress from None: t=655.0763172000006, value=z, duration=21.639080699998885>
677.5810 	EXP 	fixation: autoDraw = True
677.5810 	EXP 	line1: autoDraw = True
677.5810 	EXP 	line2: autoDraw = True
677.5810 	EXP 	line3: autoDraw = True
677.5810 	EXP 	line4: autoDraw = True
678.5811 	INFO 	Keyboard events cleared
678.5809 	EXP 	fixation: autoDraw = False
678.5809 	EXP 	probe: autoDraw = True
679.2650 	EXP 	Device response: <KeyPress from None: t=679.2576045000023, value=z, duration=None>
679.2654 	EXP 	New trial (rep=12, index=65): <Trial 65 (65 in rep 12) data={'pos': 150, 'corr_resp': 'v', 'thisN': 65, 'thisTrialN': 65, 'thisRepN': 12}>
679.2666 	DATA 	Keypress: z
679.2812 	EXP 	fixation: autoDraw = False
679.2812 	EXP 	line1: autoDraw = False
679.2812 	EXP 	line2: autoDraw = False
679.2812 	EXP 	line3: autoDraw = False
679.2812 	EXP 	line4: autoDraw = False
679.2812 	EXP 	probe: autoDraw = False
679.4481 	EXP 	Device response: <KeyPress from None: t=676.5650010000027, value=z, duration=2.8798556000001554>
680.2804 	EXP 	fixation: autoDraw = True
680.2804 	EXP 	line1: autoDraw = True
680.2804 	EXP 	line2: autoDraw = True
680.2804 	EXP 	line3: autoDraw = True
680.2804 	EXP 	line4: autoDraw = True
681.2816 	INFO 	Keyboard events cleared
681.2814 	EXP 	fixation: autoDraw = False
681.2814 	EXP 	probe: autoDraw = True
681.9646 	EXP 	Device response: <KeyPress from None: t=681.9593437000003, value=v, duration=None>
681.9651 	EXP 	New trial (rep=19, index=66): <Trial 66 (66 in rep 19) data={'pos': -150, 'corr_resp': 'z', 'thisN': 66, 'thisTrialN': 66, 'thisRepN': 19}>
681.9663 	DATA 	Keypress: v
681.9818 	EXP 	fixation: autoDraw = False
681.9818 	EXP 	line1: autoDraw = False
681.9818 	EXP 	line2: autoDraw = False
681.9818 	EXP 	line3: autoDraw = False
681.9818 	EXP 	line4: autoDraw = False
681.9818 	EXP 	probe: autoDraw = False
682.1145 	EXP 	Device response: <KeyPress from None: t=681.9593437000003, value=v, duration=0.14865130000180216>
682.9789 	EXP 	fixation: autoDraw = True
682.9789 	EXP 	line1: autoDraw = True
682.9789 	EXP 	line2: autoDraw = True
682.9789 	EXP 	line3: autoDraw = True
682.9789 	EXP 	line4: autoDraw = True
683.9688 	INFO 	Keyboard events cleared
683.9683 	EXP 	probe: autoDraw = True
683.9838 	EXP 	fixation: autoDraw = False
685.2859 	EXP 	Device response: <KeyPress from None: t=685.285366600001, value=z, duration=None>
685.2866 	EXP 	New trial (rep=13, index=67): <Trial 67 (67 in rep 13) data={'pos': 150, 'corr_resp': 'v', 'thisN': 67, 'thisTrialN': 67, 'thisRepN': 13}>
685.2895 	DATA 	Keypress: z
685.3014 	EXP 	fixation: autoDraw = False
685.3014 	EXP 	line1: autoDraw = False
685.3014 	EXP 	line2: autoDraw = False
685.3014 	EXP 	line3: autoDraw = False
685.3014 	EXP 	line4: autoDraw = False
685.3014 	EXP 	probe: autoDraw = False
685.4351 	EXP 	Device response: <KeyPress from None: t=679.2576045000023, value=z, duration=6.176363999999012>
686.2974 	EXP 	fixation: autoDraw = True
686.2974 	EXP 	line1: autoDraw = True
686.2974 	EXP 	line2: autoDraw = True
686.2974 	EXP 	line3: autoDraw = True
686.2974 	EXP 	line4: autoDraw = True
687.2977 	INFO 	Keyboard events cleared
687.2975 	EXP 	fixation: autoDraw = False
687.2975 	EXP 	probe: autoDraw = True
687.9310 	EXP 	Device response: <KeyPress from None: t=687.9258695999997, value=v, duration=None>
687.9314 	EXP 	New trial (rep=15, index=68): <Trial 68 (68 in rep 15) data={'pos': -50, 'corr_resp': 'x', 'thisN': 68, 'thisTrialN': 68, 'thisRepN': 15}>
687.9326 	DATA 	Keypress: v
687.9481 	EXP 	fixation: autoDraw = False
687.9481 	EXP 	line1: autoDraw = False
687.9481 	EXP 	line2: autoDraw = False
687.9481 	EXP 	line3: autoDraw = False
687.9481 	EXP 	line4: autoDraw = False
687.9481 	EXP 	probe: autoDraw = False
688.1308 	EXP 	Device response: <KeyPress from None: t=687.9258695999997, value=v, duration=0.20001050000064424>
688.9345 	EXP 	fixation: autoDraw = True
688.9345 	EXP 	line1: autoDraw = True
688.9345 	EXP 	line2: autoDraw = True
688.9345 	EXP 	line3: autoDraw = True
688.9345 	EXP 	line4: autoDraw = True
689.9344 	INFO 	Keyboard events cleared
689.9341 	EXP 	fixation: autoDraw = False
689.9341 	EXP 	probe: autoDraw = True
690.4002 	DATA 	Keypress: x
690.4147 	EXP 	Device response: <KeyPress from None: t=690.3984729000003, value=x, duration=None>
690.4152 	EXP 	New trial (rep=20, index=69): <Trial 69 (69 in rep 20) data={'pos': -150, 'corr_resp': 'z', 'thisN': 69, 'thisTrialN': 69, 'thisRepN': 20}>
690.4306 	EXP 	fixation: autoDraw = False
690.4306 	EXP 	line1: autoDraw = False
690.4306 	EXP 	line2: autoDraw = False
690.4306 	EXP 	line3: autoDraw = False
690.4306 	EXP 	line4: autoDraw = False
690.4306 	EXP 	probe: autoDraw = False
690.5812 	EXP 	Device response: <KeyPress from None: t=690.3984729000003, value=x, duration=0.17353580000053626>
691.4304 	EXP 	fixation: autoDraw = True
691.4304 	EXP 	line1: autoDraw = True
691.4304 	EXP 	line2: autoDraw = True
691.4304 	EXP 	line3: autoDraw = True
691.4304 	EXP 	line4: autoDraw = True
692.4317 	INFO 	Keyboard events cleared
692.4315 	EXP 	fixation: autoDraw = False
692.4315 	EXP 	probe: autoDraw = True
692.9982 	EXP 	Device response: <KeyPress from None: t=692.9887467000008, value=z, duration=None>
692.9989 	EXP 	New trial (rep=21, index=70): <Trial 70 (70 in rep 21) data={'pos': -150, 'corr_resp': 'z', 'thisN': 70, 'thisTrialN': 70, 'thisRepN': 21}>
693.0001 	DATA 	Keypress: z
693.0150 	EXP 	fixation: autoDraw = False
693.0150 	EXP 	line1: autoDraw = False
693.0150 	EXP 	line2: autoDraw = False
693.0150 	EXP 	line3: autoDraw = False
693.0150 	EXP 	line4: autoDraw = False
693.0150 	EXP 	probe: autoDraw = False
693.1646 	EXP 	Device response: <KeyPress from None: t=685.285366600001, value=z, duration=7.867119400001684>
694.0146 	EXP 	fixation: autoDraw = True
694.0146 	EXP 	line1: autoDraw = True
694.0146 	EXP 	line2: autoDraw = True
694.0146 	EXP 	line3: autoDraw = True
694.0146 	EXP 	line4: autoDraw = True
695.0138 	INFO 	Keyboard events cleared
695.0136 	EXP 	fixation: autoDraw = False
695.0136 	EXP 	probe: autoDraw = True
695.5315 	EXP 	Device response: <KeyPress from None: t=695.5308597000003, value=z, duration=None>
695.5320 	EXP 	New trial (rep=22, index=71): <Trial 71 (71 in rep 22) data={'pos': -150, 'corr_resp': 'z', 'thisN': 71, 'thisTrialN': 71, 'thisRepN': 22}>
695.5332 	DATA 	Keypress: z
695.5473 	EXP 	fixation: autoDraw = False
695.5473 	EXP 	line1: autoDraw = False
695.5473 	EXP 	line2: autoDraw = False
695.5473 	EXP 	line3: autoDraw = False
695.5473 	EXP 	line4: autoDraw = False
695.5473 	EXP 	probe: autoDraw = False
695.7309 	EXP 	Device response: <KeyPress from None: t=692.9887467000008, value=z, duration=2.726902099999279>
696.5298 	EXP 	fixation: autoDraw = True
696.5298 	EXP 	line1: autoDraw = True
696.5298 	EXP 	line2: autoDraw = True
696.5298 	EXP 	line3: autoDraw = True
696.5298 	EXP 	line4: autoDraw = True
697.5310 	INFO 	Keyboard events cleared
697.5308 	EXP 	fixation: autoDraw = False
697.5308 	EXP 	probe: autoDraw = True
697.9971 	EXP 	Device response: <KeyPress from None: t=697.9850853999997, value=z, duration=None>
697.9976 	EXP 	New trial (rep=23, index=72): <Trial 72 (72 in rep 23) data={'pos': -150, 'corr_resp': 'z', 'thisN': 72, 'thisTrialN': 72, 'thisRepN': 23}>
697.9991 	DATA 	Keypress: z
698.0145 	EXP 	fixation: autoDraw = False
698.0145 	EXP 	line1: autoDraw = False
698.0145 	EXP 	line2: autoDraw = False
698.0145 	EXP 	line3: autoDraw = False
698.0145 	EXP 	line4: autoDraw = False
698.0145 	EXP 	probe: autoDraw = False
698.1814 	EXP 	Device response: <KeyPress from None: t=695.5308597000003, value=z, duration=2.647142600002553>
698.9972 	EXP 	fixation: autoDraw = True
698.9972 	EXP 	line1: autoDraw = True
698.9972 	EXP 	line2: autoDraw = True
698.9972 	EXP 	line3: autoDraw = True
698.9972 	EXP 	line4: autoDraw = True
699.9970 	INFO 	Keyboard events cleared
699.9968 	EXP 	fixation: autoDraw = False
699.9968 	EXP 	probe: autoDraw = True
700.4147 	EXP 	Device response: <KeyPress from None: t=700.4010689000024, value=z, duration=None>
700.4151 	EXP 	New trial (rep=24, index=73): <Trial 73 (73 in rep 24) data={'pos': -150, 'corr_resp': 'z', 'thisN': 73, 'thisTrialN': 73, 'thisRepN': 24}>
700.4163 	DATA 	Keypress: z
700.4311 	EXP 	fixation: autoDraw = False
700.4311 	EXP 	line1: autoDraw = False
700.4311 	EXP 	line2: autoDraw = False
700.4311 	EXP 	line3: autoDraw = False
700.4311 	EXP 	line4: autoDraw = False
700.4311 	EXP 	probe: autoDraw = False
700.6145 	EXP 	Device response: <KeyPress from None: t=697.9850853999997, value=z, duration=2.625422700002673>
701.4309 	EXP 	fixation: autoDraw = True
701.4309 	EXP 	line1: autoDraw = True
701.4309 	EXP 	line2: autoDraw = True
701.4309 	EXP 	line3: autoDraw = True
701.4309 	EXP 	line4: autoDraw = True
702.4306 	INFO 	Keyboard events cleared
702.4304 	EXP 	fixation: autoDraw = False
702.4304 	EXP 	probe: autoDraw = True
702.9820 	EXP 	Device response: <KeyPress from None: t=702.9796708000031, value=z, duration=None>
702.9825 	EXP 	New trial (rep=25, index=74): <Trial 74 (74 in rep 25) data={'pos': -150, 'corr_resp': 'z', 'thisN': 74, 'thisTrialN': 74, 'thisRepN': 25}>
702.9839 	DATA 	Keypress: z
702.9973 	EXP 	fixation: autoDraw = False
702.9973 	EXP 	line1: autoDraw = False
702.9973 	EXP 	line2: autoDraw = False
702.9973 	EXP 	line3: autoDraw = False
702.9973 	EXP 	line4: autoDraw = False
702.9973 	EXP 	probe: autoDraw = False
703.1647 	EXP 	Device response: <KeyPress from None: t=700.4010689000024, value=z, duration=2.761489000000438>
703.9808 	EXP 	fixation: autoDraw = True
703.9808 	EXP 	line1: autoDraw = True
703.9808 	EXP 	line2: autoDraw = True
703.9808 	EXP 	line3: autoDraw = True
703.9808 	EXP 	line4: autoDraw = True
704.9802 	EXP 	fixation: autoDraw = False
704.9973 	INFO 	Keyboard events cleared
704.9971 	EXP 	probe: autoDraw = True
705.4024 	EXP 	Device response: <KeyPress from None: t=705.3979292000004, value=z, duration=None>
705.4031 	EXP 	New trial (rep=26, index=75): <Trial 75 (75 in rep 26) data={'pos': -150, 'corr_resp': 'z', 'thisN': 75, 'thisTrialN': 75, 'thisRepN': 26}>
705.4054 	DATA 	Keypress: z
705.4172 	EXP 	fixation: autoDraw = False
705.4172 	EXP 	line1: autoDraw = False
705.4172 	EXP 	line2: autoDraw = False
705.4172 	EXP 	line3: autoDraw = False
705.4172 	EXP 	line4: autoDraw = False
705.4172 	EXP 	probe: autoDraw = False
705.5372 	EXP 	Device response: <KeyPress from None: t=702.9796708000031, value=z, duration=2.553086499996425>
706.4151 	EXP 	fixation: autoDraw = True
706.4151 	EXP 	line1: autoDraw = True
706.4151 	EXP 	line2: autoDraw = True
706.4151 	EXP 	line3: autoDraw = True
706.4151 	EXP 	line4: autoDraw = True
707.4144 	INFO 	Keyboard events cleared
707.4141 	EXP 	probe: autoDraw = True
707.4314 	EXP 	fixation: autoDraw = False
707.9651 	EXP 	Device response: <KeyPress from None: t=707.9602924999999, value=z, duration=None>
707.9655 	EXP 	New trial (rep=19, index=76): <Trial 76 (76 in rep 19) data={'pos': 50, 'corr_resp': 'c', 'thisN': 76, 'thisTrialN': 76, 'thisRepN': 19}>
707.9669 	DATA 	Keypress: z
707.9808 	EXP 	fixation: autoDraw = False
707.9808 	EXP 	line1: autoDraw = False
707.9808 	EXP 	line2: autoDraw = False
707.9808 	EXP 	line3: autoDraw = False
707.9808 	EXP 	line4: autoDraw = False
707.9808 	EXP 	probe: autoDraw = False
708.2141 	EXP 	Device response: <KeyPress from None: t=705.3979292000004, value=z, duration=2.8030854999997246>
708.9805 	EXP 	fixation: autoDraw = True
708.9805 	EXP 	line1: autoDraw = True
708.9805 	EXP 	line2: autoDraw = True
708.9805 	EXP 	line3: autoDraw = True
708.9805 	EXP 	line4: autoDraw = True
709.9808 	INFO 	Keyboard events cleared
709.9806 	EXP 	fixation: autoDraw = False
709.9806 	EXP 	probe: autoDraw = True
710.5994 	DATA 	Keypress: c
710.6123 	EXP 	Device response: <KeyPress from None: t=710.5983684000021, value=c, duration=None>
710.6127 	EXP 	New trial (rep=16, index=77): <Trial 77 (77 in rep 16) data={'pos': -50, 'corr_resp': 'x', 'thisN': 77, 'thisTrialN': 77, 'thisRepN': 16}>
710.6284 	EXP 	fixation: autoDraw = False
710.6284 	EXP 	line1: autoDraw = False
710.6284 	EXP 	line2: autoDraw = False
710.6284 	EXP 	line3: autoDraw = False
710.6284 	EXP 	line4: autoDraw = False
710.6284 	EXP 	probe: autoDraw = False
710.7806 	EXP 	Device response: <KeyPress from None: t=673.9456506999995, value=c, duration=36.82766950000223>
711.6301 	EXP 	fixation: autoDraw = True
711.6301 	EXP 	line1: autoDraw = True
711.6301 	EXP 	line2: autoDraw = True
711.6301 	EXP 	line3: autoDraw = True
711.6301 	EXP 	line4: autoDraw = True
712.6145 	INFO 	Keyboard events cleared
712.6143 	EXP 	probe: autoDraw = True
712.6308 	EXP 	fixation: autoDraw = False
713.2310 	EXP 	Device response: <KeyPress from None: t=713.2264859000024, value=x, duration=None>
713.2314 	EXP 	New trial (rep=14, index=78): <Trial 78 (78 in rep 14) data={'pos': 150, 'corr_resp': 'v', 'thisN': 78, 'thisTrialN': 78, 'thisRepN': 14}>
713.2328 	DATA 	Keypress: x
713.2472 	EXP 	fixation: autoDraw = False
713.2472 	EXP 	line1: autoDraw = False
713.2472 	EXP 	line2: autoDraw = False
713.2472 	EXP 	line3: autoDraw = False
713.2472 	EXP 	line4: autoDraw = False
713.2472 	EXP 	probe: autoDraw = False
713.4137 	EXP 	Device response: <KeyPress from None: t=713.2264859000024, value=x, duration=0.1819431000003533>
714.2473 	EXP 	fixation: autoDraw = True
714.2473 	EXP 	line1: autoDraw = True
714.2473 	EXP 	line2: autoDraw = True
714.2473 	EXP 	line3: autoDraw = True
714.2473 	EXP 	line4: autoDraw = True
715.2315 	INFO 	Keyboard events cleared
715.2313 	EXP 	probe: autoDraw = True
715.2468 	EXP 	fixation: autoDraw = False
715.9309 	EXP 	Device response: <KeyPress from None: t=715.9225766000018, value=v, duration=None>
715.9313 	EXP 	New trial (rep=20, index=79): <Trial 79 (79 in rep 20) data={'pos': 50, 'corr_resp': 'c', 'thisN': 79, 'thisTrialN': 79, 'thisRepN': 20}>
715.9326 	DATA 	Keypress: v
715.9467 	EXP 	fixation: autoDraw = False
715.9467 	EXP 	line1: autoDraw = False
715.9467 	EXP 	line2: autoDraw = False
715.9467 	EXP 	line3: autoDraw = False
715.9467 	EXP 	line4: autoDraw = False
715.9467 	EXP 	probe: autoDraw = False
716.1150 	EXP 	Device response: <KeyPress from None: t=715.9225766000018, value=v, duration=0.19195989999934682>
716.9305 	EXP 	fixation: autoDraw = True
716.9305 	EXP 	line1: autoDraw = True
716.9305 	EXP 	line2: autoDraw = True
716.9305 	EXP 	line3: autoDraw = True
716.9305 	EXP 	line4: autoDraw = True
717.9305 	INFO 	Keyboard events cleared
717.9302 	EXP 	fixation: autoDraw = False
717.9302 	EXP 	probe: autoDraw = True
718.3138 	EXP 	Device response: <KeyPress from None: t=718.3087930000002, value=x, duration=None>
718.3143 	EXP 	New trial (rep=15, index=80): <Trial 80 (80 in rep 15) data={'pos': 150, 'corr_resp': 'v', 'thisN': 80, 'thisTrialN': 80, 'thisRepN': 15}>
718.3155 	DATA 	Keypress: x
718.3302 	EXP 	fixation: autoDraw = False
718.3302 	EXP 	line1: autoDraw = False
718.3302 	EXP 	line2: autoDraw = False
718.3302 	EXP 	line3: autoDraw = False
718.3302 	EXP 	line4: autoDraw = False
718.3302 	EXP 	probe: autoDraw = False
718.4977 	EXP 	Device response: <KeyPress from None: t=718.3087930000002, value=x, duration=0.18500180000046385>
719.3141 	EXP 	fixation: autoDraw = True
719.3141 	EXP 	line1: autoDraw = True
719.3141 	EXP 	line2: autoDraw = True
719.3141 	EXP 	line3: autoDraw = True
719.3141 	EXP 	line4: autoDraw = True
719.4163 	DATA 	Keypress: x
719.4319 	EXP 	Device response: <KeyPress from None: t=719.4149853000017, value=x, duration=None>
719.6810 	EXP 	Device response: <KeyPress from None: t=719.4149853000017, value=x, duration=0.2506498000002466>
720.3290 	INFO 	Keyboard events cleared
720.3289 	EXP 	fixation: autoDraw = False
720.3289 	EXP 	probe: autoDraw = True
720.4120 	EXP 	Device response: <KeyPress from None: t=720.411227200002, value=x, duration=None>
720.4123 	EXP 	New trial (rep=27, index=81): <Trial 81 (81 in rep 27) data={'pos': -150, 'corr_resp': 'z', 'thisN': 81, 'thisTrialN': 81, 'thisRepN': 27}>
720.4134 	DATA 	Keypress: x
720.4306 	EXP 	fixation: autoDraw = False
720.4306 	EXP 	line1: autoDraw = False
720.4306 	EXP 	line2: autoDraw = False
720.4306 	EXP 	line3: autoDraw = False
720.4306 	EXP 	line4: autoDraw = False
720.4306 	EXP 	probe: autoDraw = False
720.5862 	EXP 	Device response: <KeyPress from None: t=720.411227200002, value=x, duration=0.17057759999806876>
721.4140 	EXP 	fixation: autoDraw = True
721.4140 	EXP 	line1: autoDraw = True
721.4140 	EXP 	line2: autoDraw = True
721.4140 	EXP 	line3: autoDraw = True
721.4140 	EXP 	line4: autoDraw = True
722.4140 	INFO 	Keyboard events cleared
722.4138 	EXP 	fixation: autoDraw = False
722.4138 	EXP 	probe: autoDraw = True
723.6500 	DATA 	Keypress: z
723.6644 	EXP 	Device response: <KeyPress from None: t=723.6483130000015, value=z, duration=None>
723.6648 	EXP 	New trial (rep=17, index=82): <Trial 82 (82 in rep 17) data={'pos': -50, 'corr_resp': 'x', 'thisN': 82, 'thisTrialN': 82, 'thisRepN': 17}>
723.6809 	EXP 	fixation: autoDraw = False
723.6809 	EXP 	line1: autoDraw = False
723.6809 	EXP 	line2: autoDraw = False
723.6809 	EXP 	line3: autoDraw = False
723.6809 	EXP 	line4: autoDraw = False
723.6809 	EXP 	probe: autoDraw = False
723.8651 	EXP 	Device response: <KeyPress from None: t=707.9602924999999, value=z, duration=15.902504500001669>
724.6802 	EXP 	fixation: autoDraw = True
724.6802 	EXP 	line1: autoDraw = True
724.6802 	EXP 	line2: autoDraw = True
724.6802 	EXP 	line3: autoDraw = True
724.6802 	EXP 	line4: autoDraw = True
725.6644 	INFO 	Keyboard events cleared
725.6642 	EXP 	probe: autoDraw = True
725.6805 	EXP 	fixation: autoDraw = False
726.2516 	EXP 	Device response: <KeyPress from None: t=726.2500284000016, value=x, duration=None>
726.2523 	EXP 	New trial (rep=18, index=83): <Trial 83 (83 in rep 18) data={'pos': -50, 'corr_resp': 'x', 'thisN': 83, 'thisTrialN': 83, 'thisRepN': 18}>
726.2545 	DATA 	Keypress: x
726.2670 	EXP 	fixation: autoDraw = False
726.2670 	EXP 	line1: autoDraw = False
726.2670 	EXP 	line2: autoDraw = False
726.2670 	EXP 	line3: autoDraw = False
726.2670 	EXP 	line4: autoDraw = False
726.2670 	EXP 	probe: autoDraw = False
726.4317 	EXP 	Device response: <KeyPress from None: t=726.2500284000016, value=x, duration=0.179250500001217>
727.2640 	EXP 	fixation: autoDraw = True
727.2640 	EXP 	line1: autoDraw = True
727.2640 	EXP 	line2: autoDraw = True
727.2640 	EXP 	line3: autoDraw = True
727.2640 	EXP 	line4: autoDraw = True
728.2637 	INFO 	Keyboard events cleared
728.2635 	EXP 	fixation: autoDraw = False
728.2635 	EXP 	probe: autoDraw = True
729.7152 	EXP 	Device response: <KeyPress from None: t=729.7087473000029, value=x, duration=None>
729.7157 	EXP 	New trial (rep=21, index=84): <Trial 84 (84 in rep 21) data={'pos': 50, 'corr_resp': 'c', 'thisN': 84, 'thisTrialN': 84, 'thisRepN': 21}>
729.7170 	DATA 	Keypress: x
729.7310 	EXP 	fixation: autoDraw = False
729.7310 	EXP 	line1: autoDraw = False
729.7310 	EXP 	line2: autoDraw = False
729.7310 	EXP 	line3: autoDraw = False
729.7310 	EXP 	line4: autoDraw = False
729.7310 	EXP 	probe: autoDraw = False
729.8978 	EXP 	Device response: <KeyPress from None: t=729.7087473000029, value=x, duration=0.18481830000018817>
730.7304 	EXP 	fixation: autoDraw = True
730.7304 	EXP 	line1: autoDraw = True
730.7304 	EXP 	line2: autoDraw = True
730.7304 	EXP 	line3: autoDraw = True
730.7304 	EXP 	line4: autoDraw = True
731.7319 	INFO 	Keyboard events cleared
731.7317 	EXP 	fixation: autoDraw = False
731.7317 	EXP 	probe: autoDraw = True
732.8642 	EXP 	Device response: <KeyPress from None: t=732.858721800003, value=c, duration=None>
732.8646 	EXP 	New trial (rep=22, index=85): <Trial 85 (85 in rep 22) data={'pos': 50, 'corr_resp': 'c', 'thisN': 85, 'thisTrialN': 85, 'thisRepN': 22}>
732.8659 	DATA 	Keypress: c
732.8806 	EXP 	fixation: autoDraw = False
732.8806 	EXP 	line1: autoDraw = False
732.8806 	EXP 	line2: autoDraw = False
732.8806 	EXP 	line3: autoDraw = False
732.8806 	EXP 	line4: autoDraw = False
732.8806 	EXP 	probe: autoDraw = False
733.0327 	EXP 	Device response: <KeyPress from None: t=710.5983684000021, value=c, duration=22.431431499997416>
733.8684 	EXP 	fixation: autoDraw = True
733.8684 	EXP 	line1: autoDraw = True
733.8684 	EXP 	line2: autoDraw = True
733.8684 	EXP 	line3: autoDraw = True
733.8684 	EXP 	line4: autoDraw = True
734.8641 	INFO 	Keyboard events cleared
734.8639 	EXP 	probe: autoDraw = True
734.8803 	EXP 	fixation: autoDraw = False
736.0325 	EXP 	Device response: <KeyPress from None: t=736.0166669000027, value=c, duration=None>
736.0330 	EXP 	New trial (rep=28, index=86): <Trial 86 (86 in rep 28) data={'pos': -150, 'corr_resp': 'z', 'thisN': 86, 'thisTrialN': 86, 'thisRepN': 28}>
736.0345 	DATA 	Keypress: c
736.0506 	EXP 	fixation: autoDraw = False
736.0506 	EXP 	line1: autoDraw = False
736.0506 	EXP 	line2: autoDraw = False
736.0506 	EXP 	line3: autoDraw = False
736.0506 	EXP 	line4: autoDraw = False
736.0506 	EXP 	probe: autoDraw = False
736.2157 	EXP 	Device response: <KeyPress from None: t=732.858721800003, value=c, duration=3.344828999997844>
737.0451 	EXP 	fixation: autoDraw = True
737.0451 	EXP 	line1: autoDraw = True
737.0451 	EXP 	line2: autoDraw = True
737.0451 	EXP 	line3: autoDraw = True
737.0451 	EXP 	line4: autoDraw = True
738.0474 	INFO 	Keyboard events cleared
738.0472 	EXP 	fixation: autoDraw = False
738.0472 	EXP 	probe: autoDraw = True
738.6475 	EXP 	Device response: <KeyPress from None: t=738.6353702000015, value=z, duration=None>
738.6479 	EXP 	New trial (rep=16, index=87): <Trial 87 (87 in rep 16) data={'pos': 150, 'corr_resp': 'v', 'thisN': 87, 'thisTrialN': 87, 'thisRepN': 16}>
738.6492 	DATA 	Keypress: z
738.6643 	EXP 	fixation: autoDraw = False
738.6643 	EXP 	line1: autoDraw = False
738.6643 	EXP 	line2: autoDraw = False
738.6643 	EXP 	line3: autoDraw = False
738.6643 	EXP 	line4: autoDraw = False
738.6643 	EXP 	probe: autoDraw = False
738.7973 	EXP 	Device response: <KeyPress from None: t=723.6483130000015, value=z, duration=15.137667200000578>
739.6475 	EXP 	fixation: autoDraw = True
739.6475 	EXP 	line1: autoDraw = True
739.6475 	EXP 	line2: autoDraw = True
739.6475 	EXP 	line3: autoDraw = True
739.6475 	EXP 	line4: autoDraw = True
740.6497 	INFO 	Keyboard events cleared
740.6495 	EXP 	fixation: autoDraw = False
740.6495 	EXP 	probe: autoDraw = True
741.4144 	EXP 	Device response: <KeyPress from None: t=741.4097363000001, value=v, duration=None>
741.4148 	EXP 	New trial (rep=17, index=88): <Trial 88 (88 in rep 17) data={'pos': 150, 'corr_resp': 'v', 'thisN': 88, 'thisTrialN': 88, 'thisRepN': 17}>
741.4160 	DATA 	Keypress: v
741.4305 	EXP 	fixation: autoDraw = False
741.4305 	EXP 	line1: autoDraw = False
741.4305 	EXP 	line2: autoDraw = False
741.4305 	EXP 	line3: autoDraw = False
741.4305 	EXP 	line4: autoDraw = False
741.4305 	EXP 	probe: autoDraw = False
741.5219 	EXP 	Device response: <KeyPress from None: t=741.4097363000001, value=v, duration=0.10636499999964144>
742.4135 	EXP 	fixation: autoDraw = True
742.4135 	EXP 	line1: autoDraw = True
742.4135 	EXP 	line2: autoDraw = True
742.4135 	EXP 	line3: autoDraw = True
742.4135 	EXP 	line4: autoDraw = True
743.4139 	INFO 	Keyboard events cleared
743.4137 	EXP 	fixation: autoDraw = False
743.4137 	EXP 	probe: autoDraw = True
744.4981 	EXP 	Device response: <KeyPress from None: t=744.4971843000021, value=v, duration=None>
744.4985 	EXP 	New trial (rep=19, index=89): <Trial 89 (89 in rep 19) data={'pos': -50, 'corr_resp': 'x', 'thisN': 89, 'thisTrialN': 89, 'thisRepN': 19}>
744.4997 	DATA 	Keypress: v
744.5145 	EXP 	fixation: autoDraw = False
744.5145 	EXP 	line1: autoDraw = False
744.5145 	EXP 	line2: autoDraw = False
744.5145 	EXP 	line3: autoDraw = False
744.5145 	EXP 	line4: autoDraw = False
744.5145 	EXP 	probe: autoDraw = False
744.6145 	EXP 	Device response: <KeyPress from None: t=744.4971843000021, value=v, duration=0.11490570000023581>
745.5007 	EXP 	fixation: autoDraw = True
745.5007 	EXP 	line1: autoDraw = True
745.5007 	EXP 	line2: autoDraw = True
745.5007 	EXP 	line3: autoDraw = True
745.5007 	EXP 	line4: autoDraw = True
746.5155 	INFO 	Keyboard events cleared
746.5152 	EXP 	fixation: autoDraw = False
746.5152 	EXP 	probe: autoDraw = True
747.2345 	EXP 	Device response: <KeyPress from None: t=747.2279742000028, value=x, duration=None>
747.2352 	EXP 	New trial (rep=29, index=90): <Trial 90 (90 in rep 29) data={'pos': -150, 'corr_resp': 'z', 'thisN': 90, 'thisTrialN': 90, 'thisRepN': 29}>
747.2375 	DATA 	Keypress: x
747.2500 	EXP 	fixation: autoDraw = False
747.2500 	EXP 	line1: autoDraw = False
747.2500 	EXP 	line2: autoDraw = False
747.2500 	EXP 	line3: autoDraw = False
747.2500 	EXP 	line4: autoDraw = False
747.2500 	EXP 	probe: autoDraw = False
747.3017 	EXP 	Device response: <KeyPress from None: t=747.2279742000028, value=x, duration=0.06695149999723071>
748.2347 	EXP 	fixation: autoDraw = True
748.2347 	EXP 	line1: autoDraw = True
748.2347 	EXP 	line2: autoDraw = True
748.2347 	EXP 	line3: autoDraw = True
748.2347 	EXP 	line4: autoDraw = True
749.2332 	EXP 	fixation: autoDraw = False
749.2507 	INFO 	Keyboard events cleared
749.2504 	EXP 	probe: autoDraw = True
750.1009 	EXP 	Device response: <KeyPress from None: t=750.0920256999998, value=z, duration=None>
750.1017 	EXP 	New trial (rep=20, index=91): <Trial 91 (91 in rep 20) data={'pos': -50, 'corr_resp': 'x', 'thisN': 91, 'thisTrialN': 91, 'thisRepN': 20}>
750.1043 	DATA 	Keypress: z
750.1165 	EXP 	fixation: autoDraw = False
750.1165 	EXP 	line1: autoDraw = False
750.1165 	EXP 	line2: autoDraw = False
750.1165 	EXP 	line3: autoDraw = False
750.1165 	EXP 	line4: autoDraw = False
750.1165 	EXP 	probe: autoDraw = False
750.2016 	EXP 	Device response: <KeyPress from None: t=738.6353702000015, value=z, duration=11.558944899999915>
751.1134 	EXP 	fixation: autoDraw = True
751.1134 	EXP 	line1: autoDraw = True
751.1134 	EXP 	line2: autoDraw = True
751.1134 	EXP 	line3: autoDraw = True
751.1134 	EXP 	line4: autoDraw = True
752.1119 	INFO 	Keyboard events cleared
752.1117 	EXP 	probe: autoDraw = True
752.1283 	EXP 	fixation: autoDraw = False
752.4827 	DATA 	Keypress: x
752.4974 	EXP 	Device response: <KeyPress from None: t=752.4814058000011, value=x, duration=None>
752.4978 	EXP 	New trial (rep=30, index=92): <Trial 92 (92 in rep 30) data={'pos': -150, 'corr_resp': 'z', 'thisN': 92, 'thisTrialN': 92, 'thisRepN': 30}>
752.5133 	EXP 	fixation: autoDraw = False
752.5133 	EXP 	line1: autoDraw = False
752.5133 	EXP 	line2: autoDraw = False
752.5133 	EXP 	line3: autoDraw = False
752.5133 	EXP 	line4: autoDraw = False
752.5133 	EXP 	probe: autoDraw = False
752.6307 	EXP 	Device response: <KeyPress from None: t=752.4814058000011, value=x, duration=0.14466320000065025>
753.5009 	EXP 	fixation: autoDraw = True
753.5009 	EXP 	line1: autoDraw = True
753.5009 	EXP 	line2: autoDraw = True
753.5009 	EXP 	line3: autoDraw = True
753.5009 	EXP 	line4: autoDraw = True
754.5003 	INFO 	Keyboard events cleared
754.5000 	EXP 	fixation: autoDraw = False
754.5000 	EXP 	probe: autoDraw = True
755.3851 	EXP 	Device response: <KeyPress from None: t=755.3807769000014, value=z, duration=None>
755.3859 	EXP 	New trial (rep=23, index=93): <Trial 93 (93 in rep 23) data={'pos': 50, 'corr_resp': 'c', 'thisN': 93, 'thisTrialN': 93, 'thisRepN': 23}>
755.3883 	DATA 	Keypress: z
755.4002 	EXP 	fixation: autoDraw = False
755.4002 	EXP 	line1: autoDraw = False
755.4002 	EXP 	line2: autoDraw = False
755.4002 	EXP 	line3: autoDraw = False
755.4002 	EXP 	line4: autoDraw = False
755.4002 	EXP 	probe: autoDraw = False
755.4846 	EXP 	Device response: <KeyPress from None: t=750.0920256999998, value=z, duration=5.383647700000438>
756.3976 	EXP 	fixation: autoDraw = True
756.3976 	EXP 	line1: autoDraw = True
756.3976 	EXP 	line2: autoDraw = True
756.3976 	EXP 	line3: autoDraw = True
756.3976 	EXP 	line4: autoDraw = True
757.3969 	INFO 	Keyboard events cleared
757.3967 	EXP 	fixation: autoDraw = False
757.3967 	EXP 	probe: autoDraw = True
758.1639 	EXP 	Device response: <KeyPress from None: t=758.1508042000023, value=c, duration=None>
758.1643 	EXP 	New trial (rep=21, index=94): <Trial 94 (94 in rep 21) data={'pos': -50, 'corr_resp': 'x', 'thisN': 94, 'thisTrialN': 94, 'thisRepN': 21}>
758.1657 	DATA 	Keypress: c
758.1800 	EXP 	fixation: autoDraw = False
758.1800 	EXP 	line1: autoDraw = False
758.1800 	EXP 	line2: autoDraw = False
758.1800 	EXP 	line3: autoDraw = False
758.1800 	EXP 	line4: autoDraw = False
758.1800 	EXP 	probe: autoDraw = False
758.2636 	EXP 	Device response: <KeyPress from None: t=736.0166669000027, value=c, duration=22.23788699999932>
759.1797 	EXP 	fixation: autoDraw = True
759.1797 	EXP 	line1: autoDraw = True
759.1797 	EXP 	line2: autoDraw = True
759.1797 	EXP 	line3: autoDraw = True
759.1797 	EXP 	line4: autoDraw = True
760.1639 	INFO 	Keyboard events cleared
760.1637 	EXP 	probe: autoDraw = True
760.1806 	EXP 	fixation: autoDraw = False
760.8477 	EXP 	Device response: <KeyPress from None: t=760.8451256000008, value=x, duration=None>
760.8483 	EXP 	New trial (rep=18, index=95): <Trial 95 (95 in rep 18) data={'pos': 150, 'corr_resp': 'v', 'thisN': 95, 'thisTrialN': 95, 'thisRepN': 18}>
760.8495 	DATA 	Keypress: x
760.8636 	EXP 	fixation: autoDraw = False
760.8636 	EXP 	line1: autoDraw = False
760.8636 	EXP 	line2: autoDraw = False
760.8636 	EXP 	line3: autoDraw = False
760.8636 	EXP 	line4: autoDraw = False
760.8636 	EXP 	probe: autoDraw = False
760.9477 	EXP 	Device response: <KeyPress from None: t=760.8451256000008, value=x, duration=0.10022730000127922>
761.8608 	EXP 	fixation: autoDraw = True
761.8608 	EXP 	line1: autoDraw = True
761.8608 	EXP 	line2: autoDraw = True
761.8608 	EXP 	line3: autoDraw = True
761.8608 	EXP 	line4: autoDraw = True
762.8636 	INFO 	Keyboard events cleared
762.8634 	EXP 	fixation: autoDraw = False
762.8634 	EXP 	probe: autoDraw = True
763.6814 	EXP 	Device response: <KeyPress from None: t=763.6731284000016, value=v, duration=None>
763.6818 	EXP 	New trial (rep=31, index=96): <Trial 96 (96 in rep 31) data={'pos': -150, 'corr_resp': 'z', 'thisN': 96, 'thisTrialN': 96, 'thisRepN': 31}>
763.6828 	DATA 	Keypress: v
763.6986 	EXP 	fixation: autoDraw = False
763.6986 	EXP 	line1: autoDraw = False
763.6986 	EXP 	line2: autoDraw = False
763.6986 	EXP 	line3: autoDraw = False
763.6986 	EXP 	line4: autoDraw = False
763.6986 	EXP 	probe: autoDraw = False
763.8176 	EXP 	Device response: <KeyPress from None: t=763.6731284000016, value=v, duration=0.1357501999991655>
764.6967 	EXP 	fixation: autoDraw = True
764.6967 	EXP 	line1: autoDraw = True
764.6967 	EXP 	line2: autoDraw = True
764.6967 	EXP 	line3: autoDraw = True
764.6967 	EXP 	line4: autoDraw = True
765.6952 	INFO 	Keyboard events cleared
765.6951 	EXP 	probe: autoDraw = True
765.7117 	EXP 	fixation: autoDraw = False
766.6140 	EXP 	Device response: <KeyPress from None: t=766.603090200002, value=z, duration=None>
766.6144 	EXP 	New trial (rep=22, index=97): <Trial 97 (97 in rep 22) data={'pos': -50, 'corr_resp': 'x', 'thisN': 97, 'thisTrialN': 97, 'thisRepN': 22}>
766.6157 	DATA 	Keypress: z
766.6293 	EXP 	fixation: autoDraw = False
766.6293 	EXP 	line1: autoDraw = False
766.6293 	EXP 	line2: autoDraw = False
766.6293 	EXP 	line3: autoDraw = False
766.6293 	EXP 	line4: autoDraw = False
766.6293 	EXP 	probe: autoDraw = False
766.6982 	EXP 	Device response: <KeyPress from None: t=755.3807769000014, value=z, duration=11.306789999998728>
767.6306 	EXP 	fixation: autoDraw = True
767.6306 	EXP 	line1: autoDraw = True
767.6306 	EXP 	line2: autoDraw = True
767.6306 	EXP 	line3: autoDraw = True
767.6306 	EXP 	line4: autoDraw = True
768.6166 	INFO 	Keyboard events cleared
768.6163 	EXP 	probe: autoDraw = True
768.6345 	EXP 	fixation: autoDraw = False
769.2803 	EXP 	Device response: <KeyPress from None: t=769.2779888000005, value=x, duration=None>
769.2808 	EXP 	New trial (rep=23, index=98): <Trial 98 (98 in rep 23) data={'pos': -50, 'corr_resp': 'x', 'thisN': 98, 'thisTrialN': 98, 'thisRepN': 23}>
769.2820 	DATA 	Keypress: x
769.2974 	EXP 	fixation: autoDraw = False
769.2974 	EXP 	line1: autoDraw = False
769.2974 	EXP 	line2: autoDraw = False
769.2974 	EXP 	line3: autoDraw = False
769.2974 	EXP 	line4: autoDraw = False
769.2974 	EXP 	probe: autoDraw = False
769.3644 	EXP 	Device response: <KeyPress from None: t=769.2779888000005, value=x, duration=0.08569490000081714>
770.2965 	EXP 	fixation: autoDraw = True
770.2965 	EXP 	line1: autoDraw = True
770.2965 	EXP 	line2: autoDraw = True
770.2965 	EXP 	line3: autoDraw = True
770.2965 	EXP 	line4: autoDraw = True
771.2796 	INFO 	Keyboard events cleared
771.2794 	EXP 	probe: autoDraw = True
771.2968 	EXP 	fixation: autoDraw = False
771.8970 	EXP 	Device response: <KeyPress from None: t=771.8870509000008, value=x, duration=None>
771.8974 	EXP 	New trial (rep=32, index=99): <Trial 99 (99 in rep 32) data={'pos': -150, 'corr_resp': 'z', 'thisN': 99, 'thisTrialN': 99, 'thisRepN': 32}>
771.8991 	DATA 	Keypress: x
771.9133 	EXP 	fixation: autoDraw = False
771.9133 	EXP 	line1: autoDraw = False
771.9133 	EXP 	line2: autoDraw = False
771.9133 	EXP 	line3: autoDraw = False
771.9133 	EXP 	line4: autoDraw = False
771.9133 	EXP 	probe: autoDraw = False
772.0494 	EXP 	Device response: <KeyPress from None: t=771.8870509000008, value=x, duration=0.15961740000057034>
772.9141 	EXP 	fixation: autoDraw = True
772.9141 	EXP 	line1: autoDraw = True
772.9141 	EXP 	line2: autoDraw = True
772.9141 	EXP 	line3: autoDraw = True
772.9141 	EXP 	line4: autoDraw = True
773.9113 	INFO 	Keyboard events cleared
773.9112 	EXP 	probe: autoDraw = True
773.9278 	EXP 	fixation: autoDraw = False
774.5973 	EXP 	Device response: <KeyPress from None: t=774.5917790000021, value=z, duration=None>
774.5977 	EXP 	New trial (rep=24, index=100): <Trial 100 (100 in rep 24) data={'pos': -50, 'corr_resp': 'x', 'thisN': 100, 'thisTrialN': 100, 'thisRepN': 24}>
774.5992 	DATA 	Keypress: z
774.6132 	EXP 	fixation: autoDraw = False
774.6132 	EXP 	line1: autoDraw = False
774.6132 	EXP 	line2: autoDraw = False
774.6132 	EXP 	line3: autoDraw = False
774.6132 	EXP 	line4: autoDraw = False
774.6132 	EXP 	probe: autoDraw = False
774.6803 	EXP 	Device response: <KeyPress from None: t=766.603090200002, value=z, duration=8.072656599997572>
775.5966 	EXP 	fixation: autoDraw = True
775.5966 	EXP 	line1: autoDraw = True
775.5966 	EXP 	line2: autoDraw = True
775.5966 	EXP 	line3: autoDraw = True
775.5966 	EXP 	line4: autoDraw = True
776.5957 	INFO 	Keyboard events cleared
776.5956 	EXP 	fixation: autoDraw = False
776.5956 	EXP 	probe: autoDraw = True
777.4137 	EXP 	Device response: <KeyPress from None: t=777.4013018000005, value=x, duration=None>
777.4142 	EXP 	New trial (rep=25, index=101): <Trial 101 (101 in rep 25) data={'pos': -50, 'corr_resp': 'x', 'thisN': 101, 'thisTrialN': 101, 'thisRepN': 25}>
777.4154 	DATA 	Keypress: x
777.4308 	EXP 	fixation: autoDraw = False
777.4308 	EXP 	line1: autoDraw = False
777.4308 	EXP 	line2: autoDraw = False
777.4308 	EXP 	line3: autoDraw = False
777.4308 	EXP 	line4: autoDraw = False
777.4308 	EXP 	probe: autoDraw = False
777.4971 	EXP 	Device response: <KeyPress from None: t=777.4013018000005, value=x, duration=0.08753500000239>
778.4134 	EXP 	fixation: autoDraw = True
778.4134 	EXP 	line1: autoDraw = True
778.4134 	EXP 	line2: autoDraw = True
778.4134 	EXP 	line3: autoDraw = True
778.4134 	EXP 	line4: autoDraw = True
779.4130 	INFO 	Keyboard events cleared
779.4128 	EXP 	fixation: autoDraw = False
779.4128 	EXP 	probe: autoDraw = True
780.4303 	EXP 	Device response: <KeyPress from None: t=780.4250834000013, value=x, duration=None>
780.4308 	EXP 	New trial (rep=33, index=102): <Trial 102 (102 in rep 33) data={'pos': -150, 'corr_resp': 'z', 'thisN': 102, 'thisTrialN': 102, 'thisRepN': 33}>
780.4321 	DATA 	Keypress: x
780.4467 	EXP 	fixation: autoDraw = False
780.4467 	EXP 	line1: autoDraw = False
780.4467 	EXP 	line2: autoDraw = False
780.4467 	EXP 	line3: autoDraw = False
780.4467 	EXP 	line4: autoDraw = False
780.4467 	EXP 	probe: autoDraw = False
780.5465 	EXP 	Device response: <KeyPress from None: t=780.4250834000013, value=x, duration=0.11745620000147028>
781.4300 	EXP 	fixation: autoDraw = True
781.4300 	EXP 	line1: autoDraw = True
781.4300 	EXP 	line2: autoDraw = True
781.4300 	EXP 	line3: autoDraw = True
781.4300 	EXP 	line4: autoDraw = True
782.4303 	INFO 	Keyboard events cleared
782.4301 	EXP 	fixation: autoDraw = False
782.4301 	EXP 	probe: autoDraw = True
783.2138 	EXP 	Device response: <KeyPress from None: t=783.2031616000022, value=z, duration=None>
783.2142 	EXP 	New trial (rep=24, index=103): <Trial 103 (103 in rep 24) data={'pos': 50, 'corr_resp': 'c', 'thisN': 103, 'thisTrialN': 103, 'thisRepN': 24}>
783.2154 	DATA 	Keypress: z
783.2298 	EXP 	fixation: autoDraw = False
783.2298 	EXP 	line1: autoDraw = False
783.2298 	EXP 	line2: autoDraw = False
783.2298 	EXP 	line3: autoDraw = False
783.2298 	EXP 	line4: autoDraw = False
783.2298 	EXP 	probe: autoDraw = False
783.3644 	EXP 	Device response: <KeyPress from None: t=774.5917790000021, value=z, duration=8.772105799998826>
784.2165 	EXP 	fixation: autoDraw = True
784.2165 	EXP 	line1: autoDraw = True
784.2165 	EXP 	line2: autoDraw = True
784.2165 	EXP 	line3: autoDraw = True
784.2165 	EXP 	line4: autoDraw = True
785.2161 	INFO 	Keyboard events cleared
785.2158 	EXP 	fixation: autoDraw = False
785.2158 	EXP 	probe: autoDraw = True
786.0971 	EXP 	Device response: <KeyPress from None: t=786.0941396000017, value=c, duration=None>
786.0975 	EXP 	New trial (rep=34, index=104): <Trial 104 (104 in rep 34) data={'pos': -150, 'corr_resp': 'z', 'thisN': 104, 'thisTrialN': 104, 'thisRepN': 34}>
786.0987 	DATA 	Keypress: c
786.1126 	EXP 	fixation: autoDraw = False
786.1126 	EXP 	line1: autoDraw = False
786.1126 	EXP 	line2: autoDraw = False
786.1126 	EXP 	line3: autoDraw = False
786.1126 	EXP 	line4: autoDraw = False
786.1126 	EXP 	probe: autoDraw = False
786.2474 	EXP 	Device response: <KeyPress from None: t=758.1508042000023, value=c, duration=28.087560699997994>
787.1103 	EXP 	fixation: autoDraw = True
787.1103 	EXP 	line1: autoDraw = True
787.1103 	EXP 	line2: autoDraw = True
787.1103 	EXP 	line3: autoDraw = True
787.1103 	EXP 	line4: autoDraw = True
788.0969 	INFO 	Keyboard events cleared
788.0967 	EXP 	probe: autoDraw = True
788.1135 	EXP 	fixation: autoDraw = False
788.6634 	EXP 	Device response: <KeyPress from None: t=788.6576363000022, value=z, duration=None>
788.6638 	EXP 	New trial (rep=26, index=105): <Trial 105 (105 in rep 26) data={'pos': -50, 'corr_resp': 'x', 'thisN': 105, 'thisTrialN': 105, 'thisRepN': 26}>
788.6650 	DATA 	Keypress: z
788.6797 	EXP 	fixation: autoDraw = False
788.6797 	EXP 	line1: autoDraw = False
788.6797 	EXP 	line2: autoDraw = False
788.6797 	EXP 	line3: autoDraw = False
788.6797 	EXP 	line4: autoDraw = False
788.6797 	EXP 	probe: autoDraw = False
788.8470 	EXP 	Device response: <KeyPress from None: t=783.2031616000022, value=z, duration=5.640088899999682>
789.6632 	EXP 	fixation: autoDraw = True
789.6632 	EXP 	line1: autoDraw = True
789.6632 	EXP 	line2: autoDraw = True
789.6632 	EXP 	line3: autoDraw = True
789.6632 	EXP 	line4: autoDraw = True
790.6634 	INFO 	Keyboard events cleared
790.6632 	EXP 	fixation: autoDraw = False
790.6632 	EXP 	probe: autoDraw = True
791.0298 	EXP 	Device response: <KeyPress from None: t=791.0249014000001, value=x, duration=None>
791.0303 	EXP 	New trial (rep=27, index=106): <Trial 106 (106 in rep 27) data={'pos': -50, 'corr_resp': 'x', 'thisN': 106, 'thisTrialN': 106, 'thisRepN': 27}>
791.0316 	DATA 	Keypress: x
791.0463 	EXP 	fixation: autoDraw = False
791.0463 	EXP 	line1: autoDraw = False
791.0463 	EXP 	line2: autoDraw = False
791.0463 	EXP 	line3: autoDraw = False
791.0463 	EXP 	line4: autoDraw = False
791.0463 	EXP 	probe: autoDraw = False
791.1973 	EXP 	Device response: <KeyPress from None: t=791.0249014000001, value=x, duration=0.16113640000185114>
792.0306 	EXP 	fixation: autoDraw = True
792.0306 	EXP 	line1: autoDraw = True
792.0306 	EXP 	line2: autoDraw = True
792.0306 	EXP 	line3: autoDraw = True
792.0306 	EXP 	line4: autoDraw = True
793.0304 	INFO 	Keyboard events cleared
793.0301 	EXP 	fixation: autoDraw = False
793.0301 	EXP 	probe: autoDraw = True
793.5329 	EXP 	Device response: <KeyPress from None: t=793.5278758000022, value=x, duration=None>
793.5342 	EXP 	New trial (rep=28, index=107): <Trial 107 (107 in rep 28) data={'pos': -50, 'corr_resp': 'x', 'thisN': 107, 'thisTrialN': 107, 'thisRepN': 28}>
793.5360 	DATA 	Keypress: x
793.5493 	EXP 	fixation: autoDraw = False
793.5493 	EXP 	line1: autoDraw = False
793.5493 	EXP 	line2: autoDraw = False
793.5493 	EXP 	line3: autoDraw = False
793.5493 	EXP 	line4: autoDraw = False
793.5493 	EXP 	probe: autoDraw = False
793.7183 	EXP 	Device response: <KeyPress from None: t=793.5278758000022, value=x, duration=0.18191839999781223>
794.5331 	EXP 	fixation: autoDraw = True
794.5331 	EXP 	line1: autoDraw = True
794.5331 	EXP 	line2: autoDraw = True
794.5331 	EXP 	line3: autoDraw = True
794.5331 	EXP 	line4: autoDraw = True
795.5331 	INFO 	Keyboard events cleared
795.5328 	EXP 	fixation: autoDraw = False
795.5328 	EXP 	probe: autoDraw = True
796.2811 	EXP 	Device response: <KeyPress from None: t=796.2700197000013, value=x, duration=None>
796.2816 	EXP 	New trial (rep=19, index=108): <Trial 108 (108 in rep 19) data={'pos': 150, 'corr_resp': 'v', 'thisN': 108, 'thisTrialN': 108, 'thisRepN': 19}>
796.2830 	DATA 	Keypress: x
796.2962 	EXP 	fixation: autoDraw = False
796.2962 	EXP 	line1: autoDraw = False
796.2962 	EXP 	line2: autoDraw = False
796.2962 	EXP 	line3: autoDraw = False
796.2962 	EXP 	line4: autoDraw = False
796.2962 	EXP 	probe: autoDraw = False
796.4471 	EXP 	Device response: <KeyPress from None: t=796.2700197000013, value=x, duration=0.17141759999867645>
797.2965 	EXP 	fixation: autoDraw = True
797.2965 	EXP 	line1: autoDraw = True
797.2965 	EXP 	line2: autoDraw = True
797.2965 	EXP 	line3: autoDraw = True
797.2965 	EXP 	line4: autoDraw = True
798.2975 	INFO 	Keyboard events cleared
798.2973 	EXP 	fixation: autoDraw = False
798.2973 	EXP 	probe: autoDraw = True
799.5636 	EXP 	Device response: <KeyPress from None: t=799.5510912000027, value=c, duration=None>
799.5641 	EXP 	New trial (rep=35, index=109): <Trial 109 (109 in rep 35) data={'pos': -150, 'corr_resp': 'z', 'thisN': 109, 'thisTrialN': 109, 'thisRepN': 35}>
799.5653 	DATA 	Keypress: c
799.5798 	EXP 	fixation: autoDraw = False
799.5798 	EXP 	line1: autoDraw = False
799.5798 	EXP 	line2: autoDraw = False
799.5798 	EXP 	line3: autoDraw = False
799.5798 	EXP 	line4: autoDraw = False
799.5798 	EXP 	probe: autoDraw = False
799.7638 	EXP 	Device response: <KeyPress from None: t=786.0941396000017, value=c, duration=13.657627199998387>
800.5627 	EXP 	fixation: autoDraw = True
800.5627 	EXP 	line1: autoDraw = True
800.5627 	EXP 	line2: autoDraw = True
800.5627 	EXP 	line3: autoDraw = True
800.5627 	EXP 	line4: autoDraw = True
801.5634 	INFO 	Keyboard events cleared
801.5631 	EXP 	fixation: autoDraw = False
801.5631 	EXP 	probe: autoDraw = True
802.4469 	EXP 	Device response: <KeyPress from None: t=802.4464447999999, value=x, duration=None>
802.4486 	DATA 	Keypress: x
802.4641 	EXP 	New trial (rep=25, index=110): <Trial 110 (110 in rep 25) data={'pos': 50, 'corr_resp': 'c', 'thisN': 110, 'thisTrialN': 110, 'thisRepN': 25}>
802.4804 	EXP 	fixation: autoDraw = False
802.4804 	EXP 	line1: autoDraw = False
802.4804 	EXP 	line2: autoDraw = False
802.4804 	EXP 	line3: autoDraw = False
802.4804 	EXP 	line4: autoDraw = False
802.4804 	EXP 	probe: autoDraw = False
802.6298 	EXP 	Device response: <KeyPress from None: t=802.4464447999999, value=x, duration=0.17792490000283578>
803.4667 	EXP 	fixation: autoDraw = True
803.4667 	EXP 	line1: autoDraw = True
803.4667 	EXP 	line2: autoDraw = True
803.4667 	EXP 	line3: autoDraw = True
803.4667 	EXP 	line4: autoDraw = True
804.4640 	INFO 	Keyboard events cleared
804.4638 	EXP 	probe: autoDraw = True
804.4798 	EXP 	fixation: autoDraw = False
805.2665 	DATA 	Keypress: c
805.2810 	EXP 	Device response: <KeyPress from None: t=805.2658615, value=c, duration=None>
805.2814 	EXP 	New trial (rep=29, index=111): <Trial 111 (111 in rep 29) data={'pos': -50, 'corr_resp': 'x', 'thisN': 111, 'thisTrialN': 111, 'thisRepN': 29}>
805.2964 	EXP 	fixation: autoDraw = False
805.2964 	EXP 	line1: autoDraw = False
805.2964 	EXP 	line2: autoDraw = False
805.2964 	EXP 	line3: autoDraw = False
805.2964 	EXP 	line4: autoDraw = False
805.2964 	EXP 	probe: autoDraw = False
805.3972 	EXP 	Device response: <KeyPress from None: t=799.5510912000027, value=c, duration=5.828954699998576>
806.2795 	EXP 	fixation: autoDraw = True
806.2795 	EXP 	line1: autoDraw = True
806.2795 	EXP 	line2: autoDraw = True
806.2795 	EXP 	line3: autoDraw = True
806.2795 	EXP 	line4: autoDraw = True
807.2800 	EXP 	fixation: autoDraw = False
807.2966 	INFO 	Keyboard events cleared
807.2964 	EXP 	probe: autoDraw = True
808.0991 	DATA 	Keypress: x
808.1142 	EXP 	Device response: <KeyPress from None: t=808.0980677000007, value=x, duration=None>
808.1146 	EXP 	New trial (rep=30, index=112): <Trial 112 (112 in rep 30) data={'pos': -50, 'corr_resp': 'x', 'thisN': 112, 'thisTrialN': 112, 'thisRepN': 30}>
808.1292 	EXP 	fixation: autoDraw = False
808.1292 	EXP 	line1: autoDraw = False
808.1292 	EXP 	line2: autoDraw = False
808.1292 	EXP 	line3: autoDraw = False
808.1292 	EXP 	line4: autoDraw = False
808.1292 	EXP 	probe: autoDraw = False
808.1801 	EXP 	Device response: <KeyPress from None: t=808.0980677000007, value=x, duration=0.06883469999957015>
809.1293 	EXP 	fixation: autoDraw = True
809.1293 	EXP 	line1: autoDraw = True
809.1293 	EXP 	line2: autoDraw = True
809.1293 	EXP 	line3: autoDraw = True
809.1293 	EXP 	line4: autoDraw = True
810.1140 	INFO 	Keyboard events cleared
810.1138 	EXP 	probe: autoDraw = True
810.1294 	EXP 	fixation: autoDraw = False
810.7662 	DATA 	Keypress: x
810.7803 	EXP 	Device response: <KeyPress from None: t=810.7649916000009, value=x, duration=None>
810.7808 	EXP 	New trial (rep=20, index=113): <Trial 113 (113 in rep 20) data={'pos': 150, 'corr_resp': 'v', 'thisN': 113, 'thisTrialN': 113, 'thisRepN': 20}>
810.7971 	EXP 	fixation: autoDraw = False
810.7971 	EXP 	line1: autoDraw = False
810.7971 	EXP 	line2: autoDraw = False
810.7971 	EXP 	line3: autoDraw = False
810.7971 	EXP 	line4: autoDraw = False
810.7971 	EXP 	probe: autoDraw = False
810.8302 	EXP 	Device response: <KeyPress from None: t=810.7649916000009, value=x, duration=0.06279480000011972>
811.7800 	EXP 	fixation: autoDraw = True
811.7800 	EXP 	line1: autoDraw = True
811.7800 	EXP 	line2: autoDraw = True
811.7800 	EXP 	line3: autoDraw = True
811.7800 	EXP 	line4: autoDraw = True
812.7830 	INFO 	Keyboard events cleared
812.7827 	EXP 	fixation: autoDraw = False
812.7827 	EXP 	probe: autoDraw = True
813.4812 	EXP 	Device response: <KeyPress from None: t=813.4678912000018, value=v, duration=None>
813.4817 	EXP 	New trial (rep=36, index=114): <Trial 114 (114 in rep 36) data={'pos': -150, 'corr_resp': 'z', 'thisN': 114, 'thisTrialN': 114, 'thisRepN': 36}>
813.4830 	DATA 	Keypress: v
813.4962 	EXP 	fixation: autoDraw = False
813.4962 	EXP 	line1: autoDraw = False
813.4962 	EXP 	line2: autoDraw = False
813.4962 	EXP 	line3: autoDraw = False
813.4962 	EXP 	line4: autoDraw = False
813.4962 	EXP 	probe: autoDraw = False
813.5478 	EXP 	Device response: <KeyPress from None: t=813.4678912000018, value=v, duration=0.06627179999850341>
814.4814 	EXP 	fixation: autoDraw = True
814.4814 	EXP 	line1: autoDraw = True
814.4814 	EXP 	line2: autoDraw = True
814.4814 	EXP 	line3: autoDraw = True
814.4814 	EXP 	line4: autoDraw = True
815.4833 	INFO 	Keyboard events cleared
815.4830 	EXP 	fixation: autoDraw = False
815.4830 	EXP 	probe: autoDraw = True
816.3634 	DATA 	Keypress: z
816.3780 	EXP 	Device response: <KeyPress from None: t=816.3627396000011, value=z, duration=None>
816.3784 	EXP 	New trial (rep=26, index=115): <Trial 115 (115 in rep 26) data={'pos': 50, 'corr_resp': 'c', 'thisN': 115, 'thisTrialN': 115, 'thisRepN': 26}>
816.3946 	EXP 	fixation: autoDraw = False
816.3946 	EXP 	line1: autoDraw = False
816.3946 	EXP 	line2: autoDraw = False
816.3946 	EXP 	line3: autoDraw = False
816.3946 	EXP 	line4: autoDraw = False
816.3946 	EXP 	probe: autoDraw = False
816.4939 	EXP 	Device response: <KeyPress from None: t=788.6576363000022, value=z, duration=27.82343799999944>
817.3840 	EXP 	fixation: autoDraw = True
817.3840 	EXP 	line1: autoDraw = True
817.3840 	EXP 	line2: autoDraw = True
817.3840 	EXP 	line3: autoDraw = True
817.3840 	EXP 	line4: autoDraw = True
818.3798 	INFO 	Keyboard events cleared
818.3796 	EXP 	probe: autoDraw = True
818.3964 	EXP 	fixation: autoDraw = False
819.1969 	EXP 	Device response: <KeyPress from None: t=819.1826395000026, value=c, duration=None>
819.1973 	EXP 	New trial (rep=37, index=116): <Trial 116 (116 in rep 37) data={'pos': -150, 'corr_resp': 'z', 'thisN': 116, 'thisTrialN': 116, 'thisRepN': 37}>
819.1985 	DATA 	Keypress: c
819.2129 	EXP 	fixation: autoDraw = False
819.2129 	EXP 	line1: autoDraw = False
819.2129 	EXP 	line2: autoDraw = False
819.2129 	EXP 	line3: autoDraw = False
819.2129 	EXP 	line4: autoDraw = False
819.2129 	EXP 	probe: autoDraw = False
819.2610 	EXP 	Device response: <KeyPress from None: t=805.2658615, value=c, duration=13.988845200001379>
820.1997 	EXP 	fixation: autoDraw = True
820.1997 	EXP 	line1: autoDraw = True
820.1997 	EXP 	line2: autoDraw = True
820.1997 	EXP 	line3: autoDraw = True
820.1997 	EXP 	line4: autoDraw = True
821.2107 	INFO 	Keyboard events cleared
821.2105 	EXP 	fixation: autoDraw = False
821.2105 	EXP 	probe: autoDraw = True
821.9974 	EXP 	Device response: <KeyPress from None: t=821.9924737000001, value=z, duration=None>
821.9979 	EXP 	New trial (rep=31, index=117): <Trial 117 (117 in rep 31) data={'pos': -50, 'corr_resp': 'x', 'thisN': 117, 'thisTrialN': 117, 'thisRepN': 31}>
821.9992 	DATA 	Keypress: z
822.0130 	EXP 	fixation: autoDraw = False
822.0130 	EXP 	line1: autoDraw = False
822.0130 	EXP 	line2: autoDraw = False
822.0130 	EXP 	line3: autoDraw = False
822.0130 	EXP 	line4: autoDraw = False
822.0130 	EXP 	probe: autoDraw = False
822.0964 	EXP 	Device response: <KeyPress from None: t=816.3627396000011, value=z, duration=5.723229899998842>
823.0125 	EXP 	fixation: autoDraw = True
823.0125 	EXP 	line1: autoDraw = True
823.0125 	EXP 	line2: autoDraw = True
823.0125 	EXP 	line3: autoDraw = True
823.0125 	EXP 	line4: autoDraw = True
824.0130 	INFO 	Keyboard events cleared
824.0128 	EXP 	fixation: autoDraw = False
824.0128 	EXP 	probe: autoDraw = True
824.7143 	EXP 	Device response: <KeyPress from None: t=824.7120816000024, value=x, duration=None>
824.7147 	EXP 	New trial (rep=21, index=118): <Trial 118 (118 in rep 21) data={'pos': 150, 'corr_resp': 'v', 'thisN': 118, 'thisTrialN': 118, 'thisRepN': 21}>
824.7159 	DATA 	Keypress: x
824.7298 	EXP 	fixation: autoDraw = False
824.7298 	EXP 	line1: autoDraw = False
824.7298 	EXP 	line2: autoDraw = False
824.7298 	EXP 	line3: autoDraw = False
824.7298 	EXP 	line4: autoDraw = False
824.7298 	EXP 	probe: autoDraw = False
824.8138 	EXP 	Device response: <KeyPress from None: t=824.7120816000024, value=x, duration=0.09186729999782983>
825.7299 	EXP 	fixation: autoDraw = True
825.7299 	EXP 	line1: autoDraw = True
825.7299 	EXP 	line2: autoDraw = True
825.7299 	EXP 	line3: autoDraw = True
825.7299 	EXP 	line4: autoDraw = True
826.7141 	INFO 	Keyboard events cleared
826.7135 	EXP 	probe: autoDraw = True
826.7301 	EXP 	fixation: autoDraw = False
827.4658 	EXP 	Device response: <KeyPress from None: t=827.465120300003, value=v, duration=None>
827.4663 	EXP 	New trial (rep=38, index=119): <Trial 119 (119 in rep 38) data={'pos': -150, 'corr_resp': 'z', 'thisN': 119, 'thisTrialN': 119, 'thisRepN': 38}>
827.4684 	DATA 	Keypress: v
827.4819 	EXP 	fixation: autoDraw = False
827.4819 	EXP 	line1: autoDraw = False
827.4819 	EXP 	line2: autoDraw = False
827.4819 	EXP 	line3: autoDraw = False
827.4819 	EXP 	line4: autoDraw = False
827.4819 	EXP 	probe: autoDraw = False
827.5970 	EXP 	Device response: <KeyPress from None: t=827.465120300003, value=v, duration=0.13157509999655304>
828.4792 	EXP 	fixation: autoDraw = True
828.4792 	EXP 	line1: autoDraw = True
828.4792 	EXP 	line2: autoDraw = True
828.4792 	EXP 	line3: autoDraw = True
828.4792 	EXP 	line4: autoDraw = True
829.4794 	INFO 	Keyboard events cleared
829.4792 	EXP 	fixation: autoDraw = False
829.4792 	EXP 	probe: autoDraw = True
830.4794 	EXP 	Device response: <KeyPress from None: t=830.4744186999997, value=z, duration=None>
830.4799 	EXP 	New trial (rep=27, index=120): <Trial 120 (120 in rep 27) data={'pos': 50, 'corr_resp': 'c', 'thisN': 120, 'thisTrialN': 120, 'thisRepN': 27}>
830.4811 	DATA 	Keypress: z
830.4998 	EXP 	fixation: autoDraw = False
830.4998 	EXP 	line1: autoDraw = False
830.4998 	EXP 	line2: autoDraw = False
830.4998 	EXP 	line3: autoDraw = False
830.4998 	EXP 	line4: autoDraw = False
830.4998 	EXP 	probe: autoDraw = False
830.5830 	EXP 	Device response: <KeyPress from None: t=821.9924737000001, value=z, duration=8.58163710000008>
831.4806 	EXP 	fixation: autoDraw = True
831.4806 	EXP 	line1: autoDraw = True
831.4806 	EXP 	line2: autoDraw = True
831.4806 	EXP 	line3: autoDraw = True
831.4806 	EXP 	line4: autoDraw = True
832.4805 	INFO 	Keyboard events cleared
832.4803 	EXP 	probe: autoDraw = True
832.4959 	EXP 	fixation: autoDraw = False
833.5301 	EXP 	Device response: <KeyPress from None: t=833.5214500000002, value=c, duration=None>
833.5306 	EXP 	New trial (rep=28, index=121): <Trial 121 (121 in rep 28) data={'pos': 50, 'corr_resp': 'c', 'thisN': 121, 'thisTrialN': 121, 'thisRepN': 28}>
833.5318 	DATA 	Keypress: c
833.5453 	EXP 	fixation: autoDraw = False
833.5453 	EXP 	line1: autoDraw = False
833.5453 	EXP 	line2: autoDraw = False
833.5453 	EXP 	line3: autoDraw = False
833.5453 	EXP 	line4: autoDraw = False
833.5453 	EXP 	probe: autoDraw = False
833.5963 	EXP 	Device response: <KeyPress from None: t=819.1826395000026, value=c, duration=14.407947100000456>
834.5293 	EXP 	fixation: autoDraw = True
834.5293 	EXP 	line1: autoDraw = True
834.5293 	EXP 	line2: autoDraw = True
834.5293 	EXP 	line3: autoDraw = True
834.5293 	EXP 	line4: autoDraw = True
835.5301 	EXP 	fixation: autoDraw = False
835.5464 	INFO 	Keyboard events cleared
835.5462 	EXP 	probe: autoDraw = True
836.3970 	EXP 	Device response: <KeyPress from None: t=836.3947035000019, value=c, duration=None>
836.3974 	EXP 	New trial (rep=39, index=122): <Trial 122 (122 in rep 39) data={'pos': -150, 'corr_resp': 'z', 'thisN': 122, 'thisTrialN': 122, 'thisRepN': 39}>
836.3988 	DATA 	Keypress: c
836.4126 	EXP 	fixation: autoDraw = False
836.4126 	EXP 	line1: autoDraw = False
836.4126 	EXP 	line2: autoDraw = False
836.4126 	EXP 	line3: autoDraw = False
836.4126 	EXP 	line4: autoDraw = False
836.4126 	EXP 	probe: autoDraw = False
836.4639 	EXP 	Device response: <KeyPress from None: t=833.5214500000002, value=c, duration=2.930621200001042>
837.4129 	EXP 	fixation: autoDraw = True
837.4129 	EXP 	line1: autoDraw = True
837.4129 	EXP 	line2: autoDraw = True
837.4129 	EXP 	line3: autoDraw = True
837.4129 	EXP 	line4: autoDraw = True
838.4137 	INFO 	Keyboard events cleared
838.4135 	EXP 	fixation: autoDraw = False
838.4135 	EXP 	probe: autoDraw = True
839.8308 	EXP 	Device response: <KeyPress from None: t=839.8282304000022, value=z, duration=None>
839.8313 	EXP 	New trial (rep=22, index=123): <Trial 123 (123 in rep 22) data={'pos': 150, 'corr_resp': 'v', 'thisN': 123, 'thisTrialN': 123, 'thisRepN': 22}>
839.8325 	DATA 	Keypress: z
839.8456 	EXP 	fixation: autoDraw = False
839.8456 	EXP 	line1: autoDraw = False
839.8456 	EXP 	line2: autoDraw = False
839.8456 	EXP 	line3: autoDraw = False
839.8456 	EXP 	line4: autoDraw = False
839.8456 	EXP 	probe: autoDraw = False
839.8972 	EXP 	Device response: <KeyPress from None: t=830.4744186999997, value=z, duration=9.41366470000139>
840.8443 	EXP 	fixation: autoDraw = True
840.8443 	EXP 	line1: autoDraw = True
840.8443 	EXP 	line2: autoDraw = True
840.8443 	EXP 	line3: autoDraw = True
840.8443 	EXP 	line4: autoDraw = True
841.8464 	INFO 	Keyboard events cleared
841.8462 	EXP 	fixation: autoDraw = False
841.8462 	EXP 	probe: autoDraw = True
842.5318 	DATA 	Keypress: v
842.5473 	EXP 	Device response: <KeyPress from None: t=842.5312114000008, value=v, duration=None>
842.5478 	EXP 	New trial (rep=23, index=124): <Trial 124 (124 in rep 23) data={'pos': 150, 'corr_resp': 'v', 'thisN': 124, 'thisTrialN': 124, 'thisRepN': 23}>
842.5628 	EXP 	fixation: autoDraw = False
842.5628 	EXP 	line1: autoDraw = False
842.5628 	EXP 	line2: autoDraw = False
842.5628 	EXP 	line3: autoDraw = False
842.5628 	EXP 	line4: autoDraw = False
842.5628 	EXP 	probe: autoDraw = False
842.6138 	EXP 	Device response: <KeyPress from None: t=842.5312114000008, value=v, duration=0.06590920000235201>
843.5630 	EXP 	fixation: autoDraw = True
843.5630 	EXP 	line1: autoDraw = True
843.5630 	EXP 	line2: autoDraw = True
843.5630 	EXP 	line3: autoDraw = True
843.5630 	EXP 	line4: autoDraw = True
844.5604 	INFO 	Keyboard events cleared
844.5603 	EXP 	probe: autoDraw = True
844.5768 	EXP 	fixation: autoDraw = False
845.1818 	DATA 	Keypress: v
845.1971 	EXP 	Device response: <KeyPress from None: t=845.1807960000006, value=v, duration=None>
845.1975 	EXP 	New trial (rep=29, index=125): <Trial 125 (125 in rep 29) data={'pos': 50, 'corr_resp': 'c', 'thisN': 125, 'thisTrialN': 125, 'thisRepN': 29}>
845.2133 	EXP 	fixation: autoDraw = False
845.2133 	EXP 	line1: autoDraw = False
845.2133 	EXP 	line2: autoDraw = False
845.2133 	EXP 	line3: autoDraw = False
845.2133 	EXP 	line4: autoDraw = False
845.2133 	EXP 	probe: autoDraw = False
845.3305 	EXP 	Device response: <KeyPress from None: t=845.1807960000006, value=v, duration=0.1465347000012116>
846.2131 	EXP 	fixation: autoDraw = True
846.2131 	EXP 	line1: autoDraw = True
846.2131 	EXP 	line2: autoDraw = True
846.2131 	EXP 	line3: autoDraw = True
846.2131 	EXP 	line4: autoDraw = True
847.1962 	INFO 	Keyboard events cleared
847.1960 	EXP 	probe: autoDraw = True
847.2125 	EXP 	fixation: autoDraw = False
847.6487 	EXP 	Device response: <KeyPress from None: t=847.6450135000014, value=c, duration=None>
847.6491 	EXP 	New trial (rep=30, index=126): <Trial 126 (126 in rep 30) data={'pos': 50, 'corr_resp': 'c', 'thisN': 126, 'thisTrialN': 126, 'thisRepN': 30}>
847.6505 	DATA 	Keypress: c
847.6630 	EXP 	fixation: autoDraw = False
847.6630 	EXP 	line1: autoDraw = False
847.6630 	EXP 	line2: autoDraw = False
847.6630 	EXP 	line3: autoDraw = False
847.6630 	EXP 	line4: autoDraw = False
847.6630 	EXP 	probe: autoDraw = False
847.7630 	EXP 	Device response: <KeyPress from None: t=836.3947035000019, value=c, duration=11.36281500000041>
848.6628 	EXP 	fixation: autoDraw = True
848.6628 	EXP 	line1: autoDraw = True
848.6628 	EXP 	line2: autoDraw = True
848.6628 	EXP 	line3: autoDraw = True
848.6628 	EXP 	line4: autoDraw = True
849.6628 	INFO 	Keyboard events cleared
849.6626 	EXP 	probe: autoDraw = True
849.6800 	EXP 	fixation: autoDraw = False
850.2605 	EXP 	Device response: <KeyPress from None: t=850.2586967000025, value=c, duration=None>
850.2609 	EXP 	New trial (rep=40, index=127): <Trial 127 (127 in rep 40) data={'pos': -150, 'corr_resp': 'z', 'thisN': 127, 'thisTrialN': 127, 'thisRepN': 40}>
850.2620 	DATA 	Keypress: c
850.2773 	EXP 	fixation: autoDraw = False
850.2773 	EXP 	line1: autoDraw = False
850.2773 	EXP 	line2: autoDraw = False
850.2773 	EXP 	line3: autoDraw = False
850.2773 	EXP 	line4: autoDraw = False
850.2773 	EXP 	probe: autoDraw = False
850.3939 	EXP 	Device response: <KeyPress from None: t=847.6450135000014, value=c, duration=2.7444083000009414>
851.2658 	EXP 	fixation: autoDraw = True
851.2658 	EXP 	line1: autoDraw = True
851.2658 	EXP 	line2: autoDraw = True
851.2658 	EXP 	line3: autoDraw = True
851.2658 	EXP 	line4: autoDraw = True
852.2639 	INFO 	Keyboard events cleared
852.2637 	EXP 	probe: autoDraw = True
852.2795 	EXP 	fixation: autoDraw = False
853.0298 	EXP 	Device response: <KeyPress from None: t=853.0251805000007, value=z, duration=None>
853.0302 	EXP 	New trial (rep=24, index=128): <Trial 128 (128 in rep 24) data={'pos': 150, 'corr_resp': 'v', 'thisN': 128, 'thisTrialN': 128, 'thisRepN': 24}>
853.0315 	DATA 	Keypress: z
853.0443 	EXP 	fixation: autoDraw = False
853.0443 	EXP 	line1: autoDraw = False
853.0443 	EXP 	line2: autoDraw = False
853.0443 	EXP 	line3: autoDraw = False
853.0443 	EXP 	line4: autoDraw = False
853.0443 	EXP 	probe: autoDraw = False
853.1641 	EXP 	Device response: <KeyPress from None: t=839.8282304000022, value=z, duration=13.330407299999933>
854.0321 	EXP 	fixation: autoDraw = True
854.0321 	EXP 	line1: autoDraw = True
854.0321 	EXP 	line2: autoDraw = True
854.0321 	EXP 	line3: autoDraw = True
854.0321 	EXP 	line4: autoDraw = True
855.0457 	INFO 	Keyboard events cleared
855.0455 	EXP 	fixation: autoDraw = False
855.0455 	EXP 	probe: autoDraw = True
855.7485 	DATA 	Keypress: v
855.7633 	EXP 	Device response: <KeyPress from None: t=855.7479001000029, value=v, duration=None>
855.7638 	EXP 	New trial (rep=31, index=129): <Trial 129 (129 in rep 31) data={'pos': 50, 'corr_resp': 'c', 'thisN': 129, 'thisTrialN': 129, 'thisRepN': 31}>
855.7799 	EXP 	fixation: autoDraw = False
855.7799 	EXP 	line1: autoDraw = False
855.7799 	EXP 	line2: autoDraw = False
855.7799 	EXP 	line3: autoDraw = False
855.7799 	EXP 	line4: autoDraw = False
855.7799 	EXP 	probe: autoDraw = False
855.8634 	EXP 	Device response: <KeyPress from None: t=855.7479001000029, value=v, duration=0.10169219999806955>
856.7652 	EXP 	fixation: autoDraw = True
856.7652 	EXP 	line1: autoDraw = True
856.7652 	EXP 	line2: autoDraw = True
856.7652 	EXP 	line3: autoDraw = True
856.7652 	EXP 	line4: autoDraw = True
857.7795 	INFO 	Keyboard events cleared
857.7793 	EXP 	fixation: autoDraw = False
857.7793 	EXP 	probe: autoDraw = True
858.5007 	EXP 	Device response: <KeyPress from None: t=858.4991560000017, value=c, duration=None>
858.5015 	EXP 	New trial (rep=32, index=130): <Trial 130 (130 in rep 32) data={'pos': -50, 'corr_resp': 'x', 'thisN': 130, 'thisTrialN': 130, 'thisRepN': 32}>
858.5039 	DATA 	Keypress: c
858.5177 	EXP 	fixation: autoDraw = False
858.5177 	EXP 	line1: autoDraw = False
858.5177 	EXP 	line2: autoDraw = False
858.5177 	EXP 	line3: autoDraw = False
858.5177 	EXP 	line4: autoDraw = False
858.5177 	EXP 	probe: autoDraw = False
858.5996 	EXP 	Device response: <KeyPress from None: t=850.2586967000025, value=c, duration=8.335730799997691>
859.5128 	EXP 	fixation: autoDraw = True
859.5128 	EXP 	line1: autoDraw = True
859.5128 	EXP 	line2: autoDraw = True
859.5128 	EXP 	line3: autoDraw = True
859.5128 	EXP 	line4: autoDraw = True
860.5137 	INFO 	Keyboard events cleared
860.5135 	EXP 	fixation: autoDraw = False
860.5135 	EXP 	probe: autoDraw = True
861.2306 	EXP 	Device response: <KeyPress from None: t=861.2252848000026, value=x, duration=None>
861.2310 	EXP 	New trial (rep=32, index=131): <Trial 131 (131 in rep 32) data={'pos': 50, 'corr_resp': 'c', 'thisN': 131, 'thisTrialN': 131, 'thisRepN': 32}>
861.2324 	DATA 	Keypress: x
861.2478 	EXP 	fixation: autoDraw = False
861.2478 	EXP 	line1: autoDraw = False
861.2478 	EXP 	line2: autoDraw = False
861.2478 	EXP 	line3: autoDraw = False
861.2478 	EXP 	line4: autoDraw = False
861.2478 	EXP 	probe: autoDraw = False
861.3140 	EXP 	Device response: <KeyPress from None: t=861.2252848000026, value=x, duration=0.08579139999710605>
862.2463 	EXP 	fixation: autoDraw = True
862.2463 	EXP 	line1: autoDraw = True
862.2463 	EXP 	line2: autoDraw = True
862.2463 	EXP 	line3: autoDraw = True
862.2463 	EXP 	line4: autoDraw = True
863.2461 	INFO 	Keyboard events cleared
863.2459 	EXP 	fixation: autoDraw = False
863.2459 	EXP 	probe: autoDraw = True
864.3334 	EXP 	Device response: <KeyPress from None: t=864.325007200001, value=c, duration=None>
864.3349 	EXP 	New trial (rep=33, index=132): <Trial 132 (132 in rep 33) data={'pos': -50, 'corr_resp': 'x', 'thisN': 132, 'thisTrialN': 132, 'thisRepN': 33}>
864.3384 	DATA 	Keypress: c
864.3487 	EXP 	fixation: autoDraw = False
864.3487 	EXP 	line1: autoDraw = False
864.3487 	EXP 	line2: autoDraw = False
864.3487 	EXP 	line3: autoDraw = False
864.3487 	EXP 	line4: autoDraw = False
864.3487 	EXP 	probe: autoDraw = False
864.4321 	EXP 	Device response: <KeyPress from None: t=858.4991560000017, value=c, duration=5.921196399998735>
865.3494 	EXP 	fixation: autoDraw = True
865.3494 	EXP 	line1: autoDraw = True
865.3494 	EXP 	line2: autoDraw = True
865.3494 	EXP 	line3: autoDraw = True
865.3494 	EXP 	line4: autoDraw = True
866.3506 	INFO 	Keyboard events cleared
866.3503 	EXP 	probe: autoDraw = True
866.3659 	EXP 	fixation: autoDraw = False
867.3548 	DATA 	Keypress: x
867.3663 	EXP 	Device response: <KeyPress from None: t=867.3536975999996, value=x, duration=None>
867.3670 	EXP 	New trial (rep=33, index=133): <Trial 133 (133 in rep 33) data={'pos': 50, 'corr_resp': 'c', 'thisN': 133, 'thisTrialN': 133, 'thisRepN': 33}>
867.3819 	EXP 	fixation: autoDraw = False
867.3819 	EXP 	line1: autoDraw = False
867.3819 	EXP 	line2: autoDraw = False
867.3819 	EXP 	line3: autoDraw = False
867.3819 	EXP 	line4: autoDraw = False
867.3819 	EXP 	probe: autoDraw = False
867.4637 	EXP 	Device response: <KeyPress from None: t=867.3536975999996, value=x, duration=0.0977115000023332>
868.3654 	EXP 	fixation: autoDraw = True
868.3654 	EXP 	line1: autoDraw = True
868.3654 	EXP 	line2: autoDraw = True
868.3654 	EXP 	line3: autoDraw = True
868.3654 	EXP 	line4: autoDraw = True
869.3652 	EXP 	fixation: autoDraw = False
869.3818 	INFO 	Keyboard events cleared
869.3815 	EXP 	probe: autoDraw = True
870.0791 	EXP 	Device response: <KeyPress from None: t=870.0740693000007, value=c, duration=None>
870.0795 	EXP 	New trial (rep=34, index=134): <Trial 134 (134 in rep 34) data={'pos': -50, 'corr_resp': 'x', 'thisN': 134, 'thisTrialN': 134, 'thisRepN': 34}>
870.0804 	DATA 	Keypress: c
870.0960 	EXP 	fixation: autoDraw = False
870.0960 	EXP 	line1: autoDraw = False
870.0960 	EXP 	line2: autoDraw = False
870.0960 	EXP 	line3: autoDraw = False
870.0960 	EXP 	line4: autoDraw = False
870.0960 	EXP 	probe: autoDraw = False
870.2297 	EXP 	Device response: <KeyPress from None: t=864.325007200001, value=c, duration=5.8989837000008265>
871.0799 	EXP 	fixation: autoDraw = True
871.0799 	EXP 	line1: autoDraw = True
871.0799 	EXP 	line2: autoDraw = True
871.0799 	EXP 	line3: autoDraw = True
871.0799 	EXP 	line4: autoDraw = True
872.0797 	INFO 	Keyboard events cleared
872.0795 	EXP 	probe: autoDraw = True
872.0960 	EXP 	fixation: autoDraw = False
872.6151 	EXP 	Device response: <KeyPress from None: t=872.6120306000012, value=x, duration=None>
872.6155 	EXP 	New trial (rep=25, index=135): <Trial 135 (135 in rep 25) data={'pos': 150, 'corr_resp': 'v', 'thisN': 135, 'thisTrialN': 135, 'thisRepN': 25}>
872.6174 	DATA 	Keypress: x
872.6315 	EXP 	fixation: autoDraw = False
872.6315 	EXP 	line1: autoDraw = False
872.6315 	EXP 	line2: autoDraw = False
872.6315 	EXP 	line3: autoDraw = False
872.6315 	EXP 	line4: autoDraw = False
872.6315 	EXP 	probe: autoDraw = False
872.7836 	EXP 	Device response: <KeyPress from None: t=872.6120306000012, value=x, duration=0.16247179999845685>
873.6158 	EXP 	fixation: autoDraw = True
873.6158 	EXP 	line1: autoDraw = True
873.6158 	EXP 	line2: autoDraw = True
873.6158 	EXP 	line3: autoDraw = True
873.6158 	EXP 	line4: autoDraw = True
874.6291 	INFO 	Keyboard events cleared
874.6289 	EXP 	fixation: autoDraw = False
874.6289 	EXP 	probe: autoDraw = True
874.9982 	DATA 	Keypress: v
875.0132 	EXP 	Device response: <KeyPress from None: t=874.9967424000024, value=v, duration=None>
875.0137 	EXP 	New trial (rep=34, index=136): <Trial 136 (136 in rep 34) data={'pos': 50, 'corr_resp': 'c', 'thisN': 136, 'thisTrialN': 136, 'thisRepN': 34}>
875.0291 	EXP 	fixation: autoDraw = False
875.0291 	EXP 	line1: autoDraw = False
875.0291 	EXP 	line2: autoDraw = False
875.0291 	EXP 	line3: autoDraw = False
875.0291 	EXP 	line4: autoDraw = False
875.0291 	EXP 	probe: autoDraw = False
875.1292 	EXP 	Device response: <KeyPress from None: t=874.9967424000024, value=v, duration=0.12734869999985676>
876.0291 	EXP 	fixation: autoDraw = True
876.0291 	EXP 	line1: autoDraw = True
876.0291 	EXP 	line2: autoDraw = True
876.0291 	EXP 	line3: autoDraw = True
876.0291 	EXP 	line4: autoDraw = True
877.0283 	INFO 	Keyboard events cleared
877.0281 	EXP 	fixation: autoDraw = False
877.0281 	EXP 	probe: autoDraw = True
877.4617 	EXP 	Device response: <KeyPress from None: t=877.4549117999995, value=c, duration=None>
877.4621 	EXP 	New trial (rep=41, index=137): <Trial 137 (137 in rep 41) data={'pos': -150, 'corr_resp': 'z', 'thisN': 137, 'thisTrialN': 137, 'thisRepN': 41}>
877.4633 	DATA 	Keypress: c
877.4786 	EXP 	fixation: autoDraw = False
877.4786 	EXP 	line1: autoDraw = False
877.4786 	EXP 	line2: autoDraw = False
877.4786 	EXP 	line3: autoDraw = False
877.4786 	EXP 	line4: autoDraw = False
877.4786 	EXP 	probe: autoDraw = False
877.5938 	EXP 	Device response: <KeyPress from None: t=870.0740693000007, value=c, duration=7.505697700002202>
878.4621 	EXP 	fixation: autoDraw = True
878.4621 	EXP 	line1: autoDraw = True
878.4621 	EXP 	line2: autoDraw = True
878.4621 	EXP 	line3: autoDraw = True
878.4621 	EXP 	line4: autoDraw = True
879.4621 	INFO 	Keyboard events cleared
879.4619 	EXP 	fixation: autoDraw = False
879.4619 	EXP 	probe: autoDraw = True
879.8466 	EXP 	Device response: <KeyPress from None: t=879.8384003000028, value=z, duration=None>
879.8470 	EXP 	New trial (rep=26, index=138): <Trial 138 (138 in rep 26) data={'pos': 150, 'corr_resp': 'v', 'thisN': 138, 'thisTrialN': 138, 'thisRepN': 26}>
879.8483 	DATA 	Keypress: z
879.8621 	EXP 	fixation: autoDraw = False
879.8621 	EXP 	line1: autoDraw = False
879.8621 	EXP 	line2: autoDraw = False
879.8621 	EXP 	line3: autoDraw = False
879.8621 	EXP 	line4: autoDraw = False
879.8621 	EXP 	probe: autoDraw = False
880.0630 	EXP 	Device response: <KeyPress from None: t=853.0251805000007, value=z, duration=27.02471080000032>
880.8455 	EXP 	fixation: autoDraw = True
880.8455 	EXP 	line1: autoDraw = True
880.8455 	EXP 	line2: autoDraw = True
880.8455 	EXP 	line3: autoDraw = True
880.8455 	EXP 	line4: autoDraw = True
881.8458 	EXP 	fixation: autoDraw = False
881.8621 	INFO 	Keyboard events cleared
881.8619 	EXP 	probe: autoDraw = True
882.5668 	EXP 	Device response: <KeyPress from None: t=882.5612776000016, value=v, duration=None>
882.5681 	EXP 	New trial (rep=35, index=139): <Trial 139 (139 in rep 35) data={'pos': -50, 'corr_resp': 'x', 'thisN': 139, 'thisTrialN': 139, 'thisRepN': 35}>
882.5712 	DATA 	Keypress: v
882.5828 	EXP 	fixation: autoDraw = False
882.5828 	EXP 	line1: autoDraw = False
882.5828 	EXP 	line2: autoDraw = False
882.5828 	EXP 	line3: autoDraw = False
882.5828 	EXP 	line4: autoDraw = False
882.5828 	EXP 	probe: autoDraw = False
882.7329 	EXP 	Device response: <KeyPress from None: t=882.5612776000016, value=v, duration=0.16591549999793642>
883.5787 	EXP 	fixation: autoDraw = True
883.5787 	EXP 	line1: autoDraw = True
883.5787 	EXP 	line2: autoDraw = True
883.5787 	EXP 	line3: autoDraw = True
883.5787 	EXP 	line4: autoDraw = True
884.5792 	INFO 	Keyboard events cleared
884.5790 	EXP 	fixation: autoDraw = False
884.5790 	EXP 	probe: autoDraw = True
885.1476 	EXP 	Device response: <KeyPress from None: t=885.145203600001, value=x, duration=None>
885.1480 	EXP 	New trial (rep=27, index=140): <Trial 140 (140 in rep 27) data={'pos': 150, 'corr_resp': 'v', 'thisN': 140, 'thisTrialN': 140, 'thisRepN': 27}>
885.1493 	DATA 	Keypress: x
885.1620 	EXP 	fixation: autoDraw = False
885.1620 	EXP 	line1: autoDraw = False
885.1620 	EXP 	line2: autoDraw = False
885.1620 	EXP 	line3: autoDraw = False
885.1620 	EXP 	line4: autoDraw = False
885.1620 	EXP 	probe: autoDraw = False
885.2965 	EXP 	Device response: <KeyPress from None: t=885.145203600001, value=x, duration=0.14896959999896353>
886.1621 	EXP 	fixation: autoDraw = True
886.1621 	EXP 	line1: autoDraw = True
886.1621 	EXP 	line2: autoDraw = True
886.1621 	EXP 	line3: autoDraw = True
886.1621 	EXP 	line4: autoDraw = True
887.1618 	INFO 	Keyboard events cleared
887.1616 	EXP 	probe: autoDraw = True
887.1765 	EXP 	fixation: autoDraw = False
891.2212 	EXP 	Device response: <KeyPress from None: t=891.2090833000002, value=v, duration=None>
891.2217 	EXP 	New trial (rep=35, index=141): <Trial 141 (141 in rep 35) data={'pos': 50, 'corr_resp': 'c', 'thisN': 141, 'thisTrialN': 141, 'thisRepN': 35}>
891.2230 	DATA 	Keypress: v
891.2371 	EXP 	fixation: autoDraw = False
891.2371 	EXP 	line1: autoDraw = False
891.2371 	EXP 	line2: autoDraw = False
891.2371 	EXP 	line3: autoDraw = False
891.2371 	EXP 	line4: autoDraw = False
891.2371 	EXP 	probe: autoDraw = False
891.2872 	EXP 	Device response: <KeyPress from None: t=891.2090833000002, value=v, duration=0.07268110000222805>
892.2351 	EXP 	fixation: autoDraw = True
892.2351 	EXP 	line1: autoDraw = True
892.2351 	EXP 	line2: autoDraw = True
892.2351 	EXP 	line3: autoDraw = True
892.2351 	EXP 	line4: autoDraw = True
893.2372 	INFO 	Keyboard events cleared
893.2370 	EXP 	fixation: autoDraw = False
893.2370 	EXP 	probe: autoDraw = True
893.9377 	EXP 	Device response: <KeyPress from None: t=893.9298466, value=v, duration=None>
893.9381 	EXP 	New trial (rep=36, index=142): <Trial 142 (142 in rep 36) data={'pos': -50, 'corr_resp': 'x', 'thisN': 142, 'thisTrialN': 142, 'thisRepN': 36}>
893.9396 	DATA 	Keypress: v
893.9538 	EXP 	fixation: autoDraw = False
893.9538 	EXP 	line1: autoDraw = False
893.9538 	EXP 	line2: autoDraw = False
893.9538 	EXP 	line3: autoDraw = False
893.9538 	EXP 	line4: autoDraw = False
893.9538 	EXP 	probe: autoDraw = False
894.0214 	EXP 	Device response: <KeyPress from None: t=893.9298466, value=v, duration=0.08035279999967315>
894.9538 	EXP 	fixation: autoDraw = True
894.9538 	EXP 	line1: autoDraw = True
894.9538 	EXP 	line2: autoDraw = True
894.9538 	EXP 	line3: autoDraw = True
894.9538 	EXP 	line4: autoDraw = True
895.9376 	INFO 	Keyboard events cleared
895.9374 	EXP 	probe: autoDraw = True
895.9542 	EXP 	fixation: autoDraw = False
896.2873 	EXP 	Device response: <KeyPress from None: t=896.2835892000003, value=z, duration=None>
896.2882 	EXP 	New trial (rep=36, index=143): <Trial 143 (143 in rep 36) data={'pos': 50, 'corr_resp': 'c', 'thisN': 143, 'thisTrialN': 143, 'thisRepN': 36}>
896.2899 	DATA 	Keypress: z
896.3031 	EXP 	fixation: autoDraw = False
896.3031 	EXP 	line1: autoDraw = False
896.3031 	EXP 	line2: autoDraw = False
896.3031 	EXP 	line3: autoDraw = False
896.3031 	EXP 	line4: autoDraw = False
896.3031 	EXP 	probe: autoDraw = False
896.4372 	EXP 	Device response: <KeyPress from None: t=879.8384003000028, value=z, duration=16.59412319999683>
897.2876 	EXP 	fixation: autoDraw = True
897.2876 	EXP 	line1: autoDraw = True
897.2876 	EXP 	line2: autoDraw = True
897.2876 	EXP 	line3: autoDraw = True
897.2876 	EXP 	line4: autoDraw = True
898.1734 	EXP 	Device response: <KeyPress from None: t=898.1711078000008, value=z, duration=None>
898.1753 	DATA 	Keypress: z
898.2866 	EXP 	fixation: autoDraw = False
898.3039 	INFO 	Keyboard events cleared
898.3037 	EXP 	probe: autoDraw = True
898.3542 	EXP 	Device response: <KeyPress from None: t=896.2835892000003, value=z, duration=2.0656863000003796>
898.6214 	EXP 	Device response: <KeyPress from None: t=898.6165298000014, value=z, duration=None>
898.6218 	EXP 	New trial (rep=37, index=144): <Trial 144 (144 in rep 37) data={'pos': 50, 'corr_resp': 'c', 'thisN': 144, 'thisTrialN': 144, 'thisRepN': 37}>
898.6231 	DATA 	Keypress: z
898.6371 	EXP 	fixation: autoDraw = False
898.6371 	EXP 	line1: autoDraw = False
898.6371 	EXP 	line2: autoDraw = False
898.6371 	EXP 	line3: autoDraw = False
898.6371 	EXP 	line4: autoDraw = False
898.6371 	EXP 	probe: autoDraw = False
898.7548 	EXP 	Device response: <KeyPress from None: t=898.1711078000008, value=z, duration=0.5806384999996226>
899.6371 	EXP 	fixation: autoDraw = True
899.6371 	EXP 	line1: autoDraw = True
899.6371 	EXP 	line2: autoDraw = True
899.6371 	EXP 	line3: autoDraw = True
899.6371 	EXP 	line4: autoDraw = True
900.0901 	EXP 	Device response: <KeyPress from None: t=900.0837995000002, value=c, duration=None>
900.0929 	DATA 	Keypress: c
900.3048 	EXP 	Device response: <KeyPress from None: t=877.4549117999995, value=c, duration=22.83538150000095>
900.6380 	INFO 	Keyboard events cleared
900.6378 	EXP 	fixation: autoDraw = False
900.6378 	EXP 	probe: autoDraw = True
900.6879 	EXP 	Device response: <KeyPress from None: t=900.6869962000019, value=c, duration=None>
900.6885 	EXP 	New trial (rep=28, index=145): <Trial 145 (145 in rep 28) data={'pos': 150, 'corr_resp': 'v', 'thisN': 145, 'thisTrialN': 145, 'thisRepN': 28}>
900.6898 	DATA 	Keypress: c
900.7036 	EXP 	fixation: autoDraw = False
900.7036 	EXP 	line1: autoDraw = False
900.7036 	EXP 	line2: autoDraw = False
900.7036 	EXP 	line3: autoDraw = False
900.7036 	EXP 	line4: autoDraw = False
900.7036 	EXP 	probe: autoDraw = False
900.8878 	EXP 	Device response: <KeyPress from None: t=900.0837995000002, value=c, duration=0.8009817000020121>
901.7014 	EXP 	fixation: autoDraw = True
901.7014 	EXP 	line1: autoDraw = True
901.7014 	EXP 	line2: autoDraw = True
901.7014 	EXP 	line3: autoDraw = True
901.7014 	EXP 	line4: autoDraw = True
902.6873 	INFO 	Keyboard events cleared
902.6871 	EXP 	probe: autoDraw = True
902.7043 	EXP 	fixation: autoDraw = False
903.1539 	EXP 	Device response: <KeyPress from None: t=903.1481650000023, value=v, duration=None>
903.1544 	EXP 	New trial (rep=42, index=146): <Trial 146 (146 in rep 42) data={'pos': -150, 'corr_resp': 'z', 'thisN': 146, 'thisTrialN': 146, 'thisRepN': 42}>
903.1556 	DATA 	Keypress: v
903.1708 	EXP 	fixation: autoDraw = False
903.1708 	EXP 	line1: autoDraw = False
903.1708 	EXP 	line2: autoDraw = False
903.1708 	EXP 	line3: autoDraw = False
903.1708 	EXP 	line4: autoDraw = False
903.1708 	EXP 	probe: autoDraw = False
903.3541 	EXP 	Device response: <KeyPress from None: t=903.1481650000023, value=v, duration=0.19763869999951567>
904.1541 	EXP 	fixation: autoDraw = True
904.1541 	EXP 	line1: autoDraw = True
904.1541 	EXP 	line2: autoDraw = True
904.1541 	EXP 	line3: autoDraw = True
904.1541 	EXP 	line4: autoDraw = True
905.1572 	INFO 	Keyboard events cleared
905.1570 	EXP 	fixation: autoDraw = False
905.1570 	EXP 	probe: autoDraw = True
905.7702 	EXP 	Device response: <KeyPress from None: t=905.7648107000023, value=z, duration=None>
905.7706 	EXP 	New trial (rep=29, index=147): <Trial 147 (147 in rep 29) data={'pos': 150, 'corr_resp': 'v', 'thisN': 147, 'thisTrialN': 147, 'thisRepN': 29}>
905.7719 	DATA 	Keypress: z
905.7872 	EXP 	fixation: autoDraw = False
905.7872 	EXP 	line1: autoDraw = False
905.7872 	EXP 	line2: autoDraw = False
905.7872 	EXP 	line3: autoDraw = False
905.7872 	EXP 	line4: autoDraw = False
905.7872 	EXP 	probe: autoDraw = False
906.0038 	EXP 	Device response: <KeyPress from None: t=898.6165298000014, value=z, duration=7.384346999999252>
906.7703 	EXP 	fixation: autoDraw = True
906.7703 	EXP 	line1: autoDraw = True
906.7703 	EXP 	line2: autoDraw = True
906.7703 	EXP 	line3: autoDraw = True
906.7703 	EXP 	line4: autoDraw = True
907.7705 	INFO 	Keyboard events cleared
907.7703 	EXP 	fixation: autoDraw = False
907.7703 	EXP 	probe: autoDraw = True
908.3225 	EXP 	Device response: <KeyPress from None: t=908.3222134999996, value=v, duration=None>
908.3230 	EXP 	New trial (rep=30, index=148): <Trial 148 (148 in rep 30) data={'pos': 150, 'corr_resp': 'v', 'thisN': 148, 'thisTrialN': 148, 'thisRepN': 30}>
908.3243 	DATA 	Keypress: v
908.3370 	EXP 	fixation: autoDraw = False
908.3370 	EXP 	line1: autoDraw = False
908.3370 	EXP 	line2: autoDraw = False
908.3370 	EXP 	line3: autoDraw = False
908.3370 	EXP 	line4: autoDraw = False
908.3370 	EXP 	probe: autoDraw = False
908.5375 	EXP 	Device response: <KeyPress from None: t=908.3222134999996, value=v, duration=0.20150270000158343>
909.3366 	EXP 	fixation: autoDraw = True
909.3366 	EXP 	line1: autoDraw = True
909.3366 	EXP 	line2: autoDraw = True
909.3366 	EXP 	line3: autoDraw = True
909.3366 	EXP 	line4: autoDraw = True
910.3380 	INFO 	Keyboard events cleared
910.3378 	EXP 	fixation: autoDraw = False
910.3378 	EXP 	probe: autoDraw = True
910.8538 	EXP 	Device response: <KeyPress from None: t=910.8488936000031, value=v, duration=None>
910.8542 	EXP 	New trial (rep=31, index=149): <Trial 149 (149 in rep 31) data={'pos': 150, 'corr_resp': 'v', 'thisN': 149, 'thisTrialN': 149, 'thisRepN': 31}>
910.8555 	DATA 	Keypress: v
910.8706 	EXP 	fixation: autoDraw = False
910.8706 	EXP 	line1: autoDraw = False
910.8706 	EXP 	line2: autoDraw = False
910.8706 	EXP 	line3: autoDraw = False
910.8706 	EXP 	line4: autoDraw = False
910.8706 	EXP 	probe: autoDraw = False
911.0035 	EXP 	Device response: <KeyPress from None: t=910.8488936000031, value=v, duration=0.14708769999924698>
911.8535 	EXP 	fixation: autoDraw = True
911.8535 	EXP 	line1: autoDraw = True
911.8535 	EXP 	line2: autoDraw = True
911.8535 	EXP 	line3: autoDraw = True
911.8535 	EXP 	line4: autoDraw = True
912.8547 	INFO 	Keyboard events cleared
912.8544 	EXP 	fixation: autoDraw = False
912.8544 	EXP 	probe: autoDraw = True
913.4381 	EXP 	Device response: <KeyPress from None: t=913.433531900002, value=v, duration=None>
913.4385 	EXP 	New trial (rep=32, index=150): <Trial 150 (150 in rep 32) data={'pos': 150, 'corr_resp': 'v', 'thisN': 150, 'thisTrialN': 150, 'thisRepN': 32}>
913.4398 	DATA 	Keypress: v
913.4537 	EXP 	fixation: autoDraw = False
913.4537 	EXP 	line1: autoDraw = False
913.4537 	EXP 	line2: autoDraw = False
913.4537 	EXP 	line3: autoDraw = False
913.4537 	EXP 	line4: autoDraw = False
913.4537 	EXP 	probe: autoDraw = False
913.6594 	EXP 	Device response: <KeyPress from None: t=913.433531900002, value=v, duration=0.21577369999795337>
914.4399 	EXP 	fixation: autoDraw = True
914.4399 	EXP 	line1: autoDraw = True
914.4399 	EXP 	line2: autoDraw = True
914.4399 	EXP 	line3: autoDraw = True
914.4399 	EXP 	line4: autoDraw = True
915.4405 	INFO 	Keyboard events cleared
915.4402 	EXP 	fixation: autoDraw = False
915.4402 	EXP 	probe: autoDraw = True
915.9594 	EXP 	Device response: <KeyPress from None: t=915.9550858000002, value=v, duration=None>
915.9601 	EXP 	New trial (rep=37, index=151): <Trial 151 (151 in rep 37) data={'pos': -50, 'corr_resp': 'x', 'thisN': 151, 'thisTrialN': 151, 'thisRepN': 37}>
915.9641 	DATA 	Keypress: v
915.9866 	EXP 	fixation: autoDraw = False
915.9866 	EXP 	line1: autoDraw = False
915.9866 	EXP 	line2: autoDraw = False
915.9866 	EXP 	line3: autoDraw = False
915.9866 	EXP 	line4: autoDraw = False
915.9866 	EXP 	probe: autoDraw = False
916.1910 	EXP 	Device response: <KeyPress from None: t=915.9550858000002, value=v, duration=0.22444520000135526>
916.9739 	EXP 	fixation: autoDraw = True
916.9739 	EXP 	line1: autoDraw = True
916.9739 	EXP 	line2: autoDraw = True
916.9739 	EXP 	line3: autoDraw = True
916.9739 	EXP 	line4: autoDraw = True
917.9728 	INFO 	Keyboard events cleared
917.9726 	EXP 	probe: autoDraw = True
917.9883 	EXP 	fixation: autoDraw = False
918.5233 	EXP 	Device response: <KeyPress from None: t=918.5185652, value=x, duration=None>
918.5239 	EXP 	New trial (rep=38, index=152): <Trial 152 (152 in rep 38) data={'pos': -50, 'corr_resp': 'x', 'thisN': 152, 'thisTrialN': 152, 'thisRepN': 38}>
918.5260 	DATA 	Keypress: x
918.5394 	EXP 	fixation: autoDraw = False
918.5394 	EXP 	line1: autoDraw = False
918.5394 	EXP 	line2: autoDraw = False
918.5394 	EXP 	line3: autoDraw = False
918.5394 	EXP 	line4: autoDraw = False
918.5394 	EXP 	probe: autoDraw = False
918.6542 	EXP 	Device response: <KeyPress from None: t=918.5185652, value=x, duration=0.12845350000134204>
919.5232 	EXP 	fixation: autoDraw = True
919.5232 	EXP 	line1: autoDraw = True
919.5232 	EXP 	line2: autoDraw = True
919.5232 	EXP 	line3: autoDraw = True
919.5232 	EXP 	line4: autoDraw = True
920.5371 	INFO 	Keyboard events cleared
920.5369 	EXP 	fixation: autoDraw = False
920.5369 	EXP 	probe: autoDraw = True
920.9712 	EXP 	Device response: <KeyPress from None: t=920.9639539000018, value=x, duration=None>
920.9716 	EXP 	New trial (rep=43, index=153): <Trial 153 (153 in rep 43) data={'pos': -150, 'corr_resp': 'z', 'thisN': 153, 'thisTrialN': 153, 'thisRepN': 43}>
920.9729 	DATA 	Keypress: x
920.9863 	EXP 	fixation: autoDraw = False
920.9863 	EXP 	line1: autoDraw = False
920.9863 	EXP 	line2: autoDraw = False
920.9863 	EXP 	line3: autoDraw = False
920.9863 	EXP 	line4: autoDraw = False
920.9863 	EXP 	probe: autoDraw = False
921.0706 	EXP 	Device response: <KeyPress from None: t=920.9639539000018, value=x, duration=0.10147710000092047>
921.9874 	EXP 	fixation: autoDraw = True
921.9874 	EXP 	line1: autoDraw = True
921.9874 	EXP 	line2: autoDraw = True
921.9874 	EXP 	line3: autoDraw = True
921.9874 	EXP 	line4: autoDraw = True
922.9870 	INFO 	Keyboard events cleared
922.9868 	EXP 	fixation: autoDraw = False
922.9868 	EXP 	probe: autoDraw = True
923.5206 	EXP 	Device response: <KeyPress from None: t=923.5089492000006, value=z, duration=None>
923.5210 	EXP 	New trial (rep=33, index=154): <Trial 154 (154 in rep 33) data={'pos': 150, 'corr_resp': 'v', 'thisN': 154, 'thisTrialN': 154, 'thisRepN': 33}>
923.5223 	DATA 	Keypress: z
923.5368 	EXP 	fixation: autoDraw = False
923.5368 	EXP 	line1: autoDraw = False
923.5368 	EXP 	line2: autoDraw = False
923.5368 	EXP 	line3: autoDraw = False
923.5368 	EXP 	line4: autoDraw = False
923.5368 	EXP 	probe: autoDraw = False
923.6875 	EXP 	Device response: <KeyPress from None: t=905.7648107000023, value=z, duration=17.91183749999982>
924.5236 	EXP 	fixation: autoDraw = True
924.5236 	EXP 	line1: autoDraw = True
924.5236 	EXP 	line2: autoDraw = True
924.5236 	EXP 	line3: autoDraw = True
924.5236 	EXP 	line4: autoDraw = True
925.5214 	INFO 	Keyboard events cleared
925.5212 	EXP 	probe: autoDraw = True
925.5372 	EXP 	fixation: autoDraw = False
926.0372 	EXP 	Device response: <KeyPress from None: t=926.0296968000002, value=v, duration=None>
926.0376 	EXP 	New trial (rep=34, index=155): <Trial 155 (155 in rep 34) data={'pos': 150, 'corr_resp': 'v', 'thisN': 155, 'thisTrialN': 155, 'thisRepN': 34}>
926.0397 	DATA 	Keypress: v
926.0541 	EXP 	fixation: autoDraw = False
926.0541 	EXP 	line1: autoDraw = False
926.0541 	EXP 	line2: autoDraw = False
926.0541 	EXP 	line3: autoDraw = False
926.0541 	EXP 	line4: autoDraw = False
926.0541 	EXP 	probe: autoDraw = False
926.2869 	EXP 	Device response: <KeyPress from None: t=926.0296968000002, value=v, duration=0.25083939999967697>
927.0403 	EXP 	fixation: autoDraw = True
927.0403 	EXP 	line1: autoDraw = True
927.0403 	EXP 	line2: autoDraw = True
927.0403 	EXP 	line3: autoDraw = True
927.0403 	EXP 	line4: autoDraw = True
928.0388 	INFO 	Keyboard events cleared
928.0385 	EXP 	fixation: autoDraw = False
928.0385 	EXP 	probe: autoDraw = True
928.5262 	DATA 	Keypress: v
928.5383 	EXP 	Device response: <KeyPress from None: t=928.5238984999996, value=v, duration=None>
928.5387 	EXP 	New trial (rep=35, index=156): <Trial 156 (156 in rep 35) data={'pos': 150, 'corr_resp': 'v', 'thisN': 156, 'thisTrialN': 156, 'thisRepN': 35}>
928.5539 	EXP 	fixation: autoDraw = False
928.5539 	EXP 	line1: autoDraw = False
928.5539 	EXP 	line2: autoDraw = False
928.5539 	EXP 	line3: autoDraw = False
928.5539 	EXP 	line4: autoDraw = False
928.5539 	EXP 	probe: autoDraw = False
928.7542 	EXP 	Device response: <KeyPress from None: t=928.5238984999996, value=v, duration=0.2255172000004677>
929.5394 	EXP 	fixation: autoDraw = True
929.5394 	EXP 	line1: autoDraw = True
929.5394 	EXP 	line2: autoDraw = True
929.5394 	EXP 	line3: autoDraw = True
929.5394 	EXP 	line4: autoDraw = True
930.5539 	INFO 	Keyboard events cleared
930.5537 	EXP 	fixation: autoDraw = False
930.5537 	EXP 	probe: autoDraw = True
930.9405 	EXP 	Device response: <KeyPress from None: t=930.9351758000012, value=v, duration=None>
930.9410 	EXP 	New trial (rep=38, index=157): <Trial 157 (157 in rep 38) data={'pos': 50, 'corr_resp': 'c', 'thisN': 157, 'thisTrialN': 157, 'thisRepN': 38}>
930.9436 	DATA 	Keypress: v
930.9542 	EXP 	fixation: autoDraw = False
930.9542 	EXP 	line1: autoDraw = False
930.9542 	EXP 	line2: autoDraw = False
930.9542 	EXP 	line3: autoDraw = False
930.9542 	EXP 	line4: autoDraw = False
930.9542 	EXP 	probe: autoDraw = False
931.1374 	EXP 	Device response: <KeyPress from None: t=930.9351758000012, value=v, duration=0.2014512999994622>
931.9510 	EXP 	fixation: autoDraw = True
931.9510 	EXP 	line1: autoDraw = True
931.9510 	EXP 	line2: autoDraw = True
931.9510 	EXP 	line3: autoDraw = True
931.9510 	EXP 	line4: autoDraw = True
932.9535 	INFO 	Keyboard events cleared
932.9533 	EXP 	fixation: autoDraw = False
932.9533 	EXP 	probe: autoDraw = True
933.3373 	EXP 	Device response: <KeyPress from None: t=933.3329102999996, value=c, duration=None>
933.3377 	EXP 	New trial (rep=39, index=158): <Trial 158 (158 in rep 39) data={'pos': 50, 'corr_resp': 'c', 'thisN': 158, 'thisTrialN': 158, 'thisRepN': 39}>
933.3389 	DATA 	Keypress: c
933.3529 	EXP 	fixation: autoDraw = False
933.3529 	EXP 	line1: autoDraw = False
933.3529 	EXP 	line2: autoDraw = False
933.3529 	EXP 	line3: autoDraw = False
933.3529 	EXP 	line4: autoDraw = False
933.3529 	EXP 	probe: autoDraw = False
933.5388 	EXP 	Device response: <KeyPress from None: t=900.6869962000019, value=c, duration=32.85149029999957>
934.3367 	EXP 	fixation: autoDraw = True
934.3367 	EXP 	line1: autoDraw = True
934.3367 	EXP 	line2: autoDraw = True
934.3367 	EXP 	line3: autoDraw = True
934.3367 	EXP 	line4: autoDraw = True
935.3368 	INFO 	Keyboard events cleared
935.3366 	EXP 	fixation: autoDraw = False
935.3366 	EXP 	probe: autoDraw = True
935.8209 	EXP 	Device response: <KeyPress from None: t=935.8059609000011, value=c, duration=None>
935.8213 	EXP 	New trial (rep=36, index=159): <Trial 159 (159 in rep 36) data={'pos': 150, 'corr_resp': 'v', 'thisN': 159, 'thisTrialN': 159, 'thisRepN': 36}>
935.8226 	DATA 	Keypress: c
935.8364 	EXP 	fixation: autoDraw = False
935.8364 	EXP 	line1: autoDraw = False
935.8364 	EXP 	line2: autoDraw = False
935.8364 	EXP 	line3: autoDraw = False
935.8364 	EXP 	line4: autoDraw = False
935.8364 	EXP 	probe: autoDraw = False
935.9870 	EXP 	Device response: <KeyPress from None: t=933.3329102999996, value=c, duration=2.645628400001442>
936.8344 	EXP 	fixation: autoDraw = True
936.8344 	EXP 	line1: autoDraw = True
936.8344 	EXP 	line2: autoDraw = True
936.8344 	EXP 	line3: autoDraw = True
936.8344 	EXP 	line4: autoDraw = True
937.8199 	INFO 	Keyboard events cleared
937.8196 	EXP 	probe: autoDraw = True
937.8374 	EXP 	fixation: autoDraw = False
938.4541 	EXP 	Device response: <KeyPress from None: t=938.4450671000013, value=v, duration=None>
938.4545 	EXP 	New trial (rep=40, index=160): <Trial 160 (160 in rep 40) data={'pos': 50, 'corr_resp': 'c', 'thisN': 160, 'thisTrialN': 160, 'thisRepN': 40}>
938.4558 	DATA 	Keypress: v
938.4703 	EXP 	fixation: autoDraw = False
938.4703 	EXP 	line1: autoDraw = False
938.4703 	EXP 	line2: autoDraw = False
938.4703 	EXP 	line3: autoDraw = False
938.4703 	EXP 	line4: autoDraw = False
938.4703 	EXP 	probe: autoDraw = False
938.6205 	EXP 	Device response: <KeyPress from None: t=938.4450671000013, value=v, duration=0.1686931000003824>
939.4542 	EXP 	fixation: autoDraw = True
939.4542 	EXP 	line1: autoDraw = True
939.4542 	EXP 	line2: autoDraw = True
939.4542 	EXP 	line3: autoDraw = True
939.4542 	EXP 	line4: autoDraw = True
940.4533 	EXP 	fixation: autoDraw = False
940.4699 	INFO 	Keyboard events cleared
940.4697 	EXP 	probe: autoDraw = True
941.0395 	EXP 	Device response: <KeyPress from None: t=941.0372325000026, value=c, duration=None>
941.0399 	EXP 	New trial (rep=41, index=161): <Trial 161 (161 in rep 41) data={'pos': 50, 'corr_resp': 'c', 'thisN': 161, 'thisTrialN': 161, 'thisRepN': 41}>
941.0413 	DATA 	Keypress: c
941.0536 	EXP 	fixation: autoDraw = False
941.0536 	EXP 	line1: autoDraw = False
941.0536 	EXP 	line2: autoDraw = False
941.0536 	EXP 	line3: autoDraw = False
941.0536 	EXP 	line4: autoDraw = False
941.0536 	EXP 	probe: autoDraw = False
941.1877 	EXP 	Device response: <KeyPress from None: t=935.8059609000011, value=c, duration=5.379758600000059>
942.0516 	EXP 	fixation: autoDraw = True
942.0516 	EXP 	line1: autoDraw = True
942.0516 	EXP 	line2: autoDraw = True
942.0516 	EXP 	line3: autoDraw = True
942.0516 	EXP 	line4: autoDraw = True
943.0517 	INFO 	Keyboard events cleared
943.0516 	EXP 	fixation: autoDraw = False
943.0516 	EXP 	probe: autoDraw = True
943.5681 	EXP 	Device response: <KeyPress from None: t=943.5590905000026, value=c, duration=None>
943.5682 	EXP 	New trial (rep=44, index=162): <Trial 162 (162 in rep 44) data={'pos': -150, 'corr_resp': 'z', 'thisN': 162, 'thisTrialN': 162, 'thisRepN': 44}>
943.5687 	DATA 	Keypress: c
943.5881 	EXP 	fixation: autoDraw = False
943.5881 	EXP 	line1: autoDraw = False
943.5881 	EXP 	line2: autoDraw = False
943.5881 	EXP 	line3: autoDraw = False
943.5881 	EXP 	line4: autoDraw = False
943.5881 	EXP 	probe: autoDraw = False
943.7351 	EXP 	Device response: <KeyPress from None: t=941.0372325000026, value=c, duration=2.6834315999985847>
944.5676 	EXP 	fixation: autoDraw = True
944.5676 	EXP 	line1: autoDraw = True
944.5676 	EXP 	line2: autoDraw = True
944.5676 	EXP 	line3: autoDraw = True
944.5676 	EXP 	line4: autoDraw = True
945.5702 	INFO 	Keyboard events cleared
945.5701 	EXP 	fixation: autoDraw = False
945.5701 	EXP 	probe: autoDraw = True
946.2035 	EXP 	Device response: <KeyPress from None: t=946.1985194000008, value=c, duration=None>
946.2039 	EXP 	New trial (rep=42, index=163): <Trial 163 (163 in rep 42) data={'pos': 50, 'corr_resp': 'c', 'thisN': 163, 'thisTrialN': 163, 'thisRepN': 42}>
946.2048 	DATA 	Keypress: c
946.2201 	EXP 	fixation: autoDraw = False
946.2201 	EXP 	line1: autoDraw = False
946.2201 	EXP 	line2: autoDraw = False
946.2201 	EXP 	line3: autoDraw = False
946.2201 	EXP 	line4: autoDraw = False
946.2201 	EXP 	probe: autoDraw = False
946.3883 	EXP 	Device response: <KeyPress from None: t=943.5590905000026, value=c, duration=2.815670299998601>
947.2174 	EXP 	fixation: autoDraw = True
947.2174 	EXP 	line1: autoDraw = True
947.2174 	EXP 	line2: autoDraw = True
947.2174 	EXP 	line3: autoDraw = True
947.2174 	EXP 	line4: autoDraw = True
948.2035 	INFO 	Keyboard events cleared
948.2033 	EXP 	probe: autoDraw = True
948.2202 	EXP 	fixation: autoDraw = False
948.5542 	EXP 	Device response: <KeyPress from None: t=948.5417716000011, value=c, duration=None>
948.5547 	EXP 	New trial (rep=43, index=164): <Trial 164 (164 in rep 43) data={'pos': 50, 'corr_resp': 'c', 'thisN': 164, 'thisTrialN': 164, 'thisRepN': 43}>
948.5561 	DATA 	Keypress: c
948.5701 	EXP 	fixation: autoDraw = False
948.5701 	EXP 	line1: autoDraw = False
948.5701 	EXP 	line2: autoDraw = False
948.5701 	EXP 	line3: autoDraw = False
948.5701 	EXP 	line4: autoDraw = False
948.5701 	EXP 	probe: autoDraw = False
948.6716 	EXP 	Device response: <KeyPress from None: t=946.1985194000008, value=c, duration=2.463614399999642>
949.5714 	EXP 	fixation: autoDraw = True
949.5714 	EXP 	line1: autoDraw = True
949.5714 	EXP 	line2: autoDraw = True
949.5714 	EXP 	line3: autoDraw = True
949.5714 	EXP 	line4: autoDraw = True
950.5676 	INFO 	Keyboard events cleared
950.5675 	EXP 	probe: autoDraw = True
950.5868 	EXP 	fixation: autoDraw = False
950.9720 	EXP 	Device response: <KeyPress from None: t=950.9586369000026, value=c, duration=None>
950.9725 	EXP 	New trial (rep=44, index=165): <Trial 165 (165 in rep 44) data={'pos': 50, 'corr_resp': 'c', 'thisN': 165, 'thisTrialN': 165, 'thisRepN': 44}>
950.9755 	DATA 	Keypress: c
950.9884 	EXP 	fixation: autoDraw = False
950.9884 	EXP 	line1: autoDraw = False
950.9884 	EXP 	line2: autoDraw = False
950.9884 	EXP 	line3: autoDraw = False
950.9884 	EXP 	line4: autoDraw = False
950.9884 	EXP 	probe: autoDraw = False
951.1371 	EXP 	Device response: <KeyPress from None: t=948.5417716000011, value=c, duration=2.585699700000987>
951.9871 	EXP 	fixation: autoDraw = True
951.9871 	EXP 	line1: autoDraw = True
951.9871 	EXP 	line2: autoDraw = True
951.9871 	EXP 	line3: autoDraw = True
951.9871 	EXP 	line4: autoDraw = True
952.9873 	INFO 	Keyboard events cleared
952.9871 	EXP 	fixation: autoDraw = False
952.9871 	EXP 	probe: autoDraw = True
953.3537 	EXP 	Device response: <KeyPress from None: t=953.344076100002, value=c, duration=None>
953.3541 	EXP 	New trial (rep=39, index=166): <Trial 166 (166 in rep 39) data={'pos': -50, 'corr_resp': 'x', 'thisN': 166, 'thisTrialN': 166, 'thisRepN': 39}>
953.3554 	DATA 	Keypress: c
953.3700 	EXP 	fixation: autoDraw = False
953.3700 	EXP 	line1: autoDraw = False
953.3700 	EXP 	line2: autoDraw = False
953.3700 	EXP 	line3: autoDraw = False
953.3700 	EXP 	line4: autoDraw = False
953.3700 	EXP 	probe: autoDraw = False
953.5409 	EXP 	Device response: <KeyPress from None: t=950.9586369000026, value=c, duration=2.576093799998489>
954.3560 	EXP 	fixation: autoDraw = True
954.3560 	EXP 	line1: autoDraw = True
954.3560 	EXP 	line2: autoDraw = True
954.3560 	EXP 	line3: autoDraw = True
954.3560 	EXP 	line4: autoDraw = True
955.3558 	INFO 	Keyboard events cleared
955.3554 	EXP 	fixation: autoDraw = False
955.3554 	EXP 	probe: autoDraw = True
955.9869 	EXP 	Device response: <KeyPress from None: t=955.9776366000006, value=x, duration=None>
955.9874 	EXP 	New trial (rep=37, index=167): <Trial 167 (167 in rep 37) data={'pos': 150, 'corr_resp': 'v', 'thisN': 167, 'thisTrialN': 167, 'thisRepN': 37}>
955.9912 	DATA 	Keypress: x
956.0023 	EXP 	fixation: autoDraw = False
956.0023 	EXP 	line1: autoDraw = False
956.0023 	EXP 	line2: autoDraw = False
956.0023 	EXP 	line3: autoDraw = False
956.0023 	EXP 	line4: autoDraw = False
956.0023 	EXP 	probe: autoDraw = False
956.0682 	EXP 	Device response: <KeyPress from None: t=955.9776366000006, value=x, duration=0.07532160000118893>
956.9860 	EXP 	fixation: autoDraw = True
956.9860 	EXP 	line1: autoDraw = True
956.9860 	EXP 	line2: autoDraw = True
956.9860 	EXP 	line3: autoDraw = True
956.9860 	EXP 	line4: autoDraw = True
957.9871 	INFO 	Keyboard events cleared
957.9869 	EXP 	fixation: autoDraw = False
957.9869 	EXP 	probe: autoDraw = True
958.6399 	DATA 	Keypress: v
958.6550 	EXP 	Device response: <KeyPress from None: t=958.639270300002, value=v, duration=None>
958.6555 	EXP 	New trial (rep=45, index=168): <Trial 168 (168 in rep 45) data={'pos': 50, 'corr_resp': 'c', 'thisN': 168, 'thisTrialN': 168, 'thisRepN': 45}>
958.6702 	EXP 	fixation: autoDraw = False
958.6702 	EXP 	line1: autoDraw = False
958.6702 	EXP 	line2: autoDraw = False
958.6702 	EXP 	line3: autoDraw = False
958.6702 	EXP 	line4: autoDraw = False
958.6702 	EXP 	probe: autoDraw = False
958.7869 	EXP 	Device response: <KeyPress from None: t=958.639270300002, value=v, duration=0.14059590000033495>
959.6701 	EXP 	fixation: autoDraw = True
959.6701 	EXP 	line1: autoDraw = True
959.6701 	EXP 	line2: autoDraw = True
959.6701 	EXP 	line3: autoDraw = True
959.6701 	EXP 	line4: autoDraw = True
960.6571 	INFO 	Keyboard events cleared
960.6568 	EXP 	probe: autoDraw = True
960.6729 	EXP 	fixation: autoDraw = False
961.2389 	EXP 	Device response: <KeyPress from None: t=961.2360896000027, value=c, duration=None>
961.2394 	EXP 	New trial (rep=46, index=169): <Trial 169 (169 in rep 46) data={'pos': 50, 'corr_resp': 'c', 'thisN': 169, 'thisTrialN': 169, 'thisRepN': 46}>
961.2408 	DATA 	Keypress: c
961.2539 	EXP 	fixation: autoDraw = False
961.2539 	EXP 	line1: autoDraw = False
961.2539 	EXP 	line2: autoDraw = False
961.2539 	EXP 	line3: autoDraw = False
961.2539 	EXP 	line4: autoDraw = False
961.2539 	EXP 	probe: autoDraw = False
961.3694 	EXP 	Device response: <KeyPress from None: t=953.344076100002, value=c, duration=8.01187199999913>
962.2376 	EXP 	fixation: autoDraw = True
962.2376 	EXP 	line1: autoDraw = True
962.2376 	EXP 	line2: autoDraw = True
962.2376 	EXP 	line3: autoDraw = True
962.2376 	EXP 	line4: autoDraw = True
963.2537 	INFO 	Keyboard events cleared
963.2535 	EXP 	fixation: autoDraw = False
963.2535 	EXP 	probe: autoDraw = True
963.8375 	EXP 	Device response: <KeyPress from None: t=963.8288094000018, value=c, duration=None>
963.8380 	EXP 	New trial (rep=45, index=170): <Trial 170 (170 in rep 45) data={'pos': -150, 'corr_resp': 'z', 'thisN': 170, 'thisTrialN': 170, 'thisRepN': 45}>
963.8394 	DATA 	Keypress: c
963.8536 	EXP 	fixation: autoDraw = False
963.8536 	EXP 	line1: autoDraw = False
963.8536 	EXP 	line2: autoDraw = False
963.8536 	EXP 	line3: autoDraw = False
963.8536 	EXP 	line4: autoDraw = False
963.8536 	EXP 	probe: autoDraw = False
964.0042 	EXP 	Device response: <KeyPress from None: t=961.2360896000027, value=c, duration=2.7652235999994446>
964.8400 	EXP 	fixation: autoDraw = True
964.8400 	EXP 	line1: autoDraw = True
964.8400 	EXP 	line2: autoDraw = True
964.8400 	EXP 	line3: autoDraw = True
964.8400 	EXP 	line4: autoDraw = True
965.8370 	INFO 	Keyboard events cleared
965.8368 	EXP 	probe: autoDraw = True
965.8537 	EXP 	fixation: autoDraw = False
966.5203 	EXP 	Device response: <KeyPress from None: t=966.5147792999996, value=z, duration=None>
966.5207 	EXP 	New trial (rep=46, index=171): <Trial 171 (171 in rep 46) data={'pos': -150, 'corr_resp': 'z', 'thisN': 171, 'thisTrialN': 171, 'thisRepN': 46}>
966.5219 	DATA 	Keypress: z
966.5350 	EXP 	fixation: autoDraw = False
966.5350 	EXP 	line1: autoDraw = False
966.5350 	EXP 	line2: autoDraw = False
966.5350 	EXP 	line3: autoDraw = False
966.5350 	EXP 	line4: autoDraw = False
966.5350 	EXP 	probe: autoDraw = False
966.7206 	EXP 	Device response: <KeyPress from None: t=923.5089492000006, value=z, duration=43.202443800000765>
967.5201 	EXP 	fixation: autoDraw = True
967.5201 	EXP 	line1: autoDraw = True
967.5201 	EXP 	line2: autoDraw = True
967.5201 	EXP 	line3: autoDraw = True
967.5201 	EXP 	line4: autoDraw = True
968.5241 	INFO 	Keyboard events cleared
968.5238 	EXP 	fixation: autoDraw = False
968.5238 	EXP 	probe: autoDraw = True
969.4738 	EXP 	Device response: <KeyPress from None: t=969.4628661999996, value=z, duration=None>
969.4745 	EXP 	New trial (rep=40, index=172): <Trial 172 (172 in rep 40) data={'pos': -50, 'corr_resp': 'x', 'thisN': 172, 'thisTrialN': 172, 'thisRepN': 40}>
969.4769 	DATA 	Keypress: z
969.4893 	EXP 	fixation: autoDraw = False
969.4893 	EXP 	line1: autoDraw = False
969.4893 	EXP 	line2: autoDraw = False
969.4893 	EXP 	line3: autoDraw = False
969.4893 	EXP 	line4: autoDraw = False
969.4893 	EXP 	probe: autoDraw = False
969.6237 	EXP 	Device response: <KeyPress from None: t=966.5147792999996, value=z, duration=3.1049491000012495>
970.4858 	EXP 	fixation: autoDraw = True
970.4858 	EXP 	line1: autoDraw = True
970.4858 	EXP 	line2: autoDraw = True
970.4858 	EXP 	line3: autoDraw = True
970.4858 	EXP 	line4: autoDraw = True
971.4891 	INFO 	Keyboard events cleared
971.4885 	EXP 	fixation: autoDraw = False
971.4885 	EXP 	probe: autoDraw = True
971.8230 	EXP 	Device response: <KeyPress from None: t=971.814892800001, value=x, duration=None>
971.8238 	EXP 	New trial (rep=41, index=173): <Trial 173 (173 in rep 41) data={'pos': -50, 'corr_resp': 'x', 'thisN': 173, 'thisTrialN': 173, 'thisRepN': 41}>
971.8263 	DATA 	Keypress: x
971.8404 	EXP 	fixation: autoDraw = False
971.8404 	EXP 	line1: autoDraw = False
971.8404 	EXP 	line2: autoDraw = False
971.8404 	EXP 	line3: autoDraw = False
971.8404 	EXP 	line4: autoDraw = False
971.8404 	EXP 	probe: autoDraw = False
971.9747 	EXP 	Device response: <KeyPress from None: t=971.814892800001, value=x, duration=0.1439911999987089>
972.8229 	EXP 	fixation: autoDraw = True
972.8229 	EXP 	line1: autoDraw = True
972.8229 	EXP 	line2: autoDraw = True
972.8229 	EXP 	line3: autoDraw = True
972.8229 	EXP 	line4: autoDraw = True
973.8355 	INFO 	Keyboard events cleared
973.8353 	EXP 	fixation: autoDraw = False
973.8353 	EXP 	probe: autoDraw = True
974.3214 	EXP 	Device response: <KeyPress from None: t=974.3211910999999, value=x, duration=None>
974.3232 	DATA 	Keypress: x
974.3375 	EXP 	New trial (rep=38, index=174): <Trial 174 (174 in rep 38) data={'pos': 150, 'corr_resp': 'v', 'thisN': 174, 'thisTrialN': 174, 'thisRepN': 38}>
974.3529 	EXP 	fixation: autoDraw = False
974.3529 	EXP 	line1: autoDraw = False
974.3529 	EXP 	line2: autoDraw = False
974.3529 	EXP 	line3: autoDraw = False
974.3529 	EXP 	line4: autoDraw = False
974.3529 	EXP 	probe: autoDraw = False
974.5044 	EXP 	Device response: <KeyPress from None: t=974.3211910999999, value=x, duration=0.1722552999999607>
975.3373 	EXP 	fixation: autoDraw = True
975.3373 	EXP 	line1: autoDraw = True
975.3373 	EXP 	line2: autoDraw = True
975.3373 	EXP 	line3: autoDraw = True
975.3373 	EXP 	line4: autoDraw = True
976.3369 	INFO 	Keyboard events cleared
976.3367 	EXP 	fixation: autoDraw = False
976.3367 	EXP 	probe: autoDraw = True
977.0377 	EXP 	Device response: <KeyPress from None: t=977.0353558000024, value=v, duration=None>
977.0381 	EXP 	New trial (rep=39, index=175): <Trial 175 (175 in rep 39) data={'pos': 150, 'corr_resp': 'v', 'thisN': 175, 'thisTrialN': 175, 'thisRepN': 39}>
977.0396 	DATA 	Keypress: v
977.0533 	EXP 	fixation: autoDraw = False
977.0533 	EXP 	line1: autoDraw = False
977.0533 	EXP 	line2: autoDraw = False
977.0533 	EXP 	line3: autoDraw = False
977.0533 	EXP 	line4: autoDraw = False
977.0533 	EXP 	probe: autoDraw = False
977.2543 	EXP 	Device response: <KeyPress from None: t=977.0353558000024, value=v, duration=0.2112487999984296>
978.0536 	EXP 	fixation: autoDraw = True
978.0536 	EXP 	line1: autoDraw = True
978.0536 	EXP 	line2: autoDraw = True
978.0536 	EXP 	line3: autoDraw = True
978.0536 	EXP 	line4: autoDraw = True
979.0516 	INFO 	Keyboard events cleared
979.0515 	EXP 	probe: autoDraw = True
979.0680 	EXP 	fixation: autoDraw = False
980.2015 	EXP 	Device response: <KeyPress from None: t=980.1934784000005, value=c, duration=None>
980.2018 	EXP 	New trial (rep=40, index=176): <Trial 176 (176 in rep 40) data={'pos': 150, 'corr_resp': 'v', 'thisN': 176, 'thisTrialN': 176, 'thisRepN': 40}>
980.2028 	DATA 	Keypress: c
980.2176 	EXP 	fixation: autoDraw = False
980.2176 	EXP 	line1: autoDraw = False
980.2176 	EXP 	line2: autoDraw = False
980.2176 	EXP 	line3: autoDraw = False
980.2176 	EXP 	line4: autoDraw = False
980.2176 	EXP 	probe: autoDraw = False
980.3211 	EXP 	Device response: <KeyPress from None: t=963.8288094000018, value=c, duration=16.491478100000677>
981.2058 	EXP 	fixation: autoDraw = True
981.2058 	EXP 	line1: autoDraw = True
981.2058 	EXP 	line2: autoDraw = True
981.2058 	EXP 	line3: autoDraw = True
981.2058 	EXP 	line4: autoDraw = True
982.2037 	INFO 	Keyboard events cleared
982.2035 	EXP 	probe: autoDraw = True
982.2202 	EXP 	fixation: autoDraw = False
982.8872 	EXP 	Device response: <KeyPress from None: t=982.885893300001, value=v, duration=None>
982.8876 	EXP 	New trial (rep=41, index=177): <Trial 177 (177 in rep 41) data={'pos': 150, 'corr_resp': 'v', 'thisN': 177, 'thisTrialN': 177, 'thisRepN': 41}>
982.8888 	DATA 	Keypress: v
982.9024 	EXP 	fixation: autoDraw = False
982.9024 	EXP 	line1: autoDraw = False
982.9024 	EXP 	line2: autoDraw = False
982.9024 	EXP 	line3: autoDraw = False
982.9024 	EXP 	line4: autoDraw = False
982.9024 	EXP 	probe: autoDraw = False
983.0698 	EXP 	Device response: <KeyPress from None: t=982.885893300001, value=v, duration=0.1717672999984643>
983.9030 	EXP 	fixation: autoDraw = True
983.9030 	EXP 	line1: autoDraw = True
983.9030 	EXP 	line2: autoDraw = True
983.9030 	EXP 	line3: autoDraw = True
983.9030 	EXP 	line4: autoDraw = True
984.9034 	INFO 	Keyboard events cleared
984.9032 	EXP 	fixation: autoDraw = False
984.9032 	EXP 	probe: autoDraw = True
985.4532 	EXP 	Device response: <KeyPress from None: t=985.4466653000018, value=v, duration=None>
985.4536 	EXP 	New trial (rep=42, index=178): <Trial 178 (178 in rep 42) data={'pos': -50, 'corr_resp': 'x', 'thisN': 178, 'thisTrialN': 178, 'thisRepN': 42}>
985.4550 	DATA 	Keypress: v
985.4696 	EXP 	fixation: autoDraw = False
985.4696 	EXP 	line1: autoDraw = False
985.4696 	EXP 	line2: autoDraw = False
985.4696 	EXP 	line3: autoDraw = False
985.4696 	EXP 	line4: autoDraw = False
985.4696 	EXP 	probe: autoDraw = False
985.6237 	EXP 	Device response: <KeyPress from None: t=985.4466653000018, value=v, duration=0.17635879999943427>
986.4689 	EXP 	fixation: autoDraw = True
986.4689 	EXP 	line1: autoDraw = True
986.4689 	EXP 	line2: autoDraw = True
986.4689 	EXP 	line3: autoDraw = True
986.4689 	EXP 	line4: autoDraw = True
987.4532 	INFO 	Keyboard events cleared
987.4530 	EXP 	probe: autoDraw = True
987.4706 	EXP 	fixation: autoDraw = False
988.2046 	EXP 	Device response: <KeyPress from None: t=988.2023136999996, value=x, duration=None>
988.2051 	EXP 	New trial (rep=43, index=179): <Trial 179 (179 in rep 43) data={'pos': -50, 'corr_resp': 'x', 'thisN': 179, 'thisTrialN': 179, 'thisRepN': 43}>
988.2063 	DATA 	Keypress: x
988.2199 	EXP 	fixation: autoDraw = False
988.2199 	EXP 	line1: autoDraw = False
988.2199 	EXP 	line2: autoDraw = False
988.2199 	EXP 	line3: autoDraw = False
988.2199 	EXP 	line4: autoDraw = False
988.2199 	EXP 	probe: autoDraw = False
988.2865 	EXP 	Device response: <KeyPress from None: t=988.2023136999996, value=x, duration=0.07911220000096364>
989.2201 	EXP 	fixation: autoDraw = True
989.2201 	EXP 	line1: autoDraw = True
989.2201 	EXP 	line2: autoDraw = True
989.2201 	EXP 	line3: autoDraw = True
989.2201 	EXP 	line4: autoDraw = True
990.2204 	INFO 	Keyboard events cleared
990.2202 	EXP 	fixation: autoDraw = False
990.2202 	EXP 	probe: autoDraw = True
991.0710 	EXP 	Device response: <KeyPress from None: t=991.069829, value=x, duration=None>
991.0714 	EXP 	New trial (rep=47, index=180): <Trial 180 (180 in rep 47) data={'pos': -150, 'corr_resp': 'z', 'thisN': 180, 'thisTrialN': 180, 'thisRepN': 47}>
991.0726 	DATA 	Keypress: x
991.0864 	EXP 	fixation: autoDraw = False
991.0864 	EXP 	line1: autoDraw = False
991.0864 	EXP 	line2: autoDraw = False
991.0864 	EXP 	line3: autoDraw = False
991.0864 	EXP 	line4: autoDraw = False
991.0864 	EXP 	probe: autoDraw = False
991.1511 	EXP 	Device response: <KeyPress from None: t=991.069829, value=x, duration=0.07395060000271769>
992.0861 	EXP 	fixation: autoDraw = True
992.0861 	EXP 	line1: autoDraw = True
992.0861 	EXP 	line2: autoDraw = True
992.0861 	EXP 	line3: autoDraw = True
992.0861 	EXP 	line4: autoDraw = True
993.0723 	INFO 	Keyboard events cleared
993.0720 	EXP 	probe: autoDraw = True
993.0888 	EXP 	fixation: autoDraw = False
994.0558 	DATA 	Keypress: z
994.0707 	EXP 	Device response: <KeyPress from None: t=994.0541463000009, value=z, duration=None>
994.0712 	EXP 	New trial (rep=42, index=181): <Trial 181 (181 in rep 42) data={'pos': 150, 'corr_resp': 'v', 'thisN': 181, 'thisTrialN': 181, 'thisRepN': 42}>
994.0863 	EXP 	fixation: autoDraw = False
994.0863 	EXP 	line1: autoDraw = False
994.0863 	EXP 	line2: autoDraw = False
994.0863 	EXP 	line3: autoDraw = False
994.0863 	EXP 	line4: autoDraw = False
994.0863 	EXP 	probe: autoDraw = False
994.1206 	EXP 	Device response: <KeyPress from None: t=969.4628661999996, value=z, duration=24.657486000000063>
995.0868 	EXP 	fixation: autoDraw = True
995.0868 	EXP 	line1: autoDraw = True
995.0868 	EXP 	line2: autoDraw = True
995.0868 	EXP 	line3: autoDraw = True
995.0868 	EXP 	line4: autoDraw = True
996.0865 	INFO 	Keyboard events cleared
996.0863 	EXP 	fixation: autoDraw = False
996.0863 	EXP 	probe: autoDraw = True
996.9705 	EXP 	Device response: <KeyPress from None: t=996.9694122000001, value=v, duration=None>
996.9710 	EXP 	New trial (rep=44, index=182): <Trial 182 (182 in rep 44) data={'pos': -50, 'corr_resp': 'x', 'thisN': 182, 'thisTrialN': 182, 'thisRepN': 44}>
996.9722 	DATA 	Keypress: v
996.9863 	EXP 	fixation: autoDraw = False
996.9863 	EXP 	line1: autoDraw = False
996.9863 	EXP 	line2: autoDraw = False
996.9863 	EXP 	line3: autoDraw = False
996.9863 	EXP 	line4: autoDraw = False
996.9863 	EXP 	probe: autoDraw = False
997.0202 	EXP 	Device response: <KeyPress from None: t=996.9694122000001, value=v, duration=0.04682470000261674>
997.9866 	EXP 	fixation: autoDraw = True
997.9866 	EXP 	line1: autoDraw = True
997.9866 	EXP 	line2: autoDraw = True
997.9866 	EXP 	line3: autoDraw = True
997.9866 	EXP 	line4: autoDraw = True
998.9861 	INFO 	Keyboard events cleared
998.9859 	EXP 	fixation: autoDraw = False
998.9859 	EXP 	probe: autoDraw = True
999.8933 	DATA 	Keypress: x
999.9071 	EXP 	Device response: <KeyPress from None: t=999.8899707000019, value=x, duration=None>
999.9079 	EXP 	New trial (rep=48, index=183): <Trial 183 (183 in rep 48) data={'pos': -150, 'corr_resp': 'z', 'thisN': 183, 'thisTrialN': 183, 'thisRepN': 48}>
999.9229 	EXP 	fixation: autoDraw = False
999.9229 	EXP 	line1: autoDraw = False
999.9229 	EXP 	line2: autoDraw = False
999.9229 	EXP 	line3: autoDraw = False
999.9229 	EXP 	line4: autoDraw = False
999.9229 	EXP 	probe: autoDraw = False
999.9571 	EXP 	Device response: <KeyPress from None: t=999.8899707000019, value=x, duration=0.059638999999151565>
1000.9168 	EXP 	fixation: autoDraw = True
1000.9168 	EXP 	line1: autoDraw = True
1000.9168 	EXP 	line2: autoDraw = True
1000.9168 	EXP 	line3: autoDraw = True
1000.9168 	EXP 	line4: autoDraw = True
1001.9199 	INFO 	Keyboard events cleared
1001.9196 	EXP 	fixation: autoDraw = False
1001.9196 	EXP 	probe: autoDraw = True
1002.7701 	EXP 	Device response: <KeyPress from None: t=1002.7585282, value=z, duration=None>
1002.7705 	EXP 	New trial (rep=47, index=184): <Trial 184 (184 in rep 47) data={'pos': 50, 'corr_resp': 'c', 'thisN': 184, 'thisTrialN': 184, 'thisRepN': 47}>
1002.7718 	DATA 	Keypress: z
1002.7872 	EXP 	fixation: autoDraw = False
1002.7872 	EXP 	line1: autoDraw = False
1002.7872 	EXP 	line2: autoDraw = False
1002.7872 	EXP 	line3: autoDraw = False
1002.7872 	EXP 	line4: autoDraw = False
1002.7872 	EXP 	probe: autoDraw = False
1002.8201 	EXP 	Device response: <KeyPress from None: t=994.0541463000009, value=z, duration=8.758948900001997>
1003.7866 	EXP 	fixation: autoDraw = True
1003.7866 	EXP 	line1: autoDraw = True
1003.7866 	EXP 	line2: autoDraw = True
1003.7866 	EXP 	line3: autoDraw = True
1003.7866 	EXP 	line4: autoDraw = True
1004.7725 	INFO 	Keyboard events cleared
1004.7722 	EXP 	probe: autoDraw = True
1004.7888 	EXP 	fixation: autoDraw = False
1006.1573 	EXP 	Device response: <KeyPress from None: t=1006.1459433000018, value=c, duration=None>
1006.1582 	EXP 	New trial (rep=43, index=185): <Trial 185 (185 in rep 43) data={'pos': 150, 'corr_resp': 'v', 'thisN': 185, 'thisTrialN': 185, 'thisRepN': 43}>
1006.1607 	DATA 	Keypress: c
1006.1736 	EXP 	fixation: autoDraw = False
1006.1736 	EXP 	line1: autoDraw = False
1006.1736 	EXP 	line2: autoDraw = False
1006.1736 	EXP 	line3: autoDraw = False
1006.1736 	EXP 	line4: autoDraw = False
1006.1736 	EXP 	probe: autoDraw = False
1006.2239 	EXP 	Device response: <KeyPress from None: t=980.1934784000005, value=c, duration=26.022457200000645>
1007.1694 	EXP 	fixation: autoDraw = True
1007.1694 	EXP 	line1: autoDraw = True
1007.1694 	EXP 	line2: autoDraw = True
1007.1694 	EXP 	line3: autoDraw = True
1007.1694 	EXP 	line4: autoDraw = True
1008.1705 	INFO 	Keyboard events cleared
1008.1703 	EXP 	fixation: autoDraw = False
1008.1703 	EXP 	probe: autoDraw = True
1008.8880 	EXP 	Device response: <KeyPress from None: t=1008.8845516000001, value=v, duration=None>
1008.8884 	EXP 	New trial (rep=45, index=186): <Trial 186 (186 in rep 45) data={'pos': -50, 'corr_resp': 'x', 'thisN': 186, 'thisTrialN': 186, 'thisRepN': 45}>
1008.8896 	DATA 	Keypress: v
1008.9014 	EXP 	fixation: autoDraw = False
1008.9014 	EXP 	line1: autoDraw = False
1008.9014 	EXP 	line2: autoDraw = False
1008.9014 	EXP 	line3: autoDraw = False
1008.9014 	EXP 	line4: autoDraw = False
1008.9014 	EXP 	probe: autoDraw = False
1008.9697 	EXP 	Device response: <KeyPress from None: t=1008.8845516000001, value=v, duration=0.0805796000022383>
1009.8876 	EXP 	fixation: autoDraw = True
1009.8876 	EXP 	line1: autoDraw = True
1009.8876 	EXP 	line2: autoDraw = True
1009.8876 	EXP 	line3: autoDraw = True
1009.8876 	EXP 	line4: autoDraw = True
1010.9031 	INFO 	Keyboard events cleared
1010.9029 	EXP 	fixation: autoDraw = False
1010.9029 	EXP 	probe: autoDraw = True
1011.6364 	EXP 	Device response: <KeyPress from None: t=1011.6341377999997, value=x, duration=None>
1011.6369 	EXP 	New trial (rep=44, index=187): <Trial 187 (187 in rep 44) data={'pos': 150, 'corr_resp': 'v', 'thisN': 187, 'thisTrialN': 187, 'thisRepN': 44}>
1011.6382 	DATA 	Keypress: x
1011.6514 	EXP 	fixation: autoDraw = False
1011.6514 	EXP 	line1: autoDraw = False
1011.6514 	EXP 	line2: autoDraw = False
1011.6514 	EXP 	line3: autoDraw = False
1011.6514 	EXP 	line4: autoDraw = False
1011.6514 	EXP 	probe: autoDraw = False
1011.7029 	EXP 	Device response: <KeyPress from None: t=1011.6341377999997, value=x, duration=0.05813090000083321>
1012.6511 	EXP 	fixation: autoDraw = True
1012.6511 	EXP 	line1: autoDraw = True
1012.6511 	EXP 	line2: autoDraw = True
1012.6511 	EXP 	line3: autoDraw = True
1012.6511 	EXP 	line4: autoDraw = True
1013.6508 	INFO 	Keyboard events cleared
1013.6507 	EXP 	fixation: autoDraw = False
1013.6507 	EXP 	probe: autoDraw = True
1014.5521 	EXP 	Device response: <KeyPress from None: t=1014.5480917000023, value=v, duration=None>
1014.5525 	EXP 	New trial (rep=45, index=188): <Trial 188 (188 in rep 45) data={'pos': 150, 'corr_resp': 'v', 'thisN': 188, 'thisTrialN': 188, 'thisRepN': 45}>
1014.5535 	DATA 	Keypress: v
1014.5686 	EXP 	fixation: autoDraw = False
1014.5686 	EXP 	line1: autoDraw = False
1014.5686 	EXP 	line2: autoDraw = False
1014.5686 	EXP 	line3: autoDraw = False
1014.5686 	EXP 	line4: autoDraw = False
1014.5686 	EXP 	probe: autoDraw = False
1014.6184 	EXP 	Device response: <KeyPress from None: t=1014.5480917000023, value=v, duration=0.06990749999749823>
1015.5529 	EXP 	fixation: autoDraw = True
1015.5529 	EXP 	line1: autoDraw = True
1015.5529 	EXP 	line2: autoDraw = True
1015.5529 	EXP 	line3: autoDraw = True
1015.5529 	EXP 	line4: autoDraw = True
1016.5535 	INFO 	Keyboard events cleared
1016.5533 	EXP 	fixation: autoDraw = False
1016.5533 	EXP 	probe: autoDraw = True
1017.2203 	EXP 	Device response: <KeyPress from None: t=1017.2141924000025, value=v, duration=None>
1017.2207 	EXP 	New trial (rep=46, index=189): <Trial 189 (189 in rep 46) data={'pos': -50, 'corr_resp': 'x', 'thisN': 189, 'thisTrialN': 189, 'thisRepN': 46}>
1017.2221 	DATA 	Keypress: v
1017.2371 	EXP 	fixation: autoDraw = False
1017.2371 	EXP 	line1: autoDraw = False
1017.2371 	EXP 	line2: autoDraw = False
1017.2371 	EXP 	line3: autoDraw = False
1017.2371 	EXP 	line4: autoDraw = False
1017.2371 	EXP 	probe: autoDraw = False
1017.3372 	EXP 	Device response: <KeyPress from None: t=1017.2141924000025, value=v, duration=0.11840619999929913>
1018.2194 	EXP 	fixation: autoDraw = True
1018.2194 	EXP 	line1: autoDraw = True
1018.2194 	EXP 	line2: autoDraw = True
1018.2194 	EXP 	line3: autoDraw = True
1018.2194 	EXP 	line4: autoDraw = True
1019.2368 	INFO 	Keyboard events cleared
1019.2366 	EXP 	fixation: autoDraw = False
1019.2366 	EXP 	probe: autoDraw = True
1019.9558 	EXP 	Device response: <KeyPress from None: t=1019.9530859000006, value=x, duration=None>
1019.9562 	EXP 	New trial (rep=47, index=190): <Trial 190 (190 in rep 47) data={'pos': -50, 'corr_resp': 'x', 'thisN': 190, 'thisTrialN': 190, 'thisRepN': 47}>
1019.9574 	DATA 	Keypress: x
1019.9701 	EXP 	fixation: autoDraw = False
1019.9701 	EXP 	line1: autoDraw = False
1019.9701 	EXP 	line2: autoDraw = False
1019.9701 	EXP 	line3: autoDraw = False
1019.9701 	EXP 	line4: autoDraw = False
1019.9701 	EXP 	probe: autoDraw = False
1020.0206 	EXP 	Device response: <KeyPress from None: t=1019.9530859000006, value=x, duration=0.06047450000187382>
1020.9696 	EXP 	fixation: autoDraw = True
1020.9696 	EXP 	line1: autoDraw = True
1020.9696 	EXP 	line2: autoDraw = True
1020.9696 	EXP 	line3: autoDraw = True
1020.9696 	EXP 	line4: autoDraw = True
1021.9725 	INFO 	Keyboard events cleared
1021.9722 	EXP 	fixation: autoDraw = False
1021.9722 	EXP 	probe: autoDraw = True
1022.6045 	EXP 	Device response: <KeyPress from None: t=1022.5991042000023, value=x, duration=None>
1022.6049 	EXP 	New trial (rep=46, index=191): <Trial 191 (191 in rep 46) data={'pos': 150, 'corr_resp': 'v', 'thisN': 191, 'thisTrialN': 191, 'thisRepN': 46}>
1022.6064 	DATA 	Keypress: x
1022.6202 	EXP 	fixation: autoDraw = False
1022.6202 	EXP 	line1: autoDraw = False
1022.6202 	EXP 	line2: autoDraw = False
1022.6202 	EXP 	line3: autoDraw = False
1022.6202 	EXP 	line4: autoDraw = False
1022.6202 	EXP 	probe: autoDraw = False
1022.7026 	EXP 	Device response: <KeyPress from None: t=1022.5991042000023, value=x, duration=0.08701259999725153>
1023.6182 	EXP 	fixation: autoDraw = True
1023.6182 	EXP 	line1: autoDraw = True
1023.6182 	EXP 	line2: autoDraw = True
1023.6182 	EXP 	line3: autoDraw = True
1023.6182 	EXP 	line4: autoDraw = True
1024.6205 	INFO 	Keyboard events cleared
1024.6203 	EXP 	fixation: autoDraw = False
1024.6203 	EXP 	probe: autoDraw = True
1025.3190 	EXP 	Device response: <KeyPress from None: t=1025.3038843000031, value=v, duration=None>
1025.3193 	EXP 	New trial (rep=47, index=192): <Trial 192 (192 in rep 47) data={'pos': 150, 'corr_resp': 'v', 'thisN': 192, 'thisTrialN': 192, 'thisRepN': 47}>
1025.3209 	DATA 	Keypress: v
1025.3351 	EXP 	fixation: autoDraw = False
1025.3351 	EXP 	line1: autoDraw = False
1025.3351 	EXP 	line2: autoDraw = False
1025.3351 	EXP 	line3: autoDraw = False
1025.3351 	EXP 	line4: autoDraw = False
1025.3351 	EXP 	probe: autoDraw = False
1025.3855 	EXP 	Device response: <KeyPress from None: t=1025.3038843000031, value=v, duration=0.0775800999981584>
1026.3371 	EXP 	fixation: autoDraw = True
1026.3371 	EXP 	line1: autoDraw = True
1026.3371 	EXP 	line2: autoDraw = True
1026.3371 	EXP 	line3: autoDraw = True
1026.3371 	EXP 	line4: autoDraw = True
1027.3197 	INFO 	Keyboard events cleared
1027.3195 	EXP 	probe: autoDraw = True
1027.3363 	EXP 	fixation: autoDraw = False
1027.9721 	DATA 	Keypress: v
1027.9865 	EXP 	Device response: <KeyPress from None: t=1027.9715733000012, value=v, duration=None>
1027.9870 	EXP 	New trial (rep=48, index=193): <Trial 193 (193 in rep 48) data={'pos': 150, 'corr_resp': 'v', 'thisN': 193, 'thisTrialN': 193, 'thisRepN': 48}>
1028.0035 	EXP 	fixation: autoDraw = False
1028.0035 	EXP 	line1: autoDraw = False
1028.0035 	EXP 	line2: autoDraw = False
1028.0035 	EXP 	line3: autoDraw = False
1028.0035 	EXP 	line4: autoDraw = False
1028.0035 	EXP 	probe: autoDraw = False
1028.0705 	EXP 	Device response: <KeyPress from None: t=1027.9715733000012, value=v, duration=0.0823409000004176>
1029.0025 	EXP 	fixation: autoDraw = True
1029.0025 	EXP 	line1: autoDraw = True
1029.0025 	EXP 	line2: autoDraw = True
1029.0025 	EXP 	line3: autoDraw = True
1029.0025 	EXP 	line4: autoDraw = True
1029.9883 	INFO 	Keyboard events cleared
1029.9880 	EXP 	probe: autoDraw = True
1030.0053 	EXP 	fixation: autoDraw = False
1030.6005 	EXP 	Device response: <KeyPress from None: t=1030.596906900002, value=v, duration=None>
1030.6010 	EXP 	New trial (rep=48, index=194): <Trial 194 (194 in rep 48) data={'pos': 50, 'corr_resp': 'c', 'thisN': 194, 'thisTrialN': 194, 'thisRepN': 48}>
1030.6024 	DATA 	Keypress: v
1030.6172 	EXP 	fixation: autoDraw = False
1030.6172 	EXP 	line1: autoDraw = False
1030.6172 	EXP 	line2: autoDraw = False
1030.6172 	EXP 	line3: autoDraw = False
1030.6172 	EXP 	line4: autoDraw = False
1030.6172 	EXP 	probe: autoDraw = False
1030.7509 	EXP 	Device response: <KeyPress from None: t=1030.596906900002, value=v, duration=0.14146160000018426>
1031.6027 	EXP 	fixation: autoDraw = True
1031.6027 	EXP 	line1: autoDraw = True
1031.6027 	EXP 	line2: autoDraw = True
1031.6027 	EXP 	line3: autoDraw = True
1031.6027 	EXP 	line4: autoDraw = True
1032.6035 	INFO 	Keyboard events cleared
1032.6033 	EXP 	fixation: autoDraw = False
1032.6033 	EXP 	probe: autoDraw = True
1033.0358 	EXP 	Device response: <KeyPress from None: t=1033.030948800002, value=c, duration=None>
1033.0362 	EXP 	New trial (rep=49, index=195): <Trial 195 (195 in rep 49) data={'pos': 50, 'corr_resp': 'c', 'thisN': 195, 'thisTrialN': 195, 'thisRepN': 49}>
1033.0375 	DATA 	Keypress: c
1033.0533 	EXP 	fixation: autoDraw = False
1033.0533 	EXP 	line1: autoDraw = False
1033.0533 	EXP 	line2: autoDraw = False
1033.0533 	EXP 	line3: autoDraw = False
1033.0533 	EXP 	line4: autoDraw = False
1033.0533 	EXP 	probe: autoDraw = False
1033.1570 	EXP 	Device response: <KeyPress from None: t=1006.1459433000018, value=c, duration=26.999053399998957>
1034.0393 	EXP 	fixation: autoDraw = True
1034.0393 	EXP 	line1: autoDraw = True
1034.0393 	EXP 	line2: autoDraw = True
1034.0393 	EXP 	line3: autoDraw = True
1034.0393 	EXP 	line4: autoDraw = True
1035.0361 	INFO 	Keyboard events cleared
1035.0359 	EXP 	probe: autoDraw = True
1035.0528 	EXP 	fixation: autoDraw = False
1035.3279 	DATA 	Keypress: c
1035.3396 	EXP 	Device response: <KeyPress from None: t=1035.3243121000014, value=c, duration=None>
1035.3404 	EXP 	New trial (rep=49, index=196): <Trial 196 (196 in rep 49) data={'pos': 150, 'corr_resp': 'v', 'thisN': 196, 'thisTrialN': 196, 'thisRepN': 49}>
1035.3557 	EXP 	fixation: autoDraw = False
1035.3557 	EXP 	line1: autoDraw = False
1035.3557 	EXP 	line2: autoDraw = False
1035.3557 	EXP 	line3: autoDraw = False
1035.3557 	EXP 	line4: autoDraw = False
1035.3557 	EXP 	probe: autoDraw = False
1035.4398 	EXP 	Device response: <KeyPress from None: t=1033.030948800002, value=c, duration=2.4007051000007777>
1036.3402 	EXP 	fixation: autoDraw = True
1036.3402 	EXP 	line1: autoDraw = True
1036.3402 	EXP 	line2: autoDraw = True
1036.3402 	EXP 	line3: autoDraw = True
1036.3402 	EXP 	line4: autoDraw = True
1037.3375 	INFO 	Keyboard events cleared
1037.3372 	EXP 	fixation: autoDraw = False
1037.3372 	EXP 	probe: autoDraw = True
1038.0508 	EXP 	Device response: <KeyPress from None: t=1038.0442549, value=v, duration=None>
1038.0512 	EXP 	New trial (rep=49, index=197): <Trial 197 (197 in rep 49) data={'pos': -150, 'corr_resp': 'z', 'thisN': 197, 'thisTrialN': 197, 'thisRepN': 49}>
1038.0522 	DATA 	Keypress: v
1038.0693 	EXP 	fixation: autoDraw = False
1038.0693 	EXP 	line1: autoDraw = False
1038.0693 	EXP 	line2: autoDraw = False
1038.0693 	EXP 	line3: autoDraw = False
1038.0693 	EXP 	line4: autoDraw = False
1038.0693 	EXP 	probe: autoDraw = False
1038.1871 	EXP 	Device response: <KeyPress from None: t=1038.0442549, value=v, duration=0.1350020999998378>
1039.0559 	EXP 	fixation: autoDraw = True
1039.0559 	EXP 	line1: autoDraw = True
1039.0559 	EXP 	line2: autoDraw = True
1039.0559 	EXP 	line3: autoDraw = True
1039.0559 	EXP 	line4: autoDraw = True
1040.0535 	INFO 	Keyboard events cleared
1040.0533 	EXP 	fixation: autoDraw = False
1040.0533 	EXP 	probe: autoDraw = True
1040.6737 	EXP 	Device response: <KeyPress from None: t=1040.6639246000013, value=z, duration=None>
1040.6744 	EXP 	New trial (rep=48, index=198): <Trial 198 (198 in rep 48) data={'pos': -50, 'corr_resp': 'x', 'thisN': 198, 'thisTrialN': 198, 'thisRepN': 48}>
1040.6769 	DATA 	Keypress: z
1040.6886 	EXP 	fixation: autoDraw = False
1040.6886 	EXP 	line1: autoDraw = False
1040.6886 	EXP 	line2: autoDraw = False
1040.6886 	EXP 	line3: autoDraw = False
1040.6886 	EXP 	line4: autoDraw = False
1040.6886 	EXP 	probe: autoDraw = False
1040.8238 	EXP 	Device response: <KeyPress from None: t=1002.7585282, value=z, duration=38.06332630000179>
1041.6857 	EXP 	fixation: autoDraw = True
1041.6857 	EXP 	line1: autoDraw = True
1041.6857 	EXP 	line2: autoDraw = True
1041.6857 	EXP 	line3: autoDraw = True
1041.6857 	EXP 	line4: autoDraw = True
1042.6863 	INFO 	Keyboard events cleared
1042.6861 	EXP 	fixation: autoDraw = False
1042.6861 	EXP 	probe: autoDraw = True
1043.4034 	EXP 	Device response: <KeyPress from None: t=1043.3953478000003, value=x, duration=None>
1043.4038 	EXP 	New trial (rep=49, index=199): <Trial 199 (199 in rep 49) data={'pos': -50, 'corr_resp': 'x', 'thisN': 199, 'thisTrialN': 199, 'thisRepN': 49}>
1043.4055 	DATA 	Keypress: x
1043.4200 	EXP 	fixation: autoDraw = False
1043.4200 	EXP 	line1: autoDraw = False
1043.4200 	EXP 	line2: autoDraw = False
1043.4200 	EXP 	line3: autoDraw = False
1043.4200 	EXP 	line4: autoDraw = False
1043.4200 	EXP 	probe: autoDraw = False
1043.5533 	EXP 	Device response: <KeyPress from None: t=1043.3953478000003, value=x, duration=0.14663579999978538>
1044.4194 	EXP 	fixation: autoDraw = True
1044.4194 	EXP 	line1: autoDraw = True
1044.4194 	EXP 	line2: autoDraw = True
1044.4194 	EXP 	line3: autoDraw = True
1044.4194 	EXP 	line4: autoDraw = True
1044.9698 	EXP 	Device response: <KeyPress from None: t=1044.9619727999998, value=c, duration=None>
1044.9716 	DATA 	Keypress: c
1045.1024 	EXP 	Device response: <KeyPress from None: t=1035.3243121000014, value=c, duration=9.773208999999042>
1045.4030 	INFO 	Keyboard events cleared
1045.4028 	EXP 	probe: autoDraw = True
1045.4199 	EXP 	fixation: autoDraw = False
1045.6216 	DATA 	Keypress: c
1045.6369 	EXP 	Device response: <KeyPress from None: t=1045.621034900003, value=c, duration=None>
1045.6531 	EXP 	fixation: autoDraw = False
1045.6531 	EXP 	line1: autoDraw = False
1045.6531 	EXP 	line2: autoDraw = False
1045.6531 	EXP 	line3: autoDraw = False
1045.6531 	EXP 	line4: autoDraw = False
1045.6531 	EXP 	probe: autoDraw = False
1045.6535 	EXP 	Motor Sequence Learning Bhumika Bajaj AU2320057: status = STOPPED
1045.7894 	INFO 	saved data to 'C:\\Users\\bhumika\\PSYLAB310\\Motor Sequence Learning Bhumika Bajaj AU2320057\\data\\Participant 3_Motor Sequence Learning Bhumika Bajaj AU2320057_2025-10-02_17h21.49.987.csv'
1045.7932 	INFO 	saved data to C:\Users\bhumika\PSYLAB310\Motor Sequence Learning Bhumika Bajaj AU2320057\data\Participant 3_Motor Sequence Learning Bhumika Bajaj AU2320057_2025-10-02_17h21.49.987.psydat
1046.2053 	WARNING 	Stopping key buffers but this could be dangerous ifother keyboards rely on the same.
1046.2672 	WARNING 	Stopping key buffers but this could be dangerous ifother keyboards rely on the same.
