study_word,thisN,thisTrialN,thisRepN,slider.response,slider.rt,test_word,Reference,old_new,textbox.text,testmouse.x,testmouse.y,testmouse.leftButton,testmouse.midButton,testmouse.rightButton,testmouse.time,testmouse.clicked_name,trials.thisRepN,trials.thisTrialN,trials.thisN,trials.thisIndex,trials_2.thisRepN,trials_2.thisTrialN,trials_2.thisN,trials_2.thisIndex,thisRow.t,notes,trial.started,text.started,slider.started,trial.stopped,trials.slider.response,trials.slider.rt,test.started,text_2.started,textbox.started,text_3.started,testmouse.started,test.stopped,trials_2.textbox.text,trials_2.testmouse.x,trials_2.testmouse.y,trials_2.testmouse.leftButton,trials_2.testmouse.midButton,trials_2.testmouse.rightButton,trials_2.testmouse.time,trials_2.testmouse.clicked_name,participant,session,date,expName,expVersion,psychopyVersion,frameRate,expStart,
board,0,0,0,2.01,1.3344896999187768,,,,,,,,,,,,0,0,0,4,,,,,0.05747710005380213,,0.034825699985958636,0.05747710005380213,0.05747710005380213,1.3825989000033587,2.01,1.3344896999187768,,,,,,,,,,,,,,,Participant 02,001,2025-10-16_18h28.54.608,Word Priming Experiment,,2025.1.1,118.33213218187181,2025-10-16 18h29.14.005139 +0530,
mouse,1,1,0,2.01,0.14892730000428855,,,,,,,,,,,,0,1,1,8,,,,,1.3980943000642583,,1.3870053000282496,1.3980943000642583,1.3980943000642583,1.548562900046818,2.01,0.14892730000428855,,,,,,,,,,,,,,,Participant 02,001,2025-10-16_18h28.54.608,Word Priming Experiment,,2025.1.1,118.33213218187181,2025-10-16 18h29.14.005139 +0530,
Cruise,2,2,0,2.01,0.15146810002624989,,,,,,,,,,,,0,2,2,11,,,,,1.564529300085269,,1.5515612000599504,1.564529300085269,1.564529300085269,1.7331762000685558,2.01,0.15146810002624989,,,,,,,,,,,,,,,Participant 02,001,2025-10-16_18h28.54.608,Word Priming Experiment,,2025.1.1,118.33213218187181,2025-10-16 18h29.14.005139 +0530,
marble,3,3,0,2.01,0.09874519996810704,,,,,,,,,,,,0,3,3,3,,,,,1.7486154000507668,,1.7368989000096917,1.7486154000507668,1.7486154000507668,1.84976320003625,2.01,0.09874519996810704,,,,,,,,,,,,,,,Participant 02,001,2025-10-16_18h28.54.608,Word Priming Experiment,,2025.1.1,118.33213218187181,2025-10-16 18h29.14.005139 +0530,
Poster,4,4,0,2.01,0.09627259999979287,,,,,,,,,,,,0,4,4,14,,,,,1.8805542000336573,,1.8565147999906912,1.8805542000336573,1.8805542000336573,1.9820942000951618,2.01,0.09627259999979287,,,,,,,,,,,,,,,Participant 02,001,2025-10-16_18h28.54.608,Word Priming Experiment,,2025.1.1,118.33213218187181,2025-10-16 18h29.14.005139 +0530,
Keys,5,5,0,2.01,0.0963881000643596,,,,,,,,,,,,0,5,5,13,,,,,1.998443500022404,,1.9877064999891445,1.998443500022404,1.998443500022404,2.099430500064045,2.01,0.0963881000643596,,,,,,,,,,,,,,,Participant 02,001,2025-10-16_18h28.54.608,Word Priming Experiment,,2025.1.1,118.33213218187181,2025-10-16 18h29.14.005139 +0530,
cushion,6,6,0,2.01,0.12952109996695071,,,,,,,,,,,,0,6,6,1,,,,,2.115035600028932,,2.1049387000966817,2.115035600028932,2.115035600028932,2.2498780000023544,2.01,0.12952109996695071,,,,,,,,,,,,,,,Participant 02,001,2025-10-16_18h28.54.608,Word Priming Experiment,,2025.1.1,118.33213218187181,2025-10-16 18h29.14.005139 +0530,
Pastry,7,7,0,2.01,0.16622530005406588,,,,,,,,,,,,0,7,7,9,,,,,2.264480200014077,,2.2533124000765383,2.264480200014077,2.264480200014077,2.4312923999968916,2.01,0.16622530005406588,,,,,,,,,,,,,,,Participant 02,001,2025-10-16_18h28.54.608,Word Priming Experiment,,2025.1.1,118.33213218187181,2025-10-16 18h29.14.005139 +0530,
Police,8,8,0,2.01,0.1028514999197796,,,,,,,,,,,,0,8,8,12,,,,,2.447888800059445,,2.4338481000158936,2.447888800059445,2.447888800059445,2.5657311000395566,2.01,0.1028514999197796,,,,,,,,,,,,,,,Participant 02,001,2025-10-16_18h28.54.608,Word Priming Experiment,,2025.1.1,118.33213218187181,2025-10-16 18h29.14.005139 +0530,
phone,9,9,0,2.01,0.11375989997759461,,,,,,,,,,,,0,9,9,2,,,,,2.5984843000769615,,2.5725577000994235,2.5984843000769615,2.5984843000769615,2.7155871000140905,2.01,0.11375989997759461,,,,,,,,,,,,,,,Participant 02,001,2025-10-16_18h28.54.608,Word Priming Experiment,,2025.1.1,118.33213218187181,2025-10-16 18h29.14.005139 +0530,
book,10,10,0,2.01,0.0821732000913471,,,,,,,,,,,,0,10,10,0,,,,,2.7319605000084266,,2.7196352999890223,2.7319605000084266,2.7319605000084266,2.8192382000852376,2.01,0.0821732000913471,,,,,,,,,,,,,,,Participant 02,001,2025-10-16_18h28.54.608,Word Priming Experiment,,2025.1.1,118.33213218187181,2025-10-16 18h29.14.005139 +0530,
Chart,11,11,0,2.01,0.11270139995031059,,,,,,,,,,,,0,11,11,6,,,,,2.848194800084457,,2.8231359000783414,2.848194800084457,2.848194800084457,2.949410400004126,2.01,0.11270139995031059,,,,,,,,,,,,,,,Participant 02,001,2025-10-16_18h28.54.608,Word Priming Experiment,,2025.1.1,118.33213218187181,2025-10-16 18h29.14.005139 +0530,
Case,12,12,0,2.01,0.10138050001114607,,,,,,,,,,,,0,12,12,10,,,,,2.9651618000352755,,2.9521086000604555,2.9651618000352755,2.9651618000352755,3.084802200086415,2.01,0.10138050001114607,,,,,,,,,,,,,,,Participant 02,001,2025-10-16_18h28.54.608,Word Priming Experiment,,2025.1.1,118.33213218187181,2025-10-16 18h29.14.005139 +0530,
Laptop,13,13,0,2.01,0.09417299996130168,,,,,,,,,,,,0,13,13,5,,,,,3.114020899985917,,3.091940200072713,3.114020899985917,3.114020899985917,3.198691300000064,2.01,0.09417299996130168,,,,,,,,,,,,,,,Participant 02,001,2025-10-16_18h28.54.608,Word Priming Experiment,,2025.1.1,118.33213218187181,2025-10-16 18h29.14.005139 +0530,
T-shirt,14,14,0,2.01,0.10094969999045134,,,,,,,,,,,,0,14,14,7,,,,,3.2147742999950424,,3.2046766000567004,3.2147742999950424,3.2147742999950424,3.3330407000612468,2.01,0.10094969999045134,,,,,,,,,,,,,,,Participant 02,001,2025-10-16_18h28.54.608,Word Priming Experiment,,2025.1.1,118.33213218187181,2025-10-16 18h29.14.005139 +0530,
Chart,15,0,1,2.01,0.09850640001241118,,,,,,,,,,,,1,0,15,6,,,,,3.348352100001648,,3.3367841000435874,3.348352100001648,3.348352100001648,3.4495265000732616,2.01,0.09850640001241118,,,,,,,,,,,,,,,Participant 02,001,2025-10-16_18h28.54.608,Word Priming Experiment,,2025.1.1,118.33213218187181,2025-10-16 18h29.14.005139 +0530,
Laptop,16,1,1,2.01,0.10085119993891567,,,,,,,,,,,,1,1,16,5,,,,,3.464341500075534,,3.453381000086665,3.464341500075534,3.464341500075534,3.5829297000309452,2.01,0.10085119993891567,,,,,,,,,,,,,,,Participant 02,001,2025-10-16_18h28.54.608,Word Priming Experiment,,2025.1.1,118.33213218187181,2025-10-16 18h29.14.005139 +0530,
Case,17,2,1,2.01,0.09795660001691431,,,,,,,,,,,,1,2,17,10,,,,,3.6139202000340447,,3.587269000010565,3.6139202000340447,3.6139202000340447,3.699216900044121,2.01,0.09795660001691431,,,,,,,,,,,,,,,Participant 02,001,2025-10-16_18h28.54.608,Word Priming Experiment,,2025.1.1,118.33213218187181,2025-10-16 18h29.14.005139 +0530,
cushion,18,3,1,2.01,0.1005812999792397,,,,,,,,,,,,1,3,18,1,,,,,3.714978300035,,3.7022620000643656,3.714978300035,3.714978300035,3.832672100048512,2.01,0.1005812999792397,,,,,,,,,,,,,,,Participant 02,001,2025-10-16_18h28.54.608,Word Priming Experiment,,2025.1.1,118.33213218187181,2025-10-16 18h29.14.005139 +0530,
mouse,19,4,1,2.01,0.21653460001107305,,,,,,,,,,,,1,4,19,8,,,,,3.848686399986036,,3.8360145000042394,3.848686399986036,3.848686399986036,4.067736000055447,2.01,0.21653460001107305,,,,,,,,,,,,,,,Participant 02,001,2025-10-16_18h28.54.608,Word Priming Experiment,,2025.1.1,118.33213218187181,2025-10-16 18h29.14.005139 +0530,
phone,20,5,1,2.01,0.11682230001315475,,,,,,,,,,,,1,5,20,2,,,,,4.082297199987806,,4.071180800092407,4.082297199987806,4.082297199987806,4.215539900003932,2.01,0.11682230001315475,,,,,,,,,,,,,,,Participant 02,001,2025-10-16_18h28.54.608,Word Priming Experiment,,2025.1.1,118.33213218187181,2025-10-16 18h29.14.005139 +0530,
marble,21,6,1,2.01,0.08217589999549091,,,,,,,,,,,,1,6,21,3,,,,,4.24710000003688,,4.219489200040698,4.24710000003688,4.24710000003688,4.317144800093956,2.01,0.08217589999549091,,,,,,,,,,,,,,,Participant 02,001,2025-10-16_18h28.54.608,Word Priming Experiment,,2025.1.1,118.33213218187181,2025-10-16 18h29.14.005139 +0530,
Cruise,22,7,1,2.01,0.11526910006068647,,,,,,,,,,,,1,7,22,11,,,,,4.331234800047241,,4.32071880006697,4.331234800047241,4.331234800047241,4.450350200058892,2.01,0.11526910006068647,,,,,,,,,,,,,,,Participant 02,001,2025-10-16_18h28.54.608,Word Priming Experiment,,2025.1.1,118.33213218187181,2025-10-16 18h29.14.005139 +0530,
Keys,23,8,1,2.01,0.0984174000332132,,,,,,,,,,,,1,8,23,13,,,,,4.46574460004922,,4.453659199993126,4.46574460004922,4.46574460004922,4.5657293000258505,2.01,0.0984174000332132,,,,,,,,,,,,,,,Participant 02,001,2025-10-16_18h28.54.608,Word Priming Experiment,,2025.1.1,118.33213218187181,2025-10-16 18h29.14.005139 +0530,
Police,24,9,1,2.01,0.11698339995928109,,,,,,,,,,,,1,9,24,12,,,,,4.581780000007711,,4.568222100031562,4.581780000007711,4.581780000007711,4.701062700012699,2.01,0.11698339995928109,,,,,,,,,,,,,,,Participant 02,001,2025-10-16_18h28.54.608,Word Priming Experiment,,2025.1.1,118.33213218187181,2025-10-16 18h29.14.005139 +0530,
Poster,25,10,1,2.01,0.09676999994553626,,,,,,,,,,,,1,10,25,14,,,,,4.7153946000617,,4.7044866000069305,4.7153946000617,4.7153946000617,4.8164647000376135,2.01,0.09676999994553626,,,,,,,,,,,,,,,Participant 02,001,2025-10-16_18h28.54.608,Word Priming Experiment,,2025.1.1,118.33213218187181,2025-10-16 18h29.14.005139 +0530,
Pastry,26,11,1,2.01,0.133278000052087,,,,,,,,,,,,1,11,26,9,,,,,4.831814600038342,,4.819531299988739,4.831814600038342,4.831814600038342,4.966549400007352,2.01,0.133278000052087,,,,,,,,,,,,,,,Participant 02,001,2025-10-16_18h28.54.608,Word Priming Experiment,,2025.1.1,118.33213218187181,2025-10-16 18h29.14.005139 +0530,
board,27,12,1,2.01,0.06723629997577518,,,,,,,,,,,,1,12,27,4,,,,,4.998000100022182,,4.970155999995768,4.998000100022182,4.998000100022182,5.0654688000213355,2.01,0.06723629997577518,,,,,,,,,,,,,,,Participant 02,001,2025-10-16_18h28.54.608,Word Priming Experiment,,2025.1.1,118.33213218187181,2025-10-16 18h29.14.005139 +0530,
book,28,13,1,2.01,0.10173460002988577,,,,,,,,,,,,1,13,28,0,,,,,5.082452100003138,,5.069662900059484,5.082452100003138,5.082452100003138,5.199428000021726,2.01,0.10173460002988577,,,,,,,,,,,,,,,Participant 02,001,2025-10-16_18h28.54.608,Word Priming Experiment,,2025.1.1,118.33213218187181,2025-10-16 18h29.14.005139 +0530,
T-shirt,29,14,1,2.01,0.09964480006601661,,,,,,,,,,,,1,14,29,7,,,,,5.230505399988033,,5.204043500008993,5.230505399988033,5.230505399988033,5.315812200075015,2.01,0.09964480006601661,,,,,,,,,,,,,,,Participant 02,001,2025-10-16_18h28.54.608,Word Priming Experiment,,2025.1.1,118.33213218187181,2025-10-16 18h29.14.005139 +0530,
Cruise,30,0,2,2.01,0.1303162999683991,,,,,,,,,,,,2,0,30,11,,,,,5.331406200071797,,5.319144600071013,5.331406200071797,5.331406200071797,5.467245900072157,2.01,0.1303162999683991,,,,,,,,,,,,,,,Participant 02,001,2025-10-16_18h28.54.608,Word Priming Experiment,,2025.1.1,118.33213218187181,2025-10-16 18h29.14.005139 +0530,
Pastry,31,1,2,2.01,0.08188720000907779,,,,,,,,,,,,2,1,31,9,,,,,5.4812827000860125,,5.470283900038339,5.4812827000860125,5.4812827000860125,5.582703000050969,2.01,0.08188720000907779,,,,,,,,,,,,,,,Participant 02,001,2025-10-16_18h28.54.608,Word Priming Experiment,,2025.1.1,118.33213218187181,2025-10-16 18h29.14.005139 +0530,
Poster,32,2,2,2.01,0.0986654000589624,,,,,,,,,,,,2,2,32,14,,,,,5.613718900014646,,5.587021099985577,5.613718900014646,5.613718900014646,5.699240799993277,2.01,0.0986654000589624,,,,,,,,,,,,,,,Participant 02,001,2025-10-16_18h28.54.608,Word Priming Experiment,,2025.1.1,118.33213218187181,2025-10-16 18h29.14.005139 +0530,
mouse,33,3,2,2.01,0.10169270006008446,,,,,,,,,,,,2,3,33,8,,,,,5.71483250008896,,5.702823600033298,5.71483250008896,5.71483250008896,5.83401730004698,2.01,0.10169270006008446,,,,,,,,,,,,,,,Participant 02,001,2025-10-16_18h28.54.608,Word Priming Experiment,,2025.1.1,118.33213218187181,2025-10-16 18h29.14.005139 +0530,
Police,34,4,2,2.01,0.09800659993197769,,,,,,,,,,,,2,4,34,12,,,,,5.8508795000379905,,5.837812700076029,5.8508795000379905,5.8508795000379905,5.949571600067429,2.01,0.09800659993197769,,,,,,,,,,,,,,,Participant 02,001,2025-10-16_18h28.54.608,Word Priming Experiment,,2025.1.1,118.33213218187181,2025-10-16 18h29.14.005139 +0530,
marble,35,5,2,2.01,0.09964699996635318,,,,,,,,,,,,2,5,35,3,,,,,5.9646446000551805,,5.95335680001881,5.9646446000551805,5.9646446000551805,6.066472900100052,2.01,0.09964699996635318,,,,,,,,,,,,,,,Participant 02,001,2025-10-16_18h28.54.608,Word Priming Experiment,,2025.1.1,118.33213218187181,2025-10-16 18h29.14.005139 +0530,
book,36,6,2,2.01,0.12929249997250736,,,,,,,,,,,,2,6,36,0,,,,,6.081456599989906,,6.069934000028297,6.081456599989906,6.081456599989906,6.216157800052315,2.01,0.12929249997250736,,,,,,,,,,,,,,,Participant 02,001,2025-10-16_18h28.54.608,Word Priming Experiment,,2025.1.1,118.33213218187181,2025-10-16 18h29.14.005139 +0530,
Case,37,7,2,2.01,0.0864631999284029,,,,,,,,,,,,2,7,37,10,,,,,6.231018600054085,,6.219748500036076,6.231018600054085,6.231018600054085,6.332444200059399,2.01,0.0864631999284029,,,,,,,,,,,,,,,Participant 02,001,2025-10-16_18h28.54.608,Word Priming Experiment,,2025.1.1,118.33213218187181,2025-10-16 18h29.14.005139 +0530,
Keys,38,8,2,2.01,0.0992459999397397,,,,,,,,,,,,2,8,38,13,,,,,6.34888529998716,,6.336716299992986,6.34888529998716,6.34888529998716,6.449810100020841,2.01,0.0992459999397397,,,,,,,,,,,,,,,Participant 02,001,2025-10-16_18h28.54.608,Word Priming Experiment,,2025.1.1,118.33213218187181,2025-10-16 18h29.14.005139 +0530,
cushion,39,9,2,2.01,0.10107109998352826,,,,,,,,,,,,2,9,39,1,,,,,6.465334000065923,,6.452801000094041,6.465334000065923,6.465334000065923,6.5823665000498295,2.01,0.10107109998352826,,,,,,,,,,,,,,,Participant 02,001,2025-10-16_18h28.54.608,Word Priming Experiment,,2025.1.1,118.33213218187181,2025-10-16 18h29.14.005139 +0530,
Laptop,40,10,2,2.01,0.08242469991091639,,,,,,,,,,,,2,10,40,5,,,,,6.598746200092137,,6.586227699997835,6.598746200092137,6.598746200092137,6.682760900002904,2.01,0.08242469991091639,,,,,,,,,,,,,,,Participant 02,001,2025-10-16_18h28.54.608,Word Priming Experiment,,2025.1.1,118.33213218187181,2025-10-16 18h29.14.005139 +0530,
board,41,11,2,2.01,0.1173395001096651,,,,,,,,,,,,2,11,41,4,,,,,6.6981176000554115,,6.685582300066017,6.6981176000554115,6.6981176000554115,6.832249000086449,2.01,0.1173395001096651,,,,,,,,,,,,,,,Participant 02,001,2025-10-16_18h28.54.608,Word Priming Experiment,,2025.1.1,118.33213218187181,2025-10-16 18h29.14.005139 +0530,
Chart,42,12,2,2.01,0.0866686999797821,,,,,,,,,,,,2,12,42,6,,,,,6.848387800040655,,6.836538000032306,6.848387800040655,6.848387800040655,6.948897500056773,2.01,0.0866686999797821,,,,,,,,,,,,,,,Participant 02,001,2025-10-16_18h28.54.608,Word Priming Experiment,,2025.1.1,118.33213218187181,2025-10-16 18h29.14.005139 +0530,
phone,43,13,2,2.005,0.10729050007648766,,,,,,,,,,,,2,13,43,2,,,,,6.971927500097081,,6.953933200100437,6.971927500097081,6.971927500097081,7.090608700062148,2.005,0.10729050007648766,,,,,,,,,,,,,,,Participant 02,001,2025-10-16_18h28.54.608,Word Priming Experiment,,2025.1.1,118.33213218187181,2025-10-16 18h29.14.005139 +0530,
T-shirt,44,14,2,2.005,0.08326910005416721,,,,,,,,,,,,2,14,44,7,,,,,7.1223988001002,,7.095095199998468,7.1223988001002,7.1223988001002,7.190809800056741,2.005,0.08326910005416721,,,,,,,,,,,,,,,Participant 02,001,2025-10-16_18h28.54.608,Word Priming Experiment,,2025.1.1,118.33213218187181,2025-10-16 18h29.14.005139 +0530,
Chart,45,0,3,2.005,0.10303620004560798,,,,,,,,,,,,3,0,45,6,,,,,7.206263000029139,,7.193534500082023,7.206263000029139,7.206263000029139,7.325200900086202,2.005,0.10303620004560798,,,,,,,,,,,,,,,Participant 02,001,2025-10-16_18h28.54.608,Word Priming Experiment,,2025.1.1,118.33213218187181,2025-10-16 18h29.14.005139 +0530,
Police,46,1,3,2.005,0.09974269999656826,,,,,,,,,,,,3,1,46,12,,,,,7.35588450008072,,7.329574400093406,7.35588450008072,7.35588450008072,7.457258200040087,2.005,0.09974269999656826,,,,,,,,,,,,,,,Participant 02,001,2025-10-16_18h28.54.608,Word Priming Experiment,,2025.1.1,118.33213218187181,2025-10-16 18h29.14.005139 +0530,
phone,47,2,3,2.005,0.0993352000368759,,,,,,,,,,,,3,2,47,2,,,,,7.474320700042881,,7.4614143000217155,7.474320700042881,7.474320700042881,7.5759750000434,2.005,0.0993352000368759,,,,,,,,,,,,,,,Participant 02,001,2025-10-16_18h28.54.608,Word Priming Experiment,,2025.1.1,118.33213218187181,2025-10-16 18h29.14.005139 +0530,
Cruise,48,3,3,2.005,0.11185460002161562,,,,,,,,,,,,3,3,48,11,,,,,7.590054500033148,,7.578621500055306,7.590054500033148,7.590054500033148,7.708617500029504,2.005,0.11185460002161562,,,,,,,,,,,,,,,Participant 02,001,2025-10-16_18h28.54.608,Word Priming Experiment,,2025.1.1,118.33213218187181,2025-10-16 18h29.14.005139 +0530,
mouse,49,4,3,2.005,0.08319179993122816,,,,,,,,,,,,3,4,49,8,,,,,7.722926700022072,,7.711908400058746,7.722926700022072,7.722926700022072,7.8087684999918565,2.005,0.08319179993122816,,,,,,,,,,,,,,,Participant 02,001,2025-10-16_18h28.54.608,Word Priming Experiment,,2025.1.1,118.33213218187181,2025-10-16 18h29.14.005139 +0530,
marble,50,5,3,2.005,0.11448950006160885,,,,,,,,,,,,3,5,50,3,,,,,7.824507200042717,,7.811817300040275,7.824507200042717,7.824507200042717,7.941461300011724,2.005,0.11448950006160885,,,,,,,,,,,,,,,Participant 02,001,2025-10-16_18h28.54.608,Word Priming Experiment,,2025.1.1,118.33213218187181,2025-10-16 18h29.14.005139 +0530,
Keys,51,6,3,2.005,0.09934610000345856,,,,,,,,,,,,3,6,51,13,,,,,7.957213400048204,,7.944182900013402,7.957213400048204,7.957213400048204,8.075361700030044,2.005,0.09934610000345856,,,,,,,,,,,,,,,Participant 02,001,2025-10-16_18h28.54.608,Word Priming Experiment,,2025.1.1,118.33213218187181,2025-10-16 18h29.14.005139 +0530,
board,52,7,3,2.005,0.09745109989307821,,,,,,,,,,,,3,7,52,4,,,,,8.105361600057222,,8.079530599992722,8.105361600057222,8.105361600057222,8.191026100073941,2.005,0.09745109989307821,,,,,,,,,,,,,,,Participant 02,001,2025-10-16_18h28.54.608,Word Priming Experiment,,2025.1.1,118.33213218187181,2025-10-16 18h29.14.005139 +0530,
cushion,53,8,3,2.005,0.10242309991735965,,,,,,,,,,,,3,8,53,1,,,,,8.206020400044508,,8.193864800035954,8.206020400044508,8.206020400044508,8.324517000000924,2.005,0.10242309991735965,,,,,,,,,,,,,,,Participant 02,001,2025-10-16_18h28.54.608,Word Priming Experiment,,2025.1.1,118.33213218187181,2025-10-16 18h29.14.005139 +0530,
Poster,54,9,3,2.005,0.09775439999066293,,,,,,,,,,,,3,9,54,14,,,,,8.34005600004457,,8.328565400093794,8.34005600004457,8.34005600004457,8.440045900060795,2.005,0.09775439999066293,,,,,,,,,,,,,,,Participant 02,001,2025-10-16_18h28.54.608,Word Priming Experiment,,2025.1.1,118.33213218187181,2025-10-16 18h29.14.005139 +0530,
T-shirt,55,10,3,2.005,0.10164040001109242,,,,,,,,,,,,3,10,55,7,,,,,8.456166799995117,,8.443851400050335,8.456166799995117,8.456166799995117,8.575268600019626,2.005,0.10164040001109242,,,,,,,,,,,,,,,Participant 02,001,2025-10-16_18h28.54.608,Word Priming Experiment,,2025.1.1,118.33213218187181,2025-10-16 18h29.14.005139 +0530,
Case,56,11,3,2.005,0.09791599994059652,,,,,,,,,,,,3,11,56,10,,,,,8.605551499989815,,8.579166600015014,8.605551499989815,8.605551499989815,8.69101710000541,2.005,0.09791599994059652,,,,,,,,,,,,,,,Participant 02,001,2025-10-16_18h28.54.608,Word Priming Experiment,,2025.1.1,118.33213218187181,2025-10-16 18h29.14.005139 +0530,
Pastry,57,12,3,2.005,0.10328419995494187,,,,,,,,,,,,3,12,57,9,,,,,8.706831500050612,,8.69435790006537,8.706831500050612,8.706831500050612,8.825224100030027,2.005,0.10328419995494187,,,,,,,,,,,,,,,Participant 02,001,2025-10-16_18h28.54.608,Word Priming Experiment,,2025.1.1,118.33213218187181,2025-10-16 18h29.14.005139 +0530,
book,58,13,3,2.005,0.0972796999849379,,,,,,,,,,,,3,13,58,0,,,,,8.840342200011946,,8.82887570001185,8.840342200011946,8.840342200011946,8.941546000074595,2.005,0.0972796999849379,,,,,,,,,,,,,,,Participant 02,001,2025-10-16_18h28.54.608,Word Priming Experiment,,2025.1.1,118.33213218187181,2025-10-16 18h29.14.005139 +0530,
Laptop,59,14,3,2.005,0.09984839998651296,,,,,,,,,,,,3,14,59,5,,,,,8.95629350002855,,8.945692999986932,8.95629350002855,8.95629350002855,9.05781350005418,2.005,0.09984839998651296,,,,,,,,,,,,,,,Participant 02,001,2025-10-16_18h28.54.608,Word Priming Experiment,,2025.1.1,118.33213218187181,2025-10-16 18h29.14.005139 +0530,
Keys,60,0,4,2.005,0.13158889999613166,,,,,,,,,,,,4,0,60,13,,,,,9.072852000012062,,9.060201800079085,9.072852000012062,9.072852000012062,9.208527300041169,2.005,0.13158889999613166,,,,,,,,,,,,,,,Participant 02,001,2025-10-16_18h28.54.608,Word Priming Experiment,,2025.1.1,118.33213218187181,2025-10-16 18h29.14.005139 +0530,
book,61,1,4,2.005,0.09456399991177022,,,,,,,,,,,,4,1,61,0,,,,,9.238937800051644,,9.212228700052947,9.238937800051644,9.238937800051644,9.326315600075759,2.005,0.09456399991177022,,,,,,,,,,,,,,,Participant 02,001,2025-10-16_18h28.54.608,Word Priming Experiment,,2025.1.1,118.33213218187181,2025-10-16 18h29.14.005139 +0530,
mouse,62,2,4,2.005,0.09946519997902215,,,,,,,,,,,,4,2,62,8,,,,,9.339553700061515,,9.328968400019221,9.339553700061515,9.339553700061515,9.45761909999419,2.005,0.09946519997902215,,,,,,,,,,,,,,,Participant 02,001,2025-10-16_18h28.54.608,Word Priming Experiment,,2025.1.1,118.33213218187181,2025-10-16 18h29.14.005139 +0530,
Pastry,63,3,4,2.005,0.11568889999762177,,,,,,,,,,,,4,3,63,9,,,,,9.47374570008833,,9.462112899986096,9.47374570008833,9.47374570008833,9.607872100081295,2.005,0.11568889999762177,,,,,,,,,,,,,,,Participant 02,001,2025-10-16_18h28.54.608,Word Priming Experiment,,2025.1.1,118.33213218187181,2025-10-16 18h29.14.005139 +0530,
Cruise,64,4,4,2.005,0.08368210005573928,,,,,,,,,,,,4,4,64,11,,,,,9.624460700084455,,9.611874500056729,9.624460700084455,9.624460700084455,9.709521100041457,2.005,0.08368210005573928,,,,,,,,,,,,,,,Participant 02,001,2025-10-16_18h28.54.608,Word Priming Experiment,,2025.1.1,118.33213218187181,2025-10-16 18h29.14.005139 +0530,
Poster,65,5,4,2.005,0.11430979997385293,,,,,,,,,,,,4,5,65,14,,,,,9.723596399999224,,9.712894199998118,9.723596399999224,9.723596399999224,9.841300300089642,2.005,0.11430979997385293,,,,,,,,,,,,,,,Participant 02,001,2025-10-16_18h28.54.608,Word Priming Experiment,,2025.1.1,118.33213218187181,2025-10-16 18h29.14.005139 +0530,
board,66,6,4,2.005,0.1001153999241069,,,,,,,,,,,,4,6,66,4,,,,,9.872798399999738,,9.846467800089158,9.872798399999738,9.872798399999738,9.973680900060572,2.005,0.1001153999241069,,,,,,,,,,,,,,,Participant 02,001,2025-10-16_18h28.54.608,Word Priming Experiment,,2025.1.1,118.33213218187181,2025-10-16 18h29.14.005139 +0530,
Police,67,7,4,2.005,0.08256589993834496,,,,,,,,,,,,4,7,67,12,,,,,9.99061590002384,,9.977460300084203,9.99061590002384,9.99061590002384,10.074406700092368,2.005,0.08256589993834496,,,,,,,,,,,,,,,Participant 02,001,2025-10-16_18h28.54.608,Word Priming Experiment,,2025.1.1,118.33213218187181,2025-10-16 18h29.14.005139 +0530,
T-shirt,68,8,4,2.005,0.11656630004290491,,,,,,,,,,,,4,8,68,7,,,,,10.090088400058448,,10.077730100019835,10.090088400058448,10.090088400058448,10.207497600000352,2.005,0.11656630004290491,,,,,,,,,,,,,,,Participant 02,001,2025-10-16_18h28.54.608,Word Priming Experiment,,2025.1.1,118.33213218187181,2025-10-16 18h29.14.005139 +0530,
Case,69,9,4,2.005,0.10279280005488545,,,,,,,,,,,,4,9,69,10,,,,,10.222797900089063,,10.210262899985537,10.222797900089063,10.222797900089063,10.341621300089173,2.005,0.10279280005488545,,,,,,,,,,,,,,,Participant 02,001,2025-10-16_18h28.54.608,Word Priming Experiment,,2025.1.1,118.33213218187181,2025-10-16 18h29.14.005139 +0530,
cushion,70,10,4,2.005,0.11175129993353039,,,,,,,,,,,,4,10,70,1,,,,,10.373124900041148,,10.34653670003172,10.373124900041148,10.373124900041148,10.476341300061904,2.005,0.11175129993353039,,,,,,,,,,,,,,,Participant 02,001,2025-10-16_18h28.54.608,Word Priming Experiment,,2025.1.1,118.33213218187181,2025-10-16 18h29.14.005139 +0530,
phone,71,11,4,2.005,0.08272319997195154,,,,,,,,,,,,4,11,71,2,,,,,10.505384900025092,,10.47931880003307,10.505384900025092,10.505384900025092,10.590460100094788,2.005,0.08272319997195154,,,,,,,,,,,,,,,Participant 02,001,2025-10-16_18h28.54.608,Word Priming Experiment,,2025.1.1,118.33213218187181,2025-10-16 18h29.14.005139 +0530,
Chart,72,12,4,2.005,0.0995852000778541,,,,,,,,,,,,4,12,72,6,,,,,10.607017300091684,,10.594471400021575,10.607017300091684,10.607017300091684,10.709253100096248,2.005,0.0995852000778541,,,,,,,,,,,,,,,Participant 02,001,2025-10-16_18h28.54.608,Word Priming Experiment,,2025.1.1,118.33213218187181,2025-10-16 18h29.14.005139 +0530,
Laptop,73,13,4,2.005,0.0985651999944821,,,,,,,,,,,,4,13,73,5,,,,,10.723612500005402,,10.712091300054453,10.723612500005402,10.723612500005402,10.840181200066581,2.005,0.0985651999944821,,,,,,,,,,,,,,,Participant 02,001,2025-10-16_18h28.54.608,Word Priming Experiment,,2025.1.1,118.33213218187181,2025-10-16 18h29.14.005139 +0530,
marble,74,14,4,2.005,0.10187580005731434,,,,,,,,,,,,4,14,74,3,,,,,10.85794880008325,,10.8439676000271,10.85794880008325,10.85794880008325,10.974412600044161,2.005,0.10187580005731434,,,,,,,,,,,,,,,Participant 02,001,2025-10-16_18h28.54.608,Word Priming Experiment,,2025.1.1,118.33213218187181,2025-10-16 18h29.14.005139 +0530,
Pastry,75,0,5,2.005,0.08253400004468858,,,,,,,,,,,,5,0,75,9,,,,,10.9909296000842,,10.979005600092933,10.9909296000842,10.9909296000842,11.074817400076427,2.005,0.08253400004468858,,,,,,,,,,,,,,,Participant 02,001,2025-10-16_18h28.54.608,Word Priming Experiment,,2025.1.1,118.33213218187181,2025-10-16 18h29.14.005139 +0530,
mouse,76,1,5,2.005,0.11850500002037734,,,,,,,,,,,,5,1,76,8,,,,,11.090077700093389,,11.077265400090255,11.090077700093389,11.090077700093389,11.211615900043398,2.005,0.11850500002037734,,,,,,,,,,,,,,,Participant 02,001,2025-10-16_18h28.54.608,Word Priming Experiment,,2025.1.1,118.33213218187181,2025-10-16 18h29.14.005139 +0530,
Case,77,2,5,2.005,0.1130105999764055,,,,,,,,,,,,5,2,77,10,,,,,11.238940500072204,,11.214475800050423,11.238940500072204,11.238940500072204,11.341295600053854,2.005,0.1130105999764055,,,,,,,,,,,,,,,Participant 02,001,2025-10-16_18h28.54.608,Word Priming Experiment,,2025.1.1,118.33213218187181,2025-10-16 18h29.14.005139 +0530,
Keys,78,3,5,2.005,0.10180100006982684,,,,,,,,,,,,5,3,78,13,,,,,11.356830800068565,,11.34410340001341,11.356830800068565,11.356830800068565,11.45802810008172,2.005,0.10180100006982684,,,,,,,,,,,,,,,Participant 02,001,2025-10-16_18h28.54.608,Word Priming Experiment,,2025.1.1,118.33213218187181,2025-10-16 18h29.14.005139 +0530,
Cruise,79,4,5,2.005,0.1020727000432089,,,,,,,,,,,,5,4,79,11,,,,,11.473455600091256,,11.461043299990706,11.473455600091256,11.473455600091256,11.5904202000238,2.005,0.1020727000432089,,,,,,,,,,,,,,,Participant 02,001,2025-10-16_18h28.54.608,Word Priming Experiment,,2025.1.1,118.33213218187181,2025-10-16 18h29.14.005139 +0530,
cushion,80,5,5,2.005,0.09928880003280938,,,,,,,,,,,,5,5,80,1,,,,,11.607129400013946,,11.595363600063138,11.607129400013946,11.607129400013946,11.707629900076427,2.005,0.09928880003280938,,,,,,,,,,,,,,,Participant 02,001,2025-10-16_18h28.54.608,Word Priming Experiment,,2025.1.1,118.33213218187181,2025-10-16 18h29.14.005139 +0530,
Poster,81,6,5,2.005,0.10180820000823587,,,,,,,,,,,,5,6,81,14,,,,,11.723233500029892,,11.710008800029755,11.723233500029892,11.723233500029892,11.84096020006109,2.005,0.10180820000823587,,,,,,,,,,,,,,,Participant 02,001,2025-10-16_18h28.54.608,Word Priming Experiment,,2025.1.1,118.33213218187181,2025-10-16 18h29.14.005139 +0530,
board,82,7,5,2.005,0.10184350004419684,,,,,,,,,,,,5,7,82,4,,,,,11.856888400041498,,11.844034600071609,11.856888400041498,11.856888400041498,11.97312800004147,2.005,0.10184350004419684,,,,,,,,,,,,,,,Participant 02,001,2025-10-16_18h28.54.608,Word Priming Experiment,,2025.1.1,118.33213218187181,2025-10-16 18h29.14.005139 +0530,
Laptop,83,8,5,2.005,0.08696470002178103,,,,,,,,,,,,5,8,83,5,,,,,11.990412499988452,,11.977298900019377,11.990412499988452,11.990412499988452,12.07567759999074,2.005,0.08696470002178103,,,,,,,,,,,,,,,Participant 02,001,2025-10-16_18h28.54.608,Word Priming Experiment,,2025.1.1,118.33213218187181,2025-10-16 18h29.14.005139 +0530,
Police,84,9,5,2.005,0.10089050000533462,,,,,,,,,,,,5,9,84,12,,,,,12.090978300082497,,12.078680700040422,12.090978300082497,12.090978300082497,12.190759500022978,2.005,0.10089050000533462,,,,,,,,,,,,,,,Participant 02,001,2025-10-16_18h28.54.608,Word Priming Experiment,,2025.1.1,118.33213218187181,2025-10-16 18h29.14.005139 +0530,
T-shirt,85,10,5,2.005,0.14879009989090264,,,,,,,,,,,,5,10,85,7,,,,,12.207966300076805,,12.19351040001493,12.207966300076805,12.207966300076805,12.358800600050017,2.005,0.14879009989090264,,,,,,,,,,,,,,,Participant 02,001,2025-10-16_18h28.54.608,Word Priming Experiment,,2025.1.1,118.33213218187181,2025-10-16 18h29.14.005139 +0530,
phone,86,11,5,2.005,0.09505719994194806,,,,,,,,,,,,5,11,86,2,,,,,12.373711500084028,,12.362075600074604,12.373711500084028,12.373711500084028,12.474789100000635,2.005,0.09505719994194806,,,,,,,,,,,,,,,Participant 02,001,2025-10-16_18h28.54.608,Word Priming Experiment,,2025.1.1,118.33213218187181,2025-10-16 18h29.14.005139 +0530,
Chart,87,12,5,2.005,0.09719100000802428,,,,,,,,,,,,5,12,87,6,,,,,12.489687000052072,,12.478049400029704,12.489687000052072,12.489687000052072,12.591502099996433,2.005,0.09719100000802428,,,,,,,,,,,,,,,Participant 02,001,2025-10-16_18h28.54.608,Word Priming Experiment,,2025.1.1,118.33213218187181,2025-10-16 18h29.14.005139 +0530,
marble,88,13,5,2.005,0.09980560000985861,,,,,,,,,,,,5,13,88,3,,,,,12.606423999997787,,12.595467300037853,12.606423999997787,12.606423999997787,12.723559600068256,2.005,0.09980560000985861,,,,,,,,,,,,,,,Participant 02,001,2025-10-16_18h28.54.608,Word Priming Experiment,,2025.1.1,118.33213218187181,2025-10-16 18h29.14.005139 +0530,
book,89,14,5,2.005,0.0991611999925226,,,,,,,,,,,,5,14,89,0,,,,,12.740377400070429,,12.7266409000149,12.740377400070429,12.740377400070429,12.840672100079246,2.005,0.0991611999925226,,,,,,,,,,,,,,,Participant 02,001,2025-10-16_18h28.54.608,Word Priming Experiment,,2025.1.1,118.33213218187181,2025-10-16 18h29.14.005139 +0530,
cushion,90,0,6,2.005,0.09983200009446591,,,,,,,,,,,,6,0,90,1,,,,,12.856094400049187,,12.844690300058573,12.856094400049187,12.856094400049187,12.957437300006859,2.005,0.09983200009446591,,,,,,,,,,,,,,,Participant 02,001,2025-10-16_18h28.54.608,Word Priming Experiment,,2025.1.1,118.33213218187181,2025-10-16 18h29.14.005139 +0530,
T-shirt,91,1,6,2.005,0.1038082999875769,,,,,,,,,,,,6,1,91,7,,,,,12.973059799987823,,12.960028500063345,12.973059799987823,12.973059799987823,13.09069450001698,2.005,0.1038082999875769,,,,,,,,,,,,,,,Participant 02,001,2025-10-16_18h28.54.608,Word Priming Experiment,,2025.1.1,118.33213218187181,2025-10-16 18h29.14.005139 +0530,
marble,92,2,6,2.005,0.10001349996309727,,,,,,,,,,,,6,2,92,3,,,,,13.107672900077887,,13.09406570007559,13.107672900077887,13.107672900077887,13.207318100030534,2.005,0.10001349996309727,,,,,,,,,,,,,,,Participant 02,001,2025-10-16_18h28.54.608,Word Priming Experiment,,2025.1.1,118.33213218187181,2025-10-16 18h29.14.005139 +0530,
board,93,3,6,2.005,0.10295760002918541,,,,,,,,,,,,6,3,93,4,,,,,13.22325380006805,,13.209660800057463,13.22325380006805,13.22325380006805,13.326243199990131,2.005,0.10295760002918541,,,,,,,,,,,,,,,Participant 02,001,2025-10-16_18h28.54.608,Word Priming Experiment,,2025.1.1,118.33213218187181,2025-10-16 18h29.14.005139 +0530,
mouse,94,4,6,2.005,0.11600190005265176,,,,,,,,,,,,6,4,94,8,,,,,13.341859400039539,,13.329127700068057,13.341859400039539,13.341859400039539,13.473636600072496,2.005,0.11600190005265176,,,,,,,,,,,,,,,Participant 02,001,2025-10-16_18h28.54.608,Word Priming Experiment,,2025.1.1,118.33213218187181,2025-10-16 18h29.14.005139 +0530,
book,95,5,6,2.005,0.08292939991224557,,,,,,,,,,,,6,5,95,0,,,,,13.491434600087814,,13.478822200093418,13.491434600087814,13.491434600087814,13.574414200033061,2.005,0.08292939991224557,,,,,,,,,,,,,,,Participant 02,001,2025-10-16_18h28.54.608,Word Priming Experiment,,2025.1.1,118.33213218187181,2025-10-16 18h29.14.005139 +0530,
Keys,96,6,6,2.005,0.11994459992274642,,,,,,,,,,,,6,6,96,13,,,,,13.590926500037313,,13.57675270002801,13.590926500037313,13.590926500037313,13.723355300026014,2.005,0.11994459992274642,,,,,,,,,,,,,,,Participant 02,001,2025-10-16_18h28.54.608,Word Priming Experiment,,2025.1.1,118.33213218187181,2025-10-16 18h29.14.005139 +0530,
Case,97,7,6,2.005,0.08490040001925081,,,,,,,,,,,,6,7,97,10,,,,,13.740167699987069,,13.727589800022542,13.740167699987069,13.740167699987069,13.82591900008265,2.005,0.08490040001925081,,,,,,,,,,,,,,,Participant 02,001,2025-10-16_18h28.54.608,Word Priming Experiment,,2025.1.1,118.33213218187181,2025-10-16 18h29.14.005139 +0530,
Poster,98,8,6,2.005,0.13127469993196428,,,,,,,,,,,,6,8,98,14,,,,,13.840346800046973,,13.829279500059783,13.840346800046973,13.840346800046973,13.975540400017053,2.005,0.13127469993196428,,,,,,,,,,,,,,,Participant 02,001,2025-10-16_18h28.54.608,Word Priming Experiment,,2025.1.1,118.33213218187181,2025-10-16 18h29.14.005139 +0530,
Chart,99,9,6,2.005,0.08284370007459074,,,,,,,,,,,,6,9,99,6,,,,,13.990398399997503,,13.97948219999671,13.990398399997503,13.990398399997503,14.074095400050282,2.005,0.08284370007459074,,,,,,,,,,,,,,,Participant 02,001,2025-10-16_18h28.54.608,Word Priming Experiment,,2025.1.1,118.33213218187181,2025-10-16 18h29.14.005139 +0530,
Police,100,10,6,2.005,0.1301402000244707,,,,,,,,,,,,6,10,100,12,,,,,14.090195000055246,,14.077019900083542,14.090195000055246,14.090195000055246,14.224986399989575,2.005,0.1301402000244707,,,,,,,,,,,,,,,Participant 02,001,2025-10-16_18h28.54.608,Word Priming Experiment,,2025.1.1,118.33213218187181,2025-10-16 18h29.14.005139 +0530,
Laptop,101,11,6,2.005,0.08421630004886538,,,,,,,,,,,,6,11,101,5,,,,,14.240284000057727,,14.227613300085068,14.240284000057727,14.240284000057727,14.340721799992025,2.005,0.08421630004886538,,,,,,,,,,,,,,,Participant 02,001,2025-10-16_18h28.54.608,Word Priming Experiment,,2025.1.1,118.33213218187181,2025-10-16 18h29.14.005139 +0530,
Pastry,102,12,6,2.005,0.11372160003520548,,,,,,,,,,,,6,12,102,9,,,,,14.357253500027582,,14.344337100046687,14.357253500027582,14.357253500027582,14.475788100040518,2.005,0.11372160003520548,,,,,,,,,,,,,,,Participant 02,001,2025-10-16_18h28.54.608,Word Priming Experiment,,2025.1.1,118.33213218187181,2025-10-16 18h29.14.005139 +0530,
Cruise,103,13,6,2.005,0.08212470007129014,,,,,,,,,,,,6,13,103,11,,,,,14.490319900098257,,14.479358799988404,14.490319900098257,14.490319900098257,14.59012820001226,2.005,0.08212470007129014,,,,,,,,,,,,,,,Participant 02,001,2025-10-16_18h28.54.608,Word Priming Experiment,,2025.1.1,118.33213218187181,2025-10-16 18h29.14.005139 +0530,
phone,104,14,6,2.005,0.08375810005236417,,,,,,,,,,,,6,14,104,2,,,,,14.606610600021668,,14.594044900033623,14.606610600021668,14.606610600021668,14.69433550001122,2.005,0.08375810005236417,,,,,,,,,,,,,,,Participant 02,001,2025-10-16_18h28.54.608,Word Priming Experiment,,2025.1.1,118.33213218187181,2025-10-16 18h29.14.005139 +0530,
marble,105,0,7,2.005,0.12925080000422895,,,,,,,,,,,,7,0,105,3,,,,,14.72223350009881,,14.698038100032136,14.72223350009881,14.72223350009881,14.84079670009669,2.005,0.12925080000422895,,,,,,,,,,,,,,,Participant 02,001,2025-10-16_18h28.54.608,Word Priming Experiment,,2025.1.1,118.33213218187181,2025-10-16 18h29.14.005139 +0530,
Cruise,106,1,7,2.005,0.21674810000695288,,,,,,,,,,,,7,1,106,11,,,,,14.856945400009863,,14.845029600081034,14.856945400009863,14.856945400009863,15.09029790002387,2.005,0.21674810000695288,,,,,,,,,,,,,,,Participant 02,001,2025-10-16_18h28.54.608,Word Priming Experiment,,2025.1.1,118.33213218187181,2025-10-16 18h29.14.005139 +0530,
mouse,107,2,7,2.005,0.10039329994469881,,,,,,,,,,,,7,2,107,8,,,,,15.10718839999754,,15.094233000068925,15.10718839999754,15.10718839999754,15.22378200001549,2.005,0.10039329994469881,,,,,,,,,,,,,,,Participant 02,001,2025-10-16_18h28.54.608,Word Priming Experiment,,2025.1.1,118.33213218187181,2025-10-16 18h29.14.005139 +0530,
book,108,3,7,2.005,0.08336300007067621,,,,,,,,,,,,7,3,108,0,,,,,15.255874800030142,,15.228250200045295,15.255874800030142,15.255874800030142,15.324331300100312,2.005,0.08336300007067621,,,,,,,,,,,,,,,Participant 02,001,2025-10-16_18h28.54.608,Word Priming Experiment,,2025.1.1,118.33213218187181,2025-10-16 18h29.14.005139 +0530,
Pastry,109,4,7,2.005,0.11587989993859082,,,,,,,,,,,,7,4,109,9,,,,,15.339636799995787,,15.32832850003615,15.339636799995787,15.339636799995787,15.47364209999796,2.005,0.11587989993859082,,,,,,,,,,,,,,,Participant 02,001,2025-10-16_18h28.54.608,Word Priming Experiment,,2025.1.1,118.33213218187181,2025-10-16 18h29.14.005139 +0530,
Chart,110,5,7,2.005,0.08598970004823059,,,,,,,,,,,,7,5,110,6,,,,,15.49072890006937,,15.47729629999958,15.49072890006937,15.49072890006937,15.592302900040522,2.005,0.08598970004823059,,,,,,,,,,,,,,,Participant 02,001,2025-10-16_18h28.54.608,Word Priming Experiment,,2025.1.1,118.33213218187181,2025-10-16 18h29.14.005139 +0530,
Keys,111,6,7,2.005,0.11305489996448159,,,,,,,,,,,,7,6,111,13,,,,,15.607192300027236,,15.59531990007963,15.607192300027236,15.607192300027236,15.725455500069074,2.005,0.11305489996448159,,,,,,,,,,,,,,,Participant 02,001,2025-10-16_18h28.54.608,Word Priming Experiment,,2025.1.1,118.33213218187181,2025-10-16 18h29.14.005139 +0530,
T-shirt,112,7,7,2.005,0.0828656000085175,,,,,,,,,,,,7,7,112,7,,,,,15.73989170009736,,15.72935130004771,15.73989170009736,15.73989170009736,15.825463699991815,2.005,0.0828656000085175,,,,,,,,,,,,,,,Participant 02,001,2025-10-16_18h28.54.608,Word Priming Experiment,,2025.1.1,118.33213218187181,2025-10-16 18h29.14.005139 +0530,
board,113,8,7,2.005,0.11493429995607585,,,,,,,,,,,,7,8,113,4,,,,,15.840622100047767,,15.829093800042756,15.840622100047767,15.840622100047767,15.95830629998818,2.005,0.11493429995607585,,,,,,,,,,,,,,,Participant 02,001,2025-10-16_18h28.54.608,Word Priming Experiment,,2025.1.1,118.33213218187181,2025-10-16 18h29.14.005139 +0530,
phone,114,9,7,2.005,0.09913689992390573,,,,,,,,,,,,7,9,114,2,,,,,15.97343760007061,,15.962824500049464,15.97343760007061,15.97343760007061,16.090395700070076,2.005,0.09913689992390573,,,,,,,,,,,,,,,Participant 02,001,2025-10-16_18h28.54.608,Word Priming Experiment,,2025.1.1,118.33213218187181,2025-10-16 18h29.14.005139 +0530,
Laptop,115,10,7,2.005,0.10055150010157377,,,,,,,,,,,,7,10,115,5,,,,,16.10742440004833,,16.094819999998435,16.10742440004833,16.10742440004833,16.207974300021306,2.005,0.10055150010157377,,,,,,,,,,,,,,,Participant 02,001,2025-10-16_18h28.54.608,Word Priming Experiment,,2025.1.1,118.33213218187181,2025-10-16 18h29.14.005139 +0530,
Police,116,11,7,2.005,0.11592810007277876,,,,,,,,,,,,7,11,116,12,,,,,16.22328929998912,,16.210519200074486,16.22328929998912,16.22328929998912,16.34056360006798,2.005,0.11592810007277876,,,,,,,,,,,,,,,Participant 02,001,2025-10-16_18h28.54.608,Word Priming Experiment,,2025.1.1,118.33213218187181,2025-10-16 18h29.14.005139 +0530,
Poster,117,12,7,2.005,0.11444319994188845,,,,,,,,,,,,7,12,117,14,,,,,16.356610200018622,,16.34363380004652,16.356610200018622,16.356610200018622,16.47496390005108,2.005,0.11444319994188845,,,,,,,,,,,,,,,Participant 02,001,2025-10-16_18h28.54.608,Word Priming Experiment,,2025.1.1,118.33213218187181,2025-10-16 18h29.14.005139 +0530,
Case,118,13,7,2.005,0.09924910007975996,,,,,,,,,,,,7,13,118,10,,,,,16.489553600084037,,16.47822370007634,16.489553600084037,16.489553600084037,16.59113570000045,2.005,0.09924910007975996,,,,,,,,,,,,,,,Participant 02,001,2025-10-16_18h28.54.608,Word Priming Experiment,,2025.1.1,118.33213218187181,2025-10-16 18h29.14.005139 +0530,
cushion,119,14,7,2.005,0.1001968999626115,,,,,,,,,,,,7,14,119,1,,,,,16.60641620005481,,16.595591900055297,16.60641620005481,16.60641620005481,16.723226600093767,2.005,0.1001968999626115,,,,,,,,,,,,,,,Participant 02,001,2025-10-16_18h28.54.608,Word Priming Experiment,,2025.1.1,118.33213218187181,2025-10-16 18h29.14.005139 +0530,
T-shirt,120,0,8,2.005,0.11367840005550534,,,,,,,,,,,,8,0,120,7,,,,,16.741042600013316,,16.726622399990447,16.741042600013316,16.741042600013316,16.858286900096573,2.005,0.11367840005550534,,,,,,,,,,,,,,,Participant 02,001,2025-10-16_18h28.54.608,Word Priming Experiment,,2025.1.1,118.33213218187181,2025-10-16 18h29.14.005139 +0530,
Case,121,1,8,2.005,0.08300550002604723,,,,,,,,,,,,8,1,121,10,,,,,16.87273579998873,,16.86131629999727,16.87273579998873,16.87273579998873,16.957673100056127,2.005,0.08300550002604723,,,,,,,,,,,,,,,Participant 02,001,2025-10-16_18h28.54.608,Word Priming Experiment,,2025.1.1,118.33213218187181,2025-10-16 18h29.14.005139 +0530,
book,122,2,8,2.005,0.1309222000418231,,,,,,,,,,,,8,2,122,0,,,,,16.973107900004834,,16.960461899987422,16.973107900004834,16.973107900004834,17.108321800013073,2.005,0.1309222000418231,,,,,,,,,,,,,,,Participant 02,001,2025-10-16_18h28.54.608,Word Priming Experiment,,2025.1.1,118.33213218187181,2025-10-16 18h29.14.005139 +0530,
Chart,123,3,8,2.005,0.08185169997159392,,,,,,,,,,,,8,3,123,6,,,,,17.123860100051388,,17.112027800059877,17.123860100051388,17.123860100051388,17.208315800060518,2.005,0.08185169997159392,,,,,,,,,,,,,,,Participant 02,001,2025-10-16_18h28.54.608,Word Priming Experiment,,2025.1.1,118.33213218187181,2025-10-16 18h29.14.005139 +0530,
mouse,124,4,8,2.005,0.10171169997192919,,,,,,,,,,,,8,4,124,8,,,,,17.22249150008429,,17.21146600006614,17.22249150008429,17.22249150008429,17.34056620008778,2.005,0.10171169997192919,,,,,,,,,,,,,,,Participant 02,001,2025-10-16_18h28.54.608,Word Priming Experiment,,2025.1.1,118.33213218187181,2025-10-16 18h29.14.005139 +0530,
Keys,125,5,8,2.005,0.11412389995530248,,,,,,,,,,,,8,5,125,13,,,,,17.357145600020885,,17.344445900060236,17.357145600020885,17.357145600020885,17.47509550000541,2.005,0.11412389995530248,,,,,,,,,,,,,,,Participant 02,001,2025-10-16_18h28.54.608,Word Priming Experiment,,2025.1.1,118.33213218187181,2025-10-16 18h29.14.005139 +0530,
board,126,6,8,2.005,0.0978021000046283,,,,,,,,,,,,8,6,126,4,,,,,17.489922500099055,,17.478222600067966,17.489922500099055,17.489922500099055,17.592569300089963,2.005,0.0978021000046283,,,,,,,,,,,,,,,Participant 02,001,2025-10-16_18h28.54.608,Word Priming Experiment,,2025.1.1,118.33213218187181,2025-10-16 18h29.14.005139 +0530,
Pastry,127,7,8,2.005,0.1001096999971196,,,,,,,,,,,,8,7,127,9,,,,,17.606453399988823,,17.595120800076984,17.606453399988823,17.606453399988823,17.72387610003352,2.005,0.1001096999971196,,,,,,,,,,,,,,,Participant 02,001,2025-10-16_18h28.54.608,Word Priming Experiment,,2025.1.1,118.33213218187181,2025-10-16 18h29.14.005139 +0530,
Poster,128,8,8,2.005,0.08540550002362579,,,,,,,,,,,,8,8,128,14,,,,,17.755383200012147,,17.727678600000218,17.755383200012147,17.755383200012147,17.825393500039354,2.005,0.08540550002362579,,,,,,,,,,,,,,,Participant 02,001,2025-10-16_18h28.54.608,Word Priming Experiment,,2025.1.1,118.33213218187181,2025-10-16 18h29.14.005139 +0530,
Laptop,129,9,8,2.005,0.1289732001023367,,,,,,,,,,,,8,9,129,5,,,,,17.84158250002656,,17.828222100040875,17.84158250002656,17.84158250002656,17.974722900078632,2.005,0.1289732001023367,,,,,,,,,,,,,,,Participant 02,001,2025-10-16_18h28.54.608,Word Priming Experiment,,2025.1.1,118.33213218187181,2025-10-16 18h29.14.005139 +0530,
Police,130,10,8,2.005,0.08524060004856437,,,,,,,,,,,,8,10,130,12,,,,,17.990242800093256,,17.977779100066982,17.990242800093256,17.990242800093256,18.090511000016704,2.005,0.08524060004856437,,,,,,,,,,,,,,,Participant 02,001,2025-10-16_18h28.54.608,Word Priming Experiment,,2025.1.1,118.33213218187181,2025-10-16 18h29.14.005139 +0530,
cushion,131,11,8,2.005,0.11433700006455183,,,,,,,,,,,,8,11,131,1,,,,,18.107018000097014,,18.094359699985944,18.107018000097014,18.107018000097014,18.225423600059003,2.005,0.11433700006455183,,,,,,,,,,,,,,,Participant 02,001,2025-10-16_18h28.54.608,Word Priming Experiment,,2025.1.1,118.33213218187181,2025-10-16 18h29.14.005139 +0530,
Cruise,132,12,8,2.005,0.0870630000717938,,,,,,,,,,,,8,12,132,11,,,,,18.241551300045103,,18.228913800092414,18.241551300045103,18.241551300045103,18.340436200029217,2.005,0.0870630000717938,,,,,,,,,,,,,,,Participant 02,001,2025-10-16_18h28.54.608,Word Priming Experiment,,2025.1.1,118.33213218187181,2025-10-16 18h29.14.005139 +0530,
marble,133,13,8,2.005,0.10359449998941272,,,,,,,,,,,,8,13,133,3,,,,,18.356883500004187,,18.34420080005657,18.356883500004187,18.356883500004187,18.474292600061744,2.005,0.10359449998941272,,,,,,,,,,,,,,,Participant 02,001,2025-10-16_18h28.54.608,Word Priming Experiment,,2025.1.1,118.33213218187181,2025-10-16 18h29.14.005139 +0530,
phone,134,14,8,2.005,0.09803929994814098,,,,,,,,,,,,8,14,134,2,,,,,18.490222900058143,,18.478423100081272,18.490222900058143,18.490222900058143,18.590365100069903,2.005,0.09803929994814098,,,,,,,,,,,,,,,Participant 02,001,2025-10-16_18h28.54.608,Word Priming Experiment,,2025.1.1,118.33213218187181,2025-10-16 18h29.14.005139 +0530,
Laptop,135,0,9,2.005,0.09941720007918775,,,,,,,,,,,,9,0,135,5,,,,,18.60604450001847,,18.594153900048696,18.60604450001847,18.60604450001847,18.707337100058794,2.005,0.09941720007918775,,,,,,,,,,,,,,,Participant 02,001,2025-10-16_18h28.54.608,Word Priming Experiment,,2025.1.1,118.33213218187181,2025-10-16 18h29.14.005139 +0530,
Pastry,136,1,9,2.005,0.11617819999810308,,,,,,,,,,,,9,1,136,9,,,,,18.723053900059313,,18.70980439998675,18.723053900059313,18.723053900059313,18.842742000008002,2.005,0.11617819999810308,,,,,,,,,,,,,,,Participant 02,001,2025-10-16_18h28.54.608,Word Priming Experiment,,2025.1.1,118.33213218187181,2025-10-16 18h29.14.005139 +0530,
Cruise,137,2,9,2.005,0.09871519997250289,,,,,,,,,,,,9,2,137,11,,,,,18.856680000084452,,18.846124600037,18.856680000084452,18.856680000084452,18.973630400025286,2.005,0.09871519997250289,,,,,,,,,,,,,,,Participant 02,001,2025-10-16_18h28.54.608,Word Priming Experiment,,2025.1.1,118.33213218187181,2025-10-16 18h29.14.005139 +0530,
board,138,3,9,2.005,0.08385710010770708,,,,,,,,,,,,9,3,138,4,,,,,18.989804000011645,,18.977543500019237,18.989804000011645,18.989804000011645,19.07464600005187,2.005,0.08385710010770708,,,,,,,,,,,,,,,Participant 02,001,2025-10-16_18h28.54.608,Word Priming Experiment,,2025.1.1,118.33213218187181,2025-10-16 18h29.14.005139 +0530,
Poster,139,4,9,2.005,0.2350992999272421,,,,,,,,,,,,9,4,139,14,,,,,19.09070410009008,,19.077930800034665,19.09070410009008,19.09070410009008,19.32572900003288,2.005,0.2350992999272421,,,,,,,,,,,,,,,Participant 02,001,2025-10-16_18h28.54.608,Word Priming Experiment,,2025.1.1,118.33213218187181,2025-10-16 18h29.14.005139 +0530,
phone,140,5,9,2.005,0.114735999959521,,,,,,,,,,,,9,5,140,2,,,,,19.34190680005122,,19.328990400070325,19.34190680005122,19.34190680005122,19.457595200045034,2.005,0.114735999959521,,,,,,,,,,,,,,,Participant 02,001,2025-10-16_18h28.54.608,Word Priming Experiment,,2025.1.1,118.33213218187181,2025-10-16 18h29.14.005139 +0530,
cushion,141,6,9,2.005,0.10309340001549572,,,,,,,,,,,,9,6,141,1,,,,,19.472572600003332,,19.460372100002132,19.472572600003332,19.472572600003332,19.591985400067642,2.005,0.10309340001549572,,,,,,,,,,,,,,,Participant 02,001,2025-10-16_18h28.54.608,Word Priming Experiment,,2025.1.1,118.33213218187181,2025-10-16 18h29.14.005139 +0530,
T-shirt,142,7,9,2.005,0.11193170002661645,,,,,,,,,,,,9,7,142,7,,,,,19.62185049999971,,19.596038300078362,19.62185049999971,19.62185049999971,19.725231199990958,2.005,0.11193170002661645,,,,,,,,,,,,,,,Participant 02,001,2025-10-16_18h28.54.608,Word Priming Experiment,,2025.1.1,118.33213218187181,2025-10-16 18h29.14.005139 +0530,
Chart,143,8,9,2.005,0.08404049999080598,,,,,,,,,,,,9,8,143,6,,,,,19.740440100082196,,19.72926340007689,19.740440100082196,19.740440100082196,19.84139650000725,2.005,0.08404049999080598,,,,,,,,,,,,,,,Participant 02,001,2025-10-16_18h28.54.608,Word Priming Experiment,,2025.1.1,118.33213218187181,2025-10-16 18h29.14.005139 +0530,
Keys,144,9,9,2.005,0.11310620000585914,,,,,,,,,,,,9,9,144,13,,,,,19.872260100091808,,19.84560500003863,19.872260100091808,19.872260100091808,19.975551100098528,2.005,0.11310620000585914,,,,,,,,,,,,,,,Participant 02,001,2025-10-16_18h28.54.608,Word Priming Experiment,,2025.1.1,118.33213218187181,2025-10-16 18h29.14.005139 +0530,
book,145,10,9,2.005,0.08178580005187541,,,,,,,,,,,,9,10,145,0,,,,,19.990564200095832,,19.97968290001154,19.990564200095832,19.990564200095832,20.09006940003019,2.005,0.08178580005187541,,,,,,,,,,,,,,,Participant 02,001,2025-10-16_18h28.54.608,Word Priming Experiment,,2025.1.1,118.33213218187181,2025-10-16 18h29.14.005139 +0530,
Case,146,11,9,2.005,0.09903090004809201,,,,,,,,,,,,9,11,146,10,,,,,20.106520100031048,,20.09329250000883,20.106520100031048,20.106520100031048,20.20864409999922,2.005,0.09903090004809201,,,,,,,,,,,,,,,Participant 02,001,2025-10-16_18h28.54.608,Word Priming Experiment,,2025.1.1,118.33213218187181,2025-10-16 18h29.14.005139 +0530,
marble,147,12,9,2.005,0.09992529998999089,,,,,,,,,,,,9,12,147,3,,,,,20.22341930004768,,20.211692600045353,20.22341930004768,20.22341930004768,20.339810400037095,2.005,0.09992529998999089,,,,,,,,,,,,,,,Participant 02,001,2025-10-16_18h28.54.608,Word Priming Experiment,,2025.1.1,118.33213218187181,2025-10-16 18h29.14.005139 +0530,
Police,148,13,9,2.005,0.08727940008975565,,,,,,,,,,,,9,13,148,12,,,,,20.356775699998252,,20.34265750006307,20.356775699998252,20.356775699998252,20.458460199995898,2.005,0.08727940008975565,,,,,,,,,,,,,,,Participant 02,001,2025-10-16_18h28.54.608,Word Priming Experiment,,2025.1.1,118.33213218187181,2025-10-16 18h29.14.005139 +0530,
mouse,149,14,9,2.005,0.11144789995159954,,,,,,,,,,,,9,14,149,8,,,,,20.475023800041527,,20.462447800091468,20.475023800041527,20.475023800041527,20.590195700060576,2.005,0.11144789995159954,,,,,,,,,,,,,,,Participant 02,001,2025-10-16_18h28.54.608,Word Priming Experiment,,2025.1.1,118.33213218187181,2025-10-16 18h29.14.005139 +0530,
Laptop,150,0,10,2.005,0.10087710001971573,,,,,,,,,,,,10,0,150,5,,,,,20.606299600098282,,20.59288860007655,20.606299600098282,20.606299600098282,20.70783389999997,2.005,0.10087710001971573,,,,,,,,,,,,,,,Participant 02,001,2025-10-16_18h28.54.608,Word Priming Experiment,,2025.1.1,118.33213218187181,2025-10-16 18h29.14.005139 +0530,
Case,151,1,10,2.005,0.10080640006344765,,,,,,,,,,,,10,1,151,10,,,,,20.722830099985003,,20.710544200032018,20.722830099985003,20.722830099985003,20.824546199990436,2.005,0.10080640006344765,,,,,,,,,,,,,,,Participant 02,001,2025-10-16_18h28.54.608,Word Priming Experiment,,2025.1.1,118.33213218187181,2025-10-16 18h29.14.005139 +0530,
Poster,152,2,10,2.005,0.13165579992346466,,,,,,,,,,,,10,2,152,14,,,,,20.85469460010063,,20.827938500093296,20.85469460010063,20.85469460010063,20.976682600099593,2.005,0.13165579992346466,,,,,,,,,,,,,,,Participant 02,001,2025-10-16_18h28.54.608,Word Priming Experiment,,2025.1.1,118.33213218187181,2025-10-16 18h29.14.005139 +0530,
Cruise,153,3,10,2.005,0.09933489991817623,,,,,,,,,,,,10,3,153,11,,,,,20.98992940003518,,20.979792000027373,20.98992940003518,20.98992940003518,21.091676900046878,2.005,0.09933489991817623,,,,,,,,,,,,,,,Participant 02,001,2025-10-16_18h28.54.608,Word Priming Experiment,,2025.1.1,118.33213218187181,2025-10-16 18h29.14.005139 +0530,
Chart,154,4,10,2.005,0.10007439996115863,,,,,,,,,,,,10,4,154,6,,,,,21.10630320000928,,21.096017900039442,21.10630320000928,21.10630320000928,21.224591100006364,2.005,0.10007439996115863,,,,,,,,,,,,,,,Participant 02,001,2025-10-16_18h28.54.608,Word Priming Experiment,,2025.1.1,118.33213218187181,2025-10-16 18h29.14.005139 +0530,
Pastry,155,5,10,2.005,0.09904420003294945,,,,,,,,,,,,10,5,155,9,,,,,21.2554638000438,,21.22870800003875,21.2554638000438,21.2554638000438,21.34039670007769,2.005,0.09904420003294945,,,,,,,,,,,,,,,Participant 02,001,2025-10-16_18h28.54.608,Word Priming Experiment,,2025.1.1,118.33213218187181,2025-10-16 18h29.14.005139 +0530,
phone,156,6,10,2.005,0.10224889998789877,,,,,,,,,,,,10,6,156,2,,,,,21.357467000023462,,21.34393790003378,21.357467000023462,21.357467000023462,21.473888900014572,2.005,0.10224889998789877,,,,,,,,,,,,,,,Participant 02,001,2025-10-16_18h28.54.608,Word Priming Experiment,,2025.1.1,118.33213218187181,2025-10-16 18h29.14.005139 +0530,
Police,157,7,10,2.005,0.08578419999685138,,,,,,,,,,,,10,7,157,12,,,,,21.49002810008824,,21.47801379999146,21.49002810008824,21.49002810008824,21.591051800060086,2.005,0.08578419999685138,,,,,,,,,,,,,,,Participant 02,001,2025-10-16_18h28.54.608,Word Priming Experiment,,2025.1.1,118.33213218187181,2025-10-16 18h29.14.005139 +0530,
Keys,158,8,10,2.005,0.09916610002983361,,,,,,,,,,,,10,8,158,13,,,,,21.607868100050837,,21.59545990009792,21.607868100050837,21.607868100050837,21.72377330006566,2.005,0.09916610002983361,,,,,,,,,,,,,,,Participant 02,001,2025-10-16_18h28.54.608,Word Priming Experiment,,2025.1.1,118.33213218187181,2025-10-16 18h29.14.005139 +0530,
cushion,159,9,10,2.005,0.08516839996445924,,,,,,,,,,,,10,9,159,1,,,,,21.755297400057316,,21.72886340005789,21.755297400057316,21.755297400057316,21.842723799985833,2.005,0.08516839996445924,,,,,,,,,,,,,,,Participant 02,001,2025-10-16_18h28.54.608,Word Priming Experiment,,2025.1.1,118.33213218187181,2025-10-16 18h29.14.005139 +0530,
marble,160,10,10,2.005,0.10893320001196116,,,,,,,,,,,,10,10,160,3,,,,,21.872813800000586,,21.84752920002211,21.872813800000586,21.872813800000586,21.97490790009033,2.005,0.10893320001196116,,,,,,,,,,,,,,,Participant 02,001,2025-10-16_18h28.54.608,Word Priming Experiment,,2025.1.1,118.33213218187181,2025-10-16 18h29.14.005139 +0530,
T-shirt,161,11,10,2.005,0.08389599993824959,,,,,,,,,,,,10,11,161,7,,,,,21.9897578000091,,21.978447600034997,21.9897578000091,21.9897578000091,22.09260690002702,2.005,0.08389599993824959,,,,,,,,,,,,,,,Participant 02,001,2025-10-16_18h28.54.608,Word Priming Experiment,,2025.1.1,118.33213218187181,2025-10-16 18h29.14.005139 +0530,
book,162,12,10,2.005,0.09676039998885244,,,,,,,,,,,,10,12,162,0,,,,,22.12222160003148,,22.097057400038466,22.12222160003148,22.12222160003148,22.20838680001907,2.005,0.09676039998885244,,,,,,,,,,,,,,,Participant 02,001,2025-10-16_18h28.54.608,Word Priming Experiment,,2025.1.1,118.33213218187181,2025-10-16 18h29.14.005139 +0530,
mouse,163,13,10,2.005,0.1018507000990212,,,,,,,,,,,,10,13,163,8,,,,,22.22332450002432,,22.211185300024226,22.22332450002432,22.22332450002432,22.34066970006097,2.005,0.1018507000990212,,,,,,,,,,,,,,,Participant 02,001,2025-10-16_18h28.54.608,Word Priming Experiment,,2025.1.1,118.33213218187181,2025-10-16 18h29.14.005139 +0530,
board,164,14,10,2.005,0.09917960001621395,,,,,,,,,,,,10,14,164,4,,,,,22.356867700000294,,22.344057900016196,22.356867700000294,22.356867700000294,22.45804739999585,2.005,0.09917960001621395,,,,,,,,,,,,,,,Participant 02,001,2025-10-16_18h28.54.608,Word Priming Experiment,,2025.1.1,118.33213218187181,2025-10-16 18h29.14.005139 +0530,
Police,165,0,11,2.005,0.09971179999411106,,,,,,,,,,,,11,0,165,12,,,,,22.473434400046244,,22.462431300082244,22.473434400046244,22.473434400046244,22.590414100093767,2.005,0.09971179999411106,,,,,,,,,,,,,,,Participant 02,001,2025-10-16_18h28.54.608,Word Priming Experiment,,2025.1.1,118.33213218187181,2025-10-16 18h29.14.005139 +0530,
Poster,166,1,11,2.005,0.11430600006133318,,,,,,,,,,,,11,1,166,14,,,,,22.607127299997956,,22.594444900052622,22.607127299997956,22.607127299997956,22.72594580007717,2.005,0.11430600006133318,,,,,,,,,,,,,,,Participant 02,001,2025-10-16_18h28.54.608,Word Priming Experiment,,2025.1.1,118.33213218187181,2025-10-16 18h29.14.005139 +0530,
Pastry,167,2,11,2.005,0.08230020001064986,,,,,,,,,,,,11,2,167,9,,,,,22.740272600087337,,22.729699400020763,22.740272600087337,22.740272600087337,22.82650750002358,2.005,0.08230020001064986,,,,,,,,,,,,,,,Participant 02,001,2025-10-16_18h28.54.608,Word Priming Experiment,,2025.1.1,118.33213218187181,2025-10-16 18h29.14.005139 +0530,
cushion,168,3,11,2.005,0.11567109997849911,,,,,,,,,,,,11,3,168,1,,,,,22.85546960006468,,22.830343200010248,22.85546960006468,22.85546960006468,22.95781709998846,2.005,0.11567109997849911,,,,,,,,,,,,,,,Participant 02,001,2025-10-16_18h28.54.608,Word Priming Experiment,,2025.1.1,118.33213218187181,2025-10-16 18h29.14.005139 +0530,
Case,169,4,11,2.005,0.1323638999601826,,,,,,,,,,,,11,4,169,10,,,,,22.97478490008507,,22.96051470004022,22.97478490008507,22.97478490008507,23.107835600036196,2.005,0.1323638999601826,,,,,,,,,,,,,,,Participant 02,001,2025-10-16_18h28.54.608,Word Priming Experiment,,2025.1.1,118.33213218187181,2025-10-16 18h29.14.005139 +0530,
board,170,5,11,2.005,0.11223500000778586,,,,,,,,,,,,11,5,170,4,,,,,23.123599000042304,,23.111791500006802,23.123599000042304,23.123599000042304,23.24217620003037,2.005,0.11223500000778586,,,,,,,,,,,,,,,Participant 02,001,2025-10-16_18h28.54.608,Word Priming Experiment,,2025.1.1,118.33213218187181,2025-10-16 18h29.14.005139 +0530,
Keys,171,6,11,2.005,0.08243089995812625,,,,,,,,,,,,11,6,171,13,,,,,23.257018700009212,,23.244904500083067,23.257018700009212,23.257018700009212,23.358260600012727,2.005,0.08243089995812625,,,,,,,,,,,,,,,Participant 02,001,2025-10-16_18h28.54.608,Word Priming Experiment,,2025.1.1,118.33213218187181,2025-10-16 18h29.14.005139 +0530,
Chart,172,7,11,2.005,0.09677689999807626,,,,,,,,,,,,11,7,172,6,,,,,23.388666999991983,,23.362831800011918,23.388666999991983,23.388666999991983,23.47609290003311,2.005,0.09677689999807626,,,,,,,,,,,,,,,Participant 02,001,2025-10-16_18h28.54.608,Word Priming Experiment,,2025.1.1,118.33213218187181,2025-10-16 18h29.14.005139 +0530,
phone,173,8,11,2.005,0.11468750005587935,,,,,,,,,,,,11,8,173,2,,,,,23.489172400091775,,23.47891669999808,23.489172400091775,23.489172400091775,23.61013680009637,2.005,0.11468750005587935,,,,,,,,,,,,,,,Participant 02,001,2025-10-16_18h28.54.608,Word Priming Experiment,,2025.1.1,118.33213218187181,2025-10-16 18h29.14.005139 +0530,
marble,174,9,11,2.005,0.09906170004978776,,,,,,,,,,,,11,9,174,3,,,,,23.62339070008602,,23.613588000065647,23.62339070008602,23.62339070008602,23.725264100008644,2.005,0.09906170004978776,,,,,,,,,,,,,,,Participant 02,001,2025-10-16_18h28.54.608,Word Priming Experiment,,2025.1.1,118.33213218187181,2025-10-16 18h29.14.005139 +0530,
mouse,175,10,11,2.005,0.09979559993371367,,,,,,,,,,,,11,10,175,8,,,,,23.755556100048125,,23.72847329999786,23.755556100048125,23.755556100048125,23.843268700060435,2.005,0.09979559993371367,,,,,,,,,,,,,,,Participant 02,001,2025-10-16_18h28.54.608,Word Priming Experiment,,2025.1.1,118.33213218187181,2025-10-16 18h29.14.005139 +0530,
Cruise,176,11,11,2.005,0.11314220004715025,,,,,,,,,,,,11,11,176,11,,,,,23.872991800075397,,23.84703000006266,23.872991800075397,23.872991800075397,23.97434230009094,2.005,0.11314220004715025,,,,,,,,,,,,,,,Participant 02,001,2025-10-16_18h28.54.608,Word Priming Experiment,,2025.1.1,118.33213218187181,2025-10-16 18h29.14.005139 +0530,
book,177,12,11,2.005,0.10329740005545318,,,,,,,,,,,,11,12,177,0,,,,,23.98950780008454,,23.976766800042242,23.98950780008454,23.98950780008454,24.108269500080496,2.005,0.10329740005545318,,,,,,,,,,,,,,,Participant 02,001,2025-10-16_18h28.54.608,Word Priming Experiment,,2025.1.1,118.33213218187181,2025-10-16 18h29.14.005139 +0530,
Laptop,178,13,11,2.005,0.09791869996115565,,,,,,,,,,,,11,13,178,5,,,,,24.12320840009488,,24.11232330009807,24.12320840009488,24.12320840009488,24.224614300066605,2.005,0.09791869996115565,,,,,,,,,,,,,,,Participant 02,001,2025-10-16_18h28.54.608,Word Priming Experiment,,2025.1.1,118.33213218187181,2025-10-16 18h29.14.005139 +0530,
T-shirt,179,14,11,2.005,0.10040700004901737,,,,,,,,,,,,11,14,179,7,,,,,24.239843900082633,,24.22876470000483,24.239843900082633,24.239843900082633,24.35843250004109,2.005,0.10040700004901737,,,,,,,,,,,,,,,Participant 02,001,2025-10-16_18h28.54.608,Word Priming Experiment,,2025.1.1,118.33213218187181,2025-10-16 18h29.14.005139 +0530,
board,180,0,12,2.005,0.21838710003066808,,,,,,,,,,,,12,0,180,4,,,,,24.388884300016798,,24.362490400089882,24.388884300016798,24.388884300016798,24.607724500005133,2.005,0.21838710003066808,,,,,,,,,,,,,,,Participant 02,001,2025-10-16_18h28.54.608,Word Priming Experiment,,2025.1.1,118.33213218187181,2025-10-16 18h29.14.005139 +0530,
cushion,181,1,12,2.005,0.21671229996718466,,,,,,,,,,,,12,1,181,1,,,,,24.62411890004296,,24.61132380005438,24.62411890004296,24.62411890004296,24.840232699993066,2.005,0.21671229996718466,,,,,,,,,,,,,,,Participant 02,001,2025-10-16_18h28.54.608,Word Priming Experiment,,2025.1.1,118.33213218187181,2025-10-16 18h29.14.005139 +0530,
phone,182,2,12,2.005,0.11797209992073476,,,,,,,,,,,,12,2,182,2,,,,,24.85644380003214,,24.84277230000589,24.85644380003214,24.85644380003214,24.975309200002812,2.005,0.11797209992073476,,,,,,,,,,,,,,,Participant 02,001,2025-10-16_18h28.54.608,Word Priming Experiment,,2025.1.1,118.33213218187181,2025-10-16 18h29.14.005139 +0530,
mouse,183,3,12,2.005,0.11092210002243519,,,,,,,,,,,,12,3,183,8,,,,,24.989581000059843,,24.979650599998422,24.989581000059843,24.989581000059843,25.108541200053878,2.005,0.11092210002243519,,,,,,,,,,,,,,,Participant 02,001,2025-10-16_18h28.54.608,Word Priming Experiment,,2025.1.1,118.33213218187181,2025-10-16 18h29.14.005139 +0530,
T-shirt,184,4,12,2.005,0.1162217000965029,,,,,,,,,,,,12,4,184,7,,,,,25.12367860006634,,25.112396000069566,25.12367860006634,25.12367860006634,25.257185099995695,2.005,0.1162217000965029,,,,,,,,,,,,,,,Participant 02,001,2025-10-16_18h28.54.608,Word Priming Experiment,,2025.1.1,118.33213218187181,2025-10-16 18h29.14.005139 +0530,
Cruise,185,5,12,2.005,0.11667190003208816,,,,,,,,,,,,12,5,185,11,,,,,25.27422700007446,,25.260650500073098,25.27422700007446,25.27422700007446,25.39162660005968,2.005,0.11667190003208816,,,,,,,,,,,,,,,Participant 02,001,2025-10-16_18h28.54.608,Word Priming Experiment,,2025.1.1,118.33213218187181,2025-10-16 18h29.14.005139 +0530,
Laptop,186,6,12,2.005,0.08411579998210073,,,,,,,,,,,,12,6,186,5,,,,,25.42186290002428,,25.39486380002927,25.42186290002428,25.42186290002428,25.506924999994226,2.005,0.08411579998210073,,,,,,,,,,,,,,,Participant 02,001,2025-10-16_18h28.54.608,Word Priming Experiment,,2025.1.1,118.33213218187181,2025-10-16 18h29.14.005139 +0530,
book,187,7,12,2.005,0.33520820003468543,,,,,,,,,,,,12,7,187,0,,,,,25.523877800093032,,25.510291100014,25.523877800093032,25.523877800093032,25.874662299989723,2.005,0.33520820003468543,,,,,,,,,,,,,,,Participant 02,001,2025-10-16_18h28.54.608,Word Priming Experiment,,2025.1.1,118.33213218187181,2025-10-16 18h29.14.005139 +0530,
Police,188,8,12,2.005,0.0973233999684453,,,,,,,,,,,,12,8,188,12,,,,,25.905501200002618,,25.879041900043376,25.905501200002618,25.905501200002618,25.991248800070025,2.005,0.0973233999684453,,,,,,,,,,,,,,,Participant 02,001,2025-10-16_18h28.54.608,Word Priming Experiment,,2025.1.1,118.33213218187181,2025-10-16 18h29.14.005139 +0530,
Pastry,189,9,12,2.005,0.10068400006275624,,,,,,,,,,,,12,9,189,9,,,,,26.006843300070614,,25.993937300052494,26.006843300070614,26.006843300070614,26.124263300094754,2.005,0.10068400006275624,,,,,,,,,,,,,,,Participant 02,001,2025-10-16_18h28.54.608,Word Priming Experiment,,2025.1.1,118.33213218187181,2025-10-16 18h29.14.005139 +0530,
Chart,190,10,12,2.005,0.0996517000021413,,,,,,,,,,,,12,10,190,6,,,,,26.140748400008306,,26.127342400024645,26.140748400008306,26.140748400008306,26.241433900082484,2.005,0.0996517000021413,,,,,,,,,,,,,,,Participant 02,001,2025-10-16_18h28.54.608,Word Priming Experiment,,2025.1.1,118.33213218187181,2025-10-16 18h29.14.005139 +0530,
marble,191,11,12,2.005,0.09990660008043051,,,,,,,,,,,,12,11,191,3,,,,,26.25629450008273,,26.244885300053284,26.25629450008273,26.25629450008273,26.35789590002969,2.005,0.09990660008043051,,,,,,,,,,,,,,,Participant 02,001,2025-10-16_18h28.54.608,Word Priming Experiment,,2025.1.1,118.33213218187181,2025-10-16 18h29.14.005139 +0530,
Keys,192,12,12,2.005,0.10139160009566694,,,,,,,,,,,,12,12,192,13,,,,,26.372995599987917,,26.360422700061463,26.372995599987917,26.372995599987917,26.490567300003022,2.005,0.10139160009566694,,,,,,,,,,,,,,,Participant 02,001,2025-10-16_18h28.54.608,Word Priming Experiment,,2025.1.1,118.33213218187181,2025-10-16 18h29.14.005139 +0530,
Poster,193,13,12,2.005,0.21710350003559142,,,,,,,,,,,,12,13,193,14,,,,,26.50697540002875,,26.49479670007713,26.50697540002875,26.50697540002875,26.72723240009509,2.005,0.21710350003559142,,,,,,,,,,,,,,,Participant 02,001,2025-10-16_18h28.54.608,Word Priming Experiment,,2025.1.1,118.33213218187181,2025-10-16 18h29.14.005139 +0530,
Case,194,14,12,2.005,0.1150589999742806,,,,,,,,,,,,12,14,194,10,,,,,26.75578830006998,,26.73016340006143,26.75578830006998,26.75578830006998,26.859897100017406,2.005,0.1150589999742806,,,,,,,,,,,,,,,Participant 02,001,2025-10-16_18h28.54.608,Word Priming Experiment,,2025.1.1,118.33213218187181,2025-10-16 18h29.14.005139 +0530,
cushion,195,0,13,2.005,0.09780410001985729,,,,,,,,,,,,13,0,195,1,,,,,26.888715300010517,,26.865307500003837,26.888715300010517,26.888715300010517,26.990612299996428,2.005,0.09780410001985729,,,,,,,,,,,,,,,Participant 02,001,2025-10-16_18h28.54.608,Word Priming Experiment,,2025.1.1,118.33213218187181,2025-10-16 18h29.14.005139 +0530,
phone,196,1,13,2.005,0.11318810004740953,,,,,,,,,,,,13,1,196,2,,,,,27.00740920007229,,26.99434780003503,27.00740920007229,27.00740920007229,27.12560500006657,2.005,0.11318810004740953,,,,,,,,,,,,,,,Participant 02,001,2025-10-16_18h28.54.608,Word Priming Experiment,,2025.1.1,118.33213218187181,2025-10-16 18h29.14.005139 +0530,
board,197,2,13,2.005,0.0823761000065133,,,,,,,,,,,,13,2,197,4,,,,,27.139757200027816,,27.12921050004661,27.139757200027816,27.139757200027816,27.224178800010122,2.005,0.0823761000065133,,,,,,,,,,,,,,,Participant 02,001,2025-10-16_18h28.54.608,Word Priming Experiment,,2025.1.1,118.33213218187181,2025-10-16 18h29.14.005139 +0530,
marble,198,3,13,2.005,0.11808409995865077,,,,,,,,,,,,13,3,198,3,,,,,27.242582100094296,,27.227302800049074,27.242582100094296,27.242582100094296,27.358475500019267,2.005,0.11808409995865077,,,,,,,,,,,,,,,Participant 02,001,2025-10-16_18h28.54.608,Word Priming Experiment,,2025.1.1,118.33213218187181,2025-10-16 18h29.14.005139 +0530,
Pastry,199,4,13,2.005,0.24728929996490479,,,,,,,,,,,,13,4,199,9,,,,,27.372905700001866,,27.36203280009795,27.372905700001866,27.372905700001866,27.62571510009002,2.005,0.24728929996490479,,,,,,,,,,,,,,,Participant 02,001,2025-10-16_18h28.54.608,Word Priming Experiment,,2025.1.1,118.33213218187181,2025-10-16 18h29.14.005139 +0530,
mouse,200,5,13,2.005,0.1002826999174431,,,,,,,,,,,,13,5,200,8,,,,,27.639939900022,,27.628490400034934,27.639939900022,27.639939900022,27.7410860999953,2.005,0.1002826999174431,,,,,,,,,,,,,,,Participant 02,001,2025-10-16_18h28.54.608,Word Priming Experiment,,2025.1.1,118.33213218187181,2025-10-16 18h29.14.005139 +0530,
T-shirt,201,6,13,2.005,0.10206520010251552,,,,,,,,,,,,13,6,201,7,,,,,27.756329800002277,,27.7441647000378,27.756329800002277,27.756329800002277,27.87410420004744,2.005,0.10206520010251552,,,,,,,,,,,,,,,Participant 02,001,2025-10-16_18h28.54.608,Word Priming Experiment,,2025.1.1,118.33213218187181,2025-10-16 18h29.14.005139 +0530,
Laptop,202,7,13,2.005,0.09793599997647107,,,,,,,,,,,,13,7,202,5,,,,,27.905384700046852,,27.879171000095084,27.905384700046852,27.905384700046852,27.98961120005697,2.005,0.09793599997647107,,,,,,,,,,,,,,,Participant 02,001,2025-10-16_18h28.54.608,Word Priming Experiment,,2025.1.1,118.33213218187181,2025-10-16 18h29.14.005139 +0530,
Poster,203,8,13,2.005,0.10386599996127188,,,,,,,,,,,,13,8,203,14,,,,,28.006188600091264,,27.99218950001523,28.006188600091264,28.006188600091264,28.12374940002337,2.005,0.10386599996127188,,,,,,,,,,,,,,,Participant 02,001,2025-10-16_18h28.54.608,Word Priming Experiment,,2025.1.1,118.33213218187181,2025-10-16 18h29.14.005139 +0530,
Chart,204,9,13,2.005,0.09779999998863786,,,,,,,,,,,,13,9,204,6,,,,,28.140309400041588,,28.12868090008851,28.140309400041588,28.140309400041588,28.24204899999313,2.005,0.09779999998863786,,,,,,,,,,,,,,,Participant 02,001,2025-10-16_18h28.54.608,Word Priming Experiment,,2025.1.1,118.33213218187181,2025-10-16 18h29.14.005139 +0530,
Case,205,10,13,2.005,0.09920509997755289,,,,,,,,,,,,13,10,205,10,,,,,28.272082400042564,,28.247695100028068,28.272082400042564,28.272082400042564,28.37384060001932,2.005,0.09920509997755289,,,,,,,,,,,,,,,Participant 02,001,2025-10-16_18h28.54.608,Word Priming Experiment,,2025.1.1,118.33213218187181,2025-10-16 18h29.14.005139 +0530,
Police,206,11,13,2.005,0.11790940002538264,,,,,,,,,,,,13,11,206,12,,,,,28.390109900035895,,28.377897900063545,28.390109900035895,28.390109900035895,28.524053000030108,2.005,0.11790940002538264,,,,,,,,,,,,,,,Participant 02,001,2025-10-16_18h28.54.608,Word Priming Experiment,,2025.1.1,118.33213218187181,2025-10-16 18h29.14.005139 +0530,
Keys,207,12,13,2.005,0.06818649999331683,,,,,,,,,,,,13,12,207,13,,,,,28.556002199999057,,28.52712340001017,28.556002199999057,28.556002199999057,28.623604700085707,2.005,0.06818649999331683,,,,,,,,,,,,,,,Participant 02,001,2025-10-16_18h28.54.608,Word Priming Experiment,,2025.1.1,118.33213218187181,2025-10-16 18h29.14.005139 +0530,
book,208,13,13,2.005,0.08369520003907382,,,,,,,,,,,,13,13,208,0,,,,,28.63973699999042,,28.627329700044356,28.63973699999042,28.63973699999042,28.740900200093165,2.005,0.08369520003907382,,,,,,,,,,,,,,,Participant 02,001,2025-10-16_18h28.54.608,Word Priming Experiment,,2025.1.1,118.33213218187181,2025-10-16 18h29.14.005139 +0530,
Cruise,209,14,13,2.005,0.09840019990224391,,,,,,,,,,,,13,14,209,11,,,,,28.77349170006346,,28.74590520001948,28.77349170006346,28.77349170006346,28.857151700067334,2.005,0.09840019990224391,,,,,,,,,,,,,,,Participant 02,001,2025-10-16_18h28.54.608,Word Priming Experiment,,2025.1.1,118.33213218187181,2025-10-16 18h29.14.005139 +0530,
board,210,0,14,2.005,0.11962749995291233,,,,,,,,,,,,14,0,210,4,,,,,28.872889299993403,,28.859638800029643,28.872889299993403,28.872889299993403,28.99126330006402,2.005,0.11962749995291233,,,,,,,,,,,,,,,Participant 02,001,2025-10-16_18h28.54.608,Word Priming Experiment,,2025.1.1,118.33213218187181,2025-10-16 18h29.14.005139 +0530,
phone,211,1,14,2.005,0.11652819998562336,,,,,,,,,,,,14,1,211,2,,,,,29.008043500012718,,28.994834600016475,29.008043500012718,29.008043500012718,29.12487850000616,2.005,0.11652819998562336,,,,,,,,,,,,,,,Participant 02,001,2025-10-16_18h28.54.608,Word Priming Experiment,,2025.1.1,118.33213218187181,2025-10-16 18h29.14.005139 +0530,
Keys,212,2,14,2.005,0.10063340002670884,,,,,,,,,,,,14,2,212,13,,,,,29.13923510001041,,29.12799150007777,29.13923510001041,29.13923510001041,29.24240089999512,2.005,0.10063340002670884,,,,,,,,,,,,,,,Participant 02,001,2025-10-16_18h28.54.608,Word Priming Experiment,,2025.1.1,118.33213218187181,2025-10-16 18h29.14.005139 +0530,
T-shirt,213,3,14,2.005,0.1318643999984488,,,,,,,,,,,,14,3,213,7,,,,,29.258583800052293,,29.245386800030246,29.258583800052293,29.258583800052293,29.392628200002946,2.005,0.1318643999984488,,,,,,,,,,,,,,,Participant 02,001,2025-10-16_18h28.54.608,Word Priming Experiment,,2025.1.1,118.33213218187181,2025-10-16 18h29.14.005139 +0530,
book,214,4,14,2.005,0.09906580008100718,,,,,,,,,,,,14,4,214,0,,,,,29.40729550004471,,29.3960350000998,29.40729550004471,29.40729550004471,29.507970900041983,2.005,0.09906580008100718,,,,,,,,,,,,,,,Participant 02,001,2025-10-16_18h28.54.608,Word Priming Experiment,,2025.1.1,118.33213218187181,2025-10-16 18h29.14.005139 +0530,
Chart,215,5,14,2.005,0.10211740003433079,,,,,,,,,,,,14,5,215,6,,,,,29.523324500070885,,29.510720300022513,29.523324500070885,29.523324500070885,29.641554900095798,2.005,0.10211740003433079,,,,,,,,,,,,,,,Participant 02,001,2025-10-16_18h28.54.608,Word Priming Experiment,,2025.1.1,118.33213218187181,2025-10-16 18h29.14.005139 +0530,
Police,216,6,14,2.005,0.09935380006209016,,,,,,,,,,,,14,6,216,12,,,,,29.657409400097094,,29.6453266000608,29.657409400097094,29.657409400097094,29.758942699991167,2.005,0.09935380006209016,,,,,,,,,,,,,,,Participant 02,001,2025-10-16_18h28.54.608,Word Priming Experiment,,2025.1.1,118.33213218187181,2025-10-16 18h29.14.005139 +0530,
mouse,217,7,14,2.005,0.11496829998213798,,,,,,,,,,,,14,7,217,8,,,,,29.772919800016098,,29.7628952000523,29.772919800016098,29.772919800016098,29.890836200094782,2.005,0.11496829998213798,,,,,,,,,,,,,,,Participant 02,001,2025-10-16_18h28.54.608,Word Priming Experiment,,2025.1.1,118.33213218187181,2025-10-16 18h29.14.005139 +0530,
Pastry,218,8,14,2.005,0.1134885000064969,,,,,,,,,,,,14,8,218,9,,,,,29.906546900048852,,29.894818100030534,29.906546900048852,29.906546900048852,30.02645320002921,2.005,0.1134885000064969,,,,,,,,,,,,,,,Participant 02,001,2025-10-16_18h28.54.608,Word Priming Experiment,,2025.1.1,118.33213218187181,2025-10-16 18h29.14.005139 +0530,
Case,219,9,14,2.005,0.11015279998537153,,,,,,,,,,,,14,9,219,10,,,,,30.055045900051482,,30.030260500032455,30.055045900051482,30.055045900051482,30.159454200067557,2.005,0.11015279998537153,,,,,,,,,,,,,,,Participant 02,001,2025-10-16_18h28.54.608,Word Priming Experiment,,2025.1.1,118.33213218187181,2025-10-16 18h29.14.005139 +0530,
Poster,220,10,14,2.005,0.06492979999165982,,,,,,,,,,,,14,10,220,14,,,,,30.188783399993554,,30.16338500007987,30.188783399993554,30.188783399993554,30.257047199993394,2.005,0.06492979999165982,,,,,,,,,,,,,,,Participant 02,001,2025-10-16_18h28.54.608,Word Priming Experiment,,2025.1.1,118.33213218187181,2025-10-16 18h29.14.005139 +0530,
cushion,221,11,14,2.005,0.09997910005040467,,,,,,,,,,,,14,11,221,1,,,,,30.27424830000382,,30.261021899990737,30.27424830000382,30.27424830000382,30.390571500058286,2.005,0.09997910005040467,,,,,,,,,,,,,,,Participant 02,001,2025-10-16_18h28.54.608,Word Priming Experiment,,2025.1.1,118.33213218187181,2025-10-16 18h29.14.005139 +0530,
Cruise,222,12,14,2.005,0.1122237000381574,,,,,,,,,,,,14,12,222,11,,,,,30.407710500061512,,30.394710700027645,30.407710500061512,30.407710500061512,30.52578240004368,2.005,0.1122237000381574,,,,,,,,,,,,,,,Participant 02,001,2025-10-16_18h28.54.608,Word Priming Experiment,,2025.1.1,118.33213218187181,2025-10-16 18h29.14.005139 +0530,
Laptop,223,13,14,2.005,0.08452559995930642,,,,,,,,,,,,14,13,223,5,,,,,30.555328899994493,,30.529746900079772,30.555328899994493,30.555328899994493,30.643913400010206,2.005,0.08452559995930642,,,,,,,,,,,,,,,Participant 02,001,2025-10-16_18h28.54.608,Word Priming Experiment,,2025.1.1,118.33213218187181,2025-10-16 18h29.14.005139 +0530,
marble,224,14,14,2.005,0.09700490010436624,,,,,,,,,,,,14,14,224,3,,,,,30.67220900009852,,30.647921500029042,30.67220900009852,30.67220900009852,30.77340920001734,2.005,0.09700490010436624,,,,,,,,,,,,,,,Participant 02,001,2025-10-16_18h28.54.608,Word Priming Experiment,,2025.1.1,118.33213218187181,2025-10-16 18h29.14.005139 +0530,
,0,0,0,,,p_nc_l,Pencil,new,panicle,"[np.float64(-0.24875), np.float64(-0.24875), np.float64(-0.24875), np.float64(-0.24875), np.float64(-0.24875), np.float64(-0.24875), np.float64(-0.11)]","[np.float64(-0.295), np.float64(-0.295), np.float64(-0.295), np.float64(-0.295), np.float64(-0.295), np.float64(-0.295), np.float64(-0.285)]","[1, 0, 1, 1, 1, 1, 1]","[0, 0, 0, 0, 0, 0, 0]","[0, 1, 0, 0, 0, 0, 0]","[0.1319855999900028, 0.24919450003653765, 0.38136790005955845, 0.49969460000284016, 0.6304873999906704, 0.748105000006035, 4.491482299985364]","[None, None, None, None, None, None, 'text_3']",,,,,0,0,0,16,30.822820600005798,,,,,,,,30.794425000087358,30.822820600005798,30.822820600005798,30.822820600005798,0.021008700015954673,35.28637680003885,panicle,"[np.float64(-0.24875), np.float64(-0.24875), np.float64(-0.24875), np.float64(-0.24875), np.float64(-0.24875), np.float64(-0.24875), np.float64(-0.11)]","[np.float64(-0.295), np.float64(-0.295), np.float64(-0.295), np.float64(-0.295), np.float64(-0.295), np.float64(-0.295), np.float64(-0.285)]","[1, 0, 1, 1, 1, 1, 1]","[0, 0, 0, 0, 0, 0, 0]","[0, 1, 0, 0, 0, 0, 0]","[0.1319855999900028, 0.24919450003653765, 0.38136790005955845, 0.49969460000284016, 0.6304873999906704, 0.748105000006035, 4.491482299985364]","[None, None, None, None, None, None, 'text_3']",Participant 02,001,2025-10-16_18h28.54.608,Word Priming Experiment,,2025.1.1,118.33213218187181,2025-10-16 18h29.14.005139 +0530,
,1,1,0,,,c_m_ra,Camera,new,comera,[np.float64(-0.11)],[np.float64(-0.285)],[1],[0],[0],[4.144085799925961],['text_3'],,,,,0,1,1,19,35.31443820009008,,,,,,,,35.29139880009461,35.31443820009008,35.31443820009008,35.31443820009008,0.004568899981677532,39.435905300080776,comera,[np.float64(-0.11)],[np.float64(-0.285)],[1],[0],[0],[4.144085799925961],['text_3'],Participant 02,001,2025-10-16_18h28.54.608,Word Priming Experiment,,2025.1.1,118.33213218187181,2025-10-16 18h29.14.005139 +0530,
,2,2,0,,,ta_l_,Table,new,tally,[np.float64(-0.055)],[np.float64(-0.30625)],[1],[0],[0],[2.8032328000990674],['text_3'],,,,,0,2,2,15,39.464010199997574,,,,,,,,39.439395599998534,39.464010199997574,39.464010199997574,39.464010199997574,0.0033247999381273985,42.2430162000237,tally,[np.float64(-0.055)],[np.float64(-0.30625)],[1],[0],[0],[2.8032328000990674],['text_3'],Participant 02,001,2025-10-16_18h28.54.608,Word Priming Experiment,,2025.1.1,118.33213218187181,2025-10-16 18h29.14.005139 +0530,
,3,3,0,,,P_li_e,Police,old,police,[np.float64(-0.055)],[np.float64(-0.30625)],[1],[0],[0],[3.3793407999910414],['text_3'],,,,,0,3,3,7,42.27228370006196,,,,,,,,42.246983500081114,42.27228370006196,42.27228370006196,42.27228370006196,0.0037724999710917473,45.62670280004386,police,[np.float64(-0.055)],[np.float64(-0.30625)],[1],[0],[0],[3.3793407999910414],['text_3'],Participant 02,001,2025-10-16_18h28.54.608,Word Priming Experiment,,2025.1.1,118.33213218187181,2025-10-16 18h29.14.005139 +0530,
,4,4,0,,,c_s_,Case,old,case,[np.float64(-0.055)],[np.float64(-0.30625)],[1],[0],[0],[3.149557000026107],['text_3'],,,,,0,4,4,5,45.65530119999312,,,,,,,,45.62960079999175,45.65530119999312,45.65530119999312,45.65530119999312,0.0026829999405890703,48.77973970002495,case,[np.float64(-0.055)],[np.float64(-0.30625)],[1],[0],[0],[3.149557000026107],['text_3'],Participant 02,001,2025-10-16_18h28.54.608,Word Priming Experiment,,2025.1.1,118.33213218187181,2025-10-16 18h29.14.005139 +0530,
,5,5,0,,,_ho_e,Phone,old,phone,[np.float64(-0.055)],[np.float64(-0.30625)],[1],[0],[0],[2.7560658999718726],['text_3'],,,,,0,5,5,12,48.805892100092024,,,,,,,,48.7853203000268,48.805892100092024,48.805892100092024,48.805892100092024,0.005347399972379208,51.5442968000425,phone,[np.float64(-0.055)],[np.float64(-0.30625)],[1],[0],[0],[2.7560658999718726],['text_3'],Participant 02,001,2025-10-16_18h28.54.608,Word Priming Experiment,,2025.1.1,118.33213218187181,2025-10-16 18h29.14.005139 +0530,
,6,6,0,,,_a_bl_,Marble,old,marble,[np.float64(-0.055)],[np.float64(-0.30625)],[1],[0],[0],[2.096183600020595],['text_3'],,,,,0,6,6,11,51.57243619998917,,,,,,,,51.548428900074214,51.57243619998917,51.57243619998917,51.57243619998917,0.0039833999471738935,53.645115700084716,marble,[np.float64(-0.055)],[np.float64(-0.30625)],[1],[0],[0],[2.096183600020595],['text_3'],Participant 02,001,2025-10-16_18h28.54.608,Word Priming Experiment,,2025.1.1,118.33213218187181,2025-10-16 18h29.14.005139 +0530,
,7,7,0,,,T_hi_t,Tshirt,old,tshirt,[np.float64(-0.055)],[np.float64(-0.30625)],[1],[0],[0],[2.0908183999126777],['text_3'],,,,,0,7,7,2,53.67184170009568,,,,,,,,53.6494807000272,53.67184170009568,53.67184170009568,53.67184170009568,0.0041874999878928065,55.74080969998613,tshirt,[np.float64(-0.055)],[np.float64(-0.30625)],[1],[0],[0],[2.0908183999126777],['text_3'],Participant 02,001,2025-10-16_18h28.54.608,Word Priming Experiment,,2025.1.1,118.33213218187181,2025-10-16 18h29.14.005139 +0530,
,8,8,0,,,P_st_r,Poster,old,poster,[np.float64(-0.055)],[np.float64(-0.30625)],[1],[0],[0],[1.8298496999777853],['text_3'],,,,,0,8,8,9,55.77170430007391,,,,,,,,55.745810299995355,55.77170430007391,55.77170430007391,55.77170430007391,0.004657300072722137,57.57637740008067,poster,[np.float64(-0.055)],[np.float64(-0.30625)],[1],[0],[0],[1.8298496999777853],['text_3'],Participant 02,001,2025-10-16_18h28.54.608,Word Priming Experiment,,2025.1.1,118.33213218187181,2025-10-16 18h29.14.005139 +0530,
,9,9,0,,,P_as_tr_,Pastry,old,pastry,[np.float64(-0.055)],[np.float64(-0.30625)],[1],[0],[0],[1.810934199951589],['text_3'],,,,,0,9,9,4,57.6053032000782,,,,,,,,57.58266210008878,57.6053032000782,57.6053032000782,57.6053032000782,0.006016500061377883,59.39406419999432,pastry,[np.float64(-0.055)],[np.float64(-0.30625)],[1],[0],[0],[1.810934199951589],['text_3'],Participant 02,001,2025-10-16_18h28.54.608,Word Priming Experiment,,2025.1.1,118.33213218187181,2025-10-16 18h29.14.005139 +0530,
,10,10,0,,,v_s_,Vase,new,visa,[np.float64(-0.055)],[np.float64(-0.30625)],[1],[0],[0],[1.5271056999918073],['text_3'],,,,,0,10,10,17,59.422041499987245,,,,,,,,59.40090540004894,59.422041499987245,59.422041499987245,59.422041499987245,0.006616599974222481,60.928481700015254,visa,[np.float64(-0.055)],[np.float64(-0.30625)],[1],[0],[0],[1.5271056999918073],['text_3'],Participant 02,001,2025-10-16_18h28.54.608,Word Priming Experiment,,2025.1.1,118.33213218187181,2025-10-16 18h29.14.005139 +0530,
,11,11,0,,,l_pt_p,Laptop,old,laptop,[np.float64(-0.055)],[np.float64(-0.30625)],[1],[0],[0],[1.7601929999655113],['text_3'],,,,,0,11,11,0,60.95562860008795,,,,,,,,60.93242399999872,60.95562860008795,60.95562860008795,60.95562860008795,0.0037351999199017882,62.692992600030266,laptop,[np.float64(-0.055)],[np.float64(-0.30625)],[1],[0],[0],[1.7601929999655113],['text_3'],Participant 02,001,2025-10-16_18h28.54.608,Word Priming Experiment,,2025.1.1,118.33213218187181,2025-10-16 18h29.14.005139 +0530,
,12,12,0,,,_o_rd,Board,old,board,[np.float64(-0.055)],[np.float64(-0.30625)],[1],[0],[0],[3.2614507999969646],['text_3'],,,,,0,12,12,10,62.72198140004184,,,,,,,,62.69633390009403,62.72198140004184,62.72198140004184,62.72198140004184,0.00315140001475811,65.95820059999824,board,[np.float64(-0.055)],[np.float64(-0.30625)],[1],[0],[0],[3.2614507999969646],['text_3'],Participant 02,001,2025-10-16_18h28.54.608,Word Priming Experiment,,2025.1.1,118.33213218187181,2025-10-16 18h29.14.005139 +0530,
,13,13,0,,,_ou_se,mouse,old,mouse,[np.float64(-0.055)],[np.float64(-0.30625)],[1],[0],[0],[2.064347100094892],['text_3'],,,,,0,13,13,3,65.9727458000416,,,,,,,,65.96233000000939,65.9727458000416,65.9727458000416,65.9727458000416,0.003937199944630265,68.02711620007176,mouse,[np.float64(-0.055)],[np.float64(-0.30625)],[1],[0],[0],[2.064347100094892],['text_3'],Participant 02,001,2025-10-16_18h28.54.608,Word Priming Experiment,,2025.1.1,118.33213218187181,2025-10-16 18h29.14.005139 +0530,
,14,14,0,,,c_s_io_,Cushion,new,cushion,[np.float64(-0.055)],[np.float64(-0.30625)],[1],[0],[0],[2.09480960003566],['text_3'],,,,,0,14,14,14,68.05523170006927,,,,,,,,68.03297350008506,68.05523170006927,68.05523170006927,68.05523170006927,0.005667399964295328,70.1284852999961,cushion,[np.float64(-0.055)],[np.float64(-0.30625)],[1],[0],[0],[2.09480960003566],['text_3'],Participant 02,001,2025-10-16_18h28.54.608,Word Priming Experiment,,2025.1.1,118.33213218187181,2025-10-16 18h29.14.005139 +0530,
,15,15,0,,,_ha_t,Chart,old,chart,[np.float64(-0.055)],[np.float64(-0.30625)],[1],[0],[0],[2.977091000066139],['text_3'],,,,,0,15,15,1,70.15539530001115,,,,,,,,70.13337709999178,70.15539530001115,70.15539530001115,70.15539530001115,0.004642199957743287,73.11099910002667,chart,[np.float64(-0.055)],[np.float64(-0.30625)],[1],[0],[0],[2.977091000066139],['text_3'],Participant 02,001,2025-10-16_18h28.54.608,Word Priming Experiment,,2025.1.1,118.33213218187181,2025-10-16 18h29.14.005139 +0530,
,16,16,0,,,K_y_,Keys,old,keys,[np.float64(-0.055)],[np.float64(-0.30625)],[1],[0],[0],[1.326605600072071],['text_3'],,,,,0,16,16,8,73.13832590007223,,,,,,,,73.11673470004462,73.13832590007223,73.13832590007223,73.13832590007223,0.0053830998949706554,74.443996099988,keys,[np.float64(-0.055)],[np.float64(-0.30625)],[1],[0],[0],[1.326605600072071],['text_3'],Participant 02,001,2025-10-16_18h28.54.608,Word Priming Experiment,,2025.1.1,118.33213218187181,2025-10-16 18h29.14.005139 +0530,
,17,17,0,,,_oo_,Book,old,book,[np.float64(-0.055)],[np.float64(-0.30625)],[1],[0],[0],[2.6604800999630243],['text_3'],,,,,0,17,17,13,74.47199440002441,,,,,,,,74.44902669999283,74.47199440002441,74.47199440002441,74.47199440002441,0.004812699975445867,77.10995650000405,book,[np.float64(-0.055)],[np.float64(-0.30625)],[1],[0],[0],[2.6604800999630243],['text_3'],Participant 02,001,2025-10-16_18h28.54.608,Word Priming Experiment,,2025.1.1,118.33213218187181,2025-10-16 18h29.14.005139 +0530,
,18,18,0,,,_ru_is_,Cruise,old,cruise,[np.float64(-0.055)],[np.float64(-0.30625)],[1],[0],[0],[1.6819963000016287],['text_3'],,,,,0,18,18,6,77.14081780007109,,,,,,,,77.11351990001276,77.14081780007109,77.14081780007109,77.14081780007109,0.0034078999888151884,78.79590800008737,cruise,[np.float64(-0.055)],[np.float64(-0.30625)],[1],[0],[0],[1.6819963000016287],['text_3'],Participant 02,001,2025-10-16_18h28.54.608,Word Priming Experiment,,2025.1.1,118.33213218187181,2025-10-16 18h29.14.005139 +0530,
,19,19,0,,,bo_t_e,Bottle,new,bother,[np.float64(-0.055)],[np.float64(-0.30625)],[1],[0],[0],[2.077551299938932],['text_3'],,,,,0,19,19,18,78.82214820000809,,,,,,,,78.79957500007004,78.82214820000809,78.82214820000809,78.82214820000809,0.003549500019289553,80.8776433999883,bother,[np.float64(-0.055)],[np.float64(-0.30625)],[1],[0],[0],[2.077551299938932],['text_3'],Participant 02,001,2025-10-16_18h28.54.608,Word Priming Experiment,,2025.1.1,118.33213218187181,2025-10-16 18h29.14.005139 +0530,
,20,0,1,,,c_s_io_,Cushion,new,cushion,[np.float64(-0.055)],[np.float64(-0.30625)],[1],[0],[0],[2.190338999964297],['text_3'],,,,,1,0,20,14,80.90567890007515,,,,,,,,80.8832112000091,80.90567890007515,80.90567890007515,80.90567890007515,0.00524189998395741,83.07402400008868,cushion,[np.float64(-0.055)],[np.float64(-0.30625)],[1],[0],[0],[2.190338999964297],['text_3'],Participant 02,001,2025-10-16_18h28.54.608,Word Priming Experiment,,2025.1.1,118.33213218187181,2025-10-16 18h29.14.005139 +0530,
,21,1,1,,,_oo_,Book,old,book,[np.float64(-0.055)],[np.float64(-0.30625)],[1],[0],[0],[1.6318969000130892],['text_3'],,,,,1,1,21,13,83.08941010001581,,,,,,,,83.07719079998787,83.08941010001581,83.08941010001581,83.08941010001581,0.003010300104506314,84.70973200001754,book,[np.float64(-0.055)],[np.float64(-0.30625)],[1],[0],[0],[1.6318969000130892],['text_3'],Participant 02,001,2025-10-16_18h28.54.608,Word Priming Experiment,,2025.1.1,118.33213218187181,2025-10-16 18h29.14.005139 +0530,
,22,2,1,,,_ha_t,Chart,old,chart,[np.float64(-0.055)],[np.float64(-0.30625)],[1],[0],[0],[1.7313693999312818],['text_3'],,,,,1,2,22,1,84.73832780006342,,,,,,,,84.71297079999931,84.73832780006342,84.73832780006342,84.73832780006342,0.0028219999512657523,86.44482720002998,chart,[np.float64(-0.055)],[np.float64(-0.30625)],[1],[0],[0],[1.7313693999312818],['text_3'],Participant 02,001,2025-10-16_18h28.54.608,Word Priming Experiment,,2025.1.1,118.33213218187181,2025-10-16 18h29.14.005139 +0530,
,23,3,1,,,_ru_is_,Cruise,old,cruise,[np.float64(-0.055)],[np.float64(-0.30625)],[1],[0],[0],[1.6263523999368772],['text_3'],,,,,1,3,23,6,86.47155390004627,,,,,,,,86.44908100005705,86.47155390004627,86.47155390004627,86.47155390004627,0.004108299966901541,88.07605070003774,cruise,[np.float64(-0.055)],[np.float64(-0.30625)],[1],[0],[0],[1.6263523999368772],['text_3'],Participant 02,001,2025-10-16_18h28.54.608,Word Priming Experiment,,2025.1.1,118.33213218187181,2025-10-16 18h29.14.005139 +0530,
,24,4,1,,,ta_l_,Table,new,tally,[np.float64(-0.055)],[np.float64(-0.30625)],[1],[0],[0],[2.315185699961148],['text_3'],,,,,1,4,24,15,88.1046556000365,,,,,,,,88.08038520009723,88.1046556000365,88.1046556000365,88.1046556000365,0.004140299977734685,90.3961915000109,tally,[np.float64(-0.055)],[np.float64(-0.30625)],[1],[0],[0],[2.315185699961148],['text_3'],Participant 02,001,2025-10-16_18h28.54.608,Word Priming Experiment,,2025.1.1,118.33213218187181,2025-10-16 18h29.14.005139 +0530,
,25,5,1,,,bo_t_e,Bottle,new,bother,[np.float64(-0.055)],[np.float64(-0.30625)],[1],[0],[0],[3.323778999969363],['text_3'],,,,,1,5,25,18,90.42159460007679,,,,,,,,90.40134890004992,90.42159460007679,90.42159460007679,90.42159460007679,0.004777700058184564,93.725737700006,bother,[np.float64(-0.055)],[np.float64(-0.30625)],[1],[0],[0],[3.323778999969363],['text_3'],Participant 02,001,2025-10-16_18h28.54.608,Word Priming Experiment,,2025.1.1,118.33213218187181,2025-10-16 18h29.14.005139 +0530,
,26,6,1,,,_a_bl_,Marble,old,marble,[np.float64(-0.055)],[np.float64(-0.30625)],[1],[0],[0],[1.7612827999982983],['text_3'],,,,,1,6,26,11,93.75443710002583,,,,,,,,93.73023370001465,93.75443710002583,93.75443710002583,93.75443710002583,0.004320899955928326,95.49211830005515,marble,[np.float64(-0.055)],[np.float64(-0.30625)],[1],[0],[0],[1.7612827999982983],['text_3'],Participant 02,001,2025-10-16_18h28.54.608,Word Priming Experiment,,2025.1.1,118.33213218187181,2025-10-16 18h29.14.005139 +0530,
,27,7,1,,,l_pt_p,Laptop,old,laptop,[np.float64(-0.055)],[np.float64(-0.30625)],[1],[0],[0],[2.047967500053346],['text_3'],,,,,1,7,27,0,95.52198020007927,,,,,,,,95.49601180001628,95.52198020007927,95.52198020007927,95.52198020007927,0.003678899956867099,97.54444160009734,laptop,[np.float64(-0.055)],[np.float64(-0.30625)],[1],[0],[0],[2.047967500053346],['text_3'],Participant 02,001,2025-10-16_18h28.54.608,Word Priming Experiment,,2025.1.1,118.33213218187181,2025-10-16 18h29.14.005139 +0530,
,28,8,1,,,_ou_se,mouse,old,mouse,[np.float64(-0.055)],[np.float64(-0.30625)],[1],[0],[0],[1.4449293999932706],['text_3'],,,,,1,8,28,3,97.57182990002912,,,,,,,,97.5490928000072,97.57182990002912,97.57182990002912,97.57182990002912,0.004519900074228644,98.99492170009762,mouse,[np.float64(-0.055)],[np.float64(-0.30625)],[1],[0],[0],[1.4449293999932706],['text_3'],Participant 02,001,2025-10-16_18h28.54.608,Word Priming Experiment,,2025.1.1,118.33213218187181,2025-10-16 18h29.14.005139 +0530,
,29,9,1,,,c_s_,Case,old,case,[np.float64(-0.055)],[np.float64(-0.30625)],[1],[0],[0],[1.5607960999477655],['text_3'],,,,,1,9,29,5,99.02161460008938,,,,,,,,98.99984990002122,99.02161460008938,99.02161460008938,99.02161460008938,0.004801100003533065,100.5614240000723,case,[np.float64(-0.055)],[np.float64(-0.30625)],[1],[0],[0],[1.5607960999477655],['text_3'],Participant 02,001,2025-10-16_18h28.54.608,Word Priming Experiment,,2025.1.1,118.33213218187181,2025-10-16 18h29.14.005139 +0530,
,30,10,1,,,_ho_e,Phone,old,phone,[np.float64(-0.055)],[np.float64(-0.30625)],[1],[0],[0],[2.4764571000123397],['text_3'],,,,,1,10,30,12,100.58829069999047,,,,,,,,100.56645600008778,100.58829069999047,100.58829069999047,100.58829069999047,0.0045761000365018845,103.04350979998708,phone,[np.float64(-0.055)],[np.float64(-0.30625)],[1],[0],[0],[2.4764571000123397],['text_3'],Participant 02,001,2025-10-16_18h28.54.608,Word Priming Experiment,,2025.1.1,118.33213218187181,2025-10-16 18h29.14.005139 +0530,
,31,11,1,,,_o_rd,Board,old,board,[np.float64(-0.055)],[np.float64(-0.30625)],[1],[0],[0],[1.8284445999888703],['text_3'],,,,,1,11,31,10,103.07197130005807,,,,,,,,103.04640990006737,103.07197130005807,103.07197130005807,103.07197130005807,0.0027473000809550285,104.87557790009305,board,[np.float64(-0.055)],[np.float64(-0.30625)],[1],[0],[0],[1.8284445999888703],['text_3'],Participant 02,001,2025-10-16_18h28.54.608,Word Priming Experiment,,2025.1.1,118.33213218187181,2025-10-16 18h29.14.005139 +0530,
,32,12,1,,,c_m_ra,Camera,new,comera,[np.float64(-0.055)],[np.float64(-0.30625)],[1],[0],[0],[2.1286066999891773],['text_3'],,,,,1,12,32,19,104.88905730005354,,,,,,,,104.8786879000254,104.88905730005354,104.88905730005354,104.88905730005354,0.002974799950607121,107.00790490000509,comera,[np.float64(-0.055)],[np.float64(-0.30625)],[1],[0],[0],[2.1286066999891773],['text_3'],Participant 02,001,2025-10-16_18h28.54.608,Word Priming Experiment,,2025.1.1,118.33213218187181,2025-10-16 18h29.14.005139 +0530,
,33,13,1,,,p_nc_l,Pencil,new,panicle,[np.float64(-0.055)],[np.float64(-0.30625)],[1],[0],[0],[3.0460525000235066],['text_3'],,,,,1,13,33,16,107.03768549999222,,,,,,,,107.01345170009881,107.03768549999222,107.03768549999222,107.03768549999222,0.005345999961718917,110.06028950004838,panicle,[np.float64(-0.055)],[np.float64(-0.30625)],[1],[0],[0],[3.0460525000235066],['text_3'],Participant 02,001,2025-10-16_18h28.54.608,Word Priming Experiment,,2025.1.1,118.33213218187181,2025-10-16 18h29.14.005139 +0530,
,34,14,1,,,v_s_,Vase,new,visa,[np.float64(-0.055)],[np.float64(-0.30625)],[1],[0],[0],[1.593538700020872],['text_3'],,,,,1,14,34,17,110.08826750004664,,,,,,,,110.06494680000469,110.08826750004664,110.08826750004664,110.08826750004664,0.004475999972783029,111.65921390010044,visa,[np.float64(-0.055)],[np.float64(-0.30625)],[1],[0],[0],[1.593538700020872],['text_3'],Participant 02,001,2025-10-16_18h28.54.608,Word Priming Experiment,,2025.1.1,118.33213218187181,2025-10-16 18h29.14.005139 +0530,
,35,15,1,,,T_hi_t,Tshirt,old,tshirt,[np.float64(-0.055)],[np.float64(-0.30625)],[1],[0],[0],[3.296149400062859],['text_3'],,,,,1,15,35,2,111.67316570004914,,,,,,,,111.66192250000313,111.67316570004914,111.67316570004914,111.67316570004914,0.002493100007995963,114.95868260005955,tshirt,[np.float64(-0.055)],[np.float64(-0.30625)],[1],[0],[0],[3.296149400062859],['text_3'],Participant 02,001,2025-10-16_18h28.54.608,Word Priming Experiment,,2025.1.1,118.33213218187181,2025-10-16 18h29.14.005139 +0530,
,36,16,1,,,P_li_e,Police,old,police,[np.float64(-0.055)],[np.float64(-0.30625)],[1],[0],[0],[1.6934254000661895],['text_3'],,,,,1,16,36,7,114.98828040005174,,,,,,,,114.96459560003132,114.98828040005174,114.98828040005174,114.98828040005174,0.005737200030125678,116.65855380007997,police,[np.float64(-0.055)],[np.float64(-0.30625)],[1],[0],[0],[1.6934254000661895],['text_3'],Participant 02,001,2025-10-16_18h28.54.608,Word Priming Experiment,,2025.1.1,118.33213218187181,2025-10-16 18h29.14.005139 +0530,
,37,17,1,,,P_st_r,Poster,old,pastry,[np.float64(-0.055)],[np.float64(-0.30625)],[1],[0],[0],[1.9644280999200419],['text_3'],,,,,1,17,37,9,116.68840850004926,,,,,,,,116.66251729999203,116.68840850004926,116.68840850004926,116.68840850004926,0.0038718999130651355,118.62767479999457,pastry,[np.float64(-0.055)],[np.float64(-0.30625)],[1],[0],[0],[1.9644280999200419],['text_3'],Participant 02,001,2025-10-16_18h28.54.608,Word Priming Experiment,,2025.1.1,118.33213218187181,2025-10-16 18h29.14.005139 +0530,
,38,18,1,,,P_as_tr_,Pastry,old,pastry,[np.float64(-0.055)],[np.float64(-0.30625)],[1],[0],[0],[1.9596630999585614],['text_3'],,,,,1,18,38,4,118.65560130006634,,,,,,,,118.63225900009274,118.65560130006634,118.65560130006634,118.65560130006634,0.004420399898663163,120.59280710003804,pastry,[np.float64(-0.055)],[np.float64(-0.30625)],[1],[0],[0],[1.9596630999585614],['text_3'],Participant 02,001,2025-10-16_18h28.54.608,Word Priming Experiment,,2025.1.1,118.33213218187181,2025-10-16 18h29.14.005139 +0530,
,39,19,1,,,K_y_,Keys,old,keys,[np.float64(-0.055)],[np.float64(-0.30625)],[1],[0],[0],[2.4130392000079155],['text_3'],,,,,1,19,39,8,120.62128510000184,,,,,,,,120.59575089998543,120.62128510000184,120.62128510000184,120.62128510000184,0.002772800042293966,123.00923180009704,keys,[np.float64(-0.055)],[np.float64(-0.30625)],[1],[0],[0],[2.4130392000079155],['text_3'],Participant 02,001,2025-10-16_18h28.54.608,Word Priming Experiment,,2025.1.1,118.33213218187181,2025-10-16 18h29.14.005139 +0530,
,40,0,2,,,_o_rd,Board,old,board,[np.float64(-0.055)],[np.float64(-0.30625)],[1],[0],[0],[2.060129199991934],['text_3'],,,,,2,0,40,10,123.03786210005637,,,,,,,,123.01459130004514,123.03786210005637,123.03786210005637,123.03786210005637,0.005265900050289929,125.07526519999374,board,[np.float64(-0.055)],[np.float64(-0.30625)],[1],[0],[0],[2.060129199991934],['text_3'],Participant 02,001,2025-10-16_18h28.54.608,Word Priming Experiment,,2025.1.1,118.33213218187181,2025-10-16 18h29.14.005139 +0530,
,41,1,2,,,_ru_is_,Cruise,old,cruise,[np.float64(-0.055)],[np.float64(-0.30625)],[1],[0],[0],[1.9363249000161886],['text_3'],,,,,2,1,41,6,125.1045679000672,,,,,,,,125.07888550008647,125.1045679000672,125.1045679000672,125.1045679000672,0.003458600025624037,127.01576490001753,cruise,[np.float64(-0.055)],[np.float64(-0.30625)],[1],[0],[0],[1.9363249000161886],['text_3'],Participant 02,001,2025-10-16_18h28.54.608,Word Priming Experiment,,2025.1.1,118.33213218187181,2025-10-16 18h29.14.005139 +0530,
,42,2,2,,,_oo_,Book,old,book,[np.float64(-0.055)],[np.float64(-0.30625)],[1],[0],[0],[1.871979699935764],['text_3'],,,,,2,2,42,13,127.03836310002953,,,,,,,,127.01866930001415,127.03836310002953,127.03836310002953,127.03836310002953,0.0025148000568151474,128.8911500000395,book,[np.float64(-0.055)],[np.float64(-0.30625)],[1],[0],[0],[1.871979699935764],['text_3'],Participant 02,001,2025-10-16_18h28.54.608,Word Priming Experiment,,2025.1.1,118.33213218187181,2025-10-16 18h29.14.005139 +0530,
,43,3,2,,,ta_l_,Table,new,tally,[np.float64(-0.055)],[np.float64(-0.30625)],[1],[0],[0],[2.4714980999706313],['text_3'],,,,,2,3,43,15,128.92153440008406,,,,,,,,128.8948190000374,128.92153440008406,128.92153440008406,128.92153440008406,0.0035287999780848622,131.36721940001007,tally,[np.float64(-0.055)],[np.float64(-0.30625)],[1],[0],[0],[2.4714980999706313],['text_3'],Participant 02,001,2025-10-16_18h28.54.608,Word Priming Experiment,,2025.1.1,118.33213218187181,2025-10-16 18h29.14.005139 +0530,
,44,4,2,,,T_hi_t,Tshirt,old,tshirt,[np.float64(-0.055)],[np.float64(-0.30625)],[1],[0],[0],[1.799013699986972],['text_3'],,,,,2,4,44,2,131.38800520007499,,,,,,,,131.3737889000913,131.38800520007499,131.38800520007499,131.38800520007499,0.005992299993522465,133.17333120002877,tshirt,[np.float64(-0.055)],[np.float64(-0.30625)],[1],[0],[0],[1.799013699986972],['text_3'],Participant 02,001,2025-10-16_18h28.54.608,Word Priming Experiment,,2025.1.1,118.33213218187181,2025-10-16 18h29.14.005139 +0530,
,45,5,2,,,bo_t_e,Bottle,new,bother,[np.float64(-0.055)],[np.float64(-0.30625)],[1],[0],[0],[1.4494547999929637],['text_3'],,,,,2,5,45,18,133.18901610001922,,,,,,,,133.17657550005242,133.18901610001922,133.18901610001922,133.18901610001922,0.003107300028204918,134.626660500071,bother,[np.float64(-0.055)],[np.float64(-0.30625)],[1],[0],[0],[1.4494547999929637],['text_3'],Participant 02,001,2025-10-16_18h28.54.608,Word Priming Experiment,,2025.1.1,118.33213218187181,2025-10-16 18h29.14.005139 +0530,
,46,6,2,,,_a_bl_,Marble,old,marble,[np.float64(-0.055)],[np.float64(-0.30625)],[1],[0],[0],[1.6286098000127822],['text_3'],,,,,2,6,46,11,134.65496200008783,,,,,,,,134.63125299999956,134.65496200008783,134.65496200008783,134.65496200008783,0.004400499979965389,136.2603942999849,marble,[np.float64(-0.055)],[np.float64(-0.30625)],[1],[0],[0],[1.6286098000127822],['text_3'],Participant 02,001,2025-10-16_18h28.54.608,Word Priming Experiment,,2025.1.1,118.33213218187181,2025-10-16 18h29.14.005139 +0530,
,47,7,2,,,P_as_tr_,Pastry,old,pastry,[np.float64(-0.055)],[np.float64(-0.30625)],[1],[0],[0],[1.5805002000415698],['text_3'],,,,,2,7,47,4,136.28794639999978,,,,,,,,136.26368400000501,136.28794639999978,136.28794639999978,136.28794639999978,0.003161999979056418,137.85549340001307,pastry,[np.float64(-0.055)],[np.float64(-0.30625)],[1],[0],[0],[1.5805002000415698],['text_3'],Participant 02,001,2025-10-16_18h28.54.608,Word Priming Experiment,,2025.1.1,118.33213218187181,2025-10-16 18h29.14.005139 +0530,
,48,8,2,,,_ho_e,Phone,old,phone,[np.float64(-0.055)],[np.float64(-0.30625)],[1],[0],[0],[1.8140263000968844],['text_3'],,,,,2,8,48,12,137.88802310009487,,,,,,,,137.86126919998787,137.88802310009487,137.88802310009487,137.88802310009487,0.005496299942024052,139.67601819999982,phone,[np.float64(-0.055)],[np.float64(-0.30625)],[1],[0],[0],[1.8140263000968844],['text_3'],Participant 02,001,2025-10-16_18h28.54.608,Word Priming Experiment,,2025.1.1,118.33213218187181,2025-10-16 18h29.14.005139 +0530,
,49,9,2,,,p_nc_l,Pencil,new,panicle,[np.float64(-0.055)],[np.float64(-0.30625)],[1],[0],[0],[1.7441919000120834],['text_3'],,,,,2,9,49,16,139.7046176000731,,,,,,,,139.6799614999909,139.7046176000731,139.7046176000731,139.7046176000731,0.003906100057065487,141.42513720004354,panicle,[np.float64(-0.055)],[np.float64(-0.30625)],[1],[0],[0],[1.7441919000120834],['text_3'],Participant 02,001,2025-10-16_18h28.54.608,Word Priming Experiment,,2025.1.1,118.33213218187181,2025-10-16 18h29.14.005139 +0530,
,50,10,2,,,_ha_t,Chart,old,chart,[np.float64(-0.055)],[np.float64(-0.30625)],[1],[0],[0],[2.2479374000104144],['text_3'],,,,,2,10,50,1,141.4549410000909,,,,,,,,141.42904300009832,141.4549410000909,141.4549410000909,141.4549410000909,0.003650299971923232,143.6778014000738,chart,[np.float64(-0.055)],[np.float64(-0.30625)],[1],[0],[0],[2.2479374000104144],['text_3'],Participant 02,001,2025-10-16_18h28.54.608,Word Priming Experiment,,2025.1.1,118.33213218187181,2025-10-16 18h29.14.005139 +0530,
,51,11,2,,,K_y_,Keys,old,keys,[np.float64(-0.055)],[np.float64(-0.30625)],[1],[0],[0],[1.6111322999931872],['text_3'],,,,,2,11,51,8,143.70531890005805,,,,,,,,143.68121569999494,143.70531890005805,143.70531890005805,143.70531890005805,0.0032424998935312033,145.2929398000706,keys,[np.float64(-0.055)],[np.float64(-0.30625)],[1],[0],[0],[1.6111322999931872],['text_3'],Participant 02,001,2025-10-16_18h28.54.608,Word Priming Experiment,,2025.1.1,118.33213218187181,2025-10-16 18h29.14.005139 +0530,
,52,12,2,,,_ou_se,mouse,old,mpuse,[np.float64(-0.055)],[np.float64(-0.30625)],[1],[0],[0],[1.6316172999795526],['text_3'],,,,,2,12,52,3,145.3213509999914,,,,,,,,145.2959770000307,145.3213509999914,145.3213509999914,145.3213509999914,0.0028955999296158552,146.92829780001193,mpuse,[np.float64(-0.055)],[np.float64(-0.30625)],[1],[0],[0],[1.6316172999795526],['text_3'],Participant 02,001,2025-10-16_18h28.54.608,Word Priming Experiment,,2025.1.1,118.33213218187181,2025-10-16 18h29.14.005139 +0530,
,53,13,2,,,c_s_,Case,old,case,[np.float64(-0.055)],[np.float64(-0.30625)],[1],[0],[0],[1.5422063999576494],['text_3'],,,,,2,13,53,5,146.9544365000911,,,,,,,,146.93328290001955,146.9544365000911,146.9544365000911,146.9544365000911,0.004352299962192774,148.4763716000598,case,[np.float64(-0.055)],[np.float64(-0.30625)],[1],[0],[0],[1.5422063999576494],['text_3'],Participant 02,001,2025-10-16_18h28.54.608,Word Priming Experiment,,2025.1.1,118.33213218187181,2025-10-16 18h29.14.005139 +0530,
,54,14,2,,,c_m_ra,Camera,new,comera,[np.float64(-0.055)],[np.float64(-0.30625)],[1],[0],[0],[2.027587999938987],['text_3'],,,,,2,14,54,19,148.50479330006056,,,,,,,,148.47930700005963,148.50479330006056,148.50479330006056,148.50479330006056,0.002809500088915229,150.50768170005176,comera,[np.float64(-0.055)],[np.float64(-0.30625)],[1],[0],[0],[2.027587999938987],['text_3'],Participant 02,001,2025-10-16_18h28.54.608,Word Priming Experiment,,2025.1.1,118.33213218187181,2025-10-16 18h29.14.005139 +0530,
,55,15,2,,,P_st_r,Poster,old,pastry,[np.float64(-0.055)],[np.float64(-0.30625)],[1],[0],[0],[1.7287207000190392],['text_3'],,,,,2,15,55,9,150.52218390000053,,,,,,,,150.51122470002156,150.52218390000053,150.52218390000053,150.52218390000053,0.003335400018841028,152.24061710003298,pastry,[np.float64(-0.055)],[np.float64(-0.30625)],[1],[0],[0],[1.7287207000190392],['text_3'],Participant 02,001,2025-10-16_18h28.54.608,Word Priming Experiment,,2025.1.1,118.33213218187181,2025-10-16 18h29.14.005139 +0530,
,56,16,2,,,v_s_,Vase,new,visa,[np.float64(-0.055)],[np.float64(-0.30625)],[1],[0],[0],[3.3148814999731258],['text_3'],,,,,2,16,56,17,152.2708205000963,,,,,,,,152.24384320003446,152.2708205000963,152.2708205000963,152.2708205000963,0.003103800001554191,155.5592900000047,visa,[np.float64(-0.055)],[np.float64(-0.30625)],[1],[0],[0],[3.3148814999731258],['text_3'],Participant 02,001,2025-10-16_18h28.54.608,Word Priming Experiment,,2025.1.1,118.33213218187181,2025-10-16 18h29.14.005139 +0530,
,57,17,2,,,P_li_e,Police,old,police,[np.float64(-0.055)],[np.float64(-0.30625)],[1],[0],[0],[1.6971277999691665],['text_3'],,,,,2,17,57,7,155.58797610003967,,,,,,,,155.56319630006328,155.58797610003967,155.58797610003967,155.58797610003967,0.0037752999924123287,157.26113390002865,police,[np.float64(-0.055)],[np.float64(-0.30625)],[1],[0],[0],[1.6971277999691665],['text_3'],Participant 02,001,2025-10-16_18h28.54.608,Word Priming Experiment,,2025.1.1,118.33213218187181,2025-10-16 18h29.14.005139 +0530,
,58,18,2,,,l_pt_p,Laptop,old,laptop,[np.float64(-0.055)],[np.float64(-0.30625)],[1],[0],[0],[1.8620698999147862],['text_3'],,,,,2,18,58,0,157.28852500009816,,,,,,,,157.26579540001694,157.28852500009816,157.28852500009816,157.28852500009816,0.0045140000293031335,159.1288778000744,laptop,[np.float64(-0.055)],[np.float64(-0.30625)],[1],[0],[0],[1.8620698999147862],['text_3'],Participant 02,001,2025-10-16_18h28.54.608,Word Priming Experiment,,2025.1.1,118.33213218187181,2025-10-16 18h29.14.005139 +0530,
,59,19,2,,,c_s_io_,Cushion,new,cushion,[np.float64(-0.055)],[np.float64(-0.30625)],[1],[0],[0],[1.9392217000713572],['text_3'],,,,,2,19,59,14,159.15414150001016,,,,,,,,159.13398180005606,159.15414150001016,159.15414150001016,159.15414150001016,0.004909600014798343,161.07394750008825,cushion,[np.float64(-0.055)],[np.float64(-0.30625)],[1],[0],[0],[1.9392217000713572],['text_3'],Participant 02,001,2025-10-16_18h28.54.608,Word Priming Experiment,,2025.1.1,118.33213218187181,2025-10-16 18h29.14.005139 +0530,
,60,0,3,,,_ou_se,mouse,old,mouse,[np.float64(-0.055)],[np.float64(-0.30625)],[1],[0],[0],[1.5304133999161422],['text_3'],,,,,3,0,60,3,161.1042821999872,,,,,,,,161.07892090000678,161.1042821999872,161.1042821999872,161.1042821999872,0.004816400003619492,162.61007400008384,mouse,[np.float64(-0.055)],[np.float64(-0.30625)],[1],[0],[0],[1.5304133999161422],['text_3'],Participant 02,001,2025-10-16_18h28.54.608,Word Priming Experiment,,2025.1.1,118.33213218187181,2025-10-16 18h29.14.005139 +0530,
,61,1,3,,,c_s_io_,Cushion,new,cushion,[np.float64(-0.055)],[np.float64(-0.30625)],[1],[0],[0],[1.9464597000041977],['text_3'],,,,,3,1,61,14,162.6374057000503,,,,,,,,162.61442360002548,162.6374057000503,162.6374057000503,162.6374057000503,0.004182300064712763,164.56191130005755,cushion,[np.float64(-0.055)],[np.float64(-0.30625)],[1],[0],[0],[1.9464597000041977],['text_3'],Participant 02,001,2025-10-16_18h28.54.608,Word Priming Experiment,,2025.1.1,118.33213218187181,2025-10-16 18h29.14.005139 +0530,
,62,2,3,,,T_hi_t,Tshirt,old,tshirt,[np.float64(-0.055)],[np.float64(-0.30625)],[1],[0],[0],[1.7244439999340102],['text_3'],,,,,3,2,62,2,164.58758570009377,,,,,,,,164.56748660001904,164.58758570009377,164.58758570009377,164.58758570009377,0.005380999995395541,166.2929093000712,tshirt,[np.float64(-0.055)],[np.float64(-0.30625)],[1],[0],[0],[1.7244439999340102],['text_3'],Participant 02,001,2025-10-16_18h28.54.608,Word Priming Experiment,,2025.1.1,118.33213218187181,2025-10-16 18h29.14.005139 +0530,
,63,3,3,,,P_as_tr_,Pastry,old,pastry,[np.float64(-0.055)],[np.float64(-0.30625)],[1],[0],[0],[1.529880200047046],['text_3'],,,,,3,3,63,4,166.3209200000856,,,,,,,,166.2975912000984,166.3209200000856,166.3209200000856,166.3209200000856,0.004475199966691434,167.82881870004348,pastry,[np.float64(-0.055)],[np.float64(-0.30625)],[1],[0],[0],[1.529880200047046],['text_3'],Participant 02,001,2025-10-16_18h28.54.608,Word Priming Experiment,,2025.1.1,118.33213218187181,2025-10-16 18h29.14.005139 +0530,
,64,4,3,,,_o_rd,Board,old,board,[np.float64(-0.055)],[np.float64(-0.30625)],[1],[0],[0],[1.8230889000697061],['text_3'],,,,,3,4,64,10,167.85408990003634,,,,,,,,167.83327440009452,167.85408990003634,167.85408990003634,167.85408990003634,0.004198899958282709,169.65730910003185,board,[np.float64(-0.055)],[np.float64(-0.30625)],[1],[0],[0],[1.8230889000697061],['text_3'],Participant 02,001,2025-10-16_18h28.54.608,Word Priming Experiment,,2025.1.1,118.33213218187181,2025-10-16 18h29.14.005139 +0530,
,65,5,3,,,_ha_t,Chart,old,chart,[np.float64(-0.055)],[np.float64(-0.30625)],[1],[0],[0],[1.599943000008352],['text_3'],,,,,3,5,65,1,169.68765640002675,,,,,,,,169.66209320002235,169.68765640002675,169.68765640002675,169.68765640002675,0.004580300068482757,171.26293200009968,chart,[np.float64(-0.055)],[np.float64(-0.30625)],[1],[0],[0],[1.599943000008352],['text_3'],Participant 02,001,2025-10-16_18h28.54.608,Word Priming Experiment,,2025.1.1,118.33213218187181,2025-10-16 18h29.14.005139 +0530,
,66,6,3,,,bo_t_e,Bottle,new,bother,[np.float64(-0.055)],[np.float64(-0.30625)],[1],[0],[0],[1.5410548000363633],['text_3'],,,,,3,6,66,18,171.28794390009716,,,,,,,,171.26722750009503,171.28794390009716,171.28794390009716,171.28794390009716,0.004110099980607629,172.809211099986,bother,[np.float64(-0.055)],[np.float64(-0.30625)],[1],[0],[0],[1.5410548000363633],['text_3'],Participant 02,001,2025-10-16_18h28.54.608,Word Priming Experiment,,2025.1.1,118.33213218187181,2025-10-16 18h29.14.005139 +0530,
,67,7,3,,,c_s_,Case,old,case,[np.float64(-0.055)],[np.float64(-0.30625)],[1],[0],[0],[1.5950678000226617],['text_3'],,,,,3,7,67,5,172.837564400048,,,,,,,,172.81406810006592,172.837564400048,172.837564400048,172.837564400048,0.00468040001578629,174.41075740009546,case,[np.float64(-0.055)],[np.float64(-0.30625)],[1],[0],[0],[1.5950678000226617],['text_3'],Participant 02,001,2025-10-16_18h28.54.608,Word Priming Experiment,,2025.1.1,118.33213218187181,2025-10-16 18h29.14.005139 +0530,
,68,8,3,,,l_pt_p,Laptop,old,laptop,[np.float64(-0.055)],[np.float64(-0.30625)],[1],[0],[0],[1.712184299947694],['text_3'],,,,,3,8,68,0,174.43785099999513,,,,,,,,174.41396889998578,174.43785099999513,174.43785099999513,174.43785099999513,0.0030199000611901283,176.12769290001597,laptop,[np.float64(-0.055)],[np.float64(-0.30625)],[1],[0],[0],[1.712184299947694],['text_3'],Participant 02,001,2025-10-16_18h28.54.608,Word Priming Experiment,,2025.1.1,118.33213218187181,2025-10-16 18h29.14.005139 +0530,
,69,9,3,,,v_s_,Vase,new,visa,[np.float64(-0.055)],[np.float64(-0.30625)],[1],[0],[0],[1.6426777000306174],['text_3'],,,,,3,9,69,17,176.1539546001004,,,,,,,,176.13286030001473,176.1539546001004,176.1539546001004,176.1539546001004,0.004938900005072355,177.77692440000828,visa,[np.float64(-0.055)],[np.float64(-0.30625)],[1],[0],[0],[1.6426777000306174],['text_3'],Participant 02,001,2025-10-16_18h28.54.608,Word Priming Experiment,,2025.1.1,118.33213218187181,2025-10-16 18h29.14.005139 +0530,
,70,10,3,,,K_y_,Keys,old,keys,[np.float64(-0.055)],[np.float64(-0.30625)],[1],[0],[0],[1.3578248999547213],['text_3'],,,,,3,10,70,8,177.80417570006102,,,,,,,,177.78255980007816,177.80417570006102,177.80417570006102,177.80417570006102,0.005384300020523369,179.141345800017,keys,[np.float64(-0.055)],[np.float64(-0.30625)],[1],[0],[0],[1.3578248999547213],['text_3'],Participant 02,001,2025-10-16_18h28.54.608,Word Priming Experiment,,2025.1.1,118.33213218187181,2025-10-16 18h29.14.005139 +0530,
,71,11,3,,,_ru_is_,Cruise,old,cruise,[np.float64(-0.055)],[np.float64(-0.30625)],[1],[0],[0],[1.7289074999280274],['text_3'],,,,,3,11,71,6,179.17103070009034,,,,,,,,179.14568350010086,179.17103070009034,179.17103070009034,179.17103070009034,0.004130200017243624,180.87566170003265,cruise,[np.float64(-0.055)],[np.float64(-0.30625)],[1],[0],[0],[1.7289074999280274],['text_3'],Participant 02,001,2025-10-16_18h28.54.608,Word Priming Experiment,,2025.1.1,118.33213218187181,2025-10-16 18h29.14.005139 +0530,
,72,12,3,,,p_nc_l,Pencil,new,panicle,[np.float64(-0.055)],[np.float64(-0.30625)],[1],[0],[0],[1.8618888999335468],['text_3'],,,,,3,12,72,16,180.90483570005745,,,,,,,,180.8810661000898,180.90483570005745,180.90483570005745,180.90483570005745,0.005123700015246868,182.74420600000303,panicle,[np.float64(-0.055)],[np.float64(-0.30625)],[1],[0],[0],[1.8618888999335468],['text_3'],Participant 02,001,2025-10-16_18h28.54.608,Word Priming Experiment,,2025.1.1,118.33213218187181,2025-10-16 18h29.14.005139 +0530,
,73,13,3,,,_a_bl_,Marble,old,marble,[np.float64(-0.055)],[np.float64(-0.30625)],[1],[0],[0],[1.7419902000110596],['text_3'],,,,,3,13,73,11,182.7711209000554,,,,,,,,182.74956080003176,182.7711209000554,182.7711209000554,182.7711209000554,0.00519020005594939,184.49272380000912,marble,[np.float64(-0.055)],[np.float64(-0.30625)],[1],[0],[0],[1.7419902000110596],['text_3'],Participant 02,001,2025-10-16_18h28.54.608,Word Priming Experiment,,2025.1.1,118.33213218187181,2025-10-16 18h29.14.005139 +0530,
,74,14,3,,,c_m_ra,Camera,new,comera,[np.float64(-0.055)],[np.float64(-0.30625)],[1],[0],[0],[1.7634063999867067],['text_3'],,,,,3,14,74,19,184.5206409000093,,,,,,,,184.49586880009156,184.5206409000093,184.5206409000093,184.5206409000093,0.0029651999939233065,186.26043430005666,comera,[np.float64(-0.055)],[np.float64(-0.30625)],[1],[0],[0],[1.7634063999867067],['text_3'],Participant 02,001,2025-10-16_18h28.54.608,Word Priming Experiment,,2025.1.1,118.33213218187181,2025-10-16 18h29.14.005139 +0530,
,75,15,3,,,_ho_e,Phone,old,phone,[np.float64(-0.055)],[np.float64(-0.30625)],[1],[0],[0],[2.944264499936253],['text_3'],,,,,3,15,75,12,186.28761250001844,,,,,,,,186.2656206000829,186.28761250001844,186.28761250001844,186.28761250001844,0.004986700019799173,189.21091830008663,phone,[np.float64(-0.055)],[np.float64(-0.30625)],[1],[0],[0],[2.944264499936253],['text_3'],Participant 02,001,2025-10-16_18h28.54.608,Word Priming Experiment,,2025.1.1,118.33213218187181,2025-10-16 18h29.14.005139 +0530,
,76,16,3,,,P_st_r,Poster,old,pastry,[np.float64(-0.055)],[np.float64(-0.30625)],[1],[0],[0],[1.8442032999591902],['text_3'],,,,,3,16,76,9,189.23780670005362,,,,,,,,189.21595330000855,189.23780670005362,189.23780670005362,189.23780670005362,0.004889199975878,191.06132630002685,pastry,[np.float64(-0.055)],[np.float64(-0.30625)],[1],[0],[0],[1.8442032999591902],['text_3'],Participant 02,001,2025-10-16_18h28.54.608,Word Priming Experiment,,2025.1.1,118.33213218187181,2025-10-16 18h29.14.005139 +0530,
,77,17,3,,,ta_l_,Table,new,tally,"[np.float64(-0.13125), np.float64(-0.07125)]","[np.float64(-0.18875), np.float64(-0.30125)]","[1, 1]","[0, 0]","[0, 0]","[7.21781820000615, 8.082686899928376]","[None, 'text_3']",,,,,3,17,77,15,191.08808040001895,,,,,,,,191.0670106000034,191.08808040001895,191.08808040001895,191.08808040001895,0.005463400040753186,199.15074030007236,tally,"[np.float64(-0.13125), np.float64(-0.07125)]","[np.float64(-0.18875), np.float64(-0.30125)]","[1, 1]","[0, 0]","[0, 0]","[7.21781820000615, 8.082686899928376]","[None, 'text_3']",Participant 02,001,2025-10-16_18h28.54.608,Word Priming Experiment,,2025.1.1,118.33213218187181,2025-10-16 18h29.14.005139 +0530,
,78,18,3,,,P_li_e,Police,old,police,[np.float64(-0.07125)],[np.float64(-0.30125)],[1],[0],[0],[2.5275318999774754],['text_3'],,,,,3,18,78,7,199.17056830006186,,,,,,,,199.15380279999226,199.17056830006186,199.17056830006186,199.17056830006186,0.0028612999012693763,201.6823653000174,police,[np.float64(-0.07125)],[np.float64(-0.30125)],[1],[0],[0],[2.5275318999774754],['text_3'],Participant 02,001,2025-10-16_18h28.54.608,Word Priming Experiment,,2025.1.1,118.33213218187181,2025-10-16 18h29.14.005139 +0530,
,79,19,3,,,_oo_,Book,old,book,[np.float64(-0.07125)],[np.float64(-0.30125)],[1],[0],[0],[1.7810110999271274],['text_3'],,,,,3,19,79,13,201.69700700009707,,,,,,,,201.68638660002034,201.69700700009707,201.69700700009707,201.69700700009707,0.0038038999773561954,203.46893000009004,book,[np.float64(-0.07125)],[np.float64(-0.30125)],[1],[0],[0],[1.7810110999271274],['text_3'],Participant 02,001,2025-10-16_18h28.54.608,Word Priming Experiment,,2025.1.1,118.33213218187181,2025-10-16 18h29.14.005139 +0530,
,80,0,4,,,_o_rd,Board,old,board,[np.float64(-0.07125)],[np.float64(-0.30125)],[1],[0],[0],[3.1743778999662027],['text_3'],,,,,4,0,80,10,203.4959440000821,,,,,,,,203.47520400001667,203.4959440000821,203.4959440000821,203.4959440000821,0.005993700004182756,206.6506160000572,board,[np.float64(-0.07125)],[np.float64(-0.30125)],[1],[0],[0],[3.1743778999662027],['text_3'],Participant 02,001,2025-10-16_18h28.54.608,Word Priming Experiment,,2025.1.1,118.33213218187181,2025-10-16 18h29.14.005139 +0530,
,81,1,4,,,T_hi_t,Tshirt,old,tshirt,[np.float64(-0.07125)],[np.float64(-0.30125)],[1],[0],[0],[2.3622675000224262],['text_3'],,,,,4,1,81,2,206.68006250006147,,,,,,,,206.6542935000034,206.68006250006147,206.68006250006147,206.68006250006147,0.0031703999266028404,209.01750200008973,tshirt,[np.float64(-0.07125)],[np.float64(-0.30125)],[1],[0],[0],[2.3622675000224262],['text_3'],Participant 02,001,2025-10-16_18h28.54.608,Word Priming Experiment,,2025.1.1,118.33213218187181,2025-10-16 18h29.14.005139 +0530,
,82,2,4,,,K_y_,Keys,old,keys,[np.float64(-0.07125)],[np.float64(-0.30125)],[1],[0],[0],[1.7285395000362769],['text_3'],,,,,4,2,82,8,209.0455753999995,,,,,,,,209.0217721000081,209.0455753999995,209.0455753999995,209.0455753999995,0.004150099935941398,210.75177010009065,keys,[np.float64(-0.07125)],[np.float64(-0.30125)],[1],[0],[0],[1.7285395000362769],['text_3'],Participant 02,001,2025-10-16_18h28.54.608,Word Priming Experiment,,2025.1.1,118.33213218187181,2025-10-16 18h29.14.005139 +0530,
,83,3,4,,,c_m_ra,Camera,new,comera,[np.float64(-0.07125)],[np.float64(-0.30125)],[1],[0],[0],[2.358809500001371],['text_3'],,,,,4,3,83,19,210.7788969000103,,,,,,,,210.75620940001681,210.7788969000103,210.7788969000103,210.7788969000103,0.004194700042717159,213.11624150001444,comera,[np.float64(-0.07125)],[np.float64(-0.30125)],[1],[0],[0],[2.358809500001371],['text_3'],Participant 02,001,2025-10-16_18h28.54.608,Word Priming Experiment,,2025.1.1,118.33213218187181,2025-10-16 18h29.14.005139 +0530,
,84,4,4,,,_ru_is_,Cruise,old,cruise,[np.float64(-0.07125)],[np.float64(-0.30125)],[1],[0],[0],[2.2442673000041395],['text_3'],,,,,4,4,84,6,213.14503220003098,,,,,,,,213.12085579999257,213.14503220003098,213.14503220003098,213.14503220003098,0.004381599952466786,215.3665733000962,cruise,[np.float64(-0.07125)],[np.float64(-0.30125)],[1],[0],[0],[2.2442673000041395],['text_3'],Participant 02,001,2025-10-16_18h28.54.608,Word Priming Experiment,,2025.1.1,118.33213218187181,2025-10-16 18h29.14.005139 +0530,
,85,5,4,,,P_li_e,Police,old,police,[np.float64(-0.01875)],[np.float64(-0.29125)],[1],[0],[0],[4.480640799971297],['text_3'],,,,,4,5,85,7,215.37979390006512,,,,,,,,215.36953810008708,215.37979390006512,215.37979390006512,215.37979390006512,0.002730799955315888,219.8507799000945,police,[np.float64(-0.01875)],[np.float64(-0.29125)],[1],[0],[0],[4.480640799971297],['text_3'],Participant 02,001,2025-10-16_18h28.54.608,Word Priming Experiment,,2025.1.1,118.33213218187181,2025-10-16 18h29.14.005139 +0530,
,86,6,4,,,bo_t_e,Bottle,new,bother,[np.float64(-0.01875)],[np.float64(-0.29125)],[1],[0],[0],[1.6309223999269307],['text_3'],,,,,4,6,86,18,219.8779386000242,,,,,,,,219.85359140008222,219.8779386000242,219.8779386000242,219.8779386000242,0.002713599940761924,221.48534100002144,bother,[np.float64(-0.01875)],[np.float64(-0.29125)],[1],[0],[0],[1.6309223999269307],['text_3'],Participant 02,001,2025-10-16_18h28.54.608,Word Priming Experiment,,2025.1.1,118.33213218187181,2025-10-16 18h29.14.005139 +0530,
,87,7,4,,,l_pt_p,Laptop,old,laptop,[np.float64(-0.0325)],[np.float64(-0.31)],[1],[0],[0],[4.579226200003177],['text_3'],,,,,4,7,87,0,221.51235090009868,,,,,,,,221.48924850008916,221.51235090009868,221.51235090009868,221.51235090009868,0.0037754999939352274,226.06939290009905,laptop,[np.float64(-0.0325)],[np.float64(-0.31)],[1],[0],[0],[4.579226200003177],['text_3'],Participant 02,001,2025-10-16_18h28.54.608,Word Priming Experiment,,2025.1.1,118.33213218187181,2025-10-16 18h29.14.005139 +0530,
,88,8,4,,,P_as_tr_,Pastry,old,pastry,[np.float64(-0.0325)],[np.float64(-0.31)],[1],[0],[0],[2.044339200016111],['text_3'],,,,,4,8,88,4,226.0870539000025,,,,,,,,226.07245070009958,226.0870539000025,226.0870539000025,226.0870539000025,0.002939900034107268,228.11836840002798,pastry,[np.float64(-0.0325)],[np.float64(-0.31)],[1],[0],[0],[2.044339200016111],['text_3'],Participant 02,001,2025-10-16_18h28.54.608,Word Priming Experiment,,2025.1.1,118.33213218187181,2025-10-16 18h29.14.005139 +0530,
,89,9,4,,,p_nc_l,Pencil,new,panicle,[np.float64(-0.0325)],[np.float64(-0.31)],[1],[0],[0],[2.7259143999544904],['text_3'],,,,,4,9,89,16,228.14524730003905,,,,,,,,228.12375700008124,228.14524730003905,228.14524730003905,228.14524730003905,0.005141700035892427,230.85084309999365,panicle,[np.float64(-0.0325)],[np.float64(-0.31)],[1],[0],[0],[2.7259143999544904],['text_3'],Participant 02,001,2025-10-16_18h28.54.608,Word Priming Experiment,,2025.1.1,118.33213218187181,2025-10-16 18h29.14.005139 +0530,
,90,10,4,,,_oo_,Book,old,book,[np.float64(-0.0325)],[np.float64(-0.31)],[1],[0],[0],[1.595564499963075],['text_3'],,,,,4,10,90,13,230.87895829998888,,,,,,,,230.85407330002636,230.87895829998888,230.87895829998888,230.87895829998888,0.003063300042413175,232.45074200001545,book,[np.float64(-0.0325)],[np.float64(-0.31)],[1],[0],[0],[1.595564499963075],['text_3'],Participant 02,001,2025-10-16_18h28.54.608,Word Priming Experiment,,2025.1.1,118.33213218187181,2025-10-16 18h29.14.005139 +0530,
,91,11,4,,,c_s_,Case,old,case,[np.float64(-0.0325)],[np.float64(-0.31)],[1],[0],[0],[1.832065899972804],['text_3'],,,,,4,11,91,5,232.47862100007478,,,,,,,,232.45464590005577,232.47862100007478,232.47862100007478,232.47862100007478,0.0037205000407993793,234.2879810000304,case,[np.float64(-0.0325)],[np.float64(-0.31)],[1],[0],[0],[1.832065899972804],['text_3'],Participant 02,001,2025-10-16_18h28.54.608,Word Priming Experiment,,2025.1.1,118.33213218187181,2025-10-16 18h29.14.005139 +0530,
,92,12,4,,,P_st_r,Poster,old,pastry,[np.float64(-0.0325)],[np.float64(-0.31)],[1],[0],[0],[1.8627576000289991],['text_3'],,,,,4,12,92,9,234.32964770006947,,,,,,,,234.302504900028,234.32964770006947,234.32964770006947,234.32964770006947,0.014343699906021357,236.16691650007851,pastry,[np.float64(-0.0325)],[np.float64(-0.31)],[1],[0],[0],[1.8627576000289991],['text_3'],Participant 02,001,2025-10-16_18h28.54.608,Word Priming Experiment,,2025.1.1,118.33213218187181,2025-10-16 18h29.14.005139 +0530,
,93,13,4,,,_ho_e,Phone,old,phone,[np.float64(-0.0325)],[np.float64(-0.31)],[1],[0],[0],[1.675479199970141],['text_3'],,,,,4,13,93,12,236.19542550004553,,,,,,,,236.17324090003967,236.19542550004553,236.19542550004553,236.19542550004553,0.006110999966040254,237.85012130008545,phone,[np.float64(-0.0325)],[np.float64(-0.31)],[1],[0],[0],[1.675479199970141],['text_3'],Participant 02,001,2025-10-16_18h28.54.608,Word Priming Experiment,,2025.1.1,118.33213218187181,2025-10-16 18h29.14.005139 +0530,
,94,14,4,,,c_s_io_,Cushion,new,cushion,[np.float64(-0.0325)],[np.float64(-0.31)],[1],[0],[0],[1.7628719999920577],['text_3'],,,,,4,14,94,14,237.878678600071,,,,,,,,237.8531107000308,237.878678600071,237.878678600071,237.878678600071,0.0028199999360367656,239.61729120009113,cushion,[np.float64(-0.0325)],[np.float64(-0.31)],[1],[0],[0],[1.7628719999920577],['text_3'],Participant 02,001,2025-10-16_18h28.54.608,Word Priming Experiment,,2025.1.1,118.33213218187181,2025-10-16 18h29.14.005139 +0530,
,95,15,4,,,_a_bl_,Marble,old,marble,[np.float64(-0.0325)],[np.float64(-0.31)],[1],[0],[0],[1.6951546999625862],['text_3'],,,,,4,15,95,11,239.64574970002286,,,,,,,,239.62100100005046,239.64574970002286,239.64574970002286,239.64574970002286,0.0035882999654859304,241.31717020005453,marble,[np.float64(-0.0325)],[np.float64(-0.31)],[1],[0],[0],[1.6951546999625862],['text_3'],Participant 02,001,2025-10-16_18h28.54.608,Word Priming Experiment,,2025.1.1,118.33213218187181,2025-10-16 18h29.14.005139 +0530,
,96,16,4,,,v_s_,Vase,new,visa,[np.float64(-0.0325)],[np.float64(-0.31)],[1],[0],[0],[2.3433241000166163],['text_3'],,,,,4,16,96,17,241.34546860004775,,,,,,,,241.32293530006427,241.34546860004775,241.34546860004775,241.34546860004775,0.005577899981290102,243.66766770009417,visa,[np.float64(-0.0325)],[np.float64(-0.31)],[1],[0],[0],[2.3433241000166163],['text_3'],Participant 02,001,2025-10-16_18h28.54.608,Word Priming Experiment,,2025.1.1,118.33213218187181,2025-10-16 18h29.14.005139 +0530,
,97,17,4,,,_ha_t,Chart,old,chart,[np.float64(-0.0325)],[np.float64(-0.31)],[1],[0],[0],[2.5099853000137955],['text_3'],,,,,4,17,97,1,243.69557520002127,,,,,,,,243.6717917000642,243.69557520002127,243.69557520002127,243.69557520002127,0.0039299000054597855,246.18330690008588,chart,[np.float64(-0.0325)],[np.float64(-0.31)],[1],[0],[0],[2.5099853000137955],['text_3'],Participant 02,001,2025-10-16_18h28.54.608,Word Priming Experiment,,2025.1.1,118.33213218187181,2025-10-16 18h29.14.005139 +0530,
,98,18,4,,,_ou_se,mouse,old,mouse,[np.float64(-0.0325)],[np.float64(-0.31)],[1],[0],[0],[1.4946239000419155],['text_3'],,,,,4,18,98,3,246.21188020007685,,,,,,,,246.1874770000577,246.21188020007685,246.21188020007685,246.21188020007685,0.003925399971194565,247.68274030007888,mouse,[np.float64(-0.0325)],[np.float64(-0.31)],[1],[0],[0],[1.4946239000419155],['text_3'],Participant 02,001,2025-10-16_18h28.54.608,Word Priming Experiment,,2025.1.1,118.33213218187181,2025-10-16 18h29.14.005139 +0530,
,99,19,4,,,ta_l_,Table,new,tally,[np.float64(-0.0325)],[np.float64(-0.31)],[1],[0],[0],[1.6302683999529108],['text_3'],,,,,4,19,99,15,247.69763130007777,,,,,,,,247.68496149999555,247.69763130007777,247.69763130007777,247.69763130007777,0.0021318000508472323,249.3164363000542,tally,[np.float64(-0.0325)],[np.float64(-0.31)],[1],[0],[0],[1.6302683999529108],['text_3'],Participant 02,001,2025-10-16_18h28.54.608,Word Priming Experiment,,2025.1.1,118.33213218187181,2025-10-16 18h29.14.005139 +0530,
,100,0,5,,,c_m_ra,Camera,new,cpomera,[np.float64(-0.0325)],[np.float64(-0.31)],[1],[0],[0],[2.4271077000303194],['text_3'],,,,,5,0,100,19,249.34503680001944,,,,,,,,249.32073070004117,249.34503680001944,249.34503680001944,249.34503680001944,0.0040472999680787325,251.7493819000665,cpomera,[np.float64(-0.0325)],[np.float64(-0.31)],[1],[0],[0],[2.4271077000303194],['text_3'],Participant 02,001,2025-10-16_18h28.54.608,Word Priming Experiment,,2025.1.1,118.33213218187181,2025-10-16 18h29.14.005139 +0530,
,101,1,5,,,bo_t_e,Bottle,new,bother,[np.float64(-0.0325)],[np.float64(-0.31)],[1],[0],[0],[1.6967121000634506],['text_3'],,,,,5,1,101,18,251.77833140001167,,,,,,,,251.75309450004715,251.77833140001167,251.77833140001167,251.77833140001167,0.00349949998781085,253.45088970009238,bother,[np.float64(-0.0325)],[np.float64(-0.31)],[1],[0],[0],[1.6967121000634506],['text_3'],Participant 02,001,2025-10-16_18h28.54.608,Word Priming Experiment,,2025.1.1,118.33213218187181,2025-10-16 18h29.14.005139 +0530,
,102,2,5,,,v_s_,Vase,new,visa,[np.float64(-0.0325)],[np.float64(-0.31)],[1],[0],[0],[1.8289848000276834],['text_3'],,,,,5,2,102,17,253.47897649998777,,,,,,,,253.45352610002737,253.47897649998777,253.47897649998777,253.47897649998777,0.0024781000101938844,255.28393620008137,visa,[np.float64(-0.0325)],[np.float64(-0.31)],[1],[0],[0],[1.8289848000276834],['text_3'],Participant 02,001,2025-10-16_18h28.54.608,Word Priming Experiment,,2025.1.1,118.33213218187181,2025-10-16 18h29.14.005139 +0530,
,103,3,5,,,_ho_e,Phone,old,phone,[np.float64(-0.0225)],[np.float64(-0.31875)],[1],[0],[0],[4.468645700020716],['text_3'],,,,,5,3,103,12,255.31197879998945,,,,,,,,255.28787500003818,255.31197879998945,255.31197879998945,255.31197879998945,0.0037404000759124756,259.75775800005067,phone,[np.float64(-0.0225)],[np.float64(-0.31875)],[1],[0],[0],[4.468645700020716],['text_3'],Participant 02,001,2025-10-16_18h28.54.608,Word Priming Experiment,,2025.1.1,118.33213218187181,2025-10-16 18h29.14.005139 +0530,
,104,4,5,,,_a_bl_,Marble,old,marble,[np.float64(-0.0225)],[np.float64(-0.31875)],[1],[0],[0],[1.763864199980162],['text_3'],,,,,5,4,104,11,259.7784997000126,,,,,,,,259.76423040009104,259.7784997000126,259.7784997000126,259.7784997000126,0.006304900045506656,261.52925690007396,marble,[np.float64(-0.0225)],[np.float64(-0.31875)],[1],[0],[0],[1.763864199980162],['text_3'],Participant 02,001,2025-10-16_18h28.54.608,Word Priming Experiment,,2025.1.1,118.33213218187181,2025-10-16 18h29.14.005139 +0530,
,105,5,5,,,_o_rd,Board,old,board,[np.float64(-0.0225)],[np.float64(-0.31875)],[1],[0],[0],[2.3982982999878004],['text_3'],,,,,5,5,105,10,261.5613125000382,,,,,,,,261.5329956000205,261.5613125000382,261.5613125000382,261.5613125000382,0.0036048999754711986,263.9326061999891,board,[np.float64(-0.0225)],[np.float64(-0.31875)],[1],[0],[0],[2.3982982999878004],['text_3'],Participant 02,001,2025-10-16_18h28.54.608,Word Priming Experiment,,2025.1.1,118.33213218187181,2025-10-16 18h29.14.005139 +0530,
,106,6,5,,,c_s_,Case,old,case,[np.float64(-0.0225)],[np.float64(-0.31875)],[1],[0],[0],[1.5141592000145465],['text_3'],,,,,5,6,106,5,263.96138500003144,,,,,,,,263.9365852000192,263.96138500003144,263.96138500003144,263.96138500003144,0.003777500009164214,265.45191770000383,case,[np.float64(-0.0225)],[np.float64(-0.31875)],[1],[0],[0],[1.5141592000145465],['text_3'],Participant 02,001,2025-10-16_18h28.54.608,Word Priming Experiment,,2025.1.1,118.33213218187181,2025-10-16 18h29.14.005139 +0530,
,107,7,5,,,P_as_tr_,Pastry,old,pastry,[np.float64(-0.0225)],[np.float64(-0.31875)],[1],[0],[0],[1.724422200000845],['text_3'],,,,,5,7,107,4,265.47874030005187,,,,,,,,265.4563562000403,265.47874030005187,265.47874030005187,265.47874030005187,0.004293099977076054,267.1822738000192,pastry,[np.float64(-0.0225)],[np.float64(-0.31875)],[1],[0],[0],[1.724422200000845],['text_3'],Participant 02,001,2025-10-16_18h28.54.608,Word Priming Experiment,,2025.1.1,118.33213218187181,2025-10-16 18h29.14.005139 +0530,
,108,8,5,,,T_hi_t,Tshirt,old,tshirt,[np.float64(-0.0225)],[np.float64(-0.31875)],[1],[0],[0],[1.7949247000506148],['text_3'],,,,,5,8,108,2,267.2112244000891,,,,,,,,267.18708280008286,267.2112244000891,267.2112244000891,267.2112244000891,0.0046057000290602446,268.9828128000954,tshirt,[np.float64(-0.0225)],[np.float64(-0.31875)],[1],[0],[0],[1.7949247000506148],['text_3'],Participant 02,001,2025-10-16_18h28.54.608,Word Priming Experiment,,2025.1.1,118.33213218187181,2025-10-16 18h29.14.005139 +0530,
,109,9,5,,,_ru_is_,Cruise,old,cruise,[np.float64(-0.0225)],[np.float64(-0.31875)],[1],[0],[0],[1.6947847999399528],['text_3'],,,,,5,9,109,6,268.995588800055,,,,,,,,268.98549390002154,268.995588800055,268.995588800055,268.995588800055,0.0025782000739127398,270.6815785000799,cruise,[np.float64(-0.0225)],[np.float64(-0.31875)],[1],[0],[0],[1.6947847999399528],['text_3'],Participant 02,001,2025-10-16_18h28.54.608,Word Priming Experiment,,2025.1.1,118.33213218187181,2025-10-16 18h29.14.005139 +0530,
,110,10,5,,,l_pt_p,Laptop,old,,[np.float64(-0.01)],[np.float64(-0.3175)],[1],[0],[0],[0.6060131000122055],['text_3'],,,,,5,10,110,0,270.71141210000496,,,,,,,,270.68635890004225,270.71141210000496,270.71141210000496,270.71141210000496,0.004567899974063039,271.29315620008856,,[np.float64(-0.01)],[np.float64(-0.3175)],[1],[0],[0],[0.6060131000122055],['text_3'],Participant 02,001,2025-10-16_18h28.54.608,Word Priming Experiment,,2025.1.1,118.33213218187181,2025-10-16 18h29.14.005139 +0530,
,111,11,5,,,_ou_se,mouse,old,,[np.float64(-0.01)],[np.float64(-0.3175)],[1],[0],[0],[0.33362369996029884],['text_3'],,,,,5,11,111,3,271.311831500032,,,,,,,,271.2959578000009,271.311831500032,271.311831500032,271.311831500032,0.0026273999828845263,271.63047560001723,,[np.float64(-0.01)],[np.float64(-0.3175)],[1],[0],[0],[0.33362369996029884],['text_3'],Participant 02,001,2025-10-16_18h28.54.608,Word Priming Experiment,,2025.1.1,118.33213218187181,2025-10-16 18h29.14.005139 +0530,
,112,12,5,,,ta_l_,Table,new,,[np.float64(-0.01)],[np.float64(-0.3175)],[1],[0],[0],[0.2982544999103993],['text_3'],,,,,5,12,112,15,271.64611219998915,,,,,,,,271.63402450003196,271.64611219998915,271.64611219998915,271.64611219998915,0.0034556000027805567,271.9333345000632,,[np.float64(-0.01)],[np.float64(-0.3175)],[1],[0],[0],[0.2982544999103993],['text_3'],Participant 02,001,2025-10-16_18h28.54.608,Word Priming Experiment,,2025.1.1,118.33213218187181,2025-10-16 18h29.14.005139 +0530,
,113,13,5,,,K_y_,Keys,old,,[np.float64(-0.01)],[np.float64(-0.3175)],[1],[0],[0],[0.20905159995891154],['text_3'],,,,,5,13,113,8,271.9625916000223,,,,,,,,271.93725100008305,271.9625916000223,271.9625916000223,271.9625916000223,0.0037359000416472554,272.14736699999776,,[np.float64(-0.01)],[np.float64(-0.3175)],[1],[0],[0],[0.20905159995891154],['text_3'],Participant 02,001,2025-10-16_18h28.54.608,Word Priming Experiment,,2025.1.1,118.33213218187181,2025-10-16 18h29.14.005139 +0530,
,114,14,5,,,P_st_r,Poster,old,,[np.float64(-0.01)],[np.float64(-0.3175)],[1],[0],[0],[0.14864880009554327],['text_3'],,,,,5,14,114,9,272.17833240004256,,,,,,,,272.1517609000439,272.17833240004256,272.17833240004256,272.17833240004256,0.0042498999973759055,272.3015942000784,,[np.float64(-0.01)],[np.float64(-0.3175)],[1],[0],[0],[0.14864880009554327],['text_3'],Participant 02,001,2025-10-16_18h28.54.608,Word Priming Experiment,,2025.1.1,118.33213218187181,2025-10-16 18h29.14.005139 +0530,
,115,15,5,,,_ha_t,Chart,old,chart,[np.float64(-0.01)],[np.float64(-0.3175)],[1],[0],[0],[2.127949299989268],['text_3'],,,,,5,15,115,1,272.3284329000162,,,,,,,,272.30476319999434,272.3284329000162,272.3284329000162,272.3284329000162,0.002999400021508336,274.433615499991,chart,[np.float64(-0.01)],[np.float64(-0.3175)],[1],[0],[0],[2.127949299989268],['text_3'],Participant 02,001,2025-10-16_18h28.54.608,Word Priming Experiment,,2025.1.1,118.33213218187181,2025-10-16 18h29.14.005139 +0530,
,116,16,5,,,_oo_,Book,old,book,[np.float64(-0.01)],[np.float64(-0.3175)],[1],[0],[0],[1.6017266999697313],['text_3'],,,,,5,16,116,13,274.46177100006025,,,,,,,,274.43698970007244,274.46177100006025,274.46177100006025,274.46177100006025,0.003244000021368265,276.0402348000789,book,[np.float64(-0.01)],[np.float64(-0.3175)],[1],[0],[0],[1.6017266999697313],['text_3'],Participant 02,001,2025-10-16_18h28.54.608,Word Priming Experiment,,2025.1.1,118.33213218187181,2025-10-16 18h29.14.005139 +0530,
,117,17,5,,,c_s_io_,Cushion,new,cushion ,[np.float64(-0.01)],[np.float64(-0.3175)],[1],[0],[0],[1.9524859000230208],['text_3'],,,,,5,17,117,14,276.061419100035,,,,,,,,276.0451495000161,276.061419100035,276.061419100035,276.061419100035,0.004722399986349046,277.9992635000963,cushion ,[np.float64(-0.01)],[np.float64(-0.3175)],[1],[0],[0],[1.9524859000230208],['text_3'],Participant 02,001,2025-10-16_18h28.54.608,Word Priming Experiment,,2025.1.1,118.33213218187181,2025-10-16 18h29.14.005139 +0530,
,118,18,5,,,P_li_e,Police,old,police,[np.float64(-0.01)],[np.float64(-0.3175)],[1],[0],[0],[1.831201000022702],['text_3'],,,,,5,18,118,7,278.0282912000548,,,,,,,,278.00301770004444,278.0282912000548,278.0282912000548,278.0282912000548,0.003527299966663122,279.8357779000653,police,[np.float64(-0.01)],[np.float64(-0.3175)],[1],[0],[0],[1.831201000022702],['text_3'],Participant 02,001,2025-10-16_18h28.54.608,Word Priming Experiment,,2025.1.1,118.33213218187181,2025-10-16 18h29.14.005139 +0530,
,119,19,5,,,p_nc_l,Pencil,new,panicle,[np.float64(-0.01)],[np.float64(-0.3175)],[1],[0],[0],[1.891738299978897],['text_3'],,,,,5,19,119,16,279.86151610000525,,,,,,,,279.8400875000516,279.86151610000525,279.86151610000525,279.86151610000525,0.004099099896848202,281.7332076000748,panicle,[np.float64(-0.01)],[np.float64(-0.3175)],[1],[0],[0],[1.891738299978897],['text_3'],Participant 02,001,2025-10-16_18h28.54.608,Word Priming Experiment,,2025.1.1,118.33213218187181,2025-10-16 18h29.14.005139 +0530,
,120,0,6,,,c_m_ra,Camera,new,comera,[np.float64(-0.01)],[np.float64(-0.3175)],[1],[0],[0],[3.1304442000109702],['text_3'],,,,,6,0,120,19,281.7610066999914,,,,,,,,281.7371581000043,281.7610066999914,281.7610066999914,281.7610066999914,0.003739899955689907,284.8692363000009,comera,[np.float64(-0.01)],[np.float64(-0.3175)],[1],[0],[0],[3.1304442000109702],['text_3'],Participant 02,001,2025-10-16_18h28.54.608,Word Priming Experiment,,2025.1.1,118.33213218187181,2025-10-16 18h29.14.005139 +0530,
,121,1,6,,,_ou_se,mouse,old,"mouse
",[np.float64(-0.0175)],[np.float64(-0.27875)],[1],[0],[0],[8.115087400074117],['text_3'],,,,,6,1,121,3,284.8952185000526,,,,,,,,284.8734205000801,284.8952185000526,284.8952185000526,284.8952185000526,0.003997700056061149,292.9903518999927,"mouse
",[np.float64(-0.0175)],[np.float64(-0.27875)],[1],[0],[0],[8.115087400074117],['text_3'],Participant 02,001,2025-10-16_18h28.54.608,Word Priming Experiment,,2025.1.1,118.33213218187181,2025-10-16 18h29.14.005139 +0530,
,122,2,6,,,_a_bl_,Marble,old,marble,"[np.float64(-0.0125), np.float64(-0.00875)]","[np.float64(-0.25875), np.float64(-0.305)]","[1, 1]","[0, 0]","[0, 0]","[2.535438199993223, 3.5758073999313638]","[None, 'text_3']",,,,,6,2,122,11,293.01081490004435,,,,,,,,292.99524730001576,293.01081490004435,293.01081490004435,293.01081490004435,0.004623499931767583,296.57243780000135,marble,"[np.float64(-0.0125), np.float64(-0.00875)]","[np.float64(-0.25875), np.float64(-0.305)]","[1, 1]","[0, 0]","[0, 0]","[2.535438199993223, 3.5758073999313638]","[None, 'text_3']",Participant 02,001,2025-10-16_18h28.54.608,Word Priming Experiment,,2025.1.1,118.33213218187181,2025-10-16 18h29.14.005139 +0530,
,123,3,6,,,l_pt_p,Laptop,old,laptop,[np.float64(-0.00875)],[np.float64(-0.305)],[1],[0],[0],[2.366627100040205],['text_3'],,,,,6,3,123,0,296.58602610009257,,,,,,,,296.57450300001074,296.58602610009257,296.58602610009257,296.58602610009257,0.0019459000322967768,298.94293390004896,laptop,[np.float64(-0.00875)],[np.float64(-0.305)],[1],[0],[0],[2.366627100040205],['text_3'],Participant 02,001,2025-10-16_18h28.54.608,Word Priming Experiment,,2025.1.1,118.33213218187181,2025-10-16 18h29.14.005139 +0530,
,124,4,6,,,T_hi_t,Tshirt,old,tshirt,[np.float64(-0.00875)],[np.float64(-0.305)],[1],[0],[0],[1.7096280999248847],['text_3'],,,,,6,4,124,2,298.96990190004,,,,,,,,298.94792030006647,298.96990190004,298.96990190004,298.96990190004,0.004746199934743345,300.6589462000411,tshirt,[np.float64(-0.00875)],[np.float64(-0.305)],[1],[0],[0],[1.7096280999248847],['text_3'],Participant 02,001,2025-10-16_18h28.54.608,Word Priming Experiment,,2025.1.1,118.33213218187181,2025-10-16 18h29.14.005139 +0530,
,125,5,6,,,_ru_is_,Cruise,old,cruise,[np.float64(-0.00875)],[np.float64(-0.305)],[1],[0],[0],[1.5762923000147566],['text_3'],,,,,6,5,125,6,300.68632890004665,,,,,,,,300.66223920008633,300.68632890004665,300.68632890004665,300.68632890004665,0.0031310999765992165,302.23990150005557,cruise,[np.float64(-0.00875)],[np.float64(-0.305)],[1],[0],[0],[1.5762923000147566],['text_3'],Participant 02,001,2025-10-16_18h28.54.608,Word Priming Experiment,,2025.1.1,118.33213218187181,2025-10-16 18h29.14.005139 +0530,
,126,6,6,,,c_s_,Case,old,case,[np.float64(-0.00875)],[np.float64(-0.305)],[1],[0],[0],[1.397869300097227],['text_3'],,,,,6,6,126,5,302.269632200012,,,,,,,,302.2436323000584,302.269632200012,302.269632200012,302.269632200012,0.003502400009892881,303.6428011000389,case,[np.float64(-0.00875)],[np.float64(-0.305)],[1],[0],[0],[1.397869300097227],['text_3'],Participant 02,001,2025-10-16_18h28.54.608,Word Priming Experiment,,2025.1.1,118.33213218187181,2025-10-16 18h29.14.005139 +0530,
,127,7,6,,,ta_l_,Table,new,tally,[np.float64(-0.00875)],[np.float64(-0.305)],[1],[0],[0],[1.5225257000420243],['text_3'],,,,,6,7,127,15,303.669905000017,,,,,,,,303.6468063000357,303.669905000017,303.669905000017,303.669905000017,0.003751200041733682,305.1706771000754,tally,[np.float64(-0.00875)],[np.float64(-0.305)],[1],[0],[0],[1.5225257000420243],['text_3'],Participant 02,001,2025-10-16_18h28.54.608,Word Priming Experiment,,2025.1.1,118.33213218187181,2025-10-16 18h29.14.005139 +0530,
,128,8,6,,,_ho_e,Phone,old,phone,[np.float64(-0.00875)],[np.float64(-0.305)],[1],[0],[0],[2.681825299980119],['text_3'],,,,,6,8,128,12,305.1864217000548,,,,,,,,305.17474630009383,305.1864217000548,305.1864217000548,305.1864217000548,0.003953499952331185,307.8582405000925,phone,[np.float64(-0.00875)],[np.float64(-0.305)],[1],[0],[0],[2.681825299980119],['text_3'],Participant 02,001,2025-10-16_18h28.54.608,Word Priming Experiment,,2025.1.1,118.33213218187181,2025-10-16 18h29.14.005139 +0530,
,129,9,6,,,_oo_,Book,old,book,[np.float64(-0.00875)],[np.float64(-0.305)],[1],[0],[0],[2.2128192000091076],['text_3'],,,,,6,9,129,13,307.8862950000912,,,,,,,,307.8630665000528,307.8862950000912,307.8862950000912,307.8862950000912,0.004615100100636482,310.07718650007155,book,[np.float64(-0.00875)],[np.float64(-0.305)],[1],[0],[0],[2.2128192000091076],['text_3'],Participant 02,001,2025-10-16_18h28.54.608,Word Priming Experiment,,2025.1.1,118.33213218187181,2025-10-16 18h29.14.005139 +0530,
,130,10,6,,,c_s_io_,Cushion,new,cushio ,[np.float64(-0.00875)],[np.float64(-0.305)],[1],[0],[0],[1.926491599995643],['text_3'],,,,,6,10,130,14,310.10347490001004,,,,,,,,310.081030500005,310.10347490001004,310.10347490001004,310.10347490001004,0.0036788000725209713,312.0085579000879,cushio ,[np.float64(-0.00875)],[np.float64(-0.305)],[1],[0],[0],[1.926491599995643],['text_3'],Participant 02,001,2025-10-16_18h28.54.608,Word Priming Experiment,,2025.1.1,118.33213218187181,2025-10-16 18h29.14.005139 +0530,
,131,11,6,,,v_s_,Vase,new,visa,"[np.float64(0.00125), np.float64(0.00125), np.float64(0.00125), np.float64(0.00375)]","[np.float64(-0.27125), np.float64(-0.27125), np.float64(-0.27125), np.float64(-0.3)]","[1, 1, 1, 1]","[0, 0, 0, 0]","[0, 0, 0, 0]","[3.979929000022821, 4.4374343999661505, 4.653697800007649, 5.6090589999221265]","[None, None, None, 'text_3']",,,,,6,11,131,17,312.03617139998823,,,,,,,,312.0116983000189,312.03617139998823,312.03617139998823,312.03617139998823,0.0028319000266492367,317.62230190006085,visa,"[np.float64(0.00125), np.float64(0.00125), np.float64(0.00125), np.float64(0.00375)]","[np.float64(-0.27125), np.float64(-0.27125), np.float64(-0.27125), np.float64(-0.3)]","[1, 1, 1, 1]","[0, 0, 0, 0]","[0, 0, 0, 0]","[3.979929000022821, 4.4374343999661505, 4.653697800007649, 5.6090589999221265]","[None, None, None, 'text_3']",Participant 02,001,2025-10-16_18h28.54.608,Word Priming Experiment,,2025.1.1,118.33213218187181,2025-10-16 18h29.14.005139 +0530,
,132,12,6,,,K_y_,Keys,old,,[np.float64(0.00375)],[np.float64(-0.3)],[1],[0],[0],[0.4739440999692306],['text_3'],,,,,6,12,132,8,317.6527080000378,,,,,,,,317.62687490007374,317.6527080000378,317.6527080000378,317.6527080000378,0.00428190000820905,318.1016896000365,,[np.float64(0.00375)],[np.float64(-0.3)],[1],[0],[0],[0.4739440999692306],['text_3'],Participant 02,001,2025-10-16_18h28.54.608,Word Priming Experiment,,2025.1.1,118.33213218187181,2025-10-16 18h29.14.005139 +0530,
,133,13,6,,,bo_t_e,Bottle,new,,[np.float64(0.00375)],[np.float64(-0.3)],[1],[0],[0],[0.201610799995251],['text_3'],,,,,6,13,133,18,318.11944810010027,,,,,,,,318.1046114000492,318.11944810010027,318.11944810010027,318.11944810010027,0.0028095999732613564,318.30775200005155,,[np.float64(0.00375)],[np.float64(-0.3)],[1],[0],[0],[0.201610799995251],['text_3'],Participant 02,001,2025-10-16_18h28.54.608,Word Priming Experiment,,2025.1.1,118.33213218187181,2025-10-16 18h29.14.005139 +0530,
,134,14,6,,,P_st_r,Poster,old,,[np.float64(0.00375)],[np.float64(-0.3)],[1],[0],[0],[0.1287727999733761],['text_3'],,,,,6,14,134,9,318.3360565000912,,,,,,,,318.3107546000974,318.3360565000912,318.3360565000912,318.3360565000912,0.0027151000685989857,318.4404779000906,,[np.float64(0.00375)],[np.float64(-0.3)],[1],[0],[0],[0.1287727999733761],['text_3'],Participant 02,001,2025-10-16_18h28.54.608,Word Priming Experiment,,2025.1.1,118.33213218187181,2025-10-16 18h29.14.005139 +0530,
,135,15,6,,,P_as_tr_,Pastry,old,pastry,[np.float64(0.01875)],[np.float64(-0.2975)],[1],[0],[0],[5.618338700034656],['text_3'],,,,,6,15,135,4,318.4691771999933,,,,,,,,318.443479700014,318.4691771999933,318.4691771999933,318.4691771999933,0.002833800041116774,324.0637484000763,pastry,[np.float64(0.01875)],[np.float64(-0.2975)],[1],[0],[0],[5.618338700034656],['text_3'],Participant 02,001,2025-10-16_18h28.54.608,Word Priming Experiment,,2025.1.1,118.33213218187181,2025-10-16 18h29.14.005139 +0530,
,136,16,6,,,_ha_t,Chart,old,chart,[np.float64(0.01875)],[np.float64(-0.2975)],[1],[0],[0],[4.0802635999862105],['text_3'],,,,,6,16,136,1,324.0774629000807,,,,,,,,324.06658520002384,324.0774629000807,324.0774629000807,324.0774629000807,0.0026052999310195446,328.14900500001386,chart,[np.float64(0.01875)],[np.float64(-0.2975)],[1],[0],[0],[4.0802635999862105],['text_3'],Participant 02,001,2025-10-16_18h28.54.608,Word Priming Experiment,,2025.1.1,118.33213218187181,2025-10-16 18h29.14.005139 +0530,
,137,17,6,,,p_nc_l,Pencil,new,panicle,[np.float64(0.01875)],[np.float64(-0.2975)],[1],[0],[0],[1.8414649999467656],['text_3'],,,,,6,17,137,16,328.17761260003317,,,,,,,,328.1549711000407,328.17761260003317,328.17761260003317,328.17761260003317,0.005728399963118136,329.9980772000272,panicle,[np.float64(0.01875)],[np.float64(-0.2975)],[1],[0],[0],[1.8414649999467656],['text_3'],Participant 02,001,2025-10-16_18h28.54.608,Word Priming Experiment,,2025.1.1,118.33213218187181,2025-10-16 18h29.14.005139 +0530,
,138,18,6,,,_o_rd,Board,old,board,[np.float64(0.01875)],[np.float64(-0.2975)],[1],[0],[0],[1.8977825000183657],['text_3'],,,,,6,18,138,10,330.02770169998985,,,,,,,,330.0019795000553,330.02770169998985,330.02770169998985,330.02770169998985,0.0036835999926552176,331.90196100005414,board,[np.float64(0.01875)],[np.float64(-0.2975)],[1],[0],[0],[1.8977825000183657],['text_3'],Participant 02,001,2025-10-16_18h28.54.608,Word Priming Experiment,,2025.1.1,118.33213218187181,2025-10-16 18h29.14.005139 +0530,
,139,19,6,,,P_li_e,Police,old,police,[np.float64(0.01875)],[np.float64(-0.2975)],[1],[0],[0],[2.4759659999981523],['text_3'],,,,,6,19,139,7,331.92759760003537,,,,,,,,331.9061395000899,331.92759760003537,331.92759760003537,331.92759760003537,0.003956999978981912,334.3834624000592,police,[np.float64(0.01875)],[np.float64(-0.2975)],[1],[0],[0],[2.4759659999981523],['text_3'],Participant 02,001,2025-10-16_18h28.54.608,Word Priming Experiment,,2025.1.1,118.33213218187181,2025-10-16 18h29.14.005139 +0530,
,140,0,7,,,_oo_,Book,old,book,[np.float64(0.01875)],[np.float64(-0.2975)],[1],[0],[0],[3.477012800052762],['text_3'],,,,,7,0,140,13,334.4109888999956,,,,,,,,334.38714530004654,334.4109888999956,334.4109888999956,334.4109888999956,0.003508900059387088,337.86533619998954,book,[np.float64(0.01875)],[np.float64(-0.2975)],[1],[0],[0],[3.477012800052762],['text_3'],Participant 02,001,2025-10-16_18h28.54.608,Word Priming Experiment,,2025.1.1,118.33213218187181,2025-10-16 18h29.14.005139 +0530,
,141,1,7,,,v_s_,Vase,new,visa,[np.float64(0.01875)],[np.float64(-0.2975)],[1],[0],[0],[2.677110099932179],['text_3'],,,,,7,1,141,17,337.8938865000382,,,,,,,,337.8693867000984,337.8938865000382,337.8938865000382,337.8938865000382,0.003899000003002584,340.54812510008924,visa,[np.float64(0.01875)],[np.float64(-0.2975)],[1],[0],[0],[2.677110099932179],['text_3'],Participant 02,001,2025-10-16_18h28.54.608,Word Priming Experiment,,2025.1.1,118.33213218187181,2025-10-16 18h29.14.005139 +0530,
,142,2,7,,,P_as_tr_,Pastry,old,pastry,[np.float64(0.01875)],[np.float64(-0.2975)],[1],[0],[0],[1.7290291999233887],['text_3'],,,,,7,2,142,4,340.57882600009907,,,,,,,,340.55265950004105,340.57882600009907,340.57882600009907,340.57882600009907,0.00431600003503263,342.2825970000122,pastry,[np.float64(0.01875)],[np.float64(-0.2975)],[1],[0],[0],[1.7290291999233887],['text_3'],Participant 02,001,2025-10-16_18h28.54.608,Word Priming Experiment,,2025.1.1,118.33213218187181,2025-10-16 18h29.14.005139 +0530,
,143,3,7,,,T_hi_t,Tshirt,old,tshirt,[np.float64(0.01875)],[np.float64(-0.2975)],[1],[0],[0],[2.9119534000055864],['text_3'],,,,,7,3,143,2,342.3112845000578,,,,,,,,342.2865443000337,342.3112845000578,342.3112845000578,342.3112845000578,0.0038303000619634986,345.1996190000791,tshirt,[np.float64(0.01875)],[np.float64(-0.2975)],[1],[0],[0],[2.9119534000055864],['text_3'],Participant 02,001,2025-10-16_18h28.54.608,Word Priming Experiment,,2025.1.1,118.33213218187181,2025-10-16 18h29.14.005139 +0530,
,144,4,7,,,c_s_io_,Cushion,new,cushion ,[np.float64(-0.05)],[np.float64(-0.3225)],[1],[0],[0],[12.433556300005876],['text_3'],,,,,7,4,144,14,345.22741460008547,,,,,,,,345.20410360000096,345.22741460008547,345.22741460008547,345.22741460008547,0.00435589998960495,357.6390841000248,cushion ,[np.float64(-0.05)],[np.float64(-0.3225)],[1],[0],[0],[12.433556300005876],['text_3'],Participant 02,001,2025-10-16_18h28.54.608,Word Priming Experiment,,2025.1.1,118.33213218187181,2025-10-16 18h29.14.005139 +0530,
,145,5,7,,,_ru_is_,Cruise,old,cruise,[np.float64(-0.01375)],[np.float64(-0.28625)],[1],[0],[0],[3.1176423000870273],['text_3'],,,,,7,5,145,6,357.6522706000833,,,,,,,,357.6429466000991,357.6522706000833,357.6522706000833,357.6522706000833,0.003753200056962669,360.76184799999464,cruise,[np.float64(-0.01375)],[np.float64(-0.28625)],[1],[0],[0],[3.1176423000870273],['text_3'],Participant 02,001,2025-10-16_18h28.54.608,Word Priming Experiment,,2025.1.1,118.33213218187181,2025-10-16 18h29.14.005139 +0530,
,146,6,7,,,c_s_,Case,old,case,[np.float64(-0.01375)],[np.float64(-0.28625)],[1],[0],[0],[2.1738237999379635],['text_3'],,,,,7,6,146,5,360.7874426000053,,,,,,,,360.7652361000655,360.7874426000053,360.7874426000053,360.7874426000053,0.0032748000230640173,362.9400161000667,case,[np.float64(-0.01375)],[np.float64(-0.28625)],[1],[0],[0],[2.1738237999379635],['text_3'],Participant 02,001,2025-10-16_18h28.54.608,Word Priming Experiment,,2025.1.1,118.33213218187181,2025-10-16 18h29.14.005139 +0530,
,147,7,7,,,K_y_,Keys,old,keys,[np.float64(-0.01375)],[np.float64(-0.28625)],[1],[0],[0],[3.9493467999855056],['text_3'],,,,,7,7,147,8,362.95351430005394,,,,,,,,362.94214070006274,362.95351430005394,362.95351430005394,362.95351430005394,0.0019862999906763434,366.89249600004405,keys,[np.float64(-0.01375)],[np.float64(-0.28625)],[1],[0],[0],[3.9493467999855056],['text_3'],Participant 02,001,2025-10-16_18h28.54.608,Word Priming Experiment,,2025.1.1,118.33213218187181,2025-10-16 18h29.14.005139 +0530,
,148,8,7,,,_o_rd,Board,old,board,[np.float64(-0.01375)],[np.float64(-0.28625)],[1],[0],[0],[1.927411500015296],['text_3'],,,,,7,8,148,10,366.91955049999524,,,,,,,,366.8959041000344,366.91955049999524,366.91955049999524,366.91955049999524,0.0028493000427260995,368.82444320002105,board,[np.float64(-0.01375)],[np.float64(-0.28625)],[1],[0],[0],[1.927411500015296],['text_3'],Participant 02,001,2025-10-16_18h28.54.608,Word Priming Experiment,,2025.1.1,118.33213218187181,2025-10-16 18h29.14.005139 +0530,
,149,9,7,,,P_st_r,Poster,old,pastry,[np.float64(-0.01375)],[np.float64(-0.28625)],[1],[0],[0],[1.7956067000050098],['text_3'],,,,,7,9,149,9,368.8525496000657,,,,,,,,368.8283523999853,368.8525496000657,368.8525496000657,368.8525496000657,0.0037562999641522765,370.6253818999976,pastry,[np.float64(-0.01375)],[np.float64(-0.28625)],[1],[0],[0],[1.7956067000050098],['text_3'],Participant 02,001,2025-10-16_18h28.54.608,Word Priming Experiment,,2025.1.1,118.33213218187181,2025-10-16 18h29.14.005139 +0530,
,150,10,7,,,_ho_e,Phone,old,phone,[np.float64(-0.01375)],[np.float64(-0.28625)],[1],[0],[0],[4.745925899944268],['text_3'],,,,,7,10,150,12,370.6521013000747,,,,,,,,370.62993150006514,370.6521013000747,370.6521013000747,370.6521013000747,0.004356099991127849,375.3770147000905,phone,[np.float64(-0.01375)],[np.float64(-0.28625)],[1],[0],[0],[4.745925899944268],['text_3'],Participant 02,001,2025-10-16_18h28.54.608,Word Priming Experiment,,2025.1.1,118.33213218187181,2025-10-16 18h29.14.005139 +0530,
,151,11,7,,,c_m_ra,Camera,new,comera,[np.float64(-0.01375)],[np.float64(-0.28625)],[1],[0],[0],[1.7939886000240222],['text_3'],,,,,7,11,151,19,375.4022438999964,,,,,,,,375.37973380007315,375.4022438999964,375.4022438999964,375.4022438999964,0.0025759999407455325,377.1753419000888,comera,[np.float64(-0.01375)],[np.float64(-0.28625)],[1],[0],[0],[1.7939886000240222],['text_3'],Participant 02,001,2025-10-16_18h28.54.608,Word Priming Experiment,,2025.1.1,118.33213218187181,2025-10-16 18h29.14.005139 +0530,
,152,12,7,,,l_pt_p,Laptop,old,laptop,[np.float64(-0.01375)],[np.float64(-0.28625)],[1],[0],[0],[2.1429455999750644],['text_3'],,,,,7,12,152,0,377.20197050005663,,,,,,,,377.178937699995,377.20197050005663,377.20197050005663,377.20197050005663,0.003433199948631227,379.32319740008097,laptop,[np.float64(-0.01375)],[np.float64(-0.28625)],[1],[0],[0],[2.1429455999750644],['text_3'],Participant 02,001,2025-10-16_18h28.54.608,Word Priming Experiment,,2025.1.1,118.33213218187181,2025-10-16 18h29.14.005139 +0530,
,153,13,7,,,_a_bl_,Marble,old,marble,[np.float64(-0.01375)],[np.float64(-0.28625)],[1],[0],[0],[6.662374300067313],['text_3'],,,,,7,13,153,11,379.35257840005215,,,,,,,,379.3273499000352,379.35257840005215,379.35257840005215,379.35257840005215,0.003972100093960762,385.99127820006106,marble,[np.float64(-0.01375)],[np.float64(-0.28625)],[1],[0],[0],[6.662374300067313],['text_3'],Participant 02,001,2025-10-16_18h28.54.608,Word Priming Experiment,,2025.1.1,118.33213218187181,2025-10-16 18h29.14.005139 +0530,
,154,14,7,,,bo_t_e,Bottle,new,bother,[np.float64(-0.01375)],[np.float64(-0.28625)],[1],[0],[0],[1.5420148000121117],['text_3'],,,,,7,14,154,18,386.0189276000019,,,,,,,,385.99521500000264,386.0189276000019,386.0189276000019,386.0189276000019,0.003778000012971461,387.5390411000699,bother,[np.float64(-0.01375)],[np.float64(-0.28625)],[1],[0],[0],[1.5420148000121117],['text_3'],Participant 02,001,2025-10-16_18h28.54.608,Word Priming Experiment,,2025.1.1,118.33213218187181,2025-10-16 18h29.14.005139 +0530,
,155,15,7,,,p_nc_l,Pencil,new,panicle,[np.float64(-0.01375)],[np.float64(-0.28625)],[1],[0],[0],[1.7456215999554843],['text_3'],,,,,7,15,155,16,387.5691229000222,,,,,,,,387.54344830010086,387.5691229000222,387.5691229000222,387.5691229000222,0.004197599948383868,389.2906948000891,panicle,[np.float64(-0.01375)],[np.float64(-0.28625)],[1],[0],[0],[1.7456215999554843],['text_3'],Participant 02,001,2025-10-16_18h28.54.608,Word Priming Experiment,,2025.1.1,118.33213218187181,2025-10-16 18h29.14.005139 +0530,
,156,16,7,,,_ou_se,mouse,old,mouse,[np.float64(-0.01375)],[np.float64(-0.28625)],[1],[0],[0],[1.4787717999424785],['text_3'],,,,,7,16,156,3,389.31915450003,,,,,,,,389.29398519999813,389.31915450003,389.31915450003,389.31915450003,0.0031026999931782484,390.7744960000273,mouse,[np.float64(-0.01375)],[np.float64(-0.28625)],[1],[0],[0],[1.4787717999424785],['text_3'],Participant 02,001,2025-10-16_18h28.54.608,Word Priming Experiment,,2025.1.1,118.33213218187181,2025-10-16 18h29.14.005139 +0530,
,157,17,7,,,ta_l_,Table,new,tally,[np.float64(-0.01375)],[np.float64(-0.28625)],[1],[0],[0],[1.4260241000447422],['text_3'],,,,,7,17,157,15,390.8019227000186,,,,,,,,390.77995750005357,390.8019227000186,390.8019227000186,390.8019227000186,0.005208799964748323,392.20734550000634,tally,[np.float64(-0.01375)],[np.float64(-0.28625)],[1],[0],[0],[1.4260241000447422],['text_3'],Participant 02,001,2025-10-16_18h28.54.608,Word Priming Experiment,,2025.1.1,118.33213218187181,2025-10-16 18h29.14.005139 +0530,
,158,18,7,,,P_li_e,Police,old,police,[np.float64(-0.01375)],[np.float64(-0.28625)],[1],[0],[0],[3.2300802000099793],['text_3'],,,,,7,18,158,7,392.23531930008903,,,,,,,,392.21106230001897,392.23531930008903,392.23531930008903,392.23531930008903,0.003513899981044233,395.44319520005956,police,[np.float64(-0.01375)],[np.float64(-0.28625)],[1],[0],[0],[3.2300802000099793],['text_3'],Participant 02,001,2025-10-16_18h28.54.608,Word Priming Experiment,,2025.1.1,118.33213218187181,2025-10-16 18h29.14.005139 +0530,
,159,19,7,,,_ha_t,Chart,old,chart,[np.float64(-0.01375)],[np.float64(-0.28625)],[1],[0],[0],[2.0584811000153422],['text_3'],,,,,7,19,159,1,395.4694587000413,,,,,,,,395.45144110010006,395.4694587000413,395.4694587000413,395.4694587000413,0.007634799927473068,397.51219630008563,chart,[np.float64(-0.01375)],[np.float64(-0.28625)],[1],[0],[0],[2.0584811000153422],['text_3'],Participant 02,001,2025-10-16_18h28.54.608,Word Priming Experiment,,2025.1.1,118.33213218187181,2025-10-16 18h29.14.005139 +0530,
,160,0,8,,,c_s_,Case,old,case,[np.float64(-0.01375)],[np.float64(-0.28625)],[1],[0],[0],[1.4540591000113636],['text_3'],,,,,8,0,160,5,397.5361332000466,,,,,,,,397.51959190005437,397.5361332000466,397.5361332000466,397.5361332000466,0.007302599959075451,398.9749602000229,case,[np.float64(-0.01375)],[np.float64(-0.28625)],[1],[0],[0],[1.4540591000113636],['text_3'],Participant 02,001,2025-10-16_18h28.54.608,Word Priming Experiment,,2025.1.1,118.33213218187181,2025-10-16 18h29.14.005139 +0530,
,161,1,8,,,_a_bl_,Marble,old,marble,[np.float64(-0.01375)],[np.float64(-0.28625)],[1],[0],[0],[1.6606123999226838],['text_3'],,,,,8,1,161,11,399.002420200035,,,,,,,,398.97781000006944,399.002420200035,399.002420200035,399.002420200035,0.0027129999361932278,400.64036950003356,marble,[np.float64(-0.01375)],[np.float64(-0.28625)],[1],[0],[0],[1.6606123999226838],['text_3'],Participant 02,001,2025-10-16_18h28.54.608,Word Priming Experiment,,2025.1.1,118.33213218187181,2025-10-16 18h29.14.005139 +0530,
,162,2,8,,,ta_l_,Table,new,tally,[np.float64(-0.01375)],[np.float64(-0.28625)],[1],[0],[0],[1.6433401999529451],['text_3'],,,,,8,2,162,15,400.6687975000823,,,,,,,,400.6447331000818,400.6687975000823,400.6687975000823,400.6687975000823,0.004156899987719953,402.2901579000754,tally,[np.float64(-0.01375)],[np.float64(-0.28625)],[1],[0],[0],[1.6433401999529451],['text_3'],Participant 02,001,2025-10-16_18h28.54.608,Word Priming Experiment,,2025.1.1,118.33213218187181,2025-10-16 18h29.14.005139 +0530,
,163,3,8,,,P_li_e,Police,old,police,[np.float64(-0.01375)],[np.float64(-0.28625)],[1],[0],[0],[1.8281579999020323],['text_3'],,,,,8,3,163,7,402.31873360008467,,,,,,,,402.2939276000252,402.31873360008467,402.31873360008467,402.31873360008467,0.003532600007019937,404.12370630004443,police,[np.float64(-0.01375)],[np.float64(-0.28625)],[1],[0],[0],[1.8281579999020323],['text_3'],Participant 02,001,2025-10-16_18h28.54.608,Word Priming Experiment,,2025.1.1,118.33213218187181,2025-10-16 18h29.14.005139 +0530,
,164,4,8,,,P_as_tr_,Pastry,old,pastry,[np.float64(-0.01375)],[np.float64(-0.28625)],[1],[0],[0],[1.694537500035949],['text_3'],,,,,8,4,164,4,404.1521053999895,,,,,,,,404.1271091999952,404.1521053999895,404.1521053999895,404.1521053999895,0.0032600000267848372,405.82390010007657,pastry,[np.float64(-0.01375)],[np.float64(-0.28625)],[1],[0],[0],[1.694537500035949],['text_3'],Participant 02,001,2025-10-16_18h28.54.608,Word Priming Experiment,,2025.1.1,118.33213218187181,2025-10-16 18h29.14.005139 +0530,
,165,5,8,,,_ho_e,Phone,old,phone,[np.float64(-0.01375)],[np.float64(-0.28625)],[1],[0],[0],[1.976184400031343],['text_3'],,,,,8,5,165,12,405.8519022000255,,,,,,,,405.8296331000747,405.8519022000255,405.8519022000255,405.8519022000255,0.00555729994084686,407.8084317999892,phone,[np.float64(-0.01375)],[np.float64(-0.28625)],[1],[0],[0],[1.976184400031343],['text_3'],Participant 02,001,2025-10-16_18h28.54.608,Word Priming Experiment,,2025.1.1,118.33213218187181,2025-10-16 18h29.14.005139 +0530,
,166,6,8,,,v_s_,Vase,new,visa,[np.float64(-0.01375)],[np.float64(-0.28625)],[1],[0],[0],[2.559903600020334],['text_3'],,,,,8,6,166,17,407.8351991000818,,,,,,,,407.81323339999653,407.8351991000818,407.8351991000818,407.8351991000818,0.0042091000359505415,410.3744756000815,visa,[np.float64(-0.01375)],[np.float64(-0.28625)],[1],[0],[0],[2.559903600020334],['text_3'],Participant 02,001,2025-10-16_18h28.54.608,Word Priming Experiment,,2025.1.1,118.33213218187181,2025-10-16 18h29.14.005139 +0530,
,167,7,8,,,P_st_r,Poster,old,pastry,[np.float64(-0.01375)],[np.float64(-0.28625)],[1],[0],[0],[1.9451857999665663],['text_3'],,,,,8,7,167,9,410.40220810007304,,,,,,,,410.3774887000909,410.40220810007304,410.40220810007304,410.40220810007304,0.0028599000070244074,412.3237313000718,pastry,[np.float64(-0.01375)],[np.float64(-0.28625)],[1],[0],[0],[1.9451857999665663],['text_3'],Participant 02,001,2025-10-16_18h28.54.608,Word Priming Experiment,,2025.1.1,118.33213218187181,2025-10-16 18h29.14.005139 +0530,
,168,8,8,,,p_nc_l,Pencil,new,panicle,[np.float64(-0.01375)],[np.float64(-0.28625)],[1],[0],[0],[1.8639738999772817],['text_3'],,,,,8,8,168,16,412.35223710001446,,,,,,,,412.3270189000759,412.35223710001446,412.35223710001446,412.35223710001446,0.003141700057312846,414.1925941000227,panicle,[np.float64(-0.01375)],[np.float64(-0.28625)],[1],[0],[0],[1.8639738999772817],['text_3'],Participant 02,001,2025-10-16_18h28.54.608,Word Priming Experiment,,2025.1.1,118.33213218187181,2025-10-16 18h29.14.005139 +0530,
,169,9,8,,,_ha_t,Chart,old,chart,[np.float64(-0.01375)],[np.float64(-0.28625)],[1],[0],[0],[1.7249118000036106],['text_3'],,,,,8,9,169,1,414.21871370007284,,,,,,,,414.19744870008435,414.21871370007284,414.21871370007284,414.21871370007284,0.004709900007583201,415.9238431000849,chart,[np.float64(-0.01375)],[np.float64(-0.28625)],[1],[0],[0],[1.7249118000036106],['text_3'],Participant 02,001,2025-10-16_18h28.54.608,Word Priming Experiment,,2025.1.1,118.33213218187181,2025-10-16 18h29.14.005139 +0530,
,170,10,8,,,_ou_se,mouse,old,mouse,[np.float64(-0.01375)],[np.float64(-0.28625)],[1],[0],[0],[1.527268199948594],['text_3'],,,,,8,10,170,3,415.95218240004033,,,,,,,,415.92782660003286,415.95218240004033,415.95218240004033,415.95218240004033,0.0038218999980017543,417.457307600067,mouse,[np.float64(-0.01375)],[np.float64(-0.28625)],[1],[0],[0],[1.527268199948594],['text_3'],Participant 02,001,2025-10-16_18h28.54.608,Word Priming Experiment,,2025.1.1,118.33213218187181,2025-10-16 18h29.14.005139 +0530,
,171,11,8,,,_oo_,Book,old,book,[np.float64(-0.01375)],[np.float64(-0.28625)],[1],[0],[0],[2.1618796999100596],['text_3'],,,,,8,11,171,13,417.48550830001477,,,,,,,,417.4614821000723,417.48550830001477,417.48550830001477,417.48550830001477,0.003976100008003414,419.62532670004293,book,[np.float64(-0.01375)],[np.float64(-0.28625)],[1],[0],[0],[2.1618796999100596],['text_3'],Participant 02,001,2025-10-16_18h28.54.608,Word Priming Experiment,,2025.1.1,118.33213218187181,2025-10-16 18h29.14.005139 +0530,
,172,12,8,,,c_s_io_,Cushion,new,cushion,[np.float64(-0.01375)],[np.float64(-0.28625)],[1],[0],[0],[1.8420595999341458],['text_3'],,,,,8,12,172,14,419.6515182000585,,,,,,,,419.62989240000024,419.6515182000585,419.6515182000585,419.6515182000585,0.004367400077171624,421.47326980007347,cushion,[np.float64(-0.01375)],[np.float64(-0.28625)],[1],[0],[0],[1.8420595999341458],['text_3'],Participant 02,001,2025-10-16_18h28.54.608,Word Priming Experiment,,2025.1.1,118.33213218187181,2025-10-16 18h29.14.005139 +0530,
,173,13,8,,,bo_t_e,Bottle,new,bother,[np.float64(-0.01375)],[np.float64(-0.28625)],[1],[0],[0],[1.6133251000428572],['text_3'],,,,,8,13,173,18,421.5016791000962,,,,,,,,421.4773369000759,421.5016791000962,421.5016791000962,421.5016791000962,0.003924499964341521,423.09272790001705,bother,[np.float64(-0.01375)],[np.float64(-0.28625)],[1],[0],[0],[1.6133251000428572],['text_3'],Participant 02,001,2025-10-16_18h28.54.608,Word Priming Experiment,,2025.1.1,118.33213218187181,2025-10-16 18h29.14.005139 +0530,
,174,14,8,,,T_hi_t,Tshirt,old,tshirt,[np.float64(-0.01375)],[np.float64(-0.28625)],[1],[0],[0],[3.9756047000410035],['text_3'],,,,,8,14,174,2,423.11844380002003,,,,,,,,423.097443100065,423.11844380002003,423.11844380002003,423.11844380002003,0.004358200007118285,427.0746888000285,tshirt,[np.float64(-0.01375)],[np.float64(-0.28625)],[1],[0],[0],[3.9756047000410035],['text_3'],Participant 02,001,2025-10-16_18h28.54.608,Word Priming Experiment,,2025.1.1,118.33213218187181,2025-10-16 18h29.14.005139 +0530,
,175,15,8,,,_ru_is_,Cruise,old,cruise,[np.float64(-0.01375)],[np.float64(-0.28625)],[1],[0],[0],[4.927405999973416],['text_3'],,,,,8,15,175,6,427.1023506000638,,,,,,,,427.0786252000835,427.1023506000638,427.1023506000638,427.1023506000638,0.0037048999220132828,432.0071491000708,cruise,[np.float64(-0.01375)],[np.float64(-0.28625)],[1],[0],[0],[4.927405999973416],['text_3'],Participant 02,001,2025-10-16_18h28.54.608,Word Priming Experiment,,2025.1.1,118.33213218187181,2025-10-16 18h29.14.005139 +0530,
,176,16,8,,,K_y_,Keys,old,keys,[np.float64(-0.01375)],[np.float64(-0.28625)],[1],[0],[0],[3.1103461999446154],['text_3'],,,,,8,16,176,8,432.0352018000558,,,,,,,,432.01093570003286,432.0352018000558,432.0352018000558,432.0352018000558,0.0036289000418037176,435.1232189000584,keys,[np.float64(-0.01375)],[np.float64(-0.28625)],[1],[0],[0],[3.1103461999446154],['text_3'],Participant 02,001,2025-10-16_18h28.54.608,Word Priming Experiment,,2025.1.1,118.33213218187181,2025-10-16 18h29.14.005139 +0530,
,177,17,8,,,c_m_ra,Camera,new,comera,[np.float64(-0.01375)],[np.float64(-0.28625)],[1],[0],[0],[1.561340200016275],['text_3'],,,,,8,17,177,19,435.15137680002954,,,,,,,,435.1263788000215,435.15137680002954,435.15137680002954,435.15137680002954,0.0029482999816536903,436.6896153000416,comera,[np.float64(-0.01375)],[np.float64(-0.28625)],[1],[0],[0],[1.561340200016275],['text_3'],Participant 02,001,2025-10-16_18h28.54.608,Word Priming Experiment,,2025.1.1,118.33213218187181,2025-10-16 18h29.14.005139 +0530,
,178,18,8,,,l_pt_p,Laptop,old,laptop,[np.float64(-0.01375)],[np.float64(-0.28625)],[1],[0],[0],[1.6801406999584287],['text_3'],,,,,8,18,178,0,436.7181963000912,,,,,,,,436.69407590001356,436.7181963000912,436.7181963000912,436.7181963000912,0.004239600035361946,438.3760076999897,laptop,[np.float64(-0.01375)],[np.float64(-0.28625)],[1],[0],[0],[1.6801406999584287],['text_3'],Participant 02,001,2025-10-16_18h28.54.608,Word Priming Experiment,,2025.1.1,118.33213218187181,2025-10-16 18h29.14.005139 +0530,
,179,19,8,,,_o_rd,Board,old,,[np.float64(-0.01375)],[np.float64(-0.28625)],[1],[0],[0],[0.7418938999762759],['text_3'],,,,,8,19,179,10,438.40181690000463,,,,,,,,438.37889610009734,438.40181690000463,438.40181690000463,438.40181690000463,0.0027247999096289277,439.12274040002376,,[np.float64(-0.01375)],[np.float64(-0.28625)],[1],[0],[0],[0.7418938999762759],['text_3'],Participant 02,001,2025-10-16_18h28.54.608,Word Priming Experiment,,2025.1.1,118.33213218187181,2025-10-16 18h29.14.005139 +0530,
,180,0,9,,,_o_rd,Board,old,,[np.float64(-0.01375)],[np.float64(-0.28625)],[1],[0],[0],[0.2157939999597147],['text_3'],,,,,9,0,180,10,439.1360339000821,,,,,,,,439.12354950001463,439.1360339000821,439.1360339000821,439.1360339000821,0.0006081999745219946,439.3406564000761,,[np.float64(-0.01375)],[np.float64(-0.28625)],[1],[0],[0],[0.2157939999597147],['text_3'],Participant 02,001,2025-10-16_18h28.54.608,Word Priming Experiment,,2025.1.1,118.33213218187181,2025-10-16 18h29.14.005139 +0530,
,181,1,9,,,T_hi_t,Tshirt,old,,[np.float64(-0.01375)],[np.float64(-0.28625)],[1],[0],[0],[0.14396200003102422],['text_3'],,,,,9,1,181,2,439.36898860009387,,,,,,,,439.3440978000872,439.36898860009387,439.36898860009387,439.36898860009387,0.003245500032790005,439.48916310002096,,[np.float64(-0.01375)],[np.float64(-0.28625)],[1],[0],[0],[0.14396200003102422],['text_3'],Participant 02,001,2025-10-16_18h28.54.608,Word Priming Experiment,,2025.1.1,118.33213218187181,2025-10-16 18h29.14.005139 +0530,
,182,2,9,,,_ru_is_,Cruise,old,,[np.float64(-0.01375)],[np.float64(-0.28625)],[1],[0],[0],[0.144912299932912],['text_3'],,,,,9,2,182,6,439.5029234000249,,,,,,,,439.4921350000659,439.5029234000249,439.5029234000249,439.5029234000249,0.0028404000913724303,439.63905540003907,,[np.float64(-0.01375)],[np.float64(-0.28625)],[1],[0],[0],[0.144912299932912],['text_3'],Participant 02,001,2025-10-16_18h28.54.608,Word Priming Experiment,,2025.1.1,118.33213218187181,2025-10-16 18h29.14.005139 +0530,
,183,3,9,,,v_s_,Vase,new,,[np.float64(-0.01375)],[np.float64(-0.28625)],[1],[0],[0],[0.1491084999870509],['text_3'],,,,,9,3,183,17,439.66835050005466,,,,,,,,439.6430964000756,439.66835050005466,439.66835050005466,439.66835050005466,0.003819199977442622,439.79420150001533,,[np.float64(-0.01375)],[np.float64(-0.28625)],[1],[0],[0],[0.1491084999870509],['text_3'],Participant 02,001,2025-10-16_18h28.54.608,Word Priming Experiment,,2025.1.1,118.33213218187181,2025-10-16 18h29.14.005139 +0530,
,184,4,9,,,_oo_,Book,old,,[np.float64(-0.01375)],[np.float64(-0.28625)],[1],[0],[0],[0.13952430000063032],['text_3'],,,,,9,4,184,13,439.8184432000853,,,,,,,,439.7983451000182,439.8184432000853,439.8184432000853,439.8184432000853,0.003953299950808287,439.93989030004013,,[np.float64(-0.01375)],[np.float64(-0.28625)],[1],[0],[0],[0.13952430000063032],['text_3'],Participant 02,001,2025-10-16_18h28.54.608,Word Priming Experiment,,2025.1.1,118.33213218187181,2025-10-16 18h29.14.005139 +0530,
,185,5,9,,,c_m_ra,Camera,new,comera,[np.float64(-0.01375)],[np.float64(-0.28625)],[1],[0],[0],[1.714891399955377],['text_3'],,,,,9,5,185,19,439.96821850002743,,,,,,,,439.9433796000667,439.96821850002743,439.96821850002743,439.96821850002743,0.0032839999767020345,441.660186800058,comera,[np.float64(-0.01375)],[np.float64(-0.28625)],[1],[0],[0],[1.714891399955377],['text_3'],Participant 02,001,2025-10-16_18h28.54.608,Word Priming Experiment,,2025.1.1,118.33213218187181,2025-10-16 18h29.14.005139 +0530,
,186,6,9,,,K_y_,Keys,old,keys,[np.float64(-0.01375)],[np.float64(-0.28625)],[1],[0],[0],[1.2245437999954447],['text_3'],,,,,9,6,186,8,441.6852052999893,,,,,,,,441.6646262999857,441.6852052999893,441.6852052999893,441.6852052999893,0.0042915999656543136,442.8905311000999,keys,[np.float64(-0.01375)],[np.float64(-0.28625)],[1],[0],[0],[1.2245437999954447],['text_3'],Participant 02,001,2025-10-16_18h28.54.608,Word Priming Experiment,,2025.1.1,118.33213218187181,2025-10-16 18h29.14.005139 +0530,
,187,7,9,,,_ho_e,Phone,old,phone,[np.float64(-0.01375)],[np.float64(-0.28625)],[1],[0],[0],[2.1626117000123486],['text_3'],,,,,9,7,187,12,442.918742800015,,,,,,,,442.89381680008955,442.918742800015,442.918742800015,442.918742800015,0.0031215999042615294,445.0577827000525,phone,[np.float64(-0.01375)],[np.float64(-0.28625)],[1],[0],[0],[2.1626117000123486],['text_3'],Participant 02,001,2025-10-16_18h28.54.608,Word Priming Experiment,,2025.1.1,118.33213218187181,2025-10-16 18h29.14.005139 +0530,
,188,8,9,,,_ou_se,mouse,old,mouse,[np.float64(-0.01375)],[np.float64(-0.28625)],[1],[0],[0],[1.4441524000139907],['text_3'],,,,,9,8,188,3,445.08475350006483,,,,,,,,445.06105200003367,445.08475350006483,445.08475350006483,445.08475350006483,0.0031384999165311456,446.5067813000642,mouse,[np.float64(-0.01375)],[np.float64(-0.28625)],[1],[0],[0],[1.4441524000139907],['text_3'],Participant 02,001,2025-10-16_18h28.54.608,Word Priming Experiment,,2025.1.1,118.33213218187181,2025-10-16 18h29.14.005139 +0530,
,189,9,9,,,P_li_e,Police,old,police,[np.float64(-0.01375)],[np.float64(-0.28625)],[1],[0],[0],[1.745246300008148],['text_3'],,,,,9,9,189,7,446.5348576999968,,,,,,,,446.50987390009686,446.5348576999968,446.5348576999968,446.5348576999968,0.00294110004324466,448.25646160007454,police,[np.float64(-0.01375)],[np.float64(-0.28625)],[1],[0],[0],[1.745246300008148],['text_3'],Participant 02,001,2025-10-16_18h28.54.608,Word Priming Experiment,,2025.1.1,118.33213218187181,2025-10-16 18h29.14.005139 +0530,
,190,10,9,,,P_st_r,Poster,old,pastry,[np.float64(-0.01375)],[np.float64(-0.28625)],[1],[0],[0],[1.5615305000683293],['text_3'],,,,,9,10,190,9,448.28505619999487,,,,,,,,448.2611690000631,448.28505619999487,448.28505619999487,448.28505619999487,0.0044998000375926495,449.8244322000537,pastry,[np.float64(-0.01375)],[np.float64(-0.28625)],[1],[0],[0],[1.5615305000683293],['text_3'],Participant 02,001,2025-10-16_18h28.54.608,Word Priming Experiment,,2025.1.1,118.33213218187181,2025-10-16 18h29.14.005139 +0530,
,191,11,9,,,ta_l_,Table,new,tally,[np.float64(-0.01375)],[np.float64(-0.28625)],[1],[0],[0],[1.6420631000073627],['text_3'],,,,,9,11,191,15,449.8516906000441,,,,,,,,449.8279362000758,449.8516906000441,449.8516906000441,449.8516906000441,0.003342500072903931,451.4723750000121,tally,[np.float64(-0.01375)],[np.float64(-0.28625)],[1],[0],[0],[1.6420631000073627],['text_3'],Participant 02,001,2025-10-16_18h28.54.608,Word Priming Experiment,,2025.1.1,118.33213218187181,2025-10-16 18h29.14.005139 +0530,
,192,12,9,,,c_s_io_,Cushion,new,cushion,[np.float64(-0.01375)],[np.float64(-0.28625)],[1],[0],[0],[1.827701500034891],['text_3'],,,,,9,12,192,14,451.50143400009256,,,,,,,,451.47630680003203,451.50143400009256,451.50143400009256,451.50143400009256,0.003737300052307546,453.3063253000146,cushion,[np.float64(-0.01375)],[np.float64(-0.28625)],[1],[0],[0],[1.827701500034891],['text_3'],Participant 02,001,2025-10-16_18h28.54.608,Word Priming Experiment,,2025.1.1,118.33213218187181,2025-10-16 18h29.14.005139 +0530,
,193,13,9,,,_ha_t,Chart,old,chart,[np.float64(-0.01375)],[np.float64(-0.28625)],[1],[0],[0],[1.8114300000015646],['text_3'],,,,,9,13,193,1,453.3348815999925,,,,,,,,453.3108230000362,453.3348815999925,453.3348815999925,453.3348815999925,0.004226100048981607,455.12387470004614,chart,[np.float64(-0.01375)],[np.float64(-0.28625)],[1],[0],[0],[1.8114300000015646],['text_3'],Participant 02,001,2025-10-16_18h28.54.608,Word Priming Experiment,,2025.1.1,118.33213218187181,2025-10-16 18h29.14.005139 +0530,
,194,14,9,,,P_as_tr_,Pastry,old,pastry,[np.float64(-0.01375)],[np.float64(-0.28625)],[1],[0],[0],[1.6124891999643296],['text_3'],,,,,9,14,194,4,455.1515352000715,,,,,,,,455.1272069000406,455.1515352000715,455.1515352000715,455.1515352000715,0.0031844000332057476,456.7413487000158,pastry,[np.float64(-0.01375)],[np.float64(-0.28625)],[1],[0],[0],[1.6124891999643296],['text_3'],Participant 02,001,2025-10-16_18h28.54.608,Word Priming Experiment,,2025.1.1,118.33213218187181,2025-10-16 18h29.14.005139 +0530,
,195,15,9,,,c_s_,Case,old,case,[np.float64(-0.01375)],[np.float64(-0.28625)],[1],[0],[0],[1.5261560999788344],['text_3'],,,,,9,15,195,5,456.76803340006154,,,,,,,,456.7450625000056,456.76803340006154,456.76803340006154,456.76803340006154,0.0035394999431446195,458.2739327000454,case,[np.float64(-0.01375)],[np.float64(-0.28625)],[1],[0],[0],[1.5261560999788344],['text_3'],Participant 02,001,2025-10-16_18h28.54.608,Word Priming Experiment,,2025.1.1,118.33213218187181,2025-10-16 18h29.14.005139 +0530,
,196,16,9,,,_a_bl_,Marble,old,marble,[np.float64(-0.01375)],[np.float64(-0.28625)],[1],[0],[0],[1.7591103999875486],['text_3'],,,,,9,16,196,11,458.30128880008124,,,,,,,,458.28014690009877,458.30128880008124,458.30128880008124,458.30128880008124,0.005989800090901554,460.04169540002476,marble,[np.float64(-0.01375)],[np.float64(-0.28625)],[1],[0],[0],[1.7591103999875486],['text_3'],Participant 02,001,2025-10-16_18h28.54.608,Word Priming Experiment,,2025.1.1,118.33213218187181,2025-10-16 18h29.14.005139 +0530,
,197,17,9,,,bo_t_e,Bottle,new,bother,[np.float64(-0.01375)],[np.float64(-0.28625)],[1],[0],[0],[2.0913327999878675],['text_3'],,,,,9,17,197,18,460.0681371000828,,,,,,,,460.04713900003117,460.0681371000828,460.0681371000828,460.0681371000828,0.0052674999460577965,462.14007560000755,bother,[np.float64(-0.01375)],[np.float64(-0.28625)],[1],[0],[0],[2.0913327999878675],['text_3'],Participant 02,001,2025-10-16_18h28.54.608,Word Priming Experiment,,2025.1.1,118.33213218187181,2025-10-16 18h29.14.005139 +0530,
,198,18,9,,,p_nc_l,Pencil,new,panicle,[np.float64(-0.01375)],[np.float64(-0.28625)],[1],[0],[0],[1.9439865000313148],['text_3'],,,,,9,18,198,16,462.1675980000291,,,,,,,,462.14567030000035,462.1675980000291,462.1675980000291,462.1675980000291,0.005373299936763942,464.0917992000468,panicle,[np.float64(-0.01375)],[np.float64(-0.28625)],[1],[0],[0],[1.9439865000313148],['text_3'],Participant 02,001,2025-10-16_18h28.54.608,Word Priming Experiment,,2025.1.1,118.33213218187181,2025-10-16 18h29.14.005139 +0530,
,199,19,9,,,l_pt_p,Laptop,old,laptop,[np.float64(-0.01375)],[np.float64(-0.28625)],[1],[0],[0],[1.445221999892965],['text_3'],,,,,9,19,199,0,464.11797960009426,,,,,,,,464.095785100013,464.11797960009426,464.11797960009426,464.11797960009426,0.0038026999682188034,465.5432117000455,laptop,[np.float64(-0.01375)],[np.float64(-0.28625)],[1],[0],[0],[1.445221999892965],['text_3'],Participant 02,001,2025-10-16_18h28.54.608,Word Priming Experiment,,2025.1.1,118.33213218187181,2025-10-16 18h29.14.005139 +0530,
,200,0,10,,,_o_rd,Board,old,bpard,[np.float64(-0.01375)],[np.float64(-0.28625)],[1],[0],[0],[2.308083700016141],['text_3'],,,,,10,0,200,10,465.5679659000598,,,,,,,,465.5475003999891,465.5679659000598,465.5679659000598,465.5679659000598,0.0040837000124156475,467.85783680004533,bpard,[np.float64(-0.01375)],[np.float64(-0.28625)],[1],[0],[0],[2.308083700016141],['text_3'],Participant 02,001,2025-10-16_18h28.54.608,Word Priming Experiment,,2025.1.1,118.33213218187181,2025-10-16 18h29.14.005139 +0530,
,201,1,10,,,K_y_,Keys,old,keys,[np.float64(-0.01375)],[np.float64(-0.28625)],[1],[0],[0],[1.291171699995175],['text_3'],,,,,10,1,201,8,467.88460720004514,,,,,,,,467.8625155000482,467.88460720004514,467.88460720004514,467.88460720004514,0.004499600036069751,469.15583180007525,keys,[np.float64(-0.01375)],[np.float64(-0.28625)],[1],[0],[0],[1.291171699995175],['text_3'],Participant 02,001,2025-10-16_18h28.54.608,Word Priming Experiment,,2025.1.1,118.33213218187181,2025-10-16 18h29.14.005139 +0530,
,202,2,10,,,_ou_se,mouse,old,mouse,[np.float64(-0.01375)],[np.float64(-0.28625)],[1],[0],[0],[1.2943343999795616],['text_3'],,,,,10,2,202,3,469.1843794999877,,,,,,,,469.1614592000842,469.1843794999877,469.1843794999877,469.1843794999877,0.005452999961562455,470.4576548000332,mouse,[np.float64(-0.01375)],[np.float64(-0.28625)],[1],[0],[0],[1.2943343999795616],['text_3'],Participant 02,001,2025-10-16_18h28.54.608,Word Priming Experiment,,2025.1.1,118.33213218187181,2025-10-16 18h29.14.005139 +0530,
,203,3,10,,,l_pt_p,Laptop,old,laptop,[np.float64(-0.01375)],[np.float64(-0.28625)],[1],[0],[0],[1.5274220999563113],['text_3'],,,,,10,3,203,0,470.4851007000543,,,,,,,,470.46101650001947,470.4851007000543,470.4851007000543,470.4851007000543,0.0031970000127330422,471.98961230006535,laptop,[np.float64(-0.01375)],[np.float64(-0.28625)],[1],[0],[0],[1.5274220999563113],['text_3'],Participant 02,001,2025-10-16_18h28.54.608,Word Priming Experiment,,2025.1.1,118.33213218187181,2025-10-16 18h29.14.005139 +0530,
,204,4,10,,,c_s_io_,Cushion,new,cushion,[np.float64(-0.01375)],[np.float64(-0.28625)],[1],[0],[0],[1.913441399927251],['text_3'],,,,,10,4,204,14,472.01804890006315,,,,,,,,471.9930297000101,472.01804890006315,472.01804890006315,472.01804890006315,0.0032282000174745917,473.90906770003494,cushion,[np.float64(-0.01375)],[np.float64(-0.28625)],[1],[0],[0],[1.913441399927251],['text_3'],Participant 02,001,2025-10-16_18h28.54.608,Word Priming Experiment,,2025.1.1,118.33213218187181,2025-10-16 18h29.14.005139 +0530,
,205,5,10,,,p_nc_l,Pencil,new,panicle,[np.float64(-0.01375)],[np.float64(-0.28625)],[1],[0],[0],[1.5764618000248447],['text_3'],,,,,10,5,205,16,473.93461980007123,,,,,,,,473.91548249998596,473.93461980007123,473.93461980007123,473.93461980007123,0.006182600045576692,475.4946581000695,panicle,[np.float64(-0.01375)],[np.float64(-0.28625)],[1],[0],[0],[1.5764618000248447],['text_3'],Participant 02,001,2025-10-16_18h28.54.608,Word Priming Experiment,,2025.1.1,118.33213218187181,2025-10-16 18h29.14.005139 +0530,
,206,6,10,,,_oo_,Book,old,book,[np.float64(-0.01375)],[np.float64(-0.28625)],[1],[0],[0],[1.4737229000311345],['text_3'],,,,,10,6,206,13,475.5190355000086,,,,,,,,475.49928190000355,475.5190355000086,475.5190355000086,475.5190355000086,0.004359900020062923,476.97491900005843,book,[np.float64(-0.01375)],[np.float64(-0.28625)],[1],[0],[0],[1.4737229000311345],['text_3'],Participant 02,001,2025-10-16_18h28.54.608,Word Priming Experiment,,2025.1.1,118.33213218187181,2025-10-16 18h29.14.005139 +0530,
,207,7,10,,,P_st_r,Poster,old,pastry,[np.float64(-0.01375)],[np.float64(-0.28625)],[1],[0],[0],[1.4939123999793082],['text_3'],,,,,10,7,207,9,477.0011684000492,,,,,,,,476.978799500037,477.0011684000492,477.0011684000492,477.0011684000492,0.003716500010341406,478.47510520007927,pastry,[np.float64(-0.01375)],[np.float64(-0.28625)],[1],[0],[0],[1.4939123999793082],['text_3'],Participant 02,001,2025-10-16_18h28.54.608,Word Priming Experiment,,2025.1.1,118.33213218187181,2025-10-16 18h29.14.005139 +0530,
,208,8,10,,,c_s_,Case,old,case,[np.float64(-0.01375)],[np.float64(-0.28625)],[1],[0],[0],[1.2437470000004396],['text_3'],,,,,10,8,208,5,478.50107750005554,,,,,,,,478.48025050002616,478.50107750005554,478.50107750005554,478.50107750005554,0.004832700011320412,479.7272877000505,case,[np.float64(-0.01375)],[np.float64(-0.28625)],[1],[0],[0],[1.2437470000004396],['text_3'],Participant 02,001,2025-10-16_18h28.54.608,Word Priming Experiment,,2025.1.1,118.33213218187181,2025-10-16 18h29.14.005139 +0530,
,209,9,10,,,T_hi_t,Tshirt,old,tshirt,[np.float64(-0.01375)],[np.float64(-0.28625)],[1],[0],[0],[1.9022850999608636],['text_3'],,,,,10,9,209,2,479.75139750004746,,,,,,,,479.73651429999154,479.75139750004746,479.75139750004746,479.75139750004746,0.009012400056235492,481.6408330000704,tshirt,[np.float64(-0.01375)],[np.float64(-0.28625)],[1],[0],[0],[1.9022850999608636],['text_3'],Participant 02,001,2025-10-16_18h28.54.608,Word Priming Experiment,,2025.1.1,118.33213218187181,2025-10-16 18h29.14.005139 +0530,
,210,10,10,,,_ho_e,Phone,old,phone,[np.float64(-0.01375)],[np.float64(-0.28625)],[1],[0],[0],[2.145539299934171],['text_3'],,,,,10,10,210,12,481.6682402000297,,,,,,,,481.64379060000647,481.6682402000297,481.6682402000297,481.6682402000297,0.0028080999618396163,483.7919589000521,phone,[np.float64(-0.01375)],[np.float64(-0.28625)],[1],[0],[0],[2.145539299934171],['text_3'],Participant 02,001,2025-10-16_18h28.54.608,Word Priming Experiment,,2025.1.1,118.33213218187181,2025-10-16 18h29.14.005139 +0530,
,211,11,10,,,_ru_is_,Cruise,old,cruise,[np.float64(-0.01375)],[np.float64(-0.28625)],[1],[0],[0],[1.4617061000317335],['text_3'],,,,,10,11,211,6,483.81794530001935,,,,,,,,483.79625190002844,483.81794530001935,483.81794530001935,483.81794530001935,0.004064799984917045,485.2601895000553,cruise,[np.float64(-0.01375)],[np.float64(-0.28625)],[1],[0],[0],[1.4617061000317335],['text_3'],Participant 02,001,2025-10-16_18h28.54.608,Word Priming Experiment,,2025.1.1,118.33213218187181,2025-10-16 18h29.14.005139 +0530,
,212,12,10,,,v_s_,Vase,new,vosa,[np.float64(-0.01375)],[np.float64(-0.28625)],[1],[0],[0],[1.7553850999101996],['text_3'],,,,,10,12,212,17,485.28472090000287,,,,,,,,485.2640227000229,485.28472090000287,485.28472090000287,485.28472090000287,0.003641700022853911,487.0205268000718,vosa,[np.float64(-0.01375)],[np.float64(-0.28625)],[1],[0],[0],[1.7553850999101996],['text_3'],Participant 02,001,2025-10-16_18h28.54.608,Word Priming Experiment,,2025.1.1,118.33213218187181,2025-10-16 18h29.14.005139 +0530,
,213,13,10,,,bo_t_e,Bottle,new,bother,[np.float64(-0.01375)],[np.float64(-0.28625)],[1],[0],[0],[5.350440500071272],['text_3'],,,,,10,13,213,18,487.03577790001873,,,,,,,,487.0227281000698,487.03577790001873,487.03577790001873,487.03577790001873,0.002107399981468916,492.3751617000671,bother,[np.float64(-0.01375)],[np.float64(-0.28625)],[1],[0],[0],[5.350440500071272],['text_3'],Participant 02,001,2025-10-16_18h28.54.608,Word Priming Experiment,,2025.1.1,118.33213218187181,2025-10-16 18h29.14.005139 +0530,
,214,14,10,,,ta_l_,Table,new,tally,[np.float64(-0.01375)],[np.float64(-0.28625)],[1],[0],[0],[3.227179400040768],['text_3'],,,,,10,14,214,15,492.40116050001234,,,,,,,,492.38042440009303,492.40116050001234,492.40116050001234,492.40116050001234,0.004633700009435415,495.610780899995,tally,[np.float64(-0.01375)],[np.float64(-0.28625)],[1],[0],[0],[3.227179400040768],['text_3'],Participant 02,001,2025-10-16_18h28.54.608,Word Priming Experiment,,2025.1.1,118.33213218187181,2025-10-16 18h29.14.005139 +0530,
,215,15,10,,,P_as_tr_,Pastry,old,pastry,[np.float64(-0.01375)],[np.float64(-0.28625)],[1],[0],[0],[1.8200980999972671],['text_3'],,,,,10,15,215,4,495.634722399991,,,,,,,,495.6176168000093,495.634722399991,495.634722399991,495.634722399991,0.006641200045123696,497.43964830006007,pastry,[np.float64(-0.01375)],[np.float64(-0.28625)],[1],[0],[0],[1.8200980999972671],['text_3'],Participant 02,001,2025-10-16_18h28.54.608,Word Priming Experiment,,2025.1.1,118.33213218187181,2025-10-16 18h29.14.005139 +0530,
,216,16,10,,,c_m_ra,Camera,new,comera,[np.float64(-0.01375)],[np.float64(-0.28625)],[1],[0],[0],[1.762828000006266],['text_3'],,,,,10,16,216,19,497.4680748000974,,,,,,,,497.4422984000994,497.4680748000974,497.4680748000974,497.4680748000974,0.002507600001990795,499.20700679998845,comera,[np.float64(-0.01375)],[np.float64(-0.28625)],[1],[0],[0],[1.762828000006266],['text_3'],Participant 02,001,2025-10-16_18h28.54.608,Word Priming Experiment,,2025.1.1,118.33213218187181,2025-10-16 18h29.14.005139 +0530,
,217,17,10,,,_ha_t,Chart,old,chart,[np.float64(-0.01375)],[np.float64(-0.28625)],[1],[0],[0],[2.6121508000651374],['text_3'],,,,,10,17,217,1,499.2341246000724,,,,,,,,499.21028800006025,499.2341246000724,499.2341246000724,499.2341246000724,0.0031654000049456954,501.82437080005184,chart,[np.float64(-0.01375)],[np.float64(-0.28625)],[1],[0],[0],[2.6121508000651374],['text_3'],Participant 02,001,2025-10-16_18h28.54.608,Word Priming Experiment,,2025.1.1,118.33213218187181,2025-10-16 18h29.14.005139 +0530,
,218,18,10,,,_a_bl_,Marble,old,marble,[np.float64(-0.01375)],[np.float64(-0.28625)],[1],[0],[0],[1.7783538000658154],['text_3'],,,,,10,18,218,11,501.8513723000651,,,,,,,,501.8280280000763,501.8513723000651,501.8513723000651,501.8513723000651,0.003486700006760657,503.6088343000738,marble,[np.float64(-0.01375)],[np.float64(-0.28625)],[1],[0],[0],[1.7783538000658154],['text_3'],Participant 02,001,2025-10-16_18h28.54.608,Word Priming Experiment,,2025.1.1,118.33213218187181,2025-10-16 18h29.14.005139 +0530,
,219,19,10,,,P_li_e,Police,old,police,[np.float64(-0.01375)],[np.float64(-0.28625)],[1],[0],[0],[1.5424311999231577],['text_3'],,,,,10,19,219,7,503.6341214000713,,,,,,,,503.61376370000653,503.6341214000713,503.6341214000713,503.6341214000713,0.0047559000086039305,505.15934840007685,police,[np.float64(-0.01375)],[np.float64(-0.28625)],[1],[0],[0],[1.5424311999231577],['text_3'],Participant 02,001,2025-10-16_18h28.54.608,Word Priming Experiment,,2025.1.1,118.33213218187181,2025-10-16 18h29.14.005139 +0530,
,220,0,11,,,_a_bl_,Marble,old,marble,[np.float64(-0.01375)],[np.float64(-0.28625)],[1],[0],[0],[1.8594685998978093],['text_3'],,,,,11,0,220,11,505.1843735000584,,,,,,,,505.1640124000842,505.1843735000584,505.1843735000584,505.1843735000584,0.004416299983859062,507.02629730000626,marble,[np.float64(-0.01375)],[np.float64(-0.28625)],[1],[0],[0],[1.8594685998978093],['text_3'],Participant 02,001,2025-10-16_18h28.54.608,Word Priming Experiment,,2025.1.1,118.33213218187181,2025-10-16 18h29.14.005139 +0530,
,221,1,11,,,_ou_se,mouse,old,mouse,[np.float64(-0.01375)],[np.float64(-0.28625)],[1],[0],[0],[1.8563911999808624],['text_3'],,,,,11,1,221,3,507.05190220009536,,,,,,,,507.0325793999946,507.05190220009536,507.05190220009536,507.05190220009536,0.0060279000317677855,508.8913337000413,mouse,[np.float64(-0.01375)],[np.float64(-0.28625)],[1],[0],[0],[1.8563911999808624],['text_3'],Participant 02,001,2025-10-16_18h28.54.608,Word Priming Experiment,,2025.1.1,118.33213218187181,2025-10-16 18h29.14.005139 +0530,
,222,2,11,,,T_hi_t,Tshirt,old,tshirt,[np.float64(-0.01375)],[np.float64(-0.28625)],[1],[0],[0],[1.5580940999789163],['text_3'],,,,,11,2,222,2,508.9178227999946,,,,,,,,508.89638960000593,508.9178227999946,508.9178227999946,508.9178227999946,0.004821600043214858,510.45653090009,tshirt,[np.float64(-0.01375)],[np.float64(-0.28625)],[1],[0],[0],[1.5580940999789163],['text_3'],Participant 02,001,2025-10-16_18h28.54.608,Word Priming Experiment,,2025.1.1,118.33213218187181,2025-10-16 18h29.14.005139 +0530,
,223,3,11,,,_ru_is_,Cruise,old,cruise,[np.float64(-0.01375)],[np.float64(-0.28625)],[1],[0],[0],[2.3773759000469],['text_3'],,,,,11,3,223,6,510.4842428000411,,,,,,,,510.4597754999995,510.4842428000411,510.4842428000411,510.4842428000411,0.003108200035057962,512.8388166000368,cruise,[np.float64(-0.01375)],[np.float64(-0.28625)],[1],[0],[0],[2.3773759000469],['text_3'],Participant 02,001,2025-10-16_18h28.54.608,Word Priming Experiment,,2025.1.1,118.33213218187181,2025-10-16 18h29.14.005139 +0530,
,224,4,11,,,bo_t_e,Bottle,new,bother,[np.float64(-0.01375)],[np.float64(-0.28625)],[1],[0],[0],[1.4968162000877783],['text_3'],,,,,11,4,224,18,512.8672401000513,,,,,,,,512.8420857000165,512.8672401000513,512.8672401000513,512.8672401000513,0.0031283999560400844,514.3403584000189,bother,[np.float64(-0.01375)],[np.float64(-0.28625)],[1],[0],[0],[1.4968162000877783],['text_3'],Participant 02,001,2025-10-16_18h28.54.608,Word Priming Experiment,,2025.1.1,118.33213218187181,2025-10-16 18h29.14.005139 +0530,
,225,5,11,,,v_s_,Vase,new,visa,[np.float64(-0.01375)],[np.float64(-0.28625)],[1],[0],[0],[2.032807399984449],['text_3'],,,,,11,5,225,17,514.3676023000153,,,,,,,,514.3436718999874,514.3676023000153,514.3676023000153,514.3676023000153,0.00315869995392859,516.3794203000143,visa,[np.float64(-0.01375)],[np.float64(-0.28625)],[1],[0],[0],[2.032807399984449],['text_3'],Participant 02,001,2025-10-16_18h28.54.608,Word Priming Experiment,,2025.1.1,118.33213218187181,2025-10-16 18h29.14.005139 +0530,
,226,6,11,,,P_li_e,Police,old,police,[np.float64(-0.01375)],[np.float64(-0.28625)],[1],[0],[0],[1.6368158999830484],['text_3'],,,,,11,6,226,7,516.4010462000733,,,,,,,,516.3852035000455,516.4010462000733,516.4010462000733,516.4010462000733,0.005385999917052686,518.0239977000747,police,[np.float64(-0.01375)],[np.float64(-0.28625)],[1],[0],[0],[1.6368158999830484],['text_3'],Participant 02,001,2025-10-16_18h28.54.608,Word Priming Experiment,,2025.1.1,118.33213218187181,2025-10-16 18h29.14.005139 +0530,
,227,7,11,,,c_s_io_,Cushion,new,cushion,[np.float64(-0.01375)],[np.float64(-0.28625)],[1],[0],[0],[2.043163500027731],['text_3'],,,,,11,7,227,14,518.0507987000747,,,,,,,,518.027830200037,518.0507987000747,518.0507987000747,518.0507987000747,0.003652399987913668,520.073269900051,cushion,[np.float64(-0.01375)],[np.float64(-0.28625)],[1],[0],[0],[2.043163500027731],['text_3'],Participant 02,001,2025-10-16_18h28.54.608,Word Priming Experiment,,2025.1.1,118.33213218187181,2025-10-16 18h29.14.005139 +0530,
,228,8,11,,,P_as_tr_,Pastry,old,pastry,[np.float64(-0.01375)],[np.float64(-0.28625)],[1],[0],[0],[1.7780311999376863],['text_3'],,,,,11,8,228,4,520.1006304000039,,,,,,,,520.0769575000741,520.1006304000039,520.1006304000039,520.1006304000039,0.0035058000357821584,521.8569928000215,pastry,[np.float64(-0.01375)],[np.float64(-0.28625)],[1],[0],[0],[1.7780311999376863],['text_3'],Participant 02,001,2025-10-16_18h28.54.608,Word Priming Experiment,,2025.1.1,118.33213218187181,2025-10-16 18h29.14.005139 +0530,
,229,9,11,,,ta_l_,Table,new,tally,[np.float64(-0.01375)],[np.float64(-0.28625)],[1],[0],[0],[1.9277052000397816],['text_3'],,,,,11,9,229,15,521.8841012000339,,,,,,,,521.8617030000314,521.8841012000339,521.8841012000339,521.8841012000339,0.004544299910776317,523.791489000083,tally,[np.float64(-0.01375)],[np.float64(-0.28625)],[1],[0],[0],[1.9277052000397816],['text_3'],Participant 02,001,2025-10-16_18h28.54.608,Word Priming Experiment,,2025.1.1,118.33213218187181,2025-10-16 18h29.14.005139 +0530,
,230,10,11,,,_o_rd,Board,old,board,[np.float64(-0.01375)],[np.float64(-0.28625)],[1],[0],[0],[2.843494600034319],['text_3'],,,,,11,10,230,10,523.8175744999899,,,,,,,,523.7953897000989,523.8175744999899,523.8175744999899,523.8175744999899,0.003381200018338859,526.6410141000524,board,[np.float64(-0.01375)],[np.float64(-0.28625)],[1],[0],[0],[2.843494600034319],['text_3'],Participant 02,001,2025-10-16_18h28.54.608,Word Priming Experiment,,2025.1.1,118.33213218187181,2025-10-16 18h29.14.005139 +0530,
,231,11,11,,,_ha_t,Chart,old,chart,[np.float64(-0.01375)],[np.float64(-0.28625)],[1],[0],[0],[1.9103198000229895],['text_3'],,,,,11,11,231,1,526.6677453999873,,,,,,,,526.6445794000756,526.6677453999873,526.6677453999873,526.6677453999873,0.0033663000212982297,528.5570649000583,chart,[np.float64(-0.01375)],[np.float64(-0.28625)],[1],[0],[0],[1.9103198000229895],['text_3'],Participant 02,001,2025-10-16_18h28.54.608,Word Priming Experiment,,2025.1.1,118.33213218187181,2025-10-16 18h29.14.005139 +0530,
,232,12,11,,,c_m_ra,Camera,new,comer,[np.float64(-0.01375)],[np.float64(-0.28625)],[1],[0],[0],[1.4760445000138134],['text_3'],,,,,11,12,232,19,528.5841250000522,,,,,,,,528.5613068999955,528.5841250000522,528.5841250000522,528.5841250000522,0.004064099979586899,530.0397725000512,comer,[np.float64(-0.01375)],[np.float64(-0.28625)],[1],[0],[0],[1.4760445000138134],['text_3'],Participant 02,001,2025-10-16_18h28.54.608,Word Priming Experiment,,2025.1.1,118.33213218187181,2025-10-16 18h29.14.005139 +0530,
,233,13,11,,,K_y_,Keys,old,keys,[np.float64(-0.01375)],[np.float64(-0.28625)],[1],[0],[0],[1.5112093000207096],['text_3'],,,,,11,13,233,8,530.0671375000384,,,,,,,,530.0442595999921,530.0671375000384,530.0671375000384,530.0671375000384,0.0042634999845176935,531.5577010000125,keys,[np.float64(-0.01375)],[np.float64(-0.28625)],[1],[0],[0],[1.5112093000207096],['text_3'],Participant 02,001,2025-10-16_18h28.54.608,Word Priming Experiment,,2025.1.1,118.33213218187181,2025-10-16 18h29.14.005139 +0530,
,234,14,11,,,l_pt_p,Laptop,old,laptop,[np.float64(-0.01375)],[np.float64(-0.28625)],[1],[0],[0],[2.5743188000051305],['text_3'],,,,,11,14,234,0,531.5845224000514,,,,,,,,531.5626230000053,531.5845224000514,531.5845224000514,531.5845224000514,0.0047305000480264425,534.1399902000558,laptop,[np.float64(-0.01375)],[np.float64(-0.28625)],[1],[0],[0],[2.5743188000051305],['text_3'],Participant 02,001,2025-10-16_18h28.54.608,Word Priming Experiment,,2025.1.1,118.33213218187181,2025-10-16 18h29.14.005139 +0530,
,235,15,11,,,_oo_,Book,old,book,[np.float64(-0.01375)],[np.float64(-0.28625)],[1],[0],[0],[1.8775681999977678],['text_3'],,,,,11,15,235,13,534.1670767000178,,,,,,,,534.1450570999878,534.1670767000178,534.1670767000178,534.1670767000178,0.0047818999737501144,536.0251562000485,book,[np.float64(-0.01375)],[np.float64(-0.28625)],[1],[0],[0],[1.8775681999977678],['text_3'],Participant 02,001,2025-10-16_18h28.54.608,Word Priming Experiment,,2025.1.1,118.33213218187181,2025-10-16 18h29.14.005139 +0530,
,236,16,11,,,c_s_,Case,old,case,[np.float64(-0.01375)],[np.float64(-0.28625)],[1],[0],[0],[1.4249543000478297],['text_3'],,,,,11,16,236,5,536.0508707000408,,,,,,,,536.0286436000606,536.0508707000408,536.0508707000408,536.0508707000408,0.003238599980250001,537.4563743000617,case,[np.float64(-0.01375)],[np.float64(-0.28625)],[1],[0],[0],[1.4249543000478297],['text_3'],Participant 02,001,2025-10-16_18h28.54.608,Word Priming Experiment,,2025.1.1,118.33213218187181,2025-10-16 18h29.14.005139 +0530,
,237,17,11,,,p_nc_l,Pencil,new,panicle,[np.float64(-0.01375)],[np.float64(-0.28625)],[1],[0],[0],[1.5787457999540493],['text_3'],,,,,11,17,237,16,537.4837343000108,,,,,,,,537.4598402000265,537.4837343000108,537.4837343000108,537.4837343000108,0.0032281000167131424,539.0409832000732,panicle,[np.float64(-0.01375)],[np.float64(-0.28625)],[1],[0],[0],[1.5787457999540493],['text_3'],Participant 02,001,2025-10-16_18h28.54.608,Word Priming Experiment,,2025.1.1,118.33213218187181,2025-10-16 18h29.14.005139 +0530,
,238,18,11,,,_ho_e,Phone,old,phone,[np.float64(-0.01375)],[np.float64(-0.28625)],[1],[0],[0],[4.07434019993525],['text_3'],,,,,11,18,238,12,539.0673371000448,,,,,,,,539.0449129000772,539.0673371000448,539.0673371000448,539.0673371000448,0.003698499989695847,543.1212873000186,phone,[np.float64(-0.01375)],[np.float64(-0.28625)],[1],[0],[0],[4.07434019993525],['text_3'],Participant 02,001,2025-10-16_18h28.54.608,Word Priming Experiment,,2025.1.1,118.33213218187181,2025-10-16 18h29.14.005139 +0530,
,239,19,11,,,P_st_r,Poster,old,pastry,[np.float64(-0.01375)],[np.float64(-0.28625)],[1],[0],[0],[1.9461906999349594],['text_3'],,,,,11,19,239,9,543.1504876000108,,,,,,,,543.1246751000872,543.1504876000108,543.1504876000108,543.1504876000108,0.0031998000340536237,545.0735283000395,pastry,[np.float64(-0.01375)],[np.float64(-0.28625)],[1],[0],[0],[1.9461906999349594],['text_3'],Participant 02,001,2025-10-16_18h28.54.608,Word Priming Experiment,,2025.1.1,118.33213218187181,2025-10-16 18h29.14.005139 +0530,
,240,0,12,,,_ou_se,mouse,old,mous,[np.float64(-0.01375)],[np.float64(-0.28625)],[1],[0],[0],[1.960315000033006],['text_3'],,,,,12,0,240,3,545.1004716000753,,,,,,,,545.077240100014,545.1004716000753,545.1004716000753,545.1004716000753,0.0034966999664902687,547.041102200048,mous,[np.float64(-0.01375)],[np.float64(-0.28625)],[1],[0],[0],[1.960315000033006],['text_3'],Participant 02,001,2025-10-16_18h28.54.608,Word Priming Experiment,,2025.1.1,118.33213218187181,2025-10-16 18h29.14.005139 +0530,
,241,1,12,,,P_li_e,Police,old,police,[np.float64(-0.01375)],[np.float64(-0.28625)],[1],[0],[0],[1.7116463999263942],['text_3'],,,,,12,1,241,7,547.0674054000992,,,,,,,,547.0466618000064,547.0674054000992,547.0674054000992,547.0674054000992,0.00530409999191761,548.7608681001002,police,[np.float64(-0.01375)],[np.float64(-0.28625)],[1],[0],[0],[1.7116463999263942],['text_3'],Participant 02,001,2025-10-16_18h28.54.608,Word Priming Experiment,,2025.1.1,118.33213218187181,2025-10-16 18h29.14.005139 +0530,
,242,2,12,,,T_hi_t,Tshirt,old,tshirt,[np.float64(-0.01375)],[np.float64(-0.28625)],[1],[0],[0],[2.137389399926178],['text_3'],,,,,12,2,242,2,548.7837906000204,,,,,,,,548.7667783000506,548.7837906000204,548.7837906000204,548.7837906000204,0.005726400064304471,550.9063495000592,tshirt,[np.float64(-0.01375)],[np.float64(-0.28625)],[1],[0],[0],[2.137389399926178],['text_3'],Participant 02,001,2025-10-16_18h28.54.608,Word Priming Experiment,,2025.1.1,118.33213218187181,2025-10-16 18h29.14.005139 +0530,
,243,3,12,,,p_nc_l,Pencil,new,panicle,[np.float64(-0.01375)],[np.float64(-0.28625)],[1],[0],[0],[2.212830499978736],['text_3'],,,,,12,3,243,16,550.9343242000323,,,,,,,,550.9100871999981,550.9343242000323,550.9343242000323,550.9343242000323,0.0035632000071927905,553.1251173000783,panicle,[np.float64(-0.01375)],[np.float64(-0.28625)],[1],[0],[0],[2.212830499978736],['text_3'],Participant 02,001,2025-10-16_18h28.54.608,Word Priming Experiment,,2025.1.1,118.33213218187181,2025-10-16 18h29.14.005139 +0530,
,244,4,12,,,l_pt_p,Laptop,old,laptop,[np.float64(-0.01375)],[np.float64(-0.28625)],[1],[0],[0],[1.740554399904795],['text_3'],,,,,12,4,244,0,553.1507798000239,,,,,,,,553.1290944000939,553.1507798000239,553.1507798000239,553.1507798000239,0.0037794000236317515,554.8720868000528,laptop,[np.float64(-0.01375)],[np.float64(-0.28625)],[1],[0],[0],[1.740554399904795],['text_3'],Participant 02,001,2025-10-16_18h28.54.608,Word Priming Experiment,,2025.1.1,118.33213218187181,2025-10-16 18h29.14.005139 +0530,
,245,5,12,,,c_s_io_,Cushion,new,cushion,[np.float64(-0.01375)],[np.float64(-0.28625)],[1],[0],[0],[3.165082099963911],['text_3'],,,,,12,5,245,14,554.9004108000081,,,,,,,,554.875419100048,554.9004108000081,554.9004108000081,554.9004108000081,0.003128400072455406,558.0424607000314,cushion,[np.float64(-0.01375)],[np.float64(-0.28625)],[1],[0],[0],[3.165082099963911],['text_3'],Participant 02,001,2025-10-16_18h28.54.608,Word Priming Experiment,,2025.1.1,118.33213218187181,2025-10-16 18h29.14.005139 +0530,
,246,6,12,,,ta_l_,Table,new,tally,[np.float64(-0.01375)],[np.float64(-0.28625)],[1],[0],[0],[1.9100164999254048],['text_3'],,,,,12,6,246,15,558.0673670000397,,,,,,,,558.0462875000667,558.0673670000397,558.0673670000397,558.0673670000397,0.0036828999873250723,559.9604271000717,tally,[np.float64(-0.01375)],[np.float64(-0.28625)],[1],[0],[0],[1.9100164999254048],['text_3'],Participant 02,001,2025-10-16_18h28.54.608,Word Priming Experiment,,2025.1.1,118.33213218187181,2025-10-16 18h29.14.005139 +0530,
,247,7,12,,,_oo_,Book,old,book,[np.float64(-0.01375)],[np.float64(-0.28625)],[1],[0],[0],[2.021535500069149],['text_3'],,,,,12,7,247,13,559.9835915000876,,,,,,,,559.9674204000039,559.9835915000876,559.9835915000876,559.9835915000876,0.006805300014093518,561.9908873999957,book,[np.float64(-0.01375)],[np.float64(-0.28625)],[1],[0],[0],[2.021535500069149],['text_3'],Participant 02,001,2025-10-16_18h28.54.608,Word Priming Experiment,,2025.1.1,118.33213218187181,2025-10-16 18h29.14.005139 +0530,
,248,8,12,,,P_as_tr_,Pastry,old,pastry,[np.float64(-0.01375)],[np.float64(-0.28625)],[1],[0],[0],[1.8100771000608802],['text_3'],,,,,12,8,248,4,562.0172224000562,,,,,,,,561.9944725000532,562.0172224000562,562.0172224000562,562.0172224000562,0.003460100037045777,563.806797199999,pastry,[np.float64(-0.01375)],[np.float64(-0.28625)],[1],[0],[0],[1.8100771000608802],['text_3'],Participant 02,001,2025-10-16_18h28.54.608,Word Priming Experiment,,2025.1.1,118.33213218187181,2025-10-16 18h29.14.005139 +0530,
,249,9,12,,,c_m_ra,Camera,new,comera,[np.float64(-0.01375)],[np.float64(-0.28625)],[1],[0],[0],[1.8754874999867752],['text_3'],,,,,12,9,249,19,563.834163099993,,,,,,,,563.8107430000091,563.834163099993,563.834163099993,563.834163099993,0.00381349993404001,565.6880381000228,comera,[np.float64(-0.01375)],[np.float64(-0.28625)],[1],[0],[0],[1.8754874999867752],['text_3'],Participant 02,001,2025-10-16_18h28.54.608,Word Priming Experiment,,2025.1.1,118.33213218187181,2025-10-16 18h29.14.005139 +0530,
,250,10,12,,,bo_t_e,Bottle,new,bother,[np.float64(-0.01375)],[np.float64(-0.28625)],[1],[0],[0],[3.0675703999586403],['text_3'],,,,,12,10,250,18,565.7169159000041,,,,,,,,565.6916644000448,565.7169159000041,565.7169159000041,565.7169159000041,0.0034721000120043755,568.7610353000928,bother,[np.float64(-0.01375)],[np.float64(-0.28625)],[1],[0],[0],[3.0675703999586403],['text_3'],Participant 02,001,2025-10-16_18h28.54.608,Word Priming Experiment,,2025.1.1,118.33213218187181,2025-10-16 18h29.14.005139 +0530,
,251,11,12,,,_o_rd,Board,old,board,[np.float64(-0.01375)],[np.float64(-0.28625)],[1],[0],[0],[1.7029376999707893],['text_3'],,,,,12,11,251,10,568.7838159000967,,,,,,,,568.7685303000035,568.7838159000967,568.7838159000967,568.7838159000967,0.007371900021098554,570.4736335000489,board,[np.float64(-0.01375)],[np.float64(-0.28625)],[1],[0],[0],[1.7029376999707893],['text_3'],Participant 02,001,2025-10-16_18h28.54.608,Word Priming Experiment,,2025.1.1,118.33213218187181,2025-10-16 18h29.14.005139 +0530,
,252,12,12,,,K_y_,Keys,old,keys,[np.float64(-0.01375)],[np.float64(-0.28625)],[1],[0],[0],[1.2600402999669313],['text_3'],,,,,12,12,252,8,570.5008541001007,,,,,,,,570.4773151000263,570.5008541001007,570.5008541001007,570.5008541001007,0.003536400035955012,571.7408546000952,keys,[np.float64(-0.01375)],[np.float64(-0.28625)],[1],[0],[0],[1.2600402999669313],['text_3'],Participant 02,001,2025-10-16_18h28.54.608,Word Priming Experiment,,2025.1.1,118.33213218187181,2025-10-16 18h29.14.005139 +0530,
,253,13,12,,,v_s_,Vase,new,visa,[np.float64(-0.01375)],[np.float64(-0.28625)],[1],[0],[0],[1.4584693999495357],['text_3'],,,,,12,13,253,17,571.7667392999865,,,,,,,,571.7452586999862,571.7667392999865,571.7667392999865,571.7667392999865,0.004151300061494112,573.2053246999858,visa,[np.float64(-0.01375)],[np.float64(-0.28625)],[1],[0],[0],[1.4584693999495357],['text_3'],Participant 02,001,2025-10-16_18h28.54.608,Word Priming Experiment,,2025.1.1,118.33213218187181,2025-10-16 18h29.14.005139 +0530,
,254,14,12,,,_ha_t,Chart,old,chart,[np.float64(-0.01375)],[np.float64(-0.28625)],[1],[0],[0],[1.8289520000107586],['text_3'],,,,,12,14,254,1,573.2338406000054,,,,,,,,573.2085431000451,573.2338406000054,573.2338406000054,573.2338406000054,0.0028249999741092324,575.0398265999975,chart,[np.float64(-0.01375)],[np.float64(-0.28625)],[1],[0],[0],[1.8289520000107586],['text_3'],Participant 02,001,2025-10-16_18h28.54.608,Word Priming Experiment,,2025.1.1,118.33213218187181,2025-10-16 18h29.14.005139 +0530,
,255,15,12,,,c_s_,Case,old,case,[np.float64(-0.01375)],[np.float64(-0.28625)],[1],[0],[0],[2.2115388000383973],['text_3'],,,,,12,15,255,5,575.0667143000755,,,,,,,,575.0447063000174,575.0667143000755,575.0667143000755,575.0667143000755,0.0046657000202685595,577.2583776999963,case,[np.float64(-0.01375)],[np.float64(-0.28625)],[1],[0],[0],[2.2115388000383973],['text_3'],Participant 02,001,2025-10-16_18h28.54.608,Word Priming Experiment,,2025.1.1,118.33213218187181,2025-10-16 18h29.14.005139 +0530,
,256,16,12,,,P_st_r,Poster,old,pastry,[np.float64(-0.01375)],[np.float64(-0.28625)],[1],[0],[0],[1.6422811000375077],['text_3'],,,,,12,16,256,9,577.2840174000012,,,,,,,,577.2617334000533,577.2840174000012,577.2840174000012,577.2840174000012,0.003213200019672513,578.9065173000563,pastry,[np.float64(-0.01375)],[np.float64(-0.28625)],[1],[0],[0],[1.6422811000375077],['text_3'],Participant 02,001,2025-10-16_18h28.54.608,Word Priming Experiment,,2025.1.1,118.33213218187181,2025-10-16 18h29.14.005139 +0530,
,257,17,12,,,_ho_e,Phone,old,phone,[np.float64(-0.01375)],[np.float64(-0.28625)],[1],[0],[0],[3.025206199963577],['text_3'],,,,,12,17,257,12,578.9336612999905,,,,,,,,578.9113558999961,578.9336612999905,578.9336612999905,578.9336612999905,0.004659899976104498,581.9393399000401,phone,[np.float64(-0.01375)],[np.float64(-0.28625)],[1],[0],[0],[3.025206199963577],['text_3'],Participant 02,001,2025-10-16_18h28.54.608,Word Priming Experiment,,2025.1.1,118.33213218187181,2025-10-16 18h29.14.005139 +0530,
,258,18,12,,,_ru_is_,Cruise,old,cruise,[np.float64(-0.01375)],[np.float64(-0.28625)],[1],[0],[0],[1.7095700999489054],['text_3'],,,,,12,18,258,6,581.966598900035,,,,,,,,581.9425226000603,581.966598900035,581.966598900035,581.966598900035,0.0028785000322386622,583.6544714000775,cruise,[np.float64(-0.01375)],[np.float64(-0.28625)],[1],[0],[0],[1.7095700999489054],['text_3'],Participant 02,001,2025-10-16_18h28.54.608,Word Priming Experiment,,2025.1.1,118.33213218187181,2025-10-16 18h29.14.005139 +0530,
,259,19,12,,,_a_bl_,Marble,old,marble,[np.float64(-0.01375)],[np.float64(-0.28625)],[1],[0],[0],[2.3139383000088856],['text_3'],,,,,12,19,259,11,583.6676421000157,,,,,,,,583.6572613000171,583.6676421000157,583.6676421000157,583.6676421000157,0.0026392999570816755,585.9731969999848,marble,[np.float64(-0.01375)],[np.float64(-0.28625)],[1],[0],[0],[2.3139383000088856],['text_3'],Participant 02,001,2025-10-16_18h28.54.608,Word Priming Experiment,,2025.1.1,118.33213218187181,2025-10-16 18h29.14.005139 +0530,
,260,0,13,,,_ho_e,Phone,old,phone,[np.float64(-0.01375)],[np.float64(-0.28625)],[1],[0],[0],[2.4262491998961195],['text_3'],,,,,13,0,260,12,586.0004453000147,,,,,,,,585.976318800007,586.0004453000147,586.0004453000147,586.0004453000147,0.0029700000304728746,588.4061199000571,phone,[np.float64(-0.01375)],[np.float64(-0.28625)],[1],[0],[0],[2.4262491998961195],['text_3'],Participant 02,001,2025-10-16_18h28.54.608,Word Priming Experiment,,2025.1.1,118.33213218187181,2025-10-16 18h29.14.005139 +0530,
,261,1,13,,,T_hi_t,Tshirt,old,tshirt,[np.float64(-0.01375)],[np.float64(-0.28625)],[1],[0],[0],[1.611137400032021],['text_3'],,,,,13,1,261,2,588.4333514000755,,,,,,,,588.4107110000914,588.4333514000755,588.4333514000755,588.4333514000755,0.004296400002203882,590.024237500038,tshirt,[np.float64(-0.01375)],[np.float64(-0.28625)],[1],[0],[0],[1.611137400032021],['text_3'],Participant 02,001,2025-10-16_18h28.54.608,Word Priming Experiment,,2025.1.1,118.33213218187181,2025-10-16 18h29.14.005139 +0530,
,262,2,13,,,p_nc_l,Pencil,new,panicle,[np.float64(-0.01375)],[np.float64(-0.28625)],[1],[0],[0],[2.041819200036116],['text_3'],,,,,13,2,262,16,590.0502634000732,,,,,,,,590.02805120009,590.0502634000732,590.0502634000732,590.0502634000732,0.00362099998164922,592.0715725000482,panicle,[np.float64(-0.01375)],[np.float64(-0.28625)],[1],[0],[0],[2.041819200036116],['text_3'],Participant 02,001,2025-10-16_18h28.54.608,Word Priming Experiment,,2025.1.1,118.33213218187181,2025-10-16 18h29.14.005139 +0530,
,263,3,13,,,P_as_tr_,Pastry,old,pastry,[np.float64(-0.01375)],[np.float64(-0.28625)],[1],[0],[0],[1.7655128000769764],['text_3'],,,,,13,3,263,4,592.1003389999969,,,,,,,,592.0749857000774,592.1003389999969,592.1003389999969,592.1003389999969,0.0032428998965770006,593.8420862000203,pastry,[np.float64(-0.01375)],[np.float64(-0.28625)],[1],[0],[0],[1.7655128000769764],['text_3'],Participant 02,001,2025-10-16_18h28.54.608,Word Priming Experiment,,2025.1.1,118.33213218187181,2025-10-16 18h29.14.005139 +0530,
,264,4,13,,,_ha_t,Chart,old,chart,[np.float64(-0.01375)],[np.float64(-0.28625)],[1],[0],[0],[1.6428758000256494],['text_3'],,,,,13,4,264,1,593.866791700013,,,,,,,,593.8455648000818,593.866791700013,593.866791700013,593.866791700013,0.0033238999312743545,595.4906993000768,chart,[np.float64(-0.01375)],[np.float64(-0.28625)],[1],[0],[0],[1.6428758000256494],['text_3'],Participant 02,001,2025-10-16_18h28.54.608,Word Priming Experiment,,2025.1.1,118.33213218187181,2025-10-16 18h29.14.005139 +0530,
,265,5,13,,,P_li_e,Police,old,police,[np.float64(-0.01375)],[np.float64(-0.28625)],[1],[0],[0],[1.6761312999296933],['text_3'],,,,,13,5,265,7,595.5171905000461,,,,,,,,595.4952153000049,595.5171905000461,595.5171905000461,595.5171905000461,0.004322300083003938,597.1735293000238,police,[np.float64(-0.01375)],[np.float64(-0.28625)],[1],[0],[0],[1.6761312999296933],['text_3'],Participant 02,001,2025-10-16_18h28.54.608,Word Priming Experiment,,2025.1.1,118.33213218187181,2025-10-16 18h29.14.005139 +0530,
,266,6,13,,,P_st_r,Poster,old,pastry,[np.float64(-0.01375)],[np.float64(-0.28625)],[1],[0],[0],[2.0617110000457615],['text_3'],,,,,13,6,266,9,597.2003130000085,,,,,,,,597.1769686000189,597.2003130000085,597.2003130000085,597.2003130000085,0.003125299932435155,599.2414920000592,pastry,[np.float64(-0.01375)],[np.float64(-0.28625)],[1],[0],[0],[2.0617110000457615],['text_3'],Participant 02,001,2025-10-16_18h28.54.608,Word Priming Experiment,,2025.1.1,118.33213218187181,2025-10-16 18h29.14.005139 +0530,
,267,7,13,,,_o_rd,Board,old,board,[np.float64(-0.01375)],[np.float64(-0.28625)],[1],[0],[0],[2.006105999927968],['text_3'],,,,,13,7,267,10,599.2663098000921,,,,,,,,599.24654130009,599.2663098000921,599.2663098000921,599.2663098000921,0.004866599920205772,601.2559883000795,board,[np.float64(-0.01375)],[np.float64(-0.28625)],[1],[0],[0],[2.006105999927968],['text_3'],Participant 02,001,2025-10-16_18h28.54.608,Word Priming Experiment,,2025.1.1,118.33213218187181,2025-10-16 18h29.14.005139 +0530,
,268,8,13,,,ta_l_,Table,new,tally,[np.float64(-0.01375)],[np.float64(-0.28625)],[1],[0],[0],[1.5277290000813082],['text_3'],,,,,13,8,268,15,601.2832498000935,,,,,,,,601.2600844000699,601.2832498000935,601.2832498000935,601.2832498000935,0.0038161000702530146,602.7894030000316,tally,[np.float64(-0.01375)],[np.float64(-0.28625)],[1],[0],[0],[1.5277290000813082],['text_3'],Participant 02,001,2025-10-16_18h28.54.608,Word Priming Experiment,,2025.1.1,118.33213218187181,2025-10-16 18h29.14.005139 +0530,
,269,9,13,,,c_s_io_,Cushion,new,cushion,[np.float64(-0.01375)],[np.float64(-0.28625)],[1],[0],[0],[1.948497899924405],['text_3'],,,,,13,9,269,14,602.816825499991,,,,,,,,602.7922149000224,602.816825499991,602.816825499991,602.816825499991,0.0027088000206276774,604.7439481000183,cushion,[np.float64(-0.01375)],[np.float64(-0.28625)],[1],[0],[0],[1.948497899924405],['text_3'],Participant 02,001,2025-10-16_18h28.54.608,Word Priming Experiment,,2025.1.1,118.33213218187181,2025-10-16 18h29.14.005139 +0530,
,270,10,13,,,_ou_se,mouse,old,mouse,[np.float64(-0.01375)],[np.float64(-0.28625)],[1],[0],[0],[1.549643600010313],['text_3'],,,,,13,10,270,3,604.7672922000056,,,,,,,,604.7524819000391,604.7672922000056,604.7672922000056,604.7672922000056,0.008342299959622324,606.3050906000426,mouse,[np.float64(-0.01375)],[np.float64(-0.28625)],[1],[0],[0],[1.549643600010313],['text_3'],Participant 02,001,2025-10-16_18h28.54.608,Word Priming Experiment,,2025.1.1,118.33213218187181,2025-10-16 18h29.14.005139 +0530,
,271,11,13,,,bo_t_e,Bottle,new,bother,[np.float64(-0.01375)],[np.float64(-0.28625)],[1],[0],[0],[2.078051499905996],['text_3'],,,,,13,11,271,18,606.3331935000606,,,,,,,,606.3085668000858,606.3331935000606,606.3331935000606,606.3331935000606,0.003138400032185018,608.3883228000486,bother,[np.float64(-0.01375)],[np.float64(-0.28625)],[1],[0],[0],[2.078051499905996],['text_3'],Participant 02,001,2025-10-16_18h28.54.608,Word Priming Experiment,,2025.1.1,118.33213218187181,2025-10-16 18h29.14.005139 +0530,
,272,12,13,,,K_y_,Keys,old,keys,[np.float64(-0.01375)],[np.float64(-0.28625)],[1],[0],[0],[1.3821436000289395],['text_3'],,,,,13,12,272,8,608.4173707000446,,,,,,,,608.3908276000293,608.4173707000446,608.4173707000446,608.4173707000446,0.002355200005695224,609.7754458000418,keys,[np.float64(-0.01375)],[np.float64(-0.28625)],[1],[0],[0],[1.3821436000289395],['text_3'],Participant 02,001,2025-10-16_18h28.54.608,Word Priming Experiment,,2025.1.1,118.33213218187181,2025-10-16 18h29.14.005139 +0530,
,273,13,13,,,l_pt_p,Laptop,old,laptop,[np.float64(-0.01375)],[np.float64(-0.28625)],[1],[0],[0],[1.8236557999625802],['text_3'],,,,,13,13,273,0,609.7997724000597,,,,,,,,609.7811509000603,609.7997724000597,609.7997724000597,609.7997724000597,0.005524299922399223,611.6072783001,laptop,[np.float64(-0.01375)],[np.float64(-0.28625)],[1],[0],[0],[1.8236557999625802],['text_3'],Participant 02,001,2025-10-16_18h28.54.608,Word Priming Experiment,,2025.1.1,118.33213218187181,2025-10-16 18h29.14.005139 +0530,
,274,14,13,,,_oo_,Book,old,book,[np.float64(-0.01375)],[np.float64(-0.28625)],[1],[0],[0],[1.690779000055045],['text_3'],,,,,13,14,274,13,611.6332168000517,,,,,,,,611.6106623000233,611.6332168000517,611.6332168000517,611.6332168000517,0.00322239997331053,613.3030827000039,book,[np.float64(-0.01375)],[np.float64(-0.28625)],[1],[0],[0],[1.690779000055045],['text_3'],Participant 02,001,2025-10-16_18h28.54.608,Word Priming Experiment,,2025.1.1,118.33213218187181,2025-10-16 18h29.14.005139 +0530,
,275,15,13,,,_ru_is_,Cruise,old,cruise,[np.float64(-0.01375)],[np.float64(-0.28625)],[1],[0],[0],[1.7464789999648929],['text_3'],,,,,13,15,275,6,613.333173400024,,,,,,,,613.3069668000098,613.333173400024,613.333173400024,613.333173400024,0.0037468000082299113,615.0555215000641,cruise,[np.float64(-0.01375)],[np.float64(-0.28625)],[1],[0],[0],[1.7464789999648929],['text_3'],Participant 02,001,2025-10-16_18h28.54.608,Word Priming Experiment,,2025.1.1,118.33213218187181,2025-10-16 18h29.14.005139 +0530,
,276,16,13,,,v_s_,Vase,new,,[np.float64(-0.01375)],[np.float64(-0.28625)],[1],[0],[0],[0.7296228999039158],['text_3'],,,,,13,16,276,17,615.0832894000923,,,,,,,,615.0582118000602,615.0832894000923,615.0832894000923,615.0832894000923,0.0025325000751763582,615.7898196000606,,[np.float64(-0.01375)],[np.float64(-0.28625)],[1],[0],[0],[0.7296228999039158],['text_3'],Participant 02,001,2025-10-16_18h28.54.608,Word Priming Experiment,,2025.1.1,118.33213218187181,2025-10-16 18h29.14.005139 +0530,
,277,17,13,,,c_m_ra,Camera,new,,[np.float64(-0.01375)],[np.float64(-0.28625)],[1],[0],[0],[0.17625340004451573],['text_3'],,,,,13,17,277,19,615.8169297000859,,,,,,,,615.7932197999908,615.8169297000859,615.8169297000859,615.8169297000859,0.0030772999161854386,615.9710723999888,,[np.float64(-0.01375)],[np.float64(-0.28625)],[1],[0],[0],[0.17625340004451573],['text_3'],Participant 02,001,2025-10-16_18h28.54.608,Word Priming Experiment,,2025.1.1,118.33213218187181,2025-10-16 18h29.14.005139 +0530,
,278,18,13,,,c_s_,Case,old,,[np.float64(-0.01375)],[np.float64(-0.28625)],[1],[0],[0],[0.1299711000174284],['text_3'],,,,,13,18,278,5,615.9994409000501,,,,,,,,615.9741289000958,615.9994409000501,615.9994409000501,615.9994409000501,0.002938400022685528,616.1063165999949,,[np.float64(-0.01375)],[np.float64(-0.28625)],[1],[0],[0],[0.1299711000174284],['text_3'],Participant 02,001,2025-10-16_18h28.54.608,Word Priming Experiment,,2025.1.1,118.33213218187181,2025-10-16 18h29.14.005139 +0530,
,279,19,13,,,_a_bl_,Marble,old,,[np.float64(-0.01375)],[np.float64(-0.28625)],[1],[0],[0],[0.15527560003101826],['text_3'],,,,,13,19,279,11,616.1333512000274,,,,,,,,616.1108406001003,616.1333512000274,616.1333512000274,616.1333512000274,0.004371999995782971,616.2676010000287,,[np.float64(-0.01375)],[np.float64(-0.28625)],[1],[0],[0],[0.15527560003101826],['text_3'],Participant 02,001,2025-10-16_18h28.54.608,Word Priming Experiment,,2025.1.1,118.33213218187181,2025-10-16 18h29.14.005139 +0530,
,280,0,14,,,v_s_,Vase,new,visa,[np.float64(-0.01375)],[np.float64(-0.28625)],[1],[0],[0],[1.6671323000919074],['text_3'],,,,,14,0,280,17,616.2843911000527,,,,,,,,616.2694729000796,616.2843911000527,616.2843911000527,616.2843911000527,0.0017589000053703785,617.9383438000223,visa,[np.float64(-0.01375)],[np.float64(-0.28625)],[1],[0],[0],[1.6671323000919074],['text_3'],Participant 02,001,2025-10-16_18h28.54.608,Word Priming Experiment,,2025.1.1,118.33213218187181,2025-10-16 18h29.14.005139 +0530,
,281,1,14,,,_ha_t,Chart,old,chart,[np.float64(-0.01375)],[np.float64(-0.28625)],[1],[0],[0],[2.2286948999390006],['text_3'],,,,,14,1,281,1,617.966484200093,,,,,,,,617.9411128000356,617.966484200093,617.966484200093,617.966484200093,0.002620199928060174,620.1714954000199,chart,[np.float64(-0.01375)],[np.float64(-0.28625)],[1],[0],[0],[2.2286948999390006],['text_3'],Participant 02,001,2025-10-16_18h28.54.608,Word Priming Experiment,,2025.1.1,118.33213218187181,2025-10-16 18h29.14.005139 +0530,
,282,2,14,,,_o_rd,Board,old,board,[np.float64(-0.01375)],[np.float64(-0.28625)],[1],[0],[0],[1.9103464999934658],['text_3'],,,,,14,2,282,10,620.1998705000151,,,,,,,,620.1741930000717,620.1998705000151,620.1998705000151,620.1998705000151,0.002578499959781766,622.0865128000733,board,[np.float64(-0.01375)],[np.float64(-0.28625)],[1],[0],[0],[1.9103464999934658],['text_3'],Participant 02,001,2025-10-16_18h28.54.608,Word Priming Experiment,,2025.1.1,118.33213218187181,2025-10-16 18h29.14.005139 +0530,
,283,3,14,,,p_nc_l,Pencil,new,panicle,"[np.float64(0.0125), np.float64(-0.005)]","[np.float64(-0.23375), np.float64(-0.3)]","[1, 1]","[0, 0]","[0, 0]","[4.902241099975072, 6.599680299987085]","[None, 'text_3']",,,,,14,3,283,16,622.1031744000502,,,,,,,,622.0895423000911,622.1031744000502,622.1031744000502,622.1031744000502,0.00288459996227175,628.6909654000774,panicle,"[np.float64(0.0125), np.float64(-0.005)]","[np.float64(-0.23375), np.float64(-0.3)]","[1, 1]","[0, 0]","[0, 0]","[4.902241099975072, 6.599680299987085]","[None, 'text_3']",Participant 02,001,2025-10-16_18h28.54.608,Word Priming Experiment,,2025.1.1,118.33213218187181,2025-10-16 18h29.14.005139 +0530,
,284,4,14,,,_ru_is_,Cruise,old,cruise,[np.float64(-0.005)],[np.float64(-0.3)],[1],[0],[0],[1.546142700011842],['text_3'],,,,,14,4,284,6,628.7167689000489,,,,,,,,628.6944596000249,628.7167689000489,628.7167689000489,628.7167689000489,0.003344199969433248,630.2438525999896,cruise,[np.float64(-0.005)],[np.float64(-0.3)],[1],[0],[0],[1.546142700011842],['text_3'],Participant 02,001,2025-10-16_18h28.54.608,Word Priming Experiment,,2025.1.1,118.33213218187181,2025-10-16 18h29.14.005139 +0530,
,285,5,14,,,ta_l_,Table,new,tally,[np.float64(-0.005)],[np.float64(-0.3)],[1],[0],[0],[3.5716937999241054],['text_3'],,,,,14,5,285,15,630.2666848000372,,,,,,,,630.2490713000298,630.2666848000372,630.2666848000372,630.2666848000372,0.004973100032657385,633.8227601000108,tally,[np.float64(-0.005)],[np.float64(-0.3)],[1],[0],[0],[3.5716937999241054],['text_3'],Participant 02,001,2025-10-16_18h28.54.608,Word Priming Experiment,,2025.1.1,118.33213218187181,2025-10-16 18h29.14.005139 +0530,
,286,6,14,,,_oo_,Book,old,book,[np.float64(-0.005)],[np.float64(-0.3)],[1],[0],[0],[1.477337299962528],['text_3'],,,,,14,6,286,13,633.8498185999924,,,,,,,,633.8263792000944,633.8498185999924,633.8498185999924,633.8498185999924,0.0034395999973639846,635.305786699988,book,[np.float64(-0.005)],[np.float64(-0.3)],[1],[0],[0],[1.477337299962528],['text_3'],Participant 02,001,2025-10-16_18h28.54.608,Word Priming Experiment,,2025.1.1,118.33213218187181,2025-10-16 18h29.14.005139 +0530,
,287,7,14,,,P_st_r,Poster,old,pastry,[np.float64(-0.005)],[np.float64(-0.3)],[1],[0],[0],[1.7585957000264898],['text_3'],,,,,14,7,287,9,635.3330668000272,,,,,,,,635.3100315000629,635.3330668000272,635.3330668000272,635.3330668000272,0.004121399950236082,637.0716007000301,pastry,[np.float64(-0.005)],[np.float64(-0.3)],[1],[0],[0],[1.7585957000264898],['text_3'],Participant 02,001,2025-10-16_18h28.54.608,Word Priming Experiment,,2025.1.1,118.33213218187181,2025-10-16 18h29.14.005139 +0530,
,288,8,14,,,_ou_se,mouse,old,mouse,[np.float64(-0.005)],[np.float64(-0.3)],[1],[0],[0],[1.5764646000461653],['text_3'],,,,,14,8,288,3,637.0994436000474,,,,,,,,637.0742104999954,637.0994436000474,637.0994436000474,637.0994436000474,0.002484699944034219,638.6524988000747,mouse,[np.float64(-0.005)],[np.float64(-0.3)],[1],[0],[0],[1.5764646000461653],['text_3'],Participant 02,001,2025-10-16_18h28.54.608,Word Priming Experiment,,2025.1.1,118.33213218187181,2025-10-16 18h29.14.005139 +0530,
,289,9,14,,,P_li_e,Police,old,police,[np.float64(-0.005)],[np.float64(-0.3)],[1],[0],[0],[1.6651282999664545],['text_3'],,,,,14,9,289,7,638.6827640000265,,,,,,,,638.6564857000485,638.6827640000265,638.6827640000265,638.6827640000265,0.0038165999576449394,640.3248805000912,police,[np.float64(-0.005)],[np.float64(-0.3)],[1],[0],[0],[1.6651282999664545],['text_3'],Participant 02,001,2025-10-16_18h28.54.608,Word Priming Experiment,,2025.1.1,118.33213218187181,2025-10-16 18h29.14.005139 +0530,
,290,10,14,,,T_hi_t,Tshirt,old,tshirt,[np.float64(-0.005)],[np.float64(-0.3)],[1],[0],[0],[1.5068957000039518],['text_3'],,,,,14,10,290,2,640.3498970000073,,,,,,,,640.3297672000481,640.3498970000073,640.3498970000073,640.3498970000073,0.007166600087657571,641.8419442999875,tshirt,[np.float64(-0.005)],[np.float64(-0.3)],[1],[0],[0],[1.5068957000039518],['text_3'],Participant 02,001,2025-10-16_18h28.54.608,Word Priming Experiment,,2025.1.1,118.33213218187181,2025-10-16 18h29.14.005139 +0530,
,291,11,14,,,c_s_,Case,old,case,[np.float64(-0.005)],[np.float64(-0.3)],[1],[0],[0],[1.6208856999874115],['text_3'],,,,,14,11,291,5,641.866523600067,,,,,,,,641.8495000000112,641.866523600067,641.866523600067,641.866523600067,0.007393299951218069,643.4737939999904,case,[np.float64(-0.005)],[np.float64(-0.3)],[1],[0],[0],[1.6208856999874115],['text_3'],Participant 02,001,2025-10-16_18h28.54.608,Word Priming Experiment,,2025.1.1,118.33213218187181,2025-10-16 18h29.14.005139 +0530,
,292,12,14,,,c_s_io_,Cushion,new,cushion,[np.float64(-0.005)],[np.float64(-0.3)],[1],[0],[0],[3.159280400024727],['text_3'],,,,,14,12,292,14,643.499975200044,,,,,,,,643.4773716999916,643.499975200044,643.499975200044,643.499975200044,0.00336599990259856,646.6396443000995,cushion,[np.float64(-0.005)],[np.float64(-0.3)],[1],[0],[0],[3.159280400024727],['text_3'],Participant 02,001,2025-10-16_18h28.54.608,Word Priming Experiment,,2025.1.1,118.33213218187181,2025-10-16 18h29.14.005139 +0530,
,293,13,14,,,P_as_tr_,Pastry,old,pastry,[np.float64(-0.005)],[np.float64(-0.3)],[1],[0],[0],[1.4600549000315368],['text_3'],,,,,14,13,293,4,646.6666648000246,,,,,,,,646.6446158000035,646.6666648000246,646.6666648000246,646.6666648000246,0.004609900061041117,648.1076599000953,pastry,[np.float64(-0.005)],[np.float64(-0.3)],[1],[0],[0],[1.4600549000315368],['text_3'],Participant 02,001,2025-10-16_18h28.54.608,Word Priming Experiment,,2025.1.1,118.33213218187181,2025-10-16 18h29.14.005139 +0530,
,294,14,14,,,K_y_,Keys,old,keys,[np.float64(-0.005)],[np.float64(-0.3)],[1],[0],[0],[1.2929342000279576],['text_3'],,,,,14,14,294,8,648.1330131000141,,,,,,,,648.1102667000378,648.1330131000141,648.1330131000141,648.1330131000141,0.002453099936246872,649.4054568000138,keys,[np.float64(-0.005)],[np.float64(-0.3)],[1],[0],[0],[1.2929342000279576],['text_3'],Participant 02,001,2025-10-16_18h28.54.608,Word Priming Experiment,,2025.1.1,118.33213218187181,2025-10-16 18h29.14.005139 +0530,
,295,15,14,,,c_m_ra,Camera,new,comera,[np.float64(-0.005)],[np.float64(-0.3)],[1],[0],[0],[1.8625543999951333],['text_3'],,,,,14,15,295,19,649.4333064000821,,,,,,,,649.408960300032,649.4333064000821,649.4333064000821,649.4333064000821,0.0032956000650301576,651.2735907000024,comera,[np.float64(-0.005)],[np.float64(-0.3)],[1],[0],[0],[1.8625543999951333],['text_3'],Participant 02,001,2025-10-16_18h28.54.608,Word Priming Experiment,,2025.1.1,118.33213218187181,2025-10-16 18h29.14.005139 +0530,
,296,16,14,,,_ho_e,Phone,old,phone,[np.float64(-0.005)],[np.float64(-0.3)],[1],[0],[0],[3.093293000012636],['text_3'],,,,,14,16,296,12,651.3000606000423,,,,,,,,651.2767867000075,651.3000606000423,651.3000606000423,651.3000606000423,0.003008199972100556,654.3724462999962,phone,[np.float64(-0.005)],[np.float64(-0.3)],[1],[0],[0],[3.093293000012636],['text_3'],Participant 02,001,2025-10-16_18h28.54.608,Word Priming Experiment,,2025.1.1,118.33213218187181,2025-10-16 18h29.14.005139 +0530,
,297,17,14,,,l_pt_p,Laptop,old,laptop,[np.float64(-0.005)],[np.float64(-0.3)],[1],[0],[0],[1.5959975000005215],['text_3'],,,,,14,17,297,0,654.3996029000264,,,,,,,,654.3755167000927,654.3996029000264,654.3996029000264,654.3996029000264,0.0029124999418854713,655.9733022000873,laptop,[np.float64(-0.005)],[np.float64(-0.3)],[1],[0],[0],[1.5959975000005215],['text_3'],Participant 02,001,2025-10-16_18h28.54.608,Word Priming Experiment,,2025.1.1,118.33213218187181,2025-10-16 18h29.14.005139 +0530,
,298,18,14,,,bo_t_e,Bottle,new,bother,[np.float64(-0.005)],[np.float64(-0.3)],[1],[0],[0],[1.7772545999614522],['text_3'],,,,,14,18,298,18,655.9995594000211,,,,,,,,655.9776611000998,655.9995594000211,655.9995594000211,655.9995594000211,0.004231799975968897,657.7588531000074,bother,[np.float64(-0.005)],[np.float64(-0.3)],[1],[0],[0],[1.7772545999614522],['text_3'],Participant 02,001,2025-10-16_18h28.54.608,Word Priming Experiment,,2025.1.1,118.33213218187181,2025-10-16 18h29.14.005139 +0530,
,299,19,14,,,_a_bl_,Marble,old,marble,[np.float64(-0.005)],[np.float64(-0.3)],[1],[0],[0],[1.5360242000315338],['text_3'],,,,,14,19,299,11,657.7832237000111,,,,,,,,657.7682449000422,657.7832237000111,657.7832237000111,657.7832237000111,0.009168800082989037,659.3064409000799,marble,[np.float64(-0.005)],[np.float64(-0.3)],[1],[0],[0],[1.5360242000315338],['text_3'],Participant 02,001,2025-10-16_18h28.54.608,Word Priming Experiment,,2025.1.1,118.33213218187181,2025-10-16 18h29.14.005139 +0530,
,300,0,15,,,_ha_t,Chart,old,chart,[np.float64(-0.005)],[np.float64(-0.3)],[1],[0],[0],[1.7103479999350384],['text_3'],,,,,15,0,300,1,659.3326671000104,,,,,,,,659.3108539000386,659.3326671000104,659.3326671000104,659.3326671000104,0.004256400046870112,661.02471040003,chart,[np.float64(-0.005)],[np.float64(-0.3)],[1],[0],[0],[1.7103479999350384],['text_3'],Participant 02,001,2025-10-16_18h28.54.608,Word Priming Experiment,,2025.1.1,118.33213218187181,2025-10-16 18h29.14.005139 +0530,
,301,1,15,,,bo_t_e,Bottle,new,bother,[np.float64(-0.005)],[np.float64(-0.3)],[1],[0],[0],[1.438501099939458],['text_3'],,,,,15,1,301,18,661.0500675000949,,,,,,,,661.0335308000213,661.0500675000949,661.0500675000949,661.0500675000949,0.008614699938334525,662.4756208000472,bother,[np.float64(-0.005)],[np.float64(-0.3)],[1],[0],[0],[1.438501099939458],['text_3'],Participant 02,001,2025-10-16_18h28.54.608,Word Priming Experiment,,2025.1.1,118.33213218187181,2025-10-16 18h29.14.005139 +0530,
,302,2,15,,,_ou_se,mouse,old,mouse,[np.float64(-0.005)],[np.float64(-0.3)],[1],[0],[0],[2.385622499976307],['text_3'],,,,,15,2,302,3,662.4994777000975,,,,,,,,662.4840335000772,662.4994777000975,662.4994777000975,662.4994777000975,0.008189999964088202,664.8742915000767,mouse,[np.float64(-0.005)],[np.float64(-0.3)],[1],[0],[0],[2.385622499976307],['text_3'],Participant 02,001,2025-10-16_18h28.54.608,Word Priming Experiment,,2025.1.1,118.33213218187181,2025-10-16 18h29.14.005139 +0530,
,303,3,15,,,_a_bl_,Marble,old,marble,[np.float64(-0.005)],[np.float64(-0.3)],[1],[0],[0],[1.8738652999745682],['text_3'],,,,,15,3,303,11,664.8994948000181,,,,,,,,664.879086400033,664.8994948000181,664.8994948000181,664.8994948000181,0.004519900074228644,666.7561619000044,marble,[np.float64(-0.005)],[np.float64(-0.3)],[1],[0],[0],[1.8738652999745682],['text_3'],Participant 02,001,2025-10-16_18h28.54.608,Word Priming Experiment,,2025.1.1,118.33213218187181,2025-10-16 18h29.14.005139 +0530,
,304,4,15,,,p_nc_l,Pencil,new,panicle,[np.float64(-0.005)],[np.float64(-0.3)],[1],[0],[0],[1.910396600025706],['text_3'],,,,,15,4,304,16,666.7838553000474,,,,,,,,666.7603012000909,666.7838553000474,666.7838553000474,666.7838553000474,0.0039351999294012785,668.6742700000759,panicle,[np.float64(-0.005)],[np.float64(-0.3)],[1],[0],[0],[1.910396600025706],['text_3'],Participant 02,001,2025-10-16_18h28.54.608,Word Priming Experiment,,2025.1.1,118.33213218187181,2025-10-16 18h29.14.005139 +0530,
,305,5,15,,,_oo_,Book,old,book,[np.float64(-0.005)],[np.float64(-0.3)],[1],[0],[0],[2.9586134999990463],['text_3'],,,,,15,5,305,13,668.6994374000933,,,,,,,,668.6783697000938,668.6994374000933,668.6994374000933,668.6994374000933,0.003917699912562966,671.6397026000777,book,[np.float64(-0.005)],[np.float64(-0.3)],[1],[0],[0],[2.9586134999990463],['text_3'],Participant 02,001,2025-10-16_18h28.54.608,Word Priming Experiment,,2025.1.1,118.33213218187181,2025-10-16 18h29.14.005139 +0530,
,306,6,15,,,T_hi_t,Tshirt,old,tshort,[np.float64(-0.005)],[np.float64(-0.3)],[1],[0],[0],[1.845151000074111],['text_3'],,,,,15,6,306,2,671.6659610000206,,,,,,,,671.643295200076,671.6659610000206,671.6659610000206,671.6659610000206,0.003419400076381862,673.4913070000475,tshort,[np.float64(-0.005)],[np.float64(-0.3)],[1],[0],[0],[1.845151000074111],['text_3'],Participant 02,001,2025-10-16_18h28.54.608,Word Priming Experiment,,2025.1.1,118.33213218187181,2025-10-16 18h29.14.005139 +0530,
,307,7,15,,,_ru_is_,Cruise,old,cruise,[np.float64(-0.005)],[np.float64(-0.3)],[1],[0],[0],[3.852140999981202],['text_3'],,,,,15,7,307,6,673.5159891000949,,,,,,,,673.4986030000728,673.5159891000949,673.5159891000949,673.5159891000949,0.006987400003708899,677.3544774000766,cruise,[np.float64(-0.005)],[np.float64(-0.3)],[1],[0],[0],[3.852140999981202],['text_3'],Participant 02,001,2025-10-16_18h28.54.608,Word Priming Experiment,,2025.1.1,118.33213218187181,2025-10-16 18h29.14.005139 +0530,
,308,8,15,,,ta_l_,Table,new,tally,[np.float64(-0.005)],[np.float64(-0.3)],[1],[0],[0],[3.3123144999844953],['text_3'],,,,,15,8,308,15,677.3825306000654,,,,,,,,677.3589804000221,677.3825306000654,677.3825306000654,677.3825306000654,0.00428490003105253,680.6736695000436,tally,[np.float64(-0.005)],[np.float64(-0.3)],[1],[0],[0],[3.3123144999844953],['text_3'],Participant 02,001,2025-10-16_18h28.54.608,Word Priming Experiment,,2025.1.1,118.33213218187181,2025-10-16 18h29.14.005139 +0530,
,309,9,15,,,_ho_e,Phone,old,phone,[np.float64(-0.005)],[np.float64(-0.3)],[1],[0],[0],[2.743608699995093],['text_3'],,,,,15,9,309,12,680.6991561000468,,,,,,,,680.676743100048,680.6991561000468,680.6991561000468,680.6991561000468,0.002927500056102872,683.4221796999918,phone,[np.float64(-0.005)],[np.float64(-0.3)],[1],[0],[0],[2.743608699995093],['text_3'],Participant 02,001,2025-10-16_18h28.54.608,Word Priming Experiment,,2025.1.1,118.33213218187181,2025-10-16 18h29.14.005139 +0530,
,310,10,15,,,P_li_e,Police,old,police,[np.float64(-0.005)],[np.float64(-0.3)],[1],[0],[0],[1.927164199994877],['text_3'],,,,,15,10,310,7,683.4488506000489,,,,,,,,683.4252520999871,683.4488506000489,683.4488506000489,683.4488506000489,0.0029238000279292464,685.35500770004,police,[np.float64(-0.005)],[np.float64(-0.3)],[1],[0],[0],[1.927164199994877],['text_3'],Participant 02,001,2025-10-16_18h28.54.608,Word Priming Experiment,,2025.1.1,118.33213218187181,2025-10-16 18h29.14.005139 +0530,
,311,11,15,,,_o_rd,Board,old,board,[np.float64(-0.005)],[np.float64(-0.3)],[1],[0],[0],[2.746414199937135],['text_3'],,,,,15,11,311,10,685.3828388000838,,,,,,,,685.3578793000197,685.3828388000838,685.3828388000838,685.3828388000838,0.0027300999499857426,688.1070392000256,board,[np.float64(-0.005)],[np.float64(-0.3)],[1],[0],[0],[2.746414199937135],['text_3'],Participant 02,001,2025-10-16_18h28.54.608,Word Priming Experiment,,2025.1.1,118.33213218187181,2025-10-16 18h29.14.005139 +0530,
,312,12,15,,,P_as_tr_,Pastry,old,pastry,[np.float64(-0.005)],[np.float64(-0.3)],[1],[0],[0],[1.6371775000588968],['text_3'],,,,,15,12,312,4,688.1493722000159,,,,,,,,688.1165149000008,688.1493722000159,688.1493722000159,688.1493722000159,0.009335000067949295,689.7561042000307,pastry,[np.float64(-0.005)],[np.float64(-0.3)],[1],[0],[0],[1.6371775000588968],['text_3'],Participant 02,001,2025-10-16_18h28.54.608,Word Priming Experiment,,2025.1.1,118.33213218187181,2025-10-16 18h29.14.005139 +0530,
,313,13,15,,,c_s_io_,Cushion,new,cushion,[np.float64(-0.005)],[np.float64(-0.3)],[1],[0],[0],[2.3275697000790387],['text_3'],,,,,15,13,313,14,689.7824675000738,,,,,,,,689.7592074000277,689.7824675000738,689.7824675000738,689.7824675000738,0.0029570000478997827,692.0898752000649,cushion,[np.float64(-0.005)],[np.float64(-0.3)],[1],[0],[0],[2.3275697000790387],['text_3'],Participant 02,001,2025-10-16_18h28.54.608,Word Priming Experiment,,2025.1.1,118.33213218187181,2025-10-16 18h29.14.005139 +0530,
,314,14,15,,,c_s_,Case,old,case,[np.float64(-0.005)],[np.float64(-0.3)],[1],[0],[0],[1.5100821000523865],['text_3'],,,,,15,14,314,5,692.1157742000651,,,,,,,,692.0935463000787,692.1157742000651,692.1157742000651,692.1157742000651,0.003459500032477081,693.6065562000731,case,[np.float64(-0.005)],[np.float64(-0.3)],[1],[0],[0],[1.5100821000523865],['text_3'],Participant 02,001,2025-10-16_18h28.54.608,Word Priming Experiment,,2025.1.1,118.33213218187181,2025-10-16 18h29.14.005139 +0530,
,315,15,15,,,v_s_,Vase,new,visa,[np.float64(-0.005)],[np.float64(-0.3)],[1],[0],[0],[2.3940868999343365],['text_3'],,,,,15,15,315,17,693.6327362000011,,,,,,,,693.6104344000341,693.6327362000011,693.6327362000011,693.6327362000011,0.0036857000086456537,696.0083829000359,visa,[np.float64(-0.005)],[np.float64(-0.3)],[1],[0],[0],[2.3940868999343365],['text_3'],Participant 02,001,2025-10-16_18h28.54.608,Word Priming Experiment,,2025.1.1,118.33213218187181,2025-10-16 18h29.14.005139 +0530,
,316,16,15,,,l_pt_p,Laptop,old,laptop,[np.float64(-0.005)],[np.float64(-0.3)],[1],[0],[0],[1.7707284999778494],['text_3'],,,,,15,16,316,0,696.0323063000105,,,,,,,,696.0155532000354,696.0323063000105,696.0323063000105,696.0323063000105,0.00694580003619194,697.7883838000707,laptop,[np.float64(-0.005)],[np.float64(-0.3)],[1],[0],[0],[1.7707284999778494],['text_3'],Participant 02,001,2025-10-16_18h28.54.608,Word Priming Experiment,,2025.1.1,118.33213218187181,2025-10-16 18h29.14.005139 +0530,
,317,17,15,,,K_y_,Keys,old,keys,[np.float64(-0.005)],[np.float64(-0.3)],[1],[0],[0],[1.2930660999845713],['text_3'],,,,,15,17,317,8,697.8156698000384,,,,,,,,697.7916272000875,697.8156698000384,697.8156698000384,697.8156698000384,0.003101999987848103,699.0868653000798,keys,[np.float64(-0.005)],[np.float64(-0.3)],[1],[0],[0],[1.2930660999845713],['text_3'],Participant 02,001,2025-10-16_18h28.54.608,Word Priming Experiment,,2025.1.1,118.33213218187181,2025-10-16 18h29.14.005139 +0530,
,318,18,15,,,P_st_r,Poster,old,pastry,[np.float64(-0.005)],[np.float64(-0.3)],[1],[0],[0],[1.8788439000491053],['text_3'],,,,,15,18,318,9,699.1158616000321,,,,,,,,699.0892925000517,699.1158616000321,699.1158616000321,699.1158616000321,0.002310600015334785,700.9705101000145,pastry,[np.float64(-0.005)],[np.float64(-0.3)],[1],[0],[0],[1.8788439000491053],['text_3'],Participant 02,001,2025-10-16_18h28.54.608,Word Priming Experiment,,2025.1.1,118.33213218187181,2025-10-16 18h29.14.005139 +0530,
,319,19,15,,,c_m_ra,Camera,new,camera,[np.float64(-0.005)],[np.float64(-0.3)],[1],[0],[0],[2.4960026000626385],['text_3'],,,,,15,19,319,19,700.9991070000688,,,,,,,,700.973738300032,700.9991070000688,700.9991070000688,700.9991070000688,0.0030753000173717737,703.4737475999864,camera,[np.float64(-0.005)],[np.float64(-0.3)],[1],[0],[0],[2.4960026000626385],['text_3'],Participant 02,001,2025-10-16_18h28.54.608,Word Priming Experiment,,2025.1.1,118.33213218187181,2025-10-16 18h29.14.005139 +0530,
,320,0,16,,,_a_bl_,Marble,old,marble,[np.float64(-0.005)],[np.float64(-0.3)],[1],[0],[0],[2.9079195000231266],['text_3'],,,,,16,0,320,11,703.4992427000543,,,,,,,,703.4778484000126,703.4992427000543,703.4992427000543,703.4992427000543,0.0038841000059619546,706.3877639001003,marble,[np.float64(-0.005)],[np.float64(-0.3)],[1],[0],[0],[2.9079195000231266],['text_3'],Participant 02,001,2025-10-16_18h28.54.608,Word Priming Experiment,,2025.1.1,118.33213218187181,2025-10-16 18h29.14.005139 +0530,
,321,1,16,,,ta_l_,Table,new,tally,[np.float64(-0.005)],[np.float64(-0.3)],[1],[0],[0],[2.1458650999702513],['text_3'],,,,,16,1,321,15,706.4162276000716,,,,,,,,706.3909133000998,706.4162276000716,706.4162276000716,706.4162276000716,0.003001700039021671,708.5397333999863,tally,[np.float64(-0.005)],[np.float64(-0.3)],[1],[0],[0],[2.1458650999702513],['text_3'],Participant 02,001,2025-10-16_18h28.54.608,Word Priming Experiment,,2025.1.1,118.33213218187181,2025-10-16 18h29.14.005139 +0530,
,322,2,16,,,l_pt_p,Laptop,old,laptop,[np.float64(-0.005)],[np.float64(-0.3)],[1],[0],[0],[1.6385842999443412],['text_3'],,,,,16,2,322,0,708.5657815000741,,,,,,,,708.5453223000513,708.5657815000741,708.5657815000741,708.5657815000741,0.005367100005969405,710.1866750000045,laptop,[np.float64(-0.005)],[np.float64(-0.3)],[1],[0],[0],[1.6385842999443412],['text_3'],Participant 02,001,2025-10-16_18h28.54.608,Word Priming Experiment,,2025.1.1,118.33213218187181,2025-10-16 18h29.14.005139 +0530,
,323,3,16,,,p_nc_l,Pencil,new,panicle,[np.float64(-0.005)],[np.float64(-0.3)],[1],[0],[0],[1.863556299940683],['text_3'],,,,,16,3,323,16,710.215852900059,,,,,,,,710.1903949000407,710.215852900059,710.215852900059,710.215852900059,0.0035493000177666545,712.0569444000721,panicle,[np.float64(-0.005)],[np.float64(-0.3)],[1],[0],[0],[1.863556299940683],['text_3'],Participant 02,001,2025-10-16_18h28.54.608,Word Priming Experiment,,2025.1.1,118.33213218187181,2025-10-16 18h29.14.005139 +0530,
,324,4,16,,,c_m_ra,Camera,new,comera,[np.float64(-0.005)],[np.float64(-0.3)],[1],[0],[0],[2.34272250009235],['text_3'],,,,,16,4,324,19,712.0823368000565,,,,,,,,712.0605494000483,712.0823368000565,712.0823368000565,712.0823368000565,0.0034317999379709363,714.4077615001006,comera,[np.float64(-0.005)],[np.float64(-0.3)],[1],[0],[0],[2.34272250009235],['text_3'],Participant 02,001,2025-10-16_18h28.54.608,Word Priming Experiment,,2025.1.1,118.33213218187181,2025-10-16 18h29.14.005139 +0530,
,325,5,16,,,K_y_,Keys,old,keys,[np.float64(-0.005)],[np.float64(-0.3)],[1],[0],[0],[1.4074980000732467],['text_3'],,,,,16,5,325,8,714.4320146000246,,,,,,,,714.4108531000093,714.4320146000246,714.4320146000246,714.4320146000246,0.0029066000133752823,715.8211233000038,keys,[np.float64(-0.005)],[np.float64(-0.3)],[1],[0],[0],[1.4074980000732467],['text_3'],Participant 02,001,2025-10-16_18h28.54.608,Word Priming Experiment,,2025.1.1,118.33213218187181,2025-10-16 18h29.14.005139 +0530,
,326,6,16,,,v_s_,Vase,new,visa,[np.float64(-0.005)],[np.float64(-0.3)],[1],[0],[0],[1.3125768000027165],['text_3'],,,,,16,6,326,17,715.8487503000069,,,,,,,,715.8242227000883,715.8487503000069,715.8487503000069,715.8487503000069,0.0029576000524684787,717.1393915000372,visa,[np.float64(-0.005)],[np.float64(-0.3)],[1],[0],[0],[1.3125768000027165],['text_3'],Participant 02,001,2025-10-16_18h28.54.608,Word Priming Experiment,,2025.1.1,118.33213218187181,2025-10-16 18h29.14.005139 +0530,
,327,7,16,,,c_s_io_,Cushion,new,,[np.float64(-0.005)],[np.float64(-0.3)],[1],[0],[0],[0.7414224999956787],['text_3'],,,,,16,7,327,14,717.1658263000427,,,,,,,,717.1451115000527,717.1658263000427,717.1658263000427,717.1658263000427,0.005232600029557943,717.8909341000253,,[np.float64(-0.005)],[np.float64(-0.3)],[1],[0],[0],[0.7414224999956787],['text_3'],Participant 02,001,2025-10-16_18h28.54.608,Word Priming Experiment,,2025.1.1,118.33213218187181,2025-10-16 18h29.14.005139 +0530,
,328,8,16,,,T_hi_t,Tshirt,old,,[np.float64(-0.005)],[np.float64(-0.3)],[1],[0],[0],[0.18959470000118017],['text_3'],,,,,16,8,328,2,717.9157583999913,,,,,,,,717.8961428999901,717.9157583999913,717.9157583999913,717.9157583999913,0.004929999937303364,718.0892111000139,,[np.float64(-0.005)],[np.float64(-0.3)],[1],[0],[0],[0.18959470000118017],['text_3'],Participant 02,001,2025-10-16_18h28.54.608,Word Priming Experiment,,2025.1.1,118.33213218187181,2025-10-16 18h29.14.005139 +0530,
,329,9,16,,,_o_rd,Board,old,,[np.float64(-0.005)],[np.float64(-0.3)],[1],[0],[0],[0.11058500001672655],['text_3'],,,,,16,9,329,10,718.1154929000186,,,,,,,,718.0927477000514,718.1154929000186,718.1154929000186,718.1154929000186,0.003309600055217743,718.2050947000971,,[np.float64(-0.005)],[np.float64(-0.3)],[1],[0],[0],[0.11058500001672655],['text_3'],Participant 02,001,2025-10-16_18h28.54.608,Word Priming Experiment,,2025.1.1,118.33213218187181,2025-10-16 18h29.14.005139 +0530,
,330,10,16,,,_ru_is_,Cruise,old,,[np.float64(-0.005)],[np.float64(-0.3)],[1],[0],[0],[0.12737210001796484],['text_3'],,,,,16,10,330,6,718.2329309000634,,,,,,,,718.2094290000387,718.2329309000634,718.2329309000634,718.2329309000634,0.004205700010061264,718.3403463000432,,[np.float64(-0.005)],[np.float64(-0.3)],[1],[0],[0],[0.12737210001796484],['text_3'],Participant 02,001,2025-10-16_18h28.54.608,Word Priming Experiment,,2025.1.1,118.33213218187181,2025-10-16 18h29.14.005139 +0530,
,331,11,16,,,_ou_se,mouse,old,,[np.float64(-0.005)],[np.float64(-0.3)],[1],[0],[0],[0.10974159999750555],['text_3'],,,,,16,11,331,3,718.3657321000937,,,,,,,,718.3433403000236,718.3657321000937,718.3657321000937,718.3657321000937,0.0028454000130295753,718.4553257999942,,[np.float64(-0.005)],[np.float64(-0.3)],[1],[0],[0],[0.10974159999750555],['text_3'],Participant 02,001,2025-10-16_18h28.54.608,Word Priming Experiment,,2025.1.1,118.33213218187181,2025-10-16 18h29.14.005139 +0530,
,332,12,16,,,P_li_e,Police,old,police,[np.float64(-0.005)],[np.float64(-0.3)],[1],[0],[0],[1.6944191999500617],['text_3'],,,,,16,12,332,7,718.4824932999909,,,,,,,,718.4586272999877,718.4824932999909,718.4824932999909,718.4824932999909,0.0031753000803291798,720.1555598000996,police,[np.float64(-0.005)],[np.float64(-0.3)],[1],[0],[0],[1.6944191999500617],['text_3'],Participant 02,001,2025-10-16_18h28.54.608,Word Priming Experiment,,2025.1.1,118.33213218187181,2025-10-16 18h29.14.005139 +0530,
,333,13,16,,,_oo_,Book,old,book,[np.float64(-0.005)],[np.float64(-0.3)],[1],[0],[0],[1.5760845999466255],['text_3'],,,,,16,13,333,13,720.1814542000648,,,,,,,,720.1586222000187,720.1814542000648,720.1814542000648,720.1814542000648,0.0029106999281793833,721.738070600084,book,[np.float64(-0.005)],[np.float64(-0.3)],[1],[0],[0],[1.5760845999466255],['text_3'],Participant 02,001,2025-10-16_18h28.54.608,Word Priming Experiment,,2025.1.1,118.33213218187181,2025-10-16 18h29.14.005139 +0530,
,334,14,16,,,_ho_e,Phone,old,phone,[np.float64(-0.005)],[np.float64(-0.3)],[1],[0],[0],[2.563125199987553],['text_3'],,,,,16,14,334,12,721.7658014000626,,,,,,,,721.741071299999,721.7658014000626,721.7658014000626,721.7658014000626,0.002845199895091355,724.3072528000921,phone,[np.float64(-0.005)],[np.float64(-0.3)],[1],[0],[0],[2.563125199987553],['text_3'],Participant 02,001,2025-10-16_18h28.54.608,Word Priming Experiment,,2025.1.1,118.33213218187181,2025-10-16 18h29.14.005139 +0530,
,335,15,16,,,P_st_r,Poster,old,pastry,[np.float64(-0.005)],[np.float64(-0.3)],[1],[0],[0],[1.9579545999877155],['text_3'],,,,,16,15,335,9,724.332452600007,,,,,,,,724.3101107000839,724.332452600007,724.332452600007,724.332452600007,0.0026937000220641494,726.269675699994,pastry,[np.float64(-0.005)],[np.float64(-0.3)],[1],[0],[0],[1.9579545999877155],['text_3'],Participant 02,001,2025-10-16_18h28.54.608,Word Priming Experiment,,2025.1.1,118.33213218187181,2025-10-16 18h29.14.005139 +0530,
,336,16,16,,,_ha_t,Chart,old,chart,[np.float64(-0.005)],[np.float64(-0.3)],[1],[0],[0],[1.5144442999735475],['text_3'],,,,,16,16,336,1,726.2831270000897,,,,,,,,726.2716631999938,726.2831270000897,726.2831270000897,726.2831270000897,0.0018704000394791365,727.7904421000276,chart,[np.float64(-0.005)],[np.float64(-0.3)],[1],[0],[0],[1.5144442999735475],['text_3'],Participant 02,001,2025-10-16_18h28.54.608,Word Priming Experiment,,2025.1.1,118.33213218187181,2025-10-16 18h29.14.005139 +0530,
,337,17,16,,,P_as_tr_,Pastry,old,pastry,[np.float64(-0.005)],[np.float64(-0.3)],[1],[0],[0],[1.610000399989076],['text_3'],,,,,16,17,337,4,727.8157494000625,,,,,,,,727.7943119000411,727.8157494000625,727.8157494000625,727.8157494000625,0.0036206000950187445,729.4075910000829,pastry,[np.float64(-0.005)],[np.float64(-0.3)],[1],[0],[0],[1.610000399989076],['text_3'],Participant 02,001,2025-10-16_18h28.54.608,Word Priming Experiment,,2025.1.1,118.33213218187181,2025-10-16 18h29.14.005139 +0530,
,338,18,16,,,bo_t_e,Bottle,new,bother,[np.float64(-0.005)],[np.float64(-0.3)],[1],[0],[0],[2.035158699960448],['text_3'],,,,,16,18,338,18,729.432693800074,,,,,,,,729.4140873000724,729.432693800074,729.432693800074,729.432693800074,0.006245899945497513,731.4521929000039,bother,[np.float64(-0.005)],[np.float64(-0.3)],[1],[0],[0],[2.035158699960448],['text_3'],Participant 02,001,2025-10-16_18h28.54.608,Word Priming Experiment,,2025.1.1,118.33213218187181,2025-10-16 18h29.14.005139 +0530,
,339,19,16,,,c_s_,Case,old,case,[np.float64(-0.005)],[np.float64(-0.3)],[1],[0],[0],[1.7145453999983147],['text_3'],,,,,16,19,339,5,731.4821714999853,,,,,,,,731.4562619000208,731.4821714999853,731.4821714999853,731.4821714999853,0.0038460000650957227,733.1728618000634,case,[np.float64(-0.005)],[np.float64(-0.3)],[1],[0],[0],[1.7145453999983147],['text_3'],Participant 02,001,2025-10-16_18h28.54.608,Word Priming Experiment,,2025.1.1,118.33213218187181,2025-10-16 18h29.14.005139 +0530,
,340,0,17,,,P_li_e,Police,old,police,[np.float64(-0.005)],[np.float64(-0.3)],[1],[0],[0],[1.6092734000412747],['text_3'],,,,,17,0,340,7,733.2005078000948,,,,,,,,733.1758648999967,733.2005078000948,733.2005078000948,733.2005078000948,0.0028526000678539276,734.7878348000813,police,[np.float64(-0.005)],[np.float64(-0.3)],[1],[0],[0],[1.6092734000412747],['text_3'],Participant 02,001,2025-10-16_18h28.54.608,Word Priming Experiment,,2025.1.1,118.33213218187181,2025-10-16 18h29.14.005139 +0530,
,341,1,17,,,ta_l_,Table,new,tally,[np.float64(-0.005)],[np.float64(-0.3)],[1],[0],[0],[1.8113211001036689],['text_3'],,,,,17,1,341,15,734.8159351000795,,,,,,,,734.7917079000035,734.8159351000795,734.8159351000795,734.8159351000795,0.0036847000010311604,736.6056664000498,tally,[np.float64(-0.005)],[np.float64(-0.3)],[1],[0],[0],[1.8113211001036689],['text_3'],Participant 02,001,2025-10-16_18h28.54.608,Word Priming Experiment,,2025.1.1,118.33213218187181,2025-10-16 18h29.14.005139 +0530,
,342,2,17,,,c_s_,Case,old,case,[np.float64(-0.005)],[np.float64(-0.3)],[1],[0],[0],[2.007605299935676],['text_3'],,,,,17,2,342,5,736.6322977000382,,,,,,,,736.6090420000255,736.6322977000382,736.6322977000382,736.6322977000382,0.003194799995981157,738.6194866000442,case,[np.float64(-0.005)],[np.float64(-0.3)],[1],[0],[0],[2.007605299935676],['text_3'],Participant 02,001,2025-10-16_18h28.54.608,Word Priming Experiment,,2025.1.1,118.33213218187181,2025-10-16 18h29.14.005139 +0530,
,343,3,17,,,_ha_t,Chart,old,chart,[np.float64(-0.005)],[np.float64(-0.3)],[1],[0],[0],[2.914152799989097],['text_3'],,,,,17,3,343,1,738.6484052999876,,,,,,,,738.6240523000015,738.6484052999876,738.6484052999876,738.6484052999876,0.004209899925626814,741.5406261000317,chart,[np.float64(-0.005)],[np.float64(-0.3)],[1],[0],[0],[2.914152799989097],['text_3'],Participant 02,001,2025-10-16_18h28.54.608,Word Priming Experiment,,2025.1.1,118.33213218187181,2025-10-16 18h29.14.005139 +0530,
,344,4,17,,,P_as_tr_,Pastry,old,pastry,[np.float64(-0.005)],[np.float64(-0.3)],[1],[0],[0],[1.9769081000704318],['text_3'],,,,,17,4,344,4,741.5655199000612,,,,,,,,741.5439010000555,741.5655199000612,741.5655199000612,741.5655199000612,0.003132699988782406,743.5236569000408,pastry,[np.float64(-0.005)],[np.float64(-0.3)],[1],[0],[0],[1.9769081000704318],['text_3'],Participant 02,001,2025-10-16_18h28.54.608,Word Priming Experiment,,2025.1.1,118.33213218187181,2025-10-16 18h29.14.005139 +0530,
,345,5,17,,,_oo_,Book,old,book,[np.float64(-0.005)],[np.float64(-0.3)],[1],[0],[0],[2.024693400016986],['text_3'],,,,,17,5,345,13,743.5484056000132,,,,,,,,743.5277507000137,743.5484056000132,743.5484056000132,743.5484056000132,0.00385520001873374,745.5549958000192,book,[np.float64(-0.005)],[np.float64(-0.3)],[1],[0],[0],[2.024693400016986],['text_3'],Participant 02,001,2025-10-16_18h28.54.608,Word Priming Experiment,,2025.1.1,118.33213218187181,2025-10-16 18h29.14.005139 +0530,
,346,6,17,,,v_s_,Vase,new,vase,[np.float64(-0.005)],[np.float64(-0.3)],[1],[0],[0],[2.3080577000509948],['text_3'],,,,,17,6,346,17,745.5820754000451,,,,,,,,745.5594832000788,745.5820754000451,745.5820754000451,745.5820754000451,0.004371599992737174,747.8698303001001,vase,[np.float64(-0.005)],[np.float64(-0.3)],[1],[0],[0],[2.3080577000509948],['text_3'],Participant 02,001,2025-10-16_18h28.54.608,Word Priming Experiment,,2025.1.1,118.33213218187181,2025-10-16 18h29.14.005139 +0530,
,347,7,17,,,K_y_,Keys,old,keys,[np.float64(-0.005)],[np.float64(-0.3)],[1],[0],[0],[1.86360479996074],['text_3'],,,,,17,7,347,8,747.898784100078,,,,,,,,747.8725848000031,747.898784100078,747.898784100078,747.898784100078,0.0026102999690920115,749.7388341000769,keys,[np.float64(-0.005)],[np.float64(-0.3)],[1],[0],[0],[1.86360479996074],['text_3'],Participant 02,001,2025-10-16_18h28.54.608,Word Priming Experiment,,2025.1.1,118.33213218187181,2025-10-16 18h29.14.005139 +0530,
,348,8,17,,,_ho_e,Phone,old,phone,[np.float64(-0.005)],[np.float64(-0.3)],[1],[0],[0],[7.359295599977486],['text_3'],,,,,17,8,348,12,749.7654560999945,,,,,,,,749.7419487000443,749.7654560999945,749.7654560999945,749.7654560999945,0.002960899961180985,757.1038403999992,phone,[np.float64(-0.005)],[np.float64(-0.3)],[1],[0],[0],[7.359295599977486],['text_3'],Participant 02,001,2025-10-16_18h28.54.608,Word Priming Experiment,,2025.1.1,118.33213218187181,2025-10-16 18h29.14.005139 +0530,
,349,9,17,,,c_m_ra,Camera,new,comera,[np.float64(-0.005)],[np.float64(-0.3)],[1],[0],[0],[3.0284803000977263],['text_3'],,,,,17,9,349,19,757.1321352000814,,,,,,,,757.1073842000915,757.1321352000814,757.1321352000814,757.1321352000814,0.00335900008212775,760.1376875999849,comera,[np.float64(-0.005)],[np.float64(-0.3)],[1],[0],[0],[3.0284803000977263],['text_3'],Participant 02,001,2025-10-16_18h28.54.608,Word Priming Experiment,,2025.1.1,118.33213218187181,2025-10-16 18h29.14.005139 +0530,
,350,10,17,,,_ru_is_,Cruise,old,cruise,[np.float64(-0.005)],[np.float64(-0.3)],[1],[0],[0],[3.0924434999469668],['text_3'],,,,,17,10,350,6,760.165516500012,,,,,,,,760.142093100003,760.165516500012,760.165516500012,760.165516500012,0.00430839997716248,763.2378378000576,cruise,[np.float64(-0.005)],[np.float64(-0.3)],[1],[0],[0],[3.0924434999469668],['text_3'],Participant 02,001,2025-10-16_18h28.54.608,Word Priming Experiment,,2025.1.1,118.33213218187181,2025-10-16 18h29.14.005139 +0530,
,351,11,17,,,P_st_r,Poster,old,pastry,[np.float64(-0.005)],[np.float64(-0.3)],[1],[0],[0],[1.762262300006114],['text_3'],,,,,17,11,351,9,763.2652925000293,,,,,,,,763.2426457999973,763.2652925000293,763.2652925000293,763.2652925000293,0.004612299962900579,765.0075408000266,pastry,[np.float64(-0.005)],[np.float64(-0.3)],[1],[0],[0],[1.762262300006114],['text_3'],Participant 02,001,2025-10-16_18h28.54.608,Word Priming Experiment,,2025.1.1,118.33213218187181,2025-10-16 18h29.14.005139 +0530,
,352,12,17,,,_a_bl_,Marble,old,marble,[np.float64(-0.005)],[np.float64(-0.3)],[1],[0],[0],[1.5885792000917718],['text_3'],,,,,17,12,352,11,765.0316769999918,,,,,,,,765.0146013000049,765.0316769999918,765.0316769999918,765.0316769999918,0.006883200025185943,766.6062936000526,marble,[np.float64(-0.005)],[np.float64(-0.3)],[1],[0],[0],[1.5885792000917718],['text_3'],Participant 02,001,2025-10-16_18h28.54.608,Word Priming Experiment,,2025.1.1,118.33213218187181,2025-10-16 18h29.14.005139 +0530,
,353,13,17,,,p_nc_l,Pencil,new,panicle,[np.float64(-0.005)],[np.float64(-0.3)],[1],[0],[0],[1.6880517000099644],['text_3'],,,,,17,13,353,16,766.6317391000921,,,,,,,,766.610960900085,766.6317391000921,766.6317391000921,766.6317391000921,0.004445499973371625,768.3008069000207,panicle,[np.float64(-0.005)],[np.float64(-0.3)],[1],[0],[0],[1.6880517000099644],['text_3'],Participant 02,001,2025-10-16_18h28.54.608,Word Priming Experiment,,2025.1.1,118.33213218187181,2025-10-16 18h29.14.005139 +0530,
,354,14,17,,,T_hi_t,Tshirt,old,tshirt,[np.float64(-0.005)],[np.float64(-0.3)],[1],[0],[0],[1.3838213999988511],['text_3'],,,,,17,14,354,2,768.3166094000917,,,,,,,,768.3031187000452,768.3166094000917,768.3166094000917,768.3166094000917,0.0021941999439150095,769.6906899000751,tshirt,[np.float64(-0.005)],[np.float64(-0.3)],[1],[0],[0],[1.3838213999988511],['text_3'],Participant 02,001,2025-10-16_18h28.54.608,Word Priming Experiment,,2025.1.1,118.33213218187181,2025-10-16 18h29.14.005139 +0530,
,355,15,17,,,l_pt_p,Laptop,old,laptop,[np.float64(-0.005)],[np.float64(-0.3)],[1],[0],[0],[1.6109026999911293],['text_3'],,,,,17,15,355,0,769.7150532000232,,,,,,,,769.6942901000148,769.7150532000232,769.7150532000232,769.7150532000232,0.0033457999816164374,771.3090671000537,laptop,[np.float64(-0.005)],[np.float64(-0.3)],[1],[0],[0],[1.6109026999911293],['text_3'],Participant 02,001,2025-10-16_18h28.54.608,Word Priming Experiment,,2025.1.1,118.33213218187181,2025-10-16 18h29.14.005139 +0530,
,356,16,17,,,_ou_se,mouse,old,mouse,[np.float64(-0.005)],[np.float64(-0.3)],[1],[0],[0],[1.4836231000954285],['text_3'],,,,,17,16,356,3,771.331593500101,,,,,,,,771.3169596000807,771.331593500101,771.331593500101,771.331593500101,0.00768230005633086,772.8043043999933,mouse,[np.float64(-0.005)],[np.float64(-0.3)],[1],[0],[0],[1.4836231000954285],['text_3'],Participant 02,001,2025-10-16_18h28.54.608,Word Priming Experiment,,2025.1.1,118.33213218187181,2025-10-16 18h29.14.005139 +0530,
,357,17,17,,,bo_t_e,Bottle,new,bother,[np.float64(-0.005)],[np.float64(-0.3)],[1],[0],[0],[1.4597067999420688],['text_3'],,,,,17,17,357,18,772.8318736000219,,,,,,,,772.8089126000414,772.8318736000219,772.8318736000219,772.8318736000219,0.004400400095619261,774.2706195000792,bother,[np.float64(-0.005)],[np.float64(-0.3)],[1],[0],[0],[1.4597067999420688],['text_3'],Participant 02,001,2025-10-16_18h28.54.608,Word Priming Experiment,,2025.1.1,118.33213218187181,2025-10-16 18h29.14.005139 +0530,
,358,18,17,,,_o_rd,Board,old,board,[np.float64(-0.005)],[np.float64(-0.3)],[1],[0],[0],[3.0284377000061795],['text_3'],,,,,17,18,358,10,774.2981679000659,,,,,,,,774.2744576000841,774.2981679000659,774.2981679000659,774.2981679000659,0.004371999995782971,777.3070913000265,board,[np.float64(-0.005)],[np.float64(-0.3)],[1],[0],[0],[3.0284377000061795],['text_3'],Participant 02,001,2025-10-16_18h28.54.608,Word Priming Experiment,,2025.1.1,118.33213218187181,2025-10-16 18h29.14.005139 +0530,
,359,19,17,,,c_s_io_,Cushion,new,cushion,[np.float64(-0.005)],[np.float64(-0.3)],[1],[0],[0],[2.1954453999642283],['text_3'],,,,,17,19,359,14,777.3319285000907,,,,,,,,777.3101960000349,777.3319285000907,777.3319285000907,777.3319285000907,0.002935500000603497,779.5095050000818,cushion,[np.float64(-0.005)],[np.float64(-0.3)],[1],[0],[0],[2.1954453999642283],['text_3'],Participant 02,001,2025-10-16_18h28.54.608,Word Priming Experiment,,2025.1.1,118.33213218187181,2025-10-16 18h29.14.005139 +0530,
,360,0,18,,,ta_l_,Table,new,tally,[np.float64(-0.005)],[np.float64(-0.3)],[1],[0],[0],[3.1861341000767425],['text_3'],,,,,18,0,360,15,779.5315338000655,,,,,,,,779.5163809000514,779.5315338000655,779.5315338000655,779.5315338000655,0.006636400008574128,782.7059298000531,tally,[np.float64(-0.005)],[np.float64(-0.3)],[1],[0],[0],[3.1861341000767425],['text_3'],Participant 02,001,2025-10-16_18h28.54.608,Word Priming Experiment,,2025.1.1,118.33213218187181,2025-10-16 18h29.14.005139 +0530,
,361,1,18,,,_oo_,Book,old,book,[np.float64(-0.005)],[np.float64(-0.3)],[1],[0],[0],[2.1073576998896897],['text_3'],,,,,18,1,361,13,782.7314162000548,,,,,,,,782.709757200093,782.7314162000548,782.7314162000548,782.7314162000548,0.003664499963633716,784.8205519000767,book,[np.float64(-0.005)],[np.float64(-0.3)],[1],[0],[0],[2.1073576998896897],['text_3'],Participant 02,001,2025-10-16_18h28.54.608,Word Priming Experiment,,2025.1.1,118.33213218187181,2025-10-16 18h29.14.005139 +0530,
,362,2,18,,,_ru_is_,Cruise,old,cruise,[np.float64(-0.005)],[np.float64(-0.3)],[1],[0],[0],[1.7612225000048056],['text_3'],,,,,18,2,362,6,784.8491085000569,,,,,,,,784.8238193000434,784.8491085000569,784.8491085000569,784.8491085000569,0.0031435000710189342,786.5874675000086,cruise,[np.float64(-0.005)],[np.float64(-0.3)],[1],[0],[0],[1.7612225000048056],['text_3'],Participant 02,001,2025-10-16_18h28.54.608,Word Priming Experiment,,2025.1.1,118.33213218187181,2025-10-16 18h29.14.005139 +0530,
,363,3,18,,,P_as_tr_,Pastry,old,pastry,[np.float64(-0.005)],[np.float64(-0.3)],[1],[0],[0],[1.5956185000250116],['text_3'],,,,,18,3,363,4,786.6153123000404,,,,,,,,786.5916701999959,786.6153123000404,786.6153123000404,786.6153123000404,0.0040735999355092645,788.1906132000731,pastry,[np.float64(-0.005)],[np.float64(-0.3)],[1],[0],[0],[1.5956185000250116],['text_3'],Participant 02,001,2025-10-16_18h28.54.608,Word Priming Experiment,,2025.1.1,118.33213218187181,2025-10-16 18h29.14.005139 +0530,
,364,4,18,,,l_pt_p,Laptop,old,laptop,[np.float64(-0.005)],[np.float64(-0.3)],[1],[0],[0],[1.690326299984008],['text_3'],,,,,18,4,364,0,788.2148945000954,,,,,,,,788.1948817000957,788.2148945000954,788.2148945000954,788.2148945000954,0.004037200007587671,789.8884939000709,laptop,[np.float64(-0.005)],[np.float64(-0.3)],[1],[0],[0],[1.690326299984008],['text_3'],Participant 02,001,2025-10-16_18h28.54.608,Word Priming Experiment,,2025.1.1,118.33213218187181,2025-10-16 18h29.14.005139 +0530,
,365,5,18,,,_ou_se,mouse,old,mousr,[np.float64(-0.005)],[np.float64(-0.3)],[1],[0],[0],[1.412296500056982],['text_3'],,,,,18,5,365,3,789.9149912000867,,,,,,,,789.8918912000954,789.9149912000867,789.9149912000867,789.9149912000867,0.0032374999718740582,791.3068915000185,mousr,[np.float64(-0.005)],[np.float64(-0.3)],[1],[0],[0],[1.412296500056982],['text_3'],Participant 02,001,2025-10-16_18h28.54.608,Word Priming Experiment,,2025.1.1,118.33213218187181,2025-10-16 18h29.14.005139 +0530,
,366,6,18,,,v_s_,Vase,new,visa,[np.float64(-0.005)],[np.float64(-0.3)],[1],[0],[0],[1.8402057000203058],['text_3'],,,,,18,6,366,17,791.3317468999885,,,,,,,,791.310698300018,791.3317468999885,791.3317468999885,791.3317468999885,0.003590899985283613,793.1536818000022,visa,[np.float64(-0.005)],[np.float64(-0.3)],[1],[0],[0],[1.8402057000203058],['text_3'],Participant 02,001,2025-10-16_18h28.54.608,Word Priming Experiment,,2025.1.1,118.33213218187181,2025-10-16 18h29.14.005139 +0530,
,367,7,18,,,c_s_io_,Cushion,new,cushion,[np.float64(-0.005)],[np.float64(-0.3)],[1],[0],[0],[2.1749646000098437],['text_3'],,,,,18,7,367,14,793.1811010000529,,,,,,,,793.1588401000481,793.1811010000529,793.1811010000529,793.1811010000529,0.005050000036135316,795.3373738999944,cushion,[np.float64(-0.005)],[np.float64(-0.3)],[1],[0],[0],[2.1749646000098437],['text_3'],Participant 02,001,2025-10-16_18h28.54.608,Word Priming Experiment,,2025.1.1,118.33213218187181,2025-10-16 18h29.14.005139 +0530,
,368,8,18,,,P_li_e,Police,old,police,[np.float64(-0.005)],[np.float64(-0.3)],[1],[0],[0],[1.7268286000471562],['text_3'],,,,,18,8,368,7,795.3645720999921,,,,,,,,795.3409807001008,795.3645720999921,795.3645720999921,795.3645720999921,0.003486400004476309,797.0708400000585,police,[np.float64(-0.005)],[np.float64(-0.3)],[1],[0],[0],[1.7268286000471562],['text_3'],Participant 02,001,2025-10-16_18h28.54.608,Word Priming Experiment,,2025.1.1,118.33213218187181,2025-10-16 18h29.14.005139 +0530,
,369,9,18,,,_ho_e,Phone,old,phone,[np.float64(-0.005)],[np.float64(-0.3)],[1],[0],[0],[1.5598493999568745],['text_3'],,,,,18,9,369,12,797.0980028000195,,,,,,,,797.074172600056,797.0980028000195,797.0980028000195,797.0980028000195,0.0031844000332057476,798.6366595000727,phone,[np.float64(-0.005)],[np.float64(-0.3)],[1],[0],[0],[1.5598493999568745],['text_3'],Participant 02,001,2025-10-16_18h28.54.608,Word Priming Experiment,,2025.1.1,118.33213218187181,2025-10-16 18h29.14.005139 +0530,
,370,10,18,,,P_st_r,Poster,old,pastry,[np.float64(-0.005)],[np.float64(-0.3)],[1],[0],[0],[1.514490699977614],['text_3'],,,,,18,10,370,9,798.6649058000185,,,,,,,,798.639445100096,798.6649058000185,798.6649058000185,798.6649058000185,0.002639800077304244,800.1572938000318,pastry,[np.float64(-0.005)],[np.float64(-0.3)],[1],[0],[0],[1.514490699977614],['text_3'],Participant 02,001,2025-10-16_18h28.54.608,Word Priming Experiment,,2025.1.1,118.33213218187181,2025-10-16 18h29.14.005139 +0530,
,371,11,18,,,_o_rd,Board,old,board,[np.float64(-0.005)],[np.float64(-0.3)],[1],[0],[0],[2.6923984000459313],['text_3'],,,,,18,11,371,10,800.1986664000433,,,,,,,,800.1609229000751,800.1986664000433,800.1986664000433,800.1986664000433,0.003427600022405386,802.8571483000414,board,[np.float64(-0.005)],[np.float64(-0.3)],[1],[0],[0],[2.6923984000459313],['text_3'],Participant 02,001,2025-10-16_18h28.54.608,Word Priming Experiment,,2025.1.1,118.33213218187181,2025-10-16 18h29.14.005139 +0530,
,372,12,18,,,p_nc_l,Pencil,new,panicle,[np.float64(-0.005)],[np.float64(-0.3)],[1],[0],[0],[1.7551755000604317],['text_3'],,,,,18,12,372,16,802.8813365000533,,,,,,,,802.86097290006,802.8813365000533,802.8813365000533,802.8813365000533,0.003649100079201162,804.6195729000028,panicle,[np.float64(-0.005)],[np.float64(-0.3)],[1],[0],[0],[1.7551755000604317],['text_3'],Participant 02,001,2025-10-16_18h28.54.608,Word Priming Experiment,,2025.1.1,118.33213218187181,2025-10-16 18h29.14.005139 +0530,
,373,13,18,,,_ha_t,Chart,old,chart,[np.float64(-0.005)],[np.float64(-0.3)],[1],[0],[0],[1.727227000053972],['text_3'],,,,,18,13,373,1,804.6477472000988,,,,,,,,804.6236109000165,804.6477472000988,804.6477472000988,804.6477472000988,0.003848699969239533,806.3531582000433,chart,[np.float64(-0.005)],[np.float64(-0.3)],[1],[0],[0],[1.727227000053972],['text_3'],Participant 02,001,2025-10-16_18h28.54.608,Word Priming Experiment,,2025.1.1,118.33213218187181,2025-10-16 18h29.14.005139 +0530,
,374,14,18,,,T_hi_t,Tshirt,old,tshirt,[np.float64(-0.005)],[np.float64(-0.3)],[1],[0],[0],[2.4948028000071645],['text_3'],,,,,18,14,374,2,806.3815354000544,,,,,,,,806.3567043000367,806.3815354000544,806.3815354000544,806.3815354000544,0.0033934999955818057,808.8550758000929,tshirt,[np.float64(-0.005)],[np.float64(-0.3)],[1],[0],[0],[2.4948028000071645],['text_3'],Participant 02,001,2025-10-16_18h28.54.608,Word Priming Experiment,,2025.1.1,118.33213218187181,2025-10-16 18h29.14.005139 +0530,
,375,15,18,,,_a_bl_,Marble,old,marble,[np.float64(-0.005)],[np.float64(-0.3)],[1],[0],[0],[1.642291900003329],['text_3'],,,,,18,15,375,11,808.8812718000263,,,,,,,,808.858525800053,808.8812718000263,808.8812718000263,808.8812718000263,0.003306700033135712,810.5038940000813,marble,[np.float64(-0.005)],[np.float64(-0.3)],[1],[0],[0],[1.642291900003329],['text_3'],Participant 02,001,2025-10-16_18h28.54.608,Word Priming Experiment,,2025.1.1,118.33213218187181,2025-10-16 18h29.14.005139 +0530,
,376,16,18,,,bo_t_e,Bottle,new,bother,[np.float64(-0.005)],[np.float64(-0.3)],[1],[0],[0],[1.5961586000630632],['text_3'],,,,,18,16,376,18,810.531218499993,,,,,,,,810.5064244000241,810.531218499993,810.531218499993,810.531218499993,0.0023901000386103988,812.106145100086,bother,[np.float64(-0.005)],[np.float64(-0.3)],[1],[0],[0],[1.5961586000630632],['text_3'],Participant 02,001,2025-10-16_18h28.54.608,Word Priming Experiment,,2025.1.1,118.33213218187181,2025-10-16 18h29.14.005139 +0530,
,377,17,18,,,c_s_,Case,old,case,[np.float64(-0.005)],[np.float64(-0.3)],[1],[0],[0],[1.4927935999585316],['text_3'],,,,,18,17,377,5,812.1310876000207,,,,,,,,812.1101074999897,812.1310876000207,812.1310876000207,812.1310876000207,0.0037509999237954617,813.606128100073,case,[np.float64(-0.005)],[np.float64(-0.3)],[1],[0],[0],[1.4927935999585316],['text_3'],Participant 02,001,2025-10-16_18h28.54.608,Word Priming Experiment,,2025.1.1,118.33213218187181,2025-10-16 18h29.14.005139 +0530,
,378,18,18,,,K_y_,Keys,old,keys,[np.float64(-0.005)],[np.float64(-0.3)],[1],[0],[0],[1.1930157999740914],['text_3'],,,,,18,18,378,8,813.6311695000622,,,,,,,,813.6095881999936,813.6311695000622,813.6311695000622,813.6311695000622,0.0031479999888688326,814.8066970000509,keys,[np.float64(-0.005)],[np.float64(-0.3)],[1],[0],[0],[1.1930157999740914],['text_3'],Participant 02,001,2025-10-16_18h28.54.608,Word Priming Experiment,,2025.1.1,118.33213218187181,2025-10-16 18h29.14.005139 +0530,
,379,19,18,,,c_m_ra,Camera,new,comera,[np.float64(-0.005)],[np.float64(-0.3)],[1],[0],[0],[4.441590300062671],['text_3'],,,,,18,19,379,19,814.8314084000885,,,,,,,,814.8123279000865,814.8314084000885,814.8314084000885,814.8314084000885,0.0054438000079244375,819.2577622000827,comera,[np.float64(-0.005)],[np.float64(-0.3)],[1],[0],[0],[4.441590300062671],['text_3'],Participant 02,001,2025-10-16_18h28.54.608,Word Priming Experiment,,2025.1.1,118.33213218187181,2025-10-16 18h29.14.005139 +0530,
,380,0,19,,,_ou_se,mouse,old,mouse,[np.float64(-0.005)],[np.float64(-0.3)],[1],[0],[0],[2.7736944999778643],['text_3'],,,,,19,0,380,3,819.2808623000747,,,,,,,,819.2617782000452,819.2808623000747,819.2808623000747,819.2808623000747,0.003816200071014464,822.0379991000518,mouse,[np.float64(-0.005)],[np.float64(-0.3)],[1],[0],[0],[2.7736944999778643],['text_3'],Participant 02,001,2025-10-16_18h28.54.608,Word Priming Experiment,,2025.1.1,118.33213218187181,2025-10-16 18h29.14.005139 +0530,
,381,1,19,,,c_s_io_,Cushion,new,cushion,[np.float64(-0.005)],[np.float64(-0.3)],[1],[0],[0],[3.1554050999693573],['text_3'],,,,,19,1,381,14,822.0646066000918,,,,,,,,822.0416618000017,822.0646066000918,822.0646066000918,822.0646066000918,0.0035382999340072274,825.200884400052,cushion,[np.float64(-0.005)],[np.float64(-0.3)],[1],[0],[0],[3.1554050999693573],['text_3'],Participant 02,001,2025-10-16_18h28.54.608,Word Priming Experiment,,2025.1.1,118.33213218187181,2025-10-16 18h29.14.005139 +0530,
,382,2,19,,,c_m_ra,Camera,new,comera,[np.float64(-0.005)],[np.float64(-0.3)],[1],[0],[0],[2.0127044999971986],['text_3'],,,,,19,2,382,19,825.2314853999997,,,,,,,,825.20503740001,825.2314853999997,825.2314853999997,825.2314853999997,0.0038292999379336834,827.2197805000469,comera,[np.float64(-0.005)],[np.float64(-0.3)],[1],[0],[0],[2.0127044999971986],['text_3'],Participant 02,001,2025-10-16_18h28.54.608,Word Priming Experiment,,2025.1.1,118.33213218187181,2025-10-16 18h29.14.005139 +0530,
,383,3,19,,,ta_l_,Table,new,tally,[np.float64(-0.005)],[np.float64(-0.3)],[1],[0],[0],[1.9257213999517262],['text_3'],,,,,19,3,383,15,827.2475455000531,,,,,,,,827.2247848000843,827.2475455000531,827.2475455000531,827.2475455000531,0.0049171000719070435,829.1526157000335,tally,[np.float64(-0.005)],[np.float64(-0.3)],[1],[0],[0],[1.9257213999517262],['text_3'],Participant 02,001,2025-10-16_18h28.54.608,Word Priming Experiment,,2025.1.1,118.33213218187181,2025-10-16 18h29.14.005139 +0530,
,384,4,19,,,P_st_r,Poster,old,,[np.float64(-0.005)],[np.float64(-0.3)],[1],[0],[0],[0.41430449998006225],['text_3'],,,,,19,4,384,9,829.180612300057,,,,,,,,829.1549896000652,829.180612300057,829.180612300057,829.180612300057,0.0022613999899476767,829.5717554000439,,[np.float64(-0.005)],[np.float64(-0.3)],[1],[0],[0],[0.41430449998006225],['text_3'],Participant 02,001,2025-10-16_18h28.54.608,Word Priming Experiment,,2025.1.1,118.33213218187181,2025-10-16 18h29.14.005139 +0530,
,385,5,19,,,_oo_,Book,old,,[np.float64(-0.005)],[np.float64(-0.3)],[1],[0],[0],[0.21044749999418855],['text_3'],,,,,19,5,385,13,829.5976241000462,,,,,,,,829.5749895999907,829.5976241000462,829.5976241000462,829.5976241000462,0.0030646000523120165,829.7884500999935,,[np.float64(-0.005)],[np.float64(-0.3)],[1],[0],[0],[0.21044749999418855],['text_3'],Participant 02,001,2025-10-16_18h28.54.608,Word Priming Experiment,,2025.1.1,118.33213218187181,2025-10-16 18h29.14.005139 +0530,
,386,6,19,,,l_pt_p,Laptop,old,,[np.float64(-0.005)],[np.float64(-0.3)],[1],[0],[0],[0.1424400000832975],['text_3'],,,,,19,6,386,0,829.8143962000031,,,,,,,,829.7914452000987,829.8143962000031,829.8143962000031,829.8143962000031,0.002808300079777837,829.9359352000756,,[np.float64(-0.005)],[np.float64(-0.3)],[1],[0],[0],[0.1424400000832975],['text_3'],Participant 02,001,2025-10-16_18h28.54.608,Word Priming Experiment,,2025.1.1,118.33213218187181,2025-10-16 18h29.14.005139 +0530,
,387,7,19,,,P_as_tr_,Pastry,old,,[np.float64(-0.005)],[np.float64(-0.3)],[1],[0],[0],[0.1296341000124812],['text_3'],,,,,19,7,387,4,829.9488789000316,,,,,,,,829.9383068000898,829.9488789000316,829.9488789000316,829.9488789000316,0.002261199988424778,830.0702942000935,,[np.float64(-0.005)],[np.float64(-0.3)],[1],[0],[0],[0.1296341000124812],['text_3'],Participant 02,001,2025-10-16_18h28.54.608,Word Priming Experiment,,2025.1.1,118.33213218187181,2025-10-16 18h29.14.005139 +0530,
,388,8,19,,,P_li_e,Police,old,,[np.float64(-0.005)],[np.float64(-0.3)],[1],[0],[0],[0.12844170001335442],['text_3'],,,,,19,8,388,7,830.0974960000021,,,,,,,,830.0726440000581,830.0974960000021,830.0974960000021,830.0974960000021,0.002221600036136806,830.2048257000279,,[np.float64(-0.005)],[np.float64(-0.3)],[1],[0],[0],[0.12844170001335442],['text_3'],Participant 02,001,2025-10-16_18h28.54.608,Word Priming Experiment,,2025.1.1,118.33213218187181,2025-10-16 18h29.14.005139 +0530,
,389,9,19,,,p_nc_l,Pencil,new,panicle,[np.float64(-0.005)],[np.float64(-0.3)],[1],[0],[0],[3.0957164000719786],['text_3'],,,,,19,9,389,16,830.2312509000767,,,,,,,,830.2074309000745,830.2312509000767,830.2312509000767,830.2312509000767,0.0023810999700799584,833.305728700012,panicle,[np.float64(-0.005)],[np.float64(-0.3)],[1],[0],[0],[3.0957164000719786],['text_3'],Participant 02,001,2025-10-16_18h28.54.608,Word Priming Experiment,,2025.1.1,118.33213218187181,2025-10-16 18h29.14.005139 +0530,
,390,10,19,,,_ho_e,Phone,old,phone,[np.float64(-0.005)],[np.float64(-0.3)],[1],[0],[0],[7.176899799960665],['text_3'],,,,,19,10,390,12,833.3311273000436,,,,,,,,833.3085534001002,833.3311273000436,833.3311273000436,833.3311273000436,0.0026828000554814935,840.490669400082,phone,[np.float64(-0.005)],[np.float64(-0.3)],[1],[0],[0],[7.176899799960665],['text_3'],Participant 02,001,2025-10-16_18h28.54.608,Word Priming Experiment,,2025.1.1,118.33213218187181,2025-10-16 18h29.14.005139 +0530,
,391,11,19,,,v_s_,Vase,new,visa,[np.float64(-0.005)],[np.float64(-0.3)],[1],[0],[0],[1.6878146000672132],['text_3'],,,,,19,11,391,17,840.5148064000532,,,,,,,,840.4966267000418,840.5148064000532,840.5148064000532,840.5148064000532,0.005660100025124848,842.1877427999862,visa,[np.float64(-0.005)],[np.float64(-0.3)],[1],[0],[0],[1.6878146000672132],['text_3'],Participant 02,001,2025-10-16_18h28.54.608,Word Priming Experiment,,2025.1.1,118.33213218187181,2025-10-16 18h29.14.005139 +0530,
,392,12,19,,,K_y_,Keys,old,keys,[np.float64(-0.005)],[np.float64(-0.3)],[1],[0],[0],[1.4280892999377102],['text_3'],,,,,19,12,392,8,842.2144693000009,,,,,,,,842.1907414000016,842.2144693000009,842.2144693000009,842.2144693000009,0.002869199961423874,843.6231480001006,keys,[np.float64(-0.005)],[np.float64(-0.3)],[1],[0],[0],[1.4280892999377102],['text_3'],Participant 02,001,2025-10-16_18h28.54.608,Word Priming Experiment,,2025.1.1,118.33213218187181,2025-10-16 18h29.14.005139 +0530,
,393,13,19,,,T_hi_t,Tshirt,old,tshirt,[np.float64(-0.005)],[np.float64(-0.3)],[1],[0],[0],[4.038789300015196],['text_3'],,,,,19,13,393,2,843.6477918000892,,,,,,,,843.6302699000807,843.6477918000892,843.6477918000892,843.6477918000892,0.006885699927806854,847.6729252000805,tshirt,[np.float64(-0.005)],[np.float64(-0.3)],[1],[0],[0],[4.038789300015196],['text_3'],Participant 02,001,2025-10-16_18h28.54.608,Word Priming Experiment,,2025.1.1,118.33213218187181,2025-10-16 18h29.14.005139 +0530,
,394,14,19,,,c_s_,Case,old,casr,[np.float64(-0.005)],[np.float64(-0.3)],[1],[0],[0],[1.8379034999525174],['text_3'],,,,,19,14,394,5,847.6977948000422,,,,,,,,847.6774263000116,847.6977948000422,847.6977948000422,847.6977948000422,0.0042703000362962484,849.5217062000884,casr,[np.float64(-0.005)],[np.float64(-0.3)],[1],[0],[0],[1.8379034999525174],['text_3'],Participant 02,001,2025-10-16_18h28.54.608,Word Priming Experiment,,2025.1.1,118.33213218187181,2025-10-16 18h29.14.005139 +0530,
,395,15,19,,,_ru_is_,Cruise,old,cruise,[np.float64(-0.005)],[np.float64(-0.3)],[1],[0],[0],[2.0768488000612706],['text_3'],,,,,19,15,395,6,849.5481438999996,,,,,,,,849.5256030000746,849.5481438999996,849.5481438999996,849.5481438999996,0.0036651999689638615,851.6051726000151,cruise,[np.float64(-0.005)],[np.float64(-0.3)],[1],[0],[0],[2.0768488000612706],['text_3'],Participant 02,001,2025-10-16_18h28.54.608,Word Priming Experiment,,2025.1.1,118.33213218187181,2025-10-16 18h29.14.005139 +0530,
,396,16,19,,,bo_t_e,Bottle,new,bother,[np.float64(-0.005)],[np.float64(-0.3)],[1],[0],[0],[1.5919090999523178],['text_3'],,,,,19,16,396,18,851.630716899992,,,,,,,,851.6090473000659,851.630716899992,851.630716899992,851.630716899992,0.003658799920231104,853.2031898000278,bother,[np.float64(-0.005)],[np.float64(-0.3)],[1],[0],[0],[1.5919090999523178],['text_3'],Participant 02,001,2025-10-16_18h28.54.608,Word Priming Experiment,,2025.1.1,118.33213218187181,2025-10-16 18h29.14.005139 +0530,
,397,17,19,,,_o_rd,Board,old,board,[np.float64(-0.005)],[np.float64(-0.3)],[1],[0],[0],[1.845418500015512],['text_3'],,,,,19,17,397,10,853.2320203999989,,,,,,,,853.2066605000291,853.2320203999989,853.2320203999989,853.2320203999989,0.003312899963930249,855.0556138000684,board,[np.float64(-0.005)],[np.float64(-0.3)],[1],[0],[0],[1.845418500015512],['text_3'],Participant 02,001,2025-10-16_18h28.54.608,Word Priming Experiment,,2025.1.1,118.33213218187181,2025-10-16 18h29.14.005139 +0530,
,398,18,19,,,_a_bl_,Marble,old,marble,"[np.float64(-0.05875), np.float64(-0.04875)]","[np.float64(-0.2675), np.float64(-0.28875)]","[1, 1]","[0, 0]","[0, 0]","[3.005284499959089, 3.92164179997053]","[None, 'text_3']",,,,,19,18,398,11,855.0807016000617,,,,,,,,855.0601249000756,855.0807016000617,855.0807016000617,855.0807016000617,0.004280099994502962,858.9851643000729,marble,"[np.float64(-0.05875), np.float64(-0.04875)]","[np.float64(-0.2675), np.float64(-0.28875)]","[1, 1]","[0, 0]","[0, 0]","[3.005284499959089, 3.92164179997053]","[None, 'text_3']",Participant 02,001,2025-10-16_18h28.54.608,Word Priming Experiment,,2025.1.1,118.33213218187181,2025-10-16 18h29.14.005139 +0530,
,399,19,19,,,_ha_t,Chart,old,chart,[np.float64(-0.04875)],[np.float64(-0.28875)],[1],[0],[0],[1.818921700003557],['text_3'],,,,,19,19,399,1,859.0064025000902,,,,,,,,858.9886431000195,859.0064025000902,859.0064025000902,859.0064025000902,0.0031304999720305204,860.811531900079,chart,[np.float64(-0.04875)],[np.float64(-0.28875)],[1],[0],[0],[1.818921700003557],['text_3'],Participant 02,001,2025-10-16_18h28.54.608,Word Priming Experiment,,2025.1.1,118.33213218187181,2025-10-16 18h29.14.005139 +0530,
