14.2936 	INFO 	Loaded monitor calibration from ['2025_08_12 09:52']
14.5854 	INFO 	Using renderer 'Intel(R) Arc(TM) Graphics' for graphics
14.5854 	INFO 	OpenGL version supported by driver is 4..
14.6107 	EXP 	Created window1 = Window(allowGUI=True, allowStencil=False, autoLog=True, backendConf=UNKNOWN, backgroundFit=<method-wrapper '__getattribute__' of attributeSetter object at 0x000002162380AA10>, backgroundImage=<method-wrapper '__getattribute__' of attributeSetter object at 0x000002162380AA70>, bitsMode=UNKNOWN, blendMode='avg', bpc=(8, 8, 8), color=array([0, 0, 0]), colorSpace='rgb', depthBits=8, fullscr=False, gamma=None, gammaErrorPolicy='raise', infoMsg=UNKNOWN, lms=UNKNOWN, monitor=<psychopy.monitors.calibTools.Monitor object at 0x000002162E80DF60>, multiSample=False, name='window1', numSamples=2, pos=[np.float64(640.0), np.float64(400.0)], screen=0, size=array([1280,  800]), stencilBits=0, stereo=False, title='PsychoPy', units='height', useFBO=True, useRetina=False, viewOri=0.0, viewPos=None, viewScale=None, waitBlanking=True, winType='pyglet')
14.6108 	EXP 	window1: backgroundImage = ''
14.6108 	EXP 	window1: backgroundFit = 'none'
15.0887 	EXP 	window1: Attempting to measure frame rate of screen (0) ...
15.0887 	EXP 	window1: recordFrameIntervals = False
15.2315 	EXP 	window1: recordFrameIntervals = True
15.3231 	EXP 	Screen (0) actual frame rate measured at 119.57Hz
15.3232 	EXP 	window1: recordFrameIntervals = False
15.5970 	INFO 	keyboard.Keyboard is using ptb backend.
15.5972 	INFO 	keyboard.Keyboard is using ptb backend.
15.5973 	EXP 	Motor Sequence Learning Bhumika Bajaj AU2320057: status = STARTED
15.6005 	EXP 	Created fixation = ShapeStim(__class__=<class 'psychopy.visual.shape.ShapeStim'>, anchor=('center', 'center'), autoDraw=False, autoLog=True, closeShape=True, color=method-wrapper(...), colorSpace='rgb', contrast=None, depth=0.0, draggable=False, fillColor=array([1, 1, 1]), fillColorSpace='rgb', fillRGB=array([1, 1, 1]), interpolate=True, lineColor=array([1., 1., 1.]), lineColorSpace='rgb', lineRGB=array([1, 1, 1]), lineWidth=1.0, name='fixation', opacity=1, ori=0.0, pos=array([0., 0.]), size=array([10., 10.]), units='pix', vertices=ndarray(...), win=Window(...), windingRule=None)
15.6022 	EXP 	Created line1 = Rect(__class__=<class 'psychopy.visual.rect.Rect'>, anchor=('center', 'center'), autoDraw=False, autoLog=True, closeShape=True, color=method-wrapper(...), colorSpace='rgb', contrast=None, depth=-1.0, draggable=False, fillColor=array([1, 1, 1]), fillColorSpace='rgb', fillRGB=array([1, 1, 1]), interpolate=True, lineColor=array([1., 1., 1.]), lineColorSpace='rgb', lineRGB=array([1, 1, 1]), lineWidth=1.0, name='line1', opacity=1, ori=90.0, pos=array([-150.,    0.]), size=array([100.,  10.]), units='pix', vertices=ndarray(...), win=Window(...))
15.6037 	EXP 	Created line2 = Rect(__class__=<class 'psychopy.visual.rect.Rect'>, anchor=('center', 'center'), autoDraw=False, autoLog=True, closeShape=True, color=method-wrapper(...), colorSpace='rgb', contrast=None, depth=-2.0, draggable=False, fillColor=array([1, 1, 1]), fillColorSpace='rgb', fillRGB=array([1, 1, 1]), interpolate=True, lineColor=array([1., 1., 1.]), lineColorSpace='rgb', lineRGB=array([1, 1, 1]), lineWidth=1.0, name='line2', opacity=1, ori=90.0, pos=array([-50.,   0.]), size=array([100.,  10.]), units='pix', vertices=ndarray(...), win=Window(...))
15.6050 	EXP 	Created line3 = Rect(__class__=<class 'psychopy.visual.rect.Rect'>, anchor=('center', 'center'), autoDraw=False, autoLog=True, closeShape=True, color=method-wrapper(...), colorSpace='rgb', contrast=None, depth=-3.0, draggable=False, fillColor=array([1, 1, 1]), fillColorSpace='rgb', fillRGB=array([1, 1, 1]), interpolate=True, lineColor=array([1., 1., 1.]), lineColorSpace='rgb', lineRGB=array([1, 1, 1]), lineWidth=1.0, name='line3', opacity=1, ori=90.0, pos=array([50.,  0.]), size=array([100.,  10.]), units='pix', vertices=ndarray(...), win=Window(...))
15.6064 	EXP 	Created line4 = Rect(__class__=<class 'psychopy.visual.rect.Rect'>, anchor=('center', 'center'), autoDraw=False, autoLog=True, closeShape=True, color=method-wrapper(...), colorSpace='rgb', contrast=None, depth=-4.0, draggable=False, fillColor=array([1, 1, 1]), fillColorSpace='rgb', fillRGB=array([1, 1, 1]), interpolate=True, lineColor=array([1., 1., 1.]), lineColorSpace='rgb', lineRGB=array([1, 1, 1]), lineWidth=1.0, name='line4', opacity=1, ori=90.0, pos=array([150.,   0.]), size=array([100.,  10.]), units='pix', vertices=ndarray(...), win=Window(...))
15.6079 	EXP 	Created probe = ShapeStim(__class__=<class 'psychopy.visual.shape.ShapeStim'>, anchor=('center', 'center'), autoDraw=False, autoLog=True, closeShape=True, color=method-wrapper(...), colorSpace='rgb', contrast=None, depth=-5.0, draggable=False, fillColor=array([1, 1, 1]), fillColorSpace='rgb', fillRGB=array([1, 1, 1]), interpolate=True, lineColor=array([1., 1., 1.]), lineColorSpace='rgb', lineRGB=array([1, 1, 1]), lineWidth=1.0, name='probe', opacity=1, ori=0.0, pos=array([0., 0.]), size=array([10., 10.]), units='pix', vertices=ndarray(...), win=Window(...), windingRule=None)
15.6106 	EXP 	Created fixation = ShapeStim(__class__=<class 'psychopy.visual.shape.ShapeStim'>, anchor=('center', 'center'), autoDraw=False, autoLog=True, closeShape=True, color=method-wrapper(...), colorSpace='rgb', contrast=None, depth=0.0, draggable=False, fillColor=array([1, 1, 1]), fillColorSpace='rgb', fillRGB=array([1, 1, 1]), interpolate=True, lineColor=array([1., 1., 1.]), lineColorSpace='rgb', lineRGB=array([1, 1, 1]), lineWidth=1.0, name='fixation', opacity=1, ori=0.0, pos=array([0., 0.]), size=array([10., 10.]), units='pix', vertices=ndarray(...), win=Window(...), windingRule=None)
15.6137 	EXP 	Created line1 = Rect(__class__=<class 'psychopy.visual.rect.Rect'>, anchor=('center', 'center'), autoDraw=False, autoLog=True, closeShape=True, color=method-wrapper(...), colorSpace='rgb', contrast=None, depth=-1.0, draggable=False, fillColor=array([1, 1, 1]), fillColorSpace='rgb', fillRGB=array([1, 1, 1]), interpolate=True, lineColor=array([1., 1., 1.]), lineColorSpace='rgb', lineRGB=array([1, 1, 1]), lineWidth=1.0, name='line1', opacity=1, ori=90.0, pos=array([-150.,    0.]), size=array([100.,  10.]), units='pix', vertices=ndarray(...), win=Window(...))
15.6159 	EXP 	Created line2 = Rect(__class__=<class 'psychopy.visual.rect.Rect'>, anchor=('center', 'center'), autoDraw=False, autoLog=True, closeShape=True, color=method-wrapper(...), colorSpace='rgb', contrast=None, depth=-2.0, draggable=False, fillColor=array([1, 1, 1]), fillColorSpace='rgb', fillRGB=array([1, 1, 1]), interpolate=True, lineColor=array([1., 1., 1.]), lineColorSpace='rgb', lineRGB=array([1, 1, 1]), lineWidth=1.0, name='line2', opacity=1, ori=90.0, pos=array([-50.,   0.]), size=array([100.,  10.]), units='pix', vertices=ndarray(...), win=Window(...))
15.6183 	EXP 	Created line3 = Rect(__class__=<class 'psychopy.visual.rect.Rect'>, anchor=('center', 'center'), autoDraw=False, autoLog=True, closeShape=True, color=method-wrapper(...), colorSpace='rgb', contrast=None, depth=-3.0, draggable=False, fillColor=array([1, 1, 1]), fillColorSpace='rgb', fillRGB=array([1, 1, 1]), interpolate=True, lineColor=array([1., 1., 1.]), lineColorSpace='rgb', lineRGB=array([1, 1, 1]), lineWidth=1.0, name='line3', opacity=1, ori=90.0, pos=array([50.,  0.]), size=array([100.,  10.]), units='pix', vertices=ndarray(...), win=Window(...))
15.6205 	EXP 	Created line4 = Rect(__class__=<class 'psychopy.visual.rect.Rect'>, anchor=('center', 'center'), autoDraw=False, autoLog=True, closeShape=True, color=method-wrapper(...), colorSpace='rgb', contrast=None, depth=-4.0, draggable=False, fillColor=array([1, 1, 1]), fillColorSpace='rgb', fillRGB=array([1, 1, 1]), interpolate=True, lineColor=array([1., 1., 1.]), lineColorSpace='rgb', lineRGB=array([1, 1, 1]), lineWidth=1.0, name='line4', opacity=1, ori=90.0, pos=array([150.,   0.]), size=array([100.,  10.]), units='pix', vertices=ndarray(...), win=Window(...))
15.6233 	EXP 	Created probe = ShapeStim(__class__=<class 'psychopy.visual.shape.ShapeStim'>, anchor=('center', 'center'), autoDraw=False, autoLog=True, closeShape=True, color=method-wrapper(...), colorSpace='rgb', contrast=None, depth=-5.0, draggable=False, fillColor=array([1, 1, 1]), fillColorSpace='rgb', fillRGB=array([1, 1, 1]), interpolate=True, lineColor=array([1., 1., 1.]), lineColorSpace='rgb', lineRGB=array([1, 1, 1]), lineWidth=1.0, name='probe', opacity=1, ori=0.0, pos=array([0., 0.]), size=array([10., 10.]), units='pix', vertices=ndarray(...), win=Window(...), windingRule=None)
0.0146 	EXP 	Imported C:/Users/bhumika/OneDrive/Documents/sequence_con.csv.xlsx as conditions, 4 conditions, 2 params
0.0164 	EXP 	New trial (rep=0, index=0): <Trial 0 (0 in rep 0) data={'pos': -50, 'corr_resp': 'x', 'thisN': 0, 'thisTrialN': 0, 'thisRepN': 0}>
1.0090 	EXP 	fixation: autoDraw = True
1.0090 	EXP 	line1: autoDraw = True
1.0090 	EXP 	line2: autoDraw = True
1.0090 	EXP 	line3: autoDraw = True
1.0090 	EXP 	line4: autoDraw = True
1.2496 	EXP 	Device response: <KeyPress from None: t=1.2404477999989467, value=x, duration=None>
1.2513 	DATA 	Keypress: x
1.4261 	EXP 	Device response: <KeyPress from None: t=1.2404477999989467, value=x, duration=0.1712081000005128>
2.0110 	INFO 	Keyboard events cleared
2.0108 	EXP 	fixation: autoDraw = False
2.0108 	EXP 	probe: autoDraw = True
2.3444 	EXP 	Device response: <KeyPress from None: t=2.3420248000002175, value=x, duration=None>
2.3448 	EXP 	New trial (rep=0, index=1): <Trial 1 (1 in rep 0) data={'pos': 150, 'corr_resp': 'v', 'thisN': 1, 'thisTrialN': 1, 'thisRepN': 0}>
2.3461 	DATA 	Keypress: x
2.3601 	EXP 	fixation: autoDraw = False
2.3601 	EXP 	line1: autoDraw = False
2.3601 	EXP 	line2: autoDraw = False
2.3601 	EXP 	line3: autoDraw = False
2.3601 	EXP 	line4: autoDraw = False
2.3601 	EXP 	probe: autoDraw = False
2.6611 	EXP 	Device response: <KeyPress from None: t=2.3420248000002175, value=x, duration=0.3034402000012051>
3.3610 	EXP 	fixation: autoDraw = True
3.3610 	EXP 	line1: autoDraw = True
3.3610 	EXP 	line2: autoDraw = True
3.3610 	EXP 	line3: autoDraw = True
3.3610 	EXP 	line4: autoDraw = True
4.3608 	INFO 	Keyboard events cleared
4.3606 	EXP 	fixation: autoDraw = False
4.3606 	EXP 	probe: autoDraw = True
4.9608 	EXP 	Device response: <KeyPress from None: t=4.950987000000168, value=v, duration=None>
4.9613 	EXP 	New trial (rep=0, index=2): <Trial 2 (2 in rep 0) data={'pos': 50, 'corr_resp': 'c', 'thisN': 2, 'thisTrialN': 2, 'thisRepN': 0}>
4.9626 	DATA 	Keypress: v
4.9773 	EXP 	fixation: autoDraw = False
4.9773 	EXP 	line1: autoDraw = False
4.9773 	EXP 	line2: autoDraw = False
4.9773 	EXP 	line3: autoDraw = False
4.9773 	EXP 	line4: autoDraw = False
4.9773 	EXP 	probe: autoDraw = False
5.1277 	EXP 	Device response: <KeyPress from None: t=4.950987000000168, value=v, duration=0.16478579999966314>
5.9603 	EXP 	fixation: autoDraw = True
5.9603 	EXP 	line1: autoDraw = True
5.9603 	EXP 	line2: autoDraw = True
5.9603 	EXP 	line3: autoDraw = True
5.9603 	EXP 	line4: autoDraw = True
6.9605 	INFO 	Keyboard events cleared
6.9603 	EXP 	fixation: autoDraw = False
6.9603 	EXP 	probe: autoDraw = True
7.4771 	EXP 	Device response: <KeyPress from None: t=7.467374200001359, value=c, duration=None>
7.4776 	EXP 	New trial (rep=0, index=3): <Trial 3 (3 in rep 0) data={'pos': -150, 'corr_resp': 'z', 'thisN': 3, 'thisTrialN': 3, 'thisRepN': 0}>
7.4789 	DATA 	Keypress: c
7.4941 	EXP 	fixation: autoDraw = False
7.4941 	EXP 	line1: autoDraw = False
7.4941 	EXP 	line2: autoDraw = False
7.4941 	EXP 	line3: autoDraw = False
7.4941 	EXP 	line4: autoDraw = False
7.4941 	EXP 	probe: autoDraw = False
7.7104 	EXP 	Device response: <KeyPress from None: t=7.467374200001359, value=c, duration=0.23206059999938589>
8.4773 	EXP 	fixation: autoDraw = True
8.4773 	EXP 	line1: autoDraw = True
8.4773 	EXP 	line2: autoDraw = True
8.4773 	EXP 	line3: autoDraw = True
8.4773 	EXP 	line4: autoDraw = True
9.4772 	INFO 	Keyboard events cleared
9.4770 	EXP 	fixation: autoDraw = False
9.4770 	EXP 	probe: autoDraw = True
9.9453 	EXP 	Device response: <KeyPress from None: t=9.941669899999397, value=z, duration=None>
9.9457 	EXP 	New trial (rep=1, index=0): <Trial 4 (0 in rep 1) data={'pos': -50, 'corr_resp': 'x', 'thisN': 4, 'thisTrialN': 0, 'thisRepN': 1}>
9.9472 	DATA 	Keypress: z
9.9605 	EXP 	fixation: autoDraw = False
9.9605 	EXP 	line1: autoDraw = False
9.9605 	EXP 	line2: autoDraw = False
9.9605 	EXP 	line3: autoDraw = False
9.9605 	EXP 	line4: autoDraw = False
9.9605 	EXP 	probe: autoDraw = False
10.2772 	EXP 	Device response: <KeyPress from None: t=9.941669899999397, value=z, duration=0.32603150000068126>
10.9588 	EXP 	fixation: autoDraw = True
10.9588 	EXP 	line1: autoDraw = True
10.9588 	EXP 	line2: autoDraw = True
10.9588 	EXP 	line3: autoDraw = True
10.9588 	EXP 	line4: autoDraw = True
11.9603 	INFO 	Keyboard events cleared
11.9601 	EXP 	fixation: autoDraw = False
11.9601 	EXP 	probe: autoDraw = True
12.8270 	EXP 	Device response: <KeyPress from None: t=12.822224600000482, value=x, duration=None>
12.8274 	EXP 	New trial (rep=1, index=1): <Trial 5 (1 in rep 1) data={'pos': 150, 'corr_resp': 'v', 'thisN': 5, 'thisTrialN': 1, 'thisRepN': 1}>
12.8287 	DATA 	Keypress: x
12.8431 	EXP 	fixation: autoDraw = False
12.8431 	EXP 	line1: autoDraw = False
12.8431 	EXP 	line2: autoDraw = False
12.8431 	EXP 	line3: autoDraw = False
12.8431 	EXP 	line4: autoDraw = False
12.8431 	EXP 	probe: autoDraw = False
13.0948 	EXP 	Device response: <KeyPress from None: t=12.822224600000482, value=x, duration=0.2645234999981767>
13.8270 	EXP 	fixation: autoDraw = True
13.8270 	EXP 	line1: autoDraw = True
13.8270 	EXP 	line2: autoDraw = True
13.8270 	EXP 	line3: autoDraw = True
13.8270 	EXP 	line4: autoDraw = True
14.8270 	INFO 	Keyboard events cleared
14.8268 	EXP 	fixation: autoDraw = False
14.8268 	EXP 	probe: autoDraw = True
15.6273 	EXP 	Device response: <KeyPress from None: t=15.616653100001713, value=c, duration=None>
15.6277 	EXP 	New trial (rep=1, index=2): <Trial 6 (2 in rep 1) data={'pos': 50, 'corr_resp': 'c', 'thisN': 6, 'thisTrialN': 2, 'thisRepN': 1}>
15.6290 	DATA 	Keypress: c
15.6437 	EXP 	fixation: autoDraw = False
15.6437 	EXP 	line1: autoDraw = False
15.6437 	EXP 	line2: autoDraw = False
15.6437 	EXP 	line3: autoDraw = False
15.6437 	EXP 	line4: autoDraw = False
15.6437 	EXP 	probe: autoDraw = False
15.9602 	EXP 	Device response: <KeyPress from None: t=15.616653100001713, value=c, duration=0.3386830999988888>
16.6272 	EXP 	fixation: autoDraw = True
16.6272 	EXP 	line1: autoDraw = True
16.6272 	EXP 	line2: autoDraw = True
16.6272 	EXP 	line3: autoDraw = True
16.6272 	EXP 	line4: autoDraw = True
17.6272 	INFO 	Keyboard events cleared
17.6271 	EXP 	fixation: autoDraw = False
17.6271 	EXP 	probe: autoDraw = True
18.0595 	EXP 	Device response: <KeyPress from None: t=18.04437379999945, value=x, duration=None>
18.0599 	EXP 	New trial (rep=1, index=3): <Trial 7 (3 in rep 1) data={'pos': -150, 'corr_resp': 'z', 'thisN': 7, 'thisTrialN': 3, 'thisRepN': 1}>
18.0609 	DATA 	Keypress: x
18.0756 	EXP 	fixation: autoDraw = False
18.0756 	EXP 	line1: autoDraw = False
18.0756 	EXP 	line2: autoDraw = False
18.0756 	EXP 	line3: autoDraw = False
18.0756 	EXP 	line4: autoDraw = False
18.0756 	EXP 	probe: autoDraw = False
18.2085 	EXP 	Device response: <KeyPress from None: t=18.04437379999945, value=x, duration=0.15383740000106627>
19.0750 	EXP 	fixation: autoDraw = True
19.0750 	EXP 	line1: autoDraw = True
19.0750 	EXP 	line2: autoDraw = True
19.0750 	EXP 	line3: autoDraw = True
19.0750 	EXP 	line4: autoDraw = True
20.0581 	INFO 	Keyboard events cleared
20.0580 	EXP 	probe: autoDraw = True
20.0753 	EXP 	fixation: autoDraw = False
21.1428 	EXP 	Device response: <KeyPress from None: t=21.141452700001537, value=z, duration=None>
21.1431 	EXP 	New trial (rep=2, index=0): <Trial 8 (0 in rep 2) data={'pos': -50, 'corr_resp': 'x', 'thisN': 8, 'thisTrialN': 0, 'thisRepN': 2}>
21.1439 	DATA 	Keypress: z
21.1586 	EXP 	fixation: autoDraw = False
21.1586 	EXP 	line1: autoDraw = False
21.1586 	EXP 	line2: autoDraw = False
21.1586 	EXP 	line3: autoDraw = False
21.1586 	EXP 	line4: autoDraw = False
21.1586 	EXP 	probe: autoDraw = False
21.3267 	EXP 	Device response: <KeyPress from None: t=21.141452700001537, value=z, duration=0.17019189999700757>
22.1445 	EXP 	fixation: autoDraw = True
22.1445 	EXP 	line1: autoDraw = True
22.1445 	EXP 	line2: autoDraw = True
22.1445 	EXP 	line3: autoDraw = True
22.1445 	EXP 	line4: autoDraw = True
23.1421 	INFO 	Keyboard events cleared
23.1420 	EXP 	fixation: autoDraw = False
23.1420 	EXP 	probe: autoDraw = True
24.1080 	EXP 	Device response: <KeyPress from None: t=24.097340500000428, value=x, duration=None>
24.1084 	EXP 	New trial (rep=2, index=1): <Trial 9 (1 in rep 2) data={'pos': 150, 'corr_resp': 'v', 'thisN': 9, 'thisTrialN': 1, 'thisRepN': 2}>
24.1095 	DATA 	Keypress: x
24.1253 	EXP 	fixation: autoDraw = False
24.1253 	EXP 	line1: autoDraw = False
24.1253 	EXP 	line2: autoDraw = False
24.1253 	EXP 	line3: autoDraw = False
24.1253 	EXP 	line4: autoDraw = False
24.1253 	EXP 	probe: autoDraw = False
24.2990 	EXP 	Device response: <KeyPress from None: t=24.097340500000428, value=x, duration=0.18426570000156062>
25.1139 	EXP 	fixation: autoDraw = True
25.1139 	EXP 	line1: autoDraw = True
25.1139 	EXP 	line2: autoDraw = True
25.1139 	EXP 	line3: autoDraw = True
25.1139 	EXP 	line4: autoDraw = True
26.1077 	INFO 	Keyboard events cleared
26.1076 	EXP 	probe: autoDraw = True
26.1238 	EXP 	fixation: autoDraw = False
26.7601 	EXP 	Device response: <KeyPress from None: t=26.747943099999247, value=v, duration=None>
26.7605 	EXP 	New trial (rep=2, index=2): <Trial 10 (2 in rep 2) data={'pos': 50, 'corr_resp': 'c', 'thisN': 10, 'thisTrialN': 2, 'thisRepN': 2}>
26.7618 	DATA 	Keypress: v
26.7767 	EXP 	fixation: autoDraw = False
26.7767 	EXP 	line1: autoDraw = False
26.7767 	EXP 	line2: autoDraw = False
26.7767 	EXP 	line3: autoDraw = False
26.7767 	EXP 	line4: autoDraw = False
26.7767 	EXP 	probe: autoDraw = False
26.9443 	EXP 	Device response: <KeyPress from None: t=26.747943099999247, value=v, duration=0.18803070000285516>
27.7639 	EXP 	fixation: autoDraw = True
27.7639 	EXP 	line1: autoDraw = True
27.7639 	EXP 	line2: autoDraw = True
27.7639 	EXP 	line3: autoDraw = True
27.7639 	EXP 	line4: autoDraw = True
28.7605 	INFO 	Keyboard events cleared
28.7603 	EXP 	probe: autoDraw = True
28.7768 	EXP 	fixation: autoDraw = False
29.1619 	EXP 	Device response: <KeyPress from None: t=29.159454900000128, value=c, duration=None>
29.1623 	EXP 	New trial (rep=2, index=3): <Trial 11 (3 in rep 2) data={'pos': -150, 'corr_resp': 'z', 'thisN': 11, 'thisTrialN': 3, 'thisRepN': 2}>
29.1636 	DATA 	Keypress: c
29.1809 	EXP 	fixation: autoDraw = False
29.1809 	EXP 	line1: autoDraw = False
29.1809 	EXP 	line2: autoDraw = False
29.1809 	EXP 	line3: autoDraw = False
29.1809 	EXP 	line4: autoDraw = False
29.1809 	EXP 	probe: autoDraw = False
29.3309 	EXP 	Device response: <KeyPress from None: t=29.159454900000128, value=c, duration=0.1633603000009316>
30.1770 	EXP 	fixation: autoDraw = True
30.1770 	EXP 	line1: autoDraw = True
30.1770 	EXP 	line2: autoDraw = True
30.1770 	EXP 	line3: autoDraw = True
30.1770 	EXP 	line4: autoDraw = True
31.1646 	INFO 	Keyboard events cleared
31.1643 	EXP 	probe: autoDraw = True
31.1795 	EXP 	fixation: autoDraw = False
31.7615 	EXP 	Device response: <KeyPress from None: t=31.748275699999795, value=z, duration=None>
31.7619 	EXP 	New trial (rep=3, index=0): <Trial 12 (0 in rep 3) data={'pos': -50, 'corr_resp': 'x', 'thisN': 12, 'thisTrialN': 0, 'thisRepN': 3}>
31.7632 	DATA 	Keypress: z
31.7745 	EXP 	fixation: autoDraw = False
31.7745 	EXP 	line1: autoDraw = False
31.7745 	EXP 	line2: autoDraw = False
31.7745 	EXP 	line3: autoDraw = False
31.7745 	EXP 	line4: autoDraw = False
31.7745 	EXP 	probe: autoDraw = False
31.9438 	EXP 	Device response: <KeyPress from None: t=31.748275699999795, value=z, duration=0.1861821999991662>
32.7606 	EXP 	fixation: autoDraw = True
32.7606 	EXP 	line1: autoDraw = True
32.7606 	EXP 	line2: autoDraw = True
32.7606 	EXP 	line3: autoDraw = True
32.7606 	EXP 	line4: autoDraw = True
33.7608 	EXP 	fixation: autoDraw = False
33.7771 	INFO 	Keyboard events cleared
33.7769 	EXP 	probe: autoDraw = True
34.3798 	EXP 	Device response: <KeyPress from None: t=34.37553090000074, value=x, duration=None>
34.3802 	EXP 	New trial (rep=3, index=1): <Trial 13 (1 in rep 3) data={'pos': 150, 'corr_resp': 'v', 'thisN': 13, 'thisTrialN': 1, 'thisRepN': 3}>
34.3818 	DATA 	Keypress: x
34.3942 	EXP 	fixation: autoDraw = False
34.3942 	EXP 	line1: autoDraw = False
34.3942 	EXP 	line2: autoDraw = False
34.3942 	EXP 	line3: autoDraw = False
34.3942 	EXP 	line4: autoDraw = False
34.3942 	EXP 	probe: autoDraw = False
34.5658 	EXP 	Device response: <KeyPress from None: t=34.37553090000074, value=x, duration=0.1832113999989815>
35.3774 	EXP 	fixation: autoDraw = True
35.3774 	EXP 	line1: autoDraw = True
35.3774 	EXP 	line2: autoDraw = True
35.3774 	EXP 	line3: autoDraw = True
35.3774 	EXP 	line4: autoDraw = True
36.3770 	EXP 	fixation: autoDraw = False
36.3939 	INFO 	Keyboard events cleared
36.3937 	EXP 	probe: autoDraw = True
36.9273 	EXP 	Device response: <KeyPress from None: t=36.91889530000117, value=v, duration=None>
36.9278 	EXP 	New trial (rep=3, index=2): <Trial 14 (2 in rep 3) data={'pos': 50, 'corr_resp': 'c', 'thisN': 14, 'thisTrialN': 2, 'thisRepN': 3}>
36.9290 	DATA 	Keypress: v
36.9435 	EXP 	fixation: autoDraw = False
36.9435 	EXP 	line1: autoDraw = False
36.9435 	EXP 	line2: autoDraw = False
36.9435 	EXP 	line3: autoDraw = False
36.9435 	EXP 	line4: autoDraw = False
36.9435 	EXP 	probe: autoDraw = False
37.1081 	EXP 	Device response: <KeyPress from None: t=36.91889530000117, value=v, duration=0.18450579999989714>
37.9435 	EXP 	fixation: autoDraw = True
37.9435 	EXP 	line1: autoDraw = True
37.9435 	EXP 	line2: autoDraw = True
37.9435 	EXP 	line3: autoDraw = True
37.9435 	EXP 	line4: autoDraw = True
38.9270 	INFO 	Keyboard events cleared
38.9267 	EXP 	probe: autoDraw = True
38.9442 	EXP 	fixation: autoDraw = False
39.5602 	EXP 	Device response: <KeyPress from None: t=39.55668750000041, value=c, duration=None>
39.5606 	EXP 	New trial (rep=3, index=3): <Trial 15 (3 in rep 3) data={'pos': -150, 'corr_resp': 'z', 'thisN': 15, 'thisTrialN': 3, 'thisRepN': 3}>
39.5619 	DATA 	Keypress: c
39.5771 	EXP 	fixation: autoDraw = False
39.5771 	EXP 	line1: autoDraw = False
39.5771 	EXP 	line2: autoDraw = False
39.5771 	EXP 	line3: autoDraw = False
39.5771 	EXP 	line4: autoDraw = False
39.5771 	EXP 	probe: autoDraw = False
39.7600 	EXP 	Device response: <KeyPress from None: t=39.55668750000041, value=c, duration=0.1933857000003627>
40.5603 	EXP 	fixation: autoDraw = True
40.5603 	EXP 	line1: autoDraw = True
40.5603 	EXP 	line2: autoDraw = True
40.5603 	EXP 	line3: autoDraw = True
40.5603 	EXP 	line4: autoDraw = True
41.5604 	INFO 	Keyboard events cleared
41.5602 	EXP 	fixation: autoDraw = False
41.5602 	EXP 	probe: autoDraw = True
42.1108 	EXP 	Device response: <KeyPress from None: t=42.096952700001566, value=z, duration=None>
42.1112 	EXP 	New trial (rep=4, index=0): <Trial 16 (0 in rep 4) data={'pos': -50, 'corr_resp': 'x', 'thisN': 16, 'thisTrialN': 0, 'thisRepN': 4}>
42.1126 	DATA 	Keypress: z
42.1270 	EXP 	fixation: autoDraw = False
42.1270 	EXP 	line1: autoDraw = False
42.1270 	EXP 	line2: autoDraw = False
42.1270 	EXP 	line3: autoDraw = False
42.1270 	EXP 	line4: autoDraw = False
42.1270 	EXP 	probe: autoDraw = False
42.2773 	EXP 	Device response: <KeyPress from None: t=42.096952700001566, value=z, duration=0.174853799999255>
43.1097 	EXP 	fixation: autoDraw = True
43.1097 	EXP 	line1: autoDraw = True
43.1097 	EXP 	line2: autoDraw = True
43.1097 	EXP 	line3: autoDraw = True
43.1097 	EXP 	line4: autoDraw = True
44.1108 	INFO 	Keyboard events cleared
44.1106 	EXP 	fixation: autoDraw = False
44.1106 	EXP 	probe: autoDraw = True
44.7755 	EXP 	Device response: <KeyPress from None: t=44.76160660000096, value=x, duration=None>
44.7759 	EXP 	New trial (rep=4, index=1): <Trial 17 (1 in rep 4) data={'pos': 150, 'corr_resp': 'v', 'thisN': 17, 'thisTrialN': 1, 'thisRepN': 4}>
44.7772 	DATA 	Keypress: x
44.7924 	EXP 	fixation: autoDraw = False
44.7924 	EXP 	line1: autoDraw = False
44.7924 	EXP 	line2: autoDraw = False
44.7924 	EXP 	line3: autoDraw = False
44.7924 	EXP 	line4: autoDraw = False
44.7924 	EXP 	probe: autoDraw = False
44.9589 	EXP 	Device response: <KeyPress from None: t=44.76160660000096, value=x, duration=0.18455270000049495>
45.7800 	EXP 	fixation: autoDraw = True
45.7800 	EXP 	line1: autoDraw = True
45.7800 	EXP 	line2: autoDraw = True
45.7800 	EXP 	line3: autoDraw = True
45.7800 	EXP 	line4: autoDraw = True
46.7764 	INFO 	Keyboard events cleared
46.7762 	EXP 	probe: autoDraw = True
46.7921 	EXP 	fixation: autoDraw = False
47.2933 	EXP 	Device response: <KeyPress from None: t=47.28879479999887, value=v, duration=None>
47.2937 	EXP 	New trial (rep=4, index=2): <Trial 18 (2 in rep 4) data={'pos': 50, 'corr_resp': 'c', 'thisN': 18, 'thisTrialN': 2, 'thisRepN': 4}>
47.2949 	DATA 	Keypress: v
47.3098 	EXP 	fixation: autoDraw = False
47.3098 	EXP 	line1: autoDraw = False
47.3098 	EXP 	line2: autoDraw = False
47.3098 	EXP 	line3: autoDraw = False
47.3098 	EXP 	line4: autoDraw = False
47.3098 	EXP 	probe: autoDraw = False
47.5107 	EXP 	Device response: <KeyPress from None: t=47.28879479999887, value=v, duration=0.21034100000179023>
48.2932 	EXP 	fixation: autoDraw = True
48.2932 	EXP 	line1: autoDraw = True
48.2932 	EXP 	line2: autoDraw = True
48.2932 	EXP 	line3: autoDraw = True
48.2932 	EXP 	line4: autoDraw = True
49.2930 	INFO 	Keyboard events cleared
49.2928 	EXP 	fixation: autoDraw = False
49.2928 	EXP 	probe: autoDraw = True
49.8607 	EXP 	Device response: <KeyPress from None: t=49.84772050000174, value=c, duration=None>
49.8611 	EXP 	New trial (rep=4, index=3): <Trial 19 (3 in rep 4) data={'pos': -150, 'corr_resp': 'z', 'thisN': 19, 'thisTrialN': 3, 'thisRepN': 4}>
49.8624 	DATA 	Keypress: c
49.8770 	EXP 	fixation: autoDraw = False
49.8770 	EXP 	line1: autoDraw = False
49.8770 	EXP 	line2: autoDraw = False
49.8770 	EXP 	line3: autoDraw = False
49.8770 	EXP 	line4: autoDraw = False
49.8770 	EXP 	probe: autoDraw = False
50.2937 	EXP 	Device response: <KeyPress from None: t=49.84772050000174, value=c, duration=0.4330303999995522>
50.8744 	EXP 	fixation: autoDraw = True
50.8744 	EXP 	line1: autoDraw = True
50.8744 	EXP 	line2: autoDraw = True
50.8744 	EXP 	line3: autoDraw = True
50.8744 	EXP 	line4: autoDraw = True
51.8604 	INFO 	Keyboard events cleared
51.8602 	EXP 	probe: autoDraw = True
51.8767 	EXP 	fixation: autoDraw = False
52.5610 	EXP 	Device response: <KeyPress from None: t=52.544194099999004, value=z, duration=None>
52.5615 	EXP 	New trial (rep=5, index=0): <Trial 20 (0 in rep 5) data={'pos': -50, 'corr_resp': 'x', 'thisN': 20, 'thisTrialN': 0, 'thisRepN': 5}>
52.5628 	DATA 	Keypress: z
52.5745 	EXP 	fixation: autoDraw = False
52.5745 	EXP 	line1: autoDraw = False
52.5745 	EXP 	line2: autoDraw = False
52.5745 	EXP 	line3: autoDraw = False
52.5745 	EXP 	line4: autoDraw = False
52.5745 	EXP 	probe: autoDraw = False
52.7435 	EXP 	Device response: <KeyPress from None: t=52.544194099999004, value=z, duration=0.19406540000272798>
53.5609 	EXP 	fixation: autoDraw = True
53.5609 	EXP 	line1: autoDraw = True
53.5609 	EXP 	line2: autoDraw = True
53.5609 	EXP 	line3: autoDraw = True
53.5609 	EXP 	line4: autoDraw = True
54.5760 	INFO 	Keyboard events cleared
54.5758 	EXP 	fixation: autoDraw = False
54.5758 	EXP 	probe: autoDraw = True
55.2931 	EXP 	Device response: <KeyPress from None: t=55.284566900001664, value=x, duration=None>
55.2935 	EXP 	New trial (rep=5, index=1): <Trial 21 (1 in rep 5) data={'pos': 150, 'corr_resp': 'v', 'thisN': 21, 'thisTrialN': 1, 'thisRepN': 5}>
55.2948 	DATA 	Keypress: x
55.3101 	EXP 	fixation: autoDraw = False
55.3101 	EXP 	line1: autoDraw = False
55.3101 	EXP 	line2: autoDraw = False
55.3101 	EXP 	line3: autoDraw = False
55.3101 	EXP 	line4: autoDraw = False
55.3101 	EXP 	probe: autoDraw = False
55.4939 	EXP 	Device response: <KeyPress from None: t=55.284566900001664, value=x, duration=0.20731399999931455>
56.3132 	EXP 	fixation: autoDraw = True
56.3132 	EXP 	line1: autoDraw = True
56.3132 	EXP 	line2: autoDraw = True
56.3132 	EXP 	line3: autoDraw = True
56.3132 	EXP 	line4: autoDraw = True
57.2980 	INFO 	Keyboard events cleared
57.2977 	EXP 	probe: autoDraw = True
57.3132 	EXP 	fixation: autoDraw = False
57.9108 	EXP 	Device response: <KeyPress from None: t=57.89806999999928, value=v, duration=None>
57.9112 	EXP 	New trial (rep=5, index=2): <Trial 22 (2 in rep 5) data={'pos': 50, 'corr_resp': 'c', 'thisN': 22, 'thisTrialN': 2, 'thisRepN': 5}>
57.9127 	DATA 	Keypress: v
57.9270 	EXP 	fixation: autoDraw = False
57.9270 	EXP 	line1: autoDraw = False
57.9270 	EXP 	line2: autoDraw = False
57.9270 	EXP 	line3: autoDraw = False
57.9270 	EXP 	line4: autoDraw = False
57.9270 	EXP 	probe: autoDraw = False
58.0938 	EXP 	Device response: <KeyPress from None: t=57.89806999999928, value=v, duration=0.19055090000256314>
58.9267 	EXP 	fixation: autoDraw = True
58.9267 	EXP 	line1: autoDraw = True
58.9267 	EXP 	line2: autoDraw = True
58.9267 	EXP 	line3: autoDraw = True
58.9267 	EXP 	line4: autoDraw = True
59.9104 	INFO 	Keyboard events cleared
59.9102 	EXP 	probe: autoDraw = True
59.9268 	EXP 	fixation: autoDraw = False
60.5612 	EXP 	Device response: <KeyPress from None: t=60.553003199998784, value=c, duration=None>
60.5617 	EXP 	New trial (rep=5, index=3): <Trial 23 (3 in rep 5) data={'pos': -150, 'corr_resp': 'z', 'thisN': 23, 'thisTrialN': 3, 'thisRepN': 5}>
60.5631 	DATA 	Keypress: c
60.5772 	EXP 	fixation: autoDraw = False
60.5772 	EXP 	line1: autoDraw = False
60.5772 	EXP 	line2: autoDraw = False
60.5772 	EXP 	line3: autoDraw = False
60.5772 	EXP 	line4: autoDraw = False
60.5772 	EXP 	probe: autoDraw = False
60.7605 	EXP 	Device response: <KeyPress from None: t=60.553003199998784, value=c, duration=0.19120490000204882>
61.5627 	EXP 	fixation: autoDraw = True
61.5627 	EXP 	line1: autoDraw = True
61.5627 	EXP 	line2: autoDraw = True
61.5627 	EXP 	line3: autoDraw = True
61.5627 	EXP 	line4: autoDraw = True
62.5645 	INFO 	Keyboard events cleared
62.5642 	EXP 	fixation: autoDraw = False
62.5642 	EXP 	probe: autoDraw = True
63.2772 	EXP 	Device response: <KeyPress from None: t=63.27268700000059, value=z, duration=None>
63.2776 	EXP 	New trial (rep=6, index=0): <Trial 24 (0 in rep 6) data={'pos': -50, 'corr_resp': 'x', 'thisN': 24, 'thisTrialN': 0, 'thisRepN': 6}>
63.2790 	DATA 	Keypress: z
63.2933 	EXP 	fixation: autoDraw = False
63.2933 	EXP 	line1: autoDraw = False
63.2933 	EXP 	line2: autoDraw = False
63.2933 	EXP 	line3: autoDraw = False
63.2933 	EXP 	line4: autoDraw = False
63.2933 	EXP 	probe: autoDraw = False
63.4984 	EXP 	Device response: <KeyPress from None: t=63.27268700000059, value=z, duration=0.21108349999849452>
64.2792 	EXP 	fixation: autoDraw = True
64.2792 	EXP 	line1: autoDraw = True
64.2792 	EXP 	line2: autoDraw = True
64.2792 	EXP 	line3: autoDraw = True
64.2792 	EXP 	line4: autoDraw = True
65.2774 	INFO 	Keyboard events cleared
65.2772 	EXP 	probe: autoDraw = True
65.2934 	EXP 	fixation: autoDraw = False
65.8272 	EXP 	Device response: <KeyPress from None: t=65.8137413000004, value=x, duration=None>
65.8276 	EXP 	New trial (rep=6, index=1): <Trial 25 (1 in rep 6) data={'pos': 150, 'corr_resp': 'v', 'thisN': 25, 'thisTrialN': 1, 'thisRepN': 6}>
65.8290 	DATA 	Keypress: x
65.8431 	EXP 	fixation: autoDraw = False
65.8431 	EXP 	line1: autoDraw = False
65.8431 	EXP 	line2: autoDraw = False
65.8431 	EXP 	line3: autoDraw = False
65.8431 	EXP 	line4: autoDraw = False
65.8431 	EXP 	probe: autoDraw = False
66.0615 	EXP 	Device response: <KeyPress from None: t=65.8137413000004, value=x, duration=0.24012740000034682>
66.8319 	EXP 	fixation: autoDraw = True
66.8319 	EXP 	line1: autoDraw = True
66.8319 	EXP 	line2: autoDraw = True
66.8319 	EXP 	line3: autoDraw = True
66.8319 	EXP 	line4: autoDraw = True
67.8268 	INFO 	Keyboard events cleared
67.8266 	EXP 	probe: autoDraw = True
67.8434 	EXP 	fixation: autoDraw = False
68.3188 	DATA 	Keypress: v
68.3317 	EXP 	Device response: <KeyPress from None: t=68.31477720000112, value=v, duration=None>
68.3326 	EXP 	New trial (rep=6, index=2): <Trial 26 (2 in rep 6) data={'pos': 50, 'corr_resp': 'c', 'thisN': 26, 'thisTrialN': 2, 'thisRepN': 6}>
68.3477 	EXP 	fixation: autoDraw = False
68.3477 	EXP 	line1: autoDraw = False
68.3477 	EXP 	line2: autoDraw = False
68.3477 	EXP 	line3: autoDraw = False
68.3477 	EXP 	line4: autoDraw = False
68.3477 	EXP 	probe: autoDraw = False
68.5154 	EXP 	Device response: <KeyPress from None: t=68.31477720000112, value=v, duration=0.1992949999985285>
69.3470 	EXP 	fixation: autoDraw = True
69.3470 	EXP 	line1: autoDraw = True
69.3470 	EXP 	line2: autoDraw = True
69.3470 	EXP 	line3: autoDraw = True
69.3470 	EXP 	line4: autoDraw = True
70.3456 	INFO 	Keyboard events cleared
70.3453 	EXP 	fixation: autoDraw = False
70.3453 	EXP 	probe: autoDraw = True
70.8938 	EXP 	Device response: <KeyPress from None: t=70.88464250000106, value=c, duration=None>
70.8942 	EXP 	New trial (rep=6, index=3): <Trial 27 (3 in rep 6) data={'pos': -150, 'corr_resp': 'z', 'thisN': 27, 'thisTrialN': 3, 'thisRepN': 6}>
70.8955 	DATA 	Keypress: c
70.9100 	EXP 	fixation: autoDraw = False
70.9100 	EXP 	line1: autoDraw = False
70.9100 	EXP 	line2: autoDraw = False
70.9100 	EXP 	line3: autoDraw = False
70.9100 	EXP 	line4: autoDraw = False
70.9100 	EXP 	probe: autoDraw = False
71.2778 	EXP 	Device response: <KeyPress from None: t=70.88464250000106, value=c, duration=0.39177030000064406>
71.8933 	EXP 	fixation: autoDraw = True
71.8933 	EXP 	line1: autoDraw = True
71.8933 	EXP 	line2: autoDraw = True
71.8933 	EXP 	line3: autoDraw = True
71.8933 	EXP 	line4: autoDraw = True
72.8942 	INFO 	Keyboard events cleared
72.8939 	EXP 	fixation: autoDraw = False
72.8939 	EXP 	probe: autoDraw = True
73.3771 	DATA 	Keypress: z
73.3920 	EXP 	Device response: <KeyPress from None: t=73.37542949999988, value=z, duration=None>
73.3924 	EXP 	New trial (rep=7, index=0): <Trial 28 (0 in rep 7) data={'pos': -50, 'corr_resp': 'x', 'thisN': 28, 'thisTrialN': 0, 'thisRepN': 7}>
73.4087 	EXP 	fixation: autoDraw = False
73.4087 	EXP 	line1: autoDraw = False
73.4087 	EXP 	line2: autoDraw = False
73.4087 	EXP 	line3: autoDraw = False
73.4087 	EXP 	line4: autoDraw = False
73.4087 	EXP 	probe: autoDraw = False
73.5590 	EXP 	Device response: <KeyPress from None: t=73.37542949999988, value=z, duration=0.17216370000096504>
74.3957 	EXP 	fixation: autoDraw = True
74.3957 	EXP 	line1: autoDraw = True
74.3957 	EXP 	line2: autoDraw = True
74.3957 	EXP 	line3: autoDraw = True
74.3957 	EXP 	line4: autoDraw = True
75.4088 	INFO 	Keyboard events cleared
75.4086 	EXP 	fixation: autoDraw = False
75.4086 	EXP 	probe: autoDraw = True
76.2286 	EXP 	Device response: <KeyPress from None: t=76.22667440000077, value=x, duration=None>
76.2290 	EXP 	New trial (rep=7, index=1): <Trial 29 (1 in rep 7) data={'pos': 150, 'corr_resp': 'v', 'thisN': 29, 'thisTrialN': 1, 'thisRepN': 7}>
76.2304 	DATA 	Keypress: x
76.2434 	EXP 	fixation: autoDraw = False
76.2434 	EXP 	line1: autoDraw = False
76.2434 	EXP 	line2: autoDraw = False
76.2434 	EXP 	line3: autoDraw = False
76.2434 	EXP 	line4: autoDraw = False
76.2434 	EXP 	probe: autoDraw = False
76.4272 	EXP 	Device response: <KeyPress from None: t=76.22667440000077, value=x, duration=0.1894021000007342>
77.2297 	EXP 	fixation: autoDraw = True
77.2297 	EXP 	line1: autoDraw = True
77.2297 	EXP 	line2: autoDraw = True
77.2297 	EXP 	line3: autoDraw = True
77.2297 	EXP 	line4: autoDraw = True
78.2436 	INFO 	Keyboard events cleared
78.2434 	EXP 	fixation: autoDraw = False
78.2434 	EXP 	probe: autoDraw = True
78.5627 	DATA 	Keypress: v
78.5768 	EXP 	Device response: <KeyPress from None: t=78.5620650000019, value=v, duration=None>
78.5772 	EXP 	New trial (rep=7, index=2): <Trial 30 (2 in rep 7) data={'pos': 50, 'corr_resp': 'c', 'thisN': 30, 'thisTrialN': 2, 'thisRepN': 7}>
78.5929 	EXP 	fixation: autoDraw = False
78.5929 	EXP 	line1: autoDraw = False
78.5929 	EXP 	line2: autoDraw = False
78.5929 	EXP 	line3: autoDraw = False
78.5929 	EXP 	line4: autoDraw = False
78.5929 	EXP 	probe: autoDraw = False
78.7622 	EXP 	Device response: <KeyPress from None: t=78.5620650000019, value=v, duration=0.19978689999697963>
79.5806 	EXP 	fixation: autoDraw = True
79.5806 	EXP 	line1: autoDraw = True
79.5806 	EXP 	line2: autoDraw = True
79.5806 	EXP 	line3: autoDraw = True
79.5806 	EXP 	line4: autoDraw = True
80.5775 	INFO 	Keyboard events cleared
80.5773 	EXP 	probe: autoDraw = True
80.5932 	EXP 	fixation: autoDraw = False
81.2467 	EXP 	Device response: <KeyPress from None: t=81.24562140000126, value=c, duration=None>
81.2474 	EXP 	New trial (rep=7, index=3): <Trial 31 (3 in rep 7) data={'pos': -150, 'corr_resp': 'z', 'thisN': 31, 'thisTrialN': 3, 'thisRepN': 7}>
81.2502 	DATA 	Keypress: c
81.2633 	EXP 	fixation: autoDraw = False
81.2633 	EXP 	line1: autoDraw = False
81.2633 	EXP 	line2: autoDraw = False
81.2633 	EXP 	line3: autoDraw = False
81.2633 	EXP 	line4: autoDraw = False
81.2633 	EXP 	probe: autoDraw = False
81.4484 	EXP 	Device response: <KeyPress from None: t=81.24562140000126, value=c, duration=0.19593109999914304>
82.2589 	EXP 	fixation: autoDraw = True
82.2589 	EXP 	line1: autoDraw = True
82.2589 	EXP 	line2: autoDraw = True
82.2589 	EXP 	line3: autoDraw = True
82.2589 	EXP 	line4: autoDraw = True
83.2601 	INFO 	Keyboard events cleared
83.2599 	EXP 	probe: autoDraw = True
83.2765 	EXP 	fixation: autoDraw = False
83.8114 	EXP 	Device response: <KeyPress from None: t=83.80976250000094, value=z, duration=None>
83.8118 	EXP 	New trial (rep=8, index=0): <Trial 32 (0 in rep 8) data={'pos': -50, 'corr_resp': 'x', 'thisN': 32, 'thisTrialN': 0, 'thisRepN': 8}>
83.8132 	DATA 	Keypress: z
83.8270 	EXP 	fixation: autoDraw = False
83.8270 	EXP 	line1: autoDraw = False
83.8270 	EXP 	line2: autoDraw = False
83.8270 	EXP 	line3: autoDraw = False
83.8270 	EXP 	line4: autoDraw = False
83.8270 	EXP 	probe: autoDraw = False
84.0103 	EXP 	Device response: <KeyPress from None: t=83.80976250000094, value=z, duration=0.193112500001007>
84.8263 	EXP 	fixation: autoDraw = True
84.8263 	EXP 	line1: autoDraw = True
84.8263 	EXP 	line2: autoDraw = True
84.8263 	EXP 	line3: autoDraw = True
84.8263 	EXP 	line4: autoDraw = True
85.8138 	INFO 	Keyboard events cleared
85.8135 	EXP 	probe: autoDraw = True
85.8300 	EXP 	fixation: autoDraw = False
86.5439 	EXP 	Device response: <KeyPress from None: t=86.53940689999945, value=x, duration=None>
86.5442 	EXP 	New trial (rep=8, index=1): <Trial 33 (1 in rep 8) data={'pos': 150, 'corr_resp': 'v', 'thisN': 33, 'thisTrialN': 1, 'thisRepN': 8}>
86.5454 	DATA 	Keypress: x
86.5585 	EXP 	fixation: autoDraw = False
86.5585 	EXP 	line1: autoDraw = False
86.5585 	EXP 	line2: autoDraw = False
86.5585 	EXP 	line3: autoDraw = False
86.5585 	EXP 	line4: autoDraw = False
86.5585 	EXP 	probe: autoDraw = False
86.7805 	EXP 	Device response: <KeyPress from None: t=86.53940689999945, value=x, duration=0.22726450000118348>
87.5579 	EXP 	fixation: autoDraw = True
87.5579 	EXP 	line1: autoDraw = True
87.5579 	EXP 	line2: autoDraw = True
87.5579 	EXP 	line3: autoDraw = True
87.5579 	EXP 	line4: autoDraw = True
88.5596 	INFO 	Keyboard events cleared
88.5594 	EXP 	fixation: autoDraw = False
88.5594 	EXP 	probe: autoDraw = True
88.9929 	EXP 	Device response: <KeyPress from None: t=88.98923450000075, value=v, duration=None>
88.9933 	EXP 	New trial (rep=8, index=2): <Trial 34 (2 in rep 8) data={'pos': 50, 'corr_resp': 'c', 'thisN': 34, 'thisTrialN': 2, 'thisRepN': 8}>
88.9946 	DATA 	Keypress: v
89.0092 	EXP 	fixation: autoDraw = False
89.0092 	EXP 	line1: autoDraw = False
89.0092 	EXP 	line2: autoDraw = False
89.0092 	EXP 	line3: autoDraw = False
89.0092 	EXP 	line4: autoDraw = False
89.0092 	EXP 	probe: autoDraw = False
89.2101 	EXP 	Device response: <KeyPress from None: t=88.98923450000075, value=v, duration=0.20432119999895804>
90.0105 	EXP 	fixation: autoDraw = True
90.0105 	EXP 	line1: autoDraw = True
90.0105 	EXP 	line2: autoDraw = True
90.0105 	EXP 	line3: autoDraw = True
90.0105 	EXP 	line4: autoDraw = True
90.9910 	INFO 	Keyboard events cleared
90.9908 	EXP 	probe: autoDraw = True
91.0259 	EXP 	fixation: autoDraw = False
91.4762 	EXP 	Device response: <KeyPress from None: t=91.47001470000032, value=c, duration=None>
91.4766 	EXP 	New trial (rep=8, index=3): <Trial 35 (3 in rep 8) data={'pos': -150, 'corr_resp': 'z', 'thisN': 35, 'thisTrialN': 3, 'thisRepN': 8}>
91.4778 	DATA 	Keypress: c
91.4929 	EXP 	fixation: autoDraw = False
91.4929 	EXP 	line1: autoDraw = False
91.4929 	EXP 	line2: autoDraw = False
91.4929 	EXP 	line3: autoDraw = False
91.4929 	EXP 	line4: autoDraw = False
91.4929 	EXP 	probe: autoDraw = False
91.6604 	EXP 	Device response: <KeyPress from None: t=91.47001470000032, value=c, duration=0.18256100000144215>
92.4761 	EXP 	fixation: autoDraw = True
92.4761 	EXP 	line1: autoDraw = True
92.4761 	EXP 	line2: autoDraw = True
92.4761 	EXP 	line3: autoDraw = True
92.4761 	EXP 	line4: autoDraw = True
93.4765 	INFO 	Keyboard events cleared
93.4763 	EXP 	fixation: autoDraw = False
93.4763 	EXP 	probe: autoDraw = True
93.8268 	EXP 	Device response: <KeyPress from None: t=93.82175089999873, value=z, duration=None>
93.8272 	EXP 	New trial (rep=9, index=0): <Trial 36 (0 in rep 9) data={'pos': -50, 'corr_resp': 'x', 'thisN': 36, 'thisTrialN': 0, 'thisRepN': 9}>
93.8285 	DATA 	Keypress: z
93.8430 	EXP 	fixation: autoDraw = False
93.8430 	EXP 	line1: autoDraw = False
93.8430 	EXP 	line2: autoDraw = False
93.8430 	EXP 	line3: autoDraw = False
93.8430 	EXP 	line4: autoDraw = False
93.8430 	EXP 	probe: autoDraw = False
93.9920 	EXP 	Device response: <KeyPress from None: t=93.82175089999873, value=z, duration=0.16561790000196197>
94.8262 	EXP 	fixation: autoDraw = True
94.8262 	EXP 	line1: autoDraw = True
94.8262 	EXP 	line2: autoDraw = True
94.8262 	EXP 	line3: autoDraw = True
94.8262 	EXP 	line4: autoDraw = True
95.8265 	INFO 	Keyboard events cleared
95.8263 	EXP 	fixation: autoDraw = False
95.8263 	EXP 	probe: autoDraw = True
96.5767 	EXP 	Device response: <KeyPress from None: t=96.56283650000114, value=x, duration=None>
96.5772 	EXP 	New trial (rep=9, index=1): <Trial 37 (1 in rep 9) data={'pos': 150, 'corr_resp': 'v', 'thisN': 37, 'thisTrialN': 1, 'thisRepN': 9}>
96.5787 	DATA 	Keypress: x
96.5937 	EXP 	fixation: autoDraw = False
96.5937 	EXP 	line1: autoDraw = False
96.5937 	EXP 	line2: autoDraw = False
96.5937 	EXP 	line3: autoDraw = False
96.5937 	EXP 	line4: autoDraw = False
96.5937 	EXP 	probe: autoDraw = False
97.0766 	EXP 	Device response: <KeyPress from None: t=96.56283650000114, value=x, duration=0.506450799999584>
97.5761 	EXP 	fixation: autoDraw = True
97.5761 	EXP 	line1: autoDraw = True
97.5761 	EXP 	line2: autoDraw = True
97.5761 	EXP 	line3: autoDraw = True
97.5761 	EXP 	line4: autoDraw = True
98.5933 	INFO 	Keyboard events cleared
98.5931 	EXP 	fixation: autoDraw = False
98.5931 	EXP 	probe: autoDraw = True
98.9764 	EXP 	Device response: <KeyPress from None: t=98.97116870000173, value=v, duration=None>
98.9769 	EXP 	New trial (rep=9, index=2): <Trial 38 (2 in rep 9) data={'pos': 50, 'corr_resp': 'c', 'thisN': 38, 'thisTrialN': 2, 'thisRepN': 9}>
98.9784 	DATA 	Keypress: v
98.9915 	EXP 	fixation: autoDraw = False
98.9915 	EXP 	line1: autoDraw = False
98.9915 	EXP 	line2: autoDraw = False
98.9915 	EXP 	line3: autoDraw = False
98.9915 	EXP 	line4: autoDraw = False
98.9915 	EXP 	probe: autoDraw = False
99.1438 	EXP 	Device response: <KeyPress from None: t=98.97116870000173, value=v, duration=0.17215289999876404>
99.9764 	EXP 	fixation: autoDraw = True
99.9764 	EXP 	line1: autoDraw = True
99.9764 	EXP 	line2: autoDraw = True
99.9764 	EXP 	line3: autoDraw = True
99.9764 	EXP 	line4: autoDraw = True
100.9762 	INFO 	Keyboard events cleared
100.9760 	EXP 	fixation: autoDraw = False
100.9760 	EXP 	probe: autoDraw = True
101.6076 	EXP 	Device response: <KeyPress from None: t=101.60439920000135, value=c, duration=None>
101.6080 	EXP 	New trial (rep=9, index=3): <Trial 39 (3 in rep 9) data={'pos': -150, 'corr_resp': 'z', 'thisN': 39, 'thisTrialN': 3, 'thisRepN': 9}>
101.6092 	DATA 	Keypress: c
101.6243 	EXP 	fixation: autoDraw = False
101.6243 	EXP 	line1: autoDraw = False
101.6243 	EXP 	line2: autoDraw = False
101.6243 	EXP 	line3: autoDraw = False
101.6243 	EXP 	line4: autoDraw = False
101.6243 	EXP 	probe: autoDraw = False
101.8146 	EXP 	Device response: <KeyPress from None: t=101.60439920000135, value=c, duration=0.2050849000006565>
102.6129 	EXP 	fixation: autoDraw = True
102.6129 	EXP 	line1: autoDraw = True
102.6129 	EXP 	line2: autoDraw = True
102.6129 	EXP 	line3: autoDraw = True
102.6129 	EXP 	line4: autoDraw = True
103.6102 	INFO 	Keyboard events cleared
103.6100 	EXP 	probe: autoDraw = True
103.6259 	EXP 	fixation: autoDraw = False
103.9936 	EXP 	Device response: <KeyPress from None: t=103.98283730000185, value=z, duration=None>
103.9940 	EXP 	New trial (rep=10, index=0): <Trial 40 (0 in rep 10) data={'pos': -50, 'corr_resp': 'x', 'thisN': 40, 'thisTrialN': 0, 'thisRepN': 10}>
103.9954 	DATA 	Keypress: z
104.0083 	EXP 	fixation: autoDraw = False
104.0083 	EXP 	line1: autoDraw = False
104.0083 	EXP 	line2: autoDraw = False
104.0083 	EXP 	line3: autoDraw = False
104.0083 	EXP 	line4: autoDraw = False
104.0083 	EXP 	probe: autoDraw = False
104.1476 	EXP 	Device response: <KeyPress from None: t=103.98283730000185, value=z, duration=0.1555964999970456>
105.0077 	EXP 	fixation: autoDraw = True
105.0077 	EXP 	line1: autoDraw = True
105.0077 	EXP 	line2: autoDraw = True
105.0077 	EXP 	line3: autoDraw = True
105.0077 	EXP 	line4: autoDraw = True
106.0086 	INFO 	Keyboard events cleared
106.0085 	EXP 	fixation: autoDraw = False
106.0085 	EXP 	probe: autoDraw = True
106.1260 	EXP 	Device response: <KeyPress from None: t=106.12377349999952, value=x, duration=None>
106.1263 	EXP 	New trial (rep=10, index=1): <Trial 41 (1 in rep 10) data={'pos': 150, 'corr_resp': 'v', 'thisN': 41, 'thisTrialN': 1, 'thisRepN': 10}>
106.1271 	DATA 	Keypress: x
106.1408 	EXP 	fixation: autoDraw = False
106.1408 	EXP 	line1: autoDraw = False
106.1408 	EXP 	line2: autoDraw = False
106.1408 	EXP 	line3: autoDraw = False
106.1408 	EXP 	line4: autoDraw = False
106.1408 	EXP 	probe: autoDraw = False
106.5429 	EXP 	Device response: <KeyPress from None: t=106.12377349999952, value=x, duration=0.4142924000007042>
107.1259 	EXP 	fixation: autoDraw = True
107.1259 	EXP 	line1: autoDraw = True
107.1259 	EXP 	line2: autoDraw = True
107.1259 	EXP 	line3: autoDraw = True
107.1259 	EXP 	line4: autoDraw = True
107.9770 	EXP 	Device response: <KeyPress from None: t=107.9727649000015, value=v, duration=None>
107.9795 	DATA 	Keypress: v
108.1239 	INFO 	Keyboard events cleared
108.1238 	EXP 	fixation: autoDraw = False
108.1238 	EXP 	probe: autoDraw = True
108.1739 	EXP 	Device response: <KeyPress from None: t=107.9727649000015, value=v, duration=0.1927374000006239>
108.7102 	EXP 	Device response: <KeyPress from None: t=108.70019590000084, value=v, duration=None>
108.7107 	EXP 	New trial (rep=10, index=2): <Trial 42 (2 in rep 10) data={'pos': 50, 'corr_resp': 'c', 'thisN': 42, 'thisTrialN': 2, 'thisRepN': 10}>
108.7123 	DATA 	Keypress: v
108.7262 	EXP 	fixation: autoDraw = False
108.7262 	EXP 	line1: autoDraw = False
108.7262 	EXP 	line2: autoDraw = False
108.7262 	EXP 	line3: autoDraw = False
108.7262 	EXP 	line4: autoDraw = False
108.7262 	EXP 	probe: autoDraw = False
108.8767 	EXP 	Device response: <KeyPress from None: t=108.70019590000084, value=v, duration=0.1706129999984114>
109.7096 	EXP 	fixation: autoDraw = True
109.7096 	EXP 	line1: autoDraw = True
109.7096 	EXP 	line2: autoDraw = True
109.7096 	EXP 	line3: autoDraw = True
109.7096 	EXP 	line4: autoDraw = True
110.7093 	EXP 	fixation: autoDraw = False
110.7261 	INFO 	Keyboard events cleared
110.7259 	EXP 	probe: autoDraw = True
111.0940 	EXP 	Device response: <KeyPress from None: t=111.0927456999998, value=c, duration=None>
111.0944 	EXP 	New trial (rep=10, index=3): <Trial 43 (3 in rep 10) data={'pos': -150, 'corr_resp': 'z', 'thisN': 43, 'thisTrialN': 3, 'thisRepN': 10}>
111.0957 	DATA 	Keypress: c
111.1095 	EXP 	fixation: autoDraw = False
111.1095 	EXP 	line1: autoDraw = False
111.1095 	EXP 	line2: autoDraw = False
111.1095 	EXP 	line3: autoDraw = False
111.1095 	EXP 	line4: autoDraw = False
111.1095 	EXP 	probe: autoDraw = False
111.2934 	EXP 	Device response: <KeyPress from None: t=111.0927456999998, value=c, duration=0.19655459999921732>
112.0925 	EXP 	fixation: autoDraw = True
112.0925 	EXP 	line1: autoDraw = True
112.0925 	EXP 	line2: autoDraw = True
112.0925 	EXP 	line3: autoDraw = True
112.0925 	EXP 	line4: autoDraw = True
113.0923 	EXP 	fixation: autoDraw = False
113.1096 	INFO 	Keyboard events cleared
113.1094 	EXP 	probe: autoDraw = True
113.5258 	EXP 	Device response: <KeyPress from None: t=113.51660790000096, value=z, duration=None>
113.5262 	EXP 	New trial (rep=11, index=0): <Trial 44 (0 in rep 11) data={'pos': -50, 'corr_resp': 'x', 'thisN': 44, 'thisTrialN': 0, 'thisRepN': 11}>
113.5275 	DATA 	Keypress: z
113.5424 	EXP 	fixation: autoDraw = False
113.5424 	EXP 	line1: autoDraw = False
113.5424 	EXP 	line2: autoDraw = False
113.5424 	EXP 	line3: autoDraw = False
113.5424 	EXP 	line4: autoDraw = False
113.5424 	EXP 	probe: autoDraw = False
113.7433 	EXP 	Device response: <KeyPress from None: t=113.51660790000096, value=z, duration=0.22285469999769703>
114.0769 	EXP 	Device response: <KeyPress from None: t=114.06341059999977, value=z, duration=None>
114.0778 	DATA 	Keypress: z
114.2592 	EXP 	Device response: <KeyPress from None: t=114.06341059999977, value=z, duration=0.19121069999891915>
114.5262 	EXP 	fixation: autoDraw = True
114.5262 	EXP 	line1: autoDraw = True
114.5262 	EXP 	line2: autoDraw = True
114.5262 	EXP 	line3: autoDraw = True
114.5262 	EXP 	line4: autoDraw = True
114.6592 	EXP 	Device response: <KeyPress from None: t=114.65403460000016, value=z, duration=None>
114.6609 	DATA 	Keypress: z
114.8646 	EXP 	Device response: <KeyPress from None: t=114.65403460000016, value=z, duration=0.20999899999878835>
115.5292 	INFO 	Keyboard events cleared
115.5289 	EXP 	fixation: autoDraw = False
115.5289 	EXP 	probe: autoDraw = True
116.0974 	EXP 	Device response: <KeyPress from None: t=116.088631300001, value=x, duration=None>
116.0981 	EXP 	New trial (rep=11, index=1): <Trial 45 (1 in rep 11) data={'pos': 150, 'corr_resp': 'v', 'thisN': 45, 'thisTrialN': 1, 'thisRepN': 11}>
116.1014 	DATA 	Keypress: x
116.1130 	EXP 	fixation: autoDraw = False
116.1130 	EXP 	line1: autoDraw = False
116.1130 	EXP 	line2: autoDraw = False
116.1130 	EXP 	line3: autoDraw = False
116.1130 	EXP 	line4: autoDraw = False
116.1130 	EXP 	probe: autoDraw = False
116.3635 	EXP 	Device response: <KeyPress from None: t=116.088631300001, value=x, duration=0.26618880000023637>
117.1079 	EXP 	fixation: autoDraw = True
117.1079 	EXP 	line1: autoDraw = True
117.1079 	EXP 	line2: autoDraw = True
117.1079 	EXP 	line3: autoDraw = True
117.1079 	EXP 	line4: autoDraw = True
118.1092 	INFO 	Keyboard events cleared
118.1090 	EXP 	fixation: autoDraw = False
118.1090 	EXP 	probe: autoDraw = True
118.4432 	EXP 	Device response: <KeyPress from None: t=118.43479370000205, value=v, duration=None>
118.4437 	EXP 	New trial (rep=11, index=2): <Trial 46 (2 in rep 11) data={'pos': 50, 'corr_resp': 'c', 'thisN': 46, 'thisTrialN': 2, 'thisRepN': 11}>
118.4451 	DATA 	Keypress: v
118.4590 	EXP 	fixation: autoDraw = False
118.4590 	EXP 	line1: autoDraw = False
118.4590 	EXP 	line2: autoDraw = False
118.4590 	EXP 	line3: autoDraw = False
118.4590 	EXP 	line4: autoDraw = False
118.4590 	EXP 	probe: autoDraw = False
118.6266 	EXP 	Device response: <KeyPress from None: t=118.43479370000205, value=v, duration=0.17854759999681846>
119.4576 	EXP 	fixation: autoDraw = True
119.4576 	EXP 	line1: autoDraw = True
119.4576 	EXP 	line2: autoDraw = True
119.4576 	EXP 	line3: autoDraw = True
119.4576 	EXP 	line4: autoDraw = True
120.4572 	INFO 	Keyboard events cleared
120.4570 	EXP 	fixation: autoDraw = False
120.4570 	EXP 	probe: autoDraw = True
120.8098 	EXP 	Device response: <KeyPress from None: t=120.8063559000002, value=c, duration=None>
120.8103 	EXP 	New trial (rep=11, index=3): <Trial 47 (3 in rep 11) data={'pos': -150, 'corr_resp': 'z', 'thisN': 47, 'thisTrialN': 3, 'thisRepN': 11}>
120.8115 	DATA 	Keypress: c
120.8259 	EXP 	fixation: autoDraw = False
120.8259 	EXP 	line1: autoDraw = False
120.8259 	EXP 	line2: autoDraw = False
120.8259 	EXP 	line3: autoDraw = False
120.8259 	EXP 	line4: autoDraw = False
120.8259 	EXP 	probe: autoDraw = False
121.0097 	EXP 	Device response: <KeyPress from None: t=120.8063559000002, value=c, duration=0.1976074999984121>
121.8090 	EXP 	fixation: autoDraw = True
121.8090 	EXP 	line1: autoDraw = True
121.8090 	EXP 	line2: autoDraw = True
121.8090 	EXP 	line3: autoDraw = True
121.8090 	EXP 	line4: autoDraw = True
122.8085 	EXP 	fixation: autoDraw = False
122.8267 	INFO 	Keyboard events cleared
122.8265 	EXP 	probe: autoDraw = True
123.1263 	EXP 	Device response: <KeyPress from None: t=123.12400139999954, value=z, duration=None>
123.1268 	EXP 	New trial (rep=12, index=0): <Trial 48 (0 in rep 12) data={'pos': -50, 'corr_resp': 'x', 'thisN': 48, 'thisTrialN': 0, 'thisRepN': 12}>
123.1280 	DATA 	Keypress: z
123.1432 	EXP 	fixation: autoDraw = False
123.1432 	EXP 	line1: autoDraw = False
123.1432 	EXP 	line2: autoDraw = False
123.1432 	EXP 	line3: autoDraw = False
123.1432 	EXP 	line4: autoDraw = False
123.1432 	EXP 	probe: autoDraw = False
123.2931 	EXP 	Device response: <KeyPress from None: t=123.12400139999954, value=z, duration=0.15634850000060396>
124.1253 	EXP 	fixation: autoDraw = True
124.1253 	EXP 	line1: autoDraw = True
124.1253 	EXP 	line2: autoDraw = True
124.1253 	EXP 	line3: autoDraw = True
124.1253 	EXP 	line4: autoDraw = True
125.1262 	INFO 	Keyboard events cleared
125.1260 	EXP 	fixation: autoDraw = False
125.1260 	EXP 	probe: autoDraw = True
125.6292 	DATA 	Keypress: x
125.6429 	EXP 	Device response: <KeyPress from None: t=125.62861120000161, value=x, duration=None>
125.6433 	EXP 	New trial (rep=12, index=1): <Trial 49 (1 in rep 12) data={'pos': 150, 'corr_resp': 'v', 'thisN': 49, 'thisTrialN': 1, 'thisRepN': 12}>
125.6596 	EXP 	fixation: autoDraw = False
125.6596 	EXP 	line1: autoDraw = False
125.6596 	EXP 	line2: autoDraw = False
125.6596 	EXP 	line3: autoDraw = False
125.6596 	EXP 	line4: autoDraw = False
125.6596 	EXP 	probe: autoDraw = False
126.0597 	EXP 	Device response: <KeyPress from None: t=125.62861120000161, value=x, duration=0.42565149999791174>
126.6427 	EXP 	fixation: autoDraw = True
126.6427 	EXP 	line1: autoDraw = True
126.6427 	EXP 	line2: autoDraw = True
126.6427 	EXP 	line3: autoDraw = True
126.6427 	EXP 	line4: autoDraw = True
127.6414 	INFO 	Keyboard events cleared
127.6412 	EXP 	fixation: autoDraw = False
127.6412 	EXP 	probe: autoDraw = True
128.0579 	EXP 	Device response: <KeyPress from None: t=128.0487933000004, value=v, duration=None>
128.0583 	EXP 	New trial (rep=12, index=2): <Trial 50 (2 in rep 12) data={'pos': 50, 'corr_resp': 'c', 'thisN': 50, 'thisTrialN': 2, 'thisRepN': 12}>
128.0596 	DATA 	Keypress: v
128.0754 	EXP 	fixation: autoDraw = False
128.0754 	EXP 	line1: autoDraw = False
128.0754 	EXP 	line2: autoDraw = False
128.0754 	EXP 	line3: autoDraw = False
128.0754 	EXP 	line4: autoDraw = False
128.0754 	EXP 	probe: autoDraw = False
128.2431 	EXP 	Device response: <KeyPress from None: t=128.0487933000004, value=v, duration=0.1888464000003296>
129.0591 	EXP 	fixation: autoDraw = True
129.0591 	EXP 	line1: autoDraw = True
129.0591 	EXP 	line2: autoDraw = True
129.0591 	EXP 	line3: autoDraw = True
129.0591 	EXP 	line4: autoDraw = True
130.0589 	INFO 	Keyboard events cleared
130.0588 	EXP 	probe: autoDraw = True
130.0753 	EXP 	fixation: autoDraw = False
130.4765 	EXP 	Device response: <KeyPress from None: t=130.46757900000011, value=c, duration=None>
130.4769 	EXP 	New trial (rep=12, index=3): <Trial 51 (3 in rep 12) data={'pos': -150, 'corr_resp': 'z', 'thisN': 51, 'thisTrialN': 3, 'thisRepN': 12}>
130.4783 	DATA 	Keypress: c
130.4924 	EXP 	fixation: autoDraw = False
130.4924 	EXP 	line1: autoDraw = False
130.4924 	EXP 	line2: autoDraw = False
130.4924 	EXP 	line3: autoDraw = False
130.4924 	EXP 	line4: autoDraw = False
130.4924 	EXP 	probe: autoDraw = False
130.6601 	EXP 	Device response: <KeyPress from None: t=130.46757900000011, value=c, duration=0.17741989999922225>
131.4755 	EXP 	fixation: autoDraw = True
131.4755 	EXP 	line1: autoDraw = True
131.4755 	EXP 	line2: autoDraw = True
131.4755 	EXP 	line3: autoDraw = True
131.4755 	EXP 	line4: autoDraw = True
132.4766 	INFO 	Keyboard events cleared
132.4764 	EXP 	fixation: autoDraw = False
132.4764 	EXP 	probe: autoDraw = True
132.9425 	DATA 	Keypress: z
132.9596 	EXP 	Device response: <KeyPress from None: t=132.94196100000045, value=z, duration=None>
132.9600 	EXP 	New trial (rep=13, index=0): <Trial 52 (0 in rep 13) data={'pos': -50, 'corr_resp': 'x', 'thisN': 52, 'thisTrialN': 0, 'thisRepN': 13}>
132.9769 	EXP 	fixation: autoDraw = False
132.9769 	EXP 	line1: autoDraw = False
132.9769 	EXP 	line2: autoDraw = False
132.9769 	EXP 	line3: autoDraw = False
132.9769 	EXP 	line4: autoDraw = False
132.9769 	EXP 	probe: autoDraw = False
133.1430 	EXP 	Device response: <KeyPress from None: t=132.94196100000045, value=z, duration=0.19545389999984764>
133.9589 	EXP 	fixation: autoDraw = True
133.9589 	EXP 	line1: autoDraw = True
133.9589 	EXP 	line2: autoDraw = True
133.9589 	EXP 	line3: autoDraw = True
133.9589 	EXP 	line4: autoDraw = True
134.9570 	INFO 	Keyboard events cleared
134.9569 	EXP 	fixation: autoDraw = False
134.9569 	EXP 	probe: autoDraw = True
135.2759 	EXP 	Device response: <KeyPress from None: t=135.26286800000162, value=x, duration=None>
135.2763 	EXP 	New trial (rep=13, index=1): <Trial 53 (1 in rep 13) data={'pos': 150, 'corr_resp': 'v', 'thisN': 53, 'thisTrialN': 1, 'thisRepN': 13}>
135.2776 	DATA 	Keypress: x
135.2924 	EXP 	fixation: autoDraw = False
135.2924 	EXP 	line1: autoDraw = False
135.2924 	EXP 	line2: autoDraw = False
135.2924 	EXP 	line3: autoDraw = False
135.2924 	EXP 	line4: autoDraw = False
135.2924 	EXP 	probe: autoDraw = False
135.4590 	EXP 	Device response: <KeyPress from None: t=135.26286800000162, value=x, duration=0.18387319999965257>
136.2760 	EXP 	fixation: autoDraw = True
136.2760 	EXP 	line1: autoDraw = True
136.2760 	EXP 	line2: autoDraw = True
136.2760 	EXP 	line3: autoDraw = True
136.2760 	EXP 	line4: autoDraw = True
137.2755 	INFO 	Keyboard events cleared
137.2753 	EXP 	fixation: autoDraw = False
137.2753 	EXP 	probe: autoDraw = True
137.6264 	EXP 	Device response: <KeyPress from None: t=137.62123710000014, value=v, duration=None>
137.6268 	EXP 	New trial (rep=13, index=2): <Trial 54 (2 in rep 13) data={'pos': 50, 'corr_resp': 'c', 'thisN': 54, 'thisTrialN': 2, 'thisRepN': 13}>
137.6281 	DATA 	Keypress: v
137.6431 	EXP 	fixation: autoDraw = False
137.6431 	EXP 	line1: autoDraw = False
137.6431 	EXP 	line2: autoDraw = False
137.6431 	EXP 	line3: autoDraw = False
137.6431 	EXP 	line4: autoDraw = False
137.6431 	EXP 	probe: autoDraw = False
137.8266 	EXP 	Device response: <KeyPress from None: t=137.62123710000014, value=v, duration=0.194654899998568>
138.6258 	EXP 	fixation: autoDraw = True
138.6258 	EXP 	line1: autoDraw = True
138.6258 	EXP 	line2: autoDraw = True
138.6258 	EXP 	line3: autoDraw = True
138.6258 	EXP 	line4: autoDraw = True
139.6260 	INFO 	Keyboard events cleared
139.6258 	EXP 	fixation: autoDraw = False
139.6258 	EXP 	probe: autoDraw = True
140.1929 	EXP 	Device response: <KeyPress from None: t=140.1844052000015, value=c, duration=None>
140.1933 	EXP 	New trial (rep=13, index=3): <Trial 55 (3 in rep 13) data={'pos': -150, 'corr_resp': 'z', 'thisN': 55, 'thisTrialN': 3, 'thisRepN': 13}>
140.1946 	DATA 	Keypress: c
140.2098 	EXP 	fixation: autoDraw = False
140.2098 	EXP 	line1: autoDraw = False
140.2098 	EXP 	line2: autoDraw = False
140.2098 	EXP 	line3: autoDraw = False
140.2098 	EXP 	line4: autoDraw = False
140.2098 	EXP 	probe: autoDraw = False
140.4159 	EXP 	Device response: <KeyPress from None: t=140.1844052000015, value=c, duration=0.2280559999999241>
141.1965 	EXP 	fixation: autoDraw = True
141.1965 	EXP 	line1: autoDraw = True
141.1965 	EXP 	line2: autoDraw = True
141.1965 	EXP 	line3: autoDraw = True
141.1965 	EXP 	line4: autoDraw = True
142.1963 	INFO 	Keyboard events cleared
142.1960 	EXP 	probe: autoDraw = True
142.2124 	EXP 	fixation: autoDraw = False
142.4762 	EXP 	Device response: <KeyPress from None: t=142.4641057000008, value=z, duration=None>
142.4766 	EXP 	New trial (rep=14, index=0): <Trial 56 (0 in rep 14) data={'pos': -50, 'corr_resp': 'x', 'thisN': 56, 'thisTrialN': 0, 'thisRepN': 14}>
142.4780 	DATA 	Keypress: z
142.4923 	EXP 	fixation: autoDraw = False
142.4923 	EXP 	line1: autoDraw = False
142.4923 	EXP 	line2: autoDraw = False
142.4923 	EXP 	line3: autoDraw = False
142.4923 	EXP 	line4: autoDraw = False
142.4923 	EXP 	probe: autoDraw = False
142.6310 	EXP 	Device response: <KeyPress from None: t=142.4641057000008, value=z, duration=0.15953340000123717>
143.4789 	EXP 	fixation: autoDraw = True
143.4789 	EXP 	line1: autoDraw = True
143.4789 	EXP 	line2: autoDraw = True
143.4789 	EXP 	line3: autoDraw = True
143.4789 	EXP 	line4: autoDraw = True
144.4758 	INFO 	Keyboard events cleared
144.4756 	EXP 	probe: autoDraw = True
144.4934 	EXP 	fixation: autoDraw = False
144.8614 	DATA 	Keypress: x
144.8770 	EXP 	Device response: <KeyPress from None: t=144.86048899999878, value=x, duration=None>
144.8774 	EXP 	New trial (rep=14, index=1): <Trial 57 (1 in rep 14) data={'pos': 150, 'corr_resp': 'v', 'thisN': 57, 'thisTrialN': 1, 'thisRepN': 14}>
144.8923 	EXP 	fixation: autoDraw = False
144.8923 	EXP 	line1: autoDraw = False
144.8923 	EXP 	line2: autoDraw = False
144.8923 	EXP 	line3: autoDraw = False
144.8923 	EXP 	line4: autoDraw = False
144.8923 	EXP 	probe: autoDraw = False
145.1262 	EXP 	Device response: <KeyPress from None: t=144.86048899999878, value=x, duration=0.25864260000162176>
145.8898 	EXP 	fixation: autoDraw = True
145.8898 	EXP 	line1: autoDraw = True
145.8898 	EXP 	line2: autoDraw = True
145.8898 	EXP 	line3: autoDraw = True
145.8898 	EXP 	line4: autoDraw = True
146.8927 	INFO 	Keyboard events cleared
146.8925 	EXP 	fixation: autoDraw = False
146.8925 	EXP 	probe: autoDraw = True
147.6430 	EXP 	Device response: <KeyPress from None: t=147.62902590000158, value=v, duration=None>
147.6435 	EXP 	New trial (rep=14, index=2): <Trial 58 (2 in rep 14) data={'pos': 50, 'corr_resp': 'c', 'thisN': 58, 'thisTrialN': 2, 'thisRepN': 14}>
147.6447 	DATA 	Keypress: v
147.6587 	EXP 	fixation: autoDraw = False
147.6587 	EXP 	line1: autoDraw = False
147.6587 	EXP 	line2: autoDraw = False
147.6587 	EXP 	line3: autoDraw = False
147.6587 	EXP 	line4: autoDraw = False
147.6587 	EXP 	probe: autoDraw = False
147.8429 	EXP 	Device response: <KeyPress from None: t=147.62902590000158, value=v, duration=0.20150399999693036>
148.6593 	EXP 	fixation: autoDraw = True
148.6593 	EXP 	line1: autoDraw = True
148.6593 	EXP 	line2: autoDraw = True
148.6593 	EXP 	line3: autoDraw = True
148.6593 	EXP 	line4: autoDraw = True
149.6426 	INFO 	Keyboard events cleared
149.6424 	EXP 	probe: autoDraw = True
149.6593 	EXP 	fixation: autoDraw = False
150.0435 	EXP 	Device response: <KeyPress from None: t=150.04090980000183, value=c, duration=None>
150.0440 	EXP 	New trial (rep=14, index=3): <Trial 59 (3 in rep 14) data={'pos': -150, 'corr_resp': 'z', 'thisN': 59, 'thisTrialN': 3, 'thisRepN': 14}>
150.0452 	DATA 	Keypress: c
150.0591 	EXP 	fixation: autoDraw = False
150.0591 	EXP 	line1: autoDraw = False
150.0591 	EXP 	line2: autoDraw = False
150.0591 	EXP 	line3: autoDraw = False
150.0591 	EXP 	line4: autoDraw = False
150.0591 	EXP 	probe: autoDraw = False
150.2595 	EXP 	Device response: <KeyPress from None: t=150.04090980000183, value=c, duration=0.20729109999956563>
151.0574 	EXP 	fixation: autoDraw = True
151.0574 	EXP 	line1: autoDraw = True
151.0574 	EXP 	line2: autoDraw = True
151.0574 	EXP 	line3: autoDraw = True
151.0574 	EXP 	line4: autoDraw = True
152.0592 	INFO 	Keyboard events cleared
152.0590 	EXP 	fixation: autoDraw = False
152.0590 	EXP 	probe: autoDraw = True
152.3590 	EXP 	Device response: <KeyPress from None: t=152.34716079999998, value=z, duration=None>
152.3594 	EXP 	New trial (rep=15, index=0): <Trial 60 (0 in rep 15) data={'pos': -50, 'corr_resp': 'x', 'thisN': 60, 'thisTrialN': 0, 'thisRepN': 15}>
152.3607 	DATA 	Keypress: z
152.3749 	EXP 	fixation: autoDraw = False
152.3749 	EXP 	line1: autoDraw = False
152.3749 	EXP 	line2: autoDraw = False
152.3749 	EXP 	line3: autoDraw = False
152.3749 	EXP 	line4: autoDraw = False
152.3749 	EXP 	probe: autoDraw = False
152.5426 	EXP 	Device response: <KeyPress from None: t=152.34716079999998, value=z, duration=0.1929989000018395>
153.3587 	EXP 	fixation: autoDraw = True
153.3587 	EXP 	line1: autoDraw = True
153.3587 	EXP 	line2: autoDraw = True
153.3587 	EXP 	line3: autoDraw = True
153.3587 	EXP 	line4: autoDraw = True
154.3591 	INFO 	Keyboard events cleared
154.3589 	EXP 	fixation: autoDraw = False
154.3589 	EXP 	probe: autoDraw = True
154.6434 	EXP 	Device response: <KeyPress from None: t=154.64108320000014, value=x, duration=None>
154.6439 	EXP 	New trial (rep=15, index=1): <Trial 61 (1 in rep 15) data={'pos': 150, 'corr_resp': 'v', 'thisN': 61, 'thisTrialN': 1, 'thisRepN': 15}>
154.6451 	DATA 	Keypress: x
154.6592 	EXP 	fixation: autoDraw = False
154.6592 	EXP 	line1: autoDraw = False
154.6592 	EXP 	line2: autoDraw = False
154.6592 	EXP 	line3: autoDraw = False
154.6592 	EXP 	line4: autoDraw = False
154.6592 	EXP 	probe: autoDraw = False
154.8761 	EXP 	Device response: <KeyPress from None: t=154.64108320000014, value=x, duration=0.23289440000007744>
155.6589 	EXP 	fixation: autoDraw = True
155.6589 	EXP 	line1: autoDraw = True
155.6589 	EXP 	line2: autoDraw = True
155.6589 	EXP 	line3: autoDraw = True
155.6589 	EXP 	line4: autoDraw = True
156.6591 	INFO 	Keyboard events cleared
156.6589 	EXP 	fixation: autoDraw = False
156.6589 	EXP 	probe: autoDraw = True
157.3595 	EXP 	Device response: <KeyPress from None: t=157.3513865999994, value=v, duration=None>
157.3600 	EXP 	New trial (rep=15, index=2): <Trial 62 (2 in rep 15) data={'pos': 50, 'corr_resp': 'c', 'thisN': 62, 'thisTrialN': 2, 'thisRepN': 15}>
157.3612 	DATA 	Keypress: v
157.3754 	EXP 	fixation: autoDraw = False
157.3754 	EXP 	line1: autoDraw = False
157.3754 	EXP 	line2: autoDraw = False
157.3754 	EXP 	line3: autoDraw = False
157.3754 	EXP 	line4: autoDraw = False
157.3754 	EXP 	probe: autoDraw = False
157.5426 	EXP 	Device response: <KeyPress from None: t=157.3513865999994, value=v, duration=0.18574900000021444>
158.3588 	EXP 	fixation: autoDraw = True
158.3588 	EXP 	line1: autoDraw = True
158.3588 	EXP 	line2: autoDraw = True
158.3588 	EXP 	line3: autoDraw = True
158.3588 	EXP 	line4: autoDraw = True
159.3589 	INFO 	Keyboard events cleared
159.3587 	EXP 	fixation: autoDraw = False
159.3587 	EXP 	probe: autoDraw = True
159.7260 	EXP 	Device response: <KeyPress from None: t=159.71913889999996, value=c, duration=None>
159.7265 	EXP 	New trial (rep=15, index=3): <Trial 63 (3 in rep 15) data={'pos': -150, 'corr_resp': 'z', 'thisN': 63, 'thisTrialN': 3, 'thisRepN': 15}>
159.7277 	DATA 	Keypress: c
159.7427 	EXP 	fixation: autoDraw = False
159.7427 	EXP 	line1: autoDraw = False
159.7427 	EXP 	line2: autoDraw = False
159.7427 	EXP 	line3: autoDraw = False
159.7427 	EXP 	line4: autoDraw = False
159.7427 	EXP 	probe: autoDraw = False
159.9425 	EXP 	Device response: <KeyPress from None: t=159.71913889999996, value=c, duration=0.21464629999900353>
160.7251 	EXP 	fixation: autoDraw = True
160.7251 	EXP 	line1: autoDraw = True
160.7251 	EXP 	line2: autoDraw = True
160.7251 	EXP 	line3: autoDraw = True
160.7251 	EXP 	line4: autoDraw = True
161.7268 	INFO 	Keyboard events cleared
161.7266 	EXP 	fixation: autoDraw = False
161.7266 	EXP 	probe: autoDraw = True
162.3138 	EXP 	Device response: <KeyPress from None: t=162.31033359999856, value=z, duration=None>
162.3145 	EXP 	New trial (rep=16, index=0): <Trial 64 (0 in rep 16) data={'pos': -50, 'corr_resp': 'x', 'thisN': 64, 'thisTrialN': 0, 'thisRepN': 16}>
162.3170 	DATA 	Keypress: z
162.3298 	EXP 	fixation: autoDraw = False
162.3298 	EXP 	line1: autoDraw = False
162.3298 	EXP 	line2: autoDraw = False
162.3298 	EXP 	line3: autoDraw = False
162.3298 	EXP 	line4: autoDraw = False
162.3298 	EXP 	probe: autoDraw = False
162.4948 	EXP 	Device response: <KeyPress from None: t=162.31033359999856, value=z, duration=0.17387090000192984>
163.3232 	EXP 	fixation: autoDraw = True
163.3232 	EXP 	line1: autoDraw = True
163.3232 	EXP 	line2: autoDraw = True
163.3232 	EXP 	line3: autoDraw = True
163.3232 	EXP 	line4: autoDraw = True
164.3282 	INFO 	Keyboard events cleared
164.3279 	EXP 	fixation: autoDraw = False
164.3279 	EXP 	probe: autoDraw = True
164.6428 	EXP 	Device response: <KeyPress from None: t=164.63904529999854, value=x, duration=None>
164.6432 	EXP 	New trial (rep=16, index=1): <Trial 65 (1 in rep 16) data={'pos': 150, 'corr_resp': 'v', 'thisN': 65, 'thisTrialN': 1, 'thisRepN': 16}>
164.6445 	DATA 	Keypress: x
164.6588 	EXP 	fixation: autoDraw = False
164.6588 	EXP 	line1: autoDraw = False
164.6588 	EXP 	line2: autoDraw = False
164.6588 	EXP 	line3: autoDraw = False
164.6588 	EXP 	line4: autoDraw = False
164.6588 	EXP 	probe: autoDraw = False
164.8636 	EXP 	Device response: <KeyPress from None: t=164.63904529999854, value=x, duration=0.21126020000156132>
165.6451 	EXP 	fixation: autoDraw = True
165.6451 	EXP 	line1: autoDraw = True
165.6451 	EXP 	line2: autoDraw = True
165.6451 	EXP 	line3: autoDraw = True
165.6451 	EXP 	line4: autoDraw = True
166.6424 	INFO 	Keyboard events cleared
166.6422 	EXP 	probe: autoDraw = True
166.6592 	EXP 	fixation: autoDraw = False
166.9769 	EXP 	Device response: <KeyPress from None: t=166.96548110000003, value=v, duration=None>
166.9774 	EXP 	New trial (rep=16, index=2): <Trial 66 (2 in rep 16) data={'pos': 50, 'corr_resp': 'c', 'thisN': 66, 'thisTrialN': 2, 'thisRepN': 16}>
166.9787 	DATA 	Keypress: v
166.9922 	EXP 	fixation: autoDraw = False
166.9922 	EXP 	line1: autoDraw = False
166.9922 	EXP 	line2: autoDraw = False
166.9922 	EXP 	line3: autoDraw = False
166.9922 	EXP 	line4: autoDraw = False
166.9922 	EXP 	probe: autoDraw = False
167.1926 	EXP 	Device response: <KeyPress from None: t=166.96548110000003, value=v, duration=0.21870599999965634>
167.9919 	EXP 	fixation: autoDraw = True
167.9919 	EXP 	line1: autoDraw = True
167.9919 	EXP 	line2: autoDraw = True
167.9919 	EXP 	line3: autoDraw = True
167.9919 	EXP 	line4: autoDraw = True
168.9904 	INFO 	Keyboard events cleared
168.9902 	EXP 	fixation: autoDraw = False
168.9902 	EXP 	probe: autoDraw = True
169.3623 	DATA 	Keypress: c
169.3762 	EXP 	Device response: <KeyPress from None: t=169.36144110000168, value=c, duration=None>
169.3767 	EXP 	New trial (rep=16, index=3): <Trial 67 (3 in rep 16) data={'pos': -150, 'corr_resp': 'z', 'thisN': 67, 'thisTrialN': 3, 'thisRepN': 16}>
169.3924 	EXP 	fixation: autoDraw = False
169.3924 	EXP 	line1: autoDraw = False
169.3924 	EXP 	line2: autoDraw = False
169.3924 	EXP 	line3: autoDraw = False
169.3924 	EXP 	line4: autoDraw = False
169.3924 	EXP 	probe: autoDraw = False
169.5758 	EXP 	Device response: <KeyPress from None: t=169.36144110000168, value=c, duration=0.2014086999988649>
170.3919 	EXP 	fixation: autoDraw = True
170.3919 	EXP 	line1: autoDraw = True
170.3919 	EXP 	line2: autoDraw = True
170.3919 	EXP 	line3: autoDraw = True
170.3919 	EXP 	line4: autoDraw = True
171.3922 	INFO 	Keyboard events cleared
171.3920 	EXP 	fixation: autoDraw = False
171.3920 	EXP 	probe: autoDraw = True
171.9765 	EXP 	Device response: <KeyPress from None: t=171.97543700000097, value=z, duration=None>
171.9769 	EXP 	New trial (rep=17, index=0): <Trial 68 (0 in rep 17) data={'pos': -50, 'corr_resp': 'x', 'thisN': 68, 'thisTrialN': 0, 'thisRepN': 17}>
171.9783 	DATA 	Keypress: z
171.9927 	EXP 	fixation: autoDraw = False
171.9927 	EXP 	line1: autoDraw = False
171.9927 	EXP 	line2: autoDraw = False
171.9927 	EXP 	line3: autoDraw = False
171.9927 	EXP 	line4: autoDraw = False
171.9927 	EXP 	probe: autoDraw = False
172.1758 	EXP 	Device response: <KeyPress from None: t=171.97543700000097, value=z, duration=0.1854036000004271>
172.9917 	EXP 	fixation: autoDraw = True
172.9917 	EXP 	line1: autoDraw = True
172.9917 	EXP 	line2: autoDraw = True
172.9917 	EXP 	line3: autoDraw = True
172.9917 	EXP 	line4: autoDraw = True
173.9757 	INFO 	Keyboard events cleared
173.9755 	EXP 	probe: autoDraw = True
173.9918 	EXP 	fixation: autoDraw = False
174.4435 	EXP 	Device response: <KeyPress from None: t=174.43720050000047, value=x, duration=None>
174.4439 	EXP 	New trial (rep=17, index=1): <Trial 69 (1 in rep 17) data={'pos': 150, 'corr_resp': 'v', 'thisN': 69, 'thisTrialN': 1, 'thisRepN': 17}>
174.4452 	DATA 	Keypress: x
174.4585 	EXP 	fixation: autoDraw = False
174.4585 	EXP 	line1: autoDraw = False
174.4585 	EXP 	line2: autoDraw = False
174.4585 	EXP 	line3: autoDraw = False
174.4585 	EXP 	line4: autoDraw = False
174.4585 	EXP 	probe: autoDraw = False
174.6256 	EXP 	Device response: <KeyPress from None: t=174.43720050000047, value=x, duration=0.1724794000001566>
175.4591 	EXP 	fixation: autoDraw = True
175.4591 	EXP 	line1: autoDraw = True
175.4591 	EXP 	line2: autoDraw = True
175.4591 	EXP 	line3: autoDraw = True
175.4591 	EXP 	line4: autoDraw = True
176.4395 	INFO 	Keyboard events cleared
176.4393 	EXP 	probe: autoDraw = True
176.4559 	EXP 	fixation: autoDraw = False
176.8243 	EXP 	Device response: <KeyPress from None: t=176.82073909999963, value=v, duration=None>
176.8248 	EXP 	New trial (rep=17, index=2): <Trial 70 (2 in rep 17) data={'pos': 50, 'corr_resp': 'c', 'thisN': 70, 'thisTrialN': 2, 'thisRepN': 17}>
176.8262 	DATA 	Keypress: v
176.8319 	EXP 	fixation: autoDraw = False
176.8319 	EXP 	line1: autoDraw = False
176.8319 	EXP 	line2: autoDraw = False
176.8319 	EXP 	line3: autoDraw = False
176.8319 	EXP 	line4: autoDraw = False
176.8319 	EXP 	probe: autoDraw = False
177.0596 	EXP 	Device response: <KeyPress from None: t=176.82073909999963, value=v, duration=0.22672460000103456>
177.8231 	EXP 	fixation: autoDraw = True
177.8231 	EXP 	line1: autoDraw = True
177.8231 	EXP 	line2: autoDraw = True
177.8231 	EXP 	line3: autoDraw = True
177.8231 	EXP 	line4: autoDraw = True
178.8141 	EXP 	fixation: autoDraw = False
178.8231 	INFO 	Keyboard events cleared
178.8230 	EXP 	probe: autoDraw = True
179.2089 	EXP 	Device response: <KeyPress from None: t=179.203667400001, value=c, duration=None>
179.2093 	EXP 	New trial (rep=17, index=3): <Trial 71 (3 in rep 17) data={'pos': -150, 'corr_resp': 'z', 'thisN': 71, 'thisTrialN': 3, 'thisRepN': 17}>
179.2105 	DATA 	Keypress: c
179.2261 	EXP 	fixation: autoDraw = False
179.2261 	EXP 	line1: autoDraw = False
179.2261 	EXP 	line2: autoDraw = False
179.2261 	EXP 	line3: autoDraw = False
179.2261 	EXP 	line4: autoDraw = False
179.2261 	EXP 	probe: autoDraw = False
179.3934 	EXP 	Device response: <KeyPress from None: t=179.203667400001, value=c, duration=0.1851740999991307>
180.2246 	EXP 	fixation: autoDraw = True
180.2246 	EXP 	line1: autoDraw = True
180.2246 	EXP 	line2: autoDraw = True
180.2246 	EXP 	line3: autoDraw = True
180.2246 	EXP 	line4: autoDraw = True
181.2099 	INFO 	Keyboard events cleared
181.2097 	EXP 	probe: autoDraw = True
181.2248 	EXP 	fixation: autoDraw = False
181.7586 	EXP 	Device response: <KeyPress from None: t=181.7538405999985, value=z, duration=None>
181.7590 	EXP 	New trial (rep=18, index=0): <Trial 72 (0 in rep 18) data={'pos': -50, 'corr_resp': 'x', 'thisN': 72, 'thisTrialN': 0, 'thisRepN': 18}>
181.7603 	DATA 	Keypress: z
181.7756 	EXP 	fixation: autoDraw = False
181.7756 	EXP 	line1: autoDraw = False
181.7756 	EXP 	line2: autoDraw = False
181.7756 	EXP 	line3: autoDraw = False
181.7756 	EXP 	line4: autoDraw = False
181.7756 	EXP 	probe: autoDraw = False
181.9263 	EXP 	Device response: <KeyPress from None: t=181.7538405999985, value=z, duration=0.17184950000228127>
182.7589 	EXP 	fixation: autoDraw = True
182.7589 	EXP 	line1: autoDraw = True
182.7589 	EXP 	line2: autoDraw = True
182.7589 	EXP 	line3: autoDraw = True
182.7589 	EXP 	line4: autoDraw = True
183.7588 	INFO 	Keyboard events cleared
183.7586 	EXP 	fixation: autoDraw = False
183.7586 	EXP 	probe: autoDraw = True
184.0759 	EXP 	Device response: <KeyPress from None: t=184.07140609999988, value=x, duration=None>
184.0763 	EXP 	New trial (rep=18, index=1): <Trial 73 (1 in rep 18) data={'pos': 150, 'corr_resp': 'v', 'thisN': 73, 'thisTrialN': 1, 'thisRepN': 18}>
184.0780 	DATA 	Keypress: x
184.0921 	EXP 	fixation: autoDraw = False
184.0921 	EXP 	line1: autoDraw = False
184.0921 	EXP 	line2: autoDraw = False
184.0921 	EXP 	line3: autoDraw = False
184.0921 	EXP 	line4: autoDraw = False
184.0921 	EXP 	probe: autoDraw = False
184.2145 	EXP 	Device response: <KeyPress from None: t=184.07140609999988, value=x, duration=0.13736989999961224>
185.0784 	EXP 	fixation: autoDraw = True
185.0784 	EXP 	line1: autoDraw = True
185.0784 	EXP 	line2: autoDraw = True
185.0784 	EXP 	line3: autoDraw = True
185.0784 	EXP 	line4: autoDraw = True
186.0784 	INFO 	Keyboard events cleared
186.0781 	EXP 	probe: autoDraw = True
186.0960 	EXP 	fixation: autoDraw = False
186.3965 	EXP 	Device response: <KeyPress from None: t=186.39048209999964, value=v, duration=None>
186.3971 	EXP 	New trial (rep=18, index=2): <Trial 74 (2 in rep 18) data={'pos': 50, 'corr_resp': 'c', 'thisN': 74, 'thisTrialN': 2, 'thisRepN': 18}>
186.4011 	DATA 	Keypress: v
186.4258 	EXP 	fixation: autoDraw = False
186.4258 	EXP 	line1: autoDraw = False
186.4258 	EXP 	line2: autoDraw = False
186.4258 	EXP 	line3: autoDraw = False
186.4258 	EXP 	line4: autoDraw = False
186.4258 	EXP 	probe: autoDraw = False
186.5808 	EXP 	Device response: <KeyPress from None: t=186.39048209999964, value=v, duration=0.18497819999902276>
187.3943 	EXP 	fixation: autoDraw = True
187.3943 	EXP 	line1: autoDraw = True
187.3943 	EXP 	line2: autoDraw = True
187.3943 	EXP 	line3: autoDraw = True
187.3943 	EXP 	line4: autoDraw = True
188.3953 	EXP 	fixation: autoDraw = False
188.4123 	INFO 	Keyboard events cleared
188.4120 	EXP 	probe: autoDraw = True
188.7599 	EXP 	Device response: <KeyPress from None: t=188.74599690000105, value=c, duration=None>
188.7603 	EXP 	New trial (rep=18, index=3): <Trial 75 (3 in rep 18) data={'pos': -150, 'corr_resp': 'z', 'thisN': 75, 'thisTrialN': 3, 'thisRepN': 18}>
188.7616 	DATA 	Keypress: c
188.7744 	EXP 	fixation: autoDraw = False
188.7744 	EXP 	line1: autoDraw = False
188.7744 	EXP 	line2: autoDraw = False
188.7744 	EXP 	line3: autoDraw = False
188.7744 	EXP 	line4: autoDraw = False
188.7744 	EXP 	probe: autoDraw = False
188.9437 	EXP 	Device response: <KeyPress from None: t=188.74599690000105, value=c, duration=0.1865457999992941>
189.7757 	EXP 	fixation: autoDraw = True
189.7757 	EXP 	line1: autoDraw = True
189.7757 	EXP 	line2: autoDraw = True
189.7757 	EXP 	line3: autoDraw = True
189.7757 	EXP 	line4: autoDraw = True
190.7772 	INFO 	Keyboard events cleared
190.7770 	EXP 	fixation: autoDraw = False
190.7770 	EXP 	probe: autoDraw = True
191.3730 	EXP 	Device response: <KeyPress from None: t=191.3642660000005, value=z, duration=None>
191.3734 	EXP 	New trial (rep=19, index=0): <Trial 76 (0 in rep 19) data={'pos': -50, 'corr_resp': 'x', 'thisN': 76, 'thisTrialN': 0, 'thisRepN': 19}>
191.3745 	DATA 	Keypress: z
191.3909 	EXP 	fixation: autoDraw = False
191.3909 	EXP 	line1: autoDraw = False
191.3909 	EXP 	line2: autoDraw = False
191.3909 	EXP 	line3: autoDraw = False
191.3909 	EXP 	line4: autoDraw = False
191.3909 	EXP 	probe: autoDraw = False
191.5598 	EXP 	Device response: <KeyPress from None: t=191.3642660000005, value=z, duration=0.19214210000063758>
192.3726 	EXP 	fixation: autoDraw = True
192.3726 	EXP 	line1: autoDraw = True
192.3726 	EXP 	line2: autoDraw = True
192.3726 	EXP 	line3: autoDraw = True
192.3726 	EXP 	line4: autoDraw = True
193.3749 	INFO 	Keyboard events cleared
193.3747 	EXP 	fixation: autoDraw = False
193.3747 	EXP 	probe: autoDraw = True
193.9263 	EXP 	Device response: <KeyPress from None: t=193.91605840000193, value=x, duration=None>
193.9267 	EXP 	New trial (rep=19, index=1): <Trial 77 (1 in rep 19) data={'pos': 150, 'corr_resp': 'v', 'thisN': 77, 'thisTrialN': 1, 'thisRepN': 19}>
193.9284 	DATA 	Keypress: x
193.9400 	EXP 	fixation: autoDraw = False
193.9400 	EXP 	line1: autoDraw = False
193.9400 	EXP 	line2: autoDraw = False
193.9400 	EXP 	line3: autoDraw = False
193.9400 	EXP 	line4: autoDraw = False
193.9400 	EXP 	probe: autoDraw = False
194.1260 	EXP 	Device response: <KeyPress from None: t=193.91605840000193, value=x, duration=0.20503649999955087>
194.9416 	EXP 	fixation: autoDraw = True
194.9416 	EXP 	line1: autoDraw = True
194.9416 	EXP 	line2: autoDraw = True
194.9416 	EXP 	line3: autoDraw = True
194.9416 	EXP 	line4: autoDraw = True
195.9424 	INFO 	Keyboard events cleared
195.9422 	EXP 	fixation: autoDraw = False
195.9422 	EXP 	probe: autoDraw = True
196.4734 	EXP 	Device response: <KeyPress from None: t=196.46898800000054, value=v, duration=None>
196.4738 	EXP 	New trial (rep=19, index=2): <Trial 78 (2 in rep 19) data={'pos': 50, 'corr_resp': 'c', 'thisN': 78, 'thisTrialN': 2, 'thisRepN': 19}>
196.4750 	DATA 	Keypress: v
196.4905 	EXP 	fixation: autoDraw = False
196.4905 	EXP 	line1: autoDraw = False
196.4905 	EXP 	line2: autoDraw = False
196.4905 	EXP 	line3: autoDraw = False
196.4905 	EXP 	line4: autoDraw = False
196.4905 	EXP 	probe: autoDraw = False
196.6769 	EXP 	Device response: <KeyPress from None: t=196.46898800000054, value=v, duration=0.2009275999989768>
197.4755 	EXP 	fixation: autoDraw = True
197.4755 	EXP 	line1: autoDraw = True
197.4755 	EXP 	line2: autoDraw = True
197.4755 	EXP 	line3: autoDraw = True
197.4755 	EXP 	line4: autoDraw = True
198.4732 	INFO 	Keyboard events cleared
198.4731 	EXP 	probe: autoDraw = True
198.4907 	EXP 	fixation: autoDraw = False
198.8767 	DATA 	Keypress: x
198.8815 	EXP 	Device response: <KeyPress from None: t=198.87625599999956, value=x, duration=None>
198.8818 	EXP 	New trial (rep=19, index=3): <Trial 79 (3 in rep 19) data={'pos': -150, 'corr_resp': 'z', 'thisN': 79, 'thisTrialN': 3, 'thisRepN': 19}>
198.8889 	EXP 	fixation: autoDraw = False
198.8889 	EXP 	line1: autoDraw = False
198.8889 	EXP 	line2: autoDraw = False
198.8889 	EXP 	line3: autoDraw = False
198.8889 	EXP 	line4: autoDraw = False
198.8889 	EXP 	probe: autoDraw = False
199.1171 	EXP 	Device response: <KeyPress from None: t=198.87625599999956, value=x, duration=0.22884139999951003>
199.8727 	EXP 	fixation: autoDraw = True
199.8727 	EXP 	line1: autoDraw = True
199.8727 	EXP 	line2: autoDraw = True
199.8727 	EXP 	line3: autoDraw = True
199.8727 	EXP 	line4: autoDraw = True
200.8641 	EXP 	fixation: autoDraw = False
200.8725 	INFO 	Keyboard events cleared
200.8724 	EXP 	probe: autoDraw = True
200.9397 	EXP 	Device response: <KeyPress from None: t=200.93326080000043, value=z, duration=None>
200.9405 	EXP 	New trial (rep=20, index=0): <Trial 80 (0 in rep 20) data={'pos': -50, 'corr_resp': 'x', 'thisN': 80, 'thisTrialN': 0, 'thisRepN': 20}>
200.9420 	DATA 	Keypress: z
200.9474 	EXP 	fixation: autoDraw = False
200.9474 	EXP 	line1: autoDraw = False
200.9474 	EXP 	line2: autoDraw = False
200.9474 	EXP 	line3: autoDraw = False
200.9474 	EXP 	line4: autoDraw = False
200.9474 	EXP 	probe: autoDraw = False
201.1261 	EXP 	Device response: <KeyPress from None: t=200.93326080000043, value=z, duration=0.17630300000018906>
201.9420 	EXP 	fixation: autoDraw = True
201.9420 	EXP 	line1: autoDraw = True
201.9420 	EXP 	line2: autoDraw = True
201.9420 	EXP 	line3: autoDraw = True
201.9420 	EXP 	line4: autoDraw = True
202.9420 	INFO 	Keyboard events cleared
202.9418 	EXP 	fixation: autoDraw = False
202.9418 	EXP 	probe: autoDraw = True
203.1244 	DATA 	Keypress: v
203.1311 	EXP 	Device response: <KeyPress from None: t=203.12270480000007, value=v, duration=None>
203.1314 	EXP 	New trial (rep=20, index=1): <Trial 81 (1 in rep 20) data={'pos': 150, 'corr_resp': 'v', 'thisN': 81, 'thisTrialN': 1, 'thisRepN': 20}>
203.1415 	EXP 	fixation: autoDraw = False
203.1415 	EXP 	line1: autoDraw = False
203.1415 	EXP 	line2: autoDraw = False
203.1415 	EXP 	line3: autoDraw = False
203.1415 	EXP 	line4: autoDraw = False
203.1415 	EXP 	probe: autoDraw = False
203.2929 	EXP 	Device response: <KeyPress from None: t=203.12270480000007, value=v, duration=0.1602085000013176>
204.1415 	EXP 	fixation: autoDraw = True
204.1415 	EXP 	line1: autoDraw = True
204.1415 	EXP 	line2: autoDraw = True
204.1415 	EXP 	line3: autoDraw = True
204.1415 	EXP 	line4: autoDraw = True
205.0498 	EXP 	Device response: <KeyPress from None: t=205.04952490000142, value=v, duration=None>
205.0520 	DATA 	Keypress: v
205.1226 	INFO 	Keyboard events cleared
205.1225 	EXP 	probe: autoDraw = True
205.1389 	EXP 	fixation: autoDraw = False
205.2486 	EXP 	Device response: <KeyPress from None: t=205.04952490000142, value=v, duration=0.19299889999820152>
205.6658 	EXP 	Device response: <KeyPress from None: t=205.66374120000182, value=v, duration=None>
205.6662 	EXP 	New trial (rep=20, index=2): <Trial 82 (2 in rep 20) data={'pos': 50, 'corr_resp': 'c', 'thisN': 82, 'thisTrialN': 2, 'thisRepN': 20}>
205.6674 	DATA 	Keypress: v
205.6811 	EXP 	fixation: autoDraw = False
205.6811 	EXP 	line1: autoDraw = False
205.6811 	EXP 	line2: autoDraw = False
205.6811 	EXP 	line3: autoDraw = False
205.6811 	EXP 	line4: autoDraw = False
205.6811 	EXP 	probe: autoDraw = False
205.8483 	EXP 	Device response: <KeyPress from None: t=205.66374120000182, value=v, duration=0.18024119999972754>
206.6662 	EXP 	fixation: autoDraw = True
206.6662 	EXP 	line1: autoDraw = True
206.6662 	EXP 	line2: autoDraw = True
206.6662 	EXP 	line3: autoDraw = True
206.6662 	EXP 	line4: autoDraw = True
207.3259 	DATA 	Keypress: c
207.3321 	EXP 	Device response: <KeyPress from None: t=207.32414889999927, value=c, duration=None>
207.5155 	EXP 	Device response: <KeyPress from None: t=207.32414889999927, value=c, duration=0.18751020000127028>
207.6843 	INFO 	Keyboard events cleared
207.6841 	EXP 	fixation: autoDraw = False
207.6841 	EXP 	probe: autoDraw = True
207.9314 	EXP 	Device response: <KeyPress from None: t=207.9253534999989, value=c, duration=None>
207.9320 	EXP 	New trial (rep=20, index=3): <Trial 83 (3 in rep 20) data={'pos': -150, 'corr_resp': 'z', 'thisN': 83, 'thisTrialN': 3, 'thisRepN': 20}>
207.9331 	DATA 	Keypress: c
207.9479 	EXP 	fixation: autoDraw = False
207.9479 	EXP 	line1: autoDraw = False
207.9479 	EXP 	line2: autoDraw = False
207.9479 	EXP 	line3: autoDraw = False
207.9479 	EXP 	line4: autoDraw = False
207.9479 	EXP 	probe: autoDraw = False
208.1010 	EXP 	Device response: <KeyPress from None: t=207.9253534999989, value=c, duration=0.17474130000118748>
208.9308 	EXP 	fixation: autoDraw = True
208.9308 	EXP 	line1: autoDraw = True
208.9308 	EXP 	line2: autoDraw = True
208.9308 	EXP 	line3: autoDraw = True
208.9308 	EXP 	line4: autoDraw = True
209.9330 	INFO 	Keyboard events cleared
209.9328 	EXP 	fixation: autoDraw = False
209.9328 	EXP 	probe: autoDraw = True
210.3172 	EXP 	Device response: <KeyPress from None: t=210.3117843, value=x, duration=None>
210.3176 	EXP 	New trial (rep=21, index=0): <Trial 84 (0 in rep 21) data={'pos': -50, 'corr_resp': 'x', 'thisN': 84, 'thisTrialN': 0, 'thisRepN': 21}>
210.3188 	DATA 	Keypress: x
210.3331 	EXP 	fixation: autoDraw = False
210.3331 	EXP 	line1: autoDraw = False
210.3331 	EXP 	line2: autoDraw = False
210.3331 	EXP 	line3: autoDraw = False
210.3331 	EXP 	line4: autoDraw = False
210.3331 	EXP 	probe: autoDraw = False
210.4154 	EXP 	Device response: <KeyPress from None: t=210.41441029999987, value=z, duration=None>
210.4165 	DATA 	Keypress: z
210.5338 	EXP 	Device response: <KeyPress from None: t=210.41441029999987, value=z, duration=0.11432520000016666>
210.5849 	EXP 	Device response: <KeyPress from None: t=210.3117843, value=x, duration=0.26211940000212053>
211.3143 	EXP 	fixation: autoDraw = True
211.3143 	EXP 	line1: autoDraw = True
211.3143 	EXP 	line2: autoDraw = True
211.3143 	EXP 	line3: autoDraw = True
211.3143 	EXP 	line4: autoDraw = True
212.3050 	EXP 	fixation: autoDraw = False
212.3139 	INFO 	Keyboard events cleared
212.3138 	EXP 	probe: autoDraw = True
212.9070 	EXP 	Device response: <KeyPress from None: t=212.90104350000183, value=x, duration=None>
212.9073 	EXP 	New trial (rep=21, index=1): <Trial 85 (1 in rep 21) data={'pos': 150, 'corr_resp': 'v', 'thisN': 85, 'thisTrialN': 1, 'thisRepN': 21}>
212.9082 	DATA 	Keypress: x
212.9138 	EXP 	fixation: autoDraw = False
212.9138 	EXP 	line1: autoDraw = False
212.9138 	EXP 	line2: autoDraw = False
212.9138 	EXP 	line3: autoDraw = False
212.9138 	EXP 	line4: autoDraw = False
212.9138 	EXP 	probe: autoDraw = False
213.1418 	EXP 	Device response: <KeyPress from None: t=212.90104350000183, value=x, duration=0.2359939999987546>
213.9063 	EXP 	fixation: autoDraw = True
213.9063 	EXP 	line1: autoDraw = True
213.9063 	EXP 	line2: autoDraw = True
213.9063 	EXP 	line3: autoDraw = True
213.9063 	EXP 	line4: autoDraw = True
214.9083 	INFO 	Keyboard events cleared
214.9081 	EXP 	fixation: autoDraw = False
214.9081 	EXP 	probe: autoDraw = True
214.9097 	EXP 	Device response: <KeyPress from None: t=214.90949529999853, value=c, duration=None>
214.9101 	EXP 	New trial (rep=21, index=2): <Trial 86 (2 in rep 21) data={'pos': 50, 'corr_resp': 'c', 'thisN': 86, 'thisTrialN': 2, 'thisRepN': 21}>
214.9113 	DATA 	Keypress: c
214.9258 	EXP 	fixation: autoDraw = False
214.9258 	EXP 	line1: autoDraw = False
214.9258 	EXP 	line2: autoDraw = False
214.9258 	EXP 	line3: autoDraw = False
214.9258 	EXP 	line4: autoDraw = False
214.9258 	EXP 	probe: autoDraw = False
215.2100 	EXP 	Device response: <KeyPress from None: t=214.90949529999853, value=c, duration=0.28397430000040913>
215.9222 	EXP 	fixation: autoDraw = True
215.9222 	EXP 	line1: autoDraw = True
215.9222 	EXP 	line2: autoDraw = True
215.9222 	EXP 	line3: autoDraw = True
215.9222 	EXP 	line4: autoDraw = True
216.9241 	INFO 	Keyboard events cleared
216.9239 	EXP 	fixation: autoDraw = False
216.9239 	EXP 	probe: autoDraw = True
217.1919 	EXP 	Device response: <KeyPress from None: t=217.183798500002, value=v, duration=None>
217.1923 	EXP 	New trial (rep=21, index=3): <Trial 87 (3 in rep 21) data={'pos': -150, 'corr_resp': 'z', 'thisN': 87, 'thisTrialN': 3, 'thisRepN': 21}>
217.1936 	DATA 	Keypress: v
217.2084 	EXP 	fixation: autoDraw = False
217.2084 	EXP 	line1: autoDraw = False
217.2084 	EXP 	line2: autoDraw = False
217.2084 	EXP 	line3: autoDraw = False
217.2084 	EXP 	line4: autoDraw = False
217.2084 	EXP 	probe: autoDraw = False
217.3586 	EXP 	Device response: <KeyPress from None: t=217.183798500002, value=v, duration=0.16415029999916442>
218.1915 	EXP 	fixation: autoDraw = True
218.1915 	EXP 	line1: autoDraw = True
218.1915 	EXP 	line2: autoDraw = True
218.1915 	EXP 	line3: autoDraw = True
218.1915 	EXP 	line4: autoDraw = True
219.0584 	EXP 	Device response: <KeyPress from None: t=219.05284889999893, value=x, duration=None>
219.0609 	DATA 	Keypress: x
219.2066 	INFO 	Keyboard events cleared
219.2064 	EXP 	fixation: autoDraw = False
219.2064 	EXP 	probe: autoDraw = True
219.2579 	EXP 	Device response: <KeyPress from None: t=219.05284889999893, value=x, duration=0.19417020000037155>
222.1930 	EXP 	Device response: <KeyPress from None: t=222.1806519999991, value=v, duration=None>
222.1934 	EXP 	New trial (rep=22, index=0): <Trial 88 (0 in rep 22) data={'pos': -50, 'corr_resp': 'x', 'thisN': 88, 'thisTrialN': 0, 'thisRepN': 22}>
222.1951 	DATA 	Keypress: v
222.2078 	EXP 	fixation: autoDraw = False
222.2078 	EXP 	line1: autoDraw = False
222.2078 	EXP 	line2: autoDraw = False
222.2078 	EXP 	line3: autoDraw = False
222.2078 	EXP 	line4: autoDraw = False
222.2078 	EXP 	probe: autoDraw = False
222.3920 	EXP 	Device response: <KeyPress from None: t=222.1806519999991, value=v, duration=0.19561109999995097>
223.2081 	EXP 	fixation: autoDraw = True
223.2081 	EXP 	line1: autoDraw = True
223.2081 	EXP 	line2: autoDraw = True
223.2081 	EXP 	line3: autoDraw = True
223.2081 	EXP 	line4: autoDraw = True
224.2090 	INFO 	Keyboard events cleared
224.2088 	EXP 	fixation: autoDraw = False
224.2088 	EXP 	probe: autoDraw = True
224.9263 	EXP 	Device response: <KeyPress from None: t=224.9206363000012, value=x, duration=None>
224.9267 	EXP 	New trial (rep=22, index=1): <Trial 89 (1 in rep 22) data={'pos': 150, 'corr_resp': 'v', 'thisN': 89, 'thisTrialN': 1, 'thisRepN': 22}>
224.9284 	DATA 	Keypress: x
224.9415 	EXP 	fixation: autoDraw = False
224.9415 	EXP 	line1: autoDraw = False
224.9415 	EXP 	line2: autoDraw = False
224.9415 	EXP 	line3: autoDraw = False
224.9415 	EXP 	line4: autoDraw = False
224.9415 	EXP 	probe: autoDraw = False
225.1095 	EXP 	Device response: <KeyPress from None: t=224.9206363000012, value=x, duration=0.1829665000004752>
225.9221 	EXP 	fixation: autoDraw = True
225.9221 	EXP 	line1: autoDraw = True
225.9221 	EXP 	line2: autoDraw = True
225.9221 	EXP 	line3: autoDraw = True
225.9221 	EXP 	line4: autoDraw = True
226.9344 	INFO 	Keyboard events cleared
226.9342 	EXP 	fixation: autoDraw = False
226.9342 	EXP 	probe: autoDraw = True
227.5815 	EXP 	Device response: <KeyPress from None: t=227.58112729999993, value=v, duration=None>
227.5818 	EXP 	New trial (rep=22, index=2): <Trial 90 (2 in rep 22) data={'pos': 50, 'corr_resp': 'c', 'thisN': 90, 'thisTrialN': 2, 'thisRepN': 22}>
227.5852 	DATA 	Keypress: v
227.5984 	EXP 	fixation: autoDraw = False
227.5984 	EXP 	line1: autoDraw = False
227.5984 	EXP 	line2: autoDraw = False
227.5984 	EXP 	line3: autoDraw = False
227.5984 	EXP 	line4: autoDraw = False
227.5984 	EXP 	probe: autoDraw = False
227.7756 	EXP 	Device response: <KeyPress from None: t=227.58112729999993, value=v, duration=0.18927930000063498>
228.5731 	EXP 	fixation: autoDraw = True
228.5731 	EXP 	line1: autoDraw = True
228.5731 	EXP 	line2: autoDraw = True
228.5731 	EXP 	line3: autoDraw = True
228.5731 	EXP 	line4: autoDraw = True
229.5642 	EXP 	fixation: autoDraw = False
229.5723 	INFO 	Keyboard events cleared
229.5722 	EXP 	probe: autoDraw = True
230.9310 	EXP 	Device response: <KeyPress from None: t=230.92537190000075, value=v, duration=None>
230.9314 	EXP 	New trial (rep=22, index=3): <Trial 91 (3 in rep 22) data={'pos': -150, 'corr_resp': 'z', 'thisN': 91, 'thisTrialN': 3, 'thisRepN': 22}>
230.9325 	DATA 	Keypress: v
230.9392 	EXP 	fixation: autoDraw = False
230.9392 	EXP 	line1: autoDraw = False
230.9392 	EXP 	line2: autoDraw = False
230.9392 	EXP 	line3: autoDraw = False
230.9392 	EXP 	line4: autoDraw = False
230.9392 	EXP 	probe: autoDraw = False
231.1259 	EXP 	Device response: <KeyPress from None: t=230.92537190000075, value=v, duration=0.18550799999866285>
231.9424 	EXP 	fixation: autoDraw = True
231.9424 	EXP 	line1: autoDraw = True
231.9424 	EXP 	line2: autoDraw = True
231.9424 	EXP 	line3: autoDraw = True
231.9424 	EXP 	line4: autoDraw = True
232.9430 	INFO 	Keyboard events cleared
232.9425 	EXP 	fixation: autoDraw = False
232.9425 	EXP 	probe: autoDraw = True
233.6592 	EXP 	Device response: <KeyPress from None: t=233.64492339999924, value=z, duration=None>
233.6596 	EXP 	New trial (rep=23, index=0): <Trial 92 (0 in rep 23) data={'pos': -50, 'corr_resp': 'x', 'thisN': 92, 'thisTrialN': 0, 'thisRepN': 23}>
233.6608 	DATA 	Keypress: z
233.6748 	EXP 	fixation: autoDraw = False
233.6748 	EXP 	line1: autoDraw = False
233.6748 	EXP 	line2: autoDraw = False
233.6748 	EXP 	line3: autoDraw = False
233.6748 	EXP 	line4: autoDraw = False
233.6748 	EXP 	probe: autoDraw = False
233.9099 	EXP 	Device response: <KeyPress from None: t=233.64492339999924, value=z, duration=0.2560529000002134>
234.6725 	EXP 	fixation: autoDraw = True
234.6725 	EXP 	line1: autoDraw = True
234.6725 	EXP 	line2: autoDraw = True
234.6725 	EXP 	line3: autoDraw = True
234.6725 	EXP 	line4: autoDraw = True
235.6758 	INFO 	Keyboard events cleared
235.6756 	EXP 	fixation: autoDraw = False
235.6756 	EXP 	probe: autoDraw = True
236.2750 	EXP 	Device response: <KeyPress from None: t=236.261508399999, value=x, duration=None>
236.2755 	EXP 	New trial (rep=23, index=1): <Trial 93 (1 in rep 23) data={'pos': 150, 'corr_resp': 'v', 'thisN': 93, 'thisTrialN': 1, 'thisRepN': 23}>
236.2765 	DATA 	Keypress: x
236.2919 	EXP 	fixation: autoDraw = False
236.2919 	EXP 	line1: autoDraw = False
236.2919 	EXP 	line2: autoDraw = False
236.2919 	EXP 	line3: autoDraw = False
236.2919 	EXP 	line4: autoDraw = False
236.2919 	EXP 	probe: autoDraw = False
236.4587 	EXP 	Device response: <KeyPress from None: t=236.261508399999, value=x, duration=0.18223610000131885>
237.2915 	EXP 	fixation: autoDraw = True
237.2915 	EXP 	line1: autoDraw = True
237.2915 	EXP 	line2: autoDraw = True
237.2915 	EXP 	line3: autoDraw = True
237.2915 	EXP 	line4: autoDraw = True
238.2748 	INFO 	Keyboard events cleared
238.2744 	EXP 	probe: autoDraw = True
238.2915 	EXP 	fixation: autoDraw = False
238.8428 	EXP 	Device response: <KeyPress from None: t=238.83146380000107, value=v, duration=None>
238.8432 	EXP 	New trial (rep=23, index=2): <Trial 94 (2 in rep 23) data={'pos': 50, 'corr_resp': 'c', 'thisN': 94, 'thisTrialN': 2, 'thisRepN': 23}>
238.8444 	DATA 	Keypress: v
238.8581 	EXP 	fixation: autoDraw = False
238.8581 	EXP 	line1: autoDraw = False
238.8581 	EXP 	line2: autoDraw = False
238.8581 	EXP 	line3: autoDraw = False
238.8581 	EXP 	line4: autoDraw = False
238.8581 	EXP 	probe: autoDraw = False
239.0262 	EXP 	Device response: <KeyPress from None: t=238.83146380000107, value=v, duration=0.182572199999413>
239.8431 	EXP 	fixation: autoDraw = True
239.8431 	EXP 	line1: autoDraw = True
239.8431 	EXP 	line2: autoDraw = True
239.8431 	EXP 	line3: autoDraw = True
239.8431 	EXP 	line4: autoDraw = True
240.8582 	INFO 	Keyboard events cleared
240.8580 	EXP 	fixation: autoDraw = False
240.8580 	EXP 	probe: autoDraw = True
241.7252 	EXP 	Device response: <KeyPress from None: t=241.71984370000064, value=c, duration=None>
241.7256 	EXP 	New trial (rep=23, index=3): <Trial 95 (3 in rep 23) data={'pos': -150, 'corr_resp': 'z', 'thisN': 95, 'thisTrialN': 3, 'thisRepN': 23}>
241.7269 	DATA 	Keypress: c
241.7417 	EXP 	fixation: autoDraw = False
241.7417 	EXP 	line1: autoDraw = False
241.7417 	EXP 	line2: autoDraw = False
241.7417 	EXP 	line3: autoDraw = False
241.7417 	EXP 	line4: autoDraw = False
241.7417 	EXP 	probe: autoDraw = False
241.9752 	EXP 	Device response: <KeyPress from None: t=241.71984370000064, value=c, duration=0.24509499999840045>
242.7230 	EXP 	fixation: autoDraw = True
242.7230 	EXP 	line1: autoDraw = True
242.7230 	EXP 	line2: autoDraw = True
242.7230 	EXP 	line3: autoDraw = True
242.7230 	EXP 	line4: autoDraw = True
243.7137 	EXP 	fixation: autoDraw = False
243.7221 	INFO 	Keyboard events cleared
243.7220 	EXP 	probe: autoDraw = True
244.2337 	EXP 	Device response: <KeyPress from None: t=244.2247513000002, value=z, duration=None>
244.2343 	EXP 	New trial (rep=24, index=0): <Trial 96 (0 in rep 24) data={'pos': -50, 'corr_resp': 'x', 'thisN': 96, 'thisTrialN': 0, 'thisRepN': 24}>
244.2356 	DATA 	Keypress: z
244.2497 	EXP 	fixation: autoDraw = False
244.2497 	EXP 	line1: autoDraw = False
244.2497 	EXP 	line2: autoDraw = False
244.2497 	EXP 	line3: autoDraw = False
244.2497 	EXP 	line4: autoDraw = False
244.2497 	EXP 	probe: autoDraw = False
244.4172 	EXP 	Device response: <KeyPress from None: t=244.2247513000002, value=z, duration=0.178252199999406>
245.2495 	EXP 	fixation: autoDraw = True
245.2495 	EXP 	line1: autoDraw = True
245.2495 	EXP 	line2: autoDraw = True
245.2495 	EXP 	line3: autoDraw = True
245.2495 	EXP 	line4: autoDraw = True
246.2305 	INFO 	Keyboard events cleared
246.2304 	EXP 	probe: autoDraw = True
246.2475 	EXP 	fixation: autoDraw = False
247.5568 	EXP 	Device response: <KeyPress from None: t=247.55548040000212, value=x, duration=None>
247.5572 	EXP 	New trial (rep=24, index=1): <Trial 97 (1 in rep 24) data={'pos': 150, 'corr_resp': 'v', 'thisN': 97, 'thisTrialN': 1, 'thisRepN': 24}>
247.5584 	DATA 	Keypress: x
247.5634 	EXP 	fixation: autoDraw = False
247.5634 	EXP 	line1: autoDraw = False
247.5634 	EXP 	line2: autoDraw = False
247.5634 	EXP 	line3: autoDraw = False
247.5634 	EXP 	line4: autoDraw = False
247.5634 	EXP 	probe: autoDraw = False
247.7756 	EXP 	Device response: <KeyPress from None: t=247.55548040000212, value=x, duration=0.2087086999999883>
248.5576 	EXP 	fixation: autoDraw = True
248.5576 	EXP 	line1: autoDraw = True
248.5576 	EXP 	line2: autoDraw = True
248.5576 	EXP 	line3: autoDraw = True
248.5576 	EXP 	line4: autoDraw = True
249.5648 	INFO 	Keyboard events cleared
249.5646 	EXP 	fixation: autoDraw = False
249.5646 	EXP 	probe: autoDraw = True
249.9909 	EXP 	Device response: <KeyPress from None: t=249.98411770000166, value=v, duration=None>
249.9913 	EXP 	New trial (rep=24, index=2): <Trial 98 (2 in rep 24) data={'pos': 50, 'corr_resp': 'c', 'thisN': 98, 'thisTrialN': 2, 'thisRepN': 24}>
249.9922 	DATA 	Keypress: v
249.9971 	EXP 	fixation: autoDraw = False
249.9971 	EXP 	line1: autoDraw = False
249.9971 	EXP 	line2: autoDraw = False
249.9971 	EXP 	line3: autoDraw = False
249.9971 	EXP 	line4: autoDraw = False
249.9971 	EXP 	probe: autoDraw = False
250.1267 	EXP 	Device response: <KeyPress from None: t=249.98411770000166, value=v, duration=0.13672539999970468>
250.9983 	EXP 	fixation: autoDraw = True
250.9983 	EXP 	line1: autoDraw = True
250.9983 	EXP 	line2: autoDraw = True
250.9983 	EXP 	line3: autoDraw = True
250.9983 	EXP 	line4: autoDraw = True
251.9993 	INFO 	Keyboard events cleared
251.9991 	EXP 	fixation: autoDraw = False
251.9991 	EXP 	probe: autoDraw = True
252.8119 	DATA 	Keypress: c
252.8223 	EXP 	Device response: <KeyPress from None: t=252.8103341999995, value=c, duration=None>
252.8231 	EXP 	New trial (rep=24, index=3): <Trial 99 (3 in rep 24) data={'pos': -150, 'corr_resp': 'z', 'thisN': 99, 'thisTrialN': 3, 'thisRepN': 24}>
252.8304 	EXP 	fixation: autoDraw = False
252.8304 	EXP 	line1: autoDraw = False
252.8304 	EXP 	line2: autoDraw = False
252.8304 	EXP 	line3: autoDraw = False
252.8304 	EXP 	line4: autoDraw = False
252.8304 	EXP 	probe: autoDraw = False
253.0648 	EXP 	Device response: <KeyPress from None: t=252.8103341999995, value=c, duration=0.24766300000192132>
253.8335 	EXP 	fixation: autoDraw = True
253.8335 	EXP 	line1: autoDraw = True
253.8335 	EXP 	line2: autoDraw = True
253.8335 	EXP 	line3: autoDraw = True
253.8335 	EXP 	line4: autoDraw = True
254.8334 	INFO 	Keyboard events cleared
254.8332 	EXP 	fixation: autoDraw = False
254.8332 	EXP 	probe: autoDraw = True
255.4026 	DATA 	Keypress: z
255.4172 	EXP 	Device response: <KeyPress from None: t=255.40087299999868, value=z, duration=None>
255.4177 	EXP 	New trial (rep=25, index=0): <Trial 100 (0 in rep 25) data={'pos': -50, 'corr_resp': 'x', 'thisN': 100, 'thisTrialN': 0, 'thisRepN': 25}>
255.4334 	EXP 	fixation: autoDraw = False
255.4334 	EXP 	line1: autoDraw = False
255.4334 	EXP 	line2: autoDraw = False
255.4334 	EXP 	line3: autoDraw = False
255.4334 	EXP 	line4: autoDraw = False
255.4334 	EXP 	probe: autoDraw = False
255.6334 	EXP 	Device response: <KeyPress from None: t=255.40087299999868, value=z, duration=0.21887920000153827>
256.4160 	EXP 	fixation: autoDraw = True
256.4160 	EXP 	line1: autoDraw = True
256.4160 	EXP 	line2: autoDraw = True
256.4160 	EXP 	line3: autoDraw = True
256.4160 	EXP 	line4: autoDraw = True
257.4210 	INFO 	Keyboard events cleared
257.4209 	EXP 	fixation: autoDraw = False
257.4209 	EXP 	probe: autoDraw = True
258.1225 	EXP 	Device response: <KeyPress from None: t=258.11788969999907, value=x, duration=None>
258.1228 	EXP 	New trial (rep=25, index=1): <Trial 101 (1 in rep 25) data={'pos': 150, 'corr_resp': 'v', 'thisN': 101, 'thisTrialN': 1, 'thisRepN': 25}>
258.1239 	DATA 	Keypress: x
258.1306 	EXP 	fixation: autoDraw = False
258.1306 	EXP 	line1: autoDraw = False
258.1306 	EXP 	line2: autoDraw = False
258.1306 	EXP 	line3: autoDraw = False
258.1306 	EXP 	line4: autoDraw = False
258.1306 	EXP 	probe: autoDraw = False
258.3435 	EXP 	Device response: <KeyPress from None: t=258.11788969999907, value=x, duration=0.22471720000248752>
259.1224 	EXP 	fixation: autoDraw = True
259.1224 	EXP 	line1: autoDraw = True
259.1224 	EXP 	line2: autoDraw = True
259.1224 	EXP 	line3: autoDraw = True
259.1224 	EXP 	line4: autoDraw = True
260.1138 	INFO 	Keyboard events cleared
260.1137 	EXP 	fixation: autoDraw = False
260.1137 	EXP 	probe: autoDraw = True
260.5400 	EXP 	Device response: <KeyPress from None: t=260.5393777999998, value=v, duration=None>
260.5405 	EXP 	New trial (rep=25, index=2): <Trial 102 (2 in rep 25) data={'pos': 50, 'corr_resp': 'c', 'thisN': 102, 'thisTrialN': 2, 'thisRepN': 25}>
260.5415 	DATA 	Keypress: v
260.5474 	EXP 	fixation: autoDraw = False
260.5474 	EXP 	line1: autoDraw = False
260.5474 	EXP 	line2: autoDraw = False
260.5474 	EXP 	line3: autoDraw = False
260.5474 	EXP 	line4: autoDraw = False
260.5474 	EXP 	probe: autoDraw = False
260.7180 	EXP 	Device response: <KeyPress from None: t=260.5393777999998, value=v, duration=0.17556899999908637>
261.5497 	EXP 	fixation: autoDraw = True
261.5497 	EXP 	line1: autoDraw = True
261.5497 	EXP 	line2: autoDraw = True
261.5497 	EXP 	line3: autoDraw = True
261.5497 	EXP 	line4: autoDraw = True
262.5489 	INFO 	Keyboard events cleared
262.5487 	EXP 	probe: autoDraw = True
262.5659 	EXP 	fixation: autoDraw = False
263.4315 	EXP 	Device response: <KeyPress from None: t=263.422643599999, value=c, duration=None>
263.4320 	EXP 	New trial (rep=25, index=3): <Trial 103 (3 in rep 25) data={'pos': -150, 'corr_resp': 'z', 'thisN': 103, 'thisTrialN': 3, 'thisRepN': 25}>
263.4333 	DATA 	Keypress: c
263.4476 	EXP 	fixation: autoDraw = False
263.4476 	EXP 	line1: autoDraw = False
263.4476 	EXP 	line2: autoDraw = False
263.4476 	EXP 	line3: autoDraw = False
263.4476 	EXP 	line4: autoDraw = False
263.4476 	EXP 	probe: autoDraw = False
263.6671 	EXP 	Device response: <KeyPress from None: t=263.422643599999, value=c, duration=0.23876949999976205>
264.4324 	EXP 	fixation: autoDraw = True
264.4324 	EXP 	line1: autoDraw = True
264.4324 	EXP 	line2: autoDraw = True
264.4324 	EXP 	line3: autoDraw = True
264.4324 	EXP 	line4: autoDraw = True
265.4313 	INFO 	Keyboard events cleared
265.4312 	EXP 	fixation: autoDraw = False
265.4312 	EXP 	probe: autoDraw = True
265.8151 	EXP 	Device response: <KeyPress from None: t=265.8037699000015, value=z, duration=None>
265.8155 	EXP 	New trial (rep=26, index=0): <Trial 104 (0 in rep 26) data={'pos': -50, 'corr_resp': 'x', 'thisN': 104, 'thisTrialN': 0, 'thisRepN': 26}>
265.8171 	DATA 	Keypress: z
265.8322 	EXP 	fixation: autoDraw = False
265.8322 	EXP 	line1: autoDraw = False
265.8322 	EXP 	line2: autoDraw = False
265.8322 	EXP 	line3: autoDraw = False
265.8322 	EXP 	line4: autoDraw = False
265.8322 	EXP 	probe: autoDraw = False
265.9652 	EXP 	Device response: <KeyPress from None: t=265.8037699000015, value=z, duration=0.15314669999861508>
266.8162 	EXP 	fixation: autoDraw = True
266.8162 	EXP 	line1: autoDraw = True
266.8162 	EXP 	line2: autoDraw = True
266.8162 	EXP 	line3: autoDraw = True
266.8162 	EXP 	line4: autoDraw = True
267.8234 	INFO 	Keyboard events cleared
267.8233 	EXP 	fixation: autoDraw = False
267.8233 	EXP 	probe: autoDraw = True
268.5231 	EXP 	Device response: <KeyPress from None: t=268.51291290000154, value=x, duration=None>
268.5235 	EXP 	New trial (rep=26, index=1): <Trial 105 (1 in rep 26) data={'pos': 150, 'corr_resp': 'v', 'thisN': 105, 'thisTrialN': 1, 'thisRepN': 26}>
268.5244 	DATA 	Keypress: x
268.5330 	EXP 	fixation: autoDraw = False
268.5330 	EXP 	line1: autoDraw = False
268.5330 	EXP 	line2: autoDraw = False
268.5330 	EXP 	line3: autoDraw = False
268.5330 	EXP 	line4: autoDraw = False
268.5330 	EXP 	probe: autoDraw = False
268.6770 	EXP 	Device response: <KeyPress from None: t=268.51291290000154, value=x, duration=0.16210139999748208>
269.5249 	EXP 	fixation: autoDraw = True
269.5249 	EXP 	line1: autoDraw = True
269.5249 	EXP 	line2: autoDraw = True
269.5249 	EXP 	line3: autoDraw = True
269.5249 	EXP 	line4: autoDraw = True
270.5253 	INFO 	Keyboard events cleared
270.5251 	EXP 	fixation: autoDraw = False
270.5251 	EXP 	probe: autoDraw = True
271.1916 	EXP 	Device response: <KeyPress from None: t=271.1829467999996, value=v, duration=None>
271.1921 	EXP 	New trial (rep=26, index=2): <Trial 106 (2 in rep 26) data={'pos': 50, 'corr_resp': 'c', 'thisN': 106, 'thisTrialN': 2, 'thisRepN': 26}>
271.1935 	DATA 	Keypress: v
271.2082 	EXP 	fixation: autoDraw = False
271.2082 	EXP 	line1: autoDraw = False
271.2082 	EXP 	line2: autoDraw = False
271.2082 	EXP 	line3: autoDraw = False
271.2082 	EXP 	line4: autoDraw = False
271.2082 	EXP 	probe: autoDraw = False
271.3748 	EXP 	Device response: <KeyPress from None: t=271.1829467999996, value=v, duration=0.18529259999922942>
272.1912 	EXP 	fixation: autoDraw = True
272.1912 	EXP 	line1: autoDraw = True
272.1912 	EXP 	line2: autoDraw = True
272.1912 	EXP 	line3: autoDraw = True
272.1912 	EXP 	line4: autoDraw = True
273.1924 	INFO 	Keyboard events cleared
273.1921 	EXP 	fixation: autoDraw = False
273.1921 	EXP 	probe: autoDraw = True
273.6422 	EXP 	Device response: <KeyPress from None: t=273.63711559999865, value=c, duration=None>
273.6427 	EXP 	New trial (rep=26, index=3): <Trial 107 (3 in rep 26) data={'pos': -150, 'corr_resp': 'z', 'thisN': 107, 'thisTrialN': 3, 'thisRepN': 26}>
273.6439 	DATA 	Keypress: c
273.6577 	EXP 	fixation: autoDraw = False
273.6577 	EXP 	line1: autoDraw = False
273.6577 	EXP 	line2: autoDraw = False
273.6577 	EXP 	line3: autoDraw = False
273.6577 	EXP 	line4: autoDraw = False
273.6577 	EXP 	probe: autoDraw = False
273.8578 	EXP 	Device response: <KeyPress from None: t=273.63711559999865, value=c, duration=0.21541890000298736>
274.6582 	EXP 	fixation: autoDraw = True
274.6582 	EXP 	line1: autoDraw = True
274.6582 	EXP 	line2: autoDraw = True
274.6582 	EXP 	line3: autoDraw = True
274.6582 	EXP 	line4: autoDraw = True
275.6570 	INFO 	Keyboard events cleared
275.6568 	EXP 	probe: autoDraw = True
275.6724 	EXP 	fixation: autoDraw = False
276.2254 	EXP 	Device response: <KeyPress from None: t=276.2204950999985, value=z, duration=None>
276.2258 	EXP 	New trial (rep=27, index=0): <Trial 108 (0 in rep 27) data={'pos': -50, 'corr_resp': 'x', 'thisN': 108, 'thisTrialN': 0, 'thisRepN': 27}>
276.2270 	DATA 	Keypress: z
276.2397 	EXP 	fixation: autoDraw = False
276.2397 	EXP 	line1: autoDraw = False
276.2397 	EXP 	line2: autoDraw = False
276.2397 	EXP 	line3: autoDraw = False
276.2397 	EXP 	line4: autoDraw = False
276.2397 	EXP 	probe: autoDraw = False
276.3919 	EXP 	Device response: <KeyPress from None: t=276.2204950999985, value=z, duration=0.16307810000216705>
277.2415 	EXP 	fixation: autoDraw = True
277.2415 	EXP 	line1: autoDraw = True
277.2415 	EXP 	line2: autoDraw = True
277.2415 	EXP 	line3: autoDraw = True
277.2415 	EXP 	line4: autoDraw = True
278.2420 	INFO 	Keyboard events cleared
278.2418 	EXP 	fixation: autoDraw = False
278.2418 	EXP 	probe: autoDraw = True
278.8956 	DATA 	Keypress: x
278.9084 	EXP 	Device response: <KeyPress from None: t=278.894924799999, value=x, duration=None>
278.9088 	EXP 	New trial (rep=27, index=1): <Trial 109 (1 in rep 27) data={'pos': 150, 'corr_resp': 'v', 'thisN': 109, 'thisTrialN': 1, 'thisRepN': 27}>
278.9245 	EXP 	fixation: autoDraw = False
278.9245 	EXP 	line1: autoDraw = False
278.9245 	EXP 	line2: autoDraw = False
278.9245 	EXP 	line3: autoDraw = False
278.9245 	EXP 	line4: autoDraw = False
278.9245 	EXP 	probe: autoDraw = False
279.1254 	EXP 	Device response: <KeyPress from None: t=278.894924799999, value=x, duration=0.22686700000122073>
279.9083 	EXP 	fixation: autoDraw = True
279.9083 	EXP 	line1: autoDraw = True
279.9083 	EXP 	line2: autoDraw = True
279.9083 	EXP 	line3: autoDraw = True
279.9083 	EXP 	line4: autoDraw = True
280.9073 	EXP 	fixation: autoDraw = False
280.9252 	INFO 	Keyboard events cleared
280.9250 	EXP 	probe: autoDraw = True
281.9423 	EXP 	Device response: <KeyPress from None: t=281.93158799999946, value=v, duration=None>
281.9427 	EXP 	New trial (rep=27, index=2): <Trial 110 (2 in rep 27) data={'pos': 50, 'corr_resp': 'c', 'thisN': 110, 'thisTrialN': 2, 'thisRepN': 27}>
281.9440 	DATA 	Keypress: v
281.9580 	EXP 	fixation: autoDraw = False
281.9580 	EXP 	line1: autoDraw = False
281.9580 	EXP 	line2: autoDraw = False
281.9580 	EXP 	line3: autoDraw = False
281.9580 	EXP 	line4: autoDraw = False
281.9580 	EXP 	probe: autoDraw = False
282.1247 	EXP 	Device response: <KeyPress from None: t=281.93158799999946, value=v, duration=0.18051330000162125>
282.9552 	EXP 	fixation: autoDraw = True
282.9552 	EXP 	line1: autoDraw = True
282.9552 	EXP 	line2: autoDraw = True
282.9552 	EXP 	line3: autoDraw = True
282.9552 	EXP 	line4: autoDraw = True
283.9585 	INFO 	Keyboard events cleared
283.9583 	EXP 	fixation: autoDraw = False
283.9583 	EXP 	probe: autoDraw = True
284.6083 	EXP 	Device response: <KeyPress from None: t=284.6044483000005, value=c, duration=None>
284.6087 	EXP 	New trial (rep=27, index=3): <Trial 111 (3 in rep 27) data={'pos': -150, 'corr_resp': 'z', 'thisN': 111, 'thisTrialN': 3, 'thisRepN': 27}>
284.6099 	DATA 	Keypress: c
284.6254 	EXP 	fixation: autoDraw = False
284.6254 	EXP 	line1: autoDraw = False
284.6254 	EXP 	line2: autoDraw = False
284.6254 	EXP 	line3: autoDraw = False
284.6254 	EXP 	line4: autoDraw = False
284.6254 	EXP 	probe: autoDraw = False
284.8418 	EXP 	Device response: <KeyPress from None: t=284.6044483000005, value=c, duration=0.23399309999877005>
285.6077 	EXP 	fixation: autoDraw = True
285.6077 	EXP 	line1: autoDraw = True
285.6077 	EXP 	line2: autoDraw = True
285.6077 	EXP 	line3: autoDraw = True
285.6077 	EXP 	line4: autoDraw = True
286.6076 	INFO 	Keyboard events cleared
286.6074 	EXP 	fixation: autoDraw = False
286.6074 	EXP 	probe: autoDraw = True
287.2762 	EXP 	Device response: <KeyPress from None: t=287.26440410000214, value=z, duration=None>
287.2766 	EXP 	New trial (rep=28, index=0): <Trial 112 (0 in rep 28) data={'pos': -50, 'corr_resp': 'x', 'thisN': 112, 'thisTrialN': 0, 'thisRepN': 28}>
287.2785 	DATA 	Keypress: z
287.2916 	EXP 	fixation: autoDraw = False
287.2916 	EXP 	line1: autoDraw = False
287.2916 	EXP 	line2: autoDraw = False
287.2916 	EXP 	line3: autoDraw = False
287.2916 	EXP 	line4: autoDraw = False
287.2916 	EXP 	probe: autoDraw = False
287.4750 	EXP 	Device response: <KeyPress from None: t=287.26440410000214, value=z, duration=0.19584469999972498>
288.2906 	EXP 	fixation: autoDraw = True
288.2906 	EXP 	line1: autoDraw = True
288.2906 	EXP 	line2: autoDraw = True
288.2906 	EXP 	line3: autoDraw = True
288.2906 	EXP 	line4: autoDraw = True
289.2911 	INFO 	Keyboard events cleared
289.2909 	EXP 	fixation: autoDraw = False
289.2909 	EXP 	probe: autoDraw = True
290.0429 	EXP 	Device response: <KeyPress from None: t=290.0412507000001, value=x, duration=None>
290.0433 	EXP 	New trial (rep=28, index=1): <Trial 113 (1 in rep 28) data={'pos': 150, 'corr_resp': 'v', 'thisN': 113, 'thisTrialN': 1, 'thisRepN': 28}>
290.0445 	DATA 	Keypress: x
290.0585 	EXP 	fixation: autoDraw = False
290.0585 	EXP 	line1: autoDraw = False
290.0585 	EXP 	line2: autoDraw = False
290.0585 	EXP 	line3: autoDraw = False
290.0585 	EXP 	line4: autoDraw = False
290.0585 	EXP 	probe: autoDraw = False
290.2258 	EXP 	Device response: <KeyPress from None: t=290.0412507000001, value=x, duration=0.18258400000195252>
291.0556 	EXP 	fixation: autoDraw = True
291.0556 	EXP 	line1: autoDraw = True
291.0556 	EXP 	line2: autoDraw = True
291.0556 	EXP 	line3: autoDraw = True
291.0556 	EXP 	line4: autoDraw = True
292.0572 	INFO 	Keyboard events cleared
292.0570 	EXP 	fixation: autoDraw = False
292.0570 	EXP 	probe: autoDraw = True
293.3928 	EXP 	Device response: <KeyPress from None: t=293.3901901999998, value=v, duration=None>
293.3932 	EXP 	New trial (rep=28, index=2): <Trial 114 (2 in rep 28) data={'pos': 50, 'corr_resp': 'c', 'thisN': 114, 'thisTrialN': 2, 'thisRepN': 28}>
293.3946 	DATA 	Keypress: v
293.4081 	EXP 	fixation: autoDraw = False
293.4081 	EXP 	line1: autoDraw = False
293.4081 	EXP 	line2: autoDraw = False
293.4081 	EXP 	line3: autoDraw = False
293.4081 	EXP 	line4: autoDraw = False
293.4081 	EXP 	probe: autoDraw = False
293.5752 	EXP 	Device response: <KeyPress from None: t=293.3901901999998, value=v, duration=0.17317349999939324>
294.4062 	EXP 	fixation: autoDraw = True
294.4062 	EXP 	line1: autoDraw = True
294.4062 	EXP 	line2: autoDraw = True
294.4062 	EXP 	line3: autoDraw = True
294.4062 	EXP 	line4: autoDraw = True
295.4069 	INFO 	Keyboard events cleared
295.4067 	EXP 	fixation: autoDraw = False
295.4067 	EXP 	probe: autoDraw = True
295.9418 	EXP 	Device response: <KeyPress from None: t=295.9289322000004, value=c, duration=None>
295.9423 	EXP 	New trial (rep=28, index=3): <Trial 115 (3 in rep 28) data={'pos': -150, 'corr_resp': 'z', 'thisN': 115, 'thisTrialN': 3, 'thisRepN': 28}>
295.9436 	DATA 	Keypress: c
295.9573 	EXP 	fixation: autoDraw = False
295.9573 	EXP 	line1: autoDraw = False
295.9573 	EXP 	line2: autoDraw = False
295.9573 	EXP 	line3: autoDraw = False
295.9573 	EXP 	line4: autoDraw = False
295.9573 	EXP 	probe: autoDraw = False
296.1730 	EXP 	Device response: <KeyPress from None: t=295.9289322000004, value=c, duration=0.24173739999969257>
296.9577 	EXP 	fixation: autoDraw = True
296.9577 	EXP 	line1: autoDraw = True
296.9577 	EXP 	line2: autoDraw = True
296.9577 	EXP 	line3: autoDraw = True
296.9577 	EXP 	line4: autoDraw = True
297.9405 	INFO 	Keyboard events cleared
297.9404 	EXP 	probe: autoDraw = True
297.9567 	EXP 	fixation: autoDraw = False
298.7093 	DATA 	Keypress: z
298.7255 	EXP 	Device response: <KeyPress from None: t=298.7079335000017, value=z, duration=None>
298.7261 	EXP 	New trial (rep=29, index=0): <Trial 116 (0 in rep 29) data={'pos': -50, 'corr_resp': 'x', 'thisN': 116, 'thisTrialN': 0, 'thisRepN': 29}>
298.7404 	EXP 	fixation: autoDraw = False
298.7404 	EXP 	line1: autoDraw = False
298.7404 	EXP 	line2: autoDraw = False
298.7404 	EXP 	line3: autoDraw = False
298.7404 	EXP 	line4: autoDraw = False
298.7404 	EXP 	probe: autoDraw = False
298.9075 	EXP 	Device response: <KeyPress from None: t=298.7079335000017, value=z, duration=0.19324979999873904>
299.7395 	EXP 	fixation: autoDraw = True
299.7395 	EXP 	line1: autoDraw = True
299.7395 	EXP 	line2: autoDraw = True
299.7395 	EXP 	line3: autoDraw = True
299.7395 	EXP 	line4: autoDraw = True
300.7418 	INFO 	Keyboard events cleared
300.7416 	EXP 	fixation: autoDraw = False
300.7416 	EXP 	probe: autoDraw = True
301.1584 	EXP 	Device response: <KeyPress from None: t=301.1492173000006, value=x, duration=None>
301.1589 	EXP 	New trial (rep=29, index=1): <Trial 117 (1 in rep 29) data={'pos': 150, 'corr_resp': 'v', 'thisN': 117, 'thisTrialN': 1, 'thisRepN': 29}>
301.1603 	DATA 	Keypress: x
301.1729 	EXP 	fixation: autoDraw = False
301.1729 	EXP 	line1: autoDraw = False
301.1729 	EXP 	line2: autoDraw = False
301.1729 	EXP 	line3: autoDraw = False
301.1729 	EXP 	line4: autoDraw = False
301.1729 	EXP 	probe: autoDraw = False
301.3748 	EXP 	Device response: <KeyPress from None: t=301.1492173000006, value=x, duration=0.2183480999992753>
302.1730 	EXP 	fixation: autoDraw = True
302.1730 	EXP 	line1: autoDraw = True
302.1730 	EXP 	line2: autoDraw = True
302.1730 	EXP 	line3: autoDraw = True
302.1730 	EXP 	line4: autoDraw = True
303.1725 	INFO 	Keyboard events cleared
303.1723 	EXP 	fixation: autoDraw = False
303.1723 	EXP 	probe: autoDraw = True
303.6229 	EXP 	Device response: <KeyPress from None: t=303.6174494000006, value=v, duration=None>
303.6233 	EXP 	New trial (rep=29, index=2): <Trial 118 (2 in rep 29) data={'pos': 50, 'corr_resp': 'c', 'thisN': 118, 'thisTrialN': 2, 'thisRepN': 29}>
303.6246 	DATA 	Keypress: v
303.6394 	EXP 	fixation: autoDraw = False
303.6394 	EXP 	line1: autoDraw = False
303.6394 	EXP 	line2: autoDraw = False
303.6394 	EXP 	line3: autoDraw = False
303.6394 	EXP 	line4: autoDraw = False
303.6394 	EXP 	probe: autoDraw = False
303.8232 	EXP 	Device response: <KeyPress from None: t=303.6174494000006, value=v, duration=0.19246489999932237>
304.6245 	EXP 	fixation: autoDraw = True
304.6245 	EXP 	line1: autoDraw = True
304.6245 	EXP 	line2: autoDraw = True
304.6245 	EXP 	line3: autoDraw = True
304.6245 	EXP 	line4: autoDraw = True
305.6248 	INFO 	Keyboard events cleared
305.6246 	EXP 	fixation: autoDraw = False
305.6246 	EXP 	probe: autoDraw = True
305.8797 	EXP 	Device response: <KeyPress from None: t=305.8675207000015, value=v, duration=None>
305.8810 	EXP 	New trial (rep=29, index=3): <Trial 119 (3 in rep 29) data={'pos': -150, 'corr_resp': 'z', 'thisN': 119, 'thisTrialN': 3, 'thisRepN': 29}>
305.8828 	DATA 	Keypress: v
305.8925 	EXP 	fixation: autoDraw = False
305.8925 	EXP 	line1: autoDraw = False
305.8925 	EXP 	line2: autoDraw = False
305.8925 	EXP 	line3: autoDraw = False
305.8925 	EXP 	line4: autoDraw = False
305.8925 	EXP 	probe: autoDraw = False
306.0426 	EXP 	Device response: <KeyPress from None: t=305.8675207000015, value=v, duration=0.1719797000005201>
306.8923 	EXP 	fixation: autoDraw = True
306.8923 	EXP 	line1: autoDraw = True
306.8923 	EXP 	line2: autoDraw = True
306.8923 	EXP 	line3: autoDraw = True
306.8923 	EXP 	line4: autoDraw = True
307.8917 	INFO 	Keyboard events cleared
307.8915 	EXP 	probe: autoDraw = True
307.9073 	EXP 	fixation: autoDraw = False
308.8416 	EXP 	Device response: <KeyPress from None: t=308.83530040000187, value=v, duration=None>
308.8420 	EXP 	New trial (rep=30, index=0): <Trial 120 (0 in rep 30) data={'pos': -50, 'corr_resp': 'x', 'thisN': 120, 'thisTrialN': 0, 'thisRepN': 30}>
308.8433 	DATA 	Keypress: v
308.8575 	EXP 	fixation: autoDraw = False
308.8575 	EXP 	line1: autoDraw = False
308.8575 	EXP 	line2: autoDraw = False
308.8575 	EXP 	line3: autoDraw = False
308.8575 	EXP 	line4: autoDraw = False
308.8575 	EXP 	probe: autoDraw = False
309.0419 	EXP 	Device response: <KeyPress from None: t=308.83530040000187, value=v, duration=0.19480269999985467>
309.8417 	EXP 	fixation: autoDraw = True
309.8417 	EXP 	line1: autoDraw = True
309.8417 	EXP 	line2: autoDraw = True
309.8417 	EXP 	line3: autoDraw = True
309.8417 	EXP 	line4: autoDraw = True
310.8417 	INFO 	Keyboard events cleared
310.8415 	EXP 	fixation: autoDraw = False
310.8415 	EXP 	probe: autoDraw = True
311.9250 	EXP 	Device response: <KeyPress from None: t=311.91161170000123, value=v, duration=None>
311.9255 	EXP 	New trial (rep=30, index=1): <Trial 121 (1 in rep 30) data={'pos': 150, 'corr_resp': 'v', 'thisN': 121, 'thisTrialN': 1, 'thisRepN': 30}>
311.9269 	DATA 	Keypress: v
311.9413 	EXP 	fixation: autoDraw = False
311.9413 	EXP 	line1: autoDraw = False
311.9413 	EXP 	line2: autoDraw = False
311.9413 	EXP 	line3: autoDraw = False
311.9413 	EXP 	line4: autoDraw = False
311.9413 	EXP 	probe: autoDraw = False
312.1091 	EXP 	Device response: <KeyPress from None: t=311.91161170000123, value=v, duration=0.19389509999746224>
312.9409 	EXP 	fixation: autoDraw = True
312.9409 	EXP 	line1: autoDraw = True
312.9409 	EXP 	line2: autoDraw = True
312.9409 	EXP 	line3: autoDraw = True
312.9409 	EXP 	line4: autoDraw = True
313.4748 	EXP 	Device response: <KeyPress from None: t=313.4622989999989, value=v, duration=None>
313.4767 	DATA 	Keypress: v
313.6747 	EXP 	Device response: <KeyPress from None: t=313.4622989999989, value=v, duration=0.20187630000145873>
313.9249 	INFO 	Keyboard events cleared
313.9247 	EXP 	probe: autoDraw = True
313.9409 	EXP 	fixation: autoDraw = False
314.5584 	EXP 	Device response: <KeyPress from None: t=314.5450301000019, value=v, duration=None>
314.5590 	EXP 	New trial (rep=30, index=2): <Trial 122 (2 in rep 30) data={'pos': 50, 'corr_resp': 'c', 'thisN': 122, 'thisTrialN': 2, 'thisRepN': 30}>
314.5604 	DATA 	Keypress: v
314.5746 	EXP 	fixation: autoDraw = False
314.5746 	EXP 	line1: autoDraw = False
314.5746 	EXP 	line2: autoDraw = False
314.5746 	EXP 	line3: autoDraw = False
314.5746 	EXP 	line4: autoDraw = False
314.5746 	EXP 	probe: autoDraw = False
314.7254 	EXP 	Device response: <KeyPress from None: t=314.5450301000019, value=v, duration=0.1643601999967359>
315.5573 	EXP 	fixation: autoDraw = True
315.5573 	EXP 	line1: autoDraw = True
315.5573 	EXP 	line2: autoDraw = True
315.5573 	EXP 	line3: autoDraw = True
315.5573 	EXP 	line4: autoDraw = True
316.5081 	EXP 	Device response: <KeyPress from None: t=316.50195330000133, value=v, duration=None>
316.5099 	DATA 	Keypress: v
316.5569 	EXP 	fixation: autoDraw = False
316.5734 	INFO 	Keyboard events cleared
316.5732 	EXP 	probe: autoDraw = True
316.7258 	EXP 	Device response: <KeyPress from None: t=316.50195330000133, value=v, duration=0.22265669999978854>
318.2722 	EXP 	Device response: <KeyPress from None: t=318.2589791999999, value=v, duration=None>
318.2725 	EXP 	New trial (rep=30, index=3): <Trial 123 (3 in rep 30) data={'pos': -150, 'corr_resp': 'z', 'thisN': 123, 'thisTrialN': 3, 'thisRepN': 30}>
318.2737 	DATA 	Keypress: v
318.2886 	EXP 	fixation: autoDraw = False
318.2886 	EXP 	line1: autoDraw = False
318.2886 	EXP 	line2: autoDraw = False
318.2886 	EXP 	line3: autoDraw = False
318.2886 	EXP 	line4: autoDraw = False
318.2886 	EXP 	probe: autoDraw = False
318.4892 	EXP 	Device response: <KeyPress from None: t=318.2589791999999, value=v, duration=0.21679930000027525>
319.2742 	EXP 	fixation: autoDraw = True
319.2742 	EXP 	line1: autoDraw = True
319.2742 	EXP 	line2: autoDraw = True
319.2742 	EXP 	line3: autoDraw = True
319.2742 	EXP 	line4: autoDraw = True
320.1457 	DATA 	Keypress: x
320.1618 	EXP 	Device response: <KeyPress from None: t=320.143665399999, value=x, duration=None>
320.2734 	INFO 	Keyboard events cleared
320.2728 	EXP 	fixation: autoDraw = False
320.2728 	EXP 	probe: autoDraw = True
320.4126 	EXP 	Device response: <KeyPress from None: t=320.143665399999, value=x, duration=0.2660312000007252>
320.9786 	EXP 	Device response: <KeyPress from None: t=320.9690445999986, value=z, duration=None>
320.9790 	EXP 	New trial (rep=31, index=0): <Trial 124 (0 in rep 31) data={'pos': -50, 'corr_resp': 'x', 'thisN': 124, 'thisTrialN': 0, 'thisRepN': 31}>
320.9808 	DATA 	Keypress: z
320.9902 	EXP 	fixation: autoDraw = False
320.9902 	EXP 	line1: autoDraw = False
320.9902 	EXP 	line2: autoDraw = False
320.9902 	EXP 	line3: autoDraw = False
320.9902 	EXP 	line4: autoDraw = False
320.9902 	EXP 	probe: autoDraw = False
321.2091 	EXP 	Device response: <KeyPress from None: t=320.9690445999986, value=z, duration=0.2336386000024504>
321.9903 	EXP 	fixation: autoDraw = True
321.9903 	EXP 	line1: autoDraw = True
321.9903 	EXP 	line2: autoDraw = True
321.9903 	EXP 	line3: autoDraw = True
321.9903 	EXP 	line4: autoDraw = True
322.9712 	INFO 	Keyboard events cleared
322.9711 	EXP 	probe: autoDraw = True
322.9885 	EXP 	fixation: autoDraw = False
323.4474 	EXP 	Device response: <KeyPress from None: t=323.4410907999991, value=x, duration=None>
323.4477 	EXP 	New trial (rep=31, index=1): <Trial 125 (1 in rep 31) data={'pos': 150, 'corr_resp': 'v', 'thisN': 125, 'thisTrialN': 1, 'thisRepN': 31}>
323.4484 	DATA 	Keypress: x
323.4551 	EXP 	fixation: autoDraw = False
323.4551 	EXP 	line1: autoDraw = False
323.4551 	EXP 	line2: autoDraw = False
323.4551 	EXP 	line3: autoDraw = False
323.4551 	EXP 	line4: autoDraw = False
323.4551 	EXP 	probe: autoDraw = False
323.6166 	EXP 	Device response: <KeyPress from None: t=323.4410907999991, value=x, duration=0.1730628000004799>
324.4497 	EXP 	fixation: autoDraw = True
324.4497 	EXP 	line1: autoDraw = True
324.4497 	EXP 	line2: autoDraw = True
324.4497 	EXP 	line3: autoDraw = True
324.4497 	EXP 	line4: autoDraw = True
325.4682 	INFO 	Keyboard events cleared
325.4679 	EXP 	fixation: autoDraw = False
325.4679 	EXP 	probe: autoDraw = True
325.7990 	EXP 	Device response: <KeyPress from None: t=325.79494870000053, value=v, duration=None>
325.7995 	EXP 	New trial (rep=31, index=2): <Trial 126 (2 in rep 31) data={'pos': 50, 'corr_resp': 'c', 'thisN': 126, 'thisTrialN': 2, 'thisRepN': 31}>
325.8013 	DATA 	Keypress: v
325.8147 	EXP 	fixation: autoDraw = False
325.8147 	EXP 	line1: autoDraw = False
325.8147 	EXP 	line2: autoDraw = False
325.8147 	EXP 	line3: autoDraw = False
325.8147 	EXP 	line4: autoDraw = False
325.8147 	EXP 	probe: autoDraw = False
326.0144 	EXP 	Device response: <KeyPress from None: t=325.79494870000053, value=v, duration=0.2115157000007457>
326.7976 	EXP 	fixation: autoDraw = True
326.7976 	EXP 	line1: autoDraw = True
326.7976 	EXP 	line2: autoDraw = True
326.7976 	EXP 	line3: autoDraw = True
326.7976 	EXP 	line4: autoDraw = True
327.7965 	INFO 	Keyboard events cleared
327.7964 	EXP 	fixation: autoDraw = False
327.7964 	EXP 	probe: autoDraw = True
328.2750 	DATA 	Keypress: c
328.2805 	EXP 	Device response: <KeyPress from None: t=328.2735109999994, value=c, duration=None>
328.2809 	EXP 	New trial (rep=31, index=3): <Trial 127 (3 in rep 31) data={'pos': -150, 'corr_resp': 'z', 'thisN': 127, 'thisTrialN': 3, 'thisRepN': 31}>
328.2878 	EXP 	fixation: autoDraw = False
328.2878 	EXP 	line1: autoDraw = False
328.2878 	EXP 	line2: autoDraw = False
328.2878 	EXP 	line3: autoDraw = False
328.2878 	EXP 	line4: autoDraw = False
328.2878 	EXP 	probe: autoDraw = False
328.4588 	EXP 	Device response: <KeyPress from None: t=328.2735109999994, value=c, duration=0.17699610000272514>
329.2915 	EXP 	fixation: autoDraw = True
329.2915 	EXP 	line1: autoDraw = True
329.2915 	EXP 	line2: autoDraw = True
329.2915 	EXP 	line3: autoDraw = True
329.2915 	EXP 	line4: autoDraw = True
330.2909 	INFO 	Keyboard events cleared
330.2907 	EXP 	fixation: autoDraw = False
330.2907 	EXP 	probe: autoDraw = True
330.5751 	EXP 	Device response: <KeyPress from None: t=330.5689276000012, value=z, duration=None>
330.5755 	EXP 	New trial (rep=32, index=0): <Trial 128 (0 in rep 32) data={'pos': -50, 'corr_resp': 'x', 'thisN': 128, 'thisTrialN': 0, 'thisRepN': 32}>
330.5769 	DATA 	Keypress: z
330.5904 	EXP 	fixation: autoDraw = False
330.5904 	EXP 	line1: autoDraw = False
330.5904 	EXP 	line2: autoDraw = False
330.5904 	EXP 	line3: autoDraw = False
330.5904 	EXP 	line4: autoDraw = False
330.5904 	EXP 	probe: autoDraw = False
330.7584 	EXP 	Device response: <KeyPress from None: t=330.5689276000012, value=z, duration=0.17346099999849685>
331.5892 	EXP 	fixation: autoDraw = True
331.5892 	EXP 	line1: autoDraw = True
331.5892 	EXP 	line2: autoDraw = True
331.5892 	EXP 	line3: autoDraw = True
331.5892 	EXP 	line4: autoDraw = True
332.5712 	INFO 	Keyboard events cleared
332.5711 	EXP 	probe: autoDraw = True
332.5879 	EXP 	fixation: autoDraw = False
332.8768 	DATA 	Keypress: x
332.8877 	EXP 	Device response: <KeyPress from None: t=332.87445769999977, value=x, duration=None>
332.8882 	EXP 	New trial (rep=32, index=1): <Trial 129 (1 in rep 32) data={'pos': 150, 'corr_resp': 'v', 'thisN': 129, 'thisTrialN': 1, 'thisRepN': 32}>
332.8972 	EXP 	fixation: autoDraw = False
332.8972 	EXP 	line1: autoDraw = False
332.8972 	EXP 	line2: autoDraw = False
332.8972 	EXP 	line3: autoDraw = False
332.8972 	EXP 	line4: autoDraw = False
332.8972 	EXP 	probe: autoDraw = False
333.1336 	EXP 	Device response: <KeyPress from None: t=332.87445769999977, value=x, duration=0.25012409999908414>
333.8792 	EXP 	fixation: autoDraw = True
333.8792 	EXP 	line1: autoDraw = True
333.8792 	EXP 	line2: autoDraw = True
333.8792 	EXP 	line3: autoDraw = True
333.8792 	EXP 	line4: autoDraw = True
334.8909 	INFO 	Keyboard events cleared
334.8907 	EXP 	fixation: autoDraw = False
334.8907 	EXP 	probe: autoDraw = True
335.7764 	DATA 	Keypress: v
335.7911 	EXP 	Device response: <KeyPress from None: t=335.7752290999997, value=v, duration=None>
335.7915 	EXP 	New trial (rep=32, index=2): <Trial 130 (2 in rep 32) data={'pos': 50, 'corr_resp': 'c', 'thisN': 130, 'thisTrialN': 2, 'thisRepN': 32}>
335.8078 	EXP 	fixation: autoDraw = False
335.8078 	EXP 	line1: autoDraw = False
335.8078 	EXP 	line2: autoDraw = False
335.8078 	EXP 	line3: autoDraw = False
335.8078 	EXP 	line4: autoDraw = False
335.8078 	EXP 	probe: autoDraw = False
335.9907 	EXP 	Device response: <KeyPress from None: t=335.7752290999997, value=v, duration=0.20631689999936498>
336.8070 	EXP 	fixation: autoDraw = True
336.8070 	EXP 	line1: autoDraw = True
336.8070 	EXP 	line2: autoDraw = True
336.8070 	EXP 	line3: autoDraw = True
336.8070 	EXP 	line4: autoDraw = True
337.4913 	EXP 	Device response: <KeyPress from None: t=337.4766688000018, value=c, duration=None>
337.4930 	DATA 	Keypress: c
337.6411 	EXP 	Device response: <KeyPress from None: t=337.4766688000018, value=c, duration=0.15981379999720957>
337.7903 	INFO 	Keyboard events cleared
337.7901 	EXP 	probe: autoDraw = True
337.8068 	EXP 	fixation: autoDraw = False
338.0742 	EXP 	Device response: <KeyPress from None: t=338.0659854000005, value=c, duration=None>
338.0746 	EXP 	New trial (rep=32, index=3): <Trial 131 (3 in rep 32) data={'pos': -150, 'corr_resp': 'z', 'thisN': 131, 'thisTrialN': 3, 'thisRepN': 32}>
338.0759 	DATA 	Keypress: c
338.0908 	EXP 	fixation: autoDraw = False
338.0908 	EXP 	line1: autoDraw = False
338.0908 	EXP 	line2: autoDraw = False
338.0908 	EXP 	line3: autoDraw = False
338.0908 	EXP 	line4: autoDraw = False
338.0908 	EXP 	probe: autoDraw = False
338.2413 	EXP 	Device response: <KeyPress from None: t=338.0659854000005, value=c, duration=0.1745160999998916>
339.0781 	EXP 	fixation: autoDraw = True
339.0781 	EXP 	line1: autoDraw = True
339.0781 	EXP 	line2: autoDraw = True
339.0781 	EXP 	line3: autoDraw = True
339.0781 	EXP 	line4: autoDraw = True
340.0772 	INFO 	Keyboard events cleared
340.0771 	EXP 	probe: autoDraw = True
340.0900 	EXP 	fixation: autoDraw = False
340.2963 	EXP 	Device response: <KeyPress from None: t=340.28763379999873, value=z, duration=None>
340.2972 	EXP 	New trial (rep=33, index=0): <Trial 132 (0 in rep 33) data={'pos': -50, 'corr_resp': 'x', 'thisN': 132, 'thisTrialN': 0, 'thisRepN': 33}>
340.3001 	DATA 	Keypress: z
340.3101 	EXP 	fixation: autoDraw = False
340.3101 	EXP 	line1: autoDraw = False
340.3101 	EXP 	line2: autoDraw = False
340.3101 	EXP 	line3: autoDraw = False
340.3101 	EXP 	line4: autoDraw = False
340.3101 	EXP 	probe: autoDraw = False
340.5277 	EXP 	Device response: <KeyPress from None: t=340.28763379999873, value=z, duration=0.22732580000229063>
341.3108 	EXP 	fixation: autoDraw = True
341.3108 	EXP 	line1: autoDraw = True
341.3108 	EXP 	line2: autoDraw = True
341.3108 	EXP 	line3: autoDraw = True
341.3108 	EXP 	line4: autoDraw = True
342.3080 	INFO 	Keyboard events cleared
342.3077 	EXP 	probe: autoDraw = True
342.3246 	EXP 	fixation: autoDraw = False
342.5906 	EXP 	Device response: <KeyPress from None: t=342.58103729999857, value=x, duration=None>
342.5911 	EXP 	New trial (rep=33, index=1): <Trial 133 (1 in rep 33) data={'pos': 150, 'corr_resp': 'v', 'thisN': 133, 'thisTrialN': 1, 'thisRepN': 33}>
342.5923 	DATA 	Keypress: x
342.6073 	EXP 	fixation: autoDraw = False
342.6073 	EXP 	line1: autoDraw = False
342.6073 	EXP 	line2: autoDraw = False
342.6073 	EXP 	line3: autoDraw = False
342.6073 	EXP 	line4: autoDraw = False
342.6073 	EXP 	probe: autoDraw = False
342.8419 	EXP 	Device response: <KeyPress from None: t=342.58103729999857, value=x, duration=0.2523944000022311>
343.5911 	EXP 	fixation: autoDraw = True
343.5911 	EXP 	line1: autoDraw = True
343.5911 	EXP 	line2: autoDraw = True
343.5911 	EXP 	line3: autoDraw = True
343.5911 	EXP 	line4: autoDraw = True
344.5911 	INFO 	Keyboard events cleared
344.5909 	EXP 	fixation: autoDraw = False
344.5909 	EXP 	probe: autoDraw = True
344.7244 	EXP 	Device response: <KeyPress from None: t=344.71960670000044, value=v, duration=None>
344.7248 	EXP 	New trial (rep=33, index=2): <Trial 134 (2 in rep 33) data={'pos': 50, 'corr_resp': 'c', 'thisN': 134, 'thisTrialN': 2, 'thisRepN': 33}>
344.7260 	DATA 	Keypress: v
344.7406 	EXP 	fixation: autoDraw = False
344.7406 	EXP 	line1: autoDraw = False
344.7406 	EXP 	line2: autoDraw = False
344.7406 	EXP 	line3: autoDraw = False
344.7406 	EXP 	line4: autoDraw = False
344.7406 	EXP 	probe: autoDraw = False
344.8244 	EXP 	Device response: <KeyPress from None: t=344.71960670000044, value=v, duration=0.10429949999888777>
345.7236 	EXP 	fixation: autoDraw = True
345.7236 	EXP 	line1: autoDraw = True
345.7236 	EXP 	line2: autoDraw = True
345.7236 	EXP 	line3: autoDraw = True
345.7236 	EXP 	line4: autoDraw = True
346.7236 	EXP 	fixation: autoDraw = False
346.7403 	INFO 	Keyboard events cleared
346.7401 	EXP 	probe: autoDraw = True
346.9581 	EXP 	Device response: <KeyPress from None: t=346.94374909999897, value=c, duration=None>
346.9585 	EXP 	New trial (rep=33, index=3): <Trial 135 (3 in rep 33) data={'pos': -150, 'corr_resp': 'z', 'thisN': 135, 'thisTrialN': 3, 'thisRepN': 33}>
346.9597 	DATA 	Keypress: c
346.9740 	EXP 	fixation: autoDraw = False
346.9740 	EXP 	line1: autoDraw = False
346.9740 	EXP 	line2: autoDraw = False
346.9740 	EXP 	line3: autoDraw = False
346.9740 	EXP 	line4: autoDraw = False
346.9740 	EXP 	probe: autoDraw = False
347.1913 	EXP 	Device response: <KeyPress from None: t=346.94374909999897, value=c, duration=0.2431045000012091>
347.9575 	EXP 	fixation: autoDraw = True
347.9575 	EXP 	line1: autoDraw = True
347.9575 	EXP 	line2: autoDraw = True
347.9575 	EXP 	line3: autoDraw = True
347.9575 	EXP 	line4: autoDraw = True
348.9610 	INFO 	Keyboard events cleared
348.9607 	EXP 	fixation: autoDraw = False
348.9607 	EXP 	probe: autoDraw = True
349.2487 	DATA 	Keypress: z
349.2622 	EXP 	Device response: <KeyPress from None: t=349.2449596000006, value=z, duration=None>
349.2627 	EXP 	New trial (rep=34, index=0): <Trial 136 (0 in rep 34) data={'pos': -50, 'corr_resp': 'x', 'thisN': 136, 'thisTrialN': 0, 'thisRepN': 34}>
349.2772 	EXP 	fixation: autoDraw = False
349.2772 	EXP 	line1: autoDraw = False
349.2772 	EXP 	line2: autoDraw = False
349.2772 	EXP 	line3: autoDraw = False
349.2772 	EXP 	line4: autoDraw = False
349.2772 	EXP 	probe: autoDraw = False
349.4443 	EXP 	Device response: <KeyPress from None: t=349.2449596000006, value=z, duration=0.19143299999996088>
350.2743 	EXP 	fixation: autoDraw = True
350.2743 	EXP 	line1: autoDraw = True
350.2743 	EXP 	line2: autoDraw = True
350.2743 	EXP 	line3: autoDraw = True
350.2743 	EXP 	line4: autoDraw = True
351.2739 	INFO 	Keyboard events cleared
351.2737 	EXP 	probe: autoDraw = True
351.2903 	EXP 	fixation: autoDraw = False
351.9446 	EXP 	Device response: <KeyPress from None: t=351.94083619999947, value=x, duration=None>
351.9459 	EXP 	New trial (rep=34, index=1): <Trial 137 (1 in rep 34) data={'pos': 150, 'corr_resp': 'v', 'thisN': 137, 'thisTrialN': 1, 'thisRepN': 34}>
351.9478 	DATA 	Keypress: x
351.9577 	EXP 	fixation: autoDraw = False
351.9577 	EXP 	line1: autoDraw = False
351.9577 	EXP 	line2: autoDraw = False
351.9577 	EXP 	line3: autoDraw = False
351.9577 	EXP 	line4: autoDraw = False
351.9577 	EXP 	probe: autoDraw = False
352.1381 	EXP 	Device response: <KeyPress from None: t=351.94083619999947, value=x, duration=0.19406140000137384>
352.9575 	EXP 	fixation: autoDraw = True
352.9575 	EXP 	line1: autoDraw = True
352.9575 	EXP 	line2: autoDraw = True
352.9575 	EXP 	line3: autoDraw = True
352.9575 	EXP 	line4: autoDraw = True
353.3258 	EXP 	Device response: <KeyPress from None: t=353.32249199999933, value=v, duration=None>
353.3279 	DATA 	Keypress: v
353.5417 	EXP 	Device response: <KeyPress from None: t=353.32249199999933, value=v, duration=0.2059657000027073>
353.9568 	INFO 	Keyboard events cleared
353.9566 	EXP 	probe: autoDraw = True
353.9737 	EXP 	fixation: autoDraw = False
354.0410 	EXP 	Device response: <KeyPress from None: t=354.04006800000207, value=v, duration=None>
354.0414 	EXP 	New trial (rep=34, index=2): <Trial 138 (2 in rep 34) data={'pos': 50, 'corr_resp': 'c', 'thisN': 138, 'thisTrialN': 2, 'thisRepN': 34}>
354.0427 	DATA 	Keypress: v
354.0576 	EXP 	fixation: autoDraw = False
354.0576 	EXP 	line1: autoDraw = False
354.0576 	EXP 	line2: autoDraw = False
354.0576 	EXP 	line3: autoDraw = False
354.0576 	EXP 	line4: autoDraw = False
354.0576 	EXP 	probe: autoDraw = False
354.2299 	EXP 	Device response: <KeyPress from None: t=354.04006800000207, value=v, duration=0.18469979999645147>
355.0425 	EXP 	fixation: autoDraw = True
355.0425 	EXP 	line1: autoDraw = True
355.0425 	EXP 	line2: autoDraw = True
355.0425 	EXP 	line3: autoDraw = True
355.0425 	EXP 	line4: autoDraw = True
355.9574 	EXP 	Device response: <KeyPress from None: t=355.94383519999974, value=c, duration=None>
355.9593 	DATA 	Keypress: c
356.0407 	INFO 	Keyboard events cleared
356.0404 	EXP 	probe: autoDraw = True
356.0575 	EXP 	fixation: autoDraw = False
356.1905 	EXP 	Device response: <KeyPress from None: t=355.94383519999974, value=c, duration=0.24149300000135554>
356.5216 	EXP 	Device response: <KeyPress from None: t=356.5187585999993, value=c, duration=None>
356.5220 	EXP 	New trial (rep=34, index=3): <Trial 139 (3 in rep 34) data={'pos': -150, 'corr_resp': 'z', 'thisN': 139, 'thisTrialN': 3, 'thisRepN': 34}>
356.5231 	DATA 	Keypress: c
356.5382 	EXP 	fixation: autoDraw = False
356.5382 	EXP 	line1: autoDraw = False
356.5382 	EXP 	line2: autoDraw = False
356.5382 	EXP 	line3: autoDraw = False
356.5382 	EXP 	line4: autoDraw = False
356.5382 	EXP 	probe: autoDraw = False
357.0412 	EXP 	Device response: <KeyPress from None: t=356.5187585999993, value=c, duration=0.5147212000010768>
357.5239 	EXP 	fixation: autoDraw = True
357.5239 	EXP 	line1: autoDraw = True
357.5239 	EXP 	line2: autoDraw = True
357.5239 	EXP 	line3: autoDraw = True
357.5239 	EXP 	line4: autoDraw = True
358.5214 	INFO 	Keyboard events cleared
358.5213 	EXP 	probe: autoDraw = True
358.5379 	EXP 	fixation: autoDraw = False
358.7463 	EXP 	Device response: <KeyPress from None: t=358.74378330000036, value=z, duration=None>
358.7472 	EXP 	New trial (rep=35, index=0): <Trial 140 (0 in rep 35) data={'pos': -50, 'corr_resp': 'x', 'thisN': 140, 'thisTrialN': 0, 'thisRepN': 35}>
358.7499 	DATA 	Keypress: z
358.7599 	EXP 	fixation: autoDraw = False
358.7599 	EXP 	line1: autoDraw = False
358.7599 	EXP 	line2: autoDraw = False
358.7599 	EXP 	line3: autoDraw = False
358.7599 	EXP 	line4: autoDraw = False
358.7599 	EXP 	probe: autoDraw = False
358.9952 	EXP 	Device response: <KeyPress from None: t=358.74378330000036, value=z, duration=0.23491379999904893>
359.7579 	EXP 	fixation: autoDraw = True
359.7579 	EXP 	line1: autoDraw = True
359.7579 	EXP 	line2: autoDraw = True
359.7579 	EXP 	line3: autoDraw = True
359.7579 	EXP 	line4: autoDraw = True
360.6618 	EXP 	Device response: <KeyPress from None: t=360.65599909999946, value=x, duration=None>
360.6650 	DATA 	Keypress: x
360.7593 	INFO 	Keyboard events cleared
360.7590 	EXP 	fixation: autoDraw = False
360.7590 	EXP 	probe: autoDraw = True
360.8433 	EXP 	Device response: <KeyPress from None: t=360.65599909999946, value=x, duration=0.17440540000097826>
361.1735 	EXP 	Device response: <KeyPress from None: t=361.1594206000009, value=x, duration=None>
361.1740 	EXP 	New trial (rep=35, index=1): <Trial 141 (1 in rep 35) data={'pos': 150, 'corr_resp': 'v', 'thisN': 141, 'thisTrialN': 1, 'thisRepN': 35}>
361.1752 	DATA 	Keypress: x
361.1904 	EXP 	fixation: autoDraw = False
361.1904 	EXP 	line1: autoDraw = False
361.1904 	EXP 	line2: autoDraw = False
361.1904 	EXP 	line3: autoDraw = False
361.1904 	EXP 	line4: autoDraw = False
361.1904 	EXP 	probe: autoDraw = False
361.3121 	EXP 	Device response: <KeyPress from None: t=361.1594206000009, value=x, duration=0.14143269999840413>
362.1754 	EXP 	fixation: autoDraw = True
362.1754 	EXP 	line1: autoDraw = True
362.1754 	EXP 	line2: autoDraw = True
362.1754 	EXP 	line3: autoDraw = True
362.1754 	EXP 	line4: autoDraw = True
363.1905 	INFO 	Keyboard events cleared
363.1903 	EXP 	fixation: autoDraw = False
363.1903 	EXP 	probe: autoDraw = True
363.2882 	EXP 	Device response: <KeyPress from None: t=363.2832890999998, value=v, duration=None>
363.2886 	EXP 	New trial (rep=35, index=2): <Trial 142 (2 in rep 35) data={'pos': 50, 'corr_resp': 'c', 'thisN': 142, 'thisTrialN': 2, 'thisRepN': 35}>
363.2896 	DATA 	Keypress: v
363.3075 	EXP 	fixation: autoDraw = False
363.3075 	EXP 	line1: autoDraw = False
363.3075 	EXP 	line2: autoDraw = False
363.3075 	EXP 	line3: autoDraw = False
363.3075 	EXP 	line4: autoDraw = False
363.3075 	EXP 	probe: autoDraw = False
363.4573 	EXP 	Device response: <KeyPress from None: t=363.2832890999998, value=v, duration=0.1696300000003248>
364.2899 	EXP 	fixation: autoDraw = True
364.2899 	EXP 	line1: autoDraw = True
364.2899 	EXP 	line2: autoDraw = True
364.2899 	EXP 	line3: autoDraw = True
364.2899 	EXP 	line4: autoDraw = True
365.2909 	INFO 	Keyboard events cleared
365.2907 	EXP 	fixation: autoDraw = False
365.2907 	EXP 	probe: autoDraw = True
365.5575 	EXP 	Device response: <KeyPress from None: t=365.5527593000006, value=c, duration=None>
365.5580 	EXP 	New trial (rep=35, index=3): <Trial 143 (3 in rep 35) data={'pos': -150, 'corr_resp': 'z', 'thisN': 143, 'thisTrialN': 3, 'thisRepN': 35}>
365.5592 	DATA 	Keypress: c
365.5749 	EXP 	fixation: autoDraw = False
365.5749 	EXP 	line1: autoDraw = False
365.5749 	EXP 	line2: autoDraw = False
365.5749 	EXP 	line3: autoDraw = False
365.5749 	EXP 	line4: autoDraw = False
365.5749 	EXP 	probe: autoDraw = False
365.8046 	EXP 	Device response: <KeyPress from None: t=365.5527593000006, value=c, duration=0.2446468999987701>
366.5596 	EXP 	fixation: autoDraw = True
366.5596 	EXP 	line1: autoDraw = True
366.5596 	EXP 	line2: autoDraw = True
366.5596 	EXP 	line3: autoDraw = True
366.5596 	EXP 	line4: autoDraw = True
367.5604 	INFO 	Keyboard events cleared
367.5601 	EXP 	fixation: autoDraw = False
367.5601 	EXP 	probe: autoDraw = True
367.8450 	EXP 	Device response: <KeyPress from None: t=367.84408149999945, value=z, duration=None>
367.8457 	EXP 	New trial (rep=36, index=0): <Trial 144 (0 in rep 36) data={'pos': -50, 'corr_resp': 'x', 'thisN': 144, 'thisTrialN': 0, 'thisRepN': 36}>
367.8480 	DATA 	Keypress: z
367.8599 	EXP 	fixation: autoDraw = False
367.8599 	EXP 	line1: autoDraw = False
367.8599 	EXP 	line2: autoDraw = False
367.8599 	EXP 	line3: autoDraw = False
367.8599 	EXP 	line4: autoDraw = False
367.8599 	EXP 	probe: autoDraw = False
368.0287 	EXP 	Device response: <KeyPress from None: t=367.84408149999945, value=z, duration=0.1835361000012199>
368.8609 	EXP 	fixation: autoDraw = True
368.8609 	EXP 	line1: autoDraw = True
368.8609 	EXP 	line2: autoDraw = True
368.8609 	EXP 	line3: autoDraw = True
368.8609 	EXP 	line4: autoDraw = True
369.7448 	EXP 	Device response: <KeyPress from None: t=369.7366139000005, value=x, duration=None>
369.7480 	DATA 	Keypress: x
369.8602 	INFO 	Keyboard events cleared
369.8600 	EXP 	probe: autoDraw = True
369.8764 	EXP 	fixation: autoDraw = False
369.9624 	EXP 	Device response: <KeyPress from None: t=369.7366139000005, value=x, duration=0.2182799000001978>
370.1779 	EXP 	Device response: <KeyPress from None: t=370.1666757000021, value=x, duration=None>
370.1788 	EXP 	New trial (rep=36, index=1): <Trial 145 (1 in rep 36) data={'pos': 150, 'corr_resp': 'v', 'thisN': 145, 'thisTrialN': 1, 'thisRepN': 36}>
370.1813 	DATA 	Keypress: x
370.1947 	EXP 	fixation: autoDraw = False
370.1947 	EXP 	line1: autoDraw = False
370.1947 	EXP 	line2: autoDraw = False
370.1947 	EXP 	line3: autoDraw = False
370.1947 	EXP 	line4: autoDraw = False
370.1947 	EXP 	probe: autoDraw = False
370.4113 	EXP 	Device response: <KeyPress from None: t=370.1666757000021, value=x, duration=0.23567049999837764>
371.1766 	EXP 	fixation: autoDraw = True
371.1766 	EXP 	line1: autoDraw = True
371.1766 	EXP 	line2: autoDraw = True
371.1766 	EXP 	line3: autoDraw = True
371.1766 	EXP 	line4: autoDraw = True
372.1752 	EXP 	fixation: autoDraw = False
372.1924 	INFO 	Keyboard events cleared
372.1922 	EXP 	probe: autoDraw = True
372.4906 	EXP 	Device response: <KeyPress from None: t=372.48684370000046, value=v, duration=None>
372.4911 	EXP 	New trial (rep=36, index=2): <Trial 146 (2 in rep 36) data={'pos': 50, 'corr_resp': 'c', 'thisN': 146, 'thisTrialN': 2, 'thisRepN': 36}>
372.4922 	DATA 	Keypress: v
372.5069 	EXP 	fixation: autoDraw = False
372.5069 	EXP 	line1: autoDraw = False
372.5069 	EXP 	line2: autoDraw = False
372.5069 	EXP 	line3: autoDraw = False
372.5069 	EXP 	line4: autoDraw = False
372.5069 	EXP 	probe: autoDraw = False
372.6404 	EXP 	Device response: <KeyPress from None: t=372.48684370000046, value=v, duration=0.14849799999865354>
373.5044 	EXP 	fixation: autoDraw = True
373.5044 	EXP 	line1: autoDraw = True
373.5044 	EXP 	line2: autoDraw = True
373.5044 	EXP 	line3: autoDraw = True
373.5044 	EXP 	line4: autoDraw = True
374.4939 	INFO 	Keyboard events cleared
374.4936 	EXP 	probe: autoDraw = True
374.5103 	EXP 	fixation: autoDraw = False
374.7951 	EXP 	Device response: <KeyPress from None: t=374.79422329999943, value=c, duration=None>
374.7958 	EXP 	New trial (rep=36, index=3): <Trial 147 (3 in rep 36) data={'pos': -150, 'corr_resp': 'z', 'thisN': 147, 'thisTrialN': 3, 'thisRepN': 36}>
374.7983 	DATA 	Keypress: c
374.8120 	EXP 	fixation: autoDraw = False
374.8120 	EXP 	line1: autoDraw = False
374.8120 	EXP 	line2: autoDraw = False
374.8120 	EXP 	line3: autoDraw = False
374.8120 	EXP 	line4: autoDraw = False
374.8120 	EXP 	probe: autoDraw = False
375.0105 	EXP 	Device response: <KeyPress from None: t=374.79422329999943, value=c, duration=0.21232679999957327>
375.8099 	EXP 	fixation: autoDraw = True
375.8099 	EXP 	line1: autoDraw = True
375.8099 	EXP 	line2: autoDraw = True
375.8099 	EXP 	line3: autoDraw = True
375.8099 	EXP 	line4: autoDraw = True
376.8114 	INFO 	Keyboard events cleared
376.8111 	EXP 	fixation: autoDraw = False
376.8111 	EXP 	probe: autoDraw = True
377.1222 	EXP 	Device response: <KeyPress from None: t=377.1078301999987, value=z, duration=None>
377.1226 	EXP 	New trial (rep=37, index=0): <Trial 148 (0 in rep 37) data={'pos': -50, 'corr_resp': 'x', 'thisN': 148, 'thisTrialN': 0, 'thisRepN': 37}>
377.1237 	DATA 	Keypress: z
377.1378 	EXP 	fixation: autoDraw = False
377.1378 	EXP 	line1: autoDraw = False
377.1378 	EXP 	line2: autoDraw = False
377.1378 	EXP 	line3: autoDraw = False
377.1378 	EXP 	line4: autoDraw = False
377.1378 	EXP 	probe: autoDraw = False
377.2713 	EXP 	Device response: <KeyPress from None: t=377.1078301999987, value=z, duration=0.15867120000257273>
378.1221 	EXP 	fixation: autoDraw = True
378.1221 	EXP 	line1: autoDraw = True
378.1221 	EXP 	line2: autoDraw = True
378.1221 	EXP 	line3: autoDraw = True
378.1221 	EXP 	line4: autoDraw = True
379.1234 	INFO 	Keyboard events cleared
379.1232 	EXP 	fixation: autoDraw = False
379.1232 	EXP 	probe: autoDraw = True
379.3759 	DATA 	Keypress: x
379.3908 	EXP 	Device response: <KeyPress from None: t=379.3753562999991, value=x, duration=None>
379.3913 	EXP 	New trial (rep=37, index=1): <Trial 149 (1 in rep 37) data={'pos': 150, 'corr_resp': 'v', 'thisN': 149, 'thisTrialN': 1, 'thisRepN': 37}>
379.4072 	EXP 	fixation: autoDraw = False
379.4072 	EXP 	line1: autoDraw = False
379.4072 	EXP 	line2: autoDraw = False
379.4072 	EXP 	line3: autoDraw = False
379.4072 	EXP 	line4: autoDraw = False
379.4072 	EXP 	probe: autoDraw = False
379.5743 	EXP 	Device response: <KeyPress from None: t=379.3753562999991, value=x, duration=0.1932635000011942>
380.3891 	EXP 	fixation: autoDraw = True
380.3891 	EXP 	line1: autoDraw = True
380.3891 	EXP 	line2: autoDraw = True
380.3891 	EXP 	line3: autoDraw = True
380.3891 	EXP 	line4: autoDraw = True
381.3902 	INFO 	Keyboard events cleared
381.3900 	EXP 	fixation: autoDraw = False
381.3900 	EXP 	probe: autoDraw = True
381.7080 	EXP 	Device response: <KeyPress from None: t=381.69576909999887, value=v, duration=None>
381.7083 	EXP 	New trial (rep=37, index=2): <Trial 150 (2 in rep 37) data={'pos': 50, 'corr_resp': 'c', 'thisN': 150, 'thisTrialN': 2, 'thisRepN': 37}>
381.7096 	DATA 	Keypress: v
381.7234 	EXP 	fixation: autoDraw = False
381.7234 	EXP 	line1: autoDraw = False
381.7234 	EXP 	line2: autoDraw = False
381.7234 	EXP 	line3: autoDraw = False
381.7234 	EXP 	line4: autoDraw = False
381.7234 	EXP 	probe: autoDraw = False
381.8905 	EXP 	Device response: <KeyPress from None: t=381.69576909999887, value=v, duration=0.1873178000023472>
382.7238 	EXP 	fixation: autoDraw = True
382.7238 	EXP 	line1: autoDraw = True
382.7238 	EXP 	line2: autoDraw = True
382.7238 	EXP 	line3: autoDraw = True
382.7238 	EXP 	line4: autoDraw = True
383.7241 	INFO 	Keyboard events cleared
383.7239 	EXP 	fixation: autoDraw = False
383.7239 	EXP 	probe: autoDraw = True
383.9904 	EXP 	Device response: <KeyPress from None: t=383.9829427000004, value=c, duration=None>
383.9908 	EXP 	New trial (rep=37, index=3): <Trial 151 (3 in rep 37) data={'pos': -150, 'corr_resp': 'z', 'thisN': 151, 'thisTrialN': 3, 'thisRepN': 37}>
383.9922 	DATA 	Keypress: c
384.0068 	EXP 	fixation: autoDraw = False
384.0068 	EXP 	line1: autoDraw = False
384.0068 	EXP 	line2: autoDraw = False
384.0068 	EXP 	line3: autoDraw = False
384.0068 	EXP 	line4: autoDraw = False
384.0068 	EXP 	probe: autoDraw = False
384.2437 	EXP 	Device response: <KeyPress from None: t=383.9829427000004, value=c, duration=0.24975719999929424>
384.9931 	EXP 	fixation: autoDraw = True
384.9931 	EXP 	line1: autoDraw = True
384.9931 	EXP 	line2: autoDraw = True
384.9931 	EXP 	line3: autoDraw = True
384.9931 	EXP 	line4: autoDraw = True
386.0053 	INFO 	Keyboard events cleared
386.0051 	EXP 	fixation: autoDraw = False
386.0051 	EXP 	probe: autoDraw = True
386.0900 	EXP 	Device response: <KeyPress from None: t=386.088425599999, value=z, duration=None>
386.0905 	EXP 	New trial (rep=38, index=0): <Trial 152 (0 in rep 38) data={'pos': -50, 'corr_resp': 'x', 'thisN': 152, 'thisTrialN': 0, 'thisRepN': 38}>
386.0917 	DATA 	Keypress: z
386.1050 	EXP 	fixation: autoDraw = False
386.1050 	EXP 	line1: autoDraw = False
386.1050 	EXP 	line2: autoDraw = False
386.1050 	EXP 	line3: autoDraw = False
386.1050 	EXP 	line4: autoDraw = False
386.1050 	EXP 	probe: autoDraw = False
386.1055 	EXP 	Device response: <KeyPress from None: t=386.10180000000037, value=x, duration=None>
386.1062 	DATA 	Keypress: x
386.3071 	EXP 	Device response: <KeyPress from None: t=386.088425599999, value=z, duration=0.2073935000007623>
386.3741 	EXP 	Device response: <KeyPress from None: t=386.10180000000037, value=x, duration=0.2611173000004783>
387.0899 	EXP 	fixation: autoDraw = True
387.0899 	EXP 	line1: autoDraw = True
387.0899 	EXP 	line2: autoDraw = True
387.0899 	EXP 	line3: autoDraw = True
387.0899 	EXP 	line4: autoDraw = True
388.0888 	INFO 	Keyboard events cleared
388.0887 	EXP 	fixation: autoDraw = False
388.0887 	EXP 	probe: autoDraw = True
388.3575 	EXP 	Device response: <KeyPress from None: t=388.354027100002, value=x, duration=None>
388.3579 	EXP 	New trial (rep=38, index=1): <Trial 153 (1 in rep 38) data={'pos': 150, 'corr_resp': 'v', 'thisN': 153, 'thisTrialN': 1, 'thisRepN': 38}>
388.3594 	DATA 	Keypress: x
388.3731 	EXP 	fixation: autoDraw = False
388.3731 	EXP 	line1: autoDraw = False
388.3731 	EXP 	line2: autoDraw = False
388.3731 	EXP 	line3: autoDraw = False
388.3731 	EXP 	line4: autoDraw = False
388.3731 	EXP 	probe: autoDraw = False
388.5572 	EXP 	Device response: <KeyPress from None: t=388.354027100002, value=x, duration=0.1923990999966918>
389.3734 	EXP 	fixation: autoDraw = True
389.3734 	EXP 	line1: autoDraw = True
389.3734 	EXP 	line2: autoDraw = True
389.3734 	EXP 	line3: autoDraw = True
389.3734 	EXP 	line4: autoDraw = True
390.3716 	INFO 	Keyboard events cleared
390.3714 	EXP 	probe: autoDraw = True
390.3876 	EXP 	fixation: autoDraw = False
390.6570 	EXP 	Device response: <KeyPress from None: t=390.6522842000013, value=v, duration=None>
390.6574 	EXP 	New trial (rep=38, index=2): <Trial 154 (2 in rep 38) data={'pos': 50, 'corr_resp': 'c', 'thisN': 154, 'thisTrialN': 2, 'thisRepN': 38}>
390.6586 	DATA 	Keypress: v
390.6781 	EXP 	fixation: autoDraw = False
390.6781 	EXP 	line1: autoDraw = False
390.6781 	EXP 	line2: autoDraw = False
390.6781 	EXP 	line3: autoDraw = False
390.6781 	EXP 	line4: autoDraw = False
390.6781 	EXP 	probe: autoDraw = False
390.8121 	EXP 	Device response: <KeyPress from None: t=390.6522842000013, value=v, duration=0.15184379999845987>
391.6600 	EXP 	fixation: autoDraw = True
391.6600 	EXP 	line1: autoDraw = True
391.6600 	EXP 	line2: autoDraw = True
391.6600 	EXP 	line3: autoDraw = True
391.6600 	EXP 	line4: autoDraw = True
392.6571 	INFO 	Keyboard events cleared
392.6569 	EXP 	probe: autoDraw = True
392.6730 	EXP 	fixation: autoDraw = False
393.0242 	EXP 	Device response: <KeyPress from None: t=393.0232418000014, value=c, duration=None>
393.0246 	EXP 	New trial (rep=38, index=3): <Trial 155 (3 in rep 38) data={'pos': -150, 'corr_resp': 'z', 'thisN': 155, 'thisTrialN': 3, 'thisRepN': 38}>
393.0259 	DATA 	Keypress: c
393.0406 	EXP 	fixation: autoDraw = False
393.0406 	EXP 	line1: autoDraw = False
393.0406 	EXP 	line2: autoDraw = False
393.0406 	EXP 	line3: autoDraw = False
393.0406 	EXP 	line4: autoDraw = False
393.0406 	EXP 	probe: autoDraw = False
393.2569 	EXP 	Device response: <KeyPress from None: t=393.0232418000014, value=c, duration=0.2284092999980203>
394.0236 	EXP 	fixation: autoDraw = True
394.0236 	EXP 	line1: autoDraw = True
394.0236 	EXP 	line2: autoDraw = True
394.0236 	EXP 	line3: autoDraw = True
394.0236 	EXP 	line4: autoDraw = True
395.0236 	EXP 	fixation: autoDraw = False
395.0403 	INFO 	Keyboard events cleared
395.0401 	EXP 	probe: autoDraw = True
395.3905 	EXP 	Device response: <KeyPress from None: t=395.38139330000195, value=z, duration=None>
395.3910 	EXP 	New trial (rep=39, index=0): <Trial 156 (0 in rep 39) data={'pos': -50, 'corr_resp': 'x', 'thisN': 156, 'thisTrialN': 0, 'thisRepN': 39}>
395.3922 	DATA 	Keypress: z
395.4063 	EXP 	fixation: autoDraw = False
395.4063 	EXP 	line1: autoDraw = False
395.4063 	EXP 	line2: autoDraw = False
395.4063 	EXP 	line3: autoDraw = False
395.4063 	EXP 	line4: autoDraw = False
395.4063 	EXP 	probe: autoDraw = False
395.5901 	EXP 	Device response: <KeyPress from None: t=395.38139330000195, value=z, duration=0.20161430000007385>
396.3931 	EXP 	fixation: autoDraw = True
396.3931 	EXP 	line1: autoDraw = True
396.3931 	EXP 	line2: autoDraw = True
396.3931 	EXP 	line3: autoDraw = True
396.3931 	EXP 	line4: autoDraw = True
397.4068 	INFO 	Keyboard events cleared
397.4066 	EXP 	fixation: autoDraw = False
397.4066 	EXP 	probe: autoDraw = True
397.8074 	EXP 	Device response: <KeyPress from None: t=397.80173320000176, value=x, duration=None>
397.8078 	EXP 	New trial (rep=39, index=1): <Trial 157 (1 in rep 39) data={'pos': 150, 'corr_resp': 'v', 'thisN': 157, 'thisTrialN': 1, 'thisRepN': 39}>
397.8093 	DATA 	Keypress: x
397.8232 	EXP 	fixation: autoDraw = False
397.8232 	EXP 	line1: autoDraw = False
397.8232 	EXP 	line2: autoDraw = False
397.8232 	EXP 	line3: autoDraw = False
397.8232 	EXP 	line4: autoDraw = False
397.8232 	EXP 	probe: autoDraw = False
397.9547 	EXP 	Device response: <KeyPress from None: t=397.80173320000176, value=x, duration=0.14935489999697893>
398.8235 	EXP 	fixation: autoDraw = True
398.8235 	EXP 	line1: autoDraw = True
398.8235 	EXP 	line2: autoDraw = True
398.8235 	EXP 	line3: autoDraw = True
398.8235 	EXP 	line4: autoDraw = True
399.8235 	INFO 	Keyboard events cleared
399.8233 	EXP 	fixation: autoDraw = False
399.8233 	EXP 	probe: autoDraw = True
400.1948 	EXP 	Device response: <KeyPress from None: t=400.1854357000011, value=c, duration=None>
400.1955 	EXP 	New trial (rep=39, index=2): <Trial 158 (2 in rep 39) data={'pos': 50, 'corr_resp': 'c', 'thisN': 158, 'thisTrialN': 2, 'thisRepN': 39}>
400.1978 	DATA 	Keypress: c
400.2100 	EXP 	fixation: autoDraw = False
400.2100 	EXP 	line1: autoDraw = False
400.2100 	EXP 	line2: autoDraw = False
400.2100 	EXP 	line3: autoDraw = False
400.2100 	EXP 	line4: autoDraw = False
400.2100 	EXP 	probe: autoDraw = False
400.6076 	EXP 	Device response: <KeyPress from None: t=400.1854357000011, value=c, duration=0.4177330999991682>
401.2069 	EXP 	fixation: autoDraw = True
401.2069 	EXP 	line1: autoDraw = True
401.2069 	EXP 	line2: autoDraw = True
401.2069 	EXP 	line3: autoDraw = True
401.2069 	EXP 	line4: autoDraw = True
402.2065 	INFO 	Keyboard events cleared
402.2063 	EXP 	fixation: autoDraw = False
402.2063 	EXP 	probe: autoDraw = True
403.5393 	EXP 	Device response: <KeyPress from None: t=403.5384464000017, value=x, duration=None>
403.5426 	DATA 	Keypress: x
403.5614 	EXP 	New trial (rep=39, index=3): <Trial 159 (3 in rep 39) data={'pos': -150, 'corr_resp': 'z', 'thisN': 159, 'thisTrialN': 3, 'thisRepN': 39}>
403.5772 	EXP 	fixation: autoDraw = False
403.5772 	EXP 	line1: autoDraw = False
403.5772 	EXP 	line2: autoDraw = False
403.5772 	EXP 	line3: autoDraw = False
403.5772 	EXP 	line4: autoDraw = False
403.5772 	EXP 	probe: autoDraw = False
403.6452 	EXP 	Device response: <KeyPress from None: t=403.6354477999994, value=c, duration=None>
403.6471 	DATA 	Keypress: c
403.8400 	EXP 	Device response: <KeyPress from None: t=403.6354477999994, value=c, duration=0.1990406000004441>
403.8728 	EXP 	Device response: <KeyPress from None: t=403.5384464000017, value=x, duration=0.33295859999998356>
404.5737 	EXP 	fixation: autoDraw = True
404.5737 	EXP 	line1: autoDraw = True
404.5737 	EXP 	line2: autoDraw = True
404.5737 	EXP 	line3: autoDraw = True
404.5737 	EXP 	line4: autoDraw = True
405.5738 	INFO 	Keyboard events cleared
405.5736 	EXP 	fixation: autoDraw = False
405.5736 	EXP 	probe: autoDraw = True
406.0407 	EXP 	Device response: <KeyPress from None: t=406.03626090000034, value=z, duration=None>
406.0411 	EXP 	New trial (rep=40, index=0): <Trial 160 (0 in rep 40) data={'pos': -50, 'corr_resp': 'x', 'thisN': 160, 'thisTrialN': 0, 'thisRepN': 40}>
406.0424 	DATA 	Keypress: z
406.0565 	EXP 	fixation: autoDraw = False
406.0565 	EXP 	line1: autoDraw = False
406.0565 	EXP 	line2: autoDraw = False
406.0565 	EXP 	line3: autoDraw = False
406.0565 	EXP 	line4: autoDraw = False
406.0565 	EXP 	probe: autoDraw = False
406.2243 	EXP 	Device response: <KeyPress from None: t=406.03626090000034, value=z, duration=0.17860319999817875>
407.0566 	EXP 	fixation: autoDraw = True
407.0566 	EXP 	line1: autoDraw = True
407.0566 	EXP 	line2: autoDraw = True
407.0566 	EXP 	line3: autoDraw = True
407.0566 	EXP 	line4: autoDraw = True
408.0422 	INFO 	Keyboard events cleared
408.0420 	EXP 	probe: autoDraw = True
408.0561 	EXP 	fixation: autoDraw = False
408.7904 	EXP 	Device response: <KeyPress from None: t=408.7832070000004, value=x, duration=None>
408.7908 	EXP 	New trial (rep=40, index=1): <Trial 161 (1 in rep 40) data={'pos': 150, 'corr_resp': 'v', 'thisN': 161, 'thisTrialN': 1, 'thisRepN': 40}>
408.7921 	DATA 	Keypress: x
408.8065 	EXP 	fixation: autoDraw = False
408.8065 	EXP 	line1: autoDraw = False
408.8065 	EXP 	line2: autoDraw = False
408.8065 	EXP 	line3: autoDraw = False
408.8065 	EXP 	line4: autoDraw = False
408.8065 	EXP 	probe: autoDraw = False
409.0064 	EXP 	Device response: <KeyPress from None: t=408.7832070000004, value=x, duration=0.2183813999981794>
409.8063 	EXP 	fixation: autoDraw = True
409.8063 	EXP 	line1: autoDraw = True
409.8063 	EXP 	line2: autoDraw = True
409.8063 	EXP 	line3: autoDraw = True
409.8063 	EXP 	line4: autoDraw = True
410.8074 	INFO 	Keyboard events cleared
410.8072 	EXP 	fixation: autoDraw = False
410.8072 	EXP 	probe: autoDraw = True
411.1450 	EXP 	Device response: <KeyPress from None: t=411.1346861999991, value=v, duration=None>
411.1458 	EXP 	New trial (rep=40, index=2): <Trial 162 (2 in rep 40) data={'pos': 50, 'corr_resp': 'c', 'thisN': 162, 'thisTrialN': 2, 'thisRepN': 40}>
411.1491 	DATA 	Keypress: v
411.1601 	EXP 	fixation: autoDraw = False
411.1601 	EXP 	line1: autoDraw = False
411.1601 	EXP 	line2: autoDraw = False
411.1601 	EXP 	line3: autoDraw = False
411.1601 	EXP 	line4: autoDraw = False
411.1601 	EXP 	probe: autoDraw = False
411.3286 	EXP 	Device response: <KeyPress from None: t=411.1346861999991, value=v, duration=0.17766280000068946>
412.1591 	EXP 	fixation: autoDraw = True
412.1591 	EXP 	line1: autoDraw = True
412.1591 	EXP 	line2: autoDraw = True
412.1591 	EXP 	line3: autoDraw = True
412.1591 	EXP 	line4: autoDraw = True
413.1595 	INFO 	Keyboard events cleared
413.1592 	EXP 	fixation: autoDraw = False
413.1592 	EXP 	probe: autoDraw = True
413.6398 	EXP 	Device response: <KeyPress from None: t=413.6307076000012, value=c, duration=None>
413.6402 	EXP 	New trial (rep=40, index=3): <Trial 163 (3 in rep 40) data={'pos': -150, 'corr_resp': 'z', 'thisN': 163, 'thisTrialN': 3, 'thisRepN': 40}>
413.6415 	DATA 	Keypress: c
413.6563 	EXP 	fixation: autoDraw = False
413.6563 	EXP 	line1: autoDraw = False
413.6563 	EXP 	line2: autoDraw = False
413.6563 	EXP 	line3: autoDraw = False
413.6563 	EXP 	line4: autoDraw = False
413.6563 	EXP 	probe: autoDraw = False
413.8400 	EXP 	Device response: <KeyPress from None: t=413.6307076000012, value=c, duration=0.20426609999776701>
414.6438 	EXP 	fixation: autoDraw = True
414.6438 	EXP 	line1: autoDraw = True
414.6438 	EXP 	line2: autoDraw = True
414.6438 	EXP 	line3: autoDraw = True
414.6438 	EXP 	line4: autoDraw = True
415.6440 	INFO 	Keyboard events cleared
415.6438 	EXP 	fixation: autoDraw = False
415.6438 	EXP 	probe: autoDraw = True
415.7820 	DATA 	Keypress: z
415.7939 	EXP 	Device response: <KeyPress from None: t=415.77909160000127, value=z, duration=None>
415.7945 	EXP 	New trial (rep=41, index=0): <Trial 164 (0 in rep 41) data={'pos': -50, 'corr_resp': 'x', 'thisN': 164, 'thisTrialN': 0, 'thisRepN': 41}>
415.8096 	EXP 	fixation: autoDraw = False
415.8096 	EXP 	line1: autoDraw = False
415.8096 	EXP 	line2: autoDraw = False
415.8096 	EXP 	line3: autoDraw = False
415.8096 	EXP 	line4: autoDraw = False
415.8096 	EXP 	probe: autoDraw = False
416.0094 	EXP 	Device response: <KeyPress from None: t=415.77909160000127, value=z, duration=0.2149898999996367>
416.8093 	EXP 	fixation: autoDraw = True
416.8093 	EXP 	line1: autoDraw = True
416.8093 	EXP 	line2: autoDraw = True
416.8093 	EXP 	line3: autoDraw = True
416.8093 	EXP 	line4: autoDraw = True
417.8092 	INFO 	Keyboard events cleared
417.8090 	EXP 	fixation: autoDraw = False
417.8090 	EXP 	probe: autoDraw = True
418.3398 	EXP 	Device response: <KeyPress from None: t=418.3351428999995, value=x, duration=None>
418.3402 	EXP 	New trial (rep=41, index=1): <Trial 165 (1 in rep 41) data={'pos': 150, 'corr_resp': 'v', 'thisN': 165, 'thisTrialN': 1, 'thisRepN': 41}>
418.3416 	DATA 	Keypress: x
418.3564 	EXP 	fixation: autoDraw = False
418.3564 	EXP 	line1: autoDraw = False
418.3564 	EXP 	line2: autoDraw = False
418.3564 	EXP 	line3: autoDraw = False
418.3564 	EXP 	line4: autoDraw = False
418.3564 	EXP 	probe: autoDraw = False
418.5404 	EXP 	Device response: <KeyPress from None: t=418.3351428999995, value=x, duration=0.1998502999995253>
419.3407 	EXP 	fixation: autoDraw = True
419.3407 	EXP 	line1: autoDraw = True
419.3407 	EXP 	line2: autoDraw = True
419.3407 	EXP 	line3: autoDraw = True
419.3407 	EXP 	line4: autoDraw = True
420.3388 	INFO 	Keyboard events cleared
420.3386 	EXP 	fixation: autoDraw = False
420.3386 	EXP 	probe: autoDraw = True
420.7115 	EXP 	Device response: <KeyPress from None: t=420.7037467000009, value=v, duration=None>
420.7120 	EXP 	New trial (rep=41, index=2): <Trial 166 (2 in rep 41) data={'pos': 50, 'corr_resp': 'c', 'thisN': 166, 'thisTrialN': 2, 'thisRepN': 41}>
420.7139 	DATA 	Keypress: v
420.7263 	EXP 	fixation: autoDraw = False
420.7263 	EXP 	line1: autoDraw = False
420.7263 	EXP 	line2: autoDraw = False
420.7263 	EXP 	line3: autoDraw = False
420.7263 	EXP 	line4: autoDraw = False
420.7263 	EXP 	probe: autoDraw = False
420.8943 	EXP 	Device response: <KeyPress from None: t=420.7037467000009, value=v, duration=0.17618919999949867>
421.7234 	EXP 	fixation: autoDraw = True
421.7234 	EXP 	line1: autoDraw = True
421.7234 	EXP 	line2: autoDraw = True
421.7234 	EXP 	line3: autoDraw = True
421.7234 	EXP 	line4: autoDraw = True
422.7234 	INFO 	Keyboard events cleared
422.7232 	EXP 	fixation: autoDraw = False
422.7232 	EXP 	probe: autoDraw = True
423.1237 	EXP 	Device response: <KeyPress from None: t=423.1149006000014, value=c, duration=None>
423.1240 	EXP 	New trial (rep=41, index=3): <Trial 167 (3 in rep 41) data={'pos': -150, 'corr_resp': 'z', 'thisN': 167, 'thisTrialN': 3, 'thisRepN': 41}>
423.1249 	DATA 	Keypress: c
423.1394 	EXP 	fixation: autoDraw = False
423.1394 	EXP 	line1: autoDraw = False
423.1394 	EXP 	line2: autoDraw = False
423.1394 	EXP 	line3: autoDraw = False
423.1394 	EXP 	line4: autoDraw = False
423.1394 	EXP 	probe: autoDraw = False
423.4066 	EXP 	Device response: <KeyPress from None: t=423.1149006000014, value=c, duration=0.2861025999991398>
424.1404 	EXP 	fixation: autoDraw = True
424.1404 	EXP 	line1: autoDraw = True
424.1404 	EXP 	line2: autoDraw = True
424.1404 	EXP 	line3: autoDraw = True
424.1404 	EXP 	line4: autoDraw = True
425.1227 	INFO 	Keyboard events cleared
425.1225 	EXP 	probe: autoDraw = True
425.1560 	EXP 	fixation: autoDraw = False
426.7226 	EXP 	Device response: <KeyPress from None: t=426.7206434, value=z, duration=None>
426.7231 	EXP 	New trial (rep=42, index=0): <Trial 168 (0 in rep 42) data={'pos': -50, 'corr_resp': 'x', 'thisN': 168, 'thisTrialN': 0, 'thisRepN': 42}>
426.7243 	DATA 	Keypress: z
426.7385 	EXP 	fixation: autoDraw = False
426.7385 	EXP 	line1: autoDraw = False
426.7385 	EXP 	line2: autoDraw = False
426.7385 	EXP 	line3: autoDraw = False
426.7385 	EXP 	line4: autoDraw = False
426.7385 	EXP 	probe: autoDraw = False
426.9214 	EXP 	Device response: <KeyPress from None: t=426.7206434, value=z, duration=0.19201610000163782>
427.7213 	EXP 	fixation: autoDraw = True
427.7213 	EXP 	line1: autoDraw = True
427.7213 	EXP 	line2: autoDraw = True
427.7213 	EXP 	line3: autoDraw = True
427.7213 	EXP 	line4: autoDraw = True
428.2087 	EXP 	Device response: <KeyPress from None: t=428.20692820000113, value=c, duration=None>
428.2106 	DATA 	Keypress: c
428.5719 	EXP 	Device response: <KeyPress from None: t=428.20692820000113, value=c, duration=0.35708189999786555>
428.5884 	EXP 	Device response: <KeyPress from None: t=428.5822584000016, value=c, duration=None>
428.5899 	DATA 	Keypress: c
428.6381 	EXP 	Device response: <KeyPress from None: t=428.5822584000016, value=c, duration=0.04290459999901941>
428.7203 	EXP 	fixation: autoDraw = False
428.7383 	INFO 	Keyboard events cleared
428.7381 	EXP 	probe: autoDraw = True
429.4239 	EXP 	Device response: <KeyPress from None: t=429.4124201000013, value=x, duration=None>
429.4243 	EXP 	New trial (rep=42, index=1): <Trial 169 (1 in rep 42) data={'pos': 150, 'corr_resp': 'v', 'thisN': 169, 'thisTrialN': 1, 'thisRepN': 42}>
429.4257 	DATA 	Keypress: x
429.4402 	EXP 	fixation: autoDraw = False
429.4402 	EXP 	line1: autoDraw = False
429.4402 	EXP 	line2: autoDraw = False
429.4402 	EXP 	line3: autoDraw = False
429.4402 	EXP 	line4: autoDraw = False
429.4402 	EXP 	probe: autoDraw = False
429.6564 	EXP 	Device response: <KeyPress from None: t=429.4124201000013, value=x, duration=0.23889979999876232>
430.4234 	EXP 	fixation: autoDraw = True
430.4234 	EXP 	line1: autoDraw = True
430.4234 	EXP 	line2: autoDraw = True
430.4234 	EXP 	line3: autoDraw = True
430.4234 	EXP 	line4: autoDraw = True
431.4242 	INFO 	Keyboard events cleared
431.4240 	EXP 	fixation: autoDraw = False
431.4240 	EXP 	probe: autoDraw = True
431.7737 	EXP 	Device response: <KeyPress from None: t=431.76486289999957, value=v, duration=None>
431.7741 	EXP 	New trial (rep=42, index=2): <Trial 170 (2 in rep 42) data={'pos': 50, 'corr_resp': 'c', 'thisN': 170, 'thisTrialN': 2, 'thisRepN': 42}>
431.7754 	DATA 	Keypress: v
431.7897 	EXP 	fixation: autoDraw = False
431.7897 	EXP 	line1: autoDraw = False
431.7897 	EXP 	line2: autoDraw = False
431.7897 	EXP 	line3: autoDraw = False
431.7897 	EXP 	line4: autoDraw = False
431.7897 	EXP 	probe: autoDraw = False
431.9404 	EXP 	Device response: <KeyPress from None: t=431.76486289999957, value=v, duration=0.1629824000010558>
432.7728 	EXP 	fixation: autoDraw = True
432.7728 	EXP 	line1: autoDraw = True
432.7728 	EXP 	line2: autoDraw = True
432.7728 	EXP 	line3: autoDraw = True
432.7728 	EXP 	line4: autoDraw = True
433.7732 	INFO 	Keyboard events cleared
433.7730 	EXP 	fixation: autoDraw = False
433.7730 	EXP 	probe: autoDraw = True
434.0229 	EXP 	Device response: <KeyPress from None: t=434.0171642999994, value=c, duration=None>
434.0233 	EXP 	New trial (rep=42, index=3): <Trial 171 (3 in rep 42) data={'pos': -150, 'corr_resp': 'z', 'thisN': 171, 'thisTrialN': 3, 'thisRepN': 42}>
434.0250 	DATA 	Keypress: c
434.0384 	EXP 	fixation: autoDraw = False
434.0384 	EXP 	line1: autoDraw = False
434.0384 	EXP 	line2: autoDraw = False
434.0384 	EXP 	line3: autoDraw = False
434.0384 	EXP 	line4: autoDraw = False
434.0384 	EXP 	probe: autoDraw = False
434.2053 	EXP 	Device response: <KeyPress from None: t=434.0171642999994, value=c, duration=0.183296800001699>
435.0227 	EXP 	fixation: autoDraw = True
435.0227 	EXP 	line1: autoDraw = True
435.0227 	EXP 	line2: autoDraw = True
435.0227 	EXP 	line3: autoDraw = True
435.0227 	EXP 	line4: autoDraw = True
436.0246 	INFO 	Keyboard events cleared
436.0244 	EXP 	fixation: autoDraw = False
436.0244 	EXP 	probe: autoDraw = True
436.5575 	EXP 	Device response: <KeyPress from None: t=436.55191170000035, value=z, duration=None>
436.5579 	EXP 	New trial (rep=43, index=0): <Trial 172 (0 in rep 43) data={'pos': -50, 'corr_resp': 'x', 'thisN': 172, 'thisTrialN': 0, 'thisRepN': 43}>
436.5592 	DATA 	Keypress: z
436.5734 	EXP 	fixation: autoDraw = False
436.5734 	EXP 	line1: autoDraw = False
436.5734 	EXP 	line2: autoDraw = False
436.5734 	EXP 	line3: autoDraw = False
436.5734 	EXP 	line4: autoDraw = False
436.5734 	EXP 	probe: autoDraw = False
436.7403 	EXP 	Device response: <KeyPress from None: t=436.55191170000035, value=z, duration=0.17233219999980065>
437.5563 	EXP 	fixation: autoDraw = True
437.5563 	EXP 	line1: autoDraw = True
437.5563 	EXP 	line2: autoDraw = True
437.5563 	EXP 	line3: autoDraw = True
437.5563 	EXP 	line4: autoDraw = True
438.5568 	INFO 	Keyboard events cleared
438.5566 	EXP 	fixation: autoDraw = False
438.5566 	EXP 	probe: autoDraw = True
438.5924 	DATA 	Keypress: x
438.6069 	EXP 	Device response: <KeyPress from None: t=438.5915175000009, value=x, duration=None>
438.6073 	EXP 	New trial (rep=43, index=1): <Trial 173 (1 in rep 43) data={'pos': 150, 'corr_resp': 'v', 'thisN': 173, 'thisTrialN': 1, 'thisRepN': 43}>
438.6228 	EXP 	fixation: autoDraw = False
438.6228 	EXP 	line1: autoDraw = False
438.6228 	EXP 	line2: autoDraw = False
438.6228 	EXP 	line3: autoDraw = False
438.6228 	EXP 	line4: autoDraw = False
438.6228 	EXP 	probe: autoDraw = False
438.8241 	EXP 	Device response: <KeyPress from None: t=438.5915175000009, value=x, duration=0.22631579999870155>
439.6070 	EXP 	fixation: autoDraw = True
439.6070 	EXP 	line1: autoDraw = True
439.6070 	EXP 	line2: autoDraw = True
439.6070 	EXP 	line3: autoDraw = True
439.6070 	EXP 	line4: autoDraw = True
440.6067 	INFO 	Keyboard events cleared
440.6065 	EXP 	fixation: autoDraw = False
440.6065 	EXP 	probe: autoDraw = True
440.8572 	EXP 	Device response: <KeyPress from None: t=440.85666879999917, value=v, duration=None>
440.8576 	EXP 	New trial (rep=43, index=2): <Trial 174 (2 in rep 43) data={'pos': 50, 'corr_resp': 'c', 'thisN': 174, 'thisTrialN': 2, 'thisRepN': 43}>
440.8590 	DATA 	Keypress: v
440.8734 	EXP 	fixation: autoDraw = False
440.8734 	EXP 	line1: autoDraw = False
440.8734 	EXP 	line2: autoDraw = False
440.8734 	EXP 	line3: autoDraw = False
440.8734 	EXP 	line4: autoDraw = False
440.8734 	EXP 	probe: autoDraw = False
441.0569 	EXP 	Device response: <KeyPress from None: t=440.85666879999917, value=v, duration=0.19683079999958863>
441.8729 	EXP 	fixation: autoDraw = True
441.8729 	EXP 	line1: autoDraw = True
441.8729 	EXP 	line2: autoDraw = True
441.8729 	EXP 	line3: autoDraw = True
441.8729 	EXP 	line4: autoDraw = True
442.8734 	INFO 	Keyboard events cleared
442.8732 	EXP 	fixation: autoDraw = False
442.8732 	EXP 	probe: autoDraw = True
443.1403 	EXP 	Device response: <KeyPress from None: t=443.1266475000011, value=c, duration=None>
443.1407 	EXP 	New trial (rep=43, index=3): <Trial 175 (3 in rep 43) data={'pos': -150, 'corr_resp': 'z', 'thisN': 175, 'thisTrialN': 3, 'thisRepN': 43}>
443.1419 	DATA 	Keypress: c
443.1572 	EXP 	fixation: autoDraw = False
443.1572 	EXP 	line1: autoDraw = False
443.1572 	EXP 	line2: autoDraw = False
443.1572 	EXP 	line3: autoDraw = False
443.1572 	EXP 	line4: autoDraw = False
443.1572 	EXP 	probe: autoDraw = False
443.3256 	EXP 	Device response: <KeyPress from None: t=443.1266475000011, value=c, duration=0.18548960000043735>
444.1400 	EXP 	fixation: autoDraw = True
444.1400 	EXP 	line1: autoDraw = True
444.1400 	EXP 	line2: autoDraw = True
444.1400 	EXP 	line3: autoDraw = True
444.1400 	EXP 	line4: autoDraw = True
445.1405 	INFO 	Keyboard events cleared
445.1403 	EXP 	fixation: autoDraw = False
445.1403 	EXP 	probe: autoDraw = True
445.5877 	EXP 	Device response: <KeyPress from None: t=445.5733373000003, value=z, duration=None>
445.5881 	EXP 	New trial (rep=44, index=0): <Trial 176 (0 in rep 44) data={'pos': -50, 'corr_resp': 'x', 'thisN': 176, 'thisTrialN': 0, 'thisRepN': 44}>
445.5892 	DATA 	Keypress: z
445.6040 	EXP 	fixation: autoDraw = False
445.6040 	EXP 	line1: autoDraw = False
445.6040 	EXP 	line2: autoDraw = False
445.6040 	EXP 	line3: autoDraw = False
445.6040 	EXP 	line4: autoDraw = False
445.6040 	EXP 	probe: autoDraw = False
445.7902 	EXP 	Device response: <KeyPress from None: t=445.5733373000003, value=z, duration=0.21019560000058846>
446.5918 	EXP 	fixation: autoDraw = True
446.5918 	EXP 	line1: autoDraw = True
446.5918 	EXP 	line2: autoDraw = True
446.5918 	EXP 	line3: autoDraw = True
446.5918 	EXP 	line4: autoDraw = True
447.5882 	INFO 	Keyboard events cleared
447.5880 	EXP 	probe: autoDraw = True
447.6043 	EXP 	fixation: autoDraw = False
448.6899 	EXP 	Device response: <KeyPress from None: t=448.6876588000014, value=x, duration=None>
448.6903 	EXP 	New trial (rep=44, index=1): <Trial 177 (1 in rep 44) data={'pos': 150, 'corr_resp': 'v', 'thisN': 177, 'thisTrialN': 1, 'thisRepN': 44}>
448.6914 	DATA 	Keypress: x
448.7058 	EXP 	fixation: autoDraw = False
448.7058 	EXP 	line1: autoDraw = False
448.7058 	EXP 	line2: autoDraw = False
448.7058 	EXP 	line3: autoDraw = False
448.7058 	EXP 	line4: autoDraw = False
448.7058 	EXP 	probe: autoDraw = False
448.9605 	EXP 	Device response: <KeyPress from None: t=448.6876588000014, value=x, duration=0.2686013999991701>
449.6900 	EXP 	fixation: autoDraw = True
449.6900 	EXP 	line1: autoDraw = True
449.6900 	EXP 	line2: autoDraw = True
449.6900 	EXP 	line3: autoDraw = True
449.6900 	EXP 	line4: autoDraw = True
450.3734 	EXP 	Device response: <KeyPress from None: t=450.36578290000034, value=v, duration=None>
450.3752 	DATA 	Keypress: v
450.5741 	EXP 	Device response: <KeyPress from None: t=450.36578290000034, value=v, duration=0.20006460000149673>
450.6894 	INFO 	Keyboard events cleared
450.6892 	EXP 	fixation: autoDraw = False
450.6892 	EXP 	probe: autoDraw = True
450.9233 	EXP 	Device response: <KeyPress from None: t=450.914351899999, value=v, duration=None>
450.9237 	EXP 	New trial (rep=44, index=2): <Trial 178 (2 in rep 44) data={'pos': 50, 'corr_resp': 'c', 'thisN': 178, 'thisTrialN': 2, 'thisRepN': 44}>
450.9249 	DATA 	Keypress: v
450.9394 	EXP 	fixation: autoDraw = False
450.9394 	EXP 	line1: autoDraw = False
450.9394 	EXP 	line2: autoDraw = False
450.9394 	EXP 	line3: autoDraw = False
450.9394 	EXP 	line4: autoDraw = False
450.9394 	EXP 	probe: autoDraw = False
451.1398 	EXP 	Device response: <KeyPress from None: t=450.914351899999, value=v, duration=0.21014579999973648>
451.9227 	EXP 	fixation: autoDraw = True
451.9227 	EXP 	line1: autoDraw = True
451.9227 	EXP 	line2: autoDraw = True
451.9227 	EXP 	line3: autoDraw = True
451.9227 	EXP 	line4: autoDraw = True
452.9227 	INFO 	Keyboard events cleared
452.9225 	EXP 	fixation: autoDraw = False
452.9225 	EXP 	probe: autoDraw = True
453.1883 	EXP 	Device response: <KeyPress from None: t=453.1749314000008, value=c, duration=None>
453.1888 	EXP 	New trial (rep=44, index=3): <Trial 179 (3 in rep 44) data={'pos': -150, 'corr_resp': 'z', 'thisN': 179, 'thisTrialN': 3, 'thisRepN': 44}>
453.1899 	DATA 	Keypress: c
453.2056 	EXP 	fixation: autoDraw = False
453.2056 	EXP 	line1: autoDraw = False
453.2056 	EXP 	line2: autoDraw = False
453.2056 	EXP 	line3: autoDraw = False
453.2056 	EXP 	line4: autoDraw = False
453.2056 	EXP 	probe: autoDraw = False
453.4233 	EXP 	Device response: <KeyPress from None: t=453.1749314000008, value=c, duration=0.23999429999821587>
454.1899 	EXP 	fixation: autoDraw = True
454.1899 	EXP 	line1: autoDraw = True
454.1899 	EXP 	line2: autoDraw = True
454.1899 	EXP 	line3: autoDraw = True
454.1899 	EXP 	line4: autoDraw = True
455.1893 	INFO 	Keyboard events cleared
455.1891 	EXP 	fixation: autoDraw = False
455.1891 	EXP 	probe: autoDraw = True
455.6394 	EXP 	Device response: <KeyPress from None: t=455.6344726999996, value=z, duration=None>
455.6398 	EXP 	New trial (rep=45, index=0): <Trial 180 (0 in rep 45) data={'pos': -50, 'corr_resp': 'x', 'thisN': 180, 'thisTrialN': 0, 'thisRepN': 45}>
455.6410 	DATA 	Keypress: z
455.6561 	EXP 	fixation: autoDraw = False
455.6561 	EXP 	line1: autoDraw = False
455.6561 	EXP 	line2: autoDraw = False
455.6561 	EXP 	line3: autoDraw = False
455.6561 	EXP 	line4: autoDraw = False
455.6561 	EXP 	probe: autoDraw = False
455.8572 	EXP 	Device response: <KeyPress from None: t=455.6344726999996, value=z, duration=0.2179777000019385>
456.6428 	EXP 	fixation: autoDraw = True
456.6428 	EXP 	line1: autoDraw = True
456.6428 	EXP 	line2: autoDraw = True
456.6428 	EXP 	line3: autoDraw = True
456.6428 	EXP 	line4: autoDraw = True
457.6431 	INFO 	Keyboard events cleared
457.6428 	EXP 	fixation: autoDraw = False
457.6428 	EXP 	probe: autoDraw = True
457.9047 	EXP 	Device response: <KeyPress from None: t=457.89295929999935, value=x, duration=None>
457.9051 	EXP 	New trial (rep=45, index=1): <Trial 181 (1 in rep 45) data={'pos': 150, 'corr_resp': 'v', 'thisN': 181, 'thisTrialN': 1, 'thisRepN': 45}>
457.9062 	DATA 	Keypress: x
457.9209 	EXP 	fixation: autoDraw = False
457.9209 	EXP 	line1: autoDraw = False
457.9209 	EXP 	line2: autoDraw = False
457.9209 	EXP 	line3: autoDraw = False
457.9209 	EXP 	line4: autoDraw = False
457.9209 	EXP 	probe: autoDraw = False
458.1060 	EXP 	Device response: <KeyPress from None: t=457.89295929999935, value=x, duration=0.20846140000139712>
458.9036 	EXP 	fixation: autoDraw = True
458.9036 	EXP 	line1: autoDraw = True
458.9036 	EXP 	line2: autoDraw = True
458.9036 	EXP 	line3: autoDraw = True
458.9036 	EXP 	line4: autoDraw = True
459.9061 	INFO 	Keyboard events cleared
459.9059 	EXP 	fixation: autoDraw = False
459.9059 	EXP 	probe: autoDraw = True
461.1896 	EXP 	Device response: <KeyPress from None: t=461.17902010000034, value=v, duration=None>
461.1900 	EXP 	New trial (rep=45, index=2): <Trial 182 (2 in rep 45) data={'pos': 50, 'corr_resp': 'c', 'thisN': 182, 'thisTrialN': 2, 'thisRepN': 45}>
461.1912 	DATA 	Keypress: v
461.2061 	EXP 	fixation: autoDraw = False
461.2061 	EXP 	line1: autoDraw = False
461.2061 	EXP 	line2: autoDraw = False
461.2061 	EXP 	line3: autoDraw = False
461.2061 	EXP 	line4: autoDraw = False
461.2061 	EXP 	probe: autoDraw = False
461.3400 	EXP 	Device response: <KeyPress from None: t=461.17902010000034, value=v, duration=0.15775859999848763>
462.1895 	EXP 	fixation: autoDraw = True
462.1895 	EXP 	line1: autoDraw = True
462.1895 	EXP 	line2: autoDraw = True
462.1895 	EXP 	line3: autoDraw = True
462.1895 	EXP 	line4: autoDraw = True
463.1895 	INFO 	Keyboard events cleared
463.1893 	EXP 	fixation: autoDraw = False
463.1893 	EXP 	probe: autoDraw = True
463.5906 	EXP 	Device response: <KeyPress from None: t=463.58600469999874, value=c, duration=None>
463.5910 	EXP 	New trial (rep=45, index=3): <Trial 183 (3 in rep 45) data={'pos': -150, 'corr_resp': 'z', 'thisN': 183, 'thisTrialN': 3, 'thisRepN': 45}>
463.5927 	DATA 	Keypress: c
463.6060 	EXP 	fixation: autoDraw = False
463.6060 	EXP 	line1: autoDraw = False
463.6060 	EXP 	line2: autoDraw = False
463.6060 	EXP 	line3: autoDraw = False
463.6060 	EXP 	line4: autoDraw = False
463.6060 	EXP 	probe: autoDraw = False
463.8230 	EXP 	Device response: <KeyPress from None: t=463.58600469999874, value=c, duration=0.23178980000011506>
464.5925 	EXP 	fixation: autoDraw = True
464.5925 	EXP 	line1: autoDraw = True
464.5925 	EXP 	line2: autoDraw = True
464.5925 	EXP 	line3: autoDraw = True
464.5925 	EXP 	line4: autoDraw = True
465.6059 	INFO 	Keyboard events cleared
465.6057 	EXP 	fixation: autoDraw = False
465.6057 	EXP 	probe: autoDraw = True
465.8949 	EXP 	Device response: <KeyPress from None: t=465.89153090000036, value=z, duration=None>
465.8956 	EXP 	New trial (rep=46, index=0): <Trial 184 (0 in rep 46) data={'pos': -50, 'corr_resp': 'x', 'thisN': 184, 'thisTrialN': 0, 'thisRepN': 46}>
465.8980 	DATA 	Keypress: z
465.9089 	EXP 	fixation: autoDraw = False
465.9089 	EXP 	line1: autoDraw = False
465.9089 	EXP 	line2: autoDraw = False
465.9089 	EXP 	line3: autoDraw = False
465.9089 	EXP 	line4: autoDraw = False
465.9089 	EXP 	probe: autoDraw = False
466.1220 	EXP 	Device response: <KeyPress from None: t=465.89153090000036, value=z, duration=0.22547779999877093>
466.9036 	EXP 	fixation: autoDraw = True
466.9036 	EXP 	line1: autoDraw = True
466.9036 	EXP 	line2: autoDraw = True
466.9036 	EXP 	line3: autoDraw = True
466.9036 	EXP 	line4: autoDraw = True
467.9056 	INFO 	Keyboard events cleared
467.9054 	EXP 	fixation: autoDraw = False
467.9054 	EXP 	probe: autoDraw = True
468.2394 	EXP 	Device response: <KeyPress from None: t=468.2332381999986, value=x, duration=None>
468.2398 	EXP 	New trial (rep=46, index=1): <Trial 185 (1 in rep 46) data={'pos': 150, 'corr_resp': 'v', 'thisN': 185, 'thisTrialN': 1, 'thisRepN': 46}>
468.2410 	DATA 	Keypress: x
468.2566 	EXP 	fixation: autoDraw = False
468.2566 	EXP 	line1: autoDraw = False
468.2566 	EXP 	line2: autoDraw = False
468.2566 	EXP 	line3: autoDraw = False
468.2566 	EXP 	line4: autoDraw = False
468.2566 	EXP 	probe: autoDraw = False
468.4231 	EXP 	Device response: <KeyPress from None: t=468.2332381999986, value=x, duration=0.18442790000335663>
469.2395 	EXP 	fixation: autoDraw = True
469.2395 	EXP 	line1: autoDraw = True
469.2395 	EXP 	line2: autoDraw = True
469.2395 	EXP 	line3: autoDraw = True
469.2395 	EXP 	line4: autoDraw = True
470.2534 	INFO 	Keyboard events cleared
470.2533 	EXP 	fixation: autoDraw = False
470.2533 	EXP 	probe: autoDraw = True
470.5610 	EXP 	Device response: <KeyPress from None: t=470.55677579999974, value=v, duration=None>
470.5617 	EXP 	New trial (rep=46, index=2): <Trial 186 (2 in rep 46) data={'pos': 50, 'corr_resp': 'c', 'thisN': 186, 'thisTrialN': 2, 'thisRepN': 46}>
470.5642 	DATA 	Keypress: v
470.5769 	EXP 	fixation: autoDraw = False
470.5769 	EXP 	line1: autoDraw = False
470.5769 	EXP 	line2: autoDraw = False
470.5769 	EXP 	line3: autoDraw = False
470.5769 	EXP 	line4: autoDraw = False
470.5769 	EXP 	probe: autoDraw = False
470.7572 	EXP 	Device response: <KeyPress from None: t=470.55677579999974, value=v, duration=0.1870505000006233>
471.5730 	EXP 	fixation: autoDraw = True
471.5730 	EXP 	line1: autoDraw = True
471.5730 	EXP 	line2: autoDraw = True
471.5730 	EXP 	line3: autoDraw = True
471.5730 	EXP 	line4: autoDraw = True
472.5732 	INFO 	Keyboard events cleared
472.5730 	EXP 	fixation: autoDraw = False
472.5730 	EXP 	probe: autoDraw = True
473.0916 	EXP 	Device response: <KeyPress from None: t=473.0892380000005, value=c, duration=None>
473.0920 	EXP 	New trial (rep=46, index=3): <Trial 187 (3 in rep 46) data={'pos': -150, 'corr_resp': 'z', 'thisN': 187, 'thisTrialN': 3, 'thisRepN': 46}>
473.0934 	DATA 	Keypress: c
473.1055 	EXP 	fixation: autoDraw = False
473.1055 	EXP 	line1: autoDraw = False
473.1055 	EXP 	line2: autoDraw = False
473.1055 	EXP 	line3: autoDraw = False
473.1055 	EXP 	line4: autoDraw = False
473.1055 	EXP 	probe: autoDraw = False
473.3399 	EXP 	Device response: <KeyPress from None: t=473.0892380000005, value=c, duration=0.24362589999873308>
474.1059 	EXP 	fixation: autoDraw = True
474.1059 	EXP 	line1: autoDraw = True
474.1059 	EXP 	line2: autoDraw = True
474.1059 	EXP 	line3: autoDraw = True
474.1059 	EXP 	line4: autoDraw = True
475.1057 	INFO 	Keyboard events cleared
475.1055 	EXP 	fixation: autoDraw = False
475.1055 	EXP 	probe: autoDraw = True
475.4569 	EXP 	Device response: <KeyPress from None: t=475.4519395999996, value=z, duration=None>
475.4573 	EXP 	New trial (rep=47, index=0): <Trial 188 (0 in rep 47) data={'pos': -50, 'corr_resp': 'x', 'thisN': 188, 'thisTrialN': 0, 'thisRepN': 47}>
475.4586 	DATA 	Keypress: z
475.4735 	EXP 	fixation: autoDraw = False
475.4735 	EXP 	line1: autoDraw = False
475.4735 	EXP 	line2: autoDraw = False
475.4735 	EXP 	line3: autoDraw = False
475.4735 	EXP 	line4: autoDraw = False
475.4735 	EXP 	probe: autoDraw = False
475.8237 	EXP 	Device response: <KeyPress from None: t=475.4519395999996, value=z, duration=0.35915250000107335>
476.4725 	EXP 	fixation: autoDraw = True
476.4725 	EXP 	line1: autoDraw = True
476.4725 	EXP 	line2: autoDraw = True
476.4725 	EXP 	line3: autoDraw = True
476.4725 	EXP 	line4: autoDraw = True
477.4724 	INFO 	Keyboard events cleared
477.4722 	EXP 	probe: autoDraw = True
477.4894 	EXP 	fixation: autoDraw = False
478.2233 	EXP 	Device response: <KeyPress from None: t=478.2204735999985, value=x, duration=None>
478.2238 	EXP 	New trial (rep=47, index=1): <Trial 189 (1 in rep 47) data={'pos': 150, 'corr_resp': 'v', 'thisN': 189, 'thisTrialN': 1, 'thisRepN': 47}>
478.2250 	DATA 	Keypress: x
478.2393 	EXP 	fixation: autoDraw = False
478.2393 	EXP 	line1: autoDraw = False
478.2393 	EXP 	line2: autoDraw = False
478.2393 	EXP 	line3: autoDraw = False
478.2393 	EXP 	line4: autoDraw = False
478.2393 	EXP 	probe: autoDraw = False
478.4044 	EXP 	Device response: <KeyPress from None: t=478.2204735999985, value=x, duration=0.17866250000224682>
479.2395 	EXP 	fixation: autoDraw = True
479.2395 	EXP 	line1: autoDraw = True
479.2395 	EXP 	line2: autoDraw = True
479.2395 	EXP 	line3: autoDraw = True
479.2395 	EXP 	line4: autoDraw = True
480.2262 	INFO 	Keyboard events cleared
480.2259 	EXP 	probe: autoDraw = True
480.2386 	EXP 	fixation: autoDraw = False
480.6062 	EXP 	Device response: <KeyPress from None: t=480.59321040000214, value=v, duration=None>
480.6067 	EXP 	New trial (rep=47, index=2): <Trial 190 (2 in rep 47) data={'pos': 50, 'corr_resp': 'c', 'thisN': 190, 'thisTrialN': 2, 'thisRepN': 47}>
480.6080 	DATA 	Keypress: v
480.6227 	EXP 	fixation: autoDraw = False
480.6227 	EXP 	line1: autoDraw = False
480.6227 	EXP 	line2: autoDraw = False
480.6227 	EXP 	line3: autoDraw = False
480.6227 	EXP 	line4: autoDraw = False
480.6227 	EXP 	probe: autoDraw = False
480.7563 	EXP 	Device response: <KeyPress from None: t=480.59321040000214, value=v, duration=0.15397329999905196>
481.6053 	EXP 	fixation: autoDraw = True
481.6053 	EXP 	line1: autoDraw = True
481.6053 	EXP 	line2: autoDraw = True
481.6053 	EXP 	line3: autoDraw = True
481.6053 	EXP 	line4: autoDraw = True
482.6039 	EXP 	fixation: autoDraw = False
482.6209 	INFO 	Keyboard events cleared
482.6207 	EXP 	probe: autoDraw = True
483.1810 	DATA 	Keypress: c
483.1921 	EXP 	Device response: <KeyPress from None: t=483.17704610000146, value=c, duration=None>
483.1925 	EXP 	New trial (rep=47, index=3): <Trial 191 (3 in rep 47) data={'pos': -150, 'corr_resp': 'z', 'thisN': 191, 'thisTrialN': 3, 'thisRepN': 47}>
483.2057 	EXP 	fixation: autoDraw = False
483.2057 	EXP 	line1: autoDraw = False
483.2057 	EXP 	line2: autoDraw = False
483.2057 	EXP 	line3: autoDraw = False
483.2057 	EXP 	line4: autoDraw = False
483.2057 	EXP 	probe: autoDraw = False
483.3574 	EXP 	Device response: <KeyPress from None: t=483.17704610000146, value=c, duration=0.17845870000019204>
484.1928 	EXP 	fixation: autoDraw = True
484.1928 	EXP 	line1: autoDraw = True
484.1928 	EXP 	line2: autoDraw = True
484.1928 	EXP 	line3: autoDraw = True
484.1928 	EXP 	line4: autoDraw = True
485.1928 	INFO 	Keyboard events cleared
485.1925 	EXP 	fixation: autoDraw = False
485.1925 	EXP 	probe: autoDraw = True
486.0771 	EXP 	Device response: <KeyPress from None: t=486.0641343999996, value=z, duration=None>
486.0779 	EXP 	New trial (rep=48, index=0): <Trial 192 (0 in rep 48) data={'pos': -50, 'corr_resp': 'x', 'thisN': 192, 'thisTrialN': 0, 'thisRepN': 48}>
486.0802 	DATA 	Keypress: z
486.0928 	EXP 	fixation: autoDraw = False
486.0928 	EXP 	line1: autoDraw = False
486.0928 	EXP 	line2: autoDraw = False
486.0928 	EXP 	line3: autoDraw = False
486.0928 	EXP 	line4: autoDraw = False
486.0928 	EXP 	probe: autoDraw = False
486.2439 	EXP 	Device response: <KeyPress from None: t=486.0641343999996, value=z, duration=0.16380879999996978>
487.0885 	EXP 	fixation: autoDraw = True
487.0885 	EXP 	line1: autoDraw = True
487.0885 	EXP 	line2: autoDraw = True
487.0885 	EXP 	line3: autoDraw = True
487.0885 	EXP 	line4: autoDraw = True
488.0608 	DATA 	Keypress: x
488.0722 	EXP 	Device response: <KeyPress from None: t=488.02007610000146, value=x, duration=None>
488.0889 	INFO 	Keyboard events cleared
488.0887 	EXP 	fixation: autoDraw = False
488.0887 	EXP 	probe: autoDraw = True
488.1888 	EXP 	Device response: <KeyPress from None: t=488.02007610000146, value=x, duration=0.16307279999819002>
488.4898 	EXP 	Device response: <KeyPress from None: t=488.47560109999904, value=x, duration=None>
488.4903 	EXP 	New trial (rep=48, index=1): <Trial 193 (1 in rep 48) data={'pos': 150, 'corr_resp': 'v', 'thisN': 193, 'thisTrialN': 1, 'thisRepN': 48}>
488.4915 	DATA 	Keypress: x
488.5053 	EXP 	fixation: autoDraw = False
488.5053 	EXP 	line1: autoDraw = False
488.5053 	EXP 	line2: autoDraw = False
488.5053 	EXP 	line3: autoDraw = False
488.5053 	EXP 	line4: autoDraw = False
488.5053 	EXP 	probe: autoDraw = False
488.6548 	EXP 	Device response: <KeyPress from None: t=488.47560109999904, value=x, duration=0.17371450000064215>
489.4874 	EXP 	fixation: autoDraw = True
489.4874 	EXP 	line1: autoDraw = True
489.4874 	EXP 	line2: autoDraw = True
489.4874 	EXP 	line3: autoDraw = True
489.4874 	EXP 	line4: autoDraw = True
490.4890 	EXP 	fixation: autoDraw = False
490.5058 	INFO 	Keyboard events cleared
490.5056 	EXP 	probe: autoDraw = True
490.9401 	EXP 	Device response: <KeyPress from None: t=490.9349456000018, value=v, duration=None>
490.9405 	EXP 	New trial (rep=48, index=2): <Trial 194 (2 in rep 48) data={'pos': 50, 'corr_resp': 'c', 'thisN': 194, 'thisTrialN': 2, 'thisRepN': 48}>
490.9417 	DATA 	Keypress: v
490.9558 	EXP 	fixation: autoDraw = False
490.9558 	EXP 	line1: autoDraw = False
490.9558 	EXP 	line2: autoDraw = False
490.9558 	EXP 	line3: autoDraw = False
490.9558 	EXP 	line4: autoDraw = False
490.9558 	EXP 	probe: autoDraw = False
491.1072 	EXP 	Device response: <KeyPress from None: t=490.9349456000018, value=v, duration=0.15626179999890155>
491.9561 	EXP 	fixation: autoDraw = True
491.9561 	EXP 	line1: autoDraw = True
491.9561 	EXP 	line2: autoDraw = True
491.9561 	EXP 	line3: autoDraw = True
491.9561 	EXP 	line4: autoDraw = True
492.9557 	INFO 	Keyboard events cleared
492.9555 	EXP 	fixation: autoDraw = False
492.9555 	EXP 	probe: autoDraw = True
493.2396 	EXP 	Device response: <KeyPress from None: t=493.229850300002, value=c, duration=None>
493.2400 	EXP 	New trial (rep=48, index=3): <Trial 195 (3 in rep 48) data={'pos': -150, 'corr_resp': 'z', 'thisN': 195, 'thisTrialN': 3, 'thisRepN': 48}>
493.2418 	DATA 	Keypress: c
493.2559 	EXP 	fixation: autoDraw = False
493.2559 	EXP 	line1: autoDraw = False
493.2559 	EXP 	line2: autoDraw = False
493.2559 	EXP 	line3: autoDraw = False
493.2559 	EXP 	line4: autoDraw = False
493.2559 	EXP 	probe: autoDraw = False
493.4234 	EXP 	Device response: <KeyPress from None: t=493.229850300002, value=c, duration=0.19119879999925615>
494.2399 	EXP 	fixation: autoDraw = True
494.2399 	EXP 	line1: autoDraw = True
494.2399 	EXP 	line2: autoDraw = True
494.2399 	EXP 	line3: autoDraw = True
494.2399 	EXP 	line4: autoDraw = True
495.2363 	INFO 	Keyboard events cleared
495.2362 	EXP 	fixation: autoDraw = False
495.2362 	EXP 	probe: autoDraw = True
495.5234 	DATA 	Keypress: z
495.5291 	EXP 	Device response: <KeyPress from None: t=495.5229035000011, value=z, duration=None>
495.5294 	EXP 	New trial (rep=49, index=0): <Trial 196 (0 in rep 49) data={'pos': -50, 'corr_resp': 'x', 'thisN': 196, 'thisTrialN': 0, 'thisRepN': 49}>
495.5362 	EXP 	fixation: autoDraw = False
495.5362 	EXP 	line1: autoDraw = False
495.5362 	EXP 	line2: autoDraw = False
495.5362 	EXP 	line3: autoDraw = False
495.5362 	EXP 	line4: autoDraw = False
495.5362 	EXP 	probe: autoDraw = False
495.7393 	EXP 	Device response: <KeyPress from None: t=495.5229035000011, value=z, duration=0.21082620000015595>
496.5274 	EXP 	fixation: autoDraw = True
496.5274 	EXP 	line1: autoDraw = True
496.5274 	EXP 	line2: autoDraw = True
496.5274 	EXP 	line3: autoDraw = True
496.5274 	EXP 	line4: autoDraw = True
496.9141 	EXP 	Device response: <KeyPress from None: t=496.9102196999993, value=x, duration=None>
496.9161 	DATA 	Keypress: x
497.1402 	EXP 	Device response: <KeyPress from None: t=496.9102196999993, value=x, duration=0.21466220000002068>
497.4078 	DATA 	Keypress: x
497.4222 	EXP 	Device response: <KeyPress from None: t=497.4062984000011, value=x, duration=None>
497.5394 	INFO 	Keyboard events cleared
497.5392 	EXP 	fixation: autoDraw = False
497.5392 	EXP 	probe: autoDraw = True
497.5733 	EXP 	Device response: <KeyPress from None: t=497.4062984000011, value=x, duration=0.1644321999992826>
497.8561 	EXP 	Device response: <KeyPress from None: t=497.84961810000095, value=x, duration=None>
497.8565 	EXP 	New trial (rep=49, index=1): <Trial 197 (1 in rep 49) data={'pos': 150, 'corr_resp': 'v', 'thisN': 197, 'thisTrialN': 1, 'thisRepN': 49}>
497.8579 	DATA 	Keypress: x
497.8726 	EXP 	fixation: autoDraw = False
497.8726 	EXP 	line1: autoDraw = False
497.8726 	EXP 	line2: autoDraw = False
497.8726 	EXP 	line3: autoDraw = False
497.8726 	EXP 	line4: autoDraw = False
497.8726 	EXP 	probe: autoDraw = False
497.9890 	EXP 	Device response: <KeyPress from None: t=497.84961810000095, value=x, duration=0.13283539999974892>
498.8535 	EXP 	fixation: autoDraw = True
498.8535 	EXP 	line1: autoDraw = True
498.8535 	EXP 	line2: autoDraw = True
498.8535 	EXP 	line3: autoDraw = True
498.8535 	EXP 	line4: autoDraw = True
499.8542 	INFO 	Keyboard events cleared
499.8540 	EXP 	fixation: autoDraw = False
499.8540 	EXP 	probe: autoDraw = True
500.2371 	EXP 	Device response: <KeyPress from None: t=500.2332395000012, value=c, duration=None>
500.2374 	EXP 	New trial (rep=49, index=2): <Trial 198 (2 in rep 49) data={'pos': 50, 'corr_resp': 'c', 'thisN': 198, 'thisTrialN': 2, 'thisRepN': 49}>
500.2382 	DATA 	Keypress: c
500.2455 	EXP 	fixation: autoDraw = False
500.2455 	EXP 	line1: autoDraw = False
500.2455 	EXP 	line2: autoDraw = False
500.2455 	EXP 	line3: autoDraw = False
500.2455 	EXP 	line4: autoDraw = False
500.2455 	EXP 	probe: autoDraw = False
500.2461 	EXP 	Device response: <KeyPress from None: t=500.2431507000001, value=v, duration=None>
500.2468 	DATA 	Keypress: v
500.4480 	EXP 	Device response: <KeyPress from None: t=500.2431507000001, value=v, duration=0.1971162000008917>
501.2371 	EXP 	fixation: autoDraw = True
501.2371 	EXP 	line1: autoDraw = True
501.2371 	EXP 	line2: autoDraw = True
501.2371 	EXP 	line3: autoDraw = True
501.2371 	EXP 	line4: autoDraw = True
502.2372 	INFO 	Keyboard events cleared
502.2371 	EXP 	fixation: autoDraw = False
502.2371 	EXP 	probe: autoDraw = True
503.6647 	EXP 	Device response: <KeyPress from None: t=500.2332395000012, value=c, duration=3.4304778999976406>
504.2987 	EXP 	Device response: <KeyPress from None: t=504.2929629999999, value=c, duration=None>
504.2991 	EXP 	New trial (rep=49, index=3): <Trial 199 (3 in rep 49) data={'pos': -150, 'corr_resp': 'z', 'thisN': 199, 'thisTrialN': 3, 'thisRepN': 49}>
504.3005 	DATA 	Keypress: c
504.3133 	EXP 	fixation: autoDraw = False
504.3133 	EXP 	line1: autoDraw = False
504.3133 	EXP 	line2: autoDraw = False
504.3133 	EXP 	line3: autoDraw = False
504.3133 	EXP 	line4: autoDraw = False
504.3133 	EXP 	probe: autoDraw = False
504.4971 	EXP 	Device response: <KeyPress from None: t=504.2929629999999, value=c, duration=0.19956879999881494>
505.3142 	EXP 	fixation: autoDraw = True
505.3142 	EXP 	line1: autoDraw = True
505.3142 	EXP 	line2: autoDraw = True
505.3142 	EXP 	line3: autoDraw = True
505.3142 	EXP 	line4: autoDraw = True
506.3145 	INFO 	Keyboard events cleared
506.3143 	EXP 	probe: autoDraw = True
506.3312 	EXP 	fixation: autoDraw = False
506.5836 	DATA 	Keypress: z
506.5951 	EXP 	Device response: <KeyPress from None: t=506.580913400001, value=z, duration=None>
506.6039 	EXP 	Imported C:/Users/bhumika/OneDrive/Documents/sequence_con.csv.xlsx as conditions, 4 conditions, 2 params
506.6063 	EXP 	New trial (rep=0, index=0): <Trial 0 (0 in rep 0) data={'pos': -50, 'corr_resp': 'x', 'thisN': 0, 'thisTrialN': 0, 'thisRepN': 0}>
506.6107 	EXP 	fixation: autoDraw = False
506.6107 	EXP 	line1: autoDraw = False
506.6107 	EXP 	line2: autoDraw = False
506.6107 	EXP 	line3: autoDraw = False
506.6107 	EXP 	line4: autoDraw = False
506.6107 	EXP 	probe: autoDraw = False
506.7649 	EXP 	Device response: <KeyPress from None: t=506.580913400001, value=z, duration=0.1720041999979003>
507.5974 	EXP 	fixation: autoDraw = True
507.5974 	EXP 	line1: autoDraw = True
507.5974 	EXP 	line2: autoDraw = True
507.5974 	EXP 	line3: autoDraw = True
507.5974 	EXP 	line4: autoDraw = True
508.5308 	EXP 	Device response: <KeyPress from None: t=508.5182941999992, value=x, duration=None>
508.5324 	DATA 	Keypress: x
508.5979 	INFO 	Keyboard events cleared
508.5975 	EXP 	fixation: autoDraw = False
508.5975 	EXP 	probe: autoDraw = True
508.7145 	EXP 	Device response: <KeyPress from None: t=508.5182941999992, value=x, duration=0.1905280999999377>
508.9155 	EXP 	Device response: <KeyPress from None: t=508.91420260000086, value=x, duration=None>
508.9160 	EXP 	New trial (rep=0, index=1): <Trial 1 (1 in rep 0) data={'pos': 150, 'corr_resp': 'v', 'thisN': 1, 'thisTrialN': 1, 'thisRepN': 0}>
508.9173 	DATA 	Keypress: x
508.9313 	EXP 	fixation: autoDraw = False
508.9313 	EXP 	line1: autoDraw = False
508.9313 	EXP 	line2: autoDraw = False
508.9313 	EXP 	line3: autoDraw = False
508.9313 	EXP 	line4: autoDraw = False
508.9313 	EXP 	probe: autoDraw = False
509.0992 	EXP 	Device response: <KeyPress from None: t=508.91420260000086, value=x, duration=0.16752179999821237>
509.9200 	EXP 	fixation: autoDraw = True
509.9200 	EXP 	line1: autoDraw = True
509.9200 	EXP 	line2: autoDraw = True
509.9200 	EXP 	line3: autoDraw = True
509.9200 	EXP 	line4: autoDraw = True
510.9119 	INFO 	Keyboard events cleared
510.9118 	EXP 	fixation: autoDraw = False
510.9118 	EXP 	probe: autoDraw = True
510.9367 	EXP 	Device response: <KeyPress from None: t=510.9336411000004, value=v, duration=None>
510.9370 	EXP 	New trial (rep=0, index=2): <Trial 2 (2 in rep 0) data={'pos': 50, 'corr_resp': 'c', 'thisN': 2, 'thisTrialN': 2, 'thisRepN': 0}>
510.9381 	DATA 	Keypress: v
510.9445 	EXP 	fixation: autoDraw = False
510.9445 	EXP 	line1: autoDraw = False
510.9445 	EXP 	line2: autoDraw = False
510.9445 	EXP 	line3: autoDraw = False
510.9445 	EXP 	line4: autoDraw = False
510.9445 	EXP 	probe: autoDraw = False
511.1383 	EXP 	Device response: <KeyPress from None: t=510.9336411000004, value=v, duration=0.18944980000014766>
511.9280 	EXP 	fixation: autoDraw = True
511.9280 	EXP 	line1: autoDraw = True
511.9280 	EXP 	line2: autoDraw = True
511.9280 	EXP 	line3: autoDraw = True
511.9280 	EXP 	line4: autoDraw = True
512.5808 	EXP 	Device response: <KeyPress from None: t=512.5788233999992, value=v, duration=None>
512.5828 	DATA 	Keypress: v
512.7812 	EXP 	Device response: <KeyPress from None: t=512.5788233999992, value=v, duration=0.19099860000278568>
512.9308 	EXP 	fixation: autoDraw = False
512.9475 	INFO 	Keyboard events cleared
512.9473 	EXP 	probe: autoDraw = True
513.3391 	DATA 	Keypress: v
513.3453 	EXP 	Device response: <KeyPress from None: t=513.3382119999987, value=v, duration=None>
513.3457 	EXP 	New trial (rep=1, index=3): <Trial 3 (3 in rep 1) data={'pos': 150, 'corr_resp': 'v', 'thisN': 3, 'thisTrialN': 3, 'thisRepN': 1}>
513.3533 	EXP 	fixation: autoDraw = False
513.3533 	EXP 	line1: autoDraw = False
513.3533 	EXP 	line2: autoDraw = False
513.3533 	EXP 	line3: autoDraw = False
513.3533 	EXP 	line4: autoDraw = False
513.3533 	EXP 	probe: autoDraw = False
513.5067 	EXP 	Device response: <KeyPress from None: t=513.3382119999987, value=v, duration=0.16733960000055959>
514.3364 	EXP 	fixation: autoDraw = True
514.3364 	EXP 	line1: autoDraw = True
514.3364 	EXP 	line2: autoDraw = True
514.3364 	EXP 	line3: autoDraw = True
514.3364 	EXP 	line4: autoDraw = True
515.3387 	EXP 	fixation: autoDraw = False
515.3570 	INFO 	Keyboard events cleared
515.3568 	EXP 	probe: autoDraw = True
516.0901 	EXP 	Device response: <KeyPress from None: t=516.0791033999994, value=x, duration=None>
516.0905 	EXP 	New trial (rep=1, index=4): <Trial 4 (4 in rep 1) data={'pos': 50, 'corr_resp': 'c', 'thisN': 4, 'thisTrialN': 4, 'thisRepN': 1}>
516.0919 	DATA 	Keypress: x
516.1055 	EXP 	fixation: autoDraw = False
516.1055 	EXP 	line1: autoDraw = False
516.1055 	EXP 	line2: autoDraw = False
516.1055 	EXP 	line3: autoDraw = False
516.1055 	EXP 	line4: autoDraw = False
516.1055 	EXP 	probe: autoDraw = False
516.3392 	EXP 	Device response: <KeyPress from None: t=516.0791033999994, value=x, duration=0.25453420000121696>
517.1057 	EXP 	fixation: autoDraw = True
517.1057 	EXP 	line1: autoDraw = True
517.1057 	EXP 	line2: autoDraw = True
517.1057 	EXP 	line3: autoDraw = True
517.1057 	EXP 	line4: autoDraw = True
518.1054 	INFO 	Keyboard events cleared
518.1052 	EXP 	fixation: autoDraw = False
518.1052 	EXP 	probe: autoDraw = True
518.8223 	EXP 	Device response: <KeyPress from None: t=518.8172021999999, value=c, duration=None>
518.8227 	EXP 	New trial (rep=2, index=5): <Trial 5 (5 in rep 2) data={'pos': 50, 'corr_resp': 'c', 'thisN': 5, 'thisTrialN': 5, 'thisRepN': 2}>
518.8239 	DATA 	Keypress: c
518.8395 	EXP 	fixation: autoDraw = False
518.8395 	EXP 	line1: autoDraw = False
518.8395 	EXP 	line2: autoDraw = False
518.8395 	EXP 	line3: autoDraw = False
518.8395 	EXP 	line4: autoDraw = False
518.8395 	EXP 	probe: autoDraw = False
519.0064 	EXP 	Device response: <KeyPress from None: t=518.8172021999999, value=c, duration=0.1882355000016105>
519.8390 	EXP 	fixation: autoDraw = True
519.8390 	EXP 	line1: autoDraw = True
519.8390 	EXP 	line2: autoDraw = True
519.8390 	EXP 	line3: autoDraw = True
519.8390 	EXP 	line4: autoDraw = True
520.8226 	INFO 	Keyboard events cleared
520.8224 	EXP 	probe: autoDraw = True
520.8390 	EXP 	fixation: autoDraw = False
521.4561 	EXP 	Device response: <KeyPress from None: t=521.4538256000014, value=c, duration=None>
521.4565 	EXP 	New trial (rep=3, index=6): <Trial 6 (6 in rep 3) data={'pos': 50, 'corr_resp': 'c', 'thisN': 6, 'thisTrialN': 6, 'thisRepN': 3}>
521.4577 	DATA 	Keypress: c
521.4727 	EXP 	fixation: autoDraw = False
521.4727 	EXP 	line1: autoDraw = False
521.4727 	EXP 	line2: autoDraw = False
521.4727 	EXP 	line3: autoDraw = False
521.4727 	EXP 	line4: autoDraw = False
521.4727 	EXP 	probe: autoDraw = False
521.6227 	EXP 	Device response: <KeyPress from None: t=521.4538256000014, value=c, duration=0.15560199999890756>
522.4719 	EXP 	fixation: autoDraw = True
522.4719 	EXP 	line1: autoDraw = True
522.4719 	EXP 	line2: autoDraw = True
522.4719 	EXP 	line3: autoDraw = True
522.4719 	EXP 	line4: autoDraw = True
523.4561 	INFO 	Keyboard events cleared
523.4559 	EXP 	probe: autoDraw = True
523.4726 	EXP 	fixation: autoDraw = False
524.1223 	EXP 	Device response: <KeyPress from None: t=524.1167745999992, value=c, duration=None>
524.1227 	EXP 	New trial (rep=0, index=7): <Trial 7 (7 in rep 0) data={'pos': -150, 'corr_resp': 'z', 'thisN': 7, 'thisTrialN': 7, 'thisRepN': 0}>
524.1240 	DATA 	Keypress: c
524.1392 	EXP 	fixation: autoDraw = False
524.1392 	EXP 	line1: autoDraw = False
524.1392 	EXP 	line2: autoDraw = False
524.1392 	EXP 	line3: autoDraw = False
524.1392 	EXP 	line4: autoDraw = False
524.1392 	EXP 	probe: autoDraw = False
524.2897 	EXP 	Device response: <KeyPress from None: t=524.1167745999992, value=c, duration=0.17249079999965033>
525.1220 	EXP 	fixation: autoDraw = True
525.1220 	EXP 	line1: autoDraw = True
525.1220 	EXP 	line2: autoDraw = True
525.1220 	EXP 	line3: autoDraw = True
525.1220 	EXP 	line4: autoDraw = True
526.1227 	EXP 	fixation: autoDraw = False
526.1391 	INFO 	Keyboard events cleared
526.1389 	EXP 	probe: autoDraw = True
526.9393 	EXP 	Device response: <KeyPress from None: t=526.9351089000011, value=z, duration=None>
526.9397 	EXP 	New trial (rep=4, index=8): <Trial 8 (8 in rep 4) data={'pos': 50, 'corr_resp': 'c', 'thisN': 8, 'thisTrialN': 8, 'thisRepN': 4}>
526.9410 	DATA 	Keypress: z
526.9556 	EXP 	fixation: autoDraw = False
526.9556 	EXP 	line1: autoDraw = False
526.9556 	EXP 	line2: autoDraw = False
526.9556 	EXP 	line3: autoDraw = False
526.9556 	EXP 	line4: autoDraw = False
526.9556 	EXP 	probe: autoDraw = False
527.0886 	EXP 	Device response: <KeyPress from None: t=526.9351089000011, value=z, duration=0.1492283999978099>
527.9551 	EXP 	fixation: autoDraw = True
527.9551 	EXP 	line1: autoDraw = True
527.9551 	EXP 	line2: autoDraw = True
527.9551 	EXP 	line3: autoDraw = True
527.9551 	EXP 	line4: autoDraw = True
528.9415 	INFO 	Keyboard events cleared
528.9413 	EXP 	probe: autoDraw = True
528.9576 	EXP 	fixation: autoDraw = False
529.4263 	EXP 	Device response: <KeyPress from None: t=529.4122215999996, value=c, duration=None>
529.4271 	EXP 	New trial (rep=1, index=9): <Trial 9 (9 in rep 1) data={'pos': -50, 'corr_resp': 'x', 'thisN': 9, 'thisTrialN': 9, 'thisRepN': 1}>
529.4299 	DATA 	Keypress: c
529.4418 	EXP 	fixation: autoDraw = False
529.4418 	EXP 	line1: autoDraw = False
529.4418 	EXP 	line2: autoDraw = False
529.4418 	EXP 	line3: autoDraw = False
529.4418 	EXP 	line4: autoDraw = False
529.4418 	EXP 	probe: autoDraw = False
529.5706 	EXP 	Device response: <KeyPress from None: t=529.4122215999996, value=c, duration=0.15675280000141356>
530.4389 	EXP 	fixation: autoDraw = True
530.4389 	EXP 	line1: autoDraw = True
530.4389 	EXP 	line2: autoDraw = True
530.4389 	EXP 	line3: autoDraw = True
530.4389 	EXP 	line4: autoDraw = True
531.4388 	INFO 	Keyboard events cleared
531.4386 	EXP 	fixation: autoDraw = False
531.4386 	EXP 	probe: autoDraw = True
531.8900 	EXP 	Device response: <KeyPress from None: t=531.8888379999989, value=x, duration=None>
531.8904 	EXP 	New trial (rep=2, index=10): <Trial 10 (10 in rep 2) data={'pos': 150, 'corr_resp': 'v', 'thisN': 10, 'thisTrialN': 10, 'thisRepN': 2}>
531.8918 	DATA 	Keypress: x
531.9040 	EXP 	fixation: autoDraw = False
531.9040 	EXP 	line1: autoDraw = False
531.9040 	EXP 	line2: autoDraw = False
531.9040 	EXP 	line3: autoDraw = False
531.9040 	EXP 	line4: autoDraw = False
531.9040 	EXP 	probe: autoDraw = False
532.0543 	EXP 	Device response: <KeyPress from None: t=531.8888379999989, value=x, duration=0.16461140000319574>
532.9057 	EXP 	fixation: autoDraw = True
532.9057 	EXP 	line1: autoDraw = True
532.9057 	EXP 	line2: autoDraw = True
532.9057 	EXP 	line3: autoDraw = True
532.9057 	EXP 	line4: autoDraw = True
533.9050 	INFO 	Keyboard events cleared
533.9048 	EXP 	fixation: autoDraw = False
533.9048 	EXP 	probe: autoDraw = True
534.6058 	EXP 	Device response: <KeyPress from None: t=534.6024806999994, value=v, duration=None>
534.6062 	EXP 	New trial (rep=2, index=11): <Trial 11 (11 in rep 2) data={'pos': -50, 'corr_resp': 'x', 'thisN': 11, 'thisTrialN': 11, 'thisRepN': 2}>
534.6074 	DATA 	Keypress: v
534.6225 	EXP 	fixation: autoDraw = False
534.6225 	EXP 	line1: autoDraw = False
534.6225 	EXP 	line2: autoDraw = False
534.6225 	EXP 	line3: autoDraw = False
534.6225 	EXP 	line4: autoDraw = False
534.6225 	EXP 	probe: autoDraw = False
534.7559 	EXP 	Device response: <KeyPress from None: t=534.6024806999994, value=v, duration=0.14484860000084154>
535.6056 	EXP 	fixation: autoDraw = True
535.6056 	EXP 	line1: autoDraw = True
535.6056 	EXP 	line2: autoDraw = True
535.6056 	EXP 	line3: autoDraw = True
535.6056 	EXP 	line4: autoDraw = True
536.6055 	INFO 	Keyboard events cleared
536.6053 	EXP 	fixation: autoDraw = False
536.6053 	EXP 	probe: autoDraw = True
537.2740 	EXP 	Device response: <KeyPress from None: t=537.2721448000011, value=x, duration=None>
537.2745 	EXP 	New trial (rep=3, index=12): <Trial 12 (12 in rep 3) data={'pos': 150, 'corr_resp': 'v', 'thisN': 12, 'thisTrialN': 12, 'thisRepN': 3}>
537.2757 	DATA 	Keypress: x
537.2890 	EXP 	fixation: autoDraw = False
537.2890 	EXP 	line1: autoDraw = False
537.2890 	EXP 	line2: autoDraw = False
537.2890 	EXP 	line3: autoDraw = False
537.2890 	EXP 	line4: autoDraw = False
537.2890 	EXP 	probe: autoDraw = False
537.4296 	EXP 	Device response: <KeyPress from None: t=537.2721448000011, value=x, duration=0.14844850000008591>
538.2765 	EXP 	fixation: autoDraw = True
538.2765 	EXP 	line1: autoDraw = True
538.2765 	EXP 	line2: autoDraw = True
538.2765 	EXP 	line3: autoDraw = True
538.2765 	EXP 	line4: autoDraw = True
539.2756 	INFO 	Keyboard events cleared
539.2753 	EXP 	probe: autoDraw = True
539.2918 	EXP 	fixation: autoDraw = False
540.0230 	EXP 	Device response: <KeyPress from None: t=540.0120558999988, value=v, duration=None>
540.0235 	EXP 	New trial (rep=4, index=13): <Trial 13 (13 in rep 4) data={'pos': 150, 'corr_resp': 'v', 'thisN': 13, 'thisTrialN': 13, 'thisRepN': 4}>
540.0256 	DATA 	Keypress: v
540.0386 	EXP 	fixation: autoDraw = False
540.0386 	EXP 	line1: autoDraw = False
540.0386 	EXP 	line2: autoDraw = False
540.0386 	EXP 	line3: autoDraw = False
540.0386 	EXP 	line4: autoDraw = False
540.0386 	EXP 	probe: autoDraw = False
540.1276 	EXP 	Device response: <KeyPress from None: t=540.0120558999988, value=v, duration=0.11174000000028173>
541.0253 	EXP 	fixation: autoDraw = True
541.0253 	EXP 	line1: autoDraw = True
541.0253 	EXP 	line2: autoDraw = True
541.0253 	EXP 	line3: autoDraw = True
541.0253 	EXP 	line4: autoDraw = True
542.0385 	INFO 	Keyboard events cleared
542.0383 	EXP 	fixation: autoDraw = False
542.0383 	EXP 	probe: autoDraw = True
542.7102 	EXP 	Device response: <KeyPress from None: t=542.7031752000003, value=v, duration=None>
542.7109 	EXP 	New trial (rep=5, index=14): <Trial 14 (14 in rep 5) data={'pos': 150, 'corr_resp': 'v', 'thisN': 14, 'thisTrialN': 14, 'thisRepN': 5}>
542.7134 	DATA 	Keypress: v
542.7251 	EXP 	fixation: autoDraw = False
542.7251 	EXP 	line1: autoDraw = False
542.7251 	EXP 	line2: autoDraw = False
542.7251 	EXP 	line3: autoDraw = False
542.7251 	EXP 	line4: autoDraw = False
542.7251 	EXP 	probe: autoDraw = False
542.8281 	EXP 	Device response: <KeyPress from None: t=542.7031752000003, value=v, duration=0.12039050000021234>
543.7254 	EXP 	fixation: autoDraw = True
543.7254 	EXP 	line1: autoDraw = True
543.7254 	EXP 	line2: autoDraw = True
543.7254 	EXP 	line3: autoDraw = True
543.7254 	EXP 	line4: autoDraw = True
544.7256 	INFO 	Keyboard events cleared
544.7254 	EXP 	fixation: autoDraw = False
544.7254 	EXP 	probe: autoDraw = True
545.2945 	EXP 	Device response: <KeyPress from None: t=545.2939025000014, value=v, duration=None>
545.2951 	EXP 	New trial (rep=3, index=15): <Trial 15 (15 in rep 3) data={'pos': -50, 'corr_resp': 'x', 'thisN': 15, 'thisTrialN': 15, 'thisRepN': 3}>
545.2975 	DATA 	Keypress: v
545.3089 	EXP 	fixation: autoDraw = False
545.3089 	EXP 	line1: autoDraw = False
545.3089 	EXP 	line2: autoDraw = False
545.3089 	EXP 	line3: autoDraw = False
545.3089 	EXP 	line4: autoDraw = False
545.3089 	EXP 	probe: autoDraw = False
545.4260 	EXP 	Device response: <KeyPress from None: t=545.2939025000014, value=v, duration=0.12158499999713968>
546.3088 	EXP 	fixation: autoDraw = True
546.3088 	EXP 	line1: autoDraw = True
546.3088 	EXP 	line2: autoDraw = True
546.3088 	EXP 	line3: autoDraw = True
546.3088 	EXP 	line4: autoDraw = True
547.3097 	INFO 	Keyboard events cleared
547.3094 	EXP 	fixation: autoDraw = False
547.3094 	EXP 	probe: autoDraw = True
548.1278 	EXP 	Device response: <KeyPress from None: t=548.1240069000014, value=x, duration=None>
548.1284 	EXP 	New trial (rep=4, index=16): <Trial 16 (16 in rep 4) data={'pos': -50, 'corr_resp': 'x', 'thisN': 16, 'thisTrialN': 16, 'thisRepN': 4}>
548.1308 	DATA 	Keypress: x
548.1418 	EXP 	fixation: autoDraw = False
548.1418 	EXP 	line1: autoDraw = False
548.1418 	EXP 	line2: autoDraw = False
548.1418 	EXP 	line3: autoDraw = False
548.1418 	EXP 	line4: autoDraw = False
548.1418 	EXP 	probe: autoDraw = False
548.2592 	EXP 	Device response: <KeyPress from None: t=548.1240069000014, value=x, duration=0.12324029999945196>
549.1414 	EXP 	fixation: autoDraw = True
549.1414 	EXP 	line1: autoDraw = True
549.1414 	EXP 	line2: autoDraw = True
549.1414 	EXP 	line3: autoDraw = True
549.1414 	EXP 	line4: autoDraw = True
550.1431 	INFO 	Keyboard events cleared
550.1427 	EXP 	fixation: autoDraw = False
550.1427 	EXP 	probe: autoDraw = True
550.7749 	EXP 	Device response: <KeyPress from None: t=550.7700183000015, value=x, duration=None>
550.7754 	EXP 	New trial (rep=5, index=17): <Trial 17 (17 in rep 5) data={'pos': 50, 'corr_resp': 'c', 'thisN': 17, 'thisTrialN': 17, 'thisRepN': 5}>
550.7768 	DATA 	Keypress: x
550.7920 	EXP 	fixation: autoDraw = False
550.7920 	EXP 	line1: autoDraw = False
550.7920 	EXP 	line2: autoDraw = False
550.7920 	EXP 	line3: autoDraw = False
550.7920 	EXP 	line4: autoDraw = False
550.7920 	EXP 	probe: autoDraw = False
550.9271 	EXP 	Device response: <KeyPress from None: t=550.7700183000015, value=x, duration=0.15168780000021798>
551.7735 	EXP 	fixation: autoDraw = True
551.7735 	EXP 	line1: autoDraw = True
551.7735 	EXP 	line2: autoDraw = True
551.7735 	EXP 	line3: autoDraw = True
551.7735 	EXP 	line4: autoDraw = True
552.7744 	EXP 	fixation: autoDraw = False
552.7920 	INFO 	Keyboard events cleared
552.7917 	EXP 	probe: autoDraw = True
553.4972 	DATA 	Keypress: c
553.5097 	EXP 	Device response: <KeyPress from None: t=553.4949564000017, value=c, duration=None>
553.5103 	EXP 	New trial (rep=6, index=18): <Trial 18 (18 in rep 6) data={'pos': 150, 'corr_resp': 'v', 'thisN': 18, 'thisTrialN': 18, 'thisRepN': 6}>
553.5255 	EXP 	fixation: autoDraw = False
553.5255 	EXP 	line1: autoDraw = False
553.5255 	EXP 	line2: autoDraw = False
553.5255 	EXP 	line3: autoDraw = False
553.5255 	EXP 	line4: autoDraw = False
553.5255 	EXP 	probe: autoDraw = False
553.5929 	EXP 	Device response: <KeyPress from None: t=553.4949564000017, value=c, duration=0.08713219999845023>
554.5221 	EXP 	fixation: autoDraw = True
554.5221 	EXP 	line1: autoDraw = True
554.5221 	EXP 	line2: autoDraw = True
554.5221 	EXP 	line3: autoDraw = True
554.5221 	EXP 	line4: autoDraw = True
555.5227 	INFO 	Keyboard events cleared
555.5225 	EXP 	fixation: autoDraw = False
555.5225 	EXP 	probe: autoDraw = True
556.4560 	EXP 	Device response: <KeyPress from None: t=556.4510364000016, value=v, duration=None>
556.4565 	EXP 	New trial (rep=7, index=19): <Trial 19 (19 in rep 7) data={'pos': 150, 'corr_resp': 'v', 'thisN': 19, 'thisTrialN': 19, 'thisRepN': 7}>
556.4577 	DATA 	Keypress: v
556.4720 	EXP 	fixation: autoDraw = False
556.4720 	EXP 	line1: autoDraw = False
556.4720 	EXP 	line2: autoDraw = False
556.4720 	EXP 	line3: autoDraw = False
556.4720 	EXP 	line4: autoDraw = False
556.4720 	EXP 	probe: autoDraw = False
556.5734 	EXP 	Device response: <KeyPress from None: t=556.4510364000016, value=v, duration=0.11154439999882015>
557.4564 	EXP 	fixation: autoDraw = True
557.4564 	EXP 	line1: autoDraw = True
557.4564 	EXP 	line2: autoDraw = True
557.4564 	EXP 	line3: autoDraw = True
557.4564 	EXP 	line4: autoDraw = True
558.4562 	INFO 	Keyboard events cleared
558.4560 	EXP 	fixation: autoDraw = False
558.4560 	EXP 	probe: autoDraw = True
558.9906 	EXP 	Device response: <KeyPress from None: t=558.990278199999, value=v, duration=None>
558.9911 	EXP 	New trial (rep=6, index=20): <Trial 20 (20 in rep 6) data={'pos': 50, 'corr_resp': 'c', 'thisN': 20, 'thisTrialN': 20, 'thisRepN': 6}>
558.9924 	DATA 	Keypress: v
559.0060 	EXP 	fixation: autoDraw = False
559.0060 	EXP 	line1: autoDraw = False
559.0060 	EXP 	line2: autoDraw = False
559.0060 	EXP 	line3: autoDraw = False
559.0060 	EXP 	line4: autoDraw = False
559.0060 	EXP 	probe: autoDraw = False
559.1558 	EXP 	Device response: <KeyPress from None: t=558.990278199999, value=v, duration=0.15969550000227173>
560.0053 	EXP 	fixation: autoDraw = True
560.0053 	EXP 	line1: autoDraw = True
560.0053 	EXP 	line2: autoDraw = True
560.0053 	EXP 	line3: autoDraw = True
560.0053 	EXP 	line4: autoDraw = True
561.0067 	INFO 	Keyboard events cleared
561.0065 	EXP 	fixation: autoDraw = False
561.0065 	EXP 	probe: autoDraw = True
561.9390 	EXP 	Device response: <KeyPress from None: t=561.9345756000002, value=c, duration=None>
561.9394 	EXP 	New trial (rep=5, index=21): <Trial 21 (21 in rep 5) data={'pos': -50, 'corr_resp': 'x', 'thisN': 21, 'thisTrialN': 21, 'thisRepN': 5}>
561.9406 	DATA 	Keypress: c
561.9556 	EXP 	fixation: autoDraw = False
561.9556 	EXP 	line1: autoDraw = False
561.9556 	EXP 	line2: autoDraw = False
561.9556 	EXP 	line3: autoDraw = False
561.9556 	EXP 	line4: autoDraw = False
561.9556 	EXP 	probe: autoDraw = False
562.0223 	EXP 	Device response: <KeyPress from None: t=561.9345756000002, value=c, duration=0.07921649999843794>
562.9411 	EXP 	fixation: autoDraw = True
562.9411 	EXP 	line1: autoDraw = True
562.9411 	EXP 	line2: autoDraw = True
562.9411 	EXP 	line3: autoDraw = True
562.9411 	EXP 	line4: autoDraw = True
563.9401 	INFO 	Keyboard events cleared
563.9399 	EXP 	fixation: autoDraw = False
563.9399 	EXP 	probe: autoDraw = True
564.5227 	EXP 	Device response: <KeyPress from None: t=564.5171687000002, value=x, duration=None>
564.5231 	EXP 	New trial (rep=8, index=22): <Trial 22 (22 in rep 8) data={'pos': 150, 'corr_resp': 'v', 'thisN': 22, 'thisTrialN': 22, 'thisRepN': 8}>
564.5245 	DATA 	Keypress: x
564.5391 	EXP 	fixation: autoDraw = False
564.5391 	EXP 	line1: autoDraw = False
564.5391 	EXP 	line2: autoDraw = False
564.5391 	EXP 	line3: autoDraw = False
564.5391 	EXP 	line4: autoDraw = False
564.5391 	EXP 	probe: autoDraw = False
564.6562 	EXP 	Device response: <KeyPress from None: t=564.5171687000002, value=x, duration=0.13430869999865536>
565.5259 	EXP 	fixation: autoDraw = True
565.5259 	EXP 	line1: autoDraw = True
565.5259 	EXP 	line2: autoDraw = True
565.5259 	EXP 	line3: autoDraw = True
565.5259 	EXP 	line4: autoDraw = True
566.5221 	INFO 	Keyboard events cleared
566.5219 	EXP 	probe: autoDraw = True
566.5385 	EXP 	fixation: autoDraw = False
567.3201 	EXP 	Device response: <KeyPress from None: t=567.3056622000004, value=v, duration=None>
567.3206 	EXP 	New trial (rep=9, index=23): <Trial 23 (23 in rep 9) data={'pos': 150, 'corr_resp': 'v', 'thisN': 23, 'thisTrialN': 23, 'thisRepN': 9}>
567.3218 	DATA 	Keypress: v
567.3364 	EXP 	fixation: autoDraw = False
567.3364 	EXP 	line1: autoDraw = False
567.3364 	EXP 	line2: autoDraw = False
567.3364 	EXP 	line3: autoDraw = False
567.3364 	EXP 	line4: autoDraw = False
567.3364 	EXP 	probe: autoDraw = False
567.4216 	EXP 	Device response: <KeyPress from None: t=567.3056622000004, value=v, duration=0.1052705000001879>
568.3358 	EXP 	fixation: autoDraw = True
568.3358 	EXP 	line1: autoDraw = True
568.3358 	EXP 	line2: autoDraw = True
568.3358 	EXP 	line3: autoDraw = True
568.3358 	EXP 	line4: autoDraw = True
569.3251 	INFO 	Keyboard events cleared
569.3249 	EXP 	probe: autoDraw = True
569.3402 	EXP 	fixation: autoDraw = False
570.0536 	EXP 	Device response: <KeyPress from None: t=570.0491294000021, value=v, duration=None>
570.0540 	EXP 	New trial (rep=1, index=24): <Trial 24 (24 in rep 1) data={'pos': -150, 'corr_resp': 'z', 'thisN': 24, 'thisTrialN': 24, 'thisRepN': 1}>
570.0548 	DATA 	Keypress: v
570.0696 	EXP 	fixation: autoDraw = False
570.0696 	EXP 	line1: autoDraw = False
570.0696 	EXP 	line2: autoDraw = False
570.0696 	EXP 	line3: autoDraw = False
570.0696 	EXP 	line4: autoDraw = False
570.0696 	EXP 	probe: autoDraw = False
570.1582 	EXP 	Device response: <KeyPress from None: t=570.0491294000021, value=v, duration=0.10416969999641879>
571.0552 	EXP 	fixation: autoDraw = True
571.0552 	EXP 	line1: autoDraw = True
571.0552 	EXP 	line2: autoDraw = True
571.0552 	EXP 	line3: autoDraw = True
571.0552 	EXP 	line4: autoDraw = True
572.0553 	INFO 	Keyboard events cleared
572.0551 	EXP 	fixation: autoDraw = False
572.0551 	EXP 	probe: autoDraw = True
572.8735 	EXP 	Device response: <KeyPress from None: t=572.8709788999986, value=z, duration=None>
572.8739 	EXP 	New trial (rep=2, index=25): <Trial 25 (25 in rep 2) data={'pos': -150, 'corr_resp': 'z', 'thisN': 25, 'thisTrialN': 25, 'thisRepN': 2}>
572.8752 	DATA 	Keypress: z
572.8881 	EXP 	fixation: autoDraw = False
572.8881 	EXP 	line1: autoDraw = False
572.8881 	EXP 	line2: autoDraw = False
572.8881 	EXP 	line3: autoDraw = False
572.8881 	EXP 	line4: autoDraw = False
572.8881 	EXP 	probe: autoDraw = False
573.0211 	EXP 	Device response: <KeyPress from None: t=572.8709788999986, value=z, duration=0.14852500000051805>
573.8747 	EXP 	fixation: autoDraw = True
573.8747 	EXP 	line1: autoDraw = True
573.8747 	EXP 	line2: autoDraw = True
573.8747 	EXP 	line3: autoDraw = True
573.8747 	EXP 	line4: autoDraw = True
574.8734 	INFO 	Keyboard events cleared
574.8730 	EXP 	fixation: autoDraw = False
574.8730 	EXP 	probe: autoDraw = True
577.2204 	EXP 	Device response: <KeyPress from None: t=577.2065241000018, value=z, duration=None>
577.2207 	EXP 	New trial (rep=7, index=26): <Trial 26 (26 in rep 7) data={'pos': 50, 'corr_resp': 'c', 'thisN': 26, 'thisTrialN': 26, 'thisRepN': 7}>
577.2218 	DATA 	Keypress: z
577.2360 	EXP 	fixation: autoDraw = False
577.2360 	EXP 	line1: autoDraw = False
577.2360 	EXP 	line2: autoDraw = False
577.2360 	EXP 	line3: autoDraw = False
577.2360 	EXP 	line4: autoDraw = False
577.2360 	EXP 	probe: autoDraw = False
577.4225 	EXP 	Device response: <KeyPress from None: t=577.2065241000018, value=z, duration=0.21169649999865214>
578.2216 	EXP 	fixation: autoDraw = True
578.2216 	EXP 	line1: autoDraw = True
578.2216 	EXP 	line2: autoDraw = True
578.2216 	EXP 	line3: autoDraw = True
578.2216 	EXP 	line4: autoDraw = True
579.2186 	INFO 	Keyboard events cleared
579.2185 	EXP 	fixation: autoDraw = False
579.2185 	EXP 	probe: autoDraw = True
580.3240 	EXP 	Device response: <KeyPress from None: t=580.3181067000005, value=c, duration=None>
580.3245 	EXP 	New trial (rep=8, index=27): <Trial 27 (27 in rep 8) data={'pos': 50, 'corr_resp': 'c', 'thisN': 27, 'thisTrialN': 27, 'thisRepN': 8}>
580.3272 	DATA 	Keypress: c
580.3404 	EXP 	fixation: autoDraw = False
580.3404 	EXP 	line1: autoDraw = False
580.3404 	EXP 	line2: autoDraw = False
580.3404 	EXP 	line3: autoDraw = False
580.3404 	EXP 	line4: autoDraw = False
580.3404 	EXP 	probe: autoDraw = False
580.4076 	EXP 	Device response: <KeyPress from None: t=580.3181067000005, value=c, duration=0.08314370000152849>
581.3383 	EXP 	fixation: autoDraw = True
581.3383 	EXP 	line1: autoDraw = True
581.3383 	EXP 	line2: autoDraw = True
581.3383 	EXP 	line3: autoDraw = True
581.3383 	EXP 	line4: autoDraw = True
582.3384 	INFO 	Keyboard events cleared
582.3382 	EXP 	fixation: autoDraw = False
582.3382 	EXP 	probe: autoDraw = True
583.0055 	EXP 	Device response: <KeyPress from None: t=583.0022028999992, value=c, duration=None>
583.0059 	EXP 	New trial (rep=3, index=28): <Trial 28 (28 in rep 3) data={'pos': -150, 'corr_resp': 'z', 'thisN': 28, 'thisTrialN': 28, 'thisRepN': 3}>
583.0072 	DATA 	Keypress: c
583.0215 	EXP 	fixation: autoDraw = False
583.0215 	EXP 	line1: autoDraw = False
583.0215 	EXP 	line2: autoDraw = False
583.0215 	EXP 	line3: autoDraw = False
583.0215 	EXP 	line4: autoDraw = False
583.0215 	EXP 	probe: autoDraw = False
583.1553 	EXP 	Device response: <KeyPress from None: t=583.0022028999992, value=c, duration=0.14866620000248076>
584.0218 	EXP 	fixation: autoDraw = True
584.0218 	EXP 	line1: autoDraw = True
584.0218 	EXP 	line2: autoDraw = True
584.0218 	EXP 	line3: autoDraw = True
584.0218 	EXP 	line4: autoDraw = True
585.0216 	INFO 	Keyboard events cleared
585.0214 	EXP 	fixation: autoDraw = False
585.0214 	EXP 	probe: autoDraw = True
586.0218 	EXP 	Device response: <KeyPress from None: t=586.0166328000014, value=z, duration=None>
586.0223 	EXP 	New trial (rep=10, index=29): <Trial 29 (29 in rep 10) data={'pos': 150, 'corr_resp': 'v', 'thisN': 29, 'thisTrialN': 29, 'thisRepN': 10}>
586.0235 	DATA 	Keypress: z
586.0377 	EXP 	fixation: autoDraw = False
586.0377 	EXP 	line1: autoDraw = False
586.0377 	EXP 	line2: autoDraw = False
586.0377 	EXP 	line3: autoDraw = False
586.0377 	EXP 	line4: autoDraw = False
586.0377 	EXP 	probe: autoDraw = False
586.2060 	EXP 	Device response: <KeyPress from None: t=586.0166328000014, value=z, duration=0.18290839999826858>
587.0235 	EXP 	fixation: autoDraw = True
587.0235 	EXP 	line1: autoDraw = True
587.0235 	EXP 	line2: autoDraw = True
587.0235 	EXP 	line3: autoDraw = True
587.0235 	EXP 	line4: autoDraw = True
588.0381 	INFO 	Keyboard events cleared
588.0376 	EXP 	fixation: autoDraw = False
588.0376 	EXP 	probe: autoDraw = True
589.6380 	EXP 	Device response: <KeyPress from None: t=589.6285495000011, value=v, duration=None>
589.6385 	EXP 	New trial (rep=4, index=30): <Trial 30 (30 in rep 4) data={'pos': -150, 'corr_resp': 'z', 'thisN': 30, 'thisTrialN': 30, 'thisRepN': 4}>
589.6399 	DATA 	Keypress: v
589.6545 	EXP 	fixation: autoDraw = False
589.6545 	EXP 	line1: autoDraw = False
589.6545 	EXP 	line2: autoDraw = False
589.6545 	EXP 	line3: autoDraw = False
589.6545 	EXP 	line4: autoDraw = False
589.6545 	EXP 	probe: autoDraw = False
589.7866 	EXP 	Device response: <KeyPress from None: t=589.6285495000011, value=v, duration=0.15585439999995288>
590.6389 	EXP 	fixation: autoDraw = True
590.6389 	EXP 	line1: autoDraw = True
590.6389 	EXP 	line2: autoDraw = True
590.6389 	EXP 	line3: autoDraw = True
590.6389 	EXP 	line4: autoDraw = True
591.6396 	INFO 	Keyboard events cleared
591.6394 	EXP 	fixation: autoDraw = False
591.6394 	EXP 	probe: autoDraw = True
592.9400 	EXP 	Device response: <KeyPress from None: t=592.9363656999994, value=z, duration=None>
592.9404 	EXP 	New trial (rep=6, index=31): <Trial 31 (31 in rep 6) data={'pos': -50, 'corr_resp': 'x', 'thisN': 31, 'thisTrialN': 31, 'thisRepN': 6}>
592.9419 	DATA 	Keypress: z
592.9553 	EXP 	fixation: autoDraw = False
592.9553 	EXP 	line1: autoDraw = False
592.9553 	EXP 	line2: autoDraw = False
592.9553 	EXP 	line3: autoDraw = False
592.9553 	EXP 	line4: autoDraw = False
592.9553 	EXP 	probe: autoDraw = False
593.1221 	EXP 	Device response: <KeyPress from None: t=592.9363656999994, value=z, duration=0.1704974000022048>
593.9539 	EXP 	fixation: autoDraw = True
593.9539 	EXP 	line1: autoDraw = True
593.9539 	EXP 	line2: autoDraw = True
593.9539 	EXP 	line3: autoDraw = True
593.9539 	EXP 	line4: autoDraw = True
594.9558 	INFO 	Keyboard events cleared
594.9556 	EXP 	fixation: autoDraw = False
594.9556 	EXP 	probe: autoDraw = True
595.5737 	EXP 	Device response: <KeyPress from None: t=595.5694029000006, value=x, duration=None>
595.5741 	EXP 	New trial (rep=5, index=32): <Trial 32 (32 in rep 5) data={'pos': -150, 'corr_resp': 'z', 'thisN': 32, 'thisTrialN': 32, 'thisRepN': 5}>
595.5755 	DATA 	Keypress: x
595.5889 	EXP 	fixation: autoDraw = False
595.5889 	EXP 	line1: autoDraw = False
595.5889 	EXP 	line2: autoDraw = False
595.5889 	EXP 	line3: autoDraw = False
595.5889 	EXP 	line4: autoDraw = False
595.5889 	EXP 	probe: autoDraw = False
595.7388 	EXP 	Device response: <KeyPress from None: t=595.5694029000006, value=x, duration=0.15431619999799295>
596.5874 	EXP 	fixation: autoDraw = True
596.5874 	EXP 	line1: autoDraw = True
596.5874 	EXP 	line2: autoDraw = True
596.5874 	EXP 	line3: autoDraw = True
596.5874 	EXP 	line4: autoDraw = True
597.5885 	INFO 	Keyboard events cleared
597.5883 	EXP 	fixation: autoDraw = False
597.5883 	EXP 	probe: autoDraw = True
598.7724 	EXP 	Device response: <KeyPress from None: t=598.7671981000021, value=z, duration=None>
598.7729 	EXP 	New trial (rep=6, index=33): <Trial 33 (33 in rep 6) data={'pos': -150, 'corr_resp': 'z', 'thisN': 33, 'thisTrialN': 33, 'thisRepN': 6}>
598.7746 	DATA 	Keypress: z
598.7884 	EXP 	fixation: autoDraw = False
598.7884 	EXP 	line1: autoDraw = False
598.7884 	EXP 	line2: autoDraw = False
598.7884 	EXP 	line3: autoDraw = False
598.7884 	EXP 	line4: autoDraw = False
598.7884 	EXP 	probe: autoDraw = False
598.9223 	EXP 	Device response: <KeyPress from None: t=598.7671981000021, value=z, duration=0.14397009999811416>
599.7873 	EXP 	fixation: autoDraw = True
599.7873 	EXP 	line1: autoDraw = True
599.7873 	EXP 	line2: autoDraw = True
599.7873 	EXP 	line3: autoDraw = True
599.7873 	EXP 	line4: autoDraw = True
600.7727 	INFO 	Keyboard events cleared
600.7725 	EXP 	probe: autoDraw = True
600.7886 	EXP 	fixation: autoDraw = False
601.2895 	EXP 	Device response: <KeyPress from None: t=601.279247800001, value=z, duration=None>
601.2899 	EXP 	New trial (rep=7, index=34): <Trial 34 (34 in rep 7) data={'pos': -50, 'corr_resp': 'x', 'thisN': 34, 'thisTrialN': 34, 'thisRepN': 7}>
601.2919 	DATA 	Keypress: z
601.3045 	EXP 	fixation: autoDraw = False
601.3045 	EXP 	line1: autoDraw = False
601.3045 	EXP 	line2: autoDraw = False
601.3045 	EXP 	line3: autoDraw = False
601.3045 	EXP 	line4: autoDraw = False
601.3045 	EXP 	probe: autoDraw = False
601.4548 	EXP 	Device response: <KeyPress from None: t=601.279247800001, value=z, duration=0.16948820000106934>
602.3044 	EXP 	fixation: autoDraw = True
602.3044 	EXP 	line1: autoDraw = True
602.3044 	EXP 	line2: autoDraw = True
602.3044 	EXP 	line3: autoDraw = True
602.3044 	EXP 	line4: autoDraw = True
603.2890 	INFO 	Keyboard events cleared
603.2888 	EXP 	probe: autoDraw = True
603.3047 	EXP 	fixation: autoDraw = False
603.8375 	EXP 	Device response: <KeyPress from None: t=603.833619699999, value=x, duration=None>
603.8379 	EXP 	New trial (rep=7, index=35): <Trial 35 (35 in rep 7) data={'pos': -150, 'corr_resp': 'z', 'thisN': 35, 'thisTrialN': 35, 'thisRepN': 7}>
603.8391 	DATA 	Keypress: x
603.8541 	EXP 	fixation: autoDraw = False
603.8541 	EXP 	line1: autoDraw = False
603.8541 	EXP 	line2: autoDraw = False
603.8541 	EXP 	line3: autoDraw = False
603.8541 	EXP 	line4: autoDraw = False
603.8541 	EXP 	probe: autoDraw = False
604.0063 	EXP 	Device response: <KeyPress from None: t=603.833619699999, value=x, duration=0.164696300002106>
604.8418 	EXP 	fixation: autoDraw = True
604.8418 	EXP 	line1: autoDraw = True
604.8418 	EXP 	line2: autoDraw = True
604.8418 	EXP 	line3: autoDraw = True
604.8418 	EXP 	line4: autoDraw = True
605.8527 	INFO 	Keyboard events cleared
605.8526 	EXP 	fixation: autoDraw = False
605.8526 	EXP 	probe: autoDraw = True
606.5218 	EXP 	Device response: <KeyPress from None: t=606.5146881000001, value=z, duration=None>
606.5222 	EXP 	New trial (rep=8, index=36): <Trial 36 (36 in rep 8) data={'pos': -50, 'corr_resp': 'x', 'thisN': 36, 'thisTrialN': 36, 'thisRepN': 8}>
606.5234 	DATA 	Keypress: z
606.5380 	EXP 	fixation: autoDraw = False
606.5380 	EXP 	line1: autoDraw = False
606.5380 	EXP 	line2: autoDraw = False
606.5380 	EXP 	line3: autoDraw = False
606.5380 	EXP 	line4: autoDraw = False
606.5380 	EXP 	probe: autoDraw = False
606.6878 	EXP 	Device response: <KeyPress from None: t=606.5146881000001, value=z, duration=0.16833240000050864>
607.5213 	EXP 	fixation: autoDraw = True
607.5213 	EXP 	line1: autoDraw = True
607.5213 	EXP 	line2: autoDraw = True
607.5213 	EXP 	line3: autoDraw = True
607.5213 	EXP 	line4: autoDraw = True
608.5220 	INFO 	Keyboard events cleared
608.5218 	EXP 	fixation: autoDraw = False
608.5218 	EXP 	probe: autoDraw = True
609.2717 	EXP 	Device response: <KeyPress from None: t=609.258405200002, value=x, duration=None>
609.2722 	EXP 	New trial (rep=8, index=37): <Trial 37 (37 in rep 8) data={'pos': -150, 'corr_resp': 'z', 'thisN': 37, 'thisTrialN': 37, 'thisRepN': 8}>
609.2736 	DATA 	Keypress: x
609.2881 	EXP 	fixation: autoDraw = False
609.2881 	EXP 	line1: autoDraw = False
609.2881 	EXP 	line2: autoDraw = False
609.2881 	EXP 	line3: autoDraw = False
609.2881 	EXP 	line4: autoDraw = False
609.2881 	EXP 	probe: autoDraw = False
609.4045 	EXP 	Device response: <KeyPress from None: t=609.258405200002, value=x, duration=0.1412499999969441>
610.2713 	EXP 	fixation: autoDraw = True
610.2713 	EXP 	line1: autoDraw = True
610.2713 	EXP 	line2: autoDraw = True
610.2713 	EXP 	line3: autoDraw = True
610.2713 	EXP 	line4: autoDraw = True
611.2715 	INFO 	Keyboard events cleared
611.2713 	EXP 	fixation: autoDraw = False
611.2713 	EXP 	probe: autoDraw = True
612.9230 	DATA 	Keypress: z
612.9391 	EXP 	Device response: <KeyPress from None: t=612.9216788000012, value=z, duration=None>
612.9396 	EXP 	New trial (rep=9, index=38): <Trial 38 (38 in rep 9) data={'pos': -50, 'corr_resp': 'x', 'thisN': 38, 'thisTrialN': 38, 'thisRepN': 9}>
612.9545 	EXP 	fixation: autoDraw = False
612.9545 	EXP 	line1: autoDraw = False
612.9545 	EXP 	line2: autoDraw = False
612.9545 	EXP 	line3: autoDraw = False
612.9545 	EXP 	line4: autoDraw = False
612.9545 	EXP 	probe: autoDraw = False
613.1030 	EXP 	Device response: <KeyPress from None: t=612.9216788000012, value=z, duration=0.1776185999988229>
613.9417 	EXP 	fixation: autoDraw = True
613.9417 	EXP 	line1: autoDraw = True
613.9417 	EXP 	line2: autoDraw = True
613.9417 	EXP 	line3: autoDraw = True
613.9417 	EXP 	line4: autoDraw = True
614.9418 	INFO 	Keyboard events cleared
614.9415 	EXP 	fixation: autoDraw = False
614.9415 	EXP 	probe: autoDraw = True
615.5222 	EXP 	Device response: <KeyPress from None: t=615.5085579000006, value=x, duration=None>
615.5225 	EXP 	New trial (rep=9, index=39): <Trial 39 (39 in rep 9) data={'pos': 50, 'corr_resp': 'c', 'thisN': 39, 'thisTrialN': 39, 'thisRepN': 9}>
615.5235 	DATA 	Keypress: x
615.5378 	EXP 	fixation: autoDraw = False
615.5378 	EXP 	line1: autoDraw = False
615.5378 	EXP 	line2: autoDraw = False
615.5378 	EXP 	line3: autoDraw = False
615.5378 	EXP 	line4: autoDraw = False
615.5378 	EXP 	probe: autoDraw = False
615.6891 	EXP 	Device response: <KeyPress from None: t=615.5085579000006, value=x, duration=0.17597530000057304>
616.5394 	EXP 	fixation: autoDraw = True
616.5394 	EXP 	line1: autoDraw = True
616.5394 	EXP 	line2: autoDraw = True
616.5394 	EXP 	line3: autoDraw = True
616.5394 	EXP 	line4: autoDraw = True
617.5247 	INFO 	Keyboard events cleared
617.5244 	EXP 	probe: autoDraw = True
617.5404 	EXP 	fixation: autoDraw = False
618.2055 	EXP 	Device response: <KeyPress from None: t=618.1944569000007, value=c, duration=None>
618.2059 	EXP 	New trial (rep=11, index=40): <Trial 40 (40 in rep 11) data={'pos': 150, 'corr_resp': 'v', 'thisN': 40, 'thisTrialN': 40, 'thisRepN': 11}>
618.2072 	DATA 	Keypress: c
618.2247 	EXP 	fixation: autoDraw = False
618.2247 	EXP 	line1: autoDraw = False
618.2247 	EXP 	line2: autoDraw = False
618.2247 	EXP 	line3: autoDraw = False
618.2247 	EXP 	line4: autoDraw = False
618.2247 	EXP 	probe: autoDraw = False
618.3937 	EXP 	Device response: <KeyPress from None: t=618.1944569000007, value=c, duration=0.18549279999933788>
619.2063 	EXP 	fixation: autoDraw = True
619.2063 	EXP 	line1: autoDraw = True
619.2063 	EXP 	line2: autoDraw = True
619.2063 	EXP 	line3: autoDraw = True
619.2063 	EXP 	line4: autoDraw = True
620.2220 	INFO 	Keyboard events cleared
620.2218 	EXP 	fixation: autoDraw = False
620.2218 	EXP 	probe: autoDraw = True
621.0062 	EXP 	Device response: <KeyPress from None: t=620.9990699000009, value=v, duration=None>
621.0066 	EXP 	New trial (rep=9, index=41): <Trial 41 (41 in rep 9) data={'pos': -150, 'corr_resp': 'z', 'thisN': 41, 'thisTrialN': 41, 'thisRepN': 9}>
621.0080 	DATA 	Keypress: v
621.0238 	EXP 	fixation: autoDraw = False
621.0238 	EXP 	line1: autoDraw = False
621.0238 	EXP 	line2: autoDraw = False
621.0238 	EXP 	line3: autoDraw = False
621.0238 	EXP 	line4: autoDraw = False
621.0238 	EXP 	probe: autoDraw = False
621.1716 	EXP 	Device response: <KeyPress from None: t=620.9990699000009, value=v, duration=0.16670239999803016>
622.0105 	EXP 	fixation: autoDraw = True
622.0105 	EXP 	line1: autoDraw = True
622.0105 	EXP 	line2: autoDraw = True
622.0105 	EXP 	line3: autoDraw = True
622.0105 	EXP 	line4: autoDraw = True
623.0214 	INFO 	Keyboard events cleared
623.0212 	EXP 	fixation: autoDraw = False
623.0212 	EXP 	probe: autoDraw = True
623.4395 	EXP 	Device response: <KeyPress from None: t=623.4367220999993, value=z, duration=None>
623.4398 	EXP 	New trial (rep=10, index=42): <Trial 42 (42 in rep 10) data={'pos': -150, 'corr_resp': 'z', 'thisN': 42, 'thisTrialN': 42, 'thisRepN': 10}>
623.4410 	DATA 	Keypress: z
623.4538 	EXP 	fixation: autoDraw = False
623.4538 	EXP 	line1: autoDraw = False
623.4538 	EXP 	line2: autoDraw = False
623.4538 	EXP 	line3: autoDraw = False
623.4538 	EXP 	line4: autoDraw = False
623.4538 	EXP 	probe: autoDraw = False
623.6219 	EXP 	Device response: <KeyPress from None: t=623.4367220999993, value=z, duration=0.16955240000243066>
624.4543 	EXP 	fixation: autoDraw = True
624.4543 	EXP 	line1: autoDraw = True
624.4543 	EXP 	line2: autoDraw = True
624.4543 	EXP 	line3: autoDraw = True
624.4543 	EXP 	line4: autoDraw = True
625.4545 	INFO 	Keyboard events cleared
625.4543 	EXP 	fixation: autoDraw = False
625.4543 	EXP 	probe: autoDraw = True
626.0410 	DATA 	Keypress: z
626.0551 	EXP 	Device response: <KeyPress from None: t=626.0402938000007, value=z, duration=None>
626.0556 	EXP 	New trial (rep=12, index=43): <Trial 43 (43 in rep 12) data={'pos': 150, 'corr_resp': 'v', 'thisN': 43, 'thisTrialN': 43, 'thisRepN': 12}>
626.0711 	EXP 	fixation: autoDraw = False
626.0711 	EXP 	line1: autoDraw = False
626.0711 	EXP 	line2: autoDraw = False
626.0711 	EXP 	line3: autoDraw = False
626.0711 	EXP 	line4: autoDraw = False
626.0711 	EXP 	probe: autoDraw = False
626.2217 	EXP 	Device response: <KeyPress from None: t=626.0402938000007, value=z, duration=0.17724209999869345>
627.0713 	EXP 	fixation: autoDraw = True
627.0713 	EXP 	line1: autoDraw = True
627.0713 	EXP 	line2: autoDraw = True
627.0713 	EXP 	line3: autoDraw = True
627.0713 	EXP 	line4: autoDraw = True
628.0701 	INFO 	Keyboard events cleared
628.0699 	EXP 	probe: autoDraw = True
628.0862 	EXP 	fixation: autoDraw = False
628.8717 	EXP 	Device response: <KeyPress from None: t=628.8662618999988, value=v, duration=None>
628.8721 	EXP 	New trial (rep=10, index=44): <Trial 44 (44 in rep 10) data={'pos': 50, 'corr_resp': 'c', 'thisN': 44, 'thisTrialN': 44, 'thisRepN': 10}>
628.8735 	DATA 	Keypress: v
628.8880 	EXP 	fixation: autoDraw = False
628.8880 	EXP 	line1: autoDraw = False
628.8880 	EXP 	line2: autoDraw = False
628.8880 	EXP 	line3: autoDraw = False
628.8880 	EXP 	line4: autoDraw = False
628.8880 	EXP 	probe: autoDraw = False
629.0102 	EXP 	Device response: <KeyPress from None: t=628.8662618999988, value=v, duration=0.1393686000010348>
629.8714 	EXP 	fixation: autoDraw = True
629.8714 	EXP 	line1: autoDraw = True
629.8714 	EXP 	line2: autoDraw = True
629.8714 	EXP 	line3: autoDraw = True
629.8714 	EXP 	line4: autoDraw = True
630.8708 	INFO 	Keyboard events cleared
630.8706 	EXP 	fixation: autoDraw = False
630.8706 	EXP 	probe: autoDraw = True
631.5912 	EXP 	Device response: <KeyPress from None: t=631.5775170000015, value=c, duration=None>
631.5917 	EXP 	New trial (rep=10, index=45): <Trial 45 (45 in rep 10) data={'pos': -50, 'corr_resp': 'x', 'thisN': 45, 'thisTrialN': 45, 'thisRepN': 10}>
631.5933 	DATA 	Keypress: c
631.6066 	EXP 	fixation: autoDraw = False
631.6066 	EXP 	line1: autoDraw = False
631.6066 	EXP 	line2: autoDraw = False
631.6066 	EXP 	line3: autoDraw = False
631.6066 	EXP 	line4: autoDraw = False
631.6066 	EXP 	probe: autoDraw = False
631.7925 	EXP 	Device response: <KeyPress from None: t=631.5775170000015, value=c, duration=0.20417119999910938>
632.6079 	EXP 	fixation: autoDraw = True
632.6079 	EXP 	line1: autoDraw = True
632.6079 	EXP 	line2: autoDraw = True
632.6079 	EXP 	line3: autoDraw = True
632.6079 	EXP 	line4: autoDraw = True
633.6043 	INFO 	Keyboard events cleared
633.6041 	EXP 	probe: autoDraw = True
633.6214 	EXP 	fixation: autoDraw = False
634.2882 	EXP 	Device response: <KeyPress from None: t=634.2779867999998, value=x, duration=None>
634.2887 	EXP 	New trial (rep=11, index=46): <Trial 46 (46 in rep 11) data={'pos': -150, 'corr_resp': 'z', 'thisN': 46, 'thisTrialN': 46, 'thisRepN': 11}>
634.2901 	DATA 	Keypress: x
634.3045 	EXP 	fixation: autoDraw = False
634.3045 	EXP 	line1: autoDraw = False
634.3045 	EXP 	line2: autoDraw = False
634.3045 	EXP 	line3: autoDraw = False
634.3045 	EXP 	line4: autoDraw = False
634.3045 	EXP 	probe: autoDraw = False
634.4712 	EXP 	Device response: <KeyPress from None: t=634.2779867999998, value=x, duration=0.17696060000162106>
635.2911 	EXP 	fixation: autoDraw = True
635.2911 	EXP 	line1: autoDraw = True
635.2911 	EXP 	line2: autoDraw = True
635.2911 	EXP 	line3: autoDraw = True
635.2911 	EXP 	line4: autoDraw = True
636.2876 	INFO 	Keyboard events cleared
636.2874 	EXP 	probe: autoDraw = True
636.3043 	EXP 	fixation: autoDraw = False
636.9390 	EXP 	Device response: <KeyPress from None: t=636.9365404000018, value=z, duration=None>
636.9394 	EXP 	New trial (rep=11, index=47): <Trial 47 (47 in rep 11) data={'pos': -50, 'corr_resp': 'x', 'thisN': 47, 'thisTrialN': 47, 'thisRepN': 11}>
636.9406 	DATA 	Keypress: z
636.9541 	EXP 	fixation: autoDraw = False
636.9541 	EXP 	line1: autoDraw = False
636.9541 	EXP 	line2: autoDraw = False
636.9541 	EXP 	line3: autoDraw = False
636.9541 	EXP 	line4: autoDraw = False
636.9541 	EXP 	probe: autoDraw = False
637.1230 	EXP 	Device response: <KeyPress from None: t=636.9365404000018, value=z, duration=0.1698363999967114>
637.9544 	EXP 	fixation: autoDraw = True
637.9544 	EXP 	line1: autoDraw = True
637.9544 	EXP 	line2: autoDraw = True
637.9544 	EXP 	line3: autoDraw = True
637.9544 	EXP 	line4: autoDraw = True
638.9546 	INFO 	Keyboard events cleared
638.9544 	EXP 	fixation: autoDraw = False
638.9544 	EXP 	probe: autoDraw = True
639.5718 	EXP 	Device response: <KeyPress from None: t=639.5659382000013, value=x, duration=None>
639.5723 	EXP 	New trial (rep=13, index=48): <Trial 48 (48 in rep 13) data={'pos': 150, 'corr_resp': 'v', 'thisN': 48, 'thisTrialN': 48, 'thisRepN': 13}>
639.5736 	DATA 	Keypress: x
639.5875 	EXP 	fixation: autoDraw = False
639.5875 	EXP 	line1: autoDraw = False
639.5875 	EXP 	line2: autoDraw = False
639.5875 	EXP 	line3: autoDraw = False
639.5875 	EXP 	line4: autoDraw = False
639.5875 	EXP 	probe: autoDraw = False
639.7544 	EXP 	Device response: <KeyPress from None: t=639.5659382000013, value=x, duration=0.18411659999765106>
640.5879 	EXP 	fixation: autoDraw = True
640.5879 	EXP 	line1: autoDraw = True
640.5879 	EXP 	line2: autoDraw = True
640.5879 	EXP 	line3: autoDraw = True
640.5879 	EXP 	line4: autoDraw = True
641.5707 	INFO 	Keyboard events cleared
641.5705 	EXP 	probe: autoDraw = True
641.5869 	EXP 	fixation: autoDraw = False
642.6554 	EXP 	Device response: <KeyPress from None: t=642.6434384999993, value=v, duration=None>
642.6559 	EXP 	New trial (rep=14, index=49): <Trial 49 (49 in rep 14) data={'pos': 150, 'corr_resp': 'v', 'thisN': 49, 'thisTrialN': 49, 'thisRepN': 14}>
642.6572 	DATA 	Keypress: v
642.6714 	EXP 	fixation: autoDraw = False
642.6714 	EXP 	line1: autoDraw = False
642.6714 	EXP 	line2: autoDraw = False
642.6714 	EXP 	line3: autoDraw = False
642.6714 	EXP 	line4: autoDraw = False
642.6714 	EXP 	probe: autoDraw = False
642.8223 	EXP 	Device response: <KeyPress from None: t=642.6434384999993, value=v, duration=0.16675260000192793>
643.6708 	EXP 	fixation: autoDraw = True
643.6708 	EXP 	line1: autoDraw = True
643.6708 	EXP 	line2: autoDraw = True
643.6708 	EXP 	line3: autoDraw = True
643.6708 	EXP 	line4: autoDraw = True
644.6687 	INFO 	Keyboard events cleared
644.6686 	EXP 	probe: autoDraw = True
644.6854 	EXP 	fixation: autoDraw = False
645.5532 	EXP 	Device response: <KeyPress from None: t=645.5462718000017, value=v, duration=None>
645.5536 	EXP 	New trial (rep=12, index=50): <Trial 50 (50 in rep 12) data={'pos': -150, 'corr_resp': 'z', 'thisN': 50, 'thisTrialN': 50, 'thisRepN': 12}>
645.5549 	DATA 	Keypress: v
645.5691 	EXP 	fixation: autoDraw = False
645.5691 	EXP 	line1: autoDraw = False
645.5691 	EXP 	line2: autoDraw = False
645.5691 	EXP 	line3: autoDraw = False
645.5691 	EXP 	line4: autoDraw = False
645.5691 	EXP 	probe: autoDraw = False
645.7685 	EXP 	Device response: <KeyPress from None: t=645.5462718000017, value=v, duration=0.21318549999705283>
646.5544 	EXP 	fixation: autoDraw = True
646.5544 	EXP 	line1: autoDraw = True
646.5544 	EXP 	line2: autoDraw = True
646.5544 	EXP 	line3: autoDraw = True
646.5544 	EXP 	line4: autoDraw = True
647.5539 	INFO 	Keyboard events cleared
647.5537 	EXP 	fixation: autoDraw = False
647.5537 	EXP 	probe: autoDraw = True
648.1052 	EXP 	Device response: <KeyPress from None: t=648.1021987999993, value=z, duration=None>
648.1056 	EXP 	New trial (rep=12, index=51): <Trial 51 (51 in rep 12) data={'pos': -50, 'corr_resp': 'x', 'thisN': 51, 'thisTrialN': 51, 'thisRepN': 12}>
648.1069 	DATA 	Keypress: z
648.1208 	EXP 	fixation: autoDraw = False
648.1208 	EXP 	line1: autoDraw = False
648.1208 	EXP 	line2: autoDraw = False
648.1208 	EXP 	line3: autoDraw = False
648.1208 	EXP 	line4: autoDraw = False
648.1208 	EXP 	probe: autoDraw = False
648.3047 	EXP 	Device response: <KeyPress from None: t=648.1021987999993, value=z, duration=0.18635279999944032>
649.1044 	EXP 	fixation: autoDraw = True
649.1044 	EXP 	line1: autoDraw = True
649.1044 	EXP 	line2: autoDraw = True
649.1044 	EXP 	line3: autoDraw = True
649.1044 	EXP 	line4: autoDraw = True
650.1042 	EXP 	fixation: autoDraw = False
650.1210 	INFO 	Keyboard events cleared
650.1208 	EXP 	probe: autoDraw = True
650.7387 	EXP 	Device response: <KeyPress from None: t=650.7298508999993, value=x, duration=None>
650.7392 	EXP 	New trial (rep=13, index=52): <Trial 52 (52 in rep 13) data={'pos': -50, 'corr_resp': 'x', 'thisN': 52, 'thisTrialN': 52, 'thisRepN': 13}>
650.7404 	DATA 	Keypress: x
650.7546 	EXP 	fixation: autoDraw = False
650.7546 	EXP 	line1: autoDraw = False
650.7546 	EXP 	line2: autoDraw = False
650.7546 	EXP 	line3: autoDraw = False
650.7546 	EXP 	line4: autoDraw = False
650.7546 	EXP 	probe: autoDraw = False
650.9549 	EXP 	Device response: <KeyPress from None: t=650.7298508999993, value=x, duration=0.2109641000024567>
651.7541 	EXP 	fixation: autoDraw = True
651.7541 	EXP 	line1: autoDraw = True
651.7541 	EXP 	line2: autoDraw = True
651.7541 	EXP 	line3: autoDraw = True
651.7541 	EXP 	line4: autoDraw = True
652.7543 	INFO 	Keyboard events cleared
652.7541 	EXP 	fixation: autoDraw = False
652.7541 	EXP 	probe: autoDraw = True
653.9052 	EXP 	Device response: <KeyPress from None: t=653.9021672999988, value=x, duration=None>
653.9057 	EXP 	New trial (rep=14, index=53): <Trial 53 (53 in rep 14) data={'pos': -50, 'corr_resp': 'x', 'thisN': 53, 'thisTrialN': 53, 'thisRepN': 14}>
653.9070 	DATA 	Keypress: x
653.9213 	EXP 	fixation: autoDraw = False
653.9213 	EXP 	line1: autoDraw = False
653.9213 	EXP 	line2: autoDraw = False
653.9213 	EXP 	line3: autoDraw = False
653.9213 	EXP 	line4: autoDraw = False
653.9213 	EXP 	probe: autoDraw = False
654.1214 	EXP 	Device response: <KeyPress from None: t=653.9021672999988, value=x, duration=0.20843610000156332>
654.9208 	EXP 	fixation: autoDraw = True
654.9208 	EXP 	line1: autoDraw = True
654.9208 	EXP 	line2: autoDraw = True
654.9208 	EXP 	line3: autoDraw = True
654.9208 	EXP 	line4: autoDraw = True
655.9205 	INFO 	Keyboard events cleared
655.9203 	EXP 	fixation: autoDraw = False
655.9203 	EXP 	probe: autoDraw = True
656.5548 	EXP 	Device response: <KeyPress from None: t=656.5525297999993, value=x, duration=None>
656.5552 	EXP 	New trial (rep=11, index=54): <Trial 54 (54 in rep 11) data={'pos': 50, 'corr_resp': 'c', 'thisN': 54, 'thisTrialN': 54, 'thisRepN': 11}>
656.5564 	DATA 	Keypress: x
656.5707 	EXP 	fixation: autoDraw = False
656.5707 	EXP 	line1: autoDraw = False
656.5707 	EXP 	line2: autoDraw = False
656.5707 	EXP 	line3: autoDraw = False
656.5707 	EXP 	line4: autoDraw = False
656.5707 	EXP 	probe: autoDraw = False
656.7874 	EXP 	Device response: <KeyPress from None: t=656.5525297999993, value=x, duration=0.23022929999933694>
657.5542 	EXP 	fixation: autoDraw = True
657.5542 	EXP 	line1: autoDraw = True
657.5542 	EXP 	line2: autoDraw = True
657.5542 	EXP 	line3: autoDraw = True
657.5542 	EXP 	line4: autoDraw = True
658.5552 	INFO 	Keyboard events cleared
658.5549 	EXP 	fixation: autoDraw = False
658.5549 	EXP 	probe: autoDraw = True
659.1400 	EXP 	Device response: <KeyPress from None: t=659.138476600001, value=v, duration=None>
659.1406 	EXP 	New trial (rep=15, index=55): <Trial 55 (55 in rep 15) data={'pos': 150, 'corr_resp': 'v', 'thisN': 55, 'thisTrialN': 55, 'thisRepN': 15}>
659.1419 	DATA 	Keypress: v
659.1542 	EXP 	fixation: autoDraw = False
659.1542 	EXP 	line1: autoDraw = False
659.1542 	EXP 	line2: autoDraw = False
659.1542 	EXP 	line3: autoDraw = False
659.1542 	EXP 	line4: autoDraw = False
659.1542 	EXP 	probe: autoDraw = False
659.3552 	EXP 	Device response: <KeyPress from None: t=659.138476600001, value=v, duration=0.21188269999765907>
660.1545 	EXP 	fixation: autoDraw = True
660.1545 	EXP 	line1: autoDraw = True
660.1545 	EXP 	line2: autoDraw = True
660.1545 	EXP 	line3: autoDraw = True
660.1545 	EXP 	line4: autoDraw = True
661.1544 	INFO 	Keyboard events cleared
661.1542 	EXP 	fixation: autoDraw = False
661.1542 	EXP 	probe: autoDraw = True
662.4728 	EXP 	Device response: <KeyPress from None: t=662.4711511999994, value=v, duration=None>
662.4732 	EXP 	New trial (rep=13, index=56): <Trial 56 (56 in rep 13) data={'pos': -150, 'corr_resp': 'z', 'thisN': 56, 'thisTrialN': 56, 'thisRepN': 13}>
662.4744 	DATA 	Keypress: v
662.4874 	EXP 	fixation: autoDraw = False
662.4874 	EXP 	line1: autoDraw = False
662.4874 	EXP 	line2: autoDraw = False
662.4874 	EXP 	line3: autoDraw = False
662.4874 	EXP 	line4: autoDraw = False
662.4874 	EXP 	probe: autoDraw = False
662.6548 	EXP 	Device response: <KeyPress from None: t=662.4711511999994, value=v, duration=0.18146080000224174>
663.4876 	EXP 	fixation: autoDraw = True
663.4876 	EXP 	line1: autoDraw = True
663.4876 	EXP 	line2: autoDraw = True
663.4876 	EXP 	line3: autoDraw = True
663.4876 	EXP 	line4: autoDraw = True
664.4762 	INFO 	Keyboard events cleared
664.4759 	EXP 	probe: autoDraw = True
664.4892 	EXP 	fixation: autoDraw = False
665.0379 	EXP 	Device response: <KeyPress from None: t=665.0325868, value=z, duration=None>
665.0383 	EXP 	New trial (rep=14, index=57): <Trial 57 (57 in rep 14) data={'pos': -150, 'corr_resp': 'z', 'thisN': 57, 'thisTrialN': 57, 'thisRepN': 14}>
665.0396 	DATA 	Keypress: z
665.0548 	EXP 	fixation: autoDraw = False
665.0548 	EXP 	line1: autoDraw = False
665.0548 	EXP 	line2: autoDraw = False
665.0548 	EXP 	line3: autoDraw = False
665.0548 	EXP 	line4: autoDraw = False
665.0548 	EXP 	probe: autoDraw = False
665.2377 	EXP 	Device response: <KeyPress from None: t=665.0325868, value=z, duration=0.1947637000012037>
666.0376 	EXP 	fixation: autoDraw = True
666.0376 	EXP 	line1: autoDraw = True
666.0376 	EXP 	line2: autoDraw = True
666.0376 	EXP 	line3: autoDraw = True
666.0376 	EXP 	line4: autoDraw = True
667.0363 	INFO 	Keyboard events cleared
667.0361 	EXP 	fixation: autoDraw = False
667.0361 	EXP 	probe: autoDraw = True
667.8713 	EXP 	Device response: <KeyPress from None: t=667.8598205000017, value=z, duration=None>
667.8718 	EXP 	New trial (rep=15, index=58): <Trial 58 (58 in rep 15) data={'pos': -50, 'corr_resp': 'x', 'thisN': 58, 'thisTrialN': 58, 'thisRepN': 15}>
667.8730 	DATA 	Keypress: z
667.8875 	EXP 	fixation: autoDraw = False
667.8875 	EXP 	line1: autoDraw = False
667.8875 	EXP 	line2: autoDraw = False
667.8875 	EXP 	line3: autoDraw = False
667.8875 	EXP 	line4: autoDraw = False
667.8875 	EXP 	probe: autoDraw = False
668.0917 	EXP 	Device response: <KeyPress from None: t=667.8598205000017, value=z, duration=0.21665109999958077>
668.8712 	EXP 	fixation: autoDraw = True
668.8712 	EXP 	line1: autoDraw = True
668.8712 	EXP 	line2: autoDraw = True
668.8712 	EXP 	line3: autoDraw = True
668.8712 	EXP 	line4: autoDraw = True
669.8743 	INFO 	Keyboard events cleared
669.8740 	EXP 	fixation: autoDraw = False
669.8740 	EXP 	probe: autoDraw = True
670.4766 	EXP 	Device response: <KeyPress from None: t=670.4672713, value=x, duration=None>
670.4772 	EXP 	New trial (rep=16, index=59): <Trial 59 (59 in rep 16) data={'pos': 150, 'corr_resp': 'v', 'thisN': 59, 'thisTrialN': 59, 'thisRepN': 16}>
670.4799 	DATA 	Keypress: x
670.4912 	EXP 	fixation: autoDraw = False
670.4912 	EXP 	line1: autoDraw = False
670.4912 	EXP 	line2: autoDraw = False
670.4912 	EXP 	line3: autoDraw = False
670.4912 	EXP 	line4: autoDraw = False
670.4912 	EXP 	probe: autoDraw = False
670.6931 	EXP 	Device response: <KeyPress from None: t=670.4672713, value=x, duration=0.22007980000125826>
671.4911 	EXP 	fixation: autoDraw = True
671.4911 	EXP 	line1: autoDraw = True
671.4911 	EXP 	line2: autoDraw = True
671.4911 	EXP 	line3: autoDraw = True
671.4911 	EXP 	line4: autoDraw = True
672.4880 	INFO 	Keyboard events cleared
672.4878 	EXP 	probe: autoDraw = True
672.5041 	EXP 	fixation: autoDraw = False
673.1377 	EXP 	Device response: <KeyPress from None: t=673.1323688000011, value=v, duration=None>
673.1381 	EXP 	New trial (rep=17, index=60): <Trial 60 (60 in rep 17) data={'pos': 150, 'corr_resp': 'v', 'thisN': 60, 'thisTrialN': 60, 'thisRepN': 17}>
673.1393 	DATA 	Keypress: v
673.1541 	EXP 	fixation: autoDraw = False
673.1541 	EXP 	line1: autoDraw = False
673.1541 	EXP 	line2: autoDraw = False
673.1541 	EXP 	line3: autoDraw = False
673.1541 	EXP 	line4: autoDraw = False
673.1541 	EXP 	probe: autoDraw = False
673.3884 	EXP 	Device response: <KeyPress from None: t=673.1323688000011, value=v, duration=0.2440664999994624>
674.1368 	EXP 	fixation: autoDraw = True
674.1368 	EXP 	line1: autoDraw = True
674.1368 	EXP 	line2: autoDraw = True
674.1368 	EXP 	line3: autoDraw = True
674.1368 	EXP 	line4: autoDraw = True
675.1378 	INFO 	Keyboard events cleared
675.1376 	EXP 	fixation: autoDraw = False
675.1376 	EXP 	probe: autoDraw = True
676.0878 	EXP 	Device response: <KeyPress from None: t=676.0818713000008, value=v, duration=None>
676.0883 	EXP 	New trial (rep=12, index=61): <Trial 61 (61 in rep 12) data={'pos': 50, 'corr_resp': 'c', 'thisN': 61, 'thisTrialN': 61, 'thisRepN': 12}>
676.0897 	DATA 	Keypress: v
676.1041 	EXP 	fixation: autoDraw = False
676.1041 	EXP 	line1: autoDraw = False
676.1041 	EXP 	line2: autoDraw = False
676.1041 	EXP 	line3: autoDraw = False
676.1041 	EXP 	line4: autoDraw = False
676.1041 	EXP 	probe: autoDraw = False
676.3027 	EXP 	Device response: <KeyPress from None: t=676.0818713000008, value=v, duration=0.2121354999981122>
677.0878 	EXP 	fixation: autoDraw = True
677.0878 	EXP 	line1: autoDraw = True
677.0878 	EXP 	line2: autoDraw = True
677.0878 	EXP 	line3: autoDraw = True
677.0878 	EXP 	line4: autoDraw = True
678.1026 	INFO 	Keyboard events cleared
678.1025 	EXP 	fixation: autoDraw = False
678.1025 	EXP 	probe: autoDraw = True
678.9541 	EXP 	Device response: <KeyPress from None: t=678.9431159000014, value=c, duration=None>
678.9545 	EXP 	New trial (rep=18, index=62): <Trial 62 (62 in rep 18) data={'pos': 150, 'corr_resp': 'v', 'thisN': 62, 'thisTrialN': 62, 'thisRepN': 18}>
678.9555 	DATA 	Keypress: c
678.9696 	EXP 	fixation: autoDraw = False
678.9696 	EXP 	line1: autoDraw = False
678.9696 	EXP 	line2: autoDraw = False
678.9696 	EXP 	line3: autoDraw = False
678.9696 	EXP 	line4: autoDraw = False
678.9696 	EXP 	probe: autoDraw = False
679.1396 	EXP 	Device response: <KeyPress from None: t=678.9431159000014, value=c, duration=0.1826744999998482>
679.9541 	EXP 	fixation: autoDraw = True
679.9541 	EXP 	line1: autoDraw = True
679.9541 	EXP 	line2: autoDraw = True
679.9541 	EXP 	line3: autoDraw = True
679.9541 	EXP 	line4: autoDraw = True
680.9589 	INFO 	Keyboard events cleared
680.9586 	EXP 	fixation: autoDraw = False
680.9586 	EXP 	probe: autoDraw = True
681.7262 	EXP 	Device response: <KeyPress from None: t=681.722942700002, value=v, duration=None>
681.7269 	EXP 	New trial (rep=19, index=63): <Trial 63 (63 in rep 19) data={'pos': 150, 'corr_resp': 'v', 'thisN': 63, 'thisTrialN': 63, 'thisRepN': 19}>
681.7296 	DATA 	Keypress: v
681.7395 	EXP 	fixation: autoDraw = False
681.7395 	EXP 	line1: autoDraw = False
681.7395 	EXP 	line2: autoDraw = False
681.7395 	EXP 	line3: autoDraw = False
681.7395 	EXP 	line4: autoDraw = False
681.7395 	EXP 	probe: autoDraw = False
681.9216 	EXP 	Device response: <KeyPress from None: t=681.722942700002, value=v, duration=0.18275819999689702>
682.7375 	EXP 	fixation: autoDraw = True
682.7375 	EXP 	line1: autoDraw = True
682.7375 	EXP 	line2: autoDraw = True
682.7375 	EXP 	line3: autoDraw = True
682.7375 	EXP 	line4: autoDraw = True
683.7376 	INFO 	Keyboard events cleared
683.7374 	EXP 	fixation: autoDraw = False
683.7374 	EXP 	probe: autoDraw = True
684.2096 	EXP 	Device response: <KeyPress from None: t=684.2015294000012, value=v, duration=None>
684.2104 	EXP 	New trial (rep=20, index=64): <Trial 64 (64 in rep 20) data={'pos': 150, 'corr_resp': 'v', 'thisN': 64, 'thisTrialN': 64, 'thisRepN': 20}>
684.2133 	DATA 	Keypress: v
684.2257 	EXP 	fixation: autoDraw = False
684.2257 	EXP 	line1: autoDraw = False
684.2257 	EXP 	line2: autoDraw = False
684.2257 	EXP 	line3: autoDraw = False
684.2257 	EXP 	line4: autoDraw = False
684.2257 	EXP 	probe: autoDraw = False
684.3905 	EXP 	Device response: <KeyPress from None: t=684.2015294000012, value=v, duration=0.18183009999847854>
685.2205 	EXP 	fixation: autoDraw = True
685.2205 	EXP 	line1: autoDraw = True
685.2205 	EXP 	line2: autoDraw = True
685.2205 	EXP 	line3: autoDraw = True
685.2205 	EXP 	line4: autoDraw = True
686.2208 	INFO 	Keyboard events cleared
686.2206 	EXP 	fixation: autoDraw = False
686.2206 	EXP 	probe: autoDraw = True
686.6044 	EXP 	Device response: <KeyPress from None: t=686.5987652000003, value=v, duration=None>
686.6049 	EXP 	New trial (rep=16, index=65): <Trial 65 (65 in rep 16) data={'pos': -50, 'corr_resp': 'x', 'thisN': 65, 'thisTrialN': 65, 'thisRepN': 16}>
686.6062 	DATA 	Keypress: v
686.6207 	EXP 	fixation: autoDraw = False
686.6207 	EXP 	line1: autoDraw = False
686.6207 	EXP 	line2: autoDraw = False
686.6207 	EXP 	line3: autoDraw = False
686.6207 	EXP 	line4: autoDraw = False
686.6207 	EXP 	probe: autoDraw = False
686.8049 	EXP 	Device response: <KeyPress from None: t=686.5987652000003, value=v, duration=0.20333759999994072>
687.6178 	EXP 	fixation: autoDraw = True
687.6178 	EXP 	line1: autoDraw = True
687.6178 	EXP 	line2: autoDraw = True
687.6178 	EXP 	line3: autoDraw = True
687.6178 	EXP 	line4: autoDraw = True
688.6211 	INFO 	Keyboard events cleared
688.6209 	EXP 	fixation: autoDraw = False
688.6209 	EXP 	probe: autoDraw = True
689.4688 	EXP 	Device response: <KeyPress from None: t=689.4569446999994, value=x, duration=None>
689.4692 	EXP 	New trial (rep=17, index=66): <Trial 66 (66 in rep 17) data={'pos': -50, 'corr_resp': 'x', 'thisN': 66, 'thisTrialN': 66, 'thisRepN': 17}>
689.4703 	DATA 	Keypress: x
689.4850 	EXP 	fixation: autoDraw = False
689.4850 	EXP 	line1: autoDraw = False
689.4850 	EXP 	line2: autoDraw = False
689.4850 	EXP 	line3: autoDraw = False
689.4850 	EXP 	line4: autoDraw = False
689.4850 	EXP 	probe: autoDraw = False
689.6714 	EXP 	Device response: <KeyPress from None: t=689.4569446999994, value=x, duration=0.19959039999957895>
690.4714 	EXP 	fixation: autoDraw = True
690.4714 	EXP 	line1: autoDraw = True
690.4714 	EXP 	line2: autoDraw = True
690.4714 	EXP 	line3: autoDraw = True
690.4714 	EXP 	line4: autoDraw = True
691.4702 	INFO 	Keyboard events cleared
691.4700 	EXP 	fixation: autoDraw = False
691.4700 	EXP 	probe: autoDraw = True
692.1207 	EXP 	Device response: <KeyPress from None: t=692.1130163000016, value=x, duration=None>
692.1211 	EXP 	New trial (rep=21, index=67): <Trial 67 (67 in rep 21) data={'pos': 150, 'corr_resp': 'v', 'thisN': 67, 'thisTrialN': 67, 'thisRepN': 21}>
692.1228 	DATA 	Keypress: x
692.1372 	EXP 	fixation: autoDraw = False
692.1372 	EXP 	line1: autoDraw = False
692.1372 	EXP 	line2: autoDraw = False
692.1372 	EXP 	line3: autoDraw = False
692.1372 	EXP 	line4: autoDraw = False
692.1372 	EXP 	probe: autoDraw = False
692.3541 	EXP 	Device response: <KeyPress from None: t=692.1130163000016, value=x, duration=0.2270234999996319>
693.1208 	EXP 	fixation: autoDraw = True
693.1208 	EXP 	line1: autoDraw = True
693.1208 	EXP 	line2: autoDraw = True
693.1208 	EXP 	line3: autoDraw = True
693.1208 	EXP 	line4: autoDraw = True
694.1209 	INFO 	Keyboard events cleared
694.1207 	EXP 	fixation: autoDraw = False
694.1207 	EXP 	probe: autoDraw = True
694.7210 	EXP 	Device response: <KeyPress from None: t=694.7126119999994, value=v, duration=None>
694.7215 	EXP 	New trial (rep=22, index=68): <Trial 68 (68 in rep 22) data={'pos': 150, 'corr_resp': 'v', 'thisN': 68, 'thisTrialN': 68, 'thisRepN': 22}>
694.7227 	DATA 	Keypress: v
694.7370 	EXP 	fixation: autoDraw = False
694.7370 	EXP 	line1: autoDraw = False
694.7370 	EXP 	line2: autoDraw = False
694.7370 	EXP 	line3: autoDraw = False
694.7370 	EXP 	line4: autoDraw = False
694.7370 	EXP 	probe: autoDraw = False
694.8713 	EXP 	Device response: <KeyPress from None: t=694.7126119999994, value=v, duration=0.15282650000153808>
695.7206 	EXP 	fixation: autoDraw = True
695.7206 	EXP 	line1: autoDraw = True
695.7206 	EXP 	line2: autoDraw = True
695.7206 	EXP 	line3: autoDraw = True
695.7206 	EXP 	line4: autoDraw = True
696.7211 	INFO 	Keyboard events cleared
696.7209 	EXP 	fixation: autoDraw = False
696.7209 	EXP 	probe: autoDraw = True
697.8381 	EXP 	Device response: <KeyPress from None: t=697.8229035000004, value=v, duration=None>
697.8386 	EXP 	New trial (rep=23, index=69): <Trial 69 (69 in rep 23) data={'pos': 150, 'corr_resp': 'v', 'thisN': 69, 'thisTrialN': 69, 'thisRepN': 23}>
697.8399 	DATA 	Keypress: v
697.8543 	EXP 	fixation: autoDraw = False
697.8543 	EXP 	line1: autoDraw = False
697.8543 	EXP 	line2: autoDraw = False
697.8543 	EXP 	line3: autoDraw = False
697.8543 	EXP 	line4: autoDraw = False
697.8543 	EXP 	probe: autoDraw = False
698.0374 	EXP 	Device response: <KeyPress from None: t=697.8229035000004, value=v, duration=0.20232209999812767>
698.8548 	EXP 	fixation: autoDraw = True
698.8548 	EXP 	line1: autoDraw = True
698.8548 	EXP 	line2: autoDraw = True
698.8548 	EXP 	line3: autoDraw = True
698.8548 	EXP 	line4: autoDraw = True
699.8407 	INFO 	Keyboard events cleared
699.8404 	EXP 	probe: autoDraw = True
699.8569 	EXP 	fixation: autoDraw = False
700.3385 	EXP 	Device response: <KeyPress from None: t=700.3283520000005, value=v, duration=None>
700.3396 	EXP 	New trial (rep=15, index=70): <Trial 70 (70 in rep 15) data={'pos': -150, 'corr_resp': 'z', 'thisN': 70, 'thisTrialN': 70, 'thisRepN': 15}>
700.3415 	DATA 	Keypress: v
700.3556 	EXP 	fixation: autoDraw = False
700.3556 	EXP 	line1: autoDraw = False
700.3556 	EXP 	line2: autoDraw = False
700.3556 	EXP 	line3: autoDraw = False
700.3556 	EXP 	line4: autoDraw = False
700.3556 	EXP 	probe: autoDraw = False
700.5576 	EXP 	Device response: <KeyPress from None: t=700.3283520000005, value=v, duration=0.21681009999883827>
701.3407 	EXP 	fixation: autoDraw = True
701.3407 	EXP 	line1: autoDraw = True
701.3407 	EXP 	line2: autoDraw = True
701.3407 	EXP 	line3: autoDraw = True
701.3407 	EXP 	line4: autoDraw = True
702.3408 	INFO 	Keyboard events cleared
702.3405 	EXP 	fixation: autoDraw = False
702.3405 	EXP 	probe: autoDraw = True
702.9086 	EXP 	Device response: <KeyPress from None: t=702.8991181999991, value=z, duration=None>
702.9093 	EXP 	New trial (rep=13, index=71): <Trial 71 (71 in rep 13) data={'pos': 50, 'corr_resp': 'c', 'thisN': 71, 'thisTrialN': 71, 'thisRepN': 13}>
702.9124 	DATA 	Keypress: z
702.9212 	EXP 	fixation: autoDraw = False
702.9212 	EXP 	line1: autoDraw = False
702.9212 	EXP 	line2: autoDraw = False
702.9212 	EXP 	line3: autoDraw = False
702.9212 	EXP 	line4: autoDraw = False
702.9212 	EXP 	probe: autoDraw = False
703.1238 	EXP 	Device response: <KeyPress from None: t=702.8991181999991, value=z, duration=0.2061866000003647>
703.9224 	EXP 	fixation: autoDraw = True
703.9224 	EXP 	line1: autoDraw = True
703.9224 	EXP 	line2: autoDraw = True
703.9224 	EXP 	line3: autoDraw = True
703.9224 	EXP 	line4: autoDraw = True
704.9219 	INFO 	Keyboard events cleared
704.9217 	EXP 	probe: autoDraw = True
704.9375 	EXP 	fixation: autoDraw = False
705.9052 	EXP 	Device response: <KeyPress from None: t=705.9046674000019, value=c, duration=None>
705.9057 	EXP 	New trial (rep=18, index=72): <Trial 72 (72 in rep 18) data={'pos': -50, 'corr_resp': 'x', 'thisN': 72, 'thisTrialN': 72, 'thisRepN': 18}>
705.9069 	DATA 	Keypress: c
705.9209 	EXP 	fixation: autoDraw = False
705.9209 	EXP 	line1: autoDraw = False
705.9209 	EXP 	line2: autoDraw = False
705.9209 	EXP 	line3: autoDraw = False
705.9209 	EXP 	line4: autoDraw = False
705.9209 	EXP 	probe: autoDraw = False
706.1519 	EXP 	Device response: <KeyPress from None: t=705.9046674000019, value=c, duration=0.23055429999658372>
706.9061 	EXP 	fixation: autoDraw = True
706.9061 	EXP 	line1: autoDraw = True
706.9061 	EXP 	line2: autoDraw = True
706.9061 	EXP 	line3: autoDraw = True
706.9061 	EXP 	line4: autoDraw = True
707.9046 	INFO 	Keyboard events cleared
707.9043 	EXP 	fixation: autoDraw = False
707.9043 	EXP 	probe: autoDraw = True
708.5200 	EXP 	Device response: <KeyPress from None: t=708.5122941000009, value=x, duration=None>
708.5204 	EXP 	New trial (rep=14, index=73): <Trial 73 (73 in rep 14) data={'pos': 50, 'corr_resp': 'c', 'thisN': 73, 'thisTrialN': 73, 'thisRepN': 14}>
708.5216 	DATA 	Keypress: x
708.5357 	EXP 	fixation: autoDraw = False
708.5357 	EXP 	line1: autoDraw = False
708.5357 	EXP 	line2: autoDraw = False
708.5357 	EXP 	line3: autoDraw = False
708.5357 	EXP 	line4: autoDraw = False
708.5357 	EXP 	probe: autoDraw = False
708.7536 	EXP 	Device response: <KeyPress from None: t=708.5122941000009, value=x, duration=0.2327698999979475>
709.5225 	EXP 	fixation: autoDraw = True
709.5225 	EXP 	line1: autoDraw = True
709.5225 	EXP 	line2: autoDraw = True
709.5225 	EXP 	line3: autoDraw = True
709.5225 	EXP 	line4: autoDraw = True
710.5204 	INFO 	Keyboard events cleared
710.5202 	EXP 	probe: autoDraw = True
710.5379 	EXP 	fixation: autoDraw = False
710.8707 	EXP 	Device response: <KeyPress from None: t=710.8599896999986, value=c, duration=None>
710.8712 	EXP 	New trial (rep=15, index=74): <Trial 74 (74 in rep 15) data={'pos': 50, 'corr_resp': 'c', 'thisN': 74, 'thisTrialN': 74, 'thisRepN': 15}>
710.8724 	DATA 	Keypress: c
710.8870 	EXP 	fixation: autoDraw = False
710.8870 	EXP 	line1: autoDraw = False
710.8870 	EXP 	line2: autoDraw = False
710.8870 	EXP 	line3: autoDraw = False
710.8870 	EXP 	line4: autoDraw = False
710.8870 	EXP 	probe: autoDraw = False
711.0707 	EXP 	Device response: <KeyPress from None: t=710.8599896999986, value=c, duration=0.20829780000349274>
711.8735 	EXP 	fixation: autoDraw = True
711.8735 	EXP 	line1: autoDraw = True
711.8735 	EXP 	line2: autoDraw = True
711.8735 	EXP 	line3: autoDraw = True
711.8735 	EXP 	line4: autoDraw = True
712.8712 	INFO 	Keyboard events cleared
712.8710 	EXP 	probe: autoDraw = True
712.8865 	EXP 	fixation: autoDraw = False
713.6037 	EXP 	Device response: <KeyPress from None: t=713.5986451999997, value=c, duration=None>
713.6041 	EXP 	New trial (rep=19, index=75): <Trial 75 (75 in rep 19) data={'pos': -50, 'corr_resp': 'x', 'thisN': 75, 'thisTrialN': 75, 'thisRepN': 19}>
713.6053 	DATA 	Keypress: c
713.6213 	EXP 	fixation: autoDraw = False
713.6213 	EXP 	line1: autoDraw = False
713.6213 	EXP 	line2: autoDraw = False
713.6213 	EXP 	line3: autoDraw = False
713.6213 	EXP 	line4: autoDraw = False
713.6213 	EXP 	probe: autoDraw = False
713.7878 	EXP 	Device response: <KeyPress from None: t=713.5986451999997, value=c, duration=0.18884479999906034>
714.6039 	EXP 	fixation: autoDraw = True
714.6039 	EXP 	line1: autoDraw = True
714.6039 	EXP 	line2: autoDraw = True
714.6039 	EXP 	line3: autoDraw = True
714.6039 	EXP 	line4: autoDraw = True
715.6084 	INFO 	Keyboard events cleared
715.6081 	EXP 	fixation: autoDraw = False
715.6081 	EXP 	probe: autoDraw = True
716.1796 	DATA 	Keypress: x
716.1908 	EXP 	Device response: <KeyPress from None: t=716.1765678000011, value=x, duration=None>
716.1916 	EXP 	New trial (rep=16, index=76): <Trial 76 (76 in rep 16) data={'pos': -150, 'corr_resp': 'z', 'thisN': 76, 'thisTrialN': 76, 'thisRepN': 16}>
716.2073 	EXP 	fixation: autoDraw = False
716.2073 	EXP 	line1: autoDraw = False
716.2073 	EXP 	line2: autoDraw = False
716.2073 	EXP 	line3: autoDraw = False
716.2073 	EXP 	line4: autoDraw = False
716.2073 	EXP 	probe: autoDraw = False
716.3911 	EXP 	Device response: <KeyPress from None: t=716.1765678000011, value=x, duration=0.19969069999933708>
717.2042 	EXP 	fixation: autoDraw = True
717.2042 	EXP 	line1: autoDraw = True
717.2042 	EXP 	line2: autoDraw = True
717.2042 	EXP 	line3: autoDraw = True
717.2042 	EXP 	line4: autoDraw = True
718.2013 	INFO 	Keyboard events cleared
718.2012 	EXP 	probe: autoDraw = True
718.2181 	EXP 	fixation: autoDraw = False
718.8371 	EXP 	Device response: <KeyPress from None: t=718.8287122000002, value=z, duration=None>
718.8375 	EXP 	New trial (rep=24, index=77): <Trial 77 (77 in rep 24) data={'pos': 150, 'corr_resp': 'v', 'thisN': 77, 'thisTrialN': 77, 'thisRepN': 24}>
718.8388 	DATA 	Keypress: z
718.8534 	EXP 	fixation: autoDraw = False
718.8534 	EXP 	line1: autoDraw = False
718.8534 	EXP 	line2: autoDraw = False
718.8534 	EXP 	line3: autoDraw = False
718.8534 	EXP 	line4: autoDraw = False
718.8534 	EXP 	probe: autoDraw = False
719.0372 	EXP 	Device response: <KeyPress from None: t=718.8287122000002, value=z, duration=0.19808589999956894>
719.8537 	EXP 	fixation: autoDraw = True
719.8537 	EXP 	line1: autoDraw = True
719.8537 	EXP 	line2: autoDraw = True
719.8537 	EXP 	line3: autoDraw = True
719.8537 	EXP 	line4: autoDraw = True
720.8372 	INFO 	Keyboard events cleared
720.8370 	EXP 	probe: autoDraw = True
720.8538 	EXP 	fixation: autoDraw = False
721.2023 	EXP 	Device response: <KeyPress from None: t=721.1924655000003, value=v, duration=None>
721.2027 	EXP 	New trial (rep=20, index=78): <Trial 78 (78 in rep 20) data={'pos': -50, 'corr_resp': 'x', 'thisN': 78, 'thisTrialN': 78, 'thisRepN': 20}>
721.2039 	DATA 	Keypress: v
721.2178 	EXP 	fixation: autoDraw = False
721.2178 	EXP 	line1: autoDraw = False
721.2178 	EXP 	line2: autoDraw = False
721.2178 	EXP 	line3: autoDraw = False
721.2178 	EXP 	line4: autoDraw = False
721.2178 	EXP 	probe: autoDraw = False
721.3378 	EXP 	Device response: <KeyPress from None: t=721.1924655000003, value=v, duration=0.14245799999844166>
722.2053 	EXP 	fixation: autoDraw = True
722.2053 	EXP 	line1: autoDraw = True
722.2053 	EXP 	line2: autoDraw = True
722.2053 	EXP 	line3: autoDraw = True
722.2053 	EXP 	line4: autoDraw = True
723.2036 	INFO 	Keyboard events cleared
723.2034 	EXP 	probe: autoDraw = True
723.2205 	EXP 	fixation: autoDraw = False
723.6034 	EXP 	Device response: <KeyPress from None: t=723.5985747000013, value=x, duration=None>
723.6038 	EXP 	New trial (rep=16, index=79): <Trial 79 (79 in rep 16) data={'pos': 50, 'corr_resp': 'c', 'thisN': 79, 'thisTrialN': 79, 'thisRepN': 16}>
723.6050 	DATA 	Keypress: x
723.6209 	EXP 	fixation: autoDraw = False
723.6209 	EXP 	line1: autoDraw = False
723.6209 	EXP 	line2: autoDraw = False
723.6209 	EXP 	line3: autoDraw = False
723.6209 	EXP 	line4: autoDraw = False
723.6209 	EXP 	probe: autoDraw = False
723.8211 	EXP 	Device response: <KeyPress from None: t=723.5985747000013, value=x, duration=0.21273309999742196>
724.6035 	EXP 	fixation: autoDraw = True
724.6035 	EXP 	line1: autoDraw = True
724.6035 	EXP 	line2: autoDraw = True
724.6035 	EXP 	line3: autoDraw = True
724.6035 	EXP 	line4: autoDraw = True
725.6038 	INFO 	Keyboard events cleared
725.6036 	EXP 	fixation: autoDraw = False
725.6036 	EXP 	probe: autoDraw = True
726.3882 	EXP 	Device response: <KeyPress from None: t=726.3747815999996, value=c, duration=None>
726.3887 	EXP 	New trial (rep=17, index=80): <Trial 80 (80 in rep 17) data={'pos': -150, 'corr_resp': 'z', 'thisN': 80, 'thisTrialN': 80, 'thisRepN': 17}>
726.3901 	DATA 	Keypress: c
726.4044 	EXP 	fixation: autoDraw = False
726.4044 	EXP 	line1: autoDraw = False
726.4044 	EXP 	line2: autoDraw = False
726.4044 	EXP 	line3: autoDraw = False
726.4044 	EXP 	line4: autoDraw = False
726.4044 	EXP 	probe: autoDraw = False
726.8038 	EXP 	Device response: <KeyPress from None: t=726.3747815999996, value=c, duration=0.4285775000025751>
727.3865 	EXP 	fixation: autoDraw = True
727.3865 	EXP 	line1: autoDraw = True
727.3865 	EXP 	line2: autoDraw = True
727.3865 	EXP 	line3: autoDraw = True
727.3865 	EXP 	line4: autoDraw = True
727.7257 	DATA 	Mouse: Left button down, pos=(830,514)
727.9425 	DATA 	Mouse:  Left button up, pos=(830,514)
728.3877 	EXP 	fixation: autoDraw = False
728.4043 	INFO 	Keyboard events cleared
728.4041 	EXP 	probe: autoDraw = True
729.0873 	EXP 	Device response: <KeyPress from None: t=729.0768583999998, value=z, duration=None>
729.0877 	EXP 	New trial (rep=17, index=81): <Trial 81 (81 in rep 17) data={'pos': 50, 'corr_resp': 'c', 'thisN': 81, 'thisTrialN': 81, 'thisRepN': 17}>
729.0890 	DATA 	Keypress: z
729.1045 	EXP 	fixation: autoDraw = False
729.1045 	EXP 	line1: autoDraw = False
729.1045 	EXP 	line2: autoDraw = False
729.1045 	EXP 	line3: autoDraw = False
729.1045 	EXP 	line4: autoDraw = False
729.1045 	EXP 	probe: autoDraw = False
729.2756 	EXP 	Device response: <KeyPress from None: t=729.0768583999998, value=z, duration=0.19439699999929871>
730.0910 	EXP 	fixation: autoDraw = True
730.0910 	EXP 	line1: autoDraw = True
730.0910 	EXP 	line2: autoDraw = True
730.0910 	EXP 	line3: autoDraw = True
730.0910 	EXP 	line4: autoDraw = True
731.0897 	INFO 	Keyboard events cleared
731.0894 	EXP 	probe: autoDraw = True
731.1052 	EXP 	fixation: autoDraw = False
731.9433 	EXP 	Device response: <KeyPress from None: t=731.9385344000002, value=c, duration=None>
731.9440 	EXP 	New trial (rep=18, index=82): <Trial 82 (82 in rep 18) data={'pos': -150, 'corr_resp': 'z', 'thisN': 82, 'thisTrialN': 82, 'thisRepN': 18}>
731.9465 	DATA 	Keypress: c
731.9700 	EXP 	fixation: autoDraw = False
731.9700 	EXP 	line1: autoDraw = False
731.9700 	EXP 	line2: autoDraw = False
731.9700 	EXP 	line3: autoDraw = False
731.9700 	EXP 	line4: autoDraw = False
731.9700 	EXP 	probe: autoDraw = False
732.1900 	EXP 	Device response: <KeyPress from None: t=731.9385344000002, value=c, duration=0.24835860000166576>
732.9541 	EXP 	fixation: autoDraw = True
732.9541 	EXP 	line1: autoDraw = True
732.9541 	EXP 	line2: autoDraw = True
732.9541 	EXP 	line3: autoDraw = True
732.9541 	EXP 	line4: autoDraw = True
733.9543 	INFO 	Keyboard events cleared
733.9541 	EXP 	fixation: autoDraw = False
733.9541 	EXP 	probe: autoDraw = True
734.6011 	EXP 	Device response: <KeyPress from None: t=734.5942351000012, value=z, duration=None>
734.6015 	EXP 	New trial (rep=19, index=83): <Trial 83 (83 in rep 19) data={'pos': -150, 'corr_resp': 'z', 'thisN': 83, 'thisTrialN': 83, 'thisRepN': 19}>
734.6026 	DATA 	Keypress: z
734.6181 	EXP 	fixation: autoDraw = False
734.6181 	EXP 	line1: autoDraw = False
734.6181 	EXP 	line2: autoDraw = False
734.6181 	EXP 	line3: autoDraw = False
734.6181 	EXP 	line4: autoDraw = False
734.6181 	EXP 	probe: autoDraw = False
734.8038 	EXP 	Device response: <KeyPress from None: t=734.5942351000012, value=z, duration=0.2018246999978146>
735.6057 	EXP 	fixation: autoDraw = True
735.6057 	EXP 	line1: autoDraw = True
735.6057 	EXP 	line2: autoDraw = True
735.6057 	EXP 	line3: autoDraw = True
735.6057 	EXP 	line4: autoDraw = True
736.6082 	INFO 	Keyboard events cleared
736.6079 	EXP 	probe: autoDraw = True
736.6239 	EXP 	fixation: autoDraw = False
737.3376 	EXP 	Device response: <KeyPress from None: t=737.3333910000001, value=z, duration=None>
737.3380 	EXP 	New trial (rep=20, index=84): <Trial 84 (84 in rep 20) data={'pos': -150, 'corr_resp': 'z', 'thisN': 84, 'thisTrialN': 84, 'thisRepN': 20}>
737.3392 	DATA 	Keypress: z
737.3542 	EXP 	fixation: autoDraw = False
737.3542 	EXP 	line1: autoDraw = False
737.3542 	EXP 	line2: autoDraw = False
737.3542 	EXP 	line3: autoDraw = False
737.3542 	EXP 	line4: autoDraw = False
737.3542 	EXP 	probe: autoDraw = False
737.5575 	EXP 	Device response: <KeyPress from None: t=737.3333910000001, value=z, duration=0.22285310000006575>
738.3396 	EXP 	fixation: autoDraw = True
738.3396 	EXP 	line1: autoDraw = True
738.3396 	EXP 	line2: autoDraw = True
738.3396 	EXP 	line3: autoDraw = True
738.3396 	EXP 	line4: autoDraw = True
738.4402 	EXP 	Device response: <KeyPress from None: t=738.4337731000014, value=c, duration=None>
738.4426 	DATA 	Keypress: c
738.7375 	EXP 	Device response: <KeyPress from None: t=738.4337731000014, value=c, duration=0.2883975999975519>
739.3374 	INFO 	Keyboard events cleared
739.3372 	EXP 	probe: autoDraw = True
739.3537 	EXP 	fixation: autoDraw = False
740.0208 	EXP 	Device response: <KeyPress from None: t=740.0198775999997, value=z, duration=None>
740.0212 	EXP 	New trial (rep=21, index=85): <Trial 85 (85 in rep 21) data={'pos': -50, 'corr_resp': 'x', 'thisN': 85, 'thisTrialN': 85, 'thisRepN': 21}>
740.0224 	DATA 	Keypress: z
740.0370 	EXP 	fixation: autoDraw = False
740.0370 	EXP 	line1: autoDraw = False
740.0370 	EXP 	line2: autoDraw = False
740.0370 	EXP 	line3: autoDraw = False
740.0370 	EXP 	line4: autoDraw = False
740.0370 	EXP 	probe: autoDraw = False
740.2211 	EXP 	Device response: <KeyPress from None: t=740.0198775999997, value=z, duration=0.2006811999999627>
741.0200 	EXP 	fixation: autoDraw = True
741.0200 	EXP 	line1: autoDraw = True
741.0200 	EXP 	line2: autoDraw = True
741.0200 	EXP 	line3: autoDraw = True
741.0200 	EXP 	line4: autoDraw = True
742.0201 	INFO 	Keyboard events cleared
742.0199 	EXP 	fixation: autoDraw = False
742.0199 	EXP 	probe: autoDraw = True
742.5199 	EXP 	Device response: <KeyPress from None: t=742.5104243999995, value=x, duration=None>
742.5203 	EXP 	New trial (rep=18, index=86): <Trial 86 (86 in rep 18) data={'pos': 50, 'corr_resp': 'c', 'thisN': 86, 'thisTrialN': 86, 'thisRepN': 18}>
742.5216 	DATA 	Keypress: x
742.5374 	EXP 	fixation: autoDraw = False
742.5374 	EXP 	line1: autoDraw = False
742.5374 	EXP 	line2: autoDraw = False
742.5374 	EXP 	line3: autoDraw = False
742.5374 	EXP 	line4: autoDraw = False
742.5374 	EXP 	probe: autoDraw = False
742.7181 	EXP 	Device response: <KeyPress from None: t=742.5104243999995, value=x, duration=0.19474130000162404>
743.5198 	EXP 	fixation: autoDraw = True
743.5198 	EXP 	line1: autoDraw = True
743.5198 	EXP 	line2: autoDraw = True
743.5198 	EXP 	line3: autoDraw = True
743.5198 	EXP 	line4: autoDraw = True
744.5218 	INFO 	Keyboard events cleared
744.5215 	EXP 	fixation: autoDraw = False
744.5215 	EXP 	probe: autoDraw = True
745.2371 	EXP 	Device response: <KeyPress from None: t=745.2310806999994, value=c, duration=None>
745.2375 	EXP 	New trial (rep=22, index=87): <Trial 87 (87 in rep 22) data={'pos': -50, 'corr_resp': 'x', 'thisN': 87, 'thisTrialN': 87, 'thisRepN': 22}>
745.2389 	DATA 	Keypress: c
745.2531 	EXP 	fixation: autoDraw = False
745.2531 	EXP 	line1: autoDraw = False
745.2531 	EXP 	line2: autoDraw = False
745.2531 	EXP 	line3: autoDraw = False
745.2531 	EXP 	line4: autoDraw = False
745.2531 	EXP 	probe: autoDraw = False
745.4539 	EXP 	Device response: <KeyPress from None: t=745.2310806999994, value=c, duration=0.21725720000176807>
746.2369 	EXP 	fixation: autoDraw = True
746.2369 	EXP 	line1: autoDraw = True
746.2369 	EXP 	line2: autoDraw = True
746.2369 	EXP 	line3: autoDraw = True
746.2369 	EXP 	line4: autoDraw = True
747.2524 	INFO 	Keyboard events cleared
747.2522 	EXP 	fixation: autoDraw = False
747.2522 	EXP 	probe: autoDraw = True
747.8701 	EXP 	Device response: <KeyPress from None: t=747.8648541000002, value=x, duration=None>
747.8705 	EXP 	New trial (rep=19, index=88): <Trial 88 (88 in rep 19) data={'pos': 50, 'corr_resp': 'c', 'thisN': 88, 'thisTrialN': 88, 'thisRepN': 19}>
747.8717 	DATA 	Keypress: x
747.8863 	EXP 	fixation: autoDraw = False
747.8863 	EXP 	line1: autoDraw = False
747.8863 	EXP 	line2: autoDraw = False
747.8863 	EXP 	line3: autoDraw = False
747.8863 	EXP 	line4: autoDraw = False
747.8863 	EXP 	probe: autoDraw = False
748.0696 	EXP 	Device response: <KeyPress from None: t=747.8648541000002, value=x, duration=0.19938679999904707>
748.8704 	EXP 	fixation: autoDraw = True
748.8704 	EXP 	line1: autoDraw = True
748.8704 	EXP 	line2: autoDraw = True
748.8704 	EXP 	line3: autoDraw = True
748.8704 	EXP 	line4: autoDraw = True
749.8702 	INFO 	Keyboard events cleared
749.8700 	EXP 	fixation: autoDraw = False
749.8700 	EXP 	probe: autoDraw = True
750.4513 	EXP 	Device response: <KeyPress from None: t=750.4426650999994, value=c, duration=None>
750.4517 	EXP 	New trial (rep=20, index=89): <Trial 89 (89 in rep 20) data={'pos': 50, 'corr_resp': 'c', 'thisN': 89, 'thisTrialN': 89, 'thisRepN': 20}>
750.4528 	DATA 	Keypress: c
750.4677 	EXP 	fixation: autoDraw = False
750.4677 	EXP 	line1: autoDraw = False
750.4677 	EXP 	line2: autoDraw = False
750.4677 	EXP 	line3: autoDraw = False
750.4677 	EXP 	line4: autoDraw = False
750.4677 	EXP 	probe: autoDraw = False
751.0267 	EXP 	Device response: <KeyPress from None: t=750.4426650999994, value=c, duration=0.579428299999563>
751.4524 	EXP 	fixation: autoDraw = True
751.4524 	EXP 	line1: autoDraw = True
751.4524 	EXP 	line2: autoDraw = True
751.4524 	EXP 	line3: autoDraw = True
751.4524 	EXP 	line4: autoDraw = True
752.4574 	INFO 	Keyboard events cleared
752.4570 	EXP 	fixation: autoDraw = False
752.4570 	EXP 	probe: autoDraw = True
753.5704 	EXP 	Device response: <KeyPress from None: t=753.5594794999997, value=c, duration=None>
753.5709 	EXP 	New trial (rep=21, index=90): <Trial 90 (90 in rep 21) data={'pos': -150, 'corr_resp': 'z', 'thisN': 90, 'thisTrialN': 90, 'thisRepN': 21}>
753.5721 	DATA 	Keypress: c
753.5876 	EXP 	fixation: autoDraw = False
753.5876 	EXP 	line1: autoDraw = False
753.5876 	EXP 	line2: autoDraw = False
753.5876 	EXP 	line3: autoDraw = False
753.5876 	EXP 	line4: autoDraw = False
753.5876 	EXP 	probe: autoDraw = False
753.7211 	EXP 	Device response: <KeyPress from None: t=753.5594794999997, value=c, duration=0.14832720000049449>
754.5714 	EXP 	fixation: autoDraw = True
754.5714 	EXP 	line1: autoDraw = True
754.5714 	EXP 	line2: autoDraw = True
754.5714 	EXP 	line3: autoDraw = True
754.5714 	EXP 	line4: autoDraw = True
755.5705 	INFO 	Keyboard events cleared
755.5703 	EXP 	probe: autoDraw = True
755.5870 	EXP 	fixation: autoDraw = False
756.3705 	EXP 	Device response: <KeyPress from None: t=756.3565901000002, value=z, duration=None>
756.3709 	EXP 	New trial (rep=22, index=91): <Trial 91 (91 in rep 22) data={'pos': -150, 'corr_resp': 'z', 'thisN': 91, 'thisTrialN': 91, 'thisRepN': 22}>
756.3722 	DATA 	Keypress: z
756.3865 	EXP 	fixation: autoDraw = False
756.3865 	EXP 	line1: autoDraw = False
756.3865 	EXP 	line2: autoDraw = False
756.3865 	EXP 	line3: autoDraw = False
756.3865 	EXP 	line4: autoDraw = False
756.3865 	EXP 	probe: autoDraw = False
756.5700 	EXP 	Device response: <KeyPress from None: t=756.3565901000002, value=z, duration=0.20175920000110636>
757.3871 	EXP 	fixation: autoDraw = True
757.3871 	EXP 	line1: autoDraw = True
757.3871 	EXP 	line2: autoDraw = True
757.3871 	EXP 	line3: autoDraw = True
757.3871 	EXP 	line4: autoDraw = True
758.3693 	INFO 	Keyboard events cleared
758.3691 	EXP 	probe: autoDraw = True
758.4028 	EXP 	fixation: autoDraw = False
759.3205 	EXP 	Device response: <KeyPress from None: t=759.3195287000017, value=z, duration=None>
759.3209 	EXP 	New trial (rep=23, index=92): <Trial 92 (92 in rep 23) data={'pos': -150, 'corr_resp': 'z', 'thisN': 92, 'thisTrialN': 92, 'thisRepN': 23}>
759.3222 	DATA 	Keypress: z
759.3370 	EXP 	fixation: autoDraw = False
759.3370 	EXP 	line1: autoDraw = False
759.3370 	EXP 	line2: autoDraw = False
759.3370 	EXP 	line3: autoDraw = False
759.3370 	EXP 	line4: autoDraw = False
759.3370 	EXP 	probe: autoDraw = False
759.5202 	EXP 	Device response: <KeyPress from None: t=759.3195287000017, value=z, duration=0.18618609999975888>
760.3369 	EXP 	fixation: autoDraw = True
760.3369 	EXP 	line1: autoDraw = True
760.3369 	EXP 	line2: autoDraw = True
760.3369 	EXP 	line3: autoDraw = True
760.3369 	EXP 	line4: autoDraw = True
761.3200 	INFO 	Keyboard events cleared
761.3198 	EXP 	probe: autoDraw = True
761.3373 	EXP 	fixation: autoDraw = False
761.7708 	EXP 	Device response: <KeyPress from None: t=761.7681617999988, value=z, duration=None>
761.7712 	EXP 	New trial (rep=21, index=93): <Trial 93 (93 in rep 21) data={'pos': 50, 'corr_resp': 'c', 'thisN': 93, 'thisTrialN': 93, 'thisRepN': 21}>
761.7725 	DATA 	Keypress: z
761.7872 	EXP 	fixation: autoDraw = False
761.7872 	EXP 	line1: autoDraw = False
761.7872 	EXP 	line2: autoDraw = False
761.7872 	EXP 	line3: autoDraw = False
761.7872 	EXP 	line4: autoDraw = False
761.7872 	EXP 	probe: autoDraw = False
761.9871 	EXP 	Device response: <KeyPress from None: t=761.7681617999988, value=z, duration=0.2042189000021608>
762.7867 	EXP 	fixation: autoDraw = True
762.7867 	EXP 	line1: autoDraw = True
762.7867 	EXP 	line2: autoDraw = True
762.7867 	EXP 	line3: autoDraw = True
762.7867 	EXP 	line4: autoDraw = True
763.7738 	INFO 	Keyboard events cleared
763.7735 	EXP 	probe: autoDraw = True
763.7900 	EXP 	fixation: autoDraw = False
764.5140 	DATA 	Keypress: c
764.5378 	EXP 	Device response: <KeyPress from None: t=764.5091619000013, value=c, duration=None>
764.5387 	EXP 	New trial (rep=24, index=94): <Trial 94 (94 in rep 24) data={'pos': -150, 'corr_resp': 'z', 'thisN': 94, 'thisTrialN': 94, 'thisRepN': 24}>
764.5571 	EXP 	fixation: autoDraw = False
764.5571 	EXP 	line1: autoDraw = False
764.5571 	EXP 	line2: autoDraw = False
764.5571 	EXP 	line3: autoDraw = False
764.5571 	EXP 	line4: autoDraw = False
764.5571 	EXP 	probe: autoDraw = False
764.6917 	EXP 	Device response: <KeyPress from None: t=764.5091619000013, value=c, duration=0.17643419999876642>
765.5508 	EXP 	fixation: autoDraw = True
765.5508 	EXP 	line1: autoDraw = True
765.5508 	EXP 	line2: autoDraw = True
765.5508 	EXP 	line3: autoDraw = True
765.5508 	EXP 	line4: autoDraw = True
766.5506 	INFO 	Keyboard events cleared
766.5504 	EXP 	fixation: autoDraw = False
766.5504 	EXP 	probe: autoDraw = True
767.2059 	EXP 	Device response: <KeyPress from None: t=767.1950829999987, value=z, duration=None>
767.2065 	EXP 	New trial (rep=25, index=95): <Trial 95 (95 in rep 25) data={'pos': -150, 'corr_resp': 'z', 'thisN': 95, 'thisTrialN': 95, 'thisRepN': 25}>
767.2086 	DATA 	Keypress: z
767.2228 	EXP 	fixation: autoDraw = False
767.2228 	EXP 	line1: autoDraw = False
767.2228 	EXP 	line2: autoDraw = False
767.2228 	EXP 	line3: autoDraw = False
767.2228 	EXP 	line4: autoDraw = False
767.2228 	EXP 	probe: autoDraw = False
767.4075 	EXP 	Device response: <KeyPress from None: t=767.1950829999987, value=z, duration=0.20776000000114436>
768.2191 	EXP 	fixation: autoDraw = True
768.2191 	EXP 	line1: autoDraw = True
768.2191 	EXP 	line2: autoDraw = True
768.2191 	EXP 	line3: autoDraw = True
768.2191 	EXP 	line4: autoDraw = True
769.2069 	INFO 	Keyboard events cleared
769.2067 	EXP 	probe: autoDraw = True
769.2240 	EXP 	fixation: autoDraw = False
769.9546 	EXP 	Device response: <KeyPress from None: t=769.9529843000018, value=z, duration=None>
769.9550 	EXP 	New trial (rep=22, index=96): <Trial 96 (96 in rep 22) data={'pos': 50, 'corr_resp': 'c', 'thisN': 96, 'thisTrialN': 96, 'thisRepN': 22}>
769.9562 	DATA 	Keypress: z
769.9695 	EXP 	fixation: autoDraw = False
769.9695 	EXP 	line1: autoDraw = False
769.9695 	EXP 	line2: autoDraw = False
769.9695 	EXP 	line3: autoDraw = False
769.9695 	EXP 	line4: autoDraw = False
769.9695 	EXP 	probe: autoDraw = False
770.1706 	EXP 	Device response: <KeyPress from None: t=769.9529843000018, value=z, duration=0.21031849999781116>
770.9569 	EXP 	fixation: autoDraw = True
770.9569 	EXP 	line1: autoDraw = True
770.9569 	EXP 	line2: autoDraw = True
770.9569 	EXP 	line3: autoDraw = True
770.9569 	EXP 	line4: autoDraw = True
771.9699 	INFO 	Keyboard events cleared
771.9697 	EXP 	fixation: autoDraw = False
771.9697 	EXP 	probe: autoDraw = True
772.5545 	EXP 	Device response: <KeyPress from None: t=772.5504226000012, value=c, duration=None>
772.5549 	EXP 	New trial (rep=26, index=97): <Trial 97 (97 in rep 26) data={'pos': -150, 'corr_resp': 'z', 'thisN': 97, 'thisTrialN': 97, 'thisRepN': 26}>
772.5561 	DATA 	Keypress: c
772.5694 	EXP 	fixation: autoDraw = False
772.5694 	EXP 	line1: autoDraw = False
772.5694 	EXP 	line2: autoDraw = False
772.5694 	EXP 	line3: autoDraw = False
772.5694 	EXP 	line4: autoDraw = False
772.5694 	EXP 	probe: autoDraw = False
772.7550 	EXP 	Device response: <KeyPress from None: t=772.5504226000012, value=c, duration=0.20240410000042175>
773.5564 	EXP 	fixation: autoDraw = True
773.5564 	EXP 	line1: autoDraw = True
773.5564 	EXP 	line2: autoDraw = True
773.5564 	EXP 	line3: autoDraw = True
773.5564 	EXP 	line4: autoDraw = True
774.5567 	INFO 	Keyboard events cleared
774.5564 	EXP 	fixation: autoDraw = False
774.5564 	EXP 	probe: autoDraw = True
774.9749 	EXP 	Device response: <KeyPress from None: t=774.9744165000011, value=z, duration=None>
774.9755 	EXP 	New trial (rep=25, index=98): <Trial 98 (98 in rep 25) data={'pos': 150, 'corr_resp': 'v', 'thisN': 98, 'thisTrialN': 98, 'thisRepN': 25}>
774.9786 	DATA 	Keypress: z
775.0013 	EXP 	fixation: autoDraw = False
775.0013 	EXP 	line1: autoDraw = False
775.0013 	EXP 	line2: autoDraw = False
775.0013 	EXP 	line3: autoDraw = False
775.0013 	EXP 	line4: autoDraw = False
775.0013 	EXP 	probe: autoDraw = False
775.1414 	EXP 	Device response: <KeyPress from None: t=774.9744165000011, value=z, duration=0.16643769999791402>
775.9868 	EXP 	fixation: autoDraw = True
775.9868 	EXP 	line1: autoDraw = True
775.9868 	EXP 	line2: autoDraw = True
775.9868 	EXP 	line3: autoDraw = True
775.9868 	EXP 	line4: autoDraw = True
776.6126 	DATA 	Mouse: Left button down, pos=(830,514)
776.8380 	DATA 	Mouse:  Left button up, pos=(830,514)
776.9863 	INFO 	Keyboard events cleared
776.9861 	EXP 	fixation: autoDraw = False
776.9861 	EXP 	probe: autoDraw = True
777.4549 	DATA 	Mouse: Left button down, pos=(830,514)
777.6757 	DATA 	Mouse:  Left button up, pos=(830,514)
777.7041 	EXP 	Device response: <KeyPress from None: t=777.7013536000013, value=v, duration=None>
777.7046 	EXP 	New trial (rep=27, index=99): <Trial 99 (99 in rep 27) data={'pos': -150, 'corr_resp': 'z', 'thisN': 99, 'thisTrialN': 99, 'thisRepN': 27}>
777.7065 	DATA 	Keypress: v
777.7196 	EXP 	fixation: autoDraw = False
777.7196 	EXP 	line1: autoDraw = False
777.7196 	EXP 	line2: autoDraw = False
777.7196 	EXP 	line3: autoDraw = False
777.7196 	EXP 	line4: autoDraw = False
777.7196 	EXP 	probe: autoDraw = False
777.8870 	EXP 	Device response: <KeyPress from None: t=777.7013536000013, value=v, duration=0.1704792999989877>
778.7031 	EXP 	fixation: autoDraw = True
778.7031 	EXP 	line1: autoDraw = True
778.7031 	EXP 	line2: autoDraw = True
778.7031 	EXP 	line3: autoDraw = True
778.7031 	EXP 	line4: autoDraw = True
779.7079 	INFO 	Keyboard events cleared
779.7074 	EXP 	fixation: autoDraw = False
779.7074 	EXP 	probe: autoDraw = True
780.1872 	EXP 	Device response: <KeyPress from None: t=780.1746386000013, value=z, duration=None>
780.1876 	EXP 	New trial (rep=23, index=100): <Trial 100 (100 in rep 23) data={'pos': -50, 'corr_resp': 'x', 'thisN': 100, 'thisTrialN': 100, 'thisRepN': 23}>
780.1890 	DATA 	Keypress: z
780.2032 	EXP 	fixation: autoDraw = False
780.2032 	EXP 	line1: autoDraw = False
780.2032 	EXP 	line2: autoDraw = False
780.2032 	EXP 	line3: autoDraw = False
780.2032 	EXP 	line4: autoDraw = False
780.2032 	EXP 	probe: autoDraw = False
780.3843 	EXP 	Device response: <KeyPress from None: t=780.1746386000013, value=z, duration=0.20171900000059395>
781.1864 	EXP 	fixation: autoDraw = True
781.1864 	EXP 	line1: autoDraw = True
781.1864 	EXP 	line2: autoDraw = True
781.1864 	EXP 	line3: autoDraw = True
781.1864 	EXP 	line4: autoDraw = True
782.1863 	EXP 	fixation: autoDraw = False
782.2038 	INFO 	Keyboard events cleared
782.2036 	EXP 	probe: autoDraw = True
782.6039 	EXP 	Device response: <KeyPress from None: t=782.5957359999993, value=x, duration=None>
782.6043 	EXP 	New trial (rep=23, index=101): <Trial 101 (101 in rep 23) data={'pos': 50, 'corr_resp': 'c', 'thisN': 101, 'thisTrialN': 101, 'thisRepN': 23}>
782.6056 	DATA 	Keypress: x
782.6203 	EXP 	fixation: autoDraw = False
782.6203 	EXP 	line1: autoDraw = False
782.6203 	EXP 	line2: autoDraw = False
782.6203 	EXP 	line3: autoDraw = False
782.6203 	EXP 	line4: autoDraw = False
782.6203 	EXP 	probe: autoDraw = False
782.7881 	EXP 	Device response: <KeyPress from None: t=782.5957359999993, value=x, duration=0.1879268000011507>
783.6208 	EXP 	fixation: autoDraw = True
783.6208 	EXP 	line1: autoDraw = True
783.6208 	EXP 	line2: autoDraw = True
783.6208 	EXP 	line3: autoDraw = True
783.6208 	EXP 	line4: autoDraw = True
784.6224 	INFO 	Keyboard events cleared
784.6221 	EXP 	fixation: autoDraw = False
784.6221 	EXP 	probe: autoDraw = True
784.9210 	DATA 	Mouse: Left button down, pos=(830,514)
785.1579 	DATA 	Mouse:  Left button up, pos=(830,514)
785.2234 	DATA 	Mouse: Left button down, pos=(830,514)
785.2858 	EXP 	Device response: <KeyPress from None: t=785.2784546000003, value=c, duration=None>
785.2861 	EXP 	New trial (rep=24, index=102): <Trial 102 (102 in rep 24) data={'pos': 50, 'corr_resp': 'c', 'thisN': 102, 'thisTrialN': 102, 'thisRepN': 24}>
785.2871 	DATA 	Keypress: c
785.3032 	EXP 	fixation: autoDraw = False
785.3032 	EXP 	line1: autoDraw = False
785.3032 	EXP 	line2: autoDraw = False
785.3032 	EXP 	line3: autoDraw = False
785.3032 	EXP 	line4: autoDraw = False
785.3032 	EXP 	probe: autoDraw = False
785.3919 	DATA 	Mouse:  Left button up, pos=(830,514)
785.5379 	EXP 	Device response: <KeyPress from None: t=785.2784546000003, value=c, duration=0.2565724999985832>
785.5703 	EXP 	Device response: <KeyPress from None: t=785.5694807, value=c, duration=None>
785.5711 	DATA 	Keypress: c
785.6213 	EXP 	Device response: <KeyPress from None: t=785.5694807, value=c, duration=0.03893180000159191>
786.2868 	EXP 	fixation: autoDraw = True
786.2868 	EXP 	line1: autoDraw = True
786.2868 	EXP 	line2: autoDraw = True
786.2868 	EXP 	line3: autoDraw = True
786.2868 	EXP 	line4: autoDraw = True
787.2856 	INFO 	Keyboard events cleared
787.2853 	EXP 	fixation: autoDraw = False
787.2853 	EXP 	probe: autoDraw = True
788.0534 	EXP 	Device response: <KeyPress from None: t=788.0479274999998, value=c, duration=None>
788.0538 	EXP 	New trial (rep=25, index=103): <Trial 103 (103 in rep 25) data={'pos': 50, 'corr_resp': 'c', 'thisN': 103, 'thisTrialN': 103, 'thisRepN': 25}>
788.0554 	DATA 	Keypress: c
788.0686 	EXP 	fixation: autoDraw = False
788.0686 	EXP 	line1: autoDraw = False
788.0686 	EXP 	line2: autoDraw = False
788.0686 	EXP 	line3: autoDraw = False
788.0686 	EXP 	line4: autoDraw = False
788.0686 	EXP 	probe: autoDraw = False
788.2547 	EXP 	Device response: <KeyPress from None: t=788.0479274999998, value=c, duration=0.195088600001327>
789.0678 	EXP 	fixation: autoDraw = True
789.0678 	EXP 	line1: autoDraw = True
789.0678 	EXP 	line2: autoDraw = True
789.0678 	EXP 	line3: autoDraw = True
789.0678 	EXP 	line4: autoDraw = True
790.0531 	INFO 	Keyboard events cleared
790.0530 	EXP 	probe: autoDraw = True
790.0696 	EXP 	fixation: autoDraw = False
790.4706 	EXP 	Device response: <KeyPress from None: t=790.4654980999985, value=c, duration=None>
790.4710 	EXP 	New trial (rep=26, index=104): <Trial 104 (104 in rep 26) data={'pos': 150, 'corr_resp': 'v', 'thisN': 104, 'thisTrialN': 104, 'thisRepN': 26}>
790.4722 	DATA 	Keypress: c
790.4865 	EXP 	fixation: autoDraw = False
790.4865 	EXP 	line1: autoDraw = False
790.4865 	EXP 	line2: autoDraw = False
790.4865 	EXP 	line3: autoDraw = False
790.4865 	EXP 	line4: autoDraw = False
790.4865 	EXP 	probe: autoDraw = False
790.7080 	EXP 	Device response: <KeyPress from None: t=790.4654980999985, value=c, duration=0.2358514000006835>
791.4717 	EXP 	fixation: autoDraw = True
791.4717 	EXP 	line1: autoDraw = True
791.4717 	EXP 	line2: autoDraw = True
791.4717 	EXP 	line3: autoDraw = True
791.4717 	EXP 	line4: autoDraw = True
792.4725 	INFO 	Keyboard events cleared
792.4722 	EXP 	fixation: autoDraw = False
792.4722 	EXP 	probe: autoDraw = True
793.1014 	EXP 	Device response: <KeyPress from None: t=793.0883469, value=v, duration=None>
793.1017 	EXP 	New trial (rep=27, index=105): <Trial 105 (105 in rep 27) data={'pos': 150, 'corr_resp': 'v', 'thisN': 105, 'thisTrialN': 105, 'thisRepN': 27}>
793.1028 	DATA 	Keypress: v
793.1174 	EXP 	fixation: autoDraw = False
793.1174 	EXP 	line1: autoDraw = False
793.1174 	EXP 	line2: autoDraw = False
793.1174 	EXP 	line3: autoDraw = False
793.1174 	EXP 	line4: autoDraw = False
793.1174 	EXP 	probe: autoDraw = False
793.2543 	EXP 	Device response: <KeyPress from None: t=793.0883469, value=v, duration=0.1629930000017339>
794.1208 	EXP 	fixation: autoDraw = True
794.1208 	EXP 	line1: autoDraw = True
794.1208 	EXP 	line2: autoDraw = True
794.1208 	EXP 	line3: autoDraw = True
794.1208 	EXP 	line4: autoDraw = True
795.1033 	INFO 	Keyboard events cleared
795.1031 	EXP 	probe: autoDraw = True
795.1360 	EXP 	fixation: autoDraw = False
798.5694 	EXP 	Device response: <KeyPress from None: t=798.562024400002, value=v, duration=None>
798.5697 	EXP 	New trial (rep=26, index=106): <Trial 106 (106 in rep 26) data={'pos': 50, 'corr_resp': 'c', 'thisN': 106, 'thisTrialN': 106, 'thisRepN': 26}>
798.5706 	DATA 	Keypress: v
798.5860 	EXP 	fixation: autoDraw = False
798.5860 	EXP 	line1: autoDraw = False
798.5860 	EXP 	line2: autoDraw = False
798.5860 	EXP 	line3: autoDraw = False
798.5860 	EXP 	line4: autoDraw = False
798.5860 	EXP 	probe: autoDraw = False
798.7369 	EXP 	Device response: <KeyPress from None: t=798.562024400002, value=v, duration=0.1692589999984193>
799.5719 	EXP 	fixation: autoDraw = True
799.5719 	EXP 	line1: autoDraw = True
799.5719 	EXP 	line2: autoDraw = True
799.5719 	EXP 	line3: autoDraw = True
799.5719 	EXP 	line4: autoDraw = True
800.5101 	DATA 	Mouse: Left button down, pos=(830,514)
800.5719 	INFO 	Keyboard events cleared
800.5717 	EXP 	fixation: autoDraw = False
800.5717 	EXP 	probe: autoDraw = True
800.6301 	DATA 	Mouse:  Left button up, pos=(830,514)
800.6921 	DATA 	Mouse: Left button down, pos=(830,514)
800.8414 	DATA 	Mouse:  Left button up, pos=(830,514)
801.2369 	EXP 	Device response: <KeyPress from None: t=801.2360666999994, value=c, duration=None>
801.2373 	EXP 	New trial (rep=28, index=107): <Trial 107 (107 in rep 28) data={'pos': 150, 'corr_resp': 'v', 'thisN': 107, 'thisTrialN': 107, 'thisRepN': 28}>
801.2386 	DATA 	Keypress: c
801.2530 	EXP 	fixation: autoDraw = False
801.2530 	EXP 	line1: autoDraw = False
801.2530 	EXP 	line2: autoDraw = False
801.2530 	EXP 	line3: autoDraw = False
801.2530 	EXP 	line4: autoDraw = False
801.2530 	EXP 	probe: autoDraw = False
801.4251 	EXP 	Device response: <KeyPress from None: t=801.2360666999994, value=c, duration=0.18368420000115293>
802.2368 	EXP 	fixation: autoDraw = True
802.2368 	EXP 	line1: autoDraw = True
802.2368 	EXP 	line2: autoDraw = True
802.2368 	EXP 	line3: autoDraw = True
802.2368 	EXP 	line4: autoDraw = True
803.2411 	INFO 	Keyboard events cleared
803.2408 	EXP 	fixation: autoDraw = False
803.2408 	EXP 	probe: autoDraw = True
804.4541 	EXP 	Device response: <KeyPress from None: t=804.4421882999995, value=v, duration=None>
804.4545 	EXP 	New trial (rep=28, index=108): <Trial 108 (108 in rep 28) data={'pos': -150, 'corr_resp': 'z', 'thisN': 108, 'thisTrialN': 108, 'thisRepN': 28}>
804.4559 	DATA 	Keypress: v
804.4689 	EXP 	fixation: autoDraw = False
804.4689 	EXP 	line1: autoDraw = False
804.4689 	EXP 	line2: autoDraw = False
804.4689 	EXP 	line3: autoDraw = False
804.4689 	EXP 	line4: autoDraw = False
804.4689 	EXP 	probe: autoDraw = False
804.6209 	EXP 	Device response: <KeyPress from None: t=804.4421882999995, value=v, duration=0.16568580000239308>
805.4695 	EXP 	fixation: autoDraw = True
805.4695 	EXP 	line1: autoDraw = True
805.4695 	EXP 	line2: autoDraw = True
805.4695 	EXP 	line3: autoDraw = True
805.4695 	EXP 	line4: autoDraw = True
806.4700 	INFO 	Keyboard events cleared
806.4698 	EXP 	fixation: autoDraw = False
806.4698 	EXP 	probe: autoDraw = True
806.6410 	DATA 	Mouse: Left button down, pos=(830,510)
806.8577 	DATA 	Mouse:  Left button up, pos=(830,510)
807.4051 	DATA 	Mouse: Left button down, pos=(830,510)
807.6222 	DATA 	Mouse:  Left button up, pos=(830,510)
807.6521 	EXP 	Device response: <KeyPress from None: t=807.6494597000019, value=z, duration=None>
807.6526 	EXP 	New trial (rep=27, index=109): <Trial 109 (109 in rep 27) data={'pos': 50, 'corr_resp': 'c', 'thisN': 109, 'thisTrialN': 109, 'thisRepN': 27}>
807.6537 	DATA 	Keypress: z
807.6671 	EXP 	fixation: autoDraw = False
807.6671 	EXP 	line1: autoDraw = False
807.6671 	EXP 	line2: autoDraw = False
807.6671 	EXP 	line3: autoDraw = False
807.6671 	EXP 	line4: autoDraw = False
807.6671 	EXP 	probe: autoDraw = False
807.8345 	EXP 	Device response: <KeyPress from None: t=807.6494597000019, value=z, duration=0.179419299998699>
808.6535 	EXP 	fixation: autoDraw = True
808.6535 	EXP 	line1: autoDraw = True
808.6535 	EXP 	line2: autoDraw = True
808.6535 	EXP 	line3: autoDraw = True
808.6535 	EXP 	line4: autoDraw = True
809.6531 	INFO 	Keyboard events cleared
809.6529 	EXP 	fixation: autoDraw = False
809.6529 	EXP 	probe: autoDraw = True
810.4203 	EXP 	Device response: <KeyPress from None: t=810.4192604000018, value=c, duration=None>
810.4207 	EXP 	New trial (rep=29, index=110): <Trial 110 (110 in rep 29) data={'pos': 150, 'corr_resp': 'v', 'thisN': 110, 'thisTrialN': 110, 'thisRepN': 29}>
810.4219 	DATA 	Keypress: c
810.4355 	EXP 	fixation: autoDraw = False
810.4355 	EXP 	line1: autoDraw = False
810.4355 	EXP 	line2: autoDraw = False
810.4355 	EXP 	line3: autoDraw = False
810.4355 	EXP 	line4: autoDraw = False
810.4355 	EXP 	probe: autoDraw = False
810.6032 	EXP 	Device response: <KeyPress from None: t=810.4192604000018, value=c, duration=0.1715604999990319>
811.4360 	EXP 	fixation: autoDraw = True
811.4360 	EXP 	line1: autoDraw = True
811.4360 	EXP 	line2: autoDraw = True
811.4360 	EXP 	line3: autoDraw = True
811.4360 	EXP 	line4: autoDraw = True
811.8222 	DATA 	Mouse: Left button down, pos=(830,510)
812.0585 	DATA 	Mouse:  Left button up, pos=(830,510)
812.4362 	INFO 	Keyboard events cleared
812.4361 	EXP 	fixation: autoDraw = False
812.4361 	EXP 	probe: autoDraw = True
812.7079 	DATA 	Mouse: Left button down, pos=(830,510)
812.9255 	DATA 	Mouse:  Left button up, pos=(830,510)
812.9691 	EXP 	Device response: <KeyPress from None: t=812.9653180999994, value=v, duration=None>
812.9694 	EXP 	New trial (rep=30, index=111): <Trial 111 (111 in rep 30) data={'pos': 150, 'corr_resp': 'v', 'thisN': 111, 'thisTrialN': 111, 'thisRepN': 30}>
812.9702 	DATA 	Keypress: v
812.9857 	EXP 	fixation: autoDraw = False
812.9857 	EXP 	line1: autoDraw = False
812.9857 	EXP 	line2: autoDraw = False
812.9857 	EXP 	line3: autoDraw = False
812.9857 	EXP 	line4: autoDraw = False
812.9857 	EXP 	probe: autoDraw = False
813.1374 	EXP 	Device response: <KeyPress from None: t=812.9653180999994, value=v, duration=0.16411879999941448>
813.9710 	EXP 	fixation: autoDraw = True
813.9710 	EXP 	line1: autoDraw = True
813.9710 	EXP 	line2: autoDraw = True
813.9710 	EXP 	line3: autoDraw = True
813.9710 	EXP 	line4: autoDraw = True
814.9736 	INFO 	Keyboard events cleared
814.9733 	EXP 	fixation: autoDraw = False
814.9733 	EXP 	probe: autoDraw = True
815.7199 	EXP 	Device response: <KeyPress from None: t=815.7110630999996, value=v, duration=None>
815.7203 	EXP 	New trial (rep=28, index=112): <Trial 112 (112 in rep 28) data={'pos': 50, 'corr_resp': 'c', 'thisN': 112, 'thisTrialN': 112, 'thisRepN': 28}>
815.7215 	DATA 	Keypress: v
815.7357 	EXP 	fixation: autoDraw = False
815.7357 	EXP 	line1: autoDraw = False
815.7357 	EXP 	line2: autoDraw = False
815.7357 	EXP 	line3: autoDraw = False
815.7357 	EXP 	line4: autoDraw = False
815.7357 	EXP 	probe: autoDraw = False
815.8905 	EXP 	Device response: <KeyPress from None: t=815.7110630999996, value=v, duration=0.17042439999931958>
816.7227 	EXP 	fixation: autoDraw = True
816.7227 	EXP 	line1: autoDraw = True
816.7227 	EXP 	line2: autoDraw = True
816.7227 	EXP 	line3: autoDraw = True
816.7227 	EXP 	line4: autoDraw = True
817.7216 	INFO 	Keyboard events cleared
817.7214 	EXP 	probe: autoDraw = True
817.7379 	EXP 	fixation: autoDraw = False
818.2527 	EXP 	Device response: <KeyPress from None: t=818.2424653999988, value=c, duration=None>
818.2531 	EXP 	New trial (rep=24, index=113): <Trial 113 (113 in rep 24) data={'pos': -50, 'corr_resp': 'x', 'thisN': 113, 'thisTrialN': 113, 'thisRepN': 24}>
818.2544 	DATA 	Keypress: c
818.2693 	EXP 	fixation: autoDraw = False
818.2693 	EXP 	line1: autoDraw = False
818.2693 	EXP 	line2: autoDraw = False
818.2693 	EXP 	line3: autoDraw = False
818.2693 	EXP 	line4: autoDraw = False
818.2693 	EXP 	probe: autoDraw = False
818.4209 	EXP 	Device response: <KeyPress from None: t=818.2424653999988, value=c, duration=0.17316460000074585>
819.2564 	EXP 	fixation: autoDraw = True
819.2564 	EXP 	line1: autoDraw = True
819.2564 	EXP 	line2: autoDraw = True
819.2564 	EXP 	line3: autoDraw = True
819.2564 	EXP 	line4: autoDraw = True
820.2529 	INFO 	Keyboard events cleared
820.2527 	EXP 	probe: autoDraw = True
820.2688 	EXP 	fixation: autoDraw = False
821.4364 	EXP 	Device response: <KeyPress from None: t=821.4326287000004, value=x, duration=None>
821.4368 	EXP 	New trial (rep=29, index=114): <Trial 114 (114 in rep 29) data={'pos': 50, 'corr_resp': 'c', 'thisN': 114, 'thisTrialN': 114, 'thisRepN': 29}>
821.4382 	DATA 	Keypress: x
821.4526 	EXP 	fixation: autoDraw = False
821.4526 	EXP 	line1: autoDraw = False
821.4526 	EXP 	line2: autoDraw = False
821.4526 	EXP 	line3: autoDraw = False
821.4526 	EXP 	line4: autoDraw = False
821.4526 	EXP 	probe: autoDraw = False
821.6201 	EXP 	Device response: <KeyPress from None: t=821.4326287000004, value=x, duration=0.18299480000132462>
822.4364 	EXP 	fixation: autoDraw = True
822.4364 	EXP 	line1: autoDraw = True
822.4364 	EXP 	line2: autoDraw = True
822.4364 	EXP 	line3: autoDraw = True
822.4364 	EXP 	line4: autoDraw = True
823.4359 	INFO 	Keyboard events cleared
823.4357 	EXP 	fixation: autoDraw = False
823.4357 	EXP 	probe: autoDraw = True
824.6532 	EXP 	Device response: <KeyPress from None: t=824.6490607999986, value=c, duration=None>
824.6536 	EXP 	New trial (rep=29, index=115): <Trial 115 (115 in rep 29) data={'pos': -150, 'corr_resp': 'z', 'thisN': 115, 'thisTrialN': 115, 'thisRepN': 29}>
824.6548 	DATA 	Keypress: c
824.6703 	EXP 	fixation: autoDraw = False
824.6703 	EXP 	line1: autoDraw = False
824.6703 	EXP 	line2: autoDraw = False
824.6703 	EXP 	line3: autoDraw = False
824.6703 	EXP 	line4: autoDraw = False
824.6703 	EXP 	probe: autoDraw = False
824.8196 	EXP 	Device response: <KeyPress from None: t=824.6490607999986, value=c, duration=0.16341040000042995>
825.6528 	EXP 	fixation: autoDraw = True
825.6528 	EXP 	line1: autoDraw = True
825.6528 	EXP 	line2: autoDraw = True
825.6528 	EXP 	line3: autoDraw = True
825.6528 	EXP 	line4: autoDraw = True
826.6523 	EXP 	fixation: autoDraw = False
826.6675 	INFO 	Keyboard events cleared
826.6674 	EXP 	probe: autoDraw = True
827.6375 	EXP 	Device response: <KeyPress from None: t=827.6353259999996, value=z, duration=None>
827.6380 	EXP 	New trial (rep=25, index=116): <Trial 116 (116 in rep 25) data={'pos': -50, 'corr_resp': 'x', 'thisN': 116, 'thisTrialN': 116, 'thisRepN': 25}>
827.6393 	DATA 	Keypress: z
827.6526 	EXP 	fixation: autoDraw = False
827.6526 	EXP 	line1: autoDraw = False
827.6526 	EXP 	line2: autoDraw = False
827.6526 	EXP 	line3: autoDraw = False
827.6526 	EXP 	line4: autoDraw = False
827.6526 	EXP 	probe: autoDraw = False
827.8031 	EXP 	Device response: <KeyPress from None: t=827.6353259999996, value=z, duration=0.1603782999991381>
828.6521 	EXP 	fixation: autoDraw = True
828.6521 	EXP 	line1: autoDraw = True
828.6521 	EXP 	line2: autoDraw = True
828.6521 	EXP 	line3: autoDraw = True
828.6521 	EXP 	line4: autoDraw = True
829.6505 	INFO 	Keyboard events cleared
829.6504 	EXP 	fixation: autoDraw = False
829.6504 	EXP 	probe: autoDraw = True
830.2860 	EXP 	Device response: <KeyPress from None: t=830.2739337999992, value=x, duration=None>
830.2864 	EXP 	New trial (rep=31, index=117): <Trial 117 (117 in rep 31) data={'pos': 150, 'corr_resp': 'v', 'thisN': 117, 'thisTrialN': 117, 'thisRepN': 31}>
830.2877 	DATA 	Keypress: x
830.3021 	EXP 	fixation: autoDraw = False
830.3021 	EXP 	line1: autoDraw = False
830.3021 	EXP 	line2: autoDraw = False
830.3021 	EXP 	line3: autoDraw = False
830.3021 	EXP 	line4: autoDraw = False
830.3021 	EXP 	probe: autoDraw = False
830.4861 	EXP 	Device response: <KeyPress from None: t=830.2739337999992, value=x, duration=0.20692140000028303>
831.2859 	EXP 	fixation: autoDraw = True
831.2859 	EXP 	line1: autoDraw = True
831.2859 	EXP 	line2: autoDraw = True
831.2859 	EXP 	line3: autoDraw = True
831.2859 	EXP 	line4: autoDraw = True
832.2867 	INFO 	Keyboard events cleared
832.2865 	EXP 	fixation: autoDraw = False
832.2865 	EXP 	probe: autoDraw = True
832.8858 	EXP 	Device response: <KeyPress from None: t=832.8808193000004, value=v, duration=None>
832.8863 	EXP 	New trial (rep=32, index=118): <Trial 118 (118 in rep 32) data={'pos': 150, 'corr_resp': 'v', 'thisN': 118, 'thisTrialN': 118, 'thisRepN': 32}>
832.8875 	DATA 	Keypress: v
832.9028 	EXP 	fixation: autoDraw = False
832.9028 	EXP 	line1: autoDraw = False
832.9028 	EXP 	line2: autoDraw = False
832.9028 	EXP 	line3: autoDraw = False
832.9028 	EXP 	line4: autoDraw = False
832.9028 	EXP 	probe: autoDraw = False
833.0700 	EXP 	Device response: <KeyPress from None: t=832.8808193000004, value=v, duration=0.18669040000168025>
833.8858 	EXP 	fixation: autoDraw = True
833.8858 	EXP 	line1: autoDraw = True
833.8858 	EXP 	line2: autoDraw = True
833.8858 	EXP 	line3: autoDraw = True
833.8858 	EXP 	line4: autoDraw = True
834.9001 	INFO 	Keyboard events cleared
834.8999 	EXP 	fixation: autoDraw = False
834.8999 	EXP 	probe: autoDraw = True
835.5382 	DATA 	Keypress: v
835.5530 	EXP 	Device response: <KeyPress from None: t=835.5368978000006, value=v, duration=None>
835.5534 	EXP 	New trial (rep=30, index=119): <Trial 119 (119 in rep 30) data={'pos': -150, 'corr_resp': 'z', 'thisN': 119, 'thisTrialN': 119, 'thisRepN': 30}>
835.5693 	EXP 	fixation: autoDraw = False
835.5693 	EXP 	line1: autoDraw = False
835.5693 	EXP 	line2: autoDraw = False
835.5693 	EXP 	line3: autoDraw = False
835.5693 	EXP 	line4: autoDraw = False
835.5693 	EXP 	probe: autoDraw = False
835.7190 	EXP 	Device response: <KeyPress from None: t=835.5368978000006, value=v, duration=0.16599029999997583>
836.5529 	EXP 	fixation: autoDraw = True
836.5529 	EXP 	line1: autoDraw = True
836.5529 	EXP 	line2: autoDraw = True
836.5529 	EXP 	line3: autoDraw = True
836.5529 	EXP 	line4: autoDraw = True
837.5571 	EXP 	fixation: autoDraw = False
837.5856 	INFO 	Keyboard events cleared
837.5853 	EXP 	probe: autoDraw = True
838.2359 	EXP 	Device response: <KeyPress from None: t=838.2321196000012, value=z, duration=None>
838.2364 	EXP 	New trial (rep=26, index=120): <Trial 120 (120 in rep 26) data={'pos': -50, 'corr_resp': 'x', 'thisN': 120, 'thisTrialN': 120, 'thisRepN': 26}>
838.2376 	DATA 	Keypress: z
838.2520 	EXP 	fixation: autoDraw = False
838.2520 	EXP 	line1: autoDraw = False
838.2520 	EXP 	line2: autoDraw = False
838.2520 	EXP 	line3: autoDraw = False
838.2520 	EXP 	line4: autoDraw = False
838.2520 	EXP 	probe: autoDraw = False
838.4194 	EXP 	Device response: <KeyPress from None: t=838.2321196000012, value=z, duration=0.18200570000044536>
839.2367 	EXP 	fixation: autoDraw = True
839.2367 	EXP 	line1: autoDraw = True
839.2367 	EXP 	line2: autoDraw = True
839.2367 	EXP 	line3: autoDraw = True
839.2367 	EXP 	line4: autoDraw = True
840.2385 	INFO 	Keyboard events cleared
840.2383 	EXP 	fixation: autoDraw = False
840.2383 	EXP 	probe: autoDraw = True
840.7726 	EXP 	Device response: <KeyPress from None: t=840.7637547000013, value=x, duration=None>
840.7731 	EXP 	New trial (rep=27, index=121): <Trial 121 (121 in rep 27) data={'pos': -50, 'corr_resp': 'x', 'thisN': 121, 'thisTrialN': 121, 'thisRepN': 27}>
840.7745 	DATA 	Keypress: x
840.7869 	EXP 	fixation: autoDraw = False
840.7869 	EXP 	line1: autoDraw = False
840.7869 	EXP 	line2: autoDraw = False
840.7869 	EXP 	line3: autoDraw = False
840.7869 	EXP 	line4: autoDraw = False
840.7869 	EXP 	probe: autoDraw = False
840.9746 	EXP 	Device response: <KeyPress from None: t=840.7637547000013, value=x, duration=0.21032840000043507>
841.7865 	EXP 	fixation: autoDraw = True
841.7865 	EXP 	line1: autoDraw = True
841.7865 	EXP 	line2: autoDraw = True
841.7865 	EXP 	line3: autoDraw = True
841.7865 	EXP 	line4: autoDraw = True
842.0221 	DATA 	Mouse: Left button down, pos=(830,510)
842.2408 	DATA 	Mouse:  Left button up, pos=(830,510)
842.7856 	INFO 	Keyboard events cleared
842.7854 	EXP 	fixation: autoDraw = False
842.7854 	EXP 	probe: autoDraw = True
843.3700 	EXP 	Device response: <KeyPress from None: t=843.3588678000015, value=x, duration=None>
843.3704 	EXP 	New trial (rep=30, index=122): <Trial 122 (122 in rep 30) data={'pos': 50, 'corr_resp': 'c', 'thisN': 122, 'thisTrialN': 122, 'thisRepN': 30}>
843.3717 	DATA 	Keypress: x
843.3848 	EXP 	fixation: autoDraw = False
843.3848 	EXP 	line1: autoDraw = False
843.3848 	EXP 	line2: autoDraw = False
843.3848 	EXP 	line3: autoDraw = False
843.3848 	EXP 	line4: autoDraw = False
843.3848 	EXP 	probe: autoDraw = False
843.5697 	EXP 	Device response: <KeyPress from None: t=843.3588678000015, value=x, duration=0.197512499998993>
844.3726 	EXP 	fixation: autoDraw = True
844.3726 	EXP 	line1: autoDraw = True
844.3726 	EXP 	line2: autoDraw = True
844.3726 	EXP 	line3: autoDraw = True
844.3726 	EXP 	line4: autoDraw = True
845.3721 	INFO 	Keyboard events cleared
845.3718 	EXP 	fixation: autoDraw = False
845.3718 	EXP 	probe: autoDraw = True
846.1029 	EXP 	Device response: <KeyPress from None: t=846.0915405000014, value=c, duration=None>
846.1033 	EXP 	New trial (rep=33, index=123): <Trial 123 (123 in rep 33) data={'pos': 150, 'corr_resp': 'v', 'thisN': 123, 'thisTrialN': 123, 'thisRepN': 33}>
846.1046 	DATA 	Keypress: c
846.1189 	EXP 	fixation: autoDraw = False
846.1189 	EXP 	line1: autoDraw = False
846.1189 	EXP 	line2: autoDraw = False
846.1189 	EXP 	line3: autoDraw = False
846.1189 	EXP 	line4: autoDraw = False
846.1189 	EXP 	probe: autoDraw = False
846.3023 	EXP 	Device response: <KeyPress from None: t=846.0915405000014, value=c, duration=0.1949005999995279>
847.1166 	EXP 	fixation: autoDraw = True
847.1166 	EXP 	line1: autoDraw = True
847.1166 	EXP 	line2: autoDraw = True
847.1166 	EXP 	line3: autoDraw = True
847.1166 	EXP 	line4: autoDraw = True
848.0998 	INFO 	Keyboard events cleared
848.0997 	EXP 	probe: autoDraw = True
848.1086 	EXP 	fixation: autoDraw = False
849.1256 	EXP 	Device response: <KeyPress from None: t=849.1219153999991, value=v, duration=None>
849.1260 	EXP 	New trial (rep=31, index=124): <Trial 124 (124 in rep 31) data={'pos': -150, 'corr_resp': 'z', 'thisN': 124, 'thisTrialN': 124, 'thisRepN': 31}>
849.1270 	DATA 	Keypress: v
849.1415 	EXP 	fixation: autoDraw = False
849.1415 	EXP 	line1: autoDraw = False
849.1415 	EXP 	line2: autoDraw = False
849.1415 	EXP 	line3: autoDraw = False
849.1415 	EXP 	line4: autoDraw = False
849.1415 	EXP 	probe: autoDraw = False
849.3447 	EXP 	Device response: <KeyPress from None: t=849.1219153999991, value=v, duration=0.2099409000002197>
850.1273 	EXP 	fixation: autoDraw = True
850.1273 	EXP 	line1: autoDraw = True
850.1273 	EXP 	line2: autoDraw = True
850.1273 	EXP 	line3: autoDraw = True
850.1273 	EXP 	line4: autoDraw = True
851.1272 	INFO 	Keyboard events cleared
851.1270 	EXP 	fixation: autoDraw = False
851.1270 	EXP 	probe: autoDraw = True
852.2167 	DATA 	Keypress: z
852.2304 	EXP 	Device response: <KeyPress from None: t=852.2140795999985, value=z, duration=None>
852.2319 	EXP 	New trial (rep=32, index=125): <Trial 125 (125 in rep 32) data={'pos': -150, 'corr_resp': 'z', 'thisN': 125, 'thisTrialN': 125, 'thisRepN': 32}>
852.2477 	EXP 	fixation: autoDraw = False
852.2477 	EXP 	line1: autoDraw = False
852.2477 	EXP 	line2: autoDraw = False
852.2477 	EXP 	line3: autoDraw = False
852.2477 	EXP 	line4: autoDraw = False
852.2477 	EXP 	probe: autoDraw = False
852.4140 	EXP 	Device response: <KeyPress from None: t=852.2140795999985, value=z, duration=0.19280720000097062>
853.2319 	EXP 	fixation: autoDraw = True
853.2319 	EXP 	line1: autoDraw = True
853.2319 	EXP 	line2: autoDraw = True
853.2319 	EXP 	line3: autoDraw = True
853.2319 	EXP 	line4: autoDraw = True
854.2309 	INFO 	Keyboard events cleared
854.2306 	EXP 	probe: autoDraw = True
854.2469 	EXP 	fixation: autoDraw = False
855.2449 	EXP 	Device response: <KeyPress from None: t=855.2372986000009, value=x, duration=None>
855.2453 	EXP 	New trial (rep=34, index=126): <Trial 126 (126 in rep 34) data={'pos': 150, 'corr_resp': 'v', 'thisN': 126, 'thisTrialN': 126, 'thisRepN': 34}>
855.2461 	EXP 	Device response: <KeyPress from None: t=855.2455157000004, value=z, duration=None>
855.2472 	DATA 	Keypress: x
855.2474 	DATA 	Keypress: z
855.2607 	EXP 	fixation: autoDraw = False
855.2607 	EXP 	line1: autoDraw = False
855.2607 	EXP 	line2: autoDraw = False
855.2607 	EXP 	line3: autoDraw = False
855.2607 	EXP 	line4: autoDraw = False
855.2607 	EXP 	probe: autoDraw = False
855.3784 	EXP 	Device response: <KeyPress from None: t=855.2372986000009, value=x, duration=0.12458989999868209>
855.4275 	EXP 	Device response: <KeyPress from None: t=855.2455157000004, value=z, duration=0.17681200000151875>
856.2477 	EXP 	fixation: autoDraw = True
856.2477 	EXP 	line1: autoDraw = True
856.2477 	EXP 	line2: autoDraw = True
856.2477 	EXP 	line3: autoDraw = True
856.2477 	EXP 	line4: autoDraw = True
857.2609 	INFO 	Keyboard events cleared
857.2607 	EXP 	fixation: autoDraw = False
857.2607 	EXP 	probe: autoDraw = True
858.1950 	EXP 	Device response: <KeyPress from None: t=858.1942875999994, value=v, duration=None>
858.1954 	EXP 	New trial (rep=31, index=127): <Trial 127 (127 in rep 31) data={'pos': 50, 'corr_resp': 'c', 'thisN': 127, 'thisTrialN': 127, 'thisRepN': 31}>
858.1967 	DATA 	Keypress: v
858.2106 	EXP 	fixation: autoDraw = False
858.2106 	EXP 	line1: autoDraw = False
858.2106 	EXP 	line2: autoDraw = False
858.2106 	EXP 	line3: autoDraw = False
858.2106 	EXP 	line4: autoDraw = False
858.2106 	EXP 	probe: autoDraw = False
858.3945 	EXP 	Device response: <KeyPress from None: t=858.1942875999994, value=v, duration=0.18440879999980098>
859.2110 	EXP 	fixation: autoDraw = True
859.2110 	EXP 	line1: autoDraw = True
859.2110 	EXP 	line2: autoDraw = True
859.2110 	EXP 	line3: autoDraw = True
859.2110 	EXP 	line4: autoDraw = True
860.2109 	INFO 	Keyboard events cleared
860.2107 	EXP 	fixation: autoDraw = False
860.2107 	EXP 	probe: autoDraw = True
861.2109 	EXP 	Device response: <KeyPress from None: t=861.1972432000002, value=c, duration=None>
861.2113 	EXP 	New trial (rep=28, index=128): <Trial 128 (128 in rep 28) data={'pos': -50, 'corr_resp': 'x', 'thisN': 128, 'thisTrialN': 128, 'thisRepN': 28}>
861.2132 	DATA 	Keypress: c
861.2274 	EXP 	fixation: autoDraw = False
861.2274 	EXP 	line1: autoDraw = False
861.2274 	EXP 	line2: autoDraw = False
861.2274 	EXP 	line3: autoDraw = False
861.2274 	EXP 	line4: autoDraw = False
861.2274 	EXP 	probe: autoDraw = False
861.4111 	EXP 	Device response: <KeyPress from None: t=861.1972432000002, value=c, duration=0.2001081999987946>
862.2250 	EXP 	fixation: autoDraw = True
862.2250 	EXP 	line1: autoDraw = True
862.2250 	EXP 	line2: autoDraw = True
862.2250 	EXP 	line3: autoDraw = True
862.2250 	EXP 	line4: autoDraw = True
863.2109 	INFO 	Keyboard events cleared
863.2107 	EXP 	probe: autoDraw = True
863.2272 	EXP 	fixation: autoDraw = False
863.8283 	EXP 	Device response: <KeyPress from None: t=863.8251772000003, value=x, duration=None>
863.8287 	EXP 	New trial (rep=29, index=129): <Trial 129 (129 in rep 29) data={'pos': -50, 'corr_resp': 'x', 'thisN': 129, 'thisTrialN': 129, 'thisRepN': 29}>
863.8301 	DATA 	Keypress: x
863.8438 	EXP 	fixation: autoDraw = False
863.8438 	EXP 	line1: autoDraw = False
863.8438 	EXP 	line2: autoDraw = False
863.8438 	EXP 	line3: autoDraw = False
863.8438 	EXP 	line4: autoDraw = False
863.8438 	EXP 	probe: autoDraw = False
864.0280 	EXP 	Device response: <KeyPress from None: t=863.8251772000003, value=x, duration=0.18704620000062278>
864.8301 	EXP 	fixation: autoDraw = True
864.8301 	EXP 	line1: autoDraw = True
864.8301 	EXP 	line2: autoDraw = True
864.8301 	EXP 	line3: autoDraw = True
864.8301 	EXP 	line4: autoDraw = True
865.8309 	INFO 	Keyboard events cleared
865.8306 	EXP 	fixation: autoDraw = False
865.8306 	EXP 	probe: autoDraw = True
866.3101 	EXP 	Device response: <KeyPress from None: t=866.2948653000021, value=x, duration=None>
866.3106 	EXP 	New trial (rep=33, index=130): <Trial 130 (130 in rep 33) data={'pos': -150, 'corr_resp': 'z', 'thisN': 130, 'thisTrialN': 130, 'thisRepN': 33}>
866.3118 	DATA 	Keypress: x
866.3265 	EXP 	fixation: autoDraw = False
866.3265 	EXP 	line1: autoDraw = False
866.3265 	EXP 	line2: autoDraw = False
866.3265 	EXP 	line3: autoDraw = False
866.3265 	EXP 	line4: autoDraw = False
866.3265 	EXP 	probe: autoDraw = False
866.5092 	EXP 	Device response: <KeyPress from None: t=866.2948653000021, value=x, duration=0.2024569999994128>
867.3128 	EXP 	fixation: autoDraw = True
867.3128 	EXP 	line1: autoDraw = True
867.3128 	EXP 	line2: autoDraw = True
867.3128 	EXP 	line3: autoDraw = True
867.3128 	EXP 	line4: autoDraw = True
868.3109 	INFO 	Keyboard events cleared
868.3107 	EXP 	probe: autoDraw = True
868.3281 	EXP 	fixation: autoDraw = False
869.0796 	DATA 	Keypress: z
869.0941 	EXP 	Device response: <KeyPress from None: t=869.0784115999995, value=z, duration=None>
869.0945 	EXP 	New trial (rep=35, index=131): <Trial 131 (131 in rep 35) data={'pos': 150, 'corr_resp': 'v', 'thisN': 131, 'thisTrialN': 131, 'thisRepN': 35}>
869.1105 	EXP 	fixation: autoDraw = False
869.1105 	EXP 	line1: autoDraw = False
869.1105 	EXP 	line2: autoDraw = False
869.1105 	EXP 	line3: autoDraw = False
869.1105 	EXP 	line4: autoDraw = False
869.1105 	EXP 	probe: autoDraw = False
869.2778 	EXP 	Device response: <KeyPress from None: t=869.0784115999995, value=z, duration=0.19884749999982887>
870.0940 	EXP 	fixation: autoDraw = True
870.0940 	EXP 	line1: autoDraw = True
870.0940 	EXP 	line2: autoDraw = True
870.0940 	EXP 	line3: autoDraw = True
870.0940 	EXP 	line4: autoDraw = True
870.5161 	DATA 	Mouse: Left button down, pos=(833,511)
870.7322 	DATA 	Mouse:  Left button up, pos=(833,511)
871.1092 	INFO 	Keyboard events cleared
871.1090 	EXP 	fixation: autoDraw = False
871.1090 	EXP 	probe: autoDraw = True
872.0280 	EXP 	Device response: <KeyPress from None: t=872.0151269999988, value=v, duration=None>
872.0284 	EXP 	New trial (rep=30, index=132): <Trial 132 (132 in rep 30) data={'pos': -50, 'corr_resp': 'x', 'thisN': 132, 'thisTrialN': 132, 'thisRepN': 30}>
872.0296 	DATA 	Keypress: v
872.0443 	EXP 	fixation: autoDraw = False
872.0443 	EXP 	line1: autoDraw = False
872.0443 	EXP 	line2: autoDraw = False
872.0443 	EXP 	line3: autoDraw = False
872.0443 	EXP 	line4: autoDraw = False
872.0443 	EXP 	probe: autoDraw = False
872.1753 	EXP 	Device response: <KeyPress from None: t=872.0151269999988, value=v, duration=0.15330380000159494>
873.0445 	EXP 	fixation: autoDraw = True
873.0445 	EXP 	line1: autoDraw = True
873.0445 	EXP 	line2: autoDraw = True
873.0445 	EXP 	line3: autoDraw = True
873.0445 	EXP 	line4: autoDraw = True
874.0426 	INFO 	Keyboard events cleared
874.0423 	EXP 	probe: autoDraw = True
874.0586 	EXP 	fixation: autoDraw = False
874.5083 	EXP 	Device response: <KeyPress from None: t=874.5024254000018, value=x, duration=None>
874.5087 	EXP 	New trial (rep=36, index=133): <Trial 133 (133 in rep 36) data={'pos': 150, 'corr_resp': 'v', 'thisN': 133, 'thisTrialN': 133, 'thisRepN': 36}>
874.5098 	DATA 	Keypress: x
874.5246 	EXP 	fixation: autoDraw = False
874.5246 	EXP 	line1: autoDraw = False
874.5246 	EXP 	line2: autoDraw = False
874.5246 	EXP 	line3: autoDraw = False
874.5246 	EXP 	line4: autoDraw = False
874.5246 	EXP 	probe: autoDraw = False
874.7441 	EXP 	Device response: <KeyPress from None: t=874.5024254000018, value=x, duration=0.23142249999727937>
875.5127 	EXP 	fixation: autoDraw = True
875.5127 	EXP 	line1: autoDraw = True
875.5127 	EXP 	line2: autoDraw = True
875.5127 	EXP 	line3: autoDraw = True
875.5127 	EXP 	line4: autoDraw = True
876.5135 	INFO 	Keyboard events cleared
876.5132 	EXP 	fixation: autoDraw = False
876.5132 	EXP 	probe: autoDraw = True
877.5021 	DATA 	Keypress: v
877.5140 	EXP 	Device response: <KeyPress from None: t=877.4985385, value=v, duration=None>
877.5148 	EXP 	New trial (rep=32, index=134): <Trial 134 (134 in rep 32) data={'pos': 50, 'corr_resp': 'c', 'thisN': 134, 'thisTrialN': 134, 'thisRepN': 32}>
877.5304 	EXP 	fixation: autoDraw = False
877.5304 	EXP 	line1: autoDraw = False
877.5304 	EXP 	line2: autoDraw = False
877.5304 	EXP 	line3: autoDraw = False
877.5304 	EXP 	line4: autoDraw = False
877.5304 	EXP 	probe: autoDraw = False
877.6823 	EXP 	Device response: <KeyPress from None: t=877.4985385, value=v, duration=0.17932899999868823>
878.5291 	EXP 	fixation: autoDraw = True
878.5291 	EXP 	line1: autoDraw = True
878.5291 	EXP 	line2: autoDraw = True
878.5291 	EXP 	line3: autoDraw = True
878.5291 	EXP 	line4: autoDraw = True
879.5143 	INFO 	Keyboard events cleared
879.5140 	EXP 	probe: autoDraw = True
879.5312 	EXP 	fixation: autoDraw = False
880.2247 	EXP 	Device response: <KeyPress from None: t=880.2187451999998, value=c, duration=None>
880.2251 	EXP 	New trial (rep=31, index=135): <Trial 135 (135 in rep 31) data={'pos': -50, 'corr_resp': 'x', 'thisN': 135, 'thisTrialN': 135, 'thisRepN': 31}>
880.2262 	DATA 	Keypress: c
880.2440 	EXP 	fixation: autoDraw = False
880.2440 	EXP 	line1: autoDraw = False
880.2440 	EXP 	line2: autoDraw = False
880.2440 	EXP 	line3: autoDraw = False
880.2440 	EXP 	line4: autoDraw = False
880.2440 	EXP 	probe: autoDraw = False
880.4308 	EXP 	Device response: <KeyPress from None: t=880.2187451999998, value=c, duration=0.2029578000001493>
881.2300 	EXP 	fixation: autoDraw = True
881.2300 	EXP 	line1: autoDraw = True
881.2300 	EXP 	line2: autoDraw = True
881.2300 	EXP 	line3: autoDraw = True
881.2300 	EXP 	line4: autoDraw = True
882.2272 	INFO 	Keyboard events cleared
882.2270 	EXP 	probe: autoDraw = True
882.2434 	EXP 	fixation: autoDraw = False
882.5288 	EXP 	Device response: <KeyPress from None: t=882.5265012999989, value=x, duration=None>
882.5292 	EXP 	New trial (rep=34, index=136): <Trial 136 (136 in rep 34) data={'pos': -150, 'corr_resp': 'z', 'thisN': 136, 'thisTrialN': 136, 'thisRepN': 34}>
882.5304 	DATA 	Keypress: x
882.5435 	EXP 	fixation: autoDraw = False
882.5435 	EXP 	line1: autoDraw = False
882.5435 	EXP 	line2: autoDraw = False
882.5435 	EXP 	line3: autoDraw = False
882.5435 	EXP 	line4: autoDraw = False
882.5435 	EXP 	probe: autoDraw = False
882.7608 	EXP 	Device response: <KeyPress from None: t=882.5265012999989, value=x, duration=0.22179760000290116>
883.5306 	EXP 	fixation: autoDraw = True
883.5306 	EXP 	line1: autoDraw = True
883.5306 	EXP 	line2: autoDraw = True
883.5306 	EXP 	line3: autoDraw = True
883.5306 	EXP 	line4: autoDraw = True
884.5448 	INFO 	Keyboard events cleared
884.5447 	EXP 	fixation: autoDraw = False
884.5447 	EXP 	probe: autoDraw = True
886.2647 	EXP 	Device response: <KeyPress from None: t=886.2514450000017, value=z, duration=None>
886.2654 	EXP 	New trial (rep=33, index=137): <Trial 137 (137 in rep 33) data={'pos': 50, 'corr_resp': 'c', 'thisN': 137, 'thisTrialN': 137, 'thisRepN': 33}>
886.2691 	DATA 	Keypress: z
886.2808 	EXP 	fixation: autoDraw = False
886.2808 	EXP 	line1: autoDraw = False
886.2808 	EXP 	line2: autoDraw = False
886.2808 	EXP 	line3: autoDraw = False
886.2808 	EXP 	line4: autoDraw = False
886.2808 	EXP 	probe: autoDraw = False
886.4810 	EXP 	Device response: <KeyPress from None: t=886.2514450000017, value=z, duration=0.21963209999739775>
887.2751 	EXP 	fixation: autoDraw = True
887.2751 	EXP 	line1: autoDraw = True
887.2751 	EXP 	line2: autoDraw = True
887.2751 	EXP 	line3: autoDraw = True
887.2751 	EXP 	line4: autoDraw = True
888.2770 	INFO 	Keyboard events cleared
888.2768 	EXP 	fixation: autoDraw = False
888.2768 	EXP 	probe: autoDraw = True
889.1604 	EXP 	Device response: <KeyPress from None: t=889.1557267999997, value=c, duration=None>
889.1608 	EXP 	New trial (rep=35, index=138): <Trial 138 (138 in rep 35) data={'pos': -150, 'corr_resp': 'z', 'thisN': 138, 'thisTrialN': 138, 'thisRepN': 35}>
889.1620 	DATA 	Keypress: c
889.1766 	EXP 	fixation: autoDraw = False
889.1766 	EXP 	line1: autoDraw = False
889.1766 	EXP 	line2: autoDraw = False
889.1766 	EXP 	line3: autoDraw = False
889.1766 	EXP 	line4: autoDraw = False
889.1766 	EXP 	probe: autoDraw = False
889.3775 	EXP 	Device response: <KeyPress from None: t=889.1557267999997, value=c, duration=0.20566060000055586>
890.1605 	EXP 	fixation: autoDraw = True
890.1605 	EXP 	line1: autoDraw = True
890.1605 	EXP 	line2: autoDraw = True
890.1605 	EXP 	line3: autoDraw = True
890.1605 	EXP 	line4: autoDraw = True
891.1747 	INFO 	Keyboard events cleared
891.1745 	EXP 	fixation: autoDraw = False
891.1745 	EXP 	probe: autoDraw = True
891.9833 	EXP 	Device response: <KeyPress from None: t=891.9686972000018, value=z, duration=None>
891.9838 	EXP 	New trial (rep=32, index=139): <Trial 139 (139 in rep 32) data={'pos': -50, 'corr_resp': 'x', 'thisN': 139, 'thisTrialN': 139, 'thisRepN': 32}>
891.9853 	DATA 	Keypress: z
891.9944 	EXP 	fixation: autoDraw = False
891.9944 	EXP 	line1: autoDraw = False
891.9944 	EXP 	line2: autoDraw = False
891.9944 	EXP 	line3: autoDraw = False
891.9944 	EXP 	line4: autoDraw = False
891.9944 	EXP 	probe: autoDraw = False
892.1596 	EXP 	Device response: <KeyPress from None: t=891.9686972000018, value=z, duration=0.17530039999837754>
892.9941 	EXP 	fixation: autoDraw = True
892.9941 	EXP 	line1: autoDraw = True
892.9941 	EXP 	line2: autoDraw = True
892.9941 	EXP 	line3: autoDraw = True
892.9941 	EXP 	line4: autoDraw = True
893.9924 	INFO 	Keyboard events cleared
893.9922 	EXP 	fixation: autoDraw = False
893.9922 	EXP 	probe: autoDraw = True
894.5812 	EXP 	Device response: <KeyPress from None: t=894.576240800001, value=x, duration=None>
894.5819 	EXP 	New trial (rep=36, index=140): <Trial 140 (140 in rep 36) data={'pos': -150, 'corr_resp': 'z', 'thisN': 140, 'thisTrialN': 140, 'thisRepN': 36}>
894.5847 	DATA 	Keypress: x
894.5975 	EXP 	fixation: autoDraw = False
894.5975 	EXP 	line1: autoDraw = False
894.5975 	EXP 	line2: autoDraw = False
894.5975 	EXP 	line3: autoDraw = False
894.5975 	EXP 	line4: autoDraw = False
894.5975 	EXP 	probe: autoDraw = False
894.7938 	EXP 	Device response: <KeyPress from None: t=894.576240800001, value=x, duration=0.21484919999784324>
895.5937 	EXP 	fixation: autoDraw = True
895.5937 	EXP 	line1: autoDraw = True
895.5937 	EXP 	line2: autoDraw = True
895.5937 	EXP 	line3: autoDraw = True
895.5937 	EXP 	line4: autoDraw = True
896.5971 	INFO 	Keyboard events cleared
896.5968 	EXP 	fixation: autoDraw = False
896.5968 	EXP 	probe: autoDraw = True
897.1028 	DATA 	Keypress: z
897.1141 	EXP 	Device response: <KeyPress from None: t=897.0996010999988, value=z, duration=None>
897.1148 	EXP 	New trial (rep=34, index=141): <Trial 141 (141 in rep 34) data={'pos': 50, 'corr_resp': 'c', 'thisN': 141, 'thisTrialN': 141, 'thisRepN': 34}>
897.1305 	EXP 	fixation: autoDraw = False
897.1305 	EXP 	line1: autoDraw = False
897.1305 	EXP 	line2: autoDraw = False
897.1305 	EXP 	line3: autoDraw = False
897.1305 	EXP 	line4: autoDraw = False
897.1305 	EXP 	probe: autoDraw = False
897.2970 	EXP 	Device response: <KeyPress from None: t=897.0996010999988, value=z, duration=0.1859306000005745>
898.1283 	EXP 	fixation: autoDraw = True
898.1283 	EXP 	line1: autoDraw = True
898.1283 	EXP 	line2: autoDraw = True
898.1283 	EXP 	line3: autoDraw = True
898.1283 	EXP 	line4: autoDraw = True
899.1274 	INFO 	Keyboard events cleared
899.1272 	EXP 	probe: autoDraw = True
899.1440 	EXP 	fixation: autoDraw = False
899.6942 	EXP 	Device response: <KeyPress from None: t=899.6894882999986, value=c, duration=None>
899.6947 	EXP 	New trial (rep=37, index=142): <Trial 142 (142 in rep 37) data={'pos': -150, 'corr_resp': 'z', 'thisN': 142, 'thisTrialN': 142, 'thisRepN': 37}>
899.6960 	DATA 	Keypress: c
899.7104 	EXP 	fixation: autoDraw = False
899.7104 	EXP 	line1: autoDraw = False
899.7104 	EXP 	line2: autoDraw = False
899.7104 	EXP 	line3: autoDraw = False
899.7104 	EXP 	line4: autoDraw = False
899.7104 	EXP 	probe: autoDraw = False
899.9269 	EXP 	Device response: <KeyPress from None: t=899.6894882999986, value=c, duration=0.2230347000004258>
900.6942 	EXP 	fixation: autoDraw = True
900.6942 	EXP 	line1: autoDraw = True
900.6942 	EXP 	line2: autoDraw = True
900.6942 	EXP 	line3: autoDraw = True
900.6942 	EXP 	line4: autoDraw = True
901.6941 	INFO 	Keyboard events cleared
901.6938 	EXP 	fixation: autoDraw = False
901.6938 	EXP 	probe: autoDraw = True
902.2111 	EXP 	Device response: <KeyPress from None: t=902.2038079000013, value=z, duration=None>
902.2115 	EXP 	New trial (rep=38, index=143): <Trial 143 (143 in rep 38) data={'pos': -150, 'corr_resp': 'z', 'thisN': 143, 'thisTrialN': 143, 'thisRepN': 38}>
902.2131 	DATA 	Keypress: z
902.2284 	EXP 	fixation: autoDraw = False
902.2284 	EXP 	line1: autoDraw = False
902.2284 	EXP 	line2: autoDraw = False
902.2284 	EXP 	line3: autoDraw = False
902.2284 	EXP 	line4: autoDraw = False
902.2284 	EXP 	probe: autoDraw = False
902.3922 	EXP 	Device response: <KeyPress from None: t=902.2038079000013, value=z, duration=0.17449869999836665>
903.2273 	EXP 	fixation: autoDraw = True
903.2273 	EXP 	line1: autoDraw = True
903.2273 	EXP 	line2: autoDraw = True
903.2273 	EXP 	line3: autoDraw = True
903.2273 	EXP 	line4: autoDraw = True
904.2107 	INFO 	Keyboard events cleared
904.2105 	EXP 	probe: autoDraw = True
904.2269 	EXP 	fixation: autoDraw = False
904.9805 	EXP 	Device response: <KeyPress from None: t=904.9781174999989, value=z, duration=None>
904.9810 	EXP 	New trial (rep=39, index=144): <Trial 144 (144 in rep 39) data={'pos': -150, 'corr_resp': 'z', 'thisN': 144, 'thisTrialN': 144, 'thisRepN': 39}>
904.9825 	DATA 	Keypress: z
904.9953 	EXP 	fixation: autoDraw = False
904.9953 	EXP 	line1: autoDraw = False
904.9953 	EXP 	line2: autoDraw = False
904.9953 	EXP 	line3: autoDraw = False
904.9953 	EXP 	line4: autoDraw = False
904.9953 	EXP 	probe: autoDraw = False
905.1468 	EXP 	Device response: <KeyPress from None: t=904.9781174999989, value=z, duration=0.16584440000224276>
905.9924 	EXP 	fixation: autoDraw = True
905.9924 	EXP 	line1: autoDraw = True
905.9924 	EXP 	line2: autoDraw = True
905.9924 	EXP 	line3: autoDraw = True
905.9924 	EXP 	line4: autoDraw = True
906.3461 	DATA 	Mouse: Left button down, pos=(833,511)
906.5818 	DATA 	Mouse:  Left button up, pos=(833,511)
906.9937 	INFO 	Keyboard events cleared
906.9935 	EXP 	fixation: autoDraw = False
906.9935 	EXP 	probe: autoDraw = True
907.5105 	EXP 	Device response: <KeyPress from None: t=907.496592200001, value=z, duration=None>
907.5109 	EXP 	New trial (rep=37, index=145): <Trial 145 (145 in rep 37) data={'pos': 150, 'corr_resp': 'v', 'thisN': 145, 'thisTrialN': 145, 'thisRepN': 37}>
907.5122 	DATA 	Keypress: z
907.5266 	EXP 	fixation: autoDraw = False
907.5266 	EXP 	line1: autoDraw = False
907.5266 	EXP 	line2: autoDraw = False
907.5266 	EXP 	line3: autoDraw = False
907.5266 	EXP 	line4: autoDraw = False
907.5266 	EXP 	probe: autoDraw = False
907.7113 	EXP 	Device response: <KeyPress from None: t=907.496592200001, value=z, duration=0.20108650000111084>
908.5100 	EXP 	fixation: autoDraw = True
908.5100 	EXP 	line1: autoDraw = True
908.5100 	EXP 	line2: autoDraw = True
908.5100 	EXP 	line3: autoDraw = True
908.5100 	EXP 	line4: autoDraw = True
909.5129 	INFO 	Keyboard events cleared
909.5126 	EXP 	fixation: autoDraw = False
909.5126 	EXP 	probe: autoDraw = True
910.9508 	DATA 	Keypress: v
910.9648 	EXP 	Device response: <KeyPress from None: t=910.9492768000018, value=v, duration=None>
910.9654 	EXP 	New trial (rep=40, index=146): <Trial 146 (146 in rep 40) data={'pos': -150, 'corr_resp': 'z', 'thisN': 146, 'thisTrialN': 146, 'thisRepN': 40}>
910.9797 	EXP 	fixation: autoDraw = False
910.9797 	EXP 	line1: autoDraw = False
910.9797 	EXP 	line2: autoDraw = False
910.9797 	EXP 	line3: autoDraw = False
910.9797 	EXP 	line4: autoDraw = False
910.9797 	EXP 	probe: autoDraw = False
911.1801 	EXP 	Device response: <KeyPress from None: t=910.9492768000018, value=v, duration=0.22786309999719379>
911.2440 	EXP 	Device response: <KeyPress from None: t=911.2385259000002, value=v, duration=None>
911.2450 	DATA 	Keypress: v
911.2777 	EXP 	Device response: <KeyPress from None: t=911.2385259000002, value=v, duration=0.023005600000033155>
911.9774 	EXP 	fixation: autoDraw = True
911.9774 	EXP 	line1: autoDraw = True
911.9774 	EXP 	line2: autoDraw = True
911.9774 	EXP 	line3: autoDraw = True
911.9774 	EXP 	line4: autoDraw = True
912.9768 	INFO 	Keyboard events cleared
912.9766 	EXP 	fixation: autoDraw = False
912.9766 	EXP 	probe: autoDraw = True
913.5112 	EXP 	Device response: <KeyPress from None: t=913.5049480000016, value=z, duration=None>
913.5116 	EXP 	New trial (rep=41, index=147): <Trial 147 (147 in rep 41) data={'pos': -150, 'corr_resp': 'z', 'thisN': 147, 'thisTrialN': 147, 'thisRepN': 41}>
913.5128 	DATA 	Keypress: z
913.5267 	EXP 	fixation: autoDraw = False
913.5267 	EXP 	line1: autoDraw = False
913.5267 	EXP 	line2: autoDraw = False
913.5267 	EXP 	line3: autoDraw = False
913.5267 	EXP 	line4: autoDraw = False
913.5267 	EXP 	probe: autoDraw = False
913.6611 	EXP 	Device response: <KeyPress from None: t=913.5049480000016, value=z, duration=0.14640589999908116>
914.5106 	EXP 	fixation: autoDraw = True
914.5106 	EXP 	line1: autoDraw = True
914.5106 	EXP 	line2: autoDraw = True
914.5106 	EXP 	line3: autoDraw = True
914.5106 	EXP 	line4: autoDraw = True
915.5111 	INFO 	Keyboard events cleared
915.5107 	EXP 	fixation: autoDraw = False
915.5107 	EXP 	probe: autoDraw = True
915.9609 	EXP 	Device response: <KeyPress from None: t=915.9466991000008, value=z, duration=None>
915.9613 	EXP 	New trial (rep=38, index=148): <Trial 148 (148 in rep 38) data={'pos': 150, 'corr_resp': 'v', 'thisN': 148, 'thisTrialN': 148, 'thisRepN': 38}>
915.9626 	DATA 	Keypress: z
915.9769 	EXP 	fixation: autoDraw = False
915.9769 	EXP 	line1: autoDraw = False
915.9769 	EXP 	line2: autoDraw = False
915.9769 	EXP 	line3: autoDraw = False
915.9769 	EXP 	line4: autoDraw = False
915.9769 	EXP 	probe: autoDraw = False
916.1249 	EXP 	Device response: <KeyPress from None: t=915.9466991000008, value=z, duration=0.17366159999801312>
916.9603 	EXP 	fixation: autoDraw = True
916.9603 	EXP 	line1: autoDraw = True
916.9603 	EXP 	line2: autoDraw = True
916.9603 	EXP 	line3: autoDraw = True
916.9603 	EXP 	line4: autoDraw = True
917.9642 	INFO 	Keyboard events cleared
917.9639 	EXP 	fixation: autoDraw = False
917.9639 	EXP 	probe: autoDraw = True
918.4815 	EXP 	Device response: <KeyPress from None: t=918.4737482000019, value=v, duration=None>
918.4822 	EXP 	New trial (rep=39, index=149): <Trial 149 (149 in rep 39) data={'pos': 150, 'corr_resp': 'v', 'thisN': 149, 'thisTrialN': 149, 'thisRepN': 39}>
918.4846 	DATA 	Keypress: v
918.4981 	EXP 	fixation: autoDraw = False
918.4981 	EXP 	line1: autoDraw = False
918.4981 	EXP 	line2: autoDraw = False
918.4981 	EXP 	line3: autoDraw = False
918.4981 	EXP 	line4: autoDraw = False
918.4981 	EXP 	probe: autoDraw = False
918.6775 	EXP 	Device response: <KeyPress from None: t=918.4737482000019, value=v, duration=0.19125699999858625>
919.4920 	EXP 	fixation: autoDraw = True
919.4920 	EXP 	line1: autoDraw = True
919.4920 	EXP 	line2: autoDraw = True
919.4920 	EXP 	line3: autoDraw = True
919.4920 	EXP 	line4: autoDraw = True
920.4933 	INFO 	Keyboard events cleared
920.4931 	EXP 	fixation: autoDraw = False
920.4931 	EXP 	probe: autoDraw = True
920.9793 	EXP 	Device response: <KeyPress from None: t=920.9772458000007, value=v, duration=None>
920.9798 	EXP 	New trial (rep=42, index=150): <Trial 150 (150 in rep 42) data={'pos': -150, 'corr_resp': 'z', 'thisN': 150, 'thisTrialN': 150, 'thisRepN': 42}>
920.9815 	DATA 	Keypress: v
920.9928 	EXP 	fixation: autoDraw = False
920.9928 	EXP 	line1: autoDraw = False
920.9928 	EXP 	line2: autoDraw = False
920.9928 	EXP 	line3: autoDraw = False
920.9928 	EXP 	line4: autoDraw = False
920.9928 	EXP 	probe: autoDraw = False
921.2115 	EXP 	Device response: <KeyPress from None: t=920.9772458000007, value=v, duration=0.22186769999825628>
921.9931 	EXP 	fixation: autoDraw = True
921.9931 	EXP 	line1: autoDraw = True
921.9931 	EXP 	line2: autoDraw = True
921.9931 	EXP 	line3: autoDraw = True
921.9931 	EXP 	line4: autoDraw = True
922.9937 	INFO 	Keyboard events cleared
922.9935 	EXP 	fixation: autoDraw = False
922.9935 	EXP 	probe: autoDraw = True
923.3774 	EXP 	Device response: <KeyPress from None: t=923.367482900001, value=z, duration=None>
923.3779 	EXP 	New trial (rep=43, index=151): <Trial 151 (151 in rep 43) data={'pos': -150, 'corr_resp': 'z', 'thisN': 151, 'thisTrialN': 151, 'thisRepN': 43}>
923.3791 	DATA 	Keypress: z
923.3933 	EXP 	fixation: autoDraw = False
923.3933 	EXP 	line1: autoDraw = False
923.3933 	EXP 	line2: autoDraw = False
923.3933 	EXP 	line3: autoDraw = False
923.3933 	EXP 	line4: autoDraw = False
923.3933 	EXP 	probe: autoDraw = False
923.6104 	EXP 	Device response: <KeyPress from None: t=923.367482900001, value=z, duration=0.23701549999896088>
924.3932 	EXP 	fixation: autoDraw = True
924.3932 	EXP 	line1: autoDraw = True
924.3932 	EXP 	line2: autoDraw = True
924.3932 	EXP 	line3: autoDraw = True
924.3932 	EXP 	line4: autoDraw = True
924.9676 	DATA 	Mouse: Left button down, pos=(833,511)
925.1822 	DATA 	Mouse:  Left button up, pos=(833,511)
925.3770 	INFO 	Keyboard events cleared
925.3768 	EXP 	probe: autoDraw = True
925.3937 	EXP 	fixation: autoDraw = False
926.2753 	EXP 	Device response: <KeyPress from None: t=926.26728, value=z, duration=None>
926.2757 	EXP 	New trial (rep=40, index=152): <Trial 152 (152 in rep 40) data={'pos': 150, 'corr_resp': 'v', 'thisN': 152, 'thisTrialN': 152, 'thisRepN': 40}>
926.2769 	DATA 	Keypress: z
926.2918 	EXP 	fixation: autoDraw = False
926.2918 	EXP 	line1: autoDraw = False
926.2918 	EXP 	line2: autoDraw = False
926.2918 	EXP 	line3: autoDraw = False
926.2918 	EXP 	line4: autoDraw = False
926.2918 	EXP 	probe: autoDraw = False
926.5082 	EXP 	Device response: <KeyPress from None: t=926.26728, value=z, duration=0.2303844999987632>
927.2770 	EXP 	fixation: autoDraw = True
927.2770 	EXP 	line1: autoDraw = True
927.2770 	EXP 	line2: autoDraw = True
927.2770 	EXP 	line3: autoDraw = True
927.2770 	EXP 	line4: autoDraw = True
928.2771 	INFO 	Keyboard events cleared
928.2769 	EXP 	fixation: autoDraw = False
928.2769 	EXP 	probe: autoDraw = True
928.7602 	EXP 	Device response: <KeyPress from None: t=928.7530909000016, value=v, duration=None>
928.7606 	EXP 	New trial (rep=41, index=153): <Trial 153 (153 in rep 41) data={'pos': 150, 'corr_resp': 'v', 'thisN': 153, 'thisTrialN': 153, 'thisRepN': 41}>
928.7618 	DATA 	Keypress: v
928.7771 	EXP 	fixation: autoDraw = False
928.7771 	EXP 	line1: autoDraw = False
928.7771 	EXP 	line2: autoDraw = False
928.7771 	EXP 	line3: autoDraw = False
928.7771 	EXP 	line4: autoDraw = False
928.7771 	EXP 	probe: autoDraw = False
928.9622 	EXP 	Device response: <KeyPress from None: t=928.7530909000016, value=v, duration=0.20663430000058725>
929.7603 	EXP 	fixation: autoDraw = True
929.7603 	EXP 	line1: autoDraw = True
929.7603 	EXP 	line2: autoDraw = True
929.7603 	EXP 	line3: autoDraw = True
929.7603 	EXP 	line4: autoDraw = True
930.7746 	INFO 	Keyboard events cleared
930.7745 	EXP 	fixation: autoDraw = False
930.7745 	EXP 	probe: autoDraw = True
931.2765 	DATA 	Keypress: v
931.2914 	EXP 	Device response: <KeyPress from None: t=931.2753487000009, value=v, duration=None>
931.2919 	EXP 	New trial (rep=33, index=154): <Trial 154 (154 in rep 33) data={'pos': -50, 'corr_resp': 'x', 'thisN': 154, 'thisTrialN': 154, 'thisRepN': 33}>
931.3076 	EXP 	fixation: autoDraw = False
931.3076 	EXP 	line1: autoDraw = False
931.3076 	EXP 	line2: autoDraw = False
931.3076 	EXP 	line3: autoDraw = False
931.3076 	EXP 	line4: autoDraw = False
931.3076 	EXP 	probe: autoDraw = False
931.5074 	EXP 	Device response: <KeyPress from None: t=931.2753487000009, value=v, duration=0.21730849999948987>
932.2929 	EXP 	fixation: autoDraw = True
932.2929 	EXP 	line1: autoDraw = True
932.2929 	EXP 	line2: autoDraw = True
932.2929 	EXP 	line3: autoDraw = True
932.2929 	EXP 	line4: autoDraw = True
933.2965 	INFO 	Keyboard events cleared
933.2961 	EXP 	fixation: autoDraw = False
933.2961 	EXP 	probe: autoDraw = True
934.5988 	EXP 	Device response: <KeyPress from None: t=934.5969874000002, value=x, duration=None>
934.5996 	EXP 	New trial (rep=34, index=155): <Trial 155 (155 in rep 34) data={'pos': -50, 'corr_resp': 'x', 'thisN': 155, 'thisTrialN': 155, 'thisRepN': 34}>
934.6032 	DATA 	Keypress: x
934.6261 	EXP 	fixation: autoDraw = False
934.6261 	EXP 	line1: autoDraw = False
934.6261 	EXP 	line2: autoDraw = False
934.6261 	EXP 	line3: autoDraw = False
934.6261 	EXP 	line4: autoDraw = False
934.6261 	EXP 	probe: autoDraw = False
934.9316 	EXP 	Device response: <KeyPress from None: t=934.5969874000002, value=x, duration=0.3259046999992279>
935.6132 	EXP 	fixation: autoDraw = True
935.6132 	EXP 	line1: autoDraw = True
935.6132 	EXP 	line2: autoDraw = True
935.6132 	EXP 	line3: autoDraw = True
935.6132 	EXP 	line4: autoDraw = True
936.6101 	INFO 	Keyboard events cleared
936.6099 	EXP 	probe: autoDraw = True
936.6264 	EXP 	fixation: autoDraw = False
937.1937 	EXP 	Device response: <KeyPress from None: t=937.1867683000019, value=x, duration=None>
937.1942 	EXP 	New trial (rep=44, index=156): <Trial 156 (156 in rep 44) data={'pos': -150, 'corr_resp': 'z', 'thisN': 156, 'thisTrialN': 156, 'thisRepN': 44}>
937.1954 	DATA 	Keypress: x
937.2105 	EXP 	fixation: autoDraw = False
937.2105 	EXP 	line1: autoDraw = False
937.2105 	EXP 	line2: autoDraw = False
937.2105 	EXP 	line3: autoDraw = False
937.2105 	EXP 	line4: autoDraw = False
937.2105 	EXP 	probe: autoDraw = False
937.3437 	EXP 	Device response: <KeyPress from None: t=937.1867683000019, value=x, duration=0.15666629999759607>
938.2078 	EXP 	fixation: autoDraw = True
938.2078 	EXP 	line1: autoDraw = True
938.2078 	EXP 	line2: autoDraw = True
938.2078 	EXP 	line3: autoDraw = True
938.2078 	EXP 	line4: autoDraw = True
939.1932 	INFO 	Keyboard events cleared
939.1930 	EXP 	probe: autoDraw = True
939.2097 	EXP 	fixation: autoDraw = False
940.3768 	EXP 	Device response: <KeyPress from None: t=940.3718721000005, value=z, duration=None>
940.3772 	EXP 	New trial (rep=45, index=157): <Trial 157 (157 in rep 45) data={'pos': -150, 'corr_resp': 'z', 'thisN': 157, 'thisTrialN': 157, 'thisRepN': 45}>
940.3781 	DATA 	Keypress: z
940.3912 	EXP 	fixation: autoDraw = False
940.3912 	EXP 	line1: autoDraw = False
940.3912 	EXP 	line2: autoDraw = False
940.3912 	EXP 	line3: autoDraw = False
940.3912 	EXP 	line4: autoDraw = False
940.3912 	EXP 	probe: autoDraw = False
940.5603 	EXP 	Device response: <KeyPress from None: t=940.3718721000005, value=z, duration=0.18599410000024363>
941.3767 	EXP 	fixation: autoDraw = True
941.3767 	EXP 	line1: autoDraw = True
941.3767 	EXP 	line2: autoDraw = True
941.3767 	EXP 	line3: autoDraw = True
941.3767 	EXP 	line4: autoDraw = True
942.3768 	INFO 	Keyboard events cleared
942.3766 	EXP 	fixation: autoDraw = False
942.3766 	EXP 	probe: autoDraw = True
943.0640 	EXP 	Device response: <KeyPress from None: t=943.059741699999, value=z, duration=None>
943.0644 	EXP 	New trial (rep=35, index=158): <Trial 158 (158 in rep 35) data={'pos': 50, 'corr_resp': 'c', 'thisN': 158, 'thisTrialN': 158, 'thisRepN': 35}>
943.0659 	DATA 	Keypress: z
943.0804 	EXP 	fixation: autoDraw = False
943.0804 	EXP 	line1: autoDraw = False
943.0804 	EXP 	line2: autoDraw = False
943.0804 	EXP 	line3: autoDraw = False
943.0804 	EXP 	line4: autoDraw = False
943.0804 	EXP 	probe: autoDraw = False
943.1986 	EXP 	Device response: <KeyPress from None: t=943.059741699999, value=z, duration=0.13247700000283658>
944.0802 	EXP 	fixation: autoDraw = True
944.0802 	EXP 	line1: autoDraw = True
944.0802 	EXP 	line2: autoDraw = True
944.0802 	EXP 	line3: autoDraw = True
944.0802 	EXP 	line4: autoDraw = True
945.0753 	INFO 	Keyboard events cleared
945.0751 	EXP 	probe: autoDraw = True
945.0936 	EXP 	fixation: autoDraw = False
945.8939 	EXP 	Device response: <KeyPress from None: t=945.8930662000021, value=c, duration=None>
945.8943 	EXP 	New trial (rep=42, index=159): <Trial 159 (159 in rep 42) data={'pos': 150, 'corr_resp': 'v', 'thisN': 159, 'thisTrialN': 159, 'thisRepN': 42}>
945.8955 	DATA 	Keypress: c
945.9099 	EXP 	fixation: autoDraw = False
945.9099 	EXP 	line1: autoDraw = False
945.9099 	EXP 	line2: autoDraw = False
945.9099 	EXP 	line3: autoDraw = False
945.9099 	EXP 	line4: autoDraw = False
945.9099 	EXP 	probe: autoDraw = False
946.0764 	EXP 	Device response: <KeyPress from None: t=945.8930662000021, value=c, duration=0.17693089999738731>
946.8930 	EXP 	fixation: autoDraw = True
946.8930 	EXP 	line1: autoDraw = True
946.8930 	EXP 	line2: autoDraw = True
946.8930 	EXP 	line3: autoDraw = True
946.8930 	EXP 	line4: autoDraw = True
947.8937 	EXP 	fixation: autoDraw = False
947.9100 	INFO 	Keyboard events cleared
947.9098 	EXP 	probe: autoDraw = True
948.4781 	EXP 	Device response: <KeyPress from None: t=948.4778017999997, value=v, duration=None>
948.4798 	DATA 	Keypress: v
948.4934 	EXP 	New trial (rep=43, index=160): <Trial 160 (160 in rep 43) data={'pos': 150, 'corr_resp': 'v', 'thisN': 160, 'thisTrialN': 160, 'thisRepN': 43}>
948.5093 	EXP 	fixation: autoDraw = False
948.5093 	EXP 	line1: autoDraw = False
948.5093 	EXP 	line2: autoDraw = False
948.5093 	EXP 	line3: autoDraw = False
948.5093 	EXP 	line4: autoDraw = False
948.5093 	EXP 	probe: autoDraw = False
948.6609 	EXP 	Device response: <KeyPress from None: t=948.4778017999997, value=v, duration=0.16751840000142693>
949.4930 	EXP 	fixation: autoDraw = True
949.4930 	EXP 	line1: autoDraw = True
949.4930 	EXP 	line2: autoDraw = True
949.4930 	EXP 	line3: autoDraw = True
949.4930 	EXP 	line4: autoDraw = True
950.4930 	INFO 	Keyboard events cleared
950.4928 	EXP 	fixation: autoDraw = False
950.4928 	EXP 	probe: autoDraw = True
950.9771 	EXP 	Device response: <KeyPress from None: t=950.9738538999991, value=v, duration=None>
950.9775 	EXP 	New trial (rep=35, index=161): <Trial 161 (161 in rep 35) data={'pos': -50, 'corr_resp': 'x', 'thisN': 161, 'thisTrialN': 161, 'thisRepN': 35}>
950.9789 	DATA 	Keypress: v
950.9926 	EXP 	fixation: autoDraw = False
950.9926 	EXP 	line1: autoDraw = False
950.9926 	EXP 	line2: autoDraw = False
950.9926 	EXP 	line3: autoDraw = False
950.9926 	EXP 	line4: autoDraw = False
950.9926 	EXP 	probe: autoDraw = False
951.1764 	EXP 	Device response: <KeyPress from None: t=950.9738538999991, value=v, duration=0.19106570000076317>
951.9913 	EXP 	fixation: autoDraw = True
951.9913 	EXP 	line1: autoDraw = True
951.9913 	EXP 	line2: autoDraw = True
951.9913 	EXP 	line3: autoDraw = True
951.9913 	EXP 	line4: autoDraw = True
952.9767 	INFO 	Keyboard events cleared
952.9765 	EXP 	probe: autoDraw = True
952.9927 	EXP 	fixation: autoDraw = False
953.6268 	EXP 	Device response: <KeyPress from None: t=953.6169139000012, value=x, duration=None>
953.6272 	EXP 	New trial (rep=36, index=162): <Trial 162 (162 in rep 36) data={'pos': -50, 'corr_resp': 'x', 'thisN': 162, 'thisTrialN': 162, 'thisRepN': 36}>
953.6285 	DATA 	Keypress: x
953.6426 	EXP 	fixation: autoDraw = False
953.6426 	EXP 	line1: autoDraw = False
953.6426 	EXP 	line2: autoDraw = False
953.6426 	EXP 	line3: autoDraw = False
953.6426 	EXP 	line4: autoDraw = False
953.6426 	EXP 	probe: autoDraw = False
953.7939 	EXP 	Device response: <KeyPress from None: t=953.6169139000012, value=x, duration=0.1646096000004036>
954.6429 	EXP 	fixation: autoDraw = True
954.6429 	EXP 	line1: autoDraw = True
954.6429 	EXP 	line2: autoDraw = True
954.6429 	EXP 	line3: autoDraw = True
954.6429 	EXP 	line4: autoDraw = True
955.6272 	INFO 	Keyboard events cleared
955.6270 	EXP 	probe: autoDraw = True
955.6437 	EXP 	fixation: autoDraw = False
956.7104 	EXP 	Device response: <KeyPress from None: t=956.7078403000014, value=x, duration=None>
956.7108 	EXP 	New trial (rep=36, index=163): <Trial 163 (163 in rep 36) data={'pos': 50, 'corr_resp': 'c', 'thisN': 163, 'thisTrialN': 163, 'thisRepN': 36}>
956.7123 	DATA 	Keypress: x
956.7265 	EXP 	fixation: autoDraw = False
956.7265 	EXP 	line1: autoDraw = False
956.7265 	EXP 	line2: autoDraw = False
956.7265 	EXP 	line3: autoDraw = False
956.7265 	EXP 	line4: autoDraw = False
956.7265 	EXP 	probe: autoDraw = False
956.8598 	EXP 	Device response: <KeyPress from None: t=956.7078403000014, value=x, duration=0.1416308999978355>
957.7250 	EXP 	fixation: autoDraw = True
957.7250 	EXP 	line1: autoDraw = True
957.7250 	EXP 	line2: autoDraw = True
957.7250 	EXP 	line3: autoDraw = True
957.7250 	EXP 	line4: autoDraw = True
958.7270 	INFO 	Keyboard events cleared
958.7268 	EXP 	fixation: autoDraw = False
958.7268 	EXP 	probe: autoDraw = True
959.6469 	EXP 	Device response: <KeyPress from None: t=959.6357545999999, value=c, duration=None>
959.6476 	EXP 	New trial (rep=37, index=164): <Trial 164 (164 in rep 37) data={'pos': -50, 'corr_resp': 'x', 'thisN': 164, 'thisTrialN': 164, 'thisRepN': 37}>
959.6500 	DATA 	Keypress: c
959.6615 	EXP 	fixation: autoDraw = False
959.6615 	EXP 	line1: autoDraw = False
959.6615 	EXP 	line2: autoDraw = False
959.6615 	EXP 	line3: autoDraw = False
959.6615 	EXP 	line4: autoDraw = False
959.6615 	EXP 	probe: autoDraw = False
959.8104 	EXP 	Device response: <KeyPress from None: t=959.6357545999999, value=c, duration=0.16910120000102324>
960.6632 	EXP 	fixation: autoDraw = True
960.6632 	EXP 	line1: autoDraw = True
960.6632 	EXP 	line2: autoDraw = True
960.6632 	EXP 	line3: autoDraw = True
960.6632 	EXP 	line4: autoDraw = True
961.6606 	INFO 	Keyboard events cleared
961.6604 	EXP 	probe: autoDraw = True
961.6770 	EXP 	fixation: autoDraw = False
962.1436 	EXP 	Device response: <KeyPress from None: t=962.1389186999986, value=x, duration=None>
962.1441 	EXP 	New trial (rep=38, index=165): <Trial 165 (165 in rep 38) data={'pos': -50, 'corr_resp': 'x', 'thisN': 165, 'thisTrialN': 165, 'thisRepN': 38}>
962.1453 	DATA 	Keypress: x
962.1603 	EXP 	fixation: autoDraw = False
962.1603 	EXP 	line1: autoDraw = False
962.1603 	EXP 	line2: autoDraw = False
962.1603 	EXP 	line3: autoDraw = False
962.1603 	EXP 	line4: autoDraw = False
962.1603 	EXP 	probe: autoDraw = False
962.3095 	EXP 	Device response: <KeyPress from None: t=962.1389186999986, value=x, duration=0.16569990000061807>
963.1472 	EXP 	fixation: autoDraw = True
963.1472 	EXP 	line1: autoDraw = True
963.1472 	EXP 	line2: autoDraw = True
963.1472 	EXP 	line3: autoDraw = True
963.1472 	EXP 	line4: autoDraw = True
964.1429 	INFO 	Keyboard events cleared
964.1427 	EXP 	probe: autoDraw = True
964.1598 	EXP 	fixation: autoDraw = False
964.5825 	EXP 	Device response: <KeyPress from None: t=964.5717239000005, value=x, duration=None>
964.5832 	EXP 	New trial (rep=37, index=166): <Trial 166 (166 in rep 37) data={'pos': 50, 'corr_resp': 'c', 'thisN': 166, 'thisTrialN': 166, 'thisRepN': 37}>
964.5858 	DATA 	Keypress: x
964.5977 	EXP 	fixation: autoDraw = False
964.5977 	EXP 	line1: autoDraw = False
964.5977 	EXP 	line2: autoDraw = False
964.5977 	EXP 	line3: autoDraw = False
964.5977 	EXP 	line4: autoDraw = False
964.5977 	EXP 	probe: autoDraw = False
964.7596 	EXP 	Device response: <KeyPress from None: t=964.5717239000005, value=x, duration=0.17529579999973066>
965.5926 	EXP 	fixation: autoDraw = True
965.5926 	EXP 	line1: autoDraw = True
965.5926 	EXP 	line2: autoDraw = True
965.5926 	EXP 	line3: autoDraw = True
965.5926 	EXP 	line4: autoDraw = True
966.5935 	INFO 	Keyboard events cleared
966.5933 	EXP 	fixation: autoDraw = False
966.5933 	EXP 	probe: autoDraw = True
967.5812 	EXP 	Device response: <KeyPress from None: t=967.5764864000012, value=c, duration=None>
967.5819 	EXP 	New trial (rep=38, index=167): <Trial 167 (167 in rep 38) data={'pos': 50, 'corr_resp': 'c', 'thisN': 167, 'thisTrialN': 167, 'thisRepN': 38}>
967.5842 	DATA 	Keypress: c
967.5951 	EXP 	fixation: autoDraw = False
967.5951 	EXP 	line1: autoDraw = False
967.5951 	EXP 	line2: autoDraw = False
967.5951 	EXP 	line3: autoDraw = False
967.5951 	EXP 	line4: autoDraw = False
967.5951 	EXP 	probe: autoDraw = False
967.7631 	EXP 	Device response: <KeyPress from None: t=967.5764864000012, value=c, duration=0.17553839999891352>
968.5929 	EXP 	fixation: autoDraw = True
968.5929 	EXP 	line1: autoDraw = True
968.5929 	EXP 	line2: autoDraw = True
968.5929 	EXP 	line3: autoDraw = True
968.5929 	EXP 	line4: autoDraw = True
969.5935 	INFO 	Keyboard events cleared
969.5933 	EXP 	fixation: autoDraw = False
969.5933 	EXP 	probe: autoDraw = True
970.3114 	DATA 	Keypress: c
970.3284 	EXP 	Device response: <KeyPress from None: t=970.3097144000021, value=c, duration=None>
970.3288 	EXP 	New trial (rep=39, index=168): <Trial 168 (168 in rep 39) data={'pos': -50, 'corr_resp': 'x', 'thisN': 168, 'thisTrialN': 168, 'thisRepN': 39}>
970.3431 	EXP 	fixation: autoDraw = False
970.3431 	EXP 	line1: autoDraw = False
970.3431 	EXP 	line2: autoDraw = False
970.3431 	EXP 	line3: autoDraw = False
970.3431 	EXP 	line4: autoDraw = False
970.3431 	EXP 	probe: autoDraw = False
970.4920 	EXP 	Device response: <KeyPress from None: t=970.3097144000021, value=c, duration=0.17542439999670023>
971.3435 	EXP 	fixation: autoDraw = True
971.3435 	EXP 	line1: autoDraw = True
971.3435 	EXP 	line2: autoDraw = True
971.3435 	EXP 	line3: autoDraw = True
971.3435 	EXP 	line4: autoDraw = True
972.3436 	INFO 	Keyboard events cleared
972.3434 	EXP 	fixation: autoDraw = False
972.3434 	EXP 	probe: autoDraw = True
973.0424 	EXP 	Device response: <KeyPress from None: t=973.0282470999991, value=x, duration=None>
973.0428 	EXP 	New trial (rep=39, index=169): <Trial 169 (169 in rep 39) data={'pos': 50, 'corr_resp': 'c', 'thisN': 169, 'thisTrialN': 169, 'thisRepN': 39}>
973.0442 	DATA 	Keypress: x
973.0574 	EXP 	fixation: autoDraw = False
973.0574 	EXP 	line1: autoDraw = False
973.0574 	EXP 	line2: autoDraw = False
973.0574 	EXP 	line3: autoDraw = False
973.0574 	EXP 	line4: autoDraw = False
973.0574 	EXP 	probe: autoDraw = False
973.2101 	EXP 	Device response: <KeyPress from None: t=973.0282470999991, value=x, duration=0.16609000000244123>
974.0427 	EXP 	fixation: autoDraw = True
974.0427 	EXP 	line1: autoDraw = True
974.0427 	EXP 	line2: autoDraw = True
974.0427 	EXP 	line3: autoDraw = True
974.0427 	EXP 	line4: autoDraw = True
975.0433 	INFO 	Keyboard events cleared
975.0431 	EXP 	fixation: autoDraw = False
975.0431 	EXP 	probe: autoDraw = True
976.1767 	EXP 	Device response: <KeyPress from None: t=976.1695459000002, value=c, duration=None>
976.1772 	EXP 	New trial (rep=46, index=170): <Trial 170 (170 in rep 46) data={'pos': -150, 'corr_resp': 'z', 'thisN': 170, 'thisTrialN': 170, 'thisRepN': 46}>
976.1785 	DATA 	Keypress: c
976.1935 	EXP 	fixation: autoDraw = False
976.1935 	EXP 	line1: autoDraw = False
976.1935 	EXP 	line2: autoDraw = False
976.1935 	EXP 	line3: autoDraw = False
976.1935 	EXP 	line4: autoDraw = False
976.1935 	EXP 	probe: autoDraw = False
976.3279 	EXP 	Device response: <KeyPress from None: t=976.1695459000002, value=c, duration=0.15591029999995953>
977.1932 	EXP 	fixation: autoDraw = True
977.1932 	EXP 	line1: autoDraw = True
977.1932 	EXP 	line2: autoDraw = True
977.1932 	EXP 	line3: autoDraw = True
977.1932 	EXP 	line4: autoDraw = True
978.1763 	INFO 	Keyboard events cleared
978.1761 	EXP 	probe: autoDraw = True
978.1933 	EXP 	fixation: autoDraw = False
978.8924 	EXP 	Device response: <KeyPress from None: t=978.886196899999, value=z, duration=None>
978.8928 	EXP 	New trial (rep=40, index=171): <Trial 171 (171 in rep 40) data={'pos': 50, 'corr_resp': 'c', 'thisN': 171, 'thisTrialN': 171, 'thisRepN': 40}>
978.8938 	DATA 	Keypress: z
978.9091 	EXP 	fixation: autoDraw = False
978.9091 	EXP 	line1: autoDraw = False
978.9091 	EXP 	line2: autoDraw = False
978.9091 	EXP 	line3: autoDraw = False
978.9091 	EXP 	line4: autoDraw = False
978.9091 	EXP 	probe: autoDraw = False
979.0768 	EXP 	Device response: <KeyPress from None: t=978.886196899999, value=z, duration=0.18522170000142069>
979.8962 	EXP 	fixation: autoDraw = True
979.8962 	EXP 	line1: autoDraw = True
979.8962 	EXP 	line2: autoDraw = True
979.8962 	EXP 	line3: autoDraw = True
979.8962 	EXP 	line4: autoDraw = True
980.8957 	INFO 	Keyboard events cleared
980.8954 	EXP 	fixation: autoDraw = False
980.8954 	EXP 	probe: autoDraw = True
981.4811 	EXP 	Device response: <KeyPress from None: t=981.4740858000005, value=c, duration=None>
981.4817 	EXP 	New trial (rep=47, index=172): <Trial 172 (172 in rep 47) data={'pos': -150, 'corr_resp': 'z', 'thisN': 172, 'thisTrialN': 172, 'thisRepN': 47}>
981.4840 	DATA 	Keypress: c
981.4955 	EXP 	fixation: autoDraw = False
981.4955 	EXP 	line1: autoDraw = False
981.4955 	EXP 	line2: autoDraw = False
981.4955 	EXP 	line3: autoDraw = False
981.4955 	EXP 	line4: autoDraw = False
981.4955 	EXP 	probe: autoDraw = False
981.6298 	EXP 	Device response: <KeyPress from None: t=981.4740858000005, value=c, duration=0.14838379999855533>
982.4929 	EXP 	fixation: autoDraw = True
982.4929 	EXP 	line1: autoDraw = True
982.4929 	EXP 	line2: autoDraw = True
982.4929 	EXP 	line3: autoDraw = True
982.4929 	EXP 	line4: autoDraw = True
983.4931 	INFO 	Keyboard events cleared
983.4929 	EXP 	fixation: autoDraw = False
983.4929 	EXP 	probe: autoDraw = True
984.1100 	EXP 	Device response: <KeyPress from None: t=984.1061593000013, value=z, duration=None>
984.1104 	EXP 	New trial (rep=44, index=173): <Trial 173 (173 in rep 44) data={'pos': 150, 'corr_resp': 'v', 'thisN': 173, 'thisTrialN': 173, 'thisRepN': 44}>
984.1116 	DATA 	Keypress: z
984.1257 	EXP 	fixation: autoDraw = False
984.1257 	EXP 	line1: autoDraw = False
984.1257 	EXP 	line2: autoDraw = False
984.1257 	EXP 	line3: autoDraw = False
984.1257 	EXP 	line4: autoDraw = False
984.1257 	EXP 	probe: autoDraw = False
984.3443 	EXP 	Device response: <KeyPress from None: t=984.1061593000013, value=z, duration=0.2265306999979657>
985.1099 	EXP 	fixation: autoDraw = True
985.1099 	EXP 	line1: autoDraw = True
985.1099 	EXP 	line2: autoDraw = True
985.1099 	EXP 	line3: autoDraw = True
985.1099 	EXP 	line4: autoDraw = True
986.1123 	INFO 	Keyboard events cleared
986.1119 	EXP 	fixation: autoDraw = False
986.1119 	EXP 	probe: autoDraw = True
987.1079 	EXP 	Device response: <KeyPress from None: t=987.103651100002, value=c, duration=None>
987.1082 	EXP 	New trial (rep=40, index=174): <Trial 174 (174 in rep 40) data={'pos': -50, 'corr_resp': 'x', 'thisN': 174, 'thisTrialN': 174, 'thisRepN': 40}>
987.1092 	DATA 	Keypress: c
987.1240 	EXP 	fixation: autoDraw = False
987.1240 	EXP 	line1: autoDraw = False
987.1240 	EXP 	line2: autoDraw = False
987.1240 	EXP 	line3: autoDraw = False
987.1240 	EXP 	line4: autoDraw = False
987.1240 	EXP 	probe: autoDraw = False
987.1741 	EXP 	Device response: <KeyPress from None: t=987.1655247000017, value=v, duration=None>
987.1748 	DATA 	Keypress: v
987.1910 	EXP 	Device response: <KeyPress from None: t=987.103651100002, value=c, duration=0.07359489999726065>
987.4090 	EXP 	Device response: <KeyPress from None: t=987.1655247000017, value=v, duration=0.22938449999855948>
988.1094 	EXP 	fixation: autoDraw = True
988.1094 	EXP 	line1: autoDraw = True
988.1094 	EXP 	line2: autoDraw = True
988.1094 	EXP 	line3: autoDraw = True
988.1094 	EXP 	line4: autoDraw = True
989.1137 	INFO 	Keyboard events cleared
989.1134 	EXP 	fixation: autoDraw = False
989.1134 	EXP 	probe: autoDraw = True
989.5812 	EXP 	Device response: <KeyPress from None: t=989.5755003000013, value=x, duration=None>
989.5819 	EXP 	New trial (rep=41, index=175): <Trial 175 (175 in rep 41) data={'pos': -50, 'corr_resp': 'x', 'thisN': 175, 'thisTrialN': 175, 'thisRepN': 41}>
989.5843 	DATA 	Keypress: x
989.5978 	EXP 	fixation: autoDraw = False
989.5978 	EXP 	line1: autoDraw = False
989.5978 	EXP 	line2: autoDraw = False
989.5978 	EXP 	line3: autoDraw = False
989.5978 	EXP 	line4: autoDraw = False
989.5978 	EXP 	probe: autoDraw = False
989.7473 	EXP 	Device response: <KeyPress from None: t=989.5755003000013, value=x, duration=0.16144200000053388>
990.5961 	EXP 	fixation: autoDraw = True
990.5961 	EXP 	line1: autoDraw = True
990.5961 	EXP 	line2: autoDraw = True
990.5961 	EXP 	line3: autoDraw = True
990.5961 	EXP 	line4: autoDraw = True
991.5933 	INFO 	Keyboard events cleared
991.5931 	EXP 	probe: autoDraw = True
991.6092 	EXP 	fixation: autoDraw = False
992.1098 	EXP 	Device response: <KeyPress from None: t=992.1047929999986, value=x, duration=None>
992.1102 	EXP 	New trial (rep=42, index=176): <Trial 176 (176 in rep 42) data={'pos': -50, 'corr_resp': 'x', 'thisN': 176, 'thisTrialN': 176, 'thisRepN': 42}>
992.1114 	DATA 	Keypress: x
992.1266 	EXP 	fixation: autoDraw = False
992.1266 	EXP 	line1: autoDraw = False
992.1266 	EXP 	line2: autoDraw = False
992.1266 	EXP 	line3: autoDraw = False
992.1266 	EXP 	line4: autoDraw = False
992.1266 	EXP 	probe: autoDraw = False
992.2933 	EXP 	Device response: <KeyPress from None: t=992.1047929999986, value=x, duration=0.17233630000191624>
993.1230 	EXP 	fixation: autoDraw = True
993.1230 	EXP 	line1: autoDraw = True
993.1230 	EXP 	line2: autoDraw = True
993.1230 	EXP 	line3: autoDraw = True
993.1230 	EXP 	line4: autoDraw = True
994.1262 	INFO 	Keyboard events cleared
994.1260 	EXP 	fixation: autoDraw = False
994.1260 	EXP 	probe: autoDraw = True
994.5664 	EXP 	Device response: <KeyPress from None: t=994.5616645000009, value=x, duration=None>
994.5671 	EXP 	New trial (rep=41, index=177): <Trial 177 (177 in rep 41) data={'pos': 50, 'corr_resp': 'c', 'thisN': 177, 'thisTrialN': 177, 'thisRepN': 41}>
994.5698 	DATA 	Keypress: x
994.5930 	EXP 	fixation: autoDraw = False
994.5930 	EXP 	line1: autoDraw = False
994.5930 	EXP 	line2: autoDraw = False
994.5930 	EXP 	line3: autoDraw = False
994.5930 	EXP 	line4: autoDraw = False
994.5930 	EXP 	probe: autoDraw = False
994.7310 	EXP 	Device response: <KeyPress from None: t=994.5616645000009, value=x, duration=0.16807300000073155>
995.5792 	EXP 	fixation: autoDraw = True
995.5792 	EXP 	line1: autoDraw = True
995.5792 	EXP 	line2: autoDraw = True
995.5792 	EXP 	line3: autoDraw = True
995.5792 	EXP 	line4: autoDraw = True
996.5762 	INFO 	Keyboard events cleared
996.5760 	EXP 	probe: autoDraw = True
996.5927 	EXP 	fixation: autoDraw = False
997.6278 	EXP 	Device response: <KeyPress from None: t=997.6179178999992, value=c, duration=None>
997.6284 	EXP 	New trial (rep=45, index=178): <Trial 178 (178 in rep 45) data={'pos': 150, 'corr_resp': 'v', 'thisN': 178, 'thisTrialN': 178, 'thisRepN': 45}>
997.6308 	DATA 	Keypress: c
997.6430 	EXP 	fixation: autoDraw = False
997.6430 	EXP 	line1: autoDraw = False
997.6430 	EXP 	line2: autoDraw = False
997.6430 	EXP 	line3: autoDraw = False
997.6430 	EXP 	line4: autoDraw = False
997.6430 	EXP 	probe: autoDraw = False
997.8425 	EXP 	Device response: <KeyPress from None: t=997.6179178999992, value=c, duration=0.21963210000103572>
998.6402 	EXP 	fixation: autoDraw = True
998.6402 	EXP 	line1: autoDraw = True
998.6402 	EXP 	line2: autoDraw = True
998.6402 	EXP 	line3: autoDraw = True
998.6402 	EXP 	line4: autoDraw = True
999.6290 	INFO 	Keyboard events cleared
999.6287 	EXP 	probe: autoDraw = True
999.6460 	EXP 	fixation: autoDraw = False
1000.3987 	EXP 	Device response: <KeyPress from None: t=1000.3940088000018, value=v, duration=None>
1000.3996 	EXP 	New trial (rep=46, index=179): <Trial 179 (179 in rep 46) data={'pos': 150, 'corr_resp': 'v', 'thisN': 179, 'thisTrialN': 179, 'thisRepN': 46}>
1000.4022 	DATA 	Keypress: v
1000.4126 	EXP 	fixation: autoDraw = False
1000.4126 	EXP 	line1: autoDraw = False
1000.4126 	EXP 	line2: autoDraw = False
1000.4126 	EXP 	line3: autoDraw = False
1000.4126 	EXP 	line4: autoDraw = False
1000.4126 	EXP 	probe: autoDraw = False
1000.5640 	EXP 	Device response: <KeyPress from None: t=1000.3940088000018, value=v, duration=0.16626149999865447>
1001.4119 	EXP 	fixation: autoDraw = True
1001.4119 	EXP 	line1: autoDraw = True
1001.4119 	EXP 	line2: autoDraw = True
1001.4119 	EXP 	line3: autoDraw = True
1001.4119 	EXP 	line4: autoDraw = True
1002.4106 	INFO 	Keyboard events cleared
1002.4103 	EXP 	probe: autoDraw = True
1002.4278 	EXP 	fixation: autoDraw = False
1003.0594 	EXP 	Device response: <KeyPress from None: t=1003.0542244999997, value=v, duration=None>
1003.0598 	EXP 	New trial (rep=42, index=180): <Trial 180 (180 in rep 42) data={'pos': 50, 'corr_resp': 'c', 'thisN': 180, 'thisTrialN': 180, 'thisRepN': 42}>
1003.0610 	DATA 	Keypress: v
1003.0764 	EXP 	fixation: autoDraw = False
1003.0764 	EXP 	line1: autoDraw = False
1003.0764 	EXP 	line2: autoDraw = False
1003.0764 	EXP 	line3: autoDraw = False
1003.0764 	EXP 	line4: autoDraw = False
1003.0764 	EXP 	probe: autoDraw = False
1003.2263 	EXP 	Device response: <KeyPress from None: t=1003.0542244999997, value=v, duration=0.16881300000022748>
1004.0591 	EXP 	fixation: autoDraw = True
1004.0591 	EXP 	line1: autoDraw = True
1004.0591 	EXP 	line2: autoDraw = True
1004.0591 	EXP 	line3: autoDraw = True
1004.0591 	EXP 	line4: autoDraw = True
1005.0596 	INFO 	Keyboard events cleared
1005.0594 	EXP 	fixation: autoDraw = False
1005.0594 	EXP 	probe: autoDraw = True
1005.8422 	EXP 	Device response: <KeyPress from None: t=1005.8363325999999, value=c, duration=None>
1005.8426 	EXP 	New trial (rep=43, index=181): <Trial 181 (181 in rep 43) data={'pos': -50, 'corr_resp': 'x', 'thisN': 181, 'thisTrialN': 181, 'thisRepN': 43}>
1005.8439 	DATA 	Keypress: c
1005.8596 	EXP 	fixation: autoDraw = False
1005.8596 	EXP 	line1: autoDraw = False
1005.8596 	EXP 	line2: autoDraw = False
1005.8596 	EXP 	line3: autoDraw = False
1005.8596 	EXP 	line4: autoDraw = False
1005.8596 	EXP 	probe: autoDraw = False
1006.0261 	EXP 	Device response: <KeyPress from None: t=1005.8363325999999, value=c, duration=0.18555209999976796>
1006.8434 	EXP 	fixation: autoDraw = True
1006.8434 	EXP 	line1: autoDraw = True
1006.8434 	EXP 	line2: autoDraw = True
1006.8434 	EXP 	line3: autoDraw = True
1006.8434 	EXP 	line4: autoDraw = True
1007.8431 	INFO 	Keyboard events cleared
1007.8429 	EXP 	probe: autoDraw = True
1007.8592 	EXP 	fixation: autoDraw = False
1008.4599 	EXP 	Device response: <KeyPress from None: t=1008.4541480000007, value=x, duration=None>
1008.4604 	EXP 	New trial (rep=43, index=182): <Trial 182 (182 in rep 43) data={'pos': 50, 'corr_resp': 'c', 'thisN': 182, 'thisTrialN': 182, 'thisRepN': 43}>
1008.4616 	DATA 	Keypress: x
1008.4751 	EXP 	fixation: autoDraw = False
1008.4751 	EXP 	line1: autoDraw = False
1008.4751 	EXP 	line2: autoDraw = False
1008.4751 	EXP 	line3: autoDraw = False
1008.4751 	EXP 	line4: autoDraw = False
1008.4751 	EXP 	probe: autoDraw = False
1008.6802 	EXP 	Device response: <KeyPress from None: t=1008.4541480000007, value=x, duration=0.21256179999909364>
1009.4610 	EXP 	fixation: autoDraw = True
1009.4610 	EXP 	line1: autoDraw = True
1009.4610 	EXP 	line2: autoDraw = True
1009.4610 	EXP 	line3: autoDraw = True
1009.4610 	EXP 	line4: autoDraw = True
1010.4765 	INFO 	Keyboard events cleared
1010.4763 	EXP 	fixation: autoDraw = False
1010.4763 	EXP 	probe: autoDraw = True
1010.9436 	EXP 	Device response: <KeyPress from None: t=1010.9343157000003, value=c, duration=None>
1010.9440 	EXP 	New trial (rep=44, index=183): <Trial 183 (183 in rep 44) data={'pos': 50, 'corr_resp': 'c', 'thisN': 183, 'thisTrialN': 183, 'thisRepN': 44}>
1010.9453 	DATA 	Keypress: c
1010.9592 	EXP 	fixation: autoDraw = False
1010.9592 	EXP 	line1: autoDraw = False
1010.9592 	EXP 	line2: autoDraw = False
1010.9592 	EXP 	line3: autoDraw = False
1010.9592 	EXP 	line4: autoDraw = False
1010.9592 	EXP 	probe: autoDraw = False
1011.1093 	EXP 	Device response: <KeyPress from None: t=1010.9343157000003, value=c, duration=0.1702350999985356>
1011.9589 	EXP 	fixation: autoDraw = True
1011.9589 	EXP 	line1: autoDraw = True
1011.9589 	EXP 	line2: autoDraw = True
1011.9589 	EXP 	line3: autoDraw = True
1011.9589 	EXP 	line4: autoDraw = True
1012.9442 	INFO 	Keyboard events cleared
1012.9439 	EXP 	probe: autoDraw = True
1012.9611 	EXP 	fixation: autoDraw = False
1013.4616 	DATA 	Keypress: c
1013.4767 	EXP 	Device response: <KeyPress from None: t=1013.4598733999992, value=c, duration=None>
1013.4771 	EXP 	New trial (rep=45, index=184): <Trial 184 (184 in rep 45) data={'pos': 50, 'corr_resp': 'c', 'thisN': 184, 'thisTrialN': 184, 'thisRepN': 45}>
1013.4929 	EXP 	fixation: autoDraw = False
1013.4929 	EXP 	line1: autoDraw = False
1013.4929 	EXP 	line2: autoDraw = False
1013.4929 	EXP 	line3: autoDraw = False
1013.4929 	EXP 	line4: autoDraw = False
1013.4929 	EXP 	probe: autoDraw = False
1013.6091 	EXP 	Device response: <KeyPress from None: t=1013.4598733999992, value=c, duration=0.14437120000002324>
1014.4757 	EXP 	fixation: autoDraw = True
1014.4757 	EXP 	line1: autoDraw = True
1014.4757 	EXP 	line2: autoDraw = True
1014.4757 	EXP 	line3: autoDraw = True
1014.4757 	EXP 	line4: autoDraw = True
1015.4759 	EXP 	fixation: autoDraw = False
1015.4929 	INFO 	Keyboard events cleared
1015.4927 	EXP 	probe: autoDraw = True
1015.9265 	EXP 	Device response: <KeyPress from None: t=1015.9132400999988, value=c, duration=None>
1015.9269 	EXP 	New trial (rep=46, index=185): <Trial 185 (185 in rep 46) data={'pos': 50, 'corr_resp': 'c', 'thisN': 185, 'thisTrialN': 185, 'thisRepN': 46}>
1015.9283 	DATA 	Keypress: c
1015.9433 	EXP 	fixation: autoDraw = False
1015.9433 	EXP 	line1: autoDraw = False
1015.9433 	EXP 	line2: autoDraw = False
1015.9433 	EXP 	line3: autoDraw = False
1015.9433 	EXP 	line4: autoDraw = False
1015.9433 	EXP 	probe: autoDraw = False
1016.1100 	EXP 	Device response: <KeyPress from None: t=1015.9132400999988, value=c, duration=0.18194580000272254>
1016.9422 	EXP 	fixation: autoDraw = True
1016.9422 	EXP 	line1: autoDraw = True
1016.9422 	EXP 	line2: autoDraw = True
1016.9422 	EXP 	line3: autoDraw = True
1016.9422 	EXP 	line4: autoDraw = True
1017.9260 	INFO 	Keyboard events cleared
1017.9258 	EXP 	probe: autoDraw = True
1017.9416 	EXP 	fixation: autoDraw = False
1018.3923 	EXP 	Device response: <KeyPress from None: t=1018.3866392999989, value=c, duration=None>
1018.3928 	EXP 	New trial (rep=47, index=186): <Trial 186 (186 in rep 47) data={'pos': 50, 'corr_resp': 'c', 'thisN': 186, 'thisTrialN': 186, 'thisRepN': 47}>
1018.3939 	DATA 	Keypress: c
1018.4076 	EXP 	fixation: autoDraw = False
1018.4076 	EXP 	line1: autoDraw = False
1018.4076 	EXP 	line2: autoDraw = False
1018.4076 	EXP 	line3: autoDraw = False
1018.4076 	EXP 	line4: autoDraw = False
1018.4076 	EXP 	probe: autoDraw = False
1018.5150 	EXP 	Device response: <KeyPress from None: t=1018.3866392999989, value=c, duration=0.11059080000268295>
1019.3945 	EXP 	fixation: autoDraw = True
1019.3945 	EXP 	line1: autoDraw = True
1019.3945 	EXP 	line2: autoDraw = True
1019.3945 	EXP 	line3: autoDraw = True
1019.3945 	EXP 	line4: autoDraw = True
1020.4092 	INFO 	Keyboard events cleared
1020.4090 	EXP 	fixation: autoDraw = False
1020.4090 	EXP 	probe: autoDraw = True
1020.7827 	EXP 	Device response: <KeyPress from None: t=1020.7730788000008, value=c, duration=None>
1020.7835 	EXP 	New trial (rep=48, index=187): <Trial 187 (187 in rep 48) data={'pos': -150, 'corr_resp': 'z', 'thisN': 187, 'thisTrialN': 187, 'thisRepN': 48}>
1020.7860 	DATA 	Keypress: c
1020.8095 	EXP 	fixation: autoDraw = False
1020.8095 	EXP 	line1: autoDraw = False
1020.8095 	EXP 	line2: autoDraw = False
1020.8095 	EXP 	line3: autoDraw = False
1020.8095 	EXP 	line4: autoDraw = False
1020.8095 	EXP 	probe: autoDraw = False
1020.9277 	EXP 	Device response: <KeyPress from None: t=1020.7730788000008, value=c, duration=0.14623500000016065>
1021.7914 	EXP 	fixation: autoDraw = True
1021.7914 	EXP 	line1: autoDraw = True
1021.7914 	EXP 	line2: autoDraw = True
1021.7914 	EXP 	line3: autoDraw = True
1021.7914 	EXP 	line4: autoDraw = True
1022.7926 	INFO 	Keyboard events cleared
1022.7924 	EXP 	fixation: autoDraw = False
1022.7924 	EXP 	probe: autoDraw = True
1023.4763 	EXP 	Device response: <KeyPress from None: t=1023.4650661999985, value=z, duration=None>
1023.4768 	EXP 	New trial (rep=48, index=188): <Trial 188 (188 in rep 48) data={'pos': 50, 'corr_resp': 'c', 'thisN': 188, 'thisTrialN': 188, 'thisRepN': 48}>
1023.4780 	DATA 	Keypress: z
1023.4924 	EXP 	fixation: autoDraw = False
1023.4924 	EXP 	line1: autoDraw = False
1023.4924 	EXP 	line2: autoDraw = False
1023.4924 	EXP 	line3: autoDraw = False
1023.4924 	EXP 	line4: autoDraw = False
1023.4924 	EXP 	probe: autoDraw = False
1023.6926 	EXP 	Device response: <KeyPress from None: t=1023.4650661999985, value=z, duration=0.21199970000088797>
1024.4771 	EXP 	fixation: autoDraw = True
1024.4771 	EXP 	line1: autoDraw = True
1024.4771 	EXP 	line2: autoDraw = True
1024.4771 	EXP 	line3: autoDraw = True
1024.4771 	EXP 	line4: autoDraw = True
1025.4760 	INFO 	Keyboard events cleared
1025.4758 	EXP 	probe: autoDraw = True
1025.4926 	EXP 	fixation: autoDraw = False
1026.1764 	EXP 	Device response: <KeyPress from None: t=1026.1717003000012, value=c, duration=None>
1026.1768 	EXP 	New trial (rep=47, index=189): <Trial 189 (189 in rep 47) data={'pos': 150, 'corr_resp': 'v', 'thisN': 189, 'thisTrialN': 189, 'thisRepN': 47}>
1026.1782 	DATA 	Keypress: c
1026.1928 	EXP 	fixation: autoDraw = False
1026.1928 	EXP 	line1: autoDraw = False
1026.1928 	EXP 	line2: autoDraw = False
1026.1928 	EXP 	line3: autoDraw = False
1026.1928 	EXP 	line4: autoDraw = False
1026.1928 	EXP 	probe: autoDraw = False
1026.3598 	EXP 	Device response: <KeyPress from None: t=1026.1717003000012, value=c, duration=0.18253360000016983>
1027.1912 	EXP 	fixation: autoDraw = True
1027.1912 	EXP 	line1: autoDraw = True
1027.1912 	EXP 	line2: autoDraw = True
1027.1912 	EXP 	line3: autoDraw = True
1027.1912 	EXP 	line4: autoDraw = True
1028.1921 	INFO 	Keyboard events cleared
1028.1919 	EXP 	fixation: autoDraw = False
1028.1919 	EXP 	probe: autoDraw = True
1028.8419 	EXP 	Device response: <KeyPress from None: t=1028.837434699999, value=v, duration=None>
1028.8424 	EXP 	New trial (rep=44, index=190): <Trial 190 (190 in rep 44) data={'pos': -50, 'corr_resp': 'x', 'thisN': 190, 'thisTrialN': 190, 'thisRepN': 44}>
1028.8436 	DATA 	Keypress: v
1028.8588 	EXP 	fixation: autoDraw = False
1028.8588 	EXP 	line1: autoDraw = False
1028.8588 	EXP 	line2: autoDraw = False
1028.8588 	EXP 	line3: autoDraw = False
1028.8588 	EXP 	line4: autoDraw = False
1028.8588 	EXP 	probe: autoDraw = False
1029.0927 	EXP 	Device response: <KeyPress from None: t=1028.837434699999, value=v, duration=0.2462048000015784>
1029.8460 	EXP 	fixation: autoDraw = True
1029.8460 	EXP 	line1: autoDraw = True
1029.8460 	EXP 	line2: autoDraw = True
1029.8460 	EXP 	line3: autoDraw = True
1029.8460 	EXP 	line4: autoDraw = True
1030.8471 	INFO 	Keyboard events cleared
1030.8468 	EXP 	fixation: autoDraw = False
1030.8468 	EXP 	probe: autoDraw = True
1031.8599 	EXP 	Device response: <KeyPress from None: t=1031.8497497999997, value=x, duration=None>
1031.8604 	EXP 	New trial (rep=49, index=191): <Trial 191 (191 in rep 49) data={'pos': -150, 'corr_resp': 'z', 'thisN': 191, 'thisTrialN': 191, 'thisRepN': 49}>
1031.8620 	DATA 	Keypress: x
1031.8764 	EXP 	fixation: autoDraw = False
1031.8764 	EXP 	line1: autoDraw = False
1031.8764 	EXP 	line2: autoDraw = False
1031.8764 	EXP 	line3: autoDraw = False
1031.8764 	EXP 	line4: autoDraw = False
1031.8764 	EXP 	probe: autoDraw = False
1032.0259 	EXP 	Device response: <KeyPress from None: t=1031.8497497999997, value=x, duration=0.1682342999993125>
1032.8621 	EXP 	fixation: autoDraw = True
1032.8621 	EXP 	line1: autoDraw = True
1032.8621 	EXP 	line2: autoDraw = True
1032.8621 	EXP 	line3: autoDraw = True
1032.8621 	EXP 	line4: autoDraw = True
1033.8620 	INFO 	Keyboard events cleared
1033.8617 	EXP 	fixation: autoDraw = False
1033.8617 	EXP 	probe: autoDraw = True
1034.9138 	EXP 	Device response: <KeyPress from None: t=1034.907663500002, value=z, duration=None>
1034.9145 	EXP 	New trial (rep=48, index=192): <Trial 192 (192 in rep 48) data={'pos': 150, 'corr_resp': 'v', 'thisN': 192, 'thisTrialN': 192, 'thisRepN': 48}>
1034.9182 	DATA 	Keypress: z
1034.9288 	EXP 	fixation: autoDraw = False
1034.9288 	EXP 	line1: autoDraw = False
1034.9288 	EXP 	line2: autoDraw = False
1034.9288 	EXP 	line3: autoDraw = False
1034.9288 	EXP 	line4: autoDraw = False
1034.9288 	EXP 	probe: autoDraw = False
1035.1305 	EXP 	Device response: <KeyPress from None: t=1034.907663500002, value=z, duration=0.21703179999894928>
1035.9282 	EXP 	fixation: autoDraw = True
1035.9282 	EXP 	line1: autoDraw = True
1035.9282 	EXP 	line2: autoDraw = True
1035.9282 	EXP 	line3: autoDraw = True
1035.9282 	EXP 	line4: autoDraw = True
1036.9289 	INFO 	Keyboard events cleared
1036.9285 	EXP 	fixation: autoDraw = False
1036.9285 	EXP 	probe: autoDraw = True
1037.8131 	EXP 	Device response: <KeyPress from None: t=1037.8070869000003, value=v, duration=None>
1037.8138 	EXP 	New trial (rep=45, index=193): <Trial 193 (193 in rep 45) data={'pos': -50, 'corr_resp': 'x', 'thisN': 193, 'thisTrialN': 193, 'thisRepN': 45}>
1037.8164 	DATA 	Keypress: v
1037.8278 	EXP 	fixation: autoDraw = False
1037.8278 	EXP 	line1: autoDraw = False
1037.8278 	EXP 	line2: autoDraw = False
1037.8278 	EXP 	line3: autoDraw = False
1037.8278 	EXP 	line4: autoDraw = False
1037.8278 	EXP 	probe: autoDraw = False
1038.0744 	EXP 	Device response: <KeyPress from None: t=1037.8070869000003, value=v, duration=0.26160600000002887>
1038.8286 	EXP 	fixation: autoDraw = True
1038.8286 	EXP 	line1: autoDraw = True
1038.8286 	EXP 	line2: autoDraw = True
1038.8286 	EXP 	line3: autoDraw = True
1038.8286 	EXP 	line4: autoDraw = True
1039.8294 	INFO 	Keyboard events cleared
1039.8290 	EXP 	fixation: autoDraw = False
1039.8290 	EXP 	probe: autoDraw = True
1040.5763 	EXP 	Device response: <KeyPress from None: t=1040.5706523000008, value=x, duration=None>
1040.5768 	EXP 	New trial (rep=46, index=194): <Trial 194 (194 in rep 46) data={'pos': -50, 'corr_resp': 'x', 'thisN': 194, 'thisTrialN': 194, 'thisRepN': 46}>
1040.5781 	DATA 	Keypress: x
1040.5925 	EXP 	fixation: autoDraw = False
1040.5925 	EXP 	line1: autoDraw = False
1040.5925 	EXP 	line2: autoDraw = False
1040.5925 	EXP 	line3: autoDraw = False
1040.5925 	EXP 	line4: autoDraw = False
1040.5925 	EXP 	probe: autoDraw = False
1040.7974 	EXP 	Device response: <KeyPress from None: t=1040.5706523000008, value=x, duration=0.2195423999983177>
1041.5784 	EXP 	fixation: autoDraw = True
1041.5784 	EXP 	line1: autoDraw = True
1041.5784 	EXP 	line2: autoDraw = True
1041.5784 	EXP 	line3: autoDraw = True
1041.5784 	EXP 	line4: autoDraw = True
1042.5808 	INFO 	Keyboard events cleared
1042.5806 	EXP 	fixation: autoDraw = False
1042.5806 	EXP 	probe: autoDraw = True
1042.8660 	DATA 	Mouse: Left button down, pos=(833,511)
1043.0950 	DATA 	Mouse:  Left button up, pos=(833,511)
1043.2098 	EXP 	Device response: <KeyPress from None: t=1043.194707300001, value=x, duration=None>
1043.2102 	EXP 	New trial (rep=47, index=195): <Trial 195 (195 in rep 47) data={'pos': -50, 'corr_resp': 'x', 'thisN': 195, 'thisTrialN': 195, 'thisRepN': 47}>
1043.2115 	DATA 	Keypress: x
1043.2260 	EXP 	fixation: autoDraw = False
1043.2260 	EXP 	line1: autoDraw = False
1043.2260 	EXP 	line2: autoDraw = False
1043.2260 	EXP 	line3: autoDraw = False
1043.2260 	EXP 	line4: autoDraw = False
1043.2260 	EXP 	probe: autoDraw = False
1043.3441 	EXP 	Device response: <KeyPress from None: t=1043.194707300001, value=x, duration=0.14777929999763728>
1044.2091 	EXP 	fixation: autoDraw = True
1044.2091 	EXP 	line1: autoDraw = True
1044.2091 	EXP 	line2: autoDraw = True
1044.2091 	EXP 	line3: autoDraw = True
1044.2091 	EXP 	line4: autoDraw = True
1045.2095 	EXP 	fixation: autoDraw = False
1045.2257 	INFO 	Keyboard events cleared
1045.2255 	EXP 	probe: autoDraw = True
1045.5931 	EXP 	Device response: <KeyPress from None: t=1045.5871681999997, value=x, duration=None>
1045.5935 	EXP 	New trial (rep=48, index=196): <Trial 196 (196 in rep 48) data={'pos': -50, 'corr_resp': 'x', 'thisN': 196, 'thisTrialN': 196, 'thisRepN': 48}>
1045.5949 	DATA 	Keypress: x
1045.6087 	EXP 	fixation: autoDraw = False
1045.6087 	EXP 	line1: autoDraw = False
1045.6087 	EXP 	line2: autoDraw = False
1045.6087 	EXP 	line3: autoDraw = False
1045.6087 	EXP 	line4: autoDraw = False
1045.6087 	EXP 	probe: autoDraw = False
1045.7440 	EXP 	Device response: <KeyPress from None: t=1045.5871681999997, value=x, duration=0.15334079999956884>
1046.5927 	EXP 	fixation: autoDraw = True
1046.5927 	EXP 	line1: autoDraw = True
1046.5927 	EXP 	line2: autoDraw = True
1046.5927 	EXP 	line3: autoDraw = True
1046.5927 	EXP 	line4: autoDraw = True
1047.5920 	EXP 	fixation: autoDraw = False
1047.6082 	INFO 	Keyboard events cleared
1047.6080 	EXP 	probe: autoDraw = True
1047.9259 	EXP 	Device response: <KeyPress from None: t=1047.9180080000006, value=x, duration=None>
1047.9263 	EXP 	New trial (rep=49, index=197): <Trial 197 (197 in rep 49) data={'pos': 50, 'corr_resp': 'c', 'thisN': 197, 'thisTrialN': 197, 'thisRepN': 49}>
1047.9276 	DATA 	Keypress: x
1047.9423 	EXP 	fixation: autoDraw = False
1047.9423 	EXP 	line1: autoDraw = False
1047.9423 	EXP 	line2: autoDraw = False
1047.9423 	EXP 	line3: autoDraw = False
1047.9423 	EXP 	line4: autoDraw = False
1047.9423 	EXP 	probe: autoDraw = False
1048.0930 	EXP 	Device response: <KeyPress from None: t=1047.9180080000006, value=x, duration=0.15882430000056047>
1048.9311 	EXP 	fixation: autoDraw = True
1048.9311 	EXP 	line1: autoDraw = True
1048.9311 	EXP 	line2: autoDraw = True
1048.9311 	EXP 	line3: autoDraw = True
1048.9311 	EXP 	line4: autoDraw = True
1049.9289 	INFO 	Keyboard events cleared
1049.9286 	EXP 	probe: autoDraw = True
1049.9458 	EXP 	fixation: autoDraw = False
1050.7484 	EXP 	Device response: <KeyPress from None: t=1050.7392327000016, value=c, duration=None>
1050.7492 	EXP 	New trial (rep=49, index=198): <Trial 198 (198 in rep 49) data={'pos': -50, 'corr_resp': 'x', 'thisN': 198, 'thisTrialN': 198, 'thisRepN': 49}>
1050.7517 	DATA 	Keypress: c
1050.7620 	EXP 	fixation: autoDraw = False
1050.7620 	EXP 	line1: autoDraw = False
1050.7620 	EXP 	line2: autoDraw = False
1050.7620 	EXP 	line3: autoDraw = False
1050.7620 	EXP 	line4: autoDraw = False
1050.7620 	EXP 	probe: autoDraw = False
1050.9144 	EXP 	Device response: <KeyPress from None: t=1050.7392327000016, value=c, duration=0.165284700000484>
1051.7584 	EXP 	fixation: autoDraw = True
1051.7584 	EXP 	line1: autoDraw = True
1051.7584 	EXP 	line2: autoDraw = True
1051.7584 	EXP 	line3: autoDraw = True
1051.7584 	EXP 	line4: autoDraw = True
1052.7621 	INFO 	Keyboard events cleared
1052.7618 	EXP 	fixation: autoDraw = False
1052.7618 	EXP 	probe: autoDraw = True
1053.3244 	EXP 	Device response: <KeyPress from None: t=1053.3113362000004, value=x, duration=None>
1053.3248 	EXP 	New trial (rep=49, index=199): <Trial 199 (199 in rep 49) data={'pos': 150, 'corr_resp': 'v', 'thisN': 199, 'thisTrialN': 199, 'thisRepN': 49}>
1053.3260 	DATA 	Keypress: x
1053.3404 	EXP 	fixation: autoDraw = False
1053.3404 	EXP 	line1: autoDraw = False
1053.3404 	EXP 	line2: autoDraw = False
1053.3404 	EXP 	line3: autoDraw = False
1053.3404 	EXP 	line4: autoDraw = False
1053.3404 	EXP 	probe: autoDraw = False
1053.4897 	EXP 	Device response: <KeyPress from None: t=1053.3113362000004, value=x, duration=0.16648789999817382>
1054.3257 	EXP 	fixation: autoDraw = True
1054.3257 	EXP 	line1: autoDraw = True
1054.3257 	EXP 	line2: autoDraw = True
1054.3257 	EXP 	line3: autoDraw = True
1054.3257 	EXP 	line4: autoDraw = True
1055.3291 	INFO 	Keyboard events cleared
1055.3288 	EXP 	fixation: autoDraw = False
1055.3288 	EXP 	probe: autoDraw = True
1055.9400 	EXP 	Device response: <KeyPress from None: t=1055.9284043000007, value=v, duration=None>
1055.9412 	DATA 	Keypress: v
1055.9565 	EXP 	fixation: autoDraw = False
1055.9565 	EXP 	line1: autoDraw = False
1055.9565 	EXP 	line2: autoDraw = False
1055.9565 	EXP 	line3: autoDraw = False
1055.9565 	EXP 	line4: autoDraw = False
1055.9565 	EXP 	probe: autoDraw = False
1055.9567 	EXP 	Motor Sequence Learning Bhumika Bajaj AU2320057: status = STOPPED
1056.0890 	INFO 	saved data to 'C:\\Users\\bhumika\\PSYLAB310\\Motor Sequence Learning Bhumika Bajaj AU2320057\\data\\Participant 2_Motor Sequence Learning Bhumika Bajaj AU2320057_2025-10-02_16h59.03.252.csv'
1056.0963 	INFO 	saved data to C:\Users\bhumika\PSYLAB310\Motor Sequence Learning Bhumika Bajaj AU2320057\data\Participant 2_Motor Sequence Learning Bhumika Bajaj AU2320057_2025-10-02_16h59.03.252.psydat
1056.4874 	WARNING 	Stopping key buffers but this could be dangerous ifother keyboards rely on the same.
1056.5656 	WARNING 	Stopping key buffers but this could be dangerous ifother keyboards rely on the same.
