120.3477 	INFO 	Loaded monitor calibration from ['2025_08_12 09:52']
120.5785 	INFO 	Using renderer 'Intel(R) Arc(TM) Graphics' for graphics
120.5785 	INFO 	OpenGL version supported by driver is 4..
120.6041 	EXP 	Created window1 = Window(allowGUI=True, allowStencil=False, autoLog=True, backendConf=UNKNOWN, backgroundFit=<method-wrapper '__getattribute__' of attributeSetter object at 0x000001BCCADE5030>, backgroundImage=<method-wrapper '__getattribute__' of attributeSetter object at 0x000001BCCADE4FD0>, bitsMode=UNKNOWN, blendMode='avg', bpc=(8, 8, 8), color=array([0, 0, 0]), colorSpace='rgb', depthBits=8, fullscr=False, gamma=None, gammaErrorPolicy='raise', infoMsg=UNKNOWN, lms=UNKNOWN, monitor=<psychopy.monitors.calibTools.Monitor object at 0x000001BCCACADC00>, multiSample=False, name='window1', numSamples=2, pos=[np.float64(640.0), np.float64(400.0)], screen=0, size=array([1280,  800]), stencilBits=0, stereo=False, title='PsychoPy', units='height', useFBO=True, useRetina=False, viewOri=0.0, viewPos=None, viewScale=None, waitBlanking=True, winType='pyglet')
120.6043 	EXP 	window1: backgroundImage = ''
120.6043 	EXP 	window1: backgroundFit = 'none'
121.0797 	EXP 	window1: Attempting to measure frame rate of screen (0) ...
121.0797 	EXP 	window1: recordFrameIntervals = False
121.2589 	EXP 	window1: recordFrameIntervals = True
121.4300 	EXP 	Screen (0) actual frame rate measured at 119.01Hz
121.4301 	EXP 	window1: recordFrameIntervals = False
121.7134 	INFO 	keyboard.Keyboard is using ptb backend.
121.7139 	INFO 	keyboard.Keyboard is using ptb backend.
121.7140 	EXP 	Motor Sequence Learning Bhumika Bajaj AU2320057: status = STARTED
121.7226 	EXP 	Created fixation = ShapeStim(__class__=<class 'psychopy.visual.shape.ShapeStim'>, anchor=('center', 'center'), autoDraw=False, autoLog=True, closeShape=True, color=method-wrapper(...), colorSpace='rgb', contrast=None, depth=0.0, draggable=False, fillColor=array([1, 1, 1]), fillColorSpace='rgb', fillRGB=array([1, 1, 1]), interpolate=True, lineColor=array([1., 1., 1.]), lineColorSpace='rgb', lineRGB=array([1, 1, 1]), lineWidth=1.0, name='fixation', opacity=1, ori=0.0, pos=array([0., 0.]), size=array([10., 10.]), units='pix', vertices=ndarray(...), win=Window(...), windingRule=None)
121.7252 	EXP 	Created line1 = Rect(__class__=<class 'psychopy.visual.rect.Rect'>, anchor=('center', 'center'), autoDraw=False, autoLog=True, closeShape=True, color=method-wrapper(...), colorSpace='rgb', contrast=None, depth=-1.0, draggable=False, fillColor=array([1, 1, 1]), fillColorSpace='rgb', fillRGB=array([1, 1, 1]), interpolate=True, lineColor=array([1., 1., 1.]), lineColorSpace='rgb', lineRGB=array([1, 1, 1]), lineWidth=1.0, name='line1', opacity=1, ori=90.0, pos=array([-150.,    0.]), size=array([100.,  10.]), units='pix', vertices=ndarray(...), win=Window(...))
121.7268 	EXP 	Created line2 = Rect(__class__=<class 'psychopy.visual.rect.Rect'>, anchor=('center', 'center'), autoDraw=False, autoLog=True, closeShape=True, color=method-wrapper(...), colorSpace='rgb', contrast=None, depth=-2.0, draggable=False, fillColor=array([1, 1, 1]), fillColorSpace='rgb', fillRGB=array([1, 1, 1]), interpolate=True, lineColor=array([1., 1., 1.]), lineColorSpace='rgb', lineRGB=array([1, 1, 1]), lineWidth=1.0, name='line2', opacity=1, ori=90.0, pos=array([-50.,   0.]), size=array([100.,  10.]), units='pix', vertices=ndarray(...), win=Window(...))
121.7283 	EXP 	Created line3 = Rect(__class__=<class 'psychopy.visual.rect.Rect'>, anchor=('center', 'center'), autoDraw=False, autoLog=True, closeShape=True, color=method-wrapper(...), colorSpace='rgb', contrast=None, depth=-3.0, draggable=False, fillColor=array([1, 1, 1]), fillColorSpace='rgb', fillRGB=array([1, 1, 1]), interpolate=True, lineColor=array([1., 1., 1.]), lineColorSpace='rgb', lineRGB=array([1, 1, 1]), lineWidth=1.0, name='line3', opacity=1, ori=90.0, pos=array([50.,  0.]), size=array([100.,  10.]), units='pix', vertices=ndarray(...), win=Window(...))
121.7297 	EXP 	Created line4 = Rect(__class__=<class 'psychopy.visual.rect.Rect'>, anchor=('center', 'center'), autoDraw=False, autoLog=True, closeShape=True, color=method-wrapper(...), colorSpace='rgb', contrast=None, depth=-4.0, draggable=False, fillColor=array([1, 1, 1]), fillColorSpace='rgb', fillRGB=array([1, 1, 1]), interpolate=True, lineColor=array([1., 1., 1.]), lineColorSpace='rgb', lineRGB=array([1, 1, 1]), lineWidth=1.0, name='line4', opacity=1, ori=90.0, pos=array([150.,   0.]), size=array([100.,  10.]), units='pix', vertices=ndarray(...), win=Window(...))
121.7319 	EXP 	Created probe = ShapeStim(__class__=<class 'psychopy.visual.shape.ShapeStim'>, anchor=('center', 'center'), autoDraw=False, autoLog=True, closeShape=True, color=method-wrapper(...), colorSpace='rgb', contrast=None, depth=-5.0, draggable=False, fillColor=array([1, 1, 1]), fillColorSpace='rgb', fillRGB=array([1, 1, 1]), interpolate=True, lineColor=array([1., 1., 1.]), lineColorSpace='rgb', lineRGB=array([1, 1, 1]), lineWidth=1.0, name='probe', opacity=1, ori=0.0, pos=array([0., 0.]), size=array([10., 10.]), units='pix', vertices=ndarray(...), win=Window(...), windingRule=None)
121.7345 	EXP 	Created fixation = ShapeStim(__class__=<class 'psychopy.visual.shape.ShapeStim'>, anchor=('center', 'center'), autoDraw=False, autoLog=True, closeShape=True, color=method-wrapper(...), colorSpace='rgb', contrast=None, depth=0.0, draggable=False, fillColor=array([1, 1, 1]), fillColorSpace='rgb', fillRGB=array([1, 1, 1]), interpolate=True, lineColor=array([1., 1., 1.]), lineColorSpace='rgb', lineRGB=array([1, 1, 1]), lineWidth=1.0, name='fixation', opacity=1, ori=0.0, pos=array([0., 0.]), size=array([10., 10.]), units='pix', vertices=ndarray(...), win=Window(...), windingRule=None)
121.7371 	EXP 	Created line1 = Rect(__class__=<class 'psychopy.visual.rect.Rect'>, anchor=('center', 'center'), autoDraw=False, autoLog=True, closeShape=True, color=method-wrapper(...), colorSpace='rgb', contrast=None, depth=-1.0, draggable=False, fillColor=array([1, 1, 1]), fillColorSpace='rgb', fillRGB=array([1, 1, 1]), interpolate=True, lineColor=array([1., 1., 1.]), lineColorSpace='rgb', lineRGB=array([1, 1, 1]), lineWidth=1.0, name='line1', opacity=1, ori=90.0, pos=array([-150.,    0.]), size=array([100.,  10.]), units='pix', vertices=ndarray(...), win=Window(...))
121.7420 	EXP 	Created line2 = Rect(__class__=<class 'psychopy.visual.rect.Rect'>, anchor=('center', 'center'), autoDraw=False, autoLog=True, closeShape=True, color=method-wrapper(...), colorSpace='rgb', contrast=None, depth=-2.0, draggable=False, fillColor=array([1, 1, 1]), fillColorSpace='rgb', fillRGB=array([1, 1, 1]), interpolate=True, lineColor=array([1., 1., 1.]), lineColorSpace='rgb', lineRGB=array([1, 1, 1]), lineWidth=1.0, name='line2', opacity=1, ori=90.0, pos=array([-50.,   0.]), size=array([100.,  10.]), units='pix', vertices=ndarray(...), win=Window(...))
121.7444 	EXP 	Created line3 = Rect(__class__=<class 'psychopy.visual.rect.Rect'>, anchor=('center', 'center'), autoDraw=False, autoLog=True, closeShape=True, color=method-wrapper(...), colorSpace='rgb', contrast=None, depth=-3.0, draggable=False, fillColor=array([1, 1, 1]), fillColorSpace='rgb', fillRGB=array([1, 1, 1]), interpolate=True, lineColor=array([1., 1., 1.]), lineColorSpace='rgb', lineRGB=array([1, 1, 1]), lineWidth=1.0, name='line3', opacity=1, ori=90.0, pos=array([50.,  0.]), size=array([100.,  10.]), units='pix', vertices=ndarray(...), win=Window(...))
121.7462 	EXP 	Created line4 = Rect(__class__=<class 'psychopy.visual.rect.Rect'>, anchor=('center', 'center'), autoDraw=False, autoLog=True, closeShape=True, color=method-wrapper(...), colorSpace='rgb', contrast=None, depth=-4.0, draggable=False, fillColor=array([1, 1, 1]), fillColorSpace='rgb', fillRGB=array([1, 1, 1]), interpolate=True, lineColor=array([1., 1., 1.]), lineColorSpace='rgb', lineRGB=array([1, 1, 1]), lineWidth=1.0, name='line4', opacity=1, ori=90.0, pos=array([150.,   0.]), size=array([100.,  10.]), units='pix', vertices=ndarray(...), win=Window(...))
121.7485 	EXP 	Created probe = ShapeStim(__class__=<class 'psychopy.visual.shape.ShapeStim'>, anchor=('center', 'center'), autoDraw=False, autoLog=True, closeShape=True, color=method-wrapper(...), colorSpace='rgb', contrast=None, depth=-5.0, draggable=False, fillColor=array([1, 1, 1]), fillColorSpace='rgb', fillRGB=array([1, 1, 1]), interpolate=True, lineColor=array([1., 1., 1.]), lineColorSpace='rgb', lineRGB=array([1, 1, 1]), lineWidth=1.0, name='probe', opacity=1, ori=0.0, pos=array([0., 0.]), size=array([10., 10.]), units='pix', vertices=ndarray(...), win=Window(...), windingRule=None)
0.0335 	EXP 	Imported OneDrive/Documents/sequence_con.csv.xlsx as conditions, 4 conditions, 2 params
0.0384 	EXP 	New trial (rep=0, index=0): <Trial 0 (0 in rep 0) data={'pos': -50, 'corr_resp': 'x', 'thisN': 0, 'thisTrialN': 0, 'thisRepN': 0}>
1.0090 	EXP 	fixation: autoDraw = True
1.0090 	EXP 	line1: autoDraw = True
1.0090 	EXP 	line2: autoDraw = True
1.0090 	EXP 	line3: autoDraw = True
1.0090 	EXP 	line4: autoDraw = True
1.3307 	EXP 	Device response: <KeyPress from None: t=1.305477100000644, value=x, duration=None>
1.3328 	DATA 	Keypress: x
1.8595 	EXP 	Device response: <KeyPress from None: t=1.305477100000644, value=x, duration=0.5520814999999857>
2.0094 	INFO 	Keyboard events cleared
2.0091 	EXP 	fixation: autoDraw = False
2.0091 	EXP 	probe: autoDraw = True
2.3586 	EXP 	Device response: <KeyPress from None: t=2.346378399999594, value=x, duration=None>
2.3590 	EXP 	New trial (rep=0, index=1): <Trial 1 (1 in rep 0) data={'pos': 150, 'corr_resp': 'v', 'thisN': 1, 'thisTrialN': 1, 'thisRepN': 0}>
2.3602 	DATA 	Keypress: x
2.3745 	EXP 	fixation: autoDraw = False
2.3745 	EXP 	line1: autoDraw = False
2.3745 	EXP 	line2: autoDraw = False
2.3745 	EXP 	line3: autoDraw = False
2.3745 	EXP 	line4: autoDraw = False
2.3745 	EXP 	probe: autoDraw = False
2.5437 	EXP 	Device response: <KeyPress from None: t=2.346378399999594, value=x, duration=0.19285090000084892>
3.3479 	EXP 	fixation: autoDraw = True
3.3479 	EXP 	line1: autoDraw = True
3.3479 	EXP 	line2: autoDraw = True
3.3479 	EXP 	line3: autoDraw = True
3.3479 	EXP 	line4: autoDraw = True
4.3471 	EXP 	fixation: autoDraw = False
4.3571 	INFO 	Keyboard events cleared
4.3569 	EXP 	probe: autoDraw = True
4.4311 	EXP 	Device response: <KeyPress from None: t=4.428330299999288, value=x, duration=None>
4.4314 	EXP 	New trial (rep=0, index=2): <Trial 2 (2 in rep 0) data={'pos': 50, 'corr_resp': 'c', 'thisN': 2, 'thisTrialN': 2, 'thisRepN': 0}>
4.4322 	DATA 	Keypress: x
4.4394 	EXP 	fixation: autoDraw = False
4.4394 	EXP 	line1: autoDraw = False
4.4394 	EXP 	line2: autoDraw = False
4.4394 	EXP 	line3: autoDraw = False
4.4394 	EXP 	line4: autoDraw = False
4.4394 	EXP 	probe: autoDraw = False
4.5733 	EXP 	Device response: <KeyPress from None: t=4.428330299999288, value=x, duration=0.14252480000141077>
5.4419 	EXP 	fixation: autoDraw = True
5.4419 	EXP 	line1: autoDraw = True
5.4419 	EXP 	line2: autoDraw = True
5.4419 	EXP 	line3: autoDraw = True
5.4419 	EXP 	line4: autoDraw = True
6.2405 	EXP 	Device response: <KeyPress from None: t=6.233537800000704, value=c, duration=None>
6.2417 	DATA 	Keypress: c
6.3940 	EXP 	Device response: <KeyPress from None: t=6.233537800000704, value=c, duration=0.15462279999883322>
6.4429 	INFO 	Keyboard events cleared
6.4427 	EXP 	fixation: autoDraw = False
6.4427 	EXP 	probe: autoDraw = True
7.2591 	EXP 	Device response: <KeyPress from None: t=7.25428920000013, value=c, duration=None>
7.2595 	EXP 	New trial (rep=0, index=3): <Trial 3 (3 in rep 0) data={'pos': -150, 'corr_resp': 'z', 'thisN': 3, 'thisTrialN': 3, 'thisRepN': 0}>
7.2608 	DATA 	Keypress: c
7.2759 	EXP 	fixation: autoDraw = False
7.2759 	EXP 	line1: autoDraw = False
7.2759 	EXP 	line2: autoDraw = False
7.2759 	EXP 	line3: autoDraw = False
7.2759 	EXP 	line4: autoDraw = False
7.2759 	EXP 	probe: autoDraw = False
7.4262 	EXP 	Device response: <KeyPress from None: t=7.25428920000013, value=c, duration=0.16452460000073188>
8.2567 	EXP 	fixation: autoDraw = True
8.2567 	EXP 	line1: autoDraw = True
8.2567 	EXP 	line2: autoDraw = True
8.2567 	EXP 	line3: autoDraw = True
8.2567 	EXP 	line4: autoDraw = True
8.9007 	EXP 	Device response: <KeyPress from None: t=8.889816599999904, value=z, duration=None>
8.9024 	DATA 	Keypress: z
9.1011 	EXP 	Device response: <KeyPress from None: t=8.889816599999904, value=z, duration=0.20396729999993113>
9.2675 	INFO 	Keyboard events cleared
9.2673 	EXP 	fixation: autoDraw = False
9.2673 	EXP 	probe: autoDraw = True
9.9842 	EXP 	Device response: <KeyPress from None: t=9.977898200000709, value=z, duration=None>
9.9846 	EXP 	New trial (rep=1, index=0): <Trial 4 (0 in rep 1) data={'pos': -50, 'corr_resp': 'x', 'thisN': 4, 'thisTrialN': 0, 'thisRepN': 1}>
9.9860 	DATA 	Keypress: z
10.0006 	EXP 	fixation: autoDraw = False
10.0006 	EXP 	line1: autoDraw = False
10.0006 	EXP 	line2: autoDraw = False
10.0006 	EXP 	line3: autoDraw = False
10.0006 	EXP 	line4: autoDraw = False
10.0006 	EXP 	probe: autoDraw = False
10.2353 	EXP 	Device response: <KeyPress from None: t=9.977898200000709, value=z, duration=0.25570770000013>
11.0009 	EXP 	fixation: autoDraw = True
11.0009 	EXP 	line1: autoDraw = True
11.0009 	EXP 	line2: autoDraw = True
11.0009 	EXP 	line3: autoDraw = True
11.0009 	EXP 	line4: autoDraw = True
11.4674 	EXP 	Device response: <KeyPress from None: t=11.4610047999995, value=v, duration=None>
11.4691 	DATA 	Keypress: v
11.6516 	EXP 	Device response: <KeyPress from None: t=11.4610047999995, value=v, duration=0.1884611000004952>
11.9837 	INFO 	Keyboard events cleared
11.9835 	EXP 	probe: autoDraw = True
12.0009 	EXP 	fixation: autoDraw = False
12.8201 	DATA 	Keypress: v
12.8343 	EXP 	Device response: <KeyPress from None: t=12.819521400000667, value=v, duration=None>
12.8347 	EXP 	New trial (rep=1, index=1): <Trial 5 (1 in rep 1) data={'pos': 150, 'corr_resp': 'v', 'thisN': 5, 'thisTrialN': 1, 'thisRepN': 1}>
12.8508 	EXP 	fixation: autoDraw = False
12.8508 	EXP 	line1: autoDraw = False
12.8508 	EXP 	line2: autoDraw = False
12.8508 	EXP 	line3: autoDraw = False
12.8508 	EXP 	line4: autoDraw = False
12.8508 	EXP 	probe: autoDraw = False
13.0172 	EXP 	Device response: <KeyPress from None: t=12.819521400000667, value=v, duration=0.18706159999965166>
13.8377 	EXP 	fixation: autoDraw = True
13.8377 	EXP 	line1: autoDraw = True
13.8377 	EXP 	line2: autoDraw = True
13.8377 	EXP 	line3: autoDraw = True
13.8377 	EXP 	line4: autoDraw = True
14.1698 	DATA 	Keypress: x
14.1845 	EXP 	Device response: <KeyPress from None: t=14.1678737000002, value=x, duration=None>
14.4009 	EXP 	Device response: <KeyPress from None: t=14.1678737000002, value=x, duration=0.22610999999960768>
14.8005 	EXP 	Device response: <KeyPress from None: t=14.791950500000894, value=x, duration=None>
14.8022 	DATA 	Keypress: x
14.8506 	INFO 	Keyboard events cleared
14.8504 	EXP 	fixation: autoDraw = False
14.8504 	EXP 	probe: autoDraw = True
15.0014 	EXP 	Device response: <KeyPress from None: t=14.791950500000894, value=x, duration=0.2059282999998686>
15.3703 	DATA 	Keypress: x
15.3843 	EXP 	Device response: <KeyPress from None: t=15.36974569999984, value=x, duration=None>
15.3847 	EXP 	New trial (rep=1, index=2): <Trial 6 (2 in rep 1) data={'pos': 50, 'corr_resp': 'c', 'thisN': 6, 'thisTrialN': 2, 'thisRepN': 1}>
15.4002 	EXP 	fixation: autoDraw = False
15.4002 	EXP 	line1: autoDraw = False
15.4002 	EXP 	line2: autoDraw = False
15.4002 	EXP 	line3: autoDraw = False
15.4002 	EXP 	line4: autoDraw = False
15.4002 	EXP 	probe: autoDraw = False
15.4008 	EXP 	Device response: <KeyPress from None: t=15.395642699999371, value=z, duration=None>
15.4017 	DATA 	Keypress: z
15.4169 	EXP 	Device response: <KeyPress from None: t=15.411617399999159, value=v, duration=None>
15.4178 	DATA 	Keypress: v
15.4841 	EXP 	Device response: <KeyPress from None: t=15.36974569999984, value=x, duration=0.10376970000106667>
15.5851 	EXP 	Device response: <KeyPress from None: t=15.411617399999159, value=v, duration=0.17082650000156718>
15.6008 	EXP 	Device response: <KeyPress from None: t=15.395642699999371, value=z, duration=0.200408000000607>
16.3843 	EXP 	fixation: autoDraw = True
16.3843 	EXP 	line1: autoDraw = True
16.3843 	EXP 	line2: autoDraw = True
16.3843 	EXP 	line3: autoDraw = True
16.3843 	EXP 	line4: autoDraw = True
17.0006 	EXP 	Device response: <KeyPress from None: t=16.995451400000093, value=v, duration=None>
17.0027 	DATA 	Keypress: v
17.2369 	EXP 	Device response: <KeyPress from None: t=16.995451400000093, value=v, duration=0.23473679999915475>
17.3839 	INFO 	Keyboard events cleared
17.3837 	EXP 	fixation: autoDraw = False
17.3837 	EXP 	probe: autoDraw = True
17.6676 	EXP 	Device response: <KeyPress from None: t=17.65651430000071, value=v, duration=None>
17.6680 	EXP 	New trial (rep=1, index=3): <Trial 7 (3 in rep 1) data={'pos': -150, 'corr_resp': 'z', 'thisN': 7, 'thisTrialN': 3, 'thisRepN': 1}>
17.6693 	DATA 	Keypress: v
17.6835 	EXP 	fixation: autoDraw = False
17.6835 	EXP 	line1: autoDraw = False
17.6835 	EXP 	line2: autoDraw = False
17.6835 	EXP 	line3: autoDraw = False
17.6835 	EXP 	line4: autoDraw = False
17.6835 	EXP 	probe: autoDraw = False
17.8720 	EXP 	Device response: <KeyPress from None: t=17.65651430000071, value=v, duration=0.2092791999984911>
18.6705 	EXP 	fixation: autoDraw = True
18.6705 	EXP 	line1: autoDraw = True
18.6705 	EXP 	line2: autoDraw = True
18.6705 	EXP 	line3: autoDraw = True
18.6705 	EXP 	line4: autoDraw = True
19.4222 	EXP 	Device response: <KeyPress from None: t=19.41268040000068, value=z, duration=None>
19.4254 	DATA 	Keypress: z
19.6046 	EXP 	Device response: <KeyPress from None: t=19.41268040000068, value=z, duration=0.17888309999943885>
19.6686 	INFO 	Keyboard events cleared
19.6683 	EXP 	probe: autoDraw = True
19.6848 	EXP 	fixation: autoDraw = False
20.2843 	EXP 	Device response: <KeyPress from None: t=20.28200040000047, value=z, duration=None>
20.2848 	EXP 	New trial (rep=2, index=0): <Trial 8 (0 in rep 2) data={'pos': -50, 'corr_resp': 'x', 'thisN': 8, 'thisTrialN': 0, 'thisRepN': 2}>
20.2860 	DATA 	Keypress: z
20.3003 	EXP 	fixation: autoDraw = False
20.3003 	EXP 	line1: autoDraw = False
20.3003 	EXP 	line2: autoDraw = False
20.3003 	EXP 	line3: autoDraw = False
20.3003 	EXP 	line4: autoDraw = False
20.3003 	EXP 	probe: autoDraw = False
20.5385 	EXP 	Device response: <KeyPress from None: t=20.28200040000047, value=z, duration=0.24748009999893839>
21.2867 	EXP 	fixation: autoDraw = True
21.2867 	EXP 	line1: autoDraw = True
21.2867 	EXP 	line2: autoDraw = True
21.2867 	EXP 	line3: autoDraw = True
21.2867 	EXP 	line4: autoDraw = True
22.2175 	EXP 	Device response: <KeyPress from None: t=22.207185299999765, value=v, duration=None>
22.2192 	DATA 	Keypress: v
22.3008 	INFO 	Keyboard events cleared
22.3006 	EXP 	fixation: autoDraw = False
22.3006 	EXP 	probe: autoDraw = True
22.4674 	EXP 	Device response: <KeyPress from None: t=22.207185299999765, value=v, duration=0.25114639999992505>
23.1200 	DATA 	Keypress: v
23.1346 	EXP 	Device response: <KeyPress from None: t=23.118778199999724, value=v, duration=None>
23.1350 	EXP 	New trial (rep=2, index=1): <Trial 9 (1 in rep 2) data={'pos': 150, 'corr_resp': 'v', 'thisN': 9, 'thisTrialN': 1, 'thisRepN': 2}>
23.1512 	EXP 	fixation: autoDraw = False
23.1512 	EXP 	line1: autoDraw = False
23.1512 	EXP 	line2: autoDraw = False
23.1512 	EXP 	line3: autoDraw = False
23.1512 	EXP 	line4: autoDraw = False
23.1512 	EXP 	probe: autoDraw = False
23.3679 	EXP 	Device response: <KeyPress from None: t=23.118778199999724, value=v, duration=0.24663990000044578>
24.1505 	EXP 	fixation: autoDraw = True
24.1505 	EXP 	line1: autoDraw = True
24.1505 	EXP 	line2: autoDraw = True
24.1505 	EXP 	line3: autoDraw = True
24.1505 	EXP 	line4: autoDraw = True
25.1505 	INFO 	Keyboard events cleared
25.1503 	EXP 	fixation: autoDraw = False
25.1503 	EXP 	probe: autoDraw = True
25.2673 	EXP 	Device response: <KeyPress from None: t=25.255139200000485, value=c, duration=None>
25.2677 	EXP 	New trial (rep=2, index=2): <Trial 10 (2 in rep 2) data={'pos': 50, 'corr_resp': 'c', 'thisN': 10, 'thisTrialN': 2, 'thisRepN': 2}>
25.2690 	DATA 	Keypress: c
25.2832 	EXP 	fixation: autoDraw = False
25.2832 	EXP 	line1: autoDraw = False
25.2832 	EXP 	line2: autoDraw = False
25.2832 	EXP 	line3: autoDraw = False
25.2832 	EXP 	line4: autoDraw = False
25.2832 	EXP 	probe: autoDraw = False
25.2839 	EXP 	Device response: <KeyPress from None: t=25.27886100000069, value=x, duration=None>
25.2848 	DATA 	Keypress: x
25.4338 	EXP 	Device response: <KeyPress from None: t=25.255139200000485, value=c, duration=0.167990899999495>
26.2673 	EXP 	fixation: autoDraw = True
26.2673 	EXP 	line1: autoDraw = True
26.2673 	EXP 	line2: autoDraw = True
26.2673 	EXP 	line3: autoDraw = True
26.2673 	EXP 	line4: autoDraw = True
26.3180 	EXP 	Device response: <KeyPress from None: t=25.27886100000069, value=x, duration=1.0318578999995225>
27.2672 	EXP 	fixation: autoDraw = False
27.2836 	INFO 	Keyboard events cleared
27.2834 	EXP 	probe: autoDraw = True
28.7215 	EXP 	Device response: <KeyPress from None: t=28.70893149999938, value=z, duration=None>
28.7220 	EXP 	New trial (rep=2, index=3): <Trial 11 (3 in rep 2) data={'pos': -150, 'corr_resp': 'z', 'thisN': 11, 'thisTrialN': 3, 'thisRepN': 2}>
28.7235 	DATA 	Keypress: z
28.7340 	EXP 	fixation: autoDraw = False
28.7340 	EXP 	line1: autoDraw = False
28.7340 	EXP 	line2: autoDraw = False
28.7340 	EXP 	line3: autoDraw = False
28.7340 	EXP 	line4: autoDraw = False
28.7340 	EXP 	probe: autoDraw = False
28.9845 	EXP 	Device response: <KeyPress from None: t=28.70893149999938, value=z, duration=0.2624794000003021>
29.7320 	EXP 	fixation: autoDraw = True
29.7320 	EXP 	line1: autoDraw = True
29.7320 	EXP 	line2: autoDraw = True
29.7320 	EXP 	line3: autoDraw = True
29.7320 	EXP 	line4: autoDraw = True
30.2669 	EXP 	Device response: <KeyPress from None: t=30.261907399999473, value=v, duration=None>
30.2686 	DATA 	Keypress: v
30.5176 	EXP 	Device response: <KeyPress from None: t=30.261907399999473, value=v, duration=0.24001200000020617>
30.7341 	INFO 	Keyboard events cleared
30.7339 	EXP 	fixation: autoDraw = False
30.7339 	EXP 	probe: autoDraw = True
33.0013 	EXP 	Device response: <KeyPress from None: t=32.99294320000081, value=x, duration=None>
33.0017 	EXP 	New trial (rep=3, index=0): <Trial 12 (0 in rep 3) data={'pos': -50, 'corr_resp': 'x', 'thisN': 12, 'thisTrialN': 0, 'thisRepN': 3}>
33.0031 	DATA 	Keypress: x
33.0169 	EXP 	fixation: autoDraw = False
33.0169 	EXP 	line1: autoDraw = False
33.0169 	EXP 	line2: autoDraw = False
33.0169 	EXP 	line3: autoDraw = False
33.0169 	EXP 	line4: autoDraw = False
33.0169 	EXP 	probe: autoDraw = False
33.2180 	EXP 	Device response: <KeyPress from None: t=32.99294320000081, value=x, duration=0.21029019999878074>
34.0166 	EXP 	fixation: autoDraw = True
34.0166 	EXP 	line1: autoDraw = True
34.0166 	EXP 	line2: autoDraw = True
34.0166 	EXP 	line3: autoDraw = True
34.0166 	EXP 	line4: autoDraw = True
34.6521 	EXP 	Device response: <KeyPress from None: t=34.64917509999941, value=v, duration=None>
34.6541 	DATA 	Keypress: v
34.9513 	EXP 	Device response: <KeyPress from None: t=34.64917509999941, value=v, duration=0.30146590000003926>
35.0171 	INFO 	Keyboard events cleared
35.0169 	EXP 	fixation: autoDraw = False
35.0169 	EXP 	probe: autoDraw = True
36.9149 	EXP 	Device response: <KeyPress from None: t=36.90063220000047, value=v, duration=None>
36.9153 	EXP 	New trial (rep=3, index=1): <Trial 13 (1 in rep 3) data={'pos': 150, 'corr_resp': 'v', 'thisN': 13, 'thisTrialN': 1, 'thisRepN': 3}>
36.9164 	DATA 	Keypress: v
36.9328 	EXP 	fixation: autoDraw = False
36.9328 	EXP 	line1: autoDraw = False
36.9328 	EXP 	line2: autoDraw = False
36.9328 	EXP 	line3: autoDraw = False
36.9328 	EXP 	line4: autoDraw = False
36.9328 	EXP 	probe: autoDraw = False
37.1177 	EXP 	Device response: <KeyPress from None: t=36.90063220000047, value=v, duration=0.21216219999951136>
37.9164 	EXP 	fixation: autoDraw = True
37.9164 	EXP 	line1: autoDraw = True
37.9164 	EXP 	line2: autoDraw = True
37.9164 	EXP 	line3: autoDraw = True
37.9164 	EXP 	line4: autoDraw = True
38.0026 	DATA 	Keypress: x
38.0177 	EXP 	Device response: <KeyPress from None: t=38.001934199999596, value=x, duration=None>
38.2670 	EXP 	Device response: <KeyPress from None: t=38.001934199999596, value=x, duration=0.2600975000004837>
38.7181 	EXP 	Device response: <KeyPress from None: t=38.71542980000049, value=x, duration=None>
38.7199 	DATA 	Keypress: x
38.9185 	INFO 	Keyboard events cleared
38.9183 	EXP 	fixation: autoDraw = False
38.9183 	EXP 	probe: autoDraw = True
38.9514 	EXP 	Device response: <KeyPress from None: t=38.71542980000049, value=x, duration=0.22435289999884844>
39.9673 	EXP 	Device response: <KeyPress from None: t=39.96434550000049, value=z, duration=None>
39.9677 	EXP 	New trial (rep=3, index=2): <Trial 14 (2 in rep 3) data={'pos': 50, 'corr_resp': 'c', 'thisN': 14, 'thisTrialN': 2, 'thisRepN': 3}>
39.9690 	DATA 	Keypress: z
39.9833 	EXP 	fixation: autoDraw = False
39.9833 	EXP 	line1: autoDraw = False
39.9833 	EXP 	line2: autoDraw = False
39.9833 	EXP 	line3: autoDraw = False
39.9833 	EXP 	line4: autoDraw = False
39.9833 	EXP 	probe: autoDraw = False
40.2183 	EXP 	Device response: <KeyPress from None: t=39.96434550000049, value=z, duration=0.2536413999987417>
40.9665 	EXP 	fixation: autoDraw = True
40.9665 	EXP 	line1: autoDraw = True
40.9665 	EXP 	line2: autoDraw = True
40.9665 	EXP 	line3: autoDraw = True
40.9665 	EXP 	line4: autoDraw = True
41.9665 	INFO 	Keyboard events cleared
41.9663 	EXP 	fixation: autoDraw = False
41.9663 	EXP 	probe: autoDraw = True
42.9343 	EXP 	Device response: <KeyPress from None: t=42.92986539999947, value=v, duration=None>
42.9347 	EXP 	New trial (rep=3, index=3): <Trial 15 (3 in rep 3) data={'pos': -150, 'corr_resp': 'z', 'thisN': 15, 'thisTrialN': 3, 'thisRepN': 3}>
42.9360 	DATA 	Keypress: v
42.9504 	EXP 	fixation: autoDraw = False
42.9504 	EXP 	line1: autoDraw = False
42.9504 	EXP 	line2: autoDraw = False
42.9504 	EXP 	line3: autoDraw = False
42.9504 	EXP 	line4: autoDraw = False
42.9504 	EXP 	probe: autoDraw = False
43.1838 	EXP 	Device response: <KeyPress from None: t=42.92986539999947, value=v, duration=0.2489796000008937>
43.9336 	EXP 	fixation: autoDraw = True
43.9336 	EXP 	line1: autoDraw = True
43.9336 	EXP 	line2: autoDraw = True
43.9336 	EXP 	line3: autoDraw = True
43.9336 	EXP 	line4: autoDraw = True
44.8840 	EXP 	Device response: <KeyPress from None: t=44.87483109999994, value=v, duration=None>
44.8858 	DATA 	Keypress: v
44.9312 	EXP 	fixation: autoDraw = False
44.9508 	INFO 	Keyboard events cleared
44.9505 	EXP 	probe: autoDraw = True
45.2174 	EXP 	Device response: <KeyPress from None: t=44.87483109999994, value=v, duration=0.32781860000068264>
46.3219 	EXP 	Device response: <KeyPress from None: t=46.314765299999635, value=v, duration=None>
46.3232 	EXP 	New trial (rep=4, index=0): <Trial 16 (0 in rep 4) data={'pos': -50, 'corr_resp': 'x', 'thisN': 16, 'thisTrialN': 0, 'thisRepN': 4}>
46.3261 	DATA 	Keypress: v
46.3362 	EXP 	fixation: autoDraw = False
46.3362 	EXP 	line1: autoDraw = False
46.3362 	EXP 	line2: autoDraw = False
46.3362 	EXP 	line3: autoDraw = False
46.3362 	EXP 	line4: autoDraw = False
46.3362 	EXP 	probe: autoDraw = False
46.5335 	EXP 	Device response: <KeyPress from None: t=46.314765299999635, value=v, duration=0.2137340999997832>
47.3360 	EXP 	fixation: autoDraw = True
47.3360 	EXP 	line1: autoDraw = True
47.3360 	EXP 	line2: autoDraw = True
47.3360 	EXP 	line3: autoDraw = True
47.3360 	EXP 	line4: autoDraw = True
48.3337 	INFO 	Keyboard events cleared
48.3335 	EXP 	probe: autoDraw = True
48.3502 	EXP 	fixation: autoDraw = False
48.5502 	EXP 	Device response: <KeyPress from None: t=48.545285300000614, value=z, duration=None>
48.5507 	EXP 	New trial (rep=4, index=1): <Trial 17 (1 in rep 4) data={'pos': 150, 'corr_resp': 'v', 'thisN': 17, 'thisTrialN': 1, 'thisRepN': 4}>
48.5519 	DATA 	Keypress: z
48.5667 	EXP 	fixation: autoDraw = False
48.5667 	EXP 	line1: autoDraw = False
48.5667 	EXP 	line2: autoDraw = False
48.5667 	EXP 	line3: autoDraw = False
48.5667 	EXP 	line4: autoDraw = False
48.5667 	EXP 	probe: autoDraw = False
48.8008 	EXP 	Device response: <KeyPress from None: t=48.545285300000614, value=z, duration=0.2396201999999903>
49.5499 	EXP 	fixation: autoDraw = True
49.5499 	EXP 	line1: autoDraw = True
49.5499 	EXP 	line2: autoDraw = True
49.5499 	EXP 	line3: autoDraw = True
49.5499 	EXP 	line4: autoDraw = True
50.2341 	EXP 	Device response: <KeyPress from None: t=50.21966690000045, value=v, duration=None>
50.2362 	DATA 	Keypress: v
50.5179 	EXP 	Device response: <KeyPress from None: t=50.21966690000045, value=v, duration=0.2970066999987466>
50.5502 	INFO 	Keyboard events cleared
50.5500 	EXP 	fixation: autoDraw = False
50.5500 	EXP 	probe: autoDraw = True
50.8671 	EXP 	Device response: <KeyPress from None: t=50.86678220000067, value=v, duration=None>
50.8675 	EXP 	New trial (rep=4, index=2): <Trial 18 (2 in rep 4) data={'pos': 50, 'corr_resp': 'c', 'thisN': 18, 'thisTrialN': 2, 'thisRepN': 4}>
50.8688 	DATA 	Keypress: v
50.8838 	EXP 	fixation: autoDraw = False
50.8838 	EXP 	line1: autoDraw = False
50.8838 	EXP 	line2: autoDraw = False
50.8838 	EXP 	line3: autoDraw = False
50.8838 	EXP 	line4: autoDraw = False
50.8838 	EXP 	probe: autoDraw = False
51.1505 	EXP 	Device response: <KeyPress from None: t=50.86678220000067, value=v, duration=0.2737467999995715>
51.8702 	EXP 	fixation: autoDraw = True
51.8702 	EXP 	line1: autoDraw = True
51.8702 	EXP 	line2: autoDraw = True
51.8702 	EXP 	line3: autoDraw = True
51.8702 	EXP 	line4: autoDraw = True
52.8703 	INFO 	Keyboard events cleared
52.8700 	EXP 	fixation: autoDraw = False
52.8700 	EXP 	probe: autoDraw = True
53.0881 	EXP 	Device response: <KeyPress from None: t=53.07952230000046, value=x, duration=None>
53.0888 	EXP 	New trial (rep=4, index=3): <Trial 19 (3 in rep 4) data={'pos': -150, 'corr_resp': 'z', 'thisN': 19, 'thisTrialN': 3, 'thisRepN': 4}>
53.0913 	DATA 	Keypress: x
53.1035 	EXP 	fixation: autoDraw = False
53.1035 	EXP 	line1: autoDraw = False
53.1035 	EXP 	line2: autoDraw = False
53.1035 	EXP 	line3: autoDraw = False
53.1035 	EXP 	line4: autoDraw = False
53.1035 	EXP 	probe: autoDraw = False
53.2882 	EXP 	Device response: <KeyPress from None: t=53.07952230000046, value=x, duration=0.19941859999926237>
54.1047 	EXP 	fixation: autoDraw = True
54.1047 	EXP 	line1: autoDraw = True
54.1047 	EXP 	line2: autoDraw = True
54.1047 	EXP 	line3: autoDraw = True
54.1047 	EXP 	line4: autoDraw = True
54.9858 	EXP 	Device response: <KeyPress from None: t=54.979562200000146, value=c, duration=None>
54.9883 	DATA 	Keypress: c
55.1019 	INFO 	Keyboard events cleared
55.1016 	EXP 	probe: autoDraw = True
55.1198 	EXP 	fixation: autoDraw = False
55.2714 	EXP 	Device response: <KeyPress from None: t=54.979562200000146, value=c, duration=0.28029310000056284>
55.5204 	EXP 	Device response: <KeyPress from None: t=55.50811840000097, value=c, duration=None>
55.5212 	EXP 	New trial (rep=5, index=0): <Trial 20 (0 in rep 5) data={'pos': -50, 'corr_resp': 'x', 'thisN': 20, 'thisTrialN': 0, 'thisRepN': 5}>
55.5238 	DATA 	Keypress: c
55.5370 	EXP 	fixation: autoDraw = False
55.5370 	EXP 	line1: autoDraw = False
55.5370 	EXP 	line2: autoDraw = False
55.5370 	EXP 	line3: autoDraw = False
55.5370 	EXP 	line4: autoDraw = False
55.5370 	EXP 	probe: autoDraw = False
55.7371 	EXP 	Device response: <KeyPress from None: t=55.50811840000097, value=c, duration=0.22189259999868227>
56.5373 	EXP 	fixation: autoDraw = True
56.5373 	EXP 	line1: autoDraw = True
56.5373 	EXP 	line2: autoDraw = True
56.5373 	EXP 	line3: autoDraw = True
56.5373 	EXP 	line4: autoDraw = True
57.2035 	EXP 	Device response: <KeyPress from None: t=57.19644960000005, value=z, duration=None>
57.2068 	DATA 	Keypress: z
57.4552 	EXP 	Device response: <KeyPress from None: t=57.19644960000005, value=z, duration=0.24471129999983532>
57.5200 	INFO 	Keyboard events cleared
57.5197 	EXP 	probe: autoDraw = True
57.5364 	EXP 	fixation: autoDraw = False
58.8873 	EXP 	Device response: <KeyPress from None: t=58.88397900000018, value=z, duration=None>
58.8878 	EXP 	New trial (rep=5, index=1): <Trial 21 (1 in rep 5) data={'pos': 150, 'corr_resp': 'v', 'thisN': 21, 'thisTrialN': 1, 'thisRepN': 5}>
58.8901 	DATA 	Keypress: z
58.9018 	EXP 	fixation: autoDraw = False
58.9018 	EXP 	line1: autoDraw = False
58.9018 	EXP 	line2: autoDraw = False
58.9018 	EXP 	line3: autoDraw = False
58.9018 	EXP 	line4: autoDraw = False
58.9018 	EXP 	probe: autoDraw = False
59.1342 	EXP 	Device response: <KeyPress from None: t=58.88397900000018, value=z, duration=0.24912050000057206>
59.9003 	EXP 	fixation: autoDraw = True
59.9003 	EXP 	line1: autoDraw = True
59.9003 	EXP 	line2: autoDraw = True
59.9003 	EXP 	line3: autoDraw = True
59.9003 	EXP 	line4: autoDraw = True
60.9006 	INFO 	Keyboard events cleared
60.9003 	EXP 	fixation: autoDraw = False
60.9003 	EXP 	probe: autoDraw = True
60.9026 	DATA 	Keypress: v
61.9341 	EXP 	Device response: <KeyPress from None: t=61.92874599999959, value=v, duration=None>
61.9345 	EXP 	New trial (rep=5, index=2): <Trial 22 (2 in rep 5) data={'pos': 50, 'corr_resp': 'c', 'thisN': 22, 'thisTrialN': 2, 'thisRepN': 5}>
61.9362 	DATA 	Keypress: v
61.9488 	EXP 	fixation: autoDraw = False
61.9488 	EXP 	line1: autoDraw = False
61.9488 	EXP 	line2: autoDraw = False
61.9488 	EXP 	line3: autoDraw = False
61.9488 	EXP 	line4: autoDraw = False
61.9488 	EXP 	probe: autoDraw = False
62.2502 	EXP 	Device response: <KeyPress from None: t=61.92874599999959, value=v, duration=0.30933180000101856>
62.6837 	EXP 	Device response: <KeyPress from None: t=62.681044400000246, value=v, duration=None>
62.6846 	DATA 	Keypress: v
62.9326 	EXP 	fixation: autoDraw = True
62.9326 	EXP 	line1: autoDraw = True
62.9326 	EXP 	line2: autoDraw = True
62.9326 	EXP 	line3: autoDraw = True
62.9326 	EXP 	line4: autoDraw = True
62.9332 	EXP 	Device response: <KeyPress from None: t=62.681044400000246, value=v, duration=0.2401045000005979>
63.3177 	EXP 	Device response: <KeyPress from None: t=63.31738039999982, value=v, duration=None>
63.3194 	DATA 	Keypress: v
63.5501 	EXP 	Device response: <KeyPress from None: t=63.31738039999982, value=v, duration=0.22768490000089514>
63.9341 	INFO 	Keyboard events cleared
63.9339 	EXP 	fixation: autoDraw = False
63.9339 	EXP 	probe: autoDraw = True
64.4499 	EXP 	Device response: <KeyPress from None: t=64.43777890000092, value=v, duration=None>
64.4503 	EXP 	New trial (rep=5, index=3): <Trial 23 (3 in rep 5) data={'pos': -150, 'corr_resp': 'z', 'thisN': 23, 'thisTrialN': 3, 'thisRepN': 5}>
64.4516 	DATA 	Keypress: v
64.4666 	EXP 	fixation: autoDraw = False
64.4666 	EXP 	line1: autoDraw = False
64.4666 	EXP 	line2: autoDraw = False
64.4666 	EXP 	line3: autoDraw = False
64.4666 	EXP 	line4: autoDraw = False
64.4666 	EXP 	probe: autoDraw = False
64.6347 	EXP 	Device response: <KeyPress from None: t=64.43777890000092, value=v, duration=0.19418649999897752>
65.4502 	EXP 	fixation: autoDraw = True
65.4502 	EXP 	line1: autoDraw = True
65.4502 	EXP 	line2: autoDraw = True
65.4502 	EXP 	line3: autoDraw = True
65.4502 	EXP 	line4: autoDraw = True
66.4500 	INFO 	Keyboard events cleared
66.4498 	EXP 	fixation: autoDraw = False
66.4498 	EXP 	probe: autoDraw = True
66.8000 	EXP 	Device response: <KeyPress from None: t=66.78868650000004, value=z, duration=None>
66.8004 	EXP 	New trial (rep=6, index=0): <Trial 24 (0 in rep 6) data={'pos': -50, 'corr_resp': 'x', 'thisN': 24, 'thisTrialN': 0, 'thisRepN': 6}>
66.8017 	DATA 	Keypress: z
66.8167 	EXP 	fixation: autoDraw = False
66.8167 	EXP 	line1: autoDraw = False
66.8167 	EXP 	line2: autoDraw = False
66.8167 	EXP 	line3: autoDraw = False
66.8167 	EXP 	line4: autoDraw = False
66.8167 	EXP 	probe: autoDraw = False
67.0334 	EXP 	Device response: <KeyPress from None: t=66.78868650000004, value=z, duration=0.23963929999990796>
67.8011 	EXP 	fixation: autoDraw = True
67.8011 	EXP 	line1: autoDraw = True
67.8011 	EXP 	line2: autoDraw = True
67.8011 	EXP 	line3: autoDraw = True
67.8011 	EXP 	line4: autoDraw = True
68.8010 	INFO 	Keyboard events cleared
68.8007 	EXP 	probe: autoDraw = True
68.8032 	DATA 	Keypress: v
68.8170 	EXP 	fixation: autoDraw = False
69.5667 	EXP 	Device response: <KeyPress from None: t=69.56162659999973, value=v, duration=None>
69.5671 	EXP 	New trial (rep=6, index=1): <Trial 25 (1 in rep 6) data={'pos': 150, 'corr_resp': 'v', 'thisN': 25, 'thisTrialN': 1, 'thisRepN': 6}>
69.5683 	DATA 	Keypress: v
69.5827 	EXP 	fixation: autoDraw = False
69.5827 	EXP 	line1: autoDraw = False
69.5827 	EXP 	line2: autoDraw = False
69.5827 	EXP 	line3: autoDraw = False
69.5827 	EXP 	line4: autoDraw = False
69.5827 	EXP 	probe: autoDraw = False
69.9165 	EXP 	Device response: <KeyPress from None: t=69.56162659999973, value=v, duration=0.34976559999995516>
70.5665 	EXP 	fixation: autoDraw = True
70.5665 	EXP 	line1: autoDraw = True
70.5665 	EXP 	line2: autoDraw = True
70.5665 	EXP 	line3: autoDraw = True
70.5665 	EXP 	line4: autoDraw = True
71.3542 	EXP 	Device response: <KeyPress from None: t=71.35166469999967, value=z, duration=None>
71.3566 	DATA 	Keypress: z
71.5663 	INFO 	Keyboard events cleared
71.5661 	EXP 	fixation: autoDraw = False
71.5661 	EXP 	probe: autoDraw = True
71.6004 	EXP 	Device response: <KeyPress from None: t=71.35166469999967, value=z, duration=0.24406029999954626>
72.1334 	EXP 	Device response: <KeyPress from None: t=72.12837760000002, value=z, duration=None>
72.1338 	EXP 	New trial (rep=6, index=2): <Trial 26 (2 in rep 6) data={'pos': 50, 'corr_resp': 'c', 'thisN': 26, 'thisTrialN': 2, 'thisRepN': 6}>
72.1351 	DATA 	Keypress: z
72.1498 	EXP 	fixation: autoDraw = False
72.1498 	EXP 	line1: autoDraw = False
72.1498 	EXP 	line2: autoDraw = False
72.1498 	EXP 	line3: autoDraw = False
72.1498 	EXP 	line4: autoDraw = False
72.1498 	EXP 	probe: autoDraw = False
72.3505 	EXP 	Device response: <KeyPress from None: t=72.12837760000002, value=z, duration=0.2164639000002353>
73.1366 	EXP 	fixation: autoDraw = True
73.1366 	EXP 	line1: autoDraw = True
73.1366 	EXP 	line2: autoDraw = True
73.1366 	EXP 	line3: autoDraw = True
73.1366 	EXP 	line4: autoDraw = True
74.1373 	INFO 	Keyboard events cleared
74.1370 	EXP 	probe: autoDraw = True
74.1520 	EXP 	fixation: autoDraw = False
74.1915 	DATA 	Keypress: v
74.2052 	EXP 	Device response: <KeyPress from None: t=74.1880013000009, value=v, duration=None>
74.2059 	EXP 	New trial (rep=6, index=3): <Trial 27 (3 in rep 6) data={'pos': -150, 'corr_resp': 'z', 'thisN': 27, 'thisTrialN': 3, 'thisRepN': 6}>
74.2204 	EXP 	fixation: autoDraw = False
74.2204 	EXP 	line1: autoDraw = False
74.2204 	EXP 	line2: autoDraw = False
74.2204 	EXP 	line3: autoDraw = False
74.2204 	EXP 	line4: autoDraw = False
74.2204 	EXP 	probe: autoDraw = False
74.4838 	EXP 	Device response: <KeyPress from None: t=74.1880013000009, value=v, duration=0.2805932999999641>
75.2172 	EXP 	fixation: autoDraw = True
75.2172 	EXP 	line1: autoDraw = True
75.2172 	EXP 	line2: autoDraw = True
75.2172 	EXP 	line3: autoDraw = True
75.2172 	EXP 	line4: autoDraw = True
75.7004 	EXP 	Device response: <KeyPress from None: t=75.69593039999927, value=z, duration=None>
75.7021 	DATA 	Keypress: z
75.9511 	EXP 	Device response: <KeyPress from None: t=75.69593039999927, value=z, duration=0.25128500000028>
76.2171 	INFO 	Keyboard events cleared
76.2169 	EXP 	fixation: autoDraw = False
76.2169 	EXP 	probe: autoDraw = True
76.3868 	DATA 	Keypress: z
76.4004 	EXP 	Device response: <KeyPress from None: t=76.38613430000078, value=z, duration=None>
76.4008 	EXP 	New trial (rep=7, index=0): <Trial 28 (0 in rep 7) data={'pos': -50, 'corr_resp': 'x', 'thisN': 28, 'thisTrialN': 0, 'thisRepN': 7}>
76.4164 	EXP 	fixation: autoDraw = False
76.4164 	EXP 	line1: autoDraw = False
76.4164 	EXP 	line2: autoDraw = False
76.4164 	EXP 	line3: autoDraw = False
76.4164 	EXP 	line4: autoDraw = False
76.4164 	EXP 	probe: autoDraw = False
76.6710 	EXP 	Device response: <KeyPress from None: t=76.38613430000078, value=z, duration=0.26894369999899936>
77.4167 	EXP 	fixation: autoDraw = True
77.4167 	EXP 	line1: autoDraw = True
77.4167 	EXP 	line2: autoDraw = True
77.4167 	EXP 	line3: autoDraw = True
77.4167 	EXP 	line4: autoDraw = True
78.3872 	EXP 	Device response: <KeyPress from None: t=78.37574870000026, value=v, duration=None>
78.3931 	DATA 	Keypress: v
78.4164 	INFO 	Keyboard events cleared
78.4161 	EXP 	probe: autoDraw = True
78.4369 	EXP 	fixation: autoDraw = False
78.6176 	EXP 	Device response: <KeyPress from None: t=78.37574870000026, value=v, duration=0.23733779999929538>
79.1742 	DATA 	Keypress: v
79.1870 	EXP 	Device response: <KeyPress from None: t=79.17018009999993, value=v, duration=None>
79.1878 	EXP 	New trial (rep=7, index=1): <Trial 29 (1 in rep 7) data={'pos': 150, 'corr_resp': 'v', 'thisN': 29, 'thisTrialN': 1, 'thisRepN': 7}>
79.2033 	EXP 	fixation: autoDraw = False
79.2033 	EXP 	line1: autoDraw = False
79.2033 	EXP 	line2: autoDraw = False
79.2033 	EXP 	line3: autoDraw = False
79.2033 	EXP 	line4: autoDraw = False
79.2033 	EXP 	probe: autoDraw = False
79.4499 	EXP 	Device response: <KeyPress from None: t=79.17018009999993, value=v, duration=0.26833369999985734>
80.2010 	EXP 	fixation: autoDraw = True
80.2010 	EXP 	line1: autoDraw = True
80.2010 	EXP 	line2: autoDraw = True
80.2010 	EXP 	line3: autoDraw = True
80.2010 	EXP 	line4: autoDraw = True
81.2002 	INFO 	Keyboard events cleared
81.2000 	EXP 	fixation: autoDraw = False
81.2000 	EXP 	probe: autoDraw = True
81.5173 	EXP 	Device response: <KeyPress from None: t=81.50243150000097, value=z, duration=None>
81.5177 	EXP 	New trial (rep=7, index=2): <Trial 30 (2 in rep 7) data={'pos': 50, 'corr_resp': 'c', 'thisN': 30, 'thisTrialN': 2, 'thisRepN': 7}>
81.5191 	DATA 	Keypress: z
81.5333 	EXP 	fixation: autoDraw = False
81.5333 	EXP 	line1: autoDraw = False
81.5333 	EXP 	line2: autoDraw = False
81.5333 	EXP 	line3: autoDraw = False
81.5333 	EXP 	line4: autoDraw = False
81.5333 	EXP 	probe: autoDraw = False
81.7832 	EXP 	Device response: <KeyPress from None: t=81.50243150000097, value=z, duration=0.2711450999995577>
82.5331 	EXP 	fixation: autoDraw = True
82.5331 	EXP 	line1: autoDraw = True
82.5331 	EXP 	line2: autoDraw = True
82.5331 	EXP 	line3: autoDraw = True
82.5331 	EXP 	line4: autoDraw = True
83.5169 	INFO 	Keyboard events cleared
83.5167 	EXP 	probe: autoDraw = True
83.5338 	EXP 	fixation: autoDraw = False
84.1522 	DATA 	Keypress: c
84.1667 	EXP 	Device response: <KeyPress from None: t=84.15076890000091, value=c, duration=None>
84.1672 	EXP 	New trial (rep=7, index=3): <Trial 31 (3 in rep 7) data={'pos': -150, 'corr_resp': 'z', 'thisN': 31, 'thisTrialN': 3, 'thisRepN': 7}>
84.1844 	EXP 	fixation: autoDraw = False
84.1844 	EXP 	line1: autoDraw = False
84.1844 	EXP 	line2: autoDraw = False
84.1844 	EXP 	line3: autoDraw = False
84.1844 	EXP 	line4: autoDraw = False
84.1844 	EXP 	probe: autoDraw = False
84.3999 	EXP 	Device response: <KeyPress from None: t=84.15076890000091, value=c, duration=0.24408759999823815>
85.1661 	EXP 	fixation: autoDraw = True
85.1661 	EXP 	line1: autoDraw = True
85.1661 	EXP 	line2: autoDraw = True
85.1661 	EXP 	line3: autoDraw = True
85.1661 	EXP 	line4: autoDraw = True
85.9835 	EXP 	Device response: <KeyPress from None: t=85.97661650000009, value=x, duration=None>
85.9853 	DATA 	Keypress: x
86.1667 	INFO 	Keyboard events cleared
86.1665 	EXP 	fixation: autoDraw = False
86.1665 	EXP 	probe: autoDraw = True
86.3008 	EXP 	Device response: <KeyPress from None: t=85.97661650000009, value=x, duration=0.32320400000025984>
86.5856 	DATA 	Keypress: x
86.6001 	EXP 	Device response: <KeyPress from None: t=86.5850475999996, value=x, duration=None>
86.6005 	EXP 	New trial (rep=8, index=0): <Trial 32 (0 in rep 8) data={'pos': -50, 'corr_resp': 'x', 'thisN': 32, 'thisTrialN': 0, 'thisRepN': 8}>
86.6207 	EXP 	fixation: autoDraw = False
86.6207 	EXP 	line1: autoDraw = False
86.6207 	EXP 	line2: autoDraw = False
86.6207 	EXP 	line3: autoDraw = False
86.6207 	EXP 	line4: autoDraw = False
86.6207 	EXP 	probe: autoDraw = False
86.7868 	EXP 	Device response: <KeyPress from None: t=86.5850475999996, value=x, duration=0.18798969999988913>
87.5999 	EXP 	fixation: autoDraw = True
87.5999 	EXP 	line1: autoDraw = True
87.5999 	EXP 	line2: autoDraw = True
87.5999 	EXP 	line3: autoDraw = True
87.5999 	EXP 	line4: autoDraw = True
88.6007 	INFO 	Keyboard events cleared
88.6005 	EXP 	fixation: autoDraw = False
88.6005 	EXP 	probe: autoDraw = True
89.0335 	EXP 	Device response: <KeyPress from None: t=89.0225773000002, value=v, duration=None>
89.0341 	EXP 	New trial (rep=8, index=1): <Trial 33 (1 in rep 8) data={'pos': 150, 'corr_resp': 'v', 'thisN': 33, 'thisTrialN': 1, 'thisRepN': 8}>
89.0354 	DATA 	Keypress: v
89.0499 	EXP 	fixation: autoDraw = False
89.0499 	EXP 	line1: autoDraw = False
89.0499 	EXP 	line2: autoDraw = False
89.0499 	EXP 	line3: autoDraw = False
89.0499 	EXP 	line4: autoDraw = False
89.0499 	EXP 	probe: autoDraw = False
89.2164 	EXP 	Device response: <KeyPress from None: t=89.0225773000002, value=v, duration=0.18886720000045898>
90.0359 	EXP 	fixation: autoDraw = True
90.0359 	EXP 	line1: autoDraw = True
90.0359 	EXP 	line2: autoDraw = True
90.0359 	EXP 	line3: autoDraw = True
90.0359 	EXP 	line4: autoDraw = True
90.8179 	EXP 	Device response: <KeyPress from None: t=90.81677859999945, value=z, duration=None>
90.8196 	DATA 	Keypress: z
91.0497 	INFO 	Keyboard events cleared
91.0495 	EXP 	fixation: autoDraw = False
91.0495 	EXP 	probe: autoDraw = True
91.3827 	EXP 	Device response: <KeyPress from None: t=91.37763280000036, value=z, duration=None>
91.3833 	EXP 	New trial (rep=8, index=2): <Trial 34 (2 in rep 8) data={'pos': 50, 'corr_resp': 'c', 'thisN': 34, 'thisTrialN': 2, 'thisRepN': 8}>
91.3846 	DATA 	Keypress: z
91.3991 	EXP 	fixation: autoDraw = False
91.3991 	EXP 	line1: autoDraw = False
91.3991 	EXP 	line2: autoDraw = False
91.3991 	EXP 	line3: autoDraw = False
91.3991 	EXP 	line4: autoDraw = False
91.3991 	EXP 	probe: autoDraw = False
91.6004 	EXP 	Device response: <KeyPress from None: t=90.81677859999945, value=z, duration=0.7748568000006344>
92.3830 	EXP 	fixation: autoDraw = True
92.3830 	EXP 	line1: autoDraw = True
92.3830 	EXP 	line2: autoDraw = True
92.3830 	EXP 	line3: autoDraw = True
92.3830 	EXP 	line4: autoDraw = True
93.1168 	EXP 	Device response: <KeyPress from None: t=93.10698140000022, value=v, duration=None>
93.1186 	DATA 	Keypress: v
93.3477 	EXP 	Device response: <KeyPress from None: t=93.10698140000022, value=v, duration=0.2311769000007189>
93.3977 	INFO 	Keyboard events cleared
93.3975 	EXP 	fixation: autoDraw = False
93.3975 	EXP 	probe: autoDraw = True
93.6809 	EXP 	Device response: <KeyPress from None: t=93.66812869999922, value=v, duration=None>
93.6812 	EXP 	New trial (rep=8, index=3): <Trial 35 (3 in rep 8) data={'pos': -150, 'corr_resp': 'z', 'thisN': 35, 'thisTrialN': 3, 'thisRepN': 8}>
93.6823 	DATA 	Keypress: v
93.7034 	EXP 	fixation: autoDraw = False
93.7034 	EXP 	line1: autoDraw = False
93.7034 	EXP 	line2: autoDraw = False
93.7034 	EXP 	line3: autoDraw = False
93.7034 	EXP 	line4: autoDraw = False
93.7034 	EXP 	probe: autoDraw = False
93.8534 	EXP 	Device response: <KeyPress from None: t=93.66812869999922, value=v, duration=0.17801110000073095>
94.6858 	EXP 	fixation: autoDraw = True
94.6858 	EXP 	line1: autoDraw = True
94.6858 	EXP 	line2: autoDraw = True
94.6858 	EXP 	line3: autoDraw = True
94.6858 	EXP 	line4: autoDraw = True
95.6872 	INFO 	Keyboard events cleared
95.6870 	EXP 	fixation: autoDraw = False
95.6870 	EXP 	probe: autoDraw = True
96.3382 	EXP 	Device response: <KeyPress from None: t=96.32860729999993, value=x, duration=None>
96.3389 	EXP 	New trial (rep=9, index=0): <Trial 36 (0 in rep 9) data={'pos': -50, 'corr_resp': 'x', 'thisN': 36, 'thisTrialN': 0, 'thisRepN': 9}>
96.3414 	DATA 	Keypress: x
96.3531 	EXP 	fixation: autoDraw = False
96.3531 	EXP 	line1: autoDraw = False
96.3531 	EXP 	line2: autoDraw = False
96.3531 	EXP 	line3: autoDraw = False
96.3531 	EXP 	line4: autoDraw = False
96.3531 	EXP 	probe: autoDraw = False
96.5534 	EXP 	Device response: <KeyPress from None: t=96.32860729999993, value=x, duration=0.20922450000034587>
97.3536 	EXP 	fixation: autoDraw = True
97.3536 	EXP 	line1: autoDraw = True
97.3536 	EXP 	line2: autoDraw = True
97.3536 	EXP 	line3: autoDraw = True
97.3536 	EXP 	line4: autoDraw = True
98.3492 	INFO 	Keyboard events cleared
98.3491 	EXP 	probe: autoDraw = True
98.3644 	EXP 	fixation: autoDraw = False
98.4855 	EXP 	Device response: <KeyPress from None: t=98.48302859999967, value=v, duration=None>
98.4864 	EXP 	New trial (rep=9, index=1): <Trial 37 (1 in rep 9) data={'pos': 150, 'corr_resp': 'v', 'thisN': 37, 'thisTrialN': 1, 'thisRepN': 9}>
98.4886 	DATA 	Keypress: v
98.4976 	EXP 	fixation: autoDraw = False
98.4976 	EXP 	line1: autoDraw = False
98.4976 	EXP 	line2: autoDraw = False
98.4976 	EXP 	line3: autoDraw = False
98.4976 	EXP 	line4: autoDraw = False
98.4976 	EXP 	probe: autoDraw = False
98.9335 	EXP 	Device response: <KeyPress from None: t=98.48302859999967, value=v, duration=0.44997960000000603>
99.4992 	EXP 	fixation: autoDraw = True
99.4992 	EXP 	line1: autoDraw = True
99.4992 	EXP 	line2: autoDraw = True
99.4992 	EXP 	line3: autoDraw = True
99.4992 	EXP 	line4: autoDraw = True
100.3831 	EXP 	Device response: <KeyPress from None: t=100.37673539999923, value=x, duration=None>
100.3849 	DATA 	Keypress: x
100.4996 	INFO 	Keyboard events cleared
100.4994 	EXP 	fixation: autoDraw = False
100.4994 	EXP 	probe: autoDraw = True
100.6335 	EXP 	Device response: <KeyPress from None: t=100.37673539999923, value=x, duration=0.252984100001413>
101.0483 	EXP 	Device response: <KeyPress from None: t=101.04453909999938, value=x, duration=None>
101.0485 	EXP 	New trial (rep=9, index=2): <Trial 38 (2 in rep 9) data={'pos': 50, 'corr_resp': 'c', 'thisN': 38, 'thisTrialN': 2, 'thisRepN': 9}>
101.0493 	DATA 	Keypress: x
101.0645 	EXP 	fixation: autoDraw = False
101.0645 	EXP 	line1: autoDraw = False
101.0645 	EXP 	line2: autoDraw = False
101.0645 	EXP 	line3: autoDraw = False
101.0645 	EXP 	line4: autoDraw = False
101.0645 	EXP 	probe: autoDraw = False
101.4007 	EXP 	Device response: <KeyPress from None: t=101.04453909999938, value=x, duration=0.34098940000149014>
102.0527 	EXP 	fixation: autoDraw = True
102.0527 	EXP 	line1: autoDraw = True
102.0527 	EXP 	line2: autoDraw = True
102.0527 	EXP 	line3: autoDraw = True
102.0527 	EXP 	line4: autoDraw = True
103.0523 	INFO 	Keyboard events cleared
103.0521 	EXP 	probe: autoDraw = True
103.0674 	EXP 	fixation: autoDraw = False
103.8879 	EXP 	Device response: <KeyPress from None: t=103.88307279999935, value=v, duration=None>
103.8885 	EXP 	New trial (rep=9, index=3): <Trial 39 (3 in rep 9) data={'pos': -150, 'corr_resp': 'z', 'thisN': 39, 'thisTrialN': 3, 'thisRepN': 9}>
103.8910 	DATA 	Keypress: v
103.9040 	EXP 	fixation: autoDraw = False
103.9040 	EXP 	line1: autoDraw = False
103.9040 	EXP 	line2: autoDraw = False
103.9040 	EXP 	line3: autoDraw = False
103.9040 	EXP 	line4: autoDraw = False
103.9040 	EXP 	probe: autoDraw = False
104.1201 	EXP 	Device response: <KeyPress from None: t=103.88307279999935, value=v, duration=0.22537850000117032>
104.9028 	EXP 	fixation: autoDraw = True
104.9028 	EXP 	line1: autoDraw = True
104.9028 	EXP 	line2: autoDraw = True
104.9028 	EXP 	line3: autoDraw = True
104.9028 	EXP 	line4: autoDraw = True
105.8997 	INFO 	Keyboard events cleared
105.8995 	EXP 	probe: autoDraw = True
105.9134 	EXP 	fixation: autoDraw = False
106.9013 	EXP 	Device response: <KeyPress from None: t=106.89869750000071, value=z, duration=None>
106.9017 	EXP 	New trial (rep=10, index=0): <Trial 40 (0 in rep 10) data={'pos': -50, 'corr_resp': 'x', 'thisN': 40, 'thisTrialN': 0, 'thisRepN': 10}>
106.9030 	DATA 	Keypress: z
106.9165 	EXP 	fixation: autoDraw = False
106.9165 	EXP 	line1: autoDraw = False
106.9165 	EXP 	line2: autoDraw = False
106.9165 	EXP 	line3: autoDraw = False
106.9165 	EXP 	line4: autoDraw = False
106.9165 	EXP 	probe: autoDraw = False
107.1510 	EXP 	Device response: <KeyPress from None: t=91.37763280000036, value=z, duration=15.759375300000102>
107.9164 	EXP 	fixation: autoDraw = True
107.9164 	EXP 	line1: autoDraw = True
107.9164 	EXP 	line2: autoDraw = True
107.9164 	EXP 	line3: autoDraw = True
107.9164 	EXP 	line4: autoDraw = True
108.2342 	EXP 	Device response: <KeyPress from None: t=108.23030780000045, value=z, duration=None>
108.2361 	DATA 	Keypress: z
108.4506 	EXP 	Device response: <KeyPress from None: t=106.89869750000071, value=z, duration=1.5458567999994557>
108.9166 	INFO 	Keyboard events cleared
108.9164 	EXP 	fixation: autoDraw = False
108.9164 	EXP 	probe: autoDraw = True
109.2501 	EXP 	Device response: <KeyPress from None: t=109.24459949999982, value=z, duration=None>
109.2505 	EXP 	New trial (rep=10, index=1): <Trial 41 (1 in rep 10) data={'pos': 150, 'corr_resp': 'v', 'thisN': 41, 'thisTrialN': 1, 'thisRepN': 10}>
109.2518 	DATA 	Keypress: z
109.2671 	EXP 	fixation: autoDraw = False
109.2671 	EXP 	line1: autoDraw = False
109.2671 	EXP 	line2: autoDraw = False
109.2671 	EXP 	line3: autoDraw = False
109.2671 	EXP 	line4: autoDraw = False
109.2671 	EXP 	probe: autoDraw = False
109.4494 	EXP 	Device response: <KeyPress from None: t=108.23030780000045, value=z, duration=1.2099163999992015>
110.2495 	EXP 	fixation: autoDraw = True
110.2495 	EXP 	line1: autoDraw = True
110.2495 	EXP 	line2: autoDraw = True
110.2495 	EXP 	line3: autoDraw = True
110.2495 	EXP 	line4: autoDraw = True
111.2500 	INFO 	Keyboard events cleared
111.2498 	EXP 	fixation: autoDraw = False
111.2498 	EXP 	probe: autoDraw = True
111.6001 	EXP 	Device response: <KeyPress from None: t=111.5863530000006, value=v, duration=None>
111.6005 	EXP 	New trial (rep=10, index=2): <Trial 42 (2 in rep 10) data={'pos': 50, 'corr_resp': 'c', 'thisN': 42, 'thisTrialN': 2, 'thisRepN': 10}>
111.6018 	DATA 	Keypress: v
111.6165 	EXP 	fixation: autoDraw = False
111.6165 	EXP 	line1: autoDraw = False
111.6165 	EXP 	line2: autoDraw = False
111.6165 	EXP 	line3: autoDraw = False
111.6165 	EXP 	line4: autoDraw = False
111.6165 	EXP 	probe: autoDraw = False
111.8677 	EXP 	Device response: <KeyPress from None: t=111.5863530000006, value=v, duration=0.27871760000016366>
112.5996 	EXP 	fixation: autoDraw = True
112.5996 	EXP 	line1: autoDraw = True
112.5996 	EXP 	line2: autoDraw = True
112.5996 	EXP 	line3: autoDraw = True
112.5996 	EXP 	line4: autoDraw = True
113.4343 	EXP 	Device response: <KeyPress from None: t=113.43048719999933, value=z, duration=None>
113.4361 	DATA 	Keypress: z
113.5999 	INFO 	Keyboard events cleared
113.5997 	EXP 	fixation: autoDraw = False
113.5997 	EXP 	probe: autoDraw = True
113.6674 	EXP 	Device response: <KeyPress from None: t=109.24459949999982, value=z, duration=4.416594000000259>
114.2836 	EXP 	Device response: <KeyPress from None: t=114.27627369999936, value=x, duration=None>
114.2840 	EXP 	New trial (rep=10, index=3): <Trial 43 (3 in rep 10) data={'pos': -150, 'corr_resp': 'z', 'thisN': 43, 'thisTrialN': 3, 'thisRepN': 10}>
114.2853 	DATA 	Keypress: x
114.2986 	EXP 	fixation: autoDraw = False
114.2986 	EXP 	line1: autoDraw = False
114.2986 	EXP 	line2: autoDraw = False
114.2986 	EXP 	line3: autoDraw = False
114.2986 	EXP 	line4: autoDraw = False
114.2986 	EXP 	probe: autoDraw = False
114.5344 	EXP 	Device response: <KeyPress from None: t=114.27627369999936, value=x, duration=0.2535894000011467>
115.2827 	EXP 	fixation: autoDraw = True
115.2827 	EXP 	line1: autoDraw = True
115.2827 	EXP 	line2: autoDraw = True
115.2827 	EXP 	line3: autoDraw = True
115.2827 	EXP 	line4: autoDraw = True
115.5836 	EXP 	Device response: <KeyPress from None: t=115.57956320000085, value=z, duration=None>
115.5861 	DATA 	Keypress: z
115.8513 	EXP 	Device response: <KeyPress from None: t=113.43048719999933, value=z, duration=2.415128500000719>
116.2830 	INFO 	Keyboard events cleared
116.2828 	EXP 	fixation: autoDraw = False
116.2828 	EXP 	probe: autoDraw = True
117.7672 	EXP 	Device response: <KeyPress from None: t=117.76439720000053, value=v, duration=None>
117.7676 	EXP 	New trial (rep=11, index=0): <Trial 44 (0 in rep 11) data={'pos': -50, 'corr_resp': 'x', 'thisN': 44, 'thisTrialN': 0, 'thisRepN': 11}>
117.7691 	DATA 	Keypress: v
117.7828 	EXP 	fixation: autoDraw = False
117.7828 	EXP 	line1: autoDraw = False
117.7828 	EXP 	line2: autoDraw = False
117.7828 	EXP 	line3: autoDraw = False
117.7828 	EXP 	line4: autoDraw = False
117.7828 	EXP 	probe: autoDraw = False
118.2004 	EXP 	Device response: <KeyPress from None: t=117.76439720000053, value=v, duration=0.4311448999997083>
118.7668 	EXP 	fixation: autoDraw = True
118.7668 	EXP 	line1: autoDraw = True
118.7668 	EXP 	line2: autoDraw = True
118.7668 	EXP 	line3: autoDraw = True
118.7668 	EXP 	line4: autoDraw = True
119.3505 	EXP 	Device response: <KeyPress from None: t=119.34056830000009, value=v, duration=None>
119.3525 	DATA 	Keypress: v
119.5864 	EXP 	Device response: <KeyPress from None: t=119.34056830000009, value=v, duration=0.23313369999959832>
119.7665 	EXP 	fixation: autoDraw = False
119.7829 	INFO 	Keyboard events cleared
119.7827 	EXP 	probe: autoDraw = True
120.1503 	EXP 	Device response: <KeyPress from None: t=120.14666550000038, value=v, duration=None>
120.1507 	EXP 	New trial (rep=11, index=1): <Trial 45 (1 in rep 11) data={'pos': 150, 'corr_resp': 'v', 'thisN': 45, 'thisTrialN': 1, 'thisRepN': 11}>
120.1520 	DATA 	Keypress: v
120.1664 	EXP 	fixation: autoDraw = False
120.1664 	EXP 	line1: autoDraw = False
120.1664 	EXP 	line2: autoDraw = False
120.1664 	EXP 	line3: autoDraw = False
120.1664 	EXP 	line4: autoDraw = False
120.1664 	EXP 	probe: autoDraw = False
120.3999 	EXP 	Device response: <KeyPress from None: t=120.14666550000038, value=v, duration=0.24795139999878302>
121.1491 	EXP 	fixation: autoDraw = True
121.1491 	EXP 	line1: autoDraw = True
121.1491 	EXP 	line2: autoDraw = True
121.1491 	EXP 	line3: autoDraw = True
121.1491 	EXP 	line4: autoDraw = True
122.1507 	EXP 	fixation: autoDraw = False
122.1667 	INFO 	Keyboard events cleared
122.1665 	EXP 	probe: autoDraw = True
123.0497 	EXP 	Device response: <KeyPress from None: t=123.04451770000014, value=c, duration=None>
123.0501 	EXP 	New trial (rep=11, index=2): <Trial 46 (2 in rep 11) data={'pos': 50, 'corr_resp': 'c', 'thisN': 46, 'thisTrialN': 2, 'thisRepN': 11}>
123.0514 	DATA 	Keypress: c
123.0667 	EXP 	fixation: autoDraw = False
123.0667 	EXP 	line1: autoDraw = False
123.0667 	EXP 	line2: autoDraw = False
123.0667 	EXP 	line3: autoDraw = False
123.0667 	EXP 	line4: autoDraw = False
123.0667 	EXP 	probe: autoDraw = False
123.4667 	EXP 	Device response: <KeyPress from None: t=123.04451770000014, value=c, duration=0.4139283999993495>
124.0525 	EXP 	fixation: autoDraw = True
124.0525 	EXP 	line1: autoDraw = True
124.0525 	EXP 	line2: autoDraw = True
124.0525 	EXP 	line3: autoDraw = True
124.0525 	EXP 	line4: autoDraw = True
124.8211 	EXP 	Device response: <KeyPress from None: t=124.8165824000007, value=v, duration=None>
124.8237 	DATA 	Keypress: v
125.0479 	EXP 	Device response: <KeyPress from None: t=124.8165824000007, value=v, duration=0.2280695999997988>
125.0637 	INFO 	Keyboard events cleared
125.0636 	EXP 	fixation: autoDraw = False
125.0636 	EXP 	probe: autoDraw = True
125.5010 	EXP 	Device response: <KeyPress from None: t=125.4982602, value=v, duration=None>
125.5014 	EXP 	New trial (rep=11, index=3): <Trial 47 (3 in rep 11) data={'pos': -150, 'corr_resp': 'z', 'thisN': 47, 'thisTrialN': 3, 'thisRepN': 11}>
125.5029 	DATA 	Keypress: v
125.5161 	EXP 	fixation: autoDraw = False
125.5161 	EXP 	line1: autoDraw = False
125.5161 	EXP 	line2: autoDraw = False
125.5161 	EXP 	line3: autoDraw = False
125.5161 	EXP 	line4: autoDraw = False
125.5161 	EXP 	probe: autoDraw = False
125.6660 	EXP 	Device response: <KeyPress from None: t=125.4982602, value=v, duration=0.16279779999968014>
126.5164 	EXP 	fixation: autoDraw = True
126.5164 	EXP 	line1: autoDraw = True
126.5164 	EXP 	line2: autoDraw = True
126.5164 	EXP 	line3: autoDraw = True
126.5164 	EXP 	line4: autoDraw = True
127.5020 	INFO 	Keyboard events cleared
127.5017 	EXP 	probe: autoDraw = True
127.5185 	EXP 	fixation: autoDraw = False
127.8310 	EXP 	Device response: <KeyPress from None: t=127.81911050000053, value=z, duration=None>
127.8314 	EXP 	New trial (rep=12, index=0): <Trial 48 (0 in rep 12) data={'pos': -50, 'corr_resp': 'x', 'thisN': 48, 'thisTrialN': 0, 'thisRepN': 12}>
127.8326 	DATA 	Keypress: z
127.8469 	EXP 	fixation: autoDraw = False
127.8469 	EXP 	line1: autoDraw = False
127.8469 	EXP 	line2: autoDraw = False
127.8469 	EXP 	line3: autoDraw = False
127.8469 	EXP 	line4: autoDraw = False
127.8469 	EXP 	probe: autoDraw = False
128.0647 	EXP 	Device response: <KeyPress from None: t=115.57956320000085, value=z, duration=12.481087000000116>
128.8364 	EXP 	fixation: autoDraw = True
128.8364 	EXP 	line1: autoDraw = True
128.8364 	EXP 	line2: autoDraw = True
128.8364 	EXP 	line3: autoDraw = True
128.8364 	EXP 	line4: autoDraw = True
129.3177 	EXP 	Device response: <KeyPress from None: t=129.31582909999997, value=v, duration=None>
129.3194 	DATA 	Keypress: v
129.6546 	EXP 	Device response: <KeyPress from None: t=129.31582909999997, value=v, duration=0.33374080000066897>
129.8341 	INFO 	Keyboard events cleared
129.8338 	EXP 	probe: autoDraw = True
129.8507 	EXP 	fixation: autoDraw = False
129.9496 	EXP 	Device response: <KeyPress from None: t=129.93473989999984, value=v, duration=None>
129.9500 	EXP 	New trial (rep=12, index=1): <Trial 49 (1 in rep 12) data={'pos': 150, 'corr_resp': 'v', 'thisN': 49, 'thisTrialN': 1, 'thisRepN': 12}>
129.9508 	DATA 	Keypress: v
129.9644 	EXP 	fixation: autoDraw = False
129.9644 	EXP 	line1: autoDraw = False
129.9644 	EXP 	line2: autoDraw = False
129.9644 	EXP 	line3: autoDraw = False
129.9644 	EXP 	line4: autoDraw = False
129.9644 	EXP 	probe: autoDraw = False
130.1334 	EXP 	Device response: <KeyPress from None: t=129.93473989999984, value=v, duration=0.19357149999996182>
130.9501 	EXP 	fixation: autoDraw = True
130.9501 	EXP 	line1: autoDraw = True
130.9501 	EXP 	line2: autoDraw = True
130.9501 	EXP 	line3: autoDraw = True
130.9501 	EXP 	line4: autoDraw = True
131.4985 	EXP 	Device response: <KeyPress from None: t=131.48164779999934, value=v, duration=None>
131.4999 	DATA 	Keypress: v
131.6701 	EXP 	Device response: <KeyPress from None: t=131.48164779999934, value=v, duration=0.1805168999999296>
131.9498 	INFO 	Keyboard events cleared
131.9496 	EXP 	probe: autoDraw = True
131.9665 	EXP 	fixation: autoDraw = False
132.1997 	EXP 	Device response: <KeyPress from None: t=132.19917560000067, value=v, duration=None>
132.2001 	EXP 	New trial (rep=12, index=2): <Trial 50 (2 in rep 12) data={'pos': 50, 'corr_resp': 'c', 'thisN': 50, 'thisTrialN': 2, 'thisRepN': 12}>
132.2014 	DATA 	Keypress: v
132.2155 	EXP 	fixation: autoDraw = False
132.2155 	EXP 	line1: autoDraw = False
132.2155 	EXP 	line2: autoDraw = False
132.2155 	EXP 	line3: autoDraw = False
132.2155 	EXP 	line4: autoDraw = False
132.2155 	EXP 	probe: autoDraw = False
132.4173 	EXP 	Device response: <KeyPress from None: t=132.19917560000067, value=v, duration=0.20822079999925336>
132.9997 	EXP 	Device response: <KeyPress from None: t=132.9950518000005, value=v, duration=None>
133.0005 	DATA 	Keypress: v
133.1660 	EXP 	Device response: <KeyPress from None: t=132.9950518000005, value=v, duration=0.1659375999988697>
133.1994 	EXP 	fixation: autoDraw = True
133.1994 	EXP 	line1: autoDraw = True
133.1994 	EXP 	line2: autoDraw = True
133.1994 	EXP 	line3: autoDraw = True
133.1994 	EXP 	line4: autoDraw = True
134.1996 	INFO 	Keyboard events cleared
134.1994 	EXP 	fixation: autoDraw = False
134.1994 	EXP 	probe: autoDraw = True
136.0682 	EXP 	Device response: <KeyPress from None: t=136.06512649999968, value=v, duration=None>
136.0686 	EXP 	New trial (rep=12, index=3): <Trial 51 (3 in rep 12) data={'pos': -150, 'corr_resp': 'z', 'thisN': 51, 'thisTrialN': 3, 'thisRepN': 12}>
136.0700 	DATA 	Keypress: v
136.0830 	EXP 	fixation: autoDraw = False
136.0830 	EXP 	line1: autoDraw = False
136.0830 	EXP 	line2: autoDraw = False
136.0830 	EXP 	line3: autoDraw = False
136.0830 	EXP 	line4: autoDraw = False
136.0830 	EXP 	probe: autoDraw = False
136.3171 	EXP 	Device response: <KeyPress from None: t=136.06512649999968, value=v, duration=0.2471347999999125>
137.0695 	EXP 	fixation: autoDraw = True
137.0695 	EXP 	line1: autoDraw = True
137.0695 	EXP 	line2: autoDraw = True
137.0695 	EXP 	line3: autoDraw = True
137.0695 	EXP 	line4: autoDraw = True
138.0834 	INFO 	Keyboard events cleared
138.0832 	EXP 	fixation: autoDraw = False
138.0832 	EXP 	probe: autoDraw = True
139.0163 	EXP 	Device response: <KeyPress from None: t=139.0049868999995, value=x, duration=None>
139.0167 	EXP 	New trial (rep=13, index=0): <Trial 52 (0 in rep 13) data={'pos': -50, 'corr_resp': 'x', 'thisN': 52, 'thisTrialN': 0, 'thisRepN': 13}>
139.0180 	DATA 	Keypress: x
139.0325 	EXP 	fixation: autoDraw = False
139.0325 	EXP 	line1: autoDraw = False
139.0325 	EXP 	line2: autoDraw = False
139.0325 	EXP 	line3: autoDraw = False
139.0325 	EXP 	line4: autoDraw = False
139.0325 	EXP 	probe: autoDraw = False
139.0495 	EXP 	Device response: <KeyPress from None: t=139.0444681000008, value=z, duration=None>
139.0503 	DATA 	Keypress: z
139.2338 	EXP 	Device response: <KeyPress from None: t=139.0049868999995, value=x, duration=0.21675230000073498>
139.2834 	EXP 	Device response: <KeyPress from None: t=127.81911050000053, value=z, duration=11.46193139999923>
140.0196 	EXP 	fixation: autoDraw = True
140.0196 	EXP 	line1: autoDraw = True
140.0196 	EXP 	line2: autoDraw = True
140.0196 	EXP 	line3: autoDraw = True
140.0196 	EXP 	line4: autoDraw = True
140.4684 	DATA 	Keypress: z
140.4838 	EXP 	Device response: <KeyPress from None: t=140.4673186, value=z, duration=None>
140.7006 	EXP 	Device response: <KeyPress from None: t=139.0444681000008, value=z, duration=1.6436464999987948>
141.0181 	INFO 	Keyboard events cleared
141.0178 	EXP 	probe: autoDraw = True
141.0344 	EXP 	fixation: autoDraw = False
141.2029 	DATA 	Keypress: x
141.2165 	EXP 	Device response: <KeyPress from None: t=141.2016108000007, value=x, duration=None>
141.2170 	EXP 	New trial (rep=13, index=1): <Trial 53 (1 in rep 13) data={'pos': 150, 'corr_resp': 'v', 'thisN': 53, 'thisTrialN': 1, 'thisRepN': 13}>
141.2327 	EXP 	fixation: autoDraw = False
141.2327 	EXP 	line1: autoDraw = False
141.2327 	EXP 	line2: autoDraw = False
141.2327 	EXP 	line3: autoDraw = False
141.2327 	EXP 	line4: autoDraw = False
141.2327 	EXP 	probe: autoDraw = False
141.4327 	EXP 	Device response: <KeyPress from None: t=141.2016108000007, value=x, duration=0.218208099999174>
142.2193 	EXP 	fixation: autoDraw = True
142.2193 	EXP 	line1: autoDraw = True
142.2193 	EXP 	line2: autoDraw = True
142.2193 	EXP 	line3: autoDraw = True
142.2193 	EXP 	line4: autoDraw = True
143.2331 	INFO 	Keyboard events cleared
143.2329 	EXP 	fixation: autoDraw = False
143.2329 	EXP 	probe: autoDraw = True
143.2999 	EXP 	Device response: <KeyPress from None: t=143.29642459999923, value=x, duration=None>
143.3003 	EXP 	New trial (rep=13, index=2): <Trial 54 (2 in rep 13) data={'pos': 50, 'corr_resp': 'c', 'thisN': 54, 'thisTrialN': 2, 'thisRepN': 13}>
143.3015 	DATA 	Keypress: x
143.3166 	EXP 	fixation: autoDraw = False
143.3166 	EXP 	line1: autoDraw = False
143.3166 	EXP 	line2: autoDraw = False
143.3166 	EXP 	line3: autoDraw = False
143.3166 	EXP 	line4: autoDraw = False
143.3166 	EXP 	probe: autoDraw = False
143.5710 	EXP 	Device response: <KeyPress from None: t=143.29642459999923, value=x, duration=0.2740555000000313>
144.3032 	EXP 	fixation: autoDraw = True
144.3032 	EXP 	line1: autoDraw = True
144.3032 	EXP 	line2: autoDraw = True
144.3032 	EXP 	line3: autoDraw = True
144.3032 	EXP 	line4: autoDraw = True
144.6909 	DATA 	Keypress: x
144.7034 	EXP 	Device response: <KeyPress from None: t=144.68969260000085, value=x, duration=None>
145.0664 	EXP 	Device response: <KeyPress from None: t=144.68969260000085, value=x, duration=0.3621888999987277>
145.2998 	INFO 	Keyboard events cleared
145.2996 	EXP 	probe: autoDraw = True
145.3163 	EXP 	fixation: autoDraw = False
145.3997 	EXP 	Device response: <KeyPress from None: t=145.3955678000002, value=z, duration=None>
145.4001 	EXP 	New trial (rep=13, index=3): <Trial 55 (3 in rep 13) data={'pos': -150, 'corr_resp': 'z', 'thisN': 55, 'thisTrialN': 3, 'thisRepN': 13}>
145.4014 	DATA 	Keypress: z
145.4159 	EXP 	fixation: autoDraw = False
145.4159 	EXP 	line1: autoDraw = False
145.4159 	EXP 	line2: autoDraw = False
145.4159 	EXP 	line3: autoDraw = False
145.4159 	EXP 	line4: autoDraw = False
145.4159 	EXP 	probe: autoDraw = False
145.4328 	EXP 	Device response: <KeyPress from None: t=145.42802459999984, value=x, duration=None>
145.4337 	DATA 	Keypress: x
145.5833 	EXP 	Device response: <KeyPress from None: t=145.42802459999984, value=x, duration=0.1464109999997163>
145.6000 	EXP 	Device response: <KeyPress from None: t=140.4673186, value=z, duration=5.130191599999307>
146.3999 	EXP 	fixation: autoDraw = True
146.3999 	EXP 	line1: autoDraw = True
146.3999 	EXP 	line2: autoDraw = True
146.3999 	EXP 	line3: autoDraw = True
146.3999 	EXP 	line4: autoDraw = True
146.8537 	EXP 	Device response: <KeyPress from None: t=146.84500370000023, value=c, duration=None>
146.8569 	DATA 	Keypress: c
146.9206 	EXP 	Device response: <KeyPress from None: t=146.90748410000015, value=v, duration=None>
146.9249 	DATA 	Keypress: v
146.9702 	EXP 	Device response: <KeyPress from None: t=146.84500370000023, value=c, duration=0.12094839999917895>
147.0192 	EXP 	Device response: <KeyPress from None: t=146.90748410000015, value=v, duration=0.09839889999966545>
147.1754 	DATA 	Keypress: c
147.1985 	EXP 	Device response: <KeyPress from None: t=147.17123920000085, value=c, duration=None>
147.3333 	EXP 	Device response: <KeyPress from None: t=147.17123920000085, value=c, duration=0.1518884999986767>
147.4000 	INFO 	Keyboard events cleared
147.3998 	EXP 	fixation: autoDraw = False
147.3998 	EXP 	probe: autoDraw = True
147.4829 	EXP 	Device response: <KeyPress from None: t=147.4770738999996, value=v, duration=None>
147.4835 	EXP 	New trial (rep=14, index=0): <Trial 56 (0 in rep 14) data={'pos': -50, 'corr_resp': 'x', 'thisN': 56, 'thisTrialN': 0, 'thisRepN': 14}>
147.4847 	DATA 	Keypress: v
147.4998 	EXP 	fixation: autoDraw = False
147.4998 	EXP 	line1: autoDraw = False
147.4998 	EXP 	line2: autoDraw = False
147.4998 	EXP 	line3: autoDraw = False
147.4998 	EXP 	line4: autoDraw = False
147.4998 	EXP 	probe: autoDraw = False
147.6531 	EXP 	Device response: <KeyPress from None: t=147.4770738999996, value=v, duration=0.16303599999992002>
147.8387 	DATA 	Keypress: x
147.8536 	EXP 	Device response: <KeyPress from None: t=147.8374664999992, value=x, duration=None>
148.0050 	EXP 	Device response: <KeyPress from None: t=147.8374664999992, value=x, duration=0.15950850000081118>
148.1886 	EXP 	Device response: <KeyPress from None: t=148.18427639999936, value=x, duration=None>
148.1909 	DATA 	Keypress: x
148.4037 	EXP 	Device response: <KeyPress from None: t=148.18427639999936, value=x, duration=0.2057161000011547>
148.4852 	EXP 	fixation: autoDraw = True
148.4852 	EXP 	line1: autoDraw = True
148.4852 	EXP 	line2: autoDraw = True
148.4852 	EXP 	line3: autoDraw = True
148.4852 	EXP 	line4: autoDraw = True
148.6380 	EXP 	Device response: <KeyPress from None: t=148.6230699000007, value=x, duration=None>
148.6415 	DATA 	Keypress: x
148.8195 	EXP 	Device response: <KeyPress from None: t=148.6230699000007, value=x, duration=0.18172799999956624>
148.8693 	EXP 	Device response: <KeyPress from None: t=148.85913439999968, value=v, duration=None>
148.8728 	DATA 	Keypress: v
149.0274 	EXP 	Device response: <KeyPress from None: t=148.85913439999968, value=v, duration=0.16480560000127298>
149.2192 	EXP 	Device response: <KeyPress from None: t=149.21100780000052, value=v, duration=None>
149.2222 	DATA 	Keypress: v
149.3696 	EXP 	Device response: <KeyPress from None: t=149.21100780000052, value=v, duration=0.1522791999996116>
149.4046 	EXP 	Device response: <KeyPress from None: t=149.4029661000004, value=z, duration=None>
149.4078 	DATA 	Keypress: z
149.4861 	INFO 	Keyboard events cleared
149.4858 	EXP 	fixation: autoDraw = False
149.4858 	EXP 	probe: autoDraw = True
149.6205 	EXP 	Device response: <KeyPress from None: t=145.3955678000002, value=z, duration=4.215838699999949>
149.7706 	EXP 	Device response: <KeyPress from None: t=149.7599281999992, value=x, duration=None>
149.7708 	EXP 	Device response: <KeyPress from None: t=149.77038790000006, value=v, duration=None>
149.7714 	EXP 	New trial (rep=14, index=1): <Trial 57 (1 in rep 14) data={'pos': 150, 'corr_resp': 'v', 'thisN': 57, 'thisTrialN': 1, 'thisRepN': 14}>
149.7737 	DATA 	Keypress: x
149.7742 	DATA 	Keypress: v
149.7855 	EXP 	fixation: autoDraw = False
149.7855 	EXP 	line1: autoDraw = False
149.7855 	EXP 	line2: autoDraw = False
149.7855 	EXP 	line3: autoDraw = False
149.7855 	EXP 	line4: autoDraw = False
149.7855 	EXP 	probe: autoDraw = False
149.8035 	EXP 	Device response: <KeyPress from None: t=149.79242780000095, value=c, duration=None>
149.8052 	DATA 	Keypress: c
149.8523 	EXP 	Device response: <KeyPress from None: t=149.84414110000034, value=z, duration=None>
149.8540 	DATA 	Keypress: z
149.9544 	EXP 	Device response: <KeyPress from None: t=149.79242780000095, value=c, duration=0.15683749999880092>
149.9694 	EXP 	Device response: <KeyPress from None: t=149.77038790000006, value=v, duration=0.18738669999947888>
149.9695 	EXP 	Device response: <KeyPress from None: t=149.7599281999992, value=x, duration=0.20811270000012883>
149.9854 	EXP 	Device response: <KeyPress from None: t=149.4029661000004, value=z, duration=0.5730321999999433>
150.1375 	EXP 	Device response: <KeyPress from None: t=150.12650179999946, value=c, duration=None>
150.1394 	DATA 	Keypress: c
150.2546 	EXP 	Device response: <KeyPress from None: t=150.12650179999946, value=c, duration=0.11692970000149217>
150.6715 	EXP 	Device response: <KeyPress from None: t=150.66296460000012, value=x, duration=None>
150.6734 	DATA 	Keypress: x
150.7836 	EXP 	fixation: autoDraw = True
150.7836 	EXP 	line1: autoDraw = True
150.7836 	EXP 	line2: autoDraw = True
150.7836 	EXP 	line3: autoDraw = True
150.7836 	EXP 	line4: autoDraw = True
150.8649 	EXP 	Device response: <KeyPress from None: t=150.66296460000012, value=x, duration=0.19236629999977595>
151.4349 	EXP 	Device response: <KeyPress from None: t=151.42420420000053, value=x, duration=None>
151.4415 	DATA 	Keypress: x
151.8021 	INFO 	Keyboard events cleared
151.8019 	EXP 	fixation: autoDraw = False
151.8019 	EXP 	probe: autoDraw = True
151.9369 	EXP 	Device response: <KeyPress from None: t=151.42420420000053, value=x, duration=0.5101496999996016>
152.1488 	EXP 	Device response: <KeyPress from None: t=152.13888620000034, value=x, duration=None>
152.1493 	EXP 	New trial (rep=14, index=2): <Trial 58 (2 in rep 14) data={'pos': 50, 'corr_resp': 'c', 'thisN': 58, 'thisTrialN': 2, 'thisRepN': 14}>
152.1504 	DATA 	Keypress: x
152.1642 	EXP 	fixation: autoDraw = False
152.1642 	EXP 	line1: autoDraw = False
152.1642 	EXP 	line2: autoDraw = False
152.1642 	EXP 	line3: autoDraw = False
152.1642 	EXP 	line4: autoDraw = False
152.1642 	EXP 	probe: autoDraw = False
152.3144 	EXP 	Device response: <KeyPress from None: t=152.13888620000034, value=x, duration=0.16492350000044098>
153.1541 	EXP 	fixation: autoDraw = True
153.1541 	EXP 	line1: autoDraw = True
153.1541 	EXP 	line2: autoDraw = True
153.1541 	EXP 	line3: autoDraw = True
153.1541 	EXP 	line4: autoDraw = True
153.5857 	EXP 	Device response: <KeyPress from None: t=153.5810662999993, value=x, duration=None>
153.5870 	DATA 	Keypress: x
153.7660 	EXP 	Device response: <KeyPress from None: t=153.5810662999993, value=x, duration=0.17419560000053025>
154.1630 	INFO 	Keyboard events cleared
154.1629 	EXP 	fixation: autoDraw = False
154.1629 	EXP 	probe: autoDraw = True
155.3491 	EXP 	Device response: <KeyPress from None: t=155.33735660000093, value=v, duration=None>
155.3495 	EXP 	New trial (rep=14, index=3): <Trial 59 (3 in rep 14) data={'pos': -150, 'corr_resp': 'z', 'thisN': 59, 'thisTrialN': 3, 'thisRepN': 14}>
155.3505 	DATA 	Keypress: v
155.3633 	EXP 	fixation: autoDraw = False
155.3633 	EXP 	line1: autoDraw = False
155.3633 	EXP 	line2: autoDraw = False
155.3633 	EXP 	line3: autoDraw = False
155.3633 	EXP 	line4: autoDraw = False
155.3633 	EXP 	probe: autoDraw = False
155.5660 	EXP 	Device response: <KeyPress from None: t=155.33735660000093, value=v, duration=0.21922899999844958>
156.3485 	EXP 	fixation: autoDraw = True
156.3485 	EXP 	line1: autoDraw = True
156.3485 	EXP 	line2: autoDraw = True
156.3485 	EXP 	line3: autoDraw = True
156.3485 	EXP 	line4: autoDraw = True
156.7473 	EXP 	Device response: <KeyPress from None: t=156.73378860000048, value=z, duration=None>
156.7484 	DATA 	Keypress: z
156.9184 	EXP 	Device response: <KeyPress from None: t=149.84414110000034, value=z, duration=7.0737152000001515>
157.2163 	EXP 	Device response: <KeyPress from None: t=157.20532129999992, value=z, duration=None>
157.2183 	DATA 	Keypress: z
157.3494 	INFO 	Keyboard events cleared
157.3492 	EXP 	fixation: autoDraw = False
157.3492 	EXP 	probe: autoDraw = True
157.4002 	EXP 	Device response: <KeyPress from None: t=156.73378860000048, value=z, duration=0.6514960999993491>
157.7331 	EXP 	Device response: <KeyPress from None: t=157.72016199999962, value=z, duration=None>
157.7333 	EXP 	New trial (rep=15, index=0): <Trial 60 (0 in rep 15) data={'pos': -50, 'corr_resp': 'x', 'thisN': 60, 'thisTrialN': 0, 'thisRepN': 15}>
157.7342 	DATA 	Keypress: z
157.7494 	EXP 	fixation: autoDraw = False
157.7494 	EXP 	line1: autoDraw = False
157.7494 	EXP 	line2: autoDraw = False
157.7494 	EXP 	line3: autoDraw = False
157.7494 	EXP 	line4: autoDraw = False
157.7494 	EXP 	probe: autoDraw = False
157.9973 	EXP 	Device response: <KeyPress from None: t=157.20532129999992, value=z, duration=0.7913313000008202>
158.7323 	EXP 	fixation: autoDraw = True
158.7323 	EXP 	line1: autoDraw = True
158.7323 	EXP 	line2: autoDraw = True
158.7323 	EXP 	line3: autoDraw = True
158.7323 	EXP 	line4: autoDraw = True
159.4991 	EXP 	Device response: <KeyPress from None: t=159.4966887999999, value=v, duration=None>
159.5006 	DATA 	Keypress: v
159.7322 	EXP 	fixation: autoDraw = False
159.7332 	EXP 	Device response: <KeyPress from None: t=159.4966887999999, value=v, duration=0.22116129999994882>
159.7489 	INFO 	Keyboard events cleared
159.7485 	EXP 	probe: autoDraw = True
160.6998 	EXP 	Device response: <KeyPress from None: t=160.69472640000095, value=v, duration=None>
160.7005 	EXP 	New trial (rep=15, index=1): <Trial 61 (1 in rep 15) data={'pos': 150, 'corr_resp': 'v', 'thisN': 61, 'thisTrialN': 1, 'thisRepN': 15}>
160.7018 	DATA 	Keypress: v
160.7165 	EXP 	fixation: autoDraw = False
160.7165 	EXP 	line1: autoDraw = False
160.7165 	EXP 	line2: autoDraw = False
160.7165 	EXP 	line3: autoDraw = False
160.7165 	EXP 	line4: autoDraw = False
160.7165 	EXP 	probe: autoDraw = False
161.0999 	EXP 	Device response: <KeyPress from None: t=160.69472640000095, value=v, duration=0.4045330999997532>
161.6994 	EXP 	fixation: autoDraw = True
161.6994 	EXP 	line1: autoDraw = True
161.6994 	EXP 	line2: autoDraw = True
161.6994 	EXP 	line3: autoDraw = True
161.6994 	EXP 	line4: autoDraw = True
162.4830 	EXP 	Device response: <KeyPress from None: t=162.47755040000084, value=z, duration=None>
162.4845 	DATA 	Keypress: z
162.6834 	EXP 	Device response: <KeyPress from None: t=157.72016199999962, value=z, duration=4.947395900000629>
162.7009 	INFO 	Keyboard events cleared
162.7007 	EXP 	fixation: autoDraw = False
162.7007 	EXP 	probe: autoDraw = True
163.6661 	EXP 	Device response: <KeyPress from None: t=163.6567629000001, value=c, duration=None>
163.6665 	EXP 	New trial (rep=15, index=2): <Trial 62 (2 in rep 15) data={'pos': 50, 'corr_resp': 'c', 'thisN': 62, 'thisTrialN': 2, 'thisRepN': 15}>
163.6677 	DATA 	Keypress: c
163.6822 	EXP 	fixation: autoDraw = False
163.6822 	EXP 	line1: autoDraw = False
163.6822 	EXP 	line2: autoDraw = False
163.6822 	EXP 	line3: autoDraw = False
163.6822 	EXP 	line4: autoDraw = False
163.6822 	EXP 	probe: autoDraw = False
163.8833 	EXP 	Device response: <KeyPress from None: t=163.6567629000001, value=c, duration=0.2224872000006144>
164.6658 	EXP 	fixation: autoDraw = True
164.6658 	EXP 	line1: autoDraw = True
164.6658 	EXP 	line2: autoDraw = True
164.6658 	EXP 	line3: autoDraw = True
164.6658 	EXP 	line4: autoDraw = True
165.6658 	INFO 	Keyboard events cleared
165.6655 	EXP 	fixation: autoDraw = False
165.6655 	EXP 	probe: autoDraw = True
165.8169 	EXP 	Device response: <KeyPress from None: t=165.80720180000026, value=x, duration=None>
165.8173 	EXP 	New trial (rep=15, index=3): <Trial 63 (3 in rep 15) data={'pos': -150, 'corr_resp': 'z', 'thisN': 63, 'thisTrialN': 3, 'thisRepN': 15}>
165.8183 	DATA 	Keypress: x
165.8302 	EXP 	fixation: autoDraw = False
165.8302 	EXP 	line1: autoDraw = False
165.8302 	EXP 	line2: autoDraw = False
165.8302 	EXP 	line3: autoDraw = False
165.8302 	EXP 	line4: autoDraw = False
165.8302 	EXP 	probe: autoDraw = False
165.9999 	EXP 	Device response: <KeyPress from None: t=165.80720180000026, value=x, duration=0.18246980000003532>
166.8322 	EXP 	fixation: autoDraw = True
166.8322 	EXP 	line1: autoDraw = True
166.8322 	EXP 	line2: autoDraw = True
166.8322 	EXP 	line3: autoDraw = True
166.8322 	EXP 	line4: autoDraw = True
167.7164 	EXP 	Device response: <KeyPress from None: t=167.70157110000036, value=x, duration=None>
167.7180 	DATA 	Keypress: x
167.8330 	INFO 	Keyboard events cleared
167.8328 	EXP 	fixation: autoDraw = False
167.8328 	EXP 	probe: autoDraw = True
167.8665 	EXP 	Device response: <KeyPress from None: t=167.70157110000036, value=x, duration=0.16130729999895266>
168.2802 	EXP 	Device response: <KeyPress from None: t=168.27631230000043, value=x, duration=None>
168.2806 	EXP 	New trial (rep=16, index=0): <Trial 64 (0 in rep 16) data={'pos': -50, 'corr_resp': 'x', 'thisN': 64, 'thisTrialN': 0, 'thisRepN': 16}>
168.2817 	DATA 	Keypress: x
168.2965 	EXP 	fixation: autoDraw = False
168.2965 	EXP 	line1: autoDraw = False
168.2965 	EXP 	line2: autoDraw = False
168.2965 	EXP 	line3: autoDraw = False
168.2965 	EXP 	line4: autoDraw = False
168.2965 	EXP 	probe: autoDraw = False
168.4998 	EXP 	Device response: <KeyPress from None: t=168.27631230000043, value=x, duration=0.21149919999879785>
169.2824 	EXP 	fixation: autoDraw = True
169.2824 	EXP 	line1: autoDraw = True
169.2824 	EXP 	line2: autoDraw = True
169.2824 	EXP 	line3: autoDraw = True
169.2824 	EXP 	line4: autoDraw = True
170.2828 	INFO 	Keyboard events cleared
170.2826 	EXP 	fixation: autoDraw = False
170.2826 	EXP 	probe: autoDraw = True
171.0806 	EXP 	Device response: <KeyPress from None: t=171.06781210000008, value=z, duration=None>
171.0810 	EXP 	New trial (rep=16, index=1): <Trial 65 (1 in rep 16) data={'pos': 150, 'corr_resp': 'v', 'thisN': 65, 'thisTrialN': 1, 'thisRepN': 16}>
171.0820 	DATA 	Keypress: z
171.0962 	EXP 	fixation: autoDraw = False
171.0962 	EXP 	line1: autoDraw = False
171.0962 	EXP 	line2: autoDraw = False
171.0962 	EXP 	line3: autoDraw = False
171.0962 	EXP 	line4: autoDraw = False
171.0962 	EXP 	probe: autoDraw = False
171.2819 	EXP 	Device response: <KeyPress from None: t=162.47755040000084, value=z, duration=8.789304599999014>
172.0818 	EXP 	fixation: autoDraw = True
172.0818 	EXP 	line1: autoDraw = True
172.0818 	EXP 	line2: autoDraw = True
172.0818 	EXP 	line3: autoDraw = True
172.0818 	EXP 	line4: autoDraw = True
173.0798 	INFO 	Keyboard events cleared
173.0796 	EXP 	fixation: autoDraw = False
173.0796 	EXP 	probe: autoDraw = True
173.0967 	EXP 	Device response: <KeyPress from None: t=173.09279160000006, value=v, duration=None>
173.0971 	EXP 	New trial (rep=16, index=2): <Trial 66 (2 in rep 16) data={'pos': 50, 'corr_resp': 'c', 'thisN': 66, 'thisTrialN': 2, 'thisRepN': 16}>
173.0983 	DATA 	Keypress: v
173.1144 	EXP 	fixation: autoDraw = False
173.1144 	EXP 	line1: autoDraw = False
173.1144 	EXP 	line2: autoDraw = False
173.1144 	EXP 	line3: autoDraw = False
173.1144 	EXP 	line4: autoDraw = False
173.1144 	EXP 	probe: autoDraw = False
173.2644 	EXP 	Device response: <KeyPress from None: t=173.09279160000006, value=v, duration=0.16775679999955173>
174.1032 	EXP 	fixation: autoDraw = True
174.1032 	EXP 	line1: autoDraw = True
174.1032 	EXP 	line2: autoDraw = True
174.1032 	EXP 	line3: autoDraw = True
174.1032 	EXP 	line4: autoDraw = True
175.0965 	INFO 	Keyboard events cleared
175.0964 	EXP 	probe: autoDraw = True
175.1127 	EXP 	fixation: autoDraw = False
175.1464 	EXP 	Device response: <KeyPress from None: t=175.13614869999947, value=v, duration=None>
175.1467 	EXP 	New trial (rep=16, index=3): <Trial 67 (3 in rep 16) data={'pos': -150, 'corr_resp': 'z', 'thisN': 67, 'thisTrialN': 3, 'thisRepN': 16}>
175.1477 	DATA 	Keypress: v
175.1630 	EXP 	fixation: autoDraw = False
175.1630 	EXP 	line1: autoDraw = False
175.1630 	EXP 	line2: autoDraw = False
175.1630 	EXP 	line3: autoDraw = False
175.1630 	EXP 	line4: autoDraw = False
175.1630 	EXP 	probe: autoDraw = False
175.3204 	EXP 	Device response: <KeyPress from None: t=175.13614869999947, value=v, duration=0.16751450000083423>
176.1482 	EXP 	fixation: autoDraw = True
176.1482 	EXP 	line1: autoDraw = True
176.1482 	EXP 	line2: autoDraw = True
176.1482 	EXP 	line3: autoDraw = True
176.1482 	EXP 	line4: autoDraw = True
177.1493 	INFO 	Keyboard events cleared
177.1490 	EXP 	fixation: autoDraw = False
177.1490 	EXP 	probe: autoDraw = True
177.1723 	DATA 	Mouse: Left button down, pos=(644,586)
177.3878 	DATA 	Mouse:  Left button up, pos=(644,586)
178.0327 	EXP 	Device response: <KeyPress from None: t=178.02882619999946, value=c, duration=None>
178.0332 	EXP 	New trial (rep=17, index=0): <Trial 68 (0 in rep 17) data={'pos': -50, 'corr_resp': 'x', 'thisN': 68, 'thisTrialN': 0, 'thisRepN': 17}>
178.0344 	DATA 	Keypress: c
178.0490 	EXP 	fixation: autoDraw = False
178.0490 	EXP 	line1: autoDraw = False
178.0490 	EXP 	line2: autoDraw = False
178.0490 	EXP 	line3: autoDraw = False
178.0490 	EXP 	line4: autoDraw = False
178.0490 	EXP 	probe: autoDraw = False
178.1319 	EXP 	Device response: <KeyPress from None: t=178.1261713999993, value=x, duration=None>
178.1328 	DATA 	Keypress: x
178.2331 	EXP 	Device response: <KeyPress from None: t=178.02882619999946, value=c, duration=0.19498680000106106>
178.2331 	EXP 	Device response: <KeyPress from None: t=178.1261713999993, value=x, duration=0.10664210000140883>
179.0489 	EXP 	fixation: autoDraw = True
179.0489 	EXP 	line1: autoDraw = True
179.0489 	EXP 	line2: autoDraw = True
179.0489 	EXP 	line3: autoDraw = True
179.0489 	EXP 	line4: autoDraw = True
180.0309 	INFO 	Keyboard events cleared
180.0308 	EXP 	probe: autoDraw = True
180.0644 	EXP 	fixation: autoDraw = False
180.0828 	DATA 	Keypress: z
180.0979 	EXP 	Device response: <KeyPress from None: t=180.08223670000007, value=z, duration=None>
180.0983 	EXP 	New trial (rep=17, index=1): <Trial 69 (1 in rep 17) data={'pos': 150, 'corr_resp': 'v', 'thisN': 69, 'thisTrialN': 1, 'thisRepN': 17}>
180.1132 	EXP 	fixation: autoDraw = False
180.1132 	EXP 	line1: autoDraw = False
180.1132 	EXP 	line2: autoDraw = False
180.1132 	EXP 	line3: autoDraw = False
180.1132 	EXP 	line4: autoDraw = False
180.1132 	EXP 	probe: autoDraw = False
180.3335 	EXP 	Device response: <KeyPress from None: t=171.06781210000008, value=z, duration=9.253271699999459>
181.0998 	EXP 	fixation: autoDraw = True
181.0998 	EXP 	line1: autoDraw = True
181.0998 	EXP 	line2: autoDraw = True
181.0998 	EXP 	line3: autoDraw = True
181.0998 	EXP 	line4: autoDraw = True
182.0658 	EXP 	Device response: <KeyPress from None: t=182.05735579999964, value=v, duration=None>
182.0675 	DATA 	Keypress: v
182.0995 	INFO 	Keyboard events cleared
182.0993 	EXP 	fixation: autoDraw = False
182.0993 	EXP 	probe: autoDraw = True
182.2493 	EXP 	Device response: <KeyPress from None: t=182.05735579999964, value=v, duration=0.19051190000027418>
182.8143 	EXP 	Device response: <KeyPress from None: t=182.8013162999996, value=v, duration=None>
182.8147 	EXP 	New trial (rep=17, index=2): <Trial 70 (2 in rep 17) data={'pos': 50, 'corr_resp': 'c', 'thisN': 70, 'thisTrialN': 2, 'thisRepN': 17}>
182.8157 	DATA 	Keypress: v
182.8301 	EXP 	fixation: autoDraw = False
182.8301 	EXP 	line1: autoDraw = False
182.8301 	EXP 	line2: autoDraw = False
182.8301 	EXP 	line3: autoDraw = False
182.8301 	EXP 	line4: autoDraw = False
182.8301 	EXP 	probe: autoDraw = False
183.0000 	EXP 	Device response: <KeyPress from None: t=182.8013162999996, value=v, duration=0.19796400000086578>
183.8164 	EXP 	fixation: autoDraw = True
183.8164 	EXP 	line1: autoDraw = True
183.8164 	EXP 	line2: autoDraw = True
183.8164 	EXP 	line3: autoDraw = True
183.8164 	EXP 	line4: autoDraw = True
184.6016 	DATA 	Keypress: z
184.6157 	EXP 	Device response: <KeyPress from None: t=184.5999050999999, value=z, duration=None>
184.8143 	INFO 	Keyboard events cleared
184.8141 	EXP 	probe: autoDraw = True
184.8310 	EXP 	fixation: autoDraw = False
185.0475 	EXP 	Device response: <KeyPress from None: t=180.08223670000007, value=z, duration=4.95399019999968>
185.3970 	EXP 	Device response: <KeyPress from None: t=185.38726580000002, value=z, duration=None>
185.3974 	EXP 	New trial (rep=17, index=3): <Trial 71 (3 in rep 17) data={'pos': -150, 'corr_resp': 'z', 'thisN': 71, 'thisTrialN': 3, 'thisRepN': 17}>
185.3985 	DATA 	Keypress: z
185.4134 	EXP 	fixation: autoDraw = False
185.4134 	EXP 	line1: autoDraw = False
185.4134 	EXP 	line2: autoDraw = False
185.4134 	EXP 	line3: autoDraw = False
185.4134 	EXP 	line4: autoDraw = False
185.4134 	EXP 	probe: autoDraw = False
185.6051 	EXP 	Device response: <KeyPress from None: t=184.5999050999999, value=z, duration=0.9956868999997823>
186.3992 	EXP 	fixation: autoDraw = True
186.3992 	EXP 	line1: autoDraw = True
186.3992 	EXP 	line2: autoDraw = True
186.3992 	EXP 	line3: autoDraw = True
186.3992 	EXP 	line4: autoDraw = True
187.0492 	EXP 	Device response: <KeyPress from None: t=187.04693299999963, value=c, duration=None>
187.0509 	DATA 	Keypress: c
187.2155 	EXP 	Device response: <KeyPress from None: t=187.04693299999963, value=c, duration=0.1634559000012814>
187.3998 	INFO 	Keyboard events cleared
187.3996 	EXP 	fixation: autoDraw = False
187.3996 	EXP 	probe: autoDraw = True
187.5822 	EXP 	Device response: <KeyPress from None: t=187.57260280000082, value=c, duration=None>
187.5828 	EXP 	New trial (rep=18, index=0): <Trial 72 (0 in rep 18) data={'pos': -50, 'corr_resp': 'x', 'thisN': 72, 'thisTrialN': 0, 'thisRepN': 18}>
187.5840 	DATA 	Keypress: c
187.5965 	EXP 	fixation: autoDraw = False
187.5965 	EXP 	line1: autoDraw = False
187.5965 	EXP 	line2: autoDraw = False
187.5965 	EXP 	line3: autoDraw = False
187.5965 	EXP 	line4: autoDraw = False
187.5965 	EXP 	probe: autoDraw = False
187.7639 	EXP 	Device response: <KeyPress from None: t=187.57260280000082, value=c, duration=0.18595800000002782>
188.5826 	EXP 	fixation: autoDraw = True
188.5826 	EXP 	line1: autoDraw = True
188.5826 	EXP 	line2: autoDraw = True
188.5826 	EXP 	line3: autoDraw = True
188.5826 	EXP 	line4: autoDraw = True
189.5828 	INFO 	Keyboard events cleared
189.5826 	EXP 	fixation: autoDraw = False
189.5826 	EXP 	probe: autoDraw = True
190.5658 	EXP 	Device response: <KeyPress from None: t=190.56055229999947, value=x, duration=None>
190.5662 	EXP 	New trial (rep=18, index=1): <Trial 73 (1 in rep 18) data={'pos': 150, 'corr_resp': 'v', 'thisN': 73, 'thisTrialN': 1, 'thisRepN': 18}>
190.5675 	DATA 	Keypress: x
190.5819 	EXP 	fixation: autoDraw = False
190.5819 	EXP 	line1: autoDraw = False
190.5819 	EXP 	line2: autoDraw = False
190.5819 	EXP 	line3: autoDraw = False
190.5819 	EXP 	line4: autoDraw = False
190.5819 	EXP 	probe: autoDraw = False
190.7320 	EXP 	Device response: <KeyPress from None: t=190.56055229999947, value=x, duration=0.16660930000034568>
191.5802 	EXP 	fixation: autoDraw = True
191.5802 	EXP 	line1: autoDraw = True
191.5802 	EXP 	line2: autoDraw = True
191.5802 	EXP 	line3: autoDraw = True
191.5802 	EXP 	line4: autoDraw = True
192.5656 	INFO 	Keyboard events cleared
192.5654 	EXP 	probe: autoDraw = True
192.5827 	EXP 	fixation: autoDraw = False
192.8820 	EXP 	Device response: <KeyPress from None: t=192.8762815000009, value=v, duration=None>
192.8824 	EXP 	New trial (rep=18, index=2): <Trial 74 (2 in rep 18) data={'pos': 50, 'corr_resp': 'c', 'thisN': 74, 'thisTrialN': 2, 'thisRepN': 18}>
192.8836 	DATA 	Keypress: v
192.8995 	EXP 	fixation: autoDraw = False
192.8995 	EXP 	line1: autoDraw = False
192.8995 	EXP 	line2: autoDraw = False
192.8995 	EXP 	line3: autoDraw = False
192.8995 	EXP 	line4: autoDraw = False
192.8995 	EXP 	probe: autoDraw = False
193.0506 	EXP 	Device response: <KeyPress from None: t=192.8762815000009, value=v, duration=0.17197179999857326>
193.8819 	EXP 	fixation: autoDraw = True
193.8819 	EXP 	line1: autoDraw = True
193.8819 	EXP 	line2: autoDraw = True
193.8819 	EXP 	line3: autoDraw = True
193.8819 	EXP 	line4: autoDraw = True
194.8828 	INFO 	Keyboard events cleared
194.8826 	EXP 	fixation: autoDraw = False
194.8826 	EXP 	probe: autoDraw = True
195.2020 	EXP 	Device response: <KeyPress from None: t=195.1952990000009, value=c, duration=None>
195.2027 	EXP 	New trial (rep=18, index=3): <Trial 75 (3 in rep 18) data={'pos': -150, 'corr_resp': 'z', 'thisN': 75, 'thisTrialN': 3, 'thisRepN': 18}>
195.2055 	DATA 	Keypress: c
195.2179 	EXP 	fixation: autoDraw = False
195.2179 	EXP 	line1: autoDraw = False
195.2179 	EXP 	line2: autoDraw = False
195.2179 	EXP 	line3: autoDraw = False
195.2179 	EXP 	line4: autoDraw = False
195.2179 	EXP 	probe: autoDraw = False
195.3848 	EXP 	Device response: <KeyPress from None: t=195.1952990000009, value=c, duration=0.17624049999903946>
196.2022 	EXP 	fixation: autoDraw = True
196.2022 	EXP 	line1: autoDraw = True
196.2022 	EXP 	line2: autoDraw = True
196.2022 	EXP 	line3: autoDraw = True
196.2022 	EXP 	line4: autoDraw = True
197.2156 	INFO 	Keyboard events cleared
197.2154 	EXP 	fixation: autoDraw = False
197.2154 	EXP 	probe: autoDraw = True
197.4987 	EXP 	Device response: <KeyPress from None: t=197.49443410000094, value=z, duration=None>
197.4991 	EXP 	New trial (rep=19, index=0): <Trial 76 (0 in rep 19) data={'pos': -50, 'corr_resp': 'x', 'thisN': 76, 'thisTrialN': 0, 'thisRepN': 19}>
197.5003 	DATA 	Keypress: z
197.5159 	EXP 	fixation: autoDraw = False
197.5159 	EXP 	line1: autoDraw = False
197.5159 	EXP 	line2: autoDraw = False
197.5159 	EXP 	line3: autoDraw = False
197.5159 	EXP 	line4: autoDraw = False
197.5159 	EXP 	probe: autoDraw = False
197.7657 	EXP 	Device response: <KeyPress from None: t=185.38726580000002, value=z, duration=12.370877699999255>
198.4987 	EXP 	fixation: autoDraw = True
198.4987 	EXP 	line1: autoDraw = True
198.4987 	EXP 	line2: autoDraw = True
198.4987 	EXP 	line3: autoDraw = True
198.4987 	EXP 	line4: autoDraw = True
198.4993 	EXP 	Device response: <KeyPress from None: t=198.48753209999995, value=x, duration=None>
198.5010 	DATA 	Keypress: x
198.7162 	EXP 	Device response: <KeyPress from None: t=198.48753209999995, value=x, duration=0.21152880000045116>
199.4998 	INFO 	Keyboard events cleared
199.4995 	EXP 	fixation: autoDraw = False
199.4995 	EXP 	probe: autoDraw = True
199.9853 	EXP 	Device response: <KeyPress from None: t=199.98140260000037, value=x, duration=None>
199.9867 	EXP 	New trial (rep=19, index=1): <Trial 77 (1 in rep 19) data={'pos': 150, 'corr_resp': 'v', 'thisN': 77, 'thisTrialN': 1, 'thisRepN': 19}>
199.9884 	DATA 	Keypress: x
200.0024 	EXP 	fixation: autoDraw = False
200.0024 	EXP 	line1: autoDraw = False
200.0024 	EXP 	line2: autoDraw = False
200.0024 	EXP 	line3: autoDraw = False
200.0024 	EXP 	line4: autoDraw = False
200.0024 	EXP 	probe: autoDraw = False
200.1659 	EXP 	Device response: <KeyPress from None: t=199.98140260000037, value=x, duration=0.16906989999915822>
200.9985 	EXP 	fixation: autoDraw = True
200.9985 	EXP 	line1: autoDraw = True
200.9985 	EXP 	line2: autoDraw = True
200.9985 	EXP 	line3: autoDraw = True
200.9985 	EXP 	line4: autoDraw = True
201.9994 	INFO 	Keyboard events cleared
201.9991 	EXP 	fixation: autoDraw = False
201.9991 	EXP 	probe: autoDraw = True
202.2867 	EXP 	Device response: <KeyPress from None: t=202.28552879999916, value=v, duration=None>
202.2874 	EXP 	New trial (rep=19, index=2): <Trial 78 (2 in rep 19) data={'pos': 50, 'corr_resp': 'c', 'thisN': 78, 'thisTrialN': 2, 'thisRepN': 19}>
202.2898 	DATA 	Keypress: v
202.3022 	EXP 	fixation: autoDraw = False
202.3022 	EXP 	line1: autoDraw = False
202.3022 	EXP 	line2: autoDraw = False
202.3022 	EXP 	line3: autoDraw = False
202.3022 	EXP 	line4: autoDraw = False
202.3022 	EXP 	probe: autoDraw = False
202.4534 	EXP 	Device response: <KeyPress from None: t=202.28552879999916, value=v, duration=0.15917570000056003>
203.2964 	EXP 	fixation: autoDraw = True
203.2964 	EXP 	line1: autoDraw = True
203.2964 	EXP 	line2: autoDraw = True
203.2964 	EXP 	line3: autoDraw = True
203.2964 	EXP 	line4: autoDraw = True
204.2995 	INFO 	Keyboard events cleared
204.2993 	EXP 	fixation: autoDraw = False
204.2993 	EXP 	probe: autoDraw = True
204.6492 	EXP 	Device response: <KeyPress from None: t=204.63481879999927, value=c, duration=None>
204.6496 	EXP 	New trial (rep=19, index=3): <Trial 79 (3 in rep 19) data={'pos': -150, 'corr_resp': 'z', 'thisN': 79, 'thisTrialN': 3, 'thisRepN': 19}>
204.6508 	DATA 	Keypress: c
204.6653 	EXP 	fixation: autoDraw = False
204.6653 	EXP 	line1: autoDraw = False
204.6653 	EXP 	line2: autoDraw = False
204.6653 	EXP 	line3: autoDraw = False
204.6653 	EXP 	line4: autoDraw = False
204.6653 	EXP 	probe: autoDraw = False
204.8493 	EXP 	Device response: <KeyPress from None: t=204.63481879999927, value=c, duration=0.19522600000163948>
205.6486 	EXP 	fixation: autoDraw = True
205.6486 	EXP 	line1: autoDraw = True
205.6486 	EXP 	line2: autoDraw = True
205.6486 	EXP 	line3: autoDraw = True
205.6486 	EXP 	line4: autoDraw = True
206.6487 	INFO 	Keyboard events cleared
206.6485 	EXP 	fixation: autoDraw = False
206.6485 	EXP 	probe: autoDraw = True
206.9669 	EXP 	Device response: <KeyPress from None: t=206.96454020000056, value=z, duration=None>
206.9673 	EXP 	New trial (rep=20, index=0): <Trial 80 (0 in rep 20) data={'pos': -50, 'corr_resp': 'x', 'thisN': 80, 'thisTrialN': 0, 'thisRepN': 20}>
206.9686 	DATA 	Keypress: z
206.9823 	EXP 	fixation: autoDraw = False
206.9823 	EXP 	line1: autoDraw = False
206.9823 	EXP 	line2: autoDraw = False
206.9823 	EXP 	line3: autoDraw = False
206.9823 	EXP 	line4: autoDraw = False
206.9823 	EXP 	probe: autoDraw = False
207.1828 	EXP 	Device response: <KeyPress from None: t=197.49443410000094, value=z, duration=9.684045099998912>
207.9819 	EXP 	fixation: autoDraw = True
207.9819 	EXP 	line1: autoDraw = True
207.9819 	EXP 	line2: autoDraw = True
207.9819 	EXP 	line3: autoDraw = True
207.9819 	EXP 	line4: autoDraw = True
208.5492 	EXP 	Device response: <KeyPress from None: t=208.5453465999999, value=x, duration=None>
208.5509 	DATA 	Keypress: x
208.7157 	EXP 	Device response: <KeyPress from None: t=208.5453465999999, value=x, duration=0.1620256000005611>
208.9859 	INFO 	Keyboard events cleared
208.9856 	EXP 	fixation: autoDraw = False
208.9856 	EXP 	probe: autoDraw = True
209.2373 	EXP 	Device response: <KeyPress from None: t=209.2332365000002, value=x, duration=None>
209.2379 	EXP 	New trial (rep=20, index=1): <Trial 81 (1 in rep 20) data={'pos': 150, 'corr_resp': 'v', 'thisN': 81, 'thisTrialN': 1, 'thisRepN': 20}>
209.2403 	DATA 	Keypress: x
209.2518 	EXP 	fixation: autoDraw = False
209.2518 	EXP 	line1: autoDraw = False
209.2518 	EXP 	line2: autoDraw = False
209.2518 	EXP 	line3: autoDraw = False
209.2518 	EXP 	line4: autoDraw = False
209.2518 	EXP 	probe: autoDraw = False
209.3979 	EXP 	Device response: <KeyPress from None: t=209.2332365000002, value=x, duration=0.16272310000022117>
210.2479 	EXP 	fixation: autoDraw = True
210.2479 	EXP 	line1: autoDraw = True
210.2479 	EXP 	line2: autoDraw = True
210.2479 	EXP 	line3: autoDraw = True
210.2479 	EXP 	line4: autoDraw = True
211.2491 	INFO 	Keyboard events cleared
211.2489 	EXP 	fixation: autoDraw = False
211.2489 	EXP 	probe: autoDraw = True
212.9371 	EXP 	Device response: <KeyPress from None: t=212.93110700000034, value=v, duration=None>
212.9384 	EXP 	New trial (rep=20, index=2): <Trial 82 (2 in rep 20) data={'pos': 50, 'corr_resp': 'c', 'thisN': 82, 'thisTrialN': 2, 'thisRepN': 20}>
212.9407 	DATA 	Keypress: v
212.9521 	EXP 	fixation: autoDraw = False
212.9521 	EXP 	line1: autoDraw = False
212.9521 	EXP 	line2: autoDraw = False
212.9521 	EXP 	line3: autoDraw = False
212.9521 	EXP 	line4: autoDraw = False
212.9521 	EXP 	probe: autoDraw = False
213.1197 	EXP 	Device response: <KeyPress from None: t=212.93110700000034, value=v, duration=0.17321809999884863>
213.9497 	EXP 	fixation: autoDraw = True
213.9497 	EXP 	line1: autoDraw = True
213.9497 	EXP 	line2: autoDraw = True
213.9497 	EXP 	line3: autoDraw = True
213.9497 	EXP 	line4: autoDraw = True
214.7238 	DATA 	Keypress: z
214.7360 	EXP 	Device response: <KeyPress from None: t=214.7220424999996, value=z, duration=None>
214.9491 	INFO 	Keyboard events cleared
214.9489 	EXP 	fixation: autoDraw = False
214.9489 	EXP 	probe: autoDraw = True
215.0043 	EXP 	Device response: <KeyPress from None: t=206.96454020000056, value=z, duration=8.035515399998985>
215.3060 	DATA 	Keypress: c
215.3199 	EXP 	Device response: <KeyPress from None: t=215.3026594999992, value=c, duration=None>
215.3205 	EXP 	New trial (rep=20, index=3): <Trial 83 (3 in rep 20) data={'pos': -150, 'corr_resp': 'z', 'thisN': 83, 'thisTrialN': 3, 'thisRepN': 20}>
215.3351 	EXP 	fixation: autoDraw = False
215.3351 	EXP 	line1: autoDraw = False
215.3351 	EXP 	line2: autoDraw = False
215.3351 	EXP 	line3: autoDraw = False
215.3351 	EXP 	line4: autoDraw = False
215.3351 	EXP 	probe: autoDraw = False
215.4876 	EXP 	Device response: <KeyPress from None: t=215.3026594999992, value=c, duration=0.18205350000062026>
216.3317 	EXP 	fixation: autoDraw = True
216.3317 	EXP 	line1: autoDraw = True
216.3317 	EXP 	line2: autoDraw = True
216.3317 	EXP 	line3: autoDraw = True
216.3317 	EXP 	line4: autoDraw = True
217.1493 	EXP 	Device response: <KeyPress from None: t=217.14148270000078, value=z, duration=None>
217.1511 	DATA 	Keypress: z
217.3319 	INFO 	Keyboard events cleared
217.3317 	EXP 	fixation: autoDraw = False
217.3317 	EXP 	probe: autoDraw = True
217.3822 	EXP 	Device response: <KeyPress from None: t=214.7220424999996, value=z, duration=2.6522499000002426>
218.1361 	DATA 	Keypress: z
218.1494 	EXP 	Device response: <KeyPress from None: t=218.13494759999958, value=z, duration=None>
218.1498 	EXP 	New trial (rep=21, index=0): <Trial 84 (0 in rep 21) data={'pos': -50, 'corr_resp': 'x', 'thisN': 84, 'thisTrialN': 0, 'thisRepN': 21}>
218.1663 	EXP 	fixation: autoDraw = False
218.1663 	EXP 	line1: autoDraw = False
218.1663 	EXP 	line2: autoDraw = False
218.1663 	EXP 	line3: autoDraw = False
218.1663 	EXP 	line4: autoDraw = False
218.1663 	EXP 	probe: autoDraw = False
218.3339 	EXP 	Device response: <KeyPress from None: t=217.14148270000078, value=z, duration=1.1891810999986774>
219.1499 	EXP 	fixation: autoDraw = True
219.1499 	EXP 	line1: autoDraw = True
219.1499 	EXP 	line2: autoDraw = True
219.1499 	EXP 	line3: autoDraw = True
219.1499 	EXP 	line4: autoDraw = True
220.1650 	INFO 	Keyboard events cleared
220.1647 	EXP 	fixation: autoDraw = False
220.1647 	EXP 	probe: autoDraw = True
220.5325 	EXP 	Device response: <KeyPress from None: t=220.52204130000064, value=v, duration=None>
220.5329 	EXP 	New trial (rep=21, index=1): <Trial 85 (1 in rep 21) data={'pos': 150, 'corr_resp': 'v', 'thisN': 85, 'thisTrialN': 1, 'thisRepN': 21}>
220.5352 	DATA 	Keypress: v
220.5451 	EXP 	fixation: autoDraw = False
220.5451 	EXP 	line1: autoDraw = False
220.5451 	EXP 	line2: autoDraw = False
220.5451 	EXP 	line3: autoDraw = False
220.5451 	EXP 	line4: autoDraw = False
220.5451 	EXP 	probe: autoDraw = False
220.7213 	EXP 	Device response: <KeyPress from None: t=220.52204130000064, value=v, duration=0.19283889999860548>
221.5292 	EXP 	fixation: autoDraw = True
221.5292 	EXP 	line1: autoDraw = True
221.5292 	EXP 	line2: autoDraw = True
221.5292 	EXP 	line3: autoDraw = True
221.5292 	EXP 	line4: autoDraw = True
222.5203 	EXP 	fixation: autoDraw = False
222.5378 	INFO 	Keyboard events cleared
222.5376 	EXP 	probe: autoDraw = True
223.0419 	EXP 	Device response: <KeyPress from None: t=223.03709770000023, value=z, duration=None>
223.0423 	EXP 	New trial (rep=21, index=2): <Trial 86 (2 in rep 21) data={'pos': 50, 'corr_resp': 'c', 'thisN': 86, 'thisTrialN': 2, 'thisRepN': 21}>
223.0435 	DATA 	Keypress: z
223.0577 	EXP 	fixation: autoDraw = False
223.0577 	EXP 	line1: autoDraw = False
223.0577 	EXP 	line2: autoDraw = False
223.0577 	EXP 	line3: autoDraw = False
223.0577 	EXP 	line4: autoDraw = False
223.0577 	EXP 	probe: autoDraw = False
223.2310 	EXP 	Device response: <KeyPress from None: t=218.13494759999958, value=z, duration=5.093894100000398>
223.7960 	EXP 	Device response: <KeyPress from None: t=223.79284630000075, value=z, duration=None>
223.7966 	DATA 	Keypress: z
224.0383 	EXP 	fixation: autoDraw = True
224.0383 	EXP 	line1: autoDraw = True
224.0383 	EXP 	line2: autoDraw = True
224.0383 	EXP 	line3: autoDraw = True
224.0383 	EXP 	line4: autoDraw = True
224.2966 	EXP 	Device response: <KeyPress from None: t=223.03709770000023, value=z, duration=1.25550850000036>
224.5780 	EXP 	Device response: <KeyPress from None: t=224.55999100000008, value=z, duration=None>
224.5806 	DATA 	Keypress: z
224.7374 	EXP 	Device response: <KeyPress from None: t=223.79284630000075, value=z, duration=0.9287991000001057>
225.0289 	EXP 	fixation: autoDraw = False
225.0383 	INFO 	Keyboard events cleared
225.0382 	EXP 	probe: autoDraw = True
225.2388 	EXP 	Device response: <KeyPress from None: t=225.23311549999926, value=z, duration=None>
225.2390 	EXP 	New trial (rep=21, index=3): <Trial 87 (3 in rep 21) data={'pos': -150, 'corr_resp': 'z', 'thisN': 87, 'thisTrialN': 3, 'thisRepN': 21}>
225.2399 	DATA 	Keypress: z
225.2454 	EXP 	fixation: autoDraw = False
225.2454 	EXP 	line1: autoDraw = False
225.2454 	EXP 	line2: autoDraw = False
225.2454 	EXP 	line3: autoDraw = False
225.2454 	EXP 	line4: autoDraw = False
225.2454 	EXP 	probe: autoDraw = False
225.4132 	EXP 	Device response: <KeyPress from None: t=224.55999100000008, value=z, duration=0.8497891000006348>
226.2485 	EXP 	fixation: autoDraw = True
226.2485 	EXP 	line1: autoDraw = True
226.2485 	EXP 	line2: autoDraw = True
226.2485 	EXP 	line3: autoDraw = True
226.2485 	EXP 	line4: autoDraw = True
226.4669 	EXP 	Device response: <KeyPress from None: t=226.45546280000053, value=z, duration=None>
226.4694 	DATA 	Keypress: z
226.6820 	EXP 	Device response: <KeyPress from None: t=225.23311549999926, value=z, duration=1.4401680999999371>
226.9663 	EXP 	Device response: <KeyPress from None: t=226.96522639999966, value=z, duration=None>
226.9682 	DATA 	Keypress: z
227.2491 	INFO 	Keyboard events cleared
227.2489 	EXP 	fixation: autoDraw = False
227.2489 	EXP 	probe: autoDraw = True
227.3979 	EXP 	Device response: <KeyPress from None: t=226.45546280000053, value=z, duration=0.936328499999945>
228.0159 	EXP 	Device response: <KeyPress from None: t=228.01036340000064, value=v, duration=None>
228.0163 	EXP 	New trial (rep=22, index=0): <Trial 88 (0 in rep 22) data={'pos': -50, 'corr_resp': 'x', 'thisN': 88, 'thisTrialN': 0, 'thisRepN': 22}>
228.0175 	DATA 	Keypress: v
228.0295 	EXP 	fixation: autoDraw = False
228.0295 	EXP 	line1: autoDraw = False
228.0295 	EXP 	line2: autoDraw = False
228.0295 	EXP 	line3: autoDraw = False
228.0295 	EXP 	line4: autoDraw = False
228.0295 	EXP 	probe: autoDraw = False
228.1653 	EXP 	Device response: <KeyPress from None: t=228.01036340000064, value=v, duration=0.14949109999906796>
229.0156 	EXP 	fixation: autoDraw = True
229.0156 	EXP 	line1: autoDraw = True
229.0156 	EXP 	line2: autoDraw = True
229.0156 	EXP 	line3: autoDraw = True
229.0156 	EXP 	line4: autoDraw = True
230.0163 	INFO 	Keyboard events cleared
230.0161 	EXP 	fixation: autoDraw = False
230.0161 	EXP 	probe: autoDraw = True
230.7160 	EXP 	Device response: <KeyPress from None: t=230.71010089999982, value=x, duration=None>
230.7164 	EXP 	New trial (rep=22, index=1): <Trial 89 (1 in rep 22) data={'pos': 150, 'corr_resp': 'v', 'thisN': 89, 'thisTrialN': 1, 'thisRepN': 22}>
230.7178 	DATA 	Keypress: x
230.7320 	EXP 	fixation: autoDraw = False
230.7320 	EXP 	line1: autoDraw = False
230.7320 	EXP 	line2: autoDraw = False
230.7320 	EXP 	line3: autoDraw = False
230.7320 	EXP 	line4: autoDraw = False
230.7320 	EXP 	probe: autoDraw = False
230.9003 	EXP 	Device response: <KeyPress from None: t=230.71010089999982, value=x, duration=0.1883295999996335>
231.7178 	EXP 	fixation: autoDraw = True
231.7178 	EXP 	line1: autoDraw = True
231.7178 	EXP 	line2: autoDraw = True
231.7178 	EXP 	line3: autoDraw = True
231.7178 	EXP 	line4: autoDraw = True
232.7192 	INFO 	Keyboard events cleared
232.7190 	EXP 	fixation: autoDraw = False
232.7190 	EXP 	probe: autoDraw = True
233.5480 	EXP 	Device response: <KeyPress from None: t=233.53590640000039, value=v, duration=None>
233.5484 	EXP 	New trial (rep=22, index=2): <Trial 90 (2 in rep 22) data={'pos': 50, 'corr_resp': 'c', 'thisN': 90, 'thisTrialN': 2, 'thisRepN': 22}>
233.5499 	DATA 	Keypress: v
233.5642 	EXP 	fixation: autoDraw = False
233.5642 	EXP 	line1: autoDraw = False
233.5642 	EXP 	line2: autoDraw = False
233.5642 	EXP 	line3: autoDraw = False
233.5642 	EXP 	line4: autoDraw = False
233.5642 	EXP 	probe: autoDraw = False
233.7368 	EXP 	Device response: <KeyPress from None: t=233.53590640000039, value=v, duration=0.19444739999926242>
234.5489 	EXP 	fixation: autoDraw = True
234.5489 	EXP 	line1: autoDraw = True
234.5489 	EXP 	line2: autoDraw = True
234.5489 	EXP 	line3: autoDraw = True
234.5489 	EXP 	line4: autoDraw = True
235.5481 	INFO 	Keyboard events cleared
235.5479 	EXP 	fixation: autoDraw = False
235.5479 	EXP 	probe: autoDraw = True
235.7992 	EXP 	Device response: <KeyPress from None: t=235.7986548000008, value=c, duration=None>
235.7996 	EXP 	New trial (rep=22, index=3): <Trial 91 (3 in rep 22) data={'pos': -150, 'corr_resp': 'z', 'thisN': 91, 'thisTrialN': 3, 'thisRepN': 22}>
235.8008 	DATA 	Keypress: c
235.8151 	EXP 	fixation: autoDraw = False
235.8151 	EXP 	line1: autoDraw = False
235.8151 	EXP 	line2: autoDraw = False
235.8151 	EXP 	line3: autoDraw = False
235.8151 	EXP 	line4: autoDraw = False
235.8151 	EXP 	probe: autoDraw = False
235.9974 	EXP 	Device response: <KeyPress from None: t=235.7986548000008, value=c, duration=0.18373780000001716>
236.7990 	EXP 	fixation: autoDraw = True
236.7990 	EXP 	line1: autoDraw = True
236.7990 	EXP 	line2: autoDraw = True
236.7990 	EXP 	line3: autoDraw = True
236.7990 	EXP 	line4: autoDraw = True
237.2327 	EXP 	Device response: <KeyPress from None: t=237.22666290000052, value=z, duration=None>
237.2344 	DATA 	Keypress: z
237.5664 	EXP 	Device response: <KeyPress from None: t=226.96522639999966, value=z, duration=10.598653200000626>
237.7988 	INFO 	Keyboard events cleared
237.7986 	EXP 	fixation: autoDraw = False
237.7986 	EXP 	probe: autoDraw = True
238.0328 	EXP 	Device response: <KeyPress from None: t=238.0226392000004, value=z, duration=None>
238.0332 	EXP 	New trial (rep=23, index=0): <Trial 92 (0 in rep 23) data={'pos': -50, 'corr_resp': 'x', 'thisN': 92, 'thisTrialN': 0, 'thisRepN': 23}>
238.0346 	DATA 	Keypress: z
238.0486 	EXP 	fixation: autoDraw = False
238.0486 	EXP 	line1: autoDraw = False
238.0486 	EXP 	line2: autoDraw = False
238.0486 	EXP 	line3: autoDraw = False
238.0486 	EXP 	line4: autoDraw = False
238.0486 	EXP 	probe: autoDraw = False
238.1991 	EXP 	Device response: <KeyPress from None: t=237.22666290000052, value=z, duration=0.9581975000000966>
238.9331 	EXP 	Device response: <KeyPress from None: t=238.93177520000063, value=c, duration=None>
238.9340 	DATA 	Keypress: c
239.0482 	EXP 	fixation: autoDraw = True
239.0482 	EXP 	line1: autoDraw = True
239.0482 	EXP 	line2: autoDraw = True
239.0482 	EXP 	line3: autoDraw = True
239.0482 	EXP 	line4: autoDraw = True
239.1489 	EXP 	Device response: <KeyPress from None: t=238.93177520000063, value=c, duration=0.21147000000019034>
240.0489 	INFO 	Keyboard events cleared
240.0487 	EXP 	fixation: autoDraw = False
240.0487 	EXP 	probe: autoDraw = True
240.7155 	EXP 	Device response: <KeyPress from None: t=240.70123650000096, value=c, duration=None>
240.7159 	EXP 	New trial (rep=23, index=1): <Trial 93 (1 in rep 23) data={'pos': 150, 'corr_resp': 'v', 'thisN': 93, 'thisTrialN': 1, 'thisRepN': 23}>
240.7172 	DATA 	Keypress: c
240.7319 	EXP 	fixation: autoDraw = False
240.7319 	EXP 	line1: autoDraw = False
240.7319 	EXP 	line2: autoDraw = False
240.7319 	EXP 	line3: autoDraw = False
240.7319 	EXP 	line4: autoDraw = False
240.7319 	EXP 	probe: autoDraw = False
240.8831 	EXP 	Device response: <KeyPress from None: t=240.70123650000096, value=c, duration=0.17946149999988847>
241.7155 	EXP 	fixation: autoDraw = True
241.7155 	EXP 	line1: autoDraw = True
241.7155 	EXP 	line2: autoDraw = True
241.7155 	EXP 	line3: autoDraw = True
241.7155 	EXP 	line4: autoDraw = True
242.7297 	INFO 	Keyboard events cleared
242.7296 	EXP 	fixation: autoDraw = False
242.7296 	EXP 	probe: autoDraw = True
243.1230 	DATA 	Keypress: v
243.1345 	EXP 	Device response: <KeyPress from None: t=243.1205401999996, value=v, duration=None>
243.1351 	EXP 	New trial (rep=23, index=2): <Trial 94 (2 in rep 23) data={'pos': 50, 'corr_resp': 'c', 'thisN': 94, 'thisTrialN': 2, 'thisRepN': 23}>
243.1507 	EXP 	fixation: autoDraw = False
243.1507 	EXP 	line1: autoDraw = False
243.1507 	EXP 	line2: autoDraw = False
243.1507 	EXP 	line3: autoDraw = False
243.1507 	EXP 	line4: autoDraw = False
243.1507 	EXP 	probe: autoDraw = False
243.3491 	EXP 	Device response: <KeyPress from None: t=243.1205401999996, value=v, duration=0.22273990000030608>
244.1346 	EXP 	fixation: autoDraw = True
244.1346 	EXP 	line1: autoDraw = True
244.1346 	EXP 	line2: autoDraw = True
244.1346 	EXP 	line3: autoDraw = True
244.1346 	EXP 	line4: autoDraw = True
245.1323 	EXP 	Device response: <KeyPress from None: t=245.12867659999938, value=c, duration=None>
245.1343 	DATA 	Keypress: c
245.1484 	INFO 	Keyboard events cleared
245.1482 	EXP 	fixation: autoDraw = False
245.1482 	EXP 	probe: autoDraw = True
245.3493 	EXP 	Device response: <KeyPress from None: t=245.12867659999938, value=c, duration=0.21531920000052196>
245.7320 	EXP 	Device response: <KeyPress from None: t=245.72372259999975, value=c, duration=None>
245.7324 	EXP 	New trial (rep=23, index=3): <Trial 95 (3 in rep 23) data={'pos': -150, 'corr_resp': 'z', 'thisN': 95, 'thisTrialN': 3, 'thisRepN': 23}>
245.7337 	DATA 	Keypress: c
245.7481 	EXP 	fixation: autoDraw = False
245.7481 	EXP 	line1: autoDraw = False
245.7481 	EXP 	line2: autoDraw = False
245.7481 	EXP 	line3: autoDraw = False
245.7481 	EXP 	line4: autoDraw = False
245.7481 	EXP 	probe: autoDraw = False
245.9321 	EXP 	Device response: <KeyPress from None: t=245.72372259999975, value=c, duration=0.2056910000010248>
246.7317 	EXP 	fixation: autoDraw = True
246.7317 	EXP 	line1: autoDraw = True
246.7317 	EXP 	line2: autoDraw = True
246.7317 	EXP 	line3: autoDraw = True
246.7317 	EXP 	line4: autoDraw = True
247.7326 	INFO 	Keyboard events cleared
247.7324 	EXP 	fixation: autoDraw = False
247.7324 	EXP 	probe: autoDraw = True
248.0490 	EXP 	Device response: <KeyPress from None: t=248.04510090000076, value=z, duration=None>
248.0494 	EXP 	New trial (rep=24, index=0): <Trial 96 (0 in rep 24) data={'pos': -50, 'corr_resp': 'x', 'thisN': 96, 'thisTrialN': 0, 'thisRepN': 24}>
248.0507 	DATA 	Keypress: z
248.0652 	EXP 	fixation: autoDraw = False
248.0652 	EXP 	line1: autoDraw = False
248.0652 	EXP 	line2: autoDraw = False
248.0652 	EXP 	line3: autoDraw = False
248.0652 	EXP 	line4: autoDraw = False
248.0652 	EXP 	probe: autoDraw = False
248.2490 	EXP 	Device response: <KeyPress from None: t=238.0226392000004, value=z, duration=10.223771900000429>
249.0482 	EXP 	fixation: autoDraw = True
249.0482 	EXP 	line1: autoDraw = True
249.0482 	EXP 	line2: autoDraw = True
249.0482 	EXP 	line3: autoDraw = True
249.0482 	EXP 	line4: autoDraw = True
250.0482 	EXP 	fixation: autoDraw = False
250.0650 	INFO 	Keyboard events cleared
250.0648 	EXP 	probe: autoDraw = True
250.4148 	EXP 	Device response: <KeyPress from None: t=250.4020701999998, value=x, duration=None>
250.4152 	EXP 	New trial (rep=24, index=1): <Trial 97 (1 in rep 24) data={'pos': 150, 'corr_resp': 'v', 'thisN': 97, 'thisTrialN': 1, 'thisRepN': 24}>
250.4164 	DATA 	Keypress: x
250.4318 	EXP 	fixation: autoDraw = False
250.4318 	EXP 	line1: autoDraw = False
250.4318 	EXP 	line2: autoDraw = False
250.4318 	EXP 	line3: autoDraw = False
250.4318 	EXP 	line4: autoDraw = False
250.4318 	EXP 	probe: autoDraw = False
250.5991 	EXP 	Device response: <KeyPress from None: t=250.4020701999998, value=x, duration=0.1888864000011381>
251.4153 	EXP 	fixation: autoDraw = True
251.4153 	EXP 	line1: autoDraw = True
251.4153 	EXP 	line2: autoDraw = True
251.4153 	EXP 	line3: autoDraw = True
251.4153 	EXP 	line4: autoDraw = True
252.4167 	INFO 	Keyboard events cleared
252.4164 	EXP 	fixation: autoDraw = False
252.4164 	EXP 	probe: autoDraw = True
252.8993 	EXP 	Device response: <KeyPress from None: t=252.89688390000083, value=v, duration=None>
252.8997 	EXP 	New trial (rep=24, index=2): <Trial 98 (2 in rep 24) data={'pos': 50, 'corr_resp': 'c', 'thisN': 98, 'thisTrialN': 2, 'thisRepN': 24}>
252.9009 	DATA 	Keypress: v
252.9147 	EXP 	fixation: autoDraw = False
252.9147 	EXP 	line1: autoDraw = False
252.9147 	EXP 	line2: autoDraw = False
252.9147 	EXP 	line3: autoDraw = False
252.9147 	EXP 	line4: autoDraw = False
252.9147 	EXP 	probe: autoDraw = False
253.0991 	EXP 	Device response: <KeyPress from None: t=252.89688390000083, value=v, duration=0.19122779999997874>
253.9121 	EXP 	fixation: autoDraw = True
253.9121 	EXP 	line1: autoDraw = True
253.9121 	EXP 	line2: autoDraw = True
253.9121 	EXP 	line3: autoDraw = True
253.9121 	EXP 	line4: autoDraw = True
254.8987 	INFO 	Keyboard events cleared
254.8986 	EXP 	probe: autoDraw = True
254.9127 	EXP 	fixation: autoDraw = False
255.3007 	DATA 	Keypress: c
255.3159 	EXP 	Device response: <KeyPress from None: t=255.29976560000068, value=c, duration=None>
255.3163 	EXP 	New trial (rep=24, index=3): <Trial 99 (3 in rep 24) data={'pos': -150, 'corr_resp': 'z', 'thisN': 99, 'thisTrialN': 3, 'thisRepN': 24}>
255.3315 	EXP 	fixation: autoDraw = False
255.3315 	EXP 	line1: autoDraw = False
255.3315 	EXP 	line2: autoDraw = False
255.3315 	EXP 	line3: autoDraw = False
255.3315 	EXP 	line4: autoDraw = False
255.3315 	EXP 	probe: autoDraw = False
255.4998 	EXP 	Device response: <KeyPress from None: t=255.29976560000068, value=c, duration=0.196608299998843>
256.3186 	EXP 	fixation: autoDraw = True
256.3186 	EXP 	line1: autoDraw = True
256.3186 	EXP 	line2: autoDraw = True
256.3186 	EXP 	line3: autoDraw = True
256.3186 	EXP 	line4: autoDraw = True
257.3184 	INFO 	Keyboard events cleared
257.3182 	EXP 	fixation: autoDraw = False
257.3182 	EXP 	probe: autoDraw = True
257.6323 	EXP 	Device response: <KeyPress from None: t=257.61755620000076, value=z, duration=None>
257.6327 	EXP 	New trial (rep=25, index=0): <Trial 100 (0 in rep 25) data={'pos': -50, 'corr_resp': 'x', 'thisN': 100, 'thisTrialN': 0, 'thisRepN': 25}>
257.6342 	DATA 	Keypress: z
257.6486 	EXP 	fixation: autoDraw = False
257.6486 	EXP 	line1: autoDraw = False
257.6486 	EXP 	line2: autoDraw = False
257.6486 	EXP 	line3: autoDraw = False
257.6486 	EXP 	line4: autoDraw = False
257.6486 	EXP 	probe: autoDraw = False
257.7995 	EXP 	Device response: <KeyPress from None: t=248.04510090000076, value=z, duration=9.741159100000004>
258.6313 	EXP 	fixation: autoDraw = True
258.6313 	EXP 	line1: autoDraw = True
258.6313 	EXP 	line2: autoDraw = True
258.6313 	EXP 	line3: autoDraw = True
258.6313 	EXP 	line4: autoDraw = True
259.0151 	EXP 	Device response: <KeyPress from None: t=259.0099313999999, value=x, duration=None>
259.0167 	DATA 	Keypress: x
259.2651 	EXP 	Device response: <KeyPress from None: t=259.0099313999999, value=x, duration=0.25082300000030955>
259.6469 	INFO 	Keyboard events cleared
259.6468 	EXP 	fixation: autoDraw = False
259.6468 	EXP 	probe: autoDraw = True
260.0018 	DATA 	Keypress: x
260.0152 	EXP 	Device response: <KeyPress from None: t=260.0011998000009, value=x, duration=None>
260.0155 	EXP 	New trial (rep=25, index=1): <Trial 101 (1 in rep 25) data={'pos': 150, 'corr_resp': 'v', 'thisN': 101, 'thisTrialN': 1, 'thisRepN': 25}>
260.0314 	EXP 	fixation: autoDraw = False
260.0314 	EXP 	line1: autoDraw = False
260.0314 	EXP 	line2: autoDraw = False
260.0314 	EXP 	line3: autoDraw = False
260.0314 	EXP 	line4: autoDraw = False
260.0314 	EXP 	probe: autoDraw = False
260.2652 	EXP 	Device response: <KeyPress from None: t=260.0011998000009, value=x, duration=0.2550606999993761>
261.0301 	EXP 	fixation: autoDraw = True
261.0301 	EXP 	line1: autoDraw = True
261.0301 	EXP 	line2: autoDraw = True
261.0301 	EXP 	line3: autoDraw = True
261.0301 	EXP 	line4: autoDraw = True
262.0147 	INFO 	Keyboard events cleared
262.0145 	EXP 	probe: autoDraw = True
262.0316 	EXP 	fixation: autoDraw = False
263.1202 	EXP 	Device response: <KeyPress from None: t=263.10826989999987, value=v, duration=None>
263.1207 	EXP 	New trial (rep=25, index=2): <Trial 102 (2 in rep 25) data={'pos': 50, 'corr_resp': 'c', 'thisN': 102, 'thisTrialN': 2, 'thisRepN': 25}>
263.1218 	DATA 	Keypress: v
263.1347 	EXP 	fixation: autoDraw = False
263.1347 	EXP 	line1: autoDraw = False
263.1347 	EXP 	line2: autoDraw = False
263.1347 	EXP 	line3: autoDraw = False
263.1347 	EXP 	line4: autoDraw = False
263.1347 	EXP 	probe: autoDraw = False
263.3147 	EXP 	Device response: <KeyPress from None: t=263.10826989999987, value=v, duration=0.20024390000071435>
264.1308 	EXP 	fixation: autoDraw = True
264.1308 	EXP 	line1: autoDraw = True
264.1308 	EXP 	line2: autoDraw = True
264.1308 	EXP 	line3: autoDraw = True
264.1308 	EXP 	line4: autoDraw = True
265.1339 	INFO 	Keyboard events cleared
265.1336 	EXP 	fixation: autoDraw = False
265.1336 	EXP 	probe: autoDraw = True
265.4480 	EXP 	Device response: <KeyPress from None: t=265.44163750000007, value=c, duration=None>
265.4484 	EXP 	New trial (rep=25, index=3): <Trial 103 (3 in rep 25) data={'pos': -150, 'corr_resp': 'z', 'thisN': 103, 'thisTrialN': 3, 'thisRepN': 25}>
265.4497 	DATA 	Keypress: c
265.4645 	EXP 	fixation: autoDraw = False
265.4645 	EXP 	line1: autoDraw = False
265.4645 	EXP 	line2: autoDraw = False
265.4645 	EXP 	line3: autoDraw = False
265.4645 	EXP 	line4: autoDraw = False
265.4645 	EXP 	probe: autoDraw = False
265.6151 	EXP 	Device response: <KeyPress from None: t=265.44163750000007, value=c, duration=0.16873800000030315>
266.4514 	EXP 	fixation: autoDraw = True
266.4514 	EXP 	line1: autoDraw = True
266.4514 	EXP 	line2: autoDraw = True
266.4514 	EXP 	line3: autoDraw = True
266.4514 	EXP 	line4: autoDraw = True
267.4498 	INFO 	Keyboard events cleared
267.4496 	EXP 	fixation: autoDraw = False
267.4496 	EXP 	probe: autoDraw = True
267.9652 	EXP 	Device response: <KeyPress from None: t=267.9531580999992, value=z, duration=None>
267.9656 	EXP 	New trial (rep=26, index=0): <Trial 104 (0 in rep 26) data={'pos': -50, 'corr_resp': 'x', 'thisN': 104, 'thisTrialN': 0, 'thisRepN': 26}>
267.9668 	DATA 	Keypress: z
267.9812 	EXP 	fixation: autoDraw = False
267.9812 	EXP 	line1: autoDraw = False
267.9812 	EXP 	line2: autoDraw = False
267.9812 	EXP 	line3: autoDraw = False
267.9812 	EXP 	line4: autoDraw = False
267.9812 	EXP 	probe: autoDraw = False
268.2156 	EXP 	Device response: <KeyPress from None: t=257.61755620000076, value=z, duration=10.594508199999837>
268.9668 	EXP 	fixation: autoDraw = True
268.9668 	EXP 	line1: autoDraw = True
268.9668 	EXP 	line2: autoDraw = True
268.9668 	EXP 	line3: autoDraw = True
268.9668 	EXP 	line4: autoDraw = True
269.4862 	EXP 	Device response: <KeyPress from None: t=269.4723460999994, value=x, duration=None>
269.4897 	DATA 	Keypress: x
269.7152 	EXP 	Device response: <KeyPress from None: t=269.4723460999994, value=x, duration=0.23773609999989276>
269.9807 	INFO 	Keyboard events cleared
269.9804 	EXP 	fixation: autoDraw = False
269.9804 	EXP 	probe: autoDraw = True
270.2980 	EXP 	Device response: <KeyPress from None: t=270.29722519999996, value=x, duration=None>
270.2983 	EXP 	New trial (rep=26, index=1): <Trial 105 (1 in rep 26) data={'pos': 150, 'corr_resp': 'v', 'thisN': 105, 'thisTrialN': 1, 'thisRepN': 26}>
270.2994 	DATA 	Keypress: x
270.3139 	EXP 	fixation: autoDraw = False
270.3139 	EXP 	line1: autoDraw = False
270.3139 	EXP 	line2: autoDraw = False
270.3139 	EXP 	line3: autoDraw = False
270.3139 	EXP 	line4: autoDraw = False
270.3139 	EXP 	probe: autoDraw = False
270.5480 	EXP 	Device response: <KeyPress from None: t=270.29722519999996, value=x, duration=0.24542099999962375>
271.3132 	EXP 	fixation: autoDraw = True
271.3132 	EXP 	line1: autoDraw = True
271.3132 	EXP 	line2: autoDraw = True
271.3132 	EXP 	line3: autoDraw = True
271.3132 	EXP 	line4: autoDraw = True
272.2975 	INFO 	Keyboard events cleared
272.2973 	EXP 	probe: autoDraw = True
272.3143 	EXP 	fixation: autoDraw = False
272.9336 	DATA 	Keypress: v
272.9484 	EXP 	Device response: <KeyPress from None: t=272.9330523000008, value=v, duration=None>
272.9488 	EXP 	New trial (rep=26, index=2): <Trial 106 (2 in rep 26) data={'pos': 50, 'corr_resp': 'c', 'thisN': 106, 'thisTrialN': 2, 'thisRepN': 26}>
272.9650 	EXP 	fixation: autoDraw = False
272.9650 	EXP 	line1: autoDraw = False
272.9650 	EXP 	line2: autoDraw = False
272.9650 	EXP 	line3: autoDraw = False
272.9650 	EXP 	line4: autoDraw = False
272.9650 	EXP 	probe: autoDraw = False
273.1483 	EXP 	Device response: <KeyPress from None: t=272.9330523000008, value=v, duration=0.20696829999906186>
273.9511 	EXP 	fixation: autoDraw = True
273.9511 	EXP 	line1: autoDraw = True
273.9511 	EXP 	line2: autoDraw = True
273.9511 	EXP 	line3: autoDraw = True
273.9511 	EXP 	line4: autoDraw = True
274.9481 	INFO 	Keyboard events cleared
274.9478 	EXP 	fixation: autoDraw = False
274.9478 	EXP 	probe: autoDraw = True
275.3016 	EXP 	Device response: <KeyPress from None: t=275.28883569999925, value=c, duration=None>
275.3023 	EXP 	New trial (rep=26, index=3): <Trial 107 (3 in rep 26) data={'pos': -150, 'corr_resp': 'z', 'thisN': 107, 'thisTrialN': 3, 'thisRepN': 26}>
275.3047 	DATA 	Keypress: c
275.3171 	EXP 	fixation: autoDraw = False
275.3171 	EXP 	line1: autoDraw = False
275.3171 	EXP 	line2: autoDraw = False
275.3171 	EXP 	line3: autoDraw = False
275.3171 	EXP 	line4: autoDraw = False
275.3171 	EXP 	probe: autoDraw = False
275.4856 	EXP 	Device response: <KeyPress from None: t=275.28883569999925, value=c, duration=0.18190230000072916>
276.3136 	EXP 	fixation: autoDraw = True
276.3136 	EXP 	line1: autoDraw = True
276.3136 	EXP 	line2: autoDraw = True
276.3136 	EXP 	line3: autoDraw = True
276.3136 	EXP 	line4: autoDraw = True
276.7792 	EXP 	Device response: <KeyPress from None: t=276.77106339999955, value=z, duration=None>
276.7806 	DATA 	Keypress: z
277.0125 	EXP 	Device response: <KeyPress from None: t=267.9531580999992, value=z, duration=9.045898900001703>
277.2971 	EXP 	Device response: <KeyPress from None: t=277.29321680000066, value=z, duration=None>
277.2983 	DATA 	Keypress: z
277.3130 	INFO 	Keyboard events cleared
277.3129 	EXP 	fixation: autoDraw = False
277.3129 	EXP 	probe: autoDraw = True
277.5800 	EXP 	Device response: <KeyPress from None: t=276.77106339999955, value=z, duration=0.8069824000012886>
278.0317 	EXP 	Device response: <KeyPress from None: t=278.0261408000006, value=z, duration=None>
278.0322 	EXP 	New trial (rep=27, index=0): <Trial 108 (0 in rep 27) data={'pos': -50, 'corr_resp': 'x', 'thisN': 108, 'thisTrialN': 0, 'thisRepN': 27}>
278.0342 	DATA 	Keypress: z
278.0459 	EXP 	fixation: autoDraw = False
278.0459 	EXP 	line1: autoDraw = False
278.0459 	EXP 	line2: autoDraw = False
278.0459 	EXP 	line3: autoDraw = False
278.0459 	EXP 	line4: autoDraw = False
278.0459 	EXP 	probe: autoDraw = False
278.2144 	EXP 	Device response: <KeyPress from None: t=277.29321680000066, value=z, duration=0.912721299999248>
279.0475 	EXP 	fixation: autoDraw = True
279.0475 	EXP 	line1: autoDraw = True
279.0475 	EXP 	line2: autoDraw = True
279.0475 	EXP 	line3: autoDraw = True
279.0475 	EXP 	line4: autoDraw = True
279.3147 	EXP 	Device response: <KeyPress from None: t=279.31284199999936, value=v, duration=None>
279.3160 	DATA 	Keypress: v
279.5327 	EXP 	Device response: <KeyPress from None: t=279.31284199999936, value=v, duration=0.2086752000013803>
280.0466 	INFO 	Keyboard events cleared
280.0464 	EXP 	fixation: autoDraw = False
280.0464 	EXP 	probe: autoDraw = True
280.4163 	DATA 	Keypress: v
280.4317 	EXP 	Device response: <KeyPress from None: t=280.41402299999936, value=v, duration=None>
280.4321 	EXP 	New trial (rep=27, index=1): <Trial 109 (1 in rep 27) data={'pos': 150, 'corr_resp': 'v', 'thisN': 109, 'thisTrialN': 1, 'thisRepN': 27}>
280.4472 	EXP 	fixation: autoDraw = False
280.4472 	EXP 	line1: autoDraw = False
280.4472 	EXP 	line2: autoDraw = False
280.4472 	EXP 	line3: autoDraw = False
280.4472 	EXP 	line4: autoDraw = False
280.4472 	EXP 	probe: autoDraw = False
280.6316 	EXP 	Device response: <KeyPress from None: t=280.41402299999936, value=v, duration=0.2162984000005963>
281.4470 	EXP 	fixation: autoDraw = True
281.4470 	EXP 	line1: autoDraw = True
281.4470 	EXP 	line2: autoDraw = True
281.4470 	EXP 	line3: autoDraw = True
281.4470 	EXP 	line4: autoDraw = True
282.4477 	INFO 	Keyboard events cleared
282.4475 	EXP 	fixation: autoDraw = False
282.4475 	EXP 	probe: autoDraw = True
282.9825 	EXP 	Device response: <KeyPress from None: t=282.9780515000002, value=v, duration=None>
282.9830 	EXP 	New trial (rep=27, index=2): <Trial 110 (2 in rep 27) data={'pos': 50, 'corr_resp': 'c', 'thisN': 110, 'thisTrialN': 2, 'thisRepN': 27}>
282.9841 	DATA 	Keypress: v
282.9978 	EXP 	fixation: autoDraw = False
282.9978 	EXP 	line1: autoDraw = False
282.9978 	EXP 	line2: autoDraw = False
282.9978 	EXP 	line3: autoDraw = False
282.9978 	EXP 	line4: autoDraw = False
282.9978 	EXP 	probe: autoDraw = False
283.1152 	EXP 	Device response: <KeyPress from None: t=282.9780515000002, value=v, duration=0.1345206000005419>
283.9980 	EXP 	fixation: autoDraw = True
283.9980 	EXP 	line1: autoDraw = True
283.9980 	EXP 	line2: autoDraw = True
283.9980 	EXP 	line3: autoDraw = True
283.9980 	EXP 	line4: autoDraw = True
284.6980 	EXP 	Device response: <KeyPress from None: t=284.6842237000001, value=v, duration=None>
284.6993 	DATA 	Keypress: v
284.9001 	EXP 	Device response: <KeyPress from None: t=284.6842237000001, value=v, duration=0.21369729999969422>
284.9985 	INFO 	Keyboard events cleared
284.9984 	EXP 	fixation: autoDraw = False
284.9984 	EXP 	probe: autoDraw = True
285.6490 	EXP 	Device response: <KeyPress from None: t=285.64687779999986, value=v, duration=None>
285.6494 	EXP 	New trial (rep=27, index=3): <Trial 111 (3 in rep 27) data={'pos': -150, 'corr_resp': 'z', 'thisN': 111, 'thisTrialN': 3, 'thisRepN': 27}>
285.6507 	DATA 	Keypress: v
285.6647 	EXP 	fixation: autoDraw = False
285.6647 	EXP 	line1: autoDraw = False
285.6647 	EXP 	line2: autoDraw = False
285.6647 	EXP 	line3: autoDraw = False
285.6647 	EXP 	line4: autoDraw = False
285.6647 	EXP 	probe: autoDraw = False
285.8318 	EXP 	Device response: <KeyPress from None: t=285.64687779999986, value=v, duration=0.17963000000054308>
286.6488 	EXP 	fixation: autoDraw = True
286.6488 	EXP 	line1: autoDraw = True
286.6488 	EXP 	line2: autoDraw = True
286.6488 	EXP 	line3: autoDraw = True
286.6488 	EXP 	line4: autoDraw = True
286.7997 	EXP 	Device response: <KeyPress from None: t=286.7942645999992, value=v, duration=None>
286.8014 	DATA 	Keypress: v
287.0821 	EXP 	Device response: <KeyPress from None: t=286.7942645999992, value=v, duration=0.28244530000119994>
287.6486 	INFO 	Keyboard events cleared
287.6484 	EXP 	fixation: autoDraw = False
287.6484 	EXP 	probe: autoDraw = True
287.8822 	EXP 	Device response: <KeyPress from None: t=287.87662959999943, value=c, duration=None>
287.8826 	EXP 	New trial (rep=28, index=0): <Trial 112 (0 in rep 28) data={'pos': -50, 'corr_resp': 'x', 'thisN': 112, 'thisTrialN': 0, 'thisRepN': 28}>
287.8839 	DATA 	Keypress: c
287.8988 	EXP 	fixation: autoDraw = False
287.8988 	EXP 	line1: autoDraw = False
287.8988 	EXP 	line2: autoDraw = False
287.8988 	EXP 	line3: autoDraw = False
287.8988 	EXP 	line4: autoDraw = False
287.8988 	EXP 	probe: autoDraw = False
288.0818 	EXP 	Device response: <KeyPress from None: t=287.87662959999943, value=c, duration=0.20146010000098613>
288.8825 	EXP 	fixation: autoDraw = True
288.8825 	EXP 	line1: autoDraw = True
288.8825 	EXP 	line2: autoDraw = True
288.8825 	EXP 	line3: autoDraw = True
288.8825 	EXP 	line4: autoDraw = True
288.9806 	EXP 	Device response: <KeyPress from None: t=288.97521269999925, value=c, duration=None>
288.9821 	DATA 	Keypress: c
289.1651 	EXP 	Device response: <KeyPress from None: t=288.97521269999925, value=c, duration=0.18425370000113617>
289.3822 	EXP 	Device response: <KeyPress from None: t=289.3765987000006, value=c, duration=None>
289.3843 	DATA 	Keypress: c
289.5150 	EXP 	Device response: <KeyPress from None: t=289.3765987000006, value=c, duration=0.13515319999896747>
289.8965 	INFO 	Keyboard events cleared
289.8964 	EXP 	fixation: autoDraw = False
289.8964 	EXP 	probe: autoDraw = True
289.9654 	EXP 	Device response: <KeyPress from None: t=289.96028690000094, value=c, duration=None>
289.9657 	EXP 	New trial (rep=28, index=1): <Trial 113 (1 in rep 28) data={'pos': 150, 'corr_resp': 'v', 'thisN': 113, 'thisTrialN': 1, 'thisRepN': 28}>
289.9668 	DATA 	Keypress: c
289.9804 	EXP 	fixation: autoDraw = False
289.9804 	EXP 	line1: autoDraw = False
289.9804 	EXP 	line2: autoDraw = False
289.9804 	EXP 	line3: autoDraw = False
289.9804 	EXP 	line4: autoDraw = False
289.9804 	EXP 	probe: autoDraw = False
290.1473 	EXP 	Device response: <KeyPress from None: t=289.96028690000094, value=c, duration=0.18245869999918796>
290.9630 	EXP 	fixation: autoDraw = True
290.9630 	EXP 	line1: autoDraw = True
290.9630 	EXP 	line2: autoDraw = True
290.9630 	EXP 	line3: autoDraw = True
290.9630 	EXP 	line4: autoDraw = True
291.9373 	DATA 	Keypress: v
291.9458 	EXP 	Device response: <KeyPress from None: t=291.93638570000076, value=v, duration=None>
291.9629 	INFO 	Keyboard events cleared
291.9627 	EXP 	fixation: autoDraw = False
291.9627 	EXP 	probe: autoDraw = True
292.3571 	EXP 	Device response: <KeyPress from None: t=291.93638570000076, value=v, duration=0.4102495999995881>
293.4474 	EXP 	Device response: <KeyPress from None: t=293.4404458000008, value=v, duration=None>
293.4478 	EXP 	New trial (rep=28, index=2): <Trial 114 (2 in rep 28) data={'pos': 50, 'corr_resp': 'c', 'thisN': 114, 'thisTrialN': 2, 'thisRepN': 28}>
293.4492 	DATA 	Keypress: v
293.4565 	EXP 	fixation: autoDraw = False
293.4565 	EXP 	line1: autoDraw = False
293.4565 	EXP 	line2: autoDraw = False
293.4565 	EXP 	line3: autoDraw = False
293.4565 	EXP 	line4: autoDraw = False
293.4565 	EXP 	probe: autoDraw = False
293.6811 	EXP 	Device response: <KeyPress from None: t=293.4404458000008, value=v, duration=0.2363547999993898>
293.7484 	EXP 	Device response: <KeyPress from None: t=293.7358394999992, value=v, duration=None>
293.7495 	DATA 	Keypress: v
294.0305 	EXP 	Device response: <KeyPress from None: t=293.7358394999992, value=v, duration=0.28612250000151107>
294.4473 	EXP 	fixation: autoDraw = True
294.4473 	EXP 	line1: autoDraw = True
294.4473 	EXP 	line2: autoDraw = True
294.4473 	EXP 	line3: autoDraw = True
294.4473 	EXP 	line4: autoDraw = True
295.1291 	EXP 	Device response: <KeyPress from None: t=295.1254384999993, value=v, duration=None>
295.1302 	DATA 	Keypress: v
295.3399 	EXP 	Device response: <KeyPress from None: t=295.1254384999993, value=v, duration=0.2057810000005702>
295.4562 	INFO 	Keyboard events cleared
295.4560 	EXP 	fixation: autoDraw = False
295.4560 	EXP 	probe: autoDraw = True
296.0731 	EXP 	Device response: <KeyPress from None: t=296.0629714000006, value=v, duration=None>
296.0735 	EXP 	New trial (rep=28, index=3): <Trial 115 (3 in rep 28) data={'pos': -150, 'corr_resp': 'z', 'thisN': 115, 'thisTrialN': 3, 'thisRepN': 28}>
296.0750 	DATA 	Keypress: v
296.0901 	EXP 	fixation: autoDraw = False
296.0901 	EXP 	line1: autoDraw = False
296.0901 	EXP 	line2: autoDraw = False
296.0901 	EXP 	line3: autoDraw = False
296.0901 	EXP 	line4: autoDraw = False
296.0901 	EXP 	probe: autoDraw = False
296.4076 	EXP 	Device response: <KeyPress from None: t=296.0629714000006, value=v, duration=0.340599299999667>
296.5068 	EXP 	Device response: <KeyPress from None: t=296.5000364999996, value=v, duration=None>
296.5079 	DATA 	Keypress: v
296.9566 	EXP 	Device response: <KeyPress from None: t=296.5000364999996, value=v, duration=0.4478300999999192>
297.0729 	EXP 	fixation: autoDraw = True
297.0729 	EXP 	line1: autoDraw = True
297.0729 	EXP 	line2: autoDraw = True
297.0729 	EXP 	line3: autoDraw = True
297.0729 	EXP 	line4: autoDraw = True
297.2242 	EXP 	Device response: <KeyPress from None: t=297.2094734000002, value=v, duration=None>
297.2265 	DATA 	Keypress: v
297.4076 	EXP 	Device response: <KeyPress from None: t=297.2094734000002, value=v, duration=0.18253700000059325>
297.9396 	EXP 	Device response: <KeyPress from None: t=297.93420909999986, value=v, duration=None>
297.9423 	DATA 	Keypress: v
298.0817 	INFO 	Keyboard events cleared
298.0814 	EXP 	fixation: autoDraw = False
298.0814 	EXP 	probe: autoDraw = True
298.1462 	EXP 	Device response: <KeyPress from None: t=297.93420909999986, value=v, duration=0.20159009999952104>
298.5511 	DATA 	Keypress: v
298.5659 	EXP 	Device response: <KeyPress from None: t=298.54985549999947, value=v, duration=None>
298.5663 	EXP 	New trial (rep=29, index=0): <Trial 116 (0 in rep 29) data={'pos': -50, 'corr_resp': 'x', 'thisN': 116, 'thisTrialN': 0, 'thisRepN': 29}>
298.5813 	EXP 	fixation: autoDraw = False
298.5813 	EXP 	line1: autoDraw = False
298.5813 	EXP 	line2: autoDraw = False
298.5813 	EXP 	line3: autoDraw = False
298.5813 	EXP 	line4: autoDraw = False
298.5813 	EXP 	probe: autoDraw = False
298.7312 	EXP 	Device response: <KeyPress from None: t=298.54985549999947, value=v, duration=0.17520520000107354>
299.2654 	EXP 	Device response: <KeyPress from None: t=299.2651093000004, value=v, duration=None>
299.2663 	DATA 	Keypress: v
299.5480 	EXP 	Device response: <KeyPress from None: t=299.2651093000004, value=v, duration=0.2740797999995266>
299.5816 	EXP 	fixation: autoDraw = True
299.5816 	EXP 	line1: autoDraw = True
299.5816 	EXP 	line2: autoDraw = True
299.5816 	EXP 	line3: autoDraw = True
299.5816 	EXP 	line4: autoDraw = True
300.2338 	EXP 	Device response: <KeyPress from None: t=300.2310655000001, value=v, duration=None>
300.2358 	DATA 	Keypress: v
300.4823 	EXP 	Device response: <KeyPress from None: t=300.2310655000001, value=v, duration=0.24984650000078545>
300.5828 	INFO 	Keyboard events cleared
300.5825 	EXP 	fixation: autoDraw = False
300.5825 	EXP 	probe: autoDraw = True
300.9630 	EXP 	Device response: <KeyPress from None: t=300.9592649999995, value=v, duration=None>
300.9634 	EXP 	New trial (rep=29, index=1): <Trial 117 (1 in rep 29) data={'pos': 150, 'corr_resp': 'v', 'thisN': 117, 'thisTrialN': 1, 'thisRepN': 29}>
300.9647 	DATA 	Keypress: v
300.9788 	EXP 	fixation: autoDraw = False
300.9788 	EXP 	line1: autoDraw = False
300.9788 	EXP 	line2: autoDraw = False
300.9788 	EXP 	line3: autoDraw = False
300.9788 	EXP 	line4: autoDraw = False
300.9788 	EXP 	probe: autoDraw = False
301.1159 	EXP 	Device response: <KeyPress from None: t=300.9592649999995, value=v, duration=0.15443340000092576>
301.9645 	EXP 	fixation: autoDraw = True
301.9645 	EXP 	line1: autoDraw = True
301.9645 	EXP 	line2: autoDraw = True
301.9645 	EXP 	line3: autoDraw = True
301.9645 	EXP 	line4: autoDraw = True
302.8213 	DATA 	Keypress: x
302.8376 	EXP 	Device response: <KeyPress from None: t=302.82041129999925, value=x, duration=None>
302.9625 	INFO 	Keyboard events cleared
302.9623 	EXP 	probe: autoDraw = True
302.9786 	EXP 	fixation: autoDraw = False
303.0815 	EXP 	Device response: <KeyPress from None: t=302.82041129999925, value=x, duration=0.24417930000163324>
304.3984 	EXP 	Device response: <KeyPress from None: t=304.3926991999997, value=v, duration=None>
304.3988 	EXP 	New trial (rep=29, index=2): <Trial 118 (2 in rep 29) data={'pos': 50, 'corr_resp': 'c', 'thisN': 118, 'thisTrialN': 2, 'thisRepN': 29}>
304.4000 	DATA 	Keypress: v
304.4148 	EXP 	fixation: autoDraw = False
304.4148 	EXP 	line1: autoDraw = False
304.4148 	EXP 	line2: autoDraw = False
304.4148 	EXP 	line3: autoDraw = False
304.4148 	EXP 	line4: autoDraw = False
304.4148 	EXP 	probe: autoDraw = False
304.5831 	EXP 	Device response: <KeyPress from None: t=304.3926991999997, value=v, duration=0.189970400000675>
305.3980 	EXP 	fixation: autoDraw = True
305.3980 	EXP 	line1: autoDraw = True
305.3980 	EXP 	line2: autoDraw = True
305.3980 	EXP 	line3: autoDraw = True
305.3980 	EXP 	line4: autoDraw = True
305.7486 	EXP 	Device response: <KeyPress from None: t=305.74390180000046, value=x, duration=None>
305.7504 	DATA 	Keypress: x
305.9476 	EXP 	Device response: <KeyPress from None: t=305.74390180000046, value=x, duration=0.2001877999991848>
306.2820 	EXP 	Device response: <KeyPress from None: t=306.2687984000004, value=x, duration=None>
306.2838 	DATA 	Keypress: x
306.4140 	INFO 	Keyboard events cleared
306.4138 	EXP 	fixation: autoDraw = False
306.4138 	EXP 	probe: autoDraw = True
306.4478 	EXP 	Device response: <KeyPress from None: t=306.2687984000004, value=x, duration=0.1619381999989855>
306.9316 	EXP 	Device response: <KeyPress from None: t=306.9199258999997, value=x, duration=None>
306.9325 	EXP 	New trial (rep=29, index=3): <Trial 119 (3 in rep 29) data={'pos': -150, 'corr_resp': 'z', 'thisN': 119, 'thisTrialN': 3, 'thisRepN': 29}>
306.9339 	DATA 	Keypress: x
306.9479 	EXP 	fixation: autoDraw = False
306.9479 	EXP 	line1: autoDraw = False
306.9479 	EXP 	line2: autoDraw = False
306.9479 	EXP 	line3: autoDraw = False
306.9479 	EXP 	line4: autoDraw = False
306.9479 	EXP 	probe: autoDraw = False
307.0994 	EXP 	Device response: <KeyPress from None: t=306.9199258999997, value=x, duration=0.16310130000056233>
307.9318 	EXP 	fixation: autoDraw = True
307.9318 	EXP 	line1: autoDraw = True
307.9318 	EXP 	line2: autoDraw = True
307.9318 	EXP 	line3: autoDraw = True
307.9318 	EXP 	line4: autoDraw = True
308.9291 	EXP 	fixation: autoDraw = False
308.9478 	INFO 	Keyboard events cleared
308.9475 	EXP 	probe: autoDraw = True
309.2467 	EXP 	Device response: <KeyPress from None: t=309.2400242999993, value=v, duration=None>
309.2471 	EXP 	New trial (rep=30, index=0): <Trial 120 (0 in rep 30) data={'pos': -50, 'corr_resp': 'x', 'thisN': 120, 'thisTrialN': 0, 'thisRepN': 30}>
309.2483 	DATA 	Keypress: v
309.2641 	EXP 	fixation: autoDraw = False
309.2641 	EXP 	line1: autoDraw = False
309.2641 	EXP 	line2: autoDraw = False
309.2641 	EXP 	line3: autoDraw = False
309.2641 	EXP 	line4: autoDraw = False
309.2641 	EXP 	probe: autoDraw = False
309.4148 	EXP 	Device response: <KeyPress from None: t=309.2400242999993, value=v, duration=0.16922190000150295>
309.9876 	DATA 	Keypress: v
309.9947 	EXP 	Device response: <KeyPress from None: t=309.98536570000033, value=v, duration=None>
310.1557 	EXP 	Device response: <KeyPress from None: t=309.98536570000033, value=v, duration=0.1639166999993904>
310.2557 	EXP 	fixation: autoDraw = True
310.2557 	EXP 	line1: autoDraw = True
310.2557 	EXP 	line2: autoDraw = True
310.2557 	EXP 	line3: autoDraw = True
310.2557 	EXP 	line4: autoDraw = True
310.6902 	EXP 	Device response: <KeyPress from None: t=310.68192669999917, value=v, duration=None>
310.6920 	DATA 	Keypress: v
310.9406 	EXP 	Device response: <KeyPress from None: t=310.68192669999917, value=v, duration=0.24845810000078927>
311.2208 	EXP 	Device response: <KeyPress from None: t=311.2059205000005, value=v, duration=None>
311.2222 	DATA 	Keypress: v
311.2566 	INFO 	Keyboard events cleared
311.2564 	EXP 	fixation: autoDraw = False
311.2564 	EXP 	probe: autoDraw = True
311.4400 	EXP 	Device response: <KeyPress from None: t=311.2059205000005, value=v, duration=0.2193528999996488>
312.0068 	EXP 	Device response: <KeyPress from None: t=311.9971440999998, value=c, duration=None>
312.0071 	EXP 	New trial (rep=30, index=1): <Trial 121 (1 in rep 30) data={'pos': 150, 'corr_resp': 'v', 'thisN': 121, 'thisTrialN': 1, 'thisRepN': 30}>
312.0080 	DATA 	Keypress: c
312.0218 	EXP 	fixation: autoDraw = False
312.0218 	EXP 	line1: autoDraw = False
312.0218 	EXP 	line2: autoDraw = False
312.0218 	EXP 	line3: autoDraw = False
312.0218 	EXP 	line4: autoDraw = False
312.0218 	EXP 	probe: autoDraw = False
312.1900 	EXP 	Device response: <KeyPress from None: t=311.9971440999998, value=c, duration=0.18692689999988943>
313.0039 	EXP 	fixation: autoDraw = True
313.0039 	EXP 	line1: autoDraw = True
313.0039 	EXP 	line2: autoDraw = True
313.0039 	EXP 	line3: autoDraw = True
313.0039 	EXP 	line4: autoDraw = True
313.5291 	EXP 	Device response: <KeyPress from None: t=313.5220580999994, value=z, duration=None>
313.5305 	DATA 	Keypress: z
313.7018 	EXP 	Device response: <KeyPress from None: t=278.0261408000006, value=z, duration=35.671668599999975>
314.0150 	INFO 	Keyboard events cleared
314.0148 	EXP 	fixation: autoDraw = False
314.0148 	EXP 	probe: autoDraw = True
314.5481 	EXP 	Device response: <KeyPress from None: t=314.5428284000009, value=z, duration=None>
314.5487 	EXP 	New trial (rep=30, index=2): <Trial 122 (2 in rep 30) data={'pos': 50, 'corr_resp': 'c', 'thisN': 122, 'thisTrialN': 2, 'thisRepN': 30}>
314.5499 	DATA 	Keypress: z
314.5646 	EXP 	fixation: autoDraw = False
314.5646 	EXP 	line1: autoDraw = False
314.5646 	EXP 	line2: autoDraw = False
314.5646 	EXP 	line3: autoDraw = False
314.5646 	EXP 	line4: autoDraw = False
314.5646 	EXP 	probe: autoDraw = False
314.7156 	EXP 	Device response: <KeyPress from None: t=313.5220580999994, value=z, duration=1.1766576999998506>
315.2651 	EXP 	Device response: <KeyPress from None: t=315.25733050000053, value=z, duration=None>
315.2665 	DATA 	Keypress: z
315.4472 	EXP 	Device response: <KeyPress from None: t=314.5428284000009, value=z, duration=0.8995952999994188>
315.5469 	EXP 	fixation: autoDraw = True
315.5469 	EXP 	line1: autoDraw = True
315.5469 	EXP 	line2: autoDraw = True
315.5469 	EXP 	line3: autoDraw = True
315.5469 	EXP 	line4: autoDraw = True
316.2989 	EXP 	Device response: <KeyPress from None: t=316.2928171000003, value=z, duration=None>
316.3015 	DATA 	Keypress: z
316.3485 	EXP 	Device response: <KeyPress from None: t=316.3403154000007, value=x, duration=None>
316.3509 	DATA 	Keypress: x
316.4307 	EXP 	Device response: <KeyPress from None: t=315.25733050000053, value=z, duration=1.165757200000371>
316.5489 	EXP 	fixation: autoDraw = False
316.5647 	INFO 	Keyboard events cleared
316.5645 	EXP 	probe: autoDraw = True
316.5995 	EXP 	Device response: <KeyPress from None: t=316.3403154000007, value=x, duration=0.25395409999873664>
316.8986 	EXP 	Device response: <KeyPress from None: t=316.89745799999946, value=x, duration=None>
316.8991 	EXP 	New trial (rep=30, index=3): <Trial 123 (3 in rep 30) data={'pos': -150, 'corr_resp': 'z', 'thisN': 123, 'thisTrialN': 3, 'thisRepN': 30}>
316.9003 	DATA 	Keypress: x
316.9148 	EXP 	fixation: autoDraw = False
316.9148 	EXP 	line1: autoDraw = False
316.9148 	EXP 	line2: autoDraw = False
316.9148 	EXP 	line3: autoDraw = False
316.9148 	EXP 	line4: autoDraw = False
316.9148 	EXP 	probe: autoDraw = False
317.1150 	EXP 	Device response: <KeyPress from None: t=316.89745799999946, value=x, duration=0.21231410000109463>
317.9151 	EXP 	fixation: autoDraw = True
317.9151 	EXP 	line1: autoDraw = True
317.9151 	EXP 	line2: autoDraw = True
317.9151 	EXP 	line3: autoDraw = True
317.9151 	EXP 	line4: autoDraw = True
318.5152 	EXP 	Device response: <KeyPress from None: t=318.50328210000043, value=v, duration=None>
318.5170 	DATA 	Keypress: v
318.7315 	EXP 	Device response: <KeyPress from None: t=318.50328210000043, value=v, duration=0.2188160000005155>
318.9122 	INFO 	Keyboard events cleared
318.9121 	EXP 	probe: autoDraw = True
318.9303 	EXP 	fixation: autoDraw = False
319.1634 	EXP 	Device response: <KeyPress from None: t=319.1558492999993, value=v, duration=None>
319.1639 	EXP 	New trial (rep=31, index=0): <Trial 124 (0 in rep 31) data={'pos': -50, 'corr_resp': 'x', 'thisN': 124, 'thisTrialN': 0, 'thisRepN': 31}>
319.1652 	DATA 	Keypress: v
319.1802 	EXP 	fixation: autoDraw = False
319.1802 	EXP 	line1: autoDraw = False
319.1802 	EXP 	line2: autoDraw = False
319.1802 	EXP 	line3: autoDraw = False
319.1802 	EXP 	line4: autoDraw = False
319.1802 	EXP 	probe: autoDraw = False
319.3791 	EXP 	Device response: <KeyPress from None: t=319.1558492999993, value=v, duration=0.21084890000020096>
320.1627 	EXP 	fixation: autoDraw = True
320.1627 	EXP 	line1: autoDraw = True
320.1627 	EXP 	line2: autoDraw = True
320.1627 	EXP 	line3: autoDraw = True
320.1627 	EXP 	line4: autoDraw = True
320.4959 	EXP 	Device response: <KeyPress from None: t=320.48627940000006, value=v, duration=None>
320.4975 	DATA 	Keypress: v
320.7173 	EXP 	Device response: <KeyPress from None: t=320.48627940000006, value=v, duration=0.22769440000047325>
320.7961 	EXP 	Device response: <KeyPress from None: t=320.7923286999994, value=v, duration=None>
320.7972 	DATA 	Keypress: v
320.8124 	EXP 	Device response: <KeyPress from None: t=320.7923286999994, value=v, duration=0.014929700000720914>
321.1624 	EXP 	fixation: autoDraw = False
321.1791 	INFO 	Keyboard events cleared
321.1790 	EXP 	probe: autoDraw = True
322.1151 	EXP 	Device response: <KeyPress from None: t=322.1108072999996, value=c, duration=None>
322.1155 	EXP 	New trial (rep=31, index=1): <Trial 125 (1 in rep 31) data={'pos': 150, 'corr_resp': 'v', 'thisN': 125, 'thisTrialN': 1, 'thisRepN': 31}>
322.1167 	DATA 	Keypress: c
322.1308 	EXP 	fixation: autoDraw = False
322.1308 	EXP 	line1: autoDraw = False
322.1308 	EXP 	line2: autoDraw = False
322.1308 	EXP 	line3: autoDraw = False
322.1308 	EXP 	line4: autoDraw = False
322.1308 	EXP 	probe: autoDraw = False
322.3317 	EXP 	Device response: <KeyPress from None: t=322.1108072999996, value=c, duration=0.20810780000101659>
323.1309 	EXP 	fixation: autoDraw = True
323.1309 	EXP 	line1: autoDraw = True
323.1309 	EXP 	line2: autoDraw = True
323.1309 	EXP 	line3: autoDraw = True
323.1309 	EXP 	line4: autoDraw = True
323.9166 	DATA 	Keypress: x
323.9311 	EXP 	Device response: <KeyPress from None: t=323.9156031000002, value=x, duration=None>
324.1314 	INFO 	Keyboard events cleared
324.1312 	EXP 	fixation: autoDraw = False
324.1312 	EXP 	probe: autoDraw = True
324.1632 	EXP 	Device response: <KeyPress from None: t=323.9156031000002, value=x, duration=0.24344170000040322>
325.1168 	DATA 	Keypress: x
325.1316 	EXP 	Device response: <KeyPress from None: t=325.11489509999956, value=x, duration=None>
325.1320 	EXP 	New trial (rep=31, index=2): <Trial 126 (2 in rep 31) data={'pos': 50, 'corr_resp': 'c', 'thisN': 126, 'thisTrialN': 2, 'thisRepN': 31}>
325.1476 	EXP 	fixation: autoDraw = False
325.1476 	EXP 	line1: autoDraw = False
325.1476 	EXP 	line2: autoDraw = False
325.1476 	EXP 	line3: autoDraw = False
325.1476 	EXP 	line4: autoDraw = False
325.1476 	EXP 	probe: autoDraw = False
325.3641 	EXP 	Device response: <KeyPress from None: t=325.11489509999956, value=x, duration=0.2424490000012156>
326.1380 	EXP 	fixation: autoDraw = True
326.1380 	EXP 	line1: autoDraw = True
326.1380 	EXP 	line2: autoDraw = True
326.1380 	EXP 	line3: autoDraw = True
326.1380 	EXP 	line4: autoDraw = True
327.1291 	INFO 	Keyboard events cleared
327.1289 	EXP 	probe: autoDraw = True
327.1451 	EXP 	fixation: autoDraw = False
327.3979 	EXP 	Device response: <KeyPress from None: t=327.3949278, value=c, duration=None>
327.3983 	EXP 	New trial (rep=31, index=3): <Trial 127 (3 in rep 31) data={'pos': -150, 'corr_resp': 'z', 'thisN': 127, 'thisTrialN': 3, 'thisRepN': 31}>
327.3999 	DATA 	Keypress: c
327.4132 	EXP 	fixation: autoDraw = False
327.4132 	EXP 	line1: autoDraw = False
327.4132 	EXP 	line2: autoDraw = False
327.4132 	EXP 	line3: autoDraw = False
327.4132 	EXP 	line4: autoDraw = False
327.4132 	EXP 	probe: autoDraw = False
327.6646 	EXP 	Device response: <KeyPress from None: t=327.3949278, value=c, duration=0.2535428999999567>
328.3976 	EXP 	fixation: autoDraw = True
328.3976 	EXP 	line1: autoDraw = True
328.3976 	EXP 	line2: autoDraw = True
328.3976 	EXP 	line3: autoDraw = True
328.3976 	EXP 	line4: autoDraw = True
329.3981 	INFO 	Keyboard events cleared
329.3979 	EXP 	fixation: autoDraw = False
329.3979 	EXP 	probe: autoDraw = True
330.8846 	DATA 	Keypress: z
330.8980 	EXP 	Device response: <KeyPress from None: t=330.88334399999985, value=z, duration=None>
330.8984 	EXP 	New trial (rep=32, index=0): <Trial 128 (0 in rep 32) data={'pos': -50, 'corr_resp': 'x', 'thisN': 128, 'thisTrialN': 0, 'thisRepN': 32}>
330.9144 	EXP 	fixation: autoDraw = False
330.9144 	EXP 	line1: autoDraw = False
330.9144 	EXP 	line2: autoDraw = False
330.9144 	EXP 	line3: autoDraw = False
330.9144 	EXP 	line4: autoDraw = False
330.9144 	EXP 	probe: autoDraw = False
331.1147 	EXP 	Device response: <KeyPress from None: t=316.2928171000003, value=z, duration=14.815203099999053>
331.8973 	EXP 	fixation: autoDraw = True
331.8973 	EXP 	line1: autoDraw = True
331.8973 	EXP 	line2: autoDraw = True
331.8973 	EXP 	line3: autoDraw = True
331.8973 	EXP 	line4: autoDraw = True
332.3314 	EXP 	Device response: <KeyPress from None: t=332.3168320999994, value=x, duration=None>
332.3332 	DATA 	Keypress: x
332.3478 	EXP 	Device response: <KeyPress from None: t=332.3354287000002, value=z, duration=None>
332.3503 	DATA 	Keypress: z
332.4987 	EXP 	Device response: <KeyPress from None: t=330.88334399999985, value=z, duration=1.6031932999994751>
332.9139 	INFO 	Keyboard events cleared
332.9137 	EXP 	fixation: autoDraw = False
332.9137 	EXP 	probe: autoDraw = True
334.4304 	EXP 	Device response: <KeyPress from None: t=334.4242114999997, value=c, duration=None>
334.4312 	EXP 	New trial (rep=32, index=1): <Trial 129 (1 in rep 32) data={'pos': 150, 'corr_resp': 'v', 'thisN': 129, 'thisTrialN': 1, 'thisRepN': 32}>
334.4325 	DATA 	Keypress: c
334.4480 	EXP 	fixation: autoDraw = False
334.4480 	EXP 	line1: autoDraw = False
334.4480 	EXP 	line2: autoDraw = False
334.4480 	EXP 	line3: autoDraw = False
334.4480 	EXP 	line4: autoDraw = False
334.4480 	EXP 	probe: autoDraw = False
334.7143 	EXP 	Device response: <KeyPress from None: t=334.4242114999997, value=c, duration=0.2826131000001624>
335.4287 	EXP 	fixation: autoDraw = True
335.4287 	EXP 	line1: autoDraw = True
335.4287 	EXP 	line2: autoDraw = True
335.4287 	EXP 	line3: autoDraw = True
335.4287 	EXP 	line4: autoDraw = True
335.9323 	EXP 	Device response: <KeyPress from None: t=335.9183159999993, value=c, duration=None>
335.9372 	DATA 	Keypress: c
336.1190 	EXP 	Device response: <KeyPress from None: t=335.9183159999993, value=c, duration=0.19295720000081928>
336.4333 	INFO 	Keyboard events cleared
336.4330 	EXP 	fixation: autoDraw = False
336.4330 	EXP 	probe: autoDraw = True
337.6705 	EXP 	Device response: <KeyPress from None: t=337.6591177999999, value=v, duration=None>
337.6709 	EXP 	New trial (rep=32, index=2): <Trial 130 (2 in rep 32) data={'pos': 50, 'corr_resp': 'c', 'thisN': 130, 'thisTrialN': 2, 'thisRepN': 32}>
337.6723 	DATA 	Keypress: v
337.6837 	EXP 	fixation: autoDraw = False
337.6837 	EXP 	line1: autoDraw = False
337.6837 	EXP 	line2: autoDraw = False
337.6837 	EXP 	line3: autoDraw = False
337.6837 	EXP 	line4: autoDraw = False
337.6837 	EXP 	probe: autoDraw = False
337.9064 	EXP 	Device response: <KeyPress from None: t=337.6591177999999, value=v, duration=0.23132799999984854>
338.6792 	EXP 	fixation: autoDraw = True
338.6792 	EXP 	line1: autoDraw = True
338.6792 	EXP 	line2: autoDraw = True
338.6792 	EXP 	line3: autoDraw = True
338.6792 	EXP 	line4: autoDraw = True
339.3969 	EXP 	Device response: <KeyPress from None: t=339.3847547000005, value=v, duration=None>
339.3982 	DATA 	Keypress: v
339.4661 	EXP 	Device response: <KeyPress from None: t=332.3168320999994, value=x, duration=7.135876400001507>
339.6129 	EXP 	Device response: <KeyPress from None: t=339.3847547000005, value=v, duration=0.22461879999900702>
339.6796 	INFO 	Keyboard events cleared
339.6794 	EXP 	fixation: autoDraw = False
339.6794 	EXP 	probe: autoDraw = True
340.2461 	EXP 	Device response: <KeyPress from None: t=340.24072890000025, value=v, duration=None>
340.2465 	EXP 	New trial (rep=32, index=3): <Trial 131 (3 in rep 32) data={'pos': -150, 'corr_resp': 'z', 'thisN': 131, 'thisTrialN': 3, 'thisRepN': 32}>
340.2478 	DATA 	Keypress: v
340.2624 	EXP 	fixation: autoDraw = False
340.2624 	EXP 	line1: autoDraw = False
340.2624 	EXP 	line2: autoDraw = False
340.2624 	EXP 	line3: autoDraw = False
340.2624 	EXP 	line4: autoDraw = False
340.2624 	EXP 	probe: autoDraw = False
340.4630 	EXP 	Device response: <KeyPress from None: t=340.24072890000025, value=v, duration=0.20834839999952237>
341.2476 	EXP 	fixation: autoDraw = True
341.2476 	EXP 	line1: autoDraw = True
341.2476 	EXP 	line2: autoDraw = True
341.2476 	EXP 	line3: autoDraw = True
341.2476 	EXP 	line4: autoDraw = True
341.3336 	EXP 	Device response: <KeyPress from None: t=341.3306955999997, value=v, duration=None>
341.3359 	DATA 	Keypress: v
341.5149 	EXP 	Device response: <KeyPress from None: t=341.3306955999997, value=v, duration=0.17829160000110278>
341.9160 	EXP 	Device response: <KeyPress from None: t=341.8997851000004, value=v, duration=None>
341.9177 	DATA 	Keypress: v
342.1478 	EXP 	Device response: <KeyPress from None: t=341.8997851000004, value=v, duration=0.24258089999966614>
342.2476 	INFO 	Keyboard events cleared
342.2474 	EXP 	fixation: autoDraw = False
342.2474 	EXP 	probe: autoDraw = True
342.5960 	EXP 	Device response: <KeyPress from None: t=342.59222580000096, value=v, duration=None>
342.5963 	EXP 	New trial (rep=33, index=0): <Trial 132 (0 in rep 33) data={'pos': -50, 'corr_resp': 'x', 'thisN': 132, 'thisTrialN': 0, 'thisRepN': 33}>
342.5972 	DATA 	Keypress: v
342.6148 	EXP 	fixation: autoDraw = False
342.6148 	EXP 	line1: autoDraw = False
342.6148 	EXP 	line2: autoDraw = False
342.6148 	EXP 	line3: autoDraw = False
342.6148 	EXP 	line4: autoDraw = False
342.6148 	EXP 	probe: autoDraw = False
342.7985 	EXP 	Device response: <KeyPress from None: t=342.59222580000096, value=v, duration=0.1901765999991767>
343.4493 	EXP 	Device response: <KeyPress from None: t=343.4489444999999, value=v, duration=None>
343.4501 	DATA 	Keypress: v
343.5986 	EXP 	fixation: autoDraw = True
343.5986 	EXP 	line1: autoDraw = True
343.5986 	EXP 	line2: autoDraw = True
343.5986 	EXP 	line3: autoDraw = True
343.5986 	EXP 	line4: autoDraw = True
343.7476 	EXP 	Device response: <KeyPress from None: t=343.4489444999999, value=v, duration=0.28353190000052564>
343.9995 	EXP 	Device response: <KeyPress from None: t=343.9978357, value=v, duration=None>
344.0012 	DATA 	Keypress: v
344.2151 	EXP 	Device response: <KeyPress from None: t=343.9978357, value=v, duration=0.20033549999971>
344.4667 	DATA 	Keypress: v
344.4814 	EXP 	Device response: <KeyPress from None: t=344.4656933999995, value=v, duration=None>
344.5967 	INFO 	Keyboard events cleared
344.5966 	EXP 	probe: autoDraw = True
344.6142 	EXP 	fixation: autoDraw = False
344.6984 	EXP 	Device response: <KeyPress from None: t=344.4656933999995, value=v, duration=0.2170877999997174>
345.2641 	EXP 	Device response: <KeyPress from None: t=345.2583611000009, value=v, duration=None>
345.2644 	EXP 	New trial (rep=33, index=1): <Trial 133 (1 in rep 33) data={'pos': 150, 'corr_resp': 'v', 'thisN': 133, 'thisTrialN': 1, 'thisRepN': 33}>
345.2655 	DATA 	Keypress: v
345.2785 	EXP 	fixation: autoDraw = False
345.2785 	EXP 	line1: autoDraw = False
345.2785 	EXP 	line2: autoDraw = False
345.2785 	EXP 	line3: autoDraw = False
345.2785 	EXP 	line4: autoDraw = False
345.2785 	EXP 	probe: autoDraw = False
345.4659 	EXP 	Device response: <KeyPress from None: t=345.2583611000009, value=v, duration=0.20042619999912858>
346.1666 	EXP 	Device response: <KeyPress from None: t=346.16445810000005, value=v, duration=None>
346.1677 	DATA 	Keypress: v
346.2623 	EXP 	fixation: autoDraw = True
346.2623 	EXP 	line1: autoDraw = True
346.2623 	EXP 	line2: autoDraw = True
346.2623 	EXP 	line3: autoDraw = True
346.2623 	EXP 	line4: autoDraw = True
346.4812 	EXP 	Device response: <KeyPress from None: t=346.16445810000005, value=v, duration=0.31166809999922407>
346.7143 	EXP 	Device response: <KeyPress from None: t=346.7089106000003, value=v, duration=None>
346.7166 	DATA 	Keypress: v
346.9302 	EXP 	Device response: <KeyPress from None: t=346.7089106000003, value=v, duration=0.2088808999997127>
347.1294 	EXP 	Device response: <KeyPress from None: t=347.12454419999995, value=v, duration=None>
347.1312 	DATA 	Keypress: v
347.2652 	EXP 	fixation: autoDraw = False
347.2814 	INFO 	Keyboard events cleared
347.2812 	EXP 	probe: autoDraw = True
347.4484 	EXP 	Device response: <KeyPress from None: t=347.12454419999995, value=v, duration=0.31506740000077116>
347.6151 	EXP 	Device response: <KeyPress from None: t=347.61149920000025, value=v, duration=None>
347.6156 	EXP 	New trial (rep=33, index=2): <Trial 134 (2 in rep 33) data={'pos': 50, 'corr_resp': 'c', 'thisN': 134, 'thisTrialN': 2, 'thisRepN': 33}>
347.6176 	DATA 	Keypress: v
347.6313 	EXP 	fixation: autoDraw = False
347.6313 	EXP 	line1: autoDraw = False
347.6313 	EXP 	line2: autoDraw = False
347.6313 	EXP 	line3: autoDraw = False
347.6313 	EXP 	line4: autoDraw = False
347.6313 	EXP 	probe: autoDraw = False
347.8308 	EXP 	Device response: <KeyPress from None: t=347.61149920000025, value=v, duration=0.21710329999950773>
348.6311 	EXP 	fixation: autoDraw = True
348.6311 	EXP 	line1: autoDraw = True
348.6311 	EXP 	line2: autoDraw = True
348.6311 	EXP 	line3: autoDraw = True
348.6311 	EXP 	line4: autoDraw = True
349.6182 	INFO 	Keyboard events cleared
349.6179 	EXP 	probe: autoDraw = True
349.6345 	EXP 	fixation: autoDraw = False
350.5650 	EXP 	Device response: <KeyPress from None: t=350.55895210000017, value=z, duration=None>
350.5654 	EXP 	New trial (rep=33, index=3): <Trial 135 (3 in rep 33) data={'pos': -150, 'corr_resp': 'z', 'thisN': 135, 'thisTrialN': 3, 'thisRepN': 33}>
350.5667 	DATA 	Keypress: z
350.5808 	EXP 	fixation: autoDraw = False
350.5808 	EXP 	line1: autoDraw = False
350.5808 	EXP 	line2: autoDraw = False
350.5808 	EXP 	line3: autoDraw = False
350.5808 	EXP 	line4: autoDraw = False
350.5808 	EXP 	probe: autoDraw = False
350.7481 	EXP 	Device response: <KeyPress from None: t=332.3354287000002, value=z, duration=18.409904000000097>
351.5793 	EXP 	fixation: autoDraw = True
351.5793 	EXP 	line1: autoDraw = True
351.5793 	EXP 	line2: autoDraw = True
351.5793 	EXP 	line3: autoDraw = True
351.5793 	EXP 	line4: autoDraw = True
352.1007 	DATA 	Keypress: c
352.1154 	EXP 	Device response: <KeyPress from None: t=352.0999417999992, value=c, duration=None>
352.2826 	EXP 	Device response: <KeyPress from None: t=352.0999417999992, value=c, duration=0.17852140000104555>
352.5648 	INFO 	Keyboard events cleared
352.5646 	EXP 	probe: autoDraw = True
352.5806 	EXP 	fixation: autoDraw = False
352.8718 	DATA 	Keypress: c
352.8784 	EXP 	Device response: <KeyPress from None: t=352.86735150000095, value=c, duration=None>
352.8787 	EXP 	New trial (rep=34, index=0): <Trial 136 (0 in rep 34) data={'pos': -50, 'corr_resp': 'x', 'thisN': 136, 'thisTrialN': 0, 'thisRepN': 34}>
352.8870 	EXP 	fixation: autoDraw = False
352.8870 	EXP 	line1: autoDraw = False
352.8870 	EXP 	line2: autoDraw = False
352.8870 	EXP 	line3: autoDraw = False
352.8870 	EXP 	line4: autoDraw = False
352.8870 	EXP 	probe: autoDraw = False
353.0306 	EXP 	Device response: <KeyPress from None: t=352.86735150000095, value=c, duration=0.1521995999992214>
353.8814 	EXP 	fixation: autoDraw = True
353.8814 	EXP 	line1: autoDraw = True
353.8814 	EXP 	line2: autoDraw = True
353.8814 	EXP 	line3: autoDraw = True
353.8814 	EXP 	line4: autoDraw = True
354.8807 	INFO 	Keyboard events cleared
354.8805 	EXP 	fixation: autoDraw = False
354.8805 	EXP 	probe: autoDraw = True
355.6724 	EXP 	Device response: <KeyPress from None: t=355.6674215999992, value=x, duration=None>
355.6727 	EXP 	New trial (rep=34, index=1): <Trial 137 (1 in rep 34) data={'pos': 150, 'corr_resp': 'v', 'thisN': 137, 'thisTrialN': 1, 'thisRepN': 34}>
355.6736 	DATA 	Keypress: x
355.6788 	EXP 	fixation: autoDraw = False
355.6788 	EXP 	line1: autoDraw = False
355.6788 	EXP 	line2: autoDraw = False
355.6788 	EXP 	line3: autoDraw = False
355.6788 	EXP 	line4: autoDraw = False
355.6788 	EXP 	probe: autoDraw = False
355.9167 	EXP 	Device response: <KeyPress from None: t=355.6674215999992, value=x, duration=0.24893670000165002>
356.6799 	EXP 	fixation: autoDraw = True
356.6799 	EXP 	line1: autoDraw = True
356.6799 	EXP 	line2: autoDraw = True
356.6799 	EXP 	line3: autoDraw = True
356.6799 	EXP 	line4: autoDraw = True
357.6790 	INFO 	Keyboard events cleared
357.6788 	EXP 	probe: autoDraw = True
357.6965 	EXP 	fixation: autoDraw = False
358.0806 	EXP 	Device response: <KeyPress from None: t=358.0746772000002, value=v, duration=None>
358.0808 	EXP 	New trial (rep=34, index=2): <Trial 138 (2 in rep 34) data={'pos': 50, 'corr_resp': 'c', 'thisN': 138, 'thisTrialN': 2, 'thisRepN': 34}>
358.0817 	DATA 	Keypress: v
358.0858 	EXP 	fixation: autoDraw = False
358.0858 	EXP 	line1: autoDraw = False
358.0858 	EXP 	line2: autoDraw = False
358.0858 	EXP 	line3: autoDraw = False
358.0858 	EXP 	line4: autoDraw = False
358.0858 	EXP 	probe: autoDraw = False
358.2740 	EXP 	Device response: <KeyPress from None: t=358.0746772000002, value=v, duration=0.18393499999911>
359.0857 	EXP 	fixation: autoDraw = True
359.0857 	EXP 	line1: autoDraw = True
359.0857 	EXP 	line2: autoDraw = True
359.0857 	EXP 	line3: autoDraw = True
359.0857 	EXP 	line4: autoDraw = True
360.0948 	INFO 	Keyboard events cleared
360.0946 	EXP 	fixation: autoDraw = False
360.0946 	EXP 	probe: autoDraw = True
360.3811 	EXP 	Device response: <KeyPress from None: t=360.37561040000037, value=c, duration=None>
360.3815 	EXP 	New trial (rep=34, index=3): <Trial 139 (3 in rep 34) data={'pos': -150, 'corr_resp': 'z', 'thisN': 139, 'thisTrialN': 3, 'thisRepN': 34}>
360.3828 	DATA 	Keypress: c
360.3966 	EXP 	fixation: autoDraw = False
360.3966 	EXP 	line1: autoDraw = False
360.3966 	EXP 	line2: autoDraw = False
360.3966 	EXP 	line3: autoDraw = False
360.3966 	EXP 	line4: autoDraw = False
360.3966 	EXP 	probe: autoDraw = False
360.5646 	EXP 	Device response: <KeyPress from None: t=360.37561040000037, value=c, duration=0.18831139999929292>
361.3977 	EXP 	fixation: autoDraw = True
361.3977 	EXP 	line1: autoDraw = True
361.3977 	EXP 	line2: autoDraw = True
361.3977 	EXP 	line3: autoDraw = True
361.3977 	EXP 	line4: autoDraw = True
362.3811 	INFO 	Keyboard events cleared
362.3805 	EXP 	probe: autoDraw = True
362.3972 	EXP 	fixation: autoDraw = False
362.6996 	EXP 	Device response: <KeyPress from None: t=362.6983622000007, value=z, duration=None>
362.7000 	EXP 	New trial (rep=35, index=0): <Trial 140 (0 in rep 35) data={'pos': -50, 'corr_resp': 'x', 'thisN': 140, 'thisTrialN': 0, 'thisRepN': 35}>
362.7012 	DATA 	Keypress: z
362.7140 	EXP 	fixation: autoDraw = False
362.7140 	EXP 	line1: autoDraw = False
362.7140 	EXP 	line2: autoDraw = False
362.7140 	EXP 	line3: autoDraw = False
362.7140 	EXP 	line4: autoDraw = False
362.7140 	EXP 	probe: autoDraw = False
363.0130 	EXP 	Device response: <KeyPress from None: t=350.55895210000017, value=z, duration=12.449053899999853>
363.7142 	EXP 	fixation: autoDraw = True
363.7142 	EXP 	line1: autoDraw = True
363.7142 	EXP 	line2: autoDraw = True
363.7142 	EXP 	line3: autoDraw = True
363.7142 	EXP 	line4: autoDraw = True
364.1479 	EXP 	Device response: <KeyPress from None: t=364.1357661000002, value=x, duration=None>
364.1496 	DATA 	Keypress: x
364.3497 	EXP 	Device response: <KeyPress from None: t=364.1357661000002, value=x, duration=0.19972090000010212>
364.7137 	INFO 	Keyboard events cleared
364.7135 	EXP 	fixation: autoDraw = False
364.7135 	EXP 	probe: autoDraw = True
364.7652 	EXP 	Device response: <KeyPress from None: t=364.7614176999996, value=x, duration=None>
364.7656 	EXP 	New trial (rep=35, index=1): <Trial 141 (1 in rep 35) data={'pos': 150, 'corr_resp': 'v', 'thisN': 141, 'thisTrialN': 1, 'thisRepN': 35}>
364.7670 	DATA 	Keypress: x
364.7805 	EXP 	fixation: autoDraw = False
364.7805 	EXP 	line1: autoDraw = False
364.7805 	EXP 	line2: autoDraw = False
364.7805 	EXP 	line3: autoDraw = False
364.7805 	EXP 	line4: autoDraw = False
364.7805 	EXP 	probe: autoDraw = False
364.9642 	EXP 	Device response: <KeyPress from None: t=364.7614176999996, value=x, duration=0.20038770000064687>
365.7805 	EXP 	fixation: autoDraw = True
365.7805 	EXP 	line1: autoDraw = True
365.7805 	EXP 	line2: autoDraw = True
365.7805 	EXP 	line3: autoDraw = True
365.7805 	EXP 	line4: autoDraw = True
366.6520 	DATA 	Keypress: v
366.6665 	EXP 	Device response: <KeyPress from None: t=366.6510570999999, value=v, duration=None>
366.7633 	INFO 	Keyboard events cleared
366.7630 	EXP 	probe: autoDraw = True
366.7825 	EXP 	fixation: autoDraw = False
366.7833 	EXP 	Device response: <KeyPress from None: t=366.6510570999999, value=v, duration=0.12274090000028082>
367.1026 	EXP 	Device response: <KeyPress from None: t=367.09629270000005, value=v, duration=None>
367.1035 	EXP 	New trial (rep=35, index=2): <Trial 142 (2 in rep 35) data={'pos': 50, 'corr_resp': 'c', 'thisN': 142, 'thisTrialN': 2, 'thisRepN': 35}>
367.1064 	DATA 	Keypress: v
367.1174 	EXP 	fixation: autoDraw = False
367.1174 	EXP 	line1: autoDraw = False
367.1174 	EXP 	line2: autoDraw = False
367.1174 	EXP 	line3: autoDraw = False
367.1174 	EXP 	line4: autoDraw = False
367.1174 	EXP 	probe: autoDraw = False
367.2482 	EXP 	Device response: <KeyPress from None: t=367.09629270000005, value=v, duration=0.14915739999923971>
368.1145 	EXP 	fixation: autoDraw = True
368.1145 	EXP 	line1: autoDraw = True
368.1145 	EXP 	line2: autoDraw = True
368.1145 	EXP 	line3: autoDraw = True
368.1145 	EXP 	line4: autoDraw = True
369.0461 	DATA 	Keypress: c
369.0538 	EXP 	Device response: <KeyPress from None: t=369.0448367000008, value=c, duration=None>
369.0951 	INFO 	Keyboard events cleared
369.0950 	EXP 	probe: autoDraw = True
369.1108 	EXP 	fixation: autoDraw = False
369.2398 	EXP 	Device response: <KeyPress from None: t=369.0448367000008, value=c, duration=0.192114199999196>
369.6044 	EXP 	Device response: <KeyPress from None: t=369.60199190000094, value=c, duration=None>
369.6048 	EXP 	New trial (rep=35, index=3): <Trial 143 (3 in rep 35) data={'pos': -150, 'corr_resp': 'z', 'thisN': 143, 'thisTrialN': 3, 'thisRepN': 35}>
369.6060 	DATA 	Keypress: c
369.6197 	EXP 	fixation: autoDraw = False
369.6197 	EXP 	line1: autoDraw = False
369.6197 	EXP 	line2: autoDraw = False
369.6197 	EXP 	line3: autoDraw = False
369.6197 	EXP 	line4: autoDraw = False
369.6197 	EXP 	probe: autoDraw = False
369.7561 	EXP 	Device response: <KeyPress from None: t=369.60199190000094, value=c, duration=0.14162779999969644>
370.6052 	EXP 	fixation: autoDraw = True
370.6052 	EXP 	line1: autoDraw = True
370.6052 	EXP 	line2: autoDraw = True
370.6052 	EXP 	line3: autoDraw = True
370.6052 	EXP 	line4: autoDraw = True
371.1894 	EXP 	Device response: <KeyPress from None: t=371.17569879999974, value=z, duration=None>
371.1916 	DATA 	Keypress: z
371.4064 	EXP 	Device response: <KeyPress from None: t=362.6983622000007, value=z, duration=8.695775799998955>
371.6067 	INFO 	Keyboard events cleared
371.6065 	EXP 	fixation: autoDraw = False
371.6065 	EXP 	probe: autoDraw = True
371.6729 	EXP 	Device response: <KeyPress from None: t=371.6582077999992, value=z, duration=None>
371.6733 	EXP 	New trial (rep=36, index=0): <Trial 144 (0 in rep 36) data={'pos': -50, 'corr_resp': 'x', 'thisN': 144, 'thisTrialN': 0, 'thisRepN': 36}>
371.6743 	DATA 	Keypress: z
371.6887 	EXP 	fixation: autoDraw = False
371.6887 	EXP 	line1: autoDraw = False
371.6887 	EXP 	line2: autoDraw = False
371.6887 	EXP 	line3: autoDraw = False
371.6887 	EXP 	line4: autoDraw = False
371.6887 	EXP 	probe: autoDraw = False
371.8572 	EXP 	Device response: <KeyPress from None: t=371.17569879999974, value=z, duration=0.6695237000003544>
372.6896 	EXP 	fixation: autoDraw = True
372.6896 	EXP 	line1: autoDraw = True
372.6896 	EXP 	line2: autoDraw = True
372.6896 	EXP 	line3: autoDraw = True
372.6896 	EXP 	line4: autoDraw = True
373.3041 	EXP 	Device response: <KeyPress from None: t=373.30102140000054, value=x, duration=None>
373.3052 	DATA 	Keypress: x
373.4732 	EXP 	Device response: <KeyPress from None: t=373.30102140000054, value=x, duration=0.1566251000003831>
373.6732 	INFO 	Keyboard events cleared
373.6730 	EXP 	probe: autoDraw = True
373.6888 	EXP 	fixation: autoDraw = False
373.7895 	EXP 	Device response: <KeyPress from None: t=373.77589459999945, value=x, duration=None>
373.7899 	EXP 	New trial (rep=36, index=1): <Trial 145 (1 in rep 36) data={'pos': 150, 'corr_resp': 'v', 'thisN': 145, 'thisTrialN': 1, 'thisRepN': 36}>
373.7913 	DATA 	Keypress: x
373.8051 	EXP 	fixation: autoDraw = False
373.8051 	EXP 	line1: autoDraw = False
373.8051 	EXP 	line2: autoDraw = False
373.8051 	EXP 	line3: autoDraw = False
373.8051 	EXP 	line4: autoDraw = False
373.8051 	EXP 	probe: autoDraw = False
373.9245 	EXP 	Device response: <KeyPress from None: t=373.77589459999945, value=x, duration=0.14637810000022>
374.1400 	EXP 	Device response: <KeyPress from None: t=374.1363562000006, value=x, duration=None>
374.1409 	DATA 	Keypress: x
374.3061 	EXP 	Device response: <KeyPress from None: t=374.1363562000006, value=x, duration=0.1654326999996556>
374.8051 	EXP 	fixation: autoDraw = True
374.8051 	EXP 	line1: autoDraw = True
374.8051 	EXP 	line2: autoDraw = True
374.8051 	EXP 	line3: autoDraw = True
374.8051 	EXP 	line4: autoDraw = True
374.8398 	EXP 	Device response: <KeyPress from None: t=374.83633589999954, value=x, duration=None>
374.8416 	DATA 	Keypress: x
375.0221 	EXP 	Device response: <KeyPress from None: t=374.83633589999954, value=x, duration=0.18070820000139065>
375.8053 	INFO 	Keyboard events cleared
375.8051 	EXP 	fixation: autoDraw = False
375.8051 	EXP 	probe: autoDraw = True
376.0294 	EXP 	Device response: <KeyPress from None: t=376.0263864999997, value=v, duration=None>
376.0298 	EXP 	New trial (rep=36, index=2): <Trial 146 (2 in rep 36) data={'pos': 50, 'corr_resp': 'c', 'thisN': 146, 'thisTrialN': 2, 'thisRepN': 36}>
376.0308 	DATA 	Keypress: v
376.0382 	EXP 	fixation: autoDraw = False
376.0382 	EXP 	line1: autoDraw = False
376.0382 	EXP 	line2: autoDraw = False
376.0382 	EXP 	line3: autoDraw = False
376.0382 	EXP 	line4: autoDraw = False
376.0382 	EXP 	probe: autoDraw = False
376.2149 	EXP 	Device response: <KeyPress from None: t=376.0263864999997, value=v, duration=0.17618600000059814>
376.4982 	EXP 	Device response: <KeyPress from None: t=376.4898181999997, value=v, duration=None>
376.4991 	DATA 	Keypress: v
376.6489 	EXP 	Device response: <KeyPress from None: t=376.4898181999997, value=v, duration=0.146141200000784>
377.0302 	EXP 	fixation: autoDraw = True
377.0302 	EXP 	line1: autoDraw = True
377.0302 	EXP 	line2: autoDraw = True
377.0302 	EXP 	line3: autoDraw = True
377.0302 	EXP 	line4: autoDraw = True
377.4623 	EXP 	Device response: <KeyPress from None: t=377.4553629000002, value=v, duration=None>
377.4633 	DATA 	Keypress: v
377.6202 	EXP 	Device response: <KeyPress from None: t=377.4553629000002, value=v, duration=0.15336919999936072>
377.9706 	EXP 	Device response: <KeyPress from None: t=377.9682350999992, value=v, duration=None>
377.9724 	DATA 	Keypress: v
378.0369 	INFO 	Keyboard events cleared
378.0367 	EXP 	fixation: autoDraw = False
378.0367 	EXP 	probe: autoDraw = True
378.1541 	EXP 	Device response: <KeyPress from None: t=377.9682350999992, value=v, duration=0.17153850000067905>
378.4897 	EXP 	Device response: <KeyPress from None: t=378.4841187000002, value=v, duration=None>
378.4904 	EXP 	New trial (rep=36, index=3): <Trial 147 (3 in rep 36) data={'pos': -150, 'corr_resp': 'z', 'thisN': 147, 'thisTrialN': 3, 'thisRepN': 36}>
378.4920 	DATA 	Keypress: v
378.5056 	EXP 	fixation: autoDraw = False
378.5056 	EXP 	line1: autoDraw = False
378.5056 	EXP 	line2: autoDraw = False
378.5056 	EXP 	line3: autoDraw = False
378.5056 	EXP 	line4: autoDraw = False
378.5056 	EXP 	probe: autoDraw = False
378.6889 	EXP 	Device response: <KeyPress from None: t=378.4841187000002, value=v, duration=0.1992272999996203>
379.1396 	EXP 	Device response: <KeyPress from None: t=379.13369410000087, value=v, duration=None>
379.1404 	DATA 	Keypress: v
379.3227 	EXP 	Device response: <KeyPress from None: t=379.13369410000087, value=v, duration=0.17839209999874583>
379.5051 	EXP 	fixation: autoDraw = True
379.5051 	EXP 	line1: autoDraw = True
379.5051 	EXP 	line2: autoDraw = True
379.5051 	EXP 	line3: autoDraw = True
379.5051 	EXP 	line4: autoDraw = True
380.0359 	EXP 	Device response: <KeyPress from None: t=380.03557720000026, value=v, duration=None>
380.0391 	DATA 	Keypress: v
380.2195 	EXP 	Device response: <KeyPress from None: t=380.03557720000026, value=v, duration=0.17190819999996165>
380.5058 	INFO 	Keyboard events cleared
380.5056 	EXP 	fixation: autoDraw = False
380.5056 	EXP 	probe: autoDraw = True
380.5894 	EXP 	Device response: <KeyPress from None: t=380.5783277999999, value=v, duration=None>
380.5898 	EXP 	New trial (rep=37, index=0): <Trial 148 (0 in rep 37) data={'pos': -50, 'corr_resp': 'x', 'thisN': 148, 'thisTrialN': 0, 'thisRepN': 37}>
380.5911 	DATA 	Keypress: v
380.6053 	EXP 	fixation: autoDraw = False
380.6053 	EXP 	line1: autoDraw = False
380.6053 	EXP 	line2: autoDraw = False
380.6053 	EXP 	line3: autoDraw = False
380.6053 	EXP 	line4: autoDraw = False
380.6053 	EXP 	probe: autoDraw = False
380.7738 	EXP 	Device response: <KeyPress from None: t=380.5783277999999, value=v, duration=0.19506949999959033>
381.2227 	EXP 	Device response: <KeyPress from None: t=381.21156279999923, value=v, duration=None>
381.2235 	DATA 	Keypress: v
381.4048 	EXP 	Device response: <KeyPress from None: t=381.21156279999923, value=v, duration=0.18844830000125512>
381.5881 	EXP 	fixation: autoDraw = True
381.5881 	EXP 	line1: autoDraw = True
381.5881 	EXP 	line2: autoDraw = True
381.5881 	EXP 	line3: autoDraw = True
381.5881 	EXP 	line4: autoDraw = True
381.8890 	EXP 	Device response: <KeyPress from None: t=381.8836408999996, value=v, duration=None>
381.8911 	DATA 	Keypress: v
382.1059 	EXP 	Device response: <KeyPress from None: t=381.8836408999996, value=v, duration=0.20812130000012985>
382.5888 	INFO 	Keyboard events cleared
382.5886 	EXP 	fixation: autoDraw = False
382.5886 	EXP 	probe: autoDraw = True
382.6794 	EXP 	Device response: <KeyPress from None: t=382.6754607999992, value=v, duration=None>
382.6797 	EXP 	New trial (rep=37, index=1): <Trial 149 (1 in rep 37) data={'pos': 150, 'corr_resp': 'v', 'thisN': 149, 'thisTrialN': 1, 'thisRepN': 37}>
382.6806 	DATA 	Keypress: v
382.6876 	EXP 	fixation: autoDraw = False
382.6876 	EXP 	line1: autoDraw = False
382.6876 	EXP 	line2: autoDraw = False
382.6876 	EXP 	line3: autoDraw = False
382.6876 	EXP 	line4: autoDraw = False
382.6876 	EXP 	probe: autoDraw = False
382.8890 	EXP 	Device response: <KeyPress from None: t=382.6754607999992, value=v, duration=0.20851190000030329>
383.1735 	EXP 	Device response: <KeyPress from None: t=383.1645427000003, value=v, duration=None>
383.1745 	DATA 	Keypress: v
383.3719 	EXP 	Device response: <KeyPress from None: t=383.1645427000003, value=v, duration=0.2010950000003504>
383.6745 	EXP 	Device response: <KeyPress from None: t=383.6720679000009, value=v, duration=None>
383.6766 	DATA 	Keypress: v
383.6891 	EXP 	fixation: autoDraw = True
383.6891 	EXP 	line1: autoDraw = True
383.6891 	EXP 	line2: autoDraw = True
383.6891 	EXP 	line3: autoDraw = True
383.6891 	EXP 	line4: autoDraw = True
383.8368 	EXP 	Device response: <KeyPress from None: t=383.6720679000009, value=v, duration=0.16451339999912307>
384.1392 	EXP 	Device response: <KeyPress from None: t=384.1335792000009, value=v, duration=None>
384.1408 	DATA 	Keypress: v
384.3538 	EXP 	Device response: <KeyPress from None: t=384.1335792000009, value=v, duration=0.20488419999855978>
384.6042 	EXP 	Device response: <KeyPress from None: t=384.5969734999999, value=v, duration=None>
384.6058 	DATA 	Keypress: v
384.6864 	INFO 	Keyboard events cleared
384.6863 	EXP 	probe: autoDraw = True
384.7034 	EXP 	fixation: autoDraw = False
384.8202 	EXP 	Device response: <KeyPress from None: t=384.5969734999999, value=v, duration=0.21128239999961806>
385.0564 	EXP 	Device response: <KeyPress from None: t=385.05350720000024, value=v, duration=None>
385.0569 	EXP 	New trial (rep=37, index=2): <Trial 150 (2 in rep 37) data={'pos': 50, 'corr_resp': 'c', 'thisN': 150, 'thisTrialN': 2, 'thisRepN': 37}>
385.0583 	DATA 	Keypress: v
385.0719 	EXP 	fixation: autoDraw = False
385.0719 	EXP 	line1: autoDraw = False
385.0719 	EXP 	line2: autoDraw = False
385.0719 	EXP 	line3: autoDraw = False
385.0719 	EXP 	line4: autoDraw = False
385.0719 	EXP 	probe: autoDraw = False
385.2397 	EXP 	Device response: <KeyPress from None: t=385.05350720000024, value=v, duration=0.16945579999992333>
385.4727 	EXP 	Device response: <KeyPress from None: t=385.4618702000007, value=v, duration=None>
385.4737 	DATA 	Keypress: v
385.6562 	EXP 	Device response: <KeyPress from None: t=385.4618702000007, value=v, duration=0.1909163999989687>
385.8561 	EXP 	Device response: <KeyPress from None: t=385.8457531999993, value=v, duration=None>
385.8570 	DATA 	Keypress: v
386.0231 	EXP 	Device response: <KeyPress from None: t=385.8457531999993, value=v, duration=0.16975520000050892>
386.0716 	EXP 	fixation: autoDraw = True
386.0716 	EXP 	line1: autoDraw = True
386.0716 	EXP 	line2: autoDraw = True
386.0716 	EXP 	line3: autoDraw = True
386.0716 	EXP 	line4: autoDraw = True
386.2066 	EXP 	Device response: <KeyPress from None: t=386.19052510000074, value=v, duration=None>
386.2083 	DATA 	Keypress: v
386.4068 	EXP 	Device response: <KeyPress from None: t=386.19052510000074, value=v, duration=0.20023369999944407>
386.5747 	DATA 	Keypress: v
386.5890 	EXP 	Device response: <KeyPress from None: t=386.5728116999999, value=v, duration=None>
386.7703 	EXP 	Device response: <KeyPress from None: t=386.5728116999999, value=v, duration=0.19381930000054126>
386.9872 	EXP 	Device response: <KeyPress from None: t=386.9782759999998, value=v, duration=None>
386.9886 	DATA 	Keypress: v
387.0724 	INFO 	Keyboard events cleared
387.0722 	EXP 	fixation: autoDraw = False
387.0722 	EXP 	probe: autoDraw = True
387.1721 	EXP 	Device response: <KeyPress from None: t=386.9782759999998, value=v, duration=0.18774699999994482>
387.4065 	EXP 	Device response: <KeyPress from None: t=387.4061562000006, value=v, duration=None>
387.4069 	EXP 	New trial (rep=37, index=3): <Trial 151 (3 in rep 37) data={'pos': -150, 'corr_resp': 'z', 'thisN': 151, 'thisTrialN': 3, 'thisRepN': 37}>
387.4081 	DATA 	Keypress: v
387.4224 	EXP 	fixation: autoDraw = False
387.4224 	EXP 	line1: autoDraw = False
387.4224 	EXP 	line2: autoDraw = False
387.4224 	EXP 	line3: autoDraw = False
387.4224 	EXP 	line4: autoDraw = False
387.4224 	EXP 	probe: autoDraw = False
387.6064 	EXP 	Device response: <KeyPress from None: t=387.4061562000006, value=v, duration=0.19511769999917306>
387.8234 	EXP 	Device response: <KeyPress from None: t=387.8158031999992, value=v, duration=None>
387.8244 	DATA 	Keypress: v
387.9719 	EXP 	Device response: <KeyPress from None: t=387.8158031999992, value=v, duration=0.1500701000004483>
388.1896 	EXP 	Device response: <KeyPress from None: t=388.1740293999992, value=v, duration=None>
388.1906 	DATA 	Keypress: v
388.4219 	EXP 	fixation: autoDraw = True
388.4219 	EXP 	line1: autoDraw = True
388.4219 	EXP 	line2: autoDraw = True
388.4219 	EXP 	line3: autoDraw = True
388.4219 	EXP 	line4: autoDraw = True
388.4230 	EXP 	Device response: <KeyPress from None: t=388.1740293999992, value=v, duration=0.23909660000026633>
388.6555 	EXP 	Device response: <KeyPress from None: t=388.65024900000026, value=v, duration=None>
388.6572 	DATA 	Keypress: v
388.8558 	EXP 	Device response: <KeyPress from None: t=388.65024900000026, value=v, duration=0.1900167000003421>
389.4046 	INFO 	Keyboard events cleared
389.4044 	EXP 	probe: autoDraw = True
389.4135 	EXP 	fixation: autoDraw = False
389.6361 	EXP 	Device response: <KeyPress from None: t=389.6355316999998, value=v, duration=None>
389.6365 	EXP 	New trial (rep=38, index=0): <Trial 152 (0 in rep 38) data={'pos': -50, 'corr_resp': 'x', 'thisN': 152, 'thisTrialN': 0, 'thisRepN': 38}>
389.6376 	DATA 	Keypress: v
389.6443 	EXP 	fixation: autoDraw = False
389.6443 	EXP 	line1: autoDraw = False
389.6443 	EXP 	line2: autoDraw = False
389.6443 	EXP 	line3: autoDraw = False
389.6443 	EXP 	line4: autoDraw = False
389.6443 	EXP 	probe: autoDraw = False
389.8622 	EXP 	Device response: <KeyPress from None: t=389.6355316999998, value=v, duration=0.21451560000059544>
390.0822 	DATA 	Keypress: v
390.0981 	EXP 	Device response: <KeyPress from None: t=390.08155070000066, value=v, duration=None>
390.1814 	EXP 	Device response: <KeyPress from None: t=390.17863229999966, value=z, duration=None>
390.1826 	DATA 	Keypress: z
390.3153 	EXP 	Device response: <KeyPress from None: t=371.6582077999992, value=z, duration=18.64426050000111>
390.6469 	EXP 	fixation: autoDraw = True
390.6469 	EXP 	line1: autoDraw = True
390.6469 	EXP 	line2: autoDraw = True
390.6469 	EXP 	line3: autoDraw = True
390.6469 	EXP 	line4: autoDraw = True
391.6470 	INFO 	Keyboard events cleared
391.6468 	EXP 	fixation: autoDraw = False
391.6468 	EXP 	probe: autoDraw = True
391.8474 	EXP 	Device response: <KeyPress from None: t=390.08155070000066, value=v, duration=1.7564079999992828>
392.2811 	EXP 	Device response: <KeyPress from None: t=392.27519700000084, value=v, duration=None>
392.2815 	EXP 	New trial (rep=38, index=1): <Trial 153 (1 in rep 38) data={'pos': 150, 'corr_resp': 'v', 'thisN': 153, 'thisTrialN': 1, 'thisRepN': 38}>
392.2827 	DATA 	Keypress: v
392.2972 	EXP 	fixation: autoDraw = False
392.2972 	EXP 	line1: autoDraw = False
392.2972 	EXP 	line2: autoDraw = False
392.2972 	EXP 	line3: autoDraw = False
392.2972 	EXP 	line4: autoDraw = False
392.2972 	EXP 	probe: autoDraw = False
392.3145 	EXP 	Device response: <KeyPress from None: t=392.3068449000002, value=z, duration=None>
392.3155 	DATA 	Keypress: z
392.4816 	EXP 	Device response: <KeyPress from None: t=390.17863229999966, value=z, duration=2.2927756999997655>
392.5649 	EXP 	Device response: <KeyPress from None: t=392.27519700000084, value=v, duration=0.2893064999989292>
392.6148 	EXP 	Device response: <KeyPress from None: t=392.6088328000005, value=v, duration=None>
392.6157 	DATA 	Keypress: v
393.1162 	EXP 	Device response: <KeyPress from None: t=393.1134746000007, value=z, duration=None>
393.1172 	DATA 	Keypress: z
393.2649 	EXP 	Device response: <KeyPress from None: t=392.3068449000002, value=z, duration=0.9555474999997386>
393.2801 	EXP 	fixation: autoDraw = True
393.2801 	EXP 	line1: autoDraw = True
393.2801 	EXP 	line2: autoDraw = True
393.2801 	EXP 	line3: autoDraw = True
393.2801 	EXP 	line4: autoDraw = True
394.2815 	EXP 	fixation: autoDraw = False
394.2980 	INFO 	Keyboard events cleared
394.2977 	EXP 	probe: autoDraw = True
394.6648 	EXP 	Device response: <KeyPress from None: t=392.6088328000005, value=v, duration=2.046104999999443>
394.6976 	EXP 	Device response: <KeyPress from None: t=394.6921333999999, value=v, duration=None>
394.6981 	EXP 	New trial (rep=38, index=2): <Trial 154 (2 in rep 38) data={'pos': 50, 'corr_resp': 'c', 'thisN': 154, 'thisTrialN': 2, 'thisRepN': 38}>
394.6993 	DATA 	Keypress: v
394.7136 	EXP 	fixation: autoDraw = False
394.7136 	EXP 	line1: autoDraw = False
394.7136 	EXP 	line2: autoDraw = False
394.7136 	EXP 	line3: autoDraw = False
394.7136 	EXP 	line4: autoDraw = False
394.7136 	EXP 	probe: autoDraw = False
395.2279 	EXP 	Device response: <KeyPress from None: t=394.6921333999999, value=v, duration=0.5283629999994446>
395.7137 	EXP 	fixation: autoDraw = True
395.7137 	EXP 	line1: autoDraw = True
395.7137 	EXP 	line2: autoDraw = True
395.7137 	EXP 	line3: autoDraw = True
395.7137 	EXP 	line4: autoDraw = True
396.6967 	INFO 	Keyboard events cleared
396.6965 	EXP 	probe: autoDraw = True
396.7126 	EXP 	fixation: autoDraw = False
397.6134 	EXP 	Device response: <KeyPress from None: t=397.5984597000006, value=c, duration=None>
397.6139 	EXP 	New trial (rep=38, index=3): <Trial 155 (3 in rep 38) data={'pos': -150, 'corr_resp': 'z', 'thisN': 155, 'thisTrialN': 3, 'thisRepN': 38}>
397.6154 	DATA 	Keypress: c
397.6297 	EXP 	fixation: autoDraw = False
397.6297 	EXP 	line1: autoDraw = False
397.6297 	EXP 	line2: autoDraw = False
397.6297 	EXP 	line3: autoDraw = False
397.6297 	EXP 	line4: autoDraw = False
397.6297 	EXP 	probe: autoDraw = False
397.6461 	EXP 	Device response: <KeyPress from None: t=397.64582169999994, value=x, duration=None>
397.6467 	DATA 	Keypress: x
397.7456 	EXP 	Device response: <KeyPress from None: t=397.5984597000006, value=c, duration=0.14275420000012673>
397.8138 	EXP 	Device response: <KeyPress from None: t=397.64582169999994, value=x, duration=0.1613627999995515>
398.6133 	EXP 	fixation: autoDraw = True
398.6133 	EXP 	line1: autoDraw = True
398.6133 	EXP 	line2: autoDraw = True
398.6133 	EXP 	line3: autoDraw = True
398.6133 	EXP 	line4: autoDraw = True
398.6501 	EXP 	Device response: <KeyPress from None: t=398.64750769999955, value=c, duration=None>
398.6524 	DATA 	Keypress: c
398.8308 	EXP 	Device response: <KeyPress from None: t=398.64750769999955, value=c, duration=0.16847500000039872>
399.1806 	EXP 	Device response: <KeyPress from None: t=399.16915040000094, value=c, duration=None>
399.1825 	DATA 	Keypress: c
399.3643 	EXP 	Device response: <KeyPress from None: t=399.16915040000094, value=c, duration=0.186357799999314>
399.6140 	INFO 	Keyboard events cleared
399.6138 	EXP 	fixation: autoDraw = False
399.6138 	EXP 	probe: autoDraw = True
399.7471 	EXP 	Device response: <KeyPress from None: t=399.7325013000009, value=c, duration=None>
399.7475 	EXP 	New trial (rep=39, index=0): <Trial 156 (0 in rep 39) data={'pos': -50, 'corr_resp': 'x', 'thisN': 156, 'thisTrialN': 0, 'thisRepN': 39}>
399.7492 	DATA 	Keypress: c
399.7617 	EXP 	fixation: autoDraw = False
399.7617 	EXP 	line1: autoDraw = False
399.7617 	EXP 	line2: autoDraw = False
399.7617 	EXP 	line3: autoDraw = False
399.7617 	EXP 	line4: autoDraw = False
399.7617 	EXP 	probe: autoDraw = False
399.9313 	EXP 	Device response: <KeyPress from None: t=399.7325013000009, value=c, duration=0.197595799998453>
400.3288 	EXP 	Device response: <KeyPress from None: t=400.3170420000006, value=c, duration=None>
400.3296 	DATA 	Keypress: c
400.4955 	EXP 	Device response: <KeyPress from None: t=400.3170420000006, value=c, duration=0.16944820000026084>
400.7467 	EXP 	fixation: autoDraw = True
400.7467 	EXP 	line1: autoDraw = True
400.7467 	EXP 	line2: autoDraw = True
400.7467 	EXP 	line3: autoDraw = True
400.7467 	EXP 	line4: autoDraw = True
400.7647 	EXP 	Device response: <KeyPress from None: t=400.7548133, value=c, duration=None>
400.7663 	DATA 	Keypress: c
400.9141 	EXP 	Device response: <KeyPress from None: t=400.7548133, value=c, duration=0.14797550000002957>
401.1144 	EXP 	Device response: <KeyPress from None: t=401.10191490000034, value=c, duration=None>
401.1160 	DATA 	Keypress: c
401.2312 	EXP 	Device response: <KeyPress from None: t=401.2257601000001, value=v, duration=None>
401.2331 	DATA 	Keypress: v
401.2813 	EXP 	Device response: <KeyPress from None: t=401.10191490000034, value=c, duration=0.17833129999962694>
401.7469 	INFO 	Keyboard events cleared
401.7467 	EXP 	fixation: autoDraw = False
401.7467 	EXP 	probe: autoDraw = True
401.9641 	EXP 	Device response: <KeyPress from None: t=401.2257601000001, value=v, duration=0.7228909999994357>
402.2620 	EXP 	Device response: <KeyPress from None: t=402.2550038999998, value=v, duration=None>
402.2623 	EXP 	New trial (rep=39, index=1): <Trial 157 (1 in rep 39) data={'pos': 150, 'corr_resp': 'v', 'thisN': 157, 'thisTrialN': 1, 'thisRepN': 39}>
402.2633 	DATA 	Keypress: v
402.2782 	EXP 	fixation: autoDraw = False
402.2782 	EXP 	line1: autoDraw = False
402.2782 	EXP 	line2: autoDraw = False
402.2782 	EXP 	line3: autoDraw = False
402.2782 	EXP 	line4: autoDraw = False
402.2782 	EXP 	probe: autoDraw = False
402.5309 	EXP 	Device response: <KeyPress from None: t=402.2550038999998, value=v, duration=0.26196209999943676>
402.9145 	EXP 	Device response: <KeyPress from None: t=402.91095900000073, value=v, duration=None>
402.9154 	DATA 	Keypress: v
403.1141 	EXP 	Device response: <KeyPress from None: t=402.91095900000073, value=v, duration=0.1972712999995565>
403.2630 	EXP 	fixation: autoDraw = True
403.2630 	EXP 	line1: autoDraw = True
403.2630 	EXP 	line2: autoDraw = True
403.2630 	EXP 	line3: autoDraw = True
403.2630 	EXP 	line4: autoDraw = True
403.3806 	EXP 	Device response: <KeyPress from None: t=403.3752776000001, value=c, duration=None>
403.3827 	DATA 	Keypress: c
403.5813 	EXP 	Device response: <KeyPress from None: t=403.3752776000001, value=c, duration=0.20070309999937308>
403.8979 	EXP 	Device response: <KeyPress from None: t=403.88798470000074, value=c, duration=None>
403.8996 	DATA 	Keypress: c
403.9125 	EXP 	Device response: <KeyPress from None: t=403.90463550000095, value=x, duration=None>
403.9136 	DATA 	Keypress: x
404.0970 	EXP 	Device response: <KeyPress from None: t=403.88798470000074, value=c, duration=0.20260309999866877>
404.1150 	EXP 	Device response: <KeyPress from None: t=403.90463550000095, value=x, duration=0.20471049999832758>
404.2632 	INFO 	Keyboard events cleared
404.2630 	EXP 	fixation: autoDraw = False
404.2630 	EXP 	probe: autoDraw = True
404.3116 	EXP 	Device response: <KeyPress from None: t=404.30392570000004, value=x, duration=None>
404.3119 	EXP 	New trial (rep=39, index=2): <Trial 158 (2 in rep 39) data={'pos': 50, 'corr_resp': 'c', 'thisN': 158, 'thisTrialN': 2, 'thisRepN': 39}>
404.3129 	DATA 	Keypress: x
404.3302 	EXP 	fixation: autoDraw = False
404.3302 	EXP 	line1: autoDraw = False
404.3302 	EXP 	line2: autoDraw = False
404.3302 	EXP 	line3: autoDraw = False
404.3302 	EXP 	line4: autoDraw = False
404.3302 	EXP 	probe: autoDraw = False
404.3977 	EXP 	Device response: <KeyPress from None: t=404.39388979999967, value=c, duration=None>
404.3983 	DATA 	Keypress: c
404.5146 	EXP 	Device response: <KeyPress from None: t=404.30392570000004, value=x, duration=0.2032283999997162>
404.5306 	EXP 	Device response: <KeyPress from None: t=404.39388979999967, value=c, duration=0.12583559999984573>
404.7148 	EXP 	Device response: <KeyPress from None: t=404.71164879999924, value=x, duration=None>
404.7156 	DATA 	Keypress: x
405.0292 	EXP 	Device response: <KeyPress from None: t=404.71164879999924, value=x, duration=0.3091435000005731>
405.3134 	EXP 	fixation: autoDraw = True
405.3134 	EXP 	line1: autoDraw = True
405.3134 	EXP 	line2: autoDraw = True
405.3134 	EXP 	line3: autoDraw = True
405.3134 	EXP 	line4: autoDraw = True
405.6139 	EXP 	Device response: <KeyPress from None: t=405.6086651000005, value=z, duration=None>
405.6150 	DATA 	Keypress: z
405.6312 	EXP 	Device response: <KeyPress from None: t=405.62601630000063, value=x, duration=None>
405.6327 	DATA 	Keypress: x
405.7640 	EXP 	Device response: <KeyPress from None: t=393.1134746000007, value=z, duration=12.644502600000123>
405.8465 	EXP 	Device response: <KeyPress from None: t=405.62601630000063, value=x, duration=0.21071779999874707>
406.2645 	EXP 	Device response: <KeyPress from None: t=406.2568405000002, value=z, duration=None>
406.2645 	EXP 	Device response: <KeyPress from None: t=406.26309480000054, value=x, duration=None>
406.2657 	DATA 	Keypress: z
406.2660 	DATA 	Keypress: x
406.3135 	INFO 	Keyboard events cleared
406.3133 	EXP 	fixation: autoDraw = False
406.3133 	EXP 	probe: autoDraw = True
406.4140 	EXP 	Device response: <KeyPress from None: t=405.6086651000005, value=z, duration=0.7997008999991522>
406.4640 	EXP 	Device response: <KeyPress from None: t=406.26309480000054, value=x, duration=0.190395499999795>
406.5814 	EXP 	Device response: <KeyPress from None: t=406.5777213000001, value=z, duration=None>
406.5818 	EXP 	New trial (rep=39, index=3): <Trial 159 (3 in rep 39) data={'pos': -150, 'corr_resp': 'z', 'thisN': 159, 'thisTrialN': 3, 'thisRepN': 39}>
406.5832 	DATA 	Keypress: z
406.5964 	EXP 	fixation: autoDraw = False
406.5964 	EXP 	line1: autoDraw = False
406.5964 	EXP 	line2: autoDraw = False
406.5964 	EXP 	line3: autoDraw = False
406.5964 	EXP 	line4: autoDraw = False
406.5964 	EXP 	probe: autoDraw = False
406.8146 	EXP 	Device response: <KeyPress from None: t=406.2568405000002, value=z, duration=0.5418986999993649>
407.0136 	EXP 	Device response: <KeyPress from None: t=407.01002900000094, value=z, duration=None>
407.0145 	DATA 	Keypress: z
407.1808 	EXP 	Device response: <KeyPress from None: t=406.5777213000001, value=z, duration=0.5961244999998598>
407.3805 	DATA 	Keypress: z
407.3951 	EXP 	Device response: <KeyPress from None: t=407.3799149999995, value=z, duration=None>
407.5115 	EXP 	Device response: <KeyPress from None: t=407.01002900000094, value=z, duration=0.4903067999985069>
407.5968 	EXP 	fixation: autoDraw = True
407.5968 	EXP 	line1: autoDraw = True
407.5968 	EXP 	line2: autoDraw = True
407.5968 	EXP 	line3: autoDraw = True
407.5968 	EXP 	line4: autoDraw = True
407.7140 	EXP 	Device response: <KeyPress from None: t=407.7052435000005, value=z, duration=None>
407.7154 	DATA 	Keypress: z
407.9456 	EXP 	Device response: <KeyPress from None: t=407.3799149999995, value=z, duration=0.5563195000013366>
408.0820 	EXP 	Device response: <KeyPress from None: t=408.0791442999998, value=z, duration=None>
408.0837 	DATA 	Keypress: z
408.3137 	EXP 	Device response: <KeyPress from None: t=407.7052435000005, value=z, duration=0.6004826999997022>
408.5970 	INFO 	Keyboard events cleared
408.5968 	EXP 	fixation: autoDraw = False
408.5968 	EXP 	probe: autoDraw = True
408.6472 	EXP 	Device response: <KeyPress from None: t=408.6386798000003, value=z, duration=None>
408.6476 	EXP 	New trial (rep=40, index=0): <Trial 160 (0 in rep 40) data={'pos': -50, 'corr_resp': 'x', 'thisN': 160, 'thisTrialN': 0, 'thisRepN': 40}>
408.6489 	DATA 	Keypress: z
408.6636 	EXP 	fixation: autoDraw = False
408.6636 	EXP 	line1: autoDraw = False
408.6636 	EXP 	line2: autoDraw = False
408.6636 	EXP 	line3: autoDraw = False
408.6636 	EXP 	line4: autoDraw = False
408.6636 	EXP 	probe: autoDraw = False
408.8304 	EXP 	Device response: <KeyPress from None: t=408.0791442999998, value=z, duration=0.7397569000004296>
409.0648 	EXP 	Device response: <KeyPress from None: t=409.0488872999995, value=z, duration=None>
409.0658 	DATA 	Keypress: z
409.2325 	EXP 	Device response: <KeyPress from None: t=408.6386798000003, value=z, duration=0.5912776000004669>
409.6612 	EXP 	fixation: autoDraw = True
409.6612 	EXP 	line1: autoDraw = True
409.6612 	EXP 	line2: autoDraw = True
409.6612 	EXP 	line3: autoDraw = True
409.6612 	EXP 	line4: autoDraw = True
409.6793 	EXP 	Device response: <KeyPress from None: t=409.67403940000077, value=c, duration=None>
409.6809 	DATA 	Keypress: c
409.8310 	EXP 	Device response: <KeyPress from None: t=409.67403940000077, value=c, duration=0.15421629999946163>
410.0659 	DATA 	Keypress: c
410.0808 	EXP 	Device response: <KeyPress from None: t=410.0644522999992, value=c, duration=None>
410.2139 	EXP 	Device response: <KeyPress from None: t=410.0644522999992, value=c, duration=0.14332420000027923>
410.4289 	EXP 	Device response: <KeyPress from None: t=410.42196689999946, value=c, duration=None>
410.4302 	DATA 	Keypress: c
410.5969 	EXP 	Device response: <KeyPress from None: t=410.42196689999946, value=c, duration=0.16840070000034757>
410.6461 	INFO 	Keyboard events cleared
410.6460 	EXP 	probe: autoDraw = True
410.6624 	EXP 	fixation: autoDraw = False
410.7809 	EXP 	Device response: <KeyPress from None: t=410.77124039999944, value=c, duration=None>
410.7812 	EXP 	New trial (rep=40, index=1): <Trial 161 (1 in rep 40) data={'pos': 150, 'corr_resp': 'v', 'thisN': 161, 'thisTrialN': 1, 'thisRepN': 40}>
410.7821 	DATA 	Keypress: c
410.7969 	EXP 	fixation: autoDraw = False
410.7969 	EXP 	line1: autoDraw = False
410.7969 	EXP 	line2: autoDraw = False
410.7969 	EXP 	line3: autoDraw = False
410.7969 	EXP 	line4: autoDraw = False
410.7969 	EXP 	probe: autoDraw = False
410.9473 	EXP 	Device response: <KeyPress from None: t=410.77124039999944, value=c, duration=0.1705578000000969>
411.7972 	EXP 	fixation: autoDraw = True
411.7972 	EXP 	line1: autoDraw = True
411.7972 	EXP 	line2: autoDraw = True
411.7972 	EXP 	line3: autoDraw = True
411.7972 	EXP 	line4: autoDraw = True
412.5143 	EXP 	Device response: <KeyPress from None: t=412.5049412999997, value=c, duration=None>
412.5161 	DATA 	Keypress: c
412.6974 	EXP 	Device response: <KeyPress from None: t=412.5049412999997, value=c, duration=0.18914349999977276>
412.7966 	INFO 	Keyboard events cleared
412.7964 	EXP 	fixation: autoDraw = False
412.7964 	EXP 	probe: autoDraw = True
413.1300 	DATA 	Keypress: c
413.1456 	EXP 	Device response: <KeyPress from None: t=413.12926250000055, value=c, duration=None>
413.1459 	EXP 	New trial (rep=40, index=2): <Trial 162 (2 in rep 40) data={'pos': 50, 'corr_resp': 'c', 'thisN': 162, 'thisTrialN': 2, 'thisRepN': 40}>
413.1622 	EXP 	fixation: autoDraw = False
413.1622 	EXP 	line1: autoDraw = False
413.1622 	EXP 	line2: autoDraw = False
413.1622 	EXP 	line3: autoDraw = False
413.1622 	EXP 	line4: autoDraw = False
413.1622 	EXP 	probe: autoDraw = False
413.3308 	EXP 	Device response: <KeyPress from None: t=413.12926250000055, value=c, duration=0.18876989999989746>
413.8974 	EXP 	Device response: <KeyPress from None: t=413.8913874000009, value=c, duration=None>
413.8986 	DATA 	Keypress: c
414.0980 	EXP 	Device response: <KeyPress from None: t=413.8913874000009, value=c, duration=0.1978090999982669>
414.1477 	EXP 	fixation: autoDraw = True
414.1477 	EXP 	line1: autoDraw = True
414.1477 	EXP 	line2: autoDraw = True
414.1477 	EXP 	line3: autoDraw = True
414.1477 	EXP 	line4: autoDraw = True
414.3640 	EXP 	Device response: <KeyPress from None: t=414.3615957000002, value=c, duration=None>
414.3658 	DATA 	Keypress: c
414.5639 	EXP 	Device response: <KeyPress from None: t=414.3615957000002, value=c, duration=0.1972987999997713>
414.9811 	EXP 	Device response: <KeyPress from None: t=414.9779252999997, value=v, duration=None>
414.9830 	DATA 	Keypress: v
415.0130 	EXP 	Device response: <KeyPress from None: t=415.00154119999934, value=c, duration=None>
415.0146 	DATA 	Keypress: c
415.1465 	INFO 	Keyboard events cleared
415.1464 	EXP 	fixation: autoDraw = False
415.1464 	EXP 	probe: autoDraw = True
415.1634 	EXP 	Device response: <KeyPress from None: t=415.00154119999934, value=c, duration=0.1572145999998611>
415.1947 	EXP 	Device response: <KeyPress from None: t=414.9779252999997, value=v, duration=0.21148340000036114>
415.4324 	EXP 	Device response: <KeyPress from None: t=415.4296711999996, value=c, duration=None>
415.4327 	EXP 	New trial (rep=40, index=3): <Trial 163 (3 in rep 40) data={'pos': -150, 'corr_resp': 'z', 'thisN': 163, 'thisTrialN': 3, 'thisRepN': 40}>
415.4336 	DATA 	Keypress: c
415.4454 	EXP 	fixation: autoDraw = False
415.4454 	EXP 	line1: autoDraw = False
415.4454 	EXP 	line2: autoDraw = False
415.4454 	EXP 	line3: autoDraw = False
415.4454 	EXP 	line4: autoDraw = False
415.4454 	EXP 	probe: autoDraw = False
415.6135 	EXP 	Device response: <KeyPress from None: t=415.4296711999996, value=c, duration=0.1771310000003723>
415.8802 	EXP 	Device response: <KeyPress from None: t=415.87394739999945, value=c, duration=None>
415.8811 	DATA 	Keypress: c
416.0781 	EXP 	Device response: <KeyPress from None: t=415.87394739999945, value=c, duration=0.19343630000003031>
416.2820 	DATA 	Keypress: c
416.2973 	EXP 	Device response: <KeyPress from None: t=416.28138899999976, value=c, duration=None>
416.4475 	EXP 	fixation: autoDraw = True
416.4475 	EXP 	line1: autoDraw = True
416.4475 	EXP 	line2: autoDraw = True
416.4475 	EXP 	line3: autoDraw = True
416.4475 	EXP 	line4: autoDraw = True
416.4485 	EXP 	Device response: <KeyPress from None: t=416.28138899999976, value=c, duration=0.16685490000054415>
416.6806 	EXP 	Device response: <KeyPress from None: t=416.66545659999974, value=c, duration=None>
416.6827 	DATA 	Keypress: c
416.8980 	EXP 	Device response: <KeyPress from None: t=416.66545659999974, value=c, duration=0.22674630000074103>
417.1490 	EXP 	Device response: <KeyPress from None: t=417.1486590000004, value=c, duration=None>
417.1511 	DATA 	Keypress: c
417.3490 	EXP 	Device response: <KeyPress from None: t=417.1486590000004, value=c, duration=0.1965146000002278>
417.4468 	INFO 	Keyboard events cleared
417.4466 	EXP 	fixation: autoDraw = False
417.4466 	EXP 	probe: autoDraw = True
417.5980 	EXP 	Device response: <KeyPress from None: t=417.59766669999954, value=c, duration=None>
417.5996 	DATA 	Keypress: c
417.6145 	EXP 	New trial (rep=41, index=0): <Trial 164 (0 in rep 41) data={'pos': -50, 'corr_resp': 'x', 'thisN': 164, 'thisTrialN': 0, 'thisRepN': 41}>
417.6296 	EXP 	fixation: autoDraw = False
417.6296 	EXP 	line1: autoDraw = False
417.6296 	EXP 	line2: autoDraw = False
417.6296 	EXP 	line3: autoDraw = False
417.6296 	EXP 	line4: autoDraw = False
417.6296 	EXP 	probe: autoDraw = False
417.7979 	EXP 	Device response: <KeyPress from None: t=417.59766669999954, value=c, duration=0.1998503000013443>
418.0303 	EXP 	Device response: <KeyPress from None: t=418.0258506000009, value=c, duration=None>
418.0314 	DATA 	Keypress: c
418.5467 	EXP 	Device response: <KeyPress from None: t=418.0258506000009, value=c, duration=0.5151217999991786>
418.6140 	EXP 	fixation: autoDraw = True
418.6140 	EXP 	line1: autoDraw = True
418.6140 	EXP 	line2: autoDraw = True
418.6140 	EXP 	line3: autoDraw = True
418.6140 	EXP 	line4: autoDraw = True
418.7489 	EXP 	Device response: <KeyPress from None: t=418.7465350000002, value=c, duration=None>
418.7506 	DATA 	Keypress: c
418.8140 	EXP 	Device response: <KeyPress from None: t=418.8093329000003, value=x, duration=None>
418.8157 	DATA 	Keypress: x
419.0148 	EXP 	Device response: <KeyPress from None: t=418.8093329000003, value=x, duration=0.20513759999994363>
419.0647 	EXP 	Device response: <KeyPress from None: t=418.7465350000002, value=c, duration=0.3017421000004106>
419.2640 	EXP 	Device response: <KeyPress from None: t=419.2545962000004, value=x, duration=None>
419.2658 	DATA 	Keypress: x
419.4636 	EXP 	Device response: <KeyPress from None: t=419.2545962000004, value=x, duration=0.201077499999883>
419.6131 	EXP 	fixation: autoDraw = False
419.6315 	INFO 	Keyboard events cleared
419.6312 	EXP 	probe: autoDraw = True
419.6648 	EXP 	Device response: <KeyPress from None: t=419.65341289999924, value=x, duration=None>
419.6652 	EXP 	New trial (rep=41, index=1): <Trial 165 (1 in rep 41) data={'pos': 150, 'corr_resp': 'v', 'thisN': 165, 'thisTrialN': 1, 'thisRepN': 41}>
419.6664 	DATA 	Keypress: x
419.6806 	EXP 	fixation: autoDraw = False
419.6806 	EXP 	line1: autoDraw = False
419.6806 	EXP 	line2: autoDraw = False
419.6806 	EXP 	line3: autoDraw = False
419.6806 	EXP 	line4: autoDraw = False
419.6806 	EXP 	probe: autoDraw = False
419.8304 	EXP 	Device response: <KeyPress from None: t=419.65341289999924, value=x, duration=0.17083720000118774>
420.0471 	EXP 	Device response: <KeyPress from None: t=420.04107880000083, value=x, duration=None>
420.0480 	DATA 	Keypress: x
420.2130 	EXP 	Device response: <KeyPress from None: t=420.04107880000083, value=x, duration=0.16657039999881817>
420.4138 	EXP 	Device response: <KeyPress from None: t=420.41316519999964, value=x, duration=None>
420.4147 	DATA 	Keypress: x
420.6298 	EXP 	Device response: <KeyPress from None: t=420.41316519999964, value=x, duration=0.20419250000122702>
420.6804 	EXP 	fixation: autoDraw = True
420.6804 	EXP 	line1: autoDraw = True
420.6804 	EXP 	line2: autoDraw = True
420.6804 	EXP 	line3: autoDraw = True
420.6804 	EXP 	line4: autoDraw = True
420.8633 	EXP 	Device response: <KeyPress from None: t=420.85052899999937, value=x, duration=None>
420.8653 	DATA 	Keypress: x
421.0482 	EXP 	Device response: <KeyPress from None: t=420.85052899999937, value=x, duration=0.18537370000012743>
421.2138 	EXP 	Device response: <KeyPress from None: t=421.20885350000026, value=x, duration=None>
421.2154 	DATA 	Keypress: x
421.4139 	EXP 	Device response: <KeyPress from None: t=421.20885350000026, value=x, duration=0.18971570000030624>
421.6464 	EXP 	Device response: <KeyPress from None: t=421.63265239999964, value=x, duration=None>
421.6477 	DATA 	Keypress: x
421.6801 	INFO 	Keyboard events cleared
421.6797 	EXP 	probe: autoDraw = True
421.6968 	EXP 	fixation: autoDraw = False
421.8619 	EXP 	Device response: <KeyPress from None: t=421.63265239999964, value=x, duration=0.21817430000010063>
422.0974 	EXP 	Device response: <KeyPress from None: t=422.0914405000003, value=x, duration=None>
422.0978 	EXP 	New trial (rep=41, index=2): <Trial 166 (2 in rep 41) data={'pos': 50, 'corr_resp': 'c', 'thisN': 166, 'thisTrialN': 2, 'thisRepN': 41}>
422.0990 	DATA 	Keypress: x
422.1138 	EXP 	fixation: autoDraw = False
422.1138 	EXP 	line1: autoDraw = False
422.1138 	EXP 	line2: autoDraw = False
422.1138 	EXP 	line3: autoDraw = False
422.1138 	EXP 	line4: autoDraw = False
422.1138 	EXP 	probe: autoDraw = False
422.2808 	EXP 	Device response: <KeyPress from None: t=422.0914405000003, value=x, duration=0.18826330000047165>
422.5972 	EXP 	Device response: <KeyPress from None: t=422.5909781999999, value=x, duration=None>
422.5984 	DATA 	Keypress: x
422.8145 	EXP 	Device response: <KeyPress from None: t=422.5909781999999, value=x, duration=0.2083371000007901>
423.0466 	EXP 	Device response: <KeyPress from None: t=423.0351038000008, value=x, duration=None>
423.0475 	DATA 	Keypress: x
423.0962 	EXP 	fixation: autoDraw = True
423.0962 	EXP 	line1: autoDraw = True
423.0962 	EXP 	line2: autoDraw = True
423.0962 	EXP 	line3: autoDraw = True
423.0962 	EXP 	line4: autoDraw = True
423.2469 	EXP 	Device response: <KeyPress from None: t=423.0351038000008, value=x, duration=0.19955549999940558>
423.3944 	EXP 	Device response: <KeyPress from None: t=423.3833015, value=x, duration=None>
423.3958 	DATA 	Keypress: x
423.5468 	EXP 	Device response: <KeyPress from None: t=423.3833015, value=x, duration=0.15791790000002948>
423.7157 	DATA 	Keypress: x
423.7304 	EXP 	Device response: <KeyPress from None: t=423.71406879999995, value=x, duration=None>
423.9127 	EXP 	Device response: <KeyPress from None: t=423.71406879999995, value=x, duration=0.1886964999994234>
424.0479 	EXP 	Device response: <KeyPress from None: t=424.04639119999956, value=x, duration=None>
424.0496 	DATA 	Keypress: x
424.0946 	INFO 	Keyboard events cleared
424.0945 	EXP 	fixation: autoDraw = False
424.0945 	EXP 	probe: autoDraw = True
424.2655 	EXP 	Device response: <KeyPress from None: t=424.04639119999956, value=x, duration=0.2052086000003328>
424.4314 	EXP 	Device response: <KeyPress from None: t=424.4268785999993, value=x, duration=None>
424.4318 	EXP 	New trial (rep=41, index=3): <Trial 167 (3 in rep 41) data={'pos': -150, 'corr_resp': 'z', 'thisN': 167, 'thisTrialN': 3, 'thisRepN': 41}>
424.4332 	DATA 	Keypress: x
424.4468 	EXP 	fixation: autoDraw = False
424.4468 	EXP 	line1: autoDraw = False
424.4468 	EXP 	line2: autoDraw = False
424.4468 	EXP 	line3: autoDraw = False
424.4468 	EXP 	line4: autoDraw = False
424.4468 	EXP 	probe: autoDraw = False
425.1474 	EXP 	Device response: <KeyPress from None: t=425.13855089999925, value=c, duration=None>
425.1485 	DATA 	Keypress: c
425.4472 	EXP 	fixation: autoDraw = True
425.4472 	EXP 	line1: autoDraw = True
425.4472 	EXP 	line2: autoDraw = True
425.4472 	EXP 	line3: autoDraw = True
425.4472 	EXP 	line4: autoDraw = True
425.5636 	EXP 	Device response: <KeyPress from None: t=424.4268785999993, value=x, duration=1.122597500001575>
425.5811 	EXP 	Device response: <KeyPress from None: t=425.13855089999925, value=c, duration=0.4287372000017058>
425.7802 	EXP 	Device response: <KeyPress from None: t=425.7661704000002, value=c, duration=None>
425.7823 	DATA 	Keypress: c
425.8136 	EXP 	Device response: <KeyPress from None: t=425.80703320000066, value=v, duration=None>
425.8153 	DATA 	Keypress: v
425.9819 	EXP 	Device response: <KeyPress from None: t=425.80703320000066, value=v, duration=0.16941699999915727>
426.4467 	INFO 	Keyboard events cleared
426.4465 	EXP 	fixation: autoDraw = False
426.4465 	EXP 	probe: autoDraw = True
426.6214 	EXP 	Device response: <KeyPress from None: t=426.6160681000001, value=x, duration=None>
426.6218 	EXP 	New trial (rep=42, index=0): <Trial 168 (0 in rep 42) data={'pos': -50, 'corr_resp': 'x', 'thisN': 168, 'thisTrialN': 0, 'thisRepN': 42}>
426.6228 	DATA 	Keypress: x
426.6276 	EXP 	fixation: autoDraw = False
426.6276 	EXP 	line1: autoDraw = False
426.6276 	EXP 	line2: autoDraw = False
426.6276 	EXP 	line3: autoDraw = False
426.6276 	EXP 	line4: autoDraw = False
426.6276 	EXP 	probe: autoDraw = False
426.8804 	EXP 	Device response: <KeyPress from None: t=426.6160681000001, value=x, duration=0.24979419999908714>
427.0488 	EXP 	Device response: <KeyPress from None: t=427.0459296000008, value=x, duration=None>
427.0498 	DATA 	Keypress: x
427.2306 	EXP 	Device response: <KeyPress from None: t=427.0459296000008, value=x, duration=0.18171559999973397>
427.3801 	EXP 	Device response: <KeyPress from None: t=427.37515279999934, value=x, duration=None>
427.3809 	DATA 	Keypress: x
427.6305 	EXP 	fixation: autoDraw = True
427.6305 	EXP 	line1: autoDraw = True
427.6305 	EXP 	line2: autoDraw = True
427.6305 	EXP 	line3: autoDraw = True
427.6305 	EXP 	line4: autoDraw = True
427.7967 	EXP 	Device response: <KeyPress from None: t=427.37515279999934, value=x, duration=0.4107393000012962>
427.9801 	EXP 	Device response: <KeyPress from None: t=427.97686690000046, value=x, duration=None>
427.9819 	DATA 	Keypress: x
428.1639 	EXP 	Device response: <KeyPress from None: t=427.97686690000046, value=x, duration=0.18266599999878963>
428.3967 	EXP 	Device response: <KeyPress from None: t=428.3921437000008, value=x, duration=None>
428.3985 	DATA 	Keypress: x
428.6144 	EXP 	Device response: <KeyPress from None: t=428.3921437000008, value=x, duration=0.2160288999984914>
428.6303 	INFO 	Keyboard events cleared
428.6301 	EXP 	fixation: autoDraw = False
428.6301 	EXP 	probe: autoDraw = True
428.8151 	EXP 	Device response: <KeyPress from None: t=428.8089937000004, value=x, duration=None>
428.8155 	EXP 	New trial (rep=42, index=1): <Trial 169 (1 in rep 42) data={'pos': 150, 'corr_resp': 'v', 'thisN': 169, 'thisTrialN': 1, 'thisRepN': 42}>
428.8168 	DATA 	Keypress: x
428.8308 	EXP 	fixation: autoDraw = False
428.8308 	EXP 	line1: autoDraw = False
428.8308 	EXP 	line2: autoDraw = False
428.8308 	EXP 	line3: autoDraw = False
428.8308 	EXP 	line4: autoDraw = False
428.8308 	EXP 	probe: autoDraw = False
429.0293 	EXP 	Device response: <KeyPress from None: t=428.8089937000004, value=x, duration=0.21145459999934246>
429.2635 	EXP 	Device response: <KeyPress from None: t=429.2543435000007, value=x, duration=None>
429.2648 	DATA 	Keypress: x
429.4635 	EXP 	Device response: <KeyPress from None: t=429.2543435000007, value=x, duration=0.19793059999938123>
429.8296 	EXP 	fixation: autoDraw = True
429.8296 	EXP 	line1: autoDraw = True
429.8296 	EXP 	line2: autoDraw = True
429.8296 	EXP 	line3: autoDraw = True
429.8296 	EXP 	line4: autoDraw = True
430.2132 	EXP 	Device response: <KeyPress from None: t=430.2031516999996, value=x, duration=None>
430.2150 	DATA 	Keypress: x
430.4304 	EXP 	Device response: <KeyPress from None: t=430.2031516999996, value=x, duration=0.22164280000106373>
430.8134 	INFO 	Keyboard events cleared
430.8132 	EXP 	probe: autoDraw = True
430.8297 	EXP 	fixation: autoDraw = False
431.8893 	EXP 	Device response: <KeyPress from None: t=431.8876610999996, value=x, duration=None>
431.8897 	EXP 	New trial (rep=42, index=2): <Trial 170 (2 in rep 42) data={'pos': 50, 'corr_resp': 'c', 'thisN': 170, 'thisTrialN': 2, 'thisRepN': 42}>
431.8913 	DATA 	Keypress: x
431.9012 	EXP 	fixation: autoDraw = False
431.9012 	EXP 	line1: autoDraw = False
431.9012 	EXP 	line2: autoDraw = False
431.9012 	EXP 	line3: autoDraw = False
431.9012 	EXP 	line4: autoDraw = False
431.9012 	EXP 	probe: autoDraw = False
432.1140 	EXP 	Device response: <KeyPress from None: t=431.8876610999996, value=x, duration=0.21826400000099966>
432.4471 	EXP 	Device response: <KeyPress from None: t=432.4333640999994, value=z, duration=None>
432.4479 	DATA 	Keypress: z
432.4799 	EXP 	Device response: <KeyPress from None: t=432.47690990000046, value=x, duration=None>
432.4807 	DATA 	Keypress: x
432.5784 	EXP 	Device response: <KeyPress from None: t=409.0488872999995, value=z, duration=23.518913500000053>
432.8472 	EXP 	Device response: <KeyPress from None: t=432.8369650000004, value=z, duration=None>
432.8481 	DATA 	Keypress: z
432.8965 	EXP 	fixation: autoDraw = True
432.8965 	EXP 	line1: autoDraw = True
432.8965 	EXP 	line2: autoDraw = True
432.8965 	EXP 	line3: autoDraw = True
432.8965 	EXP 	line4: autoDraw = True
433.0465 	EXP 	Device response: <KeyPress from None: t=432.47690990000046, value=x, duration=0.5541692999995576>
433.0641 	EXP 	Device response: <KeyPress from None: t=432.4333640999994, value=z, duration=0.6223134000010759>
433.8860 	INFO 	Keyboard events cleared
433.8859 	EXP 	probe: autoDraw = True
433.8940 	EXP 	fixation: autoDraw = False
434.0279 	EXP 	Device response: <KeyPress from None: t=434.0229844000005, value=z, duration=None>
434.0282 	EXP 	New trial (rep=42, index=3): <Trial 171 (3 in rep 42) data={'pos': -150, 'corr_resp': 'z', 'thisN': 171, 'thisTrialN': 3, 'thisRepN': 42}>
434.0289 	DATA 	Keypress: z
434.0349 	EXP 	fixation: autoDraw = False
434.0349 	EXP 	line1: autoDraw = False
434.0349 	EXP 	line2: autoDraw = False
434.0349 	EXP 	line3: autoDraw = False
434.0349 	EXP 	line4: autoDraw = False
434.0349 	EXP 	probe: autoDraw = False
434.1907 	EXP 	Device response: <KeyPress from None: t=432.8369650000004, value=z, duration=1.351080099999308>
434.5057 	EXP 	Device response: <KeyPress from None: t=434.5026928999996, value=z, duration=None>
434.5067 	DATA 	Keypress: z
434.7034 	EXP 	Device response: <KeyPress from None: t=434.0229844000005, value=z, duration=0.671940899999754>
434.9558 	EXP 	Device response: <KeyPress from None: t=434.9427866999995, value=z, duration=None>
434.9567 	DATA 	Keypress: z
435.0385 	EXP 	fixation: autoDraw = True
435.0385 	EXP 	line1: autoDraw = True
435.0385 	EXP 	line2: autoDraw = True
435.0385 	EXP 	line3: autoDraw = True
435.0385 	EXP 	line4: autoDraw = True
435.1203 	EXP 	Device response: <KeyPress from None: t=434.5026928999996, value=z, duration=0.6069026000004669>
435.3218 	DATA 	Keypress: z
435.3363 	EXP 	Device response: <KeyPress from None: t=435.32021180000083, value=z, duration=None>
435.4886 	EXP 	Device response: <KeyPress from None: t=434.9427866999995, value=z, duration=0.5429708000010578>
435.7380 	EXP 	Device response: <KeyPress from None: t=435.73339400000077, value=z, duration=None>
435.7402 	DATA 	Keypress: z
435.9227 	EXP 	Device response: <KeyPress from None: t=435.32021180000083, value=z, duration=0.5967574999995122>
436.0385 	INFO 	Keyboard events cleared
436.0383 	EXP 	fixation: autoDraw = False
436.0383 	EXP 	probe: autoDraw = True
436.1896 	EXP 	Device response: <KeyPress from None: t=436.1876751, value=z, duration=None>
436.1902 	EXP 	New trial (rep=43, index=0): <Trial 172 (0 in rep 43) data={'pos': -50, 'corr_resp': 'x', 'thisN': 172, 'thisTrialN': 0, 'thisRepN': 43}>
436.1910 	DATA 	Keypress: z
436.2051 	EXP 	fixation: autoDraw = False
436.2051 	EXP 	line1: autoDraw = False
436.2051 	EXP 	line2: autoDraw = False
436.2051 	EXP 	line3: autoDraw = False
436.2051 	EXP 	line4: autoDraw = False
436.2051 	EXP 	probe: autoDraw = False
436.3887 	EXP 	Device response: <KeyPress from None: t=435.73339400000077, value=z, duration=0.645665399999416>
436.7555 	EXP 	Device response: <KeyPress from None: t=436.74973950000094, value=z, duration=None>
436.7564 	DATA 	Keypress: z
436.9228 	EXP 	Device response: <KeyPress from None: t=436.1876751, value=z, duration=0.7243608999997377>
437.1047 	EXP 	Device response: <KeyPress from None: t=437.09412689999954, value=z, duration=None>
437.1056 	DATA 	Keypress: z
437.1884 	EXP 	fixation: autoDraw = True
437.1884 	EXP 	line1: autoDraw = True
437.1884 	EXP 	line2: autoDraw = True
437.1884 	EXP 	line3: autoDraw = True
437.1884 	EXP 	line4: autoDraw = True
437.2731 	EXP 	Device response: <KeyPress from None: t=436.74973950000094, value=z, duration=0.5197015999983705>
437.4557 	EXP 	Device response: <KeyPress from None: t=437.44273930000054, value=z, duration=None>
437.4579 	DATA 	Keypress: z
437.6556 	EXP 	Device response: <KeyPress from None: t=437.09412689999954, value=z, duration=0.5498379000000568>
437.8525 	EXP 	Device response: <KeyPress from None: t=437.8492843999993, value=z, duration=None>
437.8537 	DATA 	Keypress: z
438.0549 	EXP 	Device response: <KeyPress from None: t=437.44273930000054, value=z, duration=0.5968548999990162>
438.1868 	EXP 	Device response: <KeyPress from None: t=438.18555689999994, value=z, duration=None>
438.1883 	DATA 	Keypress: z
438.2045 	INFO 	Keyboard events cleared
438.2044 	EXP 	fixation: autoDraw = False
438.2044 	EXP 	probe: autoDraw = True
438.3721 	EXP 	Device response: <KeyPress from None: t=437.8492843999993, value=z, duration=0.5061909000014566>
438.5067 	EXP 	Device response: <KeyPress from None: t=438.50365969999984, value=z, duration=None>
438.5075 	EXP 	New trial (rep=43, index=1): <Trial 173 (1 in rep 43) data={'pos': 150, 'corr_resp': 'v', 'thisN': 173, 'thisTrialN': 1, 'thisRepN': 43}>
438.5087 	DATA 	Keypress: z
438.5217 	EXP 	fixation: autoDraw = False
438.5217 	EXP 	line1: autoDraw = False
438.5217 	EXP 	line2: autoDraw = False
438.5217 	EXP 	line3: autoDraw = False
438.5217 	EXP 	line4: autoDraw = False
438.5217 	EXP 	probe: autoDraw = False
438.7370 	EXP 	Device response: <KeyPress from None: t=438.18555689999994, value=z, duration=0.5426408000002994>
438.9389 	EXP 	Device response: <KeyPress from None: t=438.93430310000076, value=z, duration=None>
438.9398 	DATA 	Keypress: z
438.9902 	EXP 	Device response: <KeyPress from None: t=438.98720820000017, value=x, duration=None>
438.9912 	DATA 	Keypress: x
439.0886 	EXP 	Device response: <KeyPress from None: t=438.50365969999984, value=z, duration=0.5825566000003164>
439.1390 	EXP 	Device response: <KeyPress from None: t=438.98720820000017, value=x, duration=0.1407099999996717>
439.5215 	EXP 	fixation: autoDraw = True
439.5215 	EXP 	line1: autoDraw = True
439.5215 	EXP 	line2: autoDraw = True
439.5215 	EXP 	line3: autoDraw = True
439.5215 	EXP 	line4: autoDraw = True
439.5720 	EXP 	Device response: <KeyPress from None: t=439.5612087999998, value=z, duration=None>
439.5739 	DATA 	Keypress: z
439.7384 	EXP 	Device response: <KeyPress from None: t=438.93430310000076, value=z, duration=0.7975489999989804>
439.9882 	EXP 	Device response: <KeyPress from None: t=439.98751860000084, value=z, duration=None>
439.9902 	DATA 	Keypress: z
440.1554 	EXP 	Device response: <KeyPress from None: t=439.5612087999998, value=z, duration=0.5937747999996645>
440.3719 	EXP 	Device response: <KeyPress from None: t=440.36314160000074, value=z, duration=None>
440.3739 	DATA 	Keypress: z
440.5213 	INFO 	Keyboard events cleared
440.5211 	EXP 	fixation: autoDraw = False
440.5211 	EXP 	probe: autoDraw = True
440.5724 	EXP 	Device response: <KeyPress from None: t=439.98751860000084, value=z, duration=0.5770275999984733>
440.6723 	EXP 	Device response: <KeyPress from None: t=440.6608980000001, value=z, duration=None>
440.6727 	EXP 	New trial (rep=43, index=2): <Trial 174 (2 in rep 43) data={'pos': 50, 'corr_resp': 'c', 'thisN': 174, 'thisTrialN': 2, 'thisRepN': 43}>
440.6740 	DATA 	Keypress: z
440.6884 	EXP 	fixation: autoDraw = False
440.6884 	EXP 	line1: autoDraw = False
440.6884 	EXP 	line2: autoDraw = False
440.6884 	EXP 	line3: autoDraw = False
440.6884 	EXP 	line4: autoDraw = False
440.6884 	EXP 	probe: autoDraw = False
440.8727 	EXP 	Device response: <KeyPress from None: t=440.36314160000074, value=z, duration=0.5050656999992498>
441.4729 	EXP 	Device response: <KeyPress from None: t=441.46775999999954, value=z, duration=None>
441.4738 	DATA 	Keypress: z
441.6222 	EXP 	Device response: <KeyPress from None: t=440.6608980000001, value=z, duration=0.9554274000001897>
441.6880 	EXP 	fixation: autoDraw = True
441.6880 	EXP 	line1: autoDraw = True
441.6880 	EXP 	line2: autoDraw = True
441.6880 	EXP 	line3: autoDraw = True
441.6880 	EXP 	line4: autoDraw = True
442.0057 	EXP 	Device response: <KeyPress from None: t=442.0003276999996, value=z, duration=None>
442.0083 	DATA 	Keypress: z
442.1720 	EXP 	Device response: <KeyPress from None: t=441.46775999999954, value=z, duration=0.7020738000010169>
442.6396 	EXP 	Device response: <KeyPress from None: t=442.6387150999999, value=x, duration=None>
442.6415 	DATA 	Keypress: x
442.6551 	EXP 	Device response: <KeyPress from None: t=442.64930989999993, value=z, duration=None>
442.6569 	DATA 	Keypress: z
442.6888 	INFO 	Keyboard events cleared
442.6886 	EXP 	fixation: autoDraw = False
442.6886 	EXP 	probe: autoDraw = True
442.8028 	EXP 	Device response: <KeyPress from None: t=442.0003276999996, value=z, duration=0.7916819000001851>
442.8862 	EXP 	Device response: <KeyPress from None: t=442.6387150999999, value=x, duration=0.23644100000092294>
443.1057 	EXP 	Device response: <KeyPress from None: t=443.0911001000004, value=x, duration=None>
443.1061 	EXP 	New trial (rep=43, index=3): <Trial 175 (3 in rep 43) data={'pos': -150, 'corr_resp': 'z', 'thisN': 175, 'thisTrialN': 3, 'thisRepN': 43}>
443.1076 	DATA 	Keypress: x
443.1205 	EXP 	fixation: autoDraw = False
443.1205 	EXP 	line1: autoDraw = False
443.1205 	EXP 	line2: autoDraw = False
443.1205 	EXP 	line3: autoDraw = False
443.1205 	EXP 	line4: autoDraw = False
443.1205 	EXP 	probe: autoDraw = False
443.3558 	EXP 	Device response: <KeyPress from None: t=443.0911001000004, value=x, duration=0.2583493999991333>
443.8384 	EXP 	Device response: <KeyPress from None: t=443.82322600000043, value=v, duration=None>
443.8390 	DATA 	Keypress: v
444.0215 	EXP 	Device response: <KeyPress from None: t=443.82322600000043, value=v, duration=0.18257230000017444>
444.1053 	EXP 	fixation: autoDraw = True
444.1053 	EXP 	line1: autoDraw = True
444.1053 	EXP 	line2: autoDraw = True
444.1053 	EXP 	line3: autoDraw = True
444.1053 	EXP 	line4: autoDraw = True
444.1562 	EXP 	Device response: <KeyPress from None: t=425.7661704000002, value=c, duration=18.378794199999902>
444.1862 	EXP 	Device response: <KeyPress from None: t=444.1853652000009, value=c, duration=None>
444.1877 	DATA 	Keypress: c
445.1196 	INFO 	Keyboard events cleared
445.1194 	EXP 	fixation: autoDraw = False
445.1194 	EXP 	probe: autoDraw = True
445.2411 	EXP 	Device response: <KeyPress from None: t=444.1853652000009, value=c, duration=1.0535932999991928>
446.0194 	EXP 	Device response: <KeyPress from None: t=446.0184659000006, value=v, duration=None>
446.0198 	EXP 	New trial (rep=44, index=0): <Trial 176 (0 in rep 44) data={'pos': -50, 'corr_resp': 'x', 'thisN': 176, 'thisTrialN': 0, 'thisRepN': 44}>
446.0216 	DATA 	Keypress: v
446.0272 	EXP 	fixation: autoDraw = False
446.0272 	EXP 	line1: autoDraw = False
446.0272 	EXP 	line2: autoDraw = False
446.0272 	EXP 	line3: autoDraw = False
446.0272 	EXP 	line4: autoDraw = False
446.0272 	EXP 	probe: autoDraw = False
446.2044 	EXP 	Device response: <KeyPress from None: t=446.0184659000006, value=v, duration=0.17804479999904288>
446.5230 	EXP 	Device response: <KeyPress from None: t=446.5195401000001, value=v, duration=None>
446.5240 	DATA 	Keypress: v
446.6895 	EXP 	Device response: <KeyPress from None: t=446.5195401000001, value=v, duration=0.16552260000025854>
447.0223 	EXP 	fixation: autoDraw = True
447.0223 	EXP 	line1: autoDraw = True
447.0223 	EXP 	line2: autoDraw = True
447.0223 	EXP 	line3: autoDraw = True
447.0223 	EXP 	line4: autoDraw = True
447.1220 	EXP 	Device response: <KeyPress from None: t=447.11620179999954, value=c, duration=None>
447.1237 	DATA 	Keypress: c
447.1384 	EXP 	Device response: <KeyPress from None: t=447.12513299999955, value=v, duration=None>
447.1401 	DATA 	Keypress: v
447.2888 	EXP 	Device response: <KeyPress from None: t=447.12513299999955, value=v, duration=0.15055589999974472>
447.7052 	EXP 	Device response: <KeyPress from None: t=447.70261820000087, value=v, duration=None>
447.7069 	DATA 	Keypress: v
447.9393 	EXP 	Device response: <KeyPress from None: t=447.70261820000087, value=v, duration=0.22444029999860504>
448.0375 	INFO 	Keyboard events cleared
448.0373 	EXP 	fixation: autoDraw = False
448.0373 	EXP 	probe: autoDraw = True
448.1879 	EXP 	Device response: <KeyPress from None: t=448.1834417000009, value=v, duration=None>
448.1882 	EXP 	New trial (rep=44, index=1): <Trial 177 (1 in rep 44) data={'pos': 150, 'corr_resp': 'v', 'thisN': 177, 'thisTrialN': 1, 'thisRepN': 44}>
448.1900 	DATA 	Keypress: v
448.2026 	EXP 	fixation: autoDraw = False
448.2026 	EXP 	line1: autoDraw = False
448.2026 	EXP 	line2: autoDraw = False
448.2026 	EXP 	line3: autoDraw = False
448.2026 	EXP 	line4: autoDraw = False
448.2026 	EXP 	probe: autoDraw = False
448.3881 	EXP 	Device response: <KeyPress from None: t=448.1834417000009, value=v, duration=0.19337559999985388>
448.5895 	EXP 	Device response: <KeyPress from None: t=448.58288150000044, value=v, duration=None>
448.5905 	DATA 	Keypress: v
448.7887 	EXP 	Device response: <KeyPress from None: t=448.58288150000044, value=v, duration=0.20050409999930707>
449.1874 	EXP 	fixation: autoDraw = True
449.1874 	EXP 	line1: autoDraw = True
449.1874 	EXP 	line2: autoDraw = True
449.1874 	EXP 	line3: autoDraw = True
449.1874 	EXP 	line4: autoDraw = True
449.7265 	EXP 	Device response: <KeyPress from None: t=447.11620179999954, value=c, duration=2.5987223000011>
450.0393 	DATA 	Keypress: c
450.0540 	EXP 	Device response: <KeyPress from None: t=450.03799959999924, value=c, duration=None>
450.1877 	INFO 	Keyboard events cleared
450.1876 	EXP 	fixation: autoDraw = False
450.1876 	EXP 	probe: autoDraw = True
450.2033 	EXP 	Device response: <KeyPress from None: t=450.03799959999924, value=c, duration=0.15895600000112609>
450.5379 	EXP 	Device response: <KeyPress from None: t=450.5246165000008, value=c, duration=None>
450.5383 	EXP 	New trial (rep=44, index=2): <Trial 178 (2 in rep 44) data={'pos': 50, 'corr_resp': 'c', 'thisN': 178, 'thisTrialN': 2, 'thisRepN': 44}>
450.5397 	DATA 	Keypress: c
450.5530 	EXP 	fixation: autoDraw = False
450.5530 	EXP 	line1: autoDraw = False
450.5530 	EXP 	line2: autoDraw = False
450.5530 	EXP 	line3: autoDraw = False
450.5530 	EXP 	line4: autoDraw = False
450.5530 	EXP 	probe: autoDraw = False
450.7041 	EXP 	Device response: <KeyPress from None: t=450.5246165000008, value=c, duration=0.17743249999875843>
451.5349 	EXP 	fixation: autoDraw = True
451.5349 	EXP 	line1: autoDraw = True
451.5349 	EXP 	line2: autoDraw = True
451.5349 	EXP 	line3: autoDraw = True
451.5349 	EXP 	line4: autoDraw = True
451.9305 	DATA 	Keypress: v
451.9465 	EXP 	Device response: <KeyPress from None: t=451.92931379999936, value=v, duration=None>
452.1449 	EXP 	Device response: <KeyPress from None: t=451.92931379999936, value=v, duration=0.20501560000047903>
452.5437 	INFO 	Keyboard events cleared
452.5436 	EXP 	fixation: autoDraw = False
452.5436 	EXP 	probe: autoDraw = True
453.4943 	EXP 	Device response: <KeyPress from None: t=453.48908590000065, value=z, duration=None>
453.4945 	EXP 	New trial (rep=44, index=3): <Trial 179 (3 in rep 44) data={'pos': -150, 'corr_resp': 'z', 'thisN': 179, 'thisTrialN': 3, 'thisRepN': 44}>
453.4954 	DATA 	Keypress: z
453.5106 	EXP 	fixation: autoDraw = False
453.5106 	EXP 	line1: autoDraw = False
453.5106 	EXP 	line2: autoDraw = False
453.5106 	EXP 	line3: autoDraw = False
453.5106 	EXP 	line4: autoDraw = False
453.5106 	EXP 	probe: autoDraw = False
453.6614 	EXP 	Device response: <KeyPress from None: t=442.64930989999993, value=z, duration=11.010222400000202>
454.4936 	EXP 	fixation: autoDraw = True
454.4936 	EXP 	line1: autoDraw = True
454.4936 	EXP 	line2: autoDraw = True
454.4936 	EXP 	line3: autoDraw = True
454.4936 	EXP 	line4: autoDraw = True
455.4939 	INFO 	Keyboard events cleared
455.4938 	EXP 	fixation: autoDraw = False
455.4938 	EXP 	probe: autoDraw = True
455.5941 	EXP 	Device response: <KeyPress from None: t=455.5926975000002, value=z, duration=None>
455.5944 	EXP 	New trial (rep=45, index=0): <Trial 180 (0 in rep 45) data={'pos': -50, 'corr_resp': 'x', 'thisN': 180, 'thisTrialN': 0, 'thisRepN': 45}>
455.5951 	DATA 	Keypress: z
455.6101 	EXP 	fixation: autoDraw = False
455.6101 	EXP 	line1: autoDraw = False
455.6101 	EXP 	line2: autoDraw = False
455.6101 	EXP 	line3: autoDraw = False
455.6101 	EXP 	line4: autoDraw = False
455.6101 	EXP 	probe: autoDraw = False
455.7613 	EXP 	Device response: <KeyPress from None: t=453.48908590000065, value=z, duration=2.2602552999996988>
456.0786 	EXP 	Device response: <KeyPress from None: t=456.0710818999996, value=z, duration=None>
456.0791 	DATA 	Keypress: z
456.2451 	EXP 	Device response: <KeyPress from None: t=455.5926975000002, value=z, duration=0.6486237999997684>
456.4777 	EXP 	Device response: <KeyPress from None: t=456.4743232000001, value=z, duration=None>
456.4787 	DATA 	Keypress: z
456.5940 	EXP 	fixation: autoDraw = True
456.5940 	EXP 	line1: autoDraw = True
456.5940 	EXP 	line2: autoDraw = True
456.5940 	EXP 	line3: autoDraw = True
456.5940 	EXP 	line4: autoDraw = True
456.6280 	EXP 	Device response: <KeyPress from None: t=456.0710818999996, value=z, duration=0.5473672999996779>
456.9123 	EXP 	Device response: <KeyPress from None: t=456.9054852999998, value=z, duration=None>
456.9147 	DATA 	Keypress: z
457.0961 	EXP 	Device response: <KeyPress from None: t=456.4743232000001, value=z, duration=0.6066418999998859>
457.4948 	EXP 	Device response: <KeyPress from None: t=457.4907187000008, value=z, duration=None>
457.4958 	DATA 	Keypress: z
457.5935 	INFO 	Keyboard events cleared
457.5934 	EXP 	fixation: autoDraw = False
457.5934 	EXP 	probe: autoDraw = True
457.6451 	EXP 	Device response: <KeyPress from None: t=456.9054852999998, value=z, duration=0.7394208000005165>
457.8945 	EXP 	Device response: <KeyPress from None: t=457.8818449999999, value=z, duration=None>
457.8948 	EXP 	New trial (rep=45, index=1): <Trial 181 (1 in rep 45) data={'pos': 150, 'corr_resp': 'v', 'thisN': 181, 'thisTrialN': 1, 'thisRepN': 45}>
457.8955 	DATA 	Keypress: z
457.9106 	EXP 	fixation: autoDraw = False
457.9106 	EXP 	line1: autoDraw = False
457.9106 	EXP 	line2: autoDraw = False
457.9106 	EXP 	line3: autoDraw = False
457.9106 	EXP 	line4: autoDraw = False
457.9106 	EXP 	probe: autoDraw = False
458.0108 	EXP 	Device response: <KeyPress from None: t=457.4907187000008, value=z, duration=0.5127627999991091>
458.1788 	DATA 	Keypress: z
458.1940 	EXP 	Device response: <KeyPress from None: t=458.1779946000006, value=z, duration=None>
458.3775 	EXP 	Device response: <KeyPress from None: t=457.8818449999999, value=z, duration=0.48354359999939334>
458.8959 	DATA 	Keypress: z
458.9105 	EXP 	fixation: autoDraw = True
458.9105 	EXP 	line1: autoDraw = True
458.9105 	EXP 	line2: autoDraw = True
458.9105 	EXP 	line3: autoDraw = True
458.9105 	EXP 	line4: autoDraw = True
458.9112 	EXP 	Device response: <KeyPress from None: t=458.89501070000006, value=z, duration=None>
459.0946 	EXP 	Device response: <KeyPress from None: t=458.1779946000006, value=z, duration=0.9029085999991366>
459.2778 	EXP 	Device response: <KeyPress from None: t=459.2686219999996, value=z, duration=None>
459.2788 	DATA 	Keypress: z
459.3941 	EXP 	Device response: <KeyPress from None: t=458.89501070000006, value=z, duration=0.4897099000008893>
459.6114 	EXP 	Device response: <KeyPress from None: t=459.6066460000002, value=z, duration=None>
459.6124 	DATA 	Keypress: z
459.7619 	EXP 	Device response: <KeyPress from None: t=459.2686219999996, value=z, duration=0.48777920000065933>
459.9111 	INFO 	Keyboard events cleared
459.9109 	EXP 	fixation: autoDraw = False
459.9109 	EXP 	probe: autoDraw = True
460.0604 	EXP 	Device response: <KeyPress from None: t=460.0486225000004, value=z, duration=None>
460.0609 	EXP 	New trial (rep=45, index=2): <Trial 182 (2 in rep 45) data={'pos': 50, 'corr_resp': 'c', 'thisN': 182, 'thisTrialN': 2, 'thisRepN': 45}>
460.0617 	DATA 	Keypress: z
460.0771 	EXP 	fixation: autoDraw = False
460.0771 	EXP 	line1: autoDraw = False
460.0771 	EXP 	line2: autoDraw = False
460.0771 	EXP 	line3: autoDraw = False
460.0771 	EXP 	line4: autoDraw = False
460.0771 	EXP 	probe: autoDraw = False
460.1947 	EXP 	Device response: <KeyPress from None: t=459.6066460000002, value=z, duration=0.5730953000002046>
460.4110 	EXP 	Device response: <KeyPress from None: t=460.39577760000066, value=z, duration=None>
460.4116 	DATA 	Keypress: z
460.5612 	EXP 	Device response: <KeyPress from None: t=460.0486225000004, value=z, duration=0.5002607999995234>
460.8275 	EXP 	Device response: <KeyPress from None: t=460.8241598000004, value=z, duration=None>
460.8281 	DATA 	Keypress: z
460.9947 	EXP 	Device response: <KeyPress from None: t=460.39577760000066, value=z, duration=0.582916599998498>
461.0611 	EXP 	fixation: autoDraw = True
461.0611 	EXP 	line1: autoDraw = True
461.0611 	EXP 	line2: autoDraw = True
461.0611 	EXP 	line3: autoDraw = True
461.0611 	EXP 	line4: autoDraw = True
461.2049 	DATA 	Keypress: z
461.2202 	EXP 	Device response: <KeyPress from None: t=461.20124469999973, value=z, duration=None>
461.3503 	EXP 	Device response: <KeyPress from None: t=460.8241598000004, value=z, duration=0.517042899999069>
461.5347 	EXP 	Device response: <KeyPress from None: t=461.52945270000055, value=z, duration=None>
461.5377 	DATA 	Keypress: z
461.7157 	EXP 	Device response: <KeyPress from None: t=461.20124469999973, value=z, duration=0.4980639000004885>
462.0603 	INFO 	Keyboard events cleared
462.0602 	EXP 	fixation: autoDraw = False
462.0602 	EXP 	probe: autoDraw = True
462.7771 	EXP 	Device response: <KeyPress from None: t=462.7632899, value=z, duration=None>
462.7774 	EXP 	New trial (rep=45, index=3): <Trial 183 (3 in rep 45) data={'pos': -150, 'corr_resp': 'z', 'thisN': 183, 'thisTrialN': 3, 'thisRepN': 45}>
462.7785 	DATA 	Keypress: z
462.7934 	EXP 	fixation: autoDraw = False
462.7934 	EXP 	line1: autoDraw = False
462.7934 	EXP 	line2: autoDraw = False
462.7934 	EXP 	line3: autoDraw = False
462.7934 	EXP 	line4: autoDraw = False
462.7934 	EXP 	probe: autoDraw = False
462.9271 	EXP 	Device response: <KeyPress from None: t=461.52945270000055, value=z, duration=1.3894989999989775>
463.4604 	EXP 	Device response: <KeyPress from None: t=463.4535840999997, value=z, duration=None>
463.4610 	DATA 	Keypress: z
463.6770 	EXP 	Device response: <KeyPress from None: t=462.7632899, value=z, duration=0.9030253000000812>
463.7767 	EXP 	fixation: autoDraw = True
463.7767 	EXP 	line1: autoDraw = True
463.7767 	EXP 	line2: autoDraw = True
463.7767 	EXP 	line3: autoDraw = True
463.7767 	EXP 	line4: autoDraw = True
464.2280 	EXP 	Device response: <KeyPress from None: t=464.2163335000005, value=x, duration=None>
464.2295 	DATA 	Keypress: x
464.4775 	EXP 	Device response: <KeyPress from None: t=464.2163335000005, value=x, duration=0.2489525999990292>
464.7773 	INFO 	Keyboard events cleared
464.7771 	EXP 	fixation: autoDraw = False
464.7771 	EXP 	probe: autoDraw = True
464.8105 	EXP 	Device response: <KeyPress from None: t=464.7970012000005, value=z, duration=None>
464.8105 	EXP 	Device response: <KeyPress from None: t=464.8061839000002, value=x, duration=None>
464.8107 	EXP 	New trial (rep=46, index=0): <Trial 184 (0 in rep 46) data={'pos': -50, 'corr_resp': 'x', 'thisN': 184, 'thisTrialN': 0, 'thisRepN': 46}>
464.8115 	DATA 	Keypress: z
464.8116 	DATA 	Keypress: x
464.8269 	EXP 	fixation: autoDraw = False
464.8269 	EXP 	line1: autoDraw = False
464.8269 	EXP 	line2: autoDraw = False
464.8269 	EXP 	line3: autoDraw = False
464.8269 	EXP 	line4: autoDraw = False
464.8269 	EXP 	probe: autoDraw = False
465.0112 	EXP 	Device response: <KeyPress from None: t=463.4535840999997, value=z, duration=1.5419345999998768>
465.8112 	EXP 	fixation: autoDraw = True
465.8112 	EXP 	line1: autoDraw = True
465.8112 	EXP 	line2: autoDraw = True
465.8112 	EXP 	line3: autoDraw = True
465.8112 	EXP 	line4: autoDraw = True
466.7450 	EXP 	Device response: <KeyPress from None: t=464.8061839000002, value=x, duration=1.9221899999993184>
466.9100 	DATA 	Keypress: x
466.9272 	INFO 	Keyboard events cleared
466.9269 	EXP 	fixation: autoDraw = False
466.9269 	EXP 	probe: autoDraw = True
468.0284 	EXP 	Device response: <KeyPress from None: t=468.0210552999997, value=x, duration=None>
468.0287 	EXP 	New trial (rep=46, index=1): <Trial 185 (1 in rep 46) data={'pos': 150, 'corr_resp': 'v', 'thisN': 185, 'thisTrialN': 1, 'thisRepN': 46}>
468.0300 	DATA 	Keypress: x
468.0444 	EXP 	fixation: autoDraw = False
468.0444 	EXP 	line1: autoDraw = False
468.0444 	EXP 	line2: autoDraw = False
468.0444 	EXP 	line3: autoDraw = False
468.0444 	EXP 	line4: autoDraw = False
468.0444 	EXP 	probe: autoDraw = False
468.0448 	EXP 	Device response: <KeyPress from None: t=468.0344855000003, value=c, duration=None>
468.0455 	DATA 	Keypress: c
468.2118 	EXP 	Device response: <KeyPress from None: t=468.0210552999997, value=x, duration=0.1752085000007355>
468.2282 	EXP 	Device response: <KeyPress from None: t=468.0344855000003, value=c, duration=0.1840520000005199>
469.0360 	EXP 	fixation: autoDraw = True
469.0360 	EXP 	line1: autoDraw = True
469.0360 	EXP 	line2: autoDraw = True
469.0360 	EXP 	line3: autoDraw = True
469.0360 	EXP 	line4: autoDraw = True
469.1196 	EXP 	Device response: <KeyPress from None: t=469.1186668999999, value=x, duration=None>
469.1208 	DATA 	Keypress: x
469.1438 	EXP 	Device response: <KeyPress from None: t=469.1432079999995, value=c, duration=None>
469.1451 	DATA 	Keypress: c
469.3706 	EXP 	Device response: <KeyPress from None: t=469.1432079999995, value=c, duration=0.21826430000146502>
470.0282 	INFO 	Keyboard events cleared
470.0281 	EXP 	probe: autoDraw = True
470.0454 	EXP 	fixation: autoDraw = False
470.7293 	EXP 	Device response: <KeyPress from None: t=470.72695190000013, value=v, duration=None>
470.7296 	EXP 	New trial (rep=46, index=2): <Trial 186 (2 in rep 46) data={'pos': 50, 'corr_resp': 'c', 'thisN': 186, 'thisTrialN': 2, 'thisRepN': 46}>
470.7308 	DATA 	Keypress: v
470.7443 	EXP 	fixation: autoDraw = False
470.7443 	EXP 	line1: autoDraw = False
470.7443 	EXP 	line2: autoDraw = False
470.7443 	EXP 	line3: autoDraw = False
470.7443 	EXP 	line4: autoDraw = False
470.7443 	EXP 	probe: autoDraw = False
470.8619 	EXP 	Device response: <KeyPress from None: t=469.1186668999999, value=x, duration=1.7296523999993951>
470.9119 	EXP 	Device response: <KeyPress from None: t=470.72695190000013, value=v, duration=0.17435409999961848>
471.7285 	EXP 	fixation: autoDraw = True
471.7285 	EXP 	line1: autoDraw = True
471.7285 	EXP 	line2: autoDraw = True
471.7285 	EXP 	line3: autoDraw = True
471.7285 	EXP 	line4: autoDraw = True
472.6509 	EXP 	Device response: <KeyPress from None: t=472.64167869999983, value=v, duration=None>
472.6542 	DATA 	Keypress: v
472.7328 	INFO 	Keyboard events cleared
472.7325 	EXP 	fixation: autoDraw = False
472.7325 	EXP 	probe: autoDraw = True
472.8674 	EXP 	Device response: <KeyPress from None: t=472.64167869999983, value=v, duration=0.21669430000110879>
473.9222 	EXP 	Device response: <KeyPress from None: t=473.9192471999995, value=v, duration=None>
473.9226 	EXP 	New trial (rep=46, index=3): <Trial 187 (3 in rep 46) data={'pos': -150, 'corr_resp': 'z', 'thisN': 187, 'thisTrialN': 3, 'thisRepN': 46}>
473.9238 	DATA 	Keypress: v
473.9379 	EXP 	fixation: autoDraw = False
473.9379 	EXP 	line1: autoDraw = False
473.9379 	EXP 	line2: autoDraw = False
473.9379 	EXP 	line3: autoDraw = False
473.9379 	EXP 	line4: autoDraw = False
473.9379 	EXP 	probe: autoDraw = False
474.0862 	EXP 	Device response: <KeyPress from None: t=473.9192471999995, value=v, duration=0.1626735000008921>
474.8381 	EXP 	Device response: <KeyPress from None: t=474.8255497000009, value=c, duration=None>
474.8393 	DATA 	Keypress: c
474.9387 	EXP 	fixation: autoDraw = True
474.9387 	EXP 	line1: autoDraw = True
474.9387 	EXP 	line2: autoDraw = True
474.9387 	EXP 	line3: autoDraw = True
474.9387 	EXP 	line4: autoDraw = True
475.0557 	EXP 	Device response: <KeyPress from None: t=474.8255497000009, value=c, duration=0.2205763999991177>
475.2882 	EXP 	Device response: <KeyPress from None: t=475.2858175000001, value=c, duration=None>
475.2902 	DATA 	Keypress: c
475.4535 	EXP 	Device response: <KeyPress from None: t=475.2858175000001, value=c, duration=0.1645009999992908>
475.8058 	EXP 	Device response: <KeyPress from None: t=475.8001815000007, value=c, duration=None>
475.8077 	DATA 	Keypress: c
475.9392 	INFO 	Keyboard events cleared
475.9390 	EXP 	fixation: autoDraw = False
475.9390 	EXP 	probe: autoDraw = True
475.9891 	EXP 	Device response: <KeyPress from None: t=475.8001815000007, value=c, duration=0.17614539999885892>
476.4391 	EXP 	Device response: <KeyPress from None: t=476.42617939999946, value=z, duration=None>
476.4396 	EXP 	New trial (rep=47, index=0): <Trial 188 (0 in rep 47) data={'pos': -50, 'corr_resp': 'x', 'thisN': 188, 'thisTrialN': 0, 'thisRepN': 47}>
476.4408 	DATA 	Keypress: z
476.4547 	EXP 	fixation: autoDraw = False
476.4547 	EXP 	line1: autoDraw = False
476.4547 	EXP 	line2: autoDraw = False
476.4547 	EXP 	line3: autoDraw = False
476.4547 	EXP 	line4: autoDraw = False
476.4547 	EXP 	probe: autoDraw = False
476.7058 	EXP 	Device response: <KeyPress from None: t=464.7970012000005, value=z, duration=11.90403249999872>
477.1890 	EXP 	Device response: <KeyPress from None: t=477.1728932999995, value=c, duration=None>
477.1891 	EXP 	Device response: <KeyPress from None: t=477.1827735000006, value=x, duration=None>
477.1906 	DATA 	Keypress: c
477.1908 	DATA 	Keypress: x
477.3224 	EXP 	Device response: <KeyPress from None: t=477.1728932999995, value=c, duration=0.13523720000011963>
477.3224 	EXP 	Device response: <KeyPress from None: t=477.1827735000006, value=x, duration=0.13626639999893086>
477.4385 	EXP 	fixation: autoDraw = True
477.4385 	EXP 	line1: autoDraw = True
477.4385 	EXP 	line2: autoDraw = True
477.4385 	EXP 	line3: autoDraw = True
477.4385 	EXP 	line4: autoDraw = True
477.5228 	EXP 	Device response: <KeyPress from None: t=477.52004080000006, value=c, duration=None>
477.5246 	DATA 	Keypress: c
477.7226 	EXP 	Device response: <KeyPress from None: t=477.52004080000006, value=c, duration=0.18806170000061684>
477.8882 	EXP 	Device response: <KeyPress from None: t=477.8844437000007, value=c, duration=None>
477.8896 	DATA 	Keypress: c
477.9222 	EXP 	Device response: <KeyPress from None: t=477.9166574999999, value=x, duration=None>
477.9236 	DATA 	Keypress: x
478.0898 	EXP 	Device response: <KeyPress from None: t=477.8844437000007, value=c, duration=0.18920319999961066>
478.0898 	EXP 	Device response: <KeyPress from None: t=477.9166574999999, value=x, duration=0.17085100000076636>
478.3227 	EXP 	Device response: <KeyPress from None: t=478.30906160000086, value=c, duration=None>
478.3245 	DATA 	Keypress: c
478.4380 	EXP 	fixation: autoDraw = False
478.4542 	INFO 	Keyboard events cleared
478.4540 	EXP 	probe: autoDraw = True
478.5059 	EXP 	Device response: <KeyPress from None: t=478.30906160000086, value=c, duration=0.1876509999983682>
478.7051 	EXP 	Device response: <KeyPress from None: t=478.6912814999996, value=c, duration=None>
478.7055 	EXP 	New trial (rep=47, index=1): <Trial 189 (1 in rep 47) data={'pos': 150, 'corr_resp': 'v', 'thisN': 189, 'thisTrialN': 1, 'thisRepN': 47}>
478.7066 	DATA 	Keypress: c
478.7199 	EXP 	fixation: autoDraw = False
478.7199 	EXP 	line1: autoDraw = False
478.7199 	EXP 	line2: autoDraw = False
478.7199 	EXP 	line3: autoDraw = False
478.7199 	EXP 	line4: autoDraw = False
478.7199 	EXP 	probe: autoDraw = False
478.8727 	EXP 	Device response: <KeyPress from None: t=478.6912814999996, value=c, duration=0.16812659999959578>
479.5389 	EXP 	Device response: <KeyPress from None: t=479.5278698000002, value=x, duration=None>
479.5398 	DATA 	Keypress: x
479.7042 	EXP 	fixation: autoDraw = True
479.7042 	EXP 	line1: autoDraw = True
479.7042 	EXP 	line2: autoDraw = True
479.7042 	EXP 	line3: autoDraw = True
479.7042 	EXP 	line4: autoDraw = True
479.7048 	EXP 	Device response: <KeyPress from None: t=479.5278698000002, value=x, duration=0.16934699999910663>
479.9393 	EXP 	Device response: <KeyPress from None: t=479.9363764000009, value=x, duration=None>
479.9411 	DATA 	Keypress: x
480.1547 	EXP 	Device response: <KeyPress from None: t=479.9363764000009, value=x, duration=0.212844399999085>
480.3903 	EXP 	Device response: <KeyPress from None: t=480.3883788999992, value=x, duration=None>
480.3921 	DATA 	Keypress: x
480.5726 	EXP 	Device response: <KeyPress from None: t=480.3883788999992, value=x, duration=0.1715799000012339>
480.7048 	INFO 	Keyboard events cleared
480.7046 	EXP 	fixation: autoDraw = False
480.7046 	EXP 	probe: autoDraw = True
480.8191 	EXP 	Device response: <KeyPress from None: t=480.81429469999966, value=x, duration=None>
480.8194 	EXP 	New trial (rep=47, index=2): <Trial 190 (2 in rep 47) data={'pos': 50, 'corr_resp': 'c', 'thisN': 190, 'thisTrialN': 2, 'thisRepN': 47}>
480.8203 	DATA 	Keypress: x
480.8374 	EXP 	fixation: autoDraw = False
480.8374 	EXP 	line1: autoDraw = False
480.8374 	EXP 	line2: autoDraw = False
480.8374 	EXP 	line3: autoDraw = False
480.8374 	EXP 	line4: autoDraw = False
480.8374 	EXP 	probe: autoDraw = False
481.0060 	EXP 	Device response: <KeyPress from None: t=480.81429469999966, value=x, duration=0.17509350000000268>
481.1730 	EXP 	Device response: <KeyPress from None: t=481.16940579999937, value=x, duration=None>
481.1749 	DATA 	Keypress: x
481.3558 	EXP 	Device response: <KeyPress from None: t=481.16940579999937, value=x, duration=0.17919200000142155>
481.5885 	EXP 	Device response: <KeyPress from None: t=481.5828027999996, value=x, duration=None>
481.5902 	DATA 	Keypress: x
481.8056 	EXP 	Device response: <KeyPress from None: t=481.5828027999996, value=x, duration=0.21166170000105922>
481.8212 	EXP 	fixation: autoDraw = True
481.8212 	EXP 	line1: autoDraw = True
481.8212 	EXP 	line2: autoDraw = True
481.8212 	EXP 	line3: autoDraw = True
481.8212 	EXP 	line4: autoDraw = True
482.0391 	EXP 	Device response: <KeyPress from None: t=482.03359660000024, value=x, duration=None>
482.0411 	DATA 	Keypress: x
482.3060 	EXP 	Device response: <KeyPress from None: t=482.03359660000024, value=x, duration=0.2720914999990782>
482.6058 	EXP 	Device response: <KeyPress from None: t=482.59928129999935, value=x, duration=None>
482.6077 	DATA 	Keypress: x
482.8186 	INFO 	Keyboard events cleared
482.8184 	EXP 	fixation: autoDraw = False
482.8184 	EXP 	probe: autoDraw = True
482.8554 	EXP 	Device response: <KeyPress from None: t=482.59928129999935, value=x, duration=0.251540200000818>
483.3898 	EXP 	Device response: <KeyPress from None: t=483.38656679999985, value=z, duration=None>
483.3902 	EXP 	New trial (rep=47, index=3): <Trial 191 (3 in rep 47) data={'pos': -150, 'corr_resp': 'z', 'thisN': 191, 'thisTrialN': 3, 'thisRepN': 47}>
483.3916 	DATA 	Keypress: z
483.4044 	EXP 	fixation: autoDraw = False
483.4044 	EXP 	line1: autoDraw = False
483.4044 	EXP 	line2: autoDraw = False
483.4044 	EXP 	line3: autoDraw = False
483.4044 	EXP 	line4: autoDraw = False
483.4044 	EXP 	probe: autoDraw = False
483.4052 	EXP 	Device response: <KeyPress from None: t=483.4016671999998, value=x, duration=None>
483.4083 	DATA 	Keypress: x
483.5729 	EXP 	Device response: <KeyPress from None: t=476.42617939999946, value=z, duration=7.1393583999997645>
483.6063 	EXP 	Device response: <KeyPress from None: t=483.4016671999998, value=x, duration=0.1948513000006642>
483.8766 	EXP 	Device response: <KeyPress from None: t=483.8635505000002, value=x, duration=None>
483.8786 	DATA 	Keypress: x
484.0924 	EXP 	Device response: <KeyPress from None: t=483.8635505000002, value=x, duration=0.21186610000040673>
484.3627 	DATA 	Keypress: x
484.3756 	EXP 	Device response: <KeyPress from None: t=484.3613767000006, value=x, duration=None>
484.3911 	EXP 	fixation: autoDraw = True
484.3911 	EXP 	line1: autoDraw = True
484.3911 	EXP 	line2: autoDraw = True
484.3911 	EXP 	line3: autoDraw = True
484.3911 	EXP 	line4: autoDraw = True
484.5918 	EXP 	Device response: <KeyPress from None: t=484.3613767000006, value=x, duration=0.22393509999892558>
484.8429 	EXP 	Device response: <KeyPress from None: t=484.8414035000005, value=x, duration=None>
484.8460 	DATA 	Keypress: x
485.0783 	EXP 	Device response: <KeyPress from None: t=484.8414035000005, value=x, duration=0.22317169999951147>
485.4051 	INFO 	Keyboard events cleared
485.4049 	EXP 	fixation: autoDraw = False
485.4049 	EXP 	probe: autoDraw = True
485.5889 	EXP 	Device response: <KeyPress from None: t=485.58777720000035, value=x, duration=None>
485.5893 	EXP 	New trial (rep=48, index=0): <Trial 192 (0 in rep 48) data={'pos': -50, 'corr_resp': 'x', 'thisN': 192, 'thisTrialN': 0, 'thisRepN': 48}>
485.5902 	DATA 	Keypress: x
485.6051 	EXP 	fixation: autoDraw = False
485.6051 	EXP 	line1: autoDraw = False
485.6051 	EXP 	line2: autoDraw = False
485.6051 	EXP 	line3: autoDraw = False
485.6051 	EXP 	line4: autoDraw = False
485.6051 	EXP 	probe: autoDraw = False
485.7884 	EXP 	Device response: <KeyPress from None: t=485.58777720000035, value=x, duration=0.19508200000018405>
486.5854 	EXP 	fixation: autoDraw = True
486.5854 	EXP 	line1: autoDraw = True
486.5854 	EXP 	line2: autoDraw = True
486.5854 	EXP 	line3: autoDraw = True
486.5854 	EXP 	line4: autoDraw = True
487.5881 	EXP 	fixation: autoDraw = False
487.6047 	INFO 	Keyboard events cleared
487.6044 	EXP 	probe: autoDraw = True
487.9379 	EXP 	Device response: <KeyPress from None: t=487.93536850000055, value=z, duration=None>
487.9383 	EXP 	New trial (rep=48, index=1): <Trial 193 (1 in rep 48) data={'pos': 150, 'corr_resp': 'v', 'thisN': 193, 'thisTrialN': 1, 'thisRepN': 48}>
487.9397 	DATA 	Keypress: z
487.9529 	EXP 	fixation: autoDraw = False
487.9529 	EXP 	line1: autoDraw = False
487.9529 	EXP 	line2: autoDraw = False
487.9529 	EXP 	line3: autoDraw = False
487.9529 	EXP 	line4: autoDraw = False
487.9529 	EXP 	probe: autoDraw = False
488.1046 	EXP 	Device response: <KeyPress from None: t=483.38656679999985, value=z, duration=4.7025539000005665>
488.9531 	EXP 	fixation: autoDraw = True
488.9531 	EXP 	line1: autoDraw = True
488.9531 	EXP 	line2: autoDraw = True
488.9531 	EXP 	line3: autoDraw = True
488.9531 	EXP 	line4: autoDraw = True
489.0736 	EXP 	Device response: <KeyPress from None: t=489.07116680000036, value=z, duration=None>
489.0762 	DATA 	Keypress: z
489.2883 	EXP 	Device response: <KeyPress from None: t=487.93536850000055, value=z, duration=1.3471587999993062>
489.5222 	EXP 	Device response: <KeyPress from None: t=489.5128545999996, value=z, duration=None>
489.5243 	DATA 	Keypress: z
489.6884 	EXP 	Device response: <KeyPress from None: t=489.07116680000036, value=z, duration=0.6142911999995704>
489.8738 	DATA 	Keypress: z
489.8884 	EXP 	Device response: <KeyPress from None: t=489.8722527000009, value=z, duration=None>
489.9363 	INFO 	Keyboard events cleared
489.9359 	EXP 	probe: autoDraw = True
489.9541 	EXP 	fixation: autoDraw = False
490.0712 	EXP 	Device response: <KeyPress from None: t=489.5128545999996, value=z, duration=0.5533087000003434>
490.3196 	EXP 	Device response: <KeyPress from None: t=490.3115293999999, value=z, duration=None>
490.3200 	EXP 	New trial (rep=48, index=2): <Trial 194 (2 in rep 48) data={'pos': 50, 'corr_resp': 'c', 'thisN': 194, 'thisTrialN': 2, 'thisRepN': 48}>
490.3212 	DATA 	Keypress: z
490.3357 	EXP 	fixation: autoDraw = False
490.3357 	EXP 	line1: autoDraw = False
490.3357 	EXP 	line2: autoDraw = False
490.3357 	EXP 	line3: autoDraw = False
490.3357 	EXP 	line4: autoDraw = False
490.3357 	EXP 	probe: autoDraw = False
490.4896 	EXP 	Device response: <KeyPress from None: t=489.8722527000009, value=z, duration=0.6125781999999163>
491.0219 	EXP 	Device response: <KeyPress from None: t=491.01042039999993, value=z, duration=None>
491.0228 	DATA 	Keypress: z
491.1879 	EXP 	Device response: <KeyPress from None: t=490.3115293999999, value=z, duration=0.8642407999996067>
491.3214 	EXP 	fixation: autoDraw = True
491.3214 	EXP 	line1: autoDraw = True
491.3214 	EXP 	line2: autoDraw = True
491.3214 	EXP 	line3: autoDraw = True
491.3214 	EXP 	line4: autoDraw = True
491.4382 	EXP 	Device response: <KeyPress from None: t=491.4282794999999, value=z, duration=None>
491.4399 	DATA 	Keypress: z
491.5887 	EXP 	Device response: <KeyPress from None: t=491.01042039999993, value=z, duration=0.5779244999994262>
491.9050 	EXP 	Device response: <KeyPress from None: t=491.89928110000074, value=z, duration=None>
491.9066 	DATA 	Keypress: z
492.0718 	EXP 	Device response: <KeyPress from None: t=491.4282794999999, value=z, duration=0.6341425999999046>
492.3213 	INFO 	Keyboard events cleared
492.3208 	EXP 	fixation: autoDraw = False
492.3208 	EXP 	probe: autoDraw = True
492.3547 	EXP 	Device response: <KeyPress from None: t=492.3445090999994, value=z, duration=None>
492.3551 	EXP 	New trial (rep=48, index=3): <Trial 195 (3 in rep 48) data={'pos': -150, 'corr_resp': 'z', 'thisN': 195, 'thisTrialN': 3, 'thisRepN': 48}>
492.3564 	DATA 	Keypress: z
492.3713 	EXP 	fixation: autoDraw = False
492.3713 	EXP 	line1: autoDraw = False
492.3713 	EXP 	line2: autoDraw = False
492.3713 	EXP 	line3: autoDraw = False
492.3713 	EXP 	line4: autoDraw = False
492.3713 	EXP 	probe: autoDraw = False
492.5400 	EXP 	Device response: <KeyPress from None: t=491.89928110000074, value=z, duration=0.6379407999993418>
492.9210 	EXP 	Device response: <KeyPress from None: t=492.9158480999995, value=x, duration=None>
492.9218 	DATA 	Keypress: x
493.0709 	EXP 	Device response: <KeyPress from None: t=492.9158480999995, value=x, duration=0.14988160000029893>
493.3234 	EXP 	Device response: <KeyPress from None: t=493.32146549999925, value=z, duration=None>
493.3243 	DATA 	Keypress: z
493.3549 	EXP 	fixation: autoDraw = True
493.3549 	EXP 	line1: autoDraw = True
493.3549 	EXP 	line2: autoDraw = True
493.3549 	EXP 	line3: autoDraw = True
493.3549 	EXP 	line4: autoDraw = True
493.5225 	EXP 	Device response: <KeyPress from None: t=492.3445090999994, value=z, duration=1.160851399999956>
493.6546 	EXP 	Device response: <KeyPress from None: t=493.64910899999995, value=z, duration=None>
493.6563 	DATA 	Keypress: z
493.8389 	EXP 	Device response: <KeyPress from None: t=493.32146549999925, value=z, duration=0.5008252000006905>
494.1213 	EXP 	Device response: <KeyPress from None: t=494.1167939999996, value=z, duration=None>
494.1234 	DATA 	Keypress: z
494.2539 	EXP 	Device response: <KeyPress from None: t=493.64910899999995, value=z, duration=0.5902906999999686>
494.3696 	INFO 	Keyboard events cleared
494.3694 	EXP 	fixation: autoDraw = False
494.3694 	EXP 	probe: autoDraw = True
494.4526 	EXP 	Device response: <KeyPress from None: t=494.4522216999994, value=z, duration=None>
494.4530 	EXP 	New trial (rep=49, index=0): <Trial 196 (0 in rep 49) data={'pos': -50, 'corr_resp': 'x', 'thisN': 196, 'thisTrialN': 0, 'thisRepN': 49}>
494.4540 	DATA 	Keypress: z
494.4685 	EXP 	fixation: autoDraw = False
494.4685 	EXP 	line1: autoDraw = False
494.4685 	EXP 	line2: autoDraw = False
494.4685 	EXP 	line3: autoDraw = False
494.4685 	EXP 	line4: autoDraw = False
494.4685 	EXP 	probe: autoDraw = False
494.6212 	EXP 	Device response: <KeyPress from None: t=494.1167939999996, value=z, duration=0.5020387000004121>
494.7559 	EXP 	Device response: <KeyPress from None: t=494.7546684000008, value=z, duration=None>
494.7567 	DATA 	Keypress: z
494.9712 	EXP 	Device response: <KeyPress from None: t=494.4522216999994, value=z, duration=0.513833800001521>
495.1886 	EXP 	Device response: <KeyPress from None: t=495.1854050000002, value=z, duration=None>
495.1895 	DATA 	Keypress: z
495.3737 	EXP 	Device response: <KeyPress from None: t=494.7546684000008, value=z, duration=0.6161588999984815>
495.4552 	EXP 	fixation: autoDraw = True
495.4552 	EXP 	line1: autoDraw = True
495.4552 	EXP 	line2: autoDraw = True
495.4552 	EXP 	line3: autoDraw = True
495.4552 	EXP 	line4: autoDraw = True
495.5720 	EXP 	Device response: <KeyPress from None: t=495.56854659999954, value=z, duration=None>
495.5737 	DATA 	Keypress: z
495.7378 	EXP 	Device response: <KeyPress from None: t=495.1854050000002, value=z, duration=0.5462050000005547>
495.9690 	EXP 	Device response: <KeyPress from None: t=495.9629855000003, value=z, duration=None>
495.9715 	DATA 	Keypress: z
496.1547 	EXP 	Device response: <KeyPress from None: t=495.56854659999954, value=z, duration=0.5755951999999525>
496.3547 	EXP 	Device response: <KeyPress from None: t=496.34892949999994, value=z, duration=None>
496.3562 	DATA 	Keypress: z
496.4542 	INFO 	Keyboard events cleared
496.4541 	EXP 	probe: autoDraw = True
496.4708 	EXP 	fixation: autoDraw = False
496.5023 	EXP 	Device response: <KeyPress from None: t=495.9629855000003, value=z, duration=0.5272387999993953>
496.6543 	EXP 	Device response: <KeyPress from None: t=496.6473523000004, value=z, duration=None>
496.6547 	EXP 	New trial (rep=49, index=1): <Trial 197 (1 in rep 49) data={'pos': 150, 'corr_resp': 'v', 'thisN': 197, 'thisTrialN': 1, 'thisRepN': 49}>
496.6560 	DATA 	Keypress: z
496.6707 	EXP 	fixation: autoDraw = False
496.6707 	EXP 	line1: autoDraw = False
496.6707 	EXP 	line2: autoDraw = False
496.6707 	EXP 	line3: autoDraw = False
496.6707 	EXP 	line4: autoDraw = False
496.6707 	EXP 	probe: autoDraw = False
496.9546 	EXP 	Device response: <KeyPress from None: t=496.34892949999994, value=z, duration=0.5957677999995212>
497.3212 	EXP 	Device response: <KeyPress from None: t=497.3129365999994, value=z, duration=None>
497.3221 	DATA 	Keypress: z
497.4552 	EXP 	Device response: <KeyPress from None: t=496.6473523000004, value=z, duration=0.7963638000001083>
497.6546 	EXP 	fixation: autoDraw = True
497.6546 	EXP 	line1: autoDraw = True
497.6546 	EXP 	line2: autoDraw = True
497.6546 	EXP 	line3: autoDraw = True
497.6546 	EXP 	line4: autoDraw = True
497.7551 	EXP 	Device response: <KeyPress from None: t=497.74081640000077, value=z, duration=None>
497.7569 	DATA 	Keypress: z
497.8889 	EXP 	Device response: <KeyPress from None: t=497.3129365999994, value=z, duration=0.5756073000011384>
498.1699 	EXP 	Device response: <KeyPress from None: t=498.1635659000003, value=z, duration=None>
498.1711 	DATA 	Keypress: z
498.3374 	EXP 	Device response: <KeyPress from None: t=497.74081640000077, value=z, duration=0.5939914999999019>
498.6681 	INFO 	Keyboard events cleared
498.6680 	EXP 	fixation: autoDraw = False
498.6680 	EXP 	probe: autoDraw = True
499.0940 	EXP 	Device response: <KeyPress from None: t=499.0936165999992, value=z, duration=None>
499.0945 	EXP 	New trial (rep=49, index=2): <Trial 198 (2 in rep 49) data={'pos': 50, 'corr_resp': 'c', 'thisN': 198, 'thisTrialN': 2, 'thisRepN': 49}>
499.0964 	DATA 	Keypress: z
499.1025 	EXP 	fixation: autoDraw = False
499.1025 	EXP 	line1: autoDraw = False
499.1025 	EXP 	line2: autoDraw = False
499.1025 	EXP 	line3: autoDraw = False
499.1025 	EXP 	line4: autoDraw = False
499.1025 	EXP 	probe: autoDraw = False
499.2794 	EXP 	Device response: <KeyPress from None: t=498.1635659000003, value=z, duration=1.1099641999990126>
499.4975 	EXP 	Device response: <KeyPress from None: t=499.4852716000005, value=z, duration=None>
499.4991 	DATA 	Keypress: z
499.6634 	EXP 	Device response: <KeyPress from None: t=499.0936165999992, value=z, duration=0.560052300001189>
499.8299 	EXP 	Device response: <KeyPress from None: t=499.8192084000002, value=z, duration=None>
499.8307 	DATA 	Keypress: z
499.9967 	EXP 	Device response: <KeyPress from None: t=499.4852716000005, value=z, duration=0.5093355999997584>
500.0958 	EXP 	fixation: autoDraw = True
500.0958 	EXP 	line1: autoDraw = True
500.0958 	EXP 	line2: autoDraw = True
500.0958 	EXP 	line3: autoDraw = True
500.0958 	EXP 	line4: autoDraw = True
501.0962 	INFO 	Keyboard events cleared
501.0960 	EXP 	fixation: autoDraw = False
501.0960 	EXP 	probe: autoDraw = True
501.5966 	EXP 	Device response: <KeyPress from None: t=501.5922140999992, value=v, duration=None>
501.5970 	EXP 	New trial (rep=49, index=3): <Trial 199 (3 in rep 49) data={'pos': -150, 'corr_resp': 'z', 'thisN': 199, 'thisTrialN': 3, 'thisRepN': 49}>
501.6010 	DATA 	Keypress: v
501.6120 	EXP 	fixation: autoDraw = False
501.6120 	EXP 	line1: autoDraw = False
501.6120 	EXP 	line2: autoDraw = False
501.6120 	EXP 	line3: autoDraw = False
501.6120 	EXP 	line4: autoDraw = False
501.6120 	EXP 	probe: autoDraw = False
501.7969 	EXP 	Device response: <KeyPress from None: t=501.5922140999992, value=v, duration=0.1893357000008109>
502.2129 	EXP 	Device response: <KeyPress from None: t=502.1994324999996, value=v, duration=None>
502.2138 	DATA 	Keypress: v
502.3804 	EXP 	Device response: <KeyPress from None: t=502.1994324999996, value=v, duration=0.1785954999995738>
502.6124 	EXP 	fixation: autoDraw = True
502.6124 	EXP 	line1: autoDraw = True
502.6124 	EXP 	line2: autoDraw = True
502.6124 	EXP 	line3: autoDraw = True
502.6124 	EXP 	line4: autoDraw = True
502.7465 	EXP 	Device response: <KeyPress from None: t=502.7330296, value=v, duration=None>
502.7482 	DATA 	Keypress: v
502.8971 	EXP 	Device response: <KeyPress from None: t=502.7330296, value=v, duration=0.16363920000003418>
503.2481 	EXP 	Device response: <KeyPress from None: t=503.24575709999954, value=v, duration=None>
503.2501 	DATA 	Keypress: v
503.4619 	EXP 	Device response: <KeyPress from None: t=503.24575709999954, value=v, duration=0.2002916000001278>
503.6134 	INFO 	Keyboard events cleared
503.6131 	EXP 	fixation: autoDraw = False
503.6131 	EXP 	probe: autoDraw = True
503.7821 	DATA 	Keypress: v
503.7967 	EXP 	Device response: <KeyPress from None: t=503.78059120000034, value=v, duration=None>
503.8074 	EXP 	Imported OneDrive/Documents/sequence_con.csv.xlsx as conditions, 4 conditions, 2 params
503.8117 	EXP 	New trial (rep=0, index=0): <Trial 0 (0 in rep 0) data={'pos': 150, 'corr_resp': 'v', 'thisN': 0, 'thisTrialN': 0, 'thisRepN': 0}>
503.8271 	EXP 	fixation: autoDraw = False
503.8271 	EXP 	line1: autoDraw = False
503.8271 	EXP 	line2: autoDraw = False
503.8271 	EXP 	line3: autoDraw = False
503.8271 	EXP 	line4: autoDraw = False
503.8271 	EXP 	probe: autoDraw = False
503.9636 	EXP 	Device response: <KeyPress from None: t=503.78059120000034, value=v, duration=0.1663418999996793>
504.6462 	EXP 	Device response: <KeyPress from None: t=504.6391684000009, value=v, duration=None>
504.6471 	DATA 	Keypress: v
504.8129 	EXP 	fixation: autoDraw = True
504.8129 	EXP 	line1: autoDraw = True
504.8129 	EXP 	line2: autoDraw = True
504.8129 	EXP 	line3: autoDraw = True
504.8129 	EXP 	line4: autoDraw = True
504.9126 	EXP 	Device response: <KeyPress from None: t=504.6391684000009, value=v, duration=0.26756619999832765>
505.3466 	EXP 	Device response: <KeyPress from None: t=505.3446533000006, value=v, duration=None>
505.3486 	DATA 	Keypress: v
505.5297 	EXP 	Device response: <KeyPress from None: t=505.3446533000006, value=v, duration=0.17927739999868209>
505.8126 	INFO 	Keyboard events cleared
505.8124 	EXP 	fixation: autoDraw = False
505.8124 	EXP 	probe: autoDraw = True
506.1395 	EXP 	Device response: <KeyPress from None: t=506.1292833999996, value=v, duration=None>
506.1401 	EXP 	New trial (rep=0, index=1): <Trial 1 (1 in rep 0) data={'pos': -150, 'corr_resp': 'z', 'thisN': 1, 'thisTrialN': 1, 'thisRepN': 0}>
506.1414 	DATA 	Keypress: v
506.1525 	EXP 	fixation: autoDraw = False
506.1525 	EXP 	line1: autoDraw = False
506.1525 	EXP 	line2: autoDraw = False
506.1525 	EXP 	line3: autoDraw = False
506.1525 	EXP 	line4: autoDraw = False
506.1525 	EXP 	probe: autoDraw = False
506.2711 	EXP 	Device response: <KeyPress from None: t=506.1292833999996, value=v, duration=0.12640290000126697>
507.1541 	EXP 	fixation: autoDraw = True
507.1541 	EXP 	line1: autoDraw = True
507.1541 	EXP 	line2: autoDraw = True
507.1541 	EXP 	line3: autoDraw = True
507.1541 	EXP 	line4: autoDraw = True
507.2868 	EXP 	Device response: <KeyPress from None: t=507.28455550000035, value=v, duration=None>
507.2902 	DATA 	Keypress: v
507.4723 	EXP 	Device response: <KeyPress from None: t=507.28455550000035, value=v, duration=0.183759800000189>
508.1539 	INFO 	Keyboard events cleared
508.1538 	EXP 	fixation: autoDraw = False
508.1538 	EXP 	probe: autoDraw = True
508.3207 	EXP 	Device response: <KeyPress from None: t=508.3186721000002, value=v, duration=None>
508.3210 	EXP 	New trial (rep=0, index=2): <Trial 2 (2 in rep 0) data={'pos': -50, 'corr_resp': 'x', 'thisN': 2, 'thisTrialN': 2, 'thisRepN': 0}>
508.3218 	DATA 	Keypress: v
508.3375 	EXP 	fixation: autoDraw = False
508.3375 	EXP 	line1: autoDraw = False
508.3375 	EXP 	line2: autoDraw = False
508.3375 	EXP 	line3: autoDraw = False
508.3375 	EXP 	line4: autoDraw = False
508.3375 	EXP 	probe: autoDraw = False
508.4883 	EXP 	Device response: <KeyPress from None: t=508.3186721000002, value=v, duration=0.16471929999897839>
509.1027 	EXP 	Device response: <KeyPress from None: t=509.10213789999943, value=v, duration=None>
509.1054 	DATA 	Keypress: v
509.3208 	EXP 	fixation: autoDraw = True
509.3208 	EXP 	line1: autoDraw = True
509.3208 	EXP 	line2: autoDraw = True
509.3208 	EXP 	line3: autoDraw = True
509.3208 	EXP 	line4: autoDraw = True
509.3215 	EXP 	Device response: <KeyPress from None: t=509.10213789999943, value=v, duration=0.2042474999998376>
509.6552 	EXP 	Device response: <KeyPress from None: t=509.6549231000008, value=v, duration=None>
509.6575 	DATA 	Keypress: v
509.8546 	EXP 	Device response: <KeyPress from None: t=509.6549231000008, value=v, duration=0.1859015999998519>
510.3214 	INFO 	Keyboard events cleared
510.3212 	EXP 	fixation: autoDraw = False
510.3212 	EXP 	probe: autoDraw = True
510.4882 	EXP 	Device response: <KeyPress from None: t=510.48002389999965, value=c, duration=None>
510.4887 	EXP 	New trial (rep=1, index=3): <Trial 3 (3 in rep 1) data={'pos': -50, 'corr_resp': 'x', 'thisN': 3, 'thisTrialN': 3, 'thisRepN': 1}>
510.4900 	DATA 	Keypress: c
510.5041 	EXP 	fixation: autoDraw = False
510.5041 	EXP 	line1: autoDraw = False
510.5041 	EXP 	line2: autoDraw = False
510.5041 	EXP 	line3: autoDraw = False
510.5041 	EXP 	line4: autoDraw = False
510.5041 	EXP 	probe: autoDraw = False
510.5375 	EXP 	Device response: <KeyPress from None: t=510.52319929999976, value=x, duration=None>
510.5385 	DATA 	Keypress: x
510.6876 	EXP 	Device response: <KeyPress from None: t=510.48002389999965, value=c, duration=0.2002145999995264>
510.7378 	EXP 	Device response: <KeyPress from None: t=510.52319929999976, value=x, duration=0.2113456999995833>
511.4955 	EXP 	fixation: autoDraw = True
511.4955 	EXP 	line1: autoDraw = True
511.4955 	EXP 	line2: autoDraw = True
511.4955 	EXP 	line3: autoDraw = True
511.4955 	EXP 	line4: autoDraw = True
512.4856 	INFO 	Keyboard events cleared
512.4855 	EXP 	probe: autoDraw = True
512.4926 	EXP 	fixation: autoDraw = False
512.7182 	EXP 	Device response: <KeyPress from None: t=512.7180150999993, value=x, duration=None>
512.7186 	EXP 	New trial (rep=1, index=4): <Trial 4 (4 in rep 1) data={'pos': -150, 'corr_resp': 'z', 'thisN': 4, 'thisTrialN': 4, 'thisRepN': 1}>
512.7200 	DATA 	Keypress: x
512.7264 	EXP 	fixation: autoDraw = False
512.7264 	EXP 	line1: autoDraw = False
512.7264 	EXP 	line2: autoDraw = False
512.7264 	EXP 	line3: autoDraw = False
512.7264 	EXP 	line4: autoDraw = False
512.7264 	EXP 	probe: autoDraw = False
512.8730 	EXP 	Device response: <KeyPress from None: t=512.7180150999993, value=x, duration=0.14067810000051395>
513.1384 	EXP 	Device response: <KeyPress from None: t=513.1271312999997, value=x, duration=None>
513.1392 	DATA 	Keypress: x
513.2733 	EXP 	Device response: <KeyPress from None: t=513.1271312999997, value=x, duration=0.14256360000035784>
513.7204 	EXP 	fixation: autoDraw = True
513.7204 	EXP 	line1: autoDraw = True
513.7204 	EXP 	line2: autoDraw = True
513.7204 	EXP 	line3: autoDraw = True
513.7204 	EXP 	line4: autoDraw = True
514.1600 	EXP 	Device response: <KeyPress from None: t=514.1545575, value=c, duration=None>
514.1612 	DATA 	Keypress: c
514.3125 	EXP 	Device response: <KeyPress from None: t=514.1545575, value=c, duration=0.15328100000078848>
514.5625 	EXP 	Device response: <KeyPress from None: t=514.5569003, value=c, duration=None>
514.5644 	DATA 	Keypress: c
514.7288 	INFO 	Keyboard events cleared
514.7284 	EXP 	fixation: autoDraw = False
514.7284 	EXP 	probe: autoDraw = True
514.7638 	EXP 	Device response: <KeyPress from None: t=514.5569003, value=c, duration=0.1910673999991559>
514.9620 	EXP 	Device response: <KeyPress from None: t=514.9476940999994, value=c, duration=None>
514.9623 	EXP 	New trial (rep=2, index=5): <Trial 5 (5 in rep 2) data={'pos': -150, 'corr_resp': 'z', 'thisN': 5, 'thisTrialN': 5, 'thisRepN': 2}>
514.9634 	DATA 	Keypress: c
514.9785 	EXP 	fixation: autoDraw = False
514.9785 	EXP 	line1: autoDraw = False
514.9785 	EXP 	line2: autoDraw = False
514.9785 	EXP 	line3: autoDraw = False
514.9785 	EXP 	line4: autoDraw = False
514.9785 	EXP 	probe: autoDraw = False
515.1130 	EXP 	Device response: <KeyPress from None: t=514.9476940999994, value=c, duration=0.16053460000148334>
515.3608 	EXP 	Device response: <KeyPress from None: t=515.3553926000004, value=c, duration=None>
515.3616 	DATA 	Keypress: c
515.5597 	EXP 	Device response: <KeyPress from None: t=515.3553926000004, value=c, duration=0.19448639999973238>
515.7293 	EXP 	Device response: <KeyPress from None: t=515.7241465000006, value=c, duration=None>
515.7303 	DATA 	Keypress: c
515.9127 	EXP 	Device response: <KeyPress from None: t=515.7241465000006, value=c, duration=0.18321779999860155>
515.9795 	EXP 	fixation: autoDraw = True
515.9795 	EXP 	line1: autoDraw = True
515.9795 	EXP 	line2: autoDraw = True
515.9795 	EXP 	line3: autoDraw = True
515.9795 	EXP 	line4: autoDraw = True
516.3794 	EXP 	Device response: <KeyPress from None: t=516.3649148999993, value=z, duration=None>
516.3811 	DATA 	Keypress: z
516.5463 	EXP 	Device response: <KeyPress from None: t=499.8192084000002, value=z, duration=16.72299319999911>
516.7470 	EXP 	Device response: <KeyPress from None: t=516.7453354999998, value=z, duration=None>
516.7492 	DATA 	Keypress: z
516.9300 	EXP 	Device response: <KeyPress from None: t=516.3649148999993, value=z, duration=0.5616852000002837>
516.9798 	INFO 	Keyboard events cleared
516.9796 	EXP 	fixation: autoDraw = False
516.9796 	EXP 	probe: autoDraw = True
517.1318 	EXP 	Device response: <KeyPress from None: t=517.1294677000005, value=z, duration=None>
517.1322 	EXP 	New trial (rep=1, index=6): <Trial 6 (6 in rep 1) data={'pos': 150, 'corr_resp': 'v', 'thisN': 6, 'thisTrialN': 6, 'thisRepN': 1}>
517.1337 	DATA 	Keypress: z
517.1456 	EXP 	fixation: autoDraw = False
517.1456 	EXP 	line1: autoDraw = False
517.1456 	EXP 	line2: autoDraw = False
517.1456 	EXP 	line3: autoDraw = False
517.1456 	EXP 	line4: autoDraw = False
517.1456 	EXP 	probe: autoDraw = False
517.2980 	EXP 	Device response: <KeyPress from None: t=516.7453354999998, value=z, duration=0.551715100000365>
517.6629 	EXP 	Device response: <KeyPress from None: t=517.6520894000005, value=z, duration=None>
517.6638 	DATA 	Keypress: z
517.8132 	EXP 	Device response: <KeyPress from None: t=517.1294677000005, value=z, duration=0.6805385999996361>
518.1434 	EXP 	fixation: autoDraw = True
518.1434 	EXP 	line1: autoDraw = True
518.1434 	EXP 	line2: autoDraw = True
518.1434 	EXP 	line3: autoDraw = True
518.1434 	EXP 	line4: autoDraw = True
518.1630 	EXP 	Device response: <KeyPress from None: t=518.1469718999997, value=z, duration=None>
518.1649 	DATA 	Keypress: z
518.3788 	EXP 	Device response: <KeyPress from None: t=517.6520894000005, value=z, duration=0.7139432999993005>
518.6627 	EXP 	Device response: <KeyPress from None: t=518.6601663000001, value=x, duration=None>
518.6645 	DATA 	Keypress: x
518.8462 	EXP 	Device response: <KeyPress from None: t=518.6601663000001, value=x, duration=0.1714074999999866>
519.0787 	EXP 	Device response: <KeyPress from None: t=519.0722334000002, value=x, duration=None>
519.0799 	DATA 	Keypress: x
519.1434 	INFO 	Keyboard events cleared
519.1432 	EXP 	fixation: autoDraw = False
519.1432 	EXP 	probe: autoDraw = True
519.2630 	EXP 	Device response: <KeyPress from None: t=519.0722334000002, value=x, duration=0.18516470000031404>
519.4629 	EXP 	Device response: <KeyPress from None: t=519.4588581999997, value=x, duration=None>
519.4633 	EXP 	New trial (rep=2, index=7): <Trial 7 (7 in rep 2) data={'pos': 150, 'corr_resp': 'v', 'thisN': 7, 'thisTrialN': 7, 'thisRepN': 2}>
519.4643 	DATA 	Keypress: x
519.4789 	EXP 	fixation: autoDraw = False
519.4789 	EXP 	line1: autoDraw = False
519.4789 	EXP 	line2: autoDraw = False
519.4789 	EXP 	line3: autoDraw = False
519.4789 	EXP 	line4: autoDraw = False
519.4789 	EXP 	probe: autoDraw = False
519.6793 	EXP 	Device response: <KeyPress from None: t=519.4588581999997, value=x, duration=0.2136385000012524>
520.4774 	EXP 	fixation: autoDraw = True
520.4774 	EXP 	line1: autoDraw = True
520.4774 	EXP 	line2: autoDraw = True
520.4774 	EXP 	line3: autoDraw = True
520.4774 	EXP 	line4: autoDraw = True
520.9291 	EXP 	Device response: <KeyPress from None: t=520.9163979000004, value=c, duration=None>
520.9304 	DATA 	Keypress: c
520.9605 	EXP 	Device response: <KeyPress from None: t=520.9569284999998, value=x, duration=None>
520.9616 	DATA 	Keypress: x
521.1306 	EXP 	Device response: <KeyPress from None: t=520.9163979000004, value=c, duration=0.19979309999871475>
521.4787 	INFO 	Keyboard events cleared
521.4785 	EXP 	fixation: autoDraw = False
521.4785 	EXP 	probe: autoDraw = True
521.7277 	EXP 	Device response: <KeyPress from None: t=521.7224065999999, value=z, duration=None>
521.7283 	EXP 	New trial (rep=3, index=8): <Trial 8 (8 in rep 3) data={'pos': 150, 'corr_resp': 'v', 'thisN': 8, 'thisTrialN': 8, 'thisRepN': 3}>
521.7291 	DATA 	Keypress: z
521.7437 	EXP 	fixation: autoDraw = False
521.7437 	EXP 	line1: autoDraw = False
521.7437 	EXP 	line2: autoDraw = False
521.7437 	EXP 	line3: autoDraw = False
521.7437 	EXP 	line4: autoDraw = False
521.7437 	EXP 	probe: autoDraw = False
521.9297 	EXP 	Device response: <KeyPress from None: t=518.1469718999997, value=z, duration=3.7787917999994534>
522.3971 	EXP 	Device response: <KeyPress from None: t=522.3959797000007, value=z, duration=None>
522.3980 	DATA 	Keypress: z
522.6308 	EXP 	Device response: <KeyPress from None: t=521.7224065999999, value=z, duration=0.8951211000003241>
522.7287 	EXP 	fixation: autoDraw = True
522.7287 	EXP 	line1: autoDraw = True
522.7287 	EXP 	line2: autoDraw = True
522.7287 	EXP 	line3: autoDraw = True
522.7287 	EXP 	line4: autoDraw = True
522.7295 	EXP 	Device response: <KeyPress from None: t=520.9569284999998, value=x, duration=1.7689114000004338>
522.9135 	EXP 	Device response: <KeyPress from None: t=522.9010230000004, value=x, duration=None>
522.9155 	DATA 	Keypress: x
523.1794 	EXP 	Device response: <KeyPress from None: t=522.9010230000004, value=x, duration=0.266765000000305>
523.4967 	EXP 	Device response: <KeyPress from None: t=523.4916099000002, value=x, duration=None>
523.4984 	DATA 	Keypress: x
523.6960 	EXP 	Device response: <KeyPress from None: t=523.4916099000002, value=x, duration=0.19427139999970677>
523.7287 	INFO 	Keyboard events cleared
523.7285 	EXP 	fixation: autoDraw = False
523.7285 	EXP 	probe: autoDraw = True
523.9628 	EXP 	Device response: <KeyPress from None: t=523.9533517, value=x, duration=None>
523.9632 	EXP 	New trial (rep=0, index=9): <Trial 9 (9 in rep 0) data={'pos': 50, 'corr_resp': 'c', 'thisN': 9, 'thisTrialN': 9, 'thisRepN': 0}>
523.9643 	DATA 	Keypress: x
523.9783 	EXP 	fixation: autoDraw = False
523.9783 	EXP 	line1: autoDraw = False
523.9783 	EXP 	line2: autoDraw = False
523.9783 	EXP 	line3: autoDraw = False
523.9783 	EXP 	line4: autoDraw = False
523.9783 	EXP 	probe: autoDraw = False
523.9959 	EXP 	Device response: <KeyPress from None: t=523.9802330000002, value=z, duration=None>
523.9970 	DATA 	Keypress: z
524.1635 	EXP 	Device response: <KeyPress from None: t=522.3959797000007, value=z, duration=1.760917800000243>
524.1798 	EXP 	Device response: <KeyPress from None: t=523.9533517, value=x, duration=0.21472039999935078>
524.4300 	EXP 	Device response: <KeyPress from None: t=524.4244405999998, value=x, duration=None>
524.4312 	DATA 	Keypress: x
524.4458 	EXP 	Device response: <KeyPress from None: t=524.4407221000001, value=z, duration=None>
524.4467 	DATA 	Keypress: z
524.6126 	EXP 	Device response: <KeyPress from None: t=523.9802330000002, value=z, duration=0.6274952000003395>
524.6297 	EXP 	Device response: <KeyPress from None: t=524.4244405999998, value=x, duration=0.19334110000090732>
524.9636 	EXP 	Device response: <KeyPress from None: t=524.9608243999992, value=x, duration=None>
524.9651 	DATA 	Keypress: x
524.9789 	EXP 	fixation: autoDraw = True
524.9789 	EXP 	line1: autoDraw = True
524.9789 	EXP 	line2: autoDraw = True
524.9789 	EXP 	line3: autoDraw = True
524.9789 	EXP 	line4: autoDraw = True
525.0278 	EXP 	Device response: <KeyPress from None: t=525.0235991000009, value=z, duration=None>
525.0291 	DATA 	Keypress: z
525.1302 	EXP 	Device response: <KeyPress from None: t=524.4407221000001, value=z, duration=0.6816089000003558>
525.1769 	EXP 	Device response: <KeyPress from None: t=524.9608243999992, value=x, duration=0.2006961000006413>
525.4132 	EXP 	Device response: <KeyPress from None: t=525.4073011, value=x, duration=None>
525.4143 	DATA 	Keypress: x
525.4309 	EXP 	Device response: <KeyPress from None: t=525.4270453999998, value=z, duration=None>
525.4326 	DATA 	Keypress: z
525.5813 	EXP 	Device response: <KeyPress from None: t=525.0235991000009, value=z, duration=0.557358000000022>
525.6465 	EXP 	Device response: <KeyPress from None: t=525.4073011, value=x, duration=0.2256692999999359>
525.8988 	DATA 	Keypress: x
525.9123 	EXP 	Device response: <KeyPress from None: t=525.8973110999996, value=x, duration=None>
525.9625 	INFO 	Keyboard events cleared
525.9623 	EXP 	probe: autoDraw = True
525.9785 	EXP 	fixation: autoDraw = False
526.1129 	EXP 	Device response: <KeyPress from None: t=525.8973110999996, value=x, duration=0.2124378999997134>
526.4299 	EXP 	Device response: <KeyPress from None: t=526.4239113999993, value=x, duration=None>
526.4303 	EXP 	New trial (rep=3, index=10): <Trial 10 (10 in rep 3) data={'pos': -150, 'corr_resp': 'z', 'thisN': 10, 'thisTrialN': 10, 'thisRepN': 3}>
526.4316 	DATA 	Keypress: x
526.4459 	EXP 	fixation: autoDraw = False
526.4459 	EXP 	line1: autoDraw = False
526.4459 	EXP 	line2: autoDraw = False
526.4459 	EXP 	line3: autoDraw = False
526.4459 	EXP 	line4: autoDraw = False
526.4459 	EXP 	probe: autoDraw = False
526.4466 	EXP 	Device response: <KeyPress from None: t=526.4420993000003, value=z, duration=None>
526.4475 	DATA 	Keypress: z
526.5972 	EXP 	Device response: <KeyPress from None: t=525.4270453999998, value=z, duration=1.1571091000005254>
526.6292 	EXP 	Device response: <KeyPress from None: t=526.4239113999993, value=x, duration=0.18951340000057826>
527.2293 	EXP 	Device response: <KeyPress from None: t=527.2228529999993, value=x, duration=None>
527.2303 	DATA 	Keypress: x
527.4451 	EXP 	fixation: autoDraw = True
527.4451 	EXP 	line1: autoDraw = True
527.4451 	EXP 	line2: autoDraw = True
527.4451 	EXP 	line3: autoDraw = True
527.4451 	EXP 	line4: autoDraw = True
527.4793 	EXP 	Device response: <KeyPress from None: t=527.2228529999993, value=x, duration=0.24312150000150723>
527.7275 	EXP 	Device response: <KeyPress from None: t=527.7172766999993, value=x, duration=None>
527.7291 	DATA 	Keypress: x
527.9293 	EXP 	Device response: <KeyPress from None: t=527.7172766999993, value=x, duration=0.19972260000031383>
528.2138 	EXP 	Device response: <KeyPress from None: t=528.2081304000003, value=x, duration=None>
528.2155 	DATA 	Keypress: x
528.4301 	EXP 	Device response: <KeyPress from None: t=528.2081304000003, value=x, duration=0.21772799999962444>
528.4454 	INFO 	Keyboard events cleared
528.4452 	EXP 	fixation: autoDraw = False
528.4452 	EXP 	probe: autoDraw = True
528.6143 	EXP 	Device response: <KeyPress from None: t=528.6126686999996, value=x, duration=None>
528.6147 	EXP 	New trial (rep=2, index=11): <Trial 11 (11 in rep 2) data={'pos': -50, 'corr_resp': 'x', 'thisN': 11, 'thisTrialN': 11, 'thisRepN': 2}>
528.6161 	DATA 	Keypress: x
528.6291 	EXP 	fixation: autoDraw = False
528.6291 	EXP 	line1: autoDraw = False
528.6291 	EXP 	line2: autoDraw = False
528.6291 	EXP 	line3: autoDraw = False
528.6291 	EXP 	line4: autoDraw = False
528.6291 	EXP 	probe: autoDraw = False
529.1462 	EXP 	Device response: <KeyPress from None: t=528.6126686999996, value=x, duration=0.5263104000005114>
529.6297 	EXP 	fixation: autoDraw = True
529.6297 	EXP 	line1: autoDraw = True
529.6297 	EXP 	line2: autoDraw = True
529.6297 	EXP 	line3: autoDraw = True
529.6297 	EXP 	line4: autoDraw = True
529.8457 	EXP 	Device response: <KeyPress from None: t=529.8404568999995, value=x, duration=None>
529.8475 	DATA 	Keypress: x
530.0460 	EXP 	Device response: <KeyPress from None: t=529.8404568999995, value=x, duration=0.2000447999998869>
530.2977 	EXP 	Device response: <KeyPress from None: t=530.2950897999999, value=x, duration=None>
530.2996 	DATA 	Keypress: x
530.5127 	EXP 	Device response: <KeyPress from None: t=530.2950897999999, value=x, duration=0.20266149999952177>
530.6295 	INFO 	Keyboard events cleared
530.6293 	EXP 	fixation: autoDraw = False
530.6293 	EXP 	probe: autoDraw = True
530.6971 	EXP 	Device response: <KeyPress from None: t=530.6905279000002, value=x, duration=None>
530.6975 	EXP 	New trial (rep=4, index=12): <Trial 12 (12 in rep 4) data={'pos': 150, 'corr_resp': 'v', 'thisN': 12, 'thisTrialN': 12, 'thisRepN': 4}>
530.6992 	DATA 	Keypress: x
530.7125 	EXP 	fixation: autoDraw = False
530.7125 	EXP 	line1: autoDraw = False
530.7125 	EXP 	line2: autoDraw = False
530.7125 	EXP 	line3: autoDraw = False
530.7125 	EXP 	line4: autoDraw = False
530.7125 	EXP 	probe: autoDraw = False
531.0606 	EXP 	Device response: <KeyPress from None: t=530.6905279000002, value=x, duration=0.35492530000010447>
531.7097 	EXP 	fixation: autoDraw = True
531.7097 	EXP 	line1: autoDraw = True
531.7097 	EXP 	line2: autoDraw = True
531.7097 	EXP 	line3: autoDraw = True
531.7097 	EXP 	line4: autoDraw = True
532.7133 	INFO 	Keyboard events cleared
532.7130 	EXP 	fixation: autoDraw = False
532.7130 	EXP 	probe: autoDraw = True
532.7153 	DATA 	Keypress: c
533.1296 	EXP 	Device response: <KeyPress from None: t=533.1152605000007, value=c, duration=None>
533.1300 	EXP 	New trial (rep=1, index=13): <Trial 13 (13 in rep 1) data={'pos': 50, 'corr_resp': 'c', 'thisN': 13, 'thisTrialN': 13, 'thisRepN': 1}>
533.1312 	DATA 	Keypress: c
533.1455 	EXP 	fixation: autoDraw = False
533.1455 	EXP 	line1: autoDraw = False
533.1455 	EXP 	line2: autoDraw = False
533.1455 	EXP 	line3: autoDraw = False
533.1455 	EXP 	line4: autoDraw = False
533.1455 	EXP 	probe: autoDraw = False
533.2960 	EXP 	Device response: <KeyPress from None: t=533.1152605000007, value=c, duration=0.17615920000025653>
534.1360 	EXP 	fixation: autoDraw = True
534.1360 	EXP 	line1: autoDraw = True
534.1360 	EXP 	line2: autoDraw = True
534.1360 	EXP 	line3: autoDraw = True
534.1360 	EXP 	line4: autoDraw = True
534.4531 	EXP 	Device response: <KeyPress from None: t=534.4509388999995, value=z, duration=None>
534.4547 	DATA 	Keypress: z
534.6392 	EXP 	Device response: <KeyPress from None: t=526.4420993000003, value=z, duration=8.187498600000254>
535.1369 	INFO 	Keyboard events cleared
535.1367 	EXP 	fixation: autoDraw = False
535.1367 	EXP 	probe: autoDraw = True
535.2219 	EXP 	Device response: <KeyPress from None: t=535.2179558000007, value=z, duration=None>
535.2223 	EXP 	New trial (rep=2, index=14): <Trial 14 (14 in rep 2) data={'pos': 50, 'corr_resp': 'c', 'thisN': 14, 'thisTrialN': 14, 'thisRepN': 2}>
535.2241 	DATA 	Keypress: z
535.2367 	EXP 	fixation: autoDraw = False
535.2367 	EXP 	line1: autoDraw = False
535.2367 	EXP 	line2: autoDraw = False
535.2367 	EXP 	line3: autoDraw = False
535.2367 	EXP 	line4: autoDraw = False
535.2367 	EXP 	probe: autoDraw = False
535.4050 	EXP 	Device response: <KeyPress from None: t=534.4509388999995, value=z, duration=0.9533983000001172>
536.2380 	EXP 	fixation: autoDraw = True
536.2380 	EXP 	line1: autoDraw = True
536.2380 	EXP 	line2: autoDraw = True
536.2380 	EXP 	line3: autoDraw = True
536.2380 	EXP 	line4: autoDraw = True
537.1543 	EXP 	Device response: <KeyPress from None: t=537.1401867999994, value=v, duration=None>
537.1564 	DATA 	Keypress: v
537.2216 	INFO 	Keyboard events cleared
537.2214 	EXP 	probe: autoDraw = True
537.2371 	EXP 	fixation: autoDraw = False
537.3047 	EXP 	Device response: <KeyPress from None: t=537.1401867999994, value=v, duration=0.1640600999999151>
537.5560 	DATA 	Keypress: v
537.5707 	EXP 	Device response: <KeyPress from None: t=537.5540985000007, value=v, duration=None>
537.5711 	EXP 	New trial (rep=3, index=15): <Trial 15 (15 in rep 3) data={'pos': -50, 'corr_resp': 'x', 'thisN': 15, 'thisTrialN': 15, 'thisRepN': 3}>
537.5876 	EXP 	fixation: autoDraw = False
537.5876 	EXP 	line1: autoDraw = False
537.5876 	EXP 	line2: autoDraw = False
537.5876 	EXP 	line3: autoDraw = False
537.5876 	EXP 	line4: autoDraw = False
537.5876 	EXP 	probe: autoDraw = False
537.7212 	EXP 	Device response: <KeyPress from None: t=537.5540985000007, value=v, duration=0.15340959999957704>
538.5698 	EXP 	fixation: autoDraw = True
538.5698 	EXP 	line1: autoDraw = True
538.5698 	EXP 	line2: autoDraw = True
538.5698 	EXP 	line3: autoDraw = True
538.5698 	EXP 	line4: autoDraw = True
539.3380 	EXP 	Device response: <KeyPress from None: t=539.3241849999995, value=z, duration=None>
539.3398 	DATA 	Keypress: z
539.5210 	EXP 	Device response: <KeyPress from None: t=535.2179558000007, value=z, duration=4.298870999999053>
539.5701 	INFO 	Keyboard events cleared
539.5699 	EXP 	fixation: autoDraw = False
539.5699 	EXP 	probe: autoDraw = True
539.9061 	EXP 	Device response: <KeyPress from None: t=539.9031238999996, value=z, duration=None>
539.9065 	EXP 	New trial (rep=4, index=16): <Trial 16 (16 in rep 4) data={'pos': -50, 'corr_resp': 'x', 'thisN': 16, 'thisTrialN': 16, 'thisRepN': 4}>
539.9081 	DATA 	Keypress: z
539.9204 	EXP 	fixation: autoDraw = False
539.9204 	EXP 	line1: autoDraw = False
539.9204 	EXP 	line2: autoDraw = False
539.9204 	EXP 	line3: autoDraw = False
539.9204 	EXP 	line4: autoDraw = False
539.9204 	EXP 	probe: autoDraw = False
540.1022 	EXP 	Device response: <KeyPress from None: t=539.3241849999995, value=z, duration=0.7614747000006901>
540.9186 	EXP 	fixation: autoDraw = True
540.9186 	EXP 	line1: autoDraw = True
540.9186 	EXP 	line2: autoDraw = True
540.9186 	EXP 	line3: autoDraw = True
540.9186 	EXP 	line4: autoDraw = True
541.5206 	EXP 	Device response: <KeyPress from None: t=541.5156626999997, value=c, duration=None>
541.5219 	DATA 	Keypress: c
541.7376 	EXP 	Device response: <KeyPress from None: t=541.5156626999997, value=c, duration=0.21958430000086082>
541.9211 	INFO 	Keyboard events cleared
541.9209 	EXP 	fixation: autoDraw = False
541.9209 	EXP 	probe: autoDraw = True
542.1567 	DATA 	Keypress: c
542.1723 	EXP 	Device response: <KeyPress from None: t=542.1552341000006, value=c, duration=None>
542.1727 	EXP 	New trial (rep=5, index=17): <Trial 17 (17 in rep 5) data={'pos': -50, 'corr_resp': 'x', 'thisN': 17, 'thisTrialN': 17, 'thisRepN': 5}>
542.1873 	EXP 	fixation: autoDraw = False
542.1873 	EXP 	line1: autoDraw = False
542.1873 	EXP 	line2: autoDraw = False
542.1873 	EXP 	line3: autoDraw = False
542.1873 	EXP 	line4: autoDraw = False
542.1873 	EXP 	probe: autoDraw = False
542.3213 	EXP 	Device response: <KeyPress from None: t=542.1552341000006, value=c, duration=0.16033059999972465>
542.5552 	EXP 	Device response: <KeyPress from None: t=542.5518831999998, value=c, duration=None>
542.5562 	DATA 	Keypress: c
542.7046 	EXP 	Device response: <KeyPress from None: t=542.5518831999998, value=c, duration=0.14769909999995434>
543.0024 	EXP 	Device response: <KeyPress from None: t=542.9994499999993, value=c, duration=None>
543.0031 	DATA 	Keypress: c
543.1852 	EXP 	fixation: autoDraw = True
543.1852 	EXP 	line1: autoDraw = True
543.1852 	EXP 	line2: autoDraw = True
543.1852 	EXP 	line3: autoDraw = True
543.1852 	EXP 	line4: autoDraw = True
543.1857 	EXP 	Device response: <KeyPress from None: t=542.9994499999993, value=c, duration=0.18214850000003935>
544.1225 	EXP 	Device response: <KeyPress from None: t=544.1151473000009, value=c, duration=None>
544.1246 	DATA 	Keypress: c
544.1869 	INFO 	Keyboard events cleared
544.1867 	EXP 	fixation: autoDraw = False
544.1867 	EXP 	probe: autoDraw = True
544.2706 	EXP 	Device response: <KeyPress from None: t=544.1151473000009, value=c, duration=0.14983879999999772>
544.5041 	EXP 	Device response: <KeyPress from None: t=544.4977323999992, value=c, duration=None>
544.5045 	EXP 	New trial (rep=3, index=18): <Trial 18 (18 in rep 3) data={'pos': 50, 'corr_resp': 'c', 'thisN': 18, 'thisTrialN': 18, 'thisRepN': 3}>
544.5057 	DATA 	Keypress: c
544.5209 	EXP 	fixation: autoDraw = False
544.5209 	EXP 	line1: autoDraw = False
544.5209 	EXP 	line2: autoDraw = False
544.5209 	EXP 	line3: autoDraw = False
544.5209 	EXP 	line4: autoDraw = False
544.5209 	EXP 	probe: autoDraw = False
544.6713 	EXP 	Device response: <KeyPress from None: t=544.4977323999992, value=c, duration=0.17114960000071733>
545.5020 	EXP 	fixation: autoDraw = True
545.5020 	EXP 	line1: autoDraw = True
545.5020 	EXP 	line2: autoDraw = True
545.5020 	EXP 	line3: autoDraw = True
545.5020 	EXP 	line4: autoDraw = True
546.4932 	EXP 	fixation: autoDraw = False
546.5008 	INFO 	Keyboard events cleared
546.5007 	EXP 	probe: autoDraw = True
546.9102 	EXP 	Device response: <KeyPress from None: t=546.9094888, value=c, duration=None>
546.9108 	EXP 	New trial (rep=6, index=19): <Trial 19 (19 in rep 6) data={'pos': -50, 'corr_resp': 'x', 'thisN': 19, 'thisTrialN': 19, 'thisRepN': 6}>
546.9135 	DATA 	Keypress: c
546.9186 	EXP 	fixation: autoDraw = False
546.9186 	EXP 	line1: autoDraw = False
546.9186 	EXP 	line2: autoDraw = False
546.9186 	EXP 	line3: autoDraw = False
546.9186 	EXP 	line4: autoDraw = False
546.9186 	EXP 	probe: autoDraw = False
547.1126 	EXP 	Device response: <KeyPress from None: t=546.9094888, value=c, duration=0.1974657999999181>
547.9013 	EXP 	fixation: autoDraw = True
547.9013 	EXP 	line1: autoDraw = True
547.9013 	EXP 	line2: autoDraw = True
547.9013 	EXP 	line3: autoDraw = True
547.9013 	EXP 	line4: autoDraw = True
548.8928 	EXP 	fixation: autoDraw = False
548.9099 	INFO 	Keyboard events cleared
548.9098 	EXP 	probe: autoDraw = True
549.5021 	EXP 	Device response: <KeyPress from None: t=549.4953509000006, value=x, duration=None>
549.5024 	EXP 	New trial (rep=7, index=20): <Trial 20 (20 in rep 7) data={'pos': -50, 'corr_resp': 'x', 'thisN': 20, 'thisTrialN': 20, 'thisRepN': 7}>
549.5033 	DATA 	Keypress: x
549.5102 	EXP 	fixation: autoDraw = False
549.5102 	EXP 	line1: autoDraw = False
549.5102 	EXP 	line2: autoDraw = False
549.5102 	EXP 	line3: autoDraw = False
549.5102 	EXP 	line4: autoDraw = False
549.5102 	EXP 	probe: autoDraw = False
549.7044 	EXP 	Device response: <KeyPress from None: t=549.4953509000006, value=x, duration=0.1932254000003013>
550.4933 	EXP 	fixation: autoDraw = True
550.4933 	EXP 	line1: autoDraw = True
550.4933 	EXP 	line2: autoDraw = True
550.4933 	EXP 	line3: autoDraw = True
550.4933 	EXP 	line4: autoDraw = True
551.4844 	EXP 	fixation: autoDraw = False
551.5012 	INFO 	Keyboard events cleared
551.5011 	EXP 	probe: autoDraw = True
552.0685 	EXP 	Device response: <KeyPress from None: t=552.0660459999999, value=x, duration=None>
552.0688 	EXP 	New trial (rep=8, index=21): <Trial 21 (21 in rep 8) data={'pos': -50, 'corr_resp': 'x', 'thisN': 21, 'thisTrialN': 21, 'thisRepN': 8}>
552.0712 	DATA 	Keypress: x
552.0769 	EXP 	fixation: autoDraw = False
552.0769 	EXP 	line1: autoDraw = False
552.0769 	EXP 	line2: autoDraw = False
552.0769 	EXP 	line3: autoDraw = False
552.0769 	EXP 	line4: autoDraw = False
552.0769 	EXP 	probe: autoDraw = False
552.2394 	EXP 	Device response: <KeyPress from None: t=552.0660459999999, value=x, duration=0.16803799999979674>
553.0701 	EXP 	fixation: autoDraw = True
553.0701 	EXP 	line1: autoDraw = True
553.0701 	EXP 	line2: autoDraw = True
553.0701 	EXP 	line3: autoDraw = True
553.0701 	EXP 	line4: autoDraw = True
554.0599 	INFO 	Keyboard events cleared
554.0598 	EXP 	probe: autoDraw = True
554.0683 	EXP 	fixation: autoDraw = False
554.8548 	EXP 	Device response: <KeyPress from None: t=554.8468512, value=c, duration=None>
554.8552 	EXP 	New trial (rep=5, index=22): <Trial 22 (22 in rep 5) data={'pos': 150, 'corr_resp': 'v', 'thisN': 22, 'thisTrialN': 22, 'thisRepN': 5}>
554.8566 	DATA 	Keypress: c
554.8702 	EXP 	fixation: autoDraw = False
554.8702 	EXP 	line1: autoDraw = False
554.8702 	EXP 	line2: autoDraw = False
554.8702 	EXP 	line3: autoDraw = False
554.8702 	EXP 	line4: autoDraw = False
554.8702 	EXP 	probe: autoDraw = False
554.9875 	EXP 	Device response: <KeyPress from None: t=554.8468512, value=c, duration=0.12508949999937613>
555.8675 	EXP 	fixation: autoDraw = True
555.8675 	EXP 	line1: autoDraw = True
555.8675 	EXP 	line2: autoDraw = True
555.8675 	EXP 	line3: autoDraw = True
555.8675 	EXP 	line4: autoDraw = True
556.8703 	INFO 	Keyboard events cleared
556.8701 	EXP 	fixation: autoDraw = False
556.8701 	EXP 	probe: autoDraw = True
557.0049 	EXP 	Device response: <KeyPress from None: t=556.9915447999992, value=x, duration=None>
557.0053 	EXP 	New trial (rep=6, index=23): <Trial 23 (23 in rep 6) data={'pos': 150, 'corr_resp': 'v', 'thisN': 23, 'thisTrialN': 23, 'thisRepN': 6}>
557.0066 	DATA 	Keypress: x
557.0205 	EXP 	fixation: autoDraw = False
557.0205 	EXP 	line1: autoDraw = False
557.0205 	EXP 	line2: autoDraw = False
557.0205 	EXP 	line3: autoDraw = False
557.0205 	EXP 	line4: autoDraw = False
557.0205 	EXP 	probe: autoDraw = False
557.1716 	EXP 	Device response: <KeyPress from None: t=556.9915447999992, value=x, duration=0.17798650000077032>
558.0019 	EXP 	fixation: autoDraw = True
558.0019 	EXP 	line1: autoDraw = True
558.0019 	EXP 	line2: autoDraw = True
558.0019 	EXP 	line3: autoDraw = True
558.0019 	EXP 	line4: autoDraw = True
558.3773 	EXP 	Device response: <KeyPress from None: t=558.3657858000006, value=x, duration=None>
558.3785 	DATA 	Keypress: x
558.5877 	EXP 	Device response: <KeyPress from None: t=558.3657858000006, value=x, duration=0.21182719999887922>
558.9200 	EXP 	Device response: <KeyPress from None: t=558.9146541999999, value=x, duration=None>
558.9211 	DATA 	Keypress: x
559.0033 	EXP 	fixation: autoDraw = False
559.0215 	INFO 	Keyboard events cleared
559.0213 	EXP 	probe: autoDraw = True
559.0863 	EXP 	Device response: <KeyPress from None: t=558.9146541999999, value=x, duration=0.15611970000099973>
559.3685 	EXP 	Device response: <KeyPress from None: t=559.3581940999993, value=x, duration=None>
559.3688 	EXP 	New trial (rep=9, index=24): <Trial 24 (24 in rep 9) data={'pos': -50, 'corr_resp': 'x', 'thisN': 24, 'thisTrialN': 24, 'thisRepN': 9}>
559.3698 	DATA 	Keypress: x
559.3878 	EXP 	fixation: autoDraw = False
559.3878 	EXP 	line1: autoDraw = False
559.3878 	EXP 	line2: autoDraw = False
559.3878 	EXP 	line3: autoDraw = False
559.3878 	EXP 	line4: autoDraw = False
559.3878 	EXP 	probe: autoDraw = False
559.5540 	EXP 	Device response: <KeyPress from None: t=559.3581940999993, value=x, duration=0.18539810000038415>
560.2719 	EXP 	Device response: <KeyPress from None: t=560.2666064000005, value=x, duration=None>
560.2728 	DATA 	Keypress: x
560.3716 	EXP 	fixation: autoDraw = True
560.3716 	EXP 	line1: autoDraw = True
560.3716 	EXP 	line2: autoDraw = True
560.3716 	EXP 	line3: autoDraw = True
560.3716 	EXP 	line4: autoDraw = True
560.5045 	EXP 	Device response: <KeyPress from None: t=560.2666064000005, value=x, duration=0.22179609999875538>
560.8045 	EXP 	Device response: <KeyPress from None: t=560.8041680000006, value=x, duration=None>
560.8060 	DATA 	Keypress: x
561.0206 	EXP 	Device response: <KeyPress from None: t=560.8041680000006, value=x, duration=0.21048999999948137>
561.2216 	EXP 	Device response: <KeyPress from None: t=561.2193103000009, value=x, duration=None>
561.2227 	DATA 	Keypress: x
561.3707 	INFO 	Keyboard events cleared
561.3705 	EXP 	probe: autoDraw = True
561.3869 	EXP 	fixation: autoDraw = False
561.4053 	EXP 	Device response: <KeyPress from None: t=561.2193103000009, value=x, duration=0.185430899999119>
561.6047 	EXP 	Device response: <KeyPress from None: t=561.6005858000008, value=x, duration=None>
561.6051 	EXP 	New trial (rep=7, index=25): <Trial 25 (25 in rep 7) data={'pos': 150, 'corr_resp': 'v', 'thisN': 25, 'thisTrialN': 25, 'thisRepN': 7}>
561.6062 	DATA 	Keypress: x
561.6204 	EXP 	fixation: autoDraw = False
561.6204 	EXP 	line1: autoDraw = False
561.6204 	EXP 	line2: autoDraw = False
561.6204 	EXP 	line3: autoDraw = False
561.6204 	EXP 	line4: autoDraw = False
561.6204 	EXP 	probe: autoDraw = False
561.7882 	EXP 	Device response: <KeyPress from None: t=561.6005858000008, value=x, duration=0.18593909999981406>
562.0704 	EXP 	Device response: <KeyPress from None: t=562.0661211999995, value=x, duration=None>
562.0713 	DATA 	Keypress: x
562.2538 	EXP 	Device response: <KeyPress from None: t=562.0661211999995, value=x, duration=0.1817802000005031>
562.5215 	EXP 	Device response: <KeyPress from None: t=562.505855200001, value=x, duration=None>
562.5224 	DATA 	Keypress: x
562.6208 	EXP 	fixation: autoDraw = True
562.6208 	EXP 	line1: autoDraw = True
562.6208 	EXP 	line2: autoDraw = True
562.6208 	EXP 	line3: autoDraw = True
562.6208 	EXP 	line4: autoDraw = True
562.6879 	EXP 	Device response: <KeyPress from None: t=562.505855200001, value=x, duration=0.17261650000000373>
562.9540 	EXP 	Device response: <KeyPress from None: t=562.9412708, value=x, duration=None>
562.9557 	DATA 	Keypress: x
563.1545 	EXP 	Device response: <KeyPress from None: t=562.9412708, value=x, duration=0.2110145000006014>
563.3560 	DATA 	Keypress: x
563.3702 	EXP 	Device response: <KeyPress from None: t=563.3546530000003, value=x, duration=None>
563.5680 	EXP 	Device response: <KeyPress from None: t=563.3546530000003, value=x, duration=0.201949299998887>
563.6208 	INFO 	Keyboard events cleared
563.6203 	EXP 	fixation: autoDraw = False
563.6203 	EXP 	probe: autoDraw = True
563.8525 	EXP 	Device response: <KeyPress from None: t=563.8435757000007, value=x, duration=None>
563.8529 	EXP 	New trial (rep=8, index=26): <Trial 26 (26 in rep 8) data={'pos': 150, 'corr_resp': 'v', 'thisN': 26, 'thisTrialN': 26, 'thisRepN': 8}>
563.8543 	DATA 	Keypress: x
563.8700 	EXP 	fixation: autoDraw = False
563.8700 	EXP 	line1: autoDraw = False
563.8700 	EXP 	line2: autoDraw = False
563.8700 	EXP 	line3: autoDraw = False
563.8700 	EXP 	line4: autoDraw = False
563.8700 	EXP 	probe: autoDraw = False
564.0362 	EXP 	Device response: <KeyPress from None: t=563.8435757000007, value=x, duration=0.1848389999995561>
564.5208 	EXP 	Device response: <KeyPress from None: t=564.5137168000001, value=x, duration=None>
564.5218 	DATA 	Keypress: x
564.7211 	EXP 	Device response: <KeyPress from None: t=564.5137168000001, value=x, duration=0.20526319999953557>
564.8527 	EXP 	fixation: autoDraw = True
564.8527 	EXP 	line1: autoDraw = True
564.8527 	EXP 	line2: autoDraw = True
564.8527 	EXP 	line3: autoDraw = True
564.8527 	EXP 	line4: autoDraw = True
564.9033 	EXP 	Device response: <KeyPress from None: t=564.9011179999998, value=x, duration=None>
564.9044 	DATA 	Keypress: x
565.1045 	EXP 	Device response: <KeyPress from None: t=564.9011179999998, value=x, duration=0.19954900000084308>
565.3046 	EXP 	Device response: <KeyPress from None: t=565.3023924000008, value=x, duration=None>
565.3067 	DATA 	Keypress: x
565.5219 	EXP 	Device response: <KeyPress from None: t=565.3023924000008, value=x, duration=0.21719179999854532>
565.7523 	EXP 	Device response: <KeyPress from None: t=565.7452541999992, value=x, duration=None>
565.7535 	DATA 	Keypress: x
565.8681 	INFO 	Keyboard events cleared
565.8680 	EXP 	fixation: autoDraw = False
565.8680 	EXP 	probe: autoDraw = True
565.9542 	EXP 	Device response: <KeyPress from None: t=565.7452541999992, value=x, duration=0.19514390000040294>
566.2371 	EXP 	Device response: <KeyPress from None: t=566.2335390999997, value=x, duration=None>
566.2375 	EXP 	New trial (rep=10, index=27): <Trial 27 (27 in rep 10) data={'pos': -50, 'corr_resp': 'x', 'thisN': 27, 'thisTrialN': 27, 'thisRepN': 10}>
566.2388 	DATA 	Keypress: x
566.2532 	EXP 	fixation: autoDraw = False
566.2532 	EXP 	line1: autoDraw = False
566.2532 	EXP 	line2: autoDraw = False
566.2532 	EXP 	line3: autoDraw = False
566.2532 	EXP 	line4: autoDraw = False
566.2532 	EXP 	probe: autoDraw = False
566.5211 	EXP 	Device response: <KeyPress from None: t=566.2335390999997, value=x, duration=0.2711600000002363>
567.1035 	EXP 	Device response: <KeyPress from None: t=567.0938231, value=c, duration=None>
567.1044 	DATA 	Keypress: c
567.2367 	EXP 	fixation: autoDraw = True
567.2367 	EXP 	line1: autoDraw = True
567.2367 	EXP 	line2: autoDraw = True
567.2367 	EXP 	line3: autoDraw = True
567.2367 	EXP 	line4: autoDraw = True
567.5869 	EXP 	Device response: <KeyPress from None: t=567.0938231, value=c, duration=0.47910849999971106>
568.2376 	EXP 	fixation: autoDraw = False
568.2536 	INFO 	Keyboard events cleared
568.2535 	EXP 	probe: autoDraw = True
569.0196 	EXP 	Device response: <KeyPress from None: t=569.0193899999995, value=x, duration=None>
569.0200 	EXP 	New trial (rep=11, index=28): <Trial 28 (28 in rep 11) data={'pos': -50, 'corr_resp': 'x', 'thisN': 28, 'thisTrialN': 28, 'thisRepN': 11}>
569.0221 	DATA 	Keypress: x
569.0335 	EXP 	fixation: autoDraw = False
569.0335 	EXP 	line1: autoDraw = False
569.0335 	EXP 	line2: autoDraw = False
569.0335 	EXP 	line3: autoDraw = False
569.0335 	EXP 	line4: autoDraw = False
569.0335 	EXP 	probe: autoDraw = False
569.2206 	EXP 	Device response: <KeyPress from None: t=569.0193899999995, value=x, duration=0.19598320000113745>
569.8548 	EXP 	Device response: <KeyPress from None: t=569.8441024999993, value=x, duration=None>
569.8556 	DATA 	Keypress: x
570.0370 	EXP 	fixation: autoDraw = True
570.0370 	EXP 	line1: autoDraw = True
570.0370 	EXP 	line2: autoDraw = True
570.0370 	EXP 	line3: autoDraw = True
570.0370 	EXP 	line4: autoDraw = True
570.0376 	EXP 	Device response: <KeyPress from None: t=569.8441024999993, value=x, duration=0.1812675000001036>
570.2540 	EXP 	Device response: <KeyPress from None: t=570.2414418000008, value=x, duration=None>
570.2557 	DATA 	Keypress: x
570.4041 	EXP 	Device response: <KeyPress from None: t=570.2414418000008, value=x, duration=0.1470793999997113>
570.6382 	EXP 	Device response: <KeyPress from None: t=570.6329845, value=x, duration=None>
570.6408 	DATA 	Keypress: x
570.8369 	EXP 	Device response: <KeyPress from None: t=570.6329845, value=x, duration=0.18909130000065488>
571.0213 	INFO 	Keyboard events cleared
571.0211 	EXP 	probe: autoDraw = True
571.0234 	DATA 	Keypress: x
571.0368 	EXP 	fixation: autoDraw = False
571.4054 	EXP 	Device response: <KeyPress from None: t=571.3958853000004, value=x, duration=None>
571.4059 	EXP 	New trial (rep=4, index=29): <Trial 29 (29 in rep 4) data={'pos': -150, 'corr_resp': 'z', 'thisN': 29, 'thisTrialN': 29, 'thisRepN': 4}>
571.4077 	DATA 	Keypress: x
571.4181 	EXP 	fixation: autoDraw = False
571.4181 	EXP 	line1: autoDraw = False
571.4181 	EXP 	line2: autoDraw = False
571.4181 	EXP 	line3: autoDraw = False
571.4181 	EXP 	line4: autoDraw = False
571.4181 	EXP 	probe: autoDraw = False
571.5875 	EXP 	Device response: <KeyPress from None: t=571.3958853000004, value=x, duration=0.18631230000028154>
571.7700 	EXP 	Device response: <KeyPress from None: t=571.7577669000002, value=x, duration=None>
571.7713 	DATA 	Keypress: x
571.9363 	EXP 	Device response: <KeyPress from None: t=571.7577669000002, value=x, duration=0.1719902999993792>
572.1515 	EXP 	Device response: <KeyPress from None: t=572.1468968999998, value=x, duration=None>
572.1521 	DATA 	Keypress: x
572.3556 	EXP 	Device response: <KeyPress from None: t=572.1468968999998, value=x, duration=0.2063333000005514>
572.4200 	EXP 	fixation: autoDraw = True
572.4200 	EXP 	line1: autoDraw = True
572.4200 	EXP 	line2: autoDraw = True
572.4200 	EXP 	line3: autoDraw = True
572.4200 	EXP 	line4: autoDraw = True
572.5870 	EXP 	Device response: <KeyPress from None: t=572.5832494000006, value=x, duration=None>
572.5887 	DATA 	Keypress: x
572.8209 	EXP 	Device response: <KeyPress from None: t=572.5832494000006, value=x, duration=0.2317946999992273>
573.0710 	EXP 	Device response: <KeyPress from None: t=573.0595171999994, value=x, duration=None>
573.0732 	DATA 	Keypress: x
573.3203 	EXP 	Device response: <KeyPress from None: t=573.0595171999994, value=x, duration=0.2506738000010955>
573.4186 	INFO 	Keyboard events cleared
573.4185 	EXP 	probe: autoDraw = True
573.4343 	EXP 	fixation: autoDraw = False
573.4854 	EXP 	Device response: <KeyPress from None: t=573.4835734000008, value=x, duration=None>
573.4858 	EXP 	New trial (rep=5, index=30): <Trial 30 (30 in rep 5) data={'pos': -150, 'corr_resp': 'z', 'thisN': 30, 'thisTrialN': 30, 'thisRepN': 5}>
573.4875 	DATA 	Keypress: x
573.5018 	EXP 	fixation: autoDraw = False
573.5018 	EXP 	line1: autoDraw = False
573.5018 	EXP 	line2: autoDraw = False
573.5018 	EXP 	line3: autoDraw = False
573.5018 	EXP 	line4: autoDraw = False
573.5018 	EXP 	probe: autoDraw = False
573.6699 	EXP 	Device response: <KeyPress from None: t=573.4835734000008, value=x, duration=0.17117549999966286>
573.8702 	EXP 	Device response: <KeyPress from None: t=573.8611254999996, value=x, duration=None>
573.8711 	DATA 	Keypress: x
574.0212 	EXP 	Device response: <KeyPress from None: t=573.8611254999996, value=x, duration=0.154251199999635>
574.4539 	EXP 	Device response: <KeyPress from None: t=574.4442046999993, value=x, duration=None>
574.4548 	DATA 	Keypress: x
574.4874 	EXP 	fixation: autoDraw = True
574.4874 	EXP 	line1: autoDraw = True
574.4874 	EXP 	line2: autoDraw = True
574.4874 	EXP 	line3: autoDraw = True
574.4874 	EXP 	line4: autoDraw = True
574.6545 	EXP 	Device response: <KeyPress from None: t=574.4442046999993, value=x, duration=0.19817760000114504>
575.4843 	INFO 	Keyboard events cleared
575.4842 	EXP 	fixation: autoDraw = False
575.4842 	EXP 	probe: autoDraw = True
575.9204 	DATA 	Keypress: x
575.9263 	EXP 	Device response: <KeyPress from None: t=575.9191088000007, value=x, duration=None>
575.9266 	EXP 	New trial (rep=6, index=31): <Trial 31 (31 in rep 6) data={'pos': -150, 'corr_resp': 'z', 'thisN': 31, 'thisTrialN': 31, 'thisRepN': 6}>
575.9344 	EXP 	fixation: autoDraw = False
575.9344 	EXP 	line1: autoDraw = False
575.9344 	EXP 	line2: autoDraw = False
575.9344 	EXP 	line3: autoDraw = False
575.9344 	EXP 	line4: autoDraw = False
575.9344 	EXP 	probe: autoDraw = False
576.1882 	EXP 	Device response: <KeyPress from None: t=575.9191088000007, value=x, duration=0.26056839999910153>
576.9368 	EXP 	fixation: autoDraw = True
576.9368 	EXP 	line1: autoDraw = True
576.9368 	EXP 	line2: autoDraw = True
576.9368 	EXP 	line3: autoDraw = True
576.9368 	EXP 	line4: autoDraw = True
576.9374 	EXP 	Device response: <KeyPress from None: t=576.9295970999992, value=v, duration=None>
576.9393 	DATA 	Keypress: v
577.1044 	EXP 	Device response: <KeyPress from None: t=576.9295970999992, value=v, duration=0.16720359999999346>
577.4218 	EXP 	Device response: <KeyPress from None: t=577.4180663000006, value=x, duration=None>
577.4248 	DATA 	Keypress: x
577.4381 	EXP 	Device response: <KeyPress from None: t=577.4337018000006, value=c, duration=None>
577.4399 	DATA 	Keypress: c
577.6374 	EXP 	Device response: <KeyPress from None: t=577.4337018000006, value=c, duration=0.1981534999995347>
577.9361 	INFO 	Keyboard events cleared
577.9358 	EXP 	fixation: autoDraw = False
577.9358 	EXP 	probe: autoDraw = True
578.7301 	DATA 	Keypress: c
578.7436 	EXP 	Device response: <KeyPress from None: t=578.7271048999992, value=c, duration=None>
578.7441 	EXP 	New trial (rep=9, index=32): <Trial 32 (32 in rep 9) data={'pos': 150, 'corr_resp': 'v', 'thisN': 32, 'thisTrialN': 32, 'thisRepN': 9}>
578.7506 	EXP 	fixation: autoDraw = False
578.7506 	EXP 	line1: autoDraw = False
578.7506 	EXP 	line2: autoDraw = False
578.7506 	EXP 	line3: autoDraw = False
578.7506 	EXP 	line4: autoDraw = False
578.7506 	EXP 	probe: autoDraw = False
579.0712 	EXP 	Device response: <KeyPress from None: t=578.7271048999992, value=c, duration=0.32804380000015954>
579.1215 	EXP 	Device response: <KeyPress from None: t=577.4180663000006, value=x, duration=1.6972456000003149>
579.3884 	EXP 	Device response: <KeyPress from None: t=579.38112, value=c, duration=None>
579.3896 	DATA 	Keypress: c
579.6211 	EXP 	Device response: <KeyPress from None: t=579.38112, value=c, duration=0.23394720000032976>
579.7536 	EXP 	fixation: autoDraw = True
579.7536 	EXP 	line1: autoDraw = True
579.7536 	EXP 	line2: autoDraw = True
579.7536 	EXP 	line3: autoDraw = True
579.7536 	EXP 	line4: autoDraw = True
580.0198 	EXP 	Device response: <KeyPress from None: t=580.0088689999993, value=c, duration=None>
580.0212 	DATA 	Keypress: c
580.2376 	EXP 	Device response: <KeyPress from None: t=580.0088689999993, value=c, duration=0.22459820000040054>
580.6049 	EXP 	Device response: <KeyPress from None: t=580.5994346000007, value=v, duration=None>
580.6068 	DATA 	Keypress: v
580.6231 	DATA 	Keypress: c
580.6374 	EXP 	Device response: <KeyPress from None: t=580.6216753000008, value=c, duration=None>
580.7534 	INFO 	Keyboard events cleared
580.7532 	EXP 	fixation: autoDraw = False
580.7532 	EXP 	probe: autoDraw = True
580.8208 	EXP 	Device response: <KeyPress from None: t=580.5994346000007, value=v, duration=0.21155600000020058>
580.8535 	EXP 	Device response: <KeyPress from None: t=580.6216753000008, value=c, duration=0.22071349999896483>
582.3556 	DATA 	Keypress: x
582.3704 	EXP 	Device response: <KeyPress from None: t=582.3548628000008, value=x, duration=None>
582.3709 	EXP 	New trial (rep=7, index=33): <Trial 33 (33 in rep 7) data={'pos': -150, 'corr_resp': 'z', 'thisN': 33, 'thisTrialN': 33, 'thisRepN': 7}>
582.3865 	EXP 	fixation: autoDraw = False
582.3865 	EXP 	line1: autoDraw = False
582.3865 	EXP 	line2: autoDraw = False
582.3865 	EXP 	line3: autoDraw = False
582.3865 	EXP 	line4: autoDraw = False
582.3865 	EXP 	probe: autoDraw = False
582.5713 	EXP 	Device response: <KeyPress from None: t=582.3548628000008, value=x, duration=0.20025299999906565>
583.3706 	EXP 	fixation: autoDraw = True
583.3706 	EXP 	line1: autoDraw = True
583.3706 	EXP 	line2: autoDraw = True
583.3706 	EXP 	line3: autoDraw = True
583.3706 	EXP 	line4: autoDraw = True
583.7878 	EXP 	Device response: <KeyPress from None: t=583.7723834000008, value=v, duration=None>
583.7896 	DATA 	Keypress: v
583.9548 	EXP 	Device response: <KeyPress from None: t=583.7723834000008, value=v, duration=0.1652892999991309>
584.2542 	EXP 	Device response: <KeyPress from None: t=584.2411181000007, value=v, duration=None>
584.2559 	DATA 	Keypress: v
584.3706 	INFO 	Keyboard events cleared
584.3704 	EXP 	fixation: autoDraw = False
584.3704 	EXP 	probe: autoDraw = True
584.4378 	EXP 	Device response: <KeyPress from None: t=584.2411181000007, value=v, duration=0.19054039999900851>
584.6730 	DATA 	Keypress: v
584.6876 	EXP 	Device response: <KeyPress from None: t=584.6716142000005, value=v, duration=None>
584.6880 	EXP 	New trial (rep=8, index=34): <Trial 34 (34 in rep 8) data={'pos': -150, 'corr_resp': 'z', 'thisN': 34, 'thisTrialN': 34, 'thisRepN': 8}>
584.7035 	EXP 	fixation: autoDraw = False
584.7035 	EXP 	line1: autoDraw = False
584.7035 	EXP 	line2: autoDraw = False
584.7035 	EXP 	line3: autoDraw = False
584.7035 	EXP 	line4: autoDraw = False
584.7035 	EXP 	probe: autoDraw = False
584.8377 	EXP 	Device response: <KeyPress from None: t=584.6716142000005, value=v, duration=0.16005699999914214>
585.6902 	EXP 	fixation: autoDraw = True
585.6902 	EXP 	line1: autoDraw = True
585.6902 	EXP 	line2: autoDraw = True
585.6902 	EXP 	line3: autoDraw = True
585.6902 	EXP 	line4: autoDraw = True
585.7088 	EXP 	Device response: <KeyPress from None: t=585.7021667000008, value=x, duration=None>
585.7121 	DATA 	Keypress: x
585.9586 	EXP 	Device response: <KeyPress from None: t=585.7021667000008, value=x, duration=0.2522640999995929>
586.6872 	INFO 	Keyboard events cleared
586.6870 	EXP 	probe: autoDraw = True
586.7040 	EXP 	fixation: autoDraw = False
586.9038 	EXP 	Device response: <KeyPress from None: t=586.9015417999999, value=x, duration=None>
586.9042 	EXP 	New trial (rep=10, index=35): <Trial 35 (35 in rep 10) data={'pos': 150, 'corr_resp': 'v', 'thisN': 35, 'thisTrialN': 35, 'thisRepN': 10}>
586.9055 	DATA 	Keypress: x
586.9207 	EXP 	fixation: autoDraw = False
586.9207 	EXP 	line1: autoDraw = False
586.9207 	EXP 	line2: autoDraw = False
586.9207 	EXP 	line3: autoDraw = False
586.9207 	EXP 	line4: autoDraw = False
586.9207 	EXP 	probe: autoDraw = False
587.1044 	EXP 	Device response: <KeyPress from None: t=586.9015417999999, value=x, duration=0.18914779999977327>
587.9040 	EXP 	fixation: autoDraw = True
587.9040 	EXP 	line1: autoDraw = True
587.9040 	EXP 	line2: autoDraw = True
587.9040 	EXP 	line3: autoDraw = True
587.9040 	EXP 	line4: autoDraw = True
588.9037 	INFO 	Keyboard events cleared
588.9035 	EXP 	fixation: autoDraw = False
588.9035 	EXP 	probe: autoDraw = True
589.2374 	EXP 	Device response: <KeyPress from None: t=589.2225691999993, value=c, duration=None>
589.2378 	EXP 	New trial (rep=4, index=36): <Trial 36 (36 in rep 4) data={'pos': 50, 'corr_resp': 'c', 'thisN': 36, 'thisTrialN': 36, 'thisRepN': 4}>
589.2390 	DATA 	Keypress: c
589.2535 	EXP 	fixation: autoDraw = False
589.2535 	EXP 	line1: autoDraw = False
589.2535 	EXP 	line2: autoDraw = False
589.2535 	EXP 	line3: autoDraw = False
589.2535 	EXP 	line4: autoDraw = False
589.2535 	EXP 	probe: autoDraw = False
589.3546 	EXP 	Device response: <KeyPress from None: t=589.2225691999993, value=c, duration=0.12417660000028263>
590.2363 	EXP 	fixation: autoDraw = True
590.2363 	EXP 	line1: autoDraw = True
590.2363 	EXP 	line2: autoDraw = True
590.2363 	EXP 	line3: autoDraw = True
590.2363 	EXP 	line4: autoDraw = True
591.2518 	INFO 	Keyboard events cleared
591.2515 	EXP 	fixation: autoDraw = False
591.2515 	EXP 	probe: autoDraw = True
592.1516 	EXP 	Device response: <KeyPress from None: t=592.1513438000002, value=c, duration=None>
592.1519 	EXP 	New trial (rep=11, index=37): <Trial 37 (37 in rep 11) data={'pos': 150, 'corr_resp': 'v', 'thisN': 37, 'thisTrialN': 37, 'thisRepN': 11}>
592.1556 	DATA 	Keypress: c
592.1671 	EXP 	fixation: autoDraw = False
592.1671 	EXP 	line1: autoDraw = False
592.1671 	EXP 	line2: autoDraw = False
592.1671 	EXP 	line3: autoDraw = False
592.1671 	EXP 	line4: autoDraw = False
592.1671 	EXP 	probe: autoDraw = False
592.3473 	EXP 	Device response: <KeyPress from None: t=592.1513438000002, value=c, duration=0.19268869999905291>
593.1629 	EXP 	fixation: autoDraw = True
593.1629 	EXP 	line1: autoDraw = True
593.1629 	EXP 	line2: autoDraw = True
593.1629 	EXP 	line3: autoDraw = True
593.1629 	EXP 	line4: autoDraw = True
594.1622 	INFO 	Keyboard events cleared
594.1621 	EXP 	probe: autoDraw = True
594.1773 	EXP 	fixation: autoDraw = False
594.9206 	EXP 	Device response: <KeyPress from None: t=594.9199487000005, value=v, duration=None>
594.9210 	EXP 	New trial (rep=5, index=38): <Trial 38 (38 in rep 5) data={'pos': 50, 'corr_resp': 'c', 'thisN': 38, 'thisTrialN': 38, 'thisRepN': 5}>
594.9225 	DATA 	Keypress: v
594.9368 	EXP 	fixation: autoDraw = False
594.9368 	EXP 	line1: autoDraw = False
594.9368 	EXP 	line2: autoDraw = False
594.9368 	EXP 	line3: autoDraw = False
594.9368 	EXP 	line4: autoDraw = False
594.9368 	EXP 	probe: autoDraw = False
595.1202 	EXP 	Device response: <KeyPress from None: t=594.9199487000005, value=v, duration=0.18538169999919774>
595.9231 	EXP 	fixation: autoDraw = True
595.9231 	EXP 	line1: autoDraw = True
595.9231 	EXP 	line2: autoDraw = True
595.9231 	EXP 	line3: autoDraw = True
595.9231 	EXP 	line4: autoDraw = True
596.9201 	INFO 	Keyboard events cleared
596.9199 	EXP 	probe: autoDraw = True
596.9373 	EXP 	fixation: autoDraw = False
597.4867 	EXP 	Device response: <KeyPress from None: t=597.4819580000003, value=c, duration=None>
597.4871 	EXP 	New trial (rep=6, index=39): <Trial 39 (39 in rep 6) data={'pos': 50, 'corr_resp': 'c', 'thisN': 39, 'thisTrialN': 39, 'thisRepN': 6}>
597.4883 	DATA 	Keypress: c
597.5032 	EXP 	fixation: autoDraw = False
597.5032 	EXP 	line1: autoDraw = False
597.5032 	EXP 	line2: autoDraw = False
597.5032 	EXP 	line3: autoDraw = False
597.5032 	EXP 	line4: autoDraw = False
597.5032 	EXP 	probe: autoDraw = False
597.6207 	EXP 	Device response: <KeyPress from None: t=597.4819580000003, value=c, duration=0.12758799999937764>
598.4906 	EXP 	fixation: autoDraw = True
598.4906 	EXP 	line1: autoDraw = True
598.4906 	EXP 	line2: autoDraw = True
598.4906 	EXP 	line3: autoDraw = True
598.4906 	EXP 	line4: autoDraw = True
599.4900 	INFO 	Keyboard events cleared
599.4897 	EXP 	fixation: autoDraw = False
599.4897 	EXP 	probe: autoDraw = True
600.1545 	EXP 	Device response: <KeyPress from None: t=600.1497772000002, value=c, duration=None>
600.1550 	EXP 	New trial (rep=7, index=40): <Trial 40 (40 in rep 7) data={'pos': 50, 'corr_resp': 'c', 'thisN': 40, 'thisTrialN': 40, 'thisRepN': 7}>
600.1563 	DATA 	Keypress: c
600.1699 	EXP 	fixation: autoDraw = False
600.1699 	EXP 	line1: autoDraw = False
600.1699 	EXP 	line2: autoDraw = False
600.1699 	EXP 	line3: autoDraw = False
600.1699 	EXP 	line4: autoDraw = False
600.1699 	EXP 	probe: autoDraw = False
600.3044 	EXP 	Device response: <KeyPress from None: t=600.1497772000002, value=c, duration=0.14518709999902057>
601.1564 	EXP 	fixation: autoDraw = True
601.1564 	EXP 	line1: autoDraw = True
601.1564 	EXP 	line2: autoDraw = True
601.1564 	EXP 	line3: autoDraw = True
601.1564 	EXP 	line4: autoDraw = True
602.1704 	INFO 	Keyboard events cleared
602.1702 	EXP 	fixation: autoDraw = False
602.1702 	EXP 	probe: autoDraw = True
602.5873 	EXP 	Device response: <KeyPress from None: t=602.5792201000004, value=c, duration=None>
602.5877 	EXP 	New trial (rep=12, index=41): <Trial 41 (41 in rep 12) data={'pos': -50, 'corr_resp': 'x', 'thisN': 41, 'thisTrialN': 41, 'thisRepN': 12}>
602.5890 	DATA 	Keypress: c
602.6035 	EXP 	fixation: autoDraw = False
602.6035 	EXP 	line1: autoDraw = False
602.6035 	EXP 	line2: autoDraw = False
602.6035 	EXP 	line3: autoDraw = False
602.6035 	EXP 	line4: autoDraw = False
602.6035 	EXP 	probe: autoDraw = False
602.7708 	EXP 	Device response: <KeyPress from None: t=602.5792201000004, value=c, duration=0.19074120000004768>
603.5903 	EXP 	fixation: autoDraw = True
603.5903 	EXP 	line1: autoDraw = True
603.5903 	EXP 	line2: autoDraw = True
603.5903 	EXP 	line3: autoDraw = True
603.5903 	EXP 	line4: autoDraw = True
604.5904 	INFO 	Keyboard events cleared
604.5901 	EXP 	fixation: autoDraw = False
604.5901 	EXP 	probe: autoDraw = True
605.1698 	EXP 	Device response: <KeyPress from None: t=605.1633361000004, value=x, duration=None>
605.1703 	EXP 	New trial (rep=8, index=42): <Trial 42 (42 in rep 8) data={'pos': 50, 'corr_resp': 'c', 'thisN': 42, 'thisTrialN': 42, 'thisRepN': 8}>
605.1716 	DATA 	Keypress: x
605.1872 	EXP 	fixation: autoDraw = False
605.1872 	EXP 	line1: autoDraw = False
605.1872 	EXP 	line2: autoDraw = False
605.1872 	EXP 	line3: autoDraw = False
605.1872 	EXP 	line4: autoDraw = False
605.1872 	EXP 	probe: autoDraw = False
605.3375 	EXP 	Device response: <KeyPress from None: t=605.1633361000004, value=x, duration=0.16489720000026864>
606.1697 	EXP 	fixation: autoDraw = True
606.1697 	EXP 	line1: autoDraw = True
606.1697 	EXP 	line2: autoDraw = True
606.1697 	EXP 	line3: autoDraw = True
606.1697 	EXP 	line4: autoDraw = True
607.1696 	INFO 	Keyboard events cleared
607.1694 	EXP 	fixation: autoDraw = False
607.1694 	EXP 	probe: autoDraw = True
607.5207 	EXP 	Device response: <KeyPress from None: t=607.508996300001, value=c, duration=None>
607.5211 	EXP 	New trial (rep=9, index=43): <Trial 43 (43 in rep 9) data={'pos': -150, 'corr_resp': 'z', 'thisN': 43, 'thisTrialN': 43, 'thisRepN': 9}>
607.5223 	DATA 	Keypress: c
607.5367 	EXP 	fixation: autoDraw = False
607.5367 	EXP 	line1: autoDraw = False
607.5367 	EXP 	line2: autoDraw = False
607.5367 	EXP 	line3: autoDraw = False
607.5367 	EXP 	line4: autoDraw = False
607.5367 	EXP 	probe: autoDraw = False
607.6884 	EXP 	Device response: <KeyPress from None: t=607.508996300001, value=c, duration=0.17707849999897007>
608.5198 	EXP 	fixation: autoDraw = True
608.5198 	EXP 	line1: autoDraw = True
608.5198 	EXP 	line2: autoDraw = True
608.5198 	EXP 	line3: autoDraw = True
608.5198 	EXP 	line4: autoDraw = True
609.5209 	INFO 	Keyboard events cleared
609.5207 	EXP 	fixation: autoDraw = False
609.5207 	EXP 	probe: autoDraw = True
609.8536 	EXP 	Device response: <KeyPress from None: t=609.8487587, value=x, duration=None>
609.8540 	EXP 	New trial (rep=9, index=44): <Trial 44 (44 in rep 9) data={'pos': 50, 'corr_resp': 'c', 'thisN': 44, 'thisTrialN': 44, 'thisRepN': 9}>
609.8552 	DATA 	Keypress: x
609.8703 	EXP 	fixation: autoDraw = False
609.8703 	EXP 	line1: autoDraw = False
609.8703 	EXP 	line2: autoDraw = False
609.8703 	EXP 	line3: autoDraw = False
609.8703 	EXP 	line4: autoDraw = False
609.8703 	EXP 	probe: autoDraw = False
610.0369 	EXP 	Device response: <KeyPress from None: t=609.8487587, value=x, duration=0.17632059999959893>
610.8536 	EXP 	fixation: autoDraw = True
610.8536 	EXP 	line1: autoDraw = True
610.8536 	EXP 	line2: autoDraw = True
610.8536 	EXP 	line3: autoDraw = True
610.8536 	EXP 	line4: autoDraw = True
611.2511 	EXP 	Device response: <KeyPress from None: t=611.2506035000006, value=x, duration=None>
611.2525 	DATA 	Keypress: x
611.4557 	EXP 	Device response: <KeyPress from None: t=611.2506035000006, value=x, duration=0.19218929999988177>
611.8374 	EXP 	Device response: <KeyPress from None: t=611.8231059000009, value=x, duration=None>
611.8401 	DATA 	Keypress: x
611.8535 	INFO 	Keyboard events cleared
611.8533 	EXP 	fixation: autoDraw = False
611.8533 	EXP 	probe: autoDraw = True
612.0047 	EXP 	Device response: <KeyPress from None: t=611.8231059000009, value=x, duration=0.18058529999871098>
613.0561 	DATA 	Keypress: v
613.0711 	EXP 	Device response: <KeyPress from None: t=613.0550614000003, value=v, duration=None>
613.0715 	EXP 	New trial (rep=12, index=45): <Trial 45 (45 in rep 12) data={'pos': 150, 'corr_resp': 'v', 'thisN': 45, 'thisTrialN': 45, 'thisRepN': 12}>
613.0864 	EXP 	fixation: autoDraw = False
613.0864 	EXP 	line1: autoDraw = False
613.0864 	EXP 	line2: autoDraw = False
613.0864 	EXP 	line3: autoDraw = False
613.0864 	EXP 	line4: autoDraw = False
613.0864 	EXP 	probe: autoDraw = False
613.2870 	EXP 	Device response: <KeyPress from None: t=613.0550614000003, value=v, duration=0.2196604999990086>
613.5703 	EXP 	Device response: <KeyPress from None: t=613.5619425000004, value=c, duration=None>
613.5712 	DATA 	Keypress: c
613.7707 	EXP 	Device response: <KeyPress from None: t=613.5619425000004, value=c, duration=0.19869850000031875>
614.0863 	EXP 	fixation: autoDraw = True
614.0863 	EXP 	line1: autoDraw = True
614.0863 	EXP 	line2: autoDraw = True
614.0863 	EXP 	line3: autoDraw = True
614.0863 	EXP 	line4: autoDraw = True
614.1199 	EXP 	Device response: <KeyPress from None: t=614.1144781999992, value=x, duration=None>
614.1216 	DATA 	Keypress: x
614.3373 	EXP 	Device response: <KeyPress from None: t=614.1144781999992, value=x, duration=0.22046950000003562>
615.0867 	INFO 	Keyboard events cleared
615.0865 	EXP 	fixation: autoDraw = False
615.0865 	EXP 	probe: autoDraw = True
615.7372 	EXP 	Device response: <KeyPress from None: t=615.7368984999994, value=c, duration=None>
615.7376 	EXP 	New trial (rep=13, index=46): <Trial 46 (46 in rep 13) data={'pos': -50, 'corr_resp': 'x', 'thisN': 46, 'thisTrialN': 46, 'thisRepN': 13}>
615.7388 	DATA 	Keypress: c
615.7532 	EXP 	fixation: autoDraw = False
615.7532 	EXP 	line1: autoDraw = False
615.7532 	EXP 	line2: autoDraw = False
615.7532 	EXP 	line3: autoDraw = False
615.7532 	EXP 	line4: autoDraw = False
615.7532 	EXP 	probe: autoDraw = False
616.1373 	EXP 	Device response: <KeyPress from None: t=615.7368984999994, value=c, duration=0.38507449999997334>
616.6735 	EXP 	Device response: <KeyPress from None: t=616.6653621000005, value=v, duration=None>
616.6753 	DATA 	Keypress: v
616.7397 	EXP 	fixation: autoDraw = True
616.7397 	EXP 	line1: autoDraw = True
616.7397 	EXP 	line2: autoDraw = True
616.7397 	EXP 	line3: autoDraw = True
616.7397 	EXP 	line4: autoDraw = True
616.8736 	EXP 	Device response: <KeyPress from None: t=616.6653621000005, value=v, duration=0.19246889999885752>
617.1127 	DATA 	Keypress: v
617.1234 	EXP 	Device response: <KeyPress from None: t=617.1107702999998, value=v, duration=None>
617.2885 	EXP 	Device response: <KeyPress from None: t=617.1107702999998, value=v, duration=0.16858110000066517>
617.6206 	EXP 	Device response: <KeyPress from None: t=617.6060073999997, value=v, duration=None>
617.6223 	DATA 	Keypress: v
617.6705 	EXP 	Device response: <KeyPress from None: t=617.6658229999994, value=c, duration=None>
617.6722 	DATA 	Keypress: c
617.6879 	EXP 	Device response: <KeyPress from None: t=617.6761514000009, value=x, duration=None>
617.6902 	DATA 	Keypress: x
617.7531 	INFO 	Keyboard events cleared
617.7529 	EXP 	fixation: autoDraw = False
617.7529 	EXP 	probe: autoDraw = True
617.8539 	EXP 	Device response: <KeyPress from None: t=617.6658229999994, value=c, duration=0.1821871000011015>
617.8710 	EXP 	Device response: <KeyPress from None: t=617.6761514000009, value=x, duration=0.18569299999944633>
618.1201 	EXP 	Device response: <KeyPress from None: t=618.113160500001, value=x, duration=None>
618.1205 	EXP 	New trial (rep=10, index=47): <Trial 47 (47 in rep 10) data={'pos': -150, 'corr_resp': 'z', 'thisN': 47, 'thisTrialN': 47, 'thisRepN': 10}>
618.1217 	DATA 	Keypress: x
618.1366 	EXP 	fixation: autoDraw = False
618.1366 	EXP 	line1: autoDraw = False
618.1366 	EXP 	line2: autoDraw = False
618.1366 	EXP 	line3: autoDraw = False
618.1366 	EXP 	line4: autoDraw = False
618.1366 	EXP 	probe: autoDraw = False
618.3212 	EXP 	Device response: <KeyPress from None: t=618.113160500001, value=x, duration=0.20289249999950698>
618.4040 	EXP 	Device response: <KeyPress from None: t=617.6060073999997, value=v, duration=0.7945761000009952>
619.1199 	EXP 	fixation: autoDraw = True
619.1199 	EXP 	line1: autoDraw = True
619.1199 	EXP 	line2: autoDraw = True
619.1199 	EXP 	line3: autoDraw = True
619.1199 	EXP 	line4: autoDraw = True
620.0212 	EXP 	Device response: <KeyPress from None: t=620.0112829000009, value=x, duration=None>
620.0245 	DATA 	Keypress: x
620.1235 	INFO 	Keyboard events cleared
620.1233 	EXP 	fixation: autoDraw = False
620.1233 	EXP 	probe: autoDraw = True
620.2257 	EXP 	Device response: <KeyPress from None: t=620.0112829000009, value=x, duration=0.20386169999983395>
620.7041 	EXP 	Device response: <KeyPress from None: t=620.7010824000008, value=x, duration=None>
620.7047 	EXP 	New trial (rep=14, index=48): <Trial 48 (48 in rep 14) data={'pos': -50, 'corr_resp': 'x', 'thisN': 48, 'thisTrialN': 48, 'thisRepN': 14}>
620.7059 	DATA 	Keypress: x
620.7198 	EXP 	fixation: autoDraw = False
620.7198 	EXP 	line1: autoDraw = False
620.7198 	EXP 	line2: autoDraw = False
620.7198 	EXP 	line3: autoDraw = False
620.7198 	EXP 	line4: autoDraw = False
620.7198 	EXP 	probe: autoDraw = False
620.9700 	EXP 	Device response: <KeyPress from None: t=620.7010824000008, value=x, duration=0.26347339999847463>
621.4048 	DATA 	Keypress: x
621.4205 	EXP 	Device response: <KeyPress from None: t=621.4042004999992, value=x, duration=None>
621.6180 	EXP 	Device response: <KeyPress from None: t=621.4042004999992, value=x, duration=0.21358990000044287>
621.7235 	EXP 	fixation: autoDraw = True
621.7235 	EXP 	line1: autoDraw = True
621.7235 	EXP 	line2: autoDraw = True
621.7235 	EXP 	line3: autoDraw = True
621.7235 	EXP 	line4: autoDraw = True
622.0054 	DATA 	Keypress: x
622.0200 	EXP 	Device response: <KeyPress from None: t=622.0041851999995, value=x, duration=None>
622.2204 	EXP 	Device response: <KeyPress from None: t=622.0041851999995, value=x, duration=0.21411600000101316>
622.7080 	INFO 	Keyboard events cleared
622.7076 	EXP 	probe: autoDraw = True
622.7115 	DATA 	Keypress: x
622.7201 	EXP 	fixation: autoDraw = False
623.7536 	EXP 	Device response: <KeyPress from None: t=623.7506761000004, value=c, duration=None>
623.7540 	EXP 	New trial (rep=11, index=49): <Trial 49 (49 in rep 11) data={'pos': -150, 'corr_resp': 'z', 'thisN': 49, 'thisTrialN': 49, 'thisRepN': 11}>
623.7552 	DATA 	Keypress: c
623.7694 	EXP 	fixation: autoDraw = False
623.7694 	EXP 	line1: autoDraw = False
623.7694 	EXP 	line2: autoDraw = False
623.7694 	EXP 	line3: autoDraw = False
623.7694 	EXP 	line4: autoDraw = False
623.7694 	EXP 	probe: autoDraw = False
624.0697 	EXP 	Device response: <KeyPress from None: t=623.7506761000004, value=c, duration=0.30535760000020673>
624.7696 	EXP 	fixation: autoDraw = True
624.7696 	EXP 	line1: autoDraw = True
624.7696 	EXP 	line2: autoDraw = True
624.7696 	EXP 	line3: autoDraw = True
624.7696 	EXP 	line4: autoDraw = True
625.0181 	EXP 	Device response: <KeyPress from None: t=625.0144545000003, value=v, duration=None>
625.0209 	DATA 	Keypress: v
625.2705 	EXP 	Device response: <KeyPress from None: t=625.0144545000003, value=v, duration=0.24392169999919133>
625.5045 	EXP 	Device response: <KeyPress from None: t=625.5020982999995, value=v, duration=None>
625.5065 	DATA 	Keypress: v
625.7038 	EXP 	Device response: <KeyPress from None: t=625.5020982999995, value=v, duration=0.18662990000120772>
625.7687 	INFO 	Keyboard events cleared
625.7685 	EXP 	fixation: autoDraw = False
625.7685 	EXP 	probe: autoDraw = True
626.0869 	EXP 	Device response: <KeyPress from None: t=626.0824706000003, value=v, duration=None>
626.0872 	EXP 	New trial (rep=15, index=50): <Trial 50 (50 in rep 15) data={'pos': -50, 'corr_resp': 'x', 'thisN': 50, 'thisTrialN': 50, 'thisRepN': 15}>
626.0880 	DATA 	Keypress: v
626.1015 	EXP 	fixation: autoDraw = False
626.1015 	EXP 	line1: autoDraw = False
626.1015 	EXP 	line2: autoDraw = False
626.1015 	EXP 	line3: autoDraw = False
626.1015 	EXP 	line4: autoDraw = False
626.1015 	EXP 	probe: autoDraw = False
626.2524 	EXP 	Device response: <KeyPress from None: t=626.0824706000003, value=v, duration=0.16444050000063726>
627.0840 	EXP 	fixation: autoDraw = True
627.0840 	EXP 	line1: autoDraw = True
627.0840 	EXP 	line2: autoDraw = True
627.0840 	EXP 	line3: autoDraw = True
627.0840 	EXP 	line4: autoDraw = True
627.4589 	EXP 	Device response: <KeyPress from None: t=627.4472779999996, value=z, duration=None>
627.4607 	DATA 	Keypress: z
627.6295 	EXP 	Device response: <KeyPress from None: t=539.9031238999996, value=z, duration=87.72360819999994>
628.0946 	INFO 	Keyboard events cleared
628.0944 	EXP 	fixation: autoDraw = False
628.0944 	EXP 	probe: autoDraw = True
628.3959 	EXP 	Device response: <KeyPress from None: t=628.3945633000003, value=z, duration=None>
628.3963 	EXP 	New trial (rep=12, index=51): <Trial 51 (51 in rep 12) data={'pos': -150, 'corr_resp': 'z', 'thisN': 51, 'thisTrialN': 51, 'thisRepN': 12}>
628.3978 	DATA 	Keypress: z
628.4117 	EXP 	fixation: autoDraw = False
628.4117 	EXP 	line1: autoDraw = False
628.4117 	EXP 	line2: autoDraw = False
628.4117 	EXP 	line3: autoDraw = False
628.4117 	EXP 	line4: autoDraw = False
628.4117 	EXP 	probe: autoDraw = False
628.5454 	EXP 	Device response: <KeyPress from None: t=627.4472779999996, value=z, duration=1.0879242999999406>
628.9097 	EXP 	Device response: <KeyPress from None: t=628.8998752999996, value=z, duration=None>
628.9104 	DATA 	Keypress: z
629.0589 	EXP 	Device response: <KeyPress from None: t=628.3945633000003, value=z, duration=0.6541027999992366>
629.3445 	EXP 	Device response: <KeyPress from None: t=629.3392917000001, value=z, duration=None>
629.3455 	DATA 	Keypress: z
629.4114 	EXP 	fixation: autoDraw = True
629.4114 	EXP 	line1: autoDraw = True
629.4114 	EXP 	line2: autoDraw = True
629.4114 	EXP 	line3: autoDraw = True
629.4114 	EXP 	line4: autoDraw = True
629.5122 	EXP 	Device response: <KeyPress from None: t=628.8998752999996, value=z, duration=0.6065470000012283>
630.0284 	EXP 	Device response: <KeyPress from None: t=630.0236977000004, value=z, duration=None>
630.0326 	DATA 	Keypress: z
630.2098 	EXP 	Device response: <KeyPress from None: t=629.3392917000001, value=z, duration=0.8627670999994734>
630.4106 	INFO 	Keyboard events cleared
630.4104 	EXP 	probe: autoDraw = True
630.4259 	EXP 	fixation: autoDraw = False
630.5428 	EXP 	Device response: <KeyPress from None: t=630.5345039999993, value=z, duration=None>
630.5432 	EXP 	New trial (rep=13, index=52): <Trial 52 (52 in rep 13) data={'pos': -150, 'corr_resp': 'z', 'thisN': 52, 'thisTrialN': 52, 'thisRepN': 13}>
630.5442 	DATA 	Keypress: z
630.5601 	EXP 	fixation: autoDraw = False
630.5601 	EXP 	line1: autoDraw = False
630.5601 	EXP 	line2: autoDraw = False
630.5601 	EXP 	line3: autoDraw = False
630.5601 	EXP 	line4: autoDraw = False
630.5601 	EXP 	probe: autoDraw = False
630.7118 	EXP 	Device response: <KeyPress from None: t=630.0236977000004, value=z, duration=0.6731099999997241>
631.1602 	EXP 	Device response: <KeyPress from None: t=631.1590151, value=z, duration=None>
631.1609 	DATA 	Keypress: z
631.3784 	EXP 	Device response: <KeyPress from None: t=630.5345039999993, value=z, duration=0.8318318000001454>
631.5443 	EXP 	fixation: autoDraw = True
631.5443 	EXP 	line1: autoDraw = True
631.5443 	EXP 	line2: autoDraw = True
631.5443 	EXP 	line3: autoDraw = True
631.5443 	EXP 	line4: autoDraw = True
631.6625 	EXP 	Device response: <KeyPress from None: t=631.6436477000007, value=z, duration=None>
631.6644 	DATA 	Keypress: z
631.7620 	EXP 	Device response: <KeyPress from None: t=631.1590151, value=z, duration=0.5946707999992213>
631.9611 	EXP 	Device response: <KeyPress from None: t=631.9501758999995, value=z, duration=None>
631.9626 	DATA 	Keypress: z
632.1624 	EXP 	Device response: <KeyPress from None: t=631.6436477000007, value=z, duration=0.501694900000075>
632.3286 	EXP 	Device response: <KeyPress from None: t=632.3147621999997, value=z, duration=None>
632.3306 	DATA 	Keypress: z
632.4956 	EXP 	Device response: <KeyPress from None: t=631.9501758999995, value=z, duration=0.533203400000275>
632.5452 	INFO 	Keyboard events cleared
632.5449 	EXP 	fixation: autoDraw = False
632.5449 	EXP 	probe: autoDraw = True
632.7313 	DATA 	Keypress: z
632.7448 	EXP 	Device response: <KeyPress from None: t=632.7286502999996, value=z, duration=None>
632.7453 	EXP 	New trial (rep=16, index=53): <Trial 53 (53 in rep 16) data={'pos': -50, 'corr_resp': 'x', 'thisN': 53, 'thisTrialN': 53, 'thisRepN': 16}>
632.7617 	EXP 	fixation: autoDraw = False
632.7617 	EXP 	line1: autoDraw = False
632.7617 	EXP 	line2: autoDraw = False
632.7617 	EXP 	line3: autoDraw = False
632.7617 	EXP 	line4: autoDraw = False
632.7617 	EXP 	probe: autoDraw = False
632.9172 	EXP 	Device response: <KeyPress from None: t=632.3147621999997, value=z, duration=0.5897304999998596>
633.1120 	EXP 	Device response: <KeyPress from None: t=633.1044559000002, value=z, duration=None>
633.1129 	DATA 	Keypress: z
633.2799 	EXP 	Device response: <KeyPress from None: t=632.7286502999996, value=z, duration=0.5482941999998729>
633.4928 	EXP 	Device response: <KeyPress from None: t=633.4811998000005, value=z, duration=None>
633.4937 	DATA 	Keypress: z
633.6618 	EXP 	Device response: <KeyPress from None: t=633.1044559000002, value=z, duration=0.554986099999951>
633.7482 	EXP 	fixation: autoDraw = True
633.7482 	EXP 	line1: autoDraw = True
633.7482 	EXP 	line2: autoDraw = True
633.7482 	EXP 	line3: autoDraw = True
633.7482 	EXP 	line4: autoDraw = True
633.9324 	EXP 	Device response: <KeyPress from None: t=633.9213362999999, value=z, duration=None>
633.9358 	DATA 	Keypress: z
634.0651 	EXP 	Device response: <KeyPress from None: t=633.4811998000005, value=z, duration=0.5688312000002043>
634.2622 	EXP 	Device response: <KeyPress from None: t=634.253369, value=z, duration=None>
634.2637 	DATA 	Keypress: z
634.5659 	EXP 	Device response: <KeyPress from None: t=633.9213362999999, value=z, duration=0.6327786000001652>
634.7607 	INFO 	Keyboard events cleared
634.7605 	EXP 	fixation: autoDraw = False
634.7605 	EXP 	probe: autoDraw = True
634.7955 	EXP 	Device response: <KeyPress from None: t=634.7878287999993, value=z, duration=None>
634.7959 	EXP 	New trial (rep=14, index=54): <Trial 54 (54 in rep 14) data={'pos': -150, 'corr_resp': 'z', 'thisN': 54, 'thisTrialN': 54, 'thisRepN': 14}>
634.7967 	DATA 	Keypress: z
634.8116 	EXP 	fixation: autoDraw = False
634.8116 	EXP 	line1: autoDraw = False
634.8116 	EXP 	line2: autoDraw = False
634.8116 	EXP 	line3: autoDraw = False
634.8116 	EXP 	line4: autoDraw = False
634.8116 	EXP 	probe: autoDraw = False
634.9435 	EXP 	Device response: <KeyPress from None: t=634.253369, value=z, duration=0.6792583000005834>
635.7948 	EXP 	fixation: autoDraw = True
635.7948 	EXP 	line1: autoDraw = True
635.7948 	EXP 	line2: autoDraw = True
635.7948 	EXP 	line3: autoDraw = True
635.7948 	EXP 	line4: autoDraw = True
636.0985 	DATA 	Keypress: z
636.1082 	EXP 	Device response: <KeyPress from None: t=636.0980517000007, value=z, duration=None>
636.2691 	EXP 	Device response: <KeyPress from None: t=634.7878287999993, value=z, duration=1.4797488000003796>
636.7697 	DATA 	Keypress: z
636.7841 	EXP 	Device response: <KeyPress from None: t=636.7685701999999, value=z, duration=None>
636.8007 	INFO 	Keyboard events cleared
636.8006 	EXP 	fixation: autoDraw = False
636.8006 	EXP 	probe: autoDraw = True
636.9533 	EXP 	Device response: <KeyPress from None: t=636.0980517000007, value=z, duration=0.8503423000001931>
637.7532 	EXP 	Device response: <KeyPress from None: t=637.7475859000006, value=v, duration=None>
637.7536 	EXP 	New trial (rep=13, index=55): <Trial 55 (55 in rep 13) data={'pos': 150, 'corr_resp': 'v', 'thisN': 55, 'thisTrialN': 55, 'thisRepN': 13}>
637.7548 	DATA 	Keypress: v
637.7696 	EXP 	fixation: autoDraw = False
637.7696 	EXP 	line1: autoDraw = False
637.7696 	EXP 	line2: autoDraw = False
637.7696 	EXP 	line3: autoDraw = False
637.7696 	EXP 	line4: autoDraw = False
637.7696 	EXP 	probe: autoDraw = False
637.9014 	EXP 	Device response: <KeyPress from None: t=637.7475859000006, value=v, duration=0.1460349999997561>
638.1102 	EXP 	Device response: <KeyPress from None: t=638.0892896000005, value=v, duration=None>
638.1129 	DATA 	Keypress: v
638.1133 	DATA 	Keypress: z
638.1361 	EXP 	Device response: <KeyPress from None: t=638.1101390999993, value=z, duration=None>
638.3864 	EXP 	Device response: <KeyPress from None: t=636.7685701999999, value=z, duration=1.6022035000005417>
638.4369 	EXP 	Device response: <KeyPress from None: t=638.0892896000005, value=v, duration=0.34192049999910523>
638.4530 	EXP 	Device response: <KeyPress from None: t=638.4480428999996, value=v, duration=None>
638.4539 	DATA 	Keypress: v
638.7032 	EXP 	Device response: <KeyPress from None: t=638.6990060999997, value=z, duration=None>
638.7041 	DATA 	Keypress: z
638.7692 	EXP 	fixation: autoDraw = True
638.7692 	EXP 	line1: autoDraw = True
638.7692 	EXP 	line2: autoDraw = True
638.7692 	EXP 	line3: autoDraw = True
638.7692 	EXP 	line4: autoDraw = True
638.8536 	EXP 	Device response: <KeyPress from None: t=638.4480428999996, value=v, duration=0.4008470999997371>
638.8701 	EXP 	Device response: <KeyPress from None: t=638.8565706000009, value=v, duration=None>
638.8722 	DATA 	Keypress: v
638.8875 	EXP 	Device response: <KeyPress from None: t=638.1101390999993, value=z, duration=0.7600679000006494>
638.9199 	EXP 	Device response: <KeyPress from None: t=638.8565706000009, value=v, duration=0.0520074999985809>
639.1696 	EXP 	Device response: <KeyPress from None: t=639.1557616000009, value=z, duration=None>
639.1713 	DATA 	Keypress: z
639.3535 	EXP 	Device response: <KeyPress from None: t=638.6990060999997, value=z, duration=0.6469009000011283>
639.7673 	INFO 	Keyboard events cleared
639.7672 	EXP 	probe: autoDraw = True
639.7863 	EXP 	fixation: autoDraw = False
640.0179 	EXP 	Device response: <KeyPress from None: t=640.0105707999992, value=z, duration=None>
640.0183 	EXP 	New trial (rep=17, index=56): <Trial 56 (56 in rep 17) data={'pos': -50, 'corr_resp': 'x', 'thisN': 56, 'thisTrialN': 56, 'thisRepN': 17}>
640.0195 	DATA 	Keypress: z
640.0338 	EXP 	fixation: autoDraw = False
640.0338 	EXP 	line1: autoDraw = False
640.0338 	EXP 	line2: autoDraw = False
640.0338 	EXP 	line3: autoDraw = False
640.0338 	EXP 	line4: autoDraw = False
640.0338 	EXP 	probe: autoDraw = False
640.2532 	EXP 	Device response: <KeyPress from None: t=639.1557616000009, value=z, duration=1.0819469999987632>
640.5697 	EXP 	Device response: <KeyPress from None: t=640.5652000000009, value=z, duration=None>
640.5705 	DATA 	Keypress: z
640.6863 	EXP 	Device response: <KeyPress from None: t=640.0105707999992, value=z, duration=0.6707354000009218>
641.0191 	EXP 	fixation: autoDraw = True
641.0191 	EXP 	line1: autoDraw = True
641.0191 	EXP 	line2: autoDraw = True
641.0191 	EXP 	line3: autoDraw = True
641.0191 	EXP 	line4: autoDraw = True
641.3852 	EXP 	Device response: <KeyPress from None: t=641.3750667000004, value=z, duration=None>
641.3866 	DATA 	Keypress: z
641.6031 	EXP 	Device response: <KeyPress from None: t=640.5652000000009, value=z, duration=1.0227632999994967>
642.0198 	INFO 	Keyboard events cleared
642.0195 	EXP 	fixation: autoDraw = False
642.0195 	EXP 	probe: autoDraw = True
642.0218 	DATA 	Keypress: z
642.0702 	EXP 	Device response: <KeyPress from None: t=641.3750667000004, value=z, duration=0.692291600000317>
642.4864 	EXP 	Device response: <KeyPress from None: t=642.4811860000009, value=z, duration=None>
642.4868 	EXP 	New trial (rep=18, index=57): <Trial 57 (57 in rep 18) data={'pos': -50, 'corr_resp': 'x', 'thisN': 57, 'thisTrialN': 57, 'thisRepN': 18}>
642.4880 	DATA 	Keypress: z
642.5040 	EXP 	fixation: autoDraw = False
642.5040 	EXP 	line1: autoDraw = False
642.5040 	EXP 	line2: autoDraw = False
642.5040 	EXP 	line3: autoDraw = False
642.5040 	EXP 	line4: autoDraw = False
642.5040 	EXP 	probe: autoDraw = False
642.7032 	EXP 	Device response: <KeyPress from None: t=642.4811860000009, value=z, duration=0.21803989999898477>
643.4867 	EXP 	fixation: autoDraw = True
643.4867 	EXP 	line1: autoDraw = True
643.4867 	EXP 	line2: autoDraw = True
643.4867 	EXP 	line3: autoDraw = True
643.4867 	EXP 	line4: autoDraw = True
643.8366 	EXP 	Device response: <KeyPress from None: t=643.8224628999997, value=z, duration=None>
643.8383 	DATA 	Keypress: z
644.1036 	EXP 	Device response: <KeyPress from None: t=643.8224628999997, value=z, duration=0.2753998000007414>
644.4870 	INFO 	Keyboard events cleared
644.4867 	EXP 	fixation: autoDraw = False
644.4867 	EXP 	probe: autoDraw = True
645.0372 	EXP 	Device response: <KeyPress from None: t=645.0294888999997, value=v, duration=None>
645.0376 	EXP 	New trial (rep=19, index=58): <Trial 58 (58 in rep 19) data={'pos': -50, 'corr_resp': 'x', 'thisN': 58, 'thisTrialN': 58, 'thisRepN': 19}>
645.0389 	DATA 	Keypress: v
645.0529 	EXP 	fixation: autoDraw = False
645.0529 	EXP 	line1: autoDraw = False
645.0529 	EXP 	line2: autoDraw = False
645.0529 	EXP 	line3: autoDraw = False
645.0529 	EXP 	line4: autoDraw = False
645.0529 	EXP 	probe: autoDraw = False
645.3874 	EXP 	Device response: <KeyPress from None: t=645.0294888999997, value=v, duration=0.35553880000043137>
646.0504 	EXP 	fixation: autoDraw = True
646.0504 	EXP 	line1: autoDraw = True
646.0504 	EXP 	line2: autoDraw = True
646.0504 	EXP 	line3: autoDraw = True
646.0504 	EXP 	line4: autoDraw = True
646.5371 	EXP 	Device response: <KeyPress from None: t=646.5256933000001, value=z, duration=None>
646.5390 	DATA 	Keypress: z
646.5540 	EXP 	Device response: <KeyPress from None: t=646.5426606000001, value=x, duration=None>
646.5560 	DATA 	Keypress: x
646.6864 	EXP 	Device response: <KeyPress from None: t=646.5256933000001, value=z, duration=0.15311169999949925>
646.7035 	EXP 	Device response: <KeyPress from None: t=646.5426606000001, value=x, duration=0.14472480000040377>
647.0360 	INFO 	Keyboard events cleared
647.0357 	EXP 	probe: autoDraw = True
647.0527 	EXP 	fixation: autoDraw = False
647.3194 	EXP 	Device response: <KeyPress from None: t=647.3142373999999, value=x, duration=None>
647.3198 	EXP 	New trial (rep=20, index=59): <Trial 59 (59 in rep 20) data={'pos': -50, 'corr_resp': 'x', 'thisN': 59, 'thisTrialN': 59, 'thisRepN': 20}>
647.3249 	DATA 	Keypress: x
647.3335 	EXP 	fixation: autoDraw = False
647.3335 	EXP 	line1: autoDraw = False
647.3335 	EXP 	line2: autoDraw = False
647.3335 	EXP 	line3: autoDraw = False
647.3335 	EXP 	line4: autoDraw = False
647.3335 	EXP 	probe: autoDraw = False
647.5882 	EXP 	Device response: <KeyPress from None: t=647.3142373999999, value=x, duration=0.26309760000003735>
647.5883 	EXP 	Device response: <KeyPress from None: t=647.5848925999999, value=x, duration=None>
647.5902 	DATA 	Keypress: x
647.6366 	EXP 	Device response: <KeyPress from None: t=647.5848925999999, value=x, duration=0.038533999999344815>
648.3191 	EXP 	fixation: autoDraw = True
648.3191 	EXP 	line1: autoDraw = True
648.3191 	EXP 	line2: autoDraw = True
648.3191 	EXP 	line3: autoDraw = True
648.3191 	EXP 	line4: autoDraw = True
648.7218 	EXP 	Device response: <KeyPress from None: t=648.7121733999993, value=z, duration=None>
648.7248 	DATA 	Keypress: z
649.3203 	INFO 	Keyboard events cleared
649.3201 	EXP 	fixation: autoDraw = False
649.3201 	EXP 	probe: autoDraw = True
650.0057 	DATA 	Keypress: x
650.0200 	EXP 	Device response: <KeyPress from None: t=650.0051122999994, value=x, duration=None>
650.0203 	EXP 	New trial (rep=21, index=60): <Trial 60 (60 in rep 21) data={'pos': -50, 'corr_resp': 'x', 'thisN': 60, 'thisTrialN': 60, 'thisRepN': 21}>
650.0360 	EXP 	fixation: autoDraw = False
650.0360 	EXP 	line1: autoDraw = False
650.0360 	EXP 	line2: autoDraw = False
650.0360 	EXP 	line3: autoDraw = False
650.0360 	EXP 	line4: autoDraw = False
650.0360 	EXP 	probe: autoDraw = False
650.1710 	EXP 	Device response: <KeyPress from None: t=650.0051122999994, value=x, duration=0.1614810999999463>
650.1873 	EXP 	Device response: <KeyPress from None: t=648.7121733999993, value=z, duration=1.4725987000001624>
650.2031 	EXP 	Device response: <KeyPress from None: t=650.1987341000004, value=z, duration=None>
650.2040 	DATA 	Keypress: z
650.2532 	EXP 	Device response: <KeyPress from None: t=650.1987341000004, value=z, duration=0.04305249999924854>
651.0169 	EXP 	fixation: autoDraw = True
651.0169 	EXP 	line1: autoDraw = True
651.0169 	EXP 	line2: autoDraw = True
651.0169 	EXP 	line3: autoDraw = True
651.0169 	EXP 	line4: autoDraw = True
652.0082 	EXP 	fixation: autoDraw = False
652.0175 	INFO 	Keyboard events cleared
652.0174 	EXP 	probe: autoDraw = True
652.5835 	EXP 	Device response: <KeyPress from None: t=652.5805815000003, value=x, duration=None>
652.5838 	EXP 	New trial (rep=14, index=61): <Trial 61 (61 in rep 14) data={'pos': 150, 'corr_resp': 'v', 'thisN': 61, 'thisTrialN': 61, 'thisRepN': 14}>
652.5846 	DATA 	Keypress: x
652.5918 	EXP 	fixation: autoDraw = False
652.5918 	EXP 	line1: autoDraw = False
652.5918 	EXP 	line2: autoDraw = False
652.5918 	EXP 	line3: autoDraw = False
652.5918 	EXP 	line4: autoDraw = False
652.5918 	EXP 	probe: autoDraw = False
652.7507 	EXP 	Device response: <KeyPress from None: t=652.5805815000003, value=x, duration=0.1671611000001576>
653.5863 	EXP 	fixation: autoDraw = True
653.5863 	EXP 	line1: autoDraw = True
653.5863 	EXP 	line2: autoDraw = True
653.5863 	EXP 	line3: autoDraw = True
653.5863 	EXP 	line4: autoDraw = True
654.5862 	INFO 	Keyboard events cleared
654.5860 	EXP 	fixation: autoDraw = False
654.5860 	EXP 	probe: autoDraw = True
654.6530 	EXP 	Device response: <KeyPress from None: t=654.6476669000003, value=x, duration=None>
654.6534 	EXP 	New trial (rep=10, index=62): <Trial 62 (62 in rep 10) data={'pos': 50, 'corr_resp': 'c', 'thisN': 62, 'thisTrialN': 62, 'thisRepN': 10}>
654.6546 	DATA 	Keypress: x
654.6700 	EXP 	fixation: autoDraw = False
654.6700 	EXP 	line1: autoDraw = False
654.6700 	EXP 	line2: autoDraw = False
654.6700 	EXP 	line3: autoDraw = False
654.6700 	EXP 	line4: autoDraw = False
654.6700 	EXP 	probe: autoDraw = False
654.8866 	EXP 	Device response: <KeyPress from None: t=654.6476669000003, value=x, duration=0.22835069999928237>
655.6527 	EXP 	fixation: autoDraw = True
655.6527 	EXP 	line1: autoDraw = True
655.6527 	EXP 	line2: autoDraw = True
655.6527 	EXP 	line3: autoDraw = True
655.6527 	EXP 	line4: autoDraw = True
655.6555 	DATA 	Keypress: x
655.6708 	EXP 	Device response: <KeyPress from None: t=655.6547721999996, value=x, duration=None>
655.6709 	EXP 	Device response: <KeyPress from None: t=655.6677013999997, value=c, duration=None>
655.6726 	DATA 	Keypress: c
655.8547 	EXP 	Device response: <KeyPress from None: t=655.6547721999996, value=x, duration=0.19790590000047814>
655.8864 	EXP 	Device response: <KeyPress from None: t=655.6677013999997, value=c, duration=0.21338050000122166>
656.6532 	INFO 	Keyboard events cleared
656.6529 	EXP 	fixation: autoDraw = False
656.6529 	EXP 	probe: autoDraw = True
656.7017 	EXP 	Device response: <KeyPress from None: t=656.7008833, value=c, duration=None>
656.7020 	EXP 	New trial (rep=22, index=63): <Trial 63 (63 in rep 22) data={'pos': -50, 'corr_resp': 'x', 'thisN': 63, 'thisTrialN': 63, 'thisRepN': 22}>
656.7045 	DATA 	Keypress: c
656.7163 	EXP 	fixation: autoDraw = False
656.7163 	EXP 	line1: autoDraw = False
656.7163 	EXP 	line2: autoDraw = False
656.7163 	EXP 	line3: autoDraw = False
656.7163 	EXP 	line4: autoDraw = False
656.7163 	EXP 	probe: autoDraw = False
657.1450 	EXP 	Device response: <KeyPress from None: t=656.7008833, value=c, duration=0.4401527000009082>
657.7120 	EXP 	fixation: autoDraw = True
657.7120 	EXP 	line1: autoDraw = True
657.7120 	EXP 	line2: autoDraw = True
657.7120 	EXP 	line3: autoDraw = True
657.7120 	EXP 	line4: autoDraw = True
657.8349 	EXP 	Device response: <KeyPress from None: t=657.8345346000006, value=x, duration=None>
657.8365 	DATA 	Keypress: x
658.0514 	EXP 	Device response: <KeyPress from None: t=657.8345346000006, value=x, duration=0.20942899999863585>
658.4210 	EXP 	Device response: <KeyPress from None: t=658.4068533000009, value=x, duration=None>
658.4229 	DATA 	Keypress: x
658.6217 	EXP 	Device response: <KeyPress from None: t=658.4068533000009, value=x, duration=0.20212159999937285>
658.7036 	INFO 	Keyboard events cleared
658.7034 	EXP 	probe: autoDraw = True
658.7195 	EXP 	fixation: autoDraw = False
659.5210 	EXP 	Device response: <KeyPress from None: t=659.5061153000006, value=x, duration=None>
659.5214 	EXP 	New trial (rep=15, index=64): <Trial 64 (64 in rep 15) data={'pos': -150, 'corr_resp': 'z', 'thisN': 64, 'thisTrialN': 64, 'thisRepN': 15}>
659.5227 	DATA 	Keypress: x
659.5361 	EXP 	fixation: autoDraw = False
659.5361 	EXP 	line1: autoDraw = False
659.5361 	EXP 	line2: autoDraw = False
659.5361 	EXP 	line3: autoDraw = False
659.5361 	EXP 	line4: autoDraw = False
659.5361 	EXP 	probe: autoDraw = False
659.6716 	EXP 	Device response: <KeyPress from None: t=659.6683422000006, value=c, duration=None>
659.6724 	DATA 	Keypress: c
659.7352 	EXP 	Device response: <KeyPress from None: t=659.5061153000006, value=x, duration=0.22250119999989693>
660.5355 	EXP 	fixation: autoDraw = True
660.5355 	EXP 	line1: autoDraw = True
660.5355 	EXP 	line2: autoDraw = True
660.5355 	EXP 	line3: autoDraw = True
660.5355 	EXP 	line4: autoDraw = True
660.5867 	EXP 	Device response: <KeyPress from None: t=660.5840043000007, value=x, duration=None>
660.5885 	DATA 	Keypress: x
660.8189 	EXP 	Device response: <KeyPress from None: t=660.5840043000007, value=x, duration=0.2294525999986945>
661.2876 	EXP 	Device response: <KeyPress from None: t=661.2833157000005, value=x, duration=None>
661.2901 	DATA 	Keypress: x
661.5036 	EXP 	Device response: <KeyPress from None: t=661.2833157000005, value=x, duration=0.21665769999890472>
661.5371 	INFO 	Keyboard events cleared
661.5368 	EXP 	fixation: autoDraw = False
661.5368 	EXP 	probe: autoDraw = True
661.6880 	EXP 	Device response: <KeyPress from None: t=661.6860185999994, value=x, duration=None>
661.6889 	EXP 	New trial (rep=11, index=65): <Trial 65 (65 in rep 11) data={'pos': 50, 'corr_resp': 'c', 'thisN': 65, 'thisTrialN': 65, 'thisRepN': 11}>
661.6904 	DATA 	Keypress: x
661.7029 	EXP 	fixation: autoDraw = False
661.7029 	EXP 	line1: autoDraw = False
661.7029 	EXP 	line2: autoDraw = False
661.7029 	EXP 	line3: autoDraw = False
661.7029 	EXP 	line4: autoDraw = False
661.7029 	EXP 	probe: autoDraw = False
661.9046 	EXP 	Device response: <KeyPress from None: t=659.6683422000006, value=c, duration=2.2324240999987524>
661.9707 	EXP 	Device response: <KeyPress from None: t=661.6860185999994, value=x, duration=0.2754182000007859>
662.7025 	EXP 	fixation: autoDraw = True
662.7025 	EXP 	line1: autoDraw = True
662.7025 	EXP 	line2: autoDraw = True
662.7025 	EXP 	line3: autoDraw = True
662.7025 	EXP 	line4: autoDraw = True
663.0703 	EXP 	Device response: <KeyPress from None: t=663.0678621000006, value=c, duration=None>
663.0719 	DATA 	Keypress: c
663.2710 	EXP 	Device response: <KeyPress from None: t=663.0678621000006, value=c, duration=0.20057429999906162>
663.7025 	INFO 	Keyboard events cleared
663.7023 	EXP 	fixation: autoDraw = False
663.7023 	EXP 	probe: autoDraw = True
664.0960 	DATA 	Keypress: c
664.1007 	EXP 	Device response: <KeyPress from None: t=664.094347100001, value=c, duration=None>
664.1013 	EXP 	New trial (rep=16, index=66): <Trial 66 (66 in rep 16) data={'pos': -150, 'corr_resp': 'z', 'thisN': 66, 'thisTrialN': 66, 'thisRepN': 16}>
664.1087 	EXP 	fixation: autoDraw = False
664.1087 	EXP 	line1: autoDraw = False
664.1087 	EXP 	line2: autoDraw = False
664.1087 	EXP 	line3: autoDraw = False
664.1087 	EXP 	line4: autoDraw = False
664.1087 	EXP 	probe: autoDraw = False
664.2507 	EXP 	Device response: <KeyPress from None: t=664.094347100001, value=c, duration=0.14153849999820522>
664.9842 	EXP 	Device response: <KeyPress from None: t=664.9712892000007, value=c, duration=None>
664.9849 	DATA 	Keypress: c
665.1036 	EXP 	fixation: autoDraw = True
665.1036 	EXP 	line1: autoDraw = True
665.1036 	EXP 	line2: autoDraw = True
665.1036 	EXP 	line3: autoDraw = True
665.1036 	EXP 	line4: autoDraw = True
665.1698 	EXP 	Device response: <KeyPress from None: t=664.9712892000007, value=c, duration=0.1887851999999839>
665.5702 	EXP 	Device response: <KeyPress from None: t=665.5566500000004, value=c, duration=None>
665.5718 	DATA 	Keypress: c
665.7869 	EXP 	Device response: <KeyPress from None: t=665.5566500000004, value=c, duration=0.21638639999946463>
666.1003 	INFO 	Keyboard events cleared
666.1002 	EXP 	probe: autoDraw = True
666.1170 	EXP 	fixation: autoDraw = False
666.2869 	EXP 	Device response: <KeyPress from None: t=666.2841386, value=x, duration=None>
666.2873 	EXP 	New trial (rep=12, index=67): <Trial 67 (67 in rep 12) data={'pos': 50, 'corr_resp': 'c', 'thisN': 67, 'thisTrialN': 67, 'thisRepN': 12}>
666.2885 	DATA 	Keypress: x
666.3022 	EXP 	fixation: autoDraw = False
666.3022 	EXP 	line1: autoDraw = False
666.3022 	EXP 	line2: autoDraw = False
666.3022 	EXP 	line3: autoDraw = False
666.3022 	EXP 	line4: autoDraw = False
666.3022 	EXP 	probe: autoDraw = False
666.5364 	EXP 	Device response: <KeyPress from None: t=666.2841386, value=x, duration=0.2433736000002682>
666.8700 	EXP 	Device response: <KeyPress from None: t=666.8644936000001, value=c, duration=None>
666.8709 	DATA 	Keypress: c
666.9213 	EXP 	Device response: <KeyPress from None: t=666.9142300000003, value=x, duration=None>
666.9223 	DATA 	Keypress: x
667.0699 	EXP 	Device response: <KeyPress from None: t=666.9142300000003, value=x, duration=0.14706800000021758>
667.1527 	EXP 	Device response: <KeyPress from None: t=666.8644936000001, value=c, duration=0.2829072999993514>
667.3029 	EXP 	fixation: autoDraw = True
667.3029 	EXP 	line1: autoDraw = True
667.3029 	EXP 	line2: autoDraw = True
667.3029 	EXP 	line3: autoDraw = True
667.3029 	EXP 	line4: autoDraw = True
667.7372 	EXP 	Device response: <KeyPress from None: t=667.7358261000008, value=v, duration=None>
667.7390 	DATA 	Keypress: v
667.9376 	EXP 	Device response: <KeyPress from None: t=667.7358261000008, value=v, duration=0.1952605999995285>
668.2079 	EXP 	Device response: <KeyPress from None: t=668.2034086999993, value=v, duration=None>
668.2111 	DATA 	Keypress: v
668.2735 	EXP 	Device response: <KeyPress from None: t=668.261461, value=c, duration=None>
668.2780 	DATA 	Keypress: c
668.2892 	INFO 	Keyboard events cleared
668.2889 	EXP 	probe: autoDraw = True
668.3054 	EXP 	fixation: autoDraw = False
668.4243 	EXP 	Device response: <KeyPress from None: t=668.2034086999993, value=v, duration=0.21363689999998314>
668.4531 	EXP 	Device response: <KeyPress from None: t=668.261461, value=c, duration=0.16701739999916754>
669.0169 	EXP 	Device response: <KeyPress from None: t=669.0118143, value=v, duration=None>
669.0173 	EXP 	New trial (rep=23, index=68): <Trial 68 (68 in rep 23) data={'pos': -50, 'corr_resp': 'x', 'thisN': 68, 'thisTrialN': 68, 'thisRepN': 23}>
669.0184 	DATA 	Keypress: v
669.0335 	EXP 	fixation: autoDraw = False
669.0335 	EXP 	line1: autoDraw = False
669.0335 	EXP 	line2: autoDraw = False
669.0335 	EXP 	line3: autoDraw = False
669.0335 	EXP 	line4: autoDraw = False
669.0335 	EXP 	probe: autoDraw = False
669.2566 	EXP 	Device response: <KeyPress from None: t=669.0118143, value=v, duration=0.23137490000044636>
670.0232 	EXP 	fixation: autoDraw = True
670.0232 	EXP 	line1: autoDraw = True
670.0232 	EXP 	line2: autoDraw = True
670.0232 	EXP 	line3: autoDraw = True
670.0232 	EXP 	line4: autoDraw = True
670.8238 	EXP 	Device response: <KeyPress from None: t=670.8179751999996, value=c, duration=None>
670.8268 	DATA 	Keypress: c
671.0034 	EXP 	Device response: <KeyPress from None: t=670.8179751999996, value=c, duration=0.17220090000046184>
671.0196 	INFO 	Keyboard events cleared
671.0194 	EXP 	probe: autoDraw = True
671.0358 	EXP 	fixation: autoDraw = False
671.6929 	EXP 	Device response: <KeyPress from None: t=671.6904157999998, value=z, duration=None>
671.6937 	EXP 	New trial (rep=13, index=69): <Trial 69 (69 in rep 13) data={'pos': 50, 'corr_resp': 'c', 'thisN': 69, 'thisTrialN': 69, 'thisRepN': 13}>
671.6962 	DATA 	Keypress: z
671.7064 	EXP 	fixation: autoDraw = False
671.7064 	EXP 	line1: autoDraw = False
671.7064 	EXP 	line2: autoDraw = False
671.7064 	EXP 	line3: autoDraw = False
671.7064 	EXP 	line4: autoDraw = False
671.7064 	EXP 	probe: autoDraw = False
671.9252 	EXP 	Device response: <KeyPress from None: t=671.6904157999998, value=z, duration=0.22967369999969378>
672.7030 	EXP 	fixation: autoDraw = True
672.7030 	EXP 	line1: autoDraw = True
672.7030 	EXP 	line2: autoDraw = True
672.7030 	EXP 	line3: autoDraw = True
672.7030 	EXP 	line4: autoDraw = True
673.3534 	EXP 	Device response: <KeyPress from None: t=673.3503743000001, value=c, duration=None>
673.3550 	DATA 	Keypress: c
673.4698 	EXP 	Device response: <KeyPress from None: t=673.3503743000001, value=c, duration=0.10289940000075148>
673.7028 	INFO 	Keyboard events cleared
673.7026 	EXP 	fixation: autoDraw = False
673.7026 	EXP 	probe: autoDraw = True
674.3700 	EXP 	Device response: <KeyPress from None: t=674.3568873999993, value=c, duration=None>
674.3704 	EXP 	New trial (rep=24, index=70): <Trial 70 (70 in rep 24) data={'pos': -50, 'corr_resp': 'x', 'thisN': 70, 'thisTrialN': 70, 'thisRepN': 24}>
674.3716 	DATA 	Keypress: c
674.3859 	EXP 	fixation: autoDraw = False
674.3859 	EXP 	line1: autoDraw = False
674.3859 	EXP 	line2: autoDraw = False
674.3859 	EXP 	line3: autoDraw = False
674.3859 	EXP 	line4: autoDraw = False
674.3859 	EXP 	probe: autoDraw = False
674.5528 	EXP 	Device response: <KeyPress from None: t=674.3568873999993, value=c, duration=0.1906858000002103>
675.3863 	EXP 	fixation: autoDraw = True
675.3863 	EXP 	line1: autoDraw = True
675.3863 	EXP 	line2: autoDraw = True
675.3863 	EXP 	line3: autoDraw = True
675.3863 	EXP 	line4: autoDraw = True
676.2705 	EXP 	Device response: <KeyPress from None: t=676.2580374000008, value=z, duration=None>
676.2728 	DATA 	Keypress: z
676.3691 	INFO 	Keyboard events cleared
676.3689 	EXP 	probe: autoDraw = True
676.3866 	EXP 	fixation: autoDraw = False
676.6691 	EXP 	Device response: <KeyPress from None: t=676.2580374000008, value=z, duration=0.40553799999906914>
676.8692 	EXP 	Device response: <KeyPress from None: t=676.8668178000007, value=z, duration=None>
676.8696 	EXP 	New trial (rep=15, index=71): <Trial 71 (71 in rep 15) data={'pos': 150, 'corr_resp': 'v', 'thisN': 71, 'thisTrialN': 71, 'thisRepN': 15}>
676.8709 	DATA 	Keypress: z
676.8854 	EXP 	fixation: autoDraw = False
676.8854 	EXP 	line1: autoDraw = False
676.8854 	EXP 	line2: autoDraw = False
676.8854 	EXP 	line3: autoDraw = False
676.8854 	EXP 	line4: autoDraw = False
676.8854 	EXP 	probe: autoDraw = False
677.0367 	EXP 	Device response: <KeyPress from None: t=676.8668178000007, value=z, duration=0.16698299999916344>
677.8689 	EXP 	fixation: autoDraw = True
677.8689 	EXP 	line1: autoDraw = True
677.8689 	EXP 	line2: autoDraw = True
677.8689 	EXP 	line3: autoDraw = True
677.8689 	EXP 	line4: autoDraw = True
678.3190 	EXP 	Device response: <KeyPress from None: t=678.3120175000004, value=v, duration=None>
678.3206 	DATA 	Keypress: v
678.5037 	EXP 	Device response: <KeyPress from None: t=678.3120175000004, value=v, duration=0.17544060000000172>
678.8691 	INFO 	Keyboard events cleared
678.8689 	EXP 	fixation: autoDraw = False
678.8689 	EXP 	probe: autoDraw = True
679.0365 	EXP 	Device response: <KeyPress from None: t=679.0225360999993, value=v, duration=None>
679.0370 	EXP 	New trial (rep=14, index=72): <Trial 72 (72 in rep 14) data={'pos': 50, 'corr_resp': 'c', 'thisN': 72, 'thisTrialN': 72, 'thisRepN': 14}>
679.0382 	DATA 	Keypress: v
679.0527 	EXP 	fixation: autoDraw = False
679.0527 	EXP 	line1: autoDraw = False
679.0527 	EXP 	line2: autoDraw = False
679.0527 	EXP 	line3: autoDraw = False
679.0527 	EXP 	line4: autoDraw = False
679.0527 	EXP 	probe: autoDraw = False
679.1871 	EXP 	Device response: <KeyPress from None: t=679.0225360999993, value=v, duration=0.1623464000003878>
680.0522 	EXP 	fixation: autoDraw = True
680.0522 	EXP 	line1: autoDraw = True
680.0522 	EXP 	line2: autoDraw = True
680.0522 	EXP 	line3: autoDraw = True
680.0522 	EXP 	line4: autoDraw = True
680.5728 	EXP 	Device response: <KeyPress from None: t=680.5646999, value=z, duration=None>
680.5759 	DATA 	Keypress: z
680.7737 	EXP 	Device response: <KeyPress from None: t=680.5646999, value=z, duration=0.19225809999988996>
681.0397 	INFO 	Keyboard events cleared
681.0394 	EXP 	probe: autoDraw = True
681.0557 	EXP 	fixation: autoDraw = False
682.7693 	EXP 	Device response: <KeyPress from None: t=682.7606393999995, value=v, duration=None>
682.7697 	EXP 	New trial (rep=25, index=73): <Trial 73 (73 in rep 25) data={'pos': -50, 'corr_resp': 'x', 'thisN': 73, 'thisTrialN': 73, 'thisRepN': 25}>
682.7709 	DATA 	Keypress: v
682.7854 	EXP 	fixation: autoDraw = False
682.7854 	EXP 	line1: autoDraw = False
682.7854 	EXP 	line2: autoDraw = False
682.7854 	EXP 	line3: autoDraw = False
682.7854 	EXP 	line4: autoDraw = False
682.7854 	EXP 	probe: autoDraw = False
682.9362 	EXP 	Device response: <KeyPress from None: t=682.7606393999995, value=v, duration=0.17532970000138448>
683.7687 	EXP 	fixation: autoDraw = True
683.7687 	EXP 	line1: autoDraw = True
683.7687 	EXP 	line2: autoDraw = True
683.7687 	EXP 	line3: autoDraw = True
683.7687 	EXP 	line4: autoDraw = True
684.2337 	EXP 	Device response: <KeyPress from None: t=684.2319232999998, value=c, duration=None>
684.2351 	DATA 	Keypress: c
684.2670 	EXP 	Device response: <KeyPress from None: t=684.2319232999998, value=c, duration=0.0190191000001505>
684.7671 	EXP 	fixation: autoDraw = False
684.7838 	INFO 	Keyboard events cleared
684.7837 	EXP 	probe: autoDraw = True
685.3690 	EXP 	Device response: <KeyPress from None: t=685.3641196000008, value=x, duration=None>
685.3694 	EXP 	New trial (rep=16, index=74): <Trial 74 (74 in rep 16) data={'pos': 150, 'corr_resp': 'v', 'thisN': 74, 'thisTrialN': 74, 'thisRepN': 16}>
685.3706 	DATA 	Keypress: x
685.3854 	EXP 	fixation: autoDraw = False
685.3854 	EXP 	line1: autoDraw = False
685.3854 	EXP 	line2: autoDraw = False
685.3854 	EXP 	line3: autoDraw = False
685.3854 	EXP 	line4: autoDraw = False
685.3854 	EXP 	probe: autoDraw = False
685.5867 	EXP 	Device response: <KeyPress from None: t=685.3641196000008, value=x, duration=0.21518019999894022>
686.3689 	EXP 	fixation: autoDraw = True
686.3689 	EXP 	line1: autoDraw = True
686.3689 	EXP 	line2: autoDraw = True
686.3689 	EXP 	line3: autoDraw = True
686.3689 	EXP 	line4: autoDraw = True
687.3697 	INFO 	Keyboard events cleared
687.3695 	EXP 	fixation: autoDraw = False
687.3695 	EXP 	probe: autoDraw = True
687.9030 	EXP 	Device response: <KeyPress from None: t=687.8934176000002, value=v, duration=None>
687.9034 	EXP 	New trial (rep=15, index=75): <Trial 75 (75 in rep 15) data={'pos': 50, 'corr_resp': 'c', 'thisN': 75, 'thisTrialN': 75, 'thisRepN': 15}>
687.9046 	DATA 	Keypress: v
687.9189 	EXP 	fixation: autoDraw = False
687.9189 	EXP 	line1: autoDraw = False
687.9189 	EXP 	line2: autoDraw = False
687.9189 	EXP 	line3: autoDraw = False
687.9189 	EXP 	line4: autoDraw = False
687.9189 	EXP 	probe: autoDraw = False
688.0867 	EXP 	Device response: <KeyPress from None: t=687.8934176000002, value=v, duration=0.18742089999977907>
688.9034 	EXP 	fixation: autoDraw = True
688.9034 	EXP 	line1: autoDraw = True
688.9034 	EXP 	line2: autoDraw = True
688.9034 	EXP 	line3: autoDraw = True
688.9034 	EXP 	line4: autoDraw = True
689.4360 	EXP 	Device response: <KeyPress from None: t=689.4310067000006, value=x, duration=None>
689.4377 	DATA 	Keypress: x
689.6859 	EXP 	Device response: <KeyPress from None: t=689.4310067000006, value=x, duration=0.2393393999991531>
689.9194 	INFO 	Keyboard events cleared
689.9192 	EXP 	fixation: autoDraw = False
689.9192 	EXP 	probe: autoDraw = True
690.8362 	EXP 	Device response: <KeyPress from None: t=690.8276511000004, value=x, duration=None>
690.8366 	EXP 	New trial (rep=26, index=76): <Trial 76 (76 in rep 26) data={'pos': -50, 'corr_resp': 'x', 'thisN': 76, 'thisTrialN': 76, 'thisRepN': 26}>
690.8379 	DATA 	Keypress: x
690.8522 	EXP 	fixation: autoDraw = False
690.8522 	EXP 	line1: autoDraw = False
690.8522 	EXP 	line2: autoDraw = False
690.8522 	EXP 	line3: autoDraw = False
690.8522 	EXP 	line4: autoDraw = False
690.8522 	EXP 	probe: autoDraw = False
691.1191 	EXP 	Device response: <KeyPress from None: t=690.8276511000004, value=x, duration=0.28688750000037544>
691.8389 	EXP 	fixation: autoDraw = True
691.8389 	EXP 	line1: autoDraw = True
691.8389 	EXP 	line2: autoDraw = True
691.8389 	EXP 	line3: autoDraw = True
691.8389 	EXP 	line4: autoDraw = True
692.8363 	INFO 	Keyboard events cleared
692.8361 	EXP 	probe: autoDraw = True
692.8525 	EXP 	fixation: autoDraw = False
693.2190 	EXP 	Device response: <KeyPress from None: t=693.2141816000003, value=x, duration=None>
693.2194 	EXP 	New trial (rep=17, index=77): <Trial 77 (77 in rep 17) data={'pos': -150, 'corr_resp': 'z', 'thisN': 77, 'thisTrialN': 77, 'thisRepN': 17}>
693.2206 	DATA 	Keypress: x
693.2355 	EXP 	fixation: autoDraw = False
693.2355 	EXP 	line1: autoDraw = False
693.2355 	EXP 	line2: autoDraw = False
693.2355 	EXP 	line3: autoDraw = False
693.2355 	EXP 	line4: autoDraw = False
693.2355 	EXP 	probe: autoDraw = False
693.4009 	EXP 	Device response: <KeyPress from None: t=693.2141816000003, value=x, duration=0.1807014000005438>
694.2189 	EXP 	fixation: autoDraw = True
694.2189 	EXP 	line1: autoDraw = True
694.2189 	EXP 	line2: autoDraw = True
694.2189 	EXP 	line3: autoDraw = True
694.2189 	EXP 	line4: autoDraw = True
695.2193 	INFO 	Keyboard events cleared
695.2191 	EXP 	fixation: autoDraw = False
695.2191 	EXP 	probe: autoDraw = True
695.3362 	EXP 	Device response: <KeyPress from None: t=695.3317248999992, value=x, duration=None>
695.3366 	EXP 	New trial (rep=18, index=78): <Trial 78 (78 in rep 18) data={'pos': -150, 'corr_resp': 'z', 'thisN': 78, 'thisTrialN': 78, 'thisRepN': 18}>
695.3379 	DATA 	Keypress: x
695.3522 	EXP 	fixation: autoDraw = False
695.3522 	EXP 	line1: autoDraw = False
695.3522 	EXP 	line2: autoDraw = False
695.3522 	EXP 	line3: autoDraw = False
695.3522 	EXP 	line4: autoDraw = False
695.3522 	EXP 	probe: autoDraw = False
695.5707 	EXP 	Device response: <KeyPress from None: t=695.3317248999992, value=x, duration=0.2269549000011466>
696.3524 	EXP 	fixation: autoDraw = True
696.3524 	EXP 	line1: autoDraw = True
696.3524 	EXP 	line2: autoDraw = True
696.3524 	EXP 	line3: autoDraw = True
696.3524 	EXP 	line4: autoDraw = True
697.3363 	INFO 	Keyboard events cleared
697.3361 	EXP 	probe: autoDraw = True
697.3526 	EXP 	fixation: autoDraw = False
698.0887 	EXP 	Device response: <KeyPress from None: t=698.0868766000003, value=z, duration=None>
698.0892 	EXP 	New trial (rep=19, index=79): <Trial 79 (79 in rep 19) data={'pos': -150, 'corr_resp': 'z', 'thisN': 79, 'thisTrialN': 79, 'thisRepN': 19}>
698.0904 	DATA 	Keypress: z
698.1023 	EXP 	fixation: autoDraw = False
698.1023 	EXP 	line1: autoDraw = False
698.1023 	EXP 	line2: autoDraw = False
698.1023 	EXP 	line3: autoDraw = False
698.1023 	EXP 	line4: autoDraw = False
698.1023 	EXP 	probe: autoDraw = False
698.3010 	EXP 	Device response: <KeyPress from None: t=698.0868766000003, value=z, duration=0.20507410000027448>
699.1010 	EXP 	fixation: autoDraw = True
699.1010 	EXP 	line1: autoDraw = True
699.1010 	EXP 	line2: autoDraw = True
699.1010 	EXP 	line3: autoDraw = True
699.1010 	EXP 	line4: autoDraw = True
700.0864 	INFO 	Keyboard events cleared
700.0861 	EXP 	probe: autoDraw = True
700.1051 	EXP 	fixation: autoDraw = False
700.5213 	DATA 	Keypress: z
700.5365 	EXP 	Device response: <KeyPress from None: t=700.5197716999992, value=z, duration=None>
700.5369 	EXP 	New trial (rep=27, index=80): <Trial 80 (80 in rep 27) data={'pos': -50, 'corr_resp': 'x', 'thisN': 80, 'thisTrialN': 80, 'thisRepN': 27}>
700.5526 	EXP 	fixation: autoDraw = False
700.5526 	EXP 	line1: autoDraw = False
700.5526 	EXP 	line2: autoDraw = False
700.5526 	EXP 	line3: autoDraw = False
700.5526 	EXP 	line4: autoDraw = False
700.5526 	EXP 	probe: autoDraw = False
700.7363 	EXP 	Device response: <KeyPress from None: t=700.5197716999992, value=z, duration=0.20451060000050347>
701.5380 	EXP 	fixation: autoDraw = True
701.5380 	EXP 	line1: autoDraw = True
701.5380 	EXP 	line2: autoDraw = True
701.5380 	EXP 	line3: autoDraw = True
701.5380 	EXP 	line4: autoDraw = True
702.5362 	INFO 	Keyboard events cleared
702.5359 	EXP 	probe: autoDraw = True
702.5525 	EXP 	fixation: autoDraw = False
703.2029 	EXP 	Device response: <KeyPress from None: t=703.1991823000008, value=x, duration=None>
703.2033 	EXP 	New trial (rep=16, index=81): <Trial 81 (81 in rep 16) data={'pos': 50, 'corr_resp': 'c', 'thisN': 81, 'thisTrialN': 81, 'thisRepN': 16}>
703.2045 	DATA 	Keypress: x
703.2190 	EXP 	fixation: autoDraw = False
703.2190 	EXP 	line1: autoDraw = False
703.2190 	EXP 	line2: autoDraw = False
703.2190 	EXP 	line3: autoDraw = False
703.2190 	EXP 	line4: autoDraw = False
703.2190 	EXP 	probe: autoDraw = False
703.3867 	EXP 	Device response: <KeyPress from None: t=703.1991823000008, value=x, duration=0.17316759999994247>
704.2022 	EXP 	fixation: autoDraw = True
704.2022 	EXP 	line1: autoDraw = True
704.2022 	EXP 	line2: autoDraw = True
704.2022 	EXP 	line3: autoDraw = True
704.2022 	EXP 	line4: autoDraw = True
705.2025 	INFO 	Keyboard events cleared
705.2023 	EXP 	fixation: autoDraw = False
705.2023 	EXP 	probe: autoDraw = True
705.6853 	EXP 	Device response: <KeyPress from None: t=705.6759849999999, value=c, duration=None>
705.6857 	EXP 	New trial (rep=20, index=82): <Trial 82 (82 in rep 20) data={'pos': -150, 'corr_resp': 'z', 'thisN': 82, 'thisTrialN': 82, 'thisRepN': 20}>
705.6869 	DATA 	Keypress: c
705.7005 	EXP 	fixation: autoDraw = False
705.7005 	EXP 	line1: autoDraw = False
705.7005 	EXP 	line2: autoDraw = False
705.7005 	EXP 	line3: autoDraw = False
705.7005 	EXP 	line4: autoDraw = False
705.7005 	EXP 	probe: autoDraw = False
705.8695 	EXP 	Device response: <KeyPress from None: t=705.6759849999999, value=c, duration=0.18548700000064855>
706.6858 	EXP 	fixation: autoDraw = True
706.6858 	EXP 	line1: autoDraw = True
706.6858 	EXP 	line2: autoDraw = True
706.6858 	EXP 	line3: autoDraw = True
706.6858 	EXP 	line4: autoDraw = True
707.6858 	INFO 	Keyboard events cleared
707.6856 	EXP 	fixation: autoDraw = False
707.6856 	EXP 	probe: autoDraw = True
708.1737 	EXP 	Device response: <KeyPress from None: t=708.1660315000008, value=z, duration=None>
708.1744 	EXP 	New trial (rep=17, index=83): <Trial 83 (83 in rep 17) data={'pos': 50, 'corr_resp': 'c', 'thisN': 83, 'thisTrialN': 83, 'thisRepN': 17}>
708.1769 	DATA 	Keypress: z
708.1880 	EXP 	fixation: autoDraw = False
708.1880 	EXP 	line1: autoDraw = False
708.1880 	EXP 	line2: autoDraw = False
708.1880 	EXP 	line3: autoDraw = False
708.1880 	EXP 	line4: autoDraw = False
708.1880 	EXP 	probe: autoDraw = False
708.3387 	EXP 	Device response: <KeyPress from None: t=708.1660315000008, value=z, duration=0.16819539999960398>
709.1869 	EXP 	fixation: autoDraw = True
709.1869 	EXP 	line1: autoDraw = True
709.1869 	EXP 	line2: autoDraw = True
709.1869 	EXP 	line3: autoDraw = True
709.1869 	EXP 	line4: autoDraw = True
710.1859 	INFO 	Keyboard events cleared
710.1857 	EXP 	fixation: autoDraw = False
710.1857 	EXP 	probe: autoDraw = True
710.5341 	EXP 	Device response: <KeyPress from None: t=710.5295409000009, value=c, duration=None>
710.5346 	EXP 	New trial (rep=28, index=84): <Trial 84 (84 in rep 28) data={'pos': -50, 'corr_resp': 'x', 'thisN': 84, 'thisTrialN': 84, 'thisRepN': 28}>
710.5358 	DATA 	Keypress: c
710.5500 	EXP 	fixation: autoDraw = False
710.5500 	EXP 	line1: autoDraw = False
710.5500 	EXP 	line2: autoDraw = False
710.5500 	EXP 	line3: autoDraw = False
710.5500 	EXP 	line4: autoDraw = False
710.5500 	EXP 	probe: autoDraw = False
710.7680 	EXP 	Device response: <KeyPress from None: t=710.5295409000009, value=c, duration=0.22264309999991383>
711.5357 	EXP 	fixation: autoDraw = True
711.5357 	EXP 	line1: autoDraw = True
711.5357 	EXP 	line2: autoDraw = True
711.5357 	EXP 	line3: autoDraw = True
711.5357 	EXP 	line4: autoDraw = True
712.5359 	INFO 	Keyboard events cleared
712.5357 	EXP 	fixation: autoDraw = False
712.5357 	EXP 	probe: autoDraw = True
713.4196 	EXP 	Device response: <KeyPress from None: t=713.4140102000001, value=x, duration=None>
713.4201 	EXP 	New trial (rep=17, index=85): <Trial 85 (85 in rep 17) data={'pos': 150, 'corr_resp': 'v', 'thisN': 85, 'thisTrialN': 85, 'thisRepN': 17}>
713.4213 	DATA 	Keypress: x
713.4355 	EXP 	fixation: autoDraw = False
713.4355 	EXP 	line1: autoDraw = False
713.4355 	EXP 	line2: autoDraw = False
713.4355 	EXP 	line3: autoDraw = False
713.4355 	EXP 	line4: autoDraw = False
713.4355 	EXP 	probe: autoDraw = False
714.2032 	EXP 	Device response: <KeyPress from None: t=713.4140102000001, value=x, duration=0.7726958999992348>
714.4189 	EXP 	fixation: autoDraw = True
714.4189 	EXP 	line1: autoDraw = True
714.4189 	EXP 	line2: autoDraw = True
714.4189 	EXP 	line3: autoDraw = True
714.4189 	EXP 	line4: autoDraw = True
715.4190 	EXP 	fixation: autoDraw = False
715.4358 	INFO 	Keyboard events cleared
715.4356 	EXP 	probe: autoDraw = True
716.2534 	EXP 	Device response: <KeyPress from None: t=716.2489427, value=v, duration=None>
716.2538 	EXP 	New trial (rep=21, index=86): <Trial 86 (86 in rep 21) data={'pos': -150, 'corr_resp': 'z', 'thisN': 86, 'thisTrialN': 86, 'thisRepN': 21}>
716.2551 	DATA 	Keypress: v
716.2687 	EXP 	fixation: autoDraw = False
716.2687 	EXP 	line1: autoDraw = False
716.2687 	EXP 	line2: autoDraw = False
716.2687 	EXP 	line3: autoDraw = False
716.2687 	EXP 	line4: autoDraw = False
716.2687 	EXP 	probe: autoDraw = False
716.4198 	EXP 	Device response: <KeyPress from None: t=716.2489427, value=v, duration=0.16445820000080857>
717.2666 	EXP 	fixation: autoDraw = True
717.2666 	EXP 	line1: autoDraw = True
717.2666 	EXP 	line2: autoDraw = True
717.2666 	EXP 	line3: autoDraw = True
717.2666 	EXP 	line4: autoDraw = True
718.2556 	INFO 	Keyboard events cleared
718.2553 	EXP 	probe: autoDraw = True
718.2722 	EXP 	fixation: autoDraw = False
718.6076 	EXP 	Device response: <KeyPress from None: t=718.6033552999997, value=z, duration=None>
718.6083 	EXP 	New trial (rep=29, index=87): <Trial 87 (87 in rep 29) data={'pos': -50, 'corr_resp': 'x', 'thisN': 87, 'thisTrialN': 87, 'thisRepN': 29}>
718.6107 	DATA 	Keypress: z
718.6224 	EXP 	fixation: autoDraw = False
718.6224 	EXP 	line1: autoDraw = False
718.6224 	EXP 	line2: autoDraw = False
718.6224 	EXP 	line3: autoDraw = False
718.6224 	EXP 	line4: autoDraw = False
718.6224 	EXP 	probe: autoDraw = False
718.8569 	EXP 	Device response: <KeyPress from None: t=718.6033552999997, value=z, duration=0.24929960000008577>
719.6224 	EXP 	fixation: autoDraw = True
719.6224 	EXP 	line1: autoDraw = True
719.6224 	EXP 	line2: autoDraw = True
719.6224 	EXP 	line3: autoDraw = True
719.6224 	EXP 	line4: autoDraw = True
720.6198 	INFO 	Keyboard events cleared
720.6195 	EXP 	probe: autoDraw = True
720.6355 	EXP 	fixation: autoDraw = False
721.3532 	EXP 	Device response: <KeyPress from None: t=721.3425858999999, value=x, duration=None>
721.3536 	EXP 	New trial (rep=30, index=88): <Trial 88 (88 in rep 30) data={'pos': -50, 'corr_resp': 'x', 'thisN': 88, 'thisTrialN': 88, 'thisRepN': 30}>
721.3548 	DATA 	Keypress: x
721.3702 	EXP 	fixation: autoDraw = False
721.3702 	EXP 	line1: autoDraw = False
721.3702 	EXP 	line2: autoDraw = False
721.3702 	EXP 	line3: autoDraw = False
721.3702 	EXP 	line4: autoDraw = False
721.3702 	EXP 	probe: autoDraw = False
721.5177 	EXP 	Device response: <KeyPress from None: t=721.3425858999999, value=x, duration=0.1617514999998093>
722.3552 	EXP 	fixation: autoDraw = True
722.3552 	EXP 	line1: autoDraw = True
722.3552 	EXP 	line2: autoDraw = True
722.3552 	EXP 	line3: autoDraw = True
722.3552 	EXP 	line4: autoDraw = True
723.3704 	INFO 	Keyboard events cleared
723.3701 	EXP 	fixation: autoDraw = False
723.3701 	EXP 	probe: autoDraw = True
724.2741 	DATA 	Keypress: c
724.2874 	EXP 	Device response: <KeyPress from None: t=724.2730948000008, value=c, duration=None>
724.2878 	EXP 	New trial (rep=22, index=89): <Trial 89 (89 in rep 22) data={'pos': -150, 'corr_resp': 'z', 'thisN': 89, 'thisTrialN': 89, 'thisRepN': 22}>
724.3046 	EXP 	fixation: autoDraw = False
724.3046 	EXP 	line1: autoDraw = False
724.3046 	EXP 	line2: autoDraw = False
724.3046 	EXP 	line3: autoDraw = False
724.3046 	EXP 	line4: autoDraw = False
724.3046 	EXP 	probe: autoDraw = False
724.3077 	DATA 	Keypress: x
724.3235 	EXP 	Device response: <KeyPress from None: t=724.3058443999998, value=x, duration=None>
724.4901 	EXP 	Device response: <KeyPress from None: t=724.2730948000008, value=c, duration=0.2078935999998066>
725.2887 	EXP 	fixation: autoDraw = True
725.2887 	EXP 	line1: autoDraw = True
725.2887 	EXP 	line2: autoDraw = True
725.2887 	EXP 	line3: autoDraw = True
725.2887 	EXP 	line4: autoDraw = True
725.8063 	EXP 	Device response: <KeyPress from None: t=725.7977506999996, value=c, duration=None>
725.8094 	DATA 	Keypress: c
726.0231 	EXP 	Device response: <KeyPress from None: t=725.7977506999996, value=c, duration=0.21329859999968903>
726.3030 	INFO 	Keyboard events cleared
726.3028 	EXP 	fixation: autoDraw = False
726.3028 	EXP 	probe: autoDraw = True
726.4859 	EXP 	Device response: <KeyPress from None: t=726.4807578, value=c, duration=None>
726.4864 	EXP 	New trial (rep=18, index=90): <Trial 90 (90 in rep 18) data={'pos': 50, 'corr_resp': 'c', 'thisN': 90, 'thisTrialN': 90, 'thisRepN': 18}>
726.4878 	DATA 	Keypress: c
726.5024 	EXP 	fixation: autoDraw = False
726.5024 	EXP 	line1: autoDraw = False
726.5024 	EXP 	line2: autoDraw = False
726.5024 	EXP 	line3: autoDraw = False
726.5024 	EXP 	line4: autoDraw = False
726.5024 	EXP 	probe: autoDraw = False
726.6866 	EXP 	Device response: <KeyPress from None: t=726.4807578, value=c, duration=0.20308490000024904>
727.0353 	EXP 	Device response: <KeyPress from None: t=727.0293543999996, value=c, duration=None>
727.0362 	DATA 	Keypress: c
727.2530 	EXP 	Device response: <KeyPress from None: t=727.0293543999996, value=c, duration=0.22309479999967152>
727.2853 	EXP 	Device response: <KeyPress from None: t=724.3058443999998, value=x, duration=2.9745323000006465>
727.5018 	EXP 	fixation: autoDraw = True
727.5018 	EXP 	line1: autoDraw = True
727.5018 	EXP 	line2: autoDraw = True
727.5018 	EXP 	line3: autoDraw = True
727.5018 	EXP 	line4: autoDraw = True
727.9688 	EXP 	Device response: <KeyPress from None: t=727.9636682, value=c, duration=None>
727.9705 	DATA 	Keypress: c
728.1865 	EXP 	Device response: <KeyPress from None: t=727.9636682, value=c, duration=0.2059675000000425>
728.4888 	INFO 	Keyboard events cleared
728.4885 	EXP 	probe: autoDraw = True
728.5049 	EXP 	fixation: autoDraw = False
729.3070 	EXP 	Device response: <KeyPress from None: t=729.2937500000007, value=v, duration=None>
729.3078 	EXP 	New trial (rep=31, index=91): <Trial 91 (91 in rep 31) data={'pos': -50, 'corr_resp': 'x', 'thisN': 91, 'thisTrialN': 91, 'thisRepN': 31}>
729.3103 	DATA 	Keypress: v
729.3215 	EXP 	fixation: autoDraw = False
729.3215 	EXP 	line1: autoDraw = False
729.3215 	EXP 	line2: autoDraw = False
729.3215 	EXP 	line3: autoDraw = False
729.3215 	EXP 	line4: autoDraw = False
729.3215 	EXP 	probe: autoDraw = False
729.5398 	EXP 	Device response: <KeyPress from None: t=729.2937500000007, value=v, duration=0.23035100000015518>
729.9894 	EXP 	Device response: <KeyPress from None: t=729.9763610000009, value=v, duration=None>
729.9911 	DATA 	Keypress: v
730.0063 	EXP 	Device response: <KeyPress from None: t=729.9937922999998, value=c, duration=None>
730.0081 	DATA 	Keypress: c
730.1899 	EXP 	Device response: <KeyPress from None: t=729.9763610000009, value=v, duration=0.21252599999934318>
730.2074 	EXP 	Device response: <KeyPress from None: t=729.9937922999998, value=c, duration=0.20526369999970484>
730.3217 	EXP 	fixation: autoDraw = True
730.3217 	EXP 	line1: autoDraw = True
730.3217 	EXP 	line2: autoDraw = True
730.3217 	EXP 	line3: autoDraw = True
730.3217 	EXP 	line4: autoDraw = True
730.6231 	EXP 	Device response: <KeyPress from None: t=730.6168890000008, value=c, duration=None>
730.6271 	DATA 	Keypress: c
730.8560 	EXP 	Device response: <KeyPress from None: t=730.6168890000008, value=c, duration=0.22381829999903857>
731.3191 	INFO 	Keyboard events cleared
731.3189 	EXP 	probe: autoDraw = True
731.3352 	EXP 	fixation: autoDraw = False
731.5857 	EXP 	Device response: <KeyPress from None: t=731.5802791000006, value=c, duration=None>
731.5861 	EXP 	New trial (rep=23, index=92): <Trial 92 (92 in rep 23) data={'pos': -150, 'corr_resp': 'z', 'thisN': 92, 'thisTrialN': 92, 'thisRepN': 23}>
731.5873 	DATA 	Keypress: c
731.6016 	EXP 	fixation: autoDraw = False
731.6016 	EXP 	line1: autoDraw = False
731.6016 	EXP 	line2: autoDraw = False
731.6016 	EXP 	line3: autoDraw = False
731.6016 	EXP 	line4: autoDraw = False
731.6016 	EXP 	probe: autoDraw = False
731.7863 	EXP 	Device response: <KeyPress from None: t=731.5802791000006, value=c, duration=0.205689499998698>
732.5884 	EXP 	fixation: autoDraw = True
732.5884 	EXP 	line1: autoDraw = True
732.5884 	EXP 	line2: autoDraw = True
732.5884 	EXP 	line3: autoDraw = True
732.5884 	EXP 	line4: autoDraw = True
732.8234 	EXP 	Device response: <KeyPress from None: t=732.8193572, value=x, duration=None>
732.8269 	DATA 	Keypress: x
733.0058 	EXP 	Device response: <KeyPress from None: t=732.8193572, value=x, duration=0.17524450000018987>
733.5901 	INFO 	Keyboard events cleared
733.5898 	EXP 	fixation: autoDraw = False
733.5898 	EXP 	probe: autoDraw = True
733.6414 	EXP 	Device response: <KeyPress from None: t=733.6369525000009, value=x, duration=None>
733.6421 	EXP 	New trial (rep=18, index=93): <Trial 93 (93 in rep 18) data={'pos': 150, 'corr_resp': 'v', 'thisN': 93, 'thisTrialN': 93, 'thisRepN': 18}>
733.6445 	DATA 	Keypress: x
733.6546 	EXP 	fixation: autoDraw = False
733.6546 	EXP 	line1: autoDraw = False
733.6546 	EXP 	line2: autoDraw = False
733.6546 	EXP 	line3: autoDraw = False
733.6546 	EXP 	line4: autoDraw = False
733.6546 	EXP 	probe: autoDraw = False
733.9713 	EXP 	Device response: <KeyPress from None: t=733.6369525000009, value=x, duration=0.3284304999997403>
734.6554 	EXP 	fixation: autoDraw = True
734.6554 	EXP 	line1: autoDraw = True
734.6554 	EXP 	line2: autoDraw = True
734.6554 	EXP 	line3: autoDraw = True
734.6554 	EXP 	line4: autoDraw = True
735.0724 	EXP 	Device response: <KeyPress from None: t=735.0629654999993, value=c, duration=None>
735.0755 	DATA 	Keypress: c
735.2901 	EXP 	Device response: <KeyPress from None: t=735.0629654999993, value=c, duration=0.2227803000005224>
735.6557 	INFO 	Keyboard events cleared
735.6554 	EXP 	fixation: autoDraw = False
735.6554 	EXP 	probe: autoDraw = True
735.9552 	EXP 	Device response: <KeyPress from None: t=735.9442113999994, value=c, duration=None>
735.9560 	EXP 	New trial (rep=19, index=94): <Trial 94 (94 in rep 19) data={'pos': 50, 'corr_resp': 'c', 'thisN': 94, 'thisTrialN': 94, 'thisRepN': 19}>
735.9588 	DATA 	Keypress: c
735.9706 	EXP 	fixation: autoDraw = False
735.9706 	EXP 	line1: autoDraw = False
735.9706 	EXP 	line2: autoDraw = False
735.9706 	EXP 	line3: autoDraw = False
735.9706 	EXP 	line4: autoDraw = False
735.9706 	EXP 	probe: autoDraw = False
736.1726 	EXP 	Device response: <KeyPress from None: t=735.9442113999994, value=c, duration=0.21326260000023467>
736.9680 	EXP 	fixation: autoDraw = True
736.9680 	EXP 	line1: autoDraw = True
736.9680 	EXP 	line2: autoDraw = True
736.9680 	EXP 	line3: autoDraw = True
736.9680 	EXP 	line4: autoDraw = True
737.3369 	EXP 	Device response: <KeyPress from None: t=737.3347199, value=c, duration=None>
737.3387 	DATA 	Keypress: c
737.5189 	EXP 	Device response: <KeyPress from None: t=737.3347199, value=c, duration=0.1794399999998859>
737.9688 	INFO 	Keyboard events cleared
737.9686 	EXP 	fixation: autoDraw = False
737.9686 	EXP 	probe: autoDraw = True
738.1524 	EXP 	Device response: <KeyPress from None: t=738.1424098999996, value=c, duration=None>
738.1528 	EXP 	New trial (rep=24, index=95): <Trial 95 (95 in rep 24) data={'pos': -150, 'corr_resp': 'z', 'thisN': 95, 'thisTrialN': 95, 'thisRepN': 24}>
738.1545 	DATA 	Keypress: c
738.1684 	EXP 	fixation: autoDraw = False
738.1684 	EXP 	line1: autoDraw = False
738.1684 	EXP 	line2: autoDraw = False
738.1684 	EXP 	line3: autoDraw = False
738.1684 	EXP 	line4: autoDraw = False
738.1684 	EXP 	probe: autoDraw = False
738.3193 	EXP 	Device response: <KeyPress from None: t=738.1424098999996, value=c, duration=0.17215910000049917>
739.1558 	EXP 	fixation: autoDraw = True
739.1558 	EXP 	line1: autoDraw = True
739.1558 	EXP 	line2: autoDraw = True
739.1558 	EXP 	line3: autoDraw = True
739.1558 	EXP 	line4: autoDraw = True
739.1608 	DATA 	Keypress: v
739.1735 	EXP 	Device response: <KeyPress from None: t=739.1583068, value=v, duration=None>
739.3742 	EXP 	Device response: <KeyPress from None: t=739.1583068, value=v, duration=0.21213859999988927>
740.1025 	EXP 	Device response: <KeyPress from None: t=740.0968405999993, value=v, duration=None>
740.1043 	DATA 	Keypress: v
740.1520 	INFO 	Keyboard events cleared
740.1518 	EXP 	probe: autoDraw = True
740.1688 	EXP 	fixation: autoDraw = False
740.3187 	EXP 	Device response: <KeyPress from None: t=740.0968405999993, value=v, duration=0.21571870000116178>
740.6689 	EXP 	Device response: <KeyPress from None: t=740.6567627000004, value=v, duration=None>
740.6695 	EXP 	New trial (rep=20, index=96): <Trial 96 (96 in rep 20) data={'pos': 50, 'corr_resp': 'c', 'thisN': 96, 'thisTrialN': 96, 'thisRepN': 20}>
740.6709 	DATA 	Keypress: v
740.6851 	EXP 	fixation: autoDraw = False
740.6851 	EXP 	line1: autoDraw = False
740.6851 	EXP 	line2: autoDraw = False
740.6851 	EXP 	line3: autoDraw = False
740.6851 	EXP 	line4: autoDraw = False
740.6851 	EXP 	probe: autoDraw = False
740.8525 	EXP 	Device response: <KeyPress from None: t=740.6567627000004, value=v, duration=0.19287529999928665>
741.6679 	EXP 	fixation: autoDraw = True
741.6679 	EXP 	line1: autoDraw = True
741.6679 	EXP 	line2: autoDraw = True
741.6679 	EXP 	line3: autoDraw = True
741.6679 	EXP 	line4: autoDraw = True
742.2187 	EXP 	Device response: <KeyPress from None: t=742.2105374999992, value=v, duration=None>
742.2204 	DATA 	Keypress: v
742.3853 	EXP 	Device response: <KeyPress from None: t=742.2105374999992, value=v, duration=0.16653630000109843>
742.6691 	INFO 	Keyboard events cleared
742.6688 	EXP 	fixation: autoDraw = False
742.6688 	EXP 	probe: autoDraw = True
742.9033 	EXP 	Device response: <KeyPress from None: t=742.9013126999998, value=v, duration=None>
742.9038 	EXP 	New trial (rep=32, index=97): <Trial 97 (97 in rep 32) data={'pos': -50, 'corr_resp': 'x', 'thisN': 97, 'thisTrialN': 97, 'thisRepN': 32}>
742.9050 	DATA 	Keypress: v
742.9186 	EXP 	fixation: autoDraw = False
742.9186 	EXP 	line1: autoDraw = False
742.9186 	EXP 	line2: autoDraw = False
742.9186 	EXP 	line3: autoDraw = False
742.9186 	EXP 	line4: autoDraw = False
742.9186 	EXP 	probe: autoDraw = False
742.9519 	EXP 	Device response: <KeyPress from None: t=742.9472793999994, value=c, duration=None>
742.9528 	DATA 	Keypress: c
743.1022 	EXP 	Device response: <KeyPress from None: t=742.9013126999998, value=v, duration=0.19854010000017297>
743.9054 	EXP 	fixation: autoDraw = True
743.9054 	EXP 	line1: autoDraw = True
743.9054 	EXP 	line2: autoDraw = True
743.9054 	EXP 	line3: autoDraw = True
743.9054 	EXP 	line4: autoDraw = True
743.9747 	EXP 	Device response: <KeyPress from None: t=742.9472793999994, value=c, duration=1.0176261000015074>
744.8683 	EXP 	Device response: <KeyPress from None: t=744.8638363000009, value=c, duration=None>
744.8701 	DATA 	Keypress: c
744.9185 	INFO 	Keyboard events cleared
744.9183 	EXP 	fixation: autoDraw = False
744.9183 	EXP 	probe: autoDraw = True
745.1854 	EXP 	Device response: <KeyPress from None: t=744.8638363000009, value=c, duration=0.3169782999993913>
745.6863 	EXP 	Device response: <KeyPress from None: t=745.6740429000001, value=c, duration=None>
745.6867 	EXP 	New trial (rep=25, index=98): <Trial 98 (98 in rep 25) data={'pos': -150, 'corr_resp': 'z', 'thisN': 98, 'thisTrialN': 98, 'thisRepN': 25}>
745.6881 	DATA 	Keypress: c
745.7017 	EXP 	fixation: autoDraw = False
745.7017 	EXP 	line1: autoDraw = False
745.7017 	EXP 	line2: autoDraw = False
745.7017 	EXP 	line3: autoDraw = False
745.7017 	EXP 	line4: autoDraw = False
745.7017 	EXP 	probe: autoDraw = False
745.9196 	EXP 	Device response: <KeyPress from None: t=745.6740429000001, value=c, duration=0.24020700000073703>
746.7019 	EXP 	fixation: autoDraw = True
746.7019 	EXP 	line1: autoDraw = True
746.7019 	EXP 	line2: autoDraw = True
746.7019 	EXP 	line3: autoDraw = True
746.7019 	EXP 	line4: autoDraw = True
746.7691 	EXP 	Device response: <KeyPress from None: t=746.7603956000003, value=c, duration=None>
746.7709 	DATA 	Keypress: c
746.7853 	EXP 	Device response: <KeyPress from None: t=746.7769172999997, value=v, duration=None>
746.7870 	DATA 	Keypress: v
746.9193 	EXP 	Device response: <KeyPress from None: t=746.7769172999997, value=v, duration=0.13661660000070697>
746.9532 	EXP 	Device response: <KeyPress from None: t=746.7603956000003, value=c, duration=0.18644829999902868>
747.6855 	INFO 	Keyboard events cleared
747.6853 	EXP 	probe: autoDraw = True
747.7022 	EXP 	fixation: autoDraw = False
748.1365 	EXP 	Device response: <KeyPress from None: t=748.1342241000002, value=v, duration=None>
748.1369 	EXP 	New trial (rep=19, index=99): <Trial 99 (99 in rep 19) data={'pos': 150, 'corr_resp': 'v', 'thisN': 99, 'thisTrialN': 99, 'thisRepN': 19}>
748.1382 	DATA 	Keypress: v
748.1518 	EXP 	fixation: autoDraw = False
748.1518 	EXP 	line1: autoDraw = False
748.1518 	EXP 	line2: autoDraw = False
748.1518 	EXP 	line3: autoDraw = False
748.1518 	EXP 	line4: autoDraw = False
748.1518 	EXP 	probe: autoDraw = False
748.3027 	EXP 	Device response: <KeyPress from None: t=748.1342241000002, value=v, duration=0.1554584999994404>
749.1512 	EXP 	fixation: autoDraw = True
749.1512 	EXP 	line1: autoDraw = True
749.1512 	EXP 	line2: autoDraw = True
749.1512 	EXP 	line3: autoDraw = True
749.1512 	EXP 	line4: autoDraw = True
749.7213 	EXP 	Device response: <KeyPress from None: t=749.7184785000009, value=x, duration=None>
749.7230 	DATA 	Keypress: x
749.9526 	EXP 	Device response: <KeyPress from None: t=749.7184785000009, value=x, duration=0.2191808999996283>
750.1516 	INFO 	Keyboard events cleared
750.1514 	EXP 	fixation: autoDraw = False
750.1514 	EXP 	probe: autoDraw = True
750.9995 	EXP 	Device response: <KeyPress from None: t=750.9944637999997, value=z, duration=None>
750.9998 	EXP 	New trial (rep=26, index=100): <Trial 100 (100 in rep 26) data={'pos': -150, 'corr_resp': 'z', 'thisN': 100, 'thisTrialN': 100, 'thisRepN': 26}>
751.0007 	DATA 	Keypress: z
751.0156 	EXP 	fixation: autoDraw = False
751.0156 	EXP 	line1: autoDraw = False
751.0156 	EXP 	line2: autoDraw = False
751.0156 	EXP 	line3: autoDraw = False
751.0156 	EXP 	line4: autoDraw = False
751.0156 	EXP 	probe: autoDraw = False
751.1996 	EXP 	Device response: <KeyPress from None: t=750.9944637999997, value=z, duration=0.20442060000095807>
752.0155 	EXP 	fixation: autoDraw = True
752.0155 	EXP 	line1: autoDraw = True
752.0155 	EXP 	line2: autoDraw = True
752.0155 	EXP 	line3: autoDraw = True
752.0155 	EXP 	line4: autoDraw = True
752.9988 	INFO 	Keyboard events cleared
752.9988 	EXP 	probe: autoDraw = True
753.0155 	EXP 	fixation: autoDraw = False
753.0991 	EXP 	Device response: <KeyPress from None: t=753.0913132000005, value=c, duration=None>
753.0994 	EXP 	New trial (rep=20, index=101): <Trial 101 (101 in rep 20) data={'pos': 150, 'corr_resp': 'v', 'thisN': 101, 'thisTrialN': 101, 'thisRepN': 20}>
753.1007 	DATA 	Keypress: c
753.1159 	EXP 	fixation: autoDraw = False
753.1159 	EXP 	line1: autoDraw = False
753.1159 	EXP 	line2: autoDraw = False
753.1159 	EXP 	line3: autoDraw = False
753.1159 	EXP 	line4: autoDraw = False
753.1159 	EXP 	probe: autoDraw = False
753.3505 	EXP 	Device response: <KeyPress from None: t=753.0913132000005, value=c, duration=0.24334949999865785>
754.0986 	EXP 	fixation: autoDraw = True
754.0986 	EXP 	line1: autoDraw = True
754.0986 	EXP 	line2: autoDraw = True
754.0986 	EXP 	line3: autoDraw = True
754.0986 	EXP 	line4: autoDraw = True
754.9329 	EXP 	Device response: <KeyPress from None: t=754.9203266000004, value=x, duration=None>
754.9345 	DATA 	Keypress: x
755.0989 	INFO 	Keyboard events cleared
755.0988 	EXP 	fixation: autoDraw = False
755.0988 	EXP 	probe: autoDraw = True
755.3489 	EXP 	Device response: <KeyPress from None: t=754.9203266000004, value=x, duration=0.4240455999988626>
756.1496 	EXP 	Device response: <KeyPress from None: t=756.1473685000001, value=c, duration=None>
756.1499 	EXP 	New trial (rep=21, index=102): <Trial 102 (102 in rep 21) data={'pos': 50, 'corr_resp': 'c', 'thisN': 102, 'thisTrialN': 102, 'thisRepN': 21}>
756.1508 	DATA 	Keypress: c
756.1655 	EXP 	fixation: autoDraw = False
756.1655 	EXP 	line1: autoDraw = False
756.1655 	EXP 	line2: autoDraw = False
756.1655 	EXP 	line3: autoDraw = False
756.1655 	EXP 	line4: autoDraw = False
756.1655 	EXP 	probe: autoDraw = False
756.3828 	EXP 	Device response: <KeyPress from None: t=756.1473685000001, value=c, duration=0.22973369999999704>
756.9996 	EXP 	Device response: <KeyPress from None: t=756.9894416000006, value=c, duration=None>
757.0001 	DATA 	Keypress: c
757.1652 	EXP 	fixation: autoDraw = True
757.1652 	EXP 	line1: autoDraw = True
757.1652 	EXP 	line2: autoDraw = True
757.1652 	EXP 	line3: autoDraw = True
757.1652 	EXP 	line4: autoDraw = True
757.2490 	EXP 	Device response: <KeyPress from None: t=756.9894416000006, value=c, duration=0.25438949999988836>
757.9827 	EXP 	Device response: <KeyPress from None: t=757.9721346000006, value=c, duration=None>
757.9839 	DATA 	Keypress: c
758.1661 	INFO 	Keyboard events cleared
758.1660 	EXP 	fixation: autoDraw = False
758.1660 	EXP 	probe: autoDraw = True
758.2017 	EXP 	Device response: <KeyPress from None: t=757.9721346000006, value=c, duration=0.22288680000019667>
759.0470 	EXP 	Device response: <KeyPress from None: t=759.0253057000009, value=c, duration=None>
759.0480 	EXP 	New trial (rep=21, index=103): <Trial 103 (103 in rep 21) data={'pos': 150, 'corr_resp': 'v', 'thisN': 103, 'thisTrialN': 103, 'thisRepN': 21}>
759.0507 	DATA 	Keypress: c
759.0676 	EXP 	fixation: autoDraw = False
759.0676 	EXP 	line1: autoDraw = False
759.0676 	EXP 	line2: autoDraw = False
759.0676 	EXP 	line3: autoDraw = False
759.0676 	EXP 	line4: autoDraw = False
759.0676 	EXP 	probe: autoDraw = False
759.2185 	EXP 	Device response: <KeyPress from None: t=759.0253057000009, value=c, duration=0.18348079999850597>
760.0172 	EXP 	Device response: <KeyPress from None: t=760.0141985999999, value=c, duration=None>
760.0179 	DATA 	Keypress: c
760.0494 	EXP 	fixation: autoDraw = True
760.0494 	EXP 	line1: autoDraw = True
760.0494 	EXP 	line2: autoDraw = True
760.0494 	EXP 	line3: autoDraw = True
760.0494 	EXP 	line4: autoDraw = True
760.2662 	EXP 	Device response: <KeyPress from None: t=760.0141985999999, value=c, duration=0.23587419999967096>
760.8824 	EXP 	Device response: <KeyPress from None: t=760.8785869999992, value=c, duration=None>
760.8836 	DATA 	Keypress: c
761.0490 	INFO 	Keyboard events cleared
761.0489 	EXP 	fixation: autoDraw = False
761.0489 	EXP 	probe: autoDraw = True
761.1156 	EXP 	Device response: <KeyPress from None: t=760.8785869999992, value=c, duration=0.22323900000083086>
761.4655 	EXP 	Device response: <KeyPress from None: t=761.4563777000003, value=c, duration=None>
761.4658 	EXP 	New trial (rep=27, index=104): <Trial 104 (104 in rep 27) data={'pos': -150, 'corr_resp': 'z', 'thisN': 104, 'thisTrialN': 104, 'thisRepN': 27}>
761.4669 	DATA 	Keypress: c
761.4822 	EXP 	fixation: autoDraw = False
761.4822 	EXP 	line1: autoDraw = False
761.4822 	EXP 	line2: autoDraw = False
761.4822 	EXP 	line3: autoDraw = False
761.4822 	EXP 	line4: autoDraw = False
761.4822 	EXP 	probe: autoDraw = False
761.6663 	EXP 	Device response: <KeyPress from None: t=761.4563777000003, value=c, duration=0.20963149999988673>
762.1508 	EXP 	Device response: <KeyPress from None: t=762.1399175999995, value=c, duration=None>
762.1517 	DATA 	Keypress: c
762.3494 	EXP 	Device response: <KeyPress from None: t=762.1399175999995, value=c, duration=0.20507440000073984>
762.4656 	EXP 	fixation: autoDraw = True
762.4656 	EXP 	line1: autoDraw = True
762.4656 	EXP 	line2: autoDraw = True
762.4656 	EXP 	line3: autoDraw = True
762.4656 	EXP 	line4: autoDraw = True
762.8495 	EXP 	Device response: <KeyPress from None: t=762.8387139000006, value=c, duration=None>
762.8509 	DATA 	Keypress: c
763.0659 	EXP 	Device response: <KeyPress from None: t=762.8387139000006, value=c, duration=0.2253123999998934>
763.4660 	INFO 	Keyboard events cleared
763.4658 	EXP 	fixation: autoDraw = False
763.4658 	EXP 	probe: autoDraw = True
763.5660 	EXP 	Device response: <KeyPress from None: t=763.5570310999992, value=c, duration=None>
763.5663 	EXP 	New trial (rep=22, index=105): <Trial 105 (105 in rep 22) data={'pos': 50, 'corr_resp': 'c', 'thisN': 105, 'thisTrialN': 105, 'thisRepN': 22}>
763.5672 	DATA 	Keypress: c
763.5826 	EXP 	fixation: autoDraw = False
763.5826 	EXP 	line1: autoDraw = False
763.5826 	EXP 	line2: autoDraw = False
763.5826 	EXP 	line3: autoDraw = False
763.5826 	EXP 	line4: autoDraw = False
763.5826 	EXP 	probe: autoDraw = False
763.7994 	EXP 	Device response: <KeyPress from None: t=763.5570310999992, value=c, duration=0.2375318000013067>
764.2828 	EXP 	Device response: <KeyPress from None: t=764.2712035999994, value=c, duration=None>
764.2835 	DATA 	Keypress: c
764.5162 	EXP 	Device response: <KeyPress from None: t=764.2712035999994, value=c, duration=0.2414271000016015>
764.5656 	EXP 	fixation: autoDraw = True
764.5656 	EXP 	line1: autoDraw = True
764.5656 	EXP 	line2: autoDraw = True
764.5656 	EXP 	line3: autoDraw = True
764.5656 	EXP 	line4: autoDraw = True
764.9511 	EXP 	Device response: <KeyPress from None: t=764.9409204999993, value=c, duration=None>
764.9531 	DATA 	Keypress: c
765.1827 	EXP 	Device response: <KeyPress from None: t=764.9409204999993, value=c, duration=0.2257766000002448>
765.5662 	INFO 	Keyboard events cleared
765.5660 	EXP 	fixation: autoDraw = False
765.5660 	EXP 	probe: autoDraw = True
765.8018 	DATA 	Keypress: c
765.8166 	EXP 	Device response: <KeyPress from None: t=765.8012832999993, value=c, duration=None>
765.8170 	EXP 	New trial (rep=22, index=106): <Trial 106 (106 in rep 22) data={'pos': 150, 'corr_resp': 'v', 'thisN': 106, 'thisTrialN': 106, 'thisRepN': 22}>
765.8332 	EXP 	fixation: autoDraw = False
765.8332 	EXP 	line1: autoDraw = False
765.8332 	EXP 	line2: autoDraw = False
765.8332 	EXP 	line3: autoDraw = False
765.8332 	EXP 	line4: autoDraw = False
765.8332 	EXP 	probe: autoDraw = False
766.1828 	EXP 	Device response: <KeyPress from None: t=765.8012832999993, value=c, duration=0.3678058000004967>
766.6493 	EXP 	Device response: <KeyPress from None: t=766.6399172000001, value=c, duration=None>
766.6500 	DATA 	Keypress: c
766.8165 	EXP 	fixation: autoDraw = True
766.8165 	EXP 	line1: autoDraw = True
766.8165 	EXP 	line2: autoDraw = True
766.8165 	EXP 	line3: autoDraw = True
766.8165 	EXP 	line4: autoDraw = True
766.9340 	EXP 	Device response: <KeyPress from None: t=766.6399172000001, value=c, duration=0.28350529999988794>
767.2006 	DATA 	Keypress: c
767.2161 	EXP 	Device response: <KeyPress from None: t=767.1998641000009, value=c, duration=None>
767.4328 	EXP 	Device response: <KeyPress from None: t=767.1998641000009, value=c, duration=0.22027359999992768>
767.8163 	EXP 	fixation: autoDraw = False
767.8334 	INFO 	Keyboard events cleared
767.8333 	EXP 	probe: autoDraw = True
767.8669 	EXP 	Device response: <KeyPress from None: t=767.8603910000002, value=c, duration=None>
767.8673 	EXP 	New trial (rep=28, index=107): <Trial 107 (107 in rep 28) data={'pos': -150, 'corr_resp': 'z', 'thisN': 107, 'thisTrialN': 107, 'thisRepN': 28}>
767.8689 	DATA 	Keypress: c
767.8831 	EXP 	fixation: autoDraw = False
767.8831 	EXP 	line1: autoDraw = False
767.8831 	EXP 	line2: autoDraw = False
767.8831 	EXP 	line3: autoDraw = False
767.8831 	EXP 	line4: autoDraw = False
767.8831 	EXP 	probe: autoDraw = False
768.0994 	EXP 	Device response: <KeyPress from None: t=767.8603910000002, value=c, duration=0.23112579999906302>
768.4337 	EXP 	Device response: <KeyPress from None: t=768.4255484999994, value=c, duration=None>
768.4345 	DATA 	Keypress: c
768.6339 	EXP 	Device response: <KeyPress from None: t=768.4255484999994, value=c, duration=0.2062727000011364>
768.8823 	EXP 	fixation: autoDraw = True
768.8823 	EXP 	line1: autoDraw = True
768.8823 	EXP 	line2: autoDraw = True
768.8823 	EXP 	line3: autoDraw = True
768.8823 	EXP 	line4: autoDraw = True
769.3664 	EXP 	Device response: <KeyPress from None: t=769.3644731000004, value=c, duration=None>
769.3678 	DATA 	Keypress: c
769.6660 	EXP 	Device response: <KeyPress from None: t=769.3644731000004, value=c, duration=0.2906273999997211>
769.8825 	INFO 	Keyboard events cleared
769.8824 	EXP 	fixation: autoDraw = False
769.8824 	EXP 	probe: autoDraw = True
770.3660 	EXP 	Device response: <KeyPress from None: t=770.3545539999996, value=z, duration=None>
770.3663 	EXP 	New trial (rep=23, index=108): <Trial 108 (108 in rep 23) data={'pos': 50, 'corr_resp': 'c', 'thisN': 108, 'thisTrialN': 108, 'thisRepN': 23}>
770.3674 	DATA 	Keypress: z
770.3822 	EXP 	fixation: autoDraw = False
770.3822 	EXP 	line1: autoDraw = False
770.3822 	EXP 	line2: autoDraw = False
770.3822 	EXP 	line3: autoDraw = False
770.3822 	EXP 	line4: autoDraw = False
770.3822 	EXP 	probe: autoDraw = False
770.5326 	EXP 	Device response: <KeyPress from None: t=770.3545539999996, value=z, duration=0.16421439999976428>
771.3655 	EXP 	fixation: autoDraw = True
771.3655 	EXP 	line1: autoDraw = True
771.3655 	EXP 	line2: autoDraw = True
771.3655 	EXP 	line3: autoDraw = True
771.3655 	EXP 	line4: autoDraw = True
771.8838 	EXP 	Device response: <KeyPress from None: t=771.8819968999996, value=c, duration=None>
771.8852 	DATA 	Keypress: c
772.0833 	EXP 	Device response: <KeyPress from None: t=771.8819968999996, value=c, duration=0.18781339999986812>
772.3657 	INFO 	Keyboard events cleared
772.3656 	EXP 	fixation: autoDraw = False
772.3656 	EXP 	probe: autoDraw = True
774.5826 	EXP 	Device response: <KeyPress from None: t=774.5704463000002, value=v, duration=None>
774.5830 	EXP 	New trial (rep=23, index=109): <Trial 109 (109 in rep 23) data={'pos': 150, 'corr_resp': 'v', 'thisN': 109, 'thisTrialN': 109, 'thisRepN': 23}>
774.5841 	DATA 	Keypress: v
774.5988 	EXP 	fixation: autoDraw = False
774.5988 	EXP 	line1: autoDraw = False
774.5988 	EXP 	line2: autoDraw = False
774.5988 	EXP 	line3: autoDraw = False
774.5988 	EXP 	line4: autoDraw = False
774.5988 	EXP 	probe: autoDraw = False
774.7661 	EXP 	Device response: <KeyPress from None: t=774.5704463000002, value=v, duration=0.1931523000002926>
775.5821 	EXP 	fixation: autoDraw = True
775.5821 	EXP 	line1: autoDraw = True
775.5821 	EXP 	line2: autoDraw = True
775.5821 	EXP 	line3: autoDraw = True
775.5821 	EXP 	line4: autoDraw = True
776.2827 	EXP 	Device response: <KeyPress from None: t=776.2737017, value=v, duration=None>
776.2842 	DATA 	Keypress: v
776.4991 	EXP 	Device response: <KeyPress from None: t=776.2737017, value=v, duration=0.2201227999994444>
776.5823 	INFO 	Keyboard events cleared
776.5821 	EXP 	fixation: autoDraw = False
776.5821 	EXP 	probe: autoDraw = True
778.8324 	EXP 	Device response: <KeyPress from None: t=778.8188418000009, value=v, duration=None>
778.8328 	EXP 	New trial (rep=29, index=110): <Trial 110 (110 in rep 29) data={'pos': -150, 'corr_resp': 'z', 'thisN': 110, 'thisTrialN': 110, 'thisRepN': 29}>
778.8339 	DATA 	Keypress: v
778.8489 	EXP 	fixation: autoDraw = False
778.8489 	EXP 	line1: autoDraw = False
778.8489 	EXP 	line2: autoDraw = False
778.8489 	EXP 	line3: autoDraw = False
778.8489 	EXP 	line4: autoDraw = False
778.8489 	EXP 	probe: autoDraw = False
779.0324 	EXP 	Device response: <KeyPress from None: t=778.8188418000009, value=v, duration=0.20963059999849065>
779.6823 	EXP 	Device response: <KeyPress from None: t=779.6692103999994, value=v, duration=None>
779.6831 	DATA 	Keypress: v
779.8321 	EXP 	fixation: autoDraw = True
779.8321 	EXP 	line1: autoDraw = True
779.8321 	EXP 	line2: autoDraw = True
779.8321 	EXP 	line3: autoDraw = True
779.8321 	EXP 	line4: autoDraw = True
780.3495 	EXP 	Device response: <KeyPress from None: t=779.6692103999994, value=v, duration=0.6781962000004569>
780.3828 	EXP 	Device response: <KeyPress from None: t=780.3807981000009, value=c, duration=None>
780.3840 	DATA 	Keypress: c
780.5325 	EXP 	Device response: <KeyPress from None: t=780.3807981000009, value=c, duration=0.14693109999825538>
780.8164 	EXP 	Device response: <KeyPress from None: t=780.8097887000004, value=c, duration=None>
780.8182 	DATA 	Keypress: c
780.8323 	INFO 	Keyboard events cleared
780.8321 	EXP 	fixation: autoDraw = False
780.8321 	EXP 	probe: autoDraw = True
780.9497 	EXP 	Device response: <KeyPress from None: t=780.8097887000004, value=c, duration=0.1355333999999857>
781.1659 	EXP 	Device response: <KeyPress from None: t=781.1603469000001, value=c, duration=None>
781.1664 	EXP 	New trial (rep=24, index=111): <Trial 111 (111 in rep 24) data={'pos': 50, 'corr_resp': 'c', 'thisN': 111, 'thisTrialN': 111, 'thisRepN': 24}>
781.1674 	DATA 	Keypress: c
781.1822 	EXP 	fixation: autoDraw = False
781.1822 	EXP 	line1: autoDraw = False
781.1822 	EXP 	line2: autoDraw = False
781.1822 	EXP 	line3: autoDraw = False
781.1822 	EXP 	line4: autoDraw = False
781.1822 	EXP 	probe: autoDraw = False
781.3491 	EXP 	Device response: <KeyPress from None: t=781.1603469000001, value=c, duration=0.18286640000042098>
781.6327 	EXP 	Device response: <KeyPress from None: t=781.6211017999995, value=z, duration=None>
781.6334 	DATA 	Keypress: z
781.7997 	EXP 	Device response: <KeyPress from None: t=781.6211017999995, value=z, duration=0.1766566000005696>
782.1655 	EXP 	fixation: autoDraw = True
782.1655 	EXP 	line1: autoDraw = True
782.1655 	EXP 	line2: autoDraw = True
782.1655 	EXP 	line3: autoDraw = True
782.1655 	EXP 	line4: autoDraw = True
783.1656 	INFO 	Keyboard events cleared
783.1654 	EXP 	fixation: autoDraw = False
783.1654 	EXP 	probe: autoDraw = True
783.4662 	EXP 	Device response: <KeyPress from None: t=783.4520573000009, value=z, duration=None>
783.4666 	EXP 	New trial (rep=24, index=112): <Trial 112 (112 in rep 24) data={'pos': 150, 'corr_resp': 'v', 'thisN': 112, 'thisTrialN': 112, 'thisRepN': 24}>
783.4677 	DATA 	Keypress: z
783.4832 	EXP 	fixation: autoDraw = False
783.4832 	EXP 	line1: autoDraw = False
783.4832 	EXP 	line2: autoDraw = False
783.4832 	EXP 	line3: autoDraw = False
783.4832 	EXP 	line4: autoDraw = False
783.4832 	EXP 	probe: autoDraw = False
783.6494 	EXP 	Device response: <KeyPress from None: t=783.4520573000009, value=z, duration=0.18083649999971385>
784.4850 	EXP 	fixation: autoDraw = True
784.4850 	EXP 	line1: autoDraw = True
784.4850 	EXP 	line2: autoDraw = True
784.4850 	EXP 	line3: autoDraw = True
784.4850 	EXP 	line4: autoDraw = True
785.3854 	EXP 	Device response: <KeyPress from None: t=785.3828668000006, value=z, duration=None>
785.3873 	DATA 	Keypress: z
785.4684 	INFO 	Keyboard events cleared
785.4682 	EXP 	probe: autoDraw = True
785.4847 	EXP 	fixation: autoDraw = False
785.6349 	EXP 	Device response: <KeyPress from None: t=785.3828668000006, value=z, duration=0.2454407999994146>
785.9022 	EXP 	Device response: <KeyPress from None: t=785.8885694, value=z, duration=None>
785.9027 	EXP 	New trial (rep=33, index=113): <Trial 113 (113 in rep 33) data={'pos': -50, 'corr_resp': 'x', 'thisN': 113, 'thisTrialN': 113, 'thisRepN': 33}>
785.9039 	DATA 	Keypress: z
785.9178 	EXP 	fixation: autoDraw = False
785.9178 	EXP 	line1: autoDraw = False
785.9178 	EXP 	line2: autoDraw = False
785.9178 	EXP 	line3: autoDraw = False
785.9178 	EXP 	line4: autoDraw = False
785.9178 	EXP 	probe: autoDraw = False
786.1017 	EXP 	Device response: <KeyPress from None: t=785.8885694, value=z, duration=0.20991529999992053>
786.3012 	EXP 	Device response: <KeyPress from None: t=786.2929213999996, value=z, duration=None>
786.3021 	DATA 	Keypress: z
786.9027 	EXP 	fixation: autoDraw = True
786.9027 	EXP 	line1: autoDraw = True
786.9027 	EXP 	line2: autoDraw = True
786.9027 	EXP 	line3: autoDraw = True
786.9027 	EXP 	line4: autoDraw = True
787.7218 	EXP 	Device response: <KeyPress from None: t=786.2929213999996, value=z, duration=1.4190711999999621>
787.7586 	DATA 	Keypress: z
787.7710 	EXP 	Device response: <KeyPress from None: t=787.7568193000006, value=z, duration=None>
787.8205 	EXP 	Device response: <KeyPress from None: t=787.7568193000006, value=z, duration=0.0503035000001546>
787.8508 	EXP 	Device response: <KeyPress from None: t=787.8464124000002, value=v, duration=None>
787.8522 	DATA 	Keypress: v
787.9184 	INFO 	Keyboard events cleared
787.9182 	EXP 	fixation: autoDraw = False
787.9182 	EXP 	probe: autoDraw = True
788.0684 	EXP 	Device response: <KeyPress from None: t=787.8464124000002, value=v, duration=0.20921699999962584>
789.6162 	EXP 	Device response: <KeyPress from None: t=789.6013585000001, value=v, duration=None>
789.6166 	EXP 	New trial (rep=25, index=114): <Trial 114 (114 in rep 25) data={'pos': 150, 'corr_resp': 'v', 'thisN': 114, 'thisTrialN': 114, 'thisRepN': 25}>
789.6177 	DATA 	Keypress: v
789.6323 	EXP 	fixation: autoDraw = False
789.6323 	EXP 	line1: autoDraw = False
789.6323 	EXP 	line2: autoDraw = False
789.6323 	EXP 	line3: autoDraw = False
789.6323 	EXP 	line4: autoDraw = False
789.6323 	EXP 	probe: autoDraw = False
789.7829 	EXP 	Device response: <KeyPress from None: t=789.6013585000001, value=v, duration=0.17684010000084527>
790.6360 	EXP 	fixation: autoDraw = True
790.6360 	EXP 	line1: autoDraw = True
790.6360 	EXP 	line2: autoDraw = True
790.6360 	EXP 	line3: autoDraw = True
790.6360 	EXP 	line4: autoDraw = True
791.5370 	EXP 	Device response: <KeyPress from None: t=791.5359365999993, value=v, duration=None>
791.5401 	DATA 	Keypress: v
791.6190 	INFO 	Keyboard events cleared
791.6187 	EXP 	probe: autoDraw = True
791.6357 	EXP 	fixation: autoDraw = False
791.7826 	EXP 	Device response: <KeyPress from None: t=791.5359365999993, value=v, duration=0.23842839999997523>
792.7690 	EXP 	Device response: <KeyPress from None: t=792.7551934999992, value=z, duration=None>
792.7694 	EXP 	New trial (rep=26, index=115): <Trial 115 (115 in rep 26) data={'pos': 150, 'corr_resp': 'v', 'thisN': 115, 'thisTrialN': 115, 'thisRepN': 26}>
792.7704 	DATA 	Keypress: z
792.7853 	EXP 	fixation: autoDraw = False
792.7853 	EXP 	line1: autoDraw = False
792.7853 	EXP 	line2: autoDraw = False
792.7853 	EXP 	line3: autoDraw = False
792.7853 	EXP 	line4: autoDraw = False
792.7853 	EXP 	probe: autoDraw = False
792.9157 	EXP 	Device response: <KeyPress from None: t=792.7551934999992, value=z, duration=0.1540247000011732>
793.2044 	EXP 	Device response: <KeyPress from None: t=793.2003182000008, value=z, duration=None>
793.2065 	DATA 	Keypress: z
793.4848 	EXP 	Device response: <KeyPress from None: t=793.2003182000008, value=z, duration=0.27502819999972417>
793.7710 	EXP 	fixation: autoDraw = True
793.7710 	EXP 	line1: autoDraw = True
793.7710 	EXP 	line2: autoDraw = True
793.7710 	EXP 	line3: autoDraw = True
793.7710 	EXP 	line4: autoDraw = True
793.7721 	EXP 	Device response: <KeyPress from None: t=793.7614426, value=z, duration=None>
793.7746 	DATA 	Keypress: z
793.9669 	EXP 	Device response: <KeyPress from None: t=793.7614426, value=z, duration=0.194347700000435>
794.1326 	EXP 	Device response: <KeyPress from None: t=794.1306120000008, value=z, duration=None>
794.1340 	DATA 	Keypress: z
794.4185 	EXP 	Device response: <KeyPress from None: t=794.1306120000008, value=z, duration=0.2707485999999335>
794.6839 	DATA 	Keypress: z
794.6991 	EXP 	Device response: <KeyPress from None: t=794.683022700001, value=z, duration=None>
794.7682 	INFO 	Keyboard events cleared
794.7681 	EXP 	fixation: autoDraw = False
794.7681 	EXP 	probe: autoDraw = True
794.8657 	EXP 	Device response: <KeyPress from None: t=794.683022700001, value=z, duration=0.17148509999969974>
795.0710 	DATA 	Keypress: z
795.0865 	EXP 	Device response: <KeyPress from None: t=795.0705381999996, value=z, duration=None>
795.0870 	EXP 	New trial (rep=25, index=116): <Trial 116 (116 in rep 25) data={'pos': 50, 'corr_resp': 'c', 'thisN': 116, 'thisTrialN': 116, 'thisRepN': 25}>
795.1021 	EXP 	fixation: autoDraw = False
795.1021 	EXP 	line1: autoDraw = False
795.1021 	EXP 	line2: autoDraw = False
795.1021 	EXP 	line3: autoDraw = False
795.1021 	EXP 	line4: autoDraw = False
795.1021 	EXP 	probe: autoDraw = False
795.2994 	EXP 	Device response: <KeyPress from None: t=795.0705381999996, value=z, duration=0.2181250000012369>
795.6211 	EXP 	Device response: <KeyPress from None: t=795.6167435000007, value=v, duration=None>
795.6222 	DATA 	Keypress: v
795.8533 	EXP 	Device response: <KeyPress from None: t=795.6167435000007, value=v, duration=0.2223820999988675>
796.0990 	EXP 	fixation: autoDraw = True
796.0990 	EXP 	line1: autoDraw = True
796.0990 	EXP 	line2: autoDraw = True
796.0990 	EXP 	line3: autoDraw = True
796.0990 	EXP 	line4: autoDraw = True
796.5825 	EXP 	Device response: <KeyPress from None: t=796.5702662000003, value=v, duration=None>
796.5838 	DATA 	Keypress: v
796.7861 	EXP 	Device response: <KeyPress from None: t=796.5702662000003, value=v, duration=0.20519049999893468>
797.0988 	INFO 	Keyboard events cleared
797.0987 	EXP 	fixation: autoDraw = False
797.0987 	EXP 	probe: autoDraw = True
797.1659 	EXP 	Device response: <KeyPress from None: t=797.1599905999992, value=v, duration=None>
797.1662 	EXP 	New trial (rep=30, index=117): <Trial 117 (117 in rep 30) data={'pos': -150, 'corr_resp': 'z', 'thisN': 117, 'thisTrialN': 117, 'thisRepN': 30}>
797.1672 	DATA 	Keypress: v
797.1822 	EXP 	fixation: autoDraw = False
797.1822 	EXP 	line1: autoDraw = False
797.1822 	EXP 	line2: autoDraw = False
797.1822 	EXP 	line3: autoDraw = False
797.1822 	EXP 	line4: autoDraw = False
797.1822 	EXP 	probe: autoDraw = False
797.3702 	EXP 	Device response: <KeyPress from None: t=797.1599905999992, value=v, duration=0.20042230000035488>
798.1712 	EXP 	fixation: autoDraw = True
798.1712 	EXP 	line1: autoDraw = True
798.1712 	EXP 	line2: autoDraw = True
798.1712 	EXP 	line3: autoDraw = True
798.1712 	EXP 	line4: autoDraw = True
798.2238 	EXP 	Device response: <KeyPress from None: t=798.2147287999996, value=v, duration=None>
798.2282 	DATA 	Keypress: v
798.4332 	EXP 	Device response: <KeyPress from None: t=798.2147287999996, value=v, duration=0.21034970000073372>
799.1681 	INFO 	Keyboard events cleared
799.1679 	EXP 	probe: autoDraw = True
799.1847 	EXP 	fixation: autoDraw = False
800.8346 	EXP 	Device response: <KeyPress from None: t=800.8240977999994, value=v, duration=None>
800.8350 	EXP 	New trial (rep=26, index=118): <Trial 118 (118 in rep 26) data={'pos': 50, 'corr_resp': 'c', 'thisN': 118, 'thisTrialN': 118, 'thisRepN': 26}>
800.8363 	DATA 	Keypress: v
800.8514 	EXP 	fixation: autoDraw = False
800.8514 	EXP 	line1: autoDraw = False
800.8514 	EXP 	line2: autoDraw = False
800.8514 	EXP 	line3: autoDraw = False
800.8514 	EXP 	line4: autoDraw = False
800.8514 	EXP 	probe: autoDraw = False
800.8683 	EXP 	Device response: <KeyPress from None: t=800.8541497999995, value=c, duration=None>
800.8692 	DATA 	Keypress: c
801.0204 	EXP 	Device response: <KeyPress from None: t=800.8541497999995, value=c, duration=0.1534948999997141>
801.0491 	EXP 	Device response: <KeyPress from None: t=800.8240977999994, value=v, duration=0.20995750000111002>
801.5868 	EXP 	Device response: <KeyPress from None: t=801.5813560999995, value=z, duration=None>
801.5878 	DATA 	Keypress: z
801.7684 	EXP 	Device response: <KeyPress from None: t=801.5813560999995, value=z, duration=0.17201550000027055>
801.8377 	EXP 	fixation: autoDraw = True
801.8377 	EXP 	line1: autoDraw = True
801.8377 	EXP 	line2: autoDraw = True
801.8377 	EXP 	line3: autoDraw = True
801.8377 	EXP 	line4: autoDraw = True
802.0558 	EXP 	Device response: <KeyPress from None: t=802.0469085000004, value=z, duration=None>
802.0619 	DATA 	Keypress: z
802.2684 	EXP 	Device response: <KeyPress from None: t=802.0469085000004, value=z, duration=0.21703840000009222>
802.5015 	EXP 	Device response: <KeyPress from None: t=802.4955544999993, value=z, duration=None>
802.5032 	DATA 	Keypress: z
802.8348 	INFO 	Keyboard events cleared
802.8346 	EXP 	probe: autoDraw = True
802.8505 	EXP 	fixation: autoDraw = False
804.1744 	DATA 	Keypress: v
804.1861 	EXP 	Device response: <KeyPress from None: t=804.1720361999996, value=v, duration=None>
804.1868 	EXP 	New trial (rep=31, index=119): <Trial 119 (119 in rep 31) data={'pos': -150, 'corr_resp': 'z', 'thisN': 119, 'thisTrialN': 119, 'thisRepN': 31}>
804.1874 	EXP 	Device response: <KeyPress from None: t=804.1869499999993, value=c, duration=None>
804.1880 	DATA 	Keypress: c
804.2014 	EXP 	fixation: autoDraw = False
804.2014 	EXP 	line1: autoDraw = False
804.2014 	EXP 	line2: autoDraw = False
804.2014 	EXP 	line3: autoDraw = False
804.2014 	EXP 	line4: autoDraw = False
804.2014 	EXP 	probe: autoDraw = False
804.2515 	EXP 	Device response: <KeyPress from None: t=802.4955544999993, value=z, duration=1.752138500000001>
804.3690 	EXP 	Device response: <KeyPress from None: t=804.1869499999993, value=c, duration=0.17480330000034883>
804.4350 	EXP 	Device response: <KeyPress from None: t=804.1720361999996, value=v, duration=0.2525494000001345>
805.0567 	EXP 	Device response: <KeyPress from None: t=805.0556811000006, value=v, duration=None>
805.0619 	DATA 	Keypress: v
805.1869 	EXP 	fixation: autoDraw = True
805.1869 	EXP 	line1: autoDraw = True
805.1869 	EXP 	line2: autoDraw = True
805.1869 	EXP 	line3: autoDraw = True
805.1869 	EXP 	line4: autoDraw = True
805.4180 	EXP 	Device response: <KeyPress from None: t=805.0556811000006, value=v, duration=0.3572575999987748>
806.2013 	INFO 	Keyboard events cleared
806.2011 	EXP 	fixation: autoDraw = False
806.2011 	EXP 	probe: autoDraw = True
808.8183 	EXP 	Device response: <KeyPress from None: t=808.8140473000003, value=v, duration=None>
808.8187 	EXP 	New trial (rep=34, index=120): <Trial 120 (120 in rep 34) data={'pos': -50, 'corr_resp': 'x', 'thisN': 120, 'thisTrialN': 120, 'thisRepN': 34}>
808.8199 	DATA 	Keypress: v
808.8339 	EXP 	fixation: autoDraw = False
808.8339 	EXP 	line1: autoDraw = False
808.8339 	EXP 	line2: autoDraw = False
808.8339 	EXP 	line3: autoDraw = False
808.8339 	EXP 	line4: autoDraw = False
808.8339 	EXP 	probe: autoDraw = False
809.0016 	EXP 	Device response: <KeyPress from None: t=808.8140473000003, value=v, duration=0.18384709999918414>
809.6058 	EXP 	Device response: <KeyPress from None: t=809.6004372000007, value=v, duration=None>
809.6076 	DATA 	Keypress: v
809.8212 	EXP 	fixation: autoDraw = True
809.8212 	EXP 	line1: autoDraw = True
809.8212 	EXP 	line2: autoDraw = True
809.8212 	EXP 	line3: autoDraw = True
809.8212 	EXP 	line4: autoDraw = True
809.8224 	EXP 	Device response: <KeyPress from None: t=809.6004372000007, value=v, duration=0.20906399999876157>
810.2699 	DATA 	Keypress: c
810.2851 	EXP 	Device response: <KeyPress from None: t=810.2688959000006, value=c, duration=None>
810.4349 	EXP 	Device response: <KeyPress from None: t=810.2688959000006, value=c, duration=0.16200469999967027>
810.8174 	INFO 	Keyboard events cleared
810.8172 	EXP 	probe: autoDraw = True
810.8344 	EXP 	fixation: autoDraw = False
810.9506 	EXP 	Device response: <KeyPress from None: t=810.9376047999995, value=c, duration=None>
810.9511 	EXP 	New trial (rep=27, index=121): <Trial 121 (121 in rep 27) data={'pos': 150, 'corr_resp': 'v', 'thisN': 121, 'thisTrialN': 121, 'thisRepN': 27}>
810.9525 	DATA 	Keypress: c
810.9668 	EXP 	fixation: autoDraw = False
810.9668 	EXP 	line1: autoDraw = False
810.9668 	EXP 	line2: autoDraw = False
810.9668 	EXP 	line3: autoDraw = False
810.9668 	EXP 	line4: autoDraw = False
810.9668 	EXP 	probe: autoDraw = False
811.1850 	EXP 	Device response: <KeyPress from None: t=810.9376047999995, value=c, duration=0.24347910000142292>
811.9495 	EXP 	fixation: autoDraw = True
811.9495 	EXP 	line1: autoDraw = True
811.9495 	EXP 	line2: autoDraw = True
811.9495 	EXP 	line3: autoDraw = True
811.9495 	EXP 	line4: autoDraw = True
812.9544 	INFO 	Keyboard events cleared
812.9541 	EXP 	fixation: autoDraw = False
812.9541 	EXP 	probe: autoDraw = True
813.2683 	EXP 	Device response: <KeyPress from None: t=813.2551827999996, value=c, duration=None>
813.2689 	EXP 	New trial (rep=35, index=122): <Trial 122 (122 in rep 35) data={'pos': -50, 'corr_resp': 'x', 'thisN': 122, 'thisTrialN': 122, 'thisRepN': 35}>
813.2702 	DATA 	Keypress: c
813.2847 	EXP 	fixation: autoDraw = False
813.2847 	EXP 	line1: autoDraw = False
813.2847 	EXP 	line2: autoDraw = False
813.2847 	EXP 	line3: autoDraw = False
813.2847 	EXP 	line4: autoDraw = False
813.2847 	EXP 	probe: autoDraw = False
813.5017 	EXP 	Device response: <KeyPress from None: t=813.2551827999996, value=c, duration=0.23720460000004095>
814.2712 	EXP 	fixation: autoDraw = True
814.2712 	EXP 	line1: autoDraw = True
814.2712 	EXP 	line2: autoDraw = True
814.2712 	EXP 	line3: autoDraw = True
814.2712 	EXP 	line4: autoDraw = True
815.2706 	INFO 	Keyboard events cleared
815.2703 	EXP 	fixation: autoDraw = False
815.2703 	EXP 	probe: autoDraw = True
815.4220 	EXP 	Device response: <KeyPress from None: t=815.4157465000008, value=v, duration=None>
815.4226 	EXP 	New trial (rep=32, index=123): <Trial 123 (123 in rep 32) data={'pos': -150, 'corr_resp': 'z', 'thisN': 123, 'thisTrialN': 123, 'thisRepN': 32}>
815.4253 	DATA 	Keypress: v
815.4377 	EXP 	fixation: autoDraw = False
815.4377 	EXP 	line1: autoDraw = False
815.4377 	EXP 	line2: autoDraw = False
815.4377 	EXP 	line3: autoDraw = False
815.4377 	EXP 	line4: autoDraw = False
815.4377 	EXP 	probe: autoDraw = False
815.6550 	EXP 	Device response: <KeyPress from None: t=815.4157465000008, value=v, duration=0.23844689999896218>
816.4213 	EXP 	fixation: autoDraw = True
816.4213 	EXP 	line1: autoDraw = True
816.4213 	EXP 	line2: autoDraw = True
816.4213 	EXP 	line3: autoDraw = True
816.4213 	EXP 	line4: autoDraw = True
817.3712 	DATA 	Keypress: v
817.3853 	EXP 	Device response: <KeyPress from None: t=817.3700413000006, value=v, duration=None>
817.4330 	INFO 	Keyboard events cleared
817.4329 	EXP 	fixation: autoDraw = False
817.4329 	EXP 	probe: autoDraw = True
817.5848 	EXP 	Device response: <KeyPress from None: t=817.3700413000006, value=v, duration=0.21026209999945422>
818.0192 	EXP 	Device response: <KeyPress from None: t=818.0146218000009, value=v, duration=None>
818.0196 	EXP 	New trial (rep=27, index=124): <Trial 124 (124 in rep 27) data={'pos': 50, 'corr_resp': 'c', 'thisN': 124, 'thisTrialN': 124, 'thisRepN': 27}>
818.0210 	DATA 	Keypress: v
818.0347 	EXP 	fixation: autoDraw = False
818.0347 	EXP 	line1: autoDraw = False
818.0347 	EXP 	line2: autoDraw = False
818.0347 	EXP 	line3: autoDraw = False
818.0347 	EXP 	line4: autoDraw = False
818.0347 	EXP 	probe: autoDraw = False
818.3516 	EXP 	Device response: <KeyPress from None: t=818.0146218000009, value=v, duration=0.3254432999983692>
818.6520 	EXP 	Device response: <KeyPress from None: t=818.6492526000002, value=v, duration=None>
818.6528 	DATA 	Keypress: v
818.8353 	EXP 	Device response: <KeyPress from None: t=818.6492526000002, value=v, duration=0.1725810999996611>
819.0213 	EXP 	fixation: autoDraw = True
819.0213 	EXP 	line1: autoDraw = True
819.0213 	EXP 	line2: autoDraw = True
819.0213 	EXP 	line3: autoDraw = True
819.0213 	EXP 	line4: autoDraw = True
819.0893 	EXP 	Device response: <KeyPress from None: t=819.0836657, value=v, duration=None>
819.0927 	DATA 	Keypress: v
819.3393 	EXP 	Device response: <KeyPress from None: t=819.0836657, value=v, duration=0.24202010000044538>
820.0345 	INFO 	Keyboard events cleared
820.0343 	EXP 	fixation: autoDraw = False
820.0343 	EXP 	probe: autoDraw = True
820.1188 	EXP 	Device response: <KeyPress from None: t=820.1151305999992, value=v, duration=None>
820.1192 	EXP 	New trial (rep=28, index=125): <Trial 125 (125 in rep 28) data={'pos': 150, 'corr_resp': 'v', 'thisN': 125, 'thisTrialN': 125, 'thisRepN': 28}>
820.1204 	DATA 	Keypress: v
820.1348 	EXP 	fixation: autoDraw = False
820.1348 	EXP 	line1: autoDraw = False
820.1348 	EXP 	line2: autoDraw = False
820.1348 	EXP 	line3: autoDraw = False
820.1348 	EXP 	line4: autoDraw = False
820.1348 	EXP 	probe: autoDraw = False
820.3855 	EXP 	Device response: <KeyPress from None: t=820.1151305999992, value=v, duration=0.25703190000058385>
821.1180 	EXP 	fixation: autoDraw = True
821.1180 	EXP 	line1: autoDraw = True
821.1180 	EXP 	line2: autoDraw = True
821.1180 	EXP 	line3: autoDraw = True
821.1180 	EXP 	line4: autoDraw = True
821.4933 	DATA 	Keypress: v
821.5044 	EXP 	Device response: <KeyPress from None: t=821.4908873999993, value=v, duration=None>
821.7345 	EXP 	Device response: <KeyPress from None: t=821.4908873999993, value=v, duration=0.23831419999987702>
822.0709 	EXP 	Device response: <KeyPress from None: t=822.0632320999994, value=v, duration=None>
822.0742 	DATA 	Keypress: v
822.1214 	EXP 	fixation: autoDraw = False
822.1366 	INFO 	Keyboard events cleared
822.1363 	EXP 	probe: autoDraw = True
822.3401 	EXP 	Device response: <KeyPress from None: t=822.0632320999994, value=v, duration=0.2557176000009349>
822.5699 	EXP 	Device response: <KeyPress from None: t=822.5578067000006, value=v, duration=None>
822.5703 	EXP 	New trial (rep=28, index=126): <Trial 126 (126 in rep 28) data={'pos': 50, 'corr_resp': 'c', 'thisN': 126, 'thisTrialN': 126, 'thisRepN': 28}>
822.5718 	DATA 	Keypress: v
822.5840 	EXP 	fixation: autoDraw = False
822.5840 	EXP 	line1: autoDraw = False
822.5840 	EXP 	line2: autoDraw = False
822.5840 	EXP 	line3: autoDraw = False
822.5840 	EXP 	line4: autoDraw = False
822.5840 	EXP 	probe: autoDraw = False
822.7681 	EXP 	Device response: <KeyPress from None: t=822.5578067000006, value=v, duration=0.20511209999858693>
823.5693 	EXP 	fixation: autoDraw = True
823.5693 	EXP 	line1: autoDraw = True
823.5693 	EXP 	line2: autoDraw = True
823.5693 	EXP 	line3: autoDraw = True
823.5693 	EXP 	line4: autoDraw = True
823.7223 	DATA 	Keypress: v
823.7349 	EXP 	Device response: <KeyPress from None: t=823.7217282000001, value=v, duration=None>
823.9357 	EXP 	Device response: <KeyPress from None: t=823.7217282000001, value=v, duration=0.20070569999916188>
824.2519 	EXP 	Device response: <KeyPress from None: t=824.2415708999997, value=v, duration=None>
824.2536 	DATA 	Keypress: v
824.4847 	EXP 	Device response: <KeyPress from None: t=824.2415708999997, value=v, duration=0.237774500001251>
824.5844 	INFO 	Keyboard events cleared
824.5842 	EXP 	fixation: autoDraw = False
824.5842 	EXP 	probe: autoDraw = True
824.8356 	EXP 	Device response: <KeyPress from None: t=824.8232277000006, value=c, duration=None>
824.8360 	EXP 	New trial (rep=29, index=127): <Trial 127 (127 in rep 29) data={'pos': 150, 'corr_resp': 'v', 'thisN': 127, 'thisTrialN': 127, 'thisRepN': 29}>
824.8375 	DATA 	Keypress: c
824.8513 	EXP 	fixation: autoDraw = False
824.8513 	EXP 	line1: autoDraw = False
824.8513 	EXP 	line2: autoDraw = False
824.8513 	EXP 	line3: autoDraw = False
824.8513 	EXP 	line4: autoDraw = False
824.8513 	EXP 	probe: autoDraw = False
825.0190 	EXP 	Device response: <KeyPress from None: t=824.8232277000006, value=c, duration=0.18443819999993138>
825.3349 	EXP 	Device response: <KeyPress from None: t=825.3237508000002, value=c, duration=None>
825.3358 	DATA 	Keypress: c
825.6017 	EXP 	Device response: <KeyPress from None: t=825.3237508000002, value=c, duration=0.272777700000006>
825.8511 	EXP 	fixation: autoDraw = True
825.8511 	EXP 	line1: autoDraw = True
825.8511 	EXP 	line2: autoDraw = True
825.8511 	EXP 	line3: autoDraw = True
825.8511 	EXP 	line4: autoDraw = True
826.0017 	EXP 	Device response: <KeyPress from None: t=825.9946691000005, value=c, duration=None>
826.0035 	DATA 	Keypress: c
826.2056 	EXP 	Device response: <KeyPress from None: t=825.9946691000005, value=c, duration=0.20998399999916728>
826.8212 	EXP 	Device response: <KeyPress from None: t=826.8090345, value=c, duration=None>
826.8244 	DATA 	Keypress: c
826.8358 	INFO 	Keyboard events cleared
826.8355 	EXP 	probe: autoDraw = True
826.8526 	EXP 	fixation: autoDraw = False
827.0347 	EXP 	Device response: <KeyPress from None: t=826.8090345, value=c, duration=0.22026150000056077>
827.3354 	EXP 	Device response: <KeyPress from None: t=827.3348817000006, value=c, duration=None>
827.3358 	EXP 	New trial (rep=33, index=128): <Trial 128 (128 in rep 33) data={'pos': -150, 'corr_resp': 'z', 'thisN': 128, 'thisTrialN': 128, 'thisRepN': 33}>
827.3370 	DATA 	Keypress: c
827.3513 	EXP 	fixation: autoDraw = False
827.3513 	EXP 	line1: autoDraw = False
827.3513 	EXP 	line2: autoDraw = False
827.3513 	EXP 	line3: autoDraw = False
827.3513 	EXP 	line4: autoDraw = False
827.3513 	EXP 	probe: autoDraw = False
827.5346 	EXP 	Device response: <KeyPress from None: t=827.3348817000006, value=c, duration=0.19430339999962598>
827.8349 	EXP 	Device response: <KeyPress from None: t=827.8219718, value=c, duration=None>
827.8358 	DATA 	Keypress: c
828.0688 	EXP 	Device response: <KeyPress from None: t=827.8219718, value=c, duration=0.23903819999941334>
828.3370 	EXP 	fixation: autoDraw = True
828.3370 	EXP 	line1: autoDraw = True
828.3370 	EXP 	line2: autoDraw = True
828.3370 	EXP 	line3: autoDraw = True
828.3370 	EXP 	line4: autoDraw = True
828.3556 	EXP 	Device response: <KeyPress from None: t=828.3546704, value=c, duration=None>
828.3585 	DATA 	Keypress: c
828.5525 	EXP 	Device response: <KeyPress from None: t=828.3546704, value=c, duration=0.19226049999997485>
828.8704 	DATA 	Keypress: c
828.8849 	EXP 	Device response: <KeyPress from None: t=828.8693865999994, value=c, duration=None>
829.0848 	EXP 	Device response: <KeyPress from None: t=828.8693865999994, value=c, duration=0.2024877000003471>
829.3362 	INFO 	Keyboard events cleared
829.3360 	EXP 	fixation: autoDraw = False
829.3360 	EXP 	probe: autoDraw = True
829.3561 	DATA 	Keypress: c
829.3700 	EXP 	Device response: <KeyPress from None: t=829.3543363999997, value=c, duration=None>
829.3704 	EXP 	New trial (rep=30, index=129): <Trial 129 (129 in rep 30) data={'pos': 150, 'corr_resp': 'v', 'thisN': 129, 'thisTrialN': 129, 'thisRepN': 30}>
829.3858 	EXP 	fixation: autoDraw = False
829.3858 	EXP 	line1: autoDraw = False
829.3858 	EXP 	line2: autoDraw = False
829.3858 	EXP 	line3: autoDraw = False
829.3858 	EXP 	line4: autoDraw = False
829.3858 	EXP 	probe: autoDraw = False
829.5681 	EXP 	Device response: <KeyPress from None: t=829.3543363999997, value=c, duration=0.2052481999999145>
829.8849 	EXP 	Device response: <KeyPress from None: t=829.8798048000008, value=c, duration=None>
829.8858 	DATA 	Keypress: c
830.3849 	EXP 	fixation: autoDraw = True
830.3849 	EXP 	line1: autoDraw = True
830.3849 	EXP 	line2: autoDraw = True
830.3849 	EXP 	line3: autoDraw = True
830.3849 	EXP 	line4: autoDraw = True
830.8385 	EXP 	Device response: <KeyPress from None: t=830.8336139999992, value=v, duration=None>
830.8419 	DATA 	Keypress: v
831.1856 	EXP 	Device response: <KeyPress from None: t=830.8336139999992, value=v, duration=0.3435888000003615>
831.3843 	INFO 	Keyboard events cleared
831.3841 	EXP 	fixation: autoDraw = False
831.3841 	EXP 	probe: autoDraw = True
831.5869 	DATA 	Keypress: v
831.6040 	EXP 	Device response: <KeyPress from None: t=831.5855331000002, value=v, duration=None>
831.6047 	EXP 	New trial (rep=29, index=130): <Trial 130 (130 in rep 29) data={'pos': 50, 'corr_resp': 'c', 'thisN': 130, 'thisTrialN': 130, 'thisRepN': 29}>
831.6207 	EXP 	fixation: autoDraw = False
831.6207 	EXP 	line1: autoDraw = False
831.6207 	EXP 	line2: autoDraw = False
831.6207 	EXP 	line3: autoDraw = False
831.6207 	EXP 	line4: autoDraw = False
831.6207 	EXP 	probe: autoDraw = False
831.7882 	EXP 	Device response: <KeyPress from None: t=831.5855331000002, value=v, duration=0.19883459999982733>
831.8042 	EXP 	Device response: <KeyPress from None: t=829.8798048000008, value=c, duration=1.91478399999869>
832.3522 	EXP 	Device response: <KeyPress from None: t=832.3372904999997, value=v, duration=None>
832.3533 	DATA 	Keypress: v
832.5523 	EXP 	Device response: <KeyPress from None: t=832.3372904999997, value=v, duration=0.21415180000076361>
832.6176 	EXP 	fixation: autoDraw = True
832.6176 	EXP 	line1: autoDraw = True
832.6176 	EXP 	line2: autoDraw = True
832.6176 	EXP 	line3: autoDraw = True
832.6176 	EXP 	line4: autoDraw = True
833.6187 	INFO 	Keyboard events cleared
833.6184 	EXP 	fixation: autoDraw = False
833.6184 	EXP 	probe: autoDraw = True
833.7685 	EXP 	Device response: <KeyPress from None: t=833.7559703000006, value=c, duration=None>
833.7689 	EXP 	New trial (rep=30, index=131): <Trial 131 (131 in rep 30) data={'pos': 50, 'corr_resp': 'c', 'thisN': 131, 'thisTrialN': 131, 'thisRepN': 30}>
833.7701 	DATA 	Keypress: c
833.7841 	EXP 	fixation: autoDraw = False
833.7841 	EXP 	line1: autoDraw = False
833.7841 	EXP 	line2: autoDraw = False
833.7841 	EXP 	line3: autoDraw = False
833.7841 	EXP 	line4: autoDraw = False
833.7841 	EXP 	probe: autoDraw = False
833.9833 	EXP 	Device response: <KeyPress from None: t=833.7559703000006, value=c, duration=0.21674589999929594>
834.7711 	EXP 	fixation: autoDraw = True
834.7711 	EXP 	line1: autoDraw = True
834.7711 	EXP 	line2: autoDraw = True
834.7711 	EXP 	line3: autoDraw = True
834.7711 	EXP 	line4: autoDraw = True
835.2922 	DATA 	Keypress: c
835.3043 	EXP 	Device response: <KeyPress from None: t=835.2895327000006, value=c, duration=None>
835.3216 	EXP 	Device response: <KeyPress from None: t=835.3100811999993, value=v, duration=None>
835.3273 	DATA 	Keypress: v
835.6742 	EXP 	Device response: <KeyPress from None: t=835.3100811999993, value=v, duration=0.3602347000014561>
835.7707 	INFO 	Keyboard events cleared
835.7704 	EXP 	fixation: autoDraw = False
835.7704 	EXP 	probe: autoDraw = True
835.8209 	EXP 	Device response: <KeyPress from None: t=835.8081696999998, value=v, duration=None>
835.8216 	EXP 	New trial (rep=36, index=132): <Trial 132 (132 in rep 36) data={'pos': -50, 'corr_resp': 'x', 'thisN': 132, 'thisTrialN': 132, 'thisRepN': 36}>
835.8239 	DATA 	Keypress: v
835.8367 	EXP 	fixation: autoDraw = False
835.8367 	EXP 	line1: autoDraw = False
835.8367 	EXP 	line2: autoDraw = False
835.8367 	EXP 	line3: autoDraw = False
835.8367 	EXP 	line4: autoDraw = False
835.8367 	EXP 	probe: autoDraw = False
836.1182 	EXP 	Device response: <KeyPress from None: t=835.2895327000006, value=c, duration=0.8234305999994831>
836.1682 	EXP 	Device response: <KeyPress from None: t=835.8081696999998, value=v, duration=0.35438600000088627>
836.8349 	EXP 	fixation: autoDraw = True
836.8349 	EXP 	line1: autoDraw = True
836.8349 	EXP 	line2: autoDraw = True
836.8349 	EXP 	line3: autoDraw = True
836.8349 	EXP 	line4: autoDraw = True
837.8340 	INFO 	Keyboard events cleared
837.8338 	EXP 	fixation: autoDraw = False
837.8338 	EXP 	probe: autoDraw = True
838.0351 	EXP 	Device response: <KeyPress from None: t=838.0217317999995, value=v, duration=None>
838.0355 	EXP 	New trial (rep=31, index=133): <Trial 133 (133 in rep 31) data={'pos': 50, 'corr_resp': 'c', 'thisN': 133, 'thisTrialN': 133, 'thisRepN': 31}>
838.0368 	DATA 	Keypress: v
838.0512 	EXP 	fixation: autoDraw = False
838.0512 	EXP 	line1: autoDraw = False
838.0512 	EXP 	line2: autoDraw = False
838.0512 	EXP 	line3: autoDraw = False
838.0512 	EXP 	line4: autoDraw = False
838.0512 	EXP 	probe: autoDraw = False
838.2181 	EXP 	Device response: <KeyPress from None: t=838.0217317999995, value=v, duration=0.19151290000081644>
839.0367 	EXP 	fixation: autoDraw = True
839.0367 	EXP 	line1: autoDraw = True
839.0367 	EXP 	line2: autoDraw = True
839.0367 	EXP 	line3: autoDraw = True
839.0367 	EXP 	line4: autoDraw = True
839.6016 	EXP 	Device response: <KeyPress from None: t=839.6011742999999, value=v, duration=None>
839.6033 	DATA 	Keypress: v
839.8352 	EXP 	Device response: <KeyPress from None: t=839.6011742999999, value=v, duration=0.23121110000101908>
840.0512 	INFO 	Keyboard events cleared
840.0510 	EXP 	fixation: autoDraw = False
840.0510 	EXP 	probe: autoDraw = True
841.0186 	DATA 	Keypress: v
841.0338 	EXP 	Device response: <KeyPress from None: t=841.0179208000009, value=v, duration=None>
841.0343 	EXP 	New trial (rep=32, index=134): <Trial 134 (134 in rep 32) data={'pos': 50, 'corr_resp': 'c', 'thisN': 134, 'thisTrialN': 134, 'thisRepN': 32}>
841.0498 	EXP 	fixation: autoDraw = False
841.0498 	EXP 	line1: autoDraw = False
841.0498 	EXP 	line2: autoDraw = False
841.0498 	EXP 	line3: autoDraw = False
841.0498 	EXP 	line4: autoDraw = False
841.0498 	EXP 	probe: autoDraw = False
841.2506 	EXP 	Device response: <KeyPress from None: t=841.0179208000009, value=v, duration=0.21777010000005248>
842.0490 	EXP 	fixation: autoDraw = True
842.0490 	EXP 	line1: autoDraw = True
842.0490 	EXP 	line2: autoDraw = True
842.0490 	EXP 	line3: autoDraw = True
842.0490 	EXP 	line4: autoDraw = True
842.6991 	EXP 	Device response: <KeyPress from None: t=842.6966840999994, value=c, duration=None>
842.7007 	DATA 	Keypress: c
842.9017 	EXP 	Device response: <KeyPress from None: t=842.6966840999994, value=c, duration=0.1902791000011348>
843.0363 	INFO 	Keyboard events cleared
843.0360 	EXP 	probe: autoDraw = True
843.0524 	EXP 	fixation: autoDraw = False
843.2866 	EXP 	Device response: <KeyPress from None: t=843.2806135999999, value=c, duration=None>
843.2871 	EXP 	New trial (rep=37, index=135): <Trial 135 (135 in rep 37) data={'pos': -50, 'corr_resp': 'x', 'thisN': 135, 'thisTrialN': 135, 'thisRepN': 37}>
843.2887 	DATA 	Keypress: c
843.3020 	EXP 	fixation: autoDraw = False
843.3020 	EXP 	line1: autoDraw = False
843.3020 	EXP 	line2: autoDraw = False
843.3020 	EXP 	line3: autoDraw = False
843.3020 	EXP 	line4: autoDraw = False
843.3020 	EXP 	probe: autoDraw = False
843.5024 	EXP 	Device response: <KeyPress from None: t=843.2806135999999, value=c, duration=0.20494650000000547>
844.3021 	EXP 	fixation: autoDraw = True
844.3021 	EXP 	line1: autoDraw = True
844.3021 	EXP 	line2: autoDraw = True
844.3021 	EXP 	line3: autoDraw = True
844.3021 	EXP 	line4: autoDraw = True
845.1526 	EXP 	Device response: <KeyPress from None: t=845.1483112000005, value=z, duration=None>
845.1544 	DATA 	Keypress: z
845.3009 	INFO 	Keyboard events cleared
845.3008 	EXP 	probe: autoDraw = True
845.3188 	EXP 	fixation: autoDraw = False
845.3846 	EXP 	Device response: <KeyPress from None: t=845.1483112000005, value=z, duration=0.23099879999972472>
845.8512 	EXP 	Device response: <KeyPress from None: t=845.8458671000008, value=z, duration=None>
845.8516 	EXP 	New trial (rep=34, index=136): <Trial 136 (136 in rep 34) data={'pos': -150, 'corr_resp': 'z', 'thisN': 136, 'thisTrialN': 136, 'thisRepN': 34}>
845.8528 	DATA 	Keypress: z
845.8673 	EXP 	fixation: autoDraw = False
845.8673 	EXP 	line1: autoDraw = False
845.8673 	EXP 	line2: autoDraw = False
845.8673 	EXP 	line3: autoDraw = False
845.8673 	EXP 	line4: autoDraw = False
845.8673 	EXP 	probe: autoDraw = False
846.0499 	EXP 	Device response: <KeyPress from None: t=845.8458671000008, value=z, duration=0.20336150000002817>
846.8510 	EXP 	fixation: autoDraw = True
846.8510 	EXP 	line1: autoDraw = True
846.8510 	EXP 	line2: autoDraw = True
846.8510 	EXP 	line3: autoDraw = True
846.8510 	EXP 	line4: autoDraw = True
847.2345 	EXP 	Device response: <KeyPress from None: t=847.2294172000002, value=c, duration=None>
847.2361 	DATA 	Keypress: c
847.4347 	EXP 	Device response: <KeyPress from None: t=847.2294172000002, value=c, duration=0.18868879999899946>
847.8509 	INFO 	Keyboard events cleared
847.8507 	EXP 	fixation: autoDraw = False
847.8507 	EXP 	probe: autoDraw = True
847.8530 	DATA 	Keypress: c
848.5675 	EXP 	Device response: <KeyPress from None: t=848.5625409999993, value=v, duration=None>
848.5679 	EXP 	New trial (rep=38, index=137): <Trial 137 (137 in rep 38) data={'pos': -50, 'corr_resp': 'x', 'thisN': 137, 'thisTrialN': 137, 'thisRepN': 38}>
848.5691 	DATA 	Keypress: v
848.5846 	EXP 	fixation: autoDraw = False
848.5846 	EXP 	line1: autoDraw = False
848.5846 	EXP 	line2: autoDraw = False
848.5846 	EXP 	line3: autoDraw = False
848.5846 	EXP 	line4: autoDraw = False
848.5846 	EXP 	probe: autoDraw = False
848.6510 	EXP 	Device response: <KeyPress from None: t=848.6483478999999, value=c, duration=None>
848.6519 	DATA 	Keypress: c
848.7856 	EXP 	Device response: <KeyPress from None: t=848.5625409999993, value=v, duration=0.20620100000087405>
849.5670 	EXP 	fixation: autoDraw = True
849.5670 	EXP 	line1: autoDraw = True
849.5670 	EXP 	line2: autoDraw = True
849.5670 	EXP 	line3: autoDraw = True
849.5670 	EXP 	line4: autoDraw = True
849.8013 	EXP 	Device response: <KeyPress from None: t=848.6483478999999, value=c, duration=1.1470466000009765>
849.9352 	EXP 	Device response: <KeyPress from None: t=849.9207370999993, value=c, duration=None>
849.9371 	DATA 	Keypress: c
850.1513 	EXP 	Device response: <KeyPress from None: t=849.9207370999993, value=c, duration=0.2238258000015776>
850.5678 	INFO 	Keyboard events cleared
850.5676 	EXP 	fixation: autoDraw = False
850.5676 	EXP 	probe: autoDraw = True
851.2254 	EXP 	Device response: <KeyPress from None: t=851.2216073, value=z, duration=None>
851.2258 	EXP 	New trial (rep=39, index=138): <Trial 138 (138 in rep 39) data={'pos': -50, 'corr_resp': 'x', 'thisN': 138, 'thisTrialN': 138, 'thisRepN': 39}>
851.2266 	DATA 	Keypress: z
851.2317 	EXP 	fixation: autoDraw = False
851.2317 	EXP 	line1: autoDraw = False
851.2317 	EXP 	line2: autoDraw = False
851.2317 	EXP 	line3: autoDraw = False
851.2317 	EXP 	line4: autoDraw = False
851.2317 	EXP 	probe: autoDraw = False
851.4186 	EXP 	Device response: <KeyPress from None: t=851.2216073, value=z, duration=0.18844420000095852>
852.2426 	EXP 	fixation: autoDraw = True
852.2426 	EXP 	line1: autoDraw = True
852.2426 	EXP 	line2: autoDraw = True
852.2426 	EXP 	line3: autoDraw = True
852.2426 	EXP 	line4: autoDraw = True
853.2259 	INFO 	Keyboard events cleared
853.2255 	EXP 	probe: autoDraw = True
853.2425 	EXP 	fixation: autoDraw = False
853.4770 	EXP 	Device response: <KeyPress from None: t=853.4727600999995, value=z, duration=None>
853.4774 	EXP 	New trial (rep=40, index=139): <Trial 139 (139 in rep 40) data={'pos': -50, 'corr_resp': 'x', 'thisN': 139, 'thisTrialN': 139, 'thisRepN': 40}>
853.4787 	DATA 	Keypress: z
853.4923 	EXP 	fixation: autoDraw = False
853.4923 	EXP 	line1: autoDraw = False
853.4923 	EXP 	line2: autoDraw = False
853.4923 	EXP 	line3: autoDraw = False
853.4923 	EXP 	line4: autoDraw = False
853.4923 	EXP 	probe: autoDraw = False
853.7096 	EXP 	Device response: <KeyPress from None: t=853.4727600999995, value=z, duration=0.224634000000151>
854.4757 	EXP 	fixation: autoDraw = True
854.4757 	EXP 	line1: autoDraw = True
854.4757 	EXP 	line2: autoDraw = True
854.4757 	EXP 	line3: autoDraw = True
854.4757 	EXP 	line4: autoDraw = True
855.0340 	EXP 	Device response: <KeyPress from None: t=855.0324823999999, value=z, duration=None>
855.0353 	DATA 	Keypress: z
855.2184 	EXP 	Device response: <KeyPress from None: t=855.0324823999999, value=z, duration=0.18022449999989476>
855.4851 	INFO 	Keyboard events cleared
855.4849 	EXP 	fixation: autoDraw = False
855.4849 	EXP 	probe: autoDraw = True
855.6343 	EXP 	Device response: <KeyPress from None: t=855.6300193999996, value=z, duration=None>
855.6348 	EXP 	New trial (rep=35, index=140): <Trial 140 (140 in rep 35) data={'pos': -150, 'corr_resp': 'z', 'thisN': 140, 'thisTrialN': 140, 'thisRepN': 35}>
855.6360 	DATA 	Keypress: z
855.6511 	EXP 	fixation: autoDraw = False
855.6511 	EXP 	line1: autoDraw = False
855.6511 	EXP 	line2: autoDraw = False
855.6511 	EXP 	line3: autoDraw = False
855.6511 	EXP 	line4: autoDraw = False
855.6511 	EXP 	probe: autoDraw = False
855.8180 	EXP 	Device response: <KeyPress from None: t=855.6300193999996, value=z, duration=0.17410209999979998>
856.6317 	EXP 	fixation: autoDraw = True
856.6317 	EXP 	line1: autoDraw = True
856.6317 	EXP 	line2: autoDraw = True
856.6317 	EXP 	line3: autoDraw = True
856.6317 	EXP 	line4: autoDraw = True
857.6232 	EXP 	fixation: autoDraw = False
857.6317 	INFO 	Keyboard events cleared
857.6316 	EXP 	probe: autoDraw = True
858.0605 	EXP 	Device response: <KeyPress from None: t=858.0598069999996, value=z, duration=None>
858.0609 	EXP 	New trial (rep=31, index=141): <Trial 141 (141 in rep 31) data={'pos': 150, 'corr_resp': 'v', 'thisN': 141, 'thisTrialN': 141, 'thisRepN': 31}>
858.0621 	DATA 	Keypress: z
858.0759 	EXP 	fixation: autoDraw = False
858.0759 	EXP 	line1: autoDraw = False
858.0759 	EXP 	line2: autoDraw = False
858.0759 	EXP 	line3: autoDraw = False
858.0759 	EXP 	line4: autoDraw = False
858.0759 	EXP 	probe: autoDraw = False
858.2594 	EXP 	Device response: <KeyPress from None: t=858.0598069999996, value=z, duration=0.1942761000009341>
859.0766 	EXP 	fixation: autoDraw = True
859.0766 	EXP 	line1: autoDraw = True
859.0766 	EXP 	line2: autoDraw = True
859.0766 	EXP 	line3: autoDraw = True
859.0766 	EXP 	line4: autoDraw = True
860.0625 	INFO 	Keyboard events cleared
860.0622 	EXP 	probe: autoDraw = True
860.0800 	EXP 	fixation: autoDraw = False
860.7274 	EXP 	Device response: <KeyPress from None: t=860.7208358000007, value=v, duration=None>
860.7279 	EXP 	New trial (rep=36, index=142): <Trial 142 (142 in rep 36) data={'pos': -150, 'corr_resp': 'z', 'thisN': 142, 'thisTrialN': 142, 'thisRepN': 36}>
860.7292 	DATA 	Keypress: v
860.7428 	EXP 	fixation: autoDraw = False
860.7428 	EXP 	line1: autoDraw = False
860.7428 	EXP 	line2: autoDraw = False
860.7428 	EXP 	line3: autoDraw = False
860.7428 	EXP 	line4: autoDraw = False
860.7428 	EXP 	probe: autoDraw = False
860.8928 	EXP 	Device response: <KeyPress from None: t=860.7208358000007, value=v, duration=0.1570765999986179>
861.7428 	EXP 	fixation: autoDraw = True
861.7428 	EXP 	line1: autoDraw = True
861.7428 	EXP 	line2: autoDraw = True
861.7428 	EXP 	line3: autoDraw = True
861.7428 	EXP 	line4: autoDraw = True
862.7428 	INFO 	Keyboard events cleared
862.7426 	EXP 	fixation: autoDraw = False
862.7426 	EXP 	probe: autoDraw = True
863.1511 	DATA 	Keypress: z
863.1632 	EXP 	Device response: <KeyPress from None: t=863.1480118, value=z, duration=None>
863.1638 	EXP 	New trial (rep=32, index=143): <Trial 143 (143 in rep 32) data={'pos': 150, 'corr_resp': 'v', 'thisN': 143, 'thisTrialN': 143, 'thisRepN': 32}>
863.1800 	EXP 	fixation: autoDraw = False
863.1800 	EXP 	line1: autoDraw = False
863.1800 	EXP 	line2: autoDraw = False
863.1800 	EXP 	line3: autoDraw = False
863.1800 	EXP 	line4: autoDraw = False
863.1800 	EXP 	probe: autoDraw = False
863.3297 	EXP 	Device response: <KeyPress from None: t=863.1480118, value=z, duration=0.17328919999999925>
864.1624 	EXP 	fixation: autoDraw = True
864.1624 	EXP 	line1: autoDraw = True
864.1624 	EXP 	line2: autoDraw = True
864.1624 	EXP 	line3: autoDraw = True
864.1624 	EXP 	line4: autoDraw = True
865.1758 	INFO 	Keyboard events cleared
865.1756 	EXP 	fixation: autoDraw = False
865.1756 	EXP 	probe: autoDraw = True
865.9753 	EXP 	Device response: <KeyPress from None: t=865.9727944000006, value=v, duration=None>
865.9758 	EXP 	New trial (rep=37, index=144): <Trial 144 (144 in rep 37) data={'pos': -150, 'corr_resp': 'z', 'thisN': 144, 'thisTrialN': 144, 'thisRepN': 37}>
865.9776 	DATA 	Keypress: v
865.9925 	EXP 	fixation: autoDraw = False
865.9925 	EXP 	line1: autoDraw = False
865.9925 	EXP 	line2: autoDraw = False
865.9925 	EXP 	line3: autoDraw = False
865.9925 	EXP 	line4: autoDraw = False
865.9925 	EXP 	probe: autoDraw = False
866.1734 	EXP 	Device response: <KeyPress from None: t=865.9727944000006, value=v, duration=0.19093719999909808>
866.9780 	EXP 	fixation: autoDraw = True
866.9780 	EXP 	line1: autoDraw = True
866.9780 	EXP 	line2: autoDraw = True
866.9780 	EXP 	line3: autoDraw = True
866.9780 	EXP 	line4: autoDraw = True
867.9782 	INFO 	Keyboard events cleared
867.9779 	EXP 	fixation: autoDraw = False
867.9779 	EXP 	probe: autoDraw = True
868.3095 	EXP 	Device response: <KeyPress from None: t=868.3086046000008, value=z, duration=None>
868.3099 	EXP 	New trial (rep=41, index=145): <Trial 145 (145 in rep 41) data={'pos': -50, 'corr_resp': 'x', 'thisN': 145, 'thisTrialN': 145, 'thisRepN': 41}>
868.3111 	DATA 	Keypress: z
868.3256 	EXP 	fixation: autoDraw = False
868.3256 	EXP 	line1: autoDraw = False
868.3256 	EXP 	line2: autoDraw = False
868.3256 	EXP 	line3: autoDraw = False
868.3256 	EXP 	line4: autoDraw = False
868.3256 	EXP 	probe: autoDraw = False
868.5095 	EXP 	Device response: <KeyPress from None: t=868.3086046000008, value=z, duration=0.19549029999870982>
869.3091 	EXP 	fixation: autoDraw = True
869.3091 	EXP 	line1: autoDraw = True
869.3091 	EXP 	line2: autoDraw = True
869.3091 	EXP 	line3: autoDraw = True
869.3091 	EXP 	line4: autoDraw = True
870.3096 	INFO 	Keyboard events cleared
870.3093 	EXP 	fixation: autoDraw = False
870.3093 	EXP 	probe: autoDraw = True
871.3096 	EXP 	Device response: <KeyPress from None: t=871.3062012999999, value=c, duration=None>
871.3100 	EXP 	New trial (rep=38, index=146): <Trial 146 (146 in rep 38) data={'pos': -150, 'corr_resp': 'z', 'thisN': 146, 'thisTrialN': 146, 'thisRepN': 38}>
871.3113 	DATA 	Keypress: c
871.3257 	EXP 	fixation: autoDraw = False
871.3257 	EXP 	line1: autoDraw = False
871.3257 	EXP 	line2: autoDraw = False
871.3257 	EXP 	line3: autoDraw = False
871.3257 	EXP 	line4: autoDraw = False
871.3257 	EXP 	probe: autoDraw = False
871.3264 	EXP 	Device response: <KeyPress from None: t=871.3158942999999, value=x, duration=None>
871.3273 	DATA 	Keypress: x
871.4250 	EXP 	Device response: <KeyPress from None: t=871.3062012999999, value=c, duration=0.11254820000067411>
872.3115 	EXP 	fixation: autoDraw = True
872.3115 	EXP 	line1: autoDraw = True
872.3115 	EXP 	line2: autoDraw = True
872.3115 	EXP 	line3: autoDraw = True
872.3115 	EXP 	line4: autoDraw = True
873.3127 	INFO 	Keyboard events cleared
873.3124 	EXP 	fixation: autoDraw = False
873.3124 	EXP 	probe: autoDraw = True
873.9256 	EXP 	Device response: <KeyPress from None: t=873.9116787999992, value=z, duration=None>
873.9260 	EXP 	New trial (rep=33, index=147): <Trial 147 (147 in rep 33) data={'pos': 50, 'corr_resp': 'c', 'thisN': 147, 'thisTrialN': 147, 'thisRepN': 33}>
873.9272 	DATA 	Keypress: z
873.9423 	EXP 	fixation: autoDraw = False
873.9423 	EXP 	line1: autoDraw = False
873.9423 	EXP 	line2: autoDraw = False
873.9423 	EXP 	line3: autoDraw = False
873.9423 	EXP 	line4: autoDraw = False
873.9423 	EXP 	probe: autoDraw = False
874.1092 	EXP 	Device response: <KeyPress from None: t=873.9116787999992, value=z, duration=0.18233520000103454>
874.9251 	EXP 	fixation: autoDraw = True
874.9251 	EXP 	line1: autoDraw = True
874.9251 	EXP 	line2: autoDraw = True
874.9251 	EXP 	line3: autoDraw = True
874.9251 	EXP 	line4: autoDraw = True
875.9249 	INFO 	Keyboard events cleared
875.9247 	EXP 	fixation: autoDraw = False
875.9247 	EXP 	probe: autoDraw = True
876.6620 	EXP 	Device response: <KeyPress from None: t=876.6512516000003, value=c, duration=None>
876.6625 	EXP 	New trial (rep=42, index=148): <Trial 148 (148 in rep 42) data={'pos': -50, 'corr_resp': 'x', 'thisN': 148, 'thisTrialN': 148, 'thisRepN': 42}>
876.6645 	DATA 	Keypress: c
876.6767 	EXP 	fixation: autoDraw = False
876.6767 	EXP 	line1: autoDraw = False
876.6767 	EXP 	line2: autoDraw = False
876.6767 	EXP 	line3: autoDraw = False
876.6767 	EXP 	line4: autoDraw = False
876.6767 	EXP 	probe: autoDraw = False
876.8424 	EXP 	Device response: <KeyPress from None: t=876.6512516000003, value=c, duration=0.18495590000020457>
876.8758 	EXP 	Device response: <KeyPress from None: t=871.3158942999999, value=x, duration=5.554790899999716>
877.6761 	EXP 	fixation: autoDraw = True
877.6761 	EXP 	line1: autoDraw = True
877.6761 	EXP 	line2: autoDraw = True
877.6761 	EXP 	line3: autoDraw = True
877.6761 	EXP 	line4: autoDraw = True
878.6763 	INFO 	Keyboard events cleared
878.6761 	EXP 	fixation: autoDraw = False
878.6761 	EXP 	probe: autoDraw = True
879.1932 	EXP 	Device response: <KeyPress from None: t=879.1928372999992, value=x, duration=None>
879.1936 	EXP 	New trial (rep=33, index=149): <Trial 149 (149 in rep 33) data={'pos': 150, 'corr_resp': 'v', 'thisN': 149, 'thisTrialN': 149, 'thisRepN': 33}>
879.1948 	DATA 	Keypress: x
879.2089 	EXP 	fixation: autoDraw = False
879.2089 	EXP 	line1: autoDraw = False
879.2089 	EXP 	line2: autoDraw = False
879.2089 	EXP 	line3: autoDraw = False
879.2089 	EXP 	line4: autoDraw = False
879.2089 	EXP 	probe: autoDraw = False
879.3930 	EXP 	Device response: <KeyPress from None: t=879.1928372999992, value=x, duration=0.19227470000078029>
880.2098 	EXP 	fixation: autoDraw = True
880.2098 	EXP 	line1: autoDraw = True
880.2098 	EXP 	line2: autoDraw = True
880.2098 	EXP 	line3: autoDraw = True
880.2098 	EXP 	line4: autoDraw = True
881.2090 	INFO 	Keyboard events cleared
881.2088 	EXP 	probe: autoDraw = True
881.2258 	EXP 	fixation: autoDraw = False
881.7928 	EXP 	Device response: <KeyPress from None: t=881.7872836999995, value=v, duration=None>
881.7932 	EXP 	New trial (rep=34, index=150): <Trial 150 (150 in rep 34) data={'pos': 150, 'corr_resp': 'v', 'thisN': 150, 'thisTrialN': 150, 'thisRepN': 34}>
881.7944 	DATA 	Keypress: v
881.8092 	EXP 	fixation: autoDraw = False
881.8092 	EXP 	line1: autoDraw = False
881.8092 	EXP 	line2: autoDraw = False
881.8092 	EXP 	line3: autoDraw = False
881.8092 	EXP 	line4: autoDraw = False
881.8092 	EXP 	probe: autoDraw = False
881.9736 	EXP 	Device response: <KeyPress from None: t=881.7872836999995, value=v, duration=0.1742986999997811>
882.8090 	EXP 	fixation: autoDraw = True
882.8090 	EXP 	line1: autoDraw = True
882.8090 	EXP 	line2: autoDraw = True
882.8090 	EXP 	line3: autoDraw = True
882.8090 	EXP 	line4: autoDraw = True
883.8064 	INFO 	Keyboard events cleared
883.8063 	EXP 	probe: autoDraw = True
883.8230 	EXP 	fixation: autoDraw = False
884.4950 	DATA 	Keypress: v
884.5096 	EXP 	Device response: <KeyPress from None: t=884.4939441999995, value=v, duration=None>
884.5100 	EXP 	New trial (rep=35, index=151): <Trial 151 (151 in rep 35) data={'pos': 150, 'corr_resp': 'v', 'thisN': 151, 'thisTrialN': 151, 'thisRepN': 35}>
884.5254 	EXP 	fixation: autoDraw = False
884.5254 	EXP 	line1: autoDraw = False
884.5254 	EXP 	line2: autoDraw = False
884.5254 	EXP 	line3: autoDraw = False
884.5254 	EXP 	line4: autoDraw = False
884.5254 	EXP 	probe: autoDraw = False
884.6766 	EXP 	Device response: <KeyPress from None: t=884.4939441999995, value=v, duration=0.17753040000025067>
885.5091 	EXP 	fixation: autoDraw = True
885.5091 	EXP 	line1: autoDraw = True
885.5091 	EXP 	line2: autoDraw = True
885.5091 	EXP 	line3: autoDraw = True
885.5091 	EXP 	line4: autoDraw = True
886.5097 	INFO 	Keyboard events cleared
886.5095 	EXP 	fixation: autoDraw = False
886.5095 	EXP 	probe: autoDraw = True
887.0764 	EXP 	Device response: <KeyPress from None: t=887.0685083999997, value=v, duration=None>
887.0768 	EXP 	New trial (rep=36, index=152): <Trial 152 (152 in rep 36) data={'pos': 150, 'corr_resp': 'v', 'thisN': 152, 'thisTrialN': 152, 'thisRepN': 36}>
887.0782 	DATA 	Keypress: v
887.0921 	EXP 	fixation: autoDraw = False
887.0921 	EXP 	line1: autoDraw = False
887.0921 	EXP 	line2: autoDraw = False
887.0921 	EXP 	line3: autoDraw = False
887.0921 	EXP 	line4: autoDraw = False
887.0921 	EXP 	probe: autoDraw = False
887.2470 	EXP 	Device response: <KeyPress from None: t=887.0685083999997, value=v, duration=0.1774490000007063>
888.0784 	EXP 	fixation: autoDraw = True
888.0784 	EXP 	line1: autoDraw = True
888.0784 	EXP 	line2: autoDraw = True
888.0784 	EXP 	line3: autoDraw = True
888.0784 	EXP 	line4: autoDraw = True
889.0932 	INFO 	Keyboard events cleared
889.0930 	EXP 	fixation: autoDraw = False
889.0930 	EXP 	probe: autoDraw = True
889.7309 	EXP 	Device response: <KeyPress from None: t=889.7270920999999, value=v, duration=None>
889.7316 	EXP 	New trial (rep=34, index=153): <Trial 153 (153 in rep 34) data={'pos': 50, 'corr_resp': 'c', 'thisN': 153, 'thisTrialN': 153, 'thisRepN': 34}>
889.7340 	DATA 	Keypress: v
889.7452 	EXP 	fixation: autoDraw = False
889.7452 	EXP 	line1: autoDraw = False
889.7452 	EXP 	line2: autoDraw = False
889.7452 	EXP 	line3: autoDraw = False
889.7452 	EXP 	line4: autoDraw = False
889.7452 	EXP 	probe: autoDraw = False
889.9104 	EXP 	Device response: <KeyPress from None: t=889.7270920999999, value=v, duration=0.1808748999992531>
890.7445 	EXP 	fixation: autoDraw = True
890.7445 	EXP 	line1: autoDraw = True
890.7445 	EXP 	line2: autoDraw = True
890.7445 	EXP 	line3: autoDraw = True
890.7445 	EXP 	line4: autoDraw = True
891.7425 	INFO 	Keyboard events cleared
891.7423 	EXP 	probe: autoDraw = True
891.7591 	EXP 	fixation: autoDraw = False
892.4566 	EXP 	Device response: <KeyPress from None: t=892.4537271999998, value=c, duration=None>
892.4570 	EXP 	New trial (rep=37, index=154): <Trial 154 (154 in rep 37) data={'pos': 150, 'corr_resp': 'v', 'thisN': 154, 'thisTrialN': 154, 'thisRepN': 37}>
892.4581 	DATA 	Keypress: c
892.4756 	EXP 	fixation: autoDraw = False
892.4756 	EXP 	line1: autoDraw = False
892.4756 	EXP 	line2: autoDraw = False
892.4756 	EXP 	line3: autoDraw = False
892.4756 	EXP 	line4: autoDraw = False
892.4756 	EXP 	probe: autoDraw = False
892.6590 	EXP 	Device response: <KeyPress from None: t=892.4537271999998, value=c, duration=0.20020560000011756>
893.4591 	EXP 	fixation: autoDraw = True
893.4591 	EXP 	line1: autoDraw = True
893.4591 	EXP 	line2: autoDraw = True
893.4591 	EXP 	line3: autoDraw = True
893.4591 	EXP 	line4: autoDraw = True
894.4603 	INFO 	Keyboard events cleared
894.4600 	EXP 	fixation: autoDraw = False
894.4600 	EXP 	probe: autoDraw = True
895.1927 	EXP 	Device response: <KeyPress from None: t=895.1900260999992, value=v, duration=None>
895.1931 	EXP 	New trial (rep=39, index=155): <Trial 155 (155 in rep 39) data={'pos': -150, 'corr_resp': 'z', 'thisN': 155, 'thisTrialN': 155, 'thisRepN': 39}>
895.1943 	DATA 	Keypress: v
895.2085 	EXP 	fixation: autoDraw = False
895.2085 	EXP 	line1: autoDraw = False
895.2085 	EXP 	line2: autoDraw = False
895.2085 	EXP 	line3: autoDraw = False
895.2085 	EXP 	line4: autoDraw = False
895.2085 	EXP 	probe: autoDraw = False
895.4094 	EXP 	Device response: <KeyPress from None: t=895.1900260999992, value=v, duration=0.20893360000081884>
896.1928 	EXP 	fixation: autoDraw = True
896.1928 	EXP 	line1: autoDraw = True
896.1928 	EXP 	line2: autoDraw = True
896.1928 	EXP 	line3: autoDraw = True
896.1928 	EXP 	line4: autoDraw = True
897.1920 	INFO 	Keyboard events cleared
897.1918 	EXP 	fixation: autoDraw = False
897.1918 	EXP 	probe: autoDraw = True
897.8095 	EXP 	Device response: <KeyPress from None: t=897.8086105000002, value=z, duration=None>
897.8099 	EXP 	New trial (rep=38, index=156): <Trial 156 (156 in rep 38) data={'pos': 150, 'corr_resp': 'v', 'thisN': 156, 'thisTrialN': 156, 'thisRepN': 38}>
897.8111 	DATA 	Keypress: z
897.8256 	EXP 	fixation: autoDraw = False
897.8256 	EXP 	line1: autoDraw = False
897.8256 	EXP 	line2: autoDraw = False
897.8256 	EXP 	line3: autoDraw = False
897.8256 	EXP 	line4: autoDraw = False
897.8256 	EXP 	probe: autoDraw = False
898.0091 	EXP 	Device response: <KeyPress from None: t=897.8086105000002, value=z, duration=0.18541019999975106>
898.8252 	EXP 	fixation: autoDraw = True
898.8252 	EXP 	line1: autoDraw = True
898.8252 	EXP 	line2: autoDraw = True
898.8252 	EXP 	line3: autoDraw = True
898.8252 	EXP 	line4: autoDraw = True
899.8115 	INFO 	Keyboard events cleared
899.8112 	EXP 	probe: autoDraw = True
899.8283 	EXP 	fixation: autoDraw = False
900.1759 	EXP 	Device response: <KeyPress from None: t=900.1656153999993, value=v, duration=None>
900.1764 	EXP 	New trial (rep=40, index=157): <Trial 157 (157 in rep 40) data={'pos': -150, 'corr_resp': 'z', 'thisN': 157, 'thisTrialN': 157, 'thisRepN': 40}>
900.1776 	DATA 	Keypress: v
900.1920 	EXP 	fixation: autoDraw = False
900.1920 	EXP 	line1: autoDraw = False
900.1920 	EXP 	line2: autoDraw = False
900.1920 	EXP 	line3: autoDraw = False
900.1920 	EXP 	line4: autoDraw = False
900.1920 	EXP 	probe: autoDraw = False
900.3426 	EXP 	Device response: <KeyPress from None: t=900.1656153999993, value=v, duration=0.17057370000111405>
901.1922 	EXP 	fixation: autoDraw = True
901.1922 	EXP 	line1: autoDraw = True
901.1922 	EXP 	line2: autoDraw = True
901.1922 	EXP 	line3: autoDraw = True
901.1922 	EXP 	line4: autoDraw = True
902.1921 	INFO 	Keyboard events cleared
902.1919 	EXP 	probe: autoDraw = True
902.2082 	EXP 	fixation: autoDraw = False
902.7999 	DATA 	Keypress: z
902.8131 	EXP 	Device response: <KeyPress from None: t=902.7972855000007, value=z, duration=None>
902.8138 	EXP 	New trial (rep=41, index=158): <Trial 158 (158 in rep 41) data={'pos': -150, 'corr_resp': 'z', 'thisN': 158, 'thisTrialN': 158, 'thisRepN': 41}>
902.8292 	EXP 	fixation: autoDraw = False
902.8292 	EXP 	line1: autoDraw = False
902.8292 	EXP 	line2: autoDraw = False
902.8292 	EXP 	line3: autoDraw = False
902.8292 	EXP 	line4: autoDraw = False
902.8292 	EXP 	probe: autoDraw = False
902.9926 	EXP 	Device response: <KeyPress from None: t=902.7972855000007, value=z, duration=0.19050749999951222>
903.8258 	EXP 	fixation: autoDraw = True
903.8258 	EXP 	line1: autoDraw = True
903.8258 	EXP 	line2: autoDraw = True
903.8258 	EXP 	line3: autoDraw = True
903.8258 	EXP 	line4: autoDraw = True
904.8261 	INFO 	Keyboard events cleared
904.8259 	EXP 	fixation: autoDraw = False
904.8259 	EXP 	probe: autoDraw = True
905.4977 	EXP 	Device response: <KeyPress from None: t=905.493838800001, value=z, duration=None>
905.4990 	EXP 	New trial (rep=43, index=159): <Trial 159 (159 in rep 43) data={'pos': -50, 'corr_resp': 'x', 'thisN': 159, 'thisTrialN': 159, 'thisRepN': 43}>
905.5007 	DATA 	Keypress: z
905.5105 	EXP 	fixation: autoDraw = False
905.5105 	EXP 	line1: autoDraw = False
905.5105 	EXP 	line2: autoDraw = False
905.5105 	EXP 	line3: autoDraw = False
905.5105 	EXP 	line4: autoDraw = False
905.5105 	EXP 	probe: autoDraw = False
905.6774 	EXP 	Device response: <KeyPress from None: t=905.493838800001, value=z, duration=0.18031769999834069>
906.5123 	EXP 	fixation: autoDraw = True
906.5123 	EXP 	line1: autoDraw = True
906.5123 	EXP 	line2: autoDraw = True
906.5123 	EXP 	line3: autoDraw = True
906.5123 	EXP 	line4: autoDraw = True
907.2963 	EXP 	Device response: <KeyPress from None: t=907.2942719999992, value=z, duration=None>
907.2996 	DATA 	Keypress: z
907.5130 	INFO 	Keyboard events cleared
907.5126 	EXP 	fixation: autoDraw = False
907.5126 	EXP 	probe: autoDraw = True
908.3091 	EXP 	Device response: <KeyPress from None: t=908.3006497000006, value=z, duration=None>
908.3096 	EXP 	New trial (rep=39, index=160): <Trial 160 (160 in rep 39) data={'pos': 150, 'corr_resp': 'v', 'thisN': 160, 'thisTrialN': 160, 'thisRepN': 39}>
908.3108 	DATA 	Keypress: z
908.3253 	EXP 	fixation: autoDraw = False
908.3253 	EXP 	line1: autoDraw = False
908.3253 	EXP 	line2: autoDraw = False
908.3253 	EXP 	line3: autoDraw = False
908.3253 	EXP 	line4: autoDraw = False
908.3253 	EXP 	probe: autoDraw = False
908.4422 	EXP 	Device response: <KeyPress from None: t=907.2942719999992, value=z, duration=1.1427980000007665>
909.3084 	EXP 	fixation: autoDraw = True
909.3084 	EXP 	line1: autoDraw = True
909.3084 	EXP 	line2: autoDraw = True
909.3084 	EXP 	line3: autoDraw = True
909.3084 	EXP 	line4: autoDraw = True
910.3084 	EXP 	fixation: autoDraw = False
910.3260 	INFO 	Keyboard events cleared
910.3258 	EXP 	probe: autoDraw = True
910.7610 	DATA 	Keypress: v
910.7758 	EXP 	Device response: <KeyPress from None: t=910.7595586999996, value=v, duration=None>
910.7762 	EXP 	New trial (rep=44, index=161): <Trial 161 (161 in rep 44) data={'pos': -50, 'corr_resp': 'x', 'thisN': 161, 'thisTrialN': 161, 'thisRepN': 44}>
910.7927 	EXP 	fixation: autoDraw = False
910.7927 	EXP 	line1: autoDraw = False
910.7927 	EXP 	line2: autoDraw = False
910.7927 	EXP 	line3: autoDraw = False
910.7927 	EXP 	line4: autoDraw = False
910.7927 	EXP 	probe: autoDraw = False
910.9582 	EXP 	Device response: <KeyPress from None: t=910.7595586999996, value=v, duration=0.18848160000015923>
911.7757 	EXP 	fixation: autoDraw = True
911.7757 	EXP 	line1: autoDraw = True
911.7757 	EXP 	line2: autoDraw = True
911.7757 	EXP 	line3: autoDraw = True
911.7757 	EXP 	line4: autoDraw = True
912.7751 	INFO 	Keyboard events cleared
912.7749 	EXP 	fixation: autoDraw = False
912.7749 	EXP 	probe: autoDraw = True
913.5685 	DATA 	Keypress: x
913.5934 	EXP 	Device response: <KeyPress from None: t=913.5651992000003, value=x, duration=None>
913.5941 	EXP 	New trial (rep=35, index=162): <Trial 162 (162 in rep 35) data={'pos': 50, 'corr_resp': 'c', 'thisN': 162, 'thisTrialN': 162, 'thisRepN': 35}>
913.6129 	EXP 	fixation: autoDraw = False
913.6129 	EXP 	line1: autoDraw = False
913.6129 	EXP 	line2: autoDraw = False
913.6129 	EXP 	line3: autoDraw = False
913.6129 	EXP 	line4: autoDraw = False
913.6129 	EXP 	probe: autoDraw = False
913.8466 	EXP 	Device response: <KeyPress from None: t=913.5651992000003, value=x, duration=0.27229719999922963>
914.5953 	EXP 	fixation: autoDraw = True
914.5953 	EXP 	line1: autoDraw = True
914.5953 	EXP 	line2: autoDraw = True
914.5953 	EXP 	line3: autoDraw = True
914.5953 	EXP 	line4: autoDraw = True
915.5949 	INFO 	Keyboard events cleared
915.5945 	EXP 	fixation: autoDraw = False
915.5945 	EXP 	probe: autoDraw = True
915.8873 	DATA 	Mouse: Right button down, pos=(818,514)
915.9494 	DATA 	Mouse:  Right button up, pos=(818,514)
916.2265 	EXP 	Device response: <KeyPress from None: t=916.2235146000003, value=c, duration=None>
916.2270 	EXP 	New trial (rep=40, index=163): <Trial 163 (163 in rep 40) data={'pos': 150, 'corr_resp': 'v', 'thisN': 163, 'thisTrialN': 163, 'thisRepN': 40}>
916.2283 	DATA 	Keypress: c
916.2415 	EXP 	fixation: autoDraw = False
916.2415 	EXP 	line1: autoDraw = False
916.2415 	EXP 	line2: autoDraw = False
916.2415 	EXP 	line3: autoDraw = False
916.2415 	EXP 	line4: autoDraw = False
916.2415 	EXP 	probe: autoDraw = False
916.3929 	EXP 	Device response: <KeyPress from None: t=916.2235146000003, value=c, duration=0.15339999999923748>
917.2265 	EXP 	fixation: autoDraw = True
917.2265 	EXP 	line1: autoDraw = True
917.2265 	EXP 	line2: autoDraw = True
917.2265 	EXP 	line3: autoDraw = True
917.2265 	EXP 	line4: autoDraw = True
918.2250 	EXP 	fixation: autoDraw = False
918.2423 	INFO 	Keyboard events cleared
918.2422 	EXP 	probe: autoDraw = True
919.0326 	EXP 	Device response: <KeyPress from None: t=919.0291555000003, value=v, duration=None>
919.0330 	EXP 	New trial (rep=42, index=164): <Trial 164 (164 in rep 42) data={'pos': -150, 'corr_resp': 'z', 'thisN': 164, 'thisTrialN': 164, 'thisRepN': 42}>
919.0345 	DATA 	Keypress: v
919.0425 	EXP 	fixation: autoDraw = False
919.0425 	EXP 	line1: autoDraw = False
919.0425 	EXP 	line2: autoDraw = False
919.0425 	EXP 	line3: autoDraw = False
919.0425 	EXP 	line4: autoDraw = False
919.0425 	EXP 	probe: autoDraw = False
919.2238 	EXP 	Device response: <KeyPress from None: t=919.0291555000003, value=v, duration=0.18873530000018945>
920.0450 	EXP 	fixation: autoDraw = True
920.0450 	EXP 	line1: autoDraw = True
920.0450 	EXP 	line2: autoDraw = True
920.0450 	EXP 	line3: autoDraw = True
920.0450 	EXP 	line4: autoDraw = True
921.0460 	INFO 	Keyboard events cleared
921.0457 	EXP 	fixation: autoDraw = False
921.0457 	EXP 	probe: autoDraw = True
921.5630 	EXP 	Device response: <KeyPress from None: t=921.5546706999994, value=z, duration=None>
921.5636 	EXP 	New trial (rep=41, index=165): <Trial 165 (165 in rep 41) data={'pos': 150, 'corr_resp': 'v', 'thisN': 165, 'thisTrialN': 165, 'thisRepN': 41}>
921.5664 	DATA 	Keypress: z
921.5783 	EXP 	fixation: autoDraw = False
921.5783 	EXP 	line1: autoDraw = False
921.5783 	EXP 	line2: autoDraw = False
921.5783 	EXP 	line3: autoDraw = False
921.5783 	EXP 	line4: autoDraw = False
921.5783 	EXP 	probe: autoDraw = False
921.7283 	EXP 	Device response: <KeyPress from None: t=908.3006497000006, value=z, duration=13.427080199999182>
922.5755 	EXP 	fixation: autoDraw = True
922.5755 	EXP 	line1: autoDraw = True
922.5755 	EXP 	line2: autoDraw = True
922.5755 	EXP 	line3: autoDraw = True
922.5755 	EXP 	line4: autoDraw = True
923.5751 	INFO 	Keyboard events cleared
923.5749 	EXP 	fixation: autoDraw = False
923.5749 	EXP 	probe: autoDraw = True
924.0742 	EXP 	Device response: <KeyPress from None: t=924.0683184000009, value=v, duration=None>
924.0745 	EXP 	New trial (rep=36, index=166): <Trial 166 (166 in rep 36) data={'pos': 50, 'corr_resp': 'c', 'thisN': 166, 'thisTrialN': 166, 'thisRepN': 36}>
924.0753 	DATA 	Keypress: v
924.0897 	EXP 	fixation: autoDraw = False
924.0897 	EXP 	line1: autoDraw = False
924.0897 	EXP 	line2: autoDraw = False
924.0897 	EXP 	line3: autoDraw = False
924.0897 	EXP 	line4: autoDraw = False
924.0897 	EXP 	probe: autoDraw = False
924.2591 	EXP 	Device response: <KeyPress from None: t=924.0683184000009, value=v, duration=0.17620419999911974>
925.0753 	EXP 	fixation: autoDraw = True
925.0753 	EXP 	line1: autoDraw = True
925.0753 	EXP 	line2: autoDraw = True
925.0753 	EXP 	line3: autoDraw = True
925.0753 	EXP 	line4: autoDraw = True
926.0750 	INFO 	Keyboard events cleared
926.0748 	EXP 	fixation: autoDraw = False
926.0748 	EXP 	probe: autoDraw = True
926.7796 	EXP 	Device response: <KeyPress from None: t=926.7671912000005, value=c, duration=None>
926.7805 	EXP 	New trial (rep=42, index=167): <Trial 167 (167 in rep 42) data={'pos': 150, 'corr_resp': 'v', 'thisN': 167, 'thisTrialN': 167, 'thisRepN': 42}>
926.7830 	DATA 	Keypress: c
926.7957 	EXP 	fixation: autoDraw = False
926.7957 	EXP 	line1: autoDraw = False
926.7957 	EXP 	line2: autoDraw = False
926.7957 	EXP 	line3: autoDraw = False
926.7957 	EXP 	line4: autoDraw = False
926.7957 	EXP 	probe: autoDraw = False
926.9296 	EXP 	Device response: <KeyPress from None: t=926.7671912000005, value=c, duration=0.1615005999992718>
927.7946 	EXP 	fixation: autoDraw = True
927.7946 	EXP 	line1: autoDraw = True
927.7946 	EXP 	line2: autoDraw = True
927.7946 	EXP 	line3: autoDraw = True
927.7946 	EXP 	line4: autoDraw = True
928.7918 	INFO 	Keyboard events cleared
928.7916 	EXP 	probe: autoDraw = True
928.8095 	EXP 	fixation: autoDraw = False
929.8098 	EXP 	Device response: <KeyPress from None: t=929.8021028000003, value=v, duration=None>
929.8103 	EXP 	New trial (rep=37, index=168): <Trial 168 (168 in rep 37) data={'pos': 50, 'corr_resp': 'c', 'thisN': 168, 'thisTrialN': 168, 'thisRepN': 37}>
929.8119 	DATA 	Keypress: v
929.8249 	EXP 	fixation: autoDraw = False
929.8249 	EXP 	line1: autoDraw = False
929.8249 	EXP 	line2: autoDraw = False
929.8249 	EXP 	line3: autoDraw = False
929.8249 	EXP 	line4: autoDraw = False
929.8249 	EXP 	probe: autoDraw = False
930.0421 	EXP 	Device response: <KeyPress from None: t=929.8021028000003, value=v, duration=0.22703919999912614>
930.8089 	EXP 	fixation: autoDraw = True
930.8089 	EXP 	line1: autoDraw = True
930.8089 	EXP 	line2: autoDraw = True
930.8089 	EXP 	line3: autoDraw = True
930.8089 	EXP 	line4: autoDraw = True
931.8121 	EXP 	fixation: autoDraw = False
931.8286 	INFO 	Keyboard events cleared
931.8283 	EXP 	probe: autoDraw = True
932.3926 	EXP 	Device response: <KeyPress from None: t=932.3906191999995, value=c, duration=None>
932.3930 	EXP 	New trial (rep=43, index=169): <Trial 169 (169 in rep 43) data={'pos': 150, 'corr_resp': 'v', 'thisN': 169, 'thisTrialN': 169, 'thisRepN': 43}>
932.3943 	DATA 	Keypress: c
932.4082 	EXP 	fixation: autoDraw = False
932.4082 	EXP 	line1: autoDraw = False
932.4082 	EXP 	line2: autoDraw = False
932.4082 	EXP 	line3: autoDraw = False
932.4082 	EXP 	line4: autoDraw = False
932.4082 	EXP 	probe: autoDraw = False
932.6257 	EXP 	Device response: <KeyPress from None: t=932.3906191999995, value=c, duration=0.2260470000001078>
933.4085 	EXP 	fixation: autoDraw = True
933.4085 	EXP 	line1: autoDraw = True
933.4085 	EXP 	line2: autoDraw = True
933.4085 	EXP 	line3: autoDraw = True
933.4085 	EXP 	line4: autoDraw = True
934.3943 	INFO 	Keyboard events cleared
934.3940 	EXP 	probe: autoDraw = True
934.4122 	EXP 	fixation: autoDraw = False
935.2062 	EXP 	Device response: <KeyPress from None: t=935.2007847999994, value=v, duration=None>
935.2065 	EXP 	New trial (rep=45, index=170): <Trial 170 (170 in rep 45) data={'pos': -50, 'corr_resp': 'x', 'thisN': 170, 'thisTrialN': 170, 'thisRepN': 45}>
935.2079 	DATA 	Keypress: v
935.2257 	EXP 	fixation: autoDraw = False
935.2257 	EXP 	line1: autoDraw = False
935.2257 	EXP 	line2: autoDraw = False
935.2257 	EXP 	line3: autoDraw = False
935.2257 	EXP 	line4: autoDraw = False
935.2257 	EXP 	probe: autoDraw = False
935.4091 	EXP 	Device response: <KeyPress from None: t=935.2007847999994, value=v, duration=0.19231630000103905>
936.2061 	EXP 	fixation: autoDraw = True
936.2061 	EXP 	line1: autoDraw = True
936.2061 	EXP 	line2: autoDraw = True
936.2061 	EXP 	line3: autoDraw = True
936.2061 	EXP 	line4: autoDraw = True
937.2092 	INFO 	Keyboard events cleared
937.2089 	EXP 	fixation: autoDraw = False
937.2089 	EXP 	probe: autoDraw = True
937.8593 	EXP 	Device response: <KeyPress from None: t=937.8443731000007, value=c, duration=None>
937.8597 	EXP 	New trial (rep=44, index=171): <Trial 171 (171 in rep 44) data={'pos': 150, 'corr_resp': 'v', 'thisN': 171, 'thisTrialN': 171, 'thisRepN': 44}>
937.8607 	DATA 	Keypress: c
937.8757 	EXP 	fixation: autoDraw = False
937.8757 	EXP 	line1: autoDraw = False
937.8757 	EXP 	line2: autoDraw = False
937.8757 	EXP 	line3: autoDraw = False
937.8757 	EXP 	line4: autoDraw = False
937.8757 	EXP 	probe: autoDraw = False
937.8895 	EXP 	Device response: <KeyPress from None: t=937.8831800999997, value=x, duration=None>
937.8903 	DATA 	Keypress: x
938.0256 	EXP 	Device response: <KeyPress from None: t=937.8443731000007, value=c, duration=0.16611769999872195>
938.0750 	EXP 	Device response: <KeyPress from None: t=937.8831800999997, value=x, duration=0.1824627000005421>
938.8611 	EXP 	fixation: autoDraw = True
938.8611 	EXP 	line1: autoDraw = True
938.8611 	EXP 	line2: autoDraw = True
938.8611 	EXP 	line3: autoDraw = True
938.8611 	EXP 	line4: autoDraw = True
939.8588 	INFO 	Keyboard events cleared
939.8586 	EXP 	probe: autoDraw = True
939.8752 	EXP 	fixation: autoDraw = False
940.4408 	EXP 	Device response: <KeyPress from None: t=940.4350797000006, value=c, duration=None>
940.4412 	EXP 	New trial (rep=43, index=172): <Trial 172 (172 in rep 43) data={'pos': -150, 'corr_resp': 'z', 'thisN': 172, 'thisTrialN': 172, 'thisRepN': 43}>
940.4422 	DATA 	Keypress: c
940.4571 	EXP 	fixation: autoDraw = False
940.4571 	EXP 	line1: autoDraw = False
940.4571 	EXP 	line2: autoDraw = False
940.4571 	EXP 	line3: autoDraw = False
940.4571 	EXP 	line4: autoDraw = False
940.4571 	EXP 	probe: autoDraw = False
940.7115 	EXP 	Device response: <KeyPress from None: t=940.4350797000006, value=c, duration=0.26145939999878465>
941.4440 	EXP 	fixation: autoDraw = True
941.4440 	EXP 	line1: autoDraw = True
941.4440 	EXP 	line2: autoDraw = True
941.4440 	EXP 	line3: autoDraw = True
941.4440 	EXP 	line4: autoDraw = True
942.4424 	INFO 	Keyboard events cleared
942.4422 	EXP 	probe: autoDraw = True
942.4586 	EXP 	fixation: autoDraw = False
942.9766 	EXP 	Device response: <KeyPress from None: t=942.9602063999992, value=z, duration=None>
942.9770 	EXP 	New trial (rep=38, index=173): <Trial 173 (173 in rep 38) data={'pos': 50, 'corr_resp': 'c', 'thisN': 173, 'thisTrialN': 173, 'thisRepN': 38}>
942.9780 	DATA 	Keypress: z
942.9905 	EXP 	fixation: autoDraw = False
942.9905 	EXP 	line1: autoDraw = False
942.9905 	EXP 	line2: autoDraw = False
942.9905 	EXP 	line3: autoDraw = False
942.9905 	EXP 	line4: autoDraw = False
942.9905 	EXP 	probe: autoDraw = False
943.2097 	EXP 	Device response: <KeyPress from None: t=921.5546706999994, value=z, duration=21.640767400000186>
943.9811 	EXP 	fixation: autoDraw = True
943.9811 	EXP 	line1: autoDraw = True
943.9811 	EXP 	line2: autoDraw = True
943.9811 	EXP 	line3: autoDraw = True
943.9811 	EXP 	line4: autoDraw = True
944.9744 	INFO 	Keyboard events cleared
944.9742 	EXP 	fixation: autoDraw = False
944.9742 	EXP 	probe: autoDraw = True
945.9592 	EXP 	Device response: <KeyPress from None: t=945.9513043999996, value=c, duration=None>
945.9597 	EXP 	New trial (rep=39, index=174): <Trial 174 (174 in rep 39) data={'pos': 50, 'corr_resp': 'c', 'thisN': 174, 'thisTrialN': 174, 'thisRepN': 39}>
945.9610 	DATA 	Keypress: c
945.9747 	EXP 	fixation: autoDraw = False
945.9747 	EXP 	line1: autoDraw = False
945.9747 	EXP 	line2: autoDraw = False
945.9747 	EXP 	line3: autoDraw = False
945.9747 	EXP 	line4: autoDraw = False
945.9747 	EXP 	probe: autoDraw = False
946.1758 	EXP 	Device response: <KeyPress from None: t=945.9513043999996, value=c, duration=0.2133919000007154>
946.9750 	EXP 	fixation: autoDraw = True
946.9750 	EXP 	line1: autoDraw = True
946.9750 	EXP 	line2: autoDraw = True
946.9750 	EXP 	line3: autoDraw = True
946.9750 	EXP 	line4: autoDraw = True
947.9745 	INFO 	Keyboard events cleared
947.9743 	EXP 	fixation: autoDraw = False
947.9743 	EXP 	probe: autoDraw = True
948.5089 	EXP 	Device response: <KeyPress from None: t=948.5049899000005, value=c, duration=None>
948.5094 	EXP 	New trial (rep=44, index=175): <Trial 175 (175 in rep 44) data={'pos': -150, 'corr_resp': 'z', 'thisN': 175, 'thisTrialN': 175, 'thisRepN': 44}>
948.5106 	DATA 	Keypress: c
948.5250 	EXP 	fixation: autoDraw = False
948.5250 	EXP 	line1: autoDraw = False
948.5250 	EXP 	line2: autoDraw = False
948.5250 	EXP 	line3: autoDraw = False
948.5250 	EXP 	line4: autoDraw = False
948.5250 	EXP 	probe: autoDraw = False
948.7097 	EXP 	Device response: <KeyPress from None: t=948.5049899000005, value=c, duration=0.19991619999927934>
949.5079 	EXP 	fixation: autoDraw = True
949.5079 	EXP 	line1: autoDraw = True
949.5079 	EXP 	line2: autoDraw = True
949.5079 	EXP 	line3: autoDraw = True
949.5079 	EXP 	line4: autoDraw = True
950.5096 	INFO 	Keyboard events cleared
950.5094 	EXP 	fixation: autoDraw = False
950.5094 	EXP 	probe: autoDraw = True
951.3256 	EXP 	Device response: <KeyPress from None: t=951.3207691999996, value=z, duration=None>
951.3260 	EXP 	New trial (rep=40, index=176): <Trial 176 (176 in rep 40) data={'pos': 50, 'corr_resp': 'c', 'thisN': 176, 'thisTrialN': 176, 'thisRepN': 40}>
951.3273 	DATA 	Keypress: z
951.3416 	EXP 	fixation: autoDraw = False
951.3416 	EXP 	line1: autoDraw = False
951.3416 	EXP 	line2: autoDraw = False
951.3416 	EXP 	line3: autoDraw = False
951.3416 	EXP 	line4: autoDraw = False
951.3416 	EXP 	probe: autoDraw = False
951.4927 	EXP 	Device response: <KeyPress from None: t=942.9602063999992, value=z, duration=8.525245800001358>
952.3287 	EXP 	fixation: autoDraw = True
952.3287 	EXP 	line1: autoDraw = True
952.3287 	EXP 	line2: autoDraw = True
952.3287 	EXP 	line3: autoDraw = True
952.3287 	EXP 	line4: autoDraw = True
953.3417 	INFO 	Keyboard events cleared
953.3415 	EXP 	fixation: autoDraw = False
953.3415 	EXP 	probe: autoDraw = True
953.8092 	EXP 	Device response: <KeyPress from None: t=953.8056164999998, value=c, duration=None>
953.8096 	EXP 	New trial (rep=46, index=177): <Trial 177 (177 in rep 46) data={'pos': -50, 'corr_resp': 'x', 'thisN': 177, 'thisTrialN': 177, 'thisRepN': 46}>
953.8108 	DATA 	Keypress: c
953.8251 	EXP 	fixation: autoDraw = False
953.8251 	EXP 	line1: autoDraw = False
953.8251 	EXP 	line2: autoDraw = False
953.8251 	EXP 	line3: autoDraw = False
953.8251 	EXP 	line4: autoDraw = False
953.8251 	EXP 	probe: autoDraw = False
954.0088 	EXP 	Device response: <KeyPress from None: t=953.8056164999998, value=c, duration=0.1992444000006799>
954.8084 	EXP 	fixation: autoDraw = True
954.8084 	EXP 	line1: autoDraw = True
954.8084 	EXP 	line2: autoDraw = True
954.8084 	EXP 	line3: autoDraw = True
954.8084 	EXP 	line4: autoDraw = True
955.8087 	EXP 	fixation: autoDraw = False
955.8254 	INFO 	Keyboard events cleared
955.8252 	EXP 	probe: autoDraw = True
956.5755 	EXP 	Device response: <KeyPress from None: t=956.5705914000009, value=x, duration=None>
956.5760 	EXP 	New trial (rep=45, index=178): <Trial 178 (178 in rep 45) data={'pos': -150, 'corr_resp': 'z', 'thisN': 178, 'thisTrialN': 178, 'thisRepN': 45}>
956.5772 	DATA 	Keypress: x
956.5916 	EXP 	fixation: autoDraw = False
956.5916 	EXP 	line1: autoDraw = False
956.5916 	EXP 	line2: autoDraw = False
956.5916 	EXP 	line3: autoDraw = False
956.5916 	EXP 	line4: autoDraw = False
956.5916 	EXP 	probe: autoDraw = False
957.1299 	EXP 	Device response: <KeyPress from None: t=956.5705914000009, value=x, duration=0.558479699999225>
957.5749 	EXP 	fixation: autoDraw = True
957.5749 	EXP 	line1: autoDraw = True
957.5749 	EXP 	line2: autoDraw = True
957.5749 	EXP 	line3: autoDraw = True
957.5749 	EXP 	line4: autoDraw = True
958.5752 	EXP 	fixation: autoDraw = False
958.5920 	INFO 	Keyboard events cleared
958.5918 	EXP 	probe: autoDraw = True
959.2925 	EXP 	Device response: <KeyPress from None: t=959.2790268999997, value=z, duration=None>
959.2929 	EXP 	New trial (rep=41, index=179): <Trial 179 (179 in rep 41) data={'pos': 50, 'corr_resp': 'c', 'thisN': 179, 'thisTrialN': 179, 'thisRepN': 41}>
959.2941 	DATA 	Keypress: z
959.3081 	EXP 	fixation: autoDraw = False
959.3081 	EXP 	line1: autoDraw = False
959.3081 	EXP 	line2: autoDraw = False
959.3081 	EXP 	line3: autoDraw = False
959.3081 	EXP 	line4: autoDraw = False
959.3081 	EXP 	probe: autoDraw = False
959.4298 	EXP 	Device response: <KeyPress from None: t=951.3207691999996, value=z, duration=8.107633700001315>
960.2951 	EXP 	fixation: autoDraw = True
960.2951 	EXP 	line1: autoDraw = True
960.2951 	EXP 	line2: autoDraw = True
960.2951 	EXP 	line3: autoDraw = True
960.2951 	EXP 	line4: autoDraw = True
961.3084 	INFO 	Keyboard events cleared
961.3082 	EXP 	fixation: autoDraw = False
961.3082 	EXP 	probe: autoDraw = True
962.2754 	EXP 	Device response: <KeyPress from None: t=962.2700327000002, value=c, duration=None>
962.2759 	EXP 	New trial (rep=42, index=180): <Trial 180 (180 in rep 42) data={'pos': 50, 'corr_resp': 'c', 'thisN': 180, 'thisTrialN': 180, 'thisRepN': 42}>
962.2771 	DATA 	Keypress: c
962.2900 	EXP 	fixation: autoDraw = False
962.2900 	EXP 	line1: autoDraw = False
962.2900 	EXP 	line2: autoDraw = False
962.2900 	EXP 	line3: autoDraw = False
962.2900 	EXP 	line4: autoDraw = False
962.2900 	EXP 	probe: autoDraw = False
962.4588 	EXP 	Device response: <KeyPress from None: t=962.2700327000002, value=c, duration=0.1830088999995496>
963.2785 	EXP 	fixation: autoDraw = True
963.2785 	EXP 	line1: autoDraw = True
963.2785 	EXP 	line2: autoDraw = True
963.2785 	EXP 	line3: autoDraw = True
963.2785 	EXP 	line4: autoDraw = True
964.2749 	INFO 	Keyboard events cleared
964.2747 	EXP 	probe: autoDraw = True
964.2919 	EXP 	fixation: autoDraw = False
964.6910 	EXP 	Device response: <KeyPress from None: t=964.6862213000004, value=c, duration=None>
964.6914 	EXP 	New trial (rep=46, index=181): <Trial 181 (181 in rep 46) data={'pos': -150, 'corr_resp': 'z', 'thisN': 181, 'thisTrialN': 181, 'thisRepN': 46}>
964.6928 	DATA 	Keypress: c
964.7083 	EXP 	fixation: autoDraw = False
964.7083 	EXP 	line1: autoDraw = False
964.7083 	EXP 	line2: autoDraw = False
964.7083 	EXP 	line3: autoDraw = False
964.7083 	EXP 	line4: autoDraw = False
964.7083 	EXP 	probe: autoDraw = False
964.8758 	EXP 	Device response: <KeyPress from None: t=964.6862213000004, value=c, duration=0.1861415000003035>
965.6914 	EXP 	fixation: autoDraw = True
965.6914 	EXP 	line1: autoDraw = True
965.6914 	EXP 	line2: autoDraw = True
965.6914 	EXP 	line3: autoDraw = True
965.6914 	EXP 	line4: autoDraw = True
966.6954 	INFO 	Keyboard events cleared
966.6951 	EXP 	fixation: autoDraw = False
966.6951 	EXP 	probe: autoDraw = True
967.1962 	EXP 	Device response: <KeyPress from None: t=967.1946509000009, value=z, duration=None>
967.1969 	EXP 	New trial (rep=47, index=182): <Trial 182 (182 in rep 47) data={'pos': -150, 'corr_resp': 'z', 'thisN': 182, 'thisTrialN': 182, 'thisRepN': 47}>
967.1995 	DATA 	Keypress: z
967.2112 	EXP 	fixation: autoDraw = False
967.2112 	EXP 	line1: autoDraw = False
967.2112 	EXP 	line2: autoDraw = False
967.2112 	EXP 	line3: autoDraw = False
967.2112 	EXP 	line4: autoDraw = False
967.2112 	EXP 	probe: autoDraw = False
967.3957 	EXP 	Device response: <KeyPress from None: t=959.2790268999997, value=z, duration=8.108345599999666>
968.2116 	EXP 	fixation: autoDraw = True
968.2116 	EXP 	line1: autoDraw = True
968.2116 	EXP 	line2: autoDraw = True
968.2116 	EXP 	line3: autoDraw = True
968.2116 	EXP 	line4: autoDraw = True
969.2080 	INFO 	Keyboard events cleared
969.2078 	EXP 	probe: autoDraw = True
969.2247 	EXP 	fixation: autoDraw = False
969.5923 	EXP 	Device response: <KeyPress from None: t=969.5892475, value=x, duration=None>
969.5928 	EXP 	New trial (rep=43, index=183): <Trial 183 (183 in rep 43) data={'pos': 50, 'corr_resp': 'c', 'thisN': 183, 'thisTrialN': 183, 'thisRepN': 43}>
969.5940 	DATA 	Keypress: x
969.6073 	EXP 	fixation: autoDraw = False
969.6073 	EXP 	line1: autoDraw = False
969.6073 	EXP 	line2: autoDraw = False
969.6073 	EXP 	line3: autoDraw = False
969.6073 	EXP 	line4: autoDraw = False
969.6073 	EXP 	probe: autoDraw = False
969.7918 	EXP 	Device response: <KeyPress from None: t=969.5892475, value=x, duration=0.19269419999909587>
970.6081 	EXP 	fixation: autoDraw = True
970.6081 	EXP 	line1: autoDraw = True
970.6081 	EXP 	line2: autoDraw = True
970.6081 	EXP 	line3: autoDraw = True
970.6081 	EXP 	line4: autoDraw = True
971.5966 	INFO 	Keyboard events cleared
971.5965 	EXP 	probe: autoDraw = True
971.6109 	EXP 	fixation: autoDraw = False
972.4588 	EXP 	Device response: <KeyPress from None: t=972.4454158999997, value=c, duration=None>
972.4592 	EXP 	New trial (rep=48, index=184): <Trial 184 (184 in rep 48) data={'pos': -150, 'corr_resp': 'z', 'thisN': 184, 'thisTrialN': 184, 'thisRepN': 48}>
972.4606 	DATA 	Keypress: c
972.4748 	EXP 	fixation: autoDraw = False
972.4748 	EXP 	line1: autoDraw = False
972.4748 	EXP 	line2: autoDraw = False
972.4748 	EXP 	line3: autoDraw = False
972.4748 	EXP 	line4: autoDraw = False
972.4748 	EXP 	probe: autoDraw = False
972.6586 	EXP 	Device response: <KeyPress from None: t=972.4454158999997, value=c, duration=0.19761010000001988>
973.4669 	EXP 	fixation: autoDraw = True
973.4669 	EXP 	line1: autoDraw = True
973.4669 	EXP 	line2: autoDraw = True
973.4669 	EXP 	line3: autoDraw = True
973.4669 	EXP 	line4: autoDraw = True
974.4667 	INFO 	Keyboard events cleared
974.4665 	EXP 	fixation: autoDraw = False
974.4665 	EXP 	probe: autoDraw = True
975.0666 	EXP 	Device response: <KeyPress from None: t=975.0552423000008, value=z, duration=None>
975.0670 	EXP 	New trial (rep=44, index=185): <Trial 185 (185 in rep 44) data={'pos': 50, 'corr_resp': 'c', 'thisN': 185, 'thisTrialN': 185, 'thisRepN': 44}>
975.0682 	DATA 	Keypress: z
975.0814 	EXP 	fixation: autoDraw = False
975.0814 	EXP 	line1: autoDraw = False
975.0814 	EXP 	line2: autoDraw = False
975.0814 	EXP 	line3: autoDraw = False
975.0814 	EXP 	line4: autoDraw = False
975.0814 	EXP 	probe: autoDraw = False
975.2335 	EXP 	Device response: <KeyPress from None: t=967.1946509000009, value=z, duration=8.029706100000112>
976.0666 	EXP 	fixation: autoDraw = True
976.0666 	EXP 	line1: autoDraw = True
976.0666 	EXP 	line2: autoDraw = True
976.0666 	EXP 	line3: autoDraw = True
976.0666 	EXP 	line4: autoDraw = True
977.0668 	INFO 	Keyboard events cleared
977.0666 	EXP 	fixation: autoDraw = False
977.0666 	EXP 	probe: autoDraw = True
977.7204 	EXP 	Device response: <KeyPress from None: t=977.7128056000001, value=c, duration=None>
977.7211 	EXP 	New trial (rep=45, index=186): <Trial 186 (186 in rep 45) data={'pos': 150, 'corr_resp': 'v', 'thisN': 186, 'thisTrialN': 186, 'thisRepN': 45}>
977.7236 	DATA 	Keypress: c
977.7328 	EXP 	fixation: autoDraw = False
977.7328 	EXP 	line1: autoDraw = False
977.7328 	EXP 	line2: autoDraw = False
977.7328 	EXP 	line3: autoDraw = False
977.7328 	EXP 	line4: autoDraw = False
977.7328 	EXP 	probe: autoDraw = False
977.8869 	EXP 	Device response: <KeyPress from None: t=977.7128056000001, value=c, duration=0.16718109999965236>
978.7363 	EXP 	fixation: autoDraw = True
978.7363 	EXP 	line1: autoDraw = True
978.7363 	EXP 	line2: autoDraw = True
978.7363 	EXP 	line3: autoDraw = True
978.7363 	EXP 	line4: autoDraw = True
979.7360 	INFO 	Keyboard events cleared
979.7357 	EXP 	fixation: autoDraw = False
979.7357 	EXP 	probe: autoDraw = True
980.3331 	EXP 	Device response: <KeyPress from None: t=980.3290481000004, value=v, duration=None>
980.3335 	EXP 	New trial (rep=46, index=187): <Trial 187 (187 in rep 46) data={'pos': 150, 'corr_resp': 'v', 'thisN': 187, 'thisTrialN': 187, 'thisRepN': 46}>
980.3347 	DATA 	Keypress: v
980.3493 	EXP 	fixation: autoDraw = False
980.3493 	EXP 	line1: autoDraw = False
980.3493 	EXP 	line2: autoDraw = False
980.3493 	EXP 	line3: autoDraw = False
980.3493 	EXP 	line4: autoDraw = False
980.3493 	EXP 	probe: autoDraw = False
980.5335 	EXP 	Device response: <KeyPress from None: t=980.3290481000004, value=v, duration=0.20217109999975946>
981.3330 	EXP 	fixation: autoDraw = True
981.3330 	EXP 	line1: autoDraw = True
981.3330 	EXP 	line2: autoDraw = True
981.3330 	EXP 	line3: autoDraw = True
981.3330 	EXP 	line4: autoDraw = True
982.3328 	INFO 	Keyboard events cleared
982.3326 	EXP 	fixation: autoDraw = False
982.3326 	EXP 	probe: autoDraw = True
983.0333 	EXP 	Device response: <KeyPress from None: t=983.0249948000001, value=v, duration=None>
983.0337 	EXP 	New trial (rep=45, index=188): <Trial 188 (188 in rep 45) data={'pos': 50, 'corr_resp': 'c', 'thisN': 188, 'thisTrialN': 188, 'thisRepN': 45}>
983.0350 	DATA 	Keypress: v
983.0501 	EXP 	fixation: autoDraw = False
983.0501 	EXP 	line1: autoDraw = False
983.0501 	EXP 	line2: autoDraw = False
983.0501 	EXP 	line3: autoDraw = False
983.0501 	EXP 	line4: autoDraw = False
983.0501 	EXP 	probe: autoDraw = False
983.2167 	EXP 	Device response: <KeyPress from None: t=983.0249948000001, value=v, duration=0.18456619999960822>
984.0365 	EXP 	fixation: autoDraw = True
984.0365 	EXP 	line1: autoDraw = True
984.0365 	EXP 	line2: autoDraw = True
984.0365 	EXP 	line3: autoDraw = True
984.0365 	EXP 	line4: autoDraw = True
985.0364 	INFO 	Keyboard events cleared
985.0361 	EXP 	probe: autoDraw = True
985.0535 	EXP 	fixation: autoDraw = False
985.6839 	EXP 	Device response: <KeyPress from None: t=985.6710057, value=c, duration=None>
985.6843 	EXP 	New trial (rep=47, index=189): <Trial 189 (189 in rep 47) data={'pos': -50, 'corr_resp': 'x', 'thisN': 189, 'thisTrialN': 189, 'thisRepN': 47}>
985.6857 	DATA 	Keypress: c
985.7001 	EXP 	fixation: autoDraw = False
985.7001 	EXP 	line1: autoDraw = False
985.7001 	EXP 	line2: autoDraw = False
985.7001 	EXP 	line3: autoDraw = False
985.7001 	EXP 	line4: autoDraw = False
985.7001 	EXP 	probe: autoDraw = False
985.8505 	EXP 	Device response: <KeyPress from None: t=985.6710057, value=c, duration=0.16949310000018158>
986.6968 	EXP 	fixation: autoDraw = True
986.6968 	EXP 	line1: autoDraw = True
986.6968 	EXP 	line2: autoDraw = True
986.6968 	EXP 	line3: autoDraw = True
986.6968 	EXP 	line4: autoDraw = True
987.6995 	INFO 	Keyboard events cleared
987.6993 	EXP 	fixation: autoDraw = False
987.6993 	EXP 	probe: autoDraw = True
988.7316 	EXP 	Device response: <KeyPress from None: t=988.7242047, value=x, duration=None>
988.7321 	EXP 	New trial (rep=47, index=190): <Trial 190 (190 in rep 47) data={'pos': 150, 'corr_resp': 'v', 'thisN': 190, 'thisTrialN': 190, 'thisRepN': 47}>
988.7334 	DATA 	Keypress: x
988.7496 	EXP 	fixation: autoDraw = False
988.7496 	EXP 	line1: autoDraw = False
988.7496 	EXP 	line2: autoDraw = False
988.7496 	EXP 	line3: autoDraw = False
988.7496 	EXP 	line4: autoDraw = False
988.7496 	EXP 	probe: autoDraw = False
988.8824 	EXP 	Device response: <KeyPress from None: t=988.7242047, value=x, duration=0.1558117000004131>
989.7357 	EXP 	fixation: autoDraw = True
989.7357 	EXP 	line1: autoDraw = True
989.7357 	EXP 	line2: autoDraw = True
989.7357 	EXP 	line3: autoDraw = True
989.7357 	EXP 	line4: autoDraw = True
990.7330 	INFO 	Keyboard events cleared
990.7328 	EXP 	probe: autoDraw = True
990.7492 	EXP 	fixation: autoDraw = False
991.3330 	EXP 	Device response: <KeyPress from None: t=991.3278427999994, value=v, duration=None>
991.3334 	EXP 	New trial (rep=48, index=191): <Trial 191 (191 in rep 48) data={'pos': -50, 'corr_resp': 'x', 'thisN': 191, 'thisTrialN': 191, 'thisRepN': 48}>
991.3346 	DATA 	Keypress: v
991.3499 	EXP 	fixation: autoDraw = False
991.3499 	EXP 	line1: autoDraw = False
991.3499 	EXP 	line2: autoDraw = False
991.3499 	EXP 	line3: autoDraw = False
991.3499 	EXP 	line4: autoDraw = False
991.3499 	EXP 	probe: autoDraw = False
991.5167 	EXP 	Device response: <KeyPress from None: t=991.3278427999994, value=v, duration=0.17286480000075244>
992.3352 	EXP 	fixation: autoDraw = True
992.3352 	EXP 	line1: autoDraw = True
992.3352 	EXP 	line2: autoDraw = True
992.3352 	EXP 	line3: autoDraw = True
992.3352 	EXP 	line4: autoDraw = True
993.3325 	INFO 	Keyboard events cleared
993.3323 	EXP 	probe: autoDraw = True
993.3491 	EXP 	fixation: autoDraw = False
993.9904 	DATA 	Keypress: x
994.0027 	EXP 	Device response: <KeyPress from None: t=993.9891793000006, value=x, duration=None>
994.0033 	EXP 	New trial (rep=46, index=192): <Trial 192 (192 in rep 46) data={'pos': 50, 'corr_resp': 'c', 'thisN': 192, 'thisTrialN': 192, 'thisRepN': 46}>
994.0189 	EXP 	fixation: autoDraw = False
994.0189 	EXP 	line1: autoDraw = False
994.0189 	EXP 	line2: autoDraw = False
994.0189 	EXP 	line3: autoDraw = False
994.0189 	EXP 	line4: autoDraw = False
994.0189 	EXP 	probe: autoDraw = False
994.1832 	EXP 	Device response: <KeyPress from None: t=993.9891793000006, value=x, duration=0.18968829999903392>
995.0164 	EXP 	fixation: autoDraw = True
995.0164 	EXP 	line1: autoDraw = True
995.0164 	EXP 	line2: autoDraw = True
995.0164 	EXP 	line3: autoDraw = True
995.0164 	EXP 	line4: autoDraw = True
996.0161 	INFO 	Keyboard events cleared
996.0159 	EXP 	fixation: autoDraw = False
996.0159 	EXP 	probe: autoDraw = True
996.6666 	EXP 	Device response: <KeyPress from None: t=996.6558528000005, value=c, duration=None>
996.6670 	EXP 	New trial (rep=47, index=193): <Trial 193 (193 in rep 47) data={'pos': 50, 'corr_resp': 'c', 'thisN': 193, 'thisTrialN': 193, 'thisRepN': 47}>
996.6683 	DATA 	Keypress: c
996.6838 	EXP 	fixation: autoDraw = False
996.6838 	EXP 	line1: autoDraw = False
996.6838 	EXP 	line2: autoDraw = False
996.6838 	EXP 	line3: autoDraw = False
996.6838 	EXP 	line4: autoDraw = False
996.6838 	EXP 	probe: autoDraw = False
996.8335 	EXP 	Device response: <KeyPress from None: t=996.6558528000005, value=c, duration=0.17486230000031355>
997.6660 	EXP 	fixation: autoDraw = True
997.6660 	EXP 	line1: autoDraw = True
997.6660 	EXP 	line2: autoDraw = True
997.6660 	EXP 	line3: autoDraw = True
997.6660 	EXP 	line4: autoDraw = True
998.6663 	INFO 	Keyboard events cleared
998.6661 	EXP 	fixation: autoDraw = False
998.6661 	EXP 	probe: autoDraw = True
999.3243 	DATA 	Keypress: c
999.3376 	EXP 	Device response: <KeyPress from None: t=999.3209951999997, value=c, duration=None>
999.3383 	EXP 	New trial (rep=48, index=194): <Trial 194 (194 in rep 48) data={'pos': 150, 'corr_resp': 'v', 'thisN': 194, 'thisTrialN': 194, 'thisRepN': 48}>
999.3525 	EXP 	fixation: autoDraw = False
999.3525 	EXP 	line1: autoDraw = False
999.3525 	EXP 	line2: autoDraw = False
999.3525 	EXP 	line3: autoDraw = False
999.3525 	EXP 	line4: autoDraw = False
999.3525 	EXP 	probe: autoDraw = False
999.4863 	EXP 	Device response: <KeyPress from None: t=999.3209951999997, value=c, duration=0.164167400000224>
1000.3501 	EXP 	fixation: autoDraw = True
1000.3501 	EXP 	line1: autoDraw = True
1000.3501 	EXP 	line2: autoDraw = True
1000.3501 	EXP 	line3: autoDraw = True
1000.3501 	EXP 	line4: autoDraw = True
1001.3501 	INFO 	Keyboard events cleared
1001.3499 	EXP 	fixation: autoDraw = False
1001.3499 	EXP 	probe: autoDraw = True
1002.2147 	EXP 	Device response: <KeyPress from None: t=1002.2045151999992, value=v, duration=None>
1002.2151 	EXP 	New trial (rep=49, index=195): <Trial 195 (195 in rep 49) data={'pos': -150, 'corr_resp': 'z', 'thisN': 195, 'thisTrialN': 195, 'thisRepN': 49}>
1002.2164 	DATA 	Keypress: v
1002.2316 	EXP 	fixation: autoDraw = False
1002.2316 	EXP 	line1: autoDraw = False
1002.2316 	EXP 	line2: autoDraw = False
1002.2316 	EXP 	line3: autoDraw = False
1002.2316 	EXP 	line4: autoDraw = False
1002.2316 	EXP 	probe: autoDraw = False
1002.4138 	EXP 	Device response: <KeyPress from None: t=1002.2045151999992, value=v, duration=0.20609720000175002>
1003.2162 	EXP 	fixation: autoDraw = True
1003.2162 	EXP 	line1: autoDraw = True
1003.2162 	EXP 	line2: autoDraw = True
1003.2162 	EXP 	line3: autoDraw = True
1003.2162 	EXP 	line4: autoDraw = True
1004.2158 	INFO 	Keyboard events cleared
1004.2156 	EXP 	fixation: autoDraw = False
1004.2156 	EXP 	probe: autoDraw = True
1005.1193 	DATA 	Keypress: z
1005.1339 	EXP 	Device response: <KeyPress from None: t=1005.1183853000002, value=z, duration=None>
1005.1344 	EXP 	New trial (rep=48, index=196): <Trial 196 (196 in rep 48) data={'pos': 50, 'corr_resp': 'c', 'thisN': 196, 'thisTrialN': 196, 'thisRepN': 48}>
1005.1496 	EXP 	fixation: autoDraw = False
1005.1496 	EXP 	line1: autoDraw = False
1005.1496 	EXP 	line2: autoDraw = False
1005.1496 	EXP 	line3: autoDraw = False
1005.1496 	EXP 	line4: autoDraw = False
1005.1496 	EXP 	probe: autoDraw = False
1005.3665 	EXP 	Device response: <KeyPress from None: t=975.0552423000008, value=z, duration=30.30861449999975>
1006.1501 	EXP 	fixation: autoDraw = True
1006.1501 	EXP 	line1: autoDraw = True
1006.1501 	EXP 	line2: autoDraw = True
1006.1501 	EXP 	line3: autoDraw = True
1006.1501 	EXP 	line4: autoDraw = True
1007.1496 	INFO 	Keyboard events cleared
1007.1494 	EXP 	fixation: autoDraw = False
1007.1494 	EXP 	probe: autoDraw = True
1007.9330 	EXP 	Device response: <KeyPress from None: t=1007.9183260000009, value=c, duration=None>
1007.9334 	EXP 	New trial (rep=49, index=197): <Trial 197 (197 in rep 49) data={'pos': -50, 'corr_resp': 'x', 'thisN': 197, 'thisTrialN': 197, 'thisRepN': 49}>
1007.9349 	DATA 	Keypress: c
1007.9477 	EXP 	fixation: autoDraw = False
1007.9477 	EXP 	line1: autoDraw = False
1007.9477 	EXP 	line2: autoDraw = False
1007.9477 	EXP 	line3: autoDraw = False
1007.9477 	EXP 	line4: autoDraw = False
1007.9477 	EXP 	probe: autoDraw = False
1008.0673 	EXP 	Device response: <KeyPress from None: t=1007.9183260000009, value=c, duration=0.1455735999988974>
1008.9363 	EXP 	fixation: autoDraw = True
1008.9363 	EXP 	line1: autoDraw = True
1008.9363 	EXP 	line2: autoDraw = True
1008.9363 	EXP 	line3: autoDraw = True
1008.9363 	EXP 	line4: autoDraw = True
1009.9327 	INFO 	Keyboard events cleared
1009.9325 	EXP 	probe: autoDraw = True
1009.9492 	EXP 	fixation: autoDraw = False
1010.5668 	EXP 	Device response: <KeyPress from None: t=1010.5635194000006, value=x, duration=None>
1010.5673 	EXP 	New trial (rep=49, index=198): <Trial 198 (198 in rep 49) data={'pos': 50, 'corr_resp': 'c', 'thisN': 198, 'thisTrialN': 198, 'thisRepN': 49}>
1010.5685 	DATA 	Keypress: x
1010.5825 	EXP 	fixation: autoDraw = False
1010.5825 	EXP 	line1: autoDraw = False
1010.5825 	EXP 	line2: autoDraw = False
1010.5825 	EXP 	line3: autoDraw = False
1010.5825 	EXP 	line4: autoDraw = False
1010.5825 	EXP 	probe: autoDraw = False
1010.8160 	EXP 	Device response: <KeyPress from None: t=1010.5635194000006, value=x, duration=0.24746020000020508>
1011.5661 	EXP 	fixation: autoDraw = True
1011.5661 	EXP 	line1: autoDraw = True
1011.5661 	EXP 	line2: autoDraw = True
1011.5661 	EXP 	line3: autoDraw = True
1011.5661 	EXP 	line4: autoDraw = True
1012.5661 	EXP 	fixation: autoDraw = False
1012.5826 	INFO 	Keyboard events cleared
1012.5824 	EXP 	probe: autoDraw = True
1013.1807 	EXP 	Device response: <KeyPress from None: t=1013.1743655999999, value=c, duration=None>
1013.1811 	EXP 	New trial (rep=49, index=199): <Trial 199 (199 in rep 49) data={'pos': 150, 'corr_resp': 'v', 'thisN': 199, 'thisTrialN': 199, 'thisRepN': 49}>
1013.1824 	DATA 	Keypress: c
1013.1991 	EXP 	fixation: autoDraw = False
1013.1991 	EXP 	line1: autoDraw = False
1013.1991 	EXP 	line2: autoDraw = False
1013.1991 	EXP 	line3: autoDraw = False
1013.1991 	EXP 	line4: autoDraw = False
1013.1991 	EXP 	probe: autoDraw = False
1013.3496 	EXP 	Device response: <KeyPress from None: t=1013.1743655999999, value=c, duration=0.16988640000090527>
1014.1828 	EXP 	fixation: autoDraw = True
1014.1828 	EXP 	line1: autoDraw = True
1014.1828 	EXP 	line2: autoDraw = True
1014.1828 	EXP 	line3: autoDraw = True
1014.1828 	EXP 	line4: autoDraw = True
1015.1825 	INFO 	Keyboard events cleared
1015.1823 	EXP 	fixation: autoDraw = False
1015.1823 	EXP 	probe: autoDraw = True
1015.7036 	EXP 	Device response: <KeyPress from None: t=1015.7026633999994, value=v, duration=None>
1015.7062 	DATA 	Keypress: v
1015.7185 	EXP 	fixation: autoDraw = False
1015.7185 	EXP 	line1: autoDraw = False
1015.7185 	EXP 	line2: autoDraw = False
1015.7185 	EXP 	line3: autoDraw = False
1015.7185 	EXP 	line4: autoDraw = False
1015.7185 	EXP 	probe: autoDraw = False
1015.7190 	EXP 	Motor Sequence Learning Bhumika Bajaj AU2320057: status = STOPPED
1015.9227 	INFO 	saved data to 'C:\\Users\\bhumika\\data\\Participant 1 _Motor Sequence Learning Bhumika Bajaj AU2320057_2025-10-02_15h24.18.561.csv'
1015.9267 	INFO 	saved data to C:\Users\bhumika\data\Participant 1 _Motor Sequence Learning Bhumika Bajaj AU2320057_2025-10-02_15h24.18.561.psydat
1016.3195 	WARNING 	Stopping key buffers but this could be dangerous ifother keyboards rely on the same.
1016.4062 	WARNING 	Stopping key buffers but this could be dangerous ifother keyboards rely on the same.
