pos,corr_resp,thisN,thisTrialN,thisRepN,key_resp.keys,key_resp.corr,key_resp.rt,key_resp.duration,trials.thisRepN,trials.thisTrialN,trials.thisN,trials.thisIndex,trials_2.thisRepN,trials_2.thisTrialN,trials_2.thisN,trials_2.thisIndex,thisRow.t,notes,trial.started,fixation.started,line1.started,line2.started,line3.started,line4.started,fixation.stopped,probe.started,key_resp.started,trial.stopped,trials.key_resp.keys,trials.key_resp.corr,trials.key_resp.rt,trials.key_resp.duration,trials_2.key_resp.keys,trials_2.key_resp.corr,trials_2.key_resp.rt,trials_2.key_resp.duration,participant,session,date,expName,expVersion,psychopyVersion,frameRate,expStart,
-50,x,0,0,0,c,0,0.8905919999961043,None,0,0,0,0,,,,,0.03599079999548849,,0.027237499991315417,1.0038772999978391,1.0038772999978391,1.0038772999978391,1.0038772999978391,1.0038772999978391,2.0043832999945153,2.0043832999945153,2.0043832999945153,2.9237945999921067,c,0,0.8905919999961043,None,,,,,Participant 4 ,001,2025-10-03_16h15.22.590,Motor Sequence Learning Bhumika Bajaj AU2320057,,2025.1.1,59.95027724006131,2025-10-03 16h15.37.786963 +0530,
150,v,1,1,0,v,1,0.7113132000085898,None,0,1,1,1,,,,,2.934609799995087,,2.92421430000104,3.93706869999005,3.93706869999005,3.93706869999005,3.93706869999005,3.93706869999005,4.937791099990136,4.937791099990136,4.937791099990136,5.655157899993355,v,1,0.7113132000085898,None,,,,,Participant 4 ,001,2025-10-03_16h15.22.590,Motor Sequence Learning Bhumika Bajaj AU2320057,,2025.1.1,59.95027724006131,2025-10-03 16h15.37.786963 +0530,
50,c,2,2,0,c,1,0.47762609999335837,None,0,2,2,2,,,,,5.672340599994641,,5.655712499996298,6.654052999991109,6.654052999991109,6.654052999991109,6.654052999991109,6.654052999991109,7.655015399999684,7.655015399999684,7.655015399999684,8.1369982999895,c,1,0.47762609999335837,None,,,,,Participant 4 ,001,2025-10-03_16h15.22.590,Motor Sequence Learning Bhumika Bajaj AU2320057,,2025.1.1,59.95027724006131,2025-10-03 16h15.37.786963 +0530,
-150,z,3,3,0,z,1,0.2767094999871915,None,0,3,3,3,,,,,8.153362500001094,,8.137490299995989,9.138381500000833,9.138381500000833,9.138381500000833,9.138381500000833,9.138381500000833,10.136936099996092,10.136936099996092,10.136936099996092,10.42187729998841,z,1,0.2767094999871915,None,,,,,Participant 4 ,001,2025-10-03_16h15.22.590,Motor Sequence Learning Bhumika Bajaj AU2320057,,2025.1.1,59.95027724006131,2025-10-03 16h15.37.786963 +0530,
-50,x,4,0,1,x,1,0.23019139999814797,None,1,0,4,0,,,,,10.438373899989529,,10.422383999990416,11.421574299994973,11.421574299994973,11.421574299994973,11.421574299994973,11.421574299994973,12.42050899998867,12.42050899998867,12.42050899998867,12.655007599998498,x,1,0.23019139999814797,None,,,,,Participant 4 ,001,2025-10-03_16h15.22.590,Motor Sequence Learning Bhumika Bajaj AU2320057,,2025.1.1,59.95027724006131,2025-10-03 16h15.37.786963 +0530,
150,v,5,1,1,c,0,0.40479030000278726,None,1,1,5,1,,,,,12.670397900001262,,12.655533899989678,13.670681199990213,13.670681199990213,13.670681199990213,13.670681199990213,13.670681199990213,14.671958699997049,14.654302399998414,14.654302399998414,15.075421999994433,c,0,0.40479030000278726,None,,,,,Participant 4 ,001,2025-10-03_16h15.22.590,Motor Sequence Learning Bhumika Bajaj AU2320057,,2025.1.1,59.95027724006131,2025-10-03 16h15.37.786963 +0530,
50,c,6,2,1,c,1,0.5071885000070324,None,1,2,6,2,,,,,15.090820099998382,,15.07634379999945,16.08741480000026,16.08741480000026,16.08741480000026,16.08741480000026,16.08741480000026,17.08748459999333,17.08748459999333,17.08748459999333,17.605726299996604,c,1,0.5071885000070324,None,,,,,Participant 4 ,001,2025-10-03_16h15.22.590,Motor Sequence Learning Bhumika Bajaj AU2320057,,2025.1.1,59.95027724006131,2025-10-03 16h15.37.786963 +0530,
-150,z,7,3,1,z,1,0.50872860000527,None,1,3,7,3,,,,,17.619391000000178,,17.606303099993966,18.62125399999786,18.62125399999786,18.62125399999786,18.62125399999786,18.62125399999786,19.637529399988125,19.620157899989863,19.620157899989863,20.13859109999612,z,1,0.50872860000527,None,,,,,Participant 4 ,001,2025-10-03_16h15.22.590,Motor Sequence Learning Bhumika Bajaj AU2320057,,2025.1.1,59.95027724006131,2025-10-03 16h15.37.786963 +0530,
-50,x,8,0,2,c,0,0.29006279999157414,None,2,0,8,0,,,,,20.154350899989367,,20.13912919998984,21.152112700001453,21.152112700001453,21.152112700001453,21.152112700001453,21.152112700001453,22.15368399998988,22.13741250000021,22.13741250000021,22.437920500000473,c,0,0.29006279999157414,None,,,,,Participant 4 ,001,2025-10-03_16h15.22.590,Motor Sequence Learning Bhumika Bajaj AU2320057,,2025.1.1,59.95027724006131,2025-10-03 16h15.37.786963 +0530,
150,v,9,1,2,v,1,0.287699699998484,None,2,1,9,1,,,,,22.454085199991823,,22.438434299998335,23.437114999993355,23.437114999993355,23.437114999993355,23.437114999993355,23.437114999993355,24.437511500000255,24.437511500000255,24.437511500000255,24.73814649999258,v,1,0.287699699998484,None,,,,,Participant 4 ,001,2025-10-03_16h15.22.590,Motor Sequence Learning Bhumika Bajaj AU2320057,,2025.1.1,59.95027724006131,2025-10-03 16h15.37.786963 +0530,
50,c,10,2,2,c,1,0.29472659999737516,None,2,2,10,2,,,,,24.75236299999233,,24.738664899996365,25.736840999990818,25.736840999990818,25.736840999990818,25.736840999990818,25.736840999990818,26.737661199993454,26.737661199993454,26.737661199993454,27.03744149999693,c,1,0.29472659999737516,None,,,,,Participant 4 ,001,2025-10-03_16h15.22.590,Motor Sequence Learning Bhumika Bajaj AU2320057,,2025.1.1,59.95027724006131,2025-10-03 16h15.37.786963 +0530,
-150,z,11,3,2,z,1,0.3108072000031825,None,2,3,11,3,,,,,27.05442200000107,,27.038000599990482,28.035346499993466,28.035346499993466,28.035346499993466,28.035346499993466,28.035346499993466,29.03803899999184,29.03803899999184,29.03803899999184,29.35434059999534,z,1,0.3108072000031825,None,,,,,Participant 4 ,001,2025-10-03_16h15.22.590,Motor Sequence Learning Bhumika Bajaj AU2320057,,2025.1.1,59.95027724006131,2025-10-03 16h15.37.786963 +0530,
-50,x,12,0,3,x,1,0.2796639000007417,None,3,0,12,0,,,,,29.371932499998366,,29.354921999998624,30.354329299996607,30.354329299996607,30.354329299996607,30.354329299996607,30.354329299996607,31.35522630000196,31.35522630000196,31.35522630000196,31.637828599996283,x,1,0.2796639000007417,None,,,,,Participant 4 ,001,2025-10-03_16h15.22.590,Motor Sequence Learning Bhumika Bajaj AU2320057,,2025.1.1,59.95027724006131,2025-10-03 16h15.37.786963 +0530,
150,v,13,1,3,v,1,0.34480940000503324,None,3,1,13,1,,,,,31.65415760000178,,31.638355899995076,32.63728289998835,32.63728289998835,32.63728289998835,32.63728289998835,32.63728289998835,33.63785189999908,33.63785189999908,33.63785189999908,33.98766089999117,v,1,0.34480940000503324,None,,,,,Participant 4 ,001,2025-10-03_16h15.22.590,Motor Sequence Learning Bhumika Bajaj AU2320057,,2025.1.1,59.95027724006131,2025-10-03 16h15.37.786963 +0530,
50,c,14,2,3,c,1,0.2508388999995077,None,3,2,14,2,,,,,34.00384979999217,,33.98824500000046,34.987546399992425,34.987546399992425,34.987546399992425,34.987546399992425,34.987546399992425,35.98616519999632,35.98616519999632,35.98616519999632,36.25355329999002,c,1,0.2508388999995077,None,,,,,Participant 4 ,001,2025-10-03_16h15.22.590,Motor Sequence Learning Bhumika Bajaj AU2320057,,2025.1.1,59.95027724006131,2025-10-03 16h15.37.786963 +0530,
-150,z,15,3,3,z,1,0.28241060000436846,None,3,3,15,3,,,,,36.26963299998897,,36.25418959998933,37.26838919999136,37.26838919999136,37.26838919999136,37.26838919999136,37.26838919999136,38.26964009999938,38.26964009999938,38.26964009999938,38.555022299988195,z,1,0.28241060000436846,None,,,,,Participant 4 ,001,2025-10-03_16h15.22.590,Motor Sequence Learning Bhumika Bajaj AU2320057,,2025.1.1,59.95027724006131,2025-10-03 16h15.37.786963 +0530,
-50,x,16,0,4,x,1,0.35639159999846015,None,4,0,16,0,,,,,38.56985139999597,,38.555534400002216,39.568594700001995,39.568594700001995,39.568594700001995,39.568594700001995,39.568594700001995,40.569974099998944,40.569974099998944,40.569974099998944,40.9359958999994,x,1,0.35639159999846015,None,,,,,Participant 4 ,001,2025-10-03_16h15.22.590,Motor Sequence Learning Bhumika Bajaj AU2320057,,2025.1.1,59.95027724006131,2025-10-03 16h15.37.786963 +0530,
150,v,17,1,4,v,1,0.41491570000653155,None,4,1,17,1,,,,,40.95320459999493,,40.93655709999439,41.95187740000256,41.95187740000256,41.95187740000256,41.95187740000256,41.95187740000256,42.95202430000063,42.93575829999463,42.93575829999463,43.353072799989604,v,1,0.41491570000653155,None,,,,,Participant 4 ,001,2025-10-03_16h15.22.590,Motor Sequence Learning Bhumika Bajaj AU2320057,,2025.1.1,59.95027724006131,2025-10-03 16h15.37.786963 +0530,
50,c,18,2,4,c,1,0.3162016999995103,None,4,2,18,2,,,,,43.37010649999138,,43.353596100001596,44.35259660000156,44.35259660000156,44.35259660000156,44.35259660000156,44.35259660000156,45.3531057999935,45.3531057999935,45.3531057999935,45.66997259999334,c,1,0.3162016999995103,None,,,,,Participant 4 ,001,2025-10-03_16h15.22.590,Motor Sequence Learning Bhumika Bajaj AU2320057,,2025.1.1,59.95027724006131,2025-10-03 16h15.37.786963 +0530,
-150,z,19,3,4,z,1,0.6765726000012364,None,4,3,19,3,,,,,45.686900699991384,,45.67055409999739,46.669636899998295,46.669636899998295,46.669636899998295,46.669636899998295,46.669636899998295,47.670094399989466,47.670094399989466,47.670094399989466,48.35302589999628,z,1,0.6765726000012364,None,,,,,Participant 4 ,001,2025-10-03_16h15.22.590,Motor Sequence Learning Bhumika Bajaj AU2320057,,2025.1.1,59.95027724006131,2025-10-03 16h15.37.786963 +0530,
-50,x,20,0,5,x,1,0.44402520000585355,None,5,0,20,0,,,,,48.36863099999027,,48.35366249999788,49.35231360000034,49.35231360000034,49.35231360000034,49.35231360000034,49.35231360000034,50.352132100000745,50.369252999997116,50.369252999997116,50.82049139999435,x,1,0.44402520000585355,None,,,,,Participant 4 ,001,2025-10-03_16h15.22.590,Motor Sequence Learning Bhumika Bajaj AU2320057,,2025.1.1,59.95027724006131,2025-10-03 16h15.37.786963 +0530,
150,v,21,1,5,v,1,0.3271545000025071,None,5,1,21,1,,,,,50.8364317999949,,50.82110770000145,51.819981499997084,51.819981499997084,51.819981499997084,51.819981499997084,51.819981499997084,52.83627400000114,52.83627400000114,52.83627400000114,53.16896260000067,v,1,0.3271545000025071,None,,,,,Participant 4 ,001,2025-10-03_16h15.22.590,Motor Sequence Learning Bhumika Bajaj AU2320057,,2025.1.1,59.95027724006131,2025-10-03 16h15.37.786963 +0530,
50,c,22,2,5,c,1,0.3443710999999894,None,5,2,22,2,,,,,53.1850592999981,,53.16947059999802,54.16885770000226,54.16885770000226,54.16885770000226,54.16885770000226,54.16885770000226,55.169731799993315,55.169731799993315,55.169731799993315,55.519564399990486,c,1,0.3443710999999894,None,,,,,Participant 4 ,001,2025-10-03_16h15.22.590,Motor Sequence Learning Bhumika Bajaj AU2320057,,2025.1.1,59.95027724006131,2025-10-03 16h15.37.786963 +0530,
-150,z,23,3,5,z,1,0.5117079999909038,None,5,3,23,3,,,,,55.53535710000142,,55.52002260000154,56.53524739999557,56.53524739999557,56.53524739999557,56.53524739999557,56.53524739999557,57.53575149999233,57.519813999999315,57.519813999999315,58.03645849999157,z,1,0.5117079999909038,None,,,,,Participant 4 ,001,2025-10-03_16h15.22.590,Motor Sequence Learning Bhumika Bajaj AU2320057,,2025.1.1,59.95027724006131,2025-10-03 16h15.37.786963 +0530,
-50,x,24,0,6,x,1,0.7413874999911059,None,6,0,24,0,,,,,58.0523736999894,,58.036964400002034,59.03615980000177,59.03615980000177,59.03615980000177,59.03615980000177,59.03615980000177,60.03564929999993,60.03564929999993,60.03564929999993,60.78687349999382,x,1,0.7413874999911059,None,,,,,Participant 4 ,001,2025-10-03_16h15.22.590,Motor Sequence Learning Bhumika Bajaj AU2320057,,2025.1.1,59.95027724006131,2025-10-03 16h15.37.786963 +0530,
150,v,25,1,6,v,1,0.41257369999948423,None,6,1,25,1,,,,,60.80242130000261,,60.78742509998847,61.80299959999684,61.80299959999684,61.80299959999684,61.80299959999684,61.80299959999684,62.803463499993086,62.787716799997725,62.787716799997725,63.20285599998897,v,1,0.41257369999948423,None,,,,,Participant 4 ,001,2025-10-03_16h15.22.590,Motor Sequence Learning Bhumika Bajaj AU2320057,,2025.1.1,59.95027724006131,2025-10-03 16h15.37.786963 +0530,
50,c,26,2,6,c,1,0.4739178999880096,None,6,2,26,2,,,,,63.2183217999991,,63.20337389998895,64.2020513000025,64.2020513000025,64.2020513000025,64.2020513000025,64.2020513000025,65.20169649999298,65.21835979999742,65.21835979999742,65.70231069999863,c,1,0.4739178999880096,None,,,,,Participant 4 ,001,2025-10-03_16h15.22.590,Motor Sequence Learning Bhumika Bajaj AU2320057,,2025.1.1,59.95027724006131,2025-10-03 16h15.37.786963 +0530,
-150,z,27,3,6,z,1,0.46915040000749286,None,6,3,27,3,,,,,65.71881469999789,,65.70282859999861,66.70143039998948,66.70143039998948,66.70143039998948,66.70143039998948,66.70143039998948,67.70230759998958,67.70230759998958,67.70230759998958,68.18561770000088,z,1,0.46915040000749286,None,,,,,Participant 4 ,001,2025-10-03_16h15.22.590,Motor Sequence Learning Bhumika Bajaj AU2320057,,2025.1.1,59.95027724006131,2025-10-03 16h15.37.786963 +0530,
-50,x,28,0,7,x,1,0.5323524999985239,None,7,0,28,0,,,,,68.20129289999022,,68.18615339999087,69.1851764999883,69.1851764999883,69.1851764999883,69.1851764999883,69.1851764999883,70.18475149999722,70.18475149999722,70.18475149999722,70.7191918999888,x,1,0.5323524999985239,None,,,,,Participant 4 ,001,2025-10-03_16h15.22.590,Motor Sequence Learning Bhumika Bajaj AU2320057,,2025.1.1,59.95027724006131,2025-10-03 16h15.37.786963 +0530,
150,v,29,1,7,v,1,0.5868100999941817,None,7,1,29,1,,,,,70.73477669998829,,70.71971540000231,71.7183143000002,71.7183143000002,71.7183143000002,71.7183143000002,71.7183143000002,72.718091799994,72.73446729998977,72.73446729998977,73.33564069999557,v,1,0.5868100999941817,None,,,,,Participant 4 ,001,2025-10-03_16h15.22.590,Motor Sequence Learning Bhumika Bajaj AU2320057,,2025.1.1,59.95027724006131,2025-10-03 16h15.37.786963 +0530,
50,c,30,2,7,c,1,0.6360928999929456,None,7,2,30,2,,,,,73.35132989998965,,73.33615109999664,74.33449039999687,74.33449039999687,74.33449039999687,74.33449039999687,74.33449039999687,75.33512899999914,75.33512899999914,75.33512899999914,75.9862063999899,c,1,0.6360928999929456,None,,,,,Participant 4 ,001,2025-10-03_16h15.22.590,Motor Sequence Learning Bhumika Bajaj AU2320057,,2025.1.1,59.95027724006131,2025-10-03 16h15.37.786963 +0530,
-150,z,31,3,7,z,1,0.28440709999995306,None,7,3,31,3,,,,,76.00158489999012,,75.98674009999377,76.98486109999067,76.98486109999067,76.98486109999067,76.98486109999067,76.98486109999067,77.9849350000004,78.00224279999384,78.00224279999384,78.30241869999736,z,1,0.28440709999995306,None,,,,,Participant 4 ,001,2025-10-03_16h15.22.590,Motor Sequence Learning Bhumika Bajaj AU2320057,,2025.1.1,59.95027724006131,2025-10-03 16h15.37.786963 +0530,
-50,x,32,0,8,x,1,0.11894479999318719,None,8,0,32,0,,,,,78.31808209999872,,78.30291909999505,79.30131359999359,79.30131359999359,79.30131359999359,79.30131359999359,79.30131359999359,80.30126269999892,80.30126269999892,80.30126269999892,80.43521619999956,x,1,0.11894479999318719,None,,,,,Participant 4 ,001,2025-10-03_16h15.22.590,Motor Sequence Learning Bhumika Bajaj AU2320057,,2025.1.1,59.95027724006131,2025-10-03 16h15.37.786963 +0530,
150,v,33,1,8,v,1,0.5849982999934582,None,8,1,33,1,,,,,80.45138399999996,,80.43563320000248,81.43445499999507,81.43445499999507,81.43445499999507,81.43445499999507,81.43445499999507,82.43480489999638,82.43480489999638,82.43480489999638,83.0354124000005,v,1,0.5849982999934582,None,,,,,Participant 4 ,001,2025-10-03_16h15.22.590,Motor Sequence Learning Bhumika Bajaj AU2320057,,2025.1.1,59.95027724006131,2025-10-03 16h15.37.786963 +0530,
50,c,34,2,8,c,1,0.037186200002906844,None,8,2,34,2,,,,,83.05151399999158,,83.03583899998921,84.03512099999352,84.03512099999352,84.03512099999352,84.03512099999352,84.03512099999352,85.03461279999465,85.03461279999465,85.03461279999465,85.0854035999946,c,1,0.037186200002906844,None,,,,,Participant 4 ,001,2025-10-03_16h15.22.590,Motor Sequence Learning Bhumika Bajaj AU2320057,,2025.1.1,59.95027724006131,2025-10-03 16h15.37.786963 +0530,
-150,z,35,3,8,z,1,0.21987289999378845,None,8,3,35,3,,,,,85.10114230000181,,85.0858647999994,86.10112130000198,86.10112130000198,86.10112130000198,86.10112130000198,86.10112130000198,87.10135699999228,87.08433119999245,87.08433119999245,87.31852000000072,z,1,0.21987289999378845,None,,,,,Participant 4 ,001,2025-10-03_16h15.22.590,Motor Sequence Learning Bhumika Bajaj AU2320057,,2025.1.1,59.95027724006131,2025-10-03 16h15.37.786963 +0530,
-50,x,36,0,9,x,1,0.09131450000859331,None,9,0,36,0,,,,,87.33402319999004,,87.31892499999958,88.33428789999743,88.33428789999743,88.33428789999743,88.33428789999743,88.33428789999743,89.33418369998981,89.31766229998902,89.31766229998902,89.41840349999256,x,1,0.09131450000859331,None,,,,,Participant 4 ,001,2025-10-03_16h15.22.590,Motor Sequence Learning Bhumika Bajaj AU2320057,,2025.1.1,59.95027724006131,2025-10-03 16h15.37.786963 +0530,
150,v,37,1,9,v,1,0.27792769999359734,None,9,1,37,1,,,,,89.43435189999582,,89.41899449999619,90.42408060000162,90.42408060000162,90.42408060000162,90.42408060000162,90.42408060000162,91.4341265999974,91.4341265999974,91.4341265999974,91.72044949998963,v,1,0.27792769999359734,None,,,,,Participant 4 ,001,2025-10-03_16h15.22.590,Motor Sequence Learning Bhumika Bajaj AU2320057,,2025.1.1,59.95027724006131,2025-10-03 16h15.37.786963 +0530,
50,c,38,2,9,c,1,0.31218409999564756,None,9,2,38,2,,,,,91.73550569999497,,91.72098109999206,92.72096669999883,92.72096669999883,92.72096669999883,92.72096669999883,92.72096669999883,93.72149630000058,93.72149630000058,93.72149630000058,94.03621759999078,c,1,0.31218409999564756,None,,,,,Participant 4 ,001,2025-10-03_16h15.22.590,Motor Sequence Learning Bhumika Bajaj AU2320057,,2025.1.1,59.95027724006131,2025-10-03 16h15.37.786963 +0530,
-150,z,39,3,9,z,1,0.08765449999191333,None,9,3,39,3,,,,,94.05193629999121,,94.03676399998949,95.05144109998946,95.05144109998946,95.05144109998946,95.05144109998946,95.05144109998946,96.05419389999588,96.0379324999958,96.0379324999958,96.1371599999984,z,1,0.08765449999191333,None,,,,,Participant 4 ,001,2025-10-03_16h15.22.590,Motor Sequence Learning Bhumika Bajaj AU2320057,,2025.1.1,59.95027724006131,2025-10-03 16h15.37.786963 +0530,
-50,x,40,0,10,x,1,0.3079583999933675,None,10,0,40,0,,,,,96.15124289999949,,96.13762339999084,97.13670609999099,97.13670609999099,97.13670609999099,97.13670609999099,97.13670609999099,98.13733779999893,98.13733779999893,98.13733779999893,98.45312469999772,x,1,0.3079583999933675,None,,,,,Participant 4 ,001,2025-10-03_16h15.22.590,Motor Sequence Learning Bhumika Bajaj AU2320057,,2025.1.1,59.95027724006131,2025-10-03 16h15.37.786963 +0530,
150,v,41,1,10,v,1,0.36866619999636896,None,10,1,41,1,,,,,98.46940370000084,,98.45360219999566,99.45382309998968,99.45382309998968,99.45382309998968,99.45382309998968,99.45382309998968,100.45836389999022,100.45836389999022,100.45836389999022,100.83786249998957,v,1,0.36866619999636896,None,,,,,Participant 4 ,001,2025-10-03_16h15.22.590,Motor Sequence Learning Bhumika Bajaj AU2320057,,2025.1.1,59.95027724006131,2025-10-03 16h15.37.786963 +0530,
50,c,42,2,10,c,1,0.18662049999693409,None,10,2,42,2,,,,,100.85422229999676,,100.83843009998964,101.85370979999425,101.85370979999425,101.85370979999425,101.85370979999425,101.85370979999425,102.85363879999204,102.83679419998953,102.83679419998953,103.03737859999819,c,1,0.18662049999693409,None,,,,,Participant 4 ,001,2025-10-03_16h15.22.590,Motor Sequence Learning Bhumika Bajaj AU2320057,,2025.1.1,59.95027724006131,2025-10-03 16h15.37.786963 +0530,
-150,z,43,3,10,z,1,0.3790569999982836,None,10,3,43,3,,,,,103.0530512999976,,103.03790809999919,104.05328219999501,104.05328219999501,104.05328219999501,104.05328219999501,104.05328219999501,105.05355039999995,105.05355039999995,105.05355039999995,105.43802149999829,z,1,0.3790569999982836,None,,,,,Participant 4 ,001,2025-10-03_16h15.22.590,Motor Sequence Learning Bhumika Bajaj AU2320057,,2025.1.1,59.95027724006131,2025-10-03 16h15.37.786963 +0530,
-50,x,44,0,11,x,1,2.439705500000855,None,11,0,44,0,,,,,105.45346239999344,,105.43853689999378,106.45341539999936,106.45341539999936,106.45341539999936,106.45341539999936,106.45341539999936,107.45412470000156,107.45412470000156,107.45412470000156,109.90827509999508,x,1,2.439705500000855,None,,,,,Participant 4 ,001,2025-10-03_16h15.22.590,Motor Sequence Learning Bhumika Bajaj AU2320057,,2025.1.1,59.95027724006131,2025-10-03 16h15.37.786963 +0530,
150,v,45,1,11,c,0,0.3199478999886196,None,11,1,45,1,,,,,109.92348749999655,,109.90911949999281,110.9199637999991,110.9199637999991,110.9199637999991,110.9199637999991,110.9199637999991,111.9374542000005,111.9194523999904,111.9194523999904,112.25435129999823,c,0,0.3199478999886196,None,,,,,Participant 4 ,001,2025-10-03_16h15.22.590,Motor Sequence Learning Bhumika Bajaj AU2320057,,2025.1.1,59.95027724006131,2025-10-03 16h15.37.786963 +0530,
50,c,46,2,11,c,1,0.2112801000039326,None,11,2,46,2,,,,,112.27091799999471,,112.25489539999398,113.25352879999264,113.25352879999264,113.25352879999264,113.25352879999264,113.25352879999264,114.25622619999922,114.25622619999922,114.25622619999922,114.47507069999119,c,1,0.2112801000039326,None,,,,,Participant 4 ,001,2025-10-03_16h15.22.590,Motor Sequence Learning Bhumika Bajaj AU2320057,,2025.1.1,59.95027724006131,2025-10-03 16h15.37.786963 +0530,
-150,z,47,3,11,z,1,0.3216716000024462,None,11,3,47,3,,,,,114.49056919998839,,114.47594679999747,115.49008269999467,115.49008269999467,115.49008269999467,115.49008269999467,115.49008269999467,116.49054040000192,116.49054040000192,116.49054040000192,116.82187349999731,z,1,0.3216716000024462,None,,,,,Participant 4 ,001,2025-10-03_16h15.22.590,Motor Sequence Learning Bhumika Bajaj AU2320057,,2025.1.1,59.95027724006131,2025-10-03 16h15.37.786963 +0530,
-50,x,48,0,12,x,1,0.3217304999998305,None,12,0,48,0,,,,,116.8367145999946,,116.8224152999901,117.82314419999602,117.82314419999602,117.82314419999602,117.82314419999602,117.82314419999602,118.84055829999852,118.82146690000081,118.82146690000081,119.15753349999432,x,1,0.3217304999998305,None,,,,,Participant 4 ,001,2025-10-03_16h15.22.590,Motor Sequence Learning Bhumika Bajaj AU2320057,,2025.1.1,59.95027724006131,2025-10-03 16h15.37.786963 +0530,
150,v,49,1,12,v,1,0.2958677999995416,None,12,1,49,1,,,,,119.1734490999952,,119.15849059999164,120.17384379998839,120.17384379998839,120.17384379998839,120.17384379998839,120.17384379998839,121.18648009999015,121.17051329999231,121.17051329999231,121.46966969998903,v,1,0.2958677999995416,None,,,,,Participant 4 ,001,2025-10-03_16h15.22.590,Motor Sequence Learning Bhumika Bajaj AU2320057,,2025.1.1,59.95027724006131,2025-10-03 16h15.37.786963 +0530,
50,c,50,2,12,c,1,0.3346526000095764,None,12,2,50,2,,,,,121.48461709999538,,121.47020409999823,122.47014900000067,122.47014900000067,122.47014900000067,122.47014900000067,122.47014900000067,123.46987369999988,123.46987369999988,123.46987369999988,123.81874719999905,c,1,0.3346526000095764,None,,,,,Participant 4 ,001,2025-10-03_16h15.22.590,Motor Sequence Learning Bhumika Bajaj AU2320057,,2025.1.1,59.95027724006131,2025-10-03 16h15.37.786963 +0530,
-150,z,51,3,12,z,1,0.21524599999247584,None,12,3,51,3,,,,,123.83482340000046,,123.81925989998854,124.81951669999398,124.81951669999398,124.81951669999398,124.81951669999398,124.81951669999398,125.81984479998937,125.81984479998937,125.81984479998937,126.0374565999955,z,1,0.21524599999247584,None,,,,,Participant 4 ,001,2025-10-03_16h15.22.590,Motor Sequence Learning Bhumika Bajaj AU2320057,,2025.1.1,59.95027724006131,2025-10-03 16h15.37.786963 +0530,
-50,x,52,0,13,x,1,0.36854480000329204,None,13,0,52,0,,,,,126.05343549999816,,126.03798850000021,127.03747090000252,127.03747090000252,127.03747090000252,127.03747090000252,127.03747090000252,128.03636949999782,128.05321089999052,128.05321089999052,128.43724909999582,x,1,0.36854480000329204,None,,,,,Participant 4 ,001,2025-10-03_16h15.22.590,Motor Sequence Learning Bhumika Bajaj AU2320057,,2025.1.1,59.95027724006131,2025-10-03 16h15.37.786963 +0530,
150,v,53,1,13,v,1,1.060859100005473,None,13,1,53,1,,,,,128.4529099999927,,128.43777689999843,129.4537416999956,129.4537416999956,129.4537416999956,129.4537416999956,129.4537416999956,130.45376129999931,130.4368916999956,130.4368916999956,131.5036046999885,v,1,1.060859100005473,None,,,,,Participant 4 ,001,2025-10-03_16h15.22.590,Motor Sequence Learning Bhumika Bajaj AU2320057,,2025.1.1,59.95027724006131,2025-10-03 16h15.37.786963 +0530,
50,c,54,2,13,c,1,0.26586939999833703,None,13,2,54,2,,,,,131.51985939999577,,131.50411639999948,132.50318149999657,132.50318149999657,132.50318149999657,132.50318149999657,132.50318149999657,133.5032293999975,133.5032293999975,133.5032293999975,133.77157250000164,c,1,0.26586939999833703,None,,,,,Participant 4 ,001,2025-10-03_16h15.22.590,Motor Sequence Learning Bhumika Bajaj AU2320057,,2025.1.1,59.95027724006131,2025-10-03 16h15.37.786963 +0530,
-150,z,55,3,13,z,1,1.1123803999944357,None,13,3,55,3,,,,,133.78675939999812,,133.7722020999936,134.7703698999976,134.7703698999976,134.7703698999976,134.7703698999976,134.7703698999976,135.77202839999518,135.77202839999518,135.77202839999518,136.8884498999978,z,1,1.1123803999944357,None,,,,,Participant 4 ,001,2025-10-03_16h15.22.590,Motor Sequence Learning Bhumika Bajaj AU2320057,,2025.1.1,59.95027724006131,2025-10-03 16h15.37.786963 +0530,
-50,x,56,0,14,x,1,0.29124960000626743,None,14,0,56,0,,,,,136.90326449999702,,136.8889516999916,137.90351249999367,137.90351249999367,137.90351249999367,137.90351249999367,137.90351249999367,138.90259139999398,138.90259139999398,138.90259139999398,139.20526069999323,x,1,0.29124960000626743,None,,,,,Participant 4 ,001,2025-10-03_16h15.22.590,Motor Sequence Learning Bhumika Bajaj AU2320057,,2025.1.1,59.95027724006131,2025-10-03 16h15.37.786963 +0530,
150,v,57,1,14,v,1,0.2533987999922829,None,14,1,57,1,,,,,139.2197914999997,,139.2058715999883,140.2204214999947,140.2204214999947,140.2204214999947,140.2204214999947,140.2204214999947,141.21957419998944,141.21957419998944,141.21957419998944,141.48699510000006,v,1,0.2533987999922829,None,,,,,Participant 4 ,001,2025-10-03_16h15.22.590,Motor Sequence Learning Bhumika Bajaj AU2320057,,2025.1.1,59.95027724006131,2025-10-03 16h15.37.786963 +0530,
50,c,58,2,14,c,1,0.31147190000046976,None,14,2,58,2,,,,,141.50417780000134,,141.48752969999623,142.48626199999126,142.48626199999126,142.48626199999126,142.48626199999126,142.48626199999126,143.48701230000006,143.48701230000006,143.48701230000006,143.80390659999102,c,1,0.31147190000046976,None,,,,,Participant 4 ,001,2025-10-03_16h15.22.590,Motor Sequence Learning Bhumika Bajaj AU2320057,,2025.1.1,59.95027724006131,2025-10-03 16h15.37.786963 +0530,
-150,z,59,3,14,z,1,0.34503519999270793,None,14,3,59,3,,,,,143.81995759998972,,143.80442929999845,144.8182950999908,144.8182950999908,144.8182950999908,144.8182950999908,144.8182950999908,145.81993990000046,145.81993990000046,145.81993990000046,146.17041579999204,z,1,0.34503519999270793,None,,,,,Participant 4 ,001,2025-10-03_16h15.22.590,Motor Sequence Learning Bhumika Bajaj AU2320057,,2025.1.1,59.95027724006131,2025-10-03 16h15.37.786963 +0530,
-50,x,60,0,15,x,1,0.19536169999628328,None,15,0,60,0,,,,,146.18619999999646,,146.170938700001,147.18591499999457,147.18591499999457,147.18591499999457,147.18591499999457,147.18591499999457,148.18646129999252,148.16938539998955,148.16938539998955,148.3706683999917,x,1,0.19536169999628328,None,,,,,Participant 4 ,001,2025-10-03_16h15.22.590,Motor Sequence Learning Bhumika Bajaj AU2320057,,2025.1.1,59.95027724006131,2025-10-03 16h15.37.786963 +0530,
150,v,61,1,15,v,1,0.3791005000093719,None,15,1,61,1,,,,,148.3862434999901,,148.3712111999921,149.37020229999325,149.37020229999325,149.37020229999325,149.37020229999325,149.37020229999325,150.36964789999183,150.38628779999272,150.38628779999272,150.76953520000097,v,1,0.3791005000093719,None,,,,,Participant 4 ,001,2025-10-03_16h15.22.590,Motor Sequence Learning Bhumika Bajaj AU2320057,,2025.1.1,59.95027724006131,2025-10-03 16h15.37.786963 +0530,
50,c,62,2,15,c,1,0.2104900000122143,None,15,2,62,2,,,,,150.78620089999458,,150.76989859998866,151.77005479999934,151.77005479999934,151.77005479999934,151.77005479999934,151.77005479999934,152.7698892999906,152.7698892999906,152.7698892999906,152.98734019999392,c,1,0.2104900000122143,None,,,,,Participant 4 ,001,2025-10-03_16h15.22.590,Motor Sequence Learning Bhumika Bajaj AU2320057,,2025.1.1,59.95027724006131,2025-10-03 16h15.37.786963 +0530,
-150,z,63,3,15,z,1,0.3508168999978807,None,15,3,63,3,,,,,153.0034186999983,,152.98786039999686,153.9895053999935,153.9895053999935,153.9895053999935,153.9895053999935,153.9895053999935,155.00343609999982,154.98742619999393,154.98742619999393,155.35262559998955,z,1,0.3508168999978807,None,,,,,Participant 4 ,001,2025-10-03_16h15.22.590,Motor Sequence Learning Bhumika Bajaj AU2320057,,2025.1.1,59.95027724006131,2025-10-03 16h15.37.786963 +0530,
-50,x,64,0,16,x,1,0.36249949999910314,None,16,0,64,0,,,,,155.36815869998827,,155.3533172999887,156.35349989999668,156.35349989999668,156.35349989999668,156.35349989999668,156.35349989999668,157.35648329999822,157.35648329999822,157.35648329999822,157.7220929999894,x,1,0.36249949999910314,None,,,,,Participant 4 ,001,2025-10-03_16h15.22.590,Motor Sequence Learning Bhumika Bajaj AU2320057,,2025.1.1,59.95027724006131,2025-10-03 16h15.37.786963 +0530,
150,v,65,1,16,v,1,0.37660370000230614,None,16,1,65,1,,,,,157.73716559998866,,157.72262869999395,158.73677930000122,158.73677930000122,158.73677930000122,158.73677930000122,158.73677930000122,159.73703119999846,159.73703119999846,159.73703119999846,160.120245099999,v,1,0.37660370000230614,None,,,,,Participant 4 ,001,2025-10-03_16h15.22.590,Motor Sequence Learning Bhumika Bajaj AU2320057,,2025.1.1,59.95027724006131,2025-10-03 16h15.37.786963 +0530,
50,c,66,2,16,c,1,0.3482027999998536,None,16,2,66,2,,,,,160.13712590000068,,160.12075809999078,161.11954509999487,161.11954509999487,161.11954509999487,161.11954509999487,161.11954509999487,162.11955139999918,162.11955139999918,162.11955139999918,162.46897099999478,c,1,0.3482027999998536,None,,,,,Participant 4 ,001,2025-10-03_16h15.22.590,Motor Sequence Learning Bhumika Bajaj AU2320057,,2025.1.1,59.95027724006131,2025-10-03 16h15.37.786963 +0530,
-150,z,67,3,16,z,1,0.3235582999914186,None,16,3,67,3,,,,,162.4854297999991,,162.4694928999961,163.47420959999727,163.47420959999727,163.47420959999727,163.47420959999727,163.47420959999727,164.48975439999776,164.4733261999936,164.4733261999936,164.80549879999307,z,1,0.3235582999914186,None,,,,,Participant 4 ,001,2025-10-03_16h15.22.590,Motor Sequence Learning Bhumika Bajaj AU2320057,,2025.1.1,59.95027724006131,2025-10-03 16h15.37.786963 +0530,
-50,x,68,0,17,x,1,0.31903779999993276,None,17,0,68,0,,,,,164.82142599999497,,164.80711660000088,165.81913109999732,165.81913109999732,165.81913109999732,165.81913109999732,165.81913109999732,166.82012899999972,166.82012899999972,166.82012899999972,167.1537374999898,x,1,0.31903779999993276,None,,,,,Participant 4 ,001,2025-10-03_16h15.22.590,Motor Sequence Learning Bhumika Bajaj AU2320057,,2025.1.1,59.95027724006131,2025-10-03 16h15.37.786963 +0530,
150,v,69,1,17,v,1,0.34232450000126846,None,17,1,69,1,,,,,167.17002389999107,,167.15423819998978,168.15327409999736,168.15327409999736,168.15327409999736,168.15327409999736,168.15327409999736,169.1554555999901,169.1554555999901,169.1554555999901,169.5038288999931,v,1,0.34232450000126846,None,,,,,Participant 4 ,001,2025-10-03_16h15.22.590,Motor Sequence Learning Bhumika Bajaj AU2320057,,2025.1.1,59.95027724006131,2025-10-03 16h15.37.786963 +0530,
50,c,70,2,17,c,1,0.8006687000015518,None,17,2,70,2,,,,,169.51976119999017,,169.5043461000023,170.50606580000021,170.50606580000021,170.50606580000021,170.50606580000021,170.50606580000021,171.50598919999902,171.50598919999902,171.50598919999902,172.31925139999657,c,1,0.8006687000015518,None,,,,,Participant 4 ,001,2025-10-03_16h15.22.590,Motor Sequence Learning Bhumika Bajaj AU2320057,,2025.1.1,59.95027724006131,2025-10-03 16h15.37.786963 +0530,
-150,z,71,3,17,z,1,1.099533299988252,None,17,3,71,3,,,,,172.3348804999987,,172.31978739998885,173.32445289999305,173.32445289999305,173.32445289999305,173.32445289999305,173.32445289999305,174.32309720000194,174.32309720000194,174.32309720000194,175.42442349999328,z,1,1.099533299988252,None,,,,,Participant 4 ,001,2025-10-03_16h15.22.590,Motor Sequence Learning Bhumika Bajaj AU2320057,,2025.1.1,59.95027724006131,2025-10-03 16h15.37.786963 +0530,
-50,x,72,0,18,x,1,0.6554543999955058,None,18,0,72,0,,,,,175.4393032999942,,175.4253435999999,176.4394625999994,176.4394625999994,176.4394625999994,176.4394625999994,176.4394625999994,177.4533439999941,177.43603079998866,177.43603079998866,178.1042746000021,x,1,0.6554543999955058,None,,,,,Participant 4 ,001,2025-10-03_16h15.22.590,Motor Sequence Learning Bhumika Bajaj AU2320057,,2025.1.1,59.95027724006131,2025-10-03 16h15.37.786963 +0530,
150,v,73,1,18,v,1,0.7194978000043193,None,18,1,73,1,,,,,178.1210310000024,,178.10479569999734,179.1194509999914,179.1194509999914,179.1194509999914,179.1194509999914,179.1194509999914,180.11963849999302,180.11963849999302,180.11963849999302,180.85348219999287,v,1,0.7194978000043193,None,,,,,Participant 4 ,001,2025-10-03_16h15.22.590,Motor Sequence Learning Bhumika Bajaj AU2320057,,2025.1.1,59.95027724006131,2025-10-03 16h15.37.786963 +0530,
50,c,74,2,18,c,1,0.5589108999993186,None,18,2,74,2,,,,,180.8698558999895,,180.8539899000025,181.85384789999807,181.85384789999807,181.85384789999807,181.85384789999807,181.85384789999807,182.86906019999878,182.86906019999878,182.86906019999878,183.4361998999957,c,1,0.5589108999993186,None,,,,,Participant 4 ,001,2025-10-03_16h15.22.590,Motor Sequence Learning Bhumika Bajaj AU2320057,,2025.1.1,59.95027724006131,2025-10-03 16h15.37.786963 +0530,
-150,z,75,3,18,z,1,0.6275472000124864,None,18,3,75,3,,,,,183.4528610999987,,183.43670099999872,184.43662519998907,184.43662519998907,184.43662519998907,184.43662519998907,184.43662519998907,185.43683249999594,185.43683249999594,185.43683249999594,186.06946549999702,z,1,0.6275472000124864,None,,,,,Participant 4 ,001,2025-10-03_16h15.22.590,Motor Sequence Learning Bhumika Bajaj AU2320057,,2025.1.1,59.95027724006131,2025-10-03 16h15.37.786963 +0530,
-50,x,76,0,19,x,1,0.30023770000843797,None,19,0,76,0,,,,,186.08559199998854,,186.0699953000003,187.0686282999959,187.0686282999959,187.0686282999959,187.0686282999959,187.0686282999959,188.06903220000095,188.06903220000095,188.06903220000095,188.3720547999983,x,1,0.30023770000843797,None,,,,,Participant 4 ,001,2025-10-03_16h15.22.590,Motor Sequence Learning Bhumika Bajaj AU2320057,,2025.1.1,59.95027724006131,2025-10-03 16h15.37.786963 +0530,
150,v,77,1,19,v,1,0.4945012000098359,None,19,1,77,1,,,,,188.3860791999905,,188.3725834999932,189.3712169999926,189.3712169999926,189.3712169999926,189.3712169999926,189.3712169999926,190.36998809999204,190.36998809999204,190.36998809999204,190.8700569999928,v,1,0.4945012000098359,None,,,,,Participant 4 ,001,2025-10-03_16h15.22.590,Motor Sequence Learning Bhumika Bajaj AU2320057,,2025.1.1,59.95027724006131,2025-10-03 16h15.37.786963 +0530,
50,c,78,2,19,c,1,0.1712851999909617,None,19,2,78,2,,,,,190.88609619998897,,190.87049549999938,191.8867159999936,191.8867159999936,191.8867159999936,191.8867159999936,191.8867159999936,192.8866229999985,192.86992489999102,192.86992489999102,193.05339889999595,c,1,0.1712851999909617,None,,,,,Participant 4 ,001,2025-10-03_16h15.22.590,Motor Sequence Learning Bhumika Bajaj AU2320057,,2025.1.1,59.95027724006131,2025-10-03 16h15.37.786963 +0530,
-150,z,79,3,19,z,1,0.4011379000003217,None,19,3,79,3,,,,,193.06905879999977,,193.0539238999918,194.05485939999926,194.05485939999926,194.05485939999926,194.05485939999926,194.05485939999926,195.0691908000008,195.0528212999925,195.0528212999925,195.46948189999966,z,1,0.4011379000003217,None,,,,,Participant 4 ,001,2025-10-03_16h15.22.590,Motor Sequence Learning Bhumika Bajaj AU2320057,,2025.1.1,59.95027724006131,2025-10-03 16h15.37.786963 +0530,
-50,x,80,0,20,x,1,0.11950129999604542,None,20,0,80,0,,,,,195.4862573999999,,195.46999569999753,196.48412259999895,196.48412259999895,196.48412259999895,196.48412259999895,196.48412259999895,197.48622999999498,197.46967159998894,197.46967159998894,197.6036660999962,x,1,0.11950129999604542,None,,,,,Participant 4 ,001,2025-10-03_16h15.22.590,Motor Sequence Learning Bhumika Bajaj AU2320057,,2025.1.1,59.95027724006131,2025-10-03 16h15.37.786963 +0530,
150,v,81,1,20,v,1,0.39446979999775067,None,20,1,81,1,,,,,197.6190276999987,,197.60419240000192,198.60272309998982,198.60272309998982,198.60272309998982,198.60272309998982,198.60272309998982,199.6030832999968,199.6030832999968,199.6030832999968,200.00311219999276,v,1,0.39446979999775067,None,,,,,Participant 4 ,001,2025-10-03_16h15.22.590,Motor Sequence Learning Bhumika Bajaj AU2320057,,2025.1.1,59.95027724006131,2025-10-03 16h15.37.786963 +0530,
50,c,82,2,20,c,1,0.25790939999569673,None,20,2,82,2,,,,,200.01926449999155,,200.0036226999946,201.00280809999094,201.00280809999094,201.00280809999094,201.00280809999094,201.00280809999094,202.0029901999951,202.01934099999198,202.01934099999198,202.28528820000065,c,1,0.25790939999569673,None,,,,,Participant 4 ,001,2025-10-03_16h15.22.590,Motor Sequence Learning Bhumika Bajaj AU2320057,,2025.1.1,59.95027724006131,2025-10-03 16h15.37.786963 +0530,
-150,z,83,3,20,z,1,0.3982107000047108,None,20,3,83,3,,,,,202.30089379999845,,202.28582359998836,203.28587310000148,203.28587310000148,203.28587310000148,203.28587310000148,203.28587310000148,204.28518999999505,204.28518999999505,204.28518999999505,204.68690809998952,z,1,0.3982107000047108,None,,,,,Participant 4 ,001,2025-10-03_16h15.22.590,Motor Sequence Learning Bhumika Bajaj AU2320057,,2025.1.1,59.95027724006131,2025-10-03 16h15.37.786963 +0530,
-50,x,84,0,21,v,0,0.2909833999874536,None,21,0,84,0,,,,,204.70269879999978,,204.6874378999928,205.6855998999963,205.6855998999963,205.6855998999963,205.6855998999963,205.6855998999963,206.68552709999494,206.70340990000113,206.70340990000113,207.00353089999408,v,0,0.2909833999874536,None,,,,,Participant 4 ,001,2025-10-03_16h15.22.590,Motor Sequence Learning Bhumika Bajaj AU2320057,,2025.1.1,59.95027724006131,2025-10-03 16h15.37.786963 +0530,
150,v,85,1,21,c,0,0.3018945999938296,None,21,1,85,1,,,,,207.01892279999447,,207.00403849998838,208.01955610000005,208.01955610000005,208.01955610000005,208.01955610000005,208.01955610000005,209.01963260000048,209.00251179999032,209.00251179999032,209.30510189999768,c,0,0.3018945999938296,None,,,,,Participant 4 ,001,2025-10-03_16h15.22.590,Motor Sequence Learning Bhumika Bajaj AU2320057,,2025.1.1,59.95027724006131,2025-10-03 16h15.37.786963 +0530,
50,c,86,2,21,z,0,0.19076579999818932,None,21,2,86,2,,,,,209.31985699999495,,209.3056271999958,210.30554190000112,210.30554190000112,210.30554190000112,210.30554190000112,210.30554190000112,211.31912939999893,211.31912939999893,211.31912939999893,211.52009669999825,z,0,0.19076579999818932,None,,,,,Participant 4 ,001,2025-10-03_16h15.22.590,Motor Sequence Learning Bhumika Bajaj AU2320057,,2025.1.1,59.95027724006131,2025-10-03 16h15.37.786963 +0530,
-150,z,87,3,21,c,0,0.2937907000014093,None,21,3,87,3,,,,,211.53669239999726,,211.52064360000077,212.5228836999886,212.5228836999886,212.5228836999886,212.5228836999886,212.5228836999886,213.53508679999504,213.53508679999504,213.53508679999504,213.83659510000143,c,0,0.2937907000014093,None,,,,,Participant 4 ,001,2025-10-03_16h15.22.590,Motor Sequence Learning Bhumika Bajaj AU2320057,,2025.1.1,59.95027724006131,2025-10-03 16h15.37.786963 +0530,
-50,x,88,0,22,x,1,0.27097880000656005,None,22,0,88,0,,,,,213.85226319999492,,213.8371308999922,214.83545269999013,214.83545269999013,214.83545269999013,214.83545269999013,214.83545269999013,215.83616819999588,215.83616819999588,215.83616819999588,216.11950879999495,x,1,0.27097880000656005,None,,,,,Participant 4 ,001,2025-10-03_16h15.22.590,Motor Sequence Learning Bhumika Bajaj AU2320057,,2025.1.1,59.95027724006131,2025-10-03 16h15.37.786963 +0530,
150,v,89,1,22,v,1,0.30263589999231044,None,22,1,89,1,,,,,216.13305189998937,,216.1198934999993,217.12025409999478,217.12025409999478,217.12025409999478,217.12025409999478,217.12025409999478,218.1218174999958,218.1218174999958,218.1218174999958,218.44031179999,v,1,0.30263589999231044,None,,,,,Participant 4 ,001,2025-10-03_16h15.22.590,Motor Sequence Learning Bhumika Bajaj AU2320057,,2025.1.1,59.95027724006131,2025-10-03 16h15.37.786963 +0530,
50,c,90,2,22,c,1,0.31095889999414794,None,22,2,90,2,,,,,218.4558631999971,,218.44124099999317,219.45538959999976,219.45538959999976,219.45538959999976,219.45538959999976,219.45538959999976,220.45478489999368,220.45478489999368,220.45478489999368,220.77028549999523,c,1,0.31095889999414794,None,,,,,Participant 4 ,001,2025-10-03_16h15.22.590,Motor Sequence Learning Bhumika Bajaj AU2320057,,2025.1.1,59.95027724006131,2025-10-03 16h15.37.786963 +0530,
-150,z,91,3,22,z,1,0.3172212000063155,None,22,3,91,3,,,,,220.78578939998988,,220.7708175000007,221.77264699999068,221.77264699999068,221.77264699999068,221.77264699999068,221.77264699999068,222.78505939999013,222.78505939999013,222.78505939999013,223.11970019999717,z,1,0.3172212000063155,None,,,,,Participant 4 ,001,2025-10-03_16h15.22.590,Motor Sequence Learning Bhumika Bajaj AU2320057,,2025.1.1,59.95027724006131,2025-10-03 16h15.37.786963 +0530,
-50,x,92,0,23,x,1,0.2624169000046095,None,23,0,92,0,,,,,223.13452239999606,,223.12028909999935,224.12266919999092,224.12266919999092,224.12266919999092,224.12266919999092,224.12266919999092,225.1354915999982,225.11878559998877,225.11878559998877,225.38661339999817,x,1,0.2624169000046095,None,,,,,Participant 4 ,001,2025-10-03_16h15.22.590,Motor Sequence Learning Bhumika Bajaj AU2320057,,2025.1.1,59.95027724006131,2025-10-03 16h15.37.786963 +0530,
150,v,93,1,23,v,1,0.31181590000051074,None,23,1,93,1,,,,,225.40306579999742,,225.387130099989,226.40261429999373,226.40261429999373,226.40261429999373,226.40261429999373,226.40261429999373,227.4024810999981,227.4024810999981,227.4024810999981,227.7181014999951,v,1,0.31181590000051074,None,,,,,Participant 4 ,001,2025-10-03_16h15.22.590,Motor Sequence Learning Bhumika Bajaj AU2320057,,2025.1.1,59.95027724006131,2025-10-03 16h15.37.786963 +0530,
50,c,94,2,23,c,1,0.31847169999673497,None,23,2,94,2,,,,,227.73374609999883,,227.7186415999895,228.72124379999877,228.72124379999877,228.72124379999877,228.72124379999877,228.72124379999877,229.7228243999998,229.7228243999998,229.7228243999998,230.05316830000083,c,1,0.31847169999673497,None,,,,,Participant 4 ,001,2025-10-03_16h15.22.590,Motor Sequence Learning Bhumika Bajaj AU2320057,,2025.1.1,59.95027724006131,2025-10-03 16h15.37.786963 +0530,
-150,z,95,3,23,z,1,0.3177317999943625,None,23,3,95,3,,,,,230.06905759999063,,230.05366779999167,231.05538569999044,231.05538569999044,231.05538569999044,231.05538569999044,231.05538569999044,232.069284600002,232.05275259999325,232.05275259999325,232.38661869999487,z,1,0.3177317999943625,None,,,,,Participant 4 ,001,2025-10-03_16h15.22.590,Motor Sequence Learning Bhumika Bajaj AU2320057,,2025.1.1,59.95027724006131,2025-10-03 16h15.37.786963 +0530,
-50,x,96,0,24,x,1,0.29690620000474155,None,24,0,96,0,,,,,232.40170989999024,,232.38723069999833,233.40251489999355,233.40251489999355,233.40251489999355,233.40251489999355,233.40251489999355,234.40237599999818,234.40237599999818,234.40237599999818,234.70335739999427,x,1,0.29690620000474155,None,,,,,Participant 4 ,001,2025-10-03_16h15.22.590,Motor Sequence Learning Bhumika Bajaj AU2320057,,2025.1.1,59.95027724006131,2025-10-03 16h15.37.786963 +0530,
150,v,97,1,24,v,1,0.6262911999947391,None,24,1,97,1,,,,,234.71887569999672,,234.70386919999146,235.71881599999324,235.71881599999324,235.71881599999324,235.71881599999324,235.71881599999324,236.71909199999936,236.70252789999358,236.70252789999358,237.33662899999763,v,1,0.6262911999947391,None,,,,,Participant 4 ,001,2025-10-03_16h15.22.590,Motor Sequence Learning Bhumika Bajaj AU2320057,,2025.1.1,59.95027724006131,2025-10-03 16h15.37.786963 +0530,
50,c,98,2,24,c,1,0.37105100000917446,None,24,2,98,2,,,,,237.3539829999936,,237.33714429999236,238.3357137999992,238.3357137999992,238.3357137999992,238.3357137999992,238.3357137999992,239.33552439999767,239.33552439999767,239.33552439999767,239.72314139999798,c,1,0.37105100000917446,None,,,,,Participant 4 ,001,2025-10-03_16h15.22.590,Motor Sequence Learning Bhumika Bajaj AU2320057,,2025.1.1,59.95027724006131,2025-10-03 16h15.37.786963 +0530,
-150,z,99,3,24,z,1,0.3579758999985643,None,24,3,99,3,,,,,239.7368473999959,,239.72382639998978,240.7392925999884,240.7392925999884,240.7392925999884,240.7392925999884,240.7392925999884,241.754217099995,241.73717459999898,241.73717459999898,242.10348839999642,z,1,0.3579758999985643,None,,,,,Participant 4 ,001,2025-10-03_16h15.22.590,Motor Sequence Learning Bhumika Bajaj AU2320057,,2025.1.1,59.95027724006131,2025-10-03 16h15.37.786963 +0530,
-50,x,100,0,25,x,1,0.3144012999982806,None,25,0,100,0,,,,,242.1187218999985,,242.1040076999925,243.1026889999921,243.1026889999921,243.1026889999921,243.1026889999921,243.1026889999921,244.10065249999752,244.11794919999375,244.11794919999375,244.4350637999887,x,1,0.3144012999982806,None,,,,,Participant 4 ,001,2025-10-03_16h15.22.590,Motor Sequence Learning Bhumika Bajaj AU2320057,,2025.1.1,59.95027724006131,2025-10-03 16h15.37.786963 +0530,
150,v,101,1,25,v,1,0.3135049000120489,None,25,1,101,1,,,,,244.45041449999553,,244.43562999999267,245.4508455999894,245.4508455999894,245.4508455999894,245.4508455999894,245.4508455999894,246.45292169999448,246.43522709999525,246.43522709999525,246.7535285999911,v,1,0.3135049000120489,None,,,,,Participant 4 ,001,2025-10-03_16h15.22.590,Motor Sequence Learning Bhumika Bajaj AU2320057,,2025.1.1,59.95027724006131,2025-10-03 16h15.37.786963 +0530,
50,c,102,2,25,c,1,0.31360019999556243,None,25,2,102,2,,,,,246.76931049999257,,246.75415039999643,247.75044689999777,247.75044689999777,247.75044689999777,247.75044689999777,247.75044689999777,248.75243880000198,248.76850239999476,248.76850239999476,249.08685519998835,c,1,0.31360019999556243,None,,,,,Participant 4 ,001,2025-10-03_16h15.22.590,Motor Sequence Learning Bhumika Bajaj AU2320057,,2025.1.1,59.95027724006131,2025-10-03 16h15.37.786963 +0530,
-150,z,103,3,25,z,1,0.6406471999944188,None,25,3,103,3,,,,,249.10268919999362,,249.0873828999902,250.08894560000044,250.08894560000044,250.08894560000044,250.08894560000044,250.08894560000044,251.10108909998962,251.10108909998962,251.10108909998962,251.75351589999627,z,1,0.6406471999944188,None,,,,,Participant 4 ,001,2025-10-03_16h15.22.590,Motor Sequence Learning Bhumika Bajaj AU2320057,,2025.1.1,59.95027724006131,2025-10-03 16h15.37.786963 +0530,
-50,x,104,0,26,x,1,0.45005689999379683,None,26,0,104,0,,,,,251.76698429998942,,251.75415909998992,252.7685572999908,252.7685572999908,252.7685572999908,252.7685572999908,252.7685572999908,253.76947030000156,253.76947030000156,253.76947030000156,254.2356635999895,x,1,0.45005689999379683,None,,,,,Participant 4 ,001,2025-10-03_16h15.22.590,Motor Sequence Learning Bhumika Bajaj AU2320057,,2025.1.1,59.95027724006131,2025-10-03 16h15.37.786963 +0530,
150,v,105,1,26,v,1,0.27918270000373013,None,26,1,105,1,,,,,254.2515268999996,,254.23620489999303,255.23868090000178,255.23868090000178,255.23868090000178,255.23868090000178,255.23868090000178,256.25138770000194,256.23538050000207,256.23538050000207,256.5197712999943,v,1,0.27918270000373013,None,,,,,Participant 4 ,001,2025-10-03_16h15.22.590,Motor Sequence Learning Bhumika Bajaj AU2320057,,2025.1.1,59.95027724006131,2025-10-03 16h15.37.786963 +0530,
50,c,106,2,26,c,1,0.2998848999995971,None,26,2,106,2,,,,,256.5356008999952,,256.52027480000106,257.53538169999956,257.53538169999956,257.53538169999956,257.53538169999956,257.53538169999956,258.5505925999896,258.5341192999913,258.5341192999913,258.8505242999963,c,1,0.2998848999995971,None,,,,,Participant 4 ,001,2025-10-03_16h15.22.590,Motor Sequence Learning Bhumika Bajaj AU2320057,,2025.1.1,59.95027724006131,2025-10-03 16h15.37.786963 +0530,
-150,z,107,3,26,z,1,0.2987338999955682,None,26,3,107,3,,,,,258.86932979999983,,258.85100480000256,259.84972719999496,259.84972719999496,259.84972719999496,259.84972719999496,259.84972719999496,260.8413675999909,260.8497081999958,260.8497081999958,261.16001870000036,z,1,0.2987338999955682,None,,,,,Participant 4 ,001,2025-10-03_16h15.22.590,Motor Sequence Learning Bhumika Bajaj AU2320057,,2025.1.1,59.95027724006131,2025-10-03 16h15.37.786963 +0530,
-50,x,108,0,27,x,1,0.2852051000081701,None,27,0,108,0,,,,,261.16716379999707,,261.16047619999154,262.1692372999969,262.1692372999969,262.1692372999969,262.1692372999969,262.1692372999969,263.1832108999952,263.1670102999924,263.1670102999924,263.46711729999515,x,1,0.2852051000081701,None,,,,,Participant 4 ,001,2025-10-03_16h15.22.590,Motor Sequence Learning Bhumika Bajaj AU2320057,,2025.1.1,59.95027724006131,2025-10-03 16h15.37.786963 +0530,
150,v,109,1,27,v,1,0.3891808999906061,None,27,1,109,1,,,,,263.482880800002,,263.46766209999623,264.48322689998895,264.48322689998895,264.48322689998895,264.48322689998895,264.48322689998895,265.48322019999614,265.4667131999886,265.4667131999886,265.8671392999968,v,1,0.3891808999906061,None,,,,,Participant 4 ,001,2025-10-03_16h15.22.590,Motor Sequence Learning Bhumika Bajaj AU2320057,,2025.1.1,59.95027724006131,2025-10-03 16h15.37.786963 +0530,
50,c,110,2,27,c,1,0.46410880000621546,None,27,2,110,2,,,,,265.88531449998845,,265.8676348000008,266.8678948000015,266.8678948000015,266.8678948000015,266.8678948000015,266.8678948000015,267.88361520000035,267.86702669999795,267.86702669999795,268.33626060000097,c,1,0.46410880000621546,None,,,,,Participant 4 ,001,2025-10-03_16h15.22.590,Motor Sequence Learning Bhumika Bajaj AU2320057,,2025.1.1,59.95027724006131,2025-10-03 16h15.37.786963 +0530,
-150,z,111,3,27,z,1,0.12148119999619666,None,27,3,111,3,,,,,268.3530097999901,,268.33676919998834,269.3347921999957,269.3347921999957,269.3347921999957,269.3347921999957,269.3347921999957,270.34373329998925,270.34373329998925,270.34373329998925,270.46768869999505,z,1,0.12148119999619666,None,,,,,Participant 4 ,001,2025-10-03_16h15.22.590,Motor Sequence Learning Bhumika Bajaj AU2320057,,2025.1.1,59.95027724006131,2025-10-03 16h15.37.786963 +0530,
-50,x,112,0,28,x,1,0.21785829999134876,None,28,0,112,0,,,,,270.4744175999949,,270.46809339999163,271.4775370999996,271.4775370999996,271.4775370999996,271.4775370999996,271.4775370999996,272.4765524999966,272.4765524999966,272.4765524999966,272.711318799993,x,1,0.21785829999134876,None,,,,,Participant 4 ,001,2025-10-03_16h15.22.590,Motor Sequence Learning Bhumika Bajaj AU2320057,,2025.1.1,59.95027724006131,2025-10-03 16h15.37.786963 +0530,
150,v,113,1,28,v,1,0.41850060000433587,None,28,1,113,1,,,,,272.72634619999735,,272.7118630999903,273.71053169999504,273.71053169999504,273.71053169999504,273.71053169999504,273.71053169999504,274.71015230000194,274.71015230000194,274.71015230000194,275.14451289999124,v,1,0.41850060000433587,None,,,,,Participant 4 ,001,2025-10-03_16h15.22.590,Motor Sequence Learning Bhumika Bajaj AU2320057,,2025.1.1,59.95027724006131,2025-10-03 16h15.37.786963 +0530,
50,c,114,2,28,c,1,0.3455250000115484,None,28,2,114,2,,,,,275.16030129999854,,275.14504170000146,276.160467099995,276.160467099995,276.160467099995,276.160467099995,276.160467099995,277.1599928999931,277.1438408999966,277.1438408999966,277.49299839999003,c,1,0.3455250000115484,None,,,,,Participant 4 ,001,2025-10-03_16h15.22.590,Motor Sequence Learning Bhumika Bajaj AU2320057,,2025.1.1,59.95027724006131,2025-10-03 16h15.37.786963 +0530,
-150,z,115,3,28,z,1,0.4325313000008464,None,28,3,115,3,,,,,277.50807820000045,,277.49348929998814,278.49423909999314,278.49423909999314,278.49423909999314,278.49423909999314,278.49423909999314,279.5000619999919,279.5000619999919,279.5000619999919,279.93724509999447,z,1,0.4325313000008464,None,,,,,Participant 4 ,001,2025-10-03_16h15.22.590,Motor Sequence Learning Bhumika Bajaj AU2320057,,2025.1.1,59.95027724006131,2025-10-03 16h15.37.786963 +0530,
-50,x,116,0,29,x,1,0.4333167000004323,None,29,0,116,0,,,,,279.95016999999643,,279.9376411999983,280.94313800000236,280.94313800000236,280.94313800000236,280.94313800000236,280.94313800000236,281.94505879998906,281.94505879998906,281.94505879998906,282.38367429999926,x,1,0.4333167000004323,None,,,,,Participant 4 ,001,2025-10-03_16h15.22.590,Motor Sequence Learning Bhumika Bajaj AU2320057,,2025.1.1,59.95027724006131,2025-10-03 16h15.37.786963 +0530,
150,v,117,1,29,v,1,0.24679690001357812,None,29,1,117,1,,,,,282.4020097999892,,282.3840146000002,283.3864418000012,283.3864418000012,283.3864418000012,283.3864418000012,283.3864418000012,284.4022333999892,284.38486769999145,284.38486769999145,284.6335846000002,v,1,0.24679690001357812,None,,,,,Participant 4 ,001,2025-10-03_16h15.22.590,Motor Sequence Learning Bhumika Bajaj AU2320057,,2025.1.1,59.95027724006131,2025-10-03 16h15.37.786963 +0530,
50,c,118,2,29,c,1,0.24566780000168364,None,29,2,118,2,,,,,284.6411655999982,,284.633980899991,285.6260690999916,285.6260690999916,285.6260690999916,285.6260690999916,285.6260690999916,286.6278985999961,286.6438743999897,286.6438743999897,286.8951604999893,c,1,0.24566780000168364,None,,,,,Participant 4 ,001,2025-10-03_16h15.22.590,Motor Sequence Learning Bhumika Bajaj AU2320057,,2025.1.1,59.95027724006131,2025-10-03 16h15.37.786963 +0530,
-150,z,119,3,29,z,1,0.24179089999233838,None,29,3,119,3,,,,,286.9113004999963,,286.8957136999961,287.90831899999466,287.90831899999466,287.90831899999466,287.90831899999466,287.90831899999466,288.9309166999883,288.910532599999,288.910532599999,289.1611416999949,z,1,0.24179089999233838,None,,,,,Participant 4 ,001,2025-10-03_16h15.22.590,Motor Sequence Learning Bhumika Bajaj AU2320057,,2025.1.1,59.95027724006131,2025-10-03 16h15.37.786963 +0530,
-50,x,120,0,30,x,1,0.26338569998915773,None,30,0,120,0,,,,,289.1784878999897,,289.16187450000143,290.16374679999717,290.16374679999717,290.16374679999717,290.16374679999717,290.16374679999717,291.16353510000044,291.16353510000044,291.16353510000044,291.4319301999931,x,1,0.26338569998915773,None,,,,,Participant 4 ,001,2025-10-03_16h15.22.590,Motor Sequence Learning Bhumika Bajaj AU2320057,,2025.1.1,59.95027724006131,2025-10-03 16h15.37.786963 +0530,
150,v,121,1,30,v,1,0.3262741999933496,None,30,1,121,1,,,,,291.44650150000234,,291.4328275000007,292.4468269999925,292.4468269999925,292.4468269999925,292.4468269999925,292.4468269999925,293.46054479999293,293.4432900999964,293.4432900999964,293.7775574999978,v,1,0.3262741999933496,None,,,,,Participant 4 ,001,2025-10-03_16h15.22.590,Motor Sequence Learning Bhumika Bajaj AU2320057,,2025.1.1,59.95027724006131,2025-10-03 16h15.37.786963 +0530,
50,c,122,2,30,c,1,0.40224229999876115,None,30,2,122,2,,,,,293.79375729999447,,293.7780652999936,294.77795399999013,294.77795399999013,294.77795399999013,294.77795399999013,294.77795399999013,295.7938084999914,295.7768592999928,295.7768592999928,296.1946923999931,c,1,0.40224229999876115,None,,,,,Participant 4 ,001,2025-10-03_16h15.22.590,Motor Sequence Learning Bhumika Bajaj AU2320057,,2025.1.1,59.95027724006131,2025-10-03 16h15.37.786963 +0530,
-150,z,123,3,30,z,1,0.5659785000025295,None,30,3,123,3,,,,,296.2103133999917,,296.1952295999945,297.19415379999555,297.19415379999555,297.19415379999555,297.19415379999555,297.19415379999555,298.1935991999926,298.2116170999943,298.2116170999943,298.79433289999724,z,1,0.5659785000025295,None,,,,,Participant 4 ,001,2025-10-03_16h15.22.590,Motor Sequence Learning Bhumika Bajaj AU2320057,,2025.1.1,59.95027724006131,2025-10-03 16h15.37.786963 +0530,
-50,x,124,0,31,x,1,0.3206538000085857,None,31,0,124,0,,,,,298.81039990000136,,298.79487689999223,299.7958639999997,299.7958639999997,299.7958639999997,299.7958639999997,299.7958639999997,300.8111751999968,300.7968389000016,300.7968389000016,301.1273621,x,1,0.3206538000085857,None,,,,,Participant 4 ,001,2025-10-03_16h15.22.590,Motor Sequence Learning Bhumika Bajaj AU2320057,,2025.1.1,59.95027724006131,2025-10-03 16h15.37.786963 +0530,
150,v,125,1,31,v,1,0.3399693999963347,None,31,1,125,1,,,,,301.1460057999939,,301.1278833999968,302.1275144999963,302.1275144999963,302.1275144999963,302.1275144999963,302.1275144999963,303.1269774999964,303.1269774999964,303.1269774999964,303.4775768999971,v,1,0.3399693999963347,None,,,,,Participant 4 ,001,2025-10-03_16h15.22.590,Motor Sequence Learning Bhumika Bajaj AU2320057,,2025.1.1,59.95027724006131,2025-10-03 16h15.37.786963 +0530,
50,c,126,2,31,c,1,0.43315789999905974,None,31,2,126,2,,,,,303.4935201999906,,303.47808049999,304.4931682000024,304.4931682000024,304.4931682000024,304.4931682000024,304.4931682000024,305.4931060999952,305.4764608999976,305.4764608999976,305.91135919999215,c,1,0.43315789999905974,None,,,,,Participant 4 ,001,2025-10-03_16h15.22.590,Motor Sequence Learning Bhumika Bajaj AU2320057,,2025.1.1,59.95027724006131,2025-10-03 16h15.37.786963 +0530,
-150,z,127,3,31,z,1,0.3315813000081107,None,31,3,127,3,,,,,305.92651849999675,,305.9120295999892,306.9262033999985,306.9262033999985,306.9262033999985,306.9262033999985,306.9262033999985,307.92687289998867,307.92687289998867,307.92687289998867,308.2747543000005,z,1,0.3315813000081107,None,,,,,Participant 4 ,001,2025-10-03_16h15.22.590,Motor Sequence Learning Bhumika Bajaj AU2320057,,2025.1.1,59.95027724006131,2025-10-03 16h15.37.786963 +0530,
-50,x,128,0,32,x,1,0.3278343000129098,None,32,0,128,0,,,,,308.29333960000076,,308.2752274999948,309.276704399992,309.276704399992,309.276704399992,309.276704399992,309.276704399992,310.27702059999865,310.27702059999865,310.27702059999865,310.6100027999928,x,1,0.3278343000129098,None,,,,,Participant 4 ,001,2025-10-03_16h15.22.590,Motor Sequence Learning Bhumika Bajaj AU2320057,,2025.1.1,59.95027724006131,2025-10-03 16h15.37.786963 +0530,
150,v,129,1,32,v,1,0.6740694000036456,None,32,1,129,1,,,,,310.62688199999684,,310.6105048999889,311.61006569999154,311.61006569999154,311.61006569999154,311.61006569999154,311.61006569999154,312.60975449999387,312.60975449999387,312.60975449999387,313.29420329999994,v,1,0.6740694000036456,None,,,,,Participant 4 ,001,2025-10-03_16h15.22.590,Motor Sequence Learning Bhumika Bajaj AU2320057,,2025.1.1,59.95027724006131,2025-10-03 16h15.37.786963 +0530,
50,c,130,2,32,c,1,0.32130209999741055,None,32,2,130,2,,,,,313.31086849998974,,313.29470889999357,314.29297319999023,314.29297319999023,314.29297319999023,314.29297319999023,314.29297319999023,315.293241899999,315.3108696999989,315.3108696999989,315.6433607999934,c,1,0.32130209999741055,None,,,,,Participant 4 ,001,2025-10-03_16h15.22.590,Motor Sequence Learning Bhumika Bajaj AU2320057,,2025.1.1,59.95027724006131,2025-10-03 16h15.37.786963 +0530,
-150,z,131,3,32,z,1,0.6751378000044497,None,32,3,131,3,,,,,315.66043209999043,,315.6439115999965,316.64272459999484,316.64272459999484,316.64272459999484,316.64272459999484,316.64272459999484,317.6434963999927,317.6434963999927,317.6434963999927,318.32660380000016,z,1,0.6751378000044497,None,,,,,Participant 4 ,001,2025-10-03_16h15.22.590,Motor Sequence Learning Bhumika Bajaj AU2320057,,2025.1.1,59.95027724006131,2025-10-03 16h15.37.786963 +0530,
-50,x,132,0,33,x,1,0.2697898000042187,None,33,0,132,0,,,,,318.3430980999983,,318.32712499999616,319.326464999991,319.326464999991,319.326464999991,319.326464999991,319.326464999991,320.32621289999224,320.32621289999224,320.32621289999224,320.60175089999393,x,1,0.2697898000042187,None,,,,,Participant 4 ,001,2025-10-03_16h15.22.590,Motor Sequence Learning Bhumika Bajaj AU2320057,,2025.1.1,59.95027724006131,2025-10-03 16h15.37.786963 +0530,
150,v,133,1,33,v,1,0.249497099997825,None,33,1,133,1,,,,,320.61797419999493,,320.60226839999086,321.601402100001,321.601402100001,321.601402100001,321.601402100001,321.601402100001,322.6017356999946,322.6017356999946,322.6017356999946,322.8527691999916,v,1,0.249497099997825,None,,,,,Participant 4 ,001,2025-10-03_16h15.22.590,Motor Sequence Learning Bhumika Bajaj AU2320057,,2025.1.1,59.95027724006131,2025-10-03 16h15.37.786963 +0530,
50,c,134,2,33,c,1,0.5312712000013562,None,33,2,134,2,,,,,322.8677400000015,,322.85331489999953,323.86825719999615,323.86825719999615,323.86825719999615,323.86825719999615,323.86825719999615,324.868184299994,324.868184299994,324.868184299994,325.40296139998827,c,1,0.5312712000013562,None,,,,,Participant 4 ,001,2025-10-03_16h15.22.590,Motor Sequence Learning Bhumika Bajaj AU2320057,,2025.1.1,59.95027724006131,2025-10-03 16h15.37.786963 +0530,
-150,z,135,3,33,x,0,0.7711478999990504,None,33,3,135,3,,,,,325.4182426999905,,325.4034665999934,326.41800559998956,326.41800559998956,326.41800559998956,326.41800559998956,326.41800559998956,327.4180325999914,327.4180325999914,327.4180325999914,328.20193270000163,x,0,0.7711478999990504,None,,,,,Participant 4 ,001,2025-10-03_16h15.22.590,Motor Sequence Learning Bhumika Bajaj AU2320057,,2025.1.1,59.95027724006131,2025-10-03 16h15.37.786963 +0530,
-50,x,136,0,34,c,0,0.21845319999556523,None,34,0,136,0,,,,,328.21798919999856,,328.2024410000013,329.20141650000005,329.20141650000005,329.20141650000005,329.20141650000005,329.20141650000005,330.20129859998997,330.20129859998997,330.20129859998997,330.43617780000204,c,0,0.21845319999556523,None,,,,,Participant 4 ,001,2025-10-03_16h15.22.590,Motor Sequence Learning Bhumika Bajaj AU2320057,,2025.1.1,59.95027724006131,2025-10-03 16h15.37.786963 +0530,
150,v,137,1,34,v,1,0.7913082000013674,None,34,1,137,1,,,,,330.45135799999116,,330.43668949999847,331.4379992999893,331.4379992999893,331.4379992999893,331.4379992999893,331.4379992999893,332.4549486999895,332.4382915999886,332.4382915999886,333.23561899999913,v,1,0.7913082000013674,None,,,,,Participant 4 ,001,2025-10-03_16h15.22.590,Motor Sequence Learning Bhumika Bajaj AU2320057,,2025.1.1,59.95027724006131,2025-10-03 16h15.37.786963 +0530,
50,c,138,2,34,c,1,0.3321862000011606,None,34,2,138,2,,,,,333.2512024000025,,333.23614090000046,334.2386082000012,334.2386082000012,334.2386082000012,334.2386082000012,334.2386082000012,335.2511552999931,335.2511552999931,335.2511552999931,335.585760499991,c,1,0.3321862000011606,None,,,,,Participant 4 ,001,2025-10-03_16h15.22.590,Motor Sequence Learning Bhumika Bajaj AU2320057,,2025.1.1,59.95027724006131,2025-10-03 16h15.37.786963 +0530,
-150,z,139,3,34,z,1,0.5342865000129677,None,34,3,139,3,,,,,335.60189819999505,,335.5863091999927,336.6011712999898,336.6011712999898,336.6011712999898,336.6011712999898,336.6011712999898,337.601742999992,337.58419039999717,337.58419039999717,338.1352256999962,z,1,0.5342865000129677,None,,,,,Participant 4 ,001,2025-10-03_16h15.22.590,Motor Sequence Learning Bhumika Bajaj AU2320057,,2025.1.1,59.95027724006131,2025-10-03 16h15.37.786963 +0530,
-50,x,140,0,35,x,1,0.2905354999966221,None,35,0,140,0,,,,,338.15127609999035,,338.13576549998834,339.1349494999886,339.1349494999886,339.1349494999886,339.1349494999886,339.1349494999886,340.1346629999898,340.15100040000107,340.15100040000107,340.4500910999923,x,1,0.2905354999966221,None,,,,,Participant 4 ,001,2025-10-03_16h15.22.590,Motor Sequence Learning Bhumika Bajaj AU2320057,,2025.1.1,59.95027724006131,2025-10-03 16h15.37.786963 +0530,
150,v,141,1,35,v,1,0.5789993999933358,None,35,1,141,1,,,,,340.4685078999901,,340.4506135999982,341.4513791999925,341.4513791999925,341.4513791999925,341.4513791999925,341.4513791999925,342.45117030000256,342.45117030000256,342.45117030000256,343.03936599999724,v,1,0.5789993999933358,None,,,,,Participant 4 ,001,2025-10-03_16h15.22.590,Motor Sequence Learning Bhumika Bajaj AU2320057,,2025.1.1,59.95027724006131,2025-10-03 16h15.37.786963 +0530,
50,c,142,2,35,c,1,0.34656019999238197,None,35,2,142,2,,,,,343.0556149999902,,343.0402500999917,344.0548240999924,344.0548240999924,344.0548240999924,344.0548240999924,344.0548240999924,345.0546808999934,345.0546808999934,345.0546808999934,345.41853450000053,c,1,0.34656019999238197,None,,,,,Participant 4 ,001,2025-10-03_16h15.22.590,Motor Sequence Learning Bhumika Bajaj AU2320057,,2025.1.1,59.95027724006131,2025-10-03 16h15.37.786963 +0530,
-150,z,143,3,35,z,1,0.23237240000162274,None,35,3,143,3,,,,,345.43476910000027,,345.41889889999584,346.4176299999963,346.4176299999963,346.4176299999963,346.4176299999963,346.4176299999963,347.4182471999957,347.4182471999957,347.4182471999957,347.66682509999373,z,1,0.23237240000162274,None,,,,,Participant 4 ,001,2025-10-03_16h15.22.590,Motor Sequence Learning Bhumika Bajaj AU2320057,,2025.1.1,59.95027724006131,2025-10-03 16h15.37.786963 +0530,
-50,x,144,0,36,x,1,0.29365649999817833,None,36,0,144,0,,,,,347.6821363999916,,347.6672213999991,348.66774969999096,348.66774969999096,348.66774969999096,348.66774969999096,348.66774969999096,349.6679034999979,349.6679034999979,349.6679034999979,349.96802619998925,x,1,0.29365649999817833,None,,,,,Participant 4 ,001,2025-10-03_16h15.22.590,Motor Sequence Learning Bhumika Bajaj AU2320057,,2025.1.1,59.95027724006131,2025-10-03 16h15.37.786963 +0530,
150,v,145,1,36,v,1,0.24816619999182876,None,36,1,145,1,,,,,349.9845373999997,,349.9685513000004,350.97093660000246,350.97093660000246,350.97093660000246,350.97093660000246,350.97093660000246,351.98449669999536,351.96786459999566,351.96786459999566,352.2187997000001,v,1,0.24816619999182876,None,,,,,Participant 4 ,001,2025-10-03_16h15.22.590,Motor Sequence Learning Bhumika Bajaj AU2320057,,2025.1.1,59.95027724006131,2025-10-03 16h15.37.786963 +0530,
50,c,146,2,36,c,1,0.05806290000327863,None,36,2,146,2,,,,,352.2346484000009,,352.2193097999989,353.2348861999926,353.2348861999926,353.2348861999926,353.2348861999926,353.2348861999926,354.2379917999933,354.22083599999314,354.22083599999314,354.2877140999917,c,1,0.05806290000327863,None,,,,,Participant 4 ,001,2025-10-03_16h15.22.590,Motor Sequence Learning Bhumika Bajaj AU2320057,,2025.1.1,59.95027724006131,2025-10-03 16h15.37.786963 +0530,
-150,z,147,3,36,z,1,0.32632490000105463,None,36,3,147,3,,,,,354.30463109999255,,354.2886242999957,355.3006391999952,355.3006391999952,355.3006391999952,355.3006391999952,355.3006391999952,356.3011126999918,356.3011126999918,356.3011126999918,356.6323171999975,z,1,0.32632490000105463,None,,,,,Participant 4 ,001,2025-10-03_16h15.22.590,Motor Sequence Learning Bhumika Bajaj AU2320057,,2025.1.1,59.95027724006131,2025-10-03 16h15.37.786963 +0530,
-50,x,148,0,37,x,1,0.2934792000014568,None,37,0,148,0,,,,,356.64861689999816,,356.6328046999988,357.6332387000002,357.6332387000002,357.6332387000002,357.6332387000002,357.6332387000002,358.63224710000213,358.63224710000213,358.63224710000213,358.9322710999986,x,1,0.2934792000014568,None,,,,,Participant 4 ,001,2025-10-03_16h15.22.590,Motor Sequence Learning Bhumika Bajaj AU2320057,,2025.1.1,59.95027724006131,2025-10-03 16h15.37.786963 +0530,
150,v,149,1,37,v,1,0.29618499999924097,None,37,1,149,1,,,,,358.948516199991,,358.93275300000096,359.9339284000016,359.9339284000016,359.9339284000016,359.9339284000016,359.9339284000016,360.9346535999939,360.9346535999939,360.9346535999939,361.23570779999136,v,1,0.29618499999924097,None,,,,,Participant 4 ,001,2025-10-03_16h15.22.590,Motor Sequence Learning Bhumika Bajaj AU2320057,,2025.1.1,59.95027724006131,2025-10-03 16h15.37.786963 +0530,
50,c,150,2,37,c,1,0.3450675000058254,None,37,2,150,2,,,,,361.25147989999095,,361.23631249999744,362.25088849999884,362.25088849999884,362.25088849999884,362.25088849999884,362.25088849999884,363.2518213000003,363.2347027999931,363.2347027999931,363.58274639998854,c,1,0.3450675000058254,None,,,,,Participant 4 ,001,2025-10-03_16h15.22.590,Motor Sequence Learning Bhumika Bajaj AU2320057,,2025.1.1,59.95027724006131,2025-10-03 16h15.37.786963 +0530,
-150,z,151,3,37,z,1,0.3623533999925712,None,37,3,151,3,,,,,363.5997922999959,,363.5833328000008,364.5846526999958,364.5846526999958,364.5846526999958,364.5846526999958,364.5846526999958,365.58451739999873,365.58451739999873,365.58451739999873,365.9559647999995,z,1,0.3623533999925712,None,,,,,Participant 4 ,001,2025-10-03_16h15.22.590,Motor Sequence Learning Bhumika Bajaj AU2320057,,2025.1.1,59.95027724006131,2025-10-03 16h15.37.786963 +0530,
-50,x,152,0,38,x,1,0.7956979000009596,None,38,0,152,0,,,,,365.97125740000047,,365.9568508999946,366.96704679999675,366.96704679999675,366.96704679999675,366.96704679999675,366.96704679999675,367.96722749999026,367.96722749999026,367.96722749999026,368.7683954999957,x,1,0.7956979000009596,None,,,,,Participant 4 ,001,2025-10-03_16h15.22.590,Motor Sequence Learning Bhumika Bajaj AU2320057,,2025.1.1,59.95027724006131,2025-10-03 16h15.37.786963 +0530,
150,v,153,1,38,v,1,0.29035860000294633,None,38,1,153,1,,,,,368.78386840000167,,368.76913200000126,369.76824819999456,369.76824819999456,369.76824819999456,369.76824819999456,369.76824819999456,370.76762739999685,370.784931599992,370.784931599992,371.0844816000026,v,1,0.29035860000294633,None,,,,,Participant 4 ,001,2025-10-03_16h15.22.590,Motor Sequence Learning Bhumika Bajaj AU2320057,,2025.1.1,59.95027724006131,2025-10-03 16h15.37.786963 +0530,
50,c,154,2,38,c,1,0.1951662000064971,None,38,2,154,2,,,,,371.1009105999983,,371.0850134999928,372.0842452999932,372.0842452999932,372.0842452999932,372.0842452999932,372.0842452999932,373.08439910000016,373.08439910000016,373.08439910000016,373.28486189999967,c,1,0.1951662000064971,None,,,,,Participant 4 ,001,2025-10-03_16h15.22.590,Motor Sequence Learning Bhumika Bajaj AU2320057,,2025.1.1,59.95027724006131,2025-10-03 16h15.37.786963 +0530,
-150,z,155,3,38,z,1,0.7454983000061475,None,38,3,155,3,,,,,373.30060129999765,,373.2853652999911,374.2840940999886,374.2840940999886,374.2840940999886,374.2840940999886,374.2840940999886,375.28481539999484,375.28481539999484,375.28481539999484,376.0348835999903,z,1,0.7454983000061475,None,,,,,Participant 4 ,001,2025-10-03_16h15.22.590,Motor Sequence Learning Bhumika Bajaj AU2320057,,2025.1.1,59.95027724006131,2025-10-03 16h15.37.786963 +0530,
-50,x,156,0,39,x,1,0.30425700001069345,None,39,0,156,0,,,,,376.05082439999387,,376.03540059999796,377.0345786999969,377.0345786999969,377.0345786999969,377.0345786999969,377.0345786999969,378.0342812000017,378.05089439998847,378.05089439998847,378.3684620999993,x,1,0.30425700001069345,None,,,,,Participant 4 ,001,2025-10-03_16h15.22.590,Motor Sequence Learning Bhumika Bajaj AU2320057,,2025.1.1,59.95027724006131,2025-10-03 16h15.37.786963 +0530,
150,v,157,1,39,v,1,0.4306501999963075,None,39,1,157,1,,,,,378.38396649999777,,378.36903119999624,379.3676448999904,379.3676448999904,379.3676448999904,379.3676448999904,379.3676448999904,380.36514719999104,380.36514719999104,380.36514719999104,380.80146689999674,v,1,0.4306501999963075,None,,,,,Participant 4 ,001,2025-10-03_16h15.22.590,Motor Sequence Learning Bhumika Bajaj AU2320057,,2025.1.1,59.95027724006131,2025-10-03 16h15.37.786963 +0530,
50,c,158,2,39,c,1,0.29574969998793676,None,39,2,158,2,,,,,380.81798130000243,,380.8019820999907,381.80073289999564,381.80073289999564,381.80073289999564,381.80073289999564,381.80073289999564,382.8011744999967,382.8011744999967,382.8011744999967,383.10132729999896,c,1,0.29574969998793676,None,,,,,Participant 4 ,001,2025-10-03_16h15.22.590,Motor Sequence Learning Bhumika Bajaj AU2320057,,2025.1.1,59.95027724006131,2025-10-03 16h15.37.786963 +0530,
-150,z,159,3,39,z,1,0.09912910001003183,None,39,3,159,3,,,,,383.11752729999716,,383.10196089999226,384.10092359999544,384.10092359999544,384.10092359999544,384.10092359999544,384.10092359999544,385.10025059999316,385.10025059999316,385.10025059999316,385.20350759998837,z,1,0.09912910001003183,None,,,,,Participant 4 ,001,2025-10-03_16h15.22.590,Motor Sequence Learning Bhumika Bajaj AU2320057,,2025.1.1,59.95027724006131,2025-10-03 16h15.37.786963 +0530,
-50,x,160,0,40,x,1,0.3150212000036845,None,40,0,160,0,,,,,385.2206436999986,,385.20443089999026,386.22085459998925,386.22085459998925,386.22085459998925,386.22085459998925,386.22085459998925,387.2197269999888,387.2036257,387.2036257,387.5347053000005,x,1,0.3150212000036845,None,,,,,Participant 4 ,001,2025-10-03_16h15.22.590,Motor Sequence Learning Bhumika Bajaj AU2320057,,2025.1.1,59.95027724006131,2025-10-03 16h15.37.786963 +0530,
150,v,161,1,40,v,1,0.6119752999948105,None,40,1,161,1,,,,,387.55072980000114,,387.53521380000166,388.5507535999932,388.5507535999932,388.5507535999932,388.5507535999932,388.5507535999932,389.5506869999954,389.5337123999925,389.5337123999925,390.1508931999997,v,1,0.6119752999948105,None,,,,,Participant 4 ,001,2025-10-03_16h15.22.590,Motor Sequence Learning Bhumika Bajaj AU2320057,,2025.1.1,59.95027724006131,2025-10-03 16h15.37.786963 +0530,
50,c,162,2,40,c,1,0.3322866999951657,None,40,2,162,2,,,,,390.166713300001,,390.151503999994,391.15093669999624,391.15093669999624,391.15093669999624,391.15093669999624,391.15093669999624,392.15131269999256,392.15131269999256,392.15131269999256,392.48733429999265,c,1,0.3322866999951657,None,,,,,Participant 4 ,001,2025-10-03_16h15.22.590,Motor Sequence Learning Bhumika Bajaj AU2320057,,2025.1.1,59.95027724006131,2025-10-03 16h15.37.786963 +0530,
-150,z,163,3,40,z,1,0.4013706999976421,None,40,3,163,3,,,,,392.50066069999593,,392.48785489999864,393.4878514000011,393.4878514000011,393.4878514000011,393.4878514000011,393.4878514000011,394.5013503999944,394.5013503999944,394.5013503999944,394.9189580999955,z,1,0.4013706999976421,None,,,,,Participant 4 ,001,2025-10-03_16h15.22.590,Motor Sequence Learning Bhumika Bajaj AU2320057,,2025.1.1,59.95027724006131,2025-10-03 16h15.37.786963 +0530,
-50,x,164,0,41,x,1,0.008572299993829802,None,41,0,164,0,,,,,394.93408739998995,,394.9195100999932,395.93438679999963,395.93438679999963,395.93438679999963,395.93438679999963,395.93438679999963,396.93517279998923,396.93517279998923,396.93517279998923,396.95165439999255,x,1,0.008572299993829802,None,,,,,Participant 4 ,001,2025-10-03_16h15.22.590,Motor Sequence Learning Bhumika Bajaj AU2320057,,2025.1.1,59.95027724006131,2025-10-03 16h15.37.786963 +0530,
150,v,165,1,41,v,1,0.011321999991196208,None,41,1,165,1,,,,,396.9682152999885,,396.9521692999988,397.95122979998996,397.95122979998996,397.95122979998996,397.95122979998996,397.95122979998996,398.95074449999083,398.95074449999083,398.95074449999083,398.96750919999613,v,1,0.011321999991196208,None,,,,,Participant 4 ,001,2025-10-03_16h15.22.590,Motor Sequence Learning Bhumika Bajaj AU2320057,,2025.1.1,59.95027724006131,2025-10-03 16h15.37.786963 +0530,
50,c,166,2,41,c,1,0.6941744000068866,None,41,2,166,2,,,,,398.9841335999954,,398.9680188999919,399.9702724999952,399.9702724999952,399.9702724999952,399.9702724999952,399.9702724999952,400.97044409999216,400.97044409999216,400.97044409999216,401.6686897999898,c,1,0.6941744000068866,None,,,,,Participant 4 ,001,2025-10-03_16h15.22.590,Motor Sequence Learning Bhumika Bajaj AU2320057,,2025.1.1,59.95027724006131,2025-10-03 16h15.37.786963 +0530,
-150,z,167,3,41,z,1,0.05617159999383148,None,41,3,167,3,,,,,401.68260679999366,,401.66920949998894,402.67132819999824,402.67132819999824,402.67132819999824,402.67132819999824,402.67132819999824,403.6842489999981,403.66773669999384,403.66773669999384,403.73492570000235,z,1,0.05617159999383148,None,,,,,Participant 4 ,001,2025-10-03_16h15.22.590,Motor Sequence Learning Bhumika Bajaj AU2320057,,2025.1.1,59.95027724006131,2025-10-03 16h15.37.786963 +0530,
-50,x,168,0,42,x,1,0.13004340000043157,None,42,0,168,0,,,,,403.7511411000014,,403.7354369999957,404.73386129998835,404.73386129998835,404.73386129998835,404.73386129998835,404.73386129998835,405.7374073999963,405.7374073999963,405.7374073999963,405.8684987000015,x,1,0.13004340000043157,None,,,,,Participant 4 ,001,2025-10-03_16h15.22.590,Motor Sequence Learning Bhumika Bajaj AU2320057,,2025.1.1,59.95027724006131,2025-10-03 16h15.37.786963 +0530,
150,v,169,1,42,v,1,0.05032769999525044,None,42,1,169,1,,,,,405.8841410999885,,405.8690237999981,406.8677084999945,406.8677084999945,406.8677084999945,406.8677084999945,406.8677084999945,407.8688525999896,407.8688525999896,407.8688525999896,407.93276949999563,v,1,0.05032769999525044,None,,,,,Participant 4 ,001,2025-10-03_16h15.22.590,Motor Sequence Learning Bhumika Bajaj AU2320057,,2025.1.1,59.95027724006131,2025-10-03 16h15.37.786963 +0530,
50,c,170,2,42,c,1,0.12452469998970628,None,42,2,170,2,,,,,407.9507404999895,,407.9333112000022,408.9343613999954,408.9343613999954,408.9343613999954,408.9343613999954,408.9343613999954,409.93412089999765,409.93412089999765,409.93412089999765,410.06858429999556,c,1,0.12452469998970628,None,,,,,Participant 4 ,001,2025-10-03_16h15.22.590,Motor Sequence Learning Bhumika Bajaj AU2320057,,2025.1.1,59.95027724006131,2025-10-03 16h15.37.786963 +0530,
-150,z,171,3,42,z,1,0.3287860999989789,None,42,3,171,3,,,,,410.08447659999365,,410.06909389999055,411.0701396999939,411.0701396999939,411.0701396999939,411.0701396999939,411.0701396999939,412.0844056999922,412.0844056999922,412.0844056999922,412.41854749999766,z,1,0.3287860999989789,None,,,,,Participant 4 ,001,2025-10-03_16h15.22.590,Motor Sequence Learning Bhumika Bajaj AU2320057,,2025.1.1,59.95027724006131,2025-10-03 16h15.37.786963 +0530,
-50,x,172,0,43,x,1,0.31636230000003707,None,43,0,172,0,,,,,412.4339545999974,,412.41906980000203,413.43446109999786,413.43446109999786,413.43446109999786,413.43446109999786,413.43446109999786,414.43532669999695,414.41856029999326,414.41856029999326,414.7513614999916,x,1,0.31636230000003707,None,,,,,Participant 4 ,001,2025-10-03_16h15.22.590,Motor Sequence Learning Bhumika Bajaj AU2320057,,2025.1.1,59.95027724006131,2025-10-03 16h15.37.786963 +0530,
150,v,173,1,43,v,1,0.08063820000097621,None,43,1,173,1,,,,,414.7679372999992,,414.7518875999958,415.7506357999955,415.7506357999955,415.7506357999955,415.7506357999955,415.7506357999955,416.7498454000015,416.7498454000015,416.7498454000015,416.8345083999884,v,1,0.08063820000097621,None,,,,,Participant 4 ,001,2025-10-03_16h15.22.590,Motor Sequence Learning Bhumika Bajaj AU2320057,,2025.1.1,59.95027724006131,2025-10-03 16h15.37.786963 +0530,
50,c,174,2,43,c,1,0.20345509999606293,None,43,2,174,2,,,,,416.85124519999954,,416.8350403999939,417.84951129999536,417.84951129999536,417.84951129999536,417.84951129999536,417.84951129999536,418.85062409999955,418.8346315999952,418.8346315999952,419.051902399995,c,1,0.20345509999606293,None,,,,,Participant 4 ,001,2025-10-03_16h15.22.590,Motor Sequence Learning Bhumika Bajaj AU2320057,,2025.1.1,59.95027724006131,2025-10-03 16h15.37.786963 +0530,
-150,z,175,3,43,z,1,0.25913439999567345,None,43,3,175,3,,,,,419.067764899999,,419.0524015999981,420.0677194000018,420.0677194000018,420.0677194000018,420.0677194000018,420.0677194000018,421.08464190000086,421.0676351000002,421.0676351000002,421.33463050000137,z,1,0.25913439999567345,None,,,,,Participant 4 ,001,2025-10-03_16h15.22.590,Motor Sequence Learning Bhumika Bajaj AU2320057,,2025.1.1,59.95027724006131,2025-10-03 16h15.37.786963 +0530,
-50,x,176,0,44,x,1,0.32199779999791645,None,44,0,176,0,,,,,421.35284500000125,,421.3351330000005,422.3350164000003,422.3350164000003,422.3350164000003,422.3350164000003,422.3350164000003,423.3338963999995,423.3338963999995,423.3338963999995,423.66806429999997,x,1,0.32199779999791645,None,,,,,Participant 4 ,001,2025-10-03_16h15.22.590,Motor Sequence Learning Bhumika Bajaj AU2320057,,2025.1.1,59.95027724006131,2025-10-03 16h15.37.786963 +0530,
150,v,177,1,44,v,1,0.3357375000050524,None,44,1,177,1,,,,,423.6840660000016,,423.6685957000009,424.6839062999934,424.6839062999934,424.6839062999934,424.6839062999934,424.6839062999934,425.6840375999891,425.6671759999881,425.6671759999881,426.01968959999795,v,1,0.3357375000050524,None,,,,,Participant 4 ,001,2025-10-03_16h15.22.590,Motor Sequence Learning Bhumika Bajaj AU2320057,,2025.1.1,59.95027724006131,2025-10-03 16h15.37.786963 +0530,
50,c,178,2,44,c,1,0.3842319999967003,None,44,2,178,2,,,,,426.0357165999885,,426.02119339999626,427.02129740000237,427.02129740000237,427.02129740000237,427.02129740000237,427.02129740000237,428.0335841999913,428.0335841999913,428.0335841999913,428.43442309999955,c,1,0.3842319999967003,None,,,,,Participant 4 ,001,2025-10-03_16h15.22.590,Motor Sequence Learning Bhumika Bajaj AU2320057,,2025.1.1,59.95027724006131,2025-10-03 16h15.37.786963 +0530,
-150,z,179,3,44,z,1,0.540565899995272,None,44,3,179,3,,,,,428.44979919999605,,428.4349637999985,429.4339631999901,429.4339631999901,429.4339631999901,429.4339631999901,429.4339631999901,430.43381560000125,430.43381560000125,430.43381560000125,430.98463849999825,z,1,0.540565899995272,None,,,,,Participant 4 ,001,2025-10-03_16h15.22.590,Motor Sequence Learning Bhumika Bajaj AU2320057,,2025.1.1,59.95027724006131,2025-10-03 16h15.37.786963 +0530,
-50,x,180,0,45,x,1,0.003042500000447035,None,45,0,180,0,,,,,431.00039370000013,,430.9851641999994,431.98359340000025,431.98359340000025,431.98359340000025,431.98359340000025,431.98359340000025,432.9836240000004,432.9836240000004,432.9836240000004,433.0008821999945,x,1,0.003042500000447035,None,,,,,Participant 4 ,001,2025-10-03_16h15.22.590,Motor Sequence Learning Bhumika Bajaj AU2320057,,2025.1.1,59.95027724006131,2025-10-03 16h15.37.786963 +0530,
150,v,181,1,45,v,1,0.2704061999975238,None,45,1,181,1,,,,,433.01756110000133,,433.00139350000245,434.00108999999065,434.00108999999065,434.00108999999065,434.00108999999065,434.00108999999065,435.0002508999896,435.0002508999896,435.0002508999896,435.28420670000196,v,1,0.2704061999975238,None,,,,,Participant 4 ,001,2025-10-03_16h15.22.590,Motor Sequence Learning Bhumika Bajaj AU2320057,,2025.1.1,59.95027724006131,2025-10-03 16h15.37.786963 +0530,
50,c,182,2,45,c,1,0.3569805000006454,None,45,2,182,2,,,,,435.30042980000144,,435.284740099989,436.30047809999087,436.30047809999087,436.30047809999087,436.30047809999087,436.30047809999087,437.30075809999835,437.2836146999907,437.2836146999907,437.65140750000137,c,1,0.3569805000006454,None,,,,,Participant 4 ,001,2025-10-03_16h15.22.590,Motor Sequence Learning Bhumika Bajaj AU2320057,,2025.1.1,59.95027724006131,2025-10-03 16h15.37.786963 +0530,
-150,z,183,3,45,z,1,0.22900499998650048,None,45,3,183,3,,,,,437.66678899999533,,437.6519116999989,438.64960579999024,438.64960579999024,438.64960579999024,438.64960579999024,438.64960579999024,439.6501411999925,439.66711919999216,439.66711919999216,439.9010763999977,z,1,0.22900499998650048,None,,,,,Participant 4 ,001,2025-10-03_16h15.22.590,Motor Sequence Learning Bhumika Bajaj AU2320057,,2025.1.1,59.95027724006131,2025-10-03 16h15.37.786963 +0530,
-50,x,184,0,46,x,1,0.1911404999991646,None,46,0,184,0,,,,,439.91707009999664,,439.90160019999894,440.9031411999895,440.9031411999895,440.9031411999895,440.9031411999895,440.9031411999895,441.91730339999776,441.91730339999776,441.91730339999776,442.1172777999891,x,1,0.1911404999991646,None,,,,,Participant 4 ,001,2025-10-03_16h15.22.590,Motor Sequence Learning Bhumika Bajaj AU2320057,,2025.1.1,59.95027724006131,2025-10-03 16h15.37.786963 +0530,
150,v,185,1,46,v,1,0.26010719999612775,None,46,1,185,1,,,,,442.13378059999377,,442.11784359999,443.11689769999066,443.11689769999066,443.11689769999066,443.11689769999066,443.11689769999066,444.13142959999095,444.13142959999095,444.13142959999095,444.4046518999967,v,1,0.26010719999612775,None,,,,,Participant 4 ,001,2025-10-03_16h15.22.590,Motor Sequence Learning Bhumika Bajaj AU2320057,,2025.1.1,59.95027724006131,2025-10-03 16h15.37.786963 +0530,
50,c,186,2,46,c,1,0.09712579999177251,None,46,2,186,2,,,,,444.4196718999883,,444.40550619999703,445.4016035999957,445.4016035999957,445.4016035999957,445.4016035999957,445.4016035999957,446.402975399993,446.4211772999988,446.4211772999988,446.523475199996,c,1,0.09712579999177251,None,,,,,Participant 4 ,001,2025-10-03_16h15.22.590,Motor Sequence Learning Bhumika Bajaj AU2320057,,2025.1.1,59.95027724006131,2025-10-03 16h15.37.786963 +0530,
-150,z,187,3,46,z,1,0.6256346000009216,None,46,3,187,3,,,,,446.53679620000185,,446.52439510000113,447.53700159999426,447.53700159999426,447.53700159999426,447.53700159999426,447.53700159999426,448.54921060000197,448.5338791999966,448.5338791999966,449.16740729998855,z,1,0.6256346000009216,None,,,,,Participant 4 ,001,2025-10-03_16h15.22.590,Motor Sequence Learning Bhumika Bajaj AU2320057,,2025.1.1,59.95027724006131,2025-10-03 16h15.37.786963 +0530,
-50,x,188,0,47,x,1,0.777296700005536,None,47,0,188,0,,,,,449.1835827999894,,449.1679501999897,450.16683089999424,450.16683089999424,450.16683089999424,450.16683089999424,450.16683089999424,451.16785349999554,451.16785349999554,451.16785349999554,451.95049350000045,x,1,0.777296700005536,None,,,,,Participant 4 ,001,2025-10-03_16h15.22.590,Motor Sequence Learning Bhumika Bajaj AU2320057,,2025.1.1,59.95027724006131,2025-10-03 16h15.37.786963 +0530,
150,v,189,1,47,v,1,5.377679099998204,None,47,1,189,1,,,,,451.96723049999855,,451.9511955999915,452.9515893999924,452.9515893999924,452.9515893999924,452.9515893999924,452.9515893999924,453.96721550000075,453.9506207999948,453.9506207999948,459.33134340000106,v,1,5.377679099998204,None,,,,,Participant 4 ,001,2025-10-03_16h15.22.590,Motor Sequence Learning Bhumika Bajaj AU2320057,,2025.1.1,59.95027724006131,2025-10-03 16h15.37.786963 +0530,
50,c,190,2,47,c,1,0.7704779000050621,None,47,2,190,2,,,,,459.35088050000195,,459.3318298999948,460.3335356999887,460.3335356999887,460.3335356999887,460.3335356999887,460.3335356999887,461.33318139999756,461.33318139999756,461.33318139999756,462.1186842999887,c,1,0.7704779000050621,None,,,,,Participant 4 ,001,2025-10-03_16h15.22.590,Motor Sequence Learning Bhumika Bajaj AU2320057,,2025.1.1,59.95027724006131,2025-10-03 16h15.37.786963 +0530,
-150,z,191,3,47,x,0,3.6312117999914335,None,47,3,191,3,,,,,462.13211449999653,,462.11920269999246,463.1329534999968,463.1329534999968,463.1329534999968,463.1329534999968,463.1329534999968,464.13344540000253,464.13344540000253,464.13344540000253,467.7671113999968,x,0,3.6312117999914335,None,,,,,Participant 4 ,001,2025-10-03_16h15.22.590,Motor Sequence Learning Bhumika Bajaj AU2320057,,2025.1.1,59.95027724006131,2025-10-03 16h15.37.786963 +0530,
-50,x,192,0,48,z,0,1.3852317000128096,None,48,0,192,0,,,,,467.7827299999917,,467.76772789999086,468.76575530000264,468.76575530000264,468.76575530000264,468.76575530000264,468.76575530000264,469.76598149999336,469.76598149999336,469.76598149999336,471.16778859999613,z,0,1.3852317000128096,None,,,,,Participant 4 ,001,2025-10-03_16h15.22.590,Motor Sequence Learning Bhumika Bajaj AU2320057,,2025.1.1,59.95027724006131,2025-10-03 16h15.37.786963 +0530,
150,v,193,1,48,z,0,0.44766059999528807,None,48,1,193,1,,,,,471.1837106999883,,471.1683059999923,472.1834833999892,472.1834833999892,472.1834833999892,472.1834833999892,472.1834833999892,473.18308669999533,473.18308669999533,473.18308669999533,473.6340559999953,z,0,0.44766059999528807,None,,,,,Participant 4 ,001,2025-10-03_16h15.22.590,Motor Sequence Learning Bhumika Bajaj AU2320057,,2025.1.1,59.95027724006131,2025-10-03 16h15.37.786963 +0530,
50,c,194,2,48,z,0,0.6949271000048611,None,48,2,194,2,,,,,473.6493214999937,,473.6345966999943,474.6366882000002,474.6366882000002,474.6366882000002,474.6366882000002,474.6366882000002,475.6499545999977,475.63332919999084,475.63332919999084,476.3333946999919,z,0,0.6949271000048611,None,,,,,Participant 4 ,001,2025-10-03_16h15.22.590,Motor Sequence Learning Bhumika Bajaj AU2320057,,2025.1.1,59.95027724006131,2025-10-03 16h15.37.786963 +0530,
-150,z,195,3,48,x,0,0.9635956999991322,None,48,3,195,3,,,,,476.3513093999936,,476.3339233000006,477.33401739998953,477.33401739998953,477.33401739998953,477.33401739998953,477.33401739998953,478.33370839999407,478.33370839999407,478.33370839999407,479.30131779999647,x,0,0.9635956999991322,None,,,,,Participant 4 ,001,2025-10-03_16h15.22.590,Motor Sequence Learning Bhumika Bajaj AU2320057,,2025.1.1,59.95027724006131,2025-10-03 16h15.37.786963 +0530,
-50,x,196,0,49,z,0,0.3347335000144085,None,49,0,196,0,,,,,479.31642999999167,,479.3018461999891,480.3138134999899,480.3138134999899,480.3138134999899,480.3138134999899,480.3138134999899,481.3163499999937,481.3163499999937,481.3163499999937,481.6672414999921,z,0,0.3347335000144085,None,,,,,Participant 4 ,001,2025-10-03_16h15.22.590,Motor Sequence Learning Bhumika Bajaj AU2320057,,2025.1.1,59.95027724006131,2025-10-03 16h15.37.786963 +0530,
150,v,197,1,49,z,0,0.6111773000011453,None,49,1,197,1,,,,,481.6827667999896,,481.6676021999883,482.6670107999962,482.6670107999962,482.6670107999962,482.6670107999962,482.6670107999962,483.6717623000004,483.6717623000004,483.6717623000004,484.28583599999547,z,0,0.6111773000011453,None,,,,,Participant 4 ,001,2025-10-03_16h15.22.590,Motor Sequence Learning Bhumika Bajaj AU2320057,,2025.1.1,59.95027724006131,2025-10-03 16h15.37.786963 +0530,
50,c,198,2,49,c,1,0.6182637000019895,None,49,2,198,2,,,,,484.2996789999888,,484.2863536999939,485.2855137000006,485.2855137000006,485.2855137000006,485.2855137000006,485.2855137000006,486.299649099994,486.299649099994,486.299649099994,486.9343158999982,c,1,0.6182637000019895,None,,,,,Participant 4 ,001,2025-10-03_16h15.22.590,Motor Sequence Learning Bhumika Bajaj AU2320057,,2025.1.1,59.95027724006131,2025-10-03 16h15.37.786963 +0530,
-150,z,199,3,49,x,0,1.5137427000008756,None,49,3,199,3,,,,,486.9489673999924,,486.93467629999213,487.9350465999887,487.9350465999887,487.9350465999887,487.9350465999887,487.9350465999887,488.94957799999975,488.94957799999975,488.94957799999975,490.4669342999987,x,0,1.5137427000008756,None,,,,,Participant 4 ,001,2025-10-03_16h15.22.590,Motor Sequence Learning Bhumika Bajaj AU2320057,,2025.1.1,59.95027724006131,2025-10-03 16h15.37.786963 +0530,
-50,x,0,0,0,z,0,0.28298659999563824,None,,,,,0,0,0,0,490.5315227999963,,490.52211399999214,491.4662731999997,491.4662731999997,491.4662731999997,491.4662731999997,491.4662731999997,492.4665282999922,492.4665282999922,492.4665282999922,492.7508061999979,,,,,z,0,0.28298659999563824,None,Participant 4 ,001,2025-10-03_16h15.22.590,Motor Sequence Learning Bhumika Bajaj AU2320057,,2025.1.1,59.95027724006131,2025-10-03 16h15.37.786963 +0530,
-50,x,1,1,1,x,1,0.07914040000468958,None,,,,,1,1,1,0,492.766320499999,,492.75134109999635,493.7656353999919,493.7656353999919,493.7656353999919,493.7656353999919,493.7656353999919,494.76626209999085,494.7502822999959,494.7502822999959,494.83344950000173,,,,,x,1,0.07914040000468958,None,Participant 4 ,001,2025-10-03_16h15.22.590,Motor Sequence Learning Bhumika Bajaj AU2320057,,2025.1.1,59.95027724006131,2025-10-03 16h15.37.786963 +0530,
-150,z,2,2,0,z,1,0.31231610001123045,None,,,,,0,2,2,3,494.84997289998864,,494.8339973999973,495.83558189999894,495.83558189999894,495.83558189999894,495.83558189999894,495.83558189999894,496.8499665999989,496.83390519999375,496.83390519999375,497.15303419998963,,,,,z,1,0.31231610001123045,None,Participant 4 ,001,2025-10-03_16h15.22.590,Motor Sequence Learning Bhumika Bajaj AU2320057,,2025.1.1,59.95027724006131,2025-10-03 16h15.37.786963 +0530,
50,c,3,3,0,c,1,0.2843280999950366,None,,,,,0,3,3,2,497.168797899998,,497.1543958999973,498.1640757999994,498.1640757999994,498.1640757999994,498.1640757999994,498.1640757999994,499.166845499989,499.166845499989,499.166845499989,499.46736480000254,,,,,c,1,0.2843280999950366,None,Participant 4 ,001,2025-10-03_16h15.22.590,Motor Sequence Learning Bhumika Bajaj AU2320057,,2025.1.1,59.95027724006131,2025-10-03 16h15.37.786963 +0530,
-50,x,4,4,2,x,1,0.4875082999933511,None,,,,,2,4,4,0,499.4827852000017,,499.46788430000015,500.483212799998,500.483212799998,500.483212799998,500.483212799998,500.483212799998,501.49791710000136,501.4805788999947,501.4805788999947,501.984011499997,,,,,x,1,0.4875082999933511,None,Participant 4 ,001,2025-10-03_16h15.22.590,Motor Sequence Learning Bhumika Bajaj AU2320057,,2025.1.1,59.95027724006131,2025-10-03 16h15.37.786963 +0530,
150,v,5,5,0,z,0,0.3170636000140803,None,,,,,0,5,5,1,501.99959779999335,,501.9845448999986,502.98319020000054,502.98319020000054,502.98319020000054,502.98319020000054,502.98319020000054,503.9829280999984,503.9829280999984,503.9829280999984,504.3168256999925,,,,,z,0,0.3170636000140803,None,Participant 4 ,001,2025-10-03_16h15.22.590,Motor Sequence Learning Bhumika Bajaj AU2320057,,2025.1.1,59.95027724006131,2025-10-03 16h15.37.786963 +0530,
150,v,6,6,1,x,0,0.997345600000699,None,,,,,1,6,6,1,504.33279010000115,,504.3173637,505.3164572999958,505.3164572999958,505.3164572999958,505.3164572999958,505.3164572999958,506.3190653999918,506.3190653999918,506.3190653999918,507.32142629999726,,,,,x,0,0.997345600000699,None,Participant 4 ,001,2025-10-03_16h15.22.590,Motor Sequence Learning Bhumika Bajaj AU2320057,,2025.1.1,59.95027724006131,2025-10-03 16h15.37.786963 +0530,
-50,x,7,7,3,z,0,0.076107700006105,None,,,,,3,7,7,0,507.3365227999893,,507.3222925000009,508.33625680000114,508.33625680000114,508.33625680000114,508.33625680000114,508.33625680000114,509.335891900002,509.335891900002,509.335891900002,509.42080729999,,,,,z,0,0.076107700006105,None,Participant 4 ,001,2025-10-03_16h15.22.590,Motor Sequence Learning Bhumika Bajaj AU2320057,,2025.1.1,59.95027724006131,2025-10-03 16h15.37.786963 +0530,
50,c,8,8,1,x,0,0.34338750000461005,None,,,,,1,8,8,2,509.43697979999706,,509.4218477999966,510.4366119999904,510.4366119999904,510.4366119999904,510.4366119999904,510.4366119999904,511.4531777999946,511.43213599998853,511.43213599998853,511.7874912999978,,,,,x,0,0.34338750000461005,None,Participant 4 ,001,2025-10-03_16h15.22.590,Motor Sequence Learning Bhumika Bajaj AU2320057,,2025.1.1,59.95027724006131,2025-10-03 16h15.37.786963 +0530,
-50,x,9,9,4,x,1,0.3281897000124445,None,,,,,4,9,9,0,511.8043682999996,,511.78855559999647,512.8001308999956,512.8001308999956,512.8001308999956,512.8001308999956,512.8001308999956,513.7996119000018,513.7996119000018,513.7996119000018,514.1335188999947,,,,,x,1,0.3281897000124445,None,Participant 4 ,001,2025-10-03_16h15.22.590,Motor Sequence Learning Bhumika Bajaj AU2320057,,2025.1.1,59.95027724006131,2025-10-03 16h15.37.786963 +0530,
150,v,10,10,2,x,0,0.24278179999964777,None,,,,,2,10,10,1,514.1499909999984,,514.1340310999949,515.133385699999,515.133385699999,515.133385699999,515.133385699999,515.133385699999,516.1330269999889,516.1330269999889,516.1330269999889,516.3844570999936,,,,,x,0,0.24278179999964777,None,Participant 4 ,001,2025-10-03_16h15.22.590,Motor Sequence Learning Bhumika Bajaj AU2320057,,2025.1.1,59.95027724006131,2025-10-03 16h15.37.786963 +0530,
50,c,11,11,2,v,0,0.2425333999999566,None,,,,,2,11,11,2,516.3997705999936,,516.384980399991,517.3996482999937,517.3996482999937,517.3996482999937,517.3996482999937,517.3996482999937,518.3990420999908,518.3990420999908,518.3990420999908,518.6513009999908,,,,,v,0,0.2425333999999566,None,Participant 4 ,001,2025-10-03_16h15.22.590,Motor Sequence Learning Bhumika Bajaj AU2320057,,2025.1.1,59.95027724006131,2025-10-03 16h15.37.786963 +0530,
-50,x,12,12,5,c,0,0.25679980000131764,None,,,,,5,12,12,0,518.6678463999997,,518.6518644000025,519.6662050000014,519.6662050000014,519.6662050000014,519.6662050000014,519.6662050000014,520.6699299999891,520.6530854000011,520.6530854000011,520.9216603999957,,,,,c,0,0.25679980000131764,None,Participant 4 ,001,2025-10-03_16h15.22.590,Motor Sequence Learning Bhumika Bajaj AU2320057,,2025.1.1,59.95027724006131,2025-10-03 16h15.37.786963 +0530,
50,c,13,13,3,x,0,0.4875144999969052,None,,,,,3,13,13,2,520.9361908999999,,520.922541699998,521.9355062999966,521.9355062999966,521.9355062999966,521.9355062999966,521.9355062999966,522.9496729999955,522.9318626999884,522.9318626999884,523.4355350999977,,,,,x,0,0.4875144999969052,None,Participant 4 ,001,2025-10-03_16h15.22.590,Motor Sequence Learning Bhumika Bajaj AU2320057,,2025.1.1,59.95027724006131,2025-10-03 16h15.37.786963 +0530,
150,v,14,14,3,v,1,0.18476449999434408,None,,,,,3,14,14,1,523.448819600002,,523.4358816000022,524.4479185999953,524.4479185999953,524.4479185999953,524.4479185999953,524.4479185999953,525.4467357999965,525.4467357999965,525.4467357999965,525.6483829999925,,,,,v,1,0.18476449999434408,None,Participant 4 ,001,2025-10-03_16h15.22.590,Motor Sequence Learning Bhumika Bajaj AU2320057,,2025.1.1,59.95027724006131,2025-10-03 16h15.37.786963 +0530,
50,c,15,15,4,c,1,0.4979401000018697,None,,,,,4,15,15,2,525.6640344999905,,525.6488785999973,526.6499012999993,526.6499012999993,526.6499012999993,526.6499012999993,526.6499012999993,527.6493696999969,527.6493696999969,527.6493696999969,528.1505045999947,,,,,c,1,0.4979401000018697,None,Participant 4 ,001,2025-10-03_16h15.22.590,Motor Sequence Learning Bhumika Bajaj AU2320057,,2025.1.1,59.95027724006131,2025-10-03 16h15.37.786963 +0530,
-150,z,16,16,1,x,0,0.1998533000005409,None,,,,,1,16,16,3,528.166300500001,,528.1509035999916,529.1481022999942,529.1481022999942,529.1481022999942,529.1481022999942,529.1481022999942,530.15576899999,530.15576899999,530.15576899999,530.364354099991,,,,,x,0,0.1998533000005409,None,Participant 4 ,001,2025-10-03_16h15.22.590,Motor Sequence Learning Bhumika Bajaj AU2320057,,2025.1.1,59.95027724006131,2025-10-03 16h15.37.786963 +0530,
150,v,17,17,4,z,0,0.3657902999984799,None,,,,,4,17,17,1,530.3720878999884,,530.3649505999929,531.3578507999919,531.3578507999919,531.3578507999919,531.3578507999919,531.3578507999919,532.3670447999903,532.3670447999903,532.3670447999903,532.7341167999984,,,,,z,0,0.3657902999984799,None,Participant 4 ,001,2025-10-03_16h15.22.590,Motor Sequence Learning Bhumika Bajaj AU2320057,,2025.1.1,59.95027724006131,2025-10-03 16h15.37.786963 +0530,
50,c,18,18,5,x,0,0.7453036999941105,None,,,,,5,18,18,2,532.7495078999928,,532.7346715999884,533.7491192000016,533.7491192000016,533.7491192000016,533.7491192000016,533.7491192000016,534.7646640999883,534.7474536999944,534.7474536999944,535.504889799995,,,,,x,0,0.7453036999941105,None,Participant 4 ,001,2025-10-03_16h15.22.590,Motor Sequence Learning Bhumika Bajaj AU2320057,,2025.1.1,59.95027724006131,2025-10-03 16h15.37.786963 +0530,
150,v,19,19,5,x,0,0.2955151000060141,None,,,,,5,19,19,1,535.5207102999993,,535.5058547999943,536.5144295999926,536.5144295999926,536.5144295999926,536.5144295999926,536.5144295999926,537.5163295999955,537.5163295999955,537.5163295999955,537.8335288999951,,,,,x,0,0.2955151000060141,None,Participant 4 ,001,2025-10-03_16h15.22.590,Motor Sequence Learning Bhumika Bajaj AU2320057,,2025.1.1,59.95027724006131,2025-10-03 16h15.37.786963 +0530,
150,v,20,20,6,x,0,1.1128963999944972,None,,,,,6,20,20,1,537.849707100002,,537.834354599996,538.8329969999904,538.8329969999904,538.8329969999904,538.8329969999904,538.8329969999904,539.8331046999956,539.8331046999956,539.8331046999956,540.9491684999957,,,,,x,0,1.1128963999944972,None,Participant 4 ,001,2025-10-03_16h15.22.590,Motor Sequence Learning Bhumika Bajaj AU2320057,,2025.1.1,59.95027724006131,2025-10-03 16h15.37.786963 +0530,
150,v,21,21,7,x,0,0.943409999992582,None,,,,,7,21,21,1,540.9655886999972,,540.9497377999942,541.9500160999887,541.9500160999887,541.9500160999887,541.9500160999887,541.9500160999887,542.9496904999978,542.9496904999978,542.9496904999978,543.8998398999975,,,,,x,0,0.943409999992582,None,Participant 4 ,001,2025-10-03_16h15.22.590,Motor Sequence Learning Bhumika Bajaj AU2320057,,2025.1.1,59.95027724006131,2025-10-03 16h15.37.786963 +0530,
-50,x,22,22,6,x,1,0.09988740000699181,None,,,,,6,22,22,0,543.9173550999985,,543.9003660000017,544.8992777999956,544.8992777999956,544.8992777999956,544.8992777999956,544.8992777999956,545.9001189999981,545.9001189999981,545.9001189999981,546.015771099992,,,,,x,1,0.09988740000699181,None,Participant 4 ,001,2025-10-03_16h15.22.590,Motor Sequence Learning Bhumika Bajaj AU2320057,,2025.1.1,59.95027724006131,2025-10-03 16h15.37.786963 +0530,
150,v,23,23,8,c,0,0.6458996000001207,None,,,,,8,23,23,1,546.0319326000026,,546.0162834999937,547.0169651999895,547.0169651999895,547.0169651999895,547.0169651999895,547.0169651999895,548.0330610999954,548.0161433999892,548.0161433999892,548.6675221999903,,,,,c,0,0.6458996000001207,None,Participant 4 ,001,2025-10-03_16h15.22.590,Motor Sequence Learning Bhumika Bajaj AU2320057,,2025.1.1,59.95027724006131,2025-10-03 16h15.37.786963 +0530,
-50,x,24,24,7,x,1,0.11246449999453034,None,,,,,7,24,24,0,548.6836026999954,,548.6680599999963,549.6833005999943,549.6833005999943,549.6833005999943,549.6833005999943,549.6833005999943,550.6839266999887,550.6676341999992,550.6676341999992,550.7844317999989,,,,,x,1,0.11246449999453034,None,Participant 4 ,001,2025-10-03_16h15.22.590,Motor Sequence Learning Bhumika Bajaj AU2320057,,2025.1.1,59.95027724006131,2025-10-03 16h15.37.786963 +0530,
150,v,25,25,9,c,0,0.018507400003727525,None,,,,,9,25,25,1,550.7999979000015,,550.7849875999964,551.7991373999976,551.7991373999976,551.7991373999976,551.7991373999976,551.7991373999976,552.7997507999971,552.7997507999971,552.7997507999971,552.8331525999965,,,,,c,0,0.018507400003727525,None,Participant 4 ,001,2025-10-03_16h15.22.590,Motor Sequence Learning Bhumika Bajaj AU2320057,,2025.1.1,59.95027724006131,2025-10-03 16h15.37.786963 +0530,
-50,x,26,26,8,v,0,0.2540365000022575,None,,,,,8,26,26,0,552.8489185999933,,552.8336781999969,553.8335149999912,553.8335149999912,553.8335149999912,553.8335149999912,553.8335149999912,554.8364723999985,554.8364723999985,554.8364723999985,555.101448100002,,,,,v,0,0.2540365000022575,None,Participant 4 ,001,2025-10-03_16h15.22.590,Motor Sequence Learning Bhumika Bajaj AU2320057,,2025.1.1,59.95027724006131,2025-10-03 16h15.37.786963 +0530,
-50,x,27,27,9,x,1,0.3802346000011312,None,,,,,9,27,27,0,555.1157540999993,,555.1025074999925,556.1036534000013,556.1036534000013,556.1036534000013,556.1036534000013,556.1036534000013,557.1160471999901,557.1160471999901,557.1160471999901,557.5004633999924,,,,,x,1,0.3802346000011312,None,Participant 4 ,001,2025-10-03_16h15.22.590,Motor Sequence Learning Bhumika Bajaj AU2320057,,2025.1.1,59.95027724006131,2025-10-03 16h15.37.786963 +0530,
-50,x,28,28,10,x,1,0.6981165999895893,None,,,,,10,28,28,0,557.5158588999911,,557.5010133999895,558.5158629999933,558.5158629999933,558.5158629999933,558.5158629999933,558.5158629999933,559.5161367999972,559.5161367999972,559.5161367999972,560.2207839999901,,,,,x,1,0.6981165999895893,None,Participant 4 ,001,2025-10-03_16h15.22.590,Motor Sequence Learning Bhumika Bajaj AU2320057,,2025.1.1,59.95027724006131,2025-10-03 16h15.37.786963 +0530,
50,c,29,29,6,c,1,0.5823895999928936,None,,,,,6,29,29,2,560.2357339000009,,560.2217175999976,561.2323215999932,561.2323215999932,561.2323215999932,561.2323215999932,561.2323215999932,562.2348227999901,562.2348227999901,562.2348227999901,562.8335070999892,,,,,c,1,0.5823895999928936,None,Participant 4 ,001,2025-10-03_16h15.22.590,Motor Sequence Learning Bhumika Bajaj AU2320057,,2025.1.1,59.95027724006131,2025-10-03 16h15.37.786963 +0530,
150,v,30,30,10,v,1,0.6475683999888133,None,,,,,10,30,30,1,562.8493370999931,,562.8340319999988,563.8491901999951,563.8491901999951,563.8491901999951,563.8491901999951,563.8491901999951,564.863559999998,564.8466547999997,564.8466547999997,565.5008782999939,,,,,v,1,0.6475683999888133,None,Participant 4 ,001,2025-10-03_16h15.22.590,Motor Sequence Learning Bhumika Bajaj AU2320057,,2025.1.1,59.95027724006131,2025-10-03 16h15.37.786963 +0530,
50,c,31,31,7,c,1,0.28775770000356715,None,,,,,7,31,31,2,565.5163475000008,,565.5014070999896,566.5024777999934,566.5024777999934,566.5024777999934,566.5024777999934,566.5024777999934,567.5021601999906,567.5021601999906,567.5021601999906,567.8005069999926,,,,,c,1,0.28775770000356715,None,Participant 4 ,001,2025-10-03_16h15.22.590,Motor Sequence Learning Bhumika Bajaj AU2320057,,2025.1.1,59.95027724006131,2025-10-03 16h15.37.786963 +0530,
50,c,32,32,8,z,0,0.5395311000029324,None,,,,,8,32,32,2,567.816700299998,,567.8011002999992,568.801698700001,568.801698700001,568.801698700001,568.801698700001,568.801698700001,569.8156537999894,569.8156537999894,569.8156537999894,570.3730332999985,,,,,z,0,0.5395311000029324,None,Participant 4 ,001,2025-10-03_16h15.22.590,Motor Sequence Learning Bhumika Bajaj AU2320057,,2025.1.1,59.95027724006131,2025-10-03 16h15.37.786963 +0530,
-50,x,33,33,11,x,1,0.4190516000089701,None,,,,,11,33,33,0,570.3859762999928,,570.3738697999943,571.3825179999985,571.3825179999985,571.3825179999985,571.3825179999985,571.3825179999985,572.3859703999915,572.3859703999915,572.3859703999915,572.8169212999928,,,,,x,1,0.4190516000089701,None,Participant 4 ,001,2025-10-03_16h15.22.590,Motor Sequence Learning Bhumika Bajaj AU2320057,,2025.1.1,59.95027724006131,2025-10-03 16h15.37.786963 +0530,
-150,z,34,34,2,z,1,0.5931468000053428,None,,,,,2,34,34,3,572.8318472999963,,572.8174278999941,573.8322898999904,573.8322898999904,573.8322898999904,573.8322898999904,573.8322898999904,574.8319429999974,574.8158210999973,574.8158210999973,575.4173657999927,,,,,z,1,0.5931468000053428,None,Participant 4 ,001,2025-10-03_16h15.22.590,Motor Sequence Learning Bhumika Bajaj AU2320057,,2025.1.1,59.95027724006131,2025-10-03 16h15.37.786963 +0530,
-150,z,35,35,3,z,1,0.3635119999962626,None,,,,,3,35,35,3,575.4326192000008,,575.4179136999883,576.4328075999947,576.4328075999947,576.4328075999947,576.4328075999947,576.4328075999947,577.4300367999967,577.4300367999967,577.4300367999967,577.7989836999914,,,,,z,1,0.3635119999962626,None,Participant 4 ,001,2025-10-03_16h15.22.590,Motor Sequence Learning Bhumika Bajaj AU2320057,,2025.1.1,59.95027724006131,2025-10-03 16h15.37.786963 +0530,
50,c,36,36,9,z,0,0.5244602000020677,None,,,,,9,36,36,2,577.8158182999905,,577.7995214999974,578.798987000002,578.798987000002,578.798987000002,578.798987000002,578.798987000002,579.7991229999898,579.7991229999898,579.7991229999898,580.3328545999975,,,,,z,0,0.5244602000020677,None,Participant 4 ,001,2025-10-03_16h15.22.590,Motor Sequence Learning Bhumika Bajaj AU2320057,,2025.1.1,59.95027724006131,2025-10-03 16h15.37.786963 +0530,
-50,x,37,37,12,z,0,0.17519209999591112,None,,,,,12,37,37,0,580.3485061999963,,580.3333776999934,581.3323557999975,581.3323557999975,581.3323557999975,581.3323557999975,581.3323557999975,582.3319461999927,582.3319461999927,582.3319461999927,582.5159446999896,,,,,z,0,0.17519209999591112,None,Participant 4 ,001,2025-10-03_16h15.22.590,Motor Sequence Learning Bhumika Bajaj AU2320057,,2025.1.1,59.95027724006131,2025-10-03 16h15.37.786963 +0530,
-150,z,38,38,4,z,1,0.46362819999922067,None,,,,,4,38,38,3,582.5320461999945,,582.5164588999905,583.5155498999957,583.5155498999957,583.5155498999957,583.5155498999957,583.5155498999957,584.5153142999916,584.5153142999916,584.5153142999916,584.9830430000002,,,,,z,1,0.46362819999922067,None,Participant 4 ,001,2025-10-03_16h15.22.590,Motor Sequence Learning Bhumika Bajaj AU2320057,,2025.1.1,59.95027724006131,2025-10-03 16h15.37.786963 +0530,
-50,x,39,39,13,x,1,0.3798438000085298,None,,,,,13,39,39,0,584.9989479999931,,584.9835945999948,585.9991377999977,585.9991377999977,585.9991377999977,585.9991377999977,585.9991377999977,586.9988679999951,586.9817911999999,586.9817911999999,587.3686407999921,,,,,x,1,0.3798438000085298,None,Participant 4 ,001,2025-10-03_16h15.22.590,Motor Sequence Learning Bhumika Bajaj AU2320057,,2025.1.1,59.95027724006131,2025-10-03 16h15.37.786963 +0530,
-150,z,40,40,5,z,1,0.3167600000015227,None,,,,,5,40,40,3,587.3862910999887,,587.369299500002,588.3826442999998,588.3826442999998,588.3826442999998,588.3826442999998,588.3826442999998,589.3814839999977,589.3814839999977,589.3814839999977,589.7012331000005,,,,,z,1,0.3167600000015227,None,Participant 4 ,001,2025-10-03_16h15.22.590,Motor Sequence Learning Bhumika Bajaj AU2320057,,2025.1.1,59.95027724006131,2025-10-03 16h15.37.786963 +0530,
50,c,41,41,10,x,0,0.388535399993998,None,,,,,10,41,41,2,589.7151710999897,,589.7017546999996,590.7152525999991,590.7152525999991,590.7152525999991,590.7152525999991,590.7152525999991,591.7158995999926,591.7158995999926,591.7158995999926,592.1157135999965,,,,,x,0,0.388535399993998,None,Participant 4 ,001,2025-10-03_16h15.22.590,Motor Sequence Learning Bhumika Bajaj AU2320057,,2025.1.1,59.95027724006131,2025-10-03 16h15.37.786963 +0530,
-150,z,42,42,6,z,1,0.4517636999953538,None,,,,,6,42,42,3,592.1314064999897,,592.1162497999903,593.1155928999942,593.1155928999942,593.1155928999942,593.1155928999942,593.1155928999942,594.1183345999889,594.1183345999889,594.1183345999889,594.5828913000005,,,,,z,1,0.4517636999953538,None,Participant 4 ,001,2025-10-03_16h15.22.590,Motor Sequence Learning Bhumika Bajaj AU2320057,,2025.1.1,59.95027724006131,2025-10-03 16h15.37.786963 +0530,
-50,x,43,43,14,x,1,0.41730729999835603,None,,,,,14,43,43,0,594.598650999993,,594.5834164999978,595.5818901999883,595.5818901999883,595.5818901999883,595.5818901999883,595.5818901999883,596.5828517999907,596.5828517999907,596.5828517999907,597.0157497999899,,,,,x,1,0.41730729999835603,None,Participant 4 ,001,2025-10-03_16h15.22.590,Motor Sequence Learning Bhumika Bajaj AU2320057,,2025.1.1,59.95027724006131,2025-10-03 16h15.37.786963 +0530,
-150,z,44,44,7,z,1,0.5103777000040282,None,,,,,7,44,44,3,597.0324932999938,,597.0163026999944,598.015270799995,598.015270799995,598.015270799995,598.015270799995,598.015270799995,599.0154793999973,599.0154793999973,599.0154793999973,599.5326672999945,,,,,z,1,0.5103777000040282,None,Participant 4 ,001,2025-10-03_16h15.22.590,Motor Sequence Learning Bhumika Bajaj AU2320057,,2025.1.1,59.95027724006131,2025-10-03 16h15.37.786963 +0530,
-50,x,45,45,15,x,1,0.792316999999457,None,,,,,15,45,45,0,599.5494378000003,,599.533193299998,600.532367199994,600.532367199994,600.532367199994,600.532367199994,600.532367199994,601.5319115999882,601.5319115999882,601.5319115999882,602.3325070999999,,,,,x,1,0.792316999999457,None,Participant 4 ,001,2025-10-03_16h15.22.590,Motor Sequence Learning Bhumika Bajaj AU2320057,,2025.1.1,59.95027724006131,2025-10-03 16h15.37.786963 +0530,
50,c,46,46,11,c,1,0.32437440000649076,None,,,,,11,46,46,2,602.3484666000004,,602.3330503999896,603.3318108999956,603.3318108999956,603.3318108999956,603.3318108999956,603.3318108999956,604.3325191999902,604.3325191999902,604.3325191999902,604.6634431999992,,,,,c,1,0.32437440000649076,None,Participant 4 ,001,2025-10-03_16h15.22.590,Motor Sequence Learning Bhumika Bajaj AU2320057,,2025.1.1,59.95027724006131,2025-10-03 16h15.37.786963 +0530,
50,c,47,47,12,c,1,0.6879116999916732,None,,,,,12,47,47,2,604.6794131999923,,604.6639412999939,605.6655713999935,605.6655713999935,605.6655713999935,605.6655713999935,605.6655713999935,606.6651207999967,606.6651207999967,606.6651207999967,607.3676379999961,,,,,c,1,0.6879116999916732,None,Participant 4 ,001,2025-10-03_16h15.22.590,Motor Sequence Learning Bhumika Bajaj AU2320057,,2025.1.1,59.95027724006131,2025-10-03 16h15.37.786963 +0530,
50,c,48,48,13,c,1,0.7212515999999596,None,,,,,13,48,48,2,607.3819936999935,,607.3681783999928,608.3820317999925,608.3820317999925,608.3820317999925,608.3820317999925,608.3820317999925,609.3820903000014,609.3820903000014,609.3820903000014,610.115292699993,,,,,c,1,0.7212515999999596,None,Participant 4 ,001,2025-10-03_16h15.22.590,Motor Sequence Learning Bhumika Bajaj AU2320057,,2025.1.1,59.95027724006131,2025-10-03 16h15.37.786963 +0530,
50,c,49,49,14,c,1,0.27066749999357853,None,,,,,14,49,49,2,610.1294562999974,,610.1158317999943,611.1194885000004,611.1194885000004,611.1194885000004,611.1194885000004,611.1194885000004,612.118773299997,612.118773299997,612.118773299997,612.4000374999887,,,,,c,1,0.27066749999357853,None,Participant 4 ,001,2025-10-03_16h15.22.590,Motor Sequence Learning Bhumika Bajaj AU2320057,,2025.1.1,59.95027724006131,2025-10-03 16h15.37.786963 +0530,
-150,z,50,50,8,x,0,0.32375019999744836,None,,,,,8,50,50,3,612.415164399994,,612.400416199991,613.3990555999917,613.3990555999917,613.3990555999917,613.3990555999917,613.3990555999917,614.398417199991,614.4155975999893,614.4155975999893,614.7492184000002,,,,,x,0,0.32375019999744836,None,Participant 4 ,001,2025-10-03_16h15.22.590,Motor Sequence Learning Bhumika Bajaj AU2320057,,2025.1.1,59.95027724006131,2025-10-03 16h15.37.786963 +0530,
-150,z,51,51,9,z,1,0.6514471999980742,None,,,,,9,51,51,3,614.7650084999914,,614.7497438999999,615.765820399989,615.765820399989,615.765820399989,615.765820399989,615.765820399989,616.7648530000006,616.748617099991,616.748617099991,617.4168596999953,,,,,z,1,0.6514471999980742,None,Participant 4 ,001,2025-10-03_16h15.22.590,Motor Sequence Learning Bhumika Bajaj AU2320057,,2025.1.1,59.95027724006131,2025-10-03 16h15.37.786963 +0530,
50,c,52,52,15,z,0,0.41368349999538623,None,,,,,15,52,52,2,617.4320251999889,,617.4173975000012,618.4184992999944,618.4184992999944,618.4184992999944,618.4184992999944,618.4184992999944,619.4206512999954,619.4206512999954,619.4206512999954,619.8378783999942,,,,,z,0,0.41368349999538623,None,Participant 4 ,001,2025-10-03_16h15.22.590,Motor Sequence Learning Bhumika Bajaj AU2320057,,2025.1.1,59.95027724006131,2025-10-03 16h15.37.786963 +0530,
-150,z,53,53,10,z,1,0.34243220000644214,None,,,,,10,53,53,3,619.8543511999887,,619.8387912999897,620.848611399997,620.848611399997,620.848611399997,620.848611399997,620.848611399997,621.8519368999987,621.8519368999987,621.8519368999987,622.1992698999966,,,,,z,1,0.34243220000644214,None,Participant 4 ,001,2025-10-03_16h15.22.590,Motor Sequence Learning Bhumika Bajaj AU2320057,,2025.1.1,59.95027724006131,2025-10-03 16h15.37.786963 +0530,
-50,x,54,54,16,z,0,0.09185700000671204,None,,,,,16,54,54,0,622.2155449999991,,622.1998034999997,623.2017048999987,623.2017048999987,623.2017048999987,623.2017048999987,623.2017048999987,624.2136079999909,624.2136079999909,624.2136079999909,624.3144242999988,,,,,z,0,0.09185700000671204,None,Participant 4 ,001,2025-10-03_16h15.22.590,Motor Sequence Learning Bhumika Bajaj AU2320057,,2025.1.1,59.95027724006131,2025-10-03 16h15.37.786963 +0530,
150,v,55,55,11,z,0,1.6720499999937601,None,,,,,11,55,55,1,624.329706199991,,624.3148303999915,625.3176658000011,625.3176658000011,625.3176658000011,625.3176658000011,625.3176658000011,626.3188941999979,626.3188941999979,626.3188941999979,627.9995756999997,,,,,z,0,1.6720499999937601,None,Participant 4 ,001,2025-10-03_16h15.22.590,Motor Sequence Learning Bhumika Bajaj AU2320057,,2025.1.1,59.95027724006131,2025-10-03 16h15.37.786963 +0530,
50,c,56,56,16,z,0,0.6564051000023028,None,,,,,16,56,56,2,628.0149182000023,,628.0000939999882,629.0152174999967,629.0152174999967,629.0152174999967,629.0152174999967,629.0152174999967,630.0150719999947,629.9980501999962,629.9980501999962,630.6658087999967,,,,,z,0,0.6564051000023028,None,Participant 4 ,001,2025-10-03_16h15.22.590,Motor Sequence Learning Bhumika Bajaj AU2320057,,2025.1.1,59.95027724006131,2025-10-03 16h15.37.786963 +0530,
150,v,57,57,12,z,0,0.5141759000107413,None,,,,,12,57,57,1,630.6816496999963,,630.6663197000016,631.6654569999955,631.6654569999955,631.6654569999955,631.6654569999955,631.6654569999955,632.664592599991,632.681408599994,632.681408599994,633.1994254999881,,,,,z,0,0.5141759000107413,None,Participant 4 ,001,2025-10-03_16h15.22.590,Motor Sequence Learning Bhumika Bajaj AU2320057,,2025.1.1,59.95027724006131,2025-10-03 16h15.37.786963 +0530,
-150,z,58,58,11,z,1,0.3728934999962803,None,,,,,11,58,58,3,633.215836599993,,633.1999748999951,634.1992849999951,634.1992849999951,634.1992849999951,634.1992849999951,634.1992849999951,635.2137986000016,635.2137986000016,635.2137986000016,635.6030669999891,,,,,z,1,0.3728934999962803,None,Participant 4 ,001,2025-10-03_16h15.22.590,Motor Sequence Learning Bhumika Bajaj AU2320057,,2025.1.1,59.95027724006131,2025-10-03 16h15.37.786963 +0530,
-150,z,59,59,12,z,1,0.07812440000998322,None,,,,,12,59,59,3,635.6181612999935,,635.6040128000022,636.6024101999938,636.6024101999938,636.6024101999938,636.6024101999938,636.6024101999938,637.6153235999955,637.6153235999955,637.6153235999955,637.6989217999944,,,,,z,1,0.07812440000998322,None,Participant 4 ,001,2025-10-03_16h15.22.590,Motor Sequence Learning Bhumika Bajaj AU2320057,,2025.1.1,59.95027724006131,2025-10-03 16h15.37.786963 +0530,
150,v,60,60,13,z,0,0.21716590000141878,None,,,,,13,60,60,1,637.7155146000005,,637.6994631999987,638.6987328999967,638.6987328999967,638.6987328999967,638.6987328999967,638.6987328999967,639.6993355000013,639.6993355000013,639.6993355000013,639.9173116999882,,,,,z,0,0.21716590000141878,None,Participant 4 ,001,2025-10-03_16h15.22.590,Motor Sequence Learning Bhumika Bajaj AU2320057,,2025.1.1,59.95027724006131,2025-10-03 16h15.37.786963 +0530,
-50,x,61,61,17,z,0,1.444991200012737,None,,,,,17,61,61,0,639.9326452999958,,639.917967299989,640.9322492999927,640.9322492999927,640.9322492999927,640.9322492999927,640.9322492999927,641.9317187999986,641.9317187999986,641.9317187999986,643.38220919999,,,,,z,0,1.444991200012737,None,Participant 4 ,001,2025-10-03_16h15.22.590,Motor Sequence Learning Bhumika Bajaj AU2320057,,2025.1.1,59.95027724006131,2025-10-03 16h15.37.786963 +0530,
-150,z,62,62,13,z,1,0.452732499994454,None,,,,,13,62,62,3,643.3988316999894,,643.3827392999956,644.3817342999973,644.3817342999973,644.3817342999973,644.3817342999973,644.3817342999973,645.3819132999924,645.3819132999924,645.3819132999924,645.8492911999929,,,,,z,1,0.452732499994454,None,Participant 4 ,001,2025-10-03_16h15.22.590,Motor Sequence Learning Bhumika Bajaj AU2320057,,2025.1.1,59.95027724006131,2025-10-03 16h15.37.786963 +0530,
-150,z,63,63,14,z,1,0.5419086000038078,None,,,,,14,63,63,3,645.8652176999894,,645.8498317999911,646.8493298999965,646.8493298999965,646.8493298999965,646.8493298999965,646.8493298999965,647.8630963999894,647.8630963999894,647.8630963999894,648.4149203999987,,,,,z,1,0.5419086000038078,None,Participant 4 ,001,2025-10-03_16h15.22.590,Motor Sequence Learning Bhumika Bajaj AU2320057,,2025.1.1,59.95027724006131,2025-10-03 16h15.37.786963 +0530,
-50,x,64,64,18,z,0,0.6184227999910945,None,,,,,18,64,64,0,648.4291692999977,,648.4154095999984,649.4153492999903,649.4153492999903,649.4153492999903,649.4153492999903,649.4153492999903,650.4144854999904,650.4144854999904,650.4144854999904,651.0336590999941,,,,,z,0,0.6184227999910945,None,Participant 4 ,001,2025-10-03_16h15.22.590,Motor Sequence Learning Bhumika Bajaj AU2320057,,2025.1.1,59.95027724006131,2025-10-03 16h15.37.786963 +0530,
-50,x,65,65,19,c,0,0.3195627999957651,None,,,,,19,65,65,0,651.0484364000004,,651.0341875000013,652.0477187999932,652.0477187999932,652.0477187999932,652.0477187999932,652.0477187999932,653.0506497000024,653.0348107999889,653.0348107999889,653.3668244,,,,,c,0,0.3195627999957651,None,Participant 4 ,001,2025-10-03_16h15.22.590,Motor Sequence Learning Bhumika Bajaj AU2320057,,2025.1.1,59.95027724006131,2025-10-03 16h15.37.786963 +0530,
150,v,66,66,14,b,0,0.7892359999968903,None,,,,,14,66,66,1,653.3816249999945,,653.3674391999957,654.3799291999894,654.3799291999894,654.3799291999894,654.3799291999894,654.3799291999894,655.3825437999913,655.3678952999908,655.3678952999908,656.1675614999986,,,,,b,0,0.7892359999968903,None,Participant 4 ,001,2025-10-03_16h15.22.590,Motor Sequence Learning Bhumika Bajaj AU2320057,,2025.1.1,59.95027724006131,2025-10-03 16h15.37.786963 +0530,
50,c,67,67,17,v,0,0.3438003000046592,None,,,,,17,67,67,2,656.1816300999926,,656.1682366999885,657.1815918999928,657.1815918999928,657.1815918999928,657.1815918999928,657.1815918999928,658.2022961999901,658.1802843999903,658.1802843999903,658.5296500999975,,,,,v,0,0.3438003000046592,None,Participant 4 ,001,2025-10-03_16h15.22.590,Motor Sequence Learning Bhumika Bajaj AU2320057,,2025.1.1,59.95027724006131,2025-10-03 16h15.37.786963 +0530,
-150,z,68,68,15,c,0,0.029095299993059598,None,,,,,15,68,68,3,658.5458462999959,,658.5301493000006,659.53147419999,659.53147419999,659.53147419999,659.53147419999,659.53147419999,660.5303399999975,660.5303399999975,660.5303399999975,660.5644872999983,,,,,c,0,0.029095299993059598,None,Participant 4 ,001,2025-10-03_16h15.22.590,Motor Sequence Learning Bhumika Bajaj AU2320057,,2025.1.1,59.95027724006131,2025-10-03 16h15.37.786963 +0530,
150,v,69,69,15,x,0,0.2838107999996282,None,,,,,15,69,69,1,660.5811928999901,,660.5650557999907,661.5647577999916,661.5647577999916,661.5647577999916,661.5647577999916,661.5647577999916,662.5651132999919,662.5651132999919,662.5651132999919,662.849489699991,,,,,x,0,0.2838107999996282,None,Participant 4 ,001,2025-10-03_16h15.22.590,Motor Sequence Learning Bhumika Bajaj AU2320057,,2025.1.1,59.95027724006131,2025-10-03 16h15.37.786963 +0530,
50,c,70,70,18,c,1,0.49702219999744557,None,,,,,18,70,70,2,662.8649885999912,,662.8500305999914,663.8647864999948,663.8647864999948,663.8647864999948,663.8647864999948,663.8647864999948,664.8686274999927,664.8686274999927,664.8686274999927,665.3666191999946,,,,,c,1,0.49702219999744557,None,Participant 4 ,001,2025-10-03_16h15.22.590,Motor Sequence Learning Bhumika Bajaj AU2320057,,2025.1.1,59.95027724006131,2025-10-03 16h15.37.786963 +0530,
-150,z,71,71,16,z,1,0.6322620999999344,None,,,,,16,71,71,3,665.3814409999904,,665.3671429999958,666.3816223999893,666.3816223999893,666.3816223999893,666.3816223999893,666.3816223999893,667.3809074999881,667.3809074999881,667.3809074999881,668.0158437999926,,,,,z,1,0.6322620999999344,None,Participant 4 ,001,2025-10-03_16h15.22.590,Motor Sequence Learning Bhumika Bajaj AU2320057,,2025.1.1,59.95027724006131,2025-10-03 16h15.37.786963 +0530,
150,v,72,72,16,v,1,0.7597288999968441,None,,,,,16,72,72,1,668.0289616999944,,668.0164163000009,669.0148582999973,669.0148582999973,669.0148582999973,669.0148582999973,669.0148582999973,670.0318246999959,670.0318246999959,670.0318246999959,670.8044656999991,,,,,v,1,0.7597288999968441,None,Participant 4 ,001,2025-10-03_16h15.22.590,Motor Sequence Learning Bhumika Bajaj AU2320057,,2025.1.1,59.95027724006131,2025-10-03 16h15.37.786963 +0530,
50,c,73,73,19,c,1,0.28040150000015274,None,,,,,19,73,73,2,670.8232544999919,,670.8049611999886,671.8045841999992,671.8045841999992,671.8045841999992,671.8045841999992,671.8045841999992,672.8047872999887,672.8047872999887,672.8047872999887,673.0880285999883,,,,,c,1,0.28040150000015274,None,Participant 4 ,001,2025-10-03_16h15.22.590,Motor Sequence Learning Bhumika Bajaj AU2320057,,2025.1.1,59.95027724006131,2025-10-03 16h15.37.786963 +0530,
-150,z,74,74,17,c,0,0.01246559999708552,None,,,,,17,74,74,3,673.1062880999962,,673.0885629999975,674.090183399996,674.090183399996,674.090183399996,674.090183399996,674.090183399996,675.0896443999954,675.0896443999954,675.0896443999954,675.1072614000004,,,,,c,0,0.01246559999708552,None,Participant 4 ,001,2025-10-03_16h15.22.590,Motor Sequence Learning Bhumika Bajaj AU2320057,,2025.1.1,59.95027724006131,2025-10-03 16h15.37.786963 +0530,
150,v,75,75,17,v,1,0.6341699000040535,None,,,,,17,75,75,1,675.1226642999973,,675.1077788999974,676.1156415000005,676.1156415000005,676.1156415000005,676.1156415000005,676.1156415000005,677.1232119999913,677.1066972999979,677.1066972999979,677.7569864999969,,,,,v,1,0.6341699000040535,None,Participant 4 ,001,2025-10-03_16h15.22.590,Motor Sequence Learning Bhumika Bajaj AU2320057,,2025.1.1,59.95027724006131,2025-10-03 16h15.37.786963 +0530,
-50,x,76,76,20,x,1,0.49537219999183435,None,,,,,20,76,76,0,677.7732630999963,,677.7575027999992,678.7567176000011,678.7567176000011,678.7567176000011,678.7567176000011,678.7567176000011,679.7567904000025,679.7567904000025,679.7567904000025,680.2571064999938,,,,,x,1,0.49537219999183435,None,Participant 4 ,001,2025-10-03_16h15.22.590,Motor Sequence Learning Bhumika Bajaj AU2320057,,2025.1.1,59.95027724006131,2025-10-03 16h15.37.786963 +0530,
-50,x,77,77,21,x,1,0.5707041999994544,None,,,,,21,77,77,0,680.273323699992,,680.2576456999959,681.2567969999945,681.2567969999945,681.2567969999945,681.2567969999945,681.2567969999945,682.255416999993,682.2721707999881,682.2721707999881,682.857468199989,,,,,x,1,0.5707041999994544,None,Participant 4 ,001,2025-10-03_16h15.22.590,Motor Sequence Learning Bhumika Bajaj AU2320057,,2025.1.1,59.95027724006131,2025-10-03 16h15.37.786963 +0530,
-150,z,78,78,18,z,1,0.8309796999965329,None,,,,,18,78,78,3,682.8706532999931,,682.857846999992,683.8562249999959,683.8562249999959,683.8562249999959,683.8562249999959,683.8562249999959,684.870350600002,684.870350600002,684.870350600002,685.7063607000018,,,,,z,1,0.8309796999965329,None,Participant 4 ,001,2025-10-03_16h15.22.590,Motor Sequence Learning Bhumika Bajaj AU2320057,,2025.1.1,59.95027724006131,2025-10-03 16h15.37.786963 +0530,
-50,x,79,79,22,x,1,0.4010371999902418,None,,,,,22,79,79,0,685.7207245999889,,685.7068843000015,686.7063646000024,686.7063646000024,686.7063646000024,686.7063646000024,686.7063646000024,687.703403099993,687.703403099993,687.703403099993,688.1122914000007,,,,,x,1,0.4010371999902418,None,Participant 4 ,001,2025-10-03_16h15.22.590,Motor Sequence Learning Bhumika Bajaj AU2320057,,2025.1.1,59.95027724006131,2025-10-03 16h15.37.786963 +0530,
150,v,80,80,18,x,0,0.31092720000015106,None,,,,,18,80,80,1,688.1204532999982,,688.1126962999988,689.1154756999895,689.1154756999895,689.1154756999895,689.1154756999895,689.1154756999895,690.1151819999941,690.1151819999941,690.1151819999941,690.43156859999,,,,,x,0,0.31092720000015106,None,Participant 4 ,001,2025-10-03_16h15.22.590,Motor Sequence Learning Bhumika Bajaj AU2320057,,2025.1.1,59.95027724006131,2025-10-03 16h15.37.786963 +0530,
150,v,81,81,19,v,1,0.631060300001991,None,,,,,19,81,81,1,690.4481115999952,,690.4322710999986,691.434940799998,691.434940799998,691.434940799998,691.434940799998,691.434940799998,692.4346146999887,692.4346146999887,692.4346146999887,693.08266059999,,,,,v,1,0.631060300001991,None,Participant 4 ,001,2025-10-03_16h15.22.590,Motor Sequence Learning Bhumika Bajaj AU2320057,,2025.1.1,59.95027724006131,2025-10-03 16h15.37.786963 +0530,
150,v,82,82,20,v,1,0.5572308999981033,None,,,,,20,82,82,1,693.0981517999899,,693.0832045999996,694.0985992999922,694.0985992999922,694.0985992999922,694.0985992999922,694.0985992999922,695.0983560000022,695.0983560000022,695.0983560000022,695.6663589999953,,,,,v,1,0.5572308999981033,None,Participant 4 ,001,2025-10-03_16h15.22.590,Motor Sequence Learning Bhumika Bajaj AU2320057,,2025.1.1,59.95027724006131,2025-10-03 16h15.37.786963 +0530,
-50,x,83,83,23,x,1,0.5883693000068888,None,,,,,23,83,83,0,695.6811408999929,,695.6668724999909,696.6684501999989,696.6684501999989,696.6684501999989,696.6684501999989,696.6684501999989,697.6807792999898,697.6807792999898,697.6807792999898,698.2819389999931,,,,,x,1,0.5883693000068888,None,Participant 4 ,001,2025-10-03_16h15.22.590,Motor Sequence Learning Bhumika Bajaj AU2320057,,2025.1.1,59.95027724006131,2025-10-03 16h15.37.786963 +0530,
-50,x,84,84,24,x,1,0.4791451000055531,None,,,,,24,84,84,0,698.2987867999909,,698.2824686999957,699.2817919999943,699.2817919999943,699.2817919999943,699.2817919999943,699.2817919999943,700.2846620999917,700.2846620999917,700.2846620999917,700.7687145999953,,,,,x,1,0.4791451000055531,None,Participant 4 ,001,2025-10-03_16h15.22.590,Motor Sequence Learning Bhumika Bajaj AU2320057,,2025.1.1,59.95027724006131,2025-10-03 16h15.37.786963 +0530,
150,v,85,85,21,x,0,0.24414080000133254,None,,,,,21,85,85,1,700.7850360000011,,700.7693755999935,701.7814624999883,701.7814624999883,701.7814624999883,701.7814624999883,701.7814624999883,702.7975742999988,702.7798208999884,702.7798208999884,703.0315335999912,,,,,x,0,0.24414080000133254,None,Participant 4 ,001,2025-10-03_16h15.22.590,Motor Sequence Learning Bhumika Bajaj AU2320057,,2025.1.1,59.95027724006131,2025-10-03 16h15.37.786963 +0530,
50,c,86,86,20,x,0,0.6783303999982309,None,,,,,20,86,86,2,703.0482502999948,,703.0320784999931,704.0342411999882,704.0342411999882,704.0342411999882,704.0342411999882,704.0342411999882,705.0472950999974,705.0312193999998,705.0312193999998,705.7148491999978,,,,,x,0,0.6783303999982309,None,Participant 4 ,001,2025-10-03_16h15.22.590,Motor Sequence Learning Bhumika Bajaj AU2320057,,2025.1.1,59.95027724006131,2025-10-03 16h15.37.786963 +0530,
150,v,87,87,22,x,0,0.30752750000101514,None,,,,,22,87,87,1,705.7312200000015,,705.7153848000016,706.7297351000016,706.7297351000016,706.7297351000016,706.7297351000016,706.7297351000016,707.729181799994,707.7126934999978,707.7126934999978,708.0321447000024,,,,,x,0,0.30752750000101514,None,Participant 4 ,001,2025-10-03_16h15.22.590,Motor Sequence Learning Bhumika Bajaj AU2320057,,2025.1.1,59.95027724006131,2025-10-03 16h15.37.786963 +0530,
-50,x,88,88,25,x,1,0.42664269999659155,None,,,,,25,88,88,0,708.0481276999926,,708.0326810999977,709.051163199998,709.051163199998,709.051163199998,709.051163199998,709.051163199998,710.0633272999985,710.0308670999948,710.0308670999948,710.4647784999979,,,,,x,1,0.42664269999659155,None,Participant 4 ,001,2025-10-03_16h15.22.590,Motor Sequence Learning Bhumika Bajaj AU2320057,,2025.1.1,59.95027724006131,2025-10-03 16h15.37.786963 +0530,
-50,x,89,89,26,x,1,0.39471550000598654,None,,,,,26,89,89,0,710.4806669999962,,710.465306500002,711.4641732000018,711.4641732000018,711.4641732000018,711.4641732000018,711.4641732000018,712.4646495999914,712.4646495999914,712.4646495999914,712.8647197999962,,,,,x,1,0.39471550000598654,None,Participant 4 ,001,2025-10-03_16h15.22.590,Motor Sequence Learning Bhumika Bajaj AU2320057,,2025.1.1,59.95027724006131,2025-10-03 16h15.37.786963 +0530,
-150,z,90,90,19,x,0,0.577009899992845,None,,,,,19,90,90,3,712.88174479999,,712.8652382,713.8644341999898,713.8644341999898,713.8644341999898,713.8644341999898,713.8644341999898,714.8666475999926,714.8666475999926,714.8666475999926,715.4483737999981,,,,,x,0,0.577009899992845,None,Participant 4 ,001,2025-10-03_16h15.22.590,Motor Sequence Learning Bhumika Bajaj AU2320057,,2025.1.1,59.95027724006131,2025-10-03 16h15.37.786963 +0530,
150,v,91,91,23,z,0,0.4912367000069935,None,,,,,23,91,91,1,715.4647014999937,,715.4489152000024,716.4479690000007,716.4479690000007,716.4479690000007,716.4479690000007,716.4479690000007,717.4474170999893,717.4474170999893,717.4474170999893,717.9458830999938,,,,,z,0,0.4912367000069935,None,Participant 4 ,001,2025-10-03_16h15.22.590,Motor Sequence Learning Bhumika Bajaj AU2320057,,2025.1.1,59.95027724006131,2025-10-03 16h15.37.786963 +0530,
50,c,92,92,21,z,0,0.11497670000244398,None,,,,,21,92,92,2,717.9615030999994,,717.9462150999898,718.947994999995,718.947994999995,718.947994999995,718.947994999995,718.947994999995,719.9483195999928,719.9483195999928,719.9483195999928,720.0652093999961,,,,,z,0,0.11497670000244398,None,Participant 4 ,001,2025-10-03_16h15.22.590,Motor Sequence Learning Bhumika Bajaj AU2320057,,2025.1.1,59.95027724006131,2025-10-03 16h15.37.786963 +0530,
150,v,93,93,24,z,0,0.09015369998815004,None,,,,,24,93,93,1,720.0792052999896,,720.0657531999896,721.0809544999938,721.0809544999938,721.0809544999938,721.0809544999938,721.0809544999938,722.083649799999,722.0689045999898,722.0689045999898,722.1666695000022,,,,,z,0,0.09015369998815004,None,Participant 4 ,001,2025-10-03_16h15.22.590,Motor Sequence Learning Bhumika Bajaj AU2320057,,2025.1.1,59.95027724006131,2025-10-03 16h15.37.786963 +0530,
-150,z,94,94,20,z,1,0.08121959998970851,None,,,,,20,94,94,3,722.1823939999886,,722.1673568999977,723.1846975999943,723.1846975999943,723.1846975999943,723.1846975999943,723.1846975999943,724.1981378999917,724.1808920999902,724.1808920999902,724.2649706999946,,,,,z,1,0.08121959998970851,None,Participant 4 ,001,2025-10-03_16h15.22.590,Motor Sequence Learning Bhumika Bajaj AU2320057,,2025.1.1,59.95027724006131,2025-10-03 16h15.37.786963 +0530,
-150,z,95,95,21,z,1,0.018887900005211122,None,,,,,21,95,95,3,724.2811261999886,,724.2655011999886,725.2678908999951,725.2678908999951,725.2678908999951,725.2678908999951,725.2678908999951,726.2809806000005,726.2636958999938,726.2636958999938,726.2983871999895,,,,,z,1,0.018887900005211122,None,Participant 4 ,001,2025-10-03_16h15.22.590,Motor Sequence Learning Bhumika Bajaj AU2320057,,2025.1.1,59.95027724006131,2025-10-03 16h15.37.786963 +0530,
-150,z,96,96,22,z,1,0.022168199997395277,None,,,,,22,96,96,3,726.3144190000021,,726.2989129999914,727.3000273999933,727.3000273999933,727.3000273999933,727.3000273999933,727.3000273999933,728.314212799989,728.314212799989,728.314212799989,728.3479238,,,,,z,1,0.022168199997395277,None,Participant 4 ,001,2025-10-03_16h15.22.590,Motor Sequence Learning Bhumika Bajaj AU2320057,,2025.1.1,59.95027724006131,2025-10-03 16h15.37.786963 +0530,
-150,z,97,97,23,x,0,0.2956525000045076,None,,,,,23,97,97,3,728.3647496999911,,728.3484409999946,729.3481637999939,729.3481637999939,729.3481637999939,729.3481637999939,729.3481637999939,730.3473129999911,730.3473129999911,730.3473129999911,730.6483594999881,,,,,x,0,0.2956525000045076,None,Participant 4 ,001,2025-10-03_16h15.22.590,Motor Sequence Learning Bhumika Bajaj AU2320057,,2025.1.1,59.95027724006131,2025-10-03 16h15.37.786963 +0530,
-50,x,98,98,27,c,0,0.3650628999894252,None,,,,,27,98,98,0,730.6639738999947,,730.6489185999963,731.6641158999992,731.6641158999992,731.6641158999992,731.6641158999992,731.6641158999992,732.6640678999975,732.6485096999968,732.6485096999968,733.0148798000009,,,,,c,0,0.3650628999894252,None,Participant 4 ,001,2025-10-03_16h15.22.590,Motor Sequence Learning Bhumika Bajaj AU2320057,,2025.1.1,59.95027724006131,2025-10-03 16h15.37.786963 +0530,
-50,x,99,99,28,c,0,0.43041199998697266,None,,,,,28,99,99,0,733.0308309999964,,733.0154532000015,734.0315102999884,734.0315102999884,734.0315102999884,734.0315102999884,734.0315102999884,735.0307859999884,735.014219699995,735.014219699995,735.4483760000003,,,,,c,0,0.43041199998697266,None,Participant 4 ,001,2025-10-03_16h15.22.590,Motor Sequence Learning Bhumika Bajaj AU2320057,,2025.1.1,59.95027724006131,2025-10-03 16h15.37.786963 +0530,
-50,x,100,100,29,c,0,0.18118670000694692,None,,,,,29,100,100,0,735.4643845999963,,735.4489381000021,736.4514597999951,736.4514597999951,736.4514597999951,736.4514597999951,736.4514597999951,737.464476299996,737.464476299996,737.464476299996,737.6484726999915,,,,,c,0,0.18118670000694692,None,Participant 4 ,001,2025-10-03_16h15.22.590,Motor Sequence Learning Bhumika Bajaj AU2320057,,2025.1.1,59.95027724006131,2025-10-03 16h15.37.786963 +0530,
150,v,101,101,25,c,0,0.12842280000040773,None,,,,,25,101,101,1,737.6643571999884,,737.6489949999959,738.6641238000011,738.6641238000011,738.6641238000011,738.6641238000011,738.6641238000011,739.6640897999896,739.6640897999896,739.6640897999896,739.7975979999901,,,,,c,0,0.12842280000040773,None,Participant 4 ,001,2025-10-03_16h15.22.590,Motor Sequence Learning Bhumika Bajaj AU2320057,,2025.1.1,59.95027724006131,2025-10-03 16h15.37.786963 +0530,
50,c,102,102,22,c,1,0.43517149999388494,None,,,,,22,102,102,2,739.8137444000022,,739.7981175000023,740.7974085999886,740.7974085999886,740.7974085999886,740.7974085999886,740.7974085999886,741.7968916999962,741.7968916999962,741.7968916999962,742.2359421000001,,,,,c,1,0.43517149999388494,None,Participant 4 ,001,2025-10-03_16h15.22.590,Motor Sequence Learning Bhumika Bajaj AU2320057,,2025.1.1,59.95027724006131,2025-10-03 16h15.37.786963 +0530,
50,c,103,103,23,z,0,0.9779209999978775,None,,,,,23,103,103,2,742.2482203999971,,742.2368318999943,743.2505381999945,743.2505381999945,743.2505381999945,743.2505381999945,743.2505381999945,744.264168499998,744.2480413000012,744.2480413000012,745.2340040999989,,,,,z,0,0.9779209999978775,None,Participant 4 ,001,2025-10-03_16h15.22.590,Motor Sequence Learning Bhumika Bajaj AU2320057,,2025.1.1,59.95027724006131,2025-10-03 16h15.37.786963 +0530,
-150,z,104,104,24,z,1,0.26881279998633545,None,,,,,24,104,104,3,745.2494382000004,,745.2347175999894,746.2450802999956,746.2450802999956,746.2450802999956,746.2450802999956,746.2450802999956,747.2508266999939,747.2508266999939,747.2508266999939,747.5357549999899,,,,,z,1,0.26881279998633545,None,Participant 4 ,001,2025-10-03_16h15.22.590,Motor Sequence Learning Bhumika Bajaj AU2320057,,2025.1.1,59.95027724006131,2025-10-03 16h15.37.786963 +0530,
150,v,105,105,26,z,0,0.015525099996011704,None,,,,,26,105,105,1,747.5511414999928,,747.5367168999946,748.5516639999987,748.5516639999987,748.5516639999987,748.5516639999987,748.5516639999987,749.5504859999928,749.5504859999928,749.5504859999928,749.5701546999917,,,,,z,0,0.015525099996011704,None,Participant 4 ,001,2025-10-03_16h15.22.590,Motor Sequence Learning Bhumika Bajaj AU2320057,,2025.1.1,59.95027724006131,2025-10-03 16h15.37.786963 +0530,
50,c,106,106,24,x,0,1.707090399999288,None,,,,,24,106,106,2,749.5842422999995,,749.5710486999888,750.5843034999998,750.5843034999998,750.5843034999998,750.5843034999998,750.5843034999998,751.5980221999926,751.581706099998,751.581706099998,753.2979520999943,,,,,x,0,1.707090399999288,None,Participant 4 ,001,2025-10-03_16h15.22.590,Motor Sequence Learning Bhumika Bajaj AU2320057,,2025.1.1,59.95027724006131,2025-10-03 16h15.37.786963 +0530,
50,c,107,107,25,x,0,1.0336851000029128,None,,,,,25,107,107,2,753.3141130000004,,753.2985265999887,754.2976178999961,754.2976178999961,754.2976178999961,754.2976178999961,754.2976178999961,755.2972236999922,755.2972236999922,755.2972236999922,756.3317664999922,,,,,x,0,1.0336851000029128,None,Participant 4 ,001,2025-10-03_16h15.22.590,Motor Sequence Learning Bhumika Bajaj AU2320057,,2025.1.1,59.95027724006131,2025-10-03 16h15.37.786963 +0530,
-50,x,108,108,30,x,1,0.5736207000009017,None,,,,,30,108,108,0,756.3474221999932,,756.3323342999938,757.3344475999911,757.3344475999911,757.3344475999911,757.3344475999911,757.3344475999911,758.347351199991,758.347351199991,758.347351199991,758.935711099999,,,,,x,1,0.5736207000009017,None,Participant 4 ,001,2025-10-03_16h15.22.590,Motor Sequence Learning Bhumika Bajaj AU2320057,,2025.1.1,59.95027724006131,2025-10-03 16h15.37.786963 +0530,
150,v,109,109,27,c,0,0.5127669999928912,None,,,,,27,109,109,1,758.9498678999953,,758.9366147999972,759.9481094999937,759.9481094999937,759.9481094999937,759.9481094999937,759.9481094999937,760.9473512999975,760.9473512999975,760.9473512999975,761.465807799992,,,,,c,0,0.5127669999928912,None,Participant 4 ,001,2025-10-03_16h15.22.590,Motor Sequence Learning Bhumika Bajaj AU2320057,,2025.1.1,59.95027724006131,2025-10-03 16h15.37.786963 +0530,
-50,x,110,110,31,c,0,0.8522024999983842,None,,,,,31,110,110,0,761.4809467000014,,761.4663238999929,762.4807624999958,762.4807624999958,762.4807624999958,762.4807624999958,762.4807624999958,763.4959779999917,763.4783759999991,763.4783759999991,764.3326213999972,,,,,c,0,0.8522024999983842,None,Participant 4 ,001,2025-10-03_16h15.22.590,Motor Sequence Learning Bhumika Bajaj AU2320057,,2025.1.1,59.95027724006131,2025-10-03 16h15.37.786963 +0530,
50,c,111,111,26,c,1,0.26242240000283346,None,,,,,26,111,111,2,764.3474884000025,,764.333152399995,765.3477166999946,765.3477166999946,765.3477166999946,765.3477166999946,765.3477166999946,766.347468299995,766.347468299995,766.347468299995,766.614983499996,,,,,c,1,0.26242240000283346,None,Participant 4 ,001,2025-10-03_16h15.22.590,Motor Sequence Learning Bhumika Bajaj AU2320057,,2025.1.1,59.95027724006131,2025-10-03 16h15.37.786963 +0530,
-150,z,112,112,25,c,0,0.016766899992944673,None,,,,,25,112,112,3,766.6304692999984,,766.6155077000003,767.6306087999983,767.6306087999983,767.6306087999983,767.6306087999983,767.6306087999983,768.6318639999954,768.6318639999954,768.6318639999954,768.6648715999909,,,,,c,0,0.016766899992944673,None,Participant 4 ,001,2025-10-03_16h15.22.590,Motor Sequence Learning Bhumika Bajaj AU2320057,,2025.1.1,59.95027724006131,2025-10-03 16h15.37.786963 +0530,
50,c,113,113,27,c,1,0.24058939999667928,None,,,,,27,113,113,2,768.681087799996,,768.6654049999925,769.6645963999908,769.6645963999908,769.6645963999908,769.6645963999908,769.6645963999908,770.6646291999932,770.6646291999932,770.6646291999932,770.914658099995,,,,,c,1,0.24058939999667928,None,Participant 4 ,001,2025-10-03_16h15.22.590,Motor Sequence Learning Bhumika Bajaj AU2320057,,2025.1.1,59.95027724006131,2025-10-03 16h15.37.786963 +0530,
-150,z,114,114,26,c,0,0.37305449999985285,None,,,,,26,114,114,3,770.930763700002,,770.9151906999905,771.9285081999988,771.9285081999988,771.9285081999988,771.9285081999988,771.9285081999988,772.9307828000019,772.9147508000024,772.9147508000024,773.2985666999884,,,,,c,0,0.37305449999985285,None,Participant 4 ,001,2025-10-03_16h15.22.590,Motor Sequence Learning Bhumika Bajaj AU2320057,,2025.1.1,59.95027724006131,2025-10-03 16h15.37.786963 +0530,
150,v,115,115,28,c,0,0.040051399992080405,None,,,,,28,115,115,1,773.3137766,,773.2991089999996,774.3152170999965,774.3152170999965,774.3152170999965,774.3152170999965,774.3152170999965,775.3305171999964,775.3142187999911,775.3142187999911,775.3652256999922,,,,,c,0,0.040051399992080405,None,Participant 4 ,001,2025-10-03_16h15.22.590,Motor Sequence Learning Bhumika Bajaj AU2320057,,2025.1.1,59.95027724006131,2025-10-03 16h15.37.786963 +0530,
150,v,116,116,29,c,0,0.5722897999949055,None,,,,,29,116,116,1,775.380369999999,,775.3657736000023,776.3790984999941,776.3790984999941,776.3790984999941,776.3790984999941,776.3790984999941,777.3827719999972,777.3673494999966,777.3673494999966,777.9485544999916,,,,,c,0,0.5722897999949055,None,Participant 4 ,001,2025-10-03_16h15.22.590,Motor Sequence Learning Bhumika Bajaj AU2320057,,2025.1.1,59.95027724006131,2025-10-03 16h15.37.786963 +0530,
150,v,117,117,30,x,0,0.16838540000026114,None,,,,,30,117,117,1,777.9636773999955,,777.9489997999917,778.9470582999929,778.9470582999929,778.9470582999929,778.9470582999929,778.9470582999929,779.9484598999989,779.9484598999989,779.9484598999989,780.1311456999974,,,,,x,0,0.16838540000026114,None,Participant 4 ,001,2025-10-03_16h15.22.590,Motor Sequence Learning Bhumika Bajaj AU2320057,,2025.1.1,59.95027724006131,2025-10-03 16h15.37.786963 +0530,
50,c,118,118,28,x,0,0.24429220000456553,None,,,,,28,118,118,2,780.1471903999918,,780.1317853999935,781.1305786000012,781.1305786000012,781.1305786000012,781.1305786000012,781.1305786000012,782.1312547999987,782.1312547999987,782.1312547999987,782.3850789999997,,,,,x,0,0.24429220000456553,None,Participant 4 ,001,2025-10-03_16h15.22.590,Motor Sequence Learning Bhumika Bajaj AU2320057,,2025.1.1,59.95027724006131,2025-10-03 16h15.37.786963 +0530,
-150,z,119,119,27,c,0,0.06149950000690296,None,,,,,27,119,119,3,782.3980081999907,,782.3856668999942,783.3970649999974,783.3970649999974,783.3970649999974,783.3970649999974,783.3970649999974,784.3971593999886,784.3971593999886,784.3971593999886,784.4637346999953,,,,,c,0,0.06149950000690296,None,Participant 4 ,001,2025-10-03_16h15.22.590,Motor Sequence Learning Bhumika Bajaj AU2320057,,2025.1.1,59.95027724006131,2025-10-03 16h15.37.786963 +0530,
-50,x,120,120,32,z,0,0.3470779000053881,None,,,,,32,120,120,0,784.4803238999884,,784.4642719999974,785.4637449000002,785.4637449000002,785.4637449000002,785.4637449000002,785.4637449000002,786.4636358999996,786.4636358999996,786.4636358999996,786.8142539999972,,,,,z,0,0.3470779000053881,None,Participant 4 ,001,2025-10-03_16h15.22.590,Motor Sequence Learning Bhumika Bajaj AU2320057,,2025.1.1,59.95027724006131,2025-10-03 16h15.37.786963 +0530,
-150,z,121,121,28,x,0,0.2637010000034934,None,,,,,28,121,121,3,786.8304562999983,,786.8147880999895,787.8140041000006,787.8140041000006,787.8140041000006,787.8140041000006,787.8140041000006,788.8136807999981,788.8136807999981,788.8136807999981,789.0850456999906,,,,,x,0,0.2637010000034934,None,Participant 4 ,001,2025-10-03_16h15.22.590,Motor Sequence Learning Bhumika Bajaj AU2320057,,2025.1.1,59.95027724006131,2025-10-03 16h15.37.786963 +0530,
150,v,122,122,31,z,0,0.2867211999982828,None,,,,,31,122,122,1,789.0995914999949,,789.0859688999917,790.0844049000007,790.0844049000007,790.0844049000007,790.0844049000007,790.0844049000007,791.0964993999951,791.0964993999951,791.0964993999951,791.397424499999,,,,,z,0,0.2867211999982828,None,Participant 4 ,001,2025-10-03_16h15.22.590,Motor Sequence Learning Bhumika Bajaj AU2320057,,2025.1.1,59.95027724006131,2025-10-03 16h15.37.786963 +0530,
150,v,123,123,32,v,1,0.4734777999983635,None,,,,,32,123,123,1,791.4138640999881,,791.3980161999934,792.4007971999963,792.4007971999963,792.4007971999963,792.4007971999963,792.4007971999963,793.4136739999958,793.3972056999919,793.3972056999919,793.8809578999935,,,,,v,1,0.4734777999983635,None,Participant 4 ,001,2025-10-03_16h15.22.590,Motor Sequence Learning Bhumika Bajaj AU2320057,,2025.1.1,59.95027724006131,2025-10-03 16h15.37.786963 +0530,
150,v,124,124,33,v,1,0.5671447000058834,None,,,,,33,124,124,1,793.8973134999978,,793.8814975999994,794.8803812999977,794.8803812999977,794.8803812999977,794.8803812999977,794.8803812999977,795.8779052999889,795.8779052999889,795.8779052999889,796.4478431000025,,,,,v,1,0.5671447000058834,None,Participant 4 ,001,2025-10-03_16h15.22.590,Motor Sequence Learning Bhumika Bajaj AU2320057,,2025.1.1,59.95027724006131,2025-10-03 16h15.37.786963 +0530,
-150,z,125,125,29,c,0,0.3368311999947764,None,,,,,29,125,125,3,796.4636486999952,,796.4483817,797.4465799999889,797.4465799999889,797.4465799999889,797.4465799999889,797.4465799999889,798.4472703999927,798.4472703999927,798.4472703999927,798.7976007999969,,,,,c,0,0.3368311999947764,None,Participant 4 ,001,2025-10-03_16h15.22.590,Motor Sequence Learning Bhumika Bajaj AU2320057,,2025.1.1,59.95027724006131,2025-10-03 16h15.37.786963 +0530,
50,c,126,126,29,c,1,0.6387400000094203,None,,,,,29,126,126,2,798.8139473999909,,798.7981271000026,799.8143088999932,799.8143088999932,799.8143088999932,799.8143088999932,799.8143088999932,800.816893700001,800.8010885999975,800.8010885999975,801.4519036999991,,,,,c,1,0.6387400000094203,None,Participant 4 ,001,2025-10-03_16h15.22.590,Motor Sequence Learning Bhumika Bajaj AU2320057,,2025.1.1,59.95027724006131,2025-10-03 16h15.37.786963 +0530,
-150,z,127,127,30,z,1,0.7254178000002867,None,,,,,30,127,127,3,801.4677030000021,,801.4525222999946,802.4633671999909,802.4633671999909,802.4633671999909,802.4633671999909,802.4633671999909,803.4669493999972,803.4669493999972,803.4669493999972,804.2014807999949,,,,,z,1,0.7254178000002867,None,Participant 4 ,001,2025-10-03_16h15.22.590,Motor Sequence Learning Bhumika Bajaj AU2320057,,2025.1.1,59.95027724006131,2025-10-03 16h15.37.786963 +0530,
150,v,128,128,34,v,1,0.6332198000018252,None,,,,,34,128,128,1,804.2170482999936,,804.202507199996,805.2171922999987,805.2171922999987,805.2171922999987,805.2171922999987,805.2171922999987,806.2317523999955,806.2145899000025,806.2145899000025,806.8645595999988,,,,,v,1,0.6332198000018252,None,Participant 4 ,001,2025-10-03_16h15.22.590,Motor Sequence Learning Bhumika Bajaj AU2320057,,2025.1.1,59.95027724006131,2025-10-03 16h15.37.786963 +0530,
-150,z,129,129,31,z,1,0.6161938000004739,None,,,,,31,129,129,3,806.8802468999929,,806.8650927999988,807.8791815000004,807.8791815000004,807.8791815000004,807.8791815000004,807.8791815000004,808.8803793999978,808.8803793999978,808.8803793999978,809.4984028999897,,,,,z,1,0.6161938000004739,None,Participant 4 ,001,2025-10-03_16h15.22.590,Motor Sequence Learning Bhumika Bajaj AU2320057,,2025.1.1,59.95027724006131,2025-10-03 16h15.37.786963 +0530,
-50,x,130,130,33,x,1,0.39203750000160653,None,,,,,33,130,130,0,809.514093299993,,809.4989300000016,810.4964267999894,810.4964267999894,810.4964267999894,810.4964267999894,810.4964267999894,811.4975871999923,811.5129559999914,811.5129559999914,811.9140246999887,,,,,x,1,0.39203750000160653,None,Participant 4 ,001,2025-10-03_16h15.22.590,Motor Sequence Learning Bhumika Bajaj AU2320057,,2025.1.1,59.95027724006131,2025-10-03 16h15.37.786963 +0530,
150,v,131,131,35,v,1,0.5059346000052756,None,,,,,35,131,131,1,811.9302961999929,,811.91456379999,812.9129008000018,812.9129008000018,812.9129008000018,812.9129008000018,812.9129008000018,813.9142936999997,813.9142936999997,813.9142936999997,814.4304656000022,,,,,v,1,0.5059346000052756,None,Participant 4 ,001,2025-10-03_16h15.22.590,Motor Sequence Learning Bhumika Bajaj AU2320057,,2025.1.1,59.95027724006131,2025-10-03 16h15.37.786963 +0530,
50,c,132,132,30,c,1,0.6909358999982942,None,,,,,30,132,132,2,814.446414799997,,814.4310191999975,815.4305249999888,815.4305249999888,815.4305249999888,815.4305249999888,815.4305249999888,816.4309740000026,816.4309740000026,816.4309740000026,817.1295702999923,,,,,c,1,0.6909358999982942,None,Participant 4 ,001,2025-10-03_16h15.22.590,Motor Sequence Learning Bhumika Bajaj AU2320057,,2025.1.1,59.95027724006131,2025-10-03 16h15.37.786963 +0530,
-50,x,133,133,34,x,1,0.9639542999939295,None,,,,,34,133,133,0,817.1465270999906,,817.1300709999923,818.1464629999973,818.1464629999973,818.1464629999973,818.1464629999973,818.1464629999973,819.1470779999945,819.1301535999955,819.1301535999955,820.0978490999987,,,,,x,1,0.9639542999939295,None,Participant 4 ,001,2025-10-03_16h15.22.590,Motor Sequence Learning Bhumika Bajaj AU2320057,,2025.1.1,59.95027724006131,2025-10-03 16h15.37.786963 +0530,
150,v,134,134,36,v,1,0.9639563000091584,None,,,,,36,134,134,1,820.1131394999975,,820.0983591999975,821.1134036000003,821.1134036000003,821.1134036000003,821.1134036000003,821.1134036000003,822.1277987999929,822.1110249999911,822.1110249999911,823.0805288999982,,,,,v,1,0.9639563000091584,None,Participant 4 ,001,2025-10-03_16h15.22.590,Motor Sequence Learning Bhumika Bajaj AU2320057,,2025.1.1,59.95027724006131,2025-10-03 16h15.37.786963 +0530,
-150,z,135,135,32,c,0,0.7725684000033652,None,,,,,32,135,135,3,823.0973328999971,,823.0810666999896,824.1006974999909,824.1006974999909,824.1006974999909,824.1006974999909,824.1006974999909,825.1135398999904,825.080184099992,825.080184099992,825.866268400001,,,,,c,0,0.7725684000033652,None,Participant 4 ,001,2025-10-03_16h15.22.590,Motor Sequence Learning Bhumika Bajaj AU2320057,,2025.1.1,59.95027724006131,2025-10-03 16h15.37.786963 +0530,
50,c,136,136,31,c,1,0.5373615999997128,None,,,,,31,136,136,2,825.8817123999906,,825.8669421999948,826.8802970999968,826.8802970999968,826.8802970999968,826.8802970999968,826.8802970999968,827.8943257999927,827.8775050999975,827.8775050999975,828.429177500002,,,,,c,1,0.5373615999997128,None,Participant 4 ,001,2025-10-03_16h15.22.590,Motor Sequence Learning Bhumika Bajaj AU2320057,,2025.1.1,59.95027724006131,2025-10-03 16h15.37.786963 +0530,
-50,x,137,137,35,x,1,0.46134550000715535,None,,,,,35,137,137,0,828.4452090999985,,828.4295961999887,829.4330645000009,829.4330645000009,829.4330645000009,829.4330645000009,829.4330645000009,830.4471901999932,830.4298523999896,830.4298523999896,830.8960201000009,,,,,x,1,0.46134550000715535,None,Participant 4 ,001,2025-10-03_16h15.22.590,Motor Sequence Learning Bhumika Bajaj AU2320057,,2025.1.1,59.95027724006131,2025-10-03 16h15.37.786963 +0530,
150,v,138,138,37,v,1,0.9121634000039194,None,,,,,37,138,138,1,830.9131471000001,,830.8965452999983,831.8976301999937,831.8976301999937,831.8976301999937,831.8976301999937,831.8976301999937,832.9000734000001,832.9000734000001,832.9000734000001,833.8152724999964,,,,,v,1,0.9121634000039194,None,Participant 4 ,001,2025-10-03_16h15.22.590,Motor Sequence Learning Bhumika Bajaj AU2320057,,2025.1.1,59.95027724006131,2025-10-03 16h15.37.786963 +0530,
150,v,139,139,38,v,1,0.518096500003594,None,,,,,38,139,139,1,833.830476099989,,833.8158270999993,834.8170133999956,834.8170133999956,834.8170133999956,834.8170133999956,834.8170133999956,835.8297743000003,835.8297743000003,835.8297743000003,836.3484923999931,,,,,v,1,0.518096500003594,None,Participant 4 ,001,2025-10-03_16h15.22.590,Motor Sequence Learning Bhumika Bajaj AU2320057,,2025.1.1,59.95027724006131,2025-10-03 16h15.37.786963 +0530,
50,c,140,140,32,c,1,0.3945670999964932,None,,,,,32,140,140,2,836.3631459000026,,836.3490217999934,837.3633620999899,837.3633620999899,837.3633620999899,837.3633620999899,837.3633620999899,838.3644020999927,838.3644020999927,838.3644020999927,838.7641465999914,,,,,c,1,0.3945670999964932,None,Participant 4 ,001,2025-10-03_16h15.22.590,Motor Sequence Learning Bhumika Bajaj AU2320057,,2025.1.1,59.95027724006131,2025-10-03 16h15.37.786963 +0530,
-50,x,141,141,36,x,1,0.6037287999934051,None,,,,,36,141,141,0,838.7796353000012,,838.7647633000015,839.7806397999957,839.7806397999957,839.7806397999957,839.7806397999957,839.7806397999957,840.7793426999997,840.7636297999998,840.7636297999998,841.3811166999949,,,,,x,1,0.6037287999934051,None,Participant 4 ,001,2025-10-03_16h15.22.590,Motor Sequence Learning Bhumika Bajaj AU2320057,,2025.1.1,59.95027724006131,2025-10-03 16h15.37.786963 +0530,
-150,z,142,142,33,z,1,0.2334977999998955,None,,,,,33,142,142,3,841.3958481000009,,841.3816886999994,842.3780289999995,842.3780289999995,842.3780289999995,842.3780289999995,842.3780289999995,843.3799104999925,843.3967957999994,843.3967957999994,843.6316332999995,,,,,z,1,0.2334977999998955,None,Participant 4 ,001,2025-10-03_16h15.22.590,Motor Sequence Learning Bhumika Bajaj AU2320057,,2025.1.1,59.95027724006131,2025-10-03 16h15.37.786963 +0530,
150,v,143,143,39,x,0,0.31733610000810586,None,,,,,39,143,143,1,843.646623099994,,843.6321468999959,844.6460778999899,844.6460778999899,844.6460778999899,844.6460778999899,844.6460778999899,845.6459647000011,845.6299964999926,845.6299964999926,845.9637048000004,,,,,x,0,0.31733610000810586,None,Participant 4 ,001,2025-10-03_16h15.22.590,Motor Sequence Learning Bhumika Bajaj AU2320057,,2025.1.1,59.95027724006131,2025-10-03 16h15.37.786963 +0530,
50,c,144,144,33,x,0,0.6234595999994781,None,,,,,33,144,144,2,845.9797324999963,,845.9642318999977,846.9630298999982,846.9630298999982,846.9630298999982,846.9630298999982,846.9630298999982,847.9630283000006,847.9630283000006,847.9630283000006,848.5970586999902,,,,,x,0,0.6234595999994781,None,Participant 4 ,001,2025-10-03_16h15.22.590,Motor Sequence Learning Bhumika Bajaj AU2320057,,2025.1.1,59.95027724006131,2025-10-03 16h15.37.786963 +0530,
150,v,145,145,40,c,0,0.4115431999962311,None,,,,,40,145,145,1,848.6129241000017,,848.5975811999961,849.6131086999958,849.6131086999958,849.6131086999958,849.6131086999958,849.6131086999958,850.612810599996,850.5963880999916,850.5963880999916,851.013738499998,,,,,c,0,0.4115431999962311,None,Participant 4 ,001,2025-10-03_16h15.22.590,Motor Sequence Learning Bhumika Bajaj AU2320057,,2025.1.1,59.95027724006131,2025-10-03 16h15.37.786963 +0530,
-50,x,146,146,37,c,0,0.32999670000572223,None,,,,,37,146,146,0,851.0294929999945,,851.0142821999907,852.0272115999978,852.0272115999978,852.0272115999978,852.0272115999978,852.0272115999978,853.0297284999979,853.0297284999979,853.0297284999979,853.3642057999969,,,,,c,0,0.32999670000572223,None,Participant 4 ,001,2025-10-03_16h15.22.590,Motor Sequence Learning Bhumika Bajaj AU2320057,,2025.1.1,59.95027724006131,2025-10-03 16h15.37.786963 +0530,
-150,z,147,147,34,x,0,0.3875113000103738,None,,,,,34,147,147,3,853.3794619999971,,853.3647373999993,854.3809380000021,854.3809380000021,854.3809380000021,854.3809380000021,854.3809380000021,855.3798074999941,855.3798074999941,855.3798074999941,855.7795265999885,,,,,x,0,0.3875113000103738,None,Participant 4 ,001,2025-10-03_16h15.22.590,Motor Sequence Learning Bhumika Bajaj AU2320057,,2025.1.1,59.95027724006131,2025-10-03 16h15.37.786963 +0530,
-50,x,148,148,38,x,1,0.6616109000024153,None,,,,,38,148,148,0,855.7960515000013,,855.7800563999917,856.783382900001,856.783382900001,856.783382900001,856.783382900001,856.783382900001,857.779876799992,857.779876799992,857.779876799992,858.4466171999957,,,,,x,1,0.6616109000024153,None,Participant 4 ,001,2025-10-03_16h15.22.590,Motor Sequence Learning Bhumika Bajaj AU2320057,,2025.1.1,59.95027724006131,2025-10-03 16h15.37.786963 +0530,
50,c,149,149,34,c,1,0.8662287000042852,None,,,,,34,149,149,2,858.4627552999882,,858.4473434999964,859.445939799989,859.445939799989,859.445939799989,859.445939799989,859.445939799989,860.4465865999955,860.4465865999955,860.4465865999955,861.3219453999918,,,,,c,1,0.8662287000042852,None,Participant 4 ,001,2025-10-03_16h15.22.590,Motor Sequence Learning Bhumika Bajaj AU2320057,,2025.1.1,59.95027724006131,2025-10-03 16h15.37.786963 +0530,
50,c,150,150,35,c,1,0.7970118999946862,None,,,,,35,150,150,2,861.3372019999952,,861.3223332999914,862.3361384000018,862.3361384000018,862.3361384000018,862.3361384000018,862.3361384000018,863.3380204999994,863.3208049999957,863.3208049999957,864.1225677999901,,,,,c,1,0.7970118999946862,None,Participant 4 ,001,2025-10-03_16h15.22.590,Motor Sequence Learning Bhumika Bajaj AU2320057,,2025.1.1,59.95027724006131,2025-10-03 16h15.37.786963 +0530,
50,c,151,151,36,c,1,0.7490548999921884,None,,,,,36,151,151,2,864.1378332000022,,864.1231257999898,865.1376164999965,865.1376164999965,865.1376164999965,865.1376164999965,865.1376164999965,866.1388511999976,866.1388511999976,866.1388511999976,866.8900489999942,,,,,c,1,0.7490548999921884,None,Participant 4 ,001,2025-10-03_16h15.22.590,Motor Sequence Learning Bhumika Bajaj AU2320057,,2025.1.1,59.95027724006131,2025-10-03 16h15.37.786963 +0530,
-50,x,152,152,39,x,1,0.7228246000013314,None,,,,,39,152,152,0,866.9049431000021,,866.8906043999887,867.904500699995,867.904500699995,867.904500699995,867.904500699995,867.904500699995,868.9046831000014,868.9046831000014,868.9046831000014,869.6398493000015,,,,,x,1,0.7228246000013314,None,Participant 4 ,001,2025-10-03_16h15.22.590,Motor Sequence Learning Bhumika Bajaj AU2320057,,2025.1.1,59.95027724006131,2025-10-03 16h15.37.786963 +0530,
150,v,153,153,41,v,1,1.3452747000119416,None,,,,,41,153,153,1,869.6542572999897,,869.6403873999952,870.6548428999959,870.6548428999959,870.6548428999959,870.6548428999959,870.6548428999959,871.6543738999899,871.6543738999899,871.6543738999899,873.0053371999966,,,,,v,1,1.3452747000119416,None,Participant 4 ,001,2025-10-03_16h15.22.590,Motor Sequence Learning Bhumika Bajaj AU2320057,,2025.1.1,59.95027724006131,2025-10-03 16h15.37.786963 +0530,
50,c,154,154,37,c,1,0.3775508000107948,None,,,,,37,154,154,2,873.0216331999982,,873.0058577000018,874.0073524999898,874.0073524999898,874.0073524999898,874.0073524999898,874.0073524999898,875.0078249999933,875.0078249999933,875.0078249999933,875.3895621999982,,,,,c,1,0.3775508000107948,None,Participant 4 ,001,2025-10-03_16h15.22.590,Motor Sequence Learning Bhumika Bajaj AU2320057,,2025.1.1,59.95027724006131,2025-10-03 16h15.37.786963 +0530,
-150,z,155,155,35,c,0,0.27607750000606757,None,,,,,35,155,155,3,875.4046092999924,,875.3900971999974,876.404864199998,876.404864199998,876.404864199998,876.404864199998,876.404864199998,877.4042425999942,877.3876192999887,877.3876192999887,877.6716151,,,,,c,0,0.27607750000606757,None,Participant 4 ,001,2025-10-03_16h15.22.590,Motor Sequence Learning Bhumika Bajaj AU2320057,,2025.1.1,59.95027724006131,2025-10-03 16h15.37.786963 +0530,
150,v,156,156,42,x,0,0.13338250000379048,None,,,,,42,156,156,1,877.6880668999947,,877.6721950999927,878.6714822999929,878.6714822999929,878.6714822999929,878.6714822999929,878.6714822999929,879.6713136999897,879.6713136999897,879.6713136999897,879.8054329000006,,,,,x,0,0.13338250000379048,None,Participant 4 ,001,2025-10-03_16h15.22.590,Motor Sequence Learning Bhumika Bajaj AU2320057,,2025.1.1,59.95027724006131,2025-10-03 16h15.37.786963 +0530,
150,v,157,157,43,v,1,0.7102273000054993,None,,,,,43,157,157,1,879.8212654999952,,879.8059979999962,880.8076325000002,880.8076325000002,880.8076325000002,880.8076325000002,880.8076325000002,881.8213015999936,881.8047706999932,881.8047706999932,882.5221084999939,,,,,v,1,0.7102273000054993,None,Participant 4 ,001,2025-10-03_16h15.22.590,Motor Sequence Learning Bhumika Bajaj AU2320057,,2025.1.1,59.95027724006131,2025-10-03 16h15.37.786963 +0530,
-150,z,158,158,36,z,1,0.4549384999991162,None,,,,,36,158,158,3,882.5381561999966,,882.522635699992,883.5352381999983,883.5352381999983,883.5352381999983,883.5352381999983,883.5352381999983,884.5385545999889,884.5217900999996,884.5217900999996,884.9886043000006,,,,,z,1,0.4549384999991162,None,Participant 4 ,001,2025-10-03_16h15.22.590,Motor Sequence Learning Bhumika Bajaj AU2320057,,2025.1.1,59.95027724006131,2025-10-03 16h15.37.786963 +0530,
-50,x,159,159,40,x,1,0.5301280999992741,None,,,,,40,159,159,0,885.0051229999954,,884.9891454000026,885.9882911000022,885.9882911000022,885.9882911000022,885.9882911000022,885.9882911000022,886.988090400002,886.988090400002,886.988090400002,887.5218617999926,,,,,x,1,0.5301280999992741,None,Participant 4 ,001,2025-10-03_16h15.22.590,Motor Sequence Learning Bhumika Bajaj AU2320057,,2025.1.1,59.95027724006131,2025-10-03 16h15.37.786963 +0530,
-50,x,160,160,41,x,1,0.451728699990781,None,,,,,41,160,160,0,887.5377354999946,,887.5224107999966,888.5211806000007,888.5211806000007,888.5211806000007,888.5211806000007,888.5211806000007,889.5216580999986,889.537024499994,889.537024499994,890.004589499993,,,,,x,1,0.451728699990781,None,Participant 4 ,001,2025-10-03_16h15.22.590,Motor Sequence Learning Bhumika Bajaj AU2320057,,2025.1.1,59.95027724006131,2025-10-03 16h15.37.786963 +0530,
50,c,161,161,38,c,1,0.5414087000099244,None,,,,,38,161,161,2,890.0209785999905,,890.0051669999957,891.0198265999934,891.0198265999934,891.0198265999934,891.0198265999934,891.0198265999934,892.0208177000022,892.0047967999999,892.0047967999999,892.5556136999949,,,,,c,1,0.5414087000099244,None,Participant 4 ,001,2025-10-03_16h15.22.590,Motor Sequence Learning Bhumika Bajaj AU2320057,,2025.1.1,59.95027724006131,2025-10-03 16h15.37.786963 +0530,
-150,z,162,162,37,z,1,0.4416878999909386,None,,,,,37,162,162,3,892.5716279999906,,892.5561591000005,893.5714049999951,893.5714049999951,893.5714049999951,893.5714049999951,893.5714049999951,894.5715256999974,894.5715256999974,894.5715256999974,895.0214740999945,,,,,z,1,0.4416878999909386,None,Participant 4 ,001,2025-10-03_16h15.22.590,Motor Sequence Learning Bhumika Bajaj AU2320057,,2025.1.1,59.95027724006131,2025-10-03 16h15.37.786963 +0530,
-50,x,163,163,42,x,1,0.457762800011551,None,,,,,42,163,163,0,895.0377237999928,,895.0220283999952,896.0211587999947,896.0211587999947,896.0211587999947,896.0211587999947,896.0211587999947,897.0206002999912,897.0206002999912,897.0206002999912,897.492811499993,,,,,x,1,0.457762800011551,None,Participant 4 ,001,2025-10-03_16h15.22.590,Motor Sequence Learning Bhumika Bajaj AU2320057,,2025.1.1,59.95027724006131,2025-10-03 16h15.37.786963 +0530,
-150,z,164,164,38,z,1,0.9382056999893393,None,,,,,38,164,164,3,897.5074533000006,,897.4939279999962,898.5043703999982,898.5043703999982,898.5043703999982,898.5043703999982,898.5043703999982,899.5045762999944,899.5045762999944,899.5045762999944,900.4555177000002,,,,,z,1,0.9382056999893393,None,Participant 4 ,001,2025-10-03_16h15.22.590,Motor Sequence Learning Bhumika Bajaj AU2320057,,2025.1.1,59.95027724006131,2025-10-03 16h15.37.786963 +0530,
-150,z,165,165,39,z,1,0.5135729000030551,None,,,,,39,165,165,3,900.4711587999918,,900.4560641999997,901.4553357999976,901.4553357999976,901.4553357999976,901.4553357999976,901.4553357999976,902.471068400002,902.471068400002,902.471068400002,902.9884468999953,,,,,z,1,0.5135729000030551,None,Participant 4 ,001,2025-10-03_16h15.22.590,Motor Sequence Learning Bhumika Bajaj AU2320057,,2025.1.1,59.95027724006131,2025-10-03 16h15.37.786963 +0530,
50,c,166,166,39,c,1,0.49883260000206064,None,,,,,39,166,166,2,903.0048068999895,,902.988993299994,903.9875914000004,903.9875914000004,903.9875914000004,903.9875914000004,903.9875914000004,904.9872667000018,905.0043487999937,905.0043487999937,905.5098404000018,,,,,c,1,0.49883260000206064,None,Participant 4 ,001,2025-10-03_16h15.22.590,Motor Sequence Learning Bhumika Bajaj AU2320057,,2025.1.1,59.95027724006131,2025-10-03 16h15.37.786963 +0530,
-150,z,167,167,40,z,1,0.5692068999924231,None,,,,,40,167,167,3,905.5246963999962,,905.510961299995,906.5236634999892,906.5236634999892,906.5236634999892,906.5236634999892,906.5236634999892,907.537479999999,907.5215544999955,907.5215544999955,908.1048812999943,,,,,z,1,0.5692068999924231,None,Participant 4 ,001,2025-10-03_16h15.22.590,Motor Sequence Learning Bhumika Bajaj AU2320057,,2025.1.1,59.95027724006131,2025-10-03 16h15.37.786963 +0530,
50,c,168,168,40,c,1,0.5611312000110047,None,,,,,40,168,168,2,908.1214352999959,,908.1054030999949,909.1046512999892,909.1046512999892,909.1046512999892,909.1046512999892,909.1046512999892,910.104662400001,910.104662400001,910.104662400001,910.6712565999915,,,,,c,1,0.5611312000110047,None,Participant 4 ,001,2025-10-03_16h15.22.590,Motor Sequence Learning Bhumika Bajaj AU2320057,,2025.1.1,59.95027724006131,2025-10-03 16h15.37.786963 +0530,
-50,x,169,169,43,x,1,0.744970599989756,None,,,,,43,169,169,0,910.6878020000004,,910.6717897999915,911.674076700001,911.674076700001,911.674076700001,911.674076700001,911.674076700001,912.687823100001,912.6706546999922,912.6706546999922,913.4215484000015,,,,,x,1,0.744970599989756,None,Participant 4 ,001,2025-10-03_16h15.22.590,Motor Sequence Learning Bhumika Bajaj AU2320057,,2025.1.1,59.95027724006131,2025-10-03 16h15.37.786963 +0530,
-50,x,170,170,44,x,1,0.6126273999980185,None,,,,,44,170,170,0,913.4374685999937,,913.4220616999955,914.4208096999937,914.4208096999937,914.4208096999937,914.4208096999937,914.4208096999937,915.4207888999954,915.4207888999954,915.4207888999954,916.0385220999888,,,,,x,1,0.6126273999980185,None,Participant 4 ,001,2025-10-03_16h15.22.590,Motor Sequence Learning Bhumika Bajaj AU2320057,,2025.1.1,59.95027724006131,2025-10-03 16h15.37.786963 +0530,
150,v,171,171,44,v,1,0.6836215999937849,None,,,,,44,171,171,1,916.0548222999932,,916.0390628999885,917.0544071999902,917.0544071999902,917.0544071999902,917.0544071999902,917.0544071999902,918.0540330999938,918.0540330999938,918.0540330999938,918.7386773999897,,,,,v,1,0.6836215999937849,None,Participant 4 ,001,2025-10-03_16h15.22.590,Motor Sequence Learning Bhumika Bajaj AU2320057,,2025.1.1,59.95027724006131,2025-10-03 16h15.37.786963 +0530,
150,v,172,172,45,v,1,0.5560477999970317,None,,,,,45,172,172,1,918.7537439000007,,918.7392346999986,919.7539148999931,919.7539148999931,919.7539148999931,919.7539148999931,919.7539148999931,920.7520149999909,920.7520149999909,920.7520149999909,921.3209731999959,,,,,v,1,0.5560477999970317,None,Participant 4 ,001,2025-10-03_16h15.22.590,Motor Sequence Learning Bhumika Bajaj AU2320057,,2025.1.1,59.95027724006131,2025-10-03 16h15.37.786963 +0530,
-150,z,173,173,41,v,0,0.7950051000079839,None,,,,,41,173,173,3,921.3375371000002,,921.321523199993,922.3348684999946,922.3348684999946,922.3348684999946,922.3348684999946,922.3348684999946,923.3369441999967,923.3207900999987,923.3207900999987,924.1211623999989,,,,,v,0,0.7950051000079839,None,Participant 4 ,001,2025-10-03_16h15.22.590,Motor Sequence Learning Bhumika Bajaj AU2320057,,2025.1.1,59.95027724006131,2025-10-03 16h15.37.786963 +0530,
150,v,174,174,46,z,0,0.38132700001006015,None,,,,,46,174,174,1,924.1371013999888,,924.121691399996,925.1209578999988,925.1209578999988,925.1209578999988,925.1209578999988,925.1209578999988,926.1204660999938,926.1204660999938,926.1204660999938,926.505496999991,,,,,z,0,0.38132700001006015,None,Participant 4 ,001,2025-10-03_16h15.22.590,Motor Sequence Learning Bhumika Bajaj AU2320057,,2025.1.1,59.95027724006131,2025-10-03 16h15.37.786963 +0530,
50,c,175,175,41,c,1,0.8610874000005424,None,,,,,41,175,175,2,926.5204800999927,,926.5060486000002,927.5184829999926,927.5184829999926,927.5184829999926,927.5184829999926,927.5184829999926,928.5211082000023,928.5211082000023,928.5211082000023,929.3878336999915,,,,,c,1,0.8610874000005424,None,Participant 4 ,001,2025-10-03_16h15.22.590,Motor Sequence Learning Bhumika Bajaj AU2320057,,2025.1.1,59.95027724006131,2025-10-03 16h15.37.786963 +0530,
150,v,176,176,47,v,1,0.9128158000094118,None,,,,,47,176,176,1,929.4044808999897,,929.3883487999992,930.3886930000008,930.3886930000008,930.3886930000008,930.3886930000008,930.3886930000008,931.4030869999988,931.3879606999981,931.3879606999981,932.3047360999917,,,,,v,1,0.9128158000094118,None,Participant 4 ,001,2025-10-03_16h15.22.590,Motor Sequence Learning Bhumika Bajaj AU2320057,,2025.1.1,59.95027724006131,2025-10-03 16h15.37.786963 +0530,
-50,x,177,177,45,x,1,0.7068276000063634,None,,,,,45,177,177,0,932.3201380999963,,932.305250999998,933.3036150999978,933.3036150999978,933.3036150999978,933.3036150999978,933.3036150999978,934.3042742999969,934.3042742999969,934.3042742999969,935.0213909000013,,,,,x,1,0.7068276000063634,None,Participant 4 ,001,2025-10-03_16h15.22.590,Motor Sequence Learning Bhumika Bajaj AU2320057,,2025.1.1,59.95027724006131,2025-10-03 16h15.37.786963 +0530,
-150,z,178,178,42,z,1,0.5864663000102155,None,,,,,42,178,178,3,935.0374601999938,,935.0220233,936.0201147999906,936.0201147999906,936.0201147999906,936.0201147999906,936.0201147999906,937.0204414999898,937.0204414999898,937.0204414999898,937.6208148000005,,,,,z,1,0.5864663000102155,None,Participant 4 ,001,2025-10-03_16h15.22.590,Motor Sequence Learning Bhumika Bajaj AU2320057,,2025.1.1,59.95027724006131,2025-10-03 16h15.37.786963 +0530,
-150,z,179,179,43,z,1,0.5781556000001729,None,,,,,43,179,179,3,937.6369186999946,,937.6213660999929,938.6204817999969,938.6204817999969,938.6204817999969,938.6204817999969,938.6204817999969,939.6238329999906,939.6238329999906,939.6238329999906,940.205200700002,,,,,z,1,0.5781556000001729,None,Participant 4 ,001,2025-10-03_16h15.22.590,Motor Sequence Learning Bhumika Bajaj AU2320057,,2025.1.1,59.95027724006131,2025-10-03 16h15.37.786963 +0530,
-150,z,180,180,44,x,0,0.41497610000078566,None,,,,,44,180,180,3,940.220808500002,,940.2058263999934,941.2040153999988,941.2040153999988,941.2040153999988,941.2040153999988,941.2040153999988,942.2044460999896,942.2044460999896,942.2044460999896,942.6359636999987,,,,,x,0,0.41497610000078566,None,Participant 4 ,001,2025-10-03_16h15.22.590,Motor Sequence Learning Bhumika Bajaj AU2320057,,2025.1.1,59.95027724006131,2025-10-03 16h15.37.786963 +0530,
-50,x,181,181,46,z,0,0.2841729999927338,None,,,,,46,181,181,0,942.6522723999951,,942.636543200002,943.6371073999908,943.6371073999908,943.6371073999908,943.6371073999908,943.6371073999908,944.6377629999915,944.6377629999915,944.6377629999915,944.9380268999957,,,,,z,0,0.2841729999927338,None,Participant 4 ,001,2025-10-03_16h15.22.590,Motor Sequence Learning Bhumika Bajaj AU2320057,,2025.1.1,59.95027724006131,2025-10-03 16h15.37.786963 +0530,
50,c,182,182,42,z,0,0.7562143999966793,None,,,,,42,182,182,2,944.9545069000014,,944.9385401999898,945.9375068999943,945.9375068999943,945.9375068999943,945.9375068999943,945.9375068999943,946.9378778999962,946.9542868999997,946.9542868999997,947.7193781999958,,,,,z,0,0.7562143999966793,None,Participant 4 ,001,2025-10-03_16h15.22.590,Motor Sequence Learning Bhumika Bajaj AU2320057,,2025.1.1,59.95027724006131,2025-10-03 16h15.37.786963 +0530,
50,c,183,183,43,z,0,0.9054109999997308,None,,,,,43,183,183,2,947.7351532999892,,947.7199174999987,948.7227647999971,948.7227647999971,948.7227647999971,948.7227647999971,948.7227647999971,949.737587399999,949.7201806999947,949.7201806999947,950.6380623000005,,,,,z,0,0.9054109999997308,None,Participant 4 ,001,2025-10-03_16h15.22.590,Motor Sequence Learning Bhumika Bajaj AU2320057,,2025.1.1,59.95027724006131,2025-10-03 16h15.37.786963 +0530,
50,c,184,184,44,z,0,0.42853560000366997,None,,,,,44,184,184,2,950.6537551999936,,950.6385990999988,951.653536999991,951.653536999991,951.653536999991,951.653536999991,951.653536999991,952.653453299994,952.653453299994,952.653453299994,953.0880140999943,,,,,z,0,0.42853560000366997,None,Participant 4 ,001,2025-10-03_16h15.22.590,Motor Sequence Learning Bhumika Bajaj AU2320057,,2025.1.1,59.95027724006131,2025-10-03 16h15.37.786963 +0530,
150,v,185,185,48,z,0,0.35225539999373723,None,,,,,48,185,185,1,953.1039996999898,,953.0885277999914,954.0869676000002,954.0869676000002,954.0869676000002,954.0869676000002,954.0869676000002,955.0872432999895,955.0872432999895,955.0872432999895,955.441521899993,,,,,z,0,0.35225539999373723,None,Participant 4 ,001,2025-10-03_16h15.22.590,Motor Sequence Learning Bhumika Bajaj AU2320057,,2025.1.1,59.95027724006131,2025-10-03 16h15.37.786963 +0530,
-50,x,186,186,47,z,0,0.2867382999975234,None,,,,,47,186,186,0,955.4555497999972,,955.4423194999981,956.4546249999985,956.4546249999985,956.4546249999985,956.4546249999985,956.4546249999985,957.4531508999935,957.4531508999935,957.4531508999935,957.7524111999955,,,,,z,0,0.2867382999975234,None,Participant 4 ,001,2025-10-03_16h15.22.590,Motor Sequence Learning Bhumika Bajaj AU2320057,,2025.1.1,59.95027724006131,2025-10-03 16h15.37.786963 +0530,
-50,x,187,187,48,z,0,1.0099229000043124,None,,,,,48,187,187,0,957.7687607999978,,957.7529379999905,958.7538323999906,958.7538323999906,958.7538323999906,958.7538323999906,958.7538323999906,959.7554566999897,959.7554566999897,959.7554566999897,960.7711238999909,,,,,z,0,1.0099229000043124,None,Participant 4 ,001,2025-10-03_16h15.22.590,Motor Sequence Learning Bhumika Bajaj AU2320057,,2025.1.1,59.95027724006131,2025-10-03 16h15.37.786963 +0530,
-150,z,188,188,45,x,0,0.4040940999984741,None,,,,,45,188,188,3,960.7867188999953,,960.7716719000018,961.7854217999993,961.7854217999993,961.7854217999993,961.7854217999993,961.7854217999993,962.7858140000026,962.7699055999983,962.7699055999983,963.1872670000012,,,,,x,0,0.4040940999984741,None,Participant 4 ,001,2025-10-03_16h15.22.590,Motor Sequence Learning Bhumika Bajaj AU2320057,,2025.1.1,59.95027724006131,2025-10-03 16h15.37.786963 +0530,
-50,x,189,189,49,c,0,0.33538090001093224,None,,,,,49,189,189,0,963.203708999994,,963.1877783999953,964.2047210000019,964.2047210000019,964.2047210000019,964.2047210000019,964.2047210000019,965.206483899994,965.190543699995,965.190543699995,965.5418878999917,,,,,c,0,0.33538090001093224,None,Participant 4 ,001,2025-10-03_16h15.22.590,Motor Sequence Learning Bhumika Bajaj AU2320057,,2025.1.1,59.95027724006131,2025-10-03 16h15.37.786963 +0530,
50,c,190,190,45,c,1,0.18068220000714064,None,,,,,45,190,190,2,965.5558852999966,,965.5424039999925,966.5572391999885,966.5572391999885,966.5572391999885,966.5572391999885,966.5572391999885,967.5702778999985,967.5530893999967,967.5530893999967,967.7376108999888,,,,,c,1,0.18068220000714064,None,Participant 4 ,001,2025-10-03_16h15.22.590,Motor Sequence Learning Bhumika Bajaj AU2320057,,2025.1.1,59.95027724006131,2025-10-03 16h15.37.786963 +0530,
50,c,191,191,46,c,1,0.3151484999980312,None,,,,,46,191,191,2,967.7543707000004,,967.7381499999901,968.7364849000005,968.7364849000005,968.7364849000005,968.7364849000005,968.7364849000005,969.7383704999957,969.7546111999982,969.7546111999982,970.0751297999959,,,,,c,1,0.3151484999980312,None,Participant 4 ,001,2025-10-03_16h15.22.590,Motor Sequence Learning Bhumika Bajaj AU2320057,,2025.1.1,59.95027724006131,2025-10-03 16h15.37.786963 +0530,
50,c,192,192,47,c,1,0.3742152999911923,None,,,,,47,192,192,2,970.0907401000004,,970.0763398999989,971.0894829000026,971.0894829000026,971.0894829000026,971.0894829000026,971.0894829000026,972.1048595999891,972.0897843999992,972.0897843999992,972.470876899999,,,,,c,1,0.3742152999911923,None,Participant 4 ,001,2025-10-03_16h15.22.590,Motor Sequence Learning Bhumika Bajaj AU2320057,,2025.1.1,59.95027724006131,2025-10-03 16h15.37.786963 +0530,
-150,z,193,193,46,c,0,0.6743506000057096,None,,,,,46,193,193,3,972.4869485999952,,972.4714889000024,973.4707779000018,973.4707779000018,973.4707779000018,973.4707779000018,973.4707779000018,974.4708462999988,974.4708462999988,974.4708462999988,975.1542595999927,,,,,c,0,0.6743506000057096,None,Participant 4 ,001,2025-10-03_16h15.22.590,Motor Sequence Learning Bhumika Bajaj AU2320057,,2025.1.1,59.95027724006131,2025-10-03 16h15.37.786963 +0530,
50,c,194,194,48,c,1,0.5322367999906419,None,,,,,48,194,194,2,975.1710255999933,,975.1550327000004,976.1532181999937,976.1532181999937,976.1532181999937,976.1532181999937,976.1532181999937,977.1533925999975,977.170117799993,977.170117799993,977.7049891999923,,,,,c,1,0.5322367999906419,None,Participant 4 ,001,2025-10-03_16h15.22.590,Motor Sequence Learning Bhumika Bajaj AU2320057,,2025.1.1,59.95027724006131,2025-10-03 16h15.37.786963 +0530,
-150,z,195,195,47,c,0,0.22966579999774694,None,,,,,47,195,195,3,977.7199592999968,,977.7055306999973,978.720482699995,978.720482699995,978.720482699995,978.720482699995,978.720482699995,979.7198356000008,979.7198356000008,979.7198356000008,979.9541054000001,,,,,c,0,0.22966579999774694,None,Participant 4 ,001,2025-10-03_16h15.22.590,Motor Sequence Learning Bhumika Bajaj AU2320057,,2025.1.1,59.95027724006131,2025-10-03 16h15.37.786963 +0530,
-150,z,196,196,48,c,0,0.4220768999948632,None,,,,,48,196,196,3,979.9697925999935,,979.9546482000005,980.9705071999924,980.9705071999924,980.9705071999924,980.9705071999924,980.9705071999924,981.9667349999945,981.9541653999913,981.9541653999913,982.3846115999913,,,,,c,0,0.4220768999948632,None,Participant 4 ,001,2025-10-03_16h15.22.590,Motor Sequence Learning Bhumika Bajaj AU2320057,,2025.1.1,59.95027724006131,2025-10-03 16h15.37.786963 +0530,
150,v,197,197,49,c,0,0.2630503999971552,None,,,,,49,197,197,1,982.3930942000006,,982.3852843999921,983.3867600999947,983.3867600999947,983.3867600999947,983.3867600999947,983.3867600999947,984.3870064999937,984.3870064999937,984.3870064999937,984.6548309999926,,,,,c,0,0.2630503999971552,None,Participant 4 ,001,2025-10-03_16h15.22.590,Motor Sequence Learning Bhumika Bajaj AU2320057,,2025.1.1,59.95027724006131,2025-10-03 16h15.37.786963 +0530,
50,c,198,198,49,c,1,0.04842399999324698,None,,,,,49,198,198,2,984.6702821999934,,984.6553466999903,985.6702337000024,985.6702337000024,985.6702337000024,985.6702337000024,985.6702337000024,986.67071939999,986.67071939999,986.67071939999,986.7219146999996,,,,,c,1,0.04842399999324698,None,Participant 4 ,001,2025-10-03_16h15.22.590,Motor Sequence Learning Bhumika Bajaj AU2320057,,2025.1.1,59.95027724006131,2025-10-03 16h15.37.786963 +0530,
-150,z,199,199,49,c,0,0.32087169999431353,None,,,,,49,199,199,3,986.7366381999891,,986.7224393999932,987.7241533999913,987.7241533999913,987.7241533999913,987.7241533999913,987.7241533999913,988.7401535999961,988.7401535999961,988.7401535999961,989.0713912999927,,,,,c,0,0.32087169999431353,None,Participant 4 ,001,2025-10-03_16h15.22.590,Motor Sequence Learning Bhumika Bajaj AU2320057,,2025.1.1,59.95027724006131,2025-10-03 16h15.37.786963 +0530,
